timestamp,open,high,low,close,volume
2024-08-01 08:00:00,111.1,111.2,111.0,111.2,4087.0
2024-08-01 08:02:00,111.15,111.15,110.2,110.2,2224.0
2024-08-01 08:06:00,110.0,110.0,109.82,109.82,2704.0
2024-08-01 08:08:00,109.6,109.6,109.54,109.54,1106.0
2024-08-01 08:10:00,109.04,109.14,109.0,109.0,4600.0
2024-08-01 08:12:00,108.83,108.83,108.62,108.62,1967.0
2024-08-01 08:14:00,109.37,109.5,109.37,109.5,2955.0
2024-08-01 08:18:00,109.78,109.78,109.55,109.55,650.0
2024-08-01 08:20:00,109.05,109.05,109.0,109.0,1226.0
2024-08-01 08:22:00,109.05,109.21,109.05,109.05,875.0
2024-08-01 08:24:00,109.22,109.23,109.22,109.23,618.0
2024-08-01 08:30:00,109.51,109.51,109.51,109.51,489.0
2024-08-01 08:32:00,109.51,109.51,109.51,109.51,544.0
2024-08-01 08:34:00,109.55,109.56,109.55,109.56,564.0
2024-08-01 08:42:00,109.1,109.1,109.09,109.1,1216.0
2024-08-01 08:52:00,109.3,109.3,109.3,109.3,347.0
2024-08-01 09:04:00,109.36,109.41,109.36,109.41,1864.0
2024-08-01 09:20:00,109.66,109.66,109.66,109.66,387.0
2024-08-01 09:22:00,109.66,109.66,109.66,109.66,620.0
2024-08-01 09:24:00,109.66,109.66,109.66,109.66,101.0
2024-08-01 09:36:00,109.81,109.92,109.81,109.92,1043.0
2024-08-01 09:38:00,110.04,110.04,110.04,110.04,338.0
2024-08-01 09:46:00,109.95,109.95,109.95,109.95,344.0
2024-08-01 09:48:00,110.0,110.0,110.0,110.0,753.0
2024-08-01 09:56:00,109.83,109.83,109.83,109.83,863.0
2024-08-01 09:58:00,109.85,109.85,109.85,109.85,178.0
2024-08-01 10:06:00,109.85,109.85,109.85,109.85,370.0
2024-08-01 10:10:00,110.04,110.04,110.04,110.04,3163.0
2024-08-01 10:12:00,110.06,110.06,110.04,110.04,2108.0
2024-08-01 10:14:00,110.04,110.06,110.04,110.06,9717.0
2024-08-01 10:16:00,110.07,110.07,110.07,110.07,954.0
2024-08-01 10:18:00,110.06,110.06,110.05,110.05,550.0
2024-08-01 10:20:00,110.08,110.08,110.06,110.06,1515.0
2024-08-01 10:24:00,110.04,110.04,110.04,110.04,620.0
2024-08-01 10:32:00,110.06,110.15,110.06,110.15,518.0
2024-08-01 10:34:00,110.04,110.04,110.04,110.04,1668.0
2024-08-01 10:36:00,110.04,110.04,110.0,110.0,4535.0
2024-08-01 10:38:00,109.98,109.98,109.98,109.98,664.0
2024-08-01 10:44:00,109.98,110.07,109.98,110.07,1011.0
2024-08-01 10:50:00,110.18,110.2,110.18,110.2,915.0
2024-08-01 10:52:00,109.9,109.9,109.9,109.9,608.0
2024-08-01 11:00:00,110.25,110.26,110.25,110.26,912.0
2024-08-01 11:02:00,110.23,110.31,110.23,110.31,2038.0
2024-08-01 11:04:00,110.6,110.6,110.53,110.55,1943.0
2024-08-01 11:14:00,110.56,110.67,110.56,110.59,2909.0
2024-08-01 11:18:00,110.68,110.68,110.68,110.68,545.0
2024-08-01 11:20:00,110.63,110.63,110.61,110.61,1058.0
2024-08-01 11:30:00,110.6,110.6,110.6,110.6,1711.0
2024-08-01 11:44:00,110.58,110.58,110.58,110.58,1248.0
2024-08-01 11:46:00,110.42,110.42,110.36,110.36,1130.0
2024-08-01 11:48:00,110.36,110.36,110.26,110.26,1590.0
2024-08-01 11:50:00,110.3,110.3,110.0,110.0,6220.0
2024-08-01 11:52:00,109.96,110.0,109.96,110.0,1188.0
2024-08-01 11:54:00,110.02,110.02,110.0,110.0,1461.0
2024-08-01 11:56:00,109.8,109.83,109.8,109.8,4904.0
2024-08-01 11:58:00,109.9,109.91,109.9,109.91,3886.0
2024-08-01 12:00:00,110.26,111.6,109.82,111.55,35851.0
2024-08-01 12:02:00,111.4,112.11,111.4,111.66,9015.0
2024-08-01 12:04:00,111.49,111.49,110.1,110.1,1125.0
2024-08-01 12:06:00,110.1,110.28,110.1,110.28,3343.0
2024-08-01 12:08:00,110.27,110.3,110.27,110.3,2228.0
2024-08-01 12:10:00,110.3,110.34,110.3,110.34,1366.0
2024-08-01 12:12:00,110.3,110.4225,110.3,110.4,3615.0
2024-08-01 12:14:00,110.4499,110.4499,110.3,110.3,1818.0
2024-08-01 12:16:00,110.3,110.45,110.3,110.45,1835.0
2024-08-01 12:18:00,110.34,110.34,110.34,110.34,608.0
2024-08-01 12:22:00,110.45,110.57,110.45,110.57,2300.0
2024-08-01 12:24:00,110.5,110.5,110.5,110.5,210.0
2024-08-01 12:26:00,110.5,110.5,110.5,110.5,2926.0
2024-08-01 12:28:00,110.65,110.68,110.65,110.68,982.0
2024-08-01 12:30:00,110.5,110.773,110.381,110.773,5722.0
2024-08-01 12:34:00,110.5,110.8473,110.5,110.52,3634.0
2024-08-01 12:36:00,110.53,110.6,110.25,110.25,8769.0
2024-08-01 12:38:00,110.45,110.6,110.35,110.6,8906.0
2024-08-01 12:40:00,110.72,110.72,110.25,110.25,6657.0
2024-08-01 12:42:00,110.2028,110.2028,110.1,110.2,5002.0
2024-08-01 12:44:00,110.19,110.2,110.19,110.2,1202.0
2024-08-01 12:46:00,110.35,110.5,110.35,110.5,521.0
2024-08-01 12:50:00,110.37,110.37,110.37,110.37,177.0
2024-08-01 12:52:00,110.27,110.3,110.23,110.23,5442.0
2024-08-01 12:54:00,110.15,110.15,110.02,110.02,2519.0
2024-08-01 12:56:00,110.0,110.1097,109.7408,110.07,9899.0
2024-08-01 12:58:00,110.0408,110.17,109.98,110.11,23976.0
2024-08-01 13:00:00,110.25,110.25,110.25,110.25,1481.0
2024-08-01 13:02:00,110.12,110.25,110.12,110.15,1442.0
2024-08-01 13:04:00,110.244,110.244,109.99,110.0,664.0
2024-08-01 13:06:00,110.02,110.02,109.5,109.5,6778.0
2024-08-01 13:08:00,109.45,109.53,109.03,109.2,4085.0
2024-08-01 13:10:00,109.2157,109.342,109.2157,109.342,955.0
2024-08-01 13:12:00,109.34,109.59,109.34,109.4,11032.0
2024-08-01 13:14:00,109.3,109.3,109.2,109.2,1294.0
2024-08-01 13:16:00,109.2,109.35,109.0,109.0,11736.0
2024-08-01 13:18:00,108.9164,109.15,108.8972,109.0,4580.0
2024-08-01 13:20:00,109.05,109.2,108.9115,109.2,4088.0
2024-08-01 13:22:00,109.4,109.4898,109.0,109.1,3903.0
2024-08-01 13:24:00,109.1,109.1,108.83,108.93,3739.0
2024-08-01 13:26:00,109.0,109.0,107.85,107.87,14457.0
2024-08-01 13:28:00,107.55,107.6,107.03,107.6,30554.0
2024-08-01 13:30:00,107.18,107.76,106.66,107.74,630892.0
2024-08-01 13:32:00,107.73,107.74,106.97,107.01,250553.0
2024-08-01 13:34:00,107.045,107.5,106.865,107.455,286745.0
2024-08-01 13:36:00,107.455,107.455,106.67,106.71,282364.0
2024-08-01 13:38:00,106.72,107.225,106.69,106.96,294059.0
2024-08-01 13:40:00,106.98,107.34,106.9,107.2024,283319.0
2024-08-01 13:42:00,107.18,107.41,106.99,107.31,224562.0
2024-08-01 13:44:00,107.285,107.49,107.0,107.3641,239300.0
2024-08-01 13:46:00,107.37,107.445,107.0,107.215,161520.0
2024-08-01 13:48:00,107.2,107.67,107.0,107.18,189252.0
2024-08-01 13:50:00,107.18,107.37,106.8865,107.165,120659.0
2024-08-01 13:52:00,107.155,107.65,107.01,107.62,93124.0
2024-08-01 13:54:00,107.6059,107.6558,107.1,107.475,68211.0
2024-08-01 13:56:00,107.49,107.86,107.44,107.4894,114861.0
2024-08-01 13:58:00,107.54,107.54,107.13,107.33,125495.0
2024-08-01 14:00:00,107.28,107.4,106.51,106.69,263573.0
2024-08-01 14:02:00,106.67,107.13,106.4,106.4499,143032.0
2024-08-01 14:04:00,106.44,106.44,105.68,105.71,213925.0
2024-08-01 14:06:00,105.735,105.8651,105.4,105.7889,197126.0
2024-08-01 14:08:00,105.765,106.46,105.765,106.35,151388.0
2024-08-01 14:10:00,106.35,106.6999,106.32,106.57,276886.0
2024-08-01 14:12:00,106.57,106.9,106.5604,106.6701,135288.0
2024-08-01 14:14:00,106.7,106.82,106.5,106.78,152960.0
2024-08-01 14:16:00,106.77,107.0699,106.7,106.94,124493.0
2024-08-01 14:18:00,106.935,106.98,106.401,106.44,97903.0
2024-08-01 14:20:00,106.47,106.5999,105.88,106.0101,113863.0
2024-08-01 14:22:00,106.03,106.04,105.53,105.7756,107815.0
2024-08-01 14:24:00,105.77,106.13,105.765,105.89,140176.0
2024-08-01 14:26:00,105.89,105.9,105.62,105.67,131585.0
2024-08-01 14:28:00,105.68,105.7118,104.97,104.97,239012.0
2024-08-01 14:30:00,104.98,105.24,104.44,104.485,502799.0
2024-08-01 14:32:00,104.4975,104.88,104.4,104.84,217312.0
2024-08-01 14:34:00,104.85,105.22,104.5451,104.57,149685.0
2024-08-01 14:36:00,104.575,104.96,104.52,104.78,97019.0
2024-08-01 14:38:00,104.77,105.0,104.5703,105.0,155281.0
2024-08-01 14:40:00,105.0,105.02,104.79,104.81,85113.0
2024-08-01 14:42:00,104.81,104.88,104.41,104.51,76676.0
2024-08-01 14:44:00,104.52,104.6199,104.0401,104.235,162217.0
2024-08-01 14:46:00,104.24,104.27,103.83,104.02,148502.0
2024-08-01 14:48:00,104.03,104.06,103.59,103.64,133972.0
2024-08-01 14:50:00,103.69,104.23,103.69,104.01,180333.0
2024-08-01 14:52:00,104.01,104.18,103.92,103.92,92077.0
2024-08-01 14:54:00,103.93,104.0,103.76,104.0,82814.0
2024-08-01 14:56:00,104.0,104.13,103.86,103.905,105598.0
2024-08-01 14:58:00,103.89,103.93,103.7,103.86,119439.0
2024-08-01 15:00:00,103.86,103.95,103.45,103.6175,125668.0
2024-08-01 15:02:00,103.6407,103.6501,103.27,103.36,95268.0
2024-08-01 15:04:00,103.36,103.42,103.1,103.15,96715.0
2024-08-01 15:06:00,103.1266,103.34,103.12,103.23,109956.0
2024-08-01 15:08:00,103.23,103.45,103.125,103.285,212357.0
2024-08-01 15:10:00,103.28,103.65,103.26,103.61,183792.0
2024-08-01 15:12:00,103.6,103.765,103.52,103.62,99204.0
2024-08-01 15:14:00,103.6209,103.74,103.47,103.4799,80546.0
2024-08-01 15:16:00,103.4663,103.94,103.4,103.9,116167.0
2024-08-01 15:18:00,103.89,104.0,103.63,103.86,218656.0
2024-08-01 15:20:00,103.87,103.92,103.5701,103.65,156420.0
2024-08-01 15:22:00,103.645,103.66,103.24,103.24,156290.0
2024-08-01 15:24:00,103.24,103.59,103.23,103.55,88415.0
2024-08-01 15:26:00,103.56,103.79,103.56,103.62,76833.0
2024-08-01 15:28:00,103.615,103.615,103.37,103.43,48686.0
2024-08-01 15:30:00,103.45,103.49,103.22,103.42,53180.0
2024-08-01 15:32:00,103.39,103.67,103.35,103.36,66321.0
2024-08-01 15:34:00,103.38,103.57,103.14,103.5,144854.0
2024-08-01 15:36:00,103.51,103.51,103.175,103.21,72429.0
2024-08-01 15:38:00,103.21,103.23,102.99,103.13,124789.0
2024-08-01 15:40:00,103.0908,103.11,102.73,102.8991,99360.0
2024-08-01 15:42:00,102.875,102.88,102.57,102.88,120799.0
2024-08-01 15:44:00,102.88,103.0,102.62,102.71,71996.0
2024-08-01 15:46:00,102.74,102.82,102.69,102.69,52575.0
2024-08-01 15:48:00,102.69,102.72,102.43,102.6921,100564.0
2024-08-01 15:50:00,102.66,102.8,102.55,102.765,102250.0
2024-08-01 15:52:00,102.741,103.0,102.7101,102.92,98994.0
2024-08-01 15:54:00,102.93,102.98,102.76,102.84,89266.0
2024-08-01 15:56:00,102.835,102.9,102.65,102.725,58064.0
2024-08-01 15:58:00,102.755,102.81,102.27,102.29,155369.0
2024-08-01 16:00:00,102.3,102.585,102.22,102.4203,82376.0
2024-08-01 16:02:00,102.44,102.85,102.2705,102.85,91739.0
2024-08-01 16:04:00,102.8,102.8615,102.61,102.625,66356.0
2024-08-01 16:06:00,102.615,103.0899,102.61,103.0,59206.0
2024-08-01 16:08:00,102.99,103.03,102.76,102.95,76133.0
2024-08-01 16:10:00,102.93,102.97,102.67,102.77,58850.0
2024-08-01 16:12:00,102.77,103.04,102.7514,102.879,90229.0
2024-08-01 16:14:00,102.88,103.14,102.84,103.14,53641.0
2024-08-01 16:16:00,103.13,103.24,103.01,103.0771,75419.0
2024-08-01 16:18:00,103.02,103.17,102.79,102.82,83083.0
2024-08-01 16:20:00,102.84,102.905,102.73,102.78,47992.0
2024-08-01 16:22:00,102.76,102.76,102.44,102.445,58618.0
2024-08-01 16:24:00,102.47,102.485,102.368,102.43,63744.0
2024-08-01 16:26:00,102.435,102.5,102.22,102.3,78956.0
2024-08-01 16:28:00,102.31,102.33,102.19,102.22,129393.0
2024-08-01 16:30:00,102.23,102.232,101.9,101.955,197196.0
2024-08-01 16:32:00,101.95,102.0,101.8302,101.9,76457.0
2024-08-01 16:34:00,101.872,101.885,101.6805,101.71,83657.0
2024-08-01 16:36:00,101.7,101.99,101.69,101.69,135751.0
2024-08-01 16:38:00,101.69,101.96,101.686,101.686,971140.0
2024-08-01 16:40:00,101.68,101.89,101.61,101.635,64442.0
2024-08-01 16:42:00,101.62,101.71,101.51,101.66,106451.0
2024-08-01 16:44:00,101.65,101.97,101.65,101.935,104744.0
2024-08-01 16:46:00,101.94,102.1,101.85,102.02,59130.0
2024-08-01 16:48:00,102.04,102.1285,101.96,102.085,41077.0
2024-08-01 16:50:00,102.06,102.06,101.7986,101.85,38131.0
2024-08-01 16:52:00,101.87,101.895,101.66,101.84,54666.0
2024-08-01 16:54:00,101.82,101.98,101.7004,101.82,37350.0
2024-08-01 16:56:00,101.86,101.91,101.76,101.83,37651.0
2024-08-01 16:58:00,101.805,101.81,101.66,101.71,38328.0
2024-08-01 17:00:00,101.71,101.71,101.455,101.545,228318.0
2024-08-01 17:02:00,101.495,101.5,101.33,101.44,88408.0
2024-08-01 17:04:00,101.435,101.78,101.435,101.6187,54530.0
2024-08-01 17:06:00,101.61,101.75,101.3,101.33,56673.0
2024-08-01 17:08:00,101.31,101.4599,101.22,101.3499,67079.0
2024-08-01 17:10:00,101.34,101.46,101.24,101.38,66079.0
2024-08-01 17:12:00,101.38,101.38,101.15,101.23,85605.0
2024-08-01 17:14:00,101.18,101.41,101.16,101.41,68273.0
2024-08-01 17:16:00,101.385,101.53,101.27,101.465,59835.0
2024-08-01 17:18:00,101.475,101.55,101.31,101.33,53774.0
2024-08-01 17:20:00,101.32,101.5,101.295,101.46,144034.0
2024-08-01 17:22:00,101.48,101.55,101.23,101.23,133230.0
2024-08-01 17:24:00,101.215,101.26,100.84,100.945,120903.0
2024-08-01 17:26:00,100.95,101.27,100.94,101.27,107270.0
2024-08-01 17:28:00,101.25,101.58,101.25,101.5,47052.0
2024-08-01 17:30:00,101.48,101.49,101.23,101.35,32944.0
2024-08-01 17:32:00,101.34,101.38,101.19,101.36,38115.0
2024-08-01 17:34:00,101.345,101.36,101.164,101.185,40668.0
2024-08-01 17:36:00,101.1601,101.18,100.8,100.86,59100.0
2024-08-01 17:38:00,100.86,100.86,100.64,100.64,60113.0
2024-08-01 17:40:00,100.645,101.5,100.51,100.64,116037.0
2024-08-01 17:42:00,100.6411,100.6469,100.37,100.42,84433.0
2024-08-01 17:44:00,100.41,100.54,100.26,100.48,86769.0
2024-08-01 17:46:00,100.48,100.74,100.43,100.53,50013.0
2024-08-01 17:48:00,100.52,100.58,100.33,100.42,59932.0
2024-08-01 17:50:00,100.44,100.55,100.34,100.51,36987.0
2024-08-01 17:52:00,100.57,101.28,100.57,101.28,80284.0
2024-08-01 17:54:00,101.24,101.4199,101.16,101.2406,66673.0
2024-08-01 17:56:00,101.28,101.39,101.12,101.39,49289.0
2024-08-01 17:58:00,101.41,101.72,101.38,101.71,72455.0
2024-08-01 18:00:00,101.7,101.81,101.55,101.69,128394.0
2024-08-01 18:02:00,101.7199,101.97,101.67,101.8995,96586.0
2024-08-01 18:04:00,101.885,101.97,101.48,101.605,97105.0
2024-08-01 18:06:00,101.62,101.77,101.55,101.735,78228.0
2024-08-01 18:08:00,101.73,101.75,101.39,101.41,71705.0
2024-08-01 18:10:00,101.4,101.65,101.34,101.541,57307.0
2024-08-01 18:12:00,101.57,101.57,101.16,101.22,52421.0
2024-08-01 18:14:00,101.22,101.4,101.0368,101.08,55156.0
2024-08-01 18:16:00,101.1,101.16,100.9201,100.95,66364.0
2024-08-01 18:18:00,100.92,100.95,100.74,100.84,57167.0
2024-08-01 18:20:00,100.85,101.24,100.61,101.06,144493.0
2024-08-01 18:22:00,101.07,101.15,100.92,100.98,40857.0
2024-08-01 18:24:00,100.9803,101.03,100.66,100.68,117991.0
2024-08-01 18:26:00,100.67,100.76,100.61,100.69,55360.0
2024-08-01 18:28:00,100.69,100.84,100.59,100.71,54500.0
2024-08-01 18:30:00,100.705,100.74,100.36,100.365,1061721.0
2024-08-01 18:32:00,100.38,100.455,100.21,100.355,66210.0
2024-08-01 18:34:00,100.35,100.59,100.34,100.525,48572.0
2024-08-01 18:36:00,100.53,100.58,100.34,100.49,50535.0
2024-08-01 18:38:00,100.495,100.62,100.38,100.47,60616.0
2024-08-01 18:40:00,100.475,100.65,100.42,100.4301,71117.0
2024-08-01 18:42:00,100.46,100.47,100.04,100.14,153614.0
2024-08-01 18:44:00,100.1068,100.26,100.0401,100.0401,51981.0
2024-08-01 18:46:00,100.07,100.22,99.95,100.01,230912.0
2024-08-01 18:48:00,100.04,100.37,99.99,100.01,119250.0
2024-08-01 18:50:00,100.03,100.36,100.03,100.3107,109962.0
2024-08-01 18:52:00,100.32,100.32,100.2,100.205,86644.0
2024-08-01 18:54:00,100.25,100.26,99.965,100.125,72791.0
2024-08-01 18:56:00,100.14,100.32,100.02,100.24,93206.0
2024-08-01 18:58:00,100.22,100.28,99.98,100.13,96620.0
2024-08-01 19:00:00,100.13,100.42,100.11,100.4,77282.0
2024-08-01 19:02:00,100.39,100.45,100.21,100.39,108855.0
2024-08-01 19:04:00,100.41,100.51,100.2801,100.42,78034.0
2024-08-01 19:06:00,100.42,100.5,100.13,100.2,83639.0
2024-08-01 19:08:00,100.2,100.46,100.2,100.44,98283.0
2024-08-01 19:10:00,100.44,100.525,100.36,100.52,67039.0
2024-08-01 19:12:00,100.52,100.73,100.48,100.5637,75046.0
2024-08-01 19:14:00,100.54,100.56,100.17,100.29,160092.0
2024-08-01 19:16:00,100.28,100.31,100.12,100.25,73070.0
2024-08-01 19:18:00,100.255,100.67,100.255,100.65,73224.0
2024-08-01 19:20:00,100.65,100.72,100.56,100.62,121946.0
2024-08-01 19:22:00,100.63,100.98,100.6,100.93,100995.0
2024-08-01 19:24:00,100.94,100.99,100.71,100.8375,90955.0
2024-08-01 19:26:00,100.83,100.96,100.71,100.75,98759.0
2024-08-01 19:28:00,100.75,101.08,100.69,101.06,230881.0
2024-08-01 19:30:00,101.05,101.36,100.96,101.23,155065.0
2024-08-01 19:32:00,101.23,101.26,100.97,101.1799,125432.0
2024-08-01 19:34:00,101.1775,101.19,100.81,100.88,107144.0
2024-08-01 19:36:00,100.88,101.1,100.83,101.09,103257.0
2024-08-01 19:38:00,101.11,101.4,101.11,101.35,157530.0
2024-08-01 19:40:00,101.35,101.35,101.0,101.09,115048.0
2024-08-01 19:42:00,101.09,101.13,100.72,100.83,187260.0
2024-08-01 19:44:00,100.815,101.11,100.71,100.925,131915.0
2024-08-01 19:46:00,100.94,101.285,100.89,101.25,135451.0
2024-08-01 19:48:00,101.24,101.55,101.14,101.495,149431.0
2024-08-01 19:50:00,101.5,101.58,101.25,101.51,382362.0
2024-08-01 19:52:00,101.52,101.59,101.3,101.435,332035.0
2024-08-01 19:54:00,101.435,101.435,100.98,100.99,468956.0
2024-08-01 19:56:00,100.985,101.455,100.93,101.45,380994.0
2024-08-01 19:58:00,101.45,101.55,101.37,101.46,743291.0
2024-08-01 20:00:00,101.51,101.59,101.3,101.3,176545.0
2024-08-01 20:02:00,101.21,101.51,100.84,100.84,16717.0
2024-08-01 20:04:00,100.99,101.0,100.76,100.98,7339.0
2024-08-01 20:06:00,100.9,101.16,100.9,101.15,12195.0
2024-08-01 20:08:00,101.02,101.51,101.02,101.15,55275.0
2024-08-01 20:10:00,101.17,101.23,101.15,101.15,4572.0
2024-08-01 20:12:00,101.2,101.3,101.15,101.16,2774.0
2024-08-01 20:14:00,101.51,101.51,101.15,101.25,457873.0
2024-08-01 20:16:00,101.21,101.24,101.15,101.18,7704.0
2024-08-01 20:18:00,101.19,101.23,101.15,101.18,2555.0
2024-08-01 20:20:00,101.18,101.18,101.11,101.12,2602.0
2024-08-01 20:22:00,101.12,101.51,100.9,100.98,257136.0
2024-08-01 20:24:00,100.9,100.91,100.7701,100.82,3013.0
2024-08-01 20:26:00,100.82,100.83,100.6,100.6,2430.0
2024-08-01 20:28:00,100.6,100.79,100.6,100.6012,1677.0
2024-08-01 20:30:00,100.6012,101.25,100.6012,101.25,15133.0
2024-08-01 20:32:00,101.34,101.51,101.34,101.51,1933.0
2024-08-01 20:34:00,101.19,101.19,100.78,100.78,2431.0
2024-08-01 20:36:00,100.77,100.9,100.75,100.8,4152.0
2024-08-01 20:38:00,100.8,100.91,100.75,100.82,4586.0
2024-08-01 20:40:00,100.84,100.88,100.84,100.88,694.0
2024-08-01 20:42:00,100.85,100.88,100.2,100.2,5156.0
2024-08-01 20:44:00,100.48,100.55,100.48,100.54,3083.0
2024-08-01 20:46:00,100.25,100.3,100.25,100.3,1450.0
2024-08-01 20:48:00,100.44,100.65,100.41,100.55,3290.0
2024-08-01 20:50:00,100.65,101.51,100.45,101.51,14408.0
2024-08-01 20:52:00,100.52,100.64,100.4,100.46,3168.0
2024-08-01 20:54:00,100.45,100.65,100.45,100.51,5273.0
2024-08-01 20:56:00,100.55,100.64,100.38,100.48,30893.0
2024-08-01 20:58:00,100.48,100.75,100.48,100.75,22195.0
2024-08-01 21:00:00,100.74,100.99,100.74,100.99,6931.0
2024-08-01 21:02:00,101.01,101.38,101.01,101.35,4422.0
2024-08-01 21:04:00,101.37,101.37,101.05,101.05,5342.0
2024-08-01 21:06:00,101.11,101.23,101.0,101.0,3291.0
2024-08-01 21:08:00,100.81,101.04,100.81,100.81,3990.0
2024-08-01 21:10:00,101.51,101.51,100.8,100.8,75956.0
2024-08-01 21:12:00,100.88,100.89,100.88,100.89,1207.0
2024-08-01 21:14:00,100.88,100.88,100.45,100.45,3224.0
2024-08-01 21:16:00,100.5,100.5,100.5,100.5,1135.0
2024-08-01 21:18:00,100.56,100.56,100.2,100.2,2692.0
2024-08-01 21:20:00,100.1,100.2,100.0,100.0,10150.0
2024-08-01 21:22:00,100.16,100.25,100.01,100.01,13824.0
2024-08-01 21:24:00,100.02,100.02,99.65,99.76,5782.0
2024-08-01 21:26:00,100.0,100.0,99.6229,99.9015,6767.0
2024-08-01 21:28:00,100.0,100.0,99.8,99.8,4783.0
2024-08-01 21:30:00,99.95,100.14,99.95,100.13,3103.0
2024-08-01 21:32:00,100.14,100.25,100.027,100.25,2857.0
2024-08-01 21:34:00,100.24,101.51,100.0363,100.28,1002520.0
2024-08-01 21:36:00,100.49,100.5,100.49,100.5,725.0
2024-08-01 21:38:00,100.37,100.8,100.37,100.8,4783.0
2024-08-01 21:40:00,100.28,100.59,100.28,100.59,932.0
2024-08-01 21:42:00,100.7,100.7,100.7,100.7,280.0
2024-08-01 21:44:00,100.9359,100.9359,100.79,100.79,230.0
2024-08-01 21:46:00,100.7,100.86,100.7,100.86,828.0
2024-08-01 21:48:00,100.7,100.7,100.42,100.42,2652.0
2024-08-01 21:52:00,100.2503,100.65,100.2503,100.65,1104.0
2024-08-01 21:54:00,100.75,100.89,100.75,100.84,609.0
2024-08-01 21:56:00,100.5116,100.5116,100.5116,100.5116,126.0
2024-08-01 21:58:00,100.78,100.78,100.65,100.65,1098.0
2024-08-01 22:00:00,100.69,100.9,100.69,100.79,2613.0
2024-08-01 22:02:00,100.8,100.8,100.8,100.8,614.0
2024-08-01 22:04:00,101.51,101.51,100.8,100.8,2834.0
2024-08-01 22:06:00,100.55,100.55,100.55,100.55,433.0
2024-08-01 22:08:00,100.27,100.5787,100.25,100.5787,856.0
2024-08-01 22:12:00,100.22,100.22,99.91,100.0,2136.0
2024-08-01 22:14:00,99.94,99.95,99.85,99.95,1943.0
2024-08-01 22:18:00,100.04,100.25,100.04,100.25,1877.0
2024-08-01 22:20:00,100.25,100.44,100.0,100.0,657.0
2024-08-01 22:22:00,100.01,100.25,99.96,100.25,4613.0
2024-08-01 22:24:00,99.96,100.313,99.96,100.14,3418.0
2024-08-01 22:26:00,100.44,100.65,100.38,100.65,3070.0
2024-08-01 22:28:00,100.44,100.44,100.44,100.44,694.0
2024-08-01 22:30:00,100.43,100.6,100.3008,100.3008,3189.0
2024-08-01 22:32:00,100.3643,100.6796,100.3643,100.44,690.0
2024-08-01 22:34:00,100.32,100.32,100.32,100.32,284.0
2024-08-01 22:36:00,100.48,100.48,100.32,100.32,876.0
2024-08-01 22:38:00,100.25,100.25,100.25,100.25,304.0
2024-08-01 22:40:00,100.1,100.2,100.1,100.2,1951.0
2024-08-01 22:42:00,100.44,100.44,100.1,100.1,6863.0
2024-08-01 22:44:00,100.12,100.12,100.0,100.0,2178.0
2024-08-01 22:46:00,100.0006,100.0006,99.92,99.93,2868.0
2024-08-01 22:48:00,99.93,100.1,99.93,99.9303,1614.0
2024-08-01 22:50:00,99.9356,100.3835,99.9356,100.1,1357.0
2024-08-01 22:52:00,100.11,100.11,100.1,100.1,1079.0
2024-08-01 22:54:00,100.1,100.1,99.8502,99.8502,3052.0
2024-08-01 22:58:00,99.9365,99.99,99.9365,99.99,381.0
2024-08-01 23:00:00,100.0,100.05,100.0,100.03,1025.0
2024-08-01 23:02:00,99.93,99.93,99.85,99.85,1080.0
2024-08-01 23:04:00,99.8,99.8,99.75,99.75,480.0
2024-08-01 23:06:00,99.9,100.04,99.9,100.04,779.0
2024-08-01 23:10:00,100.19,100.25,100.19,100.25,1139.0
2024-08-01 23:12:00,100.19,100.25,100.15,100.25,1201.0
2024-08-01 23:14:00,100.39,100.39,100.3,100.3,997.0
2024-08-01 23:16:00,100.3,100.38,100.3,100.38,597.0
2024-08-01 23:18:00,100.2,100.2,100.2,100.2,629.0
2024-08-01 23:20:00,100.2,100.2,100.2,100.2,1322.0
2024-08-01 23:22:00,100.2,100.3,100.2,100.3,485.0
2024-08-01 23:24:00,100.38,100.5071,100.35,100.45,3695.0
2024-08-01 23:26:00,100.45,100.5002,100.45,100.5002,971.0
2024-08-01 23:28:00,100.69,100.69,100.69,100.69,581.0
2024-08-01 23:30:00,100.6,100.7,100.6,100.7,2454.0
2024-08-01 23:32:00,100.65,100.65,100.65,100.65,256.0
2024-08-01 23:34:00,100.59,100.59,100.5,100.5179,728.0
2024-08-01 23:36:00,100.58,100.58,100.58,100.58,1924.0
2024-08-01 23:38:00,100.58,100.7,100.58,100.7,1642.0
2024-08-01 23:40:00,100.82,100.95,100.75,100.95,755.0
2024-08-01 23:42:00,100.9,100.94,100.75,100.75,1283.0
2024-08-01 23:44:00,100.75,100.88,100.7,100.82,1458.0
2024-08-01 23:46:00,100.82,100.9,100.82,100.85,2620.0
2024-08-01 23:48:00,100.9,100.9,100.82,100.82,1114.0
2024-08-01 23:50:00,100.9,100.98,100.85,100.9,1608.0
2024-08-01 23:52:00,100.98,100.98,100.95,100.95,385.0
2024-08-01 23:54:00,100.94,100.94,100.93,100.93,388.0
2024-08-01 23:56:00,100.94,100.94,100.9,100.94,1197.0
2024-08-01 23:58:00,100.9,100.9,100.9,100.9,1252.0
2024-08-02 08:00:00,99.0,99.0,98.7,98.7,3125.0
2024-08-02 08:02:00,98.46,98.46,98.46,98.46,469.0
2024-08-02 08:04:00,98.34,98.34,98.25,98.25,756.0
2024-08-02 08:06:00,98.26,98.44,98.25,98.44,2938.0
2024-08-02 08:08:00,98.55,98.55,98.55,98.55,856.0
2024-08-02 08:12:00,98.42,98.42,98.32,98.32,798.0
2024-08-02 08:14:00,98.15,98.15,98.15,98.15,716.0
2024-08-02 08:16:00,98.3,98.3,98.14,98.14,5367.0
2024-08-02 08:18:00,98.06,98.2,98.05,98.2,2389.0
2024-08-02 08:20:00,98.05,98.15,97.8,98.15,2507.0
2024-08-02 08:26:00,98.2,98.2,98.2,98.2,486.0
2024-08-02 08:28:00,98.21,98.3,98.21,98.3,3124.0
2024-08-02 08:32:00,98.59,98.59,98.59,98.59,477.0
2024-08-02 08:34:00,98.4,98.6,98.4,98.6,611.0
2024-08-02 08:36:00,98.6,98.7,98.6,98.7,1096.0
2024-08-02 08:42:00,98.44,98.44,98.44,98.44,1020.0
2024-08-02 08:44:00,98.47,98.47,98.47,98.47,210.0
2024-08-02 08:46:00,98.35,98.35,98.35,98.35,624.0
2024-08-02 08:48:00,98.34,98.34,98.32,98.32,1043.0
2024-08-02 08:50:00,98.17,98.17,98.17,98.17,1699.0
2024-08-02 08:54:00,98.3,98.3,98.3,98.3,728.0
2024-08-02 08:56:00,98.39,98.4,98.39,98.4,965.0
2024-08-02 08:58:00,98.49,98.49,98.49,98.49,262.0
2024-08-02 09:00:00,98.42,98.42,98.42,98.42,651.0
2024-08-02 09:04:00,98.42,98.42,98.42,98.42,784.0
2024-08-02 09:06:00,98.5,98.5,98.5,98.5,2156.0
2024-08-02 09:08:00,98.5,98.5,98.5,98.5,632.0
2024-08-02 09:12:00,98.42,98.42,98.35,98.37,2545.0
2024-08-02 09:22:00,98.2,98.2,98.1,98.1,3663.0
2024-08-02 09:26:00,98.2,98.2,98.2,98.2,692.0
2024-08-02 09:28:00,98.2,98.2,98.2,98.2,1051.0
2024-08-02 09:32:00,98.11,98.11,98.1,98.1,597.0
2024-08-02 09:34:00,98.1,98.1,98.1,98.1,1032.0
2024-08-02 09:38:00,98.21,98.21,98.21,98.21,302.0
2024-08-02 09:40:00,98.33,98.33,98.33,98.33,195.0
2024-08-02 09:42:00,98.33,98.33,98.33,98.33,573.0
2024-08-02 09:44:00,98.2,98.2,98.2,98.2,1113.0
2024-08-02 09:46:00,98.06,98.06,98.05,98.05,1153.0
2024-08-02 09:52:00,98.17,98.19,98.17,98.19,585.0
2024-08-02 09:54:00,98.19,98.19,98.19,98.19,785.0
2024-08-02 10:04:00,98.12,98.12,98.0,98.0,2650.0
2024-08-02 10:06:00,98.01,98.01,98.01,98.01,304.0
2024-08-02 10:10:00,97.98,98.01,97.98,98.0,3858.0
2024-08-02 10:12:00,98.0,98.0,98.0,98.0,3520.0
2024-08-02 10:14:00,98.0,98.05,98.0,98.05,1637.0
2024-08-02 10:16:00,98.33,98.33,98.33,98.33,570.0
2024-08-02 10:18:00,98.5,98.61,98.5,98.61,1816.0
2024-08-02 10:22:00,98.58,98.63,98.58,98.63,1666.0
2024-08-02 10:24:00,98.63,98.84,98.63,98.84,973.0
2024-08-02 10:28:00,98.86,98.86,98.8,98.8,869.0
2024-08-02 10:30:00,98.79,98.79,98.7,98.7,1624.0
2024-08-02 10:32:00,98.72,98.72,98.68,98.68,889.0
2024-08-02 10:34:00,98.5,98.5,98.5,98.5,2590.0
2024-08-02 10:36:00,98.58,98.59,98.58,98.59,521.0
2024-08-02 10:38:00,98.7,98.7,98.7,98.7,110.0
2024-08-02 10:40:00,98.74,98.84,98.7,98.84,2993.0
2024-08-02 10:42:00,99.0,99.01,99.0,99.01,2338.0
2024-08-02 10:44:00,99.0,99.0,99.0,99.0,284.0
2024-08-02 10:46:00,98.99,98.99,98.99,98.99,615.0
2024-08-02 10:48:00,99.0,99.03,98.9,98.9,2022.0
2024-08-02 10:50:00,99.04,99.04,99.04,99.04,664.0
2024-08-02 10:52:00,98.95,99.08,98.95,99.08,1574.0
2024-08-02 10:56:00,99.24,99.24,99.11,99.11,704.0
2024-08-02 10:58:00,99.1,99.1,99.02,99.02,2777.0
2024-08-02 11:00:00,99.0,99.0,98.76,98.76,5097.0
2024-08-02 11:02:00,98.72,98.89,98.67,98.89,1633.0
2024-08-02 11:04:00,98.9,98.99,98.9,98.99,2534.0
2024-08-02 11:06:00,98.89,98.89,98.89,98.89,337.0
2024-08-02 11:08:00,98.94,98.94,98.94,98.94,1404.0
2024-08-02 11:10:00,98.8,98.8,98.78,98.78,964.0
2024-08-02 11:12:00,98.67,98.67,98.67,98.67,1297.0
2024-08-02 11:14:00,98.75,98.75,98.75,98.75,860.0
2024-08-02 11:18:00,98.78,98.8,98.78,98.8,2139.0
2024-08-02 11:20:00,98.86,98.88,98.86,98.88,1459.0
2024-08-02 11:22:00,98.85,98.95,98.71,98.92,4479.0
2024-08-02 11:24:00,98.92,98.98,98.92,98.98,1048.0
2024-08-02 11:26:00,99.0,99.0,99.0,99.0,1071.0
2024-08-02 11:28:00,99.01,99.01,99.0,99.0,1200.0
2024-08-02 11:30:00,99.0,99.0,98.94,98.94,1351.0
2024-08-02 11:32:00,98.94,98.94,98.94,98.94,947.0
2024-08-02 11:34:00,98.82,99.0,98.82,99.0,1770.0
2024-08-02 11:36:00,98.8,98.8,98.7,98.7,3282.0
2024-08-02 11:38:00,98.81,98.81,98.81,98.81,497.0
2024-08-02 11:40:00,98.79,98.79,98.79,98.79,163.0
2024-08-02 11:42:00,98.8,98.8,98.65,98.65,1516.0
2024-08-02 11:44:00,98.5,98.5,98.5,98.5,688.0
2024-08-02 11:46:00,98.5,98.55,98.48,98.48,1821.0
2024-08-02 11:48:00,98.32,98.45,98.32,98.45,934.0
2024-08-02 11:50:00,98.3,98.3,98.05,98.11,3114.0
2024-08-02 11:52:00,98.11,98.11,98.02,98.1,1309.0
2024-08-02 11:54:00,98.01,98.01,98.0,98.0,1583.0
2024-08-02 11:56:00,98.0,98.07,97.99,97.99,2030.0
2024-08-02 11:58:00,98.1,98.1,98.01,98.01,656.0
2024-08-02 12:00:00,99.07,99.193,97.99,98.0,49651.0
2024-08-02 12:02:00,98.26,98.26,98.1399,98.26,2055.0
2024-08-02 12:04:00,98.0096,98.2842,98.0096,98.2842,3056.0
2024-08-02 12:06:00,98.419,98.42,98.25,98.3,7334.0
2024-08-02 12:08:00,98.3,98.3,98.18,98.29,3179.0
2024-08-02 12:10:00,98.11,98.11,97.9,97.95,6589.0
2024-08-02 12:12:00,98.16,98.16,98.0,98.0,2422.0
2024-08-02 12:14:00,97.8542,98.0,97.8542,97.95,2875.0
2024-08-02 12:16:00,97.93,98.13,97.8501,98.13,3929.0
2024-08-02 12:18:00,97.981,98.01,97.8502,97.9,10946.0
2024-08-02 12:20:00,97.85,98.0,97.85,98.0,5580.0
2024-08-02 12:22:00,97.8504,98.1,97.77,97.96,7723.0
2024-08-02 12:24:00,97.9,98.35,97.9,98.26,19331.0
2024-08-02 12:26:00,98.1504,98.58,98.1504,98.47,3097.0
2024-08-02 12:28:00,98.53,98.55,98.34,98.3403,7463.0
2024-08-02 12:30:00,98.46,98.56,96.75,96.9978,36802.0
2024-08-02 12:32:00,96.69,96.8,96.0,96.1,54295.0
2024-08-02 12:34:00,96.1,96.22,95.77,95.77,23320.0
2024-08-02 12:36:00,96.03,96.36,95.82,96.36,23028.0
2024-08-02 12:38:00,96.33,96.69,96.33,96.51,28393.0
2024-08-02 12:40:00,96.55,96.56,96.05,96.5,16317.0
2024-08-02 12:42:00,96.56,97.52,96.0,96.98,30966.0
2024-08-02 12:44:00,97.0,97.21,96.53,96.77,6125.0
2024-08-02 12:46:00,96.7,96.78,96.5,96.5,5226.0
2024-08-02 12:48:00,96.74,97.27,96.74,97.27,12938.0
2024-08-02 12:50:00,97.51,97.51,97.13,97.32,12632.0
2024-08-02 12:52:00,97.22,97.22,96.7046,97.0,10730.0
2024-08-02 12:54:00,97.1,97.52,96.8,97.2,12307.0
2024-08-02 12:56:00,97.19,97.19,97.0,97.1499,10405.0
2024-08-02 12:58:00,97.15,97.17,97.0,97.14,17937.0
2024-08-02 13:00:00,97.15,97.3485,97.0,97.0,13564.0
2024-08-02 13:02:00,97.0,97.0,96.16,96.5,10843.0
2024-08-02 13:04:00,96.51,97.18,96.51,97.13,7239.0
2024-08-02 13:06:00,97.05,97.2,96.9522,97.1822,8852.0
2024-08-02 13:08:00,97.18,97.18,96.69,96.69,10197.0
2024-08-02 13:10:00,96.99,97.15,96.7783,97.15,8699.0
2024-08-02 13:12:00,97.15,97.3,97.15,97.3,7158.0
2024-08-02 13:14:00,97.25,97.52,97.05,97.52,11433.0
2024-08-02 13:16:00,97.67,97.67,97.25,97.25,4755.0
2024-08-02 13:18:00,97.0651,97.5,97.0651,97.5,6808.0
2024-08-02 13:20:00,97.57,97.57,97.25,97.25,5286.0
2024-08-02 13:22:00,97.0762,97.49,97.0762,97.39,4452.0
2024-08-02 13:24:00,97.22,97.4,97.22,97.3,2512.0
2024-08-02 13:26:00,97.3,97.5,97.02,97.1,6156.0
2024-08-02 13:28:00,97.16,97.28,97.0,97.25,17593.0
2024-08-02 13:30:00,97.16,97.4,96.5,96.735,913771.0
2024-08-02 13:32:00,96.7115,97.31,95.76,95.96,413680.0
2024-08-02 13:34:00,95.93,96.07,95.39,95.94,313641.0
2024-08-02 13:36:00,95.95,96.81,95.95,96.6305,322589.0
2024-08-02 13:38:00,96.65,97.34,96.28,97.275,255527.0
2024-08-02 13:40:00,97.28,97.69,97.07,97.21,296154.0
2024-08-02 13:42:00,97.2501,97.36,96.92,97.22,184662.0
2024-08-02 13:44:00,97.16,97.36,97.0,97.07,163248.0
2024-08-02 13:46:00,97.0898,97.09,96.1601,96.24,249282.0
2024-08-02 13:48:00,96.25,96.5027,96.01,96.44,259262.0
2024-08-02 13:50:00,96.44,96.67,96.01,96.1,270397.0
2024-08-02 13:52:00,96.1,96.18,95.8,95.875,220676.0
2024-08-02 13:54:00,95.875,96.08,95.6,95.602,296685.0
2024-08-02 13:56:00,95.62,95.69,95.335,95.34,236122.0
2024-08-02 13:58:00,95.35,95.89,95.3,95.5971,218801.0
2024-08-02 14:00:00,95.62,95.93,95.32,95.775,212777.0
2024-08-02 14:02:00,95.79,95.8073,94.86,94.92,454793.0
2024-08-02 14:04:00,94.92,94.9713,94.5,94.65,368823.0
2024-08-02 14:06:00,94.6699,94.81,94.5,94.535,257501.0
2024-08-02 14:08:00,94.57,94.7,94.2,94.6,267856.0
2024-08-02 14:10:00,94.6,94.6,94.12,94.12,228473.0
2024-08-02 14:12:00,94.12,94.215,93.94,93.99,259226.0
2024-08-02 14:14:00,93.985,94.13,93.72,93.905,203698.0
2024-08-02 14:16:00,93.88,94.4418,93.77,94.38,216443.0
2024-08-02 14:18:00,94.35,94.5,94.16,94.44,224037.0
2024-08-02 14:20:00,94.44,94.72,94.35,94.45,164652.0
2024-08-02 14:22:00,94.5,94.8,94.36,94.71,138539.0
2024-08-02 14:24:00,94.73,94.97,94.6,94.9,133960.0
2024-08-02 14:26:00,94.88,95.26,94.76,95.19,250821.0
2024-08-02 14:28:00,95.19,95.19,94.62,94.64,200426.0
2024-08-02 14:30:00,94.63,95.0726,94.5055,94.83,164988.0
2024-08-02 14:32:00,94.84,94.84,94.43,94.43,128326.0
2024-08-02 14:34:00,94.425,94.52,94.16,94.25,117529.0
2024-08-02 14:36:00,94.26,94.26,93.95,94.16,166253.0
2024-08-02 14:38:00,94.17,94.22,93.71,93.71,121026.0
2024-08-02 14:40:00,93.72,93.87,93.63,93.74,170543.0
2024-08-02 14:42:00,93.75,94.5389,93.75,94.28,183470.0
2024-08-02 14:44:00,94.28,94.7621,94.2601,94.7621,166124.0
2024-08-02 14:46:00,94.74,95.07,94.67,94.97,182939.0
2024-08-02 14:48:00,94.96,95.27,94.84,95.19,177075.0
2024-08-02 14:50:00,95.185,95.34,94.8,94.8599,224622.0
2024-08-02 14:52:00,94.85,95.0,94.47,94.5,169511.0
2024-08-02 14:54:00,94.52,94.5346,94.07,94.07,157348.0
2024-08-02 14:56:00,94.06,94.27,93.93,93.98,166235.0
2024-08-02 14:58:00,93.955,94.09,93.89,93.9443,105033.0
2024-08-02 15:00:00,93.95,93.98,93.72,93.85,78440.0
2024-08-02 15:02:00,93.83,94.11,93.74,94.11,88342.0
2024-08-02 15:04:00,94.12,94.22,93.98,94.005,426221.0
2024-08-02 15:06:00,93.98,94.1425,93.93,94.08,129071.0
2024-08-02 15:08:00,94.07,94.3,93.87,93.88,156877.0
2024-08-02 15:10:00,93.88,94.64,93.88,94.4,167646.0
2024-08-02 15:12:00,94.395,94.44,94.09,94.235,147454.0
2024-08-02 15:14:00,94.21,94.66,94.21,94.52,111045.0
2024-08-02 15:16:00,94.48,94.51,94.25,94.33,96823.0
2024-08-02 15:18:00,94.38,94.4699,94.18,94.28,123909.0
2024-08-02 15:20:00,94.265,94.32,94.11,94.25,84728.0
2024-08-02 15:22:00,94.29,94.96,94.18,94.88,140059.0
2024-08-02 15:24:00,94.88,94.904,94.5563,94.64,137846.0
2024-08-02 15:26:00,94.64,94.82,94.48,94.79,274402.0
2024-08-02 15:28:00,94.7501,95.09,94.67,94.795,130426.0
2024-08-02 15:30:00,94.8,94.97,94.61,94.8796,140337.0
2024-08-02 15:32:00,94.85,95.07,94.84,94.96,153315.0
2024-08-02 15:34:00,94.94,95.1,94.53,94.9123,268638.0
2024-08-02 15:36:00,94.89,95.22,94.76,94.9,359161.0
2024-08-02 15:38:00,94.9,95.17,94.78,94.87,225602.0
2024-08-02 15:40:00,94.845,95.23,94.7,95.1433,303966.0
2024-08-02 15:42:00,95.19,95.5,94.95,95.46,254488.0
2024-08-02 15:44:00,95.46,95.74,95.2,95.23,199580.0
2024-08-02 15:46:00,95.23,95.35,94.45,94.53,313862.0
2024-08-02 15:48:00,94.54,94.57,94.21,94.52,153358.0
2024-08-02 15:50:00,94.5,94.85,94.4311,94.85,134398.0
2024-08-02 15:52:00,94.85,95.0,94.78,94.92,134296.0
2024-08-02 15:54:00,94.909,94.94,94.6401,94.94,91367.0
2024-08-02 15:56:00,94.93,95.03,94.6,95.0,154867.0
2024-08-02 15:58:00,95.0,95.0,94.09,94.35,197653.0
2024-08-02 16:00:00,94.42,94.6494,94.28,94.5105,86750.0
2024-08-02 16:02:00,94.5602,94.5602,94.07,94.2,135622.0
2024-08-02 16:04:00,94.21,94.5241,94.07,94.44,88888.0
2024-08-02 16:06:00,94.425,94.48,94.08,94.115,108910.0
2024-08-02 16:08:00,94.115,94.14,93.82,93.84,137649.0
2024-08-02 16:10:00,93.8721,93.9025,93.55,93.67,216150.0
2024-08-02 16:12:00,93.67,93.8,93.56,93.5623,86677.0
2024-08-02 16:14:00,93.56,93.92,93.56,93.9176,130199.0
2024-08-02 16:16:00,93.9045,93.91,93.625,93.7737,62389.0
2024-08-02 16:18:00,93.75,94.0,93.62,93.9662,104693.0
2024-08-02 16:20:00,93.94,94.34,93.94,94.145,94596.0
2024-08-02 16:22:00,94.14,94.14,93.81,94.02,79460.0
2024-08-02 16:24:00,94.02,94.0699,93.85,93.96,75951.0
2024-08-02 16:26:00,93.99,94.06,93.82,93.965,74081.0
2024-08-02 16:28:00,93.98,94.0611,93.78,93.86,126970.0
2024-08-02 16:30:00,93.82,93.85,93.282,93.282,117223.0
2024-08-02 16:32:00,93.28,93.58,93.26,93.5354,98737.0
2024-08-02 16:34:00,93.54,93.77,93.38,93.46,65487.0
2024-08-02 16:36:00,93.45,93.47,93.21,93.22,93030.0
2024-08-02 16:38:00,93.235,93.46,93.2,93.37,66790.0
2024-08-02 16:40:00,93.36,93.83,93.345,93.77,91208.0
2024-08-02 16:42:00,93.79,93.8309,93.6,93.615,41963.0
2024-08-02 16:44:00,93.61,93.61,93.35,93.35,63883.0
2024-08-02 16:46:00,93.365,93.37,93.2,93.315,67907.0
2024-08-02 16:48:00,93.32,93.42,93.13,93.16,80638.0
2024-08-02 16:50:00,93.14,93.19,92.95,92.985,165843.0
2024-08-02 16:52:00,92.97,93.15,92.88,93.0893,118199.0
2024-08-02 16:54:00,93.04,93.11,92.8,92.87,92386.0
2024-08-02 16:56:00,92.86,92.93,92.8,92.9,91379.0
2024-08-02 16:58:00,92.91,92.97,92.76,92.9178,92511.0
2024-08-02 17:00:00,92.915,92.97,92.74,92.78,62400.0
2024-08-02 17:02:00,92.78,93.04,92.72,92.73,101043.0
2024-08-02 17:04:00,92.73,92.98,92.63,92.815,97923.0
2024-08-02 17:06:00,92.81,92.99,92.7352,92.785,76352.0
2024-08-02 17:08:00,92.785,92.89,92.7,92.81,86524.0
2024-08-02 17:10:00,92.8099,92.8099,92.5918,92.6299,103288.0
2024-08-02 17:12:00,92.64,92.825,92.62,92.825,106985.0
2024-08-02 17:14:00,92.83,92.94,92.5904,92.6085,88049.0
2024-08-02 17:16:00,92.605,92.74,92.52,92.61,108251.0
2024-08-02 17:18:00,92.6,92.63,92.42,92.555,136788.0
2024-08-02 17:20:00,92.57,92.58,92.26,92.27,114420.0
2024-08-02 17:22:00,92.27,92.4065,92.19,92.225,162040.0
2024-08-02 17:24:00,92.23,92.34,92.16,92.255,100690.0
2024-08-02 17:26:00,92.255,92.33,92.175,92.23,114983.0
2024-08-02 17:28:00,92.23,92.29,92.08,92.1,107584.0
2024-08-02 17:30:00,92.09,92.1499,92.01,92.14,168278.0
2024-08-02 17:32:00,92.13,92.13,91.83,91.8697,173955.0
2024-08-02 17:34:00,91.86,92.07,91.84,91.925,151186.0
2024-08-02 17:36:00,91.925,91.98,91.7735,91.81,107153.0
2024-08-02 17:38:00,91.81,91.9,91.8,91.8375,133847.0
2024-08-02 17:40:00,91.855,91.93,91.66,91.755,160099.0
2024-08-02 17:42:00,91.74,91.8,91.6,91.6,166355.0
2024-08-02 17:44:00,91.61,91.91,91.6,91.8901,172982.0
2024-08-02 17:46:00,91.9006,91.94,91.36,91.58,248916.0
2024-08-02 17:48:00,91.6,91.72,91.53,91.5601,96126.0
2024-08-02 17:50:00,91.584,91.69,91.505,91.65,93706.0
2024-08-02 17:52:00,91.64,91.875,91.62,91.68,122971.0
2024-08-02 17:54:00,91.6912,91.79,91.56,91.63,69285.0
2024-08-02 17:56:00,91.63,91.845,91.63,91.69,128299.0
2024-08-02 17:58:00,91.69,91.72,91.55,91.66,108152.0
2024-08-02 18:00:00,91.65,91.84,91.46,91.79,131341.0
2024-08-02 18:02:00,91.79,91.87,91.66,91.705,239380.0
2024-08-02 18:04:00,91.71,91.83,91.6714,91.69,111224.0
2024-08-02 18:06:00,91.68,91.835,91.61,91.69,155996.0
2024-08-02 18:08:00,91.7,91.7,91.35,91.41,135630.0
2024-08-02 18:10:00,91.405,91.6,91.33,91.56,107278.0
2024-08-02 18:12:00,91.57,91.62,91.41,91.54,80449.0
2024-08-02 18:14:00,91.5389,91.56,91.42,91.47,57487.0
2024-08-02 18:16:00,91.475,91.52,91.3,91.33,107539.0
2024-08-02 18:18:00,91.3307,91.47,91.26,91.33,102191.0
2024-08-02 18:20:00,91.34,91.7,91.32,91.635,102725.0
2024-08-02 18:22:00,91.63,91.7,91.54,91.6999,92594.0
2024-08-02 18:24:00,91.695,91.7293,91.6,91.695,84547.0
2024-08-02 18:26:00,91.685,91.9097,91.67,91.9,102144.0
2024-08-02 18:28:00,91.89,92.2102,91.8,92.2102,113586.0
2024-08-02 18:30:00,92.22,92.42,92.11,92.34,169967.0
2024-08-02 18:32:00,92.31,92.41,92.08,92.085,91172.0
2024-08-02 18:34:00,92.08,92.12,91.8,91.85,118889.0
2024-08-02 18:36:00,91.85,91.9396,91.66,91.675,169767.0
2024-08-02 18:38:00,91.67,91.7,91.585,91.645,119354.0
2024-08-02 18:40:00,91.6418,91.7599,91.63,91.6501,130494.0
2024-08-02 18:42:00,91.65,91.79,91.64,91.75,97925.0
2024-08-02 18:44:00,91.76,91.7815,91.52005,91.555,80956.0
2024-08-02 18:46:00,91.555,91.9099,91.555,91.89,105834.0
2024-08-02 18:48:00,91.9,92.13,91.82,91.83,119466.0
2024-08-02 18:50:00,91.85,91.9,91.8001,91.88,92725.0
2024-08-02 18:52:00,91.87,91.9,91.77,91.771,71789.0
2024-08-02 18:54:00,91.79,91.93,91.74,91.895,106651.0
2024-08-02 18:56:00,91.89,91.89,91.4701,91.5001,192487.0
2024-08-02 18:58:00,91.51,91.63,91.4,91.53,124672.0
2024-08-02 19:00:00,91.54,91.91,91.54,91.9099,117930.0
2024-08-02 19:02:00,91.9,91.94,91.77,91.8,63690.0
2024-08-02 19:04:00,91.795,91.795,91.615,91.65,98306.0
2024-08-02 19:06:00,91.65,91.65,91.3101,91.48,174476.0
2024-08-02 19:08:00,91.485,91.82,91.46,91.74,102865.0
2024-08-02 19:10:00,91.74,91.76,91.62,91.66,97095.0
2024-08-02 19:12:00,91.66,91.77,91.605,91.7471,97233.0
2024-08-02 19:14:00,91.74,91.88,91.72,91.8,109892.0
2024-08-02 19:16:00,91.793,91.9856,91.77,91.81,101173.0
2024-08-02 19:18:00,91.82,91.92,91.77,91.8265,94517.0
2024-08-02 19:20:00,91.83,91.94,91.67,91.745,102666.0
2024-08-02 19:22:00,91.73,91.85,91.63,91.78,82360.0
2024-08-02 19:24:00,91.79,91.8701,91.75,91.7899,84087.0
2024-08-02 19:26:00,91.75,91.92,91.665,91.91,93294.0
2024-08-02 19:28:00,91.92,92.1399,91.8901,92.0064,256745.0
2024-08-02 19:30:00,92.01,92.12,91.8328,91.84,195822.0
2024-08-02 19:32:00,91.86,91.92,91.65,91.8899,191138.0
2024-08-02 19:34:00,91.8899,92.04,91.72,92.03,232383.0
2024-08-02 19:36:00,92.02,92.058,91.46,91.54,223842.0
2024-08-02 19:38:00,91.5337,91.54,91.2,91.265,218170.0
2024-08-02 19:40:00,91.27,91.37,91.19,91.255,213239.0
2024-08-02 19:42:00,91.26,91.3,91.07,91.205,277623.0
2024-08-02 19:44:00,91.23,91.47,91.21,91.405,306770.0
2024-08-02 19:46:00,91.3929,91.75,91.37,91.74,234946.0
2024-08-02 19:48:00,91.735,92.12,91.69,91.965,331453.0
2024-08-02 19:50:00,91.97,91.97,91.63,91.77,364874.0
2024-08-02 19:52:00,91.75,92.11,91.72,92.0087,330122.0
2024-08-02 19:54:00,92.005,92.66,91.95,92.6201,490253.0
2024-08-02 19:56:00,92.63,92.8181,92.57,92.6101,420073.0
2024-08-02 19:58:00,92.61,92.87,92.46,92.69,872906.0
2024-08-02 20:00:00,92.7,92.7,92.62,92.63,109565.0
2024-08-02 20:02:00,92.62,92.7,92.13,92.6287,30612.0
2024-08-02 20:04:00,92.63,92.7,92.6299,92.7,7347.0
2024-08-02 20:06:00,92.7448,92.8,92.74,92.74,1418.0
2024-08-02 20:08:00,92.76,92.76,92.66,92.66,1532.0
2024-08-02 20:10:00,92.7,92.75,92.7,92.75,3008.0
2024-08-02 20:12:00,92.75,92.87,92.713,92.8215,6421.0
2024-08-02 20:14:00,92.82,92.87,92.8,92.81,3793.0
2024-08-02 20:16:00,92.8,92.8,92.78,92.8,2140.0
2024-08-02 20:18:00,92.8,92.96,92.8,92.96,9149.0
2024-08-02 20:20:00,92.99,93.09,92.99,93.04,11674.0
2024-08-02 20:22:00,92.96,93.0,92.86,92.99,2331.0
2024-08-02 20:24:00,92.95,92.95,92.95,92.95,1262.0
2024-08-02 20:26:00,92.93,92.93,92.82,92.82,3035.0
2024-08-02 20:28:00,92.76,92.76,92.6311,92.6311,8921.0
2024-08-02 20:30:00,92.71,92.77,92.66,92.66,612.0
2024-08-02 20:32:00,92.63,92.71,92.62,92.62,958.0
2024-08-02 20:34:00,92.71,92.71,92.62,92.69,1523.0
2024-08-02 20:36:00,92.62,92.62,92.6,92.6,1571.0
2024-08-02 20:38:00,92.5,92.5,92.5,92.5,552.0
2024-08-02 20:40:00,92.51,92.75,92.51,92.75,5205.0
2024-08-02 20:42:00,92.52,92.77,92.47,92.77,1543.0
2024-08-02 20:44:00,92.7497,92.79,92.65,92.69,2242.0
2024-08-02 20:46:00,92.69,92.69,92.65,92.65,1715.0
2024-08-02 20:48:00,92.64,92.7,92.62,92.7,1648.0
2024-08-02 20:50:00,92.74,92.76,92.74,92.76,797.0
2024-08-02 20:52:00,92.71,92.78,92.71,92.78,759.0
2024-08-02 20:54:00,92.79,92.8,92.72,92.72,3008.0
2024-08-02 20:56:00,92.8,92.83,92.77,92.77,2522.0
2024-08-02 20:58:00,92.84,92.84,92.83,92.83,652.0
2024-08-02 21:00:00,92.73,92.73,92.72,92.73,515.0
2024-08-02 21:02:00,92.7401,92.85,92.7401,92.85,1484.0
2024-08-02 21:04:00,92.8852,92.8852,92.78,92.78,777.0
2024-08-02 21:06:00,92.76,92.8,92.7,92.7,40252.0
2024-08-02 21:08:00,92.79,92.79,92.78,92.78,1245.0
2024-08-02 21:12:00,92.8408,92.8408,92.7,92.84,947.0
2024-08-02 21:14:00,92.84,92.84,92.84,92.84,1215.0
2024-08-02 21:16:00,92.94,93.05,92.94,93.0,3805.0
2024-08-02 21:18:00,93.2362,93.2362,93.0033,93.01,1921.0
2024-08-02 21:20:00,93.0,93.09,93.0,93.09,990.0
2024-08-02 21:22:00,93.08,93.08,93.08,93.08,631.0
2024-08-02 21:24:00,93.15,93.15,93.0,93.0,1232.0
2024-08-02 21:28:00,92.9,92.9,92.9,92.9,342.0
2024-08-02 21:32:00,92.86,92.92,92.81,92.92,1242.0
2024-08-02 21:34:00,92.92,92.921,92.92,92.921,588.0
2024-08-02 21:36:00,92.95,93.0,92.95,93.0,1241.0
2024-08-02 21:38:00,93.06,93.06,93.06,93.06,1081.0
2024-08-02 21:40:00,93.1,93.14,93.0,93.01,788.0
2024-08-02 21:46:00,93.08,93.12,93.07,93.07,721.0
2024-08-02 21:50:00,93.0,93.0,92.95,92.95,1391.0
2024-08-02 21:52:00,92.95,92.95,92.95,92.95,403.0
2024-08-02 21:54:00,92.98,92.98,92.98,92.98,165.0
2024-08-02 21:58:00,92.95,92.95,92.95,92.95,205.0
2024-08-02 22:00:00,92.92,92.92,92.9,92.9,1153.0
2024-08-02 22:02:00,92.9731,92.9731,92.8006,92.8006,782.0
2024-08-02 22:04:00,92.8,92.8,92.8,92.8,213.0
2024-08-02 22:08:00,92.8017,92.8017,92.8017,92.8017,428.0
2024-08-02 22:10:00,92.82,92.82,92.8,92.8001,4104.0
2024-08-02 22:12:00,92.8,92.8,92.8,92.8,580.0
2024-08-02 22:16:00,92.85,92.85,92.85,92.85,746.0
2024-08-02 22:22:00,92.9,92.9,92.9,92.9,205.0
2024-08-02 22:24:00,92.8685,92.8685,92.8,92.8,490.0
2024-08-02 22:26:00,92.8,92.83,92.8,92.83,458.0
2024-08-02 22:28:00,92.85,92.85,92.85,92.85,103.0
2024-08-02 22:36:00,92.82,92.85,92.8001,92.85,3284.0
2024-08-02 22:42:00,92.8503,92.8503,92.85,92.85,1055.0
2024-08-02 22:44:00,92.85,92.85,92.82,92.85,1252.0
2024-08-02 22:46:00,92.85,92.85,92.82,92.85,890.0
2024-08-02 22:48:00,92.85,92.987,92.85,92.987,890.0
2024-08-02 22:52:00,92.95,92.95,92.95,92.95,778.0
2024-08-02 22:54:00,92.85,92.85,92.85,92.85,157.0
2024-08-02 22:56:00,92.94,92.94,92.9,92.9,276.0
2024-08-02 22:58:00,92.83,92.83,92.82,92.82,659.0
2024-08-02 23:02:00,92.89,92.89,92.89,92.89,650.0
2024-08-02 23:04:00,92.95,92.96,92.95,92.96,711.0
2024-08-02 23:06:00,92.98,92.98,92.98,92.98,1039.0
2024-08-02 23:08:00,92.92,92.98,92.92,92.98,356.0
2024-08-02 23:10:00,92.99,92.99,92.99,92.99,125.0
2024-08-02 23:12:00,92.97,92.97,92.83,92.83,1155.0
2024-08-02 23:22:00,92.9,92.9,92.9,92.9,290.0
2024-08-02 23:26:00,92.88,92.88,92.88,92.88,155.0
2024-08-02 23:30:00,92.92,92.92,92.92,92.92,2013.0
2024-08-02 23:34:00,92.95,92.95,92.92,92.92,231.0
2024-08-02 23:36:00,92.97,92.97,92.9201,92.9201,446.0
2024-08-02 23:38:00,92.9698,92.9698,92.85,92.85,2302.0
2024-08-02 23:40:00,92.84,92.84,92.8009,92.81,1458.0
2024-08-02 23:44:00,92.84,92.86,92.84,92.86,787.0
2024-08-02 23:46:00,92.86,92.86,92.86,92.86,333.0
2024-08-02 23:50:00,92.81,92.82,92.81,92.82,865.0
2024-08-02 23:52:00,92.81,92.81,92.81,92.81,307.0
2024-08-02 23:54:00,92.81,92.81,92.78,92.78,2971.0
2024-08-02 23:58:00,92.8,92.85,92.7553,92.85,2989.0
2024-08-05 08:00:00,87.8,87.8,85.13,86.5,14453.0
2024-08-05 08:02:00,86.5,86.69,86.03,86.56,10741.0
2024-08-05 08:04:00,86.94,88.0,86.8,88.0,7397.0
2024-08-05 08:06:00,88.0,88.57,88.0,88.57,3614.0
2024-08-05 08:08:00,88.28,88.58,88.2,88.58,3537.0
2024-08-05 08:10:00,88.58,88.6,87.87,87.87,4531.0
2024-08-05 08:12:00,87.9,88.56,87.7,88.54,7672.0
2024-08-05 08:14:00,88.1,88.3,88.06,88.3,4077.0
2024-08-05 08:16:00,88.36,88.58,88.36,88.58,3447.0
2024-08-05 08:18:00,88.59,88.8,88.51,88.8,4892.0
2024-08-05 08:20:00,88.99,89.2,88.67,88.67,31155.0
2024-08-05 08:22:00,89.4,89.4,89.01,89.24,10024.0
2024-08-05 08:24:00,89.03,89.03,89.0,89.0,3084.0
2024-08-05 08:26:00,88.79,88.99,88.79,88.99,4999.0
2024-08-05 08:28:00,88.66,88.66,88.6,88.6,1911.0
2024-08-05 08:32:00,88.52,88.52,88.47,88.47,2261.0
2024-08-05 08:34:00,88.17,88.7,88.0,88.7,9188.0
2024-08-05 08:36:00,88.5,88.5,88.3,88.3,1369.0
2024-08-05 08:38:00,88.6,88.64,88.6,88.64,1195.0
2024-08-05 08:40:00,88.03,88.03,88.03,88.03,1435.0
2024-08-05 08:42:00,88.15,88.4,88.0,88.4,13237.0
2024-08-05 08:44:00,88.3,88.3,88.3,88.3,2425.0
2024-08-05 08:46:00,88.02,88.02,87.71,87.71,7793.0
2024-08-05 08:48:00,87.71,87.95,87.71,87.95,3954.0
2024-08-05 08:50:00,87.85,88.03,87.85,87.87,3983.0
2024-08-05 08:52:00,88.02,88.02,87.8,87.8,3953.0
2024-08-05 08:54:00,87.81,87.82,87.8,87.81,18776.0
2024-08-05 08:56:00,87.81,87.9,87.68,87.9,13312.0
2024-08-05 08:58:00,87.81,87.93,87.56,87.56,10662.0
2024-08-05 09:00:00,87.92,88.23,87.92,88.23,3699.0
2024-08-05 09:02:00,88.15,88.16,88.01,88.03,4043.0
2024-08-05 09:04:00,88.01,88.07,87.65,87.8,4375.0
2024-08-05 09:06:00,88.0,88.0,87.8,88.0,1876.0
2024-08-05 09:08:00,87.86,87.86,87.61,87.62,3413.0
2024-08-05 09:10:00,87.66,87.66,87.5,87.5,5226.0
2024-08-05 09:12:00,87.4,87.59,87.39,87.4,5255.0
2024-08-05 09:14:00,87.41,87.41,87.21,87.21,4475.0
2024-08-05 09:16:00,87.4,87.4,87.01,87.01,3811.0
2024-08-05 09:18:00,87.03,87.37,87.01,87.37,5212.0
2024-08-05 09:20:00,87.37,87.37,87.16,87.16,3661.0
2024-08-05 09:22:00,87.21,87.21,87.21,87.21,1075.0
2024-08-05 09:24:00,87.24,87.35,87.24,87.3,2019.0
2024-08-05 09:26:00,87.3,87.5,87.3,87.5,1382.0
2024-08-05 09:28:00,87.68,87.69,87.54,87.54,1177.0
2024-08-05 09:30:00,87.7,87.7,87.7,87.7,753.0
2024-08-05 09:36:00,87.7,87.7,87.01,87.01,15693.0
2024-08-05 09:38:00,87.01,87.01,86.99,87.0,9446.0
2024-08-05 09:40:00,86.84,86.84,86.69,86.7,4373.0
2024-08-05 09:42:00,86.7,86.7,86.69,86.7,7589.0
2024-08-05 09:44:00,86.5,86.65,86.31,86.65,6446.0
2024-08-05 09:46:00,86.49,86.5,86.35,86.41,5209.0
2024-08-05 09:48:00,86.41,86.5,86.16,86.5,6616.0
2024-08-05 09:50:00,86.5,86.5,86.49,86.5,3755.0
2024-08-05 09:52:00,86.49,86.5,86.49,86.5,4973.0
2024-08-05 09:54:00,86.5,86.5,86.49,86.49,2894.0
2024-08-05 09:56:00,86.35,86.5,86.35,86.5,10742.0
2024-08-05 09:58:00,86.8,86.99,86.8,86.99,1433.0
2024-08-05 10:00:00,86.97,87.0,86.97,87.0,6182.0
2024-08-05 10:02:00,87.26,87.32,87.06,87.32,1509.0
2024-08-05 10:04:00,87.01,87.01,87.01,87.01,686.0
2024-08-05 10:06:00,87.19,87.19,87.19,87.19,760.0
2024-08-05 10:08:00,87.06,87.1,87.0,87.01,2924.0
2024-08-05 10:10:00,87.1,87.1,87.01,87.01,1589.0
2024-08-05 10:12:00,87.14,87.17,87.14,87.17,1693.0
2024-08-05 10:14:00,87.01,87.01,87.0,87.0,1598.0
2024-08-05 10:16:00,86.46,86.46,86.4,86.4,3062.0
2024-08-05 10:18:00,86.46,86.55,86.46,86.55,3103.0
2024-08-05 10:22:00,86.8,86.84,86.79,86.8,3507.0
2024-08-05 10:24:00,86.9,87.0,86.83,86.84,2704.0
2024-08-05 10:26:00,86.56,86.56,86.17,86.21,2578.0
2024-08-05 10:28:00,86.5,86.5,86.5,86.5,1106.0
2024-08-05 10:30:00,86.85,86.85,86.5,86.59,2618.0
2024-08-05 10:32:00,86.51,86.7,86.51,86.7,4798.0
2024-08-05 10:34:00,86.67,86.8,86.67,86.8,3153.0
2024-08-05 10:36:00,86.8,87.0,86.8,86.98,9366.0
2024-08-05 10:38:00,86.98,86.98,86.88,86.89,2805.0
2024-08-05 10:40:00,86.89,87.01,86.88,87.0,19997.0
2024-08-05 10:42:00,87.0,87.34,86.89,87.34,35977.0
2024-08-05 10:44:00,87.39,87.67,87.39,87.47,6399.0
2024-08-05 10:46:00,87.47,87.47,87.16,87.22,2335.0
2024-08-05 10:48:00,87.57,87.63,87.57,87.63,1165.0
2024-08-05 10:50:00,87.74,87.74,87.74,87.74,3541.0
2024-08-05 10:52:00,87.76,87.91,87.67,87.91,3061.0
2024-08-05 10:54:00,87.74,87.77,87.59,87.77,1791.0
2024-08-05 10:56:00,87.68,87.68,87.61,87.61,754.0
2024-08-05 10:58:00,87.66,87.66,87.66,87.66,617.0
2024-08-05 11:00:00,87.9,87.9,87.58,87.76,26786.0
2024-08-05 11:02:00,87.77,87.95,87.7,87.7,13403.0
2024-08-05 11:04:00,87.7,87.71,87.38,87.38,20211.0
2024-08-05 11:06:00,87.35,87.35,87.0,87.2,12811.0
2024-08-05 11:08:00,87.3,87.3,87.12,87.12,2124.0
2024-08-05 11:10:00,87.15,87.19,87.1,87.19,3722.0
2024-08-05 11:12:00,87.13,87.45,87.11,87.39,8614.0
2024-08-05 11:14:00,87.48,87.7,87.44,87.6,7849.0
2024-08-05 11:16:00,87.48,87.6,87.48,87.6,8077.0
2024-08-05 11:18:00,87.48,87.51,87.4,87.51,20855.0
2024-08-05 11:20:00,87.43,87.52,87.32,87.48,3789.0
2024-08-05 11:22:00,87.48,87.55,87.48,87.55,5055.0
2024-08-05 11:24:00,87.41,87.41,87.22,87.22,8770.0
2024-08-05 11:26:00,87.11,87.12,87.03,87.03,6307.0
2024-08-05 11:28:00,87.15,87.15,87.02,87.02,4861.0
2024-08-05 11:30:00,87.02,87.03,87.0,87.02,20123.0
2024-08-05 11:32:00,87.1,87.1,87.0,87.01,29415.0
2024-08-05 11:34:00,87.0,87.07,87.0,87.02,13812.0
2024-08-05 11:36:00,87.12,87.13,86.81,86.81,20885.0
2024-08-05 11:38:00,86.81,86.81,86.5,86.5,15508.0
2024-08-05 11:40:00,86.51,86.63,86.48,86.62,9493.0
2024-08-05 11:42:00,86.65,87.0,86.56,87.0,12287.0
2024-08-05 11:44:00,86.88,87.2,86.8,87.1,7195.0
2024-08-05 11:46:00,87.11,87.11,86.99,86.99,3554.0
2024-08-05 11:48:00,86.89,86.89,86.56,86.56,7853.0
2024-08-05 11:50:00,86.56,86.65,86.55,86.65,9074.0
2024-08-05 11:52:00,86.56,86.56,86.1,86.15,13591.0
2024-08-05 11:54:00,86.15,86.15,86.08,86.09,12037.0
2024-08-05 11:56:00,86.07,86.1,86.07,86.09,12472.0
2024-08-05 11:58:00,86.19,86.41,86.19,86.4,6551.0
2024-08-05 12:00:00,87.76,88.6,83.0,86.6221,103257.0
2024-08-05 12:02:00,86.93,86.93,85.0,86.5,14543.0
2024-08-05 12:04:00,86.51,86.66,86.5,86.6,9036.0
2024-08-05 12:06:00,86.51,86.511,86.16,86.2,23845.0
2024-08-05 12:08:00,86.17,86.2,86.02,86.03,8996.0
2024-08-05 12:10:00,86.01,86.2,86.01,86.1994,11772.0
2024-08-05 12:12:00,86.1998,86.1998,86.0,86.01,13266.0
2024-08-05 12:14:00,86.01,86.1,85.89,85.89,18887.0
2024-08-05 12:16:00,85.88,85.88,85.7,85.7,12102.0
2024-08-05 12:18:00,85.7,85.85,85.58,85.6,9155.0
2024-08-05 12:20:00,85.58,85.58,85.21,85.28,9409.0
2024-08-05 12:22:00,85.28,85.3,85.07,85.08,10281.0
2024-08-05 12:24:00,85.0798,85.13,85.02,85.1,32456.0
2024-08-05 12:26:00,85.1,85.8797,85.06,85.8663,22769.0
2024-08-05 12:28:00,85.69,85.69,85.03,85.29,23407.0
2024-08-05 12:30:00,85.3,85.41,85.0315,85.05,18255.0
2024-08-05 12:32:00,85.05,85.06,84.8,84.965,27670.0
2024-08-05 12:34:00,84.92,85.0,84.67,84.67,27910.0
2024-08-05 12:36:00,84.83,86.0,84.83,86.0,28116.0
2024-08-05 12:38:00,85.97,86.35,85.42,85.76,36705.0
2024-08-05 12:40:00,85.74,87.0,85.7,86.86,24894.0
2024-08-05 12:42:00,86.8,86.8,86.0,86.0,7415.0
2024-08-05 12:44:00,85.9,86.2,85.32,85.32,9538.0
2024-08-05 12:46:00,85.3602,86.0,85.3602,85.5,12840.0
2024-08-05 12:48:00,85.51,86.34,85.51,86.01,11159.0
2024-08-05 12:50:00,86.43,86.46,85.94,85.96,13529.0
2024-08-05 12:52:00,85.88,86.41,85.5122,86.37,11517.0
2024-08-05 12:54:00,86.25,86.44,85.59,86.0,16802.0
2024-08-05 12:56:00,85.8802,86.5,85.8802,86.46,10456.0
2024-08-05 12:58:00,86.05,86.3,85.92,86.2,9713.0
2024-08-05 13:00:00,86.2,86.35,85.9,86.35,19120.0
2024-08-05 13:02:00,86.4,86.94,86.09,86.94,32357.0
2024-08-05 13:04:00,86.95,87.4,86.84,86.91,33956.0
2024-08-05 13:06:00,86.99,87.76,86.99,87.51,30552.0
2024-08-05 13:08:00,87.3,87.83,86.9422,87.83,19835.0
2024-08-05 13:10:00,87.86,87.94,87.1,87.5,30661.0
2024-08-05 13:12:00,87.48,87.52,86.71,86.85,19794.0
2024-08-05 13:14:00,86.88,86.95,86.2791,86.2791,19604.0
2024-08-05 13:16:00,86.2027,86.56,85.9547,86.47,11216.0
2024-08-05 13:18:00,86.6,87.52,86.6,87.0412,10329.0
2024-08-05 13:20:00,87.15,87.71,87.0,87.67,14300.0
2024-08-05 13:22:00,87.828,88.2,87.43,88.08,65312.0
2024-08-05 13:24:00,88.01,88.35,87.6,87.96,40527.0
2024-08-05 13:26:00,87.62,88.0,87.56,87.6,18474.0
2024-08-05 13:28:00,87.62,87.98,87.49,87.5,54480.0
2024-08-05 13:30:00,87.63,87.64,84.91,86.47,1990605.0
2024-08-05 13:32:00,86.49,87.0,85.89,86.53,720630.0
2024-08-05 13:34:00,86.4901,87.18,85.655,86.6795,726623.0
2024-08-05 13:36:00,86.6799,87.76,86.43,87.35,732208.0
2024-08-05 13:38:00,87.28,88.17,86.65,88.01,629877.0
2024-08-05 13:40:00,88.05,88.05,85.77,86.37,593592.0
2024-08-05 13:42:00,86.449,87.28,86.34,86.965,393557.0
2024-08-05 13:44:00,87.0,88.15,86.86,88.0826,422656.0
2024-08-05 13:46:00,88.04,88.8,87.73,88.7,426396.0
2024-08-05 13:48:00,88.68,88.87,88.17,88.76,289252.0
2024-08-05 13:50:00,88.72,88.72,87.93,88.01,324401.0
2024-08-05 13:52:00,88.0,88.34,87.64,87.69,351119.0
2024-08-05 13:54:00,87.66,88.51,87.64,88.3,364974.0
2024-08-05 13:56:00,88.32,88.325,87.76,88.2325,266876.0
2024-08-05 13:58:00,88.215,88.9,87.51,88.655,418588.0
2024-08-05 14:00:00,88.69,90.16,88.68,90.05,581348.0
2024-08-05 14:02:00,90.04,90.24,89.34,89.42,281754.0
2024-08-05 14:04:00,89.43,89.7081,88.53,89.03,316684.0
2024-08-05 14:06:00,89.01,89.0978,87.94,88.27,232867.0
2024-08-05 14:08:00,88.22,88.26,87.53,87.9522,194705.0
2024-08-05 14:10:00,87.89,88.1,87.61,88.055,130320.0
2024-08-05 14:12:00,88.055,88.055,87.37,87.84,208711.0
2024-08-05 14:14:00,87.83,88.32,87.75,87.985,189267.0
2024-08-05 14:16:00,87.98,88.25,87.95,88.15,189438.0
2024-08-05 14:18:00,88.17,88.86,88.14,88.735,190321.0
2024-08-05 14:20:00,88.7,88.755,85.39,88.57,184822.0
2024-08-05 14:22:00,88.56,90.105,87.35,87.54,280204.0
2024-08-05 14:24:00,87.585,88.17,87.55,87.81,132578.0
2024-08-05 14:26:00,87.8,88.2617,87.38,87.48,119102.0
2024-08-05 14:28:00,87.46,87.69,87.09,87.2,190085.0
2024-08-05 14:30:00,87.22,87.57,86.96,87.57,234683.0
2024-08-05 14:32:00,87.53,87.53,87.035,87.46,122014.0
2024-08-05 14:34:00,87.475,88.26,87.47,88.015,164593.0
2024-08-05 14:36:00,88.0,88.655,87.215,87.72,152261.0
2024-08-05 14:38:00,87.72,88.17,87.72,87.96,199727.0
2024-08-05 14:40:00,87.93,88.1799,87.7401,87.94,136016.0
2024-08-05 14:42:00,87.98,88.15,87.65,87.65,171855.0
2024-08-05 14:44:00,87.69,87.82,87.44,87.755,141977.0
2024-08-05 14:46:00,87.75,88.0599,87.71,87.84,158905.0
2024-08-05 14:48:00,87.82,88.15,87.65,87.895,170802.0
2024-08-05 14:50:00,87.88,88.03,87.64,87.855,84172.0
2024-08-05 14:52:00,87.87,88.56,87.865,88.46,266233.0
2024-08-05 14:54:00,88.52,88.96,88.315,88.47,173992.0
2024-08-05 14:56:00,88.4401,88.6,88.0,88.01,226566.0
2024-08-05 14:58:00,88.02,88.24,87.85,88.19,241119.0
2024-08-05 15:00:00,88.175,88.33,87.78,88.0,241669.0
2024-08-05 15:02:00,88.0,88.43,87.87,88.255,354630.0
2024-08-05 15:04:00,88.245,88.45,87.89,88.09,130205.0
2024-08-05 15:06:00,88.08,88.36,87.76,88.355,178052.0
2024-08-05 15:08:00,88.38,89.1,88.355,88.735,286269.0
2024-08-05 15:10:00,88.69,89.315,88.53,89.3,137456.0
2024-08-05 15:12:00,89.3175,89.32,88.66,88.86,131723.0
2024-08-05 15:14:00,88.845,89.35,88.8,89.055,137948.0
2024-08-05 15:16:00,89.055,89.4,88.76,89.325,161969.0
2024-08-05 15:18:00,89.36,89.36,89.0,89.07,202620.0
2024-08-05 15:20:00,89.04,89.3,89.0,89.16,214792.0
2024-08-05 15:22:00,89.165,89.67,89.09,89.45,162585.0
2024-08-05 15:24:00,89.47,89.71,89.13,89.23,149172.0
2024-08-05 15:26:00,89.235,89.4864,89.05,89.13,252905.0
2024-08-05 15:28:00,89.09,89.1592,88.75,88.795,153696.0
2024-08-05 15:30:00,88.76,89.15,88.57,89.15,153164.0
2024-08-05 15:32:00,89.13,89.64,89.12,89.52,106103.0
2024-08-05 15:34:00,89.5727,89.6894,89.29,89.3,99641.0
2024-08-05 15:36:00,89.33,90.24,89.3079,90.18,163293.0
2024-08-05 15:38:00,90.2,90.29,90.05,90.115,220108.0
2024-08-05 15:40:00,90.14,90.22,89.95,90.14,238867.0
2024-08-05 15:42:00,90.13,90.16,89.78,89.9,217777.0
2024-08-05 15:44:00,89.91,89.9252,89.67,89.79,107349.0
2024-08-05 15:46:00,89.81,90.25,89.715,90.14,149051.0
2024-08-05 15:48:00,90.0901,90.2715,89.9,89.97,87498.0
2024-08-05 15:50:00,89.96,90.01,89.42,89.59,135993.0
2024-08-05 15:52:00,89.59,90.0,89.585,89.68,137513.0
2024-08-05 15:54:00,89.6501,90.04,89.58,90.005,149890.0
2024-08-05 15:56:00,90.01,90.25,89.92,90.111,125195.0
2024-08-05 15:58:00,90.11,90.4899,89.97,90.375,130088.0
2024-08-05 16:00:00,90.39,90.6,90.165,90.43,141388.0
2024-08-05 16:02:00,90.42,90.98,90.402,90.97,156715.0
2024-08-05 16:04:00,90.97,90.9899,90.51,90.53,116558.0
2024-08-05 16:06:00,90.54,90.89,90.366,90.88,85107.0
2024-08-05 16:08:00,90.885,90.885,90.59,90.77,111572.0
2024-08-05 16:10:00,90.75,91.25,90.69,91.04,115615.0
2024-08-05 16:12:00,91.03,91.27,90.96,91.255,74760.0
2024-08-05 16:14:00,91.28,91.3,91.07,91.155,114623.0
2024-08-05 16:16:00,91.15,91.415,91.01,91.34,106330.0
2024-08-05 16:18:00,91.36,91.46,91.035,91.21,124104.0
2024-08-05 16:20:00,91.19,91.22,90.77,91.02,125978.0
2024-08-05 16:22:00,91.04,91.47,91.01,91.405,89513.0
2024-08-05 16:24:00,91.42,91.75,91.34,91.72,100178.0
2024-08-05 16:26:00,91.7194,91.96,91.56,91.91,127527.0
2024-08-05 16:28:00,91.9,92.25,91.77,91.94,170814.0
2024-08-05 16:30:00,91.93,91.95,91.43005,91.63,171491.0
2024-08-05 16:32:00,91.62,91.75,91.36,91.44,106713.0
2024-08-05 16:34:00,91.42,91.45,91.121,91.19,120282.0
2024-08-05 16:36:00,91.175,91.2499,90.81,90.855,88061.0
2024-08-05 16:38:00,90.855,91.015,90.7,90.91,92630.0
2024-08-05 16:40:00,90.925,91.13,90.77,91.1,106265.0
2024-08-05 16:42:00,91.08,91.47,91.08,91.17,114176.0
2024-08-05 16:44:00,91.2,91.24,90.92,91.06,191600.0
2024-08-05 16:46:00,91.065,91.07,90.781,90.85,108325.0
2024-08-05 16:48:00,90.85,90.965,90.76,90.915,110329.0
2024-08-05 16:50:00,90.94,90.98,90.6,90.82,139583.0
2024-08-05 16:52:00,90.82,90.87,90.5902,90.63,71887.0
2024-08-05 16:54:00,90.65,90.65,90.19,90.2001,82863.0
2024-08-05 16:56:00,90.24,90.62,90.24,90.5,95667.0
2024-08-05 16:58:00,90.5,90.8155,90.48,90.705,90085.0
2024-08-05 17:00:00,90.71,90.83,90.5301,90.59,38480.0
2024-08-05 17:02:00,90.615,90.71,90.4875,90.579,42794.0
2024-08-05 17:04:00,90.56,90.73,90.47,90.58,52189.0
2024-08-05 17:06:00,90.5401,90.79,90.4101,90.785,84907.0
2024-08-05 17:08:00,90.76,90.98,90.64,90.64,66864.0
2024-08-05 17:10:00,90.63,90.98,90.6,90.83,33479.0
2024-08-05 17:12:00,90.825,90.92,90.5,90.54,63978.0
2024-08-05 17:14:00,90.555,91.11,90.5201,90.93,47745.0
2024-08-05 17:16:00,90.92,91.18,90.9101,90.97,38615.0
2024-08-05 17:18:00,90.96,91.23,90.93,91.13,51114.0
2024-08-05 17:20:00,91.14,91.3199,91.1038,91.2574,42280.0
2024-08-05 17:22:00,91.2349,91.48,91.19,91.2,58158.0
2024-08-05 17:24:00,91.225,91.32,91.06,91.3,50341.0
2024-08-05 17:26:00,91.346,91.46,91.29,91.41,48951.0
2024-08-05 17:28:00,91.4097,91.44,90.95,91.05,114716.0
2024-08-05 17:30:00,91.08,91.4299,91.0301,91.41,65834.0
2024-08-05 17:32:00,91.41,91.43,91.17,91.32,34913.0
2024-08-05 17:34:00,91.345,91.51,91.23,91.29,70980.0
2024-08-05 17:36:00,91.29,91.545,91.27,91.43,59233.0
2024-08-05 17:38:00,91.43,91.4899,91.24,91.47,54558.0
2024-08-05 17:40:00,91.49,91.82,91.39,91.775,68772.0
2024-08-05 17:42:00,91.775,91.97,91.6,91.6,83473.0
2024-08-05 17:44:00,91.6,91.7,91.4401,91.475,60660.0
2024-08-05 17:46:00,91.475,91.7,91.25,91.3274,88349.0
2024-08-05 17:48:00,91.335,91.38,91.07,91.09,47735.0
2024-08-05 17:50:00,91.0604,91.285,90.9801,91.08,72711.0
2024-08-05 17:52:00,91.08,91.31,91.03,91.175,57261.0
2024-08-05 17:54:00,91.195,91.21,91.02,91.056,38375.0
2024-08-05 17:56:00,91.06,91.06,90.66,90.74,85915.0
2024-08-05 17:58:00,90.73,90.755,90.43,90.575,64708.0
2024-08-05 18:00:00,90.53,90.6,90.11,90.189,68357.0
2024-08-05 18:02:00,90.14,90.29,89.96,90.06,71054.0
2024-08-05 18:04:00,90.06,90.16,89.97,90.035,44570.0
2024-08-05 18:06:00,90.025,90.23,89.9901,90.1621,70543.0
2024-08-05 18:08:00,90.17,90.3276,90.12,90.24,53682.0
2024-08-05 18:10:00,90.24,90.37,90.2,90.315,41914.0
2024-08-05 18:12:00,90.33,90.48,90.1601,90.23,91859.0
2024-08-05 18:14:00,90.235,90.235,90.07,90.1101,132723.0
2024-08-05 18:16:00,90.15,90.45,90.15,90.39,71455.0
2024-08-05 18:18:00,90.41,90.62,90.355,90.43,73781.0
2024-08-05 18:20:00,90.45,90.48,90.29,90.335,33255.0
2024-08-05 18:22:00,90.31,90.41,90.24,90.395,36891.0
2024-08-05 18:24:00,90.39,90.42,90.26,90.375,52661.0
2024-08-05 18:26:00,90.39,90.58,90.37,90.42,54794.0
2024-08-05 18:28:00,90.44,90.64,90.35,90.61,50789.0
2024-08-05 18:30:00,90.6,90.9,90.52,90.84,109748.0
2024-08-05 18:32:00,90.86,91.04,90.7801,91.04,102852.0
2024-08-05 18:34:00,91.04,91.1,90.74,91.05,161784.0
2024-08-05 18:36:00,91.07,91.22,90.87,90.9006,85171.0
2024-08-05 18:38:00,90.915,90.98,90.54,90.685,84041.0
2024-08-05 18:40:00,90.65,90.74,90.44,90.61,83904.0
2024-08-05 18:42:00,90.595,90.635,90.37,90.39,71507.0
2024-08-05 18:44:00,90.3901,90.49,90.32,90.39,126851.0
2024-08-05 18:46:00,90.38,90.68,90.32,90.59,147331.0
2024-08-05 18:48:00,90.5701,90.59,90.3708,90.44,85305.0
2024-08-05 18:50:00,90.47,90.9,90.47,90.84,132341.0
2024-08-05 18:52:00,90.87,91.02,90.75,90.77,120602.0
2024-08-05 18:54:00,90.75,90.77,90.46,90.5,76647.0
2024-08-05 18:56:00,90.4901,90.69,90.48,90.5982,72152.0
2024-08-05 18:58:00,90.6,90.64,90.49,90.6,84525.0
2024-08-05 19:00:00,90.64,90.85,90.63,90.83,87564.0
2024-08-05 19:02:00,90.85,91.1,90.84,91.025,93513.0
2024-08-05 19:04:00,91.015,91.12,90.85,90.8705,93131.0
2024-08-05 19:06:00,90.87,90.9,90.49,90.54,75876.0
2024-08-05 19:08:00,90.485,90.63,90.36,90.38,95845.0
2024-08-05 19:10:00,90.38,90.63,90.37,90.63,104956.0
2024-08-05 19:12:00,90.63,90.77,90.44,90.509,96372.0
2024-08-05 19:14:00,90.505,90.58,90.43,90.49,89320.0
2024-08-05 19:16:00,90.48,90.49,90.38,90.39,100108.0
2024-08-05 19:18:00,90.42,90.55,90.29,90.46,74098.0
2024-08-05 19:20:00,90.44,90.86,90.42,90.75,101306.0
2024-08-05 19:22:00,90.78,90.89,90.62,90.7591,98343.0
2024-08-05 19:24:00,90.76,90.8983,90.64,90.73,73753.0
2024-08-05 19:26:00,90.71,90.89,90.645,90.83,92607.0
2024-08-05 19:28:00,90.825,90.9,90.53,90.75,93470.0
2024-08-05 19:30:00,90.74,90.9248,90.3533,90.43,143370.0
2024-08-05 19:32:00,90.4,90.43,90.14,90.18,90066.0
2024-08-05 19:34:00,90.19,90.42,90.1614,90.29,128451.0
2024-08-05 19:36:00,90.275,90.56,90.22,90.55,131805.0
2024-08-05 19:38:00,90.55,90.555,90.3513,90.455,137673.0
2024-08-05 19:40:00,90.46,90.61,90.16,90.19,119815.0
2024-08-05 19:42:00,90.19,90.2585,89.91,89.915,193893.0
2024-08-05 19:44:00,89.915,90.23,89.91,90.08,190262.0
2024-08-05 19:46:00,90.06,90.06,89.81,89.82,167022.0
2024-08-05 19:48:00,89.8,89.87,89.65,89.82,270879.0
2024-08-05 19:50:00,89.83,90.21,89.71,90.01,327059.0
2024-08-05 19:52:00,90.02,90.1588,89.97,90.05,255888.0
2024-08-05 19:54:00,90.04,90.11,89.81,89.9,417231.0
2024-08-05 19:56:00,89.915,90.08,89.87,89.91,338369.0
2024-08-05 19:58:00,89.92,90.47,89.88,90.46,1009385.0
2024-08-05 20:00:00,90.42,90.52,89.72,90.51,111211.0
2024-08-05 20:02:00,90.57,90.68,90.42,90.68,30275.0
2024-08-05 20:04:00,90.59,90.92,90.44,90.7213,9180.0
2024-08-05 20:06:00,90.77,90.98,90.77,90.96,3192.0
2024-08-05 20:08:00,90.99,91.478,90.96,91.01,15952.0
2024-08-05 20:10:00,91.01,91.01,90.96,90.96,8195.0
2024-08-05 20:12:00,90.86,90.98,90.42,90.42,8489.0
2024-08-05 20:14:00,90.43,90.6,90.43,90.6,6485.0
2024-08-05 20:16:00,90.455,90.61,90.455,90.61,892.0
2024-08-05 20:18:00,90.75,90.75,90.75,90.75,210.0
2024-08-05 20:20:00,90.74,90.93,90.74,90.93,14346.0
2024-08-05 20:22:00,90.88,90.9,90.85,90.9,3308.0
2024-08-05 20:24:00,90.64,90.66,90.61,90.66,4296.0
2024-08-05 20:26:00,90.82,90.88,90.65,90.66,53062.0
2024-08-05 20:28:00,90.6,90.78,90.51,90.65,17754.0
2024-08-05 20:32:00,90.66,90.79,90.66,90.6611,1023.0
2024-08-05 20:34:00,90.67,90.73,90.67,90.73,1186.0
2024-08-05 20:36:00,90.8,90.8,90.74,90.78,1026.0
2024-08-05 20:38:00,90.78,90.78,90.74,90.74,1668.0
2024-08-05 20:40:00,90.68,90.68,90.6,90.68,2447.0
2024-08-05 20:42:00,90.7294,90.73,90.7294,90.73,810.0
2024-08-05 20:44:00,90.73,90.79,90.73,90.79,1262.0
2024-08-05 20:46:00,90.8,90.89,90.77,90.87,1582.0
2024-08-05 20:48:00,90.88,90.94,90.83,90.84,2825.0
2024-08-05 20:50:00,90.94,90.94,90.92,90.94,1372.0
2024-08-05 20:52:00,90.94,90.94,90.94,90.94,249.0
2024-08-05 20:54:00,90.91,90.91,90.91,90.91,466.0
2024-08-05 20:56:00,90.98,91.01,90.98,91.01,1560.0
2024-08-05 20:58:00,91.01,91.06,91.01,91.06,626.0
2024-08-05 21:00:00,91.18,91.27,91.18,91.18,810.0
2024-08-05 21:02:00,91.12,91.15,91.12,91.12,692.0
2024-08-05 21:04:00,91.1,91.2,91.1,91.2,1199.0
2024-08-05 21:06:00,91.11,91.11,91.11,91.11,700.0
2024-08-05 21:10:00,91.1,91.18,91.1,91.1,1310.0
2024-08-05 21:12:00,91.183,91.19,91.1,91.1,1366.0
2024-08-05 21:14:00,91.1,91.1,91.0722,91.0722,548.0
2024-08-05 21:16:00,91.17,91.19,91.17,91.19,679.0
2024-08-05 21:18:00,91.17,91.17,91.07,91.07,1432.0
2024-08-05 21:20:00,91.19,91.2,91.19,91.2,1080.0
2024-08-05 21:22:00,91.3387,91.3387,91.2,91.2,4263.0
2024-08-05 21:24:00,91.34,91.34,91.16,91.16,973.0
2024-08-05 21:26:00,91.0919,91.0919,90.42,90.42,2562.0
2024-08-05 21:28:00,91.15,91.15,91.15,91.15,162.0
2024-08-05 21:30:00,91.15,91.15,91.15,91.15,378.0
2024-08-05 21:32:00,91.01,91.01,91.01,91.01,708.0
2024-08-05 21:34:00,91.1,91.1,91.0986,91.0986,398.0
2024-08-05 21:36:00,91.0,91.0,91.0,91.0,858.0
2024-08-05 21:38:00,90.42,90.42,90.42,90.42,324.0
2024-08-05 21:40:00,91.15,91.15,91.15,91.15,934.0
2024-08-05 21:44:00,91.1501,91.38,91.1501,91.36,650.0
2024-08-05 21:46:00,91.36,91.44,91.35,91.36,2406.0
2024-08-05 21:50:00,91.4999,91.5,91.44,91.5,4925.0
2024-08-05 21:52:00,91.5,91.5,91.5,91.5,785.0
2024-08-05 21:56:00,91.4,91.4,91.4,91.4,630.0
2024-08-05 22:00:00,91.68,91.68,91.4,91.5,1947.0
2024-08-05 22:02:00,91.6,91.6,91.56,91.56,1122.0
2024-08-05 22:04:00,91.6204,91.6204,91.6204,91.6204,724.0
2024-08-05 22:06:00,91.7,91.85,91.69,91.85,5928.0
2024-08-05 22:08:00,91.85,91.85,91.84,91.84,1459.0
2024-08-05 22:10:00,91.85,91.94,91.73,91.7461,1934.0
2024-08-05 22:12:00,91.94,91.94,91.94,91.94,1570.0
2024-08-05 22:14:00,91.85,91.94,91.83,91.925,3341.0
2024-08-05 22:16:00,91.74,91.74,91.65,91.65,773.0
2024-08-05 22:18:00,91.9488,91.9489,91.65,91.9489,627.0
2024-08-05 22:20:00,91.9488,92.1,91.94,92.06,4469.0
2024-08-05 22:22:00,91.94,92.09,91.94,92.09,2159.0
2024-08-05 22:24:00,92.11,92.11,92.11,92.11,153.0
2024-08-05 22:26:00,92.12,92.12,92.0,92.0,1031.0
2024-08-05 22:28:00,92.0,92.0,91.95,91.95,1895.0
2024-08-05 22:30:00,91.8226,91.8226,91.77,91.7704,888.0
2024-08-05 22:32:00,91.7704,91.7704,91.7704,91.7704,115.0
2024-08-05 22:34:00,91.81,91.81,91.81,91.81,228.0
2024-08-05 22:38:00,91.77,91.77,91.77,91.77,566.0
2024-08-05 22:44:00,91.9,91.9,91.9,91.9,591.0
2024-08-05 22:46:00,91.75,91.89,91.75,91.89,326.0
2024-08-05 22:48:00,91.82,91.82,91.82,91.82,345.0
2024-08-05 22:52:00,91.6209,91.72,91.62,91.62,2609.0
2024-08-05 22:54:00,91.6,91.6,91.5,91.5,1480.0
2024-08-05 22:56:00,91.6885,91.6885,91.6885,91.6885,346.0
2024-08-05 22:58:00,91.6,91.6,91.6,91.6,583.0
2024-08-05 23:04:00,91.68,91.68,91.68,91.68,100.0
2024-08-05 23:06:00,91.68,91.68,91.3301,91.3301,828.0
2024-08-05 23:08:00,91.75,91.75,91.75,91.75,995.0
2024-08-05 23:10:00,91.8982,91.8982,91.8982,91.8982,141.0
2024-08-05 23:12:00,91.4859,91.4859,91.4859,91.4859,358.0
2024-08-05 23:16:00,91.54,91.54,91.54,91.54,312.0
2024-08-05 23:18:00,91.65,91.65,91.5,91.51,9109.0
2024-08-05 23:20:00,91.4195,91.4195,91.4195,91.4195,286.0
2024-08-05 23:24:00,91.57,91.58,91.4078,91.58,4476.0
2024-08-05 23:28:00,91.51,91.7892,91.51,91.7892,6753.0
2024-08-05 23:34:00,91.92,91.92,91.92,91.92,893.0
2024-08-05 23:36:00,91.85,91.85,91.85,91.85,362.0
2024-08-05 23:40:00,91.9,91.9,91.88,91.9,1861.0
2024-08-05 23:42:00,91.8599,91.8599,91.8,91.8,1426.0
2024-08-05 23:44:00,91.92,91.92,91.9188,91.9188,628.0
2024-08-05 23:46:00,91.8,91.9183,91.8,91.9183,984.0
2024-08-05 23:48:00,91.9199,91.9199,91.8,91.8,2745.0
2024-08-05 23:50:00,91.92,91.98,91.92,91.98,3689.0
2024-08-05 23:52:00,92.0,92.05,92.0,92.05,1695.0
2024-08-05 23:54:00,92.04,92.12,92.04,92.12,2080.0
2024-08-05 23:56:00,92.1001,92.1001,92.1,92.1,2140.0
2024-08-05 23:58:00,92.1,92.1419,92.0,92.05,3462.0
2024-08-06 08:00:00,94.15,94.15,92.29,92.5,8699.0
2024-08-06 08:02:00,92.3,92.4,91.96,91.96,6236.0
2024-08-06 08:04:00,92.0,92.0,91.64,91.91,2496.0
2024-08-06 08:06:00,92.08,92.08,91.93,92.0,3619.0
2024-08-06 08:08:00,91.98,91.98,91.62,91.68,3564.0
2024-08-06 08:10:00,91.78,91.78,91.52,91.52,1743.0
2024-08-06 08:14:00,91.37,91.41,90.86,90.86,3233.0
2024-08-06 08:16:00,90.91,90.97,90.82,90.97,2224.0
2024-08-06 08:18:00,91.08,91.08,90.58,90.58,2906.0
2024-08-06 08:24:00,90.99,90.99,90.99,90.99,719.0
2024-08-06 08:26:00,91.27,91.32,91.27,91.32,1701.0
2024-08-06 08:28:00,91.35,91.37,91.35,91.37,772.0
2024-08-06 08:30:00,91.4,91.4,91.4,91.4,281.0
2024-08-06 08:32:00,91.18,91.18,91.18,91.18,884.0
2024-08-06 08:34:00,91.23,91.23,91.23,91.23,743.0
2024-08-06 08:36:00,91.05,91.05,90.8,90.8,2629.0
2024-08-06 08:42:00,90.95,90.95,90.95,90.95,1304.0
2024-08-06 08:46:00,91.05,91.05,91.01,91.01,1441.0
2024-08-06 08:48:00,91.19,91.2,91.19,91.2,783.0
2024-08-06 08:50:00,91.3,91.3,91.3,91.3,1140.0
2024-08-06 08:52:00,91.2,91.35,91.2,91.35,1039.0
2024-08-06 08:54:00,91.39,91.39,91.38,91.38,411.0
2024-08-06 08:58:00,91.2,91.2,91.2,91.2,300.0
2024-08-06 09:00:00,91.18,91.18,90.9,90.9,1901.0
2024-08-06 09:04:00,90.62,90.62,90.51,90.52,891.0
2024-08-06 09:10:00,90.79,90.79,90.79,90.79,878.0
2024-08-06 09:16:00,90.51,90.51,90.42,90.42,1859.0
2024-08-06 09:18:00,90.38,90.64,90.38,90.64,1174.0
2024-08-06 09:22:00,90.47,90.47,90.47,90.47,1216.0
2024-08-06 09:28:00,90.5,90.55,90.5,90.55,917.0
2024-08-06 09:30:00,90.42,90.42,90.42,90.42,361.0
2024-08-06 09:32:00,90.21,90.22,90.13,90.13,2397.0
2024-08-06 09:36:00,90.0,90.0,89.9,89.9,2577.0
2024-08-06 09:38:00,89.75,89.75,89.75,89.75,546.0
2024-08-06 09:42:00,90.0,90.0,90.0,90.0,1355.0
2024-08-06 10:02:00,90.59,90.6,90.59,90.6,660.0
2024-08-06 10:06:00,90.45,90.45,90.45,90.45,618.0
2024-08-06 10:10:00,90.58,90.58,90.58,90.58,617.0
2024-08-06 10:12:00,90.58,90.61,90.58,90.6,3156.0
2024-08-06 10:14:00,90.79,90.8,90.79,90.8,1634.0
2024-08-06 10:16:00,90.7,90.7,90.7,90.7,553.0
2024-08-06 10:20:00,90.34,90.34,90.34,90.34,913.0
2024-08-06 10:30:00,90.88,90.89,90.88,90.88,1875.0
2024-08-06 10:32:00,90.88,90.88,90.88,90.88,699.0
2024-08-06 10:36:00,91.0,91.0,90.88,90.88,1038.0
2024-08-06 10:38:00,90.87,90.87,90.87,90.87,390.0
2024-08-06 10:40:00,90.96,90.96,90.96,90.96,798.0
2024-08-06 10:42:00,91.03,91.03,91.0,91.0,1777.0
2024-08-06 10:48:00,90.95,90.95,90.95,90.95,272.0
2024-08-06 10:50:00,91.0,91.0,91.0,91.0,857.0
2024-08-06 10:52:00,91.0,91.0,90.97,90.97,799.0
2024-08-06 10:56:00,90.97,91.09,90.97,91.03,609.0
2024-08-06 10:58:00,90.97,90.97,90.97,90.97,315.0
2024-08-06 11:00:00,91.0,91.2,91.0,91.16,7667.0
2024-08-06 11:02:00,91.39,91.56,91.39,91.56,28035.0
2024-08-06 11:04:00,91.55,91.55,91.39,91.51,3081.0
2024-08-06 11:06:00,91.59,91.59,91.5,91.5,3058.0
2024-08-06 11:08:00,91.49,91.9,91.49,91.9,8836.0
2024-08-06 11:10:00,91.8,91.9,91.7,91.9,702.0
2024-08-06 11:14:00,91.7,91.88,91.7,91.87,1237.0
2024-08-06 11:16:00,91.7,91.7,91.7,91.7,1692.0
2024-08-06 11:18:00,91.65,91.7,91.43,91.43,4535.0
2024-08-06 11:22:00,91.6,91.6,91.6,91.6,1202.0
2024-08-06 11:24:00,91.4,91.4,91.4,91.4,901.0
2024-08-06 11:26:00,91.48,91.48,91.4,91.4,1355.0
2024-08-06 11:28:00,91.47,91.48,91.47,91.48,4844.0
2024-08-06 11:30:00,91.74,91.75,91.46,91.46,8021.0
2024-08-06 11:32:00,91.37,91.38,91.36,91.37,2719.0
2024-08-06 11:36:00,91.3,91.48,91.29,91.29,4908.0
2024-08-06 11:38:00,91.29,91.29,91.2,91.2,2721.0
2024-08-06 11:40:00,91.15,91.15,90.5,90.89,8235.0
2024-08-06 11:42:00,90.54,90.9,90.49,90.9,5043.0
2024-08-06 11:44:00,90.7,90.7,90.66,90.66,1560.0
2024-08-06 11:46:00,90.85,90.85,90.7,90.7,2480.0
2024-08-06 11:48:00,90.84,90.84,90.84,90.84,451.0
2024-08-06 11:50:00,90.88,90.95,90.86,90.86,3093.0
2024-08-06 11:54:00,90.93,90.93,90.93,90.93,210.0
2024-08-06 11:56:00,90.8,90.8,90.8,90.8,601.0
2024-08-06 11:58:00,90.79,90.9,90.79,90.9,3134.0
2024-08-06 12:00:00,91.9,94.94,90.55,90.85,176606.0
2024-08-06 12:02:00,91.03,91.1908,91.03,91.03,1092.0
2024-08-06 12:04:00,91.03,91.03,91.03,91.03,3552.0
2024-08-06 12:06:00,91.03,91.2,91.0,91.0,7882.0
2024-08-06 12:08:00,90.82,91.0,90.7,91.0,5078.0
2024-08-06 12:10:00,91.0,91.0,90.77,90.77,1045.0
2024-08-06 12:12:00,91.0,91.2,91.0,91.09,3319.0
2024-08-06 12:14:00,91.09,91.09,91.09,91.09,134.0
2024-08-06 12:16:00,91.1,91.1,91.1,91.1,192.0
2024-08-06 12:18:00,91.09,91.1993,91.09,91.1993,605.0
2024-08-06 12:22:00,90.9,91.0,90.75,91.0,3539.0
2024-08-06 12:24:00,91.0,91.0,90.75,90.75,535.0
2024-08-06 12:26:00,90.74,90.9994,90.6168,90.9994,1091.0
2024-08-06 12:28:00,90.6239,90.78,90.6179,90.78,1197.0
2024-08-06 12:30:00,90.76,90.9,90.5,90.5,11565.0
2024-08-06 12:32:00,90.401,90.401,90.18,90.3,7295.0
2024-08-06 12:34:00,90.28,90.48,90.28,90.36,1924.0
2024-08-06 12:36:00,90.39,90.47,90.31,90.31,3372.0
2024-08-06 12:38:00,90.18,90.18,89.7,89.7,15992.0
2024-08-06 12:40:00,89.69,90.0001,89.69,90.0001,2781.0
2024-08-06 12:42:00,90.03,90.1,90.0,90.1,2413.0
2024-08-06 12:44:00,90.356,90.36,90.1,90.23,3130.0
2024-08-06 12:46:00,90.49,90.49,90.25,90.25,1298.0
2024-08-06 12:48:00,90.25,90.48,90.25,90.25,2297.0
2024-08-06 12:50:00,90.39,90.4,90.23,90.23,2974.0
2024-08-06 12:52:00,90.29,90.41,90.23,90.23,2506.0
2024-08-06 12:54:00,90.2,90.33,90.07,90.07,2010.0
2024-08-06 12:56:00,90.1,90.1,89.8,89.8,7012.0
2024-08-06 12:58:00,89.8,90.0,89.8,90.0,4838.0
2024-08-06 13:00:00,89.96,90.0,89.96,90.0,3594.0
2024-08-06 13:02:00,90.0,90.1397,90.0,90.1397,7837.0
2024-08-06 13:04:00,90.2351,90.5,90.19,90.2,11947.0
2024-08-06 13:06:00,90.2506,90.35,90.03,90.07,6762.0
2024-08-06 13:08:00,90.08,90.2,89.99,90.2,12687.0
2024-08-06 13:10:00,90.2,90.38,90.12,90.12,2923.0
2024-08-06 13:12:00,90.07,90.147,89.93,90.147,3716.0
2024-08-06 13:14:00,90.1,90.1,89.85,89.85,4985.0
2024-08-06 13:16:00,89.9183,90.15,89.69,89.69,8137.0
2024-08-06 13:18:00,89.65,89.88,89.58,89.88,5580.0
2024-08-06 13:20:00,89.91,90.11,89.7808,90.1,4241.0
2024-08-06 13:22:00,90.1489,90.1489,89.72,89.74,18756.0
2024-08-06 13:24:00,89.76,89.89,89.03,89.2,36503.0
2024-08-06 13:26:00,89.25,89.7598,88.9,89.11,33493.0
2024-08-06 13:28:00,89.19,89.3,89.14,89.2,21253.0
2024-08-06 13:30:00,89.2,89.2,88.38,88.865,967950.0
2024-08-06 13:32:00,88.865,89.86,88.69,89.025,260073.0
2024-08-06 13:34:00,89.03,89.17,88.02,88.11,264591.0
2024-08-06 13:36:00,88.1,88.12,87.15,87.31,347831.0
2024-08-06 13:38:00,87.345,87.94,87.23,87.79,382141.0
2024-08-06 13:40:00,87.77,88.2,87.467,87.6132,375115.0
2024-08-06 13:42:00,87.57,87.62,87.21,87.575,278259.0
2024-08-06 13:44:00,87.61,87.8499,87.44,87.56,254771.0
2024-08-06 13:46:00,87.6,88.58,87.51,88.43,321602.0
2024-08-06 13:48:00,88.44,88.68,88.26,88.45,173997.0
2024-08-06 13:50:00,88.435,88.435,88.07,88.39,130590.0
2024-08-06 13:52:00,88.35,89.38,88.35,89.3,219299.0
2024-08-06 13:54:00,89.28,89.42,89.14,89.28,144516.0
2024-08-06 13:56:00,89.275,89.63,89.2,89.375,121219.0
2024-08-06 13:58:00,89.3401,89.4735,88.9301,89.27,130633.0
2024-08-06 14:00:00,89.24,89.24,88.85,89.02,193796.0
2024-08-06 14:02:00,88.98,89.48,88.98,89.18,175409.0
2024-08-06 14:04:00,89.185,89.37,89.03,89.35,133032.0
2024-08-06 14:06:00,89.29,89.611,89.1201,89.605,149739.0
2024-08-06 14:08:00,89.57,90.0,89.51,89.87,205518.0
2024-08-06 14:10:00,89.86,89.92,89.49,89.61,196708.0
2024-08-06 14:12:00,89.6,89.7,89.42,89.57,172220.0
2024-08-06 14:14:00,89.6,89.614,89.14,89.23,197196.0
2024-08-06 14:16:00,89.25,89.49,89.17,89.33,172857.0
2024-08-06 14:18:00,89.3599,89.54,89.13,89.255,300063.0
2024-08-06 14:20:00,89.25,89.39,89.035,89.33,211405.0
2024-08-06 14:22:00,89.335,89.56,89.19,89.38,109457.0
2024-08-06 14:24:00,89.34,89.67,89.15,89.175,165422.0
2024-08-06 14:26:00,89.15,89.31,89.06,89.26,99460.0
2024-08-06 14:28:00,89.29,89.44,88.93,88.95,96779.0
2024-08-06 14:30:00,88.97,89.03,88.78,88.97,144894.0
2024-08-06 14:32:00,88.99,89.19,88.92,89.165,124651.0
2024-08-06 14:34:00,89.165,89.53,89.05,89.425,113716.0
2024-08-06 14:36:00,89.425,89.425,89.01,89.26,86374.0
2024-08-06 14:38:00,89.29,89.34,89.05,89.09,101291.0
2024-08-06 14:40:00,89.09,89.32,89.0701,89.16,83907.0
2024-08-06 14:42:00,89.125,89.27,88.99,89.11,188428.0
2024-08-06 14:44:00,89.075,89.3,89.02,89.29,97371.0
2024-08-06 14:46:00,89.25,89.95,89.25,89.875,162383.0
2024-08-06 14:48:00,89.89,90.11,89.695,90.11,170039.0
2024-08-06 14:50:00,90.08,90.1099,89.76,89.785,203966.0
2024-08-06 14:52:00,89.8,89.9875,89.6647,89.825,113159.0
2024-08-06 14:54:00,89.81,89.89,89.5004,89.51,154304.0
2024-08-06 14:56:00,89.51,89.68,89.25,89.33,78751.0
2024-08-06 14:58:00,89.365,89.58,89.2653,89.2653,74581.0
2024-08-06 15:00:00,89.28,89.59,89.2401,89.5,93644.0
2024-08-06 15:02:00,89.515,89.56,89.37,89.42,79256.0
2024-08-06 15:04:00,89.45,89.57,89.33,89.515,77647.0
2024-08-06 15:06:00,89.525,89.57,89.38,89.405,72739.0
2024-08-06 15:08:00,89.4223,89.59,89.32,89.54,97405.0
2024-08-06 15:10:00,89.52,89.56,89.0,89.09,102623.0
2024-08-06 15:12:00,89.07,89.13,88.75,88.855,103999.0
2024-08-06 15:14:00,88.84,88.8994,88.07,88.11,255066.0
2024-08-06 15:16:00,88.09,88.35,88.09,88.35,116457.0
2024-08-06 15:18:00,88.325,88.4643,88.14,88.44,197446.0
2024-08-06 15:20:00,88.4699,88.58,88.3,88.47,108202.0
2024-08-06 15:22:00,88.46,88.96,88.42,88.9359,99872.0
2024-08-06 15:24:00,88.9399,88.96,88.76,88.77,90148.0
2024-08-06 15:26:00,88.78,88.92,88.735,88.81,80291.0
2024-08-06 15:28:00,88.815,88.83,88.34,88.39,145314.0
2024-08-06 15:30:00,88.4,88.55,88.315,88.34,79715.0
2024-08-06 15:32:00,88.32,88.7,88.25,88.64,73580.0
2024-08-06 15:34:00,88.64,88.68,88.32,88.5,128029.0
2024-08-06 15:36:00,88.48,88.855,88.48,88.77,66762.0
2024-08-06 15:38:00,88.7306,88.75,88.6,88.645,49587.0
2024-08-06 15:40:00,88.67,88.7,88.49,88.64,71838.0
2024-08-06 15:42:00,88.635,88.65,88.33,88.45,116581.0
2024-08-06 15:44:00,88.4595,88.81,88.4595,88.67,60876.0
2024-08-06 15:46:00,88.68,88.68,88.39,88.5028,83085.0
2024-08-06 15:48:00,88.5,88.7,88.44,88.66,79829.0
2024-08-06 15:50:00,88.65,88.74,88.52,88.59,79151.0
2024-08-06 15:52:00,88.575,88.94,88.5601,88.875,101780.0
2024-08-06 15:54:00,88.875,88.89,88.5801,88.775,59089.0
2024-08-06 15:56:00,88.78,88.87,88.67,88.69,47453.0
2024-08-06 15:58:00,88.69,88.98,88.62,88.97,59481.0
2024-08-06 16:00:00,88.95,89.05,88.76,88.855,81057.0
2024-08-06 16:02:00,88.855,88.915,88.79,88.79,47496.0
2024-08-06 16:04:00,88.8099,88.84,88.6342,88.76,59029.0
2024-08-06 16:06:00,88.765,88.93,88.695,88.89,62451.0
2024-08-06 16:08:00,88.87,88.93,88.81,88.85,72906.0
2024-08-06 16:10:00,88.87,89.06,88.87,89.0,61968.0
2024-08-06 16:12:00,89.0,89.12,88.9215,89.12,48460.0
2024-08-06 16:14:00,89.13,89.3699,89.12,89.345,108407.0
2024-08-06 16:16:00,89.345,89.39,89.27,89.325,51554.0
2024-08-06 16:18:00,89.33,89.34,89.08,89.26,62408.0
2024-08-06 16:20:00,89.26,89.32,89.19,89.3,61090.0
2024-08-06 16:22:00,89.27,89.3,89.0731,89.14,84605.0
2024-08-06 16:24:00,89.13,89.19,88.995,89.08,61804.0
2024-08-06 16:26:00,89.1,89.2,89.0,89.025,48857.0
2024-08-06 16:28:00,89.03,89.17,89.01,89.13,38933.0
2024-08-06 16:30:00,89.15,89.2075,89.05,89.1,29491.0
2024-08-06 16:32:00,89.09,89.2,89.05,89.18,41325.0
2024-08-06 16:34:00,89.17,89.33,89.17,89.2404,50118.0
2024-08-06 16:36:00,89.24,89.24,88.83,89.04,64924.0
2024-08-06 16:38:00,89.02,89.26,88.945,89.26,57066.0
2024-08-06 16:40:00,89.285,89.38,89.24,89.365,52854.0
2024-08-06 16:42:00,89.365,89.41,89.33,89.365,45050.0
2024-08-06 16:44:00,89.375,89.5,89.31,89.48,59402.0
2024-08-06 16:46:00,89.48,89.58,89.43,89.435,67298.0
2024-08-06 16:48:00,89.41,89.6,89.41,89.47,51956.0
2024-08-06 16:50:00,89.475,89.57,89.46,89.57,43831.0
2024-08-06 16:52:00,89.58,90.0,89.575,89.95,186345.0
2024-08-06 16:54:00,89.95,90.17,89.95,90.07,189524.0
2024-08-06 16:56:00,90.0775,90.35,89.917,90.31,171555.0
2024-08-06 16:58:00,90.3,90.34,90.09,90.23,71058.0
2024-08-06 17:00:00,90.22,90.285,90.08,90.2506,58440.0
2024-08-06 17:02:00,90.24,90.44,90.24,90.41,72343.0
2024-08-06 17:04:00,90.43,90.56,90.21,90.28,83199.0
2024-08-06 17:06:00,90.29,90.54,90.29,90.42,72485.0
2024-08-06 17:08:00,90.42,90.56,90.37,90.44,76280.0
2024-08-06 17:10:00,90.435,90.47,90.28,90.32,59275.0
2024-08-06 17:12:00,90.32,90.36,90.24,90.3029,63759.0
2024-08-06 17:14:00,90.3,90.38,89.915,90.0,76652.0
2024-08-06 17:16:00,89.99,89.99,89.8,89.84,127711.0
2024-08-06 17:18:00,89.86,89.95,89.75,89.7501,86122.0
2024-08-06 17:20:00,89.77,89.865,89.71,89.72,121184.0
2024-08-06 17:22:00,89.71,89.83,89.67,89.73,70027.0
2024-08-06 17:24:00,89.74,89.84,89.66,89.79,55529.0
2024-08-06 17:26:00,89.775,89.8,89.6208,89.78,66687.0
2024-08-06 17:28:00,89.8,90.1299,89.77,90.07,52846.0
2024-08-06 17:30:00,90.11,90.24,90.04,90.065,81741.0
2024-08-06 17:32:00,90.08,90.15,90.045,90.11,62765.0
2024-08-06 17:34:00,90.13,90.13,89.9,89.98,92017.0
2024-08-06 17:36:00,89.97,90.15,89.97,90.14,79614.0
2024-08-06 17:38:00,90.1,90.22,90.0415,90.11,95332.0
2024-08-06 17:40:00,90.11,90.15,90.015,90.14,58449.0
2024-08-06 17:42:00,90.12,90.15,89.94,89.98,69427.0
2024-08-06 17:44:00,89.99,90.09,89.81,89.81,71995.0
2024-08-06 17:46:00,89.805,90.04,89.805,89.98,39520.0
2024-08-06 17:48:00,89.99,90.09,89.9501,89.97,35555.0
2024-08-06 17:50:00,89.98,90.055,89.84,90.045,71931.0
2024-08-06 17:52:00,90.035,90.19,89.985,90.17,72434.0
2024-08-06 17:54:00,90.19,90.38,90.1701,90.3001,70929.0
2024-08-06 17:56:00,90.32,90.33,90.12,90.145,88914.0
2024-08-06 17:58:00,90.15,90.15,89.89,89.905,67235.0
2024-08-06 18:00:00,89.91,89.92,89.77,89.83,73362.0
2024-08-06 18:02:00,89.8,89.97,89.78,89.95,46905.0
2024-08-06 18:04:00,89.95,90.08,89.9001,90.015,95245.0
2024-08-06 18:06:00,90.015,90.14,89.98,90.09,76338.0
2024-08-06 18:08:00,90.0919,90.24,90.0,90.215,84865.0
2024-08-06 18:10:00,90.21,90.31,90.15,90.26,46574.0
2024-08-06 18:12:00,90.26,90.37,90.2439,90.34,84255.0
2024-08-06 18:14:00,90.37,90.47,90.3,90.38,92945.0
2024-08-06 18:16:00,90.39,90.48,90.38,90.4472,44541.0
2024-08-06 18:18:00,90.44,90.6,90.44,90.5,86421.0
2024-08-06 18:20:00,90.47,90.72,90.46,90.69,93031.0
2024-08-06 18:22:00,90.72,90.86,90.63,90.69,96575.0
2024-08-06 18:24:00,90.675,90.75,90.62,90.7,44991.0
2024-08-06 18:26:00,90.705,90.729,90.65,90.715,38544.0
2024-08-06 18:28:00,90.69,90.73,90.6,90.68,52898.0
2024-08-06 18:30:00,90.69,90.6983,90.48,90.51,49670.0
2024-08-06 18:32:00,90.52,90.56,90.4,90.53,46520.0
2024-08-06 18:34:00,90.535,90.6,90.48,90.48,47244.0
2024-08-06 18:36:00,90.49,90.53,90.345,90.36,63343.0
2024-08-06 18:38:00,90.34,90.3953,90.29,90.36,82875.0
2024-08-06 18:40:00,90.37,90.39,90.28,90.35,56100.0
2024-08-06 18:42:00,90.36,90.41,90.325,90.405,42722.0
2024-08-06 18:44:00,90.405,90.49,90.31,90.36,43837.0
2024-08-06 18:46:00,90.365,90.41,90.29,90.4002,42011.0
2024-08-06 18:48:00,90.4,90.45,90.35,90.3714,48470.0
2024-08-06 18:50:00,90.375,90.47,90.345,90.47,47656.0
2024-08-06 18:52:00,90.47,90.48,90.38,90.385,28942.0
2024-08-06 18:54:00,90.39,90.47,90.36,90.37,46642.0
2024-08-06 18:56:00,90.37,90.37,90.16,90.19,101476.0
2024-08-06 18:58:00,90.22,90.22,89.79,89.8,91450.0
2024-08-06 19:00:00,89.81,89.83,89.6,89.665,82294.0
2024-08-06 19:02:00,89.6795,89.6795,89.2,89.26,132612.0
2024-08-06 19:04:00,89.28,89.44,89.25,89.38,152061.0
2024-08-06 19:06:00,89.39,89.4799,88.94,89.01,106978.0
2024-08-06 19:08:00,89.02,89.21,88.96,89.09,113616.0
2024-08-06 19:10:00,89.11,89.33,89.01,89.305,88482.0
2024-08-06 19:12:00,89.305,89.49,89.22,89.235,106449.0
2024-08-06 19:14:00,89.235,89.33,89.16,89.3,104906.0
2024-08-06 19:16:00,89.29,89.33,88.98,89.035,147739.0
2024-08-06 19:18:00,89.035,89.24,89.035,89.165,109525.0
2024-08-06 19:20:00,89.165,89.51,89.12,89.4665,141958.0
2024-08-06 19:22:00,89.47,89.67,89.42,89.615,101306.0
2024-08-06 19:24:00,89.61,89.74,89.55,89.6,83080.0
2024-08-06 19:26:00,89.62,89.62,89.44,89.51,111381.0
2024-08-06 19:28:00,89.53,89.56,89.2708,89.415,83265.0
2024-08-06 19:30:00,89.43,89.72,89.3,89.71,80274.0
2024-08-06 19:32:00,89.7,89.71,89.53,89.585,73886.0
2024-08-06 19:34:00,89.56,89.67,89.38,89.45,107922.0
2024-08-06 19:36:00,89.4201,89.52,89.35,89.45,96265.0
2024-08-06 19:38:00,89.47,89.6,89.34,89.35,102100.0
2024-08-06 19:40:00,89.36,89.48,89.22,89.32,124845.0
2024-08-06 19:42:00,89.325,89.49,89.19,89.26,104144.0
2024-08-06 19:44:00,89.24,89.38,89.12,89.28,105877.0
2024-08-06 19:46:00,89.26,89.3,89.03,89.03,102369.0
2024-08-06 19:48:00,89.04,89.09,88.86,88.91,158753.0
2024-08-06 19:50:00,88.89,89.05,88.71,88.905,247725.0
2024-08-06 19:52:00,88.92,89.21,88.825,89.055,256612.0
2024-08-06 19:54:00,89.075,89.13,88.89,89.045,327988.0
2024-08-06 19:56:00,89.05,89.34,88.9,88.98,444649.0
2024-08-06 19:58:00,88.9801,89.0,88.82,88.94,800466.0
2024-08-06 20:00:00,89.0,89.0,88.88,88.89,138810.0
2024-08-06 20:02:00,88.9,88.9,88.82,88.82,1581.0
2024-08-06 20:04:00,88.8,89.0,88.7984,88.7984,17137.0
2024-08-06 20:06:00,88.81,89.0,88.78,88.82,25638.0
2024-08-06 20:08:00,88.89,88.9,88.89,88.9,658.0
2024-08-06 20:10:00,88.82,88.83,88.82,88.83,677.0
2024-08-06 20:12:00,88.94,88.94,88.68,88.76,7516.0
2024-08-06 20:14:00,88.78,88.8,88.69,88.8,4237.0
2024-08-06 20:16:00,88.78,88.78,88.73,88.73,1328.0
2024-08-06 20:18:00,88.84,90.5,88.65,90.32,57061.0
2024-08-06 20:20:00,90.2,90.9,90.17,90.9,44396.0
2024-08-06 20:22:00,90.32,90.68,90.23,90.27,14362.0
2024-08-06 20:24:00,90.27,90.27,89.0,89.64,9050.0
2024-08-06 20:26:00,89.7,89.71,89.53,89.69,5995.0
2024-08-06 20:28:00,89.71,90.0372,89.56,89.56,9534.0
2024-08-06 20:30:00,89.55,89.55,88.89,88.89,8237.0
2024-08-06 20:32:00,89.2,89.2,88.8,89.0,7663.0
2024-08-06 20:34:00,89.0,89.27,88.81,89.0,7565.0
2024-08-06 20:36:00,88.92,89.09,88.5,88.97,9769.0
2024-08-06 20:38:00,88.74,89.1975,88.74,89.0,2075.0
2024-08-06 20:40:00,88.74,89.18,88.74,89.18,6297.0
2024-08-06 20:42:00,89.0,89.0,88.6,88.6,1590.0
2024-08-06 20:44:00,88.69,88.7,88.3862,88.6,2746.0
2024-08-06 20:46:00,88.55,88.55,88.35,88.35,2958.0
2024-08-06 20:48:00,88.18,88.39,88.15,88.37,3717.0
2024-08-06 20:50:00,88.1,88.4,88.1,88.11,3597.0
2024-08-06 20:52:00,88.1,88.39,88.08,88.21,4138.0
2024-08-06 20:54:00,88.12,88.12,87.88,87.92,67628.0
2024-08-06 20:56:00,87.87,87.87,87.3229,87.3229,12447.0
2024-08-06 20:58:00,87.5,89.0,87.25,87.3,17991.0
2024-08-06 21:00:00,87.69,88.3,87.69,88.3,4367.0
2024-08-06 21:02:00,88.3451,88.3451,87.7106,88.1,2569.0
2024-08-06 21:04:00,88.0,88.0,88.0,88.0,474.0
2024-08-06 21:08:00,88.4856,88.4856,88.4856,88.4856,627.0
2024-08-06 21:10:00,88.4,88.41,88.4,88.41,380.0
2024-08-06 21:14:00,88.2,88.374,88.2,88.374,1093.0
2024-08-06 21:16:00,88.1998,88.1998,88.0,88.0,3519.0
2024-08-06 21:18:00,87.72,87.85,87.61,87.68,2809.0
2024-08-06 21:20:00,87.74,87.75,87.74,87.75,765.0
2024-08-06 21:22:00,87.71,87.71,87.71,87.71,401.0
2024-08-06 21:24:00,87.71,87.71,87.61,87.69,3692.0
2024-08-06 21:26:00,87.64,87.64,87.5101,87.5101,369.0
2024-08-06 21:28:00,87.6013,89.0,87.6,87.61,1830.0
2024-08-06 21:30:00,87.59,87.59,87.59,87.59,379.0
2024-08-06 21:34:00,87.5985,87.6,87.59,87.6,1232.0
2024-08-06 21:38:00,87.51,89.0,87.51,87.53,6201.0
2024-08-06 21:42:00,87.6945,87.6945,87.6,87.6,535.0
2024-08-06 21:44:00,87.6,87.6,87.4,87.4,7574.0
2024-08-06 21:46:00,87.371,87.61,87.371,87.61,1635.0
2024-08-06 21:48:00,87.35,87.61,87.35,87.3501,2279.0
2024-08-06 21:50:00,87.6,87.6,87.35,87.36,1291.0
2024-08-06 21:52:00,87.6,87.6,87.35,87.35,2308.0
2024-08-06 21:54:00,87.3,87.3001,87.25,87.25,2041.0
2024-08-06 21:56:00,87.2,87.5,87.2,87.49,1406.0
2024-08-06 21:58:00,87.5,87.5,87.35,87.35,6038.0
2024-08-06 22:00:00,87.6,87.6,87.2727,87.2727,2325.0
2024-08-06 22:02:00,87.5,87.6,87.5,87.59,2264.0
2024-08-06 22:04:00,87.6,87.63,87.5,87.63,2123.0
2024-08-06 22:06:00,87.8584,88.0,87.6426,88.0,3864.0
2024-08-06 22:08:00,88.1826,88.1826,88.1826,88.1826,166.0
2024-08-06 22:10:00,88.0,88.0,87.74,87.74,1117.0
2024-08-06 22:12:00,88.0,88.188,87.9,88.188,1104.0
2024-08-06 22:14:00,87.7,87.7,87.7,87.7,699.0
2024-08-06 22:16:00,87.95,87.95,87.75,87.75,532.0
2024-08-06 22:18:00,87.54,87.54,87.54,87.54,666.0
2024-08-06 22:20:00,87.88,87.89,87.87,87.88,1910.0
2024-08-06 22:22:00,87.99,88.0,87.99,88.0,1046.0
2024-08-06 22:24:00,87.88,87.88,87.8,87.8,1646.0
2024-08-06 22:26:00,87.87,87.895,87.87,87.88,1460.0
2024-08-06 22:28:00,88.0,88.0,87.85,87.85,942.0
2024-08-06 22:30:00,87.9,87.9,87.8,87.9,1656.0
2024-08-06 22:32:00,88.0305,88.0305,87.96,87.97,754.0
2024-08-06 22:34:00,88.0,88.18,88.0,88.03,5792.0
2024-08-06 22:36:00,88.03,88.1,88.03,88.05,4583.0
2024-08-06 22:38:00,88.0,88.108,87.89,87.9,4797.0
2024-08-06 22:40:00,87.99,88.0,87.9,87.9395,1268.0
2024-08-06 22:42:00,87.9,87.9,87.9,87.9,366.0
2024-08-06 22:44:00,87.99,87.992,87.82,87.82,633.0
2024-08-06 22:46:00,87.9,87.9,87.9,87.9,117.0
2024-08-06 22:48:00,87.83,87.9,87.8201,87.8201,1275.0
2024-08-06 22:50:00,87.82,87.82,87.82,87.82,196.0
2024-08-06 22:52:00,87.95,87.95,87.88,87.9493,559.0
2024-08-06 22:54:00,87.9,87.9,87.9,87.9,165.0
2024-08-06 22:56:00,87.9,87.9,87.88,87.9,1069.0
2024-08-06 22:58:00,87.87,87.87,87.85,87.85,1436.0
2024-08-06 23:00:00,87.88,87.88,87.88,87.88,155.0
2024-08-06 23:02:00,87.81,87.82,87.65,87.65,3295.0
2024-08-06 23:04:00,87.7,87.7,87.7,87.7,747.0
2024-08-06 23:06:00,87.9999,87.9999,87.88,87.88,427.0
2024-08-06 23:08:00,87.88,87.88,87.88,87.88,1077.0
2024-08-06 23:10:00,87.81,87.81,87.7,87.7,2257.0
2024-08-06 23:14:00,87.55,87.55,87.55,87.55,202.0
2024-08-06 23:16:00,87.56,87.7,87.51,87.6999,5366.0
2024-08-06 23:18:00,87.5055,87.5055,87.5055,87.5055,1388.0
2024-08-06 23:20:00,87.698,87.698,87.69,87.69,506.0
2024-08-06 23:22:00,87.69,87.7,87.579,87.579,2237.0
2024-08-06 23:24:00,87.6994,87.6994,87.69,87.69,1243.0
2024-08-06 23:26:00,87.5768,87.6999,87.5768,87.6999,321.0
2024-08-06 23:28:00,87.6,87.7,87.6,87.7,300.0
2024-08-06 23:30:00,87.6984,87.6984,87.62,87.69,1004.0
2024-08-06 23:32:00,87.69,87.7,87.5,87.5,4374.0
2024-08-06 23:38:00,87.6,87.6,87.6,87.6,360.0
2024-08-06 23:40:00,87.7,87.7,87.7,87.7,105.0
2024-08-06 23:44:00,87.57,87.57,87.57,87.57,676.0
2024-08-06 23:50:00,87.63,87.64,87.59,87.6,2302.0
2024-08-06 23:52:00,87.6,87.61,87.0,87.0,13360.0
2024-08-06 23:54:00,87.58,87.6899,87.0843,87.0843,1799.0
2024-08-06 23:56:00,87.48,87.48,87.41,87.41,1848.0
2024-08-06 23:58:00,87.5,87.5,86.72,86.83,24831.0
2024-08-07 08:00:00,89.0,89.09,89.0,89.0,2258.0
2024-08-07 08:02:00,89.52,89.52,89.44,89.44,3207.0
2024-08-07 08:04:00,89.4,89.4,89.12,89.33,2293.0
2024-08-07 08:06:00,89.5,89.5,89.5,89.5,613.0
2024-08-07 08:08:00,89.64,89.8,89.6,89.8,2208.0
2024-08-07 08:10:00,89.8,89.8,89.8,89.8,240.0
2024-08-07 08:12:00,89.88,90.04,89.86,90.0,1738.0
2024-08-07 08:14:00,90.0,90.19,90.0,90.09,2209.0
2024-08-07 08:18:00,90.31,90.31,90.09,90.09,2162.0
2024-08-07 08:20:00,90.14,90.14,90.0,90.0,2590.0
2024-08-07 08:22:00,90.0,90.0,89.88,89.88,1748.0
2024-08-07 08:24:00,89.88,90.0,89.88,90.0,1269.0
2024-08-07 08:28:00,89.9,90.0,89.9,90.0,2121.0
2024-08-07 08:30:00,90.06,90.06,89.96,90.05,1615.0
2024-08-07 08:34:00,89.95,89.96,89.95,89.96,474.0
2024-08-07 08:36:00,89.9,89.91,89.9,89.9,1461.0
2024-08-07 08:38:00,89.96,90.02,89.96,90.02,552.0
2024-08-07 08:42:00,89.96,89.96,89.96,89.96,442.0
2024-08-07 08:44:00,89.78,89.78,89.64,89.71,4488.0
2024-08-07 08:48:00,89.9,89.98,89.9,89.9,1885.0
2024-08-07 08:50:00,89.96,90.0,89.96,90.0,1204.0
2024-08-07 08:52:00,90.1,90.29,90.1,90.29,1476.0
2024-08-07 08:54:00,90.4,90.4,90.35,90.35,2696.0
2024-08-07 08:56:00,90.3,90.3,90.3,90.3,1006.0
2024-08-07 08:58:00,90.32,90.47,90.32,90.47,2693.0
2024-08-07 09:02:00,90.6,90.7,90.59,90.7,11852.0
2024-08-07 09:04:00,90.7,90.71,90.56,90.56,3096.0
2024-08-07 09:06:00,90.69,90.75,90.68,90.75,2047.0
2024-08-07 09:08:00,90.7,90.7,90.58,90.58,450.0
2024-08-07 09:10:00,90.57,90.57,90.57,90.57,204.0
2024-08-07 09:12:00,90.59,90.59,90.59,90.59,203.0
2024-08-07 09:14:00,90.61,90.61,90.61,90.61,1001.0
2024-08-07 09:16:00,90.51,90.51,90.5,90.5,1469.0
2024-08-07 09:20:00,90.38,90.38,90.37,90.37,1396.0
2024-08-07 09:22:00,90.38,90.38,90.38,90.38,1404.0
2024-08-07 09:24:00,90.5,90.5,90.49,90.5,2032.0
2024-08-07 09:26:00,90.72,90.94,90.72,90.9,1477.0
2024-08-07 09:28:00,90.94,90.97,90.84,90.9,2004.0
2024-08-07 09:30:00,90.83,90.89,90.83,90.89,485.0
2024-08-07 09:32:00,90.76,90.76,90.76,90.76,519.0
2024-08-07 09:36:00,90.93,91.0,90.93,91.0,1563.0
2024-08-07 09:38:00,90.95,90.96,90.95,90.96,780.0
2024-08-07 09:40:00,90.9,90.91,90.81,90.81,1104.0
2024-08-07 09:42:00,90.8,90.8,90.59,90.59,1586.0
2024-08-07 09:46:00,90.59,90.59,90.5,90.5,1996.0
2024-08-07 09:48:00,90.52,90.52,90.5,90.5,1930.0
2024-08-07 09:50:00,90.58,90.58,90.58,90.58,173.0
2024-08-07 09:52:00,90.57,90.57,90.56,90.56,400.0
2024-08-07 09:56:00,90.52,90.66,90.52,90.66,409.0
2024-08-07 09:58:00,90.68,90.68,90.68,90.68,307.0
2024-08-07 10:02:00,90.75,90.85,90.75,90.79,1533.0
2024-08-07 10:04:00,90.65,90.65,90.65,90.65,476.0
2024-08-07 10:12:00,90.65,90.65,90.65,90.65,1141.0
2024-08-07 10:14:00,90.61,90.61,90.61,90.61,107.0
2024-08-07 10:18:00,90.63,90.63,90.63,90.63,308.0
2024-08-07 10:22:00,90.54,90.54,90.4,90.4,4765.0
2024-08-07 10:24:00,90.42,90.42,90.42,90.42,238.0
2024-08-07 10:30:00,90.55,90.6,90.55,90.6,612.0
2024-08-07 10:32:00,90.56,90.62,90.56,90.56,736.0
2024-08-07 10:34:00,90.61,90.61,90.61,90.61,115.0
2024-08-07 10:36:00,90.62,90.62,90.62,90.62,635.0
2024-08-07 10:38:00,90.7,90.7,90.62,90.62,497.0
2024-08-07 10:40:00,90.7,90.7,90.7,90.7,417.0
2024-08-07 10:46:00,90.64,90.64,90.6,90.6,585.0
2024-08-07 10:50:00,90.74,90.79,90.73,90.73,2013.0
2024-08-07 10:52:00,90.66,90.69,90.66,90.69,971.0
2024-08-07 10:54:00,90.71,90.74,90.71,90.74,719.0
2024-08-07 10:56:00,90.7,90.7,90.7,90.7,307.0
2024-08-07 10:58:00,90.74,91.0,90.74,90.84,8243.0
2024-08-07 11:00:00,90.82,90.94,90.6,90.94,8298.0
2024-08-07 11:02:00,90.98,91.08,90.82,90.95,10500.0
2024-08-07 11:04:00,90.9,90.92,90.85,90.92,2510.0
2024-08-07 11:06:00,90.94,90.95,90.76,90.76,2028.0
2024-08-07 11:08:00,90.86,91.0,90.85,91.0,4002.0
2024-08-07 11:10:00,90.95,90.95,90.94,90.95,3181.0
2024-08-07 11:12:00,90.94,91.0,90.85,90.85,2345.0
2024-08-07 11:14:00,90.87,91.0,90.87,91.0,1932.0
2024-08-07 11:16:00,90.87,90.87,90.81,90.81,1057.0
2024-08-07 11:18:00,90.95,91.0,90.94,91.0,2264.0
2024-08-07 11:20:00,91.0,91.0,90.99,91.0,2514.0
2024-08-07 11:24:00,91.0,91.0,91.0,91.0,717.0
2024-08-07 11:26:00,90.8,90.8,90.8,90.8,967.0
2024-08-07 11:28:00,90.9,90.9,90.9,90.9,380.0
2024-08-07 11:30:00,90.9,90.9,90.89,90.89,586.0
2024-08-07 11:32:00,90.76,90.83,90.65,90.83,5260.0
2024-08-07 11:38:00,90.75,90.87,90.7,90.76,4431.0
2024-08-07 11:40:00,90.85,90.85,90.8,90.8,1132.0
2024-08-07 11:42:00,90.74,90.74,90.74,90.74,325.0
2024-08-07 11:44:00,90.61,90.61,90.55,90.55,2523.0
2024-08-07 11:46:00,90.52,90.75,90.52,90.75,3885.0
2024-08-07 11:48:00,90.53,90.69,90.53,90.62,2544.0
2024-08-07 11:50:00,90.75,90.79,90.69,90.69,698.0
2024-08-07 11:54:00,90.74,90.74,90.65,90.7,4035.0
2024-08-07 11:56:00,90.66,90.66,90.5,90.5,11412.0
2024-08-07 11:58:00,90.45,90.45,90.4,90.4,2268.0
2024-08-07 12:00:00,90.5,91.08,89.1,89.1,46490.0
2024-08-07 12:02:00,90.39,90.44,89.222,90.42,4616.0
2024-08-07 12:04:00,90.41,90.41,90.41,90.41,2141.0
2024-08-07 12:06:00,90.31,90.36,89.9,90.25,24240.0
2024-08-07 12:08:00,90.19,90.23,90.17,90.19,2013.0
2024-08-07 12:10:00,90.28,90.28,90.28,90.28,1156.0
2024-08-07 12:12:00,90.3,90.3,90.2,90.2,2083.0
2024-08-07 12:14:00,90.3484,90.5,90.3,90.5,5753.0
2024-08-07 12:16:00,90.3,90.3,90.3,90.3,1660.0
2024-08-07 12:18:00,90.34,90.34,90.34,90.34,359.0
2024-08-07 12:20:00,90.5,90.55,90.5,90.5,2308.0
2024-08-07 12:22:00,90.4,90.48,90.4,90.48,1202.0
2024-08-07 12:24:00,90.4,90.4,90.25,90.28,4578.0
2024-08-07 12:26:00,90.25,90.44,90.23,90.44,1167.0
2024-08-07 12:28:00,90.3,90.45,90.17,90.45,6183.0
2024-08-07 12:30:00,90.37,90.65,90.37,90.6,4309.0
2024-08-07 12:32:00,90.4556,90.7399,90.4556,90.6,2287.0
2024-08-07 12:34:00,90.74,90.76,90.6,90.65,5587.0
2024-08-07 12:36:00,90.7,90.9593,90.7,90.9593,4008.0
2024-08-07 12:38:00,90.9,90.96,90.85,90.96,1612.0
2024-08-07 12:40:00,90.8522,91.01,90.77,90.77,10322.0
2024-08-07 12:42:00,90.94,90.94,90.79,90.8,2146.0
2024-08-07 12:44:00,90.77,90.77,90.54,90.54,884.0
2024-08-07 12:46:00,90.76,92.97,90.76,92.65,118478.0
2024-08-07 12:48:00,92.54,93.43,92.11,92.705,72600.0
2024-08-07 12:50:00,92.55,93.35,92.55,93.3,67170.0
2024-08-07 12:52:00,93.35,93.37,93.0,93.3226,64657.0
2024-08-07 12:54:00,93.33,93.35,92.7,92.88,27037.0
2024-08-07 12:56:00,92.94,93.15,92.94,93.0016,20019.0
2024-08-07 12:58:00,93.09,93.35,93.0,93.31,39685.0
2024-08-07 13:00:00,93.3,93.7997,93.3,93.7,72978.0
2024-08-07 13:02:00,93.7,93.85,93.35,93.5,37045.0
2024-08-07 13:04:00,93.451,93.5,92.9,93.25,76091.0
2024-08-07 13:06:00,93.2299,93.6,93.09,93.6,58760.0
2024-08-07 13:08:00,93.65,93.8,93.45,93.7,70435.0
2024-08-07 13:10:00,93.67,93.67,93.5,93.55,13491.0
2024-08-07 13:12:00,93.55,93.5775,93.35,93.4001,41567.0
2024-08-07 13:14:00,93.4,93.42,93.4,93.41,43068.0
2024-08-07 13:16:00,93.41,93.6,93.4,93.45,67181.0
2024-08-07 13:18:00,93.46,93.49,93.4,93.49,16041.0
2024-08-07 13:20:00,93.5,93.7349,93.4001,93.585,24829.0
2024-08-07 13:22:00,93.585,93.61,93.4,93.5547,30136.0
2024-08-07 13:24:00,93.444,93.92,93.4,93.87,40114.0
2024-08-07 13:26:00,93.87,93.87,93.48,93.48,29039.0
2024-08-07 13:28:00,93.5,93.57,93.395,93.42,11682.0
2024-08-07 13:30:00,93.38,93.58,92.5,93.125,1110146.0
2024-08-07 13:32:00,93.11,93.33,91.9,92.03,441975.0
2024-08-07 13:34:00,92.05,92.15,91.54,91.565,445717.0
2024-08-07 13:36:00,91.56,92.36,91.42,91.5159,392144.0
2024-08-07 13:38:00,91.51,91.98,91.34,91.75,389748.0
2024-08-07 13:40:00,91.75,92.34,91.52,91.82,382186.0
2024-08-07 13:42:00,91.83,92.1367,91.66,91.66,418959.0
2024-08-07 13:44:00,91.71,92.075,91.65,91.95,215722.0
2024-08-07 13:46:00,92.0099,92.125,91.84,91.915,250764.0
2024-08-07 13:48:00,91.94,92.14,91.86,92.035,282288.0
2024-08-07 13:50:00,92.01,92.5,92.0,92.4513,361861.0
2024-08-07 13:52:00,92.47,92.68,92.18,92.39,352611.0
2024-08-07 13:54:00,92.4,92.48,92.1,92.33,254038.0
2024-08-07 13:56:00,92.31,92.67,92.24,92.28,314774.0
2024-08-07 13:58:00,92.295,92.52,92.12,92.48,325601.0
2024-08-07 14:00:00,92.5,92.74,92.36,92.48,218377.0
2024-08-07 14:02:00,92.5,92.57,92.35,92.46,231874.0
2024-08-07 14:04:00,92.45,92.59,92.37,92.56,299375.0
2024-08-07 14:06:00,92.57,92.65,92.23,92.43,283874.0
2024-08-07 14:08:00,92.425,92.6,92.35,92.4701,134610.0
2024-08-07 14:10:00,92.51,92.54,92.2701,92.28,150476.0
2024-08-07 14:12:00,92.2714,92.5546,92.2714,92.482,164735.0
2024-08-07 14:14:00,92.49,92.54,92.34,92.45,111226.0
2024-08-07 14:16:00,92.4899,92.5,92.25,92.31,137579.0
2024-08-07 14:18:00,92.31,92.4,91.65,91.73,517272.0
2024-08-07 14:20:00,91.74,92.08,91.74,91.94,186936.0
2024-08-07 14:22:00,91.935,92.01,91.74,91.83,155624.0
2024-08-07 14:24:00,91.835,91.92,91.31,91.35,183877.0
2024-08-07 14:26:00,91.35,91.38,91.11,91.27,146603.0
2024-08-07 14:28:00,91.265,91.2799,90.89,90.99,190520.0
2024-08-07 14:30:00,91.02,91.06,90.76,90.79,133303.0
2024-08-07 14:32:00,90.805,91.319,90.7801,91.31,152350.0
2024-08-07 14:34:00,91.295,91.295,90.8,90.825,94252.0
2024-08-07 14:36:00,90.8,90.95,90.7,90.925,90691.0
2024-08-07 14:38:00,90.93,90.93,90.5,90.54,107832.0
2024-08-07 14:40:00,90.55,90.63,90.41,90.58,127133.0
2024-08-07 14:42:00,90.58,90.7,90.42,90.7,185788.0
2024-08-07 14:44:00,90.69,91.28,90.64,91.21,153728.0
2024-08-07 14:46:00,91.196,91.27,90.9501,91.18,75919.0
2024-08-07 14:48:00,91.2,91.27,91.05,91.115,76826.0
2024-08-07 14:50:00,91.12,91.3,90.98,91.18,79936.0
2024-08-07 14:52:00,91.22,91.27,91.08,91.1,61441.0
2024-08-07 14:54:00,91.09,91.1983,90.88,91.14,76596.0
2024-08-07 14:56:00,91.16,91.24,91.01,91.15,49429.0
2024-08-07 14:58:00,91.17,91.17,90.94,91.0,69784.0
2024-08-07 15:00:00,90.99,91.2298,90.94,90.94,70530.0
2024-08-07 15:02:00,90.92,91.36,90.8504,91.32,87210.0
2024-08-07 15:04:00,91.3,91.5809,91.27,91.46,125931.0
2024-08-07 15:06:00,91.48,91.53,91.2219,91.45,68948.0
2024-08-07 15:08:00,91.45,91.46,91.26,91.262,48576.0
2024-08-07 15:10:00,91.3,91.4,90.935,90.98,53512.0
2024-08-07 15:12:00,91.0,91.1499,90.9883,91.07,44398.0
2024-08-07 15:14:00,91.05,91.06,90.8,90.98,74489.0
2024-08-07 15:16:00,90.96,91.02,90.65,90.875,101037.0
2024-08-07 15:18:00,90.8695,91.01,90.81,90.98,42750.0
2024-08-07 15:20:00,90.9001,91.11,90.8201,91.05,45483.0
2024-08-07 15:22:00,91.08,91.18,90.98,91.02,79292.0
2024-08-07 15:24:00,90.99,91.0,90.56,90.67,84010.0
2024-08-07 15:26:00,90.665,90.76,90.49,90.61,73745.0
2024-08-07 15:28:00,90.59,90.75,90.58,90.71,35797.0
2024-08-07 15:30:00,90.705,90.79,90.5,90.65,55657.0
2024-08-07 15:32:00,90.65,90.72,90.51,90.52,52924.0
2024-08-07 15:34:00,90.52,90.59,90.42,90.515,84227.0
2024-08-07 15:36:00,90.5,90.55,90.26,90.29,90208.0
2024-08-07 15:38:00,90.3,90.39,90.14,90.16,87517.0
2024-08-07 15:40:00,90.155,90.2197,90.01,90.11,106685.0
2024-08-07 15:42:00,90.12,90.27,90.04,90.235,68390.0
2024-08-07 15:44:00,90.21,90.25,89.53,89.57,227094.0
2024-08-07 15:46:00,89.57,89.69,89.5,89.58,88613.0
2024-08-07 15:48:00,89.6095,89.65,89.43,89.603,70541.0
2024-08-07 15:50:00,89.59,89.75,89.51,89.71,62924.0
2024-08-07 15:52:00,89.71,90.0195,89.68,89.99,79127.0
2024-08-07 15:54:00,89.9775,90.0,89.75,89.8,71013.0
2024-08-07 15:56:00,89.8,89.9,89.7,89.725,58355.0
2024-08-07 15:58:00,89.73,89.94,89.73,89.92,45201.0
2024-08-07 16:00:00,89.8801,89.8801,89.58,89.64,49968.0
2024-08-07 16:02:00,89.645,89.6599,89.24,89.29,65882.0
2024-08-07 16:04:00,89.28,89.35,89.05,89.2892,96460.0
2024-08-07 16:06:00,89.23,89.57,89.18,89.52,77964.0
2024-08-07 16:08:00,89.53,89.6,89.44,89.57,51029.0
2024-08-07 16:10:00,89.55,89.63,89.36,89.62,98554.0
2024-08-07 16:12:00,89.59,89.78,89.49,89.78,84851.0
2024-08-07 16:14:00,89.78,89.89,89.65,89.7149,81528.0
2024-08-07 16:16:00,89.72,89.7599,89.52,89.52,79460.0
2024-08-07 16:18:00,89.52,89.72,89.52,89.66,41537.0
2024-08-07 16:20:00,89.7,90.0399,89.61,89.96,97969.0
2024-08-07 16:22:00,89.96,90.17,89.86,90.1599,90278.0
2024-08-07 16:24:00,90.145,90.335,90.12,90.13,122516.0
2024-08-07 16:26:00,90.1,90.26,90.01,90.2248,78630.0
2024-08-07 16:28:00,90.23,90.255,89.95,89.96,78414.0
2024-08-07 16:30:00,89.95,90.13,89.88,89.905,43214.0
2024-08-07 16:32:00,89.93,90.08,89.89,90.0298,52148.0
2024-08-07 16:34:00,90.01,90.14,89.94,90.05,43249.0
2024-08-07 16:36:00,90.035,90.14,90.02,90.03,28122.0
2024-08-07 16:38:00,90.01,90.0899,89.97,90.0299,39476.0
2024-08-07 16:40:00,90.03,90.25,89.9501,90.22,44574.0
2024-08-07 16:42:00,90.21,90.23,89.7501,89.84,77587.0
2024-08-07 16:44:00,89.86,89.89,89.67,89.76,45672.0
2024-08-07 16:46:00,89.79,89.9,89.53,89.55,96189.0
2024-08-07 16:48:00,89.53,89.59,89.41,89.47,55824.0
2024-08-07 16:50:00,89.52,89.52,89.28,89.41,71402.0
2024-08-07 16:52:00,89.355,89.5999,89.23,89.34,84661.0
2024-08-07 16:54:00,89.36,89.63,89.35,89.63,81526.0
2024-08-07 16:56:00,89.6101,89.735,89.53,89.545,39240.0
2024-08-07 16:58:00,89.53,89.58,89.3175,89.328,57793.0
2024-08-07 17:00:00,89.31,89.4546,89.27,89.29,95702.0
2024-08-07 17:02:00,89.3,89.4699,89.05,89.22,507567.0
2024-08-07 17:04:00,89.22,89.32,89.0315,89.075,74106.0
2024-08-07 17:06:00,89.075,89.28,89.06,89.185,79467.0
2024-08-07 17:08:00,89.185,89.23,88.66,88.66,240662.0
2024-08-07 17:10:00,88.655,88.79,88.505,88.505,124608.0
2024-08-07 17:12:00,88.505,88.65,88.3401,88.6,100968.0
2024-08-07 17:14:00,88.64,88.7,88.46,88.5899,71476.0
2024-08-07 17:16:00,88.56,88.585,88.2704,88.32,58254.0
2024-08-07 17:18:00,88.3,88.34,88.08,88.21,115790.0
2024-08-07 17:20:00,88.255,88.53,88.255,88.51,89556.0
2024-08-07 17:22:00,88.53,88.68,88.45,88.68,60752.0
2024-08-07 17:24:00,88.68,88.92,88.665,88.88,112338.0
2024-08-07 17:26:00,88.85,88.98,88.79,88.8699,72895.0
2024-08-07 17:28:00,88.87,88.93,88.7206,88.79,100137.0
2024-08-07 17:30:00,88.785,88.98,88.77,88.93,78270.0
2024-08-07 17:32:00,88.93,89.03,88.83,88.83,70198.0
2024-08-07 17:34:00,88.82,89.17,88.775,89.01,77072.0
2024-08-07 17:36:00,89.01,89.02,88.83,88.94,64541.0
2024-08-07 17:38:00,88.9699,89.03,88.71,88.71,65390.0
2024-08-07 17:40:00,88.71,88.85,88.55,88.58,47737.0
2024-08-07 17:42:00,88.64,88.64,88.45,88.59,53517.0
2024-08-07 17:44:00,88.59,88.67,88.53,88.58,35309.0
2024-08-07 17:46:00,88.56,88.57,88.3,88.3,78509.0
2024-08-07 17:48:00,88.31,88.405,88.22,88.24,54570.0
2024-08-07 17:50:00,88.26,88.2864,88.1,88.18,65894.0
2024-08-07 17:52:00,88.17,88.27,88.06,88.185,51236.0
2024-08-07 17:54:00,88.19,88.37,88.11,88.1618,87334.0
2024-08-07 17:56:00,88.18,88.21,87.8,87.94,248546.0
2024-08-07 17:58:00,87.9,88.17,87.8,88.1,103004.0
2024-08-07 18:00:00,88.105,88.2,87.99,88.1201,80643.0
2024-08-07 18:02:00,88.13,88.27,88.11,88.125,71422.0
2024-08-07 18:04:00,88.1003,88.145,87.93,87.94,57821.0
2024-08-07 18:06:00,87.92,87.9863,87.76,87.77,71406.0
2024-08-07 18:08:00,87.77,88.0,87.77,87.78,83533.0
2024-08-07 18:10:00,87.79,87.88,87.5001,87.53,127400.0
2024-08-07 18:12:00,87.53,87.6299,87.4006,87.505,105591.0
2024-08-07 18:14:00,87.51,87.54,87.32,87.45,108765.0
2024-08-07 18:16:00,87.41,87.53,87.2913,87.48,127574.0
2024-08-07 18:18:00,87.49,88.0,87.18,87.25,316078.0
2024-08-07 18:20:00,87.25,87.64,87.25,87.5701,109789.0
2024-08-07 18:22:00,87.585,87.76,87.53,87.69,102741.0
2024-08-07 18:24:00,87.685,87.88,87.5,87.83,108799.0
2024-08-07 18:26:00,87.83,87.89,87.67,87.7112,84910.0
2024-08-07 18:28:00,87.725,87.8,87.67,87.67,39480.0
2024-08-07 18:30:00,87.66,87.715,87.48,87.48,87068.0
2024-08-07 18:32:00,87.48,87.53,87.33,87.34,59844.0
2024-08-07 18:34:00,87.35,87.49,87.3,87.47,40136.0
2024-08-07 18:36:00,87.5,87.59,87.2701,87.42,44724.0
2024-08-07 18:38:00,87.47,87.51,87.32,87.44,61925.0
2024-08-07 18:40:00,87.46,87.775,87.46,87.74,94795.0
2024-08-07 18:42:00,87.73,87.73,87.49,87.4938,73540.0
2024-08-07 18:44:00,87.48,87.6199,87.47,87.58,87515.0
2024-08-07 18:46:00,87.58,87.71,87.27,87.32,108810.0
2024-08-07 18:48:00,87.31,87.49,87.28,87.49,73837.0
2024-08-07 18:50:00,87.51,87.569,87.34,87.3838,68483.0
2024-08-07 18:52:00,87.38,87.58,87.37,87.5445,59862.0
2024-08-07 18:54:00,87.55,87.71,87.4309,87.63,98139.0
2024-08-07 18:56:00,87.61,87.66,87.44,87.6,80900.0
2024-08-07 18:58:00,87.61,87.7138,87.39,87.48,76488.0
2024-08-07 19:00:00,87.49,87.72,87.44,87.701,85069.0
2024-08-07 19:02:00,87.69,88.22,87.69,88.214,120499.0
2024-08-07 19:04:00,88.205,88.326,88.15,88.2401,110798.0
2024-08-07 19:06:00,88.255,88.48,88.21,88.225,120155.0
2024-08-07 19:08:00,88.2,88.39,88.14,88.3,70752.0
2024-08-07 19:10:00,88.3,88.355,88.16,88.21,47553.0
2024-08-07 19:12:00,88.23,88.25,87.8,87.85,78643.0
2024-08-07 19:14:00,87.865,88.03,87.81,87.945,76679.0
2024-08-07 19:16:00,87.96,88.08,87.85,88.06,56214.0
2024-08-07 19:18:00,88.05,88.18,88.03,88.08,66495.0
2024-08-07 19:20:00,88.08,88.3,87.96,87.97,92418.0
2024-08-07 19:22:00,87.97,88.04,87.8184,87.85,93031.0
2024-08-07 19:24:00,87.84,87.9,87.7604,87.81,71297.0
2024-08-07 19:26:00,87.78,87.805,87.46,87.5299,96621.0
2024-08-07 19:28:00,87.51,87.66,87.48,87.605,107072.0
2024-08-07 19:30:00,87.6,87.6,87.3576,87.46,92197.0
2024-08-07 19:32:00,87.47,87.77,87.46,87.64,111254.0
2024-08-07 19:34:00,87.64,87.6625,87.27,87.37,100959.0
2024-08-07 19:36:00,87.37,87.78,87.35,87.69,149381.0
2024-08-07 19:38:00,87.71,87.77,87.54,87.59,96367.0
2024-08-07 19:40:00,87.61,87.79,87.595,87.78,78946.0
2024-08-07 19:42:00,87.77,87.78,87.63,87.63,86526.0
2024-08-07 19:44:00,87.64,87.75,87.55,87.61,80006.0
2024-08-07 19:46:00,87.61,87.73,87.55,87.69,83057.0
2024-08-07 19:48:00,87.69,87.84,87.66,87.8206,98734.0
2024-08-07 19:50:00,87.84,87.84,87.15,87.22,248684.0
2024-08-07 19:52:00,87.2105,87.49,87.185,87.27,176329.0
2024-08-07 19:54:00,87.28,87.35,86.58,86.6794,411033.0
2024-08-07 19:56:00,86.68,86.88,86.59,86.845,289716.0
2024-08-07 19:58:00,86.85,86.91,86.62,86.8,740338.0
2024-08-07 20:00:00,86.8,87.17,86.8,87.0,216192.0
2024-08-07 20:02:00,86.8,87.0,86.56,86.8,12382.0
2024-08-07 20:04:00,86.88,86.88,86.8,86.8,191222.0
2024-08-07 20:06:00,86.8299,86.9962,86.8,86.86,12785.0
2024-08-07 20:08:00,86.95,87.0,86.8029,86.8029,3724.0
2024-08-07 20:10:00,86.97,86.97,86.8046,86.8046,1124.0
2024-08-07 20:12:00,86.8019,86.95,86.8019,86.95,2407.0
2024-08-07 20:14:00,86.95,86.95,86.81,86.81,884.0
2024-08-07 20:16:00,87.0,87.0,86.8,86.81,1187.0
2024-08-07 20:18:00,86.81,86.81,86.8,86.8,568.0
2024-08-07 20:20:00,86.8,86.8,86.55,86.55,1032.0
2024-08-07 20:22:00,86.55,86.55,86.5,86.51,1507.0
2024-08-07 20:24:00,86.55,86.81,86.5,86.81,10700.0
2024-08-07 20:26:00,86.7,86.7,86.52,86.52,819.0
2024-08-07 20:28:00,86.52,86.52,86.25,86.25,6842.0
2024-08-07 20:30:00,86.49,86.49,86.43,86.49,1816.0
2024-08-07 20:32:00,86.48,86.5,86.48,86.5,2863.0
2024-08-07 20:34:00,86.43,86.5,86.43,86.49,3052.0
2024-08-07 20:36:00,86.51,86.59,86.5,86.59,3119.0
2024-08-07 20:38:00,86.7,86.7,86.69,86.69,589.0
2024-08-07 20:40:00,86.71,86.71,86.68,86.68,590.0
2024-08-07 20:42:00,86.62,86.62,86.5382,86.5382,1927.0
2024-08-07 20:44:00,86.56,86.56,86.46,86.46,1878.0
2024-08-07 20:46:00,86.44,86.44,86.44,86.44,811.0
2024-08-07 20:48:00,86.41,86.45,86.33,86.33,3130.0
2024-08-07 20:50:00,86.3,86.3,86.3,86.3,629.0
2024-08-07 20:52:00,86.3,86.3,86.3,86.3,2118.0
2024-08-07 20:54:00,86.3,86.3,86.2,86.2,565.0
2024-08-07 20:58:00,86.2,86.2,86.13,86.13,700.0
2024-08-07 21:00:00,86.13,86.2605,86.0,86.03,6690.0
2024-08-07 21:02:00,86.03,86.27,86.03,86.1,1586.0
2024-08-07 21:04:00,86.1,86.1,86.1,86.1,509.0
2024-08-07 21:06:00,86.14,86.14,85.8,85.8,6804.0
2024-08-07 21:08:00,85.89,85.89,85.6507,85.75,4456.0
2024-08-07 21:10:00,85.8888,85.8888,85.51,85.66,12669.0
2024-08-07 21:12:00,85.64,85.75,85.62,85.72,7930.0
2024-08-07 21:14:00,85.67,85.73,85.65,85.73,1333.0
2024-08-07 21:16:00,85.66,85.66,85.5213,85.5213,3418.0
2024-08-07 21:18:00,85.73,86.0,85.73,86.0,4047.0
2024-08-07 21:20:00,86.0,86.8,85.9,86.8,834.0
2024-08-07 21:22:00,85.9959,86.0,85.99,86.0,2714.0
2024-08-07 21:24:00,85.851,85.87,85.851,85.87,1154.0
2024-08-07 21:26:00,86.0,86.05,85.9,85.9,11007.0
2024-08-07 21:28:00,85.86,85.86,85.81,85.83,3770.0
2024-08-07 21:30:00,85.6316,85.8581,85.6316,85.8581,3437.0
2024-08-07 21:36:00,85.77,85.78,85.77,85.78,855.0
2024-08-07 21:40:00,85.77,85.77,85.77,85.77,106.0
2024-08-07 21:42:00,85.8,85.9,85.8,85.8,840.0
2024-08-07 21:44:00,85.99,85.99,85.85,85.85,1050.0
2024-08-07 21:46:00,85.9,85.9,85.9,85.9,137.0
2024-08-07 21:48:00,85.7597,85.8,85.75,85.8,1609.0
2024-08-07 21:50:00,85.8101,85.8101,85.8,85.8,531.0
2024-08-07 21:52:00,85.83,85.9985,85.83,85.9985,1215.0
2024-08-07 21:56:00,85.89,85.89,85.85,85.85,1071.0
2024-08-07 21:58:00,86.0,86.0,86.0,86.0,181.0
2024-08-07 22:00:00,86.0,86.65,86.0,86.65,3551.0
2024-08-07 22:02:00,86.67,86.7347,86.67,86.7,1043.0
2024-08-07 22:04:00,86.6726,86.7295,86.6726,86.7295,268.0
2024-08-07 22:06:00,86.46,86.46,86.4,86.4,420.0
2024-08-07 22:08:00,86.5,86.5,86.4,86.4,493.0
2024-08-07 22:10:00,86.25,86.33,86.25,86.33,537.0
2024-08-07 22:12:00,86.25,86.25,86.25,86.25,201.0
2024-08-07 22:14:00,86.1,86.1,86.1,86.1,285.0
2024-08-07 22:16:00,86.25,86.25,86.25,86.25,280.0
2024-08-07 22:18:00,86.39,86.39,86.39,86.39,334.0
2024-08-07 22:20:00,86.2,86.2,86.16,86.17,3215.0
2024-08-07 22:22:00,86.17,86.17,86.17,86.17,2174.0
2024-08-07 22:26:00,86.4,86.4,86.2772,86.2772,732.0
2024-08-07 22:28:00,86.75,86.75,86.75,86.75,691.0
2024-08-07 22:30:00,86.75,86.75,86.75,86.75,201.0
2024-08-07 22:32:00,86.5,86.5,86.39,86.39,554.0
2024-08-07 22:34:00,86.58,86.58,86.58,86.58,322.0
2024-08-07 22:36:00,86.61,86.9,86.61,86.8,3057.0
2024-08-07 22:38:00,86.74,86.74,86.74,86.74,205.0
2024-08-07 22:42:00,86.728,86.728,86.6001,86.6001,339.0
2024-08-07 22:44:00,86.61,86.61,86.5,86.5,2386.0
2024-08-07 22:46:00,86.55,86.55,86.5,86.5,8893.0
2024-08-07 22:48:00,86.6,86.67,86.6,86.67,423.0
2024-08-07 22:50:00,86.5,86.5,86.43,86.43,788.0
2024-08-07 22:52:00,86.51,86.51,86.5,86.5,944.0
2024-08-07 22:54:00,86.5,86.5,86.5,86.5,551.0
2024-08-07 22:56:00,86.6971,86.6971,86.59,86.59,687.0
2024-08-07 22:58:00,86.58,86.58,86.58,86.58,461.0
2024-08-07 23:02:00,86.5,86.5,86.5,86.5,169.0
2024-08-07 23:06:00,86.6,86.6,86.6,86.6,276.0
2024-08-07 23:08:00,86.6,86.6,86.6,86.6,279.0
2024-08-07 23:10:00,86.589,86.589,86.589,86.589,750.0
2024-08-07 23:12:00,86.59,86.59,86.43,86.43,990.0
2024-08-07 23:14:00,86.2193,86.2193,86.2193,86.2193,1100.0
2024-08-07 23:16:00,86.2,86.21,86.2,86.21,652.0
2024-08-07 23:24:00,86.02,86.02,86.0,86.0,2222.0
2024-08-07 23:26:00,85.86,86.1,85.86,86.1,452.0
2024-08-07 23:28:00,85.84,85.84,85.84,85.84,7064.0
2024-08-07 23:30:00,85.84,85.84,85.84,85.84,1266.0
2024-08-07 23:34:00,86.0,86.0,86.0,86.0,171.0
2024-08-07 23:36:00,85.55,85.63,85.55,85.63,1537.0
2024-08-07 23:38:00,85.6,85.6,85.6,85.6,782.0
2024-08-07 23:40:00,85.65,85.65,85.59,85.59,762.0
2024-08-07 23:42:00,85.53,85.53,85.5,85.51,2708.0
2024-08-07 23:48:00,85.7,85.85,85.7,85.7995,831.0
2024-08-07 23:50:00,85.76,85.76,85.76,85.76,620.0
2024-08-07 23:52:00,85.75,85.84,85.75,85.79,713.0
2024-08-07 23:56:00,85.69,85.69,85.5608,85.5608,2119.0
2024-08-07 23:58:00,85.6494,85.65,85.6494,85.65,1275.0
2024-08-08 08:00:00,86.3,88.0,86.3,87.0,2244.0
2024-08-08 08:02:00,86.95,86.95,86.95,86.95,382.0
2024-08-08 08:04:00,87.11,87.11,87.11,87.11,1219.0
2024-08-08 08:08:00,87.03,87.03,87.0,87.0,920.0
2024-08-08 08:10:00,86.72,86.72,86.72,86.72,327.0
2024-08-08 08:12:00,86.69,86.69,86.64,86.65,1869.0
2024-08-08 08:14:00,86.96,87.0,86.96,86.96,3662.0
2024-08-08 08:16:00,86.99,86.99,86.99,86.99,685.0
2024-08-08 08:20:00,86.82,86.82,86.62,86.7,4637.0
2024-08-08 08:22:00,86.56,86.56,86.56,86.56,888.0
2024-08-08 08:34:00,86.7,86.7,86.7,86.7,3287.0
2024-08-08 08:36:00,86.69,86.69,86.68,86.68,836.0
2024-08-08 08:38:00,86.61,86.61,86.61,86.61,985.0
2024-08-08 08:40:00,86.7,86.88,86.7,86.88,8862.0
2024-08-08 08:42:00,86.95,86.95,86.87,86.94,1233.0
2024-08-08 08:44:00,86.93,86.98,86.93,86.98,1090.0
2024-08-08 08:46:00,86.96,86.99,86.96,86.99,1083.0
2024-08-08 08:56:00,87.42,87.42,87.42,87.42,419.0
2024-08-08 09:00:00,87.46,87.79,87.46,87.79,2701.0
2024-08-08 09:02:00,87.8,87.83,87.73,87.73,1350.0
2024-08-08 09:04:00,87.63,87.64,87.63,87.64,505.0
2024-08-08 09:10:00,87.41,87.41,87.41,87.41,195.0
2024-08-08 09:14:00,87.31,87.31,87.31,87.31,468.0
2024-08-08 09:28:00,87.08,87.08,87.08,87.08,200.0
2024-08-08 09:34:00,87.0,87.0,87.0,87.0,427.0
2024-08-08 09:44:00,86.87,86.98,86.87,86.95,5580.0
2024-08-08 09:48:00,86.82,86.82,86.82,86.82,932.0
2024-08-08 09:50:00,86.75,86.75,86.61,86.61,985.0
2024-08-08 09:52:00,86.54,86.6,86.54,86.6,1541.0
2024-08-08 09:56:00,86.62,86.62,86.62,86.62,1134.0
2024-08-08 10:00:00,86.8,86.8,86.8,86.8,310.0
2024-08-08 10:02:00,86.63,86.63,86.63,86.63,200.0
2024-08-08 10:10:00,86.51,86.51,86.44,86.44,1905.0
2024-08-08 10:18:00,86.78,86.78,86.78,86.78,358.0
2024-08-08 10:20:00,86.8,86.8,86.8,86.8,127.0
2024-08-08 10:36:00,87.1,87.1,87.1,87.1,564.0
2024-08-08 10:38:00,87.1,87.22,87.1,87.1,869.0
2024-08-08 10:50:00,87.0,87.0,87.0,87.0,450.0
2024-08-08 10:52:00,87.0,87.0,86.92,86.92,1243.0
2024-08-08 11:00:00,86.96,86.96,86.8,86.8,2097.0
2024-08-08 11:02:00,86.92,86.95,86.87,86.9,1912.0
2024-08-08 11:04:00,86.92,86.92,86.92,86.92,506.0
2024-08-08 11:10:00,86.99,87.1,86.94,87.1,4268.0
2024-08-08 11:12:00,87.01,87.01,87.0,87.0,931.0
2024-08-08 11:14:00,87.24,87.24,87.24,87.24,652.0
2024-08-08 11:20:00,87.15,87.15,87.15,87.15,668.0
2024-08-08 11:22:00,87.0,87.0,87.0,87.0,2022.0
2024-08-08 11:24:00,87.0,87.0,87.0,87.0,150.0
2024-08-08 11:26:00,87.03,87.03,87.03,87.03,545.0
2024-08-08 11:28:00,87.0,87.0,87.0,87.0,662.0
2024-08-08 11:30:00,87.0,87.0,87.0,87.0,745.0
2024-08-08 11:32:00,87.04,87.04,87.02,87.02,325.0
2024-08-08 11:36:00,87.1,87.14,87.09,87.14,2845.0
2024-08-08 11:38:00,87.11,87.14,87.11,87.14,262.0
2024-08-08 11:40:00,87.1,87.12,87.05,87.12,883.0
2024-08-08 11:42:00,87.09,87.3,87.09,87.3,1890.0
2024-08-08 11:46:00,87.27,87.27,87.27,87.27,199.0
2024-08-08 11:48:00,87.2,87.2,87.14,87.14,586.0
2024-08-08 11:52:00,87.17,87.18,87.15,87.15,927.0
2024-08-08 11:54:00,87.15,87.15,87.15,87.15,206.0
2024-08-08 11:58:00,87.12,87.12,87.12,87.12,255.0
2024-08-08 12:00:00,86.99,87.2949,86.5,86.5,19383.0
2024-08-08 12:02:00,87.1991,87.2,87.0,87.0,2460.0
2024-08-08 12:04:00,86.8678,86.96,86.8678,86.96,260.0
2024-08-08 12:06:00,87.02,87.08,87.02,87.08,659.0
2024-08-08 12:08:00,87.0,87.03,87.0,87.03,1552.0
2024-08-08 12:10:00,87.02,87.08,87.02,87.08,9385.0
2024-08-08 12:12:00,87.08,87.08,86.85,86.96,7424.0
2024-08-08 12:14:00,87.0,87.1,86.9,87.0,7336.0
2024-08-08 12:16:00,86.9,86.95,86.8,86.95,5848.0
2024-08-08 12:18:00,86.76,86.81,86.76,86.76,1492.0
2024-08-08 12:20:00,86.95,86.95,86.95,86.95,225.0
2024-08-08 12:22:00,86.72,86.72,86.67,86.67,1333.0
2024-08-08 12:24:00,86.8,86.8,86.6,86.6,695.0
2024-08-08 12:26:00,86.5001,86.7,86.5001,86.7,876.0
2024-08-08 12:28:00,86.77,86.79,86.77,86.79,652.0
2024-08-08 12:30:00,87.0,88.04,87.0,87.67,16640.0
2024-08-08 12:32:00,87.4008,88.0,87.4008,87.81,7416.0
2024-08-08 12:34:00,87.97,88.19,87.69,88.0,16105.0
2024-08-08 12:36:00,88.19,88.59,88.0,88.59,26193.0
2024-08-08 12:38:00,88.49,88.75,88.35,88.35,13119.0
2024-08-08 12:40:00,88.5,88.5,88.245,88.25,14395.0
2024-08-08 12:42:00,88.25,88.7,88.25,88.7,8326.0
2024-08-08 12:44:00,88.68,88.7,88.2055,88.26,8823.0
2024-08-08 12:46:00,88.15,88.2,87.91,88.02,8497.0
2024-08-08 12:48:00,88.28,88.31,88.02,88.24,15285.0
2024-08-08 12:50:00,88.15,88.28,88.15,88.2704,3457.0
2024-08-08 12:52:00,88.25,88.468,88.25,88.468,3406.0
2024-08-08 12:54:00,88.43,88.47,88.35,88.4,5203.0
2024-08-08 12:56:00,88.4789,88.4789,88.26,88.26,12297.0
2024-08-08 12:58:00,88.22,88.3,88.17,88.17,2079.0
2024-08-08 13:00:00,88.03,88.03,87.98,87.98,1358.0
2024-08-08 13:02:00,88.13,88.477,88.11,88.477,5459.0
2024-08-08 13:04:00,88.48,88.487,88.2404,88.48,3055.0
2024-08-08 13:06:00,88.36,88.45,88.24,88.45,4538.0
2024-08-08 13:08:00,88.44,88.44,88.265,88.275,5347.0
2024-08-08 13:10:00,88.29,88.42,88.22,88.42,6228.0
2024-08-08 13:12:00,88.35,88.4,88.3,88.3,3476.0
2024-08-08 13:14:00,88.4,88.59,88.4,88.59,3771.0
2024-08-08 13:16:00,88.5981,88.74,88.5046,88.72,3654.0
2024-08-08 13:18:00,88.78,89.0,88.78,88.96,7278.0
2024-08-08 13:20:00,88.77,88.84,88.66,88.81,10789.0
2024-08-08 13:22:00,88.81,88.9,88.8,88.9,4846.0
2024-08-08 13:24:00,88.69,88.8,88.69,88.8,4004.0
2024-08-08 13:26:00,88.81,88.85,88.6573,88.85,5432.0
2024-08-08 13:28:00,88.74,88.75,88.36,88.36,6631.0
2024-08-08 13:30:00,88.48,89.24,88.28,89.22,444186.0
2024-08-08 13:32:00,89.21,89.38,88.5,88.65,243749.0
2024-08-08 13:34:00,88.63,88.75,88.305,88.75,154003.0
2024-08-08 13:36:00,88.779,89.19,88.66,88.7524,186431.0
2024-08-08 13:38:00,88.78,89.25,88.55,89.0188,185489.0
2024-08-08 13:40:00,89.05,89.27,88.9,89.235,210078.0
2024-08-08 13:42:00,89.21,89.5,88.99,89.0,244111.0
2024-08-08 13:44:00,88.99,89.44,88.84,88.86,243728.0
2024-08-08 13:46:00,88.881,89.1761,88.3801,88.42,247525.0
2024-08-08 13:48:00,88.42,88.64,88.055,88.41,234910.0
2024-08-08 13:50:00,88.4236,88.52,88.03,88.35,163877.0
2024-08-08 13:52:00,88.38,89.06,88.27,88.9501,173894.0
2024-08-08 13:54:00,88.94,89.28,88.88,89.15,122013.0
2024-08-08 13:56:00,89.14,89.31,88.95,89.19,144694.0
2024-08-08 13:58:00,89.2101,89.45,89.05,89.41,119292.0
2024-08-08 14:00:00,89.44,89.58,89.32,89.44,181288.0
2024-08-08 14:02:00,89.46,90.0899,89.41,89.86,168063.0
2024-08-08 14:04:00,89.86,89.94,89.7,89.82,104933.0
2024-08-08 14:06:00,89.86,89.92,89.68,89.85,128918.0
2024-08-08 14:08:00,89.87,89.91,89.7,89.805,151307.0
2024-08-08 14:10:00,89.795,89.87,89.66,89.69,106989.0
2024-08-08 14:12:00,89.71,90.07,89.69,90.035,177402.0
2024-08-08 14:14:00,90.0315,90.1599,89.86,90.14,144072.0
2024-08-08 14:16:00,90.16,90.68,90.16,90.66,204456.0
2024-08-08 14:18:00,90.664,90.68,90.32,90.45,152876.0
2024-08-08 14:20:00,90.49,90.54,90.31,90.51,148832.0
2024-08-08 14:22:00,90.515,90.6,90.3007,90.325,125415.0
2024-08-08 14:24:00,90.32,90.74,90.31,90.65,178428.0
2024-08-08 14:26:00,90.61,90.89,90.5,90.8,179957.0
2024-08-08 14:28:00,90.805,90.97,90.76,90.92,150799.0
2024-08-08 14:30:00,90.94,91.04,90.8501,90.88,144858.0
2024-08-08 14:32:00,90.91,91.11,90.7295,90.764,122947.0
2024-08-08 14:34:00,90.77,91.12,90.7201,91.05,90259.0
2024-08-08 14:36:00,91.05,91.27,90.97,91.25,114518.0
2024-08-08 14:38:00,91.2526,91.438,91.1991,91.23,159425.0
2024-08-08 14:40:00,91.23,91.43,91.14,91.4,97711.0
2024-08-08 14:42:00,91.4,91.4,90.82,90.95,140612.0
2024-08-08 14:44:00,90.955,90.955,90.65,90.7063,129862.0
2024-08-08 14:46:00,90.72,90.84,90.69,90.7601,106739.0
2024-08-08 14:48:00,90.76,90.94,90.7133,90.92,98443.0
2024-08-08 14:50:00,90.93,91.14,90.915,91.12,133496.0
2024-08-08 14:52:00,91.11,91.2,90.89,91.0213,97769.0
2024-08-08 14:54:00,91.07,91.08,90.69,90.695,109524.0
2024-08-08 14:56:00,90.67,90.76,90.52,90.6704,257972.0
2024-08-08 14:58:00,90.68,91.1499,90.61,91.08,159438.0
2024-08-08 15:00:00,91.075,91.1491,90.8448,90.85,74972.0
2024-08-08 15:02:00,90.85,90.99,90.67,90.88,209898.0
2024-08-08 15:04:00,90.87,90.93,90.61,90.82,165966.0
2024-08-08 15:06:00,90.82,90.97,90.6,90.63,80163.0
2024-08-08 15:08:00,90.625,90.86,90.59,90.74,85854.0
2024-08-08 15:10:00,90.705,90.81,90.1602,90.1602,142170.0
2024-08-08 15:12:00,90.175,90.4353,90.13,90.385,101992.0
2024-08-08 15:14:00,90.3937,90.58,90.34,90.42,66091.0
2024-08-08 15:16:00,90.42,90.475,90.2625,90.445,46475.0
2024-08-08 15:18:00,90.44,90.53,90.3,90.35,81101.0
2024-08-08 15:20:00,90.38,90.74,90.37,90.63,74414.0
2024-08-08 15:22:00,90.66,90.87,90.66,90.8599,52755.0
2024-08-08 15:24:00,90.84,91.05,90.71,90.98,76076.0
2024-08-08 15:26:00,90.95,91.12,90.95,91.0451,52421.0
2024-08-08 15:28:00,91.03,91.13,90.96,91.01,51511.0
2024-08-08 15:30:00,91.0499,91.293,91.0472,91.24,76442.0
2024-08-08 15:32:00,91.235,91.3399,91.16,91.16,77963.0
2024-08-08 15:34:00,91.2,91.33,91.195,91.3,43801.0
2024-08-08 15:36:00,91.3,91.38,91.03,91.045,89427.0
2024-08-08 15:38:00,91.0599,91.17,90.98,90.995,80955.0
2024-08-08 15:40:00,90.98,90.9999,90.8,90.93,54093.0
2024-08-08 15:42:00,90.91,91.12,90.9,90.99,39066.0
2024-08-08 15:44:00,91.0,91.1,90.94,90.9658,36265.0
2024-08-08 15:46:00,90.96,90.965,90.76,90.83,51257.0
2024-08-08 15:48:00,90.81,90.85,90.62,90.66,43454.0
2024-08-08 15:50:00,90.67,90.8692,90.67,90.8186,40678.0
2024-08-08 15:52:00,90.825,90.9,90.74,90.87,46627.0
2024-08-08 15:54:00,90.87,90.99,90.86,90.86,35962.0
2024-08-08 15:56:00,90.865,91.055,90.865,91.005,31024.0
2024-08-08 15:58:00,91.0,91.1,90.97,90.995,58662.0
2024-08-08 16:00:00,90.97,91.15,90.89,90.93,102467.0
2024-08-08 16:02:00,90.94,91.01,90.84,90.9996,67502.0
2024-08-08 16:04:00,91.0,91.22,90.92,91.21,169536.0
2024-08-08 16:06:00,91.22,91.24,91.07,91.18,49494.0
2024-08-08 16:08:00,91.17,91.43,91.15,91.33,91528.0
2024-08-08 16:10:00,91.3,91.53,91.285,91.395,115106.0
2024-08-08 16:12:00,91.395,91.47,91.17,91.195,83419.0
2024-08-08 16:14:00,91.2,91.27,91.1,91.19,65295.0
2024-08-08 16:16:00,91.19,91.24,91.0798,91.1699,75741.0
2024-08-08 16:18:00,91.16,91.26,91.11,91.23,49439.0
2024-08-08 16:20:00,91.25,91.69,91.238,91.68,103385.0
2024-08-08 16:22:00,91.675,91.72,91.5,91.675,72588.0
2024-08-08 16:24:00,91.69,91.74,91.536,91.6,82609.0
2024-08-08 16:26:00,91.61,91.69,91.4,91.44,61712.0
2024-08-08 16:28:00,91.43,91.6192,91.34,91.3749,53689.0
2024-08-08 16:30:00,91.3762,91.38,90.845,90.94,65795.0
2024-08-08 16:32:00,90.93,91.07,90.78,90.88,71794.0
2024-08-08 16:34:00,90.88,90.99,90.7,90.9099,86855.0
2024-08-08 16:36:00,90.91,90.9437,90.64,90.7994,48695.0
2024-08-08 16:38:00,90.79,90.84,90.57,90.72,61064.0
2024-08-08 16:40:00,90.731,90.8328,90.61,90.72,37575.0
2024-08-08 16:42:00,90.71,90.815,90.57,90.815,51178.0
2024-08-08 16:44:00,90.8014,90.95,90.8014,90.9,77973.0
2024-08-08 16:46:00,90.93,91.09,90.89,91.03,51797.0
2024-08-08 16:48:00,91.02,91.21,90.95,91.175,50289.0
2024-08-08 16:50:00,91.18,91.21,90.98,90.98,97376.0
2024-08-08 16:52:00,90.9501,91.13,90.93,91.1077,44524.0
2024-08-08 16:54:00,91.08,91.19,91.01,91.15,41058.0
2024-08-08 16:56:00,91.13,91.16,90.95,91.03,57797.0
2024-08-08 16:58:00,91.05,91.07,90.83,90.96,34680.0
2024-08-08 17:00:00,90.98,91.1,90.82,90.93,66796.0
2024-08-08 17:02:00,90.97,91.01,90.67,90.765,82870.0
2024-08-08 17:04:00,90.765,90.8,90.64,90.745,42288.0
2024-08-08 17:06:00,90.775,90.8,90.54,90.73,46790.0
2024-08-08 17:08:00,90.75,91.01,90.7401,90.99,64616.0
2024-08-08 17:10:00,90.9772,91.1322,90.9772,91.055,70096.0
2024-08-08 17:12:00,91.05,91.24,91.05,91.16,46876.0
2024-08-08 17:14:00,91.17,91.22,91.09,91.18,35917.0
2024-08-08 17:16:00,91.1735,91.36,91.1735,91.2787,42932.0
2024-08-08 17:18:00,91.25,91.52,91.245,91.52,53458.0
2024-08-08 17:20:00,91.52,91.56,91.41,91.5396,70647.0
2024-08-08 17:22:00,91.52,91.54,91.4001,91.47,39078.0
2024-08-08 17:24:00,91.47,91.53,91.415,91.46,42374.0
2024-08-08 17:26:00,91.46,91.78,91.46,91.77,54321.0
2024-08-08 17:28:00,91.76,91.9499,91.71,91.9463,68947.0
2024-08-08 17:30:00,91.94,91.96,91.83,91.95,62600.0
2024-08-08 17:32:00,91.95,92.13,91.9429,92.11,97575.0
2024-08-08 17:34:00,92.12,92.16,91.995,92.08,78169.0
2024-08-08 17:36:00,92.08,92.22,92.03,92.21,57879.0
2024-08-08 17:38:00,92.18,92.2,92.0,92.1899,57943.0
2024-08-08 17:40:00,92.175,92.19,91.98,92.055,83611.0
2024-08-08 17:42:00,92.055,92.17,92.0,92.1596,87895.0
2024-08-08 17:44:00,92.16,92.23,92.07,92.19,66257.0
2024-08-08 17:46:00,92.185,92.3731,92.14,92.3731,69056.0
2024-08-08 17:48:00,92.38,92.45,92.2654,92.4,81350.0
2024-08-08 17:50:00,92.38,92.65,92.36,92.61,110673.0
2024-08-08 17:52:00,92.6,92.67,92.45,92.6001,142381.0
2024-08-08 17:54:00,92.61,92.62,92.24,92.345,102700.0
2024-08-08 17:56:00,92.345,92.56,92.32,92.505,97449.0
2024-08-08 17:58:00,92.5,92.52,92.33,92.37,98659.0
2024-08-08 18:00:00,92.345,92.46,92.31,92.34,35825.0
2024-08-08 18:02:00,92.38,92.57,92.34,92.55,55966.0
2024-08-08 18:04:00,92.55,92.8,92.52,92.77,90972.0
2024-08-08 18:06:00,92.8,92.85,92.62,92.755,103748.0
2024-08-08 18:08:00,92.765,92.81,92.7,92.7725,110997.0
2024-08-08 18:10:00,92.77,92.8052,92.56,92.57,80944.0
2024-08-08 18:12:00,92.55,92.56,92.45,92.48,62601.0
2024-08-08 18:14:00,92.48,92.54,92.44,92.54,57837.0
2024-08-08 18:16:00,92.5415,92.6199,92.36,92.43,70786.0
2024-08-08 18:18:00,92.4214,92.5364,92.4214,92.52,43316.0
2024-08-08 18:20:00,92.53,92.61,92.37,92.3808,88467.0
2024-08-08 18:22:00,92.39,92.55,92.39,92.55,49757.0
2024-08-08 18:24:00,92.5699,92.62,92.49,92.52,61422.0
2024-08-08 18:26:00,92.54,92.6,92.24,92.24,80360.0
2024-08-08 18:28:00,92.2363,92.4,92.19,92.24,57046.0
2024-08-08 18:30:00,92.25,92.37,92.25,92.34,63460.0
2024-08-08 18:32:00,92.37,92.42,92.3565,92.38,37159.0
2024-08-08 18:34:00,92.4,92.55,92.3103,92.36,60234.0
2024-08-08 18:36:00,92.39,92.48,92.29,92.35,81792.0
2024-08-08 18:38:00,92.36,92.38,92.17,92.2,49373.0
2024-08-08 18:40:00,92.21,92.2358,91.92,92.0612,86019.0
2024-08-08 18:42:00,92.08,92.08,91.95,92.0069,42267.0
2024-08-08 18:44:00,92.03,92.16,91.92,92.0,47865.0
2024-08-08 18:46:00,91.98,92.11,91.98,92.09,38126.0
2024-08-08 18:48:00,92.07,92.24,92.07,92.2,58192.0
2024-08-08 18:50:00,92.2,92.2821,92.09,92.11,53588.0
2024-08-08 18:52:00,92.105,92.16,92.06,92.085,31665.0
2024-08-08 18:54:00,92.09,92.35,92.09,92.33,61422.0
2024-08-08 18:56:00,92.31,92.33,92.1687,92.17,44655.0
2024-08-08 18:58:00,92.16,92.24,92.1,92.192,42880.0
2024-08-08 19:00:00,92.18,92.18,91.8716,91.94,78801.0
2024-08-08 19:02:00,91.93,91.985,91.73,91.7605,47293.0
2024-08-08 19:04:00,91.76,91.78,91.52,91.59,71092.0
2024-08-08 19:06:00,91.57,91.725,91.5218,91.71,107178.0
2024-08-08 19:08:00,91.69,92.0,91.68,91.9,72725.0
2024-08-08 19:10:00,91.88,92.09,91.85,91.975,52074.0
2024-08-08 19:12:00,91.98,92.03,91.92,91.93,47631.0
2024-08-08 19:14:00,91.93,92.02,91.689,91.83,75517.0
2024-08-08 19:16:00,91.83,91.835,91.68,91.83,46073.0
2024-08-08 19:18:00,91.815,91.815,91.69,91.7739,54789.0
2024-08-08 19:20:00,91.78,91.92,91.76,91.87,56973.0
2024-08-08 19:22:00,91.87,92.17,91.87,92.15,58166.0
2024-08-08 19:24:00,92.135,92.17,92.01,92.11,51583.0
2024-08-08 19:26:00,92.12,92.1225,91.95,92.04,70625.0
2024-08-08 19:28:00,92.02,92.06,91.66,91.69,103650.0
2024-08-08 19:30:00,91.69,91.85,91.65,91.76,83377.0
2024-08-08 19:32:00,91.77,91.84,91.56,91.58,75610.0
2024-08-08 19:34:00,91.56,91.6652,91.48,91.5599,116480.0
2024-08-08 19:36:00,91.52,91.73,91.4301,91.73,71663.0
2024-08-08 19:38:00,91.72,91.92,91.67,91.81,54100.0
2024-08-08 19:40:00,91.83,91.98,91.83,91.9645,66073.0
2024-08-08 19:42:00,91.9899,92.21,91.93,92.195,163121.0
2024-08-08 19:44:00,92.195,92.4,92.18,92.36,116541.0
2024-08-08 19:46:00,92.34,92.4,92.12,92.15,96743.0
2024-08-08 19:48:00,92.15,92.3699,92.1,92.32,121684.0
2024-08-08 19:50:00,92.33,92.47,92.11,92.235,213379.0
2024-08-08 19:52:00,92.23,92.39,92.1,92.2,192144.0
2024-08-08 19:54:00,92.19,92.21,91.485,91.65,314813.0
2024-08-08 19:56:00,91.6344,91.76,91.535,91.735,310018.0
2024-08-08 19:58:00,91.735,92.16,91.65,92.08,955842.0
2024-08-08 20:00:00,92.07,92.2883,92.07,92.17,87723.0
2024-08-08 20:02:00,92.22,92.27,92.16,92.2085,6389.0
2024-08-08 20:04:00,92.2083,92.21,92.07,92.21,11807.0
2024-08-08 20:06:00,92.07,92.29,92.07,92.2892,26918.0
2024-08-08 20:08:00,92.24,92.2575,92.19,92.2575,1837.0
2024-08-08 20:10:00,92.19,92.2,92.19,92.2,1638.0
2024-08-08 20:12:00,92.2,92.29,92.2,92.29,1814.0
2024-08-08 20:14:00,92.3,92.3,92.07,92.21,11047.0
2024-08-08 20:16:00,92.1118,92.19,92.1118,92.19,883.0
2024-08-08 20:20:00,92.25,92.3,92.25,92.3,1763.0
2024-08-08 20:22:00,92.4,92.43,92.35,92.35,4375.0
2024-08-08 20:26:00,92.39,92.46,92.39,92.46,1574.0
2024-08-08 20:28:00,92.47,92.55,92.47,92.52,2747.0
2024-08-08 20:30:00,92.42,92.45,92.07,92.45,577220.0
2024-08-08 20:34:00,92.41,92.41,92.4,92.41,656.0
2024-08-08 20:36:00,92.35,92.35,92.28,92.28,1288.0
2024-08-08 20:38:00,92.25,92.42,92.24,92.38,2353.0
2024-08-08 20:40:00,92.44,92.49,92.44,92.48,2118.0
2024-08-08 20:42:00,92.41,92.42,92.41,92.4113,1266.0
2024-08-08 20:46:00,92.44,92.44,92.36,92.36,948.0
2024-08-08 20:48:00,92.4482,92.45,92.42,92.44,4211.0
2024-08-08 20:50:00,92.45,92.45,92.45,92.45,796.0
2024-08-08 20:52:00,92.45,92.45,92.45,92.45,874.0
2024-08-08 20:54:00,92.45,92.45,92.07,92.4,1827.0
2024-08-08 20:56:00,92.44,92.45,92.44,92.4499,1879.0
2024-08-08 20:58:00,92.45,92.45,92.41,92.41,498.0
2024-08-08 21:02:00,92.47,92.47,92.47,92.47,604.0
2024-08-08 21:04:00,92.4501,92.5,92.4501,92.47,1412.0
2024-08-08 21:06:00,92.45,92.45,92.35,92.35,3209.0
2024-08-08 21:08:00,92.38,92.38,92.38,92.38,158.0
2024-08-08 21:10:00,92.35,92.35,92.33,92.33,1273.0
2024-08-08 21:12:00,92.31,92.31,92.31,92.31,762.0
2024-08-08 21:14:00,92.33,92.34,92.33,92.34,10259.0
2024-08-08 21:16:00,92.3381,92.34,92.07,92.07,80420.0
2024-08-08 21:18:00,92.3388,92.3388,92.3388,92.3388,167.0
2024-08-08 21:20:00,92.34,92.34,92.07,92.07,1161.0
2024-08-08 21:22:00,92.33,92.33,92.33,92.33,119.0
2024-08-08 21:24:00,92.34,92.38,92.33,92.33,762.0
2024-08-08 21:26:00,92.36,92.39,92.36,92.39,582.0
2024-08-08 21:30:00,92.4898,92.4898,92.28,92.28,331.0
2024-08-08 21:34:00,92.49,92.4999,92.46,92.46,624.0
2024-08-08 21:36:00,92.5,92.5,92.5,92.5,510.0
2024-08-08 21:42:00,92.39,92.39,92.35,92.35,822.0
2024-08-08 21:44:00,92.49,92.49,92.49,92.49,100.0
2024-08-08 21:46:00,92.36,92.4999,92.25,92.4999,1194.0
2024-08-08 21:52:00,92.44,92.44,92.44,92.44,410.0
2024-08-08 21:56:00,92.31,92.31,92.31,92.31,311.0
2024-08-08 21:58:00,92.07,92.07,92.07,92.07,1110.0
2024-08-08 22:00:00,92.3124,92.3124,92.31,92.31,654.0
2024-08-08 22:06:00,92.45,92.4992,92.45,92.45,2619.0
2024-08-08 22:08:00,92.45,92.45,92.44,92.44,942.0
2024-08-08 22:12:00,92.25,92.25,92.2,92.2,2211.0
2024-08-08 22:14:00,92.22,92.22,92.18,92.18,769.0
2024-08-08 22:16:00,92.4804,92.4804,92.4804,92.4804,238.0
2024-08-08 22:22:00,92.4,92.4,92.4,92.4,114.0
2024-08-08 22:26:00,92.32,92.32,92.32,92.32,279.0
2024-08-08 22:28:00,92.4,92.4,92.4,92.4,308.0
2024-08-08 22:36:00,92.44,92.44,92.44,92.44,160.0
2024-08-08 22:40:00,92.5,92.5,92.5,92.5,375.0
2024-08-08 22:48:00,92.43,92.43,92.43,92.43,389.0
2024-08-08 22:52:00,92.42,92.42,92.42,92.42,243.0
2024-08-08 22:58:00,92.4,92.4,92.4,92.4,299.0
2024-08-08 23:02:00,92.48,92.48,92.45,92.45,468.0
2024-08-08 23:04:00,92.49,92.5,92.49,92.5,470.0
2024-08-08 23:06:00,92.5,92.5,92.5,92.5,365.0
2024-08-08 23:08:00,92.54,92.55,92.54,92.55,777.0
2024-08-08 23:12:00,92.75,92.7888,92.75,92.75,3017.0
2024-08-08 23:16:00,92.7867,92.79,92.75,92.76,2100.0
2024-08-08 23:18:00,92.76,92.79,92.7599,92.79,1591.0
2024-08-08 23:20:00,92.81,92.81,92.81,92.81,600.0
2024-08-08 23:22:00,92.68,92.68,92.58,92.58,1168.0
2024-08-08 23:24:00,92.62,92.62,92.62,92.62,318.0
2024-08-08 23:26:00,92.77,92.8,92.77,92.8,644.0
2024-08-08 23:28:00,92.6518,92.6518,92.6518,92.6518,125.0
2024-08-08 23:30:00,92.75,92.75,92.66,92.66,716.0
2024-08-08 23:34:00,92.79,92.79,92.74,92.7893,1096.0
2024-08-08 23:36:00,92.79,92.79,92.74,92.74,412.0
2024-08-08 23:38:00,92.76,92.76,92.76,92.76,353.0
2024-08-08 23:40:00,92.74,92.74,92.74,92.74,284.0
2024-08-08 23:42:00,92.74,92.74,92.74,92.74,280.0
2024-08-08 23:44:00,92.75,92.8258,92.74,92.75,3129.0
2024-08-08 23:46:00,92.8193,92.8193,92.8193,92.8193,674.0
2024-08-08 23:50:00,92.7,92.83,92.7,92.83,774.0
2024-08-08 23:52:00,92.8,92.8,92.76,92.8,685.0
2024-08-08 23:54:00,92.82,92.9,92.8,92.9,3530.0
2024-08-08 23:56:00,92.88,93.0,92.88,92.9307,3944.0
2024-08-08 23:58:00,92.9999,93.0,92.98,93.0,1945.0
2024-08-09 08:00:00,91.62,92.79,91.62,92.68,2505.0
2024-08-09 08:02:00,92.63,92.63,92.63,92.63,1914.0
2024-08-09 08:04:00,92.65,92.75,92.64,92.64,2085.0
2024-08-09 08:06:00,92.89,92.89,92.83,92.83,1879.0
2024-08-09 08:08:00,92.73,92.73,92.73,92.73,196.0
2024-08-09 08:10:00,92.72,92.82,92.72,92.82,4122.0
2024-08-09 08:12:00,92.89,92.99,92.89,92.93,2979.0
2024-08-09 08:14:00,92.9,92.92,92.9,92.92,883.0
2024-08-09 08:18:00,92.92,92.94,92.9,92.93,1266.0
2024-08-09 08:20:00,92.91,92.92,92.91,92.92,329.0
2024-08-09 08:22:00,92.94,92.96,92.94,92.96,1554.0
2024-08-09 08:24:00,92.92,92.94,92.92,92.94,1547.0
2024-08-09 08:26:00,92.98,93.19,92.98,93.18,4273.0
2024-08-09 08:28:00,93.17,93.2,93.15,93.2,3856.0
2024-08-09 08:30:00,93.3,93.39,93.2,93.39,4719.0
2024-08-09 08:32:00,93.39,93.39,93.39,93.39,699.0
2024-08-09 08:34:00,93.45,93.49,93.39,93.49,2812.0
2024-08-09 08:36:00,93.52,93.58,93.49,93.54,6513.0
2024-08-09 08:38:00,93.5,93.5,93.3,93.35,4300.0
2024-08-09 08:40:00,93.3,93.58,93.3,93.3,4461.0
2024-08-09 08:42:00,93.47,94.17,93.46,94.09,26492.0
2024-08-09 08:44:00,94.17,94.25,94.0,94.01,14840.0
2024-08-09 08:46:00,94.07,94.07,93.91,93.91,5068.0
2024-08-09 08:48:00,93.68,93.93,93.56,93.65,1712.0
2024-08-09 08:50:00,93.74,93.88,93.74,93.85,2119.0
2024-08-09 08:52:00,93.92,93.92,93.81,93.81,718.0
2024-08-09 08:54:00,93.71,93.71,93.65,93.66,2727.0
2024-08-09 08:56:00,93.71,93.86,93.7,93.81,2902.0
2024-08-09 08:58:00,93.82,93.82,93.82,93.82,320.0
2024-08-09 09:00:00,93.82,93.82,93.82,93.82,145.0
2024-08-09 09:04:00,93.9,93.93,93.9,93.9,1281.0
2024-08-09 09:06:00,93.81,93.81,93.81,93.81,831.0
2024-08-09 09:08:00,93.86,93.86,93.86,93.86,242.0
2024-08-09 09:10:00,93.86,93.99,93.86,93.99,4155.0
2024-08-09 09:12:00,93.96,93.96,93.96,93.96,575.0
2024-08-09 09:14:00,93.98,94.01,93.98,93.98,1420.0
2024-08-09 09:16:00,93.96,93.98,93.96,93.98,1757.0
2024-08-09 09:18:00,93.95,93.95,93.94,93.94,431.0
2024-08-09 09:20:00,93.87,93.87,93.8,93.8,2637.0
2024-08-09 09:22:00,93.73,93.73,93.63,93.7,2196.0
2024-08-09 09:26:00,93.77,93.77,93.74,93.75,409.0
2024-08-09 09:30:00,93.64,93.64,93.62,93.62,1302.0
2024-08-09 09:32:00,93.62,93.62,93.61,93.61,376.0
2024-08-09 09:34:00,93.5,93.5,93.5,93.5,1104.0
2024-08-09 09:36:00,93.39,93.39,93.39,93.39,188.0
2024-08-09 09:38:00,93.5,93.5,93.5,93.5,274.0
2024-08-09 09:40:00,93.5,93.5,93.5,93.5,100.0
2024-08-09 09:42:00,93.46,93.46,93.46,93.46,256.0
2024-08-09 09:44:00,93.5,93.56,93.0,93.0,8627.0
2024-08-09 09:46:00,93.05,93.05,92.8,92.8,9629.0
2024-08-09 09:50:00,92.93,93.1,92.89,93.1,1682.0
2024-08-09 09:56:00,93.3,93.57,93.3,93.38,35526.0
2024-08-09 09:58:00,93.44,93.52,93.38,93.5,29918.0
2024-08-09 10:00:00,93.5,93.6,93.41,93.6,40604.0
2024-08-09 10:02:00,93.6,93.62,93.54,93.55,4631.0
2024-08-09 10:04:00,93.52,93.52,93.3,93.39,19523.0
2024-08-09 10:06:00,93.38,93.38,93.37,93.37,796.0
2024-08-09 10:08:00,93.15,93.15,93.15,93.15,2787.0
2024-08-09 10:10:00,93.16,93.2,93.16,93.19,1511.0
2024-08-09 10:12:00,93.18,93.19,93.05,93.05,3099.0
2024-08-09 10:14:00,93.1,93.23,93.1,93.15,1546.0
2024-08-09 10:16:00,93.1,93.15,93.1,93.15,1137.0
2024-08-09 10:18:00,93.09,93.09,93.0,93.0,1241.0
2024-08-09 10:20:00,93.0,93.0,92.9,93.0,2267.0
2024-08-09 10:22:00,93.15,93.15,93.15,93.15,972.0
2024-08-09 10:26:00,93.14,93.18,93.14,93.18,1794.0
2024-08-09 10:28:00,93.25,93.39,93.15,93.15,5209.0
2024-08-09 10:30:00,93.25,93.35,93.25,93.25,1882.0
2024-08-09 10:32:00,93.35,93.35,93.35,93.35,110.0
2024-08-09 10:34:00,93.35,93.36,93.32,93.32,1313.0
2024-08-09 10:36:00,93.2,93.2,93.2,93.2,427.0
2024-08-09 10:42:00,93.22,93.22,93.22,93.22,322.0
2024-08-09 10:44:00,93.29,93.29,93.29,93.29,200.0
2024-08-09 10:54:00,93.35,93.35,93.35,93.35,559.0
2024-08-09 10:56:00,93.35,93.35,93.35,93.35,359.0
2024-08-09 10:58:00,93.36,93.36,93.36,93.36,690.0
2024-08-09 11:00:00,93.26,93.47,93.24,93.3,8621.0
2024-08-09 11:02:00,93.34,93.38,93.3,93.38,3274.0
2024-08-09 11:04:00,93.49,93.5,93.4,93.4,2856.0
2024-08-09 11:08:00,93.39,93.39,93.39,93.39,513.0
2024-08-09 11:10:00,93.39,93.5,93.39,93.5,2307.0
2024-08-09 11:12:00,93.72,93.72,93.7,93.71,2332.0
2024-08-09 11:14:00,93.53,93.71,93.5,93.71,1474.0
2024-08-09 11:16:00,93.71,93.73,93.71,93.73,796.0
2024-08-09 11:18:00,93.69,93.69,93.64,93.64,671.0
2024-08-09 11:20:00,93.7,93.71,93.7,93.71,675.0
2024-08-09 11:22:00,93.65,93.65,93.54,93.54,3475.0
2024-08-09 11:24:00,93.55,93.55,93.51,93.51,1460.0
2024-08-09 11:26:00,93.53,93.53,93.04,93.13,67258.0
2024-08-09 11:28:00,93.05,93.05,93.05,93.05,468.0
2024-08-09 11:30:00,93.21,93.21,92.98,93.0,7499.0
2024-08-09 11:32:00,92.82,92.82,92.65,92.65,7709.0
2024-08-09 11:34:00,92.64,92.84,92.64,92.84,6131.0
2024-08-09 11:36:00,92.84,92.9,92.77,92.9,6493.0
2024-08-09 11:38:00,92.85,92.85,92.61,92.61,5967.0
2024-08-09 11:40:00,92.73,92.74,92.6,92.6,3516.0
2024-08-09 11:42:00,92.63,92.64,92.51,92.51,2389.0
2024-08-09 11:44:00,92.58,92.64,92.58,92.64,5573.0
2024-08-09 11:46:00,92.69,92.78,92.69,92.76,4823.0
2024-08-09 11:48:00,92.78,92.82,92.7,92.7,1679.0
2024-08-09 11:50:00,92.74,92.9,92.7,92.9,5156.0
2024-08-09 11:52:00,92.97,92.97,92.72,92.72,5564.0
2024-08-09 12:00:00,93.77,93.77,92.0,92.0,1108331.0
2024-08-09 12:02:00,92.72,92.75,92.5,92.5,6360.0
2024-08-09 12:04:00,92.5,92.5,92.3,92.3,1359.0
2024-08-09 12:06:00,92.2907,92.497,92.05,92.34,3999.0
2024-08-09 12:08:00,92.0695,92.14,92.0695,92.1,2259.0
2024-08-09 12:10:00,92.17,92.18,92.1,92.15,3166.0
2024-08-09 12:12:00,92.19,92.2,92.07,92.13,5365.0
2024-08-09 12:14:00,92.06,92.27,92.05,92.27,4691.0
2024-08-09 12:16:00,92.34,92.38,92.21,92.21,4037.0
2024-08-09 12:18:00,92.31,92.31,92.06,92.06,1775.0
2024-08-09 12:20:00,92.04,92.15,92.0,92.1,16346.0
2024-08-09 12:22:00,92.04,92.05,91.9,91.9,9830.0
2024-08-09 12:24:00,91.926,91.93,91.78,91.8,5221.0
2024-08-09 12:26:00,91.71,91.84,91.71,91.73,8252.0
2024-08-09 12:28:00,91.9,91.91,91.78,91.78,2427.0
2024-08-09 12:30:00,91.79,91.79,91.52,91.52,3294.0
2024-08-09 12:32:00,91.42,91.42,91.29,91.4,4335.0
2024-08-09 12:34:00,91.4,91.4,91.0,91.05,12462.0
2024-08-09 12:36:00,91.02,91.18,91.02,91.18,3939.0
2024-08-09 12:38:00,91.25,91.38,91.0535,91.0535,3958.0
2024-08-09 12:40:00,91.2,91.57,91.2,91.57,3626.0
2024-08-09 12:42:00,91.6,91.61,91.6,91.61,1040.0
2024-08-09 12:44:00,91.45,91.75,91.45,91.75,1749.0
2024-08-09 12:46:00,91.6,91.78,91.6,91.78,1066.0
2024-08-09 12:48:00,91.6001,91.71,91.6,91.71,1741.0
2024-08-09 12:50:00,91.6998,91.6998,91.6,91.6,924.0
2024-08-09 12:52:00,91.68,91.68,91.65,91.65,552.0
2024-08-09 12:54:00,91.58,91.69,91.43,91.69,2475.0
2024-08-09 12:58:00,91.5,91.65,91.5,91.65,1382.0
2024-08-09 13:00:00,91.5,91.6,91.42,91.5,3853.0
2024-08-09 13:02:00,91.69,91.7,91.69,91.7,1559.0
2024-08-09 13:04:00,91.45,91.7879,91.45,91.7879,1020.0
2024-08-09 13:06:00,91.8,91.8,91.48,91.48,384.0
2024-08-09 13:10:00,91.7,91.8,91.6,91.8,2357.0
2024-08-09 13:12:00,91.82,91.82,91.81,91.82,2248.0
2024-08-09 13:14:00,91.89,91.89,91.82,91.82,2427.0
2024-08-09 13:18:00,91.83,91.83,91.77,91.77,717.0
2024-08-09 13:20:00,91.8,91.8,91.8,91.8,1015.0
2024-08-09 13:22:00,91.75,91.8007,91.75,91.8007,3537.0
2024-08-09 13:24:00,91.8,92.1,91.79,91.9,9486.0
2024-08-09 13:26:00,91.9,92.03,91.89,92.01,2897.0
2024-08-09 13:28:00,91.87,91.8795,91.74,91.75,7899.0
2024-08-09 13:30:00,91.79,93.09,91.6001,93.085,486292.0
2024-08-09 13:32:00,93.085,93.76,93.005,93.6699,345835.0
2024-08-09 13:34:00,93.67,93.83,93.11,93.3875,261390.0
2024-08-09 13:36:00,93.38,93.6899,93.29,93.3344,248518.0
2024-08-09 13:38:00,93.34,94.06,93.25,93.95,279467.0
2024-08-09 13:40:00,93.95,93.95,93.51,93.66,242841.0
2024-08-09 13:42:00,93.69,93.9799,93.53,93.79,290434.0
2024-08-09 13:44:00,93.79,93.86,93.47,93.59,277424.0
2024-08-09 13:46:00,93.61,93.68,93.03,93.18,370061.0
2024-08-09 13:48:00,93.18,93.64,92.88,92.98,261688.0
2024-08-09 13:50:00,92.99,93.36,92.831,92.95,336183.0
2024-08-09 13:52:00,92.99,93.1099,92.5762,92.775,188339.0
2024-08-09 13:54:00,92.79,92.89,92.2844,92.2968,144152.0
2024-08-09 13:56:00,92.29,92.51,91.93,91.93,174380.0
2024-08-09 13:58:00,91.93,92.05,91.74,91.75,158018.0
2024-08-09 14:00:00,91.745,91.9899,91.45,91.84,186505.0
2024-08-09 14:02:00,91.84,92.35,91.5501,92.35,162649.0
2024-08-09 14:04:00,92.33,92.53,92.28,92.49,146406.0
2024-08-09 14:06:00,92.5002,92.65,92.32,92.6301,175236.0
2024-08-09 14:08:00,92.6784,92.79,92.36,92.4555,104904.0
2024-08-09 14:10:00,92.51,92.94,92.48,92.75,114055.0
2024-08-09 14:12:00,92.77,93.46,92.76,93.395,117866.0
2024-08-09 14:14:00,93.4,93.47,93.02,93.1337,109264.0
2024-08-09 14:16:00,93.185,93.34,92.9,93.2,125822.0
2024-08-09 14:18:00,93.188,93.43,93.16,93.26,150986.0
2024-08-09 14:20:00,93.26,93.45,93.15,93.2675,112113.0
2024-08-09 14:22:00,93.285,93.4,92.8366,92.98,89779.0
2024-08-09 14:24:00,92.95,93.03,92.82,92.91,97353.0
2024-08-09 14:26:00,92.95,93.11,92.91,92.96,56021.0
2024-08-09 14:28:00,92.93,93.08,92.74,92.76,69491.0
2024-08-09 14:30:00,92.76,92.81,92.337,92.365,108376.0
2024-08-09 14:32:00,92.375,92.65,92.36,92.46,79676.0
2024-08-09 14:34:00,92.46,92.48,92.29,92.37,39229.0
2024-08-09 14:36:00,92.39,92.5999,92.259,92.56,84340.0
2024-08-09 14:38:00,92.56,92.68,92.426,92.61,142432.0
2024-08-09 14:40:00,92.63,92.86,92.63,92.8,64332.0
2024-08-09 14:42:00,92.81,92.9299,92.64,92.72,54531.0
2024-08-09 14:44:00,92.75,92.97,92.66,92.97,47250.0
2024-08-09 14:46:00,92.9999,93.48,92.9999,93.3393,126158.0
2024-08-09 14:48:00,93.34,93.69,93.24,93.54,179077.0
2024-08-09 14:50:00,93.555,93.79,93.42,93.685,111207.0
2024-08-09 14:52:00,93.7,93.85,93.56,93.7728,87659.0
2024-08-09 14:54:00,93.785,93.99,93.67,93.9001,118937.0
2024-08-09 14:56:00,93.93,94.09,93.87,93.99,109049.0
2024-08-09 14:58:00,94.01,94.01,93.72,93.76,91081.0
2024-08-09 15:00:00,93.76,94.1399,93.76,93.8715,141968.0
2024-08-09 15:02:00,93.86,94.1399,93.84,94.072,70492.0
2024-08-09 15:04:00,94.06,94.35,94.05,94.3056,117586.0
2024-08-09 15:06:00,94.31,94.34,94.2,94.27,77507.0
2024-08-09 15:08:00,94.31,94.53,94.11,94.17,190258.0
2024-08-09 15:10:00,94.17,94.23,93.87,94.08,129237.0
2024-08-09 15:12:00,94.08,94.09,93.745,93.91,61292.0
2024-08-09 15:14:00,93.94,94.0143,93.89,93.96,50010.0
2024-08-09 15:16:00,93.94,94.12,93.94,94.11,68755.0
2024-08-09 15:18:00,94.1,94.11,93.86,93.9319,64069.0
2024-08-09 15:20:00,93.92,93.94,93.72,93.835,42773.0
2024-08-09 15:22:00,93.82,93.9708,93.8,93.88,39175.0
2024-08-09 15:24:00,93.9,93.96,93.75,93.88,38235.0
2024-08-09 15:26:00,93.85,93.88,93.71,93.71,72998.0
2024-08-09 15:28:00,93.74,93.7997,93.404,93.43,86358.0
2024-08-09 15:30:00,93.43,93.63,93.35,93.6096,61280.0
2024-08-09 15:32:00,93.6,93.7099,93.52,93.63,54125.0
2024-08-09 15:34:00,93.63,93.79,93.5,93.515,54189.0
2024-08-09 15:36:00,93.51,93.56,93.39,93.4649,43857.0
2024-08-09 15:38:00,93.45,93.53,93.3361,93.46,34676.0
2024-08-09 15:40:00,93.49,93.6962,93.44,93.68,55590.0
2024-08-09 15:42:00,93.68,93.68,93.45,93.54,37290.0
2024-08-09 15:44:00,93.545,93.71,93.545,93.6858,51461.0
2024-08-09 15:46:00,93.7,93.93,93.7,93.82,59096.0
2024-08-09 15:48:00,93.7841,93.94,93.77,93.82,55320.0
2024-08-09 15:50:00,93.84,93.86,93.695,93.74,83987.0
2024-08-09 15:52:00,93.76,93.78,93.65,93.7095,64611.0
2024-08-09 15:54:00,93.715,93.75,93.41,93.43,60048.0
2024-08-09 15:56:00,93.4499,93.4499,93.14,93.2,87227.0
2024-08-09 15:58:00,93.22,93.29,93.07,93.11,36953.0
2024-08-09 16:00:00,93.11,93.14,92.93,92.955,135554.0
2024-08-09 16:02:00,92.955,93.02,92.88,93.0,57056.0
2024-08-09 16:04:00,92.9966,93.0399,92.8,92.88,74344.0
2024-08-09 16:06:00,92.8773,92.9764,92.84,92.96,27526.0
2024-08-09 16:08:00,92.9667,93.0299,92.835,92.885,135949.0
2024-08-09 16:10:00,92.88,92.89,92.73,92.81,89978.0
2024-08-09 16:12:00,92.8,92.824,92.68,92.76,68690.0
2024-08-09 16:14:00,92.765,92.7865,92.71,92.77,35804.0
2024-08-09 16:16:00,92.76,92.78,92.6862,92.76,25281.0
2024-08-09 16:18:00,92.76,93.0399,92.76,93.0399,57411.0
2024-08-09 16:20:00,93.0149,93.13,93.0,93.03,41581.0
2024-08-09 16:22:00,93.06,93.115,93.0,93.03,20497.0
2024-08-09 16:24:00,93.04,93.07,92.83,93.04,39641.0
2024-08-09 16:26:00,93.03,93.13,93.0,93.07,27758.0
2024-08-09 16:28:00,93.08,93.1123,93.05,93.085,28759.0
2024-08-09 16:30:00,93.07,93.17,93.06,93.11,67346.0
2024-08-09 16:32:00,93.13,93.24,93.11,93.21,48442.0
2024-08-09 16:34:00,93.225,93.3,93.1099,93.16,87520.0
2024-08-09 16:36:00,93.1695,93.27,93.14,93.15,26160.0
2024-08-09 16:38:00,93.155,93.33,93.15,93.19,45254.0
2024-08-09 16:40:00,93.22,93.22,93.06,93.06,62979.0
2024-08-09 16:42:00,93.07,93.085,92.92,92.94,64603.0
2024-08-09 16:44:00,92.96,93.0099,92.935,92.935,34143.0
2024-08-09 16:46:00,92.935,92.975,92.76,92.8,44242.0
2024-08-09 16:48:00,92.79,92.9699,92.6802,92.9699,52496.0
2024-08-09 16:50:00,92.9699,93.135,92.9314,93.05,42285.0
2024-08-09 16:52:00,93.06,93.0914,93.0,93.01,25475.0
2024-08-09 16:54:00,93.01,93.0692,92.94,93.05,29642.0
2024-08-09 16:56:00,93.055,93.1385,93.02,93.0301,20158.0
2024-08-09 16:58:00,93.04,93.19,93.04,93.185,29442.0
2024-08-09 17:00:00,93.1904,93.2499,93.08,93.1699,33548.0
2024-08-09 17:02:00,93.16,93.23,93.12,93.15,42717.0
2024-08-09 17:04:00,93.16,93.1708,93.0201,93.0675,37607.0
2024-08-09 17:06:00,93.08,93.17,93.06,93.16,18031.0
2024-08-09 17:08:00,93.2,93.25,93.14,93.25,37895.0
2024-08-09 17:10:00,93.245,93.44,93.245,93.37,58505.0
2024-08-09 17:12:00,93.38,93.48,93.34,93.47,100402.0
2024-08-09 17:14:00,93.47,93.9,93.46,93.8762,69733.0
2024-08-09 17:16:00,93.86,93.87,93.67,93.72,59527.0
2024-08-09 17:18:00,93.72,93.84,93.708,93.82,38937.0
2024-08-09 17:20:00,93.82,93.8258,93.69,93.705,70815.0
2024-08-09 17:22:00,93.71,93.72,93.56,93.59,43316.0
2024-08-09 17:24:00,93.5917,93.71,93.52,93.68,38436.0
2024-08-09 17:26:00,93.7,93.7,93.5577,93.69,26951.0
2024-08-09 17:28:00,93.685,93.98,93.685,93.98,45321.0
2024-08-09 17:30:00,93.99,94.06,93.82,93.845,66564.0
2024-08-09 17:32:00,93.83,93.929,93.82,93.9177,56467.0
2024-08-09 17:34:00,93.9,93.97,93.88,93.89,45130.0
2024-08-09 17:36:00,93.895,93.9,93.75,93.865,53196.0
2024-08-09 17:38:00,93.88,93.91,93.77,93.81,52647.0
2024-08-09 17:40:00,93.82,93.96,93.69,93.732,60887.0
2024-08-09 17:42:00,93.73,93.76,93.61,93.7,52591.0
2024-08-09 17:44:00,93.69,93.72,93.62,93.685,44991.0
2024-08-09 17:46:00,93.68,93.7199,93.56,93.7192,37904.0
2024-08-09 17:48:00,93.71,93.71,93.56,93.59,40340.0
2024-08-09 17:50:00,93.6,93.6786,93.52,93.63,38334.0
2024-08-09 17:52:00,93.645,93.71,93.555,93.6,44548.0
2024-08-09 17:54:00,93.6,93.6,93.39,93.585,63682.0
2024-08-09 17:56:00,93.585,93.585,93.45,93.4968,40971.0
2024-08-09 17:58:00,93.5,93.61,93.485,93.56,37872.0
2024-08-09 18:00:00,93.565,93.64,93.485,93.63,35601.0
2024-08-09 18:02:00,93.63,93.64,93.44,93.46,41699.0
2024-08-09 18:04:00,93.46,93.46,93.32,93.4,74654.0
2024-08-09 18:06:00,93.4,93.47,93.38,93.46,51279.0
2024-08-09 18:08:00,93.45,93.51,93.41,93.495,33777.0
2024-08-09 18:10:00,93.5,93.5,93.1,93.125,76076.0
2024-08-09 18:12:00,93.11,93.27,93.09,93.256,42830.0
2024-08-09 18:14:00,93.26,93.34,93.17,93.25,92219.0
2024-08-09 18:16:00,93.25,93.3299,93.19,93.2,35433.0
2024-08-09 18:18:00,93.218,93.36,93.17,93.34,50240.0
2024-08-09 18:20:00,93.355,93.3655,93.25,93.35,28034.0
2024-08-09 18:22:00,93.34,93.475,93.34,93.43,33632.0
2024-08-09 18:24:00,93.42,93.45,93.24,93.245,34771.0
2024-08-09 18:26:00,93.24,93.41,93.22,93.36,33548.0
2024-08-09 18:28:00,93.35,93.38,93.32,93.355,40213.0
2024-08-09 18:30:00,93.355,93.42,93.24,93.26,49555.0
2024-08-09 18:32:00,93.25,93.3353,93.22,93.27,31111.0
2024-08-09 18:34:00,93.26,93.28,93.081,93.115,47116.0
2024-08-09 18:36:00,93.115,93.31,93.1,93.28,38986.0
2024-08-09 18:38:00,93.285,93.33,93.25,93.3,66504.0
2024-08-09 18:40:00,93.29,93.388,93.264,93.31,33292.0
2024-08-09 18:42:00,93.31,93.36,93.21,93.34,47362.0
2024-08-09 18:44:00,93.35,93.3899,93.25,93.31,31399.0
2024-08-09 18:46:00,93.32,93.35,93.29,93.32,54528.0
2024-08-09 18:48:00,93.335,93.35,93.26,93.32,32245.0
2024-08-09 18:50:00,93.315,93.35,93.12,93.3,42398.0
2024-08-09 18:52:00,93.29,93.3,93.13,93.21,30138.0
2024-08-09 18:54:00,93.22,93.29,93.18,93.2,24166.0
2024-08-09 18:56:00,93.2,93.29,93.17,93.29,40140.0
2024-08-09 18:58:00,93.285,93.36,93.22,93.34,38112.0
2024-08-09 19:00:00,93.3699,93.4,93.22,93.26,47216.0
2024-08-09 19:02:00,93.26,93.26,93.04,93.15,54908.0
2024-08-09 19:04:00,93.16,93.19,93.08,93.14,44437.0
2024-08-09 19:06:00,93.14,93.3099,93.13,93.29,40333.0
2024-08-09 19:08:00,93.2849,93.37,93.23,93.31,39574.0
2024-08-09 19:10:00,93.32,93.45,93.32,93.44,45097.0
2024-08-09 19:12:00,93.43,93.47,93.4016,93.46,46147.0
2024-08-09 19:14:00,93.46,93.53,93.42,93.515,54645.0
2024-08-09 19:16:00,93.52,93.57,93.46,93.475,70337.0
2024-08-09 19:18:00,93.47,93.55,93.4101,93.54,60420.0
2024-08-09 19:20:00,93.54,93.54,93.23,93.25,57078.0
2024-08-09 19:22:00,93.25,93.4,93.2026,93.32,62947.0
2024-08-09 19:24:00,93.33,93.48,93.32,93.46,41578.0
2024-08-09 19:26:00,93.45,93.48,93.3775,93.46,74492.0
2024-08-09 19:28:00,93.47,93.59,93.47,93.52,45124.0
2024-08-09 19:30:00,93.52,93.63,93.52,93.61,55316.0
2024-08-09 19:32:00,93.6,93.6699,93.53,93.53,64703.0
2024-08-09 19:34:00,93.53,93.6462,93.46,93.63,84669.0
2024-08-09 19:36:00,93.63,93.64,93.43,93.47,68839.0
2024-08-09 19:38:00,93.4697,93.51,93.37,93.37,52732.0
2024-08-09 19:40:00,93.37,93.54,93.365,93.475,65106.0
2024-08-09 19:42:00,93.48,93.51,93.37,93.4166,52671.0
2024-08-09 19:44:00,93.41,93.44,93.29,93.3809,73342.0
2024-08-09 19:46:00,93.3892,93.41,93.32,93.345,73757.0
2024-08-09 19:48:00,93.345,93.37,93.29,93.36,66841.0
2024-08-09 19:50:00,93.35,93.49,93.19,93.28,129191.0
2024-08-09 19:52:00,93.3098,93.35,92.96,92.96,142792.0
2024-08-09 19:54:00,92.96,92.99,92.81,92.94,258576.0
2024-08-09 19:56:00,92.94,93.1,92.88,93.04,200758.0
2024-08-09 19:58:00,93.04,93.14,93.0,93.08,405837.0
2024-08-09 20:00:00,93.08,93.22,93.08,93.08,139611.0
2024-08-09 20:02:00,93.08,93.08,93.08,93.08,1736.0
2024-08-09 20:04:00,93.08,93.08,93.08,93.08,1977.0
2024-08-09 20:08:00,93.07,93.08,93.07,93.08,717.0
2024-08-09 20:10:00,93.12,93.12,93.09,93.1,342.0
2024-08-09 20:12:00,93.12,93.12,93.09,93.12,6141.0
2024-08-09 20:14:00,93.12,93.15,93.12,93.15,972.0
2024-08-09 20:16:00,93.14,93.14,93.13,93.14,1720.0
2024-08-09 20:18:00,93.13,93.13,93.13,93.13,234.0
2024-08-09 20:20:00,93.131,93.131,93.07,93.08,1260.0
2024-08-09 20:24:00,93.08,93.08,93.08,93.08,718475.0
2024-08-09 20:26:00,93.12,93.14,93.11,93.12,1314.0
2024-08-09 20:28:00,93.11,93.11,93.09,93.11,898.0
2024-08-09 20:32:00,93.12,93.12,93.08,93.08,601.0
2024-08-09 20:34:00,93.08,93.08,93.08,93.08,258.0
2024-08-09 20:40:00,93.12,93.12,93.08,93.08,607.0
2024-08-09 20:42:00,93.12,93.12,93.07,93.07,368.0
2024-08-09 20:46:00,93.09,93.27,93.09,93.19,3449.0
2024-08-09 20:48:00,93.13,93.13,93.08,93.08,534428.0
2024-08-09 20:52:00,93.15,93.15,93.15,93.15,1272.0
2024-08-09 20:56:00,93.29,93.29,93.29,93.29,111.0
2024-08-09 20:58:00,93.17,93.17,93.17,93.17,400.0
2024-08-09 21:00:00,93.15,93.15,93.15,93.15,285.0
2024-08-09 21:02:00,93.15,93.15,93.15,93.15,5396.0
2024-08-09 21:06:00,93.14,93.14,93.14,93.14,1005.0
2024-08-09 21:08:00,93.18,93.18,93.18,93.18,257.0
2024-08-09 21:10:00,93.24,93.24,93.14,93.14,464.0
2024-08-09 21:12:00,93.2389,93.2389,93.2389,93.2389,1000.0
2024-08-09 21:14:00,93.24,93.24,93.24,93.24,541.0
2024-08-09 21:18:00,93.2254,93.2254,93.13,93.15,1611.0
2024-08-09 21:20:00,93.19,93.19,93.11,93.11,700.0
2024-08-09 21:22:00,93.1,93.1,93.09,93.09,1467.0
2024-08-09 21:24:00,93.09,93.09,93.08,93.08,957.0
2024-08-09 21:28:00,93.15,93.15,93.15,93.15,575.0
2024-08-09 21:30:00,93.15,93.15,93.15,93.15,186.0
2024-08-09 21:34:00,93.15,93.15,93.1,93.1,1256.0
2024-08-09 21:40:00,93.15,93.15,93.15,93.15,150.0
2024-08-09 21:42:00,93.15,93.1996,93.15,93.1996,1126.0
2024-08-09 21:44:00,93.1994,93.1994,93.1994,93.1994,554.0
2024-08-09 21:46:00,93.13,93.13,93.13,93.13,106.0
2024-08-09 21:50:00,93.1998,93.1998,93.1998,93.1998,513.0
2024-08-09 22:10:00,93.1983,93.1983,93.1983,93.1983,220.0
2024-08-09 22:16:00,93.13,93.13,93.12,93.12,500.0
2024-08-09 22:30:00,93.2,93.2,93.2,93.2,1000.0
2024-08-09 22:34:00,93.1993,93.1993,93.18,93.18,265.0
2024-08-09 22:36:00,93.18,93.18,93.18,93.18,101.0
2024-08-09 22:50:00,93.19,93.19,93.19,93.19,100.0
2024-08-09 22:52:00,93.16,93.16,93.16,93.16,100.0
2024-08-09 22:56:00,93.19,93.2,93.19,93.19,772.0
2024-08-09 23:04:00,93.2,93.2,93.2,93.2,196.0
2024-08-09 23:06:00,93.14,93.14,93.14,93.14,258.0
2024-08-09 23:08:00,93.13,93.13,93.13,93.13,250.0
2024-08-09 23:12:00,93.1001,93.1001,93.1001,93.1001,230.0
2024-08-09 23:14:00,93.13,93.13,93.13,93.13,282.0
2024-08-09 23:30:00,93.19,93.19,93.19,93.19,303.0
2024-08-09 23:34:00,93.15,93.15,93.08,93.08,5352.0
2024-08-09 23:36:00,93.0364,93.0364,93.0364,93.0364,250.0
2024-08-09 23:40:00,93.1985,93.1985,93.1985,93.1985,318.0
2024-08-09 23:42:00,93.1993,93.1993,93.1993,93.1993,201.0
2024-08-09 23:46:00,93.1999,93.1999,93.1999,93.1999,312.0
2024-08-09 23:48:00,93.1,93.1009,93.1,93.1009,850.0
2024-08-09 23:52:00,93.15,93.15,93.15,93.15,119.0
2024-08-09 23:58:00,93.2,93.2,93.2,93.2,257.0
2024-08-12 08:00:00,93.61,93.82,93.61,93.82,1005.0
2024-08-12 08:04:00,93.85,93.94,93.85,93.94,1171.0
2024-08-12 08:06:00,94.05,94.07,94.02,94.02,1298.0
2024-08-12 08:08:00,94.39,94.39,94.39,94.39,181.0
2024-08-12 08:10:00,94.5,94.5,94.5,94.5,1005.0
2024-08-12 08:14:00,94.4,94.45,94.4,94.45,2252.0
2024-08-12 08:16:00,94.44,94.44,94.42,94.42,2146.0
2024-08-12 08:20:00,94.12,94.12,94.12,94.12,589.0
2024-08-12 08:22:00,94.12,94.12,94.12,94.12,399.0
2024-08-12 08:24:00,94.09,94.32,94.09,94.32,4219.0
2024-08-12 08:26:00,94.23,94.23,94.23,94.23,112.0
2024-08-12 08:36:00,94.2,94.2,94.17,94.17,678.0
2024-08-12 08:38:00,94.06,94.06,94.01,94.01,1297.0
2024-08-12 08:44:00,93.88,93.88,93.88,93.88,211.0
2024-08-12 08:48:00,93.8,93.8,93.8,93.8,121.0
2024-08-12 08:54:00,93.84,93.86,93.84,93.86,913.0
2024-08-12 08:56:00,93.81,93.81,93.81,93.81,103.0
2024-08-12 09:04:00,93.73,93.73,93.73,93.73,100.0
2024-08-12 09:16:00,93.79,93.79,93.79,93.79,435.0
2024-08-12 09:22:00,93.79,93.81,93.79,93.79,1015.0
2024-08-12 09:26:00,93.77,93.77,93.7,93.7,1382.0
2024-08-12 09:30:00,93.77,93.78,93.69,93.69,1221.0
2024-08-12 09:32:00,93.66,93.66,93.66,93.66,966.0
2024-08-12 09:38:00,93.69,93.7,93.69,93.7,2029.0
2024-08-12 09:50:00,93.65,93.65,93.6,93.6,1773.0
2024-08-12 09:54:00,93.61,93.61,93.61,93.61,200.0
2024-08-12 09:58:00,93.62,93.62,93.62,93.62,463.0
2024-08-12 10:04:00,93.47,93.47,93.47,93.47,708.0
2024-08-12 10:08:00,93.45,93.45,93.43,93.43,1145.0
2024-08-12 10:10:00,93.44,93.5,93.44,93.5,374.0
2024-08-12 10:18:00,93.54,93.54,93.54,93.54,310.0
2024-08-12 10:20:00,93.54,93.61,93.52,93.61,1738.0
2024-08-12 10:22:00,93.6,93.65,93.6,93.65,1627.0
2024-08-12 10:24:00,93.66,93.71,93.65,93.71,689.0
2024-08-12 10:26:00,93.71,93.79,93.71,93.79,1240.0
2024-08-12 10:40:00,93.72,93.72,93.72,93.72,816.0
2024-08-12 11:00:00,93.67,93.68,93.36,93.36,6873.0
2024-08-12 11:02:00,93.36,93.36,93.36,93.36,444.0
2024-08-12 11:04:00,93.32,93.35,93.3,93.34,1163.0
2024-08-12 11:06:00,93.35,93.38,93.34,93.38,975.0
2024-08-12 11:08:00,93.49,93.49,93.49,93.49,350.0
2024-08-12 11:12:00,93.59,93.59,93.58,93.58,292.0
2024-08-12 11:14:00,93.52,93.52,93.52,93.52,1081.0
2024-08-12 11:18:00,93.59,93.7,93.59,93.7,1751.0
2024-08-12 11:20:00,93.72,93.73,93.7,93.71,1731.0
2024-08-12 11:22:00,93.7,93.74,93.66,93.66,3252.0
2024-08-12 11:24:00,93.7,93.71,93.7,93.71,270.0
2024-08-12 11:26:00,93.74,93.75,93.74,93.75,1076.0
2024-08-12 11:28:00,93.76,93.76,93.75,93.75,1599.0
2024-08-12 11:30:00,93.71,93.71,93.62,93.62,1313.0
2024-08-12 11:32:00,93.61,93.61,93.6,93.6,248.0
2024-08-12 11:34:00,93.54,93.54,93.54,93.54,221.0
2024-08-12 11:38:00,93.35,93.35,93.35,93.35,1110.0
2024-08-12 11:42:00,93.5,93.5,93.5,93.5,615.0
2024-08-12 11:48:00,93.43,93.49,93.37,93.49,2847.0
2024-08-12 11:52:00,93.6,93.6,93.6,93.6,282.0
2024-08-12 12:00:00,93.5,94.4751,93.3,93.65,21521.0
2024-08-12 12:02:00,93.65,93.65,93.5,93.5,240.0
2024-08-12 12:04:00,93.65,93.65,93.65,93.65,448.0
2024-08-12 12:08:00,93.75,93.75,93.75,93.75,378.0
2024-08-12 12:12:00,93.64,93.64,93.64,93.64,320.0
2024-08-12 12:14:00,93.63,93.7522,93.6,93.7,23268.0
2024-08-12 12:18:00,93.7,93.7,93.7,93.7,2929.0
2024-08-12 12:20:00,93.75,93.75,93.6816,93.6816,803.0
2024-08-12 12:22:00,93.71,93.76,93.71,93.76,1019.0
2024-08-12 12:24:00,93.7314,93.7314,93.7314,93.7314,725.0
2024-08-12 12:26:00,93.86,93.86,93.86,93.86,252.0
2024-08-12 12:28:00,93.85,94.0,93.84,94.0,11813.0
2024-08-12 12:30:00,94.13,94.13,94.13,94.13,166.0
2024-08-12 12:32:00,93.92,93.92,93.85,93.9,2412.0
2024-08-12 12:34:00,93.9,94.0,93.9,94.0,2264.0
2024-08-12 12:36:00,93.96,93.96,93.96,93.96,792.0
2024-08-12 12:38:00,93.89,93.89,93.89,93.89,540.0
2024-08-12 12:42:00,93.81,93.81,93.81,93.81,1245.0
2024-08-12 12:44:00,93.81,93.9349,93.8,93.9349,1673.0
2024-08-12 12:46:00,93.81,93.81,93.81,93.81,303.0
2024-08-12 12:48:00,93.92,93.92,93.92,93.92,377.0
2024-08-12 12:50:00,94.0,94.0,93.9,93.9,5286.0
2024-08-12 12:52:00,93.9,93.9,93.73,93.73,2581.0
2024-08-12 12:54:00,93.978,93.978,93.978,93.978,396.0
2024-08-12 13:00:00,93.9999,93.9999,93.9999,93.9999,4058.0
2024-08-12 13:02:00,93.9608,93.9817,93.9608,93.9775,886.0
2024-08-12 13:04:00,93.9,93.99,93.9,93.99,1074.0
2024-08-12 13:06:00,93.85,93.85,93.85,93.85,328.0
2024-08-12 13:08:00,93.9,93.9,93.8,93.8,1052.0
2024-08-12 13:10:00,93.68,93.9,93.68,93.7,2392.0
2024-08-12 13:12:00,93.72,93.88,93.68,93.72,4012.0
2024-08-12 13:14:00,93.61,93.65,93.6,93.62,1446.0
2024-08-12 13:16:00,93.65,93.84,93.65,93.84,4338.0
2024-08-12 13:18:00,93.79,93.79,93.75,93.75,1429.0
2024-08-12 13:20:00,93.84,93.84,93.8384,93.8384,534.0
2024-08-12 13:22:00,93.8396,93.8396,93.8396,93.8396,126.0
2024-08-12 13:24:00,93.84,93.99,93.83,93.99,3134.0
2024-08-12 13:26:00,93.9,93.9,93.9,93.9,902.0
2024-08-12 13:28:00,93.6,93.76,93.12,93.13,11206.0
2024-08-12 13:30:00,93.1,93.44,92.81,93.215,362639.0
2024-08-12 13:32:00,93.21,93.7999,93.08,93.7334,132108.0
2024-08-12 13:34:00,93.745,93.8226,93.45,93.53,127778.0
2024-08-12 13:36:00,93.58,93.865,93.46,93.8413,105492.0
2024-08-12 13:38:00,93.84,94.12,93.74,94.0698,201132.0
2024-08-12 13:40:00,94.07,94.3,93.65,93.71,268528.0
2024-08-12 13:42:00,93.69,93.725,93.36,93.415,149398.0
2024-08-12 13:44:00,93.39,93.39,92.97,93.11,279586.0
2024-08-12 13:46:00,93.09,93.24,92.75,92.9,145499.0
2024-08-12 13:48:00,92.9,92.98,92.6301,92.82,175290.0
2024-08-12 13:50:00,92.82,93.37,92.78,93.235,297115.0
2024-08-12 13:52:00,93.2543,93.48,93.08,93.48,87968.0
2024-08-12 13:54:00,93.455,93.68,93.42,93.51,131758.0
2024-08-12 13:56:00,93.53,93.595,92.96,93.245,127013.0
2024-08-12 13:58:00,93.23,93.52,93.13,93.45,127203.0
2024-08-12 14:00:00,93.47,93.69,93.4,93.56,97297.0
2024-08-12 14:02:00,93.535,93.92,93.48,93.8801,81095.0
2024-08-12 14:04:00,93.92,93.99,93.05,93.97,64012.0
2024-08-12 14:06:00,93.9999,94.1599,93.95,94.02,68787.0
2024-08-12 14:08:00,94.0601,94.35,94.0,94.33,140591.0
2024-08-12 14:10:00,94.3,94.38,94.02,94.1186,215480.0
2024-08-12 14:12:00,94.13,94.49,94.13,94.4707,79366.0
2024-08-12 14:14:00,94.48,94.7395,94.44,94.685,85062.0
2024-08-12 14:16:00,94.72,94.95,94.5,94.51,154596.0
2024-08-12 14:18:00,94.55,94.8,94.51,94.75,76252.0
2024-08-12 14:20:00,94.72,94.9766,94.72,94.9766,85788.0
2024-08-12 14:22:00,94.98,95.12,94.9301,95.11,183006.0
2024-08-12 14:24:00,95.095,95.12,94.915,95.01,83342.0
2024-08-12 14:26:00,94.99,95.19,94.94,94.96,90141.0
2024-08-12 14:28:00,94.98,95.1,94.8601,94.9302,94541.0
2024-08-12 14:30:00,94.95,95.02,94.86,94.98,65109.0
2024-08-12 14:32:00,95.0,95.14,94.94,95.12,84346.0
2024-08-12 14:34:00,95.1,95.22,95.07,95.21,110817.0
2024-08-12 14:36:00,95.22,95.5391,95.21,95.53,106696.0
2024-08-12 14:38:00,95.54,95.5699,95.25,95.48,99324.0
2024-08-12 14:40:00,95.49,95.56,95.4052,95.51,67337.0
2024-08-12 14:42:00,95.51,95.58,95.3,95.3206,87816.0
2024-08-12 14:44:00,95.35,95.51,95.1401,95.495,103103.0
2024-08-12 14:46:00,95.48,95.57,95.36,95.5599,80215.0
2024-08-12 14:48:00,95.54,95.69,95.44,95.62,122645.0
2024-08-12 14:50:00,95.6,95.6,95.41,95.47,149942.0
2024-08-12 14:52:00,95.475,95.64,95.46,95.55,63667.0
2024-08-12 14:54:00,95.56,95.56,95.4,95.48,62095.0
2024-08-12 14:56:00,95.48,95.5,95.25,95.3001,71724.0
2024-08-12 14:58:00,95.3193,95.6,95.3193,95.515,57098.0
2024-08-12 15:00:00,95.53,95.57,95.37,95.44,58607.0
2024-08-12 15:02:00,95.46,95.855,95.46,95.83,100161.0
2024-08-12 15:04:00,95.84,96.02,95.71,95.73,131064.0
2024-08-12 15:06:00,95.73,96.0199,95.7,95.99,83621.0
2024-08-12 15:08:00,95.98,96.1547,95.86,96.0985,139797.0
2024-08-12 15:10:00,96.08,96.26,96.08,96.18,125064.0
2024-08-12 15:12:00,96.17,96.34,96.08,96.21,107564.0
2024-08-12 15:14:00,96.215,96.245,96.0,96.0695,79793.0
2024-08-12 15:16:00,96.07,96.32,96.04,96.26,99436.0
2024-08-12 15:18:00,96.27,96.46,96.26,96.43,112667.0
2024-08-12 15:20:00,96.428,96.53,96.27,96.49,137054.0
2024-08-12 15:22:00,96.49,96.51,95.685,95.7599,192830.0
2024-08-12 15:24:00,95.74,95.83,94.92,95.03,330302.0
2024-08-12 15:26:00,95.04,95.2399,94.79,95.1,150068.0
2024-08-12 15:28:00,95.11,95.43,95.1,95.43,98343.0
2024-08-12 15:30:00,95.43,95.435,94.99,95.13,131101.0
2024-08-12 15:32:00,95.12,95.36,95.03,95.3473,134488.0
2024-08-12 15:34:00,95.32,95.4299,95.18,95.32,80992.0
2024-08-12 15:36:00,95.41,95.4917,95.2701,95.45,73540.0
2024-08-12 15:38:00,95.46,95.54,95.31,95.48,56757.0
2024-08-12 15:40:00,95.49,95.63,95.32,95.32,120597.0
2024-08-12 15:42:00,95.33,95.57,95.27,95.51,61354.0
2024-08-12 15:44:00,95.495,95.61,93.05,95.535,57313.0
2024-08-12 15:46:00,95.53,95.6999,95.42,95.63,71819.0
2024-08-12 15:48:00,95.61,95.79,95.53,95.78,60873.0
2024-08-12 15:50:00,95.77,96.14,95.71,96.13,112029.0
2024-08-12 15:52:00,96.14,96.18,95.8501,95.9,101408.0
2024-08-12 15:54:00,95.92,96.0,95.85,95.9099,51425.0
2024-08-12 15:56:00,95.8807,95.97,95.76,95.94,68482.0
2024-08-12 15:58:00,95.95,96.137,95.88,95.96,75176.0
2024-08-12 16:00:00,95.9444,96.0,95.7601,95.975,67475.0
2024-08-12 16:02:00,95.9504,95.985,95.84,95.89,57135.0
2024-08-12 16:04:00,95.8902,95.92,95.6,95.63,64781.0
2024-08-12 16:06:00,95.64,95.73,95.44,95.55,155945.0
2024-08-12 16:08:00,95.5692,95.66,95.5,95.595,55127.0
2024-08-12 16:10:00,95.58,95.59,95.34,95.36,45041.0
2024-08-12 16:12:00,95.38,95.48,95.37,95.38,52325.0
2024-08-12 16:14:00,95.41,95.4731,95.25,95.2503,71486.0
2024-08-12 16:16:00,95.27,95.32,95.14,95.26,55155.0
2024-08-12 16:18:00,95.26,95.3396,95.225,95.3199,45451.0
2024-08-12 16:20:00,95.3,95.42,95.21,95.4099,41913.0
2024-08-12 16:22:00,95.4,95.44,95.225,95.23,60027.0
2024-08-12 16:24:00,95.24,95.47,95.24,95.44,51337.0
2024-08-12 16:26:00,95.45,95.465,95.3,95.3,37692.0
2024-08-12 16:28:00,95.29,95.31,95.2,95.288,45255.0
2024-08-12 16:30:00,95.28,95.39,95.25,95.3394,47207.0
2024-08-12 16:32:00,95.325,95.43,95.325,95.33,62132.0
2024-08-12 16:34:00,95.3305,95.3399,95.03,95.106,103567.0
2024-08-12 16:36:00,95.1,95.2599,95.0893,95.24,41141.0
2024-08-12 16:38:00,95.23,95.3899,95.1669,95.31,58774.0
2024-08-12 16:40:00,95.32,95.329,94.98,95.0005,57101.0
2024-08-12 16:42:00,95.0001,95.1,94.93,95.09,46608.0
2024-08-12 16:44:00,95.09,95.28,95.09,95.2,62153.0
2024-08-12 16:46:00,95.19,95.3,95.14,95.2201,55111.0
2024-08-12 16:48:00,95.25,95.2693,95.17,95.22,38326.0
2024-08-12 16:50:00,95.21,95.2101,94.95,94.98,64384.0
2024-08-12 16:52:00,94.98,95.06,94.91,95.045,44955.0
2024-08-12 16:54:00,95.06,95.08,94.97,95.02,31930.0
2024-08-12 16:56:00,95.01,95.01,94.64,94.7438,90658.0
2024-08-12 16:58:00,94.75,94.79,94.53,94.53,36767.0
2024-08-12 17:00:00,94.53,94.64,94.43,94.57,59182.0
2024-08-12 17:02:00,94.555,94.66,94.4614,94.63,44245.0
2024-08-12 17:04:00,94.65,94.715,94.58,94.62,55182.0
2024-08-12 17:06:00,94.62,94.72,94.58,94.705,34962.0
2024-08-12 17:08:00,94.69,94.74,94.6001,94.7305,26218.0
2024-08-12 17:10:00,94.73,94.73,94.6,94.65,38333.0
2024-08-12 17:12:00,94.6331,94.81,94.6331,94.7,32814.0
2024-08-12 17:14:00,94.76,94.94,94.76,94.9,29670.0
2024-08-12 17:16:00,94.91,95.01,94.89,94.98,55128.0
2024-08-12 17:18:00,94.98,95.1599,94.95,95.1599,34128.0
2024-08-12 17:20:00,95.13,95.27,95.08,95.19,40778.0
2024-08-12 17:22:00,95.215,95.285,95.15,95.19,39332.0
2024-08-12 17:24:00,95.21,95.255,94.97,95.06,62545.0
2024-08-12 17:26:00,95.045,95.11,94.91,95.1,36697.0
2024-08-12 17:28:00,95.11,95.1799,95.06,95.085,45551.0
2024-08-12 17:30:00,95.0828,95.24,95.0828,95.2,39920.0
2024-08-12 17:32:00,95.2299,95.28,95.12,95.2642,53265.0
2024-08-12 17:34:00,95.24,95.32,95.21,95.24,31353.0
2024-08-12 17:36:00,95.22,95.2499,95.13,95.175,49184.0
2024-08-12 17:38:00,95.14,95.15,94.98,95.08,52285.0
2024-08-12 17:40:00,95.085,95.13,95.02,95.065,27890.0
2024-08-12 17:42:00,95.06,95.06,94.88,94.9307,38843.0
2024-08-12 17:44:00,94.94,94.96,94.77,94.91,37014.0
2024-08-12 17:46:00,94.925,94.95,94.82,94.91,22421.0
2024-08-12 17:48:00,94.88,94.92,94.61,94.63,65771.0
2024-08-12 17:50:00,94.6,94.67,94.55,94.5999,25626.0
2024-08-12 17:52:00,94.57,94.74,94.47,94.73,75976.0
2024-08-12 17:54:00,94.72,94.7799,94.68,94.73,28760.0
2024-08-12 17:56:00,94.7608,94.765,94.68,94.73,39554.0
2024-08-12 17:58:00,94.75,94.7745,94.71,94.74,24651.0
2024-08-12 18:00:00,94.735,94.795,94.62,94.64,43053.0
2024-08-12 18:02:00,94.67,94.82,94.625,94.82,25832.0
2024-08-12 18:04:00,94.81,94.9,94.68,94.7099,38336.0
2024-08-12 18:06:00,94.68,94.72,94.621,94.68,27551.0
2024-08-12 18:08:00,94.67,94.67,94.45,94.4801,67904.0
2024-08-12 18:10:00,94.49,94.495,94.32,94.35,93735.0
2024-08-12 18:12:00,94.344,94.4799,94.32,94.45,58536.0
2024-08-12 18:14:00,94.455,94.52,94.41,94.46,137627.0
2024-08-12 18:16:00,94.46,94.53,94.42,94.515,56214.0
2024-08-12 18:18:00,94.515,94.66,94.46,94.5,64501.0
2024-08-12 18:20:00,94.486,94.65,94.47,94.575,72732.0
2024-08-12 18:22:00,94.57,94.638,94.53,94.54,62178.0
2024-08-12 18:24:00,94.55,94.56,94.43,94.515,93371.0
2024-08-12 18:26:00,94.5289,94.66,94.5289,94.65,53431.0
2024-08-12 18:28:00,94.655,94.667,94.55,94.57,74927.0
2024-08-12 18:30:00,94.54,94.61,94.49,94.51,53816.0
2024-08-12 18:32:00,94.52,94.6499,94.49,94.63,50773.0
2024-08-12 18:34:00,94.63,94.71,94.58,94.68,110531.0
2024-08-12 18:36:00,94.68,94.74,94.63,94.72,81185.0
2024-08-12 18:38:00,94.72,94.825,94.72,94.77,65151.0
2024-08-12 18:40:00,94.77,94.79,94.63,94.66,42577.0
2024-08-12 18:42:00,94.66,94.7699,94.59,94.755,53988.0
2024-08-12 18:44:00,94.75,94.76,94.59,94.7,52535.0
2024-08-12 18:46:00,94.7,94.7,94.5501,94.59,30643.0
2024-08-12 18:48:00,94.6,94.61,94.52,94.6096,49163.0
2024-08-12 18:50:00,94.6,94.65,94.49,94.52,70893.0
2024-08-12 18:52:00,94.53,94.615,94.53,94.59,45536.0
2024-08-12 18:54:00,94.58,94.62,94.55,94.61,35034.0
2024-08-12 18:56:00,94.61,94.69,94.59,94.61,121446.0
2024-08-12 18:58:00,94.59,94.67,94.54,94.64,52957.0
2024-08-12 19:00:00,94.62,94.745,94.62,94.73,45333.0
2024-08-12 19:02:00,94.75,94.75,94.58,94.64,36032.0
2024-08-12 19:04:00,94.63,94.64,94.52,94.6,31657.0
2024-08-12 19:06:00,94.61,94.635,94.55,94.58,31027.0
2024-08-12 19:08:00,94.585,94.62,94.43,94.54,86597.0
2024-08-12 19:10:00,94.54,94.655,94.54,94.61,52336.0
2024-08-12 19:12:00,94.61,94.69,94.5101,94.54,33462.0
2024-08-12 19:14:00,94.5375,94.5951,94.495,94.54,35126.0
2024-08-12 19:16:00,94.53,94.55,94.485,94.52,44891.0
2024-08-12 19:18:00,94.53,94.595,94.49,94.54,58735.0
2024-08-12 19:20:00,94.55,94.57,94.44,94.46,41848.0
2024-08-12 19:22:00,94.46,94.51,94.4001,94.4334,48972.0
2024-08-12 19:24:00,94.44,94.56,94.39,94.555,74465.0
2024-08-12 19:26:00,94.5565,94.59,94.52,94.57,38600.0
2024-08-12 19:28:00,94.56,94.56,94.43,94.46,101983.0
2024-08-12 19:30:00,94.47,94.56,94.47,94.4899,78996.0
2024-08-12 19:32:00,94.49,94.5,94.32,94.39,98105.0
2024-08-12 19:34:00,94.385,94.42,94.34,94.405,75770.0
2024-08-12 19:36:00,94.405,94.41,94.32,94.39,84352.0
2024-08-12 19:38:00,94.39,94.42,94.3319,94.39,67958.0
2024-08-12 19:40:00,94.39,94.405,94.2603,94.265,74850.0
2024-08-12 19:42:00,94.265,94.44,94.165,94.35,97934.0
2024-08-12 19:44:00,94.37,94.37,94.055,94.06,89163.0
2024-08-12 19:46:00,94.06,94.21,94.04,94.18,129974.0
2024-08-12 19:48:00,94.18,94.18,94.0,94.12,105428.0
2024-08-12 19:50:00,94.09,94.14,93.98,94.03,120436.0
2024-08-12 19:52:00,94.03,94.0687,93.92,93.99,103966.0
2024-08-12 19:54:00,94.0,94.5,93.99,94.425,238366.0
2024-08-12 19:56:00,94.43,94.44,94.31,94.39,211255.0
2024-08-12 19:58:00,94.4,94.69,94.4,94.68,420180.0
2024-08-12 20:00:00,94.64,94.65,94.64,94.6442,69887.0
2024-08-12 20:02:00,94.64,94.68,94.64,94.68,1398.0
2024-08-12 20:04:00,94.67,94.74,94.64,94.64,5688.0
2024-08-12 20:06:00,94.65,94.7372,94.62,94.62,3900.0
2024-08-12 20:08:00,94.6183,94.62,94.61,94.62,934.0
2024-08-12 20:10:00,94.64,94.6881,94.63,94.6881,1148.0
2024-08-12 20:12:00,94.65,94.68,94.65,94.68,2087.0
2024-08-12 20:14:00,94.65,94.69,94.65,94.69,1627.0
2024-08-12 20:20:00,94.66,94.66,94.66,94.66,286.0
2024-08-12 20:28:00,94.6168,94.6168,94.6168,94.6168,154.0
2024-08-12 20:30:00,94.73,94.73,94.65,94.65,286.0
2024-08-12 20:34:00,94.6481,94.6481,94.6481,94.6481,266.0
2024-08-12 20:36:00,94.56,94.56,94.56,94.56,309.0
2024-08-12 20:38:00,94.55,94.55,94.53,94.53,2082.0
2024-08-12 20:42:00,94.45,94.64,94.45,94.6,467123.0
2024-08-12 20:44:00,94.59,94.6,94.59,94.6,276.0
2024-08-12 20:48:00,94.52,94.64,94.52,94.64,1102.0
2024-08-12 20:52:00,94.6499,94.6499,94.6499,94.6499,1030.0
2024-08-12 20:54:00,94.63,94.63,94.55,94.55,351.0
2024-08-12 20:58:00,94.65,94.65,94.65,94.65,171.0
2024-08-12 21:04:00,94.65,94.65,94.65,94.65,350.0
2024-08-12 21:06:00,94.56,94.56,94.56,94.56,100.0
2024-08-12 21:12:00,94.64,94.65,94.64,94.64,657.0
2024-08-12 21:18:00,94.64,94.64,94.64,94.64,674.0
2024-08-12 21:24:00,94.61,94.61,94.61,94.61,166.0
2024-08-12 21:26:00,94.65,94.65,94.65,94.65,215.0
2024-08-12 21:28:00,94.62,94.62,94.55,94.55,893.0
2024-08-12 21:38:00,94.55,94.55,94.55,94.55,142.0
2024-08-12 21:42:00,94.61,94.61,94.61,94.61,176.0
2024-08-12 22:00:00,94.58,94.58,94.48,94.48,3701.0
2024-08-12 22:02:00,94.54,94.54,94.54,94.54,190.0
2024-08-12 22:04:00,94.5,94.5,94.5,94.5,1553.0
2024-08-12 22:26:00,94.59,94.59,94.59,94.59,123.0
2024-08-12 22:48:00,94.58,94.58,94.58,94.58,250.0
2024-08-12 23:04:00,94.505,94.505,94.505,94.505,100.0
2024-08-12 23:10:00,94.56,94.56,94.56,94.56,651.0
2024-08-12 23:12:00,94.5025,94.5025,94.5025,94.5025,521.0
2024-08-12 23:18:00,94.5,94.5,94.5,94.5,2000.0
2024-08-12 23:20:00,94.54,94.54,94.54,94.54,155.0
2024-08-12 23:24:00,94.55,94.55,94.55,94.55,207.0
2024-08-12 23:26:00,94.53,94.53,94.53,94.53,148.0
2024-08-12 23:28:00,94.6,94.6,94.6,94.6,361.0
2024-08-12 23:30:00,94.6,94.6,94.6,94.6,347.0
2024-08-12 23:32:00,94.67,94.67,94.67,94.67,485.0
2024-08-12 23:36:00,94.64,94.64,94.64,94.64,641.0
2024-08-12 23:40:00,94.64,94.64,94.61,94.61,1186.0
2024-08-12 23:42:00,94.64,94.64,94.61,94.61,644.0
2024-08-12 23:44:00,94.64,94.64,94.64,94.64,341.0
2024-08-12 23:46:00,94.64,94.66,94.64,94.66,4200.0
2024-08-12 23:48:00,94.6004,94.6004,94.6004,94.6004,835.0
2024-08-12 23:50:00,94.6699,94.6699,94.6699,94.6699,125.0
2024-08-12 23:52:00,94.6699,94.6699,94.6,94.6482,974.0
2024-08-12 23:54:00,94.6,94.6,94.6,94.6,563.0
2024-08-12 23:56:00,94.59,94.59,94.59,94.59,100.0
2024-08-12 23:58:00,94.56,94.56,94.56,94.56,258.0
2024-08-13 08:00:00,95.79,95.79,95.79,95.79,390.0
2024-08-13 08:02:00,95.94,95.96,95.77,95.79,4568.0
2024-08-13 08:04:00,95.79,95.94,95.7,95.85,1666.0
2024-08-13 08:06:00,95.84,95.84,95.84,95.84,212.0
2024-08-13 08:08:00,95.8,95.8,95.8,95.8,275.0
2024-08-13 08:10:00,95.84,95.96,95.83,95.96,2960.0
2024-08-13 08:12:00,95.96,95.96,95.77,95.77,3867.0
2024-08-13 08:14:00,95.74,95.74,95.74,95.74,550.0
2024-08-13 08:18:00,95.72,95.72,95.62,95.62,2167.0
2024-08-13 08:20:00,95.58,95.58,95.38,95.38,2568.0
2024-08-13 08:28:00,95.65,95.66,95.65,95.66,1346.0
2024-08-13 08:32:00,95.51,95.51,95.51,95.51,604.0
2024-08-13 08:34:00,95.51,95.51,95.51,95.51,990.0
2024-08-13 08:36:00,95.43,95.43,95.43,95.43,371.0
2024-08-13 08:38:00,95.43,95.43,95.43,95.43,261.0
2024-08-13 08:42:00,95.49,95.49,95.49,95.49,173.0
2024-08-13 08:44:00,95.48,95.48,95.48,95.48,195.0
2024-08-13 08:52:00,95.6,95.6,95.52,95.52,1088.0
2024-08-13 09:14:00,95.52,95.52,95.5,95.5,304.0
2024-08-13 09:24:00,95.62,95.65,95.62,95.62,1040.0
2024-08-13 09:26:00,95.62,95.7,95.62,95.7,2242.0
2024-08-13 09:36:00,95.76,95.76,95.76,95.76,235.0
2024-08-13 09:38:00,95.68,95.68,95.68,95.68,340.0
2024-08-13 09:40:00,95.76,95.8,95.76,95.78,1155.0
2024-08-13 09:42:00,95.71,95.71,95.6,95.64,2180.0
2024-08-13 09:44:00,95.62,95.62,95.49,95.5,1482.0
2024-08-13 09:48:00,95.58,95.58,95.58,95.58,111.0
2024-08-13 09:52:00,95.53,95.53,95.52,95.52,752.0
2024-08-13 09:54:00,95.49,95.49,95.48,95.49,1234.0
2024-08-13 09:56:00,95.44,95.44,95.42,95.42,946.0
2024-08-13 09:58:00,95.4,95.4,95.4,95.4,152.0
2024-08-13 10:06:00,95.4,95.4,95.4,95.4,1365.0
2024-08-13 10:10:00,95.27,95.49,95.25,95.4,3207.0
2024-08-13 10:12:00,95.42,95.42,95.4,95.4,1095.0
2024-08-13 10:20:00,95.23,95.23,95.23,95.23,333.0
2024-08-13 10:22:00,95.2,95.2,95.15,95.15,602.0
2024-08-13 10:24:00,95.22,95.22,95.22,95.22,340.0
2024-08-13 10:32:00,95.15,95.15,95.15,95.15,120.0
2024-08-13 10:36:00,95.06,95.06,95.06,95.06,348.0
2024-08-13 10:38:00,95.08,95.08,95.0,95.0,3693.0
2024-08-13 10:40:00,94.91,94.92,94.71,94.71,4201.0
2024-08-13 10:42:00,94.77,94.8,94.73,94.76,2699.0
2024-08-13 10:46:00,94.74,94.74,94.74,94.74,320.0
2024-08-13 10:50:00,94.83,94.83,94.75,94.75,508.0
2024-08-13 10:54:00,94.87,94.87,94.87,94.87,343.0
2024-08-13 11:00:00,95.0,95.0,94.64,94.64,4615.0
2024-08-13 11:06:00,94.8,94.8,94.8,94.8,573.0
2024-08-13 11:08:00,94.89,94.94,94.89,94.94,476.0
2024-08-13 11:12:00,94.95,94.95,94.95,94.95,208.0
2024-08-13 11:14:00,95.0,95.0,95.0,95.0,1927.0
2024-08-13 11:18:00,95.1,95.1,95.1,95.1,400.0
2024-08-13 11:20:00,95.06,95.09,95.0,95.0,1730.0
2024-08-13 11:22:00,94.94,94.94,94.93,94.93,445.0
2024-08-13 11:26:00,95.0,95.0,95.0,95.0,270.0
2024-08-13 11:30:00,95.04,95.04,95.04,95.04,774.0
2024-08-13 11:38:00,95.04,95.04,95.04,95.04,1110.0
2024-08-13 11:40:00,95.13,95.13,95.13,95.13,300.0
2024-08-13 11:44:00,95.13,95.13,95.13,95.13,720.0
2024-08-13 11:46:00,95.06,95.2,95.06,95.2,830.0
2024-08-13 11:50:00,95.2,95.2,95.2,95.2,2010.0
2024-08-13 11:54:00,95.1,95.1,95.09,95.09,557.0
2024-08-13 11:56:00,95.16,95.16,95.08,95.09,4280.0
2024-08-13 11:58:00,95.09,95.09,95.05,95.05,1603.0
2024-08-13 12:00:00,95.06,95.5,94.6515,95.5,22658.0
2024-08-13 12:02:00,95.1973,95.1973,95.1973,95.1973,567.0
2024-08-13 12:04:00,95.06,95.06,95.05,95.05,329.0
2024-08-13 12:06:00,95.28,95.28,95.27,95.27,2467.0
2024-08-13 12:08:00,95.26,95.35,95.26,95.35,4191.0
2024-08-13 12:10:00,95.35,95.36,95.3,95.3,1446.0
2024-08-13 12:14:00,95.2,95.25,95.2,95.25,3372.0
2024-08-13 12:16:00,95.25,95.25,95.25,95.25,1096.0
2024-08-13 12:18:00,95.1911,95.25,95.1911,95.25,1321.0
2024-08-13 12:20:00,95.19,95.19,95.05,95.15,5184.0
2024-08-13 12:22:00,95.15,95.2,95.0616,95.2,2138.0
2024-08-13 12:24:00,95.2,95.2,95.1429,95.1429,3026.0
2024-08-13 12:26:00,95.2,95.2,95.19,95.19,2790.0
2024-08-13 12:28:00,95.33,95.33,95.2005,95.2005,2212.0
2024-08-13 12:30:00,95.33,95.95,95.172,95.88,15030.0
2024-08-13 12:32:00,95.93,95.96,95.7,95.9,5607.0
2024-08-13 12:34:00,95.88,96.13,95.88,96.13,25565.0
2024-08-13 12:36:00,96.0004,96.75,96.0,96.73,14956.0
2024-08-13 12:38:00,96.8,96.89,96.5,96.79,7034.0
2024-08-13 12:40:00,96.57,96.57,96.2,96.38,19382.0
2024-08-13 12:42:00,96.37,96.38,96.1,96.276,3001.0
2024-08-13 12:44:00,96.32,96.32,96.2,96.24,2677.0
2024-08-13 12:46:00,96.3,96.3,96.0,96.2,4418.0
2024-08-13 12:48:00,96.29,96.35,96.29,96.32,5327.0
2024-08-13 12:50:00,96.3542,96.45,96.35,96.36,9420.0
2024-08-13 12:52:00,96.49,96.77,96.48,96.7,16705.0
2024-08-13 12:54:00,96.6999,96.6999,96.54,96.6,3821.0
2024-08-13 12:56:00,96.68,96.69,96.5592,96.6013,7196.0
2024-08-13 12:58:00,96.69,96.7,96.59,96.59,9794.0
2024-08-13 13:00:00,96.64,96.64,96.5,96.59,4941.0
2024-08-13 13:02:00,96.5,96.59,96.29,96.3,5041.0
2024-08-13 13:04:00,96.54,96.54,96.42,96.5,7082.0
2024-08-13 13:06:00,96.5,96.5,96.4,96.5,8125.0
2024-08-13 13:08:00,96.5,96.5,96.44,96.5,5219.0
2024-08-13 13:10:00,96.5,96.57,96.48,96.5,18449.0
2024-08-13 13:12:00,96.51,96.5676,96.2501,96.45,17390.0
2024-08-13 13:14:00,96.41,96.42,96.34,96.36,9243.0
2024-08-13 13:16:00,96.36,96.39,96.34,96.37,9322.0
2024-08-13 13:18:00,96.38,96.47,96.35,96.38,6266.0
2024-08-13 13:20:00,96.38,96.45,96.38,96.45,8530.0
2024-08-13 13:22:00,96.47,96.57,96.47,96.47,4443.0
2024-08-13 13:24:00,96.47,96.57,96.4609,96.57,8284.0
2024-08-13 13:26:00,96.53,96.85,96.45,96.85,54622.0
2024-08-13 13:28:00,96.76,96.95,96.59,96.67,5800.0
2024-08-13 13:30:00,96.615,97.36,96.45,97.33,634113.0
2024-08-13 13:32:00,97.36,97.47,96.5508,96.62,312535.0
2024-08-13 13:34:00,96.65,96.88,95.655,95.655,284488.0
2024-08-13 13:36:00,95.655,95.78,95.37,95.68,422087.0
2024-08-13 13:38:00,95.7,96.13,95.57,95.94,247483.0
2024-08-13 13:40:00,95.99,96.1,95.24,95.275,214799.0
2024-08-13 13:42:00,95.26,95.448,94.91,95.29,266687.0
2024-08-13 13:44:00,95.31,95.76,95.31,95.66,133627.0
2024-08-13 13:46:00,95.68,95.95,95.55,95.62,175076.0
2024-08-13 13:48:00,95.63,96.13,95.58,96.1,204962.0
2024-08-13 13:50:00,96.1,96.19,95.61,95.635,198018.0
2024-08-13 13:52:00,95.62,95.855,95.5,95.855,159523.0
2024-08-13 13:54:00,95.86,95.99,95.7899,95.86,147773.0
2024-08-13 13:56:00,95.8698,96.04,95.68,95.82,100169.0
2024-08-13 13:58:00,95.86,96.12,95.845,95.975,112568.0
2024-08-13 14:00:00,95.975,96.1,95.8,95.9714,141797.0
2024-08-13 14:02:00,96.0,96.1362,95.915,96.0899,85418.0
2024-08-13 14:04:00,96.0586,96.16,95.91,96.01,156375.0
2024-08-13 14:06:00,96.01,96.29,95.9201,96.245,171884.0
2024-08-13 14:08:00,96.2492,96.31,95.99,96.02,120027.0
2024-08-13 14:10:00,96.04,96.18,95.9106,96.09,69400.0
2024-08-13 14:12:00,96.11,96.5,96.09,96.25,169570.0
2024-08-13 14:14:00,96.24,96.35,96.1,96.29,87447.0
2024-08-13 14:16:00,96.28,96.44,96.0404,96.2699,124343.0
2024-08-13 14:18:00,96.27,96.395,96.14,96.38,58047.0
2024-08-13 14:20:00,96.4,96.44,96.1,96.175,74508.0
2024-08-13 14:22:00,96.18,96.18,96.03,96.14,77767.0
2024-08-13 14:24:00,96.135,96.1499,95.97,96.06,55642.0
2024-08-13 14:26:00,96.09,96.36,96.08,96.1879,86602.0
2024-08-13 14:28:00,96.21,96.42,96.195,96.42,49714.0
2024-08-13 14:30:00,96.43,96.43,95.93,96.0301,101421.0
2024-08-13 14:32:00,96.04,96.1299,95.87,95.995,61198.0
2024-08-13 14:34:00,96.01,96.13,95.92,96.12,75397.0
2024-08-13 14:36:00,96.13,96.32,96.01,96.31,64428.0
2024-08-13 14:38:00,96.31,96.31,96.11,96.235,59626.0
2024-08-13 14:40:00,96.23,96.24,96.04,96.175,52802.0
2024-08-13 14:42:00,96.175,96.255,96.1,96.2094,82950.0
2024-08-13 14:44:00,96.21,96.47,96.17,96.47,68213.0
2024-08-13 14:46:00,96.4791,96.71,96.46,96.6601,151474.0
2024-08-13 14:48:00,96.69,96.76,96.55,96.76,101296.0
2024-08-13 14:50:00,96.76,96.79,96.512,96.53,135413.0
2024-08-13 14:52:00,96.52,96.84,96.51,96.81,105851.0
2024-08-13 14:54:00,96.82,96.82,96.501,96.525,100804.0
2024-08-13 14:56:00,96.5315,96.5315,96.347,96.41,84941.0
2024-08-13 14:58:00,96.41,96.5,96.35,96.39,68143.0
2024-08-13 15:00:00,96.42,96.48,96.34,96.35,87507.0
2024-08-13 15:02:00,96.37,96.53,96.35,96.47,66293.0
2024-08-13 15:04:00,96.48,96.69,96.47,96.635,71630.0
2024-08-13 15:06:00,96.64,96.64,96.44,96.585,49501.0
2024-08-13 15:08:00,96.58,96.675,96.5,96.66,161416.0
2024-08-13 15:10:00,96.662,96.765,96.58,96.74,273336.0
2024-08-13 15:12:00,96.74,96.83,96.7001,96.83,85859.0
2024-08-13 15:14:00,96.83,97.07,96.8101,97.035,137072.0
2024-08-13 15:16:00,97.03,97.1,96.88,97.005,81455.0
2024-08-13 15:18:00,96.9905,97.0,96.79,96.86,86997.0
2024-08-13 15:20:00,96.86,96.94,96.84,96.89,38455.0
2024-08-13 15:22:00,96.89,96.91,96.77,96.84,88119.0
2024-08-13 15:24:00,96.84,96.88,96.77,96.86,65120.0
2024-08-13 15:26:00,96.87,96.97,96.765,96.97,76819.0
2024-08-13 15:28:00,96.97,97.1,96.95,96.99,61489.0
2024-08-13 15:30:00,96.98,97.05,96.96,96.98,49561.0
2024-08-13 15:32:00,96.995,97.24,96.98,97.24,85022.0
2024-08-13 15:34:00,97.22,97.29,97.2,97.26,68976.0
2024-08-13 15:36:00,97.25,97.38,97.24,97.32,127811.0
2024-08-13 15:38:00,97.31,97.49,97.28,97.44,172474.0
2024-08-13 15:40:00,97.44,97.5299,97.415,97.52,97402.0
2024-08-13 15:42:00,97.515,97.58,97.44,97.48,117859.0
2024-08-13 15:44:00,97.48,97.485,97.07,97.08,204407.0
2024-08-13 15:46:00,97.08,97.17,97.04,97.04,92016.0
2024-08-13 15:48:00,97.035,97.1797,97.01,97.02,84969.0
2024-08-13 15:50:00,97.03,97.08,96.97,96.975,93709.0
2024-08-13 15:52:00,96.975,97.04,96.915,96.945,82761.0
2024-08-13 15:54:00,96.94,97.16,96.94,97.13,87108.0
2024-08-13 15:56:00,97.125,97.27,97.08,97.23,69871.0
2024-08-13 15:58:00,97.23,97.34,97.13,97.26,75140.0
2024-08-13 16:00:00,97.26,97.2761,97.01,97.125,61735.0
2024-08-13 16:02:00,97.11,97.21,97.06,97.17,33298.0
2024-08-13 16:04:00,97.18,97.24,97.1127,97.155,36452.0
2024-08-13 16:06:00,97.14,97.17,97.0,97.12,58338.0
2024-08-13 16:08:00,97.129,97.41,97.129,97.33,50279.0
2024-08-13 16:10:00,97.33,97.455,97.27,97.32,107715.0
2024-08-13 16:12:00,97.33,97.374,97.2,97.26,44201.0
2024-08-13 16:14:00,97.26,97.2799,97.09,97.13,48547.0
2024-08-13 16:16:00,97.15,97.3,97.09,97.255,45520.0
2024-08-13 16:18:00,97.255,97.29,97.18,97.25,30153.0
2024-08-13 16:20:00,97.26,97.29,97.08,97.235,81292.0
2024-08-13 16:22:00,97.24,97.38,97.2,97.38,74376.0
2024-08-13 16:24:00,97.3297,97.4,97.24,97.39,92199.0
2024-08-13 16:26:00,97.39,97.4399,97.3,97.37,78694.0
2024-08-13 16:28:00,97.38,97.4,97.3,97.39,69925.0
2024-08-13 16:30:00,97.3685,97.39,97.08,97.15,85398.0
2024-08-13 16:32:00,97.14,97.17,96.95,96.97,94427.0
2024-08-13 16:34:00,96.97,97.0569,96.94,97.0,51635.0
2024-08-13 16:36:00,97.0,97.06,96.97,97.01,43334.0
2024-08-13 16:38:00,97.02,97.11,97.0,97.11,53822.0
2024-08-13 16:40:00,97.11,97.125,97.0101,97.08,50773.0
2024-08-13 16:42:00,97.082,97.11,96.94,96.96,78894.0
2024-08-13 16:44:00,96.97,97.09,96.92,97.03,84483.0
2024-08-13 16:46:00,97.02,97.19,97.02,97.1882,96892.0
2024-08-13 16:48:00,97.19,97.31,97.12,97.2625,100156.0
2024-08-13 16:50:00,97.27,97.33,97.22,97.28,92199.0
2024-08-13 16:52:00,97.27,97.57,97.27,97.37,103984.0
2024-08-13 16:54:00,97.38,97.38,97.23,97.31,65993.0
2024-08-13 16:56:00,97.3,97.33,97.08,97.12,95743.0
2024-08-13 16:58:00,97.15,97.35,97.01,97.275,198028.0
2024-08-13 17:00:00,97.2701,97.42,97.25,97.42,53517.0
2024-08-13 17:02:00,97.43,97.5601,97.23,97.2325,110793.0
2024-08-13 17:04:00,97.22,97.3,97.11,97.16,82069.0
2024-08-13 17:06:00,97.17,97.24,97.11,97.15,73671.0
2024-08-13 17:08:00,97.15,97.2464,97.15,97.2275,71889.0
2024-08-13 17:10:00,97.23,97.25,97.12,97.1725,90027.0
2024-08-13 17:12:00,97.17,97.26,97.165,97.22,84528.0
2024-08-13 17:14:00,97.22,97.39,97.22,97.26,86587.0
2024-08-13 17:16:00,97.27,97.35,97.11,97.3,67787.0
2024-08-13 17:18:00,97.31,97.31,97.17,97.26,151836.0
2024-08-13 17:20:00,97.255,97.34,97.19,97.34,82088.0
2024-08-13 17:22:00,97.34,97.35,97.15,97.17,77043.0
2024-08-13 17:24:00,97.15,97.15,97.0,97.1,114529.0
2024-08-13 17:26:00,97.1,97.1,96.93,97.08,68638.0
2024-08-13 17:28:00,97.09,97.1599,96.99,97.13,94840.0
2024-08-13 17:30:00,97.17,97.24,97.13,97.21,62930.0
2024-08-13 17:32:00,97.25,97.3,97.17,97.23,59219.0
2024-08-13 17:34:00,97.21,97.34,97.08,97.33,57999.0
2024-08-13 17:36:00,97.33,97.35,97.17,97.25,62699.0
2024-08-13 17:38:00,97.26,97.36,97.26,97.3,43389.0
2024-08-13 17:40:00,97.34,97.41,97.24,97.41,57545.0
2024-08-13 17:42:00,97.39,97.4703,97.33,97.4703,63112.0
2024-08-13 17:44:00,97.46,97.53,97.3501,97.4,96193.0
2024-08-13 17:46:00,97.41,97.46,96.911,97.0,169747.0
2024-08-13 17:48:00,96.995,97.09,96.93,97.08,121725.0
2024-08-13 17:50:00,97.0824,97.19,96.98,97.12,60222.0
2024-08-13 17:52:00,97.14,97.175,97.04,97.13,32948.0
2024-08-13 17:54:00,97.135,97.27,97.13,97.24,43955.0
2024-08-13 17:56:00,97.24,97.24,97.15,97.2001,29477.0
2024-08-13 17:58:00,97.21,97.43,97.15,97.42,74165.0
2024-08-13 18:00:00,97.41,97.41,97.21,97.3316,52797.0
2024-08-13 18:02:00,97.32,97.45,97.28,97.37,41517.0
2024-08-13 18:04:00,97.3501,97.48,97.31,97.4606,44360.0
2024-08-13 18:06:00,97.475,97.525,97.37,97.43,48817.0
2024-08-13 18:08:00,97.43,97.4693,97.3698,97.3996,48144.0
2024-08-13 18:10:00,97.4,97.56,97.34,97.53,50364.0
2024-08-13 18:12:00,97.53,97.63,97.495,97.605,69814.0
2024-08-13 18:14:00,97.59,97.6192,97.44,97.47,66356.0
2024-08-13 18:16:00,97.475,97.5199,97.24,97.31,50864.0
2024-08-13 18:18:00,97.32,97.36,97.204,97.34,88363.0
2024-08-13 18:20:00,97.31,97.46,97.3001,97.445,83280.0
2024-08-13 18:22:00,97.4502,97.52,97.4,97.51,55131.0
2024-08-13 18:24:00,97.51,97.59,97.48,97.49,61664.0
2024-08-13 18:26:00,97.4801,97.55,97.45,97.51,56981.0
2024-08-13 18:28:00,97.52,97.63,97.51,97.62,41034.0
2024-08-13 18:30:00,97.61,97.61,97.415,97.48,73462.0
2024-08-13 18:32:00,97.49,97.58,97.45,97.535,85119.0
2024-08-13 18:34:00,97.54,97.6698,97.52,97.64,77591.0
2024-08-13 18:36:00,97.66,97.77,97.66,97.7,79664.0
2024-08-13 18:38:00,97.7,97.78,97.65,97.7,117387.0
2024-08-13 18:40:00,97.71,97.72,97.4,97.44,96247.0
2024-08-13 18:42:00,97.43,97.5,97.41,97.44,60169.0
2024-08-13 18:44:00,97.43,97.57,97.4159,97.52,65636.0
2024-08-13 18:46:00,97.51,97.51,97.3,97.36,63284.0
2024-08-13 18:48:00,97.38,97.4075,97.3,97.31,49433.0
2024-08-13 18:50:00,97.315,97.405,97.29,97.325,86171.0
2024-08-13 18:52:00,97.33,97.39,97.26,97.33,86151.0
2024-08-13 18:54:00,97.335,97.48,97.335,97.445,60499.0
2024-08-13 18:56:00,97.45,97.49,97.37,97.38,65771.0
2024-08-13 18:58:00,97.375,97.46,97.305,97.3168,93687.0
2024-08-13 19:00:00,97.31,97.335,97.21,97.245,100137.0
2024-08-13 19:02:00,97.25,97.345,97.24,97.34,51847.0
2024-08-13 19:04:00,97.33,97.33,97.0,97.03,137002.0
2024-08-13 19:06:00,97.04,97.08,96.955,97.01,76240.0
2024-08-13 19:08:00,97.0,97.18,96.97,97.03,85674.0
2024-08-13 19:10:00,97.04,97.17,97.0254,97.12,83081.0
2024-08-13 19:12:00,97.11,97.135,97.005,97.09,83034.0
2024-08-13 19:14:00,97.09,97.165,96.97,97.02,87510.0
2024-08-13 19:16:00,97.03,97.04,96.85,96.92,80154.0
2024-08-13 19:18:00,96.9,97.0,96.89,96.995,64144.0
2024-08-13 19:20:00,96.998,97.0,96.7,96.77,214568.0
2024-08-13 19:22:00,96.77,97.01,96.77,96.97,94516.0
2024-08-13 19:24:00,96.96,97.07,96.92,96.95,97576.0
2024-08-13 19:26:00,96.9347,96.975,96.84,96.94,115521.0
2024-08-13 19:28:00,96.94,97.1,96.93,97.09,72943.0
2024-08-13 19:30:00,97.095,97.25,97.07,97.22,104632.0
2024-08-13 19:32:00,97.225,97.27,97.15,97.245,65385.0
2024-08-13 19:34:00,97.25,97.3,97.17,97.255,86821.0
2024-08-13 19:36:00,97.26,97.2999,97.1801,97.19,95093.0
2024-08-13 19:38:00,97.18,97.21,96.92,96.995,175630.0
2024-08-13 19:40:00,96.99,97.28,96.965,97.2299,94365.0
2024-08-13 19:42:00,97.2199,97.36,97.21,97.325,78015.0
2024-08-13 19:44:00,97.33,97.4994,97.33,97.4101,119727.0
2024-08-13 19:46:00,97.43,97.54,97.37,97.49,144913.0
2024-08-13 19:48:00,97.4964,97.66,97.43,97.57,155114.0
2024-08-13 19:50:00,97.57,97.63,97.35,97.39,263627.0
2024-08-13 19:52:00,97.4,97.44,97.09,97.255,192632.0
2024-08-13 19:54:00,97.25,97.31,97.05,97.29,213652.0
2024-08-13 19:56:00,97.29,97.44,97.21,97.31,282633.0
2024-08-13 19:58:00,97.32,97.5,97.29,97.41,551018.0
2024-08-13 20:00:00,97.44,97.49,97.34,97.35,116223.0
2024-08-13 20:02:00,97.37,97.49,97.35,97.45,2115.0
2024-08-13 20:04:00,97.4402,97.5,97.44,97.49,18062.0
2024-08-13 20:06:00,97.49,97.54,97.49,97.54,2882.0
2024-08-13 20:08:00,97.5,97.5,97.4,97.4,12478.0
2024-08-13 20:10:00,97.43,97.47,97.42,97.47,493.0
2024-08-13 20:12:00,97.45,97.51,97.45,97.5,2230.0
2024-08-13 20:14:00,97.5,97.5,97.49,97.49,1460.0
2024-08-13 20:16:00,97.5,97.52,97.48,97.52,1241.0
2024-08-13 20:18:00,97.49,97.49,97.44,97.44,3857.0
2024-08-13 20:20:00,97.47,97.47,97.4011,97.4011,1526.0
2024-08-13 20:22:00,97.41,97.41,97.41,97.41,223.0
2024-08-13 20:24:00,97.43,97.43,97.43,97.43,205.0
2024-08-13 20:26:00,97.4105,97.45,97.4105,97.44,950.0
2024-08-13 20:28:00,97.48,97.48,97.4,97.4,3371.0
2024-08-13 20:30:00,97.39,97.39,97.39,97.39,281.0
2024-08-13 20:32:00,97.42,97.42,97.34,97.34,775.0
2024-08-13 20:34:00,97.39,97.49,97.39,97.49,2422.0
2024-08-13 20:36:00,97.4,97.438,97.4,97.438,737.0
2024-08-13 20:42:00,97.35,97.35,97.25,97.35,1831.0
2024-08-13 20:44:00,97.33,97.33,97.26,97.26,1139.0
2024-08-13 20:46:00,97.22,97.22,97.2,97.2,960.0
2024-08-13 20:48:00,97.25,97.27,97.25,97.27,1711.0
2024-08-13 20:50:00,97.44,97.44,97.44,97.44,8384.0
2024-08-13 20:52:00,97.33,97.33,97.33,97.33,300.0
2024-08-13 20:58:00,97.39,97.42,97.39,97.42,1909.0
2024-08-13 21:00:00,97.37,97.37,97.37,97.37,382.0
2024-08-13 21:02:00,97.34,97.3662,97.34,97.36,625.0
2024-08-13 21:04:00,97.37,97.37,97.37,97.37,212.0
2024-08-13 21:08:00,97.3689,97.3689,97.3689,97.3689,206.0
2024-08-13 21:10:00,97.33,97.33,97.33,97.33,238.0
2024-08-13 21:12:00,97.3,97.3,97.3,97.3,586.0
2024-08-13 21:14:00,97.3,97.3,97.29,97.29,1004.0
2024-08-13 21:16:00,97.29,97.29,97.29,97.29,195.0
2024-08-13 21:18:00,97.28,97.28,97.17,97.2,3452.0
2024-08-13 21:20:00,97.2,97.2,97.2,97.2,2497.0
2024-08-13 21:22:00,97.27,97.27,97.26,97.26,2525.0
2024-08-13 21:24:00,97.2,97.2,97.2,97.2,230.0
2024-08-13 21:26:00,97.35,97.35,97.35,97.35,129.0
2024-08-13 21:32:00,97.35,97.39,97.3,97.39,1228.0
2024-08-13 21:34:00,97.45,97.45,97.45,97.45,431.0
2024-08-13 21:36:00,97.49,97.49,97.49,97.49,516.0
2024-08-13 21:38:00,97.48,97.49,97.48,97.49,890.0
2024-08-13 21:40:00,97.5,97.5,97.5,97.5,447.0
2024-08-13 21:42:00,97.49,97.5,97.49,97.5,2528.0
2024-08-13 21:44:00,97.58,97.58,97.58,97.58,1013.0
2024-08-13 21:46:00,97.55,97.76,97.55,97.75,7119.0
2024-08-13 21:48:00,97.7,97.75,97.7,97.74,7722.0
2024-08-13 21:50:00,97.7399,97.7399,97.65,97.7359,2131.0
2024-08-13 21:52:00,97.74,97.74,97.73,97.73,4082.0
2024-08-13 21:54:00,97.7085,97.7085,97.68,97.68,650.0
2024-08-13 21:56:00,97.74,97.74,97.7,97.7,1626.0
2024-08-13 21:58:00,97.7,97.74,97.7,97.74,436.0
2024-08-13 22:00:00,97.6704,97.7,97.6704,97.7,354.0
2024-08-13 22:04:00,97.7,97.75,97.7,97.75,2487.0
2024-08-13 22:06:00,97.75,97.75,97.7201,97.75,1530.0
2024-08-13 22:08:00,97.76,97.76,97.7295,97.7295,1465.0
2024-08-13 22:10:00,97.77,97.8,97.77,97.77,3720.0
2024-08-13 22:12:00,97.8979,97.8979,97.8,97.8,2535.0
2024-08-13 22:14:00,97.7801,97.86,97.7801,97.86,495.0
2024-08-13 22:16:00,97.85,97.87,97.8,97.86,2674.0
2024-08-13 22:18:00,97.75,97.81,97.65,97.65,3375.0
2024-08-13 22:20:00,97.7,97.7,97.5531,97.5531,461.0
2024-08-13 22:24:00,97.62,97.66,97.62,97.66,556.0
2024-08-13 22:26:00,97.693,97.693,97.693,97.693,214.0
2024-08-13 22:30:00,97.7,97.7,97.7,97.7,1048.0
2024-08-13 22:34:00,97.6999,97.6999,97.6999,97.6999,300.0
2024-08-13 22:36:00,97.6043,97.6043,97.6043,97.6043,535.0
2024-08-13 22:38:00,97.66,97.66,97.66,97.66,156.0
2024-08-13 22:42:00,97.65,97.65,97.65,97.65,117.0
2024-08-13 22:44:00,97.68,97.68,97.64,97.64,680.0
2024-08-13 22:50:00,97.75,97.75,97.75,97.75,301.0
2024-08-13 22:54:00,97.8,97.8,97.75,97.75,558.0
2024-08-13 22:56:00,97.7293,97.7293,97.7293,97.7293,271.0
2024-08-13 23:00:00,97.72,97.73,97.72,97.73,1101.0
2024-08-13 23:02:00,97.7,97.7,97.7,97.7,115.0
2024-08-13 23:06:00,97.7495,97.7495,97.6216,97.6216,1132.0
2024-08-13 23:08:00,97.66,97.66,97.6599,97.6599,457.0
2024-08-13 23:10:00,97.66,97.66,97.66,97.66,206.0
2024-08-13 23:14:00,97.72,97.72,97.72,97.72,400.0
2024-08-13 23:18:00,97.66,97.73,97.66,97.73,1068.0
2024-08-13 23:20:00,97.7278,97.7278,97.7278,97.7278,117.0
2024-08-13 23:24:00,97.7289,97.7299,97.71,97.72,799.0
2024-08-13 23:26:00,97.73,97.73,97.72,97.72,676.0
2024-08-13 23:28:00,97.73,97.73,97.73,97.73,667.0
2024-08-13 23:30:00,97.79,97.79,97.7,97.7,501.0
2024-08-13 23:32:00,97.8,97.8,97.8,97.8,184.0
2024-08-13 23:34:00,97.8,97.81,97.78,97.81,2422.0
2024-08-13 23:36:00,97.749,97.749,97.71,97.71,800.0
2024-08-13 23:38:00,97.73,97.73,97.73,97.73,116.0
2024-08-13 23:40:00,97.7291,97.73,97.7291,97.73,555.0
2024-08-13 23:44:00,97.74,97.74,97.74,97.74,352.0
2024-08-13 23:46:00,97.72,97.74,97.72,97.74,420.0
2024-08-13 23:48:00,97.74,97.75,97.74,97.75,1726.0
2024-08-13 23:50:00,97.75,97.75,97.74,97.74,613.0
2024-08-13 23:52:00,97.74,97.74,97.74,97.74,478.0
2024-08-13 23:54:00,97.75,97.75,97.75,97.75,5829.0
2024-08-13 23:56:00,97.81,97.81,97.81,97.81,1731.0
2024-08-13 23:58:00,97.85,97.85,97.7401,97.7608,900.0
2024-08-14 08:00:00,97.45,98.0,97.45,98.0,4584.0
2024-08-14 08:02:00,97.8,97.91,97.8,97.91,2466.0
2024-08-14 08:04:00,97.88,97.88,97.79,97.84,1891.0
2024-08-14 08:06:00,97.71,97.72,97.62,97.72,1364.0
2024-08-14 08:08:00,97.61,97.61,97.44,97.47,1629.0
2024-08-14 08:10:00,97.29,97.3,97.15,97.24,2967.0
2024-08-14 08:12:00,97.38,97.38,97.38,97.38,190.0
2024-08-14 08:14:00,97.42,97.42,97.3,97.3,1526.0
2024-08-14 08:18:00,97.3,97.3,97.28,97.3,1518.0
2024-08-14 08:20:00,97.3,97.3,97.28,97.3,1604.0
2024-08-14 08:24:00,97.35,97.35,97.28,97.28,638.0
2024-08-14 08:26:00,97.3,97.3,97.3,97.3,200.0
2024-08-14 08:28:00,97.2,97.2,97.0,97.0,2548.0
2024-08-14 08:32:00,97.24,97.27,97.19,97.19,1496.0
2024-08-14 08:34:00,97.2,97.2,97.05,97.16,3766.0
2024-08-14 08:36:00,97.15,97.15,97.15,97.15,517.0
2024-08-14 08:40:00,97.23,97.45,97.23,97.43,5550.0
2024-08-14 08:46:00,97.46,97.46,97.46,97.46,251.0
2024-08-14 08:50:00,97.46,97.56,97.46,97.52,968.0
2024-08-14 08:56:00,97.5,97.55,97.5,97.5,3502.0
2024-08-14 09:06:00,97.5,97.57,97.5,97.57,1043.0
2024-08-14 09:14:00,97.57,97.57,97.46,97.46,832.0
2024-08-14 09:40:00,97.62,97.81,97.62,97.81,5862.0
2024-08-14 09:42:00,97.86,98.03,97.86,98.0,3753.0
2024-08-14 09:44:00,97.99,97.99,97.93,97.93,1392.0
2024-08-14 09:46:00,97.91,97.91,97.91,97.91,1112.0
2024-08-14 09:50:00,97.96,98.0,97.96,97.96,2499.0
2024-08-14 09:54:00,98.15,98.18,98.14,98.18,1687.0
2024-08-14 09:56:00,98.16,98.18,98.16,98.18,1334.0
2024-08-14 09:58:00,98.18,98.23,98.18,98.18,2430.0
2024-08-14 10:02:00,98.19,98.23,98.19,98.23,1667.0
2024-08-14 10:04:00,98.29,98.29,98.29,98.29,812.0
2024-08-14 10:06:00,98.2,98.2,98.2,98.2,339.0
2024-08-14 10:10:00,98.2,98.2,98.2,98.2,376.0
2024-08-14 10:12:00,98.27,98.28,98.27,98.28,1149.0
2024-08-14 10:14:00,98.2,98.2,98.19,98.19,717.0
2024-08-14 10:16:00,98.3,98.3,98.09,98.09,4428.0
2024-08-14 10:20:00,98.15,98.15,98.0,98.0,3005.0
2024-08-14 10:22:00,98.0,98.0,98.0,98.0,14457.0
2024-08-14 10:24:00,98.08,98.08,98.08,98.08,595.0
2024-08-14 10:28:00,97.92,98.0,97.9,98.0,9696.0
2024-08-14 10:30:00,97.97,98.0,97.92,98.0,2946.0
2024-08-14 10:32:00,97.97,97.97,97.92,97.92,2594.0
2024-08-14 10:34:00,97.91,98.0,97.89,97.96,8989.0
2024-08-14 10:36:00,97.99,98.0,97.97,97.99,12687.0
2024-08-14 10:38:00,97.98,97.99,97.98,97.99,2120.0
2024-08-14 10:40:00,97.99,97.99,97.99,97.99,5120.0
2024-08-14 10:44:00,97.98,97.99,97.98,97.98,6471.0
2024-08-14 10:46:00,97.99,98.0,97.99,98.0,48080.0
2024-08-14 10:50:00,98.1,98.11,98.1,98.11,944.0
2024-08-14 10:54:00,98.09,98.1,98.01,98.01,1063.0
2024-08-14 10:58:00,98.0,98.0,98.0,98.0,454.0
2024-08-14 11:00:00,98.16,98.3,98.16,98.2,12032.0
2024-08-14 11:02:00,98.15,98.2,98.15,98.2,1889.0
2024-08-14 11:04:00,98.12,98.2,98.12,98.2,2828.0
2024-08-14 11:06:00,98.16,98.16,98.1,98.1,1959.0
2024-08-14 11:10:00,98.0,98.0,98.0,98.0,1853.0
2024-08-14 11:12:00,98.01,98.01,98.0,98.01,941.0
2024-08-14 11:14:00,97.95,97.95,97.95,97.95,557.0
2024-08-14 11:22:00,97.92,98.05,97.92,98.05,4420.0
2024-08-14 11:24:00,98.05,98.07,98.05,98.05,2749.0
2024-08-14 11:26:00,98.05,98.05,98.0,98.0,5002.0
2024-08-14 11:28:00,98.0,98.0,98.0,98.0,1125.0
2024-08-14 11:30:00,98.12,98.12,98.12,98.12,1388.0
2024-08-14 11:32:00,98.12,98.14,98.12,98.14,677.0
2024-08-14 11:34:00,98.12,98.12,98.07,98.1,3054.0
2024-08-14 11:38:00,98.23,98.23,98.23,98.23,765.0
2024-08-14 11:40:00,98.22,98.27,98.22,98.25,2876.0
2024-08-14 11:42:00,98.3,98.35,98.3,98.3,2844.0
2024-08-14 11:44:00,98.31,98.32,98.31,98.32,516.0
2024-08-14 11:46:00,98.3,98.5,98.3,98.5,7366.0
2024-08-14 11:48:00,98.35,98.35,98.35,98.35,1022.0
2024-08-14 11:52:00,98.5,98.5,98.45,98.45,2580.0
2024-08-14 11:54:00,98.4,98.75,98.4,98.75,9948.0
2024-08-14 11:56:00,98.7,98.75,98.68,98.68,3202.0
2024-08-14 11:58:00,98.7,98.75,98.7,98.75,1040.0
2024-08-14 12:00:00,98.01,98.8493,97.7,98.58,54742.0
2024-08-14 12:02:00,98.57,98.8,98.57,98.75,7647.0
2024-08-14 12:04:00,98.75,98.8,98.7,98.75,1599.0
2024-08-14 12:06:00,98.6507,98.79,98.65,98.65,6746.0
2024-08-14 12:08:00,98.71,98.71,97.683,97.683,5270.0
2024-08-14 12:10:00,98.4817,98.61,98.4817,98.61,615.0
2024-08-14 12:12:00,98.53,98.53,98.4955,98.4955,683.0
2024-08-14 12:14:00,98.51,98.57,98.49,98.55,3332.0
2024-08-14 12:16:00,98.56,98.6,98.56,98.56,6696.0
2024-08-14 12:18:00,98.6,98.608,98.44,98.54,7080.0
2024-08-14 12:20:00,98.5497,98.75,98.52,98.75,13096.0
2024-08-14 12:22:00,98.75,99.18,98.75,99.18,20660.0
2024-08-14 12:24:00,99.0,99.15,99.0,99.1399,10583.0
2024-08-14 12:26:00,99.14,99.35,99.0911,99.35,11748.0
2024-08-14 12:28:00,99.24,99.24,99.0,99.1,8168.0
2024-08-14 12:30:00,99.2,99.8787,98.0,99.6,44468.0
2024-08-14 12:32:00,99.15,99.15,98.02,98.75,35005.0
2024-08-14 12:34:00,98.9384,98.9384,98.3101,98.435,22017.0
2024-08-14 12:36:00,98.435,99.1958,98.435,98.97,16394.0
2024-08-14 12:38:00,98.98,99.9,98.98,99.59,33512.0
2024-08-14 12:40:00,99.36,99.59,99.36,99.59,10909.0
2024-08-14 12:42:00,99.55,100.63,99.55,100.19,39483.0
2024-08-14 12:44:00,100.12,100.89,100.12,100.34,38905.0
2024-08-14 12:46:00,100.33,100.49,100.0578,100.23,11936.0
2024-08-14 12:48:00,100.23,100.37,100.0589,100.27,23815.0
2024-08-14 12:50:00,100.29,100.29,99.79,99.81,19693.0
2024-08-14 12:52:00,99.87,100.21,99.87,100.09,24970.0
2024-08-14 12:54:00,100.1,100.23,99.81,99.81,24559.0
2024-08-14 12:56:00,99.92,99.98,99.8201,99.95,6053.0
2024-08-14 12:58:00,99.9875,100.1844,99.94,100.1844,9150.0
2024-08-14 13:00:00,100.05,100.4,100.05,100.33,13537.0
2024-08-14 13:02:00,100.41,100.48,100.21,100.4008,7699.0
2024-08-14 13:04:00,100.42,100.6,100.32,100.59,26898.0
2024-08-14 13:06:00,100.5525,100.6,100.4338,100.5,11079.0
2024-08-14 13:08:00,100.5,100.5706,100.12,100.3,28372.0
2024-08-14 13:10:00,100.3975,100.4698,100.25,100.4698,10521.0
2024-08-14 13:12:00,100.32,100.4796,100.2,100.2,3510.0
2024-08-14 13:14:00,100.26,100.3,100.05,100.1,3953.0
2024-08-14 13:16:00,100.1,100.2,99.98,100.2,31298.0
2024-08-14 13:18:00,100.24,100.44,100.24,100.35,7550.0
2024-08-14 13:20:00,100.43,100.43,100.23,100.31,12026.0
2024-08-14 13:22:00,100.3,100.41,100.3,100.41,16686.0
2024-08-14 13:24:00,100.5,100.62,100.36,100.62,9552.0
2024-08-14 13:26:00,100.63,101.38,100.5,101.29,24010.0
2024-08-14 13:28:00,101.2,101.2,100.66,100.99,17355.0
2024-08-14 13:30:00,101.0,101.95,100.68,101.85,1257804.0
2024-08-14 13:32:00,101.9,101.94,100.05,100.25,664533.0
2024-08-14 13:34:00,100.25,100.47,99.85,100.29,358624.0
2024-08-14 13:36:00,100.3,101.14,100.02,100.77,352278.0
2024-08-14 13:38:00,100.76,100.98,100.5,100.5216,303681.0
2024-08-14 13:40:00,100.51,100.54,99.9,99.9901,289132.0
2024-08-14 13:42:00,100.015,100.29,99.895,99.99,246574.0
2024-08-14 13:44:00,99.9801,100.07,99.66,99.89,372537.0
2024-08-14 13:46:00,99.89,100.25,99.86,100.2,266757.0
2024-08-14 13:48:00,100.155,100.5088,99.6857,100.0505,356773.0
2024-08-14 13:50:00,100.08,100.39,99.86,99.915,193333.0
2024-08-14 13:52:00,99.87,99.97,99.39,99.49,252629.0
2024-08-14 13:54:00,99.51,99.8,99.215,99.26,281324.0
2024-08-14 13:56:00,99.26,99.54,98.91,98.935,331092.0
2024-08-14 13:58:00,98.93,99.17,98.78,99.05,309091.0
2024-08-14 14:00:00,99.05,99.29,98.76,99.27,187585.0
2024-08-14 14:02:00,99.28,99.37,99.046,99.08,165741.0
2024-08-14 14:04:00,99.06,99.49,99.053,99.44,137341.0
2024-08-14 14:06:00,99.465,99.5699,98.9701,98.99,162861.0
2024-08-14 14:08:00,99.01,99.2324,98.84,98.8899,119938.0
2024-08-14 14:10:00,98.865,98.89,98.31,98.4,207081.0
2024-08-14 14:12:00,98.3901,98.63,98.3602,98.47,122295.0
2024-08-14 14:14:00,98.48,98.67,98.26,98.3,132811.0
2024-08-14 14:16:00,98.26,98.54,98.0652,98.47,125796.0
2024-08-14 14:18:00,98.48,98.78,98.45,98.63,94529.0
2024-08-14 14:20:00,98.645,98.95,98.6276,98.94,94074.0
2024-08-14 14:22:00,98.93,99.04,98.71,98.95,100133.0
2024-08-14 14:24:00,98.97,99.1,98.85,99.0,113722.0
2024-08-14 14:26:00,98.96,99.0199,98.611,98.9582,70936.0
2024-08-14 14:28:00,98.951,98.9991,98.77,98.8,72927.0
2024-08-14 14:30:00,98.805,98.99,98.6001,98.73,69760.0
2024-08-14 14:32:00,98.79,98.94,98.4,98.42,159811.0
2024-08-14 14:34:00,98.45,98.45,98.2,98.45,71156.0
2024-08-14 14:36:00,98.45,98.73,98.45,98.64,70890.0
2024-08-14 14:38:00,98.625,98.825,98.611,98.81,75168.0
2024-08-14 14:40:00,98.81,99.122,98.7601,99.076,99140.0
2024-08-14 14:42:00,99.1,99.34,99.07,99.265,107421.0
2024-08-14 14:44:00,99.25,99.28,99.01,99.1001,84085.0
2024-08-14 14:46:00,99.1033,99.54,99.04,99.54,88780.0
2024-08-14 14:48:00,99.53,99.85,99.45,99.7813,137544.0
2024-08-14 14:50:00,99.74,99.88,99.49,99.4981,147926.0
2024-08-14 14:52:00,99.48,99.95,99.47,99.95,87335.0
2024-08-14 14:54:00,99.935,100.16,99.92,100.1,142218.0
2024-08-14 14:56:00,100.1,100.21,99.86,100.1,117155.0
2024-08-14 14:58:00,100.09,100.12,100.0101,100.02,62251.0
2024-08-14 15:00:00,100.01,100.25,99.98,100.17,76856.0
2024-08-14 15:02:00,100.182,100.19,100.06,100.182,80235.0
2024-08-14 15:04:00,100.2,100.35,100.17,100.2,110485.0
2024-08-14 15:06:00,100.19,100.24,100.0404,100.12,110573.0
2024-08-14 15:08:00,100.13,100.44,100.07,100.39,110359.0
2024-08-14 15:10:00,100.4,100.7,100.37,100.67,127998.0
2024-08-14 15:12:00,100.675,100.85,100.56,100.812,133768.0
2024-08-14 15:14:00,100.84,100.85,100.69,100.83,135140.0
2024-08-14 15:16:00,100.83,100.86,100.5,100.55,93595.0
2024-08-14 15:18:00,100.5464,100.6068,100.38,100.56,105365.0
2024-08-14 15:20:00,100.57,100.7,100.47,100.67,86870.0
2024-08-14 15:22:00,100.689,100.689,100.3901,100.4017,80067.0
2024-08-14 15:24:00,100.418,100.56,100.3301,100.47,74255.0
2024-08-14 15:26:00,100.5,100.5599,100.37,100.39,45324.0
2024-08-14 15:28:00,100.38,100.69,100.29,100.6501,58440.0
2024-08-14 15:30:00,100.67,100.73,100.57,100.58,64333.0
2024-08-14 15:32:00,100.59,100.89,100.59,100.8725,66739.0
2024-08-14 15:34:00,100.89,100.96,100.84,100.865,60823.0
2024-08-14 15:36:00,100.85,100.9682,100.74,100.76,53085.0
2024-08-14 15:38:00,100.74,100.9146,100.74,100.825,66107.0
2024-08-14 15:40:00,100.83,100.94,100.75,100.89,76444.0
2024-08-14 15:42:00,100.9107,100.97,100.74,100.7918,75357.0
2024-08-14 15:44:00,100.79,100.98,100.74,100.94,99511.0
2024-08-14 15:46:00,100.95,101.015,100.89,100.99,87580.0
2024-08-14 15:48:00,100.97,101.0,100.8585,100.88,54138.0
2024-08-14 15:50:00,100.88,101.0279,100.81,100.96,62899.0
2024-08-14 15:52:00,100.96,101.079,100.9497,101.0,77719.0
2024-08-14 15:54:00,100.98,101.28,100.96,101.2615,94462.0
2024-08-14 15:56:00,101.26,101.3,101.0506,101.115,62285.0
2024-08-14 15:58:00,101.12,101.32,101.12,101.235,80492.0
2024-08-14 16:00:00,101.25,101.44,101.21,101.43,88263.0
2024-08-14 16:02:00,101.45,101.53,101.28,101.37,76472.0
2024-08-14 16:04:00,101.35,101.37,101.22,101.31,60206.0
2024-08-14 16:06:00,101.32,101.32,101.14,101.32,71744.0
2024-08-14 16:08:00,101.32,101.37,101.07,101.14,65313.0
2024-08-14 16:10:00,101.13,101.1328,100.94,101.0,70284.0
2024-08-14 16:12:00,101.0,101.1096,100.8834,100.9144,45075.0
2024-08-14 16:14:00,100.905,100.905,100.73,100.74,77928.0
2024-08-14 16:16:00,100.75,100.76,100.431,100.431,86254.0
2024-08-14 16:18:00,100.445,100.56,100.4,100.48,51451.0
2024-08-14 16:20:00,100.5,100.625,100.4484,100.51,59405.0
2024-08-14 16:22:00,100.5,100.51,100.1,100.1465,120672.0
2024-08-14 16:24:00,100.16,100.3,100.03,100.135,94852.0
2024-08-14 16:26:00,100.13,100.404,100.085,100.31,80156.0
2024-08-14 16:28:00,100.32,100.47,100.2,100.23,80279.0
2024-08-14 16:30:00,100.235,100.3014,100.16,100.27,44053.0
2024-08-14 16:32:00,100.28,100.58,100.21,100.53,72680.0
2024-08-14 16:34:00,100.505,100.505,100.185,100.21,44760.0
2024-08-14 16:36:00,100.22,100.56,100.19,100.52,61707.0
2024-08-14 16:38:00,100.54,100.68,100.48,100.64,56684.0
2024-08-14 16:40:00,100.655,100.78,100.5801,100.738,48185.0
2024-08-14 16:42:00,100.75,100.8599,100.55,100.565,62428.0
2024-08-14 16:44:00,100.55,100.58,100.25,100.43,109622.0
2024-08-14 16:46:00,100.45,100.54,100.3604,100.48,48531.0
2024-08-14 16:48:00,100.485,100.51,100.27,100.3201,32650.0
2024-08-14 16:50:00,100.32,100.5797,100.32,100.5,53343.0
2024-08-14 16:52:00,100.49,100.5086,100.3701,100.495,27045.0
2024-08-14 16:54:00,100.495,100.6118,100.495,100.57,43707.0
2024-08-14 16:56:00,100.55,100.6,100.45,100.49,30450.0
2024-08-14 16:58:00,100.5,100.59,100.45,100.455,42573.0
2024-08-14 17:00:00,100.44,100.53,100.35,100.5,40335.0
2024-08-14 17:02:00,100.5,100.65,100.5,100.5627,32471.0
2024-08-14 17:04:00,100.5715,100.7999,100.56,100.79,35232.0
2024-08-14 17:06:00,100.7952,101.0,100.7952,100.99,54163.0
2024-08-14 17:08:00,100.98,100.99,100.771,100.86,38632.0
2024-08-14 17:10:00,100.86,100.89,100.38,100.57,56848.0
2024-08-14 17:12:00,100.58,100.7,100.58,100.64,27298.0
2024-08-14 17:14:00,100.64,100.76,100.62,100.76,28480.0
2024-08-14 17:16:00,100.77,100.85,100.765,100.84,29843.0
2024-08-14 17:18:00,100.845,100.9,100.7348,100.87,49453.0
2024-08-14 17:20:00,100.86,101.0,100.84,101.0,38386.0
2024-08-14 17:22:00,101.0,101.0,100.76,100.875,29063.0
2024-08-14 17:24:00,100.89,100.95,100.8,100.8,30331.0
2024-08-14 17:26:00,100.805,100.93,100.68,100.735,43343.0
2024-08-14 17:28:00,100.75,100.8899,100.745,100.8799,34409.0
2024-08-14 17:30:00,100.865,100.97,100.8101,100.94,49490.0
2024-08-14 17:32:00,100.91,100.91,100.795,100.83,24684.0
2024-08-14 17:34:00,100.81,100.91,100.7048,100.89,34818.0
2024-08-14 17:36:00,100.86,100.91,100.6367,100.705,43454.0
2024-08-14 17:38:00,100.725,100.77,100.61,100.61,32528.0
2024-08-14 17:40:00,100.62,100.74,100.55,100.55,30197.0
2024-08-14 17:42:00,100.5599,100.65,100.4059,100.65,52603.0
2024-08-14 17:44:00,100.66,100.66,100.58,100.62,20162.0
2024-08-14 17:46:00,100.605,100.75,100.59,100.7,28587.0
2024-08-14 17:48:00,100.71,100.72,100.5401,100.66,21976.0
2024-08-14 17:50:00,100.67,100.77,100.5,100.57,28305.0
2024-08-14 17:52:00,100.56,100.78,100.56,100.76,23660.0
2024-08-14 17:54:00,100.76,100.82,100.7,100.82,23077.0
2024-08-14 17:56:00,100.83,100.87,100.7501,100.82,43144.0
2024-08-14 17:58:00,100.83,100.88,100.7001,100.74,46124.0
2024-08-14 18:00:00,100.75,100.76,100.5003,100.6104,46380.0
2024-08-14 18:02:00,100.61,100.76,100.5601,100.68,27331.0
2024-08-14 18:04:00,100.68,100.71,100.6001,100.67,30829.0
2024-08-14 18:06:00,100.655,100.76,100.64,100.72,34756.0
2024-08-14 18:08:00,100.735,100.75,100.63,100.64,28749.0
2024-08-14 18:10:00,100.6325,100.78,100.6,100.77,49911.0
2024-08-14 18:12:00,100.77,100.8699,100.765,100.86,51030.0
2024-08-14 18:14:00,100.87,100.9245,100.8101,100.9245,26825.0
2024-08-14 18:16:00,100.92,100.97,100.73,100.79,36105.0
2024-08-14 18:18:00,100.8,100.89,100.74,100.77,35022.0
2024-08-14 18:20:00,100.76,101.025,100.76,100.895,75887.0
2024-08-14 18:22:00,100.9,100.955,100.86,100.91,39248.0
2024-08-14 18:24:00,100.92,101.02,100.86,100.9136,67286.0
2024-08-14 18:26:00,100.895,101.0,100.865,100.97,60897.0
2024-08-14 18:28:00,100.97,101.055,100.95,101.04,36455.0
2024-08-14 18:30:00,101.03,101.03,100.8913,100.925,29432.0
2024-08-14 18:32:00,100.95,101.02,100.8799,100.9799,52861.0
2024-08-14 18:34:00,100.955,100.955,100.7601,100.8,48043.0
2024-08-14 18:36:00,100.78,100.94,100.76,100.91,39452.0
2024-08-14 18:38:00,100.91,100.97,100.86,100.94,41792.0
2024-08-14 18:40:00,100.94,101.01,100.84,100.89,46266.0
2024-08-14 18:42:00,100.88,100.94,100.83,100.87,60043.0
2024-08-14 18:44:00,100.85,100.985,100.85,100.965,60583.0
2024-08-14 18:46:00,100.95,100.98,100.86,100.9425,41937.0
2024-08-14 18:48:00,100.93,100.95,100.85,100.9299,67829.0
2024-08-14 18:50:00,100.918,101.015,100.86,101.01,65081.0
2024-08-14 18:52:00,101.0086,101.0086,100.93,100.99,51516.0
2024-08-14 18:54:00,100.985,101.08,100.93,101.0794,55772.0
2024-08-14 18:56:00,101.06,101.12,100.96,101.0701,89419.0
2024-08-14 18:58:00,101.09,101.2,101.07,101.13,77797.0
2024-08-14 19:00:00,101.13,101.135,100.95,101.0,87704.0
2024-08-14 19:02:00,101.03,101.095,100.9054,100.92,53438.0
2024-08-14 19:04:00,100.94,101.04,100.9001,101.03,37628.0
2024-08-14 19:06:00,101.02,101.06,100.94,100.96,45603.0
2024-08-14 19:08:00,100.9576,100.98,100.67,100.67,58358.0
2024-08-14 19:10:00,100.68,100.78,100.63,100.66,61181.0
2024-08-14 19:12:00,100.675,100.7499,100.5,100.5229,67537.0
2024-08-14 19:14:00,100.53,100.54,100.38,100.51,110229.0
2024-08-14 19:16:00,100.52,100.62,100.46,100.54,59993.0
2024-08-14 19:18:00,100.55,100.58,100.4,100.44,46740.0
2024-08-14 19:20:00,100.42,100.49,100.28,100.398,51968.0
2024-08-14 19:22:00,100.3824,100.435,100.29,100.435,68234.0
2024-08-14 19:24:00,100.44,100.4799,100.32,100.45,63055.0
2024-08-14 19:26:00,100.442,100.49,100.42,100.47,41410.0
2024-08-14 19:28:00,100.455,100.4651,100.3001,100.38,54400.0
2024-08-14 19:30:00,100.39,100.4548,100.29,100.37,52322.0
2024-08-14 19:32:00,100.36,100.42,100.21,100.24,59704.0
2024-08-14 19:34:00,100.2201,100.36,100.175,100.28,67554.0
2024-08-14 19:36:00,100.29,100.34,100.19,100.19,54302.0
2024-08-14 19:38:00,100.19,100.33,100.14,100.28,69371.0
2024-08-14 19:40:00,100.29,100.38,100.255,100.38,72198.0
2024-08-14 19:42:00,100.3736,100.43,100.33,100.4,88764.0
2024-08-14 19:44:00,100.39,100.4,100.31,100.34,69489.0
2024-08-14 19:46:00,100.34,100.39,100.25,100.32,77845.0
2024-08-14 19:48:00,100.32,100.46,100.307,100.38,100442.0
2024-08-14 19:50:00,100.41,100.5,100.16,100.35,157175.0
2024-08-14 19:52:00,100.36,100.53,100.31,100.525,134703.0
2024-08-14 19:54:00,100.53,100.76,100.51,100.5137,227937.0
2024-08-14 19:56:00,100.52,100.57,100.42,100.4499,202124.0
2024-08-14 19:58:00,100.445,100.53,100.37,100.41,443368.0
2024-08-14 20:00:00,100.41,100.49,100.38,100.41,103626.0
2024-08-14 20:04:00,100.38,100.41,100.38,100.41,10452.0
2024-08-14 20:06:00,100.41,100.52,100.41,100.52,3562.0
2024-08-14 20:08:00,100.4,100.4,100.4,100.4,622.0
2024-08-14 20:10:00,100.49,100.49,100.47,100.47,454.0
2024-08-14 20:12:00,100.4206,100.4255,100.4206,100.4255,4861.0
2024-08-14 20:14:00,100.5,100.53,100.41,100.53,1483.0
2024-08-14 20:16:00,100.51,100.51,100.51,100.51,315.0
2024-08-14 20:18:00,100.54,100.54,100.5,100.5,564.0
2024-08-14 20:20:00,100.45,100.45,100.45,100.45,852.0
2024-08-14 20:22:00,100.5,100.5,100.49,100.5,951.0
2024-08-14 20:24:00,100.49,100.49,100.49,100.49,110.0
2024-08-14 20:26:00,100.5,100.5,100.43,100.43,668.0
2024-08-14 20:28:00,100.63,100.9,100.49,100.5,6822.0
2024-08-14 20:30:00,100.41,100.8785,100.41,100.75,692431.0
2024-08-14 20:32:00,100.85,100.87,100.75,100.75,450.0
2024-08-14 20:34:00,100.74,100.75,100.74,100.75,783.0
2024-08-14 20:36:00,100.55,100.55,100.55,100.55,562.0
2024-08-14 20:38:00,100.5007,100.8345,100.5007,100.6,1765.0
2024-08-14 20:40:00,100.61,100.61,100.61,100.61,2164.0
2024-08-14 20:42:00,100.507,100.507,100.507,100.507,108.0
2024-08-14 20:46:00,100.7427,100.7434,100.74,100.74,1427.0
2024-08-14 20:48:00,100.57,100.57,100.57,100.57,810.0
2024-08-14 20:50:00,100.5,100.5,100.5,100.5,460.0
2024-08-14 20:52:00,100.65,100.65,100.65,100.65,814.0
2024-08-14 20:54:00,100.5806,100.64,100.5806,100.64,570.0
2024-08-14 20:58:00,100.65,100.65,100.64,100.64,787.0
2024-08-14 21:00:00,100.61,100.64,100.61,100.64,746.0
2024-08-14 21:02:00,100.59,100.59,100.59,100.59,268.0
2024-08-14 21:04:00,100.51,100.64,100.51,100.55,1723.0
2024-08-14 21:06:00,100.63,100.64,100.6,100.64,1175.0
2024-08-14 21:08:00,100.6399,100.6399,100.6399,100.6399,250.0
2024-08-14 21:10:00,100.64,100.64,100.41,100.5415,8964.0
2024-08-14 21:14:00,100.56,100.56,100.55,100.55,465.0
2024-08-14 21:16:00,100.6,100.7234,100.6,100.6,983.0
2024-08-14 21:18:00,100.65,100.65,100.5502,100.5502,1611.0
2024-08-14 21:20:00,100.6,100.6,100.6,100.6,102.0
2024-08-14 21:22:00,100.6,100.6,100.55,100.55,1410.0
2024-08-14 21:26:00,100.5151,100.5151,100.5151,100.5151,1000.0
2024-08-14 21:34:00,100.5406,100.5406,100.5406,100.5406,1605.0
2024-08-14 21:42:00,100.6,100.6,100.6,100.6,264.0
2024-08-14 21:46:00,100.6,100.6,100.6,100.6,1216.0
2024-08-14 21:50:00,100.6588,100.66,100.6588,100.66,671.0
2024-08-14 21:52:00,100.7,100.7,100.7,100.7,514.0
2024-08-14 21:54:00,100.7,100.75,100.7,100.75,744.0
2024-08-14 21:58:00,100.79,100.79,100.76,100.76,602.0
2024-08-14 22:00:00,100.7,100.7,100.7,100.7,256.0
2024-08-14 22:02:00,100.77,100.77,100.68,100.68,1476.0
2024-08-14 22:04:00,100.8577,100.8577,100.8577,100.8577,118.0
2024-08-14 22:06:00,100.85,100.85,100.85,100.85,206.0
2024-08-14 22:08:00,100.8865,100.8865,100.8865,100.8865,109.0
2024-08-14 22:10:00,100.9,100.9,100.8,100.8,783.0
2024-08-14 22:12:00,100.83,100.83,100.83,100.83,152.0
2024-08-14 22:14:00,100.8905,100.8905,100.8,100.8,451.0
2024-08-14 22:18:00,100.67,100.84,100.67,100.84,609.0
2024-08-14 22:20:00,100.8663,100.8663,100.8663,100.8663,196.0
2024-08-14 22:24:00,100.8,100.88,100.78,100.78,923.0
2024-08-14 22:26:00,100.78,100.78,100.78,100.78,1444.0
2024-08-14 22:32:00,100.7,100.85,100.7,100.85,684.0
2024-08-14 22:36:00,100.7,100.852,100.7,100.852,760.0
2024-08-14 22:38:00,100.74,100.74,100.74,100.74,103.0
2024-08-14 22:40:00,100.69,100.69,100.69,100.69,300.0
2024-08-14 22:44:00,100.67,100.67,100.67,100.67,1922.0
2024-08-14 22:46:00,100.66,100.66,100.63,100.63,2551.0
2024-08-14 22:48:00,100.57,100.63,100.5513,100.59,2473.0
2024-08-14 23:00:00,100.54,100.54,100.54,100.54,240.0
2024-08-14 23:02:00,100.6,100.6,100.6,100.6,210.0
2024-08-14 23:08:00,100.68,100.68,100.68,100.68,183.0
2024-08-14 23:14:00,100.68,100.68,100.65,100.65,596.0
2024-08-14 23:26:00,100.6,100.6,100.6,100.6,219.0
2024-08-14 23:30:00,100.6,100.6001,100.6,100.6001,205.0
2024-08-14 23:34:00,100.58,100.58,100.58,100.58,302.0
2024-08-14 23:36:00,100.5991,100.6,100.5991,100.6,503.0
2024-08-14 23:40:00,100.54,100.54,100.54,100.54,422.0
2024-08-14 23:44:00,100.6,100.6,100.52,100.52,1386.0
2024-08-14 23:48:00,100.56,100.56,100.56,100.56,384.0
2024-08-14 23:50:00,100.54,100.54,100.5,100.5,1025.0
2024-08-14 23:52:00,100.44,100.44,100.44,100.44,249.0
2024-08-14 23:54:00,100.41,100.41,100.2,100.2,527.0
2024-08-14 23:56:00,100.4,100.4,100.4,100.4,290.0
2024-08-14 23:58:00,100.4,100.4,100.31,100.31,625.0
2024-08-15 08:00:00,101.05,101.05,101.05,101.05,263.0
2024-08-15 08:02:00,101.05,101.2,101.05,101.2,2025.0
2024-08-15 08:04:00,101.05,101.05,101.05,101.05,182.0
2024-08-15 08:06:00,101.05,101.05,101.05,101.05,560.0
2024-08-15 08:08:00,101.08,101.08,101.07,101.07,793.0
2024-08-15 08:10:00,101.02,101.02,101.0,101.0,2752.0
2024-08-15 08:12:00,100.94,100.95,100.94,100.94,1433.0
2024-08-15 08:14:00,100.99,100.99,100.9,100.9,384.0
2024-08-15 08:18:00,101.0,101.0,100.95,100.95,1441.0
2024-08-15 08:20:00,100.93,100.93,100.78,100.9,3286.0
2024-08-15 08:22:00,101.0,101.0,100.96,100.96,721.0
2024-08-15 08:26:00,100.98,100.99,100.9,100.9,1638.0
2024-08-15 08:28:00,100.9,100.9,100.82,100.82,1135.0
2024-08-15 08:32:00,100.77,100.77,100.77,100.77,211.0
2024-08-15 08:34:00,100.77,100.77,100.54,100.54,954.0
2024-08-15 08:38:00,100.59,100.6,100.59,100.6,544.0
2024-08-15 08:40:00,100.6,100.6,100.59,100.6,7008.0
2024-08-15 08:44:00,100.6,100.6,100.59,100.6,1829.0
2024-08-15 08:50:00,100.56,100.56,100.55,100.55,660.0
2024-08-15 08:54:00,100.62,100.62,100.62,100.62,346.0
2024-08-15 08:56:00,100.74,100.74,100.74,100.74,205.0
2024-08-15 09:02:00,100.64,100.64,100.64,100.64,502.0
2024-08-15 09:20:00,100.99,100.99,100.92,100.99,1688.0
2024-08-15 09:36:00,101.0,101.0,101.0,101.0,191.0
2024-08-15 09:42:00,100.99,100.99,100.99,100.99,500.0
2024-08-15 10:08:00,100.9,100.9,100.85,100.86,1791.0
2024-08-15 10:20:00,100.81,100.81,100.8,100.8,1437.0
2024-08-15 10:40:00,100.79,100.79,100.79,100.79,367.0
2024-08-15 10:42:00,100.74,100.74,100.7,100.7,725.0
2024-08-15 10:52:00,100.74,100.74,100.72,100.72,400.0
2024-08-15 11:00:00,100.65,100.77,100.55,100.58,4208.0
2024-08-15 11:04:00,100.64,100.64,100.64,100.64,815.0
2024-08-15 11:06:00,100.68,100.7,100.68,100.7,852.0
2024-08-15 11:08:00,100.66,100.66,100.6,100.6,1899.0
2024-08-15 11:10:00,100.63,100.68,100.63,100.68,455.0
2024-08-15 11:12:00,100.61,100.61,100.55,100.55,1017.0
2024-08-15 11:16:00,100.7,100.7,100.7,100.7,151.0
2024-08-15 11:18:00,100.67,100.85,100.67,100.8,4552.0
2024-08-15 11:20:00,100.86,100.97,100.8,100.89,14114.0
2024-08-15 11:22:00,100.85,100.9,100.8,100.84,4727.0
2024-08-15 11:24:00,100.9,101.0,100.9,101.0,880.0
2024-08-15 11:26:00,101.0,101.06,101.0,101.06,1316.0
2024-08-15 11:28:00,101.08,101.08,101.08,101.08,400.0
2024-08-15 11:30:00,101.0,101.0,101.0,101.0,143.0
2024-08-15 11:32:00,101.05,101.05,101.05,101.05,221.0
2024-08-15 11:38:00,100.96,100.96,100.95,100.95,668.0
2024-08-15 11:48:00,101.01,101.01,100.99,100.99,726.0
2024-08-15 11:54:00,101.03,101.04,101.03,101.04,704.0
2024-08-15 11:56:00,100.97,100.97,100.97,100.97,249.0
2024-08-15 12:00:00,100.725,101.1,100.5216,101.0,24184.0
2024-08-15 12:02:00,100.93,100.93,100.8534,100.8534,816.0
2024-08-15 12:04:00,100.89,100.89,100.89,100.89,207.0
2024-08-15 12:06:00,100.8802,100.9598,100.8802,100.9598,462.0
2024-08-15 12:10:00,100.9583,100.96,100.94,100.94,831.0
2024-08-15 12:12:00,100.9,100.9,100.9,100.9,331.0
2024-08-15 12:14:00,100.96,101.03,100.96,100.96,6074.0
2024-08-15 12:18:00,101.0296,101.03,100.95,100.95,3573.0
2024-08-15 12:20:00,101.03,101.03,100.95,100.95,1429.0
2024-08-15 12:22:00,100.93,100.93,100.93,100.93,345.0
2024-08-15 12:24:00,100.95,100.9999,100.95,100.9999,836.0
2024-08-15 12:26:00,100.975,100.98,100.9,100.9,3290.0
2024-08-15 12:28:00,100.98,100.98,100.87,100.9,2398.0
2024-08-15 12:30:00,101.0,101.8,101.0,101.49,6908.0
2024-08-15 12:32:00,101.39,101.7715,101.36,101.7715,6217.0
2024-08-15 12:34:00,101.8562,102.15,101.75,102.1,21232.0
2024-08-15 12:36:00,102.1,102.43,102.1,102.4,24572.0
2024-08-15 12:38:00,102.37,102.5,102.05,102.25,10690.0
2024-08-15 12:40:00,102.09,102.25,102.09,102.15,4122.0
2024-08-15 12:42:00,102.2482,102.4,102.2482,102.35,20992.0
2024-08-15 12:44:00,102.4,102.58,102.35,102.55,20928.0
2024-08-15 12:46:00,102.6,102.81,102.6,102.66,7596.0
2024-08-15 12:48:00,102.77,103.13,102.6518,103.07,25130.0
2024-08-15 12:50:00,103.07,103.4849,103.07,103.24,11812.0
2024-08-15 12:52:00,103.3,103.49,103.01,103.01,12843.0
2024-08-15 12:54:00,103.04,103.3,103.04,103.1021,7694.0
2024-08-15 12:56:00,103.2,103.2785,103.06,103.06,9476.0
2024-08-15 12:58:00,103.0024,103.15,102.78,102.83,7977.0
2024-08-15 13:00:00,103.0,103.14,102.85,103.02,3995.0
2024-08-15 13:02:00,103.1,103.15,102.99,103.15,2306.0
2024-08-15 13:04:00,103.2,103.25,103.0703,103.0703,4880.0
2024-08-15 13:06:00,103.12,103.12,103.12,103.12,577.0
2024-08-15 13:08:00,103.246,103.246,102.81,102.81,8695.0
2024-08-15 13:10:00,102.9,102.9,102.5,102.63,10141.0
2024-08-15 13:12:00,102.63,102.77,102.63,102.74,4664.0
2024-08-15 13:14:00,102.77,102.86,102.66,102.8,3890.0
2024-08-15 13:16:00,102.76,102.8628,102.73,102.73,4035.0
2024-08-15 13:18:00,102.72,102.87,102.7,102.87,9802.0
2024-08-15 13:20:00,102.8204,102.95,102.8204,102.89,2522.0
2024-08-15 13:22:00,102.89,102.9,102.89,102.9,7119.0
2024-08-15 13:24:00,102.93,103.494,102.9,103.494,13040.0
2024-08-15 13:26:00,103.495,103.98,103.43,103.98,14104.0
2024-08-15 13:28:00,103.76,103.76,103.31,103.63,9428.0
2024-08-15 13:30:00,103.51,103.92,103.38,103.6745,669023.0
2024-08-15 13:32:00,103.7,103.9,102.75,103.09,352402.0
2024-08-15 13:34:00,103.09,103.83,102.77,103.4,217665.0
2024-08-15 13:36:00,103.44,103.6589,103.1333,103.6,194342.0
2024-08-15 13:38:00,103.62,103.64,103.3326,103.4902,173155.0
2024-08-15 13:40:00,103.53,103.57,102.82,103.16,230174.0
2024-08-15 13:42:00,103.14,103.38,102.9613,103.235,200294.0
2024-08-15 13:44:00,103.24,103.43,103.08,103.4,180624.0
2024-08-15 13:46:00,103.45,103.85,103.22,103.76,281174.0
2024-08-15 13:48:00,103.7586,104.3,103.7401,104.24,410307.0
2024-08-15 13:50:00,104.23,104.4099,104.1206,104.22,244116.0
2024-08-15 13:52:00,104.21,104.43,104.13,104.24,153838.0
2024-08-15 13:54:00,104.23,104.35,104.105,104.235,132972.0
2024-08-15 13:56:00,104.23,104.74,104.21,104.6899,273287.0
2024-08-15 13:58:00,104.68,105.005,104.62,104.89,269823.0
2024-08-15 14:00:00,104.8824,105.2201,104.81,105.165,328534.0
2024-08-15 14:02:00,105.17,105.4999,105.15,105.26,320496.0
2024-08-15 14:04:00,105.2599,105.31,104.87,105.055,249733.0
2024-08-15 14:06:00,105.0675,105.12,104.7643,104.865,191213.0
2024-08-15 14:08:00,104.865,104.95,104.61,104.755,146072.0
2024-08-15 14:10:00,104.74,104.795,104.5,104.61,133141.0
2024-08-15 14:12:00,104.61,105.0,104.565,104.96,133776.0
2024-08-15 14:14:00,104.95,104.96,104.75,104.87,84784.0
2024-08-15 14:16:00,104.86,104.89,104.61,104.82,106701.0
2024-08-15 14:18:00,104.84,104.99,104.8,104.93,93701.0
2024-08-15 14:20:00,104.935,105.098,104.68,105.09,130359.0
2024-08-15 14:22:00,105.09,105.23,104.76,104.82,204098.0
2024-08-15 14:24:00,104.86,105.14,104.82,105.04,90397.0
2024-08-15 14:26:00,105.06,105.165,104.96,105.02,208695.0
2024-08-15 14:28:00,104.992,105.06,104.76,104.975,109556.0
2024-08-15 14:30:00,104.97,105.04,104.77,104.86,187789.0
2024-08-15 14:32:00,104.86,105.04,104.71,104.72,149859.0
2024-08-15 14:34:00,104.73,104.77,104.53,104.72,105459.0
2024-08-15 14:36:00,104.75,105.1531,104.68,105.15,133809.0
2024-08-15 14:38:00,105.15,105.22,105.0,105.1865,92560.0
2024-08-15 14:40:00,105.19,105.41,105.12,105.38,205688.0
2024-08-15 14:42:00,105.4099,105.4099,105.17,105.365,104242.0
2024-08-15 14:44:00,105.3795,105.53,105.3275,105.5,113606.0
2024-08-15 14:46:00,105.49,105.64,105.41,105.62,107604.0
2024-08-15 14:48:00,105.6,105.75,105.49,105.5912,145124.0
2024-08-15 14:50:00,105.6,105.66,105.39,105.5099,117150.0
2024-08-15 14:52:00,105.4934,105.55,105.34,105.5166,118461.0
2024-08-15 14:54:00,105.536,105.7,105.51,105.63,105500.0
2024-08-15 14:56:00,105.625,105.63,105.3101,105.41,126376.0
2024-08-15 14:58:00,105.41,105.72,105.37,105.6874,102873.0
2024-08-15 15:00:00,105.67,105.8569,105.6,105.77,92275.0
2024-08-15 15:02:00,105.77,105.9,105.58,105.5802,113497.0
2024-08-15 15:04:00,105.595,105.78,105.595,105.68,82320.0
2024-08-15 15:06:00,105.69,105.8,105.64,105.715,55245.0
2024-08-15 15:08:00,105.7123,105.89,105.63,105.775,98137.0
2024-08-15 15:10:00,105.76,105.94,105.66,105.775,116943.0
2024-08-15 15:12:00,105.78,106.01,105.7301,105.89,134623.0
2024-08-15 15:14:00,105.9,106.0699,105.8201,106.045,87495.0
2024-08-15 15:16:00,106.03,106.08,105.8391,105.89,98789.0
2024-08-15 15:18:00,105.885,105.93,105.76,105.87,115197.0
2024-08-15 15:20:00,105.84,105.93,105.75,105.82,79165.0
2024-08-15 15:22:00,105.81,105.9995,105.775,105.965,102782.0
2024-08-15 15:24:00,105.97,106.066,105.9423,106.04,92487.0
2024-08-15 15:26:00,106.04,106.23,106.02,106.075,104680.0
2024-08-15 15:28:00,106.075,106.1,105.93,106.04,87004.0
2024-08-15 15:30:00,106.03,106.1996,105.88,106.12,166301.0
2024-08-15 15:32:00,106.11,106.25,106.07,106.23,93923.0
2024-08-15 15:34:00,106.24,106.25,106.06,106.18,97414.0
2024-08-15 15:36:00,106.17,106.44,106.15,106.44,105247.0
2024-08-15 15:38:00,106.44,106.6,106.4208,106.5879,183655.0
2024-08-15 15:40:00,106.6,106.7199,106.51,106.64,118298.0
2024-08-15 15:42:00,106.63,106.8499,106.62,106.75,137926.0
2024-08-15 15:44:00,106.75,107.0399,106.74,106.94,174135.0
2024-08-15 15:46:00,106.92,106.92,106.65,106.6799,143144.0
2024-08-15 15:48:00,106.6607,106.845,106.66,106.825,90861.0
2024-08-15 15:50:00,106.82,106.83,106.64,106.739,124347.0
2024-08-15 15:52:00,106.74,106.7899,106.6301,106.76,64273.0
2024-08-15 15:54:00,106.765,107.005,106.765,106.9798,92460.0
2024-08-15 15:56:00,106.97,107.03,106.86,106.9001,81761.0
2024-08-15 15:58:00,106.9,106.97,106.84,106.87,67536.0
2024-08-15 16:00:00,106.88,106.9,106.76,106.89,50946.0
2024-08-15 16:02:00,106.87,106.96,106.816,106.93,54023.0
2024-08-15 16:04:00,106.93,106.93,106.66,106.69,72297.0
2024-08-15 16:06:00,106.705,106.825,106.6702,106.8157,56987.0
2024-08-15 16:08:00,106.79,106.97,106.76,106.94,50628.0
2024-08-15 16:10:00,106.93,107.0,106.89,106.95,75613.0
2024-08-15 16:12:00,106.94,107.03,106.93,106.935,62405.0
2024-08-15 16:14:00,106.9428,107.005,106.87,106.9599,52192.0
2024-08-15 16:16:00,106.93,107.14,106.89,107.04,67757.0
2024-08-15 16:18:00,107.04,107.17,106.9749,107.0,100664.0
2024-08-15 16:20:00,107.0,107.21,106.97,107.15,66493.0
2024-08-15 16:22:00,107.15,107.23,107.1201,107.2,86781.0
2024-08-15 16:24:00,107.2,107.28,107.15,107.19,93069.0
2024-08-15 16:26:00,107.1808,107.23,107.094,107.14,93590.0
2024-08-15 16:28:00,107.14,107.28,107.12,107.28,84071.0
2024-08-15 16:30:00,107.27,107.28,107.07,107.1071,103983.0
2024-08-15 16:32:00,107.1,107.15,106.98,107.04,94602.0
2024-08-15 16:34:00,107.05,107.23,107.0161,107.23,73096.0
2024-08-15 16:36:00,107.21,107.4,107.2,107.38,88146.0
2024-08-15 16:38:00,107.38,107.38,107.18,107.2143,62496.0
2024-08-15 16:40:00,107.22,107.2599,106.89,106.93,118832.0
2024-08-15 16:42:00,106.92,107.15,106.9,107.13,88681.0
2024-08-15 16:44:00,107.13,107.17,107.08,107.15,61878.0
2024-08-15 16:46:00,107.145,107.145,106.76,106.88,114123.0
2024-08-15 16:48:00,106.8853,106.8853,106.6603,106.82,82803.0
2024-08-15 16:50:00,106.82,106.98,106.81,106.9539,63013.0
2024-08-15 16:52:00,106.935,107.03,106.92,107.01,50117.0
2024-08-15 16:54:00,107.015,107.11,106.96,107.03,53693.0
2024-08-15 16:56:00,107.02,107.09,106.945,107.09,45580.0
2024-08-15 16:58:00,107.085,107.1,106.97,107.1,45272.0
2024-08-15 17:00:00,107.09,107.09,106.82,106.85,51786.0
2024-08-15 17:02:00,106.8401,107.0,106.84,106.97,50650.0
2024-08-15 17:04:00,106.96,107.0399,106.9295,107.0,52432.0
2024-08-15 17:06:00,106.98,107.1,106.86,106.88,59137.0
2024-08-15 17:08:00,106.86,106.915,106.82,106.83,45207.0
2024-08-15 17:10:00,106.85,106.96,106.82,106.935,63309.0
2024-08-15 17:12:00,106.93,107.01,106.79,106.99,48042.0
2024-08-15 17:14:00,106.975,107.0,106.91,106.97,41083.0
2024-08-15 17:16:00,106.9523,107.06,106.93,106.968,34797.0
2024-08-15 17:18:00,106.9699,107.0,106.84,106.945,49649.0
2024-08-15 17:20:00,106.93,107.09,106.8746,107.08,43065.0
2024-08-15 17:22:00,107.0996,107.18,107.01,107.0997,59426.0
2024-08-15 17:24:00,107.1,107.14,107.03,107.05,45033.0
2024-08-15 17:26:00,107.05,107.23,107.0,107.19,56484.0
2024-08-15 17:28:00,107.19,107.3,107.1401,107.18,100991.0
2024-08-15 17:30:00,107.19,107.37,107.19,107.34,67345.0
2024-08-15 17:32:00,107.34,107.42,107.3,107.38,65672.0
2024-08-15 17:34:00,107.4,107.48,107.335,107.37,101902.0
2024-08-15 17:36:00,107.38,107.5,107.3707,107.48,77319.0
2024-08-15 17:38:00,107.47,107.5,107.4,107.47,91584.0
2024-08-15 17:40:00,107.47,107.48,107.4,107.43,69575.0
2024-08-15 17:42:00,107.43,107.6499,107.42,107.55,86430.0
2024-08-15 17:44:00,107.54,107.75,107.48,107.7,73040.0
2024-08-15 17:46:00,107.7099,107.8254,107.6028,107.79,71952.0
2024-08-15 17:48:00,107.77,107.88,107.77,107.85,69188.0
2024-08-15 17:50:00,107.85,107.88,107.78,107.83,122699.0
2024-08-15 17:52:00,107.84,107.93,107.7901,107.7901,105335.0
2024-08-15 17:54:00,107.8,107.8089,107.67,107.785,84209.0
2024-08-15 17:56:00,107.79,107.8679,107.75,107.83,50543.0
2024-08-15 17:58:00,107.83,107.905,107.775,107.835,64145.0
2024-08-15 18:00:00,107.84,107.91,107.75,107.865,51247.0
2024-08-15 18:02:00,107.9,108.0483,107.9,107.9735,105334.0
2024-08-15 18:04:00,107.98,108.0,107.9,107.9,78510.0
2024-08-15 18:06:00,107.9,107.99,107.8265,107.99,46971.0
2024-08-15 18:08:00,107.985,107.985,107.92,107.94,62022.0
2024-08-15 18:10:00,107.94,107.9696,107.84,107.96,54546.0
2024-08-15 18:12:00,107.9568,107.97,107.85,107.93,59191.0
2024-08-15 18:14:00,107.9352,107.998,107.69,107.8199,78482.0
2024-08-15 18:16:00,107.8,107.8,107.62,107.73,57563.0
2024-08-15 18:18:00,107.735,107.88,107.72,107.88,50717.0
2024-08-15 18:20:00,107.865,107.9099,107.77,107.84,48972.0
2024-08-15 18:22:00,107.85,107.855,107.72,107.81,57218.0
2024-08-15 18:24:00,107.81,107.85,107.72,107.81,37479.0
2024-08-15 18:26:00,107.81,107.8208,107.72,107.785,59436.0
2024-08-15 18:28:00,107.79,107.84,107.58,107.59,80845.0
2024-08-15 18:30:00,107.56,107.6099,107.44,107.44,83938.0
2024-08-15 18:32:00,107.46,107.66,107.42,107.635,103608.0
2024-08-15 18:34:00,107.62,107.7199,107.54,107.655,58953.0
2024-08-15 18:36:00,107.65,107.66,107.45,107.5,53744.0
2024-08-15 18:38:00,107.48,107.56,107.435,107.5372,59851.0
2024-08-15 18:40:00,107.54,107.55,107.35,107.38,58265.0
2024-08-15 18:42:00,107.4199,107.51,107.35,107.47,69699.0
2024-08-15 18:44:00,107.46,107.58,107.42,107.575,46216.0
2024-08-15 18:46:00,107.57,107.66,107.53,107.55,77787.0
2024-08-15 18:48:00,107.53,107.57,107.44,107.47,53955.0
2024-08-15 18:50:00,107.48,107.49,107.32,107.415,67057.0
2024-08-15 18:52:00,107.41,107.48,107.38,107.4138,61796.0
2024-08-15 18:54:00,107.42,107.55,107.41,107.46,73398.0
2024-08-15 18:56:00,107.45,107.47,107.33,107.33,48394.0
2024-08-15 18:58:00,107.32,107.42,107.25,107.41,105036.0
2024-08-15 19:00:00,107.39,107.39,107.15,107.185,81990.0
2024-08-15 19:02:00,107.2,107.26,107.13,107.17,64003.0
2024-08-15 19:04:00,107.17,107.2,107.05,107.11,85661.0
2024-08-15 19:06:00,107.12,107.2,107.035,107.04,77933.0
2024-08-15 19:08:00,107.045,107.35,107.0405,107.29,100314.0
2024-08-15 19:10:00,107.29,107.299,107.09,107.15,54944.0
2024-08-15 19:12:00,107.14,107.23,107.05,107.185,57759.0
2024-08-15 19:14:00,107.17,107.21,107.07,107.162,102690.0
2024-08-15 19:16:00,107.18,107.21,107.0873,107.17,79699.0
2024-08-15 19:18:00,107.18,107.33,107.15,107.24,117368.0
2024-08-15 19:20:00,107.25,107.29,107.18,107.22,65790.0
2024-08-15 19:22:00,107.22,107.28,107.104,107.25,48415.0
2024-08-15 19:24:00,107.25,107.4,107.23,107.3897,58577.0
2024-08-15 19:26:00,107.3781,107.38,107.19,107.25,82174.0
2024-08-15 19:28:00,107.26,107.37,107.24,107.33,90401.0
2024-08-15 19:30:00,107.31,107.55,107.28,107.518,127665.0
2024-08-15 19:32:00,107.51,107.55,107.295,107.3104,147755.0
2024-08-15 19:34:00,107.32,107.47,107.32,107.4,81760.0
2024-08-15 19:36:00,107.42,107.52,107.38,107.52,70368.0
2024-08-15 19:38:00,107.52,107.56,107.38,107.445,101942.0
2024-08-15 19:40:00,107.45,107.63,107.36,107.6027,106788.0
2024-08-15 19:42:00,107.6021,107.83,107.602,107.79,121614.0
2024-08-15 19:44:00,107.8,107.86,107.59,107.62,134850.0
2024-08-15 19:46:00,107.62,107.66,107.512,107.57,117930.0
2024-08-15 19:48:00,107.575,107.73,107.55,107.665,110237.0
2024-08-15 19:50:00,107.66,107.66,107.38,107.4131,254356.0
2024-08-15 19:52:00,107.41,107.43,107.161,107.161,215767.0
2024-08-15 19:54:00,107.16,107.25,106.65,106.6901,400046.0
2024-08-15 19:56:00,106.6985,106.93,106.67,106.765,388616.0
2024-08-15 19:58:00,106.76,107.0,106.66,106.96,637438.0
2024-08-15 20:00:00,106.95,107.06,106.89,106.95,209398.0
2024-08-15 20:02:00,106.95,107.0,106.95,106.95,3409.0
2024-08-15 20:04:00,106.95,106.99,106.95,106.99,11695.0
2024-08-15 20:06:00,107.0,107.09,106.95,107.09,4715.0
2024-08-15 20:08:00,107.13,107.13,107.0414,107.0414,425.0
2024-08-15 20:10:00,107.04,107.14,107.04,107.14,2524.0
2024-08-15 20:12:00,107.15,107.15,107.09,107.09,1033.0
2024-08-15 20:14:00,107.11,107.11,107.05,107.05,430.0
2024-08-15 20:16:00,107.06,107.09,107.06,107.09,416.0
2024-08-15 20:18:00,107.06,107.06,107.01,107.01,672.0
2024-08-15 20:20:00,107.0101,107.14,107.0101,107.14,888.0
2024-08-15 20:22:00,107.14,107.14,107.0,107.03,2166.0
2024-08-15 20:24:00,107.03,107.03,107.03,107.03,366.0
2024-08-15 20:26:00,107.1396,107.15,107.1,107.1,5410.0
2024-08-15 20:28:00,107.1,107.16,107.1,107.15,1803.0
2024-08-15 20:30:00,107.11,107.15,107.1,107.1,1782.0
2024-08-15 20:32:00,107.1599,107.1599,107.1599,107.1599,250.0
2024-08-15 20:34:00,107.15,107.2,107.15,107.2,3238.0
2024-08-15 20:36:00,107.13,107.13,107.13,107.13,697.0
2024-08-15 20:38:00,107.15,107.15,107.15,107.15,367.0
2024-08-15 20:40:00,107.18,107.18,107.18,107.18,139.0
2024-08-15 20:42:00,107.17,107.18,107.17,107.1799,608.0
2024-08-15 20:44:00,107.18,107.18,107.16,107.18,949.0
2024-08-15 20:46:00,107.18,107.18,107.16,107.16,1489.0
2024-08-15 20:48:00,107.18,107.18,107.15,107.15,749.0
2024-08-15 20:52:00,107.1049,107.18,107.1049,107.18,700.0
2024-08-15 20:54:00,107.1027,107.16,107.1027,107.16,210.0
2024-08-15 20:56:00,107.16,107.16,107.09,107.09,1182.0
2024-08-15 20:58:00,107.16,107.16,107.11,107.11,2325.0
2024-08-15 21:00:00,107.13,107.18,107.13,107.18,1502.0
2024-08-15 21:02:00,107.16,107.16,107.16,107.16,362.0
2024-08-15 21:04:00,107.1,107.1,106.95,106.95,42102.0
2024-08-15 21:06:00,107.11,107.11,107.08,107.09,1356.0
2024-08-15 21:08:00,107.14,107.16,107.08,107.08,1736.0
2024-08-15 21:10:00,107.05,107.05,107.045,107.05,4342.0
2024-08-15 21:12:00,107.0419,107.08,107.04,107.05,2829.0
2024-08-15 21:14:00,107.07,107.07,106.95,107.05,5814.0
2024-08-15 21:16:00,107.05,107.07,107.05,107.05,5362.0
2024-08-15 21:18:00,107.07,107.07,107.06,107.06,635.0
2024-08-15 21:20:00,107.09,107.16,107.04,107.04,5485.0
2024-08-15 21:22:00,106.95,107.02,106.95,107.01,1067915.0
2024-08-15 21:24:00,107.0,107.06,107.0,107.01,1014.0
2024-08-15 21:26:00,107.01,107.02,107.01,107.02,1069.0
2024-08-15 21:28:00,107.01,107.01,107.01,107.01,352.0
2024-08-15 21:32:00,107.03,107.03,106.95,106.95,1389.0
2024-08-15 21:38:00,106.8,106.85,106.8,106.85,790.0
2024-08-15 21:40:00,106.8488,106.8488,106.83,106.83,314.0
2024-08-15 21:42:00,106.8007,106.8007,106.79,106.79,1407.0
2024-08-15 21:44:00,106.8,106.8,106.8,106.8,454.0
2024-08-15 21:48:00,106.7999,106.7999,106.78,106.78,573.0
2024-08-15 21:50:00,106.77,106.77,106.77,106.77,175.0
2024-08-15 21:52:00,106.8,106.81,106.76,106.76,2065.0
2024-08-15 21:54:00,106.76,106.8,106.76,106.8,5954.0
2024-08-15 21:56:00,106.78,106.8,106.7525,106.7525,2588.0
2024-08-15 21:58:00,106.8,106.8,106.8,106.8,4076.0
2024-08-15 22:00:00,106.75,106.75,106.68,106.68,3498.0
2024-08-15 22:02:00,106.69,106.69,106.69,106.69,100.0
2024-08-15 22:04:00,106.85,106.9,106.82,106.89,2937.0
2024-08-15 22:08:00,106.87,106.87,106.87,106.87,114.0
2024-08-15 22:12:00,106.87,106.87,106.85,106.85,400.0
2024-08-15 22:14:00,106.82,106.82,106.81,106.81,264.0
2024-08-15 22:16:00,106.84,106.84,106.84,106.84,417.0
2024-08-15 22:20:00,106.8999,106.8999,106.87,106.88,1413.0
2024-08-15 22:22:00,106.8995,106.9,106.8995,106.9,1106.0
2024-08-15 22:24:00,106.87,106.9,106.87,106.9,757.0
2024-08-15 22:26:00,106.88,106.88,106.88,106.88,635.0
2024-08-15 22:28:00,106.9,106.9,106.9,106.9,1260.0
2024-08-15 22:30:00,106.9476,106.95,106.93,106.95,891.0
2024-08-15 22:32:00,107.0,107.0,107.0,107.0,154.0
2024-08-15 22:34:00,106.95,106.95,106.95,106.95,449.0
2024-08-15 22:36:00,106.99,106.99,106.96,106.99,1418.0
2024-08-15 22:38:00,106.95,106.99,106.95,106.9899,1766.0
2024-08-15 22:40:00,106.97,106.97,106.93,106.93,697.0
2024-08-15 22:46:00,106.98,107.1228,106.98,107.1228,1215.0
2024-08-15 22:48:00,107.03,107.14,107.03,107.14,1693.0
2024-08-15 22:50:00,107.1,107.14,107.0251,107.14,614.0
2024-08-15 22:54:00,107.14,107.14,107.14,107.14,911.0
2024-08-15 22:56:00,107.1598,107.1598,107.1598,107.1598,140.0
2024-08-15 22:58:00,107.16,107.16,107.16,107.16,329.0
2024-08-15 23:00:00,107.14,107.14,107.14,107.14,385.0
2024-08-15 23:02:00,107.12,107.18,107.12,107.18,534.0
2024-08-15 23:04:00,107.15,107.15,107.15,107.15,403.0
2024-08-15 23:06:00,107.15,107.19,107.15,107.19,2378.0
2024-08-15 23:08:00,107.3,107.32,107.3,107.32,974.0
2024-08-15 23:10:00,107.397,107.397,107.397,107.397,102.0
2024-08-15 23:14:00,107.62,107.62,107.6,107.6,865.0
2024-08-15 23:20:00,107.65,107.65,107.6377,107.6377,850.0
2024-08-15 23:22:00,107.65,107.65,107.65,107.65,589.0
2024-08-15 23:24:00,107.6482,107.66,107.63,107.65,2000.0
2024-08-15 23:26:00,107.79,107.79,107.7895,107.7895,436.0
2024-08-15 23:32:00,107.7,107.7,107.7,107.7,621.0
2024-08-15 23:34:00,107.7,107.7,107.7,107.7,258.0
2024-08-15 23:36:00,107.7,107.7,107.7,107.7,289.0
2024-08-15 23:38:00,107.85,107.85,107.7493,107.7493,1199.0
2024-08-15 23:40:00,107.75,107.75,107.5,107.5,1074.0
2024-08-15 23:44:00,107.6,107.69,107.6,107.69,1345.0
2024-08-15 23:46:00,107.7,107.87,107.7,107.87,5481.0
2024-08-15 23:48:00,107.75,107.75,107.74,107.75,673.0
2024-08-15 23:50:00,107.84,107.87,107.84,107.85,3080.0
2024-08-15 23:52:00,107.85,107.85,107.75,107.75,3413.0
2024-08-15 23:54:00,107.76,107.83,107.76,107.83,1020.0
2024-08-15 23:56:00,107.8,107.84,107.77,107.8,2910.0
2024-08-15 23:58:00,107.81,107.81,107.75,107.78,2833.0
2024-08-16 08:00:00,108.0,108.0,107.78,107.78,872.0
2024-08-16 08:02:00,107.87,108.15,107.82,108.15,6464.0
2024-08-16 08:04:00,108.18,108.38,108.18,108.38,2225.0
2024-08-16 08:06:00,108.35,108.35,108.33,108.34,747.0
2024-08-16 08:08:00,108.3,108.38,108.3,108.33,2201.0
2024-08-16 08:10:00,108.0,108.0,107.98,107.98,1541.0
2024-08-16 08:12:00,108.15,108.15,108.15,108.15,331.0
2024-08-16 08:14:00,108.0,108.0,107.87,107.87,2369.0
2024-08-16 08:16:00,107.98,107.99,107.98,107.99,493.0
2024-08-16 08:18:00,107.99,108.03,107.99,108.02,2601.0
2024-08-16 08:20:00,108.01,108.02,107.93,107.98,1628.0
2024-08-16 08:22:00,108.1,108.1,107.82,107.82,2728.0
2024-08-16 08:24:00,107.84,107.95,107.78,107.95,2586.0
2024-08-16 08:26:00,107.89,107.9,107.82,107.82,874.0
2024-08-16 08:28:00,107.87,107.87,107.87,107.87,147.0
2024-08-16 08:30:00,107.82,107.82,107.8,107.8,744.0
2024-08-16 08:32:00,107.9,107.9,107.9,107.9,428.0
2024-08-16 08:34:00,107.8,107.8,107.8,107.8,576.0
2024-08-16 08:38:00,107.9,107.9,107.9,107.9,234.0
2024-08-16 08:40:00,107.85,107.85,107.81,107.81,2200.0
2024-08-16 08:42:00,107.72,107.72,107.68,107.69,3320.0
2024-08-16 08:46:00,107.8,107.93,107.8,107.93,6176.0
2024-08-16 08:56:00,108.18,108.3,108.18,108.25,5250.0
2024-08-16 08:58:00,108.2,108.3,108.2,108.26,1674.0
2024-08-16 09:00:00,108.3,108.35,108.3,108.35,2230.0
2024-08-16 09:02:00,108.4,108.4,108.39,108.39,1251.0
2024-08-16 09:04:00,108.4,108.4,108.4,108.4,273.0
2024-08-16 09:08:00,108.53,108.54,108.53,108.54,1442.0
2024-08-16 09:10:00,108.5,108.51,108.46,108.49,2502.0
2024-08-16 09:12:00,108.49,108.51,108.49,108.51,444.0
2024-08-16 09:14:00,108.44,108.44,108.44,108.44,251.0
2024-08-16 09:16:00,108.42,108.43,108.42,108.43,1161.0
2024-08-16 09:18:00,108.41,108.41,108.4,108.41,1308.0
2024-08-16 09:20:00,108.46,108.46,108.4,108.4,1321.0
2024-08-16 09:22:00,108.4,109.24,108.4,108.65,8490.0
2024-08-16 09:24:00,108.72,108.85,108.72,108.85,1033.0
2024-08-16 09:26:00,109.1,109.15,109.09,109.09,1919.0
2024-08-16 09:28:00,109.12,109.14,109.08,109.08,3162.0
2024-08-16 09:30:00,109.08,109.08,109.0,109.0,3583.0
2024-08-16 09:32:00,109.05,109.05,109.05,109.05,397.0
2024-08-16 09:34:00,109.12,109.12,109.12,109.12,130.0
2024-08-16 09:36:00,109.13,109.15,109.13,109.13,3524.0
2024-08-16 09:38:00,109.12,109.12,109.12,109.12,209.0
2024-08-16 09:40:00,109.12,109.13,109.12,109.13,442.0
2024-08-16 09:42:00,109.15,109.15,109.1,109.1,778.0
2024-08-16 09:44:00,109.12,109.12,109.12,109.12,128.0
2024-08-16 09:46:00,109.2,109.2,109.2,109.2,1883.0
2024-08-16 09:48:00,109.19,109.19,109.19,109.19,591.0
2024-08-16 09:52:00,109.03,109.03,108.86,108.87,2547.0
2024-08-16 09:54:00,108.85,108.85,108.69,108.69,2675.0
2024-08-16 09:56:00,108.85,109.0,108.85,109.0,1234.0
2024-08-16 09:58:00,109.12,109.12,109.12,109.12,112.0
2024-08-16 10:00:00,108.95,108.95,108.95,108.95,1308.0
2024-08-16 10:02:00,108.8,108.8,108.68,108.68,1235.0
2024-08-16 10:04:00,108.55,108.55,108.55,108.55,1003.0
2024-08-16 10:06:00,108.65,108.67,108.65,108.67,466.0
2024-08-16 10:08:00,108.65,108.65,108.65,108.65,390.0
2024-08-16 10:10:00,108.67,108.77,108.67,108.77,651.0
2024-08-16 10:12:00,108.73,108.77,108.53,108.59,3059.0
2024-08-16 10:14:00,108.5,108.5,108.31,108.31,5544.0
2024-08-16 10:16:00,108.28,108.31,108.22,108.31,1575.0
2024-08-16 10:20:00,108.59,108.6,108.59,108.59,1759.0
2024-08-16 10:22:00,108.58,108.58,108.58,108.58,479.0
2024-08-16 10:26:00,108.5,108.5,108.49,108.49,611.0
2024-08-16 10:28:00,108.5,108.5,108.49,108.5,2387.0
2024-08-16 10:32:00,108.44,108.45,108.2,108.2,2492.0
2024-08-16 10:34:00,108.17,108.17,108.15,108.15,766.0
2024-08-16 10:36:00,108.14,108.2,108.09,108.09,4006.0
2024-08-16 10:38:00,108.07,108.2,108.01,108.01,4260.0
2024-08-16 10:42:00,108.1,108.16,108.1,108.16,2164.0
2024-08-16 10:44:00,108.22,108.22,108.22,108.22,181.0
2024-08-16 10:46:00,108.2,108.2,108.2,108.2,927.0
2024-08-16 10:48:00,108.23,108.23,108.23,108.23,576.0
2024-08-16 10:50:00,108.22,108.22,108.2,108.2,2595.0
2024-08-16 10:56:00,108.29,108.3,108.29,108.3,1204.0
2024-08-16 11:00:00,108.45,108.69,108.4,108.65,9841.0
2024-08-16 11:02:00,108.59,108.7,108.45,108.45,9871.0
2024-08-16 11:04:00,108.43,108.5,108.43,108.5,3320.0
2024-08-16 11:06:00,108.58,108.6,108.5,108.6,4630.0
2024-08-16 11:08:00,108.5,108.5,108.4,108.4,5374.0
2024-08-16 11:10:00,108.49,108.55,108.49,108.55,800.0
2024-08-16 11:12:00,108.55,108.55,108.4,108.4,4715.0
2024-08-16 11:14:00,108.42,108.55,108.4,108.55,3800.0
2024-08-16 11:16:00,108.55,108.64,108.54,108.64,2575.0
2024-08-16 11:18:00,108.55,108.59,108.4,108.45,15274.0
2024-08-16 11:20:00,108.4,108.4,108.27,108.27,7194.0
2024-08-16 11:22:00,108.25,108.25,108.2,108.2,2175.0
2024-08-16 11:24:00,108.2,108.35,108.2,108.35,690.0
2024-08-16 11:26:00,108.31,108.31,108.3,108.3,921.0
2024-08-16 11:28:00,108.25,108.33,108.25,108.25,425.0
2024-08-16 11:30:00,108.25,108.25,107.63,107.72,17404.0
2024-08-16 11:32:00,107.7,107.89,107.52,107.88,32670.0
2024-08-16 11:34:00,107.88,108.09,107.82,108.09,9911.0
2024-08-16 11:36:00,108.15,108.15,107.99,107.99,1681.0
2024-08-16 11:38:00,108.1,108.17,108.1,108.17,649.0
2024-08-16 11:42:00,108.21,108.23,108.0,108.0,3973.0
2024-08-16 11:44:00,107.98,108.0,107.88,107.88,1691.0
2024-08-16 11:46:00,107.88,107.9,107.88,107.89,2670.0
2024-08-16 11:48:00,107.9,107.95,107.9,107.95,527.0
2024-08-16 11:50:00,107.9,107.91,107.9,107.9,1355.0
2024-08-16 11:52:00,107.8,107.8,107.75,107.75,797.0
2024-08-16 11:54:00,107.78,107.78,107.5,107.5,6038.0
2024-08-16 11:56:00,107.62,107.63,107.62,107.63,1063.0
2024-08-16 11:58:00,107.52,107.52,107.2,107.2,5715.0
2024-08-16 12:00:00,108.5,108.75,107.1508,107.45,77036.0
2024-08-16 12:02:00,107.36,107.4898,107.217,107.3,2875.0
2024-08-16 12:04:00,107.262,107.262,107.25,107.25,612.0
2024-08-16 12:06:00,107.26,107.4,107.2502,107.4,2715.0
2024-08-16 12:08:00,107.3,107.4,107.3,107.3,1971.0
2024-08-16 12:10:00,107.28,107.28,106.6003,106.66,25504.0
2024-08-16 12:12:00,106.6,106.73,106.5502,106.6,19970.0
2024-08-16 12:14:00,106.62,106.7,106.2111,106.45,14520.0
2024-08-16 12:16:00,106.239,106.75,106.239,106.662,7165.0
2024-08-16 12:18:00,106.65,106.65,106.43,106.5,9170.0
2024-08-16 12:20:00,106.44,106.6,106.4,106.5,7070.0
2024-08-16 12:22:00,106.61,106.74,106.5731,106.6,6844.0
2024-08-16 12:24:00,106.5476,106.5476,106.5476,106.5476,1005.0
2024-08-16 12:26:00,106.65,106.6985,106.51,106.51,3085.0
2024-08-16 12:28:00,106.55,106.7,106.55,106.7,7063.0
2024-08-16 12:30:00,106.6,106.65,106.05,106.05,8049.0
2024-08-16 12:32:00,106.07,106.12,106.0,106.04,14226.0
2024-08-16 12:34:00,106.02,106.29,106.02,106.2,13186.0
2024-08-16 12:36:00,106.24,106.25,106.06,106.1,9614.0
2024-08-16 12:38:00,106.04,106.05,105.76,105.7798,129368.0
2024-08-16 12:40:00,105.93,106.14,105.78,106.14,15694.0
2024-08-16 12:42:00,106.1599,106.16,106.0,106.0,6072.0
2024-08-16 12:44:00,106.0004,106.05,105.94,105.94,3820.0
2024-08-16 12:46:00,105.98,106.1,105.98,106.01,6986.0
2024-08-16 12:48:00,106.0995,106.1,105.905,106.09,14904.0
2024-08-16 12:50:00,106.01,106.02,105.9203,105.9203,5922.0
2024-08-16 12:52:00,106.0,106.03,106.0,106.0,3382.0
2024-08-16 12:54:00,106.0,106.2,105.97,106.101,6067.0
2024-08-16 12:56:00,106.1,106.22,106.06,106.2,11076.0
2024-08-16 12:58:00,106.258,106.563,106.258,106.4,3238.0
2024-08-16 13:00:00,106.36,106.4999,106.2,106.4999,5706.0
2024-08-16 13:02:00,106.49,106.5,106.4,106.5,5384.0
2024-08-16 13:04:00,106.5,106.5,106.25,106.26,5505.0
2024-08-16 13:06:00,106.26,106.26,106.16,106.2,9099.0
2024-08-16 13:08:00,106.19,106.49,106.18,106.42,22549.0
2024-08-16 13:10:00,106.41,106.42,106.33,106.33,2981.0
2024-08-16 13:12:00,106.35,106.42,106.33,106.33,3436.0
2024-08-16 13:14:00,106.34,106.68,106.34,106.58,4727.0
2024-08-16 13:16:00,106.5,106.5988,106.5,106.5988,5727.0
2024-08-16 13:18:00,106.59,106.6,106.48,106.55,5828.0
2024-08-16 13:20:00,106.55,106.6793,106.48,106.48,5835.0
2024-08-16 13:22:00,106.4,106.52,106.31,106.34,3388.0
2024-08-16 13:24:00,106.35,106.49,106.0,106.3309,16718.0
2024-08-16 13:26:00,106.49,106.7,106.42,106.62,4963.0
2024-08-16 13:28:00,106.9,107.17,106.72,106.92,24615.0
2024-08-16 13:30:00,106.83,107.0,105.35,106.23,1117986.0
2024-08-16 13:32:00,106.3,107.1,106.235,106.9805,187582.0
2024-08-16 13:34:00,106.94,107.32,106.7,107.1,207118.0
2024-08-16 13:36:00,107.11,107.4,106.57,106.8,157501.0
2024-08-16 13:38:00,106.78,107.42,106.78,107.338,171510.0
2024-08-16 13:40:00,107.34,107.7443,107.2101,107.3586,252960.0
2024-08-16 13:42:00,107.36,107.62,107.16,107.2,210051.0
2024-08-16 13:44:00,107.175,107.2411,106.9194,106.99,139579.0
2024-08-16 13:46:00,106.98,107.3,106.88,107.0971,140148.0
2024-08-16 13:48:00,107.05,107.1829,106.77,107.155,150838.0
2024-08-16 13:50:00,107.18,107.32,106.94,107.29,151680.0
2024-08-16 13:52:00,107.265,107.69,107.14,107.555,174181.0
2024-08-16 13:54:00,107.57,107.7792,107.46,107.675,156494.0
2024-08-16 13:56:00,107.65,107.898,107.55,107.6,129594.0
2024-08-16 13:58:00,107.62,107.7977,107.3801,107.75,91620.0
2024-08-16 14:00:00,107.68,107.8273,107.55,107.67,108217.0
2024-08-16 14:02:00,107.68,107.94,107.5523,107.91,92473.0
2024-08-16 14:04:00,107.905,108.23,107.8,108.2,141441.0
2024-08-16 14:06:00,108.2,108.37,108.1385,108.26,180502.0
2024-08-16 14:08:00,108.28,108.33,108.14,108.28,108446.0
2024-08-16 14:10:00,108.29,108.57,108.15,108.5085,133780.0
2024-08-16 14:12:00,108.53,108.595,108.36,108.5548,96441.0
2024-08-16 14:14:00,108.57,108.75,108.46,108.7,198188.0
2024-08-16 14:16:00,108.67,108.836,108.611,108.81,117636.0
2024-08-16 14:18:00,108.792,108.99,108.68,108.93,146627.0
2024-08-16 14:20:00,108.92,108.97,108.67,108.75,153297.0
2024-08-16 14:22:00,108.74,108.98,108.7,108.925,194346.0
2024-08-16 14:24:00,108.9371,108.95,108.54,108.67,138101.0
2024-08-16 14:26:00,108.69,108.78,108.5475,108.77,115453.0
2024-08-16 14:28:00,108.77,109.05,108.69,108.9555,151451.0
2024-08-16 14:30:00,108.9548,109.44,108.94,109.43,237167.0
2024-08-16 14:32:00,109.4299,109.47,108.85,108.88,293690.0
2024-08-16 14:34:00,108.919,109.06,108.65,108.71,205788.0
2024-08-16 14:36:00,108.69,108.73,108.42,108.45,150303.0
2024-08-16 14:38:00,108.46,108.47,108.16,108.24,163071.0
2024-08-16 14:40:00,108.24,108.35,107.5914,107.5914,209532.0
2024-08-16 14:42:00,107.58,107.765,107.4501,107.65,148197.0
2024-08-16 14:44:00,107.6699,107.6699,107.32,107.44,131862.0
2024-08-16 14:46:00,107.43,107.4301,107.04,107.0896,234658.0
2024-08-16 14:48:00,107.07,107.07,106.48,106.59,279146.0
2024-08-16 14:50:00,106.61,107.44,106.61,107.39,174550.0
2024-08-16 14:52:00,107.38,107.68,107.38,107.445,177762.0
2024-08-16 14:54:00,107.44,107.57,107.1803,107.44,120657.0
2024-08-16 14:56:00,107.47,107.62,107.401,107.53,64522.0
2024-08-16 14:58:00,107.53,107.66,107.35,107.54,84688.0
2024-08-16 15:00:00,107.535,107.68,107.46,107.56,51770.0
2024-08-16 15:02:00,107.55,107.63,107.38,107.52,87584.0
2024-08-16 15:04:00,107.53,107.6799,107.39,107.415,55847.0
2024-08-16 15:06:00,107.43,107.6,107.39,107.55,61997.0
2024-08-16 15:08:00,107.51,107.5833,107.36,107.48,61908.0
2024-08-16 15:10:00,107.5,107.5,107.22,107.22,87884.0
2024-08-16 15:12:00,107.24,107.245,106.92,107.17,131833.0
2024-08-16 15:14:00,107.2,107.24,106.95,107.04,65385.0
2024-08-16 15:16:00,107.035,107.05,106.76,106.86,80073.0
2024-08-16 15:18:00,106.87,106.89,106.64,106.81,132529.0
2024-08-16 15:20:00,106.8,106.81,106.6,106.67,103158.0
2024-08-16 15:22:00,106.66,106.85,106.62,106.65,75015.0
2024-08-16 15:24:00,106.68,106.8083,106.65,106.75,65801.0
2024-08-16 15:26:00,106.75,107.22,106.73,107.19,84067.0
2024-08-16 15:28:00,107.21,107.2999,107.12,107.17,65895.0
2024-08-16 15:30:00,107.175,107.3899,107.07,107.25,43585.0
2024-08-16 15:32:00,107.235,107.3052,107.14,107.18,37768.0
2024-08-16 15:34:00,107.17,107.3,107.1601,107.275,43255.0
2024-08-16 15:36:00,107.28,107.35,107.2009,107.32,70714.0
2024-08-16 15:38:00,107.3,107.395,107.28,107.35,50512.0
2024-08-16 15:40:00,107.3701,107.46,107.2922,107.31,42296.0
2024-08-16 15:42:00,107.32,107.41,107.26,107.4,39822.0
2024-08-16 15:44:00,107.42,107.43,107.28,107.37,34892.0
2024-08-16 15:46:00,107.4,107.4,107.165,107.24,40101.0
2024-08-16 15:48:00,107.245,107.25,107.02,107.055,38059.0
2024-08-16 15:50:00,107.06,107.08,106.8701,106.95,64591.0
2024-08-16 15:52:00,106.9302,107.17,106.911,107.16,132209.0
2024-08-16 15:54:00,107.13,107.25,107.08,107.2399,37502.0
2024-08-16 15:56:00,107.24,107.26,107.18,107.22,19774.0
2024-08-16 15:58:00,107.2,107.39,107.2,107.31,30081.0
2024-08-16 16:00:00,107.28,107.33,107.2,107.22,32620.0
2024-08-16 16:02:00,107.18,107.2399,107.11,107.17,29363.0
2024-08-16 16:04:00,107.17,107.24,107.145,107.22,18840.0
2024-08-16 16:06:00,107.22,107.39,107.2096,107.3101,28444.0
2024-08-16 16:08:00,107.31,107.7,107.28,107.6992,87342.0
2024-08-16 16:10:00,107.68,107.82,107.65,107.68,52242.0
2024-08-16 16:12:00,107.665,107.88,107.61,107.88,57493.0
2024-08-16 16:14:00,107.8324,107.8572,107.73,107.7897,41490.0
2024-08-16 16:16:00,107.79,107.7931,107.6201,107.6201,31667.0
2024-08-16 16:18:00,107.635,107.705,107.59,107.6,39808.0
2024-08-16 16:20:00,107.595,107.69,107.535,107.69,34476.0
2024-08-16 16:22:00,107.69,107.7,107.61,107.67,41735.0
2024-08-16 16:24:00,107.68,107.83,107.6601,107.685,79310.0
2024-08-16 16:26:00,107.66,107.78,107.58,107.735,42114.0
2024-08-16 16:28:00,107.71,107.91,107.7001,107.82,36875.0
2024-08-16 16:30:00,107.82,107.8599,107.72,107.77,36381.0
2024-08-16 16:32:00,107.765,107.91,107.765,107.9001,34803.0
2024-08-16 16:34:00,107.908,107.99,107.86,107.99,36507.0
2024-08-16 16:36:00,108.0,108.1205,107.985,108.05,42204.0
2024-08-16 16:38:00,108.0272,108.2,107.96,108.1887,84927.0
2024-08-16 16:40:00,108.17,108.1838,108.04,108.1143,79097.0
2024-08-16 16:42:00,108.12,108.12,107.955,107.9744,33818.0
2024-08-16 16:44:00,107.98,107.99,107.81,107.8605,37041.0
2024-08-16 16:46:00,107.85,107.95,107.85,107.87,24814.0
2024-08-16 16:48:00,107.88,107.9497,107.83,107.88,22532.0
2024-08-16 16:50:00,107.922,107.925,107.83,107.87,18918.0
2024-08-16 16:52:00,107.865,108.01,107.81,107.98,48321.0
2024-08-16 16:54:00,107.97,108.08,107.97,108.05,29322.0
2024-08-16 16:56:00,108.04,108.1711,108.04,108.17,40741.0
2024-08-16 16:58:00,108.2,108.29,108.155,108.17,56777.0
2024-08-16 17:00:00,108.18,108.23,107.99,108.0289,46117.0
2024-08-16 17:02:00,108.01,108.04,107.8997,108.0046,29443.0
2024-08-16 17:04:00,108.0,108.05,107.95,107.96,26742.0
2024-08-16 17:06:00,107.97,107.99,107.87,107.9027,25991.0
2024-08-16 17:08:00,107.93,107.97,107.87,107.96,55305.0
2024-08-16 17:10:00,107.97,108.054,107.95,107.969,26126.0
2024-08-16 17:12:00,107.96,108.0,107.92,108.0,17798.0
2024-08-16 17:14:00,107.99,107.99,107.82,107.84,38193.0
2024-08-16 17:16:00,107.8409,107.88,107.67,107.7,52923.0
2024-08-16 17:18:00,107.71,107.77,107.66,107.7,28900.0
2024-08-16 17:20:00,107.71,107.84,107.6957,107.7458,37787.0
2024-08-16 17:22:00,107.76,107.85,107.75,107.81,26896.0
2024-08-16 17:24:00,107.82,107.93,107.8195,107.8776,44943.0
2024-08-16 17:26:00,107.87,107.88,107.78,107.87,28189.0
2024-08-16 17:28:00,107.86,107.94,107.8,107.85,30395.0
2024-08-16 17:30:00,107.85,107.94,107.85,107.92,30339.0
2024-08-16 17:32:00,107.91,107.99,107.88,107.97,28761.0
2024-08-16 17:34:00,107.95,107.954,107.74,107.84,24647.0
2024-08-16 17:36:00,107.83,107.86,107.8,107.8495,14175.0
2024-08-16 17:38:00,107.8267,107.93,107.8267,107.9,26872.0
2024-08-16 17:40:00,107.86,107.96,107.78,107.78,40740.0
2024-08-16 17:42:00,107.77,107.9,107.77,107.89,27277.0
2024-08-16 17:44:00,107.88,107.97,107.86,107.89,25204.0
2024-08-16 17:46:00,107.88,107.905,107.77,107.78,23482.0
2024-08-16 17:48:00,107.79,107.86,107.784,107.84,25489.0
2024-08-16 17:50:00,107.83,107.84,107.59,107.68,56190.0
2024-08-16 17:52:00,107.71,107.71,107.59,107.62,25929.0
2024-08-16 17:54:00,107.63,107.78,107.5601,107.78,29042.0
2024-08-16 17:56:00,107.76,107.84,107.75,107.83,22155.0
2024-08-16 17:58:00,107.86,107.9,107.83,107.85,32933.0
2024-08-16 18:00:00,107.85,107.85,107.625,107.69,28207.0
2024-08-16 18:02:00,107.68,107.85,107.67,107.85,25271.0
2024-08-16 18:04:00,107.82,107.84,107.66,107.67,39909.0
2024-08-16 18:06:00,107.68,107.74,107.5,107.55,49725.0
2024-08-16 18:08:00,107.57,107.59,107.5,107.55,23146.0
2024-08-16 18:10:00,107.54,107.67,107.53,107.63,28510.0
2024-08-16 18:12:00,107.635,107.65,107.51,107.53,22782.0
2024-08-16 18:14:00,107.54,107.725,107.5339,107.72,31419.0
2024-08-16 18:16:00,107.71,107.83,107.7001,107.82,28198.0
2024-08-16 18:18:00,107.815,107.838,107.7001,107.8,27666.0
2024-08-16 18:20:00,107.82,107.82,107.68,107.745,15544.0
2024-08-16 18:22:00,107.75,107.77,107.7,107.75,16587.0
2024-08-16 18:24:00,107.76,107.88,107.73,107.8799,32513.0
2024-08-16 18:26:00,107.86,107.9032,107.83,107.89,23940.0
2024-08-16 18:28:00,107.89,107.99,107.84,107.98,37619.0
2024-08-16 18:30:00,107.985,108.0697,107.93,107.95,48685.0
2024-08-16 18:32:00,107.95,108.02,107.9276,107.981,39185.0
2024-08-16 18:34:00,107.9901,108.13,107.99,108.1,36253.0
2024-08-16 18:36:00,108.105,108.17,108.0606,108.0747,31471.0
2024-08-16 18:38:00,108.08,108.15,108.0271,108.08,31219.0
2024-08-16 18:40:00,108.09,108.1599,108.0456,108.14,26731.0
2024-08-16 18:42:00,108.14,108.14,108.0,108.08,56887.0
2024-08-16 18:44:00,108.08,108.09,108.01,108.03,38813.0
2024-08-16 18:46:00,108.03,108.07,108.005,108.04,21460.0
2024-08-16 18:48:00,108.06,108.13,107.982,108.07,33995.0
2024-08-16 18:50:00,108.09,108.1,107.97,107.99,23612.0
2024-08-16 18:52:00,107.98,108.045,107.95,108.03,39392.0
2024-08-16 18:54:00,108.03,108.1499,108.0201,108.125,34649.0
2024-08-16 18:56:00,108.125,108.1489,108.08,108.13,55598.0
2024-08-16 18:58:00,108.1399,108.19,108.09,108.145,27416.0
2024-08-16 19:00:00,108.1255,108.175,108.11,108.1655,25879.0
2024-08-16 19:02:00,108.16,108.18,108.14,108.16,37019.0
2024-08-16 19:04:00,108.155,108.155,108.05,108.07,33713.0
2024-08-16 19:06:00,108.07,108.13,107.9907,108.0013,40292.0
2024-08-16 19:08:00,108.0,108.05,107.93,107.95,47966.0
2024-08-16 19:10:00,107.92,107.992,107.8501,107.99,35604.0
2024-08-16 19:12:00,108.0,108.01,107.94,107.96,31418.0
2024-08-16 19:14:00,107.965,108.0,107.95,107.99,22746.0
2024-08-16 19:16:00,107.995,108.0,107.89,107.9102,36531.0
2024-08-16 19:18:00,107.91,107.98,107.8824,107.94,24343.0
2024-08-16 19:20:00,107.93,107.93,107.835,107.84,40578.0
2024-08-16 19:22:00,107.845,107.95,107.845,107.89,25765.0
2024-08-16 19:24:00,107.91,107.94,107.88,107.935,30827.0
2024-08-16 19:26:00,107.94,108.03,107.9,107.98,51421.0
2024-08-16 19:28:00,107.98,108.03,107.965,107.965,38487.0
2024-08-16 19:30:00,107.96,107.99,107.94,107.95,36003.0
2024-08-16 19:32:00,107.95,108.0042,107.89,107.917,37718.0
2024-08-16 19:34:00,107.915,107.955,107.9,107.91,33316.0
2024-08-16 19:36:00,107.9,107.94,107.89,107.8952,35382.0
2024-08-16 19:38:00,107.9,107.9,107.79,107.855,44382.0
2024-08-16 19:40:00,107.855,108.01,107.845,107.96,66864.0
2024-08-16 19:42:00,107.95,108.01,107.91,107.924,45300.0
2024-08-16 19:44:00,107.925,107.96,107.78,107.82,74039.0
2024-08-16 19:46:00,107.82,107.83,107.6634,107.75,76334.0
2024-08-16 19:48:00,107.7516,107.84,107.73,107.81,54624.0
2024-08-16 19:50:00,107.8,107.965,107.8,107.95,124044.0
2024-08-16 19:52:00,107.954,108.045,107.91,108.01,141220.0
2024-08-16 19:54:00,108.0,108.1,107.9001,108.065,167447.0
2024-08-16 19:56:00,108.07,108.16,108.04,108.04,217880.0
2024-08-16 19:58:00,108.045,108.05,107.96,108.02,483568.0
2024-08-16 20:00:00,107.99,108.14,107.9601,108.14,61874.0
2024-08-16 20:02:00,108.09,108.14,107.99,107.99,3467.0
2024-08-16 20:04:00,108.0,108.0,107.86,107.86,2086.0
2024-08-16 20:06:00,107.9,107.99,107.8,107.85,8180.0
2024-08-16 20:08:00,107.81,107.84,107.79,107.79,3033.0
2024-08-16 20:10:00,107.63,107.66,107.48,107.61,17155.0
2024-08-16 20:12:00,107.68,107.68,107.68,107.68,690.0
2024-08-16 20:16:00,107.71,107.71,107.7,107.7,1593.0
2024-08-16 20:18:00,107.74,107.74,107.74,107.74,674.0
2024-08-16 20:20:00,107.71,107.71,107.71,107.71,907.0
2024-08-16 20:22:00,107.74,107.74,107.74,107.74,1751.0
2024-08-16 20:28:00,107.87,107.87,107.756,107.756,585.0
2024-08-16 20:32:00,107.9,107.9,107.85,107.85,472.0
2024-08-16 20:38:00,107.8986,107.8986,107.8986,107.8986,200.0
2024-08-16 20:42:00,107.88,107.88,107.84,107.84,600.0
2024-08-16 20:44:00,107.88,107.88,107.88,107.88,205.0
2024-08-16 20:46:00,107.88,107.88,107.86,107.86,346.0
2024-08-16 20:48:00,107.9,107.9,107.9,107.9,1335.0
2024-08-16 20:50:00,107.91,107.93,107.91,107.93,1115.0
2024-08-16 20:52:00,107.9,107.99,107.9,107.9007,9630.0
2024-08-16 20:54:00,107.9002,107.9002,107.9002,107.9002,105.0
2024-08-16 21:02:00,107.91,107.91,107.91,107.91,515.0
2024-08-16 21:04:00,107.92,107.97,107.92,107.97,2552.0
2024-08-16 21:06:00,107.98,108.01,107.98,108.01,2270.0
2024-08-16 21:08:00,107.99,107.99,107.99,107.99,1040.0
2024-08-16 21:10:00,107.99,107.99,107.99,107.99,2652.0
2024-08-16 21:16:00,107.98,107.98,107.98,107.98,200.0
2024-08-16 21:20:00,107.91,107.91,107.91,107.91,150.0
2024-08-16 21:24:00,107.91,107.96,107.91,107.96,1275.0
2024-08-16 21:32:00,107.92,107.989,107.92,107.989,252.0
2024-08-16 21:42:00,107.9104,107.95,107.9104,107.95,700.0
2024-08-16 21:46:00,107.95,107.95,107.95,107.95,1545.0
2024-08-16 21:48:00,107.99,107.99,107.99,107.99,181.0
2024-08-16 21:50:00,107.99,107.99,107.99,107.99,123.0
2024-08-16 21:54:00,107.97,107.97,107.97,107.97,190.0
2024-08-16 21:58:00,108.0,108.0,108.0,108.0,1014.0
2024-08-16 22:00:00,107.91,107.91,107.91,107.91,108.0
2024-08-16 22:08:00,107.96,107.96,107.96,107.96,150.0
2024-08-16 22:12:00,107.9609,107.9609,107.9609,107.9609,146.0
2024-08-16 22:16:00,108.0,108.0,108.0,108.0,129.0
2024-08-16 22:18:00,108.04,108.04,108.04,108.04,805.0
2024-08-16 22:20:00,108.04,108.04,108.04,108.04,1034.0
2024-08-16 22:24:00,108.04,108.04,108.04,108.04,588.0
2024-08-16 22:26:00,108.08,108.11,108.08,108.11,7500.0
2024-08-16 22:30:00,108.15,108.15,108.15,108.15,278.0
2024-08-16 22:32:00,108.2,108.2,108.15,108.15,1552.0
2024-08-16 22:34:00,108.11,108.11,108.11,108.11,1078.0
2024-08-16 22:36:00,108.12,108.12,108.04,108.04,700.0
2024-08-16 22:42:00,108.05,108.05,108.05,108.05,235.0
2024-08-16 22:44:00,108.04,108.04,108.04,108.04,404.0
2024-08-16 22:46:00,108.0,108.01,108.0,108.0,492.0
2024-08-16 22:48:00,108.0,108.0,108.0,108.0,2007.0
2024-08-16 22:50:00,108.06,108.06,108.06,108.06,106.0
2024-08-16 22:54:00,107.91,108.01,107.91,108.01,1035.0
2024-08-16 22:56:00,107.9255,107.9255,107.9255,107.9255,139.0
2024-08-16 23:04:00,108.05,108.05,108.05,108.05,326.0
2024-08-16 23:08:00,108.0,108.0,108.0,108.0,273.0
2024-08-16 23:10:00,108.0,108.0,108.0,108.0,566.0
2024-08-16 23:14:00,108.01,108.01,108.01,108.01,178.0
2024-08-16 23:16:00,108.0,108.0,108.0,108.0,205.0
2024-08-16 23:18:00,108.0,108.0,108.0,108.0,777.0
2024-08-16 23:26:00,108.02,108.04,108.02,108.04,210.0
2024-08-16 23:32:00,108.04,108.04,108.04,108.04,267.0
2024-08-16 23:34:00,108.04,108.04,108.04,108.04,100.0
2024-08-16 23:36:00,107.9208,107.9208,107.9208,107.9208,513.0
2024-08-16 23:38:00,107.96,107.96,107.96,107.96,327.0
2024-08-16 23:40:00,107.98,107.98,107.98,107.98,320.0
2024-08-16 23:42:00,108.0,108.0,108.0,108.0,700.0
2024-08-16 23:44:00,108.0296,108.0296,108.0,108.0,415.0
2024-08-16 23:46:00,108.0,108.0,108.0,108.0,303.0
2024-08-16 23:48:00,107.99,107.99,107.99,107.99,200.0
2024-08-16 23:50:00,107.94,107.94,107.94,107.94,1004.0
2024-08-16 23:52:00,108.0,108.0,107.95,107.95,408.0
2024-08-16 23:54:00,107.95,107.95,107.9,107.9001,1322.0
2024-08-16 23:56:00,107.9,107.91,107.9,107.91,469.0
2024-08-16 23:58:00,107.95,107.95,107.95,107.95,181.0
2024-08-19 08:00:00,107.5,107.9,107.2,107.55,2953.0
2024-08-19 08:02:00,107.36,107.36,107.2,107.3,3870.0
2024-08-19 08:04:00,107.03,107.03,106.61,106.61,3209.0
2024-08-19 08:06:00,106.61,106.65,106.38,106.52,7017.0
2024-08-19 08:08:00,106.5,106.87,106.47,106.48,8475.0
2024-08-19 08:10:00,106.5,106.5,105.9,105.98,43929.0
2024-08-19 08:12:00,105.81,106.11,105.8,106.02,5300.0
2024-08-19 08:14:00,106.12,106.14,106.12,106.14,2161.0
2024-08-19 08:16:00,106.25,106.25,106.25,106.25,313.0
2024-08-19 08:18:00,106.25,106.35,106.21,106.21,1733.0
2024-08-19 08:20:00,106.3,106.3,106.3,106.3,310.0
2024-08-19 08:24:00,106.31,107.0,106.21,106.48,7068.0
2024-08-19 08:26:00,106.41,106.41,106.41,106.41,1025.0
2024-08-19 08:28:00,106.66,106.66,106.55,106.55,1226.0
2024-08-19 08:30:00,106.55,106.55,106.45,106.45,2813.0
2024-08-19 08:32:00,106.28,106.28,106.22,106.22,1147.0
2024-08-19 08:34:00,106.24,106.3,106.24,106.28,1953.0
2024-08-19 08:36:00,106.29,106.29,106.24,106.24,699.0
2024-08-19 08:40:00,106.21,106.21,106.2,106.2,1589.0
2024-08-19 08:44:00,106.19,106.19,106.12,106.12,483.0
2024-08-19 08:46:00,106.18,106.2,106.18,106.2,2432.0
2024-08-19 08:48:00,106.32,106.32,106.32,106.32,508.0
2024-08-19 08:50:00,106.15,106.15,106.15,106.15,468.0
2024-08-19 08:54:00,106.2,106.2,106.2,106.2,145.0
2024-08-19 08:56:00,106.21,106.21,106.17,106.17,291.0
2024-08-19 09:00:00,106.35,106.35,106.34,106.34,487.0
2024-08-19 09:02:00,106.34,106.34,106.34,106.34,885.0
2024-08-19 09:16:00,106.2,106.2,106.15,106.15,1326.0
2024-08-19 09:18:00,106.01,106.01,106.01,106.01,1255.0
2024-08-19 09:22:00,106.01,106.01,106.01,106.01,1830.0
2024-08-19 09:26:00,106.2,106.21,106.2,106.21,2300.0
2024-08-19 09:28:00,106.21,106.21,106.21,106.21,656.0
2024-08-19 09:30:00,106.1,106.1,106.0,106.05,8578.0
2024-08-19 09:32:00,106.05,106.05,105.96,106.02,13263.0
2024-08-19 09:34:00,106.02,106.02,105.96,105.97,1199.0
2024-08-19 09:36:00,105.96,106.02,105.95,105.98,3408.0
2024-08-19 09:38:00,105.98,105.98,105.98,105.98,291.0
2024-08-19 09:40:00,105.94,105.95,105.87,105.87,1859.0
2024-08-19 09:42:00,105.86,105.86,105.74,105.74,3998.0
2024-08-19 09:44:00,105.8,105.87,105.75,105.87,2078.0
2024-08-19 09:46:00,105.81,105.81,105.8,105.8,315.0
2024-08-19 09:48:00,105.78,105.79,105.73,105.73,1009.0
2024-08-19 09:50:00,105.73,105.79,105.7,105.79,2635.0
2024-08-19 09:52:00,105.77,105.89,105.77,105.85,1810.0
2024-08-19 09:54:00,105.88,105.97,105.88,105.97,1690.0
2024-08-19 10:00:00,106.08,106.1,106.08,106.1,729.0
2024-08-19 10:02:00,106.27,106.45,106.27,106.45,2564.0
2024-08-19 10:06:00,106.23,106.23,106.23,106.23,518.0
2024-08-19 10:08:00,106.45,106.47,106.45,106.45,1351.0
2024-08-19 10:12:00,106.46,106.5,106.46,106.5,1471.0
2024-08-19 10:14:00,106.53,106.54,106.5,106.54,1243.0
2024-08-19 10:16:00,106.51,106.51,106.5,106.5,1173.0
2024-08-19 10:18:00,106.32,106.32,106.31,106.31,481.0
2024-08-19 10:20:00,106.15,106.2,106.12,106.2,1450.0
2024-08-19 10:22:00,106.14,106.16,106.14,106.16,641.0
2024-08-19 10:24:00,106.24,106.24,106.19,106.19,570.0
2024-08-19 10:26:00,106.21,106.21,106.18,106.18,492.0
2024-08-19 10:30:00,106.14,106.14,106.14,106.14,443.0
2024-08-19 10:32:00,106.12,106.14,105.91,105.91,1220.0
2024-08-19 10:34:00,105.9,105.9,105.9,105.9,1005.0
2024-08-19 10:40:00,105.98,106.05,105.95,106.05,2905.0
2024-08-19 10:44:00,106.09,106.09,106.09,106.09,567.0
2024-08-19 10:50:00,106.1,106.1,106.1,106.1,301.0
2024-08-19 10:52:00,106.0,106.0,106.0,106.0,822.0
2024-08-19 10:54:00,106.01,106.01,105.96,106.01,2342.0
2024-08-19 11:00:00,106.0,106.21,106.0,106.21,6269.0
2024-08-19 11:02:00,106.24,106.35,106.2,106.35,2388.0
2024-08-19 11:04:00,106.34,106.57,106.34,106.57,17492.0
2024-08-19 11:06:00,106.62,106.75,106.52,106.7,9648.0
2024-08-19 11:08:00,106.85,106.85,106.81,106.81,1612.0
2024-08-19 11:10:00,106.81,106.81,106.73,106.73,1133.0
2024-08-19 11:12:00,106.89,107.2,106.89,107.17,6179.0
2024-08-19 11:14:00,107.11,107.17,107.08,107.16,5877.0
2024-08-19 11:16:00,107.22,107.22,107.0,107.0,19734.0
2024-08-19 11:18:00,106.91,106.99,106.91,106.99,1035.0
2024-08-19 11:20:00,106.92,106.92,106.92,106.92,1717.0
2024-08-19 11:22:00,106.99,107.0,106.99,107.0,818.0
2024-08-19 11:24:00,106.97,106.97,106.91,106.91,4506.0
2024-08-19 11:28:00,106.92,106.92,106.92,106.92,180.0
2024-08-19 11:32:00,107.07,107.21,107.07,107.21,4317.0
2024-08-19 11:36:00,107.05,107.05,107.0,107.0,5407.0
2024-08-19 11:40:00,106.92,106.92,106.91,106.91,757.0
2024-08-19 11:42:00,106.81,106.81,106.81,106.81,105.0
2024-08-19 11:46:00,106.88,106.88,106.88,106.88,100.0
2024-08-19 12:00:00,106.25,108.55,105.99,107.5,41784.0
2024-08-19 12:02:00,107.0,108.259,106.89,107.0,2640.0
2024-08-19 12:04:00,107.13,107.15,107.13,107.15,716.0
2024-08-19 12:06:00,107.06,107.15,107.06,107.15,814.0
2024-08-19 12:08:00,107.18,107.18,107.18,107.18,778.0
2024-08-19 12:14:00,107.1016,107.4,107.1,107.39,9201.0
2024-08-19 12:16:00,107.219,107.4299,107.219,107.4299,376.0
2024-08-19 12:18:00,107.38,107.5,107.38,107.5,3912.0
2024-08-19 12:20:00,107.43,107.57,107.3012,107.4,4034.0
2024-08-19 12:22:00,107.3,107.39,107.26,107.39,1748.0
2024-08-19 12:24:00,107.43,107.46,107.39,107.39,3209.0
2024-08-19 12:26:00,107.342,107.45,107.342,107.4,635.0
2024-08-19 12:28:00,107.48,107.48,107.3003,107.3003,1353.0
2024-08-19 12:30:00,107.44,107.5,107.3,107.5,888.0
2024-08-19 12:32:00,107.5,107.5,107.3,107.3,262.0
2024-08-19 12:34:00,107.26,107.26,107.21,107.21,805.0
2024-08-19 12:36:00,107.21,107.3917,107.17,107.3917,5876.0
2024-08-19 12:38:00,107.3,107.39,107.3,107.35,3408.0
2024-08-19 12:40:00,107.35,107.48,107.35,107.4,2701.0
2024-08-19 12:42:00,107.35,107.35,107.21,107.3,5089.0
2024-08-19 12:44:00,107.26,107.29,107.2,107.29,2315.0
2024-08-19 12:46:00,107.29,107.29,107.29,107.29,171.0
2024-08-19 12:50:00,107.36,107.36,107.25,107.25,3398.0
2024-08-19 12:52:00,107.25,107.25,107.16,107.16,6696.0
2024-08-19 12:54:00,107.1,107.15,107.05,107.15,1497.0
2024-08-19 12:56:00,107.05,107.05,107.05,107.05,3366.0
2024-08-19 12:58:00,107.2,107.24,107.2,107.24,488.0
2024-08-19 13:00:00,107.18,107.18,107.18,107.18,870.0
2024-08-19 13:02:00,107.2898,107.2898,107.1111,107.1111,250.0
2024-08-19 13:04:00,107.1289,107.1289,107.1,107.1,898.0
2024-08-19 13:06:00,107.3,107.3,107.21,107.29,1095.0
2024-08-19 13:08:00,107.3,107.3,107.3,107.3,2472.0
2024-08-19 13:10:00,107.3,107.38,107.25,107.25,3597.0
2024-08-19 13:12:00,107.25,107.25,107.25,107.25,2562.0
2024-08-19 13:14:00,107.28,107.354,107.21,107.21,1510.0
2024-08-19 13:16:00,107.21,107.2501,107.21,107.2501,3420.0
2024-08-19 13:18:00,107.2006,107.2006,107.2006,107.2006,728.0
2024-08-19 13:20:00,107.22,107.25,107.22,107.25,930.0
2024-08-19 13:22:00,107.22,107.22,107.22,107.22,1600.0
2024-08-19 13:24:00,107.1,107.31,107.1,107.31,3926.0
2024-08-19 13:26:00,107.3108,107.46,107.31,107.46,4787.0
2024-08-19 13:28:00,107.38,107.38,107.38,107.38,508.0
2024-08-19 13:30:00,107.245,107.92,105.7,105.86,649733.0
2024-08-19 13:32:00,105.849,106.295,105.74,105.92,316003.0
2024-08-19 13:34:00,106.03,106.52,105.85,105.93,181350.0
2024-08-19 13:36:00,105.9032,105.9866,105.52,105.9099,243157.0
2024-08-19 13:38:00,105.93,106.52,105.68,106.42,161742.0
2024-08-19 13:40:00,106.4699,106.864,106.45,106.81,155911.0
2024-08-19 13:42:00,106.8028,107.16,106.61,106.75,141555.0
2024-08-19 13:44:00,106.72,106.83,106.61,106.79,97485.0
2024-08-19 13:46:00,106.69,107.15,106.63,107.15,83369.0
2024-08-19 13:48:00,107.17,107.27,106.83,106.83,93957.0
2024-08-19 13:50:00,106.86,106.9299,106.45,106.51,109156.0
2024-08-19 13:52:00,106.48,106.63,106.14,106.1598,105280.0
2024-08-19 13:54:00,106.2,106.27,105.915,105.995,144962.0
2024-08-19 13:56:00,105.99,106.21,105.92,105.92,94533.0
2024-08-19 13:58:00,105.94,106.07,105.84,105.88,121845.0
2024-08-19 14:00:00,105.88,106.02,105.38,105.48,211716.0
2024-08-19 14:02:00,105.475,105.5692,105.25,105.2911,253575.0
2024-08-19 14:04:00,105.295,105.56,105.18,105.22,180900.0
2024-08-19 14:06:00,105.23,105.62,105.225,105.62,161276.0
2024-08-19 14:08:00,105.625,105.9265,105.61,105.87,163404.0
2024-08-19 14:10:00,105.88,105.9899,105.63,105.63,98278.0
2024-08-19 14:12:00,105.68,105.72,105.46,105.473,101412.0
2024-08-19 14:14:00,105.5,105.55,105.31,105.36,129069.0
2024-08-19 14:16:00,105.39,105.4,104.76,104.8714,274608.0
2024-08-19 14:18:00,104.8899,105.165,104.84,104.97,129363.0
2024-08-19 14:20:00,104.94,105.4,104.94,105.301,113439.0
2024-08-19 14:22:00,105.3,105.4407,105.27,105.36,75717.0
2024-08-19 14:24:00,105.36,105.47,105.31,105.44,61289.0
2024-08-19 14:26:00,105.445,105.6,105.33,105.6,97729.0
2024-08-19 14:28:00,105.59,105.5981,105.36,105.45,74508.0
2024-08-19 14:30:00,105.45,105.53,105.36,105.4524,79674.0
2024-08-19 14:32:00,105.48,105.6598,105.4,105.455,122578.0
2024-08-19 14:34:00,105.42,105.6,105.4,105.5327,62964.0
2024-08-19 14:36:00,105.51,105.65,105.486,105.6132,53926.0
2024-08-19 14:38:00,105.58,105.6,105.41,105.41,53081.0
2024-08-19 14:40:00,105.43,105.66,105.41,105.6154,54029.0
2024-08-19 14:42:00,105.61,105.6655,105.46,105.605,71458.0
2024-08-19 14:44:00,105.58,105.749,105.51,105.73,158317.0
2024-08-19 14:46:00,105.73,105.92,105.62,105.71,99789.0
2024-08-19 14:48:00,105.705,105.8,105.65,105.68,37993.0
2024-08-19 14:50:00,105.7295,106.01,105.67,105.96,85123.0
2024-08-19 14:52:00,105.97,106.16,105.93,105.9842,111559.0
2024-08-19 14:54:00,105.985,106.015,105.76,105.7799,101458.0
2024-08-19 14:56:00,105.76,106.03,105.76,105.99,59269.0
2024-08-19 14:58:00,105.97,106.22,105.97,106.22,71619.0
2024-08-19 15:00:00,106.217,106.32,106.13,106.1578,94269.0
2024-08-19 15:02:00,106.21,106.3788,106.15,106.23,70883.0
2024-08-19 15:04:00,106.25,106.48,106.25,106.386,54736.0
2024-08-19 15:06:00,106.39,106.59,106.38,106.52,63437.0
2024-08-19 15:08:00,106.5,106.557,106.45,106.5073,49980.0
2024-08-19 15:10:00,106.51,106.5198,106.3601,106.43,54639.0
2024-08-19 15:12:00,106.415,106.415,106.15,106.36,71659.0
2024-08-19 15:14:00,106.3201,106.46,106.29,106.33,50864.0
2024-08-19 15:16:00,106.33,106.35,106.065,106.17,46630.0
2024-08-19 15:18:00,106.17,106.248,106.15,106.19,43349.0
2024-08-19 15:20:00,106.175,106.43,106.175,106.375,38888.0
2024-08-19 15:22:00,106.375,106.3829,106.2201,106.3,60676.0
2024-08-19 15:24:00,106.32,106.35,106.2293,106.2293,50523.0
2024-08-19 15:26:00,106.2,106.34,106.2,106.27,30543.0
2024-08-19 15:28:00,106.28,106.375,106.21,106.24,42524.0
2024-08-19 15:30:00,106.24,106.245,106.15,106.23,29835.0
2024-08-19 15:32:00,106.235,106.285,106.17,106.235,33647.0
2024-08-19 15:34:00,106.23,106.3131,106.166,106.28,49846.0
2024-08-19 15:36:00,106.28,106.3657,106.245,106.3036,42615.0
2024-08-19 15:38:00,106.28,106.32,106.16,106.1906,34966.0
2024-08-19 15:40:00,106.21,106.26,106.01,106.05,106923.0
2024-08-19 15:42:00,106.08,106.19,106.02,106.1,43630.0
2024-08-19 15:44:00,106.11,106.27,106.11,106.24,30454.0
2024-08-19 15:46:00,106.23,106.35,106.1502,106.28,61816.0
2024-08-19 15:48:00,106.31,106.3299,106.1603,106.27,31559.0
2024-08-19 15:50:00,106.2575,106.405,106.21,106.38,41463.0
2024-08-19 15:52:00,106.38,106.52,106.37,106.505,58880.0
2024-08-19 15:54:00,106.505,106.52,106.37,106.425,48039.0
2024-08-19 15:56:00,106.43,106.45,106.22,106.23,41145.0
2024-08-19 15:58:00,106.2,106.24,105.97,106.24,131848.0
2024-08-19 16:00:00,106.18,106.18,105.93,106.05,47683.0
2024-08-19 16:02:00,106.05,106.2411,106.05,106.19,24102.0
2024-08-19 16:04:00,106.18,106.18,106.0622,106.125,19578.0
2024-08-19 16:06:00,106.1257,106.22,106.08,106.135,21449.0
2024-08-19 16:08:00,106.12,106.17,106.07,106.12,14422.0
2024-08-19 16:10:00,106.15,106.3,106.1263,106.2976,23704.0
2024-08-19 16:12:00,106.28,106.28,106.1452,106.24,20679.0
2024-08-19 16:14:00,106.22,106.2224,106.0801,106.19,30038.0
2024-08-19 16:16:00,106.17,106.265,106.12,106.215,35342.0
2024-08-19 16:18:00,106.215,106.26,106.17,106.23,19370.0
2024-08-19 16:20:00,106.225,106.31,106.14,106.31,33279.0
2024-08-19 16:22:00,106.3,106.3,106.21,106.265,14523.0
2024-08-19 16:24:00,106.27,106.2724,106.1881,106.22,18933.0
2024-08-19 16:26:00,106.22,106.3,106.19,106.2,20983.0
2024-08-19 16:28:00,106.2,106.24,106.16,106.21,25224.0
2024-08-19 16:30:00,106.19,106.25,106.1,106.25,31299.0
2024-08-19 16:32:00,106.2928,106.3,106.21,106.225,17858.0
2024-08-19 16:34:00,106.2102,106.2266,105.97,106.0004,41686.0
2024-08-19 16:36:00,106.01,106.22,106.01,106.2011,35017.0
2024-08-19 16:38:00,106.21,106.315,106.15,106.2834,28942.0
2024-08-19 16:40:00,106.272,106.4383,106.26,106.37,53660.0
2024-08-19 16:42:00,106.36,106.37,106.31,106.3493,24880.0
2024-08-19 16:44:00,106.335,106.36,106.215,106.2501,32664.0
2024-08-19 16:46:00,106.25,106.3598,106.19,106.3598,14670.0
2024-08-19 16:48:00,106.36,106.41,106.35,106.375,27527.0
2024-08-19 16:50:00,106.38,106.54,106.38,106.45,60433.0
2024-08-19 16:52:00,106.475,106.6195,106.4667,106.55,52027.0
2024-08-19 16:54:00,106.5448,106.61,106.39,106.43,85302.0
2024-08-19 16:56:00,106.4299,106.44,106.35,106.38,30929.0
2024-08-19 16:58:00,106.385,106.385,106.26,106.28,26044.0
2024-08-19 17:00:00,106.27,106.39,106.23,106.37,20512.0
2024-08-19 17:02:00,106.385,106.51,106.385,106.43,37963.0
2024-08-19 17:04:00,106.42,106.44,106.36,106.4,27850.0
2024-08-19 17:06:00,106.395,106.52,106.36,106.4842,26118.0
2024-08-19 17:08:00,106.49,106.5,106.455,106.5,19489.0
2024-08-19 17:10:00,106.5,106.5,106.4,106.4701,24674.0
2024-08-19 17:12:00,106.48,106.5,106.37,106.43,32239.0
2024-08-19 17:14:00,106.435,106.44,106.39,106.41,15737.0
2024-08-19 17:16:00,106.42,106.5,106.42,106.45,39080.0
2024-08-19 17:18:00,106.44,106.49,106.4,106.44,27313.0
2024-08-19 17:20:00,106.4406,106.49,106.41,106.4601,14610.0
2024-08-19 17:22:00,106.47,106.54,106.46,106.5201,18744.0
2024-08-19 17:24:00,106.53,106.57,106.46,106.49,30660.0
2024-08-19 17:26:00,106.51,106.61,106.51,106.57,39074.0
2024-08-19 17:28:00,106.56,106.5995,106.4801,106.51,32307.0
2024-08-19 17:30:00,106.52,106.73,106.52,106.575,62949.0
2024-08-19 17:32:00,106.56,106.7391,106.52,106.712,28993.0
2024-08-19 17:34:00,106.705,106.755,106.7,106.7401,40655.0
2024-08-19 17:36:00,106.74,106.7599,106.6775,106.7,34761.0
2024-08-19 17:38:00,106.71,106.745,106.59,106.69,74602.0
2024-08-19 17:40:00,106.7,106.8,106.67,106.77,29434.0
2024-08-19 17:42:00,106.78,106.9,106.77,106.9,42243.0
2024-08-19 17:44:00,106.89,106.9599,106.85,106.87,41163.0
2024-08-19 17:46:00,106.8601,106.9499,106.82,106.855,17517.0
2024-08-19 17:48:00,106.87,106.95,106.81,106.9101,38458.0
2024-08-19 17:50:00,106.93,106.96,106.9,106.9388,27015.0
2024-08-19 17:52:00,106.94,106.99,106.89,106.9342,33101.0
2024-08-19 17:54:00,106.9399,107.0,106.93,106.99,46819.0
2024-08-19 17:56:00,106.98,107.08,106.9601,107.0471,34537.0
2024-08-19 17:58:00,107.05,107.1646,107.045,107.1501,20851.0
2024-08-19 18:00:00,107.17,107.29,107.12,107.28,60405.0
2024-08-19 18:02:00,107.27,107.29,107.23,107.255,24530.0
2024-08-19 18:04:00,107.264,107.35,107.1705,107.3493,44304.0
2024-08-19 18:06:00,107.34,107.39,107.2201,107.3101,50126.0
2024-08-19 18:08:00,107.33,107.42,107.32,107.41,31827.0
2024-08-19 18:10:00,107.41,107.41,107.29,107.33,37664.0
2024-08-19 18:12:00,107.34,107.372,107.272,107.275,37468.0
2024-08-19 18:14:00,107.27,107.34,107.27,107.335,27353.0
2024-08-19 18:16:00,107.33,107.36,107.29,107.31,27766.0
2024-08-19 18:18:00,107.31,107.43,107.29,107.43,36376.0
2024-08-19 18:20:00,107.4313,107.4313,107.28,107.315,27647.0
2024-08-19 18:22:00,107.31,107.39,107.31,107.37,13930.0
2024-08-19 18:24:00,107.36,107.39,107.3428,107.37,40484.0
2024-08-19 18:26:00,107.38,107.41,107.35,107.3901,31299.0
2024-08-19 18:28:00,107.4,107.4899,107.39,107.4567,23324.0
2024-08-19 18:30:00,107.4606,107.48,107.42,107.4704,15073.0
2024-08-19 18:32:00,107.5,107.5629,107.48,107.555,48433.0
2024-08-19 18:34:00,107.5501,107.58,107.46,107.494,34457.0
2024-08-19 18:36:00,107.48,107.49,107.36,107.37,32476.0
2024-08-19 18:38:00,107.36,107.3899,107.3,107.3899,27468.0
2024-08-19 18:40:00,107.375,107.55,107.3526,107.535,35252.0
2024-08-19 18:42:00,107.55,107.63,107.52,107.605,30998.0
2024-08-19 18:44:00,107.5901,107.62,107.56,107.59,28928.0
2024-08-19 18:46:00,107.58,107.7,107.56,107.6401,50984.0
2024-08-19 18:48:00,107.65,107.7,107.63,107.65,53514.0
2024-08-19 18:50:00,107.65,107.6517,107.55,107.63,29477.0
2024-08-19 18:52:00,107.64,107.6724,107.5544,107.565,20515.0
2024-08-19 18:54:00,107.565,107.61,107.52,107.53,32565.0
2024-08-19 18:56:00,107.535,107.5499,107.38,107.41,40211.0
2024-08-19 18:58:00,107.41,107.5,107.41,107.4277,16455.0
2024-08-19 19:00:00,107.42,107.44,107.28,107.3,47230.0
2024-08-19 19:02:00,107.29,107.38,107.28,107.34,36234.0
2024-08-19 19:04:00,107.32,107.38,107.28,107.38,32560.0
2024-08-19 19:06:00,107.38,107.47,107.36,107.44,40267.0
2024-08-19 19:08:00,107.44,107.57,107.44,107.55,45278.0
2024-08-19 19:10:00,107.55,107.61,107.53,107.5697,34731.0
2024-08-19 19:12:00,107.57,107.66,107.565,107.62,34288.0
2024-08-19 19:14:00,107.62,107.7,107.61,107.7,28971.0
2024-08-19 19:16:00,107.7099,107.78,107.63,107.65,77697.0
2024-08-19 19:18:00,107.6657,107.72,107.6501,107.7164,22729.0
2024-08-19 19:20:00,107.71,107.79,107.67,107.76,37161.0
2024-08-19 19:22:00,107.7586,107.79,107.67,107.68,68970.0
2024-08-19 19:24:00,107.68,107.8,107.68,107.77,37813.0
2024-08-19 19:26:00,107.7659,107.85,107.74,107.83,33185.0
2024-08-19 19:28:00,107.8201,107.88,107.8201,107.85,35150.0
2024-08-19 19:30:00,107.85,107.87,107.79,107.79,39226.0
2024-08-19 19:32:00,107.77,107.88,107.7004,107.82,71297.0
2024-08-19 19:34:00,107.835,107.89,107.8,107.8501,38255.0
2024-08-19 19:36:00,107.85,107.86,107.72,107.735,61447.0
2024-08-19 19:38:00,107.7201,107.77,107.5353,107.58,57366.0
2024-08-19 19:40:00,107.5994,107.6418,107.56,107.64,46596.0
2024-08-19 19:42:00,107.65,107.7,107.61,107.67,34461.0
2024-08-19 19:44:00,107.6673,107.72,107.41,107.4201,53057.0
2024-08-19 19:46:00,107.44,107.52,107.33,107.492,48048.0
2024-08-19 19:48:00,107.5,107.52,107.29,107.315,92092.0
2024-08-19 19:50:00,107.33,107.69,107.3233,107.68,90047.0
2024-08-19 19:52:00,107.68,107.9801,107.67,107.98,156612.0
2024-08-19 19:54:00,107.99,108.38,107.985,108.37,243943.0
2024-08-19 19:56:00,108.375,108.72,108.32,108.57,260411.0
2024-08-19 19:58:00,108.59,108.66,108.51,108.65,517513.0
2024-08-19 20:00:00,108.63,108.63,108.46,108.46,52923.0
2024-08-19 20:02:00,108.43,108.62,108.31,108.48,7226.0
2024-08-19 20:04:00,108.49,108.63,108.46,108.49,11434.0
2024-08-19 20:06:00,108.45,108.49,108.45,108.46,3589.0
2024-08-19 20:08:00,108.63,108.63,108.46,108.51,165484.0
2024-08-19 20:10:00,108.52,108.53,108.49,108.5,3319.0
2024-08-19 20:12:00,108.47,108.47,108.45,108.45,1750.0
2024-08-19 20:14:00,108.4999,108.5,108.47,108.5,715.0
2024-08-19 20:16:00,108.49,108.63,106.8847,108.5,411013.0
2024-08-19 20:18:00,108.46,108.46,108.32,108.32,2233.0
2024-08-19 20:20:00,108.5,108.5,108.41,108.49,2167.0
2024-08-19 20:22:00,108.5,108.5,108.41,108.4399,1865.0
2024-08-19 20:24:00,108.44,108.46,108.44,108.4406,1771.0
2024-08-19 20:26:00,108.5,108.52,108.5,108.52,8012.0
2024-08-19 20:28:00,108.5036,108.5036,108.5036,108.5036,216.0
2024-08-19 20:30:00,108.55,108.56,108.53,108.56,945.0
2024-08-19 20:32:00,108.59,108.6,108.59,108.6,1279.0
2024-08-19 20:34:00,108.55,108.57,108.55,108.57,594.0
2024-08-19 20:36:00,108.55,108.63,108.55,108.6,37019.0
2024-08-19 20:38:00,108.62,108.62,108.59,108.59,602.0
2024-08-19 20:40:00,108.59,108.59,108.59,108.59,2356.0
2024-08-19 20:42:00,108.5208,108.5208,108.5208,108.5208,129.0
2024-08-19 20:44:00,108.51,108.51,108.45,108.47,769.0
2024-08-19 20:46:00,108.47,108.47,108.44,108.45,1183.0
2024-08-19 20:48:00,108.44,108.44,108.4,108.4168,1333.0
2024-08-19 20:50:00,108.3381,108.36,108.33,108.33,4356.0
2024-08-19 20:52:00,108.4,108.4,108.28,108.28,4500.0
2024-08-19 20:56:00,108.2615,108.2615,108.2615,108.2615,543.0
2024-08-19 20:58:00,108.25,108.25,108.2215,108.2215,228735.0
2024-08-19 21:02:00,108.26,108.26,108.26,108.26,222.0
2024-08-19 21:04:00,108.33,108.63,108.26,108.26,9907.0
2024-08-19 21:06:00,108.26,108.27,108.26,108.27,823.0
2024-08-19 21:08:00,108.2698,108.27,108.22,108.22,4318.0
2024-08-19 21:12:00,108.26,108.26,108.26,108.26,1177.0
2024-08-19 21:14:00,108.2249,108.27,108.2249,108.27,1314.0
2024-08-19 21:16:00,108.27,108.27,108.221,108.221,892.0
2024-08-19 21:18:00,108.63,108.63,108.63,108.63,1604.0
2024-08-19 21:20:00,108.22,108.27,108.22,108.27,819.0
2024-08-19 21:24:00,108.21,108.22,108.21,108.22,7058.0
2024-08-19 21:26:00,108.22,108.22,108.2,108.22,1676.0
2024-08-19 21:28:00,108.22,108.22,108.22,108.22,556.0
2024-08-19 21:30:00,108.1815,108.219,108.1815,108.219,1474.0
2024-08-19 21:32:00,108.22,108.22,108.22,108.22,169.0
2024-08-19 21:34:00,108.22,108.22,108.22,108.22,1543.0
2024-08-19 21:36:00,108.22,108.22,108.22,108.22,789.0
2024-08-19 21:38:00,108.22,108.22,108.22,108.22,300.0
2024-08-19 21:44:00,108.1802,108.1802,108.18,108.18,1310.0
2024-08-19 21:46:00,108.18,108.18,108.1,108.1,1290.0
2024-08-19 21:50:00,108.1782,108.1782,108.1,108.1,482.0
2024-08-19 21:52:00,108.1,108.1,108.1,108.1,1135.0
2024-08-19 21:54:00,108.18,108.18,108.18,108.18,1158.0
2024-08-19 21:56:00,108.18,108.18,108.18,108.18,113.0
2024-08-19 21:58:00,108.1775,108.22,108.1775,108.22,506.0
2024-08-19 22:00:00,108.22,108.22,108.22,108.22,2931.0
2024-08-19 22:04:00,108.22,108.22,108.2192,108.22,1132.0
2024-08-19 22:06:00,108.22,108.22,108.2198,108.2198,7802.0
2024-08-19 22:08:00,108.22,108.22,108.22,108.22,498.0
2024-08-19 22:12:00,108.21,108.21,108.21,108.21,836.0
2024-08-19 22:14:00,108.21,108.21,108.2,108.21,5044.0
2024-08-19 22:16:00,108.2,108.2,108.2,108.2,323.0
2024-08-19 22:22:00,108.2,108.2,108.18,108.18,617.0
2024-08-19 22:24:00,108.1992,108.2,108.18,108.2,521.0
2024-08-19 22:28:00,108.18,108.18,108.18,108.18,192.0
2024-08-19 22:30:00,108.15,108.15,108.15,108.15,102.0
2024-08-19 22:32:00,108.1981,108.21,108.1981,108.2,3524.0
2024-08-19 22:34:00,108.21,108.21,108.21,108.21,1105.0
2024-08-19 22:40:00,108.21,108.21,108.18,108.21,916.0
2024-08-19 22:42:00,108.2,108.2,108.2,108.2,243.0
2024-08-19 22:44:00,108.19,108.19,108.18,108.18,1054.0
2024-08-19 22:46:00,108.18,108.2,108.18,108.2,619.0
2024-08-19 22:48:00,108.18,108.18,108.18,108.18,1009.0
2024-08-19 22:50:00,108.18,108.18,108.1613,108.1654,917.0
2024-08-19 22:56:00,108.18,108.18,108.1795,108.1795,1763.0
2024-08-19 22:58:00,108.18,108.18,108.18,108.18,960.0
2024-08-19 23:00:00,108.161,108.161,108.15,108.15,1805.0
2024-08-19 23:04:00,108.1792,108.1792,108.16,108.16,344.0
2024-08-19 23:06:00,108.16,108.16,108.16,108.16,227.0
2024-08-19 23:08:00,108.18,108.18,108.18,108.18,154.0
2024-08-19 23:10:00,108.18,108.18,108.18,108.18,155.0
2024-08-19 23:12:00,108.18,108.18,108.16,108.18,2516.0
2024-08-19 23:14:00,108.18,108.18,108.18,108.18,125.0
2024-08-19 23:16:00,108.16,108.16,108.16,108.16,110.0
2024-08-19 23:18:00,108.16,108.18,108.16,108.18,575.0
2024-08-19 23:22:00,108.16,108.16,108.15,108.15,2053.0
2024-08-19 23:24:00,108.1,108.1,108.1,108.1,327.0
2024-08-19 23:26:00,108.11,108.11,108.1,108.1,1663.0
2024-08-19 23:30:00,108.17,108.17,108.17,108.17,162.0
2024-08-19 23:32:00,108.11,108.11,108.11,108.11,210.0
2024-08-19 23:34:00,108.1603,108.1603,108.1603,108.1603,1033.0
2024-08-19 23:36:00,108.18,108.18,108.18,108.18,402.0
2024-08-19 23:38:00,108.17,108.17,108.17,108.17,152.0
2024-08-19 23:40:00,108.17,108.17,108.16,108.16,500.0
2024-08-19 23:44:00,108.16,108.16,108.14,108.14,607.0
2024-08-19 23:46:00,108.11,108.11,108.11,108.11,100.0
2024-08-19 23:54:00,108.178,108.18,108.1102,108.18,3887.0
2024-08-19 23:56:00,108.3,108.3,108.3,108.3,542.0
2024-08-19 23:58:00,108.31,108.42,108.31,108.42,3155.0
2024-08-20 08:00:00,108.99,108.99,108.99,108.99,326.0
2024-08-20 08:02:00,108.9,108.9,108.9,108.9,1079.0
2024-08-20 08:04:00,108.89,108.98,108.86,108.98,2492.0
2024-08-20 08:06:00,108.97,108.98,108.97,108.98,615.0
2024-08-20 08:08:00,108.81,108.81,108.8,108.8,1126.0
2024-08-20 08:10:00,108.87,108.87,108.87,108.87,444.0
2024-08-20 08:12:00,108.87,108.87,108.86,108.86,890.0
2024-08-20 08:14:00,108.84,108.84,108.84,108.84,176.0
2024-08-20 08:20:00,108.8,108.8,108.7,108.7,1732.0
2024-08-20 08:22:00,108.6,108.6,108.6,108.6,216.0
2024-08-20 08:24:00,108.6,108.6,108.6,108.6,785.0
2024-08-20 08:34:00,108.6,108.6,108.49,108.49,1460.0
2024-08-20 08:40:00,108.34,108.34,108.2,108.2,1721.0
2024-08-20 08:42:00,108.2,108.7,108.2,108.38,5142.0
2024-08-20 08:48:00,108.4,108.4,108.4,108.4,110.0
2024-08-20 08:50:00,108.32,108.32,108.3,108.3,306.0
2024-08-20 08:56:00,108.46,108.46,108.46,108.46,282.0
2024-08-20 08:58:00,108.5,108.5,108.5,108.5,574.0
2024-08-20 09:02:00,108.52,109.0,108.52,108.72,4082.0
2024-08-20 09:08:00,108.65,108.65,108.65,108.65,100.0
2024-08-20 09:22:00,108.83,108.84,108.83,108.84,520.0
2024-08-20 09:32:00,108.99,108.99,108.99,108.99,372.0
2024-08-20 09:42:00,108.9,108.9,108.9,108.9,1241.0
2024-08-20 10:00:00,108.8,108.8,108.8,108.8,268.0
2024-08-20 10:02:00,108.7,108.7,108.63,108.63,1184.0
2024-08-20 10:04:00,108.79,108.8,108.79,108.8,1080.0
2024-08-20 10:50:00,108.92,108.96,108.92,108.96,944.0
2024-08-20 10:54:00,108.94,108.94,108.94,108.94,390.0
2024-08-20 10:56:00,108.9,108.9,108.9,108.9,303.0
2024-08-20 11:00:00,108.85,108.91,108.74,108.74,5856.0
2024-08-20 11:02:00,108.85,108.94,108.85,108.94,1246.0
2024-08-20 11:04:00,108.98,109.0,108.98,109.0,12921.0
2024-08-20 11:06:00,108.95,108.95,108.95,108.95,1011.0
2024-08-20 11:08:00,108.9,108.9,108.9,108.9,931.0
2024-08-20 11:10:00,108.82,108.85,108.8,108.85,1015.0
2024-08-20 11:12:00,108.85,108.85,108.85,108.85,349.0
2024-08-20 11:14:00,108.85,108.85,108.79,108.79,761.0
2024-08-20 11:16:00,108.6,108.6,108.6,108.6,421.0
2024-08-20 11:18:00,108.58,108.58,108.58,108.58,240.0
2024-08-20 11:28:00,108.67,108.67,108.55,108.55,1872.0
2024-08-20 11:32:00,108.55,108.55,108.5,108.5,2144.0
2024-08-20 11:34:00,108.5,108.62,108.5,108.62,2245.0
2024-08-20 11:36:00,108.76,108.79,108.76,108.79,1741.0
2024-08-20 11:40:00,108.83,108.83,108.83,108.83,202.0
2024-08-20 11:44:00,108.91,108.94,108.91,108.94,990.0
2024-08-20 11:48:00,108.95,108.95,108.92,108.92,677.0
2024-08-20 11:50:00,108.96,108.96,108.9,108.9,900.0
2024-08-20 11:52:00,108.92,108.92,108.92,108.92,425.0
2024-08-20 11:54:00,108.82,108.82,108.82,108.82,1394.0
2024-08-20 12:00:00,108.88,109.12,108.48,108.8,242582.0
2024-08-20 12:04:00,108.7,108.8,108.7,108.8,1094.0
2024-08-20 12:06:00,108.75,108.85,108.75,108.83,2638.0
2024-08-20 12:08:00,108.8,108.85,108.8,108.8,2605.0
2024-08-20 12:10:00,108.68,108.8,108.68,108.8,653.0
2024-08-20 12:12:00,108.8499,108.8499,108.74,108.74,289.0
2024-08-20 12:14:00,108.8481,108.85,108.8481,108.85,1012.0
2024-08-20 12:16:00,108.84,108.97,108.84,108.93,1522.0
2024-08-20 12:18:00,108.97,108.97,108.97,108.97,398.0
2024-08-20 12:20:00,108.95,108.95,108.95,108.95,200.0
2024-08-20 12:22:00,108.9,108.91,108.82,108.82,5087.0
2024-08-20 12:24:00,108.9,108.9,108.85,108.85,1199.0
2024-08-20 12:28:00,108.94,108.95,108.85,108.85,2988.0
2024-08-20 12:30:00,108.9,108.97,108.9,108.9,3874.0
2024-08-20 12:32:00,108.7,108.7,108.7,108.7,458.0
2024-08-20 12:34:00,108.8,108.8,108.8,108.8,165.0
2024-08-20 12:36:00,108.88,108.89,108.88,108.89,545.0
2024-08-20 12:38:00,108.85,108.85,108.85,108.85,419.0
2024-08-20 12:40:00,108.85,108.88,108.77,108.83,5186.0
2024-08-20 12:42:00,108.83,108.85,108.83,108.83,1232.0
2024-08-20 12:44:00,108.77,108.78,108.77,108.78,1220.0
2024-08-20 12:46:00,108.76,108.78,108.76,108.78,4068.0
2024-08-20 12:48:00,108.82,108.82,108.8188,108.8188,10224.0
2024-08-20 12:50:00,108.77,108.77,108.7101,108.7101,1236.0
2024-08-20 12:52:00,108.78,108.8,108.7,108.7,3067.0
2024-08-20 12:54:00,108.6033,108.63,108.4,108.4,10942.0
2024-08-20 12:56:00,108.4285,108.4285,108.4285,108.4285,587.0
2024-08-20 12:58:00,108.7,108.7,108.7,108.7,4121.0
2024-08-20 13:00:00,108.62,108.68,108.62,108.63,3517.0
2024-08-20 13:02:00,108.63,108.65,108.58,108.6,2506.0
2024-08-20 13:04:00,108.5,108.51,108.3,108.3,4636.0
2024-08-20 13:06:00,108.3,108.3,107.91,107.91,11309.0
2024-08-20 13:08:00,107.85,108.1,107.85,108.1,12403.0
2024-08-20 13:10:00,108.0002,108.1,107.7898,107.88,18762.0
2024-08-20 13:12:00,107.8,107.948,107.6437,107.8,2892.0
2024-08-20 13:14:00,107.88,108.2477,107.88,107.95,4133.0
2024-08-20 13:16:00,107.75,107.82,107.75,107.82,2074.0
2024-08-20 13:18:00,107.9494,107.9494,107.74,107.75,2426.0
2024-08-20 13:20:00,107.64,107.95,107.64,107.7,1989.0
2024-08-20 13:22:00,107.7051,107.85,107.7051,107.7603,2896.0
2024-08-20 13:24:00,107.76,108.5,107.7,108.2,25051.0
2024-08-20 13:26:00,108.39,108.69,108.2,108.53,18425.0
2024-08-20 13:28:00,108.02,108.44,108.02,108.4,4602.0
2024-08-20 13:30:00,108.33,109.19,108.0402,108.18,583800.0
2024-08-20 13:32:00,108.155,108.47,107.96,108.15,133620.0
2024-08-20 13:34:00,108.08,108.5989,107.93,108.18,99982.0
2024-08-20 13:36:00,108.16,108.34,107.85,107.86,120085.0
2024-08-20 13:38:00,107.92,108.16,107.77,107.92,100347.0
2024-08-20 13:40:00,107.924,108.16,107.79,108.13,69205.0
2024-08-20 13:42:00,108.156107,108.28,108.01,108.04,66136.0
2024-08-20 13:44:00,108.045,108.34,108.01,108.235,69733.0
2024-08-20 13:46:00,108.22,108.43,108.02,108.26,72745.0
2024-08-20 13:48:00,108.26,108.77,108.26,108.55,162805.0
2024-08-20 13:50:00,108.55,108.6097,108.22,108.33,75583.0
2024-08-20 13:52:00,108.3535,108.71,108.3535,108.63,77034.0
2024-08-20 13:54:00,108.63,108.78,108.5,108.505,78383.0
2024-08-20 13:56:00,108.54,108.6929,108.32,108.5399,51821.0
2024-08-20 13:58:00,108.56,108.78,108.5,108.6427,60508.0
2024-08-20 14:00:00,108.6101,108.8,108.07,108.1346,120089.0
2024-08-20 14:02:00,108.1329,108.22,107.97,108.04,108400.0
2024-08-20 14:04:00,108.03,108.28,107.995,108.0,82238.0
2024-08-20 14:06:00,108.02,108.1425,107.95,108.075,92966.0
2024-08-20 14:08:00,108.09,108.18,108.015,108.06,84990.0
2024-08-20 14:10:00,108.01,108.02,107.37,107.38,158180.0
2024-08-20 14:12:00,107.38,107.45,106.86,106.9,281118.0
2024-08-20 14:14:00,106.91,107.31,106.89,107.125,104876.0
2024-08-20 14:16:00,107.08,107.09,106.75,107.07,180489.0
2024-08-20 14:18:00,107.055,107.29,107.0,107.23,144614.0
2024-08-20 14:20:00,107.24,107.26,107.0864,107.175,154991.0
2024-08-20 14:22:00,107.175,107.4899,107.1401,107.4001,102781.0
2024-08-20 14:24:00,107.4,107.48,107.21,107.35,61318.0
2024-08-20 14:26:00,107.34,107.49,107.2,107.29,86085.0
2024-08-20 14:28:00,107.2901,107.42,107.12,107.39,50460.0
2024-08-20 14:30:00,107.405,107.6099,107.2,107.33,92612.0
2024-08-20 14:32:00,107.335,107.49,107.29,107.46,59050.0
2024-08-20 14:34:00,107.4657,107.63,107.25,107.3,87887.0
2024-08-20 14:36:00,107.315,107.315,106.87,106.87,82487.0
2024-08-20 14:38:00,106.88,106.88,106.53,106.53,157760.0
2024-08-20 14:40:00,106.525,106.9,106.45,106.47,128720.0
2024-08-20 14:42:00,106.48,106.51,106.17,106.333,106131.0
2024-08-20 14:44:00,106.3,106.505,106.16,106.4919,97893.0
2024-08-20 14:46:00,106.49,107.06,106.4601,107.0499,59600.0
2024-08-20 14:48:00,107.0201,107.26,106.995,107.155,90840.0
2024-08-20 14:50:00,107.155,107.32,107.06,107.1122,64724.0
2024-08-20 14:52:00,107.155,107.31,107.14,107.265,46199.0
2024-08-20 14:54:00,107.31,107.43,107.06,107.06,62710.0
2024-08-20 14:56:00,107.074,107.08,106.73,106.9,49442.0
2024-08-20 14:58:00,106.8934,107.05,106.84,106.9601,33565.0
2024-08-20 15:00:00,107.0,107.08,106.89,106.92,35827.0
2024-08-20 15:02:00,106.94,107.11,106.92,107.065,42771.0
2024-08-20 15:04:00,107.05,107.11,106.84,106.96,34440.0
2024-08-20 15:06:00,107.01,107.11,106.84,107.04,32226.0
2024-08-20 15:08:00,107.06,107.25,106.95,107.25,39933.0
2024-08-20 15:10:00,107.26,107.27,106.96,107.08,38364.0
2024-08-20 15:12:00,107.08,107.26,106.96,107.21,50840.0
2024-08-20 15:14:00,107.18,107.28,107.14,107.23,35456.0
2024-08-20 15:16:00,107.2125,107.39,107.21,107.27,29224.0
2024-08-20 15:18:00,107.26,107.4976,107.25,107.4976,32376.0
2024-08-20 15:20:00,107.49,107.68,107.48,107.56,56477.0
2024-08-20 15:22:00,107.54,107.615,107.44,107.605,71403.0
2024-08-20 15:24:00,107.58,107.68,107.555,107.64,46835.0
2024-08-20 15:26:00,107.635,107.65,107.36,107.455,47037.0
2024-08-20 15:28:00,107.35,107.55,107.27,107.48,44868.0
2024-08-20 15:30:00,107.47,107.68,107.3601,107.66,58912.0
2024-08-20 15:32:00,107.66,107.68,107.6,107.64,33567.0
2024-08-20 15:34:00,107.6599,107.7695,107.6001,107.75,42100.0
2024-08-20 15:36:00,107.74,107.86,107.64,107.85,46631.0
2024-08-20 15:38:00,107.8306,107.85,107.65,107.65,36190.0
2024-08-20 15:40:00,107.65,107.72,107.58,107.675,40496.0
2024-08-20 15:42:00,107.69,107.78,107.44,107.46,63798.0
2024-08-20 15:44:00,107.4454,107.525,107.33,107.4,33672.0
2024-08-20 15:46:00,107.39,107.51,107.38,107.475,27374.0
2024-08-20 15:48:00,107.44,107.45,107.25,107.31,26771.0
2024-08-20 15:50:00,107.33,107.485,107.3201,107.4469,26504.0
2024-08-20 15:52:00,107.47,107.696,107.44,107.675,40956.0
2024-08-20 15:54:00,107.6782,107.78,107.63,107.6839,55459.0
2024-08-20 15:56:00,107.67,107.76,107.59,107.76,60321.0
2024-08-20 15:58:00,107.76,107.895,107.72,107.8867,38888.0
2024-08-20 16:00:00,107.88,107.94,107.71,107.76,50125.0
2024-08-20 16:02:00,107.76,107.805,107.704,107.77,44008.0
2024-08-20 16:04:00,107.7963,107.86,107.76,107.785,30252.0
2024-08-20 16:06:00,107.785,107.8,107.69,107.74,31606.0
2024-08-20 16:08:00,107.73,107.75,107.63,107.67,42480.0
2024-08-20 16:10:00,107.665,107.72,107.4171,107.54,35454.0
2024-08-20 16:12:00,107.54,107.6,107.41,107.47,92423.0
2024-08-20 16:14:00,107.48,107.4999,107.36,107.3833,30690.0
2024-08-20 16:16:00,107.32,107.45,107.29,107.35,44667.0
2024-08-20 16:18:00,107.349,107.51,107.349,107.37,28059.0
2024-08-20 16:20:00,107.385,107.39,107.26,107.35,27005.0
2024-08-20 16:22:00,107.3446,107.395,107.2501,107.335,48922.0
2024-08-20 16:24:00,107.32,107.35,107.1863,107.32,26800.0
2024-08-20 16:26:00,107.3239,107.38,107.2,107.3,23188.0
2024-08-20 16:28:00,107.295,107.38,107.26,107.38,21988.0
2024-08-20 16:30:00,107.35,107.495,107.335,107.495,46070.0
2024-08-20 16:32:00,107.495,107.51,107.3,107.34,41806.0
2024-08-20 16:34:00,107.355,107.42,107.13,107.13,58942.0
2024-08-20 16:36:00,107.13,107.22,107.1,107.15,42583.0
2024-08-20 16:38:00,107.139,107.28,107.07,107.24,25082.0
2024-08-20 16:40:00,107.24,107.265,107.1001,107.125,20887.0
2024-08-20 16:42:00,107.1501,107.236,107.12,107.235,14537.0
2024-08-20 16:44:00,107.23,107.335,107.23,107.32,21749.0
2024-08-20 16:46:00,107.31,107.31,107.21,107.285,19763.0
2024-08-20 16:48:00,107.304,107.44,107.28,107.43,25706.0
2024-08-20 16:50:00,107.44,107.47,107.33,107.35,28200.0
2024-08-20 16:52:00,107.37,107.38,107.2,107.2,35102.0
2024-08-20 16:54:00,107.22,107.22,107.07,107.18,22641.0
2024-08-20 16:56:00,107.17,107.1999,107.11,107.1211,27211.0
2024-08-20 16:58:00,107.145,107.17,107.02,107.03,21173.0
2024-08-20 17:00:00,107.04,107.065,106.81,106.9,72707.0
2024-08-20 17:02:00,106.9,107.06,106.89,106.89,20727.0
2024-08-20 17:04:00,106.88,107.0,106.88,106.9,34378.0
2024-08-20 17:06:00,106.9,107.235,106.9,107.22,72079.0
2024-08-20 17:08:00,107.21,107.29,107.13,107.28,36415.0
2024-08-20 17:10:00,107.29,107.365,107.17,107.23,31337.0
2024-08-20 17:12:00,107.25,107.3399,107.19,107.25,20736.0
2024-08-20 17:14:00,107.25,107.2715,107.11,107.11,24809.0
2024-08-20 17:16:00,107.14,107.27,107.12,107.2396,20876.0
2024-08-20 17:18:00,107.25,107.3,107.194,107.25,20698.0
2024-08-20 17:20:00,107.245,107.245,107.01,107.01,27385.0
2024-08-20 17:22:00,107.03,107.18,107.03,107.17,15622.0
2024-08-20 17:24:00,107.16,107.185,107.11,107.18,17107.0
2024-08-20 17:26:00,107.2,107.3296,107.17,107.32,27522.0
2024-08-20 17:28:00,107.3,107.3,107.18,107.25,16891.0
2024-08-20 17:30:00,107.26,107.32,107.19,107.32,12281.0
2024-08-20 17:32:00,107.31,107.39,107.28,107.37,33442.0
2024-08-20 17:34:00,107.35,107.41,107.32,107.35,24699.0
2024-08-20 17:36:00,107.33,107.365,107.21,107.36,20507.0
2024-08-20 17:38:00,107.355,107.4399,107.31,107.33,37041.0
2024-08-20 17:40:00,107.32,107.43,107.32,107.43,22482.0
2024-08-20 17:42:00,107.43,107.51,107.42,107.51,27588.0
2024-08-20 17:44:00,107.5142,107.53,107.43,107.53,28472.0
2024-08-20 17:46:00,107.525,107.6,107.49,107.55,24929.0
2024-08-20 17:48:00,107.55,107.66,107.5401,107.63,18886.0
2024-08-20 17:50:00,107.63,107.64,107.55,107.58,24858.0
2024-08-20 17:52:00,107.57,107.65,107.54,107.64,27252.0
2024-08-20 17:54:00,107.65,107.67,107.52,107.67,32121.0
2024-08-20 17:56:00,107.66,107.6699,107.5801,107.61,20376.0
2024-08-20 17:58:00,107.64,107.69,107.63,107.67,21850.0
2024-08-20 18:00:00,107.67,107.715,107.59,107.715,25939.0
2024-08-20 18:02:00,107.71,107.8599,107.69,107.85,33934.0
2024-08-20 18:04:00,107.84,107.9499,107.79,107.9499,34352.0
2024-08-20 18:06:00,107.95,108.02,107.89,107.89,84466.0
2024-08-20 18:08:00,107.8888,107.95,107.85,107.85,19757.0
2024-08-20 18:10:00,107.85,107.85,107.75,107.8363,29719.0
2024-08-20 18:12:00,107.83,108.075,107.83,108.075,37653.0
2024-08-20 18:14:00,108.08,108.15,108.06,108.14,59043.0
2024-08-20 18:16:00,108.14,108.2199,108.1,108.13,42160.0
2024-08-20 18:18:00,108.15,108.15,107.96,108.11,35094.0
2024-08-20 18:20:00,108.105,108.12,108.06,108.06,27122.0
2024-08-20 18:22:00,108.07,108.26,108.05,108.24,51757.0
2024-08-20 18:24:00,108.24,108.252,108.18,108.25,27468.0
2024-08-20 18:26:00,108.26,108.266,108.14,108.16,34127.0
2024-08-20 18:28:00,108.16,108.19,108.05,108.0806,31320.0
2024-08-20 18:30:00,108.1,108.2,108.07,108.16,27979.0
2024-08-20 18:32:00,108.17,108.29,108.16,108.248,26498.0
2024-08-20 18:34:00,108.25,108.252,108.16,108.16,26080.0
2024-08-20 18:36:00,108.165,108.32,108.16,108.31,27803.0
2024-08-20 18:38:00,108.31,108.37,108.3,108.35,31675.0
2024-08-20 18:40:00,108.34,108.426,108.34,108.3601,41667.0
2024-08-20 18:42:00,108.36,108.44,108.3131,108.41,26340.0
2024-08-20 18:44:00,108.415,108.415,108.29,108.3,27205.0
2024-08-20 18:46:00,108.31,108.38,108.294,108.37,30713.0
2024-08-20 18:48:00,108.37,108.39,108.3208,108.35,23542.0
2024-08-20 18:50:00,108.35,108.39,108.2826,108.31,38469.0
2024-08-20 18:52:00,108.3056,108.31,108.04,108.16,78384.0
2024-08-20 18:54:00,108.16,108.25,108.14,108.24,28793.0
2024-08-20 18:56:00,108.25,108.33,108.24,108.285,42676.0
2024-08-20 18:58:00,108.2807,108.355,108.27,108.315,38762.0
2024-08-20 19:00:00,108.31,108.32,108.18,108.32,45689.0
2024-08-20 19:02:00,108.32,108.39,108.28,108.3,39422.0
2024-08-20 19:04:00,108.29,108.5,108.29,108.4501,68368.0
2024-08-20 19:06:00,108.45,108.47,108.34,108.34,40383.0
2024-08-20 19:08:00,108.34,108.37,108.22,108.315,47037.0
2024-08-20 19:10:00,108.32,108.34,108.19,108.19,30942.0
2024-08-20 19:12:00,108.21,108.23,108.112,108.1503,37402.0
2024-08-20 19:14:00,108.17,108.225,108.09,108.11,29851.0
2024-08-20 19:16:00,108.12,108.145,108.04,108.085,34805.0
2024-08-20 19:18:00,108.0825,108.1,107.98,108.07,51850.0
2024-08-20 19:20:00,108.1,108.195,108.1,108.1877,40870.0
2024-08-20 19:22:00,108.14,108.18,108.08,108.1593,41100.0
2024-08-20 19:24:00,108.155,108.2498,108.13,108.13,62699.0
2024-08-20 19:26:00,108.15,108.26,108.15,108.21,37346.0
2024-08-20 19:28:00,108.21,108.22,108.12,108.19,35191.0
2024-08-20 19:30:00,108.2,108.21,108.13,108.21,46007.0
2024-08-20 19:32:00,108.21,108.23,108.0001,108.08,56170.0
2024-08-20 19:34:00,108.07,108.17,108.04,108.0601,38455.0
2024-08-20 19:36:00,108.06,108.245,108.06,108.24,41605.0
2024-08-20 19:38:00,108.25,108.28,108.09,108.13,43478.0
2024-08-20 19:40:00,108.135,108.27,108.12,108.22,55911.0
2024-08-20 19:42:00,108.215,108.32,108.215,108.28,63666.0
2024-08-20 19:44:00,108.27,108.38,108.21,108.35,50522.0
2024-08-20 19:46:00,108.35,108.51,108.34,108.508,85462.0
2024-08-20 19:48:00,108.5,108.59,108.5,108.57,86039.0
2024-08-20 19:50:00,108.58,108.63,108.09,108.19,114933.0
2024-08-20 19:52:00,108.21,108.22,107.96,108.08,119452.0
2024-08-20 19:54:00,108.07,108.08,107.93,108.05,186202.0
2024-08-20 19:56:00,108.04,108.17,107.975,108.03,174661.0
2024-08-20 19:58:00,108.0383,108.06,107.99,108.01,322982.0
2024-08-20 20:00:00,107.99,108.0,107.91,107.91,122122.0
2024-08-20 20:02:00,107.9,107.9,107.9,107.9,519.0
2024-08-20 20:04:00,107.87,107.99,107.87,107.99,6064.0
2024-08-20 20:06:00,107.94,107.99,107.85,107.85,85622.0
2024-08-20 20:08:00,107.8499,107.94,107.8499,107.94,945.0
2024-08-20 20:10:00,107.96,107.97,107.87,107.97,944.0
2024-08-20 20:12:00,107.99,107.99,107.95,107.99,1994.0
2024-08-20 20:14:00,107.98,107.99,107.96,107.99,4229.0
2024-08-20 20:16:00,107.96,107.98,107.96,107.98,1023.0
2024-08-20 20:18:00,107.98,107.98,107.98,107.98,425.0
2024-08-20 20:20:00,107.98,107.98,107.98,107.98,270.0
2024-08-20 20:22:00,107.9601,107.9601,107.94,107.94,932.0
2024-08-20 20:24:00,107.89,107.99,107.89,107.99,1148888.0
2024-08-20 20:26:00,107.89,107.89,107.89,107.89,191.0
2024-08-20 20:30:00,107.9,107.91,107.89,107.89,598.0
2024-08-20 20:32:00,107.88,107.88,107.88,107.88,526.0
2024-08-20 20:34:00,107.87,107.87,107.86,107.86,603.0
2024-08-20 20:36:00,107.8403,107.8403,107.84,107.84,200.0
2024-08-20 20:42:00,107.87,107.87,107.8104,107.8104,725.0
2024-08-20 20:44:00,107.87,107.87,107.87,107.87,739.0
2024-08-20 20:46:00,107.87,107.87,107.87,107.87,828.0
2024-08-20 20:48:00,107.82,107.83,107.77,107.8,2237.0
2024-08-20 20:50:00,107.8,107.8,107.8,107.8,412.0
2024-08-20 20:58:00,107.64,107.81,107.64,107.81,1437.0
2024-08-20 21:06:00,107.99,107.99,107.99,107.99,3943.0
2024-08-20 21:08:00,107.82,107.82,107.82,107.82,228.0
2024-08-20 21:12:00,107.99,107.99,107.68,107.69,650030.0
2024-08-20 21:14:00,107.67,107.67,107.67,107.67,552.0
2024-08-20 21:22:00,107.71,107.71,107.71,107.71,206.0
2024-08-20 21:24:00,107.7,107.7,107.68,107.68,1377.0
2024-08-20 21:26:00,107.61,107.61,107.55,107.55,1241.0
2024-08-20 21:28:00,107.51,107.88,107.51,107.88,2341.0
2024-08-20 21:32:00,107.5153,107.5153,107.5153,107.5153,551.0
2024-08-20 21:36:00,107.5124,107.5124,107.51,107.51,1239.0
2024-08-20 21:48:00,107.6,107.6,107.6,107.6,647.0
2024-08-20 21:54:00,107.84,107.84,107.84,107.84,825.0
2024-08-20 21:56:00,107.5929,107.5929,107.58,107.58,525.0
2024-08-20 21:58:00,107.6149,107.6149,107.6149,107.6149,231.0
2024-08-20 22:00:00,107.84,107.88,107.65,107.88,876.0
2024-08-20 22:02:00,107.65,107.65,107.65,107.65,247.0
2024-08-20 22:06:00,107.5896,107.635,107.5896,107.635,958.0
2024-08-20 22:10:00,107.66,107.66,107.66,107.66,212.0
2024-08-20 22:12:00,107.65,107.65,107.65,107.65,477.0
2024-08-20 22:16:00,107.65,107.65,107.65,107.65,294.0
2024-08-20 22:20:00,107.58,107.58,107.58,107.58,199.0
2024-08-20 22:32:00,107.6,107.6,107.6,107.6,1039.0
2024-08-20 22:40:00,107.6,107.6,107.6,107.6,307.0
2024-08-20 22:42:00,107.75,107.75,107.6,107.6,217.0
2024-08-20 22:44:00,107.61,107.61,107.61,107.61,188.0
2024-08-20 22:48:00,107.6,107.6,107.6,107.6,3263.0
2024-08-20 22:50:00,107.58,107.58,107.58,107.58,1020.0
2024-08-20 22:52:00,107.58,107.58,107.56,107.56,648.0
2024-08-20 22:54:00,107.57,107.57,107.57,107.57,386.0
2024-08-20 22:58:00,107.65,107.65,107.65,107.65,507.0
2024-08-20 23:00:00,107.5749,107.65,107.57,107.57,561.0
2024-08-20 23:02:00,107.57,107.6,107.56,107.56,3632.0
2024-08-20 23:04:00,107.51,107.51,107.51,107.51,210.0
2024-08-20 23:08:00,107.5,107.51,107.5,107.5,2111.0
2024-08-20 23:14:00,107.51,107.51,107.51,107.51,281.0
2024-08-20 23:16:00,107.51,107.51,107.43,107.43,605.0
2024-08-20 23:18:00,107.46,107.46,107.42,107.42,237.0
2024-08-20 23:20:00,107.42,107.42,107.42,107.42,762.0
2024-08-20 23:22:00,107.41,107.41,107.38,107.38,630.0
2024-08-20 23:28:00,107.4,107.4,107.4,107.4,154.0
2024-08-20 23:30:00,107.37,107.4,107.37,107.4,1154.0
2024-08-20 23:32:00,107.47,107.47,107.26,107.26,474.0
2024-08-20 23:34:00,107.28,107.28,107.28,107.28,1063.0
2024-08-20 23:38:00,107.31,107.31,107.3,107.3,1100.0
2024-08-20 23:40:00,107.3,107.3,107.3,107.3,101.0
2024-08-20 23:42:00,107.18,107.18,107.18,107.18,461.0
2024-08-20 23:44:00,107.16,107.16,107.15,107.15,1539.0
2024-08-20 23:46:00,107.15,107.15,107.15,107.15,6749.0
2024-08-20 23:48:00,107.15,107.15,107.15,107.15,3123.0
2024-08-20 23:50:00,107.15,107.15,107.15,107.15,1255.0
2024-08-20 23:52:00,107.15,107.15,107.1295,107.1295,544.0
2024-08-20 23:54:00,107.1,107.1,107.1,107.1,1576.0
2024-08-20 23:56:00,107.13,107.13,107.1,107.1,1208.0
2024-08-20 23:58:00,107.1,107.1,107.02,107.02,1963.0
2024-08-21 08:00:00,107.7,107.7,107.7,107.7,1547.0
2024-08-21 08:06:00,107.25,107.25,107.25,107.25,618.0
2024-08-21 08:10:00,107.35,107.35,107.35,107.35,654.0
2024-08-21 08:18:00,107.5,107.5,107.5,107.5,632.0
2024-08-21 08:26:00,107.37,107.37,107.31,107.31,715.0
2024-08-21 09:32:00,107.31,107.31,107.27,107.28,1050.0
2024-08-21 09:34:00,107.14,107.2,107.14,107.2,736.0
2024-08-21 09:40:00,107.1,107.1,107.1,107.1,1051.0
2024-08-21 09:42:00,107.2,107.2,107.2,107.2,300.0
2024-08-21 09:44:00,107.1,107.2,107.1,107.2,4085.0
2024-08-21 09:46:00,107.15,107.2,107.02,107.02,2536.0
2024-08-21 09:52:00,107.12,107.12,107.12,107.12,183.0
2024-08-21 09:54:00,107.06,107.06,107.06,107.06,420.0
2024-08-21 10:04:00,107.2,107.2,107.2,107.2,365.0
2024-08-21 10:06:00,107.2,107.2,107.2,107.2,700.0
2024-08-21 10:10:00,107.2,107.2,107.2,107.2,5659.0
2024-08-21 10:12:00,107.2,107.2,107.19,107.2,2555.0
2024-08-21 10:14:00,107.11,107.11,107.1,107.1,785.0
2024-08-21 10:16:00,107.11,107.11,107.11,107.11,190.0
2024-08-21 10:22:00,107.14,107.14,107.14,107.14,240.0
2024-08-21 10:26:00,107.14,107.14,107.14,107.14,301.0
2024-08-21 10:42:00,107.15,107.15,107.15,107.15,190.0
2024-08-21 10:44:00,107.28,107.28,107.15,107.15,569.0
2024-08-21 10:46:00,107.15,107.15,107.14,107.14,500.0
2024-08-21 10:48:00,107.24,107.24,107.24,107.24,386.0
2024-08-21 10:50:00,107.3,107.3,107.28,107.28,929.0
2024-08-21 10:52:00,107.28,107.29,107.28,107.29,430.0
2024-08-21 10:54:00,107.26,107.39,107.26,107.39,3441.0
2024-08-21 11:00:00,107.385,107.44,107.3,107.3,2062.0
2024-08-21 11:02:00,107.61,107.75,107.61,107.75,1445.0
2024-08-21 11:04:00,107.78,107.8,107.75,107.75,1873.0
2024-08-21 11:06:00,107.6,107.6,107.55,107.55,1671.0
2024-08-21 11:08:00,107.65,107.65,107.65,107.65,1295.0
2024-08-21 11:10:00,107.7,107.7,107.65,107.65,454.0
2024-08-21 11:12:00,107.67,107.67,107.67,107.67,782.0
2024-08-21 11:14:00,107.87,107.87,107.87,107.87,1000.0
2024-08-21 11:16:00,107.86,107.86,107.86,107.86,585.0
2024-08-21 11:18:00,107.8,107.85,107.8,107.8,2526.0
2024-08-21 11:20:00,107.79,107.79,107.79,107.79,221.0
2024-08-21 11:24:00,107.8,107.8,107.8,107.8,1230.0
2024-08-21 11:26:00,107.8,107.8,107.8,107.8,672.0
2024-08-21 11:28:00,107.76,107.76,107.62,107.62,1581.0
2024-08-21 11:30:00,107.59,107.59,107.59,107.59,467.0
2024-08-21 11:32:00,107.6,107.6,107.59,107.59,542.0
2024-08-21 11:36:00,107.59,107.6,107.59,107.6,720.0
2024-08-21 11:40:00,107.65,107.75,107.65,107.75,881.0
2024-08-21 11:42:00,107.67,107.67,107.6,107.6,2599.0
2024-08-21 11:52:00,107.6,107.6,107.6,107.6,416.0
2024-08-21 11:56:00,107.61,107.61,107.51,107.51,1257.0
2024-08-21 12:00:00,107.8856,107.9,107.4155,107.77,130233.0
2024-08-21 12:02:00,107.65,107.65,107.65,107.65,619.0
2024-08-21 12:04:00,107.63,107.75,107.63,107.75,1104.0
2024-08-21 12:08:00,107.65,107.65,107.52,107.6,1811.0
2024-08-21 12:10:00,107.65,107.65,107.65,107.65,366.0
2024-08-21 12:12:00,108.259,108.259,107.65,107.7,1634.0
2024-08-21 12:14:00,107.74,107.74,107.74,107.74,446.0
2024-08-21 12:16:00,107.76,107.76,107.76,107.76,956.0
2024-08-21 12:18:00,107.75,107.75,107.75,107.75,1753.0
2024-08-21 12:20:00,107.75,107.86,107.7499,107.86,2267.0
2024-08-21 12:22:00,107.8796,107.95,107.8796,107.91,4957.0
2024-08-21 12:24:00,107.9882,107.9882,107.9,107.91,1375.0
2024-08-21 12:26:00,107.96,107.99,107.96,107.976,1786.0
2024-08-21 12:28:00,108.0,108.2033,108.0,108.1,2416.0
2024-08-21 12:32:00,108.1,108.1,108.06,108.1,1111.0
2024-08-21 12:34:00,108.1,108.1,108.1,108.1,968.0
2024-08-21 12:36:00,108.25,108.25,108.0,108.19,8131.0
2024-08-21 12:38:00,108.07,108.15,108.07,108.15,2227.0
2024-08-21 12:40:00,108.008,108.1,108.008,108.1,737.0
2024-08-21 12:42:00,108.15,108.19,108.15,108.18,1404.0
2024-08-21 12:44:00,108.3,108.3,108.22,108.22,3724.0
2024-08-21 12:46:00,108.14,108.14,108.14,108.14,520.0
2024-08-21 12:48:00,108.05,108.09,108.0,108.09,1312.0
2024-08-21 12:50:00,108.05,108.05,108.0,108.0,1402.0
2024-08-21 12:52:00,108.039,108.039,107.96,107.96,1054.0
2024-08-21 12:54:00,107.91,107.92,107.8,107.8,1677.0
2024-08-21 12:58:00,107.85,107.85,107.85,107.85,494.0
2024-08-21 13:00:00,107.83,107.83,107.81,107.83,850.0
2024-08-21 13:02:00,107.9994,107.9994,107.9,107.9,5856.0
2024-08-21 13:04:00,107.9,107.9,107.9,107.9,172.0
2024-08-21 13:06:00,107.96,107.96,107.84,107.84,1963.0
2024-08-21 13:08:00,108.0,108.0,107.9,107.9,1155.0
2024-08-21 13:10:00,107.9,107.9,107.9,107.9,561.0
2024-08-21 13:12:00,107.941,107.941,107.941,107.941,125.0
2024-08-21 13:14:00,107.9006,108.07,107.9006,108.05,4099.0
2024-08-21 13:16:00,108.1,108.19,108.09,108.09,16290.0
2024-08-21 13:18:00,108.06,108.07,107.85,107.943,13679.0
2024-08-21 13:20:00,107.93,107.93,107.75,107.75,5429.0
2024-08-21 13:24:00,107.87,108.0,107.87,108.0,3117.0
2024-08-21 13:26:00,107.98,108.0,107.85,107.92,8198.0
2024-08-21 13:28:00,107.98,108.23,107.96,108.11,12218.0
2024-08-21 13:30:00,108.16,108.23,107.25,107.51,324921.0
2024-08-21 13:32:00,107.515,107.93,107.39,107.51,91322.0
2024-08-21 13:34:00,107.5,107.56,106.85,107.24,164907.0
2024-08-21 13:36:00,107.247,107.64,107.21,107.575,96705.0
2024-08-21 13:38:00,107.5675,108.015,107.4,107.9,376102.0
2024-08-21 13:40:00,107.882,108.0,107.465,107.6899,107511.0
2024-08-21 13:42:00,107.674,107.705,106.93,106.974,133533.0
2024-08-21 13:44:00,106.975,107.25,106.94,107.035,240186.0
2024-08-21 13:46:00,107.05,107.06,106.75,106.935,186824.0
2024-08-21 13:48:00,106.9537,106.9952,106.63,106.7111,130261.0
2024-08-21 13:50:00,106.73,106.92,106.6409,106.7995,106131.0
2024-08-21 13:52:00,106.82,106.828,106.27,106.4061,183998.0
2024-08-21 13:54:00,106.39,106.58,106.21,106.54,112387.0
2024-08-21 13:56:00,106.53,106.8687,106.45,106.775,95892.0
2024-08-21 13:58:00,106.775,106.89,106.4,106.534,118572.0
2024-08-21 14:00:00,106.515,106.81,106.515,106.68,124730.0
2024-08-21 14:02:00,106.705,106.98,106.66,106.945,107885.0
2024-08-21 14:04:00,106.96,107.09,106.65,106.85,124520.0
2024-08-21 14:06:00,106.87,106.93,106.61,106.6699,79210.0
2024-08-21 14:08:00,106.65,107.02,106.58,106.95,107886.0
2024-08-21 14:10:00,106.89,107.1,106.82,107.0501,77837.0
2024-08-21 14:12:00,107.08,107.15,106.815,106.88,65516.0
2024-08-21 14:14:00,106.87,106.9496,106.27,106.33,137767.0
2024-08-21 14:16:00,106.315,106.75,106.31,106.69,129903.0
2024-08-21 14:18:00,106.685,107.1,106.5,107.05,97197.0
2024-08-21 14:20:00,107.03,107.23,106.9911,107.05,92250.0
2024-08-21 14:22:00,107.055,107.27,106.99,107.21,80967.0
2024-08-21 14:24:00,107.24,107.3,106.91,106.9423,69118.0
2024-08-21 14:26:00,106.925,107.11,106.76,107.11,69034.0
2024-08-21 14:28:00,107.085,107.13,106.9602,107.08,50185.0
2024-08-21 14:30:00,107.105,107.16,106.93,107.16,42498.0
2024-08-21 14:32:00,107.16,107.2,106.73,106.82,110576.0
2024-08-21 14:34:00,106.81,106.88,106.67,106.72,56849.0
2024-08-21 14:36:00,106.73,107.39,106.7009,107.34,140730.0
2024-08-21 14:38:00,107.3562,107.45,107.1004,107.28,64825.0
2024-08-21 14:40:00,107.35,107.6,107.3,107.6,56316.0
2024-08-21 14:42:00,107.59,107.99,107.59,107.9231,118381.0
2024-08-21 14:44:00,107.9273,108.0024,107.76,107.83,116129.0
2024-08-21 14:46:00,107.82,107.955,107.7,107.7,54959.0
2024-08-21 14:48:00,107.725,107.735,107.5,107.61,63907.0
2024-08-21 14:50:00,107.56,107.6,106.67,106.75,101827.0
2024-08-21 14:52:00,106.76,106.76,106.44,106.6145,161529.0
2024-08-21 14:54:00,106.6,106.64,106.35,106.365,90853.0
2024-08-21 14:56:00,106.35,106.5881,106.32,106.54,95266.0
2024-08-21 14:58:00,106.545,106.7662,106.5,106.51,55512.0
2024-08-21 15:00:00,106.5,106.62,106.3001,106.58,57938.0
2024-08-21 15:02:00,106.56,106.7,106.4101,106.69,41643.0
2024-08-21 15:04:00,106.7099,106.97,106.68,106.91,48228.0
2024-08-21 15:06:00,106.9,106.91,106.62,106.65,55205.0
2024-08-21 15:08:00,106.65,106.81,106.58,106.77,48097.0
2024-08-21 15:10:00,106.7528,107.02,106.74,106.98,56599.0
2024-08-21 15:12:00,106.98,107.03,106.89,106.9319,43786.0
2024-08-21 15:14:00,106.95,107.03,106.8801,107.0188,38030.0
2024-08-21 15:16:00,107.02,107.18,106.96,107.11,32930.0
2024-08-21 15:18:00,107.06,107.13,106.8801,106.91,27045.0
2024-08-21 15:20:00,106.95,107.1,106.905,107.0199,34064.0
2024-08-21 15:22:00,107.0199,107.05,106.87,106.9495,27920.0
2024-08-21 15:24:00,106.97,107.0,106.9,106.95,31377.0
2024-08-21 15:26:00,106.94,107.017,106.885,106.96,27158.0
2024-08-21 15:28:00,107.0,107.069,106.95,107.001,25936.0
2024-08-21 15:30:00,106.99,107.01,106.85,106.94,21681.0
2024-08-21 15:32:00,106.91,106.93,106.8,106.93,13956.0
2024-08-21 15:34:00,106.9228,106.96,106.74,106.86,33576.0
2024-08-21 15:36:00,106.86,107.03,106.86,107.025,28544.0
2024-08-21 15:38:00,107.0165,107.03,106.915,106.93,18501.0
2024-08-21 15:40:00,106.94,106.958,106.79,106.865,16730.0
2024-08-21 15:42:00,106.86,106.86,106.7,106.82,35712.0
2024-08-21 15:44:00,106.82,107.0442,106.82,107.04,39106.0
2024-08-21 15:46:00,107.0698,107.0999,106.8401,106.8675,34963.0
2024-08-21 15:48:00,106.88,107.02,106.86,106.875,19895.0
2024-08-21 15:50:00,106.87,106.96,106.75,106.81,28682.0
2024-08-21 15:52:00,106.8103,106.9799,106.75,106.95,20966.0
2024-08-21 15:54:00,106.97,106.995,106.92,106.935,17514.0
2024-08-21 15:56:00,106.94,106.94,106.81,106.831,22664.0
2024-08-21 15:58:00,106.82,106.91,106.78,106.89,21328.0
2024-08-21 16:00:00,106.875,106.875,106.71,106.75,23986.0
2024-08-21 16:02:00,106.75,106.8,106.3824,106.42,90453.0
2024-08-21 16:04:00,106.38,106.46,106.27,106.37,86545.0
2024-08-21 16:06:00,106.34,106.54,106.34,106.4734,42552.0
2024-08-21 16:08:00,106.49,106.61,106.45,106.6,40131.0
2024-08-21 16:10:00,106.63,106.8994,106.59,106.835,68672.0
2024-08-21 16:12:00,106.84,106.86,106.68,106.73,31614.0
2024-08-21 16:14:00,106.735,106.8,106.68,106.69,31685.0
2024-08-21 16:16:00,106.7,106.8,106.65,106.65,40482.0
2024-08-21 16:18:00,106.6583,106.77,106.56,106.73,47577.0
2024-08-21 16:20:00,106.72,106.85,106.695,106.82,42420.0
2024-08-21 16:22:00,106.78,106.78,106.665,106.665,28434.0
2024-08-21 16:24:00,106.68,106.69,106.57,106.58,34740.0
2024-08-21 16:26:00,106.58,106.72,106.58,106.63,24435.0
2024-08-21 16:28:00,106.58,106.59,106.52,106.54,46734.0
2024-08-21 16:30:00,106.53,106.56,106.4,106.4,42883.0
2024-08-21 16:32:00,106.42,106.4992,106.4,106.475,53122.0
2024-08-21 16:34:00,106.47,106.565,106.45,106.535,33685.0
2024-08-21 16:36:00,106.54,106.62,106.47,106.6,45277.0
2024-08-21 16:38:00,106.58,106.6197,106.551,106.6,30967.0
2024-08-21 16:40:00,106.615,106.75,106.57,106.57,44272.0
2024-08-21 16:42:00,106.58,106.77,106.58,106.765,33972.0
2024-08-21 16:44:00,106.75,106.8299,106.73,106.74,31515.0
2024-08-21 16:46:00,106.74,106.83,106.74,106.82,34045.0
2024-08-21 16:48:00,106.83,106.88,106.76,106.7796,28577.0
2024-08-21 16:50:00,106.7666,106.89,106.7666,106.88,27443.0
2024-08-21 16:52:00,106.865,106.9,106.82,106.8631,24634.0
2024-08-21 16:54:00,106.89,106.96,106.89,106.93,19438.0
2024-08-21 16:56:00,106.94,107.1,106.902,107.08,52633.0
2024-08-21 16:58:00,107.07,107.31,107.065,107.2424,39500.0
2024-08-21 17:00:00,107.23,107.255,107.14,107.19,35307.0
2024-08-21 17:02:00,107.2,107.295,107.2,107.295,21459.0
2024-08-21 17:04:00,107.32,107.34,107.23,107.24,33176.0
2024-08-21 17:06:00,107.25,107.28,107.18,107.24,17939.0
2024-08-21 17:08:00,107.235,107.33,107.235,107.3103,15958.0
2024-08-21 17:10:00,107.3101,107.37,107.3,107.335,20018.0
2024-08-21 17:12:00,107.335,107.43,107.33,107.42,18884.0
2024-08-21 17:14:00,107.42,107.43,107.29,107.32,20755.0
2024-08-21 17:16:00,107.34,107.36,107.3,107.33,13196.0
2024-08-21 17:18:00,107.34,107.345,107.23,107.265,33209.0
2024-08-21 17:20:00,107.27,107.3,107.2401,107.2916,19205.0
2024-08-21 17:22:00,107.29,107.35,107.21,107.23,21019.0
2024-08-21 17:24:00,107.23,107.27,107.23,107.25,26714.0
2024-08-21 17:26:00,107.25,107.34,107.21,107.3203,22932.0
2024-08-21 17:28:00,107.3224,107.34,107.27,107.28,20543.0
2024-08-21 17:30:00,107.275,107.35,107.24,107.33,41060.0
2024-08-21 17:32:00,107.33,107.42,107.31,107.38,22720.0
2024-08-21 17:34:00,107.43,107.515,107.4,107.51,33092.0
2024-08-21 17:36:00,107.51,107.52,107.4,107.43,26303.0
2024-08-21 17:38:00,107.44,107.515,107.43,107.4912,27381.0
2024-08-21 17:40:00,107.48,107.54,107.47,107.47,16339.0
2024-08-21 17:42:00,107.48,107.485,107.28,107.305,40002.0
2024-08-21 17:44:00,107.2999,107.37,107.24,107.25,40070.0
2024-08-21 17:46:00,107.26,107.32,107.18,107.22,42135.0
2024-08-21 17:48:00,107.23,107.39,107.23,107.32,34831.0
2024-08-21 17:50:00,107.33,107.45,107.32,107.41,33194.0
2024-08-21 17:52:00,107.39,107.415,107.36,107.382,20275.0
2024-08-21 17:54:00,107.39,107.39,107.26,107.31,32327.0
2024-08-21 17:56:00,107.32,107.4195,107.28,107.39,38600.0
2024-08-21 17:58:00,107.385,107.55,107.37,107.49,46797.0
2024-08-21 18:00:00,107.5,107.73,107.39,107.5603,67587.0
2024-08-21 18:02:00,107.59,107.64,107.39,107.605,31862.0
2024-08-21 18:04:00,107.59,107.62,107.33,107.41,48104.0
2024-08-21 18:06:00,107.39,107.66,107.33,107.66,27879.0
2024-08-21 18:08:00,107.66,107.66,107.5,107.55,25849.0
2024-08-21 18:10:00,107.55,107.59,107.4801,107.58,22659.0
2024-08-21 18:12:00,107.57,107.57,107.4,107.54,24857.0
2024-08-21 18:14:00,107.5436,107.64,107.53,107.6,25074.0
2024-08-21 18:16:00,107.61,107.65,107.5,107.5,19458.0
2024-08-21 18:18:00,107.55,107.69,107.5066,107.672,12122.0
2024-08-21 18:20:00,107.66,107.79,107.6302,107.742,43820.0
2024-08-21 18:22:00,107.745,107.7599,107.62,107.7,24048.0
2024-08-21 18:24:00,107.6835,107.78,107.6835,107.75,29456.0
2024-08-21 18:26:00,107.73,107.79,107.6901,107.77,19529.0
2024-08-21 18:28:00,107.79,107.85,107.77,107.84,41785.0
2024-08-21 18:30:00,107.848,108.08,107.84,108.07,91175.0
2024-08-21 18:32:00,108.07,108.17,108.07,108.12,78459.0
2024-08-21 18:34:00,108.125,108.1799,107.82,107.86,65364.0
2024-08-21 18:36:00,107.86,107.99,107.855,107.9604,43955.0
2024-08-21 18:38:00,107.97,107.97,107.62,107.73,73494.0
2024-08-21 18:40:00,107.72,107.77,107.52,107.605,46044.0
2024-08-21 18:42:00,107.605,107.6598,107.51,107.59,36778.0
2024-08-21 18:44:00,107.59,107.61,107.47,107.5,31140.0
2024-08-21 18:46:00,107.49,107.729,107.48,107.71,34388.0
2024-08-21 18:48:00,107.7,107.75,107.61,107.65,29767.0
2024-08-21 18:50:00,107.655,107.918,107.635,107.918,29720.0
2024-08-21 18:52:00,107.9,107.94,107.84,107.91,25539.0
2024-08-21 18:54:00,107.9,107.925,107.81,107.9,34805.0
2024-08-21 18:56:00,107.89,107.89,107.77,107.87,38499.0
2024-08-21 18:58:00,107.88,107.94,107.775,107.8,26459.0
2024-08-21 19:00:00,107.82,107.86,107.68,107.685,41237.0
2024-08-21 19:02:00,107.682,107.78,107.63,107.7,23725.0
2024-08-21 19:04:00,107.67,107.71,107.62,107.7,31913.0
2024-08-21 19:06:00,107.695,107.75,107.6101,107.66,30119.0
2024-08-21 19:08:00,107.66,107.67,107.45,107.555,44775.0
2024-08-21 19:10:00,107.56,107.77,107.56,107.67,28826.0
2024-08-21 19:12:00,107.665,107.68,107.55,107.6,22446.0
2024-08-21 19:14:00,107.6,107.61,107.48,107.61,27770.0
2024-08-21 19:16:00,107.6191,107.63,107.5262,107.54,20038.0
2024-08-21 19:18:00,107.541,107.6,107.5,107.51,27070.0
2024-08-21 19:20:00,107.5,107.55,107.36,107.53,40690.0
2024-08-21 19:22:00,107.525,107.525,107.32,107.435,29304.0
2024-08-21 19:24:00,107.44,107.69,107.42,107.65,36342.0
2024-08-21 19:26:00,107.69,107.75,107.68,107.695,20246.0
2024-08-21 19:28:00,107.7,107.83,107.7,107.7,45676.0
2024-08-21 19:30:00,107.73,107.85,107.68,107.84,53551.0
2024-08-21 19:32:00,107.85,107.9,107.78,107.89,42533.0
2024-08-21 19:34:00,107.89,107.965,107.79,107.9,65580.0
2024-08-21 19:36:00,107.905,107.9531,107.7651,107.805,47818.0
2024-08-21 19:38:00,107.805,107.85,107.71,107.85,60270.0
2024-08-21 19:40:00,107.87,107.89,107.61,107.635,83526.0
2024-08-21 19:42:00,107.66,107.79,107.645,107.6701,50863.0
2024-08-21 19:44:00,107.69,107.75,107.61,107.65,79225.0
2024-08-21 19:46:00,107.66,107.74,107.61,107.716,95318.0
2024-08-21 19:48:00,107.71,107.78,107.63,107.74,83895.0
2024-08-21 19:50:00,107.75,107.9,107.702,107.86,93476.0
2024-08-21 19:52:00,107.85,108.04,107.68,107.91,150268.0
2024-08-21 19:54:00,107.9252,108.275,107.85,108.22,223283.0
2024-08-21 19:56:00,108.22,108.35,108.145,108.3114,155544.0
2024-08-21 19:58:00,108.32,108.4,108.29,108.32,347613.0
2024-08-21 20:00:00,108.33,108.33,108.0343,108.33,49389.0
2024-08-21 20:02:00,108.33,108.35,108.33,108.35,2089.0
2024-08-21 20:04:00,108.24,108.33,108.23,108.3,29732.0
2024-08-21 20:06:00,108.25,108.25,108.25,108.25,426.0
2024-08-21 20:08:00,108.33,108.33,108.23,108.23,1066.0
2024-08-21 20:10:00,108.18,108.24,108.17,108.18,2890.0
2024-08-21 20:12:00,108.2,108.325,108.17,108.17,1563.0
2024-08-21 20:14:00,108.17,108.17,108.17,108.17,762.0
2024-08-21 20:16:00,108.2,108.33,108.17,108.33,34578.0
2024-08-21 20:20:00,108.3,108.3,108.032,108.032,324.0
2024-08-21 20:22:00,108.2931,108.2931,108.2931,108.2931,732.0
2024-08-21 20:26:00,108.18,108.18,108.0467,108.116,718.0
2024-08-21 20:30:00,108.0862,108.2,108.0862,108.2,355.0
2024-08-21 20:32:00,108.2,108.2,108.1025,108.1088,1406.0
2024-08-21 20:38:00,108.25,108.25,108.25,108.25,282.0
2024-08-21 20:40:00,108.18,108.1803,108.18,108.18,1950.0
2024-08-21 20:42:00,108.182,108.2,108.0539,108.0539,2263.0
2024-08-21 20:48:00,108.24,108.24,108.2,108.2,481.0
2024-08-21 20:50:00,108.24,108.24,108.24,108.24,263.0
2024-08-21 20:52:00,108.24,108.24,108.2,108.2,837.0
2024-08-21 20:56:00,108.16,108.16,108.16,108.16,411.0
2024-08-21 20:58:00,108.1515,108.1515,108.15,108.15,1475.0
2024-08-21 21:00:00,108.1006,108.1006,108.1006,108.1006,136.0
2024-08-21 21:08:00,108.22,108.22,108.22,108.22,100.0
2024-08-21 21:10:00,108.13,108.23,108.13,108.23,694.0
2024-08-21 21:12:00,108.18,108.18,108.18,108.18,560.0
2024-08-21 21:18:00,108.24,108.3,108.23,108.23,4708.0
2024-08-21 21:22:00,108.3239,108.3239,108.3239,108.3239,133.0
2024-08-21 21:24:00,108.1832,108.1832,108.1832,108.1832,150.0
2024-08-21 21:30:00,108.21,108.21,108.21,108.21,342.0
2024-08-21 21:32:00,108.26,108.4896,108.26,108.4896,4050.0
2024-08-21 21:40:00,108.4677,108.4677,108.4677,108.4677,102.0
2024-08-21 21:42:00,108.33,108.33,108.3,108.3,451.0
2024-08-21 21:44:00,108.31,108.31,108.31,108.31,350.0
2024-08-21 21:46:00,108.33,108.33,108.33,108.33,161.0
2024-08-21 21:54:00,108.3101,108.3101,108.3101,108.3101,1005.0
2024-08-21 21:56:00,108.31,108.31,108.31,108.31,199.0
2024-08-21 22:00:00,108.28,108.28,108.28,108.28,513.0
2024-08-21 22:06:00,108.31,108.31,108.31,108.31,1001.0
2024-08-21 22:10:00,108.28,108.28,108.28,108.28,1836.0
2024-08-21 22:14:00,108.4,108.4,108.4,108.4,243.0
2024-08-21 22:16:00,108.4,108.4,108.4,108.4,461.0
2024-08-21 22:18:00,108.4,108.4,108.4,108.4,188.0
2024-08-21 22:20:00,108.26,108.26,108.26,108.26,510.0
2024-08-21 22:22:00,108.2122,108.2122,108.2122,108.2122,507.0
2024-08-21 22:24:00,108.4,108.4,108.4,108.4,820.0
2024-08-21 22:26:00,108.2136,108.2136,108.2136,108.2136,716.0
2024-08-21 22:28:00,108.39,108.39,108.39,108.39,100.0
2024-08-21 22:32:00,108.45,108.45,108.45,108.45,278.0
2024-08-21 22:38:00,108.4589,108.4589,108.4,108.45,717.0
2024-08-21 22:44:00,108.34,108.34,108.33,108.33,740.0
2024-08-21 22:46:00,108.4,108.4,108.4,108.4,154.0
2024-08-21 22:48:00,108.3,108.31,108.3,108.31,570.0
2024-08-21 22:52:00,108.4373,108.4373,108.4373,108.4373,182.0
2024-08-21 22:56:00,108.38,108.38,108.38,108.38,110.0
2024-08-21 23:06:00,108.3,108.3,108.3,108.3,150.0
2024-08-21 23:12:00,108.3,108.3,108.3,108.3,608.0
2024-08-21 23:14:00,108.2999,108.3,108.2999,108.3,947.0
2024-08-21 23:20:00,108.2603,108.2603,108.2603,108.2603,200.0
2024-08-21 23:22:00,108.2607,108.2607,108.2607,108.2607,153.0
2024-08-21 23:24:00,108.33,108.33,108.33,108.33,1007.0
2024-08-21 23:28:00,108.33,108.33,108.33,108.33,419.0
2024-08-21 23:38:00,108.34,108.34,108.34,108.34,1250.0
2024-08-21 23:42:00,108.33,108.34,108.2655,108.34,1513.0
2024-08-21 23:50:00,108.3504,108.3504,108.3504,108.3504,118.0
2024-08-21 23:52:00,108.3988,108.3988,108.3988,108.3988,757.0
2024-08-21 23:54:00,108.45,108.45,108.45,108.45,461.0
2024-08-21 23:56:00,108.46,108.49,108.46,108.49,2380.0
2024-08-21 23:58:00,108.26,108.26,108.22,108.22,2067.0
2024-08-22 08:00:00,108.12,108.24,108.12,108.24,1659.0
2024-08-22 08:06:00,108.01,108.01,108.0,108.0,1611.0
2024-08-22 08:08:00,107.79,107.79,107.79,107.79,929.0
2024-08-22 08:12:00,107.85,107.85,107.81,107.81,606.0
2024-08-22 08:16:00,108.07,108.1,108.07,108.1,1084.0
2024-08-22 08:22:00,108.09,108.1,108.09,108.1,538.0
2024-08-22 08:26:00,108.06,108.06,108.06,108.06,278.0
2024-08-22 08:36:00,108.09,108.09,108.08,108.08,620.0
2024-08-22 09:00:00,108.29,108.29,108.29,108.29,205.0
2024-08-22 09:24:00,108.27,108.27,108.27,108.27,300.0
2024-08-22 09:52:00,108.4,108.4,108.4,108.4,101.0
2024-08-22 09:58:00,108.36,108.42,108.36,108.42,812.0
2024-08-22 10:08:00,108.34,108.35,108.34,108.35,679.0
2024-08-22 10:28:00,108.42,108.42,108.42,108.42,176.0
2024-08-22 10:32:00,108.48,108.5,108.48,108.5,2615.0
2024-08-22 10:40:00,108.69,108.69,108.69,108.69,253.0
2024-08-22 10:42:00,108.64,108.67,108.64,108.67,319.0
2024-08-22 10:46:00,108.61,108.61,108.61,108.61,150.0
2024-08-22 10:54:00,108.67,108.67,108.65,108.65,652.0
2024-08-22 10:58:00,108.48,108.62,108.41,108.41,3593.0
2024-08-22 11:00:00,108.48,108.64,108.48,108.64,2150.0
2024-08-22 11:10:00,108.74,108.82,108.74,108.82,2220.0
2024-08-22 11:12:00,108.85,108.85,108.85,108.85,250.0
2024-08-22 11:14:00,108.86,108.87,108.86,108.87,316.0
2024-08-22 11:18:00,108.8,108.96,108.77,108.96,4003.0
2024-08-22 11:22:00,108.83,108.83,108.83,108.83,624.0
2024-08-22 11:24:00,108.92,108.93,108.88,108.88,879.0
2024-08-22 11:26:00,108.88,108.88,108.87,108.87,410.0
2024-08-22 11:30:00,108.82,108.82,108.79,108.79,1933.0
2024-08-22 11:32:00,108.75,108.75,108.75,108.75,362.0
2024-08-22 11:34:00,108.66,108.66,108.66,108.66,294.0
2024-08-22 11:36:00,108.73,108.8,108.73,108.8,2088.0
2024-08-22 11:38:00,108.72,108.72,108.72,108.72,360.0
2024-08-22 11:40:00,108.7,108.72,108.7,108.72,620.0
2024-08-22 11:42:00,108.72,108.82,108.72,108.82,1794.0
2024-08-22 11:46:00,108.8,108.8,108.8,108.8,1306.0
2024-08-22 11:48:00,108.73,108.75,108.7,108.74,5063.0
2024-08-22 11:50:00,108.74,108.81,108.68,108.81,8371.0
2024-08-22 11:52:00,108.81,108.85,108.81,108.85,651.0
2024-08-22 11:54:00,108.81,108.81,108.81,108.81,158.0
2024-08-22 11:58:00,108.8,108.8,108.8,108.8,154.0
2024-08-22 12:00:00,108.6408,108.9896,108.1,108.78,22706.0
2024-08-22 12:02:00,108.78,108.79,108.78,108.79,921.0
2024-08-22 12:04:00,108.8,108.835,108.6,108.835,751886.0
2024-08-22 12:06:00,108.9,108.9,108.7407,108.7407,1517.0
2024-08-22 12:08:00,108.8,108.85,108.8,108.85,695.0
2024-08-22 12:10:00,108.7745,108.85,108.7745,108.85,1111.0
2024-08-22 12:12:00,108.8,108.85,108.79,108.85,2200.0
2024-08-22 12:14:00,108.82,108.82,108.79,108.79,674.0
2024-08-22 12:16:00,108.75,108.75,108.69,108.69,3048.0
2024-08-22 12:18:00,108.71,108.71,108.6463,108.6463,537.0
2024-08-22 12:20:00,108.8,108.8,108.75,108.75,2203.0
2024-08-22 12:22:00,108.7,108.75,108.69,108.74,4212.0
2024-08-22 12:24:00,108.74,108.8491,108.74,108.8491,1321.0
2024-08-22 12:26:00,108.85,108.85,108.85,108.85,360.0
2024-08-22 12:28:00,108.87,108.92,108.85,108.92,3634.0
2024-08-22 12:30:00,108.93,109.2,108.89,109.0,5934.0
2024-08-22 12:32:00,109.0,109.1,109.0,109.1,3632.0
2024-08-22 12:34:00,108.9,108.9,108.9,108.9,427.0
2024-08-22 12:36:00,108.9,108.9,108.6,108.6,7903.0
2024-08-22 12:38:00,108.497,108.58,108.49,108.5,3116.0
2024-08-22 12:40:00,108.5,108.8,108.5,108.8,1193.0
2024-08-22 12:42:00,108.72,108.72,108.72,108.72,707.0
2024-08-22 12:44:00,108.68,108.68,108.6,108.6,3182.0
2024-08-22 12:46:00,108.5064,108.65,108.5064,108.65,1387.0
2024-08-22 12:48:00,108.79,108.79,108.79,108.79,618.0
2024-08-22 12:50:00,108.75,108.75,108.75,108.75,571.0
2024-08-22 12:54:00,108.87,108.88,108.85,108.88,2041.0
2024-08-22 12:56:00,108.8,108.83,108.8,108.83,755.0
2024-08-22 12:58:00,108.9,108.9,108.9,108.9,221.0
2024-08-22 13:00:00,108.94,108.94,108.85,108.913,6502.0
2024-08-22 13:02:00,108.9,108.9,108.85,108.85,1400.0
2024-08-22 13:04:00,108.9,108.94,108.8507,108.94,2079.0
2024-08-22 13:06:00,108.85,108.93,108.85,108.92,1764.0
2024-08-22 13:08:00,108.88,108.88,108.85,108.85,1707.0
2024-08-22 13:10:00,108.8,108.8,108.6515,108.74,3815.0
2024-08-22 13:12:00,108.85,108.85,108.8,108.8,2911.0
2024-08-22 13:14:00,108.85,108.9,108.85,108.89,2815.0
2024-08-22 13:16:00,108.86,108.92,108.86,108.88,1065.0
2024-08-22 13:18:00,108.92,109.0,108.92,109.0,3806.0
2024-08-22 13:20:00,109.0,109.1,108.99,108.99,5397.0
2024-08-22 13:22:00,109.0832,109.1236,109.07,109.08,4797.0
2024-08-22 13:24:00,109.0,109.16,108.99,109.14,7778.0
2024-08-22 13:26:00,109.17,109.25,109.15,109.25,14116.0
2024-08-22 13:28:00,109.2,109.2,108.98,108.98,2950.0
2024-08-22 13:30:00,108.95,110.78,108.94,110.77,636102.0
2024-08-22 13:32:00,110.77,111.0,110.33,110.54,350102.0
2024-08-22 13:34:00,110.545,110.67,109.23,109.63,358870.0
2024-08-22 13:36:00,109.64,109.73,109.01,109.63,380704.0
2024-08-22 13:38:00,109.635,109.77,108.88,109.265,249169.0
2024-08-22 13:40:00,109.28,109.33,108.9,109.025,160001.0
2024-08-22 13:42:00,109.04,109.05,108.51,108.68,177474.0
2024-08-22 13:44:00,108.7,108.9571,108.38,108.67,301638.0
2024-08-22 13:46:00,108.69,108.95,108.6001,108.72,112715.0
2024-08-22 13:48:00,108.75,109.0,108.64,108.74,111314.0
2024-08-22 13:50:00,108.7305,108.7594,108.12,108.272,197002.0
2024-08-22 13:52:00,108.28,108.41,108.04,108.1019,132365.0
2024-08-22 13:54:00,108.1,108.3955,108.01,108.3955,109064.0
2024-08-22 13:56:00,108.37,108.6,108.3001,108.49,89569.0
2024-08-22 13:58:00,108.52,108.52,108.1101,108.45,106058.0
2024-08-22 14:00:00,108.445,108.53,107.94,108.015,155817.0
2024-08-22 14:02:00,108.035,108.2821,107.85,108.265,105483.0
2024-08-22 14:04:00,108.265,108.365,107.98,107.98,44657.0
2024-08-22 14:06:00,107.92,108.04,107.7335,107.7699,77951.0
2024-08-22 14:08:00,107.73,107.8189,107.36,107.4191,158679.0
2024-08-22 14:10:00,107.41,107.41,107.08,107.15,105163.0
2024-08-22 14:12:00,107.146,107.4356,107.146,107.28,60939.0
2024-08-22 14:14:00,107.31,107.3678,107.07,107.071,81857.0
2024-08-22 14:16:00,107.07,107.3805,107.0221,107.27,69979.0
2024-08-22 14:18:00,107.25,107.34,107.07,107.1063,73392.0
2024-08-22 14:20:00,107.09,107.3199,107.07,107.27,83473.0
2024-08-22 14:22:00,107.26,107.47,107.19,107.45,56400.0
2024-08-22 14:24:00,107.41,107.636,107.39,107.4999,71097.0
2024-08-22 14:26:00,107.485,107.57,107.4,107.5435,76519.0
2024-08-22 14:28:00,107.525,107.5594,107.32,107.43,52599.0
2024-08-22 14:30:00,107.41,107.43,107.18,107.415,51835.0
2024-08-22 14:32:00,107.41,107.51,107.2904,107.51,43599.0
2024-08-22 14:34:00,107.51,107.88,107.497,107.694,60461.0
2024-08-22 14:36:00,107.73,108.02,107.71,107.965,48047.0
2024-08-22 14:38:00,107.97,108.0383,107.75,107.9916,40904.0
2024-08-22 14:40:00,108.0,108.13,107.91,108.08,57195.0
2024-08-22 14:42:00,108.06,108.14,107.96,108.04,59143.0
2024-08-22 14:44:00,108.04,108.14,107.9,108.092,39546.0
2024-08-22 14:46:00,108.06,108.07,107.8,107.89,68653.0
2024-08-22 14:48:00,107.896,108.08,107.8,107.87,52031.0
2024-08-22 14:50:00,107.8893,108.155,107.8893,108.02,36329.0
2024-08-22 14:52:00,108.02,108.1866,107.95,108.1,44438.0
2024-08-22 14:54:00,108.08,108.375,108.0101,108.375,58481.0
2024-08-22 14:56:00,108.35,108.47,108.28,108.4375,55041.0
2024-08-22 14:58:00,108.4305,108.4305,108.09,108.09,63306.0
2024-08-22 15:00:00,108.0533,108.27,108.0,108.25,77394.0
2024-08-22 15:02:00,108.245,108.365,108.16,108.33,51312.0
2024-08-22 15:04:00,108.33,108.3798,108.21,108.265,28669.0
2024-08-22 15:06:00,108.2799,108.35,108.17,108.27,15770.0
2024-08-22 15:08:00,108.31,108.31,107.88,107.935,51593.0
2024-08-22 15:10:00,107.94,107.98,107.66,107.88,56299.0
2024-08-22 15:12:00,107.93,108.11,107.9,107.97,28153.0
2024-08-22 15:14:00,107.99,108.04,107.87,107.985,20348.0
2024-08-22 15:16:00,107.97,108.22,107.96,107.98,48691.0
2024-08-22 15:18:00,108.01,108.06,107.7101,107.7101,30277.0
2024-08-22 15:20:00,107.73,107.75,107.58,107.6276,36949.0
2024-08-22 15:22:00,107.61,107.77,107.41,107.43,41267.0
2024-08-22 15:24:00,107.44,107.452,107.19,107.21,86432.0
2024-08-22 15:26:00,107.19,107.35,107.15,107.315,75501.0
2024-08-22 15:28:00,107.29,107.32,107.065,107.32,65389.0
2024-08-22 15:30:00,107.3,107.3,106.9315,107.06,115941.0
2024-08-22 15:32:00,107.05,107.16,106.85,106.8501,48991.0
2024-08-22 15:34:00,106.87,107.11,106.81,107.0,40418.0
2024-08-22 15:36:00,107.0,107.05,106.73,106.76,43748.0
2024-08-22 15:38:00,106.75,106.76,106.42,106.5,107693.0
2024-08-22 15:40:00,106.48,106.69,106.48,106.55,60544.0
2024-08-22 15:42:00,106.585,106.62,105.81,105.81,180229.0
2024-08-22 15:44:00,105.84,106.005,105.7,105.935,86992.0
2024-08-22 15:46:00,105.96,106.16,105.89,106.09,78773.0
2024-08-22 15:48:00,106.0977,106.12,105.78,105.82,66530.0
2024-08-22 15:50:00,105.84,105.9094,105.6399,105.82,87533.0
2024-08-22 15:52:00,105.845,105.9,105.752,105.88,73207.0
2024-08-22 15:54:00,105.9,105.97,105.81,105.96,55019.0
2024-08-22 15:56:00,105.9583,106.18,105.88,106.1749,56344.0
2024-08-22 15:58:00,106.1403,106.31,106.08,106.1215,43992.0
2024-08-22 16:00:00,106.1,106.12,105.9,106.02,42517.0
2024-08-22 16:02:00,106.0225,106.1498,105.9,106.13,35783.0
2024-08-22 16:04:00,106.14,106.27,106.09,106.18,60890.0
2024-08-22 16:06:00,106.18,106.3094,106.175,106.3,30620.0
2024-08-22 16:08:00,106.3,106.36,106.14,106.33,31998.0
2024-08-22 16:10:00,106.324,106.34,106.135,106.28,43914.0
2024-08-22 16:12:00,106.2659,106.3995,106.18,106.29,31848.0
2024-08-22 16:14:00,106.31,106.4,106.22,106.246,27262.0
2024-08-22 16:16:00,106.2,106.3274,106.1401,106.17,36378.0
2024-08-22 16:18:00,106.18,106.23,106.13,106.17,24640.0
2024-08-22 16:20:00,106.235,106.51,106.23,106.48,45706.0
2024-08-22 16:22:00,106.39,106.62,106.38,106.588,40069.0
2024-08-22 16:24:00,106.58,106.72,106.53,106.685,32735.0
2024-08-22 16:26:00,106.69,107.0023,106.68,106.854,37020.0
2024-08-22 16:28:00,106.86,107.015,106.7401,106.93,39353.0
2024-08-22 16:30:00,106.905,107.11,106.89,107.01,40512.0
2024-08-22 16:32:00,106.995,107.0698,106.91,106.91,45140.0
2024-08-22 16:34:00,106.91,107.05,106.8894,107.03,34706.0
2024-08-22 16:36:00,107.04,107.17,107.0292,107.0944,34941.0
2024-08-22 16:38:00,107.06,107.14,106.94,106.95,36858.0
2024-08-22 16:40:00,106.95,107.126,106.92,107.126,16009.0
2024-08-22 16:42:00,107.15,107.168,107.02,107.0659,39815.0
2024-08-22 16:44:00,107.07,107.13,106.96,106.96,21860.0
2024-08-22 16:46:00,106.99,107.02,106.9,106.9,23543.0
2024-08-22 16:48:00,106.88,106.89,106.58,106.6,73604.0
2024-08-22 16:50:00,106.61,106.69,106.27,106.27,62159.0
2024-08-22 16:52:00,106.29,106.4499,106.25,106.36,49187.0
2024-08-22 16:54:00,106.35,106.355,106.05,106.12,42460.0
2024-08-22 16:56:00,106.1075,106.2022,105.92,106.04,55394.0
2024-08-22 16:58:00,106.0,106.14,105.9571,106.04,72772.0
2024-08-22 17:00:00,106.06,106.18,105.95,106.15,42065.0
2024-08-22 17:02:00,106.12,106.15,105.8,105.9,35782.0
2024-08-22 17:04:00,105.8892,106.11,105.86,105.91,51130.0
2024-08-22 17:06:00,105.93,106.16,105.87,106.155,34175.0
2024-08-22 17:08:00,106.16,106.18,106.03,106.13,40986.0
2024-08-22 17:10:00,106.1,106.43,106.095,106.37,43602.0
2024-08-22 17:12:00,106.36,106.37,106.075,106.1,32700.0
2024-08-22 17:14:00,106.119,106.25,106.08,106.12,21534.0
2024-08-22 17:16:00,106.11,106.25,106.08,106.25,18571.0
2024-08-22 17:18:00,106.245,106.35,106.1701,106.245,29496.0
2024-08-22 17:20:00,106.23,106.3,106.18,106.2133,20232.0
2024-08-22 17:22:00,106.21,106.28,106.14,106.2,24622.0
2024-08-22 17:24:00,106.1801,106.29,106.1801,106.27,13969.0
2024-08-22 17:26:00,106.3,106.31,106.19,106.285,14078.0
2024-08-22 17:28:00,106.27,106.39,106.19,106.21,15321.0
2024-08-22 17:30:00,106.19,106.21,105.7,105.7,59663.0
2024-08-22 17:32:00,105.72,105.83,105.59,105.83,42651.0
2024-08-22 17:34:00,105.82,105.91,105.6601,105.85,37075.0
2024-08-22 17:36:00,105.87,106.09,105.8,106.065,29427.0
2024-08-22 17:38:00,106.0808,106.11,105.97,105.99,68861.0
2024-08-22 17:40:00,105.96,106.0,105.87,105.98,50763.0
2024-08-22 17:42:00,105.98,105.9825,105.88,105.88,18174.0
2024-08-22 17:44:00,105.895,105.9807,105.75,105.7701,33405.0
2024-08-22 17:46:00,105.76,105.83,105.7,105.83,48481.0
2024-08-22 17:48:00,105.83,105.905,105.6,105.6,39356.0
2024-08-22 17:50:00,105.62,105.81,105.62,105.69,21563.0
2024-08-22 17:52:00,105.66,105.74,105.54,105.5605,40968.0
2024-08-22 17:54:00,105.58,105.625,105.29,105.5401,75338.0
2024-08-22 17:56:00,105.5559,105.605,105.49,105.5694,38915.0
2024-08-22 17:58:00,105.55,105.55,105.33,105.43,40644.0
2024-08-22 18:00:00,105.42,105.45,105.28,105.28,61879.0
2024-08-22 18:02:00,105.29,105.48,105.28,105.409,51799.0
2024-08-22 18:04:00,105.44,105.445,105.25,105.2559,60427.0
2024-08-22 18:06:00,105.245,105.31,105.11,105.17,84450.0
2024-08-22 18:08:00,105.18,105.39,105.17,105.385,38913.0
2024-08-22 18:10:00,105.3401,105.395,105.21,105.37,41295.0
2024-08-22 18:12:00,105.3201,105.3201,105.165,105.17,35737.0
2024-08-22 18:14:00,105.19,105.53,105.19,105.4401,59584.0
2024-08-22 18:16:00,105.45,105.5,105.38,105.43,31325.0
2024-08-22 18:18:00,105.4209,105.58,105.38,105.53,32488.0
2024-08-22 18:20:00,105.51,105.5699,105.3863,105.42,86401.0
2024-08-22 18:22:00,105.4,105.4501,105.33,105.415,28734.0
2024-08-22 18:24:00,105.39,105.415,105.2803,105.36,28913.0
2024-08-22 18:26:00,105.39,105.48,105.375,105.42,24717.0
2024-08-22 18:28:00,105.4,105.55,105.31,105.54,32979.0
2024-08-22 18:30:00,105.53,105.56,105.44,105.47,31182.0
2024-08-22 18:32:00,105.481,105.56,105.47,105.54,36607.0
2024-08-22 18:34:00,105.54,105.5563,105.36,105.38,30141.0
2024-08-22 18:36:00,105.39,105.492,105.33,105.425,34790.0
2024-08-22 18:38:00,105.415,105.49,105.41,105.42,23708.0
2024-08-22 18:40:00,105.4,105.535,105.37,105.51,27892.0
2024-08-22 18:42:00,105.5299,105.55,105.45,105.51,34902.0
2024-08-22 18:44:00,105.51,105.69,105.45,105.68,39131.0
2024-08-22 18:46:00,105.66,105.7949,105.57,105.775,31852.0
2024-08-22 18:48:00,105.78,105.79,105.49,105.515,64259.0
2024-08-22 18:50:00,105.52,105.54,105.36,105.385,52429.0
2024-08-22 18:52:00,105.395,105.42,105.28,105.325,43748.0
2024-08-22 18:54:00,105.33,105.4,105.21,105.245,51445.0
2024-08-22 18:56:00,105.245,105.49,105.24,105.24,36203.0
2024-08-22 18:58:00,105.25,105.3399,105.13,105.17,61724.0
2024-08-22 19:00:00,105.15,105.43,105.15,105.38,32113.0
2024-08-22 19:02:00,105.39,105.63,105.37,105.53,49757.0
2024-08-22 19:04:00,105.53,105.67,105.515,105.575,34614.0
2024-08-22 19:06:00,105.56,105.62,105.46,105.53,23468.0
2024-08-22 19:08:00,105.545,105.6,105.46,105.4899,23229.0
2024-08-22 19:10:00,105.475,105.49,105.25,105.27,58837.0
2024-08-22 19:12:00,105.265,105.31,105.19,105.3,60419.0
2024-08-22 19:14:00,105.315,105.33,105.165,105.21,51643.0
2024-08-22 19:16:00,105.21,105.24,105.12,105.13,63643.0
2024-08-22 19:18:00,105.12,105.18,105.0,105.08,114535.0
2024-08-22 19:20:00,105.08,105.09,104.85,104.8725,87219.0
2024-08-22 19:22:00,104.89,104.89,104.54,104.5672,112565.0
2024-08-22 19:24:00,104.555,104.67,104.54,104.59,115737.0
2024-08-22 19:26:00,104.59,104.6626,104.42,104.45,95882.0
2024-08-22 19:28:00,104.452,104.625,104.39,104.4975,96207.0
2024-08-22 19:30:00,104.49,104.59,104.4,104.41,87366.0
2024-08-22 19:32:00,104.41,104.49,104.13,104.29,114868.0
2024-08-22 19:34:00,104.3,104.34,104.1101,104.15,73566.0
2024-08-22 19:36:00,104.16,104.57,104.16,104.5,94988.0
2024-08-22 19:38:00,104.52,104.69,104.41,104.415,67476.0
2024-08-22 19:40:00,104.43,104.4799,104.33,104.37,88879.0
2024-08-22 19:42:00,104.38,104.51,104.3,104.34,119752.0
2024-08-22 19:44:00,104.34,104.34,104.12,104.24,119621.0
2024-08-22 19:46:00,104.242,104.31,104.133,104.25,91914.0
2024-08-22 19:48:00,104.24,104.62,104.1204,104.585,145349.0
2024-08-22 19:50:00,104.59,104.69,104.12,104.185,150174.0
2024-08-22 19:52:00,104.19,104.34,104.02,104.035,170296.0
2024-08-22 19:54:00,104.03,104.3172,103.96,104.265,287781.0
2024-08-22 19:56:00,104.26,104.285,104.05,104.135,216539.0
2024-08-22 19:58:00,104.13,104.34,104.09,104.3,512105.0
2024-08-22 20:00:00,104.26,104.26,104.1,104.26,62101.0
2024-08-22 20:02:00,104.26,104.54,104.26,104.42,2222.0
2024-08-22 20:04:00,104.34,104.5,104.34,104.49,5166.0
2024-08-22 20:06:00,104.45,104.45,104.26,104.39,1601.0
2024-08-22 20:08:00,104.48,104.5,104.41,104.5,2716.0
2024-08-22 20:10:00,104.48,104.5,104.4101,104.48,2190.0
2024-08-22 20:12:00,104.5,104.6,104.49,104.5,1755.0
2024-08-22 20:14:00,104.51,104.57,104.5,104.5,1210.0
2024-08-22 20:16:00,104.53,104.57,104.53,104.57,1196.0
2024-08-22 20:18:00,104.58,104.58,104.58,104.58,233.0
2024-08-22 20:20:00,104.5,104.5,104.5,104.5,450.0
2024-08-22 20:22:00,104.5,104.57,104.5,104.57,537.0
2024-08-22 20:24:00,104.4606,104.4606,104.4606,104.4606,202.0
2024-08-22 20:26:00,104.57,104.57,104.57,104.57,338.0
2024-08-22 20:28:00,104.57,104.57,104.55,104.55,737.0
2024-08-22 20:30:00,104.6,104.63,104.6,104.63,791.0
2024-08-22 20:32:00,104.65,104.65,104.65,104.65,555.0
2024-08-22 20:34:00,104.65,104.76,104.65,104.76,939.0
2024-08-22 20:36:00,104.72,104.74,104.72,104.74,789.0
2024-08-22 20:38:00,104.7,104.7,104.7,104.7,351.0
2024-08-22 20:40:00,104.73,104.73,104.66,104.66,4921.0
2024-08-22 20:42:00,104.64,104.69,104.26,104.61,10530.0
2024-08-22 20:44:00,104.56,104.56,104.3,104.51,4512.0
2024-08-22 20:48:00,104.65,104.65,104.65,104.65,1359.0
2024-08-22 20:50:00,104.58,104.58,104.58,104.58,231.0
2024-08-22 20:52:00,104.69,104.69,104.69,104.69,701.0
2024-08-22 20:56:00,104.6,104.6,104.6,104.6,349.0
2024-08-22 20:58:00,104.69,104.69,104.55,104.55,1089.0
2024-08-22 21:00:00,104.7099,104.7099,104.7099,104.7099,321.0
2024-08-22 21:02:00,104.55,104.55,104.55,104.55,300.0
2024-08-22 21:06:00,104.6556,104.6556,104.63,104.63,399.0
2024-08-22 21:12:00,104.7181,104.7181,104.7181,104.7181,290.0
2024-08-22 21:16:00,104.592,104.61,104.592,104.61,627.0
2024-08-22 21:18:00,104.64,104.64,104.64,104.64,150.0
2024-08-22 21:20:00,104.63,104.63,104.63,104.63,876.0
2024-08-22 21:22:00,104.58,104.58,104.58,104.58,502.0
2024-08-22 21:24:00,104.58,104.62,104.58,104.58,1663.0
2024-08-22 21:26:00,104.58,104.58,104.58,104.58,812.0
2024-08-22 21:28:00,104.59,104.64,104.59,104.64,1209.0
2024-08-22 21:40:00,104.6,104.6,104.6,104.6,202.0
2024-08-22 21:44:00,104.62,104.63,104.62,104.63,371.0
2024-08-22 21:56:00,104.71,104.7767,104.71,104.7767,538.0
2024-08-22 21:58:00,104.74,104.74,104.74,104.74,2666.0
2024-08-22 22:02:00,104.69,104.69,104.69,104.69,164.0
2024-08-22 22:32:00,104.54,104.8,104.54,104.8,395.0
2024-08-22 22:34:00,104.75,104.88,104.65,104.65,1227.0
2024-08-22 22:36:00,104.77,104.77,104.77,104.77,419.0
2024-08-22 22:38:00,104.76,104.76,104.76,104.76,2525.0
2024-08-22 22:40:00,104.75,104.75,104.75,104.75,150.0
2024-08-22 22:46:00,104.65,104.65,104.65,104.65,308.0
2024-08-22 22:50:00,104.6501,104.8228,104.6501,104.8228,1114.0
2024-08-22 22:56:00,104.88,104.88,104.73,104.73,428.0
2024-08-22 23:00:00,104.79,104.79,104.79,104.79,350.0
2024-08-22 23:04:00,104.7,104.88,104.7,104.88,349.0
2024-08-22 23:16:00,104.8,104.8,104.8,104.8,445.0
2024-08-22 23:18:00,104.86,104.86,104.86,104.86,601.0
2024-08-22 23:20:00,104.8,104.8,104.8,104.8,385.0
2024-08-22 23:24:00,104.88,104.88,104.88,104.88,105.0
2024-08-22 23:26:00,104.84,104.84,104.84,104.84,550.0
2024-08-22 23:28:00,104.95,104.95,104.75,104.75,534.0
2024-08-22 23:30:00,104.8,104.8,104.8,104.8,200.0
2024-08-22 23:32:00,104.87,104.88,104.87,104.88,266.0
2024-08-22 23:34:00,104.87,104.87,104.87,104.87,720.0
2024-08-22 23:38:00,104.87,104.87,104.87,104.87,205.0
2024-08-22 23:40:00,104.8694,104.8694,104.8694,104.8694,125.0
2024-08-22 23:42:00,104.87,104.9,104.87,104.9,1109.0
2024-08-22 23:44:00,104.81,104.81,104.81,104.81,152.0
2024-08-22 23:48:00,104.9,104.9291,104.9,104.9291,457.0
2024-08-22 23:52:00,104.81,104.81,104.81,104.81,520.0
2024-08-22 23:54:00,104.92,104.92,104.8,104.8,2190.0
2024-08-22 23:56:00,104.8,104.85,104.8,104.85,699.0
2024-08-22 23:58:00,104.85,104.8984,104.7,104.7,3628.0
2024-08-23 08:00:00,105.05,105.93,105.05,105.93,1768.0
2024-08-23 08:04:00,105.5,105.5,105.15,105.26,7181.0
2024-08-23 08:06:00,105.12,105.12,105.12,105.12,131.0
2024-08-23 08:08:00,105.12,105.14,105.12,105.12,631.0
2024-08-23 08:10:00,105.11,105.11,105.04,105.04,2384.0
2024-08-23 08:14:00,105.24,105.29,105.24,105.29,1009.0
2024-08-23 08:18:00,105.17,105.17,105.13,105.13,1148.0
2024-08-23 08:30:00,105.29,105.29,105.29,105.29,784.0
2024-08-23 08:36:00,105.42,105.42,105.13,105.13,8563.0
2024-08-23 08:38:00,105.16,105.26,105.16,105.26,1155.0
2024-08-23 08:40:00,105.16,105.16,105.16,105.16,501.0
2024-08-23 08:44:00,105.26,105.26,105.26,105.26,500.0
2024-08-23 08:46:00,105.31,105.31,105.31,105.31,600.0
2024-08-23 08:48:00,105.31,105.31,105.31,105.31,625.0
2024-08-23 08:58:00,105.43,105.43,105.43,105.43,1136.0
2024-08-23 09:02:00,105.2,105.2,105.15,105.15,1106.0
2024-08-23 09:04:00,105.15,105.2,105.12,105.12,4227.0
2024-08-23 09:12:00,105.23,105.23,105.1,105.1,696.0
2024-08-23 09:20:00,105.11,105.11,105.11,105.11,423.0
2024-08-23 09:22:00,105.11,105.11,105.11,105.11,183.0
2024-08-23 09:24:00,105.12,105.12,105.12,105.12,134.0
2024-08-23 09:34:00,105.11,105.11,105.11,105.11,2156.0
2024-08-23 09:42:00,105.22,105.22,105.22,105.22,211.0
2024-08-23 09:50:00,105.2,105.2,105.16,105.16,798.0
2024-08-23 10:02:00,105.39,105.39,105.39,105.39,622.0
2024-08-23 10:04:00,105.43,105.44,105.43,105.44,966.0
2024-08-23 10:06:00,105.69,105.7,105.69,105.7,1075.0
2024-08-23 10:14:00,105.53,105.54,105.53,105.54,488.0
2024-08-23 10:22:00,105.44,105.44,105.43,105.44,427.0
2024-08-23 10:44:00,105.5,105.5,105.5,105.5,359.0
2024-08-23 10:48:00,105.46,105.46,105.46,105.46,800.0
2024-08-23 10:58:00,105.52,105.65,105.52,105.65,1904.0
2024-08-23 11:00:00,105.54,105.82,105.54,105.82,5263.0
2024-08-23 11:02:00,105.66,105.66,105.55,105.55,3415.0
2024-08-23 11:06:00,105.56,105.56,105.55,105.55,1347.0
2024-08-23 11:08:00,105.69,105.7,105.69,105.7,2139.0
2024-08-23 11:12:00,105.59,105.59,105.59,105.59,136.0
2024-08-23 11:16:00,105.57,105.57,105.55,105.55,762.0
2024-08-23 11:20:00,105.56,105.56,105.4,105.4,3673.0
2024-08-23 11:24:00,105.44,105.44,105.3,105.3,4512.0
2024-08-23 11:28:00,105.25,105.25,105.25,105.25,1905.0
2024-08-23 11:30:00,105.25,105.25,105.2,105.2,6184.0
2024-08-23 11:32:00,105.2,105.2,105.01,105.1,3691.0
2024-08-23 11:36:00,105.16,105.16,104.95,104.95,10531.0
2024-08-23 11:38:00,105.01,105.01,104.95,104.95,2594.0
2024-08-23 11:40:00,104.95,105.0,104.95,104.98,4247.0
2024-08-23 11:42:00,104.98,104.98,104.8,104.81,2249.0
2024-08-23 11:44:00,104.9,104.9,104.73,104.75,6798.0
2024-08-23 11:46:00,104.8,104.8,103.84,103.9,12606.0
2024-08-23 11:48:00,103.88,104.0,103.86,104.0,8211.0
2024-08-23 11:50:00,104.0,104.0,103.95,103.95,7120.0
2024-08-23 11:52:00,103.88,103.88,103.63,103.66,5348.0
2024-08-23 11:54:00,103.59,103.73,103.59,103.7,2514.0
2024-08-23 11:56:00,103.8,104.1,103.8,104.04,4162.0
2024-08-23 11:58:00,104.04,104.04,104.0,104.0,941.0
2024-08-23 12:00:00,103.97,105.79,103.526,104.0,632786.0
2024-08-23 12:02:00,103.98,103.98,103.9,103.95,2142.0
2024-08-23 12:04:00,103.91,104.52,103.91,104.0,6044.0
2024-08-23 12:06:00,104.18,104.25,104.1,104.18,12459.0
2024-08-23 12:08:00,104.21,104.21,103.76,103.8,16176.0
2024-08-23 12:10:00,103.7202,103.92,103.14,103.3,23467.0
2024-08-23 12:12:00,103.36,103.6,103.36,103.6,10278.0
2024-08-23 12:14:00,103.59,103.6,103.25,103.29,18955.0
2024-08-23 12:16:00,103.35,103.41,103.1923,103.1923,10193.0
2024-08-23 12:18:00,103.32,103.32,103.21,103.24,2979.0
2024-08-23 12:20:00,103.19,103.25,103.12,103.15,12259.0
2024-08-23 12:22:00,103.121,103.15,102.95,103.0,12363.0
2024-08-23 12:24:00,103.04,103.05,102.9523,103.05,4415.0
2024-08-23 12:26:00,103.05,103.05,102.87,102.87,7093.0
2024-08-23 12:28:00,102.858,102.9992,102.8,102.88,6115.0
2024-08-23 12:30:00,102.9,102.9399,102.7,102.73,8542.0
2024-08-23 12:32:00,102.85,103.0,102.7825,102.9,10901.0
2024-08-23 12:34:00,102.8176,102.8176,102.25,102.66,15923.0
2024-08-23 12:36:00,102.66,102.93,102.25,102.5,24618.0
2024-08-23 12:38:00,102.5,102.9,102.45,102.89,30275.0
2024-08-23 12:40:00,102.84,102.94,102.8017,102.875,10634.0
2024-08-23 12:42:00,102.875,102.99,102.85,102.92,7801.0
2024-08-23 12:44:00,102.96,102.99,102.9,102.9173,3983.0
2024-08-23 12:46:00,102.92,102.92,102.87,102.9197,1677.0
2024-08-23 12:48:00,102.87,103.12,102.86,103.11,13129.0
2024-08-23 12:50:00,103.08,103.08,102.86,102.87,7177.0
2024-08-23 12:52:00,103.0,103.0,102.56,102.89,9666.0
2024-08-23 12:54:00,102.77,102.87,102.48,102.59,8387.0
2024-08-23 12:56:00,102.52,102.5883,102.47,102.534,9116.0
2024-08-23 12:58:00,102.7,102.84,102.69,102.75,8309.0
2024-08-23 13:00:00,102.77,102.84,102.77,102.8388,1432.0
2024-08-23 13:02:00,102.7,102.88,102.7,102.8,9495.0
2024-08-23 13:04:00,102.71,102.71,102.6,102.6,8988.0
2024-08-23 13:06:00,102.65,102.85,102.55,102.85,8271.0
2024-08-23 13:08:00,102.82,103.13,102.82,103.13,9617.0
2024-08-23 13:10:00,103.1,103.1,102.99,103.08,6492.0
2024-08-23 13:12:00,103.05,103.19,103.0,103.05,8328.0
2024-08-23 13:14:00,103.08,103.1,103.05,103.1,5056.0
2024-08-23 13:16:00,103.09,103.15,103.07,103.07,10072.0
2024-08-23 13:18:00,103.07,103.07,102.85,102.85,9682.0
2024-08-23 13:20:00,102.85,102.85,102.795,102.795,5073.0
2024-08-23 13:22:00,102.89,102.94,102.8005,102.94,5748.0
2024-08-23 13:24:00,102.932,103.01,102.93,103.0,9701.0
2024-08-23 13:26:00,103.02,103.08,102.88,102.97,7259.0
2024-08-23 13:28:00,102.9,103.05,102.9,103.01,11812.0
2024-08-23 13:30:00,103.04,103.05,102.45,102.465,478459.0
2024-08-23 13:32:00,102.5,102.788,102.36,102.4,286196.0
2024-08-23 13:34:00,102.4,102.85,102.15,102.5,282163.0
2024-08-23 13:36:00,102.51,102.51,101.76,101.81,310864.0
2024-08-23 13:38:00,101.82,102.14,101.51,102.0208,330380.0
2024-08-23 13:40:00,102.04,102.61,102.03,102.58,297083.0
2024-08-23 13:42:00,102.61,102.64,102.13,102.425,217196.0
2024-08-23 13:44:00,102.435,102.57,102.12,102.315,136911.0
2024-08-23 13:46:00,102.3,102.79,102.3,102.775,171882.0
2024-08-23 13:48:00,102.7899,103.04,102.6,102.92,193719.0
2024-08-23 13:50:00,102.93,102.95,102.55,102.58,149517.0
2024-08-23 13:52:00,102.6,102.6178,102.31,102.48,160985.0
2024-08-23 13:54:00,102.52,102.79,102.52,102.68,131532.0
2024-08-23 13:56:00,102.66,102.6995,102.45,102.567,95686.0
2024-08-23 13:58:00,102.55,102.9299,102.4,102.895,196470.0
2024-08-23 14:00:00,102.93,103.87,102.93,103.87,288949.0
2024-08-23 14:02:00,103.86,104.13,103.49,103.76,396584.0
2024-08-23 14:04:00,103.7894,103.81,103.09,103.09,152753.0
2024-08-23 14:06:00,103.16,103.5799,102.68,103.48,144466.0
2024-08-23 14:08:00,103.475,103.95,103.43,103.84,202162.0
2024-08-23 14:10:00,103.83,104.0,103.7,103.96,128614.0
2024-08-23 14:12:00,103.94,104.17,103.7669,104.11,164018.0
2024-08-23 14:14:00,104.12,104.36,104.0,104.3,218578.0
2024-08-23 14:16:00,104.3,104.41,103.07,103.305,260853.0
2024-08-23 14:18:00,103.3699,103.82,103.235,103.6501,188578.0
2024-08-23 14:20:00,103.695,103.8,103.4624,103.49,67818.0
2024-08-23 14:22:00,103.5,103.82,103.48,103.74,110741.0
2024-08-23 14:24:00,103.76,104.135,103.67,104.0,140726.0
2024-08-23 14:26:00,104.0499,104.0499,103.75,103.825,80697.0
2024-08-23 14:28:00,103.84,104.33,103.82,104.1,154568.0
2024-08-23 14:30:00,104.09,104.4,103.96,104.11,127434.0
2024-08-23 14:32:00,104.132,104.18,103.85,104.07,122009.0
2024-08-23 14:34:00,104.05,104.2835,103.87,103.95,153440.0
2024-08-23 14:36:00,103.89,103.91,103.62,103.7175,106191.0
2024-08-23 14:38:00,103.71,103.75,103.37,103.55,121019.0
2024-08-23 14:40:00,103.53,103.71,103.41,103.58,111685.0
2024-08-23 14:42:00,103.59,103.655,103.38,103.62,115407.0
2024-08-23 14:44:00,103.6001,103.97,103.585,103.775,75914.0
2024-08-23 14:46:00,103.775,103.775,102.8501,102.91,125493.0
2024-08-23 14:48:00,102.89,102.89,102.06,102.51,229494.0
2024-08-23 14:50:00,102.495,102.64,102.0142,102.16,161200.0
2024-08-23 14:52:00,102.28,102.45,102.1,102.16,115962.0
2024-08-23 14:54:00,102.19,102.54,102.11,102.41,156245.0
2024-08-23 14:56:00,102.41,102.6052,102.15,102.55,191975.0
2024-08-23 14:58:00,102.555,102.65,102.41,102.5799,113167.0
2024-08-23 15:00:00,102.58,102.58,102.22,102.49,115832.0
2024-08-23 15:02:00,102.52,102.55,102.22,102.48,95922.0
2024-08-23 15:04:00,102.485,102.57,102.24,102.265,89799.0
2024-08-23 15:06:00,102.2999,102.54,102.29,102.4609,106282.0
2024-08-23 15:08:00,102.4756,102.56,102.34,102.51,86866.0
2024-08-23 15:10:00,102.52,102.54,102.01,102.2701,155885.0
2024-08-23 15:12:00,102.32,102.51,102.21,102.495,77966.0
2024-08-23 15:14:00,102.51,103.26,102.506,103.22,240703.0
2024-08-23 15:16:00,103.215,103.215,103.02,103.185,82820.0
2024-08-23 15:18:00,103.138,103.345,103.1105,103.326,82765.0
2024-08-23 15:20:00,103.31,103.37,102.97,103.04,79919.0
2024-08-23 15:22:00,103.02,103.14,103.02,103.07,51027.0
2024-08-23 15:24:00,103.1,103.2,103.04,103.15,63525.0
2024-08-23 15:26:00,103.1499,103.25,102.79,102.9285,98499.0
2024-08-23 15:28:00,102.88,103.0,102.84,102.96,45864.0
2024-08-23 15:30:00,102.97,103.02,102.8601,102.98,55360.0
2024-08-23 15:32:00,102.9659,103.11,102.88,103.1,50474.0
2024-08-23 15:34:00,103.08,103.2,102.99,103.12,48249.0
2024-08-23 15:36:00,103.1,103.21,103.02,103.16,48481.0
2024-08-23 15:38:00,103.14,103.26,103.09,103.25,50232.0
2024-08-23 15:40:00,103.23,103.4199,103.0306,103.05,86127.0
2024-08-23 15:42:00,103.05,103.2,102.9374,103.04,71301.0
2024-08-23 15:44:00,103.05,103.1,102.485,102.57,88978.0
2024-08-23 15:46:00,102.575,102.77,102.42,102.68,68281.0
2024-08-23 15:48:00,102.7,102.91,102.6721,102.9,37274.0
2024-08-23 15:50:00,102.83,102.83,102.47,102.525,55305.0
2024-08-23 15:52:00,102.525,102.6009,102.42,102.55,52101.0
2024-08-23 15:54:00,102.55,102.69,102.39,102.6469,59372.0
2024-08-23 15:56:00,102.63,102.645,102.33,102.3475,93379.0
2024-08-23 15:58:00,102.33,102.41,102.19,102.33,105731.0
2024-08-23 16:00:00,102.35,102.45,101.97,102.06,167083.0
2024-08-23 16:02:00,102.08,102.13,101.81,101.95,96497.0
2024-08-23 16:04:00,101.95,102.07,101.74,101.75,127039.0
2024-08-23 16:06:00,101.75,101.86,101.6,101.725,179373.0
2024-08-23 16:08:00,101.73,101.94,101.69,101.91,60908.0
2024-08-23 16:10:00,101.9,101.96,101.62,101.925,114642.0
2024-08-23 16:12:00,101.91,101.91,101.41,101.42,175186.0
2024-08-23 16:14:00,101.41,101.455,100.85,101.04,350267.0
2024-08-23 16:16:00,101.01,101.2999,101.0,101.1,106807.0
2024-08-23 16:18:00,101.075,101.55,101.075,101.4401,120588.0
2024-08-23 16:20:00,101.46,101.54,101.31,101.485,70781.0
2024-08-23 16:22:00,101.485,101.56,101.27,101.33,86605.0
2024-08-23 16:24:00,101.35,101.45,101.14,101.22,110765.0
2024-08-23 16:26:00,101.18,101.28,101.05,101.095,73916.0
2024-08-23 16:28:00,101.11,101.2,100.9023,101.14,170975.0
2024-08-23 16:30:00,101.13,101.52,101.07,101.3,103337.0
2024-08-23 16:32:00,101.28,101.28,101.02,101.08,65400.0
2024-08-23 16:34:00,101.1178,101.236,101.07,101.15,102483.0
2024-08-23 16:36:00,101.15,101.26,101.11,101.16,74401.0
2024-08-23 16:38:00,101.165,101.26,101.12,101.19,78835.0
2024-08-23 16:40:00,101.19,101.26,100.86,100.885,127268.0
2024-08-23 16:42:00,100.8701,100.8701,100.53,100.775,156455.0
2024-08-23 16:44:00,100.79,100.8599,100.54,100.675,151146.0
2024-08-23 16:46:00,100.675,100.6897,100.41,100.4281,146712.0
2024-08-23 16:48:00,100.4201,100.502,100.31,100.39,145579.0
2024-08-23 16:50:00,100.4299,100.64,100.37,100.5899,105137.0
2024-08-23 16:52:00,100.57,100.7,100.48,100.7,97165.0
2024-08-23 16:54:00,100.7,101.0,100.7,100.95,249893.0
2024-08-23 16:56:00,100.93,100.98,100.82,100.9417,98294.0
2024-08-23 16:58:00,100.95,101.1371,100.91,101.085,128942.0
2024-08-23 17:00:00,101.07,101.14,100.88,101.06,142791.0
2024-08-23 17:02:00,101.05,101.16,100.9576,100.9992,75628.0
2024-08-23 17:04:00,100.985,101.1,100.95,101.03,64232.0
2024-08-23 17:06:00,101.03,101.115,100.94,101.115,51209.0
2024-08-23 17:08:00,101.1299,101.27,101.12,101.22,97497.0
2024-08-23 17:10:00,101.23,101.23,101.09,101.1389,67831.0
2024-08-23 17:12:00,101.125,101.24,101.09,101.24,70714.0
2024-08-23 17:14:00,101.23,101.37,101.0909,101.36,87204.0
2024-08-23 17:16:00,101.37,101.5699,101.3103,101.5699,99672.0
2024-08-23 17:18:00,101.56,101.6899,101.558,101.655,98598.0
2024-08-23 17:20:00,101.665,101.73,101.42,101.5027,60960.0
2024-08-23 17:22:00,101.492,101.69,101.4901,101.625,41000.0
2024-08-23 17:24:00,101.62,101.82,101.62,101.7857,60182.0
2024-08-23 17:26:00,101.77,101.77,101.615,101.63,55756.0
2024-08-23 17:28:00,101.64,101.79,101.6084,101.775,52204.0
2024-08-23 17:30:00,101.78,101.86,101.685,101.8301,49587.0
2024-08-23 17:32:00,101.86,101.89,101.77,101.785,43506.0
2024-08-23 17:34:00,101.8,101.98,101.8,101.946,69868.0
2024-08-23 17:36:00,101.954,101.954,101.77,101.812,51026.0
2024-08-23 17:38:00,101.77,101.97,101.72,101.94,50096.0
2024-08-23 17:40:00,101.95,101.9799,101.845,101.8601,32578.0
2024-08-23 17:42:00,101.875,102.05,101.87,101.94,105288.0
2024-08-23 17:44:00,101.95,102.17,101.95,101.99,67401.0
2024-08-23 17:46:00,102.0,102.03,101.81,101.8864,53533.0
2024-08-23 17:48:00,101.87,101.98,101.83,101.88,32834.0
2024-08-23 17:50:00,101.89,101.97,101.81,101.85,34307.0
2024-08-23 17:52:00,101.845,102.03,101.73,101.96,64832.0
2024-08-23 17:54:00,101.9692,101.9692,101.83,101.905,34606.0
2024-08-23 17:56:00,101.9,101.9,101.77,101.835,41684.0
2024-08-23 17:58:00,101.8474,102.08,101.8,102.04,115212.0
2024-08-23 18:00:00,102.0365,102.13,101.95,102.05,50428.0
2024-08-23 18:02:00,102.05,102.125,101.9923,102.1,39312.0
2024-08-23 18:04:00,102.075,102.26,102.065,102.08,70564.0
2024-08-23 18:06:00,102.09,102.115,101.96,101.98,36913.0
2024-08-23 18:08:00,101.975,102.07,101.93,102.0,37412.0
2024-08-23 18:10:00,101.98,102.04,101.86,101.92,50412.0
2024-08-23 18:12:00,101.92,102.04,101.89,102.02,23738.0
2024-08-23 18:14:00,102.02,102.06,101.98,102.01,39422.0
2024-08-23 18:16:00,102.01,102.08,101.97,102.04,29440.0
2024-08-23 18:18:00,102.05,102.12,102.01,102.08,30898.0
2024-08-23 18:20:00,102.07,102.11,102.01,102.01,25537.0
2024-08-23 18:22:00,102.01,102.04,101.86,102.03,55112.0
2024-08-23 18:24:00,102.02,102.1799,102.02,102.12,51156.0
2024-08-23 18:26:00,102.128,102.15,102.06,102.095,34854.0
2024-08-23 18:28:00,102.0853,102.26,102.0701,102.24,50846.0
2024-08-23 18:30:00,102.245,102.245,102.06,102.0763,39356.0
2024-08-23 18:32:00,102.075,102.09,101.9923,102.06,34058.0
2024-08-23 18:34:00,102.06,102.15,101.97,102.12,35028.0
2024-08-23 18:36:00,102.12,102.19,102.09,102.1483,33629.0
2024-08-23 18:38:00,102.165,102.2,102.13,102.14,20286.0
2024-08-23 18:40:00,102.12,102.24,102.1,102.13,62198.0
2024-08-23 18:42:00,102.1436,102.19,102.06,102.07,31641.0
2024-08-23 18:44:00,102.05,102.125,102.0,102.12,34166.0
2024-08-23 18:46:00,102.12,102.18,102.1,102.18,36550.0
2024-08-23 18:48:00,102.17,102.2226,102.124,102.2171,35650.0
2024-08-23 18:50:00,102.19,102.32,102.1,102.115,60737.0
2024-08-23 18:52:00,102.13,102.19,102.03,102.11,45565.0
2024-08-23 18:54:00,102.1199,102.22,102.0904,102.1299,48918.0
2024-08-23 18:56:00,102.11,102.12,101.94,101.94,53848.0
2024-08-23 18:58:00,101.945,101.9599,101.8,101.85,73514.0
2024-08-23 19:00:00,101.83,101.85,101.57,101.6,116423.0
2024-08-23 19:02:00,101.62,101.68,101.46,101.57,49021.0
2024-08-23 19:04:00,101.575,101.84,101.55,101.76,76416.0
2024-08-23 19:06:00,101.77,101.85,101.68,101.7595,52781.0
2024-08-23 19:08:00,101.74,101.84,101.7,101.83,51011.0
2024-08-23 19:10:00,101.85,102.09,101.83,102.055,66442.0
2024-08-23 19:12:00,102.04,102.25,102.0191,102.15,59860.0
2024-08-23 19:14:00,102.15,102.23,102.05,102.05,47806.0
2024-08-23 19:16:00,102.05,102.085,101.965,101.99,68244.0
2024-08-23 19:18:00,101.99,102.17,101.98,102.1,49790.0
2024-08-23 19:20:00,102.11,102.2,102.055,102.075,35331.0
2024-08-23 19:22:00,102.07,102.2,102.06,102.16,40507.0
2024-08-23 19:24:00,102.1585,102.3099,102.15,102.23,61253.0
2024-08-23 19:26:00,102.22,102.29,102.2102,102.28,61263.0
2024-08-23 19:28:00,102.28,102.3,102.219,102.29,58961.0
2024-08-23 19:30:00,102.27,102.39,102.23,102.2401,83197.0
2024-08-23 19:32:00,102.24,102.3,102.14,102.25,62326.0
2024-08-23 19:34:00,102.25,102.275,102.1,102.144,78644.0
2024-08-23 19:36:00,102.14,102.17,102.0304,102.06,75681.0
2024-08-23 19:38:00,102.05,102.095,102.015,102.08,56984.0
2024-08-23 19:40:00,102.075,102.18,102.04,102.15,78719.0
2024-08-23 19:42:00,102.14,102.16,101.94,101.98,90046.0
2024-08-23 19:44:00,101.98,102.05,101.69,101.81,118140.0
2024-08-23 19:46:00,101.81,101.86,101.6802,101.82,103783.0
2024-08-23 19:48:00,101.84,102.13,101.82,102.1,125118.0
2024-08-23 19:50:00,102.13,102.35,101.8825,102.32,167318.0
2024-08-23 19:52:00,102.31,102.42,102.21,102.26,208734.0
2024-08-23 19:54:00,102.25,102.9,102.25,102.59,385859.0
2024-08-23 19:56:00,102.6,102.84,102.57,102.78,311034.0
2024-08-23 19:58:00,102.8,102.9,102.78,102.84,629668.0
2024-08-23 20:00:00,102.85,102.9,102.76,102.79,124685.0
2024-08-23 20:02:00,102.76,102.88,102.71,102.88,8046.0
2024-08-23 20:04:00,102.7618,102.85,102.76,102.7701,10267.0
2024-08-23 20:06:00,102.7708,102.8,102.75,102.76,4125.0
2024-08-23 20:08:00,102.7998,102.8,102.7998,102.8,1659.0
2024-08-23 20:10:00,102.8,102.8,102.75,102.8,3462.0
2024-08-23 20:12:00,102.81,102.84,102.74,102.74,5192.0
2024-08-23 20:14:00,102.77,102.84,102.74,102.77,6214.0
2024-08-23 20:16:00,102.75,102.7799,102.71,102.77,3770.0
2024-08-23 20:18:00,102.78,102.81,102.78,102.81,438.0
2024-08-23 20:20:00,102.75,102.75,102.75,102.75,156.0
2024-08-23 20:22:00,102.8,102.8,102.8,102.8,1064.0
2024-08-23 20:24:00,102.76,102.8,102.7,102.79,4247.0
2024-08-23 20:26:00,102.78,102.78,102.75,102.75,625.0
2024-08-23 20:28:00,102.7012,102.75,102.7012,102.75,1992.0
2024-08-23 20:30:00,102.75,102.8,102.75,102.76,1719.0
2024-08-23 20:32:00,102.78,102.8,102.78,102.8,2367.0
2024-08-23 20:34:00,102.79,102.85,102.79,102.85,21438.0
2024-08-23 20:36:00,102.83,102.83,102.83,102.83,283.0
2024-08-23 20:38:00,102.81,102.81,102.81,102.81,1040.0
2024-08-23 20:42:00,102.7501,102.7501,102.7501,102.7501,662.0
2024-08-23 20:44:00,102.8,102.81,102.79,102.8,1205.0
2024-08-23 20:46:00,102.83,102.8387,102.83,102.8387,540.0
2024-08-23 20:48:00,102.83,102.84,102.83,102.84,567.0
2024-08-23 20:50:00,102.84,102.84,102.84,102.84,107.0
2024-08-23 20:52:00,102.85,102.85,102.85,102.85,2033.0
2024-08-23 20:54:00,102.85,102.86,102.82,102.82,1656.0
2024-08-23 20:56:00,102.85,102.85,102.85,102.85,344.0
2024-08-23 20:58:00,102.7902,102.7902,102.76,102.77,4128.0
2024-08-23 21:00:00,102.82,102.82,102.82,102.82,382.0
2024-08-23 21:02:00,102.86,102.88,102.83,102.88,1613.0
2024-08-23 21:08:00,102.88,102.89,102.88,102.89,727.0
2024-08-23 21:10:00,102.87,102.89,102.87,102.89,663.0
2024-08-23 21:12:00,102.9,102.9,102.9,102.9,864.0
2024-08-23 21:16:00,102.92,102.93,102.91,102.91,1870.0
2024-08-23 21:18:00,102.93,102.93,102.93,102.93,313.0
2024-08-23 21:20:00,102.91,102.93,102.91,102.93,9325.0
2024-08-23 21:22:00,102.91,102.9117,102.91,102.91,1839.0
2024-08-23 21:24:00,102.93,102.93,102.93,102.93,1032.0
2024-08-23 21:26:00,102.94,102.95,102.93,102.93,977.0
2024-08-23 21:28:00,102.98,102.98,102.94,102.96,712.0
2024-08-23 21:30:00,102.96,102.96,102.96,102.96,192.0
2024-08-23 21:32:00,102.98,102.98,102.98,102.98,238.0
2024-08-23 21:34:00,102.97,102.97,102.97,102.97,865.0
2024-08-23 21:36:00,102.95,102.95,102.95,102.95,223.0
2024-08-23 21:38:00,102.97,102.97,102.97,102.97,579.0
2024-08-23 21:46:00,102.97,102.97,102.97,102.97,1103.0
2024-08-23 21:48:00,102.96,102.97,102.96,102.97,215.0
2024-08-23 21:50:00,102.94,102.97,102.94,102.97,490.0
2024-08-23 21:52:00,102.94,102.99,102.91,102.91,10235.0
2024-08-23 21:54:00,102.95,102.95,102.94,102.95,2190.0
2024-08-23 21:56:00,102.91,102.95,102.91,102.95,3635.0
2024-08-23 22:02:00,102.92,102.92,102.92,102.92,2011.0
2024-08-23 22:06:00,102.95,102.95,102.95,102.95,793.0
2024-08-23 22:08:00,102.95,102.95,102.95,102.95,680.0
2024-08-23 22:10:00,102.98,102.99,102.98,102.98,521.0
2024-08-23 22:12:00,102.9101,102.98,102.9101,102.98,4285.0
2024-08-23 22:14:00,102.99,102.99,102.9131,102.9131,2513.0
2024-08-23 22:16:00,102.99,102.99,102.95,102.95,649.0
2024-08-23 22:20:00,102.98,102.98,102.98,102.98,335.0
2024-08-23 22:22:00,102.98,102.98,102.98,102.98,185.0
2024-08-23 22:24:00,102.98,102.98,102.96,102.96,436.0
2024-08-23 22:28:00,102.95,102.97,102.95,102.95,597.0
2024-08-23 22:30:00,102.96,102.96,102.96,102.96,1233.0
2024-08-23 22:34:00,102.99,102.99,102.99,102.99,361.0
2024-08-23 22:40:00,102.9889,102.9889,102.9889,102.9889,1054.0
2024-08-23 22:44:00,102.96,102.96,102.96,102.96,155.0
2024-08-23 22:52:00,102.96,102.96,102.95,102.95,1415.0
2024-08-23 22:54:00,102.98,102.98,102.98,102.98,275.0
2024-08-23 22:58:00,102.97,102.98,102.97,102.98,460.0
2024-08-23 23:02:00,102.9796,102.9796,102.9796,102.9796,100.0
2024-08-23 23:04:00,102.92,102.92,102.92,102.92,100.0
2024-08-23 23:16:00,102.94,102.94,102.94,102.94,779.0
2024-08-23 23:18:00,102.94,102.94,102.94,102.94,690.0
2024-08-23 23:22:00,102.9692,102.9695,102.9692,102.9695,502.0
2024-08-23 23:24:00,102.97,102.97,102.97,102.97,250.0
2024-08-23 23:26:00,102.92,102.92,102.92,102.92,1209.0
2024-08-23 23:28:00,102.91,102.91,102.91,102.91,600.0
2024-08-23 23:32:00,102.91,102.9399,102.91,102.9399,766.0
2024-08-23 23:34:00,102.9393,102.9393,102.9105,102.9105,605.0
2024-08-23 23:38:00,102.92,102.92,102.92,102.92,300.0
2024-08-23 23:40:00,102.92,102.92,102.9103,102.9103,528.0
2024-08-23 23:42:00,102.91,102.91,102.91,102.91,185.0
2024-08-23 23:44:00,102.92,102.93,102.91,102.93,583.0
2024-08-23 23:50:00,102.9497,102.9497,102.94,102.94,597.0
2024-08-23 23:52:00,102.91,102.91,102.9,102.9,594.0
2024-08-23 23:54:00,102.9005,102.9005,102.9005,102.9005,119.0
2024-08-23 23:56:00,102.9084,102.94,102.9084,102.94,734.0
2024-08-23 23:58:00,102.92,102.95,102.9093,102.9093,1048.0
2024-08-26 08:00:00,102.76,102.97,102.76,102.89,1707.0
2024-08-26 08:02:00,102.84,103.0,102.84,103.0,2427.0
2024-08-26 08:04:00,103.02,103.29,103.02,103.29,1603.0
2024-08-26 08:06:00,103.27,103.3,103.23,103.23,1507.0
2024-08-26 08:08:00,103.28,103.29,103.28,103.29,1229.0
2024-08-26 08:10:00,103.25,103.25,102.94,102.94,2272.0
2024-08-26 08:12:00,102.91,102.91,102.91,102.91,553.0
2024-08-26 08:14:00,103.0,103.0,103.0,103.0,672.0
2024-08-26 08:16:00,103.04,103.05,103.03,103.03,1483.0
2024-08-26 08:20:00,102.95,102.95,102.8,102.87,1273.0
2024-08-26 08:24:00,102.86,102.86,102.86,102.86,382.0
2024-08-26 08:30:00,102.91,102.91,102.91,102.91,256.0
2024-08-26 08:32:00,102.98,102.98,102.98,102.98,276.0
2024-08-26 08:38:00,102.99,103.0,102.99,103.0,415.0
2024-08-26 08:46:00,102.95,102.95,102.95,102.95,414.0
2024-08-26 08:56:00,102.96,102.96,102.96,102.96,207.0
2024-08-26 08:58:00,102.97,103.0,102.97,103.0,815.0
2024-08-26 09:00:00,103.03,103.04,103.03,103.04,489.0
2024-08-26 09:08:00,103.0,103.0,103.0,103.0,130.0
2024-08-26 09:10:00,102.97,102.97,102.97,102.97,439.0
2024-08-26 09:16:00,102.96,102.96,102.96,102.96,159.0
2024-08-26 09:20:00,103.05,103.05,103.05,103.05,390.0
2024-08-26 09:28:00,103.0,103.06,103.0,103.05,1230.0
2024-08-26 09:46:00,102.99,102.99,102.99,102.99,263.0
2024-08-26 09:50:00,103.0,103.0,103.0,103.0,334.0
2024-08-26 09:56:00,102.96,102.96,102.96,102.96,124.0
2024-08-26 10:00:00,102.93,102.93,102.93,102.93,984.0
2024-08-26 10:02:00,102.93,102.93,102.91,102.91,1384.0
2024-08-26 10:04:00,102.93,102.93,102.93,102.93,100.0
2024-08-26 10:10:00,102.94,102.94,102.94,102.94,628.0
2024-08-26 10:16:00,102.94,102.94,102.94,102.94,213.0
2024-08-26 10:20:00,102.93,102.93,102.92,102.93,1111.0
2024-08-26 10:22:00,102.94,102.94,102.91,102.91,1238.0
2024-08-26 10:24:00,102.91,102.91,102.91,102.91,474.0
2024-08-26 10:28:00,102.9,102.9,102.9,102.9,753.0
2024-08-26 10:30:00,102.96,102.99,102.93,102.93,1901.0
2024-08-26 10:32:00,102.9,102.9,102.9,102.9,2539.0
2024-08-26 10:34:00,102.85,102.87,102.8,102.8,3374.0
2024-08-26 10:42:00,102.85,102.85,102.85,102.85,243.0
2024-08-26 10:44:00,102.82,102.82,102.8,102.81,1331.0
2024-08-26 10:48:00,102.83,102.83,102.83,102.83,161.0
2024-08-26 10:50:00,102.8,102.8,102.8,102.8,1370.0
2024-08-26 10:52:00,102.68,102.68,102.66,102.66,1789.0
2024-08-26 10:54:00,102.61,102.61,102.61,102.61,546.0
2024-08-26 10:56:00,102.61,102.72,102.61,102.7,1729.0
2024-08-26 10:58:00,102.8,102.8,102.8,102.8,500.0
2024-08-26 11:00:00,102.8,102.8,102.65,102.65,3217.0
2024-08-26 11:02:00,102.69,102.7,102.68,102.7,1152.0
2024-08-26 11:04:00,102.74,102.74,102.7,102.7,1573.0
2024-08-26 11:06:00,102.67,102.7,102.6,102.6,2214.0
2024-08-26 11:10:00,102.58,102.58,102.5,102.5,1549.0
2024-08-26 11:12:00,102.5,102.5,102.34,102.34,5980.0
2024-08-26 11:14:00,102.33,102.4,102.25,102.25,3573.0
2024-08-26 11:16:00,102.36,102.38,102.29,102.3,2934.0
2024-08-26 11:18:00,102.35,102.45,102.35,102.45,2618.0
2024-08-26 11:20:00,102.46,102.48,102.46,102.48,1638.0
2024-08-26 11:22:00,102.5,102.5,102.44,102.46,1460.0
2024-08-26 11:24:00,102.42,102.42,102.4,102.4,1165.0
2024-08-26 11:26:00,102.3,102.31,102.25,102.25,2379.0
2024-08-26 11:28:00,102.2,102.2,102.0,102.0,5712.0
2024-08-26 11:30:00,102.08,102.1,102.08,102.1,1020.0
2024-08-26 11:32:00,102.06,102.06,102.05,102.05,381.0
2024-08-26 11:34:00,102.1,102.1,102.1,102.1,1722.0
2024-08-26 11:38:00,102.13,102.16,102.13,102.16,1215.0
2024-08-26 11:40:00,102.16,102.16,102.15,102.15,580.0
2024-08-26 11:42:00,102.14,102.14,101.5,101.5,7648.0
2024-08-26 11:44:00,101.6,101.6,101.25,101.25,12406.0
2024-08-26 11:46:00,101.27,101.27,101.0,101.2,5791.0
2024-08-26 11:48:00,101.5,101.5,101.5,101.5,1854.0
2024-08-26 11:50:00,101.52,101.59,101.52,101.59,658.0
2024-08-26 11:52:00,101.6,101.6,101.6,101.6,720.0
2024-08-26 11:54:00,101.59,101.59,101.59,101.59,414.0
2024-08-26 11:56:00,101.58,101.58,101.51,101.51,1530.0
2024-08-26 12:00:00,101.56,103.0,101.0466,101.65,203881.0
2024-08-26 12:02:00,101.709,101.71,101.6,101.6008,3327.0
2024-08-26 12:04:00,101.71,101.8,101.7,101.8,3456.0
2024-08-26 12:06:00,101.79,101.8989,101.712,101.8989,1193.0
2024-08-26 12:08:00,101.9492,101.9492,101.8999,101.8999,1103.0
2024-08-26 12:10:00,101.85,101.85,101.75,101.81,5673.0
2024-08-26 12:12:00,101.85,101.96,101.85,101.96,2455.0
2024-08-26 12:14:00,101.9,101.9,101.88,101.8983,2021.0
2024-08-26 12:16:00,101.9,101.94,101.9,101.9,1198.0
2024-08-26 12:18:00,101.94,103.107,101.93,101.95,5071.0
2024-08-26 12:20:00,101.99,101.99,101.8004,101.8004,10356.0
2024-08-26 12:22:00,101.8021,101.8042,101.8021,101.8042,316.0
2024-08-26 12:24:00,101.8,101.8,101.6198,101.74,9954.0
2024-08-26 12:26:00,101.74,101.75,101.7,101.74,2821.0
2024-08-26 12:30:00,101.7,101.74,101.65,101.74,3994.0
2024-08-26 12:32:00,101.572,101.65,101.572,101.65,619.0
2024-08-26 12:34:00,101.65,101.65,101.65,101.65,1912.0
2024-08-26 12:36:00,101.65,101.65,101.5,101.6,8394.0
2024-08-26 12:38:00,101.6,101.61,101.56,101.6,5673.0
2024-08-26 12:40:00,101.6,101.65,101.43,101.43,9755.0
2024-08-26 12:42:00,101.48,101.49,101.0,101.0,22628.0
2024-08-26 12:44:00,100.91,101.069,100.8,101.0,14172.0
2024-08-26 12:46:00,101.0992,101.1,101.0,101.1,6051.0
2024-08-26 12:48:00,101.22,101.3,101.22,101.3,4208.0
2024-08-26 12:50:00,101.3,101.4465,101.3,101.3002,3586.0
2024-08-26 12:52:00,101.35,101.37,101.31,101.37,3995.0
2024-08-26 12:54:00,101.36,101.4,101.3,101.35,6409.0
2024-08-26 12:56:00,101.35,101.35,101.25,101.25,4025.0
2024-08-26 12:58:00,101.16,101.24,101.12,101.24,2088.0
2024-08-26 13:00:00,101.24,101.3,101.0,101.03,10926.0
2024-08-26 13:02:00,101.05,101.13,100.91,100.941,4569.0
2024-08-26 13:04:00,100.85,100.89,100.8,100.89,6037.0
2024-08-26 13:06:00,100.95,101.182,100.95,101.06,10830.0
2024-08-26 13:08:00,101.1,101.2,101.1,101.12,8597.0
2024-08-26 13:10:00,101.16,101.16,101.11,101.13,1513.0
2024-08-26 13:12:00,101.14,101.14,101.0,101.0,5212.0
2024-08-26 13:14:00,100.99,100.99,100.62,100.7,25442.0
2024-08-26 13:16:00,100.7,101.0393,100.69,101.0393,12125.0
2024-08-26 13:18:00,101.0,101.0,100.75,100.8883,6696.0
2024-08-26 13:20:00,100.87,100.87,100.8,100.81,2323.0
2024-08-26 13:22:00,100.7901,101.01,100.7901,100.9992,4029.0
2024-08-26 13:24:00,101.0,101.1383,100.7,100.7,9455.0
2024-08-26 13:26:00,100.66,100.7813,100.4,100.5,21560.0
2024-08-26 13:28:00,100.45,100.66,100.45,100.53,12794.0
2024-08-26 13:30:00,100.67,101.43,100.43,101.355,628598.0
2024-08-26 13:32:00,101.33,102.1,101.2,101.96,260521.0
2024-08-26 13:34:00,101.92,101.945,101.42,101.4616,189609.0
2024-08-26 13:36:00,101.455,101.835,101.4,101.56,178415.0
2024-08-26 13:38:00,101.57,101.93,101.51,101.75,143748.0
2024-08-26 13:40:00,101.73,102.19,101.62,101.93,198223.0
2024-08-26 13:42:00,101.94,101.9674,101.681,101.85,138122.0
2024-08-26 13:44:00,101.85,101.85,101.51,101.52,130420.0
2024-08-26 13:46:00,101.51,101.62,101.31,101.48,253749.0
2024-08-26 13:48:00,101.45,101.465,101.0802,101.1927,143363.0
2024-08-26 13:50:00,101.1901,101.32,101.07,101.165,118763.0
2024-08-26 13:52:00,101.15,101.19,100.95,101.1863,284302.0
2024-08-26 13:54:00,101.175,101.175,100.48,100.53,317851.0
2024-08-26 13:56:00,100.55,100.6999,100.21,100.42,308887.0
2024-08-26 13:58:00,100.4,100.5,99.62,99.8673,498232.0
2024-08-26 14:00:00,99.93,99.99,99.535,99.69,275656.0
2024-08-26 14:02:00,99.68,99.92,99.58,99.735,184066.0
2024-08-26 14:04:00,99.75,99.96,99.625,99.7946,188718.0
2024-08-26 14:06:00,99.78,99.8274,99.45,99.5572,185438.0
2024-08-26 14:08:00,99.52,99.6022,99.25,99.29,168188.0
2024-08-26 14:10:00,99.3,99.36,98.8,98.815,313274.0
2024-08-26 14:12:00,98.8413,98.96,98.6001,98.855,397468.0
2024-08-26 14:14:00,98.8853,98.95,98.3605,98.49,216617.0
2024-08-26 14:16:00,98.5,98.9941,98.35,98.92,217066.0
2024-08-26 14:18:00,98.93,99.13,98.7662,98.965,166195.0
2024-08-26 14:20:00,98.965,99.105,98.7966,98.81,126381.0
2024-08-26 14:22:00,98.81,98.935,98.67,98.7,161825.0
2024-08-26 14:24:00,98.7,98.98,98.51,98.94,162555.0
2024-08-26 14:26:00,98.95,98.96,98.58,98.6,134502.0
2024-08-26 14:28:00,98.595,98.6,98.34,98.36,194346.0
2024-08-26 14:30:00,98.36,98.63,98.02,98.0399,192315.0
2024-08-26 14:32:00,98.05,98.078,97.8301,97.86,277450.0
2024-08-26 14:34:00,97.84,98.01,97.72,97.9123,203613.0
2024-08-26 14:36:00,97.93,98.18,97.8201,97.87,175428.0
2024-08-26 14:38:00,97.86,97.94,97.61,97.7162,194861.0
2024-08-26 14:40:00,97.7,98.23,97.67,98.2,144630.0
2024-08-26 14:42:00,98.2199,98.35,98.2001,98.28,133946.0
2024-08-26 14:44:00,98.275,98.35,98.16,98.175,98163.0
2024-08-26 14:46:00,98.21,98.3,98.16,98.26,54346.0
2024-08-26 14:48:00,98.25,98.29,98.04,98.08,97543.0
2024-08-26 14:50:00,98.08,98.2699,98.04,98.13,81792.0
2024-08-26 14:52:00,98.13,98.32,98.08,98.265,168876.0
2024-08-26 14:54:00,98.29,98.474,98.26,98.4599,108193.0
2024-08-26 14:56:00,98.445,98.57,98.36,98.4441,167963.0
2024-08-26 14:58:00,98.42,98.47,98.36,98.41,120109.0
2024-08-26 15:00:00,98.415,98.5,98.26,98.35,91343.0
2024-08-26 15:02:00,98.355,100.7,98.325,98.79,147769.0
2024-08-26 15:04:00,98.78,98.78,98.56,98.6315,118069.0
2024-08-26 15:06:00,98.64,98.82,98.51,98.7,70546.0
2024-08-26 15:08:00,98.6502,98.91,98.63,98.8598,70847.0
2024-08-26 15:10:00,98.8538,98.8622,98.7,98.75,77875.0
2024-08-26 15:12:00,98.765,99.0,98.74,98.965,136402.0
2024-08-26 15:14:00,98.965,99.0,98.82,98.96,145836.0
2024-08-26 15:16:00,98.96,98.97,98.72,98.785,83202.0
2024-08-26 15:18:00,98.85,99.08,98.845,99.08,105714.0
2024-08-26 15:20:00,99.07,99.22,98.96,99.025,76912.0
2024-08-26 15:22:00,99.025,99.3,98.98,99.26,66699.0
2024-08-26 15:24:00,99.265,99.29,99.125,99.17,60353.0
2024-08-26 15:26:00,99.135,99.17,99.0,99.07,73120.0
2024-08-26 15:28:00,99.08,99.17,99.075,99.12,53559.0
2024-08-26 15:30:00,99.11,99.18,99.04,99.06,111820.0
2024-08-26 15:32:00,99.065,99.13,98.9,99.115,158296.0
2024-08-26 15:34:00,99.09,99.33,99.09,99.32,85982.0
2024-08-26 15:36:00,99.32,99.41,99.265,99.39,58118.0
2024-08-26 15:38:00,99.39,99.6164,99.31,99.54,84946.0
2024-08-26 15:40:00,99.5419,99.73,99.46,99.73,77616.0
2024-08-26 15:42:00,99.715,99.9,99.7,99.805,132669.0
2024-08-26 15:44:00,99.8041,99.86,99.58,99.625,118299.0
2024-08-26 15:46:00,99.63,99.6362,99.23,99.295,136047.0
2024-08-26 15:48:00,99.295,99.7,99.26,99.59,136078.0
2024-08-26 15:50:00,99.565,99.64,99.5,99.52,88907.0
2024-08-26 15:52:00,99.524,99.524,99.3,99.425,75685.0
2024-08-26 15:54:00,99.425,99.425,99.08,99.2841,86927.0
2024-08-26 15:56:00,99.26,99.26,99.098,99.155,86071.0
2024-08-26 15:58:00,99.155,99.19,98.94,99.14,79175.0
2024-08-26 16:00:00,99.14,99.215,99.03,99.215,45003.0
2024-08-26 16:02:00,99.225,99.49,99.225,99.4501,57536.0
2024-08-26 16:04:00,99.48,99.5,99.31,99.31,40275.0
2024-08-26 16:06:00,99.32,99.395,99.17,99.36,87526.0
2024-08-26 16:08:00,99.33,99.42,99.27,99.375,62066.0
2024-08-26 16:10:00,99.375,99.71,99.3,99.69,85034.0
2024-08-26 16:12:00,99.72,99.725,99.4,99.4516,39218.0
2024-08-26 16:14:00,99.46,99.6099,99.42,99.5417,49127.0
2024-08-26 16:16:00,99.525,99.805,99.525,99.77,77998.0
2024-08-26 16:18:00,99.775,99.78,99.56,99.5614,43486.0
2024-08-26 16:20:00,99.6,99.776,99.59,99.71,40330.0
2024-08-26 16:22:00,99.72,99.985,99.69,99.89,60500.0
2024-08-26 16:24:00,99.9,99.92,99.74,99.87,84515.0
2024-08-26 16:26:00,99.8938,99.95,99.78,99.78,34268.0
2024-08-26 16:28:00,99.798,99.9399,99.7701,99.92,56326.0
2024-08-26 16:30:00,99.92,100.0,99.86,99.94,67153.0
2024-08-26 16:32:00,99.935,100.0,99.79,99.985,61687.0
2024-08-26 16:34:00,99.985,100.01,99.85,99.87,47332.0
2024-08-26 16:36:00,99.86,99.91,99.809,99.89,39554.0
2024-08-26 16:38:00,99.905,99.905,99.76,99.805,62540.0
2024-08-26 16:40:00,99.79,99.88,99.74,99.85,40977.0
2024-08-26 16:42:00,99.84,99.88,99.755,99.88,36009.0
2024-08-26 16:44:00,99.87,99.98,99.85,99.965,41595.0
2024-08-26 16:46:00,99.97,99.99,99.82,99.89,38875.0
2024-08-26 16:48:00,99.89,99.91,99.82,99.88,42342.0
2024-08-26 16:50:00,99.85,99.85,99.71,99.84,41235.0
2024-08-26 16:52:00,99.835,99.89,99.54,99.54,47484.0
2024-08-26 16:54:00,99.545,99.7145,99.545,99.694,60958.0
2024-08-26 16:56:00,99.7,99.72,99.5606,99.6,35452.0
2024-08-26 16:58:00,99.595,99.64,99.545,99.562,32140.0
2024-08-26 17:00:00,99.57,99.63,99.51,99.6,61008.0
2024-08-26 17:02:00,99.608,99.6599,99.53,99.62,30856.0
2024-08-26 17:04:00,99.61,99.79,99.6,99.73,45108.0
2024-08-26 17:06:00,99.72,99.7599,99.62,99.625,46256.0
2024-08-26 17:08:00,99.62,99.63,99.46,99.48,85710.0
2024-08-26 17:10:00,99.465,99.47,99.24,99.39,56948.0
2024-08-26 17:12:00,99.39,99.43,99.31,99.4,42813.0
2024-08-26 17:14:00,99.4,99.41,99.3,99.36,40416.0
2024-08-26 17:16:00,99.35,99.38,99.28,99.3,30673.0
2024-08-26 17:18:00,99.29,99.43,99.26,99.426,40398.0
2024-08-26 17:20:00,99.4,99.485,99.335,99.446,53476.0
2024-08-26 17:22:00,99.47,99.5997,99.47,99.54,39336.0
2024-08-26 17:24:00,99.54,99.6699,99.5,99.6304,43715.0
2024-08-26 17:26:00,99.61,99.655,99.585,99.625,27245.0
2024-08-26 17:28:00,99.61,99.62,99.42,99.44,53520.0
2024-08-26 17:30:00,99.45,99.505,99.395,99.45,37777.0
2024-08-26 17:32:00,99.45,99.5,99.4001,99.435,25983.0
2024-08-26 17:34:00,99.435,99.4699,99.36,99.4099,64701.0
2024-08-26 17:36:00,99.38,99.4,99.25,99.2617,45604.0
2024-08-26 17:38:00,99.27,99.28,99.04,99.11,70950.0
2024-08-26 17:40:00,99.12,99.26,99.09,99.1,64645.0
2024-08-26 17:42:00,99.095,99.19,99.045,99.176,62117.0
2024-08-26 17:44:00,99.2,99.28,99.06,99.08,31999.0
2024-08-26 17:46:00,99.084,99.104,98.88,98.9865,67147.0
2024-08-26 17:48:00,99.0,99.03,98.905,98.92,68539.0
2024-08-26 17:50:00,98.92,99.03,98.915,98.98,35831.0
2024-08-26 17:52:00,98.97,99.05,98.89,99.0,57304.0
2024-08-26 17:54:00,99.0,99.04,98.88,98.94,43888.0
2024-08-26 17:56:00,98.92,98.98,98.82,98.94,42223.0
2024-08-26 17:58:00,98.93,99.0,98.9,98.925,24915.0
2024-08-26 18:00:00,98.93,98.93,98.8,98.86,42300.0
2024-08-26 18:02:00,98.87,99.01,98.87,98.87,47541.0
2024-08-26 18:04:00,98.88,98.91,98.7,98.82,57117.0
2024-08-26 18:06:00,98.83,98.855,98.71,98.7501,51392.0
2024-08-26 18:08:00,98.765,98.784,98.69,98.76,45569.0
2024-08-26 18:10:00,98.77,98.8,98.7,98.735,44125.0
2024-08-26 18:12:00,98.7487,98.87,98.7403,98.82,59698.0
2024-08-26 18:14:00,98.83,99.09,98.815,99.02,66679.0
2024-08-26 18:16:00,99.0,99.02,98.785,98.82,57493.0
2024-08-26 18:18:00,98.8,98.85,98.75,98.82,48045.0
2024-08-26 18:20:00,98.83,99.036,98.8,99.015,85745.0
2024-08-26 18:22:00,99.01,99.169,98.97,99.0,59897.0
2024-08-26 18:24:00,98.99,99.03,98.85,98.93,49510.0
2024-08-26 18:26:00,98.945,99.1183,98.945,99.08,73010.0
2024-08-26 18:28:00,99.09,99.19,98.97,99.1501,33064.0
2024-08-26 18:30:00,99.15,99.24,99.1,99.1,29788.0
2024-08-26 18:32:00,99.1,99.12,98.93,98.955,145133.0
2024-08-26 18:34:00,98.95,99.2435,98.95,99.16,65452.0
2024-08-26 18:36:00,99.145,99.16,99.05,99.105,37802.0
2024-08-26 18:38:00,99.11,99.13,99.0,99.115,42339.0
2024-08-26 18:40:00,99.12,99.2524,99.11,99.165,43082.0
2024-08-26 18:42:00,99.18,99.32,99.18,99.25,67863.0
2024-08-26 18:44:00,99.26,99.27,99.14,99.21,47006.0
2024-08-26 18:46:00,99.195,99.2,99.1,99.115,43503.0
2024-08-26 18:48:00,99.115,99.13,99.03,99.03,74539.0
2024-08-26 18:50:00,99.03,99.18,98.97,99.17,59150.0
2024-08-26 18:52:00,99.15,99.23,99.09,99.135,59552.0
2024-08-26 18:54:00,99.14,99.28,99.095,99.26,51130.0
2024-08-26 18:56:00,99.245,99.26,99.18,99.2,66568.0
2024-08-26 18:58:00,99.2,99.2499,99.18,99.21,67812.0
2024-08-26 19:00:00,99.21,99.3,99.07,99.29,136787.0
2024-08-26 19:02:00,99.3,99.38,99.265,99.3,103137.0
2024-08-26 19:04:00,99.3,99.35,99.185,99.21,90551.0
2024-08-26 19:06:00,99.21,99.22,99.075,99.085,56289.0
2024-08-26 19:08:00,99.085,99.09,98.83,98.862,262106.0
2024-08-26 19:10:00,98.86,98.98,98.82,98.92,112216.0
2024-08-26 19:12:00,98.925,98.953,98.83,98.9,139031.0
2024-08-26 19:14:00,98.92,98.9335,98.78,98.845,73654.0
2024-08-26 19:16:00,98.845,98.9,98.69,98.848,115599.0
2024-08-26 19:18:00,98.835,99.0158,98.8,98.96,121314.0
2024-08-26 19:20:00,98.96,99.0,98.9,99.0,57739.0
2024-08-26 19:22:00,98.99,99.03,98.88,98.92,90148.0
2024-08-26 19:24:00,98.93,98.98,98.88,98.92,96347.0
2024-08-26 19:26:00,98.914,99.0699,98.895,98.92,241944.0
2024-08-26 19:28:00,98.94,98.965,98.53,98.53,142302.0
2024-08-26 19:30:00,98.525,98.712,98.36,98.65,216221.0
2024-08-26 19:32:00,98.64,98.7776,98.59,98.65,75694.0
2024-08-26 19:34:00,98.66,98.75,98.64,98.655,76338.0
2024-08-26 19:36:00,98.67,98.69,98.55,98.58,119769.0
2024-08-26 19:38:00,98.59,98.61,98.47,98.52,88819.0
2024-08-26 19:40:00,98.51,98.7,98.48,98.6357,88760.0
2024-08-26 19:42:00,98.6199,98.65,98.5,98.51,89185.0
2024-08-26 19:44:00,98.5,98.5199,98.24,98.24,149872.0
2024-08-26 19:46:00,98.25,98.25,98.08,98.12,179968.0
2024-08-26 19:48:00,98.125,98.315,98.08,98.23,173714.0
2024-08-26 19:50:00,98.225,98.548,98.225,98.49,190185.0
2024-08-26 19:52:00,98.475,98.9,98.475,98.875,202365.0
2024-08-26 19:54:00,98.88,98.98,98.64,98.83,322849.0
2024-08-26 19:56:00,98.825,98.95,98.77,98.89,357699.0
2024-08-26 19:58:00,98.89,98.99,98.85,98.91,724413.0
2024-08-26 20:00:00,98.91,98.96,98.91,98.96,134368.0
2024-08-26 20:02:00,98.94,98.96,98.91,98.94,11633.0
2024-08-26 20:04:00,98.95,98.95,98.91,98.91,3642.0
2024-08-26 20:06:00,98.92,98.93,98.91,98.91,3081.0
2024-08-26 20:08:00,98.93,99.0,98.93,99.0,1962.0
2024-08-26 20:10:00,98.98,98.98,98.94,98.95,1537.0
2024-08-26 20:12:00,98.92,98.92,98.91,98.91,2150.0
2024-08-26 20:14:00,98.91,98.95,98.91,98.94,2055.0
2024-08-26 20:16:00,98.95,98.95,98.95,98.95,546.0
2024-08-26 20:18:00,99.0,99.0,98.91,98.92,4472.0
2024-08-26 20:20:00,98.93,98.96,98.93,98.96,924.0
2024-08-26 20:24:00,98.95,98.96,98.94,98.96,1283.0
2024-08-26 20:26:00,98.93,98.93,98.93,98.93,344.0
2024-08-26 20:28:00,98.9493,98.95,98.9493,98.95,1176.0
2024-08-26 20:30:00,98.95,98.95,98.92,98.94,4053.0
2024-08-26 20:34:00,98.96,98.96,98.94,98.94,3487.0
2024-08-26 20:36:00,98.94,98.94,98.94,98.94,367.0
2024-08-26 20:38:00,98.95,98.95,98.95,98.95,206.0
2024-08-26 20:40:00,98.97,98.97,98.94,98.94,603.0
2024-08-26 20:42:00,98.94,98.98,98.94,98.98,536.0
2024-08-26 20:44:00,98.96,98.96,98.93,98.95,1954.0
2024-08-26 20:46:00,98.97,98.97,98.97,98.97,451.0
2024-08-26 20:52:00,98.92,98.96,98.91,98.96,2633.0
2024-08-26 20:54:00,98.96,99.0,98.96,99.0,368.0
2024-08-26 20:56:00,98.97,98.97,98.97,98.97,1019.0
2024-08-26 20:58:00,98.96,98.96,98.96,98.96,1276.0
2024-08-26 21:00:00,98.92,98.93,98.92,98.93,850.0
2024-08-26 21:02:00,98.95,98.95,98.95,98.95,306.0
2024-08-26 21:04:00,98.94,98.95,98.94,98.94,630.0
2024-08-26 21:06:00,98.94,98.94,98.92,98.92,3488.0
2024-08-26 21:08:00,98.92,98.93,98.92,98.92,1827.0
2024-08-26 21:10:00,98.91,98.9481,98.91,98.9481,1185.0
2024-08-26 21:14:00,98.9493,98.9493,98.9493,98.9493,482.0
2024-08-26 21:16:00,98.95,98.95,98.95,98.95,173.0
2024-08-26 21:20:00,98.95,98.95,98.95,98.95,428.0
2024-08-26 21:26:00,98.95,98.9665,98.95,98.9665,1383.0
2024-08-26 21:28:00,98.93,98.93,98.93,98.93,219.0
2024-08-26 21:30:00,98.9916,98.9916,98.9916,98.9916,178.0
2024-08-26 21:32:00,98.9963,98.9963,98.9963,98.9963,202.0
2024-08-26 21:36:00,98.94,98.94,98.93,98.93,2291.0
2024-08-26 21:38:00,98.9468,98.9468,98.9468,98.9468,130.0
2024-08-26 21:40:00,98.9055,98.9055,98.9055,98.9055,101.0
2024-08-26 21:46:00,98.94,98.94,98.94,98.94,1115.0
2024-08-26 21:48:00,98.94,98.94,98.94,98.94,112.0
2024-08-26 21:58:00,98.98,98.98,98.98,98.98,503.0
2024-08-26 22:04:00,99.0,99.02,98.987,99.02,2449.0
2024-08-26 22:06:00,99.0,99.0,99.0,99.0,338.0
2024-08-26 22:08:00,98.95,98.95,98.86,98.86,7844.0
2024-08-26 22:10:00,98.92,98.97,98.7949,98.7949,735.0
2024-08-26 22:12:00,98.7951,98.97,98.7951,98.91,859.0
2024-08-26 22:20:00,98.9754,98.9754,98.9754,98.9754,101.0
2024-08-26 22:22:00,98.9763,98.9763,98.97,98.97,255.0
2024-08-26 22:24:00,98.95,99.0,98.89,98.89,1136.0
2024-08-26 22:40:00,98.77,98.77,98.77,98.77,102.0
2024-08-26 22:42:00,98.8616,98.8616,98.8616,98.8616,120.0
2024-08-26 22:46:00,98.86,98.86,98.85,98.85,207.0
2024-08-26 22:48:00,98.86,98.86,98.86,98.86,239.0
2024-08-26 22:52:00,98.8013,98.8013,98.8013,98.8013,1900.0
2024-08-26 22:56:00,98.89,98.89,98.89,98.89,605.0
2024-08-26 22:58:00,98.94,98.94,98.94,98.94,432.0
2024-08-26 23:02:00,98.85,98.85,98.85,98.85,195.0
2024-08-26 23:08:00,98.85,98.85,98.85,98.85,103.0
2024-08-26 23:10:00,98.85,98.85,98.85,98.85,310.0
2024-08-26 23:16:00,98.85,98.86,98.85,98.86,1930.0
2024-08-26 23:18:00,98.9,98.91,98.9,98.91,1124.0
2024-08-26 23:20:00,98.91,98.91,98.91,98.91,651.0
2024-08-26 23:22:00,98.91,98.91,98.9,98.9,726.0
2024-08-26 23:24:00,98.85,98.85,98.85,98.85,1382.0
2024-08-26 23:26:00,98.82,98.82,98.8,98.8,422.0
2024-08-26 23:28:00,98.8,98.8,98.8,98.8,304.0
2024-08-26 23:30:00,98.84,98.84,98.84,98.84,510.0
2024-08-26 23:32:00,98.8391,98.84,98.82,98.82,2616.0
2024-08-26 23:34:00,98.8,98.8,98.8,98.8,289.0
2024-08-26 23:36:00,98.82,98.82,98.75,98.8,916.0
2024-08-26 23:40:00,98.8,98.8,98.8,98.8,1941.0
2024-08-26 23:42:00,98.8,98.8,98.7501,98.7501,1763.0
2024-08-26 23:44:00,98.7755,98.82,98.7755,98.82,1144.0
2024-08-26 23:46:00,98.7528,98.88,98.7528,98.88,1250.0
2024-08-26 23:50:00,98.7836,98.83,98.7836,98.7861,668.0
2024-08-26 23:52:00,98.84,98.84,98.84,98.84,206.0
2024-08-26 23:54:00,98.8,98.8,98.79,98.8,708.0
2024-08-26 23:56:00,98.77,98.79,98.75,98.75,3896.0
2024-08-26 23:58:00,98.75,98.75,98.73,98.73,1085.0
2024-08-27 08:02:00,99.04,99.04,99.04,99.04,1037.0
2024-08-27 08:04:00,99.0,99.13,99.0,99.13,2654.0
2024-08-27 08:06:00,99.28,99.28,99.28,99.28,138.0
2024-08-27 08:16:00,99.1,99.1,99.04,99.04,867.0
2024-08-27 08:20:00,99.04,99.04,99.0,99.0,1146.0
2024-08-27 08:28:00,99.1,99.2,99.1,99.2,1371.0
2024-08-27 08:30:00,99.14,99.14,99.14,99.14,327.0
2024-08-27 08:36:00,99.21,99.21,99.08,99.11,1007.0
2024-08-27 08:38:00,99.1,99.1,99.1,99.1,1506.0
2024-08-27 08:40:00,99.13,99.13,99.07,99.07,981.0
2024-08-27 08:42:00,99.01,99.01,99.01,99.01,942.0
2024-08-27 08:44:00,99.03,99.04,98.98,99.04,1156.0
2024-08-27 08:46:00,99.04,99.04,99.04,99.04,1007.0
2024-08-27 09:00:00,98.85,98.85,98.85,98.85,286.0
2024-08-27 09:30:00,99.0,99.0,99.0,99.0,1452.0
2024-08-27 09:40:00,98.98,98.98,98.98,98.98,338.0
2024-08-27 09:50:00,98.9,98.9,98.9,98.9,489.0
2024-08-27 10:06:00,98.84,98.84,98.72,98.72,801.0
2024-08-27 10:10:00,98.78,98.78,98.78,98.78,100.0
2024-08-27 10:12:00,98.68,98.68,98.68,98.68,373.0
2024-08-27 10:14:00,98.56,98.58,98.56,98.58,548.0
2024-08-27 10:16:00,98.46,98.48,98.46,98.48,297.0
2024-08-27 10:18:00,98.42,98.42,98.42,98.42,265.0
2024-08-27 10:26:00,98.41,98.41,98.41,98.41,100.0
2024-08-27 10:30:00,98.46,98.6,98.46,98.6,1337.0
2024-08-27 10:42:00,98.6,98.6,98.6,98.6,170.0
2024-08-27 10:58:00,98.3,98.3,98.23,98.28,3875.0
2024-08-27 11:02:00,98.28,98.28,98.2,98.2,720.0
2024-08-27 11:06:00,98.4,98.46,98.4,98.46,1447.0
2024-08-27 11:08:00,98.47,98.5,98.47,98.5,931.0
2024-08-27 11:16:00,98.45,98.45,98.45,98.45,252.0
2024-08-27 11:20:00,98.4,98.4,98.4,98.4,272.0
2024-08-27 11:24:00,98.38,98.41,98.38,98.41,2190.0
2024-08-27 11:28:00,98.4,98.4,98.4,98.4,225.0
2024-08-27 11:30:00,98.4,98.45,98.4,98.45,1890.0
2024-08-27 11:32:00,98.5,98.5,98.5,98.5,504.0
2024-08-27 11:34:00,98.54,98.6,98.54,98.6,1921.0
2024-08-27 11:38:00,98.51,98.57,98.51,98.57,809.0
2024-08-27 11:40:00,98.58,98.6,98.58,98.6,1658.0
2024-08-27 11:42:00,98.7,98.7,98.7,98.7,2670.0
2024-08-27 11:44:00,98.78,98.78,98.78,98.78,120.0
2024-08-27 11:46:00,98.68,98.68,98.65,98.65,1780.0
2024-08-27 11:48:00,98.6,98.6,98.6,98.6,530.0
2024-08-27 11:52:00,98.6,98.6,98.5,98.5,2286.0
2024-08-27 11:54:00,98.59,98.59,98.59,98.59,1532.0
2024-08-27 11:56:00,98.58,98.59,98.5,98.5,6023.0
2024-08-27 11:58:00,98.3,98.31,98.01,98.24,24087.0
2024-08-27 12:00:00,98.28,99.04,98.08,98.3,24676.0
2024-08-27 12:02:00,98.32,99.157,98.29,98.3,2840.0
2024-08-27 12:04:00,98.25,98.3,98.25,98.25,1295.0
2024-08-27 12:08:00,98.31,98.31,98.31,98.31,2888.0
2024-08-27 12:10:00,98.35,98.35,98.2044,98.2044,4358.0
2024-08-27 12:12:00,98.2,98.25,98.2,98.25,719.0
2024-08-27 12:14:00,98.19,98.2,98.1,98.1,1597.0
2024-08-27 12:16:00,98.1,98.11,98.0,98.0,9974.0
2024-08-27 12:18:00,97.98,97.98,97.9,97.92,2430.0
2024-08-27 12:20:00,97.9,97.93,97.77,97.77,3862.0
2024-08-27 12:22:00,97.81,97.81,97.77,97.79,3730.0
2024-08-27 12:24:00,97.9,97.994,97.8583,97.8667,1855.0
2024-08-27 12:26:00,97.9,98.0,97.87,98.0,2296.0
2024-08-27 12:28:00,97.95,98.1061,97.95,98.1061,3017.0
2024-08-27 12:30:00,98.03,98.03,98.0,98.0,1141.0
2024-08-27 12:32:00,97.96,97.96,97.96,97.96,311.0
2024-08-27 12:34:00,97.91,98.08,97.91,98.08,2484.0
2024-08-27 12:38:00,97.97,97.98,97.92,97.92,1638.0
2024-08-27 12:40:00,97.9,97.9,97.84,97.87,4476.0
2024-08-27 12:42:00,97.84,97.85,97.77,97.7714,2065.0
2024-08-27 12:44:00,97.77,97.85,97.72,97.72,3895.0
2024-08-27 12:46:00,97.79,97.79,97.6902,97.6902,1455.0
2024-08-27 12:48:00,97.69,97.7,97.6504,97.7,2000.0
2024-08-27 12:50:00,97.7,97.7,97.6,97.68,5859.0
2024-08-27 12:52:00,97.7,97.7,97.6891,97.6891,2270.0
2024-08-27 12:54:00,97.64,97.78,97.6,97.78,5658.0
2024-08-27 12:56:00,97.79,97.79,97.64,97.66,12516.0
2024-08-27 12:58:00,97.68,97.68,97.6,97.6,2426.0
2024-08-27 13:00:00,97.67,97.7681,97.6612,97.7681,2350.0
2024-08-27 13:02:00,97.76,97.76,97.7,97.7,11449.0
2024-08-27 13:04:00,97.65,97.7095,97.65,97.7095,2489.0
2024-08-27 13:06:00,97.67,97.71,97.5652,97.5652,5980.0
2024-08-27 13:08:00,97.5866,97.5866,97.5866,97.5866,135.0
2024-08-27 13:10:00,97.75,97.87,97.7,97.83,8240.0
2024-08-27 13:12:00,97.8,97.8,97.4,97.61,7152.0
2024-08-27 13:14:00,97.36,97.5,97.3,97.5,10910.0
2024-08-27 13:16:00,97.5,97.5,97.4,97.47,2504.0
2024-08-27 13:18:00,97.49,97.5,97.3,97.4,10053.0
2024-08-27 13:20:00,97.4766,97.4766,97.35,97.35,774.0
2024-08-27 13:22:00,97.357,97.37,97.35,97.37,1537.0
2024-08-27 13:24:00,97.37,97.5,97.366,97.5,12347.0
2024-08-27 13:26:00,97.47,97.4984,97.08,97.19,8034.0
2024-08-27 13:28:00,97.05,97.26,97.01,97.09,24419.0
2024-08-27 13:30:00,97.09,97.67,96.7201,97.67,643313.0
2024-08-27 13:32:00,97.7,98.07,97.43,98.015,295592.0
2024-08-27 13:34:00,97.9963,98.07,97.68,97.77,153032.0
2024-08-27 13:36:00,97.79,98.09,97.78,97.795,134196.0
2024-08-27 13:38:00,97.8,97.97,97.29,97.34,151930.0
2024-08-27 13:40:00,97.32,97.4,96.93,97.13,281512.0
2024-08-27 13:42:00,97.09,97.1275,96.8,96.8505,205351.0
2024-08-27 13:44:00,96.88,97.0,96.668,96.95,255615.0
2024-08-27 13:46:00,96.955,97.45,96.955,97.065,173475.0
2024-08-27 13:48:00,97.08,97.49,97.0,97.25,157324.0
2024-08-27 13:50:00,97.25,97.8568,97.21,97.67,158596.0
2024-08-27 13:52:00,97.686,97.94,97.6,97.8506,176753.0
2024-08-27 13:54:00,97.84,97.8947,97.57,97.84,81721.0
2024-08-27 13:56:00,97.85,97.85,97.4511,97.53,88347.0
2024-08-27 13:58:00,97.528,97.78,97.4552,97.713,77703.0
2024-08-27 14:00:00,97.72,98.0882,97.72,97.83,136796.0
2024-08-27 14:02:00,97.8148,97.9399,97.49,97.5,99185.0
2024-08-27 14:04:00,97.5298,97.7395,97.49,97.51,95434.0
2024-08-27 14:06:00,97.51,97.55,97.35,97.42,98885.0
2024-08-27 14:08:00,97.43,97.56,97.3764,97.54,114310.0
2024-08-27 14:10:00,97.5531,97.7846,97.52,97.74,83900.0
2024-08-27 14:12:00,97.75,98.06,97.66,97.698,132504.0
2024-08-27 14:14:00,97.68,97.9497,97.65,97.8,71879.0
2024-08-27 14:16:00,97.8,97.86,97.62,97.74,57647.0
2024-08-27 14:18:00,97.74,97.8481,97.55,97.58,108474.0
2024-08-27 14:20:00,97.595,97.68,97.47,97.55,79418.0
2024-08-27 14:22:00,97.57,97.62,97.44,97.53,105295.0
2024-08-27 14:24:00,97.54,97.9791,97.53,97.945,154267.0
2024-08-27 14:26:00,97.94,98.02,97.72,97.8,190854.0
2024-08-27 14:28:00,97.79,98.0,97.79,98.0,71640.0
2024-08-27 14:30:00,98.04,98.2629,97.9201,98.02,189989.0
2024-08-27 14:32:00,98.01,98.0973,97.95,98.02,61546.0
2024-08-27 14:34:00,98.025,98.025,97.76,97.865,54724.0
2024-08-27 14:36:00,97.86,97.88,97.66,97.73,50525.0
2024-08-27 14:38:00,97.7344,97.99,97.7,97.8999,58124.0
2024-08-27 14:40:00,97.88,97.91,97.74,97.755,36474.0
2024-08-27 14:42:00,97.7401,98.04,97.74,98.02,104919.0
2024-08-27 14:44:00,98.01,98.03,97.7774,97.84,62746.0
2024-08-27 14:46:00,97.85,97.8899,97.51,97.56,65536.0
2024-08-27 14:48:00,97.555,97.68,97.5216,97.63,71101.0
2024-08-27 14:50:00,97.63,97.75,97.47,97.69,74164.0
2024-08-27 14:52:00,97.71,97.71,97.56,97.67,34878.0
2024-08-27 14:54:00,97.67,97.895,97.67,97.83,55426.0
2024-08-27 14:56:00,97.85,97.95,97.8,97.89,35604.0
2024-08-27 14:58:00,97.905,98.04,97.81,98.04,68342.0
2024-08-27 15:00:00,98.04,98.1676,97.9801,98.01,86351.0
2024-08-27 15:02:00,97.995,98.3,97.99,98.3,86582.0
2024-08-27 15:04:00,98.31,98.49,98.19,98.22,101767.0
2024-08-27 15:06:00,98.24,98.2887,98.0,98.13,75788.0
2024-08-27 15:08:00,98.15,98.2336,98.1,98.16,74280.0
2024-08-27 15:10:00,98.165,98.28,98.16,98.18,39520.0
2024-08-27 15:12:00,98.175,98.24,97.95,97.99,65489.0
2024-08-27 15:14:00,97.9899,97.99,97.81,97.915,52690.0
2024-08-27 15:16:00,97.92,97.94,97.76,97.7905,49406.0
2024-08-27 15:18:00,97.83,97.854,97.59,97.6625,69771.0
2024-08-27 15:20:00,97.665,97.71,97.55,97.5864,62991.0
2024-08-27 15:22:00,97.57,97.7699,97.57,97.645,91876.0
2024-08-27 15:24:00,97.65,97.7889,97.49,97.56,77087.0
2024-08-27 15:26:00,97.57,97.6509,97.5,97.5133,56274.0
2024-08-27 15:28:00,97.515,97.53,97.2801,97.35,61507.0
2024-08-27 15:30:00,97.33,97.3999,97.22,97.27,76454.0
2024-08-27 15:32:00,97.27,97.35,96.96,97.01,99387.0
2024-08-27 15:34:00,97.0,97.28,96.9996,97.26,72016.0
2024-08-27 15:36:00,97.26,97.2997,97.13,97.2,43711.0
2024-08-27 15:38:00,97.17,97.3,97.12,97.15,46921.0
2024-08-27 15:40:00,97.15,97.15,96.94,97.04,75953.0
2024-08-27 15:42:00,97.04,97.07,96.95,97.0,72533.0
2024-08-27 15:44:00,97.005,97.09,96.9805,97.04,78144.0
2024-08-27 15:46:00,97.045,97.2,97.045,97.1131,76274.0
2024-08-27 15:48:00,97.1,97.105,96.95,97.04,94422.0
2024-08-27 15:50:00,97.03,97.18,97.015,97.14,58293.0
2024-08-27 15:52:00,97.14,97.15,96.95,96.9599,75977.0
2024-08-27 15:54:00,96.95,97.1199,96.94,97.1199,101325.0
2024-08-27 15:56:00,97.1,97.21,97.09,97.19,120465.0
2024-08-27 15:58:00,97.195,97.28,97.1,97.21,71064.0
2024-08-27 16:00:00,97.205,97.36,97.17,97.36,59564.0
2024-08-27 16:02:00,97.36,97.37,97.27,97.36,47970.0
2024-08-27 16:04:00,97.37,97.379,97.2,97.21,84018.0
2024-08-27 16:06:00,97.21,97.28,97.21,97.2595,36297.0
2024-08-27 16:08:00,97.26,97.27,97.16,97.23,41051.0
2024-08-27 16:10:00,97.225,97.26,97.15,97.23,31233.0
2024-08-27 16:12:00,97.25,97.29,97.1919,97.2825,55485.0
2024-08-27 16:14:00,97.2701,97.31,97.21,97.26,82663.0
2024-08-27 16:16:00,97.26,97.31,97.0602,97.09,59510.0
2024-08-27 16:18:00,97.09,97.14,97.08,97.12,34909.0
2024-08-27 16:20:00,97.12,97.15,96.89,96.93,61359.0
2024-08-27 16:22:00,96.92,97.01,96.88,97.005,77965.0
2024-08-27 16:24:00,97.02,97.1,96.98,97.0,49023.0
2024-08-27 16:26:00,97.005,97.035,96.965,97.01,55551.0
2024-08-27 16:28:00,97.0,97.03,96.93,97.03,36565.0
2024-08-27 16:30:00,97.02,97.08,96.9,96.93,64298.0
2024-08-27 16:32:00,96.925,97.13,96.925,97.1,59911.0
2024-08-27 16:34:00,97.11,97.25,97.1,97.2476,62029.0
2024-08-27 16:36:00,97.2461,97.28,97.05,97.09,45567.0
2024-08-27 16:38:00,97.08,97.14,97.0,97.1273,39812.0
2024-08-27 16:40:00,97.13,97.1549,97.01,97.06,32610.0
2024-08-27 16:42:00,97.04,97.04,96.83,96.98,66655.0
2024-08-27 16:44:00,96.96,97.04,96.91,96.97,37119.0
2024-08-27 16:46:00,96.98,97.09,96.93,97.08,30897.0
2024-08-27 16:48:00,97.09,97.2,97.065,97.1,46246.0
2024-08-27 16:50:00,97.13,97.27,97.11,97.255,59778.0
2024-08-27 16:52:00,97.24,97.3,97.15,97.16,38402.0
2024-08-27 16:54:00,97.16,97.21,97.09,97.18,30424.0
2024-08-27 16:56:00,97.1792,97.27,97.155,97.26,39323.0
2024-08-27 16:58:00,97.25,97.25,97.17,97.22,80836.0
2024-08-27 17:00:00,97.23,97.284,97.1,97.175,56787.0
2024-08-27 17:02:00,97.19,97.24,97.13,97.15,36949.0
2024-08-27 17:04:00,97.16,97.25,97.13,97.25,44964.0
2024-08-27 17:06:00,97.24,97.35,97.22,97.24,43917.0
2024-08-27 17:08:00,97.24,97.3456,97.24,97.29,36351.0
2024-08-27 17:10:00,97.29,97.29,97.18,97.23,40563.0
2024-08-27 17:12:00,97.2371,97.2461,97.1603,97.18,51310.0
2024-08-27 17:14:00,97.21,97.23,97.15,97.19,34912.0
2024-08-27 17:16:00,97.2,97.22,97.14,97.22,58253.0
2024-08-27 17:18:00,97.2,97.22,97.12,97.12,41488.0
2024-08-27 17:20:00,97.13,97.19,97.1,97.1577,31764.0
2024-08-27 17:22:00,97.14,97.195,97.12,97.15,56928.0
2024-08-27 17:24:00,97.16,97.37,97.14,97.36,87019.0
2024-08-27 17:26:00,97.3521,97.6,97.35,97.6,116861.0
2024-08-27 17:28:00,97.6003,97.62,97.42,97.445,82270.0
2024-08-27 17:30:00,97.45,97.66,97.445,97.56,76469.0
2024-08-27 17:32:00,97.56,97.58,97.32,97.39,103448.0
2024-08-27 17:34:00,97.37,97.375,97.2,97.23,55915.0
2024-08-27 17:36:00,97.23,97.2599,97.11,97.13,70480.0
2024-08-27 17:38:00,97.15,97.15,97.0354,97.135,59937.0
2024-08-27 17:40:00,97.11,97.17,97.04,97.08,41240.0
2024-08-27 17:42:00,97.08,97.22,97.06,97.135,100934.0
2024-08-27 17:44:00,97.145,97.18,97.09,97.17,42557.0
2024-08-27 17:46:00,97.18,97.25,97.17,97.21,44621.0
2024-08-27 17:48:00,97.2,97.32,97.15,97.305,36732.0
2024-08-27 17:50:00,97.305,97.46,97.275,97.31,91416.0
2024-08-27 17:52:00,97.308,97.37,97.26,97.3291,33536.0
2024-08-27 17:54:00,97.32,97.42,97.305,97.42,33640.0
2024-08-27 17:56:00,97.41,97.47,97.39,97.44,32251.0
2024-08-27 17:58:00,97.4423,97.48,97.38,97.44,29314.0
2024-08-27 18:00:00,97.44,97.51,97.43,97.45,33602.0
2024-08-27 18:02:00,97.44,97.445,97.31,97.3399,30289.0
2024-08-27 18:04:00,97.34,97.37,97.27,97.34,50835.0
2024-08-27 18:06:00,97.35,97.42,97.34,97.36,27894.0
2024-08-27 18:08:00,97.375,97.41,97.31,97.3175,26981.0
2024-08-27 18:10:00,97.32,97.33,97.22,97.28,48184.0
2024-08-27 18:12:00,97.27,97.27,97.18,97.21,45505.0
2024-08-27 18:14:00,97.2,97.34,97.18,97.31,52704.0
2024-08-27 18:16:00,97.32,97.33,97.26,97.26,25034.0
2024-08-27 18:18:00,97.27,97.33,97.2,97.3201,35446.0
2024-08-27 18:20:00,97.3,97.36,97.27,97.31,55790.0
2024-08-27 18:22:00,97.31,97.39,97.24,97.265,51017.0
2024-08-27 18:24:00,97.265,97.29,97.21,97.26,33071.0
2024-08-27 18:26:00,97.26,97.36,97.19,97.345,77432.0
2024-08-27 18:28:00,97.35,97.365,97.26,97.34,33253.0
2024-08-27 18:30:00,97.34,97.4399,97.32,97.395,76265.0
2024-08-27 18:32:00,97.39,97.39,97.29,97.29,23977.0
2024-08-27 18:34:00,97.315,97.42,97.22,97.36,50405.0
2024-08-27 18:36:00,97.36,97.455,97.34,97.375,29225.0
2024-08-27 18:38:00,97.3825,97.41,97.32,97.335,41096.0
2024-08-27 18:40:00,97.34,97.4699,97.33,97.45,30408.0
2024-08-27 18:42:00,97.44,97.45,97.35,97.37,27167.0
2024-08-27 18:44:00,97.38,97.56,97.38,97.56,70158.0
2024-08-27 18:46:00,97.55,97.56,97.46,97.55,39396.0
2024-08-27 18:48:00,97.53,97.53,97.42,97.47,39091.0
2024-08-27 18:50:00,97.45,97.53,97.35,97.49,36120.0
2024-08-27 18:52:00,97.48,97.51,97.4,97.45,41341.0
2024-08-27 18:54:00,97.445,97.5349,97.43,97.46,29411.0
2024-08-27 18:56:00,97.46,97.51,97.43,97.5,31716.0
2024-08-27 18:58:00,97.5,97.6499,97.5,97.64,45311.0
2024-08-27 19:00:00,97.635,97.67,97.58,97.605,43843.0
2024-08-27 19:02:00,97.602,97.602,97.33,97.37,100617.0
2024-08-27 19:04:00,97.38,97.4,97.25,97.365,85346.0
2024-08-27 19:06:00,97.3501,97.39,97.28,97.305,35037.0
2024-08-27 19:08:00,97.3,97.37,97.26,97.3602,44355.0
2024-08-27 19:10:00,97.37,97.5,97.34,97.48,53365.0
2024-08-27 19:12:00,97.478,97.5201,97.4,97.43,42260.0
2024-08-27 19:14:00,97.425,97.47,97.42,97.4608,39334.0
2024-08-27 19:16:00,97.47,97.48,97.37,97.39,50171.0
2024-08-27 19:18:00,97.37,97.43,97.35,97.36,31087.0
2024-08-27 19:20:00,97.3636,97.52,97.36,97.43,33342.0
2024-08-27 19:22:00,97.42,97.48,97.38,97.41,37355.0
2024-08-27 19:24:00,97.42,97.48,97.4,97.44,52761.0
2024-08-27 19:26:00,97.4326,97.475,97.39,97.46,46090.0
2024-08-27 19:28:00,97.454,97.47,97.3803,97.395,45222.0
2024-08-27 19:30:00,97.39,97.39,97.29,97.31,67580.0
2024-08-27 19:32:00,97.31,97.385,97.3,97.335,53631.0
2024-08-27 19:34:00,97.33,97.44,97.3,97.44,70527.0
2024-08-27 19:36:00,97.44,97.499,97.38,97.49,52249.0
2024-08-27 19:38:00,97.47,97.51,97.38,97.41,56540.0
2024-08-27 19:40:00,97.41,97.529,97.36,97.49,47033.0
2024-08-27 19:42:00,97.48,97.529,97.42,97.439,45635.0
2024-08-27 19:44:00,97.42,97.71,97.42,97.68,67002.0
2024-08-27 19:46:00,97.69,97.78,97.655,97.73,90983.0
2024-08-27 19:48:00,97.74,97.795,97.72,97.7601,105949.0
2024-08-27 19:50:00,97.76,97.76,97.45,97.469,167096.0
2024-08-27 19:52:00,97.47,97.6063,97.46,97.6001,114556.0
2024-08-27 19:54:00,97.6,97.85,97.52,97.76,217330.0
2024-08-27 19:56:00,97.75,97.75,97.63,97.73,210470.0
2024-08-27 19:58:00,97.73,97.9,97.71,97.85,432117.0
2024-08-27 20:00:00,97.86,97.86,97.71,97.71,119130.0
2024-08-27 20:02:00,97.799,97.8,97.68,97.74,19752.0
2024-08-27 20:04:00,97.75,97.75,97.66,97.75,4826.0
2024-08-27 20:06:00,97.7,97.86,97.7,97.86,6674.0
2024-08-27 20:08:00,97.73,97.74,97.68,97.68,1700.0
2024-08-27 20:10:00,97.68,97.7,97.66,97.7,7525.0
2024-08-27 20:12:00,97.69,97.69,97.6153,97.65,2209.0
2024-08-27 20:14:00,97.6,97.6,97.4,97.41,7397.0
2024-08-27 20:16:00,97.5,97.56,97.5,97.53,711.0
2024-08-27 20:18:00,97.53,97.53,97.5,97.5,3895.0
2024-08-27 20:20:00,97.47,97.49,97.43,97.49,7609.0
2024-08-27 20:22:00,97.5,97.57,97.5,97.52,4784.0
2024-08-27 20:26:00,97.55,97.5692,97.55,97.5692,515.0
2024-08-27 20:28:00,97.57,97.57,97.57,97.57,566.0
2024-08-27 20:30:00,97.56,97.56,97.56,97.56,300.0
2024-08-27 20:32:00,97.5717,97.5717,97.5717,97.5717,165.0
2024-08-27 20:34:00,97.58,97.58,97.48,97.48,2442.0
2024-08-27 20:36:00,97.5,97.5,97.5,97.5,362.0
2024-08-27 20:38:00,97.55,97.55,97.55,97.55,279.0
2024-08-27 20:44:00,97.54,97.5697,97.5,97.5,1899.0
2024-08-27 20:46:00,97.43,97.57,97.43,97.57,385.0
2024-08-27 20:50:00,97.56,97.56,97.56,97.56,116.0
2024-08-27 20:52:00,97.56,97.56,97.56,97.56,207.0
2024-08-27 20:56:00,97.55,97.55,97.55,97.55,1128.0
2024-08-27 20:58:00,97.5005,97.86,97.5005,97.86,84974.0
2024-08-27 21:02:00,97.86,97.86,97.57,97.57,614.0
2024-08-27 21:04:00,97.57,97.57,97.57,97.57,116.0
2024-08-27 21:08:00,97.52,97.52,97.52,97.52,276.0
2024-08-27 21:12:00,97.57,97.57,97.5697,97.5697,213.0
2024-08-27 21:14:00,97.5071,97.56,97.5071,97.56,606.0
2024-08-27 21:20:00,97.5037,97.5037,97.5037,97.5037,501.0
2024-08-27 21:28:00,97.5687,97.5687,97.5687,97.5687,509.0
2024-08-27 21:32:00,97.57,97.57,97.57,97.57,121.0
2024-08-27 21:34:00,97.53,97.53,97.5,97.5,879.0
2024-08-27 21:40:00,97.56,97.57,97.56,97.57,524.0
2024-08-27 21:42:00,97.54,97.54,97.54,97.54,111.0
2024-08-27 21:44:00,97.57,97.58,97.57,97.58,466.0
2024-08-27 21:46:00,97.53,97.53,97.53,97.53,102.0
2024-08-27 22:00:00,97.58,97.58,97.58,97.58,3103.0
2024-08-27 22:04:00,97.55,97.55,97.55,97.55,204.0
2024-08-27 22:10:00,97.54,97.54,97.51,97.51,2724.0
2024-08-27 22:12:00,97.3,97.4,97.3,97.4,3149.0
2024-08-27 22:14:00,97.4,97.4,97.35,97.35,799.0
2024-08-27 22:16:00,97.3188,97.4,97.3188,97.4,222.0
2024-08-27 22:18:00,97.31,97.31,97.3,97.3,1258.0
2024-08-27 22:20:00,97.34,97.34,97.34,97.34,412.0
2024-08-27 22:22:00,97.35,97.35,97.3,97.3,1633.0
2024-08-27 22:24:00,97.39,97.39,97.33,97.33,946.0
2024-08-27 22:26:00,97.31,97.44,97.3,97.44,2117.0
2024-08-27 22:28:00,97.4,97.4,97.4,97.4,637.0
2024-08-27 22:30:00,97.35,97.35,97.35,97.35,724.0
2024-08-27 22:32:00,97.4,97.4,97.4,97.4,339.0
2024-08-27 22:40:00,97.3987,97.3987,97.3987,97.3987,189.0
2024-08-27 22:46:00,97.27,97.27,97.27,97.27,306.0
2024-08-27 22:50:00,97.2602,97.2602,97.2602,97.2602,170.0
2024-08-27 22:56:00,97.3,97.3,97.3,97.3,521.0
2024-08-27 22:58:00,97.2703,97.2703,97.2652,97.2652,470.0
2024-08-27 23:00:00,97.3491,97.3491,97.3491,97.3491,100.0
2024-08-27 23:02:00,97.3486,97.3486,97.3486,97.3486,219.0
2024-08-27 23:04:00,97.3493,97.3493,97.3493,97.3493,200.0
2024-08-27 23:10:00,97.33,97.33,97.33,97.33,101.0
2024-08-27 23:12:00,97.3,97.34,97.3,97.34,2116.0
2024-08-27 23:14:00,97.3,97.3,97.3,97.3,367.0
2024-08-27 23:22:00,97.319,97.319,97.2,97.2,2914.0
2024-08-27 23:24:00,97.21,97.21,97.2,97.2,374.0
2024-08-27 23:28:00,97.23,97.32,97.23,97.32,909.0
2024-08-27 23:30:00,97.38,97.4,97.34,97.34,1797.0
2024-08-27 23:32:00,97.369,97.4,97.369,97.4,404.0
2024-08-27 23:34:00,97.36,97.36,97.3317,97.3317,1975.0
2024-08-27 23:36:00,97.33,97.33,97.33,97.33,607.0
2024-08-27 23:38:00,97.35,97.35,97.35,97.35,178.0
2024-08-27 23:40:00,97.25,97.34,97.25,97.34,229.0
2024-08-27 23:42:00,97.2112,97.34,97.2112,97.34,461.0
2024-08-27 23:44:00,97.35,97.35,97.35,97.35,261.0
2024-08-27 23:50:00,97.3,97.3,97.3,97.3,514.0
2024-08-27 23:52:00,97.3,97.3,97.22,97.22,585.0
2024-08-27 23:56:00,97.22,97.22,97.22,97.22,135.0
2024-08-27 23:58:00,97.22,97.22,97.21,97.21,2009.0
2024-08-28 08:00:00,97.91,97.91,97.91,97.91,442.0
2024-08-28 08:04:00,98.0,98.0,98.0,98.0,526.0
2024-08-28 08:06:00,98.03,98.04,98.03,98.04,329.0
2024-08-28 08:08:00,98.02,98.02,97.86,97.86,2793.0
2024-08-28 08:10:00,97.97,97.97,97.68,97.68,584.0
2024-08-28 08:12:00,97.65,97.7,97.65,97.7,1206.0
2024-08-28 08:14:00,97.7,97.7,97.7,97.7,449.0
2024-08-28 08:16:00,97.74,97.74,97.74,97.74,163.0
2024-08-28 08:20:00,97.89,97.89,97.89,97.89,208.0
2024-08-28 08:24:00,97.9,97.9,97.9,97.9,527.0
2024-08-28 08:32:00,98.0,98.0,98.0,98.0,567.0
2024-08-28 08:34:00,98.0,98.0,98.0,98.0,315.0
2024-08-28 08:38:00,98.08,98.1,98.08,98.1,1342.0
2024-08-28 08:40:00,98.18,98.25,98.18,98.2,1762.0
2024-08-28 08:42:00,98.16,98.16,98.16,98.16,333.0
2024-08-28 08:54:00,98.13,98.13,98.13,98.13,137.0
2024-08-28 08:58:00,98.1,98.1,98.1,98.1,200.0
2024-08-28 09:04:00,98.11,98.14,98.11,98.14,607.0
2024-08-28 09:10:00,98.14,98.21,98.11,98.21,1064.0
2024-08-28 09:12:00,98.1,98.1,98.1,98.1,642.0
2024-08-28 09:18:00,98.2,98.22,98.2,98.22,647.0
2024-08-28 09:20:00,98.18,98.18,98.18,98.18,150.0
2024-08-28 09:24:00,98.18,98.18,98.18,98.18,760.0
2024-08-28 09:26:00,98.18,98.18,98.18,98.18,100.0
2024-08-28 09:28:00,98.19,98.5,98.19,98.5,6997.0
2024-08-28 09:30:00,98.37,98.37,98.3,98.3,978.0
2024-08-28 09:34:00,98.27,98.28,98.21,98.21,415.0
2024-08-28 09:38:00,98.32,98.32,98.25,98.25,541.0
2024-08-28 09:46:00,98.06,98.06,98.06,98.06,250.0
2024-08-28 10:02:00,98.14,98.15,98.14,98.15,415.0
2024-08-28 10:10:00,98.16,98.16,98.16,98.16,100.0
2024-08-28 10:12:00,98.15,98.15,98.15,98.15,211.0
2024-08-28 10:40:00,98.19,98.2,98.19,98.2,1562.0
2024-08-28 10:48:00,98.2,98.2,98.2,98.2,403.0
2024-08-28 10:52:00,98.16,98.16,98.16,98.16,147.0
2024-08-28 10:54:00,98.15,98.15,98.13,98.13,312.0
2024-08-28 11:00:00,98.1,98.14,98.1,98.14,1615.0
2024-08-28 11:06:00,97.94,97.94,97.86,97.86,658.0
2024-08-28 11:08:00,97.9,97.9,97.9,97.9,672.0
2024-08-28 11:10:00,97.92,97.99,97.92,97.99,2078.0
2024-08-28 11:14:00,98.0,98.0,98.0,98.0,1339.0
2024-08-28 11:18:00,97.94,97.94,97.94,97.94,302.0
2024-08-28 11:20:00,97.93,98.0,97.93,98.0,2028.0
2024-08-28 11:22:00,97.95,97.95,97.95,97.95,500.0
2024-08-28 11:24:00,97.91,97.91,97.8,97.8,2526.0
2024-08-28 11:26:00,97.75,97.76,97.7,97.7,1800.0
2024-08-28 11:30:00,97.79,97.79,97.79,97.79,155.0
2024-08-28 11:32:00,97.8,97.8,97.8,97.8,417.0
2024-08-28 11:34:00,97.82,97.82,97.82,97.82,109.0
2024-08-28 11:36:00,97.78,97.84,97.78,97.84,460.0
2024-08-28 11:40:00,97.89,97.94,97.89,97.94,1354.0
2024-08-28 11:44:00,97.9,97.93,97.89,97.89,4126.0
2024-08-28 11:46:00,97.92,97.96,97.87,97.95,4500.0
2024-08-28 11:48:00,97.95,97.96,97.91,97.96,4150.0
2024-08-28 11:50:00,97.96,97.96,97.9,97.96,5302.0
2024-08-28 11:52:00,97.95,98.1,97.95,98.0,3239.0
2024-08-28 11:54:00,98.02,98.03,97.98,98.02,2535.0
2024-08-28 11:56:00,98.0,98.0,98.0,98.0,1717.0
2024-08-28 11:58:00,98.0,98.02,97.99,97.99,1963.0
2024-08-28 12:00:00,98.0902,98.1,97.6,98.09,20327.0
2024-08-28 12:02:00,98.03,98.0897,97.9016,97.9016,7687.0
2024-08-28 12:04:00,98.0,98.07,98.0,98.0013,4584.0
2024-08-28 12:08:00,98.0,98.0,97.98,98.0,2745.0
2024-08-28 12:10:00,98.0,98.0,97.97,98.0,4899.0
2024-08-28 12:12:00,97.9,97.9,97.9,97.9,720.0
2024-08-28 12:14:00,97.8011,97.8011,97.8011,97.8011,406.0
2024-08-28 12:16:00,97.9,97.9,97.7482,97.75,4601.0
2024-08-28 12:18:00,97.86,97.86,97.75,97.75,3989.0
2024-08-28 12:20:00,97.9,97.95,97.88,97.95,8160.0
2024-08-28 12:22:00,97.96,98.0,97.94,97.95,2465.0
2024-08-28 12:24:00,97.95,97.95,97.85,97.85,3302.0
2024-08-28 12:26:00,97.87,97.9,97.87,97.9,757.0
2024-08-28 12:28:00,97.9,97.9499,97.9,97.9499,1124.0
2024-08-28 12:30:00,97.95,97.95,97.95,97.95,2623.0
2024-08-28 12:32:00,97.9001,98.0272,97.9001,98.0,6355.0
2024-08-28 12:34:00,98.02,98.02,98.02,98.02,231.0
2024-08-28 12:36:00,98.0,98.0,97.97,97.97,474.0
2024-08-28 12:38:00,98.03,98.03,98.03,98.03,503.0
2024-08-28 12:40:00,98.03,98.1,98.03,98.09,5531.0
2024-08-28 12:42:00,98.08,98.08,98.08,98.08,773.0
2024-08-28 12:44:00,98.06,98.06,98.0,98.0,2983.0
2024-08-28 12:46:00,98.0,98.0,98.0,98.0,186.0
2024-08-28 12:48:00,97.97,97.9937,97.97,97.9937,220.0
2024-08-28 12:50:00,97.9937,98.0,97.9937,98.0,377.0
2024-08-28 12:52:00,98.0,98.0,97.97,98.0,2885.0
2024-08-28 12:54:00,98.0,98.0,98.0,98.0,167.0
2024-08-28 12:56:00,98.04,98.25,98.04,98.2,14813.0
2024-08-28 13:00:00,98.2067,98.2067,98.1,98.2,858.0
2024-08-28 13:04:00,98.2,98.2,98.0,98.02,8781.0
2024-08-28 13:06:00,97.96,97.96,97.77,97.77,8291.0
2024-08-28 13:08:00,97.8,97.84,97.72,97.77,4071.0
2024-08-28 13:10:00,97.8953,97.9,97.81,97.81,924.0
2024-08-28 13:12:00,97.83,97.83,97.81,97.81,5107.0
2024-08-28 13:14:00,97.9593,97.9593,97.7,97.75,3325.0
2024-08-28 13:16:00,97.81,97.91,97.8,97.8,15353.0
2024-08-28 13:18:00,97.7002,97.75,97.7,97.75,1862.0
2024-08-28 13:20:00,97.7,97.7,97.7,97.7,673.0
2024-08-28 13:22:00,97.84,98.0,97.8,97.95,3463.0
2024-08-28 13:24:00,97.85,97.85,97.51,97.62,3883.0
2024-08-28 13:26:00,97.62,97.64,97.43,97.43,8922.0
2024-08-28 13:28:00,97.37,97.52,97.36,97.43,19991.0
2024-08-28 13:30:00,97.36,97.6847,97.03,97.09,434679.0
2024-08-28 13:32:00,97.125,97.33,96.95,97.115,194244.0
2024-08-28 13:34:00,97.09,97.32,96.8201,96.85,155952.0
2024-08-28 13:36:00,96.8899,97.0,96.62,96.91,138988.0
2024-08-28 13:38:00,96.9,97.05,96.56,96.61,138541.0
2024-08-28 13:40:00,96.605,96.99,96.45,96.8939,136870.0
2024-08-28 13:42:00,96.9,97.0927,96.9,96.96,126478.0
2024-08-28 13:44:00,96.945,96.95,96.6209,96.78,123433.0
2024-08-28 13:46:00,96.8,96.988,96.71,96.7832,84468.0
2024-08-28 13:48:00,96.784,96.825,96.305,96.335,191307.0
2024-08-28 13:50:00,96.33,96.505,96.1926,96.34,195280.0
2024-08-28 13:52:00,96.3497,96.46,95.915,96.01,209061.0
2024-08-28 13:54:00,96.02,96.2,95.93,96.01,137663.0
2024-08-28 13:56:00,96.0176,96.0897,95.81,95.9,181666.0
2024-08-28 13:58:00,95.8986,95.9343,95.56,95.6,176284.0
2024-08-28 14:00:00,95.62,95.65,95.3515,95.425,176297.0
2024-08-28 14:02:00,95.42,95.42,95.12,95.175,146545.0
2024-08-28 14:04:00,95.178,95.4299,95.095,95.1088,149832.0
2024-08-28 14:06:00,95.09,95.2768,94.8501,95.05,308801.0
2024-08-28 14:08:00,95.0,95.3499,95.0,95.23,144354.0
2024-08-28 14:10:00,95.2001,95.27,94.9,95.1507,204452.0
2024-08-28 14:12:00,95.1705,95.22,94.71,94.7599,171072.0
2024-08-28 14:14:00,94.745,94.98,94.67,94.93,218149.0
2024-08-28 14:16:00,94.91,95.03,94.82,94.9099,133592.0
2024-08-28 14:18:00,94.895,95.02,94.825,94.985,110494.0
2024-08-28 14:20:00,94.98,95.04,94.91,94.97,103031.0
2024-08-28 14:22:00,94.98,95.04,94.86,94.97,121945.0
2024-08-28 14:24:00,94.9501,95.16,94.94,94.9401,163486.0
2024-08-28 14:26:00,94.955,95.0496,94.75,94.76,132175.0
2024-08-28 14:28:00,94.76,94.89,94.68,94.875,159016.0
2024-08-28 14:30:00,94.87,94.98,94.81,94.875,101100.0
2024-08-28 14:32:00,94.8899,94.91,94.77,94.82,70895.0
2024-08-28 14:34:00,94.8426,94.972,94.61,94.8737,132877.0
2024-08-28 14:36:00,94.89,95.01,94.82,94.885,84199.0
2024-08-28 14:38:00,94.8779,95.01,94.83,94.83,76768.0
2024-08-28 14:40:00,94.835,94.835,94.34,94.35,299546.0
2024-08-28 14:42:00,94.358,94.358,94.11,94.148,243993.0
2024-08-28 14:44:00,94.13,94.19,93.95,94.12,193252.0
2024-08-28 14:46:00,94.14,94.14,93.81,93.81,170272.0
2024-08-28 14:48:00,93.84,93.899,93.38,93.625,285208.0
2024-08-28 14:50:00,93.612,93.7,93.29,93.505,258736.0
2024-08-28 14:52:00,93.4901,93.6599,93.26,93.58,199862.0
2024-08-28 14:54:00,93.58,94.0,93.54,93.73,176640.0
2024-08-28 14:56:00,93.734,93.92,93.61,93.64,153992.0
2024-08-28 14:58:00,93.63,93.63,93.332,93.43,530720.0
2024-08-28 15:00:00,93.37,93.39,93.17,93.26,147464.0
2024-08-28 15:02:00,93.26,93.43,93.04,93.12,183577.0
2024-08-28 15:04:00,93.13,93.28,92.9,93.06,213415.0
2024-08-28 15:06:00,93.06,93.105,92.92,93.03,182533.0
2024-08-28 15:08:00,93.03,93.13,92.93,92.98,162678.0
2024-08-28 15:10:00,92.9868,93.11,92.77,93.003,180397.0
2024-08-28 15:12:00,92.98,93.01,92.73,92.92,157479.0
2024-08-28 15:14:00,92.94,93.1594,92.87,92.97,132166.0
2024-08-28 15:16:00,93.0,93.0744,92.8,92.8,87980.0
2024-08-28 15:18:00,92.79,92.98,92.7,92.87,115170.0
2024-08-28 15:20:00,92.85,92.9599,92.74,92.78,90769.0
2024-08-28 15:22:00,92.77,93.0859,92.75,93.0,127236.0
2024-08-28 15:24:00,93.02,93.125,92.87,93.11,136809.0
2024-08-28 15:26:00,93.115,93.3054,93.06,93.19,131684.0
2024-08-28 15:28:00,93.19,93.5899,93.18,93.45,168790.0
2024-08-28 15:30:00,93.44,93.48,93.33,93.378,97502.0
2024-08-28 15:32:00,93.39,93.4599,93.27,93.4,87398.0
2024-08-28 15:34:00,93.4,93.45,93.31,93.4437,106638.0
2024-08-28 15:36:00,93.41,93.49,93.33,93.37,152902.0
2024-08-28 15:38:00,93.35,93.5297,93.35,93.4769,133467.0
2024-08-28 15:40:00,93.47,93.52,93.375,93.38,79814.0
2024-08-28 15:42:00,93.39,93.46,93.29,93.3,112472.0
2024-08-28 15:44:00,93.32,93.35,93.185,93.19,156267.0
2024-08-28 15:46:00,93.2019,93.23,93.13,93.18,92456.0
2024-08-28 15:48:00,93.19,93.3413,93.16,93.27,146100.0
2024-08-28 15:50:00,93.2954,94.35,93.27,94.1999,458695.0
2024-08-28 15:52:00,94.1753,94.33,94.0,94.22,245700.0
2024-08-28 15:54:00,94.19,94.21,93.7613,93.79,160385.0
2024-08-28 15:56:00,93.79,93.79,93.46,93.54,255408.0
2024-08-28 15:58:00,93.59,93.82,93.57,93.68,108677.0
2024-08-28 16:00:00,93.66,93.96,93.56,93.755,113874.0
2024-08-28 16:02:00,93.74,93.96,93.66,93.67,78501.0
2024-08-28 16:04:00,93.66,93.76,93.455,93.51,124022.0
2024-08-28 16:06:00,93.4798,93.6,93.42,93.57,74599.0
2024-08-28 16:08:00,93.58,93.71,93.545,93.56,90945.0
2024-08-28 16:10:00,93.57,93.7,93.4,93.415,67716.0
2024-08-28 16:12:00,93.41,93.75,93.28,93.69,119524.0
2024-08-28 16:14:00,93.7,94.04,93.69,93.77,141248.0
2024-08-28 16:16:00,93.77,93.8,93.52,93.74,74132.0
2024-08-28 16:18:00,93.765,93.89,93.7,93.81,41606.0
2024-08-28 16:20:00,93.8,93.855,93.6692,93.69,51567.0
2024-08-28 16:22:00,93.69,93.69,93.25,93.37,98094.0
2024-08-28 16:24:00,93.39,93.53,93.39,93.485,56218.0
2024-08-28 16:26:00,93.47,93.515,93.28,93.4,95702.0
2024-08-28 16:28:00,93.39,93.505,93.3499,93.45,105292.0
2024-08-28 16:30:00,93.45,93.53,93.36,93.47,86782.0
2024-08-28 16:32:00,93.475,93.84,93.475,93.75,74163.0
2024-08-28 16:34:00,93.78,93.88,93.6,93.6446,77899.0
2024-08-28 16:36:00,93.65,93.8,93.62,93.76,54956.0
2024-08-28 16:38:00,93.76,93.8,93.695,93.7761,47302.0
2024-08-28 16:40:00,93.77,93.92,93.7389,93.75,69569.0
2024-08-28 16:42:00,93.78,93.8825,93.72,93.85,61977.0
2024-08-28 16:44:00,93.82,93.94,93.76,93.82,51277.0
2024-08-28 16:46:00,93.84,93.962,93.84,93.92,61872.0
2024-08-28 16:48:00,93.9,93.97,93.76,93.825,48992.0
2024-08-28 16:50:00,93.82,94.14,93.8,94.1,49454.0
2024-08-28 16:52:00,94.1,94.1167,94.04,94.04,37021.0
2024-08-28 16:54:00,94.0425,94.11,93.99,94.07,59361.0
2024-08-28 16:56:00,94.0699,94.128,94.01,94.055,44495.0
2024-08-28 16:58:00,94.055,94.14,94.02,94.02,39954.0
2024-08-28 17:00:00,94.005,94.15,93.92,94.15,52033.0
2024-08-28 17:02:00,94.14,94.2,94.06,94.0866,35304.0
2024-08-28 17:04:00,94.05,94.05,93.94,94.04,34477.0
2024-08-28 17:06:00,94.035,94.07,93.94,93.98,29812.0
2024-08-28 17:08:00,93.99,94.06,93.97,94.01,35745.0
2024-08-28 17:10:00,94.01,94.02,93.862,93.97,30250.0
2024-08-28 17:12:00,93.98,94.08,93.85,93.85,46529.0
2024-08-28 17:14:00,93.84,93.9132,93.625,93.73,72843.0
2024-08-28 17:16:00,93.72,93.87,93.61,93.87,163399.0
2024-08-28 17:18:00,93.855,93.91,93.82,93.8701,25763.0
2024-08-28 17:20:00,93.87,94.0,93.83,93.9804,37458.0
2024-08-28 17:22:00,93.99,94.03,93.88,93.89,43293.0
2024-08-28 17:24:00,93.89,93.92,93.81,93.81,27564.0
2024-08-28 17:26:00,93.8,93.9149,93.77,93.895,27443.0
2024-08-28 17:28:00,93.895,94.0325,93.895,94.0074,64519.0
2024-08-28 17:30:00,93.99,94.1,93.97,94.0774,37371.0
2024-08-28 17:32:00,94.09,94.23,94.06,94.2,75589.0
2024-08-28 17:34:00,94.19,94.28,94.1525,94.25,61867.0
2024-08-28 17:36:00,94.25,94.35,94.18,94.18,87411.0
2024-08-28 17:38:00,94.192,94.29,94.18,94.18,43986.0
2024-08-28 17:40:00,94.175,94.23,94.13,94.21,55365.0
2024-08-28 17:42:00,94.22,94.27,94.14,94.175,62085.0
2024-08-28 17:44:00,94.2,94.206,94.06,94.11,38978.0
2024-08-28 17:46:00,94.1,94.16,94.01,94.0495,107484.0
2024-08-28 17:48:00,94.07,94.12,93.95,94.0101,45484.0
2024-08-28 17:50:00,94.03,94.11,93.98,94.0498,43784.0
2024-08-28 17:52:00,94.0573,94.09,93.9,93.94,52935.0
2024-08-28 17:54:00,93.96,94.01,93.93,93.95,51901.0
2024-08-28 17:56:00,93.95,93.99,93.55,93.5758,95903.0
2024-08-28 17:58:00,93.58,93.6,93.34,93.35,102335.0
2024-08-28 18:00:00,93.37,93.57,93.29,93.51,79030.0
2024-08-28 18:02:00,93.49,93.67,93.455,93.5795,55297.0
2024-08-28 18:04:00,93.5501,93.61,93.51,93.57,38749.0
2024-08-28 18:06:00,93.57,93.72,93.53,93.715,50078.0
2024-08-28 18:08:00,93.7114,93.85,93.68,93.82,46037.0
2024-08-28 18:10:00,93.81,93.89,93.71,93.89,59439.0
2024-08-28 18:12:00,93.8978,93.97,93.83,93.87,62606.0
2024-08-28 18:14:00,93.86,93.8695,93.76,93.8199,28367.0
2024-08-28 18:16:00,93.79,93.86,93.7201,93.8585,30906.0
2024-08-28 18:18:00,93.84,93.89,93.79,93.845,24404.0
2024-08-28 18:20:00,93.85,93.97,93.83,93.92,52633.0
2024-08-28 18:22:00,93.9299,93.98,93.88,93.93,25118.0
2024-08-28 18:24:00,93.94,93.96,93.85,93.8795,30176.0
2024-08-28 18:26:00,93.87,94.04,93.84,94.02,37622.0
2024-08-28 18:28:00,94.01,94.085,93.98,93.99,53027.0
2024-08-28 18:30:00,93.985,94.02,93.9,93.92,46491.0
2024-08-28 18:32:00,93.92,94.09,93.92,94.04,59031.0
2024-08-28 18:34:00,94.03,94.09,93.93,93.93,74348.0
2024-08-28 18:36:00,93.94,94.08,93.92,93.98,90547.0
2024-08-28 18:38:00,93.97,94.06,93.92,94.06,61534.0
2024-08-28 18:40:00,94.06,94.21,94.045,94.08,62464.0
2024-08-28 18:42:00,94.065,94.095,93.95,93.978,34435.0
2024-08-28 18:44:00,93.98,93.99,93.8203,93.84,59067.0
2024-08-28 18:46:00,93.8139,93.92,93.77,93.876,57806.0
2024-08-28 18:48:00,93.88,93.97,93.88,93.93,52260.0
2024-08-28 18:50:00,93.93,94.21,93.925,94.205,93950.0
2024-08-28 18:52:00,94.2,94.33,94.16,94.3261,69512.0
2024-08-28 18:54:00,94.3289,94.5729,94.325,94.46,81239.0
2024-08-28 18:56:00,94.45,94.6396,94.45,94.53,72148.0
2024-08-28 18:58:00,94.52,94.93,94.44,94.88,126312.0
2024-08-28 19:00:00,94.87,95.02,94.795,94.9599,164017.0
2024-08-28 19:02:00,94.96,95.05,94.91,94.9801,109080.0
2024-08-28 19:04:00,94.99,95.0634,94.84,94.9,91095.0
2024-08-28 19:06:00,94.8901,94.975,94.86,94.92,68561.0
2024-08-28 19:08:00,94.91,95.067,94.82,95.067,87471.0
2024-08-28 19:10:00,95.06,95.156,95.0501,95.14,110707.0
2024-08-28 19:12:00,95.12,95.125,94.83,94.85,95018.0
2024-08-28 19:14:00,94.85,95.05,94.85,95.05,61539.0
2024-08-28 19:16:00,95.05,95.085,94.915,94.93,59240.0
2024-08-28 19:18:00,94.91,94.93,94.86,94.925,69043.0
2024-08-28 19:20:00,94.93,95.07,94.895,94.9,79456.0
2024-08-28 19:22:00,94.905,94.97,94.77,94.77,61089.0
2024-08-28 19:24:00,94.78,94.86,94.7,94.82,64382.0
2024-08-28 19:26:00,94.82,94.92,94.82,94.89,56553.0
2024-08-28 19:28:00,94.89,94.9789,94.85,94.93,62529.0
2024-08-28 19:30:00,94.93,94.9982,94.82,94.99,106829.0
2024-08-28 19:32:00,94.99,95.0,94.85,94.88,87221.0
2024-08-28 19:34:00,94.86,94.8601,94.74,94.7801,69815.0
2024-08-28 19:36:00,94.76,94.96,94.73,94.94,50675.0
2024-08-28 19:38:00,94.94,94.95,94.72,94.76,77700.0
2024-08-28 19:40:00,94.76,94.94,94.75,94.94,87736.0
2024-08-28 19:42:00,94.925,94.93,94.8201,94.89,82546.0
2024-08-28 19:44:00,94.89,94.9,94.66,94.88,120396.0
2024-08-28 19:46:00,94.882,94.9799,94.7,94.9184,113140.0
2024-08-28 19:48:00,94.91,94.97,94.69,94.78,121813.0
2024-08-28 19:50:00,94.77,94.885,94.67,94.88,134540.0
2024-08-28 19:52:00,94.885,95.19,94.8308,95.165,243954.0
2024-08-28 19:54:00,95.165,95.165,94.755,94.8,254897.0
2024-08-28 19:56:00,94.8,94.9,94.6,94.8,239368.0
2024-08-28 19:58:00,94.8,94.88,94.67,94.78,615767.0
2024-08-28 20:00:00,94.78,94.89,94.65,94.66,88143.0
2024-08-28 20:02:00,94.66,94.86,94.66,94.72,6825.0
2024-08-28 20:04:00,94.68,94.7099,94.58,94.58,1592.0
2024-08-28 20:06:00,94.51,94.59,94.4,94.59,5771.0
2024-08-28 20:08:00,94.59,94.59,94.46,94.46,946.0
2024-08-28 20:10:00,94.3411,94.4683,94.3411,94.35,5191.0
2024-08-28 20:12:00,94.4686,94.55,94.35,94.5,12282.0
2024-08-28 20:14:00,94.5,94.5499,94.5,94.5,2458.0
2024-08-28 20:16:00,94.7,94.77,94.7,94.74,2958.0
2024-08-28 20:18:00,94.77,94.85,94.75,94.85,6264.0
2024-08-28 20:20:00,94.75,95.21,94.41,95.21,25465.0
2024-08-28 20:22:00,95.1418,95.17,93.5505,93.5505,15570.0
2024-08-28 20:24:00,93.55,93.55,91.4138,91.76,56465.0
2024-08-28 20:26:00,91.76,93.49,91.45,93.1497,135559.0
2024-08-28 20:28:00,93.14,93.4,92.44,92.5,44162.0
2024-08-28 20:30:00,92.55,92.55,91.85,91.99,17017.0
2024-08-28 20:32:00,91.79,92.7,91.78,92.52,17082.0
2024-08-28 20:34:00,92.68,92.84,92.5,92.7,6506.0
2024-08-28 20:36:00,92.7,92.99,92.56,92.81,15502.0
2024-08-28 20:38:00,92.9,93.67,92.9,93.67,26076.0
2024-08-28 20:40:00,93.2882,94.0,93.27,93.58,22053.0
2024-08-28 20:42:00,93.51,93.7,92.9201,93.5,11423.0
2024-08-28 20:44:00,93.6982,93.6982,93.0601,93.0601,4437.0
2024-08-28 20:46:00,93.07,93.4795,93.03,93.03,5109.0
2024-08-28 20:48:00,93.4022,93.4022,92.8,92.94,9681.0
2024-08-28 20:50:00,92.88,93.0677,92.8,92.8,9114.0
2024-08-28 20:52:00,92.8,93.3,92.78,93.14,7357.0
2024-08-28 20:54:00,93.27,93.27,92.97,92.97,3487.0
2024-08-28 20:56:00,93.0,93.29,93.0,93.29,8509.0
2024-08-28 20:58:00,93.17,93.29,92.95,92.95,21643.0
2024-08-28 21:00:00,93.08,93.24,93.0488,93.24,4036.0
2024-08-28 21:02:00,93.13,93.13,92.88,92.88,159340.0
2024-08-28 21:04:00,92.8,94.86,92.48,92.48,19506.0
2024-08-28 21:06:00,92.47,92.54,92.39,92.5,10830.0
2024-08-28 21:08:00,92.48,92.84,92.48,92.64,7987.0
2024-08-28 21:10:00,92.73,92.95,92.67,92.8001,3605.0
2024-08-28 21:12:00,92.9799,92.9799,92.5,92.5,10276.0
2024-08-28 21:14:00,92.53,92.68,92.5,92.67,5298.0
2024-08-28 21:16:00,92.58,92.65,92.5,92.57,3722.0
2024-08-28 21:18:00,92.53,92.65,92.4,92.5,11691.0
2024-08-28 21:20:00,92.52,92.7,92.5,92.7,9681.0
2024-08-28 21:22:00,92.7586,92.7586,92.6,92.6,1233.0
2024-08-28 21:24:00,92.7,92.97,92.6,92.97,5804.0
2024-08-28 21:26:00,92.96,92.96,92.7,92.7,3925.0
2024-08-28 21:28:00,92.6,92.77,92.26,92.7616,16932.0
2024-08-28 21:30:00,92.31,92.77,92.3,92.4,3792.0
2024-08-28 21:32:00,92.54,92.7,92.26,92.7,16606.0
2024-08-28 21:34:00,92.35,92.384,92.35,92.384,2533.0
2024-08-28 21:36:00,92.49,92.69,92.43,92.5,4173.0
2024-08-28 21:38:00,92.42,92.5,92.2502,92.5,5731.0
2024-08-28 21:40:00,92.28,92.49,92.25,92.34,2180.0
2024-08-28 21:42:00,92.34,92.4,92.2704,92.2704,1656.0
2024-08-28 21:44:00,92.27,92.35,92.0,92.08,9658.0
2024-08-28 21:46:00,92.05,92.1,92.0017,92.1,2629.0
2024-08-28 21:48:00,92.15,92.15,92.0,92.0,9347.0
2024-08-28 21:50:00,92.0,92.1,92.0,92.01,12490.0
2024-08-28 21:52:00,92.02,92.04,92.0,92.0,8953.0
2024-08-28 21:54:00,92.05,92.12,91.59,91.59,16616.0
2024-08-28 21:56:00,91.7,91.7,91.47,91.47,13016.0
2024-08-28 21:58:00,91.51,91.6,91.28,91.28,10653.0
2024-08-28 22:00:00,91.27,91.6,91.1494,91.6,9538.0
2024-08-28 22:02:00,91.69,91.69,91.4,91.6,5093.0
2024-08-28 22:04:00,91.65,91.9199,91.65,91.73,2032.0
2024-08-28 22:06:00,91.8,91.9218,91.75,91.8,4280.0
2024-08-28 22:08:00,91.75,91.77,91.54,91.7,3177.0
2024-08-28 22:10:00,91.5624,91.5624,91.3,91.3,5555.0
2024-08-28 22:12:00,91.3,91.35,91.25,91.35,7238.0
2024-08-28 22:14:00,91.25,91.7725,91.25,91.748,3443.0
2024-08-28 22:16:00,91.7,91.75,91.68,91.7,4695.0
2024-08-28 22:18:00,91.7,91.75,91.5107,91.58,2456.0
2024-08-28 22:20:00,91.65,91.84,91.5,91.84,2192.0
2024-08-28 22:22:00,91.89,92.06,91.71,92.0,3326.0
2024-08-28 22:24:00,91.7812,91.94,91.75,91.75,1812.0
2024-08-28 22:26:00,91.7,91.94,91.7,91.88,1912.0
2024-08-28 22:28:00,91.81,91.94,91.8001,91.94,2047.0
2024-08-28 22:30:00,91.94,91.94,91.94,91.94,294.0
2024-08-28 22:32:00,91.86,91.86,91.86,91.86,242.0
2024-08-28 22:34:00,91.73,91.73,91.7,91.7,1701.0
2024-08-28 22:36:00,91.74,91.75,91.5,91.5,1538.0
2024-08-28 22:38:00,91.86,91.9,91.85,91.87,3020.0
2024-08-28 22:40:00,91.88,91.94,91.69,91.7,4722.0
2024-08-28 22:42:00,91.64,91.64,91.5,91.509,3380.0
2024-08-28 22:44:00,91.52,91.52,91.36,91.5,3018.0
2024-08-28 22:46:00,91.39,91.49,91.35,91.49,1500.0
2024-08-28 22:48:00,91.4799,91.5,91.47,91.5,4956.0
2024-08-28 22:50:00,91.5,91.58,91.3837,91.4,1802.0
2024-08-28 22:52:00,91.57,91.659,91.5,91.5,639.0
2024-08-28 22:54:00,91.58,91.58,91.58,91.58,1049.0
2024-08-28 22:56:00,91.58,91.7,91.58,91.7,1179.0
2024-08-28 22:58:00,91.83,91.85,91.75,91.75,1539.0
2024-08-28 23:00:00,91.76,91.76,91.65,91.65,404.0
2024-08-28 23:02:00,91.6523,91.82,91.6523,91.66,1378.0
2024-08-28 23:04:00,91.8,91.8,91.7,91.7,687.0
2024-08-28 23:06:00,91.74,91.75,91.74,91.75,576.0
2024-08-28 23:08:00,91.75,91.7732,91.7,91.7,1086.0
2024-08-28 23:10:00,91.75,91.75,91.6507,91.6507,2511.0
2024-08-28 23:12:00,91.75,91.75,91.68,91.68,2246.0
2024-08-28 23:14:00,91.6513,91.8195,91.65,91.65,2562.0
2024-08-28 23:16:00,91.75,91.75,91.64,91.64,670.0
2024-08-28 23:18:00,91.75,91.75,91.5,91.5,1426.0
2024-08-28 23:20:00,91.4,91.4692,91.4,91.4692,1793.0
2024-08-28 23:22:00,91.4,91.41,91.3502,91.4,1330.0
2024-08-28 23:24:00,91.4,91.4,91.2,91.22,6028.0
2024-08-28 23:26:00,91.2,91.37,91.2,91.2,1841.0
2024-08-28 23:28:00,91.3,91.3,91.1205,91.2,4230.0
2024-08-28 23:32:00,91.34,91.4,91.3002,91.3002,3020.0
2024-08-28 23:34:00,91.34,91.34,91.25,91.3034,1624.0
2024-08-28 23:36:00,91.22,91.25,91.16,91.2,6048.0
2024-08-28 23:38:00,91.2,91.3899,91.12,91.23,3783.0
2024-08-28 23:40:00,91.13,91.25,91.12,91.14,2941.0
2024-08-28 23:42:00,91.249,91.249,91.249,91.249,938.0
2024-08-28 23:44:00,91.2199,91.25,91.2199,91.25,2077.0
2024-08-28 23:46:00,91.28,91.43,91.28,91.43,2909.0
2024-08-28 23:48:00,91.45,91.45,91.45,91.45,1047.0
2024-08-28 23:50:00,91.65,91.65,91.65,91.65,5104.0
2024-08-28 23:52:00,91.51,91.6487,91.5,91.5,1556.0
2024-08-28 23:54:00,91.41,91.57,91.36,91.4615,2456.0
2024-08-28 23:56:00,91.5,91.5,91.3825,91.44,1862.0
2024-08-28 23:58:00,91.35,91.4,91.15,91.15,3519.0
2024-08-29 08:00:00,92.65,93.0,92.39,93.0,3090.0
2024-08-29 08:02:00,93.08,93.24,92.8,93.24,6987.0
2024-08-29 08:04:00,93.25,93.25,93.06,93.2,2002.0
2024-08-29 08:06:00,93.0,93.0,92.91,92.91,5503.0
2024-08-29 08:08:00,92.82,92.85,92.64,92.72,5127.0
2024-08-29 08:10:00,92.67,93.05,92.67,93.05,1989.0
2024-08-29 08:12:00,93.13,93.35,93.13,93.35,1706.0
2024-08-29 08:14:00,93.47,93.5,93.46,93.5,11664.0
2024-08-29 08:16:00,93.48,93.49,93.48,93.48,1093.0
2024-08-29 08:18:00,93.48,93.48,93.48,93.48,448.0
2024-08-29 08:22:00,93.25,93.29,93.1,93.1,1430.0
2024-08-29 08:28:00,93.06,93.15,93.06,93.15,1874.0
2024-08-29 08:30:00,93.08,93.08,93.08,93.08,394.0
2024-08-29 08:32:00,93.2,93.21,93.2,93.21,688.0
2024-08-29 08:36:00,93.22,93.22,93.2,93.2,1309.0
2024-08-29 08:38:00,93.16,93.28,93.12,93.28,1965.0
2024-08-29 08:40:00,93.21,93.21,93.21,93.21,172.0
2024-08-29 08:42:00,93.2,93.3,93.2,93.3,2031.0
2024-08-29 08:44:00,93.38,93.5,93.38,93.48,1597.0
2024-08-29 08:46:00,93.35,93.35,93.19,93.19,1178.0
2024-08-29 08:52:00,93.3,93.3,93.3,93.3,120.0
2024-08-29 08:54:00,93.15,93.2,93.15,93.2,1918.0
2024-08-29 08:58:00,93.49,93.49,93.48,93.48,575.0
2024-08-29 09:00:00,93.35,93.35,93.35,93.35,2637.0
2024-08-29 09:02:00,93.47,93.6,93.47,93.6,8708.0
2024-08-29 09:04:00,93.6,93.7,93.35,93.35,12842.0
2024-08-29 09:06:00,93.36,93.75,93.36,93.69,7115.0
2024-08-29 09:08:00,93.8,93.82,93.77,93.77,950.0
2024-08-29 09:10:00,93.78,93.78,93.78,93.78,637.0
2024-08-29 09:14:00,93.71,94.02,93.71,94.02,12296.0
2024-08-29 09:16:00,93.98,93.98,93.98,93.98,693.0
2024-08-29 09:18:00,93.99,94.29,93.99,94.29,1583.0
2024-08-29 09:20:00,94.28,94.4,94.2,94.4,13150.0
2024-08-29 09:22:00,94.44,94.51,94.44,94.46,3694.0
2024-08-29 09:24:00,94.49,94.49,94.49,94.49,360.0
2024-08-29 09:26:00,94.38,94.44,94.38,94.44,1528.0
2024-08-29 09:28:00,94.37,94.37,94.12,94.12,1350.0
2024-08-29 09:30:00,94.35,94.38,94.17,94.17,1494.0
2024-08-29 09:32:00,94.16,94.16,94.08,94.08,799.0
2024-08-29 09:34:00,94.03,94.07,94.0,94.07,1497.0
2024-08-29 09:40:00,94.22,94.48,94.22,94.48,4005.0
2024-08-29 09:42:00,94.57,94.57,94.54,94.54,2715.0
2024-08-29 09:44:00,94.55,94.65,94.55,94.65,1042.0
2024-08-29 09:46:00,94.75,94.86,94.75,94.86,3713.0
2024-08-29 09:48:00,94.8,94.8,94.74,94.74,3450.0
2024-08-29 09:50:00,94.74,94.9,94.64,94.8,4857.0
2024-08-29 09:52:00,94.81,94.81,94.81,94.81,642.0
2024-08-29 09:54:00,94.85,94.85,94.62,94.62,2672.0
2024-08-29 09:56:00,94.52,94.7,94.5,94.5,2044.0
2024-08-29 10:00:00,94.54,94.54,94.54,94.54,515.0
2024-08-29 10:02:00,94.7,94.7,94.7,94.7,344.0
2024-08-29 10:04:00,94.77,94.95,94.68,94.7,7408.0
2024-08-29 10:06:00,94.57,94.57,94.57,94.57,1505.0
2024-08-29 10:08:00,94.62,94.88,94.62,94.88,1115.0
2024-08-29 10:12:00,94.74,94.75,94.52,94.52,1172.0
2024-08-29 10:14:00,94.5,94.5,94.39,94.39,3886.0
2024-08-29 10:16:00,94.31,94.31,94.3,94.3,1387.0
2024-08-29 10:18:00,94.18,94.24,94.18,94.24,939.0
2024-08-29 10:20:00,94.16,94.16,94.15,94.15,456.0
2024-08-29 10:26:00,94.37,94.41,94.37,94.41,603.0
2024-08-29 10:28:00,94.35,94.35,94.35,94.35,281.0
2024-08-29 10:30:00,94.44,94.5,94.44,94.48,1119.0
2024-08-29 10:34:00,94.49,94.49,94.48,94.48,864.0
2024-08-29 10:38:00,94.2,94.2,94.19,94.19,1467.0
2024-08-29 10:40:00,94.12,94.18,94.0,94.0,4888.0
2024-08-29 10:42:00,93.99,94.13,93.81,94.13,2318.0
2024-08-29 10:50:00,94.34,94.34,94.34,94.34,146.0
2024-08-29 11:00:00,94.18,94.18,93.6,93.71,9272.0
2024-08-29 11:02:00,93.71,93.71,93.71,93.71,174.0
2024-08-29 11:04:00,93.74,93.85,93.73,93.85,1947.0
2024-08-29 11:06:00,93.8,93.8,93.8,93.8,1649.0
2024-08-29 11:08:00,93.93,94.0,93.75,93.99,3850.0
2024-08-29 11:14:00,93.99,94.0,93.99,94.0,788.0
2024-08-29 11:16:00,94.08,94.18,94.08,94.18,914.0
2024-08-29 11:20:00,94.14,94.14,94.13,94.13,600.0
2024-08-29 11:22:00,94.2,94.21,94.0,94.0,6966.0
2024-08-29 11:24:00,94.0,94.09,94.0,94.09,625.0
2024-08-29 11:26:00,94.04,94.05,94.0,94.0,1468.0
2024-08-29 11:28:00,94.01,94.01,93.82,94.0,3458.0
2024-08-29 11:30:00,93.85,93.85,93.85,93.85,688.0
2024-08-29 11:32:00,93.9,94.0,93.9,94.0,1784.0
2024-08-29 11:36:00,94.06,94.25,94.04,94.25,4028.0
2024-08-29 11:38:00,94.3,94.38,94.3,94.34,4110.0
2024-08-29 11:40:00,94.3,94.3,94.2,94.2,2189.0
2024-08-29 11:44:00,94.34,94.5,94.3,94.5,4825.0
2024-08-29 11:46:00,94.54,94.65,94.54,94.65,1073.0
2024-08-29 11:48:00,94.73,94.79,94.73,94.79,1970.0
2024-08-29 11:50:00,94.75,94.75,94.7,94.7,584.0
2024-08-29 11:58:00,94.4,94.55,94.4,94.5,2538.0
2024-08-29 12:00:00,93.84,95.0,92.3,94.55,566379.0
2024-08-29 12:02:00,94.87,94.87,94.45,94.64,6817.0
2024-08-29 12:04:00,94.5,94.75,94.5,94.72,13379.0
2024-08-29 12:06:00,94.69,94.79,94.45,94.78,5432.0
2024-08-29 12:08:00,94.45,94.8,94.45,94.79,5334.0
2024-08-29 12:10:00,94.82,94.82,94.65,94.65,9845.0
2024-08-29 12:12:00,94.5,94.84,94.5,94.84,1470.0
2024-08-29 12:14:00,94.8497,94.8497,94.71,94.71,3584.0
2024-08-29 12:16:00,94.7,94.7,94.5211,94.6,3597.0
2024-08-29 12:18:00,94.71,94.75,94.71,94.75,730.0
2024-08-29 12:20:00,94.73,94.73,94.73,94.73,254.0
2024-08-29 12:22:00,94.7,94.77,94.7,94.77,4326.0
2024-08-29 12:24:00,94.6001,94.85,94.6001,94.81,5631.0
2024-08-29 12:26:00,94.75,94.79,94.75,94.7503,2328.0
2024-08-29 12:28:00,94.8395,94.85,94.75,94.81,6898.0
2024-08-29 12:30:00,94.92,95.2,94.92,95.05,7401.0
2024-08-29 12:32:00,95.06,95.19,94.9,95.0,11772.0
2024-08-29 12:34:00,94.81,94.995,94.75,94.75,4134.0
2024-08-29 12:36:00,94.57,94.8984,94.48,94.48,3999.0
2024-08-29 12:38:00,94.4901,94.4901,94.4901,94.4901,536.0
2024-08-29 12:40:00,94.5,94.99,94.48,94.99,8795.0
2024-08-29 12:42:00,94.79,94.8,94.63,94.73,2023.0
2024-08-29 12:44:00,94.79,94.94,94.58,94.94,12591.0
2024-08-29 12:46:00,94.94,95.1449,94.94,95.1,3560.0
2024-08-29 12:48:00,95.05,95.19,95.05,95.19,3239.0
2024-08-29 12:50:00,95.15,95.15,95.0,95.0,2322.0
2024-08-29 12:52:00,95.0,95.1498,95.0,95.1498,2603.0
2024-08-29 12:54:00,95.1498,95.2,95.1,95.17,12142.0
2024-08-29 12:56:00,95.11,95.23,95.1,95.2,8058.0
2024-08-29 12:58:00,95.1,95.23,95.0,95.23,4163.0
2024-08-29 13:00:00,95.2299,95.4,95.22,95.23,13430.0
2024-08-29 13:02:00,95.31,95.4,95.12,95.12,10603.0
2024-08-29 13:04:00,95.25,95.3999,95.25,95.3999,1881.0
2024-08-29 13:06:00,95.3745,95.3745,95.3745,95.3745,1158.0
2024-08-29 13:10:00,95.25,95.3,95.25,95.3,2236.0
2024-08-29 13:12:00,95.28,95.45,95.25,95.45,6074.0
2024-08-29 13:14:00,95.33,95.45,95.3,95.45,2564.0
2024-08-29 13:16:00,95.45,95.45,95.43,95.43,2109.0
2024-08-29 13:18:00,95.38,95.4951,95.2,95.4951,4666.0
2024-08-29 13:20:00,95.49,95.5,95.41,95.47,4903.0
2024-08-29 13:22:00,95.46,95.5,95.3,95.46,875.0
2024-08-29 13:24:00,95.43,95.8,95.4,95.71,11253.0
2024-08-29 13:26:00,95.8,96.45,95.8,96.42,23956.0
2024-08-29 13:28:00,96.3,96.9,96.3,96.62,30591.0
2024-08-29 13:30:00,96.56,96.87,95.83,96.7866,596390.0
2024-08-29 13:32:00,96.79,97.08,96.5238,96.8095,289094.0
2024-08-29 13:34:00,96.81,97.44,96.81,97.305,318070.0
2024-08-29 13:36:00,97.29,97.7,97.08,97.43,409194.0
2024-08-29 13:38:00,97.425,97.78,96.8575,97.1,265230.0
2024-08-29 13:40:00,97.1,97.3278,96.485,96.62,261059.0
2024-08-29 13:42:00,96.65,96.81,96.46,96.5,198876.0
2024-08-29 13:44:00,96.49,96.58,96.17,96.33,175709.0
2024-08-29 13:46:00,96.34,96.665,96.21,96.645,186154.0
2024-08-29 13:48:00,96.64,96.7497,96.4201,96.7,141088.0
2024-08-29 13:50:00,96.67,96.7502,96.1907,96.69,152636.0
2024-08-29 13:52:00,96.7,96.8,96.35,96.7,142164.0
2024-08-29 13:54:00,96.6785,97.26,96.545,97.22,206752.0
2024-08-29 13:56:00,97.225,97.55,97.225,97.35,156067.0
2024-08-29 13:58:00,97.34,97.545,97.22,97.545,93000.0
2024-08-29 14:00:00,97.59,97.83,97.57,97.65,184015.0
2024-08-29 14:02:00,97.645,97.66,97.23,97.3,138855.0
2024-08-29 14:04:00,97.28,97.33,96.945,96.965,112996.0
2024-08-29 14:06:00,96.97,97.2999,96.97,97.26,127803.0
2024-08-29 14:08:00,97.28,97.48,96.73,96.79,91444.0
2024-08-29 14:10:00,96.79,97.1265,96.72,96.8952,95959.0
2024-08-29 14:12:00,96.89,96.92,96.57,96.6685,76719.0
2024-08-29 14:14:00,96.645,96.8,96.54,96.73,80465.0
2024-08-29 14:16:00,96.73,96.76,96.24,96.34,105839.0
2024-08-29 14:18:00,96.32,96.3684,95.98,96.2,112021.0
2024-08-29 14:20:00,96.215,96.409,96.05,96.12,92915.0
2024-08-29 14:22:00,96.19,96.28,95.98,96.24,106556.0
2024-08-29 14:24:00,96.25,96.33,96.01,96.06,57674.0
2024-08-29 14:26:00,96.075,96.5,96.075,96.5,90038.0
2024-08-29 14:28:00,96.48,96.65,96.28,96.3811,99156.0
2024-08-29 14:30:00,96.375,96.52,96.3032,96.52,39076.0
2024-08-29 14:32:00,96.515,96.607,96.27,96.32,67503.0
2024-08-29 14:34:00,96.34,96.53,96.21,96.53,44466.0
2024-08-29 14:36:00,96.51,96.51,96.27,96.31,77208.0
2024-08-29 14:38:00,96.31,96.43,96.14,96.4,94806.0
2024-08-29 14:40:00,96.41,96.7199,96.41,96.52,69584.0
2024-08-29 14:42:00,96.54,96.85,96.42,96.84,37641.0
2024-08-29 14:44:00,96.84,96.865,96.6,96.6,31646.0
2024-08-29 14:46:00,96.65,96.8676,96.65,96.81,40418.0
2024-08-29 14:48:00,96.79,96.87,96.74,96.85,49350.0
2024-08-29 14:50:00,96.865,96.93,96.71,96.72,56369.0
2024-08-29 14:52:00,96.7066,97.0698,96.7066,96.91,112350.0
2024-08-29 14:54:00,96.92,97.15,96.88,97.04,107377.0
2024-08-29 14:56:00,97.05,97.1299,96.5101,96.7146,68641.0
2024-08-29 14:58:00,96.725,96.94,96.72,96.875,104469.0
2024-08-29 15:00:00,96.9,96.94,96.765,96.89,53495.0
2024-08-29 15:02:00,96.885,97.01,96.85,96.9,38573.0
2024-08-29 15:04:00,96.94,96.94,96.7,96.84,39608.0
2024-08-29 15:06:00,96.835,96.95,96.67,96.81,99017.0
2024-08-29 15:08:00,96.81,97.185,96.81,97.16,41943.0
2024-08-29 15:10:00,97.155,97.23,97.095,97.105,56642.0
2024-08-29 15:12:00,97.09,97.16,97.0075,97.142,60608.0
2024-08-29 15:14:00,97.14,97.469,97.135,97.39,127380.0
2024-08-29 15:16:00,97.41,97.45,97.11,97.1899,67204.0
2024-08-29 15:18:00,97.1799,97.25,97.04,97.2257,39251.0
2024-08-29 15:20:00,97.2599,97.26,96.9,96.9,68846.0
2024-08-29 15:22:00,96.95,97.2299,96.865,97.165,49799.0
2024-08-29 15:24:00,97.17,97.405,97.17,97.275,90674.0
2024-08-29 15:26:00,97.2916,97.354,97.185,97.27,57957.0
2024-08-29 15:28:00,97.265,97.35,97.19,97.27,58553.0
2024-08-29 15:30:00,97.27,97.52,97.27,97.42,337604.0
2024-08-29 15:32:00,97.4191,97.76,97.37,97.665,114123.0
2024-08-29 15:34:00,97.68,97.7199,97.56,97.68,28724.0
2024-08-29 15:36:00,97.68,97.7,97.52,97.64,31555.0
2024-08-29 15:38:00,97.63,97.8,97.62,97.75,52295.0
2024-08-29 15:40:00,97.72,97.74,97.5921,97.615,40191.0
2024-08-29 15:42:00,97.61,97.6807,97.51,97.54,32439.0
2024-08-29 15:44:00,97.545,97.68,97.5,97.68,50049.0
2024-08-29 15:46:00,97.66,97.755,97.6,97.65,46702.0
2024-08-29 15:48:00,97.64,97.6899,97.54,97.63,62341.0
2024-08-29 15:50:00,97.62,97.696,97.485,97.58,62416.0
2024-08-29 15:52:00,97.635,97.785,97.61,97.75,54147.0
2024-08-29 15:54:00,97.7624,97.81,97.6,97.785,49897.0
2024-08-29 15:56:00,97.78,97.7899,97.66,97.7252,43250.0
2024-08-29 15:58:00,97.715,97.715,97.6,97.7,42785.0
2024-08-29 16:00:00,97.705,97.8784,97.7025,97.86,99693.0
2024-08-29 16:02:00,97.84,97.91,97.76,97.78,82352.0
2024-08-29 16:04:00,97.7799,97.88,97.67,97.87,56882.0
2024-08-29 16:06:00,97.85,97.98,97.8,97.955,115038.0
2024-08-29 16:08:00,97.95,97.9503,97.845,97.86,45172.0
2024-08-29 16:10:00,97.88,97.98,97.82,97.92,30634.0
2024-08-29 16:12:00,97.92,97.93,97.8,97.83,64900.0
2024-08-29 16:14:00,97.845,97.8699,97.7601,97.77,30546.0
2024-08-29 16:16:00,97.75,97.7699,97.41,97.47,64792.0
2024-08-29 16:18:00,97.47,97.47,97.325,97.34,41246.0
2024-08-29 16:20:00,97.34,97.55,97.34,97.45,41747.0
2024-08-29 16:22:00,97.4601,97.53,97.42,97.51,30067.0
2024-08-29 16:24:00,97.52,97.59,97.5,97.53,28934.0
2024-08-29 16:26:00,97.52,97.53,97.3401,97.41,17737.0
2024-08-29 16:28:00,97.43,97.47,97.3805,97.4543,19727.0
2024-08-29 16:30:00,97.46,97.46,97.37,97.3912,38680.0
2024-08-29 16:32:00,97.39,97.49,97.3899,97.44,41994.0
2024-08-29 16:34:00,97.4457,97.49,97.39,97.45,32293.0
2024-08-29 16:36:00,97.42,97.54,97.42,97.43,34087.0
2024-08-29 16:38:00,97.465,97.56,97.41,97.54,24430.0
2024-08-29 16:40:00,97.53,97.55,97.455,97.493,24823.0
2024-08-29 16:42:00,97.49,97.52,97.44,97.5,17259.0
2024-08-29 16:44:00,97.47,97.495,97.4,97.4,29633.0
2024-08-29 16:46:00,97.38,97.54,97.36,97.52,33421.0
2024-08-29 16:48:00,97.55,97.59,97.45,97.46,54240.0
2024-08-29 16:50:00,97.45,97.515,97.37,97.4801,46029.0
2024-08-29 16:52:00,97.48,97.48,97.19,97.27,80666.0
2024-08-29 16:54:00,97.275,97.37,97.21,97.31,39042.0
2024-08-29 16:56:00,97.33,97.49,97.32,97.44,22342.0
2024-08-29 16:58:00,97.45,97.515,97.41,97.425,17105.0
2024-08-29 17:00:00,97.42,97.42,97.2112,97.25,29997.0
2024-08-29 17:02:00,97.26,97.39,97.25,97.39,32123.0
2024-08-29 17:04:00,97.38,97.41,97.25,97.34,33325.0
2024-08-29 17:06:00,97.4,97.42,97.24,97.24,23596.0
2024-08-29 17:08:00,97.26,97.35,97.2064,97.2345,38455.0
2024-08-29 17:10:00,97.23,97.34,97.09,97.1134,43210.0
2024-08-29 17:12:00,97.11,97.17,96.99,97.01,58846.0
2024-08-29 17:14:00,97.02,97.05,96.82,96.85,83364.0
2024-08-29 17:16:00,96.86,96.95,96.72,96.7523,63353.0
2024-08-29 17:18:00,96.77,96.85,96.74,96.75,42727.0
2024-08-29 17:20:00,96.76,96.8321,96.7,96.79,83757.0
2024-08-29 17:22:00,96.81,96.9699,96.798,96.95,39084.0
2024-08-29 17:24:00,96.965,97.09,96.96,97.05,82642.0
2024-08-29 17:26:00,97.07,97.26,97.04,97.1699,46626.0
2024-08-29 17:28:00,97.16,97.175,97.1,97.14,16871.0
2024-08-29 17:30:00,97.1271,97.24,97.08,97.21,22596.0
2024-08-29 17:32:00,97.21,97.24,97.165,97.2,23411.0
2024-08-29 17:34:00,97.19,97.29,97.15,97.27,20425.0
2024-08-29 17:36:00,97.27,97.28,97.13,97.1344,48983.0
2024-08-29 17:38:00,97.14,97.15,96.95,96.97,52186.0
2024-08-29 17:40:00,96.97,97.08,96.9475,97.032,54626.0
2024-08-29 17:42:00,97.05,97.25,97.04,97.155,27290.0
2024-08-29 17:44:00,97.17,97.18,97.07,97.13,31359.0
2024-08-29 17:46:00,97.11,97.115,97.01,97.06,31618.0
2024-08-29 17:48:00,97.06,97.09,96.95,97.082,41161.0
2024-08-29 17:50:00,97.12,97.15,97.0502,97.0701,28976.0
2024-08-29 17:52:00,97.09,97.23,97.05,97.16,37110.0
2024-08-29 17:54:00,97.18,97.3,97.16,97.27,32791.0
2024-08-29 17:56:00,97.27,97.42,97.25,97.39,38001.0
2024-08-29 17:58:00,97.38,97.46,97.38,97.445,28364.0
2024-08-29 18:00:00,97.46,97.46,97.0,97.1,69568.0
2024-08-29 18:02:00,97.09,97.19,97.08,97.17,27357.0
2024-08-29 18:04:00,97.17,97.2291,97.145,97.145,21486.0
2024-08-29 18:06:00,97.15,97.17,97.09,97.105,28652.0
2024-08-29 18:08:00,97.12,97.19,97.1,97.135,30596.0
2024-08-29 18:10:00,97.11,97.1225,96.87,96.98,50618.0
2024-08-29 18:12:00,96.9659,97.02,96.9207,96.97,19299.0
2024-08-29 18:14:00,96.972,97.06,96.86,96.9,38299.0
2024-08-29 18:16:00,96.905,96.915,96.8,96.83,74648.0
2024-08-29 18:18:00,96.8193,96.8193,96.68,96.68,42362.0
2024-08-29 18:20:00,96.69,96.77,96.61,96.685,30118.0
2024-08-29 18:22:00,96.68,96.83,96.68,96.79,32574.0
2024-08-29 18:24:00,96.77,96.905,96.77,96.86,43564.0
2024-08-29 18:26:00,96.86,96.86,96.59,96.59,59086.0
2024-08-29 18:28:00,96.585,96.585,96.16,96.285,118016.0
2024-08-29 18:30:00,96.26,96.265,95.96,96.0715,90856.0
2024-08-29 18:32:00,96.12,96.2,95.92,96.0,112345.0
2024-08-29 18:34:00,95.98,96.12,95.79,96.045,92044.0
2024-08-29 18:36:00,96.03,96.21,95.94,96.0499,82773.0
2024-08-29 18:38:00,96.03,96.0472,95.57,95.73,108011.0
2024-08-29 18:40:00,95.71,95.9299,95.65,95.7003,73082.0
2024-08-29 18:42:00,95.7,95.82,95.27,95.485,111966.0
2024-08-29 18:44:00,95.465,95.5,95.27,95.41,63170.0
2024-08-29 18:46:00,95.42,95.43,95.1,95.12,51039.0
2024-08-29 18:48:00,95.07,95.6,94.99,95.475,181740.0
2024-08-29 18:50:00,95.42,95.51,95.135,95.3276,77837.0
2024-08-29 18:52:00,95.3471,95.67,95.3471,95.595,116693.0
2024-08-29 18:54:00,95.58,95.78,95.57,95.59,108544.0
2024-08-29 18:56:00,95.6,95.75,95.39,95.41,93482.0
2024-08-29 18:58:00,95.41,95.6706,95.39,95.545,92841.0
2024-08-29 19:00:00,95.56,95.72,95.36,95.44,81610.0
2024-08-29 19:02:00,95.43,95.65,95.35,95.6,74555.0
2024-08-29 19:04:00,95.56,95.77,95.5184,95.74,54639.0
2024-08-29 19:06:00,95.7201,95.73,95.45,95.48,98594.0
2024-08-29 19:08:00,95.43,95.63,95.3,95.44,45713.0
2024-08-29 19:10:00,95.47,95.53,95.2757,95.3,28241.0
2024-08-29 19:12:00,95.31,95.31,95.03,95.165,60615.0
2024-08-29 19:14:00,95.126,95.26,95.05,95.2,63788.0
2024-08-29 19:16:00,95.21,95.55,95.19,95.41,81826.0
2024-08-29 19:18:00,95.4,95.42,95.15,95.23,55495.0
2024-08-29 19:20:00,95.21,95.34,95.08,95.1,57708.0
2024-08-29 19:22:00,95.1,95.26,95.0,95.2036,70789.0
2024-08-29 19:24:00,95.195,95.43,95.1838,95.32,70072.0
2024-08-29 19:26:00,95.325,95.43,95.28,95.4,75782.0
2024-08-29 19:28:00,95.4,95.62,95.34,95.38,66189.0
2024-08-29 19:30:00,95.39,95.51,95.295,95.49,62988.0
2024-08-29 19:32:00,95.475,95.705,95.45,95.6228,85912.0
2024-08-29 19:34:00,95.64,95.64,95.44,95.52,60139.0
2024-08-29 19:36:00,95.535,95.8,95.52,95.74,75337.0
2024-08-29 19:38:00,95.72,95.89,95.6714,95.72,62796.0
2024-08-29 19:40:00,95.74,95.81,95.66,95.69,64524.0
2024-08-29 19:42:00,95.6899,95.85,95.675,95.84,61604.0
2024-08-29 19:44:00,95.85,95.92,95.765,95.86,70322.0
2024-08-29 19:46:00,95.9,95.91,95.688,95.74,66185.0
2024-08-29 19:48:00,95.741,95.741,95.54,95.585,67298.0
2024-08-29 19:50:00,95.57,95.8,95.46,95.49,131674.0
2024-08-29 19:52:00,95.47,95.6,95.38,95.39,115032.0
2024-08-29 19:54:00,95.4,95.58,95.29,95.445,217079.0
2024-08-29 19:56:00,95.44,95.52,95.345,95.495,172753.0
2024-08-29 19:58:00,95.49,95.62,95.425,95.58,364669.0
2024-08-29 20:00:00,95.57,95.82,95.57,95.82,48150.0
2024-08-29 20:02:00,95.79,95.79,95.79,95.79,195.0
2024-08-29 20:04:00,95.8,95.83,95.8,95.83,1214.0
2024-08-29 20:06:00,95.57,95.8276,95.57,95.8,6365.0
2024-08-29 20:08:00,95.6,95.83,95.6,95.83,471.0
2024-08-29 20:10:00,95.83,96.0,95.83,96.0,4321.0
2024-08-29 20:12:00,96.0,96.29,96.0,96.29,2702.0
2024-08-29 20:14:00,96.26,96.299,96.2,96.2,2886.0
2024-08-29 20:16:00,96.2,96.38,96.2,96.38,5116.0
2024-08-29 20:18:00,96.37,96.37,96.37,96.37,1694.0
2024-08-29 20:20:00,96.3763,96.3763,96.3763,96.3763,475.0
2024-08-29 20:22:00,96.3797,96.38,96.34,96.38,2970.0
2024-08-29 20:24:00,96.33,96.37,96.21,96.21,3017.0
2024-08-29 20:26:00,96.2,96.2,96.19,96.19,769.0
2024-08-29 20:28:00,96.15,96.3,96.15,96.3,942.0
2024-08-29 20:30:00,96.2882,96.29,96.2882,96.29,1104.0
2024-08-29 20:32:00,96.2,96.2,96.1,96.1,903.0
2024-08-29 20:34:00,96.2,96.2,96.1,96.1,396.0
2024-08-29 20:36:00,96.2,96.2,96.2,96.2,703.0
2024-08-29 20:40:00,96.25,96.27,96.2,96.2,1449.0
2024-08-29 20:42:00,96.29,96.29,96.22,96.26,2074.0
2024-08-29 20:44:00,96.26,96.26,96.26,96.26,286.0
2024-08-29 20:46:00,96.26,96.26,96.05,96.1,1821.0
2024-08-29 20:48:00,96.08,96.12,96.01,96.12,4599.0
2024-08-29 20:50:00,96.13,96.13,96.02,96.02,1290.0
2024-08-29 20:52:00,95.9724,96.0799,95.95,95.95,1396.0
2024-08-29 20:54:00,95.92,96.0,95.92,96.0,1369.0
2024-08-29 20:56:00,95.97,96.0,95.96,96.0,1465.0
2024-08-29 21:02:00,96.18,96.18,96.17,96.18,1158.0
2024-08-29 21:10:00,96.0716,96.0716,96.0716,96.0716,500.0
2024-08-29 21:12:00,96.09,96.25,95.57,96.25,11663.0
2024-08-29 21:14:00,96.35,96.35,96.35,96.35,151.0
2024-08-29 21:22:00,96.31,96.38,96.31,96.38,1355.0
2024-08-29 21:26:00,96.3003,96.32,96.3003,96.32,1151.0
2024-08-29 21:28:00,96.3499,96.3499,96.3494,96.3494,2644.0
2024-08-29 21:30:00,96.349,96.349,96.3,96.3,2515.0
2024-08-29 21:32:00,96.29,96.29,96.29,96.29,140.0
2024-08-29 21:38:00,96.1106,96.1106,96.1106,96.1106,1050.0
2024-08-29 21:40:00,96.27,96.27,96.27,96.27,301.0
2024-08-29 21:42:00,96.27,96.27,96.27,96.27,100.0
2024-08-29 21:44:00,96.15,96.15,96.1,96.1,606.0
2024-08-29 21:46:00,96.1,96.1,96.1,96.1,421.0
2024-08-29 21:48:00,96.1494,96.1494,96.1474,96.1474,1228.0
2024-08-29 21:52:00,96.02,96.02,96.02,96.02,100.0
2024-08-29 21:56:00,96.0221,96.0221,96.0221,96.0221,1475.0
2024-08-29 22:02:00,96.04,96.04,96.04,96.04,311.0
2024-08-29 22:04:00,96.03,96.03,96.0,96.0,2247.0
2024-08-29 22:06:00,96.0,96.0,96.0,96.0,481.0
2024-08-29 22:12:00,95.99,95.99,95.99,95.99,421.0
2024-08-29 22:18:00,96.04,96.08,96.04,96.08,945.0
2024-08-29 22:22:00,96.11,96.11,96.1,96.1,367.0
2024-08-29 22:28:00,95.95,95.9904,95.95,95.9904,735.0
2024-08-29 22:30:00,96.1413,96.1413,96.1413,96.1413,102.0
2024-08-29 22:36:00,96.04,96.05,96.04,96.05,626.0
2024-08-29 22:46:00,96.09,96.09,96.09,96.09,183.0
2024-08-29 22:58:00,96.12,96.12,96.12,96.12,285.0
2024-08-29 23:04:00,96.1,96.1,96.08,96.08,1591.0
2024-08-29 23:12:00,96.05,96.11,96.05,96.07,721.0
2024-08-29 23:24:00,96.11,96.15,96.11,96.15,1250.0
2024-08-29 23:32:00,96.1398,96.14,96.1398,96.14,371.0
2024-08-29 23:34:00,96.14,96.1498,96.14,96.1498,1872.0
2024-08-29 23:36:00,96.13,96.13,96.12,96.12,1019.0
2024-08-29 23:38:00,96.1,96.14,96.1,96.14,331.0
2024-08-29 23:40:00,96.14,96.14,96.14,96.14,201.0
2024-08-29 23:42:00,96.14,96.14,96.14,96.14,500.0
2024-08-29 23:46:00,96.15,96.15,96.15,96.15,120.0
2024-08-29 23:48:00,96.14,96.15,96.14,96.15,545.0
2024-08-29 23:50:00,96.14,96.15,96.14,96.15,918.0
2024-08-29 23:52:00,96.15,96.15,96.15,96.15,417.0
2024-08-29 23:54:00,96.1,96.1,96.1,96.1,259.0
2024-08-29 23:58:00,96.1,96.15,96.0375,96.1484,950.0
2024-08-30 08:00:00,96.4,96.4,96.0,96.0,2605.0
2024-08-30 08:04:00,96.49,96.57,96.49,96.54,938.0
2024-08-30 08:06:00,96.44,96.44,96.44,96.44,203.0
2024-08-30 08:08:00,96.6,96.6,96.6,96.6,505.0
2024-08-30 08:10:00,96.37,96.37,96.37,96.37,360.0
2024-08-30 08:12:00,96.56,96.6,96.56,96.6,1363.0
2024-08-30 08:22:00,96.66,96.66,96.66,96.66,612.0
2024-08-30 08:28:00,96.83,96.83,96.83,96.83,227.0
2024-08-30 08:36:00,96.89,96.9,96.89,96.9,471.0
2024-08-30 08:38:00,96.99,97.0,96.99,96.99,905.0
2024-08-30 08:40:00,97.09,97.22,97.09,97.22,844.0
2024-08-30 08:54:00,97.22,97.22,97.22,97.22,360.0
2024-08-30 09:14:00,97.11,97.11,97.1,97.1,1052.0
2024-08-30 09:26:00,97.05,97.05,97.05,97.05,749.0
2024-08-30 09:46:00,97.19,97.2,97.19,97.2,500.0
2024-08-30 09:50:00,97.22,97.22,97.22,97.22,805.0
2024-08-30 09:58:00,97.26,97.26,97.26,97.26,300.0
2024-08-30 10:00:00,97.35,97.43,97.35,97.43,4137.0
2024-08-30 10:04:00,97.4,97.41,97.36,97.36,1307.0
2024-08-30 10:12:00,97.38,97.4,97.38,97.4,373.0
2024-08-30 10:14:00,97.4,97.4,97.4,97.4,100.0
2024-08-30 10:16:00,97.45,97.47,97.16,97.16,1725.0
2024-08-30 10:22:00,97.39,97.44,97.39,97.44,5000.0
2024-08-30 10:26:00,97.21,97.21,97.21,97.21,101.0
2024-08-30 10:28:00,97.22,97.22,97.22,97.22,236.0
2024-08-30 10:34:00,97.26,97.26,97.15,97.15,1214.0
2024-08-30 10:38:00,97.14,97.14,97.14,97.14,362.0
2024-08-30 10:44:00,97.25,97.29,97.25,97.29,761.0
2024-08-30 11:00:00,97.21,97.23,97.21,97.23,2376.0
2024-08-30 11:02:00,97.37,97.42,97.37,97.37,2229.0
2024-08-30 11:04:00,97.27,97.27,97.27,97.27,508.0
2024-08-30 11:12:00,97.34,97.34,97.33,97.33,304.0
2024-08-30 11:14:00,97.32,97.37,97.32,97.37,421.0
2024-08-30 11:16:00,97.43,97.44,97.4,97.44,1525.0
2024-08-30 11:18:00,97.4,97.4,97.4,97.4,266.0
2024-08-30 11:20:00,97.44,97.45,97.44,97.45,549.0
2024-08-30 11:22:00,97.48,97.48,97.48,97.48,459.0
2024-08-30 11:26:00,97.44,97.44,97.43,97.43,488.0
2024-08-30 11:28:00,97.31,97.31,97.28,97.28,1378.0
2024-08-30 11:30:00,97.27,97.27,97.27,97.27,245.0
2024-08-30 11:34:00,97.35,97.35,97.35,97.35,506.0
2024-08-30 11:36:00,97.42,97.42,97.42,97.42,1260.0
2024-08-30 11:38:00,97.47,97.47,97.47,97.47,500.0
2024-08-30 11:40:00,97.4,97.4,97.4,97.4,450.0
2024-08-30 11:42:00,97.35,97.35,97.35,97.35,1079.0
2024-08-30 11:44:00,97.3,97.3,97.3,97.3,418.0
2024-08-30 11:50:00,97.46,97.5,97.45,97.45,2517.0
2024-08-30 11:52:00,97.44,97.44,97.44,97.44,600.0
2024-08-30 11:56:00,97.42,97.42,97.34,97.34,3572.0
2024-08-30 11:58:00,97.35,97.36,97.24,97.31,12488.0
2024-08-30 12:00:00,97.1016,97.51,96.32,97.21,892736.0
2024-08-30 12:02:00,97.18,97.34,97.18,97.34,22723.0
2024-08-30 12:04:00,97.34,97.52,97.34,97.5103,11005.0
2024-08-30 12:06:00,97.51,97.54,97.43,97.54,5243.0
2024-08-30 12:08:00,97.54,97.55,97.5,97.5,3713.0
2024-08-30 12:10:00,97.5003,97.53,97.5003,97.5201,1418.0
2024-08-30 12:12:00,97.57,97.57,97.57,97.57,1810.0
2024-08-30 12:14:00,97.58,97.6497,97.5,97.5,4404.0
2024-08-30 12:16:00,97.55,97.55,97.5,97.5,5952.0
2024-08-30 12:18:00,97.47,97.54,97.47,97.5,3506.0
2024-08-30 12:20:00,97.5,97.5,97.4001,97.4001,1734.0
2024-08-30 12:22:00,97.46,97.46,97.46,97.46,185.0
2024-08-30 12:24:00,97.45,97.5,97.41,97.48,1578.0
2024-08-30 12:26:00,97.4893,97.49,97.46,97.49,1949.0
2024-08-30 12:28:00,97.5,97.5,97.4,97.4,12358.0
2024-08-30 12:30:00,97.35,97.42,97.35,97.42,2508.0
2024-08-30 12:32:00,97.33,97.4,97.33,97.4,646.0
2024-08-30 12:34:00,97.39,97.47,97.03,97.03,3331.0
2024-08-30 12:36:00,97.2,97.2,97.038,97.05,1125.0
2024-08-30 12:38:00,97.15,97.15,97.03,97.13,3971.0
2024-08-30 12:40:00,97.11,97.24,97.11,97.24,2632.0
2024-08-30 12:42:00,97.2999,97.3,97.25,97.3,2171.0
2024-08-30 12:44:00,97.28,97.28,97.2,97.2,1817.0
2024-08-30 12:46:00,97.11,97.19,97.11,97.19,1400.0
2024-08-30 12:48:00,97.1,97.2,97.02,97.02,1649.0
2024-08-30 12:50:00,97.01,97.01,97.0,97.0,4500.0
2024-08-30 12:52:00,96.95,97.04,96.95,97.04,1780.0
2024-08-30 12:54:00,97.1678,97.1678,97.04,97.1,3007.0
2024-08-30 12:56:00,97.09,97.11,97.06,97.06,1625.0
2024-08-30 12:58:00,97.01,97.01,97.01,97.01,430.0
2024-08-30 13:00:00,97.01,97.12,97.01,97.12,8561.0
2024-08-30 13:04:00,97.1487,97.1487,97.0511,97.0511,717.0
2024-08-30 13:06:00,97.055,97.1,97.05,97.1,1562.0
2024-08-30 13:08:00,97.05,97.15,97.05,97.15,2682.0
2024-08-30 13:10:00,97.15,97.15,97.15,97.15,1259.0
2024-08-30 13:12:00,97.14,97.15,97.14,97.15,9308.0
2024-08-30 13:14:00,97.14,97.14,97.0251,97.0251,1684.0
2024-08-30 13:16:00,97.16,97.18,97.05,97.05,4471.0
2024-08-30 13:18:00,97.19,97.27,97.19,97.27,1742.0
2024-08-30 13:22:00,97.27,97.27,97.2,97.2,2607.0
2024-08-30 13:24:00,97.19,97.23,97.0937,97.12,2187.0
2024-08-30 13:26:00,97.19,97.19,97.19,97.19,634.0
2024-08-30 13:28:00,97.11,97.13,96.86,96.98,5400.0
2024-08-30 13:30:00,96.92,97.43,96.45,96.5799,270302.0
2024-08-30 13:32:00,96.565,96.64,96.26,96.38,162622.0
2024-08-30 13:34:00,96.42,97.1099,96.42,96.78,132136.0
2024-08-30 13:36:00,96.83,97.09,96.54,96.8616,101522.0
2024-08-30 13:38:00,96.9404,97.029,96.56,96.56,141495.0
2024-08-30 13:40:00,96.589,96.85,96.53,96.82,81850.0
2024-08-30 13:42:00,96.825,96.97,96.67,96.8899,110617.0
2024-08-30 13:44:00,96.86,97.468,96.81,97.46,110090.0
2024-08-30 13:46:00,97.41,97.4797,97.16,97.41,125419.0
2024-08-30 13:48:00,97.4209,97.8,97.11,97.635,284097.0
2024-08-30 13:50:00,97.622,98.1,97.285,98.072,304383.0
2024-08-30 13:52:00,98.07,98.27,97.94,98.04,303318.0
2024-08-30 13:54:00,98.06,98.4129,97.97,98.41,126582.0
2024-08-30 13:56:00,98.39,98.4,98.16,98.1749,141043.0
2024-08-30 13:58:00,98.19,98.22,97.9201,97.97,179351.0
2024-08-30 14:00:00,97.99,98.2,97.99,98.048,201275.0
2024-08-30 14:02:00,98.06,98.4,97.9304,98.255,136386.0
2024-08-30 14:04:00,98.2503,98.2994,97.47,97.69,111167.0
2024-08-30 14:06:00,97.715,97.81,97.35,97.42,97191.0
2024-08-30 14:08:00,97.39,97.68,97.38,97.49,56442.0
2024-08-30 14:10:00,97.52,97.75,97.46,97.75,53493.0
2024-08-30 14:12:00,97.7,97.83,97.5605,97.615,64878.0
2024-08-30 14:14:00,97.62,97.62,97.24,97.35,74686.0
2024-08-30 14:16:00,97.34,97.61,97.26,97.595,65915.0
2024-08-30 14:18:00,97.63,97.71,97.37,97.37,36805.0
2024-08-30 14:20:00,97.3808,97.41,96.98,97.0,83652.0
2024-08-30 14:22:00,96.9911,97.175,96.92,97.16,55270.0
2024-08-30 14:24:00,97.16,97.2,96.74,96.8118,52735.0
2024-08-30 14:26:00,96.845,96.96,96.78,96.95,39389.0
2024-08-30 14:28:00,96.96,97.0,96.65,96.735,168008.0
2024-08-30 14:30:00,96.76,96.9524,96.69,96.89,46126.0
2024-08-30 14:32:00,96.88,96.93,96.69,96.72,58741.0
2024-08-30 14:34:00,96.73,97.07,96.6601,96.99,67874.0
2024-08-30 14:36:00,96.98,97.12,96.87,96.91,48509.0
2024-08-30 14:38:00,96.98,97.11,96.97,97.11,38639.0
2024-08-30 14:40:00,97.09,97.28,97.08,97.16,64021.0
2024-08-30 14:42:00,97.1699,97.24,97.01,97.1399,49710.0
2024-08-30 14:44:00,97.095,97.104,96.645,96.68,54774.0
2024-08-30 14:46:00,96.7047,96.83,96.61,96.68,49377.0
2024-08-30 14:48:00,96.69,96.84,96.67,96.775,43400.0
2024-08-30 14:50:00,96.76,96.81,96.6,96.6,43724.0
2024-08-30 14:52:00,96.58,96.62,96.31,96.33,68502.0
2024-08-30 14:54:00,96.335,96.57,96.32,96.53,34793.0
2024-08-30 14:56:00,96.5,96.52,96.11,96.135,57997.0
2024-08-30 14:58:00,96.1,96.255,96.0251,96.04,57335.0
2024-08-30 15:00:00,96.03,96.15,95.86,96.02,69669.0
2024-08-30 15:02:00,96.06,96.2753,96.06,96.2609,37336.0
2024-08-30 15:04:00,96.28,96.3799,96.24,96.25,31752.0
2024-08-30 15:06:00,96.27,96.3499,96.03,96.095,59971.0
2024-08-30 15:08:00,96.11,96.218,96.0,96.215,79707.0
2024-08-30 15:10:00,96.215,96.285,96.13,96.175,54693.0
2024-08-30 15:12:00,96.185,96.2,96.05,96.06,104574.0
2024-08-30 15:14:00,96.05,96.2,95.95,95.96,93653.0
2024-08-30 15:16:00,95.98,96.0,95.74,95.7601,110531.0
2024-08-30 15:18:00,95.74,95.93,95.73,95.8,101920.0
2024-08-30 15:20:00,95.795,95.92,95.71,95.85,88804.0
2024-08-30 15:22:00,95.84,95.8401,95.605,95.71,72965.0
2024-08-30 15:24:00,95.72,95.81,95.68,95.68,92741.0
2024-08-30 15:26:00,95.6901,95.8099,95.6901,95.75,60087.0
2024-08-30 15:28:00,95.77,95.8099,95.66,95.68,37278.0
2024-08-30 15:30:00,95.66,95.7212,95.44,95.455,72268.0
2024-08-30 15:32:00,95.445,95.7096,95.35,95.7086,67358.0
2024-08-30 15:34:00,95.71,95.89,95.68,95.77,40152.0
2024-08-30 15:36:00,95.79,95.81,95.62,95.7435,49923.0
2024-08-30 15:38:00,95.71,95.8052,95.61,95.8052,45129.0
2024-08-30 15:40:00,95.79,95.8437,95.68,95.745,47193.0
2024-08-30 15:42:00,95.73,95.813,95.665,95.76,45534.0
2024-08-30 15:44:00,95.75,95.8,95.64,95.73,35112.0
2024-08-30 15:46:00,95.7,95.83,95.67,95.79,26991.0
2024-08-30 15:48:00,95.78,95.8499,95.72,95.725,23001.0
2024-08-30 15:50:00,95.7,95.9591,95.7,95.9591,23023.0
2024-08-30 15:52:00,95.96,96.13,95.93,96.098,58590.0
2024-08-30 15:54:00,96.085,96.14,96.02,96.11,24781.0
2024-08-30 15:56:00,96.095,96.12,95.91,95.94,41504.0
2024-08-30 15:58:00,95.93,96.05,95.85,96.005,40712.0
2024-08-30 16:00:00,95.9995,95.9995,95.63,95.72,36735.0
2024-08-30 16:02:00,95.74,95.93,95.7,95.89,41280.0
2024-08-30 16:04:00,95.91,96.05,95.91,96.04,51353.0
2024-08-30 16:06:00,96.035,96.05,95.92,96.03,34881.0
2024-08-30 16:08:00,96.03,96.05,95.99,96.01,33606.0
2024-08-30 16:10:00,96.01,96.05,95.86,95.92,94699.0
2024-08-30 16:12:00,95.9,95.965,95.82,95.905,31647.0
2024-08-30 16:14:00,95.89,96.0,95.8201,95.94,22007.0
2024-08-30 16:16:00,95.95,95.98,95.85,95.9,27097.0
2024-08-30 16:18:00,95.93,96.05,95.93,95.94,36598.0
2024-08-30 16:20:00,95.93,96.0236,95.9,96.003,21731.0
2024-08-30 16:22:00,95.98,96.03,95.93,95.97,16858.0
2024-08-30 16:24:00,95.9501,96.04,95.93,96.03,13388.0
2024-08-30 16:26:00,96.05,96.05,95.85,95.88,24104.0
2024-08-30 16:28:00,95.87,95.8858,95.67,95.7,43060.0
2024-08-30 16:30:00,95.69,95.745,95.57,95.635,25654.0
2024-08-30 16:32:00,95.65,95.65,95.454,95.58,43020.0
2024-08-30 16:34:00,95.575,95.6,95.4,95.4,78365.0
2024-08-30 16:36:00,95.42,95.4899,95.32,95.43,40167.0
2024-08-30 16:38:00,95.43,95.55,95.4202,95.46,93303.0
2024-08-30 16:40:00,95.44,95.52,95.41,95.52,19603.0
2024-08-30 16:42:00,95.46,95.4938,95.4,95.457,26970.0
2024-08-30 16:44:00,95.454,95.55,95.41,95.49,25676.0
2024-08-30 16:46:00,95.46,95.54,95.46,95.495,17181.0
2024-08-30 16:48:00,95.48,95.64,95.45,95.635,23131.0
2024-08-30 16:50:00,95.66,95.88,95.6473,95.7956,49647.0
2024-08-30 16:52:00,95.8,95.8,95.715,95.74,58863.0
2024-08-30 16:54:00,95.77,95.8,95.73,95.75,17311.0
2024-08-30 16:56:00,95.7695,95.86,95.7695,95.81,54507.0
2024-08-30 16:58:00,95.79,95.95,95.79,95.93,41551.0
2024-08-30 17:00:00,95.93,95.97,95.84,95.9,14311.0
2024-08-30 17:02:00,95.96,96.07,95.945,95.9728,38735.0
2024-08-30 17:04:00,96.0,96.04,95.95,95.985,18632.0
2024-08-30 17:06:00,95.97,95.99,95.79,95.94,32162.0
2024-08-30 17:08:00,95.92,96.0,95.9,95.94,13273.0
2024-08-30 17:10:00,95.98,96.0699,95.965,96.0454,10607.0
2024-08-30 17:12:00,96.0699,96.15,96.01,96.05,27352.0
2024-08-30 17:14:00,96.03,96.14,96.03,96.0487,11292.0
2024-08-30 17:16:00,96.03,96.032,95.91,95.9605,26249.0
2024-08-30 17:18:00,95.9688,95.99,95.8,95.85,23457.0
2024-08-30 17:20:00,95.8999,95.9497,95.84,95.86,20868.0
2024-08-30 17:22:00,95.84,95.85,95.675,95.8199,31142.0
2024-08-30 17:24:00,95.815,95.815,95.73,95.76,36120.0
2024-08-30 17:26:00,95.76,95.8699,95.75,95.785,65370.0
2024-08-30 17:28:00,95.785,95.795,95.69,95.7,18268.0
2024-08-30 17:30:00,95.68,95.79,95.68,95.78,14804.0
2024-08-30 17:32:00,95.78,95.8,95.67,95.68,68902.0
2024-08-30 17:34:00,95.69,95.69,95.638,95.6775,26126.0
2024-08-30 17:36:00,95.68,95.7,95.62,95.68,49252.0
2024-08-30 17:38:00,95.65,95.69,95.53,95.58,31817.0
2024-08-30 17:40:00,95.56,95.6299,95.53,95.56,46513.0
2024-08-30 17:42:00,95.575,95.67,95.575,95.6201,37960.0
2024-08-30 17:44:00,95.63,95.675,95.56,95.615,27653.0
2024-08-30 17:46:00,95.6099,95.64,95.49,95.53,28801.0
2024-08-30 17:48:00,95.55,95.67,95.525,95.545,27827.0
2024-08-30 17:50:00,95.54,95.66,95.53,95.5899,16175.0
2024-08-30 17:52:00,95.575,95.69,95.575,95.6844,17661.0
2024-08-30 17:54:00,95.7,95.7,95.59,95.59,43346.0
2024-08-30 17:56:00,95.5801,95.5801,95.39,95.39,49260.0
2024-08-30 17:58:00,95.39,95.4,95.22,95.26,53251.0
2024-08-30 18:00:00,95.255,95.32,95.13,95.145,97920.0
2024-08-30 18:02:00,95.145,95.2,95.12,95.13,88200.0
2024-08-30 18:04:00,95.12,95.145,94.99,95.0174,96394.0
2024-08-30 18:06:00,95.01,95.135,94.99,95.07,47550.0
2024-08-30 18:08:00,95.07,95.16,95.05,95.1499,34998.0
2024-08-30 18:10:00,95.14,95.21,95.09,95.19,52923.0
2024-08-30 18:12:00,95.19,95.26,95.1547,95.26,49874.0
2024-08-30 18:14:00,95.265,95.375,95.265,95.2901,35211.0
2024-08-30 18:16:00,95.33,95.39,95.31,95.37,31660.0
2024-08-30 18:18:00,95.372,95.49,95.36,95.4307,37492.0
2024-08-30 18:20:00,95.43,95.5175,95.43,95.489,44001.0
2024-08-30 18:22:00,95.49,95.55,95.3801,95.4,47672.0
2024-08-30 18:24:00,95.41,95.43,95.28,95.31,75743.0
2024-08-30 18:26:00,95.31,95.4,95.29,95.3,52496.0
2024-08-30 18:28:00,95.3,95.34,95.1902,95.1902,53525.0
2024-08-30 18:30:00,95.1901,95.32,95.1901,95.32,56879.0
2024-08-30 18:32:00,95.32,95.36,95.25,95.33,53809.0
2024-08-30 18:34:00,95.33,95.33,95.17,95.215,81688.0
2024-08-30 18:36:00,95.215,95.25,95.1,95.185,79145.0
2024-08-30 18:38:00,95.185,95.25,95.1413,95.245,48327.0
2024-08-30 18:40:00,95.235,95.25,95.17,95.215,113395.0
2024-08-30 18:42:00,95.24,95.27,95.19,95.22,63029.0
2024-08-30 18:44:00,95.215,95.3898,95.2,95.31,65769.0
2024-08-30 18:46:00,95.33,95.34,95.28,95.295,37874.0
2024-08-30 18:48:00,95.28,95.5,95.239,95.5,41792.0
2024-08-30 18:50:00,95.5,95.76,95.5,95.76,72662.0
2024-08-30 18:52:00,95.7639,95.908,95.7429,95.8499,52993.0
2024-08-30 18:54:00,95.85,95.9,95.71,95.735,52026.0
2024-08-30 18:56:00,95.73,95.7867,95.67,95.7263,39567.0
2024-08-30 18:58:00,95.75,95.9,95.74,95.88,60542.0
2024-08-30 19:00:00,95.865,95.9299,95.82,95.875,40912.0
2024-08-30 19:02:00,95.88,95.9,95.8,95.82,30233.0
2024-08-30 19:04:00,95.82,95.83,95.695,95.7001,28649.0
2024-08-30 19:06:00,95.71,95.8499,95.705,95.722,43611.0
2024-08-30 19:08:00,95.724,95.74,95.63,95.656,37684.0
2024-08-30 19:10:00,95.66,95.67,95.53,95.545,36700.0
2024-08-30 19:12:00,95.54,95.54,95.26,95.39,65447.0
2024-08-30 19:14:00,95.39,95.46,95.3801,95.45,27598.0
2024-08-30 19:16:00,95.4425,95.535,95.4301,95.495,40004.0
2024-08-30 19:18:00,95.52,95.5986,95.39,95.515,87162.0
2024-08-30 19:20:00,95.51,95.52,95.42,95.43,45951.0
2024-08-30 19:22:00,95.4336,95.63,95.41,95.63,66172.0
2024-08-30 19:24:00,95.63,95.7,95.61,95.63,48689.0
2024-08-30 19:26:00,95.64,95.64,95.52,95.58,66473.0
2024-08-30 19:28:00,95.58,95.69,95.57,95.62,85557.0
2024-08-30 19:30:00,95.63,95.68,95.54,95.58,80221.0
2024-08-30 19:32:00,95.58,95.627,95.38,95.42,51519.0
2024-08-30 19:34:00,95.42,95.42,95.27,95.285,60469.0
2024-08-30 19:36:00,95.2943,95.38,95.195,95.32,204870.0
2024-08-30 19:38:00,95.32,95.425,95.32,95.405,96390.0
2024-08-30 19:40:00,95.39,95.55,95.37,95.46,87818.0
2024-08-30 19:42:00,95.46,95.52,95.45,95.48,52386.0
2024-08-30 19:44:00,95.48,95.53,95.365,95.365,45650.0
2024-08-30 19:46:00,95.36,95.43,95.31,95.405,49802.0
2024-08-30 19:48:00,95.41,95.41,95.27,95.33,91786.0
2024-08-30 19:50:00,95.35,95.77,95.35,95.71,248264.0
2024-08-30 19:52:00,95.68,95.8875,95.49,95.81,209601.0
2024-08-30 19:54:00,95.82,96.19,95.67,96.09,464550.0
2024-08-30 19:56:00,96.09,96.16,96.03,96.145,337195.0
2024-08-30 19:58:00,96.15,96.3,96.04,96.21,900067.0
2024-08-30 20:00:00,96.24,96.5,96.24,96.24,162125.0
2024-08-30 20:02:00,96.24,96.24,96.11,96.14,3128.0
2024-08-30 20:04:00,96.2,96.21,96.1,96.14,4847.0
2024-08-30 20:06:00,96.1018,96.13,96.07,96.07,25007.0
2024-08-30 20:08:00,96.07,96.1386,96.07,96.1386,3563.0
2024-08-30 20:10:00,96.07,96.09,96.07,96.09,530.0
2024-08-30 20:12:00,96.0899,96.0899,96.0899,96.0899,449.0
2024-08-30 20:14:00,96.09,96.09,96.09,96.09,544.0
2024-08-30 20:16:00,96.04,96.04,96.02,96.04,4113.0
2024-08-30 20:18:00,96.04,96.04,96.04,96.04,110.0
2024-08-30 20:22:00,96.08,96.08,96.08,96.08,1001.0
2024-08-30 20:24:00,96.09,96.09,96.05,96.05,475.0
2024-08-30 20:26:00,96.08,96.08,96.08,96.08,457.0
2024-08-30 20:28:00,96.03,96.03,96.03,96.03,670.0
2024-08-30 20:30:00,96.08,96.08,96.08,96.08,209.0
2024-08-30 20:32:00,96.0755,96.0755,96.0755,96.0755,166.0
2024-08-30 20:34:00,96.1306,96.1306,96.0603,96.07,605.0
2024-08-30 20:36:00,96.06,96.11,96.06,96.11,597596.0
2024-08-30 20:38:00,96.11,96.11,96.0,96.0,5544.0
2024-08-30 20:40:00,96.01,96.01,96.01,96.01,503.0
2024-08-30 20:42:00,96.01,96.01,96.0,96.0,652.0
2024-08-30 20:44:00,96.0,96.24,96.0,96.24,10897.0
2024-08-30 20:48:00,96.0,96.04,96.0,96.03,991.0
2024-08-30 20:58:00,96.16,96.24,96.11,96.11,2810.0
2024-08-30 21:00:00,96.0,96.01,96.0,96.01,644.0
2024-08-30 21:02:00,96.04,96.04,96.04,96.04,575.0
2024-08-30 21:04:00,96.04,96.04,96.04,96.04,310.0
2024-08-30 21:06:00,96.05,96.05,96.05,96.05,407.0
2024-08-30 21:10:00,96.05,96.05,96.04,96.04,853.0
2024-08-30 21:24:00,96.1,96.1564,96.1,96.1564,905.0
2024-08-30 21:30:00,96.15,96.15,96.1,96.1,487.0
2024-08-30 21:38:00,96.16,96.16,96.16,96.16,205.0
2024-08-30 21:54:00,96.11,96.11,96.11,96.11,335.0
2024-08-30 22:02:00,96.15,96.15,96.15,96.15,275.0
2024-08-30 22:12:00,96.17,96.17,96.17,96.17,121.0
2024-08-30 22:20:00,96.19,96.19,96.19,96.19,200.0
2024-08-30 22:36:00,96.23,96.23,96.23,96.23,177.0
2024-08-30 22:40:00,96.23,96.23,96.23,96.23,500.0
2024-08-30 22:42:00,96.22,96.22,96.22,96.22,255.0
2024-08-30 22:46:00,96.22,96.23,96.22,96.23,1500.0
2024-08-30 22:48:00,96.2299,96.23,96.2299,96.23,401.0
2024-08-30 23:08:00,96.18,96.18,96.18,96.18,308.0
2024-08-30 23:16:00,96.18,96.18,96.18,96.18,730.0
2024-08-30 23:22:00,96.17,96.17,96.15,96.15,762.0
2024-08-30 23:28:00,96.16,96.16,96.16,96.16,100.0
2024-08-30 23:36:00,96.13,96.13,96.13,96.13,382.0
2024-08-30 23:38:00,96.13,96.13,96.12,96.12,850.0
2024-08-30 23:42:00,96.1848,96.1848,96.1848,96.1848,100.0
2024-08-30 23:44:00,96.13,96.13,96.1,96.1,800.0
2024-08-30 23:50:00,96.1097,96.1097,96.07,96.07,1020.0
2024-08-30 23:54:00,96.12,96.22,96.12,96.22,497.0
2024-08-30 23:56:00,96.2,96.22,96.17,96.22,888.0
2024-08-30 23:58:00,96.1889,96.1889,96.1889,96.1889,168.0
2024-09-03 08:02:00,96.35,96.39,96.35,96.39,1569.0
2024-09-03 08:04:00,96.28,96.28,96.0,96.0,2353.0
2024-09-03 08:10:00,95.9,95.9,95.89,95.89,556.0
2024-09-03 08:14:00,95.82,95.82,95.8,95.8,1950.0
2024-09-03 08:16:00,95.81,95.81,95.7,95.7,1780.0
2024-09-03 08:18:00,95.53,95.6,95.51,95.6,1970.0
2024-09-03 08:20:00,95.55,95.55,95.55,95.55,1279.0
2024-09-03 08:22:00,95.6,95.6,95.53,95.53,1958.0
2024-09-03 08:24:00,95.52,95.52,95.25,95.34,3521.0
2024-09-03 08:26:00,95.17,95.17,95.17,95.17,193.0
2024-09-03 08:30:00,95.2,95.25,95.2,95.2,696.0
2024-09-03 08:34:00,95.2,95.2,95.2,95.2,273.0
2024-09-03 08:36:00,95.2,95.2,95.19,95.2,1355.0
2024-09-03 08:38:00,95.15,95.15,95.15,95.15,224.0
2024-09-03 08:40:00,95.12,95.12,95.1,95.1,1198.0
2024-09-03 08:42:00,95.21,95.21,95.21,95.21,322.0
2024-09-03 08:50:00,95.1,95.11,95.1,95.1,1534.0
2024-09-03 08:52:00,95.1,95.1,95.1,95.1,666.0
2024-09-03 08:54:00,95.1,95.1,95.1,95.1,208.0
2024-09-03 08:58:00,95.1,95.1,94.85,94.85,5156.0
2024-09-03 09:00:00,94.85,94.85,94.84,94.85,1320.0
2024-09-03 09:02:00,94.86,94.96,94.86,94.96,988.0
2024-09-03 09:04:00,94.97,94.97,94.97,94.97,549.0
2024-09-03 09:06:00,94.99,95.0,94.99,95.0,1126.0
2024-09-03 09:14:00,94.52,94.52,94.52,94.52,298.0
2024-09-03 09:16:00,94.44,94.44,94.44,94.44,683.0
2024-09-03 09:18:00,94.5,94.5,94.5,94.5,351.0
2024-09-03 09:22:00,94.62,94.62,94.54,94.54,470.0
2024-09-03 09:24:00,94.56,94.56,94.56,94.56,545.0
2024-09-03 09:26:00,94.64,94.68,94.64,94.68,697.0
2024-09-03 09:28:00,94.67,94.67,94.67,94.67,558.0
2024-09-03 09:30:00,94.62,94.62,94.5,94.52,1333.0
2024-09-03 09:32:00,94.46,94.55,94.46,94.5,3893.0
2024-09-03 09:36:00,94.54,94.55,93.99,94.26,8479.0
2024-09-03 09:38:00,94.24,94.39,94.24,94.39,1115.0
2024-09-03 09:40:00,94.38,94.4,94.38,94.4,669.0
2024-09-03 09:42:00,94.41,94.41,94.41,94.41,987.0
2024-09-03 09:48:00,94.3,94.3,94.3,94.3,202.0
2024-09-03 09:50:00,94.15,94.15,94.15,94.15,235.0
2024-09-03 09:52:00,94.15,94.4,94.15,94.4,1665.0
2024-09-03 09:54:00,94.31,94.34,94.31,94.34,365.0
2024-09-03 09:58:00,94.2,94.2,94.2,94.2,380.0
2024-09-03 10:00:00,94.2,94.2,94.2,94.2,272.0
2024-09-03 10:04:00,94.2,94.35,94.2,94.35,1471.0
2024-09-03 10:08:00,94.22,94.4,94.22,94.4,4141.0
2024-09-03 10:10:00,94.41,94.41,94.4,94.4,222.0
2024-09-03 10:12:00,94.36,94.36,94.36,94.36,563.0
2024-09-03 10:26:00,94.45,94.5,94.45,94.5,698.0
2024-09-03 10:32:00,94.7,94.8,94.68,94.8,2683.0
2024-09-03 10:40:00,94.5,94.5,94.5,94.5,1201.0
2024-09-03 10:42:00,94.5,94.5,94.5,94.5,173.0
2024-09-03 10:44:00,94.5,94.51,94.49,94.51,920.0
2024-09-03 10:46:00,94.49,94.53,94.49,94.52,887.0
2024-09-03 10:48:00,94.46,94.46,94.45,94.45,361.0
2024-09-03 10:52:00,94.68,94.83,94.68,94.83,2435.0
2024-09-03 10:54:00,94.79,94.79,94.79,94.79,510.0
2024-09-03 11:00:00,94.83,95.08,94.56,94.63,5982.0
2024-09-03 11:04:00,94.8,94.8,94.66,94.66,1793.0
2024-09-03 11:06:00,94.55,94.55,94.5,94.5,1810.0
2024-09-03 11:08:00,94.46,94.46,94.42,94.42,398.0
2024-09-03 11:10:00,94.5,94.58,94.5,94.58,648.0
2024-09-03 11:12:00,94.49,94.49,94.49,94.49,326.0
2024-09-03 11:14:00,94.42,94.42,93.88,94.21,3766.0
2024-09-03 11:16:00,94.46,94.49,94.43,94.47,2580.0
2024-09-03 11:18:00,94.5,94.5,94.5,94.5,252.0
2024-09-03 11:24:00,94.54,94.54,94.54,94.54,280.0
2024-09-03 11:30:00,94.64,94.65,94.64,94.65,899.0
2024-09-03 11:32:00,94.71,94.71,94.65,94.65,1485.0
2024-09-03 11:38:00,94.7,94.7,94.66,94.66,646.0
2024-09-03 11:42:00,94.62,94.62,94.58,94.58,2913.0
2024-09-03 11:48:00,94.6,94.65,94.5,94.5,2850.0
2024-09-03 11:50:00,94.59,94.6,94.51,94.6,1358.0
2024-09-03 11:52:00,94.45,94.45,94.4,94.4,2811.0
2024-09-03 11:54:00,94.37,94.5,94.31,94.5,1136.0
2024-09-03 11:56:00,94.47,94.47,94.47,94.47,317.0
2024-09-03 12:00:00,94.56,96.38,94.3305,94.46,34836.0
2024-09-03 12:04:00,94.41,94.42,94.4,94.4,566.0
2024-09-03 12:06:00,94.45,94.45,94.45,94.45,269.0
2024-09-03 12:08:00,94.3263,94.49,94.3263,94.49,300.0
2024-09-03 12:10:00,94.47,94.47,94.47,94.47,289.0
2024-09-03 12:12:00,94.49,94.53,94.49,94.53,4237.0
2024-09-03 12:14:00,94.51,94.51,94.51,94.51,501.0
2024-09-03 12:16:00,94.56,94.57,94.52,94.52,532.0
2024-09-03 12:18:00,94.55,94.75,94.55,94.75,1211.0
2024-09-03 12:20:00,94.68,94.75,94.68,94.75,759.0
2024-09-03 12:22:00,96.24,96.24,96.24,96.24,4053.0
2024-09-03 12:24:00,94.75,94.75,94.75,94.75,271.0
2024-09-03 12:26:00,94.66,94.75,94.64,94.65,4942.0
2024-09-03 12:28:00,94.6497,94.65,94.6497,94.65,799.0
2024-09-03 12:30:00,94.56,94.65,94.56,94.65,2589.0
2024-09-03 12:32:00,94.7,94.7,94.55,94.5503,5222.0
2024-09-03 12:34:00,94.68,94.68,94.56,94.65,1807.0
2024-09-03 12:36:00,94.6,94.6,94.6,94.6,156.0
2024-09-03 12:38:00,94.73,94.77,94.73,94.77,1233.0
2024-09-03 12:40:00,94.74,94.77,94.74,94.77,859.0
2024-09-03 12:44:00,94.69,94.69,94.48,94.5,24061.0
2024-09-03 12:46:00,94.5,94.5,94.43,94.43,1665.0
2024-09-03 12:48:00,94.36,94.36,94.36,94.36,197.0
2024-09-03 12:50:00,94.43,94.5,94.43,94.5,1701.0
2024-09-03 12:52:00,94.41,94.41,94.4,94.4,1144.0
2024-09-03 12:54:00,94.36,94.37,94.3,94.3,1097.0
2024-09-03 12:56:00,94.3,94.3,94.21,94.21,2001.0
2024-09-03 12:58:00,94.18,94.19,94.18,94.19,1854.0
2024-09-03 13:00:00,94.25,94.3,94.0,94.0,4743.0
2024-09-03 13:02:00,93.9,93.97,93.7175,93.97,9019.0
2024-09-03 13:04:00,94.0,94.13,93.98,94.04,3770.0
2024-09-03 13:06:00,94.1,94.1,93.95,94.0,4603.0
2024-09-03 13:08:00,93.95,93.95,93.7,93.7,14765.0
2024-09-03 13:10:00,93.65,93.81,93.6,93.6103,3584.0
2024-09-03 13:12:00,93.69,93.71,93.5103,93.7,9224.0
2024-09-03 13:14:00,93.7,93.7,93.55,93.6499,5711.0
2024-09-03 13:16:00,93.61,93.6355,93.5203,93.5203,3482.0
2024-09-03 13:18:00,93.53,93.66,93.38,93.6597,23156.0
2024-09-03 13:20:00,93.64,93.68,93.63,93.63,1239.0
2024-09-03 13:22:00,93.62,93.67,93.6,93.6,5862.0
2024-09-03 13:24:00,93.673,93.673,93.48,93.48,4083.0
2024-09-03 13:26:00,93.48,93.82,93.41,93.7,17188.0
2024-09-03 13:28:00,93.63,93.7,93.6,93.7,4695.0
2024-09-03 13:30:00,93.63,93.8799,93.06,93.33,396138.0
2024-09-03 13:32:00,93.29,93.5775,92.93,93.08,253719.0
2024-09-03 13:34:00,93.045,93.22,92.5,92.55,268222.0
2024-09-03 13:36:00,92.53,92.63,92.3,92.4,223910.0
2024-09-03 13:38:00,92.39,92.5499,91.8,91.94,413916.0
2024-09-03 13:40:00,91.9378,92.1,91.47,91.65,353224.0
2024-09-03 13:42:00,91.66,91.88,91.51,91.77,216419.0
2024-09-03 13:44:00,91.785,91.9,91.6147,91.71,149172.0
2024-09-03 13:46:00,91.7196,91.96,91.5,91.92,199109.0
2024-09-03 13:48:00,91.96,92.45,91.89,92.34,178809.0
2024-09-03 13:50:00,92.32,92.47,92.02,92.05,108501.0
2024-09-03 13:52:00,92.04,92.2,91.71,91.77,112349.0
2024-09-03 13:54:00,91.75,91.86,91.57,91.86,114878.0
2024-09-03 13:56:00,91.87,91.96,91.65,91.79,96133.0
2024-09-03 13:58:00,91.797,91.797,91.55,91.69,129138.0
2024-09-03 14:00:00,91.66,91.8799,91.1629,91.84,221212.0
2024-09-03 14:02:00,91.87,92.105,91.66,91.77,111478.0
2024-09-03 14:04:00,91.75,91.85,91.5387,91.66,85984.0
2024-09-03 14:06:00,91.66,91.67,91.39,91.49,116664.0
2024-09-03 14:08:00,91.495,91.68,91.43,91.61,125390.0
2024-09-03 14:10:00,91.5852,91.6308,91.43,91.54,263403.0
2024-09-03 14:12:00,91.52,91.56,91.31,91.3562,111611.0
2024-09-03 14:14:00,91.37,91.53,91.25,91.4428,120983.0
2024-09-03 14:16:00,91.46,91.474,91.25,91.33,75879.0
2024-09-03 14:18:00,91.33,91.59,91.27,91.41,119473.0
2024-09-03 14:20:00,91.4,91.45,91.284,91.33,62236.0
2024-09-03 14:22:00,91.3303,91.5,91.2,91.22,113299.0
2024-09-03 14:24:00,91.21,91.3208,91.13,91.31,117970.0
2024-09-03 14:26:00,91.315,91.315,90.94,91.06,203882.0
2024-09-03 14:28:00,91.065,91.17,90.92,91.15,150297.0
2024-09-03 14:30:00,91.13,91.13,90.75,90.79,151814.0
2024-09-03 14:32:00,90.79,90.88,90.66,90.82,235263.0
2024-09-03 14:34:00,90.84,90.87,90.57,90.57,164297.0
2024-09-03 14:36:00,90.6,90.7,90.51,90.65,118087.0
2024-09-03 14:38:00,90.64,90.899,90.62,90.65,109207.0
2024-09-03 14:40:00,90.66,90.95,90.64,90.76,65723.0
2024-09-03 14:42:00,90.765,90.94,90.67,90.7373,72852.0
2024-09-03 14:44:00,90.74,90.8,90.65,90.7375,86721.0
2024-09-03 14:46:00,90.73,90.8,90.62,90.71,71909.0
2024-09-03 14:48:00,90.725,90.75,90.56,90.57,134113.0
2024-09-03 14:50:00,90.55,90.65,90.48,90.56,200992.0
2024-09-03 14:52:00,90.56,90.65,90.48,90.64,117899.0
2024-09-03 14:54:00,90.605,90.65,90.515,90.58,91399.0
2024-09-03 14:56:00,90.59,90.85,90.56,90.825,66622.0
2024-09-03 14:58:00,90.815,90.94,90.435,90.435,102291.0
2024-09-03 15:00:00,90.435,90.949,90.32,90.86,179348.0
2024-09-03 15:02:00,90.85,90.9506,90.7693,90.82,61731.0
2024-09-03 15:04:00,90.83,91.03,90.8007,91.005,197533.0
2024-09-03 15:06:00,90.96,91.03,90.77,90.9991,106153.0
2024-09-03 15:08:00,90.98,91.02,90.65,90.68,128246.0
2024-09-03 15:10:00,90.7,90.91,90.63,90.86,80314.0
2024-09-03 15:12:00,90.89,91.19,90.82,91.06,377491.0
2024-09-03 15:14:00,91.07,91.185,91.0,91.13,119164.0
2024-09-03 15:16:00,91.13,91.16,90.83,90.84,132050.0
2024-09-03 15:18:00,90.86,91.11,90.86,91.05,61384.0
2024-09-03 15:20:00,91.055,91.1,90.955,90.97,111477.0
2024-09-03 15:22:00,90.98,91.152,90.87,90.91,90858.0
2024-09-03 15:24:00,90.9237,90.965,90.77,90.8599,113976.0
2024-09-03 15:26:00,90.815,91.0,90.73,90.87,73180.0
2024-09-03 15:28:00,90.8601,90.915,90.7,90.76,78978.0
2024-09-03 15:30:00,90.76,90.83,90.6659,90.72,63205.0
2024-09-03 15:32:00,90.72,90.74,90.58,90.7266,94738.0
2024-09-03 15:34:00,90.71,90.92,90.62,90.91,96568.0
2024-09-03 15:36:00,90.9,90.93,90.85,90.885,89796.0
2024-09-03 15:38:00,90.88,90.885,90.765,90.85,80834.0
2024-09-03 15:40:00,90.84,90.86,90.67,90.69,52053.0
2024-09-03 15:42:00,90.69,90.69,90.49,90.56,111109.0
2024-09-03 15:44:00,90.55,90.6,90.42,90.6,79650.0
2024-09-03 15:46:00,90.59,90.6,90.36,90.43,99512.0
2024-09-03 15:48:00,90.44,90.51,90.3663,90.5,61349.0
2024-09-03 15:50:00,90.51,90.555,90.43,90.43,80742.0
2024-09-03 15:52:00,90.45,90.52,90.37,90.38,47845.0
2024-09-03 15:54:00,90.41,90.57,90.38,90.44,72608.0
2024-09-03 15:56:00,90.44,90.44,90.33,90.389,92245.0
2024-09-03 15:58:00,90.38,90.39,90.21,90.25,86001.0
2024-09-03 16:00:00,90.26,90.56,90.25,90.52,134510.0
2024-09-03 16:02:00,90.535,90.63,90.51,90.6,38618.0
2024-09-03 16:04:00,90.61,90.73,90.53,90.53,52103.0
2024-09-03 16:06:00,90.53,90.5499,90.42,90.45,33352.0
2024-09-03 16:08:00,90.47,90.499,90.26,90.34,60813.0
2024-09-03 16:10:00,90.35,90.43,90.26,90.37,43851.0
2024-09-03 16:12:00,90.38,90.47,90.22,90.45,52510.0
2024-09-03 16:14:00,90.45,90.55,90.43,90.525,51595.0
2024-09-03 16:16:00,90.525,90.7,90.525,90.56,59596.0
2024-09-03 16:18:00,90.59,90.62,90.49,90.55,32769.0
2024-09-03 16:20:00,90.52,90.56,90.39,90.56,32348.0
2024-09-03 16:22:00,90.56,90.64,90.3654,90.37,49106.0
2024-09-03 16:24:00,90.4,90.42,90.3,90.36,58777.0
2024-09-03 16:26:00,90.34,90.37,90.27,90.35,35800.0
2024-09-03 16:28:00,90.34,90.43,90.31,90.39,53225.0
2024-09-03 16:30:00,90.38,90.4381,90.32,90.37,33024.0
2024-09-03 16:32:00,90.36,90.401,90.3,90.32,32522.0
2024-09-03 16:34:00,90.32,90.36,90.2,90.2,60087.0
2024-09-03 16:36:00,90.19,90.3,90.18,90.255,87522.0
2024-09-03 16:38:00,90.26,90.385,90.2575,90.34,39874.0
2024-09-03 16:40:00,90.34,90.38,90.24,90.28,26726.0
2024-09-03 16:42:00,90.28,90.29,90.17,90.175,60759.0
2024-09-03 16:44:00,90.17,90.246,90.11,90.16,56476.0
2024-09-03 16:46:00,90.16,90.21,90.05,90.1575,59487.0
2024-09-03 16:48:00,90.165,90.165,90.0324,90.09,82963.0
2024-09-03 16:50:00,90.09,90.11,90.01,90.01,140648.0
2024-09-03 16:52:00,90.02,90.08,89.86,89.895,198839.0
2024-09-03 16:54:00,89.895,90.0,89.865,89.8863,52360.0
2024-09-03 16:56:00,89.91,89.92,89.71,89.72,77728.0
2024-09-03 16:58:00,89.7,89.77,89.585,89.63,140103.0
2024-09-03 17:00:00,89.63,89.75,89.56,89.64,79745.0
2024-09-03 17:02:00,89.65,89.7,89.59,89.7,46556.0
2024-09-03 17:04:00,89.72,89.79,89.67,89.7219,60875.0
2024-09-03 17:06:00,89.7299,89.85,89.7,89.82,44308.0
2024-09-03 17:08:00,89.81,89.87,89.78,89.8281,32583.0
2024-09-03 17:10:00,89.855,89.9199,89.78,89.78,44503.0
2024-09-03 17:12:00,89.78,89.79,89.59,89.61,57764.0
2024-09-03 17:14:00,89.6,89.74,89.54,89.7,78933.0
2024-09-03 17:16:00,89.69,89.705,89.62,89.63,26822.0
2024-09-03 17:18:00,89.6375,89.7,89.56,89.69,44494.0
2024-09-03 17:20:00,89.69,89.89,89.64,89.85,72276.0
2024-09-03 17:22:00,89.86,89.95,89.76,89.91,67646.0
2024-09-03 17:24:00,89.92,89.97,89.85,89.96,42730.0
2024-09-03 17:26:00,89.98,90.05,89.96,90.03,40847.0
2024-09-03 17:28:00,90.06,90.06,89.91,89.92,41989.0
2024-09-03 17:30:00,89.92,89.99,89.7823,89.86,50188.0
2024-09-03 17:32:00,89.85,89.85,89.61,89.63,66633.0
2024-09-03 17:34:00,89.66,89.73,89.62,89.64,70312.0
2024-09-03 17:36:00,89.63,89.66,89.5438,89.635,49883.0
2024-09-03 17:38:00,89.6347,89.87,89.625,89.83,59715.0
2024-09-03 17:40:00,89.82,89.85,89.66,89.72,76488.0
2024-09-03 17:42:00,89.7,89.715,89.58,89.6,50104.0
2024-09-03 17:44:00,89.63,89.68,89.51,89.51,66879.0
2024-09-03 17:46:00,89.53,89.6,89.48,89.525,64749.0
2024-09-03 17:48:00,89.54,89.555,89.45,89.49,51328.0
2024-09-03 17:50:00,89.49,89.49,89.36,89.39,122858.0
2024-09-03 17:52:00,89.4,89.46,89.33,89.36,55762.0
2024-09-03 17:54:00,89.36,89.455,89.34,89.44,71690.0
2024-09-03 17:56:00,89.445,89.505,89.43,89.47,47355.0
2024-09-03 17:58:00,89.455,89.46,89.28,89.34,99939.0
2024-09-03 18:00:00,89.35,89.375,89.28,89.31,104029.0
2024-09-03 18:02:00,89.32,89.36,89.18,89.18,69687.0
2024-09-03 18:04:00,89.19,89.23,89.09,89.2075,182159.0
2024-09-03 18:06:00,89.22,89.28,89.0602,89.095,66163.0
2024-09-03 18:08:00,89.1,89.14,89.04,89.04,57944.0
2024-09-03 18:10:00,89.055,89.17,89.0,89.12,170392.0
2024-09-03 18:12:00,89.13,89.25,89.07,89.17,41264.0
2024-09-03 18:14:00,89.16,89.16,89.01,89.02,51870.0
2024-09-03 18:16:00,89.01,89.13,88.98,89.03,83102.0
2024-09-03 18:18:00,89.0314,89.09,88.94,88.975,49271.0
2024-09-03 18:20:00,88.98,89.14,88.96,89.01,45883.0
2024-09-03 18:22:00,89.04,89.05,88.89,88.92,43499.0
2024-09-03 18:24:00,88.93,89.01,88.88,88.97,43803.0
2024-09-03 18:26:00,88.96,89.03,88.9,88.92,33580.0
2024-09-03 18:28:00,88.97,89.04,88.9,88.9075,27641.0
2024-09-03 18:30:00,88.91,89.02,88.91,89.0,52949.0
2024-09-03 18:32:00,88.995,89.01,88.94,88.97,125582.0
2024-09-03 18:34:00,88.99,89.2,88.96,89.03,76026.0
2024-09-03 18:36:00,89.03,89.14,89.03,89.03,52553.0
2024-09-03 18:38:00,89.0325,89.2,89.0325,89.145,46958.0
2024-09-03 18:40:00,89.14,89.23,89.09,89.1,72436.0
2024-09-03 18:42:00,89.11,89.17,89.07,89.12,76544.0
2024-09-03 18:44:00,89.135,89.17,89.05,89.14,86428.0
2024-09-03 18:46:00,89.1201,89.255,89.1201,89.255,185401.0
2024-09-03 18:48:00,89.26,89.26,89.185,89.21,82938.0
2024-09-03 18:50:00,89.2,89.32,89.17,89.22,137207.0
2024-09-03 18:52:00,89.24,89.25,89.19,89.19,52821.0
2024-09-03 18:54:00,89.18,89.24,89.16,89.24,66271.0
2024-09-03 18:56:00,89.235,89.25,89.2,89.23,79863.0
2024-09-03 18:58:00,89.23,89.24,89.16,89.19,86410.0
2024-09-03 19:00:00,89.198,89.38,89.19,89.295,136814.0
2024-09-03 19:02:00,89.29,89.33,89.25,89.2601,86064.0
2024-09-03 19:04:00,89.27,89.29,89.215,89.25,100767.0
2024-09-03 19:06:00,89.24,89.25,89.155,89.21,270543.0
2024-09-03 19:08:00,89.21,89.25,89.21,89.215,111822.0
2024-09-03 19:10:00,89.21,89.355,89.205,89.315,65476.0
2024-09-03 19:12:00,89.31,89.4,89.2,89.278,95636.0
2024-09-03 19:14:00,89.27,89.3,89.19,89.2,45274.0
2024-09-03 19:16:00,89.21,89.25,89.1533,89.18,89221.0
2024-09-03 19:18:00,89.18,89.25,89.16,89.184,63310.0
2024-09-03 19:20:00,89.1862,89.25,89.16,89.22,74024.0
2024-09-03 19:22:00,89.23,89.24,88.96,89.015,111390.0
2024-09-03 19:24:00,89.0101,89.1,89.01,89.065,97583.0
2024-09-03 19:26:00,89.05,89.1238,89.03,89.08,78289.0
2024-09-03 19:28:00,89.08,89.169,89.05,89.11,95175.0
2024-09-03 19:30:00,89.11,89.2,89.015,89.07,103469.0
2024-09-03 19:32:00,89.07,89.25,89.07,89.16,212182.0
2024-09-03 19:34:00,89.165,89.185,88.9,88.94,111709.0
2024-09-03 19:36:00,88.93,89.04,88.9,88.945,78099.0
2024-09-03 19:38:00,88.95,89.08,88.91,89.05,69849.0
2024-09-03 19:40:00,89.045,89.049,88.75,88.85,184136.0
2024-09-03 19:42:00,88.85,88.9,88.75,88.87,146204.0
2024-09-03 19:44:00,88.86,88.9,88.5201,88.58,168992.0
2024-09-03 19:46:00,88.5754,88.5754,88.31,88.43,199750.0
2024-09-03 19:48:00,88.42,88.58,88.325,88.555,160444.0
2024-09-03 19:50:00,88.55,88.61,88.41,88.585,307189.0
2024-09-03 19:52:00,88.58,88.62,88.49,88.6,327287.0
2024-09-03 19:54:00,88.595,88.74,88.46,88.505,506718.0
2024-09-03 19:56:00,88.505,88.74,88.5,88.67,392400.0
2024-09-03 19:58:00,88.67,88.75,88.48,88.63,930584.0
2024-09-03 20:00:00,88.58,88.58,88.38,88.45,138859.0
2024-09-03 20:02:00,88.4485,88.48,88.39,88.48,13461.0
2024-09-03 20:04:00,88.48,88.48,88.38,88.38,7849.0
2024-09-03 20:06:00,88.38,88.58,88.32,88.32,13815.0
2024-09-03 20:08:00,88.35,88.38,88.33,88.3699,8370.0
2024-09-03 20:10:00,88.37,88.38,88.335,88.36,6025.0
2024-09-03 20:12:00,88.3408,88.4,88.3401,88.38,4686.0
2024-09-03 20:14:00,88.39,88.4,88.35,88.39,2470.0
2024-09-03 20:16:00,88.38,88.42,88.16,88.24,7299.0
2024-09-03 20:18:00,88.24,88.25,88.1,88.1208,5069.0
2024-09-03 20:20:00,88.16,88.22,88.05,88.12,8460.0
2024-09-03 20:22:00,88.15,88.15,88.15,88.15,453.0
2024-09-03 20:24:00,88.23,88.23,87.77,87.9,10705.0
2024-09-03 20:26:00,87.94,87.97,87.8124,87.8124,3185.0
2024-09-03 20:28:00,87.91,87.92,87.77,87.92,4477.0
2024-09-03 20:30:00,87.95,88.58,87.95,88.23,1204274.0
2024-09-03 20:32:00,88.264,88.264,88.19,88.19,394.0
2024-09-03 20:34:00,88.02,88.02,88.0,88.01,2016.0
2024-09-03 20:36:00,88.1949,88.1949,88.1,88.1,627.0
2024-09-03 20:38:00,88.14,88.14,87.96,88.0,2197.0
2024-09-03 20:40:00,87.91,87.91,87.88,87.9,1317.0
2024-09-03 20:42:00,87.85,88.01,87.85,88.01,3406.0
2024-09-03 20:44:00,88.05,88.05,87.8,87.87,2486.0
2024-09-03 20:46:00,87.85,87.92,87.85,87.92,3470.0
2024-09-03 20:48:00,87.94,88.15,87.94,88.11,4465.0
2024-09-03 20:50:00,88.05,88.1,87.96,88.1,6083.0
2024-09-03 20:52:00,88.08,88.11,88.005,88.11,2784.0
2024-09-03 20:54:00,88.12,88.1482,87.9902,88.11,4510.0
2024-09-03 20:56:00,88.06,88.06,87.99,87.99,2120.0
2024-09-03 20:58:00,88.04,88.06,88.0,88.04,2164.0
2024-09-03 21:00:00,88.18,88.18,88.18,88.18,365.0
2024-09-03 21:02:00,88.1,88.1,88.0704,88.1,1505.0
2024-09-03 21:04:00,88.1,88.15,88.1,88.1165,1420.0
2024-09-03 21:06:00,88.19,88.19,88.07,88.107,2108.0
2024-09-03 21:08:00,88.1,88.1107,88.1,88.1107,547.0
2024-09-03 21:10:00,88.14,88.17,88.14,88.17,667.0
2024-09-03 21:14:00,88.16,88.17,88.07,88.1077,1206.0
2024-09-03 21:18:00,88.14,88.14,88.14,88.14,329.0
2024-09-03 21:20:00,88.58,88.58,88.58,88.58,126918.0
2024-09-03 21:22:00,88.1119,88.1674,88.11,88.11,1155.0
2024-09-03 21:24:00,88.12,88.14,88.12,88.14,1404.0
2024-09-03 21:26:00,88.14,88.14,88.046,88.1,1068.0
2024-09-03 21:28:00,88.1288,88.1288,88.1,88.1,490.0
2024-09-03 21:30:00,88.17,88.17,88.08,88.08,1248.0
2024-09-03 21:32:00,88.1,88.173,88.1,88.1727,1087.0
2024-09-03 21:34:00,88.1727,88.1791,88.1727,88.1767,1583.0
2024-09-03 21:36:00,88.16,88.16,88.16,88.16,216.0
2024-09-03 21:40:00,88.15,88.15,88.15,88.15,1740.0
2024-09-03 21:44:00,88.14,88.14,88.14,88.14,585.0
2024-09-03 21:46:00,88.15,88.15,88.15,88.15,648.0
2024-09-03 21:48:00,88.17,88.2,88.17,88.2,1894.0
2024-09-03 21:50:00,88.17,88.2696,88.17,88.25,1031.0
2024-09-03 21:52:00,88.25,88.25,88.2,88.2,2254.0
2024-09-03 21:54:00,88.1201,88.35,88.1201,88.35,1195.0
2024-09-03 21:56:00,88.25,88.2971,88.15,88.15,1703.0
2024-09-03 21:58:00,88.1492,88.28,88.1492,88.2315,727.0
2024-09-03 22:00:00,88.28,88.56,88.28,88.5,2951.0
2024-09-03 22:02:00,88.1655,88.1655,88.1655,88.1655,790.0
2024-09-03 22:04:00,88.35,88.35,88.3,88.3,766.0
2024-09-03 22:06:00,88.17,88.28,88.1,88.1,3402.0
2024-09-03 22:08:00,88.1,88.1,88.1,88.1,439.0
2024-09-03 22:10:00,88.2,88.3,88.2,88.3,451.0
2024-09-03 22:14:00,88.29,88.29,88.29,88.29,463.0
2024-09-03 22:16:00,88.3871,88.4,88.3,88.3,1231.0
2024-09-03 22:20:00,88.3997,88.49,88.3997,88.49,1070.0
2024-09-03 22:22:00,88.48,88.48,88.46,88.47,780.0
2024-09-03 22:28:00,88.2501,88.2501,88.2501,88.2501,247.0
2024-09-03 22:30:00,88.46,88.46,88.46,88.46,586.0
2024-09-03 22:32:00,88.46,88.46,88.46,88.46,1155.0
2024-09-03 22:36:00,88.35,88.35,88.35,88.35,579.0
2024-09-03 22:38:00,88.4,88.4,88.4,88.4,646.0
2024-09-03 22:40:00,88.4,88.4,88.4,88.4,4011.0
2024-09-03 22:42:00,88.43,88.43,88.43,88.43,800.0
2024-09-03 22:46:00,88.48,88.49,88.48,88.49,400.0
2024-09-03 22:48:00,88.5415,88.5415,88.5415,88.5415,609.0
2024-09-03 22:52:00,88.58,88.58,88.58,88.58,157.0
2024-09-03 22:54:00,88.58,88.58,88.38,88.38,1382.0
2024-09-03 22:56:00,88.4,88.4,88.26,88.26,3295.0
2024-09-03 22:58:00,88.35,88.35,88.26,88.26,973.0
2024-09-03 23:00:00,88.2776,88.35,88.2776,88.35,706.0
2024-09-03 23:06:00,88.33,88.33,88.33,88.33,236.0
2024-09-03 23:08:00,88.216,88.216,88.21,88.21,1724.0
2024-09-03 23:10:00,88.33,88.33,88.25,88.25,248.0
2024-09-03 23:12:00,88.25,88.4,88.25,88.4,504.0
2024-09-03 23:14:00,88.4,88.4,88.4,88.4,201.0
2024-09-03 23:18:00,88.3531,88.3531,88.3531,88.3531,131.0
2024-09-03 23:20:00,88.38,88.38,88.3134,88.3134,774.0
2024-09-03 23:22:00,88.3114,88.3114,88.3114,88.3114,1023.0
2024-09-03 23:26:00,88.3912,88.4,88.3912,88.4,262.0
2024-09-03 23:28:00,88.5705,88.5705,88.42,88.42,440.0
2024-09-03 23:34:00,88.54,88.54,88.49,88.53,769.0
2024-09-03 23:38:00,88.42,88.42,88.42,88.42,255.0
2024-09-03 23:40:00,88.49,88.49,88.49,88.49,191.0
2024-09-03 23:42:00,88.45,88.45,88.45,88.45,242.0
2024-09-03 23:44:00,88.39,88.39,88.2126,88.2126,2036.0
2024-09-03 23:46:00,88.39,88.39,88.39,88.39,201.0
2024-09-03 23:52:00,88.33,88.33,88.31,88.33,1745.0
2024-09-03 23:54:00,88.33,88.33,88.26,88.26,2015.0
2024-09-03 23:56:00,88.26,88.26,88.2382,88.26,1287.0
2024-09-03 23:58:00,88.3,88.3,88.25,88.29,2774.0
2024-09-04 08:00:00,87.43,87.83,87.19,87.77,2666.0
2024-09-04 08:02:00,87.65,87.65,87.47,87.49,2505.0
2024-09-04 08:04:00,87.49,87.53,87.48,87.5,1978.0
2024-09-04 08:08:00,87.59,87.59,87.59,87.59,560.0
2024-09-04 08:10:00,87.38,87.38,87.29,87.33,3927.0
2024-09-04 08:12:00,87.4,87.57,87.31,87.51,8622.0
2024-09-04 08:14:00,87.37,87.4,87.3,87.31,7138.0
2024-09-04 08:16:00,87.39,87.48,87.3,87.48,3936.0
2024-09-04 08:18:00,87.37,87.48,87.35,87.48,693.0
2024-09-04 08:20:00,87.42,87.51,87.4,87.51,1417.0
2024-09-04 08:22:00,87.48,87.5,87.37,87.5,4197.0
2024-09-04 08:24:00,87.4,87.4,87.37,87.37,672.0
2024-09-04 08:26:00,87.5,87.54,87.49,87.54,2003.0
2024-09-04 08:28:00,87.53,87.54,87.53,87.54,1300.0
2024-09-04 08:30:00,87.55,87.76,87.48,87.76,1915.0
2024-09-04 08:32:00,87.75,87.75,87.75,87.75,320.0
2024-09-04 08:34:00,87.72,87.72,87.72,87.72,1217.0
2024-09-04 08:38:00,87.61,87.61,87.61,87.61,519.0
2024-09-04 08:40:00,87.61,87.61,87.61,87.61,297.0
2024-09-04 08:46:00,87.69,87.69,87.68,87.68,657.0
2024-09-04 08:50:00,87.76,87.77,87.76,87.77,398.0
2024-09-04 08:54:00,87.9,88.02,87.9,88.02,1812.0
2024-09-04 08:56:00,88.0,88.0,87.9,87.9,911.0
2024-09-04 08:58:00,87.89,87.9,87.76,87.76,726.0
2024-09-04 09:02:00,87.88,87.88,87.88,87.88,107.0
2024-09-04 09:08:00,87.8,87.85,87.75,87.75,1108.0
2024-09-04 09:16:00,87.86,87.87,87.86,87.87,795.0
2024-09-04 09:20:00,87.99,88.0,87.93,88.0,1062.0
2024-09-04 09:24:00,87.9,87.9,87.9,87.9,129.0
2024-09-04 09:26:00,88.0,88.0,88.0,88.0,2174.0
2024-09-04 09:28:00,87.98,87.98,87.98,87.98,306.0
2024-09-04 09:34:00,87.98,88.0,87.98,88.0,625.0
2024-09-04 09:36:00,87.99,88.03,87.99,88.03,431.0
2024-09-04 09:38:00,88.0,88.0,88.0,88.0,860.0
2024-09-04 09:44:00,88.11,88.11,88.11,88.11,202.0
2024-09-04 09:46:00,88.18,88.18,88.18,88.18,557.0
2024-09-04 09:48:00,88.15,88.15,88.15,88.15,270.0
2024-09-04 09:52:00,88.01,88.01,87.85,87.85,3344.0
2024-09-04 09:54:00,87.99,87.99,87.99,87.99,201.0
2024-09-04 09:56:00,87.95,88.0,87.95,88.0,781.0
2024-09-04 10:02:00,88.01,88.05,88.01,88.05,450.0
2024-09-04 10:04:00,88.07,88.07,88.0,88.0,1043.0
2024-09-04 10:06:00,88.0,88.0,87.91,87.92,1645.0
2024-09-04 10:08:00,87.9,87.9,87.81,87.81,2377.0
2024-09-04 10:10:00,87.8,87.8,87.79,87.79,409.0
2024-09-04 10:12:00,87.8,87.8,87.72,87.72,578.0
2024-09-04 10:16:00,87.8,87.8,87.8,87.8,200.0
2024-09-04 10:20:00,87.76,87.77,87.76,87.77,274.0
2024-09-04 10:22:00,87.73,87.73,87.73,87.73,571.0
2024-09-04 10:24:00,87.8,87.8,87.8,87.8,359.0
2024-09-04 10:26:00,87.85,87.85,87.85,87.85,402.0
2024-09-04 10:30:00,87.89,87.99,87.89,87.99,1101.0
2024-09-04 10:34:00,88.01,88.05,88.0,88.0,3180.0
2024-09-04 10:36:00,88.02,88.02,87.99,88.01,912.0
2024-09-04 10:38:00,87.98,88.0,87.95,87.95,2221.0
2024-09-04 10:40:00,87.9,87.9,87.9,87.9,260.0
2024-09-04 10:42:00,87.9,87.9,87.9,87.9,306.0
2024-09-04 10:44:00,87.89,87.94,87.89,87.94,1650.0
2024-09-04 10:46:00,87.9,87.91,87.9,87.9,1453.0
2024-09-04 10:48:00,87.9,87.9,87.9,87.9,1149.0
2024-09-04 10:52:00,87.91,88.0,87.83,87.83,3328.0
2024-09-04 11:00:00,87.74,87.76,87.7,87.7,3661.0
2024-09-04 11:02:00,87.63,87.63,87.3,87.3,11615.0
2024-09-04 11:04:00,87.39,87.4,87.3,87.4,3545.0
2024-09-04 11:06:00,87.36,87.59,87.36,87.59,3668.0
2024-09-04 11:08:00,87.59,87.6,87.59,87.6,733.0
2024-09-04 11:12:00,87.55,87.55,87.55,87.55,697.0
2024-09-04 11:14:00,87.55,87.6,87.5,87.5,2023.0
2024-09-04 11:16:00,87.5,87.5,87.5,87.5,999.0
2024-09-04 11:18:00,87.64,87.64,87.6,87.64,1046.0
2024-09-04 11:20:00,87.56,87.7,87.55,87.7,2465.0
2024-09-04 11:22:00,87.84,87.84,87.84,87.84,310.0
2024-09-04 11:24:00,87.7,87.72,87.7,87.72,1209.0
2024-09-04 11:26:00,87.66,87.73,87.51,87.73,4203.0
2024-09-04 11:28:00,87.73,87.73,87.69,87.69,468.0
2024-09-04 11:30:00,87.69,87.84,87.69,87.84,1954.0
2024-09-04 11:36:00,87.83,87.87,87.83,87.85,1104.0
2024-09-04 11:40:00,87.81,87.92,87.8,87.8,4587.0
2024-09-04 11:42:00,87.82,87.82,87.6,87.6,3741.0
2024-09-04 11:50:00,87.73,87.73,87.72,87.72,1701.0
2024-09-04 11:54:00,87.8,87.82,87.8,87.82,986.0
2024-09-04 11:56:00,87.82,87.82,87.82,87.82,205.0
2024-09-04 12:00:00,87.79,88.0,87.3,87.9,43406.0
2024-09-04 12:02:00,87.992,88.2,87.85,88.2,11925.0
2024-09-04 12:04:00,88.2,88.2,88.08,88.09,2828.0
2024-09-04 12:06:00,88.09,88.1585,88.02,88.11,6637.0
2024-09-04 12:08:00,88.16,88.16,88.1,88.1,4044.0
2024-09-04 12:10:00,88.19,88.19,88.06,88.1,408935.0
2024-09-04 12:12:00,88.1595,88.1595,88.1595,88.1595,227.0
2024-09-04 12:14:00,88.1892,88.1892,88.1892,88.1892,914.0
2024-09-04 12:16:00,88.07,88.1,87.97,88.0,10805.0
2024-09-04 12:18:00,88.0875,88.0875,88.0875,88.0875,790.0
2024-09-04 12:20:00,87.94,87.97,87.94,87.95,1146.0
2024-09-04 12:22:00,88.0,88.0,87.7,87.75,4987.0
2024-09-04 12:24:00,87.75,87.85,87.72,87.73,3143.0
2024-09-04 12:26:00,87.74,87.87,87.7,87.7,7759.0
2024-09-04 12:28:00,87.7,87.72,87.7,87.72,3373.0
2024-09-04 12:30:00,87.7694,87.9935,87.76,87.95,1380.0
2024-09-04 12:32:00,87.8,87.81,87.66,87.763,3040.0
2024-09-04 12:34:00,87.7,87.7,87.64,87.64,1688.0
2024-09-04 12:36:00,87.5732,87.738,87.44,87.44,4405.0
2024-09-04 12:38:00,87.4277,87.57,87.36,87.57,5733.0
2024-09-04 12:40:00,87.6,87.6,87.6,87.6,326.0
2024-09-04 12:42:00,87.77,87.9512,87.7,87.9512,4063.0
2024-09-04 12:44:00,87.99,88.0,87.99,88.0,2502.0
2024-09-04 12:46:00,88.0,88.1,88.0,88.1,3868.0
2024-09-04 12:48:00,88.1,88.2,88.1,88.19,3241.0
2024-09-04 12:50:00,88.1,88.19,87.95,87.95,4188.0
2024-09-04 12:52:00,87.96,88.1815,87.96,88.1815,3008.0
2024-09-04 12:54:00,88.17,88.19,88.17,88.18,1420.0
2024-09-04 12:56:00,88.19,88.28,88.02,88.28,9972.0
2024-09-04 12:58:00,88.24,88.3,88.24,88.3,3538.0
2024-09-04 13:00:00,88.36,88.38,88.2992,88.37,9891.0
2024-09-04 13:02:00,88.36,88.3782,88.3,88.36,3307.0
2024-09-04 13:04:00,88.22,88.32,88.16,88.29,17571.0
2024-09-04 13:06:00,88.24,88.24,88.2,88.24,1215.0
2024-09-04 13:08:00,88.26,88.2882,88.2,88.2,2148.0
2024-09-04 13:10:00,88.11,88.11,87.99,87.99,7210.0
2024-09-04 13:12:00,87.98,88.09,87.98,88.09,3359.0
2024-09-04 13:14:00,88.1199,88.1199,88.1199,88.1199,290.0
2024-09-04 13:16:00,88.0,88.06,87.751,87.93,3620.0
2024-09-04 13:18:00,87.94,87.99,87.86,87.86,5779.0
2024-09-04 13:20:00,88.0,88.0,87.99,87.99,545.0
2024-09-04 13:22:00,87.9207,87.99,87.92,87.92,1690.0
2024-09-04 13:24:00,87.85,87.87,87.8,87.8,3287.0
2024-09-04 13:26:00,88.0,88.39,87.83,88.28,10829.0
2024-09-04 13:28:00,88.34,88.47,88.2,88.47,5359.0
2024-09-04 13:30:00,88.36,88.75,87.81,88.39,537087.0
2024-09-04 13:32:00,88.39,89.01,88.36,88.81,181690.0
2024-09-04 13:34:00,88.82,89.11,88.71,88.775,187460.0
2024-09-04 13:36:00,88.775,88.99,88.46,88.6406,177157.0
2024-09-04 13:38:00,88.64,88.92,88.51,88.838,145423.0
2024-09-04 13:40:00,88.87,89.28,88.62,89.14,169000.0
2024-09-04 13:42:00,89.1381,89.458,89.1015,89.4,151159.0
2024-09-04 13:44:00,89.405,89.628,89.18,89.4906,163790.0
2024-09-04 13:46:00,89.56,89.8,89.4825,89.75,155089.0
2024-09-04 13:48:00,89.75,90.28,89.7,90.05,276356.0
2024-09-04 13:50:00,90.075,90.0802,89.73,89.905,138566.0
2024-09-04 13:52:00,89.9,89.9,89.57,89.75,164424.0
2024-09-04 13:54:00,89.75,89.93,89.64,89.685,108667.0
2024-09-04 13:56:00,89.685,89.88,89.53,89.535,87897.0
2024-09-04 13:58:00,89.56,89.9,89.5,89.6,139006.0
2024-09-04 14:00:00,89.6,89.635,88.35,88.94,246408.0
2024-09-04 14:02:00,88.89,89.41,88.87,89.24,209733.0
2024-09-04 14:04:00,89.23,89.255,88.54,88.555,131619.0
2024-09-04 14:06:00,88.57,89.14,88.45,89.106,117999.0
2024-09-04 14:08:00,89.095,89.28,88.925,89.08,111201.0
2024-09-04 14:10:00,89.075,89.48,89.02,89.24,155649.0
2024-09-04 14:12:00,89.255,89.37,88.76,88.9726,190594.0
2024-09-04 14:14:00,88.96,89.2965,88.86,89.26,144159.0
2024-09-04 14:16:00,89.245,89.34,88.72,88.73,93422.0
2024-09-04 14:18:00,88.8,88.98,88.65,88.72,175272.0
2024-09-04 14:20:00,88.71,88.93,88.61,88.67,67004.0
2024-09-04 14:22:00,88.64,89.13,88.64,88.83,90332.0
2024-09-04 14:24:00,88.85,89.0,88.75,88.82,69707.0
2024-09-04 14:26:00,88.81,89.1799,88.75,88.86,80156.0
2024-09-04 14:28:00,88.865,89.056,88.84,89.03,66418.0
2024-09-04 14:30:00,89.01,89.27,88.9,89.1247,84991.0
2024-09-04 14:32:00,89.095,89.36,89.018,89.32,80304.0
2024-09-04 14:34:00,89.31,89.65,89.29,89.61,101866.0
2024-09-04 14:36:00,89.635,89.67,89.41,89.63,65454.0
2024-09-04 14:38:00,89.63,89.95,89.605,89.76,92025.0
2024-09-04 14:40:00,89.75,90.0209,89.745,90.0209,106013.0
2024-09-04 14:42:00,90.01,90.01,89.71,89.87,82531.0
2024-09-04 14:44:00,89.86,90.04,89.8499,90.01,133611.0
2024-09-04 14:46:00,90.01,90.02,89.71,89.755,66204.0
2024-09-04 14:48:00,89.76,89.8,89.51,89.72,65106.0
2024-09-04 14:50:00,89.68,89.9194,89.66,89.88,65150.0
2024-09-04 14:52:00,89.89,90.0,89.825,89.8799,115541.0
2024-09-04 14:54:00,89.86,90.115,89.795,90.09,71961.0
2024-09-04 14:56:00,90.08,90.325,89.95,90.295,66123.0
2024-09-04 14:58:00,90.3,90.4,90.22,90.36,80147.0
2024-09-04 15:00:00,90.365,90.49,90.31,90.4299,103123.0
2024-09-04 15:02:00,90.42,90.61,90.36,90.54,101556.0
2024-09-04 15:04:00,90.54,90.705,90.49,90.63,101136.0
2024-09-04 15:06:00,90.64,90.73,90.38,90.42,82645.0
2024-09-04 15:08:00,90.41,90.4326,90.02,90.03,91574.0
2024-09-04 15:10:00,90.04,90.19,89.99,89.99,55783.0
2024-09-04 15:12:00,89.99,89.99,89.802,89.81,38271.0
2024-09-04 15:14:00,89.82,89.82,89.564,89.61,55078.0
2024-09-04 15:16:00,89.67,89.67,89.42,89.4324,77586.0
2024-09-04 15:18:00,89.435,89.6,89.435,89.5681,43138.0
2024-09-04 15:20:00,89.5631,89.7,89.44,89.49,59134.0
2024-09-04 15:22:00,89.425,89.47,89.3013,89.42,63075.0
2024-09-04 15:24:00,89.44,89.58,89.41,89.52,67695.0
2024-09-04 15:26:00,89.545,89.56,89.28,89.35,70791.0
2024-09-04 15:28:00,89.35,89.37,89.18,89.3,77953.0
2024-09-04 15:30:00,89.3,89.49,89.1592,89.47,72523.0
2024-09-04 15:32:00,89.45,89.48,89.27,89.45,54254.0
2024-09-04 15:34:00,89.4301,89.658,89.41,89.65,68520.0
2024-09-04 15:36:00,89.66,89.76,89.54,89.75,76763.0
2024-09-04 15:38:00,89.73,89.74,89.48,89.53,25562.0
2024-09-04 15:40:00,89.52,89.55,89.43,89.53,27095.0
2024-09-04 15:42:00,89.52,89.55,89.385,89.385,33029.0
2024-09-04 15:44:00,89.4,89.61,89.39,89.5943,35225.0
2024-09-04 15:46:00,89.6,89.78,89.56,89.71,30142.0
2024-09-04 15:48:00,89.7,89.7,89.58,89.6,28454.0
2024-09-04 15:50:00,89.5957,89.73,89.53,89.555,33316.0
2024-09-04 15:52:00,89.54,89.65,89.4901,89.61,36150.0
2024-09-04 15:54:00,89.59,89.75,89.5801,89.7197,31937.0
2024-09-04 15:56:00,89.69,89.69,89.36,89.41,49663.0
2024-09-04 15:58:00,89.4641,89.62,89.4641,89.52,22748.0
2024-09-04 16:00:00,89.53,89.55,89.38,89.475,30608.0
2024-09-04 16:02:00,89.49,89.49,89.355,89.49,27697.0
2024-09-04 16:04:00,89.49,89.54,89.4,89.514,30180.0
2024-09-04 16:06:00,89.5291,89.68,89.51,89.57,25509.0
2024-09-04 16:08:00,89.55,89.7995,89.5,89.79,37996.0
2024-09-04 16:10:00,89.79,89.9,89.74,89.755,42379.0
2024-09-04 16:12:00,89.73,89.74,89.63,89.68,23710.0
2024-09-04 16:14:00,89.67,89.87,89.62,89.86,17088.0
2024-09-04 16:16:00,89.864,90.25,89.8502,90.21,98455.0
2024-09-04 16:18:00,90.205,90.235,90.05,90.05,30417.0
2024-09-04 16:20:00,90.0545,90.23,90.0,90.15,31476.0
2024-09-04 16:22:00,90.15,90.22,90.06,90.08,18008.0
2024-09-04 16:24:00,90.11,90.23,90.1,90.2,42307.0
2024-09-04 16:26:00,90.22,90.3287,90.18,90.28,34948.0
2024-09-04 16:28:00,90.25,90.27,90.13,90.2225,29483.0
2024-09-04 16:30:00,90.2,90.29,90.175,90.245,37191.0
2024-09-04 16:32:00,90.245,90.34,90.21,90.32,43672.0
2024-09-04 16:34:00,90.335,90.47,90.3,90.44,46393.0
2024-09-04 16:36:00,90.44,90.45,90.3,90.36,30446.0
2024-09-04 16:38:00,90.365,90.44,90.315,90.3479,27979.0
2024-09-04 16:40:00,90.35,90.355,90.12,90.12,30558.0
2024-09-04 16:42:00,90.1475,90.205,90.02,90.05,26179.0
2024-09-04 16:44:00,90.03,90.07,89.91,90.0,47172.0
2024-09-04 16:46:00,89.995,89.995,89.78,89.93,34435.0
2024-09-04 16:48:00,89.91,90.04,89.91,89.9858,37398.0
2024-09-04 16:50:00,89.985,90.18,89.96,90.12,27915.0
2024-09-04 16:52:00,90.12,90.28,90.12,90.185,26283.0
2024-09-04 16:54:00,90.17,90.21,90.085,90.175,27101.0
2024-09-04 16:56:00,90.165,90.25,90.07,90.25,36357.0
2024-09-04 16:58:00,90.259,90.31,90.22,90.26,25044.0
2024-09-04 17:00:00,90.26,90.265,90.125,90.215,36905.0
2024-09-04 17:02:00,90.23,90.25,90.08,90.13,28941.0
2024-09-04 17:04:00,90.13,90.1815,90.04,90.16,21569.0
2024-09-04 17:06:00,90.17,90.265,90.1025,90.155,27968.0
2024-09-04 17:08:00,90.16,90.205,90.125,90.19,31602.0
2024-09-04 17:10:00,90.18,90.38,90.175,90.38,31167.0
2024-09-04 17:12:00,90.36,90.44,90.24,90.24,71893.0
2024-09-04 17:14:00,90.2,90.2307,90.06,90.22,34632.0
2024-09-04 17:16:00,90.22,90.265,90.11,90.25,16275.0
2024-09-04 17:18:00,90.26,90.3,90.13,90.24,27535.0
2024-09-04 17:20:00,90.21,90.36,90.21,90.32,124975.0
2024-09-04 17:22:00,90.3001,90.43,90.29,90.325,37177.0
2024-09-04 17:24:00,90.31,90.315,90.13,90.15,29179.0
2024-09-04 17:26:00,90.15,90.25,90.12,90.16,25662.0
2024-09-04 17:28:00,90.17,90.2681,90.11,90.12,42050.0
2024-09-04 17:30:00,90.115,90.115,89.98,90.02,61141.0
2024-09-04 17:32:00,90.04,90.11,89.96,90.045,27090.0
2024-09-04 17:34:00,90.055,90.166,90.02,90.1,23755.0
2024-09-04 17:36:00,90.11,90.23,90.06,90.21,26548.0
2024-09-04 17:38:00,90.19,90.19,90.02,90.05,26368.0
2024-09-04 17:40:00,90.06,90.16,90.04,90.07,24935.0
2024-09-04 17:42:00,90.07,90.07,89.94,90.015,33161.0
2024-09-04 17:44:00,90.0177,90.04,89.91,90.04,21079.0
2024-09-04 17:46:00,90.02,90.13,90.0,90.06,26151.0
2024-09-04 17:48:00,90.06,90.1099,89.9649,89.98,42131.0
2024-09-04 17:50:00,89.99,89.99,89.8644,89.9,20508.0
2024-09-04 17:52:00,89.92,89.93,89.785,89.845,49311.0
2024-09-04 17:54:00,89.85,89.97,89.85,89.87,40519.0
2024-09-04 17:56:00,89.86,89.95,89.86,89.88,15617.0
2024-09-04 17:58:00,89.865,89.88,89.75,89.7701,52111.0
2024-09-04 18:00:00,89.79,89.8696,89.73,89.78,25960.0
2024-09-04 18:02:00,89.78,89.8239,89.695,89.72,21488.0
2024-09-04 18:04:00,89.73,89.79,89.62,89.62,27491.0
2024-09-04 18:06:00,89.63,89.88,89.63,89.83,52589.0
2024-09-04 18:08:00,89.82,89.9,89.73,89.81,27161.0
2024-09-04 18:10:00,89.855,89.93,89.7,89.77,33791.0
2024-09-04 18:12:00,89.755,89.93,89.73,89.905,21908.0
2024-09-04 18:14:00,89.89,89.94,89.8,89.93,29189.0
2024-09-04 18:16:00,89.92,89.94,89.83,89.8621,30161.0
2024-09-04 18:18:00,89.84,89.84,89.61,89.64,38598.0
2024-09-04 18:20:00,89.647,89.69,89.56,89.6254,43820.0
2024-09-04 18:22:00,89.62,89.71,89.53,89.71,77825.0
2024-09-04 18:24:00,89.735,89.7932,89.63,89.73,35577.0
2024-09-04 18:26:00,89.72,89.83,89.71,89.76,32309.0
2024-09-04 18:28:00,89.77,89.85,89.74,89.82,31745.0
2024-09-04 18:30:00,89.81,89.88,89.75,89.76,43483.0
2024-09-04 18:32:00,89.79,89.84,89.47,89.52,48183.0
2024-09-04 18:34:00,89.5,89.58,89.37,89.4,56111.0
2024-09-04 18:36:00,89.4,89.49,89.27,89.28,44264.0
2024-09-04 18:38:00,89.295,89.3009,89.175,89.2,28347.0
2024-09-04 18:40:00,89.205,89.31,89.18,89.22,38793.0
2024-09-04 18:42:00,89.21,89.35,89.21,89.24,25662.0
2024-09-04 18:44:00,89.24,89.26,88.99,89.08,76034.0
2024-09-04 18:46:00,89.08,89.2,89.04,89.19,52584.0
2024-09-04 18:48:00,89.19,89.37,89.18,89.27,52538.0
2024-09-04 18:50:00,89.24,89.34,89.15,89.195,29884.0
2024-09-04 18:52:00,89.2,89.26,89.14,89.25,44128.0
2024-09-04 18:54:00,89.25,89.48,89.25,89.48,86494.0
2024-09-04 18:56:00,89.47,89.52,89.18,89.18,36861.0
2024-09-04 18:58:00,89.183,89.23,89.07,89.11,61936.0
2024-09-04 19:00:00,89.1,89.2,89.0075,89.19,79114.0
2024-09-04 19:02:00,89.19,89.2,89.05,89.06,34344.0
2024-09-04 19:04:00,89.0699,89.14,89.01,89.06,59538.0
2024-09-04 19:06:00,89.07,89.07,88.87,88.98,50480.0
2024-09-04 19:08:00,88.99,88.99,88.83,88.9,44386.0
2024-09-04 19:10:00,88.88,89.0,88.83,88.91,49097.0
2024-09-04 19:12:00,88.88,88.97,88.85,88.905,34950.0
2024-09-04 19:14:00,88.9,89.06,88.9,89.01,46832.0
2024-09-04 19:16:00,88.99,89.04,88.915,88.95,50117.0
2024-09-04 19:18:00,88.92,88.96,88.875,88.913,31161.0
2024-09-04 19:20:00,88.9,89.04,88.9,89.03,33043.0
2024-09-04 19:22:00,89.02,89.13,89.01,89.01,59019.0
2024-09-04 19:24:00,89.01,89.145,89.0,89.065,40672.0
2024-09-04 19:26:00,89.06,89.24,88.99,89.19,42078.0
2024-09-04 19:28:00,89.19,89.28,89.14,89.22,98222.0
2024-09-04 19:30:00,89.22,89.295,89.13,89.27,57607.0
2024-09-04 19:32:00,89.27,89.27,89.1101,89.14,69686.0
2024-09-04 19:34:00,89.14,89.14,89.01,89.04,65558.0
2024-09-04 19:36:00,89.02,89.14,88.98,89.07,76160.0
2024-09-04 19:38:00,89.08,89.16,89.02,89.095,89857.0
2024-09-04 19:40:00,89.0855,89.38,89.065,89.225,100018.0
2024-09-04 19:42:00,89.21,89.26,89.1,89.24,50758.0
2024-09-04 19:44:00,89.24,89.295,89.12,89.1301,86669.0
2024-09-04 19:46:00,89.14,89.24,89.07,89.155,97621.0
2024-09-04 19:48:00,89.145,89.22,89.095,89.2,74767.0
2024-09-04 19:50:00,89.23,89.5599,89.23,89.495,128602.0
2024-09-04 19:52:00,89.49,89.56,89.2,89.34,206223.0
2024-09-04 19:54:00,89.32,89.32,89.08,89.23,215605.0
2024-09-04 19:56:00,89.22,89.36,89.19,89.325,204906.0
2024-09-04 19:58:00,89.34,89.49,89.26,89.29,522410.0
2024-09-04 20:00:00,89.29,89.29,89.27,89.27,45809.0
2024-09-04 20:02:00,89.2,89.2,89.2,89.2,604.0
2024-09-04 20:04:00,89.24,89.29,89.24,89.29,2773.0
2024-09-04 20:06:00,89.25,89.25,89.2,89.25,762.0
2024-09-04 20:08:00,89.2,89.2,89.2,89.2,207.0
2024-09-04 20:12:00,89.18,89.18,89.18,89.18,100.0
2024-09-04 20:16:00,89.19,89.28,89.19,89.28,4147.0
2024-09-04 20:18:00,89.27,89.46,89.27,89.42,2731.0
2024-09-04 20:20:00,89.29,89.4685,89.29,89.4685,733.0
2024-09-04 20:22:00,89.4149,89.4149,89.4149,89.4149,163.0
2024-09-04 20:24:00,89.2194,89.2194,89.2194,89.2194,249.0
2024-09-04 20:26:00,89.2195,89.2195,89.19,89.19,648.0
2024-09-04 20:28:00,89.4608,89.4608,89.4608,89.4608,309.0
2024-09-04 20:36:00,89.29,89.29,89.29,89.29,391.0
2024-09-04 20:42:00,89.32,89.32,89.32,89.32,604.0
2024-09-04 20:44:00,89.4566,89.4566,89.4566,89.4566,495.0
2024-09-04 20:46:00,89.4341,89.4341,89.4341,89.4341,109.0
2024-09-04 20:48:00,89.29,89.31,89.29,89.31,111529.0
2024-09-04 20:50:00,89.31,89.31,89.31,89.31,406.0
2024-09-04 20:56:00,89.32,89.36,89.32,89.36,1627.0
2024-09-04 20:58:00,89.42,89.42,89.42,89.42,195.0
2024-09-04 21:00:00,89.42,89.43,89.42,89.43,1254.0
2024-09-04 21:06:00,89.29,89.47,89.29,89.47,5595.0
2024-09-04 21:12:00,89.4595,89.4595,89.4595,89.4595,420.0
2024-09-04 21:14:00,89.5,89.5,89.5,89.5,1220.0
2024-09-04 21:20:00,89.6,89.6,89.55,89.55,607.0
2024-09-04 21:22:00,89.55,89.55,89.55,89.55,259.0
2024-09-04 21:24:00,89.529,89.529,89.529,89.529,899.0
2024-09-04 21:26:00,89.53,89.53,89.53,89.53,160.0
2024-09-04 21:28:00,89.55,89.55,89.55,89.55,150.0
2024-09-04 21:32:00,89.64,89.64,89.64,89.64,243.0
2024-09-04 21:34:00,89.64,89.64,89.64,89.64,390.0
2024-09-04 21:36:00,89.67,89.67,89.67,89.67,479.0
2024-09-04 21:42:00,89.67,89.67,89.67,89.67,116.0
2024-09-04 21:52:00,89.5,89.5,89.5,89.5,101.0
2024-09-04 21:58:00,89.53,89.53,89.53,89.53,1011.0
2024-09-04 22:00:00,89.45,89.45,89.45,89.45,100.0
2024-09-04 22:06:00,89.56,89.56,89.56,89.56,162.0
2024-09-04 22:18:00,89.52,89.52,89.52,89.52,208.0
2024-09-04 22:24:00,89.4,89.4,89.4,89.4,121.0
2024-09-04 22:28:00,89.46,89.46,89.3101,89.3101,2309.0
2024-09-04 22:30:00,89.3112,89.3112,89.3112,89.3112,239.0
2024-09-04 22:32:00,89.36,89.36,89.36,89.36,163.0
2024-09-04 22:34:00,89.36,89.36,89.36,89.36,1032.0
2024-09-04 22:38:00,89.49,89.49,89.49,89.49,850.0
2024-09-04 22:40:00,89.4107,89.4107,89.4107,89.4107,1001.0
2024-09-04 22:42:00,89.44,89.44,89.44,89.44,1000.0
2024-09-04 22:48:00,89.4303,89.4303,89.4303,89.4303,608.0
2024-09-04 22:50:00,89.5,89.5,89.5,89.5,191.0
2024-09-04 22:52:00,89.4995,89.4995,89.4995,89.4995,203.0
2024-09-04 22:54:00,89.5,89.5,89.5,89.5,305.0
2024-09-04 22:56:00,89.55,89.55,89.55,89.55,160.0
2024-09-04 23:08:00,89.5,89.5,89.5,89.5,471.0
2024-09-04 23:14:00,89.32,89.32,89.32,89.32,438.0
2024-09-04 23:24:00,89.32,89.32,89.32,89.32,314.0
2024-09-04 23:26:00,89.3,89.31,89.3,89.3,498.0
2024-09-04 23:28:00,89.29,89.29,89.2038,89.2038,1373.0
2024-09-04 23:38:00,89.29,89.29,89.25,89.25,952.0
2024-09-04 23:40:00,89.2,89.2,89.2,89.2,380.0
2024-09-04 23:44:00,89.0076,89.0076,89.0076,89.0076,621.0
2024-09-04 23:48:00,89.25,89.25,89.25,89.25,534.0
2024-09-04 23:52:00,89.35,89.35,89.35,89.35,453.0
2024-09-04 23:56:00,89.35,89.35,89.35,89.35,305.0
2024-09-04 23:58:00,89.4,89.4,89.2692,89.2692,1411.0
2024-09-05 08:00:00,89.55,89.55,89.55,89.55,643.0
2024-09-05 08:02:00,89.56,89.56,89.53,89.53,1487.0
2024-09-05 08:04:00,89.54,89.62,89.54,89.59,1636.0
2024-09-05 08:12:00,89.63,89.64,89.63,89.64,1014.0
2024-09-05 08:26:00,89.7,89.7,89.7,89.7,175.0
2024-09-05 08:30:00,89.69,89.7,89.69,89.69,514.0
2024-09-05 08:50:00,89.57,89.57,89.55,89.55,1000.0
2024-09-05 09:00:00,89.53,89.53,89.53,89.53,628.0
2024-09-05 09:04:00,89.36,89.36,89.32,89.32,1467.0
2024-09-05 09:12:00,89.2,89.2,89.2,89.2,406.0
2024-09-05 09:16:00,89.2,89.2,89.2,89.2,600.0
2024-09-05 09:20:00,89.2,89.2,89.2,89.2,188.0
2024-09-05 09:24:00,89.03,89.03,89.03,89.03,309.0
2024-09-05 09:26:00,89.02,89.02,89.02,89.02,503.0
2024-09-05 09:30:00,88.97,88.97,88.97,88.97,100.0
2024-09-05 09:32:00,89.0,89.0,89.0,89.0,303.0
2024-09-05 09:34:00,89.0,89.01,89.0,89.01,801.0
2024-09-05 09:52:00,89.16,89.16,89.16,89.16,202.0
2024-09-05 10:04:00,89.1,89.18,89.1,89.18,543.0
2024-09-05 10:08:00,89.18,89.18,89.18,89.18,577.0
2024-09-05 10:10:00,89.25,89.25,89.25,89.25,192.0
2024-09-05 10:36:00,89.3,89.3,89.3,89.3,184.0
2024-09-05 10:38:00,89.31,89.48,89.3,89.48,2612.0
2024-09-05 11:08:00,89.25,89.25,89.25,89.25,110.0
2024-09-05 11:10:00,89.2,89.23,89.13,89.13,925.0
2024-09-05 11:16:00,89.35,89.35,89.35,89.35,500.0
2024-09-05 11:24:00,89.3,89.3,89.11,89.11,2359.0
2024-09-05 11:28:00,89.25,89.25,89.25,89.25,284.0
2024-09-05 11:30:00,89.3,89.3,89.3,89.3,653.0
2024-09-05 11:32:00,89.49,89.5,89.49,89.5,2202.0
2024-09-05 11:34:00,89.49,89.53,89.49,89.52,2000.0
2024-09-05 11:36:00,89.5,89.5,89.5,89.5,328.0
2024-09-05 11:38:00,89.5,89.5,89.5,89.5,162.0
2024-09-05 11:40:00,89.46,89.46,89.4,89.4,592.0
2024-09-05 11:42:00,89.39,89.39,89.3,89.3,1388.0
2024-09-05 11:44:00,89.32,89.32,89.31,89.31,508.0
2024-09-05 11:50:00,89.27,89.27,89.27,89.27,486.0
2024-09-05 11:54:00,89.26,89.3,89.25,89.3,384.0
2024-09-05 12:00:00,89.35,89.55,88.94,89.12,9053.0
2024-09-05 12:02:00,89.11,89.11,89.1,89.1,1926.0
2024-09-05 12:04:00,89.18,89.18,88.8434,88.8434,1696.0
2024-09-05 12:06:00,88.88,89.14,88.88,89.14,885.0
2024-09-05 12:08:00,89.0,89.0,88.95,88.95,476.0
2024-09-05 12:10:00,88.91,88.91,88.71,88.71,2353.0
2024-09-05 12:12:00,88.57,88.9893,88.53,88.88,2833.0
2024-09-05 12:14:00,88.92,88.92,88.9,88.9,2290.0
2024-09-05 12:16:00,88.93,88.93,88.55,88.55,1276.0
2024-09-05 12:18:00,88.5305,88.5305,88.25,88.27,3386.0
2024-09-05 12:20:00,88.6987,88.6987,88.0003,88.15,6898.0
2024-09-05 12:22:00,88.08,88.2,88.02,88.2,3090.0
2024-09-05 12:24:00,88.011,88.2387,88.011,88.2387,5293.0
2024-09-05 12:26:00,88.05,88.346,88.04,88.346,5064.0
2024-09-05 12:28:00,88.15,88.22,88.15,88.22,1260.0
2024-09-05 12:30:00,88.35,89.0,88.35,88.51,3323.0
2024-09-05 12:32:00,88.36,88.7,88.35,88.52,5812.0
2024-09-05 12:36:00,88.62,88.64,88.5,88.6087,7284.0
2024-09-05 12:38:00,88.4,88.47,88.251,88.251,3147.0
2024-09-05 12:40:00,88.43,88.61,88.16,88.19,3605.0
2024-09-05 12:42:00,88.111,88.32,88.111,88.32,1465.0
2024-09-05 12:44:00,88.47,88.55,88.45,88.45,2053.0
2024-09-05 12:46:00,88.4,88.5,88.4,88.5,1582.0
2024-09-05 12:48:00,88.49,88.86,88.49,88.86,7598.0
2024-09-05 12:50:00,88.62,88.62,88.43,88.43,4335.0
2024-09-05 12:52:00,88.39,88.5,88.39,88.5,3473.0
2024-09-05 12:56:00,88.7,88.7,88.7,88.7,681.0
2024-09-05 12:58:00,88.7,88.7,88.6,88.61,2373.0
2024-09-05 13:00:00,88.59,88.69,88.59,88.69,469.0
2024-09-05 13:02:00,88.74,88.74,88.74,88.74,842.0
2024-09-05 13:04:00,88.69,88.69,88.64,88.64,1237.0
2024-09-05 13:06:00,88.738,88.738,88.521,88.61,2822.0
2024-09-05 13:10:00,88.61,88.738,88.61,88.738,1103.0
2024-09-05 13:12:00,88.6138,88.72,88.6138,88.72,864.0
2024-09-05 13:14:00,88.7489,88.7489,88.73,88.73,3303.0
2024-09-05 13:20:00,88.5702,88.7,88.5702,88.7,876.0
2024-09-05 13:24:00,88.55,88.55,88.55,88.55,259.0
2024-09-05 13:26:00,88.39,88.39,88.15,88.2,3149.0
2024-09-05 13:28:00,88.1,88.1,88.0,88.08,3493.0
2024-09-05 13:30:00,88.1,88.36,87.76,87.77,309639.0
2024-09-05 13:32:00,87.81,88.65,87.76,88.265,139445.0
2024-09-05 13:34:00,88.31,88.6,88.07,88.5099,96468.0
2024-09-05 13:36:00,88.5,88.89,88.33,88.73,139185.0
2024-09-05 13:38:00,88.77,89.135,88.7399,88.865,168728.0
2024-09-05 13:40:00,88.87,89.05,88.7,88.915,127182.0
2024-09-05 13:42:00,88.93,89.04,88.7,88.75,65235.0
2024-09-05 13:44:00,88.73,89.2,88.72,89.07,138495.0
2024-09-05 13:46:00,89.04,89.45,89.035,89.2799,151976.0
2024-09-05 13:48:00,89.27,89.35,88.9,89.34,115113.0
2024-09-05 13:50:00,89.36,89.38,88.8701,88.9,63940.0
2024-09-05 13:52:00,88.91,89.28,88.84,89.075,94147.0
2024-09-05 13:54:00,89.065,89.2799,88.952,89.04,58666.0
2024-09-05 13:56:00,89.06,89.4199,89.01,89.1,60987.0
2024-09-05 13:58:00,89.134,89.4,89.12,89.32,56294.0
2024-09-05 14:00:00,89.36,90.01,89.32,89.82,156471.0
2024-09-05 14:02:00,89.8,89.857,89.63,89.65,66156.0
2024-09-05 14:04:00,89.68,89.94,89.65,89.88,73834.0
2024-09-05 14:06:00,89.88,90.14,89.85,89.88,97618.0
2024-09-05 14:08:00,89.89,90.01,89.6,89.7,94838.0
2024-09-05 14:10:00,89.69,89.73,89.25,89.38,69722.0
2024-09-05 14:12:00,89.3663,89.68,89.33,89.66,72874.0
2024-09-05 14:14:00,89.6967,89.6967,89.2802,89.38,44268.0
2024-09-05 14:16:00,89.45,90.01,89.45,89.99,81661.0
2024-09-05 14:18:00,89.99,90.15,89.945,90.04,80794.0
2024-09-05 14:20:00,90.075,90.5,90.075,90.45,87927.0
2024-09-05 14:22:00,90.46,90.635,90.43,90.585,70056.0
2024-09-05 14:24:00,90.59,90.68,90.5,90.52,70874.0
2024-09-05 14:26:00,90.5225,90.7,90.5225,90.6298,51288.0
2024-09-05 14:28:00,90.63,90.66,90.15,90.225,82467.0
2024-09-05 14:30:00,90.24,90.43,90.21,90.27,62836.0
2024-09-05 14:32:00,90.28,90.2861,90.06,90.11,76961.0
2024-09-05 14:34:00,90.08,90.3199,90.01,90.295,49188.0
2024-09-05 14:36:00,90.295,90.295,90.14,90.205,45183.0
2024-09-05 14:38:00,90.205,90.3,90.13,90.275,42944.0
2024-09-05 14:40:00,90.25,90.26,90.05,90.105,50668.0
2024-09-05 14:42:00,90.13,90.3,90.12,90.24,35211.0
2024-09-05 14:44:00,90.24,90.24,89.75,89.75,72616.0
2024-09-05 14:46:00,89.77,89.99,89.655,89.765,45942.0
2024-09-05 14:48:00,89.75,89.75,89.575,89.635,43898.0
2024-09-05 14:50:00,89.62,89.73,89.445,89.71,52515.0
2024-09-05 14:52:00,89.7,89.795,89.64,89.7,58611.0
2024-09-05 14:54:00,89.7,89.95,89.64,89.91,44307.0
2024-09-05 14:56:00,89.8901,90.03,89.84,89.94,35055.0
2024-09-05 14:58:00,89.95,90.07,89.66,89.72,66037.0
2024-09-05 15:00:00,89.73,89.86,89.34,89.42,70352.0
2024-09-05 15:02:00,89.4,89.5999,89.35,89.52,45107.0
2024-09-05 15:04:00,89.51,89.7,89.345,89.69,45050.0
2024-09-05 15:06:00,89.71,89.79,89.63,89.69,41876.0
2024-09-05 15:08:00,89.71,89.7994,89.66,89.67,22790.0
2024-09-05 15:10:00,89.695,89.7899,89.65,89.715,38540.0
2024-09-05 15:12:00,89.73,89.78,89.57,89.65,24278.0
2024-09-05 15:14:00,89.63,89.63,89.4,89.48,44280.0
2024-09-05 15:16:00,89.49,89.75,89.49,89.714,27847.0
2024-09-05 15:18:00,89.67,89.69,89.48,89.55,26850.0
2024-09-05 15:20:00,89.555,89.68,89.485,89.5,31962.0
2024-09-05 15:22:00,89.51,89.7,89.5,89.61,28980.0
2024-09-05 15:24:00,89.57,89.6,89.17,89.2224,72846.0
2024-09-05 15:26:00,89.18,89.3,89.04,89.15,34610.0
2024-09-05 15:28:00,89.16,89.24,88.92,88.995,50196.0
2024-09-05 15:30:00,88.98,89.11,88.93,88.95,57804.0
2024-09-05 15:32:00,88.9899,89.04,88.8,88.82,49122.0
2024-09-05 15:34:00,88.89,89.15,88.89,89.11,35725.0
2024-09-05 15:36:00,89.105,89.325,89.05,89.2971,34900.0
2024-09-05 15:38:00,89.29,89.36,89.24,89.29,32210.0
2024-09-05 15:40:00,89.315,89.47,89.26,89.41,32835.0
2024-09-05 15:42:00,89.41,89.4362,89.29,89.39,32231.0
2024-09-05 15:44:00,89.38,89.38,89.22,89.26,26152.0
2024-09-05 15:46:00,89.24,89.44,89.17,89.35,31360.0
2024-09-05 15:48:00,89.37,89.43,89.2,89.285,24280.0
2024-09-05 15:50:00,89.28,89.36,89.12,89.3194,70311.0
2024-09-05 15:52:00,89.29,89.38,89.19,89.19,19403.0
2024-09-05 15:54:00,89.19,89.29,89.12,89.13,29762.0
2024-09-05 15:56:00,89.15,89.24,89.04,89.15,38065.0
2024-09-05 15:58:00,89.14,89.14,88.98,89.07,36210.0
2024-09-05 16:00:00,89.065,89.25,89.01,89.2,44679.0
2024-09-05 16:02:00,89.24,89.505,89.2,89.47,63163.0
2024-09-05 16:04:00,89.475,89.5,89.32,89.48,25813.0
2024-09-05 16:06:00,89.46,89.565,89.42,89.55,19175.0
2024-09-05 16:08:00,89.615,89.66,89.53,89.58,27731.0
2024-09-05 16:10:00,89.6,89.605,89.425,89.45,28082.0
2024-09-05 16:12:00,89.42,89.45,89.24,89.35,26452.0
2024-09-05 16:14:00,89.37,89.535,89.37,89.45,19531.0
2024-09-05 16:16:00,89.45,89.475,89.365,89.42,21606.0
2024-09-05 16:18:00,89.4,89.62,89.395,89.58,33516.0
2024-09-05 16:20:00,89.56,89.59,89.53,89.58,19297.0
2024-09-05 16:22:00,89.63,89.83,89.62,89.79,24347.0
2024-09-05 16:24:00,89.785,89.96,89.69,89.89,48662.0
2024-09-05 16:26:00,89.885,89.92,89.79,89.81,26164.0
2024-09-05 16:28:00,89.81,89.9,89.775,89.79,41599.0
2024-09-05 16:30:00,89.805,89.81,89.68,89.73,29377.0
2024-09-05 16:32:00,89.7321,89.77,89.58,89.61,33523.0
2024-09-05 16:34:00,89.62,89.73,89.59,89.7,26392.0
2024-09-05 16:36:00,89.68,89.79,89.61,89.78,33265.0
2024-09-05 16:38:00,89.77,89.79,89.61,89.64,21635.0
2024-09-05 16:40:00,89.66,89.83,89.66,89.79,23140.0
2024-09-05 16:42:00,89.84,89.92,89.82,89.8854,22515.0
2024-09-05 16:44:00,89.8601,89.885,89.69,89.76,21005.0
2024-09-05 16:46:00,89.755,89.82,89.71,89.78,23776.0
2024-09-05 16:48:00,89.76,89.8,89.65,89.65,20085.0
2024-09-05 16:50:00,89.67,89.76,89.61,89.66,33980.0
2024-09-05 16:52:00,89.67,89.73,89.58,89.66,26513.0
2024-09-05 16:54:00,89.66,89.7668,89.59,89.7668,14100.0
2024-09-05 16:56:00,89.775,89.9,89.73,89.8701,22888.0
2024-09-05 16:58:00,89.9,89.9,89.7,89.71,23462.0
2024-09-05 17:00:00,89.7,89.82,89.67,89.775,15812.0
2024-09-05 17:02:00,89.75,89.79,89.6415,89.68,16778.0
2024-09-05 17:04:00,89.67,89.74,89.6578,89.705,13669.0
2024-09-05 17:06:00,89.715,89.73,89.49,89.53,33958.0
2024-09-05 17:08:00,89.55,89.71,89.55,89.62,14972.0
2024-09-05 17:10:00,89.638,89.7,89.595,89.68,14868.0
2024-09-05 17:12:00,89.71,89.75,89.62,89.64,23215.0
2024-09-05 17:14:00,89.645,89.73,89.57,89.635,22602.0
2024-09-05 17:16:00,89.61,89.65,89.55,89.61,16867.0
2024-09-05 17:18:00,89.61,89.78,89.59,89.755,25476.0
2024-09-05 17:20:00,89.74,89.78,89.7,89.755,20714.0
2024-09-05 17:22:00,89.75,89.81,89.665,89.74,31677.0
2024-09-05 17:24:00,89.735,89.78,89.695,89.71,18709.0
2024-09-05 17:26:00,89.71,89.77,89.65,89.665,22203.0
2024-09-05 17:28:00,89.66,89.68,89.484,89.49,22007.0
2024-09-05 17:30:00,89.46,89.68,89.46,89.68,18099.0
2024-09-05 17:32:00,89.67,89.67,89.55,89.63,23944.0
2024-09-05 17:34:00,89.62,89.84,89.61,89.83,43959.0
2024-09-05 17:36:00,89.82,90.11,89.8,90.1,52563.0
2024-09-05 17:38:00,90.1,90.16,89.94,90.005,48532.0
2024-09-05 17:40:00,90.0,90.22,90.0,90.22,38647.0
2024-09-05 17:42:00,90.21,90.22,90.07,90.16,31404.0
2024-09-05 17:44:00,90.13,90.36,90.13,90.3,59001.0
2024-09-05 17:46:00,90.3,90.54,90.29,90.43,61636.0
2024-09-05 17:48:00,90.41,90.49,90.32,90.45,47947.0
2024-09-05 17:50:00,90.45,90.45,90.26,90.33,63255.0
2024-09-05 17:52:00,90.31,90.37,90.24,90.27,34262.0
2024-09-05 17:54:00,90.26,90.33,90.17,90.31,42328.0
2024-09-05 17:56:00,90.3,90.34,90.23,90.29,27142.0
2024-09-05 17:58:00,90.31,90.38,90.24,90.335,40190.0
2024-09-05 18:00:00,90.34,90.435,90.22,90.2452,41657.0
2024-09-05 18:02:00,90.21,90.24,90.07,90.2,28830.0
2024-09-05 18:04:00,90.1825,90.195,90.085,90.085,29716.0
2024-09-05 18:06:00,90.14,90.16,90.1,90.12,28380.0
2024-09-05 18:08:00,90.14,90.18,90.05,90.12,29400.0
2024-09-05 18:10:00,90.1169,90.185,90.07,90.095,74154.0
2024-09-05 18:12:00,90.09,90.22,90.075,90.21,25422.0
2024-09-05 18:14:00,90.2,90.205,90.07,90.185,22866.0
2024-09-05 18:16:00,90.19,90.29,90.12,90.27,32546.0
2024-09-05 18:18:00,90.265,90.2924,90.2,90.24,37813.0
2024-09-05 18:20:00,90.2,90.32,90.19,90.19,33201.0
2024-09-05 18:22:00,90.23,90.26,90.1777,90.22,19531.0
2024-09-05 18:24:00,90.21,90.23,90.15,90.17,33779.0
2024-09-05 18:26:00,90.16,90.24,90.16,90.23,27059.0
2024-09-05 18:28:00,90.23,90.25,90.14,90.23,31192.0
2024-09-05 18:30:00,90.22,90.29,90.18,90.18,22818.0
2024-09-05 18:32:00,90.19,90.28,90.13,90.18,31446.0
2024-09-05 18:34:00,90.18,90.189,90.08,90.135,39927.0
2024-09-05 18:36:00,90.14,90.28,90.14,90.225,30125.0
2024-09-05 18:38:00,90.22,90.22,90.0509,90.06,43728.0
2024-09-05 18:40:00,90.07,90.1088,90.01,90.02,33292.0
2024-09-05 18:42:00,90.01,90.0462,89.925,89.97,39669.0
2024-09-05 18:44:00,89.97,90.035,89.96,90.035,26358.0
2024-09-05 18:46:00,90.04,90.09,89.98,90.08,26497.0
2024-09-05 18:48:00,90.08,90.09,90.025,90.05,21142.0
2024-09-05 18:50:00,90.05,90.31,90.04,90.24,53213.0
2024-09-05 18:52:00,90.22,90.22,89.961,90.06,45711.0
2024-09-05 18:54:00,90.07,90.08,89.97,89.9703,44022.0
2024-09-05 18:56:00,89.98,90.08,89.91,89.91,31874.0
2024-09-05 18:58:00,89.9,89.92,89.79,89.9,41948.0
2024-09-05 19:00:00,89.9,89.9,89.7,89.815,53765.0
2024-09-05 19:02:00,89.82,89.89,89.675,89.73,50584.0
2024-09-05 19:04:00,89.72,89.87,89.7028,89.79,22698.0
2024-09-05 19:06:00,89.81,89.845,89.74,89.79,36282.0
2024-09-05 19:08:00,89.79,89.83,89.7401,89.805,36038.0
2024-09-05 19:10:00,89.785,89.81,89.71,89.75,30129.0
2024-09-05 19:12:00,89.75,89.795,89.73,89.7487,40172.0
2024-09-05 19:14:00,89.755,89.77,89.27,89.46,74893.0
2024-09-05 19:16:00,89.465,89.49,89.37,89.48,68768.0
2024-09-05 19:18:00,89.5,89.5,89.41,89.44,42602.0
2024-09-05 19:20:00,89.44,89.48,89.35,89.35,59807.0
2024-09-05 19:22:00,89.36,89.5,89.36,89.455,43399.0
2024-09-05 19:24:00,89.455,89.51,89.44,89.45,41341.0
2024-09-05 19:26:00,89.46,89.555,89.45,89.48,39938.0
2024-09-05 19:28:00,89.48,89.6,89.45,89.53,63538.0
2024-09-05 19:30:00,89.535,89.595,89.482,89.59,47034.0
2024-09-05 19:32:00,89.62,89.7,89.56,89.59,93687.0
2024-09-05 19:34:00,89.59,89.63,89.51,89.585,61256.0
2024-09-05 19:36:00,89.59,89.59,89.425,89.425,113910.0
2024-09-05 19:38:00,89.42,89.42,89.23,89.285,58225.0
2024-09-05 19:40:00,89.28,89.37,89.16,89.2,88597.0
2024-09-05 19:42:00,89.2,89.24,89.06,89.08,116500.0
2024-09-05 19:44:00,89.07,89.165,89.0,89.11,75725.0
2024-09-05 19:46:00,89.1,89.19,88.905,88.95,88045.0
2024-09-05 19:48:00,88.95,89.11,88.9,89.06,79357.0
2024-09-05 19:50:00,89.08,89.17,88.76,88.83,142234.0
2024-09-05 19:52:00,88.83,88.98,88.8,88.88,115659.0
2024-09-05 19:54:00,88.88,89.11,88.88,89.07,169737.0
2024-09-05 19:56:00,89.08,89.29,89.08,89.2475,125617.0
2024-09-05 19:58:00,89.25,89.41,89.11,89.41,299595.0
2024-09-05 20:00:00,89.39,89.45,89.39,89.45,816623.0
2024-09-05 20:02:00,89.42,89.44,89.4,89.4,803.0
2024-09-05 20:06:00,89.45,89.47,89.42,89.47,825.0
2024-09-05 20:08:00,89.4,89.41,89.4,89.41,2270.0
2024-09-05 20:10:00,89.43,89.43,89.42,89.42,505.0
2024-09-05 20:12:00,89.4109,89.4699,89.39,89.4699,15425.0
2024-09-05 20:14:00,89.43,89.83,89.25,89.25,11707.0
2024-09-05 20:16:00,89.29,89.3,89.0,89.29,2862.0
2024-09-05 20:18:00,89.29,89.29,89.1,89.1,2205.0
2024-09-05 20:20:00,89.13,89.29,89.13,89.29,2820.0
2024-09-05 20:26:00,88.93,88.93,88.81,88.92,5630.0
2024-09-05 20:28:00,88.88,88.9,88.85,88.88,3071.0
2024-09-05 20:30:00,88.88,88.99,88.88,88.8828,1727.0
2024-09-05 20:32:00,89.0,89.0,88.78,88.78,4054.0
2024-09-05 20:34:00,88.65,88.82,88.65,88.82,5698.0
2024-09-05 20:36:00,88.95,88.95,88.95,88.95,1111.0
2024-09-05 20:38:00,88.7014,88.7014,88.7014,88.7014,354.0
2024-09-05 20:40:00,88.689,88.9495,88.689,88.9495,252.0
2024-09-05 20:42:00,88.95,88.99,88.95,88.98,1227.0
2024-09-05 20:44:00,89.0,89.0,89.0,89.0,2877.0
2024-09-05 20:48:00,89.07,89.07,88.91,88.98,1821.0
2024-09-05 20:50:00,88.95,88.95,88.91,88.91,1215.0
2024-09-05 20:52:00,88.91,88.91,88.91,88.91,546.0
2024-09-05 20:54:00,88.9,88.9,88.7,88.7,370.0
2024-09-05 20:56:00,88.85,88.85,88.85,88.85,257.0
2024-09-05 20:58:00,88.75,88.75,88.75,88.75,618.0
2024-09-05 21:04:00,88.87,88.87,88.87,88.87,244.0
2024-09-05 21:08:00,88.76,88.7825,88.76,88.7825,675.0
2024-09-05 21:16:00,88.929,88.929,88.8,88.8,649.0
2024-09-05 21:18:00,88.8,88.8,88.68,88.72,3635.0
2024-09-05 21:20:00,88.76,88.76,88.76,88.76,2326.0
2024-09-05 21:22:00,88.76,88.76,88.6505,88.6505,825.0
2024-09-05 21:24:00,88.7,88.7681,88.7,88.7681,342.0
2024-09-05 21:26:00,88.7,88.7,88.65,88.65,1010.0
2024-09-05 21:28:00,88.65,89.39,88.65,89.39,16730.0
2024-09-05 21:30:00,88.7999,88.8,88.7999,88.8,1845.0
2024-09-05 21:40:00,88.8,88.8,88.8,88.8,397.0
2024-09-05 21:42:00,88.96,88.96,88.96,88.96,595.0
2024-09-05 21:44:00,88.8012,88.97,88.8012,88.97,1303.0
2024-09-05 22:08:00,89.08,89.08,89.08,89.08,314.0
2024-09-05 22:12:00,88.97,88.97,88.97,88.97,315.0
2024-09-05 22:20:00,88.9721,88.9721,88.9705,88.9705,1036.0
2024-09-05 22:24:00,88.9802,88.9802,88.9802,88.9802,280.0
2024-09-05 23:02:00,89.2,89.2,89.15,89.15,1365.0
2024-09-05 23:04:00,89.15,89.15,89.15,89.15,357.0
2024-09-05 23:10:00,89.15,89.15,89.15,89.15,101.0
2024-09-05 23:12:00,89.0347,89.0347,89.0347,89.0347,121.0
2024-09-05 23:26:00,89.05,89.05,89.05,89.05,302.0
2024-09-05 23:28:00,89.09,89.15,89.09,89.15,602.0
2024-09-05 23:32:00,89.13,89.13,89.13,89.13,585.0
2024-09-05 23:36:00,89.15,89.2,89.15,89.2,1718.0
2024-09-05 23:38:00,89.0,89.0,89.0,89.0,15025.0
2024-09-05 23:40:00,89.2667,89.2667,89.2667,89.2667,110.0
2024-09-05 23:44:00,89.1999,89.1999,89.1999,89.1999,110.0
2024-09-05 23:48:00,89.25,89.25,89.25,89.25,100.0
2024-09-05 23:50:00,89.2787,89.2787,89.2787,89.2787,300.0
2024-09-05 23:52:00,89.0091,89.04,89.0091,89.04,4190.0
2024-09-05 23:54:00,89.23,89.23,89.17,89.17,351.0
2024-09-05 23:58:00,89.22,89.2747,89.0109,89.0109,721.0
2024-09-06 08:06:00,88.32,88.32,88.32,88.32,693.0
2024-09-06 08:10:00,88.21,88.39,88.21,88.39,1602.0
2024-09-06 08:16:00,88.23,88.23,88.21,88.21,1032.0
2024-09-06 08:18:00,88.2,88.2,88.2,88.2,710.0
2024-09-06 08:24:00,88.19,88.19,88.14,88.15,1662.0
2024-09-06 08:34:00,88.2,88.2,88.2,88.2,304.0
2024-09-06 08:44:00,88.0,88.0,88.0,88.0,952.0
2024-09-06 08:46:00,87.8,87.8,87.7,87.7,1165.0
2024-09-06 08:48:00,87.5,87.5,87.5,87.5,1364.0
2024-09-06 08:50:00,87.5,87.5,87.49,87.5,957.0
2024-09-06 08:52:00,87.49,87.5,87.4,87.4,2049.0
2024-09-06 08:56:00,87.33,87.33,87.33,87.33,1148.0
2024-09-06 09:08:00,87.72,87.72,87.72,87.72,201.0
2024-09-06 09:10:00,87.67,87.77,87.65,87.77,2071.0
2024-09-06 09:16:00,87.67,87.74,87.67,87.74,1280.0
2024-09-06 09:20:00,87.71,87.71,87.71,87.71,532.0
2024-09-06 09:22:00,87.83,87.84,87.83,87.84,741.0
2024-09-06 09:26:00,87.83,87.83,87.83,87.83,309.0
2024-09-06 09:40:00,87.76,87.76,87.71,87.71,1751.0
2024-09-06 09:42:00,87.87,87.88,87.87,87.87,494.0
2024-09-06 09:46:00,87.97,87.97,87.97,87.97,852.0
2024-09-06 09:48:00,88.0,88.0,88.0,88.0,1261.0
2024-09-06 09:52:00,88.13,88.13,88.13,88.13,860.0
2024-09-06 10:04:00,87.96,87.96,87.96,87.96,525.0
2024-09-06 10:10:00,87.95,87.95,87.95,87.95,484.0
2024-09-06 10:14:00,87.84,87.84,87.84,87.84,150.0
2024-09-06 10:22:00,87.94,88.0,87.94,88.0,1522.0
2024-09-06 10:24:00,87.9,87.9,87.9,87.9,219.0
2024-09-06 10:26:00,87.95,87.95,87.95,87.95,100.0
2024-09-06 10:28:00,88.05,88.05,88.05,88.05,681.0
2024-09-06 10:32:00,88.05,88.05,88.05,88.05,250.0
2024-09-06 10:58:00,87.98,87.99,87.98,87.99,955.0
2024-09-06 11:00:00,87.99,88.03,87.94,88.0,4987.0
2024-09-06 11:02:00,87.95,87.95,87.95,87.95,943.0
2024-09-06 11:04:00,88.0,88.0,88.0,88.0,203.0
2024-09-06 11:06:00,88.0,88.04,87.99,88.04,1825.0
2024-09-06 11:08:00,88.0,88.0,88.0,88.0,241.0
2024-09-06 11:12:00,88.0,88.11,88.0,88.07,902.0
2024-09-06 11:14:00,88.1,88.1,88.1,88.1,250.0
2024-09-06 11:20:00,88.09,88.09,88.09,88.09,1087.0
2024-09-06 11:22:00,88.18,88.21,88.17,88.21,3957.0
2024-09-06 11:24:00,88.26,88.26,88.2,88.2,875.0
2024-09-06 11:28:00,88.2,88.2,88.2,88.2,1151.0
2024-09-06 11:30:00,88.13,88.13,88.1,88.1,2255.0
2024-09-06 11:32:00,88.19,88.19,88.19,88.19,206.0
2024-09-06 11:36:00,88.09,88.1,88.01,88.01,2423.0
2024-09-06 11:40:00,88.02,88.02,88.02,88.02,420.0
2024-09-06 11:48:00,88.05,88.05,88.05,88.05,400.0
2024-09-06 11:50:00,88.01,88.01,88.0,88.01,2297.0
2024-09-06 11:52:00,87.95,87.95,87.95,87.95,993.0
2024-09-06 11:56:00,88.12,88.12,88.0,88.0,2060.0
2024-09-06 11:58:00,88.05,88.06,88.05,88.06,1240.0
2024-09-06 12:00:00,87.9,88.95,87.67,88.7,86207.0
2024-09-06 12:02:00,88.1,88.1,88.0,88.0,1277.0
2024-09-06 12:04:00,88.167,88.167,88.07,88.1099,985.0
2024-09-06 12:06:00,88.11,88.11,88.07,88.07,1981.0
2024-09-06 12:10:00,87.93,87.93,87.858,87.858,1004.0
2024-09-06 12:12:00,87.85,87.9879,87.76,87.9,6593.0
2024-09-06 12:14:00,87.76,87.84,87.7001,87.7001,5117.0
2024-09-06 12:16:00,87.79,87.9,87.74,87.85,5441.0
2024-09-06 12:18:00,87.94,87.94,87.94,87.94,255.0
2024-09-06 12:20:00,87.8525,87.86,87.8,87.8,2750.0
2024-09-06 12:22:00,87.86,87.93,87.845,87.93,2789.0
2024-09-06 12:24:00,87.93,87.98,87.68,87.7,7313.0
2024-09-06 12:26:00,87.76,88.04,87.76,87.94,3628.0
2024-09-06 12:28:00,87.92,88.0,87.78,87.78,3634.0
2024-09-06 12:30:00,87.77,88.85,87.27,87.99,33649.0
2024-09-06 12:32:00,88.0,88.358,87.9,88.358,5505.0
2024-09-06 12:34:00,88.17,88.8,88.17,88.74,11058.0
2024-09-06 12:36:00,88.8,89.3,88.75,89.2,28130.0
2024-09-06 12:38:00,89.1995,89.1995,88.9,88.9,6102.0
2024-09-06 12:40:00,89.0975,89.0975,88.7,88.7799,5305.0
2024-09-06 12:42:00,88.77,88.78,88.3202,88.3202,5344.0
2024-09-06 12:44:00,88.5,88.84,88.25,88.84,6718.0
2024-09-06 12:46:00,88.57,89.21,88.57,89.21,15298.0
2024-09-06 12:48:00,89.2,89.2898,88.8026,89.22,6091.0
2024-09-06 12:50:00,89.29,89.44,89.11,89.29,6687.0
2024-09-06 12:52:00,89.39,89.7657,89.39,89.4,9932.0
2024-09-06 12:54:00,89.405,89.59,89.4,89.59,8387.0
2024-09-06 12:56:00,89.5736,89.5736,89.57,89.57,817.0
2024-09-06 12:58:00,89.53,89.64,89.53,89.64,1973.0
2024-09-06 13:00:00,89.6,89.71,89.59,89.71,11631.0
2024-09-06 13:02:00,89.73,89.85,89.57,89.8,19060.0
2024-09-06 13:04:00,89.614,90.0,89.6,89.8599,14198.0
2024-09-06 13:06:00,89.71,89.84,89.7,89.8,3765.0
2024-09-06 13:08:00,89.83,89.92,89.72,89.9,16434.0
2024-09-06 13:10:00,89.906,90.09,89.9,90.02,5761.0
2024-09-06 13:12:00,90.1,90.15,90.0,90.15,6550.0
2024-09-06 13:14:00,90.1,90.15,90.0,90.09,7648.0
2024-09-06 13:16:00,90.11,90.2,89.99,90.0,21198.0
2024-09-06 13:18:00,90.0,90.0,89.93,89.94,31841.0
2024-09-06 13:20:00,89.93,89.98,89.75,89.98,28822.0
2024-09-06 13:22:00,90.12,90.2,89.94,90.2,9986.0
2024-09-06 13:24:00,90.1,90.1,89.97,89.99,7119.0
2024-09-06 13:26:00,89.97,90.05,89.8,89.8,27611.0
2024-09-06 13:28:00,89.68,89.8,89.38,89.38,30175.0
2024-09-06 13:30:00,89.37,89.65,88.965,89.08,428472.0
2024-09-06 13:32:00,89.11,89.23,88.37,88.415,177737.0
2024-09-06 13:34:00,88.415,88.84,88.21,88.805,259890.0
2024-09-06 13:36:00,88.89,89.31,87.91,87.97,251880.0
2024-09-06 13:38:00,87.98,88.1,87.62,87.72,167893.0
2024-09-06 13:40:00,87.75,88.045,87.18,87.5438,199702.0
2024-09-06 13:42:00,87.5225,88.27,87.52,88.09,95049.0
2024-09-06 13:44:00,88.095,88.18,87.83,87.9175,126033.0
2024-09-06 13:46:00,87.895,88.0951,87.55,88.04,152065.0
2024-09-06 13:48:00,88.0,88.19,87.637,87.65,119919.0
2024-09-06 13:50:00,87.64,87.73,87.4,87.5,83966.0
2024-09-06 13:52:00,87.53,87.6499,87.4,87.48,99612.0
2024-09-06 13:54:00,87.485,87.49,87.18,87.275,119852.0
2024-09-06 13:56:00,87.27,87.52,86.95,87.36,186610.0
2024-09-06 13:58:00,87.365,87.44,86.78,86.83,130418.0
2024-09-06 14:00:00,86.86,86.87,86.43,86.78,237247.0
2024-09-06 14:02:00,86.77,86.86,86.45,86.73,224223.0
2024-09-06 14:04:00,86.7,86.92,86.66,86.77,187070.0
2024-09-06 14:06:00,86.76,87.12,86.58,87.035,234293.0
2024-09-06 14:08:00,87.05,87.29,86.9501,87.11,110821.0
2024-09-06 14:10:00,87.12,87.3,86.86,86.93,150629.0
2024-09-06 14:12:00,86.92,86.9433,86.57,86.6942,102899.0
2024-09-06 14:14:00,86.7078,87.1,86.68,86.9,101416.0
2024-09-06 14:16:00,86.87,86.93,86.71,86.74,181069.0
2024-09-06 14:18:00,86.73,87.06,86.63,87.045,164841.0
2024-09-06 14:20:00,87.045,87.25,86.85,86.9,79916.0
2024-09-06 14:22:00,86.89,87.205,86.8,87.12,89695.0
2024-09-06 14:24:00,87.14,87.15,86.57,86.655,92015.0
2024-09-06 14:26:00,86.65,86.79,86.48,86.75,94875.0
2024-09-06 14:28:00,86.725,86.82,86.42,86.44,81312.0
2024-09-06 14:30:00,86.43,86.78,86.32,86.72,153653.0
2024-09-06 14:32:00,86.75,86.95,86.475,86.5538,102338.0
2024-09-06 14:34:00,86.59,86.5953,86.18,86.32,150753.0
2024-09-06 14:36:00,86.35,86.48,86.17,86.32,124488.0
2024-09-06 14:38:00,86.32,86.59,86.2889,86.4842,94112.0
2024-09-06 14:40:00,86.44,86.45,86.04,86.05,119510.0
2024-09-06 14:42:00,86.09,86.21,86.0,86.13,157915.0
2024-09-06 14:44:00,86.15,86.15,85.94,86.06,210213.0
2024-09-06 14:46:00,86.05,86.14,85.95,86.0736,119153.0
2024-09-06 14:48:00,86.0815,86.165,85.93,85.94,89669.0
2024-09-06 14:50:00,85.94,86.08,85.88,85.91,98573.0
2024-09-06 14:52:00,85.92,86.0699,85.82,85.9,110569.0
2024-09-06 14:54:00,85.875,85.935,85.6,85.64,160525.0
2024-09-06 14:56:00,85.67,85.7299,85.4,85.47,193459.0
2024-09-06 14:58:00,85.455,85.83,85.42,85.775,259208.0
2024-09-06 15:00:00,85.78,86.78,85.76,86.635,197335.0
2024-09-06 15:02:00,86.625,86.76,86.41,86.53,104188.0
2024-09-06 15:04:00,86.59,86.625,86.08,86.17,93094.0
2024-09-06 15:06:00,86.245,86.54,86.18,86.35,65276.0
2024-09-06 15:08:00,86.345,86.39,86.07,86.215,73380.0
2024-09-06 15:10:00,86.23,86.34,86.15,86.27,73323.0
2024-09-06 15:12:00,86.285,86.375,86.11,86.2,83438.0
2024-09-06 15:14:00,86.25,86.44,86.25,86.39,56354.0
2024-09-06 15:16:00,86.345,86.42,86.09,86.255,62570.0
2024-09-06 15:18:00,86.27,86.34,85.88,86.04,175681.0
2024-09-06 15:20:00,86.07,86.24,85.94,86.12,87300.0
2024-09-06 15:22:00,86.13,86.3,86.01,86.29,93670.0
2024-09-06 15:24:00,86.28,86.34,86.1252,86.18,96891.0
2024-09-06 15:26:00,86.18,86.3,86.12,86.22,63577.0
2024-09-06 15:28:00,86.22,86.29,86.03,86.135,96758.0
2024-09-06 15:30:00,86.15,86.3,86.12,86.16,86824.0
2024-09-06 15:32:00,86.145,86.28,86.1,86.25,95696.0
2024-09-06 15:34:00,86.24,86.24,85.98,86.05,98253.0
2024-09-06 15:36:00,86.04,86.2,85.99,86.1,82290.0
2024-09-06 15:38:00,86.1,86.1,85.94,86.025,89748.0
2024-09-06 15:40:00,86.01,86.05,85.842,85.87,63763.0
2024-09-06 15:42:00,85.86,85.89,85.72,85.8399,62902.0
2024-09-06 15:44:00,85.84,85.97,85.54,85.62,172075.0
2024-09-06 15:46:00,85.68,85.69,85.47,85.52,95671.0
2024-09-06 15:48:00,85.51,85.64,85.4615,85.61,90737.0
2024-09-06 15:50:00,85.61,85.62,85.31,85.37,92838.0
2024-09-06 15:52:00,85.37,85.44,85.2876,85.31,103025.0
2024-09-06 15:54:00,85.31,85.76,85.28,85.67,70760.0
2024-09-06 15:56:00,85.69,85.715,85.56,85.59,75542.0
2024-09-06 15:58:00,85.6253,85.71,85.55,85.57,54361.0
2024-09-06 16:00:00,85.55,85.915,85.55,85.91,78956.0
2024-09-06 16:02:00,85.91,85.93,85.69,85.81,68918.0
2024-09-06 16:04:00,85.8,85.88,85.72,85.74,60164.0
2024-09-06 16:06:00,85.76,85.84,85.69,85.7327,87809.0
2024-09-06 16:08:00,85.72,85.7399,85.55,85.65,64136.0
2024-09-06 16:10:00,85.655,85.655,85.43,85.48,85136.0
2024-09-06 16:12:00,85.49,85.61,85.44,85.44,58617.0
2024-09-06 16:14:00,85.48,85.54,85.33,85.3499,48502.0
2024-09-06 16:16:00,85.33,85.47,85.3,85.435,48664.0
2024-09-06 16:18:00,85.435,85.47,85.32,85.415,87437.0
2024-09-06 16:20:00,85.42,85.4393,85.305,85.38,58234.0
2024-09-06 16:22:00,85.38,85.57,85.38,85.5,50656.0
2024-09-06 16:24:00,85.49,85.57,85.43,85.57,53401.0
2024-09-06 16:26:00,85.55,85.61,85.38,85.38,38007.0
2024-09-06 16:28:00,85.4,85.41,85.33,85.34,46299.0
2024-09-06 16:30:00,85.335,85.4191,85.27,85.33,61342.0
2024-09-06 16:32:00,85.32,85.5,85.26,85.5,63840.0
2024-09-06 16:34:00,85.5,85.77,85.485,85.6757,104845.0
2024-09-06 16:36:00,85.66,85.76,85.62,85.68,106728.0
2024-09-06 16:38:00,85.7,85.74,85.54,85.5701,47061.0
2024-09-06 16:40:00,85.57,85.6,85.45,85.47,45838.0
2024-09-06 16:42:00,85.4799,85.7575,85.46,85.68,67148.0
2024-09-06 16:44:00,85.655,85.7,85.53,85.57,76939.0
2024-09-06 16:46:00,85.585,85.59,85.45,85.5,37540.0
2024-09-06 16:48:00,85.49,85.5,85.35,85.43,55536.0
2024-09-06 16:50:00,85.43,85.45,85.29,85.32,44869.0
2024-09-06 16:52:00,85.325,85.43,85.3101,85.37,41750.0
2024-09-06 16:54:00,85.36,85.4206,85.3301,85.39,30130.0
2024-09-06 16:56:00,85.395,85.4047,85.31,85.348,41524.0
2024-09-06 16:58:00,85.34,85.6,85.34,85.5054,57455.0
2024-09-06 17:00:00,85.49,85.49,85.26,85.375,82156.0
2024-09-06 17:02:00,85.365,85.57,85.35,85.545,39721.0
2024-09-06 17:04:00,85.56,85.6125,85.51,85.61,45773.0
2024-09-06 17:06:00,85.6,85.79,85.56,85.77,56179.0
2024-09-06 17:08:00,85.74,86.06,85.7,85.97,85029.0
2024-09-06 17:10:00,85.97,86.055,85.94,86.055,33857.0
2024-09-06 17:12:00,86.0503,86.09,85.94,86.07,57240.0
2024-09-06 17:14:00,86.07,86.18,86.065,86.1,60176.0
2024-09-06 17:16:00,86.1001,86.25,86.05,86.205,57727.0
2024-09-06 17:18:00,86.2,86.24,86.1,86.165,45785.0
2024-09-06 17:20:00,86.14,86.4,86.14,86.33,62798.0
2024-09-06 17:22:00,86.35,86.58,86.35,86.5,110148.0
2024-09-06 17:24:00,86.47,86.48,86.35,86.444,85948.0
2024-09-06 17:26:00,86.442,86.52,86.23,86.27,59273.0
2024-09-06 17:28:00,86.27,86.275,86.06,86.1,46480.0
2024-09-06 17:30:00,86.09,86.21,86.03,86.19,36167.0
2024-09-06 17:32:00,86.17,86.2,86.0206,86.06,30463.0
2024-09-06 17:34:00,86.05,86.13,86.01,86.01,28051.0
2024-09-06 17:36:00,86.03,86.05,85.85,85.94,48556.0
2024-09-06 17:38:00,85.94,86.14,85.94,86.08,47929.0
2024-09-06 17:40:00,86.07,86.08,85.97,86.03,24709.0
2024-09-06 17:42:00,86.025,86.08,85.84,85.885,25514.0
2024-09-06 17:44:00,85.87,85.905,85.8,85.85,28370.0
2024-09-06 17:46:00,85.85,85.92,85.78,85.92,25998.0
2024-09-06 17:48:00,85.92,85.95,85.87,85.92,30126.0
2024-09-06 17:50:00,85.92,85.95,85.84,85.85,37163.0
2024-09-06 17:52:00,85.839,86.05,85.83,86.0,61160.0
2024-09-06 17:54:00,86.02,86.32,86.0,86.23,61212.0
2024-09-06 17:56:00,86.21,86.32,86.15,86.15,53612.0
2024-09-06 17:58:00,86.18,86.3,86.17,86.255,41943.0
2024-09-06 18:00:00,86.28,86.37,86.21,86.26,60592.0
2024-09-06 18:02:00,86.27,86.29,86.06,86.09,49279.0
2024-09-06 18:04:00,86.09,86.1899,86.015,86.02,36974.0
2024-09-06 18:06:00,86.05,86.11,86.04,86.06,28983.0
2024-09-06 18:08:00,86.05,86.1,85.99,86.09,38043.0
2024-09-06 18:10:00,86.08,86.27,86.07,86.23,48452.0
2024-09-06 18:12:00,86.2321,86.28,86.16,86.16,40695.0
2024-09-06 18:14:00,86.13,86.25,86.11,86.11,55778.0
2024-09-06 18:16:00,86.1,86.13,86.01,86.105,81563.0
2024-09-06 18:18:00,86.09,86.11,85.97,86.01,43652.0
2024-09-06 18:20:00,86.01,86.19,86.01,86.07,42662.0
2024-09-06 18:22:00,86.1,86.17,86.01,86.0187,26607.0
2024-09-06 18:24:00,86.02,86.1,85.97,86.05,45049.0
2024-09-06 18:26:00,86.05,86.07,85.9,86.0,43653.0
2024-09-06 18:28:00,86.02,86.17,85.99,86.1392,42980.0
2024-09-06 18:30:00,86.13,86.19,86.01,86.175,60511.0
2024-09-06 18:32:00,86.17,86.21,86.04,86.07,32252.0
2024-09-06 18:34:00,86.06,86.08,86.0,86.04,31508.0
2024-09-06 18:36:00,86.06,86.17,86.06,86.15,33367.0
2024-09-06 18:38:00,86.17,86.18,86.08,86.08,49109.0
2024-09-06 18:40:00,86.09,86.18,86.03,86.155,120598.0
2024-09-06 18:42:00,86.15,86.26,86.1062,86.2,43800.0
2024-09-06 18:44:00,86.2,86.33,86.18,86.21,49905.0
2024-09-06 18:46:00,86.22,86.25,86.17,86.21,32453.0
2024-09-06 18:48:00,86.2,86.24,86.13,86.23,38111.0
2024-09-06 18:50:00,86.24,86.28,86.17,86.19,35278.0
2024-09-06 18:52:00,86.19,86.34,86.14,86.31,37970.0
2024-09-06 18:54:00,86.31,86.5,86.25,86.47,47372.0
2024-09-06 18:56:00,86.475,86.52,86.325,86.33,57279.0
2024-09-06 18:58:00,86.31,86.38,86.23,86.37,55153.0
2024-09-06 19:00:00,86.36,86.53,86.35,86.47,51675.0
2024-09-06 19:02:00,86.46,86.58,86.43,86.47,50731.0
2024-09-06 19:04:00,86.49,86.75,86.49,86.735,65160.0
2024-09-06 19:06:00,86.72,86.72,86.4976,86.655,71072.0
2024-09-06 19:08:00,86.66,86.72,86.545,86.63,62544.0
2024-09-06 19:10:00,86.64,86.75,86.57,86.75,61631.0
2024-09-06 19:12:00,86.74,86.79,86.53,86.6,82307.0
2024-09-06 19:14:00,86.615,86.655,86.53,86.6401,59357.0
2024-09-06 19:16:00,86.65,86.7896,86.59,86.72,133155.0
2024-09-06 19:18:00,86.71,86.7424,86.63,86.66,54074.0
2024-09-06 19:20:00,86.66,86.855,86.64,86.81,78515.0
2024-09-06 19:22:00,86.82,86.85,86.55,86.75,74506.0
2024-09-06 19:24:00,86.75,86.86,86.66,86.78,63224.0
2024-09-06 19:26:00,86.785,87.0222,86.76,86.87,129737.0
2024-09-06 19:28:00,86.845,86.9599,86.75,86.79,58590.0
2024-09-06 19:30:00,86.76,86.765,86.59,86.63,68843.0
2024-09-06 19:32:00,86.6226,86.72,86.5973,86.62,47402.0
2024-09-06 19:34:00,86.64,86.695,86.6,86.625,77619.0
2024-09-06 19:36:00,86.631,86.66,86.31,86.38,77778.0
2024-09-06 19:38:00,86.385,86.519,86.38,86.47,44558.0
2024-09-06 19:40:00,86.47,86.64,86.425,86.57,63909.0
2024-09-06 19:42:00,86.56,86.56,86.36,86.375,67246.0
2024-09-06 19:44:00,86.375,86.48,86.29,86.389,78983.0
2024-09-06 19:46:00,86.39,86.46,86.25,86.28,114593.0
2024-09-06 19:48:00,86.29,86.52,86.24,86.47,114473.0
2024-09-06 19:50:00,86.47,86.72,86.27,86.3,165461.0
2024-09-06 19:52:00,86.295,86.361,86.19,86.25,141361.0
2024-09-06 19:54:00,86.255,86.35,86.065,86.19,229646.0
2024-09-06 19:56:00,86.195,86.35,86.16,86.34,201956.0
2024-09-06 19:58:00,86.34,86.41,86.27,86.38,574451.0
2024-09-06 20:00:00,86.38,86.38,86.26,86.26,207290.0
2024-09-06 20:02:00,86.25,86.25,86.15,86.17,6969.0
2024-09-06 20:04:00,86.16,86.38,86.15,86.38,18499.0
2024-09-06 20:08:00,86.33,86.33,86.33,86.33,895.0
2024-09-06 20:10:00,86.29,86.31,86.28,86.31,4842.0
2024-09-06 20:12:00,86.31,86.37,86.31,86.36,605.0
2024-09-06 20:14:00,86.28,86.3599,86.28,86.3599,2599.0
2024-09-06 20:16:00,86.3275,86.3275,86.3275,86.3275,219.0
2024-09-06 20:18:00,86.35,86.35,86.32,86.32,983.0
2024-09-06 20:20:00,86.28,86.28,86.28,86.28,3293.0
2024-09-06 20:22:00,86.27,86.31,86.16,86.16,2907.0
2024-09-06 20:26:00,86.16,86.25,86.16,86.25,1186.0
2024-09-06 20:28:00,86.18,86.18,86.12,86.12,696.0
2024-09-06 20:30:00,86.12,86.12,86.12,86.12,109.0
2024-09-06 20:32:00,86.12,86.25,86.02,86.25,1587.0
2024-09-06 20:36:00,86.1,86.1,86.08,86.08,317.0
2024-09-06 20:40:00,86.08,86.08,85.88,85.89,3262.0
2024-09-06 20:42:00,85.88,85.88,85.81,85.81,1129.0
2024-09-06 20:44:00,85.8316,86.38,85.8316,86.38,377.0
2024-09-06 20:48:00,85.95,85.95,85.84,85.84,1091.0
2024-09-06 20:50:00,85.831,85.91,85.831,85.91,967.0
2024-09-06 20:52:00,85.87,85.88,85.87,85.88,573.0
2024-09-06 20:54:00,85.94,85.95,85.9,85.91,6947.0
2024-09-06 20:56:00,85.97,85.98,85.97,85.97,2035.0
2024-09-06 21:00:00,85.95,85.96,85.95,85.96,2678.0
2024-09-06 21:02:00,86.04,86.38,86.04,86.38,172685.0
2024-09-06 21:04:00,86.06,86.06,86.06,86.06,350.0
2024-09-06 21:08:00,86.07,86.07,86.07,86.07,481.0
2024-09-06 21:10:00,86.1,86.1,86.05,86.05,841.0
2024-09-06 21:12:00,86.08,86.08,86.08,86.08,703.0
2024-09-06 21:20:00,86.15,86.15,86.1,86.1,245.0
2024-09-06 21:30:00,86.13,86.13,86.1,86.1,489.0
2024-09-06 21:36:00,86.22,86.22,86.22,86.22,147.0
2024-09-06 21:38:00,86.0793,86.0793,86.05,86.05,1036.0
2024-09-06 21:46:00,86.2,86.2,86.1,86.1,811.0
2024-09-06 21:48:00,86.18,86.18,86.18,86.18,101.0
2024-09-06 21:56:00,86.3,86.3,86.3,86.3,267.0
2024-09-06 21:58:00,86.18,86.18,86.18,86.18,200.0
2024-09-06 22:04:00,86.11,86.11,86.11,86.11,396.0
2024-09-06 22:06:00,86.14,86.14,86.14,86.14,302.0
2024-09-06 22:10:00,86.1,86.1,86.1,86.1,253.0
2024-09-06 22:12:00,86.2,86.2,86.2,86.2,130.0
2024-09-06 22:18:00,86.1,86.1,86.09,86.09,1303.0
2024-09-06 22:22:00,86.23,86.23,86.23,86.23,126.0
2024-09-06 22:24:00,86.24,86.28,86.24,86.28,1147.0
2024-09-06 22:26:00,86.3,86.3,86.25,86.25,299.0
2024-09-06 22:28:00,86.2985,86.2985,86.2985,86.2985,206.0
2024-09-06 22:30:00,86.28,86.28,86.28,86.28,155.0
2024-09-06 22:34:00,86.27,86.27,86.27,86.27,100.0
2024-09-06 22:36:00,86.0618,86.0618,86.0618,86.0618,129.0
2024-09-06 22:40:00,86.01,86.01,86.01,86.01,253.0
2024-09-06 22:42:00,86.28,86.3,86.28,86.3,1000.0
2024-09-06 22:44:00,86.052,86.28,86.052,86.28,300.0
2024-09-06 22:50:00,86.28,86.28,86.28,86.28,100.0
2024-09-06 22:56:00,86.29,86.29,86.29,86.29,297.0
2024-09-06 22:58:00,86.19,86.19,86.19,86.19,214.0
2024-09-06 23:00:00,86.28,86.28,86.28,86.28,368.0
2024-09-06 23:02:00,86.072,86.16,86.072,86.16,496.0
2024-09-06 23:04:00,86.0506,86.1,86.0506,86.1,1634.0
2024-09-06 23:12:00,86.18,86.19,86.12,86.12,813.0
2024-09-06 23:16:00,86.19,86.2559,86.11,86.2559,515.0
2024-09-06 23:22:00,86.13,86.13,86.1,86.1,1977.0
2024-09-06 23:24:00,86.07,86.07,86.04,86.05,3438.0
2024-09-06 23:26:00,86.02,86.02,86.01,86.01,5151.0
2024-09-06 23:32:00,86.05,86.05,86.05,86.05,201.0
2024-09-06 23:42:00,86.19,86.19,86.19,86.19,172.0
2024-09-06 23:48:00,86.07,86.07,86.0307,86.0307,2031.0
2024-09-06 23:52:00,86.15,86.15,86.15,86.15,193.0
2024-09-06 23:56:00,86.0384,86.05,86.0384,86.05,467.0
2024-09-06 23:58:00,86.0106,86.16,86.0106,86.16,1044.0
2024-09-09 08:00:00,87.28,87.5,87.28,87.5,1695.0
2024-09-09 08:02:00,87.55,87.55,87.55,87.55,1842.0
2024-09-09 08:04:00,87.54,87.54,87.54,87.54,897.0
2024-09-09 08:06:00,87.7,87.79,87.7,87.79,1459.0
2024-09-09 08:08:00,87.69,87.69,87.68,87.68,1240.0
2024-09-09 08:10:00,87.79,87.79,87.79,87.79,331.0
2024-09-09 08:14:00,87.53,87.56,87.48,87.49,2443.0
2024-09-09 08:18:00,87.55,87.89,87.55,87.89,6450.0
2024-09-09 08:20:00,87.8,87.81,87.8,87.81,800.0
2024-09-09 08:30:00,87.67,87.9,87.66,87.9,6527.0
2024-09-09 08:32:00,87.9,87.9,87.87,87.88,4215.0
2024-09-09 08:34:00,87.87,87.9,87.87,87.87,6160.0
2024-09-09 08:36:00,87.87,87.87,87.87,87.87,3742.0
2024-09-09 08:38:00,87.87,87.87,87.87,87.87,3923.0
2024-09-09 08:40:00,87.88,87.88,87.87,87.87,2027.0
2024-09-09 08:42:00,87.87,87.87,87.87,87.87,1999.0
2024-09-09 08:44:00,87.8,87.8,87.8,87.8,293.0
2024-09-09 08:46:00,87.85,87.85,87.85,87.85,569.0
2024-09-09 08:48:00,87.9,88.11,87.9,88.11,3631.0
2024-09-09 08:50:00,88.01,88.01,88.01,88.01,121.0
2024-09-09 08:54:00,88.1,88.1,88.1,88.1,194.0
2024-09-09 08:58:00,88.01,88.01,87.87,87.87,1096.0
2024-09-09 09:04:00,87.98,87.98,87.98,87.98,558.0
2024-09-09 09:08:00,88.0,88.0,88.0,88.0,647.0
2024-09-09 09:12:00,88.0,88.0,88.0,88.0,234.0
2024-09-09 09:16:00,88.0,88.0,88.0,88.0,591.0
2024-09-09 09:24:00,87.98,87.99,87.98,87.99,358.0
2024-09-09 09:32:00,88.0,88.0,88.0,88.0,1312.0
2024-09-09 09:40:00,88.08,88.12,88.08,88.12,600.0
2024-09-09 10:00:00,88.02,88.02,88.02,88.02,214.0
2024-09-09 10:04:00,88.02,88.02,88.02,88.02,797.0
2024-09-09 10:06:00,87.95,87.96,87.94,87.94,884.0
2024-09-09 10:22:00,87.81,87.81,87.81,87.81,205.0
2024-09-09 10:28:00,87.89,87.9,87.89,87.9,1363.0
2024-09-09 10:36:00,87.9,87.9,87.9,87.9,266.0
2024-09-09 10:40:00,87.7,87.7,87.7,87.7,517.0
2024-09-09 10:42:00,87.61,87.68,87.02,87.24,15047.0
2024-09-09 10:44:00,87.24,87.38,87.1,87.14,14784.0
2024-09-09 10:46:00,87.14,87.26,87.02,87.08,6644.0
2024-09-09 10:48:00,87.03,87.1,86.96,87.06,23512.0
2024-09-09 10:50:00,87.06,87.1,87.06,87.07,896.0
2024-09-09 10:52:00,87.01,87.01,87.01,87.01,1222.0
2024-09-09 10:54:00,86.98,87.03,86.92,86.98,1382.0
2024-09-09 10:56:00,86.97,86.97,86.97,86.97,526.0
2024-09-09 10:58:00,87.05,87.05,87.05,87.05,316.0
2024-09-09 11:00:00,87.05,87.1,87.0,87.0,3337.0
2024-09-09 11:02:00,87.05,87.08,87.05,87.08,1094.0
2024-09-09 11:04:00,87.05,87.19,87.05,87.19,2373.0
2024-09-09 11:06:00,87.14,87.14,87.14,87.14,870.0
2024-09-09 11:08:00,87.19,87.19,87.19,87.19,693.0
2024-09-09 11:10:00,87.28,87.28,87.28,87.28,1186.0
2024-09-09 11:12:00,87.41,87.45,87.41,87.45,1728.0
2024-09-09 11:16:00,87.39,87.39,87.35,87.35,1575.0
2024-09-09 11:22:00,87.39,87.4,87.39,87.4,878.0
2024-09-09 11:24:00,87.64,87.64,87.64,87.64,650.0
2024-09-09 11:26:00,87.61,87.62,87.61,87.62,600.0
2024-09-09 11:30:00,87.66,87.66,87.66,87.66,500.0
2024-09-09 11:34:00,87.55,87.57,87.55,87.56,1569.0
2024-09-09 11:36:00,87.56,87.56,87.56,87.56,300.0
2024-09-09 11:38:00,87.54,87.55,87.45,87.45,2219.0
2024-09-09 11:40:00,87.5,87.5,87.45,87.45,656.0
2024-09-09 11:42:00,87.49,87.5,87.49,87.5,477.0
2024-09-09 11:44:00,87.46,87.46,87.43,87.43,957.0
2024-09-09 11:46:00,87.43,87.43,87.42,87.43,769.0
2024-09-09 11:48:00,87.5,87.5,87.5,87.5,581.0
2024-09-09 11:52:00,87.41,87.41,87.36,87.36,1612.0
2024-09-09 11:58:00,87.4,87.4,87.4,87.4,357.0
2024-09-09 12:00:00,87.0,87.666,87.0,87.43,33567.0
2024-09-09 12:02:00,87.37,87.43,87.32,87.4,3213.0
2024-09-09 12:04:00,87.36,87.4045,87.36,87.4045,783.0
2024-09-09 12:08:00,87.4897,87.4999,87.4013,87.4899,2347.0
2024-09-09 12:10:00,87.4045,87.5,87.4045,87.49,3286.0
2024-09-09 12:14:00,87.5,87.5,87.32,87.32,1794.0
2024-09-09 12:16:00,87.4999,87.4999,87.4999,87.4999,572.0
2024-09-09 12:20:00,87.38,87.38,87.38,87.38,372.0
2024-09-09 12:22:00,87.33,87.3945,87.33,87.3945,916.0
2024-09-09 12:24:00,87.25,87.25,87.25,87.25,2407.0
2024-09-09 12:26:00,87.11,87.24,87.06,87.24,11090.0
2024-09-09 12:28:00,87.38,87.4,87.3,87.3,6104.0
2024-09-09 12:30:00,87.0555,87.15,87.0555,87.15,902.0
2024-09-09 12:32:00,87.2,87.4414,87.2,87.3,605.0
2024-09-09 12:34:00,87.43,87.43,87.37,87.37,729.0
2024-09-09 12:36:00,87.39,87.4,87.35,87.35,1118.0
2024-09-09 12:38:00,87.31,87.31,87.31,87.31,497.0
2024-09-09 12:40:00,87.3,87.3,87.3,87.3,521.0
2024-09-09 12:42:00,87.32,87.32,87.32,87.32,582.0
2024-09-09 12:44:00,87.43,87.45,87.43,87.44,1473.0
2024-09-09 12:48:00,87.4,87.4,87.4,87.4,950.0
2024-09-09 12:50:00,87.35,87.37,87.34,87.37,707.0
2024-09-09 12:52:00,87.36,87.38,87.36,87.37,1395.0
2024-09-09 12:54:00,87.4,87.494,87.4,87.494,7698.0
2024-09-09 12:58:00,87.46,87.47,87.4,87.4,4647.0
2024-09-09 13:00:00,87.45,87.47,87.43,87.47,1381.0
2024-09-09 13:02:00,87.4,87.4,87.4,87.4,898.0
2024-09-09 13:04:00,87.446,87.446,87.446,87.446,482.0
2024-09-09 13:06:00,87.4,87.45,87.4,87.45,3751.0
2024-09-09 13:08:00,87.5,87.5981,87.5,87.5,2968.0
2024-09-09 13:10:00,87.493,87.6,87.49,87.6,2852.0
2024-09-09 13:12:00,87.69,87.7,87.65,87.7,3291.0
2024-09-09 13:16:00,87.65,87.92,87.65,87.92,426701.0
2024-09-09 13:18:00,87.9965,87.9965,87.6016,87.81,1421.0
2024-09-09 13:20:00,87.79,87.92,87.79,87.92,22453.0
2024-09-09 13:22:00,87.85,87.85,87.85,87.85,653.0
2024-09-09 13:24:00,87.78,87.91,87.78,87.87,3734.0
2024-09-09 13:26:00,87.99,88.13,87.99,88.13,6081.0
2024-09-09 13:28:00,87.79,88.13,87.67,87.67,5794.0
2024-09-09 13:30:00,87.85,87.96,87.05,87.15,348943.0
2024-09-09 13:32:00,87.14,87.22,86.87,86.94,194719.0
2024-09-09 13:34:00,86.96,87.1,86.59,86.685,220451.0
2024-09-09 13:36:00,86.66,86.89,86.36,86.69,220502.0
2024-09-09 13:38:00,86.715,87.0895,86.66,86.92,90419.0
2024-09-09 13:40:00,86.915,87.23,86.915,87.17,133254.0
2024-09-09 13:42:00,87.15,87.215824,86.85,86.85,85227.0
2024-09-09 13:44:00,86.81,86.81,86.54,86.655,94945.0
2024-09-09 13:46:00,86.67,86.74,86.08,86.2163,200700.0
2024-09-09 13:48:00,86.19,86.31,86.07,86.07,105798.0
2024-09-09 13:50:00,86.065,86.58,86.065,86.53,118998.0
2024-09-09 13:52:00,86.53,86.54,86.03,86.08,140404.0
2024-09-09 13:54:00,86.08,86.235,86.02,86.105,137454.0
2024-09-09 13:56:00,86.12,86.53,86.12,86.44,99579.0
2024-09-09 13:58:00,86.46,86.65,86.44,86.6351,78353.0
2024-09-09 14:00:00,86.63,86.63,86.41,86.52,86173.0
2024-09-09 14:02:00,86.515,86.645,86.5,86.55,66923.0
2024-09-09 14:04:00,86.56,86.58,86.4,86.47,118707.0
2024-09-09 14:06:00,86.44,86.6497,86.43,86.58,58978.0
2024-09-09 14:08:00,86.57,86.73,86.57,86.63,107649.0
2024-09-09 14:10:00,86.615,86.8294,86.595,86.74,171144.0
2024-09-09 14:12:00,86.74,86.785,86.61,86.6799,102618.0
2024-09-09 14:14:00,86.65,86.69,86.56,86.64,42386.0
2024-09-09 14:16:00,86.64,86.73,86.6,86.6,67070.0
2024-09-09 14:18:00,86.58,86.63,86.11,86.25,102904.0
2024-09-09 14:20:00,86.29,86.39,85.99,86.03,141073.0
2024-09-09 14:22:00,86.02,86.14,85.88,85.93,121153.0
2024-09-09 14:24:00,85.96,86.01,85.83,85.87,71148.0
2024-09-09 14:26:00,85.88,85.98,85.7601,85.83,157559.0
2024-09-09 14:28:00,85.84,85.89,85.75,85.8,93866.0
2024-09-09 14:30:00,85.81,85.81,85.45,85.6699,168908.0
2024-09-09 14:32:00,85.65,85.72,85.45,85.55,117957.0
2024-09-09 14:34:00,85.56,85.67,85.48,85.54,150765.0
2024-09-09 14:36:00,85.53,85.63,85.42,85.48,129530.0
2024-09-09 14:38:00,85.465,85.58,85.45,85.55,176760.0
2024-09-09 14:40:00,85.55,85.7896,85.55,85.67,139000.0
2024-09-09 14:42:00,85.6669,85.69,85.605,85.66,53699.0
2024-09-09 14:44:00,85.645,85.68,85.52,85.65,64362.0
2024-09-09 14:46:00,85.66,85.7,85.51,85.545,76467.0
2024-09-09 14:48:00,85.545,85.61,85.4,85.61,73214.0
2024-09-09 14:50:00,85.61,85.68,85.53,85.57,76140.0
2024-09-09 14:52:00,85.5651,85.58,85.44,85.52,84103.0
2024-09-09 14:54:00,85.51,85.6,85.391,85.55,97739.0
2024-09-09 14:56:00,85.545,85.545,85.33,85.3555,97532.0
2024-09-09 14:58:00,85.355,85.36,85.07,85.09,169313.0
2024-09-09 15:00:00,85.085,85.18,85.01,85.13,161033.0
2024-09-09 15:02:00,85.13,85.23,85.06,85.07,114324.0
2024-09-09 15:04:00,85.07,85.28,85.07,85.2,78510.0
2024-09-09 15:06:00,85.22,85.37,85.15,85.2894,56899.0
2024-09-09 15:08:00,85.28,85.43,85.26,85.332,61433.0
2024-09-09 15:10:00,85.33,85.33,85.17,85.2433,64890.0
2024-09-09 15:12:00,85.27,85.31,85.1,85.19,60254.0
2024-09-09 15:14:00,85.185,85.37,85.17,85.33,71073.0
2024-09-09 15:16:00,85.33,85.3603,85.27,85.3007,52428.0
2024-09-09 15:18:00,85.2999,85.44,85.25,85.3088,78620.0
2024-09-09 15:20:00,85.3192,85.35,85.21,85.32,44866.0
2024-09-09 15:22:00,85.315,85.5,85.26,85.44,55515.0
2024-09-09 15:24:00,85.4522,85.518,85.37,85.385,73913.0
2024-09-09 15:26:00,85.38,85.42,85.3,85.335,83414.0
2024-09-09 15:28:00,85.34,85.52,85.3,85.495,109561.0
2024-09-09 15:30:00,85.505,85.51,85.36,85.42,96498.0
2024-09-09 15:32:00,85.425,85.55,85.385,85.54,118806.0
2024-09-09 15:34:00,85.54,85.56,85.39,85.56,62754.0
2024-09-09 15:36:00,85.55,85.63,85.475,85.49,81087.0
2024-09-09 15:38:00,85.51,85.5108,85.27,85.48,61026.0
2024-09-09 15:40:00,85.47,85.56,85.43,85.52,37832.0
2024-09-09 15:42:00,85.515,85.55,85.37,85.44,44178.0
2024-09-09 15:44:00,85.45,85.51,85.39,85.48,52674.0
2024-09-09 15:46:00,85.485,85.67,85.485,85.6,80223.0
2024-09-09 15:48:00,85.595,85.74,85.5935,85.6976,74975.0
2024-09-09 15:50:00,85.69,85.915,85.67,85.89,142302.0
2024-09-09 15:52:00,85.88,85.9,85.76,85.89,61650.0
2024-09-09 15:54:00,85.89,85.99,85.83,85.96,82558.0
2024-09-09 15:56:00,85.961,86.1888,85.9604,86.145,118419.0
2024-09-09 15:58:00,86.13,86.2,86.06,86.15,45417.0
2024-09-09 16:00:00,86.16,86.17,86.06,86.08,45930.0
2024-09-09 16:02:00,86.09,86.23,86.09,86.22,42673.0
2024-09-09 16:04:00,86.23,86.3383,86.16,86.16,46790.0
2024-09-09 16:06:00,86.16,86.24,86.115,86.2,50558.0
2024-09-09 16:08:00,86.21,86.2301,86.15,86.16,42494.0
2024-09-09 16:10:00,86.18,86.205,86.115,86.1499,37320.0
2024-09-09 16:12:00,86.1263,86.2,86.115,86.165,28969.0
2024-09-09 16:14:00,86.17,86.2098,86.03,86.075,96139.0
2024-09-09 16:16:00,86.0824,86.1591,86.06,86.12,60583.0
2024-09-09 16:18:00,86.14,86.16,86.09,86.12,34294.0
2024-09-09 16:20:00,86.09,86.1699,86.09,86.14,55693.0
2024-09-09 16:22:00,86.132,86.21,86.11,86.19,61888.0
2024-09-09 16:24:00,86.19,86.19,86.0561,86.085,53165.0
2024-09-09 16:26:00,86.08,86.19,86.08,86.15,27302.0
2024-09-09 16:28:00,86.16,86.4,86.15,86.34,46716.0
2024-09-09 16:30:00,86.34,86.5,86.3,86.475,61696.0
2024-09-09 16:32:00,86.48,86.5,86.43,86.4525,40771.0
2024-09-09 16:34:00,86.45,86.5,86.38,86.4289,99620.0
2024-09-09 16:36:00,86.41,86.43,86.31,86.35,60296.0
2024-09-09 16:38:00,86.3167,86.32,86.15,86.22,55997.0
2024-09-09 16:40:00,86.2,86.4,86.2,86.4,43067.0
2024-09-09 16:42:00,86.42,86.5,86.35,86.35,53595.0
2024-09-09 16:44:00,86.34,86.43,86.2701,86.33,46214.0
2024-09-09 16:46:00,86.335,86.497,86.3,86.485,61836.0
2024-09-09 16:48:00,86.47,86.47,86.4201,86.4201,25163.0
2024-09-09 16:50:00,86.43,86.5,86.43,86.49,50909.0
2024-09-09 16:52:00,86.5,86.5,86.33,86.4899,77232.0
2024-09-09 16:54:00,86.455,86.5,86.41,86.4899,31584.0
2024-09-09 16:56:00,86.47,86.5,86.41,86.495,21457.0
2024-09-09 16:58:00,86.48,86.57,86.461,86.461,31374.0
2024-09-09 17:00:00,86.47,86.5,86.355,86.375,63852.0
2024-09-09 17:02:00,86.365,86.41,86.29,86.37,61004.0
2024-09-09 17:04:00,86.375,86.41,86.365,86.4,42117.0
2024-09-09 17:06:00,86.4,86.4374,86.36,86.39,30666.0
2024-09-09 17:08:00,86.38,86.4,86.32,86.335,25369.0
2024-09-09 17:10:00,86.34,86.41,86.3201,86.4,33648.0
2024-09-09 17:12:00,86.41,86.47,86.4087,86.4322,35942.0
2024-09-09 17:14:00,86.44,86.44,86.25,86.31,36095.0
2024-09-09 17:16:00,86.3,86.41,86.3,86.39,39844.0
2024-09-09 17:18:00,86.3727,86.46,86.365,86.4398,40245.0
2024-09-09 17:20:00,86.4,86.44,86.32,86.32,31091.0
2024-09-09 17:22:00,86.33,86.38,86.29,86.355,25468.0
2024-09-09 17:24:00,86.34,86.35,86.24,86.29,35167.0
2024-09-09 17:26:00,86.27,86.37,86.26,86.292,24550.0
2024-09-09 17:28:00,86.3,86.3006,86.2201,86.28,33128.0
2024-09-09 17:30:00,86.28,86.31,86.03,86.098,74538.0
2024-09-09 17:32:00,86.1,86.14,86.01,86.015,33808.0
2024-09-09 17:34:00,86.03,86.21,86.03,86.2,67443.0
2024-09-09 17:36:00,86.19,86.27,86.13,86.2239,39416.0
2024-09-09 17:38:00,86.22,86.3,86.2083,86.24,27417.0
2024-09-09 17:40:00,86.25,86.34,86.16,86.22,47729.0
2024-09-09 17:42:00,86.211,86.235,85.97,86.08,64885.0
2024-09-09 17:44:00,86.025,86.09,85.9,86.08,55017.0
2024-09-09 17:46:00,86.08,86.12,86.05,86.12,31558.0
2024-09-09 17:48:00,86.105,86.26,86.105,86.22,59464.0
2024-09-09 17:50:00,86.2299,86.33,86.19,86.33,41748.0
2024-09-09 17:52:00,86.325,86.43,86.27,86.38,68558.0
2024-09-09 17:54:00,86.38,86.4,86.311415,86.315,31386.0
2024-09-09 17:56:00,86.32,86.32,86.245,86.25,33091.0
2024-09-09 17:58:00,86.25,86.25,86.03,86.0816,91086.0
2024-09-09 18:00:00,86.08,86.12,85.95,85.96,53324.0
2024-09-09 18:02:00,85.9695,86.08,85.87,85.97,61520.0
2024-09-09 18:04:00,85.9552,86.0,85.85,85.89,34573.0
2024-09-09 18:06:00,85.9,86.02,85.88,85.95,71123.0
2024-09-09 18:08:00,85.93,85.9486,85.8201,85.88,91765.0
2024-09-09 18:10:00,85.88,85.98,85.83,85.895,98255.0
2024-09-09 18:12:00,85.89,85.935,85.835,85.91,38547.0
2024-09-09 18:14:00,85.9,85.941,85.8,85.88,53400.0
2024-09-09 18:16:00,85.865,85.96,85.85,85.915,46344.0
2024-09-09 18:18:00,85.915,85.95,85.87,85.895,58086.0
2024-09-09 18:20:00,85.89,85.89,85.6402,85.67327,102044.0
2024-09-09 18:22:00,85.66,85.72,85.63,85.6801,46579.0
2024-09-09 18:24:00,85.68,85.8,85.65,85.78,49617.0
2024-09-09 18:26:00,85.74,85.87,85.74,85.74,50381.0
2024-09-09 18:28:00,85.74,85.7402,85.6,85.6205,70805.0
2024-09-09 18:30:00,85.615,85.77,85.55,85.65,65073.0
2024-09-09 18:32:00,85.64,85.7499,85.63,85.69,23641.0
2024-09-09 18:34:00,85.7,85.7914,85.69,85.76,31486.0
2024-09-09 18:36:00,85.76,85.77,85.63,85.66,54380.0
2024-09-09 18:38:00,85.64,85.685,85.56,85.61,44315.0
2024-09-09 18:40:00,85.6,85.69,85.59,85.64,42833.0
2024-09-09 18:42:00,85.62,85.83,85.61,85.8,57433.0
2024-09-09 18:44:00,85.81,85.85,85.78,85.838,49361.0
2024-09-09 18:46:00,85.85,85.85,85.71,85.79,41955.0
2024-09-09 18:48:00,85.79,85.885,85.74,85.86,107842.0
2024-09-09 18:50:00,85.87,86.035,85.85,86.03,126393.0
2024-09-09 18:52:00,86.025,86.05,85.98,85.99,64636.0
2024-09-09 18:54:00,85.99,86.02,85.87,85.99,76234.0
2024-09-09 18:56:00,85.98,86.01,85.93,85.95,65186.0
2024-09-09 18:58:00,85.95,85.96,85.88,85.92,52622.0
2024-09-09 19:00:00,85.92,85.92,85.7701,85.845,44443.0
2024-09-09 19:02:00,85.85,85.9,85.76,85.76,30262.0
2024-09-09 19:04:00,85.745,85.85,85.59,85.84,78519.0
2024-09-09 19:06:00,85.85,85.86,85.78,85.83,35751.0
2024-09-09 19:08:00,85.81,85.9099,85.775,85.87,53605.0
2024-09-09 19:10:00,85.86,85.91,85.8201,85.83,60665.0
2024-09-09 19:12:00,85.82,85.87,85.8,85.81,49407.0
2024-09-09 19:14:00,85.8297,85.86,85.76,85.84,45199.0
2024-09-09 19:16:00,85.84,85.88,85.815,85.83,32429.0
2024-09-09 19:18:00,85.83,85.83,85.75,85.785,34970.0
2024-09-09 19:20:00,85.78,85.83,85.73,85.78,41285.0
2024-09-09 19:22:00,85.8,85.88,85.79,85.87,38317.0
2024-09-09 19:24:00,85.87,85.9599,85.86,85.9287,51343.0
2024-09-09 19:26:00,85.93,86.19,85.91,86.18,85928.0
2024-09-09 19:28:00,86.17,86.2799,86.16,86.2225,84864.0
2024-09-09 19:30:00,86.22,86.22,86.05,86.075,111036.0
2024-09-09 19:32:00,86.09,86.25,86.09,86.185,68746.0
2024-09-09 19:34:00,86.2,86.21,85.89,86.11,115454.0
2024-09-09 19:36:00,86.12,86.15,85.93,86.0498,87661.0
2024-09-09 19:38:00,86.04,86.04,85.892,85.95,57532.0
2024-09-09 19:40:00,85.95,86.14,85.95,86.13,87373.0
2024-09-09 19:42:00,86.135,86.14,86.0202,86.03,76525.0
2024-09-09 19:44:00,86.02,86.06,85.965,85.995,98497.0
2024-09-09 19:46:00,86.0,86.1,85.99,86.07,51742.0
2024-09-09 19:48:00,86.075,86.13,86.005,86.08,110897.0
2024-09-09 19:50:00,86.09,86.09,85.95,86.04,181385.0
2024-09-09 19:52:00,86.04,86.06,85.85,85.92,168677.0
2024-09-09 19:54:00,85.92,86.16,85.88,86.08,211230.0
2024-09-09 19:56:00,86.09,86.125,85.975,86.125,170997.0
2024-09-09 19:58:00,86.125,86.31,86.115,86.27,612769.0
2024-09-09 20:00:00,86.27,86.32,86.2396,86.2396,46738.0
2024-09-09 20:02:00,86.2,86.25,86.2,86.21,6561.0
2024-09-09 20:04:00,86.2,86.2,86.18,86.18,374.0
2024-09-09 20:06:00,86.2,86.2999,86.2,86.21,5300.0
2024-09-09 20:08:00,86.2543,86.2543,86.23,86.23,982.0
2024-09-09 20:10:00,86.21,86.21,86.15,86.15,1257.0
2024-09-09 20:12:00,86.1601,86.2,86.1601,86.2,1999.0
2024-09-09 20:14:00,86.25,86.3,86.24,86.26,1366.0
2024-09-09 20:16:00,86.27,86.32,86.27,86.32,1109.0
2024-09-09 20:20:00,86.35,86.4,86.35,86.4,1700.0
2024-09-09 20:22:00,86.39,86.42,86.39,86.4,8115.0
2024-09-09 20:24:00,86.4,86.49,86.4,86.49,6421.0
2024-09-09 20:26:00,86.48,86.54,86.48,86.51,4905.0
2024-09-09 20:28:00,86.47,86.47,86.4694,86.4694,446.0
2024-09-09 20:30:00,86.45,86.47,86.45,86.46,1591.0
2024-09-09 20:32:00,86.46,86.46,86.42,86.42,1325.0
2024-09-09 20:34:00,86.42,86.42,86.39,86.39,1376.0
2024-09-09 20:36:00,86.43,86.44,86.36,86.41,4954.0
2024-09-09 20:38:00,86.41,86.41,86.38,86.38,6093.0
2024-09-09 20:40:00,86.4299,86.43,86.4299,86.43,2446.0
2024-09-09 20:42:00,86.46,86.46,86.46,86.46,274.0
2024-09-09 20:44:00,86.45,86.47,86.27,86.35,3552.0
2024-09-09 20:46:00,86.37,86.37,86.34,86.34,951.0
2024-09-09 20:48:00,86.32,86.32,86.3,86.3,1677.0
2024-09-09 20:50:00,86.3,86.35,86.3,86.3499,1197.0
2024-09-09 20:52:00,86.3493,86.3493,86.3493,86.3493,392.0
2024-09-09 20:54:00,86.27,86.27,86.27,86.27,220.0
2024-09-09 20:56:00,86.31,86.31,86.27,86.27,12655.0
2024-09-09 20:58:00,86.31,86.36,86.31,86.36,948.0
2024-09-09 21:00:00,86.4099,86.4099,86.4099,86.4099,155.0
2024-09-09 21:04:00,86.43,86.43,86.43,86.43,758.0
2024-09-09 21:08:00,86.42,86.42,86.42,86.42,439.0
2024-09-09 21:12:00,86.44,86.44,86.44,86.44,115.0
2024-09-09 21:14:00,86.44,86.44,86.4041,86.4041,474.0
2024-09-09 21:18:00,86.43,86.439,86.43,86.439,311.0
2024-09-09 21:20:00,86.4385,86.4385,86.4385,86.4385,177.0
2024-09-09 21:22:00,86.44,86.44,86.44,86.44,600.0
2024-09-09 21:28:00,86.46,86.46,86.46,86.46,135.0
2024-09-09 21:30:00,86.44,86.44,86.41,86.41,2643.0
2024-09-09 21:34:00,86.48,86.48,86.48,86.48,457.0
2024-09-09 21:42:00,86.45,86.45,86.45,86.45,210.0
2024-09-09 21:44:00,86.45,86.45,86.45,86.45,881.0
2024-09-09 21:56:00,86.49,86.49,86.49,86.49,232.0
2024-09-09 21:58:00,86.49,86.49,86.49,86.49,402.0
2024-09-09 22:06:00,86.47,86.5,86.47,86.5,1390.0
2024-09-09 22:08:00,86.5,86.5,86.5,86.5,5203.0
2024-09-09 22:10:00,86.55,86.55,86.4,86.4,2737.0
2024-09-09 22:12:00,86.41,86.5,86.41,86.5,454.0
2024-09-09 22:14:00,86.5,86.5,86.5,86.5,125.0
2024-09-09 22:16:00,86.4986,86.4986,86.4986,86.4986,2010.0
2024-09-09 22:18:00,86.48,86.6094,86.48,86.6,3293.0
2024-09-09 22:20:00,86.61,86.61,86.58,86.58,4361.0
2024-09-09 22:22:00,86.6096,86.67,86.6,86.67,7520.0
2024-09-09 22:24:00,86.68,86.75,86.68,86.7,5307.0
2024-09-09 22:26:00,86.8107,86.8107,86.72,86.75,3952.0
2024-09-09 22:28:00,86.73,86.8798,86.73,86.8771,3466.0
2024-09-09 22:30:00,86.8501,86.88,86.8,86.88,1933.0
2024-09-09 22:32:00,86.85,86.8789,86.85,86.8789,605.0
2024-09-09 22:34:00,86.81,86.88,86.8,86.8595,1663.0
2024-09-09 22:36:00,86.8001,86.859,86.8,86.8,1051.0
2024-09-09 22:38:00,86.85,86.8592,86.85,86.8592,356.0
2024-09-09 22:40:00,86.86,86.86,86.8,86.8,1161.0
2024-09-09 22:42:00,86.8,86.8,86.7316,86.7316,801.0
2024-09-09 22:44:00,86.79,86.79,86.73,86.73,909.0
2024-09-09 22:48:00,86.66,86.66,86.64,86.64,1286.0
2024-09-09 22:50:00,86.64,86.64,86.64,86.64,301.0
2024-09-09 22:52:00,86.7693,86.7693,86.7693,86.7693,1027.0
2024-09-09 22:54:00,86.75,86.77,86.75,86.77,935.0
2024-09-09 22:56:00,86.65,86.7,86.61,86.7,1420.0
2024-09-09 22:58:00,86.74,86.74,86.7,86.7,962.0
2024-09-09 23:00:00,86.72,86.72,86.72,86.72,207.0
2024-09-09 23:02:00,86.73,86.73,86.7292,86.7292,516.0
2024-09-09 23:04:00,86.72,86.72,86.72,86.72,152.0
2024-09-09 23:06:00,86.7,86.7,86.7,86.7,1298.0
2024-09-09 23:10:00,86.7,86.7,86.7,86.7,965.0
2024-09-09 23:14:00,86.75,86.75,86.75,86.75,307.0
2024-09-09 23:16:00,86.7428,86.75,86.72,86.75,1733.0
2024-09-09 23:18:00,86.75,86.7785,86.75,86.777,581.0
2024-09-09 23:20:00,86.8,86.8,86.75,86.75,4314.0
2024-09-09 23:24:00,86.846,86.8483,86.84,86.84,523.0
2024-09-09 23:26:00,86.8,86.84,86.8,86.84,341.0
2024-09-09 23:28:00,86.85,86.85,86.85,86.85,642.0
2024-09-09 23:30:00,86.85,86.85,86.85,86.85,368.0
2024-09-09 23:32:00,86.85,86.85,86.85,86.85,375.0
2024-09-09 23:34:00,86.85,86.86,86.85,86.86,1300.0
2024-09-09 23:36:00,86.86,86.86,86.86,86.86,355.0
2024-09-09 23:38:00,86.8225,86.86,86.8007,86.86,2644.0
2024-09-09 23:44:00,86.8,86.8,86.8,86.8,115.0
2024-09-09 23:46:00,86.8,86.8,86.8,86.8,266.0
2024-09-09 23:48:00,86.8,86.8,86.8,86.8,488.0
2024-09-09 23:50:00,86.82,86.8421,86.81,86.8421,1904.0
2024-09-09 23:52:00,86.88,86.88,86.8799,86.88,848.0
2024-09-09 23:54:00,86.87,86.9273,86.86,86.9273,5154.0
2024-09-09 23:56:00,86.88,86.9299,86.86,86.86,5465.0
2024-09-09 23:58:00,86.92,86.9295,86.86,86.89,2730.0
2024-09-10 08:00:00,86.89,86.89,86.89,86.89,528.0
2024-09-10 08:02:00,86.6,86.6,86.49,86.49,3478.0
2024-09-10 08:04:00,86.35,86.35,86.3,86.3,2006.0
2024-09-10 08:10:00,86.39,86.5,86.39,86.5,600.0
2024-09-10 08:14:00,86.5,86.5,86.5,86.5,251.0
2024-09-10 08:18:00,86.53,86.53,86.45,86.45,1406.0
2024-09-10 08:24:00,86.33,86.33,86.24,86.24,2679.0
2024-09-10 08:26:00,86.25,86.26,86.25,86.26,914.0
2024-09-10 08:34:00,86.2,86.2,86.2,86.2,442.0
2024-09-10 08:38:00,86.18,86.2,86.18,86.2,2270.0
2024-09-10 09:00:00,86.01,86.01,85.99,85.99,2354.0
2024-09-10 09:04:00,85.88,85.88,85.88,85.88,210.0
2024-09-10 09:06:00,85.76,85.76,85.76,85.76,1002.0
2024-09-10 09:10:00,85.68,85.68,85.6,85.6,3183.0
2024-09-10 09:12:00,85.67,85.67,85.67,85.67,812.0
2024-09-10 09:14:00,85.6,85.61,85.6,85.61,1183.0
2024-09-10 09:16:00,85.75,85.75,85.75,85.75,562.0
2024-09-10 09:18:00,85.74,85.76,85.74,85.76,1703.0
2024-09-10 09:34:00,85.79,85.79,85.79,85.79,302.0
2024-09-10 09:54:00,86.07,86.07,86.07,86.07,200.0
2024-09-10 09:56:00,86.07,86.5,86.07,86.5,1649.0
2024-09-10 09:58:00,86.2,86.2,86.2,86.2,120.0
2024-09-10 10:10:00,86.26,86.26,86.25,86.25,796.0
2024-09-10 10:14:00,86.0,86.0,85.95,85.95,555.0
2024-09-10 10:16:00,85.95,85.95,85.95,85.95,800.0
2024-09-10 10:20:00,85.96,85.96,85.96,85.96,200.0
2024-09-10 10:54:00,86.01,86.01,86.01,86.01,500.0
2024-09-10 11:00:00,86.22,86.4,86.19,86.4,4140.0
2024-09-10 11:02:00,86.4,86.4,86.4,86.4,543.0
2024-09-10 11:04:00,86.4,86.4,86.4,86.4,125.0
2024-09-10 11:10:00,86.4,86.4,86.4,86.4,361.0
2024-09-10 11:12:00,86.35,86.35,86.35,86.35,707.0
2024-09-10 11:14:00,86.3,86.3,86.3,86.3,731.0
2024-09-10 11:18:00,86.28,86.28,86.24,86.24,200.0
2024-09-10 11:34:00,86.41,86.42,86.41,86.42,1901.0
2024-09-10 11:36:00,86.5,86.6,86.5,86.6,1979.0
2024-09-10 11:40:00,86.49,86.49,86.48,86.48,2841.0
2024-09-10 11:44:00,86.47,86.47,86.41,86.41,566.0
2024-09-10 11:46:00,86.62,86.62,86.62,86.62,386.0
2024-09-10 11:52:00,86.66,86.66,86.65,86.65,821.0
2024-09-10 12:00:00,86.25,86.7699,86.21,86.53,21670.0
2024-09-10 12:02:00,86.5003,86.6,86.5003,86.6,318.0
2024-09-10 12:04:00,86.55,86.65,86.55,86.65,1367.0
2024-09-10 12:06:00,86.68,86.7,86.65,86.65,1967.0
2024-09-10 12:08:00,86.68,86.745,86.68,86.745,1287.0
2024-09-10 12:10:00,86.75,86.85,86.75,86.8284,4619.0
2024-09-10 12:12:00,86.79,86.8281,86.75,86.8,4524.0
2024-09-10 12:14:00,86.77,86.78,86.52,86.52,9472.0
2024-09-10 12:16:00,86.52,86.64,86.5003,86.64,27884.0
2024-09-10 12:18:00,86.65,86.83,86.65,86.83,2204.0
2024-09-10 12:20:00,86.74,86.8395,86.66,86.75,830.0
2024-09-10 12:22:00,86.65,86.73,86.65,86.72,3226.0
2024-09-10 12:24:00,86.74,86.77,86.71,86.71,1038.0
2024-09-10 12:26:00,86.77,86.77,86.77,86.77,267.0
2024-09-10 12:28:00,86.72,86.9,86.72,86.87,5879.0
2024-09-10 12:30:00,86.87,86.98,86.87,86.9,2968.0
2024-09-10 12:34:00,86.82,86.8821,86.8,86.8003,1058.0
2024-09-10 12:36:00,86.85,86.98,86.85,86.9719,2615.0
2024-09-10 12:38:00,86.8,86.8,86.8,86.8,2302.0
2024-09-10 12:42:00,86.971,86.971,86.971,86.971,1207.0
2024-09-10 12:44:00,86.919,87.01,86.9,86.98,13450.0
2024-09-10 12:46:00,86.8191,87.1,86.8191,87.1,4013.0
2024-09-10 12:48:00,87.09,87.09,87.0,87.0516,4700.0
2024-09-10 12:50:00,86.95,86.95,86.95,86.95,343.0
2024-09-10 12:52:00,87.0999,87.0999,86.95,86.95,887.0
2024-09-10 12:54:00,87.07,87.092,87.07,87.09,2526.0
2024-09-10 12:56:00,87.02,87.07,87.02,87.05,2382.0
2024-09-10 12:58:00,87.1,87.1,87.1,87.1,3568.0
2024-09-10 13:00:00,87.124,87.15,87.124,87.15,1547.0
2024-09-10 13:02:00,87.1,87.15,87.09,87.15,2284.0
2024-09-10 13:04:00,87.24,87.28,87.1617,87.2145,3226.0
2024-09-10 13:06:00,87.3,87.3178,87.2,87.2,2659.0
2024-09-10 13:08:00,87.201,87.32,87.201,87.32,2546.0
2024-09-10 13:10:00,87.2545,87.33,87.2545,87.33,5941.0
2024-09-10 13:12:00,87.35,87.35,87.25,87.3,5751.0
2024-09-10 13:14:00,87.28,87.28,87.2008,87.2008,2308.0
2024-09-10 13:16:00,87.24,87.25,87.2003,87.2003,2496.0
2024-09-10 13:18:00,87.25,87.25,87.25,87.25,1035.0
2024-09-10 13:20:00,87.25,87.25,87.23,87.25,3530.0
2024-09-10 13:22:00,87.24,87.24,87.21,87.21,4267.0
2024-09-10 13:24:00,87.2499,87.25,87.21,87.24,7995.0
2024-09-10 13:26:00,87.22,87.23,86.8,86.9,32398.0
2024-09-10 13:28:00,86.9,86.982,86.9,86.98,3248.0
2024-09-10 13:30:00,86.97,87.1,86.3303,87.0028,422754.0
2024-09-10 13:32:00,87.04,87.12,86.27,86.3,246341.0
2024-09-10 13:34:00,86.3,86.3999,85.75,85.8184,253424.0
2024-09-10 13:36:00,85.8,85.92,85.47,85.55,165400.0
2024-09-10 13:38:00,85.535,85.6299,85.24,85.3101,190276.0
2024-09-10 13:40:00,85.28,85.63,85.22,85.59,106678.0
2024-09-10 13:42:00,85.593,85.65,85.4209,85.595,108985.0
2024-09-10 13:44:00,85.568,85.74,85.41,85.64,105538.0
2024-09-10 13:46:00,85.65,85.91,85.5225,85.85,126405.0
2024-09-10 13:48:00,85.875,85.9692,85.59,85.5902,109504.0
2024-09-10 13:50:00,85.615,85.6599,85.3,85.52,128241.0
2024-09-10 13:52:00,85.5387,85.8,85.44,85.8,76212.0
2024-09-10 13:54:00,85.81,86.0999,85.78,86.02,97007.0
2024-09-10 13:56:00,86.035,86.16,85.9301,85.96,98990.0
2024-09-10 13:58:00,85.95,85.95,85.65,85.66,61986.0
2024-09-10 14:00:00,85.67,86.0,85.6,85.895,80203.0
2024-09-10 14:02:00,85.89,86.0,85.82,85.8647,62617.0
2024-09-10 14:04:00,85.87,85.89,85.62,85.655,86542.0
2024-09-10 14:06:00,85.63,85.66,85.48,85.64,98598.0
2024-09-10 14:08:00,85.64,86.0999,85.64,85.905,144591.0
2024-09-10 14:10:00,85.905,85.96,85.37,85.45,109603.0
2024-09-10 14:12:00,85.44,85.45,85.06,85.18,194650.0
2024-09-10 14:14:00,85.15,85.22,85.0101,85.1,131915.0
2024-09-10 14:16:00,85.08,85.37,85.08,85.3144,82786.0
2024-09-10 14:18:00,85.32,85.47,85.25,85.42,116105.0
2024-09-10 14:20:00,85.4499,85.51,85.4,85.5,68171.0
2024-09-10 14:22:00,85.495,85.547,85.35,85.475,90863.0
2024-09-10 14:24:00,85.5,85.732,85.41,85.685,64989.0
2024-09-10 14:26:00,85.72,85.79,85.67,85.72,86450.0
2024-09-10 14:28:00,85.71,85.95,85.61,85.9,86607.0
2024-09-10 14:30:00,85.905,85.96,85.78,85.795,51261.0
2024-09-10 14:32:00,85.78,85.78,85.56,85.61,83417.0
2024-09-10 14:34:00,85.605,85.7602,85.6,85.6,77390.0
2024-09-10 14:36:00,85.6,85.675,85.44,85.525,73711.0
2024-09-10 14:38:00,85.52,85.76,85.48,85.7403,61360.0
2024-09-10 14:40:00,85.765,85.91,85.5001,85.52,76971.0
2024-09-10 14:42:00,85.525,85.55,85.35,85.41,131799.0
2024-09-10 14:44:00,85.4,85.45,85.28,85.4,55121.0
2024-09-10 14:46:00,85.41,85.51,85.31,85.45,106584.0
2024-09-10 14:48:00,85.4136,85.54,85.37,85.52,62177.0
2024-09-10 14:50:00,85.528,85.528,85.1,85.29,63284.0
2024-09-10 14:52:00,85.31,85.38,85.23,85.38,65955.0
2024-09-10 14:54:00,85.37,85.52,85.315,85.51,85651.0
2024-09-10 14:56:00,85.51,85.6,85.42,85.54,316288.0
2024-09-10 14:58:00,85.54,85.62,85.51,85.56,45646.0
2024-09-10 15:00:00,85.55,85.7299,85.51,85.53,45634.0
2024-09-10 15:02:00,85.51,85.61,85.48,85.57,58475.0
2024-09-10 15:04:00,85.57,85.7,85.38,85.7,64144.0
2024-09-10 15:06:00,85.6707,85.7076,85.51,85.63,39949.0
2024-09-10 15:08:00,85.62,85.66,85.51,85.66,29044.0
2024-09-10 15:10:00,85.6644,85.75,85.505,85.66,52577.0
2024-09-10 15:12:00,85.68,85.68,85.51,85.65,25569.0
2024-09-10 15:14:00,85.615,85.89,85.6006,85.79,53828.0
2024-09-10 15:16:00,85.7801,85.81,85.66,85.675,40589.0
2024-09-10 15:18:00,85.69,85.77,85.61,85.72,73517.0
2024-09-10 15:20:00,85.73,85.8,85.62,85.635,48620.0
2024-09-10 15:22:00,85.6497,85.815,85.61,85.8,88450.0
2024-09-10 15:24:00,85.78,86.0072,85.774,85.89,80606.0
2024-09-10 15:26:00,85.89,85.93,85.82,85.88,32752.0
2024-09-10 15:28:00,85.856,85.91,85.77,85.84,34558.0
2024-09-10 15:30:00,85.85,85.89,85.78,85.82,55822.0
2024-09-10 15:32:00,85.82,85.95,85.7601,85.94,50789.0
2024-09-10 15:34:00,85.92,85.96,85.75,85.83,61965.0
2024-09-10 15:36:00,85.85,85.85,85.67,85.7,41763.0
2024-09-10 15:38:00,85.7,85.74,85.58,85.62,22628.0
2024-09-10 15:40:00,85.65,85.69,85.59,85.628,27805.0
2024-09-10 15:42:00,85.62,85.74,85.5401,85.7264,65423.0
2024-09-10 15:44:00,85.71,85.73,85.48,85.54,35276.0
2024-09-10 15:46:00,85.54,85.62,85.46,85.51,39407.0
2024-09-10 15:48:00,85.505,85.58,85.46,85.5144,21462.0
2024-09-10 15:50:00,85.512,85.512,85.26,85.43,89085.0
2024-09-10 15:52:00,85.43,85.47,85.37,85.38,46232.0
2024-09-10 15:54:00,85.4,85.4,85.22,85.2329,65506.0
2024-09-10 15:56:00,85.22,85.35,85.2,85.26,67929.0
2024-09-10 15:58:00,85.252758,85.27,85.04,85.07,75609.0
2024-09-10 16:00:00,85.0673,85.174,85.02,85.13,89824.0
2024-09-10 16:02:00,85.125,85.14,84.87,84.94,328255.0
2024-09-10 16:04:00,84.95,85.26,84.95,85.23,93979.0
2024-09-10 16:06:00,85.215,85.45,85.1649,85.4,94115.0
2024-09-10 16:08:00,85.4,85.46,85.35,85.4105,27280.0
2024-09-10 16:10:00,85.43,85.48,85.37,85.48,51359.0
2024-09-10 16:12:00,85.45,85.465,85.31,85.38,35509.0
2024-09-10 16:14:00,85.39,85.4,85.22,85.3,29247.0
2024-09-10 16:16:00,85.325,85.53,85.31,85.53,103491.0
2024-09-10 16:18:00,85.54,85.63,85.49,85.5847,34663.0
2024-09-10 16:20:00,85.59,85.63,85.49,85.5601,24134.0
2024-09-10 16:22:00,85.5701,85.72,85.55,85.67,38451.0
2024-09-10 16:24:00,85.66,85.7,85.62,85.66,24785.0
2024-09-10 16:26:00,85.6096,85.63,85.51,85.57,38610.0
2024-09-10 16:28:00,85.565,85.67,85.54,85.645,56644.0
2024-09-10 16:30:00,85.6474,85.7699,85.6001,85.7699,61709.0
2024-09-10 16:32:00,85.755,85.755,85.64,85.65,31554.0
2024-09-10 16:34:00,85.665,85.7892,85.665,85.7,24072.0
2024-09-10 16:36:00,85.68,85.78,85.65,85.74,32181.0
2024-09-10 16:38:00,85.71,85.8699,85.69,85.845,55852.0
2024-09-10 16:40:00,85.8577,85.98,85.84,85.94,52210.0
2024-09-10 16:42:00,85.94,85.97,85.81,85.83,124593.0
2024-09-10 16:44:00,85.83,85.91,85.81,85.849872,38116.0
2024-09-10 16:46:00,85.87,85.88,85.7801,85.8014,31855.0
2024-09-10 16:48:00,85.8101,85.94,85.8,85.86,13630.0
2024-09-10 16:50:00,85.85,85.85,85.77,85.84,30072.0
2024-09-10 16:52:00,85.83,85.98,85.825,85.94,73610.0
2024-09-10 16:54:00,85.96,86.05,85.93,85.97,74174.0
2024-09-10 16:56:00,85.95,85.9802,85.88,85.96,21403.0
2024-09-10 16:58:00,85.96,86.0,85.81,85.845,22168.0
2024-09-10 17:00:00,85.835,85.87,85.7702,85.87,23559.0
2024-09-10 17:02:00,85.875,85.95,85.83,85.86,27189.0
2024-09-10 17:04:00,85.865,86.0,85.86,85.96,40827.0
2024-09-10 17:06:00,85.97,85.99,85.915,85.9799,32012.0
2024-09-10 17:08:00,86.0,86.06,85.97,85.9948,61833.0
2024-09-10 17:10:00,86.0,86.2899,86.0,86.26,85105.0
2024-09-10 17:12:00,86.26,86.37,86.19,86.36,64526.0
2024-09-10 17:14:00,86.36,86.37,86.275,86.3036,51329.0
2024-09-10 17:16:00,86.305,86.39,86.2583,86.34,45100.0
2024-09-10 17:18:00,86.345,86.345,86.17,86.215,70158.0
2024-09-10 17:20:00,86.22,86.235,86.05,86.12,45207.0
2024-09-10 17:22:00,86.12,86.2,86.11,86.185,29570.0
2024-09-10 17:24:00,86.2,86.38,86.18,86.38,69394.0
2024-09-10 17:26:00,86.3678,86.3678,86.13,86.15,68133.0
2024-09-10 17:28:00,86.17,86.25,86.1009,86.11,30580.0
2024-09-10 17:30:00,86.11,86.2,86.08,86.1208,31200.0
2024-09-10 17:32:00,86.12,86.29,86.12,86.2558,33221.0
2024-09-10 17:34:00,86.24,86.27,86.2,86.25,23491.0
2024-09-10 17:36:00,86.25,86.28,86.16,86.19,32037.0
2024-09-10 17:38:00,86.22,86.255,86.19,86.23,50985.0
2024-09-10 17:40:00,86.27,86.36,86.26,86.31,50471.0
2024-09-10 17:42:00,86.31,86.325,86.21,86.21,37002.0
2024-09-10 17:44:00,86.23,86.39,86.2,86.2534,76664.0
2024-09-10 17:46:00,86.26,86.3,86.2,86.22,36434.0
2024-09-10 17:48:00,86.23,86.32,86.23,86.2801,29988.0
2024-09-10 17:50:00,86.28,86.42,86.28,86.42,37644.0
2024-09-10 17:52:00,86.42,86.495,86.39,86.44,50885.0
2024-09-10 17:54:00,86.445,86.445,86.33,86.35,34385.0
2024-09-10 17:56:00,86.35,86.35,86.25,86.2701,44587.0
2024-09-10 17:58:00,86.275,86.38,86.255,86.37,36417.0
2024-09-10 18:00:00,86.38,86.71,86.38,86.71,57702.0
2024-09-10 18:02:00,86.71,86.79,86.6,86.634642,84939.0
2024-09-10 18:04:00,86.63,86.63,86.515,86.59,55421.0
2024-09-10 18:06:00,86.6,86.605,86.46,86.5,37865.0
2024-09-10 18:08:00,86.5,86.53,86.45,86.4907,35387.0
2024-09-10 18:10:00,86.5,86.67,86.5,86.615,42025.0
2024-09-10 18:12:00,86.6,86.72,86.575,86.625,34566.0
2024-09-10 18:14:00,86.62,86.79,86.595,86.72,34321.0
2024-09-10 18:16:00,86.72,86.75,86.6,86.655,24760.0
2024-09-10 18:18:00,86.6599,86.73,86.64,86.6467,28455.0
2024-09-10 18:20:00,86.64,86.6756,86.5294,86.54,30384.0
2024-09-10 18:22:00,86.545,86.545,86.44,86.52,41936.0
2024-09-10 18:24:00,86.53,86.6296,86.52,86.585,42442.0
2024-09-10 18:26:00,86.59,86.78,86.57,86.76,54932.0
2024-09-10 18:28:00,86.755,86.83,86.72,86.735,62033.0
2024-09-10 18:30:00,86.735,86.94,86.735,86.89,108647.0
2024-09-10 18:32:00,86.89,86.89,86.7,86.7376,47556.0
2024-09-10 18:34:00,86.74,86.86,86.71,86.775,194950.0
2024-09-10 18:36:00,86.775,86.849,86.67,86.76,362373.0
2024-09-10 18:38:00,86.755,86.83,86.69,86.79,40989.0
2024-09-10 18:40:00,86.79,87.02,86.74,86.77,474670.0
2024-09-10 18:42:00,86.785,86.92,86.77,86.91,51654.0
2024-09-10 18:44:00,86.9,86.92,86.84,86.9,34023.0
2024-09-10 18:46:00,86.9,86.905,86.8,86.8324,39817.0
2024-09-10 18:48:00,86.83,86.86,86.75,86.81,59358.0
2024-09-10 18:50:00,86.81,86.83,86.61,86.61,110343.0
2024-09-10 18:52:00,86.6,86.66,86.56,86.6179,47449.0
2024-09-10 18:54:00,86.62,86.6569,86.59,86.65,27963.0
2024-09-10 18:56:00,86.66,86.69,86.61,86.658,28749.0
2024-09-10 18:58:00,86.66,86.675,86.55,86.57,47144.0
2024-09-10 19:00:00,86.54,86.54,86.37,86.37,63471.0
2024-09-10 19:02:00,86.36,86.445,86.34,86.42,76397.0
2024-09-10 19:04:00,86.42,86.56,86.42,86.5407,55283.0
2024-09-10 19:06:00,86.55,86.6,86.461,86.52,78761.0
2024-09-10 19:08:00,86.53,86.62,86.53,86.56,49117.0
2024-09-10 19:10:00,86.56,86.65,86.53,86.584498,43037.0
2024-09-10 19:12:00,86.57,86.6062,86.5006,86.51,25740.0
2024-09-10 19:14:00,86.51,86.5736,86.49,86.53,28039.0
2024-09-10 19:16:00,86.54,86.545,86.44,86.5,45397.0
2024-09-10 19:18:00,86.5,86.61,86.5,86.54,55927.0
2024-09-10 19:20:00,86.55,86.62,86.5201,86.615,46714.0
2024-09-10 19:22:00,86.61,86.68,86.58,86.63,46237.0
2024-09-10 19:24:00,86.64,86.8201,86.64,86.8201,47352.0
2024-09-10 19:26:00,86.83,86.89,86.77,86.8748,60569.0
2024-09-10 19:28:00,86.875,86.985,86.86,86.9001,108601.0
2024-09-10 19:30:00,86.9,87.1,86.86,87.06,117144.0
2024-09-10 19:32:00,87.06,87.19,87.04,87.11,107513.0
2024-09-10 19:34:00,87.115,87.115,87.01,87.05,72674.0
2024-09-10 19:36:00,87.04,87.05,86.78,86.82,97417.0
2024-09-10 19:38:00,86.83,87.0,86.8001,86.91,88213.0
2024-09-10 19:40:00,86.91,87.08,86.82,86.84,90289.0
2024-09-10 19:42:00,86.84,86.93,86.78,86.88,72372.0
2024-09-10 19:44:00,86.8794,86.905,86.77,86.8,80480.0
2024-09-10 19:46:00,86.8,86.93,86.77,86.92,84818.0
2024-09-10 19:48:00,86.91,86.97,86.85,86.97,77110.0
2024-09-10 19:50:00,86.95,86.95,86.65,86.73,158636.0
2024-09-10 19:52:00,86.725,86.76,86.63,86.67,111105.0
2024-09-10 19:54:00,86.66,86.82,86.64,86.665,195390.0
2024-09-10 19:56:00,86.66,86.75,86.65,86.745,151641.0
2024-09-10 19:58:00,86.745,86.94,86.735,86.84,374190.0
2024-09-10 20:00:00,86.85,86.96,86.85,86.95,96680.0
2024-09-10 20:02:00,86.95,87.0,86.9312,86.9312,11584.0
2024-09-10 20:04:00,86.93,86.93,86.8,86.89,12863.0
2024-09-10 20:06:00,86.8893,86.8894,86.8892,86.8894,1973.0
2024-09-10 20:08:00,86.85,86.85,86.8,86.84,917.0
2024-09-10 20:10:00,86.84,86.85,86.84,86.85,1436.0
2024-09-10 20:12:00,86.92,86.92,86.92,86.92,511.0
2024-09-10 20:18:00,86.88,86.9395,86.87,86.87,4383.0
2024-09-10 20:20:00,86.86,86.9,86.84,86.9,1832.0
2024-09-10 20:26:00,86.84,86.84,86.84,86.84,237.0
2024-09-10 20:32:00,86.82,86.82,86.8,86.8,1036.0
2024-09-10 20:34:00,86.78,86.78,86.58,86.58,16668.0
2024-09-10 20:36:00,86.6,86.85,86.6,86.6,1581.0
2024-09-10 20:38:00,86.58,86.58,86.4,86.4,8396.0
2024-09-10 20:40:00,86.39,86.4,86.39,86.4,1418.0
2024-09-10 20:42:00,86.4,86.4,86.3992,86.4,1519.0
2024-09-10 20:44:00,86.4,86.4,86.35,86.3995,6430.0
2024-09-10 20:48:00,86.4,86.4,86.32,86.32,2740.0
2024-09-10 20:50:00,86.3,86.85,86.28,86.3,18795.0
2024-09-10 20:52:00,86.3,86.3,86.3,86.3,526.0
2024-09-10 20:54:00,86.35,86.37,86.31,86.31,4303.0
2024-09-10 20:56:00,86.3298,86.33,86.3298,86.33,1824.0
2024-09-10 20:58:00,86.35,86.4,86.35,86.4,3550.0
2024-09-10 21:00:00,86.4,86.4,86.39,86.4,3855.0
2024-09-10 21:02:00,86.4,86.4,86.4,86.4,3397.0
2024-09-10 21:04:00,86.39,86.4,86.39,86.3999,2076.0
2024-09-10 21:06:00,86.4,86.4,86.4,86.4,2904.0
2024-09-10 21:08:00,86.38,86.4,86.38,86.4,3364.0
2024-09-10 21:10:00,86.38,86.38,86.36,86.36,1718.0
2024-09-10 21:18:00,86.38,86.38,86.38,86.38,1025.0
2024-09-10 21:20:00,86.38,86.38,86.38,86.38,116.0
2024-09-10 21:22:00,86.39,86.39,86.39,86.39,3565.0
2024-09-10 21:24:00,86.39,86.4,86.39,86.4,840.0
2024-09-10 21:26:00,86.38,86.4,86.38,86.4,597.0
2024-09-10 21:28:00,86.4,86.4,86.4,86.4,1282.0
2024-09-10 21:34:00,86.4,86.4,86.4,86.4,310.0
2024-09-10 21:38:00,86.4,86.4,86.4,86.4,967.0
2024-09-10 21:42:00,86.4,86.4,86.3999,86.3999,1123.0
2024-09-10 21:44:00,86.4,86.4,86.4,86.4,281.0
2024-09-10 21:46:00,86.3998,86.4,86.3998,86.4,303.0
2024-09-10 21:48:00,86.4,86.4,86.4,86.4,359.0
2024-09-10 21:50:00,86.4,86.4,86.39,86.39,1011.0
2024-09-10 21:52:00,86.4,86.4,86.3901,86.3901,1428.0
2024-09-10 21:54:00,86.3999,86.3999,86.39,86.3992,516.0
2024-09-10 21:58:00,86.4,86.4,86.4,86.4,272.0
2024-09-10 22:00:00,86.39,86.4,86.38,86.4,1879.0
2024-09-10 22:04:00,86.41,86.41,86.4,86.4,443.0
2024-09-10 22:06:00,86.4,86.4,86.4,86.4,550.0
2024-09-10 22:10:00,86.45,86.4502,86.45,86.4502,247.0
2024-09-10 22:12:00,86.4699,86.4699,86.42,86.42,751.0
2024-09-10 22:14:00,86.466,86.466,86.466,86.466,501.0
2024-09-10 22:22:00,86.4842,86.4842,86.4842,86.4842,296.0
2024-09-10 22:24:00,86.45,86.45,86.45,86.45,529.0
2024-09-10 22:26:00,86.38,86.5996,86.38,86.5996,5670.0
2024-09-10 22:28:00,86.4907,86.5493,86.4907,86.5493,662.0
2024-09-10 22:30:00,86.55,86.55,86.55,86.55,1054.0
2024-09-10 22:32:00,86.55,86.55,86.55,86.55,1421.0
2024-09-10 22:34:00,86.55,86.55,86.55,86.55,200.0
2024-09-10 22:36:00,86.6,86.6,86.6,86.6,181.0
2024-09-10 22:42:00,86.6,86.6,86.6,86.6,259.0
2024-09-10 22:44:00,86.52,86.5485,86.52,86.5201,1728.0
2024-09-10 22:46:00,86.58,86.58,86.58,86.58,2483.0
2024-09-10 22:48:00,86.58,86.59,86.58,86.59,973.0
2024-09-10 22:52:00,86.6,86.67,86.6,86.66,1791.0
2024-09-10 22:54:00,86.7294,86.7294,86.7294,86.7294,3002.0
2024-09-10 22:58:00,86.73,86.73,86.73,86.73,346.0
2024-09-10 23:00:00,86.6984,86.6984,86.6984,86.6984,2052.0
2024-09-10 23:02:00,86.69,86.69,86.69,86.69,610.0
2024-09-10 23:04:00,86.69,86.69,86.69,86.69,553.0
2024-09-10 23:06:00,86.66,86.66,86.66,86.66,141.0
2024-09-10 23:12:00,86.67,86.67,86.66,86.66,491.0
2024-09-10 23:14:00,86.66,86.69,86.6075,86.6075,1495.0
2024-09-10 23:20:00,86.68,86.68,86.63,86.63,655.0
2024-09-10 23:22:00,86.68,86.68,86.6799,86.6799,450.0
2024-09-10 23:28:00,86.6016,86.63,86.6016,86.63,325.0
2024-09-10 23:32:00,86.6,86.6001,86.58,86.58,2788.0
2024-09-10 23:36:00,86.5205,86.53,86.52,86.52,1283.0
2024-09-10 23:38:00,86.5493,86.5493,86.46,86.46,917.0
2024-09-10 23:42:00,86.497,86.497,86.497,86.497,141.0
2024-09-10 23:50:00,86.4097,86.4097,86.4097,86.4097,354.0
2024-09-10 23:56:00,86.5,86.5,86.5,86.5,530.0
2024-09-10 23:58:00,86.4985,86.5,86.4401,86.5,5354.0
2024-09-11 08:00:00,86.3,86.3,86.3,86.3,1971.0
2024-09-11 08:02:00,86.23,86.29,86.23,86.29,824.0
2024-09-11 08:04:00,86.4,86.4,86.36,86.36,1119.0
2024-09-11 08:06:00,86.4,86.4,86.4,86.4,404.0
2024-09-11 08:12:00,86.38,86.38,86.38,86.38,347.0
2024-09-11 08:14:00,86.37,86.37,86.37,86.37,806.0
2024-09-11 08:16:00,86.41,86.41,86.4,86.4,500.0
2024-09-11 08:18:00,86.44,86.44,86.44,86.44,325.0
2024-09-11 08:20:00,86.5,86.5,86.5,86.5,400.0
2024-09-11 08:30:00,86.44,86.44,86.44,86.44,703.0
2024-09-11 08:32:00,86.39,86.39,86.35,86.35,446.0
2024-09-11 08:34:00,86.39,86.39,86.39,86.39,420.0
2024-09-11 08:44:00,86.24,86.25,86.24,86.25,260.0
2024-09-11 08:48:00,86.28,86.28,86.28,86.28,191.0
2024-09-11 08:52:00,86.21,86.21,86.21,86.21,159.0
2024-09-11 09:10:00,86.23,86.23,86.2,86.2,694.0
2024-09-11 09:18:00,86.25,86.25,86.25,86.25,100.0
2024-09-11 09:52:00,86.38,86.38,86.38,86.38,200.0
2024-09-11 09:56:00,86.39,86.39,86.39,86.39,212.0
2024-09-11 10:04:00,86.4,86.4,86.4,86.4,623.0
2024-09-11 10:08:00,86.37,86.37,86.37,86.37,271.0
2024-09-11 10:18:00,86.34,86.34,86.34,86.34,766.0
2024-09-11 10:30:00,86.24,86.24,86.0,86.1,2008.0
2024-09-11 10:36:00,86.42,86.42,86.29,86.29,1294.0
2024-09-11 10:46:00,86.22,86.22,86.22,86.22,1772.0
2024-09-11 11:00:00,86.44,86.56,86.44,86.56,4664.0
2024-09-11 11:02:00,86.55,86.55,86.45,86.45,1634.0
2024-09-11 11:12:00,86.6,86.64,86.6,86.64,1672.0
2024-09-11 11:26:00,86.5,86.51,86.5,86.51,1113.0
2024-09-11 11:36:00,86.54,86.55,86.54,86.55,382.0
2024-09-11 11:38:00,86.64,86.64,86.64,86.64,200.0
2024-09-11 11:44:00,86.65,86.65,86.64,86.64,500.0
2024-09-11 11:50:00,86.77,86.77,86.77,86.77,300.0
2024-09-11 11:52:00,86.79,86.8,86.79,86.8,863.0
2024-09-11 11:54:00,86.82,86.82,86.82,86.82,1406.0
2024-09-11 11:56:00,86.75,86.75,86.64,86.64,4979.0
2024-09-11 12:00:00,86.5,86.7804,86.05,86.38,28552.0
2024-09-11 12:06:00,86.6064,86.62,86.6064,86.62,806.0
2024-09-11 12:10:00,86.63,86.63,86.6,86.6,1041.0
2024-09-11 12:12:00,86.7,86.7,86.65,86.65,5222.0
2024-09-11 12:16:00,86.55,86.55,86.55,86.55,2130.0
2024-09-11 12:18:00,86.55,86.65,86.55,86.65,1964.0
2024-09-11 12:20:00,86.65,86.68,86.65,86.68,3703.0
2024-09-11 12:22:00,86.62,86.62,86.6,86.6,896.0
2024-09-11 12:24:00,86.59,86.6,86.59,86.6,611.0
2024-09-11 12:26:00,86.62,86.8,86.62,86.8,4198.0
2024-09-11 12:28:00,86.78,86.8398,86.78,86.78,1653.0
2024-09-11 12:30:00,86.78,86.78,86.0,86.19,9101.0
2024-09-11 12:32:00,86.1,86.25,86.1,86.2,1685.0
2024-09-11 12:34:00,86.4,86.56,86.2,86.2655,6917.0
2024-09-11 12:36:00,86.35,86.35,86.2516,86.27,7487.0
2024-09-11 12:38:00,86.54,86.8393,86.54,86.7,10303.0
2024-09-11 12:40:00,86.57,86.65,86.25,86.65,8075.0
2024-09-11 12:42:00,86.37,86.37,86.37,86.37,405.0
2024-09-11 12:44:00,86.42,86.51,86.42,86.5,1877.0
2024-09-11 12:46:00,86.55,86.65,86.55,86.65,1143.0
2024-09-11 12:50:00,86.671,86.68,86.5,86.68,4802.0
2024-09-11 12:52:00,86.68,86.68,86.68,86.68,2273.0
2024-09-11 12:54:00,86.76,86.85,86.76,86.85,2440.0
2024-09-11 12:56:00,86.94,87.34,86.94,87.34,8765.0
2024-09-11 12:58:00,87.3452,87.3452,87.14,87.14,7499.0
2024-09-11 13:00:00,87.1997,87.45,87.1997,87.45,4688.0
2024-09-11 13:02:00,87.44,87.44,87.39,87.39,3488.0
2024-09-11 13:04:00,87.33,87.37,87.2,87.3,6134.0
2024-09-11 13:06:00,87.3,87.33,87.13,87.2,5412.0
2024-09-11 13:08:00,87.1304,87.2015,87.1304,87.2015,1474.0
2024-09-11 13:10:00,87.2,87.24,87.2,87.2,2851.0
2024-09-11 13:12:00,87.22,87.35,87.2,87.35,2897.0
2024-09-11 13:14:00,87.2455,87.3487,87.2455,87.3487,3113.0
2024-09-11 13:16:00,87.3489,87.55,87.3489,87.5488,8083.0
2024-09-11 13:18:00,87.5,87.5499,87.45,87.5499,4492.0
2024-09-11 13:20:00,87.45,87.64,87.4,87.64,11403.0
2024-09-11 13:22:00,87.72,87.864,87.65,87.864,17834.0
2024-09-11 13:24:00,87.82,87.95,87.75,87.8299,11778.0
2024-09-11 13:26:00,87.7,87.96,87.7,87.83,7004.0
2024-09-11 13:28:00,87.93,88.49,87.93,88.29,25006.0
2024-09-11 13:30:00,88.2,88.5,87.63,88.45,508294.0
2024-09-11 13:32:00,88.44,88.68,88.115,88.14,220458.0
2024-09-11 13:34:00,88.15,88.26,87.55,87.68,251642.0
2024-09-11 13:36:00,87.69,88.1794,87.69,87.915,147372.0
2024-09-11 13:38:00,87.9,88.51,87.9,88.415,190155.0
2024-09-11 13:40:00,88.3901,88.7,88.14,88.66,169149.0
2024-09-11 13:42:00,88.655,88.85,88.545,88.545,201073.0
2024-09-11 13:44:00,88.545,88.87,88.3401,88.36,192823.0
2024-09-11 13:46:00,88.4,88.4,87.735,87.83,179163.0
2024-09-11 13:48:00,87.83,87.83,87.54,87.74,220445.0
2024-09-11 13:50:00,87.71,87.785,87.4,87.52,171536.0
2024-09-11 13:52:00,87.51,87.76,87.38,87.455,172260.0
2024-09-11 13:54:00,87.48,87.73,87.4642,87.68,146237.0
2024-09-11 13:56:00,87.67,87.7213,87.54,87.645,106221.0
2024-09-11 13:58:00,87.63,87.76,87.44,87.62,138854.0
2024-09-11 14:00:00,87.59,88.0,87.28,87.94,150157.0
2024-09-11 14:02:00,87.9299,87.9299,87.59,87.75,67874.0
2024-09-11 14:04:00,87.7899,88.11,87.69,87.9,96514.0
2024-09-11 14:06:00,87.885,87.96,87.7301,87.8216,43133.0
2024-09-11 14:08:00,87.79,87.79,87.62,87.677,55143.0
2024-09-11 14:10:00,87.655,87.67,87.38,87.49,61525.0
2024-09-11 14:12:00,87.49,87.63,87.355,87.54,53533.0
2024-09-11 14:14:00,87.525,87.53,86.64,86.67,187656.0
2024-09-11 14:16:00,86.67,86.818,86.57,86.78,101964.0
2024-09-11 14:18:00,86.8042,87.15,86.775,87.15,105188.0
2024-09-11 14:20:00,87.17,87.24,86.964,86.98,90669.0
2024-09-11 14:22:00,86.97,87.23,86.97,87.12,92753.0
2024-09-11 14:24:00,87.13,87.27,87.007715,87.22,58676.0
2024-09-11 14:26:00,87.2256,87.35,87.16,87.2484,44900.0
2024-09-11 14:28:00,87.3,87.31,87.0104,87.04,67349.0
2024-09-11 14:30:00,87.01,87.01,86.68,86.81,75080.0
2024-09-11 14:32:00,86.8192,86.845,86.6842,86.6842,65954.0
2024-09-11 14:34:00,86.68,86.76,86.59,86.68,37950.0
2024-09-11 14:36:00,86.67,86.81,86.65,86.69,89521.0
2024-09-11 14:38:00,86.705,86.75,86.52,86.61,55321.0
2024-09-11 14:40:00,86.6,86.68,86.47,86.505,148080.0
2024-09-11 14:42:00,86.52,86.674516,86.37,86.4,92655.0
2024-09-11 14:44:00,86.38,86.58,86.28,86.37,44258.0
2024-09-11 14:46:00,86.34,86.34,86.13,86.15,62195.0
2024-09-11 14:48:00,86.181,86.3196,86.12,86.25,54828.0
2024-09-11 14:50:00,86.24,86.29,86.145,86.16,58523.0
2024-09-11 14:52:00,86.16,86.2136,86.08,86.13,65051.0
2024-09-11 14:54:00,86.145,86.41,86.145,86.2601,63564.0
2024-09-11 14:56:00,86.315906,86.50447,86.2784,86.2784,46493.0
2024-09-11 14:58:00,86.2933,86.67,86.24,86.63,73699.0
2024-09-11 15:00:00,86.6,86.61,86.37,86.45,76389.0
2024-09-11 15:02:00,86.42,86.62,86.36,86.535,31737.0
2024-09-11 15:04:00,86.56,86.858,86.49,86.858,55103.0
2024-09-11 15:06:00,86.85,86.91,86.64,86.68,64978.0
2024-09-11 15:08:00,86.69,86.8997,86.68,86.7067,51991.0
2024-09-11 15:10:00,86.68,86.8,86.62,86.8,40494.0
2024-09-11 15:12:00,86.8,87.2,86.7998,87.165,55557.0
2024-09-11 15:14:00,87.1632,87.24,87.12,87.13,46552.0
2024-09-11 15:16:00,87.12,87.18,87.05,87.097021,40729.0
2024-09-11 15:18:00,87.08,87.108,87.01,87.05,25630.0
2024-09-11 15:20:00,87.04,87.04,86.755,86.8,50232.0
2024-09-11 15:22:00,86.82,87.03,86.76,86.975,37468.0
2024-09-11 15:24:00,86.98,87.027,86.89,86.98,40131.0
2024-09-11 15:26:00,86.97,87.06,86.905,86.905,68065.0
2024-09-11 15:28:00,86.91,87.0,86.91,86.955,30619.0
2024-09-11 15:30:00,86.967,87.0,86.89,86.9979,46540.0
2024-09-11 15:32:00,86.98,87.12,86.9084,86.93,91055.0
2024-09-11 15:34:00,86.92,86.93,86.81,86.87,72023.0
2024-09-11 15:36:00,86.87,87.0956,86.835,87.07,63566.0
2024-09-11 15:38:00,87.075,87.37,87.075,87.29,57283.0
2024-09-11 15:40:00,87.24,87.49,87.23,87.4252,48482.0
2024-09-11 15:42:00,87.4201,87.565,87.39,87.485,59472.0
2024-09-11 15:44:00,87.49,87.6,87.46,87.48,65544.0
2024-09-11 15:46:00,87.49,87.69,87.48,87.49,73384.0
2024-09-11 15:48:00,87.52,87.565,87.33,87.37,75410.0
2024-09-11 15:50:00,87.39,87.47,87.34,87.3436,48283.0
2024-09-11 15:52:00,87.349488,87.41,87.22,87.24,32995.0
2024-09-11 15:54:00,87.23,87.32,87.18,87.18,25394.0
2024-09-11 15:56:00,87.18,87.2079,86.94,87.0,38674.0
2024-09-11 15:58:00,87.01,87.34,87.01,87.315,58056.0
2024-09-11 16:00:00,87.3499,87.3995,87.25,87.28,41241.0
2024-09-11 16:02:00,87.31,87.74,87.29,87.72,77586.0
2024-09-11 16:04:00,87.71,88.06,87.645,87.95,147597.0
2024-09-11 16:06:00,87.96,88.015,87.819,87.86,68884.0
2024-09-11 16:08:00,87.855,87.89,87.55,87.6,56998.0
2024-09-11 16:10:00,87.6,87.755,87.5699,87.75,46477.0
2024-09-11 16:12:00,87.74,87.8063,87.6,87.62,36812.0
2024-09-11 16:14:00,87.63,88.09,87.63,88.005,98305.0
2024-09-11 16:16:00,88.015,88.05,87.82,87.97,68759.0
2024-09-11 16:18:00,87.985,88.15,87.9431,88.12,76617.0
2024-09-11 16:20:00,88.1,88.32,88.1,88.25,78127.0
2024-09-11 16:22:00,88.3,88.33,87.97,88.09,64925.0
2024-09-11 16:24:00,88.105,88.21,88.03,88.1864,36066.0
2024-09-11 16:26:00,88.17,88.28,88.12,88.25,48004.0
2024-09-11 16:28:00,88.24,88.34,88.19,88.31,67142.0
2024-09-11 16:30:00,88.315,88.38,88.2201,88.259,57851.0
2024-09-11 16:32:00,88.27,88.323941,88.12,88.13,41925.0
2024-09-11 16:34:00,88.14,88.19,88.03,88.09,49417.0
2024-09-11 16:36:00,88.1,88.385,88.1,88.385,45342.0
2024-09-11 16:38:00,88.3811,88.62,88.33,88.59,126470.0
2024-09-11 16:40:00,88.6,88.65,88.26,88.285,46472.0
2024-09-11 16:42:00,88.31,88.345,88.245,88.295,39255.0
2024-09-11 16:44:00,88.28,88.28,88.06,88.12,38408.0
2024-09-11 16:46:00,88.125,88.16,88.02,88.04,39239.0
2024-09-11 16:48:00,88.0276,88.15,88.0,88.055,68035.0
2024-09-11 16:50:00,88.045,88.14,88.0284,88.14,41202.0
2024-09-11 16:52:00,88.136,88.22,88.08,88.14,32920.0
2024-09-11 16:54:00,88.16,88.2599,88.16,88.22,40306.0
2024-09-11 16:56:00,88.24,88.26,88.01,88.09,53291.0
2024-09-11 16:58:00,88.09,88.21,88.07,88.085,54072.0
2024-09-11 17:00:00,88.08,88.152,88.02,88.13,32514.0
2024-09-11 17:02:00,88.14,88.415,88.1301,88.4,58106.0
2024-09-11 17:04:00,88.41,88.45,88.27,88.32,105749.0
2024-09-11 17:06:00,88.35,88.58,88.28,88.49,56821.0
2024-09-11 17:08:00,88.49,88.49,88.33,88.357357,54774.0
2024-09-11 17:10:00,88.37,88.57,88.37,88.555,50061.0
2024-09-11 17:12:00,88.55,88.71,88.53,88.585,85565.0
2024-09-11 17:14:00,88.575,88.68,88.536,88.59,83524.0
2024-09-11 17:16:00,88.61,88.6713,88.46,88.4928,58374.0
2024-09-11 17:18:00,88.48,88.5199,88.36,88.37,48497.0
2024-09-11 17:20:00,88.38,88.39,88.22,88.38,61944.0
2024-09-11 17:22:00,88.34,88.44,88.33,88.36,42500.0
2024-09-11 17:24:00,88.36,88.44,88.31,88.41,35347.0
2024-09-11 17:26:00,88.41,88.44,88.39,88.42,20670.0
2024-09-11 17:28:00,88.42,88.53,88.38,88.44,55502.0
2024-09-11 17:30:00,88.44,88.58,88.37,88.42,53334.0
2024-09-11 17:32:00,88.365,88.4,88.301,88.3897,33722.0
2024-09-11 17:34:00,88.375,88.425,88.32,88.4,36863.0
2024-09-11 17:36:00,88.42,88.45,88.29,88.32,55373.0
2024-09-11 17:38:00,88.32,88.495,88.32,88.44,67754.0
2024-09-11 17:40:00,88.45,88.49,88.36,88.4898,30049.0
2024-09-11 17:42:00,88.49,88.5999,88.48,88.485,58546.0
2024-09-11 17:44:00,88.5,88.68,88.5,88.63,49689.0
2024-09-11 17:46:00,88.635,88.84,88.62,88.84,57739.0
2024-09-11 17:48:00,88.82,88.93,88.82,88.905,68765.0
2024-09-11 17:50:00,88.89,88.9199,88.82,88.87,55004.0
2024-09-11 17:52:00,88.86,88.87,88.68,88.68,64034.0
2024-09-11 17:54:00,88.67,88.7,88.52,88.645,56228.0
2024-09-11 17:56:00,88.66,88.66,88.37,88.46,84359.0
2024-09-11 17:58:00,88.45,88.62,88.44,88.61,46773.0
2024-09-11 18:00:00,88.6,88.61,88.47,88.51,69179.0
2024-09-11 18:02:00,88.53,88.58,88.48,88.53,58618.0
2024-09-11 18:04:00,88.54,88.78,88.52,88.77,128956.0
2024-09-11 18:06:00,88.77,88.89,88.76,88.88,80018.0
2024-09-11 18:08:00,88.87,88.87,88.7701,88.8219,56911.0
2024-09-11 18:10:00,88.825,88.9265,88.811,88.8636,63394.0
2024-09-11 18:12:00,88.85,88.93,88.84,88.915,57001.0
2024-09-11 18:14:00,88.922,88.98,88.81,88.8801,92229.0
2024-09-11 18:16:00,88.88,88.9898,88.78,88.78,80878.0
2024-09-11 18:18:00,88.7803,88.94,88.73,88.9,95793.0
2024-09-11 18:20:00,88.92,89.06,88.92,89.06,90074.0
2024-09-11 18:22:00,89.06,89.1,88.97,88.985,76696.0
2024-09-11 18:24:00,89.01,89.13,89.01,89.11,41968.0
2024-09-11 18:26:00,89.105,89.46,89.0888,89.45,115398.0
2024-09-11 18:28:00,89.455,89.54,89.4,89.5,79274.0
2024-09-11 18:30:00,89.51,89.55,89.4,89.46,73231.0
2024-09-11 18:32:00,89.46,89.59,89.38,89.56,55843.0
2024-09-11 18:34:00,89.55,89.5899,89.4227,89.51,62490.0
2024-09-11 18:36:00,89.505,89.62,89.4149,89.61,91838.0
2024-09-11 18:38:00,89.61,89.7,89.59,89.65,70602.0
2024-09-11 18:40:00,89.65,89.81,89.64,89.8064,128329.0
2024-09-11 18:42:00,89.8,89.97,89.76,89.805,110714.0
2024-09-11 18:44:00,89.8,89.87,89.6101,89.6101,92575.0
2024-09-11 18:46:00,89.64,89.6994,89.555,89.61,105206.0
2024-09-11 18:48:00,89.61,89.735,89.605,89.63,139500.0
2024-09-11 18:50:00,89.6124,89.62,89.46,89.516,70325.0
2024-09-11 18:52:00,89.5101,89.5533,89.3001,89.35,64452.0
2024-09-11 18:54:00,89.36,89.62,89.31,89.59,179764.0
2024-09-11 18:56:00,89.6,89.635,89.475,89.535,60132.0
2024-09-11 18:58:00,89.54,89.595,89.52,89.57,44245.0
2024-09-11 19:00:00,89.55,89.55,89.38,89.4388,94916.0
2024-09-11 19:02:00,89.44,89.47,89.19,89.19,80340.0
2024-09-11 19:04:00,89.21,89.29,89.14755,89.28,70452.0
2024-09-11 19:06:00,89.29,89.555,89.283173,89.55,83183.0
2024-09-11 19:08:00,89.555,89.6162,89.5,89.58,61061.0
2024-09-11 19:10:00,89.57,89.58,89.5,89.535,62567.0
2024-09-11 19:12:00,89.53,89.7,89.45,89.69,81262.0
2024-09-11 19:14:00,89.7,89.88,89.68,89.83,97262.0
2024-09-11 19:16:00,89.835,89.9498,89.65,89.7399,105475.0
2024-09-11 19:18:00,89.73,89.96,89.725,89.96,80085.0
2024-09-11 19:20:00,89.96,89.9899,89.775,89.79,109118.0
2024-09-11 19:22:00,89.78,89.81,89.63,89.72,106506.0
2024-09-11 19:24:00,89.72,89.82,89.701,89.8,77286.0
2024-09-11 19:26:00,89.79,89.98,89.71,89.945,160684.0
2024-09-11 19:28:00,89.93,90.13,89.93,90.11,141594.0
2024-09-11 19:30:00,90.11,90.15,90.02,90.13,97888.0
2024-09-11 19:32:00,90.12,90.324,90.12,90.27,173865.0
2024-09-11 19:34:00,90.27,90.44,90.24,90.32,116952.0
2024-09-11 19:36:00,90.32,90.38,90.1035,90.195,156304.0
2024-09-11 19:38:00,90.19,90.28,90.16,90.19,80428.0
2024-09-11 19:40:00,90.19,90.2325,90.07,90.15,77015.0
2024-09-11 19:42:00,90.14,90.17,89.99,90.02,143569.0
2024-09-11 19:44:00,90.02,90.27,90.02,90.27,105233.0
2024-09-11 19:46:00,90.28,90.34,90.26,90.315,111329.0
2024-09-11 19:48:00,90.31,90.4793,90.24,90.41,142719.0
2024-09-11 19:50:00,90.4,90.425,90.13,90.405,218793.0
2024-09-11 19:52:00,90.41,90.505,90.32,90.4,266488.0
2024-09-11 19:54:00,90.4,90.61,90.37,90.555,330333.0
2024-09-11 19:56:00,90.555,90.6699,90.485,90.655,301498.0
2024-09-11 19:58:00,90.65,90.83,90.625,90.68,713914.0
2024-09-11 20:00:00,90.65,90.79,90.51,90.6101,107984.0
2024-09-11 20:02:00,90.6103,90.72,90.6,90.65,8216.0
2024-09-11 20:04:00,90.65,90.71,90.55,90.71,17564.0
2024-09-11 20:06:00,90.68,90.7998,90.67,90.7998,2691.0
2024-09-11 20:08:00,90.7,90.7,90.63,90.63,6876.0
2024-09-11 20:10:00,90.660878,90.8,90.6308,90.79,6387.0
2024-09-11 20:12:00,90.8,90.8268,90.78,90.78,1107.0
2024-09-11 20:14:00,90.66,90.7745,90.66,90.6807,1573.0
2024-09-11 20:16:00,90.6803,90.6803,90.661,90.661,1459.0
2024-09-11 20:18:00,90.754,90.754,90.66,90.66,1156.0
2024-09-11 20:20:00,90.65,90.69,90.65,90.69,1521.0
2024-09-11 20:22:00,90.65,90.66,90.65,90.66,485.0
2024-09-11 20:24:00,90.66,90.66,90.65,90.65,1699.0
2024-09-11 20:26:00,90.65,90.7099,90.59,90.59,13986.0
2024-09-11 20:30:00,90.58,90.64,90.56,90.63,4383.0
2024-09-11 20:32:00,90.6,90.64,90.56,90.59,4256.0
2024-09-11 20:34:00,90.56,90.59,90.56,90.59,9943.0
2024-09-11 20:36:00,90.59,90.59,90.4742,90.4742,12653.0
2024-09-11 20:38:00,90.5,90.52,90.45,90.46,8914.0
2024-09-11 20:40:00,90.4504,90.5899,90.4504,90.5899,915.0
2024-09-11 20:42:00,90.55,90.59,90.55,90.59,6317.0
2024-09-11 20:44:00,90.49,90.49,90.42,90.42,2354.0
2024-09-11 20:46:00,90.48,90.65,90.41,90.65,5533.0
2024-09-11 20:48:00,90.48,90.63,90.417,90.63,1958.0
2024-09-11 20:50:00,90.5104,90.5104,90.5104,90.5104,175.0
2024-09-11 20:52:00,90.64,90.64,90.55,90.55,281.0
2024-09-11 20:54:00,90.65,90.65,90.5217,90.55,150039.0
2024-09-11 20:56:00,90.52,90.52,90.4015,90.4015,1139.0
2024-09-11 20:58:00,90.47,90.55,90.47,90.55,854.0
2024-09-11 21:00:00,90.55,90.55,90.51,90.51,964.0
2024-09-11 21:04:00,90.46,90.46,90.46,90.46,176.0
2024-09-11 21:06:00,90.46,90.46,90.45,90.45,1380.0
2024-09-11 21:08:00,90.4598,90.4599,90.4598,90.4599,1088.0
2024-09-11 21:10:00,90.46,90.47,90.46,90.46,1964.0
2024-09-11 21:12:00,90.46,90.46,90.45,90.45,1314.0
2024-09-11 21:14:00,90.4,90.4,90.33,90.33,1814.0
2024-09-11 21:16:00,90.303,90.3101,90.303,90.31,667.0
2024-09-11 21:18:00,90.3,90.3,90.3,90.3,325.0
2024-09-11 21:20:00,90.3897,90.3897,90.2975,90.35,1109.0
2024-09-11 21:22:00,90.39,90.39,90.39,90.39,172.0
2024-09-11 21:24:00,90.4,90.45,90.4,90.45,614.0
2024-09-11 21:26:00,90.46,90.47,90.45,90.45,1316.0
2024-09-11 21:28:00,90.45,90.45,90.45,90.45,254.0
2024-09-11 21:32:00,90.32,90.32,90.32,90.32,980.0
2024-09-11 21:34:00,90.3499,90.3499,90.3499,90.3499,1117.0
2024-09-11 21:38:00,90.28,90.3499,90.27,90.3499,9344.0
2024-09-11 21:40:00,90.23,90.23,90.23,90.23,352.0
2024-09-11 21:42:00,90.1901,90.1901,90.19,90.19,2745.0
2024-09-11 21:44:00,90.3,90.3583,90.3,90.3583,558.0
2024-09-11 21:52:00,90.32,90.32,90.32,90.32,390.0
2024-09-11 21:54:00,90.32,90.32,90.32,90.32,601.0
2024-09-11 21:56:00,90.208,90.208,90.208,90.208,285.0
2024-09-11 21:58:00,90.19,90.19,90.15,90.15,840.0
2024-09-11 22:10:00,90.2,90.2,90.18,90.18,517.0
2024-09-11 22:18:00,90.22,90.22,90.22,90.22,230.0
2024-09-11 22:26:00,90.3,90.3,90.3,90.3,501.0
2024-09-11 22:28:00,90.2026,90.31,90.2026,90.31,695.0
2024-09-11 22:30:00,90.3,90.3,90.2,90.2,891.0
2024-09-11 22:32:00,90.1516,90.25,90.1516,90.25,835.0
2024-09-11 22:34:00,90.25,90.25,90.25,90.25,110.0
2024-09-11 22:38:00,90.2495,90.25,90.2495,90.25,1235.0
2024-09-11 22:40:00,90.21,90.21,90.21,90.21,233.0
2024-09-11 22:44:00,90.25,90.25,90.24,90.24,627.0
2024-09-11 22:46:00,90.2,90.3,90.2,90.3,2172.0
2024-09-11 22:52:00,90.29,90.3,90.2033,90.2033,674.0
2024-09-11 22:54:00,90.32,90.32,90.32,90.32,100.0
2024-09-11 22:56:00,90.25,90.32,90.25,90.32,1149.0
2024-09-11 22:58:00,90.31,90.31,90.31,90.31,330.0
2024-09-11 23:00:00,90.31,90.31,90.31,90.31,300.0
2024-09-11 23:06:00,90.31,90.3198,90.31,90.3198,331.0
2024-09-11 23:08:00,90.3,90.3,90.3,90.3,505.0
2024-09-11 23:12:00,90.2085,90.2085,90.2085,90.2085,500.0
2024-09-11 23:16:00,90.31,90.31,90.31,90.31,208.0
2024-09-11 23:20:00,90.32,90.32,90.32,90.32,101.0
2024-09-11 23:22:00,90.3188,90.32,90.3188,90.32,5793.0
2024-09-11 23:26:00,90.2385,90.2385,90.2385,90.2385,234.0
2024-09-11 23:30:00,90.43,90.43,90.43,90.43,226.0
2024-09-11 23:38:00,90.48,90.48,90.48,90.48,500.0
2024-09-11 23:40:00,90.37,90.38,90.37,90.38,1738.0
2024-09-11 23:42:00,90.4996,90.4996,90.47,90.47,253.0
2024-09-11 23:46:00,90.4877,90.4877,90.4877,90.4877,173.0
2024-09-11 23:48:00,90.48,90.48,90.48,90.48,611.0
2024-09-11 23:52:00,90.36,90.36,90.36,90.36,107.0
2024-09-11 23:54:00,90.36,90.4919,90.36,90.43,708.0
2024-09-11 23:56:00,90.48,90.4997,90.48,90.4997,433.0
2024-09-11 23:58:00,90.5,90.5,90.33,90.33,2200.0
2024-09-12 08:00:00,89.38,91.0,88.33,88.39,15015.0
2024-09-12 08:02:00,88.5,88.71,88.5,88.65,7007.0
2024-09-12 08:04:00,88.51,88.56,88.38,88.5,5915.0
2024-09-12 08:06:00,88.5,88.59,88.47,88.59,4251.0
2024-09-12 08:08:00,88.5,88.59,88.5,88.59,2294.0
2024-09-12 08:10:00,88.66,88.87,88.66,88.87,851.0
2024-09-12 08:12:00,88.89,88.89,88.79,88.79,2589.0
2024-09-12 08:14:00,88.78,88.78,88.77,88.77,3513.0
2024-09-12 08:16:00,88.78,88.85,88.78,88.85,878.0
2024-09-12 08:18:00,88.93,89.13,88.93,88.96,5348.0
2024-09-12 08:20:00,88.96,88.96,88.8,88.8,5705.0
2024-09-12 08:22:00,88.88,88.88,88.88,88.88,1747.0
2024-09-12 08:24:00,88.99,88.99,88.99,88.99,381.0
2024-09-12 08:26:00,89.0,89.0,89.0,89.0,556.0
2024-09-12 08:28:00,88.97,89.03,88.91,89.03,2227.0
2024-09-12 08:30:00,88.86,88.86,88.86,88.86,295.0
2024-09-12 08:32:00,89.0,89.03,88.98,89.03,1270.0
2024-09-12 08:34:00,89.03,89.11,88.99,89.0,4375.0
2024-09-12 08:36:00,88.99,89.0,88.98,88.98,1787.0
2024-09-12 08:38:00,89.0,89.0,89.0,89.0,454.0
2024-09-12 08:40:00,89.1,89.1,89.1,89.1,260.0
2024-09-12 08:44:00,89.19,89.33,89.19,89.33,2843.0
2024-09-12 08:50:00,89.23,89.23,89.06,89.06,4347.0
2024-09-12 08:52:00,89.09,89.1,89.09,89.1,3244.0
2024-09-12 08:54:00,89.06,89.06,88.9,88.9,5485.0
2024-09-12 08:56:00,88.79,88.79,88.7,88.7,4175.0
2024-09-12 08:58:00,88.69,88.77,88.69,88.77,7990.0
2024-09-12 09:00:00,88.77,88.77,88.77,88.77,253.0
2024-09-12 09:02:00,88.77,88.77,88.77,88.77,221.0
2024-09-12 09:04:00,88.8,88.8,88.8,88.8,509.0
2024-09-12 09:06:00,88.8,88.8,88.8,88.8,462.0
2024-09-12 09:08:00,88.88,88.89,88.88,88.89,669.0
2024-09-12 09:10:00,88.96,88.96,88.9,88.91,1067.0
2024-09-12 09:12:00,88.94,88.94,88.94,88.94,176.0
2024-09-12 09:14:00,88.89,88.89,88.89,88.89,1135.0
2024-09-12 09:18:00,88.87,88.99,88.87,88.88,2386.0
2024-09-12 09:22:00,88.94,89.0,88.94,89.0,2292.0
2024-09-12 09:28:00,88.89,88.89,88.89,88.89,698.0
2024-09-12 09:38:00,88.97,88.97,88.93,88.93,1547.0
2024-09-12 09:40:00,88.92,89.0,88.92,89.0,1376.0
2024-09-12 09:42:00,89.0,89.0,89.0,89.0,500.0
2024-09-12 09:44:00,88.99,89.0,88.99,89.0,500.0
2024-09-12 09:46:00,89.0,89.0,88.99,89.0,2937.0
2024-09-12 09:48:00,89.02,89.02,89.02,89.02,245.0
2024-09-12 09:50:00,89.2,89.2,89.0,89.0,2873.0
2024-09-12 09:52:00,89.0,89.01,88.9,88.9,5605.0
2024-09-12 09:54:00,88.99,89.0,88.69,88.7,4825.0
2024-09-12 09:56:00,88.73,88.73,88.67,88.7,1633.0
2024-09-12 09:58:00,88.79,88.79,88.5,88.69,6965.0
2024-09-12 10:00:00,88.68,88.69,88.68,88.69,310.0
2024-09-12 10:02:00,88.66,88.66,88.66,88.66,306.0
2024-09-12 10:04:00,88.5,88.85,88.5,88.7,2606.0
2024-09-12 10:06:00,88.84,89.97,88.84,89.0,12513.0
2024-09-12 10:08:00,89.11,89.11,89.11,89.11,1939.0
2024-09-12 10:10:00,89.13,89.13,88.96,88.96,1666.0
2024-09-12 10:14:00,88.89,88.95,88.49,88.5,13601.0
2024-09-12 10:16:00,88.5,88.52,88.48,88.51,2278.0
2024-09-12 10:18:00,88.73,88.73,88.73,88.73,126.0
2024-09-12 10:20:00,88.7,88.7,88.6,88.7,1805.0
2024-09-12 10:22:00,88.65,88.7,88.65,88.7,529.0
2024-09-12 10:24:00,88.66,88.66,88.58,88.6,5103.0
2024-09-12 10:26:00,88.55,88.55,88.4,88.4,3131.0
2024-09-12 10:28:00,88.47,88.47,88.25,88.29,16821.0
2024-09-12 10:30:00,88.27,88.38,88.27,88.38,8633.0
2024-09-12 10:32:00,88.45,88.45,87.7,87.9,90123.0
2024-09-12 10:34:00,87.89,87.9,87.7,87.79,10137.0
2024-09-12 10:36:00,87.99,88.0,87.99,87.99,1405.0
2024-09-12 10:38:00,88.1,88.1,88.0,88.1,792.0
2024-09-12 10:40:00,87.9,88.0,87.9,88.0,1612.0
2024-09-12 10:42:00,87.99,88.2,87.99,88.2,2539.0
2024-09-12 10:44:00,88.2,88.2,88.2,88.2,171.0
2024-09-12 10:46:00,88.2,88.2,88.2,88.2,159.0
2024-09-12 10:50:00,88.18,88.18,88.1,88.1,3159.0
2024-09-12 10:52:00,88.05,88.1,88.05,88.1,2457.0
2024-09-12 10:54:00,88.18,88.28,88.1,88.2,4414.0
2024-09-12 10:56:00,88.21,88.21,88.15,88.19,759.0
2024-09-12 10:58:00,88.2,88.2,88.2,88.2,590.0
2024-09-12 11:00:00,88.28,88.4,88.1,88.2,13964.0
2024-09-12 11:02:00,88.25,88.25,87.99,88.0,13685.0
2024-09-12 11:04:00,88.03,88.04,87.78,87.8,5398.0
2024-09-12 11:06:00,87.78,87.82,87.7,87.72,11062.0
2024-09-12 11:08:00,87.78,87.9,87.78,87.9,8579.0
2024-09-12 11:10:00,87.85,87.85,87.75,87.85,2389.0
2024-09-12 11:12:00,87.88,88.0,87.82,88.0,6039.0
2024-09-12 11:14:00,87.94,87.94,87.9,87.9,3182.0
2024-09-12 11:16:00,87.84,87.85,87.73,87.76,5849.0
2024-09-12 11:18:00,87.79,87.79,87.74,87.74,1792.0
2024-09-12 11:20:00,87.74,87.76,87.73,87.76,1733.0
2024-09-12 11:22:00,87.79,87.8,87.76,87.8,4257.0
2024-09-12 11:24:00,87.87,87.87,87.75,87.75,4883.0
2024-09-12 11:26:00,87.71,87.71,87.63,87.63,4517.0
2024-09-12 11:28:00,87.66,87.7,87.56,87.56,6724.0
2024-09-12 11:30:00,87.55,87.55,87.39,87.41,9062.0
2024-09-12 11:32:00,87.43,87.6,87.43,87.6,10390.0
2024-09-12 11:34:00,87.54,87.7,87.54,87.7,5615.0
2024-09-12 11:36:00,87.8,87.8,87.69,87.69,2402.0
2024-09-12 11:38:00,87.67,87.75,87.67,87.74,6415.0
2024-09-12 11:40:00,87.7,87.75,87.6,87.61,9722.0
2024-09-12 11:42:00,87.64,87.65,87.45,87.49,14428.0
2024-09-12 11:44:00,87.49,87.49,87.42,87.46,3161.0
2024-09-12 11:46:00,87.46,87.59,87.45,87.57,11167.0
2024-09-12 11:48:00,87.59,87.68,87.59,87.68,9501.0
2024-09-12 11:50:00,87.7,87.7,87.68,87.69,1371.0
2024-09-12 11:52:00,87.7,87.88,87.7,87.88,4501.0
2024-09-12 11:54:00,87.87,87.87,87.75,87.8,39534.0
2024-09-12 11:56:00,87.8,87.8,87.75,87.8,4001.0
2024-09-12 11:58:00,87.75,87.8,87.75,87.75,10337.0
2024-09-12 12:00:00,88.14,91.21,87.31,87.75,232520.0
2024-09-12 12:02:00,87.66,87.9668,87.66,87.89,27756.0
2024-09-12 12:04:00,87.88,88.0,87.857,87.97,21723.0
2024-09-12 12:06:00,87.902,88.05,87.9,88.01,49640.0
2024-09-12 12:08:00,88.05,88.07,87.974,88.05,19737.0
2024-09-12 12:10:00,88.0,88.05,87.9799,88.04,8700.0
2024-09-12 12:12:00,88.05,88.05,87.8898,87.97,7846.0
2024-09-12 12:14:00,87.89,88.04,87.87,87.99,6714.0
2024-09-12 12:16:00,87.9999,88.04,87.9005,88.04,7023.0
2024-09-12 12:18:00,88.08,88.19,88.0,88.1,8982.0
2024-09-12 12:20:00,88.08,88.15,88.08,88.1389,4196.0
2024-09-12 12:22:00,88.08,88.1497,88.08,88.08,4666.0
2024-09-12 12:24:00,88.1,88.1199,88.01,88.01,11680.0
2024-09-12 12:26:00,88.1,88.12,88.02,88.12,40057.0
2024-09-12 12:28:00,88.12,88.3025,88.02,88.02,14830.0
2024-09-12 12:30:00,88.02,88.02,87.73,87.74,21755.0
2024-09-12 12:32:00,87.73,87.75,87.5,87.5,40197.0
2024-09-12 12:34:00,87.52,87.7,87.51,87.56,24015.0
2024-09-12 12:36:00,87.5,87.5,86.86,87.0,95158.0
2024-09-12 12:38:00,87.0,87.2399,86.95,87.14,46894.0
2024-09-12 12:40:00,87.1,87.4,87.1,87.3,27831.0
2024-09-12 12:42:00,87.3,87.6,87.3,87.6,45261.0
2024-09-12 12:44:00,87.58,87.7,87.58,87.6145,25037.0
2024-09-12 12:46:00,87.62,87.62,87.5,87.61,27825.0
2024-09-12 12:48:00,87.68,87.76,87.6,87.76,9154.0
2024-09-12 12:50:00,87.75,87.85,87.75,87.85,23140.0
2024-09-12 12:52:00,87.85,87.85,87.7,87.75,10798.0
2024-09-12 12:54:00,87.75,87.8,87.55,87.8,37672.0
2024-09-12 12:56:00,87.7017,87.7017,87.66,87.7,3195.0
2024-09-12 12:58:00,87.68,87.68,87.376,87.42,24892.0
2024-09-12 13:00:00,87.37,87.58,87.3,87.58,28634.0
2024-09-12 13:02:00,87.57,87.61,87.5,87.6,9647.0
2024-09-12 13:04:00,87.6,87.7,87.5026,87.6496,4643.0
2024-09-12 13:06:00,87.55,87.6,87.51,87.6,4435.0
2024-09-12 13:08:00,87.59,87.6,87.56,87.595,17035.0
2024-09-12 13:10:00,87.56,87.6,87.55,87.55,8687.0
2024-09-12 13:12:00,87.5806,87.6455,87.55,87.55,10248.0
2024-09-12 13:14:00,87.56,87.65,87.55,87.65,27970.0
2024-09-12 13:16:00,87.6,87.61,87.55,87.6,1504.0
2024-09-12 13:18:00,87.55,87.6,87.353,87.6,13792.0
2024-09-12 13:20:00,87.45,87.5,87.38,87.495,8042.0
2024-09-12 13:22:00,87.4999,87.6,87.4999,87.59,7269.0
2024-09-12 13:24:00,87.4,87.62,87.4,87.41,12220.0
2024-09-12 13:26:00,87.37,87.63,86.73,87.24,68146.0
2024-09-12 13:28:00,87.19,87.19,87.0016,87.1,24137.0
2024-09-12 13:30:00,87.1,87.13,84.12,84.85,2417357.0
2024-09-12 13:32:00,84.83,85.63,84.43,85.12,1084588.0
2024-09-12 13:34:00,85.22,85.84,85.18,85.54,689320.0
2024-09-12 13:36:00,85.54,86.09,85.1,85.95,600347.0
2024-09-12 13:38:00,85.9289,86.04,85.47,85.9,403403.0
2024-09-12 13:40:00,85.93,86.25,85.66,85.872832,396122.0
2024-09-12 13:42:00,85.9,86.24,85.71,85.8299,300720.0
2024-09-12 13:44:00,85.82,85.86,85.57,85.6495,222735.0
2024-09-12 13:46:00,85.62,85.67,85.04,85.08,314873.0
2024-09-12 13:48:00,85.08,85.23,84.8,85.04,403800.0
2024-09-12 13:50:00,85.1,85.14,84.8,84.92,324258.0
2024-09-12 13:52:00,84.93,85.33,84.88,85.28,325340.0
2024-09-12 13:54:00,85.3,85.53,85.155,85.34,278568.0
2024-09-12 13:56:00,85.34,85.5,85.05,85.08,214229.0
2024-09-12 13:58:00,85.12,85.57,85.1,85.5136,279577.0
2024-09-12 14:00:00,85.515,85.72,85.24,85.685,291851.0
2024-09-12 14:02:00,85.685,85.95,85.6303,85.95,287282.0
2024-09-12 14:04:00,85.935,85.95,85.602,85.87,241213.0
2024-09-12 14:06:00,85.8684,86.2,85.84,86.11,318895.0
2024-09-12 14:08:00,86.105,86.33,85.85,86.29,251099.0
2024-09-12 14:10:00,86.32,86.66,86.17,86.38,301362.0
2024-09-12 14:12:00,86.39,86.7643,86.383,86.71,197249.0
2024-09-12 14:14:00,86.72,86.83,86.400484,86.53,225646.0
2024-09-12 14:16:00,86.53,86.85,86.528,86.77,209447.0
2024-09-12 14:18:00,86.76,87.07,86.75,86.7967,248368.0
2024-09-12 14:20:00,86.82,86.9096,86.71,86.86,240455.0
2024-09-12 14:22:00,86.86,87.25,86.85,87.105,209730.0
2024-09-12 14:24:00,87.1,87.2099,86.7304,87.18,184437.0
2024-09-12 14:26:00,87.17,87.3,87.05,87.06,235429.0
2024-09-12 14:28:00,87.05,87.25,87.01,87.145,137879.0
2024-09-12 14:30:00,87.11,87.37,87.03,87.36,139482.0
2024-09-12 14:32:00,87.3601,87.69,87.27,87.65,228132.0
2024-09-12 14:34:00,87.66,87.75,86.84,87.185,284266.0
2024-09-12 14:36:00,87.1707,87.19,86.87,87.085,199101.0
2024-09-12 14:38:00,87.09,87.226,86.84,86.94,139094.0
2024-09-12 14:40:00,86.95,87.17,86.73,86.76,148200.0
2024-09-12 14:42:00,86.78,86.98,86.73,86.94,147652.0
2024-09-12 14:44:00,86.95,87.04,86.77,87.005,122443.0
2024-09-12 14:46:00,87.01,87.1,86.51,86.6,188563.0
2024-09-12 14:48:00,86.59,86.7699,86.4,86.71,127170.0
2024-09-12 14:50:00,86.68,86.85,86.5539,86.65,104064.0
2024-09-12 14:52:00,86.65,86.7499,86.4401,86.6085,92056.0
2024-09-12 14:54:00,86.6,86.81,86.58,86.69,142759.0
2024-09-12 14:56:00,86.69,86.91,86.35,86.38,120752.0
2024-09-12 14:58:00,86.3984,86.48,86.2,86.29,133342.0
2024-09-12 15:00:00,86.3,86.365,86.13,86.35,94139.0
2024-09-12 15:02:00,86.365,86.45,86.3,86.44,69372.0
2024-09-12 15:04:00,86.4499,86.78,86.44,86.714814,114171.0
2024-09-12 15:06:00,86.6997,86.8166,86.43,86.4699,103623.0
2024-09-12 15:08:00,86.4,86.79,86.39,86.7798,101810.0
2024-09-12 15:10:00,86.79,86.95,86.696708,86.91,137227.0
2024-09-12 15:12:00,86.93,87.37,86.93,87.31,217929.0
2024-09-12 15:14:00,87.3,87.3,86.84,86.88,103993.0
2024-09-12 15:16:00,86.88,86.98,86.7101,86.92,122684.0
2024-09-12 15:18:00,86.98,87.0,86.835,86.93,63034.0
2024-09-12 15:20:00,86.95,86.96,86.8,86.86,69243.0
2024-09-12 15:22:00,86.831,86.96,86.729587,86.745,85882.0
2024-09-12 15:24:00,86.755297,86.78,86.59,86.6446,185426.0
2024-09-12 15:26:00,86.64,86.72,86.45,86.7,116980.0
2024-09-12 15:28:00,86.7,86.77,86.52,86.6355,67143.0
2024-09-12 15:30:00,86.633,86.68,86.49,86.625,67043.0
2024-09-12 15:32:00,86.61,86.675,86.59,86.6,34620.0
2024-09-12 15:34:00,86.6,86.718,86.49,86.63,76768.0
2024-09-12 15:36:00,86.64,86.8304,86.64,86.8,56814.0
2024-09-12 15:38:00,86.815,86.815,86.57,86.57,55295.0
2024-09-12 15:40:00,86.57,86.64,86.52,86.61,72131.0
2024-09-12 15:42:00,86.61,86.61,86.44,86.46,66882.0
2024-09-12 15:44:00,86.43,86.5,86.26,86.3,75590.0
2024-09-12 15:46:00,86.285,86.3,86.09,86.28,94449.0
2024-09-12 15:48:00,86.25,86.25,86.13,86.17,67306.0
2024-09-12 15:50:00,86.2,86.3,86.12,86.2233,170239.0
2024-09-12 15:52:00,86.22,86.44,86.22,86.34,134965.0
2024-09-12 15:54:00,86.34,86.57,86.27,86.46,85411.0
2024-09-12 15:56:00,86.44,86.5,86.385,86.4,40342.0
2024-09-12 15:58:00,86.4,86.415,86.23,86.33,51666.0
2024-09-12 16:00:00,86.32,86.4874,86.29,86.44,183837.0
2024-09-12 16:02:00,86.44,86.68,86.43,86.65,80268.0
2024-09-12 16:04:00,86.66,86.83,86.6401,86.705,64280.0
2024-09-12 16:06:00,86.71,86.925,86.7,86.82,72956.0
2024-09-12 16:08:00,86.815,86.85,86.67,86.74,88226.0
2024-09-12 16:10:00,86.735,86.79,86.7,86.78,76213.0
2024-09-12 16:12:00,86.745,86.755,86.62,86.685,43124.0
2024-09-12 16:14:00,86.675,86.79,86.66,86.66,79582.0
2024-09-12 16:16:00,86.66,86.73,86.64,86.68,51955.0
2024-09-12 16:18:00,86.675,86.69,86.51,86.55,57061.0
2024-09-12 16:20:00,86.58,86.62,86.4584,86.52,66589.0
2024-09-12 16:22:00,86.52,86.54,86.33,86.38,76756.0
2024-09-12 16:24:00,86.3791,86.54,86.34,86.53,55411.0
2024-09-12 16:26:00,86.53,86.63,86.4616,86.485,209765.0
2024-09-12 16:28:00,86.49,86.6,86.47,86.54,27641.0
2024-09-12 16:30:00,86.53,86.62,86.51,86.5213,35781.0
2024-09-12 16:32:00,86.52,86.5799,86.43,86.5799,53183.0
2024-09-12 16:34:00,86.55,86.605,86.48,86.49,59373.0
2024-09-12 16:36:00,86.5,86.57,86.43,86.56,43535.0
2024-09-12 16:38:00,86.55,86.625,86.36,86.42,37918.0
2024-09-12 16:40:00,86.4,86.46,86.31,86.4,50345.0
2024-09-12 16:42:00,86.4,86.55,86.3504,86.38,101489.0
2024-09-12 16:44:00,86.37,86.5191,86.35,86.46,62176.0
2024-09-12 16:46:00,86.45,86.49,86.34,86.4614,77397.0
2024-09-12 16:48:00,86.475,86.765,86.465,86.765,49926.0
2024-09-12 16:50:00,86.77,86.78,86.69,86.7326,85661.0
2024-09-12 16:52:00,86.75,86.94,86.73,86.9099,142231.0
2024-09-12 16:54:00,86.9066,86.99,86.8,86.9406,92547.0
2024-09-12 16:56:00,86.96,87.32,86.94,87.3,140006.0
2024-09-12 16:58:00,87.32,87.38,87.27,87.38,78024.0
2024-09-12 17:00:00,87.38,87.41,87.2,87.3,185313.0
2024-09-12 17:02:00,87.31,87.477,87.28,87.425,99577.0
2024-09-12 17:04:00,87.43,87.4591,87.175,87.24,82151.0
2024-09-12 17:06:00,87.25,87.25,87.09,87.21,73626.0
2024-09-12 17:08:00,87.21,87.32,87.16,87.1901,43179.0
2024-09-12 17:10:00,87.207823,87.29,87.175,87.28,55534.0
2024-09-12 17:12:00,87.28,87.41,87.28,87.32,78440.0
2024-09-12 17:14:00,87.315,87.42,87.305,87.37,81957.0
2024-09-12 17:16:00,87.37,87.45,87.295,87.31,197487.0
2024-09-12 17:18:00,87.3,87.61,87.3,87.56,143037.0
2024-09-12 17:20:00,87.58,87.65,87.45,87.53,122599.0
2024-09-12 17:22:00,87.55,87.5866,87.43,87.46,92648.0
2024-09-12 17:24:00,87.45,87.5635,87.4102,87.485,72898.0
2024-09-12 17:26:00,87.47,87.62,87.47,87.62,65097.0
2024-09-12 17:28:00,87.615,87.62,87.38,87.46,98482.0
2024-09-12 17:30:00,87.45,87.49,87.27,87.3,61932.0
2024-09-12 17:32:00,87.29,87.32,87.16,87.2,78065.0
2024-09-12 17:34:00,87.21,87.4,87.2037,87.379,54855.0
2024-09-12 17:36:00,87.3795,87.5999,87.37,87.5701,50991.0
2024-09-12 17:38:00,87.575,87.66,87.535,87.64,53845.0
2024-09-12 17:40:00,87.65,87.65,87.48,87.5,66316.0
2024-09-12 17:42:00,87.513341,87.57,87.49,87.53,43313.0
2024-09-12 17:44:00,87.525,87.56,87.49,87.51,57614.0
2024-09-12 17:46:00,87.52,87.66,87.52,87.615,60618.0
2024-09-12 17:48:00,87.61,87.7795,87.565,87.7795,62405.0
2024-09-12 17:50:00,87.77,87.94,87.76,87.94,75645.0
2024-09-12 17:52:00,87.94,87.96,87.82,87.865,77873.0
2024-09-12 17:54:00,87.86,87.98,87.83,87.97,72184.0
2024-09-12 17:56:00,87.97,88.01,87.8105,87.96,135112.0
2024-09-12 17:58:00,87.98,88.0,87.9101,87.922,48237.0
2024-09-12 18:00:00,87.9201,87.94,87.73,87.84,76204.0
2024-09-12 18:02:00,87.85,88.0,87.845,87.97,60228.0
2024-09-12 18:04:00,87.95,88.03,87.9,87.9799,66206.0
2024-09-12 18:06:00,87.96,87.96,87.7312,87.77,86342.0
2024-09-12 18:08:00,87.77,87.79,87.53,87.692,77276.0
2024-09-12 18:10:00,87.69,87.69,87.553,87.5801,50775.0
2024-09-12 18:12:00,87.62,87.66,87.56,87.61,62727.0
2024-09-12 18:14:00,87.6,87.605,87.525,87.57,52091.0
2024-09-12 18:16:00,87.5774,87.6099,87.5188,87.53,41025.0
2024-09-12 18:18:00,87.5401,87.645,87.53,87.555,56802.0
2024-09-12 18:20:00,87.555,87.74,87.5375,87.6901,40847.0
2024-09-12 18:22:00,87.72,87.76,87.5585,87.6099,55053.0
2024-09-12 18:24:00,87.6,87.84,87.6,87.79,51107.0
2024-09-12 18:26:00,87.78,87.7912,87.645,87.69,45645.0
2024-09-12 18:28:00,87.68,87.75,87.6301,87.67,39775.0
2024-09-12 18:30:00,87.67,87.72,87.45,87.47,118532.0
2024-09-12 18:32:00,87.465,87.59,87.465,87.565,67539.0
2024-09-12 18:34:00,87.55,87.7,87.5301,87.6915,53165.0
2024-09-12 18:36:00,87.685,87.75,87.58,87.6089,47079.0
2024-09-12 18:38:00,87.605,87.64,87.54,87.6199,56804.0
2024-09-12 18:40:00,87.63,87.66,87.52,87.535,56006.0
2024-09-12 18:42:00,87.53,87.54,87.41,87.5,51220.0
2024-09-12 18:44:00,87.51,87.58,87.51,87.54,37034.0
2024-09-12 18:46:00,87.54,87.56,87.43,87.49,70085.0
2024-09-12 18:48:00,87.4844,87.485,87.25,87.305,71575.0
2024-09-12 18:50:00,87.3,87.3399,86.77,86.8457,162230.0
2024-09-12 18:52:00,86.77,86.94,86.68,86.905,114681.0
2024-09-12 18:54:00,86.9,87.15,86.835,87.1299,75612.0
2024-09-12 18:56:00,87.12,87.18,86.892,87.15,77860.0
2024-09-12 18:58:00,87.16,87.37,87.12,87.37,66050.0
2024-09-12 19:00:00,87.36,87.36,87.17,87.25,48951.0
2024-09-12 19:02:00,87.28,87.36,87.22,87.25,46632.0
2024-09-12 19:04:00,87.28,87.3,87.15,87.26,51729.0
2024-09-12 19:06:00,87.26,87.35,87.24,87.3,40155.0
2024-09-12 19:08:00,87.32,87.38,87.255,87.26,50665.0
2024-09-12 19:10:00,87.2724,87.3313,87.1876,87.2299,59413.0
2024-09-12 19:12:00,87.23,87.2644,87.209837,87.26,45465.0
2024-09-12 19:14:00,87.25,87.26,87.11,87.21,72296.0
2024-09-12 19:16:00,87.22,87.25,87.098,87.14,66660.0
2024-09-12 19:18:00,87.135,87.254,87.1031,87.25,66613.0
2024-09-12 19:20:00,87.24,87.24,86.97,87.03,96415.0
2024-09-12 19:22:00,87.04,87.07,87.0101,87.05,44087.0
2024-09-12 19:24:00,87.05,87.15,87.045,87.0501,54534.0
2024-09-12 19:26:00,87.04,87.065,86.92,86.9699,81783.0
2024-09-12 19:28:00,86.9606,87.0599,86.8976,87.0599,83662.0
2024-09-12 19:30:00,87.03,87.08,86.955,86.96,83744.0
2024-09-12 19:32:00,86.955,87.0,86.8905,86.91,84265.0
2024-09-12 19:34:00,86.9092,87.065,86.9092,87.01,85052.0
2024-09-12 19:36:00,87.0212,87.06,86.96,86.9899,79018.0
2024-09-12 19:38:00,86.98,87.0,86.94,86.96,64396.0
2024-09-12 19:40:00,86.96,87.045,86.871,86.99,85267.0
2024-09-12 19:42:00,86.9925,87.08,86.94,87.05,73358.0
2024-09-12 19:44:00,87.06,87.0998,86.9,86.96,73925.0
2024-09-12 19:46:00,86.95,86.97,86.84,86.885,93847.0
2024-09-12 19:48:00,86.88,86.915,86.72,86.8374,107782.0
2024-09-12 19:50:00,86.82,87.14,86.77,87.08,183708.0
2024-09-12 19:52:00,87.06,87.08,86.864,87.04,160663.0
2024-09-12 19:54:00,87.04,87.08,86.895,87.06,219686.0
2024-09-12 19:56:00,87.065,87.09,86.97,87.02,190535.0
2024-09-12 19:58:00,87.01,87.22,86.9401,87.22,606125.0
2024-09-12 20:00:00,87.21,87.24,87.1101,87.21,104547.0
2024-09-12 20:02:00,87.2,87.21,87.18,87.21,12172.0
2024-09-12 20:04:00,87.21,87.23,87.19,87.21,3636.0
2024-09-12 20:06:00,87.052,87.13,87.0,87.0,9256.0
2024-09-12 20:08:00,86.9809,87.03,86.9519,87.03,2260.0
2024-09-12 20:10:00,87.09,87.09,87.09,87.09,806.0
2024-09-12 20:12:00,87.09,87.19,87.09,87.19,2097.0
2024-09-12 20:14:00,87.1115,87.1115,87.11,87.11,2471.0
2024-09-12 20:16:00,87.11,87.12,87.1,87.1115,2803.0
2024-09-12 20:18:00,87.1241,87.1241,87.1241,87.1241,385.0
2024-09-12 20:20:00,87.12,87.14,87.09,87.14,3861.0
2024-09-12 20:22:00,87.14,87.19,87.14,87.14,1497.0
2024-09-12 20:24:00,87.19,87.19,87.19,87.19,786.0
2024-09-12 20:26:00,87.13,87.25,87.13,87.25,2833.0
2024-09-12 20:28:00,87.3,87.34,87.3,87.34,636.0
2024-09-12 20:30:00,87.3,87.3,87.2202,87.25,1191.0
2024-09-12 20:32:00,87.24,87.24,87.22,87.22,5658.0
2024-09-12 20:34:00,87.21,87.21,87.1891,87.1891,647.0
2024-09-12 20:36:00,87.21,87.21,87.15,87.15,2049.0
2024-09-12 20:38:00,87.19,87.19,87.1504,87.1504,577.0
2024-09-12 20:40:00,87.1501,87.1501,87.1501,87.1501,2069.0
2024-09-12 20:42:00,87.17,87.17,87.15,87.15,1214.0
2024-09-12 20:44:00,87.16,87.21,87.13,87.13,41528.0
2024-09-12 20:46:00,87.11,87.11,87.09,87.09,3153.0
2024-09-12 20:48:00,87.07,87.1,87.07,87.1,1002.0
2024-09-12 20:52:00,87.1499,87.1499,87.07,87.07,656.0
2024-09-12 20:54:00,87.148,87.148,87.14,87.14,245.0
2024-09-12 20:56:00,87.112,87.12,87.112,87.12,1230.0
2024-09-12 20:58:00,87.08,87.08,87.0011,87.05,2553.0
2024-09-12 21:00:00,87.1,87.12,87.1,87.119,1356.0
2024-09-12 21:02:00,87.0514,87.0514,87.0514,87.0514,646.0
2024-09-12 21:04:00,87.08,87.12,87.05,87.05,766.0
2024-09-12 21:06:00,87.05,87.05,87.05,87.05,530.0
2024-09-12 21:10:00,87.0993,87.0993,87.01,87.04,1353.0
2024-09-12 21:12:00,87.01,87.01,87.0,87.0094,3007.0
2024-09-12 21:14:00,86.99,86.99,86.99,86.99,379.0
2024-09-12 21:16:00,87.06,87.07,87.0,87.0035,2394.0
2024-09-12 21:18:00,87.061,87.07,87.013,87.013,9950.0
2024-09-12 21:20:00,87.067,87.07,87.067,87.07,1399.0
2024-09-12 21:22:00,87.01,87.01,87.0043,87.0043,501.0
2024-09-12 21:26:00,87.07,87.07,87.07,87.07,277.0
2024-09-12 21:28:00,87.11,87.11,87.11,87.11,226.0
2024-09-12 21:30:00,87.114,87.114,87.114,87.114,485.0
2024-09-12 21:38:00,87.1,87.1,87.1,87.1,339.0
2024-09-12 21:42:00,87.09,87.09,87.0855,87.0855,1170.0
2024-09-12 21:44:00,87.0855,87.0855,87.0045,87.0045,301.0
2024-09-12 21:48:00,87.0073,87.09,87.0073,87.09,602.0
2024-09-12 21:52:00,87.11,87.11,87.11,87.11,466.0
2024-09-12 21:54:00,87.11,87.11,87.11,87.11,808.0
2024-09-12 21:56:00,87.12,87.12,87.12,87.12,1500.0
2024-09-12 21:58:00,87.0001,87.03,86.99,86.99,7252.0
2024-09-12 22:00:00,87.16,87.16,87.0,87.0,964.0
2024-09-12 22:04:00,87.002,87.002,87.002,87.002,341.0
2024-09-12 22:06:00,87.04,87.09,87.04,87.09,399.0
2024-09-12 22:10:00,87.1314,87.1314,87.0012,87.0012,3445.0
2024-09-12 22:14:00,87.0765,87.0765,87.0765,87.0765,299.0
2024-09-12 22:16:00,87.0765,87.0765,87.0765,87.0765,633.0
2024-09-12 22:18:00,87.05,87.05,87.01,87.01,1513.0
2024-09-12 22:20:00,87.01,87.03,87.0065,87.0065,1661.0
2024-09-12 22:22:00,87.014,87.09,87.014,87.09,427.0
2024-09-12 22:24:00,87.13,87.13,87.01,87.01,232.0
2024-09-12 22:26:00,87.0175,87.1,87.0175,87.1,735.0
2024-09-12 22:28:00,87.09,87.0955,87.09,87.0955,459.0
2024-09-12 22:30:00,87.1,87.1,87.1,87.1,531.0
2024-09-12 22:32:00,87.1599,87.1599,87.1599,87.1599,376.0
2024-09-12 22:34:00,87.1,87.1,87.1,87.1,556.0
2024-09-12 22:36:00,87.14,87.14,87.14,87.14,105.0
2024-09-12 22:38:00,87.14,87.15,87.14,87.15,1137.0
2024-09-12 22:40:00,87.14,87.15,87.14,87.15,1183.0
2024-09-12 22:42:00,87.15,87.15,87.14,87.14,1169.0
2024-09-12 22:44:00,87.15,87.15,87.14,87.14,499.0
2024-09-12 22:46:00,87.16,87.21,87.16,87.21,6321.0
2024-09-12 22:52:00,87.18,87.18,87.18,87.18,211.0
2024-09-12 22:54:00,87.19,87.19,87.15,87.15,1567.0
2024-09-12 22:56:00,87.1996,87.1996,87.19,87.19,669.0
2024-09-12 22:58:00,87.2,87.2,87.154,87.1975,2271.0
2024-09-12 23:00:00,87.2,87.2044,87.2,87.2044,1259.0
2024-09-12 23:02:00,87.2044,87.2155,86.8633,87.0,8322.0
2024-09-12 23:04:00,87.0,87.0,86.8803,86.99,10629.0
2024-09-12 23:06:00,87.0,87.0,87.0,87.0,312.0
2024-09-12 23:08:00,87.1,87.1,87.1,87.1,151.0
2024-09-12 23:10:00,87.14,87.1665,87.14,87.1665,656.0
2024-09-12 23:12:00,87.16,87.195,87.16,87.195,553.0
2024-09-12 23:14:00,87.195,87.195,87.195,87.195,371.0
2024-09-12 23:18:00,87.18,87.18,87.09,87.09,3157.0
2024-09-12 23:22:00,87.12,87.12,87.1,87.1,409.0
2024-09-12 23:24:00,87.06,87.1,87.06,87.1,648.0
2024-09-12 23:26:00,87.13,87.14,87.13,87.14,241.0
2024-09-12 23:28:00,87.1684,87.17,87.1684,87.17,201.0
2024-09-12 23:30:00,87.12,87.12,87.1,87.1,508.0
2024-09-12 23:34:00,87.15,87.15,87.15,87.15,282.0
2024-09-12 23:36:00,87.17,87.17,87.1066,87.1066,1447.0
2024-09-12 23:38:00,87.1665,87.17,87.1013,87.17,1053.0
2024-09-12 23:40:00,87.15,87.17,87.15,87.17,676.0
2024-09-12 23:42:00,87.17,87.17,87.17,87.17,349.0
2024-09-12 23:44:00,87.19,87.19,87.1885,87.1885,5366.0
2024-09-12 23:46:00,87.1525,87.26,87.1525,87.26,8510.0
2024-09-12 23:50:00,87.2972,87.3025,87.2972,87.3025,700.0
2024-09-12 23:52:00,87.206,87.32,87.206,87.32,10339.0
2024-09-12 23:54:00,87.3065,87.3065,87.3065,87.3065,538.0
2024-09-12 23:56:00,87.241,87.27,87.24,87.24,3580.0
2024-09-12 23:58:00,87.164,87.25,87.164,87.2165,1788.0
2024-09-13 08:00:00,87.1,87.1,86.99,86.99,2045.0
2024-09-13 08:02:00,86.79,86.9,86.77,86.9,1540.0
2024-09-13 08:04:00,86.85,86.85,86.82,86.82,466.0
2024-09-13 08:06:00,86.86,86.86,86.7,86.7,1655.0
2024-09-13 08:08:00,86.87,86.87,86.85,86.85,1127.0
2024-09-13 08:10:00,86.85,86.85,86.85,86.85,2698.0
2024-09-13 08:14:00,86.99,87.05,86.99,87.05,1583.0
2024-09-13 08:16:00,87.09,87.09,87.05,87.06,1544.0
2024-09-13 08:18:00,87.06,87.07,87.06,87.07,606.0
2024-09-13 08:26:00,87.21,87.21,87.21,87.21,100.0
2024-09-13 08:28:00,87.17,87.17,87.17,87.17,298.0
2024-09-13 08:34:00,87.22,87.22,87.09,87.09,1082.0
2024-09-13 08:36:00,87.08,87.09,87.08,87.09,1404.0
2024-09-13 08:42:00,87.2,87.2,87.2,87.2,363.0
2024-09-13 08:44:00,87.2,87.4,87.2,87.4,2199.0
2024-09-13 08:46:00,87.42,87.42,87.42,87.42,564.0
2024-09-13 08:48:00,87.42,87.46,87.42,87.46,1636.0
2024-09-13 08:50:00,87.47,87.66,87.47,87.66,3027.0
2024-09-13 08:52:00,87.63,87.66,87.63,87.66,668.0
2024-09-13 08:54:00,87.6,87.6,87.51,87.51,1628.0
2024-09-13 08:56:00,87.51,87.51,87.51,87.51,1169.0
2024-09-13 09:02:00,87.56,87.56,87.55,87.55,1524.0
2024-09-13 09:06:00,87.62,87.62,87.62,87.62,160.0
2024-09-13 09:12:00,87.73,87.73,87.73,87.73,191.0
2024-09-13 09:18:00,87.88,87.88,87.83,87.83,2460.0
2024-09-13 09:24:00,87.85,87.85,87.8,87.8,569.0
2024-09-13 09:28:00,87.76,87.8,87.76,87.8,1892.0
2024-09-13 09:32:00,87.87,87.9,87.87,87.89,1131.0
2024-09-13 09:34:00,87.82,87.82,87.82,87.82,110.0
2024-09-13 09:36:00,87.78,87.79,87.78,87.79,989.0
2024-09-13 09:38:00,87.98,88.0,87.8,88.0,3331.0
2024-09-13 09:40:00,88.03,88.1,88.0,88.1,1550.0
2024-09-13 09:48:00,88.0,88.0,88.0,88.0,468.0
2024-09-13 09:50:00,87.88,87.88,87.88,87.88,570.0
2024-09-13 09:56:00,87.93,87.93,87.93,87.93,251.0
2024-09-13 10:04:00,87.87,87.87,87.87,87.87,100.0
2024-09-13 10:10:00,87.85,87.85,87.85,87.85,548.0
2024-09-13 10:16:00,87.9,87.9,87.9,87.9,369.0
2024-09-13 10:18:00,87.9,88.0,87.77,87.82,2278.0
2024-09-13 10:20:00,87.77,87.77,87.77,87.77,366.0
2024-09-13 10:22:00,87.77,87.77,87.77,87.77,1292.0
2024-09-13 10:32:00,87.9,88.9,87.9,88.9,18067.0
2024-09-13 10:34:00,88.56,88.6,88.56,88.6,1076.0
2024-09-13 10:36:00,88.3,88.55,88.3,88.55,1708.0
2024-09-13 10:38:00,88.55,88.6,88.55,88.6,1604.0
2024-09-13 10:40:00,88.59,88.59,88.59,88.59,204.0
2024-09-13 10:42:00,88.74,89.05,88.74,89.05,8144.0
2024-09-13 10:44:00,89.1,89.1,89.07,89.07,1409.0
2024-09-13 10:46:00,89.16,89.25,89.05,89.22,8158.0
2024-09-13 10:48:00,89.19,89.5,89.0,89.5,29904.0
2024-09-13 10:50:00,89.19,89.19,89.19,89.19,543.0
2024-09-13 10:52:00,89.01,89.01,88.9,88.98,6222.0
2024-09-13 10:54:00,88.9,88.91,88.9,88.91,1085.0
2024-09-13 10:58:00,88.94,88.94,88.9,88.9,2166.0
2024-09-13 11:00:00,88.75,88.84,88.62,88.62,11980.0
2024-09-13 11:02:00,88.68,88.7,88.56,88.56,2667.0
2024-09-13 11:04:00,88.6,88.6,88.24,88.3,13245.0
2024-09-13 11:06:00,88.38,88.41,88.2,88.2,22836.0
2024-09-13 11:08:00,88.2,88.39,88.2,88.25,7968.0
2024-09-13 11:10:00,88.3,88.3,88.22,88.22,1277.0
2024-09-13 11:12:00,88.3,88.41,88.3,88.4,6664.0
2024-09-13 11:14:00,88.5,88.5,88.43,88.43,2559.0
2024-09-13 11:16:00,88.34,88.34,88.3,88.3,889.0
2024-09-13 11:18:00,88.25,88.3,88.24,88.3,3318.0
2024-09-13 11:20:00,88.38,88.4,88.38,88.4,1898.0
2024-09-13 11:22:00,88.44,88.49,88.43,88.46,2155.0
2024-09-13 11:24:00,88.45,88.54,88.45,88.54,1141.0
2024-09-13 11:26:00,88.5,88.5,88.5,88.5,219.0
2024-09-13 11:28:00,88.5,88.6,88.5,88.6,621.0
2024-09-13 11:30:00,88.65,88.77,88.6,88.77,3601.0
2024-09-13 11:32:00,88.83,88.83,88.74,88.74,2289.0
2024-09-13 11:34:00,88.82,88.89,88.82,88.88,2784.0
2024-09-13 11:36:00,88.73,88.75,88.7,88.7,5097.0
2024-09-13 11:38:00,88.72,88.72,88.6,88.6,1505.0
2024-09-13 11:40:00,88.5,88.5,88.49,88.49,2286.0
2024-09-13 11:42:00,88.41,88.41,88.3,88.3,4731.0
2024-09-13 11:44:00,88.4,88.47,88.4,88.47,2065.0
2024-09-13 11:46:00,88.48,88.48,88.44,88.45,845.0
2024-09-13 11:50:00,88.55,88.55,88.54,88.55,1926.0
2024-09-13 11:52:00,88.6,88.62,88.6,88.62,702.0
2024-09-13 11:54:00,88.55,88.55,88.55,88.55,413.0
2024-09-13 11:56:00,88.53,88.53,88.53,88.53,349.0
2024-09-13 11:58:00,88.54,88.54,88.54,88.54,181.0
2024-09-13 12:00:00,88.41,88.89,87.14,88.5,77891.0
2024-09-13 12:02:00,88.5,88.5499,88.47,88.52,3269.0
2024-09-13 12:04:00,88.5,88.5,88.47,88.47,1267.0
2024-09-13 12:06:00,88.47,88.47,88.4145,88.4145,1942.0
2024-09-13 12:08:00,88.45,88.45,88.4,88.4,4093.0
2024-09-13 12:10:00,88.39,88.4,88.37,88.37,1302.0
2024-09-13 12:12:00,88.399,88.4,88.37,88.3702,2632.0
2024-09-13 12:14:00,88.38,88.4399,88.38,88.4399,1085.0
2024-09-13 12:16:00,88.39,88.39,88.38,88.38,3774.0
2024-09-13 12:18:00,88.38,88.39,88.37,88.37,7477.0
2024-09-13 12:20:00,88.37,88.4,88.37,88.4,4106.0
2024-09-13 12:22:00,88.4,88.44,88.38,88.3811,4540.0
2024-09-13 12:24:00,88.39,88.39,88.37,88.38,1520.0
2024-09-13 12:26:00,88.37,88.39,88.33,88.39,3657.0
2024-09-13 12:28:00,88.357,88.357,88.357,88.357,821.0
2024-09-13 12:30:00,88.32,88.32,88.2,88.2,11998.0
2024-09-13 12:32:00,88.2049,88.62,88.2049,88.62,13438.0
2024-09-13 12:34:00,88.6,88.64,88.49,88.49,2828.0
2024-09-13 12:36:00,88.5,88.53,88.419,88.5,1930.0
2024-09-13 12:38:00,88.4793,88.4793,88.38,88.38,2467.0
2024-09-13 12:40:00,88.38,88.38,88.08,88.08,11082.0
2024-09-13 12:42:00,88.11,88.19,87.99,88.002,8145.0
2024-09-13 12:44:00,88.0957,88.19,88.0957,88.19,3149.0
2024-09-13 12:46:00,88.22,88.25,88.19,88.19,2462.0
2024-09-13 12:48:00,88.16,88.16,88.16,88.16,368.0
2024-09-13 12:50:00,88.11,88.1396,88.0,88.0,1266.0
2024-09-13 12:52:00,88.09,88.1,88.09,88.1,3751.0
2024-09-13 12:54:00,88.1,88.17,88.0126,88.17,2178.0
2024-09-13 12:56:00,88.101,88.25,88.101,88.2,8246.0
2024-09-13 12:58:00,88.19,88.19,88.19,88.19,1320.0
2024-09-13 13:00:00,88.2,88.2,88.2,88.2,192.0
2024-09-13 13:02:00,88.22,88.3356,88.2,88.3356,5821.0
2024-09-13 13:04:00,88.34,88.34,88.2,88.2,8065.0
2024-09-13 13:06:00,88.19,88.2,88.19,88.2,1145.0
2024-09-13 13:08:00,88.38,88.4,88.3202,88.3999,4024.0
2024-09-13 13:10:00,88.4,88.41,88.35,88.35,5061.0
2024-09-13 13:12:00,88.32,88.361,88.19,88.33,2227.0
2024-09-13 13:14:00,88.25,88.25,88.19,88.19,4963.0
2024-09-13 13:16:00,88.19,88.26,88.19,88.2011,2319.0
2024-09-13 13:18:00,88.2,88.2,88.2,88.2,793.0
2024-09-13 13:20:00,88.22,88.22,88.0,88.0,4485.0
2024-09-13 13:22:00,88.04,88.04,88.02,88.03,1606.0
2024-09-13 13:24:00,88.0003,88.11,88.0003,88.02,896.0
2024-09-13 13:26:00,88.0995,88.1,88.0,88.0,11556.0
2024-09-13 13:28:00,88.17,88.17,87.8805,88.16,6234.0
2024-09-13 13:30:00,88.09,88.48,87.87,88.15,418795.0
2024-09-13 13:32:00,88.18,88.83,88.1,88.725,221095.0
2024-09-13 13:34:00,88.7232,89.32,88.7,88.77,407832.0
2024-09-13 13:36:00,88.765,89.209,88.71,89.16,207893.0
2024-09-13 13:38:00,89.14,89.48,89.1,89.29,339517.0
2024-09-13 13:40:00,89.3,89.74,89.2,89.69,249366.0
2024-09-13 13:42:00,89.67,89.93,89.54,89.85,326193.0
2024-09-13 13:44:00,89.8375,90.121,89.43,89.6,345385.0
2024-09-13 13:46:00,89.62,89.75,89.5537,89.62,201985.0
2024-09-13 13:48:00,89.63,89.75,89.2001,89.32,209818.0
2024-09-13 13:50:00,89.32,89.7299,89.26,89.59,183669.0
2024-09-13 13:52:00,89.565,90.05,89.55,89.99,200483.0
2024-09-13 13:54:00,89.985,90.2,89.94,90.13,255969.0
2024-09-13 13:56:00,90.13,90.42,90.01,90.33,236573.0
2024-09-13 13:58:00,90.3,90.47,90.14,90.3551,261219.0
2024-09-13 14:00:00,90.37,90.568,89.81,90.18,318479.0
2024-09-13 14:02:00,90.16,90.76,90.0,90.645,232792.0
2024-09-13 14:04:00,90.645,91.15,90.58,90.8,300092.0
2024-09-13 14:06:00,90.78,91.09,90.72,91.089,159479.0
2024-09-13 14:08:00,91.0726,91.17,90.8659,90.95,189528.0
2024-09-13 14:10:00,90.93,90.9899,90.52,90.71,209039.0
2024-09-13 14:12:00,90.74,91.01,90.47,90.5401,166217.0
2024-09-13 14:14:00,90.5306,90.85,90.46,90.82,133490.0
2024-09-13 14:16:00,90.82,91.16,90.8,91.0837,167425.0
2024-09-13 14:18:00,91.11,91.11,90.75,90.78,178713.0
2024-09-13 14:20:00,90.79,91.36,90.79,91.265,336345.0
2024-09-13 14:22:00,91.27,91.45,91.22,91.225,194332.0
2024-09-13 14:24:00,91.225,91.47,91.04,91.07,157438.0
2024-09-13 14:26:00,91.07,91.1,90.44,90.635,313848.0
2024-09-13 14:28:00,90.65,90.72,90.2001,90.24,181698.0
2024-09-13 14:30:00,90.235,90.26,89.71,90.2,268997.0
2024-09-13 14:32:00,90.215,90.55,90.215,90.35,135874.0
2024-09-13 14:34:00,90.34,90.55,90.23,90.27,111971.0
2024-09-13 14:36:00,90.28,90.6904,90.24,90.48,102480.0
2024-09-13 14:38:00,90.48,90.76,90.44,90.65,82843.0
2024-09-13 14:40:00,90.63,90.8,90.62,90.8,89897.0
2024-09-13 14:42:00,90.79,90.85,90.6503,90.825,48687.0
2024-09-13 14:44:00,90.85,91.08,90.85,90.98,138526.0
2024-09-13 14:46:00,90.98,91.07,90.9001,90.92,109369.0
2024-09-13 14:48:00,90.9391,90.97,90.81,90.86,73737.0
2024-09-13 14:50:00,90.87,90.99,90.7167,90.875,110049.0
2024-09-13 14:52:00,90.8514,90.96,90.78,90.87,63232.0
2024-09-13 14:54:00,90.87,91.21,90.86,91.14,112969.0
2024-09-13 14:56:00,91.14,91.18,90.97,90.9805,93523.0
2024-09-13 14:58:00,90.99,91.2,90.99,91.14,66378.0
2024-09-13 15:00:00,91.14,91.21,91.045,91.15,191751.0
2024-09-13 15:02:00,91.15,91.16,91.01,91.11,82171.0
2024-09-13 15:04:00,91.11,91.15,90.95,91.06,81858.0
2024-09-13 15:06:00,91.078,91.21,91.02,91.13,66124.0
2024-09-13 15:08:00,91.1364,91.23,91.035,91.04,69284.0
2024-09-13 15:10:00,91.0596,91.145,91.0,91.1,70223.0
2024-09-13 15:12:00,91.11,91.24,91.04,91.16,92181.0
2024-09-13 15:14:00,91.14,91.14,90.83,90.87,84792.0
2024-09-13 15:16:00,90.8601,90.9065,90.7513,90.8518,55973.0
2024-09-13 15:18:00,90.86,91.0,90.825,90.97,73988.0
2024-09-13 15:20:00,90.97,90.98,90.79,90.98,45099.0
2024-09-13 15:22:00,91.0,91.03,90.81,90.84,50713.0
2024-09-13 15:24:00,90.84,91.04,90.84,90.97,57331.0
2024-09-13 15:26:00,90.998,91.0,90.84,90.85,53436.0
2024-09-13 15:28:00,90.84,90.9199,90.76,90.83,52024.0
2024-09-13 15:30:00,90.85,90.86,90.75,90.77,73075.0
2024-09-13 15:32:00,90.77,90.805,90.7,90.76,69577.0
2024-09-13 15:34:00,90.76,90.835,90.67,90.8212,87388.0
2024-09-13 15:36:00,90.82,90.82,90.6,90.62,91609.0
2024-09-13 15:38:00,90.62,90.8,90.56,90.77,85424.0
2024-09-13 15:40:00,90.77,90.79,90.67,90.69,39692.0
2024-09-13 15:42:00,90.6801,90.75,90.63,90.72,47471.0
2024-09-13 15:44:00,90.74,90.74,90.63,90.7,38089.0
2024-09-13 15:46:00,90.69,90.7582,90.64,90.725,33519.0
2024-09-13 15:48:00,90.72,90.76,90.57,90.58,40620.0
2024-09-13 15:50:00,90.59,90.5925,90.38,90.38,87234.0
2024-09-13 15:52:00,90.395,90.52,90.38,90.45,56306.0
2024-09-13 15:54:00,90.47,90.6,90.46,90.515,52869.0
2024-09-13 15:56:00,90.51,90.71,90.5,90.7,51932.0
2024-09-13 15:58:00,90.72,90.8,90.61,90.67,52159.0
2024-09-13 16:00:00,90.675,90.7899,90.648215,90.77,67297.0
2024-09-13 16:02:00,90.77,90.795,90.72,90.7899,37372.0
2024-09-13 16:04:00,90.79,90.87,90.66,90.6654,68884.0
2024-09-13 16:06:00,90.65,90.69,90.52,90.69,32819.0
2024-09-13 16:08:00,90.67,90.75,90.635,90.67,31616.0
2024-09-13 16:10:00,90.65,90.74,90.6037,90.675,27031.0
2024-09-13 16:12:00,90.68,90.82,90.675,90.695,36819.0
2024-09-13 16:14:00,90.7,90.7398,90.58,90.63,38403.0
2024-09-13 16:16:00,90.6502,90.68,90.5901,90.67,23393.0
2024-09-13 16:18:00,90.64,90.7381,90.63,90.6884,27803.0
2024-09-13 16:20:00,90.695,90.86,90.695,90.8149,33715.0
2024-09-13 16:22:00,90.83,90.9,90.75,90.8905,42757.0
2024-09-13 16:24:00,90.89,91.005,90.89,91.005,45953.0
2024-09-13 16:26:00,91.0,91.0,90.9,90.9,35363.0
2024-09-13 16:28:00,90.9,91.0,90.89,90.9564,32211.0
2024-09-13 16:30:00,90.96,91.12,90.96,91.08,56965.0
2024-09-13 16:32:00,91.0902,91.105,90.9852,91.01,40874.0
2024-09-13 16:34:00,91.01,91.04,90.86,90.925,54838.0
2024-09-13 16:36:00,90.915,90.9599,90.8201,90.9288,23296.0
2024-09-13 16:38:00,90.97,90.98,90.83,90.84,39877.0
2024-09-13 16:40:00,90.86,90.895,90.8,90.8,26560.0
2024-09-13 16:42:00,90.76,90.805,90.74,90.748,22678.0
2024-09-13 16:44:00,90.75,90.84,90.75,90.8,25092.0
2024-09-13 16:46:00,90.79,90.83,90.64,90.6899,33369.0
2024-09-13 16:48:00,90.69,90.76,90.59,90.675,40663.0
2024-09-13 16:50:00,90.7,90.95,90.6601,90.935,29484.0
2024-09-13 16:52:00,90.96,91.01,90.91,90.96,43421.0
2024-09-13 16:54:00,90.96,91.04,90.93,91.04,29637.0
2024-09-13 16:56:00,91.02,91.1,91.0008,91.0934,43169.0
2024-09-13 16:58:00,91.08,91.19,91.08,91.16,46432.0
2024-09-13 17:00:00,91.19,91.19,91.14,91.16,39642.0
2024-09-13 17:02:00,91.145,91.2487,91.13,91.14,63434.0
2024-09-13 17:04:00,91.15,91.2001,91.08,91.2001,34294.0
2024-09-13 17:06:00,91.22,91.27,91.1963,91.255,40961.0
2024-09-13 17:08:00,91.26,91.28,91.16,91.18,35172.0
2024-09-13 17:10:00,91.1902,91.2,91.12,91.16,55620.0
2024-09-13 17:12:00,91.175,91.18,91.094,91.094,24445.0
2024-09-13 17:14:00,91.1,91.25,91.1,91.25,30480.0
2024-09-13 17:16:00,91.23,91.38,91.22,91.33,48299.0
2024-09-13 17:18:00,91.34,91.42,91.305,91.4,66623.0
2024-09-13 17:20:00,91.39,91.41,91.26,91.27,31310.0
2024-09-13 17:22:00,91.28,91.32,91.275,91.29,18651.0
2024-09-13 17:24:00,91.3,91.3201,91.1636,91.26,27529.0
2024-09-13 17:26:00,91.265,91.33,91.21,91.255,31317.0
2024-09-13 17:28:00,91.26,91.32,91.21,91.31,57030.0
2024-09-13 17:30:00,91.31,91.35,91.26,91.32,86375.0
2024-09-13 17:32:00,91.34,91.34,91.14,91.14,40991.0
2024-09-13 17:34:00,91.14,91.17,91.06,91.12,55790.0
2024-09-13 17:36:00,91.145,91.1915,91.02,91.04,34894.0
2024-09-13 17:38:00,91.05,91.2499,91.05,91.213,34901.0
2024-09-13 17:40:00,91.23,91.257,91.18,91.19,25127.0
2024-09-13 17:42:00,91.2,91.21,91.13,91.19,33172.0
2024-09-13 17:44:00,91.19,91.245,91.18,91.2236,37718.0
2024-09-13 17:46:00,91.23,91.24,91.16,91.175,22315.0
2024-09-13 17:48:00,91.165,91.255,91.15,91.21,23852.0
2024-09-13 17:50:00,91.225,91.33,91.2202,91.32,34389.0
2024-09-13 17:52:00,91.32,91.42,91.28,91.3302,55231.0
2024-09-13 17:54:00,91.35,91.3699,91.31,91.3499,28058.0
2024-09-13 17:56:00,91.34,91.36,91.31,91.355,26950.0
2024-09-13 17:58:00,91.35,91.3623,91.22,91.2575,42628.0
2024-09-13 18:00:00,91.26,91.28,90.873,91.22,109240.0
2024-09-13 18:02:00,91.2,91.3,91.1109,91.15,53455.0
2024-09-13 18:04:00,91.135,91.2064,91.08,91.188,31583.0
2024-09-13 18:06:00,91.1949,91.32,91.17,91.27,33049.0
2024-09-13 18:08:00,91.26,91.32,91.2301,91.27,20729.0
2024-09-13 18:10:00,91.26,91.26,91.05,91.0588,48392.0
2024-09-13 18:12:00,91.05,91.05,90.93,91.0,48543.0
2024-09-13 18:14:00,91.0261,91.04,90.952,90.952,34613.0
2024-09-13 18:16:00,90.98,91.045,90.945,91.04,37129.0
2024-09-13 18:18:00,91.07,91.1331,91.02,91.08,31328.0
2024-09-13 18:20:00,91.07,91.09,90.99,91.065,56326.0
2024-09-13 18:22:00,91.06,91.11,90.95,91.02,45176.0
2024-09-13 18:24:00,91.0,91.06,90.9,90.9101,49428.0
2024-09-13 18:26:00,90.9651,91.05,90.95,90.97,40320.0
2024-09-13 18:28:00,90.99,91.1,90.99,91.05,27985.0
2024-09-13 18:30:00,91.0512,91.0599,90.92,90.95,23936.0
2024-09-13 18:32:00,90.95,91.0,90.84,90.99,52700.0
2024-09-13 18:34:00,90.98,91.0212,90.85,90.895,75648.0
2024-09-13 18:36:00,90.88,90.99,90.85,90.965,55426.0
2024-09-13 18:38:00,90.97,91.09,90.97,91.06,22518.0
2024-09-13 18:40:00,91.06,91.1498,91.03,91.1281,28245.0
2024-09-13 18:42:00,91.14,91.23,91.12,91.14,48211.0
2024-09-13 18:44:00,91.15,91.29,91.14,91.28,36131.0
2024-09-13 18:46:00,91.27,91.29,91.165,91.24,28354.0
2024-09-13 18:48:00,91.23,91.23,91.09,91.1,38626.0
2024-09-13 18:50:00,91.09,91.11,90.99,91.02,49433.0
2024-09-13 18:52:00,91.027,91.03,90.98,90.98,23948.0
2024-09-13 18:54:00,91.0,91.07,90.9,90.92,75557.0
2024-09-13 18:56:00,90.91,91.0,90.88,90.91,71769.0
2024-09-13 18:58:00,90.92,90.99,90.88,90.98,45613.0
2024-09-13 19:00:00,90.97,90.97,90.72,90.7501,37756.0
2024-09-13 19:02:00,90.77,90.81,90.6501,90.705,45544.0
2024-09-13 19:04:00,90.69,90.75,90.63,90.75,41323.0
2024-09-13 19:06:00,90.76,90.7639,90.68,90.75,40555.0
2024-09-13 19:08:00,90.75,90.82,90.71,90.81,33925.0
2024-09-13 19:10:00,90.815,90.9,90.78,90.87,60885.0
2024-09-13 19:12:00,90.87,90.97,90.865,90.95,39904.0
2024-09-13 19:14:00,90.935,90.97,90.84,90.89,46004.0
2024-09-13 19:16:00,90.88,90.91,90.85,90.89,42801.0
2024-09-13 19:18:00,90.8935,90.95,90.885,90.92,33537.0
2024-09-13 19:20:00,90.92,90.95,90.87,90.87,60045.0
2024-09-13 19:22:00,90.88,90.96,90.875,90.95,39671.0
2024-09-13 19:24:00,90.94,91.055,90.94,91.03,46541.0
2024-09-13 19:26:00,91.03,91.03,90.83,90.9,65272.0
2024-09-13 19:28:00,90.895,90.99,90.8901,90.95,55331.0
2024-09-13 19:30:00,90.95,91.0,90.91,90.93,63538.0
2024-09-13 19:32:00,90.925,91.04,90.92,91.02,55155.0
2024-09-13 19:34:00,91.02,91.12,91.015,91.03,74767.0
2024-09-13 19:36:00,91.04,91.05,90.97,90.98,75679.0
2024-09-13 19:38:00,90.98,91.01,90.84,90.98,76745.0
2024-09-13 19:40:00,90.98,91.08,90.98,91.05,56960.0
2024-09-13 19:42:00,91.05,91.12,91.045,91.07,72088.0
2024-09-13 19:44:00,91.075,91.13,91.04,91.12,58981.0
2024-09-13 19:46:00,91.125,91.2,91.09,91.115,112885.0
2024-09-13 19:48:00,91.12,91.16,91.06,91.08,86394.0
2024-09-13 19:50:00,91.08,91.235,91.05,91.1805,191061.0
2024-09-13 19:52:00,91.185,91.27,91.18,91.2,149422.0
2024-09-13 19:54:00,91.205,91.325,91.16,91.2,282494.0
2024-09-13 19:56:00,91.2,91.225,91.115,91.215,225675.0
2024-09-13 19:58:00,91.22,91.29,91.18,91.21,358845.0
2024-09-13 20:00:00,91.22,91.27,91.22,91.2375,880860.0
2024-09-13 20:02:00,91.1,91.1,91.03,91.0319,3547.0
2024-09-13 20:04:00,91.13,91.15,91.12,91.15,2844.0
2024-09-13 20:06:00,91.203,91.203,91.1204,91.1204,1574.0
2024-09-13 20:08:00,91.07,91.1,91.07,91.08,2457.0
2024-09-13 20:10:00,91.09,91.09,91.07,91.07,1102.0
2024-09-13 20:12:00,91.1388,91.14,91.1388,91.14,334.0
2024-09-13 20:16:00,91.1298,91.14,91.1298,91.14,965.0
2024-09-13 20:18:00,91.18,91.2,91.18,91.2,2132.0
2024-09-13 20:22:00,91.19,91.19,91.19,91.19,122.0
2024-09-13 20:26:00,91.18,91.2,91.124,91.14,2431.0
2024-09-13 20:28:00,91.14,91.14,91.14,91.14,3774.0
2024-09-13 20:30:00,91.17,91.17,91.17,91.17,211.0
2024-09-13 20:34:00,91.17,91.17,91.17,91.17,282.0
2024-09-13 20:38:00,91.124,91.2,91.12,91.12,322709.0
2024-09-13 20:40:00,91.1105,91.12,91.1105,91.12,587.0
2024-09-13 20:42:00,91.1998,91.1998,91.1998,91.1998,401.0
2024-09-13 20:44:00,91.14,91.14,91.0302,91.0302,6003.0
2024-09-13 20:46:00,91.068,91.068,91.068,91.068,501.0
2024-09-13 20:48:00,91.0675,91.0675,90.97,90.97,1441.0
2024-09-13 20:56:00,91.01,91.01,91.01,91.01,966.0
2024-09-13 20:58:00,91.07,91.07,91.07,91.07,584.0
2024-09-13 21:02:00,91.09,91.1,91.09,91.1,1548.0
2024-09-13 21:04:00,91.1,91.1,91.09,91.09,835.0
2024-09-13 21:08:00,91.22,91.22,91.1,91.1,27228.0
2024-09-13 21:10:00,91.08,91.08,91.08,91.08,756.0
2024-09-13 21:12:00,91.06,91.06,91.06,91.06,465.0
2024-09-13 21:14:00,91.06,91.0985,91.06,91.0985,455.0
2024-09-13 21:18:00,91.08,91.0968,91.08,91.0968,3602.0
2024-09-13 21:22:00,91.08,91.08,91.08,91.08,371.0
2024-09-13 21:24:00,91.0883,91.0883,91.0883,91.0883,188.0
2024-09-13 21:26:00,91.04,91.04,91.04,91.04,581.0
2024-09-13 21:30:00,91.06,91.06,91.06,91.06,170.0
2024-09-13 21:34:00,91.08,91.08,91.08,91.08,126.0
2024-09-13 21:40:00,91.06,91.06,91.06,91.06,220.0
2024-09-13 21:42:00,91.0793,91.0793,91.0793,91.0793,124.0
2024-09-13 21:44:00,91.05,91.05,91.05,91.05,1010.0
2024-09-13 21:48:00,91.2,91.2,91.2,91.2,428.0
2024-09-13 21:52:00,91.05,91.05,91.05,91.05,301.0
2024-09-13 21:56:00,91.0525,91.0525,91.0525,91.0525,625.0
2024-09-13 22:02:00,91.05,91.05,91.05,91.05,177.0
2024-09-13 22:04:00,91.05,91.05,91.05,91.05,270.0
2024-09-13 22:06:00,91.11,91.11,91.11,91.11,275.0
2024-09-13 22:08:00,91.13,91.13,91.13,91.13,105.0
2024-09-13 22:12:00,91.11,91.11,91.11,91.11,326.0
2024-09-13 22:14:00,91.0555,91.0555,91.0555,91.0555,137.0
2024-09-13 22:16:00,91.08,91.1,91.08,91.1,205.0
2024-09-13 22:18:00,91.1,91.1,91.1,91.1,105.0
2024-09-13 22:20:00,91.12,91.16,91.12,91.16,614.0
2024-09-13 22:24:00,91.0974,91.0974,91.0974,91.0974,125.0
2024-09-13 22:26:00,91.09,91.09,91.09,91.09,507.0
2024-09-13 22:30:00,91.0899,91.0899,91.0899,91.0899,254.0
2024-09-13 22:32:00,91.0503,91.0555,91.0503,91.0555,2193.0
2024-09-13 22:36:00,91.1,91.1,91.1,91.1,409.0
2024-09-13 22:44:00,91.1455,91.1455,91.1455,91.1455,855.0
2024-09-13 22:46:00,91.11,91.11,91.11,91.11,107.0
2024-09-13 22:48:00,91.1082,91.11,91.1082,91.11,1609.0
2024-09-13 22:50:00,91.07,91.07,91.07,91.07,320.0
2024-09-13 22:58:00,91.11,91.1292,91.11,91.1292,320.0
2024-09-13 23:00:00,91.13,91.13,91.13,91.13,112.0
2024-09-13 23:02:00,91.11,91.1198,91.11,91.1198,635.0
2024-09-13 23:04:00,91.12,91.12,91.12,91.12,140.0
2024-09-13 23:06:00,91.11,91.11,91.11,91.11,420.0
2024-09-13 23:10:00,91.1,91.1,91.1,91.1,217.0
2024-09-13 23:12:00,91.1,91.11,91.1,91.11,237.0
2024-09-13 23:14:00,91.1199,91.1199,91.1199,91.1199,546.0
2024-09-13 23:18:00,91.13,91.13,91.13,91.13,189.0
2024-09-13 23:22:00,91.1965,91.1965,91.1965,91.1965,372.0
2024-09-13 23:24:00,91.18,91.18,91.12,91.12,620.0
2024-09-13 23:32:00,91.2,91.2,91.2,91.2,1408.0
2024-09-13 23:34:00,91.19,91.19,91.19,91.19,453.0
2024-09-13 23:38:00,91.1145,91.1145,91.1145,91.1145,551.0
2024-09-13 23:40:00,91.15,91.15,91.15,91.15,160.0
2024-09-13 23:44:00,91.15,91.15,91.15,91.15,597.0
2024-09-13 23:46:00,91.2,91.2,91.2,91.2,287.0
2024-09-13 23:48:00,91.1955,91.1955,91.1145,91.1145,306.0
2024-09-13 23:50:00,91.2,91.2,91.2,91.2,733.0
2024-09-13 23:54:00,91.15,91.15,91.15,91.15,301.0
2024-09-13 23:56:00,91.169,91.169,91.11,91.11,1551.0
2024-09-13 23:58:00,91.162,91.162,91.11,91.11,622.0
2024-09-16 08:00:00,91.09,91.09,91.09,91.09,835.0
2024-09-16 08:02:00,90.94,90.94,90.94,90.94,1026.0
2024-09-16 08:04:00,90.68,91.03,90.65,91.01,4789.0
2024-09-16 08:06:00,90.95,91.0,90.95,91.0,1407.0
2024-09-16 08:08:00,91.06,91.1,91.06,91.1,1213.0
2024-09-16 08:10:00,90.85,90.85,90.5,90.5,5191.0
2024-09-16 08:12:00,90.52,90.52,90.49,90.49,1503.0
2024-09-16 08:16:00,90.8,90.86,90.8,90.85,1487.0
2024-09-16 08:18:00,90.78,90.78,90.75,90.75,1318.0
2024-09-16 08:20:00,90.76,90.76,90.58,90.6,1127.0
2024-09-16 08:22:00,90.6,90.7,90.5,90.7,3614.0
2024-09-16 08:24:00,90.59,90.59,90.5,90.52,3003.0
2024-09-16 08:28:00,90.6,90.6,90.0,90.0,9458.0
2024-09-16 08:30:00,90.14,90.14,90.14,90.14,856.0
2024-09-16 08:32:00,90.18,90.18,90.18,90.18,1116.0
2024-09-16 08:36:00,90.3,90.3,90.3,90.3,552.0
2024-09-16 08:38:00,90.21,90.21,90.14,90.14,1358.0
2024-09-16 08:40:00,90.25,90.25,90.25,90.25,908.0
2024-09-16 08:42:00,90.17,90.3,90.17,90.3,1845.0
2024-09-16 08:44:00,90.3,90.3,90.3,90.3,485.0
2024-09-16 08:46:00,90.17,90.17,90.01,90.01,2101.0
2024-09-16 08:48:00,90.01,90.01,90.0,90.0,1747.0
2024-09-16 08:52:00,90.0,90.0,90.0,90.0,762.0
2024-09-16 08:54:00,90.04,90.1,90.04,90.1,390.0
2024-09-16 08:58:00,90.1,90.1,90.1,90.1,119.0
2024-09-16 09:00:00,90.13,90.14,90.13,90.14,2468.0
2024-09-16 09:04:00,90.01,90.01,90.0,90.0,2129.0
2024-09-16 09:06:00,89.84,89.84,89.75,89.76,3311.0
2024-09-16 09:08:00,89.81,89.81,89.75,89.75,710.0
2024-09-16 09:10:00,89.8,89.8,89.8,89.8,167.0
2024-09-16 09:12:00,89.99,90.0,89.99,90.0,1022.0
2024-09-16 09:20:00,89.92,89.92,89.9,89.92,1222.0
2024-09-16 09:22:00,89.96,89.96,89.96,89.96,201.0
2024-09-16 09:24:00,89.94,89.94,89.31,89.35,7406.0
2024-09-16 09:26:00,89.56,89.56,89.56,89.56,119.0
2024-09-16 09:28:00,89.69,89.69,89.69,89.69,444.0
2024-09-16 09:32:00,89.76,89.76,89.6,89.6,1213.0
2024-09-16 09:34:00,89.57,89.61,89.35,89.56,1613.0
2024-09-16 09:36:00,89.65,89.65,89.01,89.01,4731.0
2024-09-16 09:38:00,89.15,89.15,89.0,89.04,3282.0
2024-09-16 09:40:00,89.24,89.5,89.24,89.5,810.0
2024-09-16 09:42:00,89.6,89.6,89.6,89.6,252.0
2024-09-16 09:44:00,89.41,89.41,89.41,89.41,241.0
2024-09-16 09:46:00,89.25,89.3,89.2,89.2,1351.0
2024-09-16 09:48:00,89.25,89.32,89.25,89.29,734.0
2024-09-16 09:52:00,89.42,89.42,89.42,89.42,212.0
2024-09-16 09:56:00,89.43,89.43,89.42,89.42,1150.0
2024-09-16 09:58:00,89.41,89.42,89.41,89.42,1505.0
2024-09-16 10:00:00,89.51,89.51,89.43,89.43,662.0
2024-09-16 10:02:00,89.42,89.47,89.4,89.42,3209.0
2024-09-16 10:04:00,89.49,89.52,89.49,89.52,522.0
2024-09-16 10:06:00,89.55,89.6,89.43,89.43,3630.0
2024-09-16 10:08:00,89.3,89.5,89.15,89.29,4100.0
2024-09-16 10:10:00,89.42,89.42,89.42,89.42,100.0
2024-09-16 10:12:00,89.45,89.45,89.45,89.45,291.0
2024-09-16 10:20:00,89.41,89.41,89.25,89.25,1648.0
2024-09-16 10:22:00,89.21,89.21,89.0,89.0,10474.0
2024-09-16 10:24:00,89.01,89.01,88.91,89.0,2363.0
2024-09-16 10:26:00,88.9,89.0,88.71,89.0,4625.0
2024-09-16 10:28:00,89.0,89.01,88.8,89.0,7237.0
2024-09-16 10:30:00,88.98,88.98,88.75,88.75,2085.0
2024-09-16 10:32:00,88.8,88.95,88.8,88.95,3516.0
2024-09-16 10:36:00,88.95,88.95,88.88,88.88,1054.0
2024-09-16 10:38:00,88.84,88.9,88.84,88.87,2006.0
2024-09-16 10:40:00,88.89,88.92,88.89,88.92,1876.0
2024-09-16 10:42:00,88.92,89.0,88.92,89.0,1424.0
2024-09-16 10:44:00,89.0,89.0,89.0,89.0,2265.0
2024-09-16 10:46:00,89.0,89.05,89.0,89.05,7220.0
2024-09-16 10:48:00,89.05,89.05,89.05,89.05,3499.0
2024-09-16 10:52:00,89.25,89.25,89.25,89.25,750.0
2024-09-16 10:58:00,89.27,89.27,89.05,89.05,5129.0
2024-09-16 11:00:00,89.05,89.42,89.0,89.19,17051.0
2024-09-16 11:02:00,89.15,89.15,88.69,88.78,14904.0
2024-09-16 11:04:00,88.78,88.85,88.4,88.5,8554.0
2024-09-16 11:06:00,88.34,88.6,88.3,88.5,4115.0
2024-09-16 11:08:00,88.58,88.58,88.5,88.58,1294.0
2024-09-16 11:10:00,88.5,88.65,88.48,88.65,2578.0
2024-09-16 11:12:00,88.64,88.7,88.64,88.65,2456.0
2024-09-16 11:14:00,88.66,88.66,88.6,88.6,2703.0
2024-09-16 11:16:00,88.55,88.55,88.44,88.49,3538.0
2024-09-16 11:18:00,88.56,88.56,88.25,88.25,9142.0
2024-09-16 11:20:00,88.25,88.25,88.25,88.25,808.0
2024-09-16 11:22:00,88.47,88.47,88.36,88.4,6340.0
2024-09-16 11:24:00,88.3,88.32,88.2,88.3,11109.0
2024-09-16 11:26:00,88.32,88.47,88.23,88.47,7595.0
2024-09-16 11:28:00,88.51,88.55,88.5,88.55,1444.0
2024-09-16 11:30:00,88.65,88.79,88.65,88.79,2153.0
2024-09-16 11:32:00,88.79,88.8,88.65,88.7,2998.0
2024-09-16 11:34:00,88.7,88.7,88.7,88.7,713.0
2024-09-16 11:36:00,88.77,88.9,88.77,88.85,4505.0
2024-09-16 11:38:00,88.84,88.85,88.79,88.79,1886.0
2024-09-16 11:40:00,88.8,88.83,88.8,88.83,810.0
2024-09-16 11:42:00,88.77,88.77,88.65,88.65,3136.0
2024-09-16 11:44:00,88.6,88.6,88.5,88.53,4052.0
2024-09-16 11:46:00,88.67,88.67,88.67,88.67,339.0
2024-09-16 11:48:00,88.7,88.7,88.7,88.7,318.0
2024-09-16 11:50:00,88.7,88.7,88.59,88.59,2367.0
2024-09-16 11:54:00,88.6,88.6,88.56,88.58,1901.0
2024-09-16 11:56:00,88.57,88.57,88.41,88.41,7445.0
2024-09-16 11:58:00,88.41,88.41,88.33,88.4,4886.0
2024-09-16 12:00:00,88.45,91.5,88.18,88.65,82608.0
2024-09-16 12:02:00,88.59,88.6184,88.5,88.59,2953.0
2024-09-16 12:04:00,88.59,88.64,88.45,88.6197,6306.0
2024-09-16 12:06:00,88.5,88.59,88.5,88.52,1430.0
2024-09-16 12:08:00,88.59,88.601,88.59,88.59,4067.0
2024-09-16 12:12:00,88.78,88.78,88.65,88.65,921.0
2024-09-16 12:14:00,88.65,88.66,88.529,88.66,10262.0
2024-09-16 12:16:00,88.6445,88.6445,88.45,88.45,9752.0
2024-09-16 12:18:00,88.45,88.45,88.12,88.18,11019.0
2024-09-16 12:20:00,88.25,88.25,88.07,88.146,19238.0
2024-09-16 12:22:00,88.1,88.15,88.1,88.1,8537.0
2024-09-16 12:24:00,88.15,88.15,88.05,88.15,13537.0
2024-09-16 12:26:00,88.1,88.5,88.09,88.5,8533.0
2024-09-16 12:28:00,88.3,88.5,88.3,88.4,5839.0
2024-09-16 12:30:00,88.4,88.4,88.2,88.3,4634.0
2024-09-16 12:32:00,88.3,88.3805,88.2001,88.3805,6158.0
2024-09-16 12:34:00,88.31,88.35,88.31,88.35,2137.0
2024-09-16 12:36:00,88.2,88.3489,88.15,88.25,10038.0
2024-09-16 12:38:00,88.25,88.5499,88.25,88.5499,17303.0
2024-09-16 12:40:00,88.48,88.4808,88.25,88.3,8241.0
2024-09-16 12:42:00,88.257,88.39,88.257,88.31,3156.0
2024-09-16 12:44:00,88.3045,88.3881,88.3,88.35,5489.0
2024-09-16 12:46:00,88.331,88.4,88.12,88.12,13549.0
2024-09-16 12:48:00,88.14,88.1565,87.99,88.11,23692.0
2024-09-16 12:50:00,88.06,88.2,88.05,88.12,5317.0
2024-09-16 12:52:00,88.15,88.15,88.0648,88.0648,2558.0
2024-09-16 12:54:00,88.06,88.06,87.95,88.0,6306.0
2024-09-16 12:56:00,88.0,88.09,88.0,88.09,18565.0
2024-09-16 12:58:00,88.08,88.15,88.05,88.05,20697.0
2024-09-16 13:00:00,88.05,88.05,87.95,87.95,7554.0
2024-09-16 13:02:00,87.97,87.98,87.92,87.9466,5352.0
2024-09-16 13:04:00,87.9634,87.99,87.92,87.96,11625.0
2024-09-16 13:06:00,87.9713,87.99,87.92,87.97,10902.0
2024-09-16 13:08:00,87.97,88.0,87.9095,87.9095,8728.0
2024-09-16 13:10:00,87.91,87.91,87.73,87.7435,15981.0
2024-09-16 13:12:00,87.82,87.84,87.74,87.74,4372.0
2024-09-16 13:14:00,87.73,87.84,87.7,87.84,9374.0
2024-09-16 13:16:00,87.82,87.86,87.81,87.84,6436.0
2024-09-16 13:18:00,87.84,87.88,87.8024,87.88,3285.0
2024-09-16 13:20:00,87.8701,87.96,87.8701,87.95,3472.0
2024-09-16 13:22:00,87.91,87.95,87.85,87.87,9542.0
2024-09-16 13:24:00,87.855,87.855,87.6278,87.65,13409.0
2024-09-16 13:26:00,87.6799,87.94,86.88,87.3936,50344.0
2024-09-16 13:28:00,87.11,87.27,87.08,87.24,31543.0
2024-09-16 13:30:00,87.24,87.6,86.15,87.145,1267340.0
2024-09-16 13:32:00,87.15,87.208,86.27,86.27,420415.0
2024-09-16 13:34:00,86.29,86.66,85.92,86.307,447275.0
2024-09-16 13:36:00,86.26,86.87,86.11,86.7935,257601.0
2024-09-16 13:38:00,86.86,87.535,86.83,87.17,342793.0
2024-09-16 13:40:00,87.21,87.25,86.77,87.21,143627.0
2024-09-16 13:42:00,87.25,87.42,87.06,87.255,132785.0
2024-09-16 13:44:00,87.26,87.43,87.17,87.21,188639.0
2024-09-16 13:46:00,87.21,87.47,87.21,87.28,241389.0
2024-09-16 13:48:00,87.28,87.57,87.17,87.35,186800.0
2024-09-16 13:50:00,87.365,87.515,87.07,87.14,172930.0
2024-09-16 13:52:00,87.13,87.35,87.01,87.3,136937.0
2024-09-16 13:54:00,87.305,87.81,87.26,87.67,202344.0
2024-09-16 13:56:00,87.66,87.68,87.33,87.55,144326.0
2024-09-16 13:58:00,87.55,87.59,87.345,87.35,189459.0
2024-09-16 14:00:00,87.33,87.55,87.3101,87.44,148849.0
2024-09-16 14:02:00,87.44,87.49,87.25,87.46,198123.0
2024-09-16 14:04:00,87.45,87.99,87.42,87.925,193757.0
2024-09-16 14:06:00,87.93,88.01,87.6598,87.885,212185.0
2024-09-16 14:08:00,87.86,87.89,87.66,87.74,172648.0
2024-09-16 14:10:00,87.745,88.0,87.7,87.88,198853.0
2024-09-16 14:12:00,87.86,88.19,87.85,88.19,182149.0
2024-09-16 14:14:00,88.16,88.24,88.09,88.13,142039.0
2024-09-16 14:16:00,88.1205,88.2,87.91,88.07,163648.0
2024-09-16 14:18:00,88.065,88.14,87.94,88.02,98809.0
2024-09-16 14:20:00,88.0,88.02,87.7,87.93,127841.0
2024-09-16 14:22:00,87.93,88.08,87.7901,87.8,125357.0
2024-09-16 14:24:00,87.8,87.87,87.57,87.83,120277.0
2024-09-16 14:26:00,87.8375,87.8375,87.65,87.66,87265.0
2024-09-16 14:28:00,87.67,87.9,87.64,87.8445,106754.0
2024-09-16 14:30:00,87.85,87.9,87.5,87.56,155210.0
2024-09-16 14:32:00,87.55,87.68,87.5,87.555,113637.0
2024-09-16 14:34:00,87.54,87.55,87.27,87.49,172455.0
2024-09-16 14:36:00,87.46,87.78,87.43,87.6497,107119.0
2024-09-16 14:38:00,87.64,87.64,87.44,87.52,78994.0
2024-09-16 14:40:00,87.515,87.74,87.515,87.73,102792.0
2024-09-16 14:42:00,87.735,87.74,87.41,87.41,150876.0
2024-09-16 14:44:00,87.41,87.56,87.3203,87.34,114885.0
2024-09-16 14:46:00,87.3498,87.415,87.25,87.39,120357.0
2024-09-16 14:48:00,87.34,87.52,87.25,87.518,101297.0
2024-09-16 14:50:00,87.515,87.75,87.495,87.59,115489.0
2024-09-16 14:52:00,87.59,87.75,87.53,87.73,67336.0
2024-09-16 14:54:00,87.74,87.81,87.55,87.6,75503.0
2024-09-16 14:56:00,87.595,87.6595,87.5,87.595,67696.0
2024-09-16 14:58:00,87.6,87.61,87.35,87.39,78519.0
2024-09-16 15:00:00,87.39,87.415,87.17,87.29,118107.0
2024-09-16 15:02:00,87.295,87.32,87.0301,87.05,87384.0
2024-09-16 15:04:00,87.05,87.31,87.05,87.285,80132.0
2024-09-16 15:06:00,87.29,87.4296,87.12,87.328,67753.0
2024-09-16 15:08:00,87.32,87.3627,87.19,87.29,66159.0
2024-09-16 15:10:00,87.28,87.43,87.24,87.33,90468.0
2024-09-16 15:12:00,87.326,87.57,87.31,87.43,83430.0
2024-09-16 15:14:00,87.425,87.52,87.3217,87.36,71977.0
2024-09-16 15:16:00,87.3698,87.45,87.33,87.43,48755.0
2024-09-16 15:18:00,87.43,87.57,87.41,87.53,89551.0
2024-09-16 15:20:00,87.55,87.56,87.46,87.5,84989.0
2024-09-16 15:22:00,87.5,87.52,87.36,87.4,91816.0
2024-09-16 15:24:00,87.405,87.65,87.37,87.41,104644.0
2024-09-16 15:26:00,87.4188,87.4661,87.31,87.42,101959.0
2024-09-16 15:28:00,87.4253,87.45,87.255,87.27,81079.0
2024-09-16 15:30:00,87.26,87.51,87.24,87.47,74885.0
2024-09-16 15:32:00,87.46,87.59,87.455,87.525,71388.0
2024-09-16 15:34:00,87.515,87.515,87.22,87.23,157667.0
2024-09-16 15:36:00,87.22,87.2599,87.075,87.14,111628.0
2024-09-16 15:38:00,87.15,87.26,87.11,87.235,86966.0
2024-09-16 15:40:00,87.235,87.35,87.03,87.11,157514.0
2024-09-16 15:42:00,87.12,87.155,87.01,87.08,71647.0
2024-09-16 15:44:00,87.08,87.09,86.96,87.015,175509.0
2024-09-16 15:46:00,87.01,87.04,86.89,86.99,73876.0
2024-09-16 15:48:00,87.0099,87.16,86.97,87.07,70851.0
2024-09-16 15:50:00,87.074,87.074,86.83,86.95,87245.0
2024-09-16 15:52:00,86.9509,87.1,86.93,87.0604,117993.0
2024-09-16 15:54:00,87.0401,87.125,86.9523,86.97,84217.0
2024-09-16 15:56:00,86.98,87.07,86.97,87.03,59796.0
2024-09-16 15:58:00,87.04,87.06,86.9509,87.0401,42718.0
2024-09-16 16:00:00,87.055,87.08,87.02,87.03,69085.0
2024-09-16 16:02:00,87.03,87.08,86.95,87.05,83746.0
2024-09-16 16:04:00,87.055,87.07,86.86,86.9999,84652.0
2024-09-16 16:06:00,86.98,87.116,86.89,87.035,175409.0
2024-09-16 16:08:00,87.035,87.17,87.035,87.1,49462.0
2024-09-16 16:10:00,87.095,87.11,86.91,86.91,79121.0
2024-09-16 16:12:00,86.92,86.92,86.66,86.7498,115655.0
2024-09-16 16:14:00,86.74,86.8,86.725,86.74,67133.0
2024-09-16 16:16:00,86.748,86.77,86.62,86.64,64136.0
2024-09-16 16:18:00,86.65,86.65,86.56,86.65,97233.0
2024-09-16 16:20:00,86.65,86.65,86.515,86.52,79805.0
2024-09-16 16:22:00,86.52,86.6,86.51,86.595,76384.0
2024-09-16 16:24:00,86.59,86.85,86.59,86.83,85413.0
2024-09-16 16:26:00,86.83,86.93,86.79,86.86,107680.0
2024-09-16 16:28:00,86.875,86.89,86.8,86.815,54401.0
2024-09-16 16:30:00,86.81306,86.8696,86.69,86.723066,89237.0
2024-09-16 16:32:00,86.73,86.7418,86.56,86.625,72276.0
2024-09-16 16:34:00,86.635,86.72,86.59,86.658,97370.0
2024-09-16 16:36:00,86.67,86.685,86.595,86.62,45848.0
2024-09-16 16:38:00,86.62,86.65,86.56,86.6076,75904.0
2024-09-16 16:40:00,86.61,86.6998,86.58,86.6,53553.0
2024-09-16 16:42:00,86.6,86.6,86.51,86.515,86928.0
2024-09-16 16:44:00,86.515,86.5899,86.4,86.48,184475.0
2024-09-16 16:46:00,86.48,86.594,86.42,86.45,72814.0
2024-09-16 16:48:00,86.465,86.6,86.44,86.6,100272.0
2024-09-16 16:50:00,86.6,86.7,86.57,86.675,57488.0
2024-09-16 16:52:00,86.67,86.77,86.63,86.64,63247.0
2024-09-16 16:54:00,86.635,86.745,86.63,86.73,50640.0
2024-09-16 16:56:00,86.7301,86.75,86.62,86.63,64590.0
2024-09-16 16:58:00,86.65,86.7367,86.63,86.72,56675.0
2024-09-16 17:00:00,86.72,86.745,86.66,86.6886,103813.0
2024-09-16 17:02:00,86.685,86.685,86.57,86.58,67190.0
2024-09-16 17:04:00,86.58,86.59,86.5,86.537,63152.0
2024-09-16 17:06:00,86.53,86.57,86.5,86.535,55364.0
2024-09-16 17:08:00,86.535,86.61,86.505,86.585,65466.0
2024-09-16 17:10:00,86.59,86.5962,86.52,86.5387,42844.0
2024-09-16 17:12:00,86.54,86.62,86.535,86.57,50806.0
2024-09-16 17:14:00,86.56,86.5699,86.49,86.495,103025.0
2024-09-16 17:16:00,86.495,86.6,86.48,86.545,48355.0
2024-09-16 17:18:00,86.545,86.57,86.38,86.529,94575.0
2024-09-16 17:20:00,86.53,86.53,86.35,86.4,61564.0
2024-09-16 17:22:00,86.41,86.49,86.4,86.49,50473.0
2024-09-16 17:24:00,86.4897,86.55,86.43,86.54,56008.0
2024-09-16 17:26:00,86.55,86.65,86.54,86.6199,76896.0
2024-09-16 17:28:00,86.6,86.604,86.4,86.585,70975.0
2024-09-16 17:30:00,86.58,86.65,86.57,86.63,65634.0
2024-09-16 17:32:00,86.64,86.75,86.635,86.7,108108.0
2024-09-16 17:34:00,86.71,86.74,86.66,86.66,48217.0
2024-09-16 17:36:00,86.67,86.74,86.665,86.705,60460.0
2024-09-16 17:38:00,86.705,86.87,86.685,86.8595,63989.0
2024-09-16 17:40:00,86.85,86.85,86.75,86.81,59224.0
2024-09-16 17:42:00,86.81,86.89,86.8,86.8164,102232.0
2024-09-16 17:44:00,86.805,86.92,86.79,86.89,89044.0
2024-09-16 17:46:00,86.9,86.9155,86.79,86.795,98811.0
2024-09-16 17:48:00,86.7899,86.84,86.73,86.7797,44535.0
2024-09-16 17:50:00,86.775,86.93,86.77,86.905,97043.0
2024-09-16 17:52:00,86.91,86.93,86.845,86.8899,41254.0
2024-09-16 17:54:00,86.89,86.89,86.68,86.75,78389.0
2024-09-16 17:56:00,86.745,86.75,86.68,86.73,48777.0
2024-09-16 17:58:00,86.725,86.82,86.725,86.82,56552.0
2024-09-16 18:00:00,86.83,86.86,86.67,86.67,67901.0
2024-09-16 18:02:00,86.69,86.75,86.68,86.7,34539.0
2024-09-16 18:04:00,86.705,86.76,86.555,86.58,94107.0
2024-09-16 18:06:00,86.57,86.6197,86.5,86.505,71426.0
2024-09-16 18:08:00,86.5,86.68,86.48,86.63,82270.0
2024-09-16 18:10:00,86.62,86.8,86.615,86.78,59641.0
2024-09-16 18:12:00,86.77,86.86,86.73,86.83,73600.0
2024-09-16 18:14:00,86.85,86.91,86.8136,86.83,70710.0
2024-09-16 18:16:00,86.83,86.8896,86.82,86.84,41987.0
2024-09-16 18:18:00,86.8201,86.8887,86.77,86.8054,57386.0
2024-09-16 18:20:00,86.8,86.8497,86.7575,86.8497,33362.0
2024-09-16 18:22:00,86.85,86.99,86.85,86.9786,96581.0
2024-09-16 18:24:00,86.97,87.03,86.905,86.935,71609.0
2024-09-16 18:26:00,86.94,87.1,86.931,87.1,69049.0
2024-09-16 18:28:00,87.1,87.19,87.09,87.11,59744.0
2024-09-16 18:30:00,87.11,87.15,86.9801,87.01,87472.0
2024-09-16 18:32:00,87.005,87.08,87.0,87.02,50994.0
2024-09-16 18:34:00,87.015,87.06,87.0,87.02,48259.0
2024-09-16 18:36:00,87.015,87.0505,87.0,87.04,39358.0
2024-09-16 18:38:00,87.045,87.05,86.96,87.015,47469.0
2024-09-16 18:40:00,87.02,87.02,86.92,86.945,59423.0
2024-09-16 18:42:00,86.945,86.95,86.84,86.87,121605.0
2024-09-16 18:44:00,86.86,86.8795,86.72,86.825,118434.0
2024-09-16 18:46:00,86.83,87.0579,86.82,87.04,61290.0
2024-09-16 18:48:00,87.06,87.12,87.04,87.08,51911.0
2024-09-16 18:50:00,87.0824,87.11,87.035,87.06,48128.0
2024-09-16 18:52:00,87.06,87.07,86.91,86.9465,49386.0
2024-09-16 18:54:00,86.945,87.1,86.93,87.07,109058.0
2024-09-16 18:56:00,87.08,87.14,87.02,87.07,90477.0
2024-09-16 18:58:00,87.07,87.33,87.07,87.28,108765.0
2024-09-16 19:00:00,87.27,87.27,87.1,87.1,85464.0
2024-09-16 19:02:00,87.1,87.235,87.08,87.19,56354.0
2024-09-16 19:04:00,87.18,87.18,87.03,87.18,58167.0
2024-09-16 19:06:00,87.18,87.22,87.15,87.1761,53878.0
2024-09-16 19:08:00,87.175,87.22,87.15,87.15,58833.0
2024-09-16 19:10:00,87.16,87.17,87.07,87.15,86333.0
2024-09-16 19:12:00,87.15,87.16,87.03,87.04,44812.0
2024-09-16 19:14:00,87.035,87.045,86.98,87.0,47750.0
2024-09-16 19:16:00,87.005,87.09,86.98,86.99,58934.0
2024-09-16 19:18:00,86.98,87.1,86.96,87.095,73407.0
2024-09-16 19:20:00,87.09,87.1,87.05,87.08,95902.0
2024-09-16 19:22:00,87.055,87.06,86.91,86.95,76351.0
2024-09-16 19:24:00,86.95,86.995,86.91,86.975,68144.0
2024-09-16 19:26:00,86.975,87.02,86.95,86.955,71228.0
2024-09-16 19:28:00,86.955,87.0,86.91,86.97,51169.0
2024-09-16 19:30:00,86.97,87.02,86.935,87.01,65172.0
2024-09-16 19:32:00,87.02,87.11,86.91,87.11,99629.0
2024-09-16 19:34:00,87.1092,87.21,87.1,87.1,86352.0
2024-09-16 19:36:00,87.115,87.1767,87.01,87.02,59057.0
2024-09-16 19:38:00,87.03,87.34,87.03,87.2299,101019.0
2024-09-16 19:40:00,87.23,87.29,87.18,87.19,64823.0
2024-09-16 19:42:00,87.19,87.27,87.16,87.26,68730.0
2024-09-16 19:44:00,87.26,87.3681,87.2576,87.265,79487.0
2024-09-16 19:46:00,87.265,87.27,87.14,87.215,74902.0
2024-09-16 19:48:00,87.215,87.33,87.19,87.325,104784.0
2024-09-16 19:50:00,87.32,87.445,87.26,87.275,663349.0
2024-09-16 19:52:00,87.27,87.28,87.175,87.26,164421.0
2024-09-16 19:54:00,87.26,87.29,87.06,87.105,239281.0
2024-09-16 19:56:00,87.105,87.19,86.96,87.185,263197.0
2024-09-16 19:58:00,87.185,87.25,87.15,87.17,493276.0
2024-09-16 20:00:00,87.18,87.19,87.01,87.18,153213.0
2024-09-16 20:02:00,87.11,87.11,87.11,87.11,908.0
2024-09-16 20:04:00,87.11,87.18,87.11,87.157,17858.0
2024-09-16 20:06:00,87.1001,87.11,87.1,87.11,2371.0
2024-09-16 20:08:00,87.14,87.16,87.14,87.16,2350.0
2024-09-16 20:10:00,87.14,87.16,87.14,87.16,1048.0
2024-09-16 20:12:00,87.16,87.17,87.16,87.17,2227.0
2024-09-16 20:14:00,87.15,87.17,87.1499,87.15,2950.0
2024-09-16 20:16:00,87.11,87.15,87.11,87.12,3290.0
2024-09-16 20:18:00,87.15,87.15,87.15,87.15,484.0
2024-09-16 20:20:00,87.17,87.17,87.1498,87.1498,5688.0
2024-09-16 20:22:00,87.15,87.15,87.11,87.11,1306.0
2024-09-16 20:24:00,87.11,87.11,87.11,87.11,271.0
2024-09-16 20:26:00,87.11,87.14,87.11,87.14,891.0
2024-09-16 20:28:00,87.12,87.12,87.12,87.12,391.0
2024-09-16 20:30:00,87.1296,87.1296,87.09,87.1,2880.0
2024-09-16 20:32:00,87.1,87.12,87.07,87.12,1424.0
2024-09-16 20:34:00,87.1,87.11,87.1,87.1,692.0
2024-09-16 20:36:00,87.082,87.082,87.082,87.082,304.0
2024-09-16 20:38:00,87.12,87.15,87.12,87.15,1171.0
2024-09-16 20:42:00,87.15,87.15,87.07,87.11,2583.0
2024-09-16 20:44:00,87.11,87.12,87.09,87.12,943.0
2024-09-16 20:46:00,87.11,87.11,87.09,87.09,417.0
2024-09-16 20:48:00,87.11,87.24,87.1,87.14,1858.0
2024-09-16 20:50:00,87.12,87.12,87.11,87.11,679.0
2024-09-16 20:54:00,87.08,87.08,87.07,87.07,2072.0
2024-09-16 20:56:00,87.07,87.07,87.07,87.07,205.0
2024-09-16 21:00:00,87.07,87.07,87.0,87.07,3681.0
2024-09-16 21:02:00,87.07,87.07,87.01,87.01,490.0
2024-09-16 21:04:00,87.18,87.18,87.068,87.068,108039.0
2024-09-16 21:06:00,87.07,87.07,87.07,87.07,1170.0
2024-09-16 21:08:00,87.0492,87.0492,87.0492,87.0492,119.0
2024-09-16 21:10:00,87.07,87.07,87.0007,87.03,755.0
2024-09-16 21:12:00,87.0201,87.03,87.01,87.01,1715.0
2024-09-16 21:18:00,87.01,87.01,87.0,87.0,1556.0
2024-09-16 21:20:00,87.01,87.01,87.0,87.0,380.0
2024-09-16 21:22:00,87.03,87.03,87.03,87.03,213.0
2024-09-16 21:24:00,87.03,87.03,87.03,87.03,320.0
2024-09-16 21:26:00,87.02,87.02,87.02,87.02,281.0
2024-09-16 21:28:00,87.02,87.02,87.01,87.01,217.0
2024-09-16 21:30:00,87.0015,87.0015,87.0015,87.0015,140.0
2024-09-16 21:32:00,87.03,87.03,87.03,87.03,900.0
2024-09-16 21:38:00,87.03,87.03,87.0,87.0001,1140.0
2024-09-16 21:40:00,87.0,87.0,86.99,86.99,610.0
2024-09-16 21:42:00,87.03,87.05,87.01,87.01,1583.0
2024-09-16 21:44:00,87.0,87.05,87.0,87.05,1200.0
2024-09-16 21:46:00,87.05,87.05,87.04,87.04,342.0
2024-09-16 21:54:00,87.0,87.0,87.0,87.0,174.0
2024-09-16 21:58:00,87.0,87.0,87.0,87.0,748.0
2024-09-16 22:00:00,87.06,87.06,87.06,87.06,390.0
2024-09-16 22:02:00,86.991,86.991,86.99,86.99,1401.0
2024-09-16 22:06:00,87.1,87.1,86.99,86.99,864.0
2024-09-16 22:10:00,87.03,87.1,87.03,87.05,2076.0
2024-09-16 22:12:00,87.1,87.1,87.1,87.1,257.0
2024-09-16 22:14:00,87.07,87.07,87.07,87.07,337.0
2024-09-16 22:16:00,87.08,87.08,87.02,87.02,599.0
2024-09-16 22:18:00,87.04,87.09,87.04,87.08,1154.0
2024-09-16 22:20:00,87.1,87.1,87.1,87.1,601.0
2024-09-16 22:22:00,87.1,87.1,87.1,87.1,298.0
2024-09-16 22:24:00,87.1,87.1,87.1,87.1,1346.0
2024-09-16 22:26:00,87.11,87.11,87.11,87.11,391.0
2024-09-16 22:28:00,87.136,87.136,87.136,87.136,100.0
2024-09-16 22:30:00,87.1,87.1,87.1,87.1,1556.0
2024-09-16 22:32:00,87.098,87.098,87.0614,87.0614,3144.0
2024-09-16 22:34:00,87.06,87.06,87.06,87.06,112.0
2024-09-16 22:36:00,87.1,87.136,87.1,87.1304,767.0
2024-09-16 22:40:00,87.11,87.12,87.11,87.12,430.0
2024-09-16 22:42:00,87.11,87.11,87.11,87.11,401.0
2024-09-16 22:44:00,87.12,87.12,87.0695,87.0695,669.0
2024-09-16 22:46:00,87.138,87.138,87.1,87.1,584.0
2024-09-16 22:48:00,87.09,87.09,87.09,87.09,156.0
2024-09-16 22:50:00,87.08,87.08,87.08,87.08,574.0
2024-09-16 22:54:00,87.07,87.07,87.07,87.07,1590.0
2024-09-16 22:58:00,87.1,87.1,87.0601,87.0601,673.0
2024-09-16 23:02:00,87.1,87.1,87.1,87.1,2111.0
2024-09-16 23:04:00,87.1,87.1,87.07,87.07,332.0
2024-09-16 23:06:00,87.07,87.08,87.07,87.08,438.0
2024-09-16 23:08:00,87.1,87.1,87.1,87.1,1746.0
2024-09-16 23:10:00,87.1014,87.1014,87.1014,87.1014,600.0
2024-09-16 23:12:00,87.1,87.1,87.1,87.1,597.0
2024-09-16 23:14:00,87.1,87.1,87.1,87.1,100.0
2024-09-16 23:16:00,87.1,87.1,87.1,87.1,502.0
2024-09-16 23:18:00,87.11,87.12,87.11,87.12,756.0
2024-09-16 23:20:00,87.13,87.1399,87.12,87.12,1450.0
2024-09-16 23:22:00,87.1107,87.14,87.11,87.11,1853.0
2024-09-16 23:24:00,87.14,87.14,87.14,87.14,2829.0
2024-09-16 23:26:00,87.14,87.14,87.14,87.14,348.0
2024-09-16 23:32:00,87.1018,87.1384,87.1018,87.1384,1259.0
2024-09-16 23:34:00,87.138,87.138,87.1,87.1,4767.0
2024-09-16 23:42:00,87.15,87.16,87.1001,87.1001,7138.0
2024-09-16 23:46:00,87.169,87.169,87.169,87.169,1004.0
2024-09-16 23:50:00,87.1475,87.15,87.1475,87.15,533.0
2024-09-16 23:52:00,87.12,87.15,87.1117,87.15,825.0
2024-09-16 23:54:00,87.11,87.12,87.11,87.12,542.0
2024-09-16 23:56:00,87.11,87.11,87.0545,87.0875,2041.0
2024-09-16 23:58:00,87.1091,87.11,87.07,87.11,1084.0
2024-09-17 08:00:00,87.65,87.65,87.65,87.65,761.0
2024-09-17 08:06:00,87.76,87.76,87.76,87.76,1052.0
2024-09-17 08:08:00,87.75,87.75,87.66,87.7,1794.0
2024-09-17 08:10:00,87.7,87.8,87.7,87.8,1649.0
2024-09-17 08:12:00,87.95,87.95,87.92,87.92,799.0
2024-09-17 08:14:00,87.95,87.98,87.88,87.88,1776.0
2024-09-17 08:16:00,87.96,87.97,87.86,87.86,1614.0
2024-09-17 08:22:00,87.98,88.25,87.94,88.25,6815.0
2024-09-17 08:24:00,88.18,88.18,88.16,88.16,378.0
2024-09-17 08:28:00,88.09,88.09,88.09,88.09,234.0
2024-09-17 08:36:00,87.9,87.9,87.9,87.9,205.0
2024-09-17 08:44:00,87.94,87.98,87.94,87.98,1041.0
2024-09-17 08:48:00,87.9,87.9,87.9,87.9,484.0
2024-09-17 08:54:00,87.98,88.03,87.98,88.03,1002.0
2024-09-17 08:56:00,88.02,88.02,88.02,88.02,118.0
2024-09-17 09:00:00,88.02,88.02,88.02,88.02,205.0
2024-09-17 09:02:00,88.04,88.07,88.04,88.06,2534.0
2024-09-17 09:04:00,88.09,88.09,88.09,88.09,303.0
2024-09-17 09:08:00,88.24,88.24,88.17,88.17,557.0
2024-09-17 09:18:00,88.19,88.25,88.19,88.25,824.0
2024-09-17 09:22:00,88.23,88.23,88.23,88.23,100.0
2024-09-17 09:28:00,88.23,88.23,88.23,88.23,101.0
2024-09-17 09:30:00,88.25,88.25,88.25,88.25,431.0
2024-09-17 09:32:00,88.23,88.23,88.23,88.23,673.0
2024-09-17 09:36:00,88.26,88.28,88.26,88.28,1002.0
2024-09-17 09:38:00,88.26,88.26,88.26,88.26,143.0
2024-09-17 09:44:00,88.29,88.29,88.29,88.29,264.0
2024-09-17 09:48:00,88.35,88.35,88.35,88.35,492.0
2024-09-17 09:50:00,88.36,88.4,88.36,88.4,1116.0
2024-09-17 09:52:00,88.37,88.37,88.37,88.37,225.0
2024-09-17 09:54:00,88.39,88.4,88.39,88.4,349.0
2024-09-17 09:56:00,88.35,88.35,88.35,88.35,574.0
2024-09-17 09:58:00,88.25,88.25,88.25,88.25,765.0
2024-09-17 10:04:00,88.27,88.27,88.27,88.27,249.0
2024-09-17 10:06:00,88.27,88.27,88.27,88.27,140.0
2024-09-17 10:08:00,88.34,88.34,88.25,88.29,2076.0
2024-09-17 10:10:00,88.33,88.4,88.33,88.4,3470.0
2024-09-17 10:14:00,88.4,88.41,88.4,88.4,841.0
2024-09-17 10:16:00,88.4,88.48,88.4,88.48,872.0
2024-09-17 10:18:00,88.4,88.4,88.4,88.4,542.0
2024-09-17 10:20:00,88.48,88.48,88.48,88.48,113.0
2024-09-17 10:22:00,88.58,88.6,88.58,88.6,1211.0
2024-09-17 10:24:00,88.51,88.51,88.51,88.51,165.0
2024-09-17 10:26:00,88.42,88.42,88.42,88.42,104.0
2024-09-17 10:28:00,88.41,88.41,88.41,88.41,219.0
2024-09-17 10:30:00,88.41,88.41,88.41,88.41,344.0
2024-09-17 10:34:00,88.47,88.49,88.41,88.41,502.0
2024-09-17 10:36:00,88.49,88.49,88.49,88.49,610.0
2024-09-17 10:38:00,88.49,88.49,88.4,88.4,1149.0
2024-09-17 10:44:00,88.4,88.41,88.33,88.33,7111.0
2024-09-17 10:52:00,88.4,88.4,88.4,88.4,206.0
2024-09-17 10:56:00,88.34,88.34,88.34,88.34,181.0
2024-09-17 10:58:00,88.3,88.3,88.26,88.26,1386.0
2024-09-17 11:00:00,88.3,88.3,88.18,88.2,9308.0
2024-09-17 11:02:00,88.18,88.25,88.18,88.24,2653.0
2024-09-17 11:04:00,88.18,88.18,88.18,88.18,669.0
2024-09-17 11:06:00,88.15,88.19,88.1,88.11,3240.0
2024-09-17 11:08:00,88.06,88.06,87.91,88.0,3946.0
2024-09-17 11:10:00,87.94,88.01,87.94,88.01,599.0
2024-09-17 11:12:00,88.0,88.0,87.99,87.99,934.0
2024-09-17 11:14:00,87.99,87.99,87.91,87.91,688.0
2024-09-17 11:16:00,87.9,87.9,87.9,87.9,661.0
2024-09-17 11:18:00,87.9,87.91,87.9,87.9,3833.0
2024-09-17 11:20:00,87.89,87.89,87.87,87.87,671.0
2024-09-17 11:22:00,87.86,87.86,87.86,87.86,982.0
2024-09-17 11:26:00,87.9,87.9,87.9,87.9,618.0
2024-09-17 11:28:00,87.92,87.92,87.82,87.82,3579.0
2024-09-17 11:30:00,87.87,87.87,87.87,87.87,2746.0
2024-09-17 11:34:00,87.92,87.92,87.91,87.91,800.0
2024-09-17 11:36:00,87.9,87.9,87.9,87.9,1293.0
2024-09-17 11:40:00,87.94,87.94,87.94,87.94,128.0
2024-09-17 11:42:00,87.96,87.96,87.96,87.96,664.0
2024-09-17 11:44:00,87.99,88.0,87.99,88.0,571.0
2024-09-17 11:46:00,88.0,88.01,88.0,88.01,1116.0
2024-09-17 11:48:00,88.0,88.0,88.0,88.0,236.0
2024-09-17 11:50:00,87.99,88.04,87.98,88.04,1445.0
2024-09-17 11:52:00,88.04,88.1,88.04,88.07,2754.0
2024-09-17 11:56:00,88.15,88.25,88.15,88.25,1637.0
2024-09-17 11:58:00,88.2,88.2,88.2,88.2,295.0
2024-09-17 12:00:00,88.23,88.27,87.06,88.05,69977.0
2024-09-17 12:02:00,88.1,88.17,88.08,88.08,3496.0
2024-09-17 12:04:00,88.15,88.1694,88.05,88.05,2876.0
2024-09-17 12:06:00,88.1688,88.1688,88.0001,88.0047,3846.0
2024-09-17 12:08:00,88.0519,88.12,88.0519,88.12,1107.0
2024-09-17 12:10:00,88.118,88.1242,88.05,88.06,5341.0
2024-09-17 12:12:00,88.0999,88.0999,88.0,88.0,3220.0
2024-09-17 12:14:00,88.0117,88.0117,88.0,88.0,3738.0
2024-09-17 12:16:00,88.05,88.05,88.0,88.03,12467.0
2024-09-17 12:18:00,88.0997,88.0997,88.0997,88.0997,628.0
2024-09-17 12:20:00,88.0998,88.0998,88.098,88.098,1241.0
2024-09-17 12:22:00,88.0985,88.1,88.08,88.08,2961.0
2024-09-17 12:24:00,88.1,88.1,88.09,88.1,4656.0
2024-09-17 12:26:00,88.09,88.15,88.09,88.15,1061.0
2024-09-17 12:28:00,88.17,88.24,88.135,88.2,3739.0
2024-09-17 12:30:00,88.25,88.39,88.06,88.06,8922.0
2024-09-17 12:32:00,88.041,88.2498,88.041,88.23,2191.0
2024-09-17 12:34:00,88.05,88.2,88.05,88.18,1648.0
2024-09-17 12:36:00,88.18,88.3882,88.17,88.35,10742.0
2024-09-17 12:38:00,88.35,88.44,88.29,88.39,10127.0
2024-09-17 12:40:00,88.3,88.32,88.2,88.32,3245.0
2024-09-17 12:42:00,88.26,88.29,88.21,88.21,10137.0
2024-09-17 12:44:00,88.25,88.3,88.16,88.3,6827.0
2024-09-17 12:46:00,88.15,88.18,88.15,88.17,2199.0
2024-09-17 12:48:00,88.2999,88.2999,88.22,88.22,1527.0
2024-09-17 12:50:00,88.2003,88.25,88.15,88.2,5175.0
2024-09-17 12:52:00,88.15,88.2,88.15,88.2,1803.0
2024-09-17 12:54:00,88.25,88.37,88.22,88.37,10286.0
2024-09-17 12:56:00,88.36,88.42,88.36,88.42,3174.0
2024-09-17 12:58:00,88.4439,88.447,88.36,88.37,1891.0
2024-09-17 13:00:00,88.38,88.4096,88.36,88.36,2502.0
2024-09-17 13:02:00,88.36,88.45,88.36,88.4,2530.0
2024-09-17 13:04:00,88.416,88.45,88.39,88.43,2355.0
2024-09-17 13:06:00,88.43,88.45,88.4,88.44,3138.0
2024-09-17 13:08:00,88.4013,88.45,88.38,88.38,8269.0
2024-09-17 13:10:00,88.353,88.41,88.353,88.3625,913.0
2024-09-17 13:12:00,88.36,88.41,88.35,88.4,8014.0
2024-09-17 13:14:00,88.41,88.6,88.4,88.6,17280.0
2024-09-17 13:16:00,88.61,88.61,88.5,88.518,2237.0
2024-09-17 13:18:00,88.45,88.4958,88.45,88.46,1411.0
2024-09-17 13:20:00,88.4998,88.4998,88.2816,88.35,8409.0
2024-09-17 13:22:00,88.4,88.4,88.3006,88.39,2643.0
2024-09-17 13:24:00,88.34,88.54,88.34,88.54,3984.0
2024-09-17 13:26:00,88.4,88.53,88.25,88.25,5585.0
2024-09-17 13:28:00,88.15,88.23,88.0,88.0,17818.0
2024-09-17 13:30:00,88.06,88.3693,87.5401,88.13,513606.0
2024-09-17 13:32:00,88.13,88.75,88.05,88.11,378712.0
2024-09-17 13:34:00,88.11,88.18,87.73,87.8,239166.0
2024-09-17 13:36:00,87.82,88.03,87.7,87.78,210645.0
2024-09-17 13:38:00,87.8,88.2093,87.758,88.155,262216.0
2024-09-17 13:40:00,88.14,88.425,88.0601,88.3,107871.0
2024-09-17 13:42:00,88.32,88.3388,88.19,88.265,112824.0
2024-09-17 13:44:00,88.3,88.3622,87.9547,88.005,100117.0
2024-09-17 13:46:00,88.035,88.0999,87.825,88.02,90693.0
2024-09-17 13:48:00,88.06,88.13,87.73,87.7616,93627.0
2024-09-17 13:50:00,87.775,88.01,87.63,87.93,111901.0
2024-09-17 13:52:00,87.92,87.9499,87.7201,87.8142,86796.0
2024-09-17 13:54:00,87.825,87.88,87.55,87.87,83542.0
2024-09-17 13:56:00,87.874,88.0,87.8,87.98,54418.0
2024-09-17 13:58:00,88.0,88.15,87.94,88.04,77074.0
2024-09-17 14:00:00,88.065,88.23,88.0,88.2274,124560.0
2024-09-17 14:02:00,88.22,88.31,88.12,88.3099,154215.0
2024-09-17 14:04:00,88.3,88.36,88.17,88.21,130372.0
2024-09-17 14:06:00,88.203,88.64,88.15,88.61,168769.0
2024-09-17 14:08:00,88.6,88.7,88.482,88.51,181549.0
2024-09-17 14:10:00,88.49,88.63,88.434,88.58,79290.0
2024-09-17 14:12:00,88.61,88.64,88.4,88.6,114208.0
2024-09-17 14:14:00,88.59,88.66,88.51,88.54,104272.0
2024-09-17 14:16:00,88.55,88.64,88.48,88.575,92925.0
2024-09-17 14:18:00,88.58,88.63,88.5,88.53,49985.0
2024-09-17 14:20:00,88.535,88.58,88.47,88.505,62086.0
2024-09-17 14:22:00,88.53,88.6,88.485,88.55,108068.0
2024-09-17 14:24:00,88.54,88.78,88.53,88.755,234167.0
2024-09-17 14:26:00,88.75,88.9308,88.72,88.89,140946.0
2024-09-17 14:28:00,88.89,89.04,88.89,88.95,142227.0
2024-09-17 14:30:00,88.965,88.99,88.81,88.9,71985.0
2024-09-17 14:32:00,88.9,88.91,88.7,88.74,82427.0
2024-09-17 14:34:00,88.74,88.87,88.73,88.76,60824.0
2024-09-17 14:36:00,88.786,88.79,88.61,88.7,89305.0
2024-09-17 14:38:00,88.71,88.97,88.71,88.925,87941.0
2024-09-17 14:40:00,88.915,88.9867,88.79,88.82,60651.0
2024-09-17 14:42:00,88.805,88.9888,88.74,88.942,54008.0
2024-09-17 14:44:00,88.94,89.2,88.895,89.1607,87234.0
2024-09-17 14:46:00,89.15,89.195,88.914,88.9681,72732.0
2024-09-17 14:48:00,88.96,89.07,88.925,89.06,56798.0
2024-09-17 14:50:00,89.06,89.085,88.835,88.955,73806.0
2024-09-17 14:52:00,88.9635,89.05,88.92,88.97,36316.0
2024-09-17 14:54:00,88.98,89.01,88.832,88.9,66447.0
2024-09-17 14:56:00,88.9151,88.93,88.84,88.87,35596.0
2024-09-17 14:58:00,88.882,88.89,88.5,88.71,96779.0
2024-09-17 15:00:00,88.72,88.83,88.7,88.805,41222.0
2024-09-17 15:02:00,88.78,89.0,88.77,88.84,115184.0
2024-09-17 15:04:00,88.85,88.85,88.73,88.795,52887.0
2024-09-17 15:06:00,88.78,88.85,88.745,88.7997,33798.0
2024-09-17 15:08:00,88.82,89.02,88.8,89.02,65117.0
2024-09-17 15:10:00,89.0301,89.07,88.995,89.03,66796.0
2024-09-17 15:12:00,89.0324,89.08,88.9738,89.07,39396.0
2024-09-17 15:14:00,89.06,89.21,89.03,89.21,106835.0
2024-09-17 15:16:00,89.21,89.36,89.21,89.3071,81519.0
2024-09-17 15:18:00,89.29,89.4,89.25,89.4,64913.0
2024-09-17 15:20:00,89.395,89.4,89.18,89.31,123863.0
2024-09-17 15:22:00,89.3,89.36,89.2,89.3,95561.0
2024-09-17 15:24:00,89.295,89.42,89.27,89.4,90198.0
2024-09-17 15:26:00,89.4,89.52,89.29,89.515,103621.0
2024-09-17 15:28:00,89.52,89.57,89.38,89.3843,109205.0
2024-09-17 15:30:00,89.38,89.39,89.2531,89.37,75897.0
2024-09-17 15:32:00,89.38,89.43,89.19,89.26,81048.0
2024-09-17 15:34:00,89.26,89.38,89.205,89.365,36537.0
2024-09-17 15:36:00,89.36,89.36,89.16,89.198,57459.0
2024-09-17 15:38:00,89.19,89.21,89.0802,89.14,37085.0
2024-09-17 15:40:00,89.1499,89.1599,88.97,89.018,48160.0
2024-09-17 15:42:00,89.015,89.16,89.015,89.09,52484.0
2024-09-17 15:44:00,89.09,89.12,89.0201,89.075,32566.0
2024-09-17 15:46:00,89.06,89.1075,88.98,88.9901,39609.0
2024-09-17 15:48:00,89.0,89.13,88.96,88.97,46549.0
2024-09-17 15:50:00,88.969,89.14,88.96,89.107,45947.0
2024-09-17 15:52:00,89.11,89.16,89.05,89.08,38051.0
2024-09-17 15:54:00,89.09,89.1,88.96,88.97,32372.0
2024-09-17 15:56:00,88.96,89.2,88.955,89.185,47417.0
2024-09-17 15:58:00,89.19,89.19,89.075,89.11,51853.0
2024-09-17 16:00:00,89.1111,89.2,89.09,89.17,33360.0
2024-09-17 16:02:00,89.17,89.25,89.165,89.2,44400.0
2024-09-17 16:04:00,89.2,89.2499,89.14,89.245,40082.0
2024-09-17 16:06:00,89.24,89.2513,89.16,89.175,28118.0
2024-09-17 16:08:00,89.18,89.219,89.07,89.11,34081.0
2024-09-17 16:10:00,89.08,89.1,89.0,89.05,46077.0
2024-09-17 16:12:00,89.025,89.05,88.995,89.03,39554.0
2024-09-17 16:14:00,89.03,89.095,88.88,88.9,50462.0
2024-09-17 16:16:00,88.8886,88.94,88.84,88.93,55108.0
2024-09-17 16:18:00,88.92,88.92,88.68,88.7899,59824.0
2024-09-17 16:20:00,88.78,88.78,88.63,88.7,54231.0
2024-09-17 16:22:00,88.705,88.705,88.36,88.3799,156490.0
2024-09-17 16:24:00,88.3802,88.62,88.3,88.57,86276.0
2024-09-17 16:26:00,88.5639,88.58,88.39,88.58,72176.0
2024-09-17 16:28:00,88.585,88.78,88.55,88.7,60115.0
2024-09-17 16:30:00,88.69,88.69,88.53,88.65,45311.0
2024-09-17 16:32:00,88.64,88.72,88.615,88.65,34210.0
2024-09-17 16:34:00,88.63,88.65,88.45,88.5,60937.0
2024-09-17 16:36:00,88.49,88.5,88.395,88.42,51122.0
2024-09-17 16:38:00,88.43,88.445,88.32,88.44,47464.0
2024-09-17 16:40:00,88.45,88.49,88.33,88.38,35179.0
2024-09-17 16:42:00,88.38,88.41,88.1724,88.19,57865.0
2024-09-17 16:44:00,88.16,88.23,88.08,88.14,115167.0
2024-09-17 16:46:00,88.13,88.17,87.91,87.97,113062.0
2024-09-17 16:48:00,87.935,88.0,87.7,87.76,94160.0
2024-09-17 16:50:00,87.744,87.8336,87.5501,87.68,125379.0
2024-09-17 16:52:00,87.685,87.8671,87.64,87.83,94553.0
2024-09-17 16:54:00,87.825,87.89,87.8,87.845,66286.0
2024-09-17 16:56:00,87.845,87.9799,87.77,87.935,78558.0
2024-09-17 16:58:00,87.935,87.945,87.65,87.79,105674.0
2024-09-17 17:00:00,87.8,88.01,87.79,88.0,106105.0
2024-09-17 17:02:00,88.0,88.0,87.83,87.935,91137.0
2024-09-17 17:04:00,87.9425,87.97,87.85,87.95,50358.0
2024-09-17 17:06:00,87.95,87.96,87.8201,87.875,40119.0
2024-09-17 17:08:00,87.875,88.0,87.875,87.965,67427.0
2024-09-17 17:10:00,87.9868,88.0,87.7804,87.8899,102259.0
2024-09-17 17:12:00,87.89,87.99,87.86,87.99,66627.0
2024-09-17 17:14:00,87.9898,87.99,87.95,87.97,44618.0
2024-09-17 17:16:00,87.965,88.12,87.95,88.09,84460.0
2024-09-17 17:18:00,88.095,88.14,87.98,88.1301,59451.0
2024-09-17 17:20:00,88.14,88.2,88.11,88.17,37362.0
2024-09-17 17:22:00,88.1687,88.2,88.126,88.14,45477.0
2024-09-17 17:24:00,88.15,88.319,88.15,88.25,103811.0
2024-09-17 17:26:00,88.29,88.42,88.29,88.3719,38837.0
2024-09-17 17:28:00,88.38,88.39,88.23,88.2999,49769.0
2024-09-17 17:30:00,88.3,88.51,88.29,88.43,55835.0
2024-09-17 17:32:00,88.43,88.44,88.31,88.34,31543.0
2024-09-17 17:34:00,88.33,88.42,88.25,88.375,50559.0
2024-09-17 17:36:00,88.4,88.53,88.4,88.5101,43877.0
2024-09-17 17:38:00,88.515,88.534,88.45,88.47,42764.0
2024-09-17 17:40:00,88.46,88.46,88.27,88.34,56202.0
2024-09-17 17:42:00,88.36,88.38,88.175,88.25,41621.0
2024-09-17 17:44:00,88.25,88.25,87.909,87.9949,94897.0
2024-09-17 17:46:00,87.995,88.25,87.99,88.25,53339.0
2024-09-17 17:48:00,88.27,88.5099,88.27,88.5,73270.0
2024-09-17 17:50:00,88.49,88.615,88.45,88.55,59622.0
2024-09-17 17:52:00,88.555,88.6,88.4936,88.56,67440.0
2024-09-17 17:54:00,88.54,88.5699,88.47,88.5,40904.0
2024-09-17 17:56:00,88.51,88.51,88.4,88.458,53201.0
2024-09-17 17:58:00,88.45,88.54,88.42,88.51,44024.0
2024-09-17 18:00:00,88.52,88.63,88.41,88.6,70325.0
2024-09-17 18:02:00,88.61,88.6687,88.57,88.6679,29944.0
2024-09-17 18:04:00,88.65,88.68,88.53,88.66,65364.0
2024-09-17 18:06:00,88.65,88.674,88.52,88.56,74916.0
2024-09-17 18:08:00,88.55,88.63,88.541,88.59,42706.0
2024-09-17 18:10:00,88.58,88.65,88.51,88.632,41708.0
2024-09-17 18:12:00,88.65,88.655,88.524,88.53,65642.0
2024-09-17 18:14:00,88.505,88.5275,88.395,88.51,64130.0
2024-09-17 18:16:00,88.5,88.52,88.44,88.45,22527.0
2024-09-17 18:18:00,88.45,88.4858,88.305,88.355,46639.0
2024-09-17 18:20:00,88.345,88.42,88.24,88.42,74121.0
2024-09-17 18:22:00,88.44,88.53,88.41,88.5201,26288.0
2024-09-17 18:24:00,88.5341,88.58,88.52,88.56,39460.0
2024-09-17 18:26:00,88.56,88.64,88.42,88.43,52099.0
2024-09-17 18:28:00,88.435,88.44,88.28,88.38,55348.0
2024-09-17 18:30:00,88.35,88.36,88.22,88.26,45610.0
2024-09-17 18:32:00,88.25,88.33,88.24,88.315,52267.0
2024-09-17 18:34:00,88.315,88.55,88.3,88.52,45904.0
2024-09-17 18:36:00,88.52,88.62,88.51,88.55,35369.0
2024-09-17 18:38:00,88.54,88.58,88.515,88.58,64216.0
2024-09-17 18:40:00,88.59,88.65,88.505,88.5201,41812.0
2024-09-17 18:42:00,88.525,88.64,88.5201,88.63,27160.0
2024-09-17 18:44:00,88.65,88.66,88.485,88.505,51975.0
2024-09-17 18:46:00,88.49,88.57,88.43,88.57,36057.0
2024-09-17 18:48:00,88.55,88.5548,88.245,88.48,87226.0
2024-09-17 18:50:00,88.46,88.49,88.33,88.38,41247.0
2024-09-17 18:52:00,88.38,88.43,88.29,88.3,36531.0
2024-09-17 18:54:00,88.3042,88.52,88.3,88.52,36910.0
2024-09-17 18:56:00,88.525,88.56,88.399,88.4,56838.0
2024-09-17 18:58:00,88.405,88.5266,88.395,88.4602,35216.0
2024-09-17 19:00:00,88.465,88.57,88.4407,88.5588,44295.0
2024-09-17 19:02:00,88.565,88.6079,88.519,88.5407,43296.0
2024-09-17 19:04:00,88.54,88.56,88.41,88.515,43240.0
2024-09-17 19:06:00,88.51,88.55,88.43,88.5,35078.0
2024-09-17 19:08:00,88.5,88.615,88.5,88.6,38705.0
2024-09-17 19:10:00,88.6,88.75,88.585,88.69,51731.0
2024-09-17 19:12:00,88.709,88.745,88.58,88.61,82436.0
2024-09-17 19:14:00,88.6,88.63,88.53,88.612,58803.0
2024-09-17 19:16:00,88.6,88.62,88.52,88.53,40797.0
2024-09-17 19:18:00,88.53,88.58,88.48,88.56,46804.0
2024-09-17 19:20:00,88.565,88.585,88.4511,88.46,59424.0
2024-09-17 19:22:00,88.462,88.47,88.25,88.28,59412.0
2024-09-17 19:24:00,88.29,88.37,88.265,88.37,61275.0
2024-09-17 19:26:00,88.37,88.42,88.342407,88.4,54756.0
2024-09-17 19:28:00,88.41,88.51,88.37,88.51,43598.0
2024-09-17 19:30:00,88.48,88.59,88.46,88.57,62094.0
2024-09-17 19:32:00,88.5764,88.64,88.46,88.49,84819.0
2024-09-17 19:34:00,88.485,88.6199,88.46,88.6199,39317.0
2024-09-17 19:36:00,88.62,88.73,88.59,88.616399,84873.0
2024-09-17 19:38:00,88.61,88.6599,88.56,88.63,61471.0
2024-09-17 19:40:00,88.635,88.68,88.465,88.527,71435.0
2024-09-17 19:42:00,88.52,88.585,88.477005,88.525,62991.0
2024-09-17 19:44:00,88.52,88.6001,88.52,88.6,48720.0
2024-09-17 19:46:00,88.6,88.64,88.5,88.62,100440.0
2024-09-17 19:48:00,88.61,88.67,88.6,88.605,59158.0
2024-09-17 19:50:00,88.6,88.87,88.55,88.87,123580.0
2024-09-17 19:52:00,88.87,88.88,88.74,88.82,109785.0
2024-09-17 19:54:00,88.815,88.8995,88.58,88.63,179325.0
2024-09-17 19:56:00,88.64,88.725,88.61,88.65,182596.0
2024-09-17 19:58:00,88.66,88.7501,88.61,88.71,373347.0
2024-09-17 20:00:00,88.73,88.73,88.58,88.58,107393.0
2024-09-17 20:02:00,88.58,88.6,88.57,88.6,2157.0
2024-09-17 20:04:00,88.61,88.73,88.61,88.73,4416.0
2024-09-17 20:06:00,88.63,88.63,88.61,88.61,938.0
2024-09-17 20:12:00,88.6599,88.6599,88.6599,88.6599,526.0
2024-09-17 20:14:00,88.6247,88.66,88.6247,88.65,1854.0
2024-09-17 20:16:00,88.66,88.68,88.65,88.68,865.0
2024-09-17 20:22:00,88.73,88.73,88.73,88.73,1540.0
2024-09-17 20:24:00,88.689,88.689,88.67,88.67,1100.0
2024-09-17 20:26:00,88.73,88.73,88.699,88.699,465.0
2024-09-17 20:28:00,88.67,88.69,88.62,88.627,3476.0
2024-09-17 20:30:00,88.63,88.6601,88.63,88.6601,2250.0
2024-09-17 20:32:00,88.7,88.7,88.7,88.7,850.0
2024-09-17 20:34:00,88.7,88.7,88.7,88.7,445.0
2024-09-17 20:36:00,88.6863,88.69,88.68,88.69,1703.0
2024-09-17 20:38:00,88.69,88.69,88.69,88.69,128.0
2024-09-17 20:42:00,88.69,88.69,88.6891,88.6891,170440.0
2024-09-17 20:44:00,88.64,88.64,88.62,88.62,918.0
2024-09-17 20:46:00,88.63,88.64,88.63,88.64,553.0
2024-09-17 20:48:00,88.61,88.61,88.61,88.61,217.0
2024-09-17 20:54:00,88.6,88.6,88.6,88.6,251.0
2024-09-17 20:56:00,88.61,88.73,88.61,88.63,9460.0
2024-09-17 21:06:00,88.61,88.61,88.61,88.61,390.0
2024-09-17 21:08:00,88.6,88.6383,88.6,88.6383,426.0
2024-09-17 21:10:00,88.64,88.64,88.64,88.64,200.0
2024-09-17 21:12:00,88.58,88.64,88.58,88.64,801.0
2024-09-17 21:14:00,88.5803,88.5803,88.5803,88.5803,1128.0
2024-09-17 21:16:00,88.6,88.6,88.6,88.6,220.0
2024-09-17 21:18:00,88.61,88.61,88.61,88.61,310.0
2024-09-17 21:20:00,88.64,88.64,88.64,88.64,108.0
2024-09-17 21:24:00,88.5803,88.5803,88.5803,88.5803,2093.0
2024-09-17 21:26:00,88.58,88.58,88.58,88.58,2106.0
2024-09-17 21:30:00,88.57,88.57,88.56,88.56,235.0
2024-09-17 21:32:00,88.6952,88.6952,88.6952,88.6952,254.0
2024-09-17 21:34:00,88.6994,88.6994,88.6994,88.6994,1000.0
2024-09-17 21:36:00,88.7,88.7,88.7,88.7,900.0
2024-09-17 21:38:00,88.6933,88.6933,88.6933,88.6933,100.0
2024-09-17 21:42:00,88.696,88.696,88.59,88.59,391.0
2024-09-17 21:48:00,88.595,88.595,88.595,88.595,100.0
2024-09-17 21:58:00,88.61,88.61,88.51,88.53,5137.0
2024-09-17 22:04:00,88.5247,88.5247,88.5247,88.5247,200.0
2024-09-17 22:10:00,88.5322,88.5322,88.5322,88.5322,132.0
2024-09-17 22:12:00,88.5322,88.5322,88.5322,88.5322,150.0
2024-09-17 22:14:00,88.67,88.67,88.67,88.67,242.0
2024-09-17 22:16:00,88.53,88.53,88.52,88.53,1541.0
2024-09-17 22:18:00,88.55,88.55,88.55,88.55,300.0
2024-09-17 22:20:00,88.66,88.66,88.66,88.66,316.0
2024-09-17 22:24:00,88.55,88.55,88.52,88.52,5798.0
2024-09-17 22:32:00,88.55,88.55,88.55,88.55,300.0
2024-09-17 22:34:00,88.54,88.54,88.54,88.54,100.0
2024-09-17 22:36:00,88.54,88.54,88.54,88.54,340.0
2024-09-17 22:42:00,88.55,88.55,88.55,88.55,365.0
2024-09-17 22:46:00,88.64,88.64,88.64,88.64,1397.0
2024-09-17 22:52:00,88.56,88.56,88.55,88.55,933.0
2024-09-17 22:54:00,88.52,88.52,88.52,88.52,158.0
2024-09-17 22:56:00,88.55,88.55,88.55,88.55,1500.0
2024-09-17 23:00:00,88.652,88.652,88.652,88.652,105.0
2024-09-17 23:12:00,88.64,88.64,88.64,88.64,466.0
2024-09-17 23:18:00,88.62,88.62,88.6,88.6,752.0
2024-09-17 23:20:00,88.6,88.6,88.6,88.6,772.0
2024-09-17 23:26:00,88.57,88.57,88.57,88.57,303.0
2024-09-17 23:28:00,88.57,88.57,88.57,88.57,300.0
2024-09-17 23:30:00,88.569,88.569,88.569,88.569,108.0
2024-09-17 23:32:00,88.569,88.569,88.55,88.55,2676.0
2024-09-17 23:34:00,88.53,88.53,88.4987,88.5,1532.0
2024-09-17 23:36:00,88.3573,88.375,88.3573,88.375,958.0
2024-09-17 23:38:00,88.5,88.5,88.5,88.5,338.0
2024-09-17 23:40:00,88.56,88.57,88.56,88.57,312.0
2024-09-17 23:44:00,88.6,88.6,88.5499,88.55,1480.0
2024-09-17 23:46:00,88.55,88.55,88.55,88.55,2038.0
2024-09-17 23:48:00,88.64,88.64,88.64,88.64,286.0
2024-09-17 23:50:00,88.6499,88.6499,88.644,88.644,630.0
2024-09-17 23:52:00,88.59,88.59,88.59,88.59,100.0
2024-09-17 23:54:00,88.5302,88.5302,88.5302,88.5302,1010.0
2024-09-17 23:56:00,88.6155,88.6155,88.532,88.532,860.0
2024-09-17 23:58:00,88.57,88.62,88.57,88.6,881.0
2024-09-18 08:02:00,88.54,88.54,88.54,88.54,248.0
2024-09-18 08:04:00,88.54,88.54,88.4,88.4,1882.0
2024-09-18 08:06:00,88.09,88.09,88.04,88.04,1230.0
2024-09-18 08:14:00,88.06,88.19,88.06,88.19,522.0
2024-09-18 08:20:00,88.4,88.76,88.4,88.76,4126.0
2024-09-18 08:24:00,88.41,88.41,88.3,88.3,1512.0
2024-09-18 08:26:00,88.25,88.25,88.25,88.25,457.0
2024-09-18 08:36:00,88.35,88.36,88.35,88.36,270.0
2024-09-18 08:52:00,88.36,88.39,88.36,88.39,609.0
2024-09-18 09:40:00,88.45,88.5,88.45,88.5,813.0
2024-09-18 09:44:00,88.55,88.58,88.55,88.58,732.0
2024-09-18 09:50:00,88.45,88.45,88.45,88.45,225.0
2024-09-18 09:54:00,88.45,88.45,88.45,88.45,400.0
2024-09-18 09:56:00,88.5,88.5,88.5,88.5,344.0
2024-09-18 10:26:00,88.55,88.55,88.55,88.55,216.0
2024-09-18 10:34:00,88.5,88.5,88.4,88.4,3254.0
2024-09-18 10:48:00,88.7,88.7,88.7,88.7,446.0
2024-09-18 10:56:00,88.7,88.7,88.7,88.7,735.0
2024-09-18 10:58:00,88.74,88.75,88.74,88.75,2917.0
2024-09-18 11:02:00,88.69,88.69,88.69,88.69,879.0
2024-09-18 11:04:00,88.71,88.71,88.71,88.71,350.0
2024-09-18 11:18:00,88.79,88.8,88.79,88.8,1086.0
2024-09-18 11:24:00,88.85,88.85,88.85,88.85,532.0
2024-09-18 11:28:00,88.76,88.76,88.76,88.76,180.0
2024-09-18 11:38:00,88.75,88.75,88.75,88.75,342.0
2024-09-18 11:42:00,88.75,88.75,88.75,88.75,1452.0
2024-09-18 12:00:00,88.74,88.95,88.5666,88.64,24383.0
2024-09-18 12:02:00,88.7,88.7,88.7,88.7,196.0
2024-09-18 12:04:00,88.951,88.951,88.4,88.4,20362.0
2024-09-18 12:06:00,88.49,88.5,88.49,88.5,1370.0
2024-09-18 12:08:00,88.5,88.5,88.5,88.5,1445.0
2024-09-18 12:10:00,88.4215,88.6931,88.4,88.49,3219.0
2024-09-18 12:16:00,88.37,88.37,88.37,88.37,376.0
2024-09-18 12:18:00,88.48,88.48,88.48,88.48,2290.0
2024-09-18 12:20:00,88.45,88.48,88.4,88.4,1767.0
2024-09-18 12:22:00,88.4001,88.44,88.4001,88.44,1525.0
2024-09-18 12:24:00,88.464,88.515,88.464,88.515,12737.0
2024-09-18 12:30:00,88.59,88.64,88.52,88.52,1370.0
2024-09-18 12:32:00,88.52,88.52,88.52,88.52,189.0
2024-09-18 12:34:00,88.622,88.622,88.622,88.622,331.0
2024-09-18 12:36:00,88.66,88.66,88.66,88.66,299.0
2024-09-18 12:38:00,88.7,88.82,88.7,88.82,3492.0
2024-09-18 12:40:00,88.7999,88.7999,88.7999,88.7999,785.0
2024-09-18 12:46:00,88.65,88.7102,88.65,88.7102,572.0
2024-09-18 12:52:00,88.69,88.7,88.69,88.7,6256.0
2024-09-18 12:54:00,88.7,88.8199,88.7,88.75,3560.0
2024-09-18 12:56:00,88.75,88.8189,88.65,88.65,2351.0
2024-09-18 12:58:00,88.7,88.72,88.7,88.72,591.0
2024-09-18 13:02:00,88.787,88.787,88.787,88.787,281.0
2024-09-18 13:04:00,88.75,88.81,88.73,88.73,6123.0
2024-09-18 13:06:00,88.75,88.75,88.75,88.75,1001.0
2024-09-18 13:08:00,88.7,88.7,88.65,88.7,2141.0
2024-09-18 13:10:00,88.69,88.78,88.65,88.78,4322.0
2024-09-18 13:12:00,88.7,88.7,88.7,88.7,1427.0
2024-09-18 13:14:00,88.6114,88.6114,88.6114,88.6114,1130.0
2024-09-18 13:18:00,88.7476,88.7476,88.7476,88.7476,349.0
2024-09-18 13:20:00,88.6344,88.67,88.6344,88.636,846.0
2024-09-18 13:22:00,88.658,88.658,88.6001,88.6001,2680.0
2024-09-18 13:24:00,88.65,88.66,88.49,88.59,6556.0
2024-09-18 13:26:00,88.5,88.5,88.0,88.0,16819.0
2024-09-18 13:28:00,88.1,88.1,87.67,87.86,24033.0
2024-09-18 13:30:00,87.99,88.43,87.68,88.38,462639.0
2024-09-18 13:32:00,88.3667,88.6899,88.28,88.475,158830.0
2024-09-18 13:34:00,88.47,88.9497,88.45,88.54,153276.0
2024-09-18 13:36:00,88.5202,88.65,88.35,88.535,89773.0
2024-09-18 13:38:00,88.535,88.535,88.15,88.29,71901.0
2024-09-18 13:40:00,88.29,88.42,88.0875,88.36,106424.0
2024-09-18 13:42:00,88.4,88.5299,88.32,88.35,105923.0
2024-09-18 13:44:00,88.315,88.52,88.29,88.47,108092.0
2024-09-18 13:46:00,88.47,88.5,88.23,88.48,77576.0
2024-09-18 13:48:00,88.46,88.58,88.41,88.55,34653.0
2024-09-18 13:50:00,88.57,88.6,88.35,88.565,83152.0
2024-09-18 13:52:00,88.57,88.7299,88.46,88.625,104751.0
2024-09-18 13:54:00,88.62,88.7295,88.56,88.7,64602.0
2024-09-18 13:56:00,88.7,88.76,88.635,88.65,56999.0
2024-09-18 13:58:00,88.68,88.71,88.58,88.655,41764.0
2024-09-18 14:00:00,88.66,88.67,88.41,88.44,60267.0
2024-09-18 14:02:00,88.46,88.57,88.365,88.5476,49118.0
2024-09-18 14:04:00,88.535,88.6,88.29,88.43,101424.0
2024-09-18 14:06:00,88.4301,88.55,88.28,88.38,105959.0
2024-09-18 14:08:00,88.3823,88.385,88.13,88.16,80784.0
2024-09-18 14:10:00,88.17,88.3299,88.03,88.04,93396.0
2024-09-18 14:12:00,88.0411,88.215,88.03,88.08,73934.0
2024-09-18 14:14:00,88.07,88.23,88.01,88.18,53504.0
2024-09-18 14:16:00,88.18,88.28,88.12,88.1482,56040.0
2024-09-18 14:18:00,88.14,88.23,88.12,88.16,40109.0
2024-09-18 14:20:00,88.13,88.24,88.11,88.182,37362.0
2024-09-18 14:22:00,88.19,88.25,88.07,88.17,85380.0
2024-09-18 14:24:00,88.18,88.225,88.02,88.05,41850.0
2024-09-18 14:26:00,88.05,88.19,88.05,88.19,43829.0
2024-09-18 14:28:00,88.18,88.24,88.1,88.13,183570.0
2024-09-18 14:30:00,88.1,88.16,87.96,88.0299,151503.0
2024-09-18 14:32:00,88.02,88.05,87.935,88.03,55419.0
2024-09-18 14:34:00,87.9899,88.02,87.945,87.98,43353.0
2024-09-18 14:36:00,87.9602,88.09,87.925,88.09,47334.0
2024-09-18 14:38:00,88.0901,88.105,87.97,88.035,67001.0
2024-09-18 14:40:00,88.03,88.095,87.961,88.03,98449.0
2024-09-18 14:42:00,88.035,88.1,87.99,88.02,52295.0
2024-09-18 14:44:00,88.025,88.05,87.9707,88.0413,57239.0
2024-09-18 14:46:00,88.045,88.0855,87.96,88.065,65875.0
2024-09-18 14:48:00,88.07,88.08,87.97,87.985,77680.0
2024-09-18 14:50:00,87.98,87.99,87.89,87.96,45923.0
2024-09-18 14:52:00,87.96,88.01,87.94,87.96,49560.0
2024-09-18 14:54:00,87.96,88.05,87.91,87.97,51848.0
2024-09-18 14:56:00,87.965,88.0,87.88,87.96,58464.0
2024-09-18 14:58:00,87.95,88.02,87.9223,87.99,36774.0
2024-09-18 15:00:00,88.0,88.05,87.955,87.965,59445.0
2024-09-18 15:02:00,87.96,88.02,87.93,87.99,31738.0
2024-09-18 15:04:00,87.99,88.0686,87.94,88.06,70202.0
2024-09-18 15:06:00,88.07,88.11,87.94,87.94,54456.0
2024-09-18 15:08:00,87.94,88.02,87.88,87.9,32153.0
2024-09-18 15:10:00,87.89,87.98,87.825,87.96,49181.0
2024-09-18 15:12:00,87.96,87.98,87.9002,87.974,40114.0
2024-09-18 15:14:00,87.985,88.06,87.97,87.97,43453.0
2024-09-18 15:16:00,87.99,88.0,87.91,87.925,41463.0
2024-09-18 15:18:00,87.9216,88.01,87.9,87.9899,24104.0
2024-09-18 15:20:00,87.9876,88.005,87.93,87.9829,21425.0
2024-09-18 15:22:00,87.992,88.0,87.8584,87.8584,50613.0
2024-09-18 15:24:00,87.86,87.89,87.71,87.7215,87314.0
2024-09-18 15:26:00,87.73,87.74,87.64,87.7295,71811.0
2024-09-18 15:28:00,87.725,87.815,87.71,87.755,64581.0
2024-09-18 15:30:00,87.75,87.75,87.41,87.435,157954.0
2024-09-18 15:32:00,87.4381,87.47,87.36,87.405,90292.0
2024-09-18 15:34:00,87.41,87.42,87.26,87.295,93830.0
2024-09-18 15:36:00,87.295,87.36,87.26,87.285,71864.0
2024-09-18 15:38:00,87.28,87.35,87.25,87.265,82458.0
2024-09-18 15:40:00,87.265,87.3,87.21,87.2302,77197.0
2024-09-18 15:42:00,87.23,87.23,87.14,87.175,70678.0
2024-09-18 15:44:00,87.18,87.2,87.1006,87.13,62099.0
2024-09-18 15:46:00,87.115,87.155,86.905,86.93,142804.0
2024-09-18 15:48:00,86.95,87.06,86.95,87.0433,68314.0
2024-09-18 15:50:00,87.05,87.07,86.94,86.955,64951.0
2024-09-18 15:52:00,86.965,87.038,86.955,86.96,36915.0
2024-09-18 15:54:00,86.965,86.995,86.93,86.96,75465.0
2024-09-18 15:56:00,86.955,86.97,86.83,86.9,88197.0
2024-09-18 15:58:00,86.91,86.915,86.79,86.805,67743.0
2024-09-18 16:00:00,86.8,87.005,86.71,86.9401,100528.0
2024-09-18 16:02:00,86.95,86.98,86.88,86.89,41318.0
2024-09-18 16:04:00,86.89,87.005,86.87,86.955,61181.0
2024-09-18 16:06:00,86.96,87.08,86.96,87.068,54693.0
2024-09-18 16:08:00,87.07,87.14,87.055,87.055,47486.0
2024-09-18 16:10:00,87.065,87.13,87.05,87.065,53194.0
2024-09-18 16:12:00,87.065,87.12,87.01,87.09,51132.0
2024-09-18 16:14:00,87.1085,87.14,87.085,87.11,48512.0
2024-09-18 16:16:00,87.11,87.22,87.105,87.215,62622.0
2024-09-18 16:18:00,87.22,87.24,87.12,87.15,59995.0
2024-09-18 16:20:00,87.1699,87.28,87.16,87.24,50934.0
2024-09-18 16:22:00,87.24,87.36,87.24,87.35,49860.0
2024-09-18 16:24:00,87.36,87.39,87.295,87.315,50176.0
2024-09-18 16:26:00,87.32,87.44,87.32,87.42,40173.0
2024-09-18 16:28:00,87.425,87.43,87.34,87.35,34917.0
2024-09-18 16:30:00,87.35,87.38,87.31,87.3316,34474.0
2024-09-18 16:32:00,87.33,87.39,87.32,87.36,37625.0
2024-09-18 16:34:00,87.365,87.4,87.3406,87.365,36812.0
2024-09-18 16:36:00,87.365,87.4,87.335,87.38,35494.0
2024-09-18 16:38:00,87.365,87.47,87.355,87.415,33669.0
2024-09-18 16:40:00,87.4182,87.44,87.38,87.42,34359.0
2024-09-18 16:42:00,87.43,87.5,87.42,87.5,22543.0
2024-09-18 16:44:00,87.504,87.56,87.45,87.48,37338.0
2024-09-18 16:46:00,87.49,87.58,87.49,87.58,30533.0
2024-09-18 16:48:00,87.57,87.57,87.53,87.56,24945.0
2024-09-18 16:50:00,87.57,87.62,87.57,87.62,26038.0
2024-09-18 16:52:00,87.605,87.64,87.6,87.6358,39249.0
2024-09-18 16:54:00,87.64,87.784,87.64,87.78,39679.0
2024-09-18 16:56:00,87.7999,87.85,87.7601,87.7662,30137.0
2024-09-18 16:58:00,87.7675,87.85,87.73,87.8,38766.0
2024-09-18 17:00:00,87.795,87.84,87.75,87.76,23001.0
2024-09-18 17:02:00,87.7633,87.78,87.7,87.708,40722.0
2024-09-18 17:04:00,87.72,87.73,87.67,87.68,27280.0
2024-09-18 17:06:00,87.68,87.7,87.64,87.67,25566.0
2024-09-18 17:08:00,87.67,87.7,87.58,87.6,45347.0
2024-09-18 17:10:00,87.59,87.62,87.503432,87.5577,45545.0
2024-09-18 17:12:00,87.555,87.59,87.522,87.54,31190.0
2024-09-18 17:14:00,87.54,87.55,87.385,87.385,63856.0
2024-09-18 17:16:00,87.385,87.45,87.365,87.38,35654.0
2024-09-18 17:18:00,87.39,87.4595,87.3848,87.4457,23665.0
2024-09-18 17:20:00,87.46,87.534,87.38,87.39,53515.0
2024-09-18 17:22:00,87.41,87.425,87.365,87.37,20452.0
2024-09-18 17:24:00,87.38,87.38,87.316,87.34,28537.0
2024-09-18 17:26:00,87.36,87.452,87.3,87.44,73829.0
2024-09-18 17:28:00,87.45,87.53,87.4,87.52,37190.0
2024-09-18 17:30:00,87.53,87.6224,87.53,87.57,42820.0
2024-09-18 17:32:00,87.565,87.62,87.42,87.48,56749.0
2024-09-18 17:34:00,87.475,87.51,87.45,87.48,38649.0
2024-09-18 17:36:00,87.47,87.51,87.1604,87.33,87647.0
2024-09-18 17:38:00,87.32,87.33,87.2,87.33,51878.0
2024-09-18 17:40:00,87.32,87.3468,87.279,87.32,28119.0
2024-09-18 17:42:00,87.32,87.51,87.315,87.48,22895.0
2024-09-18 17:44:00,87.48,87.595,87.45,87.539,24468.0
2024-09-18 17:46:00,87.54,87.545,87.355,87.39,39916.0
2024-09-18 17:48:00,87.4,87.4499,87.34,87.4,124462.0
2024-09-18 17:50:00,87.405,87.43,87.315,87.3762,128953.0
2024-09-18 17:52:00,87.38,87.43,87.305,87.41,42213.0
2024-09-18 17:54:00,87.42,87.47,87.37,87.47,23412.0
2024-09-18 17:56:00,87.48,87.66,87.425,87.65,33454.0
2024-09-18 17:58:00,87.63,87.7,87.54,87.54,45665.0
2024-09-18 18:00:00,87.54,89.2,87.25,88.845,376617.0
2024-09-18 18:02:00,88.81,88.94,87.92,88.02,320485.0
2024-09-18 18:04:00,88.02,88.45,87.84,88.27,186502.0
2024-09-18 18:06:00,88.3,88.39,88.0,88.17,230257.0
2024-09-18 18:08:00,88.14,88.165,87.74,87.93,113219.0
2024-09-18 18:10:00,87.91,87.9755,87.32,87.32,156160.0
2024-09-18 18:12:00,87.36,87.5499,87.13,87.35,125352.0
2024-09-18 18:14:00,87.3201,87.87,87.2,87.78,98689.0
2024-09-18 18:16:00,87.7925,88.13,87.7,88.03,133103.0
2024-09-18 18:18:00,88.05,88.19,88.0,88.1,100361.0
2024-09-18 18:20:00,88.085,88.37,88.03,88.12,77151.0
2024-09-18 18:22:00,88.13,88.135,87.95,88.0648,74954.0
2024-09-18 18:24:00,88.08,88.33,88.075,88.3225,53414.0
2024-09-18 18:26:00,88.3008,88.34,87.94,88.13,85114.0
2024-09-18 18:28:00,88.1303,88.5,88.1303,88.452,92035.0
2024-09-18 18:30:00,88.46,88.6399,88.43,88.5463,75017.0
2024-09-18 18:32:00,88.535,89.0,88.51,88.97,96966.0
2024-09-18 18:34:00,88.97,89.06,88.36,88.473392,132645.0
2024-09-18 18:36:00,88.54,88.775,88.25,88.7251,126772.0
2024-09-18 18:38:00,88.74,88.874,88.56,88.57,99114.0
2024-09-18 18:40:00,88.6,88.7277,88.34,88.54,76143.0
2024-09-18 18:42:00,88.52,88.55,88.04,88.08,113550.0
2024-09-18 18:44:00,88.11,88.26,87.9,88.17,129444.0
2024-09-18 18:46:00,88.17,88.485,88.0,88.075,107359.0
2024-09-18 18:48:00,88.07,88.32,88.025,88.105,66268.0
2024-09-18 18:50:00,88.1,88.3,87.97,88.24,99128.0
2024-09-18 18:52:00,88.23,88.4301,88.21,88.41,55027.0
2024-09-18 18:54:00,88.43,88.5,88.1,88.3643,62947.0
2024-09-18 18:56:00,88.385,88.46,88.26,88.335,36405.0
2024-09-18 18:58:00,88.24,88.3,87.8101,87.815,108940.0
2024-09-18 19:00:00,87.8,87.84,87.2105,87.32,194317.0
2024-09-18 19:02:00,87.32,87.6199,87.18,87.48,98663.0
2024-09-18 19:04:00,87.51,87.57,86.915,86.9652,159166.0
2024-09-18 19:06:00,86.945,87.1699,86.85,87.02,100230.0
2024-09-18 19:08:00,87.0101,87.16,86.92,87.095,95277.0
2024-09-18 19:10:00,87.07,87.3999,86.935,87.17,109880.0
2024-09-18 19:12:00,87.17,87.73,87.13,87.6,78581.0
2024-09-18 19:14:00,87.6167,87.7628,87.42,87.508,70962.0
2024-09-18 19:16:00,87.54,87.79,87.44,87.79,55741.0
2024-09-18 19:18:00,87.79,87.83,87.51,87.8001,82764.0
2024-09-18 19:20:00,87.83,87.83,87.12,87.6064,127170.0
2024-09-18 19:22:00,87.62,87.665,87.21,87.665,55198.0
2024-09-18 19:24:00,87.675,88.03,87.49,87.9989,112521.0
2024-09-18 19:26:00,87.97,88.25,87.94,88.195,101307.0
2024-09-18 19:28:00,88.22,88.27,87.79,88.11,122100.0
2024-09-18 19:30:00,88.12,88.32,88.0401,88.27,64818.0
2024-09-18 19:32:00,88.275,88.275,87.97,88.05,53030.0
2024-09-18 19:34:00,88.055,88.15,87.81,87.88,98473.0
2024-09-18 19:36:00,87.86,88.09,87.72,87.88,68052.0
2024-09-18 19:38:00,87.87,88.2,87.6292,87.89,135800.0
2024-09-18 19:40:00,87.89,88.01,87.68,87.7696,81180.0
2024-09-18 19:42:00,87.78,87.8935,87.64,87.81,82723.0
2024-09-18 19:44:00,87.81,87.82,87.34,87.52,86996.0
2024-09-18 19:46:00,87.56,87.74,87.33,87.41,99633.0
2024-09-18 19:48:00,87.45,87.455,87.09,87.3396,142643.0
2024-09-18 19:50:00,87.25,87.4,87.0985,87.1877,148737.0
2024-09-18 19:52:00,87.17,87.46,87.1,87.32,118750.0
2024-09-18 19:54:00,87.32,87.42,87.2,87.355,202178.0
2024-09-18 19:56:00,87.35,87.3967,87.2301,87.375,183556.0
2024-09-18 19:58:00,87.39,87.45,87.25,87.38,529136.0
2024-09-18 20:00:00,87.35,87.35,87.1399,87.2,88318.0
2024-09-18 20:02:00,87.35,87.35,87.17,87.2,6103.0
2024-09-18 20:04:00,87.21,87.35,87.2,87.34,6420.0
2024-09-18 20:06:00,87.3,87.35,87.3,87.35,3651.0
2024-09-18 20:08:00,87.43,87.56,87.43,87.56,15319.0
2024-09-18 20:10:00,87.56,87.56,87.5,87.5,970.0
2024-09-18 20:12:00,87.55,87.59,87.36,87.36,8973.0
2024-09-18 20:14:00,87.58,87.58,87.55,87.58,1050.0
2024-09-18 20:16:00,87.7,87.7,87.69,87.69,1795.0
2024-09-18 20:18:00,87.7,87.7,87.69,87.7,2627.0
2024-09-18 20:20:00,87.66,87.66,87.58,87.58,461.0
2024-09-18 20:26:00,87.6,87.6,87.35,87.35,1984.0
2024-09-18 20:28:00,87.55,87.57,87.55,87.57,910.0
2024-09-18 20:30:00,87.595,87.595,87.59,87.59,718.0
2024-09-18 20:32:00,87.5999,87.6,87.59,87.6,917.0
2024-09-18 20:34:00,87.64,87.64,87.64,87.64,460.0
2024-09-18 20:36:00,87.57,87.57,87.55,87.55,1034.0
2024-09-18 20:38:00,87.55,87.57,87.55,87.56,2094.0
2024-09-18 20:40:00,87.52,87.52,87.18,87.2948,8294.0
2024-09-18 20:44:00,87.3069,87.3069,87.3069,87.3069,532.0
2024-09-18 20:46:00,87.48,87.48,87.48,87.48,138.0
2024-09-18 20:48:00,87.5,87.5,87.5,87.5,676.0
2024-09-18 20:50:00,87.5,87.5,87.5,87.5,217.0
2024-09-18 20:52:00,87.35,87.35,87.35,87.35,20351.0
2024-09-18 20:54:00,87.5,87.5,87.5,87.5,5462.0
2024-09-18 20:58:00,87.52,87.56,87.52,87.56,4346.0
2024-09-18 21:00:00,87.57,87.57,87.57,87.57,159.0
2024-09-18 21:02:00,87.5,87.5,87.5,87.5,475.0
2024-09-18 21:06:00,87.5,87.5,87.5,87.5,1212.0
2024-09-18 21:08:00,87.49,87.51,87.49,87.51,1914.0
2024-09-18 21:10:00,87.5593,87.5593,87.55,87.55,350.0
2024-09-18 21:12:00,87.54,87.54,87.54,87.54,1100.0
2024-09-18 21:14:00,87.55,87.55,87.55,87.55,1016.0
2024-09-18 21:16:00,87.54,87.54,87.54,87.54,544.0
2024-09-18 21:18:00,87.57,87.57,87.54,87.54,1389.0
2024-09-18 21:22:00,87.53,87.53,87.53,87.53,500.0
2024-09-18 21:24:00,87.56,87.56,87.56,87.56,528.0
2024-09-18 21:30:00,87.52,87.52,87.52,87.52,1050.0
2024-09-18 21:32:00,87.55,87.55,87.55,87.55,202.0
2024-09-18 21:34:00,87.54,87.55,87.54,87.55,417.0
2024-09-18 21:38:00,87.5,87.5,87.5,87.5,1466.0
2024-09-18 21:40:00,87.52,87.52,87.52,87.52,191.0
2024-09-18 21:42:00,87.49,87.49,87.4609,87.4609,1038.0
2024-09-18 21:48:00,87.48,87.48,87.48,87.48,611.0
2024-09-18 21:50:00,87.4607,87.4607,87.4607,87.4607,501.0
2024-09-18 21:52:00,87.4715,87.4715,87.4701,87.4701,2016.0
2024-09-18 21:54:00,87.47,87.47,87.47,87.47,254.0
2024-09-18 21:56:00,87.48,87.48,87.48,87.48,1022.0
2024-09-18 22:00:00,87.52,87.53,87.52,87.53,1236.0
2024-09-18 22:02:00,87.56,87.58,87.56,87.58,3522.0
2024-09-18 22:04:00,87.58,87.67,87.56,87.56,1886.0
2024-09-18 22:08:00,87.66,87.66,87.66,87.66,629.0
2024-09-18 22:10:00,87.5608,87.5608,87.5608,87.5608,425.0
2024-09-18 22:14:00,87.68,87.7,87.68,87.7,969.0
2024-09-18 22:16:00,87.69,87.69,87.69,87.69,474.0
2024-09-18 22:18:00,87.6525,87.6525,87.6525,87.6525,503.0
2024-09-18 22:20:00,87.69,87.6986,87.6525,87.6525,1315.0
2024-09-18 22:22:00,87.69,88.0,87.69,87.93,8868.0
2024-09-18 22:24:00,87.7,87.7,87.7,87.7,735.0
2024-09-18 22:26:00,87.6713,87.9,87.6713,87.9,976.0
2024-09-18 22:28:00,87.88,87.88,87.88,87.88,530.0
2024-09-18 22:30:00,87.7201,87.76,87.7201,87.76,797.0
2024-09-18 22:32:00,87.82,87.82,87.82,87.82,452.0
2024-09-18 22:34:00,87.82,87.82,87.82,87.82,717.0
2024-09-18 22:40:00,87.85,87.85,87.85,87.85,129.0
2024-09-18 22:44:00,87.86,87.9,87.86,87.9,849.0
2024-09-18 22:46:00,87.85,87.86,87.85,87.86,5497.0
2024-09-18 22:48:00,87.86,87.86,87.86,87.86,372.0
2024-09-18 22:52:00,87.89,87.9278,87.8,87.8,1053.0
2024-09-18 23:00:00,87.8,87.8,87.8,87.8,315.0
2024-09-18 23:02:00,87.93,87.93,87.93,87.93,285.0
2024-09-18 23:08:00,87.87,87.87,87.87,87.87,310.0
2024-09-18 23:10:00,87.9,87.9,87.9,87.9,170.0
2024-09-18 23:14:00,87.9281,87.9281,87.8525,87.88,825.0
2024-09-18 23:16:00,87.9,87.9298,87.9,87.9,2974.0
2024-09-18 23:18:00,87.87,87.87,87.817,87.817,304.0
2024-09-18 23:20:00,87.81,87.82,87.8,87.8,916.0
2024-09-18 23:22:00,87.75,87.75,87.75,87.75,458.0
2024-09-18 23:26:00,87.89,87.89,87.89,87.89,110.0
2024-09-18 23:30:00,87.85,87.85,87.85,87.85,294.0
2024-09-18 23:34:00,87.895,87.895,87.81,87.81,600.0
2024-09-18 23:38:00,87.8999,87.8999,87.8999,87.8999,265.0
2024-09-18 23:40:00,87.9,87.9,87.9,87.9,1180.0
2024-09-18 23:44:00,87.85,87.85,87.85,87.85,3309.0
2024-09-18 23:48:00,87.8495,87.85,87.8495,87.85,351.0
2024-09-18 23:50:00,87.8496,87.85,87.8496,87.85,844.0
2024-09-18 23:52:00,87.851,87.91,87.85,87.91,3760.0
2024-09-18 23:54:00,87.9,87.93,87.8906,87.93,4447.0
2024-09-18 23:56:00,87.8515,87.9475,87.8515,87.9019,3549.0
2024-09-18 23:58:00,87.9013,88.2,87.8648,88.192,7139.0
2024-09-19 08:00:00,89.1,89.32,89.1,89.24,7440.0
2024-09-19 08:02:00,89.24,89.35,89.01,89.01,7234.0
2024-09-19 08:04:00,89.01,89.01,89.0,89.0,5945.0
2024-09-19 08:06:00,89.19,89.22,89.1,89.1,5375.0
2024-09-19 08:08:00,89.03,89.03,88.99,89.03,3559.0
2024-09-19 08:10:00,88.99,89.03,88.99,89.03,9098.0
2024-09-19 08:12:00,89.15,89.15,89.15,89.15,338.0
2024-09-19 08:14:00,89.1,89.12,89.1,89.12,1760.0
2024-09-19 08:16:00,89.17,89.22,89.11,89.11,2989.0
2024-09-19 08:24:00,89.01,89.01,88.9,88.9,1505.0
2024-09-19 08:26:00,88.8,88.8,88.76,88.8,2564.0
2024-09-19 08:28:00,88.79,88.79,88.79,88.79,403.0
2024-09-19 08:30:00,88.99,88.99,88.99,88.99,804.0
2024-09-19 08:34:00,88.97,89.09,88.93,88.93,1520.0
2024-09-19 08:36:00,88.95,88.95,88.95,88.95,202.0
2024-09-19 08:38:00,88.96,88.96,88.8,88.94,1540.0
2024-09-19 08:40:00,89.0,89.07,89.0,89.07,1730.0
2024-09-19 08:44:00,89.12,89.12,89.1,89.12,1977.0
2024-09-19 08:46:00,89.1,89.11,89.1,89.1,2483.0
2024-09-19 08:52:00,89.01,89.01,89.01,89.01,394.0
2024-09-19 08:54:00,89.06,89.09,88.99,88.99,2870.0
2024-09-19 09:00:00,89.06,89.06,89.06,89.06,410.0
2024-09-19 09:04:00,89.1,89.2,89.09,89.17,12025.0
2024-09-19 09:06:00,89.22,89.22,89.18,89.18,565.0
2024-09-19 09:08:00,89.13,89.2,89.13,89.2,881.0
2024-09-19 09:10:00,89.2,89.25,89.2,89.25,1053.0
2024-09-19 09:12:00,89.29,89.29,89.29,89.29,453.0
2024-09-19 09:14:00,89.31,89.34,89.31,89.34,535.0
2024-09-19 09:16:00,89.36,89.42,89.36,89.4,3729.0
2024-09-19 09:18:00,89.44,89.46,89.44,89.46,1083.0
2024-09-19 09:20:00,89.41,89.47,89.41,89.47,1441.0
2024-09-19 09:22:00,89.5,89.6,89.5,89.5,2584.0
2024-09-19 09:24:00,89.51,89.59,89.47,89.47,2198.0
2024-09-19 09:28:00,89.23,89.23,89.2,89.2,2389.0
2024-09-19 09:30:00,89.26,89.26,89.26,89.26,351.0
2024-09-19 09:36:00,89.48,89.81,89.48,89.8,6474.0
2024-09-19 09:40:00,89.6,89.6,89.6,89.6,301.0
2024-09-19 09:42:00,89.71,89.71,89.71,89.71,315.0
2024-09-19 09:44:00,89.7,89.7,89.62,89.62,1254.0
2024-09-19 09:46:00,89.79,89.9,89.79,89.9,1444.0
2024-09-19 09:48:00,89.9,89.97,89.9,89.97,673.0
2024-09-19 09:54:00,89.8,89.8,89.75,89.76,1825.0
2024-09-19 09:58:00,89.7,89.7,89.7,89.7,322.0
2024-09-19 10:02:00,89.52,89.66,89.52,89.66,320.0
2024-09-19 10:04:00,89.56,89.57,89.56,89.57,684.0
2024-09-19 10:06:00,89.56,89.57,89.52,89.52,1063.0
2024-09-19 10:08:00,89.57,89.57,89.57,89.57,438.0
2024-09-19 10:10:00,89.7,89.7,89.63,89.63,817.0
2024-09-19 10:12:00,89.77,89.78,89.77,89.78,680.0
2024-09-19 10:14:00,89.79,89.79,89.79,89.79,228.0
2024-09-19 10:16:00,89.87,89.94,89.87,89.87,1524.0
2024-09-19 10:18:00,89.87,89.95,89.87,89.95,4384.0
2024-09-19 10:20:00,89.9,89.9,89.9,89.9,545.0
2024-09-19 10:24:00,89.85,89.85,89.85,89.85,402.0
2024-09-19 10:28:00,89.86,89.94,89.85,89.85,3641.0
2024-09-19 10:38:00,89.84,89.85,89.84,89.85,995.0
2024-09-19 10:44:00,89.79,89.79,89.79,89.79,149.0
2024-09-19 10:46:00,89.7,89.7,89.7,89.7,560.0
2024-09-19 10:54:00,89.79,89.79,89.79,89.79,772.0
2024-09-19 10:58:00,89.75,89.75,89.7,89.7,863.0
2024-09-19 11:00:00,89.67,89.75,89.51,89.75,4935.0
2024-09-19 11:02:00,89.7,89.87,89.7,89.87,6534.0
2024-09-19 11:04:00,89.8,89.8,89.64,89.65,6625.0
2024-09-19 11:06:00,89.7,89.7,89.61,89.61,1850.0
2024-09-19 11:08:00,89.61,89.73,89.58,89.73,3172.0
2024-09-19 11:10:00,89.68,89.72,89.68,89.72,945.0
2024-09-19 11:14:00,89.62,89.62,89.62,89.62,1658.0
2024-09-19 11:16:00,89.63,89.65,89.6,89.64,3002.0
2024-09-19 11:18:00,89.5,89.5,89.5,89.5,697.0
2024-09-19 11:20:00,89.6,89.6,89.55,89.55,2558.0
2024-09-19 11:22:00,89.5,89.5,89.5,89.5,787.0
2024-09-19 11:24:00,89.5,89.5,89.41,89.45,3560.0
2024-09-19 11:26:00,89.4,89.4,89.4,89.4,932.0
2024-09-19 11:28:00,89.45,89.5,89.45,89.5,2817.0
2024-09-19 11:30:00,89.6,89.6,89.6,89.6,718.0
2024-09-19 11:32:00,89.58,89.6,89.58,89.6,1337.0
2024-09-19 11:34:00,89.66,89.9,89.66,89.85,15662.0
2024-09-19 11:36:00,89.8,90.0,89.8,90.0,18917.0
2024-09-19 11:38:00,90.0,90.05,90.0,90.0,1247.0
2024-09-19 11:40:00,90.04,90.05,89.95,89.95,5428.0
2024-09-19 11:42:00,89.98,90.01,89.93,89.93,2580.0
2024-09-19 11:44:00,89.9,89.9,89.9,89.9,1148.0
2024-09-19 11:46:00,89.85,89.85,89.75,89.75,3954.0
2024-09-19 11:48:00,89.7,89.7,89.62,89.62,2622.0
2024-09-19 11:50:00,89.62,89.7,89.62,89.7,2017.0
2024-09-19 11:52:00,89.69,89.7,89.6,89.6,6868.0
2024-09-19 11:54:00,89.6,89.6,89.52,89.52,2382.0
2024-09-19 11:56:00,89.65,89.65,89.65,89.65,654.0
2024-09-19 11:58:00,89.64,89.67,89.62,89.65,4405.0
2024-09-19 12:00:00,89.7,90.05,88.82,89.65,102269.0
2024-09-19 12:02:00,89.62,89.62,87.568,89.55,4341.0
2024-09-19 12:04:00,89.55,89.55,89.5,89.5,4996.0
2024-09-19 12:06:00,89.44,89.4698,89.37,89.37,2431.0
2024-09-19 12:08:00,89.3601,89.5315,89.3601,89.3996,7240.0
2024-09-19 12:10:00,89.4,89.44,89.4,89.44,2552.0
2024-09-19 12:12:00,89.48,89.55,89.48,89.55,3345.0
2024-09-19 12:14:00,89.5785,89.5785,89.55,89.55,967.0
2024-09-19 12:16:00,89.54,89.65,89.46,89.46,8315.0
2024-09-19 12:18:00,89.59,89.59,89.53,89.53,1958.0
2024-09-19 12:20:00,89.5998,89.5998,89.5,89.5,4594.0
2024-09-19 12:22:00,89.54,89.57,89.5,89.53,2094.0
2024-09-19 12:24:00,89.5,89.59,89.46,89.46,1078.0
2024-09-19 12:26:00,89.5119,89.5119,89.51,89.51,1681.0
2024-09-19 12:28:00,89.52,89.55,89.52,89.55,3991.0
2024-09-19 12:30:00,89.59,89.68,89.5,89.57,11145.0
2024-09-19 12:32:00,89.55,89.65,89.55,89.65,1940.0
2024-09-19 12:34:00,89.55,89.63,89.55,89.56,3310.0
2024-09-19 12:36:00,89.5,89.554,89.47,89.54,2628.0
2024-09-19 12:38:00,89.54,89.55,89.5,89.53,3547.0
2024-09-19 12:40:00,89.57,89.7,89.57,89.7,7724.0
2024-09-19 12:44:00,89.608,89.7399,89.608,89.69,3024.0
2024-09-19 12:46:00,89.68,89.6835,89.56,89.6,8396.0
2024-09-19 12:48:00,89.63,89.63,89.53,89.56,5116.0
2024-09-19 12:50:00,89.63,89.6349,89.5,89.5,3240.0
2024-09-19 12:52:00,89.5,89.5,89.49,89.49,777.0
2024-09-19 12:54:00,89.55,89.57,89.52,89.57,1820.0
2024-09-19 12:56:00,89.59,89.65,89.59,89.64,4728.0
2024-09-19 12:58:00,89.65,89.65,89.55,89.55,1902.0
2024-09-19 13:00:00,89.55,89.5595,89.4655,89.48,3141.0
2024-09-19 13:02:00,89.58,89.599,89.48,89.48,4261.0
2024-09-19 13:04:00,89.45,89.47,89.42,89.47,2171.0
2024-09-19 13:06:00,89.4225,89.4225,89.36,89.36,8545.0
2024-09-19 13:08:00,89.4,89.55,89.4,89.55,13621.0
2024-09-19 13:10:00,89.59,89.7,89.58,89.69,10705.0
2024-09-19 13:12:00,89.73,89.79,89.69,89.7,9519.0
2024-09-19 13:14:00,89.67,89.6799,89.6,89.61,6754.0
2024-09-19 13:16:00,89.58,89.6,89.5,89.6,10395.0
2024-09-19 13:18:00,89.6997,89.6997,89.55,89.62,4185.0
2024-09-19 13:20:00,89.65,89.74,89.6,89.69,20800.0
2024-09-19 13:22:00,89.7475,89.7493,89.65,89.69,11983.0
2024-09-19 13:24:00,89.6852,89.69,89.6,89.64,6683.0
2024-09-19 13:26:00,89.65,89.65,89.35,89.5,11452.0
2024-09-19 13:28:00,89.5,89.5,89.21,89.34,16735.0
2024-09-19 13:30:00,89.35,89.84,89.311,89.625,684776.0
2024-09-19 13:32:00,89.66,90.04,89.16,89.4499,417419.0
2024-09-19 13:34:00,89.4,89.45,88.9301,89.22,264694.0
2024-09-19 13:36:00,89.27,89.31,88.92,88.95,242010.0
2024-09-19 13:38:00,88.96,89.24,88.845,89.24,365110.0
2024-09-19 13:40:00,89.2,89.24,88.91,89.08,252937.0
2024-09-19 13:42:00,89.085,89.1,88.58,88.65,306726.0
2024-09-19 13:44:00,88.65,88.72,88.42,88.45,287555.0
2024-09-19 13:46:00,88.46,88.4651,88.08,88.205,456865.0
2024-09-19 13:48:00,88.193,88.44,88.1,88.13,265157.0
2024-09-19 13:50:00,88.13,88.1761,87.58,87.65,391294.0
2024-09-19 13:52:00,87.64,88.08,87.61,88.04,256857.0
2024-09-19 13:54:00,88.06,88.23,87.93,88.095,162929.0
2024-09-19 13:56:00,88.08,88.2,87.895,87.96,205970.0
2024-09-19 13:58:00,87.95,88.24,87.93,88.1775,166241.0
2024-09-19 14:00:00,88.21,88.3809,88.16,88.31,171512.0
2024-09-19 14:02:00,88.33,88.55,88.19,88.55,168946.0
2024-09-19 14:04:00,88.555,88.7,88.5,88.5,164531.0
2024-09-19 14:06:00,88.5,88.795,88.4701,88.768,115182.0
2024-09-19 14:08:00,88.79,88.92,88.72,88.82,174718.0
2024-09-19 14:10:00,88.8279,88.95,88.63,88.9,130843.0
2024-09-19 14:12:00,88.9,89.07,88.86,89.03,188939.0
2024-09-19 14:14:00,89.032,89.25,89.01,89.25,184798.0
2024-09-19 14:16:00,89.24,89.4,89.2,89.38,142786.0
2024-09-19 14:18:00,89.38,89.64,89.38,89.505,203459.0
2024-09-19 14:20:00,89.525,89.63,89.37,89.43,119636.0
2024-09-19 14:22:00,89.45,89.51,89.22,89.24,119298.0
2024-09-19 14:24:00,89.24,89.5,89.24,89.46,91514.0
2024-09-19 14:26:00,89.46,89.765,89.46,89.68,134210.0
2024-09-19 14:28:00,89.68,89.82,89.62,89.76,108999.0
2024-09-19 14:30:00,89.77,89.89,89.7308,89.79,135382.0
2024-09-19 14:32:00,89.79,89.8199,89.56,89.62,163017.0
2024-09-19 14:34:00,89.61,89.65,89.49,89.5602,135169.0
2024-09-19 14:36:00,89.58,89.58,89.3801,89.43,71617.0
2024-09-19 14:38:00,89.44,89.64,89.435,89.635,108036.0
2024-09-19 14:40:00,89.63,89.7,89.35,89.42,137996.0
2024-09-19 14:42:00,89.4281,89.47,89.345,89.46,98221.0
2024-09-19 14:44:00,89.45,89.45,89.14,89.22,90304.0
2024-09-19 14:46:00,89.23,89.3,89.13,89.1973,93280.0
2024-09-19 14:48:00,89.18,89.38,89.0424,89.38,103725.0
2024-09-19 14:50:00,89.36,89.45,89.255,89.26,94677.0
2024-09-19 14:52:00,89.27,89.31,89.12,89.165,93790.0
2024-09-19 14:54:00,89.158,89.19,89.085,89.135,83228.0
2024-09-19 14:56:00,89.15,89.18,89.04,89.16,39436.0
2024-09-19 14:58:00,89.135,89.16,89.03,89.09,65186.0
2024-09-19 15:00:00,89.09,89.1,88.86,88.96,155395.0
2024-09-19 15:02:00,88.98,89.23,88.98,89.22,106121.0
2024-09-19 15:04:00,89.21,89.32,89.105,89.17,149320.0
2024-09-19 15:06:00,89.17,89.31,89.1499,89.29,64270.0
2024-09-19 15:08:00,89.2842,89.2842,89.045,89.14,67973.0
2024-09-19 15:10:00,89.165,89.41,89.165,89.4025,51052.0
2024-09-19 15:12:00,89.395,89.47,89.35,89.3601,53145.0
2024-09-19 15:14:00,89.37,89.4,89.2,89.35,65863.0
2024-09-19 15:16:00,89.36,89.57,89.345,89.5,116027.0
2024-09-19 15:18:00,89.5,89.5,89.34,89.43,62461.0
2024-09-19 15:20:00,89.43,89.48,89.3905,89.418,43912.0
2024-09-19 15:22:00,89.41,89.47,89.33,89.4,50161.0
2024-09-19 15:24:00,89.4,89.49,89.37,89.45,43850.0
2024-09-19 15:26:00,89.46,89.57,89.39,89.54,64575.0
2024-09-19 15:28:00,89.53,89.55,89.36,89.51,57993.0
2024-09-19 15:30:00,89.53,89.62,89.51,89.57,58541.0
2024-09-19 15:32:00,89.56,89.59,89.435,89.5,53403.0
2024-09-19 15:34:00,89.5005,89.61,89.48,89.51,47653.0
2024-09-19 15:36:00,89.515,89.54,89.385,89.44,94741.0
2024-09-19 15:38:00,89.4513,89.56,89.43,89.53,46822.0
2024-09-19 15:40:00,89.52,89.58,89.48,89.54,49543.0
2024-09-19 15:42:00,89.5249,89.6,89.5,89.505,58021.0
2024-09-19 15:44:00,89.505,89.515,89.4002,89.425,59489.0
2024-09-19 15:46:00,89.42,89.5,89.4,89.495,46022.0
2024-09-19 15:48:00,89.48,89.6,89.47,89.55,71176.0
2024-09-19 15:50:00,89.545,89.5999,89.33,89.35,60742.0
2024-09-19 15:52:00,89.36,89.36,89.135,89.2,75823.0
2024-09-19 15:54:00,89.195,89.23,89.14,89.22,68907.0
2024-09-19 15:56:00,89.215,89.22,88.98,89.11,93113.0
2024-09-19 15:58:00,89.09,89.25,89.07,89.2396,45949.0
2024-09-19 16:00:00,89.22,89.245,89.155,89.23,32844.0
2024-09-19 16:02:00,89.24,89.31,89.2,89.28,48697.0
2024-09-19 16:04:00,89.27,89.36,89.2201,89.2449,47552.0
2024-09-19 16:06:00,89.23,89.39,89.22,89.3866,25559.0
2024-09-19 16:08:00,89.39,89.4837,89.36,89.48,35467.0
2024-09-19 16:10:00,89.48,89.525,89.3726,89.3726,48682.0
2024-09-19 16:12:00,89.37,89.37,89.1401,89.21,90609.0
2024-09-19 16:14:00,89.19,89.26,89.15,89.255,50972.0
2024-09-19 16:16:00,89.25,89.41,89.24,89.41,46843.0
2024-09-19 16:18:00,89.405,89.405,89.29,89.335,52825.0
2024-09-19 16:20:00,89.33,89.455,89.2826,89.43,44288.0
2024-09-19 16:22:00,89.43,89.54,89.43,89.51,46318.0
2024-09-19 16:24:00,89.5099,89.54,89.37,89.54,48877.0
2024-09-19 16:26:00,89.53,89.68,89.53,89.63,86101.0
2024-09-19 16:28:00,89.64,89.64,89.4919,89.495,46069.0
2024-09-19 16:30:00,89.49,89.585,89.39,89.485,74056.0
2024-09-19 16:32:00,89.49,89.61,89.47,89.56,41409.0
2024-09-19 16:34:00,89.5504,89.66,89.54,89.62,36445.0
2024-09-19 16:36:00,89.6299,89.66,89.59,89.61,43395.0
2024-09-19 16:38:00,89.63,89.926,89.6,89.9204,112891.0
2024-09-19 16:40:00,89.925,89.97,89.7322,89.8007,104375.0
2024-09-19 16:42:00,89.81,89.86,89.6879,89.74,47734.0
2024-09-19 16:44:00,89.745,89.79,89.63,89.785,47691.0
2024-09-19 16:46:00,89.8,89.85,89.7404,89.81,59076.0
2024-09-19 16:48:00,89.8101,89.99,89.8,89.98,177783.0
2024-09-19 16:50:00,89.98,90.08,89.98,90.015,119534.0
2024-09-19 16:52:00,90.01,90.05,89.97,90.0201,53194.0
2024-09-19 16:54:00,90.03,90.03,89.905,89.92,41582.0
2024-09-19 16:56:00,89.92,89.92,89.84,89.91,61919.0
2024-09-19 16:58:00,89.92,89.99,89.86,89.96,41209.0
2024-09-19 17:00:00,89.9533,89.995,89.885,89.9314,48283.0
2024-09-19 17:02:00,89.925,90.02,89.88,89.9817,60505.0
2024-09-19 17:04:00,89.99,90.0,89.88,89.89,32224.0
2024-09-19 17:06:00,89.896,89.9,89.8,89.85,62524.0
2024-09-19 17:08:00,89.85,89.93,89.79,89.93,43915.0
2024-09-19 17:10:00,89.92,89.99,89.89,89.97,66239.0
2024-09-19 17:12:00,89.97,89.99,89.8984,89.945,32037.0
2024-09-19 17:14:00,89.94,90.02,89.92,89.99,62865.0
2024-09-19 17:16:00,89.9903,90.03,89.975,89.9915,44548.0
2024-09-19 17:18:00,90.0,90.01,89.94,89.96,49349.0
2024-09-19 17:20:00,89.955,89.98,89.8737,89.91,43808.0
2024-09-19 17:22:00,89.91,89.99,89.905,89.92,50441.0
2024-09-19 17:24:00,89.91,89.96,89.81,89.92,55758.0
2024-09-19 17:26:00,89.92,89.93,89.81,89.86,50150.0
2024-09-19 17:28:00,89.8501,89.99,89.8501,89.9702,56962.0
2024-09-19 17:30:00,89.98,90.015,89.96,90.005,57712.0
2024-09-19 17:32:00,90.005,90.02,89.93,89.9556,38542.0
2024-09-19 17:34:00,89.96,90.0,89.92,89.99,46173.0
2024-09-19 17:36:00,89.9866,90.08,89.97,90.07,67613.0
2024-09-19 17:38:00,90.07,90.0986,90.01,90.08,65717.0
2024-09-19 17:40:00,90.09,90.2,90.02,90.16,122904.0
2024-09-19 17:42:00,90.16,90.24,90.1532,90.175038,104256.0
2024-09-19 17:44:00,90.176,90.34,90.176,90.33,49333.0
2024-09-19 17:46:00,90.335,90.39,90.31,90.38,59251.0
2024-09-19 17:48:00,90.38,90.39,90.28,90.2901,80044.0
2024-09-19 17:50:00,90.29,90.29,90.19,90.26,60935.0
2024-09-19 17:52:00,90.255,90.255,90.18,90.22,45434.0
2024-09-19 17:54:00,90.215,90.3399,90.17,90.325,57036.0
2024-09-19 17:56:00,90.33,90.385,90.2899,90.36,43124.0
2024-09-19 17:58:00,90.36,90.36,90.3,90.33,42698.0
2024-09-19 18:00:00,90.34,90.39,90.265,90.275,51552.0
2024-09-19 18:02:00,90.27,90.33,90.25,90.3,49964.0
2024-09-19 18:04:00,90.295,90.33,90.238,90.27,35594.0
2024-09-19 18:06:00,90.27,90.27,90.13,90.135,51066.0
2024-09-19 18:08:00,90.128,90.2,90.105,90.125,40372.0
2024-09-19 18:10:00,90.13,90.132269,89.9999,90.05,77233.0
2024-09-19 18:12:00,90.03,90.16,90.03,90.1,55535.0
2024-09-19 18:14:00,90.1005,90.11,89.8,89.82,99191.0
2024-09-19 18:16:00,89.86,89.91,89.83,89.89,60697.0
2024-09-19 18:18:00,89.8799,89.895,89.76,89.87,87033.0
2024-09-19 18:20:00,89.91,89.985,89.8693,89.985,47161.0
2024-09-19 18:22:00,89.99,90.11,89.97,90.075,50994.0
2024-09-19 18:24:00,90.08,90.15,89.9401,89.9575,59232.0
2024-09-19 18:26:00,89.97,90.01,89.89,89.9314,87770.0
2024-09-19 18:28:00,89.93,90.1,89.93,90.01,70779.0
2024-09-19 18:30:00,90.02,90.025,89.95,89.9813,51147.0
2024-09-19 18:32:00,89.97,90.0,89.85,89.851,41990.0
2024-09-19 18:34:00,89.87,89.8714,89.77,89.81,53671.0
2024-09-19 18:36:00,89.82,89.86,89.7126,89.72,64621.0
2024-09-19 18:38:00,89.715,89.88,89.69,89.87,56767.0
2024-09-19 18:40:00,89.87,89.87,89.74,89.7801,63860.0
2024-09-19 18:42:00,89.785,89.81,89.7,89.77,71066.0
2024-09-19 18:44:00,89.77,89.8425,89.71,89.74,43424.0
2024-09-19 18:46:00,89.75,89.825,89.735,89.735,68269.0
2024-09-19 18:48:00,89.735,89.735,89.61,89.665,176721.0
2024-09-19 18:50:00,89.665,89.735,89.54,89.63,75295.0
2024-09-19 18:52:00,89.64,89.695,89.62,89.6299,53424.0
2024-09-19 18:54:00,89.63,89.72,89.58,89.68,38013.0
2024-09-19 18:56:00,89.68,89.69,89.56,89.58,68563.0
2024-09-19 18:58:00,89.58,89.83,89.54,89.81,84886.0
2024-09-19 19:00:00,89.82,89.85,89.63,89.65,100400.0
2024-09-19 19:02:00,89.65,89.7595,89.61,89.7595,46956.0
2024-09-19 19:04:00,89.755,89.85,89.62,89.64,81515.0
2024-09-19 19:06:00,89.645,89.73,89.58,89.7,58005.0
2024-09-19 19:08:00,89.7099,89.715,89.54,89.6123,58752.0
2024-09-19 19:10:00,89.62,89.68,89.5,89.505,87468.0
2024-09-19 19:12:00,89.5,89.505,89.31,89.3942,105495.0
2024-09-19 19:14:00,89.4,89.42,89.23,89.2885,76127.0
2024-09-19 19:16:00,89.28,89.42,89.28,89.38,73196.0
2024-09-19 19:18:00,89.36,89.365,89.19,89.285,64193.0
2024-09-19 19:20:00,89.29,89.34,89.13,89.15,112682.0
2024-09-19 19:22:00,89.14,89.43,89.14,89.4,80639.0
2024-09-19 19:24:00,89.39,89.44,89.28,89.34,72617.0
2024-09-19 19:26:00,89.31,89.31,89.171,89.26,81481.0
2024-09-19 19:28:00,89.26,89.4,89.26,89.35,63672.0
2024-09-19 19:30:00,89.34,89.35,89.22,89.22,65552.0
2024-09-19 19:32:00,89.23,89.474,89.19,89.474,68144.0
2024-09-19 19:34:00,89.4701,89.65,89.43,89.61,110617.0
2024-09-19 19:36:00,89.62,89.67,89.55,89.6692,76164.0
2024-09-19 19:38:00,89.67,89.722,89.59,89.69,94003.0
2024-09-19 19:40:00,89.69,89.8,89.65,89.745,109774.0
2024-09-19 19:42:00,89.74,89.78,89.58,89.6373,121272.0
2024-09-19 19:44:00,89.63,89.73,89.585,89.67,102733.0
2024-09-19 19:46:00,89.675,89.8272,89.67,89.785,126826.0
2024-09-19 19:48:00,89.797,89.8,89.67,89.685,112248.0
2024-09-19 19:50:00,89.68,89.68,89.31,89.33,239383.0
2024-09-19 19:52:00,89.33,89.395,89.175,89.39,317814.0
2024-09-19 19:54:00,89.4,89.52,89.07,89.175,370249.0
2024-09-19 19:56:00,89.175,89.23,89.04,89.23,282465.0
2024-09-19 19:58:00,89.23,89.415,89.11,89.23,738188.0
2024-09-19 20:00:00,89.25,89.44,89.14,89.14,131656.0
2024-09-19 20:02:00,89.15,89.25,89.15,89.25,580322.0
2024-09-19 20:04:00,89.19,89.19,89.1,89.1101,8207.0
2024-09-19 20:06:00,89.1,89.11,89.02,89.11,2323.0
2024-09-19 20:08:00,89.15,89.15,89.12,89.12,1960.0
2024-09-19 20:10:00,89.1,89.1,89.05,89.05,5672.0
2024-09-19 20:12:00,89.02,89.05,89.0,89.04,1549.0
2024-09-19 20:14:00,89.25,89.25,88.9201,89.0,18648.0
2024-09-19 20:16:00,89.0,89.0,89.0,89.0,329.0
2024-09-19 20:18:00,89.09,89.25,89.09,89.1389,47193.0
2024-09-19 20:20:00,89.11,89.11,89.076,89.076,561.0
2024-09-19 20:22:00,89.14,89.16,89.0756,89.0756,4950.0
2024-09-19 20:24:00,89.2,89.35,89.2,89.35,2446.0
2024-09-19 20:26:00,89.3499,89.3499,89.25,89.25,904.0
2024-09-19 20:28:00,89.25,89.26,89.25,89.25,1673.0
2024-09-19 20:30:00,89.32,89.32,89.25,89.25,229.0
2024-09-19 20:32:00,89.3,89.4,89.29,89.3,7880.0
2024-09-19 20:34:00,89.3,89.3,89.3,89.3,1814.0
2024-09-19 20:36:00,89.3,89.3,89.3,89.3,150.0
2024-09-19 20:38:00,89.33,89.33,89.33,89.33,92532.0
2024-09-19 20:48:00,89.3425,89.3425,89.2,89.2,1263.0
2024-09-19 20:52:00,89.2899,89.2899,89.2899,89.2899,525.0
2024-09-19 20:54:00,89.25,89.25,89.23,89.23,501.0
2024-09-19 20:58:00,89.23,89.25,89.23,89.25,388.0
2024-09-19 21:00:00,89.25,89.25,89.25,89.25,341.0
2024-09-19 21:02:00,89.25,89.25,89.2496,89.2496,119577.0
2024-09-19 21:04:00,89.23,89.23,89.21,89.21,1155.0
2024-09-19 21:06:00,89.21,89.21,89.21,89.21,126.0
2024-09-19 21:08:00,89.1079,89.1079,89.1079,89.1079,150.0
2024-09-19 21:10:00,89.13,89.14,89.13,89.14,592.0
2024-09-19 21:12:00,89.15,89.15,89.13,89.13,255.0
2024-09-19 21:14:00,89.185,89.185,89.185,89.185,125.0
2024-09-19 21:34:00,89.2,89.2,89.2,89.2,555.0
2024-09-19 21:36:00,89.2,89.2,89.2,89.2,152.0
2024-09-19 21:44:00,89.1207,89.1207,89.1201,89.1201,676.0
2024-09-19 21:52:00,89.1251,89.1251,89.1251,89.1251,223.0
2024-09-19 21:54:00,89.15,89.17,89.1201,89.1215,1477.0
2024-09-19 21:56:00,89.1201,89.1697,89.1201,89.1697,463.0
2024-09-19 22:00:00,89.16,89.16,89.123,89.16,747.0
2024-09-19 22:02:00,89.1684,89.17,89.1684,89.17,2480.0
2024-09-19 22:08:00,89.1962,89.1962,89.1962,89.1962,100.0
2024-09-19 22:12:00,89.18,89.18,89.18,89.18,151.0
2024-09-19 22:14:00,89.2,89.21,89.2,89.21,1790.0
2024-09-19 22:16:00,89.18,89.3407,89.18,89.3,4604.0
2024-09-19 22:18:00,89.25,89.35,89.25,89.319,2443.0
2024-09-19 22:22:00,89.29,89.29,89.29,89.29,238.0
2024-09-19 22:24:00,89.25,89.26,89.25,89.26,887.0
2024-09-19 22:26:00,89.26,89.26,89.2085,89.2085,756.0
2024-09-19 22:28:00,89.1984,89.1984,89.1984,89.1984,184.0
2024-09-19 22:30:00,89.2073,89.2073,89.2073,89.2073,433.0
2024-09-19 22:34:00,89.2883,89.2883,89.2883,89.2883,200.0
2024-09-19 22:38:00,89.21,89.21,89.17,89.17,1645.0
2024-09-19 22:40:00,89.19,89.2455,89.19,89.2455,330.0
2024-09-19 22:42:00,89.16,89.16,89.16,89.16,348.0
2024-09-19 22:46:00,89.2,89.2,89.15,89.15,1148.0
2024-09-19 22:48:00,89.17,89.2,89.17,89.1999,374.0
2024-09-19 22:50:00,89.2,89.2,89.2,89.2,217.0
2024-09-19 22:52:00,89.12,89.15,89.12,89.15,680.0
2024-09-19 22:56:00,89.12,89.12,89.12,89.12,120.0
2024-09-19 22:58:00,89.15,89.16,89.15,89.16,1131.0
2024-09-19 23:04:00,89.1935,89.1935,89.1935,89.1935,167.0
2024-09-19 23:06:00,89.1897,89.19,89.16,89.19,3675.0
2024-09-19 23:08:00,89.21,89.21,89.19,89.19,772.0
2024-09-19 23:12:00,89.23,89.23,89.23,89.23,175.0
2024-09-19 23:14:00,89.2299,89.2299,89.2299,89.2299,1121.0
2024-09-19 23:16:00,89.21,89.21,89.2,89.2,274.0
2024-09-19 23:18:00,89.2296,89.2296,89.2296,89.2296,697.0
2024-09-19 23:22:00,89.23,89.23,89.23,89.23,541.0
2024-09-19 23:24:00,89.2299,89.2299,89.2299,89.2299,500.0
2024-09-19 23:26:00,89.2295,89.2295,89.19,89.19,819.0
2024-09-19 23:28:00,89.19,89.25,89.19,89.25,3615.0
2024-09-19 23:32:00,89.23,89.23,89.23,89.23,168.0
2024-09-19 23:34:00,89.35,89.35,89.35,89.35,127.0
2024-09-19 23:40:00,89.37,89.37,89.37,89.37,3241.0
2024-09-19 23:44:00,89.37,89.37,89.37,89.37,1240.0
2024-09-19 23:48:00,89.3877,89.3877,89.3877,89.3877,527.0
2024-09-19 23:50:00,89.395,89.395,89.3,89.3,516.0
2024-09-19 23:52:00,89.2331,89.362,89.2331,89.362,900.0
2024-09-19 23:54:00,89.29,89.3525,89.29,89.35,3838.0
2024-09-19 23:56:00,89.35,89.44,89.35,89.35,3792.0
2024-09-19 23:58:00,89.4288,89.44,89.35,89.44,2809.0
2024-09-20 08:00:00,89.21,89.21,89.2,89.2,1786.0
2024-09-20 08:02:00,89.2,89.2,89.2,89.2,805.0
2024-09-20 08:04:00,89.18,89.18,89.18,89.18,547.0
2024-09-20 08:10:00,89.0,89.0,89.0,89.0,1425.0
2024-09-20 08:14:00,88.85,88.97,88.85,88.97,1312.0
2024-09-20 08:16:00,88.78,88.78,88.78,88.78,674.0
2024-09-20 08:20:00,88.82,88.82,88.77,88.77,500.0
2024-09-20 08:22:00,88.75,88.75,88.68,88.68,685.0
2024-09-20 08:24:00,88.68,88.69,88.67,88.67,2008.0
2024-09-20 08:26:00,88.67,88.67,88.67,88.67,513.0
2024-09-20 08:28:00,88.57,88.57,88.55,88.55,560.0
2024-09-20 08:30:00,88.72,88.8,88.72,88.8,3726.0
2024-09-20 08:32:00,88.75,88.86,88.64,88.66,2624.0
2024-09-20 08:36:00,88.71,88.71,88.7,88.7,1095.0
2024-09-20 08:42:00,88.9,88.9,88.9,88.9,684.0
2024-09-20 08:44:00,88.86,88.86,88.81,88.81,843.0
2024-09-20 08:46:00,88.84,88.85,88.84,88.85,362.0
2024-09-20 08:50:00,88.8,88.81,88.8,88.81,367.0
2024-09-20 08:54:00,88.8,88.8,88.8,88.8,1261.0
2024-09-20 08:58:00,88.84,88.85,88.84,88.85,637.0
2024-09-20 09:00:00,88.87,88.92,88.85,88.92,2351.0
2024-09-20 09:02:00,88.99,89.0,88.98,88.98,1387.0
2024-09-20 09:04:00,88.98,88.98,88.95,88.98,3980.0
2024-09-20 09:06:00,88.83,88.83,88.83,88.83,264.0
2024-09-20 09:14:00,88.99,89.67,88.99,89.67,3869.0
2024-09-20 09:16:00,89.21,89.24,89.21,89.24,295.0
2024-09-20 09:26:00,89.13,89.13,88.91,88.91,740.0
2024-09-20 09:32:00,88.9,88.9,88.82,88.82,1504.0
2024-09-20 09:36:00,88.82,88.83,88.8,88.8,503.0
2024-09-20 09:40:00,88.78,88.78,88.78,88.78,346.0
2024-09-20 09:50:00,88.8,88.8,88.79,88.79,609.0
2024-09-20 10:00:00,88.88,88.88,88.88,88.88,1209.0
2024-09-20 10:06:00,88.81,88.81,88.81,88.81,262.0
2024-09-20 10:10:00,88.89,88.9,88.89,88.9,497.0
2024-09-20 10:20:00,88.9,88.9,88.9,88.9,230.0
2024-09-20 10:24:00,88.96,88.97,88.96,88.97,677.0
2024-09-20 10:30:00,88.97,88.97,88.97,88.97,100.0
2024-09-20 10:32:00,88.9,88.9,88.87,88.87,754.0
2024-09-20 10:36:00,88.97,88.97,88.92,88.92,1706.0
2024-09-20 10:38:00,88.88,88.88,88.88,88.88,190.0
2024-09-20 10:40:00,88.91,88.92,88.91,88.92,472.0
2024-09-20 10:42:00,88.94,88.94,88.94,88.94,1440.0
2024-09-20 10:44:00,88.94,88.94,88.92,88.92,2300.0
2024-09-20 10:46:00,88.9,88.9,88.8,88.8,302.0
2024-09-20 10:48:00,88.76,88.76,88.76,88.76,261.0
2024-09-20 10:50:00,88.76,88.76,88.75,88.75,831.0
2024-09-20 10:52:00,88.82,88.82,88.82,88.82,100.0
2024-09-20 10:54:00,88.71,88.71,88.67,88.67,400.0
2024-09-20 10:56:00,88.59,88.59,88.57,88.57,1068.0
2024-09-20 11:00:00,88.78,88.85,88.78,88.8,1908.0
2024-09-20 11:02:00,88.78,88.78,88.77,88.77,722.0
2024-09-20 11:04:00,88.86,88.9,88.8,88.9,2465.0
2024-09-20 11:06:00,88.9,88.9,88.9,88.9,534.0
2024-09-20 11:08:00,88.9,88.9,88.8,88.8,8117.0
2024-09-20 11:10:00,88.78,88.81,88.77,88.78,1932.0
2024-09-20 11:12:00,88.8,88.8,88.62,88.62,2739.0
2024-09-20 11:14:00,88.69,88.69,88.69,88.69,100.0
2024-09-20 11:18:00,88.81,88.81,88.81,88.81,1400.0
2024-09-20 11:20:00,88.86,88.9,88.85,88.9,1011.0
2024-09-20 11:22:00,88.9,88.9,88.83,88.85,3953.0
2024-09-20 11:24:00,88.88,88.88,88.88,88.88,1030.0
2024-09-20 11:42:00,88.82,88.87,88.8,88.87,944.0
2024-09-20 11:50:00,88.93,88.93,88.8,88.8,4601.0
2024-09-20 11:54:00,88.87,88.88,88.87,88.88,1033.0
2024-09-20 11:56:00,88.89,88.9,88.89,88.9,2262.0
2024-09-20 11:58:00,88.94,88.96,88.94,88.96,1033.0
2024-09-20 12:00:00,88.86,89.51,88.61,88.9069,37750.0
2024-09-20 12:02:00,88.98,89.1999,88.98,89.1999,1855.0
2024-09-20 12:04:00,89.1999,89.25,89.16,89.25,3610.0
2024-09-20 12:08:00,89.29,89.3,89.29,89.3,704.0
2024-09-20 12:10:00,89.25,89.34,89.25,89.3,3341.0
2024-09-20 12:12:00,89.4041,89.4041,89.23,89.23,3225.0
2024-09-20 12:14:00,89.22,89.39,89.22,89.39,2845.0
2024-09-20 12:16:00,89.39,89.43,89.39,89.4,1024.0
2024-09-20 12:18:00,89.4,89.4,89.23,89.23,2068.0
2024-09-20 12:22:00,89.21,89.23,89.14,89.23,2245.0
2024-09-20 12:24:00,89.26,89.26,89.1,89.19,4548.0
2024-09-20 12:26:00,89.15,89.15,89.12,89.12,1101.0
2024-09-20 12:30:00,89.19,89.23,89.18,89.2055,1587.0
2024-09-20 12:32:00,89.21,89.32,89.2,89.31,4070.0
2024-09-20 12:34:00,89.31,89.32,89.22,89.25,3945.0
2024-09-20 12:36:00,89.22,89.22,89.18,89.18,2505.0
2024-09-20 12:38:00,89.19,89.19,89.19,89.19,221.0
2024-09-20 12:40:00,89.15,89.15,89.08,89.08,13530.0
2024-09-20 12:42:00,89.07,89.1,89.05,89.1,3797.0
2024-09-20 12:44:00,89.07,89.08,89.07,89.08,1633.0
2024-09-20 12:46:00,89.1,89.11,89.05,89.06,3542.0
2024-09-20 12:48:00,89.0613,89.12,89.06,89.12,1959.0
2024-09-20 12:50:00,89.14,89.15,89.09,89.09,2284.0
2024-09-20 12:52:00,89.05,89.05,89.05,89.05,332.0
2024-09-20 12:54:00,89.02,89.09,88.87,88.94,12937.0
2024-09-20 12:56:00,88.88,88.91,88.8,88.89,1347.0
2024-09-20 12:58:00,88.9,88.92,88.8907,88.8907,1532.0
2024-09-20 13:00:00,88.92,88.94,88.89,88.89,1024.0
2024-09-20 13:02:00,88.8105,88.8105,88.8105,88.8105,841.0
2024-09-20 13:04:00,88.81,88.81,88.71,88.71,4952.0
2024-09-20 13:06:00,88.72,88.72,88.69,88.7,4837.0
2024-09-20 13:08:00,88.71,88.8,88.7,88.77,5494.0
2024-09-20 13:10:00,88.7993,88.8,88.78,88.78,2867.0
2024-09-20 13:12:00,88.8,88.8,88.71,88.71,1403.0
2024-09-20 13:14:00,88.8,88.8,88.8,88.8,530.0
2024-09-20 13:16:00,88.75,88.75,88.75,88.75,1034.0
2024-09-20 13:18:00,88.7109,88.899,88.7109,88.899,586.0
2024-09-20 13:20:00,88.71,88.8,88.71,88.75,1445.0
2024-09-20 13:22:00,88.75,88.75,88.7,88.7,1207.0
2024-09-20 13:24:00,88.71,88.8,88.7098,88.71,1519.0
2024-09-20 13:26:00,88.91,88.91,88.66,88.71,4859.0
2024-09-20 13:28:00,88.7,88.9,88.38,88.38,34361.0
2024-09-20 13:30:00,88.4,89.235,88.33,88.72,1545684.0
2024-09-20 13:32:00,88.74,89.15,88.67,88.86,176171.0
2024-09-20 13:34:00,88.86,89.54,88.86,89.45,212089.0
2024-09-20 13:36:00,89.45,89.75,89.335,89.6914,255290.0
2024-09-20 13:38:00,89.72,89.85,89.37,89.37,184109.0
2024-09-20 13:40:00,89.4,89.6699,89.37,89.51,111216.0
2024-09-20 13:42:00,89.53,89.6,89.215,89.47,192210.0
2024-09-20 13:44:00,89.47,89.52,89.25,89.33,111485.0
2024-09-20 13:46:00,89.35,89.575,89.3077,89.56,103649.0
2024-09-20 13:48:00,89.558,89.66,89.4,89.485,116467.0
2024-09-20 13:50:00,89.485,89.69,89.47,89.47,108210.0
2024-09-20 13:52:00,89.45,89.62,89.44,89.48,82992.0
2024-09-20 13:54:00,89.5,89.65,89.41,89.6,78121.0
2024-09-20 13:56:00,89.59,89.59,89.1701,89.2099,94942.0
2024-09-20 13:58:00,89.21,89.275,89.06,89.22,139332.0
2024-09-20 14:00:00,89.215,89.26,89.02,89.2,123504.0
2024-09-20 14:02:00,89.21,89.35,89.14,89.3399,62318.0
2024-09-20 14:04:00,89.34,89.47,89.32,89.4,88506.0
2024-09-20 14:06:00,89.425,89.425,89.1202,89.1899,74200.0
2024-09-20 14:08:00,89.19,89.26,89.11,89.13,58203.0
2024-09-20 14:10:00,89.14,89.21,88.94,88.95,130173.0
2024-09-20 14:12:00,88.95,89.05,88.91,88.92,94356.0
2024-09-20 14:14:00,88.93,89.12,88.89,88.95,84021.0
2024-09-20 14:16:00,88.96,89.1499,88.96,89.13,72951.0
2024-09-20 14:18:00,89.14,89.26,89.08,89.15,94291.0
2024-09-20 14:20:00,89.16,89.29,89.109358,89.16,76452.0
2024-09-20 14:22:00,89.16,89.235,89.08,89.225,73958.0
2024-09-20 14:24:00,89.23,89.45,89.19,89.34,105727.0
2024-09-20 14:26:00,89.334,89.4451,89.28,89.44,68324.0
2024-09-20 14:28:00,89.414,89.51,89.355,89.5,52056.0
2024-09-20 14:30:00,89.5001,89.51,89.36,89.46,117089.0
2024-09-20 14:32:00,89.46,89.4899,89.34,89.46,59878.0
2024-09-20 14:34:00,89.445,89.71,89.4,89.406801,141834.0
2024-09-20 14:36:00,89.43,89.52,89.3411,89.42,79782.0
2024-09-20 14:38:00,89.42,89.5377,89.39,89.525,70473.0
2024-09-20 14:40:00,89.52,89.5398,89.4,89.43,93867.0
2024-09-20 14:42:00,89.43,89.5,89.36,89.4,64393.0
2024-09-20 14:44:00,89.39,89.45,89.34,89.445,52288.0
2024-09-20 14:46:00,89.425,89.495,89.37,89.435,96589.0
2024-09-20 14:48:00,89.435,89.445,89.2703,89.375,106286.0
2024-09-20 14:50:00,89.38,89.495,89.31,89.35,84872.0
2024-09-20 14:52:00,89.35,89.41,89.19,89.3,118457.0
2024-09-20 14:54:00,89.29,89.29,89.15,89.21,64213.0
2024-09-20 14:56:00,89.2214,89.5,89.22,89.4731,65577.0
2024-09-20 14:58:00,89.47,89.4899,89.355,89.405,85957.0
2024-09-20 15:00:00,89.4,89.48,89.36,89.455,58107.0
2024-09-20 15:02:00,89.46,89.47,89.35,89.425,59809.0
2024-09-20 15:04:00,89.43,89.49,89.41,89.49,63808.0
2024-09-20 15:06:00,89.4997,89.57,89.44,89.475,84464.0
2024-09-20 15:08:00,89.48,89.56,89.43,89.55,69146.0
2024-09-20 15:10:00,89.55,89.65,89.36,89.37,112243.0
2024-09-20 15:12:00,89.3799,89.46,89.22,89.31,99144.0
2024-09-20 15:14:00,89.3,89.35,89.075,89.1066,104237.0
2024-09-20 15:16:00,89.1,89.14,89.09,89.1028,88985.0
2024-09-20 15:18:00,89.11,89.425,89.1,89.425,100819.0
2024-09-20 15:20:00,89.42,89.61,89.42,89.51,98182.0
2024-09-20 15:22:00,89.51,89.5471,89.48,89.51,68379.0
2024-09-20 15:24:00,89.5,89.525,89.43,89.43,95399.0
2024-09-20 15:26:00,89.45,89.535,89.43,89.51,50848.0
2024-09-20 15:28:00,89.51,89.51,89.35,89.35,54578.0
2024-09-20 15:30:00,89.34,89.425,89.27,89.3101,75272.0
2024-09-20 15:32:00,89.32,89.37,89.26,89.345,50702.0
2024-09-20 15:34:00,89.37,89.69,89.37,89.61,114373.0
2024-09-20 15:36:00,89.61,89.64,89.4869,89.51,52492.0
2024-09-20 15:38:00,89.51,89.6,89.46,89.57,48321.0
2024-09-20 15:40:00,89.57,89.66,89.5,89.6105,62449.0
2024-09-20 15:42:00,89.63,89.81,89.615,89.76,73476.0
2024-09-20 15:44:00,89.775,89.78,89.59,89.615,66125.0
2024-09-20 15:46:00,89.62,89.68,89.5657,89.66,35944.0
2024-09-20 15:48:00,89.665,89.728,89.58,89.61,50661.0
2024-09-20 15:50:00,89.62,89.66,89.57,89.6,32575.0
2024-09-20 15:52:00,89.613225,89.62,89.451,89.4681,48105.0
2024-09-20 15:54:00,89.475,89.63,89.431,89.625,50111.0
2024-09-20 15:56:00,89.62,89.66,89.5771,89.6098,41067.0
2024-09-20 15:58:00,89.6,89.67,89.58,89.66,32011.0
2024-09-20 16:00:00,89.66,89.67,89.52,89.53,52003.0
2024-09-20 16:02:00,89.53,89.69,89.51,89.675,29223.0
2024-09-20 16:04:00,89.6891,89.71,89.6,89.63,61835.0
2024-09-20 16:06:00,89.63,89.72,89.6,89.69,37227.0
2024-09-20 16:08:00,89.68,89.81,89.66,89.8,60520.0
2024-09-20 16:10:00,89.79,89.816,89.69,89.7,55794.0
2024-09-20 16:12:00,89.71,89.72,89.657,89.67,35194.0
2024-09-20 16:14:00,89.68,89.681,89.62,89.68,52734.0
2024-09-20 16:16:00,89.68,89.74,89.53,89.53,55946.0
2024-09-20 16:18:00,89.525,89.57,89.46,89.56,33730.0
2024-09-20 16:20:00,89.56,89.618,89.54,89.57,29490.0
2024-09-20 16:22:00,89.56,89.69,89.54,89.65,28504.0
2024-09-20 16:24:00,89.66,89.75,89.62,89.745,48453.0
2024-09-20 16:26:00,89.73,89.77,89.7,89.72,32966.0
2024-09-20 16:28:00,89.7201,89.7299,89.63,89.65,40409.0
2024-09-20 16:30:00,89.65,89.69,89.58,89.58,35798.0
2024-09-20 16:32:00,89.578,89.5998,89.53,89.54,33286.0
2024-09-20 16:34:00,89.53,89.57,89.485,89.51,44473.0
2024-09-20 16:36:00,89.5,89.54,89.41,89.505,40634.0
2024-09-20 16:38:00,89.4853,89.5131,89.44,89.45,55124.0
2024-09-20 16:40:00,89.47,89.485,89.35,89.43,44311.0
2024-09-20 16:42:00,89.43,89.4599,89.395,89.405,33375.0
2024-09-20 16:44:00,89.415,89.505,89.41,89.47,34878.0
2024-09-20 16:46:00,89.47,89.5101,89.46,89.505,36379.0
2024-09-20 16:48:00,89.5,89.5799,89.5,89.57,35076.0
2024-09-20 16:50:00,89.57,89.655,89.57,89.6301,47756.0
2024-09-20 16:52:00,89.635,89.685,89.615,89.665,26659.0
2024-09-20 16:54:00,89.67,89.67,89.585,89.645,26811.0
2024-09-20 16:56:00,89.65,89.6601,89.6033,89.62,18379.0
2024-09-20 16:58:00,89.62,89.62,89.53,89.5396,32575.0
2024-09-20 17:00:00,89.52,89.6,89.52,89.59,26828.0
2024-09-20 17:02:00,89.59,89.59,89.49,89.59,37557.0
2024-09-20 17:04:00,89.58,89.58,89.42,89.48,30548.0
2024-09-20 17:06:00,89.47,89.6785,89.45,89.66,25916.0
2024-09-20 17:08:00,89.665,89.665,89.52,89.55,68580.0
2024-09-20 17:10:00,89.535,89.6,89.53,89.595,35645.0
2024-09-20 17:12:00,89.6,89.65,89.56,89.64,29933.0
2024-09-20 17:14:00,89.64,89.76,89.64,89.76,34213.0
2024-09-20 17:16:00,89.779,89.81,89.76,89.79,50890.0
2024-09-20 17:18:00,89.795,89.83,89.7601,89.8,41414.0
2024-09-20 17:20:00,89.8,89.84,89.77,89.77,39460.0
2024-09-20 17:22:00,89.775,89.8,89.715,89.7301,34137.0
2024-09-20 17:24:00,89.73,89.735,89.58,89.64,73556.0
2024-09-20 17:26:00,89.625,89.63,89.38,89.38,48723.0
2024-09-20 17:28:00,89.3932,89.4999,89.3932,89.435,30974.0
2024-09-20 17:30:00,89.43,89.5198,89.41,89.46,34532.0
2024-09-20 17:32:00,89.46,89.56,89.46,89.56,38918.0
2024-09-20 17:34:00,89.55,89.6,89.52,89.56,28716.0
2024-09-20 17:36:00,89.56,89.6099,89.54,89.55,28729.0
2024-09-20 17:38:00,89.53,89.55,89.46,89.495,47526.0
2024-09-20 17:40:00,89.48,89.58,89.48,89.545,41694.0
2024-09-20 17:42:00,89.515,89.5301,89.48,89.515,23244.0
2024-09-20 17:44:00,89.51,89.51,89.41,89.475,27398.0
2024-09-20 17:46:00,89.475,89.49,89.3,89.44,38452.0
2024-09-20 17:48:00,89.43,89.43,89.385,89.415,25109.0
2024-09-20 17:50:00,89.42,89.44,89.3705,89.39,24263.0
2024-09-20 17:52:00,89.39,89.41,89.36,89.395,31984.0
2024-09-20 17:54:00,89.39,89.3953,89.34,89.36,30812.0
2024-09-20 17:56:00,89.37,89.425,89.33,89.34,23152.0
2024-09-20 17:58:00,89.335,89.42,89.33,89.39,31715.0
2024-09-20 18:00:00,89.395,89.405,89.295,89.312,44842.0
2024-09-20 18:02:00,89.31,89.35,89.19,89.2,38692.0
2024-09-20 18:04:00,89.23,89.345,89.19,89.345,35291.0
2024-09-20 18:06:00,89.34,89.37,89.22,89.255,47513.0
2024-09-20 18:08:00,89.2699,89.27,89.15,89.23,41116.0
2024-09-20 18:10:00,89.23,89.268,89.19,89.25,32293.0
2024-09-20 18:12:00,89.25,89.405,89.25,89.35,34858.0
2024-09-20 18:14:00,89.35,89.36,89.27,89.32,23262.0
2024-09-20 18:16:00,89.31,89.37,89.27,89.33,38148.0
2024-09-20 18:18:00,89.3362,89.3799,89.32,89.355,30545.0
2024-09-20 18:20:00,89.36,89.36,89.2222,89.23,42983.0
2024-09-20 18:22:00,89.235,89.25,89.15,89.17,31390.0
2024-09-20 18:24:00,89.168,89.225,89.15,89.215,51549.0
2024-09-20 18:26:00,89.2199,89.295,89.2115,89.245,45797.0
2024-09-20 18:28:00,89.24,89.29,89.21,89.27,43336.0
2024-09-20 18:30:00,89.26,89.31,89.19,89.31,48673.0
2024-09-20 18:32:00,89.309,89.36,89.29,89.36,34486.0
2024-09-20 18:34:00,89.355,89.375,89.29,89.35,38097.0
2024-09-20 18:36:00,89.36,89.425,89.36,89.37,53802.0
2024-09-20 18:38:00,89.38,89.5,89.35,89.49,52039.0
2024-09-20 18:40:00,89.49,89.495,89.44,89.46,40204.0
2024-09-20 18:42:00,89.46,89.52,89.43,89.48,39804.0
2024-09-20 18:44:00,89.49,89.54,89.41,89.465,43863.0
2024-09-20 18:46:00,89.46,89.57,89.44,89.5294,49720.0
2024-09-20 18:48:00,89.535,89.54,89.47,89.47,35858.0
2024-09-20 18:50:00,89.47,89.5,89.44,89.495,32930.0
2024-09-20 18:52:00,89.495,89.61,89.495,89.58,44243.0
2024-09-20 18:54:00,89.58,89.61,89.54,89.57,43108.0
2024-09-20 18:56:00,89.57,89.69,89.545,89.69,62221.0
2024-09-20 18:58:00,89.69,89.75,89.66,89.71,68838.0
2024-09-20 19:00:00,89.72,89.75,89.64,89.7,41905.0
2024-09-20 19:02:00,89.704,89.81,89.688,89.785,32057.0
2024-09-20 19:04:00,89.78,89.78,89.73,89.755,32622.0
2024-09-20 19:06:00,89.77,89.83,89.732,89.735,36979.0
2024-09-20 19:08:00,89.725,89.85,89.6831,89.845,51651.0
2024-09-20 19:10:00,89.85,89.99,89.85,89.99,83301.0
2024-09-20 19:12:00,89.98,90.02,89.94,89.985,146106.0
2024-09-20 19:14:00,89.9797,90.132,89.96,90.13,121016.0
2024-09-20 19:16:00,90.135,90.265,90.13,90.225,107463.0
2024-09-20 19:18:00,90.23,90.41,90.21,90.265,109849.0
2024-09-20 19:20:00,90.27,90.48,90.24,90.425,124691.0
2024-09-20 19:22:00,90.42,90.44,90.265,90.3,91149.0
2024-09-20 19:24:00,90.31,90.48,90.22,90.46,101990.0
2024-09-20 19:26:00,90.4512,90.475,90.4,90.4299,95161.0
2024-09-20 19:28:00,90.42,90.51,90.405,90.49,92275.0
2024-09-20 19:30:00,90.49,90.53,90.39,90.4,92695.0
2024-09-20 19:32:00,90.41,90.5399,90.335,90.49,84073.0
2024-09-20 19:34:00,90.495,90.65,90.495,90.6385,112183.0
2024-09-20 19:36:00,90.64,90.695,90.5199,90.54,86368.0
2024-09-20 19:38:00,90.545,90.75,90.525,90.66,128368.0
2024-09-20 19:40:00,90.66,90.7,90.58,90.65,91385.0
2024-09-20 19:42:00,90.64,90.725,90.61,90.6799,72982.0
2024-09-20 19:44:00,90.6717,90.6717,90.54,90.575,114292.0
2024-09-20 19:46:00,90.57,90.64,90.475,90.52,157062.0
2024-09-20 19:48:00,90.52,90.575,90.31,90.31,153350.0
2024-09-20 19:50:00,90.33,90.79,90.32,90.765,341033.0
2024-09-20 19:52:00,90.765,90.78,90.61,90.63,233233.0
2024-09-20 19:54:00,90.64,90.71,90.53,90.6,371319.0
2024-09-20 19:56:00,90.61,90.875,90.6,90.87,393474.0
2024-09-20 19:58:00,90.86,90.97,90.835,90.9,794859.0
2024-09-20 20:00:00,90.9,90.97,90.645,90.645,523672.0
2024-09-20 20:02:00,90.81,90.9,90.5003,90.7,37014.0
2024-09-20 20:04:00,90.7,90.7,90.66,90.7,101270.0
2024-09-20 20:06:00,90.69,90.9,90.68,90.8909,22052.0
2024-09-20 20:08:00,90.85,90.9,90.85,90.86,4983.0
2024-09-20 20:10:00,90.8453,90.8453,90.7012,90.7012,42159.0
2024-09-20 20:12:00,90.789,91.0,90.789,91.0,14074.0
2024-09-20 20:14:00,90.95,90.95,90.93,90.9495,2130.0
2024-09-20 20:16:00,90.92,90.948,90.92,90.948,1973.0
2024-09-20 20:18:00,90.852,90.95,90.85,90.92,2326.0
2024-09-20 20:20:00,90.91,90.91,90.8501,90.9,2409.0
2024-09-20 20:22:00,90.9,90.95,90.9,90.95,2991.0
2024-09-20 20:24:00,90.9,90.99,90.9,90.99,451.0
2024-09-20 20:26:00,90.9,90.9,90.9,90.9,2773.0
2024-09-20 20:28:00,90.9,90.9,90.85,90.85,1720.0
2024-09-20 20:30:00,90.85,90.85,90.85,90.85,471.0
2024-09-20 20:32:00,90.8482,90.8482,90.74,90.8399,2074.0
2024-09-20 20:34:00,90.84,90.85,90.75,90.75,3315.0
2024-09-20 20:36:00,90.7415,90.81,90.7415,90.81,3204.0
2024-09-20 20:38:00,90.8,90.8,90.72,90.76,2236.0
2024-09-20 20:40:00,90.83,90.83,90.718,90.718,1949.0
2024-09-20 20:44:00,90.7117,90.7117,90.7117,90.7117,849.0
2024-09-20 20:46:00,90.7265,90.76,90.7265,90.76,488.0
2024-09-20 20:48:00,90.75,90.79,90.75,90.76,949.0
2024-09-20 20:50:00,90.74,90.74,90.74,90.74,144.0
2024-09-20 20:52:00,90.74,90.9,90.74,90.9,6031.0
2024-09-20 20:56:00,90.95,91.0,90.94,90.94,4498.0
2024-09-20 20:58:00,90.94,90.94,90.94,90.94,311.0
2024-09-20 21:00:00,90.98,90.98,90.9,90.9,1882.0
2024-09-20 21:02:00,90.9795,90.9795,90.9737,90.9737,1994.0
2024-09-20 21:04:00,90.9,90.9,90.9,90.9,618.0
2024-09-20 21:06:00,90.9586,90.9586,90.901,90.901,456.0
2024-09-20 21:08:00,90.9,90.9,90.9,90.9,120.0
2024-09-20 21:10:00,90.9,90.9227,90.9,90.9227,938.0
2024-09-20 21:12:00,90.9,90.9,90.9,90.9,1084.0
2024-09-20 21:14:00,90.9,90.92,90.9,90.92,611.0
2024-09-20 21:16:00,90.9025,90.95,90.9025,90.95,619.0
2024-09-20 21:18:00,90.95,90.95,90.95,90.95,1458.0
2024-09-20 21:20:00,90.95,90.9501,90.95,90.9501,2150.0
2024-09-20 21:22:00,90.9,90.9,90.9,90.9,1229.0
2024-09-20 21:28:00,90.9,90.9,90.9,90.9,529.0
2024-09-20 21:32:00,90.89,90.89,90.89,90.89,321.0
2024-09-20 21:34:00,90.8643,90.8643,90.8643,90.8643,259.0
2024-09-20 21:38:00,90.8986,90.8986,90.8556,90.8965,422.0
2024-09-20 21:40:00,90.802,90.82,90.802,90.82,1304.0
2024-09-20 21:42:00,90.8984,90.8984,90.8984,90.8984,129.0
2024-09-20 21:44:00,90.8985,90.8985,90.8985,90.8985,118.0
2024-09-20 21:46:00,90.8492,90.8492,90.8492,90.8492,503.0
2024-09-20 21:48:00,90.85,90.85,90.85,90.85,1125.0
2024-09-20 21:50:00,90.87,90.87,90.87,90.87,188.0
2024-09-20 21:52:00,90.89,90.89,90.89,90.89,270.0
2024-09-20 21:54:00,90.8021,90.8021,90.8021,90.8021,247.0
2024-09-20 21:56:00,90.895,90.895,90.895,90.895,513.0
2024-09-20 22:00:00,90.8,90.8,90.8,90.8,151.0
2024-09-20 22:04:00,90.85,90.85,90.805,90.805,403.0
2024-09-20 22:06:00,90.895,90.895,90.895,90.895,201.0
2024-09-20 22:08:00,90.87,90.87,90.87,90.87,251.0
2024-09-20 22:10:00,90.86,90.8794,90.8502,90.8794,2877.0
2024-09-20 22:14:00,90.88,90.88,90.88,90.88,190.0
2024-09-20 22:16:00,90.87,90.88,90.87,90.88,1137.0
2024-09-20 22:18:00,90.88,90.91,90.88,90.91,6160.0
2024-09-20 22:20:00,90.9,90.9,90.87,90.87,437.0
2024-09-20 22:22:00,90.9,90.9,90.87,90.87,323.0
2024-09-20 22:24:00,90.9,90.9,90.9,90.9,349.0
2024-09-20 22:26:00,90.9,90.9,90.9,90.9,151.0
2024-09-20 22:28:00,90.9,90.95,90.9,90.95,975.0
2024-09-20 22:30:00,91.0,91.0,91.0,91.0,1244.0
2024-09-20 22:34:00,91.03,91.05,91.03,91.05,1938.0
2024-09-20 22:36:00,91.0,91.04,91.0,91.04,376.0
2024-09-20 22:38:00,91.0468,91.05,91.0462,91.05,357.0
2024-09-20 22:40:00,91.0025,91.05,91.0025,91.05,1587.0
2024-09-20 22:42:00,91.0493,91.05,91.0,91.05,1988.0
2024-09-20 22:44:00,91.05,91.05,91.05,91.05,1301.0
2024-09-20 22:46:00,91.0687,91.07,91.0687,91.0687,891.0
2024-09-20 22:48:00,91.0699,91.0699,91.04,91.04,1337.0
2024-09-20 22:50:00,91.07,91.07,91.07,91.07,631.0
2024-09-20 22:52:00,91.05,91.07,91.05,91.07,616.0
2024-09-20 22:54:00,91.07,91.07,91.05,91.05,1144.0
2024-09-20 22:56:00,91.1,91.1,91.1,91.1,495.0
2024-09-20 22:58:00,91.1812,91.1832,91.1731,91.1731,1338.0
2024-09-20 23:00:00,91.17,91.19,91.17,91.19,2338.0
2024-09-20 23:02:00,91.15,91.15,91.15,91.15,318.0
2024-09-20 23:04:00,91.15,91.15,91.15,91.15,287.0
2024-09-20 23:10:00,91.21,91.21,91.21,91.21,928.0
2024-09-20 23:12:00,91.195,91.1999,91.1,91.1,878.0
2024-09-20 23:14:00,91.1488,91.1488,91.1488,91.1488,2025.0
2024-09-20 23:16:00,91.145,91.145,91.145,91.145,207.0
2024-09-20 23:18:00,91.1424,91.1494,91.1424,91.1494,564.0
2024-09-20 23:20:00,91.15,91.15,91.15,91.15,323.0
2024-09-20 23:28:00,91.05,91.1305,91.05,91.1305,385.0
2024-09-20 23:32:00,91.1,91.1,91.1,91.1,100.0
2024-09-20 23:34:00,91.12,91.12,91.12,91.12,190.0
2024-09-20 23:36:00,91.15,91.15,91.12,91.12,405.0
2024-09-20 23:38:00,91.12,91.15,91.12,91.15,1173.0
2024-09-20 23:40:00,91.15,91.1545,91.15,91.15,1163.0
2024-09-20 23:42:00,91.2,91.2,91.15,91.1975,1389.0
2024-09-20 23:44:00,91.18,91.18,91.15,91.16,1911.0
2024-09-20 23:46:00,91.15,91.16,91.15,91.16,635.0
2024-09-20 23:50:00,91.1776,91.1776,91.1776,91.1776,190.0
2024-09-20 23:52:00,91.16,91.16,91.16,91.16,269.0
2024-09-20 23:54:00,91.11,91.11,91.1035,91.1035,1372.0
2024-09-20 23:56:00,91.135,91.1465,91.08,91.08,4860.0
2024-09-20 23:58:00,91.12,91.1497,91.12,91.1484,2104.0
2024-09-23 08:00:00,92.0,92.01,91.5,91.79,7453.0
2024-09-23 08:02:00,91.68,91.68,91.34,91.34,3259.0
2024-09-23 08:04:00,91.38,91.38,91.35,91.38,1842.0
2024-09-23 08:06:00,91.36,91.4,91.36,91.4,4097.0
2024-09-23 08:10:00,91.5,91.5,91.2,91.2,3701.0
2024-09-23 08:12:00,91.3,91.4,91.3,91.4,432.0
2024-09-23 08:16:00,91.41,91.69,91.41,91.5,2670.0
2024-09-23 08:20:00,91.46,91.46,91.3,91.3,3150.0
2024-09-23 08:22:00,91.26,91.3,91.19,91.19,6149.0
2024-09-23 08:24:00,91.22,91.3,91.22,91.3,3686.0
2024-09-23 08:26:00,91.35,91.35,91.35,91.35,537.0
2024-09-23 08:28:00,91.44,91.44,91.44,91.44,714.0
2024-09-23 08:30:00,91.5,91.5,91.49,91.49,451.0
2024-09-23 08:32:00,91.35,91.35,91.3,91.3,943.0
2024-09-23 08:36:00,91.33,91.33,91.33,91.33,235.0
2024-09-23 08:38:00,91.32,91.32,91.18,91.18,3365.0
2024-09-23 08:40:00,91.2,91.2,91.2,91.2,611.0
2024-09-23 08:44:00,91.1,91.14,91.1,91.14,2080.0
2024-09-23 08:46:00,91.03,91.06,91.03,91.06,678.0
2024-09-23 08:48:00,91.07,91.14,91.07,91.13,1487.0
2024-09-23 08:50:00,91.13,91.2,91.13,91.2,705.0
2024-09-23 08:56:00,91.31,91.31,91.31,91.31,252.0
2024-09-23 08:58:00,91.39,91.4,91.39,91.4,1001.0
2024-09-23 09:06:00,91.45,91.45,91.45,91.45,228.0
2024-09-23 09:12:00,91.41,91.41,91.4,91.41,2020.0
2024-09-23 09:14:00,91.45,91.45,91.45,91.45,330.0
2024-09-23 09:16:00,91.41,91.41,91.4,91.4,1239.0
2024-09-23 09:18:00,91.41,91.41,91.41,91.41,257.0
2024-09-23 09:22:00,91.49,91.5,91.49,91.5,520.0
2024-09-23 09:24:00,91.46,91.46,91.46,91.46,338.0
2024-09-23 09:26:00,91.48,91.5,91.48,91.5,1046.0
2024-09-23 09:28:00,91.57,91.59,91.56,91.59,1075.0
2024-09-23 09:30:00,91.6,91.6,91.56,91.58,508.0
2024-09-23 09:32:00,91.59,91.68,91.59,91.68,2649.0
2024-09-23 09:34:00,91.73,91.73,91.73,91.73,165.0
2024-09-23 09:38:00,91.71,91.71,91.71,91.71,208.0
2024-09-23 09:40:00,91.73,91.74,91.73,91.74,992.0
2024-09-23 09:42:00,91.77,91.77,91.77,91.77,1607.0
2024-09-23 09:44:00,91.79,91.8,91.79,91.8,929.0
2024-09-23 09:46:00,91.79,91.79,91.79,91.79,245.0
2024-09-23 09:48:00,91.79,91.79,91.79,91.79,235.0
2024-09-23 09:50:00,91.71,91.71,91.68,91.68,907.0
2024-09-23 09:52:00,91.68,91.78,91.5,91.78,6524.0
2024-09-23 09:56:00,91.52,91.52,91.52,91.52,353.0
2024-09-23 10:00:00,91.71,91.71,91.71,91.71,130.0
2024-09-23 10:08:00,91.85,91.85,91.85,91.85,154.0
2024-09-23 10:18:00,91.85,91.85,91.85,91.85,1143.0
2024-09-23 10:22:00,91.9,91.94,91.89,91.91,954.0
2024-09-23 10:26:00,91.91,91.91,91.9,91.9,904.0
2024-09-23 10:32:00,91.93,91.94,91.85,91.85,828.0
2024-09-23 10:34:00,91.85,91.85,91.8,91.85,2211.0
2024-09-23 10:36:00,91.86,91.86,91.86,91.86,223.0
2024-09-23 10:42:00,91.92,91.92,91.89,91.89,605.0
2024-09-23 10:44:00,91.85,91.85,91.82,91.85,2040.0
2024-09-23 10:46:00,91.85,91.85,91.85,91.85,261.0
2024-09-23 10:50:00,91.89,91.92,91.89,91.92,218.0
2024-09-23 10:52:00,91.85,91.85,91.83,91.83,621.0
2024-09-23 10:54:00,91.82,91.82,91.8,91.82,1503.0
2024-09-23 10:58:00,91.8,91.8,91.8,91.8,124.0
2024-09-23 11:00:00,91.87,91.87,91.7,91.7,4379.0
2024-09-23 11:02:00,91.79,91.79,91.71,91.71,251.0
2024-09-23 11:04:00,91.75,91.75,91.64,91.7,11610.0
2024-09-23 11:06:00,91.71,91.84,91.7,91.84,3430.0
2024-09-23 11:08:00,91.89,91.89,91.89,91.89,551.0
2024-09-23 11:10:00,91.9,92.1,91.9,92.1,4982.0
2024-09-23 11:12:00,92.08,92.11,92.08,92.11,1095.0
2024-09-23 11:14:00,92.07,92.08,92.0,92.0,2167.0
2024-09-23 11:16:00,92.11,92.16,92.11,92.16,4265.0
2024-09-23 11:18:00,92.15,92.18,92.15,92.18,1971.0
2024-09-23 11:20:00,92.21,92.3,92.21,92.26,1027.0
2024-09-23 11:22:00,92.24,92.25,92.24,92.25,468.0
2024-09-23 11:24:00,92.25,92.3,92.18,92.18,3482.0
2024-09-23 11:26:00,92.16,92.16,92.05,92.09,4398.0
2024-09-23 11:28:00,92.09,92.1,92.09,92.1,564.0
2024-09-23 11:30:00,92.2,92.2,92.09,92.09,2229.0
2024-09-23 11:32:00,92.03,92.03,91.95,91.95,2035.0
2024-09-23 11:34:00,91.87,91.91,91.8,91.89,14681.0
2024-09-23 11:38:00,91.95,91.97,91.95,91.97,674.0
2024-09-23 11:42:00,91.91,91.91,91.91,91.91,437.0
2024-09-23 11:44:00,91.93,92.02,91.93,92.02,3236.0
2024-09-23 11:46:00,91.97,91.97,91.97,91.97,433.0
2024-09-23 11:48:00,91.99,92.0,91.99,92.0,652.0
2024-09-23 11:50:00,91.99,92.03,91.99,92.03,1509.0
2024-09-23 11:52:00,92.04,92.04,92.04,92.04,897.0
2024-09-23 11:54:00,92.04,92.12,92.04,92.12,734.0
2024-09-23 11:56:00,92.19,92.25,92.16,92.25,1611.0
2024-09-23 11:58:00,92.25,92.25,92.23,92.24,2691.0
2024-09-23 12:00:00,91.8,92.79,91.02,92.08,99822.0
2024-09-23 12:02:00,92.08,92.13,92.07,92.13,1924.0
2024-09-23 12:04:00,92.2485,92.26,92.089,92.2,2629.0
2024-09-23 12:06:00,92.21,92.21,90.9,92.21,3397.0
2024-09-23 12:08:00,92.21,92.22,92.21,92.21,4103.0
2024-09-23 12:10:00,92.29,92.3,92.2,92.3,5669.0
2024-09-23 12:12:00,92.23,92.245,92.1004,92.1004,4799.0
2024-09-23 12:14:00,92.17,92.2398,92.15,92.2398,2968.0
2024-09-23 12:16:00,92.2,92.23,92.1545,92.2,2261.0
2024-09-23 12:18:00,92.21,92.22,92.11,92.11,2115.0
2024-09-23 12:20:00,92.15,92.18,92.1,92.18,2316.0
2024-09-23 12:22:00,92.12,92.18,92.12,92.12,2796.0
2024-09-23 12:24:00,92.2312,92.2312,92.18,92.18,1441.0
2024-09-23 12:26:00,92.18,92.18,92.12,92.15,1252.0
2024-09-23 12:28:00,92.18,92.2,92.18,92.2,730.0
2024-09-23 12:30:00,92.234,92.2459,92.14,92.2459,2116.0
2024-09-23 12:32:00,92.23,92.24,92.23,92.24,1425.0
2024-09-23 12:34:00,92.1816,92.25,92.1816,92.19,3205.0
2024-09-23 12:36:00,92.17,92.18,92.11,92.17,3692.0
2024-09-23 12:38:00,92.11,92.11,92.04,92.04,3738.0
2024-09-23 12:40:00,92.03,92.08,91.9475,91.9475,13717.0
2024-09-23 12:42:00,91.94,92.1,91.94,92.09,4675.0
2024-09-23 12:44:00,91.9966,92.09,91.9966,92.01,1803.0
2024-09-23 12:46:00,92.09,92.09,92.0855,92.09,1426.0
2024-09-23 12:48:00,92.15,92.17,92.1,92.12,5475.0
2024-09-23 12:50:00,92.066,92.11,92.066,92.11,1601.0
2024-09-23 12:52:00,92.15,92.3,92.15,92.28,8771.0
2024-09-23 12:54:00,92.255,92.414,92.255,92.35,5193.0
2024-09-23 12:56:00,92.35,92.4,92.3,92.4,6482.0
2024-09-23 12:58:00,92.38,92.49,92.38,92.41,6472.0
2024-09-23 13:00:00,92.44,92.6975,92.44,92.6475,7535.0
2024-09-23 13:02:00,92.6891,92.6891,92.59,92.65,5340.0
2024-09-23 13:04:00,92.6,92.62,92.53,92.56,4817.0
2024-09-23 13:06:00,92.58,92.58,92.46,92.46,5831.0
2024-09-23 13:08:00,92.49,92.5,92.35,92.35,16951.0
2024-09-23 13:10:00,92.37,92.37,92.2861,92.3,2447.0
2024-09-23 13:12:00,92.34,92.4,92.34,92.4,3711.0
2024-09-23 13:14:00,92.37,92.4495,92.37,92.37,2652.0
2024-09-23 13:16:00,92.4,92.4515,92.4,92.45,2379.0
2024-09-23 13:18:00,92.48,92.48,92.37,92.38,4730.0
2024-09-23 13:20:00,92.45,92.48,92.3715,92.48,3739.0
2024-09-23 13:22:00,92.46,92.52,92.45,92.5,17369.0
2024-09-23 13:24:00,92.45,92.53,92.37,92.47,7255.0
2024-09-23 13:26:00,92.46,93.0,92.46,92.76,15401.0
2024-09-23 13:28:00,92.82,92.82,92.59,92.73,11058.0
2024-09-23 13:30:00,92.675,94.55,92.58,94.525,1180830.0
2024-09-23 13:32:00,94.525,94.76,93.81,94.67,734474.0
2024-09-23 13:34:00,94.6908,94.6908,93.85,94.16,643913.0
2024-09-23 13:36:00,94.165,94.8,94.08,94.615,422498.0
2024-09-23 13:38:00,94.55,94.63,94.11,94.17,431770.0
2024-09-23 13:40:00,94.15,94.29,93.93,94.1203,317297.0
2024-09-23 13:42:00,94.14,94.25,93.93,94.19,283961.0
2024-09-23 13:44:00,94.17,94.35,94.02,94.22,300794.0
2024-09-23 13:46:00,94.22,94.42,93.96,94.33,285446.0
2024-09-23 13:48:00,94.36,94.47,94.19,94.2416,226006.0
2024-09-23 13:50:00,94.25,94.2965,93.9301,93.9303,208052.0
2024-09-23 13:52:00,93.94,94.0217,93.48,93.5,265739.0
2024-09-23 13:54:00,93.5072,93.77,93.38,93.7,210182.0
2024-09-23 13:56:00,93.7,93.9319,93.62,93.84,141150.0
2024-09-23 13:58:00,93.83,93.92,93.69,93.73,155527.0
2024-09-23 14:00:00,93.73,94.0,93.55,93.79,185539.0
2024-09-23 14:02:00,93.8,93.89,93.71,93.75,109252.0
2024-09-23 14:04:00,93.776,93.82,93.62,93.683524,99524.0
2024-09-23 14:06:00,93.69,94.1,93.67,93.98,173881.0
2024-09-23 14:08:00,93.975,94.16,93.892,93.94,125785.0
2024-09-23 14:10:00,93.94,94.0199,93.7401,93.92,112588.0
2024-09-23 14:12:00,93.93,94.04,93.69,93.73,141851.0
2024-09-23 14:14:00,93.735,93.822,93.69,93.7882,110366.0
2024-09-23 14:16:00,93.79,93.95,93.71,93.89,146962.0
2024-09-23 14:18:00,93.89,94.12,93.89,93.982,121003.0
2024-09-23 14:20:00,93.99,94.29,93.93,94.26,178699.0
2024-09-23 14:22:00,94.28,94.5025,94.28,94.42,208610.0
2024-09-23 14:24:00,94.4398,94.47,94.29,94.42,114803.0
2024-09-23 14:26:00,94.42,94.4562,94.22,94.26,144252.0
2024-09-23 14:28:00,94.26,94.38,94.22,94.34,94256.0
2024-09-23 14:30:00,94.35,94.395,94.285,94.33,123261.0
2024-09-23 14:32:00,94.34,94.385,94.28,94.3001,77594.0
2024-09-23 14:34:00,94.31,94.33,94.125,94.13,77184.0
2024-09-23 14:36:00,94.12,94.1567,93.96,94.04,156724.0
2024-09-23 14:38:00,94.04,94.06,93.81,93.81,128919.0
2024-09-23 14:40:00,93.81,93.99,93.81,93.97,107478.0
2024-09-23 14:42:00,93.95,93.99,93.8,93.955,86309.0
2024-09-23 14:44:00,93.955,94.05,93.916,93.94,69769.0
2024-09-23 14:46:00,93.9297,94.0,93.9,93.96,59988.0
2024-09-23 14:48:00,93.985,93.985,93.75,93.82,79038.0
2024-09-23 14:50:00,93.82,93.85,93.7,93.75,109095.0
2024-09-23 14:52:00,93.75,93.7685,93.54,93.7394,106586.0
2024-09-23 14:54:00,93.7331,93.82,93.66,93.78,114416.0
2024-09-23 14:56:00,93.7632,93.79,93.63,93.68,89098.0
2024-09-23 14:58:00,93.6799,93.79,93.52,93.53,122465.0
2024-09-23 15:00:00,93.53,93.5432,93.277601,93.3,164219.0
2024-09-23 15:02:00,93.2942,93.3199,93.13,93.22,176555.0
2024-09-23 15:04:00,93.23,93.23,93.06,93.08,106895.0
2024-09-23 15:06:00,93.08,93.15,92.96,93.05,142950.0
2024-09-23 15:08:00,93.04,93.085,92.9899,93.08,88858.0
2024-09-23 15:10:00,93.08,93.15,93.02,93.0401,78704.0
2024-09-23 15:12:00,93.0483,93.12,93.02,93.02,69175.0
2024-09-23 15:14:00,93.045,93.12,92.99,93.0697,100523.0
2024-09-23 15:16:00,93.05,93.115,92.88,93.03,145850.0
2024-09-23 15:18:00,93.03,93.12,92.99,93.11,152353.0
2024-09-23 15:20:00,93.105,93.25,93.075,93.1735,186645.0
2024-09-23 15:22:00,93.18,93.3,93.17,93.2691,112848.0
2024-09-23 15:24:00,93.26,93.48,93.24,93.41,121957.0
2024-09-23 15:26:00,93.41,93.5,93.3,93.36,108015.0
2024-09-23 15:28:00,93.36,93.39,93.22,93.32,79247.0
2024-09-23 15:30:00,93.32,93.38,93.3,93.3,57006.0
2024-09-23 15:32:00,93.295,93.37,93.26,93.35,96811.0
2024-09-23 15:34:00,93.35,93.3888,93.28,93.37,50594.0
2024-09-23 15:36:00,93.38,93.43,93.33,93.36,53354.0
2024-09-23 15:38:00,93.36,93.4158,93.35,93.4158,36915.0
2024-09-23 15:40:00,93.42,93.49,93.35,93.435,68064.0
2024-09-23 15:42:00,93.435,93.45,93.37,93.37,58203.0
2024-09-23 15:44:00,93.385,93.48,93.3,93.48,94840.0
2024-09-23 15:46:00,93.49,93.63,93.48,93.54,113757.0
2024-09-23 15:48:00,93.55,93.6,93.44,93.45,92002.0
2024-09-23 15:50:00,93.45,93.5995,93.4401,93.5552,58737.0
2024-09-23 15:52:00,93.56,93.665,93.56,93.61,86110.0
2024-09-23 15:54:00,93.605,93.675,93.5562,93.605,66543.0
2024-09-23 15:56:00,93.6085,93.65,93.55,93.6119,49641.0
2024-09-23 15:58:00,93.62,93.63,93.36,93.425,128806.0
2024-09-23 16:00:00,93.43,93.5,93.36,93.4074,96093.0
2024-09-23 16:02:00,93.4,93.51,93.39,93.4101,92663.0
2024-09-23 16:04:00,93.4126,93.5,93.3701,93.4697,43227.0
2024-09-23 16:06:00,93.47,93.55,93.455,93.51,61127.0
2024-09-23 16:08:00,93.5,93.5,93.302179,93.32,76864.0
2024-09-23 16:10:00,93.3001,93.325,93.21,93.2258,69253.0
2024-09-23 16:12:00,93.23,93.29,93.06,93.2,127060.0
2024-09-23 16:14:00,93.19,93.2,93.05,93.12,61116.0
2024-09-23 16:16:00,93.1135,93.34,93.1135,93.34,56897.0
2024-09-23 16:18:00,93.342,93.345,93.24,93.29,86990.0
2024-09-23 16:20:00,93.28,93.2994,93.2,93.2,83604.0
2024-09-23 16:22:00,93.2,93.25,93.12,93.2,42099.0
2024-09-23 16:24:00,93.21,93.22,93.16,93.18,26179.0
2024-09-23 16:26:00,93.18,93.26,93.16,93.2299,34297.0
2024-09-23 16:28:00,93.21,93.24,93.11,93.15,50289.0
2024-09-23 16:30:00,93.1699,93.2,93.13,93.17,53514.0
2024-09-23 16:32:00,93.1702,93.18,93.07,93.17,58469.0
2024-09-23 16:34:00,93.17,93.26,93.16,93.19,40603.0
2024-09-23 16:36:00,93.17,93.22,92.99,93.05,110565.0
2024-09-23 16:38:00,93.05,93.07,92.99,93.0376,70512.0
2024-09-23 16:40:00,93.04,93.14,93.02,93.04,55766.0
2024-09-23 16:42:00,93.03,93.15,93.03,93.13,73236.0
2024-09-23 16:44:00,93.13,93.18,93.08,93.18,74101.0
2024-09-23 16:46:00,93.19,93.226,93.1102,93.13,43224.0
2024-09-23 16:48:00,93.12,93.28,93.12,93.26,53168.0
2024-09-23 16:50:00,93.26,93.31,93.21,93.21,45266.0
2024-09-23 16:52:00,93.225,93.225,93.086,93.1745,39204.0
2024-09-23 16:54:00,93.175,93.22,93.105,93.14,46423.0
2024-09-23 16:56:00,93.1201,93.208,93.12,93.2,24858.0
2024-09-23 16:58:00,93.2001,93.21,93.15,93.175,38311.0
2024-09-23 17:00:00,93.18,93.18,93.01,93.065,57868.0
2024-09-23 17:02:00,93.07,93.115,93.05,93.11,39075.0
2024-09-23 17:04:00,93.11,93.162,93.08,93.1,38222.0
2024-09-23 17:06:00,93.11,93.134,93.06,93.1,49744.0
2024-09-23 17:08:00,93.1,93.1814,93.07,93.18,32976.0
2024-09-23 17:10:00,93.185,93.239759,93.15,93.21,38854.0
2024-09-23 17:12:00,93.22,93.35,93.22,93.33,65209.0
2024-09-23 17:14:00,93.335,93.3397,93.26,93.33,41348.0
2024-09-23 17:16:00,93.32,93.32,93.23,93.29,35833.0
2024-09-23 17:18:00,93.275,93.38,93.26354,93.34,45478.0
2024-09-23 17:20:00,93.34,93.46,93.34,93.43,66633.0
2024-09-23 17:22:00,93.44,93.5,93.345,93.3676,56499.0
2024-09-23 17:24:00,93.355,93.43,93.35,93.39,24160.0
2024-09-23 17:26:00,93.3999,93.3999,93.32,93.33,30658.0
2024-09-23 17:28:00,93.3301,93.335,93.15,93.15,119136.0
2024-09-23 17:30:00,93.15,93.19,93.06,93.1,64810.0
2024-09-23 17:32:00,93.1,93.18,93.1,93.13,37976.0
2024-09-23 17:34:00,93.1101,93.2,93.11,93.17,30759.0
2024-09-23 17:36:00,93.15,93.2,93.015,93.173257,43917.0
2024-09-23 17:38:00,93.16,93.17,93.09,93.135,64475.0
2024-09-23 17:40:00,93.135,93.24,93.11,93.21,55546.0
2024-09-23 17:42:00,93.22,93.24,93.05,93.1099,94030.0
2024-09-23 17:44:00,93.115,93.18,93.09,93.1491,24371.0
2024-09-23 17:46:00,93.15,93.29,93.1201,93.22,49636.0
2024-09-23 17:48:00,93.22,93.23,93.15,93.18,27336.0
2024-09-23 17:50:00,93.175,93.3,93.17,93.26,37350.0
2024-09-23 17:52:00,93.27,93.35,93.27,93.3013,51773.0
2024-09-23 17:54:00,93.3041,93.36,93.2912,93.3301,25506.0
2024-09-23 17:56:00,93.34,93.38,93.32,93.3297,39455.0
2024-09-23 17:58:00,93.33,93.35,93.31,93.31,20244.0
2024-09-23 18:00:00,93.315,93.385,93.3,93.36,51999.0
2024-09-23 18:02:00,93.365,93.3966,93.34,93.37,90400.0
2024-09-23 18:04:00,93.38,93.39,93.34,93.37,71222.0
2024-09-23 18:06:00,93.375,93.43,93.37,93.43,43961.0
2024-09-23 18:08:00,93.43,93.455,93.41,93.4198,50742.0
2024-09-23 18:10:00,93.42,93.53,93.42,93.5,69404.0
2024-09-23 18:12:00,93.495,93.54,93.39,93.42,57659.0
2024-09-23 18:14:00,93.4199,93.48,93.4,93.47,35864.0
2024-09-23 18:16:00,93.46,93.51,93.38,93.43,62468.0
2024-09-23 18:18:00,93.39,93.49,93.37,93.48,38526.0
2024-09-23 18:20:00,93.48,93.55,93.46,93.53,30561.0
2024-09-23 18:22:00,93.52,93.59,93.5,93.55,40906.0
2024-09-23 18:24:00,93.55,93.6,93.53,93.54,34235.0
2024-09-23 18:26:00,93.545,93.545,93.44,93.51,37757.0
2024-09-23 18:28:00,93.51,93.529,93.47,93.504,32139.0
2024-09-23 18:30:00,93.505,93.59,93.5,93.5601,49738.0
2024-09-23 18:32:00,93.56,93.585,93.55,93.57,35202.0
2024-09-23 18:34:00,93.58,93.6,93.52,93.54,43296.0
2024-09-23 18:36:00,93.54,93.54,93.485,93.51,32562.0
2024-09-23 18:38:00,93.52,93.59,93.52,93.555,34837.0
2024-09-23 18:40:00,93.555,93.62,93.535,93.6,37180.0
2024-09-23 18:42:00,93.61,93.65,93.56,93.58,35882.0
2024-09-23 18:44:00,93.58,93.61,93.53,93.56,40478.0
2024-09-23 18:46:00,93.567,93.65,93.56,93.57,51418.0
2024-09-23 18:48:00,93.5699,93.61,93.52,93.58,67367.0
2024-09-23 18:50:00,93.57,93.605,93.495,93.55,88625.0
2024-09-23 18:52:00,93.55,93.71,93.55,93.6599,82708.0
2024-09-23 18:54:00,93.66,93.72,93.6,93.6799,115798.0
2024-09-23 18:56:00,93.68,93.73,93.66,93.694,56956.0
2024-09-23 18:58:00,93.695,93.74,93.665,93.69,45051.0
2024-09-23 19:00:00,93.665,93.69,93.635,93.6669,39760.0
2024-09-23 19:02:00,93.67,93.68,93.61,93.6299,89099.0
2024-09-23 19:04:00,93.625,93.64,93.4901,93.4901,66493.0
2024-09-23 19:06:00,93.49,93.5095,93.39,93.42,73018.0
2024-09-23 19:08:00,93.4299,93.435,93.35,93.365,51863.0
2024-09-23 19:10:00,93.37,93.41,93.354,93.395,46661.0
2024-09-23 19:12:00,93.395,93.4,93.345,93.39,34886.0
2024-09-23 19:14:00,93.38,93.41,93.34,93.39,42708.0
2024-09-23 19:16:00,93.39,93.44,93.365,93.365,55059.0
2024-09-23 19:18:00,93.365,93.48,93.36,93.445,62265.0
2024-09-23 19:20:00,93.445,93.54,93.445,93.525,75541.0
2024-09-23 19:22:00,93.53,93.53,93.48,93.495,38531.0
2024-09-23 19:24:00,93.49,93.53,93.4611,93.525,48463.0
2024-09-23 19:26:00,93.524,93.605,93.524,93.595,53972.0
2024-09-23 19:28:00,93.6,93.6,93.51,93.5299,57009.0
2024-09-23 19:30:00,93.53,93.54,93.46,93.515,59612.0
2024-09-23 19:32:00,93.52,93.55,93.45,93.46,52445.0
2024-09-23 19:34:00,93.455,93.545,93.45,93.48,61908.0
2024-09-23 19:36:00,93.47,93.53,93.44,93.485,61756.0
2024-09-23 19:38:00,93.485,93.485,93.42,93.435,49663.0
2024-09-23 19:40:00,93.44,93.555,93.385,93.48,87136.0
2024-09-23 19:42:00,93.475,93.49,93.44,93.46,191523.0
2024-09-23 19:44:00,93.47,93.48,93.39,93.46,97323.0
2024-09-23 19:46:00,93.47,93.575,93.47,93.54,101046.0
2024-09-23 19:48:00,93.54,93.72,93.53,93.71,123528.0
2024-09-23 19:50:00,93.71,93.73,93.56,93.605,204272.0
2024-09-23 19:52:00,93.605,93.7,93.56,93.5697,188532.0
2024-09-23 19:54:00,93.565,93.62,93.385,93.405,302064.0
2024-09-23 19:56:00,93.405,93.575,93.39,93.5603,269161.0
2024-09-23 19:58:00,93.56,93.68,93.53,93.57,639628.0
2024-09-23 20:00:00,93.57,93.65,93.57,93.62,173165.0
2024-09-23 20:02:00,93.58,93.6,93.57,93.6,12348.0
2024-09-23 20:04:00,93.63,93.7,93.63,93.7,2960.0
2024-09-23 20:06:00,93.64,93.64,93.5916,93.5916,928.0
2024-09-23 20:08:00,93.589,93.67,93.57,93.66,35293.0
2024-09-23 20:10:00,93.64,93.66,93.61,93.65,2547.0
2024-09-23 20:12:00,93.66,93.69,93.66,93.69,3047.0
2024-09-23 20:14:00,93.69,93.72,93.69,93.7,2538.0
2024-09-23 20:16:00,93.72,93.72,93.6612,93.71,2447.0
2024-09-23 20:18:00,93.73,93.77,93.73,93.7699,2354.0
2024-09-23 20:20:00,93.7989,93.7989,93.74,93.76,2457.0
2024-09-23 20:22:00,93.8,93.86,93.8,93.81,5885.0
2024-09-23 20:24:00,93.82,93.835,93.81,93.82,1527.0
2024-09-23 20:26:00,93.57,93.93,93.57,93.93,7277.0
2024-09-23 20:28:00,93.91,93.98,93.91,93.98,3612.0
2024-09-23 20:30:00,94.0,94.07,93.951,93.99,6089.0
2024-09-23 20:32:00,93.98,94.13,93.98,94.13,8204.0
2024-09-23 20:34:00,94.1001,94.1299,94.07,94.0996,2764.0
2024-09-23 20:36:00,94.05,94.1,94.05,94.09,4394.0
2024-09-23 20:38:00,94.07,94.09,94.07,94.09,2277.0
2024-09-23 20:40:00,94.0407,94.06,94.0407,94.06,1257.0
2024-09-23 20:42:00,94.05,94.08,93.57,94.0411,108630.0
2024-09-23 20:44:00,94.08,94.08,94.04,94.05,2105.0
2024-09-23 20:46:00,94.05,94.05,93.95,93.95,3367.0
2024-09-23 20:48:00,93.96,93.96,93.94,93.94,1027.0
2024-09-23 20:50:00,94.02,94.1,94.02,94.06,2051.0
2024-09-23 20:54:00,94.05,94.05,94.049,94.049,1380.0
2024-09-23 20:56:00,94.04,94.05,94.02,94.05,888.0
2024-09-23 20:58:00,94.01,94.02,94.0,94.01,2649.0
2024-09-23 21:00:00,94.01,94.02,94.01,94.012,710.0
2024-09-23 21:02:00,94.01,94.0497,94.01,94.0497,810.0
2024-09-23 21:04:00,94.0475,94.05,94.0,94.0,1922.0
2024-09-23 21:06:00,94.01,94.048,94.0,94.048,1447.0
2024-09-23 21:08:00,94.0,94.01,93.8,93.8,8611.0
2024-09-23 21:10:00,93.77,93.81,93.69,93.8,8765.0
2024-09-23 21:12:00,93.8935,93.8935,93.79,93.79,572.0
2024-09-23 21:14:00,93.772,93.772,93.772,93.772,991.0
2024-09-23 21:16:00,93.83,93.83,93.8,93.8,1026.0
2024-09-23 21:18:00,93.8002,93.86,93.8002,93.86,485.0
2024-09-23 21:24:00,93.9,93.9,93.9,93.9,199.0
2024-09-23 21:26:00,93.87,93.9,93.87,93.9,1015.0
2024-09-23 21:28:00,93.9497,93.9497,93.9,93.9,867.0
2024-09-23 21:30:00,93.9497,93.9497,93.9497,93.9497,224.0
2024-09-23 21:32:00,93.95,93.96,93.95,93.96,733.0
2024-09-23 21:36:00,93.99,94.0,93.99,94.0,436.0
2024-09-23 21:38:00,93.9975,93.9975,93.9975,93.9975,244.0
2024-09-23 21:40:00,93.96,93.9965,93.96,93.9965,399.0
2024-09-23 21:42:00,93.98,93.9991,93.98,93.9991,343.0
2024-09-23 21:44:00,94.0,94.0,94.0,94.0,2002.0
2024-09-23 21:48:00,93.99,93.99,93.98,93.98,381.0
2024-09-23 21:50:00,93.999,94.0,93.999,94.0,540.0
2024-09-23 21:52:00,94.0416,94.0416,94.0,94.0,3319.0
2024-09-23 21:54:00,94.001,94.001,94.0,94.0,1275.0
2024-09-23 21:56:00,94.019,94.0194,94.01,94.0194,1862.0
2024-09-23 21:58:00,94.0487,94.1,94.03,94.1,2710.0
2024-09-23 22:00:00,94.1,94.1,94.1,94.1,255.0
2024-09-23 22:02:00,94.05,94.05,94.05,94.05,1089.0
2024-09-23 22:04:00,94.1,94.1,94.09,94.09,1341.0
2024-09-23 22:06:00,94.0,94.0147,93.98,94.0147,3883.0
2024-09-23 22:10:00,94.05,94.05,94.05,94.05,168.0
2024-09-23 22:12:00,94.07,94.07,94.0,94.0,1266.0
2024-09-23 22:14:00,94.07,94.07,94.07,94.07,620.0
2024-09-23 22:16:00,94.01,94.01,93.975,93.975,551.0
2024-09-23 22:18:00,94.047,94.047,94.03,94.03,264.0
2024-09-23 22:20:00,94.0,94.0,93.99,94.0,1016.0
2024-09-23 22:22:00,94.01,94.01,93.9,93.9899,982.0
2024-09-23 22:24:00,93.9,93.9,93.9,93.9,733.0
2024-09-23 22:26:00,93.9014,94.07,93.9014,94.07,1398.0
2024-09-23 22:28:00,94.0,94.0,94.0,94.0,310.0
2024-09-23 22:30:00,93.995,93.995,93.995,93.995,153.0
2024-09-23 22:32:00,93.91,93.91,93.91,93.91,699.0
2024-09-23 22:34:00,94.0299,94.0299,94.0299,94.0299,349.0
2024-09-23 22:36:00,93.9059,93.9059,93.9059,93.9059,632.0
2024-09-23 22:40:00,93.99,94.05,93.99,94.05,3228.0
2024-09-23 22:42:00,94.062,94.0625,94.062,94.0625,492.0
2024-09-23 22:44:00,93.9966,93.9966,93.9966,93.9966,288.0
2024-09-23 22:46:00,93.9991,94.0,93.9991,94.0,1205.0
2024-09-23 22:48:00,93.9335,93.9335,93.9335,93.9335,1110.0
2024-09-23 22:50:00,93.9999,94.0,93.9999,94.0,1122.0
2024-09-23 22:52:00,93.95,94.0,93.95,94.0,792.0
2024-09-23 22:54:00,93.99,94.0,93.99,94.0,1683.0
2024-09-23 22:56:00,94.07,94.07,94.021,94.021,324.0
2024-09-23 22:58:00,94.0898,94.0898,94.08,94.0855,2108.0
2024-09-23 23:00:00,94.0855,94.0855,94.07,94.07,2706.0
2024-09-23 23:02:00,94.0027,94.0027,93.9251,93.9251,2201.0
2024-09-23 23:06:00,93.9203,93.9203,93.9203,93.9203,2066.0
2024-09-23 23:08:00,93.97,93.97,93.92,93.92,340.0
2024-09-23 23:10:00,93.97,93.97,93.97,93.97,615.0
2024-09-23 23:12:00,94.0,94.0,94.0,94.0,350.0
2024-09-23 23:16:00,93.92,93.92,93.91,93.92,1371.0
2024-09-23 23:18:00,93.9,93.98,93.9,93.98,1110.0
2024-09-23 23:20:00,93.96,93.96,93.94,93.9588,678.0
2024-09-23 23:22:00,93.91,93.93,93.9,93.93,1203.0
2024-09-23 23:24:00,93.96,93.96,93.96,93.96,100.0
2024-09-23 23:26:00,93.9589,93.9589,93.9589,93.9589,417.0
2024-09-23 23:28:00,93.88,93.9,93.88,93.9,1114.0
2024-09-23 23:30:00,93.805,93.9,93.805,93.9,540.0
2024-09-23 23:34:00,93.9,93.9,93.9,93.9,488.0
2024-09-23 23:36:00,93.85,93.85,93.82,93.82,687.0
2024-09-23 23:38:00,93.86,93.86,93.86,93.86,291.0
2024-09-23 23:40:00,93.91,93.93,93.89,93.93,1844.0
2024-09-23 23:42:00,93.9598,93.96,93.9598,93.96,1131.0
2024-09-23 23:44:00,93.92,93.92,93.92,93.92,322.0
2024-09-23 23:46:00,93.9599,93.96,93.9599,93.96,1425.0
2024-09-23 23:48:00,93.97,93.97,93.97,93.97,240.0
2024-09-23 23:50:00,93.9601,93.99,93.9601,93.99,313.0
2024-09-23 23:52:00,94.0,94.03,94.0,94.03,283.0
2024-09-23 23:54:00,94.01,94.05,94.01,94.05,1222.0
2024-09-23 23:56:00,94.02,94.04,94.01,94.03,746.0
2024-09-23 23:58:00,94.0299,94.0475,94.0,94.0475,1732.0
2024-09-24 08:00:00,94.73,94.75,94.0,94.53,6642.0
2024-09-24 08:02:00,94.57,95.07,94.57,94.98,13188.0
2024-09-24 08:04:00,94.99,94.99,94.75,94.75,12475.0
2024-09-24 08:06:00,94.92,94.92,94.89,94.9,2463.0
2024-09-24 08:08:00,94.99,95.1,94.99,95.1,3132.0
2024-09-24 08:10:00,95.23,95.67,95.23,95.62,5042.0
2024-09-24 08:12:00,95.62,95.76,95.62,95.76,3979.0
2024-09-24 08:14:00,95.8,95.8,95.75,95.76,2249.0
2024-09-24 08:16:00,95.84,95.85,95.84,95.84,1970.0
2024-09-24 08:18:00,95.9,95.9,95.9,95.9,1202.0
2024-09-24 08:20:00,95.89,95.89,95.71,95.71,3190.0
2024-09-24 08:22:00,95.79,95.79,95.78,95.78,1204.0
2024-09-24 08:24:00,95.7,95.78,95.7,95.76,2541.0
2024-09-24 08:26:00,95.77,95.8,95.77,95.77,3273.0
2024-09-24 08:28:00,95.75,95.75,95.75,95.75,871.0
2024-09-24 08:30:00,95.76,95.76,95.65,95.65,6484.0
2024-09-24 08:32:00,95.73,95.83,95.73,95.81,8422.0
2024-09-24 08:36:00,95.74,95.74,95.74,95.74,975.0
2024-09-24 08:38:00,95.79,95.79,95.78,95.78,776.0
2024-09-24 08:44:00,95.8,95.8,95.8,95.8,213.0
2024-09-24 08:46:00,95.74,95.74,95.7,95.7,3025.0
2024-09-24 08:48:00,95.7,95.7,95.7,95.7,222.0
2024-09-24 08:50:00,95.7,95.7,95.7,95.7,2799.0
2024-09-24 08:52:00,95.51,95.51,95.5,95.5,1087.0
2024-09-24 08:54:00,95.4,95.41,95.4,95.41,1411.0
2024-09-24 08:58:00,95.6,95.6,95.6,95.6,403.0
2024-09-24 09:04:00,95.52,95.52,95.52,95.52,442.0
2024-09-24 09:10:00,95.6,95.6,95.6,95.6,257.0
2024-09-24 09:12:00,95.55,95.55,95.51,95.51,1239.0
2024-09-24 09:16:00,95.52,95.52,95.52,95.52,167.0
2024-09-24 09:20:00,95.52,95.52,95.51,95.51,2955.0
2024-09-24 09:26:00,95.59,95.62,95.59,95.62,2315.0
2024-09-24 09:30:00,95.64,95.64,95.62,95.62,2144.0
2024-09-24 09:34:00,95.65,95.65,95.65,95.65,288.0
2024-09-24 09:38:00,95.69,95.71,95.69,95.7,1871.0
2024-09-24 09:40:00,95.67,95.67,95.6,95.6,1684.0
2024-09-24 09:42:00,95.61,95.61,95.49,95.53,8914.0
2024-09-24 09:44:00,95.62,95.62,95.62,95.62,145.0
2024-09-24 09:46:00,95.62,95.62,95.62,95.62,709.0
2024-09-24 09:48:00,95.52,95.56,95.45,95.45,4135.0
2024-09-24 09:50:00,95.41,95.41,95.4,95.4,1015.0
2024-09-24 09:52:00,95.41,95.41,95.4,95.4,1228.0
2024-09-24 09:54:00,95.43,95.43,95.2,95.2,5053.0
2024-09-24 09:56:00,95.15,95.15,94.93,95.0,35640.0
2024-09-24 09:58:00,94.96,94.96,94.96,94.96,775.0
2024-09-24 10:00:00,94.96,94.96,94.96,94.96,292.0
2024-09-24 10:02:00,94.95,95.0,94.84,95.0,9465.0
2024-09-24 10:04:00,95.0,95.12,95.0,95.12,5125.0
2024-09-24 10:08:00,95.15,95.25,95.15,95.22,2715.0
2024-09-24 10:10:00,95.24,95.25,95.24,95.24,1232.0
2024-09-24 10:12:00,95.35,95.35,95.22,95.22,1000.0
2024-09-24 10:14:00,95.25,95.25,95.16,95.16,3559.0
2024-09-24 10:18:00,95.09,95.1,95.09,95.1,1571.0
2024-09-24 10:20:00,95.09,95.22,95.09,95.22,6269.0
2024-09-24 10:28:00,95.11,95.11,95.11,95.11,406.0
2024-09-24 10:30:00,95.1,95.1,95.01,95.01,3403.0
2024-09-24 10:32:00,95.1,95.11,95.09,95.11,1539.0
2024-09-24 10:36:00,95.15,95.16,95.15,95.16,648.0
2024-09-24 10:38:00,95.15,95.15,95.15,95.15,130.0
2024-09-24 10:40:00,95.15,95.15,95.15,95.15,185.0
2024-09-24 10:42:00,95.19,95.23,95.19,95.23,1118.0
2024-09-24 10:44:00,95.32,95.32,95.27,95.27,285.0
2024-09-24 10:50:00,95.25,95.25,95.25,95.25,238.0
2024-09-24 10:54:00,95.26,95.26,95.26,95.26,1722.0
2024-09-24 10:58:00,95.18,95.18,95.18,95.18,4097.0
2024-09-24 11:00:00,95.03,95.07,94.65,94.65,15765.0
2024-09-24 11:02:00,94.75,94.75,94.56,94.56,8813.0
2024-09-24 11:04:00,94.59,94.73,94.55,94.68,8610.0
2024-09-24 11:06:00,94.72,94.75,94.58,94.58,4084.0
2024-09-24 11:08:00,94.57,94.57,94.5,94.5,4535.0
2024-09-24 11:10:00,94.5,94.7,94.49,94.7,8591.0
2024-09-24 11:12:00,94.79,94.8,94.79,94.8,1822.0
2024-09-24 11:14:00,94.71,94.85,94.71,94.85,5100.0
2024-09-24 11:16:00,94.84,94.89,94.84,94.85,1823.0
2024-09-24 11:18:00,94.85,95.0,94.85,94.9,4594.0
2024-09-24 11:20:00,94.9,94.96,94.9,94.95,15025.0
2024-09-24 11:22:00,94.96,95.05,94.8,94.86,18167.0
2024-09-24 11:28:00,94.84,94.99,94.84,94.99,4208.0
2024-09-24 11:30:00,94.97,95.0,94.96,94.96,2007.0
2024-09-24 11:32:00,95.0,95.02,94.99,95.02,1759.0
2024-09-24 11:34:00,95.09,95.09,95.06,95.09,1488.0
2024-09-24 11:36:00,95.09,95.1,94.99,94.99,3137.0
2024-09-24 11:38:00,95.0,95.03,94.9,94.98,3707.0
2024-09-24 11:40:00,95.0,95.0,95.0,95.0,696.0
2024-09-24 11:42:00,95.06,95.1,95.06,95.1,4529.0
2024-09-24 11:44:00,95.1,95.12,95.08,95.08,5004.0
2024-09-24 11:46:00,95.02,95.02,94.98,94.98,1784.0
2024-09-24 11:48:00,95.01,95.01,95.0,95.01,2529.0
2024-09-24 11:50:00,95.0,95.04,94.98,95.04,1416.0
2024-09-24 11:52:00,95.03,95.06,95.03,95.06,898.0
2024-09-24 11:54:00,95.06,95.11,95.06,95.11,750.0
2024-09-24 11:56:00,95.03,95.03,95.03,95.03,330.0
2024-09-24 11:58:00,94.99,95.1,94.99,95.05,3022.0
2024-09-24 12:00:00,95.0,95.69,93.79,94.43,91931.0
2024-09-24 12:02:00,95.12,95.2,95.11,95.2,3354.0
2024-09-24 12:04:00,95.2,95.28,95.2,95.28,3660.0
2024-09-24 12:06:00,95.25,95.29,95.2004,95.29,3447.0
2024-09-24 12:08:00,95.3,95.35,95.29,95.35,12520.0
2024-09-24 12:10:00,95.34,95.35,95.2,95.28,4590.0
2024-09-24 12:12:00,95.25,95.3395,95.1,95.1,13020.0
2024-09-24 12:14:00,95.0253,95.11,95.0253,95.11,1246.0
2024-09-24 12:16:00,95.1,95.17,95.1,95.1,2227.0
2024-09-24 12:18:00,95.11,95.1754,95.1,95.13,2647.0
2024-09-24 12:20:00,95.11,95.12,95.08,95.12,4144.0
2024-09-24 12:22:00,95.07,95.11,95.07,95.11,5002.0
2024-09-24 12:24:00,95.1,95.12,95.1,95.1,3739.0
2024-09-24 12:26:00,95.09,95.09,95.03,95.03,1494.0
2024-09-24 12:28:00,95.1418,95.1418,95.06,95.1,2196.0
2024-09-24 12:30:00,95.08,95.08,95.0,95.0,2843.0
2024-09-24 12:32:00,95.0,95.0,94.8021,94.98,9283.0
2024-09-24 12:34:00,94.83,94.9,94.83,94.85,3814.0
2024-09-24 12:36:00,94.92,94.92,94.7693,94.7693,6211.0
2024-09-24 12:38:00,94.78,94.93,94.78,94.93,2864.0
2024-09-24 12:40:00,94.85,94.97,94.85,94.953,10474.0
2024-09-24 12:42:00,94.95,95.06,94.9,95.05,5855.0
2024-09-24 12:44:00,95.05,95.08,95.0051,95.0051,3562.0
2024-09-24 12:46:00,95.0,95.0,94.96,94.99,3240.0
2024-09-24 12:48:00,94.99,94.99,94.97,94.99,2695.0
2024-09-24 12:50:00,94.97,94.99,94.97,94.99,2152.0
2024-09-24 12:52:00,95.0,95.01,94.99,95.0,4730.0
2024-09-24 12:54:00,95.0,95.09,94.97,95.09,5552.0
2024-09-24 12:56:00,95.05,95.05,95.0,95.0,2424.0
2024-09-24 12:58:00,95.04,95.05,95.0028,95.04,4535.0
2024-09-24 13:00:00,95.05,95.05,95.0,95.0,7365.0
2024-09-24 13:02:00,94.96,95.0,94.96,95.0,12705.0
2024-09-24 13:04:00,95.0,95.01,94.93,94.93,10519.0
2024-09-24 13:06:00,94.95,94.95,94.88,94.93,5353.0
2024-09-24 13:08:00,94.94,95.0,94.94,95.0,7940.0
2024-09-24 13:10:00,95.0,95.0,94.91,94.91,9464.0
2024-09-24 13:12:00,94.88,94.88,94.63,94.66,10546.0
2024-09-24 13:14:00,94.68,94.77,94.68,94.7004,5284.0
2024-09-24 13:16:00,94.7,94.78,94.7,94.744,4252.0
2024-09-24 13:18:00,94.81,94.9468,94.781,94.872,8412.0
2024-09-24 13:20:00,94.88,94.88,94.8,94.81,4132.0
2024-09-24 13:22:00,94.8,94.93,94.77,94.9,5120.0
2024-09-24 13:24:00,94.93,95.14,94.84,94.9,86467.0
2024-09-24 13:26:00,94.96,95.5,94.88,95.29,37705.0
2024-09-24 13:28:00,95.0,95.2,94.77,94.77,9119.0
2024-09-24 13:30:00,94.73,95.0,94.23,94.33,750567.0
2024-09-24 13:32:00,94.325,94.92,94.3,94.595,224495.0
2024-09-24 13:34:00,94.6128,94.7899,94.35,94.37,192246.0
2024-09-24 13:36:00,94.37,94.57,94.01,94.0675,235847.0
2024-09-24 13:38:00,94.075,94.1496,93.74,94.1496,347088.0
2024-09-24 13:40:00,94.1339,94.16,93.887,94.05,213182.0
2024-09-24 13:42:00,94.034,94.16,93.9,93.91,146191.0
2024-09-24 13:44:00,93.92,94.21,93.89,94.16,252247.0
2024-09-24 13:46:00,94.17,94.44,94.17,94.3601,191475.0
2024-09-24 13:48:00,94.38,94.38,94.17,94.24,144345.0
2024-09-24 13:50:00,94.23,94.31,94.06,94.23,100362.0
2024-09-24 13:52:00,94.24,94.28,94.02,94.1197,110272.0
2024-09-24 13:54:00,94.06,94.19,94.06,94.08,88342.0
2024-09-24 13:56:00,94.09,94.24,93.91,93.92,120122.0
2024-09-24 13:58:00,93.91,94.02,93.75,93.805,135576.0
2024-09-24 14:00:00,93.8,93.81,93.36,93.685,281053.0
2024-09-24 14:02:00,93.68,93.76,93.24,93.36,188165.0
2024-09-24 14:04:00,93.35,93.3699,93.12,93.25,215587.0
2024-09-24 14:06:00,93.2499,93.347,93.1303,93.326,146459.0
2024-09-24 14:08:00,93.34,93.45,93.23,93.26,120333.0
2024-09-24 14:10:00,93.26,93.47,93.2,93.44,153993.0
2024-09-24 14:12:00,93.435,93.625,93.422016,93.5272,168362.0
2024-09-24 14:14:00,93.53,93.53,93.19,93.405,237451.0
2024-09-24 14:16:00,93.42,93.478,93.3,93.372,74357.0
2024-09-24 14:18:00,93.37,93.51,93.25,93.25,117011.0
2024-09-24 14:20:00,93.25,93.48,93.24,93.43,66497.0
2024-09-24 14:22:00,93.43,93.43,92.9386,92.995,204590.0
2024-09-24 14:24:00,92.999,93.275,92.98,93.23,100581.0
2024-09-24 14:26:00,93.21,93.29,93.21,93.2725,62014.0
2024-09-24 14:28:00,93.27,93.28,93.0275,93.05,82375.0
2024-09-24 14:30:00,93.04,93.22,92.99,93.1855,94630.0
2024-09-24 14:32:00,93.18,93.18,93.03,93.1226,76870.0
2024-09-24 14:34:00,93.12,93.14,93.03,93.085,68494.0
2024-09-24 14:36:00,93.07,93.09,92.87,92.9074,148293.0
2024-09-24 14:38:00,92.89,93.025,92.86,92.8602,68762.0
2024-09-24 14:40:00,92.85,92.915,92.76,92.87,197316.0
2024-09-24 14:42:00,92.88,93.0,92.8003,93.0,121592.0
2024-09-24 14:44:00,93.0,93.17,93.0,93.13,154280.0
2024-09-24 14:46:00,93.1362,93.33,93.0905,93.233,98364.0
2024-09-24 14:48:00,93.24,93.36,93.22,93.3499,64690.0
2024-09-24 14:50:00,93.36,93.4,93.31,93.38,83384.0
2024-09-24 14:52:00,93.389,93.53,93.389,93.48,98287.0
2024-09-24 14:54:00,93.48,93.54,93.44,93.46,85430.0
2024-09-24 14:56:00,93.4613,93.715,93.4613,93.65,91051.0
2024-09-24 14:58:00,93.66,93.75,93.6,93.7499,85011.0
2024-09-24 15:00:00,93.745,93.79,93.69,93.69,98068.0
2024-09-24 15:02:00,93.7,93.81,93.65,93.75,78453.0
2024-09-24 15:04:00,93.75,93.81,93.695,93.705,59780.0
2024-09-24 15:06:00,93.695,93.7899,93.6738,93.73,91129.0
2024-09-24 15:08:00,93.74,93.76,93.64,93.67,51816.0
2024-09-24 15:10:00,93.67,93.84,93.645,93.81,64386.0
2024-09-24 15:12:00,93.793,93.88,93.78,93.83,81146.0
2024-09-24 15:14:00,93.82,93.84,93.7499,93.7499,80339.0
2024-09-24 15:16:00,93.74,93.82,93.7,93.71,83611.0
2024-09-24 15:18:00,93.73,93.89,93.72,93.8898,57329.0
2024-09-24 15:20:00,93.9,93.9,93.805,93.82,58745.0
2024-09-24 15:22:00,93.835,93.87,93.79,93.862,65869.0
2024-09-24 15:24:00,93.8799,93.95,93.83,93.94,100491.0
2024-09-24 15:26:00,93.94,93.97,93.825,93.85,70497.0
2024-09-24 15:28:00,93.85,93.9124,93.8,93.88641,60916.0
2024-09-24 15:30:00,93.88,94.0791,93.88,94.0613,91432.0
2024-09-24 15:32:00,94.07,94.19,94.06,94.15,66102.0
2024-09-24 15:34:00,94.14,94.145,93.95,93.96,129138.0
2024-09-24 15:36:00,93.97,93.99,93.85,93.8501,92369.0
2024-09-24 15:38:00,93.85,94.1,93.845,94.1,60862.0
2024-09-24 15:40:00,94.09,94.19,94.07,94.1,82250.0
2024-09-24 15:42:00,94.105,94.14,94.05,94.115,70390.0
2024-09-24 15:44:00,94.07,94.19,94.03,94.125,98129.0
2024-09-24 15:46:00,94.14,94.27,94.1,94.23,141849.0
2024-09-24 15:48:00,94.225,94.365,94.21,94.34,97672.0
2024-09-24 15:50:00,94.3355,94.385,94.24,94.28,103304.0
2024-09-24 15:52:00,94.2671,94.44,94.26,94.395,83138.0
2024-09-24 15:54:00,94.395,94.55,94.39,94.47,144141.0
2024-09-24 15:56:00,94.465,94.525,94.3502,94.355,116265.0
2024-09-24 15:58:00,94.3668,94.38,94.25,94.26,73892.0
2024-09-24 16:00:00,94.26,94.415,94.25,94.4,72430.0
2024-09-24 16:02:00,94.42,94.492,94.41,94.45,106550.0
2024-09-24 16:04:00,94.455,94.505,94.4,94.46,95462.0
2024-09-24 16:06:00,94.465,94.56,94.36,94.405,146335.0
2024-09-24 16:08:00,94.41,94.44,94.2518,94.27,110914.0
2024-09-24 16:10:00,94.275,94.36,94.1842,94.29,62494.0
2024-09-24 16:12:00,94.31,94.38,94.2517,94.265,42266.0
2024-09-24 16:14:00,94.26,94.34,94.21,94.235335,59565.0
2024-09-24 16:16:00,94.23,94.24,94.09,94.11,88335.0
2024-09-24 16:18:00,94.12,94.14,94.055,94.0807,70819.0
2024-09-24 16:20:00,94.09,94.2,94.075,94.1,45984.0
2024-09-24 16:22:00,94.1187,94.2254,94.1187,94.16,42868.0
2024-09-24 16:24:00,94.16,94.19,94.03,94.13,49038.0
2024-09-24 16:26:00,94.13,94.155,94.04,94.14,60024.0
2024-09-24 16:28:00,94.15,94.184,94.11,94.175,33235.0
2024-09-24 16:30:00,94.17,94.22,94.1,94.15,69456.0
2024-09-24 16:32:00,94.165,94.3,94.124,94.27,33106.0
2024-09-24 16:34:00,94.27,94.365,94.25,94.33,48905.0
2024-09-24 16:36:00,94.31,94.3599,94.29,94.34,50250.0
2024-09-24 16:38:00,94.34,94.345,94.28,94.335,43625.0
2024-09-24 16:40:00,94.34,94.405,94.285,94.29,42084.0
2024-09-24 16:42:00,94.295,94.295,94.18,94.23,68592.0
2024-09-24 16:44:00,94.225,94.37,94.225,94.36,65550.0
2024-09-24 16:46:00,94.36,94.42,94.26,94.36,133507.0
2024-09-24 16:48:00,94.37,94.425,94.355,94.37,37220.0
2024-09-24 16:50:00,94.38,94.486463,94.355,94.41,42991.0
2024-09-24 16:52:00,94.42,94.505,94.4,94.41,68648.0
2024-09-24 16:54:00,94.41,94.41,94.31,94.35,54373.0
2024-09-24 16:56:00,94.35,94.36,94.19,94.24,84966.0
2024-09-24 16:58:00,94.245,94.27,94.2,94.22,32979.0
2024-09-24 17:00:00,94.21,94.288,94.14,94.25,41142.0
2024-09-24 17:02:00,94.26,94.35,94.25,94.336062,67184.0
2024-09-24 17:04:00,94.36,94.42,94.35,94.365,70093.0
2024-09-24 17:06:00,94.38,94.51,94.37,94.5,68267.0
2024-09-24 17:08:00,94.5,94.52,94.45,94.495,72606.0
2024-09-24 17:10:00,94.518702,94.6,94.48,94.51,79415.0
2024-09-24 17:12:00,94.51,94.55,94.455,94.5,67151.0
2024-09-24 17:14:00,94.51,94.71,94.51,94.7,63367.0
2024-09-24 17:16:00,94.7,94.71,94.59,94.66,59810.0
2024-09-24 17:18:00,94.65,94.67,94.61,94.6599,37790.0
2024-09-24 17:20:00,94.64,94.64,94.5,94.56,49430.0
2024-09-24 17:22:00,94.56,94.56,94.38,94.39,72742.0
2024-09-24 17:24:00,94.39,94.495,94.385,94.465,47112.0
2024-09-24 17:26:00,94.4649,94.5,94.455,94.48,60926.0
2024-09-24 17:28:00,94.48,94.48,94.41,94.4293,50636.0
2024-09-24 17:30:00,94.4212,94.45,94.31,94.365,54388.0
2024-09-24 17:32:00,94.365,94.495,94.335,94.4785,51517.0
2024-09-24 17:34:00,94.475,94.56,94.42,94.5231,72871.0
2024-09-24 17:36:00,94.53,94.585,94.48,94.55,176306.0
2024-09-24 17:38:00,94.55,94.56,94.36,94.495,66640.0
2024-09-24 17:40:00,94.495,94.56,94.44,94.46,70416.0
2024-09-24 17:42:00,94.46,94.59,94.44,94.585,34099.0
2024-09-24 17:44:00,94.57,94.6175,94.54,94.615,67581.0
2024-09-24 17:46:00,94.62,94.63,94.53,94.595,57503.0
2024-09-24 17:48:00,94.595,94.612,94.51,94.55,51836.0
2024-09-24 17:50:00,94.54,94.57,94.46,94.475,78043.0
2024-09-24 17:52:00,94.4799,94.4799,94.37,94.425,56844.0
2024-09-24 17:54:00,94.435,94.47,94.36,94.425,168111.0
2024-09-24 17:56:00,94.435,94.455,94.29,94.31,52718.0
2024-09-24 17:58:00,94.29,94.325,94.235,94.2501,57780.0
2024-09-24 18:00:00,94.25,94.32,94.18,94.3,90079.0
2024-09-24 18:02:00,94.31,94.39,94.3,94.35,57101.0
2024-09-24 18:04:00,94.3537,94.36,94.27,94.2919,37504.0
2024-09-24 18:06:00,94.3,94.365,94.2701,94.31,52436.0
2024-09-24 18:08:00,94.32,94.32,94.1898,94.19,49869.0
2024-09-24 18:10:00,94.18,94.19,94.09,94.13,67516.0
2024-09-24 18:12:00,94.13,94.13,93.94,94.0,115622.0
2024-09-24 18:14:00,94.01,94.0754,93.9942,93.995,55662.0
2024-09-24 18:16:00,93.994,94.055,93.99,94.03,45420.0
2024-09-24 18:18:00,94.04,94.14,94.03,94.0889,153604.0
2024-09-24 18:20:00,94.09,94.13,94.07,94.07,41044.0
2024-09-24 18:22:00,94.065,94.135,94.065,94.122729,52558.0
2024-09-24 18:24:00,94.13,94.14,94.09,94.09,62345.0
2024-09-24 18:26:00,94.08,94.0897,94.0,94.035,43798.0
2024-09-24 18:28:00,94.03,94.1,93.96,94.017212,58607.0
2024-09-24 18:30:00,94.015,94.015,93.83,93.97,92772.0
2024-09-24 18:32:00,93.97,94.05,93.91,94.04,50246.0
2024-09-24 18:34:00,94.04,94.11,94.03,94.1,47384.0
2024-09-24 18:36:00,94.09,94.0999,93.9812,93.9812,57161.0
2024-09-24 18:38:00,93.985,94.115,93.96,94.115,53358.0
2024-09-24 18:40:00,94.115,94.135,93.99,94.0,93163.0
2024-09-24 18:42:00,93.99,93.995,93.91,93.93,50416.0
2024-09-24 18:44:00,93.94,94.01,93.94,93.98,48441.0
2024-09-24 18:46:00,93.98,94.0,93.93,94.0,43866.0
2024-09-24 18:48:00,94.0,94.005,93.9101,93.92,39137.0
2024-09-24 18:50:00,93.92,94.025,93.92,94.0143,55514.0
2024-09-24 18:52:00,94.015,94.07,93.9907,94.01,48227.0
2024-09-24 18:54:00,94.005,94.05,93.97,93.97,86126.0
2024-09-24 18:56:00,93.97,94.01,93.96,93.97,34635.0
2024-09-24 18:58:00,93.97,93.97,93.83,93.94,69817.0
2024-09-24 19:00:00,93.935,93.995,93.9,93.97,42634.0
2024-09-24 19:02:00,93.974,94.03,93.965,94.03,81596.0
2024-09-24 19:04:00,94.03,94.08,94.02,94.047314,60560.0
2024-09-24 19:06:00,94.045,94.08,94.04,94.0703,61713.0
2024-09-24 19:08:00,94.075,94.1422,94.07,94.105,45919.0
2024-09-24 19:10:00,94.1,94.105,94.01,94.015,43654.0
2024-09-24 19:12:00,94.01,94.04,93.98,94.03,58025.0
2024-09-24 19:14:00,94.02,94.06,93.9701,94.055,57012.0
2024-09-24 19:16:00,94.055,94.11,94.035,94.09,142932.0
2024-09-24 19:18:00,94.095,94.17,94.06,94.165,100096.0
2024-09-24 19:20:00,94.1699,94.18,94.11,94.15,88881.0
2024-09-24 19:22:00,94.145,94.1459,94.005,94.005,50946.0
2024-09-24 19:24:00,94.0034,94.1499,94.0034,94.12,76349.0
2024-09-24 19:26:00,94.12,94.165,94.11,94.12,69188.0
2024-09-24 19:28:00,94.13,94.15,94.024,94.04,204469.0
2024-09-24 19:30:00,94.05,94.06,93.96,94.0,89145.0
2024-09-24 19:32:00,93.99,94.06,93.98,93.99,117846.0
2024-09-24 19:34:00,93.995,94.06,93.99,94.035,63780.0
2024-09-24 19:36:00,94.04,94.08,94.015,94.03,75296.0
2024-09-24 19:38:00,94.0295,94.1199,94.0,94.115,99674.0
2024-09-24 19:40:00,94.11,94.225,94.1,94.2101,136636.0
2024-09-24 19:42:00,94.21,94.295,94.1601,94.27,101536.0
2024-09-24 19:44:00,94.27,94.29,94.18,94.29,118478.0
2024-09-24 19:46:00,94.285,94.365,94.275,94.365,100295.0
2024-09-24 19:48:00,94.3699,94.43,94.35,94.425,150173.0
2024-09-24 19:50:00,94.43,94.6,94.42,94.465,306796.0
2024-09-24 19:52:00,94.47,94.47,94.32,94.32,212320.0
2024-09-24 19:54:00,94.325,94.335,93.95,94.0,325939.0
2024-09-24 19:56:00,93.995,94.02,93.95,93.995,281485.0
2024-09-24 19:58:00,94.0,94.05,93.98,94.02,642415.0
2024-09-24 20:00:00,94.0,94.14,94.0,94.102,95571.0
2024-09-24 20:02:00,94.1101,94.19,94.0,94.1601,6353.0
2024-09-24 20:04:00,94.16,94.16,94.11,94.11,4175.0
2024-09-24 20:06:00,94.11,94.18,94.06,94.1799,6631.0
2024-09-24 20:08:00,94.14,94.1879,94.14,94.15,5278.0
2024-09-24 20:10:00,94.17,94.19,94.16,94.18,3264.0
2024-09-24 20:12:00,94.19,94.22,94.18,94.22,3650.0
2024-09-24 20:14:00,94.23,94.27,94.23,94.25,3275.0
2024-09-24 20:16:00,94.26,94.3,94.26,94.28,5738.0
2024-09-24 20:18:00,94.29,94.3,94.28,94.3,4284.0
2024-09-24 20:20:00,94.28,94.299,94.2604,94.28,4475.0
2024-09-24 20:22:00,94.29,94.298,94.27,94.29,1964.0
2024-09-24 20:24:00,94.299,94.2999,94.262,94.29,2901.0
2024-09-24 20:26:00,94.279,94.279,94.25,94.25,1053.0
2024-09-24 20:28:00,94.28,94.28,94.2409,94.27,7022.0
2024-09-24 20:30:00,94.24,94.278,94.24,94.278,850.0
2024-09-24 20:32:00,94.24,94.28,94.24,94.27,2186.0
2024-09-24 20:34:00,94.27,94.2785,94.25,94.25,1498.0
2024-09-24 20:36:00,94.27,94.28,94.27,94.2701,3634.0
2024-09-24 20:38:00,94.27,94.27,94.2401,94.2401,2200.0
2024-09-24 20:40:00,94.27,94.27,94.21,94.21,3289.0
2024-09-24 20:42:00,94.21,94.23,94.2099,94.23,1127.0
2024-09-24 20:44:00,94.2,94.24,94.2,94.24,4811.0
2024-09-24 20:46:00,94.23,94.2499,94.2,94.2,2374.0
2024-09-24 20:48:00,94.2396,94.2396,94.16,94.16,2322.0
2024-09-24 20:50:00,94.19,94.2,94.0,94.2,1852.0
2024-09-24 20:52:00,94.2,94.2,94.18,94.18,1433.0
2024-09-24 20:54:00,94.16,94.2,94.16,94.2,1493.0
2024-09-24 20:56:00,94.17,94.2,94.17,94.198,3613.0
2024-09-24 20:58:00,94.2,94.2,94.2,94.2,850.0
2024-09-24 21:00:00,94.1992,94.24,94.1992,94.24,1197.0
2024-09-24 21:02:00,94.2485,94.25,94.22,94.24,1809.0
2024-09-24 21:04:00,94.22,94.22,94.22,94.22,532.0
2024-09-24 21:06:00,94.19,94.19,94.19,94.19,142.0
2024-09-24 21:08:00,94.22,94.23,94.21,94.23,1394.0
2024-09-24 21:10:00,94.2,94.22,94.2,94.22,1151.0
2024-09-24 21:12:00,94.19,94.19,94.1701,94.1701,2139.0
2024-09-24 21:14:00,94.1601,94.18,94.1601,94.18,943.0
2024-09-24 21:16:00,94.1795,94.1795,94.1795,94.1795,1418.0
2024-09-24 21:18:00,94.1136,94.16,94.1136,94.16,1191.0
2024-09-24 21:20:00,94.12,94.16,94.11,94.12,5247.0
2024-09-24 21:22:00,94.13,94.15,94.13,94.15,1170.0
2024-09-24 21:24:00,94.16,94.16,94.15,94.15,1027.0
2024-09-24 21:26:00,94.18,94.18,94.16,94.18,1986.0
2024-09-24 21:32:00,94.17,94.17,94.15,94.15,1250.0
2024-09-24 21:34:00,94.1875,94.19,94.18,94.19,575.0
2024-09-24 21:36:00,94.18,94.18,94.18,94.18,439.0
2024-09-24 21:38:00,94.19,94.2358,94.19,94.2358,1304.0
2024-09-24 21:40:00,94.19,94.2358,94.19,94.23,1356.0
2024-09-24 21:42:00,94.19,94.2,94.19,94.2,1121.0
2024-09-24 21:44:00,94.19,94.25,94.19,94.25,1637.0
2024-09-24 21:46:00,94.25,94.25,94.25,94.25,1384.0
2024-09-24 21:48:00,94.24,94.25,94.24,94.25,1459.0
2024-09-24 21:50:00,94.28,94.3,94.28,94.3,2888.0
2024-09-24 21:52:00,94.3,94.35,94.29,94.35,1767.0
2024-09-24 21:54:00,94.388,94.388,94.3,94.3501,5261.0
2024-09-24 21:56:00,94.37,94.39,94.34,94.34,3152.0
2024-09-24 21:58:00,94.32,94.37,94.32,94.37,2927.0
2024-09-24 22:00:00,94.3792,94.39,94.3792,94.39,2058.0
2024-09-24 22:02:00,94.4,94.4494,94.4,94.43,2372.0
2024-09-24 22:04:00,94.41,94.49,94.41,94.49,5869.0
2024-09-24 22:06:00,94.4305,94.48,94.4305,94.48,3799.0
2024-09-24 22:08:00,94.489,94.49,94.471,94.49,1078.0
2024-09-24 22:10:00,94.4799,94.5,94.4799,94.5,3844.0
2024-09-24 22:12:00,94.5,94.6,94.46,94.46,3769.0
2024-09-24 22:14:00,94.4799,94.58,94.4799,94.58,1157.0
2024-09-24 22:16:00,94.59,94.6964,94.59,94.6964,2552.0
2024-09-24 22:18:00,94.69,94.77,94.69,94.75,7652.0
2024-09-24 22:20:00,94.7,94.77,94.6119,94.72,2582.0
2024-09-24 22:22:00,94.72,94.74,94.7001,94.72,4174.0
2024-09-24 22:24:00,94.7001,94.712,94.605,94.66,9117.0
2024-09-24 22:26:00,94.69,94.69,94.64,94.65,1785.0
2024-09-24 22:28:00,94.6404,94.69,94.6404,94.69,1263.0
2024-09-24 22:30:00,94.65,94.7309,94.6402,94.6402,10115.0
2024-09-24 22:32:00,94.7,94.72,94.7,94.72,930.0
2024-09-24 22:34:00,94.73,94.7347,94.7,94.7,1508.0
2024-09-24 22:36:00,94.72,94.72,94.7,94.7,2751.0
2024-09-24 22:38:00,94.72,94.7299,94.7,94.7299,2299.0
2024-09-24 22:40:00,94.72,94.74,94.71,94.74,3432.0
2024-09-24 22:42:00,94.74,94.74,94.73,94.73,1711.0
2024-09-24 22:44:00,94.7,94.707,94.7,94.7,652.0
2024-09-24 22:46:00,94.75,94.75,94.7,94.7,671.0
2024-09-24 22:48:00,94.73,94.73,94.7,94.7,1271.0
2024-09-24 22:50:00,94.7,94.7042,94.7,94.7,861.0
2024-09-24 22:52:00,94.71,94.71,94.7,94.71,662.0
2024-09-24 22:54:00,94.7,94.72,94.7,94.7,3306.0
2024-09-24 22:56:00,94.71,94.7298,94.71,94.729,4006.0
2024-09-24 22:58:00,94.71,94.74,94.71,94.7295,7427.0
2024-09-24 23:00:00,94.71,94.73,94.7,94.7,6578.0
2024-09-24 23:02:00,94.7,94.729,94.7,94.729,870.0
2024-09-24 23:04:00,94.7,94.7,94.7,94.7,1552.0
2024-09-24 23:06:00,94.7097,94.7097,94.7,94.7,604.0
2024-09-24 23:08:00,94.71,94.72,94.71,94.72,2936.0
2024-09-24 23:10:00,94.73,94.73,94.72,94.72,593.0
2024-09-24 23:12:00,94.7,94.72,94.7,94.72,2870.0
2024-09-24 23:14:00,94.72,94.75,94.72,94.74,2541.0
2024-09-24 23:16:00,94.75,94.75,94.73,94.73,424.0
2024-09-24 23:18:00,94.74,94.95,94.74,94.9,9813.0
2024-09-24 23:22:00,94.83,94.83,94.83,94.83,476.0
2024-09-24 23:24:00,94.75,94.8793,94.75,94.8793,1815.0
2024-09-24 23:26:00,94.8,94.8735,94.8,94.8,4018.0
2024-09-24 23:28:00,94.8,94.8703,94.7565,94.83,2744.0
2024-09-24 23:30:00,94.764,94.8699,94.764,94.8699,2524.0
2024-09-24 23:32:00,94.8693,94.8693,94.8693,94.8693,218.0
2024-09-24 23:34:00,94.85,94.85,94.8465,94.8496,656.0
2024-09-24 23:36:00,94.8475,94.8485,94.8017,94.8485,645.0
2024-09-24 23:38:00,94.82,94.95,94.7525,94.95,8594.0
2024-09-24 23:40:00,94.9,94.93,94.9,94.93,337.0
2024-09-24 23:42:00,94.87,94.93,94.85,94.87,1204.0
2024-09-24 23:44:00,94.9,94.93,94.89,94.89,4305.0
2024-09-24 23:46:00,94.8999,94.8999,94.8201,94.8201,4671.0
2024-09-24 23:48:00,94.82,94.82,94.79,94.79,1458.0
2024-09-24 23:50:00,94.7986,94.7986,94.7986,94.7986,1176.0
2024-09-24 23:52:00,94.7525,94.7525,94.75,94.7515,1468.0
2024-09-24 23:54:00,94.78,94.78,94.78,94.78,214.0
2024-09-24 23:56:00,94.7894,94.79,94.761,94.78,2957.0
2024-09-24 23:58:00,94.761,94.78,94.761,94.77,9973.0
2024-09-25 08:00:00,94.35,94.61,93.85,94.06,13950.0
2024-09-25 08:02:00,94.1,94.36,94.05,94.33,5287.0
2024-09-25 08:04:00,94.2,94.2,93.99,93.99,7282.0
2024-09-25 08:06:00,93.89,93.9,93.79,93.86,4552.0
2024-09-25 08:08:00,94.0,94.04,94.0,94.04,871.0
2024-09-25 08:10:00,94.12,94.2,94.12,94.2,1040.0
2024-09-25 08:14:00,94.18,94.2,94.18,94.2,649.0
2024-09-25 08:20:00,94.2,94.2,94.19,94.19,2494.0
2024-09-25 08:26:00,94.24,94.24,94.24,94.24,201.0
2024-09-25 08:28:00,94.18,94.18,94.18,94.18,422.0
2024-09-25 08:32:00,94.11,94.11,94.09,94.09,874.0
2024-09-25 08:36:00,94.15,94.19,94.15,94.19,504.0
2024-09-25 08:38:00,94.18,94.2,94.18,94.2,2930.0
2024-09-25 08:40:00,94.25,94.25,94.11,94.11,1936.0
2024-09-25 08:44:00,94.11,94.11,94.04,94.04,1025.0
2024-09-25 08:46:00,94.1,94.1,94.1,94.1,709.0
2024-09-25 08:54:00,94.11,94.11,94.05,94.05,1060.0
2024-09-25 08:56:00,94.02,94.02,93.96,93.96,7095.0
2024-09-25 08:58:00,94.03,94.03,94.03,94.03,181.0
2024-09-25 09:02:00,94.15,94.3,94.15,94.3,1720.0
2024-09-25 09:04:00,94.2,94.2,94.2,94.2,483.0
2024-09-25 09:06:00,94.21,94.21,94.2,94.2,1551.0
2024-09-25 09:08:00,94.24,94.24,94.24,94.24,363.0
2024-09-25 09:12:00,94.24,94.25,94.24,94.25,663.0
2024-09-25 09:14:00,94.3,94.3,94.3,94.3,313.0
2024-09-25 09:16:00,94.25,94.31,94.25,94.25,1422.0
2024-09-25 09:20:00,94.27,94.3,94.19,94.19,1889.0
2024-09-25 09:22:00,94.09,94.09,93.95,93.95,1771.0
2024-09-25 09:26:00,93.89,93.98,93.89,93.98,652.0
2024-09-25 09:28:00,94.0,94.01,94.0,94.01,1539.0
2024-09-25 09:34:00,94.19,94.24,94.19,94.24,1071.0
2024-09-25 09:36:00,94.24,94.24,94.24,94.24,454.0
2024-09-25 09:38:00,94.32,94.35,94.32,94.35,1809.0
2024-09-25 09:40:00,94.37,94.37,94.37,94.37,281.0
2024-09-25 09:42:00,94.37,94.43,94.37,94.37,2071.0
2024-09-25 09:44:00,94.29,94.37,94.28,94.37,1892.0
2024-09-25 09:50:00,94.37,94.37,94.37,94.37,200.0
2024-09-25 09:52:00,94.36,94.36,94.36,94.36,195.0
2024-09-25 09:54:00,94.3,94.3,94.28,94.28,348.0
2024-09-25 09:56:00,94.3,94.3,94.25,94.25,1039.0
2024-09-25 10:02:00,94.3,94.31,94.25,94.26,1871.0
2024-09-25 10:04:00,94.22,94.25,94.22,94.25,1388.0
2024-09-25 10:06:00,94.21,94.21,94.18,94.18,1063.0
2024-09-25 10:08:00,94.29,94.3,94.2,94.2,1059.0
2024-09-25 10:12:00,94.3,94.3,94.26,94.26,1350.0
2024-09-25 10:18:00,94.28,94.28,94.25,94.25,684.0
2024-09-25 10:20:00,94.32,94.32,94.32,94.32,250.0
2024-09-25 10:26:00,94.25,94.25,94.25,94.25,290.0
2024-09-25 10:32:00,94.32,94.33,94.25,94.25,1681.0
2024-09-25 10:34:00,94.29,94.29,94.29,94.29,357.0
2024-09-25 10:36:00,94.24,94.24,94.24,94.24,191.0
2024-09-25 10:38:00,94.25,94.25,94.25,94.25,194.0
2024-09-25 10:44:00,94.28,94.28,94.28,94.28,160.0
2024-09-25 10:48:00,94.28,94.28,94.28,94.28,328.0
2024-09-25 10:50:00,94.28,94.28,94.28,94.28,366.0
2024-09-25 11:00:00,94.33,94.45,94.24,94.24,6437.0
2024-09-25 11:02:00,94.27,94.37,94.27,94.35,2580.0
2024-09-25 11:04:00,94.3,94.41,94.3,94.41,3690.0
2024-09-25 11:06:00,94.39,94.48,94.39,94.48,2879.0
2024-09-25 11:08:00,94.42,94.42,94.4,94.4,1669.0
2024-09-25 11:10:00,94.45,94.45,94.45,94.45,1656.0
2024-09-25 11:12:00,94.41,94.51,94.41,94.51,2631.0
2024-09-25 11:14:00,94.45,94.45,94.34,94.39,7995.0
2024-09-25 11:16:00,94.35,94.35,94.34,94.34,394.0
2024-09-25 11:18:00,94.39,94.39,94.35,94.35,2884.0
2024-09-25 11:20:00,94.33,94.33,94.28,94.28,1122.0
2024-09-25 11:22:00,94.3,94.3,94.29,94.3,1031.0
2024-09-25 11:26:00,94.36,94.36,94.36,94.36,215.0
2024-09-25 11:28:00,94.36,94.4,94.33,94.4,4697.0
2024-09-25 11:30:00,94.38,94.38,94.38,94.38,923.0
2024-09-25 11:32:00,94.4,94.4,94.35,94.35,1600.0
2024-09-25 11:34:00,94.36,94.36,94.36,94.36,637.0
2024-09-25 11:36:00,94.36,94.38,94.35,94.36,3717.0
2024-09-25 11:38:00,94.37,94.38,94.36,94.38,2958.0
2024-09-25 11:40:00,94.4,94.4,94.35,94.35,2099.0
2024-09-25 11:42:00,94.37,94.37,94.33,94.35,2961.0
2024-09-25 11:44:00,94.35,94.41,94.35,94.38,1109.0
2024-09-25 11:46:00,94.41,94.42,94.4,94.4,1092.0
2024-09-25 11:48:00,94.36,94.36,94.36,94.36,506.0
2024-09-25 11:50:00,94.37,94.38,94.37,94.38,657.0
2024-09-25 11:52:00,94.38,94.57,94.38,94.56,3626.0
2024-09-25 11:54:00,94.56,94.66,94.56,94.65,4727.0
2024-09-25 11:56:00,94.65,94.66,94.56,94.56,2315.0
2024-09-25 11:58:00,94.55,94.55,94.55,94.55,1119.0
2024-09-25 12:00:00,94.55,94.7,94.06,94.6,89219.0
2024-09-25 12:02:00,94.55,94.64,94.55,94.63,9928.0
2024-09-25 12:04:00,94.63,94.6858,94.6,94.64,5049.0
2024-09-25 12:06:00,94.6,94.6,94.5,94.5783,3308.0
2024-09-25 12:08:00,94.5,94.58,94.5,94.51,6411.0
2024-09-25 12:10:00,94.5,94.5,94.39,94.4,1780295.0
2024-09-25 12:12:00,94.38,94.445,94.33,94.33,4342.0
2024-09-25 12:14:00,94.47,94.49,94.44,94.44,1855.0
2024-09-25 12:16:00,94.49,94.49,94.44,94.49,4909.0
2024-09-25 12:18:00,94.53,94.6,94.53,94.6,10656.0
2024-09-25 12:20:00,94.55,94.7,94.55,94.59,7146.0
2024-09-25 12:22:00,94.6,94.65,94.59,94.65,3117.0
2024-09-25 12:24:00,94.69,94.69,94.62,94.64,6206.0
2024-09-25 12:26:00,94.63,94.63,94.49,94.55,9273.0
2024-09-25 12:28:00,94.6,94.6,94.48,94.58,5811.0
2024-09-25 12:30:00,94.5558,94.6,94.55,94.6,4592.0
2024-09-25 12:32:00,94.6795,94.6799,94.55,94.6455,5184.0
2024-09-25 12:34:00,94.58,94.6,94.56,94.56,2730.0
2024-09-25 12:36:00,94.54,94.54,94.5115,94.54,3008.0
2024-09-25 12:38:00,94.54,94.54,94.5,94.53,1453.0
2024-09-25 12:40:00,94.5,94.53,94.45,94.48,9219.0
2024-09-25 12:42:00,94.4785,94.5,94.45,94.4525,4016.0
2024-09-25 12:44:00,94.46,94.5,94.39,94.42,10146.0
2024-09-25 12:46:00,94.44,94.44,94.35,94.353,6469.0
2024-09-25 12:48:00,94.4,94.4,94.3,94.4,6066.0
2024-09-25 12:50:00,94.4506,94.5,94.3505,94.5,4089.0
2024-09-25 12:52:00,94.43,94.45,94.4,94.45,4057.0
2024-09-25 12:54:00,94.47,94.5,94.31,94.4,8707.0
2024-09-25 12:56:00,94.3235,94.3235,94.3235,94.3235,445.0
2024-09-25 12:58:00,94.4474,94.45,94.42,94.45,3076.0
2024-09-25 13:00:00,94.45,94.45,94.4491,94.4491,600.0
2024-09-25 13:02:00,94.4,94.44,94.35,94.35,3424.0
2024-09-25 13:04:00,94.35,94.35,94.2657,94.2663,8782.0
2024-09-25 13:06:00,94.29,94.34,94.2685,94.2701,5309.0
2024-09-25 13:08:00,94.298,94.34,94.252,94.34,4711.0
2024-09-25 13:10:00,94.34,94.39,94.32,94.33,8846.0
2024-09-25 13:12:00,94.3,94.3,93.9,94.0,58323.0
2024-09-25 13:14:00,93.99,94.122,93.9765,94.122,27186.0
2024-09-25 13:16:00,94.019,94.39,94.019,94.19,12863.0
2024-09-25 13:18:00,94.19,94.2,94.17,94.2,4521.0
2024-09-25 13:20:00,94.237,94.237,94.07,94.07,4608.0
2024-09-25 13:22:00,94.15,94.16,94.14,94.14,2565.0
2024-09-25 13:24:00,94.15,94.3089,94.07,94.3089,5691.0
2024-09-25 13:26:00,94.16,94.24,94.03,94.1095,18948.0
2024-09-25 13:28:00,94.12,94.15,94.1,94.13,11227.0
2024-09-25 13:30:00,94.16,94.45,93.93,94.345,630429.0
2024-09-25 13:32:00,94.34,95.03,94.3,94.92,382566.0
2024-09-25 13:34:00,94.92,94.96,94.36,94.6,317419.0
2024-09-25 13:36:00,94.6,94.87,94.5062,94.51,253734.0
2024-09-25 13:38:00,94.53,94.69,94.48,94.54,194937.0
2024-09-25 13:40:00,94.54,94.69,94.37,94.455,234044.0
2024-09-25 13:42:00,94.458,94.48,94.05,94.17,253357.0
2024-09-25 13:44:00,94.18,94.7315,94.18,94.63,150525.0
2024-09-25 13:46:00,94.63,94.67,94.4037,94.436,119497.0
2024-09-25 13:48:00,94.44,94.65,94.43,94.555,170940.0
2024-09-25 13:50:00,94.5302,94.835,94.5302,94.605,193125.0
2024-09-25 13:52:00,94.605,94.86,94.58,94.86,317422.0
2024-09-25 13:54:00,94.86,95.04,94.84,94.89,280574.0
2024-09-25 13:56:00,94.91,95.3,94.91,95.19,274876.0
2024-09-25 13:58:00,95.22,95.31,95.14,95.1778,170606.0
2024-09-25 14:00:00,95.17,95.6099,95.17,95.49,339742.0
2024-09-25 14:02:00,95.489,95.5,95.21,95.23,166012.0
2024-09-25 14:04:00,95.24,95.34,95.0369,95.0712,145996.0
2024-09-25 14:06:00,95.08,95.2,95.02,95.13,176032.0
2024-09-25 14:08:00,95.12,95.29,95.118,95.2099,132008.0
2024-09-25 14:10:00,95.21,95.28,95.11,95.22,99202.0
2024-09-25 14:12:00,95.22,95.375,95.11,95.15,154024.0
2024-09-25 14:14:00,95.15,95.6,95.12,95.52,434020.0
2024-09-25 14:16:00,95.525,95.5955,95.45,95.45,117467.0
2024-09-25 14:18:00,95.45,95.78,95.42,95.714,193015.0
2024-09-25 14:20:00,95.715,95.7732,95.5601,95.62,140146.0
2024-09-25 14:22:00,95.62,95.76,95.5,95.7201,129130.0
2024-09-25 14:24:00,95.73,95.845,95.6601,95.7,168302.0
2024-09-25 14:26:00,95.7,95.73,95.52,95.6,191308.0
2024-09-25 14:28:00,95.6,95.69,95.385,95.41,188712.0
2024-09-25 14:30:00,95.4001,95.58,95.3,95.5499,147102.0
2024-09-25 14:32:00,95.548,95.73,95.4701,95.66,109035.0
2024-09-25 14:34:00,95.6678,95.9,95.62,95.85,211553.0
2024-09-25 14:36:00,95.85,95.877333,95.7231,95.8671,154235.0
2024-09-25 14:38:00,95.87,96.01,95.864,95.93,192208.0
2024-09-25 14:40:00,95.92,96.01,95.84,95.9601,149418.0
2024-09-25 14:42:00,95.978,96.03,95.84,95.88,176768.0
2024-09-25 14:44:00,95.88,95.99,95.82,95.94,134337.0
2024-09-25 14:46:00,95.94,96.15,95.88,96.02,187004.0
2024-09-25 14:48:00,96.01,96.015,95.7,95.79,224380.0
2024-09-25 14:50:00,95.795,96.005,95.76,95.85,163394.0
2024-09-25 14:52:00,95.85,95.85,95.61,95.67,101662.0
2024-09-25 14:54:00,95.665,95.7144,95.615,95.64,102276.0
2024-09-25 14:56:00,95.64,95.86,95.635,95.775,147699.0
2024-09-25 14:58:00,95.77,95.85,95.72,95.77,130105.0
2024-09-25 15:00:00,95.76,95.869937,95.6701,95.83,139766.0
2024-09-25 15:02:00,95.82,95.9,95.75,95.845,112886.0
2024-09-25 15:04:00,95.8317,95.94,95.79,95.82,151910.0
2024-09-25 15:06:00,95.83,95.95,95.79,95.87,93141.0
2024-09-25 15:08:00,95.874,95.98,95.84,95.979,119174.0
2024-09-25 15:10:00,95.96,96.175,95.96,96.02,210509.0
2024-09-25 15:12:00,96.01,96.115,95.86,95.86,173186.0
2024-09-25 15:14:00,95.86,95.87,95.5132,95.5132,140586.0
2024-09-25 15:16:00,95.525,95.6399,95.4064,95.615,177393.0
2024-09-25 15:18:00,95.6153,95.68,95.58,95.625,94984.0
2024-09-25 15:20:00,95.62,95.625,95.48,95.568,90375.0
2024-09-25 15:22:00,95.565,95.61,95.33,95.33,163980.0
2024-09-25 15:24:00,95.34,95.35,95.2,95.235,201985.0
2024-09-25 15:26:00,95.24,95.36,95.2397,95.29,145600.0
2024-09-25 15:28:00,95.285,95.32,95.12,95.13,209628.0
2024-09-25 15:30:00,95.125,95.16,95.05,95.12,164983.0
2024-09-25 15:32:00,95.12,95.125,94.72,94.79,363330.0
2024-09-25 15:34:00,94.79,95.09,94.78,95.08,180910.0
2024-09-25 15:36:00,95.0901,95.28,95.03,95.23,185809.0
2024-09-25 15:38:00,95.225,95.3,95.14,95.23,182327.0
2024-09-25 15:40:00,95.235,95.37,95.235,95.275,115079.0
2024-09-25 15:42:00,95.27,95.31,95.02,95.1,100559.0
2024-09-25 15:44:00,95.08,95.1631,95.01,95.07,125698.0
2024-09-25 15:46:00,95.09,95.15,95.04,95.07,51624.0
2024-09-25 15:48:00,95.07,95.07,94.88,94.98,89952.0
2024-09-25 15:50:00,94.97,94.99,94.83,94.895,79790.0
2024-09-25 15:52:00,94.8803,94.9057,94.79,94.81,74725.0
2024-09-25 15:54:00,94.825,94.93,94.78,94.885,156096.0
2024-09-25 15:56:00,94.88,94.89,94.79,94.89,84758.0
2024-09-25 15:58:00,94.8723,95.0501,94.85,95.0299,131059.0
2024-09-25 16:00:00,95.025,95.08,94.96,95.04,90721.0
2024-09-25 16:02:00,95.05,95.07,94.98,95.02,90714.0
2024-09-25 16:04:00,95.02,95.06,94.9119,94.92,87350.0
2024-09-25 16:06:00,94.92,94.94,94.83,94.89,88312.0
2024-09-25 16:08:00,94.9,95.0,94.89,94.99,54966.0
2024-09-25 16:10:00,94.9925,95.105,94.99,95.05,77197.0
2024-09-25 16:12:00,95.05,95.12,94.92,95.06,203734.0
2024-09-25 16:14:00,95.07,95.21,95.03,95.2,116590.0
2024-09-25 16:16:00,95.205,95.33,95.17,95.315,167109.0
2024-09-25 16:18:00,95.32,95.34,95.2103,95.24,306359.0
2024-09-25 16:20:00,95.2454,95.3,95.23,95.26,66234.0
2024-09-25 16:22:00,95.24,95.345,95.2,95.3,91079.0
2024-09-25 16:24:00,95.3,95.37,95.29,95.3699,88026.0
2024-09-25 16:26:00,95.365,95.37,95.26,95.27,60420.0
2024-09-25 16:28:00,95.27,95.3,95.17,95.205,85116.0
2024-09-25 16:30:00,95.21,95.21,95.0275,95.03,76910.0
2024-09-25 16:32:00,95.04,95.04,94.84,94.99,158768.0
2024-09-25 16:34:00,94.995,95.125,94.97,95.1,219019.0
2024-09-25 16:36:00,95.1,95.27,95.1,95.23,87693.0
2024-09-25 16:38:00,95.24,95.28,95.17,95.2,47087.0
2024-09-25 16:40:00,95.1984,95.33,95.1984,95.305,127202.0
2024-09-25 16:42:00,95.305,95.34,95.191,95.235,87953.0
2024-09-25 16:44:00,95.2357,95.35,95.2,95.24,297296.0
2024-09-25 16:46:00,95.2307,95.265,95.07,95.2,154206.0
2024-09-25 16:48:00,95.1914,95.1914,95.06,95.141,300096.0
2024-09-25 16:50:00,95.1409,95.25,95.09,95.2301,432239.0
2024-09-25 16:52:00,95.24,95.2899,95.18,95.21,136293.0
2024-09-25 16:54:00,95.23,95.23,95.04,95.04,102694.0
2024-09-25 16:56:00,95.04,95.165,95.02,95.1,79962.0
2024-09-25 16:58:00,95.11,95.12,94.85,94.88,212523.0
2024-09-25 17:00:00,94.88,94.9199,94.6,94.77,190784.0
2024-09-25 17:02:00,94.7716,94.9,94.76,94.79,88746.0
2024-09-25 17:04:00,94.76,94.87,94.75,94.8416,79434.0
2024-09-25 17:06:00,94.845,94.9581,94.78,94.93,141221.0
2024-09-25 17:08:00,94.935,94.945,94.81,94.87,65452.0
2024-09-25 17:10:00,94.87,94.87,94.695,94.735,97154.0
2024-09-25 17:12:00,94.73,94.872,94.73,94.872,93032.0
2024-09-25 17:14:00,94.87,94.88,94.8232,94.8512,63028.0
2024-09-25 17:16:00,94.85,94.97,94.79,94.965,103694.0
2024-09-25 17:18:00,94.9611,94.975,94.87,94.885,111374.0
2024-09-25 17:20:00,94.885,94.9299,94.84,94.9212,69264.0
2024-09-25 17:22:00,94.925,95.0417,94.84,95.035,75709.0
2024-09-25 17:24:00,95.03,95.1,94.96,95.07,92861.0
2024-09-25 17:26:00,95.075,95.19,95.06,95.16,146366.0
2024-09-25 17:28:00,95.15,95.16,95.06,95.12,82880.0
2024-09-25 17:30:00,95.12,95.205,95.1,95.185,140088.0
2024-09-25 17:32:00,95.185,95.23,95.14,95.215,139048.0
2024-09-25 17:34:00,95.215,95.22,94.9,94.979477,123880.0
2024-09-25 17:36:00,94.96,95.09,94.95,95.065,94532.0
2024-09-25 17:38:00,95.0513,95.1039,95.035,95.055,70863.0
2024-09-25 17:40:00,95.055,95.09,95.0001,95.09,72027.0
2024-09-25 17:42:00,95.09,95.2299,95.06,95.22,139579.0
2024-09-25 17:44:00,95.22,95.23,95.13,95.19,105193.0
2024-09-25 17:46:00,95.195,95.208,95.06,95.075,141340.0
2024-09-25 17:48:00,95.08,95.135,95.04,95.12,95335.0
2024-09-25 17:50:00,95.1166,95.24,95.095,95.195,79816.0
2024-09-25 17:52:00,95.195,95.3572,95.18,95.3287,110581.0
2024-09-25 17:54:00,95.325,95.43,95.325,95.42,139344.0
2024-09-25 17:56:00,95.415,95.5,95.4,95.43,130531.0
2024-09-25 17:58:00,95.43,95.54,95.36,95.525,139229.0
2024-09-25 18:00:00,95.51,95.72,95.5,95.565,583849.0
2024-09-25 18:02:00,95.57,95.63,95.5,95.61,170685.0
2024-09-25 18:04:00,95.605,95.7,95.5,95.5036,422962.0
2024-09-25 18:06:00,95.5,95.57,95.3,95.31,175514.0
2024-09-25 18:08:00,95.319,95.3196,95.15,95.17,145353.0
2024-09-25 18:10:00,95.16,95.27,95.13,95.2325,162109.0
2024-09-25 18:12:00,95.235,95.25,95.13,95.2,149833.0
2024-09-25 18:14:00,95.2196,95.2196,94.87,94.99,220253.0
2024-09-25 18:16:00,94.98,95.18,94.96,95.13,119436.0
2024-09-25 18:18:00,95.135,95.1499,95.04,95.076,309848.0
2024-09-25 18:20:00,95.08,95.12,95.01,95.09,87568.0
2024-09-25 18:22:00,95.1,95.1,95.01,95.06,48118.0
2024-09-25 18:24:00,95.06,95.185,95.06,95.1775,82427.0
2024-09-25 18:26:00,95.18,95.28,95.18,95.275,121721.0
2024-09-25 18:28:00,95.275,95.3,95.11,95.3,159036.0
2024-09-25 18:30:00,95.305,95.335,95.23,95.235,108091.0
2024-09-25 18:32:00,95.235,95.35,95.235,95.2899,111624.0
2024-09-25 18:34:00,95.28,95.29,95.18,95.2,126408.0
2024-09-25 18:36:00,95.205,95.255,95.163665,95.163665,62889.0
2024-09-25 18:38:00,95.185,95.21,95.05,95.165,90815.0
2024-09-25 18:40:00,95.16,95.2,95.115,95.14,83441.0
2024-09-25 18:42:00,95.14,95.18,95.05,95.058,126554.0
2024-09-25 18:44:00,95.05,95.16,95.0,95.1,100924.0
2024-09-25 18:46:00,95.11,95.14,95.08,95.11,59637.0
2024-09-25 18:48:00,95.11,95.16,95.06,95.125,86702.0
2024-09-25 18:50:00,95.1217,95.18,95.0599,95.1359,224391.0
2024-09-25 18:52:00,95.14,95.17,95.06,95.11,64797.0
2024-09-25 18:54:00,95.11,95.2,95.1,95.155,68778.0
2024-09-25 18:56:00,95.16,95.1902,95.02,95.06,73709.0
2024-09-25 18:58:00,95.06,95.16,95.0,95.14,102612.0
2024-09-25 19:00:00,95.1491,95.22,95.07,95.09,124785.0
2024-09-25 19:02:00,95.11,95.3,95.1007,95.29,127475.0
2024-09-25 19:04:00,95.29,95.43,95.28,95.365,180862.0
2024-09-25 19:06:00,95.365,95.44,95.33,95.38,121191.0
2024-09-25 19:08:00,95.3612,95.37,95.28,95.32,106925.0
2024-09-25 19:10:00,95.32,95.36,95.26,95.2697,108967.0
2024-09-25 19:12:00,95.27,95.2901,95.18,95.245,119544.0
2024-09-25 19:14:00,95.24,95.3,95.2116,95.24,149285.0
2024-09-25 19:16:00,95.2362,95.33,95.21,95.25,184271.0
2024-09-25 19:18:00,95.27,95.39,95.27,95.311631,116234.0
2024-09-25 19:20:00,95.32,95.38,95.26,95.3,205725.0
2024-09-25 19:22:00,95.29,95.38,95.29,95.3499,108240.0
2024-09-25 19:24:00,95.346456,95.39,95.27,95.29,151047.0
2024-09-25 19:26:00,95.285,95.285,95.21,95.215,124682.0
2024-09-25 19:28:00,95.215,95.245,95.15,95.155,129845.0
2024-09-25 19:30:00,95.155,95.16,95.02,95.04,164208.0
2024-09-25 19:32:00,95.045,95.11,95.01,95.02,201052.0
2024-09-25 19:34:00,95.02,95.2099,95.01,95.195,265860.0
2024-09-25 19:36:00,95.19,95.19,95.1,95.1301,221579.0
2024-09-25 19:38:00,95.14,95.23,95.11,95.135,272844.0
2024-09-25 19:40:00,95.137504,95.24,95.12,95.21,255398.0
2024-09-25 19:42:00,95.22,95.285,95.16,95.25,244163.0
2024-09-25 19:44:00,95.245,95.25,95.111,95.245,241567.0
2024-09-25 19:46:00,95.2499,95.45,95.2475,95.4424,387947.0
2024-09-25 19:48:00,95.4497,95.6,95.4401,95.6,385861.0
2024-09-25 19:50:00,95.6,95.67,95.55,95.595,440997.0
2024-09-25 19:52:00,95.595,95.62,95.25,95.355,493250.0
2024-09-25 19:54:00,95.34,95.69,95.315,95.6352,751510.0
2024-09-25 19:56:00,95.6398,95.79,95.62,95.725,620508.0
2024-09-25 19:58:00,95.72,95.96,95.714,95.83,1311369.0
2024-09-25 20:00:00,95.77,105.51,95.76,105.0,942670.0
2024-09-25 20:02:00,105.01,106.7217,104.2,105.18,1341758.0
2024-09-25 20:04:00,105.18,106.0,103.8,104.4,1037176.0
2024-09-25 20:06:00,104.2686,104.8,103.6,104.3,629828.0
2024-09-25 20:08:00,104.26,105.7,104.2105,105.65,730907.0
2024-09-25 20:10:00,105.51,105.94,105.0,105.2,509285.0
2024-09-25 20:12:00,105.26,106.45,105.04,106.24,579418.0
2024-09-25 20:14:00,106.27,106.46,95.77,105.85,388752.0
2024-09-25 20:16:00,105.9,107.43,105.9,107.05,784100.0
2024-09-25 20:18:00,107.12,107.61,107.0328,107.405,424420.0
2024-09-25 20:20:00,107.5,107.6,106.5,106.87,465070.0
2024-09-25 20:22:00,106.89,106.97,106.7,106.867,164835.0
2024-09-25 20:24:00,106.81,107.37,106.5502,107.12,266065.0
2024-09-25 20:26:00,107.06,107.18,106.86,107.12,132665.0
2024-09-25 20:28:00,107.017,107.7399,107.017,107.6025,319359.0
2024-09-25 20:30:00,107.63,107.96,107.5,107.86,235050.0
2024-09-25 20:32:00,107.8525,108.3,107.76,108.25,396184.0
2024-09-25 20:34:00,108.29,108.73,108.17,108.65,377773.0
2024-09-25 20:36:00,108.6945,108.82,108.3,108.53,306932.0
2024-09-25 20:38:00,108.53,109.0,95.77,108.85,222302.0
2024-09-25 20:40:00,108.8045,108.93,95.77,108.276,201854.0
2024-09-25 20:42:00,108.36,108.55,95.77,108.42,211209.0
2024-09-25 20:44:00,108.4599,108.56,108.29,108.38,122733.0
2024-09-25 20:46:00,108.41,108.6698,108.11,108.3,148620.0
2024-09-25 20:48:00,108.3,108.5,108.25,108.3704,87935.0
2024-09-25 20:50:00,108.37,108.4465,108.2,108.34,75769.0
2024-09-25 20:52:00,108.31,109.25,95.77,108.923,1239583.0
2024-09-25 20:54:00,108.923,109.0,108.31,108.58,139591.0
2024-09-25 20:56:00,108.61,108.69,108.25,108.25,101935.0
2024-09-25 20:58:00,108.25,108.56,108.06,108.2235,158895.0
2024-09-25 21:00:00,108.31,108.49,107.91,108.255,174462.0
2024-09-25 21:02:00,108.345,108.345,107.9,108.05,66232.0
2024-09-25 21:04:00,108.0135,108.3782,108.0135,108.26,103463.0
2024-09-25 21:06:00,108.26,108.935,108.26,108.8,159884.0
2024-09-25 21:08:00,108.8,108.819,108.54,108.56,58451.0
2024-09-25 21:10:00,108.54,108.94,108.54,108.94,73056.0
2024-09-25 21:12:00,108.9,109.15,108.8,108.94,106738.0
2024-09-25 21:14:00,108.9,109.09,108.62,108.66,109730.0
2024-09-25 21:16:00,108.6362,108.82,108.6238,108.71,32511.0
2024-09-25 21:18:00,108.7435,108.7965,108.6155,108.685,40281.0
2024-09-25 21:20:00,108.69,108.7175,108.0,108.09,182203.0
2024-09-25 21:22:00,108.0801,108.42,108.03,108.3,100190.0
2024-09-25 21:24:00,108.3,108.51,108.2,108.39,72686.0
2024-09-25 21:26:00,108.39,108.43,108.0,108.3,104081.0
2024-09-25 21:28:00,108.1339,108.25,108.01,108.1299,60558.0
2024-09-25 21:30:00,108.1,108.27,108.0499,108.05,68632.0
2024-09-25 21:32:00,108.1,108.17,108.0,108.14,63109.0
2024-09-25 21:34:00,108.16,108.2,108.07,108.0802,62283.0
2024-09-25 21:36:00,108.1,108.24,108.08,108.1799,65897.0
2024-09-25 21:38:00,108.18,108.4297,108.1141,108.3775,66714.0
2024-09-25 21:40:00,108.36,108.75,108.3135,108.7,107337.0
2024-09-25 21:42:00,108.72,108.93,108.61,108.704,90077.0
2024-09-25 21:44:00,108.73,108.78,108.55,108.7,56339.0
2024-09-25 21:46:00,108.6884,108.79,108.61,108.75,48975.0
2024-09-25 21:48:00,108.76,109.0887,108.75,109.05,120910.0
2024-09-25 21:50:00,109.04,109.14,108.9,109.09,78748.0
2024-09-25 21:52:00,109.0797,109.4203,109.0201,109.15,157903.0
2024-09-25 21:54:00,109.15,109.25,109.01,109.12,55809.0
2024-09-25 21:56:00,109.15,109.15,108.85,108.9,74823.0
2024-09-25 21:58:00,108.89,109.14,108.89,109.1,26801.0
2024-09-25 22:00:00,109.11,109.2,109.01,109.03,33994.0
2024-09-25 22:02:00,109.01,109.1,108.92,109.05,40169.0
2024-09-25 22:04:00,109.02,109.07,108.99,109.0345,18008.0
2024-09-25 22:06:00,109.0,109.06,108.92,108.9699,25191.0
2024-09-25 22:08:00,108.95,109.0399,108.9101,109.0,37957.0
2024-09-25 22:10:00,108.99,109.02,108.89,108.9,38534.0
2024-09-25 22:12:00,108.9,109.15,108.9,109.12,52757.0
2024-09-25 22:14:00,109.13,109.27,109.09,109.2,83760.0
2024-09-25 22:16:00,109.17,109.39,109.15,109.3798,56667.0
2024-09-25 22:18:00,109.38,109.67,109.38,109.59,131552.0
2024-09-25 22:20:00,109.59,109.86,109.55,109.63,105969.0
2024-09-25 22:22:00,109.6135,109.74,109.61,109.74,40490.0
2024-09-25 22:24:00,109.74,109.8295,109.64,109.65,57872.0
2024-09-25 22:26:00,109.6711,109.75,109.55,109.55,41682.0
2024-09-25 22:28:00,109.58,109.7,109.47,109.55,48551.0
2024-09-25 22:30:00,109.574,109.65,109.55,109.6285,15344.0
2024-09-25 22:32:00,109.61,109.65,109.44,109.45,20969.0
2024-09-25 22:34:00,109.45,109.6155,109.35,109.41,37481.0
2024-09-25 22:36:00,109.448,109.54,109.36,109.4978,13753.0
2024-09-25 22:38:00,109.44,109.65,109.4,109.6465,36238.0
2024-09-25 22:40:00,109.5803,109.63,109.4335,109.6,32132.0
2024-09-25 22:42:00,109.602,109.76,109.602,109.76,41813.0
2024-09-25 22:44:00,109.75,109.76,109.61,109.65,23233.0
2024-09-25 22:46:00,109.65,109.677,109.55,109.55,32085.0
2024-09-25 22:48:00,109.5991,109.66,109.37,109.3999,30182.0
2024-09-25 22:50:00,109.4,109.45,109.29,109.41,35356.0
2024-09-25 22:52:00,109.43,109.43,109.25,109.26,36807.0
2024-09-25 22:54:00,109.26,109.37,109.25,109.29,29591.0
2024-09-25 22:56:00,109.3,109.5488,109.3,109.54,32097.0
2024-09-25 22:58:00,109.55,109.71,109.48,109.71,42521.0
2024-09-25 23:00:00,109.72,109.85,109.6226,109.6796,56336.0
2024-09-25 23:02:00,109.65,109.72,109.5,109.6,23933.0
2024-09-25 23:04:00,109.6,109.69,109.6,109.69,13831.0
2024-09-25 23:06:00,109.7,109.7,109.53,109.59,14670.0
2024-09-25 23:08:00,109.55,109.63,109.5219,109.59,13106.0
2024-09-25 23:10:00,109.6,109.7,109.51,109.7,21038.0
2024-09-25 23:12:00,109.6799,109.75,109.5945,109.6606,30264.0
2024-09-25 23:14:00,109.68,109.73,109.65,109.7,20297.0
2024-09-25 23:16:00,109.67,109.72,109.64,109.65,9395.0
2024-09-25 23:18:00,109.62,109.6504,109.62,109.6504,9875.0
2024-09-25 23:20:00,109.69,109.699,109.6,109.652,19578.0
2024-09-25 23:22:00,109.6515,109.69,109.6499,109.65,9822.0
2024-09-25 23:24:00,109.65,109.65,109.54,109.54,12713.0
2024-09-25 23:26:00,109.5875,109.66,109.52,109.66,16172.0
2024-09-25 23:28:00,109.6785,109.69,109.6,109.65,5591.0
2024-09-25 23:30:00,109.65,109.79,109.6409,109.7301,31111.0
2024-09-25 23:32:00,109.78,109.84,109.62,109.84,30782.0
2024-09-25 23:34:00,109.83,109.87,109.8,109.83,22021.0
2024-09-25 23:36:00,109.8385,109.85,109.69,109.72,31185.0
2024-09-25 23:38:00,109.7101,109.8075,109.7101,109.72,9885.0
2024-09-25 23:40:00,109.75,109.82,109.74,109.82,12345.0
2024-09-25 23:42:00,109.82,109.88,109.8004,109.85,35995.0
2024-09-25 23:44:00,109.85,109.85,109.77,109.8,22056.0
2024-09-25 23:46:00,109.8,109.85,109.78,109.8,14081.0
2024-09-25 23:48:00,109.7985,109.9,109.77,109.9,30522.0
2024-09-25 23:50:00,109.9,109.979,109.88,109.94,34567.0
2024-09-25 23:52:00,109.94,109.97,109.9,109.94,31362.0
2024-09-25 23:54:00,109.93,109.95,109.8695,109.88,36479.0
2024-09-25 23:56:00,109.8885,109.98,109.85,109.93,49476.0
2024-09-25 23:58:00,109.94,109.958,109.88,109.93,70330.0
2024-09-26 08:00:00,110.12,112.16,110.0,111.3,106212.0
2024-09-26 08:02:00,111.3,111.52,111.06,111.2,52669.0
2024-09-26 08:04:00,111.2,111.2,110.44,110.85,47793.0
2024-09-26 08:06:00,110.88,111.14,110.31,110.57,38909.0
2024-09-26 08:08:00,110.57,110.88,110.57,110.8,14854.0
2024-09-26 08:10:00,110.72,111.33,110.69,111.33,10380.0
2024-09-26 08:12:00,111.28,111.28,110.9,110.93,12112.0
2024-09-26 08:14:00,111.0,111.0,110.9,110.9,6742.0
2024-09-26 08:16:00,110.85,110.91,110.8,110.91,8125.0
2024-09-26 08:18:00,110.93,110.97,110.8,110.8,5522.0
2024-09-26 08:20:00,110.83,110.83,110.6,110.6,8169.0
2024-09-26 08:22:00,110.62,110.66,110.46,110.46,12080.0
2024-09-26 08:24:00,110.42,110.46,110.28,110.46,6456.0
2024-09-26 08:26:00,110.5,110.6,110.49,110.6,5122.0
2024-09-26 08:28:00,110.6,110.69,110.3,110.51,12314.0
2024-09-26 08:30:00,110.52,110.55,110.4,110.43,6767.0
2024-09-26 08:32:00,110.49,110.8,110.48,110.8,63882.0
2024-09-26 08:34:00,110.77,110.81,110.77,110.8,2451.0
2024-09-26 08:36:00,110.76,110.8,110.7,110.72,6599.0
2024-09-26 08:38:00,110.72,110.72,110.65,110.65,2956.0
2024-09-26 08:40:00,110.55,110.55,110.54,110.55,4365.0
2024-09-26 08:42:00,110.55,110.56,110.5,110.53,3988.0
2024-09-26 08:44:00,110.55,110.7,110.53,110.7,6196.0
2024-09-26 08:46:00,110.79,110.8,110.76,110.76,1964.0
2024-09-26 08:48:00,110.79,110.8,110.77,110.77,7873.0
2024-09-26 08:50:00,110.71,110.74,110.67,110.74,3214.0
2024-09-26 08:52:00,110.78,110.8,110.7,110.74,5177.0
2024-09-26 08:56:00,110.75,110.75,110.69,110.69,2441.0
2024-09-26 08:58:00,110.69,110.69,110.61,110.69,1848.0
2024-09-26 09:00:00,110.68,110.8,110.68,110.8,3072.0
2024-09-26 09:02:00,110.8,110.8,110.7,110.8,7238.0
2024-09-26 09:04:00,110.81,110.9,110.81,110.9,3110.0
2024-09-26 09:06:00,110.94,110.94,110.86,110.86,1665.0
2024-09-26 09:08:00,110.8,110.8,110.8,110.8,1811.0
2024-09-26 09:10:00,110.79,110.79,110.79,110.79,675.0
2024-09-26 09:12:00,110.73,110.73,110.73,110.73,349.0
2024-09-26 09:14:00,110.75,110.75,110.75,110.75,373.0
2024-09-26 09:16:00,110.74,110.78,110.74,110.78,2250.0
2024-09-26 09:18:00,110.8,110.8,110.75,110.79,4215.0
2024-09-26 09:20:00,110.8,110.81,110.79,110.79,1858.0
2024-09-26 09:22:00,110.82,110.82,110.75,110.75,6754.0
2024-09-26 09:24:00,110.74,110.74,110.7,110.72,2886.0
2024-09-26 09:26:00,110.74,110.8,110.74,110.8,4901.0
2024-09-26 09:28:00,110.79,110.79,110.78,110.79,2670.0
2024-09-26 09:30:00,110.78,110.78,110.7,110.75,4683.0
2024-09-26 09:32:00,110.7,110.74,110.7,110.74,3209.0
2024-09-26 09:34:00,110.75,110.75,110.69,110.69,2907.0
2024-09-26 09:36:00,110.74,110.78,110.7,110.7,7389.0
2024-09-26 09:38:00,110.66,110.71,110.52,110.53,14583.0
2024-09-26 09:40:00,110.6,110.81,110.58,110.6,8661.0
2024-09-26 09:42:00,110.55,110.7,110.55,110.6,20721.0
2024-09-26 09:44:00,110.68,110.7,110.62,110.63,2619.0
2024-09-26 09:46:00,110.59,110.62,110.53,110.55,4243.0
2024-09-26 09:48:00,110.54,110.54,110.52,110.52,1256.0
2024-09-26 09:50:00,110.54,110.54,110.36,110.4,9528.0
2024-09-26 09:52:00,110.41,110.43,110.3,110.4,12308.0
2024-09-26 09:54:00,110.39,110.4,110.3,110.36,6400.0
2024-09-26 09:56:00,110.34,110.34,110.25,110.25,13549.0
2024-09-26 09:58:00,110.26,110.35,110.24,110.35,8522.0
2024-09-26 10:00:00,110.32,110.34,110.2,110.34,5909.0
2024-09-26 10:02:00,110.34,110.35,110.26,110.26,9118.0
2024-09-26 10:04:00,110.26,110.35,110.25,110.3,7966.0
2024-09-26 10:06:00,110.26,110.3,110.25,110.25,3033.0
2024-09-26 10:08:00,110.22,110.23,110.15,110.2,9634.0
2024-09-26 10:10:00,110.2,110.24,110.01,110.16,10243.0
2024-09-26 10:12:00,110.24,110.25,110.2,110.2,7600.0
2024-09-26 10:14:00,110.18,110.24,110.17,110.24,11213.0
2024-09-26 10:16:00,110.21,110.22,110.12,110.13,6606.0
2024-09-26 10:18:00,110.13,110.21,110.1,110.18,20876.0
2024-09-26 10:20:00,110.2,110.35,110.2,110.26,10373.0
2024-09-26 10:22:00,110.36,110.42,110.27,110.3,10377.0
2024-09-26 10:24:00,110.33,110.4,110.2,110.34,10852.0
2024-09-26 10:26:00,110.31,110.35,110.1,110.2,21624.0
2024-09-26 10:28:00,110.27,110.4,110.2,110.3,9670.0
2024-09-26 10:30:00,110.29,110.5,110.29,110.4,21397.0
2024-09-26 10:32:00,110.4,110.46,110.4,110.4,11074.0
2024-09-26 10:34:00,110.32,110.32,110.27,110.28,5629.0
2024-09-26 10:36:00,110.27,110.28,110.27,110.28,775.0
2024-09-26 10:38:00,110.26,110.27,110.25,110.27,2396.0
2024-09-26 10:40:00,110.25,110.3,110.25,110.3,7928.0
2024-09-26 10:42:00,110.26,110.29,110.24,110.24,2783.0
2024-09-26 10:44:00,110.26,110.29,110.15,110.18,12108.0
2024-09-26 10:46:00,110.16,110.29,110.09,110.25,6724.0
2024-09-26 10:48:00,110.2,110.21,110.15,110.15,7383.0
2024-09-26 10:50:00,110.12,110.17,110.12,110.17,1028.0
2024-09-26 10:52:00,110.19,110.21,110.18,110.2,6175.0
2024-09-26 10:54:00,110.2,110.21,109.93,109.93,48931.0
2024-09-26 10:56:00,109.94,110.09,109.86,109.9,7951.0
2024-09-26 10:58:00,109.86,109.86,109.67,109.8,21507.0
2024-09-26 11:00:00,109.96,110.06,109.78,109.8,61378.0
2024-09-26 11:02:00,109.8,109.97,109.76,109.97,10030.0
2024-09-26 11:04:00,109.97,110.39,109.95,110.29,59704.0
2024-09-26 11:06:00,110.31,110.68,110.31,110.65,65107.0
2024-09-26 11:08:00,110.68,111.25,110.6,111.18,149088.0
2024-09-26 11:10:00,111.11,111.35,110.85,111.0,89310.0
2024-09-26 11:12:00,111.0,111.22,111.0,111.17,44121.0
2024-09-26 11:14:00,111.18,111.69,111.18,111.69,88429.0
2024-09-26 11:16:00,111.7,112.14,111.63,112.14,125711.0
2024-09-26 11:18:00,112.11,112.29,111.97,112.01,66498.0
2024-09-26 11:20:00,112.05,112.05,110.7,111.6,74523.0
2024-09-26 11:22:00,111.65,111.91,111.6,111.85,41003.0
2024-09-26 11:24:00,111.87,111.94,111.81,111.85,12182.0
2024-09-26 11:26:00,111.88,111.97,111.83,111.96,19859.0
2024-09-26 11:28:00,111.96,111.99,111.79,111.8,17334.0
2024-09-26 11:30:00,111.8,111.85,111.75,111.8,15961.0
2024-09-26 11:32:00,111.8,111.81,111.48,111.5,40131.0
2024-09-26 11:34:00,111.52,111.77,111.45,111.77,36398.0
2024-09-26 11:36:00,111.76,111.85,111.65,111.68,24785.0
2024-09-26 11:38:00,111.63,111.63,111.5,111.54,16966.0
2024-09-26 11:40:00,111.56,111.62,111.3,111.32,38282.0
2024-09-26 11:42:00,111.35,111.41,111.33,111.35,12510.0
2024-09-26 11:44:00,111.38,111.4,111.11,111.18,29090.0
2024-09-26 11:46:00,111.2,111.26,110.95,111.01,47152.0
2024-09-26 11:48:00,110.92,111.25,110.92,111.25,34065.0
2024-09-26 11:50:00,111.23,111.49,111.2,111.45,23165.0
2024-09-26 11:52:00,111.43,111.89,111.42,111.6,39042.0
2024-09-26 11:54:00,111.52,111.67,111.5,111.66,9529.0
2024-09-26 11:56:00,111.67,111.73,111.45,111.52,11500.0
2024-09-26 11:58:00,111.53,111.65,111.52,111.61,5500.0
2024-09-26 12:00:00,110.03,112.2968,109.78,111.74,920041.0
2024-09-26 12:02:00,111.7419,111.89,111.7,111.743,30925.0
2024-09-26 12:04:00,111.89,111.9,111.68,111.7,41159.0
2024-09-26 12:06:00,111.7,111.9349,111.55,111.82,172934.0
2024-09-26 12:08:00,111.88,112.25,111.43,111.75,185312.0
2024-09-26 12:10:00,111.78,111.89,111.38,111.543,59081.0
2024-09-26 12:12:00,111.5,111.65,111.4503,111.51,24740.0
2024-09-26 12:14:00,111.5143,111.8,111.5143,111.62,26047.0
2024-09-26 12:16:00,111.56,111.73,111.55,111.64,27028.0
2024-09-26 12:18:00,111.69,111.7497,111.6,111.6,19931.0
2024-09-26 12:20:00,111.67,112.0,111.65,111.91,69691.0
2024-09-26 12:22:00,111.98,112.04,111.9,112.0,45798.0
2024-09-26 12:24:00,112.03,112.03,111.922,111.95,34929.0
2024-09-26 12:26:00,111.92,112.29,111.9,112.26,67020.0
2024-09-26 12:28:00,112.26,112.46,112.11,112.31,71460.0
2024-09-26 12:30:00,112.34,112.5,112.18,112.4,69130.0
2024-09-26 12:32:00,112.4,112.75,112.3031,112.75,62035.0
2024-09-26 12:34:00,112.7235,112.79,112.4514,112.6,55275.0
2024-09-26 12:36:00,112.602,112.64,112.32,112.34,89880.0
2024-09-26 12:38:00,112.35,112.3879,112.2,112.3,41554.0
2024-09-26 12:40:00,112.31,112.31,111.71,111.8615,86999.0
2024-09-26 12:42:00,111.9,112.159,111.9,111.95,26695.0
2024-09-26 12:44:00,111.98,112.18,111.9311,112.15,41068.0
2024-09-26 12:46:00,112.19,112.31,112.1003,112.1019,28310.0
2024-09-26 12:48:00,112.1,112.2885,112.09,112.24,38982.0
2024-09-26 12:50:00,112.23,112.6,112.2001,112.4488,60702.0
2024-09-26 12:52:00,112.4396,112.75,112.36,112.75,64781.0
2024-09-26 12:54:00,112.75,112.8,112.5,112.66,53790.0
2024-09-26 12:56:00,112.6,112.7,112.6,112.7,39183.0
2024-09-26 12:58:00,112.67,112.98,112.67,112.961,70630.0
2024-09-26 13:00:00,112.96,113.08,112.65,112.8882,167035.0
2024-09-26 13:02:00,112.82,113.0,112.77,112.95,47523.0
2024-09-26 13:04:00,112.98,113.23,112.98,113.08,142739.0
2024-09-26 13:06:00,113.127,113.1742,112.97,113.0,101328.0
2024-09-26 13:08:00,113.0,113.1,112.71,112.99,136795.0
2024-09-26 13:10:00,112.99,113.01,112.87,112.9103,43109.0
2024-09-26 13:12:00,112.91,113.06,112.91,113.0,70099.0
2024-09-26 13:14:00,113.0,113.05,112.95,113.01,85167.0
2024-09-26 13:16:00,113.02,113.02,112.9,112.91,69197.0
2024-09-26 13:18:00,112.92,113.05,112.82,113.0,68618.0
2024-09-26 13:20:00,113.0,113.0397,112.95,112.9501,66188.0
2024-09-26 13:22:00,112.95,112.98,112.76,112.9785,89405.0
2024-09-26 13:24:00,112.98,112.98,112.38,112.42,146426.0
2024-09-26 13:26:00,112.48,113.05,112.4,112.71,180290.0
2024-09-26 13:28:00,112.98,113.16,112.71,113.05,112895.0
2024-09-26 13:30:00,113.1,114.8,112.27,114.05,6031431.0
2024-09-26 13:32:00,114.09,114.17,111.8,111.969,3275498.0
2024-09-26 13:34:00,111.9825,112.51,110.84,111.0314,2693338.0
2024-09-26 13:36:00,111.05,111.61,110.8,110.915,2214915.0
2024-09-26 13:38:00,110.94,112.4,110.71,110.8,2468782.0
2024-09-26 13:40:00,110.8047,111.4394,110.58,111.43,1495881.0
2024-09-26 13:42:00,111.42,112.17,111.3536,112.09,1218292.0
2024-09-26 13:44:00,112.105,112.75,111.85,112.68,1384645.0
2024-09-26 13:46:00,112.74,112.75,111.51,111.54,1350214.0
2024-09-26 13:48:00,111.5712,111.88,111.3,111.82,735122.0
2024-09-26 13:50:00,111.82,111.8696,111.14,111.206,877210.0
2024-09-26 13:52:00,111.2159,111.8099,111.13,111.329,820192.0
2024-09-26 13:54:00,111.33,111.8,111.18,111.41,682238.0
2024-09-26 13:56:00,111.41,111.64,111.3,111.46,503298.0
2024-09-26 13:58:00,111.4676,111.88,111.43,111.7701,708514.0
2024-09-26 14:00:00,111.77,112.48,111.71,111.73,1249487.0
2024-09-26 14:02:00,111.7301,112.25,111.7101,112.2,578686.0
2024-09-26 14:04:00,112.1786,112.44,111.79,111.997324,734902.0
2024-09-26 14:06:00,111.9801,112.44,111.76,112.13,763658.0
2024-09-26 14:08:00,112.1102,112.7,112.0101,112.67,905784.0
2024-09-26 14:10:00,112.6999,112.8,111.65,111.65,1175621.0
2024-09-26 14:12:00,111.65,112.34,111.5,112.1299,994713.0
2024-09-26 14:14:00,112.1143,112.2779,111.8601,112.04,534604.0
2024-09-26 14:16:00,112.0436,112.16,111.27,111.51,923291.0
2024-09-26 14:18:00,111.515,112.2,111.38,112.2,528472.0
2024-09-26 14:20:00,112.21,112.49,111.91,112.47,627969.0
2024-09-26 14:22:00,112.4401,112.74,112.3858,112.6095,611785.0
2024-09-26 14:24:00,112.61,112.71,112.214,112.54,608153.0
2024-09-26 14:26:00,112.525,112.64,112.15,112.555,520515.0
2024-09-26 14:28:00,112.57,112.65,111.8,111.9,727652.0
2024-09-26 14:30:00,111.91,111.9999,111.32,111.53,685601.0
2024-09-26 14:32:00,111.5288,111.69,110.75,110.8299,957106.0
2024-09-26 14:34:00,110.83,111.16,110.35,110.87,976034.0
2024-09-26 14:36:00,110.89,111.23,110.55,111.1655,648951.0
2024-09-26 14:38:00,111.14,111.19,110.93,111.0601,467132.0
2024-09-26 14:40:00,111.06,111.08,110.57,110.6351,519076.0
2024-09-26 14:42:00,110.63,110.9972,110.57,110.9,396458.0
2024-09-26 14:44:00,110.8964,110.91,110.5075,110.7939,427474.0
2024-09-26 14:46:00,110.7976,110.98,110.02,110.035,675793.0
2024-09-26 14:48:00,110.06,110.27,109.78,110.05,1110152.0
2024-09-26 14:50:00,110.0661,110.23,109.85,109.97025,506952.0
2024-09-26 14:52:00,109.98,109.98,109.26,109.35,949626.0
2024-09-26 14:54:00,109.35,109.51,108.51,108.6,1150699.0
2024-09-26 14:56:00,108.5853,108.95,108.49,108.65,892088.0
2024-09-26 14:58:00,108.67,109.13,108.585,108.8699,752692.0
2024-09-26 15:00:00,108.86,108.9259,108.2,108.72,892897.0
2024-09-26 15:02:00,108.69,109.18,108.65,109.1,639249.0
2024-09-26 15:04:00,109.115,109.6496,109.02,109.3206,784773.0
2024-09-26 15:06:00,109.335,109.73,109.245,109.5996,641372.0
2024-09-26 15:08:00,109.57,110.08,109.54,110.0301,706965.0
2024-09-26 15:10:00,110.05,110.06,109.52,109.5407,535026.0
2024-09-26 15:12:00,109.55,109.93,109.55,109.77,444953.0
2024-09-26 15:14:00,109.77,110.02,109.64,109.76,576249.0
2024-09-26 15:16:00,109.75,109.8999,109.21,109.354,510343.0
2024-09-26 15:18:00,109.34,109.4099,108.4566,108.47,738377.0
2024-09-26 15:20:00,108.49,109.05,108.4,108.82,509075.0
2024-09-26 15:22:00,108.8059,108.95,108.62,108.94,373299.0
2024-09-26 15:24:00,108.9375,109.035,108.52,108.75,411551.0
2024-09-26 15:26:00,108.75,109.2,108.75,108.98,407670.0
2024-09-26 15:28:00,109.0,109.1,108.91,109.03,278920.0
2024-09-26 15:30:00,109.03,109.1,108.75,109.1,321805.0
2024-09-26 15:32:00,109.1,109.65,109.06,109.3729,410285.0
2024-09-26 15:34:00,109.38,109.4,108.9315,109.09,335883.0
2024-09-26 15:36:00,109.09,109.11,108.4,108.5,569450.0
2024-09-26 15:38:00,108.47,108.6999,108.07,108.19,619044.0
2024-09-26 15:40:00,108.18,108.33,107.8,107.915,846827.0
2024-09-26 15:42:00,107.92,108.2,107.9013,108.0799,389515.0
2024-09-26 15:44:00,108.079,108.57,108.0609,108.51,496058.0
2024-09-26 15:46:00,108.48,108.56,108.34,108.515,313013.0
2024-09-26 15:48:00,108.5108,108.84,108.5101,108.76,349833.0
2024-09-26 15:50:00,108.77,108.84,108.32,108.6342,361896.0
2024-09-26 15:52:00,108.6019,108.74,108.41,108.64,261315.0
2024-09-26 15:54:00,108.6301,108.82,108.56,108.675,192559.0
2024-09-26 15:56:00,108.665,108.96,108.65,108.855188,332585.0
2024-09-26 15:58:00,108.8501,109.1199,108.83,109.005,359082.0
2024-09-26 16:00:00,109.0,109.17,108.83,108.9108,290487.0
2024-09-26 16:02:00,108.94,109.08,108.9,109.0,200266.0
2024-09-26 16:04:00,108.995,109.05,108.67,108.84,319585.0
2024-09-26 16:06:00,108.85,108.9898,108.7585,108.925,203277.0
2024-09-26 16:08:00,108.9399,108.98,108.7355,108.7899,172240.0
2024-09-26 16:10:00,108.76,108.7895,108.38,108.4863,338761.0
2024-09-26 16:12:00,108.495,108.55,108.2,108.25,323145.0
2024-09-26 16:14:00,108.255,108.569,108.13,108.5437,447924.0
2024-09-26 16:16:00,108.55,108.61,108.331,108.515,285379.0
2024-09-26 16:18:00,108.515,108.5295,108.24,108.25,233451.0
2024-09-26 16:20:00,108.23,108.2825,107.85,107.92,454593.0
2024-09-26 16:22:00,107.9208,108.02,107.6,107.65,425698.0
2024-09-26 16:24:00,107.645,108.12,107.6221,107.93,336918.0
2024-09-26 16:26:00,107.9599,108.0199,107.8,107.84,209965.0
2024-09-26 16:28:00,107.8277,107.92,107.74,107.89,214254.0
2024-09-26 16:30:00,107.9,107.91,107.57,107.5727,341785.0
2024-09-26 16:32:00,107.5702,108.06,107.53,108.0201,489401.0
2024-09-26 16:34:00,108.03,108.23,107.94,108.1264,289373.0
2024-09-26 16:36:00,108.12,108.2399,107.92,108.2299,161413.0
2024-09-26 16:38:00,108.21,108.5694,108.14,108.54,234419.0
2024-09-26 16:40:00,108.53,108.74,108.2001,108.3116,365962.0
2024-09-26 16:42:00,108.29,108.4401,108.17,108.39,214174.0
2024-09-26 16:44:00,108.3999,108.67,108.38,108.6099,193380.0
2024-09-26 16:46:00,108.608,108.84,108.58,108.8399,237745.0
2024-09-26 16:48:00,108.825,108.99,108.74,108.92,298682.0
2024-09-26 16:50:00,108.91,109.02,108.76,108.99,271631.0
2024-09-26 16:52:00,108.99,109.1,108.75,108.77,278739.0
2024-09-26 16:54:00,108.77,108.775,108.54,108.58,257407.0
2024-09-26 16:56:00,108.59,108.7299,108.35,108.43,206771.0
2024-09-26 16:58:00,108.4403,108.4999,108.3,108.46,246132.0
2024-09-26 17:00:00,108.44,108.72,108.32,108.555,251226.0
2024-09-26 17:02:00,108.56,108.8988,108.56,108.80139,208214.0
2024-09-26 17:04:00,108.775,109.04,108.75,108.9399,238949.0
2024-09-26 17:06:00,108.9393,109.02,108.7721,108.95,192211.0
2024-09-26 17:08:00,108.94,109.1,108.81,108.905,271022.0
2024-09-26 17:10:00,108.89,109.28,108.88,109.1481,354166.0
2024-09-26 17:12:00,109.16,109.24,109.02,109.1891,202899.0
2024-09-26 17:14:00,109.16,109.19,108.935,108.9499,197032.0
2024-09-26 17:16:00,108.935,108.97,108.545,108.5802,344288.0
2024-09-26 17:18:00,108.58,108.72,108.12,108.215,317451.0
2024-09-26 17:20:00,108.19,108.47,108.09,108.3992,293805.0
2024-09-26 17:22:00,108.415,108.57,108.39,108.445,227627.0
2024-09-26 17:24:00,108.44,108.52,108.35,108.46,142869.0
2024-09-26 17:26:00,108.465,108.7199,108.405,108.6599,181361.0
2024-09-26 17:28:00,108.6579,108.885605,108.64,108.865,271181.0
2024-09-26 17:30:00,108.86,109.0,108.8207,108.905,185007.0
2024-09-26 17:32:00,108.91,108.97,108.7837,108.85,132350.0
2024-09-26 17:34:00,108.85,108.96,108.71,108.96,179791.0
2024-09-26 17:36:00,108.97,109.16,108.91,109.1102,210874.0
2024-09-26 17:38:00,109.1126,109.13,108.9,109.0358,194181.0
2024-09-26 17:40:00,109.0388,109.0999,108.9301,109.07,109092.0
2024-09-26 17:42:00,109.06,109.28,109.04,109.08,236622.0
2024-09-26 17:44:00,109.06,109.16,109.01,109.03,151767.0
2024-09-26 17:46:00,109.0599,109.0599,108.81,108.875,193173.0
2024-09-26 17:48:00,108.89,109.0912,108.84,109.0723,158785.0
2024-09-26 17:50:00,109.08,109.345,109.01,109.2885,260667.0
2024-09-26 17:52:00,109.27,109.394,109.242,109.38,206455.0
2024-09-26 17:54:00,109.39,109.49,109.29,109.4075,290845.0
2024-09-26 17:56:00,109.42,109.42,109.05,109.08,281958.0
2024-09-26 17:58:00,109.075,109.14,108.8701,108.9793,203638.0
2024-09-26 18:00:00,108.98,109.16,108.96,109.08,139980.0
2024-09-26 18:02:00,109.08,109.145,108.87,109.0899,189470.0
2024-09-26 18:04:00,109.08,109.1839,109.0,109.14,156727.0
2024-09-26 18:06:00,109.14,109.33,109.08,109.25,178514.0
2024-09-26 18:08:00,109.25,109.3339,109.1901,109.305,136140.0
2024-09-26 18:10:00,109.3137,109.43,109.22,109.4188,170239.0
2024-09-26 18:12:00,109.4199,109.57,109.38,109.4,250537.0
2024-09-26 18:14:00,109.4,109.4299,109.2,109.4117,185695.0
2024-09-26 18:16:00,109.4299,109.51,109.38,109.4799,200873.0
2024-09-26 18:18:00,109.4599,109.5,109.27,109.475,175234.0
2024-09-26 18:20:00,109.48,109.69,109.38,109.69,208484.0
2024-09-26 18:22:00,109.69,109.8899,109.65,109.86,265170.0
2024-09-26 18:24:00,109.86,109.98,109.78,109.97,266085.0
2024-09-26 18:26:00,109.96,110.33,109.88,110.32,790870.0
2024-09-26 18:28:00,110.32,110.3579,110.18,110.305,355855.0
2024-09-26 18:30:00,110.3095,110.34,110.1002,110.18,262806.0
2024-09-26 18:32:00,110.171,110.22,109.82,109.83,283698.0
2024-09-26 18:34:00,109.82,109.9599,109.78,109.8901,199581.0
2024-09-26 18:36:00,109.9,110.04,109.83,109.94,223384.0
2024-09-26 18:38:00,109.9595,110.11,109.85,110.1,217738.0
2024-09-26 18:40:00,110.08,110.1,109.8756,109.965,188538.0
2024-09-26 18:42:00,109.965,110.03,109.86,110.0299,158355.0
2024-09-26 18:44:00,110.02,110.13,109.79,109.8826,186610.0
2024-09-26 18:46:00,109.89,110.1,109.8301,110.1,148331.0
2024-09-26 18:48:00,110.1,110.19,109.9601,110.0,206318.0
2024-09-26 18:50:00,110.0088,110.1099,109.99,110.075,124848.0
2024-09-26 18:52:00,110.0698,110.285,110.04,110.2796,153950.0
2024-09-26 18:54:00,110.27,110.45,110.2401,110.34,221745.0
2024-09-26 18:56:00,110.33,110.445,110.23,110.434,197039.0
2024-09-26 18:58:00,110.4358,110.6,110.277,110.308,293170.0
2024-09-26 19:00:00,110.29,110.32,110.12,110.13,198736.0
2024-09-26 19:02:00,110.1201,110.47,110.09,110.43,258039.0
2024-09-26 19:04:00,110.43,110.57,110.41,110.57,220789.0
2024-09-26 19:06:00,110.58,110.59,110.3201,110.3499,189619.0
2024-09-26 19:08:00,110.34,110.5,110.34,110.41,156736.0
2024-09-26 19:10:00,110.42,110.6801,110.35,110.6801,217158.0
2024-09-26 19:12:00,110.685,110.98,110.68,110.89,404315.0
2024-09-26 19:14:00,110.9,110.93,110.73,110.9,269372.0
2024-09-26 19:16:00,110.88,110.94,110.73,110.87,274302.0
2024-09-26 19:18:00,110.8799,110.96,110.785,110.855,195329.0
2024-09-26 19:20:00,110.8653,110.93,110.78,110.83,185314.0
2024-09-26 19:22:00,110.85,110.97,110.8035,110.85,186069.0
2024-09-26 19:24:00,110.86,111.03,110.81,110.97,271740.0
2024-09-26 19:26:00,110.96,111.1,110.74,110.7787,369772.0
2024-09-26 19:28:00,110.77,110.79,110.21,110.44,569136.0
2024-09-26 19:30:00,110.44,110.96,110.43,110.78,492296.0
2024-09-26 19:32:00,110.775,110.84,110.6001,110.8,245452.0
2024-09-26 19:34:00,110.8156,110.95,110.69,110.745,311497.0
2024-09-26 19:36:00,110.7401,110.83,110.64,110.73,223694.0
2024-09-26 19:38:00,110.7362,110.81,110.63,110.7,216001.0
2024-09-26 19:40:00,110.7027,110.88,110.7027,110.8054,232806.0
2024-09-26 19:42:00,110.805,110.99,110.805,110.86,281638.0
2024-09-26 19:44:00,110.8674,110.93,110.8,110.905,203139.0
2024-09-26 19:46:00,110.9022,110.9626,110.83,110.85,193476.0
2024-09-26 19:48:00,110.86,110.92,110.77,110.83,280078.0
2024-09-26 19:50:00,110.84,110.95,110.43,110.4504,514717.0
2024-09-26 19:52:00,110.4501,110.53,110.14,110.195,533923.0
2024-09-26 19:54:00,110.19,110.2817,109.6,109.67,868565.0
2024-09-26 19:56:00,109.67,109.76,109.465,109.62,753957.0
2024-09-26 19:58:00,109.615,110.0,109.61,109.88,1195468.0
2024-09-26 20:00:00,109.88,110.2,109.88,110.01,184990.0
2024-09-26 20:02:00,110.01,110.04,109.91,109.92,36598.0
2024-09-26 20:04:00,109.923,109.95,109.88,109.9,16636.0
2024-09-26 20:06:00,109.88,109.92,109.86,109.9194,12482.0
2024-09-26 20:08:00,109.92,110.0,109.88,109.89,17791.0
2024-09-26 20:10:00,109.89,109.9,109.86,109.862,10278.0
2024-09-26 20:12:00,109.87,109.9,109.66,109.66,26486.0
2024-09-26 20:14:00,109.71,109.71,109.53,109.58,22750.0
2024-09-26 20:16:00,109.61,109.61,109.5,109.5,15483.0
2024-09-26 20:18:00,109.49,109.5,109.35,109.415,17253.0
2024-09-26 20:20:00,109.4365,109.645,109.38,109.54,21113.0
2024-09-26 20:22:00,109.55,109.64,109.55,109.64,4312.0
2024-09-26 20:24:00,109.64,109.64,109.55,109.552,6123.0
2024-09-26 20:26:00,109.56,109.6,109.56,109.59,3515.0
2024-09-26 20:28:00,109.581,109.6,109.56,109.6,5415.0
2024-09-26 20:30:00,109.6,109.68,109.6,109.661,7397.0
2024-09-26 20:32:00,109.66,109.74,109.66,109.74,5594.0
2024-09-26 20:34:00,109.73,109.79,109.73,109.75,5405.0
2024-09-26 20:36:00,109.75,109.8,109.75,109.8,3758.0
2024-09-26 20:38:00,109.8,109.8,109.7701,109.79,318735.0
2024-09-26 20:40:00,109.8,109.83,109.79,109.83,3565.0
2024-09-26 20:42:00,109.8,109.83,109.8,109.8,2672.0
2024-09-26 20:44:00,109.83,109.83,109.75,109.75,5276.0
2024-09-26 20:46:00,109.7601,109.79,109.68,109.68,8221.0
2024-09-26 20:48:00,109.67,109.68,109.65,109.68,8204.0
2024-09-26 20:50:00,109.65,109.72,109.65,109.65,5994.0
2024-09-26 20:52:00,109.61,109.68,109.61,109.68,8021.0
2024-09-26 20:54:00,109.7,109.73,109.6532,109.6711,2822.0
2024-09-26 20:56:00,109.7,109.7232,109.7,109.7232,2095.0
2024-09-26 20:58:00,109.67,109.69,109.65,109.65,2819.0
2024-09-26 21:00:00,109.6204,109.88,109.6201,109.66,8810.0
2024-09-26 21:02:00,109.7095,109.73,109.6987,109.73,1861.0
2024-09-26 21:04:00,109.73,109.79,109.73,109.7899,6254.0
2024-09-26 21:06:00,109.76,109.76,109.76,109.76,531.0
2024-09-26 21:08:00,109.75,109.75,109.75,109.75,286.0
2024-09-26 21:10:00,109.7499,109.7896,109.74,109.7896,3808.0
2024-09-26 21:12:00,109.77,109.79,109.76,109.76,2511.0
2024-09-26 21:14:00,109.73,109.73,109.72,109.73,2667.0
2024-09-26 21:16:00,109.73,109.73,109.71,109.71,1400.0
2024-09-26 21:18:00,109.67,109.67,109.65,109.65,2477.0
2024-09-26 21:20:00,109.62,109.62,109.38,109.39,14820.0
2024-09-26 21:22:00,109.4,109.42,109.35,109.37,11594.0
2024-09-26 21:24:00,109.35,109.37,109.3,109.37,14146.0
2024-09-26 21:26:00,109.3799,109.3799,109.16,109.19,8325.0
2024-09-26 21:28:00,109.16,109.25,109.1,109.1795,18257.0
2024-09-26 21:30:00,109.18,109.25,109.18,109.24,11616.0
2024-09-26 21:32:00,109.2399,109.25,109.21,109.25,4751.0
2024-09-26 21:34:00,109.28,109.28,109.25,109.28,8224.0
2024-09-26 21:36:00,109.27,109.27,109.2415,109.27,4503.0
2024-09-26 21:38:00,109.27,109.27,109.2,109.22,12194.0
2024-09-26 21:40:00,109.23,109.28,109.22,109.22,5259.0
2024-09-26 21:42:00,109.25,109.33,109.25,109.33,24650.0
2024-09-26 21:44:00,109.39,109.43,109.38,109.41,3489.0
2024-09-26 21:46:00,109.41,109.4285,109.386,109.4285,1870.0
2024-09-26 21:48:00,109.4,109.4201,109.36,109.36,5321.0
2024-09-26 21:50:00,109.36,109.4,109.32,109.39,4195.0
2024-09-26 21:52:00,109.37,109.4003,109.37,109.4003,6017.0
2024-09-26 21:54:00,109.4002,109.42,109.33,109.42,3157.0
2024-09-26 21:56:00,109.4,109.4002,109.3825,109.4,785.0
2024-09-26 21:58:00,109.41,109.4296,109.41,109.416,1336.0
2024-09-26 22:00:00,109.42,109.43,109.4,109.43,1569.0
2024-09-26 22:02:00,109.44,109.44,109.3901,109.42,3301.0
2024-09-26 22:04:00,109.42,109.42,109.42,109.42,781.0
2024-09-26 22:06:00,109.3901,109.47,109.3901,109.47,4266.0
2024-09-26 22:08:00,109.49,109.55,109.405,109.5425,11632.0
2024-09-26 22:10:00,109.5499,109.5499,109.4065,109.4065,1430.0
2024-09-26 22:12:00,109.45,109.55,109.4,109.53,5473.0
2024-09-26 22:14:00,109.5,109.5,109.4999,109.5,1527.0
2024-09-26 22:16:00,109.48,109.55,109.48,109.55,2957.0
2024-09-26 22:18:00,109.55,109.58,109.55,109.5501,8239.0
2024-09-26 22:20:00,109.5788,109.5788,109.55,109.55,2210.0
2024-09-26 22:22:00,109.5301,109.58,109.5301,109.58,4630.0
2024-09-26 22:24:00,109.58,109.674,109.56,109.56,5262.0
2024-09-26 22:26:00,109.617,109.617,109.56,109.5635,8962.0
2024-09-26 22:28:00,109.63,109.67,109.63,109.67,1102.0
2024-09-26 22:30:00,109.6665,109.67,109.6,109.6,1214.0
2024-09-26 22:32:00,109.6424,109.6424,109.59,109.6,813.0
2024-09-26 22:34:00,109.57,109.57,109.55,109.56,7282.0
2024-09-26 22:36:00,109.54,109.6639,109.54,109.65,4201.0
2024-09-26 22:38:00,109.65,109.65,109.6025,109.6025,2530.0
2024-09-26 22:40:00,109.6,109.6,109.6,109.6,1275.0
2024-09-26 22:42:00,109.57,109.63,109.55,109.55,4960.0
2024-09-26 22:44:00,109.55,109.55,109.53,109.53,2564.0
2024-09-26 22:46:00,109.5,109.6,109.5,109.6,9723.0
2024-09-26 22:48:00,109.6,109.6,109.59,109.59,2244.0
2024-09-26 22:50:00,109.6,109.6,109.5715,109.59,1000.0
2024-09-26 22:52:00,109.599,109.599,109.51,109.52,1397.0
2024-09-26 22:54:00,109.54,109.54,109.5,109.5,1700.0
2024-09-26 22:56:00,109.48,109.48,109.46,109.46,1173.0
2024-09-26 22:58:00,109.4512,109.4799,109.4498,109.4498,2379.0
2024-09-26 23:00:00,109.41,109.4101,109.41,109.41,921.0
2024-09-26 23:02:00,109.4205,109.4599,109.4205,109.4599,444.0
2024-09-26 23:04:00,109.42,109.42,109.42,109.42,206.0
2024-09-26 23:06:00,109.42,109.43,109.42,109.43,1097.0
2024-09-26 23:08:00,109.41,109.41,109.4,109.4,2330.0
2024-09-26 23:10:00,109.39,109.39,109.3517,109.36,5436.0
2024-09-26 23:12:00,109.3599,109.3599,109.16,109.2,5332.0
2024-09-26 23:14:00,109.15,109.21,109.0785,109.1,13373.0
2024-09-26 23:16:00,109.1999,109.1999,109.08,109.1,7627.0
2024-09-26 23:18:00,109.2027,109.2027,109.15,109.15,801.0
2024-09-26 23:20:00,109.189,109.189,109.17,109.17,1049.0
2024-09-26 23:22:00,109.18,109.22,109.17,109.22,1983.0
2024-09-26 23:24:00,109.22,109.22,109.2015,109.22,3282.0
2024-09-26 23:26:00,109.22,109.25,109.22,109.25,5058.0
2024-09-26 23:28:00,109.26,109.2799,109.26,109.2799,528.0
2024-09-26 23:30:00,109.2799,109.2899,109.26,109.2899,2959.0
2024-09-26 23:32:00,109.27,109.27,109.25,109.25,728.0
2024-09-26 23:34:00,109.25,109.2624,109.25,109.2501,2028.0
2024-09-26 23:36:00,109.24,109.24,109.2,109.2016,2678.0
2024-09-26 23:38:00,109.2,109.25,109.2,109.2,2068.0
2024-09-26 23:40:00,109.1801,109.1801,109.1801,109.1801,492.0
2024-09-26 23:42:00,109.21,109.237,109.15,109.2103,4952.0
2024-09-26 23:44:00,109.2396,109.2396,109.15,109.1987,3043.0
2024-09-26 23:46:00,109.1994,109.2,109.09,109.09,6391.0
2024-09-26 23:48:00,109.1,109.1,108.99,108.9995,19360.0
2024-09-26 23:50:00,109.0,109.14,109.0,109.1,6265.0
2024-09-26 23:52:00,109.0715,109.1285,109.0715,109.1285,6428.0
2024-09-26 23:54:00,109.111,109.13,109.0525,109.0525,2943.0
2024-09-26 23:56:00,109.06,109.1,109.0,109.05,5869.0
2024-09-26 23:58:00,109.06,109.0695,109.0,109.03,11661.0
2024-09-27 08:00:00,109.0,109.58,108.8,109.2,11607.0
2024-09-27 08:02:00,109.01,109.01,109.0,109.0,2513.0
2024-09-27 08:04:00,109.0,109.0,108.92,108.92,4167.0
2024-09-27 08:06:00,108.85,109.0,108.85,109.0,3204.0
2024-09-27 08:08:00,109.0,109.13,109.0,109.13,1932.0
2024-09-27 08:10:00,109.26,109.27,109.26,109.27,1435.0
2024-09-27 08:12:00,109.3,109.49,109.3,109.49,5489.0
2024-09-27 08:14:00,109.47,109.47,109.35,109.35,2472.0
2024-09-27 08:16:00,109.3,109.3,109.3,109.3,175.0
2024-09-27 08:18:00,109.35,109.35,109.35,109.35,518.0
2024-09-27 08:20:00,109.3,109.3,109.3,109.3,664.0
2024-09-27 08:22:00,109.6,109.65,109.6,109.65,630.0
2024-09-27 08:24:00,109.73,109.73,109.67,109.67,2257.0
2024-09-27 08:26:00,109.74,109.75,109.65,109.65,3368.0
2024-09-27 08:28:00,109.56,109.56,109.4,109.5,3668.0
2024-09-27 08:30:00,109.5,109.5,109.5,109.5,474.0
2024-09-27 08:34:00,109.49,109.5,109.49,109.5,1462.0
2024-09-27 08:36:00,109.5,109.5,109.5,109.5,225.0
2024-09-27 08:38:00,109.42,109.42,109.42,109.42,679.0
2024-09-27 08:40:00,109.4,109.4,109.4,109.4,585.0
2024-09-27 08:42:00,109.32,109.32,109.3,109.3,502.0
2024-09-27 08:44:00,109.21,109.21,109.13,109.14,3658.0
2024-09-27 08:46:00,109.18,109.18,109.18,109.18,662.0
2024-09-27 08:48:00,109.16,109.16,109.16,109.16,215.0
2024-09-27 08:50:00,109.15,109.15,109.15,109.15,2694.0
2024-09-27 08:54:00,109.21,109.21,109.15,109.16,4579.0
2024-09-27 08:56:00,109.16,109.21,109.16,109.21,1609.0
2024-09-27 08:58:00,109.31,109.31,109.31,109.31,947.0
2024-09-27 09:00:00,109.46,109.48,109.46,109.46,1250.0
2024-09-27 09:02:00,109.45,109.45,109.45,109.45,482.0
2024-09-27 09:06:00,109.3,109.3,109.3,109.3,502.0
2024-09-27 09:08:00,109.39,109.48,109.39,109.48,3163.0
2024-09-27 09:14:00,109.48,109.48,109.48,109.48,243.0
2024-09-27 09:16:00,109.49,109.6,109.48,109.51,2088.0
2024-09-27 09:18:00,109.69,109.69,109.69,109.69,1120.0
2024-09-27 09:20:00,109.5,109.5,109.48,109.48,552.0
2024-09-27 09:24:00,109.36,109.36,109.35,109.35,1091.0
2024-09-27 09:26:00,109.32,109.32,109.32,109.32,1107.0
2024-09-27 09:28:00,109.32,109.32,109.32,109.32,614.0
2024-09-27 09:30:00,109.21,109.21,109.21,109.21,305.0
2024-09-27 09:32:00,109.17,109.17,109.15,109.15,2806.0
2024-09-27 09:34:00,109.15,109.24,109.15,109.23,1547.0
2024-09-27 09:36:00,109.25,109.27,109.25,109.27,832.0
2024-09-27 09:38:00,109.32,109.35,109.32,109.35,2143.0
2024-09-27 09:40:00,109.37,109.4,109.37,109.4,504.0
2024-09-27 09:50:00,109.46,109.48,109.46,109.48,851.0
2024-09-27 09:52:00,109.48,109.48,109.48,109.48,685.0
2024-09-27 10:02:00,109.4,109.4,109.34,109.34,957.0
2024-09-27 10:04:00,109.33,109.33,109.33,109.33,455.0
2024-09-27 10:08:00,109.43,109.43,109.41,109.41,252.0
2024-09-27 10:10:00,109.33,109.46,109.33,109.46,970.0
2024-09-27 10:16:00,109.42,109.42,109.35,109.35,406.0
2024-09-27 10:20:00,109.32,109.5,109.32,109.5,1866.0
2024-09-27 10:22:00,109.5,109.5,109.5,109.5,1223.0
2024-09-27 10:24:00,109.45,109.45,109.37,109.37,724.0
2024-09-27 10:32:00,109.32,109.32,109.32,109.32,351.0
2024-09-27 10:34:00,109.33,109.33,109.32,109.32,1010.0
2024-09-27 10:38:00,109.32,109.34,109.32,109.34,1059.0
2024-09-27 10:40:00,109.32,109.32,109.25,109.25,1347.0
2024-09-27 10:44:00,109.25,109.29,109.25,109.29,996.0
2024-09-27 10:50:00,109.32,109.32,109.32,109.32,260.0
2024-09-27 10:52:00,109.3,109.3,109.3,109.3,658.0
2024-09-27 10:58:00,109.35,109.35,109.35,109.35,597.0
2024-09-27 11:00:00,109.4,109.5,109.35,109.48,6451.0
2024-09-27 11:02:00,109.5,109.56,109.5,109.5,1732.0
2024-09-27 11:04:00,109.48,109.48,109.4,109.4,808.0
2024-09-27 11:06:00,109.44,109.45,109.44,109.45,670.0
2024-09-27 11:08:00,109.58,109.69,109.58,109.63,4063.0
2024-09-27 11:10:00,109.62,109.62,109.6,109.61,2081.0
2024-09-27 11:12:00,109.58,109.58,109.46,109.46,3452.0
2024-09-27 11:14:00,109.55,109.64,109.55,109.64,1373.0
2024-09-27 11:16:00,109.69,109.88,109.66,109.88,7639.0
2024-09-27 11:18:00,109.95,109.96,109.75,109.8,8616.0
2024-09-27 11:20:00,109.85,109.85,109.75,109.75,2647.0
2024-09-27 11:22:00,109.75,109.81,109.72,109.81,8282.0
2024-09-27 11:24:00,109.84,109.84,109.75,109.75,4731.0
2024-09-27 11:26:00,109.7,109.7,109.7,109.7,1200.0
2024-09-27 11:30:00,109.63,109.63,109.63,109.63,704.0
2024-09-27 11:32:00,109.7,109.79,109.68,109.79,4090.0
2024-09-27 11:34:00,109.8,109.88,109.76,109.88,3028.0
2024-09-27 11:36:00,109.78,109.87,109.78,109.87,3193.0
2024-09-27 11:38:00,109.88,109.89,109.88,109.88,5142.0
2024-09-27 11:40:00,109.89,109.9,109.89,109.9,1343.0
2024-09-27 11:42:00,109.93,110.0,109.93,110.0,12763.0
2024-09-27 11:44:00,110.09,110.2,110.09,110.2,3914.0
2024-09-27 11:46:00,110.2,110.27,110.19,110.23,7122.0
2024-09-27 11:48:00,110.2,110.2,110.19,110.19,1281.0
2024-09-27 11:50:00,110.16,110.16,110.03,110.03,6905.0
2024-09-27 11:52:00,110.03,110.03,110.01,110.02,8307.0
2024-09-27 11:54:00,110.12,110.19,110.12,110.19,2380.0
2024-09-27 11:56:00,110.16,110.16,110.15,110.15,2909.0
2024-09-27 11:58:00,110.15,110.25,110.15,110.25,5220.0
2024-09-27 12:00:00,109.46,110.284,108.72,110.2648,113016.0
2024-09-27 12:02:00,110.2035,110.28,110.17,110.27,7974.0
2024-09-27 12:04:00,110.27,110.38,110.154,110.36,9849.0
2024-09-27 12:06:00,110.2855,110.42,110.2855,110.35,4750.0
2024-09-27 12:08:00,110.35,110.4,110.2806,110.3497,15034.0
2024-09-27 12:10:00,110.315,110.3496,110.17,110.17,8871.0
2024-09-27 12:12:00,110.15,110.3,110.15,110.3,8375.0
2024-09-27 12:14:00,110.3583,110.37,110.2928,110.37,8320.0
2024-09-27 12:16:00,110.38,110.42,110.124,110.25,11201.0
2024-09-27 12:18:00,110.33,110.33,110.28,110.3,4260.0
2024-09-27 12:20:00,110.3,110.33,110.25,110.29,6743.0
2024-09-27 12:22:00,110.3,110.35,110.29,110.3,8358.0
2024-09-27 12:24:00,110.3,110.31,110.253,110.31,5849.0
2024-09-27 12:26:00,110.25,110.36,110.1925,110.3288,13639.0
2024-09-27 12:28:00,110.31,110.34,110.22,110.336,6627.0
2024-09-27 12:30:00,110.33,110.82,110.3001,110.7,50200.0
2024-09-27 12:32:00,110.7,110.71,110.33,110.35,15926.0
2024-09-27 12:34:00,110.33,110.4905,110.3,110.4,13510.0
2024-09-27 12:36:00,110.4,110.45,110.38,110.45,9842.0
2024-09-27 12:38:00,110.45,110.81,110.45,110.77,23749.0
2024-09-27 12:40:00,110.8,110.8,110.59,110.76,29346.0
2024-09-27 12:42:00,110.7107,110.7107,110.59,110.6,11740.0
2024-09-27 12:44:00,110.56,110.71,110.536,110.6605,11002.0
2024-09-27 12:46:00,110.71,110.77,110.6836,110.77,16733.0
2024-09-27 12:48:00,110.74,110.84,110.74,110.84,13525.0
2024-09-27 12:50:00,110.84,110.84,110.61,110.696,12174.0
2024-09-27 12:52:00,110.67,110.68,110.42,110.6475,29920.0
2024-09-27 12:54:00,110.6025,110.6303,110.45,110.57,22605.0
2024-09-27 12:56:00,110.6,110.8,110.6,110.8,5588.0
2024-09-27 12:58:00,110.8,110.87,110.8,110.858,6860.0
2024-09-27 13:00:00,110.854,110.854,110.68,110.82,14996.0
2024-09-27 13:02:00,110.82,111.03,110.76,111.03,47815.0
2024-09-27 13:04:00,111.0215,111.15,110.95,111.1025,34538.0
2024-09-27 13:06:00,111.12,111.15,110.9,110.9,21470.0
2024-09-27 13:08:00,110.9,111.0094,110.8525,110.9,17956.0
2024-09-27 13:10:00,110.9943,110.9943,110.8119,110.84,13554.0
2024-09-27 13:12:00,110.85,110.9,110.75,110.75,12012.0
2024-09-27 13:14:00,110.78,110.78,110.6408,110.68,9210.0
2024-09-27 13:16:00,110.67,110.75,110.67,110.7,10572.0
2024-09-27 13:18:00,110.69,110.69,110.5,110.5,36634.0
2024-09-27 13:20:00,110.49,110.57,110.44,110.5035,18289.0
2024-09-27 13:22:00,110.5004,110.647,110.5,110.56,14660.0
2024-09-27 13:24:00,110.58,110.65,110.56,110.636,14583.0
2024-09-27 13:26:00,110.61,110.65,110.56,110.65,20459.0
2024-09-27 13:28:00,110.44,110.53,110.328,110.4199,11876.0
2024-09-27 13:30:00,110.5,110.5,108.69,109.57,1343001.0
2024-09-27 13:32:00,109.53,110.14,109.2,109.87,567183.0
2024-09-27 13:34:00,109.946,110.3499,109.27,109.51,470274.0
2024-09-27 13:36:00,109.4538,109.69,109.15,109.195,310999.0
2024-09-27 13:38:00,109.2,110.11,108.93,109.9512,553895.0
2024-09-27 13:40:00,109.976,110.81,109.7,110.7759,634829.0
2024-09-27 13:42:00,110.77,110.97,110.47,110.66,434307.0
2024-09-27 13:44:00,110.61,110.95,110.42,110.42,313997.0
2024-09-27 13:46:00,110.44,110.54,109.48,109.975,454638.0
2024-09-27 13:48:00,110.01,110.32,110.0,110.13,193129.0
2024-09-27 13:50:00,110.1508,110.1508,109.75,109.91,239671.0
2024-09-27 13:52:00,109.945,110.0201,109.71,109.8501,173063.0
2024-09-27 13:54:00,109.8927,109.91,109.4201,109.47,219769.0
2024-09-27 13:56:00,109.46,109.5799,108.9,109.05,452952.0
2024-09-27 13:58:00,109.03,109.21,108.91,109.05,363124.0
2024-09-27 14:00:00,109.06,109.09,108.52,108.8999,762966.0
2024-09-27 14:02:00,108.8999,109.16,108.84,109.085,318104.0
2024-09-27 14:04:00,109.07,109.3634,108.79,109.04,285179.0
2024-09-27 14:06:00,109.045,109.1299,108.91,108.99,139002.0
2024-09-27 14:08:00,108.97,109.05,108.61,108.7677,294446.0
2024-09-27 14:10:00,108.75,108.8399,108.65,108.75,169808.0
2024-09-27 14:12:00,108.7668,108.8,108.34,108.59,303363.0
2024-09-27 14:14:00,108.59,108.86,108.51,108.68,193124.0
2024-09-27 14:16:00,108.69,108.81,108.5,108.54,203899.0
2024-09-27 14:18:00,108.54,108.5997,108.39,108.475,242013.0
2024-09-27 14:20:00,108.49,109.14,108.42,109.07,289756.0
2024-09-27 14:22:00,109.05,109.12,108.88,108.97,185871.0
2024-09-27 14:24:00,108.96,108.975,108.552,108.562,135688.0
2024-09-27 14:26:00,108.6,108.6784,108.42,108.44,159025.0
2024-09-27 14:28:00,108.4399,108.5391,108.22,108.254,256967.0
2024-09-27 14:30:00,108.28,108.34,108.05,108.1655,238662.0
2024-09-27 14:32:00,108.155,108.185,107.9,107.9315,391212.0
2024-09-27 14:34:00,107.93,108.1,107.7901,108.0,314491.0
2024-09-27 14:36:00,108.0,108.215,107.85,108.19,224634.0
2024-09-27 14:38:00,108.19,108.21,107.94,107.985,186397.0
2024-09-27 14:40:00,107.98,108.03,107.88,107.98,187946.0
2024-09-27 14:42:00,107.99,108.0,107.7647,107.84,185369.0
2024-09-27 14:44:00,107.85,107.91,107.69,107.7698,202248.0
2024-09-27 14:46:00,107.7566,107.98,107.68,107.87,207255.0
2024-09-27 14:48:00,107.8651,107.8651,107.46,107.585,300462.0
2024-09-27 14:50:00,107.59,107.67,107.38,107.525,280961.0
2024-09-27 14:52:00,107.54,107.69,107.48,107.555,168487.0
2024-09-27 14:54:00,107.55,107.75,107.49,107.58,161043.0
2024-09-27 14:56:00,107.582,107.69,107.5,107.5515,113724.0
2024-09-27 14:58:00,107.55,107.5616,107.24,107.27,273964.0
2024-09-27 15:00:00,107.26,107.465,107.1,107.465,380433.0
2024-09-27 15:02:00,107.47,107.86,107.448,107.7733,321975.0
2024-09-27 15:04:00,107.76,107.85,107.5,107.511424,219914.0
2024-09-27 15:06:00,107.5,107.635,107.42,107.5899,162854.0
2024-09-27 15:08:00,107.5837,107.63,107.38,107.5029,262366.0
2024-09-27 15:10:00,107.52,107.57,107.37,107.54,108493.0
2024-09-27 15:12:00,107.56,107.78,107.52,107.6699,188581.0
2024-09-27 15:14:00,107.6665,107.7127,107.52,107.545,124846.0
2024-09-27 15:16:00,107.54,107.58,107.38,107.48,162906.0
2024-09-27 15:18:00,107.47,107.4899,107.15,107.24,228593.0
2024-09-27 15:20:00,107.23,107.37,107.205,107.28,192569.0
2024-09-27 15:22:00,107.295,107.36,107.15,107.31,188012.0
2024-09-27 15:24:00,107.31,107.46,107.03,107.28,245689.0
2024-09-27 15:26:00,107.3,107.3697,107.11,107.3146,158457.0
2024-09-27 15:28:00,107.3213,107.59,107.23,107.515,266373.0
2024-09-27 15:30:00,107.5,107.51,107.23,107.3793,250135.0
2024-09-27 15:32:00,107.37,107.68,107.36,107.5,133276.0
2024-09-27 15:34:00,107.505,107.75,107.48,107.5299,154849.0
2024-09-27 15:36:00,107.5101,107.66,107.51,107.52,102915.0
2024-09-27 15:38:00,107.52,107.74,107.5,107.64,148012.0
2024-09-27 15:40:00,107.64,107.75,107.503,107.73,140750.0
2024-09-27 15:42:00,107.735,107.9899,107.73,107.86,230313.0
2024-09-27 15:44:00,107.85,107.89,107.68,107.7199,167207.0
2024-09-27 15:46:00,107.7035,107.94,107.700185,107.87,457867.0
2024-09-27 15:48:00,107.87,108.08,107.86,107.93,166121.0
2024-09-27 15:50:00,107.9616,107.9616,107.68,107.7299,181515.0
2024-09-27 15:52:00,107.72,107.7599,107.36,107.48,220243.0
2024-09-27 15:54:00,107.47,107.64,107.39,107.5361,148217.0
2024-09-27 15:56:00,107.55,107.59,107.46,107.56,99426.0
2024-09-27 15:58:00,107.555,107.64,107.46,107.4812,110229.0
2024-09-27 16:00:00,107.49,107.6199,107.4,107.57,135931.0
2024-09-27 16:02:00,107.56,107.93,107.56,107.8402,131969.0
2024-09-27 16:04:00,107.85,107.85,107.57,107.62,88073.0
2024-09-27 16:06:00,107.625,107.9,107.6101,107.86,76463.0
2024-09-27 16:08:00,107.858,107.87,107.62,107.6405,77177.0
2024-09-27 16:10:00,107.65,107.6599,107.51,107.53,95683.0
2024-09-27 16:12:00,107.52,107.605,107.34,107.42,128686.0
2024-09-27 16:14:00,107.415,107.52,107.3916,107.45,102947.0
2024-09-27 16:16:00,107.44,107.62,107.44,107.56,82651.0
2024-09-27 16:18:00,107.55,107.55,107.375,107.505,102444.0
2024-09-27 16:20:00,107.47,107.655,107.47,107.55,82449.0
2024-09-27 16:22:00,107.54,107.61,107.45,107.58,61893.0
2024-09-27 16:24:00,107.59,107.626414,107.52,107.62,64615.0
2024-09-27 16:26:00,107.63,107.6373,107.53,107.62,61495.0
2024-09-27 16:28:00,107.63,107.76,107.61,107.71,119829.0
2024-09-27 16:30:00,107.71,107.9399,107.6701,107.9121,110934.0
2024-09-27 16:32:00,107.925,107.9858,107.8601,107.911,74152.0
2024-09-27 16:34:00,107.9162,108.16,107.9162,108.1,149812.0
2024-09-27 16:36:00,108.1,108.21,108.08,108.19,126452.0
2024-09-27 16:38:00,108.19,108.2,107.99,108.03,103487.0
2024-09-27 16:40:00,108.045,108.13,108.0,108.0219,72621.0
2024-09-27 16:42:00,108.0219,108.36,108.0219,108.33,160261.0
2024-09-27 16:44:00,108.35,108.57,108.33,108.41,222240.0
2024-09-27 16:46:00,108.41,108.4672,108.18,108.34,163982.0
2024-09-27 16:48:00,108.33,108.51,108.3298,108.4453,174807.0
2024-09-27 16:50:00,108.4598,108.58,108.42,108.475,135565.0
2024-09-27 16:52:00,108.4634,108.63,108.4,108.43,156150.0
2024-09-27 16:54:00,108.435,108.71,108.4281,108.69,125437.0
2024-09-27 16:56:00,108.7,108.73,108.63,108.7022,112558.0
2024-09-27 16:58:00,108.71,108.75,108.66,108.71,126870.0
2024-09-27 17:00:00,108.7,108.93,108.6901,108.93,150741.0
2024-09-27 17:02:00,108.91,109.005,108.8501,108.944666,151196.0
2024-09-27 17:04:00,108.945,109.005,108.7601,108.77,156643.0
2024-09-27 17:06:00,108.7741,108.84,108.67,108.77,149516.0
2024-09-27 17:08:00,108.765,108.765,108.56,108.65,187982.0
2024-09-27 17:10:00,108.63,108.86,108.63,108.81,132472.0
2024-09-27 17:12:00,108.81,108.9299,108.77,108.915,78840.0
2024-09-27 17:14:00,108.9198,108.94,108.64,108.64,87984.0
2024-09-27 17:16:00,108.645,108.67,108.5102,108.565,104419.0
2024-09-27 17:18:00,108.565,108.7299,108.49,108.51,107608.0
2024-09-27 17:20:00,108.51,108.6099,108.4701,108.52,93494.0
2024-09-27 17:22:00,108.525,108.66,108.39,108.6,149329.0
2024-09-27 17:24:00,108.6,108.74,108.575,108.605,76772.0
2024-09-27 17:26:00,108.62,108.67,108.52,108.67,62586.0
2024-09-27 17:28:00,108.68,108.76,108.63,108.68,68222.0
2024-09-27 17:30:00,108.6851,108.69,108.499275,108.64,64460.0
2024-09-27 17:32:00,108.6488,108.78,108.57,108.5926,104781.0
2024-09-27 17:34:00,108.58,108.66,108.5001,108.585,112110.0
2024-09-27 17:36:00,108.5966,108.69,108.5601,108.6405,56065.0
2024-09-27 17:38:00,108.62,108.62,108.47,108.4899,77651.0
2024-09-27 17:40:00,108.465,108.63,108.465,108.625,69304.0
2024-09-27 17:42:00,108.634,108.955,108.6109,108.95,146013.0
2024-09-27 17:44:00,108.955,108.9599,108.77,108.87,100389.0
2024-09-27 17:46:00,108.895,109.16,108.81,109.1252,216665.0
2024-09-27 17:48:00,109.13,109.27,109.11,109.24,144729.0
2024-09-27 17:50:00,109.23,109.39,109.15,109.2425,185199.0
2024-09-27 17:52:00,109.24,109.47,109.24,109.3899,175304.0
2024-09-27 17:54:00,109.365,109.41,109.2501,109.32,107664.0
2024-09-27 17:56:00,109.31,109.41,109.12,109.121,148319.0
2024-09-27 17:58:00,109.1235,109.22,109.1001,109.2085,94706.0
2024-09-27 18:00:00,109.2,109.206603,108.9449,108.9697,123447.0
2024-09-27 18:02:00,108.965,109.02,108.78,108.95,115365.0
2024-09-27 18:04:00,108.96,109.0,108.79,108.83,66444.0
2024-09-27 18:06:00,108.84,108.8899,108.77,108.855,73561.0
2024-09-27 18:08:00,108.84,108.85,108.6701,108.6801,92104.0
2024-09-27 18:10:00,108.69,108.7726,108.59,108.7,78456.0
2024-09-27 18:12:00,108.72,108.745,108.565,108.565,81349.0
2024-09-27 18:14:00,108.56,108.6299,108.5301,108.56,76373.0
2024-09-27 18:16:00,108.572,108.6298,108.51,108.52,70135.0
2024-09-27 18:18:00,108.51,108.53,108.41,108.46,84998.0
2024-09-27 18:20:00,108.47,108.6284,108.47,108.5602,100239.0
2024-09-27 18:22:00,108.59,108.665,108.4501,108.4793,88002.0
2024-09-27 18:24:00,108.48,108.53,108.42,108.52,55146.0
2024-09-27 18:26:00,108.515,108.515,108.2,108.23,166692.0
2024-09-27 18:28:00,108.26,108.26,107.88,107.9,176746.0
2024-09-27 18:30:00,107.89,108.03,107.81,107.85,187218.0
2024-09-27 18:32:00,107.87,108.08,107.8401,107.96,162742.0
2024-09-27 18:34:00,107.95,107.9699,107.78,107.815,143317.0
2024-09-27 18:36:00,107.8236,107.97,107.65,107.9449,183031.0
2024-09-27 18:38:00,107.96,107.98,107.83,107.9,105574.0
2024-09-27 18:40:00,107.9085,108.02,107.85,108.0199,99671.0
2024-09-27 18:42:00,108.005,108.17,107.9401,108.1446,127707.0
2024-09-27 18:44:00,108.15,108.33,108.04,108.31,169974.0
2024-09-27 18:46:00,108.305,108.33,108.18,108.205,78387.0
2024-09-27 18:48:00,108.2101,108.2499,108.14,108.1827,70935.0
2024-09-27 18:50:00,108.1582,108.26,108.12,108.215,65545.0
2024-09-27 18:52:00,108.22,108.255,108.1697,108.2,72080.0
2024-09-27 18:54:00,108.19,108.485,108.19,108.485,110124.0
2024-09-27 18:56:00,108.485,108.6412,108.32,108.5001,129063.0
2024-09-27 18:58:00,108.51,108.64,108.46,108.6145,88669.0
2024-09-27 19:00:00,108.62,108.65,108.51,108.54,93082.0
2024-09-27 19:02:00,108.57,108.57,108.4,108.5097,98010.0
2024-09-27 19:04:00,108.5,108.7598,108.485,108.735,136556.0
2024-09-27 19:06:00,108.75,108.75,108.55,108.62,115862.0
2024-09-27 19:08:00,108.6,108.655,108.48,108.57,120939.0
2024-09-27 19:10:00,108.56,108.66,108.37,108.521,81900.0
2024-09-27 19:12:00,108.5299,108.63,108.45,108.625,84085.0
2024-09-27 19:14:00,108.625,108.68,108.57,108.68,71683.0
2024-09-27 19:16:00,108.6701,108.74,108.59,108.682316,86586.0
2024-09-27 19:18:00,108.7,108.77,108.63,108.66,78135.0
2024-09-27 19:20:00,108.66,108.679,108.5201,108.535,84750.0
2024-09-27 19:22:00,108.535,108.57,108.44,108.49,80414.0
2024-09-27 19:24:00,108.4988,108.5185,108.2601,108.33,152438.0
2024-09-27 19:26:00,108.3341,108.4181,108.2836,108.3299,81452.0
2024-09-27 19:28:00,108.32,108.42,108.23,108.34,125805.0
2024-09-27 19:30:00,108.38,108.4,108.08,108.1,184700.0
2024-09-27 19:32:00,108.1,108.26,108.07,108.18,120363.0
2024-09-27 19:34:00,108.18,108.22,107.88,107.9,148042.0
2024-09-27 19:36:00,107.91,107.98,107.89,107.89,114339.0
2024-09-27 19:38:00,107.89,108.01,107.85,107.915,127968.0
2024-09-27 19:40:00,107.92,107.9399,107.78,107.87,150989.0
2024-09-27 19:42:00,107.87,107.948,107.71,107.89,148732.0
2024-09-27 19:44:00,107.9,107.9497,107.71,107.73,106546.0
2024-09-27 19:46:00,107.73,107.77,107.61,107.7,266077.0
2024-09-27 19:48:00,107.695,107.705,107.56,107.585,133031.0
2024-09-27 19:50:00,107.59,107.915,107.59,107.905,294132.0
2024-09-27 19:52:00,107.91,108.1,107.9,108.0,407565.0
2024-09-27 19:54:00,108.01,108.09,107.62,107.705,391532.0
2024-09-27 19:56:00,107.71,107.81,107.71,107.725,373696.0
2024-09-27 19:58:00,107.71,107.75,107.44,107.49,857038.0
2024-09-27 20:00:00,107.5,107.67,107.47,107.65,938643.0
2024-09-27 20:02:00,107.65,107.71,107.5,107.5,18487.0
2024-09-27 20:04:00,107.7,107.71,107.65,107.69,20194.0
2024-09-27 20:06:00,107.67,107.77,107.67,107.7,14932.0
2024-09-27 20:08:00,107.68,107.68,107.5,107.61,6224.0
2024-09-27 20:10:00,107.61,107.65,107.55,107.55,4382.0
2024-09-27 20:12:00,107.51,107.51,107.5,107.51,5113.0
2024-09-27 20:14:00,107.53,107.53,107.41,107.41,3727.0
2024-09-27 20:16:00,107.4003,107.45,107.4,107.43,6909.0
2024-09-27 20:18:00,107.43,107.5,107.43,107.43,2771.0
2024-09-27 20:20:00,107.5,107.5,107.39,107.45,7390.0
2024-09-27 20:22:00,107.41,107.42,107.32,107.34,7386.0
2024-09-27 20:24:00,107.34,107.41,107.34,107.41,2689.0
2024-09-27 20:26:00,107.4,107.46,107.4,107.46,2497.0
2024-09-27 20:28:00,107.41,107.43,107.37,107.39,3124.0
2024-09-27 20:30:00,107.37,107.37,107.35,107.36,1837.0
2024-09-27 20:32:00,107.3552,107.4,107.3552,107.38,1984.0
2024-09-27 20:34:00,107.4,107.469,107.4,107.42,10532.0
2024-09-27 20:36:00,107.4,107.4,107.32,107.33,3928.0
2024-09-27 20:38:00,107.34,107.38,107.29,107.29,5978.0
2024-09-27 20:40:00,107.3,107.32,107.3,107.32,2257.0
2024-09-27 20:42:00,107.3,107.3096,107.3,107.3,4229.0
2024-09-27 20:44:00,107.29,107.33,107.29,107.33,2016.0
2024-09-27 20:46:00,107.33,107.35,107.33,107.3499,1837.0
2024-09-27 20:48:00,107.34,107.34,107.33,107.33,752.0
2024-09-27 20:50:00,107.34,107.35,107.3124,107.35,1954.0
2024-09-27 20:52:00,107.33,107.33,107.28,107.28,2967.0
2024-09-27 20:54:00,107.33,107.33,107.23,107.23,2782.0
2024-09-27 20:56:00,107.2211,107.27,107.2211,107.27,8609.0
2024-09-27 20:58:00,107.27,107.3399,107.27,107.3321,976.0
2024-09-27 21:00:00,107.5,107.5,107.33,107.33,96342.0
2024-09-27 21:02:00,107.32,107.32,107.32,107.32,177.0
2024-09-27 21:04:00,107.31,107.31,107.3098,107.3098,4380.0
2024-09-27 21:06:00,107.3,107.3099,107.2703,107.2716,2461.0
2024-09-27 21:08:00,107.27,107.27,107.27,107.27,684.0
2024-09-27 21:12:00,107.27,107.3,107.27,107.29,5422.0
2024-09-27 21:14:00,107.2801,107.2801,107.27,107.27,4587.0
2024-09-27 21:16:00,107.28,107.28,107.28,107.28,1457.0
2024-09-27 21:18:00,107.2897,107.3,107.28,107.3,1159.0
2024-09-27 21:20:00,107.2703,107.2703,107.27,107.27,1634.0
2024-09-27 21:22:00,107.26,107.27,107.26,107.2602,1474.0
2024-09-27 21:24:00,107.2797,107.2797,107.27,107.27,354.0
2024-09-27 21:26:00,107.28,107.28,107.28,107.28,387.0
2024-09-27 21:28:00,107.27,107.2799,107.27,107.2799,264.0
2024-09-27 21:30:00,107.28,107.28,107.27,107.27,2448.0
2024-09-27 21:32:00,107.27,107.27,107.25,107.25,6161.0
2024-09-27 21:34:00,107.25,107.25,107.25,107.25,417.0
2024-09-27 21:36:00,107.23,107.26,107.23,107.26,6187.0
2024-09-27 21:38:00,107.25,107.26,107.2216,107.25,1965.0
2024-09-27 21:40:00,107.24,107.24,107.24,107.24,249.0
2024-09-27 21:42:00,107.25,107.25,107.2485,107.2485,808.0
2024-09-27 21:44:00,107.23,107.23,107.23,107.23,368.0
2024-09-27 21:46:00,107.24,107.25,107.2225,107.2225,1795715.0
2024-09-27 21:48:00,107.23,107.23,107.22,107.22,1770.0
2024-09-27 21:50:00,107.22,107.23,107.21,107.21,3206.0
2024-09-27 21:52:00,107.219,107.219,107.17,107.17,5818.0
2024-09-27 21:54:00,107.19,107.19,107.17,107.18,1030.0
2024-09-27 21:56:00,107.17,107.17,107.16,107.17,679.0
2024-09-27 21:58:00,107.1955,107.22,107.176,107.22,732.0
2024-09-27 22:00:00,107.2499,107.2499,107.2491,107.2491,819.0
2024-09-27 22:02:00,107.245,107.245,107.23,107.24,613.0
2024-09-27 22:04:00,107.2,107.22,107.19,107.21,7675.0
2024-09-27 22:06:00,107.1906,107.218,107.1906,107.218,926.0
2024-09-27 22:08:00,107.1921,107.1921,107.1921,107.1921,257.0
2024-09-27 22:10:00,107.21,107.21,107.2,107.21,3149.0
2024-09-27 22:12:00,107.21,107.25,107.21,107.23,1340.0
2024-09-27 22:14:00,107.23,107.23,107.2045,107.2045,843.0
2024-09-27 22:16:00,107.2199,107.22,107.2,107.2,4989.0
2024-09-27 22:24:00,107.2015,107.2015,107.2015,107.2015,105.0
2024-09-27 22:26:00,107.2,107.2,107.2,107.2,368.0
2024-09-27 22:28:00,107.1805,107.1805,107.1805,107.1805,590.0
2024-09-27 22:30:00,107.1805,107.19,107.18,107.18,2046.0
2024-09-27 22:32:00,107.1895,107.1895,107.15,107.18,3471.0
2024-09-27 22:34:00,107.17,107.17,107.15,107.151,1699.0
2024-09-27 22:36:00,107.15,107.1599,107.15,107.15,1692.0
2024-09-27 22:38:00,107.15,107.16,107.15,107.16,1066.0
2024-09-27 22:40:00,107.15,107.1509,107.15,107.1509,1804.0
2024-09-27 22:42:00,107.152,107.152,107.14,107.14,1210.0
2024-09-27 22:44:00,107.15,107.17,107.15,107.17,2784.0
2024-09-27 22:46:00,107.1699,107.1699,107.1699,107.1699,118.0
2024-09-27 22:48:00,107.16,107.1615,107.16,107.16,895.0
2024-09-27 22:50:00,107.14,107.14,107.14,107.14,620.0
2024-09-27 22:52:00,107.159,107.159,107.14,107.14,3122.0
2024-09-27 22:54:00,107.14,107.14,107.13,107.14,2205.0
2024-09-27 22:56:00,107.13,107.16,107.13,107.1599,1625.0
2024-09-27 22:58:00,107.1301,107.16,107.13,107.16,3493.0
2024-09-27 23:00:00,107.14,107.16,107.14,107.16,515.0
2024-09-27 23:02:00,107.16,107.16,107.1503,107.1503,410.0
2024-09-27 23:04:00,107.1505,107.1599,107.1505,107.1599,622.0
2024-09-27 23:06:00,107.16,107.16,107.15,107.15,1559.0
2024-09-27 23:08:00,107.15,107.15,107.14,107.14,819.0
2024-09-27 23:10:00,107.1499,107.15,107.1499,107.15,297.0
2024-09-27 23:12:00,107.14,107.14,107.14,107.14,140.0
2024-09-27 23:14:00,107.15,107.1599,107.15,107.1599,1308.0
2024-09-27 23:16:00,107.14,107.14,107.13,107.13,2333.0
2024-09-27 23:22:00,107.13,107.13,107.122,107.122,570.0
2024-09-27 23:24:00,107.158,107.158,107.158,107.158,1263.0
2024-09-27 23:26:00,107.14,107.158,107.122,107.158,2590.0
2024-09-27 23:28:00,107.13,107.14,107.1201,107.14,2291.0
2024-09-27 23:30:00,107.13,107.13,107.11,107.12,2262.0
2024-09-27 23:32:00,107.12,107.13,107.11,107.11,4450.0
2024-09-27 23:34:00,107.12,107.1385,107.11,107.1105,2185.0
2024-09-27 23:36:00,107.1115,107.1115,107.1115,107.1115,383.0
2024-09-27 23:38:00,107.11,107.14,107.11,107.14,2345.0
2024-09-27 23:40:00,107.11,107.11,107.11,107.11,1737.0
2024-09-27 23:44:00,107.12,107.13,107.11,107.13,1280.0
2024-09-27 23:46:00,107.11,107.11,107.11,107.11,744.0
2024-09-27 23:48:00,107.11,107.1398,107.11,107.1396,978.0
2024-09-27 23:50:00,107.139,107.139,107.139,107.139,945.0
2024-09-27 23:52:00,107.12,107.14,107.11,107.12,5816.0
2024-09-27 23:54:00,107.11,107.14,107.11,107.11,2195.0
2024-09-27 23:56:00,107.11,107.11,107.11,107.11,4796.0
2024-09-27 23:58:00,107.1101,107.12,107.1,107.1,6187.0
2024-09-30 08:00:00,107.5,107.5,106.68,106.7,5285.0
2024-09-30 08:02:00,106.75,106.77,106.57,106.62,4138.0
2024-09-30 08:04:00,106.7,106.86,106.5,106.5,6027.0
2024-09-30 08:06:00,106.47,106.49,106.35,106.35,5874.0
2024-09-30 08:08:00,106.35,106.39,106.25,106.34,2494.0
2024-09-30 08:10:00,106.25,106.5,106.25,106.49,13083.0
2024-09-30 08:12:00,106.49,106.49,106.48,106.49,1029.0
2024-09-30 08:14:00,106.23,106.31,106.16,106.2,4157.0
2024-09-30 08:16:00,106.02,106.1,105.85,105.88,6980.0
2024-09-30 08:18:00,105.91,105.91,105.83,105.91,2210.0
2024-09-30 08:20:00,105.97,106.05,105.97,106.05,3181.0
2024-09-30 08:22:00,106.07,106.07,106.07,106.07,673.0
2024-09-30 08:24:00,106.06,106.15,106.0,106.15,11143.0
2024-09-30 08:30:00,106.22,106.25,106.22,106.25,3696.0
2024-09-30 08:32:00,106.25,106.26,106.25,106.26,668.0
2024-09-30 08:34:00,106.32,106.33,106.32,106.33,1075.0
2024-09-30 08:36:00,106.3,106.3,106.26,106.26,725.0
2024-09-30 08:38:00,106.15,106.15,106.15,106.15,163.0
2024-09-30 08:40:00,106.17,106.17,106.09,106.17,1862.0
2024-09-30 08:42:00,106.16,106.16,106.16,106.16,262.0
2024-09-30 08:46:00,106.16,106.16,106.16,106.16,464.0
2024-09-30 08:52:00,105.95,105.97,105.95,105.97,507.0
2024-09-30 08:54:00,106.03,106.17,106.03,106.17,2694.0
2024-09-30 09:00:00,106.06,106.14,106.06,106.14,1374.0
2024-09-30 09:02:00,106.14,106.15,106.1,106.1,982.0
2024-09-30 09:04:00,106.15,106.15,106.15,106.15,704.0
2024-09-30 09:06:00,106.18,106.18,106.18,106.18,1156.0
2024-09-30 09:08:00,106.12,106.17,106.12,106.17,515.0
2024-09-30 09:10:00,106.15,106.15,106.15,106.15,507.0
2024-09-30 09:12:00,106.11,106.14,106.1,106.14,1592.0
2024-09-30 09:16:00,106.0,106.0,105.95,105.95,701.0
2024-09-30 09:18:00,105.92,105.98,105.92,105.98,905.0
2024-09-30 09:20:00,106.0,106.0,106.0,106.0,303.0
2024-09-30 09:22:00,106.05,106.15,106.04,106.15,2059.0
2024-09-30 09:24:00,106.14,106.14,106.04,106.05,8430.0
2024-09-30 09:26:00,106.06,106.06,105.98,106.0,8573.0
2024-09-30 09:30:00,106.01,106.01,106.01,106.01,1188.0
2024-09-30 09:32:00,105.96,105.96,105.95,105.95,635.0
2024-09-30 09:36:00,105.96,105.96,105.68,105.68,2999.0
2024-09-30 09:38:00,105.64,105.8,105.64,105.8,943.0
2024-09-30 09:40:00,105.75,105.8,105.75,105.8,696.0
2024-09-30 09:42:00,105.82,105.82,105.75,105.75,2448.0
2024-09-30 09:44:00,105.75,105.75,105.7,105.7,814.0
2024-09-30 09:46:00,105.7,105.7,105.7,105.7,505.0
2024-09-30 09:48:00,105.71,105.72,105.65,105.72,3178.0
2024-09-30 09:52:00,105.79,105.79,105.79,105.79,124.0
2024-09-30 09:56:00,105.76,105.76,105.76,105.76,275.0
2024-09-30 09:58:00,105.69,105.7,105.6,105.6,1817.0
2024-09-30 10:00:00,105.69,105.76,105.69,105.76,3048.0
2024-09-30 10:02:00,105.8,105.8,105.8,105.8,958.0
2024-09-30 10:10:00,105.77,105.77,105.77,105.77,151.0
2024-09-30 10:14:00,105.86,105.9,105.86,105.86,1295.0
2024-09-30 10:16:00,105.9,105.9,105.9,105.9,110.0
2024-09-30 10:20:00,105.96,106.0,105.9,105.9,2802.0
2024-09-30 10:22:00,105.9,105.9,105.9,105.9,204.0
2024-09-30 10:24:00,105.99,105.99,105.99,105.99,350.0
2024-09-30 10:26:00,105.99,105.99,105.99,105.99,234.0
2024-09-30 10:28:00,105.91,105.91,105.85,105.85,2085.0
2024-09-30 10:32:00,105.99,105.99,105.99,105.99,285.0
2024-09-30 10:34:00,105.92,105.92,105.9,105.9,758.0
2024-09-30 10:36:00,105.99,106.0,105.96,106.0,1514.0
2024-09-30 10:40:00,105.94,105.94,105.9,105.9,559.0
2024-09-30 10:42:00,105.92,105.92,105.9,105.9,594.0
2024-09-30 10:44:00,105.88,105.88,105.88,105.88,351.0
2024-09-30 10:46:00,105.93,105.93,105.93,105.93,300.0
2024-09-30 10:48:00,105.99,106.0,105.99,106.0,2298.0
2024-09-30 10:50:00,106.03,106.03,106.03,106.03,272.0
2024-09-30 10:52:00,106.01,106.01,106.01,106.01,461.0
2024-09-30 10:54:00,106.08,106.18,106.08,106.16,1515.0
2024-09-30 10:56:00,106.13,106.13,106.13,106.13,105.0
2024-09-30 10:58:00,106.18,106.18,106.14,106.14,1353.0
2024-09-30 11:00:00,106.18,106.2,106.0,106.15,7230.0
2024-09-30 11:02:00,106.15,106.32,106.15,106.32,10941.0
2024-09-30 11:04:00,106.33,106.36,106.1,106.1,7671.0
2024-09-30 11:06:00,106.06,106.17,106.01,106.17,2202.0
2024-09-30 11:08:00,106.18,106.19,106.07,106.07,2884.0
2024-09-30 11:10:00,106.06,106.13,106.0,106.12,7192.0
2024-09-30 11:12:00,106.04,106.05,106.03,106.03,2118.0
2024-09-30 11:14:00,106.03,106.03,105.94,106.01,4842.0
2024-09-30 11:16:00,106.09,106.12,106.06,106.12,3441.0
2024-09-30 11:18:00,106.19,106.3,106.19,106.3,4468.0
2024-09-30 11:20:00,106.32,106.41,106.3,106.38,11028.0
2024-09-30 11:22:00,106.38,106.38,106.24,106.25,4668.0
2024-09-30 11:24:00,106.2,106.2,106.04,106.04,3106.0
2024-09-30 11:26:00,106.04,106.04,105.94,105.94,7262.0
2024-09-30 11:28:00,105.94,106.0,105.9,105.91,4453.0
2024-09-30 11:30:00,105.95,106.0,105.95,106.0,1918.0
2024-09-30 11:32:00,105.97,106.0,105.97,106.0,3150.0
2024-09-30 11:34:00,106.03,106.13,105.95,106.03,4906.0
2024-09-30 11:36:00,105.95,105.99,105.85,105.9,6535.0
2024-09-30 11:38:00,105.85,105.85,105.65,105.73,10127.0
2024-09-30 11:40:00,105.7,105.7,105.6,105.63,5014.0
2024-09-30 11:42:00,105.7,105.83,105.7,105.72,4569.0
2024-09-30 11:44:00,105.72,106.05,105.72,106.05,8456.0
2024-09-30 11:46:00,106.02,106.1,106.02,106.1,1452.0
2024-09-30 11:48:00,106.1,106.18,105.98,105.98,8703.0
2024-09-30 11:50:00,105.98,105.98,105.81,105.9,8376.0
2024-09-30 11:52:00,105.85,105.85,105.83,105.83,1008.0
2024-09-30 11:54:00,105.87,105.89,105.68,105.89,8710.0
2024-09-30 11:56:00,105.84,105.9,105.8,105.89,3188.0
2024-09-30 11:58:00,105.81,105.86,105.68,105.74,5437.0
2024-09-30 12:00:00,106.35,107.25,105.64,105.89,126773.0
2024-09-30 12:02:00,105.9,106.14,105.9,106.04,21266.0
2024-09-30 12:04:00,106.04,106.1,105.97,106.0,27723.0
2024-09-30 12:06:00,105.99,106.18,105.99,106.15,9544.0
2024-09-30 12:08:00,106.0981,106.25,106.03,106.12,5217.0
2024-09-30 12:10:00,106.11,106.15,106.0011,106.08,5162.0
2024-09-30 12:12:00,106.02,106.05,106.0027,106.05,2018.0
2024-09-30 12:14:00,106.05,106.06,106.01,106.06,630.0
2024-09-30 12:16:00,106.04,106.08,106.04,106.05,2641.0
2024-09-30 12:18:00,106.0102,106.05,106.0,106.0,4712.0
2024-09-30 12:20:00,106.0353,106.0398,105.8001,105.9979,6462.0
2024-09-30 12:22:00,105.96,105.98,105.807,105.98,3772.0
2024-09-30 12:24:00,105.94,105.97,105.85,105.85,6087.0
2024-09-30 12:26:00,105.9,105.9,105.7,105.8,22027.0
2024-09-30 12:28:00,105.8,105.9,105.71,105.9,9255.0
2024-09-30 12:30:00,105.83,105.89,105.75,105.82,3057.0
2024-09-30 12:32:00,105.83,105.88,105.81,105.85,4483.0
2024-09-30 12:34:00,105.87,105.87,105.8517,105.87,770.0
2024-09-30 12:36:00,107.5,107.5,105.8038,105.8038,186086.0
2024-09-30 12:38:00,105.81,105.85,105.76,105.76,6685.0
2024-09-30 12:40:00,105.82,105.88,105.82,105.88,3311.0
2024-09-30 12:42:00,105.86,105.92,105.86,105.91,4267.0
2024-09-30 12:44:00,105.9,105.92,105.84,105.85,422162.0
2024-09-30 12:46:00,105.88,105.88,105.8,105.8,2370.0
2024-09-30 12:48:00,105.8,105.9,105.77,105.9,4990.0
2024-09-30 12:50:00,105.92,106.15,105.92,106.15,7189.0
2024-09-30 12:52:00,106.14,106.16,106.04,106.04,5094.0
2024-09-30 12:54:00,106.12,106.2,106.11,106.16,4977.0
2024-09-30 12:56:00,106.03,106.05,105.99,105.99,3183.0
2024-09-30 12:58:00,106.1,106.1497,106.1,106.14,1052.0
2024-09-30 13:00:00,106.04,106.16,106.04,106.04,7912.0
2024-09-30 13:02:00,106.09,106.2,106.09,106.2,4403.0
2024-09-30 13:04:00,106.2,106.2,106.1,106.1899,2788.0
2024-09-30 13:06:00,106.18,106.32,106.15,106.31,15085.0
2024-09-30 13:08:00,106.31,106.38,106.25,106.36,14220.0
2024-09-30 13:10:00,106.353,106.46,106.35,106.44,9233.0
2024-09-30 13:12:00,106.4,106.5,106.4,106.4,6139.0
2024-09-30 13:14:00,106.4001,106.42,106.35,106.42,4006.0
2024-09-30 13:16:00,106.2301,106.44,106.2301,106.35,3869.0
2024-09-30 13:18:00,106.34,106.34,106.246,106.246,5979.0
2024-09-30 13:20:00,106.2787,106.44,106.2569,106.44,7344.0
2024-09-30 13:22:00,106.37,106.37,106.2555,106.32,3105.0
2024-09-30 13:24:00,106.36,106.4,106.2722,106.33,5147.0
2024-09-30 13:26:00,106.4,106.48,106.09,106.25,13620.0
2024-09-30 13:28:00,106.26,106.27,106.09,106.09,5089.0
2024-09-30 13:30:00,106.08,106.7483,105.85,106.26,690782.0
2024-09-30 13:32:00,106.2692,106.5414,105.78,105.82,340589.0
2024-09-30 13:34:00,105.7901,106.14,105.35,105.68,375916.0
2024-09-30 13:36:00,105.72,106.24,105.62,105.93,331510.0
2024-09-30 13:38:00,105.96,105.9875,105.46,105.77,282694.0
2024-09-30 13:40:00,105.8,106.08,105.63,105.8,263310.0
2024-09-30 13:42:00,105.77,106.1401,105.74,106.14,241083.0
2024-09-30 13:44:00,106.125,106.3,105.77,105.775,236395.0
2024-09-30 13:46:00,105.78,106.4,105.76,106.0573,280225.0
2024-09-30 13:48:00,106.035,106.38,105.97,106.2999,171786.0
2024-09-30 13:50:00,106.2697,106.48,106.0309,106.185,183608.0
2024-09-30 13:52:00,106.2,106.31,105.71,105.78,214030.0
2024-09-30 13:54:00,105.79,105.79,105.13,105.45,459628.0
2024-09-30 13:56:00,105.47,105.5799,104.8,104.95,541703.0
2024-09-30 13:58:00,104.95,105.1,104.64,104.7,337083.0
2024-09-30 14:00:00,104.7,104.82,104.21,104.23,506112.0
2024-09-30 14:02:00,104.25,104.6,104.2246,104.565,339185.0
2024-09-30 14:04:00,104.57,104.64,104.26,104.5303,308206.0
2024-09-30 14:06:00,104.51,104.51,103.84,104.03,503834.0
2024-09-30 14:08:00,104.01,104.17,103.74,104.04,364304.0
2024-09-30 14:10:00,104.03,104.16,103.77,104.16,215673.0
2024-09-30 14:12:00,104.1769,104.1899,103.76,103.7801,260788.0
2024-09-30 14:14:00,103.7924,103.9328,103.41,103.6,479556.0
2024-09-30 14:16:00,103.59,103.6736,103.375,103.4,276766.0
2024-09-30 14:18:00,103.4,103.4401,103.21,103.2299,345812.0
2024-09-30 14:20:00,103.23,103.55,103.21,103.5357,284604.0
2024-09-30 14:22:00,103.55,103.71,103.4,103.63,284835.0
2024-09-30 14:24:00,103.6301,103.6444,103.15,103.16,444876.0
2024-09-30 14:26:00,103.15,103.6,103.1,103.58,396350.0
2024-09-30 14:28:00,103.6,103.68,103.3101,103.655,310856.0
2024-09-30 14:30:00,103.665,103.82,103.6,103.78,300254.0
2024-09-30 14:32:00,103.77,103.9,103.6622,103.87,251063.0
2024-09-30 14:34:00,103.86,104.015,103.74,103.92,314987.0
2024-09-30 14:36:00,103.925,104.04,103.83,103.87,200660.0
2024-09-30 14:38:00,103.855,104.0899,103.62,104.05,263476.0
2024-09-30 14:40:00,104.05,104.13,103.86,103.964,184685.0
2024-09-30 14:42:00,103.96,104.1,103.76,103.76,167825.0
2024-09-30 14:44:00,103.77,104.02,103.77,103.955,129983.0
2024-09-30 14:46:00,103.95,104.199,103.84,104.0,168731.0
2024-09-30 14:48:00,104.0,104.1299,103.9,104.04,128571.0
2024-09-30 14:50:00,104.03,104.12,103.95,104.01,112001.0
2024-09-30 14:52:00,104.02,104.21,104.0,104.14,115696.0
2024-09-30 14:54:00,104.17,104.23,104.09,104.15,160306.0
2024-09-30 14:56:00,104.17,104.185,103.98,104.05,146363.0
2024-09-30 14:58:00,104.08,104.18,104.02,104.07,95483.0
2024-09-30 15:00:00,104.08,104.18,103.92,104.04,145157.0
2024-09-30 15:02:00,104.06,104.28,103.97,104.2626,187627.0
2024-09-30 15:04:00,104.268,104.36,104.155,104.21,181864.0
2024-09-30 15:06:00,104.2099,104.55,104.13,104.3297,206475.0
2024-09-30 15:08:00,104.32,104.339,103.88,103.965,185442.0
2024-09-30 15:10:00,103.97,104.29,103.89,104.265,92184.0
2024-09-30 15:12:00,104.265,104.3901,104.101,104.3901,194678.0
2024-09-30 15:14:00,104.4,104.46,104.31,104.32,137741.0
2024-09-30 15:16:00,104.33,104.59,104.31,104.58,104983.0
2024-09-30 15:18:00,104.58,104.59,104.3606,104.47,105977.0
2024-09-30 15:20:00,104.47,104.57,104.41,104.51,86719.0
2024-09-30 15:22:00,104.53,104.59,104.46,104.52,91233.0
2024-09-30 15:24:00,104.52,104.63,104.5059,104.615,82926.0
2024-09-30 15:26:00,104.62,104.72,104.6,104.637,116734.0
2024-09-30 15:28:00,104.645,104.715,104.53,104.675,78966.0
2024-09-30 15:30:00,104.685,104.685,104.42,104.485,111710.0
2024-09-30 15:32:00,104.4809,104.53,104.4,104.45,82168.0
2024-09-30 15:34:00,104.45,104.66,104.39,104.648,122370.0
2024-09-30 15:36:00,104.64,104.64,104.49,104.555,140204.0
2024-09-30 15:38:00,104.57,104.628,104.465,104.49,99487.0
2024-09-30 15:40:00,104.47,104.53,104.35,104.4019,106684.0
2024-09-30 15:42:00,104.42,104.91,104.41,104.8762,191114.0
2024-09-30 15:44:00,104.875,104.935,104.69,104.71,125866.0
2024-09-30 15:46:00,104.7198,104.75,104.5619,104.6573,100306.0
2024-09-30 15:48:00,104.64,104.79,104.63,104.77,107485.0
2024-09-30 15:50:00,104.78,104.8599,104.68,104.72,90166.0
2024-09-30 15:52:00,104.7,104.7,104.59,104.68,100210.0
2024-09-30 15:54:00,104.6684,104.69,104.595,104.64,76260.0
2024-09-30 15:56:00,104.6049,104.68,104.54,104.5501,85908.0
2024-09-30 15:58:00,104.56,104.66,104.49,104.5744,110378.0
2024-09-30 16:00:00,104.57,104.57,104.39,104.4592,116346.0
2024-09-30 16:02:00,104.47,104.57,104.41,104.5396,57874.0
2024-09-30 16:04:00,104.545,104.545,104.42,104.536491,73758.0
2024-09-30 16:06:00,104.5178,104.525,104.36,104.46,76533.0
2024-09-30 16:08:00,104.4656,104.57,104.31,104.365,72249.0
2024-09-30 16:10:00,104.36,104.5,104.13,104.13,118612.0
2024-09-30 16:12:00,104.135,104.1699,104.0,104.07,173260.0
2024-09-30 16:14:00,104.085,104.31,104.074,104.205,121173.0
2024-09-30 16:16:00,104.2,104.25,104.12,104.14,96468.0
2024-09-30 16:18:00,104.13,104.17,103.9787,104.0,172710.0
2024-09-30 16:20:00,104.01,104.056,103.9,104.02,183708.0
2024-09-30 16:22:00,104.03,104.2,103.91,104.1759,98063.0
2024-09-30 16:24:00,104.17,104.19,104.08,104.14,47034.0
2024-09-30 16:26:00,104.15,104.27,104.12,104.2685,83507.0
2024-09-30 16:28:00,104.269,104.284,104.2,104.21,55275.0
2024-09-30 16:30:00,104.2,104.2296,104.1098,104.1098,89455.0
2024-09-30 16:32:00,104.11,104.13,103.96,104.07,95441.0
2024-09-30 16:34:00,104.07,104.07,104.0,104.045,42771.0
2024-09-30 16:36:00,104.06,104.1,104.03,104.07,45246.0
2024-09-30 16:38:00,104.07,104.0967,104.019,104.0566,34037.0
2024-09-30 16:40:00,104.06,104.06,103.98,104.02,33416.0
2024-09-30 16:42:00,104.032,104.0792,103.97,104.04,42072.0
2024-09-30 16:44:00,104.0466,104.07,103.96,104.05,40290.0
2024-09-30 16:46:00,104.05,104.07,103.985,103.9898,29894.0
2024-09-30 16:48:00,104.0,104.0699,103.92,104.0661,63535.0
2024-09-30 16:50:00,104.065,104.25,104.065,104.14,69314.0
2024-09-30 16:52:00,104.1392,104.2,104.07,104.18,53136.0
2024-09-30 16:54:00,104.18,104.18,104.0202,104.06,57985.0
2024-09-30 16:56:00,104.05,104.055,104.0048,104.03,27902.0
2024-09-30 16:58:00,104.04,104.0563,103.872,103.89,94791.0
2024-09-30 17:00:00,103.894,103.895,103.75,103.77,150839.0
2024-09-30 17:02:00,103.75,103.8,103.7,103.72,70511.0
2024-09-30 17:04:00,103.72,103.7799,103.67,103.77,51787.0
2024-09-30 17:06:00,103.76,103.82,103.68,103.7,72248.0
2024-09-30 17:08:00,103.6999,103.71,103.63,103.6899,72697.0
2024-09-30 17:10:00,103.67,103.81,103.59,103.6,129295.0
2024-09-30 17:12:00,103.59,103.68,103.51,103.53,73002.0
2024-09-30 17:14:00,103.53,103.62,103.45,103.48,114587.0
2024-09-30 17:16:00,103.47,103.69,103.42,103.6448,116227.0
2024-09-30 17:18:00,103.6477,103.68,103.51,103.54,81760.0
2024-09-30 17:20:00,103.53,103.595,103.46,103.52,85878.0
2024-09-30 17:22:00,103.52,103.61,103.51,103.51,71049.0
2024-09-30 17:24:00,103.52,103.6,103.5,103.58,56097.0
2024-09-30 17:26:00,103.59,103.61,103.45,103.51,81219.0
2024-09-30 17:28:00,103.52,103.52,103.38,103.405,116506.0
2024-09-30 17:30:00,103.39,103.46,103.345,103.39,104881.0
2024-09-30 17:32:00,103.375,103.41,103.2997,103.30663,93483.0
2024-09-30 17:34:00,103.3199,103.35,103.198,103.23,200988.0
2024-09-30 17:36:00,103.24,103.32,103.16,103.2057,108757.0
2024-09-30 17:38:00,103.21,103.32,103.2,103.23,119891.0
2024-09-30 17:40:00,103.24,103.24,103.115,103.15,127121.0
2024-09-30 17:42:00,103.15,103.28,103.1401,103.22,87045.0
2024-09-30 17:44:00,103.22,103.29,103.1001,103.29,110249.0
2024-09-30 17:46:00,103.29,103.56,103.29,103.555,145922.0
2024-09-30 17:48:00,103.555,103.675,103.535,103.66,166493.0
2024-09-30 17:50:00,103.64,103.6963,103.63,103.69,94917.0
2024-09-30 17:52:00,103.69,103.75,103.65,103.7399,70220.0
2024-09-30 17:54:00,103.74,103.805,103.61,103.6501,167612.0
2024-09-30 17:56:00,103.6563,103.77,103.575,103.7201,140655.0
2024-09-30 17:58:00,103.727,103.91,103.727,103.7399,135328.0
2024-09-30 18:00:00,103.7299,103.8,103.575,103.64,81811.0
2024-09-30 18:02:00,103.64,103.75,103.63,103.71,55172.0
2024-09-30 18:04:00,103.6975,103.72,103.56,103.61,80137.0
2024-09-30 18:06:00,103.6,103.63,103.4,103.5401,119962.0
2024-09-30 18:08:00,103.53,103.65,103.51,103.5507,60590.0
2024-09-30 18:10:00,103.55,103.55,103.37,103.415,120850.0
2024-09-30 18:12:00,103.4071,103.45,103.295,103.41,90021.0
2024-09-30 18:14:00,103.39,103.4,103.1,103.105,154299.0
2024-09-30 18:16:00,103.15,103.2671,102.95,102.9978,348939.0
2024-09-30 18:18:00,103.0,103.1199,102.81,102.8203,166345.0
2024-09-30 18:20:00,102.8227,102.84,102.57,102.585,277188.0
2024-09-30 18:22:00,102.59,102.6501,102.47,102.575,230959.0
2024-09-30 18:24:00,102.57,102.745,102.4906,102.675,193593.0
2024-09-30 18:26:00,102.666649,102.68,102.53,102.655,152846.0
2024-09-30 18:28:00,102.655,102.9297,102.62,102.8261,186165.0
2024-09-30 18:30:00,102.82,102.82,102.52,102.55,142226.0
2024-09-30 18:32:00,102.545,102.8398,102.495,102.8106,139793.0
2024-09-30 18:34:00,102.85,102.9439,102.74,102.904,140530.0
2024-09-30 18:36:00,102.91,103.2399,102.91,103.05,216534.0
2024-09-30 18:38:00,103.05,103.11,102.9601,103.005,100511.0
2024-09-30 18:40:00,103.01,103.15,102.93,103.0653,102137.0
2024-09-30 18:42:00,103.0799,103.0799,102.81,102.81,205406.0
2024-09-30 18:44:00,102.82,103.02,102.71,102.9752,155854.0
2024-09-30 18:46:00,102.98,103.09,102.95,102.99,100473.0
2024-09-30 18:48:00,102.98,103.1,102.92,102.955,81698.0
2024-09-30 18:50:00,102.955,103.18,102.92,102.95,132621.0
2024-09-30 18:52:00,102.92,103.1,102.83,103.09,108324.0
2024-09-30 18:54:00,103.08,103.3299,103.0708,103.24,207886.0
2024-09-30 18:56:00,103.24,103.24,103.12,103.18,90774.0
2024-09-30 18:58:00,103.1825,103.3,103.11,103.24,72605.0
2024-09-30 19:00:00,103.22,103.3899,103.0,103.26,160387.0
2024-09-30 19:02:00,103.2284,103.425,103.168,103.42,127162.0
2024-09-30 19:04:00,103.4297,103.45,103.32,103.34,113831.0
2024-09-30 19:06:00,103.34,103.55,103.26,103.51,156440.0
2024-09-30 19:08:00,103.52,103.55,103.41,103.46,123157.0
2024-09-30 19:10:00,103.46,103.47,103.12,103.175,141258.0
2024-09-30 19:12:00,103.17,103.28,103.1201,103.23,109942.0
2024-09-30 19:14:00,103.22,103.235,103.02,103.06,101789.0
2024-09-30 19:16:00,103.0614,103.13,103.01,103.105,101855.0
2024-09-30 19:18:00,103.105,103.28,103.08,103.2433,190714.0
2024-09-30 19:20:00,103.24,103.24,103.031,103.11,119508.0
2024-09-30 19:22:00,103.1001,103.11,102.955,102.97,135487.0
2024-09-30 19:24:00,102.97,103.0,102.87,102.87,164820.0
2024-09-30 19:26:00,102.875,102.9565,102.821,102.821,120098.0
2024-09-30 19:28:00,102.825,102.92,102.78,102.88,158370.0
2024-09-30 19:30:00,102.87,102.94,102.62,102.6399,227351.0
2024-09-30 19:32:00,102.63,102.66,102.541,102.58,252202.0
2024-09-30 19:34:00,102.57,102.59,102.34,102.3851,346367.0
2024-09-30 19:36:00,102.39,102.63,102.26,102.576,352266.0
2024-09-30 19:38:00,102.58,102.66,102.5505,102.62,195551.0
2024-09-30 19:40:00,102.615,102.615,102.33,102.4701,225591.0
2024-09-30 19:42:00,102.47,102.6182,102.4152,102.47,174338.0
2024-09-30 19:44:00,102.48,102.67,102.45,102.58,253416.0
2024-09-30 19:46:00,102.575,102.71,102.49,102.7001,166417.0
2024-09-30 19:48:00,102.71,102.9297,102.71,102.76,275502.0
2024-09-30 19:50:00,102.765,103.289,102.76,103.22,426752.0
2024-09-30 19:52:00,103.23,103.36,103.09,103.1514,397248.0
2024-09-30 19:54:00,103.16,103.55,103.155,103.53,460671.0
2024-09-30 19:56:00,103.52,103.81,103.5,103.7919,493242.0
2024-09-30 19:58:00,103.79,103.8,103.58,103.7,942427.0
2024-09-30 20:00:00,103.71,103.71,103.54,103.54,116633.0
2024-09-30 20:02:00,103.57,103.57,103.3,103.3,28679.0
2024-09-30 20:04:00,103.29,103.71,103.2403,103.3,28475.0
2024-09-30 20:06:00,103.298,103.3,103.213,103.24,24493.0
2024-09-30 20:08:00,103.25,103.28,103.21,103.24,9502.0
2024-09-30 20:10:00,103.2134,103.26,103.2134,103.26,2874.0
2024-09-30 20:12:00,103.26,103.26,103.23,103.23,2329.0
2024-09-30 20:14:00,103.25,103.71,103.24,103.2499,4619.0
2024-09-30 20:16:00,103.71,103.71,103.22,103.22,1780.0
2024-09-30 20:18:00,103.22,103.22,103.2,103.2,5203.0
2024-09-30 20:20:00,103.21,103.22,103.21,103.21,4532.0
2024-09-30 20:22:00,103.22,103.22,103.18,103.18,4909.0
2024-09-30 20:24:00,103.21,103.25,103.21,103.2201,11678.0
2024-09-30 20:26:00,103.2209,103.3,103.22,103.3,3997.0
2024-09-30 20:28:00,103.3445,103.4288,103.3195,103.4288,1926.0
2024-09-30 20:30:00,103.3401,103.3401,103.25,103.25,1726.0
2024-09-30 20:32:00,103.33,103.3375,103.32,103.32,1464.0
2024-09-30 20:34:00,103.34,103.34,103.3,103.3,2460.0
2024-09-30 20:36:00,103.31,103.3385,103.31,103.32,2184.0
2024-09-30 20:38:00,103.31,103.34,103.31,103.31,1440.0
2024-09-30 20:40:00,103.31,103.31,103.31,103.31,2031.0
2024-09-30 20:42:00,103.31,103.33,103.2819,103.2819,2722.0
2024-09-30 20:44:00,103.33,103.33,103.2901,103.2901,1356.0
2024-09-30 20:46:00,103.29,103.29,103.24,103.24,2984.0
2024-09-30 20:48:00,103.2499,103.28,103.23,103.28,5547.0
2024-09-30 20:50:00,103.23,103.26,103.23,103.26,825.0
2024-09-30 20:52:00,103.2771,103.2771,103.25,103.25,361.0
2024-09-30 20:54:00,103.23,103.24,103.18,103.18,6658.0
2024-09-30 20:56:00,103.19,103.2,103.19,103.19,1054.0
2024-09-30 20:58:00,103.18,103.2,103.18,103.18,4007.0
2024-09-30 21:00:00,103.19,103.2,103.1103,103.16,7675.0
2024-09-30 21:02:00,103.139,103.14,103.12,103.12,2894.0
2024-09-30 21:04:00,103.11,103.13,103.11,103.11,1195.0
2024-09-30 21:06:00,103.1499,103.25,103.14,103.25,4486.0
2024-09-30 21:10:00,103.21,103.2193,103.21,103.2193,3786.0
2024-09-30 21:12:00,103.21,103.2192,103.21,103.2192,515.0
2024-09-30 21:14:00,103.2494,103.2494,103.1835,103.22,1107.0
2024-09-30 21:16:00,103.2483,103.25,103.24,103.24,4494.0
2024-09-30 21:18:00,103.25,103.25,103.19,103.19,5694.0
2024-09-30 21:20:00,103.2,103.2,103.11,103.13,11167.0
2024-09-30 21:22:00,103.13,103.13,103.13,103.13,315.0
2024-09-30 21:24:00,103.2488,103.2488,103.15,103.15,427.0
2024-09-30 21:26:00,103.1989,103.1989,103.1525,103.1525,382.0
2024-09-30 21:28:00,103.15,103.15,103.15,103.15,262.0
2024-09-30 21:30:00,103.15,103.15,103.11,103.15,1782.0
2024-09-30 21:34:00,103.12,103.12,103.12,103.12,736.0
2024-09-30 21:36:00,103.15,103.15,103.1,103.1,620.0
2024-09-30 21:40:00,103.17,103.18,103.11,103.11,531.0
2024-09-30 21:42:00,103.1001,103.1001,103.1001,103.1001,200.0
2024-09-30 21:44:00,103.1499,103.1499,103.1499,103.1499,230.0
2024-09-30 21:46:00,103.13,103.18,103.13,103.1626,949.0
2024-09-30 21:52:00,103.11,103.11,103.11,103.11,1093.0
2024-09-30 21:54:00,103.1201,103.17,103.1201,103.17,478.0
2024-09-30 21:58:00,103.12,103.18,103.12,103.18,637.0
2024-09-30 22:00:00,103.18,103.18,103.18,103.18,177.0
2024-09-30 22:02:00,103.19,103.19,103.19,103.19,519.0
2024-09-30 22:04:00,103.2,103.2,103.196,103.196,568.0
2024-09-30 22:06:00,103.1404,103.17,103.1404,103.17,459.0
2024-09-30 22:08:00,103.1715,103.19,103.1715,103.19,1733.0
2024-09-30 22:10:00,103.1504,103.1504,103.1504,103.1504,327.0
2024-09-30 22:12:00,103.1511,103.17,103.15,103.15,1227.0
2024-09-30 22:14:00,103.16,103.17,103.14,103.14,2423.0
2024-09-30 22:16:00,103.12,103.12,103.1,103.1,3229.0
2024-09-30 22:18:00,103.0901,103.0901,103.0901,103.0901,185.0
2024-09-30 22:20:00,103.12,103.12,103.09,103.12,3477.0
2024-09-30 22:22:00,103.0665,103.0665,103.06,103.06,858.0
2024-09-30 22:24:00,103.06,103.06,103.06,103.06,175.0
2024-09-30 22:28:00,103.1,103.1,103.06,103.06,4331.0
2024-09-30 22:30:00,103.06,103.07,103.0,103.05,5217.0
2024-09-30 22:32:00,103.12,103.12,103.02,103.02,1635.0
2024-09-30 22:34:00,103.0112,103.05,103.01,103.01,1196.0
2024-09-30 22:38:00,103.1,103.1,103.1,103.1,471.0
2024-09-30 22:40:00,103.12,103.12,103.0246,103.08,2024.0
2024-09-30 22:42:00,103.1199,103.17,103.05,103.15,4090.0
2024-09-30 22:44:00,103.0501,103.0501,103.0501,103.0501,165.0
2024-09-30 22:46:00,103.07,103.07,103.05,103.05,2547.0
2024-09-30 22:48:00,103.04,103.04,103.04,103.04,248.0
2024-09-30 22:52:00,103.02,103.0694,103.0,103.0694,2289.0
2024-09-30 22:54:00,103.0699,103.0699,103.05,103.069,736.0
2024-09-30 22:56:00,103.07,103.07,103.07,103.07,200.0
2024-09-30 22:58:00,103.06,103.07,103.01,103.01,826.0
2024-09-30 23:00:00,103.0697,103.0697,103.0697,103.0697,1021.0
2024-09-30 23:02:00,103.067,103.0675,103.01,103.0225,675.0
2024-09-30 23:04:00,103.0201,103.0201,103.0201,103.0201,202.0
2024-09-30 23:08:00,103.0201,103.068,103.0201,103.068,827.0
2024-09-30 23:10:00,103.02,103.07,103.01,103.07,1863.0
2024-09-30 23:14:00,103.0,103.0525,103.0,103.05,3883.0
2024-09-30 23:16:00,103.07,103.07,103.05,103.05,360.0
2024-09-30 23:18:00,103.031,103.1,103.031,103.06,1648.0
2024-09-30 23:20:00,103.07,103.1,103.07,103.1,1117.0
2024-09-30 23:22:00,103.09,103.09,103.09,103.09,411.0
2024-09-30 23:24:00,103.08,103.08,103.08,103.08,1580.0
2024-09-30 23:26:00,103.09,103.09,103.0805,103.0805,383.0
2024-09-30 23:28:00,103.09,103.09,103.09,103.09,2930.0
2024-09-30 23:30:00,103.15,103.15,103.1012,103.1012,474.0
2024-09-30 23:32:00,103.15,103.15,103.1215,103.1215,571.0
2024-09-30 23:34:00,103.11,103.12,103.1,103.1,946.0
2024-09-30 23:36:00,103.1,103.12,103.1,103.12,1455.0
2024-09-30 23:38:00,103.1,103.1489,103.1,103.1489,1486.0
2024-09-30 23:40:00,103.12,103.12,103.12,103.12,328.0
2024-09-30 23:42:00,103.15,103.15,103.15,103.15,262.0
2024-09-30 23:44:00,103.1203,103.16,103.1203,103.16,1026.0
2024-09-30 23:46:00,103.16,103.2,103.147,103.147,1276.0
2024-09-30 23:48:00,103.15,103.17,103.15,103.1525,2503.0
2024-09-30 23:50:00,103.151,103.151,103.132,103.15,3510.0
2024-09-30 23:52:00,103.13,103.16,103.13,103.16,1948.0
2024-09-30 23:54:00,103.1415,103.1415,103.1409,103.1409,936.0
2024-09-30 23:56:00,103.14,103.2,103.1,103.1013,5593.0
2024-09-30 23:58:00,103.12,103.19,103.1,103.11,5680.0
2024-10-01 08:00:00,103.56,109.92,103.56,104.01,11528.0
2024-10-01 08:02:00,103.83,103.9,103.8,103.8,1158.0
2024-10-01 08:04:00,103.91,104.0,103.9,103.91,4764.0
2024-10-01 08:06:00,104.01,104.01,103.92,103.98,1426.0
2024-10-01 08:08:00,103.97,104.03,103.95,104.02,6444.0
2024-10-01 08:10:00,104.04,104.07,104.0,104.0,3794.0
2024-10-01 08:12:00,104.02,104.05,103.97,103.98,3632.0
2024-10-01 08:14:00,103.97,104.02,103.97,104.02,3239.0
2024-10-01 08:16:00,104.03,104.03,104.03,104.03,471.0
2024-10-01 08:18:00,104.0,104.35,103.92,103.92,3982.0
2024-10-01 08:20:00,104.01,104.02,104.01,104.02,722.0
2024-10-01 08:22:00,104.21,104.21,104.15,104.15,619.0
2024-10-01 08:24:00,104.16,104.16,104.11,104.11,765.0
2024-10-01 08:30:00,104.2,104.2,104.2,104.2,498.0
2024-10-01 08:32:00,104.2,104.2,104.2,104.2,454.0
2024-10-01 08:40:00,104.2,104.2,104.2,104.2,499.0
2024-10-01 08:48:00,104.25,104.25,104.25,104.25,322.0
2024-10-01 08:50:00,104.26,104.26,104.26,104.26,209.0
2024-10-01 08:56:00,104.14,104.14,104.03,104.03,1608.0
2024-10-01 08:58:00,104.08,104.08,104.08,104.08,634.0
2024-10-01 09:06:00,104.11,104.11,104.11,104.11,294.0
2024-10-01 09:08:00,104.11,104.12,104.11,104.12,934.0
2024-10-01 09:14:00,104.24,104.24,104.24,104.24,200.0
2024-10-01 09:18:00,104.14,104.14,104.13,104.13,1069.0
2024-10-01 09:20:00,104.21,104.24,104.2,104.2,1644.0
2024-10-01 09:24:00,104.14,104.14,104.13,104.13,825.0
2024-10-01 09:26:00,104.12,104.12,104.12,104.12,349.0
2024-10-01 09:30:00,104.06,104.06,104.06,104.06,603.0
2024-10-01 09:32:00,104.06,104.06,104.06,104.06,844.0
2024-10-01 09:40:00,104.19,104.19,104.19,104.19,158.0
2024-10-01 09:42:00,104.19,104.21,104.19,104.2,1272.0
2024-10-01 09:44:00,104.23,104.23,104.23,104.23,195.0
2024-10-01 09:46:00,104.23,104.23,104.2,104.22,859.0
2024-10-01 09:48:00,104.16,104.16,104.15,104.15,804.0
2024-10-01 09:50:00,104.23,104.23,104.23,104.23,300.0
2024-10-01 09:54:00,104.16,104.16,104.16,104.16,400.0
2024-10-01 09:56:00,104.24,104.24,104.15,104.15,753.0
2024-10-01 09:58:00,104.15,104.15,104.14,104.14,457.0
2024-10-01 10:02:00,104.12,104.12,104.12,104.12,144.0
2024-10-01 10:08:00,104.18,104.18,104.11,104.11,1733.0
2024-10-01 10:10:00,104.11,104.11,104.11,104.11,154.0
2024-10-01 10:14:00,104.14,104.2,104.14,104.2,1944.0
2024-10-01 10:18:00,104.2,104.2,104.2,104.2,288.0
2024-10-01 10:20:00,104.2,104.2,104.2,104.2,184.0
2024-10-01 10:22:00,104.22,104.31,104.22,104.3,4084.0
2024-10-01 10:24:00,104.24,104.24,104.24,104.24,154.0
2024-10-01 10:30:00,104.25,104.26,104.25,104.26,393.0
2024-10-01 10:34:00,104.29,104.29,104.23,104.23,406.0
2024-10-01 10:36:00,104.26,104.3,104.25,104.3,3023.0
2024-10-01 10:40:00,104.32,104.32,104.32,104.32,530.0
2024-10-01 10:44:00,104.31,104.31,104.31,104.31,102.0
2024-10-01 10:48:00,104.31,104.31,104.29,104.29,671.0
2024-10-01 10:50:00,104.28,104.29,104.24,104.24,763.0
2024-10-01 10:58:00,104.35,104.35,104.35,104.35,1000.0
2024-10-01 11:00:00,104.3,104.35,104.14,104.15,13946.0
2024-10-01 11:02:00,104.16,104.22,104.15,104.22,1900.0
2024-10-01 11:04:00,104.15,104.15,104.1,104.1,1102.0
2024-10-01 11:06:00,104.12,104.13,104.12,104.12,834.0
2024-10-01 11:08:00,104.08,104.08,104.0,104.0,9369.0
2024-10-01 11:10:00,104.05,104.05,103.95,103.95,1394.0
2024-10-01 11:12:00,104.02,104.02,103.97,103.97,1360.0
2024-10-01 11:14:00,103.97,103.97,103.92,103.92,1487.0
2024-10-01 11:16:00,104.0,104.0,104.0,104.0,563.0
2024-10-01 11:18:00,103.93,103.93,103.91,103.91,1951.0
2024-10-01 11:20:00,103.9,103.9,103.71,103.77,4107.0
2024-10-01 11:22:00,103.72,103.8,103.72,103.75,2248.0
2024-10-01 11:24:00,103.83,103.83,103.83,103.83,324.0
2024-10-01 11:26:00,103.85,103.85,103.83,103.83,576.0
2024-10-01 11:28:00,103.79,103.79,103.79,103.79,784.0
2024-10-01 11:30:00,103.81,103.81,103.8,103.8,335.0
2024-10-01 11:32:00,103.76,103.76,103.58,103.58,6314.0
2024-10-01 11:36:00,103.62,103.62,103.51,103.51,4910.0
2024-10-01 11:38:00,103.5,103.5,103.36,103.36,4384.0
2024-10-01 11:40:00,103.35,103.41,103.35,103.41,1596.0
2024-10-01 11:42:00,103.62,103.65,103.5,103.52,3611.0
2024-10-01 11:44:00,103.48,103.64,103.44,103.64,3911.0
2024-10-01 11:50:00,103.53,103.53,103.4,103.4,5901.0
2024-10-01 11:52:00,103.49,103.49,103.49,103.49,711.0
2024-10-01 11:56:00,103.63,103.66,103.63,103.66,1552.0
2024-10-01 11:58:00,103.57,103.57,103.56,103.56,1504.0
2024-10-01 12:00:00,104.25,104.3,103.29,103.66,81090.0
2024-10-01 12:02:00,103.686,103.686,103.6,103.6,1982.0
2024-10-01 12:04:00,103.6,103.64,103.6,103.6,4231.0
2024-10-01 12:06:00,103.5989,103.677,103.5989,103.677,1903.0
2024-10-01 12:08:00,103.62,103.62,103.5985,103.5985,821.0
2024-10-01 12:10:00,103.6,103.61,103.57,103.61,2160.0
2024-10-01 12:12:00,103.66,103.66,103.5501,103.61,2626.0
2024-10-01 12:14:00,103.6785,103.6787,103.6785,103.6787,1589.0
2024-10-01 12:16:00,103.65,103.75,103.6254,103.6254,5618.0
2024-10-01 12:20:00,103.6075,103.7465,103.6075,103.7465,757.0
2024-10-01 12:22:00,103.74,103.74,103.74,103.74,5815.0
2024-10-01 12:24:00,103.74,103.82,103.74,103.82,2372.0
2024-10-01 12:26:00,103.83,103.84,103.71,103.71,5894.0
2024-10-01 12:28:00,103.814,103.82,103.7,103.7,5422.0
2024-10-01 12:30:00,103.6046,103.7,103.6046,103.6164,1130.0
2024-10-01 12:32:00,103.7,103.7,103.68,103.68,1181.0
2024-10-01 12:34:00,103.65,103.65,103.605,103.63,2644.0
2024-10-01 12:36:00,103.62,103.665,103.62,103.665,1077.0
2024-10-01 12:38:00,103.607,103.67,103.6,103.67,3253.0
2024-10-01 12:40:00,103.68,103.833,103.67,103.833,3150.0
2024-10-01 12:42:00,103.82,103.85,103.75,103.85,4187.0
2024-10-01 12:44:00,103.73,103.73,103.7002,103.7002,4615.0
2024-10-01 12:46:00,103.72,103.72,103.696,103.698,5364.0
2024-10-01 12:48:00,103.66,103.7,103.65,103.65,2965.0
2024-10-01 12:50:00,103.64,103.66,103.6,103.66,7797.0
2024-10-01 12:52:00,103.69,103.69,103.68,103.68,1046.0
2024-10-01 12:54:00,103.7,103.71,103.7,103.71,1518.0
2024-10-01 12:56:00,103.7,103.7,103.65,103.65,1170.0
2024-10-01 12:58:00,103.7,103.786,103.67,103.76,4815.0
2024-10-01 13:00:00,103.7813,103.7813,103.71,103.71,2989.0
2024-10-01 13:02:00,103.71,103.73,103.71,103.73,1420.0
2024-10-01 13:04:00,103.73,103.8,103.71,103.8,4213.0
2024-10-01 13:06:00,103.8,103.82,103.76,103.82,2597.0
2024-10-01 13:08:00,103.82,103.91,103.82,103.9,7842.0
2024-10-01 13:10:00,103.9,103.92,103.8,103.9,5819.0
2024-10-01 13:12:00,103.876,103.88,103.8,103.8475,4834.0
2024-10-01 13:14:00,103.8,103.83,103.6843,103.71,4215.0
2024-10-01 13:16:00,103.75,103.8,103.75,103.77,3221.0
2024-10-01 13:18:00,103.71,103.71,103.67,103.7,1113.0
2024-10-01 13:20:00,103.7,103.7,103.6003,103.62,5297.0
2024-10-01 13:22:00,103.64,103.72,103.61,103.72,2462.0
2024-10-01 13:24:00,103.72,103.72,103.65,103.65,573.0
2024-10-01 13:26:00,103.6,103.71,103.55,103.6,6312.0
2024-10-01 13:28:00,103.56,103.6,103.4,103.4,26784.0
2024-10-01 13:30:00,103.4,104.2,102.91,103.135,641277.0
2024-10-01 13:32:00,103.16,103.19,102.52,102.9981,288336.0
2024-10-01 13:34:00,102.955,103.08,102.65,102.79,225503.0
2024-10-01 13:36:00,102.785,102.99,102.54,102.63,204921.0
2024-10-01 13:38:00,102.6059,102.88,102.48,102.58,214617.0
2024-10-01 13:40:00,102.56,102.65,102.38,102.47,231581.0
2024-10-01 13:42:00,102.445,102.46,101.932,102.2842,416294.0
2024-10-01 13:44:00,102.28,102.36,101.445,101.59,490728.0
2024-10-01 13:46:00,101.63,101.975,101.39,101.39,329544.0
2024-10-01 13:48:00,101.39,101.77,101.12,101.6953,394114.0
2024-10-01 13:50:00,101.7,101.905,101.5931,101.79,248309.0
2024-10-01 13:52:00,101.83,101.8799,101.4104,101.7723,193774.0
2024-10-01 13:54:00,101.7402,101.77003,101.39,101.58,237046.0
2024-10-01 13:56:00,101.55,101.88,101.539,101.79,207230.0
2024-10-01 13:58:00,101.81,101.82,101.57,101.66,159670.0
2024-10-01 14:00:00,101.671,102.1781,101.4032,101.99,279355.0
2024-10-01 14:02:00,101.9938,101.9938,101.67,101.8701,149323.0
2024-10-01 14:04:00,101.87,102.13,101.77,101.8299,158795.0
2024-10-01 14:06:00,101.78,101.8,101.36,101.405,192913.0
2024-10-01 14:08:00,101.4,101.52,100.93,100.99,436035.0
2024-10-01 14:10:00,100.9873,101.15,100.75,100.84,328105.0
2024-10-01 14:12:00,100.85,101.15,100.75,100.94,194370.0
2024-10-01 14:14:00,100.9111,101.04,100.53,100.64,317618.0
2024-10-01 14:16:00,100.635,100.74,100.33,100.36,247389.0
2024-10-01 14:18:00,100.4,100.48,100.06,100.1,410753.0
2024-10-01 14:20:00,100.11,100.4199,100.065,100.3,354431.0
2024-10-01 14:22:00,100.28,100.63,100.195,100.465,247155.0
2024-10-01 14:24:00,100.4587,100.52,100.22,100.22,199977.0
2024-10-01 14:26:00,100.28,100.34,100.02,100.08,247578.0
2024-10-01 14:28:00,100.08,100.11,99.739,99.91,539015.0
2024-10-01 14:30:00,99.905,99.98,99.56,99.61,216860.0
2024-10-01 14:32:00,99.6,99.82,99.44,99.7743,326090.0
2024-10-01 14:34:00,99.7606,99.8299,99.5975,99.64383,159695.0
2024-10-01 14:36:00,99.62,100.12,99.6,100.09,313030.0
2024-10-01 14:38:00,100.0799,100.205,99.95,100.0711,195115.0
2024-10-01 14:40:00,100.055,100.32,100.0,100.27,165641.0
2024-10-01 14:42:00,100.27,100.52,100.25,100.45,200621.0
2024-10-01 14:44:00,100.43,100.48,100.32,100.36,155378.0
2024-10-01 14:46:00,100.34,100.5,100.31,100.38,117872.0
2024-10-01 14:48:00,100.38,100.388,100.2219,100.302,88588.0
2024-10-01 14:50:00,100.295,100.39,100.21,100.34,119117.0
2024-10-01 14:52:00,100.335,100.365,100.0997,100.12,92556.0
2024-10-01 14:54:00,100.13,100.39,100.04,100.355,92407.0
2024-10-01 14:56:00,100.345,100.419,100.26,100.3,70263.0
2024-10-01 14:58:00,100.3,100.43,100.26,100.3894,68129.0
2024-10-01 15:00:00,100.3661,100.42,100.2,100.2497,75522.0
2024-10-01 15:02:00,100.24,100.29,100.11,100.14,70476.0
2024-10-01 15:04:00,100.15,100.17,99.647644,99.657779,298247.0
2024-10-01 15:06:00,99.65,99.795,99.6315,99.74,135701.0
2024-10-01 15:08:00,99.76,99.81,99.3,99.3401,209069.0
2024-10-01 15:10:00,99.37,99.47,99.34,99.405,149094.0
2024-10-01 15:12:00,99.4,99.46,99.3201,99.34,187783.0
2024-10-01 15:14:00,99.32,99.365,99.17,99.24,211547.0
2024-10-01 15:16:00,99.24,99.2499,98.94,98.995,349758.0
2024-10-01 15:18:00,98.995,99.288,98.995,99.21,162668.0
2024-10-01 15:20:00,99.18,99.35,99.16,99.31,108388.0
2024-10-01 15:22:00,99.315,99.34,99.09,99.12,164590.0
2024-10-01 15:24:00,99.13,99.1356,98.97,99.08,237469.0
2024-10-01 15:26:00,99.08,99.54,99.08,99.495,193058.0
2024-10-01 15:28:00,99.51,99.89,99.505,99.863,349943.0
2024-10-01 15:30:00,99.84,100.2,99.72,100.2,264949.0
2024-10-01 15:32:00,100.18,100.3,100.01,100.26,219540.0
2024-10-01 15:34:00,100.27,100.38,100.07,100.09,211135.0
2024-10-01 15:36:00,100.1,100.35,100.06,100.13,159049.0
2024-10-01 15:38:00,100.1501,100.4269,100.11,100.4,140370.0
2024-10-01 15:40:00,100.4,100.5,100.29,100.4555,127566.0
2024-10-01 15:42:00,100.48,100.64,100.42,100.62,149069.0
2024-10-01 15:44:00,100.63,100.67,100.35,100.41,112619.0
2024-10-01 15:46:00,100.425,100.45,100.17,100.28,101707.0
2024-10-01 15:48:00,100.32,100.49,100.265,100.4201,91026.0
2024-10-01 15:50:00,100.4466,100.6375,100.4393,100.58,110885.0
2024-10-01 15:52:00,100.6,100.6,100.38,100.38,76908.0
2024-10-01 15:54:00,100.406,100.47,100.24,100.24,83865.0
2024-10-01 15:56:00,100.265,100.295,100.18,100.255,52022.0
2024-10-01 15:58:00,100.24,100.25,100.0335,100.07,168385.0
2024-10-01 16:00:00,100.038,100.1499,99.98,100.03,104215.0
2024-10-01 16:02:00,100.035,100.46,100.0,100.42,145832.0
2024-10-01 16:04:00,100.43,100.48,100.33,100.415,84048.0
2024-10-01 16:06:00,100.415,100.53,100.35,100.435,90097.0
2024-10-01 16:08:00,100.41,100.55,100.37,100.54,57972.0
2024-10-01 16:10:00,100.51,100.72,100.45,100.69,107084.0
2024-10-01 16:12:00,100.685,100.7099,100.27,100.29,72106.0
2024-10-01 16:14:00,100.24,100.4099,100.19,100.33,99088.0
2024-10-01 16:16:00,100.32,100.41,100.225,100.2499,51203.0
2024-10-01 16:18:00,100.255,100.255,100.11,100.12,81470.0
2024-10-01 16:20:00,100.135,100.27,100.13,100.25,64967.0
2024-10-01 16:22:00,100.26,100.28,100.03,100.0523,90547.0
2024-10-01 16:24:00,100.06,100.125,100.01,100.07,63720.0
2024-10-01 16:26:00,100.068,100.09,99.91,99.95,96175.0
2024-10-01 16:28:00,99.9401,100.1996,99.89,100.054,96054.0
2024-10-01 16:30:00,100.05,100.1,100.0001,100.065,51423.0
2024-10-01 16:32:00,100.07,100.07,99.58,99.82,217999.0
2024-10-01 16:34:00,99.8499,100.09,99.82,100.06,94891.0
2024-10-01 16:36:00,100.03,100.15,99.81,99.89,64597.0
2024-10-01 16:38:00,99.86,99.8707,99.67,99.73,68600.0
2024-10-01 16:40:00,99.7,99.86,99.6875,99.72,99053.0
2024-10-01 16:42:00,99.74,99.7497,99.55,99.65,87644.0
2024-10-01 16:44:00,99.65,99.6693,99.48,99.51,99390.0
2024-10-01 16:46:00,99.5,99.5999,99.37,99.47,124672.0
2024-10-01 16:48:00,99.475,99.63,99.47,99.615,81642.0
2024-10-01 16:50:00,99.58,99.87,99.58,99.8093,80249.0
2024-10-01 16:52:00,99.795,100.16,99.76,100.075,148831.0
2024-10-01 16:54:00,100.08,100.24,99.98,100.01,262703.0
2024-10-01 16:56:00,100.04,100.08,99.88,100.05,139969.0
2024-10-01 16:58:00,100.02,100.23,100.0,100.13,82119.0
2024-10-01 17:00:00,100.07,100.11,99.99,100.01,51103.0
2024-10-01 17:02:00,100.02,100.02,99.7706,99.784,72391.0
2024-10-01 17:04:00,99.7925,99.7925,99.63,99.7,211393.0
2024-10-01 17:06:00,99.67,99.715,99.52,99.5327,88435.0
2024-10-01 17:08:00,99.535,99.57,99.35,99.428,110643.0
2024-10-01 17:10:00,99.43,99.5199,99.18,99.21,144821.0
2024-10-01 17:12:00,99.22,99.44,99.2,99.2899,110035.0
2024-10-01 17:14:00,99.28,99.3399,99.0108,99.0609,139134.0
2024-10-01 17:16:00,99.05,99.1398,99.0,99.06,139960.0
2024-10-01 17:18:00,99.07,99.11,99.0,99.05,96138.0
2024-10-01 17:20:00,99.055,99.28,99.055,99.15,106103.0
2024-10-01 17:22:00,99.16,99.25,99.03,99.1,90000.0
2024-10-01 17:24:00,99.1,99.21,99.0801,99.2,61443.0
2024-10-01 17:26:00,99.205,99.2899,99.11,99.13,71609.0
2024-10-01 17:28:00,99.135,99.22,99.01,99.015,136212.0
2024-10-01 17:30:00,99.02,99.45,98.98,99.43,239560.0
2024-10-01 17:32:00,99.44,99.5,99.33,99.48,131958.0
2024-10-01 17:34:00,99.45,99.64,99.37,99.3965,112687.0
2024-10-01 17:36:00,99.38,99.38,99.16,99.19,140309.0
2024-10-01 17:38:00,99.18,99.336,99.12,99.28,162831.0
2024-10-01 17:40:00,99.27,99.4,99.27,99.38,73974.0
2024-10-01 17:42:00,99.4,99.63,99.26,99.5527,121644.0
2024-10-01 17:44:00,99.55,99.685,99.51,99.655,114734.0
2024-10-01 17:46:00,99.65,99.77,99.6,99.7,132178.0
2024-10-01 17:48:00,99.705,99.75,99.6,99.65,64687.0
2024-10-01 17:50:00,99.66,99.775,99.62,99.685,238214.0
2024-10-01 17:52:00,99.685,99.75,99.6336,99.69,47529.0
2024-10-01 17:54:00,99.676,99.89,99.6,99.89,108543.0
2024-10-01 17:56:00,99.9,99.98,99.85,99.9202,126765.0
2024-10-01 17:58:00,99.92,100.23,99.92,100.2001,162045.0
2024-10-01 18:00:00,100.18,100.37,100.17,100.315,142927.0
2024-10-01 18:02:00,100.3,100.445,100.2701,100.35,87996.0
2024-10-01 18:04:00,100.36,100.6,100.3116,100.57,128277.0
2024-10-01 18:06:00,100.572,100.64,100.4,100.408,137728.0
2024-10-01 18:08:00,100.415,100.65,100.405,100.6,134085.0
2024-10-01 18:10:00,100.615,100.64,100.52,100.55,110693.0
2024-10-01 18:12:00,100.57,100.74,100.55,100.68,109853.0
2024-10-01 18:14:00,100.69,100.92,100.6601,100.7401,144257.0
2024-10-01 18:16:00,100.77,100.88,100.66,100.66,120428.0
2024-10-01 18:18:00,100.675,100.72,100.598,100.598,119757.0
2024-10-01 18:20:00,100.6,100.71,100.545,100.67,88835.0
2024-10-01 18:22:00,100.6659,100.71,100.595,100.62,60246.0
2024-10-01 18:24:00,100.61,100.7,100.59,100.68,79595.0
2024-10-01 18:26:00,100.67,100.804,100.66,100.71,126226.0
2024-10-01 18:28:00,100.7002,100.815,100.6202,100.8,82992.0
2024-10-01 18:30:00,100.79,100.9199,100.7504,100.89,98023.0
2024-10-01 18:32:00,100.89,100.96,100.88,100.938,83831.0
2024-10-01 18:34:00,100.95,100.98,100.88,100.91,116470.0
2024-10-01 18:36:00,100.91,101.04,100.82,100.85,198203.0
2024-10-01 18:38:00,100.85,100.88,100.66,100.8601,150013.0
2024-10-01 18:40:00,100.865,100.93,100.71,100.745,94241.0
2024-10-01 18:42:00,100.745,100.9096,100.68,100.87,66680.0
2024-10-01 18:44:00,100.852,100.87,100.73,100.76,46669.0
2024-10-01 18:46:00,100.7601,100.8018,100.6202,100.6703,67768.0
2024-10-01 18:48:00,100.69,100.7488,100.55,100.69,71192.0
2024-10-01 18:50:00,100.68,100.76,100.65,100.695,45946.0
2024-10-01 18:52:00,100.72,100.7985,100.48,100.532425,68404.0
2024-10-01 18:54:00,100.53,100.6,100.38,100.575,85239.0
2024-10-01 18:56:00,100.58,100.72,100.5599,100.705,56653.0
2024-10-01 18:58:00,100.7053,100.7053,100.54,100.5999,48355.0
2024-10-01 19:00:00,100.59,100.69,100.55,100.6329,43465.0
2024-10-01 19:02:00,100.63,100.8168,100.575,100.79,49947.0
2024-10-01 19:04:00,100.7817,100.8131,100.68,100.69,50700.0
2024-10-01 19:06:00,100.71,100.82,100.71,100.79,41334.0
2024-10-01 19:08:00,100.795,100.9099,100.77,100.785,63351.0
2024-10-01 19:10:00,100.7867,100.9087,100.76,100.89,87884.0
2024-10-01 19:12:00,100.9,100.9388,100.74,100.8,77202.0
2024-10-01 19:14:00,100.79,100.8897,100.75,100.76,66879.0
2024-10-01 19:16:00,100.75,100.81,100.69,100.79,74185.0
2024-10-01 19:18:00,100.79,100.85,100.73,100.81,61379.0
2024-10-01 19:20:00,100.815,100.92,100.7403,100.9,81733.0
2024-10-01 19:22:00,100.915,100.95,100.78,100.8225,79401.0
2024-10-01 19:24:00,100.81,100.91,100.752,100.88,54304.0
2024-10-01 19:26:00,100.875,100.89,100.73,100.76,72703.0
2024-10-01 19:28:00,100.76,100.76,100.56,100.65,95186.0
2024-10-01 19:30:00,100.65,100.665,100.43,100.44,111438.0
2024-10-01 19:32:00,100.44,100.45,100.23,100.28,260254.0
2024-10-01 19:34:00,100.275,100.34,100.09,100.11,108348.0
2024-10-01 19:36:00,100.11,100.15,99.91,99.945,181256.0
2024-10-01 19:38:00,99.94,100.15,99.93,100.08,98306.0
2024-10-01 19:40:00,100.085,100.16,100.04,100.05,120742.0
2024-10-01 19:42:00,100.07,100.18,100.04,100.09,117522.0
2024-10-01 19:44:00,100.08,100.08,99.9,99.924,124140.0
2024-10-01 19:46:00,99.9299,99.99,99.83,99.84,110062.0
2024-10-01 19:48:00,99.8483,99.93,99.8,99.805,143808.0
2024-10-01 19:50:00,99.81,100.18,99.81,100.165,222671.0
2024-10-01 19:52:00,100.165,100.3299,100.155,100.23,172759.0
2024-10-01 19:54:00,100.23,100.67,100.1,100.645,326894.0
2024-10-01 19:56:00,100.65,100.7501,100.53,100.57,240058.0
2024-10-01 19:58:00,100.58,100.61,100.08,100.29,1167639.0
2024-10-01 20:00:00,100.31,100.39,100.15,100.31,65169.0
2024-10-01 20:02:00,100.31,100.62,100.31,100.38,12330.0
2024-10-01 20:04:00,100.45,100.55,100.31,100.53,10508.0
2024-10-01 20:06:00,100.5515,100.5515,100.31,100.435,14473.0
2024-10-01 20:08:00,100.5299,100.5299,100.39,100.4,4709.0
2024-10-01 20:10:00,100.41,100.44,100.4,100.43,2352.0
2024-10-01 20:12:00,100.41,100.46,100.36,100.46,8384.0
2024-10-01 20:14:00,100.4169,100.432,100.41,100.41,1847.0
2024-10-01 20:16:00,100.3616,100.43,100.3602,100.3804,6952.0
2024-10-01 20:18:00,100.36,100.362,100.35,100.362,1293.0
2024-10-01 20:20:00,100.36,100.4,100.33,100.33,1800.0
2024-10-01 20:22:00,100.31,100.31,100.21,100.21,2936.0
2024-10-01 20:24:00,100.187,100.187,100.11,100.11,6943.0
2024-10-01 20:26:00,100.16,100.1899,100.133,100.1899,931.0
2024-10-01 20:28:00,100.18,100.19,100.05,100.05,4165.0
2024-10-01 20:30:00,100.07,100.17,99.9999,100.17,19499.0
2024-10-01 20:32:00,100.09,100.18,100.09,100.17,3239.0
2024-10-01 20:34:00,100.1897,100.1897,100.1897,100.1897,1804.0
2024-10-01 20:36:00,100.07,100.072,100.06,100.0701,1622.0
2024-10-01 20:38:00,100.07,100.1,100.0005,100.05,2221.0
2024-10-01 20:40:00,100.06,100.06,99.99,100.0,5295.0
2024-10-01 20:42:00,100.01,100.0499,99.9001,99.9001,7037.0
2024-10-01 20:44:00,99.95,99.95,99.95,99.95,110.0
2024-10-01 20:46:00,99.98,100.0,99.98,99.99,2593.0
2024-10-01 20:48:00,99.99,100.0,99.9801,100.0,2590.0
2024-10-01 20:50:00,100.02,100.048,100.02,100.048,756.0
2024-10-01 20:52:00,100.05,100.05,100.01,100.0385,827.0
2024-10-01 20:54:00,100.048,100.08,100.03,100.03,2880.0
2024-10-01 20:56:00,100.07,100.07,99.991,100.01,4032.0
2024-10-01 20:58:00,100.04,100.13,100.04,100.13,2530.0
2024-10-01 21:00:00,100.07,100.08,100.06,100.08,1788.0
2024-10-01 21:02:00,100.0812,100.31,100.0812,100.13,13932.0
2024-10-01 21:04:00,100.12,100.16,100.12,100.1599,1502.0
2024-10-01 21:06:00,100.31,100.31,100.11,100.11,416198.0
2024-10-01 21:08:00,100.11,100.1799,100.11,100.15,635.0
2024-10-01 21:10:00,100.15,100.15,100.14,100.15,2783.0
2024-10-01 21:12:00,100.12,100.2293,100.12,100.2293,6996.0
2024-10-01 21:14:00,100.229,100.229,100.16,100.16,906.0
2024-10-01 21:16:00,100.16,100.2,100.1206,100.1206,1959.0
2024-10-01 21:18:00,100.1046,100.2,100.1046,100.12,1522.0
2024-10-01 21:20:00,100.11,100.12,100.09,100.1,943.0
2024-10-01 21:22:00,100.19,100.19,100.0,100.0,760.0
2024-10-01 21:28:00,100.1,100.1491,100.1,100.1491,205.0
2024-10-01 21:30:00,100.06,100.06,100.04,100.04,321.0
2024-10-01 21:32:00,100.14,100.14,100.14,100.14,204.0
2024-10-01 21:36:00,100.06,100.14,100.02,100.14,1296.0
2024-10-01 21:40:00,100.19,100.19,100.18,100.19,1101.0
2024-10-01 21:44:00,100.14,100.14,100.14,100.14,429.0
2024-10-01 21:46:00,100.16,100.16,100.1,100.1,1122.0
2024-10-01 21:48:00,100.08,100.08,100.01,100.03,2020.0
2024-10-01 21:52:00,100.0855,100.0855,100.0855,100.0855,233.0
2024-10-01 21:54:00,100.12,100.13,100.12,100.13,531.0
2024-10-01 21:56:00,100.11,100.19,100.1,100.19,2280.0
2024-10-01 21:58:00,100.11,100.11,100.07,100.08,870.0
2024-10-01 22:00:00,100.1822,100.2,100.0533,100.0533,2186.0
2024-10-01 22:02:00,100.0519,100.15,100.0519,100.1,702.0
2024-10-01 22:04:00,100.05,100.1,100.01,100.01,2974.0
2024-10-01 22:06:00,100.01,100.0999,99.99,100.0999,3400.0
2024-10-01 22:08:00,100.091,100.091,100.005,100.04,319.0
2024-10-01 22:10:00,100.005,100.02,100.0,100.02,786.0
2024-10-01 22:12:00,100.0,100.0,100.0,100.0,2005.0
2024-10-01 22:14:00,100.0829,100.0829,99.9,99.9,2396.0
2024-10-01 22:16:00,99.99,100.091,99.99,100.091,1854.0
2024-10-01 22:18:00,99.99,100.0759,99.99,100.0759,1060.0
2024-10-01 22:22:00,100.0953,100.0976,100.0953,100.0976,1222.0
2024-10-01 22:24:00,100.0,100.04,100.0,100.04,3284.0
2024-10-01 22:26:00,100.0,100.0,100.0,100.0,251.0
2024-10-01 22:28:00,100.03,100.05,99.91,100.04,2250.0
2024-10-01 22:30:00,100.0268,100.0268,99.93,99.93,444.0
2024-10-01 22:32:00,99.9183,100.0,99.91,100.0,2254.0
2024-10-01 22:34:00,100.0,100.0,99.98,100.0,1572.0
2024-10-01 22:36:00,100.05,100.05,100.05,100.05,869.0
2024-10-01 22:40:00,100.01,100.05,100.0,100.05,710.0
2024-10-01 22:42:00,100.0,100.05,100.0,100.01,573.0
2024-10-01 22:44:00,100.05,100.05,100.0,100.0,4127.0
2024-10-01 22:46:00,100.05,100.07,99.99,100.06,5550.0
2024-10-01 22:48:00,100.0015,100.02,100.0015,100.02,366.0
2024-10-01 22:50:00,100.04,100.07,100.04,100.07,421.0
2024-10-01 22:52:00,100.01,100.05,100.005,100.01,2148.0
2024-10-01 22:54:00,100.0616,100.0616,100.01,100.01,410.0
2024-10-01 22:56:00,100.05,100.05,100.01,100.01,1079.0
2024-10-01 22:58:00,100.0,100.0001,100.0,100.0,881.0
2024-10-01 23:00:00,99.9101,100.0,99.9101,99.92,880.0
2024-10-01 23:02:00,99.92,99.92,99.92,99.92,401.0
2024-10-01 23:04:00,99.94,99.94,99.94,99.94,279.0
2024-10-01 23:06:00,99.93,99.93,99.92,99.92,1341.0
2024-10-01 23:08:00,99.93,99.93,99.92,99.92,500.0
2024-10-01 23:10:00,99.91,99.91,99.9,99.91,2482.0
2024-10-01 23:12:00,99.9,99.9,99.87,99.87,548.0
2024-10-01 23:14:00,99.94,99.94,99.9,99.9,533.0
2024-10-01 23:16:00,99.92,99.9399,99.91,99.9399,1459.0
2024-10-01 23:18:00,99.94,99.94,99.91,99.91,386.0
2024-10-01 23:20:00,99.91,99.94,99.9,99.9,2471.0
2024-10-01 23:22:00,99.87,99.87,99.87,99.87,461.0
2024-10-01 23:24:00,99.8999,99.8999,99.8999,99.8999,300.0
2024-10-01 23:26:00,99.82,99.82,99.7901,99.7901,1563.0
2024-10-01 23:28:00,99.8599,99.8599,99.8599,99.8599,309.0
2024-10-01 23:32:00,99.76,99.76,99.75,99.75,579.0
2024-10-01 23:34:00,99.78,99.8,99.75,99.8,1942.0
2024-10-01 23:36:00,99.7997,99.8,99.762,99.8,1219.0
2024-10-01 23:38:00,99.83,99.86,99.82,99.857,1730.0
2024-10-01 23:40:00,99.85,99.85,99.85,99.85,378.0
2024-10-01 23:42:00,99.85,99.85,99.8,99.8,955.0
2024-10-01 23:44:00,99.86,99.86,99.762,99.762,5436.0
2024-10-01 23:46:00,99.7642,99.8,99.7642,99.8,728.0
2024-10-01 23:50:00,99.82,99.85,99.82,99.85,672.0
2024-10-01 23:52:00,99.8201,99.85,99.82,99.8215,1846.0
2024-10-01 23:54:00,99.82,99.8766,99.82,99.8766,1044.0
2024-10-01 23:56:00,99.86,99.88,99.86,99.86,2408.0
2024-10-01 23:58:00,99.9,99.9192,99.89,99.9192,3372.0
2024-10-02 08:00:00,100.2,100.2,99.75,99.95,7783.0
2024-10-02 08:02:00,99.66,99.69,99.4,99.52,3125.0
2024-10-02 08:04:00,99.62,99.79,99.62,99.79,1309.0
2024-10-02 08:06:00,99.85,99.85,99.85,99.85,412.0
2024-10-02 08:10:00,99.85,99.95,99.8,99.95,3729.0
2024-10-02 08:14:00,99.92,99.93,99.92,99.93,297.0
2024-10-02 08:18:00,100.0,100.0,100.0,100.0,1167.0
2024-10-02 08:20:00,100.08,100.08,100.08,100.08,195.0
2024-10-02 08:22:00,100.06,100.06,100.06,100.06,346.0
2024-10-02 08:28:00,99.95,99.95,99.92,99.92,1603.0
2024-10-02 08:30:00,99.99,99.99,99.99,99.99,216.0
2024-10-02 08:50:00,100.0,100.0,100.0,100.0,406.0
2024-10-02 08:56:00,100.06,100.06,100.02,100.02,612.0
2024-10-02 09:02:00,99.8,99.8,99.8,99.8,330.0
2024-10-02 09:06:00,99.8,99.8,99.75,99.75,825.0
2024-10-02 09:08:00,99.7,99.7,99.5,99.5,2715.0
2024-10-02 09:10:00,99.59,99.7,99.59,99.69,2322.0
2024-10-02 09:12:00,99.75,99.75,99.66,99.66,883.0
2024-10-02 09:16:00,99.5,99.51,99.5,99.51,1431.0
2024-10-02 09:22:00,99.52,99.59,99.52,99.52,1356.0
2024-10-02 09:24:00,99.55,99.55,99.46,99.46,1324.0
2024-10-02 09:26:00,99.52,99.52,99.5,99.5,1352.0
2024-10-02 09:30:00,99.8,99.91,99.8,99.86,1831.0
2024-10-02 09:34:00,99.67,99.69,99.67,99.69,556.0
2024-10-02 09:36:00,99.54,99.54,99.54,99.54,360.0
2024-10-02 09:40:00,99.57,99.57,99.57,99.57,241.0
2024-10-02 09:50:00,99.52,99.52,99.52,99.52,443.0
2024-10-02 10:06:00,99.45,99.46,99.4,99.46,1356.0
2024-10-02 10:08:00,99.45,99.45,99.4,99.4,775.0
2024-10-02 10:10:00,99.26,99.32,99.2,99.32,1660.0
2024-10-02 10:14:00,99.22,99.22,99.2,99.2,1066.0
2024-10-02 10:16:00,99.17,99.17,99.14,99.14,505.0
2024-10-02 10:18:00,99.14,99.21,99.14,99.21,652.0
2024-10-02 10:24:00,99.27,99.27,99.27,99.27,915.0
2024-10-02 10:26:00,99.28,99.28,99.28,99.28,154.0
2024-10-02 10:30:00,99.45,99.45,99.45,99.45,174.0
2024-10-02 10:34:00,99.66,99.74,99.66,99.74,1750.0
2024-10-02 10:40:00,99.85,99.9,99.85,99.9,1434.0
2024-10-02 10:50:00,99.76,99.88,99.6,99.76,1038.0
2024-10-02 10:52:00,99.85,99.98,99.83,99.98,769.0
2024-10-02 10:58:00,99.93,99.97,99.93,99.97,1408.0
2024-10-02 11:00:00,99.82,99.83,99.59,99.59,7848.0
2024-10-02 11:02:00,99.63,99.65,99.5,99.59,7762.0
2024-10-02 11:08:00,99.6,99.6,99.4,99.4,4020.0
2024-10-02 11:10:00,99.33,99.5,99.32,99.5,2804.0
2024-10-02 11:12:00,99.64,100.1,99.4,100.1,8259.0
2024-10-02 11:14:00,100.19,100.21,100.15,100.15,2397.0
2024-10-02 11:16:00,100.11,100.12,99.93,99.97,4372.0
2024-10-02 11:18:00,99.97,99.975,99.95,99.95,2628.0
2024-10-02 11:20:00,99.97,99.97,99.89,99.93,1850.0
2024-10-02 11:22:00,99.95,100.4,99.95,100.4,7217.0
2024-10-02 11:24:00,100.41,100.41,100.27,100.27,2708.0
2024-10-02 11:26:00,100.35,100.42,100.25,100.28,3208.0
2024-10-02 11:28:00,100.3,100.3,100.24,100.24,1145.0
2024-10-02 11:30:00,100.27,100.27,100.15,100.16,1380.0
2024-10-02 11:32:00,100.12,100.12,100.11,100.11,314.0
2024-10-02 11:34:00,100.16,100.25,100.16,100.25,1636.0
2024-10-02 11:36:00,100.26,100.34,100.24,100.24,2119.0
2024-10-02 11:38:00,100.33,100.34,100.25,100.25,1690.0
2024-10-02 11:40:00,100.35,100.46,100.35,100.46,5280.0
2024-10-02 11:42:00,100.4,100.5,100.38,100.41,9199.0
2024-10-02 11:48:00,100.35,100.35,100.35,100.35,412.0
2024-10-02 11:50:00,100.32,100.32,100.25,100.25,1233.0
2024-10-02 11:54:00,100.01,100.01,100.0,100.01,3470.0
2024-10-02 11:56:00,100.0,100.05,99.82,99.82,4505.0
2024-10-02 11:58:00,99.82,99.82,99.64,99.64,7529.0
2024-10-02 12:00:00,100.0,100.5,99.329,99.85,82771.0
2024-10-02 12:02:00,99.85,99.86,99.7518,99.7518,1642.0
2024-10-02 12:04:00,99.83,99.9299,99.83,99.9299,670.0
2024-10-02 12:06:00,99.85,99.9,99.844,99.844,2329.0
2024-10-02 12:08:00,99.84,99.85,99.84,99.85,1186.0
2024-10-02 12:10:00,99.88,100.04,99.88,100.04,7185.0
2024-10-02 12:12:00,100.0,100.15,100.0,100.15,2288.0
2024-10-02 12:14:00,100.108,100.2381,100.07,100.2381,9605.0
2024-10-02 12:16:00,100.0786,100.187,100.0786,100.1,3010.0
2024-10-02 12:18:00,100.11,100.16,100.11,100.16,2401.0
2024-10-02 12:20:00,100.24,100.28,100.15,100.25,13426.0
2024-10-02 12:22:00,100.14,100.25,100.12,100.12,11379.0
2024-10-02 12:24:00,100.11,100.1885,100.0,100.1885,3212.0
2024-10-02 12:26:00,100.13,100.15,99.98,99.98,5650.0
2024-10-02 12:28:00,99.97,100.0,99.95,99.95,4148.0
2024-10-02 12:30:00,99.98,100.15,99.98,100.15,1677.0
2024-10-02 12:34:00,100.17,100.18,100.15,100.18,1380.0
2024-10-02 12:36:00,100.16,100.39,100.16,100.39,12675.0
2024-10-02 12:38:00,100.41,100.78,100.34,100.78,26201.0
2024-10-02 12:40:00,100.6452,101.147,100.6452,100.91,19375.0
2024-10-02 12:42:00,100.9955,101.04,100.61,100.61,12925.0
2024-10-02 12:44:00,100.67,100.85,100.67,100.85,4018.0
2024-10-02 12:46:00,100.9281,100.9281,100.71,100.78,10106.0
2024-10-02 12:48:00,100.77,100.8,100.743,100.8,2763.0
2024-10-02 12:50:00,100.78,100.8,100.69,100.69,4217.0
2024-10-02 12:52:00,100.6135,100.84,100.6,100.84,6066.0
2024-10-02 12:54:00,100.938,100.9645,100.83,100.9645,5605.0
2024-10-02 12:56:00,100.75,100.8949,100.75,100.8,2972.0
2024-10-02 12:58:00,100.7,100.76,100.66,100.76,1201.0
2024-10-02 13:00:00,100.74,100.8,100.6,100.6,4429.0
2024-10-02 13:02:00,100.55,100.55,100.35,100.45,4496.0
2024-10-02 13:04:00,100.46,100.55,100.4048,100.4048,5582.0
2024-10-02 13:06:00,100.5497,100.63,100.5,100.5,2535.0
2024-10-02 13:08:00,100.55,100.55,100.5,100.5,4582.0
2024-10-02 13:10:00,100.5,100.5,100.35,100.4498,4316.0
2024-10-02 13:12:00,100.35,100.35,100.1045,100.12,9242.0
2024-10-02 13:14:00,100.14,100.29,100.12,100.1508,2284.0
2024-10-02 13:16:00,100.2925,100.2925,100.0491,100.114,6315.0
2024-10-02 13:18:00,100.04,100.04,99.99,100.0,6406.0
2024-10-02 13:20:00,100.05,100.2221,100.05,100.14,6839.0
2024-10-02 13:22:00,100.17,100.2009,100.05,100.05,4842.0
2024-10-02 13:24:00,100.05,100.398,100.05,100.3975,10008.0
2024-10-02 13:26:00,100.4,100.4,100.34,100.34,6124.0
2024-10-02 13:28:00,100.45,100.7,100.45,100.7,6666.0
2024-10-02 13:30:00,100.59,101.17,100.13,101.15,489091.0
2024-10-02 13:32:00,101.15,101.6,100.82,100.82,358843.0
2024-10-02 13:34:00,100.8,100.96,99.95,100.0215,296500.0
2024-10-02 13:36:00,100.006,100.43,99.98,100.12,209174.0
2024-10-02 13:38:00,100.115,100.555,99.8,99.95,238766.0
2024-10-02 13:40:00,100.0,100.0899,99.6,99.65,207909.0
2024-10-02 13:42:00,99.68,99.73,99.33,99.475,183338.0
2024-10-02 13:44:00,99.47,99.78,99.4086,99.702,161713.0
2024-10-02 13:46:00,99.695,99.83,99.51,99.68,140963.0
2024-10-02 13:48:00,99.73,100.108,99.65,99.94,177916.0
2024-10-02 13:50:00,99.96,100.2,99.82,99.97,125339.0
2024-10-02 13:52:00,99.98,100.34,99.96,100.15,166487.0
2024-10-02 13:54:00,100.1699,100.49,100.05,100.4599,132702.0
2024-10-02 13:56:00,100.455,100.73,100.4501,100.63,206180.0
2024-10-02 13:58:00,100.63,100.73,100.32,100.54,190182.0
2024-10-02 14:00:00,100.555,100.99,100.55,100.9001,229733.0
2024-10-02 14:02:00,100.9105,101.4,100.86,101.27,270699.0
2024-10-02 14:04:00,101.256,101.2752,101.01,101.06,153767.0
2024-10-02 14:06:00,101.05,101.22,100.96,101.12,160708.0
2024-10-02 14:08:00,101.08,101.4,101.08,101.11,209301.0
2024-10-02 14:10:00,101.122,101.4,101.08,101.26,147531.0
2024-10-02 14:12:00,101.26,101.26,101.05,101.07,112893.0
2024-10-02 14:14:00,101.05,101.16,100.79,101.09,200303.0
2024-10-02 14:16:00,101.09,101.574281,101.09,101.505,453563.0
2024-10-02 14:18:00,101.5052,101.79,101.5005,101.79,249902.0
2024-10-02 14:20:00,101.78,102.12,101.73,101.884,311454.0
2024-10-02 14:22:00,101.89,101.9198,101.32,101.33,211187.0
2024-10-02 14:24:00,101.34,101.539,101.27,101.49,124598.0
2024-10-02 14:26:00,101.49,101.64,101.38,101.6365,150960.0
2024-10-02 14:28:00,101.64,101.71,101.4205,101.6,135462.0
2024-10-02 14:30:00,101.51,101.52,101.23,101.45,103946.0
2024-10-02 14:32:00,101.48,101.53,101.35,101.4,46751.0
2024-10-02 14:34:00,101.405,101.51,101.06,101.24,103984.0
2024-10-02 14:36:00,101.23,101.33,101.13,101.21,80798.0
2024-10-02 14:38:00,101.19,101.33,101.1084,101.22,58679.0
2024-10-02 14:40:00,101.22,101.39,101.17,101.3002,69490.0
2024-10-02 14:42:00,101.278,101.44,101.225,101.34,79798.0
2024-10-02 14:44:00,101.3599,101.4,101.16,101.31,61705.0
2024-10-02 14:46:00,101.31,101.43,101.15,101.22,48667.0
2024-10-02 14:48:00,101.2,101.51,101.145,101.51,92685.0
2024-10-02 14:50:00,101.51,101.523246,101.23,101.2304,81688.0
2024-10-02 14:52:00,101.23,101.272,101.07,101.14,132840.0
2024-10-02 14:54:00,101.1405,101.1914,100.83,100.89,106378.0
2024-10-02 14:56:00,100.872,100.95,100.8398,100.88,82836.0
2024-10-02 14:58:00,100.87,100.872,100.66,100.8439,153888.0
2024-10-02 15:00:00,100.83,100.99,100.79,100.83,99189.0
2024-10-02 15:02:00,100.835,101.18,100.83,101.18,119410.0
2024-10-02 15:04:00,101.16,101.21,100.98,101.07,112957.0
2024-10-02 15:06:00,101.09,101.1394,100.7801,100.82,124092.0
2024-10-02 15:08:00,100.835,100.9399,100.8,100.82,54008.0
2024-10-02 15:10:00,100.83,101.1194,100.83,101.0,103594.0
2024-10-02 15:12:00,101.0,101.118,100.91,100.974,91728.0
2024-10-02 15:14:00,100.975,101.19,100.9601,101.16,105017.0
2024-10-02 15:16:00,101.17,101.23,101.1,101.2,71702.0
2024-10-02 15:18:00,101.21,101.4,101.1939,101.33,106790.0
2024-10-02 15:20:00,101.3352,101.41,101.2309,101.365,88172.0
2024-10-02 15:22:00,101.37,101.4,101.13,101.25,95174.0
2024-10-02 15:24:00,101.26,101.31,101.1201,101.1207,65380.0
2024-10-02 15:26:00,101.11,101.1265,100.92,100.97,70876.0
2024-10-02 15:28:00,100.97,101.09,100.9109,101.04,62590.0
2024-10-02 15:30:00,101.05,101.18,101.02,101.05,51349.0
2024-10-02 15:32:00,101.0306,101.09,100.9701,100.9993,32010.0
2024-10-02 15:34:00,101.005,101.1966,101.005,101.0899,55134.0
2024-10-02 15:36:00,101.065,101.1,100.912,101.0296,69703.0
2024-10-02 15:38:00,101.02,101.1,100.98,101.02,78527.0
2024-10-02 15:40:00,101.0,101.005,100.86,100.88,43061.0
2024-10-02 15:42:00,100.885,100.99,100.85,100.9,38628.0
2024-10-02 15:44:00,100.92,101.0,100.9081,100.935,38771.0
2024-10-02 15:46:00,100.95,100.98,100.79,100.82,56018.0
2024-10-02 15:48:00,100.82,100.9555,100.82,100.92,51854.0
2024-10-02 15:50:00,100.9499,100.98,100.8001,100.81,44203.0
2024-10-02 15:52:00,100.84,100.8683,100.5671,100.6559,85295.0
2024-10-02 15:54:00,100.66,100.749,100.53,100.55,68205.0
2024-10-02 15:56:00,100.56,100.605,100.42,100.59,113413.0
2024-10-02 15:58:00,100.575,100.74,100.53,100.7,80025.0
2024-10-02 16:00:00,100.711,100.72,100.63,100.69,45258.0
2024-10-02 16:02:00,100.68,100.77,100.6598,100.7597,43546.0
2024-10-02 16:04:00,100.77,100.8297,100.74,100.77,37806.0
2024-10-02 16:06:00,100.77,100.7951,100.69,100.69,49494.0
2024-10-02 16:08:00,100.69,100.77,100.65,100.6501,39626.0
2024-10-02 16:10:00,100.685,100.825,100.685,100.795,84924.0
2024-10-02 16:12:00,100.79,100.9,100.775,100.81,48414.0
2024-10-02 16:14:00,100.83,100.86,100.78,100.8,45538.0
2024-10-02 16:16:00,100.8,100.88,100.74,100.83,42618.0
2024-10-02 16:18:00,100.8,100.8,100.57,100.605,79678.0
2024-10-02 16:20:00,100.63,100.66,100.5001,100.53,53374.0
2024-10-02 16:22:00,100.5201,100.74,100.494,100.74,64626.0
2024-10-02 16:24:00,100.73,100.8799,100.725,100.835,40284.0
2024-10-02 16:26:00,100.835,100.9288,100.8162,100.898,50721.0
2024-10-02 16:28:00,100.9,100.91,100.75,100.8,42901.0
2024-10-02 16:30:00,100.8,100.806,100.63,100.66,45129.0
2024-10-02 16:32:00,100.66,100.71,100.6005,100.6162,27090.0
2024-10-02 16:34:00,100.61,100.62,100.5501,100.56,40627.0
2024-10-02 16:36:00,100.57,100.66,100.52,100.655,33578.0
2024-10-02 16:38:00,100.65,100.655,100.6,100.64,28741.0
2024-10-02 16:40:00,100.63,100.7099,100.63,100.69,29360.0
2024-10-02 16:42:00,100.7,100.7,100.6,100.65,48054.0
2024-10-02 16:44:00,100.6401,100.69,100.51,100.66,41815.0
2024-10-02 16:46:00,100.645,100.68,100.53,100.57,55380.0
2024-10-02 16:48:00,100.58,100.73,100.52,100.55,52887.0
2024-10-02 16:50:00,100.54,100.59,100.46,100.59,47615.0
2024-10-02 16:52:00,100.6,100.6,100.4199,100.43,35439.0
2024-10-02 16:54:00,100.44,100.4699,100.39,100.43,47098.0
2024-10-02 16:56:00,100.42,100.42,100.31,100.32,44584.0
2024-10-02 16:58:00,100.32,100.32,99.98,100.005,146956.0
2024-10-02 17:00:00,100.02,100.19,99.94,100.06,101839.0
2024-10-02 17:02:00,100.06,100.0658,99.9,99.9666,79881.0
2024-10-02 17:04:00,99.945,100.09,99.93,100.0111,72571.0
2024-10-02 17:06:00,100.035,100.08,99.865,99.88,106555.0
2024-10-02 17:08:00,99.885,99.95,99.82,99.875,65758.0
2024-10-02 17:10:00,99.874,99.975,99.7309,99.79202,70741.0
2024-10-02 17:12:00,99.79,99.8799,99.785,99.83,52908.0
2024-10-02 17:14:00,99.85,99.98,99.8058,99.9,83501.0
2024-10-02 17:16:00,99.8836,100.02,99.88,99.9525,76728.0
2024-10-02 17:18:00,99.938,99.99,99.89,99.94,64295.0
2024-10-02 17:20:00,99.93,100.06,99.9121,99.975,92907.0
2024-10-02 17:22:00,99.97,99.97,99.84,99.87,55835.0
2024-10-02 17:24:00,99.8699,99.8899,99.84,99.8689,34132.0
2024-10-02 17:26:00,99.86,100.08,99.83,100.07,60040.0
2024-10-02 17:28:00,100.07,100.2,100.04,100.12,109730.0
2024-10-02 17:30:00,100.12,100.1499,99.94,100.01,82440.0
2024-10-02 17:32:00,100.0,100.03,99.84,99.89,67981.0
2024-10-02 17:34:00,99.88,99.92,99.74,99.83,81676.0
2024-10-02 17:36:00,99.84,100.0252,99.8324,99.98,81506.0
2024-10-02 17:38:00,99.97,100.06,99.94,100.015,51193.0
2024-10-02 17:40:00,100.02,100.1137,99.97,99.97,79967.0
2024-10-02 17:42:00,99.96,100.19,99.96,100.12,68710.0
2024-10-02 17:44:00,100.12,100.15,100.0336,100.13,46379.0
2024-10-02 17:46:00,100.1399,100.23,100.09,100.22,51516.0
2024-10-02 17:48:00,100.21,100.285,100.16,100.2601,73788.0
2024-10-02 17:50:00,100.25,100.39,100.2375,100.36,76327.0
2024-10-02 17:52:00,100.36,100.415,100.32,100.35,56773.0
2024-10-02 17:54:00,100.365,100.46,100.33,100.46,67963.0
2024-10-02 17:56:00,100.45,100.61,100.45,100.6001,72746.0
2024-10-02 17:58:00,100.61,100.71,100.54,100.69,68832.0
2024-10-02 18:00:00,100.69,100.76,100.64,100.64,98150.0
2024-10-02 18:02:00,100.64,100.68,100.55,100.554,86118.0
2024-10-02 18:04:00,100.56,100.587,100.41,100.4398,71335.0
2024-10-02 18:06:00,100.44,100.47,100.37,100.38,76604.0
2024-10-02 18:08:00,100.37,100.51,100.32,100.496,59913.0
2024-10-02 18:10:00,100.5,100.54,100.38,100.39,62377.0
2024-10-02 18:12:00,100.37,100.37,100.22,100.28,103863.0
2024-10-02 18:14:00,100.275,100.34,100.2,100.2024,62790.0
2024-10-02 18:16:00,100.21,100.23,100.14,100.15,69681.0
2024-10-02 18:18:00,100.14,100.3185,100.12,100.3,56678.0
2024-10-02 18:20:00,100.31,100.37,100.24,100.2599,122232.0
2024-10-02 18:22:00,100.26,100.2899,99.95,99.995,146858.0
2024-10-02 18:24:00,99.99,100.1,99.9,100.065,148846.0
2024-10-02 18:26:00,100.0697,100.0697,99.82,99.84,150143.0
2024-10-02 18:28:00,99.85,100.04,99.7,100.04,199855.0
2024-10-02 18:30:00,100.03,100.085,99.86,100.04,75543.0
2024-10-02 18:32:00,100.05,100.0889,99.9701,100.0601,38805.0
2024-10-02 18:34:00,100.065,100.0894,99.98,100.0004,59489.0
2024-10-02 18:36:00,100.004,100.0499,99.99,99.99,37886.0
2024-10-02 18:38:00,99.99,99.99,99.9,99.96,43910.0
2024-10-02 18:40:00,99.96,100.008,99.89,99.9762,58132.0
2024-10-02 18:42:00,99.965,99.9899,99.88,99.939,47400.0
2024-10-02 18:44:00,99.94,99.98,99.86,99.87,69755.0
2024-10-02 18:46:00,99.88,99.9099,99.79,99.8497,91138.0
2024-10-02 18:48:00,99.85,99.95,99.84,99.89,48018.0
2024-10-02 18:50:00,99.92,99.945,99.845,99.88,61118.0
2024-10-02 18:52:00,99.91,99.92,99.845,99.9,43512.0
2024-10-02 18:54:00,99.89,99.9011,99.83,99.85,54396.0
2024-10-02 18:56:00,99.85,99.9194,99.85,99.88,28976.0
2024-10-02 18:58:00,99.89,99.92,99.83,99.915,49953.0
2024-10-02 19:00:00,99.9,99.9,99.8,99.805,71299.0
2024-10-02 19:02:00,99.805,99.92,99.75,99.83,171868.0
2024-10-02 19:04:00,99.8375,99.98,99.81,99.98,97052.0
2024-10-02 19:06:00,99.97,100.14,99.95,99.95,148354.0
2024-10-02 19:08:00,99.9599,99.99,99.91,99.95,44435.0
2024-10-02 19:10:00,99.95,100.01,99.79,99.8565,101992.0
2024-10-02 19:12:00,99.8514,99.86,99.79,99.83,43643.0
2024-10-02 19:14:00,99.835,99.93,99.8212,99.872,63609.0
2024-10-02 19:16:00,99.88,99.9301,99.81,99.832,76076.0
2024-10-02 19:18:00,99.82,99.87,99.75,99.85,113103.0
2024-10-02 19:20:00,99.845,100.03,99.8301,99.967,152868.0
2024-10-02 19:22:00,99.9628,100.04,99.92,100.02,64478.0
2024-10-02 19:24:00,100.01,100.08,99.97,100.06,53697.0
2024-10-02 19:26:00,100.065,100.075,99.98,100.025,45799.0
2024-10-02 19:28:00,100.02,100.0999,100.01,100.07,58021.0
2024-10-02 19:30:00,100.07,100.095,99.98,100.0,86599.0
2024-10-02 19:32:00,100.005,100.015,99.88,99.9015,60664.0
2024-10-02 19:34:00,99.9,100.01,99.87,99.98,75196.0
2024-10-02 19:36:00,99.97,100.01,99.78,99.8099,79805.0
2024-10-02 19:38:00,99.8,99.89,99.754,99.84,89403.0
2024-10-02 19:40:00,99.8454,99.95,99.8399,99.95,124722.0
2024-10-02 19:42:00,99.945,100.0,99.85,99.97,87536.0
2024-10-02 19:44:00,99.98,100.24,99.98,100.22,154874.0
2024-10-02 19:46:00,100.235,100.31,100.2,100.29,126827.0
2024-10-02 19:48:00,100.29,100.395,100.225,100.37,97059.0
2024-10-02 19:50:00,100.36,100.36,100.055,100.1,203140.0
2024-10-02 19:52:00,100.1,100.22,100.1,100.15,114704.0
2024-10-02 19:54:00,100.14,100.25,99.85,99.85,385473.0
2024-10-02 19:56:00,99.85,99.91,99.75,99.805,284194.0
2024-10-02 19:58:00,99.8,99.915,99.68,99.87,698141.0
2024-10-02 20:00:00,99.85,99.85,99.56,99.7,128106.0
2024-10-02 20:02:00,99.73,99.73,99.69,99.69,7000.0
2024-10-02 20:04:00,99.6901,99.85,99.6901,99.77,16391.0
2024-10-02 20:06:00,99.77,99.77,99.75,99.751,6118.0
2024-10-02 20:08:00,99.7602,99.9,99.7602,99.88,6255.0
2024-10-02 20:10:00,99.86,99.86,99.8301,99.8301,998.0
2024-10-02 20:12:00,99.87,99.89,99.8592,99.88,2055.0
2024-10-02 20:14:00,99.87,99.87,99.85,99.85,1251.0
2024-10-02 20:16:00,99.88,99.88,99.88,99.88,923.0
2024-10-02 20:18:00,99.88,99.88,99.87,99.87,1605.0
2024-10-02 20:20:00,99.87,99.89,99.87,99.89,2497.0
2024-10-02 20:22:00,99.871,99.871,99.8701,99.8701,1004.0
2024-10-02 20:24:00,99.91,99.92,99.87,99.87,3146.0
2024-10-02 20:26:00,99.8501,99.8501,99.8501,99.8501,395.0
2024-10-02 20:28:00,99.87,99.89,99.85,99.89,3494.0
2024-10-02 20:30:00,99.89,100.06,99.89,100.06,11670.0
2024-10-02 20:32:00,100.05,100.08,100.05,100.06,3400.0
2024-10-02 20:34:00,100.0019,100.06,100.0019,100.043,1866.0
2024-10-02 20:36:00,100.09,100.18,100.09,100.1619,4095.0
2024-10-02 20:38:00,100.18,100.28,100.18,100.28,4202.0
2024-10-02 20:40:00,100.2601,100.48,100.2525,100.4699,12498.0
2024-10-02 20:42:00,100.391,100.5,100.391,100.5,9932.0
2024-10-02 20:44:00,100.461,100.48,100.37,100.3855,7967.0
2024-10-02 20:46:00,100.35,100.4,100.35,100.38,8957.0
2024-10-02 20:48:00,100.41,100.43,100.41,100.41,5468.0
2024-10-02 20:50:00,100.4,100.41,100.34,100.34,3385.0
2024-10-02 20:52:00,100.43,100.43,100.3506,100.3901,4809.0
2024-10-02 20:54:00,100.4,100.45,100.4,100.411,5931.0
2024-10-02 20:56:00,100.41,100.47,100.41,100.47,6803.0
2024-10-02 20:58:00,100.49,100.5,100.41,100.41,10470.0
2024-10-02 21:00:00,100.4795,100.4795,100.402,100.44,6832.0
2024-10-02 21:02:00,100.4694,100.54,100.44,100.54,6234.0
2024-10-02 21:04:00,100.52,100.701,100.51,100.66,6282.0
2024-10-02 21:06:00,100.67,100.67,100.63,100.65,2571.0
2024-10-02 21:08:00,100.684,100.684,100.5,100.57,3440.0
2024-10-02 21:10:00,100.56,100.56,100.42,100.4525,3205.0
2024-10-02 21:12:00,100.4525,100.4525,100.41,100.41,2850.0
2024-10-02 21:16:00,100.402,100.5,100.402,100.48,1917.0
2024-10-02 21:18:00,100.5,100.5,100.4377,100.45,1366.0
2024-10-02 21:20:00,100.4999,100.5,100.4315,100.4996,3683.0
2024-10-02 21:22:00,100.47,100.47,100.47,100.47,564.0
2024-10-02 21:24:00,100.4525,100.4996,100.4525,100.4965,1426.0
2024-10-02 21:26:00,100.45,100.45,100.4,100.4,2243.0
2024-10-02 21:28:00,100.42,100.43,100.41,100.41,1198.0
2024-10-02 21:30:00,100.45,100.45,100.3701,100.3701,2720.0
2024-10-02 21:32:00,100.35,100.35,100.25,100.3,5710.0
2024-10-02 21:34:00,100.3,100.3,100.25,100.2501,4215.0
2024-10-02 21:36:00,100.26,100.26,100.25,100.25,301.0
2024-10-02 21:38:00,100.29,100.3,100.28,100.3,1476.0
2024-10-02 21:40:00,100.25,100.29,100.25,100.252,799.0
2024-10-02 21:42:00,100.2501,100.2771,100.25,100.2771,552.0
2024-10-02 21:44:00,99.85,100.2797,99.85,100.25,413500.0
2024-10-02 21:46:00,100.26,100.28,100.26,100.26,960.0
2024-10-02 21:48:00,100.26,100.26,100.2502,100.2505,862.0
2024-10-02 21:50:00,100.25,100.25,100.25,100.25,215.0
2024-10-02 21:52:00,100.2525,100.3,100.2525,100.3,3079.0
2024-10-02 21:54:00,100.28,100.3,100.28,100.3,1104.0
2024-10-02 21:56:00,100.3,100.4,100.298,100.298,11800.0
2024-10-02 21:58:00,100.32,100.32,100.32,100.32,562.0
2024-10-02 22:00:00,100.32,100.32,100.2765,100.3,1242.0
2024-10-02 22:02:00,100.32,100.33,100.32,100.33,1163.0
2024-10-02 22:04:00,100.31,100.31,100.2112,100.3067,1963.0
2024-10-02 22:06:00,100.21,100.21,100.21,100.21,538.0
2024-10-02 22:08:00,100.215,100.3,100.215,100.3,1274.0
2024-10-02 22:10:00,100.31,100.31,100.31,100.31,578.0
2024-10-02 22:12:00,100.31,100.31,100.31,100.31,350.0
2024-10-02 22:14:00,100.324,100.324,100.32,100.32,414.0
2024-10-02 22:16:00,100.4,100.4,100.37,100.399,773.0
2024-10-02 22:18:00,100.35,100.35,100.31,100.31,1750.0
2024-10-02 22:20:00,100.2999,100.2999,100.24,100.24,324.0
2024-10-02 22:22:00,100.2999,100.3,100.25,100.25,1602.0
2024-10-02 22:24:00,100.24,100.2999,100.2119,100.2119,1772.0
2024-10-02 22:26:00,100.3,100.3,100.3,100.3,106.0
2024-10-02 22:30:00,100.25,100.25,100.25,100.25,215.0
2024-10-02 22:32:00,100.25,100.25,100.25,100.25,147.0
2024-10-02 22:34:00,100.26,100.26,100.2302,100.2302,1407.0
2024-10-02 22:38:00,100.28,100.28,100.28,100.28,500.0
2024-10-02 22:40:00,100.28,100.28,100.2335,100.2335,377.0
2024-10-02 22:42:00,100.27,100.3,100.25,100.2501,876.0
2024-10-02 22:44:00,100.27,100.3,100.27,100.29,1536.0
2024-10-02 22:46:00,100.3,100.3,100.2415,100.28,877.0
2024-10-02 22:50:00,100.232,100.232,100.232,100.232,550.0
2024-10-02 22:52:00,100.28,100.2999,100.2,100.2,2111.0
2024-10-02 22:54:00,100.1137,100.1137,100.1137,100.1137,570.0
2024-10-02 22:56:00,100.16,100.2,100.16,100.2,1469.0
2024-10-02 22:58:00,100.19,100.2,100.17,100.17,451.0
2024-10-02 23:00:00,100.2,100.2,100.1,100.13,2959.0
2024-10-02 23:02:00,100.13,100.13,100.1015,100.13,1528.0
2024-10-02 23:04:00,100.12,100.12,100.12,100.12,473.0
2024-10-02 23:06:00,100.11,100.11,100.1,100.1,2069.0
2024-10-02 23:08:00,100.07,100.1,100.07,100.0999,843.0
2024-10-02 23:10:00,100.09,100.11,100.09,100.11,1335.0
2024-10-02 23:12:00,100.114,100.188,100.11,100.11,1943.0
2024-10-02 23:18:00,100.1999,100.1999,100.1999,100.1999,1417.0
2024-10-02 23:20:00,100.2,100.2,100.2,100.2,507.0
2024-10-02 23:22:00,100.2,100.2,100.2,100.2,299.0
2024-10-02 23:24:00,100.3,100.3,100.2995,100.2995,1208.0
2024-10-02 23:28:00,100.23,100.3,100.2,100.3,1325.0
2024-10-02 23:30:00,100.27,100.3,100.27,100.3,694.0
2024-10-02 23:32:00,100.3499,100.3499,100.3499,100.3499,215.0
2024-10-02 23:34:00,100.3,100.3,100.3,100.3,198.0
2024-10-02 23:36:00,100.3205,100.33,100.3015,100.3015,2107.0
2024-10-02 23:38:00,100.33,100.36,100.3285,100.36,4076.0
2024-10-02 23:40:00,100.3699,100.3699,100.34,100.34,345.0
2024-10-02 23:42:00,100.35,100.38,100.35,100.38,765.0
2024-10-02 23:44:00,100.3515,100.3515,100.3515,100.3515,600.0
2024-10-02 23:46:00,100.35,100.38,100.35,100.3501,1368.0
2024-10-02 23:48:00,100.35,100.45,100.35,100.45,2333.0
2024-10-02 23:50:00,100.4284,100.4284,100.38,100.38,2025.0
2024-10-02 23:52:00,100.4,100.42,100.4,100.41,2186.0
2024-10-02 23:54:00,100.41,100.42,100.41,100.42,757.0
2024-10-02 23:56:00,100.42,100.5,100.42,100.42,2162.0
2024-10-02 23:58:00,100.4165,100.55,100.3502,100.55,3864.0
2024-10-03 08:00:00,100.05,100.05,99.1,99.28,3833.0
2024-10-03 08:02:00,99.0,99.28,99.0,99.27,2540.0
2024-10-03 08:04:00,99.29,99.29,99.19,99.2,1443.0
2024-10-03 08:06:00,99.3,99.56,99.3,99.56,1634.0
2024-10-03 08:08:00,99.59,99.59,99.59,99.59,329.0
2024-10-03 08:10:00,99.63,99.63,99.3,99.3,3055.0
2024-10-03 08:12:00,99.15,99.15,99.15,99.15,220.0
2024-10-03 08:26:00,99.36,99.44,99.36,99.44,439.0
2024-10-03 08:28:00,99.54,99.55,99.53,99.53,1717.0
2024-10-03 08:40:00,99.3,99.36,99.29,99.36,1304.0
2024-10-03 08:44:00,99.39,99.46,99.39,99.46,520.0
2024-10-03 08:48:00,99.41,99.44,99.41,99.44,573.0
2024-10-03 08:50:00,99.42,99.42,99.42,99.42,100.0
2024-10-03 08:52:00,99.43,99.43,99.43,99.43,1137.0
2024-10-03 09:00:00,99.38,99.39,99.38,99.39,345.0
2024-10-03 09:02:00,99.39,99.39,99.39,99.39,240.0
2024-10-03 09:12:00,99.43,99.48,99.43,99.48,973.0
2024-10-03 09:14:00,99.52,99.52,99.52,99.52,199.0
2024-10-03 09:16:00,99.5,99.5,99.5,99.5,316.0
2024-10-03 09:38:00,99.6,99.6,99.52,99.52,1573.0
2024-10-03 09:40:00,99.55,99.55,99.55,99.55,450.0
2024-10-03 09:44:00,99.5,99.5,99.5,99.5,570.0
2024-10-03 09:46:00,99.46,99.46,99.44,99.44,1031.0
2024-10-03 09:52:00,99.44,99.44,99.4,99.4,2207.0
2024-10-03 10:00:00,99.39,99.39,99.39,99.39,275.0
2024-10-03 10:16:00,99.44,99.44,99.39,99.39,371.0
2024-10-03 10:18:00,99.59,99.59,99.59,99.59,150.0
2024-10-03 10:24:00,99.6,99.6,99.6,99.6,159.0
2024-10-03 10:26:00,99.49,99.49,99.49,99.49,325.0
2024-10-03 10:28:00,99.46,99.46,99.2,99.29,15952.0
2024-10-03 10:30:00,99.35,99.48,99.35,99.48,5961.0
2024-10-03 10:32:00,99.4,99.4,99.39,99.4,510.0
2024-10-03 10:34:00,99.41,99.41,99.41,99.41,111.0
2024-10-03 10:36:00,99.59,99.59,99.59,99.59,189.0
2024-10-03 10:40:00,99.59,99.59,99.55,99.55,300.0
2024-10-03 10:42:00,99.6,99.6,99.6,99.6,502.0
2024-10-03 10:48:00,99.83,99.83,99.83,99.83,353.0
2024-10-03 10:50:00,99.77,99.77,99.77,99.77,100.0
2024-10-03 11:00:00,99.78,99.97,99.68,99.95,3560.0
2024-10-03 11:02:00,99.95,100.0,99.85,99.85,2238.0
2024-10-03 11:04:00,100.0,100.1,100.0,100.1,2400.0
2024-10-03 11:06:00,100.02,100.08,99.99,100.08,1562.0
2024-10-03 11:08:00,100.08,100.12,100.0,100.08,3144.0
2024-10-03 11:10:00,100.06,100.06,99.97,99.97,2262.0
2024-10-03 11:12:00,99.97,99.97,99.77,99.86,23024.0
2024-10-03 11:14:00,99.85,99.85,99.79,99.79,1250.0
2024-10-03 11:16:00,99.85,99.85,99.8,99.8,1684.0
2024-10-03 11:18:00,99.75,99.75,99.75,99.75,456.0
2024-10-03 11:20:00,99.72,99.74,99.68,99.74,3435.0
2024-10-03 11:22:00,99.74,99.75,99.74,99.75,221.0
2024-10-03 11:26:00,99.82,99.82,99.82,99.82,360.0
2024-10-03 11:28:00,99.79,99.79,99.79,99.79,217.0
2024-10-03 11:32:00,99.82,99.82,99.82,99.82,267.0
2024-10-03 11:34:00,99.78,99.78,99.78,99.78,465.0
2024-10-03 11:36:00,99.75,99.75,99.73,99.73,851.0
2024-10-03 11:38:00,99.78,99.78,99.78,99.78,585.0
2024-10-03 11:40:00,99.71,99.81,99.6,99.81,6381.0
2024-10-03 11:42:00,99.75,99.81,99.75,99.81,530.0
2024-10-03 11:44:00,99.85,99.85,99.8,99.8,887.0
2024-10-03 11:46:00,99.88,99.95,99.88,99.95,6257.0
2024-10-03 11:48:00,99.92,99.92,99.92,99.92,3584.0
2024-10-03 11:50:00,99.85,100.0,99.85,100.0,5262.0
2024-10-03 11:54:00,99.9,99.9,99.9,99.9,909.0
2024-10-03 11:56:00,99.94,99.97,99.94,99.97,539.0
2024-10-03 11:58:00,99.99,100.05,99.97,100.0,5385.0
2024-10-03 12:00:00,99.8,100.1255,99.2,100.0,62710.0
2024-10-03 12:02:00,100.0,100.0599,100.0,100.0,3085.0
2024-10-03 12:04:00,99.96,99.96,99.8737,99.94,4103.0
2024-10-03 12:06:00,99.95,100.03,99.95,100.03,1513.0
2024-10-03 12:08:00,100.0,100.0,99.96,99.96,1993.0
2024-10-03 12:10:00,100.0283,100.1,100.0,100.1,3261.0
2024-10-03 12:12:00,100.08,100.2,100.0,100.18,6728.0
2024-10-03 12:14:00,100.09,100.2195,100.09,100.19,5657.0
2024-10-03 12:16:00,100.15,100.18,100.15,100.15,1233.0
2024-10-03 12:18:00,100.2,100.2,100.14,100.1785,1080.0
2024-10-03 12:20:00,100.14,100.25,100.11,100.25,9492.0
2024-10-03 12:22:00,100.17,100.245,100.13,100.2,3059.0
2024-10-03 12:24:00,100.124,100.124,100.09,100.1,5197.0
2024-10-03 12:26:00,100.005,100.15,100.005,100.15,4695.0
2024-10-03 12:28:00,100.15,100.19,100.15,100.15,5205.0
2024-10-03 12:30:00,100.15,100.28,100.15,100.28,3614.0
2024-10-03 12:32:00,100.3,100.35,100.25,100.3,4916.0
2024-10-03 12:34:00,100.2995,100.2995,100.1,100.1008,7152.0
2024-10-03 12:36:00,100.1682,100.2021,100.0296,100.07,5426.0
2024-10-03 12:38:00,100.07,100.07,99.79,99.93,27600.0
2024-10-03 12:40:00,99.89,100.0,99.82,100.0,16999.0
2024-10-03 12:42:00,99.99,100.08,99.99,100.08,769.0
2024-10-03 12:44:00,99.94,99.99,99.94,99.99,2518.0
2024-10-03 12:46:00,99.915,100.05,99.915,100.0,743.0
2024-10-03 12:48:00,100.01,100.01,99.94,99.97,4836.0
2024-10-03 12:50:00,99.9,99.9,99.8,99.85,7331.0
2024-10-03 12:52:00,99.93,99.93,99.7613,99.7613,7324.0
2024-10-03 12:54:00,99.79,99.82,99.79,99.8,4919.0
2024-10-03 12:56:00,99.82,99.82,99.69,99.71,4964.0
2024-10-03 12:58:00,99.7011,99.764,99.63,99.65,11870.0
2024-10-03 13:00:00,99.65,99.778,99.6001,99.65,6825.0
2024-10-03 13:02:00,99.7874,99.87,99.7,99.7,1859.0
2024-10-03 13:04:00,99.77,100.01,99.77,99.97,6778.0
2024-10-03 13:06:00,99.92,99.92,99.83,99.83,3669.0
2024-10-03 13:08:00,99.82,99.895,99.8,99.85,3257.0
2024-10-03 13:10:00,99.857,99.9837,99.71,99.7512,5093.0
2024-10-03 13:12:00,99.75,99.75,99.7,99.75,2391.0
2024-10-03 13:14:00,99.7,99.75,99.7,99.75,1617.0
2024-10-03 13:16:00,99.81,99.84,99.7,99.74,2500.0
2024-10-03 13:18:00,99.7,99.94,99.7,99.8858,3039.0
2024-10-03 13:20:00,99.94,99.94,99.6906,99.6906,4162.0
2024-10-03 13:22:00,99.84,99.9,99.81,99.85,2772.0
2024-10-03 13:24:00,99.94,100.2,99.862,100.0,13340.0
2024-10-03 13:26:00,99.93,99.95,99.4,99.4,32834.0
2024-10-03 13:28:00,99.49,99.5,99.3011,99.45,12752.0
2024-10-03 13:30:00,99.47,99.86,99.4,99.715,302852.0
2024-10-03 13:32:00,99.73,100.97,99.62,100.89,368025.0
2024-10-03 13:34:00,100.889,101.1099,100.61,100.63,406733.0
2024-10-03 13:36:00,100.63,100.79,100.3914,100.66,243875.0
2024-10-03 13:38:00,100.6424,100.9,100.5953,100.6575,184540.0
2024-10-03 13:40:00,100.66,100.81,100.28,100.688,194388.0
2024-10-03 13:42:00,100.6805,101.1,100.6302,100.97,435720.0
2024-10-03 13:44:00,101.0,101.46,100.93,101.25,341896.0
2024-10-03 13:46:00,101.26,101.26,100.6401,100.82,198966.0
2024-10-03 13:48:00,100.84,101.13,100.71,100.758258,161400.0
2024-10-03 13:50:00,100.75,101.07,100.74,101.04,142708.0
2024-10-03 13:52:00,101.05,101.42,100.96,101.4026,228265.0
2024-10-03 13:54:00,101.408,101.49,101.1596,101.46,196026.0
2024-10-03 13:56:00,101.45,101.67,101.4458,101.53,182226.0
2024-10-03 13:58:00,101.527,101.7,101.39,101.4,126524.0
2024-10-03 14:00:00,101.45,101.86,101.4,101.83,200068.0
2024-10-03 14:02:00,101.84,101.9799,101.75,101.97,148280.0
2024-10-03 14:04:00,101.97,102.38,101.93,102.31,366329.0
2024-10-03 14:06:00,102.31,102.48,102.275,102.3597,290082.0
2024-10-03 14:08:00,102.35,102.37,102.12,102.35,247907.0
2024-10-03 14:10:00,102.36,102.37,102.04,102.04,178533.0
2024-10-03 14:12:00,102.0611,102.165,101.48,101.48,289682.0
2024-10-03 14:14:00,101.47,101.93,101.32,101.71,262983.0
2024-10-03 14:16:00,101.73,102.0,101.6,101.97,157356.0
2024-10-03 14:18:00,101.97,101.99,101.55,101.636,161645.0
2024-10-03 14:20:00,101.61,101.66,101.4001,101.5,102821.0
2024-10-03 14:22:00,101.49,101.55,100.93,101.2867,259751.0
2024-10-03 14:24:00,101.2799,101.42,101.22,101.375,100553.0
2024-10-03 14:26:00,101.36,101.44,101.2627,101.35,75961.0
2024-10-03 14:28:00,101.345,101.375,101.21,101.27,102571.0
2024-10-03 14:30:00,101.27,101.49,101.14,101.44,131279.0
2024-10-03 14:32:00,101.445,102.0536,101.44,101.998,263520.0
2024-10-03 14:34:00,102.0,102.07,101.826,101.9672,126875.0
2024-10-03 14:36:00,101.955,101.955,101.51,101.6,99067.0
2024-10-03 14:38:00,101.628,101.77,101.55,101.62,52796.0
2024-10-03 14:40:00,101.635,101.8,101.4194,101.4194,82127.0
2024-10-03 14:42:00,101.438,101.495,101.277738,101.41,128092.0
2024-10-03 14:44:00,101.4248,101.73,101.4,101.61,85196.0
2024-10-03 14:46:00,101.59,102.05,101.56,102.002,85733.0
2024-10-03 14:48:00,102.02,102.035,101.77,101.83,86409.0
2024-10-03 14:50:00,101.7981,102.1306,101.7981,102.11,111146.0
2024-10-03 14:52:00,102.13,102.18,102.0268,102.06,167078.0
2024-10-03 14:54:00,102.06,102.13,101.89,101.926,81750.0
2024-10-03 14:56:00,101.91,102.005,101.57,101.64,81172.0
2024-10-03 14:58:00,101.64,101.6784,101.3381,101.41,110371.0
2024-10-03 15:00:00,101.37,101.58,101.31,101.48,95219.0
2024-10-03 15:02:00,101.4906,101.65,101.4066,101.605,72680.0
2024-10-03 15:04:00,101.59,101.6,101.32,101.59,64997.0
2024-10-03 15:06:00,101.57,101.7499,101.45,101.47,78296.0
2024-10-03 15:08:00,101.42,101.64,101.3309,101.56,63178.0
2024-10-03 15:10:00,101.53,101.68,101.4154,101.54,70410.0
2024-10-03 15:12:00,101.542,101.65,101.45,101.58,60276.0
2024-10-03 15:14:00,101.575,101.69,101.57,101.63,55246.0
2024-10-03 15:16:00,101.6089,101.7356,101.47,101.5023,54714.0
2024-10-03 15:18:00,101.49,101.55,101.42,101.4986,59130.0
2024-10-03 15:20:00,101.48,101.63,101.4201,101.59,72263.0
2024-10-03 15:22:00,101.592,101.83,101.54,101.78,96436.0
2024-10-03 15:24:00,101.785,101.85,101.656,101.701,62747.0
2024-10-03 15:26:00,101.6899,101.78,101.6,101.66,54407.0
2024-10-03 15:28:00,101.63,101.83,101.58,101.82,53569.0
2024-10-03 15:30:00,101.82,102.06,101.7513,101.99,126029.0
2024-10-03 15:32:00,102.005,102.1,101.9593,102.07,64878.0
2024-10-03 15:34:00,102.075,102.085,101.945,102.0,53948.0
2024-10-03 15:36:00,102.01,102.05,101.82,101.8672,46530.0
2024-10-03 15:38:00,101.85,101.9499,101.79,101.8899,62057.0
2024-10-03 15:40:00,101.87,102.07,101.86,101.96,67920.0
2024-10-03 15:42:00,101.9571,101.97,101.77,101.93,36845.0
2024-10-03 15:44:00,101.9399,101.995,101.87,101.919,49017.0
2024-10-03 15:46:00,101.91,101.91,101.77,101.86,39677.0
2024-10-03 15:48:00,101.84,101.84,101.65,101.73,78940.0
2024-10-03 15:50:00,101.72,101.94,101.72,101.915,57047.0
2024-10-03 15:52:00,101.925,101.98,101.825,101.915,50528.0
2024-10-03 15:54:00,101.89,102.05,101.8883,102.03,47255.0
2024-10-03 15:56:00,102.02,102.0795,101.88,101.936,49463.0
2024-10-03 15:58:00,101.93,101.93,101.77,101.82,33556.0
2024-10-03 16:00:00,101.82,101.8599,101.8,101.85,34556.0
2024-10-03 16:02:00,101.84,101.87,101.7,101.843192,50573.0
2024-10-03 16:04:00,101.84,101.900212,101.805,101.8516,44790.0
2024-10-03 16:06:00,101.85,101.88,101.7801,101.84,33869.0
2024-10-03 16:08:00,101.85,101.95,101.8405,101.89,39599.0
2024-10-03 16:10:00,101.895,101.9183,101.78,101.85,34211.0
2024-10-03 16:12:00,101.85,101.97,101.84,101.94,34830.0
2024-10-03 16:14:00,101.95,101.960208,101.87,101.88,70061.0
2024-10-03 16:16:00,101.9,101.94,101.8501,101.9,26678.0
2024-10-03 16:18:00,101.9,101.9799,101.84,101.9799,43229.0
2024-10-03 16:20:00,101.97,102.0,101.91,101.925,23498.0
2024-10-03 16:22:00,101.93,102.12,101.925,102.01,84035.0
2024-10-03 16:24:00,102.035,102.14,102.01,102.0698,61003.0
2024-10-03 16:26:00,102.08,102.09,102.0,102.04,43140.0
2024-10-03 16:28:00,102.05,102.07,101.9241,102.0,44669.0
2024-10-03 16:30:00,102.0005,102.0152,101.815,101.8599,54813.0
2024-10-03 16:32:00,101.85,101.9,101.76,101.89,59058.0
2024-10-03 16:34:00,101.89,101.97,101.88,101.935,37252.0
2024-10-03 16:36:00,101.93,102.0,101.87,101.955,38385.0
2024-10-03 16:38:00,101.9493,101.9856,101.88,101.91,31847.0
2024-10-03 16:40:00,101.91,101.94,101.85,101.8647,41113.0
2024-10-03 16:42:00,101.86,101.9,101.59,101.67,94670.0
2024-10-03 16:44:00,101.68,101.81,101.67,101.727,60840.0
2024-10-03 16:46:00,101.73,101.73,101.52,101.55,137166.0
2024-10-03 16:48:00,101.52,101.5796,101.2609,101.33,76148.0
2024-10-03 16:50:00,101.315,101.595,101.26,101.525,195502.0
2024-10-03 16:52:00,101.52,101.57,101.3997,101.49,163647.0
2024-10-03 16:54:00,101.49,101.5,101.31,101.48,70343.0
2024-10-03 16:56:00,101.48,101.605,101.4,101.49,168866.0
2024-10-03 16:58:00,101.48,101.49,101.31,101.415,56973.0
2024-10-03 17:00:00,101.41,101.41,101.1601,101.22,154193.0
2024-10-03 17:02:00,101.21,101.3,101.185,101.22,119386.0
2024-10-03 17:04:00,101.21,101.34,101.18,101.34,46355.0
2024-10-03 17:06:00,101.34,101.6422,101.3,101.6422,120713.0
2024-10-03 17:08:00,101.6496,101.73,101.6496,101.68,70874.0
2024-10-03 17:10:00,101.655,101.79,101.5601,101.77,51189.0
2024-10-03 17:12:00,101.77,101.77,101.5895,101.6499,53693.0
2024-10-03 17:14:00,101.63,101.6386,101.53,101.57,39648.0
2024-10-03 17:16:00,101.58,101.6699,101.54,101.58,32982.0
2024-10-03 17:18:00,101.59,101.6099,101.51,101.5858,31050.0
2024-10-03 17:20:00,101.6,101.79,101.575,101.76,57385.0
2024-10-03 17:22:00,101.78,101.95,101.7,101.9401,195572.0
2024-10-03 17:24:00,101.945,102.04,101.7795,102.04,97229.0
2024-10-03 17:26:00,102.05,102.15,101.99,102.045,104834.0
2024-10-03 17:28:00,102.05,102.052,101.83,101.87,74473.0
2024-10-03 17:30:00,101.86,102.12,101.83,102.06,121205.0
2024-10-03 17:32:00,102.07,102.16,101.9888,102.15,63022.0
2024-10-03 17:34:00,102.15,102.32,102.12,102.28,158847.0
2024-10-03 17:36:00,102.282,102.3098,102.13,102.24,67510.0
2024-10-03 17:38:00,102.2,102.27,102.13,102.14,66492.0
2024-10-03 17:40:00,102.14,102.32,102.07,102.09,81516.0
2024-10-03 17:42:00,102.11,102.25,102.0,102.25,90062.0
2024-10-03 17:44:00,102.25,102.53,102.24,102.475,208324.0
2024-10-03 17:46:00,102.48,102.5,102.32,102.35,88208.0
2024-10-03 17:48:00,102.345,102.395,102.25,102.264,68493.0
2024-10-03 17:50:00,102.265,102.3,102.18,102.29,84563.0
2024-10-03 17:52:00,102.28,102.43,102.2701,102.41,106308.0
2024-10-03 17:54:00,102.4001,102.495,102.394,102.445,73339.0
2024-10-03 17:56:00,102.45,102.45,102.1007,102.1007,74097.0
2024-10-03 17:58:00,102.14,102.24,102.1,102.21,76060.0
2024-10-03 18:00:00,102.2099,102.3,102.18,102.2165,50312.0
2024-10-03 18:02:00,102.22,102.2899,102.1599,102.21,54526.0
2024-10-03 18:04:00,102.2399,102.295,102.19,102.23,31928.0
2024-10-03 18:06:00,102.23,102.29,102.18,102.19,41513.0
2024-10-03 18:08:00,102.2,102.23,102.11,102.11,53396.0
2024-10-03 18:10:00,102.11,102.16,102.06,102.13,41646.0
2024-10-03 18:12:00,102.15,102.23,101.97,101.985,55226.0
2024-10-03 18:14:00,101.98,102.025,101.88,101.97,49622.0
2024-10-03 18:16:00,101.99,102.0894,101.945,101.96,27719.0
2024-10-03 18:18:00,101.945,102.03,101.94,102.0099,24245.0
2024-10-03 18:20:00,101.98,102.05,101.908,101.92,31887.0
2024-10-03 18:22:00,101.9,101.9,101.65,101.78,137555.0
2024-10-03 18:24:00,101.78,101.88,101.72,101.81,58258.0
2024-10-03 18:26:00,101.8,101.81,101.7,101.7999,42483.0
2024-10-03 18:28:00,101.7974,101.88,101.77,101.805,51474.0
2024-10-03 18:30:00,101.8,101.815,101.6738,101.688,44207.0
2024-10-03 18:32:00,101.6874,101.72,101.62,101.675,38760.0
2024-10-03 18:34:00,101.68,101.78,101.67,101.775,41616.0
2024-10-03 18:36:00,101.775,101.795,101.65,101.66,50781.0
2024-10-03 18:38:00,101.675,101.8215,101.67,101.78,26863.0
2024-10-03 18:40:00,101.8171,101.85,101.7599,101.84,38256.0
2024-10-03 18:42:00,101.8445,101.94,101.8304,101.86,58440.0
2024-10-03 18:44:00,101.865,101.8699,101.74,101.77,34151.0
2024-10-03 18:46:00,101.785,101.8099,101.64,101.66,90036.0
2024-10-03 18:48:00,101.655,101.81,101.65,101.65,48442.0
2024-10-03 18:50:00,101.655,101.77,101.655,101.7227,24474.0
2024-10-03 18:52:00,101.725,101.74,101.6,101.6357,53022.0
2024-10-03 18:54:00,101.635,101.76,101.6,101.69,56424.0
2024-10-03 18:56:00,101.69,101.78,101.67,101.67,43056.0
2024-10-03 18:58:00,101.67,101.7,101.598,101.61,53175.0
2024-10-03 19:00:00,101.615,101.615,101.5,101.58,64101.0
2024-10-03 19:02:00,101.59,101.71,101.588,101.6489,41409.0
2024-10-03 19:04:00,101.64,101.7,101.63,101.68,30643.0
2024-10-03 19:06:00,101.665,101.73,101.55,101.5601,42000.0
2024-10-03 19:08:00,101.56,101.66,101.5,101.59,56633.0
2024-10-03 19:10:00,101.6004,101.6004,101.51,101.56,42741.0
2024-10-03 19:12:00,101.57,101.73,101.57,101.625,42943.0
2024-10-03 19:14:00,101.64,101.64,101.47,101.5,63911.0
2024-10-03 19:16:00,101.505,101.5343,101.48,101.52,35669.0
2024-10-03 19:18:00,101.49,101.51,101.405,101.485,61503.0
2024-10-03 19:20:00,101.49,101.5,101.3857,101.418,59695.0
2024-10-03 19:22:00,101.415,101.598,101.415,101.5851,69390.0
2024-10-03 19:24:00,101.59,101.595,101.4701,101.5053,39087.0
2024-10-03 19:26:00,101.514,101.5199,101.46,101.47,26006.0
2024-10-03 19:28:00,101.49,101.55,101.28,101.3,86655.0
2024-10-03 19:30:00,101.3,101.35,101.22,101.25,118205.0
2024-10-03 19:32:00,101.24,101.39,101.194,101.36,92210.0
2024-10-03 19:34:00,101.35,101.54,101.348,101.515,99203.0
2024-10-03 19:36:00,101.515,101.54,101.451,101.48,41116.0
2024-10-03 19:38:00,101.48,101.57,101.4501,101.53,49231.0
2024-10-03 19:40:00,101.535,101.54,101.39,101.4,42364.0
2024-10-03 19:42:00,101.4,101.525,101.3,101.43,91686.0
2024-10-03 19:44:00,101.44,101.445,101.3,101.4201,49944.0
2024-10-03 19:46:00,101.425,101.52,101.365,101.51,83889.0
2024-10-03 19:48:00,101.51,101.72,101.51,101.7,85862.0
2024-10-03 19:50:00,101.69,101.69,101.48,101.48,162814.0
2024-10-03 19:52:00,101.485,101.49,101.36,101.475,124271.0
2024-10-03 19:54:00,101.49,101.66,101.425,101.53,224265.0
2024-10-03 19:56:00,101.525,101.72,101.4999,101.67,202741.0
2024-10-03 19:58:00,101.66,102.02,101.66,101.84,666791.0
2024-10-03 20:00:00,101.82,101.82,101.76,101.7803,1006416.0
2024-10-03 20:02:00,101.7803,101.906,101.7803,101.84,1966.0
2024-10-03 20:04:00,101.91,101.91,101.8511,101.91,3393.0
2024-10-03 20:06:00,101.92,101.92,101.92,101.92,444.0
2024-10-03 20:08:00,101.9,101.9,101.82,101.82,3045.0
2024-10-03 20:10:00,101.8301,101.89,101.82,101.88,1666.0
2024-10-03 20:12:00,101.89,101.89,101.82,101.82,1482.0
2024-10-03 20:14:00,101.8499,101.8499,101.8215,101.8215,861.0
2024-10-03 20:16:00,101.8,101.8368,101.8,101.8368,350.0
2024-10-03 20:18:00,101.8,101.8,101.8,101.8,601.0
2024-10-03 20:20:00,101.84,101.84,101.84,101.84,236.0
2024-10-03 20:22:00,101.8007,101.8382,101.8007,101.8382,743.0
2024-10-03 20:24:00,101.8,101.8,101.7505,101.7505,1215.0
2024-10-03 20:26:00,101.76,101.76,101.75,101.75,1338.0
2024-10-03 20:28:00,101.77,101.78,101.77,101.78,245.0
2024-10-03 20:32:00,101.75,101.7535,101.75,101.75,670.0
2024-10-03 20:34:00,101.75,101.88,101.75,101.88,2050.0
2024-10-03 20:36:00,101.75,101.76,101.75,101.75,913.0
2024-10-03 20:42:00,101.72,101.7285,101.72,101.7285,1224.0
2024-10-03 20:44:00,101.71,101.71,101.67,101.67,1120.0
2024-10-03 20:46:00,101.69,101.69,101.69,101.69,1083.0
2024-10-03 20:48:00,101.73,101.73,101.7,101.7,803.0
2024-10-03 20:50:00,101.67,101.67,101.67,101.67,1400.0
2024-10-03 20:52:00,101.66,101.66,101.66,101.66,1526.0
2024-10-03 20:54:00,101.7,101.7,101.6614,101.6614,659.0
2024-10-03 20:56:00,101.66,101.66,101.65,101.65,1608.0
2024-10-03 20:58:00,101.64,101.64,101.6227,101.6227,474.0
2024-10-03 21:02:00,101.69,101.69,101.69,101.69,687.0
2024-10-03 21:08:00,101.68,101.68,101.68,101.68,1240.0
2024-10-03 21:10:00,101.68,101.68,101.68,101.68,2910.0
2024-10-03 21:16:00,101.652,101.652,101.652,101.652,200.0
2024-10-03 21:20:00,101.65,101.65,101.65,101.65,432.0
2024-10-03 21:22:00,101.65,101.68,101.65,101.68,3901.0
2024-10-03 21:28:00,101.63,101.63,101.62,101.62,768.0
2024-10-03 21:36:00,101.64,101.64,101.64,101.64,217.0
2024-10-03 21:38:00,101.62,101.62,101.6,101.6,656.0
2024-10-03 21:40:00,101.6399,101.6399,101.6399,101.6399,103.0
2024-10-03 21:44:00,101.63,101.63,101.63,101.63,479.0
2024-10-03 21:46:00,101.6002,101.61,101.6002,101.61,2315.0
2024-10-03 21:48:00,101.62,101.62,101.6,101.6,2237.0
2024-10-03 21:50:00,101.59,101.61,101.59,101.61,981.0
2024-10-03 21:52:00,101.62,101.63,101.62,101.63,613.0
2024-10-03 21:54:00,101.63,101.63,101.63,101.63,1027.0
2024-10-03 21:56:00,101.63,101.63,101.63,101.63,476.0
2024-10-03 21:58:00,101.6396,101.6396,101.6396,101.6396,122.0
2024-10-03 22:00:00,101.62,101.62,101.6,101.6,1109.0
2024-10-03 22:08:00,101.6194,101.6194,101.6194,101.6194,400.0
2024-10-03 22:16:00,101.57,101.57,101.5,101.5,1071.0
2024-10-03 22:18:00,101.5001,101.5001,101.5001,101.5001,514.0
2024-10-03 22:20:00,101.504,101.504,101.504,101.504,143.0
2024-10-03 22:26:00,101.625,101.625,101.625,101.625,800.0
2024-10-03 22:28:00,101.63,101.66,101.56,101.66,1055.0
2024-10-03 22:30:00,101.68,101.69,101.68,101.69,1048.0
2024-10-03 22:32:00,101.69,101.69,101.69,101.69,507.0
2024-10-03 22:34:00,101.766,101.766,101.766,101.766,195.0
2024-10-03 22:38:00,101.6497,101.6497,101.6497,101.6497,300.0
2024-10-03 22:42:00,101.694,101.72,101.69,101.72,551.0
2024-10-03 22:44:00,101.71,101.77,101.71,101.71,8675.0
2024-10-03 22:46:00,101.77,101.86,101.77,101.8599,1951.0
2024-10-03 22:48:00,101.75,101.75,101.75,101.75,525.0
2024-10-03 22:50:00,101.8,101.84,101.8,101.84,493.0
2024-10-03 22:52:00,101.86,101.86,101.86,101.86,515.0
2024-10-03 22:54:00,101.8501,101.88,101.8501,101.88,388.0
2024-10-03 22:56:00,101.88,101.89,101.88,101.89,2496.0
2024-10-03 23:00:00,101.92,101.93,101.9199,101.93,610.0
2024-10-03 23:02:00,101.9761,101.9761,101.9761,101.9761,1020.0
2024-10-03 23:04:00,101.95,101.95,101.95,101.95,557.0
2024-10-03 23:06:00,101.95,101.95,101.95,101.95,100.0
2024-10-03 23:08:00,101.93,101.97,101.93,101.97,904.0
2024-10-03 23:12:00,101.89,101.97,101.89,101.97,656.0
2024-10-03 23:14:00,101.9,101.9,101.9,101.9,622.0
2024-10-03 23:16:00,101.8914,101.96,101.89,101.96,1618.0
2024-10-03 23:18:00,101.89,101.89,101.89,101.89,382.0
2024-10-03 23:20:00,101.9688,101.9688,101.92,101.92,2379.0
2024-10-03 23:22:00,101.9,101.962,101.89,101.962,1143.0
2024-10-03 23:24:00,101.9,101.9,101.89,101.89,465.0
2024-10-03 23:26:00,101.903,101.903,101.903,101.903,702.0
2024-10-03 23:32:00,101.89,101.89,101.89,101.89,698.0
2024-10-03 23:34:00,101.95,101.95,101.95,101.95,898.0
2024-10-03 23:38:00,101.95,101.95,101.9499,101.9499,476.0
2024-10-03 23:40:00,101.95,101.97,101.92,101.92,1107.0
2024-10-03 23:42:00,101.95,101.95,101.92,101.94,684.0
2024-10-03 23:44:00,101.9,101.9499,101.9,101.93,768.0
2024-10-03 23:46:00,101.9,101.9,101.89,101.9,3440.0
2024-10-03 23:48:00,101.9,101.95,101.9,101.95,1265.0
2024-10-03 23:50:00,101.95,101.97,101.95,101.97,2393.0
2024-10-03 23:52:00,101.9501,101.9785,101.9501,101.97,2559.0
2024-10-03 23:54:00,101.97,102.0,101.95,102.0,4542.0
2024-10-03 23:56:00,101.9901,102.1,101.957,102.1,3032.0
2024-10-03 23:58:00,102.076,102.2,102.0,102.18,9660.0
2024-10-04 08:00:00,102.5,102.6,102.4,102.4,4043.0
2024-10-04 08:02:00,102.44,102.63,102.44,102.63,1535.0
2024-10-04 08:04:00,102.52,102.53,102.43,102.43,1836.0
2024-10-04 08:06:00,102.46,102.46,102.34,102.45,2418.0
2024-10-04 08:08:00,102.27,102.27,102.19,102.2,2762.0
2024-10-04 08:12:00,102.1,102.12,102.1,102.1,1573.0
2024-10-04 08:16:00,102.24,102.24,102.24,102.24,587.0
2024-10-04 08:18:00,102.19,102.19,102.14,102.14,319.0
2024-10-04 08:20:00,102.31,102.31,102.31,102.31,222.0
2024-10-04 08:22:00,102.33,102.33,102.33,102.33,235.0
2024-10-04 08:26:00,102.3,102.3,102.29,102.29,423.0
2024-10-04 08:28:00,102.35,102.35,102.35,102.35,535.0
2024-10-04 08:34:00,102.32,102.32,102.32,102.32,282.0
2024-10-04 08:42:00,102.42,102.45,102.42,102.42,1033.0
2024-10-04 08:44:00,102.46,102.46,102.46,102.46,301.0
2024-10-04 08:46:00,102.4,102.4,102.4,102.4,268.0
2024-10-04 08:48:00,102.41,102.55,102.4,102.55,2816.0
2024-10-04 08:50:00,102.54,102.54,102.49,102.49,592.0
2024-10-04 08:54:00,102.46,102.46,102.45,102.45,725.0
2024-10-04 08:56:00,102.45,102.45,102.45,102.45,159.0
2024-10-04 08:58:00,102.4,102.4,102.35,102.35,648.0
2024-10-04 09:02:00,102.39,102.39,102.39,102.39,201.0
2024-10-04 09:08:00,102.41,102.42,102.25,102.3,2140.0
2024-10-04 09:12:00,102.36,102.36,102.36,102.36,100.0
2024-10-04 09:18:00,102.26,102.26,102.26,102.26,482.0
2024-10-04 09:20:00,102.36,102.38,102.36,102.38,700.0
2024-10-04 09:24:00,102.34,102.35,102.34,102.35,363.0
2024-10-04 09:28:00,102.32,102.35,102.25,102.25,2474.0
2024-10-04 09:30:00,102.23,102.23,102.22,102.22,1799.0
2024-10-04 09:42:00,102.35,102.35,102.35,102.35,406.0
2024-10-04 09:50:00,102.22,102.22,102.22,102.22,663.0
2024-10-04 09:54:00,102.33,102.33,102.33,102.33,394.0
2024-10-04 10:00:00,102.33,102.39,102.33,102.39,459.0
2024-10-04 10:02:00,102.39,102.39,102.39,102.39,541.0
2024-10-04 10:04:00,102.44,102.44,102.44,102.44,274.0
2024-10-04 10:08:00,102.44,102.44,102.44,102.44,245.0
2024-10-04 10:14:00,102.49,102.49,102.48,102.48,2476.0
2024-10-04 10:26:00,102.46,102.47,102.46,102.47,401.0
2024-10-04 10:30:00,102.36,102.36,102.3,102.3,531.0
2024-10-04 10:32:00,102.37,102.37,102.37,102.37,410.0
2024-10-04 10:40:00,102.45,102.46,102.45,102.46,1283.0
2024-10-04 10:42:00,102.48,102.48,102.48,102.48,576.0
2024-10-04 10:44:00,102.46,102.5,102.46,102.5,382.0
2024-10-04 10:46:00,102.5,102.5,102.5,102.5,313.0
2024-10-04 10:48:00,102.46,102.48,102.45,102.48,726.0
2024-10-04 10:52:00,102.4,102.4,102.4,102.4,293.0
2024-10-04 11:00:00,102.42,102.47,102.41,102.45,1933.0
2024-10-04 11:02:00,102.45,102.49,102.41,102.49,1564.0
2024-10-04 11:04:00,102.55,102.55,102.55,102.55,2198.0
2024-10-04 11:06:00,102.54,102.54,102.52,102.52,1061.0
2024-10-04 11:08:00,102.5,102.5,102.4,102.46,3556.0
2024-10-04 11:12:00,102.49,102.52,102.49,102.52,2866.0
2024-10-04 11:14:00,102.56,102.56,102.5,102.5,1509.0
2024-10-04 11:16:00,102.5,102.56,102.5,102.56,3901.0
2024-10-04 11:20:00,102.6,102.6,102.6,102.6,645.0
2024-10-04 11:24:00,102.63,102.64,102.63,102.64,913.0
2024-10-04 11:26:00,102.64,102.64,102.58,102.59,2639.0
2024-10-04 11:28:00,102.58,102.62,102.58,102.62,1211.0
2024-10-04 11:30:00,102.63,102.75,102.63,102.75,5169.0
2024-10-04 11:32:00,102.79,102.8,102.75,102.8,2361.0
2024-10-04 11:34:00,102.8,102.81,102.79,102.8,1251.0
2024-10-04 11:38:00,102.71,102.71,102.5,102.5,7645.0
2024-10-04 11:40:00,102.58,102.58,102.58,102.58,201.0
2024-10-04 11:42:00,102.72,102.75,102.68,102.75,3017.0
2024-10-04 11:44:00,102.7,102.75,102.65,102.65,2261.0
2024-10-04 11:48:00,102.73,102.73,102.66,102.66,1301.0
2024-10-04 11:50:00,102.66,102.66,102.66,102.66,152.0
2024-10-04 11:54:00,102.65,102.65,102.65,102.65,448.0
2024-10-04 11:56:00,102.69,102.75,102.69,102.75,902.0
2024-10-04 11:58:00,102.75,102.75,102.75,102.75,957.0
2024-10-04 12:00:00,102.48,102.8395,102.34,102.61,79185.0
2024-10-04 12:02:00,102.66,102.75,102.61,102.7425,8133.0
2024-10-04 12:04:00,102.6075,102.65,102.6,102.65,2132.0
2024-10-04 12:06:00,102.63,102.65,102.55,102.55,1749.0
2024-10-04 12:08:00,102.5407,102.56,102.5407,102.56,2898.0
2024-10-04 12:10:00,102.6875,102.6875,102.55,102.55,4064.0
2024-10-04 12:14:00,102.65,102.69,102.5811,102.68,12671.0
2024-10-04 12:16:00,102.7,102.77,102.7,102.77,2593.0
2024-10-04 12:18:00,102.77,102.77,102.62,102.62,5753.0
2024-10-04 12:20:00,102.6075,102.65,102.5805,102.6492,2391.0
2024-10-04 12:22:00,102.62,102.71,102.55,102.71,7023.0
2024-10-04 12:24:00,102.7,102.7474,102.5507,102.7474,8744.0
2024-10-04 12:26:00,102.66,102.66,102.54,102.645,4556.0
2024-10-04 12:28:00,102.59,102.62,102.5101,102.62,7724.0
2024-10-04 12:30:00,102.62,103.24,102.62,103.0,38882.0
2024-10-04 12:32:00,103.0,103.15,102.8,102.97,20816.0
2024-10-04 12:34:00,102.992,103.25,102.99,103.25,12187.0
2024-10-04 12:36:00,103.28,103.65,103.28,103.65,48278.0
2024-10-04 12:38:00,103.6,103.71,103.59,103.7,29360.0
2024-10-04 12:40:00,103.7,103.75,103.5002,103.55,39669.0
2024-10-04 12:42:00,103.5432,103.996,103.5432,103.8,23592.0
2024-10-04 12:44:00,103.85,103.95,103.7,103.95,29069.0
2024-10-04 12:46:00,103.98,104.0999,103.9,104.08,39289.0
2024-10-04 12:48:00,104.07,104.4,104.07,104.3,28879.0
2024-10-04 12:50:00,104.34,104.39,104.3,104.3517,26470.0
2024-10-04 12:52:00,104.39,104.4397,104.2,104.2,14276.0
2024-10-04 12:54:00,104.1,104.2,104.05,104.2,12424.0
2024-10-04 12:56:00,104.29,104.32,104.13,104.13,10793.0
2024-10-04 12:58:00,104.16,104.2,104.1,104.1415,8654.0
2024-10-04 13:00:00,104.2,104.37,104.2,104.35,10326.0
2024-10-04 13:02:00,104.27,104.3585,104.18,104.295,9309.0
2024-10-04 13:04:00,104.295,104.3284,104.2,104.3284,13789.0
2024-10-04 13:06:00,104.23,104.24,104.065,104.065,13417.0
2024-10-04 13:08:00,104.1,104.26,104.1,104.22,12873.0
2024-10-04 13:10:00,104.21,104.3,104.1534,104.29,8742.0
2024-10-04 13:12:00,104.3,104.34,104.21,104.28,9477.0
2024-10-04 13:14:00,104.3,104.38,104.2426,104.37,7241.0
2024-10-04 13:16:00,104.35,104.5897,104.35,104.58,15258.0
2024-10-04 13:18:00,104.56,104.63,104.53,104.596,18340.0
2024-10-04 13:20:00,104.52,104.62,104.4,104.62,18327.0
2024-10-04 13:22:00,104.61,104.6277,104.5,104.5,9241.0
2024-10-04 13:24:00,104.52,104.54,104.06,104.5013,15153.0
2024-10-04 13:26:00,104.5475,104.5475,103.88,103.9,62328.0
2024-10-04 13:28:00,103.53,103.77,103.23,103.65,86006.0
2024-10-04 13:30:00,103.65,103.75,102.81,103.4942,923066.0
2024-10-04 13:32:00,103.52,103.52,103.11,103.3,265906.0
2024-10-04 13:34:00,103.3,103.9494,103.27,103.81,308805.0
2024-10-04 13:36:00,103.81,103.92,103.6,103.835,294405.0
2024-10-04 13:38:00,103.81,104.2399,103.81,104.04,404075.0
2024-10-04 13:40:00,104.06,104.1,103.65,103.89,194970.0
2024-10-04 13:42:00,103.8999,103.9332,103.54,103.69,182101.0
2024-10-04 13:44:00,103.68,103.85,103.48,103.745,183212.0
2024-10-04 13:46:00,103.71,103.76,103.15,103.51,209136.0
2024-10-04 13:48:00,103.525,103.6999,103.45,103.68,136012.0
2024-10-04 13:50:00,103.68,103.68,103.22,103.48,144335.0
2024-10-04 13:52:00,103.475,103.69,103.32,103.4594,110647.0
2024-10-04 13:54:00,103.5,103.5,103.2,103.3,167153.0
2024-10-04 13:56:00,103.27,103.31,102.85,103.1,218254.0
2024-10-04 13:58:00,103.0797,103.2499,102.85,103.0,124208.0
2024-10-04 14:00:00,102.995,103.0,102.66,102.835,250063.0
2024-10-04 14:02:00,102.8,103.14,102.78,102.9201,166228.0
2024-10-04 14:04:00,102.97,103.05,102.77,102.8,154393.0
2024-10-04 14:06:00,102.78,102.89,102.59,102.64,169973.0
2024-10-04 14:08:00,102.63,102.63,102.21,102.26,263703.0
2024-10-04 14:10:00,102.22,102.4385,102.14,102.4,237901.0
2024-10-04 14:12:00,102.42,102.63,102.29,102.57,207521.0
2024-10-04 14:14:00,102.56,102.79,102.545,102.72,98941.0
2024-10-04 14:16:00,102.73,102.99,102.6701,102.88,149405.0
2024-10-04 14:18:00,102.85,103.065,102.74,103.06,94319.0
2024-10-04 14:20:00,103.0598,103.0598,102.89,102.98,93887.0
2024-10-04 14:22:00,102.965,102.98,102.6401,102.755,112759.0
2024-10-04 14:24:00,102.705,102.84,102.65,102.808,59459.0
2024-10-04 14:26:00,102.8004,102.81,102.37,102.48,76655.0
2024-10-04 14:28:00,102.49,102.58,102.3199,102.43,72272.0
2024-10-04 14:30:00,102.42,102.48,102.262,102.44,86633.0
2024-10-04 14:32:00,102.45,102.74,102.38,102.6256,88747.0
2024-10-04 14:34:00,102.6,102.8299,102.5002,102.68,83027.0
2024-10-04 14:36:00,102.667,102.7199,102.39,102.43,70366.0
2024-10-04 14:38:00,102.46,102.53,102.3687,102.42,57240.0
2024-10-04 14:40:00,102.43,102.978,102.38,102.775,154512.0
2024-10-04 14:42:00,102.77,102.92,102.66,102.8102,68519.0
2024-10-04 14:44:00,102.84,102.935,102.75,102.82,66793.0
2024-10-04 14:46:00,102.84,102.9,102.6303,102.695,59671.0
2024-10-04 14:48:00,102.695,102.8299,102.67,102.805,43318.0
2024-10-04 14:50:00,102.8,102.97,102.74,102.928,75362.0
2024-10-04 14:52:00,102.93,103.0192,102.9,102.922,74314.0
2024-10-04 14:54:00,102.95,103.158,102.88,103.08,81134.0
2024-10-04 14:56:00,103.08,103.2899,103.0601,103.17,144922.0
2024-10-04 14:58:00,103.185,103.41,103.185,103.41,108832.0
2024-10-04 15:00:00,103.405,103.46,103.28,103.3937,103077.0
2024-10-04 15:02:00,103.3939,103.4698,103.28,103.33,63941.0
2024-10-04 15:04:00,103.3279,103.38,103.253,103.36,50852.0
2024-10-04 15:06:00,103.37,103.4399,103.23,103.33,87901.0
2024-10-04 15:08:00,103.33,103.3899,103.1027,103.115,88396.0
2024-10-04 15:10:00,103.1472,103.21,103.11,103.175,40711.0
2024-10-04 15:12:00,103.15,103.165,102.9075,102.92,90057.0
2024-10-04 15:14:00,102.91,103.0,102.82,102.9301,59616.0
2024-10-04 15:16:00,102.938,103.12,102.9099,103.08,68164.0
2024-10-04 15:18:00,103.09,103.12,103.02,103.025,41070.0
2024-10-04 15:20:00,103.055,103.055,102.87,102.95,53166.0
2024-10-04 15:22:00,102.96,103.0,102.74,102.89,94664.0
2024-10-04 15:24:00,102.89,102.89,102.7717,102.79,87906.0
2024-10-04 15:26:00,102.83,102.83,102.515,102.622,108095.0
2024-10-04 15:28:00,102.6399,102.71,102.5643,102.6195,56302.0
2024-10-04 15:30:00,102.615,102.615,102.45,102.495,73382.0
2024-10-04 15:32:00,102.5054,102.58,102.45,102.57,58011.0
2024-10-04 15:34:00,102.5676,102.71,102.5,102.66,49850.0
2024-10-04 15:36:00,102.65,102.71,102.54,102.5854,33678.0
2024-10-04 15:38:00,102.5725,102.61,102.46,102.52,47673.0
2024-10-04 15:40:00,102.5001,102.73,102.5001,102.7,71410.0
2024-10-04 15:42:00,102.73,102.7895,102.61,102.6299,51517.0
2024-10-04 15:44:00,102.6,102.7,102.59,102.631,43965.0
2024-10-04 15:46:00,102.6399,102.64,102.41,102.4456,75371.0
2024-10-04 15:48:00,102.44,102.47,102.22,102.27,107227.0
2024-10-04 15:50:00,102.246,102.51,102.246,102.47,83855.0
2024-10-04 15:52:00,102.4658,102.58,102.4,102.5524,47154.0
2024-10-04 15:54:00,102.53,102.67,102.5,102.67,55836.0
2024-10-04 15:56:00,102.69,102.75,102.6406,102.715,58563.0
2024-10-04 15:58:00,102.7,102.86,102.67,102.855,57748.0
2024-10-04 16:00:00,102.87,102.925,102.7,102.7896,92923.0
2024-10-04 16:02:00,102.77,102.83,102.6,102.68,83886.0
2024-10-04 16:04:00,102.69,102.7199,102.561,102.59,60292.0
2024-10-04 16:06:00,102.61,102.67,102.51,102.53,47201.0
2024-10-04 16:08:00,102.5,102.52,102.29,102.315,86300.0
2024-10-04 16:10:00,102.31,102.47,102.31,102.4699,96116.0
2024-10-04 16:12:00,102.45,102.47,102.33,102.3674,72796.0
2024-10-04 16:14:00,102.39,102.5,102.36,102.4592,64746.0
2024-10-04 16:16:00,102.46,102.505,102.39,102.4443,40063.0
2024-10-04 16:18:00,102.46,102.5,102.4,102.48,25799.0
2024-10-04 16:20:00,102.49,102.5699,102.47,102.546,50071.0
2024-10-04 16:22:00,102.5695,102.5695,102.44,102.45,36724.0
2024-10-04 16:24:00,102.462,102.48,102.38,102.428,55130.0
2024-10-04 16:26:00,102.4289,102.53,102.34,102.53,53775.0
2024-10-04 16:28:00,102.548,102.55,102.4586,102.48,30410.0
2024-10-04 16:30:00,102.45,102.47,102.42,102.4699,27875.0
2024-10-04 16:32:00,102.465,102.58,102.465,102.54,26517.0
2024-10-04 16:34:00,102.54,102.64,102.46,102.605,35984.0
2024-10-04 16:36:00,102.605,102.785,102.605,102.73,48247.0
2024-10-04 16:38:00,102.73,102.85,102.69,102.7853,61610.0
2024-10-04 16:40:00,102.8,102.8058,102.57,102.59,110281.0
2024-10-04 16:42:00,102.598,102.75,102.52,102.7028,50186.0
2024-10-04 16:44:00,102.7099,102.74,102.646,102.6708,37752.0
2024-10-04 16:46:00,102.7,102.7499,102.65,102.7244,41817.0
2024-10-04 16:48:00,102.72,102.724,102.6001,102.63,63051.0
2024-10-04 16:50:00,102.64,102.69,102.41,102.47,81253.0
2024-10-04 16:52:00,102.47,102.5794,102.45,102.5794,29784.0
2024-10-04 16:54:00,102.55,102.59,102.5,102.5862,32631.0
2024-10-04 16:56:00,102.57,102.6199,102.465,102.465,39727.0
2024-10-04 16:58:00,102.465,102.475,102.39,102.4599,43515.0
2024-10-04 17:00:00,102.46,102.47,102.39,102.41,29254.0
2024-10-04 17:02:00,102.435,102.435,102.31,102.385,47607.0
2024-10-04 17:04:00,102.398,102.42,102.28,102.2974,68187.0
2024-10-04 17:06:00,102.31,102.3699,102.29,102.3596,32265.0
2024-10-04 17:08:00,102.33,102.34,102.23,102.23,62601.0
2024-10-04 17:10:00,102.245,102.33,102.21,102.31,51622.0
2024-10-04 17:12:00,102.31,102.32,102.21,102.21,40152.0
2024-10-04 17:14:00,102.216651,102.31,102.2001,102.265,64349.0
2024-10-04 17:16:00,102.275,102.38,102.27,102.31,49471.0
2024-10-04 17:18:00,102.33,102.3699,102.3,102.31,29603.0
2024-10-04 17:20:00,102.32,102.33,102.17,102.2001,86183.0
2024-10-04 17:22:00,102.21,102.26,102.12,102.21,68101.0
2024-10-04 17:24:00,102.21,102.35,102.18,102.31,47450.0
2024-10-04 17:26:00,102.3,102.31,102.21,102.28,45866.0
2024-10-04 17:28:00,102.27,102.32,102.21,102.2242,31558.0
2024-10-04 17:30:00,102.22,102.3041,102.19,102.26,37391.0
2024-10-04 17:32:00,102.2676,102.33,102.18,102.195,63431.0
2024-10-04 17:34:00,102.2,102.25,102.15,102.15,30952.0
2024-10-04 17:36:00,102.17,102.17,101.7,101.79,252907.0
2024-10-04 17:38:00,101.775,101.98,101.775,101.9399,140165.0
2024-10-04 17:40:00,101.9399,102.06,101.92,102.015,71985.0
2024-10-04 17:42:00,102.02,102.155,102.02,102.12,103525.0
2024-10-04 17:44:00,102.13,102.2,102.08,102.1,83660.0
2024-10-04 17:46:00,102.09,102.2299,102.08,102.2,70341.0
2024-10-04 17:48:00,102.2,102.25,102.03,102.06,79213.0
2024-10-04 17:50:00,102.0593,102.075,101.935,101.98,73860.0
2024-10-04 17:52:00,101.97,101.985,101.85,101.92,69958.0
2024-10-04 17:54:00,101.915,101.95,101.86,101.86,49625.0
2024-10-04 17:56:00,101.8501,101.925,101.8,101.85,51492.0
2024-10-04 17:58:00,101.86,101.9112,101.74,101.765,68768.0
2024-10-04 18:00:00,101.76,101.84,101.72,101.7719,98863.0
2024-10-04 18:02:00,101.775,101.82,101.665,101.77,88139.0
2024-10-04 18:04:00,101.77,101.775,101.62,101.64,82264.0
2024-10-04 18:06:00,101.65,101.73,101.6118,101.6863,62832.0
2024-10-04 18:08:00,101.685,101.75,101.62,101.69,180719.0
2024-10-04 18:10:00,101.69,101.6999,101.54,101.545,79887.0
2024-10-04 18:12:00,101.54,101.58,101.4,101.4501,117382.0
2024-10-04 18:14:00,101.435,101.58,101.43,101.5605,79647.0
2024-10-04 18:16:00,101.565,101.72,101.55,101.6764,69431.0
2024-10-04 18:18:00,101.67,101.7299,101.65,101.6997,58401.0
2024-10-04 18:20:00,101.69,101.8,101.68,101.78,108041.0
2024-10-04 18:22:00,101.7701,101.865,101.74,101.81,75032.0
2024-10-04 18:24:00,101.82,101.88,101.8101,101.83,34283.0
2024-10-04 18:26:00,101.838,101.89,101.71,101.82,67588.0
2024-10-04 18:28:00,101.82,101.84,101.72,101.76,124686.0
2024-10-04 18:30:00,101.76,101.76,101.62,101.65,85103.0
2024-10-04 18:32:00,101.6395,101.7195,101.61,101.69,31902.0
2024-10-04 18:34:00,101.6954,101.74,101.638,101.66,46419.0
2024-10-04 18:36:00,101.65,101.7,101.63,101.68,33536.0
2024-10-04 18:38:00,101.67,101.7,101.6443,101.67,48020.0
2024-10-04 18:40:00,101.672,101.8,101.66,101.765,65648.0
2024-10-04 18:42:00,101.788,101.8,101.71,101.7499,39178.0
2024-10-04 18:44:00,101.74,101.775,101.69,101.7499,40199.0
2024-10-04 18:46:00,101.75,101.8,101.73,101.76,46368.0
2024-10-04 18:48:00,101.7699,101.79,101.7201,101.78,39437.0
2024-10-04 18:50:00,101.8,101.85,101.785,101.84,57830.0
2024-10-04 18:52:00,101.8315,101.925,101.77,101.783,67649.0
2024-10-04 18:54:00,101.775,101.84,101.77,101.825,32191.0
2024-10-04 18:56:00,101.8499,101.9,101.805,101.865,38972.0
2024-10-04 18:58:00,101.875,101.98,101.87,101.97,94651.0
2024-10-04 19:00:00,101.96,101.97,101.88,101.8924,45022.0
2024-10-04 19:02:00,101.89,101.89,101.76,101.82,97127.0
2024-10-04 19:04:00,101.82,101.88,101.79,101.87,112039.0
2024-10-04 19:06:00,101.88,101.9,101.8309,101.89,64533.0
2024-10-04 19:08:00,101.88,101.955,101.868,101.915,40208.0
2024-10-04 19:10:00,101.9101,101.97,101.85,101.85,34936.0
2024-10-04 19:12:00,101.85,101.9,101.81,101.87,37262.0
2024-10-04 19:14:00,101.88,101.945,101.85,101.92,46616.0
2024-10-04 19:16:00,101.915,102.03,101.9026,101.96,63717.0
2024-10-04 19:18:00,101.95,102.06,101.95,102.035,64926.0
2024-10-04 19:20:00,102.045,102.21,102.0101,102.15,117162.0
2024-10-04 19:22:00,102.17,102.21,102.125,102.125,74819.0
2024-10-04 19:24:00,102.125,102.15,102.05,102.1,79236.0
2024-10-04 19:26:00,102.12,102.12,101.9806,102.01,96398.0
2024-10-04 19:28:00,102.0135,102.05,101.93,101.9599,106091.0
2024-10-04 19:30:00,101.94,102.0,101.88,101.99,82920.0
2024-10-04 19:32:00,101.9987,102.095,101.9987,102.05,89913.0
2024-10-04 19:34:00,102.0702,102.1253,101.94,101.95,118610.0
2024-10-04 19:36:00,101.948,101.98,101.88,101.93,76798.0
2024-10-04 19:38:00,101.91,101.97,101.83,101.89,90584.0
2024-10-04 19:40:00,101.88,101.985,101.87,101.9011,57560.0
2024-10-04 19:42:00,101.905,101.905,101.83,101.84,68367.0
2024-10-04 19:44:00,101.8411,101.94,101.8071,101.91,86387.0
2024-10-04 19:46:00,101.8951,101.94,101.76,101.83,102771.0
2024-10-04 19:48:00,101.835,101.905,101.83,101.87,76208.0
2024-10-04 19:50:00,101.85,102.0,101.84,101.94,223445.0
2024-10-04 19:52:00,101.95,102.0,101.9,101.94,115549.0
2024-10-04 19:54:00,101.95,102.29,101.95,102.11,329039.0
2024-10-04 19:56:00,102.1145,102.195,102.065,102.17,244263.0
2024-10-04 19:58:00,102.18,102.25,102.14,102.25,653189.0
2024-10-04 20:00:00,102.25,102.25,102.08,102.11,242075.0
2024-10-04 20:02:00,102.06,102.15,102.04,102.15,7016.0
2024-10-04 20:04:00,102.1,102.25,102.1,102.16,18219.0
2024-10-04 20:06:00,102.16,102.19,102.14,102.14,2847.0
2024-10-04 20:08:00,102.1493,102.1493,102.09,102.09,1828.0
2024-10-04 20:10:00,102.09,102.11,102.09,102.09,756.0
2024-10-04 20:12:00,102.09,102.11,102.09,102.1,3190.0
2024-10-04 20:14:00,102.09,102.09,102.04,102.0499,13173.0
2024-10-04 20:16:00,102.05,102.05,102.02,102.02,8821.0
2024-10-04 20:18:00,102.04,102.04,102.02,102.04,693.0
2024-10-04 20:20:00,102.01,102.01,102.0,102.0,2057.0
2024-10-04 20:22:00,101.98,102.03,101.97,102.03,3599.0
2024-10-04 20:24:00,102.029,102.25,102.01,102.06,7327.0
2024-10-04 20:30:00,102.0705,102.27,102.07,102.14,2565.0
2024-10-04 20:32:00,102.1399,102.14,102.12,102.12,3008.0
2024-10-04 20:34:00,102.1007,102.1007,102.1007,102.1007,565.0
2024-10-04 20:36:00,102.1285,102.1497,102.1285,102.1497,3310.0
2024-10-04 20:38:00,102.15,102.16,102.14,102.15,2810.0
2024-10-04 20:40:00,102.15,102.17,102.15,102.16,1752.0
2024-10-04 20:42:00,102.15,102.15,102.15,102.15,1054.0
2024-10-04 20:46:00,102.01,102.01,102.01,102.01,200.0
2024-10-04 20:48:00,102.12,102.12,102.11,102.11,780.0
2024-10-04 20:50:00,102.11,102.12,102.11,102.12,773.0
2024-10-04 20:52:00,102.13,102.16,102.13,102.16,650.0
2024-10-04 20:54:00,102.16,102.16,102.13,102.13,2066.0
2024-10-04 20:56:00,102.13,102.13,102.13,102.13,1574.0
2024-10-04 20:58:00,102.131,102.131,102.11,102.11,1120.0
2024-10-04 21:00:00,102.1,102.1,102.1,102.1,538.0
2024-10-04 21:04:00,102.13,102.16,102.11,102.16,1262.0
2024-10-04 21:06:00,102.11,102.11,102.11,102.11,350.0
2024-10-04 21:08:00,102.13,102.13,102.1298,102.1298,919.0
2024-10-04 21:12:00,102.13,102.13,102.13,102.13,527.0
2024-10-04 21:14:00,102.13,102.13,102.13,102.13,879.0
2024-10-04 21:16:00,102.16,102.16,102.16,102.16,260.0
2024-10-04 21:20:00,102.11,102.11,102.11,102.11,295.0
2024-10-04 21:22:00,102.11,102.1485,102.0713,102.1485,1561.0
2024-10-04 21:26:00,102.09,102.09,102.09,102.09,737.0
2024-10-04 21:28:00,102.1,102.1,102.1,102.1,2557.0
2024-10-04 21:30:00,102.1,102.1,102.09,102.09,1059.0
2024-10-04 21:34:00,102.06,102.06,102.06,102.06,351.0
2024-10-04 21:36:00,102.07,102.07,102.05,102.05,919.0
2024-10-04 21:44:00,102.05,102.05,102.05,102.05,251.0
2024-10-04 21:46:00,102.134,102.134,102.0204,102.0204,970.0
2024-10-04 21:48:00,102.07,102.07,102.02,102.02,201.0
2024-10-04 21:54:00,102.0035,102.0035,102.0035,102.0035,530.0
2024-10-04 22:00:00,102.0008,102.01,102.0,102.01,927.0
2024-10-04 22:02:00,102.02,102.02,102.0,102.0,2336.0
2024-10-04 22:04:00,102.0991,102.0991,102.0991,102.0991,1137.0
2024-10-04 22:08:00,102.0,102.0733,102.0,102.0733,252.0
2024-10-04 22:10:00,102.05,102.05,102.05,102.05,239.0
2024-10-04 22:12:00,102.0605,102.07,102.0605,102.07,600.0
2024-10-04 22:16:00,102.0692,102.0692,102.0692,102.0692,174.0
2024-10-04 22:18:00,102.07,102.07,102.07,102.07,102.0
2024-10-04 22:24:00,102.06,102.07,102.06,102.07,796.0
2024-10-04 22:26:00,102.09,102.09,102.09,102.09,350.0
2024-10-04 22:32:00,102.1,102.1,102.1,102.1,919.0
2024-10-04 22:38:00,102.1499,102.1499,102.1014,102.14,1411.0
2024-10-04 22:40:00,102.1,102.14,102.08,102.14,2369.0
2024-10-04 22:42:00,102.09,102.09,102.0696,102.07,813.0
2024-10-04 22:44:00,102.08,102.09,102.07,102.09,2227.0
2024-10-04 22:46:00,102.0891,102.0891,102.0891,102.0891,156.0
2024-10-04 22:48:00,102.1092,102.11,102.1092,102.11,704.0
2024-10-04 22:50:00,102.13,102.13,102.13,102.13,140.0
2024-10-04 22:56:00,102.1465,102.1465,102.1342,102.1465,503.0
2024-10-04 22:58:00,102.1466,102.15,102.1001,102.1001,2131.0
2024-10-04 23:00:00,102.1499,102.1499,102.1499,102.1499,504.0
2024-10-04 23:02:00,102.13,102.13,102.13,102.13,618.0
2024-10-04 23:10:00,102.1,102.1001,102.09,102.09,478.0
2024-10-04 23:12:00,102.08,102.08,102.08,102.08,446.0
2024-10-04 23:16:00,102.08,102.1,102.08,102.1,501.0
2024-10-04 23:18:00,102.062,102.062,102.062,102.062,350.0
2024-10-04 23:20:00,102.062,102.062,102.062,102.062,300.0
2024-10-04 23:22:00,102.07,102.07,102.07,102.07,301.0
2024-10-04 23:24:00,102.0999,102.0999,102.09,102.09,1083.0
2024-10-04 23:26:00,102.1,102.1,102.1,102.1,152.0
2024-10-04 23:30:00,102.07,102.07,102.07,102.07,253.0
2024-10-04 23:34:00,102.11,102.11,102.0625,102.0625,644.0
2024-10-04 23:36:00,102.11,102.11,102.0625,102.0625,2673.0
2024-10-04 23:38:00,102.0648,102.1092,102.06,102.1092,839.0
2024-10-04 23:42:00,102.11,102.11,102.06,102.11,1176.0
2024-10-04 23:44:00,102.11,102.11,102.1094,102.1094,479.0
2024-10-04 23:46:00,102.11,102.11,102.1095,102.1095,1121.0
2024-10-04 23:48:00,102.11,102.11,102.1025,102.1025,1028.0
2024-10-04 23:50:00,102.143,102.143,102.143,102.143,428.0
2024-10-04 23:52:00,102.144,102.144,102.144,102.144,120.0
2024-10-04 23:54:00,102.12,102.12,102.12,102.12,162.0
2024-10-04 23:56:00,102.136,102.136,102.0832,102.0832,846.0
2024-10-04 23:58:00,102.12,102.18,102.0927,102.17,3086.0
2024-10-07 08:00:00,102.25,102.25,101.91,101.91,4672.0
2024-10-07 08:02:00,101.95,102.16,101.93,102.05,3302.0
2024-10-07 08:04:00,102.0,102.0,102.0,102.0,936.0
2024-10-07 08:06:00,101.79,101.79,101.51,101.75,3558.0
2024-10-07 08:08:00,101.75,101.83,101.75,101.79,3393.0
2024-10-07 08:12:00,101.81,101.81,101.81,101.81,920.0
2024-10-07 08:14:00,101.75,101.75,101.75,101.75,535.0
2024-10-07 08:16:00,101.7,101.75,101.69,101.75,1531.0
2024-10-07 08:18:00,101.75,101.75,101.56,101.56,1458.0
2024-10-07 08:20:00,101.61,101.67,101.53,101.67,1401.0
2024-10-07 08:22:00,101.65,101.7,101.65,101.7,1011.0
2024-10-07 08:24:00,101.7,101.7,101.7,101.7,320.0
2024-10-07 08:26:00,101.69,101.69,101.69,101.69,540.0
2024-10-07 08:28:00,101.7,101.7,101.68,101.68,876.0
2024-10-07 08:32:00,101.78,101.78,101.78,101.78,148.0
2024-10-07 08:34:00,101.8,101.8,101.8,101.8,2594.0
2024-10-07 08:38:00,101.9,101.9,101.81,101.81,2793.0
2024-10-07 08:42:00,101.81,101.81,101.81,101.81,201.0
2024-10-07 08:46:00,101.68,101.68,101.68,101.68,667.0
2024-10-07 08:56:00,101.6,101.6,101.6,101.6,270.0
2024-10-07 09:00:00,101.54,101.54,101.45,101.51,7690.0
2024-10-07 09:02:00,101.54,101.54,101.45,101.45,1855.0
2024-10-07 09:06:00,101.41,101.41,101.4,101.4,908.0
2024-10-07 09:08:00,101.4,101.4,101.4,101.4,737.0
2024-10-07 09:10:00,101.3,101.3,101.3,101.3,2120.0
2024-10-07 09:12:00,101.35,101.35,101.35,101.35,560.0
2024-10-07 09:18:00,101.35,101.35,101.35,101.35,224.0
2024-10-07 09:20:00,101.21,101.24,101.21,101.24,776.0
2024-10-07 09:22:00,101.2,101.2,101.2,101.2,553.0
2024-10-07 09:24:00,101.16,101.16,101.1,101.1,832.0
2024-10-07 09:26:00,101.06,101.06,101.0,101.0,4603.0
2024-10-07 09:30:00,100.9,101.0,100.86,100.87,3058.0
2024-10-07 09:32:00,100.9,101.0,100.89,101.0,1938.0
2024-10-07 09:34:00,100.97,100.98,100.97,100.98,1086.0
2024-10-07 09:36:00,101.03,101.06,101.03,101.06,2509.0
2024-10-07 09:38:00,101.06,101.16,101.06,101.16,600.0
2024-10-07 09:40:00,101.2,101.2,101.2,101.2,200.0
2024-10-07 09:48:00,101.01,101.01,101.01,101.01,332.0
2024-10-07 09:52:00,101.03,101.03,101.03,101.03,310.0
2024-10-07 09:54:00,101.03,101.03,101.03,101.03,195.0
2024-10-07 09:56:00,101.03,101.12,101.02,101.02,1301.0
2024-10-07 09:58:00,101.16,101.16,101.16,101.16,221.0
2024-10-07 10:00:00,101.05,101.05,101.05,101.05,100.0
2024-10-07 10:02:00,101.14,101.14,101.14,101.14,360.0
2024-10-07 10:04:00,101.16,101.25,101.08,101.17,1427.0
2024-10-07 10:06:00,101.13,101.13,101.13,101.13,243.0
2024-10-07 10:12:00,101.05,101.05,101.01,101.01,969.0
2024-10-07 10:14:00,101.07,101.09,101.07,101.09,1021.0
2024-10-07 10:16:00,101.16,101.19,101.16,101.19,494.0
2024-10-07 10:20:00,101.1,101.2,101.1,101.2,401.0
2024-10-07 10:22:00,101.2,101.2,101.2,101.2,178.0
2024-10-07 10:30:00,101.23,101.25,101.23,101.25,717.0
2024-10-07 10:32:00,101.27,101.27,101.27,101.27,101.0
2024-10-07 10:36:00,101.39,101.39,101.39,101.39,381.0
2024-10-07 10:52:00,101.41,101.45,101.4,101.45,550.0
2024-10-07 11:00:00,101.45,101.6,101.4,101.41,5873.0
2024-10-07 11:02:00,101.54,101.54,101.5,101.5,1089.0
2024-10-07 11:04:00,101.64,101.65,101.5,101.5,1704.0
2024-10-07 11:06:00,101.55,101.55,101.55,101.55,757.0
2024-10-07 11:08:00,101.61,101.68,101.61,101.68,1883.0
2024-10-07 11:10:00,101.68,101.68,101.68,101.68,239.0
2024-10-07 11:12:00,101.65,101.7,101.61,101.61,1771.0
2024-10-07 11:14:00,101.61,101.61,101.57,101.61,2898.0
2024-10-07 11:16:00,101.5,101.5,101.5,101.5,933.0
2024-10-07 11:20:00,101.49,101.49,101.49,101.49,565.0
2024-10-07 11:24:00,101.61,101.75,101.61,101.75,2214.0
2024-10-07 11:30:00,101.73,101.73,101.7,101.7,1095.0
2024-10-07 11:32:00,101.69,101.69,101.6,101.6,2682.0
2024-10-07 11:34:00,101.59,101.59,101.59,101.59,262.0
2024-10-07 11:38:00,101.56,101.56,101.55,101.55,2420.0
2024-10-07 11:42:00,101.59,101.59,101.55,101.55,2163.0
2024-10-07 11:44:00,101.54,101.56,101.5,101.5,5173.0
2024-10-07 11:46:00,101.49,101.5,101.42,101.5,8463.0
2024-10-07 11:48:00,101.53,101.54,101.4,101.4,3175.0
2024-10-07 11:50:00,101.41,101.42,101.23,101.27,15988.0
2024-10-07 11:52:00,101.28,101.43,101.25,101.43,24777.0
2024-10-07 11:54:00,101.43,101.52,101.43,101.48,19711.0
2024-10-07 11:56:00,101.48,101.57,101.41,101.56,4668.0
2024-10-07 11:58:00,101.5,101.64,101.5,101.63,11417.0
2024-10-07 12:00:00,101.53,101.91,101.2691,101.74,62915.0
2024-10-07 12:02:00,101.2803,101.84,101.2803,101.84,5837.0
2024-10-07 12:04:00,101.4634,101.5027,101.4634,101.5027,577.0
2024-10-07 12:06:00,102.39,102.39,101.5444,101.5444,2016.0
2024-10-07 12:08:00,101.79,101.79,101.65,101.65,1060.0
2024-10-07 12:10:00,101.8,101.83,101.7925,101.82,5236.0
2024-10-07 12:12:00,101.826,101.83,101.826,101.83,1917.0
2024-10-07 12:14:00,101.85,102.0,101.85,101.9,3389.0
2024-10-07 12:16:00,101.95,102.15,101.95,102.15,11871.0
2024-10-07 12:18:00,102.2,102.2,101.96,101.96,3640.0
2024-10-07 12:20:00,101.97,102.45,101.93,102.45,21506.0
2024-10-07 12:22:00,102.4899,102.6,102.48,102.48,28100.0
2024-10-07 12:24:00,102.45,102.45,102.35,102.35,1328.0
2024-10-07 12:26:00,102.34,102.42,102.34,102.42,2235.0
2024-10-07 12:28:00,102.21,102.2109,102.06,102.06,1449.0
2024-10-07 12:30:00,102.2,102.2,102.0006,102.0006,1766.0
2024-10-07 12:32:00,102.1,102.2375,102.0,102.0,6898.0
2024-10-07 12:34:00,102.01,102.1,102.01,102.07,5664.0
2024-10-07 12:36:00,102.0509,102.25,102.0509,102.25,2886.0
2024-10-07 12:38:00,102.25,102.25,102.16,102.17,1240.0
2024-10-07 12:40:00,102.17,102.17,102.04,102.04,2719.0
2024-10-07 12:42:00,102.08,102.08,102.03,102.08,1088.0
2024-10-07 12:44:00,102.08,102.12,102.08,102.12,539.0
2024-10-07 12:46:00,102.02,102.0799,102.0,102.0,1462.0
2024-10-07 12:48:00,101.87,101.872,101.8335,101.872,2647.0
2024-10-07 12:50:00,101.9,102.0,101.9,101.94,1000.0
2024-10-07 12:52:00,101.93,101.93,101.93,101.93,2121.0
2024-10-07 12:54:00,101.88,101.88,101.7155,101.8,3820.0
2024-10-07 12:56:00,101.75,101.87,101.75,101.81,736.0
2024-10-07 12:58:00,101.8006,101.85,101.8006,101.85,1812.0
2024-10-07 13:02:00,101.84,101.88,101.8001,101.85,2506.0
2024-10-07 13:04:00,101.88,101.93,101.8525,101.9,4722.0
2024-10-07 13:06:00,101.93,102.09,101.93,102.0681,5366.0
2024-10-07 13:08:00,102.25,102.25,102.25,102.25,707.0
2024-10-07 13:10:00,102.38,102.44,102.38,102.42,2196.0
2024-10-07 13:12:00,102.41,102.44,102.25,102.25,4660.0
2024-10-07 13:14:00,102.3,102.3,102.102,102.2766,1621.0
2024-10-07 13:16:00,102.22,102.22,102.11,102.12,2359.0
2024-10-07 13:18:00,102.16,102.16,101.85,102.0,5579.0
2024-10-07 13:20:00,102.031,102.031,102.031,102.031,4111.0
2024-10-07 13:22:00,102.05,102.12,102.0,102.12,3047.0
2024-10-07 13:24:00,102.1,102.1,102.1,102.1,176.0
2024-10-07 13:26:00,102.1965,102.1965,102.0,102.0,1882.0
2024-10-07 13:28:00,102.2,102.3465,102.2,102.25,3126.0
2024-10-07 13:30:00,102.16,102.6,101.97,102.565,321370.0
2024-10-07 13:32:00,102.6,102.65,102.04,102.39,140569.0
2024-10-07 13:34:00,102.404,102.52,101.85,101.9,145350.0
2024-10-07 13:36:00,101.89,102.27,101.89,102.24,133841.0
2024-10-07 13:38:00,102.2699,102.4345,102.0,102.075,123995.0
2024-10-07 13:40:00,102.0791,102.4,102.0501,102.280305,152654.0
2024-10-07 13:42:00,102.315,102.44,101.86,101.865,146698.0
2024-10-07 13:44:00,101.86,101.89,101.42,101.53,183815.0
2024-10-07 13:46:00,101.4802,101.82,101.46,101.4945,114741.0
2024-10-07 13:48:00,101.49,101.93,101.48,101.73,93733.0
2024-10-07 13:50:00,101.7,101.85,101.49,101.49,102149.0
2024-10-07 13:52:00,101.53,101.62,101.1801,101.2301,136501.0
2024-10-07 13:54:00,101.2556,101.26,101.01,101.1358,174893.0
2024-10-07 13:56:00,101.15,101.3111,101.0301,101.14,89793.0
2024-10-07 13:58:00,101.165,101.25,101.09,101.2,77364.0
2024-10-07 14:00:00,101.2,101.4199,101.14,101.2539,70952.0
2024-10-07 14:02:00,101.24,101.3899,101.1501,101.31,69377.0
2024-10-07 14:04:00,101.3,101.4745,101.29,101.388,81199.0
2024-10-07 14:06:00,101.38,101.39,101.22,101.295,68158.0
2024-10-07 14:08:00,101.28,101.32,100.93,101.08,198880.0
2024-10-07 14:10:00,101.08,101.15,100.83,100.91,89413.0
2024-10-07 14:12:00,100.87,101.1,100.81,101.09,142875.0
2024-10-07 14:14:00,101.09,101.27,101.05,101.12,93580.0
2024-10-07 14:16:00,101.11,101.34,101.04,101.2931,64235.0
2024-10-07 14:18:00,101.3,101.43,101.2995,101.355,66034.0
2024-10-07 14:20:00,101.4,101.45,101.2,101.245,88600.0
2024-10-07 14:22:00,101.2433,101.35,101.19,101.33,54494.0
2024-10-07 14:24:00,101.3242,101.435,101.3209,101.39,62459.0
2024-10-07 14:26:00,101.3837,101.65,101.3604,101.635,77399.0
2024-10-07 14:28:00,101.65,101.6658,101.42,101.578,61096.0
2024-10-07 14:30:00,101.575,101.59,101.41,101.5201,37036.0
2024-10-07 14:32:00,101.52,101.64,101.48,101.535,43180.0
2024-10-07 14:34:00,101.555,101.68,101.555,101.585,55271.0
2024-10-07 14:36:00,101.575,101.64,101.45,101.48,62267.0
2024-10-07 14:38:00,101.48,101.58,101.41,101.5499,47855.0
2024-10-07 14:40:00,101.5,101.6,101.3907,101.5699,42365.0
2024-10-07 14:42:00,101.53,101.7444,101.53,101.58,63406.0
2024-10-07 14:44:00,101.575,101.6337,101.51,101.5899,55376.0
2024-10-07 14:46:00,101.5597,101.5685,101.45,101.515,34014.0
2024-10-07 14:48:00,101.5195,101.77,101.4901,101.7099,51419.0
2024-10-07 14:50:00,101.6884,101.82,101.66,101.79,53939.0
2024-10-07 14:52:00,101.8,101.87,101.7,101.76,59054.0
2024-10-07 14:54:00,101.765,101.9837,101.755,101.9825,69003.0
2024-10-07 14:56:00,101.97,101.9899,101.915,101.97,62335.0
2024-10-07 14:58:00,101.97,102.095,101.8502,101.873,88857.0
2024-10-07 15:00:00,101.86,101.86,101.61,101.63,76494.0
2024-10-07 15:02:00,101.64,101.7,101.57,101.6476,45936.0
2024-10-07 15:04:00,101.63,101.6399,101.4406,101.47,54805.0
2024-10-07 15:06:00,101.46,101.4699,101.3,101.4028,59895.0
2024-10-07 15:08:00,101.415,101.54,101.35,101.54,38082.0
2024-10-07 15:10:00,101.53,101.561,101.39,101.5505,48346.0
2024-10-07 15:12:00,101.54,101.63,101.49,101.615,30470.0
2024-10-07 15:14:00,101.63,101.7128,101.5701,101.68,84974.0
2024-10-07 15:16:00,101.69,101.69,101.56,101.6104,18206.0
2024-10-07 15:18:00,101.6548,101.82,101.65,101.78,33300.0
2024-10-07 15:20:00,101.8,101.8,101.685,101.7198,27136.0
2024-10-07 15:22:00,101.69,101.76,101.63,101.645,51198.0
2024-10-07 15:24:00,101.615,101.8,101.59,101.7999,54275.0
2024-10-07 15:26:00,101.785,101.96,101.77,101.945,57198.0
2024-10-07 15:28:00,101.955,102.06,101.94,102.04,77518.0
2024-10-07 15:30:00,102.03,102.1899,101.98,102.13,73577.0
2024-10-07 15:32:00,102.14,102.4299,102.0901,102.412,128505.0
2024-10-07 15:34:00,102.4,102.51,102.32,102.46,117429.0
2024-10-07 15:36:00,102.4648,102.4897,102.31,102.33,79376.0
2024-10-07 15:38:00,102.34,102.51,102.34,102.495,60822.0
2024-10-07 15:40:00,102.49,102.74,102.48,102.67,170295.0
2024-10-07 15:42:00,102.68,102.69,102.59,102.6726,79448.0
2024-10-07 15:44:00,102.67,102.8,102.6301,102.7,119502.0
2024-10-07 15:46:00,102.71,102.93,102.69,102.92,127144.0
2024-10-07 15:48:00,102.93,102.93,102.7201,102.745,107664.0
2024-10-07 15:50:00,102.74,102.948,102.71,102.925,82316.0
2024-10-07 15:52:00,102.93,103.17,102.91,103.16,107389.0
2024-10-07 15:54:00,103.15,103.31,103.1103,103.165,193448.0
2024-10-07 15:56:00,103.16,103.245,103.07,103.16,110206.0
2024-10-07 15:58:00,103.1599,103.35,103.095,103.29,123566.0
2024-10-07 16:00:00,103.3,103.364104,103.19,103.22,106936.0
2024-10-07 16:02:00,103.23,103.29,103.14,103.2,68581.0
2024-10-07 16:04:00,103.19,103.31,103.18,103.2499,84914.0
2024-10-07 16:06:00,103.25,103.3099,103.1402,103.27,56872.0
2024-10-07 16:08:00,103.25,103.34,103.24,103.28,62813.0
2024-10-07 16:10:00,103.275,103.31,103.1301,103.255,108606.0
2024-10-07 16:12:00,103.255,103.27,103.0,103.04,86332.0
2024-10-07 16:14:00,103.04,103.32,103.04,103.31,59752.0
2024-10-07 16:16:00,103.3168,103.59,103.28,103.53,198033.0
2024-10-07 16:18:00,103.515,103.66,103.5,103.6191,91277.0
2024-10-07 16:20:00,103.6054,103.85,103.58,103.78,132921.0
2024-10-07 16:22:00,103.77,103.82,103.71,103.725,66348.0
2024-10-07 16:24:00,103.725,103.83,103.67,103.73,78369.0
2024-10-07 16:26:00,103.735,103.7699,103.54,103.6,78838.0
2024-10-07 16:28:00,103.5999,103.65,103.54,103.59,66187.0
2024-10-07 16:30:00,103.6,103.65,103.43,103.45,55424.0
2024-10-07 16:32:00,103.46,103.49,103.25,103.48,195605.0
2024-10-07 16:34:00,103.4833,103.4911,103.39,103.43,64906.0
2024-10-07 16:36:00,103.43,103.555,103.43,103.53,59006.0
2024-10-07 16:38:00,103.52,103.57,103.431,103.431,31481.0
2024-10-07 16:40:00,103.43,103.52,103.3796,103.5,42836.0
2024-10-07 16:42:00,103.49,103.53,103.422,103.5024,32697.0
2024-10-07 16:44:00,103.49,103.53,103.41,103.445,28362.0
2024-10-07 16:46:00,103.44,103.53,103.38,103.52,38180.0
2024-10-07 16:48:00,103.52,103.53,103.44,103.47,22597.0
2024-10-07 16:50:00,103.47,103.49,103.3,103.445,46934.0
2024-10-07 16:52:00,103.45,103.69,103.445,103.6401,57918.0
2024-10-07 16:54:00,103.69,103.78,103.6,103.615,69792.0
2024-10-07 16:56:00,103.615,103.69,103.57,103.6414,36935.0
2024-10-07 16:58:00,103.645,103.78,103.645,103.71,46659.0
2024-10-07 17:00:00,103.7,103.73,103.61,103.6809,43892.0
2024-10-07 17:02:00,103.699,104.05,103.695,103.9958,185136.0
2024-10-07 17:04:00,103.98,104.07,103.93,104.04,90294.0
2024-10-07 17:06:00,104.05,104.1885,104.0,104.18,73268.0
2024-10-07 17:08:00,104.18,104.21,104.0951,104.21,61194.0
2024-10-07 17:10:00,104.2,104.2498,104.085,104.125,63051.0
2024-10-07 17:12:00,104.14,104.2499,104.095,104.1901,54897.0
2024-10-07 17:14:00,104.1902,104.25,104.1201,104.132,68164.0
2024-10-07 17:16:00,104.14,104.16,103.98,104.0501,94794.0
2024-10-07 17:18:00,104.0517,104.09,104.01,104.085,60132.0
2024-10-07 17:20:00,104.0844,104.085,103.9301,103.9401,46994.0
2024-10-07 17:22:00,103.94,103.9999,103.89,103.982,41448.0
2024-10-07 17:24:00,103.9881,104.04,103.94,103.95,52697.0
2024-10-07 17:26:00,103.945,104.0,103.85,103.99,53047.0
2024-10-07 17:28:00,103.99,104.01,103.76,103.76,48688.0
2024-10-07 17:30:00,103.76,103.85,103.645,103.79,55680.0
2024-10-07 17:32:00,103.7999,103.855,103.76,103.81,39239.0
2024-10-07 17:34:00,103.776067,103.94,103.776067,103.895,30115.0
2024-10-07 17:36:00,103.88,103.99,103.83,103.98,24674.0
2024-10-07 17:38:00,103.9625,104.03,103.93,104.03,67796.0
2024-10-07 17:40:00,104.032,104.08,103.981,104.07,52104.0
2024-10-07 17:42:00,104.07,104.2488,104.065,104.22,83117.0
2024-10-07 17:44:00,104.21,104.35,104.205,104.3154,111257.0
2024-10-07 17:46:00,104.315,104.3164,104.1801,104.2601,51506.0
2024-10-07 17:48:00,104.275,104.33,104.24,104.27,43687.0
2024-10-07 17:50:00,104.28,104.35,104.22,104.35,68272.0
2024-10-07 17:52:00,104.345,104.49,104.3016,104.485,108398.0
2024-10-07 17:54:00,104.48,104.55,104.42,104.5244,131449.0
2024-10-07 17:56:00,104.53,104.535,104.44,104.53,70936.0
2024-10-07 17:58:00,104.53,104.5932,104.5,104.54,101431.0
2024-10-07 18:00:00,104.545,104.59,104.3688,104.39,64010.0
2024-10-07 18:02:00,104.39,104.47,104.19,104.23,94379.0
2024-10-07 18:04:00,104.22,104.22,103.98,104.15,66043.0
2024-10-07 18:06:00,104.15,104.15,103.7603,103.8801,118642.0
2024-10-07 18:08:00,103.9,104.04,103.86,103.925,60841.0
2024-10-07 18:10:00,103.91,104.0099,103.91,103.995,47067.0
2024-10-07 18:12:00,103.98,104.11,103.96,104.08,95827.0
2024-10-07 18:14:00,104.1062,104.13,104.03,104.115,59549.0
2024-10-07 18:16:00,104.11,104.12,103.95,104.0235,113683.0
2024-10-07 18:18:00,104.02,104.1,103.9,104.1,45716.0
2024-10-07 18:20:00,104.09,104.12,103.95,104.05,38392.0
2024-10-07 18:22:00,104.06,104.2,104.06,104.16,66774.0
2024-10-07 18:24:00,104.155,104.1669,104.11,104.14,29117.0
2024-10-07 18:26:00,104.155,104.1899,104.07,104.1,41196.0
2024-10-07 18:28:00,104.1093,104.1093,103.91,103.9393,48259.0
2024-10-07 18:30:00,103.92,103.92,103.27,103.58,261170.0
2024-10-07 18:32:00,103.56,103.695,103.53,103.59,47494.0
2024-10-07 18:34:00,103.58,103.7,103.45,103.5242,49108.0
2024-10-07 18:36:00,103.51,103.51,103.29,103.4201,167500.0
2024-10-07 18:38:00,103.44,103.55,103.38,103.44,35530.0
2024-10-07 18:40:00,103.44,103.67,103.44,103.56,35370.0
2024-10-07 18:42:00,103.56,103.57,103.42,103.46,70514.0
2024-10-07 18:44:00,103.4999,103.4999,103.06,103.0714,144345.0
2024-10-07 18:46:00,103.075,103.075,102.71,102.742,113810.0
2024-10-07 18:48:00,102.73,102.87,102.58,102.705,122059.0
2024-10-07 18:50:00,102.73,102.8515,102.5809,102.67,71254.0
2024-10-07 18:52:00,102.6899,102.83,102.6601,102.688,52485.0
2024-10-07 18:54:00,102.66,102.68,102.4326,102.63,161692.0
2024-10-07 18:56:00,102.61,102.73,102.5501,102.57,69726.0
2024-10-07 18:58:00,102.535,102.55,102.19,102.23,131596.0
2024-10-07 19:00:00,102.22,102.36,102.1701,102.36,349867.0
2024-10-07 19:02:00,102.37,102.46,102.33,102.3408,80371.0
2024-10-07 19:04:00,102.36,102.4799,102.24,102.4299,96623.0
2024-10-07 19:06:00,102.45,102.59,102.36,102.5588,158023.0
2024-10-07 19:08:00,102.56,102.78,102.5301,102.66,108705.0
2024-10-07 19:10:00,102.65,102.6599,102.43,102.57,72086.0
2024-10-07 19:12:00,102.58,102.58,102.37,102.4,53519.0
2024-10-07 19:14:00,102.38,102.5098,102.37,102.37,77026.0
2024-10-07 19:16:00,102.37,102.38,102.2,102.24,89653.0
2024-10-07 19:18:00,102.24,102.3832,102.2091,102.37,83497.0
2024-10-07 19:20:00,102.35,102.4698,102.295,102.34,55177.0
2024-10-07 19:22:00,102.3693,102.46,102.3693,102.43,98143.0
2024-10-07 19:24:00,102.4398,102.45,102.25,102.27,92729.0
2024-10-07 19:26:00,102.26,102.31,102.2,102.25,77408.0
2024-10-07 19:28:00,102.25,102.27,102.14,102.205,73080.0
2024-10-07 19:30:00,102.21,102.27,101.97,102.12,158073.0
2024-10-07 19:32:00,102.13,102.22,102.02,102.06,76518.0
2024-10-07 19:34:00,102.07,102.25,102.03,102.04,86566.0
2024-10-07 19:36:00,102.05,102.31,102.01,102.28,80733.0
2024-10-07 19:38:00,102.28,102.34,102.2202,102.29,53068.0
2024-10-07 19:40:00,102.28,102.292,102.105,102.13,71666.0
2024-10-07 19:42:00,102.1349,102.1799,101.95,102.17,127161.0
2024-10-07 19:44:00,102.1701,102.24,102.07,102.2,89674.0
2024-10-07 19:46:00,102.1908,102.344,102.15,102.28,72896.0
2024-10-07 19:48:00,102.29,102.59,102.27,102.51,135671.0
2024-10-07 19:50:00,102.55,102.86,102.55,102.82,198081.0
2024-10-07 19:52:00,102.825,103.01,102.79,102.97,139909.0
2024-10-07 19:54:00,102.96,103.16,102.89,102.92,254363.0
2024-10-07 19:56:00,102.91,103.0,102.81,102.89,211801.0
2024-10-07 19:58:00,102.89,103.02,102.835,102.99,427978.0
2024-10-07 20:00:00,102.96,103.02,102.91,102.94,137053.0
2024-10-07 20:02:00,102.94,102.94,102.89,102.93,3261.0
2024-10-07 20:04:00,102.91,102.93,102.8804,102.93,4657.0
2024-10-07 20:06:00,102.9301,102.97,102.9301,102.962,3589.0
2024-10-07 20:08:00,102.91,102.9634,102.91,102.9617,5236.0
2024-10-07 20:10:00,102.98,102.99,102.9201,102.9201,1520.0
2024-10-07 20:12:00,102.95,103.0,102.95,102.9975,2538.0
2024-10-07 20:14:00,102.95,102.9603,102.95,102.9603,1233.0
2024-10-07 20:16:00,103.0,103.09,103.0,103.09,8865.0
2024-10-07 20:18:00,103.09,103.12,103.09,103.12,3188.0
2024-10-07 20:20:00,103.02,103.0298,103.0,103.0,1401.0
2024-10-07 20:22:00,102.98,102.98,102.9589,102.9589,1022.0
2024-10-07 20:24:00,102.98,103.0,102.98,103.0,1865.0
2024-10-07 20:26:00,103.03,103.11,103.03,103.11,1951.0
2024-10-07 20:28:00,103.05,103.109,103.05,103.1,3239.0
2024-10-07 20:30:00,103.1,103.12,103.1,103.11,1011.0
2024-10-07 20:32:00,103.05,103.05,102.98,102.98,1903.0
2024-10-07 20:34:00,102.96,102.96,102.9005,102.92,2307.0
2024-10-07 20:36:00,102.96,102.9607,102.92,102.9607,3919.0
2024-10-07 20:38:00,102.92,102.9885,102.92,102.9885,1078.0
2024-10-07 20:40:00,102.93,102.93,102.93,102.93,500.0
2024-10-07 20:42:00,102.97,103.05,102.97,103.05,2058.0
2024-10-07 20:44:00,102.97,102.97,102.97,102.97,233.0
2024-10-07 20:46:00,103.05,103.05,103.05,103.05,312.0
2024-10-07 20:48:00,103.05,103.05,103.05,103.05,679.0
2024-10-07 20:50:00,103.0,103.0,102.99,102.99,331.0
2024-10-07 20:54:00,102.97,102.97,102.96,102.96,662.0
2024-10-07 20:56:00,102.97,102.97,102.91,102.95,1325451.0
2024-10-07 21:00:00,102.91,102.91,102.91,102.91,550.0
2024-10-07 21:02:00,102.91,102.95,102.91,102.95,350.0
2024-10-07 21:08:00,102.998,102.998,102.998,102.998,236.0
2024-10-07 21:10:00,102.96,102.96,102.96,102.96,485.0
2024-10-07 21:12:00,102.9301,102.9301,102.9301,102.9301,125.0
2024-10-07 21:16:00,102.98,102.98,102.98,102.98,452.0
2024-10-07 21:18:00,103.04,103.04,103.04,103.04,427.0
2024-10-07 21:22:00,103.03,103.03,103.03,103.03,189.0
2024-10-07 21:24:00,103.0097,103.0097,103.0097,103.0097,624.0
2024-10-07 21:26:00,102.98,103.0,102.98,103.0,216.0
2024-10-07 21:28:00,102.98,102.98,102.98,102.98,211.0
2024-10-07 21:30:00,103.0,103.0,103.0,103.0,189.0
2024-10-07 21:34:00,102.98,102.98,102.98,102.98,495.0
2024-10-07 21:36:00,102.9479,103.03,102.9445,103.03,755.0
2024-10-07 21:38:00,102.96,103.0299,102.92,102.92,1716.0
2024-10-07 21:42:00,102.9515,102.9975,102.9515,102.99,1379.0
2024-10-07 21:44:00,102.9503,102.9503,102.9503,102.9503,2769.0
2024-10-07 21:52:00,102.9425,102.9425,102.9425,102.9425,520.0
2024-10-07 21:56:00,102.9938,102.9938,102.91,102.95,785.0
2024-10-07 21:58:00,102.97,103.0,102.97,103.0,821.0
2024-10-07 22:00:00,102.94,102.94,102.91,102.91,561.0
2024-10-07 22:04:00,102.93,102.93,102.93,102.93,415.0
2024-10-07 22:06:00,102.902,102.94,102.902,102.94,633.0
2024-10-07 22:10:00,102.98,102.98,102.98,102.98,409.0
2024-10-07 22:12:00,102.99,102.99,102.99,102.99,144.0
2024-10-07 22:16:00,102.98,102.9999,102.97,102.97,583.0
2024-10-07 22:18:00,102.99,103.0,102.99,102.99,1698.0
2024-10-07 22:20:00,102.97,103.03,102.97,103.03,1162.0
2024-10-07 22:22:00,103.03,103.1109,103.03,103.03,4644.0
2024-10-07 22:24:00,103.1,103.1,102.9559,102.9559,246.0
2024-10-07 22:34:00,102.71,102.71,102.71,102.71,344.0
2024-10-07 22:36:00,102.89,102.89,102.89,102.89,319.0
2024-10-07 22:38:00,102.89,102.89,102.89,102.89,187.0
2024-10-07 22:42:00,102.76,102.76,102.76,102.76,305.0
2024-10-07 22:44:00,102.89,102.89,102.79,102.8,1197.0
2024-10-07 22:46:00,102.7026,102.7207,102.7026,102.7207,459.0
2024-10-07 22:48:00,102.7167,102.88,102.7167,102.88,392.0
2024-10-07 22:52:00,102.8,102.8005,102.8,102.8005,501.0
2024-10-07 22:54:00,102.802,102.802,102.802,102.802,263.0
2024-10-07 22:56:00,102.8,102.8,102.75,102.75,1152.0
2024-10-07 23:10:00,102.945,102.945,102.945,102.945,300.0
2024-10-07 23:12:00,102.85,102.85,102.85,102.85,316.0
2024-10-07 23:14:00,102.9,102.9,102.9,102.9,295.0
2024-10-07 23:16:00,102.86,102.86,102.86,102.86,540.0
2024-10-07 23:18:00,102.9494,102.9494,102.9494,102.9494,2169.0
2024-10-07 23:22:00,102.86,102.86,102.86,102.86,304.0
2024-10-07 23:28:00,102.936,102.936,102.936,102.936,239.0
2024-10-07 23:30:00,102.9,102.9,102.9,102.9,422.0
2024-10-07 23:32:00,102.9385,102.9385,102.9385,102.9385,201.0
2024-10-07 23:36:00,102.9,102.9,102.8815,102.8815,620.0
2024-10-07 23:40:00,102.935,102.935,102.935,102.935,212.0
2024-10-07 23:42:00,102.93,102.93,102.93,102.93,1080.0
2024-10-07 23:44:00,102.9375,102.95,102.9375,102.95,2054.0
2024-10-07 23:46:00,102.9215,102.9215,102.91,102.91,622.0
2024-10-07 23:48:00,102.8806,102.8806,102.8806,102.8806,380.0
2024-10-07 23:50:00,102.8802,102.92,102.8802,102.92,1005.0
2024-10-07 23:52:00,102.93,102.95,102.9215,102.9215,2848.0
2024-10-07 23:54:00,102.92,102.92,102.92,102.92,1164.0
2024-10-07 23:56:00,102.92,102.92,102.5,102.5,8884.0
2024-10-07 23:58:00,102.54,102.8602,102.03,102.28,3269.0
2024-10-08 08:00:00,102.38,102.5,102.38,102.5,1453.0
2024-10-08 08:02:00,102.35,102.35,102.14,102.14,2216.0
2024-10-08 08:04:00,102.15,102.15,102.13,102.13,614.0
2024-10-08 08:06:00,102.0,102.0,102.0,102.0,205.0
2024-10-08 08:08:00,102.07,102.07,102.07,102.07,246.0
2024-10-08 08:10:00,102.13,102.14,102.09,102.14,3311.0
2024-10-08 08:14:00,102.13,102.13,102.13,102.13,255.0
2024-10-08 08:16:00,102.19,102.4,102.19,102.4,1513.0
2024-10-08 08:20:00,102.28,102.28,102.28,102.28,810.0
2024-10-08 08:22:00,102.26,102.33,102.16,102.16,1713.0
2024-10-08 08:24:00,102.21,102.21,102.16,102.16,1260.0
2024-10-08 08:28:00,102.02,102.02,102.02,102.02,475.0
2024-10-08 08:30:00,101.9,101.9,101.9,101.9,1397.0
2024-10-08 08:32:00,101.84,101.84,101.83,101.84,714.0
2024-10-08 08:34:00,101.86,101.87,101.86,101.86,528.0
2024-10-08 08:38:00,102.0,102.0,101.89,101.89,397.0
2024-10-08 08:42:00,101.95,101.96,101.86,101.96,1169.0
2024-10-08 08:46:00,101.98,101.98,101.98,101.98,144.0
2024-10-08 08:48:00,101.99,101.99,101.99,101.99,550.0
2024-10-08 08:52:00,102.01,102.01,102.01,102.01,521.0
2024-10-08 08:54:00,102.23,102.24,102.23,102.24,598.0
2024-10-08 08:56:00,102.17,102.18,102.17,102.18,606.0
2024-10-08 09:00:00,102.26,102.26,102.25,102.25,5208.0
2024-10-08 09:02:00,102.34,102.34,102.34,102.34,326.0
2024-10-08 09:04:00,102.39,102.65,102.39,102.65,1425.0
2024-10-08 09:12:00,102.41,102.42,102.41,102.41,2979.0
2024-10-08 09:14:00,102.45,102.45,102.45,102.45,477.0
2024-10-08 09:16:00,102.52,102.52,102.52,102.52,105.0
2024-10-08 09:18:00,102.51,102.51,102.51,102.51,142.0
2024-10-08 09:20:00,102.51,102.53,102.51,102.53,336.0
2024-10-08 09:26:00,102.69,102.69,102.69,102.69,172.0
2024-10-08 09:34:00,102.64,102.64,102.64,102.64,399.0
2024-10-08 09:36:00,102.54,102.54,102.54,102.54,251.0
2024-10-08 09:40:00,102.54,102.55,102.54,102.55,550.0
2024-10-08 09:42:00,102.55,102.6,102.55,102.6,878.0
2024-10-08 09:44:00,102.56,102.75,102.53,102.75,1173.0
2024-10-08 09:48:00,102.57,102.57,102.55,102.55,415.0
2024-10-08 09:56:00,102.69,102.69,102.69,102.69,666.0
2024-10-08 10:00:00,102.78,102.79,102.78,102.79,220.0
2024-10-08 10:04:00,102.68,102.68,102.665,102.665,947.0
2024-10-08 10:06:00,102.67,102.67,102.67,102.67,104.0
2024-10-08 10:08:00,102.66,102.67,102.66,102.67,303.0
2024-10-08 10:12:00,102.67,102.76,102.67,102.76,1121.0
2024-10-08 10:14:00,102.76,102.76,102.67,102.67,476.0
2024-10-08 10:20:00,102.78,102.78,102.78,102.78,498.0
2024-10-08 10:22:00,102.73,102.73,102.73,102.73,744.0
2024-10-08 10:26:00,102.69,102.69,102.69,102.69,106.0
2024-10-08 10:28:00,102.6,102.6,102.6,102.6,100.0
2024-10-08 10:34:00,102.62,102.69,102.62,102.69,416.0
2024-10-08 10:40:00,102.6,102.64,102.6,102.64,1093.0
2024-10-08 10:42:00,102.61,102.61,102.61,102.61,183.0
2024-10-08 10:54:00,102.57,102.68,102.57,102.68,519.0
2024-10-08 10:58:00,102.67,102.67,102.67,102.67,402.0
2024-10-08 11:00:00,102.62,103.0,102.59,103.0,13115.0
2024-10-08 11:02:00,102.91,103.21,102.91,103.14,4502.0
2024-10-08 11:04:00,103.22,103.24,103.22,103.22,4530.0
2024-10-08 11:06:00,103.15,103.35,103.15,103.34,9743.0
2024-10-08 11:08:00,103.35,103.4,103.24,103.4,5733.0
2024-10-08 11:10:00,103.47,103.62,103.47,103.62,2098.0
2024-10-08 11:12:00,103.49,103.49,103.45,103.45,1579.0
2024-10-08 11:14:00,103.35,103.35,103.3,103.3,690.0
2024-10-08 11:16:00,103.35,103.38,103.35,103.35,7417.0
2024-10-08 11:20:00,103.33,103.37,103.3,103.36,2863.0
2024-10-08 11:22:00,103.3,103.3,103.2,103.2,5349.0
2024-10-08 11:24:00,103.2,103.2,103.2,103.2,405.0
2024-10-08 11:26:00,103.09,103.09,102.84,102.98,7389.0
2024-10-08 11:28:00,103.14,103.14,103.14,103.14,500.0
2024-10-08 11:30:00,103.18,103.2,103.18,103.2,1251.0
2024-10-08 11:32:00,103.2,103.3,103.2,103.3,2176.0
2024-10-08 11:34:00,103.3,103.3,103.3,103.3,271.0
2024-10-08 11:36:00,103.33,103.33,103.33,103.33,2131.0
2024-10-08 11:40:00,103.2,103.2,103.2,103.2,700.0
2024-10-08 11:42:00,103.32,103.33,103.32,103.33,598.0
2024-10-08 11:44:00,103.37,103.49,103.35,103.4,10288.0
2024-10-08 11:46:00,103.29,103.3,103.25,103.25,2321.0
2024-10-08 11:48:00,103.25,103.25,103.25,103.25,374.0
2024-10-08 11:52:00,103.24,103.31,103.21,103.31,1704.0
2024-10-08 11:54:00,103.28,103.28,103.28,103.28,217.0
2024-10-08 11:58:00,103.29,103.29,103.29,103.29,628.0
2024-10-08 12:00:00,103.32,103.5,102.0,103.4,46037.0
2024-10-08 12:02:00,103.4,103.4,103.28,103.3,15277.0
2024-10-08 12:04:00,103.3,103.35,103.29,103.35,3275.0
2024-10-08 12:06:00,103.2503,103.3595,103.21,103.23,6971.0
2024-10-08 12:08:00,103.1801,103.25,103.1801,103.2,782.0
2024-10-08 12:10:00,103.23,103.23,103.2,103.2,755.0
2024-10-08 12:12:00,103.1347,103.1362,103.1347,103.1362,958.0
2024-10-08 12:14:00,103.156,103.28,103.156,103.1635,1789.0
2024-10-08 12:16:00,103.3164,103.3164,103.3164,103.3164,312.0
2024-10-08 12:18:00,103.22,103.25,103.21,103.25,1643.0
2024-10-08 12:20:00,103.25,103.25,103.13,103.15,1437.0
2024-10-08 12:22:00,103.16,103.16,103.09,103.1,3444.0
2024-10-08 12:24:00,103.12,103.13,103.11,103.13,1057.0
2024-10-08 12:26:00,103.19,103.196,103.12,103.14,2397.0
2024-10-08 12:28:00,103.1986,103.1986,103.12,103.12,6348.0
2024-10-08 12:30:00,103.0,103.1,103.0,103.05,2080.0
2024-10-08 12:32:00,103.097,103.0999,102.99,102.99,8880.0
2024-10-08 12:34:00,103.03,103.03,102.9,102.9,2423.0
2024-10-08 12:36:00,103.0299,103.0299,102.83,102.84,8011.0
2024-10-08 12:38:00,102.88,102.9,102.87,102.9,6135.0
2024-10-08 12:40:00,102.9,102.9,102.85,102.85,3397.0
2024-10-08 12:42:00,102.8839,102.8839,102.8,102.85,9282.0
2024-10-08 12:44:00,102.89,102.9,102.89,102.9,866.0
2024-10-08 12:46:00,102.9,102.9,102.88,102.9,1669.0
2024-10-08 12:48:00,102.8783,102.8783,102.8783,102.8783,396.0
2024-10-08 12:50:00,102.87,102.9,102.71,102.71,7312.0
2024-10-08 12:52:00,102.67,102.8,102.63,102.8,5267.0
2024-10-08 12:54:00,102.72,102.8596,102.65,102.7279,7441.0
2024-10-08 12:56:00,102.6306,102.68,102.6,102.68,3067.0
2024-10-08 12:58:00,102.68,102.74,102.65,102.74,4088.0
2024-10-08 13:00:00,102.7,102.7,102.55,102.57,5574.0
2024-10-08 13:02:00,102.56,102.6,102.5137,102.6,5858.0
2024-10-08 13:04:00,102.6,102.8,102.6,102.8,1677.0
2024-10-08 13:06:00,102.65,102.7,102.65,102.7,2301.0
2024-10-08 13:08:00,102.7792,102.8,102.65,102.8,9137.0
2024-10-08 13:10:00,102.67,102.68,102.67,102.67,1326.0
2024-10-08 13:12:00,102.67,102.7,102.67,102.7,1013.0
2024-10-08 13:14:00,102.65,102.65,102.53,102.65,6531.0
2024-10-08 13:16:00,102.65,102.65,102.59,102.635,4582.0
2024-10-08 13:18:00,102.694,102.7,102.69,102.7,2101.0
2024-10-08 13:20:00,102.69,102.7,102.551,102.69,2902.0
2024-10-08 13:22:00,102.58,102.68,102.58,102.6006,2848.0
2024-10-08 13:24:00,102.65,102.65,102.55,102.65,5853.0
2024-10-08 13:26:00,102.67,102.69,102.45,102.45,7446.0
2024-10-08 13:28:00,102.41,102.49,102.07,102.49,19799.0
2024-10-08 13:30:00,102.18,102.4599,101.95,101.9697,432777.0
2024-10-08 13:32:00,101.97,102.17,101.9211,102.08,159584.0
2024-10-08 13:34:00,102.05,102.65,102.0,102.14,339589.0
2024-10-08 13:36:00,102.11,102.76,102.11,102.68,176110.0
2024-10-08 13:38:00,102.66,102.79,102.35,102.35,86540.0
2024-10-08 13:40:00,102.37,102.4776,102.21,102.28,118323.0
2024-10-08 13:42:00,102.29,102.51,102.225,102.3139,131544.0
2024-10-08 13:44:00,102.34,102.56,102.1902,102.21,95799.0
2024-10-08 13:46:00,102.205,102.33,102.11,102.2,85415.0
2024-10-08 13:48:00,102.215,102.32,101.84,102.0,215265.0
2024-10-08 13:50:00,102.0,102.025,101.53,101.56,214434.0
2024-10-08 13:52:00,101.57,101.82,101.47,101.75,196802.0
2024-10-08 13:54:00,101.7672,101.8754,101.66,101.74,121926.0
2024-10-08 13:56:00,101.755,101.86,101.5736,101.835,100828.0
2024-10-08 13:58:00,101.8201,101.9899,101.81,101.948,130416.0
2024-10-08 14:00:00,101.95,102.2546,101.95,102.2257,161616.0
2024-10-08 14:02:00,102.22,102.42,102.22,102.3839,121873.0
2024-10-08 14:04:00,102.4,102.5,102.25,102.4199,90143.0
2024-10-08 14:06:00,102.436,102.48,102.3201,102.33,98407.0
2024-10-08 14:08:00,102.32,102.69,102.31,102.5938,142603.0
2024-10-08 14:10:00,102.61,102.86,102.54,102.8,154989.0
2024-10-08 14:12:00,102.8,102.85,102.58,102.64,104662.0
2024-10-08 14:14:00,102.6401,102.71,102.48,102.495,85713.0
2024-10-08 14:16:00,102.55,102.6,102.33,102.375,100259.0
2024-10-08 14:18:00,102.39,102.41,102.11,102.2199,98660.0
2024-10-08 14:20:00,102.18,102.29,102.11,102.21,114138.0
2024-10-08 14:22:00,102.19,102.255,101.94,102.24,87494.0
2024-10-08 14:24:00,102.22,102.29,102.01,102.29,66865.0
2024-10-08 14:26:00,102.26,102.32,102.151,102.23,72799.0
2024-10-08 14:28:00,102.21,102.325,102.16,102.26,61130.0
2024-10-08 14:30:00,102.24,102.31,102.19,102.2431,50005.0
2024-10-08 14:32:00,102.255,102.31,102.0801,102.13,54418.0
2024-10-08 14:34:00,102.115,102.26,102.05,102.225,108805.0
2024-10-08 14:36:00,102.21,102.3545,102.13,102.165,64595.0
2024-10-08 14:38:00,102.14,102.1896,102.09,102.09,47647.0
2024-10-08 14:40:00,102.11,102.1433,101.96,101.99,92614.0
2024-10-08 14:42:00,102.0141,102.45,102.0141,102.282,114544.0
2024-10-08 14:44:00,102.29,102.39,102.2675,102.33,60076.0
2024-10-08 14:46:00,102.36,102.45,102.32,102.36,95464.0
2024-10-08 14:48:00,102.38,102.47,102.3001,102.3941,105026.0
2024-10-08 14:50:00,102.4,102.415,102.32,102.36,76325.0
2024-10-08 14:52:00,102.3652,102.68,102.33,102.63,132697.0
2024-10-08 14:54:00,102.65,102.725,102.5519,102.69,88522.0
2024-10-08 14:56:00,102.71,102.755,102.548,102.6,83389.0
2024-10-08 14:58:00,102.59,102.69,102.5107,102.5501,62582.0
2024-10-08 15:00:00,102.58,102.79,102.58,102.7,65907.0
2024-10-08 15:02:00,102.73,102.83,102.7,102.725,79739.0
2024-10-08 15:04:00,102.74,102.88,102.7309,102.78,87042.0
2024-10-08 15:06:00,102.76,102.81,102.6154,102.6154,69535.0
2024-10-08 15:08:00,102.6203,102.7099,102.59,102.6,52463.0
2024-10-08 15:10:00,102.6,102.63,102.49,102.52,64867.0
2024-10-08 15:12:00,102.5395,102.61,102.42,102.588,60074.0
2024-10-08 15:14:00,102.59,102.6089,102.41,102.41,67135.0
2024-10-08 15:16:00,102.4027,102.435,102.3294,102.3699,45119.0
2024-10-08 15:18:00,102.37,102.38,102.2603,102.27,61128.0
2024-10-08 15:20:00,102.26,102.49,102.25,102.455,48803.0
2024-10-08 15:22:00,102.4382,102.5,102.417,102.432,32336.0
2024-10-08 15:24:00,102.44,102.44,102.19,102.19,49517.0
2024-10-08 15:26:00,102.21,102.37,102.12,102.3305,77668.0
2024-10-08 15:28:00,102.31,102.38,102.28,102.34,24670.0
2024-10-08 15:30:00,102.34,102.38,102.27,102.34,32971.0
2024-10-08 15:32:00,102.34,102.445,102.27,102.42,35031.0
2024-10-08 15:34:00,102.43,102.43,102.2687,102.29,37549.0
2024-10-08 15:36:00,102.3,102.38,102.2981,102.348,16782.0
2024-10-08 15:38:00,102.36,102.5,102.36,102.48,46613.0
2024-10-08 15:40:00,102.49,102.54,102.42,102.4441,56849.0
2024-10-08 15:42:00,102.4462,102.585,102.4462,102.545,41933.0
2024-10-08 15:44:00,102.522,102.56,102.45,102.5,36920.0
2024-10-08 15:46:00,102.5,102.5299,102.47,102.51,26613.0
2024-10-08 15:48:00,102.515,102.53,102.42,102.44,59740.0
2024-10-08 15:50:00,102.44,102.61,102.44,102.54,128636.0
2024-10-08 15:52:00,102.545,102.5999,102.51,102.54,34193.0
2024-10-08 15:54:00,102.54,102.57,102.495,102.56,47231.0
2024-10-08 15:56:00,102.555,102.57,102.44,102.47,44188.0
2024-10-08 15:58:00,102.4597,102.5275,102.42,102.5243,50230.0
2024-10-08 16:00:00,102.51,102.5299,102.24,102.29,66967.0
2024-10-08 16:02:00,102.3,102.3799,102.23,102.24,39986.0
2024-10-08 16:04:00,102.25,102.26,102.09,102.18,69605.0
2024-10-08 16:06:00,102.18,102.2393,102.04,102.06,47030.0
2024-10-08 16:08:00,102.06,102.06,101.86,101.91,105128.0
2024-10-08 16:10:00,101.91,102.09,101.87,102.05,73769.0
2024-10-08 16:12:00,102.06,102.1399,102.06,102.075,24801.0
2024-10-08 16:14:00,102.08,102.1415,102.08,102.11,33371.0
2024-10-08 16:16:00,102.115,102.2033,102.06,102.165,33863.0
2024-10-08 16:18:00,102.16,102.21,102.142509,102.15,33930.0
2024-10-08 16:20:00,102.14,102.14,102.0596,102.06,17458.0
2024-10-08 16:22:00,102.05,102.1,101.95,101.97,40308.0
2024-10-08 16:24:00,101.96,102.01,101.88,101.98,59124.0
2024-10-08 16:26:00,101.973,102.008,101.92,101.94,30226.0
2024-10-08 16:28:00,101.95,101.99,101.86,101.915,38838.0
2024-10-08 16:30:00,101.91,101.940854,101.87,101.92,31339.0
2024-10-08 16:32:00,101.94,101.98,101.88,101.92,41310.0
2024-10-08 16:34:00,101.92,101.97,101.8753,101.936,39365.0
2024-10-08 16:36:00,101.94,102.1599,101.92,102.14,47233.0
2024-10-08 16:38:00,102.13,102.13,102.01,102.05,37352.0
2024-10-08 16:40:00,102.07,102.13,102.07,102.08,28893.0
2024-10-08 16:42:00,102.0835,102.1,102.023,102.03,27855.0
2024-10-08 16:44:00,102.035,102.0517,101.99,102.04,32098.0
2024-10-08 16:46:00,102.04,102.089,102.02,102.07,29254.0
2024-10-08 16:48:00,102.0627,102.0627,101.91,101.98,55200.0
2024-10-08 16:50:00,101.975,102.0,101.92,101.93,51973.0
2024-10-08 16:52:00,101.93,102.04,101.93,102.03,42670.0
2024-10-08 16:54:00,102.03,102.08,102.01,102.01,37552.0
2024-10-08 16:56:00,102.01,102.15,101.98,102.14,50264.0
2024-10-08 16:58:00,102.12,102.1692,102.11,102.12,30605.0
2024-10-08 17:00:00,102.12,102.13,101.97,102.0,48628.0
2024-10-08 17:02:00,101.9735,101.983183,101.85,101.868,50526.0
2024-10-08 17:04:00,101.88,101.89,101.64,101.64,82839.0
2024-10-08 17:06:00,101.6502,101.84,101.6502,101.7975,51128.0
2024-10-08 17:08:00,101.8,101.8,101.53,101.62,70450.0
2024-10-08 17:10:00,101.56,101.6199,101.42,101.49,105018.0
2024-10-08 17:12:00,101.485,101.71,101.4804,101.63,77961.0
2024-10-08 17:14:00,101.645,101.7,101.57,101.58,51957.0
2024-10-08 17:16:00,101.57,101.57,101.31,101.33,92554.0
2024-10-08 17:18:00,101.3,101.47,101.3,101.47,64484.0
2024-10-08 17:20:00,101.46,101.4825,101.3619,101.42,70980.0
2024-10-08 17:22:00,101.41,101.49,101.35,101.46,52110.0
2024-10-08 17:24:00,101.48,101.48,101.33,101.36,55586.0
2024-10-08 17:26:00,101.37,101.4499,101.3114,101.32,32752.0
2024-10-08 17:28:00,101.325,101.38,101.2701,101.366,87362.0
2024-10-08 17:30:00,101.36,101.365,101.29,101.3393,28875.0
2024-10-08 17:32:00,101.32,101.4,101.32,101.364,70643.0
2024-10-08 17:34:00,101.37,101.57,101.3588,101.53,87192.0
2024-10-08 17:36:00,101.53,101.55,101.4,101.49,63727.0
2024-10-08 17:38:00,101.49,101.565,101.49,101.54,350136.0
2024-10-08 17:40:00,101.5301,101.6179,101.52,101.55,336458.0
2024-10-08 17:42:00,101.55,101.58,101.48,101.53,49118.0
2024-10-08 17:44:00,101.5,101.53,101.41,101.45,42438.0
2024-10-08 17:46:00,101.44,101.5127,101.34,101.5076,36858.0
2024-10-08 17:48:00,101.502,101.5538,101.4601,101.55,29817.0
2024-10-08 17:50:00,101.565,101.64,101.56,101.5744,39079.0
2024-10-08 17:52:00,101.59,101.68,101.58,101.66,33514.0
2024-10-08 17:54:00,101.66,101.68,101.62,101.6524,54424.0
2024-10-08 17:56:00,101.65,101.76,101.64,101.7201,42289.0
2024-10-08 17:58:00,101.7242,101.79,101.72,101.7699,40750.0
2024-10-08 18:00:00,101.76,101.77,101.685,101.7,41044.0
2024-10-08 18:02:00,101.69,101.73,101.6,101.6544,39762.0
2024-10-08 18:04:00,101.64,101.6999,101.6,101.67,138693.0
2024-10-08 18:06:00,101.67,101.69,101.6,101.62,38990.0
2024-10-08 18:08:00,101.6225,101.6797,101.6001,101.63,25278.0
2024-10-08 18:10:00,101.6387,101.7,101.62,101.68,36921.0
2024-10-08 18:12:00,101.68,101.685,101.59,101.59,38102.0
2024-10-08 18:14:00,101.59,101.646,101.57,101.62,34199.0
2024-10-08 18:16:00,101.63,101.65,101.57,101.58,46602.0
2024-10-08 18:18:00,101.58,101.61,101.48,101.49,53750.0
2024-10-08 18:20:00,101.495,101.5,101.39,101.412,50656.0
2024-10-08 18:22:00,101.41,101.41,101.26,101.318,92398.0
2024-10-08 18:24:00,101.31,101.45,101.31,101.45,51188.0
2024-10-08 18:26:00,101.46,101.49,101.45,101.47,31881.0
2024-10-08 18:28:00,101.4769,101.485,101.43,101.47,33808.0
2024-10-08 18:30:00,101.465,101.48,101.408,101.408,28839.0
2024-10-08 18:32:00,101.42,101.42,101.35,101.38,40293.0
2024-10-08 18:34:00,101.38,101.56,101.36,101.55,112166.0
2024-10-08 18:36:00,101.57,101.83,101.5249,101.79,107487.0
2024-10-08 18:38:00,101.79,101.797,101.62,101.6899,76839.0
2024-10-08 18:40:00,101.67,101.6899,101.64,101.67,22887.0
2024-10-08 18:42:00,101.6785,101.6797,101.605,101.64,34490.0
2024-10-08 18:44:00,101.645,101.6895,101.6,101.655,50854.0
2024-10-08 18:46:00,101.635,101.7075,101.58,101.62,63793.0
2024-10-08 18:48:00,101.62,101.68,101.6,101.65,50302.0
2024-10-08 18:50:00,101.6656,101.7099,101.6412,101.6708,49659.0
2024-10-08 18:52:00,101.69,101.72,101.68,101.68,34699.0
2024-10-08 18:54:00,101.67,101.67,101.6203,101.65,48706.0
2024-10-08 18:56:00,101.654,101.85,101.654,101.785,87261.0
2024-10-08 18:58:00,101.79,101.85,101.79,101.83,37853.0
2024-10-08 19:00:00,101.82,101.94,101.81,101.94,84009.0
2024-10-08 19:02:00,101.94,101.9499,101.83,101.88,70996.0
2024-10-08 19:04:00,101.8899,102.08,101.8899,102.0656,107386.0
2024-10-08 19:06:00,102.07,102.15,102.01,102.04,81315.0
2024-10-08 19:08:00,102.04,102.07,102.0,102.03,46213.0
2024-10-08 19:10:00,102.03,102.09,102.02,102.0531,35159.0
2024-10-08 19:12:00,102.065,102.09,102.0,102.0403,58626.0
2024-10-08 19:14:00,102.04,102.1699,102.01,102.1401,57270.0
2024-10-08 19:16:00,102.1399,102.24,102.1369,102.2349,75650.0
2024-10-08 19:18:00,102.23,102.295,102.2,102.28,66342.0
2024-10-08 19:20:00,102.29,102.295,102.2401,102.29,71391.0
2024-10-08 19:22:00,102.29,102.39,102.22,102.38,72126.0
2024-10-08 19:24:00,102.376741,102.44,102.35,102.44,99777.0
2024-10-08 19:26:00,102.43,102.47,102.38,102.46,57274.0
2024-10-08 19:28:00,102.455,102.4999,102.3801,102.47,94386.0
2024-10-08 19:30:00,102.46,102.46,102.31,102.36,76540.0
2024-10-08 19:32:00,102.37,102.49,102.35,102.45,84202.0
2024-10-08 19:34:00,102.45,102.78,102.44,102.776,157723.0
2024-10-08 19:36:00,102.775,102.79,102.69,102.7012,113894.0
2024-10-08 19:38:00,102.71,102.87,102.695,102.8023,115153.0
2024-10-08 19:40:00,102.818,102.82,102.65,102.69,104213.0
2024-10-08 19:42:00,102.68,102.75,102.63,102.6817,82449.0
2024-10-08 19:44:00,102.69,102.8,102.67,102.7616,88116.0
2024-10-08 19:46:00,102.77,102.775,102.7,102.72,101050.0
2024-10-08 19:48:00,102.71,102.845,102.7051,102.7865,114041.0
2024-10-08 19:50:00,102.77,102.83,102.67,102.83,131027.0
2024-10-08 19:52:00,102.82,102.94,102.75,102.92,223880.0
2024-10-08 19:54:00,102.9,102.94,102.65,102.66,188019.0
2024-10-08 19:56:00,102.66,102.675,102.54,102.565,173065.0
2024-10-08 19:58:00,102.565,102.58,102.43,102.55,373284.0
2024-10-08 20:00:00,102.54,102.55,102.49,102.52,307742.0
2024-10-08 20:02:00,102.45,102.4562,102.41,102.41,4190.0
2024-10-08 20:04:00,102.46,102.54,102.4,102.4,5899.0
2024-10-08 20:06:00,102.447,102.45,102.39,102.4499,5229.0
2024-10-08 20:08:00,102.45,102.45,102.3901,102.4375,3256.0
2024-10-08 20:12:00,102.45,102.45,102.45,102.45,2120.0
2024-10-08 20:14:00,102.4684,102.47,102.4684,102.47,1308.0
2024-10-08 20:16:00,102.45,102.45,102.45,102.45,434.0
2024-10-08 20:18:00,102.422,102.458,102.18,102.18,2919.0
2024-10-08 20:20:00,102.4005,102.4393,102.4005,102.41,1899.0
2024-10-08 20:22:00,102.41,102.41,102.41,102.41,151.0
2024-10-08 20:24:00,102.42,102.43,102.39,102.39,7457.0
2024-10-08 20:26:00,102.37,102.42,102.37,102.42,847.0
2024-10-08 20:28:00,102.4495,102.4495,102.4,102.4,1034.0
2024-10-08 20:32:00,102.4,102.4,102.4,102.4,1087.0
2024-10-08 20:34:00,102.4,102.41,102.4,102.4,2638.0
2024-10-08 20:36:00,102.36,102.4,102.36,102.4,917.0
2024-10-08 20:38:00,102.3704,102.3704,102.37,102.37,1181.0
2024-10-08 20:42:00,102.4,102.4,102.4,102.4,1451.0
2024-10-08 20:44:00,102.373,102.373,102.373,102.373,932.0
2024-10-08 20:46:00,102.37,102.38,102.35,102.38,1661.0
2024-10-08 20:48:00,102.39,102.39,102.354,102.354,4618.0
2024-10-08 20:50:00,102.36,102.36,102.33,102.35,1095.0
2024-10-08 20:52:00,102.35,102.35,102.35,102.35,201.0
2024-10-08 20:54:00,102.32,102.32,102.27,102.27,2463.0
2024-10-08 20:56:00,102.25,102.2525,102.23,102.2525,5466.0
2024-10-08 20:58:00,102.25,102.3,102.25,102.25,7040.0
2024-10-08 21:00:00,102.25,102.25,102.1052,102.23,3961.0
2024-10-08 21:02:00,102.2685,102.2685,102.2685,102.2685,630.0
2024-10-08 21:04:00,102.2403,102.2698,102.2403,102.2404,1510.0
2024-10-08 21:06:00,102.24,102.24,102.2,102.2,2701.0
2024-10-08 21:08:00,102.21,102.2682,102.18,102.2682,2751.0
2024-10-08 21:10:00,102.2013,102.23,102.2013,102.21,2983.0
2024-10-08 21:12:00,102.23,102.2665,102.23,102.2665,325.0
2024-10-08 21:14:00,102.27,102.27,102.23,102.23,2235.0
2024-10-08 21:16:00,102.23,102.23,102.23,102.23,302.0
2024-10-08 21:20:00,102.19,102.19,102.19,102.19,162.0
2024-10-08 21:22:00,102.21,102.28,102.21,102.21,8019.0
2024-10-08 21:24:00,102.2,102.2119,102.2,102.21,2715.0
2024-10-08 21:26:00,102.21,102.21,102.2,102.2,1089.0
2024-10-08 21:28:00,102.18,102.18,102.18,102.18,617.0
2024-10-08 21:30:00,102.1019,102.18,102.1019,102.176,4520.0
2024-10-08 21:32:00,102.2,102.2,102.1995,102.2,2360.0
2024-10-08 21:34:00,102.2,102.2,102.2,102.2,119.0
2024-10-08 21:36:00,102.15,102.2,102.15,102.18,2512.0
2024-10-08 21:40:00,102.2,102.2,102.2,102.2,447.0
2024-10-08 21:42:00,102.1715,102.1715,102.1703,102.1703,585.0
2024-10-08 21:44:00,102.2,102.2,102.2,102.2,758.0
2024-10-08 21:46:00,102.2,102.24,102.2,102.24,1052.0
2024-10-08 21:48:00,102.28,102.28,102.2,102.2,3361.0
2024-10-08 21:50:00,102.261,102.262,102.261,102.262,808.0
2024-10-08 21:54:00,102.3,102.3,102.29,102.3,901.0
2024-10-08 21:56:00,102.3,102.32,102.27,102.27,1722.0
2024-10-08 21:58:00,102.32,102.32,102.32,102.32,179.0
2024-10-08 22:00:00,102.35,102.35,102.35,102.35,2034.0
2024-10-08 22:02:00,102.3001,102.35,102.3001,102.35,806.0
2024-10-08 22:04:00,102.4,102.4461,102.34,102.4461,1826.0
2024-10-08 22:08:00,102.2622,102.2622,102.26,102.26,1540.0
2024-10-08 22:18:00,102.26,102.26,102.26,102.26,305.0
2024-10-08 22:22:00,102.3,102.3,102.3,102.3,1100.0
2024-10-08 22:28:00,102.2431,102.26,102.2431,102.26,356.0
2024-10-08 22:36:00,102.36,102.36,102.36,102.36,400.0
2024-10-08 22:46:00,102.33,102.38,102.33,102.38,700.0
2024-10-08 22:58:00,102.3299,102.3299,102.2445,102.2445,263.0
2024-10-08 23:06:00,102.3,102.3,102.29,102.29,404.0
2024-10-08 23:10:00,102.31,102.31,102.253,102.31,477.0
2024-10-08 23:14:00,102.31,102.33,102.31,102.33,2647.0
2024-10-08 23:16:00,102.4199,102.5,102.4199,102.5,7347.0
2024-10-08 23:18:00,102.54,102.54,102.54,102.54,2843.0
2024-10-08 23:20:00,102.3293,102.3293,102.3293,102.3293,273.0
2024-10-08 23:22:00,102.34,102.4,102.34,102.4,400.0
2024-10-08 23:24:00,102.404,102.404,102.404,102.404,508.0
2024-10-08 23:26:00,102.4001,102.45,102.4,102.45,1295.0
2024-10-08 23:30:00,102.46,102.46,102.46,102.46,351.0
2024-10-08 23:34:00,102.49,102.52,102.49,102.52,1326.0
2024-10-08 23:36:00,102.53,102.53,102.53,102.53,115.0
2024-10-08 23:38:00,102.54,102.54,102.54,102.54,260.0
2024-10-08 23:40:00,102.52,102.52,102.52,102.52,1467.0
2024-10-08 23:44:00,102.498,102.5,102.498,102.5,635.0
2024-10-08 23:46:00,102.48,102.5,102.48,102.5,1675.0
2024-10-08 23:48:00,102.45,102.45,102.45,102.45,508.0
2024-10-08 23:52:00,102.5,102.5,102.5,102.5,2622.0
2024-10-08 23:54:00,102.5,102.5,102.5,102.5,415.0
2024-10-08 23:56:00,102.414,102.414,102.414,102.414,342.0
2024-10-08 23:58:00,102.4888,102.4894,102.41,102.41,2701.0
2024-10-09 08:00:00,102.26,102.26,102.1,102.1,908.0
2024-10-09 08:02:00,102.09,102.17,101.99,102.01,5963.0
2024-10-09 08:04:00,101.94,102.22,101.94,102.22,1540.0
2024-10-09 08:10:00,102.05,102.05,102.03,102.03,656.0
2024-10-09 08:14:00,102.26,102.26,102.26,102.26,116.0
2024-10-09 08:26:00,102.24,102.24,102.24,102.24,131.0
2024-10-09 08:28:00,102.05,102.05,102.05,102.05,291.0
2024-10-09 08:38:00,102.25,102.25,102.25,102.25,793.0
2024-10-09 08:46:00,102.37,102.39,102.37,102.39,400.0
2024-10-09 08:54:00,102.44,102.45,102.44,102.45,815.0
2024-10-09 08:58:00,102.5,102.5,102.5,102.5,546.0
2024-10-09 09:00:00,102.64,102.64,102.64,102.64,101.0
2024-10-09 09:02:00,102.62,102.62,102.62,102.62,174.0
2024-10-09 09:06:00,102.82,102.82,102.82,102.82,104.0
2024-10-09 09:12:00,102.72,102.72,102.72,102.72,300.0
2024-10-09 09:14:00,102.72,102.8,102.72,102.8,508.0
2024-10-09 09:16:00,102.79,102.79,102.75,102.78,773.0
2024-10-09 09:22:00,102.75,102.79,102.75,102.79,1393.0
2024-10-09 09:28:00,102.7,102.7,102.7,102.7,660.0
2024-10-09 09:30:00,102.68,102.68,102.68,102.68,1105.0
2024-10-09 09:34:00,102.7,102.74,102.7,102.74,476.0
2024-10-09 09:38:00,102.76,102.76,102.76,102.76,201.0
2024-10-09 09:44:00,102.73,102.73,102.73,102.73,432.0
2024-10-09 09:52:00,102.73,102.73,102.73,102.73,170.0
2024-10-09 09:54:00,102.72,102.72,102.71,102.71,557.0
2024-10-09 09:56:00,102.73,102.73,102.73,102.73,121.0
2024-10-09 10:00:00,102.7,102.7,102.7,102.7,678.0
2024-10-09 10:04:00,102.69,102.69,102.69,102.69,170.0
2024-10-09 10:06:00,102.69,102.71,102.69,102.71,482.0
2024-10-09 10:08:00,102.71,102.71,102.71,102.71,768.0
2024-10-09 10:16:00,102.75,102.82,102.73,102.82,5345.0
2024-10-09 10:20:00,102.79,102.79,102.79,102.79,137.0
2024-10-09 10:24:00,102.66,102.71,102.5,102.5,5513.0
2024-10-09 10:26:00,102.41,102.41,101.94,101.98,20989.0
2024-10-09 10:30:00,102.22,102.25,102.22,102.25,871.0
2024-10-09 10:32:00,102.1,102.12,102.1,102.1,1688.0
2024-10-09 10:34:00,102.17,102.34,102.17,102.29,1260.0
2024-10-09 10:54:00,102.21,102.21,102.21,102.21,100.0
2024-10-09 11:00:00,102.34,102.44,102.3,102.35,3591.0
2024-10-09 11:02:00,102.39,102.44,102.38,102.41,3926.0
2024-10-09 11:04:00,102.35,102.37,102.35,102.37,615.0
2024-10-09 11:06:00,102.45,102.5,102.33,102.33,3440.0
2024-10-09 11:08:00,102.37,102.37,102.37,102.37,698.0
2024-10-09 11:10:00,102.47,102.47,102.47,102.47,105.0
2024-10-09 11:12:00,102.52,102.52,102.52,102.52,380.0
2024-10-09 11:14:00,102.5,102.5,102.49,102.5,1887.0
2024-10-09 11:16:00,102.48,102.57,102.48,102.57,4882.0
2024-10-09 11:18:00,102.55,102.56,102.55,102.55,1169.0
2024-10-09 11:20:00,102.58,102.6,102.48,102.48,4526.0
2024-10-09 11:24:00,102.43,102.43,102.4,102.4,969.0
2024-10-09 11:28:00,102.41,102.41,102.41,102.41,359.0
2024-10-09 11:30:00,102.34,102.36,102.34,102.36,410.0
2024-10-09 11:32:00,102.38,102.38,102.38,102.38,182.0
2024-10-09 11:34:00,102.34,102.34,102.3,102.3,1102.0
2024-10-09 11:36:00,102.32,102.32,102.32,102.32,331.0
2024-10-09 11:38:00,102.32,102.32,102.32,102.32,110.0
2024-10-09 11:44:00,102.33,102.33,102.33,102.33,331.0
2024-10-09 11:46:00,102.3,102.3,102.3,102.3,239.0
2024-10-09 11:48:00,102.3,102.3,102.21,102.21,2323.0
2024-10-09 11:50:00,102.19,102.19,102.19,102.19,308.0
2024-10-09 11:54:00,102.05,102.13,102.05,102.13,363.0
2024-10-09 11:56:00,102.15,102.15,102.15,102.15,913.0
2024-10-09 11:58:00,102.1,102.1,102.03,102.03,699.0
2024-10-09 12:00:00,102.3892,102.6238,101.8,102.0,33998.0
2024-10-09 12:02:00,102.0,102.15,102.0,102.09,3262.0
2024-10-09 12:06:00,102.2,102.2925,102.1403,102.2925,8640.0
2024-10-09 12:08:00,102.28,102.796,102.186,102.292,3897.0
2024-10-09 12:10:00,102.22,102.292,102.2145,102.292,1136.0
2024-10-09 12:12:00,102.21,102.21,102.2,102.2,862.0
2024-10-09 12:14:00,102.2,102.2,102.2,102.2,714.0
2024-10-09 12:16:00,102.2,102.2,102.2,102.2,1456.0
2024-10-09 12:18:00,102.25,102.25,102.2006,102.2006,3100.0
2024-10-09 12:20:00,102.23,102.25,102.23,102.25,1235.0
2024-10-09 12:22:00,102.25,102.2575,102.2,102.2,6953.0
2024-10-09 12:26:00,102.25,102.34,102.2,102.208,2943.0
2024-10-09 12:28:00,102.24,102.25,102.2,102.21,4995.0
2024-10-09 12:32:00,102.2007,102.2007,102.2007,102.2007,476.0
2024-10-09 12:34:00,102.2,102.2,102.16,102.16,602.0
2024-10-09 12:36:00,102.1,102.15,102.05,102.05,2621.0
2024-10-09 12:38:00,102.0102,102.05,102.0102,102.03,1771.0
2024-10-09 12:40:00,102.0338,102.05,102.0,102.0,11430.0
2024-10-09 12:42:00,101.95,101.95,101.95,101.95,2073.0
2024-10-09 12:44:00,101.96,102.0,101.96,102.0,3072.0
2024-10-09 12:46:00,101.905,102.0,101.9,102.0,5337.0
2024-10-09 12:48:00,101.95,102.04,101.95,102.04,2719.0
2024-10-09 12:50:00,102.0001,102.06,102.0001,102.04,1209.0
2024-10-09 12:52:00,102.13,102.14,102.13,102.13,823.0
2024-10-09 12:56:00,102.13,102.14,102.09,102.09,1506.0
2024-10-09 12:58:00,102.05,102.1627,102.0001,102.1627,6034.0
2024-10-09 13:00:00,102.08,102.08,102.08,102.08,336.0
2024-10-09 13:02:00,102.07,102.1598,102.07,102.1,1535.0
2024-10-09 13:04:00,102.1555,102.1555,102.1,102.1,2097.0
2024-10-09 13:06:00,102.1579,102.19,102.14,102.19,2397.0
2024-10-09 13:08:00,102.1,102.22,102.0,102.0,5450.0
2024-10-09 13:10:00,102.17,102.19,102.11,102.19,2277.0
2024-10-09 13:12:00,102.2,102.22,102.2,102.22,1575.0
2024-10-09 13:14:00,102.2423,102.2423,102.2423,102.2423,550.0
2024-10-09 13:16:00,102.23,102.3481,102.23,102.3481,8075.0
2024-10-09 13:18:00,102.32,102.35,102.31,102.31,2374.0
2024-10-09 13:20:00,102.35,102.35,102.35,102.35,283.0
2024-10-09 13:22:00,102.25,102.269,102.0,102.0,4584.0
2024-10-09 13:24:00,102.27,102.32,102.13,102.13,4899.0
2024-10-09 13:26:00,102.34,102.34,102.19,102.27,2648.0
2024-10-09 13:28:00,102.25,102.25,102.0,102.21,3777.0
2024-10-09 13:30:00,102.25,102.29,101.75,101.76,414753.0
2024-10-09 13:32:00,101.799,101.93,101.5,101.53,174050.0
2024-10-09 13:34:00,101.53,101.72,100.82,101.03,368893.0
2024-10-09 13:36:00,101.0136,101.23,100.9,101.16,206664.0
2024-10-09 13:38:00,101.16,101.16,100.72,100.86,197361.0
2024-10-09 13:40:00,100.83,101.12,100.7142,100.72,237726.0
2024-10-09 13:42:00,100.71,100.71,100.4,100.515,308883.0
2024-10-09 13:44:00,100.5,100.6937,100.414,100.414,261056.0
2024-10-09 13:46:00,100.42,100.74,100.415,100.708,158356.0
2024-10-09 13:48:00,100.7,100.82,100.55,100.78,151401.0
2024-10-09 13:50:00,100.8,100.83,100.62,100.7701,112820.0
2024-10-09 13:52:00,100.78,100.78,100.46,100.5647,181608.0
2024-10-09 13:54:00,100.57,100.74,100.48,100.51,137141.0
2024-10-09 13:56:00,100.53,100.705,100.3401,100.358,292215.0
2024-10-09 13:58:00,100.35,100.52,100.322,100.515,170111.0
2024-10-09 14:00:00,100.5,100.73,100.5,100.69,150347.0
2024-10-09 14:02:00,100.6823,100.85,100.67,100.8,152264.0
2024-10-09 14:04:00,100.78,100.94,100.74,100.8201,133069.0
2024-10-09 14:06:00,100.89,101.17,100.8159,101.0465,153908.0
2024-10-09 14:08:00,101.07,101.15,100.98,101.09,157267.0
2024-10-09 14:10:00,101.095,101.25,101.063,101.11,122781.0
2024-10-09 14:12:00,101.12,101.23,101.0601,101.2,105555.0
2024-10-09 14:14:00,101.21,101.53,101.15,101.41,256492.0
2024-10-09 14:16:00,101.4124,101.47,101.09,101.3098,174899.0
2024-10-09 14:18:00,101.295,101.36,101.19,101.3279,68382.0
2024-10-09 14:20:00,101.33,101.48,101.11,101.13,96539.0
2024-10-09 14:22:00,101.1928,101.26,101.09,101.23,112614.0
2024-10-09 14:24:00,101.22,101.33,101.18,101.235,66638.0
2024-10-09 14:26:00,101.22,101.32,101.12,101.25,110144.0
2024-10-09 14:28:00,101.21,101.26,101.07,101.09,54533.0
2024-10-09 14:30:00,101.085,101.085,100.92,100.92,111565.0
2024-10-09 14:32:00,100.91,100.97,100.85,100.87,106815.0
2024-10-09 14:34:00,100.87,100.97,100.84,100.95,90095.0
2024-10-09 14:36:00,100.93,100.98,100.703,100.71,100711.0
2024-10-09 14:38:00,100.71,100.93,100.7,100.8932,78737.0
2024-10-09 14:40:00,100.88,100.88,100.75,100.78,58973.0
2024-10-09 14:42:00,100.79,100.84,100.72,100.738,59086.0
2024-10-09 14:44:00,100.74,100.7499,100.6,100.66,113023.0
2024-10-09 14:46:00,100.6614,100.6614,100.4959,100.52,156514.0
2024-10-09 14:48:00,100.513,100.6399,100.51,100.5802,101730.0
2024-10-09 14:50:00,100.57,100.77,100.55,100.75,111133.0
2024-10-09 14:52:00,100.75,100.75,100.54,100.56,156362.0
2024-10-09 14:54:00,100.5599,100.6927,100.43,100.6303,120121.0
2024-10-09 14:56:00,100.6394,100.77,100.5401,100.7,78578.0
2024-10-09 14:58:00,100.7,100.75,100.61,100.62,78657.0
2024-10-09 15:00:00,100.64,100.83,100.64,100.72,93128.0
2024-10-09 15:02:00,100.729888,100.91,100.729888,100.88,121006.0
2024-10-09 15:04:00,100.885,100.95,100.74,100.88,148749.0
2024-10-09 15:06:00,100.88,101.0199,100.8694,100.975,118521.0
2024-10-09 15:08:00,100.97,100.99,100.9,100.93,64353.0
2024-10-09 15:10:00,100.93,100.93,100.6837,100.7799,95951.0
2024-10-09 15:12:00,100.772,100.87,100.68,100.7549,59576.0
2024-10-09 15:14:00,100.75,100.78,100.72,100.72,53131.0
2024-10-09 15:16:00,100.72,100.98,100.72,100.97,65716.0
2024-10-09 15:18:00,100.97,100.98,100.88,100.9044,63956.0
2024-10-09 15:20:00,100.93,101.05,100.9,100.98,100028.0
2024-10-09 15:22:00,100.99,100.99,100.85,100.95,44504.0
2024-10-09 15:24:00,100.97,100.99,100.9,100.95,27766.0
2024-10-09 15:26:00,100.96,100.99,100.92,100.9391,23495.0
2024-10-09 15:28:00,100.9431,101.03,100.9,101.03,55926.0
2024-10-09 15:30:00,101.0399,101.3,101.0226,101.2215,80969.0
2024-10-09 15:32:00,101.21,101.42,101.2021,101.3826,117505.0
2024-10-09 15:34:00,101.4,101.485,101.34,101.458,77986.0
2024-10-09 15:36:00,101.46,101.6,101.45,101.5,126555.0
2024-10-09 15:38:00,101.5,101.5,101.38,101.47,80450.0
2024-10-09 15:40:00,101.475,101.65,101.47,101.6,123163.0
2024-10-09 15:42:00,101.61,101.63,101.5103,101.5699,88495.0
2024-10-09 15:44:00,101.58,101.58,101.43,101.57,71833.0
2024-10-09 15:46:00,101.5716,101.595,101.5101,101.55,50824.0
2024-10-09 15:48:00,101.56,101.62,101.4482,101.48,33625.0
2024-10-09 15:50:00,101.49,101.65,101.49,101.58,52774.0
2024-10-09 15:52:00,101.5875,101.61,101.41,101.4109,45296.0
2024-10-09 15:54:00,101.42,101.49,101.42,101.43,38025.0
2024-10-09 15:56:00,101.455,101.58,101.455,101.53,73127.0
2024-10-09 15:58:00,101.53,101.72,101.51,101.72,105386.0
2024-10-09 16:00:00,101.713,101.75,101.49,101.5282,93665.0
2024-10-09 16:02:00,101.54,101.65,101.41,101.4324,68317.0
2024-10-09 16:04:00,101.45,101.45,101.28,101.355,91316.0
2024-10-09 16:06:00,101.36,101.48,101.34,101.42,48637.0
2024-10-09 16:08:00,101.4,101.51,101.355,101.505,42087.0
2024-10-09 16:10:00,101.49,101.53,101.41,101.46,34847.0
2024-10-09 16:12:00,101.44,101.465,101.315,101.36,41103.0
2024-10-09 16:14:00,101.38,101.38,101.0605,101.07,79482.0
2024-10-09 16:16:00,101.08,101.26,101.07,101.15,68763.0
2024-10-09 16:18:00,101.16,101.18,101.0,101.01,63858.0
2024-10-09 16:20:00,101.0,101.21,100.97,101.19,98685.0
2024-10-09 16:22:00,101.16,101.18,101.12,101.1556,29117.0
2024-10-09 16:24:00,101.16,101.1801,101.12,101.15,40056.0
2024-10-09 16:26:00,101.14,101.3,101.11,101.282,39135.0
2024-10-09 16:28:00,101.2834,101.4156,101.2701,101.4151,46107.0
2024-10-09 16:30:00,101.41,101.415,101.29,101.31,46346.0
2024-10-09 16:32:00,101.3,101.38,101.27,101.31,53063.0
2024-10-09 16:34:00,101.3195,101.32,101.12784,101.1694,45983.0
2024-10-09 16:36:00,101.155,101.24,101.1,101.23,37410.0
2024-10-09 16:38:00,101.2255,101.26,101.1675,101.19,36300.0
2024-10-09 16:40:00,101.19,101.3075,101.19,101.26,34413.0
2024-10-09 16:42:00,101.26,101.26,101.14,101.22,22412.0
2024-10-09 16:44:00,101.21,101.275,101.21,101.2301,50544.0
2024-10-09 16:46:00,101.24,101.26,101.18,101.21,30027.0
2024-10-09 16:48:00,101.2099,101.22,101.15,101.17,30909.0
2024-10-09 16:50:00,101.16,101.22,101.14,101.185,36656.0
2024-10-09 16:52:00,101.19,101.2,101.04,101.0538,39367.0
2024-10-09 16:54:00,101.0574,101.08,100.882,101.035326,80923.0
2024-10-09 16:56:00,101.04,101.1699,100.965,101.0728,42291.0
2024-10-09 16:58:00,101.08,101.1426,101.04,101.1301,37002.0
2024-10-09 17:00:00,101.1299,101.22,101.1109,101.15,29296.0
2024-10-09 17:02:00,101.162,101.18,101.045,101.08,26986.0
2024-10-09 17:04:00,101.0814,101.1556,101.0401,101.1556,18163.0
2024-10-09 17:06:00,101.16,101.2597,101.16,101.2597,30765.0
2024-10-09 17:08:00,101.2401,101.265,101.2,101.2287,28500.0
2024-10-09 17:10:00,101.22,101.29,101.12,101.12,45381.0
2024-10-09 17:12:00,101.12,101.23,101.12,101.23,33972.0
2024-10-09 17:14:00,101.24,101.31,101.21,101.31,27888.0
2024-10-09 17:16:00,101.31,101.35,101.21,101.21,39129.0
2024-10-09 17:18:00,101.21,101.2462,101.1401,101.19,20464.0
2024-10-09 17:20:00,101.18,101.25,101.175,101.21,25074.0
2024-10-09 17:22:00,101.21,101.2599,101.204,101.215,23043.0
2024-10-09 17:24:00,101.22,101.27,101.18,101.18,25658.0
2024-10-09 17:26:00,101.17,101.195,101.13,101.14,25415.0
2024-10-09 17:28:00,101.13,101.1462,101.08,101.12,19911.0
2024-10-09 17:30:00,101.1137,101.21,101.04,101.11,40777.0
2024-10-09 17:32:00,101.11,101.15,101.09,101.12,15216.0
2024-10-09 17:34:00,101.115,101.12,100.89,100.905,77682.0
2024-10-09 17:36:00,100.905,101.07,100.905,101.01,41428.0
2024-10-09 17:38:00,101.01,101.08,100.985,101.03,47395.0
2024-10-09 17:40:00,101.04,101.09,100.98,101.0332,44275.0
2024-10-09 17:42:00,101.02,101.0301,100.98,101.0,31884.0
2024-10-09 17:44:00,101.005,101.1199,100.99,101.0899,31550.0
2024-10-09 17:46:00,101.09,101.16,101.085,101.1201,41540.0
2024-10-09 17:48:00,101.11,101.18,101.1,101.14,21140.0
2024-10-09 17:50:00,101.15,101.15,101.0203,101.06,29909.0
2024-10-09 17:52:00,101.055,101.06,100.65,100.81,107422.0
2024-10-09 17:54:00,100.815,100.91,100.77,100.84,49833.0
2024-10-09 17:56:00,100.87,100.96,100.77,100.92,73077.0
2024-10-09 17:58:00,100.92,100.99,100.82,100.89,43804.0
2024-10-09 18:00:00,100.88,100.92,100.78,100.78,37535.0
2024-10-09 18:02:00,100.78,100.87,100.75,100.86,27501.0
2024-10-09 18:04:00,100.86,100.98,100.86,100.92,34221.0
2024-10-09 18:06:00,100.91,101.1,100.9,101.03,45154.0
2024-10-09 18:08:00,101.03,101.04,101.0,101.0,49791.0
2024-10-09 18:10:00,101.0,101.07,100.96,101.01,45506.0
2024-10-09 18:12:00,101.01,101.09,101.0,101.07,47267.0
2024-10-09 18:14:00,101.025,101.095,101.0,101.0001,31471.0
2024-10-09 18:16:00,101.0,101.055,101.0,101.04,32857.0
2024-10-09 18:18:00,101.01,101.145,101.01,101.144,44674.0
2024-10-09 18:20:00,101.15,101.155,101.07,101.09,38635.0
2024-10-09 18:22:00,101.08,101.164,101.03,101.122,80322.0
2024-10-09 18:24:00,101.12,101.315,101.11,101.31,58862.0
2024-10-09 18:26:00,101.32,101.46,101.31,101.42,67332.0
2024-10-09 18:28:00,101.43,101.67,101.405,101.66,102795.0
2024-10-09 18:30:00,101.66,101.66,101.47,101.4721,106593.0
2024-10-09 18:32:00,101.465,101.51,101.38,101.44,82548.0
2024-10-09 18:34:00,101.43,101.44,101.36,101.4,31496.0
2024-10-09 18:36:00,101.4099,101.425,101.3601,101.38,32744.0
2024-10-09 18:38:00,101.37,101.4,101.34,101.36,37144.0
2024-10-09 18:40:00,101.35,101.462,101.3403,101.45,59572.0
2024-10-09 18:42:00,101.4501,101.55,101.44,101.44,65277.0
2024-10-09 18:44:00,101.445,101.45,101.39,101.44,36655.0
2024-10-09 18:46:00,101.43,101.45,101.385,101.43,33689.0
2024-10-09 18:48:00,101.43,101.44,101.35,101.3899,35866.0
2024-10-09 18:50:00,101.38,101.51,101.38,101.51,32384.0
2024-10-09 18:52:00,101.51,101.53,101.41,101.42,46448.0
2024-10-09 18:54:00,101.41,101.525,101.382,101.525,31869.0
2024-10-09 18:56:00,101.53,101.5302,101.45,101.52,33600.0
2024-10-09 18:58:00,101.52,101.52,101.485,101.5,30331.0
2024-10-09 19:00:00,101.505,101.5895,101.44,101.58,45942.0
2024-10-09 19:02:00,101.58,101.6399,101.56,101.585,60626.0
2024-10-09 19:04:00,101.58,101.6863,101.55,101.6863,64951.0
2024-10-09 19:06:00,101.68,101.68,101.42,101.52,82436.0
2024-10-09 19:08:00,101.5,101.55,101.415,101.4399,65455.0
2024-10-09 19:10:00,101.44,101.515,101.37,101.51,49897.0
2024-10-09 19:12:00,101.5,101.53,101.41,101.501,70269.0
2024-10-09 19:14:00,101.505,101.525,101.42,101.47,77853.0
2024-10-09 19:16:00,101.46,101.52,101.4448,101.51,40405.0
2024-10-09 19:18:00,101.51,101.55,101.48,101.51,47850.0
2024-10-09 19:20:00,101.515,101.516,101.4414,101.46,53390.0
2024-10-09 19:22:00,101.455,101.505,101.34,101.36,51361.0
2024-10-09 19:24:00,101.36,101.39,101.3051,101.325,38882.0
2024-10-09 19:26:00,101.3251,101.384,101.3152,101.36,59947.0
2024-10-09 19:28:00,101.36,101.37,101.26,101.32,65502.0
2024-10-09 19:30:00,101.325,101.43,101.29,101.425,75301.0
2024-10-09 19:32:00,101.425,101.47,101.36,101.45,59575.0
2024-10-09 19:34:00,101.45,101.53,101.42,101.475,72536.0
2024-10-09 19:36:00,101.48,101.56,101.48,101.5,49550.0
2024-10-09 19:38:00,101.52,101.53,101.4,101.405,44787.0
2024-10-09 19:40:00,101.405,101.51,101.395,101.48,55787.0
2024-10-09 19:42:00,101.48,101.5,101.44,101.46,46834.0
2024-10-09 19:44:00,101.4502,101.475,101.36,101.37,55205.0
2024-10-09 19:46:00,101.364,101.375,101.28,101.355,91339.0
2024-10-09 19:48:00,101.35,101.4,101.31,101.355,90212.0
2024-10-09 19:50:00,101.37,101.55,101.33,101.5381,151829.0
2024-10-09 19:52:00,101.54,101.61,101.47,101.535,144875.0
2024-10-09 19:54:00,101.54,101.71,101.52,101.67,207689.0
2024-10-09 19:56:00,101.67,101.6815,101.56,101.65,234346.0
2024-10-09 19:58:00,101.65,101.765,101.6201,101.69,500923.0
2024-10-09 20:00:00,101.7,101.7,101.61,101.61,55604.0
2024-10-09 20:02:00,101.62,101.63,101.6,101.6,2865.0
2024-10-09 20:04:00,101.52,101.7,101.52,101.55,4432.0
2024-10-09 20:06:00,101.52,101.52,101.43,101.46,5317.0
2024-10-09 20:08:00,101.46,101.7,101.41,101.4575,17069.0
2024-10-09 20:12:00,101.41,101.41,101.41,101.41,172.0
2024-10-09 20:14:00,101.49,101.49,101.4302,101.4302,200.0
2024-10-09 20:16:00,101.45,101.45,101.45,101.45,109.0
2024-10-09 20:18:00,101.486,101.488,101.44,101.4865,603.0
2024-10-09 20:24:00,101.4399,101.44,101.4399,101.44,3316.0
2024-10-09 20:26:00,101.42,101.44,101.41,101.44,35454.0
2024-10-09 20:28:00,101.44,101.4585,101.44,101.4585,968.0
2024-10-09 20:30:00,101.46,101.46,101.43,101.43,1732.0
2024-10-09 20:32:00,101.4597,101.4685,101.4585,101.4685,2632.0
2024-10-09 20:34:00,101.4585,101.47,101.43,101.47,1445.0
2024-10-09 20:36:00,101.47,101.5,101.47,101.5,1855.0
2024-10-09 20:38:00,101.55,101.55,101.521,101.54,1990.0
2024-10-09 20:42:00,101.54,101.54,101.54,101.54,289.0
2024-10-09 20:44:00,101.54,101.7,101.5,101.5,3379.0
2024-10-09 20:46:00,101.5,101.5,101.5,101.5,572.0
2024-10-09 20:48:00,101.5,101.53,101.492,101.53,1588.0
2024-10-09 20:50:00,101.5,101.54,101.5,101.5,440.0
2024-10-09 20:52:00,101.54,101.54,101.54,101.54,154.0
2024-10-09 20:54:00,101.51,101.54,101.5,101.54,2375.0
2024-10-09 20:56:00,101.51,101.51,101.51,101.51,1150.0
2024-10-09 20:58:00,101.51,101.51,101.5,101.51,1663.0
2024-10-09 21:08:00,101.47,101.47,101.47,101.47,777.0
2024-10-09 21:18:00,101.44,101.44,101.44,101.44,404.0
2024-10-09 21:20:00,101.47,101.47,101.43,101.43,1204.0
2024-10-09 21:22:00,101.4871,101.4871,101.4871,101.4871,624.0
2024-10-09 21:24:00,101.43,101.43,101.43,101.43,213.0
2024-10-09 21:26:00,101.41,101.41,101.4,101.4,1540.0
2024-10-09 21:28:00,101.38,101.4,101.305,101.35,835.0
2024-10-09 21:30:00,101.36,101.36,101.36,101.36,160.0
2024-10-09 21:32:00,101.31,101.31,101.31,101.31,3538.0
2024-10-09 21:36:00,101.41,101.41,101.41,101.41,212.0
2024-10-09 21:40:00,101.3067,101.41,101.3067,101.41,2382.0
2024-10-09 21:48:00,101.41,101.41,101.41,101.41,322.0
2024-10-09 21:50:00,101.4855,101.4855,101.4855,101.4855,156.0
2024-10-09 21:56:00,101.42,101.42,101.42,101.42,187.0
2024-10-09 22:00:00,101.46,101.46,101.46,101.46,101.0
2024-10-09 22:02:00,101.4033,101.4033,101.4033,101.4033,204.0
2024-10-09 22:06:00,101.41,101.41,101.41,101.41,696.0
2024-10-09 22:26:00,101.46,101.46,101.46,101.46,150.0
2024-10-09 22:30:00,101.43,101.43,101.43,101.43,472.0
2024-10-09 22:32:00,101.44,101.44,101.44,101.44,200.0
2024-10-09 22:34:00,101.4225,101.4225,101.4225,101.4225,260.0
2024-10-09 22:38:00,101.43,101.43,101.429,101.429,608.0
2024-10-09 22:40:00,101.4038,101.4038,101.4038,101.4038,259.0
2024-10-09 22:42:00,101.4015,101.43,101.4015,101.43,1179.0
2024-10-09 22:46:00,101.43,101.46,101.43,101.46,603.0
2024-10-09 22:54:00,101.47,101.47,101.4036,101.4036,353.0
2024-10-09 22:56:00,101.4665,101.4665,101.4665,101.4665,100.0
2024-10-09 22:58:00,101.47,101.47,101.47,101.47,276.0
2024-10-09 23:04:00,101.48,101.5,101.48,101.5,505.0
2024-10-09 23:06:00,101.4975,101.4975,101.4975,101.4975,221.0
2024-10-09 23:10:00,101.51,101.51,101.51,101.51,1025.0
2024-10-09 23:14:00,101.54,101.55,101.54,101.55,203.0
2024-10-09 23:16:00,101.55,101.55,101.55,101.55,103.0
2024-10-09 23:20:00,101.5495,101.5495,101.54,101.54,733.0
2024-10-09 23:24:00,101.58,101.59,101.58,101.59,614.0
2024-10-09 23:26:00,101.55,101.55,101.55,101.55,254.0
2024-10-09 23:30:00,101.588,101.588,101.57,101.57,427.0
2024-10-09 23:32:00,101.57,101.57,101.55,101.55,1200.0
2024-10-09 23:34:00,101.55,101.55,101.55,101.55,580.0
2024-10-09 23:36:00,101.55,101.55,101.55,101.55,904.0
2024-10-09 23:38:00,101.59,101.59,101.552,101.59,575.0
2024-10-09 23:40:00,101.56,101.56,101.55,101.55,200.0
2024-10-09 23:50:00,101.59,101.6,101.59,101.6,1889.0
2024-10-09 23:52:00,101.68,101.68,101.68,101.68,211.0
2024-10-09 23:54:00,101.68,101.68,101.67,101.67,2068.0
2024-10-09 23:56:00,101.68,101.68,101.6,101.6,3689.0
2024-10-09 23:58:00,101.61,101.65,101.6,101.6,1210.0
2024-10-10 08:00:00,101.7,101.8,101.65,101.65,5332.0
2024-10-10 08:02:00,101.55,101.55,101.51,101.51,2135.0
2024-10-10 08:04:00,101.41,101.45,101.4,101.45,1369.0
2024-10-10 08:06:00,101.64,101.64,101.64,101.64,100.0
2024-10-10 08:08:00,101.66,101.66,101.66,101.66,306.0
2024-10-10 08:10:00,101.63,101.65,101.45,101.45,4383.0
2024-10-10 08:12:00,101.64,101.64,101.64,101.64,299.0
2024-10-10 08:14:00,101.56,101.56,101.56,101.56,130.0
2024-10-10 08:16:00,101.56,101.56,101.56,101.56,135.0
2024-10-10 08:18:00,101.48,101.55,101.48,101.55,865.0
2024-10-10 08:20:00,101.57,101.57,101.57,101.57,155.0
2024-10-10 08:22:00,101.59,101.59,101.55,101.55,455.0
2024-10-10 08:24:00,101.56,101.56,101.56,101.56,150.0
2024-10-10 08:26:00,101.55,101.55,101.55,101.55,220.0
2024-10-10 08:28:00,101.69,101.69,101.6,101.69,1993.0
2024-10-10 08:30:00,101.69,101.69,101.61,101.61,560.0
2024-10-10 08:32:00,101.66,101.66,101.66,101.66,284.0
2024-10-10 08:34:00,101.63,101.63,101.63,101.63,223.0
2024-10-10 08:36:00,101.69,101.69,101.66,101.66,350.0
2024-10-10 08:40:00,101.55,101.55,101.55,101.55,389.0
2024-10-10 08:42:00,101.53,101.53,101.45,101.45,948.0
2024-10-10 08:44:00,101.4,101.4,101.4,101.4,280.0
2024-10-10 08:46:00,101.41,101.41,101.41,101.41,876.0
2024-10-10 08:48:00,101.31,101.31,101.31,101.31,188.0
2024-10-10 08:50:00,101.35,101.39,101.35,101.39,664.0
2024-10-10 08:54:00,101.39,101.39,101.39,101.39,260.0
2024-10-10 08:56:00,101.37,101.37,101.37,101.37,501.0
2024-10-10 09:04:00,101.38,101.38,101.38,101.38,189.0
2024-10-10 09:08:00,101.35,101.35,101.35,101.35,401.0
2024-10-10 09:18:00,101.26,101.26,101.26,101.26,200.0
2024-10-10 09:22:00,101.34,101.34,101.34,101.34,300.0
2024-10-10 09:34:00,101.45,101.62,101.45,101.62,560.0
2024-10-10 09:38:00,101.62,101.62,101.62,101.62,108.0
2024-10-10 09:52:00,101.64,101.64,101.64,101.64,179.0
2024-10-10 09:58:00,101.8,101.8,101.8,101.8,112.0
2024-10-10 10:00:00,101.77,101.83,101.77,101.83,300.0
2024-10-10 10:06:00,101.81,101.81,101.8,101.8,300.0
2024-10-10 10:08:00,101.76,101.76,101.76,101.76,112.0
2024-10-10 10:10:00,101.75,101.75,101.75,101.75,191.0
2024-10-10 10:12:00,101.7,101.7,101.61,101.61,1156.0
2024-10-10 10:14:00,101.61,101.61,101.61,101.61,300.0
2024-10-10 10:26:00,101.72,101.72,101.72,101.72,100.0
2024-10-10 10:30:00,101.79,101.79,101.79,101.79,249.0
2024-10-10 10:32:00,101.75,101.78,101.75,101.78,422.0
2024-10-10 10:36:00,101.79,101.79,101.79,101.79,320.0
2024-10-10 10:38:00,101.7,101.7,101.7,101.7,250.0
2024-10-10 10:46:00,101.68,101.68,101.68,101.68,429.0
2024-10-10 10:48:00,101.74,101.87,101.74,101.87,867.0
2024-10-10 10:50:00,101.69,101.7,101.67,101.67,731.0
2024-10-10 11:00:00,101.6,101.7,101.6,101.7,2835.0
2024-10-10 11:02:00,101.69,101.69,101.69,101.69,428.0
2024-10-10 11:08:00,101.78,101.78,101.78,101.78,113.0
2024-10-10 11:10:00,101.7,101.7,101.7,101.7,440.0
2024-10-10 11:12:00,101.61,101.61,101.6,101.6,890.0
2024-10-10 11:14:00,101.59,101.59,101.59,101.59,488.0
2024-10-10 11:16:00,101.68,101.69,101.68,101.69,430.0
2024-10-10 11:26:00,101.74,101.74,101.74,101.74,370.0
2024-10-10 11:30:00,101.79,101.79,101.79,101.79,431.0
2024-10-10 11:42:00,101.81,101.81,101.81,101.81,293.0
2024-10-10 11:48:00,101.86,101.9,101.84,101.89,3772.0
2024-10-10 11:50:00,101.86,101.86,101.86,101.86,459.0
2024-10-10 11:52:00,101.9,101.9,101.9,101.9,187.0
2024-10-10 11:54:00,101.92,101.93,101.915,101.93,1307.0
2024-10-10 11:56:00,101.94,102.03,101.84,101.84,11450.0
2024-10-10 12:00:00,101.69,102.1675,101.46,102.16,18293.0
2024-10-10 12:02:00,102.14,102.4,102.14,102.4,39218.0
2024-10-10 12:04:00,102.4,102.44,102.22,102.22,43297.0
2024-10-10 12:06:00,102.28,102.4415,102.22,102.32,6861.0
2024-10-10 12:08:00,102.28,102.38,102.225,102.3097,8995.0
2024-10-10 12:10:00,102.3,102.3399,102.2001,102.2001,3703.0
2024-10-10 12:12:00,102.21,102.26,102.12,102.26,9391.0
2024-10-10 12:14:00,102.21,102.26,102.2,102.2,5882.0
2024-10-10 12:16:00,102.2025,102.25,102.2,102.2,4595.0
2024-10-10 12:18:00,102.21,102.21,102.12,102.14,4243.0
2024-10-10 12:20:00,102.14,102.14,102.06,102.06,2452.0
2024-10-10 12:22:00,102.09,102.17,102.05,102.05,2167.0
2024-10-10 12:24:00,102.11,102.11,102.07,102.07,1618.0
2024-10-10 12:26:00,102.0703,102.08,102.0703,102.08,1015.0
2024-10-10 12:28:00,102.146,102.146,102.07,102.146,5707.0
2024-10-10 12:30:00,102.2,102.2,101.37,101.683,31681.0
2024-10-10 12:32:00,101.69,102.09,101.61,101.61,5144.0
2024-10-10 12:34:00,101.6,101.8,101.34,101.4,18907.0
2024-10-10 12:36:00,101.27,101.29,101.02,101.023,6978.0
2024-10-10 12:38:00,101.18,101.2552,100.97,100.97,22045.0
2024-10-10 12:40:00,100.974,100.974,100.51,100.76,23459.0
2024-10-10 12:42:00,100.71,100.89,100.7,100.76,7684.0
2024-10-10 12:44:00,100.9,101.171,100.7703,101.171,6126.0
2024-10-10 12:46:00,101.0,101.15,100.99,101.15,4733.0
2024-10-10 12:48:00,101.21,101.35,101.1001,101.2,7382.0
2024-10-10 12:50:00,101.2,101.35,101.1044,101.3,2854.0
2024-10-10 12:52:00,101.24,101.24,101.0617,101.0687,3965.0
2024-10-10 12:54:00,101.0622,101.248,101.0,101.21,5684.0
2024-10-10 12:56:00,101.1,101.12,101.09,101.1,2534.0
2024-10-10 12:58:00,101.0701,101.2,101.0608,101.1,2461.0
2024-10-10 13:00:00,101.1,101.1488,101.1,101.11,2541.0
2024-10-10 13:02:00,101.0373,101.21,101.0373,101.195,1349.0
2024-10-10 13:04:00,101.3,101.3499,101.19,101.3499,2743.0
2024-10-10 13:06:00,101.35,101.35,101.1,101.1,3045.0
2024-10-10 13:08:00,101.14,101.14,101.05,101.05,1823.0
2024-10-10 13:10:00,101.09,101.19,101.09,101.19,2709.0
2024-10-10 13:12:00,101.0835,101.1,101.0835,101.1,573.0
2024-10-10 13:14:00,101.15,101.15,101.15,101.15,856.0
2024-10-10 13:16:00,101.11,101.11,101.1,101.1,705.0
2024-10-10 13:18:00,101.18,101.2,101.11,101.18,4609.0
2024-10-10 13:20:00,101.11,101.11,101.1,101.1,1999.0
2024-10-10 13:22:00,101.1,101.1,101.0,101.01,7230.0
2024-10-10 13:24:00,101.24,101.24,101.24,101.24,865.0
2024-10-10 13:26:00,101.29,101.54,101.28,101.41,7257.0
2024-10-10 13:28:00,101.41,101.7,101.01,101.57,8063.0
2024-10-10 13:30:00,101.37,102.415,101.36,102.18,711814.0
2024-10-10 13:32:00,102.15,102.78,101.92,102.423,375603.0
2024-10-10 13:34:00,102.36,102.4399,101.71,101.895,199604.0
2024-10-10 13:36:00,101.9,101.96,101.01,101.23,224186.0
2024-10-10 13:38:00,101.2391,101.31,100.99,101.1472,198137.0
2024-10-10 13:40:00,101.19,101.4,101.102,101.23,135497.0
2024-10-10 13:42:00,101.225,101.56,101.16,101.5,180714.0
2024-10-10 13:44:00,101.51,101.8427,101.43,101.49,231575.0
2024-10-10 13:46:00,101.45,101.69,101.1401,101.1401,141633.0
2024-10-10 13:48:00,101.11,101.2,100.9401,100.99,157844.0
2024-10-10 13:50:00,101.01,101.06,100.845,100.905,156038.0
2024-10-10 13:52:00,100.9,101.14,100.845,101.065,105042.0
2024-10-10 13:54:00,101.06,101.35,100.94,101.28,120822.0
2024-10-10 13:56:00,101.26,101.58,101.26,101.494,131122.0
2024-10-10 13:58:00,101.48,101.855,101.47,101.57,127039.0
2024-10-10 14:00:00,101.59,102.09,101.57,102.02,212191.0
2024-10-10 14:02:00,102.01,102.15,101.87,102.15,187395.0
2024-10-10 14:04:00,102.13,102.165,101.96,102.12,71563.0
2024-10-10 14:06:00,102.12,102.12,101.87,101.99,107627.0
2024-10-10 14:08:00,101.9999,102.04,101.95,102.04,48548.0
2024-10-10 14:10:00,102.05,102.4,102.01,102.3,141563.0
2024-10-10 14:12:00,102.298,102.46,102.18,102.4457,96257.0
2024-10-10 14:14:00,102.43,102.84,102.43,102.79,162816.0
2024-10-10 14:16:00,102.7922,102.86,102.71,102.8001,144707.0
2024-10-10 14:18:00,102.81,103.22,102.79,103.145,256485.0
2024-10-10 14:20:00,103.15,103.17,102.87,102.9932,165523.0
2024-10-10 14:22:00,102.97,103.0,102.826,102.885,99306.0
2024-10-10 14:24:00,102.92,103.27,102.9075,103.21,192307.0
2024-10-10 14:26:00,103.21,103.67,103.2,103.653,252987.0
2024-10-10 14:28:00,103.664,103.68,103.53,103.58,207105.0
2024-10-10 14:30:00,103.58,103.6498,103.34,103.43,176632.0
2024-10-10 14:32:00,103.4,103.45,103.2045,103.25,116220.0
2024-10-10 14:34:00,103.2683,103.5,103.2,103.49,104491.0
2024-10-10 14:36:00,103.49,103.57,103.2297,103.57,101892.0
2024-10-10 14:38:00,103.59,103.87,103.5201,103.84,204793.0
2024-10-10 14:40:00,103.8366,103.845,103.69,103.8101,162234.0
2024-10-10 14:42:00,103.837,104.25,103.7981,104.2301,206992.0
2024-10-10 14:44:00,104.23,104.27,103.96,104.03,226510.0
2024-10-10 14:46:00,104.04,104.24,104.01,104.23,137527.0
2024-10-10 14:48:00,104.22,104.3,104.0,104.17,239014.0
2024-10-10 14:50:00,104.16,104.28,104.035,104.0503,111493.0
2024-10-10 14:52:00,104.06,104.15,104.01,104.1001,115684.0
2024-10-10 14:54:00,104.1076,104.27,104.075,104.19,102894.0
2024-10-10 14:56:00,104.2,104.39,104.05,104.3525,121029.0
2024-10-10 14:58:00,104.35,104.35,104.102,104.175,120095.0
2024-10-10 15:00:00,104.17,104.19,104.03,104.1529,90668.0
2024-10-10 15:02:00,104.15,104.15,103.96,103.98,153107.0
2024-10-10 15:04:00,103.97,104.21,103.97,104.18,188167.0
2024-10-10 15:06:00,104.18,104.5,104.111,104.44,149009.0
2024-10-10 15:08:00,104.43,104.65,104.41,104.5158,235588.0
2024-10-10 15:10:00,104.515,104.68,104.5,104.57,102844.0
2024-10-10 15:12:00,104.57,104.65,104.36,104.4709,101156.0
2024-10-10 15:14:00,104.471,104.58,104.46,104.54,94721.0
2024-10-10 15:16:00,104.54,104.54,104.33,104.47,89060.0
2024-10-10 15:18:00,104.47,104.559,104.45,104.48,103605.0
2024-10-10 15:20:00,104.47,104.47,104.18,104.23,112586.0
2024-10-10 15:22:00,104.24,104.32,104.1771,104.3101,60350.0
2024-10-10 15:24:00,104.31,104.63,104.31,104.57,137018.0
2024-10-10 15:26:00,104.57,104.74,104.56,104.63,124221.0
2024-10-10 15:28:00,104.625,104.88,104.6101,104.85,164562.0
2024-10-10 15:30:00,104.8699,104.96,104.81,104.89,141411.0
2024-10-10 15:32:00,104.895,105.22,104.84,105.18,217994.0
2024-10-10 15:34:00,105.18,105.37,105.11,105.3485,184695.0
2024-10-10 15:36:00,105.3413,105.43,105.26,105.4266,144980.0
2024-10-10 15:38:00,105.43,105.4826,105.25,105.283,158623.0
2024-10-10 15:40:00,105.28,105.3,105.03,105.13,167677.0
2024-10-10 15:42:00,105.1,105.32,105.04,105.304,151519.0
2024-10-10 15:44:00,105.292,105.5,105.27,105.449,277322.0
2024-10-10 15:46:00,105.45,105.79,105.45,105.77,213460.0
2024-10-10 15:48:00,105.76,105.79,105.68,105.7122,147896.0
2024-10-10 15:50:00,105.72,105.735,105.47,105.54,168059.0
2024-10-10 15:52:00,105.54,105.71,105.51,105.5117,159181.0
2024-10-10 15:54:00,105.515,105.78,105.5,105.6863,152562.0
2024-10-10 15:56:00,105.68,105.78,105.6101,105.76,89731.0
2024-10-10 15:58:00,105.7642,105.9299,105.713,105.924,154369.0
2024-10-10 16:00:00,105.92,105.9599,105.68,105.745,132764.0
2024-10-10 16:02:00,105.745,105.92,105.6801,105.902,177461.0
2024-10-10 16:04:00,105.8973,105.94,105.8,105.86,143300.0
2024-10-10 16:06:00,105.85,105.8975,105.77,105.8001,106808.0
2024-10-10 16:08:00,105.8,105.8011,105.58,105.585,221862.0
2024-10-10 16:10:00,105.595,105.8,105.55,105.7807,141641.0
2024-10-10 16:12:00,105.79,105.8871,105.7101,105.7101,115594.0
2024-10-10 16:14:00,105.72,105.89,105.69,105.868,87568.0
2024-10-10 16:16:00,105.87,106.0899,105.87,106.08,180368.0
2024-10-10 16:18:00,106.07,106.15,105.94,105.94,155706.0
2024-10-10 16:20:00,105.951,106.06,105.93,105.94,133664.0
2024-10-10 16:22:00,105.94,105.97,105.6765,105.75,124008.0
2024-10-10 16:24:00,105.74,105.79,105.63,105.63,103338.0
2024-10-10 16:26:00,105.64,105.6599,105.48,105.5901,110953.0
2024-10-10 16:28:00,105.62,105.705,105.53,105.7,117494.0
2024-10-10 16:30:00,105.71,105.74,105.4,105.465942,237696.0
2024-10-10 16:32:00,105.45,105.77,105.45,105.7,148653.0
2024-10-10 16:34:00,105.71,105.94,105.6501,105.8168,109001.0
2024-10-10 16:36:00,105.81,105.95,105.81,105.93,60815.0
2024-10-10 16:38:00,105.93,106.115,105.9192,106.07,135211.0
2024-10-10 16:40:00,106.09,106.2,106.06,106.2,130973.0
2024-10-10 16:42:00,106.2,106.23,106.01,106.12,107667.0
2024-10-10 16:44:00,106.11,106.17,105.88,105.89,173365.0
2024-10-10 16:46:00,105.8824,105.9999,105.71,105.73,307099.0
2024-10-10 16:48:00,105.73,105.74,105.45,105.48,110301.0
2024-10-10 16:50:00,105.4877,105.57,104.9514,105.0,239633.0
2024-10-10 16:52:00,105.0,105.1807,104.94,104.98,229069.0
2024-10-10 16:54:00,104.99,105.1799,104.9,105.12,123663.0
2024-10-10 16:56:00,105.14,105.15,104.95,105.045,62915.0
2024-10-10 16:58:00,105.07,105.34,105.0601,105.325,84179.0
2024-10-10 17:00:00,105.34,105.43,105.281,105.43,66593.0
2024-10-10 17:02:00,105.42,105.65,105.375,105.61,110278.0
2024-10-10 17:04:00,105.61,105.65,105.41,105.45,93438.0
2024-10-10 17:06:00,105.4499,105.4889,105.3,105.3996,77465.0
2024-10-10 17:08:00,105.39,105.47,105.25,105.3624,84831.0
2024-10-10 17:10:00,105.34,105.56,105.31,105.54,100079.0
2024-10-10 17:12:00,105.54,105.5798,105.34,105.565,96771.0
2024-10-10 17:14:00,105.57,105.714,105.514,105.62,90445.0
2024-10-10 17:16:00,105.625,105.83,105.6,105.75,95193.0
2024-10-10 17:18:00,105.73,105.8699,105.72,105.83,64558.0
2024-10-10 17:20:00,105.8361,105.93,105.8,105.8735,96671.0
2024-10-10 17:22:00,105.87,105.92,105.81,105.81,42490.0
2024-10-10 17:24:00,105.82,105.91,105.79,105.85,36542.0
2024-10-10 17:26:00,105.85,105.98,105.835,105.95,78175.0
2024-10-10 17:28:00,105.95,105.99,105.8962,105.99,58341.0
2024-10-10 17:30:00,105.99,106.1409,105.96,106.14,109647.0
2024-10-10 17:32:00,106.14,106.32,106.13,106.3001,145429.0
2024-10-10 17:34:00,106.31,106.5,106.262,106.5,196319.0
2024-10-10 17:36:00,106.49,106.58,106.48,106.525,153529.0
2024-10-10 17:38:00,106.525,106.5414,106.28,106.31,123254.0
2024-10-10 17:40:00,106.3211,106.52,106.23,106.37,131248.0
2024-10-10 17:42:00,106.36,106.5499,106.36,106.4811,130513.0
2024-10-10 17:44:00,106.48,106.505,106.21,106.2315,113858.0
2024-10-10 17:46:00,106.225,106.23,105.94,106.03,134370.0
2024-10-10 17:48:00,106.03,106.18,105.98,106.02,98337.0
2024-10-10 17:50:00,106.01,106.04,105.72,105.77,172418.0
2024-10-10 17:52:00,105.73,105.81,105.56,105.7,173599.0
2024-10-10 17:54:00,105.705,105.95,105.65,105.8893,109148.0
2024-10-10 17:56:00,105.88,106.02,105.87,106.02,87664.0
2024-10-10 17:58:00,106.02,106.04,105.83,105.9499,87921.0
2024-10-10 18:00:00,105.93,105.94,105.84,105.92,50585.0
2024-10-10 18:02:00,105.91,105.95,105.81,105.8634,65495.0
2024-10-10 18:04:00,105.86,105.861,105.7,105.74,87192.0
2024-10-10 18:06:00,105.74,105.85,105.6201,105.68,83620.0
2024-10-10 18:08:00,105.685,105.69,105.48,105.484,80548.0
2024-10-10 18:10:00,105.48,105.61,105.46,105.595,108675.0
2024-10-10 18:12:00,105.5997,105.6,105.47,105.53,53993.0
2024-10-10 18:14:00,105.53,105.65,105.4818,105.51,54089.0
2024-10-10 18:16:00,105.4901,105.5999,105.42,105.55,65652.0
2024-10-10 18:18:00,105.55,105.5699,105.48,105.5301,46622.0
2024-10-10 18:20:00,105.536,105.58,105.39,105.56,94395.0
2024-10-10 18:22:00,105.56,105.74,105.55,105.66,107996.0
2024-10-10 18:24:00,105.6618,105.68,105.48,105.49,73290.0
2024-10-10 18:26:00,105.5,105.6,105.37,105.56,64351.0
2024-10-10 18:28:00,105.57,105.6,105.5,105.6,51005.0
2024-10-10 18:30:00,105.5937,105.7299,105.56,105.63,63637.0
2024-10-10 18:32:00,105.62,105.65,105.5201,105.58,55534.0
2024-10-10 18:34:00,105.6,105.74,105.5601,105.5675,77359.0
2024-10-10 18:36:00,105.56,105.56,105.4101,105.4399,87309.0
2024-10-10 18:38:00,105.44,105.466,105.39,105.46,55042.0
2024-10-10 18:40:00,105.45,105.58,105.43,105.46,76327.0
2024-10-10 18:42:00,105.47,105.52,105.23,105.44,77210.0
2024-10-10 18:44:00,105.445,105.62,105.43,105.62,75044.0
2024-10-10 18:46:00,105.615,105.7699,105.6,105.76,46517.0
2024-10-10 18:48:00,105.765,105.8,105.7122,105.765,53521.0
2024-10-10 18:50:00,105.77,105.8199,105.71,105.79,65389.0
2024-10-10 18:52:00,105.78,105.87,105.76,105.84,55933.0
2024-10-10 18:54:00,105.84,105.94,105.84,105.87,61441.0
2024-10-10 18:56:00,105.87,105.98,105.86,105.94,71339.0
2024-10-10 18:58:00,105.94,105.94,105.83,105.84,54827.0
2024-10-10 19:00:00,105.83,105.88,105.6713,105.725,85627.0
2024-10-10 19:02:00,105.72,105.82,105.64,105.735,58696.0
2024-10-10 19:04:00,105.7476,105.78,105.59,105.6473,59356.0
2024-10-10 19:06:00,105.65,105.7645,105.59,105.7,53097.0
2024-10-10 19:08:00,105.705,105.72,105.5,105.59,78449.0
2024-10-10 19:10:00,105.585,105.6318,105.54,105.61,71221.0
2024-10-10 19:12:00,105.615,105.73,105.58,105.6601,63356.0
2024-10-10 19:14:00,105.67,105.76,105.65,105.7098,61474.0
2024-10-10 19:16:00,105.7,105.865,105.665,105.8601,77971.0
2024-10-10 19:18:00,105.865,105.95,105.84,105.95,87126.0
2024-10-10 19:20:00,105.96,105.97,105.89,105.9299,56765.0
2024-10-10 19:22:00,105.925,105.965,105.84,105.875,59507.0
2024-10-10 19:24:00,105.89,105.91,105.83,105.855,57442.0
2024-10-10 19:26:00,105.855,105.96,105.8001,105.95,48161.0
2024-10-10 19:28:00,105.95,105.98,105.92,105.945,68984.0
2024-10-10 19:30:00,105.94,105.95,105.835,105.84,78477.0
2024-10-10 19:32:00,105.84,105.87,105.8,105.865,55023.0
2024-10-10 19:34:00,105.865,105.865,105.66,105.721,96738.0
2024-10-10 19:36:00,105.725,105.74,105.62,105.6596,71797.0
2024-10-10 19:38:00,105.655,105.76,105.65,105.72,104874.0
2024-10-10 19:40:00,105.71,105.7279,105.6,105.7,76724.0
2024-10-10 19:42:00,105.69,105.705,105.555,105.6,114498.0
2024-10-10 19:44:00,105.595,105.767311,105.595,105.705,103282.0
2024-10-10 19:46:00,105.7,105.87,105.7,105.855,110190.0
2024-10-10 19:48:00,105.855,106.05,105.855,106.005,154343.0
2024-10-10 19:50:00,106.01,106.02,105.83,105.885,192189.0
2024-10-10 19:52:00,105.88,105.96,105.8,105.94,188034.0
2024-10-10 19:54:00,105.94,105.975,105.81,105.865,225210.0
2024-10-10 19:56:00,105.86,105.905,105.735,105.735,241544.0
2024-10-10 19:58:00,105.74,105.75,105.61,105.675,702486.0
2024-10-10 20:00:00,105.69,105.71,105.68,105.68,107491.0
2024-10-10 20:02:00,105.65,105.65,105.5515,105.5571,13744.0
2024-10-10 20:04:00,105.69,105.69,105.59,105.6,19864.0
2024-10-10 20:06:00,105.61,105.66,105.61,105.66,1241.0
2024-10-10 20:08:00,105.65,105.67,105.64,105.64,67975.0
2024-10-10 20:10:00,105.65,105.69,105.6408,105.6408,4391.0
2024-10-10 20:12:00,105.67,105.67,105.67,105.67,339.0
2024-10-10 20:14:00,105.62,105.62,105.61,105.61,1607.0
2024-10-10 20:16:00,105.6115,105.65,105.6115,105.65,1281.0
2024-10-10 20:18:00,105.63,105.64,105.62,105.63,2589.0
2024-10-10 20:22:00,105.6393,105.64,105.6393,105.64,678.0
2024-10-10 20:24:00,105.62,105.62,105.62,105.62,274.0
2024-10-10 20:26:00,105.64,105.64,105.64,105.64,2026.0
2024-10-10 20:28:00,105.68,105.76,105.68,105.703,1229.0
2024-10-10 20:30:00,105.722,105.76,105.722,105.76,1338.0
2024-10-10 20:32:00,105.84,105.84,105.84,105.84,291.0
2024-10-10 20:36:00,105.7301,105.7301,105.6607,105.6607,680.0
2024-10-10 20:38:00,105.661,105.661,105.661,105.661,303.0
2024-10-10 20:42:00,105.7,105.89,105.69,105.69,1982.0
2024-10-10 20:48:00,105.7205,105.7205,105.7205,105.7205,193.0
2024-10-10 20:50:00,105.79,105.79,105.79,105.79,328.0
2024-10-10 20:52:00,105.76,105.8,105.76,105.8,1346.0
2024-10-10 20:54:00,105.83,105.83,105.8,105.8,1224.0
2024-10-10 20:56:00,105.8299,105.8299,105.8299,105.8299,231.0
2024-10-10 20:58:00,105.8,105.8,105.8,105.8,333.0
2024-10-10 21:04:00,105.76,105.78,105.76,105.78,1159.0
2024-10-10 21:06:00,105.75,105.75,105.75,105.75,236.0
2024-10-10 21:08:00,105.75,105.75,105.75,105.75,143.0
2024-10-10 21:10:00,105.722,105.76,105.722,105.76,1000.0
2024-10-10 21:20:00,105.78,105.81,105.78,105.81,1322.0
2024-10-10 21:26:00,105.8155,105.83,105.81,105.83,698.0
2024-10-10 21:32:00,105.8645,105.8645,105.8645,105.8645,710.0
2024-10-10 21:36:00,105.8,105.8,105.8,105.8,467.0
2024-10-10 21:38:00,105.85,105.8675,105.85,105.8675,1203.0
2024-10-10 21:40:00,105.76,105.76,105.76,105.76,474.0
2024-10-10 21:42:00,105.83,105.84,105.8,105.8,1746.0
2024-10-10 21:44:00,105.85,105.86,105.85,105.86,3148.0
2024-10-10 21:48:00,105.86,105.8655,105.86,105.8655,2120.0
2024-10-10 21:50:00,105.87,105.87,105.87,105.87,1005.0
2024-10-10 21:56:00,105.83,105.8645,105.7401,105.76,6349.0
2024-10-10 21:58:00,105.75,105.75,105.71,105.72,1066.0
2024-10-10 22:00:00,105.72,105.72,105.72,105.72,955.0
2024-10-10 22:02:00,105.7001,105.7001,105.69,105.69,2163.0
2024-10-10 22:04:00,105.75,105.75,105.75,105.75,409.0
2024-10-10 22:08:00,105.84,105.84,105.84,105.84,154.0
2024-10-10 22:10:00,105.835,105.835,105.835,105.835,541.0
2024-10-10 22:12:00,105.8345,105.8345,105.711,105.8,631.0
2024-10-10 22:16:00,105.84,105.84,105.84,105.84,161.0
2024-10-10 22:18:00,105.828,105.828,105.828,105.828,387.0
2024-10-10 22:20:00,105.8,105.8,105.71,105.71,381.0
2024-10-10 22:24:00,105.8369,105.8369,105.8369,105.8369,179.0
2024-10-10 22:26:00,105.8,105.87,105.8,105.8408,1636.0
2024-10-10 22:28:00,105.94,105.94,105.94,105.94,288.0
2024-10-10 22:30:00,105.93,105.99,105.93,105.97,614.0
2024-10-10 22:32:00,105.9,105.9,105.84,105.84,475.0
2024-10-10 22:36:00,105.84,105.84,105.84,105.84,1000.0
2024-10-10 22:42:00,105.87,105.87,105.87,105.87,153.0
2024-10-10 22:44:00,105.9,105.9,105.9,105.9,127.0
2024-10-10 22:46:00,105.9,105.9,105.9,105.9,515.0
2024-10-10 22:48:00,105.89,105.89,105.8885,105.8885,374.0
2024-10-10 22:50:00,105.89,105.89,105.89,105.89,404.0
2024-10-10 22:54:00,105.8506,105.8506,105.8506,105.8506,337.0
2024-10-10 22:56:00,105.89,105.89,105.89,105.89,1153.0
2024-10-10 22:58:00,105.8886,105.89,105.8886,105.89,2248.0
2024-10-10 23:00:00,105.897,105.91,105.89,105.91,2480.0
2024-10-10 23:04:00,105.91,105.91,105.9,105.9086,5592.0
2024-10-10 23:06:00,105.86,105.86,105.84,105.84,306.0
2024-10-10 23:08:00,105.91,105.91,105.9,105.91,11015.0
2024-10-10 23:10:00,105.857,105.857,105.857,105.857,279.0
2024-10-10 23:16:00,105.92,105.92,105.9,105.9,460.0
2024-10-10 23:18:00,105.96,105.96,105.96,105.96,2505.0
2024-10-10 23:20:00,105.96,105.96,105.95,105.96,867.0
2024-10-10 23:22:00,105.9599,106.25,105.92,106.25,7300.0
2024-10-10 23:24:00,106.0,106.0,106.0,106.0,352.0
2024-10-10 23:26:00,106.0145,106.29,106.0008,106.29,1895.0
2024-10-10 23:28:00,106.25,106.29,106.23,106.25,918.0
2024-10-10 23:30:00,106.252,106.252,106.25,106.25,330.0
2024-10-10 23:32:00,106.252,106.252,106.252,106.252,686.0
2024-10-10 23:36:00,106.252,106.2898,106.2503,106.2898,622.0
2024-10-10 23:38:00,106.29,106.29,106.29,106.29,260.0
2024-10-10 23:40:00,106.25,106.29,106.25,106.25,11747.0
2024-10-10 23:42:00,106.25,106.288,106.25,106.288,1672.0
2024-10-10 23:44:00,106.2562,106.2562,106.2562,106.2562,401.0
2024-10-10 23:46:00,106.25,106.25,106.25,106.25,376.0
2024-10-10 23:48:00,106.25,106.25,106.25,106.25,1758.0
2024-10-10 23:50:00,106.28,106.28,106.28,106.28,553.0
2024-10-10 23:52:00,106.25,106.3,106.25,106.252,2744.0
2024-10-10 23:54:00,106.28,106.28,106.27,106.2715,1187.0
2024-10-10 23:56:00,106.29,106.3,106.27,106.27,2326.0
2024-10-10 23:58:00,106.289,106.3,106.25,106.3,6671.0
2024-10-11 08:00:00,106.12,106.12,106.01,106.01,2380.0
2024-10-11 08:02:00,105.96,105.96,105.94,105.94,685.0
2024-10-11 08:04:00,105.69,105.7,105.69,105.7,1667.0
2024-10-11 08:06:00,105.69,105.75,105.69,105.73,1036.0
2024-10-11 08:08:00,105.7,105.7,105.7,105.7,1130.0
2024-10-11 08:10:00,105.69,105.75,105.67,105.75,2041.0
2024-10-11 08:12:00,105.75,105.75,105.63,105.63,1193.0
2024-10-11 08:14:00,105.63,105.68,105.63,105.68,1097.0
2024-10-11 08:16:00,105.75,105.75,105.61,105.61,1320.0
2024-10-11 08:22:00,105.86,105.86,105.86,105.86,1100.0
2024-10-11 08:26:00,105.76,105.8,105.76,105.8,1178.0
2024-10-11 08:28:00,105.8,105.8,105.8,105.8,137.0
2024-10-11 08:30:00,105.8,105.8,105.8,105.8,255.0
2024-10-11 08:36:00,105.95,105.95,105.95,105.95,374.0
2024-10-11 08:40:00,106.05,106.05,106.05,106.05,420.0
2024-10-11 08:42:00,106.13,106.18,106.13,106.18,390.0
2024-10-11 08:44:00,106.1,106.15,106.1,106.13,2058.0
2024-10-11 08:52:00,106.0,106.06,106.0,106.06,430.0
2024-10-11 09:00:00,105.95,105.98,105.95,105.98,645.0
2024-10-11 09:02:00,106.09,106.15,106.09,106.15,1853.0
2024-10-11 09:04:00,106.15,106.15,106.15,106.15,105.0
2024-10-11 09:06:00,106.17,106.17,106.17,106.17,1259.0
2024-10-11 09:10:00,106.18,106.18,106.18,106.18,353.0
2024-10-11 09:12:00,106.14,106.14,106.14,106.14,185.0
2024-10-11 09:14:00,106.12,106.12,106.12,106.12,222.0
2024-10-11 09:18:00,106.01,106.01,105.93,105.93,1044.0
2024-10-11 09:22:00,106.0,106.0,106.0,106.0,1190.0
2024-10-11 09:34:00,106.08,106.08,106.07,106.07,583.0
2024-10-11 09:38:00,106.16,106.16,106.16,106.16,1000.0
2024-10-11 09:40:00,106.17,106.2,106.17,106.2,863.0
2024-10-11 09:42:00,106.2,106.25,106.2,106.25,1004.0
2024-10-11 09:46:00,106.17,106.2,106.17,106.2,1616.0
2024-10-11 09:52:00,106.07,106.07,106.07,106.07,287.0
2024-10-11 09:54:00,106.11,106.11,106.11,106.11,631.0
2024-10-11 09:56:00,106.16,106.16,106.16,106.16,133.0
2024-10-11 10:06:00,106.12,106.12,106.12,106.12,132.0
2024-10-11 10:10:00,106.11,106.11,106.11,106.11,197.0
2024-10-11 10:12:00,106.15,106.15,106.15,106.15,502.0
2024-10-11 10:18:00,106.24,106.24,106.2,106.2,492.0
2024-10-11 10:26:00,106.23,106.24,106.23,106.24,1300.0
2024-10-11 10:30:00,106.21,106.23,106.21,106.23,427.0
2024-10-11 10:34:00,106.18,106.18,106.18,106.18,227.0
2024-10-11 10:40:00,106.15,106.15,106.15,106.15,306.0
2024-10-11 10:42:00,106.12,106.12,106.1,106.1,826.0
2024-10-11 10:44:00,106.1,106.1,106.07,106.07,3566.0
2024-10-11 10:46:00,106.0,106.01,105.7,105.7,5612.0
2024-10-11 11:00:00,105.94,106.0,105.94,106.0,3840.0
2024-10-11 11:02:00,105.94,105.94,105.92,105.92,912.0
2024-10-11 11:04:00,106.0,106.15,105.97,105.97,2566.0
2024-10-11 11:06:00,106.03,106.42,106.03,106.42,8794.0
2024-10-11 11:08:00,106.44,106.45,106.3,106.3,6128.0
2024-10-11 11:12:00,106.3,106.3,106.3,106.3,677.0
2024-10-11 11:14:00,106.4,106.42,106.4,106.42,1467.0
2024-10-11 11:18:00,106.37,106.38,106.3,106.31,2505.0
2024-10-11 11:20:00,106.3,106.32,106.25,106.32,3521.0
2024-10-11 11:22:00,106.38,106.38,106.38,106.38,795.0
2024-10-11 11:24:00,106.35,106.35,106.35,106.35,1045.0
2024-10-11 11:26:00,106.31,106.31,106.31,106.31,507.0
2024-10-11 11:28:00,106.3,106.31,106.3,106.31,1308.0
2024-10-11 11:32:00,106.33,106.33,106.26,106.26,2541.0
2024-10-11 11:34:00,106.08,106.08,106.08,106.08,720.0
2024-10-11 11:36:00,106.1,106.12,106.1,106.12,874.0
2024-10-11 11:40:00,106.14,106.22,106.14,106.22,2055.0
2024-10-11 11:50:00,106.1,106.1,106.1,106.1,659.0
2024-10-11 11:52:00,106.03,106.03,106.0,106.0,2929.0
2024-10-11 11:54:00,106.07,106.3,106.07,106.3,6246.0
2024-10-11 11:58:00,106.22,106.29,106.22,106.29,610.0
2024-10-11 12:00:00,105.92,106.53,105.8905,106.23,76889.0
2024-10-11 12:02:00,106.1521,106.25,106.1521,106.23,1608.0
2024-10-11 12:04:00,106.2999,106.2999,106.25,106.25,1218.0
2024-10-11 12:06:00,106.205,106.205,106.2,106.2,2075.0
2024-10-11 12:08:00,106.21,106.2991,106.2041,106.2041,2023.0
2024-10-11 12:10:00,106.31,106.446,106.31,106.446,2172.0
2024-10-11 12:14:00,106.34,106.3499,106.3,106.3499,1130.0
2024-10-11 12:16:00,106.28,106.28,106.28,106.28,222.0
2024-10-11 12:18:00,106.25,106.258,106.2,106.2,9569.0
2024-10-11 12:20:00,106.2,106.2,106.2,106.2,638.0
2024-10-11 12:22:00,106.16,106.17,106.16,106.17,1182.0
2024-10-11 12:24:00,106.0566,106.19,106.04,106.12,7326.0
2024-10-11 12:26:00,106.12,106.2089,106.08,106.08,3471.0
2024-10-11 12:28:00,106.106,106.11,106.106,106.11,536.0
2024-10-11 12:30:00,106.25,106.44,106.07,106.44,6245.0
2024-10-11 12:32:00,106.43,106.48,106.36,106.48,6292.0
2024-10-11 12:34:00,106.45,106.5,106.4,106.49,11776.0
2024-10-11 12:36:00,106.37,106.4255,106.12,106.12,5947.0
2024-10-11 12:38:00,106.1,106.1,106.0645,106.08,6043.0
2024-10-11 12:40:00,106.004,106.02,105.7157,105.818,11933.0
2024-10-11 12:42:00,105.7104,105.9,105.7104,105.83,4161.0
2024-10-11 12:44:00,105.85,105.9,105.8,105.9,2253.0
2024-10-11 12:46:00,105.82,105.9,105.68,105.8,15165.0
2024-10-11 12:48:00,105.67,105.72,105.31,105.31,9442.0
2024-10-11 12:50:00,105.43,105.5392,105.4136,105.5392,1223.0
2024-10-11 12:52:00,105.43,105.499,105.18,105.2109,9593.0
2024-10-11 12:54:00,105.21,105.24,105.0,105.1,12266.0
2024-10-11 12:56:00,105.252,105.36,105.08,105.15,14727.0
2024-10-11 12:58:00,105.2,105.3375,105.16,105.21,10282.0
2024-10-11 13:00:00,105.2416,105.69,105.2416,105.36,922612.0
2024-10-11 13:02:00,105.4,105.64,105.4,105.64,2452.0
2024-10-11 13:04:00,105.6,105.6,105.5,105.6,1309.0
2024-10-11 13:06:00,105.56,105.638,105.56,105.637,1763.0
2024-10-11 13:08:00,105.6394,105.6394,105.5,105.56,2042.0
2024-10-11 13:10:00,105.5067,105.5067,105.4,105.4,1865.0
2024-10-11 13:12:00,105.33,105.3344,105.25,105.3344,2272.0
2024-10-11 13:14:00,105.3,105.331,105.3,105.331,379.0
2024-10-11 13:16:00,105.35,105.3896,105.3068,105.38,1043.0
2024-10-11 13:18:00,105.2548,105.38,105.2548,105.374,1134.0
2024-10-11 13:20:00,105.27,105.34,105.254,105.26,3747.0
2024-10-11 13:22:00,105.33,105.4879,105.3225,105.42,1832.0
2024-10-11 13:24:00,105.46,105.604,105.46,105.57,7062.0
2024-10-11 13:26:00,105.55,105.55,105.1,105.1,4509.0
2024-10-11 13:28:00,105.0,105.11,104.96,105.03,11349.0
2024-10-11 13:30:00,105.04,106.0,104.9915,105.9787,509336.0
2024-10-11 13:32:00,105.955,106.3,105.7,105.98,255800.0
2024-10-11 13:34:00,105.915,106.18,105.66,106.16,201264.0
2024-10-11 13:36:00,106.17,106.29,105.95,106.16,217348.0
2024-10-11 13:38:00,106.16,106.46,106.04,106.2113,294675.0
2024-10-11 13:40:00,106.16,107.04,106.11,106.63,327545.0
2024-10-11 13:42:00,106.64,106.91,106.52,106.9,159485.0
2024-10-11 13:44:00,106.87,106.96,106.75,106.788,224287.0
2024-10-11 13:46:00,106.8,107.18,106.8,107.1399,227644.0
2024-10-11 13:48:00,107.14,107.1499,106.81,106.98,135652.0
2024-10-11 13:50:00,106.972,107.21,106.87,107.155,145716.0
2024-10-11 13:52:00,107.16,107.21,106.88,107.0525,185115.0
2024-10-11 13:54:00,107.06,107.14,106.85,107.0028,182396.0
2024-10-11 13:56:00,107.0,107.12,106.85,106.8502,225991.0
2024-10-11 13:58:00,106.8624,106.96,106.7466,106.79,203562.0
2024-10-11 14:00:00,106.79,106.79,106.35,106.58,290752.0
2024-10-11 14:02:00,106.5686,106.88,106.4,106.49,178676.0
2024-10-11 14:04:00,106.48,106.62,106.386,106.425,104522.0
2024-10-11 14:06:00,106.43,106.7199,106.4232,106.58,129217.0
2024-10-11 14:08:00,106.56,106.63,106.4301,106.606,85174.0
2024-10-11 14:10:00,106.61,106.86,106.5293,106.6938,147226.0
2024-10-11 14:12:00,106.72,106.85,106.69,106.76,97677.0
2024-10-11 14:14:00,106.75,106.9126,106.72,106.7501,89866.0
2024-10-11 14:16:00,106.76,106.83,106.745,106.785,48413.0
2024-10-11 14:18:00,106.81,107.29,106.81,107.25,170635.0
2024-10-11 14:20:00,107.26,107.35,107.16,107.21,109503.0
2024-10-11 14:22:00,107.225,107.55,107.1705,107.55,198159.0
2024-10-11 14:24:00,107.53,107.55,107.26,107.345,147356.0
2024-10-11 14:26:00,107.37,107.62,107.36,107.45,138874.0
2024-10-11 14:28:00,107.46,107.65,107.2335,107.29,127715.0
2024-10-11 14:30:00,107.2341,107.39,107.13,107.15,86533.0
2024-10-11 14:32:00,107.15,107.1601,106.99,107.0888,93931.0
2024-10-11 14:34:00,107.0897,107.09,106.965,107.06,93922.0
2024-10-11 14:36:00,107.05,107.08,106.99,107.02,119168.0
2024-10-11 14:38:00,107.0399,107.07,107.0,107.0308,69634.0
2024-10-11 14:40:00,107.06,107.1,106.96,107.0,174614.0
2024-10-11 14:42:00,107.01,107.02,106.87,107.01,134615.0
2024-10-11 14:44:00,107.02,107.1,107.0,107.0034,125749.0
2024-10-11 14:46:00,107.005,107.065,106.83,106.918,190044.0
2024-10-11 14:48:00,106.9202,106.99,106.85,106.9401,178123.0
2024-10-11 14:50:00,106.98,107.08,106.62,106.65,180744.0
2024-10-11 14:52:00,106.6601,106.6601,106.385,106.6,124855.0
2024-10-11 14:54:00,106.5899,106.71,106.44,106.69,76258.0
2024-10-11 14:56:00,106.7,106.8,106.6633,106.75,82424.0
2024-10-11 14:58:00,106.74,106.76,106.72,106.726466,59553.0
2024-10-11 15:00:00,106.72,106.76,106.61,106.75,64321.0
2024-10-11 15:02:00,106.74,106.77,106.61,106.67,62632.0
2024-10-11 15:04:00,106.678,106.75,106.64,106.7099,45404.0
2024-10-11 15:06:00,106.69,106.71,106.63,106.69,84238.0
2024-10-11 15:08:00,106.675,106.74,106.63,106.65,71293.0
2024-10-11 15:10:00,106.65,106.7,106.63,106.65,78046.0
2024-10-11 15:12:00,106.64,106.68,106.46,106.51,137972.0
2024-10-11 15:14:00,106.51,106.52,106.44,106.51,42210.0
2024-10-11 15:16:00,106.5,106.58,106.41,106.55,92898.0
2024-10-11 15:18:00,106.56,106.59,106.44,106.5,57271.0
2024-10-11 15:20:00,106.48,106.55,106.44,106.55,46707.0
2024-10-11 15:22:00,106.545,106.64,106.465,106.64,51560.0
2024-10-11 15:24:00,106.635,106.82,106.5975,106.79,73345.0
2024-10-11 15:26:00,106.78,106.806706,106.7,106.75,48637.0
2024-10-11 15:28:00,106.74,106.75,106.6,106.65,42857.0
2024-10-11 15:30:00,106.65,106.66,106.62,106.63,38346.0
2024-10-11 15:32:00,106.63,106.7,106.62,106.6336,33150.0
2024-10-11 15:34:00,106.6301,106.66,106.61,106.655,34550.0
2024-10-11 15:36:00,106.66,106.66,106.54,106.62,92265.0
2024-10-11 15:38:00,106.6136,106.69,106.47,106.66,86639.0
2024-10-11 15:40:00,106.6601,106.71,106.63,106.6733,33383.0
2024-10-11 15:42:00,106.68,106.865,106.67,106.805,76279.0
2024-10-11 15:44:00,106.81,106.87,106.67,106.68,33090.0
2024-10-11 15:46:00,106.68,106.68,106.58,106.66,44709.0
2024-10-11 15:48:00,106.655,106.73,106.595,106.7,61653.0
2024-10-11 15:50:00,106.69,106.835,106.6501,106.83,53100.0
2024-10-11 15:52:00,106.83,106.84,106.69,106.705,39393.0
2024-10-11 15:54:00,106.71,106.77,106.66,106.73,29798.0
2024-10-11 15:56:00,106.74,106.745,106.675,106.71,50092.0
2024-10-11 15:58:00,106.715,106.73,106.67,106.67,45305.0
2024-10-11 16:00:00,106.65,106.65,106.57,106.61,72726.0
2024-10-11 16:02:00,106.61,106.63,106.55,106.63,61328.0
2024-10-11 16:04:00,106.63,106.7,106.59,106.6401,57785.0
2024-10-11 16:06:00,106.66,106.69,106.6,106.64,102277.0
2024-10-11 16:08:00,106.63,106.64,106.59,106.6,42213.0
2024-10-11 16:10:00,106.615,106.705,106.6,106.695,27281.0
2024-10-11 16:12:00,106.67,106.72,106.59,106.64,39282.0
2024-10-11 16:14:00,106.64,106.69,106.62,106.68,29164.0
2024-10-11 16:16:00,106.67,106.68,106.5901,106.66,21845.0
2024-10-11 16:18:00,106.67,106.73,106.6507,106.66,30400.0
2024-10-11 16:20:00,106.64,106.68,106.62,106.63,24322.0
2024-10-11 16:22:00,106.64,106.66,106.62,106.656,22366.0
2024-10-11 16:24:00,106.655,106.675,106.61,106.62,40958.0
2024-10-11 16:26:00,106.62,106.65,106.61,106.62,40066.0
2024-10-11 16:28:00,106.62,106.685,106.58,106.65,40746.0
2024-10-11 16:30:00,106.65,106.685,106.64,106.64,22734.0
2024-10-11 16:32:00,106.64,106.67,106.615,106.6217,33580.0
2024-10-11 16:34:00,106.62,106.635,106.16,106.175,106471.0
2024-10-11 16:36:00,106.175,106.22,106.16,106.1799,37183.0
2024-10-11 16:38:00,106.175,106.24,106.1,106.1505,88974.0
2024-10-11 16:40:00,106.155,106.2124,106.07,106.0901,58477.0
2024-10-11 16:42:00,106.1,106.19,106.08,106.0905,31938.0
2024-10-11 16:44:00,106.096,106.11,105.86,105.9322,149592.0
2024-10-11 16:46:00,105.92,105.9742,105.82,105.9,80885.0
2024-10-11 16:48:00,105.8832,106.1098,105.8832,106.0999,93466.0
2024-10-11 16:50:00,106.1,106.19,106.04,106.11,61854.0
2024-10-11 16:52:00,106.1059,106.14,106.08,106.115,39272.0
2024-10-11 16:54:00,106.12,106.18,105.995,106.18,57566.0
2024-10-11 16:56:00,106.17,106.38,106.1603,106.3446,98418.0
2024-10-11 16:58:00,106.3401,106.36,106.232,106.32,53130.0
2024-10-11 17:00:00,106.32,106.4,106.28,106.31,42355.0
2024-10-11 17:02:00,106.3,106.34,106.27,106.34,24585.0
2024-10-11 17:04:00,106.35,106.37,106.3282,106.35,25924.0
2024-10-11 17:06:00,106.34,106.3499,106.27,106.33,21705.0
2024-10-11 17:08:00,106.35,106.46,106.35,106.4318,39320.0
2024-10-11 17:10:00,106.45,106.55,106.44,106.54,56197.0
2024-10-11 17:12:00,106.54,106.54,106.47,106.52,52916.0
2024-10-11 17:14:00,106.525,106.6,106.51,106.52,65235.0
2024-10-11 17:16:00,106.52,106.558,106.5,106.52,39268.0
2024-10-11 17:18:00,106.52,106.54,106.47,106.52,43163.0
2024-10-11 17:20:00,106.5232,106.555,106.45,106.525,42213.0
2024-10-11 17:22:00,106.525,106.58,106.52,106.58,30335.0
2024-10-11 17:24:00,106.59,106.655,106.55,106.57,53792.0
2024-10-11 17:26:00,106.57,106.65,106.53,106.63,50368.0
2024-10-11 17:28:00,106.64,106.66,106.6,106.64,20514.0
2024-10-11 17:30:00,106.625,106.64,106.6,106.6301,18813.0
2024-10-11 17:32:00,106.635,106.6353,106.56,106.59,21672.0
2024-10-11 17:34:00,106.59,106.62,106.58,106.59,325562.0
2024-10-11 17:36:00,106.5803,106.65,106.54,106.64,74936.0
2024-10-11 17:38:00,106.65,106.65,106.59,106.62,35286.0
2024-10-11 17:40:00,106.6201,106.65,106.59,106.59,22504.0
2024-10-11 17:42:00,106.59,106.615,106.57,106.595,39032.0
2024-10-11 17:44:00,106.594,106.63,106.58,106.588,22910.0
2024-10-11 17:46:00,106.57,106.57,106.37,106.3916,44562.0
2024-10-11 17:48:00,106.4,106.4299,106.38,106.394,23455.0
2024-10-11 17:50:00,106.4,106.42,106.32,106.345,50609.0
2024-10-11 17:52:00,106.35,106.46,106.35,106.46,36440.0
2024-10-11 17:54:00,106.455,106.52,106.45,106.51,56007.0
2024-10-11 17:56:00,106.52,106.6,106.51,106.565,60670.0
2024-10-11 17:58:00,106.565,106.5797,106.49,106.5578,22241.0
2024-10-11 18:00:00,106.55,106.57,106.45,106.4597,31896.0
2024-10-11 18:02:00,106.46,106.515,106.4,106.51,54590.0
2024-10-11 18:04:00,106.51,106.56,106.4985,106.53,33737.0
2024-10-11 18:06:00,106.5301,106.63,106.5301,106.6248,41912.0
2024-10-11 18:08:00,106.6218,106.675,106.605,106.645,42259.0
2024-10-11 18:10:00,106.645,106.665,106.57,106.665,34980.0
2024-10-11 18:12:00,106.67,106.69,106.625,106.67,30809.0
2024-10-11 18:14:00,106.6699,106.675,106.63,106.6697,37105.0
2024-10-11 18:16:00,106.6699,106.675,106.565,106.572,43138.0
2024-10-11 18:18:00,106.585,106.675,106.585,106.6619,38291.0
2024-10-11 18:20:00,106.67,106.7,106.635,106.695,28249.0
2024-10-11 18:22:00,106.695,106.6999,106.552,106.575,53923.0
2024-10-11 18:24:00,106.575,106.575,106.53,106.55,42120.0
2024-10-11 18:26:00,106.55,106.5799,106.54,106.55,34756.0
2024-10-11 18:28:00,106.55,106.56,106.525,106.545,35417.0
2024-10-11 18:30:00,106.55,106.585,106.51,106.55,30554.0
2024-10-11 18:32:00,106.535,106.56,106.5,106.555,40354.0
2024-10-11 18:34:00,106.5501,106.58,106.5199,106.5199,39350.0
2024-10-11 18:36:00,106.52,106.5499,106.51,106.5118,20249.0
2024-10-11 18:38:00,106.51,106.5386,106.34,106.44,80075.0
2024-10-11 18:40:00,106.455,106.465,106.35,106.4299,55141.0
2024-10-11 18:42:00,106.4299,106.485,106.4,106.47,39343.0
2024-10-11 18:44:00,106.4701,106.515,106.43,106.5101,31111.0
2024-10-11 18:46:00,106.515,106.585,106.49,106.56,50135.0
2024-10-11 18:48:00,106.57,106.5899,106.532,106.54,29853.0
2024-10-11 18:50:00,106.53,106.575,106.48,106.5116,42315.0
2024-10-11 18:52:00,106.515,106.535,106.47,106.4707,29038.0
2024-10-11 18:54:00,106.474,106.49,106.43,106.47,22501.0
2024-10-11 18:56:00,106.465,106.485,106.445,106.46,38358.0
2024-10-11 18:58:00,106.465,106.51,106.44,106.4802,34316.0
2024-10-11 19:00:00,106.4999,106.4999,106.3,106.3299,86176.0
2024-10-11 19:02:00,106.325,106.3899,106.32,106.35,47990.0
2024-10-11 19:04:00,106.35,106.355,106.34,106.34,36823.0
2024-10-11 19:06:00,106.345,106.4678,106.345,106.46,42108.0
2024-10-11 19:08:00,106.47,106.515,106.4,106.41,58066.0
2024-10-11 19:10:00,106.41,106.43,106.3502,106.415,47240.0
2024-10-11 19:12:00,106.42,106.52,106.41,106.505,47735.0
2024-10-11 19:14:00,106.51,106.59,106.51,106.57,55342.0
2024-10-11 19:16:00,106.555,106.59,106.5012,106.514,33376.0
2024-10-11 19:18:00,106.515,106.56,106.51,106.555,32537.0
2024-10-11 19:20:00,106.555,106.57,106.51,106.544,37388.0
2024-10-11 19:22:00,106.54,106.545,106.48,106.52,28586.0
2024-10-11 19:24:00,106.53,106.56,106.495,106.54,35547.0
2024-10-11 19:26:00,106.534,106.54,106.47,106.535,65371.0
2024-10-11 19:28:00,106.535,106.6,106.53,106.565,54033.0
2024-10-11 19:30:00,106.56,106.595,106.51,106.575,45026.0
2024-10-11 19:32:00,106.575,106.7059,106.565,106.7,69662.0
2024-10-11 19:34:00,106.69,106.735,106.65,106.705,67382.0
2024-10-11 19:36:00,106.71,106.7699,106.63,106.64,80420.0
2024-10-11 19:38:00,106.64,106.7197,106.58,106.695,47817.0
2024-10-11 19:40:00,106.695,106.7199,106.62,106.64,73117.0
2024-10-11 19:42:00,106.645,106.6699,106.61,106.62,43341.0
2024-10-11 19:44:00,106.62,106.63,106.565,106.62,86628.0
2024-10-11 19:46:00,106.63,106.63,106.49,106.5,104595.0
2024-10-11 19:48:00,106.495,106.55,106.48,106.545,86474.0
2024-10-11 19:50:00,106.55,106.65,106.55,106.61,142185.0
2024-10-11 19:52:00,106.61,106.74,106.61,106.705,134492.0
2024-10-11 19:54:00,106.7,106.905,106.69,106.85,230980.0
2024-10-11 19:56:00,106.86,107.026,106.82,107.0,378967.0
2024-10-11 19:58:00,106.9912,107.07,106.87,106.89,511018.0
2024-10-11 20:00:00,106.92,106.92,106.76,106.833,71243.0
2024-10-11 20:02:00,106.89,106.89,106.89,106.89,850.0
2024-10-11 20:04:00,106.89,106.92,106.86,106.86,4326.0
2024-10-11 20:06:00,106.85,106.9,106.85,106.89,1555.0
2024-10-11 20:08:00,106.84,106.84,106.83,106.83,2786.0
2024-10-11 20:10:00,106.8308,106.8308,106.8308,106.8308,227.0
2024-10-11 20:12:00,106.7998,106.7998,106.77,106.77,5311.0
2024-10-11 20:14:00,106.75,106.75,106.75,106.75,586.0
2024-10-11 20:16:00,106.8,106.8,106.8,106.8,597.0
2024-10-11 20:18:00,106.8285,106.83,106.8285,106.83,1300.0
2024-10-11 20:20:00,106.8,106.92,106.8,106.92,6094.0
2024-10-11 20:22:00,106.83,106.83,106.81,106.81,1762.0
2024-10-11 20:24:00,106.83,106.83,106.83,106.83,5076.0
2024-10-11 20:26:00,106.8305,106.8305,106.82,106.82,4272.0
2024-10-11 20:28:00,106.81,106.81,106.78,106.78,1096.0
2024-10-11 20:30:00,106.7535,106.7535,106.7535,106.7535,241.0
2024-10-11 20:34:00,106.76,106.76,106.7591,106.7591,666.0
2024-10-11 20:36:00,106.76,106.76,106.76,106.76,1000.0
2024-10-11 20:38:00,106.76,106.76,106.74,106.74,537.0
2024-10-11 20:44:00,106.759,106.76,106.759,106.76,485.0
2024-10-11 20:46:00,106.78,106.78,106.7799,106.7799,1343.0
2024-10-11 20:48:00,106.78,106.78,106.78,106.78,608.0
2024-10-11 20:52:00,106.8,106.8,106.8,106.8,100.0
2024-10-11 20:54:00,106.8,106.83,106.8,106.83,563.0
2024-10-11 20:56:00,106.8,106.8,106.8,106.8,1010.0
2024-10-11 20:58:00,106.8,106.8,106.8,106.8,110.0
2024-10-11 21:02:00,106.83,106.9,106.83,106.9,4717.0
2024-10-11 21:04:00,106.9,106.901,106.9,106.901,2011.0
2024-10-11 21:06:00,106.9,106.9,106.9,106.9,778.0
2024-10-11 21:08:00,106.9,106.92,106.9,106.92,1306.0
2024-10-11 21:10:00,106.9,106.9,106.9,106.9,612.0
2024-10-11 21:12:00,106.9353,106.9353,106.9353,106.9353,298.0
2024-10-11 21:16:00,106.9025,106.92,106.9025,106.92,752.0
2024-10-11 21:20:00,106.94,106.95,106.94,106.95,783.0
2024-10-11 21:22:00,106.95,106.95,106.93,106.93,2617.0
2024-10-11 21:26:00,106.94,106.94,106.94,106.94,187.0
2024-10-11 21:28:00,106.912,106.912,106.912,106.912,280.0
2024-10-11 21:30:00,106.94,106.94,106.94,106.94,205.0
2024-10-11 21:36:00,106.931,106.94,106.92,106.93,965.0
2024-10-11 21:40:00,106.91,106.91,106.9,106.9,1164.0
2024-10-11 21:42:00,106.8,106.8,106.8,106.8,280.0
2024-10-11 21:50:00,106.8896,106.8896,106.8896,106.8896,127.0
2024-10-11 22:04:00,106.8,106.81,106.8,106.81,1515.0
2024-10-11 22:06:00,106.81,106.82,106.8025,106.82,702.0
2024-10-11 22:08:00,106.8025,106.85,106.8025,106.85,1063.0
2024-10-11 22:10:00,106.85,106.85,106.85,106.85,102.0
2024-10-11 22:12:00,106.8,106.8,106.8,106.8,104.0
2024-10-11 22:16:00,106.8475,106.85,106.8475,106.85,555.0
2024-10-11 22:18:00,106.83,106.83,106.83,106.83,101.0
2024-10-11 22:20:00,106.83,106.83,106.83,106.83,102.0
2024-10-11 22:24:00,106.85,106.85,106.85,106.85,100.0
2024-10-11 22:28:00,106.85,106.85,106.85,106.85,718.0
2024-10-11 22:30:00,106.8001,106.8001,106.8001,106.8001,300.0
2024-10-11 22:40:00,106.89,106.89,106.89,106.89,250.0
2024-10-11 22:50:00,106.8715,106.8715,106.8715,106.8715,111.0
2024-10-11 22:52:00,106.8985,106.8985,106.8985,106.8985,500.0
2024-10-11 22:58:00,106.9099,106.9099,106.87,106.87,635.0
2024-10-11 23:00:00,106.8695,106.8695,106.8058,106.8058,1036.0
2024-10-11 23:02:00,106.905,106.905,106.905,106.905,608.0
2024-10-11 23:06:00,106.9,106.9,106.9,106.9,129.0
2024-10-11 23:24:00,106.9,106.9,106.9,106.9,496.0
2024-10-11 23:26:00,106.91,106.95,106.9,106.9,1680.0
2024-10-11 23:28:00,106.9,106.9,106.9,106.9,210.0
2024-10-11 23:30:00,106.9,106.9,106.9,106.9,333.0
2024-10-11 23:32:00,106.9,106.9,106.85,106.85,521.0
2024-10-11 23:36:00,106.85,106.85,106.8,106.8,3490.0
2024-10-11 23:42:00,106.8019,106.8019,106.8004,106.8004,380.0
2024-10-11 23:46:00,106.8789,106.8789,106.8789,106.8789,102.0
2024-10-11 23:48:00,106.85,106.85,106.85,106.85,194.0
2024-10-11 23:58:00,106.8487,106.8487,106.8015,106.8015,1760.0
2024-10-14 08:00:00,107.0,107.0,106.88,106.88,646.0
2024-10-14 08:02:00,106.76,106.81,106.7,106.7,3169.0
2024-10-14 08:04:00,106.9,106.92,106.82,106.92,1516.0
2024-10-14 08:06:00,106.99,107.0,106.93,106.93,1710.0
2024-10-14 08:10:00,107.33,107.33,107.33,107.33,242.0
2024-10-14 08:12:00,107.39,107.45,107.01,107.4,1873.0
2024-10-14 08:14:00,107.31,107.31,107.21,107.21,852.0
2024-10-14 08:16:00,107.13,107.3,107.12,107.3,554.0
2024-10-14 08:18:00,107.11,107.17,107.11,107.17,348.0
2024-10-14 08:20:00,107.3,107.3,107.3,107.3,101.0
2024-10-14 08:22:00,107.44,107.46,107.4,107.42,2026.0
2024-10-14 08:24:00,107.47,107.47,107.43,107.43,801.0
2024-10-14 08:26:00,107.47,107.48,107.4,107.44,1193.0
2024-10-14 08:30:00,107.42,107.42,107.4,107.4,540.0
2024-10-14 08:32:00,107.4,107.4,107.4,107.4,308.0
2024-10-14 08:34:00,107.43,107.43,107.33,107.33,1705.0
2024-10-14 08:42:00,107.43,107.43,107.43,107.43,262.0
2024-10-14 08:44:00,107.47,107.47,107.47,107.47,192.0
2024-10-14 08:46:00,107.47,107.47,107.47,107.47,226.0
2024-10-14 08:48:00,107.4,107.4,107.4,107.4,250.0
2024-10-14 08:50:00,107.45,107.49,107.45,107.49,2917.0
2024-10-14 08:54:00,107.44,107.44,107.44,107.44,304.0
2024-10-14 08:56:00,107.33,107.33,107.33,107.33,154.0
2024-10-14 09:00:00,107.35,107.35,107.35,107.35,110.0
2024-10-14 09:04:00,107.5,107.5,107.5,107.5,361.0
2024-10-14 09:06:00,107.5,107.5,107.5,107.5,264.0
2024-10-14 09:08:00,107.3,107.3,107.3,107.3,290.0
2024-10-14 09:28:00,107.51,107.51,107.51,107.51,100.0
2024-10-14 09:38:00,107.52,107.52,107.52,107.52,215.0
2024-10-14 09:42:00,107.52,107.52,107.52,107.52,100.0
2024-10-14 09:52:00,107.47,107.47,107.47,107.47,109.0
2024-10-14 09:54:00,107.43,107.46,107.43,107.46,400.0
2024-10-14 10:00:00,107.47,107.47,107.47,107.47,272.0
2024-10-14 10:06:00,107.49,107.49,107.48,107.48,543.0
2024-10-14 10:12:00,107.49,107.49,107.49,107.49,385.0
2024-10-14 10:16:00,107.53,107.6,107.53,107.6,606.0
2024-10-14 10:18:00,107.65,107.65,107.65,107.65,155.0
2024-10-14 10:20:00,107.66,107.66,107.66,107.66,202.0
2024-10-14 10:26:00,107.61,107.61,107.61,107.61,415.0
2024-10-14 10:28:00,107.6,107.6,107.6,107.6,455.0
2024-10-14 10:44:00,107.7,107.7,107.7,107.7,177.0
2024-10-14 10:54:00,107.65,107.65,107.65,107.65,1115.0
2024-10-14 11:00:00,107.51,107.64,107.51,107.62,977.0
2024-10-14 11:02:00,107.6,107.6,107.59,107.6,1934.0
2024-10-14 11:04:00,107.6,107.6,107.29,107.29,6056.0
2024-10-14 11:06:00,107.39,107.4,107.35,107.39,1122.0
2024-10-14 11:08:00,107.35,107.36,107.35,107.36,210.0
2024-10-14 11:10:00,107.35,107.35,107.35,107.35,499.0
2024-10-14 11:12:00,107.39,107.4,107.39,107.4,974.0
2024-10-14 11:16:00,107.39,107.39,107.39,107.39,231.0
2024-10-14 11:18:00,107.38,107.38,107.38,107.38,567.0
2024-10-14 11:20:00,107.35,107.35,107.35,107.35,117.0
2024-10-14 11:22:00,107.4,107.4,107.4,107.4,723.0
2024-10-14 11:24:00,107.44,107.45,107.44,107.45,827.0
2024-10-14 11:26:00,107.5,107.5,107.5,107.5,148.0
2024-10-14 11:28:00,107.5,107.51,107.5,107.51,946.0
2024-10-14 11:38:00,107.64,107.64,107.64,107.64,401.0
2024-10-14 11:40:00,107.68,107.68,107.62,107.62,742.0
2024-10-14 11:44:00,107.64,107.65,107.64,107.65,646.0
2024-10-14 11:48:00,107.67,107.67,107.67,107.67,365.0
2024-10-14 11:50:00,107.66,107.69,107.62,107.62,1967.0
2024-10-14 11:52:00,107.59,107.59,107.59,107.59,693.0
2024-10-14 11:54:00,107.55,107.56,107.55,107.56,419.0
2024-10-14 11:58:00,107.57,107.7,107.57,107.7,1386.0
2024-10-14 12:00:00,107.39,107.697,106.45,107.697,25879.0
2024-10-14 12:04:00,107.5532,107.63,107.5532,107.6,2847.0
2024-10-14 12:06:00,107.65,107.67,107.65,107.67,2125.0
2024-10-14 12:08:00,107.66,107.66,107.6,107.657,7397.0
2024-10-14 12:10:00,107.63,107.67,107.62,107.67,1167.0
2024-10-14 12:12:00,107.67,107.69,107.67,107.67,4147.0
2024-10-14 12:14:00,107.68,107.68,107.65,107.65,386.0
2024-10-14 12:16:00,107.64,107.64,107.64,107.64,530.0
2024-10-14 12:18:00,107.65,107.66,107.6016,107.6016,992.0
2024-10-14 12:20:00,107.66,107.67,107.6001,107.67,1903.0
2024-10-14 12:22:00,107.66,107.8,107.66,107.68,5840.0
2024-10-14 12:24:00,107.8,107.8,107.72,107.72,518.0
2024-10-14 12:26:00,107.73,107.73,107.6755,107.6755,460.0
2024-10-14 12:30:00,107.673,107.73,107.6016,107.73,1221.0
2024-10-14 12:32:00,107.74,107.8,107.74,107.8,2098.0
2024-10-14 12:34:00,107.8,107.88,107.8,107.87,4662.0
2024-10-14 12:36:00,107.82,107.82,107.82,107.82,199.0
2024-10-14 12:42:00,107.8015,107.82,107.8,107.8198,2177.0
2024-10-14 12:44:00,107.82,107.8399,107.8,107.8,3537.0
2024-10-14 12:46:00,107.82,107.9,107.82,107.84,6627.0
2024-10-14 12:48:00,107.88,107.88,107.88,107.88,301.0
2024-10-14 12:50:00,107.89,107.89,107.84,107.88,2250.0
2024-10-14 12:52:00,107.885,107.89,107.8,107.8,4227.0
2024-10-14 12:54:00,107.81,107.81,107.8,107.8,2908.0
2024-10-14 12:56:00,107.7,107.75,107.7,107.75,1150.0
2024-10-14 12:58:00,107.8495,107.8495,107.8293,107.8293,3707.0
2024-10-14 13:00:00,107.75,107.75,107.7,107.7004,1585.0
2024-10-14 13:02:00,107.79,107.79,107.79,107.79,581.0
2024-10-14 13:04:00,107.79,107.81,107.79,107.81,3914.0
2024-10-14 13:06:00,107.7717,107.85,107.7717,107.85,2465.0
2024-10-14 13:08:00,107.89,107.9465,107.882,107.91,7004.0
2024-10-14 13:10:00,107.9,107.9,107.86,107.86,1956.0
2024-10-14 13:12:00,107.85,107.86,107.85,107.86,4410.0
2024-10-14 13:14:00,107.86,107.87,107.84,107.87,1022.0
2024-10-14 13:16:00,107.87,107.88,107.87,107.87,629.0
2024-10-14 13:18:00,107.87,107.87,107.85,107.85,545.0
2024-10-14 13:20:00,107.8106,107.8115,107.75,107.75,3455.0
2024-10-14 13:22:00,107.75,107.77,107.75,107.77,960.0
2024-10-14 13:24:00,107.765,108.01,107.72,108.01,14551.0
2024-10-14 13:26:00,108.1696,108.1696,107.99,107.99,4330.0
2024-10-14 13:28:00,107.7,107.9,107.7,107.85,4313.0
2024-10-14 13:30:00,107.805,108.5,107.63,108.24,534236.0
2024-10-14 13:32:00,108.2019,108.39,108.0945,108.1695,169860.0
2024-10-14 13:34:00,108.17,108.71,108.0801,108.63,227052.0
2024-10-14 13:36:00,108.63,108.65,107.92,108.0,193433.0
2024-10-14 13:38:00,107.99,108.2,107.7015,107.8,201164.0
2024-10-14 13:40:00,107.85,107.8691,107.38,107.52,196950.0
2024-10-14 13:42:00,107.5,107.95,107.34,107.95,145828.0
2024-10-14 13:44:00,107.955,108.14,107.7616,108.12,145119.0
2024-10-14 13:46:00,108.13,108.285,107.925,108.26,128214.0
2024-10-14 13:48:00,108.265,108.53,108.1,108.409844,166807.0
2024-10-14 13:50:00,108.4,108.52,108.25,108.42,110381.0
2024-10-14 13:52:00,108.4101,108.429,108.14,108.18,95677.0
2024-10-14 13:54:00,108.16,108.19,107.945,107.99,116672.0
2024-10-14 13:56:00,107.940198,108.4,107.940198,108.3164,148583.0
2024-10-14 13:58:00,108.31,108.51,108.2501,108.46,117343.0
2024-10-14 14:00:00,108.5,108.6,108.337688,108.34,140671.0
2024-10-14 14:02:00,108.3201,108.5197,108.25,108.4301,102254.0
2024-10-14 14:04:00,108.43,108.47,108.1558,108.1558,73671.0
2024-10-14 14:06:00,108.165,108.2399,108.08,108.16,61589.0
2024-10-14 14:08:00,108.13,108.23,108.01,108.065,87932.0
2024-10-14 14:10:00,108.06,108.23,108.06,108.22,87075.0
2024-10-14 14:12:00,108.2,108.24,107.88,107.98,137945.0
2024-10-14 14:14:00,107.97,108.105,107.9196,108.0899,76352.0
2024-10-14 14:16:00,108.084,108.12,107.73,107.865,108378.0
2024-10-14 14:18:00,107.86,107.88,107.63,107.7,83498.0
2024-10-14 14:20:00,107.7,107.98,107.685,107.84,98398.0
2024-10-14 14:22:00,107.832,107.94,107.7901,107.92,63392.0
2024-10-14 14:24:00,107.925,108.1399,107.9,108.1399,85536.0
2024-10-14 14:26:00,108.15,108.15,108.0,108.04,54000.0
2024-10-14 14:28:00,108.05,108.23,108.02,108.21,49649.0
2024-10-14 14:30:00,108.2,108.2399,108.06,108.09,45168.0
2024-10-14 14:32:00,108.089,108.255,108.089,108.15,65024.0
2024-10-14 14:34:00,108.16,108.2599,108.1301,108.228,49980.0
2024-10-14 14:36:00,108.23,108.315,108.18,108.2169,78067.0
2024-10-14 14:38:00,108.23,108.2575,108.0613,108.14,46016.0
2024-10-14 14:40:00,108.14,108.165,108.01,108.04,63792.0
2024-10-14 14:42:00,108.045,108.13,108.03,108.0688,69408.0
2024-10-14 14:44:00,108.07,108.1,107.92,107.95,44867.0
2024-10-14 14:46:00,107.9799,108.0398,107.901,108.024705,38800.0
2024-10-14 14:48:00,108.0141,108.0141,107.7,107.74,67925.0
2024-10-14 14:50:00,107.75,107.88,107.66,107.67,84718.0
2024-10-14 14:52:00,107.6974,107.6974,107.44,107.6,95727.0
2024-10-14 14:54:00,107.59,107.82,107.5701,107.78,49074.0
2024-10-14 14:56:00,107.8,107.805,107.7,107.71,49866.0
2024-10-14 14:58:00,107.71,107.73,107.5,107.51,105428.0
2024-10-14 15:00:00,107.52,107.6,107.285,107.36,82498.0
2024-10-14 15:02:00,107.36,107.53,107.325,107.53,56953.0
2024-10-14 15:04:00,107.5201,107.65,107.51,107.635,65215.0
2024-10-14 15:06:00,107.635,107.69,107.54,107.64,44812.0
2024-10-14 15:08:00,107.64,107.71,107.52,107.55,61589.0
2024-10-14 15:10:00,107.5441,107.6,107.48,107.48,51061.0
2024-10-14 15:12:00,107.49,107.64,107.49,107.61,49621.0
2024-10-14 15:14:00,107.6,107.64,107.535,107.59,41964.0
2024-10-14 15:16:00,107.59,107.594,107.521,107.5836,27415.0
2024-10-14 15:18:00,107.58,107.58,107.39,107.4361,89437.0
2024-10-14 15:20:00,107.45,107.505,107.365,107.475,41429.0
2024-10-14 15:22:00,107.48,107.65,107.474,107.58,55217.0
2024-10-14 15:24:00,107.575,107.6,107.4708,107.55,42380.0
2024-10-14 15:26:00,107.54,107.5676,107.39,107.4,45909.0
2024-10-14 15:28:00,107.4,107.42,107.28,107.38,69130.0
2024-10-14 15:30:00,107.37,107.37,107.26,107.34,70235.0
2024-10-14 15:32:00,107.33,107.42,107.28,107.42,53450.0
2024-10-14 15:34:00,107.4,107.4,107.2701,107.2938,48237.0
2024-10-14 15:36:00,107.29,107.31,107.16,107.2,62424.0
2024-10-14 15:38:00,107.2,107.21,107.08,107.11,91481.0
2024-10-14 15:40:00,107.12,107.12,106.99,106.99,95903.0
2024-10-14 15:42:00,107.0,107.04,106.8521,106.87,82629.0
2024-10-14 15:44:00,106.87,106.98,106.8,106.974,67888.0
2024-10-14 15:46:00,106.9787,107.16,106.97,107.11,79170.0
2024-10-14 15:48:00,107.1001,107.2097,107.1001,107.19,52029.0
2024-10-14 15:50:00,107.21,107.2894,107.16,107.23,54323.0
2024-10-14 15:52:00,107.2355,107.2355,107.04,107.04,81719.0
2024-10-14 15:54:00,107.05,107.09,107.0,107.0387,51165.0
2024-10-14 15:56:00,107.0201,107.135,107.0,107.08,54607.0
2024-10-14 15:58:00,107.07,107.0993,107.034,107.045,31250.0
2024-10-14 16:00:00,107.045,107.065,106.94,106.99,50835.0
2024-10-14 16:02:00,106.98,107.1272,106.965,107.1,44132.0
2024-10-14 16:04:00,107.1,107.234,107.1,107.2,72873.0
2024-10-14 16:06:00,107.2099,107.295,107.2,107.2898,65470.0
2024-10-14 16:08:00,107.2898,107.32,107.22,107.3014,38616.0
2024-10-14 16:10:00,107.3088,107.35,107.23,107.35,38084.0
2024-10-14 16:12:00,107.3401,107.36,107.17,107.17,55418.0
2024-10-14 16:14:00,107.16,107.23,107.05,107.05,43741.0
2024-10-14 16:16:00,107.0694,107.1211,107.005,107.1211,44536.0
2024-10-14 16:18:00,107.125,107.14,107.1,107.12,30869.0
2024-10-14 16:20:00,107.12,107.12,107.03,107.06,25592.0
2024-10-14 16:22:00,107.06,107.15,107.0495,107.095,42685.0
2024-10-14 16:24:00,107.095,107.17,107.02,107.03,40255.0
2024-10-14 16:26:00,107.0398,107.17,107.0,107.09,49384.0
2024-10-14 16:28:00,107.09,107.1151,107.0401,107.115,20799.0
2024-10-14 16:30:00,107.12,107.132,107.04,107.1,31371.0
2024-10-14 16:32:00,107.08,107.105,107.02,107.024,41026.0
2024-10-14 16:34:00,107.035,107.07,106.9601,107.02,49853.0
2024-10-14 16:36:00,107.02,107.065,107.002004,107.05,27664.0
2024-10-14 16:38:00,107.0465,107.12,107.04,107.105,43764.0
2024-10-14 16:40:00,107.1186,107.3,107.11,107.2999,38751.0
2024-10-14 16:42:00,107.31,107.36,107.29,107.3501,53457.0
2024-10-14 16:44:00,107.35,107.43,107.3,107.43,45919.0
2024-10-14 16:46:00,107.433,107.44,107.35,107.374,33419.0
2024-10-14 16:48:00,107.37,107.42,107.32,107.41,33029.0
2024-10-14 16:50:00,107.41,107.45,107.3501,107.45,27471.0
2024-10-14 16:52:00,107.4442,107.4701,107.42,107.43,24308.0
2024-10-14 16:54:00,107.41,107.41,107.315341,107.315341,18841.0
2024-10-14 16:56:00,107.33,107.33,107.26,107.2971,34065.0
2024-10-14 16:58:00,107.29,107.37,107.29,107.335,25990.0
2024-10-14 17:00:00,107.34,107.44,107.31,107.43,28157.0
2024-10-14 17:02:00,107.435,107.52,107.43,107.48,67394.0
2024-10-14 17:04:00,107.484,107.585,107.4524,107.57,29049.0
2024-10-14 17:06:00,107.57,107.575,107.45,107.455,29078.0
2024-10-14 17:08:00,107.46,107.49,107.39,107.49,26570.0
2024-10-14 17:10:00,107.5,107.5,107.41,107.43,31436.0
2024-10-14 17:12:00,107.4338,107.478,107.39,107.47,44071.0
2024-10-14 17:14:00,107.4746,107.6,107.47,107.58,66121.0
2024-10-14 17:16:00,107.5901,107.65,107.5518,107.6201,56528.0
2024-10-14 17:18:00,107.62,107.75,107.62,107.67,62395.0
2024-10-14 17:20:00,107.66,107.75,107.6,107.71,61145.0
2024-10-14 17:22:00,107.715,107.81,107.71,107.78,50758.0
2024-10-14 17:24:00,107.77,107.96,107.77,107.9423,48946.0
2024-10-14 17:26:00,107.95,107.975,107.93,107.945,49056.0
2024-10-14 17:28:00,107.945,107.945,107.81,107.84,50367.0
2024-10-14 17:30:00,107.83,107.93,107.81,107.871345,76633.0
2024-10-14 17:32:00,107.874,107.895,107.82,107.895,38399.0
2024-10-14 17:34:00,107.895,107.94,107.855,107.935,21015.0
2024-10-14 17:36:00,107.93,108.01,107.92,107.9986,64585.0
2024-10-14 17:38:00,107.995,108.05,107.94,108.04,55824.0
2024-10-14 17:40:00,108.0376,108.07,107.9901,107.9901,36890.0
2024-10-14 17:42:00,108.0,108.07,107.99,108.05,31661.0
2024-10-14 17:44:00,108.05,108.05,107.9,107.9,38720.0
2024-10-14 17:46:00,107.91,107.96,107.878,107.93,37542.0
2024-10-14 17:48:00,107.94,108.02,107.91,108.0187,23980.0
2024-10-14 17:50:00,108.02,108.0366,107.99,107.99,28869.0
2024-10-14 17:52:00,107.9999,108.0688,107.9975,108.0688,29433.0
2024-10-14 17:54:00,108.0688,108.0782,107.99,108.01,32550.0
2024-10-14 17:56:00,108.015,108.0699,108.0,108.0686,28191.0
2024-10-14 17:58:00,108.0699,108.0799,108.04,108.04,27039.0
2024-10-14 18:00:00,108.04,108.04,107.88,107.964,42953.0
2024-10-14 18:02:00,107.97,107.99,107.9457,107.985,27357.0
2024-10-14 18:04:00,107.989,108.06,107.975,108.05,38334.0
2024-10-14 18:06:00,108.05,108.145,108.024,108.14,31042.0
2024-10-14 18:08:00,108.14,108.2,108.1,108.17,51685.0
2024-10-14 18:10:00,108.1762,108.18,108.02,108.03,40671.0
2024-10-14 18:12:00,108.0399,108.0899,108.0,108.085,21654.0
2024-10-14 18:14:00,108.0894,108.09,108.0401,108.05,21692.0
2024-10-14 18:16:00,108.046,108.08,107.97,107.98,30826.0
2024-10-14 18:18:00,107.98,108.07,107.965,108.04,29591.0
2024-10-14 18:20:00,108.04,108.06,108.0,108.02,26745.0
2024-10-14 18:22:00,108.03,108.05,107.94,107.96,49616.0
2024-10-14 18:24:00,107.95,107.9898,107.935,107.9776,21435.0
2024-10-14 18:26:00,107.9725,108.02,107.97,108.01,22254.0
2024-10-14 18:28:00,108.01,108.01,107.92,107.9469,25586.0
2024-10-14 18:30:00,107.946,107.9724,107.92,107.95,20021.0
2024-10-14 18:32:00,107.95,107.95,107.8416,107.8693,36869.0
2024-10-14 18:34:00,107.86,107.92,107.845,107.9,30102.0
2024-10-14 18:36:00,107.905,108.09,107.9,108.085,65718.0
2024-10-14 18:38:00,108.08,108.2,108.052,108.19,63918.0
2024-10-14 18:40:00,108.19,108.22,108.15,108.17,47474.0
2024-10-14 18:42:00,108.1799,108.2,108.15,108.1689,29015.0
2024-10-14 18:44:00,108.1682,108.17,108.09,108.11,36315.0
2024-10-14 18:46:00,108.115,108.1501,108.08,108.08,23538.0
2024-10-14 18:48:00,108.09,108.12,108.0669,108.07,26250.0
2024-10-14 18:50:00,108.0699,108.1,108.03,108.07,20773.0
2024-10-14 18:52:00,108.07,108.07,108.02,108.04,25259.0
2024-10-14 18:54:00,108.045,108.09,108.04,108.08,34491.0
2024-10-14 18:56:00,108.08,108.11,108.06,108.08,27005.0
2024-10-14 18:58:00,108.1,108.1,108.06,108.09,22530.0
2024-10-14 19:00:00,108.08,108.08,107.98,108.05,33966.0
2024-10-14 19:02:00,108.05,108.1,108.02,108.02,26646.0
2024-10-14 19:04:00,108.0199,108.0199,107.94,107.96,31153.0
2024-10-14 19:06:00,107.96,108.03,107.96,107.99,33061.0
2024-10-14 19:08:00,107.985,108.0499,107.95,108.035,39087.0
2024-10-14 19:10:00,108.03,108.12,108.03,108.115,47594.0
2024-10-14 19:12:00,108.115,108.17,108.085,108.16,38335.0
2024-10-14 19:14:00,108.16,108.235,108.15,108.23,54421.0
2024-10-14 19:16:00,108.235,108.25,108.09,108.22,84096.0
2024-10-14 19:18:00,108.23,108.27,108.22,108.265,40977.0
2024-10-14 19:20:00,108.26,108.3,108.21,108.235,46694.0
2024-10-14 19:22:00,108.2201,108.3188,108.2,108.3,103206.0
2024-10-14 19:24:00,108.29,108.34,108.28,108.2884,41595.0
2024-10-14 19:26:00,108.285,108.2896,108.26,108.2702,34778.0
2024-10-14 19:28:00,108.276,108.305,108.276,108.3049,33736.0
2024-10-14 19:30:00,108.305,108.35,108.24,108.34,65015.0
2024-10-14 19:32:00,108.34,108.455,108.34,108.4515,74828.0
2024-10-14 19:34:00,108.46,108.5,108.43,108.475,99495.0
2024-10-14 19:36:00,108.475,108.53,108.41,108.435,110638.0
2024-10-14 19:38:00,108.43,108.475,108.4,108.47,62221.0
2024-10-14 19:40:00,108.475,108.61,108.45,108.535,100567.0
2024-10-14 19:42:00,108.535,108.69,108.535,108.685,77267.0
2024-10-14 19:44:00,108.68,108.69,108.61,108.615,59138.0
2024-10-14 19:46:00,108.616,108.635,108.5714,108.58,87146.0
2024-10-14 19:48:00,108.585,108.6182,108.52,108.565,80297.0
2024-10-14 19:50:00,108.565,108.58,108.405,108.425,140217.0
2024-10-14 19:52:00,108.425,108.54,108.3,108.335,158661.0
2024-10-14 19:54:00,108.33,108.47,108.33,108.375,158071.0
2024-10-14 19:56:00,108.375,108.43,108.35,108.385,161120.0
2024-10-14 19:58:00,108.38,108.4,108.3,108.34,357433.0
2024-10-14 20:00:00,108.34,108.34,108.26,108.3005,179563.0
2024-10-14 20:02:00,108.3,108.34,108.3,108.3,4741.0
2024-10-14 20:04:00,108.26,108.3,108.26,108.3,4238.0
2024-10-14 20:06:00,108.29,108.3,108.28,108.3,11974.0
2024-10-14 20:08:00,108.33,108.34,108.32,108.34,1699.0
2024-10-14 20:10:00,108.4,108.41,108.34,108.41,7823.0
2024-10-14 20:12:00,108.36,108.3785,108.35,108.3785,510.0
2024-10-14 20:14:00,108.38,108.38,108.36,108.38,1510.0
2024-10-14 20:16:00,108.4,108.4965,108.34,108.41,3475.0
2024-10-14 20:18:00,108.4695,108.47,108.4695,108.47,867.0
2024-10-14 20:20:00,108.48,108.5,108.4505,108.4505,1730.0
2024-10-14 20:22:00,108.4511,108.48,108.45,108.48,1836.0
2024-10-14 20:28:00,108.45,108.45,108.29,108.31,11492.0
2024-10-14 20:30:00,108.314,108.314,108.314,108.314,160.0
2024-10-14 20:32:00,108.33,108.33,108.33,108.33,375.0
2024-10-14 20:36:00,108.38,108.38,108.35,108.38,2882.0
2024-10-14 20:38:00,108.38,108.38,108.38,108.38,411.0
2024-10-14 20:40:00,108.3522,108.4025,108.3522,108.4,6760.0
2024-10-14 20:42:00,108.44,108.48,108.44,108.48,1491.0
2024-10-14 20:44:00,108.48,108.48,108.46,108.46,74806.0
2024-10-14 20:46:00,108.43,108.43,108.43,108.43,327.0
2024-10-14 20:48:00,108.45,108.45,108.45,108.45,428.0
2024-10-14 20:50:00,108.34,108.36,108.29,108.34,4794.0
2024-10-14 20:52:00,108.33,108.34,108.33,108.34,1262.0
2024-10-14 20:54:00,108.34,108.34,108.33,108.33,1590.0
2024-10-14 20:56:00,108.34,108.34,108.34,108.34,310.0
2024-10-14 20:58:00,108.34,108.34,108.34,108.34,432.0
2024-10-14 21:00:00,108.34,108.34,108.34,108.34,3348.0
2024-10-14 21:02:00,108.34,108.34,108.34,108.34,1052.0
2024-10-14 21:04:00,108.3115,108.3115,108.31,108.31,495.0
2024-10-14 21:06:00,108.3,108.3,108.28,108.29,1210.0
2024-10-14 21:08:00,108.28,108.328,108.26,108.328,1967.0
2024-10-14 21:12:00,108.29,108.29,108.29,108.29,205.0
2024-10-14 21:18:00,108.34,108.34,108.34,108.34,350.0
2024-10-14 21:20:00,108.3397,108.3397,108.3397,108.3397,523.0
2024-10-14 21:22:00,108.34,108.34,108.34,108.34,973.0
2024-10-14 21:28:00,108.35,108.35,108.32,108.32,1022.0
2024-10-14 21:30:00,108.3224,108.3224,108.3224,108.3224,114.0
2024-10-14 21:32:00,108.4,108.4,108.4,108.4,188.0
2024-10-14 21:38:00,108.3395,108.34,108.3395,108.34,342.0
2024-10-14 21:40:00,108.34,108.34,108.34,108.34,301.0
2024-10-14 21:42:00,108.35,108.44,108.35,108.44,319.0
2024-10-14 21:44:00,108.3545,108.3545,108.3545,108.3545,110.0
2024-10-14 21:46:00,108.4,108.4,108.356,108.356,547.0
2024-10-14 21:48:00,108.3545,108.3545,108.35,108.35,1669.0
2024-10-14 21:50:00,108.39,108.4,108.35,108.35,687.0
2024-10-14 21:52:00,108.41,108.41,108.4,108.4,2174.0
2024-10-14 21:54:00,108.45,108.51,108.44,108.51,3032.0
2024-10-14 21:56:00,108.5,108.5055,108.5,108.5055,314.0
2024-10-14 22:00:00,108.4993,108.4993,108.32,108.34,6561.0
2024-10-14 22:02:00,108.34,108.34,108.33,108.33,1754.0
2024-10-14 22:04:00,108.33,108.34,108.33,108.34,4437.0
2024-10-14 22:06:00,108.34,108.475,108.34,108.475,827.0
2024-10-14 22:08:00,108.4484,108.4484,108.4484,108.4484,406.0
2024-10-14 22:10:00,108.45,108.45,108.3214,108.44,1508.0
2024-10-14 22:14:00,108.43,108.4595,108.4,108.45,5626.0
2024-10-14 22:16:00,108.45,108.46,108.4,108.4,4720.0
2024-10-14 22:18:00,108.41,108.49,108.41,108.46,3447.0
2024-10-14 22:20:00,108.45,108.4899,108.45,108.48,1493.0
2024-10-14 22:22:00,108.43,108.43,108.3415,108.3415,8094.0
2024-10-14 22:24:00,108.4,108.4,108.37,108.4,436.0
2024-10-14 22:26:00,108.4,108.4,108.3105,108.3105,4231.0
2024-10-14 22:28:00,108.34,108.34,108.31,108.31,2552.0
2024-10-14 22:30:00,108.34,108.34,108.34,108.34,1148.0
2024-10-14 22:32:00,108.34,108.4,108.34,108.4,1047.0
2024-10-14 22:34:00,108.32,108.32,108.3,108.3,810.0
2024-10-14 22:38:00,108.36,108.36,108.28,108.28,1141.0
2024-10-14 22:40:00,108.28,108.3,108.28,108.3,2575.0
2024-10-14 22:42:00,108.21,108.21,108.18,108.18,1281.0
2024-10-14 22:44:00,108.16,108.16,108.13,108.13,335.0
2024-10-14 22:46:00,108.19,108.2815,108.19,108.28,1939.0
2024-10-14 22:48:00,108.35,108.35,108.35,108.35,1119.0
2024-10-14 22:50:00,108.38,108.4,108.3525,108.3975,6744.0
2024-10-14 22:52:00,108.35,108.35,108.35,108.35,244.0
2024-10-14 22:54:00,108.34,108.35,108.34,108.35,737.0
2024-10-14 22:56:00,108.3997,108.3997,108.3997,108.3997,112.0
2024-10-14 22:58:00,108.38,108.4,108.38,108.4,1005.0
2024-10-14 23:00:00,108.45,108.45,108.44,108.44,548.0
2024-10-14 23:02:00,108.45,108.46,108.45,108.46,656.0
2024-10-14 23:04:00,108.31,108.47,108.31,108.47,2101.0
2024-10-14 23:06:00,108.46,108.47,108.46,108.47,2279.0
2024-10-14 23:08:00,108.4683,108.4683,108.4683,108.4683,410.0
2024-10-14 23:10:00,108.41,108.41,108.39,108.39,1078.0
2024-10-14 23:14:00,108.34,108.34,108.34,108.34,540.0
2024-10-14 23:18:00,108.2201,108.2201,108.2201,108.2201,112.0
2024-10-14 23:20:00,108.33,108.33,108.33,108.33,562.0
2024-10-14 23:22:00,108.29,108.29,108.258,108.29,473.0
2024-10-14 23:24:00,108.29,108.29,108.29,108.29,148.0
2024-10-14 23:28:00,108.33,108.33,108.33,108.33,2500.0
2024-10-14 23:32:00,108.34,108.42,108.34,108.38,589.0
2024-10-14 23:36:00,108.3068,108.3068,108.29,108.29,800.0
2024-10-14 23:40:00,108.2535,108.28,108.2535,108.28,1288.0
2024-10-14 23:42:00,108.3275,108.3275,108.28,108.28,1025.0
2024-10-14 23:44:00,108.3,108.3275,108.29,108.29,669.0
2024-10-14 23:46:00,108.33,108.49,108.2955,108.4583,11373.0
2024-10-14 23:50:00,108.45,108.45,108.45,108.45,505.0
2024-10-14 23:52:00,108.49,108.5099,108.36,108.36,4237.0
2024-10-14 23:54:00,108.51,108.51,108.4245,108.49,1694.0
2024-10-14 23:56:00,108.45,108.51,108.45,108.51,791.0
2024-10-14 23:58:00,108.45,108.45,108.41,108.41,2099.0
2024-10-15 08:00:00,107.99,108.34,107.99,108.34,4757.0
2024-10-15 08:02:00,108.29,108.29,108.29,108.29,369.0
2024-10-15 08:10:00,107.91,107.99,107.91,107.99,567.0
2024-10-15 08:14:00,107.76,107.76,107.76,107.76,167.0
2024-10-15 08:16:00,107.76,107.76,107.76,107.76,234.0
2024-10-15 08:20:00,107.7,107.7,107.63,107.63,941.0
2024-10-15 08:22:00,107.6,107.6,107.5,107.5,1894.0
2024-10-15 08:24:00,107.34,107.34,107.3,107.3,1614.0
2024-10-15 08:26:00,107.14,107.27,107.14,107.27,798.0
2024-10-15 08:28:00,107.06,107.25,107.06,107.25,621.0
2024-10-15 08:30:00,107.08,107.08,106.96,106.98,6213.0
2024-10-15 08:32:00,107.07,107.07,107.0,107.0,2340.0
2024-10-15 08:34:00,107.07,107.09,107.07,107.09,506.0
2024-10-15 08:36:00,106.96,106.97,106.95,106.97,603.0
2024-10-15 08:38:00,106.97,106.98,106.97,106.98,605.0
2024-10-15 08:40:00,107.16,107.22,107.16,107.22,2226.0
2024-10-15 08:50:00,107.4,107.45,107.4,107.45,1384.0
2024-10-15 08:52:00,107.5,107.5,107.45,107.45,847.0
2024-10-15 08:54:00,107.45,107.45,107.23,107.23,1384.0
2024-10-15 08:56:00,107.4,107.42,107.4,107.41,3102.0
2024-10-15 08:58:00,107.42,107.42,107.42,107.42,225.0
2024-10-15 09:00:00,107.5,107.5,107.49,107.49,477.0
2024-10-15 09:02:00,107.41,107.41,107.41,107.41,201.0
2024-10-15 09:06:00,107.42,107.5,107.42,107.5,600.0
2024-10-15 09:08:00,107.31,107.31,107.31,107.31,270.0
2024-10-15 09:12:00,107.48,107.48,107.48,107.48,482.0
2024-10-15 09:16:00,107.5,107.5,107.5,107.5,723.0
2024-10-15 09:24:00,107.48,107.48,107.48,107.48,358.0
2024-10-15 09:26:00,107.47,107.47,107.47,107.47,126.0
2024-10-15 09:30:00,107.5,107.5,107.5,107.5,269.0
2024-10-15 09:38:00,107.42,107.42,107.4,107.4,474.0
2024-10-15 09:40:00,107.31,107.31,107.31,107.31,205.0
2024-10-15 09:50:00,107.44,107.44,107.42,107.42,500.0
2024-10-15 09:56:00,107.44,107.44,107.4,107.4,1617.0
2024-10-15 10:02:00,107.49,107.5,107.49,107.5,374.0
2024-10-15 10:16:00,107.26,107.26,107.26,107.26,260.0
2024-10-15 10:26:00,107.16,107.16,107.15,107.15,621.0
2024-10-15 10:42:00,107.38,107.4,107.38,107.4,1281.0
2024-10-15 10:46:00,107.41,107.41,107.41,107.41,300.0
2024-10-15 10:52:00,107.4,107.4,107.4,107.4,250.0
2024-10-15 10:56:00,107.4,107.4,107.4,107.4,231.0
2024-10-15 10:58:00,107.36,107.36,107.36,107.36,254.0
2024-10-15 11:00:00,107.38,107.55,107.36,107.55,8783.0
2024-10-15 11:02:00,107.74,107.79,107.7,107.79,2726.0
2024-10-15 11:06:00,107.65,107.65,107.65,107.65,766.0
2024-10-15 11:08:00,107.62,107.62,107.6,107.6,1373.0
2024-10-15 11:14:00,107.51,107.51,107.51,107.51,243.0
2024-10-15 11:16:00,107.59,107.59,107.59,107.59,363.0
2024-10-15 11:18:00,107.69,107.69,107.69,107.69,2255.0
2024-10-15 11:26:00,107.74,107.76,107.74,107.75,1149.0
2024-10-15 11:28:00,107.7,107.7,107.7,107.7,123.0
2024-10-15 11:30:00,107.65,107.65,107.65,107.65,462.0
2024-10-15 11:32:00,107.75,107.75,107.72,107.72,508.0
2024-10-15 11:36:00,107.71,107.76,107.71,107.76,734.0
2024-10-15 11:38:00,107.77,107.77,107.77,107.77,307.0
2024-10-15 11:40:00,107.73,107.79,107.73,107.79,643.0
2024-10-15 11:42:00,107.77,107.8,107.77,107.8,798.0
2024-10-15 11:44:00,107.89,107.89,107.85,107.85,2279.0
2024-10-15 11:46:00,107.8,107.8,107.8,107.8,169.0
2024-10-15 11:48:00,107.9,107.9,107.82,107.86,2750.0
2024-10-15 11:50:00,107.86,107.86,107.86,107.86,1930.0
2024-10-15 11:58:00,107.73,107.73,107.73,107.73,474.0
2024-10-15 12:00:00,107.8,108.5,107.2062,107.79,30941.0
2024-10-15 12:02:00,107.7348,107.76,107.7348,107.76,614.0
2024-10-15 12:04:00,107.726,107.78,107.726,107.78,626.0
2024-10-15 12:06:00,107.96,107.96,107.96,107.96,754.0
2024-10-15 12:08:00,107.9,107.95,107.8451,107.91,1049.0
2024-10-15 12:10:00,107.9,107.9045,107.9,107.9,1038.0
2024-10-15 12:12:00,107.9879,107.9879,107.9879,107.9879,1349.0
2024-10-15 12:14:00,107.94,107.94,107.9001,107.9001,1112.0
2024-10-15 12:16:00,107.9,107.92,107.9,107.9,6419.0
2024-10-15 12:18:00,107.86,107.88,107.81,107.88,1999.0
2024-10-15 12:20:00,107.9402,107.95,107.91,107.95,1506.0
2024-10-15 12:22:00,107.88,107.88,107.88,107.88,468.0
2024-10-15 12:24:00,107.95,107.95,107.85,107.85,844.0
2024-10-15 12:30:00,107.88,107.88,107.88,107.88,901.0
2024-10-15 12:32:00,107.8501,107.9,107.8501,107.9,1550.0
2024-10-15 12:34:00,107.91,107.91,107.7625,107.7625,1185.0
2024-10-15 12:36:00,107.761,107.761,107.56,107.5811,7746.0
2024-10-15 12:38:00,107.74,107.74,107.72,107.72,1774.0
2024-10-15 12:40:00,107.868,107.868,107.51,107.51,5381.0
2024-10-15 12:42:00,107.58,107.58,107.58,107.58,593.0
2024-10-15 12:44:00,107.56,107.56,107.55,107.55,1797.0
2024-10-15 12:46:00,107.58,107.737,107.5503,107.737,180894.0
2024-10-15 12:48:00,107.59,107.6455,107.5506,107.5506,2526.0
2024-10-15 12:50:00,107.6462,107.6462,107.56,107.56,1389.0
2024-10-15 12:52:00,107.5608,107.5608,107.5608,107.5608,210.0
2024-10-15 12:54:00,107.74,107.75,107.74,107.75,1797.0
2024-10-15 12:56:00,107.75,107.8,107.6663,107.6663,1167.0
2024-10-15 12:58:00,107.76,107.77,107.76,107.77,301.0
2024-10-15 13:00:00,107.81,107.97,107.81,107.89,2811.0
2024-10-15 13:02:00,107.87,108.09,107.83,108.09,3466.0
2024-10-15 13:04:00,108.1,108.14,107.9871,108.135,2296.0
2024-10-15 13:06:00,108.1217,108.13,108.12,108.12,3521.0
2024-10-15 13:08:00,108.12,108.12,108.0,108.0,9035.0
2024-10-15 13:10:00,108.0,108.0,107.86,107.89,4190.0
2024-10-15 13:12:00,107.9,107.93,107.9,107.92,2259.0
2024-10-15 13:14:00,107.92,107.92,107.92,107.92,2226.0
2024-10-15 13:16:00,107.86,107.87,107.83,107.8387,1508.0
2024-10-15 13:18:00,107.84,107.84,107.7801,107.83,2188.0
2024-10-15 13:20:00,107.812,107.95,107.81,107.95,1044.0
2024-10-15 13:22:00,107.8346,107.89,107.8346,107.89,548.0
2024-10-15 13:24:00,107.95,108.08,107.95,107.97,4181.0
2024-10-15 13:26:00,108.0,108.0,107.78,107.8,3951.0
2024-10-15 13:28:00,107.8631,108.04,107.85,107.85,2577.0
2024-10-15 13:30:00,107.86,109.14,107.83,109.06,546000.0
2024-10-15 13:32:00,109.0,109.49,108.7,109.09,258956.0
2024-10-15 13:34:00,109.06,109.49,108.96,109.325,179782.0
2024-10-15 13:36:00,109.31,109.31,108.69,108.74,146528.0
2024-10-15 13:38:00,108.76,108.85,108.3801,108.39,119031.0
2024-10-15 13:40:00,108.39,108.58,108.24,108.44,92691.0
2024-10-15 13:42:00,108.45,108.53,108.19,108.32,78352.0
2024-10-15 13:44:00,108.32,108.66,108.2601,108.605,84898.0
2024-10-15 13:46:00,108.6,108.605,108.099,108.19,150906.0
2024-10-15 13:48:00,108.2,108.43,108.12,108.13,67310.0
2024-10-15 13:50:00,108.12,108.1499,107.91,107.95,94498.0
2024-10-15 13:52:00,107.95,107.95,107.546451,107.67,156450.0
2024-10-15 13:54:00,107.68,107.83,107.56,107.82,130216.0
2024-10-15 13:56:00,107.828,107.828,107.555228,107.6655,70552.0
2024-10-15 13:58:00,107.66,107.75,107.45,107.56,162760.0
2024-10-15 14:00:00,107.58,107.66,107.4013,107.44,107086.0
2024-10-15 14:02:00,107.42,107.694,107.41,107.67,130894.0
2024-10-15 14:04:00,107.67,107.93,107.61,107.75,138213.0
2024-10-15 14:06:00,107.76,107.9,107.71,107.8191,64080.0
2024-10-15 14:08:00,107.78,107.81,107.66,107.66,53402.0
2024-10-15 14:10:00,107.65,107.65,107.21,107.44,159030.0
2024-10-15 14:12:00,107.44,107.45,107.05,107.095,116682.0
2024-10-15 14:14:00,107.09,107.0981,106.6,106.65,249974.0
2024-10-15 14:16:00,106.645,106.7109,106.47,106.47,227922.0
2024-10-15 14:18:00,106.47,106.52,106.255,106.365,168783.0
2024-10-15 14:20:00,106.37,106.4899,105.98,106.43,271545.0
2024-10-15 14:22:00,106.43,106.45,106.1301,106.1654,92194.0
2024-10-15 14:24:00,106.165,106.35,106.15,106.21,77012.0
2024-10-15 14:26:00,106.22,106.3598,106.1484,106.29,90449.0
2024-10-15 14:28:00,106.31,106.325,105.3802,105.41,262070.0
2024-10-15 14:30:00,105.39,105.45,104.6,105.17,329152.0
2024-10-15 14:32:00,105.11,105.27,104.42,104.49,227662.0
2024-10-15 14:34:00,104.485,104.61,104.0735,104.185,297031.0
2024-10-15 14:36:00,104.15,104.15,103.34,103.42,553446.0
2024-10-15 14:38:00,103.36,103.81,103.0,103.331,281670.0
2024-10-15 14:40:00,103.35,103.59,102.71,103.54,342845.0
2024-10-15 14:42:00,103.56,103.86,103.35,103.7,177523.0
2024-10-15 14:44:00,103.691,104.0399,103.49,103.84,261363.0
2024-10-15 14:46:00,103.81,104.35,103.81,104.2706,242743.0
2024-10-15 14:48:00,104.29,104.665,104.24,104.665,194974.0
2024-10-15 14:50:00,104.62,104.98,104.59,104.77,207273.0
2024-10-15 14:52:00,104.76,104.89,104.485785,104.8495,120028.0
2024-10-15 14:54:00,104.85,105.0,104.75,104.8799,118452.0
2024-10-15 14:56:00,104.8501,104.92,104.6296,104.7,100533.0
2024-10-15 14:58:00,104.65,104.748,104.52,104.6442,111441.0
2024-10-15 15:00:00,104.6453,104.79,104.4401,104.64,70274.0
2024-10-15 15:02:00,104.65,104.76,104.45,104.6317,125852.0
2024-10-15 15:04:00,104.61,104.7,104.48,104.55,54492.0
2024-10-15 15:06:00,104.53,104.56,104.254,104.31,100560.0
2024-10-15 15:08:00,104.26,104.45,104.11,104.18,99583.0
2024-10-15 15:10:00,104.2,104.69,104.12,104.63,106845.0
2024-10-15 15:12:00,104.62,104.8,104.42,104.72,90463.0
2024-10-15 15:14:00,104.7424,105.2,104.71,105.1999,123238.0
2024-10-15 15:16:00,105.185,105.29,105.1,105.29,112472.0
2024-10-15 15:18:00,105.28,105.3,105.0,105.045,142287.0
2024-10-15 15:20:00,105.045,105.205,105.0,105.04,57584.0
2024-10-15 15:22:00,105.04,105.19,104.94,105.165,61214.0
2024-10-15 15:24:00,105.1799,105.21,105.025,105.06,66930.0
2024-10-15 15:26:00,105.0101,105.14,104.8902,105.1,45144.0
2024-10-15 15:28:00,105.11,105.13,104.93,105.03,41872.0
2024-10-15 15:30:00,105.04,105.25,104.99,105.25,73589.0
2024-10-15 15:32:00,105.25,105.53,105.25,105.41,131574.0
2024-10-15 15:34:00,105.41,105.57,105.25,105.28,66390.0
2024-10-15 15:36:00,105.27,105.57,105.24,105.5,87506.0
2024-10-15 15:38:00,105.45,105.45,105.1604,105.1845,51551.0
2024-10-15 15:40:00,105.19,105.19,104.96,104.97,62448.0
2024-10-15 15:42:00,104.95,105.22,104.82,105.22,57924.0
2024-10-15 15:44:00,105.212,105.32,105.07,105.2,73726.0
2024-10-15 15:46:00,105.25,105.35,105.17,105.28,54140.0
2024-10-15 15:48:00,105.29,105.36,105.14,105.23,45358.0
2024-10-15 15:50:00,105.2279,105.415,105.215,105.29,33679.0
2024-10-15 15:52:00,105.27,105.27,105.15,105.15,22081.0
2024-10-15 15:54:00,105.13,105.18,105.0301,105.06,41639.0
2024-10-15 15:56:00,105.05,105.19,105.01,105.06,39133.0
2024-10-15 15:58:00,105.06,105.13,105.01,105.08,28622.0
2024-10-15 16:00:00,105.1,105.1116,104.945,104.96,67817.0
2024-10-15 16:02:00,104.95,104.95,104.75,104.88,55287.0
2024-10-15 16:04:00,104.86,104.9,104.72,104.75,35834.0
2024-10-15 16:06:00,104.78,104.95,104.71,104.93,48731.0
2024-10-15 16:08:00,104.92,104.99,104.898,104.96,31654.0
2024-10-15 16:10:00,104.975,105.1399,104.93,105.1,39166.0
2024-10-15 16:12:00,105.08,105.15,104.95,105.07,34433.0
2024-10-15 16:14:00,105.0699,105.16,105.05,105.1,45612.0
2024-10-15 16:16:00,105.1,105.16,105.05,105.12,37941.0
2024-10-15 16:18:00,105.11,105.2301,105.09,105.2301,71249.0
2024-10-15 16:20:00,105.2201,105.25,104.96,104.96,56160.0
2024-10-15 16:22:00,104.96,105.04,104.92,104.9926,41579.0
2024-10-15 16:24:00,104.99,105.22,104.92,105.21,63354.0
2024-10-15 16:26:00,105.19,105.25,105.14,105.1521,43038.0
2024-10-15 16:28:00,105.18,105.34,105.14,105.33,54925.0
2024-10-15 16:30:00,105.335,105.37,105.23,105.31,44881.0
2024-10-15 16:32:00,105.29,105.3498,105.24,105.33,27289.0
2024-10-15 16:34:00,105.325,105.455,105.31,105.45,46517.0
2024-10-15 16:36:00,105.46,105.57,105.43,105.56,90123.0
2024-10-15 16:38:00,105.56,105.7,105.52,105.59,91233.0
2024-10-15 16:40:00,105.5901,105.6178,105.17,105.24,91886.0
2024-10-15 16:42:00,105.24,105.2599,105.02,105.03,86018.0
2024-10-15 16:44:00,105.04,105.06,104.915,104.99,93873.0
2024-10-15 16:46:00,104.9977,105.07,104.8701,104.88,51771.0
2024-10-15 16:48:00,104.87,104.9598,104.81,104.896,63234.0
2024-10-15 16:50:00,104.9,104.94,104.7207,104.85,53539.0
2024-10-15 16:52:00,104.8507,104.87,104.71,104.75,33262.0
2024-10-15 16:54:00,104.75,104.77,104.67,104.735,37451.0
2024-10-15 16:56:00,104.73,104.73,104.55,104.585,59738.0
2024-10-15 16:58:00,104.58,104.67,104.56,104.592,57805.0
2024-10-15 17:00:00,104.6099,104.67,104.55,104.6199,32037.0
2024-10-15 17:02:00,104.6,104.82,104.6,104.82,52467.0
2024-10-15 17:04:00,104.81,104.81,104.55,104.56,29765.0
2024-10-15 17:06:00,104.56,104.62,104.42,104.49,84641.0
2024-10-15 17:08:00,104.4999,104.52,104.35,104.37,48997.0
2024-10-15 17:10:00,104.36,104.4,104.27,104.32,67176.0
2024-10-15 17:12:00,104.32,104.4899,104.28,104.475,71120.0
2024-10-15 17:14:00,104.475,104.605,104.44,104.48,61358.0
2024-10-15 17:16:00,104.47,104.4899,104.38,104.3801,35229.0
2024-10-15 17:18:00,104.34,104.42,104.225,104.42,47914.0
2024-10-15 17:20:00,104.41,104.4699,104.36,104.41,43938.0
2024-10-15 17:22:00,104.41,104.515,104.41,104.42,25057.0
2024-10-15 17:24:00,104.42,104.43,104.34,104.4,34466.0
2024-10-15 17:26:00,104.38,104.4799,104.34,104.3546,29418.0
2024-10-15 17:28:00,104.36,104.37,104.26,104.345,59182.0
2024-10-15 17:30:00,104.29,104.3399,104.24,104.305,26911.0
2024-10-15 17:32:00,104.32,104.51,104.3,104.308,49337.0
2024-10-15 17:34:00,104.3061,104.31,104.14,104.1729,59574.0
2024-10-15 17:36:00,104.1638,104.26,104.12,104.2,53249.0
2024-10-15 17:38:00,104.2,104.46,104.2,104.415,50843.0
2024-10-15 17:40:00,104.42,104.475,104.3,104.3369,50132.0
2024-10-15 17:42:00,104.33,104.49,104.3,104.43,51229.0
2024-10-15 17:44:00,104.4101,104.45,104.305,104.42,67074.0
2024-10-15 17:46:00,104.43,104.58,104.43,104.5601,75134.0
2024-10-15 17:48:00,104.5501,104.56,104.34,104.3601,66998.0
2024-10-15 17:50:00,104.38,104.42,104.24,104.3,57280.0
2024-10-15 17:52:00,104.28,104.282,104.151,104.215,33170.0
2024-10-15 17:54:00,104.23,104.38,104.23,104.33,40108.0
2024-10-15 17:56:00,104.325,104.395,104.2249,104.26,26691.0
2024-10-15 17:58:00,104.23,104.34,104.2,104.21,38302.0
2024-10-15 18:00:00,104.21,104.29,104.18,104.29,56809.0
2024-10-15 18:02:00,104.26,104.52,104.26,104.5,82955.0
2024-10-15 18:04:00,104.52,104.618,104.4578,104.51,97801.0
2024-10-15 18:06:00,104.52,104.6,104.43,104.49,50968.0
2024-10-15 18:08:00,104.5,104.6099,104.43,104.445,46467.0
2024-10-15 18:10:00,104.43,104.465,104.31,104.37,60599.0
2024-10-15 18:12:00,104.36,104.37,104.2276,104.315,30043.0
2024-10-15 18:14:00,104.31,104.31,104.19,104.2,35051.0
2024-10-15 18:16:00,104.19,104.27,104.11,104.27,89974.0
2024-10-15 18:18:00,104.26,104.3,104.1791,104.208,41743.0
2024-10-15 18:20:00,104.2,104.43,104.2,104.43,66881.0
2024-10-15 18:22:00,104.42,104.55,104.4,104.485,58185.0
2024-10-15 18:24:00,104.51,104.62,104.51,104.55,44365.0
2024-10-15 18:26:00,104.55,104.685,104.54,104.55,64812.0
2024-10-15 18:28:00,104.55,104.74,104.5376,104.71,97301.0
2024-10-15 18:30:00,104.71,104.96,104.6854,104.87,111931.0
2024-10-15 18:32:00,104.875,104.89,104.78,104.882,90700.0
2024-10-15 18:34:00,104.884136,104.89,104.8,104.845,34417.0
2024-10-15 18:36:00,104.845,104.8494,104.76,104.79,54421.0
2024-10-15 18:38:00,104.795,104.81,104.65,104.79,49851.0
2024-10-15 18:40:00,104.81,104.84,104.72,104.745,36927.0
2024-10-15 18:42:00,104.73,104.83,104.7,104.82,43476.0
2024-10-15 18:44:00,104.83,104.8899,104.6998,104.6998,62255.0
2024-10-15 18:46:00,104.71,104.7546,104.69,104.7,30280.0
2024-10-15 18:48:00,104.7,104.7406,104.625,104.665,40887.0
2024-10-15 18:50:00,104.66,104.695,104.6434,104.687,27211.0
2024-10-15 18:52:00,104.68,104.84,104.68,104.819,59647.0
2024-10-15 18:54:00,104.815,104.85,104.705,104.7199,37054.0
2024-10-15 18:56:00,104.71,104.715,104.58,104.605,45812.0
2024-10-15 18:58:00,104.6,104.65,104.55,104.6,52994.0
2024-10-15 19:00:00,104.61,104.64,104.4801,104.4801,40329.0
2024-10-15 19:02:00,104.485,104.55,104.4,104.44,61570.0
2024-10-15 19:04:00,104.4228,104.435,104.2067,104.25,87728.0
2024-10-15 19:06:00,104.23,104.245,103.825,103.8501,180306.0
2024-10-15 19:08:00,103.86,104.02,103.65,103.78,162468.0
2024-10-15 19:10:00,103.79,104.0,103.785,103.81,77038.0
2024-10-15 19:12:00,103.81,103.8598,103.65,103.68,77901.0
2024-10-15 19:14:00,103.6716,103.725,103.6,103.6,104364.0
2024-10-15 19:16:00,103.5996,103.7718,103.59,103.69,82043.0
2024-10-15 19:18:00,103.69,103.7092,103.58,103.64,68254.0
2024-10-15 19:20:00,103.65,103.74,103.57,103.7001,104492.0
2024-10-15 19:22:00,103.71,103.87,103.66,103.83,84717.0
2024-10-15 19:24:00,103.8576,103.8576,103.71,103.79,78310.0
2024-10-15 19:26:00,103.79,103.8,103.6199,103.72,106401.0
2024-10-15 19:28:00,103.72,103.722,103.5603,103.62,74513.0
2024-10-15 19:30:00,103.62,103.745,103.62,103.69,112892.0
2024-10-15 19:32:00,103.69,103.705,103.54,103.5404,99395.0
2024-10-15 19:34:00,103.54,103.585,103.5026,103.55,77872.0
2024-10-15 19:36:00,103.55,103.63,103.475,103.59,109712.0
2024-10-15 19:38:00,103.585,103.77,103.57,103.695,90472.0
2024-10-15 19:40:00,103.695,103.9299,103.695,103.89,117446.0
2024-10-15 19:42:00,103.89,104.005,103.87,103.9,100061.0
2024-10-15 19:44:00,103.9,103.96,103.87,103.9,81682.0
2024-10-15 19:46:00,103.9,103.985,103.85,103.965,94284.0
2024-10-15 19:48:00,103.965,104.09,103.965,104.0899,107643.0
2024-10-15 19:50:00,104.09,104.266,104.05,104.12,200056.0
2024-10-15 19:52:00,104.12,104.3299,104.085,104.305,183274.0
2024-10-15 19:54:00,104.31,104.46,104.03,104.14,280666.0
2024-10-15 19:56:00,104.135,104.44,104.13,104.32,252585.0
2024-10-15 19:58:00,104.32,104.4225,104.26,104.34,578310.0
2024-10-15 20:00:00,104.32,104.35,104.26,104.3,79195.0
2024-10-15 20:02:00,104.3,104.3,104.24,104.24,27154.0
2024-10-15 20:04:00,104.28,104.32,104.0,104.1,31581.0
2024-10-15 20:06:00,104.15,104.24,104.15,104.24,1371.0
2024-10-15 20:08:00,104.2335,104.24,104.2335,104.24,10402.0
2024-10-15 20:10:00,104.24,104.26,104.24,104.259,15642.0
2024-10-15 20:12:00,104.24,104.26,104.24,104.26,749.0
2024-10-15 20:14:00,104.25,104.25,104.25,104.25,848.0
2024-10-15 20:16:00,104.25,104.25,104.23,104.23,1837.0
2024-10-15 20:18:00,104.13,104.18,104.13,104.13,1618.0
2024-10-15 20:20:00,104.132,104.32,104.132,104.2463,2081.0
2024-10-15 20:22:00,104.1624,104.25,104.1613,104.22,710.0
2024-10-15 20:24:00,104.32,104.32,104.25,104.25,659.0
2024-10-15 20:26:00,104.2523,104.2701,104.252,104.2701,916.0
2024-10-15 20:28:00,104.2595,104.2595,104.208,104.24,1465.0
2024-10-15 20:30:00,104.22,104.22,104.16,104.21,2118.0
2024-10-15 20:32:00,104.1346,104.1346,104.1346,104.1346,221.0
2024-10-15 20:34:00,104.082,104.082,104.082,104.082,184.0
2024-10-15 20:36:00,104.15,104.15,104.15,104.15,389.0
2024-10-15 20:38:00,104.17,104.21,104.13,104.19,2124.0
2024-10-15 20:40:00,104.2225,104.2691,104.2225,104.2691,966.0
2024-10-15 20:42:00,104.25,104.25,104.25,104.25,224.0
2024-10-15 20:44:00,104.23,104.23,104.1301,104.14,3177.0
2024-10-15 20:48:00,104.1608,104.1608,104.07,104.07,1975.0
2024-10-15 20:50:00,104.1287,104.14,104.1287,104.13,1930.0
2024-10-15 20:54:00,104.32,104.32,104.32,104.32,226126.0
2024-10-15 20:56:00,104.11,104.17,104.11,104.17,1761.0
2024-10-15 20:58:00,104.13,104.13,104.13,104.13,283.0
2024-10-15 21:02:00,104.13,104.13,104.07,104.07,2719.0
2024-10-15 21:04:00,104.05,104.0707,104.05,104.0501,1770.0
2024-10-15 21:06:00,104.0014,104.01,103.95,103.99,4041.0
2024-10-15 21:08:00,103.9,103.92,103.8755,103.91,984.0
2024-10-15 21:10:00,103.87,103.91,103.87,103.9,2711.0
2024-10-15 21:12:00,103.91,103.95,103.89,103.95,819.0
2024-10-15 21:14:00,103.893,103.95,103.89,103.89,2714.0
2024-10-15 21:16:00,103.8045,103.8305,103.8,103.8305,5990.0
2024-10-15 21:18:00,103.8302,103.8302,103.8302,103.8302,2642.0
2024-10-15 21:20:00,103.84,103.84,103.8,103.8,2055.0
2024-10-15 21:22:00,103.816,103.82,103.7535,103.754,2222.0
2024-10-15 21:24:00,103.8,103.8,103.7782,103.7782,419.0
2024-10-15 21:26:00,103.81,103.81,103.759,103.759,783.0
2024-10-15 21:28:00,103.77,103.84,103.77,103.81,2690.0
2024-10-15 21:30:00,103.75,103.84,103.75,103.75,1216.0
2024-10-15 21:32:00,103.75,103.75,103.716,103.716,1913.0
2024-10-15 21:34:00,103.75,103.75,103.74,103.74,1362.0
2024-10-15 21:38:00,103.84,103.84,103.84,103.84,676.0
2024-10-15 21:42:00,103.77,103.8,103.77,103.8,645.0
2024-10-15 21:44:00,103.8195,103.8195,103.819,103.819,602.0
2024-10-15 21:46:00,103.801,103.8196,103.801,103.8196,432.0
2024-10-15 21:48:00,103.8185,103.82,103.8185,103.82,606.0
2024-10-15 21:50:00,103.82,103.84,103.82,103.84,1587.0
2024-10-15 21:52:00,103.82,103.84,103.82,103.84,312.0
2024-10-15 21:54:00,103.75,103.84,103.75,103.84,439.0
2024-10-15 21:56:00,103.83,103.84,103.82,103.84,1370.0
2024-10-15 21:58:00,103.85,103.9,103.84,103.9,1365.0
2024-10-15 22:00:00,103.8982,103.9,103.85,103.85,4569.0
2024-10-15 22:04:00,103.84,103.84,103.79,103.79,568.0
2024-10-15 22:06:00,103.8375,103.8375,103.8375,103.8375,114.0
2024-10-15 22:08:00,103.81,103.81,103.81,103.81,1613.0
2024-10-15 22:10:00,103.84,103.84,103.84,103.84,597.0
2024-10-15 22:12:00,103.84,103.84,103.84,103.84,996.0
2024-10-15 22:14:00,103.84,103.84,103.786,103.786,1274.0
2024-10-15 22:16:00,103.85,103.87,103.85,103.86,1535.0
2024-10-15 22:18:00,103.82,103.82,103.82,103.82,353.0
2024-10-15 22:20:00,103.89,103.89,103.89,103.89,321.0
2024-10-15 22:22:00,103.92,103.961,103.92,103.961,251.0
2024-10-15 22:24:00,103.98,103.98,103.96,103.98,1594.0
2024-10-15 22:26:00,104.03,104.03,104.03,104.03,243.0
2024-10-15 22:28:00,104.06,104.06,104.0465,104.0465,500.0
2024-10-15 22:30:00,104.05,104.0999,103.99,103.99,1055.0
2024-10-15 22:32:00,104.08,104.09,104.08,104.09,260.0
2024-10-15 22:34:00,104.1,104.1,104.1,104.1,283.0
2024-10-15 22:38:00,104.15,104.15,104.15,104.15,294.0
2024-10-15 22:40:00,104.19,104.19,104.19,104.19,209.0
2024-10-15 22:42:00,104.1,104.1,104.1,104.1,165.0
2024-10-15 22:44:00,104.0413,104.0413,104.0413,104.0413,862.0
2024-10-15 22:46:00,104.045,104.05,104.045,104.05,595.0
2024-10-15 22:48:00,104.1091,104.1091,104.1091,104.1091,480.0
2024-10-15 22:52:00,104.08,104.09,104.08,104.09,486.0
2024-10-15 22:54:00,104.19,104.19,104.19,104.19,419.0
2024-10-15 22:56:00,104.15,104.19,104.15,104.19,865.0
2024-10-15 22:58:00,104.16,104.16,104.16,104.16,637.0
2024-10-15 23:00:00,104.2,104.2,104.18,104.18,2448.0
2024-10-15 23:02:00,104.28,104.28,104.2783,104.28,1539.0
2024-10-15 23:04:00,104.295,104.295,104.295,104.295,377.0
2024-10-15 23:06:00,104.2006,104.3,104.2006,104.25,890.0
2024-10-15 23:10:00,104.25,104.3,104.25,104.25,2237.0
2024-10-15 23:12:00,104.25,104.3,104.25,104.2525,1554.0
2024-10-15 23:14:00,104.29,104.32,104.29,104.32,3137.0
2024-10-15 23:20:00,104.324,104.324,104.324,104.324,500.0
2024-10-15 23:24:00,104.44,104.46,104.44,104.46,601.0
2024-10-15 23:26:00,104.44,104.5,104.44,104.5,1276.0
2024-10-15 23:28:00,104.51,104.51,104.5,104.5035,1532.0
2024-10-15 23:30:00,104.5113,104.57,104.5113,104.57,2111.0
2024-10-15 23:32:00,104.57,104.63,104.57,104.63,580.0
2024-10-15 23:34:00,104.6496,104.6496,104.57,104.58,7043.0
2024-10-15 23:36:00,104.59,104.65,104.57,104.5773,1515.0
2024-10-15 23:38:00,104.67,104.67,104.65,104.65,1106.0
2024-10-15 23:40:00,104.5731,104.58,104.57,104.574,2082.0
2024-10-15 23:42:00,104.5991,104.6,104.5991,104.6,795.0
2024-10-15 23:44:00,104.65,104.65,104.6,104.6025,741.0
2024-10-15 23:46:00,104.6025,104.7,104.6025,104.7,2276.0
2024-10-15 23:48:00,104.749,104.749,104.6,104.6,2764.0
2024-10-15 23:50:00,104.7,104.74,104.69,104.74,3133.0
2024-10-15 23:52:00,104.69,104.69,104.5902,104.5902,1114.0
2024-10-15 23:54:00,104.67,104.67,104.575,104.575,1080.0
2024-10-15 23:56:00,104.65,104.67,104.5,104.67,4263.0
2024-10-15 23:58:00,104.67,104.69,104.5095,104.69,2328.0
2024-10-16 08:00:00,104.3,104.31,104.25,104.27,1642.0
2024-10-16 08:02:00,104.32,104.44,104.32,104.41,3319.0
2024-10-16 08:06:00,104.4,104.4,104.37,104.37,555.0
2024-10-16 08:10:00,104.39,104.39,104.39,104.39,405.0
2024-10-16 08:12:00,104.45,104.45,104.45,104.45,144.0
2024-10-16 08:16:00,104.21,104.21,104.21,104.21,295.0
2024-10-16 08:20:00,104.2,104.2,104.2,104.2,476.0
2024-10-16 08:22:00,104.1,104.1,104.1,104.1,474.0
2024-10-16 08:24:00,104.0,104.0,103.95,103.95,952.0
2024-10-16 08:30:00,104.0,104.0,103.93,103.93,300.0
2024-10-16 08:42:00,104.0,104.0,104.0,104.0,188.0
2024-10-16 08:50:00,104.13,104.13,104.13,104.13,204.0
2024-10-16 08:52:00,104.14,104.14,104.14,104.14,384.0
2024-10-16 08:56:00,104.2,104.2,104.2,104.2,245.0
2024-10-16 09:02:00,104.25,104.25,104.12,104.12,716.0
2024-10-16 09:06:00,104.28,104.28,104.03,104.03,718.0
2024-10-16 09:08:00,104.27,104.45,104.27,104.45,1927.0
2024-10-16 09:12:00,104.49,104.49,104.49,104.49,212.0
2024-10-16 09:14:00,104.55,104.55,104.55,104.55,448.0
2024-10-16 09:20:00,104.64,104.64,104.63,104.63,1051.0
2024-10-16 09:48:00,104.38,104.38,104.38,104.38,1128.0
2024-10-16 09:54:00,104.32,104.32,104.32,104.32,243.0
2024-10-16 10:04:00,104.37,104.37,104.37,104.37,100.0
2024-10-16 10:06:00,104.38,104.38,104.38,104.38,355.0
2024-10-16 10:12:00,104.38,104.38,104.38,104.38,151.0
2024-10-16 10:14:00,104.34,104.34,104.34,104.34,138.0
2024-10-16 10:18:00,104.35,104.4,104.35,104.4,442.0
2024-10-16 10:28:00,104.55,104.55,104.55,104.55,315.0
2024-10-16 10:30:00,104.6,104.65,104.6,104.65,1000.0
2024-10-16 10:32:00,104.61,104.65,104.61,104.62,1000.0
2024-10-16 10:40:00,104.69,104.7,104.69,104.7,1150.0
2024-10-16 10:46:00,104.8,104.8,104.8,104.8,871.0
2024-10-16 10:52:00,104.86,104.86,104.82,104.82,601.0
2024-10-16 10:54:00,104.85,104.85,104.8,104.8,2001.0
2024-10-16 11:00:00,104.85,104.85,104.8,104.8,1329.0
2024-10-16 11:06:00,104.73,104.73,104.73,104.73,1229.0
2024-10-16 11:08:00,104.84,104.91,104.84,104.85,2086.0
2024-10-16 11:10:00,104.84,104.84,104.84,104.84,733.0
2024-10-16 11:12:00,104.76,104.95,104.76,104.95,1502.0
2024-10-16 11:14:00,104.95,105.07,104.95,105.07,2634.0
2024-10-16 11:18:00,104.95,105.19,104.95,105.19,2413.0
2024-10-16 11:20:00,105.12,105.12,105.06,105.06,666.0
2024-10-16 11:22:00,105.05,105.12,105.05,105.1,905.0
2024-10-16 11:24:00,105.1,105.1,105.1,105.1,505.0
2024-10-16 11:26:00,105.1,105.15,105.1,105.15,1375.0
2024-10-16 11:28:00,105.18,105.18,105.18,105.18,336.0
2024-10-16 11:30:00,105.26,105.32,105.25,105.32,1493.0
2024-10-16 11:32:00,105.15,105.15,105.15,105.15,267.0
2024-10-16 11:34:00,105.15,105.2,105.15,105.2,964.0
2024-10-16 11:36:00,105.15,105.15,105.15,105.15,364.0
2024-10-16 11:38:00,105.15,105.15,105.12,105.12,1683.0
2024-10-16 11:40:00,105.06,105.06,105.0,105.0,1947.0
2024-10-16 11:46:00,105.22,105.24,105.21,105.21,670.0
2024-10-16 11:48:00,105.14,105.2,105.09,105.09,780.0
2024-10-16 11:50:00,105.1,105.1,105.05,105.05,796.0
2024-10-16 11:52:00,105.07,105.07,105.07,105.07,238.0
2024-10-16 11:54:00,105.07,105.07,105.07,105.07,138.0
2024-10-16 11:56:00,105.14,105.16,105.14,105.16,1746.0
2024-10-16 12:00:00,105.1,105.35,104.33,105.24,35783.0
2024-10-16 12:02:00,105.22,105.3986,105.22,105.3934,5224.0
2024-10-16 12:04:00,105.4,105.4,105.29,105.29,869.0
2024-10-16 12:06:00,105.3,105.3,105.2953,105.2953,441.0
2024-10-16 12:08:00,105.25,105.25,105.25,105.25,652.0
2024-10-16 12:10:00,105.3925,105.3925,105.22,105.22,5332.0
2024-10-16 12:12:00,105.13,105.13,105.13,105.13,411.0
2024-10-16 12:14:00,105.16,105.2,105.15,105.2,1144.0
2024-10-16 12:16:00,105.19,105.19,105.16,105.19,593.0
2024-10-16 12:18:00,105.14,105.23,105.14,105.23,1354.0
2024-10-16 12:20:00,105.075,105.25,105.0405,105.0405,1796.0
2024-10-16 12:22:00,105.1748,105.18,105.1748,105.18,1332.0
2024-10-16 12:24:00,105.2,105.2,105.2,105.2,296.0
2024-10-16 12:26:00,105.212,105.2187,105.212,105.2187,1033.0
2024-10-16 12:28:00,105.1535,105.19,105.15,105.17,2376.0
2024-10-16 12:30:00,105.24,105.24,105.18,105.23,1770.0
2024-10-16 12:32:00,105.24,105.34,105.15,105.15,3646.0
2024-10-16 12:34:00,105.39,105.39,105.28,105.28,962.0
2024-10-16 12:36:00,105.3189,105.3189,105.3189,105.3189,1398.0
2024-10-16 12:38:00,105.2,105.2,105.2,105.2,383.0
2024-10-16 12:40:00,105.29,105.29,105.29,105.29,685.0
2024-10-16 12:42:00,105.2,105.2,105.15,105.15,2747.0
2024-10-16 12:44:00,105.1,105.1,105.1,105.1,706.0
2024-10-16 12:46:00,105.156,105.156,105.12,105.12,1279.0
2024-10-16 12:48:00,105.18,105.3,105.1575,105.16,3502.0
2024-10-16 12:50:00,105.3,105.48,105.3,105.48,3188.0
2024-10-16 12:52:00,105.45,105.6182,105.45,105.55,3491.0
2024-10-16 12:54:00,105.61,105.61,105.48,105.5098,5456.0
2024-10-16 12:56:00,105.4,105.4,105.4,105.4,408.0
2024-10-16 12:58:00,105.47,105.5,105.45,105.45,1508.0
2024-10-16 13:00:00,105.5,105.51,105.48,105.5,3781.0
2024-10-16 13:02:00,105.5,105.61,105.5,105.61,7589.0
2024-10-16 13:04:00,105.61,105.67,105.5962,105.66,5693.0
2024-10-16 13:06:00,105.7,105.7,105.63,105.63,1457.0
2024-10-16 13:08:00,105.65,105.688,105.65,105.65,5677.0
2024-10-16 13:10:00,105.65,105.91,105.65,105.91,12150.0
2024-10-16 13:12:00,105.9,106.09,105.9,105.92,13974.0
2024-10-16 13:14:00,106.0,106.08,105.9,105.92,4605.0
2024-10-16 13:16:00,105.97,105.97,105.9,105.9045,3034.0
2024-10-16 13:18:00,105.9,105.9,105.6173,105.6173,5662.0
2024-10-16 13:20:00,105.69,105.813,105.6511,105.75,4108.0
2024-10-16 13:22:00,105.8355,105.8355,105.65,105.7,6009.0
2024-10-16 13:24:00,105.75,106.05,105.75,106.05,6189.0
2024-10-16 13:26:00,105.99,106.07,105.86,105.9,3266.0
2024-10-16 13:28:00,105.98,106.07,105.97,106.04,6069.0
2024-10-16 13:30:00,106.02,107.1599,105.81,105.8895,758260.0
2024-10-16 13:32:00,105.9,106.65,105.61,106.62,252092.0
2024-10-16 13:34:00,106.64,106.65,105.89,105.98,186641.0
2024-10-16 13:36:00,106.01,106.25,105.71,106.225,138560.0
2024-10-16 13:38:00,106.2025,106.48,106.124,106.185,107746.0
2024-10-16 13:40:00,106.19,106.9493,106.18,106.85,222056.0
2024-10-16 13:42:00,106.88,106.98,106.57,106.97,159126.0
2024-10-16 13:44:00,106.95,106.9624,106.12,106.18,177488.0
2024-10-16 13:46:00,106.15,106.43,105.8493,106.335,168676.0
2024-10-16 13:48:00,106.305,106.81,106.27,106.8,123445.0
2024-10-16 13:50:00,106.82,106.9289,106.508,106.76,142092.0
2024-10-16 13:52:00,106.77,106.8,106.5,106.65,95266.0
2024-10-16 13:54:00,106.66,107.1,106.62,107.04,200459.0
2024-10-16 13:56:00,107.04,107.04,106.72,106.89,119936.0
2024-10-16 13:58:00,106.87,107.16,106.8209,106.99,211083.0
2024-10-16 14:00:00,107.01,107.18,106.59,106.64,161149.0
2024-10-16 14:02:00,106.64,106.8099,106.4501,106.77,180168.0
2024-10-16 14:04:00,106.8,106.96,106.3801,106.6098,106658.0
2024-10-16 14:06:00,106.595,106.69,106.4956,106.56,65985.0
2024-10-16 14:08:00,106.56,106.79,106.386,106.79,135752.0
2024-10-16 14:10:00,106.78,107.08,106.71,107.04,114421.0
2024-10-16 14:12:00,107.02,107.49,106.94,107.46,224466.0
2024-10-16 14:14:00,107.475,107.68,107.36,107.68,185666.0
2024-10-16 14:16:00,107.69,107.86,107.63,107.8499,250379.0
2024-10-16 14:18:00,107.84,108.05,107.66,107.84,242380.0
2024-10-16 14:20:00,107.83,108.2797,107.815,108.17,163962.0
2024-10-16 14:22:00,108.15,108.39,108.05,108.3723,193667.0
2024-10-16 14:24:00,108.3732,108.715,108.3401,108.6,211257.0
2024-10-16 14:26:00,108.61,108.9176,108.6,108.7613,264943.0
2024-10-16 14:28:00,108.75,108.88,108.69,108.85,188160.0
2024-10-16 14:30:00,108.85,108.99,108.51,108.53,196463.0
2024-10-16 14:32:00,108.5524,108.86,108.52,108.59,136548.0
2024-10-16 14:34:00,108.58,108.64,108.37,108.37,127267.0
2024-10-16 14:36:00,108.376,108.4599,108.13,108.19,136798.0
2024-10-16 14:38:00,108.19,108.2399,107.925,108.005,252733.0
2024-10-16 14:40:00,108.0,108.13,107.81,107.97,108527.0
2024-10-16 14:42:00,107.9803,108.0481,107.7301,107.8518,120397.0
2024-10-16 14:44:00,107.83,108.06,107.77,107.982,81793.0
2024-10-16 14:46:00,107.9999,108.1,107.7803,108.005,89081.0
2024-10-16 14:48:00,108.02,108.32,107.955,108.28,118735.0
2024-10-16 14:50:00,108.2836,108.53,108.18,108.517,120496.0
2024-10-16 14:52:00,108.52,108.535,108.19,108.215,85534.0
2024-10-16 14:54:00,108.195,108.42,108.09,108.315,89790.0
2024-10-16 14:56:00,108.34,108.34,108.15,108.3,63027.0
2024-10-16 14:58:00,108.295,108.4,108.23,108.26,49614.0
2024-10-16 15:00:00,108.29,108.44,108.195,108.43,96530.0
2024-10-16 15:02:00,108.425,108.45,108.3,108.365,58431.0
2024-10-16 15:04:00,108.36,108.6,108.36,108.549,109763.0
2024-10-16 15:06:00,108.55,108.676,108.46,108.53,99957.0
2024-10-16 15:08:00,108.5284,108.79,108.525,108.73,104185.0
2024-10-16 15:10:00,108.72,108.79,108.58,108.76,84539.0
2024-10-16 15:12:00,108.76,108.85,108.71,108.82,163746.0
2024-10-16 15:14:00,108.82,108.87,108.68,108.77,114984.0
2024-10-16 15:16:00,108.7655,108.94,108.76,108.872,110319.0
2024-10-16 15:18:00,108.88,108.95,108.85,108.9488,112705.0
2024-10-16 15:20:00,108.94,109.11,108.9,109.0,206898.0
2024-10-16 15:22:00,109.01,109.01,108.76,108.93,96807.0
2024-10-16 15:24:00,108.915,109.01,108.9,108.98,74087.0
2024-10-16 15:26:00,108.99,109.05,108.95,109.02,55146.0
2024-10-16 15:28:00,109.01,109.0961,109.0,109.06,112123.0
2024-10-16 15:30:00,109.04,109.1,108.862,108.87,88327.0
2024-10-16 15:32:00,108.87,108.88,108.6,108.75,174353.0
2024-10-16 15:34:00,108.75,108.81,108.52,108.555,96486.0
2024-10-16 15:36:00,108.555,108.8,108.51,108.8,64109.0
2024-10-16 15:38:00,108.81,108.9,108.75,108.765,49198.0
2024-10-16 15:40:00,108.76,108.95,108.75,108.9131,80878.0
2024-10-16 15:42:00,108.9111,108.94,108.6602,108.67,35123.0
2024-10-16 15:44:00,108.67,108.681,108.4,108.481,76035.0
2024-10-16 15:46:00,108.48,108.5,108.09,108.11,129208.0
2024-10-16 15:48:00,108.12,108.25,108.0171,108.23,81981.0
2024-10-16 15:50:00,108.2499,108.3,108.11,108.1591,56037.0
2024-10-16 15:52:00,108.15,108.255,108.08,108.16,39537.0
2024-10-16 15:54:00,108.17,108.25,108.15,108.21,46384.0
2024-10-16 15:56:00,108.21,108.22,108.098,108.216466,44793.0
2024-10-16 15:58:00,108.215,108.4199,108.215,108.4199,87027.0
2024-10-16 16:00:00,108.42,108.435,108.215,108.283,38551.0
2024-10-16 16:02:00,108.3,108.4171,108.3,108.35,64448.0
2024-10-16 16:04:00,108.37,108.482,108.33,108.428,34146.0
2024-10-16 16:06:00,108.4,108.47,108.33,108.47,40954.0
2024-10-16 16:08:00,108.48,108.59,108.46,108.515,58600.0
2024-10-16 16:10:00,108.5165,108.65,108.465,108.49,57156.0
2024-10-16 16:12:00,108.4799,108.4799,108.38,108.42,33974.0
2024-10-16 16:14:00,108.3901,108.5,108.3901,108.45,40190.0
2024-10-16 16:16:00,108.46,108.54,108.44,108.515,50115.0
2024-10-16 16:18:00,108.51,108.55,108.47,108.47,29496.0
2024-10-16 16:20:00,108.48,108.57,108.47,108.54,33865.0
2024-10-16 16:22:00,108.5377,108.66,108.5185,108.63,39812.0
2024-10-16 16:24:00,108.6301,108.66,108.475,108.5,67919.0
2024-10-16 16:26:00,108.51,108.585,108.47,108.5802,35268.0
2024-10-16 16:28:00,108.595,108.63,108.33,108.3999,48760.0
2024-10-16 16:30:00,108.406,108.52,108.34,108.45,28077.0
2024-10-16 16:32:00,108.4702,108.59,108.44,108.448,53284.0
2024-10-16 16:34:00,108.4567,108.46,108.4,108.4301,25545.0
2024-10-16 16:36:00,108.435,108.52,108.43,108.4875,20951.0
2024-10-16 16:38:00,108.47,108.52,108.4399,108.4872,32542.0
2024-10-16 16:40:00,108.485,108.55,108.38,108.47,67124.0
2024-10-16 16:42:00,108.48,108.48,108.3444,108.44,48497.0
2024-10-16 16:44:00,108.46,108.56,108.46,108.52,55233.0
2024-10-16 16:46:00,108.51,108.535,108.43,108.46,53284.0
2024-10-16 16:48:00,108.45,108.47,108.35,108.37,26753.0
2024-10-16 16:50:00,108.38,108.472,108.35,108.43,36915.0
2024-10-16 16:52:00,108.4346,108.53,108.37,108.378,31537.0
2024-10-16 16:54:00,108.38,108.52,108.37,108.5069,32994.0
2024-10-16 16:56:00,108.505,108.5897,108.478,108.56,38080.0
2024-10-16 16:58:00,108.5701,108.63,108.56,108.59,47256.0
2024-10-16 17:00:00,108.6,108.68,108.417,108.5,45435.0
2024-10-16 17:02:00,108.49,108.59,108.43,108.5506,56631.0
2024-10-16 17:04:00,108.56,108.588,108.5,108.5501,44224.0
2024-10-16 17:06:00,108.55,108.635,108.5,108.58,44753.0
2024-10-16 17:08:00,108.59,108.64,108.54,108.63,41779.0
2024-10-16 17:10:00,108.62,108.75,108.62,108.64,47645.0
2024-10-16 17:12:00,108.64,108.774,108.61,108.7699,47253.0
2024-10-16 17:14:00,108.76,108.85,108.72,108.83,55433.0
2024-10-16 17:16:00,108.84,108.8976,108.73,108.74,43388.0
2024-10-16 17:18:00,108.75,108.767573,108.65,108.7,26635.0
2024-10-16 17:20:00,108.67,108.71,108.64,108.6698,47499.0
2024-10-16 17:22:00,108.65,108.76,108.64,108.7289,61802.0
2024-10-16 17:24:00,108.7357,108.74,108.548,108.58,30947.0
2024-10-16 17:26:00,108.58,108.685,108.58,108.67,25772.0
2024-10-16 17:28:00,108.67,108.73,108.57,108.61,36756.0
2024-10-16 17:30:00,108.615,108.725,108.61,108.6632,42132.0
2024-10-16 17:32:00,108.66,108.76,108.61,108.74,47051.0
2024-10-16 17:34:00,108.722,108.805,108.71,108.75,47889.0
2024-10-16 17:36:00,108.75,108.76,108.65,108.7,28150.0
2024-10-16 17:38:00,108.69,108.7105,108.65,108.66,24338.0
2024-10-16 17:40:00,108.6532,108.74,108.585,108.695,34459.0
2024-10-16 17:42:00,108.7,108.8,108.682,108.776,19522.0
2024-10-16 17:44:00,108.775,108.8547,108.7697,108.77,39052.0
2024-10-16 17:46:00,108.76,108.8301,108.72,108.7301,42235.0
2024-10-16 17:48:00,108.74,108.8403,108.73,108.835,41585.0
2024-10-16 17:50:00,108.84,108.8982,108.81,108.81,36240.0
2024-10-16 17:52:00,108.81,108.8497,108.69,108.7,46471.0
2024-10-16 17:54:00,108.7,108.744,108.62,108.655,23487.0
2024-10-16 17:56:00,108.6599,108.6599,108.52,108.6,49485.0
2024-10-16 17:58:00,108.59,108.72,108.555,108.71,44481.0
2024-10-16 18:00:00,108.71,108.84,108.69,108.77,63062.0
2024-10-16 18:02:00,108.78,108.86,108.765,108.86,41280.0
2024-10-16 18:04:00,108.855,109.0,108.855,108.95,124932.0
2024-10-16 18:06:00,108.945,108.945,108.76,108.7971,63916.0
2024-10-16 18:08:00,108.8,108.96,108.79,108.955,61931.0
2024-10-16 18:10:00,108.94,108.99,108.9,108.985,93561.0
2024-10-16 18:12:00,108.98,109.09,108.98,109.0001,72764.0
2024-10-16 18:14:00,109.02,109.1725,109.02,109.035,89113.0
2024-10-16 18:16:00,109.04,109.0702,109.0023,109.04,40878.0
2024-10-16 18:18:00,109.05,109.16,109.04,109.15,51242.0
2024-10-16 18:20:00,109.1501,109.27,109.15,109.245,127199.0
2024-10-16 18:22:00,109.24,109.44,109.24,109.41,90438.0
2024-10-16 18:24:00,109.42,109.46,109.37,109.3712,91079.0
2024-10-16 18:26:00,109.37,109.5253,109.35,109.49,97091.0
2024-10-16 18:28:00,109.4999,109.62,109.49,109.6099,83184.0
2024-10-16 18:30:00,109.6,109.6213,109.49,109.5624,102406.0
2024-10-16 18:32:00,109.565,109.58,109.14,109.15,117426.0
2024-10-16 18:34:00,109.16,109.36,109.15,109.31,92016.0
2024-10-16 18:36:00,109.3,109.35,109.24,109.3421,56586.0
2024-10-16 18:38:00,109.33,109.3554,109.28,109.3554,52772.0
2024-10-16 18:40:00,109.36,109.4,109.336,109.39,32406.0
2024-10-16 18:42:00,109.3807,109.4,109.33,109.36,36301.0
2024-10-16 18:44:00,109.37,109.4101,109.36,109.39,40220.0
2024-10-16 18:46:00,109.38,109.4399,109.33,109.435,50941.0
2024-10-16 18:48:00,109.44,109.48,109.43,109.445,31169.0
2024-10-16 18:50:00,109.44,109.52,109.43,109.5136,61876.0
2024-10-16 18:52:00,109.51,109.52,109.44,109.5101,40139.0
2024-10-16 18:54:00,109.52,109.52,109.47,109.49,39889.0
2024-10-16 18:56:00,109.4961,109.63,109.49,109.615431,77762.0
2024-10-16 18:58:00,109.61,109.62,109.5,109.5133,53694.0
2024-10-16 19:00:00,109.51,109.52,109.43,109.485,73536.0
2024-10-16 19:02:00,109.485,109.49,109.35,109.42,70389.0
2024-10-16 19:04:00,109.43,109.5377,109.415,109.52,31300.0
2024-10-16 19:06:00,109.52,109.53,109.4401,109.515,35779.0
2024-10-16 19:08:00,109.52,109.6,109.49,109.58,39692.0
2024-10-16 19:10:00,109.58,109.6,109.51,109.51,62641.0
2024-10-16 19:12:00,109.52,109.52,109.36,109.3743,54696.0
2024-10-16 19:14:00,109.38,109.475,109.375,109.415,80878.0
2024-10-16 19:16:00,109.43,109.45,109.36,109.37,43299.0
2024-10-16 19:18:00,109.38,109.39,109.24,109.2984,59633.0
2024-10-16 19:20:00,109.305,109.345,109.24,109.2882,53291.0
2024-10-16 19:22:00,109.29,109.315,109.17,109.22,61991.0
2024-10-16 19:24:00,109.215,109.31,109.2,109.26,49909.0
2024-10-16 19:26:00,109.26,109.32,109.21,109.3133,35438.0
2024-10-16 19:28:00,109.32,109.355,109.23,109.33,68541.0
2024-10-16 19:30:00,109.32,109.32,109.051351,109.14,103297.0
2024-10-16 19:32:00,109.125,109.16,109.0501,109.11,66362.0
2024-10-16 19:34:00,109.105,109.18,109.0644,109.065,60851.0
2024-10-16 19:36:00,109.07,109.1,109.0431,109.048,68195.0
2024-10-16 19:38:00,109.04,109.04,108.87,108.9,115851.0
2024-10-16 19:40:00,108.89,108.95,108.88,108.925,61919.0
2024-10-16 19:42:00,108.9301,109.0799,108.92,109.015,101692.0
2024-10-16 19:44:00,109.01,109.135,109.01,109.055,90243.0
2024-10-16 19:46:00,109.06,109.251,109.06,109.2025,110721.0
2024-10-16 19:48:00,109.21,109.33,109.13,109.33,100031.0
2024-10-16 19:50:00,109.32,109.33,109.1901,109.245,154050.0
2024-10-16 19:52:00,109.25,109.335,109.21,109.22,161496.0
2024-10-16 19:54:00,109.225,109.38,109.185,109.36,217179.0
2024-10-16 19:56:00,109.365,109.37,109.25,109.285,187254.0
2024-10-16 19:58:00,109.285,109.3099,109.23,109.24,381937.0
2024-10-16 20:00:00,109.24,109.35,109.16,109.24,361455.0
2024-10-16 20:02:00,109.19,109.24,109.19,109.24,3413.0
2024-10-16 20:04:00,109.18,109.24,109.18,109.24,17572.0
2024-10-16 20:06:00,109.18,109.22,109.18,109.22,1570.0
2024-10-16 20:08:00,109.22,109.24,109.22,109.24,1183.0
2024-10-16 20:10:00,109.2301,109.25,109.23,109.23,467.0
2024-10-16 20:12:00,109.23,109.2585,109.23,109.24,980.0
2024-10-16 20:16:00,109.2,109.2,109.18,109.18,2551.0
2024-10-16 20:18:00,109.148,109.148,109.11,109.11,795.0
2024-10-16 20:20:00,109.13,109.13,109.1,109.1,4977.0
2024-10-16 20:22:00,109.14,109.1892,109.14,109.1892,999.0
2024-10-16 20:26:00,109.2,109.2,109.16,109.16,2726.0
2024-10-16 20:28:00,109.16,109.1899,109.16,109.16,598.0
2024-10-16 20:30:00,109.198,109.2,109.19,109.2,2581.0
2024-10-16 20:32:00,109.16,109.24,109.16,109.23,3909.0
2024-10-16 20:34:00,109.25,109.25,109.25,109.25,202.0
2024-10-16 20:36:00,109.29,109.29,109.29,109.29,579.0
2024-10-16 20:38:00,109.2301,109.2301,109.2301,109.2301,1036.0
2024-10-16 20:40:00,109.231,109.231,109.231,109.231,326.0
2024-10-16 20:42:00,109.29,109.4,109.29,109.4,3907.0
2024-10-16 20:44:00,109.35,109.4,109.3256,109.3256,656.0
2024-10-16 20:48:00,109.32,109.32,109.21,109.25,1695.0
2024-10-16 20:50:00,109.31,109.31,109.31,109.31,102.0
2024-10-16 20:52:00,109.24,109.24,109.24,109.24,482.0
2024-10-16 20:54:00,109.27,109.27,109.21,109.24,85557.0
2024-10-16 20:56:00,109.21,109.21,109.2,109.2,627.0
2024-10-16 21:00:00,109.21,109.21,109.21,109.21,214.0
2024-10-16 21:02:00,109.27,109.27,109.27,109.27,233.0
2024-10-16 21:04:00,109.28,109.3,109.27,109.3,1014.0
2024-10-16 21:06:00,109.3158,109.3158,109.3158,109.3158,588.0
2024-10-16 21:12:00,109.25,109.25,109.25,109.25,175.0
2024-10-16 21:14:00,109.32,109.32,109.32,109.32,940.0
2024-10-16 21:16:00,109.24,109.24,109.24,109.24,468210.0
2024-10-16 21:20:00,109.3499,109.3499,109.31,109.31,712.0
2024-10-16 21:26:00,109.35,109.63,109.35,109.56,8221.0
2024-10-16 21:32:00,109.47,109.47,109.47,109.47,581.0
2024-10-16 21:34:00,109.4787,109.4787,109.3075,109.3075,210.0
2024-10-16 21:38:00,109.32,109.37,109.31,109.37,770.0
2024-10-16 21:42:00,109.4,109.4,109.4,109.4,110.0
2024-10-16 21:44:00,109.3075,109.34,109.3075,109.34,772.0
2024-10-16 21:52:00,109.4,109.4,109.4,109.4,155.0
2024-10-16 21:56:00,109.3,109.3,109.3,109.3,846.0
2024-10-16 22:00:00,109.3,109.3,109.3,109.3,151.0
2024-10-16 22:02:00,109.304,109.304,109.304,109.304,416.0
2024-10-16 22:08:00,109.3,109.3,109.3,109.3,253.0
2024-10-16 22:12:00,109.25,109.25,109.25,109.25,218.0
2024-10-16 22:14:00,109.25,109.25,109.25,109.25,358.0
2024-10-16 22:16:00,109.27,109.27,109.26,109.26,548.0
2024-10-16 22:18:00,109.252,109.252,109.25,109.25,768.0
2024-10-16 22:24:00,109.2994,109.2994,109.2994,109.2994,571.0
2024-10-16 22:26:00,109.28,109.28,109.25,109.25,471.0
2024-10-16 22:30:00,109.25,109.3,109.25,109.3,1362.0
2024-10-16 22:32:00,109.4889,109.4889,109.4889,109.4889,2181.0
2024-10-16 22:34:00,109.4,109.4,109.4,109.4,306.0
2024-10-16 22:36:00,109.4,109.4,109.4,109.4,372.0
2024-10-16 22:38:00,109.3,109.3,109.3,109.3,218.0
2024-10-16 22:40:00,109.34,109.34,109.34,109.34,525.0
2024-10-16 22:42:00,109.26,109.3038,109.26,109.3038,2244.0
2024-10-16 22:44:00,109.41,109.41,109.41,109.41,335.0
2024-10-16 22:52:00,109.2505,109.2505,109.2505,109.2505,441.0
2024-10-16 22:54:00,109.32,109.32,109.32,109.32,1511.0
2024-10-16 22:56:00,109.37,109.3953,109.37,109.37,1424.0
2024-10-16 23:00:00,109.3996,109.3996,109.3996,109.3996,374.0
2024-10-16 23:06:00,109.37,109.37,109.32,109.32,1384.0
2024-10-16 23:12:00,109.4,109.41,109.4,109.4,2222.0
2024-10-16 23:14:00,109.4,109.49,109.33,109.33,958.0
2024-10-16 23:16:00,109.5,109.5,109.5,109.5,1065.0
2024-10-16 23:18:00,109.45,109.45,109.45,109.45,366.0
2024-10-16 23:22:00,109.305,109.32,109.305,109.32,1179.0
2024-10-16 23:28:00,109.35,109.35,109.35,109.35,542.0
2024-10-16 23:30:00,109.37,109.37,109.37,109.37,331.0
2024-10-16 23:34:00,109.35,109.35,109.35,109.35,614.0
2024-10-16 23:36:00,109.35,109.37,109.35,109.37,5294.0
2024-10-16 23:38:00,109.37,109.37,109.37,109.37,700.0
2024-10-16 23:42:00,109.3073,109.37,109.3073,109.37,569.0
2024-10-16 23:44:00,109.3112,109.4,109.3112,109.4,958.0
2024-10-16 23:46:00,109.42,109.443,109.317,109.317,894.0
2024-10-16 23:50:00,109.4,109.4,109.33,109.33,2236.0
2024-10-16 23:54:00,109.45,109.51,109.45,109.51,1301.0
2024-10-16 23:56:00,109.51,109.66,109.5,109.55,4022.0
2024-10-16 23:58:00,109.6598,109.6598,109.61,109.62,4715.0
2024-10-17 08:00:00,110.12,111.5,109.71,111.3,18569.0
2024-10-17 08:02:00,111.3,111.5,111.28,111.5,3479.0
2024-10-17 08:04:00,111.44,111.77,111.44,111.7,5442.0
2024-10-17 08:06:00,111.7,111.7,110.98,110.98,5278.0
2024-10-17 08:08:00,111.0,111.2,111.0,111.2,859.0
2024-10-17 08:10:00,111.15,111.28,111.15,111.25,2052.0
2024-10-17 08:12:00,111.27,111.4,111.27,111.4,3688.0
2024-10-17 08:14:00,111.34,111.34,111.33,111.34,771.0
2024-10-17 08:16:00,111.37,111.42,111.37,111.39,1417.0
2024-10-17 08:18:00,111.31,111.31,111.3,111.3,1035.0
2024-10-17 08:20:00,111.2,111.2,111.2,111.2,264.0
2024-10-17 08:22:00,111.27,111.27,111.09,111.1,2065.0
2024-10-17 08:24:00,111.1,111.24,111.1,111.24,852.0
2024-10-17 08:26:00,111.22,111.22,111.11,111.11,912.0
2024-10-17 08:28:00,111.19,111.22,111.19,111.22,3186.0
2024-10-17 08:30:00,111.21,111.38,111.21,111.29,6393.0
2024-10-17 08:32:00,111.36,111.43,111.3,111.43,2319.0
2024-10-17 08:34:00,111.5,111.63,111.5,111.63,3397.0
2024-10-17 08:36:00,111.53,111.8,111.53,111.7,4416.0
2024-10-17 08:38:00,111.63,111.7,111.63,111.63,2244.0
2024-10-17 08:40:00,111.7,111.79,111.69,111.7,2087.0
2024-10-17 08:42:00,111.68,111.69,111.61,111.65,3253.0
2024-10-17 08:44:00,111.36,111.5,111.3,111.5,1180.0
2024-10-17 08:46:00,111.6,111.6,111.6,111.6,472.0
2024-10-17 08:48:00,111.6,111.62,111.6,111.62,1444.0
2024-10-17 08:52:00,111.55,111.55,111.5,111.5,1284.0
2024-10-17 08:54:00,111.53,111.53,111.53,111.53,919.0
2024-10-17 08:56:00,111.5,111.61,111.5,111.61,1274.0
2024-10-17 08:58:00,111.51,111.51,111.5,111.5,571.0
2024-10-17 09:00:00,111.62,111.62,111.51,111.51,871.0
2024-10-17 09:02:00,111.6,111.6,111.6,111.6,305.0
2024-10-17 09:04:00,111.64,111.64,111.64,111.64,439.0
2024-10-17 09:06:00,111.6,111.61,111.6,111.61,2181.0
2024-10-17 09:08:00,111.62,111.62,111.6,111.6,1060.0
2024-10-17 09:10:00,111.51,111.51,111.51,111.51,276.0
2024-10-17 09:16:00,111.59,111.59,111.45,111.45,1347.0
2024-10-17 09:18:00,111.39,111.59,111.33,111.59,3620.0
2024-10-17 09:24:00,111.61,111.61,111.6,111.6,575.0
2024-10-17 09:26:00,111.6,111.6,111.6,111.6,4365.0
2024-10-17 09:30:00,111.52,111.52,111.52,111.52,303.0
2024-10-17 09:32:00,111.5,111.5,111.5,111.5,828.0
2024-10-17 09:34:00,111.4,111.4,111.4,111.4,326.0
2024-10-17 09:36:00,111.44,111.44,111.44,111.44,751.0
2024-10-17 09:38:00,111.49,111.57,111.49,111.56,2565.0
2024-10-17 09:40:00,111.64,111.65,111.64,111.65,286.0
2024-10-17 09:44:00,111.57,111.58,111.57,111.57,1143.0
2024-10-17 09:50:00,111.68,111.69,111.68,111.69,1167.0
2024-10-17 09:52:00,111.7,111.7,111.7,111.7,704.0
2024-10-17 09:54:00,111.79,111.8,111.75,111.8,921.0
2024-10-17 09:58:00,111.79,111.79,111.75,111.75,626.0
2024-10-17 10:00:00,111.8,111.8,111.8,111.8,2070.0
2024-10-17 10:02:00,111.82,111.82,111.82,111.82,312.0
2024-10-17 10:06:00,111.92,111.94,111.77,111.77,2865.0
2024-10-17 10:12:00,111.93,112.17,111.93,112.17,9011.0
2024-10-17 10:14:00,112.16,112.25,112.16,112.16,5030.0
2024-10-17 10:16:00,112.16,112.29,112.16,112.29,1787.0
2024-10-17 10:18:00,112.07,112.1,112.07,112.1,546.0
2024-10-17 10:20:00,112.1,112.1,112.1,112.1,217.0
2024-10-17 10:22:00,112.05,112.05,111.99,111.99,1865.0
2024-10-17 10:24:00,112.06,112.09,112.06,112.09,705.0
2024-10-17 10:26:00,111.98,111.98,111.97,111.97,343.0
2024-10-17 10:28:00,111.92,111.92,111.86,111.88,3480.0
2024-10-17 10:32:00,111.9,111.96,111.9,111.96,879.0
2024-10-17 10:36:00,111.93,111.93,111.93,111.93,495.0
2024-10-17 10:40:00,111.88,111.88,111.88,111.88,299.0
2024-10-17 10:42:00,111.9,111.9,111.77,111.77,3752.0
2024-10-17 10:44:00,111.78,111.78,111.78,111.78,231.0
2024-10-17 10:46:00,111.78,111.83,111.78,111.8,1503.0
2024-10-17 10:48:00,111.89,111.99,111.89,111.99,1252.0
2024-10-17 10:50:00,111.91,112.05,111.91,112.0,2660.0
2024-10-17 10:52:00,112.04,112.2,112.04,112.2,1456.0
2024-10-17 10:54:00,112.2,112.3,112.18,112.19,5226.0
2024-10-17 10:56:00,112.09,112.18,112.06,112.18,707.0
2024-10-17 10:58:00,112.16,112.18,112.09,112.09,3061.0
2024-10-17 11:00:00,112.19,112.29,111.76,111.76,19659.0
2024-10-17 11:02:00,111.82,111.83,111.69,111.69,2068.0
2024-10-17 11:04:00,111.68,111.68,111.55,111.57,2728.0
2024-10-17 11:06:00,111.64,111.65,111.58,111.58,1919.0
2024-10-17 11:08:00,111.6,111.67,111.6,111.61,2956.0
2024-10-17 11:10:00,111.64,111.64,111.59,111.59,1152.0
2024-10-17 11:12:00,111.59,111.7,111.59,111.66,7659.0
2024-10-17 11:14:00,111.59,111.59,111.59,111.59,403.0
2024-10-17 11:16:00,111.58,111.6,111.58,111.6,2589.0
2024-10-17 11:18:00,111.6,111.6,111.6,111.6,2082.0
2024-10-17 11:20:00,111.53,111.54,111.53,111.54,1432.0
2024-10-17 11:22:00,111.56,111.59,111.47,111.47,4111.0
2024-10-17 11:24:00,111.48,111.48,111.38,111.38,957.0
2024-10-17 11:26:00,111.37,111.45,111.37,111.45,1696.0
2024-10-17 11:28:00,111.45,111.5,111.44,111.45,5043.0
2024-10-17 11:30:00,111.5,111.6,111.5,111.6,1720.0
2024-10-17 11:32:00,111.59,111.65,111.59,111.65,1375.0
2024-10-17 11:34:00,111.61,111.64,111.57,111.57,735.0
2024-10-17 11:40:00,111.6,111.64,111.6,111.64,1263.0
2024-10-17 11:42:00,111.63,111.63,111.63,111.63,294.0
2024-10-17 11:46:00,111.58,111.65,111.56,111.65,3929.0
2024-10-17 11:48:00,111.57,111.58,111.57,111.58,1024.0
2024-10-17 11:50:00,111.64,111.65,111.51,111.65,2840.0
2024-10-17 11:52:00,111.58,111.65,111.56,111.6,1934.0
2024-10-17 11:54:00,111.59,111.62,111.53,111.62,3695.0
2024-10-17 11:56:00,111.62,111.74,111.62,111.74,2170.0
2024-10-17 11:58:00,111.63,111.63,111.62,111.63,1108.0
2024-10-17 12:00:00,111.69,112.09,109.28,111.562,122606.0
2024-10-17 12:02:00,111.7,111.8375,111.7,111.71,17057.0
2024-10-17 12:04:00,111.838,111.838,111.61,111.62,3832.0
2024-10-17 12:06:00,111.74,111.74,111.5,111.5,3344.0
2024-10-17 12:08:00,111.39,111.566,111.21,111.33,7165.0
2024-10-17 12:10:00,111.3,111.4262,111.2,111.21,6023.0
2024-10-17 12:12:00,111.18,111.4746,111.16,111.33,5468.0
2024-10-17 12:14:00,111.36,111.39,111.21,111.29,5447.0
2024-10-17 12:16:00,111.25,111.4697,111.24,111.27,4651.0
2024-10-17 12:18:00,111.4,111.4,111.31,111.36,2552.0
2024-10-17 12:20:00,111.4091,111.4091,111.31,111.33,6887.0
2024-10-17 12:22:00,111.33,111.48,111.28,111.28,5459.0
2024-10-17 12:24:00,111.35,111.58,111.3,111.43,9371.0
2024-10-17 12:26:00,111.58,111.58,111.3934,111.5,3874.0
2024-10-17 12:28:00,111.5,111.74,111.5,111.73,6178.0
2024-10-17 12:30:00,111.6065,111.85,111.6065,111.85,5463.0
2024-10-17 12:32:00,111.9,111.9,111.8,111.8855,3229.0
2024-10-17 12:34:00,111.8,111.9,111.8,111.9,6399.0
2024-10-17 12:36:00,111.7715,111.99,111.7715,111.895,9656.0
2024-10-17 12:38:00,111.8,111.8,111.75,111.75,4170.0
2024-10-17 12:40:00,111.84,111.845,111.7,111.7,4454.0
2024-10-17 12:42:00,111.8299,111.8299,111.51,111.51,4830.0
2024-10-17 12:44:00,111.5,111.631,111.5,111.631,3244.0
2024-10-17 12:46:00,111.61,111.65,111.5,111.6489,4801.0
2024-10-17 12:48:00,111.51,111.69,111.504,111.62,5874.0
2024-10-17 12:50:00,111.64,111.74,111.64,111.65,3022.0
2024-10-17 12:52:00,111.62,111.7,111.62,111.62,5833.0
2024-10-17 12:54:00,111.6,111.68,111.58,111.65,6585.0
2024-10-17 12:56:00,111.6,111.6108,111.59,111.605,3488.0
2024-10-17 12:58:00,111.65,111.7,111.607,111.64,3028.0
2024-10-17 13:00:00,111.7,111.7,111.63,111.7,11069.0
2024-10-17 13:02:00,111.74,111.74,111.613,111.72,5511.0
2024-10-17 13:04:00,111.66,111.68,111.59,111.59,5222.0
2024-10-17 13:06:00,111.59,111.65,111.53,111.65,7467.0
2024-10-17 13:08:00,111.68,111.7,111.6,111.6,4861.0
2024-10-17 13:10:00,111.66,111.73,111.6,111.6794,26439.0
2024-10-17 13:12:00,111.6,111.65,111.55,111.65,2890.0
2024-10-17 13:14:00,111.51,111.51,111.24,111.24,14195.0
2024-10-17 13:16:00,111.28,111.3297,111.25,111.32,7706.0
2024-10-17 13:18:00,111.3,111.35,111.29,111.35,11922.0
2024-10-17 13:20:00,111.36,111.41,111.16,111.26,17289.0
2024-10-17 13:22:00,111.4,111.4,111.17,111.18,12591.0
2024-10-17 13:24:00,111.15,111.2,111.01,111.1392,8449.0
2024-10-17 13:26:00,111.11,111.18,110.56,111.13,16867.0
2024-10-17 13:28:00,111.1,111.42,110.9717,111.3,11460.0
2024-10-17 13:30:00,111.34,111.8,111.01,111.67,841043.0
2024-10-17 13:32:00,111.675,111.88,111.08,111.845,426287.0
2024-10-17 13:34:00,111.83,112.22,111.485,111.65,587684.0
2024-10-17 13:36:00,111.64,112.55,111.4019,112.385,419649.0
2024-10-17 13:38:00,112.385,112.5537,112.05,112.47,285186.0
2024-10-17 13:40:00,112.43,112.69,112.1,112.46,372438.0
2024-10-17 13:42:00,112.43,112.6,112.18,112.46,307399.0
2024-10-17 13:44:00,112.46,112.98,112.285,112.9164,337615.0
2024-10-17 13:46:00,112.9201,113.205,112.665,113.2,447011.0
2024-10-17 13:48:00,113.13,113.48,113.13,113.386,502847.0
2024-10-17 13:50:00,113.39,113.78,113.365,113.455,400626.0
2024-10-17 13:52:00,113.44,113.79,113.4,113.6,284441.0
2024-10-17 13:54:00,113.585,113.6401,113.3101,113.37,209853.0
2024-10-17 13:56:00,113.4,113.425,112.475,112.55,370906.0
2024-10-17 13:58:00,112.56,112.7499,112.01,112.13,315069.0
2024-10-17 14:00:00,112.18,112.35,111.5,111.54,219555.0
2024-10-17 14:02:00,111.55,111.945,111.41,111.9217,299500.0
2024-10-17 14:04:00,111.92,111.97,111.65,111.82,129053.0
2024-10-17 14:06:00,111.78,111.956,111.61,111.84,150111.0
2024-10-17 14:08:00,111.85,112.09,111.48,111.5,272561.0
2024-10-17 14:10:00,111.5,111.9458,111.45,111.9458,139228.0
2024-10-17 14:12:00,111.9018,112.14,111.84,112.13,120124.0
2024-10-17 14:14:00,112.13,112.32,112.05,112.21,157552.0
2024-10-17 14:16:00,112.2,112.4799,112.2,112.35,109371.0
2024-10-17 14:18:00,112.305,112.591,112.3,112.5,108729.0
2024-10-17 14:20:00,112.505,112.7,112.34,112.65,92387.0
2024-10-17 14:22:00,112.658,112.77,112.5801,112.77,86059.0
2024-10-17 14:24:00,112.7501,112.94,112.69,112.84,111093.0
2024-10-17 14:26:00,112.84,112.94,112.47,112.49,112784.0
2024-10-17 14:28:00,112.5099,112.5099,112.16,112.44,99629.0
2024-10-17 14:30:00,112.442,112.67,112.35,112.41,57260.0
2024-10-17 14:32:00,112.4,112.67,112.3991,112.63,61031.0
2024-10-17 14:34:00,112.62,112.635,112.36,112.41,51093.0
2024-10-17 14:36:00,112.42,112.55,112.2014,112.31,116179.0
2024-10-17 14:38:00,112.3001,112.47,112.1599,112.46,64740.0
2024-10-17 14:40:00,112.47,112.8,112.47,112.75,97640.0
2024-10-17 14:42:00,112.73,112.78,112.34,112.34,91679.0
2024-10-17 14:44:00,112.342,112.52,112.23,112.43,84688.0
2024-10-17 14:46:00,112.45,112.51,112.2303,112.27,67495.0
2024-10-17 14:48:00,112.2501,112.3,112.1124,112.27,75275.0
2024-10-17 14:50:00,112.27,112.295,111.98,112.0,108217.0
2024-10-17 14:52:00,112.01,112.38,112.0002,112.37,95716.0
2024-10-17 14:54:00,112.37,112.53,112.28,112.33,80134.0
2024-10-17 14:56:00,112.335,112.42,112.15,112.27,67063.0
2024-10-17 14:58:00,112.29,112.45,112.2592,112.31,40506.0
2024-10-17 15:00:00,112.34,112.396,112.26,112.36,32035.0
2024-10-17 15:02:00,112.33,112.33,112.1301,112.27,55959.0
2024-10-17 15:04:00,112.3,112.3,111.9,112.12,99074.0
2024-10-17 15:06:00,112.12,112.32,112.07,112.31,45506.0
2024-10-17 15:08:00,112.32,112.48,112.2808,112.43,72638.0
2024-10-17 15:10:00,112.395,112.51,112.315,112.4465,81939.0
2024-10-17 15:12:00,112.45,112.48,112.32,112.466,66286.0
2024-10-17 15:14:00,112.46,112.524,112.4,112.4201,145676.0
2024-10-17 15:16:00,112.42,112.49,112.4,112.4549,53510.0
2024-10-17 15:18:00,112.455,112.46,112.31,112.38,84192.0
2024-10-17 15:20:00,112.36,112.4599,112.24,112.36,65637.0
2024-10-17 15:22:00,112.36,112.4099,112.15,112.1994,38384.0
2024-10-17 15:24:00,112.19,112.44,112.179,112.27,67573.0
2024-10-17 15:26:00,112.27,112.38,112.19,112.2,45729.0
2024-10-17 15:28:00,112.21,112.4,112.1901,112.32,47755.0
2024-10-17 15:30:00,112.34,112.44,112.28,112.295,53006.0
2024-10-17 15:32:00,112.3,112.56,112.3,112.56,115547.0
2024-10-17 15:34:00,112.545,112.69,112.41,112.43,88216.0
2024-10-17 15:36:00,112.423269,112.51,112.36,112.5,37769.0
2024-10-17 15:38:00,112.47,112.67,112.47,112.5866,52543.0
2024-10-17 15:40:00,112.6,112.6283,112.42,112.4299,44034.0
2024-10-17 15:42:00,112.4201,112.48,112.38,112.459,40050.0
2024-10-17 15:44:00,112.46,112.57,112.36,112.38,63774.0
2024-10-17 15:46:00,112.38,112.484,112.37,112.44,36980.0
2024-10-17 15:48:00,112.43,112.4799,112.408,112.46,38292.0
2024-10-17 15:50:00,112.43,112.49,112.415,112.46,34433.0
2024-10-17 15:52:00,112.46,112.495,112.44,112.48,32148.0
2024-10-17 15:54:00,112.485,112.54,112.47,112.5,54264.0
2024-10-17 15:56:00,112.51,112.608,112.475,112.57,55065.0
2024-10-17 15:58:00,112.6,112.72,112.59,112.7,76920.0
2024-10-17 16:00:00,112.71,112.81,112.65,112.79,76408.0
2024-10-17 16:02:00,112.8,112.8899,112.77,112.83,83855.0
2024-10-17 16:04:00,112.85,112.86,112.665,112.68,44623.0
2024-10-17 16:06:00,112.68,112.8,112.6601,112.7798,48492.0
2024-10-17 16:08:00,112.76,112.825,112.67,112.74,46879.0
2024-10-17 16:10:00,112.73,112.8,112.71,112.78,40512.0
2024-10-17 16:12:00,112.79,112.79,112.69,112.77,39353.0
2024-10-17 16:14:00,112.7711,112.85,112.745,112.76,813762.0
2024-10-17 16:16:00,112.78,112.9899,112.78,112.96,98150.0
2024-10-17 16:18:00,112.9639,113.03,112.95,112.98,166322.0
2024-10-17 16:20:00,112.96,113.07,112.96,113.0599,54953.0
2024-10-17 16:22:00,113.04,113.09,112.98,113.05,73320.0
2024-10-17 16:24:00,113.055,113.24,113.0425,113.17,124408.0
2024-10-17 16:26:00,113.17,113.17,113.06,113.065,65560.0
2024-10-17 16:28:00,113.055,113.055,112.9,112.98,60146.0
2024-10-17 16:30:00,112.98,112.98,112.77,112.82,71966.0
2024-10-17 16:32:00,112.84,112.86,112.65,112.65,63478.0
2024-10-17 16:34:00,112.653,112.8062,112.65,112.79,47462.0
2024-10-17 16:36:00,112.78,112.9,112.77,112.89,34353.0
2024-10-17 16:38:00,112.8927,112.96,112.8927,112.94,35862.0
2024-10-17 16:40:00,112.93,112.985,112.92,112.96,37204.0
2024-10-17 16:42:00,112.97,113.21,112.97,113.1799,63985.0
2024-10-17 16:44:00,113.17,113.24,113.165,113.18,43780.0
2024-10-17 16:46:00,113.18,113.185,113.025,113.0544,63055.0
2024-10-17 16:48:00,113.0436,113.19,113.0436,113.1398,73475.0
2024-10-17 16:50:00,113.15,113.2,113.1,113.115,47837.0
2024-10-17 16:52:00,113.11,113.18,113.11,113.1216,43874.0
2024-10-17 16:54:00,113.125,113.1799,113.11,113.14,35453.0
2024-10-17 16:56:00,113.14,113.14,113.064,113.08,44347.0
2024-10-17 16:58:00,113.0785,113.1,112.92,112.99,77790.0
2024-10-17 17:00:00,112.995,113.1391,112.995,113.08,67897.0
2024-10-17 17:02:00,113.11,113.355,113.055,113.32,135092.0
2024-10-17 17:04:00,113.34,113.385,113.29,113.38,63829.0
2024-10-17 17:06:00,113.375,113.5299,113.37,113.514,136593.0
2024-10-17 17:08:00,113.515,113.55,113.4,113.52,122003.0
2024-10-17 17:10:00,113.52,113.64,113.472,113.618,135076.0
2024-10-17 17:12:00,113.61,113.78,113.59,113.66,184522.0
2024-10-17 17:14:00,113.65,113.73,113.57,113.5701,60860.0
2024-10-17 17:16:00,113.585,113.695,113.47,113.54,118177.0
2024-10-17 17:18:00,113.56,113.59,113.35,113.37,77519.0
2024-10-17 17:20:00,113.36,113.6125,113.335,113.458704,61176.0
2024-10-17 17:22:00,113.49,113.555,113.45,113.52,40450.0
2024-10-17 17:24:00,113.52,113.58,113.5,113.58,45370.0
2024-10-17 17:26:00,113.58,113.675,113.56,113.56,42751.0
2024-10-17 17:28:00,113.56,113.56,113.445,113.54,56224.0
2024-10-17 17:30:00,113.5403,113.69,113.54,113.6201,134632.0
2024-10-17 17:32:00,113.6366,113.66,113.53,113.61,48895.0
2024-10-17 17:34:00,113.61,113.7,113.6,113.6975,42167.0
2024-10-17 17:36:00,113.69,113.7,113.64,113.6675,41520.0
2024-10-17 17:38:00,113.6643,113.75,113.6558,113.73,66702.0
2024-10-17 17:40:00,113.73,114.14,113.73,113.99,377064.0
2024-10-17 17:42:00,114.0,114.06,113.88,113.92,87265.0
2024-10-17 17:44:00,113.92,113.94,113.78,113.915,72010.0
2024-10-17 17:46:00,113.9024,113.95,113.84,113.91,55613.0
2024-10-17 17:48:00,113.92,113.9999,113.9064,113.965,51055.0
2024-10-17 17:50:00,113.97,113.98,113.59,113.6601,150357.0
2024-10-17 17:52:00,113.665,113.67,113.4502,113.54,109174.0
2024-10-17 17:54:00,113.53,113.54,113.12,113.12,92705.0
2024-10-17 17:56:00,113.128,113.17,113.03,113.15,87696.0
2024-10-17 17:58:00,113.13,113.22,113.03,113.05,70193.0
2024-10-17 18:00:00,113.05,113.18,112.945,113.14,76599.0
2024-10-17 18:02:00,113.13,113.13,112.7105,112.93,108503.0
2024-10-17 18:04:00,112.95,112.95,112.72,112.76,76945.0
2024-10-17 18:06:00,112.77,112.86,112.69,112.71,92646.0
2024-10-17 18:08:00,112.71,112.82,112.68,112.77,95456.0
2024-10-17 18:10:00,112.76,112.77,112.65,112.71,95948.0
2024-10-17 18:12:00,112.67,112.92,112.55,112.8801,225596.0
2024-10-17 18:14:00,112.8793,113.01,112.87,112.9,96022.0
2024-10-17 18:16:00,112.91,113.05,112.8775,112.91,84273.0
2024-10-17 18:18:00,112.87,112.88,112.71,112.785,70599.0
2024-10-17 18:20:00,112.79,112.89,112.71,112.8607,109230.0
2024-10-17 18:22:00,112.85,112.85,112.7,112.725,75427.0
2024-10-17 18:24:00,112.74,112.88,112.72,112.86,55788.0
2024-10-17 18:26:00,112.86,113.0,112.8554,112.9213,60048.0
2024-10-17 18:28:00,112.92,113.02,112.89,112.98,60697.0
2024-10-17 18:30:00,112.97,112.995,112.87,112.92,38354.0
2024-10-17 18:32:00,112.9215,112.9215,112.8,112.825,50623.0
2024-10-17 18:34:00,112.83,112.83,112.7,112.72,95643.0
2024-10-17 18:36:00,112.72,112.725,112.46,112.595,150332.0
2024-10-17 18:38:00,112.6,112.705,112.53,112.6999,64060.0
2024-10-17 18:40:00,112.68,112.7099,112.52,112.535,36833.0
2024-10-17 18:42:00,112.535,112.6801,112.52,112.67,45009.0
2024-10-17 18:44:00,112.68,112.688338,112.55,112.59,32220.0
2024-10-17 18:46:00,112.585,112.89,112.585,112.8701,91721.0
2024-10-17 18:48:00,112.88,112.94,112.82,112.9,46538.0
2024-10-17 18:50:00,112.88,112.975,112.852,112.9601,57672.0
2024-10-17 18:52:00,112.97,113.09,112.95,113.0182,66750.0
2024-10-17 18:54:00,113.02,113.045,112.92,112.965,50658.0
2024-10-17 18:56:00,112.96,112.9999,112.89,112.9,39060.0
2024-10-17 18:58:00,112.89,112.975,112.85,112.9371,57225.0
2024-10-17 19:00:00,112.94,112.99,112.7912,112.815,37619.0
2024-10-17 19:02:00,112.8,112.815,112.65,112.68,45773.0
2024-10-17 19:04:00,112.69,112.69,112.47,112.6825,85534.0
2024-10-17 19:06:00,112.69,112.71,112.66,112.69,74073.0
2024-10-17 19:08:00,112.685,112.8,112.655,112.789,78158.0
2024-10-17 19:10:00,112.78,112.825,112.75,112.7765,36956.0
2024-10-17 19:12:00,112.78,112.81,112.69,112.69,28702.0
2024-10-17 19:14:00,112.698,112.81,112.698,112.765,44113.0
2024-10-17 19:16:00,112.75,112.75,112.6,112.635,34363.0
2024-10-17 19:18:00,112.65,112.7,112.64,112.67,41831.0
2024-10-17 19:20:00,112.66,112.68,112.6,112.65,69156.0
2024-10-17 19:22:00,112.66,112.77,112.65,112.755,55017.0
2024-10-17 19:24:00,112.745,112.7599,112.65,112.676,49175.0
2024-10-17 19:26:00,112.67,112.7091,112.62,112.655,44098.0
2024-10-17 19:28:00,112.66,112.71,112.55,112.56,58486.0
2024-10-17 19:30:00,112.57,112.64,112.5,112.62,153016.0
2024-10-17 19:32:00,112.61,112.61,112.41,112.5526,65623.0
2024-10-17 19:34:00,112.55,112.63,112.46,112.505,242890.0
2024-10-17 19:36:00,112.505,112.515,112.24,112.24,78571.0
2024-10-17 19:38:00,112.22,112.24,112.0,112.02,147073.0
2024-10-17 19:40:00,112.03,112.21,112.03,112.15,111077.0
2024-10-17 19:42:00,112.16,112.17,112.0,112.1677,80458.0
2024-10-17 19:44:00,112.165,112.31,112.165,112.27,98624.0
2024-10-17 19:46:00,112.27,112.33,112.17,112.18,110514.0
2024-10-17 19:48:00,112.185,112.23,112.05,112.065,102128.0
2024-10-17 19:50:00,112.06,112.18,111.91,112.13,348463.0
2024-10-17 19:52:00,112.14,112.275,112.05,112.09,144392.0
2024-10-17 19:54:00,112.095,112.34,112.06,112.06,210751.0
2024-10-17 19:56:00,112.055,112.31,112.0217,112.155,221158.0
2024-10-17 19:58:00,112.15,112.17,112.0,112.07,430493.0
2024-10-17 20:00:00,112.05,112.08,112.05,112.06,218621.0
2024-10-17 20:02:00,112.1,112.15,112.02,112.06,3458.0
2024-10-17 20:04:00,112.05,112.05,112.05,112.05,23089.0
2024-10-17 20:06:00,112.11,112.15,112.11,112.15,780.0
2024-10-17 20:08:00,112.25,112.3,112.24,112.3,3229.0
2024-10-17 20:10:00,112.2443,112.35,112.2443,112.35,2806.0
2024-10-17 20:12:00,112.3696,112.37,112.36,112.37,1358.0
2024-10-17 20:14:00,112.33,112.3778,112.29,112.33,3479.0
2024-10-17 20:16:00,112.33,112.33,112.3265,112.33,2523.0
2024-10-17 20:20:00,112.336,112.336,112.336,112.336,312.0
2024-10-17 20:22:00,112.26,112.35,112.25,112.3006,3359.0
2024-10-17 20:24:00,112.357,112.37,112.35,112.37,2108.0
2024-10-17 20:26:00,112.37,112.37,112.3035,112.3035,912.0
2024-10-17 20:28:00,112.34,112.34,112.3,112.3,476.0
2024-10-17 20:30:00,112.3,112.33,112.3,112.33,1070.0
2024-10-17 20:32:00,112.3298,112.3298,112.05,112.31,2079.0
2024-10-17 20:34:00,112.33,112.33,112.3,112.3295,919.0
2024-10-17 20:36:00,112.28,112.28,112.25,112.25,855.0
2024-10-17 20:38:00,112.23,112.23,112.18,112.2,8549.0
2024-10-17 20:42:00,112.12,112.12,112.11,112.11,404.0
2024-10-17 20:44:00,112.11,112.1213,112.11,112.12,802.0
2024-10-17 20:48:00,112.18,112.2,112.18,112.18,1332.0
2024-10-17 20:50:00,112.17,112.17,112.17,112.17,520.0
2024-10-17 20:52:00,112.16,112.16,112.16,112.16,1035.0
2024-10-17 20:54:00,112.15,112.18,112.15,112.18,857.0
2024-10-17 20:56:00,112.05,112.18,112.05,112.18,163548.0
2024-10-17 20:58:00,112.24,112.29,112.24,112.26,3019.0
2024-10-17 21:00:00,112.27,112.28,112.26,112.28,962.0
2024-10-17 21:02:00,112.26,112.26,112.26,112.26,363.0
2024-10-17 21:04:00,112.3,112.3,112.3,112.3,817.0
2024-10-17 21:06:00,112.3683,112.3683,112.3683,112.3683,101.0
2024-10-17 21:08:00,112.28,112.28,112.28,112.28,469.0
2024-10-17 21:12:00,112.38,112.38,112.38,112.38,137.0
2024-10-17 21:16:00,112.3265,112.38,112.32,112.32,3262.0
2024-10-17 21:20:00,112.2604,112.2604,112.2604,112.2604,681.0
2024-10-17 21:22:00,112.26,112.26,112.26,112.26,449.0
2024-10-17 21:26:00,112.3,112.3,112.26,112.26,5037.0
2024-10-17 21:28:00,112.26,112.2994,112.26,112.2994,789.0
2024-10-17 21:30:00,112.2999,112.3,112.2999,112.3,962.0
2024-10-17 21:34:00,112.5,112.5,112.35,112.4265,503.0
2024-10-17 21:36:00,112.4231,112.4231,112.4231,112.4231,193.0
2024-10-17 21:38:00,112.4416,112.488,112.4416,112.488,509.0
2024-10-17 21:44:00,112.3455,112.3455,112.3455,112.3455,262.0
2024-10-17 21:48:00,112.34,112.35,112.34,112.35,1037.0
2024-10-17 21:52:00,112.3004,112.3004,112.3004,112.3004,117.0
2024-10-17 21:56:00,112.32,112.43,112.32,112.43,540.0
2024-10-17 22:00:00,112.2666,112.28,112.26,112.26,652.0
2024-10-17 22:02:00,112.27,112.27,112.27,112.27,288.0
2024-10-17 22:04:00,112.26,112.26,112.26,112.26,240.0
2024-10-17 22:06:00,112.34,112.3574,112.26,112.3574,424.0
2024-10-17 22:10:00,112.26,112.2801,112.26,112.28,1862.0
2024-10-17 22:14:00,112.28,112.28,112.28,112.28,305.0
2024-10-17 22:24:00,112.33,112.33,112.33,112.33,244.0
2024-10-17 22:26:00,112.28,112.28,112.28,112.28,345.0
2024-10-17 22:28:00,112.28,112.28,112.26,112.2635,3109.0
2024-10-17 22:34:00,112.27,112.28,112.27,112.28,344.0
2024-10-17 22:36:00,112.28,112.28,112.26,112.26,304.0
2024-10-17 22:42:00,112.298,112.2999,112.298,112.2999,302.0
2024-10-17 22:44:00,112.3,112.33,112.3,112.33,572.0
2024-10-17 22:46:00,112.35,112.38,112.35,112.38,717.0
2024-10-17 22:48:00,112.3,112.3,112.3,112.3,201.0
2024-10-17 22:50:00,112.2886,112.2886,112.2886,112.2886,114.0
2024-10-17 22:52:00,112.42,112.42,112.42,112.42,1021.0
2024-10-17 22:54:00,112.2751,112.4159,112.2751,112.4159,364.0
2024-10-17 23:04:00,112.3,112.3,112.3,112.3,230.0
2024-10-17 23:08:00,112.3016,112.3016,112.3016,112.3016,484.0
2024-10-17 23:12:00,112.31,112.31,112.3,112.3,894.0
2024-10-17 23:14:00,112.2618,112.2618,112.2618,112.2618,107.0
2024-10-17 23:22:00,112.3,112.3,112.3,112.3,405.0
2024-10-17 23:24:00,112.3,112.3,112.3,112.3,901.0
2024-10-17 23:26:00,112.3,112.31,112.3,112.3,621.0
2024-10-17 23:30:00,112.3,112.33,112.3,112.33,1237.0
2024-10-17 23:32:00,112.33,112.34,112.33,112.34,1105.0
2024-10-17 23:34:00,112.34,112.35,112.34,112.35,861.0
2024-10-17 23:40:00,112.35,112.438,112.35,112.438,1690.0
2024-10-17 23:42:00,112.402,112.402,112.4,112.4,823.0
2024-10-17 23:44:00,112.4364,112.4364,112.41,112.41,1313.0
2024-10-17 23:48:00,112.44,112.44,112.4115,112.4115,1773.0
2024-10-17 23:52:00,112.429,112.429,112.39,112.4,1885.0
2024-10-17 23:54:00,112.4,112.4011,112.4,112.4011,20105.0
2024-10-17 23:56:00,112.44,112.47,112.44,112.47,2146.0
2024-10-17 23:58:00,112.5,112.54,112.4095,112.4095,2565.0
2024-10-18 08:00:00,112.34,112.6,112.34,112.6,6333.0
2024-10-18 08:02:00,112.6,112.6,112.45,112.45,908.0
2024-10-18 08:06:00,112.59,112.59,112.59,112.59,165.0
2024-10-18 08:08:00,112.59,112.6,112.59,112.6,1042.0
2024-10-18 08:10:00,112.56,112.6,112.51,112.6,1153.0
2024-10-18 08:12:00,112.53,112.53,112.5,112.5,2773.0
2024-10-18 08:14:00,112.51,112.51,112.43,112.43,1552.0
2024-10-18 08:16:00,112.45,112.5,112.45,112.47,1317.0
2024-10-18 08:18:00,112.6,112.7,112.57,112.7,1869.0
2024-10-18 08:20:00,112.74,112.74,112.64,112.64,648.0
2024-10-18 08:22:00,112.51,112.51,112.5,112.5,484.0
2024-10-18 08:26:00,112.56,112.56,112.56,112.56,581.0
2024-10-18 08:30:00,112.66,112.66,112.66,112.66,311.0
2024-10-18 08:32:00,112.67,112.67,112.67,112.67,427.0
2024-10-18 08:36:00,112.66,112.66,112.66,112.66,392.0
2024-10-18 08:38:00,112.69,112.69,112.69,112.69,167.0
2024-10-18 08:40:00,112.72,112.74,112.72,112.74,500.0
2024-10-18 08:42:00,112.75,112.75,112.75,112.75,359.0
2024-10-18 08:54:00,112.72,112.72,112.72,112.72,105.0
2024-10-18 08:58:00,112.68,112.68,112.68,112.68,238.0
2024-10-18 09:00:00,112.74,112.74,112.74,112.74,200.0
2024-10-18 09:10:00,112.74,112.74,112.74,112.74,400.0
2024-10-18 09:12:00,112.7,112.7,112.7,112.7,200.0
2024-10-18 09:18:00,112.72,112.74,112.72,112.74,1038.0
2024-10-18 09:22:00,112.73,112.73,112.73,112.73,277.0
2024-10-18 09:24:00,112.73,112.73,112.68,112.68,347.0
2024-10-18 09:30:00,112.68,112.68,112.65,112.65,1363.0
2024-10-18 09:34:00,112.65,112.65,112.65,112.65,650.0
2024-10-18 09:54:00,112.49,112.49,112.37,112.37,1875.0
2024-10-18 09:56:00,112.23,112.23,112.0,112.02,2318.0
2024-10-18 09:58:00,112.3,112.3,112.18,112.18,645.0
2024-10-18 10:00:00,112.44,112.44,112.39,112.39,595.0
2024-10-18 10:02:00,112.39,112.39,112.23,112.23,230.0
2024-10-18 10:04:00,112.2,112.2,112.0,112.1,3563.0
2024-10-18 10:06:00,112.04,112.08,112.0,112.08,1363.0
2024-10-18 10:12:00,112.08,112.08,112.08,112.08,497.0
2024-10-18 10:14:00,112.09,112.09,112.0,112.08,541.0
2024-10-18 10:18:00,112.0,112.0,112.0,112.0,201.0
2024-10-18 10:24:00,112.08,112.09,112.08,112.09,595.0
2024-10-18 10:28:00,112.16,112.16,112.16,112.16,415.0
2024-10-18 10:36:00,112.2,112.35,112.11,112.34,2042.0
2024-10-18 10:38:00,112.4,112.4,112.4,112.4,370.0
2024-10-18 10:44:00,112.49,112.49,112.49,112.49,401.0
2024-10-18 10:46:00,112.43,112.43,112.43,112.43,581.0
2024-10-18 10:50:00,112.43,112.43,112.43,112.43,280.0
2024-10-18 10:52:00,112.37,112.37,112.3,112.3,594.0
2024-10-18 10:56:00,112.3,112.3,112.3,112.3,284.0
2024-10-18 11:00:00,112.39,112.49,112.28,112.46,2869.0
2024-10-18 11:02:00,112.37,112.37,112.37,112.37,854.0
2024-10-18 11:04:00,112.37,112.4,112.3,112.4,3935.0
2024-10-18 11:06:00,112.28,112.35,112.27,112.27,2929.0
2024-10-18 11:10:00,112.29,112.3,112.18,112.3,3772.0
2024-10-18 11:12:00,112.34,112.35,112.34,112.35,1085.0
2024-10-18 11:14:00,112.49,112.5,112.49,112.5,1501.0
2024-10-18 11:16:00,112.53,112.55,112.5,112.5,735.0
2024-10-18 11:18:00,112.55,112.6,112.55,112.6,1328.0
2024-10-18 11:20:00,112.65,112.66,112.65,112.66,2872.0
2024-10-18 11:22:00,112.64,112.68,112.62,112.62,2020.0
2024-10-18 11:24:00,112.68,112.68,112.68,112.68,202.0
2024-10-18 11:26:00,112.69,112.7,112.69,112.7,1308.0
2024-10-18 11:28:00,112.65,112.65,112.65,112.65,680.0
2024-10-18 11:34:00,112.7,112.7,112.7,112.7,310.0
2024-10-18 11:36:00,112.79,112.85,112.77,112.77,1948.0
2024-10-18 11:38:00,112.89,112.91,112.8,112.8,1547.0
2024-10-18 11:44:00,112.65,112.65,112.65,112.65,130.0
2024-10-18 11:48:00,112.73,112.85,112.73,112.75,2982.0
2024-10-18 11:52:00,112.79,112.79,112.75,112.79,1496.0
2024-10-18 11:54:00,112.79,112.79,112.79,112.79,225.0
2024-10-18 11:58:00,112.75,112.75,112.75,112.75,815.0
2024-10-18 12:00:00,112.37,112.85,112.18,112.6675,30549.0
2024-10-18 12:02:00,112.7,112.8388,112.7,112.8388,1579.0
2024-10-18 12:04:00,112.69,112.69,112.69,112.69,677.0
2024-10-18 12:06:00,112.52,112.52,112.51,112.51,430.0
2024-10-18 12:08:00,112.67,112.74,112.67,112.74,1503.0
2024-10-18 12:10:00,112.64,112.64,112.57,112.57,1152.0
2024-10-18 12:12:00,112.55,112.7,112.55,112.7,11361.0
2024-10-18 12:14:00,112.6,112.75,112.6,112.75,1229.0
2024-10-18 12:16:00,112.61,112.61,112.61,112.61,389.0
2024-10-18 12:22:00,112.68,112.68,112.68,112.68,180.0
2024-10-18 12:26:00,112.79,112.84,112.79,112.84,1591.0
2024-10-18 12:28:00,112.9,113.0,112.9,112.95,1835.0
2024-10-18 12:30:00,112.96,112.99,112.9,112.99,2965.0
2024-10-18 12:32:00,112.9403,112.99,112.8975,112.8975,1309.0
2024-10-18 12:34:00,112.9,112.9851,112.9,112.9851,2060.0
2024-10-18 12:36:00,112.9,112.9,112.9,112.9,1801.0
2024-10-18 12:38:00,112.91,112.99,112.9016,112.98,2786.0
2024-10-18 12:40:00,112.91,112.96,112.91,112.96,787.0
2024-10-18 12:42:00,112.91,112.91,112.85,112.85,393.0
2024-10-18 12:44:00,112.91,112.98,112.91,112.98,2228.0
2024-10-18 12:48:00,112.98,113.08,112.97,113.08,9661.0
2024-10-18 12:50:00,113.01,113.05,113.01,113.05,496.0
2024-10-18 12:52:00,112.99,112.99,112.99,112.99,925.0
2024-10-18 12:54:00,112.96,113.07,112.92,113.04,24439.0
2024-10-18 12:56:00,112.96,112.96,112.81,112.882,5704.0
2024-10-18 12:58:00,112.8037,112.9,112.8037,112.9,2105.0
2024-10-18 13:00:00,112.9,112.95,112.9,112.95,969.0
2024-10-18 13:04:00,112.95,112.99,112.93,112.95,2057.0
2024-10-18 13:06:00,112.96,112.96,112.96,112.96,257.0
2024-10-18 13:08:00,112.95,112.98,112.95,112.98,902.0
2024-10-18 13:10:00,112.99,113.0,112.95,112.97,2114.0
2024-10-18 13:12:00,112.9495,112.95,112.91,112.95,1464.0
2024-10-18 13:14:00,112.98,113.0,112.98,113.0,3475.0
2024-10-18 13:16:00,113.0,113.0,113.0,113.0,7375.0
2024-10-18 13:18:00,113.02,113.11,113.02,113.09,2860.0
2024-10-18 13:20:00,113.0903,113.0903,112.85,113.06,1479.0
2024-10-18 13:22:00,113.11,113.18,113.08,113.1,5975.0
2024-10-18 13:24:00,113.18,113.2,112.8,112.8,13450.0
2024-10-18 13:26:00,112.92,112.92,112.61,112.86,5872.0
2024-10-18 13:28:00,112.81,112.8469,111.73,111.74,69630.0
2024-10-18 13:30:00,111.75,112.8299,111.1207,111.32,849338.0
2024-10-18 13:32:00,111.2904,112.9,111.29,112.33,268530.0
2024-10-18 13:34:00,112.26,112.385,112.0,112.05,177683.0
2024-10-18 13:36:00,112.08,112.17,111.5406,111.72,117550.0
2024-10-18 13:38:00,111.73,111.77,111.13,111.1969,209151.0
2024-10-18 13:40:00,111.195,111.51,110.88,111.475,236396.0
2024-10-18 13:42:00,111.48,111.696,111.19,111.275,113535.0
2024-10-18 13:44:00,111.3,111.57,111.2125,111.2125,117031.0
2024-10-18 13:46:00,111.2455,111.6694,111.19,111.63,134504.0
2024-10-18 13:48:00,111.6101,111.71,111.37,111.43,151233.0
2024-10-18 13:50:00,111.4693,111.83,111.4693,111.675,99217.0
2024-10-18 13:52:00,111.675,111.97,111.65,111.8633,108407.0
2024-10-18 13:54:00,111.85,111.9499,111.62,111.675,76370.0
2024-10-18 13:56:00,111.67,111.85,111.6266,111.77,82643.0
2024-10-18 13:58:00,111.75,111.9,111.7382,111.75,62418.0
2024-10-18 14:00:00,111.76,111.8299,111.5,111.53,96341.0
2024-10-18 14:02:00,111.512,111.85,111.47,111.85,72853.0
2024-10-18 14:04:00,111.85,111.94,111.71,111.8057,71826.0
2024-10-18 14:06:00,111.81,111.97,111.72,111.95,58635.0
2024-10-18 14:08:00,111.95,112.0,111.7709,111.95,96571.0
2024-10-18 14:10:00,111.96,111.99,111.59,111.625,59027.0
2024-10-18 14:12:00,111.62,111.76,111.49,111.53,71825.0
2024-10-18 14:14:00,111.55,111.56,111.39,111.4493,63721.0
2024-10-18 14:16:00,111.44,111.6,111.4135,111.56,55953.0
2024-10-18 14:18:00,111.56,111.6199,111.45,111.58,75311.0
2024-10-18 14:20:00,111.54,111.98,111.514,111.946,66344.0
2024-10-18 14:22:00,111.9534,112.03,111.89,112.015,71788.0
2024-10-18 14:24:00,112.03,112.121,111.99,112.06,70937.0
2024-10-18 14:26:00,112.07,112.3099,112.07,112.22,147686.0
2024-10-18 14:28:00,112.21,112.33,112.113,112.29,105483.0
2024-10-18 14:30:00,112.31,112.38,112.0491,112.12,68339.0
2024-10-18 14:32:00,112.11,112.16,111.91,111.98,71482.0
2024-10-18 14:34:00,111.96,112.06,111.87,111.91,58955.0
2024-10-18 14:36:00,111.9,111.97,111.81,111.85,42783.0
2024-10-18 14:38:00,111.852,111.88,111.64,111.8199,69367.0
2024-10-18 14:40:00,111.81,111.89,111.7799,111.785,36947.0
2024-10-18 14:42:00,111.8,111.8399,111.73,111.77,34029.0
2024-10-18 14:44:00,111.78,111.875,111.73,111.81,40268.0
2024-10-18 14:46:00,111.83,111.855,111.74,111.76,36905.0
2024-10-18 14:48:00,111.78,111.785,111.54,111.57,66213.0
2024-10-18 14:50:00,111.5899,111.5899,111.31,111.33,59760.0
2024-10-18 14:52:00,111.31,111.33,111.2,111.22,75797.0
2024-10-18 14:54:00,111.205,111.24,110.94,110.9699,115715.0
2024-10-18 14:56:00,110.945,111.2,110.89,111.13,151159.0
2024-10-18 14:58:00,111.1399,111.1399,110.83,110.83,90811.0
2024-10-18 15:00:00,110.8301,111.13,110.8201,111.105,124069.0
2024-10-18 15:02:00,111.105,111.13,110.99,111.025,83751.0
2024-10-18 15:04:00,111.03,111.08,110.83,110.9899,79154.0
2024-10-18 15:06:00,111.0,111.08,110.93,110.94,32042.0
2024-10-18 15:08:00,110.94,111.05,110.8461,110.98,78148.0
2024-10-18 15:10:00,110.99,111.195,110.9801,111.12,111550.0
2024-10-18 15:12:00,111.13,111.18,111.04,111.06,50890.0
2024-10-18 15:14:00,111.07,111.14,111.0,111.1,48247.0
2024-10-18 15:16:00,111.1,111.25,111.06,111.2392,51992.0
2024-10-18 15:18:00,111.23,111.25,111.055,111.2,68199.0
2024-10-18 15:20:00,111.23,111.23,111.11,111.12,22667.0
2024-10-18 15:22:00,111.12,111.14,110.97,110.985,66843.0
2024-10-18 15:24:00,110.985,111.04,110.88,110.8803,72189.0
2024-10-18 15:26:00,110.895,110.9024,110.7301,110.74,110992.0
2024-10-18 15:28:00,110.73,110.79,110.61,110.61,132147.0
2024-10-18 15:30:00,110.61,110.82,110.61,110.7226,83487.0
2024-10-18 15:32:00,110.742369,110.8299,110.7,110.72,73998.0
2024-10-18 15:34:00,110.72,110.7297,110.58,110.6666,64350.0
2024-10-18 15:36:00,110.68,110.7,110.58,110.6,45101.0
2024-10-18 15:38:00,110.61,110.67,110.6,110.635,39823.0
2024-10-18 15:40:00,110.635,110.6899,110.4601,110.5,97109.0
2024-10-18 15:42:00,110.5,110.5,110.26,110.3,247670.0
2024-10-18 15:44:00,110.31,110.39,110.27,110.3,67345.0
2024-10-18 15:46:00,110.295,110.38,110.23,110.25,45420.0
2024-10-18 15:48:00,110.26,110.29,110.21,110.21,47198.0
2024-10-18 15:50:00,110.21,110.292,110.17,110.24,89001.0
2024-10-18 15:52:00,110.25,110.35,110.11,110.2857,162134.0
2024-10-18 15:54:00,110.31,110.3299,110.1712,110.21,75231.0
2024-10-18 15:56:00,110.2064,110.23,110.01,110.0257,88263.0
2024-10-18 15:58:00,110.03,110.1828,110.0131,110.1559,44047.0
2024-10-18 16:00:00,110.16,110.19,110.07,110.07,46315.0
2024-10-18 16:02:00,110.07,110.0999,109.94,110.075,112920.0
2024-10-18 16:04:00,110.08,110.1397,110.0,110.02,31791.0
2024-10-18 16:06:00,110.03,110.18,110.03,110.1499,35248.0
2024-10-18 16:08:00,110.165,110.21,110.1,110.17,36024.0
2024-10-18 16:10:00,110.17,110.18,110.08,110.12,30143.0
2024-10-18 16:12:00,110.13,110.135,109.95,109.99,56630.0
2024-10-18 16:14:00,109.97,109.99,109.86,109.94,77958.0
2024-10-18 16:16:00,109.93,110.09,109.88,110.09,50904.0
2024-10-18 16:18:00,110.09,110.19,110.0301,110.15,54657.0
2024-10-18 16:20:00,110.152,110.2,110.0401,110.11,67274.0
2024-10-18 16:22:00,110.1137,110.22,110.09,110.2025,39009.0
2024-10-18 16:24:00,110.18,110.24,110.13,110.13,43900.0
2024-10-18 16:26:00,110.126,110.15,110.01,110.065,27770.0
2024-10-18 16:28:00,110.065,110.1299,110.0274,110.115,27170.0
2024-10-18 16:30:00,110.11,110.1981,110.08,110.1981,34875.0
2024-10-18 16:32:00,110.17,110.2904,110.16,110.2525,44726.0
2024-10-18 16:34:00,110.26,110.33,110.2442,110.315,33292.0
2024-10-18 16:36:00,110.3242,110.326,110.105,110.12,49695.0
2024-10-18 16:38:00,110.095,110.145,110.07,110.0942,32369.0
2024-10-18 16:40:00,110.0701,110.17,110.0701,110.1,32603.0
2024-10-18 16:42:00,110.11,110.145,110.07,110.11,43567.0
2024-10-18 16:44:00,110.1,110.16,110.03,110.068,42704.0
2024-10-18 16:46:00,110.06,110.12,110.03,110.1,37121.0
2024-10-18 16:48:00,110.0801,110.1696,110.01,110.02,35582.0
2024-10-18 16:50:00,110.01,110.11,109.97,110.07,41307.0
2024-10-18 16:52:00,110.08,110.13,110.03,110.09,23689.0
2024-10-18 16:54:00,110.1,110.26,110.1,110.25,52614.0
2024-10-18 16:56:00,110.2599,110.36,110.25,110.27,75851.0
2024-10-18 16:58:00,110.27,110.27,110.1194,110.155,52796.0
2024-10-18 17:00:00,110.15,110.2299,110.1,110.16,36696.0
2024-10-18 17:02:00,110.165,110.165,109.98,109.99,59517.0
2024-10-18 17:04:00,109.97,110.05,109.97,110.05,43167.0
2024-10-18 17:06:00,110.06,110.09,110.01,110.03,26829.0
2024-10-18 17:08:00,110.04,110.18,110.04,110.17,45167.0
2024-10-18 17:10:00,110.18,110.24,110.16,110.205,49156.0
2024-10-18 17:12:00,110.21,110.25,110.2,110.2299,50798.0
2024-10-18 17:14:00,110.22,110.2399,110.12,110.17,41082.0
2024-10-18 17:16:00,110.18,110.21,110.1,110.15,37577.0
2024-10-18 17:18:00,110.15,110.23,110.12,110.21,31554.0
2024-10-18 17:20:00,110.2201,110.235,110.185,110.2251,22869.0
2024-10-18 17:22:00,110.225,110.235,110.14,110.18,19081.0
2024-10-18 17:24:00,110.19,110.2,110.12,110.12,19273.0
2024-10-18 17:26:00,110.14,110.26,110.14,110.26,76645.0
2024-10-18 17:28:00,110.245,110.32,110.232,110.27,48910.0
2024-10-18 17:30:00,110.28,110.3294,110.205,110.31,77154.0
2024-10-18 17:32:00,110.32,110.3652,110.272644,110.28,28030.0
2024-10-18 17:34:00,110.285,110.34,110.22,110.34,37957.0
2024-10-18 17:36:00,110.34,110.344,110.29,110.335,49984.0
2024-10-18 17:38:00,110.34,110.34,110.264889,110.29,43746.0
2024-10-18 17:40:00,110.3,110.325,110.23,110.29,31558.0
2024-10-18 17:42:00,110.28,110.315,110.2,110.23,42588.0
2024-10-18 17:44:00,110.245,110.285,110.2,110.285,45786.0
2024-10-18 17:46:00,110.2824,110.55,110.28,110.49,67251.0
2024-10-18 17:48:00,110.4999,110.57,110.49,110.56,65796.0
2024-10-18 17:50:00,110.554,110.5799,110.43,110.45,84687.0
2024-10-18 17:52:00,110.46,110.52,110.46,110.47,43944.0
2024-10-18 17:54:00,110.475,110.495,110.3201,110.375,104370.0
2024-10-18 17:56:00,110.3777,110.494,110.36,110.494,54069.0
2024-10-18 17:58:00,110.49,110.49,110.37,110.375,27420.0
2024-10-18 18:00:00,110.37,110.42,110.24,110.41,97153.0
2024-10-18 18:02:00,110.43,110.45,110.38,110.45,34824.0
2024-10-18 18:04:00,110.47,110.525,110.4569,110.495,39897.0
2024-10-18 18:06:00,110.495,110.56,110.46,110.505,39668.0
2024-10-18 18:08:00,110.5,110.55,110.5,110.536,36248.0
2024-10-18 18:10:00,110.54,110.6,110.5,110.59,38863.0
2024-10-18 18:12:00,110.58,110.65,110.57,110.62,48597.0
2024-10-18 18:14:00,110.6199,110.77,110.61,110.66,72145.0
2024-10-18 18:16:00,110.66,110.728,110.6302,110.67,69760.0
2024-10-18 18:18:00,110.6703,110.675,110.5,110.605,68862.0
2024-10-18 18:20:00,110.6,110.7199,110.6,110.66,41750.0
2024-10-18 18:22:00,110.67,110.77,110.641,110.655,62516.0
2024-10-18 18:24:00,110.6599,110.7,110.6,110.63,62216.0
2024-10-18 18:26:00,110.655,110.68,110.59,110.62,38536.0
2024-10-18 18:28:00,110.62,110.655,110.56,110.64,28579.0
2024-10-18 18:30:00,110.63,110.64,110.53,110.57,33648.0
2024-10-18 18:32:00,110.59,110.64,110.59,110.5902,27429.0
2024-10-18 18:34:00,110.595,110.6099,110.43,110.51,53023.0
2024-10-18 18:36:00,110.5,110.59,110.49,110.5888,52113.0
2024-10-18 18:38:00,110.585,110.625,110.54,110.58,46696.0
2024-10-18 18:40:00,110.585,110.595,110.535,110.5369,44666.0
2024-10-18 18:42:00,110.55,110.59,110.5426,110.56,40660.0
2024-10-18 18:44:00,110.555,110.56,110.48,110.49,42584.0
2024-10-18 18:46:00,110.505,110.6471,110.49,110.62,72420.0
2024-10-18 18:48:00,110.62,110.699,110.6107,110.64,35728.0
2024-10-18 18:50:00,110.63,110.665,110.575,110.58,29091.0
2024-10-18 18:52:00,110.56,110.5682,110.51,110.545,34408.0
2024-10-18 18:54:00,110.544,110.62,110.51,110.61,34497.0
2024-10-18 18:56:00,110.615,110.63,110.56,110.5802,26528.0
2024-10-18 18:58:00,110.58,110.635,110.57,110.6216,26136.0
2024-10-18 19:00:00,110.625,110.625,110.53,110.57,38980.0
2024-10-18 19:02:00,110.57,110.61,110.49,110.58,88630.0
2024-10-18 19:04:00,110.585,110.685,110.55,110.64,129813.0
2024-10-18 19:06:00,110.65,110.71,110.65,110.705,50620.0
2024-10-18 19:08:00,110.7022,110.81,110.7,110.785,49758.0
2024-10-18 19:10:00,110.79,110.8,110.67,110.71,29295.0
2024-10-18 19:12:00,110.71,110.73,110.67,110.73,28671.0
2024-10-18 19:14:00,110.73,110.74,110.7,110.735,28081.0
2024-10-18 19:16:00,110.731,110.81,110.73,110.76,29911.0
2024-10-18 19:18:00,110.755,110.94,110.75,110.94,55434.0
2024-10-18 19:20:00,110.935,110.969,110.88,110.96,67254.0
2024-10-18 19:22:00,110.97,111.02,110.94,110.98,115363.0
2024-10-18 19:24:00,110.98,111.05,110.95,111.0495,105367.0
2024-10-18 19:26:00,111.045,111.11,111.035,111.095,89988.0
2024-10-18 19:28:00,111.094,111.19,111.09,111.175,79388.0
2024-10-18 19:30:00,111.17,111.17,111.01,111.02,113655.0
2024-10-18 19:32:00,111.0298,111.05,110.96,111.01,53267.0
2024-10-18 19:34:00,111.0136,111.03,110.89,110.945,77389.0
2024-10-18 19:36:00,110.94,111.065,110.93,111.0,65580.0
2024-10-18 19:38:00,111.005,111.005,110.92,110.975,62383.0
2024-10-18 19:40:00,110.975,111.04,110.945,111.02,87780.0
2024-10-18 19:42:00,111.025,111.0381,110.97,110.995,68655.0
2024-10-18 19:44:00,110.995,110.995,110.89,110.93,99647.0
2024-10-18 19:46:00,110.935,110.95,110.83,110.8664,109295.0
2024-10-18 19:48:00,110.87,111.02,110.87,110.9901,98545.0
2024-10-18 19:50:00,110.99,111.11,110.855,111.11,172887.0
2024-10-18 19:52:00,111.11,111.11,111.02,111.0799,131956.0
2024-10-18 19:54:00,111.09,111.255,111.075,111.165,221271.0
2024-10-18 19:56:00,111.17,111.2,111.07,111.075,202986.0
2024-10-18 19:58:00,111.0701,111.19,111.04,111.16,399034.0
2024-10-18 20:00:00,111.15,111.15,111.15,111.15,31807.0
2024-10-18 20:02:00,111.01,111.03,110.96,111.02,7307.0
2024-10-18 20:04:00,111.02,111.15,110.22,111.15,22541.0
2024-10-18 20:06:00,110.99,110.99,110.96,110.96,1265.0
2024-10-18 20:08:00,110.92,110.92,110.91,110.91,1244.0
2024-10-18 20:10:00,110.94,110.94,110.93,110.93,371.0
2024-10-18 20:14:00,110.94,110.98,110.94,110.98,1070.0
2024-10-18 20:16:00,110.96,110.96,110.96,110.96,571.0
2024-10-18 20:18:00,110.93,110.96,110.93,110.96,673.0
2024-10-18 20:20:00,110.93,110.93,110.93,110.93,1203.0
2024-10-18 20:24:00,110.9,110.9,110.9,110.9,226.0
2024-10-18 20:26:00,110.91,110.91,110.9,110.9,6439.0
2024-10-18 20:28:00,110.81,110.81,110.81,110.81,548.0
2024-10-18 20:30:00,110.81,110.88,110.71,110.88,1354.0
2024-10-18 20:32:00,110.88,110.88,110.84,110.84,1610.0
2024-10-18 20:36:00,110.87,110.87,110.87,110.87,1243.0
2024-10-18 20:38:00,110.88,110.88,110.88,110.88,154504.0
2024-10-18 20:40:00,110.88,110.88,110.86,110.88,1442.0
2024-10-18 20:44:00,110.83,110.85,110.83,110.85,365.0
2024-10-18 20:46:00,110.84,110.88,110.84,110.86,2664.0
2024-10-18 20:48:00,110.87,110.87,110.84,110.87,973.0
2024-10-18 20:50:00,110.88,110.93,110.88,110.93,2117.0
2024-10-18 20:52:00,110.91,110.91,110.9,110.9,990.0
2024-10-18 20:56:00,111.15,111.15,111.15,111.15,44175.0
2024-10-18 21:08:00,110.91,110.91,110.91,110.91,100.0
2024-10-18 21:10:00,110.93,110.93,110.93,110.93,852.0
2024-10-18 21:12:00,110.93,110.9953,110.93,110.94,1436.0
2024-10-18 21:14:00,110.96,110.9614,110.96,110.9614,602.0
2024-10-18 21:16:00,110.9615,110.9615,110.9615,110.9615,418.0
2024-10-18 21:18:00,110.96,110.96,110.96,110.96,360.0
2024-10-18 21:26:00,110.96,110.96,110.96,110.96,999.0
2024-10-18 21:28:00,110.96,110.96,110.9208,110.9208,478.0
2024-10-18 21:34:00,110.9017,110.9017,110.9017,110.9017,210.0
2024-10-18 21:36:00,110.98,110.98,110.98,110.98,225.0
2024-10-18 21:40:00,110.98,110.98,110.98,110.98,105.0
2024-10-18 21:44:00,110.91,110.91,110.91,110.91,234.0
2024-10-18 21:48:00,110.91,110.91,110.91,110.91,237.0
2024-10-18 21:56:00,110.94,110.94,110.94,110.94,521.0
2024-10-18 22:04:00,110.99,110.99,110.99,110.99,359.0
2024-10-18 22:20:00,111.0,111.0,111.0,111.0,100.0
2024-10-18 22:22:00,111.0,111.0,111.0,111.0,638.0
2024-10-18 22:36:00,110.95,110.95,110.95,110.95,560.0
2024-10-18 22:46:00,110.9436,110.9436,110.9436,110.9436,144.0
2024-10-18 22:48:00,110.94,110.94,110.94,110.94,230.0
2024-10-18 22:50:00,110.9497,110.9497,110.9497,110.9497,161.0
2024-10-18 22:54:00,110.94,110.94,110.94,110.94,667.0
2024-10-18 22:56:00,110.95,110.95,110.95,110.95,162.0
2024-10-18 23:02:00,110.9413,110.9413,110.94,110.94,620.0
2024-10-18 23:10:00,110.94,110.94,110.94,110.94,260.0
2024-10-18 23:12:00,110.94,110.94,110.94,110.94,500.0
2024-10-18 23:16:00,110.9789,110.9789,110.9789,110.9789,612.0
2024-10-18 23:18:00,110.9425,110.9425,110.9425,110.9425,100.0
2024-10-18 23:20:00,110.9404,110.9404,110.9404,110.9404,752.0
2024-10-18 23:22:00,110.98,110.98,110.9404,110.9404,1053.0
2024-10-18 23:24:00,110.94,110.94,110.94,110.94,2000.0
2024-10-18 23:26:00,110.99,110.99,110.99,110.99,104.0
2024-10-18 23:28:00,111.0,111.03,110.94,111.0,1227.0
2024-10-18 23:32:00,110.9468,110.9468,110.9468,110.9468,500.0
2024-10-18 23:36:00,111.09,111.09,111.09,111.09,289.0
2024-10-18 23:38:00,111.1,111.1,111.1,111.1,256.0
2024-10-18 23:44:00,111.05,111.09,110.97,111.0,937.0
2024-10-18 23:46:00,111.0,111.0,111.0,111.0,1001.0
2024-10-18 23:54:00,111.0,111.0,111.0,111.0,372.0
2024-10-18 23:58:00,110.9402,111.0,110.9402,111.0,1605.0
2024-10-21 08:04:00,111.57,111.57,111.44,111.44,907.0
2024-10-21 08:06:00,111.61,111.61,111.49,111.49,1307.0
2024-10-21 08:10:00,111.49,111.51,111.49,111.5,2777.0
2024-10-21 08:12:00,111.5,111.5,111.38,111.38,1502.0
2024-10-21 08:14:00,111.37,111.37,111.37,111.37,343.0
2024-10-21 08:22:00,111.21,111.21,111.2,111.2,505.0
2024-10-21 08:24:00,111.22,111.22,111.22,111.22,162.0
2024-10-21 08:28:00,111.16,111.22,111.16,111.22,570.0
2024-10-21 08:34:00,111.11,111.11,111.11,111.11,302.0
2024-10-21 08:38:00,111.23,111.23,111.19,111.19,651.0
2024-10-21 08:52:00,111.44,111.44,111.28,111.28,837.0
2024-10-21 09:02:00,111.49,111.49,111.49,111.49,633.0
2024-10-21 09:04:00,111.49,111.49,111.49,111.49,1001.0
2024-10-21 09:06:00,111.44,111.48,111.44,111.48,323.0
2024-10-21 09:08:00,111.49,111.49,111.49,111.49,701.0
2024-10-21 09:12:00,111.46,111.46,111.46,111.46,150.0
2024-10-21 09:16:00,111.3,111.3,111.22,111.22,944.0
2024-10-21 09:22:00,111.19,111.19,111.19,111.19,1198.0
2024-10-21 09:24:00,111.03,111.03,111.0,111.0,683.0
2024-10-21 09:26:00,111.05,111.05,111.05,111.05,324.0
2024-10-21 09:28:00,111.0,111.0,111.0,111.0,925.0
2024-10-21 09:30:00,111.0,111.0,111.0,111.0,491.0
2024-10-21 09:38:00,110.99,111.0,110.99,111.0,478.0
2024-10-21 09:40:00,111.08,111.08,111.08,111.08,174.0
2024-10-21 09:56:00,111.0,111.0,111.0,111.0,242.0
2024-10-21 10:00:00,110.94,110.94,110.94,110.94,500.0
2024-10-21 10:04:00,111.0,111.0,111.0,111.0,201.0
2024-10-21 10:10:00,110.91,110.91,110.91,110.91,372.0
2024-10-21 10:30:00,110.91,110.92,110.91,110.92,360.0
2024-10-21 10:32:00,110.97,110.97,110.97,110.97,352.0
2024-10-21 10:44:00,110.75,110.75,110.6,110.6,1981.0
2024-10-21 10:46:00,110.65,110.65,110.65,110.65,205.0
2024-10-21 10:48:00,110.53,110.53,110.53,110.53,317.0
2024-10-21 10:56:00,110.41,110.43,110.32,110.32,876.0
2024-10-21 11:00:00,110.39,110.63,110.3,110.3,3897.0
2024-10-21 11:02:00,110.42,110.42,110.42,110.42,251.0
2024-10-21 11:06:00,110.52,110.59,110.39,110.39,1260.0
2024-10-21 11:08:00,110.58,110.61,110.44,110.44,1195.0
2024-10-21 11:10:00,110.44,110.44,110.3,110.33,2674.0
2024-10-21 11:14:00,110.33,110.33,110.32,110.32,300.0
2024-10-21 11:16:00,110.22,110.22,110.22,110.22,708.0
2024-10-21 11:18:00,110.02,110.1,110.01,110.1,1065.0
2024-10-21 11:20:00,110.14,110.15,110.14,110.14,1964.0
2024-10-21 11:22:00,110.05,110.05,110.05,110.05,755.0
2024-10-21 11:24:00,110.0,110.0,109.75,109.76,21874.0
2024-10-21 11:26:00,109.79,109.94,109.72,109.85,32754.0
2024-10-21 11:28:00,109.89,109.96,109.89,109.9,3486.0
2024-10-21 11:30:00,109.85,109.85,109.85,109.85,830.0
2024-10-21 11:32:00,109.92,109.92,109.91,109.92,2042.0
2024-10-21 11:34:00,109.92,109.93,109.92,109.93,609.0
2024-10-21 11:36:00,109.86,109.86,109.86,109.86,350.0
2024-10-21 11:42:00,109.9,109.91,109.85,109.91,1498.0
2024-10-21 11:44:00,109.99,110.0,109.99,110.0,693.0
2024-10-21 11:46:00,109.92,109.92,109.62,109.79,3658.0
2024-10-21 11:48:00,109.6,109.63,109.6,109.63,1370.0
2024-10-21 11:50:00,109.66,109.66,109.66,109.66,445.0
2024-10-21 11:56:00,109.73,109.73,109.73,109.73,324.0
2024-10-21 11:58:00,109.73,109.73,109.73,109.73,314.0
2024-10-21 12:00:00,110.42,111.17,109.52,109.6543,42787.0
2024-10-21 12:02:00,109.7944,109.85,109.75,109.85,1118.0
2024-10-21 12:04:00,109.93,111.427,109.93,110.0,3307.0
2024-10-21 12:06:00,110.15,110.15,110.1,110.1,1750.0
2024-10-21 12:08:00,110.1,110.1788,110.1,110.1788,765.0
2024-10-21 12:12:00,110.0,110.0,110.0,110.0,565.0
2024-10-21 12:14:00,110.03,110.18,110.0,110.18,1782.0
2024-10-21 12:18:00,110.0165,110.0165,110.0165,110.0165,296.0
2024-10-21 12:20:00,110.1,110.18,110.1,110.18,1801.0
2024-10-21 12:22:00,110.18,110.2,110.18,110.2,1454.0
2024-10-21 12:24:00,110.2,110.24,110.2,110.24,810.0
2024-10-21 12:26:00,110.27,110.27,110.25,110.25,828.0
2024-10-21 12:28:00,110.25,110.25,110.1,110.1,204.0
2024-10-21 12:30:00,110.2,110.2,110.2,110.2,425.0
2024-10-21 12:32:00,110.25,110.3,110.2,110.3,187684.0
2024-10-21 12:34:00,110.38,110.44,110.38,110.44,2412.0
2024-10-21 12:36:00,110.36,110.45,110.2,110.2,2091.0
2024-10-21 12:38:00,110.4,110.53,110.26,110.35,5952.0
2024-10-21 12:40:00,110.35,110.45,110.35,110.45,1477.0
2024-10-21 12:42:00,110.41,110.47,110.41,110.45,2388.0
2024-10-21 12:44:00,110.45,110.45,110.4215,110.4215,1910.0
2024-10-21 12:46:00,110.45,110.47,110.41,110.47,2642.0
2024-10-21 12:48:00,110.3801,110.39,110.3801,110.39,2565.0
2024-10-21 12:50:00,110.48,110.5,110.35,110.35,1674.0
2024-10-21 12:52:00,110.42,110.45,110.42,110.45,648.0
2024-10-21 12:54:00,110.4037,110.5,110.4037,110.5,2293.0
2024-10-21 12:56:00,110.6,110.6,110.5,110.5,732.0
2024-10-21 12:58:00,110.5998,110.6,110.46,110.46,24743.0
2024-10-21 13:00:00,110.6,110.6,110.45,110.45,1815.0
2024-10-21 13:02:00,110.55,111.0,110.55,110.9969,7042.0
2024-10-21 13:04:00,110.7,110.7,110.7,110.7,435.0
2024-10-21 13:06:00,110.7016,110.8,110.7016,110.8,1982.0
2024-10-21 13:08:00,110.89,110.89,110.7,110.7,896.0
2024-10-21 13:10:00,110.79,110.81,110.75,110.76,1491.0
2024-10-21 13:12:00,110.71,110.71,110.7,110.7,644.0
2024-10-21 13:14:00,110.75,110.75,110.68,110.68,1003.0
2024-10-21 13:16:00,110.74,110.74,110.69,110.69,749.0
2024-10-21 13:18:00,110.651,110.68,110.651,110.68,235.0
2024-10-21 13:20:00,110.75,110.8,110.69,110.69,667.0
2024-10-21 13:22:00,110.68,110.8384,110.68,110.72,340.0
2024-10-21 13:26:00,110.8,111.11,110.6,110.6,11974.0
2024-10-21 13:28:00,110.96,111.1654,110.96,111.0,2230.0
2024-10-21 13:30:00,111.1,111.14,110.23,110.24,230736.0
2024-10-21 13:32:00,110.2582,110.3251,109.78,109.92,198323.0
2024-10-21 13:34:00,110.0,110.06,109.7089,109.97,98840.0
2024-10-21 13:36:00,109.95,110.4,109.83,110.06,114957.0
2024-10-21 13:38:00,110.08,110.445,110.07,110.22,79777.0
2024-10-21 13:40:00,110.22,110.34,110.05,110.14,58337.0
2024-10-21 13:42:00,110.1488,110.2205,110.01,110.195,86458.0
2024-10-21 13:44:00,110.21,110.6,110.1706,110.48,90574.0
2024-10-21 13:46:00,110.515,110.57,110.3201,110.3938,68325.0
2024-10-21 13:48:00,110.405,110.56,110.2963,110.56,51837.0
2024-10-21 13:50:00,110.5551,110.6,110.3733,110.5,49220.0
2024-10-21 13:52:00,110.42,110.8,110.39,110.7,100731.0
2024-10-21 13:54:00,110.71,110.73,110.36,110.36,58979.0
2024-10-21 13:56:00,110.353,110.5399,110.21,110.22,60779.0
2024-10-21 13:58:00,110.226,110.35,110.21,110.3,48568.0
2024-10-21 14:00:00,110.3,110.37,110.25,110.28,42092.0
2024-10-21 14:02:00,110.315,110.48,110.15,110.41,71634.0
2024-10-21 14:04:00,110.4233,110.48,110.2754,110.48,46332.0
2024-10-21 14:06:00,110.49,110.6399,110.465,110.475,70511.0
2024-10-21 14:08:00,110.4601,110.5,110.291,110.36,45822.0
2024-10-21 14:10:00,110.38,110.39,110.23,110.31,57514.0
2024-10-21 14:12:00,110.31,110.33,110.17,110.2,82435.0
2024-10-21 14:14:00,110.2,110.45,110.195997,110.4192,99328.0
2024-10-21 14:16:00,110.36,110.5198,110.35,110.49,138049.0
2024-10-21 14:18:00,110.4874,110.5458,110.4,110.53,52422.0
2024-10-21 14:20:00,110.54,110.59,110.4201,110.435,65573.0
2024-10-21 14:22:00,110.4336,110.463687,110.18,110.19,39913.0
2024-10-21 14:24:00,110.15,110.15,109.92,109.97,111505.0
2024-10-21 14:26:00,109.95,110.12,109.9318,109.97,69347.0
2024-10-21 14:28:00,109.99,110.02,109.76,109.775,57852.0
2024-10-21 14:30:00,109.77,109.8399,109.57,109.65,141461.0
2024-10-21 14:32:00,109.64,109.76,109.64,109.67,60183.0
2024-10-21 14:34:00,109.66,109.69,109.48,109.65,104803.0
2024-10-21 14:36:00,109.63,109.6622,109.4275,109.43,61335.0
2024-10-21 14:38:00,109.45,109.46,109.18,109.21,87877.0
2024-10-21 14:40:00,109.202,109.29,109.05,109.19,114533.0
2024-10-21 14:42:00,109.19,109.238,109.09,109.1671,66334.0
2024-10-21 14:44:00,109.14,109.1799,108.8,108.83,105173.0
2024-10-21 14:46:00,108.8,109.0872,108.72,109.05,76023.0
2024-10-21 14:48:00,109.04,109.065,108.89,108.93,46963.0
2024-10-21 14:50:00,108.96,109.15,108.95,109.1056,72965.0
2024-10-21 14:52:00,109.1,109.31,109.1,109.26,95700.0
2024-10-21 14:54:00,109.27,109.28,109.06,109.16,55083.0
2024-10-21 14:56:00,109.15,109.15,108.96,109.0899,63176.0
2024-10-21 14:58:00,109.08,109.08,108.98,108.98,43747.0
2024-10-21 15:00:00,108.97,108.98,108.8,108.89,69987.0
2024-10-21 15:02:00,108.89,108.89,108.58,108.67,101359.0
2024-10-21 15:04:00,108.66,108.77,108.51,108.59,83380.0
2024-10-21 15:06:00,108.6,108.6,108.37,108.42,101091.0
2024-10-21 15:08:00,108.43,108.44,108.08,108.1,140587.0
2024-10-21 15:10:00,108.1,108.21,108.05,108.142945,132505.0
2024-10-21 15:12:00,108.14,108.51,108.14,108.48,106443.0
2024-10-21 15:14:00,108.49,108.49,108.16,108.17,163810.0
2024-10-21 15:16:00,108.2,108.28,108.06,108.0799,94771.0
2024-10-21 15:18:00,108.05,108.21,108.03,108.1897,60125.0
2024-10-21 15:20:00,108.16,108.19,108.05,108.1,69805.0
2024-10-21 15:22:00,108.095,108.18,108.025,108.09,75467.0
2024-10-21 15:24:00,108.07,108.18,108.06,108.1201,54564.0
2024-10-21 15:26:00,108.12,108.13,107.9,108.055,189331.0
2024-10-21 15:28:00,108.0413,108.07,107.9,107.945,117085.0
2024-10-21 15:30:00,107.9401,108.05,107.86,108.04,96092.0
2024-10-21 15:32:00,108.0486,108.11,108.002,108.1,74105.0
2024-10-21 15:34:00,108.1,108.14,108.07,108.1,59767.0
2024-10-21 15:36:00,108.11,108.135,108.02,108.055,45020.0
2024-10-21 15:38:00,108.048,108.29,107.99,108.28,61092.0
2024-10-21 15:40:00,108.25,108.36,108.24,108.275,68974.0
2024-10-21 15:42:00,108.28,108.2836,108.06,108.172,59385.0
2024-10-21 15:44:00,108.17,108.26,108.12,108.15,44463.0
2024-10-21 15:46:00,108.15,108.19,108.08,108.16,30883.0
2024-10-21 15:48:00,108.1796,108.3599,108.1773,108.3238,42616.0
2024-10-21 15:50:00,108.3212,108.44,108.3101,108.44,52573.0
2024-10-21 15:52:00,108.43,108.46,108.33,108.36,111002.0
2024-10-21 15:54:00,108.37,108.38,108.23,108.32,57088.0
2024-10-21 15:56:00,108.32,108.48,108.29,108.42,33930.0
2024-10-21 15:58:00,108.42,108.42,108.31,108.37,44724.0
2024-10-21 16:00:00,108.375,108.4398,108.36,108.4134,41158.0
2024-10-21 16:02:00,108.4,108.43,108.26,108.33,34158.0
2024-10-21 16:04:00,108.33,108.39,108.25,108.27,40252.0
2024-10-21 16:06:00,108.2616,108.2616,108.05,108.1,56877.0
2024-10-21 16:08:00,108.105,108.16,108.05,108.11,53315.0
2024-10-21 16:10:00,108.1023,108.15,108.01,108.01,43866.0
2024-10-21 16:12:00,108.05,108.0858,107.95,108.07,56051.0
2024-10-21 16:14:00,108.1,108.135,108.06,108.13,35320.0
2024-10-21 16:16:00,108.14,108.18,108.11,108.13,48403.0
2024-10-21 16:18:00,108.12,108.135,108.062,108.11,21588.0
2024-10-21 16:20:00,108.11,108.14,108.06,108.06,32938.0
2024-10-21 16:22:00,108.06,108.1,107.94,107.976,42697.0
2024-10-21 16:24:00,107.9708,108.014,107.916,107.918,37240.0
2024-10-21 16:26:00,107.9398,107.97,107.84,107.85,76001.0
2024-10-21 16:28:00,107.855,107.875,107.82,107.86,37094.0
2024-10-21 16:30:00,107.865,107.93,107.865,107.925,33625.0
2024-10-21 16:32:00,107.925,107.93,107.8693,107.9113,33217.0
2024-10-21 16:34:00,107.93,107.94,107.84,107.86,47372.0
2024-10-21 16:36:00,107.86,107.86,107.71,107.8,64629.0
2024-10-21 16:38:00,107.84,107.87,107.785,107.84,37890.0
2024-10-21 16:40:00,107.842,107.975,107.83,107.96,57717.0
2024-10-21 16:42:00,107.95,107.96,107.86,107.865,29028.0
2024-10-21 16:44:00,107.86,107.88,107.69,107.8078,137052.0
2024-10-21 16:46:00,107.81,107.91,107.73,107.87,60639.0
2024-10-21 16:48:00,107.89,107.92,107.8,107.91,35564.0
2024-10-21 16:50:00,107.91,108.06,107.91,108.0297,46437.0
2024-10-21 16:52:00,108.0299,108.09,108.0232,108.04,52694.0
2024-10-21 16:54:00,108.0233,108.19,108.0233,108.17,53721.0
2024-10-21 16:56:00,108.18,108.27,108.16,108.23,63148.0
2024-10-21 16:58:00,108.24,108.29,108.21,108.235,54124.0
2024-10-21 17:00:00,108.235,108.31,108.23,108.28,28298.0
2024-10-21 17:02:00,108.27,108.2899,108.218,108.27,37489.0
2024-10-21 17:04:00,108.2568,108.26,108.2098,108.22,18327.0
2024-10-21 17:06:00,108.205,108.27,108.2,108.27,18785.0
2024-10-21 17:08:00,108.26,108.2977,108.2,108.2794,35808.0
2024-10-21 17:10:00,108.28,108.38,108.28,108.38,34169.0
2024-10-21 17:12:00,108.37,108.53,108.37,108.515,67041.0
2024-10-21 17:14:00,108.515,108.605,108.495,108.59,41207.0
2024-10-21 17:16:00,108.61,108.69,108.58,108.6,60968.0
2024-10-21 17:18:00,108.5822,108.61,108.44,108.44,57732.0
2024-10-21 17:20:00,108.43,108.515,108.4,108.412,25767.0
2024-10-21 17:22:00,108.42,108.55,108.4,108.5499,24481.0
2024-10-21 17:24:00,108.52,108.59,108.5136,108.57,21038.0
2024-10-21 17:26:00,108.58,108.605,108.54,108.5894,25676.0
2024-10-21 17:28:00,108.61,108.61,108.45,108.46,40339.0
2024-10-21 17:30:00,108.46,108.55,108.46,108.5,47190.0
2024-10-21 17:32:00,108.52,108.6,108.52,108.6,20979.0
2024-10-21 17:34:00,108.605,108.83,108.589196,108.82,63591.0
2024-10-21 17:36:00,108.82,108.85,108.7401,108.78,41975.0
2024-10-21 17:38:00,108.785,108.86,108.785,108.84,42168.0
2024-10-21 17:40:00,108.86,108.9218,108.81,108.8999,81322.0
2024-10-21 17:42:00,108.8936,108.9,108.76,108.8592,31466.0
2024-10-21 17:44:00,108.8599,108.9,108.8023,108.884,36409.0
2024-10-21 17:46:00,108.86,108.88,108.81,108.855,40557.0
2024-10-21 17:48:00,108.8556,108.91,108.7833,108.8,38820.0
2024-10-21 17:50:00,108.8,108.855,108.72,108.82,26595.0
2024-10-21 17:52:00,108.816321,108.83,108.7042,108.75,31657.0
2024-10-21 17:54:00,108.745,108.76,108.68,108.72,18750.0
2024-10-21 17:56:00,108.72,108.81,108.72,108.775,24769.0
2024-10-21 17:58:00,108.77,108.81,108.76,108.805,18728.0
2024-10-21 18:00:00,108.81,108.87,108.71,108.715,32086.0
2024-10-21 18:02:00,108.71,108.76,108.69,108.76,28060.0
2024-10-21 18:04:00,108.78,108.78,108.56,108.588,77656.0
2024-10-21 18:06:00,108.5801,108.61,108.53,108.56,26415.0
2024-10-21 18:08:00,108.55,108.592,108.5264,108.59,25962.0
2024-10-21 18:10:00,108.59,108.65,108.54,108.592,19438.0
2024-10-21 18:12:00,108.5999,108.65,108.58,108.635,23808.0
2024-10-21 18:14:00,108.635,108.64,108.6,108.6,22352.0
2024-10-21 18:16:00,108.595,108.6845,108.58,108.66,33667.0
2024-10-21 18:18:00,108.65,108.66,108.6187,108.62,23796.0
2024-10-21 18:20:00,108.62,108.6298,108.53,108.535,28377.0
2024-10-21 18:22:00,108.533,108.565,108.48,108.495,34067.0
2024-10-21 18:24:00,108.49,108.5175,108.35,108.51,35680.0
2024-10-21 18:26:00,108.5,108.54,108.4801,108.4801,21271.0
2024-10-21 18:28:00,108.485,108.54,108.44,108.48,18893.0
2024-10-21 18:30:00,108.48,108.4899,108.43,108.45,27170.0
2024-10-21 18:32:00,108.45,108.45,108.35,108.415,34579.0
2024-10-21 18:34:00,108.43,108.47,108.4,108.47,24394.0
2024-10-21 18:36:00,108.485,108.49,108.41,108.43,40584.0
2024-10-21 18:38:00,108.43,108.44,108.39,108.41,16983.0
2024-10-21 18:40:00,108.42,108.425,108.35,108.35,15247.0
2024-10-21 18:42:00,108.37,108.37,108.24,108.25,54210.0
2024-10-21 18:44:00,108.25,108.27,108.224,108.2316,18784.0
2024-10-21 18:46:00,108.23,108.3,108.21,108.3,27741.0
2024-10-21 18:48:00,108.3,108.405,108.3,108.3999,26392.0
2024-10-21 18:50:00,108.39,108.47,108.38,108.4477,49231.0
2024-10-21 18:52:00,108.45,108.46,108.38,108.41,15260.0
2024-10-21 18:54:00,108.39,108.43,108.37,108.41,18328.0
2024-10-21 18:56:00,108.415,108.42,108.38,108.4,21638.0
2024-10-21 18:58:00,108.3869,108.3873,108.31,108.3247,22026.0
2024-10-21 19:00:00,108.32,108.3716,108.294,108.34,33277.0
2024-10-21 19:02:00,108.34,108.37,108.31,108.3673,32183.0
2024-10-21 19:04:00,108.375,108.39,108.35,108.365,30747.0
2024-10-21 19:06:00,108.38,108.4,108.3399,108.345,27791.0
2024-10-21 19:08:00,108.35,108.46,108.35,108.454,24810.0
2024-10-21 19:10:00,108.46,108.54,108.46,108.5101,27515.0
2024-10-21 19:12:00,108.51,108.61,108.5,108.579,42697.0
2024-10-21 19:14:00,108.586,108.66,108.58,108.6,24480.0
2024-10-21 19:16:00,108.6199,108.66,108.58,108.61,34390.0
2024-10-21 19:18:00,108.619,108.6299,108.5597,108.5801,58646.0
2024-10-21 19:20:00,108.5801,108.59,108.5,108.534,40733.0
2024-10-21 19:22:00,108.535,108.545,108.46,108.51,34847.0
2024-10-21 19:24:00,108.52,108.5799,108.5,108.57,17956.0
2024-10-21 19:26:00,108.566,108.63,108.566,108.585,26466.0
2024-10-21 19:28:00,108.6,108.635,108.59,108.61,23461.0
2024-10-21 19:30:00,108.61,108.65,108.53,108.6,38333.0
2024-10-21 19:32:00,108.6,108.635,108.56,108.605,32524.0
2024-10-21 19:34:00,108.6,108.6,108.51,108.55,49140.0
2024-10-21 19:36:00,108.555,108.555,108.47,108.525,53404.0
2024-10-21 19:38:00,108.525,108.55,108.46,108.48,70597.0
2024-10-21 19:40:00,108.475,108.56,108.45,108.53,42481.0
2024-10-21 19:42:00,108.535,108.56,108.5,108.52,64756.0
2024-10-21 19:44:00,108.52,108.55,108.49,108.52,46652.0
2024-10-21 19:46:00,108.52,108.56,108.47,108.4923,81506.0
2024-10-21 19:48:00,108.49,108.67,108.48,108.66,99324.0
2024-10-21 19:50:00,108.665,108.91,108.61,108.88,151013.0
2024-10-21 19:52:00,108.89,109.105,108.885,109.085,173710.0
2024-10-21 19:54:00,109.09,109.275,109.0104,109.05,210268.0
2024-10-21 19:56:00,109.035,109.0751,108.96,108.98,159160.0
2024-10-21 19:58:00,108.98,109.12,108.955,109.1,404400.0
2024-10-21 20:00:00,109.08,109.08,108.95,109.04,76264.0
2024-10-21 20:02:00,108.97,109.04,108.92,109.01,8367.0
2024-10-21 20:04:00,109.05,109.08,109.05,109.06,14819.0
2024-10-21 20:06:00,109.06,109.06,108.923,108.926,1649.0
2024-10-21 20:08:00,108.9226,108.99,108.9226,108.925,1020.0
2024-10-21 20:10:00,108.98,108.98,108.97,108.97,1225.0
2024-10-21 20:12:00,108.9717,109.02,108.9717,109.0,2432.0
2024-10-21 20:14:00,109.01,109.01,108.99,108.99,1009.0
2024-10-21 20:16:00,108.95,108.97,108.95,108.95,915.0
2024-10-21 20:18:00,108.9625,108.99,108.96,108.97,2294.0
2024-10-21 20:20:00,108.998,109.0,108.998,109.0,1172.0
2024-10-21 20:22:00,109.0,109.02,108.9999,109.02,1746.0
2024-10-21 20:28:00,109.02,109.03,109.02,109.03,592.0
2024-10-21 20:30:00,109.05,109.05,109.02,109.02,494.0
2024-10-21 20:32:00,109.07,109.07,109.02,109.02,610.0
2024-10-21 20:36:00,109.0583,109.0583,109.02,109.03,50441.0
2024-10-21 20:38:00,109.05,109.06,109.05,109.06,937.0
2024-10-21 20:40:00,109.07,109.1,109.07,109.1,2382.0
2024-10-21 20:42:00,109.08,109.08,108.99,109.0,4483.0
2024-10-21 20:44:00,109.0,109.0,108.97,109.0,1788.0
2024-10-21 20:46:00,109.0,109.0,108.99,108.99,1430.0
2024-10-21 20:48:00,108.99,109.0,108.96,109.0,1585.0
2024-10-21 20:50:00,108.9,108.9,108.86,108.9,4168.0
2024-10-21 20:52:00,108.88,108.88,108.88,108.88,292.0
2024-10-21 20:54:00,108.95,108.95,108.9,108.9,2143.0
2024-10-21 20:56:00,108.92,108.92,108.92,108.92,177.0
2024-10-21 20:58:00,109.0,109.0,109.0,109.0,296.0
2024-10-21 21:00:00,108.96,108.96,108.96,108.96,180.0
2024-10-21 21:02:00,108.9549,108.9549,108.91,108.91,1868.0
2024-10-21 21:04:00,108.99,108.99,108.99,108.99,310.0
2024-10-21 21:06:00,108.95,108.97,108.95,108.97,1779.0
2024-10-21 21:08:00,108.97,108.99,108.97,108.99,988.0
2024-10-21 21:10:00,108.95,108.95,108.95,108.95,114.0
2024-10-21 21:12:00,108.96,108.96,108.95,108.95,620.0
2024-10-21 21:16:00,108.9504,108.9504,108.9504,108.9504,209.0
2024-10-21 21:18:00,108.98,108.98,108.95,108.95,897.0
2024-10-21 21:22:00,108.99,108.99,108.99,108.99,565.0
2024-10-21 21:24:00,108.9606,108.9606,108.9606,108.9606,246.0
2024-10-21 21:26:00,108.9607,108.9607,108.9607,108.9607,406.0
2024-10-21 21:28:00,108.99,108.99,108.98,108.98,206.0
2024-10-21 21:30:00,108.98,109.0889,108.98,109.0868,1282.0
2024-10-21 21:32:00,109.08,109.08,109.03,109.03,447.0
2024-10-21 21:34:00,109.06,109.06,109.06,109.06,115.0
2024-10-21 21:36:00,109.0,109.0,109.0,109.0,102.0
2024-10-21 21:38:00,109.05,109.05,109.05,109.05,250.0
2024-10-21 21:40:00,109.01,109.01,109.01,109.01,1239.0
2024-10-21 21:42:00,109.05,109.06,109.05,109.06,1680.0
2024-10-21 21:44:00,109.06,109.1,109.05,109.05,3798.0
2024-10-21 21:52:00,108.98,108.98,108.96,108.96,816.0
2024-10-21 21:54:00,108.98,108.98,108.97,108.97,877.0
2024-10-21 21:56:00,109.0,109.09,109.0,109.09,2745.0
2024-10-21 22:06:00,108.995,109.0,108.99,108.99,1512.0
2024-10-21 22:08:00,109.02,109.02,109.02,109.02,357.0
2024-10-21 22:12:00,109.02,109.02,109.01,109.01,1240.0
2024-10-21 22:14:00,109.02,109.02,109.0,109.0,457.0
2024-10-21 22:16:00,109.02,109.07,109.0,109.0,869.0
2024-10-21 22:18:00,109.0,109.0,109.0,109.0,840.0
2024-10-21 22:20:00,109.0,109.0,109.0,109.0,2563.0
2024-10-21 22:24:00,109.07,109.07,109.07,109.07,200.0
2024-10-21 22:26:00,109.0005,109.0005,109.0005,109.0005,173.0
2024-10-21 22:34:00,109.07,109.07,109.07,109.07,588.0
2024-10-21 22:36:00,109.0,109.01,109.0,109.01,377.0
2024-10-21 22:38:00,109.01,109.07,109.01,109.07,4218.0
2024-10-21 22:48:00,109.01,109.04,109.01,109.04,937.0
2024-10-21 22:50:00,109.0498,109.0498,109.0498,109.0498,409.0
2024-10-21 22:52:00,109.02,109.02,109.02,109.02,522.0
2024-10-21 22:54:00,109.01,109.01,109.01,109.01,933.0
2024-10-21 22:56:00,109.01,109.01,109.01,109.01,1285.0
2024-10-21 23:02:00,109.0019,109.0019,109.0019,109.0019,100.0
2024-10-21 23:04:00,109.0008,109.0008,109.0008,109.0008,255.0
2024-10-21 23:08:00,109.0,109.0,109.0,109.0,1000.0
2024-10-21 23:22:00,109.02,109.02,109.02,109.02,350.0
2024-10-21 23:24:00,109.0081,109.0081,109.0081,109.0081,177.0
2024-10-21 23:26:00,109.05,109.05,109.05,109.05,350.0
2024-10-21 23:28:00,109.03,109.03,109.03,109.03,214.0
2024-10-21 23:30:00,109.0009,109.02,109.0009,109.02,560.0
2024-10-21 23:32:00,109.04,109.04,109.04,109.04,264.0
2024-10-21 23:36:00,109.02,109.02,109.02,109.02,365.0
2024-10-21 23:38:00,109.02,109.02,109.02,109.02,335.0
2024-10-21 23:40:00,109.02,109.02,109.02,109.02,850.0
2024-10-21 23:42:00,109.01,109.01,109.0,109.0,585.0
2024-10-21 23:44:00,109.01,109.01,109.01,109.01,365.0
2024-10-21 23:46:00,109.0,109.0,109.0,109.0,1752.0
2024-10-21 23:50:00,109.01,109.01,109.01,109.01,315.0
2024-10-21 23:52:00,109.03,109.03,109.01,109.03,940.0
2024-10-21 23:54:00,109.0,109.0995,108.9944,109.0995,1796.0
2024-10-21 23:56:00,109.01,109.0998,109.01,109.0998,5405.0
2024-10-21 23:58:00,109.01,109.1,109.01,109.1,2119.0
2024-10-22 08:00:00,109.15,109.15,109.15,109.15,390.0
2024-10-22 08:10:00,108.68,108.68,108.68,108.68,306.0
2024-10-22 08:12:00,108.61,108.61,108.61,108.61,202.0
2024-10-22 08:14:00,108.65,108.68,108.65,108.68,445.0
2024-10-22 08:20:00,108.6,108.6,108.6,108.6,316.0
2024-10-22 08:22:00,108.59,108.59,108.59,108.59,151.0
2024-10-22 08:24:00,108.65,108.65,108.65,108.65,260.0
2024-10-22 08:32:00,108.5,108.5,108.5,108.5,636.0
2024-10-22 08:34:00,108.41,108.41,108.41,108.41,349.0
2024-10-22 08:42:00,108.53,108.53,108.43,108.43,705.0
2024-10-22 08:50:00,108.46,108.46,108.46,108.46,470.0
2024-10-22 08:52:00,108.45,108.45,108.45,108.45,179.0
2024-10-22 08:54:00,108.46,108.46,108.46,108.46,269.0
2024-10-22 09:00:00,108.38,108.38,108.38,108.38,436.0
2024-10-22 09:04:00,108.29,108.29,108.29,108.29,100.0
2024-10-22 09:12:00,108.29,108.29,108.29,108.29,156.0
2024-10-22 09:22:00,108.01,108.01,108.0,108.0,1662.0
2024-10-22 09:26:00,108.0,108.0,108.0,108.0,805.0
2024-10-22 09:28:00,107.89,107.89,107.87,107.87,478.0
2024-10-22 09:30:00,107.97,107.98,107.97,107.98,419.0
2024-10-22 09:32:00,108.0,108.0,108.0,108.0,252.0
2024-10-22 09:34:00,107.92,107.92,107.92,107.92,268.0
2024-10-22 09:38:00,107.9,107.9,107.9,107.9,868.0
2024-10-22 09:40:00,107.92,107.92,107.92,107.92,323.0
2024-10-22 09:44:00,107.99,107.99,107.99,107.99,396.0
2024-10-22 09:48:00,107.91,107.92,107.9,107.9,1155.0
2024-10-22 10:02:00,107.97,107.97,107.97,107.97,356.0
2024-10-22 10:04:00,107.9,107.9,107.9,107.9,525.0
2024-10-22 10:20:00,108.03,108.04,108.03,108.04,200.0
2024-10-22 10:22:00,108.1,108.1,108.1,108.1,207.0
2024-10-22 10:26:00,108.04,108.04,108.04,108.04,707.0
2024-10-22 10:42:00,107.95,107.99,107.95,107.99,648.0
2024-10-22 10:50:00,108.05,108.05,108.05,108.05,647.0
2024-10-22 10:54:00,108.0,108.0,108.0,108.0,438.0
2024-10-22 10:56:00,107.94,107.94,107.94,107.94,183.0
2024-10-22 10:58:00,108.0,108.0,108.0,108.0,424.0
2024-10-22 11:00:00,108.02,108.2,108.0,108.17,2959.0
2024-10-22 11:02:00,108.24,108.25,108.24,108.25,750.0
2024-10-22 11:04:00,108.25,108.25,108.2,108.2,1228.0
2024-10-22 11:06:00,108.15,108.15,108.11,108.11,2178.0
2024-10-22 11:08:00,108.2,108.2,108.2,108.2,452.0
2024-10-22 11:10:00,108.22,108.22,108.2,108.22,876.0
2024-10-22 11:12:00,108.23,108.26,108.23,108.26,1485.0
2024-10-22 11:14:00,108.32,108.35,108.32,108.35,2063.0
2024-10-22 11:16:00,108.36,108.38,108.31,108.38,1655.0
2024-10-22 11:18:00,108.44,108.48,108.44,108.48,2191.0
2024-10-22 11:20:00,108.49,108.49,108.49,108.49,208.0
2024-10-22 11:24:00,108.41,108.41,108.4,108.4,1168.0
2024-10-22 11:26:00,108.44,108.45,108.4,108.4,2108.0
2024-10-22 11:28:00,108.4,108.4,108.4,108.4,1149.0
2024-10-22 11:32:00,108.4,108.4,108.4,108.4,1340.0
2024-10-22 11:34:00,108.41,108.41,108.4,108.4,540.0
2024-10-22 11:36:00,108.4,108.4,108.4,108.4,2306.0
2024-10-22 11:40:00,108.31,108.31,108.31,108.31,543.0
2024-10-22 11:42:00,108.32,108.32,108.32,108.32,131.0
2024-10-22 11:44:00,108.26,108.26,108.2,108.2,1147.0
2024-10-22 11:46:00,108.21,108.21,108.2,108.2,484.0
2024-10-22 11:52:00,108.27,108.27,108.27,108.27,173.0
2024-10-22 11:54:00,108.3,108.3,108.26,108.26,1135.0
2024-10-22 11:56:00,108.33,108.33,108.33,108.33,100.0
2024-10-22 12:00:00,108.25,109.27,108.11,108.96,16940.0
2024-10-22 12:02:00,108.25,108.3,108.25,108.2501,5555.0
2024-10-22 12:04:00,108.3,108.3,108.25,108.25,494.0
2024-10-22 12:06:00,108.42,108.42,108.4,108.4,2252.0
2024-10-22 12:08:00,108.4,108.4,108.4,108.4,674.0
2024-10-22 12:10:00,108.42,108.43,108.4,108.4,5498.0
2024-10-22 12:12:00,108.36,108.36,108.3,108.3,5206.0
2024-10-22 12:14:00,108.36,108.36,108.3,108.3,5227.0
2024-10-22 12:16:00,108.2728,108.4,108.26,108.26,3473.0
2024-10-22 12:18:00,108.25,108.25,108.1661,108.1661,1883.0
2024-10-22 12:20:00,108.3,108.3,108.29,108.3,2567.0
2024-10-22 12:24:00,108.29,108.4325,108.2822,108.2822,2111.0
2024-10-22 12:26:00,108.2864,108.3,108.2815,108.3,1085.0
2024-10-22 12:28:00,108.28,108.28,108.11,108.13,13808.0
2024-10-22 12:30:00,108.12,108.12,108.12,108.12,1178.0
2024-10-22 12:32:00,108.12,108.12,108.09,108.09,2567.0
2024-10-22 12:34:00,108.05,108.05,107.96,107.96,31000.0
2024-10-22 12:36:00,107.92,108.006,107.92,107.962,1419.0
2024-10-22 12:38:00,108.0,108.01,108.0,108.0,1404.0
2024-10-22 12:40:00,108.0,108.0,108.0,108.0,384.0
2024-10-22 12:42:00,108.0,108.0,107.86,107.86,3702.0
2024-10-22 12:44:00,107.95,107.95,107.95,107.95,1868.0
2024-10-22 12:46:00,107.9,107.9,107.85,107.85,2685.0
2024-10-22 12:48:00,107.85,107.9,107.82,107.9,9710.0
2024-10-22 12:50:00,107.9,107.9,107.83,107.8301,3038.0
2024-10-22 12:52:00,107.9,108.0,107.9,108.0,2238.0
2024-10-22 12:54:00,108.0,108.047,108.0,108.047,685.0
2024-10-22 12:56:00,108.005,108.012,108.005,108.012,411.0
2024-10-22 12:58:00,108.04,108.04,107.97,107.97,3942.0
2024-10-22 13:00:00,108.0,108.0,108.0,108.0,240.0
2024-10-22 13:02:00,108.093,108.093,107.97,107.97,1697.0
2024-10-22 13:04:00,107.85,107.85,107.8114,107.8114,1667.0
2024-10-22 13:06:00,107.8227,107.836,107.8227,107.836,595.0
2024-10-22 13:08:00,107.81,107.82,107.8,107.8,5732.0
2024-10-22 13:10:00,107.84,107.9286,107.8375,107.9286,2478.0
2024-10-22 13:12:00,107.93,108.0095,107.93,107.95,2635.0
2024-10-22 13:14:00,107.96,107.97,107.95,107.95,3307.0
2024-10-22 13:16:00,107.96,107.96,107.95,107.95,2034.0
2024-10-22 13:20:00,107.94,107.94,107.9017,107.91,2977.0
2024-10-22 13:22:00,107.9,107.9,107.9,107.9,1794.0
2024-10-22 13:24:00,108.0,108.0,107.5,107.67,17051.0
2024-10-22 13:26:00,107.78,107.78,107.5,107.72,8219.0
2024-10-22 13:28:00,107.93,108.24,107.92,108.23,16960.0
2024-10-22 13:30:00,108.24,108.515,107.81,107.89,376565.0
2024-10-22 13:32:00,107.86,107.965,107.25,107.53,158971.0
2024-10-22 13:34:00,107.53,107.65,106.9579,107.11,173534.0
2024-10-22 13:36:00,107.13,107.42,107.06,107.12,123072.0
2024-10-22 13:38:00,107.14,107.29,107.025,107.05,125937.0
2024-10-22 13:40:00,107.026,107.23,107.01,107.21,77048.0
2024-10-22 13:42:00,107.222,107.45,107.1405,107.365,114379.0
2024-10-22 13:44:00,107.355,107.4399,107.12,107.33,104195.0
2024-10-22 13:46:00,107.3501,107.55,107.22,107.355,110051.0
2024-10-22 13:48:00,107.37,107.77,107.3501,107.685,74748.0
2024-10-22 13:50:00,107.69,107.75,107.18,107.18,72978.0
2024-10-22 13:52:00,107.1739,107.22,107.0174,107.15,86289.0
2024-10-22 13:54:00,107.15,107.3,106.9,106.9,107729.0
2024-10-22 13:56:00,106.915,106.9999,106.77,106.955,154067.0
2024-10-22 13:58:00,106.955,106.955,106.75,106.82,100852.0
2024-10-22 14:00:00,106.83,106.99,106.625,106.63,176544.0
2024-10-22 14:02:00,106.6227,106.7,106.45,106.59,197999.0
2024-10-22 14:04:00,106.61,106.84,106.55,106.76,94473.0
2024-10-22 14:06:00,106.765,107.1899,106.72,106.95,135184.0
2024-10-22 14:08:00,106.95,107.16,106.86,106.96,128742.0
2024-10-22 14:10:00,106.95,106.99,106.8201,106.98,80972.0
2024-10-22 14:12:00,106.97,106.99,106.8,106.905,86451.0
2024-10-22 14:14:00,106.9,107.02,106.89,106.89,57607.0
2024-10-22 14:16:00,106.89,106.915,106.685,106.79,81627.0
2024-10-22 14:18:00,106.77,106.8128,106.65,106.72,73001.0
2024-10-22 14:20:00,106.73,106.77,106.63,106.7,60805.0
2024-10-22 14:22:00,106.69,106.8297,106.53,106.82,72757.0
2024-10-22 14:24:00,106.84,106.89,106.7701,106.88,69962.0
2024-10-22 14:26:00,106.87,107.0,106.78,106.925,72901.0
2024-10-22 14:28:00,106.93,106.93,106.62,106.62,60615.0
2024-10-22 14:30:00,106.64,106.875,106.63,106.77,48216.0
2024-10-22 14:32:00,106.8,106.89,106.8,106.89,35600.0
2024-10-22 14:34:00,106.89,106.97,106.73,106.8965,61232.0
2024-10-22 14:36:00,106.92,106.94,106.7529,106.82,42531.0
2024-10-22 14:38:00,106.83,106.9499,106.7601,106.78,48319.0
2024-10-22 14:40:00,106.78,106.92,106.77,106.77,55377.0
2024-10-22 14:42:00,106.7601,106.85,106.6601,106.7603,59112.0
2024-10-22 14:44:00,106.765,106.7699,106.5,106.71,102732.0
2024-10-22 14:46:00,106.68,106.73,106.46,106.55,94833.0
2024-10-22 14:48:00,106.53,106.55,106.46,106.495,51450.0
2024-10-22 14:50:00,106.49,106.65,106.43,106.6099,77435.0
2024-10-22 14:52:00,106.61,106.73,106.5227,106.67,49366.0
2024-10-22 14:54:00,106.7,106.83,106.675,106.77,58252.0
2024-10-22 14:56:00,106.748,106.81,106.67,106.72,48769.0
2024-10-22 14:58:00,106.72,106.73,106.63,106.65,53687.0
2024-10-22 15:00:00,106.66,106.69,106.53,106.58,32187.0
2024-10-22 15:02:00,106.58,106.78,106.56,106.73,42290.0
2024-10-22 15:04:00,106.7377,106.78,106.57,106.615,43314.0
2024-10-22 15:06:00,106.61,106.77,106.6,106.64,54091.0
2024-10-22 15:08:00,106.64,106.7,106.6,106.63,29715.0
2024-10-22 15:10:00,106.615,106.65,106.52,106.54,39699.0
2024-10-22 15:12:00,106.53,106.62,106.523646,106.61,30547.0
2024-10-22 15:14:00,106.62,106.66,106.59,106.59,32701.0
2024-10-22 15:16:00,106.6021,106.72,106.53,106.615,55455.0
2024-10-22 15:18:00,106.6,106.63,106.4601,106.48,55696.0
2024-10-22 15:20:00,106.49,106.5,106.37,106.39,54821.0
2024-10-22 15:22:00,106.42,106.48,106.4,106.47,35555.0
2024-10-22 15:24:00,106.46,106.5818,106.46,106.56,48881.0
2024-10-22 15:26:00,106.55,106.69,106.4993,106.655,47765.0
2024-10-22 15:28:00,106.67,106.76,106.62,106.69,46481.0
2024-10-22 15:30:00,106.66,106.69,106.6143,106.635,22841.0
2024-10-22 15:32:00,106.64,106.79,106.64,106.74,43048.0
2024-10-22 15:34:00,106.737,106.78,106.67,106.721,36488.0
2024-10-22 15:36:00,106.72,106.72,106.65,106.7,22878.0
2024-10-22 15:38:00,106.69,106.69,106.565,106.6,33039.0
2024-10-22 15:40:00,106.62,106.71,106.6174,106.6212,18623.0
2024-10-22 15:42:00,106.63,106.66,106.54,106.54,31404.0
2024-10-22 15:44:00,106.55,106.61,106.505,106.505,39999.0
2024-10-22 15:46:00,106.505,106.51,106.46,106.4735,32819.0
2024-10-22 15:48:00,106.49,106.525,106.46,106.525,47851.0
2024-10-22 15:50:00,106.52,106.56,106.51,106.535,30423.0
2024-10-22 15:52:00,106.525,106.585,106.49,106.565,22781.0
2024-10-22 15:54:00,106.57,106.66,106.5611,106.65,32475.0
2024-10-22 15:56:00,106.6401,106.665,106.6178,106.63,22389.0
2024-10-22 15:58:00,106.62,106.6259,106.54,106.59,38434.0
2024-10-22 16:00:00,106.57,106.5704,106.4922,106.4922,40770.0
2024-10-22 16:02:00,106.495,106.575,106.468,106.52,27023.0
2024-10-22 16:04:00,106.525,106.5398,106.488,106.488,23452.0
2024-10-22 16:06:00,106.5,106.57,106.5,106.54,20192.0
2024-10-22 16:08:00,106.535,106.62,106.46,106.54,77601.0
2024-10-22 16:10:00,106.529977,106.615,106.529977,106.605,20023.0
2024-10-22 16:12:00,106.59,106.66,106.56,106.64,31984.0
2024-10-22 16:14:00,106.65,106.68,106.58,106.6,18123.0
2024-10-22 16:16:00,106.62,106.75,106.58,106.74,55661.0
2024-10-22 16:18:00,106.7499,106.77,106.68,106.75,38684.0
2024-10-22 16:20:00,106.745,106.89,106.715992,106.89,56985.0
2024-10-22 16:22:00,106.9,106.91,106.7629,106.78,50078.0
2024-10-22 16:24:00,106.78,106.86,106.78,106.795,37755.0
2024-10-22 16:26:00,106.7998,106.9899,106.74,106.97,56650.0
2024-10-22 16:28:00,106.97,106.99,106.85,106.8997,24467.0
2024-10-22 16:30:00,106.895,107.03,106.89,106.98,91129.0
2024-10-22 16:32:00,106.98,107.08,106.98,107.08,48749.0
2024-10-22 16:34:00,107.075,107.11,107.0136,107.03,57207.0
2024-10-22 16:36:00,107.03,107.11,107.0002,107.105,51767.0
2024-10-22 16:38:00,107.09,107.12,106.9654,106.9675,66871.0
2024-10-22 16:40:00,106.965,106.97,106.8201,106.8201,31941.0
2024-10-22 16:42:00,106.825,106.84,106.74,106.84,39439.0
2024-10-22 16:44:00,106.86,106.91,106.78,106.8301,18507.0
2024-10-22 16:46:00,106.835,106.92,106.8238,106.91,24141.0
2024-10-22 16:48:00,106.92,107.015,106.91,107.015,26304.0
2024-10-22 16:50:00,107.01,107.125,107.0,107.125,35071.0
2024-10-22 16:52:00,107.14,107.24,107.085,107.227,40226.0
2024-10-22 16:54:00,107.22,107.34,107.2,107.3022,60399.0
2024-10-22 16:56:00,107.3,107.495,107.3,107.494,53421.0
2024-10-22 16:58:00,107.49,107.58,107.45,107.54,67298.0
2024-10-22 17:00:00,107.53,107.59,107.53,107.57,48843.0
2024-10-22 17:02:00,107.56,107.58,107.48,107.53,51883.0
2024-10-22 17:04:00,107.53,107.63,107.5,107.62,34287.0
2024-10-22 17:06:00,107.628,107.6763,107.59,107.641,38758.0
2024-10-22 17:08:00,107.64,107.65,107.58,107.64,24211.0
2024-10-22 17:10:00,107.64,107.64,107.555,107.555,27029.0
2024-10-22 17:12:00,107.56,107.6635,107.54,107.64,33432.0
2024-10-22 17:14:00,107.65,107.66,107.53,107.535,13453.0
2024-10-22 17:16:00,107.5324,107.565,107.53,107.53,33485.0
2024-10-22 17:18:00,107.52,107.57,107.47,107.5452,32577.0
2024-10-22 17:20:00,107.5543,107.6,107.42,107.42,44749.0
2024-10-22 17:22:00,107.4,107.4086,107.3201,107.3301,37352.0
2024-10-22 17:24:00,107.32,107.355,107.285,107.355,23577.0
2024-10-22 17:26:00,107.3688,107.4105,107.29,107.31,32077.0
2024-10-22 17:28:00,107.31,107.48,107.295,107.48,35001.0
2024-10-22 17:30:00,107.469,107.58,107.39,107.58,39770.0
2024-10-22 17:32:00,107.5896,107.685,107.58,107.6763,31612.0
2024-10-22 17:34:00,107.68,107.95,107.68,107.86,112832.0
2024-10-22 17:36:00,107.8552,107.8904,107.765,107.85,37044.0
2024-10-22 17:38:00,107.84,107.91,107.8,107.902,32948.0
2024-10-22 17:40:00,107.9,108.04,107.848,107.848,77465.0
2024-10-22 17:42:00,107.84,107.84,107.71,107.7548,51977.0
2024-10-22 17:44:00,107.76,107.78,107.68,107.73,27264.0
2024-10-22 17:46:00,107.74,107.8999,107.74,107.81,54285.0
2024-10-22 17:48:00,107.82,107.9,107.8,107.88,18341.0
2024-10-22 17:50:00,107.890761,107.97,107.825,107.93,60870.0
2024-10-22 17:52:00,107.945,107.963,107.87,107.93,46080.0
2024-10-22 17:54:00,107.92,108.015,107.88,108.0,50004.0
2024-10-22 17:56:00,108.0,108.06,107.97,108.045,36425.0
2024-10-22 17:58:00,108.0487,108.08,108.0101,108.04,23764.0
2024-10-22 18:00:00,108.04,108.04,107.94,107.965,126353.0
2024-10-22 18:02:00,107.97,108.18,107.97,108.12,51154.0
2024-10-22 18:04:00,108.12,108.13,108.07,108.08,27593.0
2024-10-22 18:06:00,108.086,108.09,107.9647,108.068,41194.0
2024-10-22 18:08:00,108.06,108.08,107.8834,107.8834,44223.0
2024-10-22 18:10:00,107.88,107.909,107.77,107.7974,44463.0
2024-10-22 18:12:00,107.79,107.8,107.65,107.675,37859.0
2024-10-22 18:14:00,107.68,107.78,107.65,107.76,35664.0
2024-10-22 18:16:00,107.72,107.79,107.62,107.62,25688.0
2024-10-22 18:18:00,107.616,107.67,107.57,107.57,26714.0
2024-10-22 18:20:00,107.58,107.63,107.49,107.5008,30366.0
2024-10-22 18:22:00,107.52,107.55,107.46,107.5299,21725.0
2024-10-22 18:24:00,107.5301,107.57,107.505,107.51,24125.0
2024-10-22 18:26:00,107.51,107.55,107.488,107.502,12791.0
2024-10-22 18:28:00,107.49,107.55,107.46,107.51,15008.0
2024-10-22 18:30:00,107.52,107.57,107.5,107.55,14787.0
2024-10-22 18:32:00,107.5599,107.57,107.51,107.55,19454.0
2024-10-22 18:34:00,107.55,107.64,107.55,107.6,21629.0
2024-10-22 18:36:00,107.5999,107.62,107.55,107.5502,18082.0
2024-10-22 18:38:00,107.56,107.6298,107.5476,107.585,14660.0
2024-10-22 18:40:00,107.59,107.709,107.59,107.6401,21328.0
2024-10-22 18:42:00,107.64,107.67,107.58,107.604,9927.0
2024-10-22 18:44:00,107.6,107.7674,107.5998,107.7674,17205.0
2024-10-22 18:46:00,107.75,107.7776,107.71,107.735,15616.0
2024-10-22 18:48:00,107.735,107.7472,107.67,107.67,12882.0
2024-10-22 18:50:00,107.675,107.7299,107.65,107.655,23449.0
2024-10-22 18:52:00,107.65,107.71,107.64,107.67,11129.0
2024-10-22 18:54:00,107.65,107.68,107.58,107.6743,19041.0
2024-10-22 18:56:00,107.6601,107.6601,107.62,107.65,21233.0
2024-10-22 18:58:00,107.655,107.6792,107.56,107.6056,17565.0
2024-10-22 19:00:00,107.5899,107.69,107.55,107.67,20451.0
2024-10-22 19:02:00,107.664,107.67,107.6,107.65,13488.0
2024-10-22 19:04:00,107.65,107.655,107.6,107.635,13048.0
2024-10-22 19:06:00,107.64,107.65,107.58,107.63,23426.0
2024-10-22 19:08:00,107.63,107.66,107.58,107.66,24016.0
2024-10-22 19:10:00,107.66,107.705,107.61,107.65,25566.0
2024-10-22 19:12:00,107.66,107.71,107.66,107.71,18405.0
2024-10-22 19:14:00,107.71,107.73,107.68,107.69,35285.0
2024-10-22 19:16:00,107.685,107.76,107.68,107.76,24168.0
2024-10-22 19:18:00,107.77,107.7998,107.69,107.71,26166.0
2024-10-22 19:20:00,107.715,107.77,107.69,107.69,17567.0
2024-10-22 19:22:00,107.7,107.71,107.63,107.69,26901.0
2024-10-22 19:24:00,107.6901,107.76,107.69,107.733,22920.0
2024-10-22 19:26:00,107.74,107.825,107.7235,107.82,30341.0
2024-10-22 19:28:00,107.82,107.905,107.8045,107.905,44454.0
2024-10-22 19:30:00,107.906,107.96,107.84,107.852,53530.0
2024-10-22 19:32:00,107.84,107.8572,107.79,107.7973,24968.0
2024-10-22 19:34:00,107.78,107.805,107.69,107.71,38908.0
2024-10-22 19:36:00,107.71,107.7592,107.64,107.64,37992.0
2024-10-22 19:38:00,107.65,107.69,107.6,107.61,319943.0
2024-10-22 19:40:00,107.6,107.69,107.584,107.67,37099.0
2024-10-22 19:42:00,107.67,107.71,107.62,107.7,38696.0
2024-10-22 19:44:00,107.7,107.72,107.64,107.69,26840.0
2024-10-22 19:46:00,107.695,107.74,107.67,107.7,54452.0
2024-10-22 19:48:00,107.6902,107.8,107.66,107.78,66837.0
2024-10-22 19:50:00,107.78,107.95,107.745,107.93,97759.0
2024-10-22 19:52:00,107.94,108.2,107.9191,108.19,116804.0
2024-10-22 19:54:00,108.195,108.2,108.01,108.045,108869.0
2024-10-22 19:56:00,108.04,108.05,107.895,107.91,145626.0
2024-10-22 19:58:00,107.9186,107.92,107.735,107.82,417960.0
2024-10-22 20:00:00,107.82,107.82,107.69,107.69,145197.0
2024-10-22 20:02:00,107.71,107.82,107.61,107.82,12673.0
2024-10-22 20:04:00,107.82,107.82,107.62,107.6886,10741.0
2024-10-22 20:06:00,107.65,107.69,107.61,107.61,11216.0
2024-10-22 20:08:00,107.6,107.61,107.43,107.54,5366.0
2024-10-22 20:10:00,107.6,107.7,107.6,107.7,2278.0
2024-10-22 20:12:00,107.6403,107.73,107.6403,107.69,688.0
2024-10-22 20:14:00,107.69,107.69,107.63,107.63,964.0
2024-10-22 20:20:00,107.64,107.64,107.64,107.64,401.0
2024-10-22 20:22:00,107.82,107.82,107.64,107.64,8710.0
2024-10-22 20:24:00,107.61,107.61,107.56,107.56,2246.0
2024-10-22 20:26:00,107.56,107.56,107.55,107.55,1046.0
2024-10-22 20:28:00,107.6,107.6,107.5513,107.5513,1200.0
2024-10-22 20:30:00,107.5991,107.6,107.5991,107.6,579.0
2024-10-22 20:32:00,107.57,107.57,107.53,107.53,4783.0
2024-10-22 20:34:00,107.55,107.57,107.55,107.57,820.0
2024-10-22 20:36:00,107.67,107.72,107.67,107.72,761.0
2024-10-22 20:38:00,107.72,107.72,107.72,107.72,300.0
2024-10-22 20:40:00,107.72,107.72,107.72,107.72,205.0
2024-10-22 20:44:00,107.67,107.67,107.57,107.57,3587.0
2024-10-22 20:48:00,107.67,107.67,107.67,107.67,1405.0
2024-10-22 20:52:00,107.69,107.69,107.69,107.69,107.0
2024-10-22 20:54:00,107.6782,107.6782,107.6782,107.6782,264.0
2024-10-22 20:56:00,107.56,107.6164,107.55,107.6164,42670.0
2024-10-22 21:00:00,107.54,107.545,107.54,107.545,336.0
2024-10-22 21:04:00,107.5511,107.5511,107.5511,107.5511,336.0
2024-10-22 21:06:00,107.58,107.59,107.58,107.59,672.0
2024-10-22 21:10:00,107.59,107.62,107.57,107.62,1604.0
2024-10-22 21:12:00,107.65,107.65,107.62,107.64,1560.0
2024-10-22 21:14:00,107.82,107.82,107.82,107.82,296.0
2024-10-22 21:16:00,107.7,107.7,107.66,107.66,1545.0
2024-10-22 21:18:00,107.66,107.66,107.66,107.66,753.0
2024-10-22 21:22:00,107.57,107.58,107.57,107.58,505.0
2024-10-22 21:26:00,107.61,107.81,107.61,107.81,1039.0
2024-10-22 21:28:00,107.7872,107.7872,107.75,107.75,720.0
2024-10-22 21:32:00,107.82,107.82,107.58,107.58,166918.0
2024-10-22 21:40:00,107.58,107.58,107.58,107.58,587.0
2024-10-22 21:48:00,107.7069,107.7069,107.7069,107.7069,300.0
2024-10-22 21:54:00,107.55,107.55,107.55,107.55,718.0
2024-10-22 21:58:00,107.5,107.5,107.5,107.5,336.0
2024-10-22 22:00:00,107.5,107.5,107.45,107.45,1673.0
2024-10-22 22:04:00,107.45,107.45,107.45,107.45,136.0
2024-10-22 22:08:00,107.45,107.48,107.45,107.48,1381.0
2024-10-22 22:14:00,107.45,107.45,107.45,107.45,107.0
2024-10-22 22:20:00,107.45,107.45,107.45,107.45,473.0
2024-10-22 22:24:00,107.47,107.47,107.47,107.47,118.0
2024-10-22 22:26:00,107.5766,107.5766,107.5766,107.5766,1008.0
2024-10-22 22:32:00,107.56,107.56,107.56,107.56,284.0
2024-10-22 22:34:00,107.45,107.45,107.45,107.45,171.0
2024-10-22 22:38:00,107.48,107.48,107.46,107.46,987.0
2024-10-22 22:42:00,107.45,107.5,107.45,107.48,734.0
2024-10-22 22:46:00,107.56,107.56,107.56,107.56,120.0
2024-10-22 22:50:00,107.48,107.48,107.45,107.45,578.0
2024-10-22 22:52:00,107.45,107.45,107.45,107.45,110.0
2024-10-22 22:56:00,107.4609,107.4609,107.4609,107.4609,202.0
2024-10-22 22:58:00,107.47,107.47,107.47,107.47,386.0
2024-10-22 23:06:00,107.54,107.54,107.54,107.54,701.0
2024-10-22 23:10:00,107.52,107.54,107.52,107.54,503.0
2024-10-22 23:16:00,107.48,107.48,107.48,107.48,349.0
2024-10-22 23:18:00,107.46,107.46,107.46,107.46,700.0
2024-10-22 23:20:00,107.4602,107.4602,107.46,107.46,273.0
2024-10-22 23:22:00,107.46,107.46,107.46,107.46,101.0
2024-10-22 23:24:00,107.5,107.5,107.5,107.5,345.0
2024-10-22 23:26:00,107.4602,107.4602,107.4602,107.4602,202.0
2024-10-22 23:30:00,107.46,107.52,107.46,107.52,552.0
2024-10-22 23:34:00,107.52,107.52,107.46,107.46,530.0
2024-10-22 23:36:00,107.49,107.54,107.49,107.54,381.0
2024-10-22 23:38:00,107.5,107.5,107.46,107.46,572.0
2024-10-22 23:42:00,107.55,107.55,107.4506,107.4506,336.0
2024-10-22 23:44:00,107.5,107.5,107.5,107.5,524.0
2024-10-22 23:48:00,107.52,107.52,107.52,107.52,503.0
2024-10-22 23:52:00,107.51,107.51,107.51,107.51,435.0
2024-10-22 23:58:00,107.48,107.48,107.48,107.48,872.0
2024-10-23 08:00:00,106.95,107.39,106.95,107.21,1207.0
2024-10-23 08:02:00,107.15,107.18,107.15,107.18,1237.0
2024-10-23 08:04:00,107.33,108.24,107.33,108.23,21772.0
2024-10-23 08:06:00,108.21,108.49,108.21,108.39,1822.0
2024-10-23 08:08:00,108.39,108.51,108.33,108.5,6952.0
2024-10-23 08:10:00,108.5,108.7,108.5,108.5,2798.0
2024-10-23 08:12:00,108.5,108.5,108.5,108.5,1861.0
2024-10-23 08:14:00,108.5,108.5,108.5,108.5,484.0
2024-10-23 08:16:00,108.49,108.49,108.49,108.49,200.0
2024-10-23 08:18:00,108.56,108.56,108.26,108.26,1508.0
2024-10-23 08:20:00,108.27,108.27,108.23,108.23,1270.0
2024-10-23 08:22:00,108.11,108.11,108.11,108.11,257.0
2024-10-23 08:24:00,108.12,108.12,108.11,108.11,1737.0
2024-10-23 08:26:00,108.0,108.0,107.99,108.0,2038.0
2024-10-23 08:32:00,107.98,107.98,107.98,107.98,161.0
2024-10-23 08:36:00,107.91,107.91,107.91,107.91,213.0
2024-10-23 08:40:00,107.99,107.99,107.99,107.99,451.0
2024-10-23 08:44:00,107.69,107.69,107.69,107.69,299.0
2024-10-23 08:56:00,107.62,107.63,107.62,107.63,428.0
2024-10-23 09:04:00,107.72,107.74,107.72,107.74,435.0
2024-10-23 09:06:00,107.68,107.68,107.68,107.68,239.0
2024-10-23 09:08:00,107.82,107.82,107.82,107.82,143.0
2024-10-23 09:28:00,107.9,107.9,107.9,107.9,201.0
2024-10-23 09:46:00,108.04,108.04,108.04,108.04,637.0
2024-10-23 09:52:00,108.26,108.27,108.24,108.24,597.0
2024-10-23 09:56:00,108.4,108.4,108.4,108.4,252.0
2024-10-23 09:58:00,108.38,108.38,108.38,108.38,240.0
2024-10-23 10:00:00,108.4,108.4,108.4,108.4,192.0
2024-10-23 10:04:00,108.25,108.25,108.2,108.2,465.0
2024-10-23 10:24:00,108.03,108.03,108.03,108.03,154.0
2024-10-23 10:28:00,108.03,108.03,108.01,108.01,506.0
2024-10-23 10:30:00,108.0,108.0,107.6,107.62,11570.0
2024-10-23 10:32:00,107.56,107.56,107.51,107.51,970.0
2024-10-23 10:36:00,107.78,107.8,107.56,107.56,781.0
2024-10-23 10:38:00,107.53,107.53,107.4,107.4,1436.0
2024-10-23 10:46:00,107.35,107.35,107.35,107.35,255.0
2024-10-23 10:50:00,107.34,107.34,107.34,107.34,256.0
2024-10-23 10:52:00,107.22,107.3,107.21,107.3,490.0
2024-10-23 10:58:00,107.36,107.41,107.36,107.4,1070.0
2024-10-23 11:02:00,107.4,107.4,107.4,107.4,296.0
2024-10-23 11:06:00,107.54,107.54,107.45,107.45,818.0
2024-10-23 11:08:00,107.55,107.58,107.55,107.58,964.0
2024-10-23 11:10:00,107.4,107.44,107.4,107.44,329.0
2024-10-23 11:12:00,107.54,107.54,107.54,107.54,253.0
2024-10-23 11:16:00,107.46,107.46,107.46,107.46,100.0
2024-10-23 11:18:00,107.45,107.45,107.45,107.45,319.0
2024-10-23 11:24:00,107.43,107.48,107.35,107.35,1386.0
2024-10-23 11:30:00,107.4,107.4,107.4,107.4,297.0
2024-10-23 11:32:00,107.26,107.26,107.26,107.26,105.0
2024-10-23 11:36:00,107.42,107.43,107.42,107.43,1001.0
2024-10-23 11:38:00,107.34,107.34,107.29,107.29,435.0
2024-10-23 11:42:00,107.4,107.48,107.38,107.48,3303.0
2024-10-23 11:46:00,107.56,107.56,107.56,107.56,244.0
2024-10-23 11:50:00,107.65,107.65,107.65,107.65,482.0
2024-10-23 11:54:00,107.66,107.66,107.61,107.61,509.0
2024-10-23 12:00:00,107.57,107.7,107.23,107.51,20946.0
2024-10-23 12:04:00,107.4,107.4,107.4,107.4,414.0
2024-10-23 12:08:00,107.4,107.4,107.4,107.4,201.0
2024-10-23 12:10:00,107.45,107.45,107.4,107.41,632.0
2024-10-23 12:12:00,107.39,107.39,107.39,107.39,5001.0
2024-10-23 12:14:00,107.45,107.5,107.45,107.5,7502.0
2024-10-23 12:16:00,107.55,107.55,107.52,107.5497,2502.0
2024-10-23 12:18:00,107.61,107.7,107.61,107.7,1576.0
2024-10-23 12:20:00,107.73,107.76,107.73,107.76,489.0
2024-10-23 12:22:00,107.6601,107.6601,107.6601,107.6601,230.0
2024-10-23 12:24:00,107.78,107.78,107.78,107.78,120.0
2024-10-23 12:26:00,107.83,107.83,107.83,107.83,239.0
2024-10-23 12:28:00,107.85,108.0,107.81,107.81,3015.0
2024-10-23 12:30:00,107.78,107.78,107.7155,107.7155,714.0
2024-10-23 12:32:00,107.56,107.8096,107.56,107.8096,395.0
2024-10-23 12:34:00,107.53,107.53,107.53,107.53,321.0
2024-10-23 12:36:00,107.5,107.5,107.38,107.38,5248.0
2024-10-23 12:38:00,107.27,107.33,107.1502,107.1502,3838.0
2024-10-23 12:40:00,107.1309,107.1309,107.0,107.0,3485.0
2024-10-23 12:42:00,107.0,107.0,106.9,107.0,2404.0
2024-10-23 12:44:00,106.9984,107.0,106.9,107.0,8593.0
2024-10-23 12:46:00,107.02,107.17,107.0,107.17,2358.0
2024-10-23 12:48:00,107.24,107.24,107.24,107.24,380.0
2024-10-23 12:50:00,107.0,107.0,107.0,107.0,196.0
2024-10-23 12:52:00,107.05,107.05,107.04,107.04,817.0
2024-10-23 12:54:00,107.04,107.2,107.04,107.2,823.0
2024-10-23 12:58:00,107.11,107.11,107.06,107.06,762.0
2024-10-23 13:00:00,107.04,107.13,107.04,107.13,1081.0
2024-10-23 13:02:00,107.16,107.86,107.16,107.74,29336.0
2024-10-23 13:04:00,107.67,107.7,107.26,107.5,4562.0
2024-10-23 13:06:00,107.29,107.3,107.29,107.3,538.0
2024-10-23 13:08:00,107.26,107.4,107.25,107.4,3420.0
2024-10-23 13:10:00,107.24,107.24,107.21,107.21,446.0
2024-10-23 13:12:00,107.14,107.1599,107.05,107.1599,2143.0
2024-10-23 13:14:00,107.11,107.4298,107.055,107.4298,982.0
2024-10-23 13:16:00,107.21,107.23,107.21,107.22,364.0
2024-10-23 13:18:00,107.11,107.15,107.044,107.044,1404.0
2024-10-23 13:20:00,107.1,107.1,106.9,106.9,6825.0
2024-10-23 13:22:00,106.86,106.89,106.84,106.89,1155.0
2024-10-23 13:24:00,106.95,106.95,106.9,106.9316,4952.0
2024-10-23 13:26:00,106.903,106.95,106.8,106.91,4354.0
2024-10-23 13:28:00,106.83,106.83,106.605,106.6435,6690.0
2024-10-23 13:30:00,106.564,106.64,105.58,105.755,479705.0
2024-10-23 13:32:00,105.8,105.97,105.45,105.65,159394.0
2024-10-23 13:34:00,105.67,106.62,105.67,106.335,107583.0
2024-10-23 13:36:00,106.27,106.688,106.22,106.47,88664.0
2024-10-23 13:38:00,106.5,106.93,106.47,106.67,69742.0
2024-10-23 13:40:00,106.65,106.74,106.4101,106.425,52217.0
2024-10-23 13:42:00,106.43,106.55,106.41,106.4315,56860.0
2024-10-23 13:44:00,106.45,106.475,106.13,106.16,64222.0
2024-10-23 13:46:00,106.14,106.35,106.1,106.34,55052.0
2024-10-23 13:48:00,106.345,106.39,106.0,106.12,71621.0
2024-10-23 13:50:00,106.125,106.2,105.771,105.7739,105608.0
2024-10-23 13:52:00,105.7895,105.97,105.7501,105.9,63609.0
2024-10-23 13:54:00,105.8301,106.24,105.8301,106.215,71518.0
2024-10-23 13:56:00,106.215,106.3,106.04,106.2149,73091.0
2024-10-23 13:58:00,106.2,106.33,106.16,106.17,43562.0
2024-10-23 14:00:00,106.18,106.1943,105.7199,105.89,119629.0
2024-10-23 14:02:00,105.86,105.88,105.61,105.765,80129.0
2024-10-23 14:04:00,105.75,105.75,105.36,105.4,165949.0
2024-10-23 14:06:00,105.4252,105.45,104.87,104.93,394093.0
2024-10-23 14:08:00,104.94,105.2,104.895,105.14,166068.0
2024-10-23 14:10:00,105.13,105.33,105.0,105.31,112282.0
2024-10-23 14:12:00,105.3,105.4,105.23,105.32,75463.0
2024-10-23 14:14:00,105.32,105.43,105.31,105.4,81570.0
2024-10-23 14:16:00,105.38,105.5,105.3506,105.46,71726.0
2024-10-23 14:18:00,105.4599,105.55,105.3,105.35,75028.0
2024-10-23 14:20:00,105.335,105.67,105.27,105.54,95403.0
2024-10-23 14:22:00,105.52,105.77,105.4,105.76,72861.0
2024-10-23 14:24:00,105.76,105.89,105.65,105.86,67807.0
2024-10-23 14:26:00,105.9,106.31,105.81,106.255,145284.0
2024-10-23 14:28:00,106.252,106.54,106.252,106.495,141767.0
2024-10-23 14:30:00,106.495,106.678,106.39,106.54,105604.0
2024-10-23 14:32:00,106.55,106.85,106.55,106.83,90542.0
2024-10-23 14:34:00,106.84,107.1,106.84,106.8556,140232.0
2024-10-23 14:36:00,106.86,106.88,106.57,106.58,72788.0
2024-10-23 14:38:00,106.55,106.57,106.41,106.41,39537.0
2024-10-23 14:40:00,106.41,106.56,106.28,106.5199,71131.0
2024-10-23 14:42:00,106.5199,106.75,106.49,106.69,43187.0
2024-10-23 14:44:00,106.67,106.79,106.62,106.72,35809.0
2024-10-23 14:46:00,106.71,106.7386,106.61,106.635,35791.0
2024-10-23 14:48:00,106.64,106.6598,106.49,106.49,34361.0
2024-10-23 14:50:00,106.53,106.5699,106.32,106.33,24247.0
2024-10-23 14:52:00,106.315,106.39,106.17,106.26,42394.0
2024-10-23 14:54:00,106.28,106.458,106.27,106.345,32221.0
2024-10-23 14:56:00,106.3403,106.45,106.27,106.3785,38317.0
2024-10-23 14:58:00,106.38,106.42,106.25,106.37,30382.0
2024-10-23 15:00:00,106.345,106.42,106.26,106.39,37617.0
2024-10-23 15:02:00,106.42,106.48,106.36,106.46,25175.0
2024-10-23 15:04:00,106.47,106.5412,106.28,106.305,36161.0
2024-10-23 15:06:00,106.28,106.3,106.17,106.19,39497.0
2024-10-23 15:08:00,106.19,106.23,106.13,106.21,28032.0
2024-10-23 15:10:00,106.2299,106.2492,106.08,106.15,45173.0
2024-10-23 15:12:00,106.14,106.1799,105.74,105.74,76919.0
2024-10-23 15:14:00,105.766032,105.9,105.72,105.83,112679.0
2024-10-23 15:16:00,105.8252,105.95,105.78,105.86,47594.0
2024-10-23 15:18:00,105.86,105.89,105.7601,105.87,29404.0
2024-10-23 15:20:00,105.845,106.02,105.83,105.995,36695.0
2024-10-23 15:22:00,106.03,106.12,105.9501,106.0,67248.0
2024-10-23 15:24:00,106.0,106.0,105.82,105.8335,36219.0
2024-10-23 15:26:00,105.84,105.87,105.67,105.72,26832.0
2024-10-23 15:28:00,105.6846,105.71,105.63,105.66,56466.0
2024-10-23 15:30:00,105.65,105.79,105.62,105.7893,53520.0
2024-10-23 15:32:00,105.77,105.79,105.71,105.785,33672.0
2024-10-23 15:34:00,105.79,105.9,105.77,105.88,36103.0
2024-10-23 15:36:00,105.8742,105.9899,105.87,105.9201,31697.0
2024-10-23 15:38:00,105.94,105.955,105.88,105.9,18183.0
2024-10-23 15:40:00,105.92,105.985,105.885,105.94,25424.0
2024-10-23 15:42:00,105.97,105.99,105.9,105.94,22676.0
2024-10-23 15:44:00,105.93,106.06,105.89,106.01,20029.0
2024-10-23 15:46:00,106.042,106.1,106.01,106.07,20511.0
2024-10-23 15:48:00,106.07,106.11,105.92,105.92,20004.0
2024-10-23 15:50:00,105.93,106.03,105.9,105.9523,22506.0
2024-10-23 15:52:00,105.97,106.01,105.94,105.94,17579.0
2024-10-23 15:54:00,105.96,105.96,105.71,105.8251,51893.0
2024-10-23 15:56:00,105.815,105.9499,105.78,105.9499,27094.0
2024-10-23 15:58:00,105.935,106.08,105.85,106.08,28976.0
2024-10-23 16:00:00,106.0417,106.0417,105.9,105.915,19196.0
2024-10-23 16:02:00,105.89,105.9,105.61,105.65,57315.0
2024-10-23 16:04:00,105.63,105.766,105.62,105.66,53304.0
2024-10-23 16:06:00,105.675,105.7,105.4,105.4,94413.0
2024-10-23 16:08:00,105.41,105.625108,105.385,105.625108,87057.0
2024-10-23 16:10:00,105.62,105.65,105.557141,105.65,24682.0
2024-10-23 16:12:00,105.65,105.67,105.56,105.6,33830.0
2024-10-23 16:14:00,105.57,105.6,105.5,105.58,32721.0
2024-10-23 16:16:00,105.58,105.72,105.58,105.67,27980.0
2024-10-23 16:18:00,105.668,105.668,105.56,105.64,67482.0
2024-10-23 16:20:00,105.6341,105.6426,105.48,105.55,34128.0
2024-10-23 16:22:00,105.54,105.54,105.385,105.43,23489.0
2024-10-23 16:24:00,105.42,105.42,105.3001,105.345,41240.0
2024-10-23 16:26:00,105.36,105.39,105.31,105.32,32828.0
2024-10-23 16:28:00,105.31,105.32,105.16,105.2099,56171.0
2024-10-23 16:30:00,105.2093,105.25,105.074,105.095,46791.0
2024-10-23 16:32:00,105.085,105.22,105.07,105.185,71608.0
2024-10-23 16:34:00,105.189187,105.3098,105.18,105.29,34706.0
2024-10-23 16:36:00,105.27,105.4,105.26,105.4,37002.0
2024-10-23 16:38:00,105.39,105.39,105.27,105.33,42309.0
2024-10-23 16:40:00,105.32,105.37,105.2501,105.2501,19521.0
2024-10-23 16:42:00,105.25,105.38,105.24,105.38,17656.0
2024-10-23 16:44:00,105.3621,105.3732,105.29,105.31,23155.0
2024-10-23 16:46:00,105.3,105.32,105.26,105.285,31307.0
2024-10-23 16:48:00,105.29,105.35,105.275,105.35,332885.0
2024-10-23 16:50:00,105.37,105.3722,105.18,105.18,20878.0
2024-10-23 16:52:00,105.165,105.18,105.06,105.08,29368.0
2024-10-23 16:54:00,105.08,105.12,105.04,105.05,30705.0
2024-10-23 16:56:00,105.065,105.18,105.04,105.05,25557.0
2024-10-23 16:58:00,105.03,105.1,105.01,105.1,32023.0
2024-10-23 17:00:00,105.05,105.06,104.88,104.899,82246.0
2024-10-23 17:02:00,104.89,104.89,104.58,104.63,107808.0
2024-10-23 17:04:00,104.64,104.65,104.52,104.61,63308.0
2024-10-23 17:06:00,104.6,104.7,104.5901,104.6801,43669.0
2024-10-23 17:08:00,104.7,104.7099,104.55,104.62,54051.0
2024-10-23 17:10:00,104.615,104.6827,104.39,104.4,73529.0
2024-10-23 17:12:00,104.38,104.45,104.163,104.19,72380.0
2024-10-23 17:14:00,104.2,104.24,104.115,104.17,87067.0
2024-10-23 17:16:00,104.18,104.31,104.18,104.23,36004.0
2024-10-23 17:18:00,104.23,104.35,104.1912,104.33,42737.0
2024-10-23 17:20:00,104.31,104.4,104.21,104.24,40251.0
2024-10-23 17:22:00,104.26,104.27,104.13,104.21,41841.0
2024-10-23 17:24:00,104.21,104.285,104.1966,104.285,37787.0
2024-10-23 17:26:00,104.29,104.4099,104.285,104.365,28441.0
2024-10-23 17:28:00,104.36,104.465,104.35,104.39,30382.0
2024-10-23 17:30:00,104.364,104.39,104.32,104.35,20139.0
2024-10-23 17:32:00,104.35,104.37,104.18,104.195,31648.0
2024-10-23 17:34:00,104.19,104.28,104.13,104.14,31411.0
2024-10-23 17:36:00,104.1,104.18,104.01,104.1,68703.0
2024-10-23 17:38:00,104.1,104.1394,103.9301,103.9301,76204.0
2024-10-23 17:40:00,103.95,103.975,103.8001,103.87,99015.0
2024-10-23 17:42:00,103.88,103.88,103.748,103.75,62840.0
2024-10-23 17:44:00,103.75,103.8,103.63,103.7424,97235.0
2024-10-23 17:46:00,103.75,103.83,103.68,103.818,53518.0
2024-10-23 17:48:00,103.81,103.8607,103.77,103.8,51852.0
2024-10-23 17:50:00,103.8099,103.86,103.685,103.71,57422.0
2024-10-23 17:52:00,103.71,103.77,103.66,103.7164,61352.0
2024-10-23 17:54:00,103.71,104.0172,103.7,103.9001,148924.0
2024-10-23 17:56:00,103.88,103.99,103.85,103.99,48289.0
2024-10-23 17:58:00,104.0,104.01,103.83,103.85,34354.0
2024-10-23 18:00:00,103.82,103.88,103.73,103.7723,54215.0
2024-10-23 18:02:00,103.76,103.88,103.745,103.765,37695.0
2024-10-23 18:04:00,103.77,103.8,103.69,103.77,35876.0
2024-10-23 18:06:00,103.76,103.7899,103.62,103.65,55344.0
2024-10-23 18:08:00,103.66,103.8,103.54,103.7896,58425.0
2024-10-23 18:10:00,103.785,103.8299,103.69,103.7099,58279.0
2024-10-23 18:12:00,103.69,103.74,103.64,103.74,28190.0
2024-10-23 18:14:00,103.73,103.7499,103.66,103.66,21797.0
2024-10-23 18:16:00,103.64,103.7298,103.63,103.63,19669.0
2024-10-23 18:18:00,103.6165,103.69,103.54956,103.56,71425.0
2024-10-23 18:20:00,103.59,103.8,103.5746,103.78,58696.0
2024-10-23 18:22:00,103.78,103.8101,103.6854,103.8,85257.0
2024-10-23 18:24:00,103.81,103.8499,103.7,103.8499,48262.0
2024-10-23 18:26:00,103.82,103.96,103.68,103.805,93642.0
2024-10-23 18:28:00,103.81,103.87,103.71,103.78,94892.0
2024-10-23 18:30:00,103.76,103.89,103.73,103.8268,69059.0
2024-10-23 18:32:00,103.85,104.075,103.85,104.02,81478.0
2024-10-23 18:34:00,104.022,104.17,103.95,104.15,71668.0
2024-10-23 18:36:00,104.161,104.21,104.05,104.18,51266.0
2024-10-23 18:38:00,104.18,104.26,104.11,104.215,78950.0
2024-10-23 18:40:00,104.19,104.28,104.1501,104.1901,52145.0
2024-10-23 18:42:00,104.2,104.29,104.19,104.27,39665.0
2024-10-23 18:44:00,104.255,104.36,104.2,104.31,37476.0
2024-10-23 18:46:00,104.31,104.41,104.25,104.33,53673.0
2024-10-23 18:48:00,104.32,104.43,104.32,104.4,37841.0
2024-10-23 18:50:00,104.42,104.47,104.32,104.46,29243.0
2024-10-23 18:52:00,104.46,104.47,104.31,104.32,21692.0
2024-10-23 18:54:00,104.34,104.425,104.3147,104.4,24201.0
2024-10-23 18:56:00,104.41,104.43,104.26,104.26,34343.0
2024-10-23 18:58:00,104.27,104.385,104.26,104.37,40742.0
2024-10-23 19:00:00,104.37,104.5295,104.31,104.4888,74637.0
2024-10-23 19:02:00,104.49,104.55,104.41,104.45,36893.0
2024-10-23 19:04:00,104.455,104.49,104.3679,104.4,27464.0
2024-10-23 19:06:00,104.405,104.45,104.385,104.4,41669.0
2024-10-23 19:08:00,104.4,104.42,104.2818,104.4,33474.0
2024-10-23 19:10:00,104.41,104.4799,104.3401,104.35,49693.0
2024-10-23 19:12:00,104.34,104.34,104.16,104.27,44594.0
2024-10-23 19:14:00,104.2753,104.359,104.25,104.35,45211.0
2024-10-23 19:16:00,104.36,104.45,104.36,104.385,31837.0
2024-10-23 19:18:00,104.39,104.51,104.37,104.475,35509.0
2024-10-23 19:20:00,104.47,104.56,104.38,104.55,34428.0
2024-10-23 19:22:00,104.5299,104.62,104.452,104.62,40977.0
2024-10-23 19:24:00,104.62,104.7,104.5888,104.7,45785.0
2024-10-23 19:26:00,104.69,104.9,104.69,104.8119,60978.0
2024-10-23 19:28:00,104.83,104.86,104.66,104.670884,52690.0
2024-10-23 19:30:00,104.68,104.71,104.5,104.565,52262.0
2024-10-23 19:32:00,104.555,104.63,104.52,104.6,46602.0
2024-10-23 19:34:00,104.6,104.71,104.575,104.64,44996.0
2024-10-23 19:36:00,104.64,104.74,104.64,104.73,41680.0
2024-10-23 19:38:00,104.725,104.755,104.65,104.745,33388.0
2024-10-23 19:40:00,104.745,104.785,104.6401,104.66,51435.0
2024-10-23 19:42:00,104.65,104.79,104.6003,104.7601,58837.0
2024-10-23 19:44:00,104.765,104.78,104.72,104.77,41694.0
2024-10-23 19:46:00,104.765,104.81,104.63,104.68,69697.0
2024-10-23 19:48:00,104.69,104.85,104.68,104.84,68075.0
2024-10-23 19:50:00,104.86,105.1,104.84,104.97,179418.0
2024-10-23 19:52:00,104.97,105.12,104.96,105.06,132205.0
2024-10-23 19:54:00,105.055,105.055,104.88,105.04,162874.0
2024-10-23 19:56:00,105.03,105.17,105.0,105.12,182443.0
2024-10-23 19:58:00,105.12,105.16,105.04,105.04,321134.0
2024-10-23 20:00:00,105.05,105.05,104.99,104.9903,104911.0
2024-10-23 20:02:00,105.02,105.05,104.95,105.05,7006.0
2024-10-23 20:04:00,105.0499,105.1385,105.0499,105.1385,3778.0
2024-10-23 20:06:00,105.11,105.1399,105.02,105.07,3132.0
2024-10-23 20:08:00,105.0902,105.0902,104.86,104.94,6663.0
2024-10-23 20:10:00,104.94,105.08,104.94,104.9737,5684.0
2024-10-23 20:12:00,105.07,105.07,105.01,105.01,3632.0
2024-10-23 20:14:00,105.06,105.07,105.0,105.07,1376.0
2024-10-23 20:16:00,105.0699,105.1,105.0699,105.09,2255.0
2024-10-23 20:18:00,105.09,105.12,105.09,105.12,1939.0
2024-10-23 20:20:00,105.12,105.23,105.12,105.23,3889.0
2024-10-23 20:22:00,105.24,105.5,105.24,105.5,9792.0
2024-10-23 20:24:00,105.5,105.55,105.4101,105.5,6796.0
2024-10-23 20:26:00,105.56,105.56,105.42,105.46,11490.0
2024-10-23 20:28:00,105.46,105.46,105.4,105.4,2311.0
2024-10-23 20:32:00,105.41,105.42,105.36,105.36,1634.0
2024-10-23 20:34:00,105.2512,105.2512,105.2512,105.2512,2600.0
2024-10-23 20:36:00,105.39,105.39,105.32,105.32,401.0
2024-10-23 20:38:00,105.31,105.39,105.31,105.39,139751.0
2024-10-23 20:40:00,105.3899,105.39,105.31,105.34,2142.0
2024-10-23 20:42:00,105.35,105.39,105.32,105.32,1914.0
2024-10-23 20:44:00,105.26,105.3654,105.2,105.3654,1973.0
2024-10-23 20:48:00,105.32,105.32,105.32,105.32,1452.0
2024-10-23 20:50:00,105.3745,105.3745,105.3745,105.3745,261.0
2024-10-23 20:52:00,105.09,105.2,105.09,105.2,1545.0
2024-10-23 20:54:00,105.28,105.31,105.25,105.31,941.0
2024-10-23 20:58:00,105.2,105.2,105.2,105.2,289.0
2024-10-23 21:00:00,105.3,105.3,105.3,105.3,403.0
2024-10-23 21:02:00,105.26,105.26,105.26,105.26,1242.0
2024-10-23 21:04:00,105.26,105.3099,105.26,105.26,1209.0
2024-10-23 21:06:00,105.2,105.2,105.2,105.2,100.0
2024-10-23 21:08:00,105.21,105.21,105.21,105.21,157.0
2024-10-23 21:10:00,105.05,105.05,105.05,105.05,498543.0
2024-10-23 21:12:00,105.22,105.26,105.22,105.26,1376.0
2024-10-23 21:14:00,105.26,105.26,105.21,105.25,2420.0
2024-10-23 21:16:00,105.22,105.25,105.21,105.25,1832.0
2024-10-23 21:18:00,105.25,105.26,105.25,105.26,1508.0
2024-10-23 21:20:00,105.3,105.3,105.3,105.3,631.0
2024-10-23 21:24:00,105.2956,105.3,105.2956,105.3,524.0
2024-10-23 21:26:00,105.2999,105.3,105.2999,105.3,1762.0
2024-10-23 21:28:00,105.23,105.24,105.23,105.24,1009.0
2024-10-23 21:30:00,105.2999,105.3,105.23,105.3,742.0
2024-10-23 21:32:00,105.3,105.3,105.3,105.3,190.0
2024-10-23 21:36:00,105.2109,105.2109,105.2109,105.2109,2323.0
2024-10-23 21:38:00,105.25,105.25,105.25,105.25,468.0
2024-10-23 21:40:00,105.25,105.3,105.2101,105.3,8175.0
2024-10-23 21:42:00,105.21,105.21,105.21,105.21,369.0
2024-10-23 21:44:00,105.2185,105.2185,105.2185,105.2185,225.0
2024-10-23 21:48:00,105.28,105.28,105.28,105.28,331.0
2024-10-23 21:50:00,105.2,105.2,105.2,105.2,643.0
2024-10-23 21:52:00,105.21,105.21,105.21,105.21,3010.0
2024-10-23 21:54:00,105.2145,105.2145,105.2106,105.2106,1050.0
2024-10-23 21:56:00,105.27,105.3,105.27,105.3,1953.0
2024-10-23 22:00:00,105.25,105.25,105.25,105.25,449.0
2024-10-23 22:02:00,105.27,105.29,105.27,105.29,1243.0
2024-10-23 22:04:00,105.27,105.27,105.19,105.19,7798.0
2024-10-23 22:06:00,105.15,105.15,105.15,105.15,132.0
2024-10-23 22:08:00,105.1677,105.3,105.1677,105.3,310.0
2024-10-23 22:10:00,105.28,105.28,105.28,105.28,167.0
2024-10-23 22:12:00,105.3078,105.3078,105.3078,105.3078,302.0
2024-10-23 22:14:00,105.3099,105.3099,105.23,105.23,610.0
2024-10-23 22:16:00,105.19,105.28,105.15,105.28,402.0
2024-10-23 22:18:00,105.25,105.25,105.25,105.25,122.0
2024-10-23 22:20:00,105.37,105.37,105.37,105.37,519.0
2024-10-23 22:22:00,105.24,105.24,105.24,105.24,1047.0
2024-10-23 22:30:00,105.17,105.17,105.16,105.17,544.0
2024-10-23 22:32:00,105.05,105.17,105.05,105.11,1141.0
2024-10-23 22:36:00,105.29,105.29,105.28,105.28,736.0
2024-10-23 22:38:00,105.28,105.28,105.28,105.28,106.0
2024-10-23 22:42:00,105.28,105.28,105.28,105.28,444.0
2024-10-23 22:44:00,105.28,105.29,105.27,105.29,1286.0
2024-10-23 22:48:00,105.22,105.22,105.07,105.22,1675.0
2024-10-23 22:52:00,105.23,105.23,105.23,105.23,513.0
2024-10-23 22:54:00,105.2039,105.3,105.2039,105.3,932.0
2024-10-23 22:58:00,105.19,105.28,105.17,105.28,2114.0
2024-10-23 23:00:00,105.2784,105.2784,105.2784,105.2784,119.0
2024-10-23 23:02:00,105.2013,105.2013,105.2013,105.2013,107.0
2024-10-23 23:04:00,105.2,105.21,105.2,105.21,364.0
2024-10-23 23:06:00,105.2,105.2,105.2,105.2,1116.0
2024-10-23 23:10:00,105.2,105.2,105.2,105.2,107.0
2024-10-23 23:14:00,105.2,105.2,105.2,105.2,184.0
2024-10-23 23:16:00,105.2,105.25,105.2,105.25,334.0
2024-10-23 23:18:00,105.1904,105.1904,105.1904,105.1904,102.0
2024-10-23 23:20:00,105.24,105.24,105.24,105.24,210.0
2024-10-23 23:22:00,105.24,105.24,105.1603,105.1603,1864.0
2024-10-23 23:24:00,105.2297,105.2297,105.16,105.16,457.0
2024-10-23 23:26:00,105.15,105.2,105.15,105.2,362.0
2024-10-23 23:28:00,105.16,105.16,105.16,105.16,100.0
2024-10-23 23:30:00,105.16,105.16,105.1516,105.1516,899.0
2024-10-23 23:34:00,105.18,105.18,105.18,105.18,202.0
2024-10-23 23:36:00,105.23,105.25,105.23,105.25,681.0
2024-10-23 23:38:00,105.26,105.26,105.246,105.246,465.0
2024-10-23 23:40:00,105.29,105.3,105.29,105.3,2083.0
2024-10-23 23:42:00,105.3698,105.3698,105.3698,105.3698,960.0
2024-10-23 23:44:00,105.285,105.3995,105.285,105.3995,2137.0
2024-10-23 23:46:00,105.32,105.3206,105.32,105.3206,593.0
2024-10-23 23:50:00,105.32,105.4,105.32,105.4,1853.0
2024-10-23 23:58:00,105.4999,105.55,105.4,105.55,2017.0
2024-10-24 08:00:00,106.65,106.65,106.2,106.2,2256.0
2024-10-24 08:02:00,106.44,106.44,106.44,106.44,732.0
2024-10-24 08:04:00,106.25,106.47,106.24,106.47,4629.0
2024-10-24 08:06:00,106.48,106.49,106.48,106.49,774.0
2024-10-24 08:08:00,106.64,106.65,106.64,106.65,368.0
2024-10-24 08:10:00,106.65,106.77,106.65,106.77,1811.0
2024-10-24 08:16:00,106.7,106.7,106.65,106.65,526.0
2024-10-24 08:18:00,106.68,106.68,106.68,106.68,488.0
2024-10-24 08:20:00,106.69,106.69,106.69,106.69,844.0
2024-10-24 08:22:00,106.75,106.75,106.72,106.72,956.0
2024-10-24 08:24:00,106.72,106.73,106.7,106.7,1076.0
2024-10-24 08:26:00,106.69,106.69,106.69,106.69,420.0
2024-10-24 08:28:00,106.66,106.66,106.66,106.66,197.0
2024-10-24 08:32:00,106.51,106.56,106.45,106.56,1135.0
2024-10-24 08:36:00,106.63,106.65,106.63,106.65,359.0
2024-10-24 08:42:00,106.57,106.57,106.46,106.46,764.0
2024-10-24 08:44:00,106.35,106.35,106.35,106.35,458.0
2024-10-24 08:46:00,106.36,106.36,106.35,106.35,990.0
2024-10-24 08:48:00,106.3,106.3,106.3,106.3,158.0
2024-10-24 08:50:00,106.34,106.34,106.34,106.34,450.0
2024-10-24 08:52:00,106.22,106.22,106.22,106.22,475.0
2024-10-24 08:58:00,106.34,106.34,106.34,106.34,276.0
2024-10-24 09:00:00,106.35,106.5,106.35,106.5,2388.0
2024-10-24 09:02:00,106.5,106.5,106.5,106.5,600.0
2024-10-24 09:06:00,106.5,106.57,106.5,106.57,661.0
2024-10-24 09:08:00,106.57,106.65,106.57,106.65,1515.0
2024-10-24 09:10:00,106.53,106.53,106.5,106.5,2159.0
2024-10-24 09:12:00,106.53,106.53,106.53,106.53,100.0
2024-10-24 09:14:00,106.54,106.55,106.54,106.55,280.0
2024-10-24 09:16:00,106.64,106.65,106.64,106.65,954.0
2024-10-24 09:22:00,106.62,106.62,106.62,106.62,329.0
2024-10-24 09:24:00,106.7,107.05,106.7,107.01,9060.0
2024-10-24 09:26:00,107.01,107.01,106.86,106.86,1784.0
2024-10-24 09:30:00,106.97,107.05,106.97,106.97,721.0
2024-10-24 09:32:00,107.0,107.0,106.95,107.0,1104.0
2024-10-24 09:34:00,107.0,107.01,107.0,107.01,1286.0
2024-10-24 09:36:00,106.91,106.91,106.91,106.91,237.0
2024-10-24 09:38:00,107.03,107.03,106.85,106.85,2355.0
2024-10-24 09:46:00,106.83,106.83,106.83,106.83,198.0
2024-10-24 09:50:00,106.9,106.91,106.9,106.91,850.0
2024-10-24 09:52:00,106.85,106.85,106.8,106.84,460.0
2024-10-24 09:56:00,106.8,106.8,106.8,106.8,237.0
2024-10-24 10:00:00,106.77,106.77,106.77,106.77,200.0
2024-10-24 10:08:00,106.8,106.8,106.8,106.8,123.0
2024-10-24 10:20:00,106.93,107.0,106.93,107.0,1417.0
2024-10-24 10:22:00,107.0,107.0,106.84,106.84,1203.0
2024-10-24 10:32:00,106.95,107.02,106.95,107.02,306.0
2024-10-24 10:34:00,107.02,107.02,107.02,107.02,150.0
2024-10-24 10:36:00,107.03,107.15,107.03,107.15,5837.0
2024-10-24 10:38:00,107.01,107.01,106.95,106.97,1150.0
2024-10-24 10:40:00,107.14,107.18,106.95,106.95,1769.0
2024-10-24 10:42:00,106.96,106.96,106.95,106.95,1072.0
2024-10-24 10:44:00,107.05,107.05,107.05,107.05,125.0
2024-10-24 10:48:00,106.95,106.95,106.95,106.95,229.0
2024-10-24 10:52:00,106.95,106.95,106.95,106.95,658.0
2024-10-24 11:00:00,106.74,106.74,106.71,106.71,1484.0
2024-10-24 11:02:00,106.7,106.7,106.67,106.67,1051.0
2024-10-24 11:04:00,106.6,106.68,106.59,106.68,2124.0
2024-10-24 11:06:00,106.65,106.65,106.65,106.65,375.0
2024-10-24 11:08:00,106.74,106.74,106.7,106.7,1646.0
2024-10-24 11:10:00,106.7,106.85,106.7,106.81,2357.0
2024-10-24 11:12:00,106.77,106.77,106.77,106.77,1055.0
2024-10-24 11:16:00,106.8,106.8,106.77,106.77,1484.0
2024-10-24 11:18:00,106.74,106.74,106.74,106.74,100.0
2024-10-24 11:20:00,106.74,106.74,106.7,106.7,2123.0
2024-10-24 11:22:00,106.77,106.78,106.77,106.78,782.0
2024-10-24 11:24:00,106.74,106.74,106.74,106.74,100.0
2024-10-24 11:26:00,106.74,106.74,106.74,106.74,205.0
2024-10-24 11:28:00,106.74,106.74,106.74,106.74,260.0
2024-10-24 11:30:00,106.69,106.69,106.69,106.69,375.0
2024-10-24 11:32:00,106.69,106.69,106.69,106.69,523.0
2024-10-24 11:34:00,106.67,106.67,106.67,106.67,477.0
2024-10-24 11:40:00,106.66,106.69,106.66,106.68,1724.0
2024-10-24 11:42:00,106.69,106.69,106.69,106.69,331.0
2024-10-24 11:44:00,106.69,106.69,106.69,106.69,332.0
2024-10-24 11:46:00,106.68,106.69,106.68,106.69,2040.0
2024-10-24 11:48:00,106.69,106.69,106.69,106.69,618.0
2024-10-24 11:50:00,106.75,106.75,106.75,106.75,634.0
2024-10-24 11:52:00,106.77,106.77,106.75,106.75,1814.0
2024-10-24 11:56:00,106.82,106.82,106.77,106.77,1843.0
2024-10-24 11:58:00,106.81,106.82,106.81,106.82,873.0
2024-10-24 12:00:00,106.9499,106.9499,106.0,106.85,55872.0
2024-10-24 12:02:00,106.8,106.85,106.69,106.74,9801.0
2024-10-24 12:04:00,106.6501,106.6501,106.54,106.54,4043.0
2024-10-24 12:06:00,106.56,106.7176,106.56,106.7176,1378.0
2024-10-24 12:08:00,106.53,106.65,106.53,106.56,1953.0
2024-10-24 12:10:00,106.68,106.68,106.5504,106.5504,1597.0
2024-10-24 12:12:00,106.67,106.73,106.67,106.71,6231.0
2024-10-24 12:14:00,106.72,106.75,106.72,106.7395,2420.0
2024-10-24 12:18:00,106.735,106.74,106.66,106.74,3317.0
2024-10-24 12:20:00,106.73,106.74,106.6506,106.6506,4199.0
2024-10-24 12:22:00,106.72,106.7399,106.72,106.7399,824.0
2024-10-24 12:24:00,106.74,106.912,106.7208,106.912,17855.0
2024-10-24 12:26:00,106.8899,106.8899,106.75,106.75,604.0
2024-10-24 12:28:00,106.8,106.8,106.8,106.8,738.0
2024-10-24 12:30:00,106.8,107.0,106.8,106.91,7878.0
2024-10-24 12:32:00,106.7,106.7,106.7,106.7,246.0
2024-10-24 12:34:00,106.9,106.9,106.9,106.9,1017.0
2024-10-24 12:36:00,106.9499,107.08,106.93,107.0,10250.0
2024-10-24 12:38:00,107.0,107.0,106.9007,106.9007,1590.0
2024-10-24 12:40:00,106.9999,106.9999,106.9,106.9,10242.0
2024-10-24 12:42:00,106.9,106.9,106.9,106.9,456.0
2024-10-24 12:44:00,106.955,106.955,106.85,106.85,723.0
2024-10-24 12:46:00,106.86,106.9,106.79,106.8,4878.0
2024-10-24 12:48:00,106.89,106.92,106.89,106.92,2176.0
2024-10-24 12:50:00,106.95,107.0,106.8,107.0,6801.0
2024-10-24 12:52:00,106.82,106.82,106.73,106.73,4041.0
2024-10-24 12:54:00,106.8,106.8,106.71,106.8,4614.0
2024-10-24 12:56:00,106.775,106.775,106.65,106.65,4295.0
2024-10-24 12:58:00,106.6,106.69,106.5,106.51,19204.0
2024-10-24 13:00:00,106.55,106.74,106.5,106.69,7136.0
2024-10-24 13:02:00,106.69,106.7,106.61,106.62,1956.0
2024-10-24 13:04:00,106.6499,106.65,106.5996,106.65,2709.0
2024-10-24 13:06:00,106.68,106.7488,106.68,106.7488,768.0
2024-10-24 13:08:00,106.75,106.76,106.61,106.61,4814.0
2024-10-24 13:10:00,106.58,106.59,106.54,106.54,2685.0
2024-10-24 13:12:00,106.55,106.76,106.55,106.57,1327.0
2024-10-24 13:14:00,106.61,106.9,106.56,106.7156,8410.0
2024-10-24 13:16:00,106.96,106.9897,106.88,106.88,5058.0
2024-10-24 13:18:00,106.84,106.84,106.8,106.8,813.0
2024-10-24 13:20:00,106.88,107.5,106.88,107.24,34235.0
2024-10-24 13:22:00,107.25,107.442,107.05,107.442,8495.0
2024-10-24 13:24:00,107.45,107.51,107.32,107.32,8190.0
2024-10-24 13:26:00,107.1518,107.1518,106.85,106.8754,3093.0
2024-10-24 13:28:00,106.98,106.98,106.68,106.77,12301.0
2024-10-24 13:30:00,106.775,107.53,106.63,106.845,453765.0
2024-10-24 13:32:00,106.82,106.826805,106.19,106.19,226985.0
2024-10-24 13:34:00,106.2299,106.54,106.02,106.5099,157746.0
2024-10-24 13:36:00,106.5,106.67,105.98,106.2816,123818.0
2024-10-24 13:38:00,106.285,106.29,106.03,106.2287,85665.0
2024-10-24 13:40:00,106.31,106.39,105.9246,106.01,90388.0
2024-10-24 13:42:00,106.02,106.0746,105.85,105.92,67888.0
2024-10-24 13:44:00,105.96,106.02,105.7618,105.84,82993.0
2024-10-24 13:46:00,105.84,105.94,105.545,105.84,99919.0
2024-10-24 13:48:00,105.8541,105.86,105.57,105.8,57906.0
2024-10-24 13:50:00,105.8081,105.96,105.7002,105.935,97352.0
2024-10-24 13:52:00,105.9499,106.25,105.9,106.1457,148759.0
2024-10-24 13:54:00,106.15,106.2491,106.02,106.15,89657.0
2024-10-24 13:56:00,106.17,106.225,106.045,106.1401,63384.0
2024-10-24 13:58:00,106.1587,106.25,106.1,106.202,48402.0
2024-10-24 14:00:00,106.21,106.46,106.14,106.33,127638.0
2024-10-24 14:02:00,106.35,106.5399,106.34,106.4231,123218.0
2024-10-24 14:04:00,106.44,106.52,106.21,106.33,87851.0
2024-10-24 14:06:00,106.315,106.37,106.13,106.1805,88337.0
2024-10-24 14:08:00,106.19,106.24,106.06,106.17,80718.0
2024-10-24 14:10:00,106.16,106.34,106.15,106.27,58761.0
2024-10-24 14:12:00,106.285,106.5899,106.24,106.51,68199.0
2024-10-24 14:14:00,106.495,106.82,106.485,106.795,94575.0
2024-10-24 14:16:00,106.78,106.83,106.6626,106.7,62151.0
2024-10-24 14:18:00,106.71,106.71,106.48,106.58,70718.0
2024-10-24 14:20:00,106.58,106.605,106.49,106.52,96638.0
2024-10-24 14:22:00,106.5,106.86,106.49,106.8005,103868.0
2024-10-24 14:24:00,106.84,106.91,106.73,106.798,85454.0
2024-10-24 14:26:00,106.81,106.82,106.6,106.66,91474.0
2024-10-24 14:28:00,106.67,106.86,106.64,106.75,50901.0
2024-10-24 14:30:00,106.795,107.08,106.795,107.0601,115818.0
2024-10-24 14:32:00,107.1,107.4,107.0976,107.37,136469.0
2024-10-24 14:34:00,107.3769,107.41,107.2001,107.25,99630.0
2024-10-24 14:36:00,107.26,107.44,107.26,107.34,63840.0
2024-10-24 14:38:00,107.34,107.44,107.272,107.39,55549.0
2024-10-24 14:40:00,107.395,107.4,107.28,107.298,53699.0
2024-10-24 14:42:00,107.29,107.32,107.05,107.0526,62457.0
2024-10-24 14:44:00,107.0899,107.09,106.83,106.94,81614.0
2024-10-24 14:46:00,106.95,107.085,106.948,107.04,55499.0
2024-10-24 14:48:00,107.02,107.05,106.84,107.005,47680.0
2024-10-24 14:50:00,107.02,107.04,106.83,106.9141,32639.0
2024-10-24 14:52:00,106.912,107.0099,106.86,106.9,48555.0
2024-10-24 14:54:00,106.9,106.9,106.64,106.710217,121984.0
2024-10-24 14:56:00,106.7201,106.76,106.57,106.59,60127.0
2024-10-24 14:58:00,106.59,106.61,106.4,106.555,75471.0
2024-10-24 15:00:00,106.56,106.72,106.51,106.6498,62515.0
2024-10-24 15:02:00,106.64,106.76,106.62,106.7521,39531.0
2024-10-24 15:04:00,106.7501,106.95,106.66,106.66,99236.0
2024-10-24 15:06:00,106.68,106.93,106.68,106.9238,36940.0
2024-10-24 15:08:00,106.9046,106.93,106.79,106.91,50942.0
2024-10-24 15:10:00,106.914,106.96,106.8,106.92,44519.0
2024-10-24 15:12:00,106.9,107.1,106.9,107.0742,27456.0
2024-10-24 15:14:00,107.1,107.11,107.04,107.0499,38978.0
2024-10-24 15:16:00,107.04,107.0552,106.97,107.01,45028.0
2024-10-24 15:18:00,107.015,107.1,107.0,107.09,29243.0
2024-10-24 15:20:00,107.1,107.12,107.05,107.08,26719.0
2024-10-24 15:22:00,107.068,107.068,106.83,106.87,37240.0
2024-10-24 15:24:00,106.88,106.92,106.83,106.88,22252.0
2024-10-24 15:26:00,106.89,107.02,106.86,106.99,38784.0
2024-10-24 15:28:00,107.0,107.0362,106.9845,106.99,31570.0
2024-10-24 15:30:00,106.9501,107.0898,106.94,107.07,43706.0
2024-10-24 15:32:00,107.09,107.13,107.0069,107.04,27192.0
2024-10-24 15:34:00,107.05,107.1499,107.0147,107.045,59634.0
2024-10-24 15:36:00,107.04,107.09,106.9603,107.08,49897.0
2024-10-24 15:38:00,107.0847,107.09,106.87,106.92,48171.0
2024-10-24 15:40:00,106.9067,106.9943,106.87,106.93,21038.0
2024-10-24 15:42:00,106.94,106.9457,106.8,106.86,26584.0
2024-10-24 15:44:00,106.86,106.865,106.73,106.7598,30816.0
2024-10-24 15:46:00,106.76,106.7749,106.49,106.54,29703.0
2024-10-24 15:48:00,106.55,106.5852,106.39,106.42,46878.0
2024-10-24 15:50:00,106.395,106.5262,106.36,106.42,51998.0
2024-10-24 15:52:00,106.44,106.54,106.4,106.515,32339.0
2024-10-24 15:54:00,106.52,106.63,106.49,106.6,30536.0
2024-10-24 15:56:00,106.59,106.6264,106.521,106.6264,26496.0
2024-10-24 15:58:00,106.63,106.69,106.61,106.6777,19796.0
2024-10-24 16:00:00,106.693,106.7,106.5801,106.59,28456.0
2024-10-24 16:02:00,106.59,106.63,106.47,106.52,35101.0
2024-10-24 16:04:00,106.51,106.5626,106.35,106.3599,26357.0
2024-10-24 16:06:00,106.36,106.37,106.1501,106.1501,39963.0
2024-10-24 16:08:00,106.12,106.2483,106.08,106.2483,29834.0
2024-10-24 16:10:00,106.2411,106.27,106.07,106.07,21480.0
2024-10-24 16:12:00,106.04,106.0407,105.9,105.98,114935.0
2024-10-24 16:14:00,105.98,106.0,105.88,105.902,42826.0
2024-10-24 16:16:00,105.89,105.92,105.78,105.87,64044.0
2024-10-24 16:18:00,105.86,105.9691,105.845,105.945,23161.0
2024-10-24 16:20:00,105.965,106.08,105.89,106.07,28299.0
2024-10-24 16:22:00,106.055,106.14,106.055,106.13,28936.0
2024-10-24 16:24:00,106.125,106.22,106.125,106.1703,24655.0
2024-10-24 16:26:00,106.18,106.28,106.173777,106.255,23394.0
2024-10-24 16:28:00,106.26,106.3925,106.26,106.3401,28217.0
2024-10-24 16:30:00,106.35,106.41,106.3,106.4,25800.0
2024-10-24 16:32:00,106.41,106.49,106.34,106.4,38830.0
2024-10-24 16:34:00,106.4,106.4,106.31,106.3299,22407.0
2024-10-24 16:36:00,106.33,106.35,106.215,106.32,27641.0
2024-10-24 16:38:00,106.31,106.3626,106.3,106.34,15498.0
2024-10-24 16:40:00,106.335,106.37,106.275,106.28,23136.0
2024-10-24 16:42:00,106.29,106.39,106.29,106.367,18487.0
2024-10-24 16:44:00,106.385,106.39,106.34,106.38,15514.0
2024-10-24 16:46:00,106.37,106.45,106.37,106.41,17445.0
2024-10-24 16:48:00,106.4,106.4699,106.36,106.458,18445.0
2024-10-24 16:50:00,106.47,106.48,106.27,106.32,37654.0
2024-10-24 16:52:00,106.33,106.42,106.29,106.29,19023.0
2024-10-24 16:54:00,106.2852,106.36,106.2701,106.34,12896.0
2024-10-24 16:56:00,106.36,106.36,106.23,106.255,19326.0
2024-10-24 16:58:00,106.255,106.27,106.22,106.26,19059.0
2024-10-24 17:00:00,106.225,106.3397,106.21,106.292883,23688.0
2024-10-24 17:02:00,106.29,106.34,106.29,106.3299,16578.0
2024-10-24 17:04:00,106.33,106.5162,106.33,106.4515,24419.0
2024-10-24 17:06:00,106.46,106.67,106.43,106.67,50001.0
2024-10-24 17:08:00,106.66,106.66,106.55,106.58,23272.0
2024-10-24 17:10:00,106.59,106.61,106.55,106.5899,13462.0
2024-10-24 17:12:00,106.5799,106.62,106.55,106.55,15645.0
2024-10-24 17:14:00,106.53,106.53,106.46,106.46,22588.0
2024-10-24 17:16:00,106.46,106.48,106.39,106.47,81578.0
2024-10-24 17:18:00,106.48,106.55,106.4301,106.53,13968.0
2024-10-24 17:20:00,106.51,106.55,106.46,106.46,14024.0
2024-10-24 17:22:00,106.46,106.51,106.424,106.424,10330.0
2024-10-24 17:24:00,106.422578,106.44,106.38,106.41,16991.0
2024-10-24 17:26:00,106.37,106.4299,106.37,106.415,16570.0
2024-10-24 17:28:00,106.43,106.4481,106.4101,106.44,12731.0
2024-10-24 17:30:00,106.43,106.5299,106.4,106.5299,22865.0
2024-10-24 17:32:00,106.53,106.57,106.51,106.51,15719.0
2024-10-24 17:34:00,106.5194,106.64,106.51,106.6,47190.0
2024-10-24 17:36:00,106.59,106.7,106.59,106.7,34465.0
2024-10-24 17:38:00,106.695,106.71,106.6601,106.7,26543.0
2024-10-24 17:40:00,106.7,106.73,106.62,106.67,34715.0
2024-10-24 17:42:00,106.64,106.71,106.63,106.695,22560.0
2024-10-24 17:44:00,106.718,106.7499,106.69,106.69,32491.0
2024-10-24 17:46:00,106.685,106.685,106.54,106.55,25148.0
2024-10-24 17:48:00,106.54,106.54,106.44,106.49,20635.0
2024-10-24 17:50:00,106.49,106.54,106.46,106.48,21681.0
2024-10-24 17:52:00,106.47,106.522,106.47,106.4808,10804.0
2024-10-24 17:54:00,106.495,106.5498,106.47,106.525,11703.0
2024-10-24 17:56:00,106.525,106.6,106.4399,106.46,24647.0
2024-10-24 17:58:00,106.44,106.462,106.4,106.4,22397.0
2024-10-24 18:00:00,106.4,106.4899,106.31,106.47,32485.0
2024-10-24 18:02:00,106.49,106.4958,106.41,106.458,21218.0
2024-10-24 18:04:00,106.45,106.55,106.45,106.54,21923.0
2024-10-24 18:06:00,106.55,106.57,106.46,106.47,16497.0
2024-10-24 18:08:00,106.46,106.49,106.43,106.445,15596.0
2024-10-24 18:10:00,106.47,106.475,106.455,106.46,7662.0
2024-10-24 18:12:00,106.45,106.55,106.44,106.52,15110.0
2024-10-24 18:14:00,106.54,106.6,106.54,106.57,21582.0
2024-10-24 18:16:00,106.57,106.59,106.5351,106.56,21985.0
2024-10-24 18:18:00,106.57,106.57,106.5301,106.5631,18239.0
2024-10-24 18:20:00,106.565,106.64,106.55,106.62,29756.0
2024-10-24 18:22:00,106.6173,106.705,106.61,106.65,74566.0
2024-10-24 18:24:00,106.66,106.68,106.59,106.6196,29186.0
2024-10-24 18:26:00,106.6,106.6,106.47,106.564,26158.0
2024-10-24 18:28:00,106.56,106.59,106.5,106.5667,18357.0
2024-10-24 18:30:00,106.57,106.59,106.56,106.56,11591.0
2024-10-24 18:32:00,106.56,106.57,106.51,106.54,18356.0
2024-10-24 18:34:00,106.535,106.55,106.515,106.55,18720.0
2024-10-24 18:36:00,106.53,106.53,106.48,106.51,24978.0
2024-10-24 18:38:00,106.515,106.5699,106.47,106.49,18511.0
2024-10-24 18:40:00,106.48,106.52,106.38,106.485,25407.0
2024-10-24 18:42:00,106.49,106.5281,106.47,106.48,14297.0
2024-10-24 18:44:00,106.49,106.54,106.49,106.522,17008.0
2024-10-24 18:46:00,106.51,106.57,106.5,106.57,13435.0
2024-10-24 18:48:00,106.57,106.64,106.55,106.63,20605.0
2024-10-24 18:50:00,106.6401,106.67,106.62,106.64,32397.0
2024-10-24 18:52:00,106.638,106.65,106.6,106.65,18240.0
2024-10-24 18:54:00,106.6401,106.65,106.55,106.572,28769.0
2024-10-24 18:56:00,106.56,106.57,106.53,106.55,20983.0
2024-10-24 18:58:00,106.55,106.57,106.5,106.515,25348.0
2024-10-24 19:00:00,106.515,106.515,106.39,106.43,38060.0
2024-10-24 19:02:00,106.41,106.46,106.36355,106.3924,25266.0
2024-10-24 19:04:00,106.385,106.4319,106.35,106.4319,21972.0
2024-10-24 19:06:00,106.44,106.54,106.44,106.531,42550.0
2024-10-24 19:08:00,106.54,106.59,106.45,106.45,59931.0
2024-10-24 19:10:00,106.4501,106.53,106.45,106.5,55305.0
2024-10-24 19:12:00,106.49,106.65,106.49,106.65,50023.0
2024-10-24 19:14:00,106.6499,106.67,106.54,106.55,46530.0
2024-10-24 19:16:00,106.5599,106.62,106.55,106.56,30089.0
2024-10-24 19:18:00,106.57,106.5799,106.51,106.552,36817.0
2024-10-24 19:20:00,106.55,106.6,106.55,106.58,28357.0
2024-10-24 19:22:00,106.575,106.63,106.545,106.58,35340.0
2024-10-24 19:24:00,106.58,106.66,106.58,106.64,30570.0
2024-10-24 19:26:00,106.64,106.655,106.62,106.64,25162.0
2024-10-24 19:28:00,106.64,106.67,106.62,106.63,48150.0
2024-10-24 19:30:00,106.62,106.725,106.6,106.705,86038.0
2024-10-24 19:32:00,106.715,106.8,106.705,106.79,69461.0
2024-10-24 19:34:00,106.795,106.8401,106.738,106.738,34940.0
2024-10-24 19:36:00,106.74,106.82,106.72,106.82,33887.0
2024-10-24 19:38:00,106.82,106.82,106.715,106.715,24802.0
2024-10-24 19:40:00,106.72,106.72,106.625,106.625,37476.0
2024-10-24 19:42:00,106.62,106.62,106.538,106.538,47378.0
2024-10-24 19:44:00,106.54,106.598,106.54,106.55,32119.0
2024-10-24 19:46:00,106.56,106.62,106.555,106.57,45915.0
2024-10-24 19:48:00,106.575,106.625,106.54,106.59,64682.0
2024-10-24 19:50:00,106.6,106.669,106.54,106.625,94488.0
2024-10-24 19:52:00,106.63,106.64,106.575,106.585,88699.0
2024-10-24 19:54:00,106.58,106.87,106.55,106.87,146477.0
2024-10-24 19:56:00,106.88,106.9,106.82,106.825,142561.0
2024-10-24 19:58:00,106.825,106.91,106.76,106.84,354451.0
2024-10-24 20:00:00,106.85,106.85,106.77,106.77,49368.0
2024-10-24 20:02:00,106.77,106.85,106.77,106.82,8405.0
2024-10-24 20:04:00,106.82,106.89,106.75,106.89,6554.0
2024-10-24 20:06:00,106.9,107.2,106.8201,107.2,18072.0
2024-10-24 20:08:00,107.19,107.37,107.19,107.37,9981.0
2024-10-24 20:10:00,107.4,107.49,106.85,107.45,13456.0
2024-10-24 20:12:00,107.42,107.42,107.4,107.4,4649.0
2024-10-24 20:14:00,107.3,107.3898,107.3,107.35,3732.0
2024-10-24 20:16:00,107.35,107.35,106.85,107.3,10203.0
2024-10-24 20:18:00,107.32,107.32,107.21,107.22,1126.0
2024-10-24 20:20:00,107.25,107.25,107.24,107.24,779.0
2024-10-24 20:22:00,107.31,107.32,107.31,107.32,611.0
2024-10-24 20:24:00,107.26,107.3,107.26,107.3,1492.0
2024-10-24 20:26:00,107.3,107.3599,107.3,107.32,2485.0
2024-10-24 20:28:00,107.31,107.31,107.31,107.31,661.0
2024-10-24 20:32:00,107.33,107.3598,107.33,107.3598,1062.0
2024-10-24 20:34:00,107.36,107.43,107.36,107.43,3833.0
2024-10-24 20:36:00,107.43,107.49,107.43,107.49,4763.0
2024-10-24 20:38:00,107.49,107.49,107.4,107.4,3035.0
2024-10-24 20:40:00,107.4,107.4,107.4,107.4,1066.0
2024-10-24 20:42:00,107.32,107.35,107.32,107.32,817.0
2024-10-24 20:44:00,107.32,107.33,107.3,107.31,2394.0
2024-10-24 20:46:00,107.31,107.31,107.31,107.31,776.0
2024-10-24 20:48:00,107.3,107.4,107.3,107.33,2662.0
2024-10-24 20:50:00,107.38,107.38,107.27,107.34,1747.0
2024-10-24 20:52:00,107.33,107.33,107.33,107.33,169.0
2024-10-24 20:56:00,107.27,107.27,107.2016,107.2016,7833.0
2024-10-24 20:58:00,106.85,106.85,106.85,106.85,12875.0
2024-10-24 21:00:00,107.25,107.26,107.2,107.2,2143.0
2024-10-24 21:02:00,107.21,107.23,107.17,107.23,1474.0
2024-10-24 21:08:00,107.24,107.24,107.24,107.24,598.0
2024-10-24 21:12:00,107.27,107.27,107.27,107.27,546.0
2024-10-24 21:14:00,107.3,107.3201,107.3,107.32,981.0
2024-10-24 21:16:00,107.32,107.35,107.32,107.35,716.0
2024-10-24 21:18:00,107.31,107.31,107.26,107.26,1222.0
2024-10-24 21:22:00,107.2601,107.3,107.2601,107.3,848.0
2024-10-24 21:24:00,107.3,107.3,107.28,107.28,550.0
2024-10-24 21:26:00,107.3,107.3,107.3,107.3,330.0
2024-10-24 21:28:00,107.29,107.29,107.29,107.29,165.0
2024-10-24 21:30:00,107.3368,107.3368,107.3368,107.3368,105.0
2024-10-24 21:34:00,107.3396,107.34,107.3101,107.34,1519.0
2024-10-24 21:36:00,107.32,107.32,107.32,107.32,331.0
2024-10-24 21:38:00,107.32,107.32,107.32,107.32,154.0
2024-10-24 21:46:00,107.32,107.32,107.32,107.32,194.0
2024-10-24 22:02:00,107.4071,107.4186,107.4071,107.4186,579.0
2024-10-24 22:04:00,107.32,107.35,107.32,107.35,533.0
2024-10-24 22:08:00,107.31,107.31,107.31,107.31,105.0
2024-10-24 22:10:00,107.31,107.36,107.31,107.36,506.0
2024-10-24 22:12:00,107.3581,107.3581,107.3581,107.3581,250.0
2024-10-24 22:16:00,107.3,107.3,107.3,107.3,579.0
2024-10-24 22:20:00,107.335,107.335,107.335,107.335,100.0
2024-10-24 22:22:00,107.3,107.3,107.3,107.3,130.0
2024-10-24 22:24:00,107.29,107.29,107.29,107.29,1705.0
2024-10-24 22:26:00,107.28,107.28,107.24,107.24,1420.0
2024-10-24 22:28:00,107.0947,107.0947,107.0947,107.0947,307.0
2024-10-24 22:30:00,107.2499,107.2499,107.2499,107.2499,200.0
2024-10-24 22:34:00,107.24,107.25,107.24,107.25,301.0
2024-10-24 22:36:00,107.15,107.15,107.13,107.13,501.0
2024-10-24 22:38:00,107.2375,107.2375,107.2375,107.2375,200.0
2024-10-24 22:40:00,107.18,107.2381,107.18,107.2381,335.0
2024-10-24 22:42:00,107.22,107.22,107.22,107.22,1605.0
2024-10-24 22:44:00,107.2,107.2,107.2,107.2,101.0
2024-10-24 22:46:00,107.19,107.23,107.19,107.23,2596.0
2024-10-24 22:48:00,107.24,107.24,107.151,107.151,1390.0
2024-10-24 22:56:00,107.22,107.22,107.2,107.2,1018.0
2024-10-24 22:58:00,107.2,107.2693,107.2,107.2,626.0
2024-10-24 23:00:00,107.15,107.15,107.15,107.15,1030.0
2024-10-24 23:06:00,107.21,107.29,107.21,107.29,433.0
2024-10-24 23:08:00,107.3,107.3,107.3,107.3,3211.0
2024-10-24 23:10:00,107.33,107.33,107.33,107.33,263.0
2024-10-24 23:12:00,107.4119,107.4119,107.38,107.38,250.0
2024-10-24 23:14:00,107.4,107.4,107.35,107.35,823.0
2024-10-24 23:16:00,107.32,107.32,107.32,107.32,169.0
2024-10-24 23:18:00,107.32,107.47,107.32,107.47,1445.0
2024-10-24 23:22:00,107.38,107.38,107.3,107.3,1457.0
2024-10-24 23:24:00,107.3,107.3,107.29,107.3,3179.0
2024-10-24 23:26:00,107.34,107.34,107.33,107.34,631.0
2024-10-24 23:30:00,107.33,107.33,107.33,107.33,100.0
2024-10-24 23:34:00,107.39,107.42,107.39,107.42,1101.0
2024-10-24 23:36:00,107.45,107.4599,107.45,107.4599,450.0
2024-10-24 23:38:00,107.46,107.47,107.46,107.47,567.0
2024-10-24 23:40:00,107.39,107.4,107.39,107.39,1009.0
2024-10-24 23:42:00,107.34,107.34,107.33,107.33,1106.0
2024-10-24 23:44:00,107.45,107.45,107.4,107.4,851.0
2024-10-24 23:46:00,107.4,107.4,107.33,107.33,761.0
2024-10-24 23:48:00,107.377,107.38,107.377,107.38,297.0
2024-10-24 23:50:00,107.37,107.37,107.37,107.37,331.0
2024-10-24 23:52:00,107.35,107.38,107.35,107.38,968.0
2024-10-24 23:54:00,107.4,107.41,107.4,107.41,1700.0
2024-10-24 23:56:00,107.3,107.37,107.3,107.37,2156.0
2024-10-24 23:58:00,107.2,107.2,107.2,107.2,548.0
2024-10-25 08:00:00,106.96,106.96,106.96,106.96,408.0
2024-10-25 08:02:00,107.45,107.45,107.3,107.4,1539.0
2024-10-25 08:10:00,107.69,107.69,107.63,107.69,546.0
2024-10-25 08:12:00,107.64,107.64,107.6,107.6,1003.0
2024-10-25 08:14:00,107.58,107.58,107.57,107.57,766.0
2024-10-25 08:16:00,107.5,107.5,107.5,107.5,209.0
2024-10-25 08:18:00,107.58,107.58,107.58,107.58,195.0
2024-10-25 08:22:00,107.67,107.75,107.62,107.62,1900.0
2024-10-25 08:24:00,107.79,107.79,107.79,107.79,200.0
2024-10-25 08:26:00,107.84,107.84,107.7,107.7,342.0
2024-10-25 08:32:00,107.75,107.75,107.7,107.75,811.0
2024-10-25 08:36:00,107.71,107.71,107.71,107.71,120.0
2024-10-25 08:38:00,107.71,107.71,107.71,107.71,150.0
2024-10-25 08:44:00,107.87,107.87,107.87,107.87,106.0
2024-10-25 08:46:00,107.94,108.0,107.94,108.0,1278.0
2024-10-25 08:48:00,108.03,108.06,108.0,108.06,795.0
2024-10-25 08:50:00,108.0,108.0,107.99,107.99,216.0
2024-10-25 08:52:00,107.91,107.91,107.9,107.9,1141.0
2024-10-25 08:56:00,107.87,107.87,107.87,107.87,124.0
2024-10-25 09:00:00,107.91,108.08,107.91,108.08,1566.0
2024-10-25 09:02:00,108.14,108.22,108.14,108.22,2389.0
2024-10-25 09:04:00,108.1,108.1,108.1,108.1,101.0
2024-10-25 09:06:00,108.1,108.1,108.1,108.1,367.0
2024-10-25 09:08:00,108.11,108.11,108.0,108.0,1155.0
2024-10-25 09:10:00,108.06,108.06,108.06,108.06,122.0
2024-10-25 09:14:00,108.1,108.1,108.1,108.1,358.0
2024-10-25 09:24:00,108.07,108.1,108.07,108.09,776.0
2024-10-25 09:26:00,108.0,108.0,108.0,108.0,266.0
2024-10-25 09:32:00,108.04,108.15,108.04,108.15,391.0
2024-10-25 09:36:00,108.02,108.02,108.02,108.02,170.0
2024-10-25 09:40:00,108.01,108.01,108.01,108.01,136.0
2024-10-25 09:48:00,108.0,108.01,108.0,108.01,400.0
2024-10-25 10:00:00,107.99,107.99,107.99,107.99,300.0
2024-10-25 10:04:00,108.24,108.24,108.14,108.14,371.0
2024-10-25 10:06:00,108.14,108.14,108.14,108.14,424.0
2024-10-25 10:16:00,108.15,108.15,108.1,108.1,537.0
2024-10-25 10:30:00,108.11,108.16,108.1,108.16,753.0
2024-10-25 10:32:00,108.16,108.16,108.16,108.16,103.0
2024-10-25 10:38:00,108.12,108.12,108.12,108.12,311.0
2024-10-25 10:40:00,108.11,108.11,108.11,108.11,320.0
2024-10-25 10:50:00,108.0,108.0,108.0,108.0,863.0
2024-10-25 10:52:00,107.99,107.99,107.99,107.99,275.0
2024-10-25 11:00:00,107.9,108.0,107.76,107.76,3131.0
2024-10-25 11:02:00,107.76,107.76,107.75,107.75,1439.0
2024-10-25 11:04:00,107.82,107.82,107.82,107.82,500.0
2024-10-25 11:06:00,107.88,107.9,107.88,107.89,692.0
2024-10-25 11:08:00,107.92,107.92,107.92,107.92,580.0
2024-10-25 11:10:00,107.93,107.95,107.81,107.87,3395.0
2024-10-25 11:12:00,107.92,107.92,107.92,107.92,369.0
2024-10-25 11:14:00,107.92,107.92,107.92,107.92,240.0
2024-10-25 11:16:00,107.92,107.92,107.92,107.92,256.0
2024-10-25 11:20:00,107.93,107.95,107.85,107.85,1633.0
2024-10-25 11:26:00,107.89,107.9,107.89,107.9,537.0
2024-10-25 11:30:00,107.9,107.95,107.9,107.95,2048.0
2024-10-25 11:34:00,107.97,107.99,107.97,107.99,762.0
2024-10-25 11:36:00,108.08,108.08,108.03,108.03,713.0
2024-10-25 11:38:00,108.02,108.04,108.02,108.04,471.0
2024-10-25 11:42:00,108.02,108.05,108.02,108.05,606.0
2024-10-25 11:44:00,108.05,108.1,108.05,108.09,2068.0
2024-10-25 11:46:00,108.1,108.14,108.1,108.14,1793.0
2024-10-25 11:48:00,108.11,108.11,108.11,108.11,132.0
2024-10-25 11:50:00,108.13,108.14,108.13,108.14,562.0
2024-10-25 11:52:00,108.11,108.11,108.09,108.1,438.0
2024-10-25 11:54:00,108.1,108.1,108.1,108.1,101.0
2024-10-25 12:00:00,108.17,108.19,107.5,108.19,24656.0
2024-10-25 12:02:00,108.2,108.25,108.15,108.2,10501.0
2024-10-25 12:06:00,108.2,108.25,108.14,108.14,4134.0
2024-10-25 12:08:00,108.24,108.4,108.24,108.37,8928.0
2024-10-25 12:10:00,108.37,108.44,108.35,108.3994,3328.0
2024-10-25 12:12:00,108.4,108.44,108.39,108.4,3897.0
2024-10-25 12:14:00,108.4,108.4,108.4,108.4,1240.0
2024-10-25 12:16:00,108.45,108.45,108.3895,108.42,1477.0
2024-10-25 12:18:00,108.4,108.4,108.2508,108.2508,12377.0
2024-10-25 12:20:00,108.3938,108.3996,108.3938,108.3996,5114.0
2024-10-25 12:22:00,108.3,108.3,108.3,108.3,821.0
2024-10-25 12:24:00,108.29,108.3,108.29,108.3,508.0
2024-10-25 12:26:00,108.25,108.32,108.25,108.32,1993.0
2024-10-25 12:28:00,108.1,108.16,108.1,108.16,2394.0
2024-10-25 12:30:00,108.16,108.197,108.16,108.197,1504.0
2024-10-25 12:32:00,108.09,108.15,108.06,108.12,11302.0
2024-10-25 12:36:00,108.25,108.25,108.25,108.25,706.0
2024-10-25 12:38:00,108.2038,108.3421,108.2038,108.3421,836.0
2024-10-25 12:40:00,108.34,108.35,108.34,108.35,2273.0
2024-10-25 12:42:00,108.37,108.37,108.37,108.37,950.0
2024-10-25 12:44:00,108.39,108.45,108.39,108.45,6276.0
2024-10-25 12:46:00,108.47,108.56,108.47,108.48,11853.0
2024-10-25 12:48:00,108.52,108.57,108.48,108.48,1598.0
2024-10-25 12:50:00,108.5084,108.6,108.5084,108.6,2819.0
2024-10-25 12:52:00,108.5958,108.5958,108.48,108.4996,1256.0
2024-10-25 12:54:00,108.4,108.49,108.4,108.49,5891.0
2024-10-25 12:56:00,108.35,108.4,108.35,108.4,777.0
2024-10-25 12:58:00,108.4,108.48,108.4,108.44,1985.0
2024-10-25 13:00:00,108.43,108.43,108.43,108.43,618.0
2024-10-25 13:02:00,108.5,108.5,108.25,108.255,5449.0
2024-10-25 13:04:00,108.3001,108.38,108.3001,108.38,1585.0
2024-10-25 13:06:00,108.35,108.396,108.3,108.35,2886.0
2024-10-25 13:08:00,108.4,108.4,108.3,108.3,2867.0
2024-10-25 13:10:00,108.35,108.35,108.329,108.329,785.0
2024-10-25 13:12:00,108.22,108.3992,108.22,108.3992,1584.0
2024-10-25 13:14:00,108.4,108.4999,108.4,108.49,2182.0
2024-10-25 13:16:00,108.42,108.44,108.4,108.4,2579.0
2024-10-25 13:18:00,108.45,108.51,108.4412,108.5,13730.0
2024-10-25 13:20:00,108.5,108.6,108.5,108.6,8393.0
2024-10-25 13:22:00,108.65,108.68,108.64,108.64,3483.0
2024-10-25 13:24:00,108.6,108.6,107.93,108.46,39878.0
2024-10-25 13:26:00,108.53,108.58,108.11,108.39,8835.0
2024-10-25 13:28:00,108.36,108.47,108.36,108.46,965.0
2024-10-25 13:30:00,108.34,108.89,107.94,108.355,445922.0
2024-10-25 13:32:00,108.36,108.59,108.22,108.434,160270.0
2024-10-25 13:34:00,108.41,108.72,108.33,108.65,136410.0
2024-10-25 13:36:00,108.67,108.7399,108.4,108.69,90897.0
2024-10-25 13:38:00,108.68,108.75,108.34,108.37,104152.0
2024-10-25 13:40:00,108.4,108.47,107.98,108.09,147133.0
2024-10-25 13:42:00,108.085,108.255,107.985,108.1443,74026.0
2024-10-25 13:44:00,108.145,108.3021,108.1,108.18,50172.0
2024-10-25 13:46:00,108.195,108.69,108.157,108.69,111250.0
2024-10-25 13:48:00,108.7,108.72,108.48,108.7,120631.0
2024-10-25 13:50:00,108.72,109.06,108.7,108.97,178997.0
2024-10-25 13:52:00,109.01,109.09,108.76,108.81,89287.0
2024-10-25 13:54:00,108.826,108.98,108.76,108.93,51304.0
2024-10-25 13:56:00,108.96,109.13,108.94,109.12,72115.0
2024-10-25 13:58:00,109.08,109.27,109.0,109.07,110501.0
2024-10-25 14:00:00,109.07,109.485,109.07,109.41,140846.0
2024-10-25 14:02:00,109.42,109.535,109.335,109.35,102170.0
2024-10-25 14:04:00,109.3364,109.395,108.99,109.07,85120.0
2024-10-25 14:06:00,109.0899,109.11,108.95,108.995,63649.0
2024-10-25 14:08:00,109.03,109.08,108.92,109.04,41671.0
2024-10-25 14:10:00,109.03,109.105,108.95,108.98,51990.0
2024-10-25 14:12:00,108.975,109.0499,108.7,109.02,94617.0
2024-10-25 14:14:00,109.015,109.35,108.82,109.2731,206577.0
2024-10-25 14:16:00,109.29,109.34,109.23,109.32,62686.0
2024-10-25 14:18:00,109.33,109.47,109.2,109.3947,73866.0
2024-10-25 14:20:00,109.42,109.56,109.4,109.554,65252.0
2024-10-25 14:22:00,109.5693,109.88,109.52,109.8293,193255.0
2024-10-25 14:24:00,109.8249,109.88,109.68,109.82,55233.0
2024-10-25 14:26:00,109.81,109.815,109.59,109.665,208840.0
2024-10-25 14:28:00,109.67,109.87,109.66,109.7,47802.0
2024-10-25 14:30:00,109.705,109.85,109.64,109.6801,40796.0
2024-10-25 14:32:00,109.68,109.775,109.6101,109.676,51454.0
2024-10-25 14:34:00,109.661,109.69,109.48,109.49,56205.0
2024-10-25 14:36:00,109.51,109.55,109.4,109.47,53927.0
2024-10-25 14:38:00,109.48,109.53,109.28,109.45,57685.0
2024-10-25 14:40:00,109.46,109.63,109.44,109.5774,42365.0
2024-10-25 14:42:00,109.55,109.565,109.31,109.3101,57050.0
2024-10-25 14:44:00,109.3249,109.345,109.19,109.2996,43404.0
2024-10-25 14:46:00,109.252,109.26,109.168,109.24,39880.0
2024-10-25 14:48:00,109.25,109.3067,109.06,109.18,52154.0
2024-10-25 14:50:00,109.2,109.36,109.14,109.14,43614.0
2024-10-25 14:52:00,109.1467,109.3,109.06,109.07,43442.0
2024-10-25 14:54:00,109.11,109.26,109.09,109.234,80102.0
2024-10-25 14:56:00,109.22,109.35,109.21,109.34,55280.0
2024-10-25 14:58:00,109.3477,109.48,109.32,109.39,35406.0
2024-10-25 15:00:00,109.4,109.48,109.35,109.44,29655.0
2024-10-25 15:02:00,109.444,109.444,109.3,109.38,25066.0
2024-10-25 15:04:00,109.395,109.48,109.38,109.45,51859.0
2024-10-25 15:06:00,109.46,109.57,109.41,109.51,47967.0
2024-10-25 15:08:00,109.515,109.515,109.34,109.44,46509.0
2024-10-25 15:10:00,109.46,109.51,109.36,109.36,39193.0
2024-10-25 15:12:00,109.37,109.465,109.33,109.425,24028.0
2024-10-25 15:14:00,109.425,109.4599,109.32,109.41,36135.0
2024-10-25 15:16:00,109.42,109.44,109.3,109.38,23444.0
2024-10-25 15:18:00,109.395,109.5,109.38,109.468,43785.0
2024-10-25 15:20:00,109.435,109.5,109.4172,109.42,37053.0
2024-10-25 15:22:00,109.43,109.43,109.3,109.3799,30251.0
2024-10-25 15:24:00,109.38,109.425,109.34,109.37,37649.0
2024-10-25 15:26:00,109.36,109.36,109.17,109.25,40256.0
2024-10-25 15:28:00,109.265,109.265,108.93,108.99,86920.0
2024-10-25 15:30:00,109.01,109.1099,109.0,109.05,33841.0
2024-10-25 15:32:00,109.07,109.075,109.0,109.05,27036.0
2024-10-25 15:34:00,109.03,109.15,109.03,109.075,36185.0
2024-10-25 15:36:00,109.0844,109.15,109.03,109.1241,45822.0
2024-10-25 15:38:00,109.12,109.2,109.085,109.14,29929.0
2024-10-25 15:40:00,109.145,109.3199,109.1375,109.298,50146.0
2024-10-25 15:42:00,109.285,109.47,109.25,109.3,51206.0
2024-10-25 15:44:00,109.27,109.425,109.27,109.36,35249.0
2024-10-25 15:46:00,109.37,109.45,109.36,109.435,29012.0
2024-10-25 15:48:00,109.445,109.4599,109.2836,109.29,27535.0
2024-10-25 15:50:00,109.29,109.31,109.07,109.07,31998.0
2024-10-25 15:52:00,109.09,109.09,108.94,109.05,115984.0
2024-10-25 15:54:00,109.04,109.045,108.91,108.91,74981.0
2024-10-25 15:56:00,108.907941,109.0599,108.907941,109.0599,24241.0
2024-10-25 15:58:00,109.05,109.155,109.05,109.125,24243.0
2024-10-25 16:00:00,109.1,109.13,109.03,109.04,19902.0
2024-10-25 16:02:00,109.0675,109.14,109.01,109.13,25991.0
2024-10-25 16:04:00,109.14,109.265,109.14,109.24,30308.0
2024-10-25 16:06:00,109.25,109.255,109.08,109.09,22194.0
2024-10-25 16:08:00,109.085,109.26,109.05,109.235,32374.0
2024-10-25 16:10:00,109.24,109.25,109.15,109.16,22531.0
2024-10-25 16:12:00,109.1699,109.1699,109.07,109.07,13863.0
2024-10-25 16:14:00,109.0601,109.19,109.06,109.17,17004.0
2024-10-25 16:16:00,109.13,109.21,109.13,109.2,15354.0
2024-10-25 16:18:00,109.18,109.19,109.02,109.045,20352.0
2024-10-25 16:20:00,109.0401,109.115,109.0,109.1,25998.0
2024-10-25 16:22:00,109.09,109.11,109.05,109.09,12104.0
2024-10-25 16:24:00,109.1,109.2,109.1,109.1658,19571.0
2024-10-25 16:26:00,109.1771,109.2,109.14,109.1999,15469.0
2024-10-25 16:28:00,109.2,109.22,109.16,109.19,25786.0
2024-10-25 16:30:00,109.2,109.22,109.06,109.07,34014.0
2024-10-25 16:32:00,109.06,109.11,109.05,109.11,6521.0
2024-10-25 16:34:00,109.115,109.19,109.02,109.12,27309.0
2024-10-25 16:36:00,109.12,109.17,109.09,109.09,21115.0
2024-10-25 16:38:00,109.11,109.13,109.09,109.11,25786.0
2024-10-25 16:40:00,109.09,109.0951,108.9701,109.0,23907.0
2024-10-25 16:42:00,109.0,109.02,108.91,109.02,25138.0
2024-10-25 16:44:00,109.013381,109.14,109.013381,109.11,30005.0
2024-10-25 16:46:00,109.11,109.14,108.982,108.982,17336.0
2024-10-25 16:48:00,108.95,108.98,108.92,108.9376,19908.0
2024-10-25 16:50:00,108.93,109.03,108.92,109.03,14932.0
2024-10-25 16:52:00,109.0547,109.08,108.97,109.02,20705.0
2024-10-25 16:54:00,109.03,109.0686,108.99,108.99,22239.0
2024-10-25 16:56:00,108.99,108.99,108.87,108.915,30990.0
2024-10-25 16:58:00,108.918,109.0,108.915,108.95,21895.0
2024-10-25 17:00:00,108.95,108.95,108.86,108.88,13792.0
2024-10-25 17:02:00,108.89,108.89,108.7711,108.8299,29725.0
2024-10-25 17:04:00,108.83,108.99,108.83,108.903337,45314.0
2024-10-25 17:06:00,108.92,109.0,108.89,108.89,39857.0
2024-10-25 17:08:00,108.9,108.94,108.86,108.906364,23020.0
2024-10-25 17:10:00,108.9,108.9,108.8307,108.8926,25349.0
2024-10-25 17:12:00,108.91,108.935,108.72,108.76,48157.0
2024-10-25 17:14:00,108.74,108.84,108.71,108.78,24740.0
2024-10-25 17:16:00,108.74,108.78,108.67,108.71,33009.0
2024-10-25 17:18:00,108.696,108.76,108.69,108.71,25740.0
2024-10-25 17:20:00,108.71,108.71,108.43,108.47,54240.0
2024-10-25 17:22:00,108.46,108.7,108.43,108.670279,30364.0
2024-10-25 17:24:00,108.68,108.69,108.59,108.6,28684.0
2024-10-25 17:26:00,108.5801,108.5801,108.49,108.5191,20669.0
2024-10-25 17:28:00,108.5,108.51,108.4,108.4,27709.0
2024-10-25 17:30:00,108.38,108.48,108.33,108.455,31326.0
2024-10-25 17:32:00,108.4488,108.46,108.32,108.32,22185.0
2024-10-25 17:34:00,108.32,108.33,108.18,108.28,77930.0
2024-10-25 17:36:00,108.2808,108.429,108.2778,108.28,27065.0
2024-10-25 17:38:00,108.28,108.38,108.24,108.379,30125.0
2024-10-25 17:40:00,108.375,108.4095,108.1,108.179,45176.0
2024-10-25 17:42:00,108.155,108.155,107.94,107.95,39987.0
2024-10-25 17:44:00,107.935,108.01,107.83,108.01,81980.0
2024-10-25 17:46:00,108.03,108.285,108.005,108.26,54986.0
2024-10-25 17:48:00,108.27,108.46,108.2301,108.46,55083.0
2024-10-25 17:50:00,108.46,108.5,108.37,108.47,38411.0
2024-10-25 17:52:00,108.47,108.48,108.35,108.3869,19775.0
2024-10-25 17:54:00,108.38,108.425,108.225,108.24,43063.0
2024-10-25 17:56:00,108.3,108.33,108.225,108.235,24324.0
2024-10-25 17:58:00,108.23,108.23,108.12,108.13,31838.0
2024-10-25 18:00:00,108.14,108.18,108.07,108.13,37257.0
2024-10-25 18:02:00,108.145,108.145,107.74,108.07,79086.0
2024-10-25 18:04:00,108.06,108.165,108.06,108.09,37402.0
2024-10-25 18:06:00,108.04,108.0699,107.9,108.0699,34050.0
2024-10-25 18:08:00,108.05,108.05,107.75,107.79,64616.0
2024-10-25 18:10:00,107.75,108.0099,107.72,107.93,52130.0
2024-10-25 18:12:00,107.935,108.11,107.83,108.11,33297.0
2024-10-25 18:14:00,108.08,108.15,108.07,108.15,29779.0
2024-10-25 18:16:00,108.15,108.2299,108.055,108.0693,68400.0
2024-10-25 18:18:00,108.055,108.25,108.0,108.23,33466.0
2024-10-25 18:20:00,108.24,108.3799,108.22,108.23,41841.0
2024-10-25 18:22:00,108.22,108.3299,108.1401,108.3,33292.0
2024-10-25 18:24:00,108.31,108.42,108.28,108.41,43761.0
2024-10-25 18:26:00,108.42,108.53,108.4,108.5006,31961.0
2024-10-25 18:28:00,108.52,108.655,108.51,108.54,32198.0
2024-10-25 18:30:00,108.56,108.65,108.49,108.555,60817.0
2024-10-25 18:32:00,108.54,108.735,108.54,108.72,40651.0
2024-10-25 18:34:00,108.72,108.8652,108.71,108.83,63471.0
2024-10-25 18:36:00,108.83,108.89,108.7102,108.88,58406.0
2024-10-25 18:38:00,108.877863,108.97,108.829762,108.91,48232.0
2024-10-25 18:40:00,108.91,108.95,108.81,108.85,60096.0
2024-10-25 18:42:00,108.85,108.86,108.75,108.79,37550.0
2024-10-25 18:44:00,108.77,108.78,108.66,108.72,36175.0
2024-10-25 18:46:00,108.72,108.765,108.62,108.62,26677.0
2024-10-25 18:48:00,108.64,108.7399,108.63,108.66,21350.0
2024-10-25 18:50:00,108.65,108.685,108.54,108.56,24706.0
2024-10-25 18:52:00,108.58,108.6199,108.51,108.585,24053.0
2024-10-25 18:54:00,108.57,108.69,108.56,108.6,20250.0
2024-10-25 18:56:00,108.59,108.62,108.51,108.511,29365.0
2024-10-25 18:58:00,108.51,108.5659,108.5,108.53,17499.0
2024-10-25 19:00:00,108.49,108.5,108.28,108.35,36791.0
2024-10-25 19:02:00,108.345,108.4536,108.34,108.4,29972.0
2024-10-25 19:04:00,108.4,108.4,108.35,108.37,21354.0
2024-10-25 19:06:00,108.37,108.48,108.3638,108.4579,30952.0
2024-10-25 19:08:00,108.46,108.46,108.33,108.38,27873.0
2024-10-25 19:10:00,108.37,108.46,108.36,108.44,20865.0
2024-10-25 19:12:00,108.41,108.42,108.25,108.305,27918.0
2024-10-25 19:14:00,108.295,108.315,108.12,108.28,36783.0
2024-10-25 19:16:00,108.27,108.3198,108.185,108.305,26224.0
2024-10-25 19:18:00,108.29,108.35,108.2001,108.23,24831.0
2024-10-25 19:20:00,108.21,108.26,108.191,108.26,19008.0
2024-10-25 19:22:00,108.26,108.28,108.11,108.14,28871.0
2024-10-25 19:24:00,108.1334,108.1548,108.07,108.14,43669.0
2024-10-25 19:26:00,108.1295,108.2,108.111,108.165,28976.0
2024-10-25 19:28:00,108.1699,108.3,108.155,108.25,32260.0
2024-10-25 19:30:00,108.25,108.25,108.1,108.18,36474.0
2024-10-25 19:32:00,108.19,108.285,108.1501,108.221,32230.0
2024-10-25 19:34:00,108.24,108.2837,108.22,108.245,21668.0
2024-10-25 19:36:00,108.25,108.3,108.221,108.26,26091.0
2024-10-25 19:38:00,108.26,108.3,108.21,108.235,37121.0
2024-10-25 19:40:00,108.24,108.3,108.18,108.18,37012.0
2024-10-25 19:42:00,108.18,108.27,108.171,108.25,35938.0
2024-10-25 19:44:00,108.26,108.31,108.195,108.2,35410.0
2024-10-25 19:46:00,108.205,108.26,108.18,108.22,35508.0
2024-10-25 19:48:00,108.22,108.235,108.14,108.18,48915.0
2024-10-25 19:50:00,108.19,108.22,108.08,108.085,87766.0
2024-10-25 19:52:00,108.08,108.1,107.96,108.09,131526.0
2024-10-25 19:54:00,108.08,108.12,107.97,108.035,160933.0
2024-10-25 19:56:00,108.03,108.06,107.92,107.95,126499.0
2024-10-25 19:58:00,107.945,107.98,107.86,107.92,379875.0
2024-10-25 20:00:00,107.91,107.95,107.91,107.95,143750.0
2024-10-25 20:02:00,108.02,108.02,107.92,108.0,5711.0
2024-10-25 20:04:00,107.91,107.91,107.91,107.91,1374.0
2024-10-25 20:06:00,107.92,107.93,107.87,107.87,1029.0
2024-10-25 20:08:00,107.89,107.89,107.89,107.89,8000.0
2024-10-25 20:12:00,107.9589,107.9589,107.95,107.95,3162.0
2024-10-25 20:14:00,107.8913,107.8913,107.8913,107.8913,172.0
2024-10-25 20:16:00,107.89,107.89,107.8894,107.8894,886.0
2024-10-25 20:24:00,107.91,107.91,107.91,107.91,125.0
2024-10-25 20:28:00,107.9585,107.96,107.86,107.86,841.0
2024-10-25 20:30:00,107.92,107.9201,107.92,107.9201,1795.0
2024-10-25 20:34:00,107.95,107.96,107.95,107.96,1345.0
2024-10-25 20:38:00,107.96,107.96,107.77,107.92,2724.0
2024-10-25 20:44:00,107.93,107.93,107.93,107.93,415.0
2024-10-25 20:48:00,107.93,107.93,107.93,107.93,1339.0
2024-10-25 20:52:00,107.92,107.92,107.92,107.92,260.0
2024-10-25 21:02:00,107.9,107.9,107.87,107.87,540.0
2024-10-25 21:06:00,107.9205,107.9205,107.9205,107.9205,202.0
2024-10-25 21:08:00,107.93,107.93,107.871,107.871,480.0
2024-10-25 21:16:00,107.9,107.91,107.9,107.91,68755.0
2024-10-25 21:18:00,107.91,107.91,107.91,107.91,504.0
2024-10-25 21:20:00,107.85,107.9097,107.85,107.9097,819.0
2024-10-25 21:26:00,107.9093,107.9093,107.9,107.9,478.0
2024-10-25 21:28:00,107.85,107.85,107.8017,107.8017,829.0
2024-10-25 21:30:00,107.81,107.81,107.79,107.79,834.0
2024-10-25 21:34:00,107.79,107.79,107.73,107.73,1730.0
2024-10-25 21:36:00,107.72,107.76,107.71,107.75,2579.0
2024-10-25 21:38:00,107.8,107.8,107.8,107.8,200.0
2024-10-25 21:40:00,107.8,107.8,107.8,107.8,502.0
2024-10-25 21:42:00,107.8,107.8,107.8,107.8,136.0
2024-10-25 21:44:00,107.8,107.8,107.8,107.8,573.0
2024-10-25 21:52:00,107.85,107.9,107.85,107.9,2118.0
2024-10-25 21:54:00,107.9,107.9,107.9,107.9,951.0
2024-10-25 21:56:00,107.9,107.9,107.9,107.9,103.0
2024-10-25 21:58:00,107.9,107.9001,107.9,107.9001,1319.0
2024-10-25 22:00:00,107.91,107.94,107.91,107.94,1003.0
2024-10-25 22:02:00,107.92,107.92,107.92,107.92,195.0
2024-10-25 22:04:00,107.92,107.92,107.92,107.92,142.0
2024-10-25 22:12:00,107.86,107.88,107.86,107.88,366.0
2024-10-25 22:14:00,107.9001,107.9001,107.9001,107.9001,1032.0
2024-10-25 22:16:00,107.92,107.92,107.92,107.92,494.0
2024-10-25 22:22:00,107.857,107.857,107.857,107.857,100.0
2024-10-25 22:30:00,107.86,107.86,107.86,107.86,198.0
2024-10-25 22:34:00,107.861,107.861,107.861,107.861,208.0
2024-10-25 22:36:00,107.86,107.9,107.86,107.9,216.0
2024-10-25 22:38:00,107.91,107.91,107.91,107.91,750.0
2024-10-25 22:44:00,107.87,107.87,107.87,107.87,216.0
2024-10-25 22:46:00,107.86,107.86,107.86,107.86,1507.0
2024-10-25 22:48:00,107.92,107.92,107.92,107.92,608.0
2024-10-25 22:52:00,107.82,107.82,107.82,107.82,2000.0
2024-10-25 23:02:00,107.986,107.986,107.986,107.986,386.0
2024-10-25 23:12:00,107.9,107.9,107.9,107.9,497.0
2024-10-25 23:14:00,107.9935,107.9935,107.9935,107.9935,400.0
2024-10-25 23:20:00,107.9777,107.9777,107.81,107.81,1206.0
2024-10-25 23:22:00,107.7787,107.7787,107.75,107.75,530.0
2024-10-25 23:24:00,107.7432,107.75,107.74,107.74,737.0
2024-10-25 23:26:00,107.72,107.72,107.6037,107.6037,3363.0
2024-10-25 23:32:00,107.66,107.66,107.66,107.66,626.0
2024-10-25 23:34:00,107.61,107.61,107.61,107.61,110.0
2024-10-25 23:36:00,107.56,107.56,107.4212,107.4212,1522.0
2024-10-25 23:38:00,107.5,107.5,107.42,107.5,361.0
2024-10-25 23:40:00,107.48,107.48,107.46,107.46,525.0
2024-10-25 23:42:00,107.47,107.47,107.47,107.47,454.0
2024-10-25 23:44:00,107.46,107.46,107.46,107.46,405.0
2024-10-25 23:46:00,107.5,107.68,107.5,107.68,1073.0
2024-10-25 23:48:00,107.5,107.51,107.5,107.5,1138.0
2024-10-25 23:50:00,107.5,107.5,107.5,107.5,223.0
2024-10-25 23:52:00,107.44,107.6415,107.44,107.6415,575.0
2024-10-25 23:54:00,107.4416,107.4416,107.4416,107.4416,900.0
2024-10-25 23:58:00,107.4439,107.4439,107.4401,107.4401,1154.0
2024-10-28 08:00:00,108.87,108.87,108.84,108.84,748.0
2024-10-28 08:02:00,108.45,108.75,108.43,108.59,2100.0
2024-10-28 08:04:00,108.43,108.6,108.43,108.6,1062.0
2024-10-28 08:06:00,108.48,108.48,108.48,108.48,761.0
2024-10-28 08:10:00,108.48,108.5,107.99,108.0,10569.0
2024-10-28 08:12:00,108.12,108.17,107.94,107.99,4244.0
2024-10-28 08:14:00,108.0,108.0,108.0,108.0,5985.0
2024-10-28 08:18:00,108.47,108.54,108.18,108.18,2760.0
2024-10-28 08:20:00,108.19,108.19,108.0,108.0,8787.0
2024-10-28 08:22:00,108.04,108.05,108.02,108.04,2154.0
2024-10-28 08:24:00,108.02,108.02,108.0,108.02,1181.0
2024-10-28 08:26:00,107.97,108.0,107.97,107.97,700.0
2024-10-28 08:28:00,107.92,107.92,107.7,107.85,1229.0
2024-10-28 08:30:00,107.75,107.75,107.75,107.75,543.0
2024-10-28 08:32:00,107.86,107.86,107.86,107.86,190.0
2024-10-28 08:36:00,107.83,107.83,107.83,107.83,304.0
2024-10-28 08:38:00,107.88,107.88,107.88,107.88,282.0
2024-10-28 08:40:00,107.88,107.88,107.83,107.88,1374.0
2024-10-28 08:42:00,107.93,108.03,107.93,108.03,731.0
2024-10-28 08:46:00,108.03,108.05,108.03,108.05,1138.0
2024-10-28 08:48:00,108.05,108.05,108.05,108.05,231.0
2024-10-28 08:52:00,108.39,108.44,108.39,108.44,1087.0
2024-10-28 08:54:00,108.29,108.29,108.29,108.29,175.0
2024-10-28 08:58:00,108.28,108.39,108.28,108.39,507.0
2024-10-28 09:00:00,108.36,108.38,108.36,108.38,666.0
2024-10-28 09:02:00,108.29,108.31,107.93,107.99,3631.0
2024-10-28 09:04:00,108.09,108.1,108.09,108.1,625.0
2024-10-28 09:08:00,108.04,108.04,108.04,108.04,129.0
2024-10-28 09:10:00,108.11,108.11,108.11,108.11,221.0
2024-10-28 09:12:00,108.11,108.11,108.11,108.11,311.0
2024-10-28 09:14:00,108.11,108.11,108.11,108.11,196.0
2024-10-28 09:20:00,108.38,108.38,108.38,108.38,112.0
2024-10-28 09:22:00,108.37,108.37,108.36,108.36,518.0
2024-10-28 09:24:00,108.28,108.28,108.28,108.28,389.0
2024-10-28 09:28:00,108.28,108.28,108.28,108.28,658.0
2024-10-28 09:40:00,108.27,108.27,108.17,108.17,1549.0
2024-10-28 09:54:00,108.22,108.22,108.22,108.22,135.0
2024-10-28 09:56:00,108.26,108.26,108.26,108.26,107.0
2024-10-28 09:58:00,108.3,108.3,108.3,108.3,553.0
2024-10-28 10:02:00,108.38,108.38,108.38,108.38,467.0
2024-10-28 10:16:00,108.3,108.3,108.3,108.3,280.0
2024-10-28 10:20:00,108.4,108.4,108.37,108.37,223.0
2024-10-28 10:26:00,108.38,108.38,108.38,108.38,176.0
2024-10-28 10:28:00,108.34,108.38,108.34,108.38,424.0
2024-10-28 10:42:00,108.44,108.44,108.44,108.44,198.0
2024-10-28 10:48:00,108.34,108.38,108.34,108.38,344.0
2024-10-28 10:50:00,108.35,108.38,108.35,108.38,3949.0
2024-10-28 10:54:00,108.35,108.35,108.35,108.35,1875.0
2024-10-28 10:58:00,108.27,108.27,108.2,108.2,752.0
2024-10-28 11:00:00,108.17,108.3,108.0,108.2,10154.0
2024-10-28 11:02:00,108.1,108.14,108.1,108.14,730.0
2024-10-28 11:04:00,108.25,108.42,108.25,108.4,3113.0
2024-10-28 11:06:00,108.35,108.37,108.26,108.37,3130.0
2024-10-28 11:10:00,108.26,108.26,108.25,108.25,2919.0
2024-10-28 11:12:00,108.26,108.26,108.23,108.24,1004.0
2024-10-28 11:14:00,108.29,108.3,108.29,108.3,458.0
2024-10-28 11:16:00,108.27,108.31,108.27,108.31,311.0
2024-10-28 11:20:00,108.26,108.26,108.26,108.26,1317.0
2024-10-28 11:26:00,108.29,108.29,108.29,108.29,300.0
2024-10-28 11:28:00,108.28,108.28,108.28,108.28,826.0
2024-10-28 11:34:00,108.27,108.27,108.27,108.27,134.0
2024-10-28 11:36:00,108.3,108.3,108.3,108.3,1233.0
2024-10-28 11:38:00,108.35,108.35,108.35,108.35,1803.0
2024-10-28 11:40:00,108.36,108.36,108.36,108.36,144.0
2024-10-28 11:42:00,108.45,108.45,108.45,108.45,568.0
2024-10-28 11:44:00,108.47,108.47,108.45,108.45,883.0
2024-10-28 11:46:00,108.44,108.44,108.44,108.44,1060.0
2024-10-28 11:52:00,108.47,108.48,108.47,108.48,721.0
2024-10-28 11:54:00,108.43,108.43,108.43,108.43,545.0
2024-10-28 11:56:00,108.43,108.43,108.43,108.43,309.0
2024-10-28 11:58:00,108.47,108.48,108.47,108.48,2001.0
2024-10-28 12:00:00,108.3,108.56,108.0001,108.36,35517.0
2024-10-28 12:02:00,108.35,108.35,108.01,108.01,5046.0
2024-10-28 12:04:00,108.02,108.02,107.81,107.88,7656.0
2024-10-28 12:06:00,107.8,107.8,107.6134,107.6134,5050.0
2024-10-28 12:08:00,107.8,107.9299,107.58,107.9299,5112.0
2024-10-28 12:10:00,107.99,107.99,107.98,107.98,612.0
2024-10-28 12:12:00,108.09,108.09,108.0,108.05,1232.0
2024-10-28 12:14:00,108.0,108.0,107.9152,107.9152,883.0
2024-10-28 12:16:00,108.06,108.06,108.06,108.06,249.0
2024-10-28 12:18:00,108.15,108.15,108.15,108.15,223.0
2024-10-28 12:20:00,108.14,108.14,108.14,108.14,204.0
2024-10-28 12:24:00,108.15,108.15,108.15,108.15,126.0
2024-10-28 12:26:00,108.15,108.15,107.96,108.1422,7112.0
2024-10-28 12:28:00,107.95,108.0,107.95,107.99,9808.0
2024-10-28 12:30:00,107.96,108.02,107.9109,107.9109,5647.0
2024-10-28 12:32:00,107.92,108.0,107.92,108.0,3138.0
2024-10-28 12:34:00,108.0,108.0,107.95,107.95,1323.0
2024-10-28 12:36:00,107.95,107.96,107.95,107.96,837.0
2024-10-28 12:38:00,107.96,108.0,107.96,107.99,4170.0
2024-10-28 12:40:00,108.0,108.0,107.95,107.9998,4298.0
2024-10-28 12:42:00,107.9501,107.9501,107.79,107.79,5852.0
2024-10-28 12:44:00,107.8,107.8,107.7018,107.74,1313.0
2024-10-28 12:46:00,107.8,107.8,107.7,107.73,3368.0
2024-10-28 12:48:00,107.7,107.74,107.6743,107.7399,2844.0
2024-10-28 12:50:00,107.74,107.87,107.74,107.87,3842.0
2024-10-28 12:52:00,107.76,107.76,107.72,107.75,1190.0
2024-10-28 12:54:00,107.72,107.72,107.65,107.7,3522.0
2024-10-28 12:56:00,107.7,107.7,107.67,107.7,1610.0
2024-10-28 13:00:00,107.6999,107.7,107.65,107.7,6037.0
2024-10-28 13:02:00,107.7,107.8,107.69,107.8,2921.0
2024-10-28 13:04:00,107.7999,107.7999,107.7999,107.7999,502.0
2024-10-28 13:06:00,107.7999,107.8,107.67,107.67,4029.0
2024-10-28 13:08:00,107.67,107.7,107.67,107.7,1843.0
2024-10-28 13:10:00,107.7,107.7,107.69,107.69,1923.0
2024-10-28 13:12:00,107.64,107.64,107.508,107.57,15783.0
2024-10-28 13:14:00,107.51,107.51,107.25,107.28,11989.0
2024-10-28 13:16:00,107.22,107.4,107.22,107.4,4134.0
2024-10-28 13:18:00,107.35,107.45,107.35,107.4499,3023.0
2024-10-28 13:20:00,107.45,107.45,107.35,107.41,2469.0
2024-10-28 13:22:00,107.42,107.45,107.4,107.45,5265.0
2024-10-28 13:24:00,107.43,107.44,107.35,107.39,3148.0
2024-10-28 13:26:00,107.35,107.44,106.49,106.52,23887.0
2024-10-28 13:28:00,106.47,106.8,106.23,106.8,31695.0
2024-10-28 13:30:00,106.78,107.21,106.43,106.62,472314.0
2024-10-28 13:32:00,106.64,107.2199,106.54,107.13,117986.0
2024-10-28 13:34:00,107.09,107.13,106.8,106.97,104658.0
2024-10-28 13:36:00,106.945,107.01,106.581,106.635,122279.0
2024-10-28 13:38:00,106.65,107.0796,106.45,107.07,170080.0
2024-10-28 13:40:00,107.0454,107.3116,106.681,106.681,122227.0
2024-10-28 13:42:00,106.68,107.025,106.54,106.98,119212.0
2024-10-28 13:44:00,106.945,107.18,106.93,107.1699,71714.0
2024-10-28 13:46:00,107.12,107.2,106.76,106.926,95771.0
2024-10-28 13:48:00,106.91,107.08,106.82,107.075,74927.0
2024-10-28 13:50:00,107.07,107.09,106.8501,106.93,78293.0
2024-10-28 13:52:00,106.94,107.02,106.74,106.74,65307.0
2024-10-28 13:54:00,106.7102,106.98,106.6,106.96,68060.0
2024-10-28 13:56:00,106.96,107.02,106.7445,107.0,57900.0
2024-10-28 13:58:00,107.02,107.1,106.96,107.0001,64939.0
2024-10-28 14:00:00,107.03,107.2,106.94,106.99,103614.0
2024-10-28 14:02:00,106.98,106.9888,106.61,106.69,103763.0
2024-10-28 14:04:00,106.67,106.915,106.66,106.81,61540.0
2024-10-28 14:06:00,106.78,106.92,106.73,106.8,49677.0
2024-10-28 14:08:00,106.8216,106.97,106.8,106.940186,42393.0
2024-10-28 14:10:00,106.93,106.93,106.71,106.76,53974.0
2024-10-28 14:12:00,106.77,106.94,106.74,106.94,37379.0
2024-10-28 14:14:00,106.9333,106.97,106.8001,106.97,41801.0
2024-10-28 14:16:00,106.955,107.02,106.75,106.81,75866.0
2024-10-28 14:18:00,106.7998,106.8332,106.7088,106.76,44927.0
2024-10-28 14:20:00,106.775,106.89,106.73,106.75,48266.0
2024-10-28 14:22:00,106.76,106.78,106.69,106.714,30939.0
2024-10-28 14:24:00,106.71,106.7799,106.6541,106.71,52103.0
2024-10-28 14:26:00,106.7,106.9,106.67,106.78,80886.0
2024-10-28 14:28:00,106.7,106.83,106.67,106.8019,68894.0
2024-10-28 14:30:00,106.82,106.94,106.8,106.8199,59829.0
2024-10-28 14:32:00,106.8027,106.8801,106.71,106.71,56160.0
2024-10-28 14:34:00,106.71,106.72,106.53,106.68,97069.0
2024-10-28 14:36:00,106.72,106.9,106.7,106.895,73686.0
2024-10-28 14:38:00,106.91,107.05,106.8799,107.05,61090.0
2024-10-28 14:40:00,107.04,107.335,107.04,107.33,100181.0
2024-10-28 14:42:00,107.34,107.48,107.3,107.355,72456.0
2024-10-28 14:44:00,107.355,107.47,107.32,107.36,58707.0
2024-10-28 14:46:00,107.34,107.34,107.08,107.155,51058.0
2024-10-28 14:48:00,107.153065,107.153065,106.96,107.07,48284.0
2024-10-28 14:50:00,107.09,107.09,106.86,106.9,52360.0
2024-10-28 14:52:00,106.9,107.15,106.9,107.1301,43368.0
2024-10-28 14:54:00,107.14,107.25,107.13,107.23,67849.0
2024-10-28 14:56:00,107.22,107.22,107.03,107.08,38728.0
2024-10-28 14:58:00,107.07,107.2,106.995,107.18,54228.0
2024-10-28 15:00:00,107.17,107.2,106.98,107.115,33062.0
2024-10-28 15:02:00,107.105,107.1222,106.96,107.055,42644.0
2024-10-28 15:04:00,107.07,107.22,107.07,107.19,53929.0
2024-10-28 15:06:00,107.1999,107.316209,107.13,107.17,60882.0
2024-10-28 15:08:00,107.18,107.2244,107.1,107.155,42899.0
2024-10-28 15:10:00,107.17,107.32,107.17,107.29,40160.0
2024-10-28 15:12:00,107.2871,107.47,107.2871,107.445,40434.0
2024-10-28 15:14:00,107.44,107.58,107.37,107.53,48297.0
2024-10-28 15:16:00,107.5,107.7,107.46,107.7,61711.0
2024-10-28 15:18:00,107.68,107.88,107.67,107.835,86125.0
2024-10-28 15:20:00,107.785,108.13,107.6301,108.1034,190215.0
2024-10-28 15:22:00,108.11,108.18,107.9,107.96,68675.0
2024-10-28 15:24:00,107.95,108.01,107.83,107.99,52268.0
2024-10-28 15:26:00,107.955,108.04,107.94,108.0,32295.0
2024-10-28 15:28:00,107.99,107.99,107.775,107.81,59492.0
2024-10-28 15:30:00,107.82,107.88,107.54,107.54,63238.0
2024-10-28 15:32:00,107.54,107.56,107.33,107.505,67464.0
2024-10-28 15:34:00,107.49,107.55,107.37,107.49,47556.0
2024-10-28 15:36:00,107.44,107.58,107.43,107.5201,22594.0
2024-10-28 15:38:00,107.545,107.545,107.45,107.45,28537.0
2024-10-28 15:40:00,107.46,107.4841,107.35,107.47,24172.0
2024-10-28 15:42:00,107.47,107.481,107.22,107.38,37917.0
2024-10-28 15:44:00,107.37,107.4299,107.3001,107.32,28400.0
2024-10-28 15:46:00,107.3199,107.48,107.25,107.32,29606.0
2024-10-28 15:48:00,107.32,107.46,107.3,107.4274,28054.0
2024-10-28 15:50:00,107.43,107.48,107.3318,107.38,35458.0
2024-10-28 15:52:00,107.38,107.38,107.24,107.33,38917.0
2024-10-28 15:54:00,107.33,107.38,107.24,107.26,51521.0
2024-10-28 15:56:00,107.24,107.26,107.04,107.053,43502.0
2024-10-28 15:58:00,107.05,107.0654,106.93,106.98,64685.0
2024-10-28 16:00:00,106.98,107.01,106.89,106.91,29772.0
2024-10-28 16:02:00,106.91,107.09,106.88,107.08,36618.0
2024-10-28 16:04:00,107.1,107.2,107.075,107.2,23214.0
2024-10-28 16:06:00,107.2,107.235,107.17,107.19,12150.0
2024-10-28 16:08:00,107.18,107.43,107.17,107.425,40454.0
2024-10-28 16:10:00,107.4233,107.5,107.38,107.44,24927.0
2024-10-28 16:12:00,107.49,107.49,107.4,107.455,15122.0
2024-10-28 16:14:00,107.45,107.5479,107.43,107.541,19035.0
2024-10-28 16:16:00,107.545,107.55,107.5,107.5,22017.0
2024-10-28 16:18:00,107.48,107.55,107.44,107.55,31210.0
2024-10-28 16:20:00,107.56,107.595,107.49,107.56,29652.0
2024-10-28 16:22:00,107.5803,107.665,107.58,107.64,22100.0
2024-10-28 16:24:00,107.62,107.65,107.5486,107.555,28479.0
2024-10-28 16:26:00,107.56,107.6098,107.528061,107.6098,13165.0
2024-10-28 16:28:00,107.6,107.66,107.56,107.65,15834.0
2024-10-28 16:30:00,107.645,107.66,107.54,107.62,32006.0
2024-10-28 16:32:00,107.62,107.66,107.56,107.56,34209.0
2024-10-28 16:34:00,107.545,107.59,107.45,107.5,22958.0
2024-10-28 16:36:00,107.46,107.47,107.35,107.4679,33925.0
2024-10-28 16:38:00,107.46,107.464655,107.34,107.37,57214.0
2024-10-28 16:40:00,107.36,107.45,107.33,107.44,14234.0
2024-10-28 16:42:00,107.43,107.53,107.4207,107.53,25081.0
2024-10-28 16:44:00,107.5,107.644,107.5,107.576559,27632.0
2024-10-28 16:46:00,107.5607,107.57,107.43,107.44,19347.0
2024-10-28 16:48:00,107.4363,107.47,107.3901,107.455,15233.0
2024-10-28 16:50:00,107.4599,107.465,107.4301,107.441,13649.0
2024-10-28 16:52:00,107.47,107.5,107.35,107.35,10963.0
2024-10-28 16:54:00,107.37,107.46,107.37,107.41,18998.0
2024-10-28 16:56:00,107.38,107.41,107.35,107.373,8256.0
2024-10-28 16:58:00,107.3736,107.38,107.31,107.33,14891.0
2024-10-28 17:00:00,107.3254,107.35,107.29,107.322,12018.0
2024-10-28 17:02:00,107.33,107.46,107.22,107.3901,18491.0
2024-10-28 17:04:00,107.42,107.46,107.35,107.4,22042.0
2024-10-28 17:06:00,107.39,107.45,107.345,107.45,15837.0
2024-10-28 17:08:00,107.4591,107.4591,107.4,107.43,18028.0
2024-10-28 17:10:00,107.43,107.48,107.35,107.365,22425.0
2024-10-28 17:12:00,107.34,107.34,107.2,107.27,14815.0
2024-10-28 17:14:00,107.25,107.25,107.15,107.215,12326.0
2024-10-28 17:16:00,107.21,107.27,107.18,107.2,19796.0
2024-10-28 17:18:00,107.21,107.36,107.2054,107.35,16347.0
2024-10-28 17:20:00,107.35,107.4585,107.34,107.37,26189.0
2024-10-28 17:22:00,107.351,107.38,107.33,107.34,20576.0
2024-10-28 17:24:00,107.36,107.39,107.34,107.39,5872.0
2024-10-28 17:26:00,107.35,107.4999,107.3348,107.4999,16496.0
2024-10-28 17:28:00,107.48,107.495,107.435,107.435,25030.0
2024-10-28 17:30:00,107.45,107.51,107.3706,107.51,22809.0
2024-10-28 17:32:00,107.5,107.56,107.485,107.535,19087.0
2024-10-28 17:34:00,107.52,107.58,107.51,107.52,16914.0
2024-10-28 17:36:00,107.56,107.56,107.46,107.46,9131.0
2024-10-28 17:38:00,107.45,107.5199,107.38,107.48,28037.0
2024-10-28 17:40:00,107.5,107.58,107.48,107.55,15096.0
2024-10-28 17:42:00,107.53,107.55,107.47,107.475,21221.0
2024-10-28 17:44:00,107.475,107.475,107.409,107.41,5972.0
2024-10-28 17:46:00,107.42,107.45,107.3223,107.33,9829.0
2024-10-28 17:48:00,107.31,107.33,107.27,107.286,12941.0
2024-10-28 17:50:00,107.285,107.38,107.27,107.38,8769.0
2024-10-28 17:52:00,107.38,107.43,107.3601,107.4,16547.0
2024-10-28 17:54:00,107.4,107.44,107.36,107.37,14331.0
2024-10-28 17:56:00,107.3538,107.42,107.35,107.42,13179.0
2024-10-28 17:58:00,107.43,107.43,107.35,107.36,20953.0
2024-10-28 18:00:00,107.35,107.35,107.18,107.22,25920.0
2024-10-28 18:02:00,107.21,107.24,107.18,107.1873,10074.0
2024-10-28 18:04:00,107.1862,107.24,107.15,107.2,13559.0
2024-10-28 18:06:00,107.2,107.25,107.1876,107.23,10114.0
2024-10-28 18:08:00,107.2288,107.275,107.2288,107.26,18673.0
2024-10-28 18:10:00,107.26,107.26,107.185,107.24,14307.0
2024-10-28 18:12:00,107.25,107.2599,107.11,107.145,20870.0
2024-10-28 18:14:00,107.15,107.18,107.09,107.11,20321.0
2024-10-28 18:16:00,107.11,107.1265,107.0149,107.075,19349.0
2024-10-28 18:18:00,107.055,107.15,107.04,107.14,25449.0
2024-10-28 18:20:00,107.145,107.145,107.04,107.09,21838.0
2024-10-28 18:22:00,107.085,107.0899,106.97,107.015,29465.0
2024-10-28 18:24:00,107.0154,107.02,106.97,106.99,12583.0
2024-10-28 18:26:00,107.01,107.1,106.99,106.99,14585.0
2024-10-28 18:28:00,106.99,107.02,106.95,106.98,18861.0
2024-10-28 18:30:00,106.985,107.031,106.95,107.02,25309.0
2024-10-28 18:32:00,107.02,107.03,106.9641,106.98,14936.0
2024-10-28 18:34:00,107.0,107.01,106.89,106.93,34328.0
2024-10-28 18:36:00,106.93,106.94,106.86,106.86,39060.0
2024-10-28 18:38:00,106.85,106.92,106.81,106.88,41244.0
2024-10-28 18:40:00,106.876927,106.94,106.77,106.79,29098.0
2024-10-28 18:42:00,106.79,106.7985,106.68,106.7,28586.0
2024-10-28 18:44:00,106.705,106.72,106.625,106.635,34006.0
2024-10-28 18:46:00,106.625,106.625,106.541,106.58,36503.0
2024-10-28 18:48:00,106.6,106.63,106.52,106.615,40903.0
2024-10-28 18:50:00,106.6,106.77,106.6,106.76,56342.0
2024-10-28 18:52:00,106.7869,106.8,106.7,106.78,41754.0
2024-10-28 18:54:00,106.79,106.8192,106.7,106.715,71312.0
2024-10-28 18:56:00,106.72,106.77,106.66,106.74,24836.0
2024-10-28 18:58:00,106.75,106.81,106.71,106.74,19042.0
2024-10-28 19:00:00,106.73,106.88,106.62,106.87,42083.0
2024-10-28 19:02:00,106.8601,106.9,106.73,106.73,16274.0
2024-10-28 19:04:00,106.75,106.84,106.75,106.82,15468.0
2024-10-28 19:06:00,106.79,106.83,106.7538,106.76,11120.0
2024-10-28 19:08:00,106.755,106.79,106.72,106.75,17125.0
2024-10-28 19:10:00,106.75,106.86,106.75,106.8,16640.0
2024-10-28 19:12:00,106.81,106.815,106.75,106.79,20921.0
2024-10-28 19:14:00,106.8,106.85,106.785,106.8253,14539.0
2024-10-28 19:16:00,106.845,106.87,106.76,106.78,24770.0
2024-10-28 19:18:00,106.77,106.7799,106.61,106.61,37299.0
2024-10-28 19:20:00,106.625,106.8,106.6,106.78,52867.0
2024-10-28 19:22:00,106.79,106.818,106.71,106.79,46368.0
2024-10-28 19:24:00,106.8,106.83,106.77,106.81,22631.0
2024-10-28 19:26:00,106.81,106.84,106.75,106.77,20483.0
2024-10-28 19:28:00,106.78,106.79,106.69,106.7,41725.0
2024-10-28 19:30:00,106.72,106.74,106.5823,106.74,37617.0
2024-10-28 19:32:00,106.735,106.8,106.71,106.72,38641.0
2024-10-28 19:34:00,106.72,106.765,106.7,106.74,38080.0
2024-10-28 19:36:00,106.735,106.79,106.66,106.67,34097.0
2024-10-28 19:38:00,106.665,106.67,106.59,106.63,51442.0
2024-10-28 19:40:00,106.64,106.71,106.64,106.68,75240.0
2024-10-28 19:42:00,106.69,106.7,106.6,106.625,29446.0
2024-10-28 19:44:00,106.625,106.725,106.625,106.7,44346.0
2024-10-28 19:46:00,106.7,106.7223,106.61,106.62,67741.0
2024-10-28 19:48:00,106.615,106.63,106.56,106.6,46356.0
2024-10-28 19:50:00,106.6,106.79,106.56,106.7509,97231.0
2024-10-28 19:52:00,106.755,106.785,106.6601,106.77,55415.0
2024-10-28 19:54:00,106.78,106.78,106.42,106.435,149647.0
2024-10-28 19:56:00,106.44,106.54,106.42,106.49,127659.0
2024-10-28 19:58:00,106.4899,106.5,106.32,106.37,430458.0
2024-10-28 20:00:00,106.39,106.3904,106.39,106.3904,63687.0
2024-10-28 20:02:00,106.48,106.48,106.39,106.48,1069.0
2024-10-28 20:04:00,106.4799,106.4799,106.39,106.39,4861.0
2024-10-28 20:06:00,106.39,106.4,106.39,106.4,2227.0
2024-10-28 20:10:00,106.43,106.43,106.38,106.39,2400.0
2024-10-28 20:12:00,106.4,106.41,106.3,106.3,5777.0
2024-10-28 20:14:00,106.39,106.39,106.39,106.39,1830.0
2024-10-28 20:16:00,106.29,106.35,106.29,106.35,689.0
2024-10-28 20:18:00,106.39,106.39,106.39,106.39,162.0
2024-10-28 20:20:00,106.33,106.4,106.33,106.4,772.0
2024-10-28 20:22:00,106.37,106.37,106.3593,106.3593,944.0
2024-10-28 20:24:00,106.4,106.4,106.38,106.4,1330.0
2024-10-28 20:26:00,106.36,106.36,106.36,106.36,382.0
2024-10-28 20:28:00,106.35,106.35,106.35,106.35,1285.0
2024-10-28 20:30:00,106.36,106.39,106.36,106.39,2545.0
2024-10-28 20:32:00,106.3901,106.44,106.39,106.4,3736.0
2024-10-28 20:34:00,106.3918,106.46,106.39,106.46,4916.0
2024-10-28 20:36:00,106.55,106.55,106.55,106.55,735.0
2024-10-28 20:38:00,106.444,106.47,106.444,106.47,869.0
2024-10-28 20:40:00,106.5,106.5,106.4,106.42,4416.0
2024-10-28 20:46:00,106.46,106.46,106.46,106.46,306.0
2024-10-28 20:52:00,106.39,106.39,106.39,106.39,602.0
2024-10-28 20:54:00,106.4899,106.4899,106.4899,106.4899,4419.0
2024-10-28 20:56:00,106.45,106.4899,106.45,106.4899,1839.0
2024-10-28 20:58:00,106.3902,106.3902,106.39,106.39,2246.0
2024-10-28 21:00:00,106.45,106.46,106.45,106.45,8277.0
2024-10-28 21:06:00,106.49,106.49,106.49,106.49,4137.0
2024-10-28 21:08:00,106.49,106.49,106.49,106.49,1357.0
2024-10-28 21:20:00,106.69,106.69,106.5991,106.5991,636.0
2024-10-28 21:24:00,106.56,106.56,106.56,106.56,1501.0
2024-10-28 21:26:00,106.51,106.51,106.5,106.5,505.0
2024-10-28 21:32:00,106.53,106.53,106.5,106.5,1137.0
2024-10-28 21:38:00,106.55,106.55,106.55,106.55,1091.0
2024-10-28 21:40:00,106.5479,106.5498,106.54,106.54,1929.0
2024-10-28 21:46:00,106.52,106.52,106.52,106.52,586.0
2024-10-28 21:52:00,106.55,106.58,106.55,106.58,1089.0
2024-10-28 21:56:00,106.58,106.6889,106.58,106.6889,4087.0
2024-10-28 21:58:00,106.5401,106.6,106.5401,106.5997,2735.0
2024-10-28 22:02:00,106.51,106.51,106.51,106.51,2510.0
2024-10-28 22:04:00,106.51,106.52,106.51,106.51,1054.0
2024-10-28 22:06:00,106.5101,106.6,106.51,106.51,1245.0
2024-10-28 22:08:00,106.5501,106.5501,106.55,106.55,395.0
2024-10-28 22:10:00,106.52,106.5201,106.52,106.5201,705.0
2024-10-28 22:12:00,106.5247,106.5247,106.5201,106.5201,853.0
2024-10-28 22:16:00,106.5983,106.5983,106.5983,106.5983,246.0
2024-10-28 22:18:00,106.52,106.5932,106.5,106.5,1317.0
2024-10-28 22:22:00,106.486,106.486,106.486,106.486,104.0
2024-10-28 22:30:00,106.56,106.56,106.56,106.56,283.0
2024-10-28 22:32:00,106.6,106.6,106.6,106.6,263.0
2024-10-28 22:40:00,106.6,106.6,106.6,106.6,201.0
2024-10-28 22:42:00,106.6493,106.6493,106.6493,106.6493,356.0
2024-10-28 22:46:00,106.6,106.6,106.6,106.6,605.0
2024-10-28 22:48:00,106.48,106.48,106.47,106.47,360.0
2024-10-28 22:52:00,106.47,106.47,106.47,106.47,1350.0
2024-10-28 22:54:00,106.47,106.47,106.4699,106.4699,4124.0
2024-10-28 22:56:00,106.47,106.47,106.47,106.47,395.0
2024-10-28 22:58:00,106.47,106.47,106.47,106.47,203.0
2024-10-28 23:02:00,106.47,106.47,106.47,106.47,355.0
2024-10-28 23:10:00,106.55,106.57,106.55,106.57,557.0
2024-10-28 23:20:00,106.4685,106.5,106.4685,106.47,432.0
2024-10-28 23:22:00,106.4637,106.4637,106.46,106.46,468.0
2024-10-28 23:24:00,106.46,106.46,106.46,106.46,231.0
2024-10-28 23:30:00,106.5,106.5,106.5,106.5,108.0
2024-10-28 23:34:00,106.5499,106.5499,106.5499,106.5499,110.0
2024-10-28 23:38:00,106.55,106.55,106.55,106.55,608.0
2024-10-28 23:40:00,106.55,106.55,106.55,106.55,740.0
2024-10-28 23:42:00,106.55,106.58,106.55,106.56,1317.0
2024-10-28 23:46:00,106.56,106.56,106.56,106.56,313.0
2024-10-28 23:50:00,106.57,106.57,106.56,106.56,211.0
2024-10-28 23:52:00,106.56,106.56,106.56,106.56,292.0
2024-10-28 23:56:00,106.6,106.6,106.55,106.56,3811.0
2024-10-28 23:58:00,106.5201,106.55,106.5201,106.5294,1881.0
2024-10-29 08:00:00,106.53,106.6,106.44,106.6,839.0
2024-10-29 08:02:00,106.53,106.53,106.41,106.41,754.0
2024-10-29 08:04:00,106.28,106.29,106.28,106.29,425.0
2024-10-29 08:08:00,106.16,106.16,106.15,106.15,311.0
2024-10-29 08:14:00,106.22,106.22,106.22,106.22,296.0
2024-10-29 08:16:00,106.22,106.22,106.18,106.18,705.0
2024-10-29 08:32:00,106.23,106.23,106.22,106.22,890.0
2024-10-29 08:34:00,106.22,106.22,106.22,106.22,246.0
2024-10-29 08:38:00,106.35,106.35,106.32,106.32,790.0
2024-10-29 08:42:00,106.35,106.35,106.35,106.35,169.0
2024-10-29 08:56:00,106.39,106.39,106.39,106.39,507.0
2024-10-29 09:00:00,106.44,106.44,106.44,106.44,100.0
2024-10-29 09:02:00,106.38,106.38,106.38,106.38,218.0
2024-10-29 09:12:00,106.3,106.3,106.3,106.3,323.0
2024-10-29 09:14:00,106.27,106.27,106.2,106.2,1679.0
2024-10-29 09:32:00,106.24,106.24,106.24,106.24,657.0
2024-10-29 09:34:00,106.3,106.3,106.3,106.3,104.0
2024-10-29 09:38:00,106.32,106.32,106.32,106.32,300.0
2024-10-29 09:42:00,106.33,106.33,106.33,106.33,119.0
2024-10-29 09:52:00,106.34,106.34,106.34,106.34,230.0
2024-10-29 10:10:00,106.35,106.35,106.35,106.35,372.0
2024-10-29 10:12:00,106.34,106.34,106.34,106.34,185.0
2024-10-29 10:14:00,106.41,106.41,106.41,106.41,570.0
2024-10-29 10:22:00,106.37,106.37,106.37,106.37,130.0
2024-10-29 10:30:00,106.37,106.37,106.37,106.37,325.0
2024-10-29 10:50:00,106.46,106.46,106.46,106.46,246.0
2024-10-29 10:52:00,106.46,106.49,106.43,106.43,1387.0
2024-10-29 11:00:00,106.49,106.5,106.49,106.5,6233.0
2024-10-29 11:04:00,106.59,106.59,106.59,106.59,301.0
2024-10-29 11:08:00,106.54,106.54,106.35,106.35,1550.0
2024-10-29 11:16:00,106.49,106.49,106.49,106.49,545.0
2024-10-29 11:28:00,106.45,106.45,106.42,106.42,383.0
2024-10-29 11:34:00,106.46,106.46,106.46,106.46,906.0
2024-10-29 11:36:00,106.49,106.51,106.49,106.51,520.0
2024-10-29 11:40:00,106.6,106.6,106.6,106.6,354.0
2024-10-29 11:46:00,106.73,106.73,106.64,106.64,1355.0
2024-10-29 11:54:00,106.6,106.62,106.6,106.62,621.0
2024-10-29 11:56:00,106.52,106.52,106.51,106.51,522.0
2024-10-29 11:58:00,106.54,106.55,106.54,106.55,2524.0
2024-10-29 12:00:00,106.5492,106.77,106.08,106.6294,16925.0
2024-10-29 12:02:00,106.6269,106.6269,106.5,106.5,234.0
2024-10-29 12:04:00,106.62,106.64,106.62,106.64,5110.0
2024-10-29 12:08:00,106.6394,106.6394,106.62,106.62,2484.0
2024-10-29 12:10:00,106.56,106.56,106.45,106.45,1330.0
2024-10-29 12:12:00,106.55,106.655,106.4066,106.655,3390.0
2024-10-29 12:18:00,106.64,106.67,106.64,106.67,894.0
2024-10-29 12:20:00,106.65,106.65,106.42,106.42,3202.0
2024-10-29 12:24:00,106.41,106.41,106.41,106.41,862.0
2024-10-29 12:26:00,106.45,106.5,106.45,106.5,350.0
2024-10-29 12:30:00,106.5,106.5,106.5,106.5,1161.0
2024-10-29 12:32:00,106.45,106.45,106.45,106.45,929.0
2024-10-29 12:36:00,106.41,106.46,106.35,106.42,2840.0
2024-10-29 12:38:00,106.43,106.47,106.42,106.47,1071.0
2024-10-29 12:40:00,106.42,106.46,106.42,106.45,1272.0
2024-10-29 12:42:00,106.33,106.36,106.33,106.36,310.0
2024-10-29 12:44:00,106.5,106.5,106.5,106.5,121.0
2024-10-29 12:46:00,106.4899,106.4899,106.4899,106.4899,105.0
2024-10-29 12:48:00,106.3515,106.3515,106.3515,106.3515,575.0
2024-10-29 12:52:00,106.38,106.38,106.38,106.38,409.0
2024-10-29 12:54:00,106.48,106.48,106.4,106.4,1863.0
2024-10-29 12:56:00,106.4594,106.4594,106.4,106.4,2159.0
2024-10-29 12:58:00,106.4,106.4775,106.17,106.22,6470.0
2024-10-29 13:00:00,106.34,106.34,106.34,106.34,147.0
2024-10-29 13:04:00,106.4499,106.4499,106.3,106.3,10552.0
2024-10-29 13:06:00,106.45,106.49,106.45,106.49,1922.0
2024-10-29 13:08:00,106.49,106.56,106.49,106.56,660.0
2024-10-29 13:10:00,106.52,106.52,106.3113,106.3113,1154.0
2024-10-29 13:12:00,106.4,106.4,106.4,106.4,1006.0
2024-10-29 13:14:00,106.4,106.543,106.4,106.543,300.0
2024-10-29 13:16:00,106.3,106.3,106.3,106.3,534.0
2024-10-29 13:18:00,106.55,106.55,106.5286,106.5286,1150.0
2024-10-29 13:20:00,106.4999,106.4999,106.4206,106.4206,1029.0
2024-10-29 13:22:00,106.5,106.6,106.5,106.6,2464.0
2024-10-29 13:26:00,106.57,106.6,106.55,106.55,1737.0
2024-10-29 13:28:00,106.427,106.427,106.427,106.427,279.0
2024-10-29 13:30:00,106.585,107.1785,106.39,106.45,190274.0
2024-10-29 13:32:00,106.475,106.49,105.84,106.03,122922.0
2024-10-29 13:34:00,106.045,106.0852,105.7,105.795,75162.0
2024-10-29 13:36:00,105.785,105.99,105.7801,105.92,93130.0
2024-10-29 13:38:00,105.935,106.1399,105.87,105.91,94561.0
2024-10-29 13:40:00,105.945,105.9499,105.735,105.86,46763.0
2024-10-29 13:42:00,105.87,106.1,105.86,106.001,55400.0
2024-10-29 13:44:00,105.99,106.164965,105.835,106.16,56042.0
2024-10-29 13:46:00,106.15,106.24,106.0601,106.175,57907.0
2024-10-29 13:48:00,106.1673,106.2,105.97,106.04,48546.0
2024-10-29 13:50:00,105.995,106.3,105.995,106.13,44802.0
2024-10-29 13:52:00,106.12,106.175,105.96,106.175,28819.0
2024-10-29 13:54:00,106.18,106.26,106.12,106.22,28055.0
2024-10-29 13:56:00,106.215,106.5,106.215,106.465,96115.0
2024-10-29 13:58:00,106.4635,106.525,106.3381,106.46,39371.0
2024-10-29 14:00:00,106.45,106.59,106.3,106.4404,54425.0
2024-10-29 14:02:00,106.46,106.59,106.32,106.47,33926.0
2024-10-29 14:04:00,106.49,106.53,106.32,106.455,35136.0
2024-10-29 14:06:00,106.445,106.47,106.2,106.32,40290.0
2024-10-29 14:08:00,106.33,106.34,106.07,106.14,40939.0
2024-10-29 14:10:00,106.13,106.43,106.09,106.32,35770.0
2024-10-29 14:12:00,106.37,106.38,106.19,106.2394,30978.0
2024-10-29 14:14:00,106.19,106.225,106.12,106.225,28516.0
2024-10-29 14:16:00,106.24,106.25,106.1,106.17,21817.0
2024-10-29 14:18:00,106.17,106.21,106.1244,106.16,18608.0
2024-10-29 14:20:00,106.16,106.16,106.01,106.0868,33017.0
2024-10-29 14:22:00,106.1,106.25,106.07,106.16,37740.0
2024-10-29 14:24:00,106.165,106.49,106.165,106.41,66843.0
2024-10-29 14:26:00,106.42,106.4799,106.05,106.07,49535.0
2024-10-29 14:28:00,106.05,106.13,105.958,106.08,36440.0
2024-10-29 14:30:00,106.06,106.18,106.03,106.12,32837.0
2024-10-29 14:32:00,106.11,106.29,106.11,106.21,41402.0
2024-10-29 14:34:00,106.2299,106.2454,106.11,106.1301,125741.0
2024-10-29 14:36:00,106.15,106.215,106.06,106.105,26141.0
2024-10-29 14:38:00,106.0911,106.13,105.99,106.035,47426.0
2024-10-29 14:40:00,106.04,106.16,105.93,106.1,49140.0
2024-10-29 14:42:00,106.13,106.13,105.995,105.995,23521.0
2024-10-29 14:44:00,106.0,106.075,105.9201,106.075,36635.0
2024-10-29 14:46:00,106.08,106.13,105.94,105.98,49910.0
2024-10-29 14:48:00,105.975,106.035,105.955,106.03,27970.0
2024-10-29 14:50:00,106.03,106.08,105.91,105.94,35170.0
2024-10-29 14:52:00,105.94,106.0224,105.93,106.02,28940.0
2024-10-29 14:54:00,106.03,106.08,105.985,106.06,30318.0
2024-10-29 14:56:00,106.06,106.08,105.9933,106.07,32187.0
2024-10-29 14:58:00,106.0706,106.15,106.04,106.15,58747.0
2024-10-29 15:00:00,106.145,106.19,106.04,106.06,33099.0
2024-10-29 15:02:00,106.045,106.14,105.99,106.125,47213.0
2024-10-29 15:04:00,106.11,106.14,106.06,106.12,28354.0
2024-10-29 15:06:00,106.11,106.112,106.02,106.045,21061.0
2024-10-29 15:08:00,106.03,106.0347,105.93,105.98,21282.0
2024-10-29 15:10:00,105.99,106.0,105.92,105.92,37641.0
2024-10-29 15:12:00,105.92,105.95,105.87,105.87,36361.0
2024-10-29 15:14:00,105.88,105.98,105.88,105.945,29134.0
2024-10-29 15:16:00,105.95,106.0,105.9123,105.9517,25480.0
2024-10-29 15:18:00,105.95,105.96,105.86,105.88,44052.0
2024-10-29 15:20:00,105.865,105.9544,105.77,105.918,45069.0
2024-10-29 15:22:00,105.92,105.97,105.91,105.93,32688.0
2024-10-29 15:24:00,105.9249,105.93,105.88,105.91,26656.0
2024-10-29 15:26:00,105.9,105.9,105.73,105.745,57813.0
2024-10-29 15:28:00,105.7409,105.76,105.67,105.67,75332.0
2024-10-29 15:30:00,105.68,105.685,105.6037,105.665,66393.0
2024-10-29 15:32:00,105.685,105.7299,105.6501,105.68,45056.0
2024-10-29 15:34:00,105.68,105.73,105.655,105.655,24156.0
2024-10-29 15:36:00,105.6501,105.765,105.65,105.765,24440.0
2024-10-29 15:38:00,105.76,105.81,105.74,105.775,32157.0
2024-10-29 15:40:00,105.78,106.0,105.78,106.0,77542.0
2024-10-29 15:42:00,106.0001,106.12,105.97,106.075,79618.0
2024-10-29 15:44:00,106.05,106.09,105.98,106.02,41370.0
2024-10-29 15:46:00,106.04,106.15,106.0189,106.12,34508.0
2024-10-29 15:48:00,106.12,106.19,106.075,106.1454,44738.0
2024-10-29 15:50:00,106.1389,106.17,106.084,106.084,36296.0
2024-10-29 15:52:00,106.1001,106.11,106.02,106.03,37251.0
2024-10-29 15:54:00,106.02,106.2593,106.0063,106.2593,39744.0
2024-10-29 15:56:00,106.2401,106.45,106.23,106.4416,64848.0
2024-10-29 15:58:00,106.46,106.49,106.43,106.4301,66378.0
2024-10-29 16:00:00,106.44,106.64,106.44,106.59,87421.0
2024-10-29 16:02:00,106.6,106.6,106.47,106.47,29260.0
2024-10-29 16:04:00,106.5,106.5848,106.48,106.56,38861.0
2024-10-29 16:06:00,106.555,106.69,106.555,106.665,32369.0
2024-10-29 16:08:00,106.665,106.77,106.62,106.64,60567.0
2024-10-29 16:10:00,106.62,106.69,106.59,106.64,39685.0
2024-10-29 16:12:00,106.64,106.68,106.63,106.67,20946.0
2024-10-29 16:14:00,106.65,106.72,106.64,106.68,25821.0
2024-10-29 16:16:00,106.66,106.73,106.64,106.73,16566.0
2024-10-29 16:18:00,106.745,106.86,106.6634,106.685,53200.0
2024-10-29 16:20:00,106.71,106.719,106.61,106.69,33489.0
2024-10-29 16:22:00,106.66,106.83,106.655,106.83,31206.0
2024-10-29 16:24:00,106.8,106.8036,106.6,106.6,26197.0
2024-10-29 16:26:00,106.59,106.6028,106.5,106.53,32306.0
2024-10-29 16:28:00,106.52,106.58,106.4401,106.5,34970.0
2024-10-29 16:30:00,106.52,106.55,106.48,106.515,40446.0
2024-10-29 16:32:00,106.5,106.6094,106.48,106.55,35424.0
2024-10-29 16:34:00,106.53,106.54,106.4101,106.45,26538.0
2024-10-29 16:36:00,106.435,106.48,106.36,106.4488,21661.0
2024-10-29 16:38:00,106.455,106.6298,106.45,106.48,31089.0
2024-10-29 16:40:00,106.5,106.6464,106.462,106.62,24895.0
2024-10-29 16:42:00,106.62,106.68,106.61,106.62,24360.0
2024-10-29 16:44:00,106.61,106.645,106.5384,106.58,21867.0
2024-10-29 16:46:00,106.59,106.61,106.53,106.56,19812.0
2024-10-29 16:48:00,106.59,106.63,106.51,106.58,18717.0
2024-10-29 16:50:00,106.6013,106.66,106.57,106.655,29289.0
2024-10-29 16:52:00,106.64,106.7,106.61,106.7,28240.0
2024-10-29 16:54:00,106.705,106.71,106.66,106.68,22271.0
2024-10-29 16:56:00,106.68,106.79,106.6698,106.79,56264.0
2024-10-29 16:58:00,106.79,106.885,106.765,106.87,55381.0
2024-10-29 17:00:00,106.87,106.98,106.87,106.87,84258.0
2024-10-29 17:02:00,106.88,107.01,106.79,107.005,84999.0
2024-10-29 17:04:00,106.98,107.07,106.98,107.0301,77124.0
2024-10-29 17:06:00,107.04,107.0699,106.93,106.9544,25503.0
2024-10-29 17:08:00,106.95,107.02,106.93,107.0,34419.0
2024-10-29 17:10:00,107.0,107.05,106.995,107.05,26611.0
2024-10-29 17:12:00,107.05,107.1,107.04,107.07,25310.0
2024-10-29 17:14:00,107.075,107.12,107.035,107.09,27961.0
2024-10-29 17:16:00,107.0999,107.17,107.09,107.14,36238.0
2024-10-29 17:18:00,107.15,107.235,107.1,107.215,55581.0
2024-10-29 17:20:00,107.2195,107.23,107.07,107.1,35753.0
2024-10-29 17:22:00,107.08,107.16,107.0575,107.16,19371.0
2024-10-29 17:24:00,107.165,107.26,107.165,107.21,37003.0
2024-10-29 17:26:00,107.21,107.23,107.135,107.16,56493.0
2024-10-29 17:28:00,107.16,107.22,107.15,107.17,41235.0
2024-10-29 17:30:00,107.17,107.18,107.05,107.08,41433.0
2024-10-29 17:32:00,107.065,107.085,106.93,107.03,48089.0
2024-10-29 17:34:00,107.05,107.09,106.99,107.035,48522.0
2024-10-29 17:36:00,107.04,107.08,106.96,106.98,20546.0
2024-10-29 17:38:00,106.95,106.98,106.9,106.98,33017.0
2024-10-29 17:40:00,106.99,107.07,106.95,107.06,42739.0
2024-10-29 17:42:00,107.05,107.08,106.96,107.02,27694.0
2024-10-29 17:44:00,107.03,107.06,106.99,107.05,22764.0
2024-10-29 17:46:00,107.05,107.1299,107.01,107.1299,26408.0
2024-10-29 17:48:00,107.14,107.16,107.09,107.095,39981.0
2024-10-29 17:50:00,107.09,107.13,107.07,107.1,31101.0
2024-10-29 17:52:00,107.09,107.14,107.06,107.14,18567.0
2024-10-29 17:54:00,107.14,107.23,107.13,107.18,22783.0
2024-10-29 17:56:00,107.185,107.2,107.1,107.11,28262.0
2024-10-29 17:58:00,107.1,107.12,107.06,107.105,21600.0
2024-10-29 18:00:00,107.12,107.15,107.08,107.14,16505.0
2024-10-29 18:02:00,107.125,107.22,107.125,107.2,39385.0
2024-10-29 18:04:00,107.2,107.2,107.07,107.07,22102.0
2024-10-29 18:06:00,107.09,107.09,107.03,107.0594,27066.0
2024-10-29 18:08:00,107.08,107.085,106.99,107.0314,41198.0
2024-10-29 18:10:00,107.05,107.05,106.98,107.005,27828.0
2024-10-29 18:12:00,107.0166,107.03,106.99,107.03,27113.0
2024-10-29 18:14:00,107.04,107.0999,106.97,106.99,35926.0
2024-10-29 18:16:00,106.9903,107.045,106.975,107.04,24830.0
2024-10-29 18:18:00,107.05,107.1,107.045,107.1,13850.0
2024-10-29 18:20:00,107.095,107.23,107.095,107.22,60480.0
2024-10-29 18:22:00,107.22,107.66,107.22,107.65,198911.0
2024-10-29 18:24:00,107.65,107.7,107.52,107.55,215686.0
2024-10-29 18:26:00,107.531,107.68,107.51,107.6401,47432.0
2024-10-29 18:28:00,107.642,107.642,107.57,107.61,34487.0
2024-10-29 18:30:00,107.6,107.69,107.5722,107.68,45781.0
2024-10-29 18:32:00,107.69,107.79,107.69,107.71,61020.0
2024-10-29 18:34:00,107.72,107.7899,107.68,107.6912,43533.0
2024-10-29 18:36:00,107.69,107.74,107.57,107.595,33787.0
2024-10-29 18:38:00,107.59,107.66,107.54,107.63,42642.0
2024-10-29 18:40:00,107.61,107.61,107.53,107.56,33291.0
2024-10-29 18:42:00,107.55,107.62,107.51,107.59,44892.0
2024-10-29 18:44:00,107.58,107.5814,107.4814,107.4814,27952.0
2024-10-29 18:46:00,107.4803,107.5501,107.44,107.545,30639.0
2024-10-29 18:48:00,107.525,107.555,107.47,107.55,40730.0
2024-10-29 18:50:00,107.55,107.56,107.43,107.485,57050.0
2024-10-29 18:52:00,107.485,107.5201,107.46,107.46,22699.0
2024-10-29 18:54:00,107.465,107.465,107.375,107.415,18930.0
2024-10-29 18:56:00,107.4203,107.45,107.36,107.41,31686.0
2024-10-29 18:58:00,107.41,107.48,107.405,107.44,21884.0
2024-10-29 19:00:00,107.45,107.55,107.45,107.54,34823.0
2024-10-29 19:02:00,107.55,107.659,107.5401,107.65,28678.0
2024-10-29 19:04:00,107.65,107.68,107.61,107.63,46560.0
2024-10-29 19:06:00,107.66,107.725,107.66,107.7,36609.0
2024-10-29 19:08:00,107.72,107.77,107.71,107.77,42302.0
2024-10-29 19:10:00,107.78,107.7899,107.72,107.7899,25605.0
2024-10-29 19:12:00,107.79,107.79,107.7597,107.77,25467.0
2024-10-29 19:14:00,107.77,107.79,107.72,107.761,29674.0
2024-10-29 19:16:00,107.75,107.78,107.7,107.775,23764.0
2024-10-29 19:18:00,107.77,107.88,107.77,107.87,58032.0
2024-10-29 19:20:00,107.875,107.96,107.85,107.89,41400.0
2024-10-29 19:22:00,107.88,107.97,107.88,107.97,41322.0
2024-10-29 19:24:00,107.975,108.15,107.975,108.135,97810.0
2024-10-29 19:26:00,108.15,108.38,108.15,108.34,250250.0
2024-10-29 19:28:00,108.32,108.37,108.29,108.33,64384.0
2024-10-29 19:30:00,108.32,108.46,108.29,108.41,98218.0
2024-10-29 19:32:00,108.41,108.45,108.39,108.44,63403.0
2024-10-29 19:34:00,108.44,108.45,108.37,108.4,78418.0
2024-10-29 19:36:00,108.3948,108.43,108.32,108.34,58574.0
2024-10-29 19:38:00,108.36,108.4399,108.2601,108.28,50666.0
2024-10-29 19:40:00,108.275,108.34,108.23,108.3,49260.0
2024-10-29 19:42:00,108.2976,108.43,108.2976,108.42,49524.0
2024-10-29 19:44:00,108.42,108.5702,108.4,108.56,89542.0
2024-10-29 19:46:00,108.55,108.6,108.52,108.56,65154.0
2024-10-29 19:48:00,108.56,108.75,108.56,108.6001,104616.0
2024-10-29 19:50:00,108.6,108.6,108.29,108.38,161630.0
2024-10-29 19:52:00,108.381,108.455,108.32,108.455,116210.0
2024-10-29 19:54:00,108.455,108.455,107.99,107.99,215049.0
2024-10-29 19:56:00,107.98,108.0,107.76,107.78,173548.0
2024-10-29 19:58:00,107.78,108.22,107.76,108.179,468595.0
2024-10-29 20:00:00,108.18,108.25,108.09,108.11,121903.0
2024-10-29 20:02:00,108.07,108.18,107.9,108.01,8219.0
2024-10-29 20:04:00,108.05,108.18,108.05,108.18,6279.0
2024-10-29 20:06:00,108.05,108.06,108.05,108.05,2212.0
2024-10-29 20:08:00,108.18,108.18,108.05,108.1,10290.0
2024-10-29 20:10:00,108.1,108.19,108.1,108.15,1845.0
2024-10-29 20:12:00,108.11,108.19,108.1,108.1875,1528.0
2024-10-29 20:14:00,108.11,108.11,107.64,107.64,14485.0
2024-10-29 20:16:00,107.89,107.89,107.3,107.3,33579.0
2024-10-29 20:18:00,107.33,107.33,106.81,106.85,8302.0
2024-10-29 20:20:00,106.86,107.29,106.85,107.2875,8488.0
2024-10-29 20:22:00,107.1,107.29,106.9001,106.9001,3925.0
2024-10-29 20:24:00,106.93,106.93,106.92,106.92,1107.0
2024-10-29 20:26:00,107.03,107.03,107.02,107.02,337.0
2024-10-29 20:28:00,107.0002,107.01,107.0,107.01,1228.0
2024-10-29 20:30:00,107.0,107.1,107.0,107.09,3687.0
2024-10-29 20:32:00,107.17,107.17,107.0101,107.0147,3739.0
2024-10-29 20:34:00,107.07,107.15,107.07,107.1,3945.0
2024-10-29 20:36:00,107.02,107.1,107.02,107.1,1365.0
2024-10-29 20:38:00,107.07,107.23,107.012,107.0805,6270.0
2024-10-29 20:40:00,107.0812,107.2,107.0801,107.11,2356.0
2024-10-29 20:42:00,107.15,107.15,107.13,107.15,3049.0
2024-10-29 20:44:00,107.133,107.29,107.133,107.24,1715.0
2024-10-29 20:48:00,107.2113,107.25,107.2113,107.24,2052.0
2024-10-29 20:50:00,107.24,107.25,107.22,107.22,1728.0
2024-10-29 20:52:00,107.27,107.27,107.25,107.25,1683.0
2024-10-29 20:54:00,107.21,107.25,107.13,107.13,3358.0
2024-10-29 20:56:00,107.12,107.12,107.11,107.11,633.0
2024-10-29 21:00:00,108.18,108.18,107.07,107.08,313076.0
2024-10-29 21:04:00,107.09,107.09,107.09,107.09,1410.0
2024-10-29 21:06:00,107.05,107.2,107.0202,107.0202,9796.0
2024-10-29 21:08:00,107.25,107.25,107.25,107.25,1232.0
2024-10-29 21:10:00,107.25,107.3394,107.25,107.25,9768.0
2024-10-29 21:14:00,107.43,107.43,107.27,107.27,352.0
2024-10-29 21:16:00,107.2101,107.25,107.2101,107.22,1166.0
2024-10-29 21:20:00,107.15,107.15,107.1027,107.1027,392.0
2024-10-29 21:22:00,107.18,107.18,107.18,107.18,855.0
2024-10-29 21:24:00,107.3,107.4162,107.3,107.4162,788.0
2024-10-29 21:28:00,107.3,107.3,107.3,107.3,505.0
2024-10-29 21:30:00,107.4,107.4,107.35,107.35,770.0
2024-10-29 21:36:00,107.1023,107.1023,107.1023,107.1023,3300.0
2024-10-29 21:42:00,108.18,108.18,108.18,108.18,451.0
2024-10-29 21:46:00,107.2501,107.2501,107.2501,107.2501,404.0
2024-10-29 21:48:00,107.25,107.25,107.25,107.25,143.0
2024-10-29 21:52:00,107.2515,107.27,107.2515,107.27,388.0
2024-10-29 21:54:00,107.26,107.26,107.25,107.25,600.0
2024-10-29 21:56:00,107.26,107.26,107.26,107.26,337.0
2024-10-29 21:58:00,107.0877,107.0877,107.0877,107.0877,304.0
2024-10-29 22:00:00,107.1,107.1,107.0473,107.0473,557.0
2024-10-29 22:04:00,107.1,107.1,107.01,107.01,764.0
2024-10-29 22:08:00,107.1,107.11,107.08,107.08,1247.0
2024-10-29 22:20:00,107.1997,107.1997,107.1997,107.1997,167.0
2024-10-29 22:22:00,107.19,107.2,107.19,107.2,518.0
2024-10-29 22:24:00,107.2,107.2,107.2,107.2,2440.0
2024-10-29 22:34:00,107.35,107.35,107.35,107.35,101.0
2024-10-29 22:36:00,107.31,107.31,107.31,107.31,1027.0
2024-10-29 22:38:00,107.35,107.35,107.25,107.25,638.0
2024-10-29 22:42:00,107.3,107.3,107.3,107.3,500.0
2024-10-29 22:46:00,107.34,107.34,107.34,107.34,341.0
2024-10-29 22:52:00,107.33,107.33,107.33,107.33,187.0
2024-10-29 22:54:00,107.35,107.35,107.35,107.35,838.0
2024-10-29 22:58:00,107.3,107.3,107.3,107.3,327.0
2024-10-29 23:02:00,107.4,107.4,107.4,107.4,787.0
2024-10-29 23:06:00,107.34,107.34,107.34,107.34,545.0
2024-10-29 23:08:00,107.34,107.34,107.33,107.33,862.0
2024-10-29 23:14:00,107.45,107.45,107.45,107.45,100.0
2024-10-29 23:16:00,107.42,107.42,107.42,107.42,254.0
2024-10-29 23:18:00,107.4,107.45,107.4,107.45,1644.0
2024-10-29 23:32:00,107.75,107.75,107.75,107.75,500.0
2024-10-29 23:38:00,107.74,107.74,107.65,107.65,830.0
2024-10-29 23:40:00,107.6348,107.65,107.6348,107.65,2210.0
2024-10-29 23:42:00,107.6,107.6,107.6,107.6,619.0
2024-10-29 23:48:00,107.52,107.5996,107.52,107.5996,605.0
2024-10-29 23:50:00,107.4234,107.6,107.4234,107.6,2535.0
2024-10-29 23:52:00,107.5999,107.6,107.5999,107.6,1255.0
2024-10-29 23:54:00,107.53,107.53,107.5299,107.53,904.0
2024-10-29 23:56:00,107.6,107.6,107.41,107.41,1076.0
2024-10-29 23:58:00,107.7499,107.7499,107.499,107.499,1613.0
2024-10-30 08:02:00,107.76,107.76,107.76,107.76,232.0
2024-10-30 08:04:00,107.76,107.76,107.76,107.76,133.0
2024-10-30 08:08:00,107.22,107.22,107.22,107.22,420.0
2024-10-30 08:10:00,107.17,107.26,107.17,107.26,476.0
2024-10-30 08:14:00,107.29,107.29,107.29,107.29,230.0
2024-10-30 08:16:00,107.3,107.34,107.3,107.34,644.0
2024-10-30 08:18:00,107.31,107.31,107.31,107.31,931.0
2024-10-30 08:20:00,107.31,107.31,107.31,107.31,1000.0
2024-10-30 08:22:00,107.31,107.31,107.3,107.31,1187.0
2024-10-30 08:32:00,107.01,107.01,107.0,107.0,500.0
2024-10-30 08:38:00,106.94,106.94,106.94,106.94,200.0
2024-10-30 08:42:00,106.82,106.82,106.8,106.8,353.0
2024-10-30 08:44:00,106.64,106.83,106.64,106.83,714.0
2024-10-30 08:48:00,106.55,106.55,106.51,106.51,643.0
2024-10-30 08:50:00,106.57,106.57,106.57,106.57,143.0
2024-10-30 08:56:00,106.74,106.74,106.74,106.74,390.0
2024-10-30 09:04:00,106.53,106.53,106.51,106.51,2006.0
2024-10-30 09:20:00,106.82,106.82,106.82,106.82,542.0
2024-10-30 09:36:00,106.88,106.9,106.88,106.9,510.0
2024-10-30 09:44:00,106.86,106.86,106.86,106.86,158.0
2024-10-30 09:58:00,106.71,106.71,106.71,106.71,250.0
2024-10-30 10:00:00,106.71,106.71,106.71,106.71,370.0
2024-10-30 10:02:00,106.71,106.71,106.71,106.71,172.0
2024-10-30 10:04:00,106.87,106.87,106.87,106.87,502.0
2024-10-30 10:14:00,106.72,106.72,106.7,106.7,920.0
2024-10-30 10:20:00,106.87,106.9,106.87,106.9,1085.0
2024-10-30 10:30:00,106.95,106.95,106.95,106.95,469.0
2024-10-30 10:32:00,106.88,106.88,106.88,106.88,536.0
2024-10-30 10:36:00,106.88,107.03,106.88,107.03,1408.0
2024-10-30 10:58:00,106.9,106.91,106.88,106.88,1108.0
2024-10-30 11:00:00,106.89,106.95,106.88,106.88,2038.0
2024-10-30 11:02:00,106.81,106.82,106.4,106.4,6252.0
2024-10-30 11:04:00,106.39,106.49,106.15,106.39,5534.0
2024-10-30 11:06:00,106.36,106.42,106.36,106.42,1241.0
2024-10-30 11:08:00,106.46,106.46,106.45,106.45,862.0
2024-10-30 11:14:00,106.97,106.97,106.97,106.97,578.0
2024-10-30 11:16:00,106.87,106.87,106.86,106.86,984.0
2024-10-30 11:22:00,106.86,106.86,106.86,106.86,496.0
2024-10-30 11:24:00,106.84,106.84,106.84,106.84,1164.0
2024-10-30 11:26:00,106.84,106.84,106.84,106.84,2296.0
2024-10-30 11:28:00,106.85,106.89,106.82,106.89,2407.0
2024-10-30 11:30:00,106.85,106.85,106.8,106.84,1716.0
2024-10-30 11:32:00,106.84,106.84,106.84,106.84,197.0
2024-10-30 11:34:00,106.89,106.99,106.89,106.99,2009.0
2024-10-30 11:38:00,106.82,106.85,106.82,106.85,1682.0
2024-10-30 11:40:00,106.81,106.81,106.8,106.8,372.0
2024-10-30 11:46:00,106.76,106.76,106.75,106.75,248.0
2024-10-30 11:50:00,106.79,106.79,106.74,106.74,551.0
2024-10-30 11:52:00,106.74,106.75,106.74,106.75,1031.0
2024-10-30 11:54:00,106.75,106.75,106.75,106.75,851.0
2024-10-30 11:56:00,106.7,106.7,106.7,106.7,106.0
2024-10-30 12:00:00,106.72,107.72,106.4995,106.65,39166.0
2024-10-30 12:02:00,106.6501,106.6501,106.6501,106.6501,393.0
2024-10-30 12:04:00,106.7221,106.7221,106.68,106.68,695.0
2024-10-30 12:06:00,106.65,106.65,106.402,106.402,15843.0
2024-10-30 12:08:00,106.55,106.58,106.55,106.58,507.0
2024-10-30 12:10:00,106.44,106.6598,106.44,106.6598,1533.0
2024-10-30 12:18:00,106.8695,106.8695,106.75,106.75,2005.0
2024-10-30 12:20:00,106.82,106.82,106.8,106.8,651.0
2024-10-30 12:22:00,106.85,106.85,106.8497,106.8497,533.0
2024-10-30 12:24:00,106.82,106.86,106.6547,106.6605,1437.0
2024-10-30 12:26:00,106.6583,106.6583,106.6583,106.6583,202.0
2024-10-30 12:28:00,106.85,106.85,106.65,106.65,1691.0
2024-10-30 12:30:00,106.6999,106.7,106.65,106.65,721.0
2024-10-30 12:32:00,106.8165,106.8165,106.8165,106.8165,157.0
2024-10-30 12:34:00,106.8,106.85,106.8,106.85,2136.0
2024-10-30 12:36:00,106.89,107.02,106.89,107.02,2989.0
2024-10-30 12:38:00,107.07,107.07,107.02,107.02,580.0
2024-10-30 12:40:00,107.0,107.03,107.0,107.03,1195.0
2024-10-30 12:42:00,107.0,107.1188,107.0,107.1188,752.0
2024-10-30 12:44:00,107.03,107.03,107.02,107.02,1326.0
2024-10-30 12:46:00,107.02,107.02,107.0,107.0016,1582.0
2024-10-30 12:48:00,107.01,107.01,107.01,107.01,1180.0
2024-10-30 12:50:00,107.1,107.1,107.0,107.0,4251.0
2024-10-30 12:52:00,106.88,106.88,106.45,106.6,10489.0
2024-10-30 12:54:00,106.462,106.59,106.462,106.4701,1965.0
2024-10-30 12:56:00,106.5,106.85,106.5,106.85,9038.0
2024-10-30 12:58:00,106.7229,106.96,106.7229,106.85,2250.0
2024-10-30 13:00:00,106.8,106.8,106.7,106.7,1486.0
2024-10-30 13:02:00,106.65,106.65,106.64,106.64,2786.0
2024-10-30 13:04:00,106.41,106.5397,106.37,106.4799,7240.0
2024-10-30 13:06:00,106.4,106.4788,106.27,106.27,4047.0
2024-10-30 13:08:00,106.17,106.3,106.16,106.17,3089.0
2024-10-30 13:10:00,106.38,106.48,106.2301,106.3,2830.0
2024-10-30 13:12:00,106.4,106.4679,106.283,106.41,2194.0
2024-10-30 13:14:00,106.3,106.3,106.3,106.3,553.0
2024-10-30 13:16:00,106.3,106.31,106.2,106.2,4004.0
2024-10-30 13:18:00,106.3,106.3,106.3,106.3,281.0
2024-10-30 13:20:00,106.3,106.44,106.3,106.3,943.0
2024-10-30 13:22:00,106.44,106.44,106.25,106.28,2744.0
2024-10-30 13:24:00,106.2,106.25,106.1,106.19,5630.0
2024-10-30 13:26:00,106.15,106.5,106.1,106.23,4050.0
2024-10-30 13:28:00,106.3,106.3,106.23,106.25,1770.0
2024-10-30 13:30:00,106.26,106.65,105.93,106.2199,260419.0
2024-10-30 13:32:00,106.22,106.29,106.0,106.06,82249.0
2024-10-30 13:34:00,106.05,106.38,105.9614,106.217,105617.0
2024-10-30 13:36:00,106.235,106.56,106.15,106.1969,109768.0
2024-10-30 13:38:00,106.21,106.51,106.05,106.05,97124.0
2024-10-30 13:40:00,106.07,106.12,105.43,105.6,190237.0
2024-10-30 13:42:00,105.58,105.63,104.93,105.335,199083.0
2024-10-30 13:44:00,105.33,105.4,105.06,105.2494,129401.0
2024-10-30 13:46:00,105.235,105.64,105.235,105.64,102517.0
2024-10-30 13:48:00,105.65,105.75,105.596,105.63,53775.0
2024-10-30 13:50:00,105.61,105.785,105.5958,105.73,96273.0
2024-10-30 13:52:00,105.73,105.91,105.71,105.9,75455.0
2024-10-30 13:54:00,105.92,105.98,105.69,105.92,62977.0
2024-10-30 13:56:00,105.9399,106.1299,105.92,106.12,69661.0
2024-10-30 13:58:00,106.1201,106.215,106.02,106.17,92712.0
2024-10-30 14:00:00,106.19,106.49,106.15,106.37,128378.0
2024-10-30 14:02:00,106.35,106.59,106.34,106.5641,80539.0
2024-10-30 14:04:00,106.55,106.74,106.5309,106.605,51787.0
2024-10-30 14:06:00,106.61,106.74,106.59,106.71,54026.0
2024-10-30 14:08:00,106.6914,106.8,106.6,106.71,56375.0
2024-10-30 14:10:00,106.735,106.77,106.55,106.563,41466.0
2024-10-30 14:12:00,106.59,106.6659,106.48,106.5,44420.0
2024-10-30 14:14:00,106.49,106.54,106.39,106.51,40905.0
2024-10-30 14:16:00,106.51,106.6,106.33,106.4,38755.0
2024-10-30 14:18:00,106.385,106.49,106.37,106.46,25700.0
2024-10-30 14:20:00,106.48,106.6,106.34,106.6,44703.0
2024-10-30 14:22:00,106.58,106.59,106.34,106.38,50934.0
2024-10-30 14:24:00,106.38,106.44,106.25,106.28,51954.0
2024-10-30 14:26:00,106.27,106.56,106.27,106.5521,33832.0
2024-10-30 14:28:00,106.5699,106.5699,106.36,106.38,20942.0
2024-10-30 14:30:00,106.36,106.44,106.29,106.35,46703.0
2024-10-30 14:32:00,106.3654,106.38,106.21054,106.21054,26802.0
2024-10-30 14:34:00,106.21,106.41,106.19,106.38,49799.0
2024-10-30 14:36:00,106.39,106.39,106.18,106.31,39060.0
2024-10-30 14:38:00,106.31,106.31,106.1705,106.185,36768.0
2024-10-30 14:40:00,106.185,106.25,106.06,106.21,45392.0
2024-10-30 14:42:00,106.21,106.3768,106.2,106.28,50336.0
2024-10-30 14:44:00,106.27,106.33,106.2135,106.2135,20062.0
2024-10-30 14:46:00,106.21,106.26,106.15,106.26,45500.0
2024-10-30 14:48:00,106.26,106.2601,106.12,106.1625,30380.0
2024-10-30 14:50:00,106.165,106.18,105.9,105.93,69957.0
2024-10-30 14:52:00,105.9191,105.92,105.65,105.78,82504.0
2024-10-30 14:54:00,105.785,105.8,105.61,105.62,54931.0
2024-10-30 14:56:00,105.625,105.7499,105.59,105.59,59761.0
2024-10-30 14:58:00,105.6,105.6958,105.535,105.6128,40516.0
2024-10-30 15:00:00,105.61,105.65,105.5,105.62,46642.0
2024-10-30 15:02:00,105.62,105.63,105.5,105.52,54182.0
2024-10-30 15:04:00,105.5199,105.5888,105.5,105.55,23046.0
2024-10-30 15:06:00,105.57,105.58,105.4,105.56,64908.0
2024-10-30 15:08:00,105.58,105.65,105.53,105.5509,46870.0
2024-10-30 15:10:00,105.54,105.59,105.3894,105.44,38084.0
2024-10-30 15:12:00,105.44,105.44,105.24,105.2856,60103.0
2024-10-30 15:14:00,105.285,105.31,105.15,105.24,39748.0
2024-10-30 15:16:00,105.245,105.27,105.145,105.27,55087.0
2024-10-30 15:18:00,105.28,105.39,105.27,105.3,50967.0
2024-10-30 15:20:00,105.33,105.38,105.2025,105.22,39915.0
2024-10-30 15:22:00,105.22,105.34,105.22,105.28,37054.0
2024-10-30 15:24:00,105.295,105.39,105.28,105.38,29427.0
2024-10-30 15:26:00,105.39,105.4999,105.3788,105.415,46180.0
2024-10-30 15:28:00,105.419478,105.571064,105.419478,105.53,40229.0
2024-10-30 15:30:00,105.51,105.53,105.4,105.42,22566.0
2024-10-30 15:32:00,105.41,105.41,105.2112,105.215,32128.0
2024-10-30 15:34:00,105.22,105.2529,105.08,105.09,51052.0
2024-10-30 15:36:00,105.1,105.14,104.99,105.1004,108395.0
2024-10-30 15:38:00,105.1137,105.2037,105.06,105.1001,86277.0
2024-10-30 15:40:00,105.1183,105.2192,105.03,105.07,54050.0
2024-10-30 15:42:00,105.05,105.12,105.02,105.115,42786.0
2024-10-30 15:44:00,105.12,105.13,105.02,105.03,48436.0
2024-10-30 15:46:00,105.01,105.02,104.91,105.005,64006.0
2024-10-30 15:48:00,105.005,105.08,104.92,104.92,43416.0
2024-10-30 15:50:00,104.93,105.04,104.81,104.82,88108.0
2024-10-30 15:52:00,104.8471,104.89,104.79,104.85,52597.0
2024-10-30 15:54:00,104.84,104.87,104.73,104.76,63651.0
2024-10-30 15:56:00,104.76,104.8099,104.6637,104.665,52868.0
2024-10-30 15:58:00,104.66,104.71,104.53,104.5499,86221.0
2024-10-30 16:00:00,104.54,104.54,104.38,104.46,168057.0
2024-10-30 16:02:00,104.47,104.5134,104.35,104.4077,94716.0
2024-10-30 16:04:00,104.41,104.4799,104.36,104.43,62311.0
2024-10-30 16:06:00,104.42,104.51,104.35,104.416475,71348.0
2024-10-30 16:08:00,104.41,104.43,104.33,104.38,62044.0
2024-10-30 16:10:00,104.37,104.41,104.325,104.37,29039.0
2024-10-30 16:12:00,104.35,104.35,104.2,104.2391,65771.0
2024-10-30 16:14:00,104.235,104.29,104.17,104.287,104058.0
2024-10-30 16:16:00,104.295,104.3221,104.2329,104.3058,61628.0
2024-10-30 16:18:00,104.29,104.32,104.2,104.21,90870.0
2024-10-30 16:20:00,104.203,104.29,104.2,104.2273,56999.0
2024-10-30 16:22:00,104.2101,104.225,104.09,104.14,65465.0
2024-10-30 16:24:00,104.16,104.26,104.14,104.19,40706.0
2024-10-30 16:26:00,104.2,104.24,104.17,104.192,29172.0
2024-10-30 16:28:00,104.18,104.27,104.08,104.27,50722.0
2024-10-30 16:30:00,104.28,104.37,104.24,104.305,75356.0
2024-10-30 16:32:00,104.305,104.395,104.28,104.3369,40086.0
2024-10-30 16:34:00,104.33,104.4,104.28,104.2856,34766.0
2024-10-30 16:36:00,104.29,104.3,104.18,104.2,43497.0
2024-10-30 16:38:00,104.2,104.31,104.11,104.28,29120.0
2024-10-30 16:40:00,104.2838,104.37,104.22,104.25,26414.0
2024-10-30 16:42:00,104.26,104.43,104.26,104.415,34710.0
2024-10-30 16:44:00,104.42,104.52,104.41,104.52,54617.0
2024-10-30 16:46:00,104.5045,104.6,104.5045,104.59,43600.0
2024-10-30 16:48:00,104.61,104.7874,104.61,104.77,55902.0
2024-10-30 16:50:00,104.76,104.78,104.66,104.69,62944.0
2024-10-30 16:52:00,104.69,104.74,104.66,104.7,21491.0
2024-10-30 16:54:00,104.705,104.755,104.68,104.74,36753.0
2024-10-30 16:56:00,104.75,104.778,104.655,104.7187,34327.0
2024-10-30 16:58:00,104.71,104.7399,104.62,104.62,32418.0
2024-10-30 17:00:00,104.61,104.62,104.5,104.59,40626.0
2024-10-30 17:02:00,104.6,104.62,104.545,104.55,31844.0
2024-10-30 17:04:00,104.54,104.55,104.38,104.39,73964.0
2024-10-30 17:06:00,104.38,104.52,104.37,104.5,30874.0
2024-10-30 17:08:00,104.51,104.51,104.43,104.5,17967.0
2024-10-30 17:10:00,104.5039,104.53,104.43,104.46,20781.0
2024-10-30 17:12:00,104.45,104.5,104.41,104.5,22712.0
2024-10-30 17:14:00,104.5,104.58,104.48,104.56,17763.0
2024-10-30 17:16:00,104.54,104.6,104.52,104.56,22650.0
2024-10-30 17:18:00,104.575,104.63,104.55,104.57,25375.0
2024-10-30 17:20:00,104.59,104.68,104.59,104.65,37898.0
2024-10-30 17:22:00,104.65,104.77,104.6426,104.73,37068.0
2024-10-30 17:24:00,104.7,104.7,104.555,104.56,34654.0
2024-10-30 17:26:00,104.56,104.5699,104.46,104.485965,23736.0
2024-10-30 17:28:00,104.48,104.49,104.37,104.43,30441.0
2024-10-30 17:30:00,104.43,104.48,104.37,104.4793,21405.0
2024-10-30 17:32:00,104.47,104.515,104.23,104.245,40609.0
2024-10-30 17:34:00,104.235,104.25,104.0,104.01,94297.0
2024-10-30 17:36:00,104.01,104.08,103.91,103.93,96975.0
2024-10-30 17:38:00,103.92,103.92,103.67,103.68,164024.0
2024-10-30 17:40:00,103.675,103.82,103.64,103.8198,73496.0
2024-10-30 17:42:00,103.81,103.87,103.79,103.81,59537.0
2024-10-30 17:44:00,103.81,103.83,103.73,103.745,61564.0
2024-10-30 17:46:00,103.765,103.98,103.75,103.9799,177607.0
2024-10-30 17:48:00,103.9634,104.06,103.89,104.05,46481.0
2024-10-30 17:50:00,104.06,104.14,103.96,103.98,43304.0
2024-10-30 17:52:00,103.981,104.24,103.87,104.105,132179.0
2024-10-30 17:54:00,104.11,104.14,104.03,104.03,38570.0
2024-10-30 17:56:00,104.05,104.08,104.02,104.0238,29384.0
2024-10-30 17:58:00,104.0499,104.1049,104.02,104.0899,35494.0
2024-10-30 18:00:00,104.07,104.11,103.91,104.0,58776.0
2024-10-30 18:02:00,104.0001,104.1,103.99,104.03,41113.0
2024-10-30 18:04:00,104.03,104.22,104.03,104.12,73478.0
2024-10-30 18:06:00,104.13,104.25,104.08,104.22,43998.0
2024-10-30 18:08:00,104.24,104.27,104.175,104.27,53761.0
2024-10-30 18:10:00,104.29,104.39,104.26,104.34,63349.0
2024-10-30 18:12:00,104.35,104.3782,104.25,104.28,35616.0
2024-10-30 18:14:00,104.2801,104.42,104.2801,104.36,31995.0
2024-10-30 18:16:00,104.36,104.4019,104.255,104.265,31179.0
2024-10-30 18:18:00,104.265,104.27,104.17,104.19,28594.0
2024-10-30 18:20:00,104.2,104.31,104.2,104.29,36452.0
2024-10-30 18:22:00,104.28,104.32,104.2001,104.2001,31844.0
2024-10-30 18:24:00,104.22,104.33,104.22,104.29,33668.0
2024-10-30 18:26:00,104.26,104.26,104.21,104.21,28267.0
2024-10-30 18:28:00,104.21,104.24,104.195,104.22,22736.0
2024-10-30 18:30:00,104.2,104.33,104.2,104.3212,20014.0
2024-10-30 18:32:00,104.32,104.41,104.3,104.41,33491.0
2024-10-30 18:34:00,104.405,104.54,104.405,104.4765,41642.0
2024-10-30 18:36:00,104.48,104.49,104.44,104.47,23038.0
2024-10-30 18:38:00,104.46,104.47,104.35,104.385,54729.0
2024-10-30 18:40:00,104.38,104.47,104.34,104.47,30107.0
2024-10-30 18:42:00,104.465,104.5899,104.45,104.49,37158.0
2024-10-30 18:44:00,104.4838,104.662,104.45,104.65,35531.0
2024-10-30 18:46:00,104.66,104.68,104.57,104.62,34934.0
2024-10-30 18:48:00,104.615,104.655,104.601102,104.62,13604.0
2024-10-30 18:50:00,104.62,104.71,104.62,104.6862,27898.0
2024-10-30 18:52:00,104.67,104.7211,104.64,104.72,28553.0
2024-10-30 18:54:00,104.73,104.85,104.67,104.84,41440.0
2024-10-30 18:56:00,104.84,104.87,104.8142,104.85,25979.0
2024-10-30 18:58:00,104.85,104.85,104.77,104.81,32794.0
2024-10-30 19:00:00,104.79,104.79,104.6801,104.705,29415.0
2024-10-30 19:02:00,104.705,104.7299,104.585,104.64,52143.0
2024-10-30 19:04:00,104.63,104.67,104.531,104.55,225753.0
2024-10-30 19:06:00,104.53,104.645,104.46,104.64,59682.0
2024-10-30 19:08:00,104.65,104.7399,104.63,104.6597,40593.0
2024-10-30 19:10:00,104.66,104.755,104.66,104.755,27014.0
2024-10-30 19:12:00,104.755,104.85,104.745,104.845,37673.0
2024-10-30 19:14:00,104.8413,104.9087,104.84,104.9,48413.0
2024-10-30 19:16:00,104.89,104.89,104.68,104.705,58104.0
2024-10-30 19:18:00,104.705,104.7205,104.61,104.66,37976.0
2024-10-30 19:20:00,104.66,104.7,104.585,104.61,60041.0
2024-10-30 19:22:00,104.5801,104.6,104.51,104.56,28053.0
2024-10-30 19:24:00,104.5599,104.615,104.54,104.58,29222.0
2024-10-30 19:26:00,104.53,104.605,104.53,104.5913,41669.0
2024-10-30 19:28:00,104.585,104.6,104.43,104.43,32243.0
2024-10-30 19:30:00,104.4305,104.46,104.34,104.35,71592.0
2024-10-30 19:32:00,104.35,104.35,104.24,104.246,51938.0
2024-10-30 19:34:00,104.245,104.27,104.105,104.11,64497.0
2024-10-30 19:36:00,104.105,104.2,104.065,104.19,59398.0
2024-10-30 19:38:00,104.215,104.33,104.19,104.27,60504.0
2024-10-30 19:40:00,104.275,104.42,104.275,104.365,78545.0
2024-10-30 19:42:00,104.365,104.37,104.215,104.255,46840.0
2024-10-30 19:44:00,104.255,104.29,104.22,104.25,65507.0
2024-10-30 19:46:00,104.241,104.35,104.16,104.22,83935.0
2024-10-30 19:48:00,104.2056,104.235,104.12,104.145,107309.0
2024-10-30 19:50:00,104.14,104.2741,104.0532,104.19,181477.0
2024-10-30 19:52:00,104.19,104.29,104.17,104.24,174701.0
2024-10-30 19:54:00,104.25,104.39,104.06,104.17,235279.0
2024-10-30 19:56:00,104.155,104.27,104.13,104.18,195138.0
2024-10-30 19:58:00,104.18,104.19,104.0,104.0,561441.0
2024-10-30 20:00:00,104.08,104.09,104.0,104.0,95531.0
2024-10-30 20:02:00,104.0,104.0,104.0,104.0,693.0
2024-10-30 20:04:00,104.04,104.04,103.92,104.0,3650.0
2024-10-30 20:06:00,104.04,104.08,103.82,103.8239,7251.0
2024-10-30 20:08:00,103.8222,103.8222,103.8222,103.8222,609.0
2024-10-30 20:10:00,103.97,104.04,103.89,104.0397,1206.0
2024-10-30 20:12:00,103.89,103.96,103.89,103.96,1159.0
2024-10-30 20:14:00,103.96,103.96,103.9,103.9,2067.0
2024-10-30 20:16:00,103.89,103.89,103.83,103.83,1425.0
2024-10-30 20:18:00,103.96,103.96,103.9,103.96,1293.0
2024-10-30 20:20:00,103.95,103.96,103.9,103.9,8091.0
2024-10-30 20:22:00,103.901,103.901,103.81,103.8105,7180.0
2024-10-30 20:24:00,103.81,104.08,103.76,103.79,3107.0
2024-10-30 20:26:00,103.9,103.93,103.85,103.93,6354.0
2024-10-30 20:28:00,103.9999,104.07,103.99,104.0,24891.0
2024-10-30 20:30:00,103.93,104.0,103.0,103.5511,22809.0
2024-10-30 20:32:00,103.86,104.08,103.82,104.08,1305.0
2024-10-30 20:34:00,103.88,103.88,103.82,103.82,1736.0
2024-10-30 20:36:00,103.76,103.76,103.76,103.76,297.0
2024-10-30 20:38:00,103.75,103.75,103.61,103.61,1543.0
2024-10-30 20:42:00,103.7988,103.8,103.7,103.7,3711.0
2024-10-30 20:44:00,103.79,103.8,103.79,103.8,1140.0
2024-10-30 20:46:00,103.87,103.87,103.84,103.84,331.0
2024-10-30 20:48:00,103.8699,103.8699,103.75,103.75,1691.0
2024-10-30 20:50:00,103.74,103.74,103.71,103.71,2746.0
2024-10-30 20:52:00,103.65,103.74,103.6414,103.7,3014.0
2024-10-30 20:54:00,103.64,103.64,103.64,103.64,510.0
2024-10-30 20:56:00,103.69,103.69,103.64,103.65,4046.0
2024-10-30 20:58:00,103.65,103.7,103.65,103.7,1652.0
2024-10-30 21:00:00,103.7,103.8896,103.6661,103.8896,2833.0
2024-10-30 21:04:00,103.89,103.89,103.89,103.89,271.0
2024-10-30 21:06:00,103.86,103.86,103.78,103.78,380.0
2024-10-30 21:08:00,103.73,103.73,103.73,103.73,222.0
2024-10-30 21:10:00,103.7142,103.8492,103.7142,103.83,1063.0
2024-10-30 21:12:00,103.84,103.87,103.84,103.87,5529.0
2024-10-30 21:16:00,103.8,103.85,103.8,103.85,544.0
2024-10-30 21:18:00,103.81,103.81,103.81,103.81,610.0
2024-10-30 21:20:00,103.88,103.89,103.88,103.89,607.0
2024-10-30 21:22:00,103.89,103.95,103.88,103.95,1431.0
2024-10-30 21:24:00,103.94,103.96,103.94,103.95,1880.0
2024-10-30 21:26:00,103.95,103.95,103.9,103.9,4332.0
2024-10-30 21:30:00,103.95,103.95,103.75,103.75,3344.0
2024-10-30 21:32:00,103.9,103.9,103.7511,103.7511,1849.0
2024-10-30 21:34:00,103.9,103.94,103.9,103.94,1024.0
2024-10-30 21:36:00,103.8,103.98,103.8,103.98,1885.0
2024-10-30 21:38:00,103.78,103.78,103.74,103.74,1014.0
2024-10-30 21:40:00,103.96,103.96,103.96,103.96,265.0
2024-10-30 21:44:00,103.7183,103.7183,103.7183,103.7183,203.0
2024-10-30 21:48:00,103.7151,103.7151,103.7151,103.7151,223.0
2024-10-30 21:50:00,103.75,103.75,103.75,103.75,262.0
2024-10-30 21:52:00,103.71,103.71,103.7,103.7,1496.0
2024-10-30 21:54:00,103.8486,103.8486,103.8486,103.8486,399.0
2024-10-30 22:00:00,103.89,103.97,103.89,103.97,1959.0
2024-10-30 22:02:00,103.98,103.99,103.9,103.9,2091.0
2024-10-30 22:04:00,103.97,103.97,103.9,103.9,1231.0
2024-10-30 22:06:00,103.75,103.82,103.75,103.75,11814.0
2024-10-30 22:08:00,103.7,103.7,103.7,103.7,2115.0
2024-10-30 22:10:00,103.7,103.7,103.5,103.5,3730.0
2024-10-30 22:12:00,103.4,103.4,103.4,103.4,270.0
2024-10-30 22:14:00,103.8743,103.8743,103.8743,103.8743,208.0
2024-10-30 22:18:00,103.67,103.67,103.67,103.67,179.0
2024-10-30 22:20:00,103.5001,103.5001,103.5,103.5,509.0
2024-10-30 22:22:00,103.49,103.5,103.4,103.5,1968.0
2024-10-30 22:24:00,103.45,103.45,103.45,103.45,201.0
2024-10-30 22:26:00,103.45,103.45,103.45,103.45,3468.0
2024-10-30 22:28:00,103.4505,103.7679,103.4505,103.5,736.0
2024-10-30 22:30:00,103.8,103.8,103.8,103.8,385.0
2024-10-30 22:32:00,103.45,103.45,103.45,103.45,500.0
2024-10-30 22:36:00,103.5,103.5,103.5,103.5,3041.0
2024-10-30 22:38:00,103.55,103.55,103.55,103.55,625.0
2024-10-30 22:40:00,103.68,103.68,103.68,103.68,376.0
2024-10-30 22:44:00,103.74,103.87,103.4728,103.4728,2155.0
2024-10-30 22:48:00,103.46,103.79,103.46,103.79,2604.0
2024-10-30 22:52:00,103.7,103.79,103.7,103.79,1244.0
2024-10-30 22:56:00,103.6243,103.7895,103.6243,103.7895,2901.0
2024-10-30 22:58:00,103.7876,103.89,103.56,103.89,3584.0
2024-10-30 23:06:00,103.7,103.7,103.7,103.7,440.0
2024-10-30 23:08:00,103.61,103.61,103.61,103.61,359.0
2024-10-30 23:10:00,103.6,103.6,103.6,103.6,319.0
2024-10-30 23:12:00,103.6,103.6,103.6,103.6,229.0
2024-10-30 23:20:00,103.6002,103.61,103.6002,103.61,476.0
2024-10-30 23:22:00,103.65,103.65,103.65,103.65,185.0
2024-10-30 23:34:00,103.8,103.8,103.74,103.75,752.0
2024-10-30 23:36:00,103.83,103.83,103.83,103.83,363.0
2024-10-30 23:38:00,103.89,103.9,103.89,103.9,675.0
2024-10-30 23:40:00,103.88,103.9,103.88,103.9,497.0
2024-10-30 23:42:00,103.7399,103.7399,103.7328,103.7328,368.0
2024-10-30 23:48:00,103.78,103.78,103.65,103.65,1452.0
2024-10-30 23:50:00,103.6,103.6,103.6,103.6,417.0
2024-10-30 23:54:00,103.8,103.8,103.8,103.8,148.0
2024-10-30 23:56:00,103.6103,103.62,103.6103,103.62,1122.0
2024-10-30 23:58:00,103.5301,103.5301,103.5005,103.5005,2006.0
2024-10-31 08:00:00,103.0,103.0,101.93,101.98,1549.0
2024-10-31 08:02:00,102.0,102.3,101.96,102.23,3871.0
2024-10-31 08:04:00,102.16,102.16,102.16,102.16,415.0
2024-10-31 08:10:00,101.95,101.95,101.91,101.91,525.0
2024-10-31 08:12:00,101.89,101.89,101.89,101.89,619.0
2024-10-31 08:14:00,101.65,101.81,101.56,101.56,1339.0
2024-10-31 08:16:00,101.79,101.89,101.79,101.89,1582.0
2024-10-31 08:18:00,101.96,102.05,101.95,101.95,3196.0
2024-10-31 08:20:00,102.28,102.3,102.03,102.03,1428.0
2024-10-31 08:22:00,102.03,102.03,102.03,102.03,923.0
2024-10-31 08:24:00,102.07,102.08,102.07,102.08,216.0
2024-10-31 08:26:00,102.07,102.07,101.95,101.95,716.0
2024-10-31 08:30:00,101.99,102.0,101.99,102.0,675.0
2024-10-31 08:36:00,101.79,101.79,101.78,101.78,396.0
2024-10-31 08:40:00,101.95,102.0,101.94,102.0,2836.0
2024-10-31 08:42:00,101.93,101.93,101.93,101.93,100.0
2024-10-31 08:44:00,101.83,101.98,101.83,101.98,948.0
2024-10-31 08:48:00,101.99,102.4,101.99,102.4,1178.0
2024-10-31 08:50:00,102.06,102.06,102.04,102.06,1149.0
2024-10-31 08:52:00,102.19,102.25,102.19,102.25,1046.0
2024-10-31 08:54:00,102.32,102.5,102.32,102.5,2666.0
2024-10-31 08:56:00,102.48,102.48,102.48,102.48,108.0
2024-10-31 09:00:00,102.47,102.47,102.4,102.4,417.0
2024-10-31 09:06:00,102.14,102.14,102.14,102.14,1133.0
2024-10-31 09:20:00,102.18,102.18,102.18,102.18,375.0
2024-10-31 09:24:00,102.05,102.07,102.0,102.03,4257.0
2024-10-31 09:26:00,102.05,102.05,102.05,102.05,115.0
2024-10-31 09:28:00,102.17,102.2,102.17,102.2,438.0
2024-10-31 09:32:00,102.24,102.24,102.24,102.24,356.0
2024-10-31 09:44:00,102.26,102.26,102.26,102.26,403.0
2024-10-31 09:48:00,102.2,102.25,102.2,102.25,974.0
2024-10-31 10:00:00,102.05,102.05,102.05,102.05,600.0
2024-10-31 10:04:00,102.05,102.05,102.05,102.05,455.0
2024-10-31 10:06:00,102.03,102.05,102.03,102.03,1450.0
2024-10-31 10:08:00,102.02,102.02,102.02,102.02,212.0
2024-10-31 10:10:00,101.99,101.99,101.89,101.89,890.0
2024-10-31 10:12:00,101.86,101.91,101.8,101.91,832.0
2024-10-31 10:18:00,101.76,101.76,101.7,101.7,2670.0
2024-10-31 10:20:00,101.7,101.7,101.7,101.7,1019.0
2024-10-31 10:22:00,101.69,101.69,101.69,101.69,344.0
2024-10-31 10:24:00,101.7,101.7,101.7,101.7,1565.0
2024-10-31 10:26:00,101.65,101.7,101.65,101.7,830.0
2024-10-31 10:28:00,101.69,101.69,101.69,101.69,100.0
2024-10-31 10:30:00,101.62,101.62,101.62,101.62,300.0
2024-10-31 10:32:00,101.62,101.62,101.62,101.62,391.0
2024-10-31 10:36:00,101.68,101.7,101.68,101.7,1350.0
2024-10-31 10:40:00,101.8,101.8,101.8,101.8,112.0
2024-10-31 10:42:00,101.84,101.84,101.84,101.84,121.0
2024-10-31 10:44:00,101.85,101.85,101.85,101.85,272.0
2024-10-31 10:48:00,101.95,101.95,101.75,101.75,1219.0
2024-10-31 10:50:00,101.75,101.75,101.75,101.75,455.0
2024-10-31 10:52:00,101.75,101.75,101.55,101.55,1290.0
2024-10-31 10:54:00,101.75,101.94,101.71,101.94,794.0
2024-10-31 10:56:00,101.99,102.0,101.99,102.0,1320.0
2024-10-31 11:00:00,102.14,102.21,102.0,102.2,8785.0
2024-10-31 11:02:00,102.15,102.39,102.1,102.33,5019.0
2024-10-31 11:04:00,102.38,102.5,102.38,102.5,6620.0
2024-10-31 11:06:00,102.5,102.5,102.34,102.35,6970.0
2024-10-31 11:08:00,102.24,102.24,102.1,102.1,3946.0
2024-10-31 11:12:00,102.25,102.29,102.25,102.29,1366.0
2024-10-31 11:16:00,102.24,102.27,102.24,102.27,1847.0
2024-10-31 11:18:00,102.25,102.48,102.25,102.48,2225.0
2024-10-31 11:20:00,102.5,102.5,102.5,102.5,179.0
2024-10-31 11:22:00,102.43,102.5,102.34,102.34,3558.0
2024-10-31 11:24:00,102.45,102.45,102.43,102.43,1580.0
2024-10-31 11:26:00,102.44,102.45,102.44,102.45,781.0
2024-10-31 11:28:00,102.38,102.38,102.3,102.3,701.0
2024-10-31 11:34:00,102.18,102.19,102.03,102.03,9643.0
2024-10-31 11:36:00,102.0,102.04,101.79,101.79,6227.0
2024-10-31 11:40:00,101.96,101.97,101.9,101.97,1851.0
2024-10-31 11:42:00,102.03,102.1,102.03,102.07,3060.0
2024-10-31 11:44:00,102.14,102.14,102.13,102.13,1069.0
2024-10-31 11:46:00,102.25,102.25,102.16,102.19,3314.0
2024-10-31 11:48:00,102.24,102.25,102.24,102.25,438.0
2024-10-31 11:50:00,102.3,102.3,102.3,102.3,1938.0
2024-10-31 11:52:00,102.3,102.45,102.29,102.45,2774.0
2024-10-31 11:54:00,102.46,102.46,102.36,102.36,1283.0
2024-10-31 11:56:00,102.3,102.36,102.3,102.35,982.0
2024-10-31 11:58:00,102.36,102.36,102.36,102.36,515.0
2024-10-31 12:00:00,102.1589,102.97,101.9695,102.72,64503.0
2024-10-31 12:02:00,102.207,102.21,102.184,102.21,974.0
2024-10-31 12:04:00,102.37,102.5,102.35,102.35,4674.0
2024-10-31 12:06:00,102.47,102.52,102.47,102.52,3915.0
2024-10-31 12:08:00,102.5,102.5,102.3784,102.3784,980.0
2024-10-31 12:10:00,102.3684,102.3684,102.3684,102.3684,343.0
2024-10-31 12:12:00,102.42,102.5,102.4,102.5,2833.0
2024-10-31 12:14:00,102.5,102.5,102.4999,102.5,3525.0
2024-10-31 12:16:00,102.5,102.5,102.42,102.42,843.0
2024-10-31 12:18:00,102.33,102.459,102.33,102.44,10872.0
2024-10-31 12:20:00,102.5,102.5,102.4,102.4,3427.0
2024-10-31 12:22:00,102.4,102.4,102.4,102.4,393.0
2024-10-31 12:24:00,102.2755,102.4,102.2755,102.3998,918.0
2024-10-31 12:26:00,102.4,102.4,102.38,102.38,672.0
2024-10-31 12:28:00,102.39,102.39,102.35,102.35,1810.0
2024-10-31 12:30:00,102.3,102.4,102.3,102.32,2275.0
2024-10-31 12:32:00,102.27,102.27,102.27,102.27,227.0
2024-10-31 12:34:00,102.27,102.2982,102.2,102.2,2251.0
2024-10-31 12:36:00,102.34,102.34,102.09,102.09,3720.0
2024-10-31 12:38:00,102.08,102.1,102.0,102.07,10169.0
2024-10-31 12:42:00,102.2921,102.3,102.12,102.3,2526.0
2024-10-31 12:44:00,102.1602,102.4,102.1602,102.32,9229.0
2024-10-31 12:46:00,102.32,102.32,102.25,102.25,720.0
2024-10-31 12:48:00,102.2,102.2,102.16,102.16,1789.0
2024-10-31 12:50:00,102.2,102.2,102.2,102.2,1344.0
2024-10-31 12:52:00,102.21,102.29,102.21,102.29,333.0
2024-10-31 12:54:00,102.2,102.2,102.2,102.2,935.0
2024-10-31 12:56:00,102.25,102.25,102.1,102.1,2189.0
2024-10-31 12:58:00,102.08,102.11,102.07,102.0911,2695.0
2024-10-31 13:00:00,102.07,102.08,102.0,102.08,5134.0
2024-10-31 13:02:00,102.08,102.28,102.0,102.28,4313.0
2024-10-31 13:04:00,102.3,102.3,102.3,102.3,367.0
2024-10-31 13:06:00,102.24,102.29,102.2,102.2,2203.0
2024-10-31 13:08:00,102.2001,102.3099,102.1601,102.3,16586.0
2024-10-31 13:10:00,102.31,102.4,102.31,102.4,1800.0
2024-10-31 13:12:00,102.4,102.4,102.31,102.4,3400.0
2024-10-31 13:14:00,102.3601,102.4,102.3301,102.37,5349.0
2024-10-31 13:16:00,102.39,102.4,102.3,102.4,1569.0
2024-10-31 13:18:00,102.4,102.4,102.4,102.4,324.0
2024-10-31 13:20:00,102.29,102.3999,102.2503,102.2503,980.0
2024-10-31 13:22:00,102.23,102.4,102.23,102.38,4356.0
2024-10-31 13:24:00,102.29,102.3999,102.26,102.34,825.0
2024-10-31 13:26:00,102.3514,102.4,102.1,102.15,10431.0
2024-10-31 13:28:00,102.2699,102.2699,102.22,102.22,1834.0
2024-10-31 13:30:00,102.2,102.49,100.76,100.76,532005.0
2024-10-31 13:32:00,100.775,101.47,100.7501,100.9281,285114.0
2024-10-31 13:34:00,100.87,101.4607,100.87,100.95,197533.0
2024-10-31 13:36:00,100.94,101.11,100.71,101.02,157349.0
2024-10-31 13:38:00,101.04,101.37,100.9864,101.24,187954.0
2024-10-31 13:40:00,101.2398,101.2398,100.94,101.175,133190.0
2024-10-31 13:42:00,101.19,101.34,101.1,101.34,97702.0
2024-10-31 13:44:00,101.34,101.37,100.645,100.7297,183569.0
2024-10-31 13:46:00,100.69,100.81,100.56,100.57,126666.0
2024-10-31 13:48:00,100.58,100.68,100.24,100.265,202691.0
2024-10-31 13:50:00,100.24,100.45,100.02,100.22,234986.0
2024-10-31 13:52:00,100.21,100.4,100.069,100.2352,109710.0
2024-10-31 13:54:00,100.21,100.54,100.2035,100.38,73785.0
2024-10-31 13:56:00,100.36,100.43,100.15,100.1799,90294.0
2024-10-31 13:58:00,100.15,100.1648,99.72,100.0099,337017.0
2024-10-31 14:00:00,99.965,99.98,99.8,99.9298,122562.0
2024-10-31 14:02:00,99.8969,100.17,99.864,100.08,112930.0
2024-10-31 14:04:00,100.06,100.42,100.0,100.26,118784.0
2024-10-31 14:06:00,100.27,100.52,100.245,100.4,146858.0
2024-10-31 14:08:00,100.4,100.64,100.4,100.5,74112.0
2024-10-31 14:10:00,100.5024,100.57,100.12,100.16,119592.0
2024-10-31 14:12:00,100.11,100.2425,99.93,100.22,112205.0
2024-10-31 14:14:00,100.21,100.4,100.035,100.12,90712.0
2024-10-31 14:16:00,100.06,100.44,100.03,100.44,109986.0
2024-10-31 14:18:00,100.39,100.594599,100.31,100.41,80864.0
2024-10-31 14:20:00,100.38,100.47,100.3,100.44,43083.0
2024-10-31 14:22:00,100.43,100.51,100.37,100.4801,64583.0
2024-10-31 14:24:00,100.51,100.53,100.33,100.3301,50850.0
2024-10-31 14:26:00,100.325,100.34,100.0,100.0499,76979.0
2024-10-31 14:28:00,100.05,100.175,99.96,99.96,72556.0
2024-10-31 14:30:00,99.95,100.17,99.85,100.045,121449.0
2024-10-31 14:32:00,100.03,100.1542,99.78,99.8024,91876.0
2024-10-31 14:34:00,99.82,99.85,99.65,99.6999,115353.0
2024-10-31 14:36:00,99.68,99.785,99.66,99.67,77613.0
2024-10-31 14:38:00,99.6757,99.801,99.58,99.79,79958.0
2024-10-31 14:40:00,99.8,99.855,99.68,99.72,121995.0
2024-10-31 14:42:00,99.71,99.72,99.47,99.5295,134090.0
2024-10-31 14:44:00,99.52,99.69,99.42,99.67,159805.0
2024-10-31 14:46:00,99.68,99.8146,99.55,99.5558,67629.0
2024-10-31 14:48:00,99.55,99.67,99.46,99.565,68578.0
2024-10-31 14:50:00,99.56,99.59,99.43,99.495,74248.0
2024-10-31 14:52:00,99.49,99.61,99.415,99.4705,60825.0
2024-10-31 14:54:00,99.47,99.63,99.47,99.62,79995.0
2024-10-31 14:56:00,99.56,99.67,99.55,99.62,41839.0
2024-10-31 14:58:00,99.62,99.65,99.45,99.47,73161.0
2024-10-31 15:00:00,99.46,99.75,99.42,99.52,87824.0
2024-10-31 15:02:00,99.51,99.725,99.41,99.62,130464.0
2024-10-31 15:04:00,99.64,99.7182,99.55,99.65,66787.0
2024-10-31 15:06:00,99.645,99.93,99.6,99.86,82861.0
2024-10-31 15:08:00,99.865,100.0,99.82,99.89,61561.0
2024-10-31 15:10:00,99.905,99.905,99.67,99.67,40664.0
2024-10-31 15:12:00,99.75,99.815232,99.68,99.765,49380.0
2024-10-31 15:14:00,99.7717,99.84,99.61,99.645,52429.0
2024-10-31 15:16:00,99.62,99.67,99.56,99.6468,41816.0
2024-10-31 15:18:00,99.65,99.85,99.63,99.66,58267.0
2024-10-31 15:20:00,99.66,99.87,99.58,99.87,64052.0
2024-10-31 15:22:00,99.835,99.98,99.82,99.95,54675.0
2024-10-31 15:24:00,99.95,99.99,99.79,99.935,65405.0
2024-10-31 15:26:00,99.935,100.0598,99.84,99.91,60720.0
2024-10-31 15:28:00,99.91,99.93,99.75,99.78,43538.0
2024-10-31 15:30:00,99.76,99.79,99.52,99.52,90889.0
2024-10-31 15:32:00,99.53,99.61,99.5,99.53,71429.0
2024-10-31 15:34:00,99.57,99.57,99.43,99.4468,104880.0
2024-10-31 15:36:00,99.44,99.5199,99.41,99.5,52344.0
2024-10-31 15:38:00,99.48,99.4985,99.39,99.4,38001.0
2024-10-31 15:40:00,99.4,99.45,99.31,99.32,65275.0
2024-10-31 15:42:00,99.345,99.36,99.22,99.345,62033.0
2024-10-31 15:44:00,99.36,99.5,99.34,99.5,56827.0
2024-10-31 15:46:00,99.507694,99.62,99.5,99.55,68352.0
2024-10-31 15:48:00,99.555,99.5997,99.43,99.48,40118.0
2024-10-31 15:50:00,99.485,99.55,99.3601,99.37,35315.0
2024-10-31 15:52:00,99.36,99.4,99.25,99.28,72733.0
2024-10-31 15:54:00,99.2899,99.32,99.159,99.18,125289.0
2024-10-31 15:56:00,99.2,99.42,99.2,99.38,55056.0
2024-10-31 15:58:00,99.4,99.56,99.395,99.545,54292.0
2024-10-31 16:00:00,99.545,99.58,99.43,99.48,36510.0
2024-10-31 16:02:00,99.48,99.49,99.38,99.39,47648.0
2024-10-31 16:04:00,99.39,99.6949,99.39,99.54,51561.0
2024-10-31 16:06:00,99.51,99.67,99.48,99.5501,38135.0
2024-10-31 16:08:00,99.56,99.6102,99.495,99.5159,45586.0
2024-10-31 16:10:00,99.49,99.53,99.38,99.515,51477.0
2024-10-31 16:12:00,99.515,99.78,99.515,99.755,47789.0
2024-10-31 16:14:00,99.74,99.8,99.5348,99.6,39205.0
2024-10-31 16:16:00,99.57,99.75,99.55,99.75,63966.0
2024-10-31 16:18:00,99.75,99.86,99.6919,99.78,58006.0
2024-10-31 16:20:00,99.82,99.88,99.72,99.77,63769.0
2024-10-31 16:22:00,99.77,99.87,99.76,99.83,93211.0
2024-10-31 16:24:00,99.8499,99.8499,99.63,99.6301,28748.0
2024-10-31 16:26:00,99.62,99.85,99.6171,99.82,38517.0
2024-10-31 16:28:00,99.85,99.87,99.73,99.85,42720.0
2024-10-31 16:30:00,99.85,99.97,99.8,99.94,77866.0
2024-10-31 16:32:00,99.95,100.13,99.87,100.0844,105500.0
2024-10-31 16:34:00,100.0949,100.18,100.06,100.105,56437.0
2024-10-31 16:36:00,100.11,100.115,99.96,100.0899,38292.0
2024-10-31 16:38:00,100.09,100.1071,99.97,100.025,29358.0
2024-10-31 16:40:00,100.03,100.07,99.81,99.81,62422.0
2024-10-31 16:42:00,99.83,100.01,99.805,100.01,29082.0
2024-10-31 16:44:00,100.0299,100.07,99.9535,100.02,48006.0
2024-10-31 16:46:00,99.98,100.01,99.95,99.964,29131.0
2024-10-31 16:48:00,99.96,100.0,99.9001,99.95,38103.0
2024-10-31 16:50:00,99.94,100.01,99.94,99.99,23460.0
2024-10-31 16:52:00,99.99,100.0,99.825,99.885,24153.0
2024-10-31 16:54:00,99.89,99.98,99.87,99.87,34902.0
2024-10-31 16:56:00,99.855,99.86,99.77,99.82,49480.0
2024-10-31 16:58:00,99.81,99.83,99.77,99.78,19435.0
2024-10-31 17:00:00,99.77,99.82,99.7,99.79,24805.0
2024-10-31 17:02:00,99.78,99.9125,99.7601,99.9,27935.0
2024-10-31 17:04:00,99.87,99.92,99.8001,99.813334,48085.0
2024-10-31 17:06:00,99.81,99.85,99.75,99.79,35889.0
2024-10-31 17:08:00,99.785,99.81,99.77,99.805,49849.0
2024-10-31 17:10:00,99.8,99.88,99.71,99.71,42714.0
2024-10-31 17:12:00,99.71,99.72,99.615,99.615,51718.0
2024-10-31 17:14:00,99.6299,99.67,99.61,99.67,41197.0
2024-10-31 17:16:00,99.67,99.71,99.605,99.6269,26493.0
2024-10-31 17:18:00,99.625,99.69,99.61,99.64,31225.0
2024-10-31 17:20:00,99.64,99.68,99.56,99.58,43422.0
2024-10-31 17:22:00,99.58,99.71,99.57,99.67,52184.0
2024-10-31 17:24:00,99.67,99.69,99.56,99.59,37167.0
2024-10-31 17:26:00,99.59,99.6,99.48,99.52,69237.0
2024-10-31 17:28:00,99.52,99.6,99.5,99.56,36630.0
2024-10-31 17:30:00,99.55,99.59,99.47,99.48,32192.0
2024-10-31 17:32:00,99.495,99.54,99.43,99.53,35764.0
2024-10-31 17:34:00,99.55,99.56,99.4,99.42,53893.0
2024-10-31 17:36:00,99.44,99.44,99.29,99.29,74612.0
2024-10-31 17:38:00,99.3,99.35,99.2497,99.29,61421.0
2024-10-31 17:40:00,99.29,99.35,99.225,99.3,59686.0
2024-10-31 17:42:00,99.315,99.39,99.25,99.2645,43127.0
2024-10-31 17:44:00,99.28,99.3398,99.27,99.28,33952.0
2024-10-31 17:46:00,99.27,99.2895,99.14,99.15,76567.0
2024-10-31 17:48:00,99.14,99.31,99.12,99.29,54520.0
2024-10-31 17:50:00,99.27,99.445,99.22,99.240941,54903.0
2024-10-31 17:52:00,99.23,99.34,99.22,99.28,27671.0
2024-10-31 17:54:00,99.285,99.3,99.15,99.16,29242.0
2024-10-31 17:56:00,99.17,99.18,99.12,99.12,30093.0
2024-10-31 17:58:00,99.125,99.19,99.0707,99.19,43165.0
2024-10-31 18:00:00,99.19,99.22,99.12,99.22,55587.0
2024-10-31 18:02:00,99.21,99.21,99.1,99.14,46326.0
2024-10-31 18:04:00,99.15,99.39,99.14,99.2218,62798.0
2024-10-31 18:06:00,99.21,99.29,99.2,99.26,47339.0
2024-10-31 18:08:00,99.25,99.25,99.16,99.22,40621.0
2024-10-31 18:10:00,99.22,99.42,99.21,99.42,29306.0
2024-10-31 18:12:00,99.43,99.493,99.4,99.47,89444.0
2024-10-31 18:14:00,99.47,99.55,99.47,99.5,67767.0
2024-10-31 18:16:00,99.49,99.5,99.43,99.465,31861.0
2024-10-31 18:18:00,99.46,99.47,99.381,99.424,38678.0
2024-10-31 18:20:00,99.43,99.49,99.315,99.315,30619.0
2024-10-31 18:22:00,99.32,99.37,99.32,99.3448,26785.0
2024-10-31 18:24:00,99.35,99.51,99.3432,99.39,48419.0
2024-10-31 18:26:00,99.375,99.39,99.34,99.39,20694.0
2024-10-31 18:28:00,99.39,99.53,99.39,99.51,49981.0
2024-10-31 18:30:00,99.5,99.55,99.47,99.505,56019.0
2024-10-31 18:32:00,99.505,99.505,99.36,99.41,75472.0
2024-10-31 18:34:00,99.36,99.52,99.31,99.39,46527.0
2024-10-31 18:36:00,99.4,99.45,99.33,99.4299,39989.0
2024-10-31 18:38:00,99.43,99.5399,99.39,99.5,52600.0
2024-10-31 18:40:00,99.4908,99.54,99.42,99.43,42486.0
2024-10-31 18:42:00,99.4432,99.4432,99.3,99.33,54052.0
2024-10-31 18:44:00,99.335,99.52,99.32,99.48,42469.0
2024-10-31 18:46:00,99.4701,99.48,99.33,99.34,28919.0
2024-10-31 18:48:00,99.33,99.3614,99.325,99.33,30264.0
2024-10-31 18:50:00,99.34,99.49,99.34,99.48,45124.0
2024-10-31 18:52:00,99.49,99.57,99.49,99.5,48513.0
2024-10-31 18:54:00,99.5,99.6,99.5,99.6,38711.0
2024-10-31 18:56:00,99.6,99.705,99.55,99.69,63500.0
2024-10-31 18:58:00,99.69,99.79,99.68,99.77,75641.0
2024-10-31 19:00:00,99.78,99.85,99.74,99.79,69464.0
2024-10-31 19:02:00,99.81,99.89,99.76,99.7921,91087.0
2024-10-31 19:04:00,99.8,100.02,99.778,99.98,70902.0
2024-10-31 19:06:00,99.98,100.08,99.94,99.99,71984.0
2024-10-31 19:08:00,99.98,100.02,99.94,99.985,34597.0
2024-10-31 19:10:00,99.9863,99.99,99.81,99.83,54012.0
2024-10-31 19:12:00,99.84,99.9,99.81,99.85,48544.0
2024-10-31 19:14:00,99.85,99.94,99.85,99.87,47089.0
2024-10-31 19:16:00,99.875,99.96,99.845,99.94,51593.0
2024-10-31 19:18:00,99.93,99.96,99.88,99.94,41639.0
2024-10-31 19:20:00,99.94,100.07,99.94,99.97,82764.0
2024-10-31 19:22:00,99.965,100.06,99.92,99.995,44229.0
2024-10-31 19:24:00,100.0,100.04,99.95,100.0008,49600.0
2024-10-31 19:26:00,100.005,100.0494,99.95,100.0,76346.0
2024-10-31 19:28:00,100.0016,100.0016,99.891,99.891,56369.0
2024-10-31 19:30:00,99.9,100.01,99.9,99.995,64033.0
2024-10-31 19:32:00,100.0,100.005,99.82,99.87,90566.0
2024-10-31 19:34:00,99.885,100.01,99.87,99.97,73078.0
2024-10-31 19:36:00,99.97,100.05,99.94,100.0,81557.0
2024-10-31 19:38:00,99.995,100.02,99.92,99.9445,41162.0
2024-10-31 19:40:00,99.94,99.95,99.83,99.91,88502.0
2024-10-31 19:42:00,99.92,100.02,99.86,100.02,60834.0
2024-10-31 19:44:00,100.01,100.115,100.0,100.1,101323.0
2024-10-31 19:46:00,100.09,100.18,100.025,100.17,85315.0
2024-10-31 19:48:00,100.17,100.35,100.15,100.295,119745.0
2024-10-31 19:50:00,100.3,100.42,100.22,100.23,150715.0
2024-10-31 19:52:00,100.235,100.235,100.03,100.06,152244.0
2024-10-31 19:54:00,100.05,100.08,99.67,99.86,339670.0
2024-10-31 19:56:00,99.85,99.89,99.7,99.85,259672.0
2024-10-31 19:58:00,99.85,99.895,99.58,99.62,668012.0
2024-10-31 20:00:00,99.65,99.85,99.65,99.65,184319.0
2024-10-31 20:02:00,99.65,99.9399,99.5,99.9399,7348.0
2024-10-31 20:04:00,99.94,100.08,99.94,99.94,6984.0
2024-10-31 20:06:00,100.0,100.06,99.65,100.0,36271.0
2024-10-31 20:08:00,100.07,100.09,100.0,100.0,17904.0
2024-10-31 20:10:00,100.04,100.05,100.0,100.05,6993.0
2024-10-31 20:12:00,100.05,100.08,100.05,100.08,3146.0
2024-10-31 20:14:00,100.0,100.08,100.0,100.06,1126.0
2024-10-31 20:16:00,100.01,100.13,100.01,100.1114,4326.0
2024-10-31 20:18:00,100.18,100.18,100.08,100.15,3743.0
2024-10-31 20:20:00,100.09,100.1,100.09,100.1,2209.0
2024-10-31 20:22:00,100.1,100.1,100.02,100.08,1400.0
2024-10-31 20:24:00,100.1,100.11,100.09,100.09,1886.0
2024-10-31 20:26:00,100.11,100.16,100.1,100.16,1949.0
2024-10-31 20:28:00,100.12,100.18,100.12,100.18,2905.0
2024-10-31 20:30:00,100.2,100.2,100.11,100.18,4742.0
2024-10-31 20:32:00,100.04,100.04,99.95,99.95,15775.0
2024-10-31 20:34:00,99.74,99.93,99.74,99.88,4819.0
2024-10-31 20:36:00,99.9,99.93,99.86,99.86,5026.0
2024-10-31 20:38:00,99.93,99.93,99.93,99.93,727.0
2024-10-31 20:42:00,100.007,100.007,100.007,100.007,291.0
2024-10-31 20:44:00,99.93,99.94,99.9,99.9,922.0
2024-10-31 20:46:00,99.98,99.98,99.95,99.95,343.0
2024-10-31 20:48:00,99.9,99.98,99.84,99.84,4065.0
2024-10-31 20:50:00,99.93,99.93,99.93,99.93,385.0
2024-10-31 20:52:00,99.98,99.98,99.88,99.88,2315.0
2024-10-31 20:54:00,99.88,99.97,99.88,99.97,2321.0
2024-10-31 20:56:00,99.65,99.65,99.65,99.65,302330.0
2024-10-31 20:58:00,99.94,99.94,99.94,99.94,506.0
2024-10-31 21:00:00,99.98,99.98,99.98,99.98,260.0
2024-10-31 21:04:00,99.98,100.1,99.9001,100.0999,1792.0
2024-10-31 21:08:00,100.0,100.09,100.0,100.09,1080.0
2024-10-31 21:10:00,100.01,100.09,100.01,100.09,1201.0
2024-10-31 21:12:00,100.1,100.1,100.0,100.0,1306.0
2024-10-31 21:16:00,100.1456,100.1456,100.1456,100.1456,249.0
2024-10-31 21:18:00,100.2,100.24,100.15,100.2088,1529.0
2024-10-31 21:20:00,100.2,100.2,100.16,100.16,2011.0
2024-10-31 21:22:00,100.12,100.12,100.1,100.1,1880.0
2024-10-31 21:24:00,100.1998,100.2,100.1,100.1001,4874.0
2024-10-31 21:26:00,100.12,100.19,100.1,100.11,7990.0
2024-10-31 21:28:00,100.11,100.11,100.1005,100.1005,305.0
2024-10-31 21:30:00,100.25,100.48,100.25,100.45,4176.0
2024-10-31 21:32:00,100.3,100.3,100.1,100.1,527.0
2024-10-31 21:40:00,100.2,100.2,100.2,100.2,2001.0
2024-10-31 21:44:00,100.25,100.45,100.25,100.45,1265.0
2024-10-31 21:48:00,100.4595,100.4595,100.4595,100.4595,185.0
2024-10-31 21:50:00,100.46,100.47,100.46,100.47,1640.0
2024-10-31 21:52:00,100.47,100.47,100.25,100.25,735.0
2024-10-31 21:54:00,100.19,100.19,100.1808,100.19,1394.0
2024-10-31 21:58:00,100.173,100.173,100.173,100.173,581.0
2024-10-31 22:00:00,100.4435,100.4435,100.2,100.25,2128.0
2024-10-31 22:02:00,100.25,100.4237,100.25,100.352,2871.0
2024-10-31 22:04:00,100.3,100.3,100.25,100.25,1234.0
2024-10-31 22:06:00,100.3277,100.3277,100.3277,100.3277,500.0
2024-10-31 22:08:00,100.22,100.22,100.22,100.22,286.0
2024-10-31 22:12:00,100.2895,100.2895,100.2895,100.2895,122.0
2024-10-31 22:14:00,100.2977,100.2977,100.2977,100.2977,130.0
2024-10-31 22:16:00,100.22,100.22,100.22,100.22,331.0
2024-10-31 22:18:00,100.22,100.31,100.22,100.31,822.0
2024-10-31 22:20:00,100.31,100.31,100.2,100.2,2100.0
2024-10-31 22:24:00,100.3092,100.3092,100.3092,100.3092,166.0
2024-10-31 22:26:00,100.22,100.22,100.22,100.22,1012.0
2024-10-31 22:28:00,100.22,100.22,100.22,100.22,143.0
2024-10-31 22:30:00,100.3,100.3,100.3,100.3,101.0
2024-10-31 22:36:00,100.2998,100.3,100.2998,100.3,1205.0
2024-10-31 22:38:00,100.3,100.3,100.3,100.3,1051.0
2024-10-31 22:40:00,100.3,100.36,100.3,100.36,1500.0
2024-10-31 22:42:00,100.3599,100.372,100.3599,100.372,742.0
2024-10-31 22:44:00,100.35,100.35,100.35,100.35,484.0
2024-10-31 22:48:00,100.38,100.38,100.25,100.25,235.0
2024-10-31 22:50:00,100.3768,100.3795,100.25,100.25,1222.0
2024-10-31 22:52:00,100.32,100.32,100.32,100.32,186.0
2024-10-31 22:54:00,100.25,100.25,100.25,100.25,108.0
2024-10-31 23:00:00,100.34,100.34,100.34,100.34,1000.0
2024-10-31 23:02:00,100.32,100.32,100.32,100.32,261.0
2024-10-31 23:04:00,100.26,100.26,100.22,100.22,1250.0
2024-10-31 23:06:00,100.25,100.25,100.25,100.25,142.0
2024-10-31 23:12:00,100.25,100.2501,100.25,100.25,1420.0
2024-10-31 23:18:00,100.3,100.3,100.3,100.3,1019.0
2024-10-31 23:22:00,100.3,100.3,100.3,100.3,335.0
2024-10-31 23:24:00,100.34,100.37,100.3,100.3,785.0
2024-10-31 23:26:00,100.3792,100.3792,100.379,100.379,2078.0
2024-10-31 23:28:00,100.25,100.25,100.25,100.25,116.0
2024-10-31 23:30:00,100.3114,100.3736,100.3114,100.3736,313.0
2024-10-31 23:36:00,100.25,100.25,100.25,100.25,156.0
2024-10-31 23:42:00,100.36,100.37,100.36,100.37,1036.0
2024-10-31 23:44:00,100.4,100.4,100.4,100.4,179.0
2024-10-31 23:46:00,100.4,100.4,100.4,100.4,315.0
2024-10-31 23:50:00,100.35,100.35,100.35,100.35,101.0
2024-10-31 23:52:00,100.3,100.3,100.2502,100.2502,1626.0
2024-10-31 23:54:00,100.27,100.3,100.25,100.3,1252.0
2024-10-31 23:56:00,100.25,100.44,100.25,100.44,735.0
2024-10-31 23:58:00,100.258,100.33,100.24,100.24,3138.0
2024-11-01 08:00:00,101.2,101.42,101.2,101.42,509.0
2024-11-01 08:02:00,100.11,100.11,100.11,100.11,521.0
2024-11-01 08:16:00,100.23,100.23,100.23,100.23,440.0
2024-11-01 08:42:00,100.29,100.29,100.29,100.29,233.0
2024-11-01 08:44:00,100.29,100.29,100.29,100.29,279.0
2024-11-01 08:46:00,100.31,100.31,100.3,100.3,510.0
2024-11-01 08:54:00,100.26,100.35,100.25,100.34,6948.0
2024-11-01 08:56:00,100.36,100.46,100.36,100.42,3103.0
2024-11-01 08:58:00,100.46,100.46,100.46,100.46,425.0
2024-11-01 09:06:00,100.44,100.45,100.44,100.44,1096.0
2024-11-01 09:08:00,100.49,100.5,100.49,100.5,540.0
2024-11-01 09:10:00,100.5,100.5,100.5,100.5,261.0
2024-11-01 09:14:00,100.54,100.54,100.54,100.54,429.0
2024-11-01 09:16:00,100.55,100.58,100.55,100.58,577.0
2024-11-01 09:20:00,100.6,100.6,100.59,100.59,397.0
2024-11-01 09:22:00,100.59,100.59,100.59,100.59,147.0
2024-11-01 09:26:00,100.62,100.62,100.61,100.61,682.0
2024-11-01 09:28:00,100.59,100.72,100.59,100.69,2464.0
2024-11-01 09:32:00,100.6,100.6,100.6,100.6,544.0
2024-11-01 09:38:00,100.55,100.55,100.5,100.5,529.0
2024-11-01 09:42:00,100.47,100.47,100.46,100.46,340.0
2024-11-01 09:54:00,100.43,100.43,100.43,100.43,265.0
2024-11-01 09:56:00,100.62,100.62,100.62,100.62,255.0
2024-11-01 10:04:00,100.46,100.51,100.46,100.51,942.0
2024-11-01 10:12:00,100.44,100.44,100.44,100.44,184.0
2024-11-01 10:16:00,100.56,100.56,100.56,100.56,108.0
2024-11-01 10:32:00,100.51,100.57,100.51,100.57,1809.0
2024-11-01 10:34:00,100.49,100.49,100.49,100.49,233.0
2024-11-01 10:48:00,100.48,100.48,100.48,100.48,194.0
2024-11-01 10:50:00,100.6,100.6,100.6,100.6,200.0
2024-11-01 10:52:00,100.56,100.6,100.56,100.6,2042.0
2024-11-01 10:54:00,100.58,100.58,100.58,100.58,323.0
2024-11-01 11:00:00,100.5,100.5,100.36,100.36,7971.0
2024-11-01 11:02:00,100.38,100.42,100.38,100.38,945.0
2024-11-01 11:06:00,100.35,100.35,100.31,100.31,547.0
2024-11-01 11:08:00,100.27,100.27,99.89,100.04,38663.0
2024-11-01 11:10:00,100.04,100.27,100.04,100.22,8501.0
2024-11-01 11:12:00,100.22,100.35,100.2,100.35,5240.0
2024-11-01 11:14:00,100.23,100.23,100.23,100.23,391.0
2024-11-01 11:16:00,100.25,100.25,100.25,100.25,372.0
2024-11-01 11:18:00,100.31,100.31,100.29,100.31,751.0
2024-11-01 11:20:00,100.37,100.37,100.37,100.37,280.0
2024-11-01 11:22:00,100.36,100.36,100.35,100.35,652.0
2024-11-01 11:24:00,100.26,100.26,100.25,100.25,267.0
2024-11-01 11:26:00,100.3,100.3,100.3,100.3,2167.0
2024-11-01 11:28:00,100.33,100.33,100.33,100.33,270.0
2024-11-01 11:32:00,100.38,100.38,100.36,100.36,1890.0
2024-11-01 11:34:00,100.37,100.37,100.37,100.37,480.0
2024-11-01 11:38:00,100.34,100.35,100.34,100.35,451.0
2024-11-01 11:40:00,100.37,100.37,100.37,100.37,250.0
2024-11-01 11:44:00,100.38,100.39,100.28,100.39,3562.0
2024-11-01 11:48:00,100.28,100.3,100.21,100.21,2327.0
2024-11-01 11:52:00,100.31,100.31,100.31,100.31,466.0
2024-11-01 11:56:00,100.36,100.37,100.34,100.37,780.0
2024-11-01 12:00:00,100.39,100.5,100.0,100.5,35786.0
2024-11-01 12:02:00,100.6173,100.6173,100.6173,100.6173,229.0
2024-11-01 12:04:00,100.45,100.5,100.3054,100.3054,1553.0
2024-11-01 12:06:00,100.3057,100.3057,100.3,100.3047,567.0
2024-11-01 12:08:00,100.41,100.41,100.41,100.41,243.0
2024-11-01 12:10:00,100.41,100.41,100.41,100.41,504.0
2024-11-01 12:12:00,100.49,100.55,100.4601,100.4601,797.0
2024-11-01 12:14:00,100.41,100.41,100.41,100.41,222.0
2024-11-01 12:16:00,100.54,100.55,100.5,100.5,1136.0
2024-11-01 12:18:00,100.57,100.6,100.57,100.6,4097.0
2024-11-01 12:20:00,100.6,100.72,100.6,100.66,1812.0
2024-11-01 12:24:00,100.58,100.58,100.58,100.58,606.0
2024-11-01 12:26:00,100.5,100.53,100.48,100.48,3037.0
2024-11-01 12:28:00,100.5819,100.5819,100.5819,100.5819,234.0
2024-11-01 12:30:00,100.2,100.2,100.2,100.2,398.0
2024-11-01 12:32:00,100.53,100.59,100.49,100.49,3836.0
2024-11-01 12:34:00,100.51,100.689,100.51,100.6,1494.0
2024-11-01 12:36:00,100.57,100.67,100.5,100.5,1194.0
2024-11-01 12:38:00,100.5,100.5,100.45,100.45,2872.0
2024-11-01 12:40:00,100.3625,100.6899,100.3625,100.6899,2468.0
2024-11-01 12:42:00,100.5,100.59,100.5,100.59,3345.0
2024-11-01 12:44:00,100.3812,100.6,100.3812,100.6,2911.0
2024-11-01 12:46:00,100.59,100.61,100.5,100.5,9894.0
2024-11-01 12:48:00,100.595,100.61,100.4,100.4,3805.0
2024-11-01 12:50:00,100.47,100.639,100.46,100.639,1277.0
2024-11-01 12:52:00,100.5001,100.57,100.5001,100.57,2892.0
2024-11-01 12:54:00,100.42,100.46,100.42,100.46,954.0
2024-11-01 12:56:00,100.45,100.5,100.41,100.42,1500.0
2024-11-01 12:58:00,100.41,100.41,100.41,100.41,1038.0
2024-11-01 13:00:00,100.42,100.44,100.4,100.4,1258.0
2024-11-01 13:02:00,100.42,100.48,100.38,100.48,2501.0
2024-11-01 13:04:00,100.38,100.38,100.23,100.2323,2481.0
2024-11-01 13:06:00,100.24,100.2403,100.23,100.2403,2357.0
2024-11-01 13:08:00,100.33,100.37,100.33,100.37,726.0
2024-11-01 13:10:00,100.35,100.4,100.27,100.4,197458.0
2024-11-01 13:12:00,100.3,100.32,100.3,100.3,1117.0
2024-11-01 13:14:00,100.32,100.32,100.3,100.32,3075.0
2024-11-01 13:16:00,100.34,100.34,100.32,100.3203,3333.0
2024-11-01 13:18:00,100.3259,100.38,100.3259,100.38,1665.0
2024-11-01 13:20:00,100.43,100.45,100.4,100.4,3034.0
2024-11-01 13:22:00,100.32,100.46,100.3,100.46,6528.0
2024-11-01 13:24:00,100.31,100.32,100.2301,100.2301,2770.0
2024-11-01 13:26:00,100.29,100.454,99.84,100.1,12770.0
2024-11-01 13:28:00,100.24,100.402,100.0,100.0,6382.0
2024-11-01 13:30:00,100.0,100.24,99.69,99.755,288433.0
2024-11-01 13:32:00,99.71,100.45,99.65,100.22,157558.0
2024-11-01 13:34:00,100.22,100.22,99.71,99.73,132824.0
2024-11-01 13:36:00,99.71,100.05,99.65,99.95,95441.0
2024-11-01 13:38:00,99.96,100.1718,99.9,100.09,163560.0
2024-11-01 13:40:00,100.1,100.48,100.09,100.31,133033.0
2024-11-01 13:42:00,100.3465,100.55,100.295,100.455,99257.0
2024-11-01 13:44:00,100.47,100.48,100.08,100.28,136503.0
2024-11-01 13:46:00,100.28,100.3725,100.0343,100.3725,63551.0
2024-11-01 13:48:00,100.37,100.45,100.28,100.3897,105360.0
2024-11-01 13:50:00,100.36,100.36,100.1484,100.17,85827.0
2024-11-01 13:52:00,100.18,100.31,99.91,99.92,99676.0
2024-11-01 13:54:00,99.92,100.18,99.86,100.15,71648.0
2024-11-01 13:56:00,100.14,100.19,100.01,100.08,65721.0
2024-11-01 13:58:00,100.1,100.3,100.1,100.2,41489.0
2024-11-01 14:00:00,100.21,100.32,100.01,100.06,59473.0
2024-11-01 14:02:00,100.055,100.1899,99.66,99.715,103518.0
2024-11-01 14:04:00,99.7,99.74,99.48,99.65,146973.0
2024-11-01 14:06:00,99.655,100.12,99.52,100.12,107327.0
2024-11-01 14:08:00,100.1236,100.33,100.065,100.22,81512.0
2024-11-01 14:10:00,100.25,100.44,100.215,100.44,108067.0
2024-11-01 14:12:00,100.45,100.56,100.33,100.33,164744.0
2024-11-01 14:14:00,100.34,100.4949,100.28,100.43,65164.0
2024-11-01 14:16:00,100.4263,100.48,100.23,100.315,88789.0
2024-11-01 14:18:00,100.3,100.41,100.23,100.23,55356.0
2024-11-01 14:20:00,100.235,100.31,100.1301,100.2303,63345.0
2024-11-01 14:22:00,100.255,100.43,100.11,100.1378,71775.0
2024-11-01 14:24:00,100.16,100.33,100.1,100.17,39064.0
2024-11-01 14:26:00,100.13,100.27,100.1287,100.18,34398.0
2024-11-01 14:28:00,100.17,100.48,100.11,100.4077,43501.0
2024-11-01 14:30:00,100.42,100.48,100.2,100.21,100411.0
2024-11-01 14:32:00,100.2,100.37,100.2,100.25,173455.0
2024-11-01 14:34:00,100.2891,100.435,100.2891,100.4274,56330.0
2024-11-01 14:36:00,100.435,100.48,100.18,100.22,60432.0
2024-11-01 14:38:00,100.2145,100.34,100.13,100.21,33499.0
2024-11-01 14:40:00,100.24,100.29,100.03,100.145,42882.0
2024-11-01 14:42:00,100.1473,100.18,99.97,100.0514,75848.0
2024-11-01 14:44:00,100.0502,100.16,100.015,100.09,35755.0
2024-11-01 14:46:00,100.09,100.1,99.82,99.98,87509.0
2024-11-01 14:48:00,99.98,100.14,99.95,100.06,43993.0
2024-11-01 14:50:00,100.06,100.06,99.85,99.9,49975.0
2024-11-01 14:52:00,99.875,99.98,99.84,99.94,38168.0
2024-11-01 14:54:00,99.93,99.98,99.9,99.97,42288.0
2024-11-01 14:56:00,99.965,100.02,99.86,100.0071,47914.0
2024-11-01 14:58:00,100.02,100.18,100.02,100.17,37116.0
2024-11-01 15:00:00,100.16,100.16,100.03,100.09,38518.0
2024-11-01 15:02:00,100.07,100.18,100.02,100.17,66998.0
2024-11-01 15:04:00,100.18,100.21,100.05,100.11,35069.0
2024-11-01 15:06:00,100.09,100.16,99.9201,99.93,38387.0
2024-11-01 15:08:00,99.93,99.9599,99.87,99.92,39433.0
2024-11-01 15:10:00,99.95,100.02,99.9,100.0,87663.0
2024-11-01 15:12:00,100.02,100.13,100.01,100.11,43297.0
2024-11-01 15:14:00,100.12,100.38,100.12,100.313,84715.0
2024-11-01 15:16:00,100.32,100.5,100.28,100.37,98790.0
2024-11-01 15:18:00,100.36,100.44,100.29,100.4,66278.0
2024-11-01 15:20:00,100.4,100.42,100.08,100.105,55948.0
2024-11-01 15:22:00,100.1276,100.2649,100.1276,100.2649,21027.0
2024-11-01 15:24:00,100.26,100.268081,100.181,100.195,29978.0
2024-11-01 15:26:00,100.189527,100.2725,100.12,100.2725,31043.0
2024-11-01 15:28:00,100.29,100.34,100.28,100.315,19255.0
2024-11-01 15:30:00,100.32,100.37,100.21,100.24,20727.0
2024-11-01 15:32:00,100.26,100.36,100.1656,100.28,27653.0
2024-11-01 15:34:00,100.285,100.29,100.17,100.22,19083.0
2024-11-01 15:36:00,100.19,100.24,100.12,100.205,33167.0
2024-11-01 15:38:00,100.18,100.24,100.06,100.21,21760.0
2024-11-01 15:40:00,100.205,100.205,100.03,100.09,35672.0
2024-11-01 15:42:00,100.1,100.1169,99.95,99.9829,54849.0
2024-11-01 15:44:00,99.99,100.055,99.94,100.04,25571.0
2024-11-01 15:46:00,100.04,100.22,100.025,100.1909,42333.0
2024-11-01 15:48:00,100.2,100.29,100.12,100.12,33055.0
2024-11-01 15:50:00,100.12,100.19,100.06,100.09,36916.0
2024-11-01 15:52:00,100.08,100.17,100.045,100.15,17406.0
2024-11-01 15:54:00,100.19,100.29,100.19,100.24,26258.0
2024-11-01 15:56:00,100.25,100.32,100.22,100.2643,19134.0
2024-11-01 15:58:00,100.27,100.32,100.25,100.3,25395.0
2024-11-01 16:00:00,100.29,100.36,100.25,100.34,41964.0
2024-11-01 16:02:00,100.3399,100.4,100.3001,100.36,49165.0
2024-11-01 16:04:00,100.36,100.36,100.265,100.265,41814.0
2024-11-01 16:06:00,100.27,100.33,100.27,100.32,33159.0
2024-11-01 16:08:00,100.33,100.4,100.27,100.3703,32928.0
2024-11-01 16:10:00,100.39,100.4,100.305,100.36,69778.0
2024-11-01 16:12:00,100.35,100.41,100.32,100.41,37078.0
2024-11-01 16:14:00,100.41,100.5725,100.41,100.46,75389.0
2024-11-01 16:16:00,100.44,100.57,100.41,100.57,38642.0
2024-11-01 16:18:00,100.53,100.61,100.46,100.6,71130.0
2024-11-01 16:20:00,100.6,100.6,100.38,100.41,57420.0
2024-11-01 16:22:00,100.4,100.57,100.38,100.55,62857.0
2024-11-01 16:24:00,100.545,100.57,100.41,100.43,35700.0
2024-11-01 16:26:00,100.45,100.49,100.4,100.45,24385.0
2024-11-01 16:28:00,100.44,100.51,100.41,100.4201,26604.0
2024-11-01 16:30:00,100.43,100.49,100.31,100.48,73121.0
2024-11-01 16:32:00,100.48,100.51,100.44,100.49,37425.0
2024-11-01 16:34:00,100.49,100.55,100.49,100.5,24603.0
2024-11-01 16:36:00,100.505,100.53,100.38,100.45,30144.0
2024-11-01 16:38:00,100.44,100.45,100.39,100.44,32636.0
2024-11-01 16:40:00,100.43,100.45,100.2811,100.29,39943.0
2024-11-01 16:42:00,100.3,100.3,100.01,100.05,30448.0
2024-11-01 16:44:00,100.05,100.15,100.03,100.13,25241.0
2024-11-01 16:46:00,100.15,100.195,100.04,100.06,26772.0
2024-11-01 16:48:00,100.08,100.16,100.08,100.13,15467.0
2024-11-01 16:50:00,100.12,100.16,100.08,100.1305,15644.0
2024-11-01 16:52:00,100.11,100.2,100.11,100.13,32530.0
2024-11-01 16:54:00,100.12,100.17,100.09,100.17,17137.0
2024-11-01 16:56:00,100.16,100.18,100.02,100.08,30970.0
2024-11-01 16:58:00,100.06,100.15,100.043,100.13,25202.0
2024-11-01 17:00:00,100.1326,100.19,100.06,100.09,17086.0
2024-11-01 17:02:00,100.08,100.14,100.065,100.14,15373.0
2024-11-01 17:04:00,100.135,100.1602,100.09,100.09,27662.0
2024-11-01 17:06:00,100.04,100.042734,99.96,99.98,32924.0
2024-11-01 17:08:00,99.97,99.98,99.83,99.9099,32229.0
2024-11-01 17:10:00,99.9107,99.97,99.84,99.97,19051.0
2024-11-01 17:12:00,99.975,100.05,99.95,100.02,30564.0
2024-11-01 17:14:00,100.02,100.05,99.95,100.005,40650.0
2024-11-01 17:16:00,99.99,100.06,99.99,100.02,22679.0
2024-11-01 17:18:00,100.0,100.02,99.9614,100.01,22137.0
2024-11-01 17:20:00,100.03,100.15,100.03,100.0962,33650.0
2024-11-01 17:22:00,100.09,100.24,100.09,100.24,41031.0
2024-11-01 17:24:00,100.22,100.26,100.14,100.14,42032.0
2024-11-01 17:26:00,100.13,100.2099,100.1,100.19,25472.0
2024-11-01 17:28:00,100.18,100.24,100.17,100.18,13399.0
2024-11-01 17:30:00,100.19,100.2,100.03,100.0585,20229.0
2024-11-01 17:32:00,100.04,100.06,99.8604,99.9381,58188.0
2024-11-01 17:34:00,99.92,99.95,99.8,99.82,40098.0
2024-11-01 17:36:00,99.81,99.83,99.75,99.81,56350.0
2024-11-01 17:38:00,99.8,100.0,99.79,99.8,38642.0
2024-11-01 17:40:00,99.79,99.8,99.7094,99.785,51705.0
2024-11-01 17:42:00,99.78,99.79,99.679314,99.77,58838.0
2024-11-01 17:44:00,99.7757,99.8199,99.7175,99.8199,45980.0
2024-11-01 17:46:00,99.81,99.87,99.81,99.83,41403.0
2024-11-01 17:48:00,99.82,99.91,99.8,99.8999,21853.0
2024-11-01 17:50:00,99.9,100.06,99.89,100.05,73083.0
2024-11-01 17:52:00,100.035,100.151,100.02,100.04,42467.0
2024-11-01 17:54:00,100.0497,100.1,99.92,99.92,17948.0
2024-11-01 17:56:00,99.91,99.9275,99.8,99.84,25598.0
2024-11-01 17:58:00,99.81,99.8176,99.725,99.73,30329.0
2024-11-01 18:00:00,99.72,99.82,99.6701,99.75,40575.0
2024-11-01 18:02:00,99.755,99.82,99.72,99.77,18147.0
2024-11-01 18:04:00,99.8,99.87,99.78,99.85,34682.0
2024-11-01 18:06:00,99.84,99.86,99.69,99.6997,26417.0
2024-11-01 18:08:00,99.68,99.69,99.5499,99.64,68795.0
2024-11-01 18:10:00,99.63,99.69,99.59,99.6499,33285.0
2024-11-01 18:12:00,99.6499,99.72,99.64,99.72,20101.0
2024-11-01 18:14:00,99.715,99.7584,99.705,99.74,23298.0
2024-11-01 18:16:00,99.74,99.76,99.62,99.71,44155.0
2024-11-01 18:18:00,99.7005,99.7999,99.66,99.6711,62201.0
2024-11-01 18:20:00,99.67,99.67,99.54,99.66,50287.0
2024-11-01 18:22:00,99.6401,99.715,99.62,99.71,36042.0
2024-11-01 18:24:00,99.7585,99.84,99.72,99.8,22862.0
2024-11-01 18:26:00,99.7839,99.88,99.7801,99.8124,22216.0
2024-11-01 18:28:00,99.8,99.83,99.77,99.78,19574.0
2024-11-01 18:30:00,99.755,99.79,99.65,99.7,34008.0
2024-11-01 18:32:00,99.68,99.78,99.68,99.75,26290.0
2024-11-01 18:34:00,99.76,99.83,99.71,99.76,23304.0
2024-11-01 18:36:00,99.76,99.79,99.74,99.79,13614.0
2024-11-01 18:38:00,99.7737,99.85,99.75,99.84,27105.0
2024-11-01 18:40:00,99.835,99.85,99.68,99.73,15341.0
2024-11-01 18:42:00,99.72,99.75,99.67,99.7,34220.0
2024-11-01 18:44:00,99.68,99.92,99.68,99.86,31107.0
2024-11-01 18:46:00,99.88,99.88,99.785,99.82,23891.0
2024-11-01 18:48:00,99.83,99.83,99.71,99.76,22331.0
2024-11-01 18:50:00,99.78,99.86,99.75,99.84,22466.0
2024-11-01 18:52:00,99.84,99.87,99.82,99.84,17932.0
2024-11-01 18:54:00,99.85,99.85,99.7519,99.7519,24349.0
2024-11-01 18:56:00,99.755,99.8,99.69,99.77,25644.0
2024-11-01 18:58:00,99.76,99.82,99.74,99.8,21157.0
2024-11-01 19:00:00,99.785,99.81,99.655,99.7,17989.0
2024-11-01 19:02:00,99.7,99.71,99.64,99.64,21119.0
2024-11-01 19:04:00,99.65,99.73,99.65,99.69,26431.0
2024-11-01 19:06:00,99.71,99.84,99.7,99.81,22606.0
2024-11-01 19:08:00,99.82,99.97,99.8,99.9299,37521.0
2024-11-01 19:10:00,99.925,99.99,99.925,99.94,66732.0
2024-11-01 19:12:00,99.95,100.05,99.95,99.99,61499.0
2024-11-01 19:14:00,99.9875,100.02,99.86,99.86,45309.0
2024-11-01 19:16:00,99.86,99.96,99.83,99.9446,69896.0
2024-11-01 19:18:00,99.96,100.0208,99.93,100.0208,55776.0
2024-11-01 19:20:00,100.02,100.03,99.85,99.86,53978.0
2024-11-01 19:22:00,99.85,99.91,99.845,99.845,41897.0
2024-11-01 19:24:00,99.84,99.91,99.81,99.83,36850.0
2024-11-01 19:26:00,99.83,99.9399,99.83,99.84,39512.0
2024-11-01 19:28:00,99.85,99.85,99.73,99.7301,46325.0
2024-11-01 19:30:00,99.735,99.77,99.68,99.7301,51705.0
2024-11-01 19:32:00,99.735,99.84,99.71,99.78,41590.0
2024-11-01 19:34:00,99.77,99.79,99.7046,99.715,51224.0
2024-11-01 19:36:00,99.715,99.78,99.67,99.73,41854.0
2024-11-01 19:38:00,99.74,99.84,99.7,99.84,41598.0
2024-11-01 19:40:00,99.835,99.86,99.77,99.82,43569.0
2024-11-01 19:42:00,99.8,99.94,99.8,99.85,63389.0
2024-11-01 19:44:00,99.855,99.86,99.78,99.83,42121.0
2024-11-01 19:46:00,99.84,99.91,99.8,99.82,43146.0
2024-11-01 19:48:00,99.81,99.81,99.68,99.6886,61936.0
2024-11-01 19:50:00,99.68,99.68,99.38,99.38,198994.0
2024-11-01 19:52:00,99.37,99.565,99.37,99.49,171789.0
2024-11-01 19:54:00,99.49,99.7099,99.48,99.645,238293.0
2024-11-01 19:56:00,99.645,99.6668,99.52,99.65,242917.0
2024-11-01 19:58:00,99.6499,99.78,99.59,99.73,494234.0
2024-11-01 20:00:00,99.73,99.74,99.58,99.74,135784.0
2024-11-01 20:02:00,99.7401,99.8105,99.7401,99.7801,1226.0
2024-11-01 20:04:00,99.73,99.8923,99.73,99.8923,9385.0
2024-11-01 20:06:00,99.7801,99.79,99.73,99.79,7702.0
2024-11-01 20:08:00,99.7601,99.84,99.76,99.76,1087.0
2024-11-01 20:10:00,99.82,99.89,99.82,99.88,3259.0
2024-11-01 20:12:00,99.88,99.88,99.85,99.85,803.0
2024-11-01 20:14:00,99.73,99.85,99.73,99.76,8467.0
2024-11-01 20:28:00,99.8,99.835,99.77,99.77,959.0
2024-11-01 20:32:00,99.8111,99.8111,99.8111,99.8111,348.0
2024-11-01 20:36:00,99.83,99.83,99.83,99.83,250.0
2024-11-01 20:38:00,99.81,99.81,99.8,99.8,980.0
2024-11-01 20:42:00,99.78,99.7801,99.77,99.7701,2164.0
2024-11-01 20:44:00,99.75,99.75,99.75,99.75,326.0
2024-11-01 20:46:00,99.75,99.75,99.73,99.73,26004.0
2024-11-01 20:48:00,99.75,99.75,99.75,99.75,272.0
2024-11-01 20:54:00,99.75,99.75,99.75,99.75,1430.0
2024-11-01 20:56:00,99.75,99.8,99.75,99.8,1338.0
2024-11-01 21:02:00,99.7401,99.7401,99.74,99.74,725.0
2024-11-01 21:06:00,99.74,99.8,99.74,99.8,1225.0
2024-11-01 21:12:00,99.76,99.76,99.76,99.76,190.0
2024-11-01 21:16:00,99.84,99.84,99.73,99.78,28547.0
2024-11-01 21:20:00,99.87,99.87,99.87,99.87,312.0
2024-11-01 21:24:00,99.82,99.82,99.82,99.82,722.0
2024-11-01 21:26:00,99.83,99.85,99.83,99.85,903.0
2024-11-01 21:32:00,99.84,99.84,99.73,99.73,31666.0
2024-11-01 21:36:00,99.86,99.86,99.86,99.86,519.0
2024-11-01 21:40:00,99.82,99.82,99.82,99.82,234.0
2024-11-01 21:44:00,99.85,99.85,99.84,99.84,232.0
2024-11-01 21:46:00,99.84,99.84,99.82,99.82,1137.0
2024-11-01 22:02:00,99.84,99.92,99.84,99.9,1735.0
2024-11-01 22:04:00,99.92,99.92,99.9,99.9,511.0
2024-11-01 22:06:00,99.9193,99.92,99.9193,99.92,328.0
2024-11-01 22:10:00,99.92,99.92,99.8391,99.8391,644.0
2024-11-01 22:12:00,99.8247,99.8247,99.8247,99.8247,225.0
2024-11-01 22:14:00,99.9,99.92,99.9,99.92,1210.0
2024-11-01 22:16:00,99.92,99.9499,99.92,99.9499,767.0
2024-11-01 22:18:00,99.95,99.95,99.95,99.95,688.0
2024-11-01 22:22:00,99.93,99.95,99.93,99.95,1000.0
2024-11-01 22:24:00,99.95,99.95,99.8306,99.8306,3703.0
2024-11-01 22:30:00,99.88,99.88,99.88,99.88,601.0
2024-11-01 22:32:00,99.95,99.96,99.95,99.96,247.0
2024-11-01 22:34:00,99.91,99.91,99.85,99.85,500.0
2024-11-01 22:42:00,99.85,99.89,99.85,99.89,495.0
2024-11-01 22:46:00,99.91,99.91,99.91,99.91,160.0
2024-11-01 22:50:00,99.91,99.91,99.91,99.91,113.0
2024-11-01 22:58:00,99.91,99.91,99.91,99.91,530.0
2024-11-01 23:00:00,99.91,99.91,99.91,99.91,138.0
2024-11-01 23:04:00,99.9498,99.9498,99.9498,99.9498,195.0
2024-11-01 23:06:00,99.91,99.91,99.91,99.91,102.0
2024-11-01 23:08:00,99.91,99.91,99.91,99.91,225.0
2024-11-01 23:10:00,99.91,99.99,99.91,99.99,1305.0
2024-11-01 23:18:00,99.983,99.99,99.983,99.99,1105.0
2024-11-01 23:20:00,99.91,99.91,99.9,99.9,401.0
2024-11-01 23:30:00,99.9,99.9,99.9,99.9,303.0
2024-11-01 23:32:00,99.95,99.95,99.9,99.9,303.0
2024-11-01 23:34:00,99.9797,99.9797,99.9797,99.9797,103.0
2024-11-01 23:38:00,99.91,99.97,99.91,99.97,2050.0
2024-11-01 23:42:00,99.95,99.95,99.95,99.95,110.0
2024-11-01 23:44:00,99.91,99.91,99.9,99.9,300.0
2024-11-01 23:50:00,99.9499,99.9499,99.9499,99.9499,105.0
2024-11-01 23:52:00,99.9,99.9292,99.9,99.9292,796.0
2024-11-01 23:56:00,99.9001,99.91,99.9001,99.91,1118.0
2024-11-01 23:58:00,99.92,99.95,99.9199,99.95,640.0
2024-11-04 09:00:00,100.5,100.5,99.72,100.5,1830.0
2024-11-04 09:02:00,100.41,100.48,100.3,100.3,7737.0
2024-11-04 09:08:00,100.3,100.6,100.3,100.6,3152.0
2024-11-04 09:14:00,100.43,100.51,100.43,100.51,1073.0
2024-11-04 09:16:00,100.28,100.28,100.28,100.28,626.0
2024-11-04 09:18:00,100.31,100.31,100.3,100.3,778.0
2024-11-04 09:22:00,100.33,100.34,100.31,100.34,563.0
2024-11-04 09:30:00,100.22,100.22,100.22,100.22,531.0
2024-11-04 09:32:00,100.17,100.2,100.17,100.2,210.0
2024-11-04 09:36:00,100.17,100.19,100.17,100.19,808.0
2024-11-04 09:38:00,100.14,100.14,100.14,100.14,399.0
2024-11-04 09:46:00,100.5,100.5,100.5,100.5,243.0
2024-11-04 09:48:00,100.51,100.6,100.51,100.6,1183.0
2024-11-04 09:50:00,100.73,100.8,100.72,100.8,1536.0
2024-11-04 09:52:00,100.61,100.72,100.61,100.65,2768.0
2024-11-04 09:54:00,100.64,100.81,100.63,100.81,806.0
2024-11-04 09:56:00,100.75,100.75,100.75,100.75,253.0
2024-11-04 10:10:00,100.61,100.61,100.61,100.61,168.0
2024-11-04 10:32:00,100.79,100.79,100.79,100.79,450.0
2024-11-04 10:34:00,100.65,100.65,100.61,100.61,236.0
2024-11-04 10:36:00,100.85,100.85,100.85,100.85,205.0
2024-11-04 10:42:00,100.87,100.94,100.86,100.94,1707.0
2024-11-04 10:44:00,100.89,100.9,100.89,100.9,512.0
2024-11-04 10:46:00,100.79,100.79,100.79,100.79,219.0
2024-11-04 10:50:00,100.83,100.84,100.83,100.84,584.0
2024-11-04 10:58:00,100.67,100.67,100.67,100.67,100.0
2024-11-04 11:02:00,100.66,100.66,100.66,100.66,516.0
2024-11-04 11:06:00,100.61,100.61,100.61,100.61,214.0
2024-11-04 11:08:00,100.67,100.67,100.67,100.67,201.0
2024-11-04 11:10:00,100.67,101.0,100.67,100.99,4647.0
2024-11-04 11:12:00,100.94,100.99,100.94,100.98,1000.0
2024-11-04 11:16:00,100.9,100.99,100.9,100.99,1057.0
2024-11-04 11:20:00,100.9,100.9,100.9,100.9,241.0
2024-11-04 11:26:00,100.95,100.95,100.95,100.95,100.0
2024-11-04 11:34:00,100.92,100.92,100.92,100.92,151.0
2024-11-04 11:40:00,101.0,101.25,101.0,101.2,3130.0
2024-11-04 11:42:00,101.14,101.32,101.14,101.32,2100.0
2024-11-04 11:44:00,101.3,101.31,101.3,101.3,704.0
2024-11-04 11:48:00,101.32,101.32,101.32,101.32,104.0
2024-11-04 11:58:00,101.16,101.4,101.16,101.3,3304.0
2024-11-04 12:00:00,101.16,101.2,101.1,101.15,3815.0
2024-11-04 12:02:00,101.15,101.17,101.0,101.0,4720.0
2024-11-04 12:04:00,100.91,100.96,100.77,100.96,886.0
2024-11-04 12:06:00,100.84,100.94,100.8,100.8,892.0
2024-11-04 12:10:00,100.75,100.75,100.75,100.75,511.0
2024-11-04 12:12:00,100.87,100.87,100.87,100.87,329.0
2024-11-04 12:14:00,100.75,100.75,100.7,100.7,681.0
2024-11-04 12:16:00,100.6,100.66,100.6,100.66,786.0
2024-11-04 12:26:00,100.52,100.52,100.51,100.51,1289.0
2024-11-04 12:28:00,100.51,100.51,100.41,100.45,2111.0
2024-11-04 12:36:00,100.39,100.39,100.39,100.39,198.0
2024-11-04 12:42:00,100.2,100.2,100.2,100.2,752.0
2024-11-04 12:44:00,100.25,100.57,100.25,100.55,7769.0
2024-11-04 12:46:00,100.57,100.59,100.57,100.59,1204.0
2024-11-04 12:48:00,100.57,100.57,100.56,100.57,539.0
2024-11-04 12:50:00,100.57,100.57,100.5,100.5,877.0
2024-11-04 12:52:00,100.57,100.57,100.57,100.57,651.0
2024-11-04 12:54:00,100.61,100.61,100.61,100.61,1168.0
2024-11-04 12:56:00,100.74,100.74,100.74,100.74,1082.0
2024-11-04 12:58:00,100.83,100.83,100.83,100.83,701.0
2024-11-04 13:00:00,101.1,101.25,99.91,100.79,29206.0
2024-11-04 13:02:00,100.8,100.81,100.5,100.5,3936.0
2024-11-04 13:04:00,100.6,100.6,100.6,100.6,208.0
2024-11-04 13:06:00,100.52,100.52,100.52,100.52,5006.0
2024-11-04 13:08:00,100.7,100.75,100.5226,100.5226,1114.0
2024-11-04 13:10:00,100.53,100.56,100.53,100.55,1301.0
2024-11-04 13:12:00,100.4762,100.53,100.45,100.45,2635.0
2024-11-04 13:14:00,100.53,100.57,100.46,100.57,1771.0
2024-11-04 13:16:00,100.6,100.64,100.6,100.6,3014.0
2024-11-04 13:18:00,100.6,100.63,100.6,100.63,523.0
2024-11-04 13:20:00,100.74,100.74,100.74,100.74,698.0
2024-11-04 13:22:00,100.71,100.85,100.7,100.85,4998.0
2024-11-04 13:24:00,100.84,100.9,100.84,100.84,4563.0
2024-11-04 13:26:00,100.84,100.84,100.84,100.84,240.0
2024-11-04 13:28:00,100.85,100.85,100.8,100.84,1819.0
2024-11-04 13:30:00,100.85,100.9,100.85,100.9,4136.0
2024-11-04 13:32:00,100.8505,101.0,100.8505,101.0,1460.0
2024-11-04 13:34:00,100.96,100.96,100.96,100.96,330.0
2024-11-04 13:36:00,100.95,100.95,100.76,100.8872,1784.0
2024-11-04 13:40:00,100.75,100.85,100.7,100.85,3382.0
2024-11-04 13:42:00,100.8,100.92,100.7,100.79,7301.0
2024-11-04 13:44:00,100.88,100.9497,100.88,100.94,4372.0
2024-11-04 13:46:00,100.96,100.96,100.95,100.95,970.0
2024-11-04 13:48:00,100.8,100.8,100.8,100.8,645.0
2024-11-04 13:50:00,100.82,100.82,100.8,100.8,1714.0
2024-11-04 13:54:00,100.85,100.85,100.7018,100.7018,2160.0
2024-11-04 13:58:00,100.75,100.75,100.75,100.75,1927.0
2024-11-04 14:00:00,100.75,100.75,100.7,100.75,4293.0
2024-11-04 14:02:00,100.75,100.8762,100.72,100.8762,2926.0
2024-11-04 14:04:00,100.7002,100.8756,100.7002,100.7012,1540.0
2024-11-04 14:06:00,100.75,100.75,100.75,100.75,233.0
2024-11-04 14:08:00,100.71,100.75,100.71,100.75,779.0
2024-11-04 14:10:00,100.75,100.97,100.75,100.97,12466.0
2024-11-04 14:12:00,100.9,101.1,100.76,101.1,8979.0
2024-11-04 14:14:00,101.1,101.15,101.0,101.098,8648.0
2024-11-04 14:16:00,101.08,101.08,100.9,100.9,3013.0
2024-11-04 14:18:00,100.91,101.04,100.91,101.04,7352.0
2024-11-04 14:20:00,101.05,101.05,101.0,101.01,2580.0
2024-11-04 14:22:00,101.18,101.18,101.0,101.12,6216.0
2024-11-04 14:24:00,101.16,101.63,101.11,101.15,16920.0
2024-11-04 14:26:00,101.11,101.57,101.0,101.51,24280.0
2024-11-04 14:28:00,101.48,101.58,101.48,101.5,16939.0
2024-11-04 14:30:00,101.5,101.94,101.0011,101.3,481143.0
2024-11-04 14:32:00,101.38,102.38,101.24,101.87,334265.0
2024-11-04 14:34:00,101.855,102.07,101.5,101.75,239120.0
2024-11-04 14:36:00,101.8,101.86,101.2301,101.5371,124993.0
2024-11-04 14:38:00,101.525,101.8899,101.39,101.5,120910.0
2024-11-04 14:40:00,101.51,102.14,101.39,101.85,200066.0
2024-11-04 14:42:00,101.86,101.88,101.41,101.8739,108013.0
2024-11-04 14:44:00,101.88,102.25,101.82,102.1295,185284.0
2024-11-04 14:46:00,102.145,102.2,101.85,101.92,93267.0
2024-11-04 14:48:00,101.9234,102.0,101.6488,101.94,90046.0
2024-11-04 14:50:00,101.95,101.96,101.27,101.465,61499.0
2024-11-04 14:52:00,101.48,101.66,101.4,101.52,56401.0
2024-11-04 14:54:00,101.525,101.76,101.495,101.555,60881.0
2024-11-04 14:56:00,101.58,101.6,101.33,101.525,57739.0
2024-11-04 14:58:00,101.5238,101.58,101.365,101.515,43023.0
2024-11-04 15:00:00,101.5,101.8,101.405,101.8,56438.0
2024-11-04 15:02:00,101.78,101.83,101.595,101.595,49152.0
2024-11-04 15:04:00,101.6,101.8099,101.58,101.63,48132.0
2024-11-04 15:06:00,101.68,101.79,101.475,101.495,77010.0
2024-11-04 15:08:00,101.5,101.69,101.3901,101.69,60602.0
2024-11-04 15:10:00,101.64,101.71,101.48,101.56,44202.0
2024-11-04 15:12:00,101.55,101.6,101.45,101.54,39936.0
2024-11-04 15:14:00,101.53,101.6699,101.49,101.6699,84966.0
2024-11-04 15:16:00,101.67,101.925,101.67,101.915,58381.0
2024-11-04 15:18:00,101.915,102.42,101.915,102.375,123315.0
2024-11-04 15:20:00,102.375,102.6,102.34,102.5826,110680.0
2024-11-04 15:22:00,102.5885,102.89,102.51,102.88,87874.0
2024-11-04 15:24:00,102.88,103.17,102.85,103.0099,145328.0
2024-11-04 15:26:00,102.98,103.08,102.84,102.84,101541.0
2024-11-04 15:28:00,102.87,103.02,102.76,103.02,75965.0
2024-11-04 15:30:00,103.0241,103.28,102.99,103.135,77409.0
2024-11-04 15:32:00,103.09,103.25,103.04,103.14,57815.0
2024-11-04 15:34:00,103.156,103.381,103.1277,103.355,104919.0
2024-11-04 15:36:00,103.35,103.62,103.32,103.56,144071.0
2024-11-04 15:38:00,103.56,103.56,103.11,103.12,161214.0
2024-11-04 15:40:00,103.12,103.2716,103.04,103.2099,102324.0
2024-11-04 15:42:00,103.19,103.355,103.03,103.35,55817.0
2024-11-04 15:44:00,103.345,103.361,103.2235,103.26,52135.0
2024-11-04 15:46:00,103.25,103.41,103.0901,103.41,60136.0
2024-11-04 15:48:00,103.41,103.53,103.35,103.5199,78346.0
2024-11-04 15:50:00,103.5167,103.553,103.425,103.495,54980.0
2024-11-04 15:52:00,103.5,103.5299,103.3563,103.5299,82095.0
2024-11-04 15:54:00,103.52,103.53,103.38,103.3841,39290.0
2024-11-04 15:56:00,103.37,103.45,103.31,103.38,43221.0
2024-11-04 15:58:00,103.3889,103.405,103.32,103.33,30571.0
2024-11-04 16:00:00,103.34,103.45,103.27,103.307,45683.0
2024-11-04 16:02:00,103.285,103.48,103.26,103.26,56972.0
2024-11-04 16:04:00,103.25,103.27,103.13,103.16,48441.0
2024-11-04 16:06:00,103.16,103.3199,103.1,103.2001,59501.0
2024-11-04 16:08:00,103.215,103.28,103.16,103.23,39852.0
2024-11-04 16:10:00,103.25,103.5418,103.25,103.54,65499.0
2024-11-04 16:12:00,103.55,103.69,103.52,103.67,232757.0
2024-11-04 16:14:00,103.65,103.7,103.51,103.56,41102.0
2024-11-04 16:16:00,103.5726,103.58,103.4,103.44,34799.0
2024-11-04 16:18:00,103.4564,103.51,103.38,103.44,36872.0
2024-11-04 16:20:00,103.45,103.53,103.38,103.455,58795.0
2024-11-04 16:22:00,103.47,103.515,103.31,103.41,88792.0
2024-11-04 16:24:00,103.433,103.63,103.41,103.605,34917.0
2024-11-04 16:26:00,103.5908,103.675044,103.5475,103.655,61827.0
2024-11-04 16:28:00,103.65,103.7867,103.61,103.775,69964.0
2024-11-04 16:30:00,103.775,103.78,103.62,103.62,63804.0
2024-11-04 16:32:00,103.63,103.685,103.44,103.4401,72790.0
2024-11-04 16:34:00,103.46,103.46,103.273,103.365,47081.0
2024-11-04 16:36:00,103.36,103.36,103.13,103.23,54435.0
2024-11-04 16:38:00,103.23,103.2754,103.05,103.08,81710.0
2024-11-04 16:40:00,103.07,103.14,102.95,102.99,109223.0
2024-11-04 16:42:00,102.97,103.0,102.82,102.82,52674.0
2024-11-04 16:44:00,102.81,102.92,102.79,102.8997,53932.0
2024-11-04 16:46:00,102.8938,102.8938,102.75,102.75,37698.0
2024-11-04 16:48:00,102.74,102.7943,102.62,102.635,37710.0
2024-11-04 16:50:00,102.62,102.6338,102.5257,102.54,32245.0
2024-11-04 16:52:00,102.5394,102.56,102.43,102.51,66130.0
2024-11-04 16:54:00,102.5199,102.52,102.38,102.475,44580.0
2024-11-04 16:56:00,102.48,102.5,102.2,102.32,45433.0
2024-11-04 16:58:00,102.31,102.47,102.31,102.4237,35561.0
2024-11-04 17:00:00,102.42,102.53,102.41,102.4999,31193.0
2024-11-04 17:02:00,102.47,102.47,102.29,102.3,30737.0
2024-11-04 17:04:00,102.29,102.31,102.21,102.26,32449.0
2024-11-04 17:06:00,102.245,102.2699,102.1301,102.19,37205.0
2024-11-04 17:08:00,102.2,102.2,102.03,102.06,49881.0
2024-11-04 17:10:00,102.04,102.246,102.04,102.2299,26944.0
2024-11-04 17:12:00,102.25,102.43,102.225,102.39,28889.0
2024-11-04 17:14:00,102.38,102.48,102.35,102.44,30207.0
2024-11-04 17:16:00,102.43,102.51,102.38,102.48,33185.0
2024-11-04 17:18:00,102.475,102.495,102.41,102.45,30041.0
2024-11-04 17:20:00,102.43,102.77,102.43,102.68,56631.0
2024-11-04 17:22:00,102.66,102.83,102.62,102.83,29499.0
2024-11-04 17:24:00,102.848,102.93,102.79,102.84,41743.0
2024-11-04 17:26:00,102.85,102.885,102.8,102.81,21173.0
2024-11-04 17:28:00,102.83,102.86,102.79,102.835,21857.0
2024-11-04 17:30:00,102.87,102.94,102.85,102.92,26164.0
2024-11-04 17:32:00,102.92,102.94,102.74,102.8599,49821.0
2024-11-04 17:34:00,102.84,103.0,102.83,102.9,31490.0
2024-11-04 17:36:00,102.91,102.93,102.78,102.81,25890.0
2024-11-04 17:38:00,102.805,102.81,102.66,102.67,22768.0
2024-11-04 17:40:00,102.68,102.685,102.531,102.54,24108.0
2024-11-04 17:42:00,102.54,102.6199,102.5296,102.6,30562.0
2024-11-04 17:44:00,102.593,102.69,102.575,102.65,25829.0
2024-11-04 17:46:00,102.7,102.71,102.645,102.65,16793.0
2024-11-04 17:48:00,102.67,102.7574,102.63,102.7574,28837.0
2024-11-04 17:50:00,102.76,102.7976,102.66,102.66,30401.0
2024-11-04 17:52:00,102.66,102.7376,102.65,102.66,20503.0
2024-11-04 17:54:00,102.66,102.71,102.65,102.66,8758.0
2024-11-04 17:56:00,102.66,102.7001,102.63,102.69,15399.0
2024-11-04 17:58:00,102.705,102.73,102.63,102.63,22883.0
2024-11-04 18:00:00,102.61,102.7499,102.5801,102.69,19847.0
2024-11-04 18:02:00,102.68,102.715,102.6301,102.69,15237.0
2024-11-04 18:04:00,102.695,102.7277,102.66,102.69,15666.0
2024-11-04 18:06:00,102.68,102.69,102.45,102.5138,34188.0
2024-11-04 18:08:00,102.51,102.545,102.46,102.52,23325.0
2024-11-04 18:10:00,102.53,102.64,102.53,102.545,23990.0
2024-11-04 18:12:00,102.55,102.84,102.54,102.83,35521.0
2024-11-04 18:14:00,102.8446,102.8446,102.76,102.8158,21838.0
2024-11-04 18:16:00,102.83,102.88,102.815,102.845,19438.0
2024-11-04 18:18:00,102.835,102.855,102.73,102.78,24484.0
2024-11-04 18:20:00,102.76,102.82,102.73,102.81,11912.0
2024-11-04 18:22:00,102.8,102.8898,102.78,102.85,14559.0
2024-11-04 18:24:00,102.85,102.91,102.81,102.8456,39963.0
2024-11-04 18:26:00,102.83,102.86,102.78,102.81,14460.0
2024-11-04 18:28:00,102.805,102.83,102.725,102.74,18048.0
2024-11-04 18:30:00,102.72,102.73,102.66,102.7,13858.0
2024-11-04 18:32:00,102.72,102.77,102.695,102.7376,12000.0
2024-11-04 18:34:00,102.74,102.77,102.71,102.76,20976.0
2024-11-04 18:36:00,102.73,102.8679,102.69,102.8677,24225.0
2024-11-04 18:38:00,102.868826,102.95,102.84,102.93,18343.0
2024-11-04 18:40:00,102.95,102.9862,102.91,102.97,27226.0
2024-11-04 18:42:00,102.9621,102.9808,102.8981,102.9104,30467.0
2024-11-04 18:44:00,102.91,102.9877,102.85,102.96,28103.0
2024-11-04 18:46:00,102.97,102.9899,102.845,102.8903,28812.0
2024-11-04 18:48:00,102.91,102.91,102.82,102.8477,11328.0
2024-11-04 18:50:00,102.85,102.8699,102.78,102.8499,14456.0
2024-11-04 18:52:00,102.8528,102.855,102.8,102.8,13777.0
2024-11-04 18:54:00,102.801,102.801,102.58,102.6,42122.0
2024-11-04 18:56:00,102.6037,102.63,102.5101,102.56,18603.0
2024-11-04 18:58:00,102.57,102.57,102.47,102.5,17120.0
2024-11-04 19:00:00,102.52,102.54,102.48,102.5,18986.0
2024-11-04 19:02:00,102.515,102.56,102.46,102.51,19827.0
2024-11-04 19:04:00,102.51,102.5545,102.5,102.55,17520.0
2024-11-04 19:06:00,102.55,102.6,102.51,102.54,28856.0
2024-11-04 19:08:00,102.545,102.5899,102.5,102.535,20250.0
2024-11-04 19:10:00,102.5,102.54,102.5,102.5146,14214.0
2024-11-04 19:12:00,102.515,102.58,102.515,102.545,20559.0
2024-11-04 19:14:00,102.55,102.58,102.5,102.5,13783.0
2024-11-04 19:16:00,102.5,102.59,102.49,102.53,14167.0
2024-11-04 19:18:00,102.52,102.54,102.4401,102.485,32583.0
2024-11-04 19:20:00,102.495,102.5299,102.38,102.41,43368.0
2024-11-04 19:22:00,102.405,102.42,102.365,102.37,16096.0
2024-11-04 19:24:00,102.38,102.38,102.27,102.3,24411.0
2024-11-04 19:26:00,102.3194,102.325,102.21,102.25,18738.0
2024-11-04 19:28:00,102.24,102.24,102.07,102.13,36976.0
2024-11-04 19:30:00,102.11,102.2372,102.07,102.195,26278.0
2024-11-04 19:32:00,102.2,102.3,102.2,102.2803,21905.0
2024-11-04 19:34:00,102.29,102.3542,102.28,102.28,13397.0
2024-11-04 19:36:00,102.288,102.33,102.265,102.3081,15807.0
2024-11-04 19:38:00,102.3,102.33,102.2808,102.32,15086.0
2024-11-04 19:40:00,102.315,102.355,102.28,102.355,16266.0
2024-11-04 19:42:00,102.3536,102.3536,102.28,102.285,14966.0
2024-11-04 19:44:00,102.29,102.29,102.24,102.25,26367.0
2024-11-04 19:46:00,102.25,102.26,102.22,102.245,13906.0
2024-11-04 19:48:00,102.26,102.26,102.15,102.21,18381.0
2024-11-04 19:50:00,102.21,102.25,102.19,102.23,19894.0
2024-11-04 19:52:00,102.25,102.28,102.1806,102.19,18835.0
2024-11-04 19:54:00,102.19,102.205,102.175,102.18,15741.0
2024-11-04 19:56:00,102.17,102.2399,102.17,102.22,19984.0
2024-11-04 19:58:00,102.225,102.27,102.12,102.15,57605.0
2024-11-04 20:00:00,102.15,102.15,102.025,102.0384,38564.0
2024-11-04 20:02:00,102.04,102.0408,101.895,101.955,53354.0
2024-11-04 20:04:00,101.958,102.02,101.945,102.02,29723.0
2024-11-04 20:06:00,102.0206,102.185,102.0206,102.165,29951.0
2024-11-04 20:08:00,102.17,102.2271,102.15,102.2271,18024.0
2024-11-04 20:10:00,102.21,102.25,102.18,102.21,34889.0
2024-11-04 20:12:00,102.2001,102.215,102.1,102.1201,29971.0
2024-11-04 20:14:00,102.14,102.14,102.07,102.09,22404.0
2024-11-04 20:16:00,102.09,102.115,102.016461,102.07,29646.0
2024-11-04 20:18:00,102.065,102.17,102.065,102.1501,86065.0
2024-11-04 20:20:00,102.165,102.18,102.052,102.07,41349.0
2024-11-04 20:22:00,102.08,102.16,102.08,102.15,40765.0
2024-11-04 20:24:00,102.15,102.25,102.14603,102.2,31720.0
2024-11-04 20:26:00,102.19,102.235,102.18,102.21,26439.0
2024-11-04 20:28:00,102.225,102.225,102.095,102.1,27477.0
2024-11-04 20:30:00,102.1,102.11,101.96,102.0,93531.0
2024-11-04 20:32:00,102.01,102.03,101.94,101.99,26462.0
2024-11-04 20:34:00,101.985,102.0,101.9,101.92,34872.0
2024-11-04 20:36:00,101.89,101.91,101.79,101.89,52967.0
2024-11-04 20:38:00,101.89,101.925,101.79,101.8114,33634.0
2024-11-04 20:40:00,101.82,101.98,101.81,101.94,40245.0
2024-11-04 20:42:00,101.945,102.03,101.91,102.02,40510.0
2024-11-04 20:44:00,102.01,102.055,101.88,101.9,45256.0
2024-11-04 20:46:00,101.9,101.96,101.7931,101.94,68833.0
2024-11-04 20:48:00,101.95,101.97,101.86,101.88,46617.0
2024-11-04 20:50:00,101.88,102.07,101.69,101.8,126883.0
2024-11-04 20:52:00,101.82,101.86,101.73,101.83,117924.0
2024-11-04 20:54:00,101.82,101.9,101.585,101.68,196338.0
2024-11-04 20:56:00,101.675,101.77,101.63,101.7247,157315.0
2024-11-04 20:58:00,101.72,101.83,101.71,101.74,514273.0
2024-11-04 21:00:00,101.73,102.06,101.73,102.01,106131.0
2024-11-04 21:02:00,102.06,102.08,102.01,102.08,9113.0
2024-11-04 21:04:00,102.11,102.12,102.1,102.1,7966.0
2024-11-04 21:10:00,102.09,102.1,102.0,102.0,5283.0
2024-11-04 21:12:00,102.1,102.1,102.1,102.1,1046.0
2024-11-04 21:16:00,101.73,102.05,101.73,102.0,1871.0
2024-11-04 21:18:00,102.06,102.06,102.0,102.0,1427.0
2024-11-04 21:20:00,101.9,101.9,101.9,101.9,1350.0
2024-11-04 21:28:00,101.9881,101.9881,101.9881,101.9881,582.0
2024-11-04 21:32:00,101.92,101.92,101.91,101.91,575.0
2024-11-04 21:34:00,101.9015,101.91,101.9001,101.9001,2623.0
2024-11-04 21:36:00,101.73,101.73,101.73,101.73,61644.0
2024-11-04 21:38:00,101.73,101.73,101.73,101.73,2469.0
2024-11-04 21:40:00,101.9,101.91,101.9,101.91,43881.0
2024-11-04 21:48:00,101.94,101.99,101.94,101.99,1566.0
2024-11-04 21:50:00,102.0,102.0,102.0,102.0,306.0
2024-11-04 21:54:00,101.9001,101.9001,101.9001,101.9001,230.0
2024-11-04 21:56:00,101.9899,101.9899,101.9899,101.9899,200.0
2024-11-04 22:08:00,101.73,101.9,101.73,101.9,1001383.0
2024-11-04 22:12:00,101.9487,101.9487,101.9487,101.9487,515.0
2024-11-04 22:26:00,101.99,101.99,101.99,101.99,533.0
2024-11-04 22:28:00,101.9,101.9,101.9,101.9,1003.0
2024-11-04 22:30:00,101.9,101.9,101.9,101.9,155.0
2024-11-04 22:34:00,102.0,102.0,102.0,102.0,1450.0
2024-11-04 22:38:00,102.01,102.01,102.01,102.01,119.0
2024-11-04 22:42:00,101.97,101.97,101.97,101.97,101.0
2024-11-04 22:48:00,101.97,101.97,101.97,101.97,131.0
2024-11-04 22:52:00,101.91,101.91,101.91,101.91,700.0
2024-11-04 22:58:00,101.96,101.97,101.96,101.97,862.0
2024-11-04 23:00:00,102.0,102.0,102.0,102.0,1123.0
2024-11-04 23:04:00,101.93,101.93,101.93,101.93,395.0
2024-11-04 23:14:00,101.93,101.93,101.93,101.93,716.0
2024-11-04 23:20:00,101.9,101.9,101.9,101.9,260.0
2024-11-04 23:24:00,102.09,102.09,102.09,102.09,310.0
2024-11-04 23:28:00,102.0733,102.0733,102.0733,102.0733,290.0
2024-11-04 23:30:00,102.1,102.1,102.1,102.1,100.0
2024-11-04 23:36:00,102.1,102.1,102.1,102.1,1002.0
2024-11-04 23:40:00,102.1,102.1,102.1,102.1,581.0
2024-11-04 23:44:00,102.09,102.09,102.07,102.07,655.0
2024-11-04 23:48:00,102.1,102.1,102.1,102.1,360.0
2024-11-04 23:52:00,101.95,101.95,101.94,101.94,546.0
2024-11-05 00:02:00,102.01,102.01,102.01,102.01,116.0
2024-11-05 00:06:00,102.01,102.01,102.01,102.01,394.0
2024-11-05 00:12:00,101.93,101.93,101.69,101.69,4358.0
2024-11-05 00:14:00,101.61,101.61,101.56,101.56,1041.0
2024-11-05 00:16:00,101.6,101.6,101.6,101.6,326.0
2024-11-05 00:18:00,101.57,101.58,101.57,101.58,902.0
2024-11-05 00:20:00,101.61,101.61,101.58,101.6,2653.0
2024-11-05 00:44:00,101.61,101.61,101.55,101.55,1509.0
2024-11-05 00:50:00,101.52,101.52,101.52,101.52,2510.0
2024-11-05 00:54:00,101.51,101.51,101.5,101.5,1137.0
2024-11-05 00:56:00,101.4899,101.49,101.45,101.48,2496.0
2024-11-05 00:58:00,101.4,101.4,101.4,101.4,2610.0
2024-11-05 09:00:00,101.89,101.89,101.89,101.89,1161.0
2024-11-05 09:08:00,102.2,102.2,102.2,102.2,580.0
2024-11-05 09:10:00,102.3,102.4,102.3,102.4,2008.0
2024-11-05 09:12:00,102.4,102.51,102.4,102.5,1164.0
2024-11-05 09:16:00,102.63,102.63,102.63,102.63,459.0
2024-11-05 09:18:00,102.57,102.57,102.51,102.51,602.0
2024-11-05 09:36:00,102.5,102.5,102.5,102.5,1964.0
2024-11-05 09:52:00,102.45,102.45,102.45,102.45,100.0
2024-11-05 10:10:00,102.37,102.37,102.31,102.31,500.0
2024-11-05 11:00:00,102.5,102.5,102.47,102.5,2453.0
2024-11-05 11:02:00,102.5,102.5,102.5,102.5,1434.0
2024-11-05 11:22:00,102.51,102.51,102.51,102.51,209.0
2024-11-05 12:00:00,102.51,102.6,102.51,102.6,1331.0
2024-11-05 12:02:00,102.58,102.6,102.58,102.6,566.0
2024-11-05 12:04:00,102.55,102.55,102.55,102.55,871.0
2024-11-05 12:06:00,102.5,102.5,102.5,102.5,588.0
2024-11-05 12:08:00,102.59,102.59,102.59,102.59,385.0
2024-11-05 12:10:00,102.55,102.55,102.55,102.55,745.0
2024-11-05 12:14:00,102.64,102.65,102.64,102.65,755.0
2024-11-05 12:36:00,102.56,102.56,102.51,102.53,1084.0
2024-11-05 12:38:00,102.5,102.5,102.5,102.5,250.0
2024-11-05 12:44:00,102.5,102.5,102.47,102.47,1186.0
2024-11-05 12:52:00,102.51,102.51,102.5,102.5,500.0
2024-11-05 12:58:00,102.54,102.55,102.54,102.55,771.0
2024-11-05 13:00:00,102.5,102.73,101.84,102.2,11960.0
2024-11-05 13:04:00,102.51,102.51,102.51,102.51,235.0
2024-11-05 13:06:00,102.57,102.57,102.57,102.57,702.0
2024-11-05 13:08:00,102.55,102.55,102.51,102.51,612.0
2024-11-05 13:10:00,102.55,102.55,102.55,102.55,243.0
2024-11-05 13:12:00,102.51,102.51,102.4,102.4,1216.0
2024-11-05 13:18:00,102.43,102.43,102.43,102.43,302.0
2024-11-05 13:20:00,102.4986,102.4986,102.45,102.45,453.0
2024-11-05 13:28:00,102.46,102.46,102.45,102.45,898.0
2024-11-05 13:30:00,102.5,102.61,102.5,102.61,1940.0
2024-11-05 13:32:00,102.62,102.62,102.62,102.62,129.0
2024-11-05 13:34:00,102.5499,102.5499,102.5499,102.5499,420.0
2024-11-05 13:36:00,102.44,102.44,102.44,102.44,627.0
2024-11-05 13:38:00,102.4499,102.45,102.44,102.44,835.0
2024-11-05 13:40:00,102.4,102.48,102.4,102.48,730.0
2024-11-05 13:42:00,102.5,102.5,102.5,102.5,508.0
2024-11-05 13:50:00,102.4018,102.41,102.4018,102.41,1146.0
2024-11-05 13:52:00,102.4,102.45,102.4,102.45,2069.0
2024-11-05 13:58:00,102.26,102.26,102.1,102.1,1623.0
2024-11-05 14:00:00,102.1,102.11,102.06,102.11,2214.0
2024-11-05 14:02:00,102.34,102.34,102.34,102.34,682.0
2024-11-05 14:04:00,102.0212,102.3399,102.0212,102.3399,810.0
2024-11-05 14:06:00,102.21,102.21,102.21,102.21,1075.0
2024-11-05 14:08:00,102.2,102.2,102.2,102.2,242.0
2024-11-05 14:10:00,102.2799,102.2799,102.2799,102.2799,215.0
2024-11-05 14:12:00,102.2,102.2,102.2,102.2,589.0
2024-11-05 14:14:00,102.2785,102.2785,102.2785,102.2785,253.0
2024-11-05 14:16:00,102.276,102.29,102.276,102.29,752.0
2024-11-05 14:18:00,102.2801,102.2801,102.2801,102.2801,135.0
2024-11-05 14:20:00,102.28,102.28,102.28,102.28,301.0
2024-11-05 14:22:00,102.424,102.424,102.424,102.424,101.0
2024-11-05 14:24:00,102.29,102.29,102.1,102.1,3974.0
2024-11-05 14:26:00,102.12,102.2,102.0,102.0,4456.0
2024-11-05 14:28:00,102.05,102.05,101.814,102.0099,7008.0
2024-11-05 14:30:00,102.0,102.3,101.79,102.0624,228736.0
2024-11-05 14:32:00,102.07,102.73,102.05,102.63,97149.0
2024-11-05 14:34:00,102.62,102.75,102.46,102.46,85756.0
2024-11-05 14:36:00,102.4896,102.53,102.13,102.44,100884.0
2024-11-05 14:38:00,102.4,102.54,102.2,102.32,77619.0
2024-11-05 14:40:00,102.37,102.66,102.31,102.5,53969.0
2024-11-05 14:42:00,102.5,102.63,102.38,102.61,57997.0
2024-11-05 14:44:00,102.59,102.59,102.3,102.49,51111.0
2024-11-05 14:46:00,102.51,102.52,102.23,102.305,66468.0
2024-11-05 14:48:00,102.31,102.8194,102.2907,102.76,53137.0
2024-11-05 14:50:00,102.78,102.9,102.64,102.75,85432.0
2024-11-05 14:52:00,102.75,102.815,102.43,102.72,68529.0
2024-11-05 14:54:00,102.73,103.0099,102.7,102.93,75240.0
2024-11-05 14:56:00,102.93,102.96,102.75,102.8257,67772.0
2024-11-05 14:58:00,102.82,102.87,102.67,102.82,68649.0
2024-11-05 15:00:00,102.83,103.1,102.81,103.06,98613.0
2024-11-05 15:02:00,103.055,103.14,102.8,103.01,67955.0
2024-11-05 15:04:00,103.01,103.18,102.885,102.91,41501.0
2024-11-05 15:06:00,102.91,102.96,102.79,102.89,42801.0
2024-11-05 15:08:00,102.91,103.1,102.84,102.8547,35557.0
2024-11-05 15:10:00,102.86,102.89,102.58,102.64,43048.0
2024-11-05 15:12:00,102.64,102.84,102.64,102.74,35784.0
2024-11-05 15:14:00,102.72,102.75,102.63,102.7385,32717.0
2024-11-05 15:16:00,102.74,102.8236,102.6042,102.73,26572.0
2024-11-05 15:18:00,102.738,102.85,102.65,102.72,34378.0
2024-11-05 15:20:00,102.71,102.85,102.71,102.82,28380.0
2024-11-05 15:22:00,102.81,103.1,102.77,103.1,39913.0
2024-11-05 15:24:00,103.06,103.22,103.02,103.22,55985.0
2024-11-05 15:26:00,103.2,103.2042,103.01,103.1,42563.0
2024-11-05 15:28:00,103.11,103.12,102.81,102.9309,40870.0
2024-11-05 15:30:00,102.92,103.15,102.81,103.145,44840.0
2024-11-05 15:32:00,103.13,103.14,102.92,102.925,31563.0
2024-11-05 15:34:00,102.95,103.1687,102.94,103.16,29695.0
2024-11-05 15:36:00,103.18,103.35,103.16,103.2833,83053.0
2024-11-05 15:38:00,103.275,103.365,103.2198,103.28,38189.0
2024-11-05 15:40:00,103.275,103.31,103.18,103.3,34009.0
2024-11-05 15:42:00,103.281,103.3599,103.27,103.29,29682.0
2024-11-05 15:44:00,103.31,103.39,103.26,103.375,34454.0
2024-11-05 15:46:00,103.38,103.5336,103.38,103.4426,51881.0
2024-11-05 15:48:00,103.43,103.43,103.3,103.39,25873.0
2024-11-05 15:50:00,103.38,103.38,103.26,103.285,39234.0
2024-11-05 15:52:00,103.27,103.29,103.08,103.16,40897.0
2024-11-05 15:54:00,103.13,103.1725,102.93,102.9502,38555.0
2024-11-05 15:56:00,102.97,103.06,102.95,103.015,67666.0
2024-11-05 15:58:00,103.0152,103.15,103.0,103.06,14888.0
2024-11-05 16:00:00,103.02,103.05,102.88,102.96,22172.0
2024-11-05 16:02:00,102.96,103.086,102.9,103.05,15362.0
2024-11-05 16:04:00,103.0628,103.19,102.97,103.14,51250.0
2024-11-05 16:06:00,103.12,103.43,103.12,103.43,46552.0
2024-11-05 16:08:00,103.45,103.55,103.43,103.49,64179.0
2024-11-05 16:10:00,103.4801,103.5,103.28,103.43,31324.0
2024-11-05 16:12:00,103.42,103.57,103.42,103.52,42701.0
2024-11-05 16:14:00,103.5687,103.6586,103.56,103.565,93992.0
2024-11-05 16:16:00,103.56,103.72,103.56,103.7,38206.0
2024-11-05 16:18:00,103.7,103.77,103.685,103.76,36735.0
2024-11-05 16:20:00,103.76,103.86,103.75,103.83,52550.0
2024-11-05 16:22:00,103.83,103.84,103.78,103.83,34002.0
2024-11-05 16:24:00,103.84,103.91,103.8107,103.91,58729.0
2024-11-05 16:26:00,103.9099,103.95,103.86,103.8601,31281.0
2024-11-05 16:28:00,103.86,103.94,103.86,103.93,22026.0
2024-11-05 16:30:00,103.94,103.97,103.88,103.96,37294.0
2024-11-05 16:32:00,103.96,104.18,103.95,104.18,80197.0
2024-11-05 16:34:00,104.19,104.22,104.09,104.185,45027.0
2024-11-05 16:36:00,104.185,104.24,104.1,104.15,43127.0
2024-11-05 16:38:00,104.15,104.26,104.14,104.23,46057.0
2024-11-05 16:40:00,104.23,104.2474,104.06,104.1,40026.0
2024-11-05 16:42:00,104.08,104.25,103.9548,103.97,61290.0
2024-11-05 16:44:00,103.97,104.0,103.87,103.9038,38936.0
2024-11-05 16:46:00,103.9,104.0,103.87,103.97,44431.0
2024-11-05 16:48:00,103.98,104.05,103.94,103.95,46881.0
2024-11-05 16:50:00,103.96,104.02,103.83,104.0178,49610.0
2024-11-05 16:52:00,104.01,104.12,103.97,104.11,33295.0
2024-11-05 16:54:00,104.11,104.2,104.09,104.15,35854.0
2024-11-05 16:56:00,104.17,104.24,104.0901,104.11,32576.0
2024-11-05 16:58:00,104.1,104.1441,104.0751,104.125,29773.0
2024-11-05 17:00:00,104.14,104.17,104.0209,104.17,40190.0
2024-11-05 17:02:00,104.155,104.22,104.12,104.205,25745.0
2024-11-05 17:04:00,104.24,104.27,104.2,104.225,36379.0
2024-11-05 17:06:00,104.23,104.3,104.2,104.29,28269.0
2024-11-05 17:08:00,104.29,104.33,104.22,104.31,27313.0
2024-11-05 17:10:00,104.325,104.37,104.295,104.3,196341.0
2024-11-05 17:12:00,104.3,104.38,104.26,104.38,27930.0
2024-11-05 17:14:00,104.36,104.5,104.36,104.445,43725.0
2024-11-05 17:16:00,104.42,104.49,104.38,104.46,18450.0
2024-11-05 17:18:00,104.45,104.61,104.4404,104.6024,67920.0
2024-11-05 17:20:00,104.6,104.64,104.5,104.53,49820.0
2024-11-05 17:22:00,104.52,104.58,104.51,104.56,39321.0
2024-11-05 17:24:00,104.57,104.58,104.43,104.4881,26959.0
2024-11-05 17:26:00,104.48,104.53,104.46,104.5,31401.0
2024-11-05 17:28:00,104.505,104.52,104.42,104.44,22461.0
2024-11-05 17:30:00,104.4439,104.49,104.442,104.46,19303.0
2024-11-05 17:32:00,104.47,104.52,104.45,104.45,20820.0
2024-11-05 17:34:00,104.4249,104.44,104.21,104.27,38994.0
2024-11-05 17:36:00,104.27,104.365,104.26,104.32,34419.0
2024-11-05 17:38:00,104.3,104.31,104.11,104.17,32838.0
2024-11-05 17:40:00,104.19,104.27,104.15,104.265,20656.0
2024-11-05 17:42:00,104.265,104.29,104.24,104.26,15171.0
2024-11-05 17:44:00,104.27,104.315,104.22,104.23,19756.0
2024-11-05 17:46:00,104.24,104.355,104.24,104.28,18012.0
2024-11-05 17:48:00,104.29,104.405,104.26,104.4,18181.0
2024-11-05 17:50:00,104.38,104.39,104.3,104.315,14021.0
2024-11-05 17:52:00,104.3015,104.36,104.299,104.33,12010.0
2024-11-05 17:54:00,104.315,104.385,104.3,104.385,18035.0
2024-11-05 17:56:00,104.38,104.43,104.32,104.38,17037.0
2024-11-05 17:58:00,104.38,104.38,104.29,104.3226,11965.0
2024-11-05 18:00:00,104.31,104.3863,104.26,104.33,18240.0
2024-11-05 18:02:00,104.33,104.49,104.32,104.4869,34686.0
2024-11-05 18:04:00,104.48,104.51,104.395,104.405,27166.0
2024-11-05 18:06:00,104.38,104.45,104.38,104.42,15577.0
2024-11-05 18:08:00,104.43,104.4844,104.41,104.4735,26506.0
2024-11-05 18:10:00,104.47,104.47,104.27,104.27,20618.0
2024-11-05 18:12:00,104.28,104.35,104.27,104.35,23471.0
2024-11-05 18:14:00,104.355,104.355,104.21,104.35,17881.0
2024-11-05 18:16:00,104.34,104.4,104.3133,104.4,20644.0
2024-11-05 18:18:00,104.41,104.41,104.3,104.32,16835.0
2024-11-05 18:20:00,104.33,104.34,104.26,104.28,17447.0
2024-11-05 18:22:00,104.27,104.27,104.17,104.19,10914.0
2024-11-05 18:24:00,104.16,104.17,104.1001,104.11,22093.0
2024-11-05 18:26:00,104.12,104.24,104.12,104.18,20565.0
2024-11-05 18:28:00,104.17,104.17,104.07,104.08,12638.0
2024-11-05 18:30:00,104.09,104.099,104.03,104.08,19640.0
2024-11-05 18:32:00,104.07,104.1177,103.785945,103.79,83516.0
2024-11-05 18:34:00,103.79,103.8169,103.67,103.69,26071.0
2024-11-05 18:36:00,103.68,103.77,103.52,103.535,45572.0
2024-11-05 18:38:00,103.535,103.7199,103.51,103.68,41788.0
2024-11-05 18:40:00,103.72,103.74,103.63,103.7277,18777.0
2024-11-05 18:42:00,103.729,103.9,103.729,103.85,24591.0
2024-11-05 18:44:00,103.84,103.88,103.8,103.87,14530.0
2024-11-05 18:46:00,103.8799,103.88,103.81,103.83,18357.0
2024-11-05 18:48:00,103.795,103.83,103.71,103.825,14302.0
2024-11-05 18:50:00,103.81,103.85,103.732,103.85,14638.0
2024-11-05 18:52:00,103.85,103.85,103.77,103.8248,17969.0
2024-11-05 18:54:00,103.8297,103.8297,103.721,103.76,17457.0
2024-11-05 18:56:00,103.7699,103.77,103.66,103.66,12796.0
2024-11-05 18:58:00,103.677,103.72,103.677,103.68,10434.0
2024-11-05 19:00:00,103.67,103.75,103.65,103.74,19389.0
2024-11-05 19:02:00,103.73,103.83,103.7201,103.75,18683.0
2024-11-05 19:04:00,103.775,103.79,103.73,103.76,10497.0
2024-11-05 19:06:00,103.74,103.78,103.74,103.78,9323.0
2024-11-05 19:08:00,103.76,103.87,103.75,103.86,21743.0
2024-11-05 19:10:00,103.845,103.92,103.84,103.91,21657.0
2024-11-05 19:12:00,103.91,103.96,103.805,103.8498,20053.0
2024-11-05 19:14:00,103.84,103.88,103.84,103.87,12622.0
2024-11-05 19:16:00,103.845,103.9,103.82,103.896725,10641.0
2024-11-05 19:18:00,103.89,103.895,103.84,103.88,13281.0
2024-11-05 19:20:00,103.88,103.88,103.84,103.870044,13136.0
2024-11-05 19:22:00,103.87,103.87,103.76,103.8,21756.0
2024-11-05 19:24:00,103.81,103.99,103.8,103.99,41841.0
2024-11-05 19:26:00,103.9801,104.13,103.98,104.1199,60026.0
2024-11-05 19:28:00,104.115,104.17,104.0839,104.0999,35090.0
2024-11-05 19:30:00,104.11,104.176415,104.06,104.17,19456.0
2024-11-05 19:32:00,104.18,104.195,104.14,104.185,11757.0
2024-11-05 19:34:00,104.18,104.2,104.13,104.2,18488.0
2024-11-05 19:36:00,104.21,104.27,104.18,104.27,24840.0
2024-11-05 19:38:00,104.2699,104.325,104.245,104.32,17243.0
2024-11-05 19:40:00,104.325,104.36,104.31,104.36,26935.0
2024-11-05 19:42:00,104.355,104.365,104.24,104.265,36831.0
2024-11-05 19:44:00,104.28,104.388,104.27,104.3425,41031.0
2024-11-05 19:46:00,104.335,104.42,104.32,104.38,24698.0
2024-11-05 19:48:00,104.395,104.4,104.32,104.32,30741.0
2024-11-05 19:50:00,104.32,104.36,104.275,104.295,50325.0
2024-11-05 19:52:00,104.305,104.345,104.2603,104.32,36832.0
2024-11-05 19:54:00,104.32,104.32,104.1,104.16,37714.0
2024-11-05 19:56:00,104.1431,104.28,104.1431,104.23,58977.0
2024-11-05 19:58:00,104.225,104.27,104.166,104.166,28166.0
2024-11-05 20:00:00,104.165,104.29,104.07,104.2879,35785.0
2024-11-05 20:02:00,104.27,104.29,104.17,104.19,33079.0
2024-11-05 20:04:00,104.19,104.36,104.19,104.34,38577.0
2024-11-05 20:06:00,104.37,104.51,104.33,104.5,36899.0
2024-11-05 20:08:00,104.505,104.51,104.46,104.5,25914.0
2024-11-05 20:10:00,104.51,104.6,104.505,104.6,42464.0
2024-11-05 20:12:00,104.594,104.67,104.57,104.58,41841.0
2024-11-05 20:14:00,104.59,104.62,104.531,104.59,44750.0
2024-11-05 20:16:00,104.59,104.64,104.56,104.59,27018.0
2024-11-05 20:18:00,104.595,104.64,104.58,104.63,24644.0
2024-11-05 20:20:00,104.62,104.62,104.56,104.59,32808.0
2024-11-05 20:22:00,104.59,104.63,104.56,104.625,35959.0
2024-11-05 20:24:00,104.63,104.6898,104.62,104.68,53757.0
2024-11-05 20:26:00,104.68,104.72,104.66,104.72,23059.0
2024-11-05 20:28:00,104.7225,104.77,104.6302,104.77,44646.0
2024-11-05 20:30:00,104.77,104.795,104.71,104.755,42835.0
2024-11-05 20:32:00,104.76,104.8496,104.7405,104.8496,46107.0
2024-11-05 20:34:00,104.84,104.98,104.8101,104.98,53798.0
2024-11-05 20:36:00,104.98,105.06,104.95,104.97,155533.0
2024-11-05 20:38:00,104.97,105.07,104.93,105.01,78095.0
2024-11-05 20:40:00,104.99,105.01,104.87,104.98,64982.0
2024-11-05 20:42:00,104.98,104.98,104.85,104.93,59265.0
2024-11-05 20:44:00,104.93,104.995,104.89,104.96,61178.0
2024-11-05 20:46:00,104.95,104.96,104.86,104.91,60825.0
2024-11-05 20:48:00,104.91,105.23,104.91,105.19,122231.0
2024-11-05 20:50:00,105.18,105.3,105.11,105.26,180107.0
2024-11-05 20:52:00,105.26,105.37,105.26,105.36,100365.0
2024-11-05 20:54:00,105.37,105.375,105.23,105.32,172894.0
2024-11-05 20:56:00,105.325,105.47,105.2601,105.455,276575.0
2024-11-05 20:58:00,105.46,105.62,105.37,105.48,618745.0
2024-11-05 21:00:00,105.5,105.76,105.49,105.66,111705.0
2024-11-05 21:02:00,105.66,105.7,105.65,105.67,2947.0
2024-11-05 21:04:00,105.67,105.67,105.67,105.67,663.0
2024-11-05 21:06:00,105.58,105.74,105.58,105.74,4488.0
2024-11-05 21:08:00,105.64,105.75,105.6,105.75,888.0
2024-11-05 21:10:00,105.62,105.63,105.6,105.63,1398.0
2024-11-05 21:12:00,105.64,105.64,105.58,105.6,1114.0
2024-11-05 21:14:00,105.646,105.646,105.49,105.49,8512.0
2024-11-05 21:16:00,105.41,105.4908,105.41,105.49,3749.0
2024-11-05 21:18:00,105.4,105.54,105.4,105.54,3739.0
2024-11-05 21:20:00,105.4,105.4,105.4,105.4,1165.0
2024-11-05 21:22:00,105.4001,105.54,105.4001,105.51,1482.0
2024-11-05 21:24:00,105.52,105.6,105.52,105.6,1637.0
2024-11-05 21:26:00,105.48,105.48,105.48,105.48,115.0
2024-11-05 21:28:00,105.45,105.45,105.45,105.45,512.0
2024-11-05 21:30:00,105.42,105.43,105.42,105.42,1060.0
2024-11-05 21:34:00,105.41,105.41,105.41,105.41,764.0
2024-11-05 21:36:00,105.51,105.51,105.51,105.51,378.0
2024-11-05 21:38:00,105.49,105.5,105.41,105.5,33253.0
2024-11-05 21:40:00,105.41,105.5659,105.41,105.41,933.0
2024-11-05 21:42:00,105.48,105.48,105.48,105.48,196.0
2024-11-05 21:44:00,105.49,105.49,105.28,105.31,4761.0
2024-11-05 21:46:00,105.3118,105.3118,105.3118,105.3118,278.0
2024-11-05 21:48:00,105.33,105.38,105.33,105.38,1748.0
2024-11-05 21:56:00,105.3318,105.35,105.3318,105.34,733.0
2024-11-05 21:58:00,105.49,105.49,105.39,105.46,1006484.0
2024-11-05 22:00:00,105.4,105.4,105.4,105.4,342.0
2024-11-05 22:04:00,105.4901,105.4901,105.49,105.49,375.0
2024-11-05 22:06:00,105.49,105.49,105.49,105.49,176.0
2024-11-05 22:10:00,105.52,105.52,105.52,105.52,287.0
2024-11-05 22:14:00,105.49,105.49,105.49,105.49,411.0
2024-11-05 22:18:00,105.46,105.46,105.4,105.4,422.0
2024-11-05 22:20:00,105.43,105.43,105.43,105.43,301.0
2024-11-05 22:22:00,105.43,105.5,105.43,105.5,205.0
2024-11-05 22:26:00,105.46,105.4756,105.46,105.4756,401.0
2024-11-05 22:32:00,105.45,105.45,105.45,105.45,114.0
2024-11-05 22:34:00,105.45,105.45,105.45,105.45,850.0
2024-11-05 22:38:00,105.31,105.41,105.2,105.2,6257.0
2024-11-05 22:40:00,105.38,105.38,105.38,105.38,219.0
2024-11-05 22:42:00,105.2001,105.2001,105.2001,105.2001,602.0
2024-11-05 22:44:00,105.2243,105.2243,105.2243,105.2243,118.0
2024-11-05 22:50:00,105.26,105.26,105.2501,105.2501,5500.0
2024-11-05 22:52:00,105.26,105.26,105.26,105.26,244.0
2024-11-05 22:54:00,105.26,105.26,105.26,105.26,174.0
2024-11-05 23:06:00,105.27,105.27,105.25,105.25,1367.0
2024-11-05 23:16:00,105.21,105.21,105.2,105.2,1380.0
2024-11-05 23:20:00,105.25,105.25,105.15,105.15,462.0
2024-11-05 23:22:00,105.1,105.1004,105.1,105.1004,687.0
2024-11-05 23:24:00,105.1,105.1,105.01,105.01,1469.0
2024-11-05 23:26:00,105.0999,105.0999,105.0999,105.0999,770.0
2024-11-05 23:28:00,105.1,105.22,105.1,105.22,325.0
2024-11-05 23:32:00,105.314,105.314,105.314,105.314,125.0
2024-11-05 23:40:00,105.25,105.25,105.25,105.25,306.0
2024-11-05 23:48:00,105.2,105.2,105.2,105.2,395.0
2024-11-05 23:52:00,105.2,105.2,105.1017,105.1017,2502.0
2024-11-06 00:00:00,105.11,105.11,105.11,105.11,100.0
2024-11-06 00:06:00,105.2,105.2,105.2,105.2,322.0
2024-11-06 00:08:00,105.1516,105.1516,105.15,105.15,342.0
2024-11-06 00:12:00,105.12,105.12,105.1,105.1,636.0
2024-11-06 00:14:00,105.1,105.1,105.1,105.1,130.0
2024-11-06 00:18:00,105.2,105.2,105.2,105.2,782.0
2024-11-06 00:24:00,105.2999,105.2999,105.2999,105.2999,206.0
2024-11-06 00:26:00,105.12,105.12,105.05,105.05,771.0
2024-11-06 00:28:00,105.25,105.25,105.05,105.05,1806.0
2024-11-06 00:32:00,105.2,105.2,105.2,105.2,335.0
2024-11-06 00:40:00,105.35,105.45,105.35,105.45,1543.0
2024-11-06 00:42:00,105.4886,105.4886,105.4886,105.4886,1466.0
2024-11-06 00:44:00,105.45,105.45,105.45,105.45,212.0
2024-11-06 00:46:00,105.4899,105.4899,105.4899,105.4899,2257.0
2024-11-06 00:50:00,105.38,105.39,105.25,105.29,2345.0
2024-11-06 00:52:00,105.25,105.25,105.2,105.2,1087.0
2024-11-06 00:56:00,105.3906,105.3906,105.3906,105.3906,210.0
2024-11-06 00:58:00,105.42,105.42,105.42,105.42,404.0
2024-11-06 09:00:00,108.0,108.0,106.38,107.29,10413.0
2024-11-06 09:02:00,107.18,107.18,106.55,106.67,2481.0
2024-11-06 09:04:00,106.6,106.86,106.55,106.55,2111.0
2024-11-06 09:06:00,106.8,107.06,106.8,106.81,3640.0
2024-11-06 09:08:00,106.89,107.09,106.8,106.8,3681.0
2024-11-06 09:10:00,106.64,106.65,106.55,106.55,2961.0
2024-11-06 09:12:00,106.61,106.61,106.61,106.61,568.0
2024-11-06 09:14:00,106.91,106.91,106.71,106.71,1840.0
2024-11-06 09:16:00,106.61,107.0,106.55,107.0,7250.0
2024-11-06 09:18:00,106.85,106.85,106.85,106.85,877.0
2024-11-06 09:20:00,106.9,106.9,106.9,106.9,179.0
2024-11-06 09:24:00,106.73,106.85,106.73,106.85,1521.0
2024-11-06 09:26:00,106.84,106.84,106.84,106.84,941.0
2024-11-06 09:28:00,106.85,106.89,106.76,106.89,2512.0
2024-11-06 09:30:00,106.83,106.99,106.79,106.99,2920.0
2024-11-06 09:32:00,107.05,107.07,107.05,107.07,2027.0
2024-11-06 09:36:00,107.11,107.11,107.11,107.11,478.0
2024-11-06 09:40:00,107.1,107.1,107.0,107.0,1091.0
2024-11-06 09:42:00,106.85,106.87,106.85,106.87,643.0
2024-11-06 09:46:00,107.22,107.22,107.04,107.04,843.0
2024-11-06 09:48:00,107.06,107.06,107.06,107.06,209.0
2024-11-06 09:52:00,107.28,107.28,107.28,107.28,1831.0
2024-11-06 09:54:00,107.19,107.19,107.19,107.19,184.0
2024-11-06 10:02:00,107.16,107.16,107.16,107.16,307.0
2024-11-06 10:04:00,107.06,107.06,107.05,107.06,1065.0
2024-11-06 10:06:00,106.95,106.95,106.95,106.95,509.0
2024-11-06 10:10:00,106.86,106.86,106.85,106.86,1159.0
2024-11-06 10:12:00,106.9,106.93,106.9,106.92,1321.0
2024-11-06 10:14:00,106.97,106.97,106.89,106.9,843.0
2024-11-06 10:16:00,106.9,106.9,106.9,106.9,108.0
2024-11-06 10:20:00,106.97,106.97,106.97,106.97,525.0
2024-11-06 10:24:00,106.98,106.98,106.98,106.98,532.0
2024-11-06 10:26:00,106.95,106.95,106.95,106.95,227.0
2024-11-06 10:30:00,106.92,107.01,106.92,107.01,3431.0
2024-11-06 10:34:00,107.0,107.0,107.0,107.0,1019.0
2024-11-06 10:36:00,107.03,107.03,107.0,107.0,1597.0
2024-11-06 10:38:00,107.0,107.0,107.0,107.0,1314.0
2024-11-06 10:40:00,107.01,107.01,107.0,107.0,2280.0
2024-11-06 10:42:00,107.0,107.0,107.0,107.0,690.0
2024-11-06 10:44:00,107.0,107.09,107.0,107.09,1821.0
2024-11-06 10:46:00,107.01,107.01,107.01,107.01,165.0
2024-11-06 10:48:00,107.1,107.1,107.0,107.0,1662.0
2024-11-06 10:50:00,107.0,107.04,107.0,107.04,3219.0
2024-11-06 10:52:00,107.04,107.05,107.0,107.05,2662.0
2024-11-06 10:54:00,107.0,107.1,107.0,107.1,5504.0
2024-11-06 10:56:00,107.19,107.2,107.17,107.17,475.0
2024-11-06 10:58:00,107.18,107.18,107.18,107.18,387.0
2024-11-06 11:06:00,107.1,107.15,107.09,107.15,2844.0
2024-11-06 11:08:00,107.15,107.15,107.1,107.1,446.0
2024-11-06 11:12:00,107.13,107.13,107.1,107.1,1561.0
2024-11-06 11:16:00,107.13,107.13,107.1,107.12,1471.0
2024-11-06 11:18:00,107.13,107.13,107.11,107.11,474.0
2024-11-06 11:20:00,107.15,107.18,107.1,107.18,1896.0
2024-11-06 11:24:00,107.11,107.15,107.11,107.15,1367.0
2024-11-06 11:26:00,107.12,107.12,107.12,107.12,596.0
2024-11-06 11:28:00,107.1,107.1,107.1,107.1,1513.0
2024-11-06 11:30:00,107.11,107.31,107.1,107.14,2806.0
2024-11-06 11:32:00,107.37,107.51,107.37,107.5,5198.0
2024-11-06 11:34:00,107.5,107.5,107.5,107.5,6939.0
2024-11-06 11:36:00,107.38,107.38,107.38,107.38,479.0
2024-11-06 11:38:00,107.15,107.15,107.14,107.14,1707.0
2024-11-06 11:40:00,107.19,107.2,107.13,107.14,7167.0
2024-11-06 11:42:00,107.2,107.2,107.2,107.2,3220.0
2024-11-06 11:44:00,107.36,107.49,107.36,107.49,1188.0
2024-11-06 11:46:00,107.38,107.38,107.38,107.38,398.0
2024-11-06 11:48:00,107.33,107.33,107.33,107.33,250.0
2024-11-06 11:50:00,107.21,107.25,107.2,107.2,1664.0
2024-11-06 11:52:00,107.07,107.07,106.65,106.65,7662.0
2024-11-06 11:54:00,106.59,106.65,106.59,106.65,2322.0
2024-11-06 11:56:00,106.7,106.7,106.7,106.7,1598.0
2024-11-06 11:58:00,106.92,106.92,106.45,106.45,1451.0
2024-11-06 12:00:00,106.69,106.8,106.4,106.4,6811.0
2024-11-06 12:02:00,106.59,106.66,106.59,106.61,2245.0
2024-11-06 12:04:00,106.7,106.85,106.66,106.85,1495.0
2024-11-06 12:06:00,106.85,106.85,106.85,106.85,705.0
2024-11-06 12:08:00,106.9,106.9,106.84,106.89,1173.0
2024-11-06 12:14:00,106.83,106.83,106.83,106.83,266.0
2024-11-06 12:16:00,106.83,106.9,106.72,106.9,3514.0
2024-11-06 12:18:00,106.8,106.8,106.8,106.8,377.0
2024-11-06 12:20:00,106.7,107.01,106.66,107.01,5692.0
2024-11-06 12:22:00,107.0,107.1,107.0,107.04,1314.0
2024-11-06 12:24:00,107.0,107.01,107.0,107.01,1104.0
2024-11-06 12:26:00,107.06,107.06,107.02,107.02,828.0
2024-11-06 12:28:00,107.03,107.5,107.03,107.5,15507.0
2024-11-06 12:30:00,107.54,107.54,107.21,107.21,2183.0
2024-11-06 12:32:00,107.3,107.3,107.08,107.09,5393.0
2024-11-06 12:34:00,107.09,107.09,107.03,107.03,3587.0
2024-11-06 12:36:00,107.08,107.09,107.08,107.09,6660.0
2024-11-06 12:38:00,107.2,107.25,107.15,107.18,1610.0
2024-11-06 12:42:00,107.09,107.1,107.0,107.1,1928.0
2024-11-06 12:44:00,107.2,107.3,107.14,107.27,1432.0
2024-11-06 12:46:00,107.25,107.25,107.05,107.2,1704.0
2024-11-06 12:48:00,107.3,107.3,107.3,107.3,558.0
2024-11-06 12:50:00,107.15,107.15,107.15,107.15,872.0
2024-11-06 12:54:00,107.13,107.32,107.13,107.32,2621.0
2024-11-06 12:56:00,107.2,107.2,107.2,107.2,211.0
2024-11-06 12:58:00,107.33,107.4,107.33,107.4,800.0
2024-11-06 13:00:00,106.8,107.4828,105.95,107.3,58802.0
2024-11-06 13:02:00,107.25,107.32,107.2205,107.32,6269.0
2024-11-06 13:04:00,107.2416,107.29,107.24,107.28,1691.0
2024-11-06 13:06:00,107.3,107.3,107.19,107.19,7977.0
2024-11-06 13:08:00,107.2,107.34,107.2,107.34,1416.0
2024-11-06 13:10:00,107.33,107.4495,107.33,107.4495,8061.0
2024-11-06 13:12:00,107.35,107.35,107.35,107.35,2153.0
2024-11-06 13:14:00,107.35,107.35,107.35,107.35,1396.0
2024-11-06 13:16:00,107.35,107.35,107.35,107.35,1775.0
2024-11-06 13:18:00,107.3101,107.3119,107.3101,107.3107,2929.0
2024-11-06 13:20:00,107.35,107.35,107.3103,107.3103,1820.0
2024-11-06 13:22:00,107.3105,107.4,107.31,107.4,4745.0
2024-11-06 13:24:00,107.3117,107.3117,107.2501,107.2501,7483.0
2024-11-06 13:26:00,107.25,107.3,107.2,107.2,4887.0
2024-11-06 13:28:00,107.25,107.25,107.2002,107.2002,1467.0
2024-11-06 13:30:00,107.35,107.35,107.3468,107.3468,907.0
2024-11-06 13:32:00,107.33,107.35,107.33,107.35,1542.0
2024-11-06 13:34:00,107.383,107.39,107.2602,107.37,3904.0
2024-11-06 13:36:00,107.3,107.41,107.3,107.41,2302.0
2024-11-06 13:38:00,107.325,107.325,107.325,107.325,543.0
2024-11-06 13:40:00,107.4177,107.4177,107.3985,107.3994,3525.0
2024-11-06 13:42:00,107.33,107.39,107.3,107.3,2499.0
2024-11-06 13:44:00,107.31,107.35,107.3,107.3,1741.0
2024-11-06 13:46:00,107.26,107.43,107.26,107.43,13436.0
2024-11-06 13:48:00,107.44,107.44,107.3,107.3,2127.0
2024-11-06 13:50:00,107.3,107.3,107.27,107.2707,12611.0
2024-11-06 13:52:00,107.27,107.35,107.27,107.35,7670.0
2024-11-06 13:54:00,107.4496,107.49,107.4,107.42,2882.0
2024-11-06 13:56:00,107.4491,107.5414,107.4491,107.5414,5531.0
2024-11-06 13:58:00,107.46,107.46,107.46,107.46,1362.0
2024-11-06 14:00:00,107.4,107.4,107.34,107.34,3316.0
2024-11-06 14:02:00,107.2101,107.2101,107.07,107.1,29100.0
2024-11-06 14:04:00,107.09,107.21,107.09,107.14,4230.0
2024-11-06 14:06:00,107.2193,107.2197,107.14,107.15,5461.0
2024-11-06 14:08:00,107.1415,107.18,107.1415,107.18,935.0
2024-11-06 14:10:00,107.2483,107.25,107.05,107.05,3538.0
2024-11-06 14:12:00,107.0711,107.09,107.02,107.0201,5408.0
2024-11-06 14:14:00,107.02,107.2,107.02,107.2,4249.0
2024-11-06 14:18:00,107.2,107.2499,107.15,107.2499,5508.0
2024-11-06 14:20:00,107.25,107.25,107.13,107.15,5388.0
2024-11-06 14:22:00,107.1,107.1,107.1,107.1,1246.0
2024-11-06 14:24:00,107.02,107.7,107.02,107.06,11789.0
2024-11-06 14:26:00,107.0,107.93,107.0,107.84,8524.0
2024-11-06 14:28:00,108.0,108.47,107.98,108.33,17242.0
2024-11-06 14:30:00,108.38,109.05,107.69,108.82,812382.0
2024-11-06 14:32:00,108.835,109.06,108.2718,108.85,388606.0
2024-11-06 14:34:00,108.86,108.9088,107.69,108.03,205838.0
2024-11-06 14:36:00,108.045,108.375,107.9,108.1501,133676.0
2024-11-06 14:38:00,108.14,108.43,108.1,108.315,98772.0
2024-11-06 14:40:00,108.32,108.803,108.255,108.78,148133.0
2024-11-06 14:42:00,108.7501,108.85,108.41,108.5,136278.0
2024-11-06 14:44:00,108.55,108.62,107.87,107.93,255694.0
2024-11-06 14:46:00,107.945,107.97,107.575,107.755,210312.0
2024-11-06 14:48:00,107.76,107.93,107.59,107.875,164631.0
2024-11-06 14:50:00,107.89,108.0,107.63,107.939,137828.0
2024-11-06 14:52:00,107.94,108.15,107.62,107.845,119138.0
2024-11-06 14:54:00,107.89,107.92,107.5105,107.785,73927.0
2024-11-06 14:56:00,107.78,107.83,107.46,107.46,109035.0
2024-11-06 14:58:00,107.48,107.66,107.0,107.56,183458.0
2024-11-06 15:00:00,107.62,108.19,107.62,108.162,141074.0
2024-11-06 15:02:00,108.16,108.17,107.86,108.05,77010.0
2024-11-06 15:04:00,108.09,108.09,107.68,107.755,72820.0
2024-11-06 15:06:00,107.745,107.85,107.53,107.745,80656.0
2024-11-06 15:08:00,107.73,107.805,107.53,107.79,91416.0
2024-11-06 15:10:00,107.76,108.04,107.705,108.04,81387.0
2024-11-06 15:12:00,108.03,108.23,107.91,108.205,72490.0
2024-11-06 15:14:00,108.1967,108.235,108.04,108.06,38677.0
2024-11-06 15:16:00,108.12,108.42,108.0469,108.4,73275.0
2024-11-06 15:18:00,108.4001,108.56,108.33,108.49,89684.0
2024-11-06 15:20:00,108.51,108.64,108.44,108.5,76601.0
2024-11-06 15:22:00,108.4954,108.67,108.46,108.5801,81436.0
2024-11-06 15:24:00,108.59,108.76,108.54,108.69,77629.0
2024-11-06 15:26:00,108.67,108.83,108.65,108.8,89949.0
2024-11-06 15:28:00,108.8,108.97,108.7974,108.86,114001.0
2024-11-06 15:30:00,108.87,109.1,108.72,109.0899,156156.0
2024-11-06 15:32:00,109.09,109.09,108.9,108.92,50981.0
2024-11-06 15:34:00,108.95,109.16,108.95,109.11,95520.0
2024-11-06 15:36:00,109.1,109.11,108.78,108.94,61162.0
2024-11-06 15:38:00,108.97,109.08,108.88,108.93,62282.0
2024-11-06 15:40:00,108.935,109.12,108.76,109.11,105605.0
2024-11-06 15:42:00,109.11,109.27,108.98,109.27,126956.0
2024-11-06 15:44:00,109.26,109.56,109.19,109.56,180526.0
2024-11-06 15:46:00,109.56,109.69,109.4,109.64,196065.0
2024-11-06 15:48:00,109.65,109.71,109.5,109.7,76423.0
2024-11-06 15:50:00,109.7,109.74,109.42,109.625,78796.0
2024-11-06 15:52:00,109.637,109.655,109.46,109.4684,56389.0
2024-11-06 15:54:00,109.48,109.58,109.415,109.43,70429.0
2024-11-06 15:56:00,109.48,109.55,109.4124,109.441088,93179.0
2024-11-06 15:58:00,109.46,109.54,109.38,109.51,152070.0
2024-11-06 16:00:00,109.51,109.66,109.46,109.47,124061.0
2024-11-06 16:02:00,109.47,109.49,109.29,109.48,47901.0
2024-11-06 16:04:00,109.46,109.57,109.35,109.4305,146160.0
2024-11-06 16:06:00,109.43,109.45,109.1,109.13,57837.0
2024-11-06 16:08:00,109.13,109.32,109.1,109.22,70940.0
2024-11-06 16:10:00,109.26,109.48,109.26,109.36,45186.0
2024-11-06 16:12:00,109.3554,109.55,109.29,109.51,63576.0
2024-11-06 16:14:00,109.505,109.8501,109.505,109.84,89225.0
2024-11-06 16:16:00,109.84,109.88,109.72,109.82,101041.0
2024-11-06 16:18:00,109.8001,109.83,109.69,109.81,42434.0
2024-11-06 16:20:00,109.78,109.8,109.65,109.75,50873.0
2024-11-06 16:22:00,109.7272,109.8105,109.64,109.8105,153789.0
2024-11-06 16:24:00,109.81,109.99,109.8,109.965,85746.0
2024-11-06 16:26:00,109.97,110.22,109.9631,110.22,250855.0
2024-11-06 16:28:00,110.22,110.25,110.12,110.17,95266.0
2024-11-06 16:30:00,110.18,110.19,110.06,110.11,54412.0
2024-11-06 16:32:00,110.12,110.2301,110.1101,110.2175,62754.0
2024-11-06 16:34:00,110.2126,110.34,110.14,110.32,96520.0
2024-11-06 16:36:00,110.33,110.47,110.33,110.39,75042.0
2024-11-06 16:38:00,110.395,110.61,110.39,110.6,79791.0
2024-11-06 16:40:00,110.6,110.675,110.519,110.5602,66765.0
2024-11-06 16:42:00,110.56,110.625,110.46,110.6,92827.0
2024-11-06 16:44:00,110.604,110.604,110.4,110.5114,80437.0
2024-11-06 16:46:00,110.52,110.585,110.4001,110.505,58912.0
2024-11-06 16:48:00,110.505,110.5075,110.43,110.45,43435.0
2024-11-06 16:50:00,110.47,110.54,110.37,110.54,86680.0
2024-11-06 16:52:00,110.54,110.54,110.41,110.485,51729.0
2024-11-06 16:54:00,110.49,110.6099,110.45,110.6,40530.0
2024-11-06 16:56:00,110.59,110.615,110.5101,110.58,43176.0
2024-11-06 16:58:00,110.59,110.59,110.5,110.539,33979.0
2024-11-06 17:00:00,110.53,110.53,110.38,110.465,62877.0
2024-11-06 17:02:00,110.48,110.66,110.42,110.63,93975.0
2024-11-06 17:04:00,110.6499,110.69,110.6,110.6,39156.0
2024-11-06 17:06:00,110.595,110.77,110.595,110.75,64091.0
2024-11-06 17:08:00,110.7485,110.75,110.69,110.69,29966.0
2024-11-06 17:10:00,110.675,110.8709,110.67,110.87,70941.0
2024-11-06 17:12:00,110.87,110.94,110.8,110.9,41442.0
2024-11-06 17:14:00,110.9277,110.94,110.8,110.85,38299.0
2024-11-06 17:16:00,110.84,110.94,110.7101,110.94,67876.0
2024-11-06 17:18:00,110.93,110.94,110.85,110.92,37825.0
2024-11-06 17:20:00,110.929,110.9499,110.88,110.915,32596.0
2024-11-06 17:22:00,110.91,110.95,110.87,110.95,34491.0
2024-11-06 17:24:00,110.95,111.11,110.95,111.02,155698.0
2024-11-06 17:26:00,111.0201,111.31,111.0143,111.2999,65063.0
2024-11-06 17:28:00,111.295,111.33,111.22,111.26,202215.0
2024-11-06 17:30:00,111.268,111.305,111.0939,111.11,60479.0
2024-11-06 17:32:00,111.12,111.12,111.0187,111.1121,54664.0
2024-11-06 17:34:00,111.1,111.16,111.0,111.01,81099.0
2024-11-06 17:36:00,111.01,111.09,110.93,110.9794,68668.0
2024-11-06 17:38:00,110.98,111.0288,110.925,110.995,31240.0
2024-11-06 17:40:00,111.01,111.12,110.99,111.08,30112.0
2024-11-06 17:42:00,111.0876,111.13,111.07,111.115,44678.0
2024-11-06 17:44:00,111.115,111.16,111.0214,111.0567,118454.0
2024-11-06 17:46:00,111.05,111.11,110.9023,110.9494,37617.0
2024-11-06 17:48:00,110.95,111.12,110.95,111.089,38768.0
2024-11-06 17:50:00,111.0899,111.12,110.94,110.94,42084.0
2024-11-06 17:52:00,110.935,110.99,110.93,110.96,34456.0
2024-11-06 17:54:00,110.955,110.995,110.925,110.93,36934.0
2024-11-06 17:56:00,110.93,111.1,110.93,111.07,37100.0
2024-11-06 17:58:00,111.06,111.115,111.0502,111.1,29533.0
2024-11-06 18:00:00,111.1,111.12,111.02,111.07,43271.0
2024-11-06 18:02:00,111.07,111.18,111.0645,111.16,81258.0
2024-11-06 18:04:00,111.17,111.18,111.06,111.08,34920.0
2024-11-06 18:06:00,111.09,111.11,110.99,111.09,30790.0
2024-11-06 18:08:00,111.06,111.14,111.045,111.085,31186.0
2024-11-06 18:10:00,111.08,111.13,110.99,111.02,28635.0
2024-11-06 18:12:00,111.02,111.1099,111.02,111.03,27423.0
2024-11-06 18:14:00,111.01,111.1,111.01,111.06,29053.0
2024-11-06 18:16:00,111.08,111.1,110.995,111.06,23620.0
2024-11-06 18:18:00,111.065,111.11,111.03,111.1,25955.0
2024-11-06 18:20:00,111.1,111.14,111.08,111.08,29217.0
2024-11-06 18:22:00,111.07,111.07,110.925,111.02,32984.0
2024-11-06 18:24:00,111.02,111.02,110.87,110.95,44902.0
2024-11-06 18:26:00,110.93,111.0299,110.89,111.0299,38165.0
2024-11-06 18:28:00,111.01,111.05,110.98,111.01,41030.0
2024-11-06 18:30:00,111.01,111.1,110.99,111.0193,38608.0
2024-11-06 18:32:00,111.01,111.08,110.97,111.01,47975.0
2024-11-06 18:34:00,111.0,111.0357,110.96,111.02,49262.0
2024-11-06 18:36:00,111.02,111.075,111.0,111.06,60014.0
2024-11-06 18:38:00,111.06,111.1,110.995,111.02,55885.0
2024-11-06 18:40:00,111.02,111.0799,110.985,111.0799,61118.0
2024-11-06 18:42:00,111.04,111.22,111.0,111.21,55028.0
2024-11-06 18:44:00,111.195,111.245,111.1202,111.21,30426.0
2024-11-06 18:46:00,111.21,111.3,111.19,111.295,38065.0
2024-11-06 18:48:00,111.3,111.44,111.29,111.41,53236.0
2024-11-06 18:50:00,111.42,111.445,111.35,111.42,42310.0
2024-11-06 18:52:00,111.4,111.4,111.0023,111.036,64576.0
2024-11-06 18:54:00,111.08,111.1235,111.0,111.115,37362.0
2024-11-06 18:56:00,111.1,111.11,110.89,111.11,184477.0
2024-11-06 18:58:00,111.12,111.25,111.05,111.238,102218.0
2024-11-06 19:00:00,111.24,111.4,111.222,111.39,38059.0
2024-11-06 19:02:00,111.395,111.47,111.379,111.44,52547.0
2024-11-06 19:04:00,111.435,111.49,111.39,111.42,50774.0
2024-11-06 19:06:00,111.415,111.45,111.33,111.44,55417.0
2024-11-06 19:08:00,111.44,111.56,111.44,111.46,126664.0
2024-11-06 19:10:00,111.44,111.44,111.2,111.2,39720.0
2024-11-06 19:12:00,111.19,111.2851,111.18,111.28,43668.0
2024-11-06 19:14:00,111.29,111.31,111.1101,111.1101,38288.0
2024-11-06 19:16:00,111.115,111.18,111.054,111.11,42860.0
2024-11-06 19:18:00,111.115,111.16,111.07,111.1324,30874.0
2024-11-06 19:20:00,111.14,111.17,111.11,111.12,33551.0
2024-11-06 19:22:00,111.14,111.25,111.1,111.25,57690.0
2024-11-06 19:24:00,111.24,111.395,111.24,111.37,51343.0
2024-11-06 19:26:00,111.3618,111.47,111.34,111.445,33662.0
2024-11-06 19:28:00,111.425,111.48,111.4,111.448,39292.0
2024-11-06 19:30:00,111.44,111.52,111.43,111.49,54149.0
2024-11-06 19:32:00,111.49,111.49,111.335,111.405,38211.0
2024-11-06 19:34:00,111.4,111.43,111.26,111.37,52674.0
2024-11-06 19:36:00,111.36,111.445,111.345,111.4,35121.0
2024-11-06 19:38:00,111.408,111.408,111.33,111.33,25191.0
2024-11-06 19:40:00,111.33,111.35,111.26,111.325,54657.0
2024-11-06 19:42:00,111.32,111.37,111.28,111.28,37460.0
2024-11-06 19:44:00,111.28,111.4254,111.27,111.41,40801.0
2024-11-06 19:46:00,111.4113,111.42,111.2397,111.27,44710.0
2024-11-06 19:48:00,111.263792,111.32,111.26,111.27,36449.0
2024-11-06 19:50:00,111.27,111.295,111.22,111.26,27894.0
2024-11-06 19:52:00,111.25,111.315,111.19,111.27,48439.0
2024-11-06 19:54:00,111.27,111.28,111.22,111.23,25823.0
2024-11-06 19:56:00,111.23,111.32,111.23,111.26,25649.0
2024-11-06 19:58:00,111.26,111.31,111.245,111.27,43002.0
2024-11-06 20:00:00,111.27,111.31,111.23,111.275,47751.0
2024-11-06 20:02:00,111.26,111.36,111.25,111.34,32325.0
2024-11-06 20:04:00,111.34,111.34,111.19,111.255,37049.0
2024-11-06 20:06:00,111.26,111.42,111.26,111.4097,34604.0
2024-11-06 20:08:00,111.405,111.44,111.3501,111.44,27284.0
2024-11-06 20:10:00,111.45,111.55,111.445,111.52,45877.0
2024-11-06 20:12:00,111.53,111.565,111.505,111.55,44107.0
2024-11-06 20:14:00,111.56,111.6,111.54,111.585,54073.0
2024-11-06 20:16:00,111.58,111.66,111.54,111.63,95485.0
2024-11-06 20:18:00,111.6375,111.77,111.615,111.765,83058.0
2024-11-06 20:20:00,111.76,111.8184,111.696,111.75,55642.0
2024-11-06 20:22:00,111.76,111.86,111.74,111.76,58336.0
2024-11-06 20:24:00,111.75,111.87,111.63,111.87,68954.0
2024-11-06 20:26:00,111.86,111.99,111.83,111.96,79538.0
2024-11-06 20:28:00,111.965,112.16,111.965,112.14,194237.0
2024-11-06 20:30:00,112.14,112.16,111.9901,112.05,88227.0
2024-11-06 20:32:00,112.05,112.055,111.94,111.96,87868.0
2024-11-06 20:34:00,111.96,112.04,111.911739,111.98,82193.0
2024-11-06 20:36:00,111.97,112.05,111.91,112.0,65499.0
2024-11-06 20:38:00,111.995,112.0599,111.96,112.02,69225.0
2024-11-06 20:40:00,112.02,112.095,111.973,112.085,77633.0
2024-11-06 20:42:00,112.085,112.2,112.03,112.2,78441.0
2024-11-06 20:44:00,112.19,112.32,112.19,112.28,126718.0
2024-11-06 20:46:00,112.285,112.3,112.01,112.09,141875.0
2024-11-06 20:48:00,112.09,112.1659,112.03,112.13,140151.0
2024-11-06 20:50:00,112.12,112.12,111.89,111.955,205060.0
2024-11-06 20:52:00,111.95,111.975,111.72,111.9,164904.0
2024-11-06 20:54:00,111.89,111.91,111.71,111.725,189370.0
2024-11-06 20:56:00,111.73,111.86,111.7,111.825,250627.0
2024-11-06 20:58:00,111.83,111.92,111.78,111.87,513210.0
2024-11-06 21:00:00,111.83,111.96,111.65,111.96,108507.0
2024-11-06 21:02:00,112.0,112.03,111.89,111.95,6200.0
2024-11-06 21:04:00,111.96,111.96,111.83,111.95,402051.0
2024-11-06 21:06:00,111.9,111.95,111.83,111.85,45482.0
2024-11-06 21:08:00,111.67,111.9,111.67,111.85,1758.0
2024-11-06 21:10:00,111.8,111.8,111.671,111.671,673.0
2024-11-06 21:14:00,111.671,111.68,111.671,111.68,583.0
2024-11-06 21:16:00,111.7499,111.7499,111.5,111.5,2835.0
2024-11-06 21:18:00,111.65,111.72,111.51,111.72,2170.0
2024-11-06 21:20:00,111.63,111.75,111.63,111.75,1378.0
2024-11-06 21:22:00,111.73,111.73,111.6,111.6,451.0
2024-11-06 21:24:00,111.75,111.76,111.75,111.76,717.0
2024-11-06 21:26:00,111.76,111.76,111.75,111.75,729.0
2024-11-06 21:28:00,111.5918,111.8,111.5918,111.8,709.0
2024-11-06 21:32:00,111.79,111.7935,111.79,111.7935,331.0
2024-11-06 21:34:00,111.65,111.72,111.62,111.65,3319.0
2024-11-06 21:38:00,111.6201,111.63,111.5181,111.56,3106.0
2024-11-06 21:40:00,111.62,111.68,111.62,111.68,1493.0
2024-11-06 21:42:00,111.83,111.83,111.7,111.79,2343.0
2024-11-06 21:46:00,111.82,111.82,111.82,111.82,598.0
2024-11-06 21:48:00,111.83,111.88,111.83,111.85,1734.0
2024-11-06 21:50:00,111.84,111.85,111.81,111.85,1740.0
2024-11-06 21:54:00,111.9,111.99,111.9,111.99,2214.0
2024-11-06 21:56:00,112.0,112.0,112.0,112.0,70662.0
2024-11-06 21:58:00,112.02,112.02,112.02,112.02,116.0
2024-11-06 22:00:00,111.92,112.009,111.92,112.009,1538.0
2024-11-06 22:04:00,111.9,112.01,111.88,111.88,1219.0
2024-11-06 22:06:00,111.88,111.88,111.88,111.88,1119.0
2024-11-06 22:08:00,112.0,112.0,112.0,112.0,562.0
2024-11-06 22:10:00,111.99,112.0,111.99,112.0,5066.0
2024-11-06 22:14:00,111.83,111.83,111.83,111.83,585.0
2024-11-06 22:20:00,111.98,111.98,111.98,111.98,869.0
2024-11-06 22:22:00,111.97,111.97,111.97,111.97,1138.0
2024-11-06 22:24:00,111.83,111.86,111.83,111.86,35236.0
2024-11-06 22:26:00,111.91,111.91,111.91,111.91,353.0
2024-11-06 22:28:00,111.94,111.94,111.94,111.94,197.0
2024-11-06 22:32:00,111.84,111.84,111.84,111.84,479.0
2024-11-06 22:34:00,111.9,111.9,111.9,111.9,325.0
2024-11-06 22:36:00,111.9,111.9,111.9,111.9,861.0
2024-11-06 22:44:00,111.8188,111.8188,111.78,111.78,439.0
2024-11-06 22:50:00,111.73,111.73,111.72,111.7292,1062.0
2024-11-06 22:52:00,111.7118,111.7118,111.7118,111.7118,204.0
2024-11-06 22:54:00,111.7,111.7,111.7,111.7,454.0
2024-11-06 22:58:00,111.62,111.62,111.62,111.62,649.0
2024-11-06 23:00:00,111.6,111.6,111.6,111.6,367.0
2024-11-06 23:02:00,111.6,111.6196,111.6,111.6196,309.0
2024-11-06 23:04:00,111.52,111.52,111.51,111.51,1017.0
2024-11-06 23:08:00,111.5103,111.5103,111.5103,111.5103,300.0
2024-11-06 23:12:00,111.506,111.57,111.506,111.57,1543.0
2024-11-06 23:14:00,111.55,111.6,111.55,111.6,898.0
2024-11-06 23:16:00,111.6,111.6,111.57,111.6,353.0
2024-11-06 23:20:00,111.6,111.6,111.6,111.6,1048.0
2024-11-06 23:22:00,111.7188,111.7188,111.7188,111.7188,226.0
2024-11-06 23:26:00,111.6255,111.72,111.6255,111.72,1282.0
2024-11-06 23:28:00,111.65,111.65,111.65,111.65,355.0
2024-11-06 23:30:00,111.72,111.8,111.72,111.8,4818.0
2024-11-06 23:32:00,111.9,111.9,111.82,111.82,2149.0
2024-11-06 23:34:00,111.54,111.5488,111.54,111.5488,1119.0
2024-11-06 23:38:00,111.5757,111.5757,111.5757,111.5757,398.0
2024-11-06 23:44:00,111.75,111.8,111.75,111.8,700.0
2024-11-06 23:46:00,111.8,111.8,111.5797,111.63,999.0
2024-11-06 23:48:00,111.5797,111.5797,111.5797,111.5797,130.0
2024-11-06 23:50:00,111.65,111.65,111.65,111.65,797.0
2024-11-06 23:52:00,111.7865,111.7883,111.614,111.614,1107.0
2024-11-06 23:54:00,111.75,111.75,111.6501,111.6501,1804.0
2024-11-06 23:56:00,111.65,111.65,111.65,111.65,517.0
2024-11-06 23:58:00,111.65,111.65,111.6,111.6,904.0
2024-11-07 00:02:00,111.5227,111.56,111.5227,111.56,855.0
2024-11-07 00:04:00,111.51,111.549,111.51,111.549,804.0
2024-11-07 00:06:00,111.5,111.5,111.5,111.5,315.0
2024-11-07 00:08:00,111.5,111.54,111.5,111.54,555.0
2024-11-07 00:10:00,111.5,111.55,111.5,111.55,395.0
2024-11-07 00:12:00,111.55,111.55,111.53,111.53,438.0
2024-11-07 00:14:00,111.5,111.5,111.5,111.5,394.0
2024-11-07 00:16:00,111.5,111.51,111.5,111.51,972.0
2024-11-07 00:18:00,111.49,111.49,111.49,111.49,268.0
2024-11-07 00:20:00,111.5278,111.5278,111.5278,111.5278,744.0
2024-11-07 00:26:00,111.15,111.15,111.15,111.15,245.0
2024-11-07 00:28:00,111.15,111.1516,111.15,111.1516,311.0
2024-11-07 00:30:00,111.15,111.1801,111.15,111.1801,776.0
2024-11-07 00:32:00,111.18,111.22,111.17,111.2,2437.0
2024-11-07 00:34:00,111.17,111.1993,111.17,111.1993,450.0
2024-11-07 00:40:00,111.25,111.25,111.1701,111.1701,880.0
2024-11-07 00:42:00,111.18,111.18,111.18,111.18,300.0
2024-11-07 00:44:00,111.21,111.21,111.2,111.2,1143.0
2024-11-07 00:46:00,111.2,111.2,111.2,111.2,605.0
2024-11-07 00:48:00,111.3,111.3,111.2,111.2499,811.0
2024-11-07 00:52:00,111.17,111.17,111.17,111.17,810.0
2024-11-07 00:54:00,111.17,111.2524,111.1015,111.1015,1297.0
2024-11-07 00:56:00,111.1,111.1,111.0,111.0,1592.0
2024-11-07 00:58:00,111.03,111.1996,111.03,111.05,549.0
2024-11-07 09:00:00,111.5,111.85,111.28,111.85,1222.0
2024-11-07 09:02:00,111.59,111.61,111.5,111.5,1063.0
2024-11-07 09:04:00,111.34,111.34,111.3,111.3,2056.0
2024-11-07 09:06:00,111.44,111.45,111.28,111.28,2604.0
2024-11-07 09:10:00,111.43,111.43,111.43,111.43,270.0
2024-11-07 09:16:00,111.5,111.5,111.5,111.5,351.0
2024-11-07 09:18:00,111.59,111.59,111.59,111.59,516.0
2024-11-07 09:26:00,111.79,111.79,111.79,111.79,662.0
2024-11-07 09:28:00,111.8,111.8,111.8,111.8,641.0
2024-11-07 09:30:00,111.8,111.8,111.8,111.8,258.0
2024-11-07 09:34:00,112.0,112.0,112.0,112.0,992.0
2024-11-07 09:36:00,112.01,112.01,112.01,112.01,320.0
2024-11-07 09:38:00,111.95,112.04,111.95,112.04,1003.0
2024-11-07 09:40:00,112.04,112.13,112.04,112.13,749.0
2024-11-07 09:42:00,112.13,112.13,112.13,112.13,144.0
2024-11-07 09:48:00,112.14,112.14,112.14,112.14,256.0
2024-11-07 09:50:00,112.14,112.14,112.11,112.11,1469.0
2024-11-07 09:52:00,112.16,112.16,112.16,112.16,302.0
2024-11-07 09:54:00,112.16,112.16,112.16,112.16,469.0
2024-11-07 09:56:00,112.28,112.49,112.28,112.49,2620.0
2024-11-07 09:58:00,112.46,112.46,112.4,112.42,3793.0
2024-11-07 10:00:00,112.31,112.31,112.25,112.25,1907.0
2024-11-07 10:02:00,112.44,112.45,112.43,112.44,1028.0
2024-11-07 10:04:00,112.44,112.51,112.44,112.5,2904.0
2024-11-07 10:06:00,112.55,112.55,112.55,112.55,818.0
2024-11-07 10:12:00,112.51,112.51,112.44,112.44,3601.0
2024-11-07 10:14:00,112.44,112.44,112.44,112.44,100.0
2024-11-07 10:16:00,112.45,112.45,112.45,112.45,496.0
2024-11-07 10:54:00,112.39,112.39,112.39,112.39,156.0
2024-11-07 11:08:00,112.35,112.4,112.35,112.4,814.0
2024-11-07 11:14:00,112.29,112.29,112.29,112.29,219.0
2024-11-07 11:20:00,112.2,112.2,112.2,112.2,349.0
2024-11-07 11:30:00,112.38,113.05,112.38,113.05,25039.0
2024-11-07 11:34:00,112.85,112.93,112.85,112.93,1052.0
2024-11-07 11:36:00,112.85,112.9,112.83,112.83,2961.0
2024-11-07 11:44:00,112.7,112.7,112.69,112.69,503.0
2024-11-07 12:00:00,112.56,112.56,112.51,112.51,1429.0
2024-11-07 12:02:00,112.61,112.64,112.6,112.64,904.0
2024-11-07 12:04:00,112.6,112.74,112.6,112.74,3386.0
2024-11-07 12:06:00,112.73,112.94,112.73,112.92,2556.0
2024-11-07 12:10:00,112.8,112.89,112.8,112.87,1508.0
2024-11-07 12:12:00,112.9,112.9,112.86,112.87,977.0
2024-11-07 12:14:00,112.89,112.9,112.72,112.72,4407.0
2024-11-07 12:16:00,112.7,112.7,112.7,112.7,901.0
2024-11-07 12:18:00,112.66,112.66,112.66,112.66,525.0
2024-11-07 12:20:00,112.59,112.59,112.59,112.59,637.0
2024-11-07 12:24:00,112.66,112.69,112.65,112.69,1448.0
2024-11-07 12:28:00,112.73,112.73,112.73,112.73,229.0
2024-11-07 12:30:00,112.83,112.83,112.83,112.83,304.0
2024-11-07 12:32:00,112.85,112.85,112.84,112.84,1722.0
2024-11-07 12:38:00,112.85,112.85,112.8,112.85,1274.0
2024-11-07 12:40:00,112.85,112.85,112.85,112.85,202.0
2024-11-07 12:42:00,112.8,112.8,112.76,112.76,685.0
2024-11-07 12:44:00,112.77,112.77,112.77,112.77,458.0
2024-11-07 12:46:00,112.85,112.85,112.85,112.85,128.0
2024-11-07 12:50:00,112.8,112.8,112.8,112.8,518.0
2024-11-07 12:52:00,112.8,112.8,112.8,112.8,467.0
2024-11-07 12:54:00,112.86,112.86,112.81,112.81,759.0
2024-11-07 12:56:00,112.87,112.87,112.87,112.87,787.0
2024-11-07 12:58:00,112.85,112.85,112.85,112.85,125.0
2024-11-07 13:00:00,112.6,112.89,111.25,111.5,22405.0
2024-11-07 13:02:00,112.82,112.8991,112.82,112.8991,1851.0
2024-11-07 13:04:00,112.83,112.83,112.72,112.72,4568.0
2024-11-07 13:06:00,112.6419,112.79,112.6419,112.7,2993.0
2024-11-07 13:08:00,112.8691,112.8691,112.8691,112.8691,1949.0
2024-11-07 13:10:00,112.795,112.81,112.795,112.81,295.0
2024-11-07 13:12:00,112.86,112.89,112.7685,112.89,2268.0
2024-11-07 13:14:00,112.89,112.9,112.8,112.88,2219.0
2024-11-07 13:16:00,112.78,112.92,112.78,112.85,3379.0
2024-11-07 13:18:00,112.91,112.91,112.85,112.85,1854.0
2024-11-07 13:22:00,112.81,112.81,112.62,112.62,4775.0
2024-11-07 13:28:00,112.7,112.7,112.6341,112.6341,1621.0
2024-11-07 13:30:00,112.63,112.63,112.61,112.61,1334.0
2024-11-07 13:32:00,112.66,112.7586,112.55,112.55,7654.0
2024-11-07 13:34:00,112.63,112.63,112.5,112.5,1471.0
2024-11-07 13:36:00,112.649,112.8,112.649,112.76,2177.0
2024-11-07 13:38:00,112.8,112.95,112.8,112.95,3178.0
2024-11-07 13:40:00,112.92,112.9753,112.8,112.86,3426.0
2024-11-07 13:42:00,112.866,112.98,112.8501,112.9799,5327.0
2024-11-07 13:44:00,112.92,113.01,112.92,112.99,9471.0
2024-11-07 13:46:00,112.99,113.05,112.99,113.05,4045.0
2024-11-07 13:48:00,113.05,113.05,113.0,113.0,1891.0
2024-11-07 13:50:00,113.0,113.0,112.97,112.97,2992.0
2024-11-07 13:52:00,112.9501,112.9671,112.88,112.9,2818.0
2024-11-07 13:54:00,112.85,112.86,112.8,112.8,4926.0
2024-11-07 13:56:00,112.75,112.75,112.75,112.75,751.0
2024-11-07 13:58:00,112.85,112.85,112.85,112.85,2032.0
2024-11-07 14:00:00,112.7059,112.85,112.7059,112.85,1791.0
2024-11-07 14:02:00,112.9,112.9,112.9,112.9,500.0
2024-11-07 14:04:00,112.99,113.05,112.99,113.0,2831.0
2024-11-07 14:06:00,112.856,112.856,112.856,112.856,1311.0
2024-11-07 14:08:00,113.05,113.05,112.9077,113.05,4365.0
2024-11-07 14:10:00,113.02,113.05,112.88,113.04,4246.0
2024-11-07 14:12:00,113.05,113.05,113.0,113.0,918.0
2024-11-07 14:14:00,113.0,113.03,112.99,113.03,1475.0
2024-11-07 14:16:00,112.95,113.0,112.95,113.0,636.0
2024-11-07 14:18:00,113.0,113.0,112.97,112.97,956.0
2024-11-07 14:20:00,112.97,113.01,112.97,113.0001,2935.0
2024-11-07 14:22:00,113.03,113.05,113.03,113.05,3004.0
2024-11-07 14:24:00,113.03,113.03,112.46,112.5,20284.0
2024-11-07 14:26:00,112.52,112.52,112.3,112.3,6742.0
2024-11-07 14:28:00,112.37,112.6053,112.27,112.33,7516.0
2024-11-07 14:30:00,112.5586,112.64,112.12,112.16,414908.0
2024-11-07 14:32:00,112.15,112.17,111.5768,111.864,212346.0
2024-11-07 14:34:00,111.94,112.37,111.9,112.36,139586.0
2024-11-07 14:36:00,112.29,112.4798,111.8301,111.91,147985.0
2024-11-07 14:38:00,111.92,112.01,111.37,111.69,192173.0
2024-11-07 14:40:00,111.695,111.695,111.4,111.55,80909.0
2024-11-07 14:42:00,111.545,112.25,111.435,112.17,249986.0
2024-11-07 14:44:00,112.15,112.18,111.46,111.75,122223.0
2024-11-07 14:46:00,111.75,111.9,111.665,111.875,91524.0
2024-11-07 14:48:00,111.8775,112.22,111.8417,112.01,142470.0
2024-11-07 14:50:00,112.01,112.38,111.93,112.38,130640.0
2024-11-07 14:52:00,112.4,112.73,112.36,112.665,146513.0
2024-11-07 14:54:00,112.6699,112.86,112.52,112.85,128997.0
2024-11-07 14:56:00,112.85,112.93,112.61,112.92,88097.0
2024-11-07 14:58:00,112.94,113.11,112.9181,113.01,191815.0
2024-11-07 15:00:00,112.9701,113.02,112.71,112.78,113601.0
2024-11-07 15:02:00,112.7501,112.91,112.55,112.715,97344.0
2024-11-07 15:04:00,112.7115,112.7299,112.32,112.55,235173.0
2024-11-07 15:06:00,112.61,112.71,112.46,112.617494,55699.0
2024-11-07 15:08:00,112.5954,112.87,112.53,112.75,67779.0
2024-11-07 15:10:00,112.7643,112.91,112.585,112.8699,68726.0
2024-11-07 15:12:00,112.87,113.15,112.82,113.08,139909.0
2024-11-07 15:14:00,113.08,113.13,112.77,112.88,124636.0
2024-11-07 15:16:00,112.85,113.04,112.7606,113.04,53239.0
2024-11-07 15:18:00,113.05,113.05,112.92,113.015,41379.0
2024-11-07 15:20:00,113.01,113.0614,112.77,112.96,96957.0
2024-11-07 15:22:00,112.9512,112.99,112.66,112.8754,55815.0
2024-11-07 15:24:00,112.85,112.9205,112.67,112.87,48356.0
2024-11-07 15:26:00,112.83,112.9,112.73,112.885,57752.0
2024-11-07 15:28:00,112.9,113.0352,112.89,112.91,55578.0
2024-11-07 15:30:00,112.91,112.97,112.77,112.945,56098.0
2024-11-07 15:32:00,112.945,112.945,112.77,112.875,46104.0
2024-11-07 15:34:00,112.8998,112.97,112.77,112.87,41157.0
2024-11-07 15:36:00,112.885,113.095,112.8701,112.975,62703.0
2024-11-07 15:38:00,112.96,113.05,112.93,113.04,55184.0
2024-11-07 15:40:00,113.025,113.035,112.79,112.81,41612.0
2024-11-07 15:42:00,112.795,112.9995,112.67,112.78,73596.0
2024-11-07 15:44:00,112.79,113.08,112.785,113.07,59496.0
2024-11-07 15:46:00,113.075,113.18,113.03,113.1303,56439.0
2024-11-07 15:48:00,113.135,113.16,113.0,113.075,62601.0
2024-11-07 15:50:00,113.09,113.23,113.08,113.204,56130.0
2024-11-07 15:52:00,113.2099,113.265,113.0763,113.24,53618.0
2024-11-07 15:54:00,113.25,113.33,113.1199,113.145,66713.0
2024-11-07 15:56:00,113.13,113.39,113.13,113.39,52485.0
2024-11-07 15:58:00,113.375,113.38,113.14,113.17,47444.0
2024-11-07 16:00:00,113.165,113.165,112.86,112.86,69711.0
2024-11-07 16:02:00,112.8608,112.868,112.515,112.575,76907.0
2024-11-07 16:04:00,112.59,112.74,112.42,112.44,85771.0
2024-11-07 16:06:00,112.445,112.63,112.36,112.63,48756.0
2024-11-07 16:08:00,112.595,112.67,112.53,112.55,38061.0
2024-11-07 16:10:00,112.55,112.6682,112.44,112.63,63798.0
2024-11-07 16:12:00,112.63,112.6599,112.47,112.61,48703.0
2024-11-07 16:14:00,112.58,112.6,112.44,112.59,37429.0
2024-11-07 16:16:00,112.59,112.84,112.566,112.75,57381.0
2024-11-07 16:18:00,112.73,112.78,112.67,112.78,29058.0
2024-11-07 16:20:00,112.7587,112.76,112.6,112.72,33455.0
2024-11-07 16:22:00,112.735,112.735,112.55,112.7056,20750.0
2024-11-07 16:24:00,112.71,112.81,112.64,112.75,37109.0
2024-11-07 16:26:00,112.73,112.7625,112.6646,112.75,36559.0
2024-11-07 16:28:00,112.76,112.76,112.65,112.6904,37213.0
2024-11-07 16:30:00,112.71,112.76,112.67,112.73,30034.0
2024-11-07 16:32:00,112.73,112.8,112.575,112.58,27351.0
2024-11-07 16:34:00,112.6,112.64,112.5,112.52,45018.0
2024-11-07 16:36:00,112.515,112.57,112.49,112.53,36695.0
2024-11-07 16:38:00,112.53,112.6199,112.52,112.6,31854.0
2024-11-07 16:40:00,112.58,112.72,112.575,112.7,22610.0
2024-11-07 16:42:00,112.71,112.72,112.64,112.65,22060.0
2024-11-07 16:44:00,112.65,112.75,112.615,112.75,36483.0
2024-11-07 16:46:00,112.74,112.84,112.72,112.7644,36707.0
2024-11-07 16:48:00,112.765,112.925,112.765,112.92,23018.0
2024-11-07 16:50:00,112.92,112.94,112.76,112.79,38006.0
2024-11-07 16:52:00,112.8065,112.86,112.75,112.76,32346.0
2024-11-07 16:54:00,112.755,112.88,112.75,112.88,41083.0
2024-11-07 16:56:00,112.88,112.9,112.855,112.875,23398.0
2024-11-07 16:58:00,112.865,112.91,112.76,112.83,39193.0
2024-11-07 17:00:00,112.815,112.8276,112.67,112.67,26713.0
2024-11-07 17:02:00,112.685,112.7,112.51,112.5741,32592.0
2024-11-07 17:04:00,112.57,112.61,112.56,112.565,17228.0
2024-11-07 17:06:00,112.5778,112.66,112.55,112.6016,22609.0
2024-11-07 17:08:00,112.6,112.6799,112.55,112.575,31623.0
2024-11-07 17:10:00,112.57,112.6404,112.55,112.61,22135.0
2024-11-07 17:12:00,112.6,112.7,112.58,112.675,18484.0
2024-11-07 17:14:00,112.67,112.74,112.61,112.74,101357.0
2024-11-07 17:16:00,112.75,112.89,112.75,112.88,38078.0
2024-11-07 17:18:00,112.87,112.93,112.84,112.87,23350.0
2024-11-07 17:20:00,112.885,113.14,112.85,113.1201,98804.0
2024-11-07 17:22:00,113.135,113.28,113.12,113.22,57529.0
2024-11-07 17:24:00,113.215,113.215,113.0501,113.13,33325.0
2024-11-07 17:26:00,113.15,113.15,113.02,113.13,21782.0
2024-11-07 17:28:00,113.14,113.23,113.13,113.225,35428.0
2024-11-07 17:30:00,113.237,113.305,113.18,113.23,31537.0
2024-11-07 17:32:00,113.2115,113.31,113.16,113.25,46238.0
2024-11-07 17:34:00,113.25,113.43,113.22,113.41,63372.0
2024-11-07 17:36:00,113.435,113.65,113.435,113.64,94679.0
2024-11-07 17:38:00,113.65,113.76,113.6201,113.73,64718.0
2024-11-07 17:40:00,113.71,113.74,113.64,113.74,38651.0
2024-11-07 17:42:00,113.75,113.7688,113.68,113.72,38406.0
2024-11-07 17:44:00,113.72,113.8,113.68,113.75,57876.0
2024-11-07 17:46:00,113.745,113.86,113.745,113.84,75549.0
2024-11-07 17:48:00,113.84,113.85,113.7424,113.755,59541.0
2024-11-07 17:50:00,113.755,113.86,113.7301,113.776,42356.0
2024-11-07 17:52:00,113.78,113.78,113.66,113.7,26871.0
2024-11-07 17:54:00,113.68,113.8,113.67,113.79,32613.0
2024-11-07 17:56:00,113.79,113.795,113.68,113.72,27618.0
2024-11-07 17:58:00,113.72,113.77,113.69,113.77,36992.0
2024-11-07 18:00:00,113.78,113.8,113.69,113.74,23842.0
2024-11-07 18:02:00,113.74,113.75,113.64,113.67,29459.0
2024-11-07 18:04:00,113.6564,113.665,113.54,113.55,24822.0
2024-11-07 18:06:00,113.56,113.58,113.355,113.37,43385.0
2024-11-07 18:08:00,113.34,113.3415,113.16,113.2,39036.0
2024-11-07 18:10:00,113.2,113.2399,113.031,113.09,46531.0
2024-11-07 18:12:00,113.08,113.25,113.08,113.175,39298.0
2024-11-07 18:14:00,113.18,113.210141,113.15,113.1536,16529.0
2024-11-07 18:16:00,113.165,113.185,113.12,113.14,15116.0
2024-11-07 18:18:00,113.12,113.12,112.916,113.0041,49025.0
2024-11-07 18:20:00,113.01,113.1685,113.0,113.13,30579.0
2024-11-07 18:22:00,113.13,113.21,113.055,113.055,27571.0
2024-11-07 18:24:00,113.055,113.2237,113.0124,113.215,24592.0
2024-11-07 18:26:00,113.22,113.2756,113.116,113.13,27139.0
2024-11-07 18:28:00,113.14,113.14,113.07,113.0801,45262.0
2024-11-07 18:30:00,113.08,113.08,112.92,112.96,67292.0
2024-11-07 18:32:00,112.97,113.04,112.96,113.0199,32732.0
2024-11-07 18:34:00,113.01,113.08,112.975,113.025,27551.0
2024-11-07 18:36:00,113.025,113.09,113.0,113.06,21901.0
2024-11-07 18:38:00,113.06,113.21,113.03,113.17,24157.0
2024-11-07 18:40:00,113.16,113.17,113.03,113.04,46832.0
2024-11-07 18:42:00,113.035,113.05,112.94,112.99,24885.0
2024-11-07 18:44:00,112.975,113.0,112.86,112.87,47984.0
2024-11-07 18:46:00,112.88,112.9185,112.81,112.8599,24565.0
2024-11-07 18:48:00,112.84,112.95,112.84,112.95,25745.0
2024-11-07 18:50:00,112.94,113.123169,112.94,113.05,27171.0
2024-11-07 18:52:00,113.05,113.14,113.02,113.02,17187.0
2024-11-07 18:54:00,113.02,113.11,113.01,113.1046,24966.0
2024-11-07 18:56:00,113.1098,113.14,113.0863,113.1,17344.0
2024-11-07 18:58:00,113.1005,113.115,113.0408,113.0852,19500.0
2024-11-07 19:00:00,113.11,113.3493,112.99,113.23,67128.0
2024-11-07 19:02:00,113.2239,113.3099,113.09,113.16,37590.0
2024-11-07 19:04:00,113.15,113.26,113.13,113.215,26752.0
2024-11-07 19:06:00,113.2214,113.27,113.13,113.16,36239.0
2024-11-07 19:08:00,113.18,113.235,113.14,113.19,23870.0
2024-11-07 19:10:00,113.185,113.21,113.12,113.13,21423.0
2024-11-07 19:12:00,113.11,113.1782,113.02,113.045,26111.0
2024-11-07 19:14:00,113.07,113.1,113.02,113.09,28850.0
2024-11-07 19:16:00,113.08,113.2695,113.08,113.245,41807.0
2024-11-07 19:18:00,113.245,113.245,113.0901,113.1,25135.0
2024-11-07 19:20:00,113.09,113.15,112.93,112.945,49535.0
2024-11-07 19:22:00,112.94,112.96,112.77,112.86,34922.0
2024-11-07 19:24:00,112.87,112.98,112.82,112.97,23377.0
2024-11-07 19:26:00,112.9796,112.99,112.87,112.9699,26854.0
2024-11-07 19:28:00,112.9669,112.9851,112.91,112.9851,24971.0
2024-11-07 19:30:00,112.96,113.1,112.93,113.08,68047.0
2024-11-07 19:32:00,113.075,113.11,113.01,113.0769,42490.0
2024-11-07 19:34:00,113.08,113.1,113.02,113.05,34495.0
2024-11-07 19:36:00,113.07,113.23,113.07,113.2,33706.0
2024-11-07 19:38:00,113.19,113.27,113.08,113.08,56539.0
2024-11-07 19:40:00,113.09,113.11,112.92,113.05,64314.0
2024-11-07 19:42:00,113.05,113.0791,112.85,113.0791,46003.0
2024-11-07 19:44:00,113.07,113.2,113.06,113.1299,35325.0
2024-11-07 19:46:00,113.0993,113.27,113.0701,113.2454,48289.0
2024-11-07 19:48:00,113.24,113.42,113.1601,113.37,39501.0
2024-11-07 19:50:00,113.36,113.46,113.31,113.35,29062.0
2024-11-07 19:52:00,113.32,113.35,113.21,113.2333,27254.0
2024-11-07 19:54:00,113.23,113.36,113.21,113.26,31063.0
2024-11-07 19:56:00,113.27,113.32,113.23,113.31,24400.0
2024-11-07 19:58:00,113.305,113.4397,113.2579,113.4397,28412.0
2024-11-07 20:00:00,113.4,113.4,113.2,113.28,35060.0
2024-11-07 20:02:00,113.295,113.38,113.24,113.32,31162.0
2024-11-07 20:04:00,113.31,113.34,113.195,113.2239,25488.0
2024-11-07 20:06:00,113.215,113.3199,113.2,113.2963,31871.0
2024-11-07 20:08:00,113.32,113.33,113.19,113.2158,38566.0
2024-11-07 20:10:00,113.19,113.28,113.19,113.25,33242.0
2024-11-07 20:12:00,113.23,113.25,113.165,113.21,39262.0
2024-11-07 20:14:00,113.21,113.3899,113.2,113.38,66696.0
2024-11-07 20:16:00,113.375,113.44,113.35,113.425,52922.0
2024-11-07 20:18:00,113.4291,113.49,113.38,113.405,69822.0
2024-11-07 20:20:00,113.4,113.5,113.31,113.32,42093.0
2024-11-07 20:22:00,113.33,113.39,113.29,113.32,31493.0
2024-11-07 20:24:00,113.325,113.49,113.32,113.49,34427.0
2024-11-07 20:26:00,113.48,113.5,113.34,113.34,46364.0
2024-11-07 20:28:00,113.35,113.41,113.28,113.29,40501.0
2024-11-07 20:30:00,113.29,113.42,113.26,113.4,48410.0
2024-11-07 20:32:00,113.41,113.49,113.3954,113.42,44690.0
2024-11-07 20:34:00,113.425,113.475,113.401975,113.401975,72213.0
2024-11-07 20:36:00,113.41,113.465,113.3701,113.41,53236.0
2024-11-07 20:38:00,113.41,113.41,113.27,113.282,59567.0
2024-11-07 20:40:00,113.285,113.48,113.285,113.4323,50730.0
2024-11-07 20:42:00,113.43,113.46,113.37,113.4,34278.0
2024-11-07 20:44:00,113.4,113.485,113.37,113.4284,69053.0
2024-11-07 20:46:00,113.425,113.49,113.41,113.4603,76705.0
2024-11-07 20:48:00,113.465,113.53,113.43,113.47,103889.0
2024-11-07 20:50:00,113.46,113.53,113.39,113.46,122837.0
2024-11-07 20:52:00,113.45,113.5,113.385,113.44,123403.0
2024-11-07 20:54:00,113.44,113.62,113.43,113.465,172923.0
2024-11-07 20:56:00,113.46,113.46,113.25,113.28,208450.0
2024-11-07 20:58:00,113.29,113.45,113.27,113.41,394488.0
2024-11-07 21:00:00,113.41,113.46,113.18,113.18,164933.0
2024-11-07 21:02:00,113.28,113.29,113.22,113.22,1169.0
2024-11-07 21:06:00,113.19,113.41,113.18,113.41,19365.0
2024-11-07 21:08:00,113.2,113.24,113.2,113.23,4731.0
2024-11-07 21:10:00,113.23,113.3,113.23,113.3,2024.0
2024-11-07 21:12:00,113.25,113.25,113.23,113.23,3298.0
2024-11-07 21:14:00,113.24,113.24,113.24,113.24,241.0
2024-11-07 21:16:00,113.19,113.19,113.19,113.19,2122.0
2024-11-07 21:18:00,113.19,113.19,113.19,113.19,1055.0
2024-11-07 21:20:00,113.1,113.12,113.1,113.12,1232.0
2024-11-07 21:26:00,113.21,113.21,113.21,113.21,477.0
2024-11-07 21:30:00,113.18,113.18,113.18,113.18,319.0
2024-11-07 21:32:00,113.0132,113.15,113.0132,113.15,1337.0
2024-11-07 21:36:00,113.1,113.1392,113.1,113.12,1531.0
2024-11-07 21:40:00,113.1001,113.13,113.1001,113.13,2270.0
2024-11-07 21:44:00,113.2,113.41,113.2,113.41,981.0
2024-11-07 21:46:00,113.1369,113.1369,113.1369,113.1369,196.0
2024-11-07 21:48:00,113.15,113.15,113.15,113.15,480.0
2024-11-07 21:56:00,113.1989,113.2,113.14,113.2,1003.0
2024-11-07 22:00:00,113.1701,113.1701,113.1701,113.1701,375.0
2024-11-07 22:12:00,113.15,113.15,113.15,113.15,176.0
2024-11-07 22:16:00,113.15,113.15,113.1,113.1,885.0
2024-11-07 22:18:00,113.17,113.17,113.1,113.1141,1200.0
2024-11-07 22:20:00,113.41,113.41,113.41,113.41,70113.0
2024-11-07 22:22:00,113.17,113.17,113.17,113.17,1017.0
2024-11-07 22:26:00,113.17,113.2,113.17,113.2,1796.0
2024-11-07 22:30:00,113.16,113.16,113.16,113.16,126.0
2024-11-07 22:34:00,113.2,113.2,113.16,113.16,302.0
2024-11-07 22:36:00,113.15,113.15,113.15,113.15,816.0
2024-11-07 22:46:00,113.25,113.25,113.25,113.25,266.0
2024-11-07 22:54:00,113.1017,113.1017,113.1017,113.1017,275.0
2024-11-07 22:58:00,113.1101,113.1101,113.1101,113.1101,442.0
2024-11-07 23:00:00,113.11,113.11,113.11,113.11,109.0
2024-11-07 23:06:00,113.15,113.15,113.15,113.15,605.0
2024-11-07 23:10:00,113.15,113.15,113.15,113.15,241.0
2024-11-07 23:12:00,113.15,113.15,113.15,113.15,2234.0
2024-11-07 23:16:00,113.15,113.15,113.13,113.13,619.0
2024-11-07 23:18:00,113.13,113.13,113.13,113.13,106.0
2024-11-07 23:26:00,113.3,113.3,113.3,113.3,3402.0
2024-11-07 23:38:00,113.29,113.29,113.29,113.29,206.0
2024-11-07 23:46:00,113.1047,113.1047,113.1047,113.1047,268.0
2024-11-07 23:56:00,113.1107,113.12,113.1,113.1,10000.0
2024-11-07 23:58:00,113.08,113.08,113.07,113.07,5011.0
2024-11-08 00:00:00,113.2,113.2499,113.2,113.2499,421.0
2024-11-08 00:10:00,113.2,113.2,113.2,113.2,515.0
2024-11-08 00:12:00,113.2,113.2,113.2,113.2,133.0
2024-11-08 00:14:00,113.18,113.18,113.18,113.18,156.0
2024-11-08 00:16:00,113.1999,113.2,113.18,113.2,1084.0
2024-11-08 00:20:00,113.151,113.2498,113.151,113.2498,1109.0
2024-11-08 00:22:00,113.2495,113.2495,113.2495,113.2495,205.0
2024-11-08 00:24:00,113.15,113.15,113.11,113.11,610.0
2024-11-08 00:26:00,113.2495,113.2495,113.11,113.11,417.0
2024-11-08 00:28:00,113.15,113.15,113.15,113.15,300.0
2024-11-08 00:30:00,113.15,113.15,113.15,113.15,207.0
2024-11-08 00:32:00,113.15,113.3,113.15,113.3,2031.0
2024-11-08 00:34:00,113.3,113.3,113.3,113.3,414.0
2024-11-08 00:38:00,113.33,113.3308,113.33,113.3308,490.0
2024-11-08 00:40:00,113.33,113.33,113.33,113.33,152.0
2024-11-08 00:42:00,113.33,113.33,113.33,113.33,380.0
2024-11-08 00:44:00,113.33,113.33,113.33,113.33,231.0
2024-11-08 00:46:00,113.3301,113.3301,113.3301,113.3301,2008.0
2024-11-08 00:54:00,113.33,113.38,113.33,113.38,909.0
2024-11-08 00:56:00,113.36,113.36,113.33,113.33,750.0
2024-11-08 00:58:00,113.3498,113.3498,113.33,113.33,838.0
2024-11-08 09:00:00,113.28,113.28,113.28,113.28,626.0
2024-11-08 09:02:00,113.2,113.2,113.2,113.2,385.0
2024-11-08 09:08:00,113.28,113.29,113.28,113.29,2559.0
2024-11-08 09:12:00,113.25,113.25,113.24,113.25,1470.0
2024-11-08 09:16:00,113.2,113.2,113.2,113.2,190.0
2024-11-08 09:18:00,113.24,113.24,113.24,113.24,156.0
2024-11-08 09:20:00,113.24,113.24,113.24,113.24,431.0
2024-11-08 09:24:00,113.2,113.2,113.2,113.2,233.0
2024-11-08 09:26:00,113.19,113.19,113.19,113.19,303.0
2024-11-08 09:32:00,113.17,113.17,113.17,113.17,508.0
2024-11-08 09:34:00,113.07,113.07,113.0,113.0,1946.0
2024-11-08 09:44:00,113.08,113.08,113.08,113.08,200.0
2024-11-08 09:56:00,113.0,113.0,113.0,113.0,843.0
2024-11-08 10:00:00,112.59,112.59,112.59,112.59,215.0
2024-11-08 10:02:00,112.59,112.59,112.59,112.59,438.0
2024-11-08 10:04:00,112.6,112.6,112.58,112.58,365.0
2024-11-08 10:06:00,112.5,112.5,112.5,112.5,720.0
2024-11-08 10:10:00,112.31,112.32,112.24,112.3,2129.0
2024-11-08 10:12:00,112.19,112.19,112.19,112.19,183.0
2024-11-08 10:16:00,112.25,112.25,112.22,112.25,1606.0
2024-11-08 10:26:00,112.17,112.18,112.17,112.18,380.0
2024-11-08 10:30:00,112.12,112.12,111.97,111.99,2893.0
2024-11-08 10:32:00,112.0,112.0,111.92,111.92,1429.0
2024-11-08 10:34:00,111.93,111.93,111.93,111.93,621.0
2024-11-08 10:36:00,111.75,111.75,111.7,111.72,2208.0
2024-11-08 10:38:00,111.61,111.61,111.61,111.61,450.0
2024-11-08 10:40:00,111.54,111.59,111.54,111.59,2072.0
2024-11-08 10:42:00,111.7,111.7,111.7,111.7,1283.0
2024-11-08 10:44:00,111.65,111.65,111.65,111.65,1112.0
2024-11-08 10:46:00,111.51,111.51,111.51,111.51,1087.0
2024-11-08 10:48:00,111.21,111.21,111.21,111.21,477.0
2024-11-08 10:50:00,111.39,111.51,111.39,111.42,2541.0
2024-11-08 10:52:00,111.5,111.51,111.42,111.42,1055.0
2024-11-08 10:56:00,111.4,111.41,111.4,111.41,1118.0
2024-11-08 10:58:00,111.54,111.54,111.54,111.54,211.0
2024-11-08 11:00:00,111.6,111.74,111.6,111.74,1109.0
2024-11-08 11:02:00,111.4,111.4,111.4,111.4,557.0
2024-11-08 11:04:00,111.25,111.25,111.18,111.18,2444.0
2024-11-08 11:06:00,111.13,111.13,111.13,111.13,748.0
2024-11-08 11:08:00,111.14,111.14,111.0,111.0,5965.0
2024-11-08 11:10:00,110.9,111.43,110.9,111.43,3674.0
2024-11-08 11:14:00,111.49,111.5,111.49,111.5,1027.0
2024-11-08 11:16:00,111.59,111.66,111.59,111.66,976.0
2024-11-08 11:18:00,111.7,111.8,111.62,111.8,1328.0
2024-11-08 11:20:00,111.72,111.8,111.69,111.8,1506.0
2024-11-08 11:24:00,111.63,111.63,111.62,111.62,694.0
2024-11-08 11:32:00,111.87,111.9,111.87,111.89,3159.0
2024-11-08 11:34:00,111.94,111.94,111.9,111.9,638.0
2024-11-08 11:36:00,111.91,112.0,111.91,112.0,1149.0
2024-11-08 11:44:00,112.1,112.17,112.09,112.17,2826.0
2024-11-08 11:46:00,112.2,112.23,112.17,112.17,2186.0
2024-11-08 11:56:00,112.1,112.15,112.09,112.09,560.0
2024-11-08 12:00:00,112.3,112.3,112.3,112.3,1413.0
2024-11-08 12:02:00,112.0,112.0,111.9,111.91,2137.0
2024-11-08 12:06:00,112.0,112.01,111.99,112.0,943.0
2024-11-08 12:12:00,112.0,112.0,112.0,112.0,929.0
2024-11-08 12:14:00,111.93,111.93,111.93,111.93,852.0
2024-11-08 12:16:00,111.85,111.85,111.85,111.85,124.0
2024-11-08 12:18:00,111.85,111.85,111.85,111.85,190.0
2024-11-08 12:20:00,111.83,111.89,111.83,111.85,981.0
2024-11-08 12:24:00,111.83,111.83,111.67,111.67,5010.0
2024-11-08 12:30:00,111.89,112.0,111.89,112.0,971.0
2024-11-08 12:34:00,112.0,112.0,112.0,112.0,1289.0
2024-11-08 12:36:00,112.07,112.1,112.07,112.1,373.0
2024-11-08 12:38:00,112.2,112.29,112.11,112.29,3867.0
2024-11-08 12:40:00,112.25,112.3,112.25,112.3,759.0
2024-11-08 12:46:00,112.34,112.4,112.34,112.4,1135.0
2024-11-08 12:48:00,112.4,112.4,112.2,112.2,1410.0
2024-11-08 12:50:00,112.18,112.18,112.18,112.18,644.0
2024-11-08 12:52:00,112.06,112.06,112.01,112.01,1414.0
2024-11-08 12:54:00,112.01,112.01,112.01,112.01,1594.0
2024-11-08 12:56:00,112.05,112.06,112.05,112.06,1763.0
2024-11-08 13:00:00,112.3,113.41,111.0902,112.04,18190.0
2024-11-08 13:02:00,112.05,112.05,112.05,112.05,553.0
2024-11-08 13:04:00,112.1009,112.1009,112.1009,112.1009,176.0
2024-11-08 13:06:00,112.1,112.1,112.1,112.1,410.0
2024-11-08 13:08:00,112.06,112.12,112.0514,112.0514,1312.0
2024-11-08 13:10:00,112.05,112.05,112.05,112.05,1122.0
2024-11-08 13:12:00,112.03,112.03,111.85,111.85,3826.0
2024-11-08 13:14:00,111.9,111.9,111.65,111.73,3795.0
2024-11-08 13:16:00,111.8,112.0553,111.77,111.77,2119.0
2024-11-08 13:18:00,111.92,111.92,111.92,111.92,180.0
2024-11-08 13:20:00,111.99,112.2,111.99,112.2,979.0
2024-11-08 13:22:00,112.0,112.19,112.0,112.19,945.0
2024-11-08 13:26:00,112.12,112.14,112.0,112.14,20410.0
2024-11-08 13:30:00,112.15,112.2,112.15,112.2,3160.0
2024-11-08 13:32:00,112.15,112.15,112.0,112.0,21064.0
2024-11-08 13:34:00,111.91,111.91,111.75,111.75,1626.0
2024-11-08 13:36:00,111.85,112.11,111.85,112.11,431.0
2024-11-08 13:38:00,111.95,111.95,111.8601,111.8601,1161.0
2024-11-08 13:40:00,111.87,111.87,111.77,111.77,2113.0
2024-11-08 13:42:00,111.77,112.0446,111.77,112.0446,757.0
2024-11-08 13:44:00,111.9729,111.9729,111.9729,111.9729,725.0
2024-11-08 13:46:00,111.85,111.98,111.81,111.81,1890.0
2024-11-08 13:52:00,111.81,111.88,111.79,111.86,1745.0
2024-11-08 13:58:00,111.88,111.9,111.88,111.9,449.0
2024-11-08 14:00:00,111.9,111.98,111.88,111.98,7276.0
2024-11-08 14:02:00,111.94,111.99,111.94,111.99,4273.0
2024-11-08 14:04:00,112.0,112.092,111.96,112.092,2756.0
2024-11-08 14:06:00,112.09,112.2,112.09,112.2,1734.0
2024-11-08 14:08:00,112.16,112.17,112.1,112.1,1092.0
2024-11-08 14:10:00,112.144,112.144,112.144,112.144,104.0
2024-11-08 14:12:00,112.13,112.13,112.01,112.01,1556.0
2024-11-08 14:16:00,112.07,112.07,112.07,112.07,477.0
2024-11-08 14:20:00,112.1,112.17,112.1,112.17,943.0
2024-11-08 14:22:00,112.16,112.17,112.16,112.16,584.0
2024-11-08 14:24:00,112.1,112.1,112.1,112.1,5072.0
2024-11-08 14:26:00,112.11,112.13,112.11,112.13,796.0
2024-11-08 14:28:00,112.17,112.2,112.07,112.07,4608.0
2024-11-08 14:30:00,112.14,114.06,112.1,114.01,497603.0
2024-11-08 14:32:00,113.99,114.3,113.39,113.56,140369.0
2024-11-08 14:34:00,113.55,113.6095,112.86,112.87,112601.0
2024-11-08 14:36:00,112.87,113.11,112.71,112.75,77248.0
2024-11-08 14:38:00,112.72,112.77,112.15,112.275,148112.0
2024-11-08 14:40:00,112.25,112.4,112.145,112.2,86498.0
2024-11-08 14:42:00,112.2,112.2686,111.81,111.94,148550.0
2024-11-08 14:44:00,111.95,112.06,111.8013,112.0132,126974.0
2024-11-08 14:46:00,111.99,112.35,111.81,112.17,122357.0
2024-11-08 14:48:00,112.175,112.2499,112.02,112.035,75550.0
2024-11-08 14:50:00,112.05,112.2843,111.97,112.19,79938.0
2024-11-08 14:52:00,112.165,112.3399,112.065,112.0701,91298.0
2024-11-08 14:54:00,112.085,112.165,111.9501,112.09,64268.0
2024-11-08 14:56:00,112.08,112.11,111.7513,111.8205,61754.0
2024-11-08 14:58:00,111.85,111.85,111.69,111.77,130522.0
2024-11-08 15:00:00,111.715,112.01,111.5901,111.6,102875.0
2024-11-08 15:02:00,111.59,111.59,111.33,111.545,129283.0
2024-11-08 15:04:00,111.535,111.56,111.11,111.1399,101400.0
2024-11-08 15:06:00,111.11,111.14,110.84,110.99,139703.0
2024-11-08 15:08:00,110.9899,110.9899,110.57,110.59,109449.0
2024-11-08 15:10:00,110.59,110.965,110.565,110.92,137841.0
2024-11-08 15:12:00,110.93,110.99,110.7323,110.95,123183.0
2024-11-08 15:14:00,110.96,111.15,110.735,110.8,89758.0
2024-11-08 15:16:00,110.81,111.1,110.8,111.02,85648.0
2024-11-08 15:18:00,111.03,111.56,111.03,111.56,78575.0
2024-11-08 15:20:00,111.57,111.68,111.435,111.62,65562.0
2024-11-08 15:22:00,111.65,111.77,111.54,111.68,47996.0
2024-11-08 15:24:00,111.6704,111.93,111.5501,111.84,75786.0
2024-11-08 15:26:00,111.815,112.09,111.815,111.9904,140007.0
2024-11-08 15:28:00,112.03,112.21,112.0,112.09,87580.0
2024-11-08 15:30:00,112.06,112.3,111.92,112.29,85187.0
2024-11-08 15:32:00,112.29,112.4,112.115,112.19,67177.0
2024-11-08 15:34:00,112.195,112.2,112.085,112.085,34582.0
2024-11-08 15:36:00,112.07,112.11,111.905,112.03,59312.0
2024-11-08 15:38:00,112.025,112.1,111.97,112.09,43960.0
2024-11-08 15:40:00,112.075,112.0935,111.8602,112.09,1405900.0
2024-11-08 15:42:00,112.097,112.097,111.945,112.01,46787.0
2024-11-08 15:44:00,112.01,112.08,111.93,112.065,42422.0
2024-11-08 15:46:00,112.08,112.08,111.9301,112.03,28165.0
2024-11-08 15:48:00,112.04,112.19,112.01,112.17,35980.0
2024-11-08 15:50:00,112.17,112.3351,112.151,112.205,52161.0
2024-11-08 15:52:00,112.2082,112.23,112.1,112.18,23555.0
2024-11-08 15:54:00,112.21,112.335,112.18,112.335,32106.0
2024-11-08 15:56:00,112.325,112.33,112.1578,112.33,42486.0
2024-11-08 15:58:00,112.32,112.324,112.22,112.29,29104.0
2024-11-08 16:00:00,112.29,112.34,112.2,112.31,34500.0
2024-11-08 16:02:00,112.31,112.31,112.055,112.075,41691.0
2024-11-08 16:04:00,112.075,112.29,112.065,112.285,28516.0
2024-11-08 16:06:00,112.28,112.41,112.27,112.37,45906.0
2024-11-08 16:08:00,112.37,112.42,112.3,112.42,39826.0
2024-11-08 16:10:00,112.415,112.45,112.38,112.4299,24074.0
2024-11-08 16:12:00,112.43,112.65,112.43,112.6208,76622.0
2024-11-08 16:14:00,112.62,112.71,112.57,112.71,36190.0
2024-11-08 16:16:00,112.725,112.78,112.605,112.63,48270.0
2024-11-08 16:18:00,112.62,112.63,112.39,112.45,71452.0
2024-11-08 16:20:00,112.455,112.53,112.43,112.47,24838.0
2024-11-08 16:22:00,112.47,112.54,112.45,112.46,22177.0
2024-11-08 16:24:00,112.47,112.52,112.38,112.52,23708.0
2024-11-08 16:26:00,112.52,112.65,112.52,112.56,26034.0
2024-11-08 16:28:00,112.56,112.57,112.425,112.425,30798.0
2024-11-08 16:30:00,112.42,112.485,112.4,112.4564,29088.0
2024-11-08 16:32:00,112.46,112.49,112.3401,112.395,22537.0
2024-11-08 16:34:00,112.3835,112.3999,112.19,112.21,50076.0
2024-11-08 16:36:00,112.2,112.28,112.18,112.2136,29763.0
2024-11-08 16:38:00,112.23,112.2875,112.22,112.25,15355.0
2024-11-08 16:40:00,112.25,112.2826,112.235,112.24,25427.0
2024-11-08 16:42:00,112.225,112.23,112.16,112.1893,25691.0
2024-11-08 16:44:00,112.2,112.2795,112.17,112.185,23888.0
2024-11-08 16:46:00,112.18,112.24,112.125,112.23,24498.0
2024-11-08 16:48:00,112.24,112.34,112.215,112.33,38291.0
2024-11-08 16:50:00,112.33,112.38,112.29,112.38,27185.0
2024-11-08 16:52:00,112.39,112.47,112.39,112.42,19707.0
2024-11-08 16:54:00,112.44,112.59,112.44,112.58,29536.0
2024-11-08 16:56:00,112.6,112.6099,112.44,112.44,29704.0
2024-11-08 16:58:00,112.4047,112.42,112.36,112.388,17853.0
2024-11-08 17:00:00,112.38,112.425,112.36,112.36,15224.0
2024-11-08 17:02:00,112.34,112.36,112.25,112.285,36434.0
2024-11-08 17:04:00,112.28,112.345,112.27,112.3,14802.0
2024-11-08 17:06:00,112.305,112.42,112.245,112.42,25158.0
2024-11-08 17:08:00,112.4197,112.49,112.4,112.49,26928.0
2024-11-08 17:10:00,112.485,112.49,112.4103,112.465,19012.0
2024-11-08 17:12:00,112.46,112.49,112.395,112.395,17699.0
2024-11-08 17:14:00,112.41,112.445,112.39,112.435,21012.0
2024-11-08 17:16:00,112.43,112.56,112.4,112.515,25652.0
2024-11-08 17:18:00,112.51,112.61,112.5062,112.55,29184.0
2024-11-08 17:20:00,112.55,112.75,112.55,112.75,36680.0
2024-11-08 17:22:00,112.75,112.7574,112.6601,112.72,17597.0
2024-11-08 17:24:00,112.71,112.76,112.68,112.705,16923.0
2024-11-08 17:26:00,112.7,112.7899,112.6901,112.71,19789.0
2024-11-08 17:28:00,112.7,112.76,112.651,112.735,18087.0
2024-11-08 17:30:00,112.71,112.79,112.625,112.77,29747.0
2024-11-08 17:32:00,112.7677,112.805,112.75,112.76,29218.0
2024-11-08 17:34:00,112.79,112.8239,112.74,112.81,20198.0
2024-11-08 17:36:00,112.81,112.83,112.645,112.645,22792.0
2024-11-08 17:38:00,112.64,112.77,112.64,112.75,19954.0
2024-11-08 17:40:00,112.73,112.7555,112.5601,112.63,37220.0
2024-11-08 17:42:00,112.625,112.64,112.42,112.44,25314.0
2024-11-08 17:44:00,112.42,112.45,112.37,112.43,41584.0
2024-11-08 17:46:00,112.4,112.43,112.31,112.31,21345.0
2024-11-08 17:48:00,112.32,112.4,112.32,112.37,29486.0
2024-11-08 17:50:00,112.3765,112.4306,112.36,112.36,18299.0
2024-11-08 17:52:00,112.37,112.42,112.32,112.32,32441.0
2024-11-08 17:54:00,112.34,112.36,112.27,112.31,23674.0
2024-11-08 17:56:00,112.3,112.37,112.27,112.31,41591.0
2024-11-08 17:58:00,112.31,112.32,112.24,112.24,18127.0
2024-11-08 18:00:00,112.26,112.39,112.24,112.39,21177.0
2024-11-08 18:02:00,112.4,112.43,112.38,112.3887,15979.0
2024-11-08 18:04:00,112.38,112.42,112.34,112.42,22919.0
2024-11-08 18:06:00,112.42,112.42,112.355,112.355,12747.0
2024-11-08 18:08:00,112.36,112.38,112.29,112.29,14687.0
2024-11-08 18:10:00,112.28,112.31,112.23,112.2699,18361.0
2024-11-08 18:12:00,112.254,112.26,112.15,112.21,32724.0
2024-11-08 18:14:00,112.195,112.2,112.09,112.1,24374.0
2024-11-08 18:16:00,112.0901,112.1,112.02,112.08,27759.0
2024-11-08 18:18:00,112.09,112.105,112.06,112.07,17720.0
2024-11-08 18:20:00,112.08,112.145,112.07,112.12,20243.0
2024-11-08 18:22:00,112.13,112.13,112.04,112.07,14793.0
2024-11-08 18:24:00,112.07,112.22,112.07,112.19,19529.0
2024-11-08 18:26:00,112.19,112.22,112.17,112.1871,9303.0
2024-11-08 18:28:00,112.18,112.25,112.1601,112.19,21816.0
2024-11-08 18:30:00,112.17,112.23,112.17,112.17,12029.0
2024-11-08 18:32:00,112.17,112.18,112.1011,112.16,15120.0
2024-11-08 18:34:00,112.18,112.24,112.15,112.18,18843.0
2024-11-08 18:36:00,112.2,112.33,112.1952,112.3299,37123.0
2024-11-08 18:38:00,112.32,112.36,112.29,112.33,31018.0
2024-11-08 18:40:00,112.33,112.33,112.17,112.19,20322.0
2024-11-08 18:42:00,112.1979,112.27,112.1979,112.255,19435.0
2024-11-08 18:44:00,112.26,112.368,112.26,112.35,28509.0
2024-11-08 18:46:00,112.32,112.39,112.31,112.32,37115.0
2024-11-08 18:48:00,112.31,112.31,112.23,112.249,20963.0
2024-11-08 18:50:00,112.245,112.28,112.1201,112.135,32029.0
2024-11-08 18:52:00,112.13,112.2147,112.12,112.17,16068.0
2024-11-08 18:54:00,112.2,112.2,112.13,112.165,13446.0
2024-11-08 18:56:00,112.144,112.21,112.144,112.21,13596.0
2024-11-08 18:58:00,112.2,112.28,112.19,112.235,16627.0
2024-11-08 19:00:00,112.22,112.22,112.15,112.1771,12564.0
2024-11-08 19:02:00,112.2,112.26,112.16,112.17,18997.0
2024-11-08 19:04:00,112.18,112.23,112.16,112.22,14121.0
2024-11-08 19:06:00,112.22,112.26,112.21,112.2388,13292.0
2024-11-08 19:08:00,112.26,112.2625,112.24,112.25,11631.0
2024-11-08 19:10:00,112.26,112.3,112.21,112.23,18895.0
2024-11-08 19:12:00,112.225,112.225,112.15,112.16,12501.0
2024-11-08 19:14:00,112.16,112.19,112.145,112.19,16143.0
2024-11-08 19:16:00,112.19,112.2045,112.13,112.13,14136.0
2024-11-08 19:18:00,112.12,112.125,111.94,111.98,72824.0
2024-11-08 19:20:00,111.985,112.0099,111.93,112.0,30046.0
2024-11-08 19:22:00,112.0,112.01,111.9143,111.9812,58043.0
2024-11-08 19:24:00,111.9888,112.11,111.94,112.1,43482.0
2024-11-08 19:26:00,112.14,112.17,112.13,112.16,22796.0
2024-11-08 19:28:00,112.16,112.25,112.13,112.24,30364.0
2024-11-08 19:30:00,112.22,112.2265,112.11,112.11,14633.0
2024-11-08 19:32:00,112.09,112.15,112.07,112.12,13173.0
2024-11-08 19:34:00,112.125,112.1699,112.1,112.1,12663.0
2024-11-08 19:36:00,112.1,112.1131,112.025,112.07,20129.0
2024-11-08 19:38:00,112.06,112.12,112.04,112.0687,18197.0
2024-11-08 19:40:00,112.07,112.11,112.05,112.075,15127.0
2024-11-08 19:42:00,112.08,112.17,112.08,112.13,12971.0
2024-11-08 19:44:00,112.1101,112.19,112.09,112.1,18118.0
2024-11-08 19:46:00,112.09,112.1,112.07,112.075,11987.0
2024-11-08 19:48:00,112.06,112.1,112.045,112.0699,14435.0
2024-11-08 19:50:00,112.07,112.07,111.92,111.99,20308.0
2024-11-08 19:52:00,111.9895,112.02,111.95,111.965,19211.0
2024-11-08 19:54:00,111.9775,111.98,111.93,111.955,18617.0
2024-11-08 19:56:00,111.96,112.01,111.93,111.94,23709.0
2024-11-08 19:58:00,111.94,111.95,111.9,111.9,21171.0
2024-11-08 20:00:00,111.915,111.9175,111.72,111.7785,38362.0
2024-11-08 20:02:00,111.775,111.8292,111.69,111.695,25022.0
2024-11-08 20:04:00,111.72,111.84,111.71,111.84,30032.0
2024-11-08 20:06:00,111.85,111.8813,111.84,111.86,23031.0
2024-11-08 20:08:00,111.86,111.88,111.815,111.86,18531.0
2024-11-08 20:10:00,111.85,111.8581,111.72,111.75,22416.0
2024-11-08 20:12:00,111.76,111.8701,111.74,111.8701,25479.0
2024-11-08 20:14:00,111.88,111.91,111.85,111.885,29900.0
2024-11-08 20:16:00,111.885,111.895,111.85,111.885,29276.0
2024-11-08 20:18:00,111.89,111.965,111.885,111.8947,37552.0
2024-11-08 20:20:00,111.9,111.905,111.76,111.76,32114.0
2024-11-08 20:22:00,111.75,111.87,111.74,111.87,29759.0
2024-11-08 20:24:00,111.87,111.95,111.87,111.935,31918.0
2024-11-08 20:26:00,111.93,111.93,111.81,111.82,27678.0
2024-11-08 20:28:00,111.83,111.88,111.83,111.84,28229.0
2024-11-08 20:30:00,111.85,111.88,111.79,111.81,29258.0
2024-11-08 20:32:00,111.81,111.87,111.73,111.8599,39524.0
2024-11-08 20:34:00,111.86,111.87,111.81,111.85,32967.0
2024-11-08 20:36:00,111.845,111.94,111.84,111.93,32328.0
2024-11-08 20:38:00,111.91,111.98,111.88,111.955,39219.0
2024-11-08 20:40:00,111.94,111.97,111.93,111.95,28983.0
2024-11-08 20:42:00,111.93,111.955,111.87,111.94,42466.0
2024-11-08 20:44:00,111.94,111.96,111.82,111.865,45517.0
2024-11-08 20:46:00,111.87,111.94,111.79,111.9,116402.0
2024-11-08 20:48:00,111.895,111.93,111.84,111.85,40419.0
2024-11-08 20:50:00,111.85,112.02,111.85,111.9253,119826.0
2024-11-08 20:52:00,111.95,112.0,111.93,111.97,77693.0
2024-11-08 20:54:00,111.99,112.07,111.78,111.805,189831.0
2024-11-08 20:56:00,111.8,112.005,111.78,111.9588,149087.0
2024-11-08 20:58:00,111.955,111.96,111.84,111.94,267334.0
2024-11-08 21:00:00,111.9,111.9999,111.9,111.9999,113481.0
2024-11-08 21:02:00,111.92,111.92,111.9,111.9,2730.0
2024-11-08 21:04:00,111.85,111.9,111.85,111.9,1550.0
2024-11-08 21:08:00,111.84,111.84,111.82,111.82,2174.0
2024-11-08 21:12:00,111.89,111.89,111.8,111.8,2176.0
2024-11-08 21:14:00,111.89,111.89,111.89,111.89,403.0
2024-11-08 21:20:00,111.83,111.9,111.83,111.9,4380.0
2024-11-08 21:22:00,111.9,111.9,111.9,111.9,159.0
2024-11-08 21:24:00,111.9,111.9,111.8001,111.8001,1701.0
2024-11-08 21:28:00,111.8,111.8,111.8,111.8,235.0
2024-11-08 21:32:00,111.89,111.99,111.89,111.99,2863.0
2024-11-08 21:36:00,111.9992,111.9992,111.9992,111.9992,117.0
2024-11-08 21:46:00,111.93,111.93,111.93,111.93,699.0
2024-11-08 21:48:00,111.99,111.99,111.99,111.99,660.0
2024-11-08 21:50:00,111.95,111.95,111.95,111.95,201.0
2024-11-08 21:56:00,111.998,111.998,111.998,111.998,200.0
2024-11-08 21:58:00,111.94,111.95,111.94,111.95,582.0
2024-11-08 22:00:00,111.93,111.93,111.93,111.93,2480.0
2024-11-08 22:14:00,111.83,111.8512,111.83,111.8512,1517.0
2024-11-08 22:16:00,111.8501,111.8501,111.8501,111.8501,126.0
2024-11-08 22:18:00,111.85,111.85,111.85,111.85,522.0
2024-11-08 22:20:00,111.8401,111.8401,111.8401,111.8401,634.0
2024-11-08 22:22:00,111.83,111.83,111.8,111.8,1258.0
2024-11-08 22:24:00,111.8,111.9,111.8,111.8,73653.0
2024-11-08 22:26:00,111.75,111.75,111.75,111.75,941.0
2024-11-08 22:36:00,111.74,111.74,111.74,111.74,253.0
2024-11-08 22:40:00,111.71,111.71,111.7,111.7,1027.0
2024-11-08 22:42:00,111.7481,111.7481,111.7481,111.7481,103.0
2024-11-08 22:44:00,111.61,111.61,111.61,111.61,110.0
2024-11-08 22:48:00,111.74,111.74,111.74,111.74,461.0
2024-11-08 22:52:00,111.68,111.68,111.68,111.68,200.0
2024-11-08 22:56:00,111.75,111.75,111.75,111.75,205.0
2024-11-08 23:16:00,111.712,111.712,111.712,111.712,303.0
2024-11-08 23:18:00,111.8,111.8,111.8,111.8,388.0
2024-11-08 23:20:00,111.8,111.8,111.8,111.8,618.0
2024-11-08 23:26:00,111.8,111.8,111.8,111.8,1225.0
2024-11-08 23:36:00,111.7002,111.7002,111.7002,111.7002,501.0
2024-11-08 23:38:00,111.7102,111.7981,111.7102,111.7981,406.0
2024-11-08 23:42:00,111.74,111.74,111.7,111.7,3885.0
2024-11-08 23:48:00,111.66,111.69,111.66,111.69,994.0
2024-11-08 23:50:00,111.61,111.66,111.61,111.61,3839.0
2024-11-08 23:52:00,111.6,111.64,111.6,111.64,1889.0
2024-11-08 23:58:00,111.6001,111.6001,111.6001,111.6001,2502.0
2024-11-09 00:06:00,111.6,111.6,111.6,111.6,1814.0
2024-11-09 00:12:00,111.61,111.61,111.6,111.6,428.0
2024-11-09 00:14:00,111.5,111.5,111.5,111.5,175.0
2024-11-09 00:22:00,111.62,111.62,111.62,111.62,297.0
2024-11-09 00:24:00,111.62,111.62,111.51,111.52,4992.0
2024-11-09 00:26:00,111.55,111.55,111.55,111.55,627.0
2024-11-09 00:32:00,111.62,111.62,111.62,111.62,103.0
2024-11-09 00:34:00,111.53,111.53,111.52,111.52,1011.0
2024-11-09 00:48:00,111.5101,111.5101,111.5101,111.5101,136.0
2024-11-09 00:50:00,111.52,111.52,111.5,111.5,1222.0
2024-11-09 00:52:00,111.563,111.563,111.563,111.563,109.0
2024-11-09 00:54:00,111.49,111.49,111.49,111.49,893.0
2024-11-09 00:56:00,111.6,111.6,111.6,111.6,257.0
2024-11-09 00:58:00,111.49,111.5996,111.49,111.5996,730.0
2024-11-11 09:00:00,112.0,112.0,111.95,111.95,1322.0
2024-11-11 09:02:00,111.7,111.7,111.45,111.45,3301.0
2024-11-11 09:04:00,111.04,111.04,111.04,111.04,632.0
2024-11-11 09:06:00,110.85,111.13,110.85,111.02,1445.0
2024-11-11 09:08:00,111.07,111.09,111.0,111.09,1284.0
2024-11-11 09:10:00,110.93,111.25,110.93,111.25,1628.0
2024-11-11 09:22:00,111.22,111.22,111.21,111.21,725.0
2024-11-11 09:24:00,111.34,111.34,111.34,111.34,202.0
2024-11-11 09:32:00,111.06,111.06,111.06,111.06,3168.0
2024-11-11 09:34:00,111.35,111.35,111.34,111.34,1171.0
2024-11-11 09:38:00,111.12,111.12,111.06,111.06,406.0
2024-11-11 09:40:00,111.21,111.21,111.16,111.16,457.0
2024-11-11 09:42:00,111.2,111.2,111.17,111.17,557.0
2024-11-11 09:50:00,111.27,111.27,111.27,111.27,362.0
2024-11-11 09:52:00,111.27,111.27,111.27,111.27,273.0
2024-11-11 09:56:00,111.23,111.23,111.15,111.16,1224.0
2024-11-11 09:58:00,111.0,111.0,111.0,111.0,822.0
2024-11-11 10:02:00,110.84,110.84,110.84,110.84,409.0
2024-11-11 10:04:00,110.84,110.84,110.84,110.84,669.0
2024-11-11 10:06:00,110.71,110.71,110.71,110.71,135.0
2024-11-11 10:08:00,110.63,110.63,110.63,110.63,835.0
2024-11-11 10:10:00,110.69,110.69,110.69,110.69,455.0
2024-11-11 10:20:00,110.5,110.5,110.5,110.5,655.0
2024-11-11 10:22:00,110.4,110.54,110.4,110.54,864.0
2024-11-11 10:32:00,110.5,110.5,110.29,110.29,1490.0
2024-11-11 10:34:00,110.25,110.25,110.25,110.25,418.0
2024-11-11 10:40:00,110.35,110.35,110.35,110.35,326.0
2024-11-11 10:44:00,110.36,110.36,110.24,110.24,1640.0
2024-11-11 10:48:00,110.34,110.34,110.25,110.25,385.0
2024-11-11 10:54:00,110.33,110.33,110.33,110.33,277.0
2024-11-11 10:58:00,110.33,110.35,110.33,110.34,1783.0
2024-11-11 11:06:00,110.41,110.41,110.39,110.39,1062.0
2024-11-11 11:08:00,110.42,110.42,110.42,110.42,224.0
2024-11-11 11:10:00,110.25,110.25,110.24,110.24,639.0
2024-11-11 11:16:00,110.34,110.48,110.34,110.48,467.0
2024-11-11 11:46:00,110.3,110.3,110.3,110.3,610.0
2024-11-11 12:00:00,110.3,110.98,110.3,110.97,4844.0
2024-11-11 12:02:00,111.0,111.0,111.0,111.0,1340.0
2024-11-11 12:04:00,110.88,110.95,110.82,110.82,815.0
2024-11-11 12:08:00,110.98,111.0,110.95,111.0,878.0
2024-11-11 12:12:00,111.05,111.05,110.95,110.95,2333.0
2024-11-11 12:20:00,111.08,111.08,110.98,110.98,3784.0
2024-11-11 12:22:00,111.01,111.01,111.0,111.0,1036.0
2024-11-11 12:30:00,111.17,111.2,111.17,111.2,2057.0
2024-11-11 12:32:00,111.11,111.11,111.1,111.1,621.0
2024-11-11 12:36:00,111.09,111.09,111.09,111.09,366.0
2024-11-11 12:38:00,111.1,111.1,111.05,111.08,1981.0
2024-11-11 12:40:00,111.1,111.1,111.1,111.1,607.0
2024-11-11 12:42:00,111.15,111.15,111.15,111.15,2161.0
2024-11-11 12:44:00,111.2,111.25,111.2,111.25,1058.0
2024-11-11 12:46:00,111.05,111.06,111.05,111.05,5104.0
2024-11-11 12:56:00,111.25,111.25,111.25,111.25,404.0
2024-11-11 12:58:00,111.22,111.22,111.11,111.17,2341.0
2024-11-11 13:00:00,110.54,111.92,110.5043,111.16,48552.0
2024-11-11 13:02:00,111.27,111.27,111.265,111.265,1631.0
2024-11-11 13:04:00,111.265,111.265,111.06,111.1841,3165.0
2024-11-11 13:06:00,111.621,111.621,111.15,111.15,1174.0
2024-11-11 13:08:00,111.2,111.22,111.18,111.22,1116.0
2024-11-11 13:10:00,111.1501,111.2469,111.15,111.2469,1745.0
2024-11-11 13:12:00,111.19,111.19,111.0703,111.0714,3955.0
2024-11-11 13:14:00,111.14,111.14,111.14,111.14,598.0
2024-11-11 13:16:00,111.07,111.0701,111.0,111.0,2124.0
2024-11-11 13:18:00,111.12,111.12,111.12,111.12,162.0
2024-11-11 13:20:00,111.13,111.13,111.13,111.13,275.0
2024-11-11 13:22:00,111.12,111.12,111.07,111.07,1204.0
2024-11-11 13:24:00,111.11,111.11,111.11,111.11,268.0
2024-11-11 13:26:00,111.13,111.13,111.0,111.005,1389.0
2024-11-11 13:28:00,111.01,111.01,111.0,111.0,19102.0
2024-11-11 13:30:00,111.01,111.01,111.0003,111.0003,1360.0
2024-11-11 13:32:00,111.06,111.06,111.06,111.06,301.0
2024-11-11 13:34:00,111.04,111.15,111.01,111.01,1036.0
2024-11-11 13:38:00,111.0039,111.09,111.0039,111.08,9473.0
2024-11-11 13:40:00,111.0401,111.11,111.04,111.11,1200.0
2024-11-11 13:42:00,111.08,111.15,111.08,111.15,3327.0
2024-11-11 13:44:00,111.2,111.27,111.2,111.27,1289.0
2024-11-11 13:46:00,111.28,111.28,111.2,111.2,1485.0
2024-11-11 13:48:00,111.1119,111.1119,111.1119,111.1119,241.0
2024-11-11 13:50:00,111.1001,111.15,111.1001,111.15,1589.0
2024-11-11 13:52:00,111.1,111.1,111.1,111.1,907.0
2024-11-11 13:54:00,111.1003,111.1003,111.1003,111.1003,1197.0
2024-11-11 13:56:00,111.19,111.23,111.14,111.23,3360.0
2024-11-11 13:58:00,111.24,111.24,111.24,111.24,518.0
2024-11-11 14:00:00,111.23,111.23,111.23,111.23,423.0
2024-11-11 14:04:00,111.28,111.28,111.28,111.28,592.0
2024-11-11 14:06:00,111.294,111.41,111.294,111.41,4808.0
2024-11-11 14:08:00,111.38,111.38,111.1532,111.1532,1762.0
2024-11-11 14:10:00,111.3,111.3,111.2,111.2,1164.0
2024-11-11 14:12:00,111.18,111.18,111.1,111.1,1980.0
2024-11-11 14:14:00,111.1,111.2,111.1,111.2,1114.0
2024-11-11 14:16:00,111.11,111.17,111.1,111.1038,1380.0
2024-11-11 14:18:00,111.12,111.12,111.12,111.12,468.0
2024-11-11 14:20:00,111.11,111.11,111.0349,111.05,1823.0
2024-11-11 14:22:00,111.07,111.07,111.03,111.03,1738.0
2024-11-11 14:24:00,111.0034,111.2583,110.9,111.01,12270.0
2024-11-11 14:28:00,111.09,111.09,110.98,110.98,1408.0
2024-11-11 14:30:00,110.945,111.51,110.25,110.2908,457562.0
2024-11-11 14:32:00,110.29,110.399,109.5801,109.83,206021.0
2024-11-11 14:34:00,109.89,109.96,108.83,108.83,243772.0
2024-11-11 14:36:00,108.85,109.03,108.25,108.52,247026.0
2024-11-11 14:38:00,108.52,108.7414,107.95,108.1994,247560.0
2024-11-11 14:40:00,108.19,108.43,108.08,108.15,166963.0
2024-11-11 14:42:00,108.16,108.22,107.76,107.8475,182762.0
2024-11-11 14:44:00,107.85,107.9052,107.3,107.38,217554.0
2024-11-11 14:46:00,107.42,107.9888,107.395,107.95,138340.0
2024-11-11 14:48:00,107.97,108.14,107.88,107.96,115926.0
2024-11-11 14:50:00,107.97,108.1753,107.83,108.162,151315.0
2024-11-11 14:52:00,108.13,108.27,107.95,107.97,115214.0
2024-11-11 14:54:00,107.99,107.99,107.7,107.855,103132.0
2024-11-11 14:56:00,107.855,107.93,107.38,107.5,148118.0
2024-11-11 14:58:00,107.46,107.78,107.46,107.63,101330.0
2024-11-11 15:00:00,107.615,107.93,107.56,107.81,84209.0
2024-11-11 15:02:00,107.82,107.96,107.7848,107.9,66258.0
2024-11-11 15:04:00,107.909,107.98,107.7889,107.799,105708.0
2024-11-11 15:06:00,107.78,107.87,107.69,107.7598,88917.0
2024-11-11 15:08:00,107.74,108.04,107.69,107.97,84934.0
2024-11-11 15:10:00,107.98,108.41,107.92,108.41,92136.0
2024-11-11 15:12:00,108.39,108.39,108.01,108.24,97247.0
2024-11-11 15:14:00,108.25,108.29,108.04,108.21,79197.0
2024-11-11 15:16:00,108.22,108.23,107.88,107.93,87403.0
2024-11-11 15:18:00,107.915,108.1,107.915,108.09,44045.0
2024-11-11 15:20:00,108.06,108.11,107.915,107.99,47455.0
2024-11-11 15:22:00,107.97,108.16,107.93,108.15,77387.0
2024-11-11 15:24:00,108.12,108.16,108.08,108.11,45414.0
2024-11-11 15:26:00,108.1225,108.1399,107.9652,108.01,63493.0
2024-11-11 15:28:00,108.0073,108.17,107.98,108.0507,50551.0
2024-11-11 15:30:00,108.06,108.2,108.06,108.17,46717.0
2024-11-11 15:32:00,108.17,108.2953,108.17,108.25,55035.0
2024-11-11 15:34:00,108.225,108.2336,108.11,108.15,90437.0
2024-11-11 15:36:00,108.13,108.1588,108.09,108.15,31202.0
2024-11-11 15:38:00,108.15,108.32,108.14,108.3,139993.0
2024-11-11 15:40:00,108.31,108.49,108.275,108.31,78224.0
2024-11-11 15:42:00,108.345,108.39,108.1,108.14,66855.0
2024-11-11 15:44:00,108.135,108.16,107.87,107.922628,82445.0
2024-11-11 15:46:00,107.94,107.97,107.74,107.795,66721.0
2024-11-11 15:48:00,107.8,107.9055,107.65,107.9055,64922.0
2024-11-11 15:50:00,107.9,107.95,107.8001,107.9,52416.0
2024-11-11 15:52:00,107.96,108.19,107.95,108.16,67117.0
2024-11-11 15:54:00,108.16,108.323,108.1458,108.3067,82373.0
2024-11-11 15:56:00,108.28,108.4594,108.252,108.4524,66737.0
2024-11-11 15:58:00,108.44,108.47,108.35,108.4001,42005.0
2024-11-11 16:00:00,108.4001,108.42,108.25,108.37,50578.0
2024-11-11 16:02:00,108.3877,108.4,108.2501,108.31,25903.0
2024-11-11 16:04:00,108.32,108.335,108.08,108.1,238362.0
2024-11-11 16:06:00,108.08,108.08,107.8301,107.95,97717.0
2024-11-11 16:08:00,107.96,108.14,107.945,108.14,82073.0
2024-11-11 16:10:00,108.1269,108.19,107.985,108.015,55624.0
2024-11-11 16:12:00,108.02,108.07,107.92,108.02,45523.0
2024-11-11 16:14:00,108.02,108.05,107.92,108.0101,49348.0
2024-11-11 16:16:00,108.02,108.08,107.995,108.0437,25851.0
2024-11-11 16:18:00,108.02,108.03,107.89,107.97,46903.0
2024-11-11 16:20:00,107.96,107.9702,107.92,107.9301,36584.0
2024-11-11 16:22:00,107.94,108.03,107.9,107.9907,51452.0
2024-11-11 16:24:00,107.975,108.045,107.76,107.765,55038.0
2024-11-11 16:26:00,107.75,107.76,107.58,107.73,85514.0
2024-11-11 16:28:00,107.71,107.74,107.56,107.575,31193.0
2024-11-11 16:30:00,107.58,107.665,107.5401,107.6,36432.0
2024-11-11 16:32:00,107.575,107.58,107.46,107.5323,70680.0
2024-11-11 16:34:00,107.525,107.58,107.39,107.54,54393.0
2024-11-11 16:36:00,107.54,107.56,107.44,107.54,54413.0
2024-11-11 16:38:00,107.53,107.65,107.5,107.645,52033.0
2024-11-11 16:40:00,107.645,107.65,107.53,107.6,41617.0
2024-11-11 16:42:00,107.58,107.7,107.53,107.69,42376.0
2024-11-11 16:44:00,107.68,107.71,107.53,107.61,41023.0
2024-11-11 16:46:00,107.5901,107.81,107.5901,107.81,40654.0
2024-11-11 16:48:00,107.78,107.79,107.54,107.5473,47906.0
2024-11-11 16:50:00,107.55,107.61,107.46,107.5081,69986.0
2024-11-11 16:52:00,107.5,107.56,107.45,107.455,36994.0
2024-11-11 16:54:00,107.46,107.52,107.44,107.48,42397.0
2024-11-11 16:56:00,107.48,107.5,107.25,107.405,90885.0
2024-11-11 16:58:00,107.41,107.51,107.35,107.46,40100.0
2024-11-11 17:00:00,107.435,107.65,107.435,107.52,102394.0
2024-11-11 17:02:00,107.51,107.6099,107.479,107.49,30500.0
2024-11-11 17:04:00,107.5,107.53,107.45,107.52,17751.0
2024-11-11 17:06:00,107.55,107.74,107.53,107.668,46867.0
2024-11-11 17:08:00,107.67,107.7699,107.63,107.7599,32745.0
2024-11-11 17:10:00,107.755,107.85,107.71,107.81,56087.0
2024-11-11 17:12:00,107.835,107.84,107.74,107.7623,30475.0
2024-11-11 17:14:00,107.765,107.86,107.6901,107.8201,51651.0
2024-11-11 17:16:00,107.82,107.83,107.76,107.785,23435.0
2024-11-11 17:18:00,107.74,107.75,107.5582,107.58,36915.0
2024-11-11 17:20:00,107.57,107.71,107.54,107.6499,28561.0
2024-11-11 17:22:00,107.6499,107.766,107.61,107.63,32240.0
2024-11-11 17:24:00,107.6,107.74,107.56,107.71,29988.0
2024-11-11 17:26:00,107.71,107.77,107.6604,107.67,15890.0
2024-11-11 17:28:00,107.6799,107.6799,107.61,107.65,18060.0
2024-11-11 17:30:00,107.65,107.81,107.65,107.79,22317.0
2024-11-11 17:32:00,107.79,107.98,107.79,107.98,46398.0
2024-11-11 17:34:00,107.985,108.0,107.91,107.91,79969.0
2024-11-11 17:36:00,107.895,107.9905,107.89,107.97,17188.0
2024-11-11 17:38:00,107.965,107.97,107.87,107.87,15177.0
2024-11-11 17:40:00,107.86,107.93,107.76,107.79,34874.0
2024-11-11 17:42:00,107.795,107.82,107.71,107.76,17984.0
2024-11-11 17:44:00,107.7699,107.7896,107.71,107.715,15053.0
2024-11-11 17:46:00,107.7244,107.83,107.7244,107.74,43881.0
2024-11-11 17:48:00,107.74,107.839,107.72,107.78,18771.0
2024-11-11 17:50:00,107.7698,107.86,107.72,107.835,14224.0
2024-11-11 17:52:00,107.8069,107.85,107.72,107.74,30022.0
2024-11-11 17:54:00,107.73,107.82,107.73,107.7927,16652.0
2024-11-11 17:56:00,107.78,107.78,107.67,107.73,24781.0
2024-11-11 17:58:00,107.7,107.73,107.655,107.655,14859.0
2024-11-11 18:00:00,107.65,107.65,107.33,107.42,69449.0
2024-11-11 18:02:00,107.435,107.435,107.25,107.27,57702.0
2024-11-11 18:04:00,107.27,107.31,107.16,107.2,52016.0
2024-11-11 18:06:00,107.2084,107.2084,107.05,107.07,60676.0
2024-11-11 18:08:00,107.09,107.09,106.9604,107.04,85432.0
2024-11-11 18:10:00,107.03,107.06,106.84,106.89,61197.0
2024-11-11 18:12:00,106.89,106.89,106.77,106.7957,57896.0
2024-11-11 18:14:00,106.81,107.11,106.81,107.1025,60511.0
2024-11-11 18:16:00,107.1,107.11,107.03,107.075,38175.0
2024-11-11 18:18:00,107.055,107.065,106.975,107.01,31060.0
2024-11-11 18:20:00,107.03,107.11,106.9087,106.92,52346.0
2024-11-11 18:22:00,106.92,107.0,106.81,106.9,83268.0
2024-11-11 18:24:00,106.87,107.02,106.87,106.955,40696.0
2024-11-11 18:26:00,106.95,107.09,106.945,107.07,15398.0
2024-11-11 18:28:00,107.08,107.189,107.078654,107.189,32125.0
2024-11-11 18:30:00,107.16,107.2968,107.14,107.285,36108.0
2024-11-11 18:32:00,107.2501,107.4485,107.2501,107.44,68778.0
2024-11-11 18:34:00,107.44,107.48,107.42,107.46,115945.0
2024-11-11 18:36:00,107.47,107.5,107.41,107.42,31916.0
2024-11-11 18:38:00,107.41,107.4229,107.28,107.2945,28344.0
2024-11-11 18:40:00,107.29,107.34,107.25,107.31,46885.0
2024-11-11 18:42:00,107.27,107.28,107.14,107.14,31654.0
2024-11-11 18:44:00,107.1524,107.24,107.12,107.175,32297.0
2024-11-11 18:46:00,107.18,107.34,107.18,107.33,25587.0
2024-11-11 18:48:00,107.32,107.3877,107.26,107.3647,20289.0
2024-11-11 18:50:00,107.3844,107.48,107.35,107.48,21546.0
2024-11-11 18:52:00,107.48,107.5,107.3927,107.3927,21612.0
2024-11-11 18:54:00,107.3901,107.44,107.38,107.38,23297.0
2024-11-11 18:56:00,107.37,107.39,107.32,107.376,19750.0
2024-11-11 18:58:00,107.3681,107.3768,107.3082,107.325,20468.0
2024-11-11 19:00:00,107.32,107.36,107.28,107.32,18945.0
2024-11-11 19:02:00,107.32,107.34,107.26,107.305,12839.0
2024-11-11 19:04:00,107.3,107.3,107.22,107.23,17364.0
2024-11-11 19:06:00,107.24,107.28,107.2,107.2601,11382.0
2024-11-11 19:08:00,107.28,107.35,107.27,107.3485,20091.0
2024-11-11 19:10:00,107.35,107.37,107.31,107.36,20504.0
2024-11-11 19:12:00,107.349,107.38,107.32,107.32,16503.0
2024-11-11 19:14:00,107.31,107.369,107.3,107.365,16361.0
2024-11-11 19:16:00,107.37,107.45,107.36,107.38,17319.0
2024-11-11 19:18:00,107.3801,107.39,107.28,107.3334,17952.0
2024-11-11 19:20:00,107.33,107.345,107.22,107.28,17293.0
2024-11-11 19:22:00,107.29,107.31,107.205,107.22,19851.0
2024-11-11 19:24:00,107.21,107.29,107.205,107.2262,21431.0
2024-11-11 19:26:00,107.24,107.29,107.21,107.25,17313.0
2024-11-11 19:28:00,107.245,107.28,107.2,107.2274,14966.0
2024-11-11 19:30:00,107.22,107.25,107.14,107.25,28794.0
2024-11-11 19:32:00,107.25,107.28,107.23,107.262,21200.0
2024-11-11 19:34:00,107.267,107.39,107.267,107.3598,18719.0
2024-11-11 19:36:00,107.35,107.36,107.29,107.31,21501.0
2024-11-11 19:38:00,107.28,107.46,107.2701,107.44,48361.0
2024-11-11 19:40:00,107.46,107.54,107.45,107.54,23567.0
2024-11-11 19:42:00,107.5499,107.56,107.49,107.49,22142.0
2024-11-11 19:44:00,107.485,107.545,107.4799,107.54,23697.0
2024-11-11 19:46:00,107.535,107.6,107.53,107.58,17804.0
2024-11-11 19:48:00,107.57,107.75,107.56,107.72,53175.0
2024-11-11 19:50:00,107.7388,107.7388,107.6303,107.67,26354.0
2024-11-11 19:52:00,107.66,107.68,107.51,107.58,38910.0
2024-11-11 19:54:00,107.5731,107.66,107.56,107.66,22478.0
2024-11-11 19:56:00,107.655,107.71,107.625,107.699025,37485.0
2024-11-11 19:58:00,107.7,107.77,107.68,107.7585,36351.0
2024-11-11 20:00:00,107.755,107.99,107.74,107.96,60018.0
2024-11-11 20:02:00,107.955,108.01,107.88,107.93,47343.0
2024-11-11 20:04:00,107.94,108.095,107.93,108.07,150284.0
2024-11-11 20:06:00,108.075,108.155,108.04,108.115,42470.0
2024-11-11 20:08:00,108.125,108.36,108.075,108.36,51420.0
2024-11-11 20:10:00,108.36,108.42,108.3,108.36,76144.0
2024-11-11 20:12:00,108.37,108.43,108.335,108.43,54193.0
2024-11-11 20:14:00,108.4399,108.47,108.41,108.42,41760.0
2024-11-11 20:16:00,108.41,108.46,108.34,108.46,39413.0
2024-11-11 20:18:00,108.46,108.53,108.46,108.505,79889.0
2024-11-11 20:20:00,108.5,108.59,108.44,108.47,66905.0
2024-11-11 20:22:00,108.49,108.5399,108.4501,108.53,49369.0
2024-11-11 20:24:00,108.53,108.55,108.4701,108.48,51070.0
2024-11-11 20:26:00,108.49,108.505,108.43,108.47,29943.0
2024-11-11 20:28:00,108.46,108.46,108.38,108.425,35272.0
2024-11-11 20:30:00,108.411,108.411,108.28,108.28,35718.0
2024-11-11 20:32:00,108.27,108.46,108.27,108.44,40791.0
2024-11-11 20:34:00,108.43,108.525,108.43,108.45,74969.0
2024-11-11 20:36:00,108.45,108.4699,108.4,108.435,34083.0
2024-11-11 20:38:00,108.44,108.5,108.44,108.49,39056.0
2024-11-11 20:40:00,108.495,108.55,108.385,108.385,41996.0
2024-11-11 20:42:00,108.37,108.37,108.27,108.34,34101.0
2024-11-11 20:44:00,108.335,108.35,108.28,108.335,58585.0
2024-11-11 20:46:00,108.335,108.41,108.2766,108.355,68114.0
2024-11-11 20:48:00,108.36,108.4,108.22,108.24,71959.0
2024-11-11 20:50:00,108.24,108.6,108.24,108.5065,130386.0
2024-11-11 20:52:00,108.51,108.69,108.44,108.675,117213.0
2024-11-11 20:54:00,108.68,108.7,108.4701,108.585,176605.0
2024-11-11 20:56:00,108.58,108.66,108.55,108.635,184238.0
2024-11-11 20:58:00,108.63,108.73,108.555,108.65,399666.0
2024-11-11 21:00:00,108.65,108.65,108.65,108.65,60554.0
2024-11-11 21:02:00,108.64,108.68,108.64,108.68,2485.0
2024-11-11 21:04:00,108.66,108.66,108.65,108.65,14033.0
2024-11-11 21:06:00,108.66,108.73,108.66,108.73,1050.0
2024-11-11 21:08:00,108.7959,108.7959,108.75,108.75,763.0
2024-11-11 21:12:00,108.78,108.78,108.65,108.65,1008.0
2024-11-11 21:14:00,108.65,108.66,108.65,108.65,5096.0
2024-11-11 21:16:00,108.67,108.68,108.67,108.68,1800.0
2024-11-11 21:20:00,108.661,108.67,108.66,108.66,1013.0
2024-11-11 21:22:00,108.65,108.65,108.65,108.65,2719.0
2024-11-11 21:26:00,108.65,108.6512,108.65,108.6512,1414.0
2024-11-11 21:28:00,108.65,108.65,108.65,108.65,468.0
2024-11-11 21:32:00,108.65,108.65,108.65,108.65,1642.0
2024-11-11 21:38:00,108.65,108.74,108.65,108.74,608.0
2024-11-11 21:42:00,108.65,108.65,108.65,108.65,1233.0
2024-11-11 21:44:00,108.65,108.65,108.65,108.65,321.0
2024-11-11 21:46:00,108.61,108.61,108.61,108.61,676.0
2024-11-11 21:48:00,108.55,108.55,108.54,108.54,849.0
2024-11-11 21:54:00,108.5402,108.61,108.5402,108.61,1369.0
2024-11-11 21:56:00,108.55,108.55,108.55,108.55,798.0
2024-11-11 22:02:00,108.58,108.59,108.58,108.59,16900.0
2024-11-11 22:08:00,108.61,108.61,108.61,108.61,971.0
2024-11-11 22:12:00,108.65,108.65,108.65,108.65,11524.0
2024-11-11 22:16:00,108.61,108.61,108.61,108.61,184.0
2024-11-11 22:20:00,108.55,108.5507,108.54,108.54,1814.0
2024-11-11 22:22:00,108.55,108.55,108.52,108.52,451.0
2024-11-11 22:26:00,108.47,108.47,108.47,108.47,431.0
2024-11-11 22:30:00,108.56,108.56,108.56,108.56,609.0
2024-11-11 22:40:00,108.5322,108.5322,108.5322,108.5322,168.0
2024-11-11 22:42:00,108.5542,108.5542,108.5542,108.5542,100.0
2024-11-11 22:46:00,108.53,108.53,108.47,108.47,1541.0
2024-11-11 22:50:00,108.28,108.28,108.28,108.28,330.0
2024-11-11 22:58:00,108.46,108.5,108.46,108.5,1237.0
2024-11-11 23:02:00,108.52,108.61,108.52,108.61,2503.0
2024-11-11 23:04:00,108.6,108.61,108.6,108.61,654.0
2024-11-11 23:08:00,108.61,108.61,108.6001,108.6001,364.0
2024-11-11 23:10:00,108.6099,108.6099,108.6099,108.6099,1005.0
2024-11-11 23:12:00,108.61,108.61,108.61,108.61,519.0
2024-11-11 23:14:00,108.629,108.629,108.629,108.629,136.0
2024-11-11 23:16:00,108.61,108.61,108.61,108.61,137.0
2024-11-11 23:26:00,108.61,108.62,108.61,108.61,537.0
2024-11-11 23:28:00,108.61,108.61,108.61,108.61,191.0
2024-11-11 23:36:00,108.6001,108.6001,108.6001,108.6001,721.0
2024-11-11 23:38:00,108.6,108.6,108.6,108.6,456.0
2024-11-11 23:40:00,108.61,108.61,108.61,108.61,466.0
2024-11-11 23:42:00,108.61,108.61,108.61,108.61,202.0
2024-11-11 23:44:00,108.6,108.6,108.6,108.6,436.0
2024-11-11 23:48:00,108.62,108.62,108.62,108.62,100.0
2024-11-11 23:52:00,108.61,108.61,108.6,108.61,545.0
2024-11-11 23:54:00,108.62,108.62,108.62,108.62,539.0
2024-11-11 23:58:00,108.6271,108.6271,108.6271,108.6271,221.0
2024-11-12 00:08:00,108.6,108.62,108.6,108.62,429.0
2024-11-12 00:14:00,108.61,108.61,108.6,108.6,671.0
2024-11-12 00:16:00,108.6,108.63,108.6,108.63,608.0
2024-11-12 00:30:00,108.63,108.63,108.63,108.63,301.0
2024-11-12 00:34:00,108.6,108.6,108.6,108.6,215.0
2024-11-12 00:36:00,108.6,108.6,108.6,108.6,1184.0
2024-11-12 00:38:00,108.6,108.6,108.6,108.6,1152.0
2024-11-12 00:40:00,108.6264,108.6264,108.47,108.47,350.0
2024-11-12 00:46:00,108.47,108.47,108.47,108.47,219.0
2024-11-12 00:50:00,108.4707,108.4707,108.4707,108.4707,1212.0
2024-11-12 00:54:00,108.5,108.55,108.5,108.55,713.0
2024-11-12 00:56:00,108.5999,108.5999,108.5999,108.5999,2789.0
2024-11-12 00:58:00,108.59,108.6,108.5,108.6,1546.0
2024-11-12 09:00:00,108.64,108.65,108.64,108.65,1393.0
2024-11-12 09:02:00,108.46,108.46,108.46,108.46,2482.0
2024-11-12 09:06:00,107.89,107.93,107.89,107.93,1153.0
2024-11-12 09:10:00,107.89,107.89,107.89,107.89,379.0
2024-11-12 09:12:00,107.67,107.67,107.67,107.67,328.0
2024-11-12 09:14:00,107.6,107.68,107.03,107.45,4623.0
2024-11-12 09:16:00,107.45,107.5,107.45,107.5,3324.0
2024-11-12 09:24:00,107.53,107.6,107.5,107.6,1755.0
2024-11-12 09:26:00,107.74,107.75,107.74,107.75,1271.0
2024-11-12 09:32:00,107.31,107.31,107.31,107.31,576.0
2024-11-12 09:34:00,107.4,107.47,107.4,107.47,1413.0
2024-11-12 09:38:00,107.3,107.35,107.3,107.35,424.0
2024-11-12 09:42:00,107.28,107.28,107.28,107.28,462.0
2024-11-12 09:44:00,107.26,107.28,107.26,107.28,848.0
2024-11-12 09:46:00,107.25,107.25,107.09,107.14,1487.0
2024-11-12 09:48:00,107.1,107.1,107.1,107.1,1127.0
2024-11-12 09:52:00,107.02,107.02,107.01,107.01,1044.0
2024-11-12 10:00:00,106.96,107.0,106.96,107.0,892.0
2024-11-12 10:04:00,106.94,107.0,106.9,107.0,3782.0
2024-11-12 10:06:00,107.0,107.02,107.0,107.02,3557.0
2024-11-12 10:10:00,106.81,106.81,106.81,106.81,1118.0
2024-11-12 10:12:00,106.83,106.83,106.83,106.83,211.0
2024-11-12 10:16:00,106.87,106.87,106.87,106.87,195.0
2024-11-12 10:26:00,106.87,106.87,106.87,106.87,482.0
2024-11-12 10:30:00,106.89,106.89,106.81,106.81,1924.0
2024-11-12 10:32:00,106.8,106.8,106.8,106.8,734.0
2024-11-12 10:34:00,106.52,106.52,106.5,106.5,959.0
2024-11-12 10:38:00,106.77,106.77,106.48,106.48,9710.0
2024-11-12 10:50:00,106.8,106.87,106.8,106.87,702.0
2024-11-12 10:56:00,106.98,107.01,106.98,107.01,2722.0
2024-11-12 11:02:00,107.0,107.0,107.0,107.0,620.0
2024-11-12 11:08:00,107.0,107.0,107.0,107.0,448.0
2024-11-12 11:14:00,107.15,107.15,107.15,107.15,754.0
2024-11-12 11:16:00,107.28,107.28,107.28,107.28,359.0
2024-11-12 11:28:00,107.03,107.03,106.76,106.76,9741.0
2024-11-12 11:36:00,107.0,107.0,107.0,107.0,520.0
2024-11-12 11:38:00,107.0,107.03,107.0,107.03,1202.0
2024-11-12 11:40:00,107.0,107.0,107.0,107.0,174.0
2024-11-12 11:42:00,106.85,106.85,106.85,106.85,424.0
2024-11-12 11:44:00,106.85,106.85,106.76,106.76,1017.0
2024-11-12 11:46:00,106.7,106.7,106.7,106.7,500.0
2024-11-12 11:48:00,106.74,106.75,106.5,106.53,5191.0
2024-11-12 11:52:00,106.52,106.53,106.4,106.52,4668.0
2024-11-12 11:54:00,106.51,106.51,105.6,105.6,4541.0
2024-11-12 11:56:00,105.81,105.9,104.7,104.7,8721.0
2024-11-12 11:58:00,104.9,105.34,104.84,104.88,3998.0
2024-11-12 12:00:00,105.11,105.78,105.11,105.77,9754.0
2024-11-12 12:02:00,106.0,106.12,105.67,105.67,6362.0
2024-11-12 12:04:00,105.85,105.91,105.85,105.91,649.0
2024-11-12 12:06:00,105.97,106.0,105.73,105.73,2820.0
2024-11-12 12:08:00,106.0,106.01,105.7,105.93,4574.0
2024-11-12 12:10:00,105.9,105.93,105.73,105.78,10181.0
2024-11-12 12:12:00,106.0,106.14,106.0,106.0,4315.0
2024-11-12 12:14:00,106.0,106.0,106.0,106.0,388.0
2024-11-12 12:16:00,106.17,106.21,105.95,106.1,14609.0
2024-11-12 12:18:00,106.11,106.11,106.03,106.09,1002.0
2024-11-12 12:20:00,106.1,106.1,105.96,105.97,10982.0
2024-11-12 12:22:00,105.96,106.0,105.83,105.85,11458.0
2024-11-12 12:24:00,106.14,106.2,106.0,106.0,3138.0
2024-11-12 12:26:00,106.0,106.15,106.0,106.15,447.0
2024-11-12 12:28:00,106.21,106.25,106.21,106.25,572.0
2024-11-12 12:30:00,106.26,106.26,106.26,106.26,616.0
2024-11-12 12:32:00,106.13,106.16,106.0,106.0,1810.0
2024-11-12 12:34:00,106.0,106.0,105.98,105.98,2494.0
2024-11-12 12:36:00,105.98,105.98,105.7,105.75,5487.0
2024-11-12 12:38:00,105.8,105.86,105.78,105.78,3122.0
2024-11-12 12:40:00,105.8,105.8,105.75,105.75,1273.0
2024-11-12 12:42:00,105.88,105.9,105.8,105.9,3569.0
2024-11-12 12:44:00,105.94,106.0,105.9,106.0,2897.0
2024-11-12 12:48:00,106.18,106.5,106.18,106.5,4836.0
2024-11-12 12:50:00,106.33,106.33,106.2,106.25,2016.0
2024-11-12 12:52:00,106.26,106.32,106.06,106.06,2489.0
2024-11-12 12:54:00,106.25,106.25,106.2,106.2,3606.0
2024-11-12 12:58:00,106.06,106.06,105.95,105.95,18636.0
2024-11-12 13:00:00,105.64,108.97,105.35,105.85,51768.0
2024-11-12 13:02:00,105.94,105.94,105.66,105.66,3369.0
2024-11-12 13:04:00,105.8,105.9,105.5,105.5,14798.0
2024-11-12 13:06:00,105.5,106.0,105.5,105.58,6711.0
2024-11-12 13:08:00,105.67,105.7499,105.5,105.61,9220.0
2024-11-12 13:10:00,105.6,105.6,105.4,105.51,2076.0
2024-11-12 13:12:00,105.5,105.6,105.5,105.6,2604.0
2024-11-12 13:14:00,105.74,105.75,105.32,105.39,12572.0
2024-11-12 13:16:00,105.5,105.6741,105.42,105.44,3725.0
2024-11-12 13:18:00,105.5,105.6,105.31,105.45,6252.0
2024-11-12 13:20:00,105.5,105.5,105.37,105.37,2814.0
2024-11-12 13:22:00,105.39,105.6,105.35,105.49,2895.0
2024-11-12 13:24:00,105.35,105.4,105.22,105.4,4906.0
2024-11-12 13:26:00,105.27,105.3,105.0,105.0,32127.0
2024-11-12 13:28:00,105.0,105.0,104.82,104.82,11046.0
2024-11-12 13:30:00,104.8999,104.9,104.85,104.85,4152.0
2024-11-12 13:32:00,104.9,105.0599,104.89,105.0,9703.0
2024-11-12 13:34:00,105.0,105.06,104.93,104.99,7800.0
2024-11-12 13:36:00,105.0,105.0446,104.92,104.96,8977.0
2024-11-12 13:38:00,104.95,105.06,104.91,105.06,9544.0
2024-11-12 13:40:00,105.04,105.18,105.03,105.13,3812.0
2024-11-12 13:42:00,105.125,105.41,105.1,105.34,5478.0
2024-11-12 13:44:00,105.29,105.52,105.29,105.49,4970.0
2024-11-12 13:46:00,105.55,105.55,105.4,105.4059,7984.0
2024-11-12 13:48:00,105.39,105.5,105.384,105.5,8746.0
2024-11-12 13:50:00,105.59,105.79,105.59,105.7001,3607.0
2024-11-12 13:52:00,105.75,105.86,105.5,105.85,12954.0
2024-11-12 13:54:00,105.9,105.9,105.47,105.47,7685.0
2024-11-12 13:56:00,105.52,105.6,105.3,105.4,9886.0
2024-11-12 13:58:00,105.3999,105.4,105.37,105.38,2720.0
2024-11-12 14:00:00,105.4,105.4,105.16,105.2417,18126.0
2024-11-12 14:02:00,105.18,105.22,105.13,105.22,7339.0
2024-11-12 14:04:00,105.19,105.25,105.19,105.2499,3484.0
2024-11-12 14:06:00,105.25,105.25,105.22,105.22,3699.0
2024-11-12 14:08:00,105.4684,105.4684,105.22,105.22,660.0
2024-11-12 14:10:00,105.22,105.4992,105.22,105.29,5866.0
2024-11-12 14:12:00,105.2519,105.28,105.22,105.28,3923.0
2024-11-12 14:14:00,105.18,105.22,105.18,105.21,2035.0
2024-11-12 14:16:00,105.2,105.21,105.19,105.21,969.0
2024-11-12 14:18:00,105.25,105.35,105.18,105.21,5319.0
2024-11-12 14:20:00,105.3547,105.36,105.17,105.17,972.0
2024-11-12 14:22:00,105.3,105.3,105.2,105.2,3619.0
2024-11-12 14:24:00,105.17,105.29,104.9,104.95,16278.0
2024-11-12 14:26:00,105.01,105.1,104.96,105.1,6914.0
2024-11-12 14:28:00,105.0,105.09,104.88,105.03,4691.0
2024-11-12 14:30:00,105.0,105.09,103.6,103.63,650507.0
2024-11-12 14:32:00,103.6494,104.19,103.12,103.22,402260.0
2024-11-12 14:34:00,103.22,104.03,102.95,103.95,471825.0
2024-11-12 14:36:00,103.94,104.3075,103.82,104.015,302024.0
2024-11-12 14:38:00,104.0,104.17,103.64,104.09,364427.0
2024-11-12 14:40:00,104.07,104.42,103.95,104.345,265363.0
2024-11-12 14:42:00,104.4,104.5,104.0,104.06,188861.0
2024-11-12 14:44:00,104.08,104.21,103.78,103.85,177093.0
2024-11-12 14:46:00,103.835,104.0,103.655,103.88,172390.0
2024-11-12 14:48:00,103.87,104.0836,103.81,104.0,154019.0
2024-11-12 14:50:00,104.0,104.24,103.91,104.1772,153600.0
2024-11-12 14:52:00,104.1701,104.22,103.7,103.76,238513.0
2024-11-12 14:54:00,103.74,103.74,103.32,103.32,316758.0
2024-11-12 14:56:00,103.3,103.62,103.25,103.6,176437.0
2024-11-12 14:58:00,103.61,103.75,103.32,103.58,176747.0
2024-11-12 15:00:00,103.59,103.83,103.5078,103.5206,97260.0
2024-11-12 15:02:00,103.53,103.56,103.12,103.12,192544.0
2024-11-29 09:00:00,98.84,98.84,98.27,98.55,6182.0
2024-11-29 09:02:00,98.43,98.76,98.43,98.72,1006.0
2024-11-29 09:04:00,98.57,98.57,98.55,98.55,917.0
2024-11-29 09:06:00,98.51,98.51,98.4,98.4,2247.0
2024-11-29 09:08:00,98.4,98.45,98.4,98.45,683.0
2024-11-29 09:10:00,98.74,98.74,98.5,98.5,483.0
2024-11-29 09:12:00,98.39,98.4,98.39,98.4,1696.0
2024-11-29 09:14:00,98.36,98.36,98.3,98.3,1516.0
2024-11-29 09:16:00,98.3,98.33,98.02,98.02,2312.0
2024-11-29 09:18:00,98.06,98.06,98.0,98.04,3353.0
2024-11-29 09:22:00,98.01,98.01,98.0,98.0,971.0
2024-11-29 09:24:00,97.89,97.89,97.89,97.89,427.0
2024-11-29 09:34:00,98.1,98.1,98.1,98.1,328.0
2024-11-29 09:38:00,98.38,98.38,98.2,98.2,799.0
2024-11-29 09:40:00,98.14,98.14,98.1,98.1,840.0
2024-11-29 09:50:00,98.14,98.14,98.0,98.0,1805.0
2024-11-29 09:52:00,97.96,97.96,97.92,97.92,904.0
2024-11-29 09:56:00,98.1,98.14,98.1,98.14,1060.0
2024-11-29 09:58:00,98.11,98.11,98.05,98.05,955.0
2024-11-29 10:10:00,98.1,98.1,98.1,98.1,187.0
2024-11-29 10:12:00,98.12,98.12,98.12,98.12,109.0
2024-11-29 10:24:00,98.1,98.1,98.06,98.06,738.0
2024-11-29 10:26:00,98.01,98.01,98.0,98.0,1774.0
2024-11-29 10:36:00,98.07,98.07,98.07,98.07,201.0
2024-11-29 10:42:00,98.1,98.1,98.1,98.1,422.0
2024-11-29 10:50:00,98.12,98.15,98.12,98.15,819.0
2024-11-29 10:54:00,98.09,98.09,98.06,98.06,521.0
2024-11-29 11:10:00,98.15,98.15,98.15,98.15,559.0
2024-11-29 11:14:00,98.2,98.2,98.19,98.2,1693.0
2024-11-29 11:16:00,98.2,98.2,98.2,98.2,490.0
2024-11-29 11:18:00,98.38,98.4,98.36,98.4,2100.0
2024-11-29 11:20:00,98.3,98.3,98.25,98.25,938.0
2024-11-29 11:46:00,98.33,98.33,98.33,98.33,1123.0
2024-11-29 11:52:00,98.25,98.32,98.25,98.32,772.0
2024-11-29 12:00:00,98.24,98.31,98.24,98.3,4007.0
2024-11-29 12:02:00,98.31,98.31,98.3,98.3,1747.0
2024-11-29 12:04:00,98.37,98.4,98.37,98.37,2871.0
2024-11-29 12:06:00,98.31,98.35,98.2,98.2,6304.0
2024-11-29 12:08:00,98.2,98.2,98.2,98.2,341.0
2024-11-29 12:10:00,98.18,98.2,98.18,98.2,1902.0
2024-11-29 12:12:00,98.15,98.2,98.14,98.2,2577.0
2024-11-29 12:14:00,98.19,98.19,98.18,98.18,509.0
2024-11-29 12:16:00,98.19,98.19,98.19,98.19,351.0
2024-11-29 12:18:00,98.18,98.2,98.18,98.2,1336.0
2024-11-29 12:20:00,98.2,98.2,98.2,98.2,489.0
2024-11-29 12:22:00,98.2,98.2,98.2,98.2,600.0
2024-11-29 12:24:00,98.19,98.19,98.19,98.19,311.0
2024-11-29 12:26:00,98.16,98.16,98.15,98.15,687.0
2024-11-29 12:28:00,98.15,98.15,98.15,98.15,100.0
2024-11-29 12:32:00,98.19,98.2,98.11,98.12,1890.0
2024-11-29 12:34:00,98.17,98.2,98.16,98.2,1915.0
2024-11-29 12:36:00,98.13,98.15,98.11,98.12,2160.0
2024-11-29 12:38:00,98.15,98.2,98.15,98.18,3954.0
2024-11-29 12:40:00,98.15,98.15,98.14,98.14,463.0
2024-11-29 12:42:00,98.12,98.12,98.1,98.1,2373.0
2024-11-29 12:44:00,98.12,98.12,98.11,98.11,1228.0
2024-11-29 12:46:00,98.15,98.15,98.15,98.15,693.0
2024-11-29 12:48:00,98.12,98.15,97.81,97.81,29401.0
2024-11-29 12:50:00,97.83,97.83,97.83,97.83,6037.0
2024-11-29 12:52:00,97.81,97.82,97.7,97.7,6586.0
2024-11-29 12:54:00,97.57,97.7,97.57,97.66,1742.0
2024-11-29 12:56:00,97.66,97.68,97.6,97.6,1466.0
2024-11-29 12:58:00,97.6,97.6,97.5,97.51,10132.0
2024-11-29 13:00:00,98.3,99.5,97.54,98.4,57441.0
2024-11-29 13:02:00,97.5998,97.6,97.5,97.5,7465.0
2024-11-29 13:04:00,97.5999,97.6,97.59,97.6,13417.0
2024-11-29 13:06:00,97.59,97.6,97.55,97.6,2402.0
2024-11-29 13:08:00,97.6,97.6,97.6,97.6,284.0
2024-11-29 13:10:00,97.6,97.6,97.6,97.6,4813.0
2024-11-29 13:12:00,97.59,97.7,97.59,97.7,4539.0
2024-11-29 13:14:00,97.8,97.8,97.8,97.8,316.0
2024-11-29 13:16:00,97.7512,97.9,97.7,97.9,3153.0
2024-11-29 13:18:00,97.8,97.8,97.75,97.8,3355.0
2024-11-29 13:20:00,97.75,97.75,97.75,97.75,115.0
2024-11-29 13:22:00,97.886,97.886,97.886,97.886,260.0
2024-11-29 13:24:00,97.81,97.81,97.8,97.8,2711.0
2024-11-29 13:26:00,97.71,97.71,97.71,97.71,514.0
2024-11-29 13:28:00,97.85,97.85,97.7003,97.71,3160.0
2024-11-29 13:30:00,97.75,97.8499,97.63,97.63,2018.0
2024-11-29 13:32:00,97.79,97.79,97.62,97.62,2268.0
2024-11-29 13:34:00,97.64,97.84,97.41,97.41,11606.0
2024-11-29 13:36:00,97.35,97.42,97.33,97.42,8580.0
2024-11-29 13:38:00,97.48,97.48,97.33,97.4,9320.0
2024-11-29 13:40:00,97.39,97.4,97.38,97.4,3004.0
2024-11-29 13:42:00,97.38,97.38,97.3,97.33,12104.0
2024-11-29 13:44:00,97.31,97.31,97.24,97.25,3577.0
2024-11-29 13:46:00,97.3,97.3,97.26,97.2915,2418.0
2024-11-29 13:48:00,97.37,97.37,96.95,96.98,21809.0
2024-11-29 13:50:00,96.98,96.98,96.85,96.86,14173.0
2024-11-29 13:52:00,96.8025,97.0,96.8025,97.0,7392.0
2024-11-29 13:54:00,97.05,97.1,97.0,97.0,2095.0
2024-11-29 13:56:00,97.09,97.1,97.0,97.1,6028.0
2024-11-29 13:58:00,97.1,97.3195,97.0901,97.3195,1706.0
2024-11-29 14:00:00,97.19,97.2,97.19,97.2,2643.0
2024-11-29 14:02:00,97.22,97.37,97.22,97.37,7679.0
2024-11-29 14:04:00,97.3,97.37,97.3,97.37,2436.0
2024-11-29 14:06:00,97.36,97.37,97.36,97.37,1285.0
2024-11-29 14:08:00,97.33,97.3678,97.3002,97.3678,1941.0
2024-11-29 14:10:00,97.36,97.4,97.36,97.4,2461.0
2024-11-29 14:12:00,97.36,97.39,97.35,97.39,1145.0
2024-11-29 14:14:00,97.35,97.36,97.35,97.35,2232.0
2024-11-29 14:16:00,97.34,97.35,97.34,97.3499,496.0
2024-11-29 14:18:00,97.32,97.32,97.32,97.32,1130.0
2024-11-29 14:20:00,97.35,97.35,97.32,97.35,3250.0
2024-11-29 14:22:00,97.36,97.36,97.26,97.3,6910.0
2024-11-29 14:24:00,97.28,97.28,97.25,97.27,6612.0
2024-11-29 14:26:00,97.27,97.38,97.25,97.36,33273.0
2024-11-29 14:28:00,97.26,97.26,97.2101,97.24,2283.0
2024-11-29 14:30:00,97.24,97.96,97.09,97.11,497511.0
2024-11-29 14:32:00,97.215,97.37,96.43,96.7299,343948.0
2024-11-29 14:34:00,96.63,96.73,96.1,96.16,344518.0
2024-11-29 14:36:00,96.15,96.78,96.11,96.75,271611.0
2024-11-29 14:38:00,96.735,96.98,96.52,96.88,160504.0
2024-11-29 14:40:00,96.8701,96.9999,96.39,96.465,164195.0
2024-11-29 14:42:00,96.465,96.54,96.24,96.395,164943.0
2024-11-29 14:44:00,96.36,96.5311,96.19,96.405,159497.0
2024-11-29 14:46:00,96.395,96.5499,96.2401,96.48,105796.0
2024-11-29 14:48:00,96.51,96.6099,96.26,96.31,137528.0
2024-11-29 14:50:00,96.33,96.48,96.19,96.31,210238.0
2024-11-29 14:52:00,96.3,96.73,96.3,96.62,181881.0
2024-11-29 14:54:00,96.62,96.765,96.54,96.6,166533.0
2024-11-29 14:56:00,96.62,96.74,96.445,96.6362,223126.0
2024-11-29 14:58:00,96.635,96.9376,96.63,96.762,112609.0
2024-11-29 15:00:00,96.77,96.91,96.72,96.73,132904.0
2024-11-29 15:02:00,96.7499,96.99,96.64,96.84,153661.0
2024-11-29 15:04:00,96.84,96.98,96.76,96.91,138292.0
2024-11-29 15:06:00,96.9395,97.31,96.9,97.285,175999.0
2024-11-29 15:08:00,97.285,97.57,97.26,97.5501,158531.0
2024-11-29 15:10:00,97.55,97.81,97.515,97.775,196065.0
2024-11-29 15:12:00,97.76,97.8,97.56,97.58,172353.0
2024-11-29 15:14:00,97.5931,97.65,97.4501,97.46,111700.0
2024-11-29 15:16:00,97.466,97.62,97.39,97.5831,121228.0
2024-11-29 15:18:00,97.585,97.72,97.56,97.6597,80731.0
2024-11-29 15:20:00,97.6424,97.67,97.38,97.4301,145290.0
2024-11-29 15:22:00,97.42,97.45,97.23,97.34,100418.0
2024-11-29 15:24:00,97.34,97.4001,97.215,97.395,61663.0
2024-11-29 15:26:00,97.395,97.4075,97.12,97.13,102266.0
2024-11-29 15:28:00,97.135,97.38,97.08,97.32,64961.0
2024-11-29 15:30:00,97.335,97.43,97.29,97.36,53816.0
2024-11-29 15:32:00,97.36,97.595,97.35,97.56,59304.0
2024-11-29 15:34:00,97.56,97.76,97.54,97.54,83874.0
2024-11-29 15:36:00,97.555,97.6,97.33,97.355,64319.0
2024-11-29 15:38:00,97.355,97.65,97.355,97.5,47672.0
2024-11-29 15:40:00,97.51,97.54,97.385,97.48,64679.0
2024-11-29 15:42:00,97.48,97.59,97.4201,97.57,50549.0
2024-11-29 15:44:00,97.58,97.59,97.51,97.54,35267.0
2024-11-29 15:46:00,97.55,97.57,97.415,97.45,55519.0
2024-11-29 15:48:00,97.47,97.61,97.47,97.575,41600.0
2024-11-29 15:50:00,97.57,97.6697,97.52,97.6214,43209.0
2024-11-29 15:52:00,97.62,97.735,97.55,97.72,119917.0
2024-11-29 15:54:00,97.71,97.735,97.57,97.6242,53574.0
2024-11-29 15:56:00,97.605,97.7,97.59,97.67,46844.0
2024-11-29 15:58:00,97.66,97.92,97.66,97.79,81192.0
2024-11-29 16:00:00,97.8009,98.1,97.79,98.0,85709.0
2024-11-29 16:02:00,98.015,98.06,97.9111,97.97,100540.0
2024-11-29 16:04:00,97.96,98.08,97.9,98.06,66519.0
2024-11-29 16:06:00,98.08,98.09,97.835,97.9,68861.0
2024-11-29 16:08:00,97.8877,98.11,97.86,98.075,63283.0
2024-11-29 16:10:00,98.07,98.13,97.96,98.08,70134.0
2024-11-29 16:12:00,98.07,98.11,98.0,98.085,55876.0
2024-11-29 16:14:00,98.09,98.2,98.0102,98.19,68467.0
2024-11-29 16:16:00,98.19,98.2,97.93,97.98,76089.0
2024-11-29 16:18:00,97.99,98.01,97.9,97.91,60643.0
2024-11-29 16:20:00,97.91,98.02,97.9,97.93,53842.0
2024-11-29 16:22:00,97.95,97.95,97.85,97.925,55987.0
2024-11-29 16:24:00,97.94,97.97,97.8201,97.94,51265.0
2024-11-29 16:26:00,97.9375,97.94,97.73,97.73,61578.0
2024-11-29 16:28:00,97.74,97.9195,97.74,97.88,57970.0
2024-11-29 16:30:00,97.89,97.89,97.77,97.8009,61861.0
2024-11-29 16:32:00,97.805,97.86,97.68,97.725,58760.0
2024-11-29 16:34:00,97.725,97.75,97.5,97.5013,90871.0
2024-11-29 16:36:00,97.515,97.54,97.36,97.45,118481.0
2024-11-29 16:38:00,97.45,97.62,97.4,97.572,62337.0
2024-11-29 16:40:00,97.59,97.661848,97.51,97.5899,47863.0
2024-11-29 16:42:00,97.56,97.680836,97.51,97.55,66238.0
2024-11-29 16:44:00,97.5162,97.86,97.5162,97.72,76559.0
2024-11-29 16:46:00,97.73,97.74,97.59,97.59,36108.0
2024-11-29 16:48:00,97.59,97.7,97.58,97.69,44351.0
2024-11-29 16:50:00,97.6873,97.76,97.68,97.6898,51874.0
2024-11-29 16:52:00,97.69,97.715,97.64,97.64,39514.0
2024-11-29 16:54:00,97.64,97.68,97.605,97.67,48438.0
2024-11-29 16:56:00,97.675,97.73,97.65,97.72,44374.0
2024-11-29 16:58:00,97.71,97.8,97.65,97.675,127650.0
2024-11-29 17:00:00,97.67,97.67,97.42,97.44,78180.0
2024-11-29 17:02:00,97.425,97.47,97.36,97.36,66966.0
2024-11-29 17:04:00,97.355,97.38,97.25,97.26,69848.0
2024-11-29 17:06:00,97.26,97.26,97.14,97.17,82612.0
2024-11-29 17:08:00,97.17,97.29,97.155,97.25,70540.0
2024-11-29 17:10:00,97.25,97.34,97.21,97.2302,78008.0
2024-11-29 17:12:00,97.235,97.4436,97.23,97.39,52159.0
2024-11-29 17:14:00,97.39,97.455,97.34,97.45,51051.0
2024-11-29 17:16:00,97.45,97.54,97.42,97.48,101505.0
2024-11-29 17:18:00,97.49,97.56,97.435,97.52,51806.0
2024-11-29 17:20:00,97.52,97.52,97.33,97.34,76890.0
2024-11-29 17:22:00,97.34,97.39,97.27,97.29,55270.0
2024-11-29 17:24:00,97.285,97.32,97.22,97.32,63385.0
2024-11-29 17:26:00,97.325,97.33,97.155,97.16,69502.0
2024-11-29 17:28:00,97.155,97.19,97.085,97.12,106991.0
2024-11-29 17:30:00,97.11,97.27,97.1,97.265,140521.0
2024-11-29 17:32:00,97.27,97.39,97.255,97.345,119495.0
2024-11-29 17:34:00,97.35,97.485,97.345,97.4,129369.0
2024-11-29 17:36:00,97.4041,97.49,97.38,97.4882,109798.0
2024-11-29 17:38:00,97.48,97.63,97.44,97.595,89844.0
2024-11-29 17:40:00,97.595,97.68,97.5907,97.68,123847.0
2024-11-29 17:42:00,97.68,97.68,97.53,97.54,84535.0
2024-11-29 17:44:00,97.53,97.595,97.51,97.54,61376.0
2024-11-29 17:46:00,97.53,97.59,97.41,97.57,90016.0
2024-11-29 17:48:00,97.55,97.56,97.45,97.4501,73337.0
2024-11-29 17:50:00,97.46,97.54,97.405,97.465,107299.0
2024-11-29 17:52:00,97.465,97.5,97.4,97.46,123408.0
2024-11-29 17:54:00,97.46,98.04,97.46,98.04,262680.0
2024-11-29 17:56:00,98.045,98.045,97.795,97.9,188998.0
2024-11-29 17:58:00,97.9,97.99,97.83,97.93,442963.0
2024-11-29 18:00:00,97.95,97.95,97.95,97.95,1405422.0
2024-11-29 21:00:00,97.84,97.84,97.84,97.84,153.0
2024-11-29 21:02:00,97.84,97.84,97.7644,97.7644,1542.0
2024-11-29 21:16:00,97.87,97.87,97.87,97.87,350.0
2024-11-29 21:22:00,97.8203,97.8203,97.8203,97.8203,1420.0
2024-11-29 21:24:00,97.8783,97.8783,97.8783,97.8783,403.0
2024-11-29 21:26:00,97.88,97.88,97.88,97.88,303.0
2024-11-29 21:32:00,97.92,97.92,97.92,97.92,461.0
2024-11-29 21:48:00,97.92,97.92,97.92,97.92,100.0
2024-11-29 21:52:00,97.92,97.92,97.92,97.92,101.0
2024-11-29 21:54:00,97.88,97.88,97.88,97.88,1632.0
2024-11-29 21:56:00,97.92,97.92,97.92,97.92,100.0
2024-11-29 21:58:00,97.88,97.88,97.88,97.88,322.0
2024-12-02 09:00:00,97.63,98.2,97.63,98.06,2351.0
2024-12-02 09:02:00,97.73,97.73,97.73,97.73,468.0
2024-12-02 09:18:00,97.76,97.76,97.76,97.76,494.0
2024-12-02 09:20:00,97.72,97.72,97.71,97.71,978.0
2024-12-02 09:26:00,97.69,97.69,97.69,97.69,204.0
2024-12-02 09:28:00,97.66,97.66,97.66,97.66,440.0
2024-12-02 09:32:00,97.56,97.56,97.56,97.56,159.0
2024-12-02 09:44:00,97.53,97.53,97.53,97.53,742.0
2024-12-02 09:50:00,97.54,97.54,97.54,97.54,313.0
2024-12-02 09:52:00,97.53,97.53,97.53,97.53,284.0
2024-12-02 09:54:00,97.45,97.45,97.45,97.45,390.0
2024-12-02 10:02:00,97.28,97.33,97.2,97.2,2838.0
2024-12-02 10:04:00,97.15,97.15,97.07,97.07,600.0
2024-12-02 10:06:00,97.07,97.07,96.8,96.82,8891.0
2024-12-02 10:08:00,96.88,97.28,96.88,97.28,26776.0
2024-12-02 10:10:00,97.27,97.27,97.27,97.27,100.0
2024-12-02 10:12:00,97.26,97.31,97.26,97.31,572.0
2024-12-02 10:14:00,97.33,97.33,97.33,97.33,293.0
2024-12-02 10:18:00,97.18,97.18,97.15,97.15,880.0
2024-12-02 10:20:00,97.13,97.13,97.11,97.11,200.0
2024-12-02 10:22:00,97.22,97.22,97.22,97.22,177.0
2024-12-02 10:30:00,97.2,97.2,97.2,97.2,138.0
2024-12-02 11:02:00,97.38,97.38,97.38,97.38,100.0
2024-12-02 11:14:00,97.3,97.32,97.3,97.32,403.0
2024-12-02 11:16:00,97.29,97.29,97.25,97.25,1295.0
2024-12-02 11:18:00,97.15,97.15,97.0,97.01,5128.0
2024-12-02 11:20:00,97.03,97.26,97.0,97.25,9802.0
2024-12-02 11:22:00,97.25,97.33,97.22,97.23,5778.0
2024-12-02 11:28:00,97.25,97.25,97.25,97.25,155.0
2024-12-02 11:56:00,97.4,97.4,97.4,97.4,109.0
2024-12-02 12:00:00,97.47,97.53,97.47,97.5,3530.0
2024-12-02 12:06:00,97.59,97.59,97.54,97.54,551.0
2024-12-02 12:08:00,97.51,97.51,97.51,97.51,542.0
2024-12-02 12:10:00,97.59,97.59,97.59,97.59,405.0
2024-12-02 12:26:00,97.75,97.8,97.75,97.75,1165.0
2024-12-02 12:28:00,97.76,97.8,97.76,97.78,867.0
2024-12-02 12:30:00,97.75,97.75,97.75,97.75,309.0
2024-12-02 12:32:00,97.7,97.7,97.7,97.7,197.0
2024-12-02 12:36:00,97.65,97.65,97.52,97.52,1472.0
2024-12-02 12:46:00,97.54,97.54,97.54,97.54,381.0
2024-12-02 12:48:00,97.6,97.6,97.6,97.6,540.0
2024-12-02 12:50:00,97.65,97.65,97.65,97.65,209.0
2024-12-02 12:52:00,97.65,97.65,97.65,97.65,1003.0
2024-12-02 12:54:00,97.73,97.73,97.73,97.73,214.0
2024-12-02 12:56:00,97.72,97.76,97.7,97.7,2742.0
2024-12-02 12:58:00,97.71,97.81,97.71,97.81,5189.0
2024-12-02 13:00:00,97.5,97.81,97.4,97.71,25023.0
2024-12-02 13:02:00,97.79,97.79,97.79,97.79,527.0
2024-12-02 13:04:00,97.7001,97.75,97.7,97.75,2356.0
2024-12-02 13:06:00,97.79,97.81,97.75,97.79,2264.0
2024-12-02 13:08:00,97.78,97.78,97.7509,97.7509,1280.0
2024-12-02 13:10:00,97.78,97.9,97.75,97.9,6660.0
2024-12-02 13:12:00,97.94,97.94,97.9399,97.9399,879.0
2024-12-02 13:14:00,97.93,97.94,97.8114,97.8114,3941.0
2024-12-02 13:16:00,97.82,97.94,97.82,97.92,2611.0
2024-12-02 13:18:00,97.94,97.94,97.9,97.9,2505.0
2024-12-02 13:20:00,97.9,97.9,97.8,97.8,11326.0
2024-12-02 13:22:00,97.8,97.9,97.75,97.79,2182.0
2024-12-02 13:24:00,97.79,97.8,97.79,97.8,813.0
2024-12-02 13:26:00,97.86,97.9,97.86,97.9,1258.0
2024-12-02 13:28:00,97.89,97.89,97.7,97.85,2435.0
2024-12-02 13:30:00,97.92,97.93,97.8701,97.91,1224.0
2024-12-02 13:32:00,97.91,97.91,97.9,97.9,1602.0
2024-12-02 13:34:00,97.92,97.93,97.8801,97.92,1410.0
2024-12-02 13:36:00,97.88,97.91,97.88,97.9,1790.0
2024-12-02 13:38:00,97.88,97.92,97.8,97.8,1287.0
2024-12-02 13:40:00,97.89,97.89,97.89,97.89,157.0
2024-12-02 13:42:00,97.8,97.91,97.8,97.91,826.0
2024-12-02 13:46:00,97.88,97.88,97.7,97.7,3215.0
2024-12-02 13:48:00,97.7,97.7,97.65,97.65,1543.0
2024-12-02 13:50:00,97.61,97.7,97.6,97.7,1977.0
2024-12-02 13:52:00,97.7,97.71,97.6661,97.71,2330.0
2024-12-02 13:54:00,97.69,97.91,97.69,97.91,1192.0
2024-12-02 13:56:00,97.75,97.801,97.75,97.801,1891.0
2024-12-02 13:58:00,97.7,97.85,97.6,97.6,5675.0
2024-12-02 14:00:00,97.6,97.6,97.59,97.6,1693.0
2024-12-02 14:02:00,97.5518,97.6,97.5518,97.6,6493.0
2024-12-02 14:04:00,97.55,97.6,97.55,97.5712,1793.0
2024-12-02 14:06:00,97.6,97.6,97.57,97.57,4674.0
2024-12-02 14:08:00,97.6,97.6,97.6,97.6,2145.0
2024-12-02 14:10:00,97.8,97.825,97.7001,97.8246,2486.0
2024-12-02 14:12:00,97.83,97.94,97.8,97.8,7331.0
2024-12-02 14:14:00,97.8,97.8,97.8,97.8,1483.0
2024-12-02 14:16:00,97.7801,97.8,97.7801,97.8,436.0
2024-12-02 14:18:00,97.8,97.8,97.8,97.8,747.0
2024-12-02 14:20:00,97.7997,97.8,97.71,97.8,4080.0
2024-12-02 14:22:00,97.79,97.8,97.7708,97.8,2890.0
2024-12-02 14:24:00,97.76,97.76,97.76,97.76,649.0
2024-12-02 14:26:00,97.75,97.79,97.54,97.6,8078.0
2024-12-02 14:28:00,97.79,97.79,97.79,97.79,383.0
2024-12-02 14:30:00,97.6,98.38,97.53,98.215,368632.0
2024-12-02 14:32:00,98.21,98.52,98.052,98.1663,152188.0
2024-12-02 14:34:00,98.17,98.67,98.05,98.565,189297.0
2024-12-02 14:36:00,98.56,98.87,98.51,98.67,131682.0
2024-12-02 14:38:00,98.705,98.7878,98.59,98.7537,85485.0
2024-12-02 14:40:00,98.75,98.98,98.71,98.74,135782.0
2024-12-02 14:42:00,98.7601,98.9187,98.623,98.8199,127957.0
2024-12-02 14:44:00,98.82,98.82,98.602,98.75,102738.0
2024-12-02 14:46:00,98.78,98.88,98.675,98.86,100570.0
2024-12-02 14:48:00,98.84,99.37,98.84,99.37,193603.0
2024-12-02 14:50:00,99.364,99.48,99.25,99.433155,122902.0
2024-12-02 14:52:00,99.43,99.4598,99.29,99.39,107150.0
2024-12-02 14:54:00,99.3701,99.45,99.11,99.15,88807.0
2024-12-02 14:56:00,99.16,99.2,98.98,99.015,86637.0
2024-12-02 14:58:00,99.0,99.23,98.88,99.085,94089.0
2024-12-02 15:00:00,99.13,99.28,99.03,99.105,90077.0
2024-12-02 15:02:00,99.1,99.28,99.1,99.265,73201.0
2024-12-02 15:04:00,99.257,99.35,99.0832,99.335,76478.0
2024-12-02 15:06:00,99.33,99.4286,99.28,99.34,78129.0
2024-12-02 15:08:00,99.35,99.386,99.13,99.14,52316.0
2024-12-02 15:10:00,99.14,99.226,99.02,99.21,66391.0
2024-12-02 15:12:00,99.21,99.63,99.12,99.6248,149568.0
2024-12-02 15:14:00,99.61,99.61,99.16,99.1859,86267.0
2024-12-02 15:16:00,99.18,99.18,98.9302,98.99,83735.0
2024-12-02 15:18:00,98.99,99.015,98.67,98.7,68143.0
2024-12-02 15:20:00,98.72,98.72,98.5,98.5414,60114.0
2024-12-02 15:22:00,98.5439,98.57,98.41,98.46,74297.0
2024-12-02 15:24:00,98.496,98.52,98.4,98.46,58624.0
2024-12-02 15:26:00,98.4699,98.72,98.465,98.63,142009.0
2024-12-02 15:28:00,98.63,98.76,98.63,98.685,63265.0
2024-12-02 15:30:00,98.69,98.71,98.5011,98.53,58573.0
2024-12-02 15:32:00,98.54,98.5666,98.41,98.43,50208.0
2024-12-02 15:34:00,98.45,98.48,98.36,98.3702,91547.0
2024-12-02 15:36:00,98.37,98.5799,98.27,98.33,88739.0
2024-12-02 15:38:00,98.31,98.37,98.19,98.1901,95421.0
2024-12-02 15:40:00,98.2,98.25,98.16,98.2201,92696.0
2024-12-02 15:42:00,98.235,98.27,98.15,98.17,66570.0
2024-12-02 15:44:00,98.18,98.18,97.97,98.025,156927.0
2024-12-02 15:46:00,98.02,98.11,97.89,97.895,71772.0
2024-12-02 15:48:00,97.895,97.92,97.76,97.88,126827.0
2024-12-02 15:50:00,97.8617,97.9,97.7,97.74,116990.0
2024-12-02 15:52:00,97.73,97.97,97.7,97.835,118739.0
2024-12-02 15:54:00,97.84,97.84,97.68,97.75,73783.0
2024-12-02 15:56:00,97.765,97.87,97.75,97.795,56170.0
2024-12-02 15:58:00,97.81,97.8899,97.69,97.86,74706.0
2024-12-02 16:00:00,97.89,98.2,97.887,98.13,91822.0
2024-12-02 16:02:00,98.14,98.15,97.98,98.02,83395.0
2024-12-02 16:04:00,98.035,98.21,97.98,98.11,68525.0
2024-12-02 16:06:00,98.1,98.31,98.0549,98.26,71284.0
2024-12-02 16:08:00,98.275,98.31,98.17,98.31,50582.0
2024-12-02 16:10:00,98.2903,98.42,98.25,98.265,75030.0
2024-12-02 16:12:00,98.25,98.31,98.13,98.3,54607.0
2024-12-02 16:14:00,98.29,98.39,98.27,98.39,85978.0
2024-12-02 16:16:00,98.37,98.54,98.35,98.4875,65487.0
2024-12-02 16:18:00,98.495,98.77,98.4301,98.6702,78680.0
2024-12-02 16:20:00,98.6497,98.87,98.64,98.835,95740.0
2024-12-02 16:22:00,98.84,98.9819,98.79,98.975,92831.0
2024-12-02 16:24:00,98.96,98.97,98.7901,98.84,59535.0
2024-12-02 16:26:00,98.85,98.9063,98.75,98.88,54419.0
2024-12-02 16:28:00,98.89,99.04,98.88,99.0,65099.0
2024-12-02 16:30:00,99.01,99.1799,99.01,99.1001,76202.0
2024-12-02 16:32:00,99.11,99.25,99.09,99.2,73004.0
2024-12-02 16:34:00,99.19,99.265,99.1524,99.25,75034.0
2024-12-02 16:36:00,99.25,99.48,99.2,99.45,105909.0
2024-12-02 16:38:00,99.44,99.48,99.38,99.41,73525.0
2024-12-02 16:40:00,99.41,99.46,99.21,99.252,63558.0
2024-12-02 16:42:00,99.27,99.345,99.25,99.345,44653.0
2024-12-02 16:44:00,99.35,99.45,99.26,99.28,80440.0
2024-12-02 16:46:00,99.285,99.285,99.17,99.27,48848.0
2024-12-02 16:48:00,99.27,99.33,99.22,99.275,45585.0
2024-12-02 16:50:00,99.275,99.3299,99.27,99.29,32669.0
2024-12-02 16:52:00,99.2806,99.31,99.08,99.115,48647.0
2024-12-02 16:54:00,99.12,99.124672,99.04,99.065,40431.0
2024-12-02 16:56:00,99.051,99.051,98.865,98.9,100084.0
2024-12-02 16:58:00,98.9,99.0128,98.86,98.9956,39431.0
2024-12-02 17:00:00,99.02,99.025,98.91,98.99,31834.0
2024-12-02 17:02:00,99.01,99.2399,98.984,99.2102,65802.0
2024-12-02 17:04:00,99.22,99.34,99.16,99.34,73017.0
2024-12-02 17:06:00,99.3499,99.56,99.3322,99.53,121214.0
2024-12-02 17:08:00,99.53,99.73,99.48,99.67,86030.0
2024-12-02 17:10:00,99.665,99.82,99.6501,99.79,139710.0
2024-12-02 17:12:00,99.8,99.89,99.72,99.785,137243.0
2024-12-02 17:14:00,99.78,99.8699,99.71,99.73,51371.0
2024-12-02 17:16:00,99.73,99.85,99.7,99.805,55512.0
2024-12-02 17:18:00,99.795,100.09,99.78,99.9651,133276.0
2024-12-02 17:20:00,99.96,100.01,99.91,99.93,44063.0
2024-12-02 17:22:00,99.94,100.0183,99.86,99.89,54993.0
2024-12-02 17:24:00,99.9,99.92,99.71,99.73,56044.0
2024-12-02 17:26:00,99.68,99.75,99.62,99.63,68085.0
2024-12-02 17:28:00,99.64,99.64,99.52,99.55,58144.0
2024-12-02 17:30:00,99.53,99.53,99.32,99.34,61569.0
2024-12-02 17:32:00,99.36,99.4994,99.33,99.355,38390.0
2024-12-02 17:34:00,99.33,99.38,99.25,99.3684,49497.0
2024-12-02 17:36:00,99.375,99.57,99.36,99.55,49753.0
2024-12-02 17:38:00,99.54,99.72,99.48,99.7001,48801.0
2024-12-02 17:40:00,99.7025,99.77,99.59,99.64,53944.0
2024-12-02 17:42:00,99.65,99.83,99.551,99.83,44466.0
2024-12-02 17:44:00,99.84,99.93,99.82,99.9,47091.0
2024-12-02 17:46:00,99.8924,99.95,99.76,99.82,56783.0
2024-12-02 17:48:00,99.8464,99.8464,99.66,99.7,67580.0
2024-12-02 17:50:00,99.7,99.78,99.625,99.69,37415.0
2024-12-02 17:52:00,99.7,99.7699,99.65,99.68,18594.0
2024-12-02 17:54:00,99.685,99.698,99.54,99.55,45017.0
2024-12-02 17:56:00,99.55,99.6337,99.51,99.56,63865.0
2024-12-02 17:58:00,99.5304,99.58,99.5,99.56,27734.0
2024-12-02 18:00:00,99.5664,99.71,99.53,99.535,41224.0
2024-12-02 18:02:00,99.54,99.56,99.42,99.495,56220.0
2024-12-02 18:04:00,99.51,99.63,99.445,99.59,32490.0
2024-12-02 18:06:00,99.58,99.6,99.5,99.52,15478.0
2024-12-02 18:08:00,99.5,99.54,99.48,99.48,16406.0
2024-12-02 18:10:00,99.48,99.6259,99.4724,99.62,31835.0
2024-12-02 18:12:00,99.63,99.65,99.485,99.52,27771.0
2024-12-02 18:14:00,99.52,99.56,99.38,99.38,37787.0
2024-12-02 18:16:00,99.41,99.41,99.14,99.14,61374.0
2024-12-02 18:18:00,99.14,99.22,99.1,99.22,48926.0
2024-12-02 18:20:00,99.21,99.39,99.21,99.39,58611.0
2024-12-02 18:22:00,99.39,99.55,99.38,99.54,50644.0
2024-12-02 18:24:00,99.545,99.59,99.43,99.43,33004.0
2024-12-02 18:26:00,99.43,99.48,99.3,99.31,39136.0
2024-12-02 18:28:00,99.29,99.34,99.2148,99.2148,29939.0
2024-12-02 18:30:00,99.24,99.3,99.14,99.14,24287.0
2024-12-02 18:32:00,99.15,99.17,99.05,99.06,26723.0
2024-12-02 18:34:00,99.075,99.12,98.94,98.96,97236.0
2024-12-02 18:36:00,98.975,99.16,98.9601,99.15,27748.0
2024-12-02 18:38:00,99.15,99.33,99.15,99.33,38439.0
2024-12-02 18:40:00,99.31,99.35,99.26,99.29,28328.0
2024-12-02 18:42:00,99.285,99.36,99.23,99.26,25789.0
2024-12-02 18:44:00,99.26,99.33,99.2122,99.32,22572.0
2024-12-02 18:46:00,99.315,99.35,99.2719,99.3317,23820.0
2024-12-02 18:48:00,99.31,99.35,99.19,99.2,36154.0
2024-12-02 18:50:00,99.19,99.22,99.09,99.0973,36784.0
2024-12-02 18:52:00,99.11,99.16,99.1,99.1399,18416.0
2024-12-02 18:54:00,99.11,99.1499,99.04,99.04,26826.0
2024-12-02 18:56:00,99.04,99.04,98.88,98.895,39967.0
2024-12-02 18:58:00,98.89,98.99,98.89,98.9477,38327.0
2024-12-02 19:00:00,98.94,99.07,98.93,98.99,73598.0
2024-12-02 19:02:00,99.0,99.1,98.98,99.04,28931.0
2024-12-02 19:04:00,99.05,99.14,99.035,99.0543,20903.0
2024-12-02 19:06:00,99.04,99.08,98.95,99.0,54553.0
2024-12-02 19:08:00,99.0,99.025,98.91,98.92,22978.0
2024-12-02 19:10:00,98.915,98.915,98.745,98.76,36785.0
2024-12-02 19:12:00,98.77,98.8,98.695,98.77,20126.0
2024-12-02 19:14:00,98.765,98.89,98.7535,98.87,40457.0
2024-12-02 19:16:00,98.87,98.96,98.81,98.92,27633.0
2024-12-02 19:18:00,98.93,98.93,98.79,98.8794,43488.0
2024-12-02 19:20:00,98.86,98.86,98.72,98.78,33786.0
2024-12-02 19:22:00,98.77,98.77,98.6524,98.695,32486.0
2024-12-02 19:24:00,98.72,98.8,98.675,98.76,31646.0
2024-12-02 19:26:00,98.73,98.8225,98.6994,98.8,35323.0
2024-12-02 19:28:00,98.81,98.92,98.79,98.9,38211.0
2024-12-02 19:30:00,98.91,98.99,98.86,98.98,39529.0
2024-12-02 19:32:00,98.98,99.03,98.93,98.9401,51239.0
2024-12-02 19:34:00,98.95,99.005,98.9408,98.97,35134.0
2024-12-02 19:36:00,98.9775,98.99,98.9,98.95,18377.0
2024-12-02 19:38:00,98.955,98.955,98.87,98.91,25472.0
2024-12-02 19:40:00,98.9,99.01,98.89,98.89,46530.0
2024-12-02 19:42:00,98.89,98.95,98.86,98.86,24681.0
2024-12-02 19:44:00,98.87,98.885,98.8,98.86,119774.0
2024-12-02 19:46:00,98.8699,98.895,98.82,98.89,26285.0
2024-12-02 19:48:00,98.89,98.92,98.86,98.92,22881.0
2024-12-02 19:50:00,98.915,98.9425,98.826754,98.8724,27036.0
2024-12-02 19:52:00,98.8775,99.0,98.87,98.965,27282.0
2024-12-02 19:54:00,98.96,98.99,98.96,98.9899,21846.0
2024-12-02 19:56:00,98.97,98.98,98.92,98.93,29453.0
2024-12-02 19:58:00,98.94,99.03,98.935,99.01,47291.0
2024-12-02 20:00:00,99.02,99.02,98.7717,98.81,52128.0
2024-12-02 20:02:00,98.83,98.8495,98.79,98.805,27529.0
2024-12-02 20:04:00,98.8,98.8,98.7295,98.78,41363.0
2024-12-02 20:06:00,98.78,98.92,98.78,98.9146,31643.0
2024-12-02 20:08:00,98.91,98.92,98.8201,98.89,28167.0
2024-12-02 20:10:00,98.885,98.89,98.8401,98.8599,29201.0
2024-12-02 20:12:00,98.85,98.93,98.84,98.92,21148.0
2024-12-02 20:14:00,98.93,99.0999,98.915,99.0401,84416.0
2024-12-02 20:16:00,99.04,99.04,98.89,98.94,35813.0
2024-12-02 20:18:00,98.945,99.0,98.835,98.88,48025.0
2024-12-02 20:20:00,98.88,98.905,98.84,98.9,23157.0
2024-12-02 20:22:00,98.8924,98.98,98.84,98.955,35693.0
2024-12-02 20:24:00,98.95,99.1699,98.94,99.1553,44043.0
2024-12-02 20:26:00,99.15,99.2599,99.135,99.16,46545.0
2024-12-02 20:28:00,99.1798,99.25,99.16,99.2,48555.0
2024-12-02 20:30:00,99.2,99.2,99.11,99.16,46745.0
2024-12-02 20:32:00,99.165,99.26,99.165,99.21,38020.0
2024-12-02 20:34:00,99.21,99.29,99.19,99.27,55486.0
2024-12-02 20:36:00,99.265,99.3,99.23,99.27,53496.0
2024-12-02 20:38:00,99.27,99.27,99.2,99.21,59146.0
2024-12-02 20:40:00,99.21,99.21,99.1,99.16,68204.0
2024-12-02 20:42:00,99.17,99.18,98.94,98.97,76479.0
2024-12-02 20:44:00,98.97,99.11,98.97,99.11,87462.0
2024-12-02 20:46:00,99.12,99.18,99.05,99.13,67573.0
2024-12-02 20:48:00,99.1268,99.14,99.01,99.05,78903.0
2024-12-02 20:50:00,99.04,99.04,98.74,98.74,134289.0
2024-12-02 20:52:00,98.74,98.86,98.73,98.77,163729.0
2024-12-02 20:54:00,98.78,98.88,98.51,98.52,245750.0
2024-12-02 20:56:00,98.52,98.54,98.34,98.44,301780.0
2024-12-02 20:58:00,98.435,98.62,98.43,98.55,560771.0
2024-12-02 21:00:00,98.55,98.55,98.41,98.53,423045.0
2024-12-02 21:02:00,98.52,98.54,98.48,98.52,3575.0
2024-12-02 21:04:00,98.5,98.54,98.5,98.5394,5883.0
2024-12-02 21:06:00,98.54,98.55,98.538,98.55,7807.0
2024-12-02 21:08:00,98.5386,98.55,98.4,98.4,11668.0
2024-12-02 21:10:00,98.4,98.4,98.4,98.4,1501.0
2024-12-02 21:12:00,98.3996,98.4,98.3407,98.4,2401.0
2024-12-02 21:14:00,98.3981,98.3999,98.3,98.3,4654.0
2024-12-02 21:16:00,98.35,98.35,98.35,98.35,859.0
2024-12-02 21:20:00,98.32,98.32,98.32,98.32,475.0
2024-12-02 21:22:00,98.34,98.34,98.31,98.31,1469.0
2024-12-02 21:24:00,98.32,98.32,97.9416,98.0,10831.0
2024-12-02 21:26:00,98.0,98.55,97.9999,98.55,4072.0
2024-12-02 21:28:00,98.15,98.15,98.15,98.15,1091.0
2024-12-02 21:30:00,98.08,98.13,98.08,98.12,634.0
2024-12-02 21:32:00,98.15,98.33,98.15,98.33,1633.0
2024-12-02 21:34:00,98.3,98.3999,98.3,98.3,878.0
2024-12-02 21:38:00,98.39,98.49,98.39,98.4016,3182.0
2024-12-02 21:40:00,98.42,98.42,98.39,98.4005,4317.0
2024-12-02 21:42:00,98.4,98.45,98.36,98.36,3726.0
2024-12-02 21:44:00,98.35,98.35,98.35,98.35,116.0
2024-12-02 21:48:00,98.4,98.42,98.38,98.38,1169.0
2024-12-02 21:52:00,98.42,98.42,98.42,98.42,240.0
2024-12-02 21:54:00,98.4,98.4,98.4,98.4,353.0
2024-12-02 21:56:00,98.33,98.33,98.33,98.33,385.0
2024-12-02 21:58:00,98.34,98.34,98.25,98.25,1175.0
2024-12-02 22:00:00,98.3593,98.3593,98.3593,98.3593,580.0
2024-12-02 22:04:00,98.32,98.32,98.26,98.32,1716.0
2024-12-02 22:08:00,98.36,98.36,98.36,98.36,101.0
2024-12-02 22:10:00,98.38,98.55,98.38,98.38,165437.0
2024-12-02 22:12:00,98.34,98.38,98.34,98.38,245.0
2024-12-02 22:14:00,98.38,98.38,98.38,98.38,140.0
2024-12-02 22:16:00,98.38,98.42,98.38,98.42,598.0
2024-12-02 22:18:00,98.35,98.35,98.35,98.35,608.0
2024-12-02 22:22:00,98.46,98.46,98.46,98.46,424.0
2024-12-02 22:26:00,98.4599,98.46,98.4599,98.46,3504.0
2024-12-02 22:30:00,98.47,98.47,98.45,98.45,301.0
2024-12-02 22:32:00,98.46,98.46,98.46,98.46,294.0
2024-12-02 22:36:00,98.46,98.46,98.46,98.46,123.0
2024-12-02 22:38:00,98.41,98.41,98.4,98.4,438.0
2024-12-02 22:40:00,98.43,98.45,98.43,98.45,448.0
2024-12-02 22:46:00,98.354,98.354,98.354,98.354,194.0
2024-12-02 22:48:00,98.46,98.46,98.46,98.46,238.0
2024-12-02 22:50:00,98.43,98.4596,98.41,98.4596,1161.0
2024-12-02 22:52:00,98.45,98.4732,98.45,98.4732,450.0
2024-12-02 22:54:00,98.4,98.4596,98.4,98.4596,416.0
2024-12-02 22:56:00,98.45,98.45,98.45,98.45,100.0
2024-12-02 22:58:00,98.45,98.45,98.45,98.45,411.0
2024-12-02 23:00:00,98.3873,98.4,98.3873,98.4,335.0
2024-12-02 23:04:00,98.3884,98.3884,98.3884,98.3884,102.0
2024-12-02 23:06:00,98.48,98.48,98.46,98.46,206.0
2024-12-02 23:16:00,98.48,98.48,98.45,98.45,402.0
2024-12-02 23:18:00,98.4201,98.4201,98.4201,98.4201,410.0
2024-12-02 23:24:00,98.48,98.48,98.48,98.48,667.0
2024-12-02 23:26:00,98.45,98.47,98.45,98.47,211.0
2024-12-02 23:28:00,98.49,98.49,98.49,98.49,320.0
2024-12-02 23:38:00,98.49,98.5,98.49,98.5,960.0
2024-12-02 23:40:00,98.5,98.5,98.5,98.5,2252.0
2024-12-02 23:42:00,98.55,98.55,98.55,98.55,1590.0
2024-12-02 23:48:00,98.6,98.6,98.6,98.6,153.0
2024-12-02 23:50:00,98.6,98.8,98.6,98.8,844.0
2024-12-02 23:56:00,98.6,98.6,98.6,98.6,173.0
2024-12-03 00:04:00,98.7587,98.7587,98.7587,98.7587,103.0
2024-12-03 00:06:00,98.7587,98.7587,98.7587,98.7587,100.0
2024-12-03 00:12:00,98.69,98.69,98.69,98.69,753.0
2024-12-03 00:18:00,98.67,98.68,98.67,98.68,1072.0
2024-12-03 00:20:00,98.61,98.61,98.61,98.61,214.0
2024-12-03 00:24:00,98.75,98.75,98.7,98.7,903.0
2024-12-03 00:26:00,98.67,98.67,98.67,98.67,192.0
2024-12-03 00:32:00,98.7,98.7,98.7,98.7,318.0
2024-12-03 00:34:00,98.6,98.6687,98.6,98.6687,357.0
2024-12-03 00:36:00,98.6001,98.6001,98.6001,98.6001,187.0
2024-12-03 00:42:00,98.644,98.644,98.644,98.644,255.0
2024-12-03 00:44:00,98.6,98.6,98.6,98.6,1320.0
2024-12-03 00:48:00,98.6,98.62,98.6,98.62,489.0
2024-12-03 00:52:00,98.61,98.661,98.61,98.661,307.0
2024-12-03 00:54:00,98.63,98.63,98.63,98.63,569.0
2024-12-03 00:58:00,98.52,98.5519,98.52,98.551,1074.0
2024-12-03 09:00:00,99.15,99.15,99.15,99.15,652.0
2024-12-03 09:02:00,99.38,99.38,99.38,99.38,398.0
2024-12-03 09:06:00,99.39,99.4,99.3,99.3,1058.0
2024-12-03 09:08:00,99.39,99.39,99.39,99.39,542.0
2024-12-03 09:10:00,99.39,99.39,99.39,99.39,100.0
2024-12-03 09:18:00,99.35,99.36,99.35,99.36,909.0
2024-12-03 09:26:00,99.4,99.65,99.4,99.64,4792.0
2024-12-03 09:30:00,99.65,99.65,99.42,99.42,2389.0
2024-12-03 09:32:00,99.51,99.51,99.5,99.5,626.0
2024-12-03 09:36:00,99.43,99.43,99.43,99.43,119.0
2024-12-03 09:40:00,99.59,99.67,99.59,99.67,1191.0
2024-12-03 09:42:00,99.66,99.68,99.66,99.68,990.0
2024-12-03 09:50:00,99.61,99.61,99.6,99.6,398.0
2024-12-03 09:52:00,99.59,99.6,99.59,99.6,2447.0
2024-12-03 09:54:00,99.61,99.61,99.61,99.61,167.0
2024-12-03 09:58:00,99.64,99.73,99.64,99.73,2793.0
2024-12-03 10:06:00,99.71,99.73,99.71,99.73,807.0
2024-12-03 10:08:00,99.78,99.78,99.72,99.72,800.0
2024-12-03 10:14:00,99.95,99.99,99.95,99.99,1082.0
2024-12-03 10:16:00,99.91,99.97,99.91,99.97,321.0
2024-12-03 10:18:00,99.95,99.99,99.95,99.99,1447.0
2024-12-03 10:20:00,99.98,99.99,99.98,99.99,1246.0
2024-12-03 10:24:00,99.9,99.9,99.85,99.85,312.0
2024-12-03 10:26:00,99.85,99.85,99.85,99.85,203.0
2024-12-03 10:30:00,99.81,99.81,99.81,99.81,482.0
2024-12-03 10:32:00,99.87,99.87,99.87,99.87,141.0
2024-12-03 10:34:00,99.72,99.72,99.72,99.72,542.0
2024-12-03 10:40:00,99.7,99.75,99.7,99.75,524.0
2024-12-03 10:48:00,99.7,99.7,99.7,99.7,381.0
2024-12-03 10:52:00,99.65,99.65,99.58,99.58,1398.0
2024-12-03 10:54:00,99.52,99.52,99.5,99.5,1788.0
2024-12-03 10:58:00,99.47,99.47,99.47,99.47,196.0
2024-12-03 11:02:00,99.37,99.37,99.37,99.37,407.0
2024-12-03 11:12:00,99.41,99.49,99.41,99.47,1614.0
2024-12-03 11:14:00,99.45,99.48,99.41,99.48,916.0
2024-12-03 11:20:00,99.49,99.49,99.46,99.46,505.0
2024-12-03 11:32:00,99.65,99.68,99.65,99.68,405.0
2024-12-03 11:36:00,99.65,99.68,99.65,99.68,338.0
2024-12-03 11:38:00,99.68,99.69,99.67,99.69,1369.0
2024-12-03 11:44:00,99.73,99.73,99.68,99.68,701.0
2024-12-03 11:46:00,99.74,99.74,99.74,99.74,310.0
2024-12-03 11:58:00,99.88,99.89,99.88,99.89,1205.0
2024-12-03 12:00:00,99.79,99.79,99.55,99.55,3125.0
2024-12-03 12:02:00,99.56,99.56,99.56,99.56,1287.0
2024-12-03 12:06:00,99.6,99.6,99.6,99.6,129.0
2024-12-03 12:10:00,99.56,99.58,99.48,99.48,2153.0
2024-12-03 12:12:00,99.4,99.4,99.4,99.4,265.0
2024-12-03 12:14:00,99.48,99.48,99.48,99.48,217.0
2024-12-03 12:22:00,99.58,99.58,99.58,99.58,170.0
2024-12-03 12:28:00,99.6,99.6,99.6,99.6,167.0
2024-12-03 12:30:00,99.6,99.6,99.57,99.57,430.0
2024-12-03 12:34:00,99.62,99.62,99.62,99.62,1051.0
2024-12-03 12:36:00,99.55,99.55,99.54,99.54,456.0
2024-12-03 12:38:00,99.59,99.59,99.59,99.59,321.0
2024-12-03 12:40:00,99.58,99.58,99.58,99.58,225.0
2024-12-03 12:42:00,99.59,99.64,99.59,99.63,1204.0
2024-12-03 12:44:00,99.57,99.65,99.57,99.6,2390.0
2024-12-03 12:50:00,99.59,99.59,99.59,99.59,100.0
2024-12-03 12:56:00,99.52,99.52,99.52,99.52,146.0
2024-12-03 12:58:00,99.5,99.5,99.49,99.49,1029.0
2024-12-03 13:00:00,99.74,99.9,98.78,99.75,39484.0
2024-12-03 13:04:00,99.92,99.9536,99.92,99.9536,1026.0
2024-12-03 13:06:00,99.7794,99.81,99.74,99.78,3729.0
2024-12-03 13:08:00,99.6096,99.96,99.6096,99.96,5189.0
2024-12-03 13:10:00,99.97,99.97,99.8,99.9599,4674.0
2024-12-03 13:12:00,99.9,99.9109,99.8001,99.9,3525.0
2024-12-03 13:14:00,99.82,99.9187,99.79,99.79,1575.0
2024-12-03 13:16:00,99.79,99.85,99.79,99.85,1709.0
2024-12-03 13:18:00,99.62,99.62,99.62,99.62,392.0
2024-12-03 13:20:00,99.63,99.7,99.63,99.64,2179.0
2024-12-03 13:24:00,99.75,99.75,99.75,99.75,623.0
2024-12-03 13:26:00,99.75,99.75,99.662,99.662,817.0
2024-12-03 13:28:00,99.7499,99.7499,99.7499,99.7499,792.0
2024-12-03 13:32:00,99.63,99.66,99.53,99.66,2474.0
2024-12-03 13:34:00,99.3939,99.66,99.3939,99.65,859.0
2024-12-03 13:36:00,99.7,99.7458,99.66,99.6794,1951.0
2024-12-03 13:38:00,99.5,99.8,99.5,99.8,5815.0
2024-12-03 13:40:00,99.85,99.87,99.85,99.87,1334.0
2024-12-03 13:42:00,99.82,100.15,99.8,100.1497,14323.0
2024-12-03 13:44:00,99.78,100.26,99.72,100.26,11036.0
2024-12-03 13:46:00,99.7318,100.3,99.7318,100.3,3680.0
2024-12-03 13:48:00,100.3,100.58,100.13,100.55,12574.0
2024-12-03 13:50:00,100.55,100.55,100.15,100.25,4806.0
2024-12-03 13:52:00,100.2,100.35,100.0,100.0,4844.0
2024-12-03 13:54:00,100.06,100.99,100.0,100.83,22468.0
2024-12-03 13:56:00,100.9,101.2568,100.534,100.98,16799.0
2024-12-03 13:58:00,100.7,100.92,100.5,100.8976,7955.0
2024-12-03 14:00:00,100.5006,101.25,100.5006,101.2,19097.0
2024-12-03 14:02:00,101.2,101.25,100.6,100.65,12868.0
2024-12-03 14:04:00,100.65,100.71,100.55,100.62,22929.0
2024-12-03 14:06:00,100.52,100.66,99.6,100.18,24434.0
2024-12-03 14:08:00,100.1,100.55,100.1,100.32,13249.0
2024-12-03 14:10:00,100.32,100.55,100.32,100.4,6541.0
2024-12-03 14:12:00,100.35,100.65,100.32,100.65,7228.0
2024-12-03 14:14:00,100.6,100.99,100.6,100.8,14873.0
2024-12-03 14:16:00,100.77,100.85,100.57,100.85,11365.0
2024-12-03 14:18:00,100.777,102.45,100.777,102.0,90216.0
2024-12-03 14:20:00,101.99,102.0,101.36,101.3601,23674.0
2024-12-03 14:22:00,101.47,101.82,101.47,101.64,16197.0
2024-12-03 14:24:00,101.6,101.94,101.55,101.66,14227.0
2024-12-03 14:26:00,101.65,102.0,101.55,101.63,38854.0
2024-12-03 14:28:00,101.56,101.61,101.0,101.13,61439.0
2024-12-03 14:30:00,101.12,101.25,100.08,100.994,725028.0
2024-12-03 14:32:00,100.9425,101.8,100.7001,101.7574,386517.0
2024-12-03 14:34:00,101.78,102.17,101.5,102.105,541659.0
2024-12-03 14:36:00,102.0715,102.6,101.94,102.3499,461108.0
2024-12-03 14:38:00,102.341,102.46,102.1,102.23,249852.0
2024-12-03 14:40:00,102.23,103.09,102.23,102.928,590689.0
2024-12-03 14:42:00,102.905,102.97,102.63,102.89,305283.0
2024-12-03 14:44:00,102.91,103.35,102.83,103.168,394528.0
2024-12-03 14:46:00,103.17,103.17,102.37,102.565,385689.0
2024-12-03 14:48:00,102.55,102.81,102.53,102.575,140601.0
2024-12-03 14:50:00,102.5801,102.85,102.5701,102.73,167338.0
2024-12-03 14:52:00,102.7199,103.47,102.71,103.43,348149.0
2024-12-03 14:54:00,103.43,103.64,103.36,103.485,336627.0
2024-12-03 14:56:00,103.49,103.68,103.2,103.22,301828.0
2024-12-03 14:58:00,103.24,103.33,102.88,102.915,353143.0
2024-12-03 15:00:00,102.91,102.91,102.36,102.627,386775.0
2024-12-03 15:02:00,102.615,102.7399,102.4,102.445,206943.0
2024-12-03 15:04:00,102.445,102.84,102.44,102.78,107425.0
2024-12-03 15:06:00,102.78,102.93,102.39,102.4001,162274.0
2024-12-03 15:08:00,102.44,102.44,101.93,102.01,311464.0
2024-12-03 15:10:00,102.0179,102.11,101.76,101.895,214313.0
2024-12-03 15:12:00,101.895,101.92,101.42,101.5212,239291.0
2024-12-03 15:14:00,101.55,101.6254,101.1001,101.19,252044.0
2024-12-03 15:16:00,101.19,101.4799,101.07,101.31,284541.0
2024-12-03 15:18:00,101.295,101.38,101.0,101.11,188856.0
2024-12-03 15:20:00,101.0847,101.37,100.9,101.345,199245.0
2024-12-03 15:22:00,101.3566,101.66,101.3566,101.46,177545.0
2024-12-03 15:24:00,101.46,101.5446,101.34,101.3999,125158.0
2024-12-03 15:26:00,101.38,101.44,101.17,101.259,142687.0
2024-12-03 15:28:00,101.2401,101.4891,101.2401,101.355,107475.0
2024-12-03 15:30:00,101.34,101.9198,101.295,101.9198,140383.0
2024-12-03 15:32:00,101.9156,101.99,101.62,101.72,145211.0
2024-12-03 15:34:00,101.72,102.0,101.61,101.835,144251.0
2024-12-03 15:36:00,101.835,101.93,101.73,101.885,141528.0
2024-12-03 15:38:00,101.86,102.11,101.86,102.07,121919.0
2024-12-03 15:40:00,102.1,102.18,101.91,101.96,104300.0
2024-12-03 15:42:00,101.96,102.24,101.95,102.0385,134785.0
2024-12-03 15:44:00,102.05,102.075,101.64,101.65,184668.0
2024-12-03 15:46:00,101.65,101.72,101.31,101.39,128260.0
2024-12-03 15:48:00,101.4,101.8176,101.37,101.81,92794.0
2024-12-03 15:50:00,101.81,101.84,101.4,101.5,141670.0
2024-12-03 15:52:00,101.51,101.58,101.25,101.305,135812.0
2024-12-03 15:54:00,101.32,101.444,101.25,101.2719,97446.0
2024-12-03 15:56:00,101.252,101.4499,101.22,101.39,82098.0
2024-12-03 15:58:00,101.4,101.6596,101.2801,101.65,209655.0
2024-12-03 16:00:00,101.6315,101.64,101.45,101.4569,221247.0
2024-12-03 16:02:00,101.4501,101.47,101.24,101.3,172436.0
2024-12-03 16:04:00,101.2959,101.45,101.14,101.285,199560.0
2024-12-03 16:06:00,101.28,101.35,101.14,101.17,134866.0
2024-12-03 16:08:00,101.165,101.2,100.97,101.06,257572.0
2024-12-03 16:10:00,101.08,101.3,101.02,101.3,114175.0
2024-12-03 16:12:00,101.29,101.43,101.0,101.37,94817.0
2024-12-03 16:14:00,101.37,101.48,101.25,101.2833,68181.0
2024-12-03 16:16:00,101.27,101.27,101.06,101.125,74118.0
2024-12-03 16:18:00,101.125,101.16,100.95,101.06,100215.0
2024-12-03 16:20:00,101.055,101.085,100.8101,100.97,166534.0
2024-12-03 16:22:00,100.975,101.08,100.8,100.99,138998.0
2024-12-03 16:24:00,100.95,100.98,100.83,100.85,97675.0
2024-12-03 16:26:00,100.86,101.1,100.8,101.02,72888.0
2024-12-03 16:28:00,101.025,101.25,100.99,101.22,84698.0
2024-12-03 16:30:00,101.2314,101.4799,101.2314,101.38,102194.0
2024-12-03 16:32:00,101.37,101.37,100.935,100.9551,83533.0
2024-12-03 16:34:00,100.93,101.1,100.92,101.03,80176.0
2024-12-03 16:36:00,101.0,101.11,100.6501,100.66,93764.0
2024-12-03 16:38:00,100.66,100.7494,100.5,100.6201,123018.0
2024-12-03 16:40:00,100.63,100.73,100.61,100.72,41151.0
2024-12-03 16:42:00,100.73,100.85,100.61,100.77,152629.0
2024-12-03 16:44:00,100.73,100.92,100.67,100.86,102564.0
2024-12-03 16:46:00,100.86,100.96,100.77,100.96,54680.0
2024-12-03 16:48:00,100.94,101.1,100.94,101.08,79953.0
2024-12-03 16:50:00,101.1,101.19,101.05,101.16,43874.0
2024-12-03 16:52:00,101.15,101.37,101.12,101.3547,36474.0
2024-12-03 16:54:00,101.3398,101.5,101.3201,101.455,53534.0
2024-12-03 16:56:00,101.4564,101.51,101.4222,101.46,62624.0
2024-12-03 16:58:00,101.4724,101.515,101.26,101.26,70720.0
2024-12-03 17:00:00,101.26,101.3,101.17,101.3,42020.0
2024-12-03 17:02:00,101.2997,101.41,101.25,101.34,53881.0
2024-12-03 17:04:00,101.35,101.375,101.1,101.12,36887.0
2024-12-03 17:06:00,101.115,101.13,101.06,101.075,47145.0
2024-12-03 17:08:00,101.07,101.1466,101.055,101.13,22652.0
2024-12-03 17:10:00,101.09,101.1306,101.02,101.0424,21283.0
2024-12-03 17:12:00,101.065,101.2399,101.055,101.14,36294.0
2024-12-03 17:14:00,101.11,101.1547,101.002,101.04,34028.0
2024-12-03 17:16:00,101.06,101.09,100.922,100.922,34405.0
2024-12-03 17:18:00,100.9384,101.05,100.92,101.0,40825.0
2024-12-03 17:20:00,101.0,101.03,100.94,100.95,24844.0
2024-12-03 17:22:00,100.95,100.9818,100.86,100.86,43688.0
2024-12-03 17:24:00,100.8501,100.86,100.76,100.7931,38717.0
2024-12-03 17:26:00,100.77,100.8299,100.69,100.74,55801.0
2024-12-03 17:28:00,100.74,100.82,100.73,100.7421,36410.0
2024-12-03 17:30:00,100.735,100.7399,100.63,100.7047,52804.0
2024-12-03 17:32:00,100.695,100.79,100.65,100.76,45516.0
2024-12-03 17:34:00,100.77,100.84,100.68,100.7425,30138.0
2024-12-03 17:36:00,100.735,100.7484,100.67,100.67,22414.0
2024-12-03 17:38:00,100.675,100.7859,100.6,100.77,44978.0
2024-12-03 17:40:00,100.76,100.79,100.62,100.725,43690.0
2024-12-03 17:42:00,100.725,100.77,100.7,100.76,26446.0
2024-12-03 17:44:00,100.76,100.8164,100.69,100.81,34420.0
2024-12-03 17:46:00,100.79,100.95,100.79,100.9399,51436.0
2024-12-03 17:48:00,100.925,101.12,100.9202,101.12,62105.0
2024-12-03 17:50:00,101.13,101.15,101.05,101.09,52331.0
2024-12-03 17:52:00,101.0991,101.1,101.005,101.04,50939.0
2024-12-03 17:54:00,101.05,101.09,100.995,101.06,35820.0
2024-12-03 17:56:00,101.06,101.06,100.99,101.0,43959.0
2024-12-03 17:58:00,100.995,101.088,100.9841,101.06,40283.0
2024-12-03 18:00:00,101.05,101.07,100.99,101.03,35412.0
2024-12-03 18:02:00,101.035,101.1,100.96,101.08,45846.0
2024-12-03 18:04:00,101.075,101.1499,101.03,101.11,23056.0
2024-12-03 18:06:00,101.125,101.18,101.1146,101.13,34381.0
2024-12-03 18:08:00,101.12,101.145,101.0,101.04,28860.0
2024-12-03 18:10:00,101.05,101.08,100.86,100.87,61100.0
2024-12-03 18:12:00,100.879,100.96,100.87,100.94,42879.0
2024-12-03 18:14:00,100.94,100.9499,100.8,100.875,29089.0
2024-12-03 18:16:00,100.87,100.88,100.795,100.83,43599.0
2024-12-03 18:18:00,100.84,100.87,100.82,100.84,34191.0
2024-12-03 18:20:00,100.83,100.85,100.66,100.665,64590.0
2024-12-03 18:22:00,100.6661,100.735,100.5907,100.73,69092.0
2024-12-03 18:24:00,100.73,100.7369,100.67,100.69,38304.0
2024-12-03 18:26:00,100.685,100.7099,100.63,100.675,43560.0
2024-12-03 18:28:00,100.675,100.675,100.46,100.51,64706.0
2024-12-03 18:30:00,100.485,100.575,100.485,100.565,38945.0
2024-12-03 18:32:00,100.57,100.62,100.51,100.55,40986.0
2024-12-03 18:34:00,100.55,100.55,100.42,100.45,39454.0
2024-12-03 18:36:00,100.44,100.4699,100.365,100.45,65967.0
2024-12-03 18:38:00,100.445,100.45,100.29,100.295,41567.0
2024-12-03 18:40:00,100.2904,100.3099,100.21,100.22,50266.0
2024-12-03 18:42:00,100.235,100.3699,100.23,100.3,42126.0
2024-12-03 18:44:00,100.304,100.36,100.225,100.26,53540.0
2024-12-03 18:46:00,100.24,100.31,100.24,100.275,30958.0
2024-12-03 18:48:00,100.275,100.35,100.26,100.33,34664.0
2024-12-03 18:50:00,100.34,100.6,100.33,100.58,85611.0
2024-12-03 18:52:00,100.58,100.7238,100.46,100.7238,73477.0
2024-12-03 18:54:00,100.7193,100.88,100.7048,100.813,72615.0
2024-12-03 18:56:00,100.83,100.88,100.69,100.7828,72212.0
2024-12-03 18:58:00,100.78,100.78,100.665,100.7063,21303.0
2024-12-03 19:00:00,100.69,100.71,100.58,100.65,23253.0
2024-12-03 19:02:00,100.6476,100.66,100.59,100.62,22436.0
2024-12-03 19:04:00,100.64,100.64,100.54,100.61,18143.0
2024-12-03 19:06:00,100.62,100.66,100.44,100.48,57597.0
2024-12-03 19:08:00,100.49,100.54,100.45,100.54,16053.0
2024-12-03 19:10:00,100.53,100.54,100.4801,100.51,28542.0
2024-12-03 19:12:00,100.515,100.57,100.48,100.48,18236.0
2024-12-03 19:14:00,100.485,100.555,100.41,100.54,25816.0
2024-12-03 19:16:00,100.56,100.62,100.5,100.58,28121.0
2024-12-03 19:18:00,100.58,100.71,100.58,100.65,37029.0
2024-12-03 19:20:00,100.64,100.72,100.6309,100.72,19997.0
2024-12-03 19:22:00,100.73,100.75,100.64,100.675,24844.0
2024-12-03 19:24:00,100.67,100.67,100.56,100.57,46342.0
2024-12-03 19:26:00,100.5712,100.5946,100.53,100.55,24920.0
2024-12-03 19:28:00,100.555,100.56,100.47,100.48,30456.0
2024-12-03 19:30:00,100.48,100.53,100.445,100.48,33381.0
2024-12-03 19:32:00,100.5,100.55,100.4995,100.54,33489.0
2024-12-03 19:34:00,100.53,100.53,100.45,100.48,33001.0
2024-12-03 19:36:00,100.47,100.4962,100.343,100.49,52278.0
2024-12-03 19:38:00,100.5,100.51,100.42,100.43,45512.0
2024-12-03 19:40:00,100.42,100.43,100.35,100.43,23476.0
2024-12-03 19:42:00,100.43,100.435,100.31,100.33,40537.0
2024-12-03 19:44:00,100.33,100.37,100.32,100.3223,17255.0
2024-12-03 19:46:00,100.32,100.375,100.28,100.34,44354.0
2024-12-03 19:48:00,100.35,100.4,100.3475,100.385,40835.0
2024-12-03 19:50:00,100.3899,100.3899,100.31,100.345,56014.0
2024-12-03 19:52:00,100.3401,100.46,100.33,100.33,64609.0
2024-12-03 19:54:00,100.32,100.34,100.16,100.19,80829.0
2024-12-03 19:56:00,100.205,100.205,100.1,100.12,55237.0
2024-12-03 19:58:00,100.12,100.21,100.0711,100.197,101582.0
2024-12-03 20:00:00,100.1973,100.26,100.155,100.1601,45271.0
2024-12-03 20:02:00,100.17,100.21,100.09,100.1001,39631.0
2024-12-03 20:04:00,100.1,100.12,100.06,100.12,32148.0
2024-12-03 20:06:00,100.12,100.21,100.07,100.14,33140.0
2024-12-03 20:08:00,100.16,100.18,100.1412,100.16,38745.0
2024-12-03 20:10:00,100.15,100.1514,99.96,99.9701,123966.0
2024-12-03 20:12:00,99.98,100.01,99.9134,99.9481,86194.0
2024-12-03 20:14:00,99.93,99.9876,99.8601,99.97,55014.0
2024-12-03 20:16:00,99.97,99.985,99.8,99.81,79781.0
2024-12-03 20:18:00,99.8001,99.885,99.75,99.85,70304.0
2024-12-03 20:20:00,99.85,99.97,99.8346,99.91,53564.0
2024-12-03 20:22:00,99.92,99.92,99.81,99.84,47704.0
2024-12-03 20:24:00,99.84,100.0198,99.83,99.95,70752.0
2024-12-03 20:26:00,99.95,99.9834,99.9,99.98,32305.0
2024-12-03 20:28:00,99.9742,100.01,99.93,100.0,51607.0
2024-12-03 20:30:00,99.99,100.0148,99.86,99.89,60617.0
2024-12-03 20:32:00,99.9,99.9199,99.84,99.89,55267.0
2024-12-03 20:34:00,99.89,99.89,99.8,99.83,60165.0
2024-12-03 20:36:00,99.82,99.87,99.78,99.805,55893.0
2024-12-03 20:38:00,99.805,99.88,99.8,99.84,59230.0
2024-12-03 20:40:00,99.83,99.89,99.82,99.83,51001.0
2024-12-03 20:42:00,99.8273,99.83,99.67,99.69,103770.0
2024-12-03 20:44:00,99.6976,99.8499,99.67,99.76,68477.0
2024-12-03 20:46:00,99.76,99.815,99.74,99.805,103809.0
2024-12-03 20:48:00,99.815,99.86,99.7606,99.8409,93001.0
2024-12-03 20:50:00,99.85,99.88,99.76,99.79,147439.0
2024-12-03 20:52:00,99.79,99.7901,99.63,99.76,159513.0
2024-12-03 20:54:00,99.76,99.92,99.67,99.835,171992.0
2024-12-03 20:56:00,99.83,99.94,99.79,99.7999,253082.0
2024-12-03 20:58:00,99.8,99.89,99.7,99.87,393018.0
2024-12-03 21:00:00,99.84,99.86,99.84,99.86,122729.0
2024-12-03 21:02:00,99.84,99.84,99.7126,99.7126,1765.0
2024-12-03 21:04:00,99.79,99.93,99.71,99.88,12980.0
2024-12-03 21:06:00,99.87,100.2,99.87,100.19,17861.0
2024-12-03 21:08:00,100.17,100.19,100.0,100.0,4658.0
2024-12-03 21:10:00,100.1,100.1,99.9404,99.9404,38233.0
2024-12-03 21:12:00,100.0683,100.07,100.0001,100.07,962.0
2024-12-03 21:14:00,100.16,100.16,100.08,100.08,11445.0
2024-12-03 21:16:00,100.0001,100.1,100.0001,100.08,952.0
2024-12-03 21:18:00,100.06,100.06,100.01,100.01,60414.0
2024-12-03 21:20:00,100.05,100.1,100.0,100.1,1772.0
2024-12-03 21:22:00,100.09,100.19,100.0,100.19,4241.0
2024-12-03 21:24:00,100.19,100.19,100.15,100.15,1143.0
2024-12-03 21:26:00,100.2,100.28,100.19,100.25,4053.0
2024-12-03 21:28:00,100.27,100.3,100.27,100.3,4307.0
2024-12-03 21:30:00,100.27,100.3,100.22,100.3,2842.0
2024-12-03 21:32:00,100.2212,100.34,99.84,100.23,886.0
2024-12-03 21:34:00,100.3,100.3,100.3,100.3,660.0
2024-12-03 21:36:00,100.345,100.345,99.84,100.22,20387.0
2024-12-03 21:38:00,100.21,100.22,100.0,100.051,3488.0
2024-12-03 21:40:00,100.0503,100.1,100.05,100.1,663.0
2024-12-03 21:42:00,100.17,100.17,100.1693,100.1693,641.0
2024-12-03 21:44:00,100.1699,100.1699,100.1686,100.1686,1357.0
2024-12-03 21:46:00,100.25,100.25,100.05,100.05,1894.0
2024-12-03 21:48:00,100.1,100.1,100.04,100.06,3668.0
2024-12-03 21:50:00,100.09,100.2275,100.09,100.2275,3933.0
2024-12-03 21:54:00,100.18,100.24,100.12,100.12,1351.0
2024-12-03 21:56:00,100.2398,100.2398,100.2398,100.2398,1644.0
2024-12-03 21:58:00,100.2,100.2,100.2,100.2,549.0
2024-12-03 22:00:00,100.13,100.17,100.13,100.15,1778.0
2024-12-03 22:02:00,100.14,100.15,100.14,100.15,1141.0
2024-12-03 22:04:00,100.12,100.12,100.02,100.02,1804.0
2024-12-03 22:08:00,100.1,100.1,100.1,100.1,100.0
2024-12-03 22:10:00,100.0999,100.0999,100.04,100.05,1522.0
2024-12-03 22:12:00,100.05,100.11,100.05,100.11,776.0
2024-12-03 22:16:00,100.02,100.06,100.02,100.06,787.0
2024-12-03 22:18:00,100.11,100.11,100.11,100.11,200.0
2024-12-03 22:26:00,100.1399,100.15,100.1399,100.14,2160.0
2024-12-03 22:28:00,100.15,100.15,100.15,100.15,782.0
2024-12-03 22:34:00,100.2136,100.22,100.2136,100.22,957.0
2024-12-03 22:44:00,100.17,100.24,100.17,100.24,5009.0
2024-12-03 22:46:00,100.24,100.24,100.15,100.15,285.0
2024-12-03 22:50:00,100.23,100.23,100.23,100.23,100.0
2024-12-03 22:54:00,100.18,100.18,100.18,100.18,295.0
2024-12-03 22:56:00,100.2299,100.2299,100.2299,100.2299,725.0
2024-12-03 22:58:00,100.2249,100.2249,100.2249,100.2249,345.0
2024-12-03 23:00:00,100.14,100.15,100.12,100.12,2056.0
2024-12-03 23:02:00,100.1,100.1,100.1,100.1,915.0
2024-12-03 23:04:00,100.1,100.1,100.1,100.1,488.0
2024-12-03 23:06:00,100.1,100.1,100.1,100.1,1013.0
2024-12-03 23:08:00,100.15,100.15,100.15,100.15,325.0
2024-12-03 23:10:00,100.19,100.19,100.19,100.19,200.0
2024-12-03 23:16:00,100.1891,100.1891,100.1891,100.1891,430.0
2024-12-03 23:18:00,100.18,100.2,100.164,100.164,1220.0
2024-12-03 23:20:00,100.16,100.16,100.15,100.15,465.0
2024-12-03 23:22:00,100.0706,100.0706,100.0706,100.0706,100.0
2024-12-03 23:30:00,100.15,100.15,100.1497,100.1497,2433.0
2024-12-03 23:32:00,100.15,100.2,100.15,100.2,1090.0
2024-12-03 23:34:00,100.2,100.227,100.2,100.227,523.0
2024-12-03 23:36:00,100.227,100.24,100.19,100.24,2074.0
2024-12-03 23:38:00,100.24,100.24,100.21,100.21,623.0
2024-12-03 23:40:00,100.2395,100.2395,100.2395,100.2395,633.0
2024-12-03 23:42:00,100.2,100.2,100.1421,100.1421,935.0
2024-12-03 23:48:00,100.2388,100.2388,100.2388,100.2388,169.0
2024-12-04 00:04:00,100.289,100.289,100.12,100.12,2978.0
2024-12-04 00:06:00,100.1,100.12,100.0,100.12,8787.0
2024-12-04 00:08:00,100.01,100.09,100.01,100.01,2496.0
2024-12-04 00:10:00,100.12,100.29,100.0089,100.0089,731.0
2024-12-04 00:12:00,100.13,100.13,100.13,100.13,190.0
2024-12-04 00:14:00,100.1,100.1,100.1,100.1,1179.0
2024-12-04 00:16:00,100.06,100.06,100.03,100.03,475.0
2024-12-04 00:18:00,100.2,100.2,100.2,100.2,264.0
2024-12-04 00:24:00,100.15,100.2,100.15,100.2,1519.0
2024-12-04 00:26:00,100.1,100.1,100.1,100.1,362.0
2024-12-04 00:30:00,100.1,100.1,100.1,100.1,1888.0
2024-12-04 00:34:00,100.15,100.15,100.1,100.1,410.0
2024-12-04 00:36:00,100.15,100.15,100.15,100.15,2210.0
2024-12-04 00:38:00,100.15,100.15,100.15,100.15,235.0
2024-12-04 00:44:00,100.15,100.15,100.1,100.1,1806.0
2024-12-04 00:46:00,100.1,100.15,100.1,100.15,1594.0
2024-12-04 00:48:00,100.1113,100.1113,100.1113,100.1113,209.0
2024-12-04 00:50:00,100.15,100.1973,100.11,100.17,5257.0
2024-12-04 00:52:00,100.2,100.2,100.15,100.15,980.0
2024-12-04 00:54:00,100.12,100.12,100.11,100.11,671.0
2024-12-04 00:56:00,100.19,100.19,100.13,100.15,2496.0
2024-12-04 00:58:00,100.1301,100.15,100.1301,100.15,2006.0
2024-12-04 09:00:00,100.86,100.9,100.86,100.9,715.0
2024-12-04 09:02:00,100.92,100.92,100.92,100.92,1038.0
2024-12-04 09:04:00,100.82,100.85,100.71,100.71,2116.0
2024-12-04 09:06:00,100.85,100.85,100.85,100.85,633.0
2024-12-04 09:10:00,100.69,100.69,100.69,100.69,398.0
2024-12-04 09:22:00,100.94,100.94,100.88,100.88,630.0
2024-12-04 09:24:00,101.0,101.15,101.0,101.15,831.0
2024-12-04 09:26:00,101.05,101.05,101.05,101.05,200.0
2024-12-04 09:28:00,101.01,101.04,101.0,101.0,2903.0
2024-12-04 09:30:00,100.72,100.72,100.08,100.59,9304.0
2024-12-04 09:32:00,100.64,100.75,100.5,100.75,1800.0
2024-12-04 09:34:00,100.84,100.84,100.84,100.84,204.0
2024-12-04 09:40:00,100.64,100.64,100.64,100.64,236.0
2024-12-04 09:44:00,100.6,100.6,100.6,100.6,217.0
2024-12-04 09:48:00,100.7,100.7,100.63,100.63,1602.0
2024-12-04 09:50:00,100.76,100.76,100.74,100.74,502.0
2024-12-04 09:52:00,100.74,100.8,100.74,100.8,465.0
2024-12-04 10:00:00,100.8,100.8,100.8,100.8,221.0
2024-12-04 10:02:00,100.8,100.8,100.8,100.8,600.0
2024-12-04 10:06:00,100.82,100.82,100.82,100.82,300.0
2024-12-04 10:08:00,100.78,100.78,100.75,100.75,924.0
2024-12-04 10:10:00,100.96,101.02,100.96,101.02,1098.0
2024-12-04 10:12:00,100.8,100.8,100.8,100.8,610.0
2024-12-04 10:16:00,100.74,100.74,100.74,100.74,207.0
2024-12-04 10:18:00,100.77,100.77,100.77,100.77,162.0
2024-12-04 10:20:00,100.77,100.77,100.76,100.76,1540.0
2024-12-04 10:26:00,100.86,100.86,100.86,100.86,156.0
2024-12-04 10:30:00,100.84,100.89,100.84,100.89,1000.0
2024-12-04 10:32:00,100.82,100.82,100.82,100.82,140.0
2024-12-04 10:36:00,100.86,100.86,100.8,100.8,1813.0
2024-12-04 10:38:00,100.78,100.78,100.78,100.78,200.0
2024-12-04 10:40:00,100.76,100.76,100.72,100.72,1232.0
2024-12-04 10:50:00,100.87,100.88,100.87,100.88,505.0
2024-12-04 10:56:00,100.88,100.91,100.88,100.91,1169.0
2024-12-04 11:00:00,100.94,100.94,100.94,100.94,315.0
2024-12-04 11:02:00,100.95,100.95,100.95,100.95,622.0
2024-12-04 11:04:00,100.94,100.94,100.94,100.94,532.0
2024-12-04 11:06:00,100.93,100.93,100.93,100.93,267.0
2024-12-04 11:10:00,100.95,100.95,100.94,100.94,1121.0
2024-12-04 11:12:00,100.95,100.95,100.95,100.95,143.0
2024-12-04 11:14:00,100.96,100.96,100.96,100.96,201.0
2024-12-04 11:16:00,100.99,101.02,100.99,101.02,2100.0
2024-12-04 11:18:00,100.96,100.96,100.96,100.96,167.0
2024-12-04 11:22:00,100.95,101.04,100.95,101.04,1037.0
2024-12-04 11:30:00,101.13,101.13,101.13,101.13,299.0
2024-12-04 11:32:00,101.25,101.25,101.19,101.23,1308.0
2024-12-04 11:34:00,101.17,101.2,101.16,101.2,935.0
2024-12-04 11:36:00,101.15,101.15,101.15,101.15,259.0
2024-12-04 11:38:00,101.17,101.21,101.17,101.21,1067.0
2024-12-04 11:44:00,101.2,101.21,101.2,101.21,565.0
2024-12-04 11:50:00,101.07,101.07,101.07,101.07,352.0
2024-12-04 11:56:00,101.1,101.11,101.05,101.05,2094.0
2024-12-04 11:58:00,101.15,101.15,101.15,101.15,278.0
2024-12-04 12:00:00,101.08,101.12,101.0,101.0,2949.0
2024-12-04 12:02:00,100.95,101.0,100.95,101.0,960.0
2024-12-04 12:04:00,101.01,101.12,101.01,101.1,2164.0
2024-12-04 12:06:00,101.1,101.1,101.1,101.1,450.0
2024-12-04 12:08:00,101.06,101.06,101.05,101.05,971.0
2024-12-04 12:20:00,101.0,101.01,101.0,101.0,1749.0
2024-12-04 12:22:00,100.98,100.98,100.98,100.98,279.0
2024-12-04 12:24:00,100.98,101.2,100.98,101.2,7584.0
2024-12-04 12:26:00,101.15,101.15,101.15,101.15,2350.0
2024-12-04 12:30:00,101.18,101.18,101.16,101.16,1180.0
2024-12-04 12:32:00,101.22,101.22,101.22,101.22,772.0
2024-12-04 12:34:00,101.25,101.34,101.25,101.34,4818.0
2024-12-04 12:36:00,101.41,101.42,101.41,101.42,694.0
2024-12-04 12:38:00,101.45,101.51,101.4,101.4,1080.0
2024-12-04 12:40:00,101.4,101.4,101.34,101.35,2197.0
2024-12-04 12:46:00,101.38,101.4,101.38,101.4,940.0
2024-12-04 12:48:00,101.42,101.42,101.42,101.42,223.0
2024-12-04 12:50:00,101.42,101.42,101.33,101.33,1061.0
2024-12-04 12:52:00,101.35,101.35,101.35,101.35,182.0
2024-12-04 12:54:00,101.35,101.41,101.34,101.41,2528.0
2024-12-04 12:58:00,101.3,101.3,101.3,101.3,100.0
2024-12-04 13:00:00,101.0,101.54,100.39,101.25,65288.0
2024-12-04 13:02:00,101.2,101.3,101.2,101.3,828.0
2024-12-04 13:04:00,101.2001,101.421,101.2001,101.33,4744.0
2024-12-04 13:06:00,101.4,101.4,101.33,101.33,2090.0
2024-12-04 13:08:00,101.4,101.4,101.33,101.39,6188.0
2024-12-04 13:10:00,101.39,101.4,101.35,101.35,1557.0
2024-12-04 13:12:00,101.35,101.35,101.3301,101.3301,1653.0
2024-12-04 13:14:00,101.3301,101.4,101.3301,101.4,3546.0
2024-12-04 13:16:00,101.4,101.4,101.35,101.4,3845.0
2024-12-04 13:18:00,101.375,101.43,101.375,101.43,2878.0
2024-12-04 13:20:00,101.45,101.46,101.3964,101.4,1251.0
2024-12-04 13:22:00,101.41,101.48,101.4,101.46,2448.0
2024-12-04 13:24:00,101.405,101.405,101.38,101.38,1049.0
2024-12-04 13:26:00,101.4,101.44,101.4,101.44,757.0
2024-12-04 13:28:00,101.4,101.48,101.4,101.48,2611.0
2024-12-04 13:30:00,101.4796,101.4799,101.4,101.4,3197.0
2024-12-04 13:32:00,101.4491,101.4491,101.41,101.41,799.0
2024-12-04 13:34:00,101.44,101.47,101.44,101.47,1693.0
2024-12-04 13:36:00,101.46,101.47,101.45,101.46,5259.0
2024-12-04 13:38:00,101.47,101.68,101.47,101.66,18462.0
2024-12-04 13:40:00,101.68,101.78,101.6,101.6,10187.0
2024-12-04 13:42:00,101.62,101.7,101.6019,101.68,2167.0
2024-12-04 13:44:00,101.69,101.69,101.65,101.65,2479.0
2024-12-04 13:46:00,101.69,101.69,101.6,101.69,1084.0
2024-12-04 13:48:00,101.6415,101.6415,101.5801,101.5801,7632.0
2024-12-04 13:50:00,101.6001,101.65,101.6,101.6,4482.0
2024-12-04 13:52:00,101.6001,101.6001,101.54,101.54,8869.0
2024-12-04 13:54:00,101.5001,101.6109,101.5,101.5,5479.0
2024-12-04 13:56:00,101.51,101.51,101.39,101.39,3491.0
2024-12-04 13:58:00,101.53,101.58,101.45,101.58,2931.0
2024-12-04 14:00:00,101.56,101.56,101.47,101.5499,4822.0
2024-12-04 14:02:00,101.46,101.46,101.45,101.45,957.0
2024-12-04 14:04:00,101.45,101.58,101.45,101.58,4514.0
2024-12-04 14:06:00,101.51,101.59,101.5,101.5,2261.0
2024-12-04 14:08:00,101.54,101.54,101.43,101.43,2608.0
2024-12-04 14:10:00,101.53,101.59,101.46,101.4836,11295.0
2024-12-04 14:12:00,101.53,101.55,101.53,101.53,5065.0
2024-12-04 14:14:00,101.55,101.58,101.53,101.58,1370.0
2024-12-04 14:16:00,101.55,101.6728,101.55,101.6728,4048.0
2024-12-04 14:18:00,101.62,101.62,101.5806,101.5806,1342.0
2024-12-04 14:20:00,101.65,101.65,101.43,101.43,4259.0
2024-12-04 14:22:00,101.5,101.5778,101.4541,101.55,3498.0
2024-12-04 14:24:00,101.5,101.51,101.48,101.48,4181.0
2024-12-04 14:26:00,101.52,101.58,101.05,101.07,11529.0
2024-12-04 14:28:00,101.01,101.01,100.49,100.7976,36798.0
2024-12-04 14:30:00,100.77,100.8,100.09,100.18,478812.0
2024-12-04 14:32:00,100.2218,100.99,100.1201,100.815,118129.0
2024-12-04 14:34:00,100.8535,101.1646,100.6,101.0868,130919.0
2024-12-04 14:36:00,101.05,101.3,100.98,101.1,129336.0
2024-12-04 14:38:00,101.0537,101.17,100.71,100.78,84911.0
2024-12-04 14:40:00,100.795,100.8343,100.5,100.53,89602.0
2024-12-04 14:42:00,100.52,100.61,100.34,100.55,105044.0
2024-12-04 14:44:00,100.4773,100.751,100.4773,100.66,69652.0
2024-12-04 14:46:00,100.67,100.88,100.56,100.75,59850.0
2024-12-04 14:48:00,100.76,100.83,100.65,100.76,59811.0
2024-12-04 14:50:00,100.76,100.79,100.46,100.58,60706.0
2024-12-04 14:52:00,100.555,100.74,100.45,100.55,66042.0
2024-12-04 14:54:00,100.57,100.67,100.36,100.5799,88155.0
2024-12-04 14:56:00,100.55,100.55,100.25,100.265,60615.0
2024-12-04 14:58:00,100.25,100.275,99.93,100.1099,227880.0
2024-12-04 15:00:00,100.09,100.2146,99.8,100.0866,210451.0
2024-12-04 15:02:00,100.07,100.46,100.01,100.38,177929.0
2024-12-04 15:04:00,100.375,100.52,100.22,100.5101,92332.0
2024-12-04 15:06:00,100.5163,100.58,100.2,100.3742,87738.0
2024-12-04 15:08:00,100.3864,100.51,100.3,100.39,81267.0
2024-12-04 15:10:00,100.405,100.66,100.405,100.59,97430.0
2024-12-04 15:12:00,100.59,100.67,100.5059,100.55,49172.0
2024-12-04 15:14:00,100.5405,100.59,100.36,100.38,44749.0
2024-12-04 15:16:00,100.39,100.42,100.132,100.1491,71371.0
2024-12-04 15:18:00,100.1599,100.31,100.14,100.3044,54882.0
2024-12-04 15:20:00,100.33,100.6,100.33,100.575,92194.0
2024-12-04 15:22:00,100.588,100.62,100.3923,100.4621,51213.0
2024-12-04 15:24:00,100.47,100.81,100.45,100.7701,60386.0
2024-12-04 15:26:00,100.77,100.94,100.73,100.8902,143684.0
2024-12-04 15:28:00,100.91,101.1695,100.895,101.08,124264.0
2024-12-04 15:30:00,101.08,101.098,100.715,100.73,57577.0
2024-12-04 15:32:00,100.735,100.91,100.675,100.83,75699.0
2024-12-04 15:34:00,100.81,100.93,100.77,100.8645,43948.0
2024-12-04 15:36:00,100.85,100.875,100.75,100.805,29936.0
2024-12-04 15:38:00,100.815,100.867853,100.72,100.8017,44768.0
2024-12-04 15:40:00,100.795,100.94,100.72,100.9,46565.0
2024-12-04 15:42:00,100.92,100.93,100.82,100.8601,40949.0
2024-12-04 15:44:00,100.88,100.95,100.835,100.95,41467.0
2024-12-04 15:46:00,100.9427,100.95,100.56,100.64,51939.0
2024-12-04 15:48:00,100.642,100.642,100.38,100.4799,71301.0
2024-12-04 15:50:00,100.475,100.49,100.345,100.4201,47485.0
2024-12-04 15:52:00,100.42,100.54,100.29,100.51,131219.0
2024-12-04 15:54:00,100.5065,100.75,100.5065,100.75,55174.0
2024-12-04 15:56:00,100.75,100.865,100.72,100.8196,101231.0
2024-12-04 15:58:00,100.83,100.97,100.82,100.94,62774.0
2024-12-04 16:00:00,100.94,101.1,100.92,101.06,80588.0
2024-12-04 16:02:00,101.0729,101.2563,101.01,101.2563,80255.0
2024-12-04 16:04:00,101.25,101.31,101.1201,101.24,108842.0
2024-12-04 16:06:00,101.225,101.42,101.2,101.39,67391.0
2024-12-04 16:08:00,101.39,101.47,101.3601,101.405,148916.0
2024-12-04 16:10:00,101.395,101.42,101.013,101.1476,75862.0
2024-12-04 16:12:00,101.15,101.26,101.12,101.22,41800.0
2024-12-04 16:14:00,101.22,101.29,101.17,101.28,48751.0
2024-12-04 16:16:00,101.28,101.375,101.05,101.1,62776.0
2024-12-04 16:18:00,101.12,101.29,101.1,101.24,200247.0
2024-12-04 16:20:00,101.24,101.49,101.2337,101.475,52195.0
2024-12-04 16:22:00,101.49,101.58,101.4,101.4,100226.0
2024-12-04 16:24:00,101.42,101.42,101.24,101.32,54426.0
2024-12-04 16:26:00,101.34,101.46,101.3,101.33,29563.0
2024-12-04 16:28:00,101.33,101.452,101.14,101.452,152090.0
2024-12-04 16:30:00,101.45,101.47,101.25,101.34,68841.0
2024-12-04 16:32:00,101.35,101.385,101.18,101.3701,65123.0
2024-12-04 16:34:00,101.38,101.45,101.2814,101.3,44979.0
2024-12-04 16:36:00,101.305,101.3375,101.17,101.27,61580.0
2024-12-04 16:38:00,101.28,101.32,101.15,101.22,289098.0
2024-12-04 16:40:00,101.2,101.2357,101.06,101.08,48287.0
2024-12-04 16:42:00,101.1,101.1092,100.9799,100.9999,36859.0
2024-12-04 16:44:00,101.0,101.14,101.0,101.12,26333.0
2024-12-04 16:46:00,101.1,101.2073,101.09,101.15,22790.0
2024-12-04 16:48:00,101.13,101.2447,101.1,101.2,30085.0
2024-12-04 16:50:00,101.19,101.22,101.09,101.1169,27681.0
2024-12-04 16:52:00,101.11,101.1599,101.055,101.0931,29860.0
2024-12-04 16:54:00,101.095,101.2,101.095,101.17,14740.0
2024-12-04 16:56:00,101.17,101.25,101.1573,101.16,17566.0
2024-12-04 16:58:00,101.145,101.16,101.09,101.09,18516.0
2024-12-04 17:00:00,101.09,101.32,101.09,101.31,38182.0
2024-12-04 17:02:00,101.308,101.34,101.1,101.2,42379.0
2024-12-04 17:04:00,101.19,101.19,101.115,101.16,14527.0
2024-12-04 17:06:00,101.17,101.19,101.13,101.17,16849.0
2024-12-04 17:08:00,101.2,101.2982,101.1524,101.19,28703.0
2024-12-04 17:10:00,101.17,101.2,101.12,101.179,15622.0
2024-12-04 17:12:00,101.15,101.28,101.15,101.28,13220.0
2024-12-04 17:14:00,101.2801,101.345,101.2543,101.32,32833.0
2024-12-04 17:16:00,101.31,101.33,101.26,101.29,17138.0
2024-12-04 17:18:00,101.29,101.33,101.2801,101.3099,19398.0
2024-12-04 17:20:00,101.305,101.37,101.23,101.33,51750.0
2024-12-04 17:22:00,101.325,101.36,101.25,101.2912,18974.0
2024-12-04 17:24:00,101.29,101.41,101.29,101.38,55721.0
2024-12-04 17:26:00,101.37,101.405,101.33,101.405,13268.0
2024-12-04 17:28:00,101.4099,101.42,101.36,101.4,24910.0
2024-12-04 17:30:00,101.4,101.4,101.28,101.2822,22860.0
2024-12-04 17:32:00,101.27,101.43,101.26,101.415,33178.0
2024-12-04 17:34:00,101.4113,101.44,101.36,101.37,40292.0
2024-12-04 17:36:00,101.38,101.4,101.33,101.39,16802.0
2024-12-04 17:38:00,101.3927,101.51,101.39,101.4697,80947.0
2024-12-04 17:40:00,101.46,101.465,101.3301,101.35,28093.0
2024-12-04 17:42:00,101.35,101.43,101.3448,101.41,19595.0
2024-12-04 17:44:00,101.42,101.44,101.36,101.375,22311.0
2024-12-04 17:46:00,101.38,101.42,101.325,101.4,58076.0
2024-12-04 17:48:00,101.4001,101.53,101.35,101.51,38578.0
2024-12-04 17:50:00,101.51,101.53,101.4454,101.4454,26549.0
2024-12-04 17:52:00,101.4632,101.56,101.45,101.56,23361.0
2024-12-04 17:54:00,101.56,101.58,101.5333,101.57,18751.0
2024-12-04 17:56:00,101.575,101.64,101.56,101.605,90481.0
2024-12-04 17:58:00,101.6,101.69,101.44,101.52,216687.0
2024-12-04 18:00:00,101.51,101.63,101.4362,101.63,19967.0
2024-12-04 18:02:00,101.63,101.85,101.62,101.8407,46207.0
2024-12-04 18:04:00,101.845,101.85,101.7485,101.79,58450.0
2024-12-04 18:06:00,101.79,101.98,101.7809,101.97,85050.0
2024-12-04 18:08:00,101.9835,102.1,101.9835,102.01,79920.0
2024-12-04 18:10:00,102.001,102.05,101.9778,101.99,53385.0
2024-12-04 18:12:00,102.0,102.08,101.96,101.99,38513.0
2024-12-04 18:14:00,102.0,102.04,101.91,101.9224,30616.0
2024-12-04 18:16:00,101.93,101.93,101.7701,101.81,33932.0
2024-12-04 18:18:00,101.81,101.935,101.8,101.89,75779.0
2024-12-04 18:20:00,101.88,101.89,101.82,101.855,21589.0
2024-12-04 18:22:00,101.87,102.02,101.87,102.01,34568.0
2024-12-04 18:24:00,102.01,102.13,102.0,102.1,44808.0
2024-12-04 18:26:00,102.08,102.13,102.02,102.0332,57480.0
2024-12-04 18:28:00,102.035,102.04,101.93,101.975,51620.0
2024-12-04 18:30:00,101.97,102.02,101.88,101.95,50134.0
2024-12-04 18:32:00,101.954,102.09,101.81,102.07,63773.0
2024-12-04 18:34:00,102.06,102.13,102.0401,102.08,64944.0
2024-12-04 18:36:00,102.07,102.19,101.99,102.14,78107.0
2024-12-04 18:38:00,102.13,102.16,102.0201,102.13,45082.0
2024-12-04 18:40:00,102.11,102.18,102.02,102.04,46506.0
2024-12-04 18:42:00,102.035,102.14,101.91,102.13,60219.0
2024-12-04 18:44:00,102.14,102.28,102.1092,102.27,63721.0
2024-12-04 18:46:00,102.265,102.33,102.23,102.33,47775.0
2024-12-04 18:48:00,102.33,102.35,102.24,102.26,46821.0
2024-12-04 18:50:00,102.27,102.3,102.23,102.27,28275.0
2024-12-04 18:52:00,102.2726,102.36,102.24,102.33,31713.0
2024-12-04 18:54:00,102.34,102.37,102.28,102.37,40267.0
2024-12-04 18:56:00,102.375,102.44,102.37,102.4074,50699.0
2024-12-04 18:58:00,102.4,102.41,102.22,102.25,73193.0
2024-12-04 19:00:00,102.23,102.39,102.15,102.3608,59940.0
2024-12-04 19:02:00,102.35,102.42,102.28,102.39,43384.0
2024-12-04 19:04:00,102.385,102.53,102.35,102.4108,63992.0
2024-12-04 19:06:00,102.4,102.66,102.4,102.6166,58134.0
2024-12-04 19:08:00,102.63,102.72,102.6,102.69,50513.0
2024-12-04 19:10:00,102.67,102.8125,102.67,102.795,76828.0
2024-12-04 19:12:00,102.795,102.805,102.59,102.625,97257.0
2024-12-04 19:14:00,102.62,102.6851,102.5629,102.65,62759.0
2024-12-04 19:16:00,102.65,102.699,102.58,102.63,82808.0
2024-12-04 19:18:00,102.615,102.69,102.5401,102.6,57719.0
2024-12-04 19:20:00,102.59,102.645,102.54,102.59,29784.0
2024-12-04 19:22:00,102.61,102.6399,102.53,102.63,39400.0
2024-12-04 19:24:00,102.62,102.6297,102.4579,102.5,45200.0
2024-12-04 19:26:00,102.49,102.6299,102.45,102.55,47664.0
2024-12-04 19:28:00,102.5576,102.64,102.54,102.585,43227.0
2024-12-04 19:30:00,102.59,102.71,102.565,102.62,49742.0
2024-12-04 19:32:00,102.61,102.67,102.59,102.59,26425.0
2024-12-04 19:34:00,102.58,102.63,102.55,102.5901,34024.0
2024-12-04 19:36:00,102.59,102.62,102.5,102.5392,68127.0
2024-12-04 19:38:00,102.53,102.62,102.46,102.6,41604.0
2024-12-04 19:40:00,102.5976,102.635,102.56,102.59,33562.0
2024-12-04 19:42:00,102.59,102.62,102.53,102.61,41344.0
2024-12-04 19:44:00,102.6,102.62,102.5,102.53,30497.0
2024-12-04 19:46:00,102.55,102.6,102.5,102.51,26543.0
2024-12-04 19:48:00,102.505,102.58,102.505,102.54,40072.0
2024-12-04 19:50:00,102.54,102.57,102.46,102.505,31478.0
2024-12-04 19:52:00,102.528,102.58,102.42,102.545,59092.0
2024-12-04 19:54:00,102.54,102.595,102.525,102.595,24520.0
2024-12-04 19:56:00,102.595,102.6,102.5165,102.5165,31358.0
2024-12-04 19:58:00,102.5144,102.55,102.475,102.4801,41243.0
2024-12-04 20:00:00,102.475,102.475,102.3301,102.3504,42738.0
2024-12-04 20:02:00,102.345,102.4,102.262,102.3401,36325.0
2024-12-04 20:04:00,102.345,102.45,102.32,102.44,34734.0
2024-12-04 20:06:00,102.445,102.6298,102.445,102.59,76859.0
2024-12-04 20:08:00,102.58,102.65,102.56,102.6,49650.0
2024-12-04 20:10:00,102.61,102.675,102.565,102.67,50821.0
2024-12-04 20:12:00,102.65,102.718,102.61,102.625,31720.0
2024-12-04 20:14:00,102.6299,102.845,102.6299,102.8033,56833.0
2024-12-04 20:16:00,102.81,102.85,102.8044,102.83,48439.0
2024-12-04 20:18:00,102.83,102.86,102.805,102.845,42281.0
2024-12-04 20:20:00,102.8416,103.03,102.825,103.02,117565.0
2024-12-04 20:22:00,103.015,103.015,102.915,102.92,68204.0
2024-12-04 20:24:00,102.915,102.98,102.91,102.97,60247.0
2024-12-04 20:26:00,102.98,103.059,102.96,102.965,60184.0
2024-12-04 20:28:00,102.96,102.96,102.83,102.9109,83424.0
2024-12-04 20:30:00,102.9,103.01,102.875,102.945,61844.0
2024-12-04 20:32:00,102.95,103.0699,102.95,103.01,90975.0
2024-12-04 20:34:00,103.01,103.06,102.99,102.995,58345.0
2024-12-04 20:36:00,102.99,103.06,102.99,103.04,45053.0
2024-12-04 20:38:00,103.03,103.12,103.0,103.115,83665.0
2024-12-04 20:40:00,103.12,103.19,103.1001,103.1336,45298.0
2024-12-04 20:42:00,103.145,103.18,103.08,103.1799,59929.0
2024-12-04 20:44:00,103.175,103.265,103.09,103.135,124408.0
2024-12-04 20:46:00,103.125,103.29,103.07,103.285,106168.0
2024-12-04 20:48:00,103.29,103.3499,103.2306,103.325,109686.0
2024-12-04 20:50:00,103.33,103.41,103.16,103.17,215503.0
2024-12-04 20:52:00,103.17,103.1882,103.0,103.0927,158415.0
2024-12-04 20:54:00,103.09,103.18,102.99,103.085,199156.0
2024-12-04 20:56:00,103.085,103.25,103.055,103.25,180912.0
2024-12-04 20:58:00,103.24,103.31,103.16,103.23,353815.0
2024-12-04 21:00:00,103.2,103.2,103.0,103.0,126375.0
2024-12-04 21:02:00,103.06,103.07,103.06,103.07,1528.0
2024-12-04 21:04:00,103.0399,103.05,102.95,103.05,3868.0
2024-12-04 21:06:00,102.95,103.2,102.9,102.96,20507.0
2024-12-04 21:10:00,103.07,103.07,102.966,102.966,647.0
2024-12-04 21:12:00,103.07,103.07,102.9622,103.01,6453.0
2024-12-04 21:14:00,103.01,103.01,102.96,102.96,1534.0
2024-12-04 21:16:00,102.96,103.04,102.96,103.04,3830.0
2024-12-04 21:18:00,102.99,103.0,102.96,102.97,3446.0
2024-12-04 21:20:00,102.91,102.91,102.9,102.9,9288.0
2024-12-04 21:22:00,102.9593,102.96,102.9201,102.96,1984.0
2024-12-04 21:24:00,102.921,102.921,102.921,102.921,335.0
2024-12-04 21:26:00,102.9223,102.9223,102.9223,102.9223,139.0
2024-12-04 21:28:00,102.9239,103.0,102.9239,103.0,561.0
2024-12-04 21:30:00,102.95,102.96,102.95,102.96,1937.0
2024-12-04 21:34:00,103.0,103.0,102.94,102.94,65198.0
2024-12-04 21:36:00,102.97,103.2,102.97,103.2,621.0
2024-12-04 21:38:00,102.97,102.97,102.97,102.97,432.0
2024-12-04 21:40:00,102.9974,102.9993,102.97,102.97,983.0
2024-12-04 21:42:00,102.9992,103.0,102.98,103.0,2404.0
2024-12-04 21:44:00,102.99,103.0,102.99,103.0,743.0
2024-12-04 21:46:00,102.95,102.97,102.95,102.97,785.0
2024-12-04 21:48:00,102.9999,103.0,102.9999,103.0,597.0
2024-12-04 21:50:00,102.98,102.9999,102.97,102.9999,1559.0
2024-12-04 21:52:00,103.0,103.0,103.0,103.0,461.0
2024-12-04 21:56:00,103.04,103.04,103.04,103.04,206.0
2024-12-04 21:58:00,103.0,103.0,103.0,103.0,479.0
2024-12-04 22:00:00,102.96,103.0,102.9,102.9,2737.0
2024-12-04 22:02:00,102.95,102.95,102.95,102.95,367.0
2024-12-04 22:04:00,102.9201,102.93,102.92,102.93,571.0
2024-12-04 22:12:00,102.95,102.95,102.95,102.95,150.0
2024-12-04 22:22:00,102.92,102.92,102.92,102.92,174.0
2024-12-04 22:24:00,102.99,102.99,102.99,102.99,150.0
2024-12-04 22:28:00,102.94,102.94,102.94,102.94,551.0
2024-12-04 22:34:00,102.98,102.98,102.98,102.98,752.0
2024-12-04 22:38:00,102.99,103.0,102.9504,103.0,953.0
2024-12-04 22:40:00,103.0,103.01,103.0,103.01,4057.0
2024-12-04 22:48:00,103.05,103.0768,103.05,103.0768,2159.0
2024-12-04 22:52:00,103.1,103.1,103.1,103.1,177.0
2024-12-04 22:54:00,103.1,103.1,103.1,103.1,210.0
2024-12-04 22:56:00,103.1,103.1,103.1,103.1,251.0
2024-12-04 22:58:00,103.1896,103.1896,103.1896,103.1896,1020.0
2024-12-04 23:00:00,103.12,103.12,103.06,103.06,1145.0
2024-12-04 23:04:00,103.0006,103.0006,103.0,103.0,686.0
2024-12-04 23:12:00,103.0,103.0584,103.0,103.0584,711.0
2024-12-04 23:14:00,103.06,103.06,103.06,103.06,150.0
2024-12-04 23:18:00,102.9751,102.9751,102.9751,102.9751,1101.0
2024-12-04 23:30:00,103.03,103.03,103.0,103.0,584.0
2024-12-04 23:32:00,103.09,103.1712,103.09,103.1712,745.0
2024-12-04 23:34:00,103.0,103.02,103.0,103.02,405.0
2024-12-04 23:38:00,103.1,103.1,103.1,103.1,103.0
2024-12-04 23:40:00,103.19,103.2,103.0,103.015,2205.0
2024-12-04 23:44:00,103.0,103.0,103.0,103.0,552.0
2024-12-04 23:46:00,103.0,103.0,103.0,103.0,702.0
2024-12-04 23:52:00,102.97,102.97,102.92,102.92,736.0
2024-12-04 23:54:00,102.9201,102.9201,102.9201,102.9201,841.0
2024-12-04 23:56:00,102.9201,102.9201,102.9201,102.9201,405.0
2024-12-04 23:58:00,102.9201,102.9201,102.89,102.89,3456.0
2024-12-05 00:04:00,102.89,102.89,102.89,102.89,300.0
2024-12-05 00:06:00,102.89,102.89,102.89,102.89,460.0
2024-12-05 00:14:00,102.9068,102.9068,102.9068,102.9068,203.0
2024-12-05 00:16:00,102.97,102.97,102.89,102.89,2096.0
2024-12-05 00:18:00,102.89,102.89,102.89,102.89,2954.0
2024-12-05 00:20:00,103.0017,103.0017,103.0017,103.0017,100.0
2024-12-05 00:22:00,102.8692,102.8692,102.8692,102.8692,130.0
2024-12-05 00:26:00,102.8623,102.8623,102.8623,102.8623,451.0
2024-12-05 00:30:00,102.8661,102.8661,102.8661,102.8661,203.0
2024-12-05 00:32:00,102.8641,102.8641,102.8641,102.8641,311.0
2024-12-05 00:42:00,102.9013,102.9013,102.9013,102.9013,206.0
2024-12-05 00:44:00,102.9503,102.9503,102.9503,102.9503,220.0
2024-12-05 00:46:00,103.0,103.0,103.0,103.0,231.0
2024-12-05 00:48:00,102.98,102.98,102.98,102.98,111.0
2024-12-05 00:50:00,102.9801,102.9801,102.9801,102.9801,106.0
2024-12-05 00:54:00,102.98,102.98,102.89,102.89,2071.0
2024-12-05 00:56:00,102.8608,102.8608,102.8601,102.8601,5267.0
2024-12-05 00:58:00,102.87,102.87,102.87,102.87,350.0
2024-12-05 09:00:00,102.68,102.68,102.68,102.68,766.0
2024-12-05 09:02:00,102.62,102.66,102.51,102.51,1190.0
2024-12-05 09:04:00,102.49,102.74,102.49,102.74,1952.0
2024-12-05 09:08:00,102.52,102.52,102.51,102.51,742.0
2024-12-05 09:16:00,102.54,102.54,102.52,102.52,918.0
2024-12-05 09:18:00,102.56,102.56,102.56,102.56,338.0
2024-12-05 09:20:00,102.51,102.55,102.51,102.55,775.0
2024-12-05 09:36:00,102.61,102.61,102.6,102.6,825.0
2024-12-05 09:44:00,102.55,102.55,102.55,102.55,737.0
2024-12-05 10:22:00,102.8,102.8,102.8,102.8,418.0
2024-12-05 10:54:00,102.72,102.72,102.72,102.72,200.0
2024-12-05 11:00:00,102.63,102.63,102.61,102.61,828.0
2024-12-05 11:10:00,102.62,102.62,102.55,102.55,2131.0
2024-12-05 11:44:00,102.79,102.79,102.79,102.79,258.0
2024-12-05 11:46:00,102.79,102.8,102.79,102.8,202.0
2024-12-05 12:00:00,102.76,102.78,102.71,102.78,1029.0
2024-12-05 12:02:00,102.78,102.78,102.78,102.78,200.0
2024-12-05 12:16:00,102.8,102.8,102.8,102.8,601.0
2024-12-05 12:30:00,102.85,102.85,102.85,102.85,776.0
2024-12-05 12:32:00,102.9,103.1,102.9,103.1,3215.0
2024-12-05 12:34:00,103.15,103.15,103.15,103.15,374.0
2024-12-05 12:36:00,103.19,103.19,103.19,103.19,582.0
2024-12-05 12:38:00,103.31,103.45,103.22,103.45,2431.0
2024-12-05 12:40:00,103.4,103.4,103.4,103.4,536.0
2024-12-05 12:44:00,103.23,103.23,103.23,103.23,425.0
2024-12-05 12:46:00,103.38,103.43,103.3,103.3,5100.0
2024-12-05 12:48:00,103.3,103.3,103.21,103.21,5863.0
2024-12-05 12:50:00,103.2,103.25,103.05,103.23,9662.0
2024-12-05 12:52:00,103.23,103.25,103.06,103.24,22864.0
2024-12-05 12:54:00,103.31,103.43,103.22,103.43,17458.0
2024-12-05 13:00:00,102.79,103.4875,102.3,103.36,30746.0
2024-12-05 13:02:00,103.45,103.46,103.36,103.37,12393.0
2024-12-05 13:04:00,103.36,103.36,103.36,103.36,449.0
2024-12-05 13:06:00,103.36,103.37,103.36,103.36,1381.0
2024-12-05 13:08:00,103.4263,103.4263,103.22,103.22,9212.0
2024-12-05 13:10:00,103.2501,103.36,103.2501,103.36,2483.0
2024-12-05 13:12:00,103.28,103.29,103.28,103.29,1290.0
2024-12-05 13:14:00,103.37,103.4,103.37,103.4,8256.0
2024-12-05 13:18:00,103.35,103.35,103.31,103.35,900.0
2024-12-05 13:20:00,103.39,103.39,103.314,103.314,735.0
2024-12-05 13:22:00,103.3103,103.39,103.3103,103.3113,1269.0
2024-12-05 13:24:00,103.38,103.39,103.38,103.39,979.0
2024-12-05 13:26:00,103.31,103.32,103.31,103.32,801.0
2024-12-05 13:28:00,103.38,103.5,103.32,103.5,3401.0
2024-12-05 13:30:00,103.4,103.55,103.4,103.55,1606.0
2024-12-05 13:32:00,103.55,103.65,103.4545,103.4545,2486.0
2024-12-05 13:34:00,103.6,103.71,103.6,103.68,846.0
2024-12-05 13:36:00,103.61,103.71,103.6001,103.65,5071.0
2024-12-05 13:38:00,103.67,103.7,103.62,103.7,2608.0
2024-12-05 13:40:00,103.71,103.87,103.71,103.85,7372.0
2024-12-05 13:42:00,103.91,103.96,103.85,103.94,10845.0
2024-12-05 13:44:00,103.9399,103.9399,103.82,103.8202,1743.0
2024-12-05 13:46:00,103.886,103.9,103.8501,103.8519,2672.0
2024-12-05 13:48:00,103.89,103.89,103.6354,103.6354,1666.0
2024-12-05 13:50:00,103.66,103.66,103.36,103.4239,14153.0
2024-12-05 13:52:00,103.482,103.89,103.482,103.71,5990.0
2024-12-05 13:54:00,103.7114,103.8,103.71,103.795,2939.0
2024-12-05 13:56:00,103.79,103.79,103.79,103.79,1139.0
2024-12-05 13:58:00,103.8,103.8,103.77,103.8,2377.0
2024-12-05 14:00:00,103.79,103.85,103.79,103.85,4991.0
2024-12-05 14:02:00,103.85,104.0,103.85,103.97,3698.0
2024-12-05 14:06:00,103.82,103.85,103.81,103.85,1190.0
2024-12-05 14:08:00,103.87,104.0,103.8338,103.94,6535.0
2024-12-05 14:10:00,104.0,104.02,103.99,103.99,7547.0
2024-12-05 14:12:00,103.9985,104.01,103.9,104.01,2586.0
2024-12-05 14:14:00,104.0,104.0,103.9,103.92,3099.0
2024-12-05 14:16:00,103.93,103.98,103.92,103.98,1957.0
2024-12-05 14:18:00,104.0,104.0,104.0,104.0,1209.0
2024-12-05 14:20:00,104.1,104.17,104.1,104.17,5401.0
2024-12-05 14:22:00,104.06,104.06,103.95,103.95,6544.0
2024-12-05 14:24:00,103.9,103.9,103.76,103.87,3126.0
2024-12-05 14:26:00,103.76,103.76,103.6,103.6653,5307.0
2024-12-05 14:28:00,103.7627,103.989,103.7627,103.989,2140.0
2024-12-05 14:30:00,103.875,103.99,102.7,102.9399,551007.0
2024-12-05 14:32:00,102.885,103.68,102.885,103.48,131613.0
2024-12-05 14:34:00,103.495,104.01,103.38,103.9001,230965.0
2024-12-05 14:36:00,103.945,103.9675,103.5,103.65,94889.0
2024-12-05 14:38:00,103.64,103.91,103.48,103.555,143507.0
2024-12-05 14:40:00,103.545,104.1893,103.545,103.995,143378.0
2024-12-05 14:42:00,103.95,104.2498,103.88,104.125,102926.0
2024-12-05 14:44:00,104.12,104.17,103.96,104.02,113477.0
2024-12-05 14:46:00,104.02,104.0999,103.91,103.95,121755.0
2024-12-05 14:48:00,103.92,104.05,103.72,103.785,173502.0
2024-12-05 14:50:00,103.78,103.87,103.5531,103.605,122330.0
2024-12-05 14:52:00,103.63,103.639549,103.13,103.1901,169553.0
2024-12-05 14:54:00,103.24,103.26,102.75,102.8775,151941.0
2024-12-05 14:56:00,102.87,102.95,102.6601,102.91,140409.0
2024-12-05 14:58:00,102.94,103.0441,102.85,102.95,92766.0
2024-12-05 15:00:00,102.935,103.16,102.85,103.04,94061.0
2024-12-05 15:02:00,103.01,103.19,102.93,103.13,60824.0
2024-12-05 15:04:00,103.105,103.14,102.9,102.925,78193.0
2024-12-05 15:06:00,102.95,103.198,102.95,103.15,57205.0
2024-12-05 15:08:00,103.155,103.36,103.13,103.36,78526.0
2024-12-05 15:10:00,103.348,103.348,102.73,102.7301,97163.0
2024-12-05 15:12:00,102.76,102.8878,102.636,102.7,60705.0
2024-12-05 15:14:00,102.69,102.84,102.64,102.84,53057.0
2024-12-05 15:16:00,102.8365,102.8365,102.6887,102.795,40586.0
2024-12-05 15:18:00,102.795,102.88,102.7301,102.83,40724.0
2024-12-05 15:20:00,102.77,102.95,102.71,102.81,48356.0
2024-12-05 15:22:00,102.81,102.82,102.6203,102.63,45380.0
2024-12-05 15:24:00,102.64,102.66,102.45,102.54,112328.0
2024-12-05 15:26:00,102.545,102.63,102.465,102.575,53749.0
2024-12-05 15:28:00,102.57,102.66,102.545,102.57,28650.0
2024-12-05 15:30:00,102.55,102.56,102.1004,102.29,159570.0
2024-12-05 15:32:00,102.28,102.3943,102.256,102.3407,43788.0
2024-12-05 15:34:00,102.325,102.3499,102.18,102.33,37177.0
2024-12-05 15:36:00,102.3101,102.4,102.27,102.33,40424.0
2024-12-05 15:38:00,102.325,102.44,102.32,102.41,38823.0
2024-12-05 15:40:00,102.405,102.48,102.3301,102.39,62400.0
2024-12-05 15:42:00,102.375,102.6087,102.36,102.5801,55766.0
2024-12-05 15:44:00,102.6,102.6837,102.55,102.6,51924.0
2024-12-05 15:46:00,102.62,102.85,102.59,102.61,63844.0
2024-12-05 15:48:00,102.64,102.708,102.481,102.505,47277.0
2024-12-05 15:50:00,102.505,102.625,102.41,102.47,67851.0
2024-12-05 15:52:00,102.465,102.67,102.41,102.61,41084.0
2024-12-05 15:54:00,102.6001,102.7699,102.6001,102.715,35768.0
2024-12-05 15:56:00,102.7156,102.722,102.59,102.62,48439.0
2024-12-05 15:58:00,102.63,102.71,102.6107,102.69,24488.0
2024-12-05 16:00:00,102.68,102.79,102.67,102.75,42164.0
2024-12-05 16:02:00,102.755,102.8783,102.6811,102.865,39045.0
2024-12-05 16:04:00,102.8503,102.865,102.71,102.74,33218.0
2024-12-05 16:06:00,102.73,102.86,102.7008,102.76,28094.0
2024-12-05 16:08:00,102.76,102.87,102.7101,102.85,30686.0
2024-12-05 16:10:00,102.86,102.95,102.75,102.75,29971.0
2024-12-05 16:12:00,102.775,102.86,102.74,102.745,43929.0
2024-12-05 16:14:00,102.745,102.75,102.66,102.71,34534.0
2024-12-05 16:16:00,102.7,102.7,102.57,102.58,54811.0
2024-12-05 16:18:00,102.6,102.66,102.58,102.6,32911.0
2024-12-05 16:20:00,102.6,102.75,102.59,102.72,43990.0
2024-12-05 16:22:00,102.71,102.8,102.69,102.7996,32954.0
2024-12-05 16:24:00,102.785,102.87,102.7701,102.835,32063.0
2024-12-05 16:26:00,102.835,102.8671,102.61,102.61,48538.0
2024-12-05 16:28:00,102.618,102.618,102.52,102.57,55723.0
2024-12-05 16:30:00,102.55,102.6167,102.527,102.585,30479.0
2024-12-05 16:32:00,102.585,102.61,102.53,102.54,33642.0
2024-12-05 16:34:00,102.54,102.595,102.485,102.58,80570.0
2024-12-05 16:36:00,102.57,102.6,102.47,102.47,33612.0
2024-12-05 16:38:00,102.45,102.45,102.33,102.3392,48902.0
2024-12-05 16:40:00,102.35,102.43,102.26,102.2899,42564.0
2024-12-05 16:42:00,102.26,102.29,102.1627,102.24,43309.0
2024-12-05 16:44:00,102.24,102.37,102.225,102.32,30314.0
2024-12-05 16:46:00,102.336,102.38,102.24,102.32,41453.0
2024-12-05 16:48:00,102.325,102.51,102.3,102.51,41160.0
2024-12-05 16:50:00,102.502,102.5559,102.42,102.51,43925.0
2024-12-05 16:52:00,102.51,102.66,102.49,102.575,38669.0
2024-12-05 16:54:00,102.575,102.59,102.39,102.42,51203.0
2024-12-05 16:56:00,102.41,102.51,102.41,102.51,32836.0
2024-12-05 16:58:00,102.52,102.5545,102.49,102.51,17113.0
2024-12-05 17:00:00,102.5,102.53,102.45,102.515,25080.0
2024-12-05 17:02:00,102.515,102.6176,102.49,102.515,23513.0
2024-12-05 17:04:00,102.51,102.58,102.51,102.535,18415.0
2024-12-05 17:06:00,102.53,102.53,102.45,102.49,42474.0
2024-12-05 17:08:00,102.49,102.6,102.43,102.575,16235.0
2024-12-05 17:10:00,102.5701,102.63,102.5401,102.565,25815.0
2024-12-05 17:12:00,102.57,102.59,102.43,102.49,51192.0
2024-12-05 17:14:00,102.482,102.5,102.425,102.4798,29537.0
2024-12-05 17:16:00,102.4699,102.51,102.42,102.51,35068.0
2024-12-05 17:18:00,102.5,102.56,102.43,102.54,39418.0
2024-12-05 17:20:00,102.525,102.57,102.495,102.53,25357.0
2024-12-05 17:22:00,102.529,102.529,102.36,102.405,38088.0
2024-12-05 17:24:00,102.42,102.47,102.37,102.425,42917.0
2024-12-05 17:26:00,102.42,102.49,102.42,102.48,15530.0
2024-12-05 17:28:00,102.4866,102.53,102.46,102.4614,29180.0
2024-12-05 17:30:00,102.46,102.46,102.15,102.2,78279.0
2024-12-05 17:32:00,102.18,102.19,101.99,102.11,118792.0
2024-12-05 17:34:00,102.1,102.19,102.0,102.165,38225.0
2024-12-05 17:36:00,102.18,102.2,102.01,102.04,32900.0
2024-12-05 17:38:00,102.04,102.12,102.04,102.09,25961.0
2024-12-05 17:40:00,102.09,102.12,101.9349,102.0,53258.0
2024-12-05 17:42:00,102.005,102.02,101.95,101.96,30067.0
2024-12-05 17:44:00,101.96,101.98,101.9,101.945,41363.0
2024-12-05 17:46:00,101.95,101.96,101.87,101.8793,27575.0
2024-12-05 17:48:00,101.885,101.94,101.85,101.8652,33601.0
2024-12-05 17:50:00,101.87,101.94,101.82,101.9298,39720.0
2024-12-05 17:52:00,101.915,102.0658,101.915,102.03,27958.0
2024-12-05 17:54:00,102.03,102.03,101.96,102.0,20944.0
2024-12-05 17:56:00,102.0,102.02,101.95,102.0,19238.0
2024-12-05 17:58:00,102.015,102.14,102.01,102.1,25646.0
2024-12-05 18:00:00,102.0901,102.16,101.99,102.03,28171.0
2024-12-05 18:02:00,102.025,102.04,101.93,101.965,27198.0
2024-12-05 18:04:00,101.935,101.9697,101.8653,101.88,15051.0
2024-12-05 18:06:00,101.88,101.92,101.8136,101.8201,29242.0
2024-12-05 18:08:00,101.85,101.8823,101.84,101.88,18749.0
2024-12-05 18:10:00,101.88,101.94,101.88,101.88,19962.0
2024-12-05 18:12:00,101.87,101.94,101.8526,101.93,18303.0
2024-12-05 18:14:00,101.925,102.055,101.92,102.055,22459.0
2024-12-05 18:16:00,102.055,102.055,101.9179,101.93,19537.0
2024-12-05 18:18:00,101.946,101.97,101.9,101.9,14049.0
2024-12-05 18:20:00,101.895,101.905,101.7068,101.71,52779.0
2024-12-05 18:22:00,101.72,101.73,101.47,101.5,95578.0
2024-12-05 18:24:00,101.51,101.59,101.45,101.475,48541.0
2024-12-05 18:26:00,101.48,101.6422,101.48,101.58,30572.0
2024-12-05 18:28:00,101.57,101.64,101.55,101.6,17516.0
2024-12-05 18:30:00,101.6,101.62,101.44,101.47,24858.0
2024-12-05 18:32:00,101.47,101.8127,101.426,101.79,38655.0
2024-12-05 18:34:00,101.7939,101.88,101.7242,101.765,38506.0
2024-12-05 18:36:00,101.755,101.77,101.6,101.61,38380.0
2024-12-05 18:38:00,101.59,101.71,101.59,101.65,33078.0
2024-12-05 18:40:00,101.6354,101.64,101.52,101.56,26209.0
2024-12-05 18:42:00,101.56,101.57,101.46,101.545,27591.0
2024-12-05 18:44:00,101.53,101.59,101.53,101.59,26550.0
2024-12-05 18:46:00,101.59,101.6099,101.55,101.582,33216.0
2024-12-05 18:48:00,101.5985,101.64,101.42,101.48,44578.0
2024-12-05 18:50:00,101.5,101.5,101.35,101.385,59971.0
2024-12-05 18:52:00,101.385,101.42,101.3242,101.3242,30501.0
2024-12-05 18:54:00,101.32,101.41,101.32,101.3201,15230.0
2024-12-05 18:56:00,101.33,101.49,101.33,101.4323,29876.0
2024-12-05 18:58:00,101.43,101.4999,101.43,101.46,14202.0
2024-12-05 19:00:00,101.47,101.535,101.4401,101.48,28282.0
2024-12-05 19:02:00,101.465,101.465,101.2559,101.2616,27689.0
2024-12-05 19:04:00,101.25,101.3107,101.2,101.2147,42090.0
2024-12-05 19:06:00,101.21,101.21,101.06,101.11,46298.0
2024-12-05 19:08:00,101.14,101.39,101.14,101.39,56739.0
2024-12-05 19:10:00,101.3752,101.39,101.28,101.28,76201.0
2024-12-05 19:12:00,101.29,101.29,101.2,101.22,22867.0
2024-12-05 19:14:00,101.21,101.26,101.21,101.25,21583.0
2024-12-05 19:16:00,101.25,101.305,101.2228,101.265,48986.0
2024-12-05 19:18:00,101.26,101.33,101.2503,101.265,64834.0
2024-12-05 19:20:00,101.265,101.43,101.26,101.415,197604.0
2024-12-05 19:22:00,101.415,101.5,101.4,101.4201,27279.0
2024-12-05 19:24:00,101.46,101.49,101.405,101.4227,26881.0
2024-12-05 19:26:00,101.4024,101.47,101.36,101.43,24361.0
2024-12-05 19:28:00,101.44,101.44,101.24,101.24,36010.0
2024-12-05 19:30:00,101.24,101.34,101.22,101.26,25957.0
2024-12-05 19:32:00,101.2624,101.28,101.15,101.19,54432.0
2024-12-05 19:34:00,101.1891,101.1891,101.034,101.055,46148.0
2024-12-05 19:36:00,101.05,101.0767,101.01,101.0422,45931.0
2024-12-05 19:38:00,101.04,101.09,101.01,101.03,32666.0
2024-12-05 19:40:00,101.04,101.0499,101.01,101.013,18505.0
2024-12-05 19:42:00,101.025,101.0966,100.98,101.07,99837.0
2024-12-05 19:44:00,101.0809,101.085,100.9745,101.02,34392.0
2024-12-05 19:46:00,101.02,101.06,100.91,100.96,44760.0
2024-12-05 19:48:00,100.94,100.99,100.9,100.9884,40564.0
2024-12-05 19:50:00,100.98,101.09,100.94,101.085,32807.0
2024-12-05 19:52:00,101.085,101.135,101.03,101.1011,27190.0
2024-12-05 19:54:00,101.125,101.18,101.125,101.174,30676.0
2024-12-05 19:56:00,101.17,101.22,101.07,101.07,28872.0
2024-12-05 19:58:00,101.09,101.14,101.02,101.0257,20353.0
2024-12-05 20:00:00,101.025,101.13,101.0,101.06,25844.0
2024-12-05 20:02:00,101.07,101.19,101.06,101.16,31001.0
2024-12-05 20:04:00,101.19,101.34,101.18,101.305,31218.0
2024-12-05 20:06:00,101.29,101.37,101.235,101.29,59978.0
2024-12-05 20:08:00,101.29,101.38,101.2899,101.345,35718.0
2024-12-05 20:10:00,101.345,101.43,101.26,101.26,37454.0
2024-12-05 20:12:00,101.25,101.2652,101.13,101.13,21579.0
2024-12-05 20:14:00,101.13,101.21,101.13,101.165,23308.0
2024-12-05 20:16:00,101.165,101.17,101.11,101.14,24143.0
2024-12-05 20:18:00,101.175,101.175,101.1324,101.16,20130.0
2024-12-05 20:20:00,101.165,101.165,101.115,101.13,21574.0
2024-12-05 20:22:00,101.13,101.16,101.12,101.16,319089.0
2024-12-05 20:24:00,101.1548,101.16,101.03,101.035,54728.0
2024-12-05 20:26:00,101.03,101.05,100.96,100.9703,58617.0
2024-12-05 20:28:00,100.97,100.985,100.895,100.95,36639.0
2024-12-05 20:30:00,100.96,100.96,100.74,100.77,62823.0
2024-12-05 20:32:00,100.76,100.7999,100.75,100.79,70273.0
2024-12-05 20:34:00,100.785,100.86,100.76,100.835,49642.0
2024-12-05 20:36:00,100.845,100.9,100.76,100.77,49469.0
2024-12-05 20:38:00,100.76,100.81,100.74,100.7465,45469.0
2024-12-05 20:40:00,100.73,100.8,100.6901,100.76,47247.0
2024-12-05 20:42:00,100.76,100.77,100.61,100.7,53231.0
2024-12-05 20:44:00,100.7,100.71,100.63,100.64,49483.0
2024-12-05 20:46:00,100.65,100.76,100.62,100.71,51894.0
2024-12-05 20:48:00,100.73,100.7467,100.63,100.64,60365.0
2024-12-05 20:50:00,100.66,100.89,100.66,100.8,141698.0
2024-12-05 20:52:00,100.8,100.835,100.71,100.765,97822.0
2024-12-05 20:54:00,100.765,100.83,100.68,100.765,156336.0
2024-12-05 20:56:00,100.77,100.94,100.76,100.94,140021.0
2024-12-05 20:58:00,100.935,100.94,100.83,100.87,292258.0
2024-12-05 21:00:00,100.87,100.87,100.85,100.85,92486.0
2024-12-05 21:02:00,100.85,100.94,100.85,100.94,2261.0
2024-12-05 21:04:00,100.96,100.98,100.87,100.93,12387.0
2024-12-05 21:06:00,100.91,101.0,100.91,101.0,2384.0
2024-12-05 21:08:00,101.04,101.04,101.0,101.0,1042.0
2024-12-05 21:10:00,101.01,101.01,101.0,101.01,2080.0
2024-12-05 21:12:00,101.01,101.1999,101.0,101.1999,10108.0
2024-12-05 21:14:00,101.15,101.15,101.02,101.02,4147.0
2024-12-05 21:16:00,101.02,101.02,100.99,100.99,10771.0
2024-12-05 21:18:00,101.0,101.0,101.0,101.0,315.0
2024-12-05 21:20:00,101.03,101.2,100.98,101.2,8277.0
2024-12-05 21:22:00,101.05,101.2432,101.05,101.2432,648.0
2024-12-05 21:24:00,101.21,101.21,101.17,101.17,255.0
2024-12-05 21:26:00,101.17,101.17,101.17,101.17,643.0
2024-12-05 21:28:00,101.1692,101.1692,101.15,101.15,1438.0
2024-12-05 21:30:00,101.18,101.24,101.18,101.21,914.0
2024-12-05 21:32:00,101.2,101.24,101.12,101.12,2346.0
2024-12-05 21:34:00,101.2,101.2,101.2,101.2,1311.0
2024-12-05 21:36:00,101.1501,101.1501,101.1501,101.1501,123.0
2024-12-05 21:38:00,101.12,101.12,101.03,101.03,1665.0
2024-12-05 21:40:00,101.1,101.1,101.1,101.1,59877.0
2024-12-05 21:42:00,101.05,101.05,101.05,101.05,2028.0
2024-12-05 21:44:00,101.15,101.15,101.05,101.05,860.0
2024-12-05 21:46:00,101.11,101.11,101.11,101.11,195.0
2024-12-05 21:48:00,101.11,101.11,101.11,101.11,485.0
2024-12-05 21:52:00,101.0501,101.1097,101.0501,101.1097,756.0
2024-12-05 21:58:00,101.1,101.1,101.0862,101.0862,1305.0
2024-12-05 22:02:00,101.07,101.15,101.07,101.0862,500.0
2024-12-05 22:04:00,101.09,101.09,101.09,101.09,800.0
2024-12-05 22:10:00,101.1001,101.1001,101.1001,101.1001,2097.0
2024-12-05 22:12:00,101.17,101.17,100.87,100.87,2219.0
2024-12-05 22:14:00,101.12,101.12,101.12,101.12,163.0
2024-12-05 22:22:00,101.12,101.12,101.12,101.12,634.0
2024-12-05 22:26:00,101.15,101.17,101.15,101.17,592.0
2024-12-05 22:32:00,101.06,101.06,101.05,101.05,856.0
2024-12-05 22:38:00,101.05,101.05,101.05,101.05,900.0
2024-12-05 22:44:00,101.05,101.05,101.05,101.05,276.0
2024-12-05 22:58:00,101.07,101.07,101.07,101.07,335.0
2024-12-05 23:00:00,101.05,101.05,101.05,101.05,2048.0
2024-12-05 23:04:00,101.01,101.01,101.01,101.01,573.0
2024-12-05 23:06:00,101.0,101.0,101.0,101.0,6953.0
2024-12-05 23:08:00,100.98,100.98,100.96,100.96,1743.0
2024-12-05 23:10:00,100.95,100.95,100.89,100.8901,1781.0
2024-12-05 23:12:00,100.9,100.9,100.9,100.9,351.0
2024-12-05 23:14:00,101.08,101.08,100.91,100.91,340.0
2024-12-05 23:16:00,100.91,100.91,100.91,100.91,190.0
2024-12-05 23:18:00,100.9,100.9,100.9,100.9,159.0
2024-12-05 23:24:00,100.91,100.96,100.91,100.96,550.0
2024-12-05 23:28:00,100.9792,100.98,100.9792,100.98,2307.0
2024-12-05 23:30:00,100.95,100.95,100.95,100.95,520.0
2024-12-05 23:32:00,100.93,100.93,100.93,100.93,203.0
2024-12-05 23:36:00,100.9301,100.9301,100.9301,100.9301,501.0
2024-12-05 23:38:00,100.98,100.98,100.94,100.94,337.0
2024-12-05 23:42:00,101.02,101.02,101.0096,101.0096,386.0
2024-12-05 23:46:00,101.0,101.0,101.0,101.0,124.0
2024-12-05 23:48:00,100.9301,100.9301,100.9301,100.9301,106.0
2024-12-05 23:50:00,101.01,101.01,101.01,101.01,130.0
2024-12-05 23:58:00,101.04,101.08,101.04,101.08,432.0
2024-12-06 00:02:00,101.0797,101.0797,101.0797,101.0797,132.0
2024-12-06 00:08:00,100.93,100.93,100.93,100.93,301.0
2024-12-06 00:14:00,100.92,100.92,100.92,100.92,785.0
2024-12-06 00:16:00,100.93,100.93,100.93,100.93,126.0
2024-12-06 00:20:00,101.0,101.0,101.0,101.0,103.0
2024-12-06 00:22:00,101.0,101.0,101.0,101.0,122.0
2024-12-06 00:24:00,101.02,101.047,101.02,101.047,319.0
2024-12-06 00:28:00,101.0699,101.0699,101.0699,101.0699,2045.0
2024-12-06 00:30:00,101.0,101.0,101.0,101.0,185.0
2024-12-06 00:32:00,101.0,101.0,101.0,101.0,104.0
2024-12-06 00:38:00,101.0,101.0,101.0,101.0,116.0
2024-12-06 00:40:00,101.0773,101.0773,101.0773,101.0773,157.0
2024-12-06 00:42:00,101.05,101.05,101.05,101.05,381.0
2024-12-06 00:44:00,101.0,101.0,101.0,101.0,102.0
2024-12-06 00:52:00,100.93,100.93,100.93,100.93,316.0
2024-12-06 00:56:00,100.98,100.98,100.98,100.98,541.0
2024-12-06 00:58:00,100.93,101.069,100.92,100.92,5741.0
2024-12-06 09:00:00,101.11,101.21,100.82,101.2,3789.0
2024-12-06 09:02:00,101.2,101.2,101.2,101.2,164.0
2024-12-06 09:12:00,100.95,100.95,100.89,100.89,1822.0
2024-12-06 09:26:00,101.05,101.06,100.93,100.97,1497.0
2024-12-06 09:28:00,100.97,100.97,100.97,100.97,141.0
2024-12-06 09:36:00,101.01,101.01,101.01,101.01,441.0
2024-12-06 09:38:00,101.01,101.01,101.01,101.01,110.0
2024-12-06 09:54:00,101.13,101.2,101.13,101.2,862.0
2024-12-06 09:56:00,101.21,101.73,101.21,101.39,2807.0
2024-12-06 09:58:00,101.3,101.35,101.3,101.35,1000.0
2024-12-06 10:04:00,101.23,101.23,101.23,101.23,500.0
2024-12-06 10:08:00,101.31,101.31,101.31,101.31,600.0
2024-12-06 10:10:00,101.31,101.31,101.31,101.31,150.0
2024-12-06 10:14:00,101.31,101.45,101.31,101.45,7873.0
2024-12-06 10:20:00,101.53,101.53,101.46,101.46,517.0
2024-12-06 10:28:00,101.4,101.4,101.4,101.4,420.0
2024-12-06 10:34:00,101.46,101.5,101.46,101.5,680.0
2024-12-06 10:36:00,101.5,101.5,101.5,101.5,471.0
2024-12-06 10:38:00,101.53,101.54,101.53,101.54,718.0
2024-12-06 10:44:00,101.45,101.45,101.45,101.45,413.0
2024-12-06 10:46:00,101.41,101.44,101.2,101.2,10708.0
2024-12-06 10:52:00,101.19,101.19,101.0,101.0,2185.0
2024-12-06 11:02:00,101.08,101.08,101.08,101.08,273.0
2024-12-06 11:16:00,101.23,101.23,101.23,101.23,107.0
2024-12-06 11:20:00,101.22,101.22,101.22,101.22,508.0
2024-12-06 11:40:00,101.2,101.2,101.2,101.2,120.0
2024-12-06 11:52:00,101.2,101.2,101.19,101.2,449.0
2024-12-06 12:06:00,101.17,101.17,101.17,101.17,220.0
2024-12-06 12:08:00,101.2,101.23,101.2,101.23,699.0
2024-12-06 12:12:00,101.185,101.2,101.18,101.2,1680.0
2024-12-06 12:14:00,101.17,101.19,101.17,101.19,250.0
2024-12-06 12:26:00,101.31,101.31,101.3,101.3,915.0
2024-12-06 12:28:00,101.3,101.3,101.3,101.3,153.0
2024-12-06 12:32:00,101.3,101.3,101.25,101.25,585.0
2024-12-06 12:34:00,101.26,101.26,101.26,101.26,405.0
2024-12-06 12:38:00,101.24,101.24,101.24,101.24,630.0
2024-12-06 12:40:00,101.21,101.21,101.15,101.15,1751.0
2024-12-06 12:44:00,101.17,101.17,101.17,101.17,151.0
2024-12-06 12:46:00,101.18,101.18,101.18,101.18,310.0
2024-12-06 12:48:00,101.16,101.16,101.15,101.15,450.0
2024-12-06 12:50:00,101.19,101.25,101.19,101.25,770.0
2024-12-06 12:54:00,101.25,101.25,101.25,101.25,190.0
2024-12-06 12:56:00,101.25,101.25,101.24,101.24,647.0
2024-12-06 13:00:00,101.25,101.34,101.0,101.0,25132.0
2024-12-06 13:02:00,101.18,101.18,101.18,101.18,108.0
2024-12-06 13:04:00,101.3,101.35,101.3,101.32,2028.0
2024-12-06 13:08:00,101.31,101.31,101.31,101.31,205.0
2024-12-06 13:10:00,101.3,101.3,101.2701,101.2701,482.0
2024-12-06 13:12:00,101.29,101.29,101.29,101.29,384.0
2024-12-06 13:16:00,101.29,101.29,101.27,101.27,403.0
2024-12-06 13:18:00,101.28,101.28,101.27,101.27,710.0
2024-12-06 13:20:00,101.2701,101.2701,101.27,101.27,354.0
2024-12-06 13:22:00,101.27,101.28,101.27,101.27,350.0
2024-12-06 13:24:00,101.27,101.35,101.27,101.35,1889.0
2024-12-06 13:26:00,101.32,101.32,101.32,101.32,603.0
2024-12-06 13:28:00,101.35,101.35,101.2803,101.32,1674.0
2024-12-06 13:30:00,101.25,101.65,101.25,101.62,7663.0
2024-12-06 13:32:00,101.63,101.82,101.63,101.79,3636.0
2024-12-06 13:34:00,101.68,101.75,101.568,101.6999,3030.0
2024-12-06 13:36:00,101.64,101.64,101.5505,101.5505,1440.0
2024-12-06 13:38:00,101.65,101.7478,101.64,101.7478,7205.0
2024-12-06 13:40:00,101.75,101.8,101.69,101.8,6008.0
2024-12-06 13:42:00,101.68,101.77,101.5,101.6,3067.0
2024-12-06 13:44:00,101.74,101.7786,101.6,101.75,2046.0
2024-12-06 13:46:00,101.72,101.73,101.51,101.51,541.0
2024-12-06 13:48:00,101.65,101.65,101.52,101.55,675.0
2024-12-06 13:50:00,101.57,101.57,101.5,101.5,2008.0
2024-12-06 13:52:00,101.3703,101.55,101.3703,101.42,2447.0
2024-12-06 13:54:00,101.43,101.6198,101.37,101.6198,8521.0
2024-12-06 13:56:00,101.5,101.66,101.5,101.62,2828.0
2024-12-06 13:58:00,101.51,101.51,101.4,101.4,7041.0
2024-12-06 14:00:00,101.41,101.45,101.41,101.45,912.0
2024-12-06 14:02:00,101.6,101.6,101.6,101.6,190.0
2024-12-06 14:04:00,101.67,101.67,101.67,101.67,370.0
2024-12-06 14:06:00,101.6696,101.67,101.66,101.66,584.0
2024-12-06 14:08:00,101.5508,101.65,101.5508,101.6,1657.0
2024-12-06 14:10:00,101.63,101.63,101.51,101.51,1120.0
2024-12-06 14:12:00,101.6199,101.62,101.6199,101.62,2356.0
2024-12-06 14:14:00,101.53,101.62,101.38,101.62,5546.0
2024-12-06 14:16:00,101.48,101.61,101.48,101.61,851.0
2024-12-06 14:18:00,101.6196,101.6196,101.47,101.47,624.0
2024-12-06 14:22:00,101.51,101.55,101.5,101.5,924.0
2024-12-06 14:24:00,101.39,101.5,101.38,101.45,1495.0
2024-12-06 14:26:00,101.45,101.45,101.09,101.34,17509.0
2024-12-06 14:28:00,101.01,101.02,100.85,100.98,16908.0
2024-12-06 14:30:00,100.88,101.2099,100.4,100.98,281375.0
2024-12-06 14:32:00,100.93,101.25,100.89,101.05,83812.0
2024-12-06 14:34:00,101.05,101.2669,100.955,101.07,102003.0
2024-12-06 14:36:00,101.06,101.0966,100.5,100.68,90376.0
2024-12-06 14:38:00,100.6123,100.81,100.31,100.44,119830.0
2024-12-06 14:40:00,100.38,100.47,100.03,100.0999,128863.0
2024-12-06 14:42:00,100.06,100.37,100.06,100.3506,72062.0
2024-12-06 14:44:00,100.37,100.6728,100.2101,100.6065,84061.0
2024-12-06 14:46:00,100.59,100.7499,100.58,100.7499,62827.0
2024-12-06 14:48:00,100.72,100.884,100.5801,100.87,79894.0
2024-12-06 14:50:00,100.89,100.95,100.73,100.74,61175.0
2024-12-06 14:52:00,100.72,100.86,100.56,100.56,99227.0
2024-12-06 14:54:00,100.57,100.57,100.2195,100.245,124971.0
2024-12-06 14:56:00,100.24,100.29,100.09,100.15,114333.0
2024-12-06 14:58:00,100.1502,100.5,100.08,100.45,174554.0
2024-12-06 15:00:00,100.45,100.48,100.3102,100.425,80943.0
2024-12-06 15:02:00,100.4347,100.6399,100.4347,100.6,90832.0
2024-12-06 15:04:00,100.62,100.67,100.4196,100.45,98518.0
2024-12-06 15:06:00,100.4699,100.68,100.44,100.6252,76131.0
2024-12-06 15:08:00,100.631683,100.675,100.5,100.6404,43998.0
2024-12-06 15:10:00,100.64,100.7999,100.6,100.75,51484.0
2024-12-06 15:12:00,100.79,100.98,100.77,100.7821,106976.0
2024-12-06 15:14:00,100.79,100.98,100.7601,100.9006,71230.0
2024-12-06 15:16:00,100.92,101.12,100.92,101.12,93326.0
2024-12-06 15:18:00,101.115,101.35,101.09,101.32,131913.0
2024-12-06 15:20:00,101.3,101.3,101.09,101.15,70599.0
2024-12-06 15:22:00,101.1506,101.19,100.97,101.01,65993.0
2024-12-06 15:24:00,101.005,101.0499,100.86,100.97,65725.0
2024-12-06 15:26:00,100.975,101.23,100.92,101.196,56517.0
2024-12-06 15:28:00,101.18,101.21,101.04,101.12,49284.0
2024-12-06 15:30:00,101.105,101.235,101.0401,101.23,43193.0
2024-12-06 15:32:00,101.24,101.3,101.08,101.185,55969.0
2024-12-06 15:34:00,101.19,101.4,101.14,101.3913,81837.0
2024-12-06 15:36:00,101.39,101.5394,101.32,101.49,135613.0
2024-12-06 15:38:00,101.4967,101.5076,101.37,101.4,40902.0
2024-12-06 15:40:00,101.4,101.4798,101.36,101.44,44319.0
2024-12-06 15:42:00,101.45,101.45,101.25,101.36,40437.0
2024-12-06 15:44:00,101.36,101.54,101.2703,101.51,43114.0
2024-12-06 15:46:00,101.51,101.6624,101.51,101.64,50127.0
2024-12-06 15:48:00,101.62,101.68,101.5601,101.59,52915.0
2024-12-06 15:50:00,101.59,101.63,101.46,101.49,37325.0
2024-12-06 15:52:00,101.4913,101.545,101.39,101.46,49988.0
2024-12-06 15:54:00,101.43,101.6264,101.4287,101.54,40083.0
2024-12-06 15:56:00,101.55,101.6,101.51,101.54,26675.0
2024-12-06 15:58:00,101.54,101.74,101.52,101.72,78686.0
2024-12-06 16:00:00,101.74,101.74,101.56,101.58,55262.0
2024-12-06 16:02:00,101.58,101.6599,101.48,101.5,40757.0
2024-12-06 16:04:00,101.5,101.765,101.48,101.74,64553.0
2024-12-06 16:06:00,101.74,101.75,101.57,101.61,51502.0
2024-12-06 16:08:00,101.61,101.63,101.38,101.4555,75214.0
2024-12-06 16:10:00,101.47,101.54,101.41,101.42,42256.0
2024-12-06 16:12:00,101.425,101.465,101.35,101.4,84220.0
2024-12-06 16:14:00,101.39,101.72,101.39,101.675,85370.0
2024-12-06 16:16:00,101.69,101.84,101.65,101.665,83836.0
2024-12-06 16:18:00,101.665,101.67,101.28,101.285,85483.0
2024-12-06 16:20:00,101.29,101.51,101.28,101.4799,53097.0
2024-12-06 16:22:00,101.455,101.94,101.4301,101.8311,97053.0
2024-12-06 16:24:00,101.83,101.84,101.57,101.615,55964.0
2024-12-06 16:26:00,101.61,101.9,101.61,101.84,48189.0
2024-12-06 16:28:00,101.845,101.98,101.82,101.86,76183.0
2024-12-06 16:30:00,101.86,101.89,101.79,101.8452,53209.0
2024-12-06 16:32:00,101.845,101.95,101.785,101.94,66335.0
2024-12-06 16:34:00,101.95,102.075,101.94,102.06,79256.0
2024-12-06 16:36:00,102.06,102.19,102.01,102.02,92721.0
2024-12-06 16:38:00,102.03,102.18,102.001,102.13,83874.0
2024-12-06 16:40:00,102.14,102.14,101.7042,101.78,68735.0
2024-12-06 16:42:00,101.77,101.8,101.62,101.745,46274.0
2024-12-06 16:44:00,101.73,101.73,101.365,101.4349,80928.0
2024-12-06 16:46:00,101.44,101.47,101.27,101.27,40712.0
2024-12-06 16:48:00,101.28,101.37,101.24,101.265,33959.0
2024-12-06 16:50:00,101.265,101.348,101.17,101.205,42061.0
2024-12-06 16:52:00,101.2,101.3,101.15,101.175,41691.0
2024-12-06 16:54:00,101.175,101.3,101.1,101.28,41484.0
2024-12-06 16:56:00,101.29,101.4699,101.28,101.37,54628.0
2024-12-06 16:58:00,101.3634,101.495,101.35,101.47,34805.0
2024-12-06 17:00:00,101.45,101.55,101.4,101.55,24962.0
2024-12-06 17:02:00,101.55,101.57,101.442,101.4681,22041.0
2024-12-06 17:04:00,101.45,101.45,101.36,101.4001,16881.0
2024-12-06 17:06:00,101.43,101.52,101.41,101.42,26899.0
2024-12-06 17:08:00,101.44,101.5712,101.44,101.56,19944.0
2024-12-06 17:10:00,101.56,101.58,101.52,101.5734,18922.0
2024-12-06 17:12:00,101.555,101.59,101.5,101.555,17677.0
2024-12-06 17:14:00,101.55,101.66,101.49,101.63,30211.0
2024-12-06 17:16:00,101.63,101.74,101.6254,101.6254,32340.0
2024-12-06 17:18:00,101.64,101.68,101.43,101.435,26281.0
2024-12-06 17:20:00,101.45,101.71,101.44,101.71,33379.0
2024-12-06 17:22:00,101.7194,101.7199,101.58,101.5999,38126.0
2024-12-06 17:24:00,101.5912,101.687,101.54,101.68,36992.0
2024-12-06 17:26:00,101.67,101.73,101.63,101.64,26514.0
2024-12-06 17:28:00,101.63,101.63,101.52,101.5625,101956.0
2024-12-06 17:30:00,101.5835,101.62,101.4401,101.48,35848.0
2024-12-06 17:32:00,101.49,101.58,101.46,101.58,23862.0
2024-12-06 17:34:00,101.6,101.61,101.5,101.53,29306.0
2024-12-06 17:36:00,101.54,101.55,101.26,101.32,27251.0
2024-12-06 17:38:00,101.328,101.42,101.325,101.33,18751.0
2024-12-06 17:40:00,101.33,101.37,101.265,101.28,17484.0
2024-12-06 17:42:00,101.29,101.345,101.21,101.3224,38136.0
2024-12-06 17:44:00,101.315,101.46,101.29,101.46,25571.0
2024-12-06 17:46:00,101.4637,101.56,101.46,101.56,37486.0
2024-12-06 17:48:00,101.57,101.64,101.54,101.59,27794.0
2024-12-06 17:50:00,101.5883,101.685,101.5813,101.6199,25862.0
2024-12-06 17:52:00,101.6,101.715,101.6,101.7,29431.0
2024-12-06 17:54:00,101.685,101.8,101.665,101.755,35992.0
2024-12-06 17:56:00,101.76,101.8,101.74,101.75,31362.0
2024-12-06 17:58:00,101.76,101.82,101.6959,101.715,33955.0
2024-12-06 18:00:00,101.69,101.69,101.58,101.5948,24294.0
2024-12-06 18:02:00,101.62,101.745,101.62,101.69,12802.0
2024-12-06 18:04:00,101.71,101.74,101.64,101.64,20762.0
2024-12-06 18:06:00,101.625,101.8924,101.62,101.8914,33890.0
2024-12-06 18:08:00,101.9,102.1413,101.89,101.95,74839.0
2024-12-06 18:10:00,101.95,101.98,101.88,101.92,36994.0
2024-12-06 18:12:00,101.86,101.86,101.7401,101.82,43939.0
2024-12-06 18:14:00,101.81,101.88,101.775,101.815,42037.0
2024-12-06 18:16:00,101.8,101.86,101.6562,101.67,30828.0
2024-12-06 18:18:00,101.67,101.6921,101.61,101.645,51159.0
2024-12-06 18:20:00,101.645,101.72,101.645,101.71,17086.0
2024-12-06 18:22:00,101.7,101.715,101.66,101.662,15450.0
2024-12-06 18:24:00,101.68,101.68,101.5401,101.58,29213.0
2024-12-06 18:26:00,101.58,101.58,101.5,101.515,19939.0
2024-12-06 18:28:00,101.5001,101.51,101.445,101.4669,20024.0
2024-12-06 18:30:00,101.46,101.515,101.41,101.445,22174.0
2024-12-06 18:32:00,101.43,101.45,101.35,101.37359,28387.0
2024-12-06 18:34:00,101.351,101.47,101.27,101.285,40993.0
2024-12-06 18:36:00,101.274,101.39,101.274,101.35,17689.0
2024-12-06 18:38:00,101.35,101.52,101.35,101.46,28587.0
2024-12-06 18:40:00,101.485,101.51,101.4295,101.47,25043.0
2024-12-06 18:42:00,101.475,101.475,101.27,101.32,35475.0
2024-12-06 18:44:00,101.33,101.365,101.2765,101.29,18350.0
2024-12-06 18:46:00,101.29,101.34,101.2622,101.2622,14392.0
2024-12-06 18:48:00,101.27,101.33,101.27,101.31,22044.0
2024-12-06 18:50:00,101.31,101.33,101.18,101.23,37793.0
2024-12-06 18:52:00,101.232,101.2388,101.195,101.2,25077.0
2024-12-06 18:54:00,101.2,101.23,101.15,101.1908,30316.0
2024-12-06 18:56:00,101.19,101.21,101.105,101.1843,62380.0
2024-12-06 18:58:00,101.18,101.288,101.15,101.288,31356.0
2024-12-06 19:00:00,101.28,101.3,101.19,101.19,26997.0
2024-12-06 19:02:00,101.19,101.25,101.19,101.205,16657.0
2024-12-06 19:04:00,101.219,101.22,101.08,101.08,25718.0
2024-12-06 19:06:00,101.1,101.13,101.0501,101.0672,24779.0
2024-12-06 19:08:00,101.05,101.0683,100.985,100.99,63141.0
2024-12-06 19:10:00,100.99,101.015,100.93,101.0,48096.0
2024-12-06 19:12:00,101.0006,101.06,100.97,101.06,23288.0
2024-12-06 19:14:00,101.06,101.1101,101.01,101.04,25950.0
2024-12-06 19:16:00,101.0195,101.08,101.0,101.08,27239.0
2024-12-06 19:18:00,101.0899,101.1499,101.035,101.06,43367.0
2024-12-06 19:20:00,101.07,101.09,101.02,101.02,26146.0
2024-12-06 19:22:00,101.015,101.05,100.973,101.02,35345.0
2024-12-06 19:24:00,101.03,101.05,101.0,101.02,15333.0
2024-12-06 19:26:00,101.01,101.0199,100.93,100.96,23750.0
2024-12-06 19:28:00,100.9699,101.0,100.89,100.89,41706.0
2024-12-06 19:30:00,100.9,100.91,100.82,100.865,89928.0
2024-12-06 19:32:00,100.865,101.0,100.85,100.87,80480.0
2024-12-06 19:34:00,100.89,100.97,100.87,100.935,31091.0
2024-12-06 19:36:00,100.9466,100.98,100.92,100.95,24692.0
2024-12-06 19:38:00,100.96,100.9899,100.91,100.955,25328.0
2024-12-06 19:40:00,100.955,100.97,100.86,100.86,31405.0
2024-12-06 19:42:00,100.87,100.9,100.81,100.895,27660.0
2024-12-06 19:44:00,100.88,100.995,100.865,100.97,42427.0
2024-12-06 19:46:00,100.98,101.12,100.97,101.12,30826.0
2024-12-06 19:48:00,101.12,101.14,101.03,101.03,25073.0
2024-12-06 19:50:00,101.01,101.0757,101.0,101.04,23075.0
2024-12-06 19:52:00,101.05,101.06,101.01,101.0557,18769.0
2024-12-06 19:54:00,101.055,101.0999,101.03,101.035,23941.0
2024-12-06 19:56:00,101.06,101.1152,101.04,101.075,32120.0
2024-12-06 19:58:00,101.08,101.095,101.02,101.03,37741.0
2024-12-06 20:00:00,101.025,101.08,100.92,100.92,71978.0
2024-12-06 20:02:00,100.92,100.9999,100.875,100.88,38233.0
2024-12-06 20:04:00,100.89,100.94,100.885,100.925,23386.0
2024-12-06 20:06:00,100.93,101.0303,100.93,101.03,51917.0
2024-12-06 20:08:00,101.0198,101.0597,100.98,101.0345,23261.0
2024-12-06 20:10:00,101.03,101.035,100.99,101.01,28599.0
2024-12-06 20:12:00,101.0,101.04,100.95,100.9501,36418.0
2024-12-06 20:14:00,100.96,101.08,100.95,101.08,29722.0
2024-12-06 20:16:00,101.0862,101.14,101.01,101.08,41205.0
2024-12-06 20:18:00,101.09,101.1299,101.04,101.05,27850.0
2024-12-06 20:20:00,101.04,101.16,101.04,101.13,32964.0
2024-12-06 20:22:00,101.1101,101.16,101.11,101.13,28573.0
2024-12-06 20:24:00,101.13,101.15,101.0604,101.081,32565.0
2024-12-06 20:26:00,101.089,101.17,101.089,101.15,37570.0
2024-12-06 20:28:00,101.15,101.29,101.15,101.2501,49023.0
2024-12-06 20:30:00,101.26,101.36,101.215,101.36,56089.0
2024-12-06 20:32:00,101.35,101.35,101.25,101.255,42147.0
2024-12-06 20:34:00,101.255,101.31,101.2236,101.26,43766.0
2024-12-06 20:36:00,101.26,101.34,101.205,101.33,43833.0
2024-12-06 20:38:00,101.33,101.38,101.29,101.37,43545.0
2024-12-06 20:40:00,101.362,101.37,101.275,101.3,38409.0
2024-12-06 20:42:00,101.3,101.315,101.25,101.25,67774.0
2024-12-06 20:44:00,101.25,101.28,101.202,101.25,63003.0
2024-12-06 20:46:00,101.25,101.265,101.1,101.11,61219.0
2024-12-06 20:48:00,101.1,101.1,100.9,100.915,83936.0
2024-12-06 20:50:00,100.915,101.14,100.86,101.015,136516.0
2024-12-06 20:52:00,101.025,101.19,101.005,101.1799,132255.0
2024-12-06 20:54:00,101.18,101.18,101.0,101.08,170159.0
2024-12-06 20:56:00,101.06,101.18,101.03,101.155,117920.0
2024-12-06 20:58:00,101.15,101.25,101.09,101.19,347103.0
2024-12-06 21:00:00,101.18,101.2199,101.15,101.15,48360.0
2024-12-06 21:02:00,101.17,101.1999,101.17,101.1999,441.0
2024-12-06 21:04:00,101.17,101.17,101.17,101.17,20767.0
2024-12-06 21:06:00,101.17,101.22,101.17,101.2,2847.0
2024-12-06 21:08:00,101.17,101.2,101.17,101.2,372.0
2024-12-06 21:10:00,101.15,101.17,101.15,101.17,348.0
2024-12-06 21:12:00,101.15,101.2192,101.15,101.2192,1788.0
2024-12-06 21:14:00,101.17,101.22,101.1501,101.22,3714.0
2024-12-06 21:20:00,101.1763,101.1805,101.15,101.1805,487.0
2024-12-06 21:22:00,101.15,101.17,101.15,101.17,1537.0
2024-12-06 21:24:00,101.17,101.17,101.17,101.17,373.0
2024-12-06 21:26:00,101.17,101.17,101.17,101.17,422.0
2024-12-06 21:28:00,101.18,101.18,101.17,101.17,952.0
2024-12-06 21:30:00,101.17,101.18,101.17,101.18,484.0
2024-12-06 21:32:00,101.16,101.16,101.16,101.16,202.0
2024-12-06 21:34:00,101.17,101.17,101.17,101.17,786.0
2024-12-06 21:36:00,101.17,101.17,101.17,101.17,253.0
2024-12-06 21:38:00,101.18,101.18,101.16,101.17,6373.0
2024-12-06 21:40:00,101.17,101.18,101.17,101.17,24284.0
2024-12-06 21:44:00,101.2,101.2,101.14,101.14,1371.0
2024-12-06 21:46:00,101.17,101.17,101.1426,101.16,5200.0
2024-12-06 21:48:00,101.21,101.21,101.14,101.14,3005.0
2024-12-06 21:50:00,101.14,101.14,101.14,101.14,105.0
2024-12-06 21:56:00,101.13,101.13,101.1,101.11,1776.0
2024-12-06 21:58:00,101.16,101.16,101.16,101.16,362.0
2024-12-06 22:00:00,101.2,101.21,101.13,101.13,999.0
2024-12-06 22:02:00,101.18,101.18,101.18,101.18,105.0
2024-12-06 22:04:00,101.18,101.18,101.1301,101.1301,1406.0
2024-12-06 22:06:00,101.1,101.1,101.1,101.1,367.0
2024-12-06 22:08:00,101.12,101.1493,101.12,101.12,5120.0
2024-12-06 22:10:00,101.15,101.15,101.15,101.15,560.0
2024-12-06 22:18:00,101.17,101.17,101.17,101.17,291.0
2024-12-06 22:20:00,101.13,101.13,101.12,101.12,2084.0
2024-12-06 22:22:00,101.12,101.1296,101.12,101.1296,428.0
2024-12-06 22:24:00,101.14,101.14,101.14,101.14,151.0
2024-12-06 22:28:00,101.13,101.13,101.13,101.13,286.0
2024-12-06 22:30:00,101.15,101.15,101.15,101.15,206.0
2024-12-06 22:36:00,101.1699,101.1699,101.1699,101.1699,540.0
2024-12-06 22:38:00,101.17,101.17,101.17,101.17,102.0
2024-12-06 22:40:00,101.17,101.2,101.17,101.2,3935.0
2024-12-06 22:42:00,101.2199,101.2199,101.2199,101.2199,6188.0
2024-12-06 22:46:00,101.15,101.2,101.0,101.0,3224.0
2024-12-06 22:48:00,101.15,101.15,101.15,101.15,171.0
2024-12-06 22:50:00,101.02,101.02,101.02,101.02,250.0
2024-12-06 22:52:00,101.11,101.11,101.02,101.1095,729.0
2024-12-06 22:54:00,101.08,101.08,101.08,101.08,195.0
2024-12-06 22:56:00,101.08,101.08,101.08,101.08,766.0
2024-12-06 22:58:00,101.0064,101.0064,100.9491,100.9491,728.0
2024-12-06 23:00:00,100.9989,100.9989,100.9989,100.9989,107.0
2024-12-06 23:02:00,101.05,101.05,101.0,101.0,657.0
2024-12-06 23:04:00,100.99,100.99,100.99,100.99,158.0
2024-12-06 23:06:00,100.99,100.99,100.99,100.99,380.0
2024-12-06 23:08:00,100.95,100.95,100.95,100.95,627.0
2024-12-06 23:10:00,100.95,100.95,100.94,100.94,858.0
2024-12-06 23:16:00,101.19,101.19,101.19,101.19,158.0
2024-12-06 23:20:00,101.06,101.06,101.06,101.06,250.0
2024-12-06 23:22:00,101.0,101.0,101.0,101.0,252.0
2024-12-06 23:24:00,101.0,101.0,101.0,101.0,697.0
2024-12-06 23:28:00,101.0,101.04,101.0,101.04,1051.0
2024-12-06 23:30:00,101.06,101.06,101.06,101.06,331.0
2024-12-06 23:32:00,101.19,101.19,101.19,101.19,839.0
2024-12-06 23:34:00,101.2,101.21,101.2,101.21,703.0
2024-12-06 23:38:00,101.2112,101.2112,101.2112,101.2112,107.0
2024-12-06 23:40:00,101.15,101.15,101.15,101.15,121.0
2024-12-06 23:42:00,101.1505,101.19,101.1505,101.19,536.0
2024-12-06 23:44:00,101.2,101.2,101.2,101.2,1527.0
2024-12-06 23:46:00,101.2195,101.22,101.2,101.2,1435.0
2024-12-06 23:50:00,101.22,101.22,101.22,101.22,2000.0
2024-12-06 23:52:00,101.2197,101.2197,101.0,101.0,673.0
2024-12-06 23:54:00,101.0,101.013,101.0,101.013,1594.0
2024-12-06 23:56:00,101.22,101.22,101.22,101.22,620.0
2024-12-07 00:08:00,101.1,101.1,101.1,101.1,175.0
2024-12-07 00:10:00,101.12,101.12,101.12,101.12,200.0
2024-12-07 00:14:00,101.1411,101.1411,101.1411,101.1411,2152.0
2024-12-07 00:30:00,101.17,101.17,101.11,101.11,1217.0
2024-12-07 00:32:00,101.11,101.11,101.11,101.11,334.0
2024-12-07 00:36:00,101.22,101.22,101.22,101.22,1227.0
2024-12-07 00:40:00,101.22,101.22,101.2,101.2,299.0
2024-12-07 00:56:00,101.2,101.2,101.2,101.2,370.0
2024-12-07 00:58:00,101.22,101.22,101.0,101.0,836.0
2024-12-09 09:00:00,101.92,101.92,101.71,101.8,2901.0
2024-12-09 09:04:00,101.63,101.63,101.63,101.63,127.0
2024-12-09 09:06:00,101.61,101.61,101.61,101.61,475.0
2024-12-09 09:08:00,101.59,101.61,101.59,101.61,449.0
2024-12-09 09:14:00,101.75,101.75,101.57,101.57,929.0
2024-12-09 09:16:00,101.56,101.56,101.52,101.52,806.0
2024-12-09 09:18:00,101.49,101.5,101.49,101.5,665.0
2024-12-09 09:26:00,101.53,101.53,101.51,101.51,624.0
2024-12-09 09:28:00,101.33,101.33,101.33,101.33,778.0
2024-12-09 09:30:00,101.28,101.39,101.28,101.39,882.0
2024-12-09 09:34:00,101.42,101.43,101.42,101.43,371.0
2024-12-09 09:36:00,101.4,101.51,101.4,101.51,1177.0
2024-12-09 09:40:00,101.38,101.38,101.38,101.38,460.0
2024-12-09 09:42:00,101.32,101.32,101.32,101.32,100.0
2024-12-09 09:44:00,101.31,101.31,101.3,101.3,415.0
2024-12-09 09:48:00,101.3,101.3,101.3,101.3,260.0
2024-12-09 09:52:00,101.25,101.25,101.19,101.19,689.0
2024-12-09 09:58:00,101.16,101.16,101.15,101.15,239.0
2024-12-09 10:00:00,101.16,101.16,101.16,101.16,268.0
2024-12-09 10:06:00,101.16,101.16,101.16,101.16,207.0
2024-12-09 10:08:00,101.16,101.16,101.16,101.16,100.0
2024-12-09 10:14:00,101.16,101.16,101.06,101.06,693.0
2024-12-09 10:16:00,101.09,101.13,101.09,101.13,562.0
2024-12-09 10:18:00,101.03,101.03,101.0,101.0,402.0
2024-12-09 10:22:00,101.02,101.02,100.82,100.82,2560.0
2024-12-09 10:26:00,100.93,100.93,100.93,100.93,125.0
2024-12-09 10:30:00,100.93,100.93,100.8,100.8,1297.0
2024-12-09 10:32:00,100.8,100.8,100.66,100.74,3107.0
2024-12-09 10:34:00,100.81,100.88,100.81,100.88,230.0
2024-12-09 10:40:00,100.83,100.83,100.83,100.83,110.0
2024-12-09 10:44:00,100.81,100.81,100.81,100.81,178.0
2024-12-09 10:48:00,100.64,100.64,100.61,100.61,451.0
2024-12-09 10:54:00,100.62,100.62,100.62,100.62,329.0
2024-12-09 10:56:00,100.61,100.63,100.61,100.63,620.0
2024-12-09 11:12:00,100.74,100.74,100.74,100.74,184.0
2024-12-09 11:14:00,100.76,100.76,100.76,100.76,110.0
2024-12-09 11:16:00,100.73,100.76,100.71,100.76,917.0
2024-12-09 11:20:00,100.75,100.75,100.7,100.74,2131.0
2024-12-09 11:28:00,100.87,100.87,100.87,100.87,101.0
2024-12-09 11:30:00,100.89,100.89,100.5,100.5,9290.0
2024-12-09 11:32:00,100.51,100.51,100.2,100.2,2510.0
2024-12-09 11:34:00,100.1,100.1,100.0,100.1,2474.0
2024-12-09 11:36:00,100.1,100.1,100.03,100.03,870.0
2024-12-09 11:38:00,100.12,100.18,100.06,100.18,926.0
2024-12-09 11:40:00,100.04,100.04,100.04,100.04,512.0
2024-12-09 11:42:00,100.04,100.06,99.88,99.99,3577.0
2024-12-09 11:44:00,99.99,100.09,99.99,100.09,568.0
2024-12-09 11:46:00,100.1,100.1,99.93,100.04,867.0
2024-12-09 11:50:00,99.99,99.99,99.86,99.86,344.0
2024-12-09 11:54:00,100.04,100.06,100.02,100.02,2432.0
2024-12-09 11:56:00,100.06,100.1,100.06,100.1,1088.0
2024-12-09 11:58:00,100.11,100.11,100.06,100.06,1003.0
2024-12-09 12:00:00,100.19,100.49,100.19,100.35,2005.0
2024-12-09 12:02:00,100.35,100.5,100.34,100.5,3763.0
2024-12-09 12:04:00,100.51,100.67,100.5,100.67,933.0
2024-12-09 12:06:00,100.6,100.6,100.6,100.6,108.0
2024-12-09 12:08:00,100.68,100.68,100.68,100.68,139.0
2024-12-09 12:12:00,100.57,100.7,100.49,100.7,3939.0
2024-12-09 12:14:00,100.7,100.7,100.7,100.7,160.0
2024-12-09 12:18:00,100.56,100.56,100.52,100.52,304.0
2024-12-09 12:20:00,100.52,100.6,100.51,100.6,1187.0
2024-12-09 12:22:00,100.58,100.58,100.5,100.5,1923.0
2024-12-09 12:24:00,100.64,100.64,100.64,100.64,120.0
2024-12-09 12:28:00,100.69,100.76,100.69,100.76,1744.0
2024-12-09 12:30:00,100.77,100.77,100.65,100.67,2416.0
2024-12-09 12:32:00,100.58,100.58,100.57,100.57,241.0
2024-12-09 12:34:00,100.52,100.52,100.5,100.52,2352.0
2024-12-09 12:36:00,100.46,100.46,100.35,100.35,831.0
2024-12-09 12:38:00,100.36,100.41,100.3,100.3,2645.0
2024-12-09 12:40:00,100.25,100.25,100.23,100.23,1967.0
2024-12-09 12:42:00,100.25,100.42,100.25,100.42,4590.0
2024-12-09 12:44:00,100.37,100.37,100.37,100.37,298.0
2024-12-09 12:46:00,100.35,100.35,100.35,100.35,314.0
2024-12-09 12:48:00,100.39,100.39,100.25,100.3,2573.0
2024-12-09 12:50:00,100.27,100.27,100.22,100.22,843.0
2024-12-09 12:52:00,100.2,100.2,100.2,100.2,4470.0
2024-12-09 12:56:00,100.35,100.35,100.35,100.35,240.0
2024-12-09 12:58:00,100.38,100.38,100.35,100.35,1361.0
2024-12-09 13:00:00,100.62,102.0,100.18,100.37,34581.0
2024-12-09 13:02:00,100.38,100.38,100.38,100.38,204.0
2024-12-09 13:04:00,100.3001,100.3001,100.3,100.3,4527.0
2024-12-09 13:06:00,100.3982,100.3982,100.3982,100.3982,200.0
2024-12-09 13:08:00,100.3975,100.3975,100.3975,100.3975,400.0
2024-12-09 13:10:00,100.4143,100.4143,100.33,100.33,1088.0
2024-12-09 13:12:00,100.36,100.4188,100.36,100.4184,1200.0
2024-12-09 13:14:00,100.4,100.41,100.4,100.41,1446.0
2024-12-09 13:16:00,100.4,100.42,100.4,100.42,925.0
2024-12-09 13:18:00,100.36,100.36,100.3,100.31,5286.0
2024-12-09 13:20:00,100.31,100.41,100.12,100.4,3743.0
2024-12-09 13:22:00,100.31,100.33,100.11,100.13,2531.0
2024-12-09 13:24:00,100.3,100.3,100.13,100.26,2234.0
2024-12-09 13:26:00,100.2,100.2,100.2,100.2,221.0
2024-12-09 13:28:00,100.28,100.2884,100.26,100.2884,736.0
2024-12-09 13:30:00,100.25,100.2884,100.2,100.2,1356.0
2024-12-09 13:32:00,100.21,100.2888,100.2,100.2,1009.0
2024-12-09 13:34:00,100.25,100.25,100.2,100.23,2074.0
2024-12-09 13:36:00,100.12,100.28,100.12,100.28,1413.0
2024-12-09 13:38:00,100.2884,100.5,100.12,100.5,10646.0
2024-12-09 13:40:00,100.51,100.6,100.51,100.6,3420.0
2024-12-09 13:42:00,100.65,100.65,100.65,100.65,700.0
2024-12-09 13:44:00,100.76,100.76,100.75,100.75,1085.0
2024-12-09 13:46:00,100.6509,100.651,100.6509,100.651,2019.0
2024-12-09 13:48:00,100.78,100.85,100.78,100.8,2476.0
2024-12-09 13:50:00,100.68,100.68,100.68,100.68,334.0
2024-12-09 13:54:00,100.6601,100.71,100.6601,100.71,917.0
2024-12-09 13:56:00,100.7,100.74,100.7,100.74,741.0
2024-12-09 13:58:00,100.71,100.7495,100.66,100.66,1443.0
2024-12-09 14:00:00,100.61,100.61,100.61,100.61,293.0
2024-12-09 14:02:00,100.6012,100.692,100.6,100.692,535.0
2024-12-09 14:04:00,100.6,100.6,100.6,100.6,1150.0
2024-12-09 14:06:00,100.6014,100.68,100.6014,100.68,1883.0
2024-12-09 14:08:00,100.74,100.75,100.74,100.75,1086.0
2024-12-09 14:10:00,100.74,100.74,100.74,100.74,500.0
2024-12-09 14:12:00,100.73,100.73,100.65,100.67,3312.0
2024-12-09 14:14:00,100.6999,100.7,100.68,100.7,1534.0
2024-12-09 14:16:00,100.68,100.68,100.62,100.63,3471.0
2024-12-09 14:18:00,100.63,100.6383,100.63,100.6383,445.0
2024-12-09 14:20:00,100.65,100.65,100.65,100.65,550.0
2024-12-09 14:22:00,100.69,100.7,100.69,100.7,2077.0
2024-12-09 14:24:00,100.69,100.7,100.66,100.67,3090.0
2024-12-09 14:26:00,100.69,100.69,100.69,100.69,441.0
2024-12-09 14:28:00,100.74,100.95,100.74,100.95,4337.0
2024-12-09 14:30:00,100.65,102.25,100.37,102.25,419408.0
2024-12-09 14:32:00,102.22,102.95,102.07,102.0727,254538.0
2024-12-09 14:34:00,102.1997,102.2204,101.4101,101.764,128529.0
2024-12-09 14:36:00,101.76,102.27,101.5502,101.99,112746.0
2024-12-09 14:38:00,101.97,102.69,101.97,102.69,136236.0
2024-12-09 14:40:00,102.675,103.5,102.67,103.45,340317.0
2024-12-09 14:42:00,103.43,103.94,103.27,103.35,254261.0
2024-12-09 14:44:00,103.32,103.5499,103.19,103.3876,147818.0
2024-12-09 14:46:00,103.33,104.24,103.2601,104.22,253877.0
2024-12-09 14:48:00,104.195,104.43,103.9,104.38,249463.0
2024-12-09 14:50:00,104.4,104.495,103.8307,103.8307,152001.0
2024-12-09 14:52:00,103.9,104.092,103.8104,104.05,114613.0
2024-12-09 14:54:00,104.01,104.5,103.975,104.42,157617.0
2024-12-09 14:56:00,104.46,104.5,104.08,104.1529,120525.0
2024-12-09 14:58:00,104.19,104.48,104.04,104.185,175228.0
2024-12-09 15:00:00,104.185,104.34,103.87,104.12,169377.0
2024-12-09 15:02:00,104.14,104.28,103.76,103.9043,110995.0
2024-12-09 15:04:00,103.9016,104.422,103.871,103.92,164316.0
2024-12-09 15:06:00,103.8836,104.07,103.84,103.965,81642.0
2024-12-09 15:08:00,103.93,104.1782,103.88,104.135,92746.0
2024-12-09 15:10:00,104.16,104.2812,104.0377,104.1,88936.0
2024-12-09 15:12:00,104.125,104.29,104.03,104.13,92584.0
2024-12-09 15:14:00,104.1478,104.2,103.78,103.7917,76080.0
2024-12-09 15:16:00,103.78,104.05,103.67,103.84,79575.0
2024-12-09 15:18:00,103.845,103.9899,103.72,103.72,64901.0
2024-12-09 15:20:00,103.72,103.87,103.55,103.805,76960.0
2024-12-09 15:22:00,103.78,103.99,103.5801,103.5801,59935.0
2024-12-09 15:24:00,103.595,103.79,103.57,103.7336,73741.0
2024-12-09 15:26:00,103.725,103.86,103.68,103.72,95576.0
2024-12-09 15:28:00,103.7,103.73,103.28,103.34,105988.0
2024-12-09 15:30:00,103.37,103.59,103.37,103.465,68362.0
2024-12-09 15:32:00,103.465,103.6734,103.465,103.66,54834.0
2024-12-09 15:34:00,103.64,103.74,103.485,103.62,76783.0
2024-12-09 15:36:00,103.62,103.79,103.51,103.565,67577.0
2024-12-09 15:38:00,103.57,103.71,103.41,103.71,92170.0
2024-12-09 15:40:00,103.7099,103.96,103.59,103.9,106875.0
2024-12-09 15:42:00,103.8901,104.06,103.83,104.0013,74773.0
2024-12-09 15:44:00,104.0238,104.12,103.96,104.075,48120.0
2024-12-09 15:46:00,104.07,104.0832,103.86,104.08,51972.0
2024-12-09 15:48:00,104.06,104.08,103.77,103.82,190505.0
2024-12-09 15:50:00,103.81,103.86,103.72,103.82,41148.0
2024-12-09 15:52:00,103.8036,103.84,103.71,103.83,31051.0
2024-12-09 15:54:00,103.8443,103.9,103.52,103.5309,71831.0
2024-12-09 15:56:00,103.55,103.57,103.28,103.37,49675.0
2024-12-09 15:58:00,103.37,103.3849,103.2108,103.32,54905.0
2024-12-09 16:00:00,103.33,103.5299,103.26,103.27,53940.0
2024-12-09 16:02:00,103.29,103.3151,102.93,103.01,79936.0
2024-12-09 16:04:00,103.02,103.34,103.0,103.3,54063.0
2024-12-09 16:06:00,103.3,103.3146,103.02,103.0462,45550.0
2024-12-09 16:08:00,103.06,103.1499,102.81,102.81,45340.0
2024-12-09 16:10:00,102.81,102.85,102.5701,102.62,64970.0
2024-12-09 16:12:00,102.63,102.715,102.51,102.64,57549.0
2024-12-09 16:14:00,102.62,102.77,102.445,102.5,58992.0
2024-12-09 16:16:00,102.495,102.64,102.43,102.59,42658.0
2024-12-09 16:18:00,102.58,102.63,102.48,102.48,44808.0
2024-12-09 16:20:00,102.485,102.7,102.45,102.6443,39224.0
2024-12-09 16:22:00,102.69,102.89,102.67,102.82,43514.0
2024-12-09 16:24:00,102.82,102.82,102.67,102.81,46300.0
2024-12-09 16:26:00,102.81,102.91,102.79,102.88,49844.0
2024-12-09 16:28:00,102.875,102.95,102.8,102.8,78008.0
2024-12-09 16:30:00,102.77,102.785,102.61,102.775,29818.0
2024-12-09 16:32:00,102.79,102.97,102.78,102.82,35996.0
2024-12-09 16:34:00,102.88,102.88,102.65,102.83,30935.0
2024-12-09 16:36:00,102.79,102.915,102.75,102.86,21337.0
2024-12-09 16:38:00,102.87,103.0806,102.87,103.0128,33326.0
2024-12-09 16:40:00,103.02,103.06,102.94,102.9699,27533.0
2024-12-09 16:42:00,102.93,103.0425,102.91,102.945,44090.0
2024-12-09 16:44:00,102.95,103.23,102.9001,103.2,25335.0
2024-12-09 16:46:00,103.2,103.3796,103.2,103.35,37302.0
2024-12-09 16:48:00,103.35,103.44,103.31,103.41,49023.0
2024-12-09 16:50:00,103.39,103.67,103.39,103.63,85454.0
2024-12-09 16:52:00,103.6203,103.6699,103.48,103.48,25764.0
2024-12-09 16:54:00,103.48,103.54,103.34,103.418989,33189.0
2024-12-09 16:56:00,103.4595,103.48,103.39,103.48,18599.0
2024-12-09 16:58:00,103.48,103.5376,103.4,103.42,45377.0
2024-12-09 17:00:00,103.41,103.51,103.39,103.465,41310.0
2024-12-09 17:02:00,103.45,103.485,103.3,103.302,38043.0
2024-12-09 17:04:00,103.31,103.36,103.2,103.22,27189.0
2024-12-09 17:06:00,103.24,103.45,103.22,103.38,32121.0
2024-12-09 17:08:00,103.36,103.488,103.26,103.31,25776.0
2024-12-09 17:10:00,103.31,103.33,103.22,103.25,20035.0
2024-12-09 17:12:00,103.235,103.26,103.0101,103.0101,48914.0
2024-12-09 17:14:00,103.04,103.04,102.91,103.0,44355.0
2024-12-09 17:16:00,102.99,103.0,102.83,102.9,26283.0
2024-12-09 17:18:00,102.91,102.93,102.865,102.89,20734.0
2024-12-09 17:20:00,102.88,103.05,102.85,103.035,28350.0
2024-12-09 17:22:00,103.05,103.16,103.045,103.16,22137.0
2024-12-09 17:24:00,103.13,103.2195,103.115,103.2,20394.0
2024-12-09 17:26:00,103.2,103.2,103.08,103.14,28816.0
2024-12-09 17:28:00,103.16,103.18,103.01,103.18,33272.0
2024-12-09 17:30:00,103.13,103.145,103.05,103.07,13448.0
2024-12-09 17:32:00,103.075,103.12,103.01,103.03,22007.0
2024-12-09 17:34:00,103.03,103.07,102.97,103.03,21797.0
2024-12-09 17:36:00,103.05,103.13,103.01,103.13,20619.0
2024-12-09 17:38:00,103.13,103.14,103.085,103.125,13512.0
2024-12-09 17:40:00,103.1134,103.185,102.91,102.91,36627.0
2024-12-09 17:42:00,102.9,102.99,102.88,102.99,16573.0
2024-12-09 17:44:00,102.965,103.0299,102.87,102.99,23423.0
2024-12-09 17:46:00,102.98,103.0294,102.91,102.91,18931.0
2024-12-09 17:48:00,102.9,103.07,102.88,103.07,18832.0
2024-12-09 17:50:00,103.055,103.24,103.0401,103.2,25587.0
2024-12-09 17:52:00,103.2,103.31,103.2,103.27,37049.0
2024-12-09 17:54:00,103.27,103.32,103.25,103.26,24490.0
2024-12-09 17:56:00,103.3199,103.3199,103.15,103.15,29188.0
2024-12-09 17:58:00,103.15,103.2,103.15,103.185,13630.0
2024-12-09 18:00:00,103.175,103.185,103.07,103.18,24658.0
2024-12-09 18:02:00,103.18,103.24,103.08,103.1,21551.0
2024-12-09 18:04:00,103.0987,103.1052,102.97,103.0674,26365.0
2024-12-09 18:06:00,103.05,103.05,102.85,102.85,25241.0
2024-12-09 18:08:00,102.86,102.92,102.85,102.9,25780.0
2024-12-09 18:10:00,102.9,102.98,102.875,102.9466,52683.0
2024-12-09 18:12:00,102.96,102.96,102.71,102.935,126812.0
2024-12-09 18:14:00,102.9176,102.95,102.86,102.875,25834.0
2024-12-09 18:16:00,102.8602,102.875,102.78,102.83,15393.0
2024-12-09 18:18:00,102.825,102.92,102.8112,102.905,12884.0
2024-12-09 18:20:00,102.92,102.966,102.87,102.9,28810.0
2024-12-09 18:22:00,102.88,102.91,102.86,102.895,19266.0
2024-12-09 18:24:00,102.8943,102.9,102.74,102.79,32031.0
2024-12-09 18:26:00,102.7953,102.935,102.78,102.935,18461.0
2024-12-09 18:28:00,102.94,102.97,102.87,102.87,18928.0
2024-12-09 18:30:00,102.88,102.8821,102.69,102.8329,53825.0
2024-12-09 18:32:00,102.85,102.98,102.83,102.96,19977.0
2024-12-09 18:34:00,102.9584,102.97,102.88,102.89,18183.0
2024-12-09 18:36:00,102.89,102.99,102.865,102.98,17901.0
2024-12-09 18:38:00,102.99,103.05,102.975,103.03,21595.0
2024-12-09 18:40:00,103.03,103.09,103.0,103.0,41127.0
2024-12-09 18:42:00,103.0,103.07,102.9845,103.07,23742.0
2024-12-09 18:44:00,103.08,103.13,103.07,103.11,20293.0
2024-12-09 18:46:00,103.12,103.19,103.09,103.165,31082.0
2024-12-09 18:48:00,103.16,103.2,103.14,103.1499,19976.0
2024-12-09 18:50:00,103.15,103.15,103.0556,103.08,29861.0
2024-12-09 18:52:00,103.08,103.11,103.0767,103.09,12417.0
2024-12-09 18:54:00,103.09,103.1,102.92,102.9802,19834.0
2024-12-09 18:56:00,102.968,103.08,102.968,103.03,12612.0
2024-12-09 18:58:00,103.005,103.03,102.91,102.9131,26260.0
2024-12-09 19:00:00,102.925,102.925,102.77,102.84,16067.0
2024-12-09 19:02:00,102.825,102.825,102.6701,102.69,20953.0
2024-12-09 19:04:00,102.676,102.7199,102.58,102.65,20308.0
2024-12-09 19:06:00,102.615,102.68,102.51,102.64,24542.0
2024-12-09 19:08:00,102.63,102.76,102.61,102.7543,27350.0
2024-12-09 19:10:00,102.745,102.77,102.7,102.725,34387.0
2024-12-09 19:12:00,102.75,102.78,102.706584,102.73,17177.0
2024-12-09 19:14:00,102.7201,102.75,102.65,102.66,28788.0
2024-12-09 19:16:00,102.65,102.76,102.645,102.76,13372.0
2024-12-09 19:18:00,102.75,102.79,102.7117,102.78,28856.0
2024-12-09 19:20:00,102.76,102.83,102.72,102.8037,33628.0
2024-12-09 19:22:00,102.8,102.85,102.745,102.78,17548.0
2024-12-09 19:24:00,102.775,102.79,102.58,102.59,20757.0
2024-12-09 19:26:00,102.59,102.65,102.58,102.619,19883.0
2024-12-09 19:28:00,102.61,102.64,102.57,102.62,18186.0
2024-12-09 19:30:00,102.63,102.63,102.42,102.44,43122.0
2024-12-09 19:32:00,102.44,102.5499,102.4347,102.45,40340.0
2024-12-09 19:34:00,102.435,102.4897,102.41,102.44,19983.0
2024-12-09 19:36:00,102.45,102.455,102.31,102.38,34201.0
2024-12-09 19:38:00,102.37,102.385,102.3,102.3301,26627.0
2024-12-09 19:40:00,102.34,102.3693,102.22,102.25,46913.0
2024-12-09 19:42:00,102.25,102.27,102.18,102.25,30304.0
2024-12-09 19:44:00,102.235,102.2399,102.05,102.06,47296.0
2024-12-09 19:46:00,102.05,102.08,101.95,101.97,59647.0
2024-12-09 19:48:00,101.96,102.06,101.94,101.995,30087.0
2024-12-09 19:50:00,102.02,102.02,101.84,101.84,41759.0
2024-12-09 19:52:00,101.845,101.9,101.83,101.86,33358.0
2024-12-09 19:54:00,101.865,101.97,101.86,101.945,46580.0
2024-12-09 19:56:00,101.945,102.0972,101.93,102.01,72194.0
2024-12-09 19:58:00,102.015,102.18,102.0,102.155,28088.0
2024-12-09 20:00:00,102.14,102.18,101.95,101.95,24280.0
2024-12-09 20:02:00,101.955,101.97,101.9,101.95,23499.0
2024-12-09 20:04:00,101.96,101.98,101.9101,101.9101,25882.0
2024-12-09 20:06:00,101.915,102.05,101.91,102.0099,30087.0
2024-12-09 20:08:00,102.0,102.04,101.8901,101.8901,33677.0
2024-12-09 20:10:00,101.89,101.97,101.89,101.905,25754.0
2024-12-09 20:12:00,101.9,101.97,101.88,101.93,26602.0
2024-12-09 20:14:00,101.94,102.09,101.925,102.0887,30151.0
2024-12-09 20:16:00,102.0999,102.11,102.01,102.01,21271.0
2024-12-09 20:18:00,102.01,102.125,102.0,102.11,24411.0
2024-12-09 20:20:00,102.09,102.1211,102.04,102.04,20565.0
2024-12-09 20:22:00,102.04,102.06,101.99,102.0132,15290.0
2024-12-09 20:24:00,102.01,102.11,101.97,101.98,40909.0
2024-12-09 20:26:00,101.995,102.08,101.98,102.07,38784.0
2024-12-09 20:28:00,102.06,102.07,101.98,102.045,21190.0
2024-12-09 20:30:00,102.05,102.21,102.01,102.2,37846.0
2024-12-09 20:32:00,102.17,102.1996,102.12,102.17,34076.0
2024-12-09 20:34:00,102.19,102.19,102.0401,102.08,25947.0
2024-12-09 20:36:00,102.08,102.11,102.01,102.085,31530.0
2024-12-09 20:38:00,102.09,102.1,102.005,102.02,39475.0
2024-12-09 20:40:00,102.02,102.18,102.02,102.15,43701.0
2024-12-09 20:42:00,102.15,102.15,102.09,102.1,27899.0
2024-12-09 20:44:00,102.09,102.184,102.0801,102.14,46814.0
2024-12-09 20:46:00,102.12,102.2,102.12,102.19,42073.0
2024-12-09 20:48:00,102.19,102.3,102.175,102.3,54197.0
2024-12-09 20:50:00,102.32,102.495,102.31,102.495,90020.0
2024-12-09 20:52:00,102.49,102.83,102.47,102.82,123138.0
2024-12-09 20:54:00,102.83,102.9132,102.56,102.6679,183191.0
2024-12-09 20:56:00,102.66,102.83,102.66,102.77,254431.0
2024-12-09 20:58:00,102.78,102.93,102.75,102.83,559476.0
2024-12-09 21:00:00,102.82,102.84,102.82,102.84,41907.0
2024-12-09 21:02:00,102.9,102.9,102.9,102.9,1613.0
2024-12-09 21:04:00,102.82,102.88,102.82,102.88,9573.0
2024-12-09 21:06:00,102.82,102.85,102.82,102.83,17060.0
2024-12-09 21:08:00,102.88,102.88,102.83,102.88,9285.0
2024-12-09 21:10:00,102.92,102.93,102.85,102.93,1310.0
2024-12-09 21:12:00,102.9,102.91,102.9,102.91,1613.0
2024-12-09 21:16:00,102.95,102.95,102.9,102.9,822.0
2024-12-09 21:20:00,102.88,102.88,102.88,102.88,486.0
2024-12-09 21:22:00,102.8699,102.8699,102.8699,102.8699,259.0
2024-12-09 21:24:00,102.87,102.88,102.84,102.85,1684.0
2024-12-09 21:26:00,102.8506,102.91,102.8506,102.91,1707.0
2024-12-09 21:28:00,102.94,102.94,102.94,102.94,112.0
2024-12-09 21:30:00,102.9597,102.9597,102.9597,102.9597,230.0
2024-12-09 21:32:00,102.96,102.96,102.96,102.96,542.0
2024-12-09 21:34:00,102.9994,102.9994,102.9994,102.9994,77085.0
2024-12-09 21:36:00,102.99,102.99,102.99,102.99,136.0
2024-12-09 21:38:00,102.9279,102.9279,102.9279,102.9279,265.0
2024-12-09 21:40:00,102.97,102.97,102.95,102.95,854.0
2024-12-09 21:42:00,102.95,102.95,102.95,102.95,260.0
2024-12-09 21:44:00,102.95,102.95,102.93,102.93,553.0
2024-12-09 21:46:00,102.92,102.9949,102.92,102.9949,729.0
2024-12-09 21:48:00,102.92,102.92,102.92,102.92,1009.0
2024-12-09 21:50:00,102.85,102.85,102.85,102.85,143.0
2024-12-09 21:58:00,102.85,102.85,102.82,102.82,3763.0
2024-12-09 22:00:00,102.82,102.82,102.82,102.82,320.0
2024-12-09 22:02:00,102.83,102.86,102.83,102.86,478.0
2024-12-09 22:04:00,102.82,102.8201,102.82,102.8201,300.0
2024-12-09 22:08:00,102.88,102.88,102.88,102.88,350.0
2024-12-09 22:18:00,102.88,102.88,102.88,102.88,253.0
2024-12-09 22:22:00,102.8782,102.8782,102.8782,102.8782,313.0
2024-12-09 22:24:00,102.84,102.84,102.82,102.82,766.0
2024-12-09 22:26:00,102.86,102.86,102.86,102.86,531.0
2024-12-09 22:28:00,103.0,103.0,103.0,103.0,174.0
2024-12-09 22:30:00,102.82,102.82,102.82,102.82,486.0
2024-12-09 22:34:00,102.9,102.9,102.9,102.9,100.0
2024-12-09 22:42:00,102.89,102.9,102.89,102.9,319.0
2024-12-09 22:46:00,102.94,102.95,102.94,102.95,532.0
2024-12-09 22:48:00,102.9984,103.0,102.9984,103.0,1331.0
2024-12-09 22:50:00,102.95,102.95,102.95,102.95,744.0
2024-12-09 23:00:00,102.8216,102.8216,102.8216,102.8216,3000.0
2024-12-09 23:06:00,102.98,102.98,102.98,102.98,315.0
2024-12-09 23:08:00,102.9795,102.9795,102.9795,102.9795,389.0
2024-12-09 23:14:00,102.82,102.82,102.82,102.82,201.0
2024-12-09 23:18:00,102.821,102.821,102.821,102.821,429.0
2024-12-09 23:26:00,102.7298,102.85,102.7298,102.85,822.0
2024-12-09 23:28:00,102.82,102.82,102.82,102.82,384.0
2024-12-09 23:32:00,102.7004,102.7004,102.69,102.69,1200.0
2024-12-09 23:36:00,102.82,102.82,102.82,102.82,459.0
2024-12-09 23:42:00,102.81,102.82,102.81,102.82,511.0
2024-12-09 23:44:00,102.6018,102.6018,102.6018,102.6018,201.0
2024-12-09 23:46:00,102.63,102.63,102.01,102.56,1890.0
2024-12-09 23:50:00,102.6,102.6,102.6,102.6,300.0
2024-12-09 23:54:00,102.6,102.6,102.6,102.6,1200.0
2024-12-09 23:56:00,102.5263,102.536,102.5263,102.536,239.0
2024-12-10 00:00:00,102.81,102.81,102.81,102.81,1053.0
2024-12-10 00:06:00,102.73,102.73,102.6,102.6,275.0
2024-12-10 00:24:00,102.7019,102.7019,102.7019,102.7019,161.0
2024-12-10 00:26:00,102.7,102.7,102.7,102.7,787.0
2024-12-10 00:28:00,102.75,102.75,102.73,102.75,1206.0
2024-12-10 00:30:00,102.81,102.98,102.75,102.98,5720.0
2024-12-10 00:32:00,102.75,102.75,102.75,102.75,918.0
2024-12-10 00:34:00,102.82,103.0,102.82,103.0,2025.0
2024-12-10 00:36:00,102.75,102.75,102.75,102.75,1364.0
2024-12-10 00:38:00,102.75,103.0,102.75,102.99,3622.0
2024-12-10 00:40:00,102.98,103.02,102.75,103.02,6273.0
2024-12-10 00:42:00,103.25,103.29,103.2,103.29,1618.0
2024-12-10 00:44:00,103.27,103.42,103.27,103.3,1023.0
2024-12-10 00:46:00,103.47,103.7474,103.47,103.7474,3502.0
2024-12-10 00:48:00,103.5,103.5,103.5,103.5,401.0
2024-12-10 00:50:00,103.5,103.5,103.3,103.3,486.0
2024-12-10 00:52:00,103.42,103.5,103.4,103.5,681.0
2024-12-10 00:54:00,103.59,103.59,103.42,103.55,1073.0
2024-12-10 00:56:00,103.24,103.2808,103.24,103.24,1182.0
2024-12-10 00:58:00,103.4,103.4499,103.24,103.4499,823.0
2024-12-10 09:00:00,102.62,102.62,102.56,102.56,934.0
2024-12-10 09:04:00,102.54,102.54,102.49,102.49,437.0
2024-12-10 09:06:00,102.46,102.48,102.46,102.48,562.0
2024-12-10 09:08:00,102.34,102.34,102.34,102.34,100.0
2024-12-10 09:10:00,102.49,102.53,102.49,102.53,1590.0
2024-12-10 09:14:00,102.46,102.46,102.46,102.46,291.0
2024-12-10 09:20:00,102.57,102.57,102.57,102.57,334.0
2024-12-10 09:24:00,102.53,102.53,102.52,102.53,515.0
2024-12-10 09:26:00,102.53,102.53,102.52,102.52,2553.0
2024-12-10 09:30:00,102.52,102.57,102.52,102.57,3428.0
2024-12-10 09:36:00,102.61,102.61,102.59,102.59,1118.0
2024-12-10 09:40:00,102.58,102.58,102.58,102.58,398.0
2024-12-10 09:44:00,102.54,102.54,102.54,102.54,198.0
2024-12-10 10:00:00,102.62,103.44,102.62,103.44,4674.0
2024-12-10 10:02:00,103.46,103.9,102.82,102.88,15885.0
2024-12-10 10:04:00,102.88,103.01,102.8,103.01,2076.0
2024-12-10 10:06:00,103.15,103.15,103.0,103.0,1134.0
2024-12-10 10:08:00,103.13,103.17,103.0,103.0,1513.0
2024-12-10 10:16:00,103.01,103.01,102.9,102.9,3334.0
2024-12-10 10:18:00,103.0,103.0,103.0,103.0,240.0
2024-12-10 10:20:00,102.98,103.0,102.98,103.0,1086.0
2024-12-10 10:24:00,102.89,103.04,102.89,103.04,1049.0
2024-12-10 10:26:00,103.07,103.14,103.07,103.14,589.0
2024-12-10 10:36:00,103.52,103.54,103.52,103.53,755.0
2024-12-10 10:38:00,103.55,103.55,103.55,103.55,270.0
2024-12-10 10:40:00,103.6,103.6,103.6,103.6,110.0
2024-12-10 10:44:00,103.56,103.56,103.51,103.53,310.0
2024-12-10 10:46:00,103.57,103.57,103.49,103.49,450.0
2024-12-10 10:52:00,103.49,103.49,103.49,103.49,100.0
2024-12-10 10:54:00,103.5,103.5,103.5,103.5,139.0
2024-12-10 10:56:00,103.54,103.56,103.54,103.56,1425.0
2024-12-10 10:58:00,103.56,103.56,103.56,103.56,228.0
2024-12-10 11:00:00,103.52,103.65,103.52,103.65,2093.0
2024-12-10 11:02:00,103.68,103.74,103.64,103.74,1776.0
2024-12-10 11:14:00,103.85,103.89,103.8,103.8,3056.0
2024-12-10 11:16:00,103.82,103.82,103.73,103.73,758.0
2024-12-10 11:20:00,103.67,103.67,103.67,103.67,213.0
2024-12-10 11:24:00,103.65,103.68,103.65,103.68,501.0
2024-12-10 11:28:00,103.73,103.73,103.73,103.73,160.0
2024-12-10 11:30:00,103.75,103.76,103.75,103.75,471.0
2024-12-10 11:32:00,103.85,103.85,103.85,103.85,168.0
2024-12-10 11:34:00,103.84,103.87,103.84,103.87,307.0
2024-12-10 11:36:00,103.87,103.9,103.87,103.9,2751.0
2024-12-10 11:44:00,103.7,103.7,103.7,103.7,1030.0
2024-12-10 11:46:00,103.75,103.81,103.75,103.81,482.0
2024-12-10 11:50:00,103.8,103.8,103.8,103.8,664.0
2024-12-10 11:52:00,103.84,103.85,103.84,103.85,766.0
2024-12-10 11:54:00,103.95,103.95,103.89,103.89,282.0
2024-12-10 11:58:00,103.95,103.95,103.95,103.95,130.0
2024-12-10 12:00:00,103.99,104.02,103.84,103.84,6343.0
2024-12-10 12:02:00,103.88,103.88,103.81,103.81,416.0
2024-12-10 12:04:00,103.85,104.0,103.85,104.0,2285.0
2024-12-10 12:06:00,103.97,104.0,103.96,103.99,2180.0
2024-12-10 12:08:00,103.94,103.94,103.86,103.86,792.0
2024-12-10 12:10:00,103.85,104.0,103.84,104.0,7256.0
2024-12-10 12:12:00,104.02,104.11,103.96,104.11,2393.0
2024-12-10 12:14:00,104.15,104.44,104.15,104.44,3468.0
2024-12-10 12:16:00,104.35,104.44,104.35,104.44,2085.0
2024-12-10 12:18:00,104.44,104.49,104.44,104.49,2530.0
2024-12-10 12:20:00,104.49,104.55,104.49,104.55,4615.0
2024-12-10 12:22:00,104.65,104.76,104.54,104.55,8766.0
2024-12-10 12:24:00,104.55,104.73,104.54,104.73,2272.0
2024-12-10 12:26:00,104.68,104.68,104.67,104.68,5703.0
2024-12-10 12:28:00,104.73,105.0,104.72,105.0,7992.0
2024-12-10 12:30:00,104.92,105.03,104.8,105.03,11670.0
2024-12-10 12:32:00,105.1,105.11,105.1,105.1,2927.0
2024-12-10 12:34:00,105.16,105.28,105.16,105.28,6661.0
2024-12-10 12:36:00,105.32,105.4,105.3,105.3,5660.0
2024-12-10 12:38:00,105.26,105.26,105.14,105.15,1616.0
2024-12-10 12:40:00,105.13,105.13,105.0,105.0,2890.0
2024-12-10 12:42:00,105.03,105.03,104.9,104.9,2774.0
2024-12-10 12:44:00,104.9,104.9,104.83,104.83,1605.0
2024-12-10 12:46:00,104.82,104.82,104.68,104.71,2260.0
2024-12-10 12:48:00,104.68,104.68,104.6,104.65,3084.0
2024-12-10 12:52:00,104.76,105.05,104.76,105.05,3896.0
2024-12-10 12:54:00,105.04,105.04,104.74,104.74,5976.0
2024-12-10 12:56:00,104.8,104.85,104.8,104.85,1492.0
2024-12-10 13:00:00,103.95,105.45,102.41,104.9483,87518.0
2024-12-10 13:02:00,104.9497,105.0,104.89,105.0,5515.0
2024-12-10 13:04:00,104.95,105.11,104.95,105.11,13918.0
2024-12-10 13:06:00,105.11,105.35,105.11,105.25,5412.0
2024-12-10 13:08:00,105.35,105.4,105.26,105.26,8496.0
2024-12-10 13:10:00,105.3,105.45,105.2,105.45,7732.0
2024-12-10 13:12:00,105.5,105.5,105.26,105.26,2083.0
2024-12-10 13:14:00,105.25,105.25,102.563,105.0468,8419.0
2024-12-10 13:16:00,104.99,104.99,104.87,104.89,4895.0
2024-12-10 13:18:00,104.9565,105.0,104.9,105.0,3120.0
2024-12-10 13:20:00,105.01,105.14,105.0,105.12,1741.0
2024-12-10 13:22:00,105.14,105.3,105.14,105.1899,7819.0
2024-12-10 13:24:00,105.0018,105.22,105.0018,105.12,5432.0
2024-12-10 13:26:00,105.15,105.1999,105.1,105.1,6878.0
2024-12-10 13:28:00,105.1507,105.2,105.15,105.15,3985.0
2024-12-10 13:30:00,105.2493,105.37,105.2493,105.25,2998.0
2024-12-10 13:32:00,105.22,105.29,105.22,105.2201,8925.0
2024-12-10 13:34:00,105.29,105.31,105.29,105.31,2972.0
2024-12-10 13:36:00,105.2995,105.35,105.2201,105.35,6297.0
2024-12-10 13:38:00,105.33,105.33,105.279,105.3,6445.0
2024-12-10 13:40:00,105.28,105.4998,105.28,105.4998,10161.0
2024-12-10 13:42:00,105.5,105.57,105.5,105.52,10536.0
2024-12-10 13:44:00,105.52,105.75,105.52,105.64,19273.0
2024-12-10 13:46:00,105.74,105.9,105.74,105.84,12663.0
2024-12-10 13:48:00,105.8301,105.9,105.7701,105.79,7463.0
2024-12-10 13:50:00,105.8,105.83,105.61,105.69,8160.0
2024-12-10 13:52:00,105.63,105.66,105.48,105.48,6696.0
2024-12-10 13:54:00,105.4962,105.52,105.3,105.52,7580.0
2024-12-10 13:56:00,105.5206,105.65,105.44,105.44,4190.0
2024-12-10 13:58:00,105.49,105.49,105.3,105.35,5826.0
2024-12-10 14:00:00,105.31,105.31,105.28,105.28,1097.0
2024-12-10 14:02:00,105.44,105.45,105.25,105.34,4301.0
2024-12-10 14:04:00,105.35,105.4364,105.2269,105.4364,4822.0
2024-12-10 14:06:00,105.31,105.44,105.3,105.44,2531.0
2024-12-10 14:08:00,105.45,105.5,105.4,105.5,5242.0
2024-12-10 14:10:00,105.49,105.49,105.361,105.44,5421.0
2024-12-10 14:12:00,105.3802,105.52,105.3802,105.52,4697.0
2024-12-10 14:14:00,105.51,105.59,105.5001,105.5899,6957.0
2024-12-10 14:16:00,105.59,105.7499,105.57,105.7499,7464.0
2024-12-10 14:18:00,105.75,105.8,105.68,105.73,6041.0
2024-12-10 14:20:00,105.0,105.72,105.0,105.55,17745.0
2024-12-10 14:22:00,105.55,105.645,105.49,105.5,3619.0
2024-12-10 14:24:00,105.53,105.6,105.15,105.23,8539.0
2024-12-10 14:26:00,105.26,105.5,105.2,105.44,6775.0
2024-12-10 14:28:00,105.36,105.36,104.98,105.05,9136.0
2024-12-10 14:30:00,104.96,105.0,103.56,103.6655,455502.0
2024-12-10 14:32:00,103.67,103.67,102.93,103.17,269935.0
2024-12-10 14:34:00,103.17,103.5629,102.6,102.6,245766.0
2024-12-10 14:36:00,102.64,103.0999,102.54,102.865,200217.0
2024-12-10 14:38:00,102.8586,103.06,102.36,102.4784,199379.0
2024-12-10 14:40:00,102.45,102.73,102.32,102.32,150326.0
2024-12-10 14:42:00,102.3,102.3618,101.84,102.1657,185681.0
2024-12-10 14:44:00,102.1426,102.39,101.85,102.265,166922.0
2024-12-10 14:46:00,102.265,102.59,102.24,102.45,166505.0
2024-12-10 14:48:00,102.465,102.5399,102.3,102.46,110906.0
2024-12-10 14:50:00,102.46,102.485,102.27,102.28,113963.0
2024-12-10 14:52:00,102.27,102.28,101.58,101.701,185076.0
2024-12-10 14:54:00,101.6899,101.85,101.6,101.8,113306.0
2024-12-10 14:56:00,101.81,102.03,101.81,101.92,141593.0
2024-12-10 14:58:00,101.92,101.95,101.65,101.75,98226.0
2024-12-10 15:00:00,101.75,102.0,101.75,101.9627,71144.0
2024-12-10 15:02:00,102.0,102.28,101.845,102.14,127543.0
2024-12-10 15:04:00,102.135,102.1499,101.819,101.8441,129625.0
2024-12-10 15:06:00,101.855,102.23,101.84,102.21,74842.0
2024-12-10 15:08:00,102.21,102.42,102.18,102.32,117017.0
2024-12-10 15:10:00,102.32,102.45,102.3095,102.42,67964.0
2024-12-10 15:12:00,102.42,102.7,102.2801,102.6601,116691.0
2024-12-10 15:14:00,102.68,102.78,102.56,102.74,103479.0
2024-12-10 15:16:00,102.7352,102.77,102.4,102.68,136537.0
2024-12-10 15:18:00,102.72,102.92,102.2402,102.28,119305.0
2024-12-10 15:20:00,102.26,102.34,102.1201,102.1424,85514.0
2024-12-10 15:22:00,102.15,102.2352,101.98,102.0,176105.0
2024-12-10 15:24:00,102.0,102.03,101.87,101.95,83173.0
2024-12-10 15:26:00,101.94,101.99,101.69,101.75,81499.0
2024-12-10 15:28:00,101.7397,101.8,101.59,101.602,55761.0
2024-12-10 15:30:00,101.61,101.6399,101.35,101.485,140619.0
2024-12-10 15:32:00,101.46,101.52,101.361,101.415,64768.0
2024-12-10 15:34:00,101.405,101.48,101.2142,101.235,129874.0
2024-12-10 15:36:00,101.235,101.269,100.91,100.96,216166.0
2024-12-10 15:38:00,100.98,101.21,100.96,101.025,100561.0
2024-12-10 15:40:00,101.025,101.06,100.76,100.76,130891.0
2024-12-10 15:42:00,100.78,101.14,100.75,101.1,123844.0
2024-12-10 15:44:00,101.12,101.219,100.925,101.01,71551.0
2024-12-10 15:46:00,101.0,101.01,100.6289,100.735,158966.0
2024-12-10 15:48:00,100.745,100.89,100.74,100.865,68267.0
2024-12-10 15:50:00,100.865,100.87,100.61,100.66,60284.0
2024-12-10 15:52:00,100.67,100.73,100.4301,100.4801,112604.0
2024-12-10 15:54:00,100.52,100.55,100.3301,100.44,81833.0
2024-12-10 15:56:00,100.48,100.51,100.3,100.3102,74879.0
2024-12-10 15:58:00,100.3108,100.47,100.2601,100.42,76926.0
2024-12-10 16:00:00,100.43,100.72,100.43,100.47,109037.0
2024-12-10 16:02:00,100.46,100.6,100.37,100.54,66661.0
2024-12-10 16:04:00,100.54,100.5999,100.4,100.5,50922.0
2024-12-10 16:06:00,100.5025,100.53,99.9,99.98,305277.0
2024-12-10 16:08:00,99.9687,100.0394,99.83,99.985,142199.0
2024-12-10 16:10:00,100.0,100.12,99.8904,100.07,73674.0
2024-12-10 16:12:00,100.07,100.21,100.06,100.145,76923.0
2024-12-10 16:14:00,100.16,100.24,100.07,100.18,59662.0
2024-12-10 16:16:00,100.2098,100.2098,99.92,100.02,67455.0
2024-12-10 16:18:00,100.0,100.0899,99.94,99.94,65272.0
2024-12-10 16:20:00,99.94,100.06,99.74,99.89,109353.0
2024-12-10 16:22:00,99.9,100.015,99.83,99.995,65696.0
2024-12-10 16:24:00,100.0,100.01,99.84,99.84,54264.0
2024-12-10 16:26:00,99.855,99.92,99.757,99.9,99411.0
2024-12-10 16:28:00,99.9,99.9599,99.79,99.855,56583.0
2024-12-10 16:30:00,99.85,99.87,99.65,99.65,79728.0
2024-12-10 16:32:00,99.653,99.69,99.42,99.55,126393.0
2024-12-10 16:34:00,99.5647,99.5658,99.3,99.415,103466.0
2024-12-10 16:36:00,99.415,99.54,99.3,99.34,67097.0
2024-12-10 16:38:00,99.33,99.45,99.1701,99.36,81903.0
2024-12-10 16:40:00,99.35,99.3796,99.195,99.25,60130.0
2024-12-10 16:42:00,99.25,99.33,99.17,99.17,63618.0
2024-12-10 16:44:00,99.15,99.22,99.12,99.19,64587.0
2024-12-10 16:46:00,99.18,99.18,98.96,99.065,127347.0
2024-12-10 16:48:00,99.07,99.19,99.0099,99.06,123780.0
2024-12-10 16:50:00,99.08,99.3,99.05,99.24,100666.0
2024-12-10 16:52:00,99.23,99.33,99.12,99.2257,84460.0
2024-12-10 16:54:00,99.22,99.2399,99.1324,99.21,85484.0
2024-12-10 16:56:00,99.2,99.32,99.1124,99.15,74219.0
2024-12-10 16:58:00,99.17,99.408,99.17,99.39,62511.0
2024-12-10 17:00:00,99.39,99.41,99.06,99.07,59876.0
2024-12-10 17:02:00,99.075,99.175,98.97,99.095,92151.0
2024-12-10 17:04:00,99.11,99.14,99.0,99.03,40582.0
2024-12-10 17:06:00,99.03,99.1,99.01,99.01,49006.0
2024-12-10 17:08:00,99.0,99.0,98.82,98.93,113308.0
2024-12-10 17:10:00,98.91,99.075,98.91,98.99,68819.0
2024-12-10 17:12:00,98.99,98.9999,98.72,98.83,113954.0
2024-12-10 17:14:00,98.8351,98.85,98.6001,98.6785,100685.0
2024-12-10 17:16:00,98.68,98.68,98.57,98.655,74641.0
2024-12-10 17:18:00,98.64,98.74,98.6,98.655,56394.0
2024-12-10 17:20:00,98.655,98.88,98.655,98.815,69279.0
2024-12-10 17:22:00,98.81,98.99,98.7775,98.97,82802.0
2024-12-10 17:24:00,98.9556,99.0595,98.92,99.0595,65945.0
2024-12-10 17:26:00,99.06,99.14,98.87,98.89,85271.0
2024-12-10 17:28:00,98.89,98.92,98.71,98.76,80027.0
2024-12-10 17:30:00,98.76,98.88,98.6808,98.86,45671.0
2024-12-10 17:32:00,98.8739,99.19,98.8601,99.17,99391.0
2024-12-10 17:34:00,99.19,99.27,99.09,99.095,67464.0
2024-12-10 17:36:00,99.11,99.16,99.0301,99.0801,48405.0
2024-12-10 17:38:00,99.09,99.1,98.86,98.88,60148.0
2024-12-10 17:40:00,98.85,98.85,98.7,98.8396,81061.0
2024-12-10 17:42:00,98.8262,98.84,98.75,98.78,32727.0
2024-12-10 17:44:00,98.77,98.81,98.7,98.74,31045.0
2024-12-10 17:46:00,98.765,98.92,98.7103,98.915,36688.0
2024-12-10 17:48:00,98.911,98.955,98.82,98.9124,35514.0
2024-12-10 17:50:00,98.92,98.9499,98.79,98.8019,40891.0
2024-12-10 17:52:00,98.78,98.88,98.77,98.83,27462.0
2024-12-10 17:54:00,98.85,99.01,98.84,98.968,37061.0
2024-12-10 17:56:00,98.95,99.0,98.9,98.96,42854.0
2024-12-10 17:58:00,98.9999,99.08,98.95,99.05,65088.0
2024-12-10 18:00:00,99.0418,99.0574,98.93,98.94,32296.0
2024-12-10 18:02:00,98.94,99.09,98.94,99.025,48685.0
2024-12-10 18:04:00,99.02,99.13,98.995,99.07,32060.0
2024-12-10 18:06:00,99.07,99.25,99.0554,99.19,37750.0
2024-12-10 18:08:00,99.1924,99.26,99.17,99.2,55355.0
2024-12-10 18:10:00,99.21,99.24,99.18,99.205,26536.0
2024-12-10 18:12:00,99.22,99.32,99.2,99.21,77156.0
2024-12-10 18:14:00,99.2,99.22,98.95,98.9801,61572.0
2024-12-10 18:16:00,98.99,99.15,98.95,99.039,35451.0
2024-12-10 18:18:00,99.0599,99.09,98.95,98.95,48796.0
2024-12-10 18:20:00,98.95,99.1112,98.9401,99.05,138495.0
2024-12-10 18:22:00,99.05,99.06,98.92,98.92,44301.0
2024-12-10 18:24:00,98.92,98.95,98.7701,98.86,258856.0
2024-12-10 18:26:00,98.865,98.99,98.85,98.87,46167.0
2024-12-10 18:28:00,98.85,98.8984,98.66,98.725,78336.0
2024-12-10 18:30:00,98.73,98.83,98.69,98.69,47748.0
2024-12-10 18:32:00,98.71,98.799,98.52,98.58,118940.0
2024-12-10 18:34:00,98.63,98.65,98.43,98.4784,158368.0
2024-12-10 18:36:00,98.49,98.5199,98.4,98.455,68703.0
2024-12-10 18:38:00,98.455,98.5,98.43,98.46,64757.0
2024-12-10 18:40:00,98.46,98.5,98.36,98.39,66674.0
2024-12-10 18:42:00,98.4,98.4199,98.1379,98.31,202696.0
2024-12-10 18:44:00,98.325,98.325,98.13,98.1797,80326.0
2024-12-10 18:46:00,98.165,98.29,98.16,98.24,142796.0
2024-12-10 18:48:00,98.2158,98.25,98.09,98.1225,161285.0
2024-12-10 18:50:00,98.11,98.1699,97.96,98.035,130007.0
2024-12-10 18:52:00,98.0413,98.05,97.9,97.96,80139.0
2024-12-10 18:54:00,97.9697,98.02,97.9333,97.98,66308.0
2024-12-10 18:56:00,97.98,97.98,97.75,97.75,92290.0
2024-12-10 18:58:00,97.765,97.945,97.74,97.945,72773.0
2024-12-10 19:00:00,97.945,97.96,97.72,97.82,83882.0
2024-12-10 19:02:00,97.82,98.08,97.75,98.02,315987.0
2024-12-10 19:04:00,98.0,98.15,97.9171,98.095,64678.0
2024-12-10 19:06:00,98.08,98.1099,97.94,97.97,67569.0
2024-12-10 19:08:00,97.955,98.0,97.8537,97.91,66169.0
2024-12-10 19:10:00,97.91,97.95,97.73,97.79,102492.0
2024-12-10 19:12:00,97.78,98.1199,97.77,98.0158,160510.0
2024-12-10 19:14:00,98.03,98.1596,98.03,98.0703,76368.0
2024-12-10 19:16:00,98.07,98.3291,98.07,98.275,104109.0
2024-12-10 19:18:00,98.275,98.34,98.2,98.285,61539.0
2024-12-10 19:20:00,98.3,98.32,98.24,98.275,44178.0
2024-12-10 19:22:00,98.26,98.26,98.15,98.165,60741.0
2024-12-10 19:24:00,98.15,98.2178,98.1201,98.17,54320.0
2024-12-10 19:26:00,98.15,98.22,98.0801,98.1,88277.0
2024-12-10 19:28:00,98.1,98.21,98.08,98.205,56637.0
2024-12-10 19:30:00,98.22,98.2397,97.97,97.97,85304.0
2024-12-10 19:32:00,97.99,98.09,97.99,98.025,58924.0
2024-12-10 19:34:00,98.02,98.03,97.9301,97.99,97280.0
2024-12-10 19:36:00,98.0,98.08,97.9129,97.94,91165.0
2024-12-10 19:38:00,97.94,98.05,97.92,98.025,74416.0
2024-12-10 19:40:00,98.025,98.2,98.0,98.17,66296.0
2024-12-10 19:42:00,98.175,98.2394,98.15,98.215,69082.0
2024-12-10 19:44:00,98.215,98.27,98.17,98.2,55125.0
2024-12-10 19:46:00,98.19,98.28,98.12,98.2505,68769.0
2024-12-10 19:48:00,98.26,98.265,98.07,98.085,51614.0
2024-12-10 19:50:00,98.09,98.25,98.08,98.23,71974.0
2024-12-10 19:52:00,98.23,98.25,98.16,98.17,67459.0
2024-12-10 19:54:00,98.18,98.2298,98.1136,98.17,40775.0
2024-12-10 19:56:00,98.179406,98.22,98.13,98.1626,55440.0
2024-12-10 19:58:00,98.17,98.31,98.11,98.3,50690.0
2024-12-10 20:00:00,98.3,98.31,98.19,98.21,59993.0
2024-12-10 20:02:00,98.2024,98.21,97.93,98.0,137510.0
2024-12-10 20:04:00,97.975,97.983,97.72,97.76,173291.0
2024-12-10 20:06:00,97.761,97.83,97.68,97.69,71914.0
2024-12-10 20:08:00,97.705,97.7153,97.54,97.6,212391.0
2024-12-10 20:10:00,97.628,97.7077,97.55,97.63,148523.0
2024-12-10 20:12:00,97.63,97.65,97.54,97.6,115479.0
2024-12-10 20:14:00,97.6,97.81,97.595,97.78,116411.0
2024-12-10 20:16:00,97.78,97.8,97.62,97.655,64773.0
2024-12-10 20:18:00,97.66,97.71,97.635,97.67,58151.0
2024-12-10 20:20:00,97.67,97.68,97.56,97.56,89471.0
2024-12-10 20:22:00,97.59,97.69,97.552,97.61,94270.0
2024-12-10 20:24:00,97.61,97.6191,97.44,97.535,114008.0
2024-12-10 20:26:00,97.53,97.59,97.52,97.55,65468.0
2024-12-10 20:28:00,97.555,97.59,97.47,97.5197,64776.0
2024-12-10 20:30:00,97.52,97.53,97.33,97.395,103972.0
2024-12-10 20:32:00,97.39,97.41,97.3,97.3078,98462.0
2024-12-10 20:34:00,97.32,97.46,97.2701,97.4199,91289.0
2024-12-10 20:36:00,97.42,97.47,97.3,97.45,95050.0
2024-12-10 20:38:00,97.45,97.61,97.44,97.55,101075.0
2024-12-10 20:40:00,97.53,97.73,97.525,97.71,89416.0
2024-12-10 20:42:00,97.7,97.78,97.6448,97.72,120243.0
2024-12-10 20:44:00,97.715,97.76,97.65549,97.7,89185.0
2024-12-10 20:46:00,97.7,97.78,97.6301,97.68,127379.0
2024-12-10 20:48:00,97.68,97.78,97.62,97.72,108122.0
2024-12-10 20:50:00,97.72,98.03,97.72,97.87,245325.0
2024-12-10 20:52:00,97.87,97.94,97.745,97.8616,185462.0
2024-12-10 20:54:00,97.87,98.07,97.805,98.02,214072.0
2024-12-10 20:56:00,98.0131,98.19,98.0,98.065,254076.0
2024-12-10 20:58:00,98.065,98.14,98.05,98.13,455884.0
2024-12-10 21:00:00,98.1,98.12,98.01,98.0506,120999.0
2024-12-10 21:02:00,98.15,98.1799,98.07,98.1799,3428.0
2024-12-10 21:04:00,98.1301,98.14,98.13,98.14,15973.0
2024-12-10 21:06:00,98.18,98.2299,98.18,98.21,2842.0
2024-12-10 21:08:00,98.21,98.27,98.1,98.23,11498.0
2024-12-10 21:10:00,98.23,98.2692,98.21,98.21,5669.0
2024-12-10 21:12:00,98.26,98.3,98.2208,98.27,5115.0
2024-12-10 21:14:00,98.3201,98.49,98.32,98.42,18924.0
2024-12-10 21:16:00,98.41,98.41,98.32,98.37,3034.0
2024-12-10 21:18:00,98.28,98.37,98.28,98.282,1456.0
2024-12-10 21:20:00,98.27,98.32,98.26,98.26,2631.0
2024-12-10 21:22:00,98.27,98.34,98.27,98.3399,2691.0
2024-12-10 21:24:00,98.33,98.34,98.26,98.3399,47313.0
2024-12-10 21:26:00,98.26,98.38,98.26,98.38,2562.0
2024-12-10 21:28:00,98.38,98.38,98.26,98.26,3762.0
2024-12-10 21:30:00,98.26,98.3,98.26,98.2607,2187.0
2024-12-10 21:32:00,98.33,98.33,98.2607,98.3207,2166.0
2024-12-10 21:34:00,98.34,98.39,98.34,98.3414,815.0
2024-12-10 21:36:00,98.39,98.4,98.34,98.34,2723.0
2024-12-10 21:38:00,98.34,98.34,98.3399,98.3399,2079.0
2024-12-10 21:40:00,98.34,98.34,98.1,98.34,828.0
2024-12-10 21:42:00,98.34,98.4,98.34,98.4,148364.0
2024-12-10 21:44:00,98.4,98.5,98.4,98.5,6559.0
2024-12-10 21:46:00,98.54,98.5655,98.49,98.55,5267.0
2024-12-10 21:48:00,98.52,98.52,98.45,98.5,3120.0
2024-12-10 21:50:00,98.5001,98.51,98.41,98.41,4921.0
2024-12-10 21:52:00,98.49,98.49,98.443,98.443,414.0
2024-12-10 21:54:00,98.49,98.49,98.41,98.41,2256.0
2024-12-10 21:56:00,98.4499,98.4499,98.42,98.4299,861.0
2024-12-10 22:00:00,98.49,98.49,98.46,98.46,632.0
2024-12-10 22:02:00,98.49,98.49,98.47,98.47,1333.0
2024-12-10 22:04:00,98.45,98.45,98.41,98.41,2042.0
2024-12-10 22:06:00,98.46,98.46,98.4001,98.4001,1173.0
2024-12-10 22:08:00,98.45,98.46,98.45,98.46,952.0
2024-12-10 22:10:00,98.47,98.47,98.4201,98.46,1007.0
2024-12-10 22:12:00,98.44,98.49,98.44,98.49,8203.0
2024-12-10 22:14:00,98.5,98.5,98.49,98.49,355.0
2024-12-10 22:16:00,98.47,98.5,98.4,98.4,7036.0
2024-12-10 22:18:00,98.55,98.55,98.55,98.55,460.0
2024-12-10 22:20:00,98.5427,98.5427,98.52,98.54,601.0
2024-12-10 22:22:00,98.55,98.55,98.4703,98.5294,1450.0
2024-12-10 22:24:00,98.46,98.5,98.46,98.46,921.0
2024-12-10 22:26:00,98.4501,98.46,98.4501,98.46,433.0
2024-12-10 22:28:00,98.46,98.47,98.4501,98.47,467.0
2024-12-10 22:30:00,98.48,98.51,98.4799,98.51,1145.0
2024-12-10 22:32:00,98.4517,98.51,98.45,98.45,1333.0
2024-12-10 22:34:00,98.51,98.51,98.4999,98.4999,969.0
2024-12-10 22:36:00,98.5,98.5081,98.5,98.5081,1655.0
2024-12-10 22:38:00,98.5,98.5,98.5,98.5,391.0
2024-12-10 22:40:00,98.4542,98.5082,98.4542,98.5082,435.0
2024-12-10 22:42:00,98.5,98.51,98.5,98.51,1407.0
2024-12-10 22:44:00,98.5,98.55,98.5,98.55,1219.0
2024-12-10 22:46:00,98.55,98.55,98.55,98.55,438.0
2024-12-10 22:48:00,98.55,98.56,98.55,98.56,522.0
2024-12-10 22:50:00,98.4974,98.5746,98.4974,98.5691,523.0
2024-12-10 22:52:00,98.55,98.58,98.55,98.58,864.0
2024-12-10 22:56:00,98.54,98.54,98.5016,98.5399,1090.0
2024-12-10 22:58:00,98.5586,98.5586,98.52,98.54,1028.0
2024-12-10 23:00:00,98.5477,98.5477,98.5477,98.5477,213.0
2024-12-10 23:02:00,98.5,98.5001,98.5,98.5001,344.0
2024-12-10 23:06:00,98.5,98.5,98.5,98.5,135.0
2024-12-10 23:08:00,98.5,98.5,98.5,98.5,325.0
2024-12-10 23:10:00,98.5,98.5,98.45,98.45,1921.0
2024-12-10 23:12:00,98.45,98.45,98.45,98.45,692.0
2024-12-10 23:14:00,98.46,98.48,98.46,98.46,551.0
2024-12-10 23:18:00,98.46,98.46,98.4,98.4,1851.0
2024-12-10 23:20:00,98.3501,98.3501,98.3501,98.3501,1134.0
2024-12-10 23:22:00,98.39,98.39,98.39,98.39,402.0
2024-12-10 23:24:00,98.48,98.4985,98.35,98.35,1090.0
2024-12-10 23:26:00,98.5,98.5,98.5,98.5,532.0
2024-12-10 23:28:00,98.5,98.52,98.5,98.52,1468.0
2024-12-10 23:30:00,98.5499,98.55,98.5499,98.55,1370.0
2024-12-10 23:32:00,98.54,98.55,98.54,98.55,705.0
2024-12-10 23:34:00,98.55,98.55,98.55,98.55,312.0
2024-12-10 23:38:00,98.52,98.54,98.5,98.5,2942.0
2024-12-10 23:40:00,98.5,98.54,98.4984,98.5,10553.0
2024-12-10 23:42:00,98.52,98.54,98.52,98.54,215.0
2024-12-10 23:44:00,98.52,98.52,98.52,98.52,262.0
2024-12-10 23:46:00,98.52,98.52,98.5099,98.5099,1623.0
2024-12-10 23:48:00,98.51,98.54,98.5,98.5,2010.0
2024-12-10 23:50:00,98.52,98.52,98.52,98.52,315.0
2024-12-10 23:52:00,98.54,98.54,98.54,98.54,468.0
2024-12-10 23:54:00,98.53,98.55,98.53,98.53,1763.0
2024-12-10 23:56:00,98.55,98.55,98.53,98.53,1072.0
2024-12-10 23:58:00,98.54,98.54,98.53,98.53,662.0
2024-12-11 00:00:00,98.52,98.52,98.5,98.5,651.0
2024-12-11 00:02:00,98.49,98.52,98.4505,98.4505,2098.0
2024-12-11 00:04:00,98.45,98.45,98.45,98.45,1010.0
2024-12-11 00:06:00,98.45,98.45,98.45,98.45,621.0
2024-12-11 00:08:00,98.46,98.46,98.45,98.4501,697.0
2024-12-11 00:10:00,98.4,98.45,98.4,98.42,859.0
2024-12-11 00:12:00,98.42,98.42,98.3544,98.3544,984.0
2024-12-11 00:14:00,98.4,98.4,98.4,98.4,340.0
2024-12-11 00:16:00,98.39,98.3998,98.39,98.3998,702.0
2024-12-11 00:20:00,98.4,98.4,98.4,98.4,1692.0
2024-12-11 00:22:00,98.4,98.4,98.4,98.4,1054.0
2024-12-11 00:24:00,98.4468,98.4973,98.4468,98.45,1712.0
2024-12-11 00:26:00,98.45,98.5,98.45,98.4965,811.0
2024-12-11 00:28:00,98.49,98.49,98.49,98.49,102.0
2024-12-11 00:30:00,98.48,98.48,98.48,98.48,110.0
2024-12-11 00:34:00,98.4899,98.4899,98.45,98.45,988.0
2024-12-11 00:38:00,98.46,98.46,98.4001,98.4001,1139.0
2024-12-11 00:42:00,98.4,98.4,98.4,98.4,170.0
2024-12-11 00:44:00,98.4499,98.4499,98.4499,98.4499,184.0
2024-12-11 00:46:00,98.44,98.44,98.44,98.44,228.0
2024-12-11 00:48:00,98.4499,98.4499,98.4499,98.4499,1189.0
2024-12-11 00:50:00,98.45,98.45,98.45,98.45,323.0
2024-12-11 00:52:00,98.5,98.55,98.5,98.5499,5863.0
2024-12-11 00:56:00,98.53,98.53,98.5,98.5,480.0
2024-12-11 00:58:00,98.51,98.58,98.5,98.58,1843.0
2024-12-11 09:00:00,98.88,98.88,98.58,98.58,2937.0
2024-12-11 09:02:00,98.98,98.98,98.98,98.98,498.0
2024-12-11 09:04:00,99.01,99.01,98.8,98.83,1390.0
2024-12-11 09:06:00,98.76,98.82,98.76,98.82,386.0
2024-12-11 09:08:00,98.94,98.99,98.94,98.99,552.0
2024-12-11 09:10:00,99.08,99.08,99.08,99.08,348.0
2024-12-11 09:14:00,99.07,99.07,99.0,99.0,729.0
2024-12-11 09:16:00,99.03,99.04,99.03,99.04,591.0
2024-12-11 09:18:00,98.86,98.86,98.86,98.86,197.0
2024-12-11 09:22:00,98.96,98.98,98.96,98.98,1076.0
2024-12-11 09:24:00,98.99,98.99,98.99,98.99,109.0
2024-12-11 09:26:00,98.97,98.97,98.97,98.97,137.0
2024-12-11 09:28:00,98.99,99.04,98.97,99.04,972.0
2024-12-11 09:30:00,99.05,99.21,99.05,99.21,1078.0
2024-12-11 09:32:00,99.19,99.24,99.19,99.23,523.0
2024-12-11 09:36:00,99.24,99.46,99.24,99.44,3449.0
2024-12-11 09:38:00,99.54,99.58,99.54,99.57,2464.0
2024-12-11 09:42:00,99.55,99.55,99.54,99.54,806.0
2024-12-11 09:44:00,99.52,99.52,99.47,99.47,377.0
2024-12-11 09:46:00,99.35,99.35,99.29,99.29,855.0
2024-12-11 09:48:00,99.28,99.28,99.28,99.28,266.0
2024-12-11 09:50:00,99.24,99.24,99.03,99.05,4425.0
2024-12-11 09:52:00,99.18,99.18,99.18,99.18,204.0
2024-12-11 09:54:00,99.23,99.26,99.23,99.26,438.0
2024-12-11 09:56:00,99.19,99.19,99.19,99.19,100.0
2024-12-11 10:00:00,99.1,99.1,99.05,99.05,444.0
2024-12-11 10:02:00,99.08,99.1,99.08,99.1,609.0
2024-12-11 10:10:00,99.01,99.01,99.01,99.01,159.0
2024-12-11 10:12:00,99.03,99.03,99.0,99.0,793.0
2024-12-11 10:14:00,99.05,99.08,99.05,99.08,228.0
2024-12-11 10:16:00,99.11,99.11,99.11,99.11,566.0
2024-12-11 10:20:00,99.09,99.17,99.09,99.17,1788.0
2024-12-11 10:24:00,99.09,99.09,99.09,99.09,461.0
2024-12-11 10:26:00,99.09,99.13,99.09,99.09,1357.0
2024-12-11 10:28:00,99.05,99.05,99.05,99.05,102.0
2024-12-11 10:30:00,98.99,99.02,98.93,99.01,5568.0
2024-12-11 10:32:00,99.09,99.1,99.09,99.09,2270.0
2024-12-11 10:36:00,99.09,99.09,99.0,99.0,1450.0
2024-12-11 10:44:00,99.07,99.07,99.07,99.07,227.0
2024-12-11 10:48:00,99.09,99.11,99.09,99.11,440.0
2024-12-11 10:50:00,99.13,99.13,99.11,99.11,1029.0
2024-12-11 10:52:00,99.02,99.08,99.02,99.08,325.0
2024-12-11 10:54:00,99.09,99.09,99.09,99.09,612.0
2024-12-11 11:10:00,99.06,99.07,99.06,99.07,427.0
2024-12-11 11:12:00,99.09,99.09,99.09,99.09,535.0
2024-12-11 11:14:00,99.15,99.15,99.14,99.14,252.0
2024-12-11 11:16:00,99.14,99.14,99.14,99.14,100.0
2024-12-11 11:18:00,99.13,99.13,99.13,99.13,151.0
2024-12-11 11:20:00,99.11,99.11,99.11,99.11,233.0
2024-12-11 11:24:00,99.1,99.1,99.1,99.1,151.0
2024-12-11 11:26:00,99.12,99.12,99.12,99.12,210.0
2024-12-11 11:30:00,99.12,99.12,99.12,99.12,420.0
2024-12-11 11:32:00,99.15,99.15,99.15,99.15,299.0
2024-12-11 11:38:00,99.23,99.23,99.23,99.23,259.0
2024-12-11 11:42:00,99.23,99.23,99.15,99.15,1922.0
2024-12-11 11:46:00,99.21,99.21,99.21,99.21,143.0
2024-12-11 11:50:00,99.18,99.19,99.18,99.19,305.0
2024-12-11 11:56:00,99.13,99.19,99.11,99.19,1207.0
2024-12-11 12:00:00,99.11,99.18,98.98,99.01,6716.0
2024-12-11 12:02:00,98.95,99.09,98.93,98.98,3918.0
2024-12-11 12:04:00,99.01,99.01,98.95,98.95,1422.0
2024-12-11 12:06:00,98.99,99.02,98.98,98.98,4375.0
2024-12-11 12:08:00,98.97,98.97,98.97,98.97,373.0
2024-12-11 12:10:00,98.97,99.0,98.95,99.0,1664.0
2024-12-11 12:14:00,98.99,98.99,98.99,98.99,103.0
2024-12-11 12:16:00,98.98,98.99,98.96,98.99,1347.0
2024-12-11 12:18:00,98.96,99.01,98.93,99.0,2514.0
2024-12-11 12:20:00,99.0,99.0,99.0,99.0,400.0
2024-12-11 12:26:00,99.05,99.05,99.01,99.01,667.0
2024-12-11 12:28:00,99.0,99.0,99.0,99.0,1115.0
2024-12-11 12:30:00,99.0,99.0,99.0,99.0,1500.0
2024-12-11 12:36:00,98.92,98.92,98.86,98.86,1540.0
2024-12-11 12:40:00,98.96,98.96,98.96,98.96,100.0
2024-12-11 12:42:00,99.0,99.0,98.98,98.98,421.0
2024-12-11 12:44:00,99.02,99.05,99.02,99.05,1985.0
2024-12-11 12:48:00,99.0,99.0,99.0,99.0,711.0
2024-12-11 12:50:00,99.06,99.08,99.06,99.08,759.0
2024-12-11 12:52:00,99.05,99.05,99.05,99.05,692.0
2024-12-11 12:56:00,99.1,99.1,99.06,99.06,1015.0
2024-12-11 12:58:00,99.05,99.09,99.05,99.09,1974.0
2024-12-11 13:00:00,99.01,99.13,98.6,99.05,45738.0
2024-12-11 13:04:00,99.1,99.14,99.06,99.1,7678.0
2024-12-11 13:06:00,99.1,99.1,97.855,99.1,3151.0
2024-12-11 13:08:00,99.12,99.12,99.12,99.12,340.0
2024-12-11 13:10:00,99.142,99.142,99.0538,99.0538,761.0
2024-12-11 13:12:00,99.13,99.13,99.13,99.13,526.0
2024-12-11 13:14:00,99.13,99.1788,99.08,99.16,7237.0
2024-12-11 13:16:00,99.16,99.16,99.1196,99.1196,1684.0
2024-12-11 13:18:00,99.12,99.14,99.09,99.09,5463.0
2024-12-11 13:20:00,99.14,99.14,99.12,99.12,1388.0
2024-12-11 13:22:00,99.1,99.24,99.1,99.24,3581.0
2024-12-11 13:24:00,99.21,99.24,99.21,99.24,649.0
2024-12-11 13:26:00,99.3,99.4,99.2506,99.4,10614.0
2024-12-11 13:28:00,99.37,99.3787,99.3,99.35,4501.0
2024-12-11 13:30:00,99.44,99.49,99.31,99.49,5896.0
2024-12-11 13:32:00,99.485,99.68,99.45,99.68,14397.0
2024-12-11 13:34:00,99.65,99.76,99.65,99.759,13251.0
2024-12-11 13:36:00,99.76,99.76,99.64,99.7,7707.0
2024-12-11 13:38:00,99.7001,99.76,99.68,99.7342,8011.0
2024-12-11 13:40:00,99.6025,99.6025,99.48,99.52,4805.0
2024-12-11 13:42:00,99.54,99.6,99.54,99.6,1931.0
2024-12-11 13:44:00,99.6,99.6698,99.6,99.6101,1919.0
2024-12-11 13:46:00,99.65,99.67,99.61,99.67,5834.0
2024-12-11 13:48:00,99.66,99.67,99.63,99.67,4832.0
2024-12-11 13:50:00,99.67,99.67,99.51,99.51,3887.0
2024-12-11 13:52:00,99.6,99.6,99.4,99.47,8338.0
2024-12-11 13:54:00,99.5,99.6,99.4901,99.6,6649.0
2024-12-11 13:56:00,99.65,99.65,99.56,99.61,1627.0
2024-12-11 13:58:00,99.61,99.64,99.57,99.63,5738.0
2024-12-11 14:00:00,99.64,99.64,99.56,99.56,4503.0
2024-12-11 14:02:00,99.55,99.63,99.53,99.6,5048.0
2024-12-11 14:04:00,99.63,99.63,99.61,99.61,4609.0
2024-12-11 14:06:00,99.6,99.63,99.59,99.61,7964.0
2024-12-11 14:08:00,99.63,99.67,99.6,99.6001,2782.0
2024-12-11 14:10:00,99.6688,99.6688,99.6,99.65,1902.0
2024-12-11 14:12:00,99.6501,99.9,99.6501,99.82,10308.0
2024-12-11 14:14:00,99.84,99.87,99.77,99.81,6006.0
2024-12-11 14:16:00,99.8002,100.05,99.8,100.0499,7091.0
2024-12-11 14:18:00,100.05,100.2,99.88,99.89,16971.0
2024-12-11 14:20:00,99.96,100.099,99.88,100.0,5202.0
2024-12-11 14:22:00,100.1,100.1,99.88,99.9,10285.0
2024-12-11 14:24:00,99.9001,99.99,99.85,99.9823,5366.0
2024-12-11 14:26:00,99.9,99.9,99.8,99.8,4742.0
2024-12-11 14:28:00,99.71,99.72,99.4,99.55,15315.0
2024-12-11 14:30:00,99.5,99.59,98.36,98.5475,402495.0
2024-12-11 14:32:00,98.505,99.25,98.3,99.24,153331.0
2024-12-11 14:34:00,99.205,99.3785,99.0,99.1,163880.0
2024-12-11 14:36:00,99.11,99.11,98.5004,98.7,152858.0
2024-12-11 14:38:00,98.7,99.0,98.67,98.95,73298.0
2024-12-11 14:40:00,98.93,98.99,98.64,98.8912,101798.0
2024-12-11 14:42:00,98.92,99.39,98.82,99.3205,115097.0
2024-12-11 14:44:00,99.3695,100.4345,99.3401,100.42,349228.0
2024-12-11 14:46:00,100.42,101.07,100.31,100.76,426707.0
2024-12-11 14:48:00,100.81,101.45,100.75,101.33,293805.0
2024-12-11 14:50:00,101.3499,101.42,100.93,101.1232,229004.0
2024-12-11 14:52:00,101.12,101.26,100.985,101.05,169265.0
2024-12-11 14:54:00,101.05,101.48,100.8017,100.91,288990.0
2024-12-11 14:56:00,100.8692,100.9899,100.68,100.73,130817.0
2024-12-11 14:58:00,100.7201,101.2,100.69,101.19,170196.0
2024-12-11 15:00:00,101.2,101.244,100.72,100.745,104994.0
2024-12-11 15:02:00,100.74,100.857,100.54,100.6098,149490.0
2024-12-11 15:04:00,100.58,100.66,100.47,100.62,89561.0
2024-12-11 15:06:00,100.66,100.825,100.41,100.6881,95876.0
2024-12-11 15:08:00,100.7,100.83,100.6,100.7297,100003.0
2024-12-11 15:10:00,100.71,100.72,100.48,100.53,74437.0
2024-12-11 15:12:00,100.565,100.77,100.565,100.74,92731.0
2024-12-11 15:14:00,100.74,101.06,100.73,101.02,71941.0
2024-12-11 15:16:00,101.0,101.0,100.57,100.57,55430.0
2024-12-11 15:18:00,100.5999,100.7,100.42,100.4904,76514.0
2024-12-11 15:20:00,100.54,100.74,100.5,100.725,50454.0
2024-12-11 15:22:00,100.73,100.95,100.54,100.8802,75008.0
2024-12-11 15:24:00,100.92,100.96,100.7842,100.83,47109.0
2024-12-11 15:26:00,100.86,100.93,100.62,100.62,32346.0
2024-12-11 15:28:00,100.61,100.62,100.07,100.125,157071.0
2024-12-11 15:30:00,100.11,100.23,100.06,100.1037,90300.0
2024-12-11 15:32:00,100.09,100.19,100.0169,100.15,73301.0
2024-12-11 15:34:00,100.1491,100.38,100.1467,100.27,74316.0
2024-12-11 15:36:00,100.2724,100.2774,100.08,100.17,39366.0
2024-12-11 15:38:00,100.14,100.18,99.94,100.0728,54894.0
2024-12-11 15:40:00,100.0602,100.27,100.06,100.2313,41763.0
2024-12-11 15:42:00,100.2053,100.23,99.87,99.9725,55676.0
2024-12-11 15:44:00,99.96,100.08,99.92,100.02,43103.0
2024-12-11 15:46:00,100.02,100.067,99.845,99.97,53708.0
2024-12-11 15:48:00,100.0,100.0,99.83,99.83,29047.0
2024-12-11 15:50:00,99.84,99.96,99.83,99.8601,47969.0
2024-12-11 15:52:00,99.85,99.8619,99.67,99.775,48956.0
2024-12-11 15:54:00,99.77,99.931,99.71,99.81,54080.0
2024-12-11 15:56:00,99.81,99.84,99.72,99.785,39129.0
2024-12-11 15:58:00,99.7666,99.96,99.68,99.96,63074.0
2024-12-11 16:00:00,99.97,100.085,99.9401,100.0709,56935.0
2024-12-11 16:02:00,100.06,100.38,100.06,100.36,80693.0
2024-12-11 16:04:00,100.37,100.45,100.28,100.38,76905.0
2024-12-11 16:06:00,100.39,100.4599,100.28,100.31,42360.0
2024-12-11 16:08:00,100.2801,100.3699,100.22,100.29,35870.0
2024-12-11 16:10:00,100.28,100.385,100.265,100.34,50127.0
2024-12-11 16:12:00,100.38,100.53,100.295,100.5101,72660.0
2024-12-11 16:14:00,100.515,100.715,100.4701,100.7,60276.0
2024-12-11 16:16:00,100.7,100.86,100.64,100.84,117259.0
2024-12-11 16:18:00,100.85,100.88,100.76,100.84,38969.0
2024-12-11 16:20:00,100.85,100.87,100.76,100.78,42309.0
2024-12-11 16:22:00,100.8,100.82,100.61,100.75,53580.0
2024-12-11 16:24:00,100.74,100.9071,100.73,100.8369,63092.0
2024-12-11 16:26:00,100.8381,101.02,100.765,100.91,83653.0
2024-12-11 16:28:00,100.92,100.94,100.81,100.89,107829.0
2024-12-11 16:30:00,100.875,101.12,100.69,101.0901,91349.0
2024-12-11 16:32:00,101.075,101.075,100.755,100.755,44265.0
2024-12-11 16:34:00,100.755,101.07,100.755,101.0601,59019.0
2024-12-11 16:36:00,101.09,101.19,100.88,100.91,98443.0
2024-12-11 16:38:00,100.8939,100.97,100.81,100.94,27922.0
2024-12-11 16:40:00,100.945,101.1399,100.88,101.08,35882.0
2024-12-11 16:42:00,101.08,101.08,100.93,100.945,28507.0
2024-12-11 16:44:00,100.945,101.015,100.92,100.97,27013.0
2024-12-11 16:46:00,101.0,101.08,101.0,101.06,29169.0
2024-12-11 16:48:00,101.0662,101.16,101.04,101.1047,21873.0
2024-12-11 16:50:00,101.15,101.23,101.1114,101.14,38495.0
2024-12-11 16:52:00,101.16,101.195,101.1191,101.1499,26673.0
2024-12-11 16:54:00,101.115,101.19,101.11,101.16,39982.0
2024-12-11 16:56:00,101.14,101.3,101.115,101.29,52847.0
2024-12-11 16:58:00,101.2999,101.35,101.2787,101.3357,33292.0
2024-12-11 17:00:00,101.34,101.39,101.295,101.39,32835.0
2024-12-11 17:02:00,101.38,101.39,101.2001,101.36,48710.0
2024-12-11 17:04:00,101.37,101.48,101.37,101.39,43578.0
2024-12-11 17:06:00,101.41,101.45,101.3705,101.39,41720.0
2024-12-11 17:08:00,101.3855,101.43,101.33,101.39,24165.0
2024-12-11 17:10:00,101.39,101.39,101.22,101.32,36009.0
2024-12-11 17:12:00,101.34,101.3663,101.05,101.054965,62987.0
2024-12-11 17:14:00,101.055,101.13,100.95,101.0,52661.0
2024-12-11 17:16:00,101.01,101.1295,100.97,101.08,29640.0
2024-12-11 17:18:00,101.09,101.1095,101.02,101.08,20731.0
2024-12-11 17:20:00,101.08,101.16,101.01,101.025,45009.0
2024-12-11 17:22:00,101.06,101.1105,101.0,101.09,20373.0
2024-12-11 17:24:00,101.1,101.19,101.06,101.09,21708.0
2024-12-11 17:26:00,101.0677,101.13,101.05,101.06,22608.0
2024-12-11 17:28:00,101.05,101.07,100.96,101.0136,47395.0
2024-12-11 17:30:00,101.0013,101.07,100.82,100.8631,32848.0
2024-12-11 17:32:00,100.885,100.91,100.78,100.835,27497.0
2024-12-11 17:34:00,100.82,100.98,100.79,100.9,24061.0
2024-12-11 17:36:00,100.9,100.98,100.88,100.93,15286.0
2024-12-11 17:38:00,100.95,100.97,100.88,100.93,13596.0
2024-12-11 17:40:00,100.94,100.94,100.88,100.9,22049.0
2024-12-11 17:42:00,100.9,100.92,100.84,100.89,24242.0
2024-12-11 17:44:00,100.91,101.0,100.89,100.93,31194.0
2024-12-11 17:46:00,100.9495,101.0,100.83,100.8557,27374.0
2024-12-11 17:48:00,100.8499,100.9,100.83,100.85,20571.0
2024-12-11 17:50:00,100.84,100.87,100.7001,100.76,25064.0
2024-12-11 17:52:00,100.74,100.79,100.7,100.7,16738.0
2024-12-11 17:54:00,100.7,100.75,100.6,100.61,19227.0
2024-12-11 17:56:00,100.61,100.76,100.6,100.75,43358.0
2024-12-11 17:58:00,100.75,100.8,100.71,100.798,21441.0
2024-12-11 18:00:00,100.8,100.92,100.78,100.84,21146.0
2024-12-11 18:02:00,100.83,101.0,100.83,100.99,24895.0
2024-12-11 18:04:00,100.99,101.1,100.99,101.08,28640.0
2024-12-11 18:06:00,101.0819,101.1,100.9806,101.0586,20559.0
2024-12-11 18:08:00,101.05,101.25,101.05,101.2301,26551.0
2024-12-11 18:10:00,101.25,101.255,101.16,101.16,18761.0
2024-12-11 18:12:00,101.175,101.2,101.0301,101.04,19489.0
2024-12-11 18:14:00,101.03,101.1,101.0124,101.065,29651.0
2024-12-11 18:16:00,101.09,101.25,101.09,101.1898,35976.0
2024-12-11 18:18:00,101.2,101.24,101.11,101.16,20173.0
2024-12-11 18:20:00,101.2,101.245,101.18,101.23,17000.0
2024-12-11 18:22:00,101.23,101.2493,101.16,101.1889,18269.0
2024-12-11 18:24:00,101.1957,101.3,101.1203,101.3,34097.0
2024-12-11 18:26:00,101.31,101.32,101.16,101.258,29475.0
2024-12-11 18:28:00,101.2483,101.32,101.24,101.32,14237.0
2024-12-11 18:30:00,101.3169,101.35,101.24,101.3,26534.0
2024-12-11 18:32:00,101.305,101.38,101.3,101.329,26327.0
2024-12-11 18:34:00,101.32,101.41,101.3003,101.38,34258.0
2024-12-11 18:36:00,101.4,101.4,101.33,101.33,17078.0
2024-12-11 18:38:00,101.34,101.35,101.2104,101.26,24945.0
2024-12-11 18:40:00,101.25,101.31,101.19,101.21,23463.0
2024-12-11 18:42:00,101.21,101.2597,101.06,101.08,31942.0
2024-12-11 18:44:00,101.0901,101.2,101.0901,101.2,44601.0
2024-12-11 18:46:00,101.2,101.2498,101.13,101.2,52138.0
2024-12-11 18:48:00,101.1883,101.3,101.18,101.3,16135.0
2024-12-11 18:50:00,101.2999,101.3,101.23,101.295,17689.0
2024-12-11 18:52:00,101.286,101.37,101.286,101.3263,19722.0
2024-12-11 18:54:00,101.3252,101.35,101.25,101.26,21437.0
2024-12-11 18:56:00,101.26,101.32,101.2475,101.32,21301.0
2024-12-11 18:58:00,101.33,101.37,101.282,101.36,36525.0
2024-12-11 19:00:00,101.35,101.43,101.3301,101.41,29511.0
2024-12-11 19:02:00,101.41,101.43,101.31,101.39,65741.0
2024-12-11 19:04:00,101.39,101.4,101.31,101.3468,22573.0
2024-12-11 19:06:00,101.36,101.39,101.34,101.3817,18611.0
2024-12-11 19:08:00,101.39,101.46,101.3854,101.4491,20045.0
2024-12-11 19:10:00,101.443,101.62,101.4422,101.525,65174.0
2024-12-11 19:12:00,101.5201,101.59,101.48,101.49,23370.0
2024-12-11 19:14:00,101.4857,101.6039,101.4769,101.595,26760.0
2024-12-11 19:16:00,101.595,101.71,101.58,101.7,39682.0
2024-12-11 19:18:00,101.6995,101.715,101.655,101.68,17695.0
2024-12-11 19:20:00,101.67,101.74,101.66,101.703,35364.0
2024-12-11 19:22:00,101.71,101.85,101.7,101.85,63483.0
2024-12-11 19:24:00,101.83,101.84,101.7201,101.8296,31713.0
2024-12-11 19:26:00,101.84,101.86,101.78,101.81,31087.0
2024-12-11 19:28:00,101.81,101.85,101.76,101.8,21757.0
2024-12-11 19:30:00,101.78,101.78,101.68,101.715,24475.0
2024-12-11 19:32:00,101.72,101.7899,101.67,101.775,28022.0
2024-12-11 19:34:00,101.775,102.03,101.75,102.02,87449.0
2024-12-11 19:36:00,102.04,102.06,101.9277,102.05,58863.0
2024-12-11 19:38:00,102.07,102.0853,101.9451,102.0,41345.0
2024-12-11 19:40:00,101.995,102.01,101.8472,101.93,54456.0
2024-12-11 19:42:00,101.91,101.97,101.87,101.89,26744.0
2024-12-11 19:44:00,101.895,101.9099,101.8278,101.89,31869.0
2024-12-11 19:46:00,101.9,101.965,101.865,101.9599,63209.0
2024-12-11 19:48:00,101.9599,102.03,101.89,101.935,31050.0
2024-12-11 19:50:00,101.94,101.99,101.91,101.925,21069.0
2024-12-11 19:52:00,101.93,101.9399,101.8,101.8862,40380.0
2024-12-11 19:54:00,101.895,101.94,101.88,101.895,16352.0
2024-12-11 19:56:00,101.91,101.96,101.85,101.9478,27189.0
2024-12-11 19:58:00,101.9401,101.97,101.83,101.87,23083.0
2024-12-11 20:00:00,101.875,101.9446,101.7659,101.93,32034.0
2024-12-11 20:02:00,101.95,101.9699,101.9,101.925,23130.0
2024-12-11 20:04:00,101.93,102.0195,101.91,102.01,48226.0
2024-12-11 20:06:00,102.02,102.1099,102.0002,102.1,50874.0
2024-12-11 20:08:00,102.0907,102.1,102.0,102.04,43795.0
2024-12-11 20:10:00,102.035,102.11,101.98,102.07,43007.0
2024-12-11 20:12:00,102.06,102.15,102.0,102.13,60156.0
2024-12-11 20:14:00,102.14,102.275,102.14,102.275,72456.0
2024-12-11 20:16:00,102.2601,102.34,102.24,102.28,71345.0
2024-12-11 20:18:00,102.2738,102.28,102.15,102.22,61803.0
2024-12-11 20:20:00,102.22,102.31,102.2,102.2999,74040.0
2024-12-11 20:22:00,102.28,102.35,102.245,102.31,44361.0
2024-12-11 20:24:00,102.31,102.3997,102.28,102.325,55841.0
2024-12-11 20:26:00,102.325,102.39,102.3,102.36,39130.0
2024-12-11 20:28:00,102.37,102.46,102.37,102.41,75973.0
2024-12-11 20:30:00,102.4,102.59,102.312,102.58,114239.0
2024-12-11 20:32:00,102.5703,102.635,102.55,102.61,61838.0
2024-12-11 20:34:00,102.62,102.66,102.485,102.495,78657.0
2024-12-11 20:36:00,102.495,102.53,102.36,102.36,63479.0
2024-12-11 20:38:00,102.3536,102.3799,102.23,102.2851,67811.0
2024-12-11 20:40:00,102.3,102.3765,102.27,102.37,52900.0
2024-12-11 20:42:00,102.36,102.36,102.275,102.275,71476.0
2024-12-11 20:44:00,102.28,102.46,102.25,102.43,101601.0
2024-12-11 20:46:00,102.445,102.45,102.2422,102.28,71979.0
2024-12-11 20:48:00,102.28,102.42,102.241,102.3675,87806.0
2024-12-11 20:50:00,102.35,102.35,102.26,102.3,114715.0
2024-12-11 20:52:00,102.29,102.3103,102.11,102.19,133397.0
2024-12-11 20:54:00,102.19,102.2,101.99,102.0643,208459.0
2024-12-11 20:56:00,102.07,102.1799,102.0322,102.08,152535.0
2024-12-11 20:58:00,102.07,102.1,102.0,102.04,285110.0
2024-12-11 21:00:00,102.055,102.0599,102.0,102.02,56226.0
2024-12-11 21:02:00,102.0012,102.05,102.0,102.0011,2128.0
2024-12-11 21:04:00,102.0,102.0,101.86,101.8614,14000.0
2024-12-11 21:06:00,101.91,101.91,101.86,101.9,2907.0
2024-12-11 21:08:00,101.8668,102.055,101.82,101.82,7462.0
2024-12-11 21:10:00,101.9,102.055,101.9,102.055,5197.0
2024-12-11 21:12:00,101.94,101.94,101.94,101.94,297.0
2024-12-11 21:14:00,101.99,102.055,101.9899,101.9899,13588.0
2024-12-11 21:16:00,101.99,102.02,101.99,102.02,1032.0
2024-12-11 21:18:00,102.07,102.07,101.9913,101.9913,464.0
2024-12-11 21:24:00,102.0207,102.03,102.0207,102.03,1142.0
2024-12-11 21:26:00,102.05,102.05,102.04,102.0498,43826.0
2024-12-11 21:28:00,102.0301,102.0301,101.97,101.97,2153.0
2024-12-11 21:30:00,101.91,101.91,101.91,101.91,471.0
2024-12-11 21:32:00,101.9,102.055,101.9,102.055,783.0
2024-12-11 21:34:00,101.9798,101.9798,101.9499,101.9499,9157.0
2024-12-11 21:36:00,101.9003,101.95,101.89,101.89,5765.0
2024-12-11 21:38:00,101.9,101.97,101.9,101.921,1725.0
2024-12-11 21:40:00,101.95,101.9789,101.95,101.9789,657.0
2024-12-11 21:42:00,101.92,101.98,101.92,101.98,3367.0
2024-12-11 21:44:00,101.97,102.0,101.97,102.0,799.0
2024-12-11 21:46:00,102.0,102.01,102.0,102.01,1762.0
2024-12-11 21:48:00,102.03,102.05,102.0024,102.0024,3960.0
2024-12-11 21:52:00,101.951,101.951,101.951,101.951,353.0
2024-12-11 21:54:00,101.9503,101.99,101.93,101.93,1539.0
2024-12-11 21:56:00,101.9404,101.9404,101.9404,101.9404,361.0
2024-12-11 21:58:00,101.94,101.94,101.94,101.94,473.0
2024-12-11 22:00:00,101.9899,101.9899,101.9899,101.9899,117.0
2024-12-11 22:04:00,101.97,102.0,101.95,102.0,2088.0
2024-12-11 22:06:00,101.99,101.99,101.99,101.99,202.0
2024-12-11 22:08:00,102.0,102.0,102.0,102.0,519.0
2024-12-11 22:12:00,102.06,102.06,102.06,102.06,179.0
2024-12-11 22:16:00,102.0,102.0,102.0,102.0,206.0
2024-12-11 22:18:00,102.01,102.01,102.01,102.01,306.0
2024-12-11 22:20:00,102.01,102.02,102.01,102.02,1715.0
2024-12-11 22:22:00,101.9501,102.0,101.9501,102.0,2100.0
2024-12-11 22:28:00,102.0,102.0,102.0,102.0,118.0
2024-12-11 22:30:00,102.0,102.01,101.95,102.01,1040.0
2024-12-11 22:32:00,102.01,102.01,101.98,101.98,316.0
2024-12-11 22:36:00,101.9501,102.0099,101.9501,102.0099,5175.0
2024-12-11 22:38:00,102.0,102.01,102.0,102.01,1019.0
2024-12-11 22:40:00,102.0001,102.04,102.0001,102.04,897.0
2024-12-11 22:42:00,102.04,102.04,102.04,102.04,405.0
2024-12-11 22:44:00,102.0396,102.04,102.0396,102.04,268.0
2024-12-11 22:48:00,102.0899,102.0899,102.0899,102.0899,523.0
2024-12-11 22:50:00,102.0899,102.0899,102.0899,102.0899,197.0
2024-12-11 22:52:00,102.07,102.09,102.07,102.09,522.0
2024-12-11 22:54:00,102.09,102.09,102.09,102.09,130.0
2024-12-11 23:12:00,102.01,102.01,102.01,102.01,113.0
2024-12-11 23:18:00,102.05,102.0501,102.05,102.0501,1510.0
2024-12-11 23:20:00,102.06,102.06,102.06,102.06,120.0
2024-12-11 23:22:00,102.066,102.066,102.066,102.066,154.0
2024-12-11 23:24:00,102.08,102.08,102.08,102.08,369.0
2024-12-11 23:26:00,102.0881,102.0889,101.9514,102.0889,3316.0
2024-12-11 23:28:00,102.0899,102.0899,101.98,102.0,807.0
2024-12-11 23:30:00,102.0,102.0,102.0,102.0,385.0
2024-12-11 23:32:00,102.0,102.0,102.0,102.0,194.0
2024-12-11 23:34:00,101.951,101.951,101.95,101.95,1873.0
2024-12-11 23:38:00,101.92,101.92,101.92,101.92,584.0
2024-12-11 23:40:00,101.92,101.92,101.92,101.92,237.0
2024-12-11 23:42:00,101.9999,102.0,101.87,101.87,1320.0
2024-12-11 23:44:00,101.8809,101.8809,101.8809,101.8809,150.0
2024-12-11 23:50:00,102.0,102.0,102.0,102.0,102.0
2024-12-11 23:52:00,101.99,102.0,101.99,102.0,496.0
2024-12-11 23:54:00,101.99,101.99,101.99,101.99,400.0
2024-12-11 23:56:00,101.91,101.91,101.91,101.91,308.0
2024-12-11 23:58:00,101.9491,101.9491,101.8755,101.8755,851.0
2024-12-12 00:00:00,101.91,101.95,101.91,101.95,597.0
2024-12-12 00:04:00,101.9983,101.9983,101.9983,101.9983,360.0
2024-12-12 00:12:00,101.8754,101.99,101.87,101.87,934.0
2024-12-12 00:14:00,102.0,102.0,102.0,102.0,108.0
2024-12-12 00:16:00,101.93,101.93,101.93,101.93,502.0
2024-12-12 00:18:00,101.9,101.9,101.9,101.9,410.0
2024-12-12 00:20:00,101.9,101.99,101.89,101.99,2137.0
2024-12-12 00:22:00,101.9,101.9,101.9,101.9,119.0
2024-12-12 00:34:00,102.0,102.0,101.98,101.98,278.0
2024-12-12 00:40:00,102.0,102.0,101.9899,101.9899,513.0
2024-12-12 00:42:00,101.99,101.99,101.99,101.99,168.0
2024-12-12 00:46:00,101.9393,102.0,101.9393,102.0,430.0
2024-12-12 00:48:00,101.9999,101.9999,101.9999,101.9999,109.0
2024-12-12 00:50:00,101.99,102.0,101.99,102.0,1250.0
2024-12-12 00:52:00,101.97,102.0,101.9,101.99,3629.0
2024-12-12 00:56:00,101.9145,101.99,101.9145,101.99,300.0
2024-12-12 00:58:00,102.0,102.0,102.0,102.0,526.0
2024-12-12 09:00:00,102.21,102.21,102.16,102.16,1253.0
2024-12-12 09:02:00,102.13,102.15,102.01,102.08,2852.0
2024-12-12 09:04:00,102.1,102.1,102.1,102.1,259.0
2024-12-12 09:06:00,102.0,102.0,101.95,101.95,2804.0
2024-12-12 09:08:00,101.91,101.91,101.91,101.91,396.0
2024-12-12 09:10:00,101.64,101.64,101.64,101.64,407.0
2024-12-12 09:12:00,101.56,101.56,101.5,101.5,613.0
2024-12-12 09:16:00,101.52,101.69,101.52,101.69,1470.0
2024-12-12 09:20:00,101.56,101.61,101.56,101.61,1382.0
2024-12-12 09:24:00,101.87,101.87,101.87,101.87,174.0
2024-12-12 09:28:00,101.68,101.68,101.68,101.68,198.0
2024-12-12 09:30:00,101.77,101.77,101.62,101.62,672.0
2024-12-12 09:32:00,101.61,101.61,101.5,101.5,1443.0
2024-12-12 09:34:00,101.52,101.67,101.51,101.67,682.0
2024-12-12 09:44:00,101.6,101.84,101.6,101.84,1984.0
2024-12-12 09:48:00,101.83,101.84,101.83,101.84,636.0
2024-12-12 10:02:00,101.76,101.76,101.76,101.76,201.0
2024-12-12 10:16:00,101.73,101.73,101.73,101.73,322.0
2024-12-12 10:24:00,101.7,101.7,101.7,101.7,283.0
2024-12-12 10:54:00,101.75,101.75,101.75,101.75,149.0
2024-12-12 11:04:00,101.81,101.81,101.81,101.81,145.0
2024-12-12 11:06:00,101.89,101.9,101.89,101.9,588.0
2024-12-12 11:16:00,101.75,101.75,101.75,101.75,636.0
2024-12-12 11:26:00,101.65,101.65,101.65,101.65,100.0
2024-12-12 11:32:00,101.84,101.84,101.84,101.84,235.0
2024-12-12 11:50:00,101.78,101.78,101.78,101.78,396.0
2024-12-12 12:02:00,101.76,101.76,101.76,101.76,140.0
2024-12-12 12:04:00,101.72,101.72,101.72,101.72,329.0
2024-12-12 12:12:00,101.84,101.84,101.8,101.8,561.0
2024-12-12 12:24:00,101.73,101.73,101.73,101.73,253.0
2024-12-12 12:26:00,101.77,101.77,101.77,101.77,307.0
2024-12-12 12:32:00,101.76,101.76,101.75,101.75,510.0
2024-12-12 12:34:00,101.71,101.8,101.68,101.68,1937.0
2024-12-12 12:40:00,101.71,101.71,101.71,101.71,100.0
2024-12-12 12:42:00,101.71,101.71,101.71,101.71,318.0
2024-12-12 12:44:00,101.68,101.68,101.61,101.61,1007.0
2024-12-12 12:46:00,101.62,101.62,101.55,101.61,994.0
2024-12-12 12:48:00,101.55,101.61,101.55,101.61,2350.0
2024-12-12 12:54:00,101.55,101.55,101.43,101.43,3217.0
2024-12-12 13:00:00,101.75,102.57,101.43,101.5,25588.0
2024-12-12 13:02:00,101.37,101.37,101.35,101.35,2892.0
2024-12-12 13:04:00,101.35,101.58,101.35,101.58,683.0
2024-12-12 13:06:00,101.58,101.58,101.58,101.58,578.0
2024-12-12 13:10:00,101.59,101.59,101.59,101.59,434.0
2024-12-12 13:12:00,101.46,101.46,101.46,101.46,355.0
2024-12-12 13:14:00,101.54,101.55,101.54,101.55,917.0
2024-12-12 13:16:00,101.5,101.58,101.5,101.58,822.0
2024-12-12 13:18:00,101.6696,101.6696,101.63,101.63,1193.0
2024-12-12 13:20:00,101.59,101.63,101.58,101.63,1116.0
2024-12-12 13:22:00,101.64,101.64,101.63,101.63,229.0
2024-12-12 13:24:00,101.79,101.79,101.65,101.79,1318.0
2024-12-12 13:26:00,101.6001,101.61,101.6,101.6,2329.0
2024-12-12 13:28:00,101.5501,101.5501,101.5501,101.5501,538.0
2024-12-12 13:30:00,101.5,101.54,101.4078,101.5,5240.0
2024-12-12 13:32:00,101.42,101.42,101.25,101.25,4899.0
2024-12-12 13:34:00,101.25,101.5,101.25,101.29,1316.0
2024-12-12 13:36:00,101.25,101.25,101.06,101.2,3890.0
2024-12-12 13:38:00,101.23,101.49,101.23,101.49,2935.0
2024-12-12 13:40:00,101.3985,101.4,101.35,101.4,2532.0
2024-12-12 13:42:00,101.25,101.46,101.2,101.46,2855.0
2024-12-12 13:44:00,101.49,101.57,101.41,101.56,3639.0
2024-12-12 13:46:00,101.57,101.66,101.57,101.66,2680.0
2024-12-12 13:48:00,101.52,101.52,101.52,101.52,598.0
2024-12-12 13:50:00,101.5,101.5,101.38,101.38,2201.0
2024-12-12 13:52:00,101.38,101.38,101.1,101.1,1035.0
2024-12-12 13:54:00,101.15,101.35,101.15,101.35,600.0
2024-12-12 13:56:00,101.281,101.3308,101.281,101.3308,311.0
2024-12-12 13:58:00,101.37,101.45,101.37,101.45,3284.0
2024-12-12 14:00:00,101.55,101.58,101.33,101.33,1118.0
2024-12-12 14:04:00,101.3801,101.55,101.3801,101.55,890.0
2024-12-12 14:06:00,101.4,101.6289,101.4,101.6289,1713.0
2024-12-12 14:08:00,101.59,101.59,101.59,101.59,425.0
2024-12-12 14:10:00,101.53,101.6077,101.5008,101.56,1722.0
2024-12-12 14:12:00,101.51,101.575,101.51,101.53,1360.0
2024-12-12 14:14:00,101.54,101.555,101.5,101.5184,1765.0
2024-12-12 14:16:00,101.5,101.5,101.5,101.5,785.0
2024-12-12 14:18:00,101.46,101.53,101.46,101.5299,2684.0
2024-12-12 14:20:00,101.38,101.536,101.38,101.47,966.0
2024-12-12 14:22:00,101.4,101.55,101.4,101.45,579.0
2024-12-12 14:24:00,101.5,101.5,101.4,101.5,6509.0
2024-12-12 14:26:00,101.5,102.03,101.5,101.65,11962.0
2024-12-12 14:28:00,101.62,101.66,101.3883,101.65,5872.0
2024-12-12 14:30:00,101.4,101.98,100.42,100.46,394722.0
2024-12-12 14:32:00,100.42,100.6,100.27,100.56,131061.0
2024-12-12 14:34:00,100.56,100.8699,100.51,100.5321,123526.0
2024-12-12 14:36:00,100.52,100.62,100.284,100.545,80786.0
2024-12-12 14:38:00,100.57,101.08,100.57,100.97,104682.0
2024-12-12 14:40:00,100.95,101.04,100.708,100.9315,139473.0
2024-12-12 14:42:00,100.89,100.9799,100.7259,100.9,73321.0
2024-12-12 14:44:00,100.88,101.065,100.76,100.96,59505.0
2024-12-12 14:46:00,100.94,101.225,100.875,101.16,99657.0
2024-12-12 14:48:00,101.175,101.3298,101.05,101.1524,68721.0
2024-12-12 14:50:00,101.17,101.37,101.04,101.21,87291.0
2024-12-12 14:52:00,101.16,101.27,100.93,100.97,55522.0
2024-12-12 14:54:00,100.95,100.9581,100.7001,100.84,68190.0
2024-12-12 14:56:00,100.87,100.89,100.52,100.545,74223.0
2024-12-12 14:58:00,100.5377,100.6181,100.45,100.585,66119.0
2024-12-12 15:00:00,100.575,100.66,100.46,100.4999,61764.0
2024-12-12 15:02:00,100.48,100.49,100.26,100.35,117670.0
2024-12-12 15:04:00,100.36,100.44,100.31,100.43,46562.0
2024-12-12 15:06:00,100.43,100.59,100.34,100.3999,87777.0
2024-12-12 15:08:00,100.39,100.455,100.1187,100.16,88519.0
2024-12-12 15:10:00,100.16,100.26,100.11,100.125,73632.0
2024-12-12 15:12:00,100.14,100.18,100.01,100.163,59256.0
2024-12-12 15:14:00,100.14,100.32,100.11,100.17,73813.0
2024-12-12 15:16:00,100.1601,100.403,100.13,100.3699,73941.0
2024-12-12 15:18:00,100.37,100.77,100.35,100.76,111087.0
2024-12-12 15:20:00,100.74,100.86,100.67,100.81,105563.0
2024-12-12 15:22:00,100.8,100.99,100.6901,100.9565,99011.0
2024-12-12 15:24:00,100.96,101.0,100.75,100.825,72762.0
2024-12-12 15:26:00,100.8464,100.88,100.6242,100.69,45735.0
2024-12-12 15:28:00,100.675,100.75,100.54,100.59,41442.0
2024-12-12 15:30:00,100.58,100.59,100.43,100.43,47183.0
2024-12-12 15:32:00,100.425,100.53,100.355,100.36,34961.0
2024-12-12 15:34:00,100.35,100.35,100.1187,100.21,77646.0
2024-12-12 15:36:00,100.22,100.315,100.16,100.315,56261.0
2024-12-12 15:38:00,100.3,100.42,100.25,100.32,51241.0
2024-12-12 15:40:00,100.3338,100.478,100.32,100.4,34920.0
2024-12-12 15:42:00,100.4,100.4,100.19,100.3,49384.0
2024-12-12 15:44:00,100.267,100.2967,100.1,100.12,80351.0
2024-12-12 15:46:00,100.14,100.32,100.1375,100.255,39931.0
2024-12-12 15:48:00,100.2697,100.35,100.25,100.2999,31800.0
2024-12-12 15:50:00,100.27,100.28,100.15,100.19,31889.0
2024-12-12 15:52:00,100.19,100.23,100.12,100.14,32328.0
2024-12-12 15:54:00,100.135,100.17,99.97,100.075,162863.0
2024-12-12 15:56:00,100.0718,100.12,99.9143,99.93,97593.0
2024-12-12 15:58:00,99.9498,100.08,99.9201,100.04,82854.0
2024-12-12 16:00:00,100.024,100.09,99.955,99.96,59075.0
2024-12-12 16:02:00,99.96,100.07,99.9201,100.06,62382.0
2024-12-12 16:04:00,100.05,100.08,100.03,100.06,35166.0
2024-12-12 16:06:00,100.07,100.07,99.81,99.93,140363.0
2024-12-12 16:08:00,99.93,100.01,99.91,99.935,70157.0
2024-12-12 16:10:00,99.925,99.94,99.75,99.75,101007.0
2024-12-12 16:12:00,99.7627,99.7923,99.64,99.7,82638.0
2024-12-12 16:14:00,99.68,99.6899,99.6,99.63,55946.0
2024-12-12 16:16:00,99.63,99.78,99.62,99.71,57522.0
2024-12-12 16:18:00,99.7,99.77,99.64,99.69,88868.0
2024-12-12 16:20:00,99.6948,99.7,99.39,99.41,101618.0
2024-12-12 16:22:00,99.415,99.45,99.33,99.33,90176.0
2024-12-12 16:24:00,99.33,99.36,99.26,99.35,71540.0
2024-12-12 16:26:00,99.36,99.5,99.36,99.47,50783.0
2024-12-12 16:28:00,99.46,99.59,99.45,99.58,45924.0
2024-12-12 16:30:00,99.59,99.6215,99.53,99.5999,40765.0
2024-12-12 16:32:00,99.6,99.63,99.47,99.505,48883.0
2024-12-12 16:34:00,99.52,99.52,99.402,99.43,36256.0
2024-12-12 16:36:00,99.43,99.44,99.32,99.33,45272.0
2024-12-12 16:38:00,99.3493,99.42,99.33,99.345,37434.0
2024-12-12 16:40:00,99.34,99.35,99.1652,99.2,129159.0
2024-12-12 16:42:00,99.21,99.309,99.13,99.175,75242.0
2024-12-12 16:44:00,99.1899,99.29,99.0641,99.0813,62271.0
2024-12-12 16:46:00,99.08,99.13,98.96,99.11,210396.0
2024-12-12 16:48:00,99.12,99.1672,99.01,99.1672,47681.0
2024-12-12 16:50:00,99.17,99.17,99.01,99.01,31386.0
2024-12-12 16:52:00,99.01,99.02,98.9,98.925,80184.0
2024-12-12 16:54:00,98.94,99.065,98.94,98.9895,45098.0
2024-12-12 16:56:00,98.97,99.0499,98.9536,99.03,40259.0
2024-12-12 16:58:00,99.025,99.08,98.97,98.97,51815.0
2024-12-12 17:00:00,98.975,99.06,98.9,99.0,42340.0
2024-12-12 17:02:00,98.9999,99.23,98.9895,99.12,50825.0
2024-12-12 17:04:00,99.11,99.24,99.11,99.1401,55821.0
2024-12-12 17:06:00,99.1599,99.29,99.13,99.27,46514.0
2024-12-12 17:08:00,99.275,99.39,99.26,99.34,44761.0
2024-12-12 17:10:00,99.33,99.34,99.22,99.265,43021.0
2024-12-12 17:12:00,99.2639,99.34,99.24,99.34,19858.0
2024-12-12 17:14:00,99.33,99.35,99.287,99.31,49439.0
2024-12-12 17:16:00,99.32,99.4,99.31,99.38,46297.0
2024-12-12 17:18:00,99.37,99.39,99.27,99.2924,39390.0
2024-12-12 17:20:00,99.29,99.47,99.2736,99.44,49071.0
2024-12-12 17:22:00,99.445,99.52,99.42,99.46,34834.0
2024-12-12 17:24:00,99.46,99.52,99.11,99.33,115561.0
2024-12-12 17:26:00,99.33,99.35,99.15,99.27,113692.0
2024-12-12 17:28:00,99.23,99.23,98.96,99.11,172908.0
2024-12-12 17:30:00,99.11,99.18,98.7211,98.78,202460.0
2024-12-12 17:32:00,98.74,98.7453,97.89,98.1999,503794.0
2024-12-12 17:34:00,98.1991,98.45,97.86,97.88,208507.0
2024-12-12 17:36:00,97.8592,98.08,97.8,97.86,181050.0
2024-12-12 17:38:00,97.8999,97.97,97.76,97.95,128177.0
2024-12-12 17:40:00,97.95,98.13,97.88,98.05,118012.0
2024-12-12 17:42:00,98.06,98.27,98.03,98.255,135760.0
2024-12-12 17:44:00,98.27,98.4166,98.1098,98.13,133593.0
2024-12-12 17:46:00,98.1011,98.29,98.05,98.2,71606.0
2024-12-12 17:48:00,98.225,98.36,98.21,98.265,69840.0
2024-12-12 17:50:00,98.28,98.39,98.23,98.33,64969.0
2024-12-12 17:52:00,98.33,98.49,98.285,98.285,86380.0
2024-12-12 17:54:00,98.29,98.44,98.2885,98.4,78027.0
2024-12-12 17:56:00,98.41,98.46,98.29,98.325,71936.0
2024-12-12 17:58:00,98.32,98.53,98.32,98.485,82729.0
2024-12-12 18:00:00,98.5,98.72,98.4875,98.6633,96829.0
2024-12-12 18:02:00,98.65,98.66,98.37,98.4,66421.0
2024-12-12 18:04:00,98.41,98.45,98.32,98.45,57095.0
2024-12-12 18:06:00,98.44,98.5729,98.435,98.53,48409.0
2024-12-12 18:08:00,98.54,98.54,98.32,98.48,41176.0
2024-12-12 18:10:00,98.49,98.52,98.3095,98.31,51535.0
2024-12-12 18:12:00,98.3051,98.5,98.29,98.49,41527.0
2024-12-12 18:14:00,98.485,98.485,98.37,98.41,35531.0
2024-12-12 18:16:00,98.42,98.48,98.4,98.4,42375.0
2024-12-12 18:18:00,98.43,98.6,98.35,98.505,61493.0
2024-12-12 18:20:00,98.48,98.57,98.35,98.385,61880.0
2024-12-12 18:22:00,98.41,98.42,98.35,98.4,92896.0
2024-12-12 18:24:00,98.4012,98.43,98.3241,98.33,49647.0
2024-12-12 18:26:00,98.34,98.455,98.32,98.455,46398.0
2024-12-12 18:28:00,98.455,98.4651,98.36,98.42,32749.0
2024-12-12 18:30:00,98.41,98.51,98.39,98.5,61402.0
2024-12-12 18:32:00,98.5,98.5,98.33,98.405,84347.0
2024-12-12 18:34:00,98.39,98.39,98.1702,98.23,90482.0
2024-12-12 18:36:00,98.24,98.325,98.2,98.25,78536.0
2024-12-12 18:38:00,98.25,98.25,98.08,98.1,107125.0
2024-12-12 18:40:00,98.1,98.18,97.98,98.0101,216472.0
2024-12-12 18:42:00,98.02,98.1,97.99,98.085,52014.0
2024-12-12 18:44:00,98.0999,98.2545,98.06,98.075,73977.0
2024-12-12 18:46:00,98.09,98.17,97.9901,98.08,157212.0
2024-12-12 18:48:00,98.105,98.105,98.01,98.045,80045.0
2024-12-12 18:50:00,98.0489,98.06,97.95,98.05,149535.0
2024-12-12 18:52:00,98.0476,98.06,97.9,97.91,78364.0
2024-12-12 18:54:00,97.927,98.015,97.87,98.015,51478.0
2024-12-12 18:56:00,98.0289,98.03,97.91,97.96,74854.0
2024-12-12 18:58:00,97.96,97.96,97.81,97.84,82009.0
2024-12-12 19:00:00,97.84,97.8875,97.77,97.82,89721.0
2024-12-12 19:02:00,97.8252,98.06,97.82,97.92,113506.0
2024-12-12 19:04:00,97.9103,97.9281,97.785,97.845,76773.0
2024-12-12 19:06:00,97.85,97.9899,97.84,97.91,80643.0
2024-12-12 19:08:00,97.93,98.05,97.925,98.005,76181.0
2024-12-12 19:10:00,98.02,98.1,98.0,98.035,122490.0
2024-12-12 19:12:00,98.05,98.14,97.88,97.919,133940.0
2024-12-12 19:14:00,97.9162,98.03,97.89,98.0,86294.0
2024-12-12 19:16:00,98.0,98.22,97.99,98.17,103971.0
2024-12-12 19:18:00,98.17,98.29,98.06,98.1,132952.0
2024-12-12 19:20:00,98.1,98.11,97.98,98.03,68526.0
2024-12-12 19:22:00,98.04,98.04,97.95,98.0363,134032.0
2024-12-12 19:24:00,98.02,98.11,98.02,98.095,35517.0
2024-12-12 19:26:00,98.09,98.141,98.0401,98.125,41475.0
2024-12-12 19:28:00,98.11,98.11,97.98,98.045,52244.0
2024-12-12 19:30:00,98.04,98.19,98.03,98.0811,55993.0
2024-12-12 19:32:00,98.09,98.17,97.99,98.17,61287.0
2024-12-12 19:34:00,98.17,98.29,98.09,98.0905,48368.0
2024-12-12 19:36:00,98.07,98.13,98.02,98.07,29823.0
2024-12-12 19:38:00,98.04,98.0734,98.02,98.04,20934.0
2024-12-12 19:40:00,98.06,98.08,98.01,98.03,41971.0
2024-12-12 19:42:00,98.0146,98.07,98.0,98.03,84291.0
2024-12-12 19:44:00,98.03,98.17,98.03,98.13,45628.0
2024-12-12 19:46:00,98.11,98.3,98.104,98.23,68821.0
2024-12-12 19:48:00,98.23,98.2601,98.12,98.135,34638.0
2024-12-12 19:50:00,98.15,98.34,98.15,98.31,70245.0
2024-12-12 19:52:00,98.31,98.31,98.25,98.26,39798.0
2024-12-12 19:54:00,98.26,98.31,98.215,98.29,41413.0
2024-12-12 19:56:00,98.305,98.305,98.21,98.23,23912.0
2024-12-12 19:58:00,98.225,98.3,98.19,98.3,43689.0
2024-12-12 20:00:00,98.31,98.36,98.18,98.265,62138.0
2024-12-12 20:02:00,98.265,98.385,98.2625,98.35,98626.0
2024-12-12 20:04:00,98.35,98.425,98.3318,98.39,71028.0
2024-12-12 20:06:00,98.39,98.5399,98.38,98.52,76776.0
2024-12-12 20:08:00,98.52,98.57,98.4476,98.49,83312.0
2024-12-12 20:10:00,98.4875,98.4875,98.3476,98.35,74102.0
2024-12-12 20:12:00,98.35,98.395,98.34,98.39,62420.0
2024-12-12 20:14:00,98.395,98.46,98.35,98.46,50046.0
2024-12-12 20:16:00,98.465,98.53,98.429565,98.485,55290.0
2024-12-12 20:18:00,98.48,98.48,98.3388,98.375,56295.0
2024-12-12 20:20:00,98.37,98.44,98.37,98.4,51661.0
2024-12-12 20:22:00,98.4,98.53,98.3901,98.5222,52487.0
2024-12-12 20:24:00,98.525,98.62,98.525,98.595,52653.0
2024-12-12 20:26:00,98.595,98.595,98.48,98.52,76578.0
2024-12-12 20:28:00,98.53,98.56,98.47,98.495,88456.0
2024-12-12 20:30:00,98.49,98.61,98.47,98.575,69956.0
2024-12-12 20:32:00,98.57,98.595,98.51,98.58,53130.0
2024-12-12 20:34:00,98.575,98.61,98.5301,98.5635,52383.0
2024-12-12 20:36:00,98.55,98.625,98.4757,98.485,83018.0
2024-12-12 20:38:00,98.4811,98.4811,98.37,98.4125,83455.0
2024-12-12 20:40:00,98.41,98.485,98.4,98.465,80474.0
2024-12-12 20:42:00,98.465,98.49,98.38,98.388,66997.0
2024-12-12 20:44:00,98.37,98.39,98.33,98.37,68100.0
2024-12-12 20:46:00,98.36,98.5,98.35,98.41,102429.0
2024-12-12 20:48:00,98.4009,98.435,98.34,98.38,96983.0
2024-12-12 20:50:00,98.38,98.485,98.33,98.405,134996.0
2024-12-12 20:52:00,98.405,98.445,98.34,98.365,165434.0
2024-12-12 20:54:00,98.365,98.45,98.29,98.29,387649.0
2024-12-12 20:56:00,98.28,98.33,98.22,98.315,283687.0
2024-12-12 20:58:00,98.32,98.39,98.24,98.24,495289.0
2024-12-12 21:00:00,98.24,98.36,98.17,98.24,56882.0
2024-12-12 21:02:00,98.17,98.24,98.17,98.24,4822.0
2024-12-12 21:04:00,98.2,98.24,98.17,98.2,22228.0
2024-12-12 21:06:00,98.2399,98.24,98.2,98.2391,10515.0
2024-12-12 21:08:00,98.24,98.24,98.2101,98.2392,2484.0
2024-12-12 21:10:00,98.24,98.24,98.2108,98.24,4262.0
2024-12-12 21:12:00,98.24,98.24,98.24,98.24,2364.0
2024-12-12 21:14:00,98.24,98.5,98.21,98.24,11325.0
2024-12-12 21:16:00,98.24,98.48,98.24,98.48,2058.0
2024-12-12 21:18:00,98.5,98.65,98.45,98.64,12204.0
2024-12-12 21:20:00,98.63,98.72,98.6,98.6,11305.0
2024-12-12 21:22:00,98.6,98.72,98.6,98.72,8533.0
2024-12-12 21:24:00,98.7,98.75,98.64,98.75,38135.0
2024-12-12 21:26:00,98.75,98.77,98.7,98.73,16531.0
2024-12-12 21:28:00,98.77,98.8199,98.71,98.81,8171.0
2024-12-12 21:30:00,98.8,98.8099,98.73,98.77,5122.0
2024-12-12 21:32:00,98.7699,98.77,98.75,98.75,5259.0
2024-12-12 21:34:00,98.76,98.7688,98.51,98.54,9508.0
2024-12-12 21:36:00,98.5101,98.6,98.51,98.58,6172.0
2024-12-12 21:38:00,98.61,98.68,98.58,98.58,11405.0
2024-12-12 21:40:00,98.68,98.68,98.56,98.56,136654.0
2024-12-12 21:42:00,98.5601,98.63,98.5601,98.6299,1956.0
2024-12-12 21:44:00,98.63,98.63,98.55,98.55,1417.0
2024-12-12 21:46:00,98.53,98.6,98.5,98.6,8146.0
2024-12-12 21:48:00,98.57,98.57,98.45,98.45,4526.0
2024-12-12 21:50:00,98.24,98.51,98.24,98.51,1856.0
2024-12-12 21:52:00,98.44,98.5,98.43,98.5,1043.0
2024-12-12 21:54:00,98.5,98.55,98.5,98.5,1510.0
2024-12-12 21:56:00,98.5,98.56,98.5,98.56,625.0
2024-12-12 21:58:00,98.56,98.56,98.5,98.55,2734.0
2024-12-12 22:00:00,98.5,98.5,98.5,98.5,603.0
2024-12-12 22:02:00,98.4759,98.4759,98.4759,98.4759,134.0
2024-12-12 22:04:00,98.5,98.5,98.24,98.5,709.0
2024-12-12 22:06:00,98.5,98.5001,98.46,98.5,1220.0
2024-12-12 22:08:00,98.5,98.5,98.5,98.5,730.0
2024-12-12 22:10:00,98.49,98.55,98.4802,98.4992,2228.0
2024-12-12 22:14:00,98.5,98.56,98.5,98.56,2477.0
2024-12-12 22:16:00,98.4601,98.4601,98.46,98.46,549.0
2024-12-12 22:18:00,98.53,98.53,98.43,98.43,670.0
2024-12-12 22:20:00,98.56,98.7,98.52,98.52,9424.0
2024-12-12 22:22:00,98.6768,98.7254,98.5993,98.6,3430.0
2024-12-12 22:24:00,98.6,98.82,98.6,98.7,8727.0
2024-12-12 22:26:00,98.88,98.9,98.78,98.9,7645.0
2024-12-12 22:28:00,98.78,99.2144,98.71,99.2,12669.0
2024-12-12 22:30:00,99.08,99.35,99.0,99.35,7352.0
2024-12-12 22:32:00,99.251,99.42,99.251,99.35,22803.0
2024-12-12 22:34:00,99.42,99.45,99.35,99.4,4535.0
2024-12-12 22:36:00,99.46,99.53,99.45,99.48,8064.0
2024-12-12 22:38:00,99.42,99.53,99.4,99.4,19464.0
2024-12-12 22:40:00,99.4001,99.6,99.4,99.45,6623.0
2024-12-12 22:42:00,99.66,99.7,99.46,99.59,5067.0
2024-12-12 22:44:00,99.55,99.69,99.46,99.55,3264.0
2024-12-12 22:46:00,99.62,99.81,99.62,99.72,9047.0
2024-12-12 22:48:00,99.8,99.82,99.65,99.82,12045.0
2024-12-12 22:50:00,99.81,99.81,99.68,99.7,5901.0
2024-12-12 22:52:00,99.7,99.7,99.57,99.6399,3983.0
2024-12-12 22:54:00,99.56,99.6385,99.5,99.5052,9249.0
2024-12-12 22:56:00,99.51,99.6399,99.5,99.6399,5070.0
2024-12-12 22:58:00,99.61,99.7,99.54,99.54,4874.0
2024-12-12 23:00:00,99.55,100.1,99.55,100.086,29706.0
2024-12-12 23:02:00,100.08,100.5,100.08,100.4999,19741.0
2024-12-12 23:04:00,100.49,100.5,100.3,100.3,4519.0
2024-12-12 23:06:00,100.17,100.3,100.17,100.25,5604.0
2024-12-12 23:08:00,100.3,100.3,100.0,100.0,3295.0
2024-12-12 23:10:00,100.01,100.14,100.0,100.0,17694.0
2024-12-12 23:12:00,100.0,100.1,100.0,100.1,2652.0
2024-12-12 23:14:00,100.0,100.21,100.0,100.13,2684.0
2024-12-12 23:16:00,100.13,100.2095,100.1,100.15,3335.0
2024-12-12 23:18:00,100.08,100.21,100.0,100.1937,2383.0
2024-12-12 23:20:00,100.15,100.1586,100.0,100.0,2238.0
2024-12-12 23:22:00,100.08,100.08,100.0015,100.0015,788.0
2024-12-12 23:24:00,100.0,100.1,100.0,100.1,6591.0
2024-12-12 23:26:00,100.05,100.1,100.05,100.1,3818.0
2024-12-12 23:28:00,100.1,100.2,100.0501,100.2,4501.0
2024-12-12 23:30:00,100.2,100.2,100.13,100.19,3080.0
2024-12-12 23:32:00,100.13,100.15,100.13,100.145,3791.0
2024-12-12 23:34:00,100.13,100.15,100.12,100.13,1846.0
2024-12-12 23:36:00,100.13,100.14,100.0,100.1285,6848.0
2024-12-12 23:38:00,100.1,100.1,100.1,100.1,401.0
2024-12-12 23:40:00,100.13,100.14,100.13,100.13,3794.0
2024-12-12 23:42:00,100.1499,100.15,100.13,100.1495,1757.0
2024-12-12 23:44:00,100.0,100.15,100.0,100.15,787.0
2024-12-12 23:46:00,100.03,100.1267,100.03,100.1267,1006.0
2024-12-12 23:48:00,100.13,100.14,100.13,100.14,424.0
2024-12-12 23:50:00,100.05,100.1325,100.0108,100.09,3098.0
2024-12-12 23:52:00,100.09,100.0994,100.05,100.05,1389.0
2024-12-12 23:54:00,100.05,100.1,100.05,100.1,1509.0
2024-12-12 23:56:00,100.05,100.1,100.05,100.06,2746.0
2024-12-12 23:58:00,100.06,100.09,100.04,100.0893,3205.0
2024-12-13 00:00:00,100.0957,100.0957,100.05,100.05,1037.0
2024-12-13 00:02:00,100.1,100.1,100.05,100.1,2279.0
2024-12-13 00:04:00,100.08,100.08,99.99,99.99,4524.0
2024-12-13 00:06:00,100.05,100.05,99.95,99.95,3967.0
2024-12-13 00:08:00,99.8829,100.0,99.8829,99.97,1625.0
2024-12-13 00:10:00,100.02,100.0908,100.0,100.03,1854.0
2024-12-13 00:12:00,100.1,100.1,100.0301,100.1,1676.0
2024-12-13 00:14:00,100.13,100.13,100.054,100.054,826.0
2024-12-13 00:16:00,100.1499,100.1499,100.14,100.14,401.0
2024-12-13 00:18:00,100.1499,100.1499,100.1499,100.1499,273.0
2024-12-13 00:20:00,100.15,100.15,100.106,100.1498,1092.0
2024-12-13 00:22:00,100.1,100.1,100.1,100.1,518.0
2024-12-13 00:24:00,100.15,100.15,100.05,100.05,1399.0
2024-12-13 00:26:00,100.0752,100.15,100.0752,100.15,7906.0
2024-12-13 00:28:00,100.1497,100.1497,100.1,100.1,1478.0
2024-12-13 00:30:00,100.15,100.15,100.15,100.15,356.0
2024-12-13 00:32:00,100.12,100.12,100.07,100.07,1204.0
2024-12-13 00:34:00,100.0747,100.0988,100.06,100.06,1881.0
2024-12-13 00:36:00,100.08,100.11,100.07,100.11,2706.0
2024-12-13 00:38:00,100.15,100.15,100.1101,100.15,742.0
2024-12-13 00:40:00,100.146,100.15,100.1299,100.1424,1355.0
2024-12-13 00:42:00,100.12,100.15,100.11,100.15,2295.0
2024-12-13 00:44:00,100.15,100.23,100.15,100.23,7099.0
2024-12-13 00:46:00,100.24,100.25,100.2,100.2484,4561.0
2024-12-13 00:48:00,100.2499,100.25,100.21,100.22,4403.0
2024-12-13 00:50:00,100.25,100.25,100.2201,100.2201,1633.0
2024-12-13 00:52:00,100.23,100.25,100.23,100.25,4926.0
2024-12-13 00:54:00,100.28,100.36,100.26,100.36,3433.0
2024-12-13 00:56:00,100.37,100.49,100.37,100.49,7090.0
2024-12-13 00:58:00,100.48,100.5599,100.48,100.5001,8975.0
2024-12-13 09:00:00,100.25,100.35,100.25,100.35,2869.0
2024-12-13 09:02:00,100.2,100.2,100.2,100.2,735.0
2024-12-13 09:04:00,100.2,100.2,100.2,100.2,927.0
2024-12-13 09:06:00,100.21,100.21,100.2,100.21,830.0
2024-12-13 09:08:00,100.15,100.15,99.96,99.96,2608.0
2024-12-13 09:12:00,99.99,100.0,99.91,99.91,1280.0
2024-12-13 09:14:00,99.92,99.99,99.92,99.92,2701.0
2024-12-13 09:20:00,99.81,99.88,99.78,99.78,2159.0
2024-12-13 09:22:00,99.72,99.72,99.7,99.7,1053.0
2024-12-13 09:24:00,99.77,99.89,99.76,99.89,5954.0
2024-12-13 09:26:00,99.81,99.9,99.81,99.9,2134.0
2024-12-13 09:36:00,99.9,99.9,99.9,99.9,124.0
2024-12-13 09:40:00,99.86,99.86,99.86,99.86,608.0
2024-12-13 09:42:00,99.98,100.05,99.91,100.05,2722.0
2024-12-13 09:44:00,100.05,100.16,100.04,100.1,1182.0
2024-12-13 09:46:00,100.03,100.03,100.0,100.0,791.0
2024-12-13 09:48:00,100.0,100.1,100.0,100.1,4204.0
2024-12-13 09:50:00,100.05,100.05,99.98,99.99,871.0
2024-12-13 09:52:00,99.87,99.91,99.87,99.91,411.0
2024-12-13 09:54:00,99.86,99.94,99.86,99.94,1012.0
2024-12-13 09:56:00,100.08,100.08,100.08,100.08,100.0
2024-12-13 09:58:00,100.08,100.08,100.08,100.08,394.0
2024-12-13 10:02:00,100.09,100.09,100.09,100.09,187.0
2024-12-13 10:04:00,100.08,100.08,100.08,100.08,291.0
2024-12-13 10:12:00,100.18,100.23,100.18,100.23,1518.0
2024-12-13 10:14:00,100.28,100.28,100.2,100.2,695.0
2024-12-13 10:16:00,100.25,100.25,100.25,100.25,217.0
2024-12-13 10:22:00,100.28,100.46,100.28,100.46,6271.0
2024-12-13 10:24:00,100.44,100.48,100.44,100.48,2252.0
2024-12-13 10:26:00,100.48,100.49,100.48,100.49,3592.0
2024-12-13 10:28:00,100.49,100.54,100.49,100.54,1044.0
2024-12-13 10:30:00,100.49,100.49,100.49,100.49,216.0
2024-12-13 10:34:00,100.48,100.48,100.48,100.48,158.0
2024-12-13 10:36:00,100.49,100.55,100.49,100.54,4294.0
2024-12-13 10:38:00,100.56,100.56,100.54,100.54,1637.0
2024-12-13 10:40:00,100.49,100.54,100.49,100.54,318.0
2024-12-13 10:42:00,100.61,100.61,100.5,100.51,1063.0
2024-12-13 10:44:00,100.58,100.58,100.54,100.54,902.0
2024-12-13 10:46:00,100.52,100.52,100.52,100.52,299.0
2024-12-13 10:48:00,100.6,100.6,100.59,100.59,325.0
2024-12-13 10:50:00,100.58,100.62,100.54,100.62,1912.0
2024-12-13 10:52:00,100.64,100.64,100.56,100.56,581.0
2024-12-13 10:54:00,100.5,100.5,100.5,100.5,1112.0
2024-12-13 11:00:00,100.4,100.41,100.4,100.4,1658.0
2024-12-13 11:02:00,100.32,100.32,100.32,100.32,425.0
2024-12-13 11:08:00,100.35,100.35,100.33,100.33,512.0
2024-12-13 11:10:00,100.34,100.34,100.2,100.2,2569.0
2024-12-13 11:14:00,100.27,100.27,100.27,100.27,290.0
2024-12-13 11:16:00,100.28,100.28,100.27,100.27,406.0
2024-12-13 11:20:00,100.23,100.23,100.17,100.17,499.0
2024-12-13 11:24:00,100.19,100.19,100.1,100.1,271.0
2024-12-13 11:26:00,100.19,100.19,99.84,99.84,14150.0
2024-12-13 11:28:00,99.98,100.15,99.98,100.15,1155.0
2024-12-13 11:30:00,100.14,100.14,99.87,99.9,7557.0
2024-12-13 11:32:00,99.9,99.9,99.9,99.9,355.0
2024-12-13 11:34:00,99.85,99.9,99.76,99.76,2006.0
2024-12-13 11:36:00,99.7,99.7,99.7,99.7,1226.0
2024-12-13 11:38:00,99.62,99.68,99.59,99.68,5271.0
2024-12-13 11:40:00,99.59,99.62,99.57,99.62,3080.0
2024-12-13 11:44:00,99.6,99.62,99.29,99.29,9576.0
2024-12-13 11:46:00,99.32,99.45,99.32,99.45,4073.0
2024-12-13 11:48:00,99.41,99.44,99.4,99.44,1598.0
2024-12-13 11:50:00,99.44,99.51,99.41,99.5,6264.0
2024-12-13 11:52:00,99.67,99.75,99.67,99.75,2114.0
2024-12-13 11:54:00,99.7,99.7,99.67,99.69,1623.0
2024-12-13 11:56:00,99.69,99.7,99.69,99.7,392.0
2024-12-13 11:58:00,99.65,99.65,99.49,99.49,3862.0
2024-12-13 12:00:00,99.5,99.69,99.47,99.5,5685.0
2024-12-13 12:02:00,99.61,99.83,99.61,99.82,2725.0
2024-12-13 12:04:00,99.75,99.88,99.75,99.88,1783.0
2024-12-13 12:06:00,99.87,99.88,99.8,99.8,1144.0
2024-12-13 12:08:00,99.88,100.23,99.88,100.11,7204.0
2024-12-13 12:10:00,100.16,100.29,100.08,100.1,2877.0
2024-12-13 12:14:00,100.08,100.1,100.08,100.1,1435.0
2024-12-13 12:16:00,100.11,100.11,100.11,100.11,247.0
2024-12-13 12:18:00,100.05,100.1,100.04,100.1,1217.0
2024-12-13 12:20:00,100.12,100.15,100.12,100.12,1598.0
2024-12-13 12:22:00,100.09,100.17,100.09,100.11,1283.0
2024-12-13 12:24:00,100.13,100.13,100.09,100.09,984.0
2024-12-13 12:26:00,100.09,100.09,100.02,100.02,1653.0
2024-12-13 12:30:00,100.03,100.1,100.0,100.1,13286.0
2024-12-13 12:32:00,100.1,100.16,100.1,100.16,3302.0
2024-12-13 12:34:00,100.15,100.23,100.15,100.17,1847.0
2024-12-13 12:36:00,100.18,100.18,100.01,100.01,2413.0
2024-12-13 12:38:00,100.08,100.08,100.02,100.05,1799.0
2024-12-13 12:40:00,100.08,100.23,100.08,100.2,3837.0
2024-12-13 12:42:00,100.2,100.25,100.2,100.25,2031.0
2024-12-13 12:44:00,100.28,100.34,100.25,100.28,3870.0
2024-12-13 12:46:00,100.24,100.24,100.24,100.24,773.0
2024-12-13 12:48:00,100.25,100.29,100.25,100.25,1871.0
2024-12-13 12:50:00,100.245,100.31,100.21,100.3,5181.0
2024-12-13 12:52:00,100.33,100.34,100.33,100.34,916.0
2024-12-13 12:54:00,100.33,100.41,100.33,100.41,3555.0
2024-12-13 12:56:00,100.42,100.45,100.4,100.45,3305.0
2024-12-13 12:58:00,100.48,100.5,100.44,100.48,8567.0
2024-12-13 13:00:00,99.52,100.4928,99.5,100.4928,78324.0
2024-12-13 13:02:00,100.48,100.49,100.37,100.37,4325.0
2024-12-13 13:04:00,100.29,100.32,100.15,100.32,4739.0
2024-12-13 13:06:00,100.34,100.34,100.1811,100.2201,5214.0
2024-12-13 13:08:00,100.29,100.3499,100.29,100.3,1325.0
2024-12-13 13:10:00,100.3,100.43,100.3,100.43,2956.0
2024-12-13 13:12:00,100.44,100.5,100.4,100.4,9448.0
2024-12-13 13:14:00,100.352,100.5,100.352,100.4601,5708.0
2024-12-13 13:16:00,100.46,100.4999,100.42,100.4999,1565.0
2024-12-13 13:18:00,100.5,100.5,100.3804,100.3804,1585.0
2024-12-13 13:20:00,100.42,100.4799,100.35,100.4799,3567.0
2024-12-13 13:22:00,100.4091,100.44,100.4091,100.43,1411.0
2024-12-13 13:24:00,100.45,100.5,100.45,100.5,1463.0
2024-12-13 13:26:00,100.53,100.58,100.5,100.55,6257.0
2024-12-13 13:28:00,100.59,100.61,100.55,100.55,3547.0
2024-12-13 13:30:00,100.5403,100.58,100.5004,100.58,1984.0
2024-12-13 13:32:00,100.5,100.73,100.45,100.7,13944.0
2024-12-13 13:34:00,100.7,100.85,100.7,100.78,24621.0
2024-12-13 13:36:00,100.8,100.89,100.8,100.84,4008.0
2024-12-13 13:38:00,100.928,100.94,100.79,100.795,5998.0
2024-12-13 13:40:00,100.8,100.8,100.71,100.71,9498.0
2024-12-13 13:42:00,100.71,100.79,100.7,100.75,5432.0
2024-12-13 13:44:00,100.71,100.81,100.71,100.8,5166.0
2024-12-13 13:46:00,100.86,100.86,100.8,100.84,2075.0
2024-12-13 13:48:00,100.83,100.9499,100.827,100.84,7023.0
2024-12-13 13:50:00,100.87,100.95,100.85,100.95,7974.0
2024-12-13 13:52:00,100.97,101.1,100.97,101.09,22043.0
2024-12-13 13:54:00,101.1199,101.24,101.1,101.1,16759.0
2024-12-13 13:56:00,101.02,101.1,100.94,100.94,6361.0
2024-12-13 13:58:00,100.9,101.0,100.83,100.95,4013.0
2024-12-13 14:00:00,100.95,100.95,100.8,100.8,12585.0
2024-12-13 14:02:00,100.81,100.9,100.81,100.89,7090.0
2024-12-13 14:04:00,100.88,100.88,100.8,100.87,16710.0
2024-12-13 14:06:00,100.87,100.9,100.82,100.82,14568.0
2024-12-13 14:08:00,100.809,100.88,100.8,100.84,6752.0
2024-12-13 14:10:00,100.81,100.82,100.8,100.8,8181.0
2024-12-13 14:12:00,100.81,100.88,100.8,100.81,6745.0
2024-12-13 14:14:00,100.8,100.88,100.79,100.88,9505.0
2024-12-13 14:16:00,100.84,100.88,100.8,100.84,11588.0
2024-12-13 14:18:00,100.84,100.85,100.8,100.82,5903.0
2024-12-13 14:20:00,100.85,100.9,100.8,100.9,15930.0
2024-12-13 14:22:00,100.87,100.96,100.81,100.96,8937.0
2024-12-13 14:24:00,100.99,101.24,100.99,101.03,13142.0
2024-12-13 14:26:00,101.08,101.08,100.8,100.8,30615.0
2024-12-13 14:28:00,100.79,100.99,100.69,100.79,22303.0
2024-12-13 14:30:00,100.765,100.95,99.6651,100.78,872981.0
2024-12-13 14:32:00,100.88,101.06,100.25,100.3,397830.0
2024-12-13 14:34:00,100.3,101.0,100.12,100.45,459197.0
2024-12-13 14:36:00,100.48,101.19,100.46,101.14,375455.0
2024-12-13 14:38:00,101.1799,101.1799,100.825,101.05,219821.0
2024-12-13 14:40:00,101.05,101.88,101.03,101.46,472914.0
2024-12-13 14:42:00,101.4507,102.17,101.225,102.035,534591.0
2024-12-13 14:44:00,102.03,102.8,101.99,102.6197,417515.0
2024-12-13 14:46:00,102.65,103.2,102.55,102.905,431833.0
2024-12-13 14:48:00,102.9,103.19,102.57,102.57,360179.0
2024-12-13 14:50:00,102.55,103.0913,102.46,102.9665,404697.0
2024-12-13 14:52:00,102.96,102.98,102.59,102.71,165907.0
2024-12-13 14:54:00,102.71,103.07,102.46,102.5764,279204.0
2024-12-13 14:56:00,102.59,102.71,102.23,102.68,252813.0
2024-12-13 14:58:00,102.68,102.9,102.472,102.51,258503.0
2024-12-13 15:00:00,102.51,102.53,102.2,102.3575,232527.0
2024-12-13 15:02:00,102.3622,102.3622,102.13,102.2833,181740.0
2024-12-13 15:04:00,102.29,102.32,102.07,102.25,135643.0
2024-12-13 15:06:00,102.26,102.26,101.71,101.8077,281757.0
2024-12-13 15:08:00,101.8151,101.98,101.76,101.955,134364.0
2024-12-13 15:10:00,101.935,102.0,101.75,101.85,106504.0
2024-12-13 15:12:00,101.8785,101.95,101.82,101.9095,76692.0
2024-12-13 15:14:00,101.895,101.95,101.75,101.8,91485.0
2024-12-13 15:16:00,101.8,101.9,101.68,101.89,114168.0
2024-12-13 15:18:00,101.885,101.885,101.4101,101.42,142586.0
2024-12-13 15:20:00,101.425,101.56,101.35,101.45,115368.0
2024-12-13 15:22:00,101.44,101.51,101.34,101.39,90092.0
2024-12-13 15:24:00,101.405,101.42,101.0701,101.1,108382.0
2024-12-13 15:26:00,101.1,101.1,100.8075,100.88,668825.0
2024-12-13 15:28:00,100.8814,101.08,100.75,100.94,169083.0
2024-12-13 15:30:00,100.95,101.44,100.91,101.05,137004.0
2024-12-13 15:32:00,101.04,101.0499,100.7501,100.79,78213.0
2024-12-13 15:34:00,100.8,101.275,100.785,101.24,107364.0
2024-12-13 15:36:00,101.235,101.26,101.0401,101.0701,73226.0
2024-12-13 15:38:00,101.06,101.09,100.88,100.91,52753.0
2024-12-13 15:40:00,100.92,101.04,100.67,100.71,126698.0
2024-12-13 15:42:00,100.6999,100.865,100.62,100.855,95716.0
2024-12-13 15:44:00,100.86,100.91,100.7,100.71,110490.0
2024-12-13 15:46:00,100.7001,101.18,100.7001,101.11,121745.0
2024-12-13 15:48:00,101.12,101.48,101.12,101.48,69139.0
2024-12-13 15:50:00,101.49,101.52,101.19,101.21,71744.0
2024-12-13 15:52:00,101.21,101.3366,100.76,101.0,86450.0
2024-12-13 15:54:00,101.0,101.03,100.65,100.69,61501.0
2024-12-13 15:56:00,100.675,100.7,100.54,100.605,66646.0
2024-12-13 15:58:00,100.605,100.785,100.45,100.46,155505.0
2024-12-13 16:00:00,100.47,100.55,100.16,100.2847,89972.0
2024-12-13 16:02:00,100.29,100.435,100.2249,100.39,57814.0
2024-12-13 16:04:00,100.3788,100.4599,100.28,100.39,51700.0
2024-12-13 16:06:00,100.42,100.6,100.22,100.22,77495.0
2024-12-13 16:08:00,100.215,100.355,100.1,100.27,84807.0
2024-12-13 16:10:00,100.27,102.85,100.25,100.57,348479.0
2024-12-13 16:12:00,100.57,100.74,100.4301,100.54,96403.0
2024-12-13 16:14:00,100.55,100.59,100.275,100.55,82130.0
2024-12-13 16:16:00,100.55,100.85,100.5001,100.81,64045.0
2024-12-13 16:18:00,100.8175,100.89,100.68,100.88,60173.0
2024-12-13 16:20:00,100.8745,100.98,100.78,100.86,67355.0
2024-12-13 16:22:00,100.86,100.8954,100.64,100.72,48441.0
2024-12-13 16:24:00,100.71,100.74,100.55,100.59,60150.0
2024-12-13 16:26:00,100.59,100.6,100.3206,100.4,64786.0
2024-12-13 16:28:00,100.39,100.42,100.27,100.27,33927.0
2024-12-13 16:30:00,100.28,100.565,100.275,100.48,73920.0
2024-12-13 16:32:00,100.46,100.74,100.46,100.74,89080.0
2024-12-13 16:34:00,100.705,100.9,100.68,100.88,96480.0
2024-12-13 16:36:00,100.87,100.91,100.74,100.775,56525.0
2024-12-13 16:38:00,100.75,100.84,100.5701,100.6,60911.0
2024-12-13 16:40:00,100.58,100.6,100.2,100.225,62119.0
2024-12-13 16:42:00,100.225,100.475,100.1301,100.44,83274.0
2024-12-13 16:44:00,100.44,100.57,100.23,100.235,66202.0
2024-12-13 16:46:00,100.25,100.56,100.247,100.5502,40395.0
2024-12-13 16:48:00,100.565,100.75,100.5,100.68,32304.0
2024-12-13 16:50:00,100.68,100.76,100.65,100.7336,29309.0
2024-12-13 16:52:00,100.725,100.75,100.58,100.63,30152.0
2024-12-13 16:54:00,100.615,100.66,100.54,100.6,20857.0
2024-12-13 16:56:00,100.62,100.67,100.54,100.59,28333.0
2024-12-13 16:58:00,100.582,100.72,100.51,100.69,35672.0
2024-12-13 17:00:00,100.67,101.12,100.655,101.07,58192.0
2024-12-13 17:02:00,101.0657,101.22,101.05,101.13,62410.0
2024-12-13 17:04:00,101.14,101.22,101.0368,101.1101,55323.0
2024-12-13 17:06:00,101.11,101.28,100.9587,101.27,56865.0
2024-12-13 17:08:00,101.2601,101.33,101.115,101.115,39983.0
2024-12-13 17:10:00,101.11,101.3,101.05,101.0501,53035.0
2024-12-13 17:12:00,101.0665,101.144,101.04,101.11,34783.0
2024-12-13 17:14:00,101.08,101.14,101.03,101.12,56781.0
2024-12-13 17:16:00,101.1024,101.18,101.0101,101.17,49209.0
2024-12-13 17:18:00,101.1623,101.47,101.15,101.38,54590.0
2024-12-13 17:20:00,101.37,101.41,101.216491,101.22,39438.0
2024-12-13 17:22:00,101.23,101.27,101.15,101.16,32588.0
2024-12-13 17:24:00,101.17,101.295,101.13,101.258,42881.0
2024-12-13 17:26:00,101.24,101.24,101.16,101.17,24949.0
2024-12-13 17:28:00,101.1674,101.2587,101.16,101.23,28218.0
2024-12-13 17:30:00,101.22,101.31,101.1,101.16,24701.0
2024-12-13 17:32:00,101.16,101.29,101.1203,101.2699,25778.0
2024-12-13 17:34:00,101.27,101.3,101.24,101.24,23834.0
2024-12-13 17:36:00,101.21,101.21,101.13,101.21,36248.0
2024-12-13 17:38:00,101.21,101.38,101.181,101.36,35255.0
2024-12-13 17:40:00,101.37,101.3944,101.125,101.36,53867.0
2024-12-13 17:42:00,101.36,101.46,101.3,101.41,49583.0
2024-12-13 17:44:00,101.4294,101.43,101.34,101.4,58218.0
2024-12-13 17:46:00,101.35,101.4,101.22,101.22,108400.0
2024-12-13 17:48:00,101.22,101.3165,101.19,101.305,35190.0
2024-12-13 17:50:00,101.32,101.5,101.28,101.485,63503.0
2024-12-13 17:52:00,101.48,101.83,101.465,101.775,89383.0
2024-12-13 17:54:00,101.7799,101.86,101.74,101.77,52361.0
2024-12-13 17:56:00,101.76,101.7737,101.36,101.4634,78795.0
2024-12-13 17:58:00,101.46,101.505,101.385,101.435,43925.0
2024-12-13 18:00:00,101.41,101.5946,101.38,101.5157,44569.0
2024-12-13 18:02:00,101.51,101.52,101.42,101.48,26329.0
2024-12-13 18:04:00,101.47,101.565,101.47,101.51,30200.0
2024-12-13 18:06:00,101.51,101.7499,101.5,101.7499,35481.0
2024-12-13 18:08:00,101.74,101.7899,101.596,101.63,74062.0
2024-12-13 18:10:00,101.638,101.69,101.5275,101.58,85853.0
2024-12-13 18:12:00,101.58,101.72,101.55,101.7049,51953.0
2024-12-13 18:14:00,101.7388,101.77,101.61,101.69,52034.0
2024-12-13 18:16:00,101.69,101.89,101.68,101.8358,79867.0
2024-12-13 18:18:00,101.86,101.86,101.66,101.79,46692.0
2024-12-13 18:20:00,101.8,101.8014,101.6,101.61,42547.0
2024-12-13 18:22:00,101.585,101.62,101.4,101.42,61986.0
2024-12-13 18:24:00,101.42,101.55,101.3553,101.545,73045.0
2024-12-13 18:26:00,101.53,101.68,101.5,101.665,26239.0
2024-12-13 18:28:00,101.66,101.7499,101.631,101.69,51545.0
2024-12-13 18:30:00,101.68,101.72,101.6201,101.68,31343.0
2024-12-13 18:32:00,101.67,101.67,101.55,101.605,35293.0
2024-12-13 18:34:00,101.61,101.61,101.5,101.59,28221.0
2024-12-13 18:36:00,101.58,101.7327,101.57,101.71,25686.0
2024-12-13 18:38:00,101.74,101.77,101.65,101.661,33553.0
2024-12-13 18:40:00,101.655,101.75,101.63,101.74,34382.0
2024-12-13 18:42:00,101.7238,101.725,101.575,101.6,25921.0
2024-12-13 18:44:00,101.6,101.675,101.57,101.64,46359.0
2024-12-13 18:46:00,101.63,101.65,101.5,101.5021,44605.0
2024-12-13 18:48:00,101.51,101.6199,101.51,101.53,32177.0
2024-12-13 18:50:00,101.525,101.63,101.52,101.61,34501.0
2024-12-13 18:52:00,101.62,101.7399,101.59,101.67,38541.0
2024-12-13 18:54:00,101.6401,101.74,101.6401,101.7,28126.0
2024-12-13 18:56:00,101.6825,101.6825,101.42,101.435,55277.0
2024-12-13 18:58:00,101.44,101.59,101.44,101.51,50281.0
2024-12-13 19:00:00,101.52,101.5536,101.43,101.4699,22361.0
2024-12-13 19:02:00,101.45,101.4836,101.395,101.42,44216.0
2024-12-13 19:04:00,101.42,101.46,101.32,101.4012,124073.0
2024-12-13 19:06:00,101.39,101.45,101.23,101.2304,54212.0
2024-12-13 19:08:00,101.2314,101.395,101.225,101.39,45568.0
2024-12-13 19:10:00,101.39,101.3984,101.26,101.33,36630.0
2024-12-13 19:12:00,101.37,101.425,101.265,101.3032,37910.0
2024-12-13 19:14:00,101.3042,101.33,101.2,101.21,35804.0
2024-12-13 19:16:00,101.19,101.39,101.19,101.3763,56607.0
2024-12-13 19:18:00,101.3776,101.42,101.33,101.37,45515.0
2024-12-13 19:20:00,101.36,101.47,101.26,101.42,34390.0
2024-12-13 19:22:00,101.42,101.485,101.38,101.413,34722.0
2024-12-13 19:24:00,101.41,101.47,101.41,101.455,76580.0
2024-12-13 19:26:00,101.455,101.5036,101.36,101.42,50451.0
2024-12-13 19:28:00,101.44,101.5,101.4148,101.46,48524.0
2024-12-13 19:30:00,101.47,101.5197,101.42,101.5,39769.0
2024-12-13 19:32:00,101.505,101.57,101.44,101.46,65664.0
2024-12-13 19:34:00,101.47,101.53,101.42,101.42,38899.0
2024-12-13 19:36:00,101.4395,101.518,101.4,101.51,36707.0
2024-12-13 19:38:00,101.505,101.57,101.5,101.53,34613.0
2024-12-13 19:40:00,101.53,101.65,101.52,101.6,81675.0
2024-12-13 19:42:00,101.61,101.82,101.6,101.8175,80969.0
2024-12-13 19:44:00,101.81,101.865,101.75,101.8395,72130.0
2024-12-13 19:46:00,101.8301,101.85,101.62,101.71,76428.0
2024-12-13 19:48:00,101.71,101.8,101.6901,101.78,41856.0
2024-12-13 19:50:00,101.75,101.755,101.6287,101.6287,38563.0
2024-12-13 19:52:00,101.639,101.7,101.58,101.63,51800.0
2024-12-13 19:54:00,101.62,101.69,101.6,101.62,36585.0
2024-12-13 19:56:00,101.6175,101.71,101.605,101.6775,33935.0
2024-12-13 19:58:00,101.68,101.77,101.63,101.7,41808.0
2024-12-13 20:00:00,101.72,101.74,101.66,101.7022,33653.0
2024-12-13 20:02:00,101.7,101.89,101.6901,101.89,62028.0
2024-12-13 20:04:00,101.89,101.99,101.89,101.97,87930.0
2024-12-13 20:06:00,101.9601,102.07,101.9401,102.065,122992.0
2024-12-13 20:08:00,102.0617,102.09,101.97,102.02,69806.0
2024-12-13 20:10:00,102.02,102.087,101.99,102.065,61554.0
2024-12-13 20:12:00,102.07,102.2,102.06,102.18,104122.0
2024-12-13 20:14:00,102.175,102.21,102.1101,102.115,54539.0
2024-12-13 20:16:00,102.13,102.205,102.025,102.05,67964.0
2024-12-13 20:18:00,102.05,102.11,102.0,102.08,73461.0
2024-12-13 20:20:00,102.09,102.1,101.95,102.095,103874.0
2024-12-13 20:22:00,102.1,102.16,102.07,102.16,49160.0
2024-12-13 20:24:00,102.16,102.179,102.12,102.1498,45322.0
2024-12-13 20:26:00,102.14,102.23,102.13,102.1574,73242.0
2024-12-13 20:28:00,102.15,102.18,102.11,102.1343,42510.0
2024-12-13 20:30:00,102.13,102.16,102.08,102.16,127339.0
2024-12-13 20:32:00,102.16,102.24,102.11,102.24,61768.0
2024-12-13 20:34:00,102.235,102.24,102.17,102.24,63406.0
2024-12-13 20:36:00,102.23,102.3,102.0658,102.1018,91183.0
2024-12-13 20:38:00,102.12,102.125,101.995,102.0195,79126.0
2024-12-13 20:40:00,102.0194,102.05,101.995,102.05,84680.0
2024-12-13 20:42:00,102.05,102.06,102.0,102.02,81730.0
2024-12-13 20:44:00,102.02,102.06,101.93,101.96,116086.0
2024-12-13 20:46:00,101.97,102.03,101.9101,101.985,99037.0
2024-12-13 20:48:00,102.0,102.04,101.9825,102.015,113819.0
2024-12-13 20:50:00,102.02,102.15,102.01,102.07,132120.0
2024-12-13 20:52:00,102.08,102.1,102.0,102.045,191299.0
2024-12-13 20:54:00,102.0487,102.35,102.0487,102.33,576814.0
2024-12-13 20:56:00,102.335,102.41,102.28,102.4004,328366.0
2024-12-13 20:58:00,102.4,102.55,102.29,102.53,906338.0
2024-12-13 21:00:00,102.5,102.5,102.36,102.5,198581.0
2024-12-13 21:02:00,102.26,102.27,102.26,102.27,566.0
2024-12-13 21:04:00,102.3,102.48,102.3,102.48,3573.0
2024-12-13 21:06:00,102.38,102.5,102.38,102.5,7125.0
2024-12-13 21:08:00,102.5,102.6577,102.5,102.58,22422.0
2024-12-13 21:10:00,102.58,102.6577,102.5,102.6,8789.0
2024-12-13 21:12:00,102.61,102.6499,102.57,102.57,4138.0
2024-12-13 21:14:00,102.58,102.58,102.5,102.53,3618.0
2024-12-13 21:16:00,102.58,102.58,102.5,102.5275,1683.0
2024-12-13 21:18:00,102.5277,102.54,102.4,102.4,3591.0
2024-12-13 21:20:00,102.4216,102.49,102.4216,102.49,3838.0
2024-12-13 21:22:00,102.45,102.48,102.45,102.48,795.0
2024-12-13 21:24:00,102.4207,102.43,102.42,102.43,2016.0
2024-12-13 21:26:00,102.4599,102.4599,102.38,102.3801,1296.0
2024-12-13 21:28:00,102.38,102.4,102.38,102.4,1764.0
2024-12-13 21:30:00,102.39,102.4,102.39,102.4,573.0
2024-12-13 21:32:00,102.39,102.71,102.39,102.53,6313.0
2024-12-13 21:34:00,102.46,102.46,102.4119,102.4119,2863.0
2024-12-13 21:36:00,102.4513,102.4513,102.45,102.45,1835.0
2024-12-13 21:38:00,102.4999,102.5,102.46,102.4999,1429.0
2024-12-13 21:40:00,102.5849,102.5849,102.5,102.5,1133.0
2024-12-13 21:42:00,102.5208,102.5208,102.5,102.5,901.0
2024-12-13 21:44:00,102.54,102.54,102.5399,102.5399,455.0
2024-12-13 21:46:00,102.54,102.54,102.54,102.54,22989.0
2024-12-13 21:48:00,102.54,102.62,102.5,102.61,3111.0
2024-12-13 21:54:00,102.5789,102.5789,102.54,102.54,1249.0
2024-12-13 21:56:00,102.5,102.54,102.5,102.52,2919.0
2024-12-13 21:58:00,102.54,102.54,102.52,102.52,2681.0
2024-12-13 22:00:00,102.52,102.52,102.47,102.47,1045.0
2024-12-13 22:02:00,102.58,102.58,102.5,102.5,79418.0
2024-12-13 22:04:00,102.5687,102.5687,102.5687,102.5687,346.0
2024-12-13 22:06:00,102.5672,102.5672,102.53,102.53,614.0
2024-12-13 22:08:00,102.5001,102.54,102.5001,102.54,997.0
2024-12-13 22:10:00,102.5662,102.5662,102.5662,102.5662,178.0
2024-12-13 22:14:00,102.609,102.609,102.609,102.609,294.0
2024-12-13 22:16:00,102.63,102.63,102.63,102.63,593.0
2024-12-13 22:18:00,102.58,102.58,102.5,102.5,41327.0
2024-12-13 22:22:00,102.5802,102.5802,102.55,102.58,1450.0
2024-12-13 22:24:00,102.57,102.57,102.57,102.57,571.0
2024-12-13 22:26:00,102.55,102.55,102.55,102.55,649.0
2024-12-13 22:28:00,102.55,102.55,102.52,102.52,702.0
2024-12-13 22:30:00,102.6493,102.6493,102.6,102.6,288.0
2024-12-13 22:32:00,102.61,102.61,102.6,102.6001,486.0
2024-12-13 22:34:00,102.61,102.6499,102.6,102.6499,403.0
2024-12-13 22:36:00,102.6,102.6,102.6,102.6,314.0
2024-12-13 22:44:00,102.53,102.53,102.53,102.53,290.0
2024-12-13 22:48:00,102.55,102.59,102.55,102.59,476.0
2024-12-13 22:50:00,102.57,102.57,102.57,102.57,179.0
2024-12-13 22:52:00,102.57,102.598,102.5277,102.5277,2871.0
2024-12-13 22:54:00,102.58,102.59,102.58,102.59,413.0
2024-12-13 22:56:00,102.5899,102.5899,102.5899,102.5899,520.0
2024-12-13 22:58:00,102.5451,102.5451,102.5451,102.5451,201.0
2024-12-13 23:00:00,102.5943,102.6,102.5943,102.6,1766.0
2024-12-13 23:02:00,102.59,102.59,102.59,102.59,151.0
2024-12-13 23:04:00,102.6,102.6,102.57,102.57,407.0
2024-12-13 23:06:00,102.56,102.57,102.56,102.57,2593.0
2024-12-13 23:08:00,102.57,102.57,102.56,102.56,511.0
2024-12-13 23:10:00,102.57,102.59,102.57,102.59,1845.0
2024-12-13 23:12:00,102.59,102.59,102.58,102.59,424.0
2024-12-13 23:14:00,102.52,102.56,102.5,102.5,9108.0
2024-12-13 23:16:00,102.41,102.41,102.37,102.37,2324.0
2024-12-13 23:18:00,102.3,102.3,102.3,102.3,422.0
2024-12-13 23:20:00,102.44,102.44,102.44,102.44,515.0
2024-12-13 23:22:00,102.5,102.75,102.5,102.75,4027.0
2024-12-13 23:24:00,102.75,102.77,102.75,102.77,1055.0
2024-12-13 23:26:00,102.76,102.76,102.76,102.76,241.0
2024-12-13 23:28:00,102.7599,102.7599,102.7589,102.7589,386.0
2024-12-13 23:30:00,102.76,102.76,102.7599,102.76,929.0
2024-12-13 23:32:00,102.75,102.76,102.7499,102.76,754.0
2024-12-13 23:34:00,102.72,102.72,102.72,102.72,214.0
2024-12-13 23:36:00,102.6995,102.6995,102.6995,102.6995,109.0
2024-12-13 23:38:00,102.6999,102.7,102.53,102.7,1406.0
2024-12-13 23:40:00,102.7997,102.7997,102.7997,102.7997,2038.0
2024-12-13 23:42:00,102.7988,102.8,102.7988,102.8,781.0
2024-12-13 23:44:00,102.76,102.76,102.76,102.76,200.0
2024-12-13 23:46:00,102.8,102.8,102.8,102.8,563.0
2024-12-13 23:48:00,102.78,102.78,102.78,102.78,246.0
2024-12-13 23:50:00,102.77,102.77,102.7491,102.7491,432.0
2024-12-13 23:52:00,102.78,102.78,102.7101,102.75,1041.0
2024-12-13 23:54:00,102.7101,102.7101,102.71,102.71,256.0
2024-12-13 23:56:00,102.7087,102.7087,102.6,102.6,1875.0
2024-12-13 23:58:00,102.75,102.75,102.75,102.75,349.0
2024-12-14 00:00:00,102.78,102.78,102.78,102.78,215.0
2024-12-14 00:06:00,102.68,102.7,102.68,102.7,726.0
2024-12-14 00:08:00,102.7101,102.75,102.71,102.71,466.0
2024-12-14 00:14:00,102.77,102.77,102.77,102.77,586.0
2024-12-14 00:16:00,102.7567,102.7567,102.7567,102.7567,147.0
2024-12-14 00:18:00,102.7566,102.7566,102.7566,102.7566,154.0
2024-12-14 00:22:00,102.76,102.76,102.65,102.65,1486.0
2024-12-14 00:30:00,102.7,102.7,102.65,102.67,1101.0
2024-12-14 00:32:00,102.65,102.6681,102.65,102.6681,504.0
2024-12-14 00:34:00,102.65,102.67,102.65,102.67,770.0
2024-12-14 00:36:00,102.7,102.7,102.67,102.6805,1584.0
2024-12-14 00:38:00,102.5636,102.5995,102.5636,102.5995,609.0
2024-12-14 00:40:00,102.7,102.7,102.7,102.7,269.0
2024-12-14 00:42:00,102.6534,102.6534,102.6534,102.6534,130.0
2024-12-14 00:44:00,102.6,102.6,102.5551,102.5551,522.0
2024-12-14 00:46:00,102.5899,102.59,102.5899,102.59,1308.0
2024-12-14 00:48:00,102.58,102.58,102.57,102.57,726.0
2024-12-14 00:50:00,102.55,102.55,102.55,102.55,110.0
2024-12-14 00:52:00,102.6,102.68,102.6,102.677,2451.0
2024-12-14 00:54:00,102.68,102.68,102.68,102.68,380.0
2024-12-14 00:56:00,102.6954,102.72,102.6954,102.72,1500.0
2024-12-14 00:58:00,102.72,102.78,102.72,102.75,2571.0
2024-12-16 09:00:00,104.3,105.0,103.16,103.88,35950.0
2024-12-16 09:02:00,104.34,104.44,104.2,104.38,11551.0
2024-12-16 09:04:00,104.26,104.35,104.05,104.12,5638.0
2024-12-16 09:06:00,104.06,104.2,104.0,104.16,6446.0
2024-12-16 09:08:00,104.16,104.34,104.16,104.25,3268.0
2024-12-16 09:10:00,104.34,104.7,104.34,104.7,4024.0
2024-12-16 09:12:00,104.78,104.83,104.55,104.64,7622.0
2024-12-16 09:14:00,104.76,104.79,104.67,104.67,2176.0
2024-12-16 09:16:00,104.69,104.79,104.6,104.6,2633.0
2024-12-16 09:18:00,104.72,105.05,104.65,105.05,6686.0
2024-12-16 09:20:00,104.94,105.18,104.94,105.1,3572.0
2024-12-16 09:22:00,105.21,105.21,104.91,104.94,4642.0
2024-12-16 09:24:00,104.9,104.95,104.84,104.95,3731.0
2024-12-16 09:26:00,104.87,105.0,104.79,104.96,6400.0
2024-12-16 09:28:00,105.0,105.0,104.95,104.95,548.0
2024-12-16 09:30:00,104.99,104.99,104.81,104.81,1369.0
2024-12-16 09:32:00,104.94,105.0,104.94,105.0,5465.0
2024-12-16 09:34:00,104.93,104.93,104.93,104.93,213.0
2024-12-16 09:36:00,104.88,104.88,104.77,104.83,1205.0
2024-12-16 09:38:00,104.88,104.88,104.88,104.88,400.0
2024-12-16 09:40:00,104.88,104.97,104.88,104.97,1673.0
2024-12-16 09:42:00,105.0,105.0,104.92,105.0,3183.0
2024-12-16 09:44:00,105.0,105.0,104.91,104.91,1131.0
2024-12-16 09:46:00,104.92,104.94,104.92,104.94,821.0
2024-12-16 09:48:00,105.0,105.07,104.99,105.06,4098.0
2024-12-16 09:50:00,105.09,105.1,105.06,105.06,1388.0
2024-12-16 09:52:00,105.01,105.02,105.01,105.02,1150.0
2024-12-16 09:54:00,105.06,105.13,105.06,105.13,1650.0
2024-12-16 09:56:00,105.16,105.19,105.16,105.19,2849.0
2024-12-16 09:58:00,105.15,105.2,105.15,105.2,2721.0
2024-12-16 10:00:00,105.25,105.3,105.25,105.3,1296.0
2024-12-16 10:02:00,105.39,105.39,105.39,105.39,702.0
2024-12-16 10:04:00,105.35,105.36,105.29,105.36,6403.0
2024-12-16 10:06:00,105.35,105.4,105.35,105.4,1276.0
2024-12-16 10:08:00,105.44,105.44,105.0,105.16,18957.0
2024-12-16 10:10:00,105.0,105.0,104.75,104.99,17639.0
2024-12-16 10:12:00,104.98,104.98,104.95,104.95,1129.0
2024-12-16 10:14:00,104.9,104.9,104.9,104.9,461.0
2024-12-16 10:16:00,104.97,104.99,104.92,104.92,1888.0
2024-12-16 10:18:00,104.98,104.99,104.98,104.99,1072.0
2024-12-16 10:20:00,104.99,104.99,104.89,104.89,1520.0
2024-12-16 10:22:00,104.88,104.93,104.82,104.93,3078.0
2024-12-16 10:24:00,104.94,104.94,104.89,104.89,657.0
2024-12-16 10:26:00,104.95,104.95,104.88,104.95,935.0
2024-12-16 10:28:00,104.95,104.99,104.95,104.97,7303.0
2024-12-16 10:30:00,104.94,104.98,104.9,104.91,1545.0
2024-12-16 10:32:00,104.98,104.99,104.72,104.72,6288.0
2024-12-16 10:34:00,104.77,104.78,104.77,104.78,798.0
2024-12-16 10:36:00,104.79,104.86,104.79,104.81,17328.0
2024-12-16 10:38:00,104.9,104.9,104.9,104.9,233.0
2024-12-16 10:40:00,104.9,104.9,104.9,104.9,1508.0
2024-12-16 10:42:00,104.94,105.0,104.94,104.99,2504.0
2024-12-16 10:46:00,105.13,105.3,105.13,105.27,2273.0
2024-12-16 10:48:00,105.25,105.3,105.25,105.28,1028.0
2024-12-16 10:50:00,105.24,105.3,105.24,105.29,2173.0
2024-12-16 10:52:00,105.29,105.35,105.29,105.35,2214.0
2024-12-16 10:54:00,105.35,105.38,105.35,105.36,1899.0
2024-12-16 10:56:00,105.38,105.38,105.38,105.38,2543.0
2024-12-16 10:58:00,105.28,105.28,105.18,105.18,2668.0
2024-12-16 11:00:00,105.2,105.23,105.2,105.23,1699.0
2024-12-16 11:02:00,105.25,105.25,105.25,105.25,256.0
2024-12-16 11:06:00,105.35,105.39,105.26,105.38,8181.0
2024-12-16 11:08:00,105.38,105.38,105.31,105.31,960.0
2024-12-16 11:12:00,105.26,105.28,105.18,105.19,1818.0
2024-12-16 11:14:00,105.18,105.18,105.18,105.18,766.0
2024-12-16 11:16:00,105.2,105.2,105.18,105.18,1167.0
2024-12-16 11:18:00,105.29,105.34,105.29,105.34,1777.0
2024-12-16 11:20:00,105.34,105.39,105.34,105.35,1881.0
2024-12-16 11:22:00,105.26,105.26,105.15,105.15,4446.0
2024-12-16 11:24:00,105.02,105.37,105.02,105.31,3837.0
2024-12-16 11:26:00,105.31,105.37,105.04,105.04,2861.0
2024-12-16 11:28:00,105.06,105.07,104.99,104.99,5527.0
2024-12-16 11:30:00,104.9,105.0,104.9,105.0,1807.0
2024-12-16 11:32:00,105.13,105.13,105.13,105.13,250.0
2024-12-16 11:34:00,105.19,105.19,105.19,105.19,336.0
2024-12-16 11:36:00,105.19,105.2,105.19,105.2,1232.0
2024-12-16 11:38:00,105.08,105.08,105.08,105.08,322.0
2024-12-16 11:40:00,105.12,105.12,105.1,105.1,967.0
2024-12-16 11:42:00,105.08,105.09,105.08,105.08,2046.0
2024-12-16 11:44:00,105.08,105.09,105.07,105.07,941.0
2024-12-16 11:46:00,105.21,105.28,105.21,105.28,946.0
2024-12-16 11:48:00,105.21,105.26,105.21,105.26,1858.0
2024-12-16 11:50:00,105.3,105.3,105.28,105.3,1329.0
2024-12-16 11:52:00,105.37,105.37,105.36,105.36,1221.0
2024-12-16 11:54:00,105.38,105.38,105.37,105.37,1956.0
2024-12-16 11:56:00,105.38,105.38,105.32,105.32,1791.0
2024-12-16 11:58:00,105.38,105.38,105.38,105.38,727.0
2024-12-16 12:00:00,105.27,105.39,105.0,105.3,29330.0
2024-12-16 12:02:00,105.29,105.39,105.28,105.39,4308.0
2024-12-16 12:04:00,105.33,105.4,105.3,105.34,6312.0
2024-12-16 12:06:00,105.3,105.34,105.24,105.3,5496.0
2024-12-16 12:08:00,105.31,105.41,105.3,105.38,8743.0
2024-12-16 12:10:00,105.39,105.4,105.39,105.4,11719.0
2024-12-16 12:12:00,105.43,105.5,105.43,105.49,4788.0
2024-12-16 12:14:00,105.5,105.75,105.49,105.7,15578.0
2024-12-16 12:16:00,105.75,105.99,105.69,105.99,15011.0
2024-12-16 12:18:00,105.9,105.9,105.71,105.75,6690.0
2024-12-16 12:20:00,105.75,105.8,105.75,105.8,3925.0
2024-12-16 12:22:00,105.86,105.87,105.8,105.83,3789.0
2024-12-16 12:24:00,105.87,105.95,105.83,105.95,4234.0
2024-12-16 12:26:00,105.93,105.99,105.9,105.99,6776.0
2024-12-16 12:28:00,105.99,106.29,105.96,106.2,18275.0
2024-12-16 12:30:00,106.24,106.28,106.07,106.12,4407.0
2024-12-16 12:32:00,106.12,106.12,105.91,105.91,10419.0
2024-12-16 12:34:00,106.0,106.05,106.0,106.05,1554.0
2024-12-16 12:36:00,106.09,106.2,106.06,106.07,6427.0
2024-12-16 12:38:00,106.12,106.36,106.12,106.36,8046.0
2024-12-16 12:40:00,106.37,106.48,106.25,106.44,7561.0
2024-12-16 12:42:00,106.4,106.4,106.24,106.33,6651.0
2024-12-16 12:44:00,106.3,106.47,106.3,106.34,9921.0
2024-12-16 12:46:00,106.35,106.44,106.23,106.31,4796.0
2024-12-16 12:48:00,106.43,106.43,106.25,106.27,11038.0
2024-12-16 12:50:00,106.25,106.3,106.18,106.3,5146.0
2024-12-16 12:52:00,106.31,106.32,106.25,106.25,4106.0
2024-12-16 12:54:00,106.23,106.23,106.21,106.21,2320.0
2024-12-16 12:56:00,106.29,106.33,106.28,106.28,5925.0
2024-12-16 12:58:00,106.31,106.31,106.24,106.24,5066.0
2024-12-16 13:00:00,105.24,106.48,104.0,106.26,312436.0
2024-12-16 13:02:00,106.12,106.25,106.12,106.25,9622.0
2024-12-16 13:04:00,106.2,106.2,106.005,106.01,20595.0
2024-12-16 13:06:00,106.01,106.1,105.95,106.0,13243.0
2024-12-16 13:08:00,105.91,106.0,105.83,106.0,19859.0
2024-12-16 13:10:00,105.95,106.01,105.5,105.8024,18244.0
2024-12-16 13:12:00,105.86,105.95,105.82,105.95,6854.0
2024-12-16 13:14:00,105.95,106.0,105.91,105.95,6187.0
2024-12-16 13:16:00,105.95,106.0909,105.95,106.0795,9602.0
2024-12-16 13:18:00,106.03,106.15,106.0,106.15,6521.0
2024-12-16 13:20:00,106.1062,106.1597,105.9,105.9992,12407.0
2024-12-16 13:22:00,105.99,106.0,105.89,105.94,6238.0
2024-12-16 13:24:00,106.0,106.1,105.99,106.0,15291.0
2024-12-16 13:26:00,106.1,106.1,106.0,106.0,4778.0
2024-12-16 13:28:00,106.076,106.1,106.0,106.0,12087.0
2024-12-16 13:30:00,106.1271,106.1271,105.95,106.03,5164.0
2024-12-16 13:32:00,106.04,106.15,106.04,106.05,12843.0
2024-12-16 13:34:00,106.09,106.41,106.0505,106.41,20325.0
2024-12-16 13:36:00,106.4009,106.4024,106.2422,106.2422,4757.0
2024-12-16 13:38:00,106.3,106.35,106.22,106.3005,8828.0
2024-12-16 13:40:00,106.2,106.32,106.2,106.28,6720.0
2024-12-16 13:42:00,106.3,106.32,106.15,106.15,10880.0
2024-12-16 13:44:00,106.15,106.25,106.15,106.2,7811.0
2024-12-16 13:46:00,106.17,106.22,106.15,106.2,5965.0
2024-12-16 13:48:00,106.24,106.32,106.2,106.29,9423.0
2024-12-16 13:50:00,106.3099,106.31,106.18,106.18,9434.0
2024-12-16 13:52:00,106.18,106.18,106.0,106.07,15701.0
2024-12-16 13:54:00,106.01,106.01,105.8,105.8699,28395.0
2024-12-16 13:56:00,105.98,105.988,105.89,105.94,3787.0
2024-12-16 13:58:00,105.93,105.98,105.89,105.95,8503.0
2024-12-16 14:00:00,105.94,105.97,105.75,105.75,10443.0
2024-12-16 14:02:00,105.85,105.85,105.75,105.8,10106.0
2024-12-16 14:04:00,105.8,105.8,105.6,105.61,17425.0
2024-12-16 14:06:00,105.66,105.83,105.66,105.7259,7354.0
2024-12-16 14:08:00,105.75,105.82,105.64,105.7,16610.0
2024-12-16 14:10:00,105.77,105.9,105.72,105.88,8889.0
2024-12-16 14:12:00,105.86,105.89,105.73,105.85,9285.0
2024-12-16 14:14:00,105.8885,105.9,105.64,105.67,18235.0
2024-12-16 14:16:00,105.64,105.85,105.64,105.8,8697.0
2024-12-16 14:18:00,105.8,106.15,105.8,106.15,40772.0
2024-12-16 14:20:00,106.135,106.25,106.05,106.1001,30648.0
2024-12-16 14:22:00,106.11,106.25,106.1,106.1,8678.0
2024-12-16 14:24:00,106.15,106.21,105.98,106.1,12918.0
2024-12-16 14:26:00,106.1,106.1,105.61,105.61,11803.0
2024-12-16 14:28:00,105.65,105.7,105.32,105.63,41439.0
2024-12-16 14:30:00,105.61,105.9499,104.6301,105.419,1301719.0
2024-12-16 14:32:00,105.33,105.37,104.6,105.04,621867.0
2024-12-16 14:34:00,105.04,105.46,104.54,104.7,637094.0
2024-12-16 14:36:00,104.745,105.73,104.72,105.6,430953.0
2024-12-16 14:38:00,105.59,106.3399,105.55,106.125,690102.0
2024-12-16 14:40:00,106.15,107.5,106.01,107.34,838376.0
2024-12-16 14:42:00,107.35,107.46,106.63,107.11,483922.0
2024-12-16 14:44:00,107.11,107.56,107.04,107.45,405239.0
2024-12-16 14:46:00,107.45,107.95,107.3,107.89,473314.0
2024-12-16 14:48:00,107.855,108.62,107.83,108.53,527035.0
2024-12-16 14:50:00,108.51,108.99,108.16,108.905,560755.0
2024-12-16 14:52:00,108.92,109.59,108.8889,109.4345,699033.0
2024-12-16 14:54:00,109.4499,109.8526,109.23,109.81,519588.0
2024-12-16 14:56:00,109.7901,110.49,109.71,109.89,795198.0
2024-12-16 14:58:00,109.86,110.72,109.76,110.665,678604.0
2024-12-16 15:00:00,110.63,110.78,110.0111,110.0794,545740.0
2024-12-16 15:02:00,110.095,111.1,109.89,111.0512,560605.0
2024-12-16 15:04:00,111.0995,111.1129,110.53,110.56,397682.0
2024-12-16 15:06:00,110.55,110.68,109.96,110.16,442309.0
2024-12-16 15:08:00,110.1785,110.35,109.91,110.09,330425.0
2024-12-16 15:10:00,110.06,110.155,109.58,109.6139,345702.0
2024-12-16 15:12:00,109.645,109.72,109.26,109.275,295962.0
2024-12-16 15:14:00,109.28,109.37,109.02,109.3258,285337.0
2024-12-16 15:16:00,109.34,109.78,109.17,109.5701,311519.0
2024-12-16 15:18:00,109.59,110.11,109.57,110.1014,268008.0
2024-12-16 15:20:00,110.0901,110.25,109.47,109.55,424952.0
2024-12-16 15:22:00,109.546,110.53,109.48,110.3767,357528.0
2024-12-16 15:24:00,110.367,110.79,110.3001,110.61,336872.0
2024-12-16 15:26:00,110.615,110.74,110.35,110.74,211730.0
2024-12-16 15:28:00,110.7337,110.99,110.44,110.97,301897.0
2024-12-16 15:30:00,110.94,110.967,110.67,110.89,258117.0
2024-12-16 15:32:00,110.8893,111.13,110.85,111.0595,357555.0
2024-12-16 15:34:00,111.04,111.09,110.54,110.59,256257.0
2024-12-16 15:36:00,110.61,110.67,109.92,110.095,238053.0
2024-12-16 15:38:00,110.06,110.29,109.95,110.21,214840.0
2024-12-16 15:40:00,110.21,110.21,109.643,109.7,205328.0
2024-12-16 15:42:00,109.6701,110.01,109.6701,109.815,230594.0
2024-12-16 15:44:00,109.825,109.825,109.6047,109.69,205284.0
2024-12-16 15:46:00,109.69,109.79,109.46,109.5801,213556.0
2024-12-16 15:48:00,109.58,109.61,109.15,109.42,204301.0
2024-12-16 15:50:00,109.43,109.5,109.11,109.18,154749.0
2024-12-16 15:52:00,109.2,109.215,108.65,108.7,224160.0
2024-12-16 15:54:00,108.7195,108.95,108.65,108.94,208023.0
2024-12-16 15:56:00,108.95,109.16,108.9,108.963,184111.0
2024-12-16 15:58:00,108.95,108.954,108.56,108.665,177633.0
2024-12-16 16:00:00,108.63,109.15,108.62,108.77,266184.0
2024-12-16 16:02:00,108.78,109.07,108.7569,108.81,147912.0
2024-12-16 16:04:00,108.8236,109.0199,108.8236,108.9499,96779.0
2024-12-16 16:06:00,108.91,109.237,108.85,109.18,160186.0
2024-12-16 16:08:00,109.19,109.19,108.65,108.69,165329.0
2024-12-16 16:10:00,108.68,108.793,108.56,108.7143,194985.0
2024-12-16 16:12:00,108.71,108.7299,108.225,108.41,235100.0
2024-12-16 16:14:00,108.405,108.42,108.11,108.37,200088.0
2024-12-16 16:16:00,108.36,108.43,108.06,108.385,126241.0
2024-12-16 16:18:00,108.385,108.8851,108.335,108.87,215249.0
2024-12-16 16:20:00,108.85,108.98,108.8084,108.9581,140177.0
2024-12-16 16:22:00,108.97,109.05,108.81,108.8301,174001.0
2024-12-16 16:24:00,108.8376,109.0,108.81,108.875,119331.0
2024-12-16 16:26:00,108.86,108.86,108.56,108.859,178634.0
2024-12-16 16:28:00,108.8584,109.0,108.78,108.91,114447.0
2024-12-16 16:30:00,108.93,109.04,108.7501,108.8449,104741.0
2024-12-16 16:32:00,108.86,108.899,108.72,108.768987,69850.0
2024-12-16 16:34:00,108.7619,108.84,108.55,108.64,119749.0
2024-12-16 16:36:00,108.6,108.7,108.55,108.6557,59200.0
2024-12-16 16:38:00,108.64,108.95,108.5101,108.95,85574.0
2024-12-16 16:40:00,108.97,108.9899,108.82,108.91,99709.0
2024-12-16 16:42:00,108.95,108.9991,108.89,108.92,105874.0
2024-12-16 16:44:00,108.92,108.98,108.75,108.97,97218.0
2024-12-16 16:46:00,108.97,109.36,108.95,109.2898,153396.0
2024-12-16 16:48:00,109.2882,109.325,109.15,109.31,101311.0
2024-12-16 16:50:00,109.3,109.39,109.16,109.3556,159007.0
2024-12-16 16:52:00,109.34,109.43,109.3,109.41,93130.0
2024-12-16 16:54:00,109.4,109.52,109.36,109.4825,139250.0
2024-12-16 16:56:00,109.485,109.51,109.26,109.46,104722.0
2024-12-16 16:58:00,109.4561,109.5199,109.395,109.48,71222.0
2024-12-16 17:00:00,109.49,109.57,109.43,109.52,74677.0
2024-12-16 17:02:00,109.525,109.7492,109.52,109.7399,92735.0
2024-12-16 17:04:00,109.7399,109.7591,109.5,109.7146,160343.0
2024-12-16 17:06:00,109.735,109.84,109.5746,109.6,102118.0
2024-12-16 17:08:00,109.61,109.775,109.5501,109.77,69165.0
2024-12-16 17:10:00,109.7742,109.91,109.75,109.84,114703.0
2024-12-16 17:12:00,109.835,110.06,109.81,110.01,197053.0
2024-12-16 17:14:00,110.0035,110.13,109.9301,110.1,189566.0
2024-12-16 17:16:00,110.1,110.1,109.88,109.975,135160.0
2024-12-16 17:18:00,109.97,110.03,109.84,109.94,87217.0
2024-12-16 17:20:00,109.94,110.0,109.7,109.71,102695.0
2024-12-16 17:22:00,109.75,109.896,109.72,109.8521,58206.0
2024-12-16 17:24:00,109.8699,109.8825,109.73,109.855805,67576.0
2024-12-16 17:26:00,109.83,109.85,109.515,109.515,121317.0
2024-12-16 17:28:00,109.5,109.76,109.48,109.7299,81905.0
2024-12-16 17:30:00,109.73,109.85,109.57,109.6598,96185.0
2024-12-16 17:32:00,109.655,109.7774,109.6,109.685,83602.0
2024-12-16 17:34:00,109.67,109.7499,109.58,109.6069,60446.0
2024-12-16 17:36:00,109.61,109.61,109.23,109.24,91960.0
2024-12-16 17:38:00,109.23,109.33,109.18,109.18,82510.0
2024-12-16 17:40:00,109.19,109.385,109.1721,109.385,77405.0
2024-12-16 17:42:00,109.37,109.7,109.37,109.685,82089.0
2024-12-16 17:44:00,109.699,109.71,109.55,109.63,76774.0
2024-12-16 17:46:00,109.6399,109.6992,109.59,109.66,59948.0
2024-12-16 17:48:00,109.675,109.8967,109.65,109.87,74205.0
2024-12-16 17:50:00,109.87,109.87,109.67,109.72,79487.0
2024-12-16 17:52:00,109.71,109.79,109.66,109.68,57433.0
2024-12-16 17:54:00,109.66,109.69,109.45,109.64,78862.0
2024-12-16 17:56:00,109.65,109.8695,109.61,109.79,77039.0
2024-12-16 17:58:00,109.78,109.95,109.78,109.92,82912.0
2024-12-16 18:00:00,109.92,109.9698,109.85,109.95,48795.0
2024-12-16 18:02:00,109.93,109.97,109.881,109.93,65400.0
2024-12-16 18:04:00,109.9337,109.98,109.84,109.84,85656.0
2024-12-16 18:06:00,109.83,109.925,109.75,109.8099,61909.0
2024-12-16 18:08:00,109.81,109.82,109.6,109.705,68466.0
2024-12-16 18:10:00,109.71,109.81,109.63,109.715,67902.0
2024-12-16 18:12:00,109.72,109.8,109.71,109.73,38472.0
2024-12-16 18:14:00,109.74,109.867,109.7123,109.867,80107.0
2024-12-16 18:16:00,109.8492,109.98,109.75,109.975,75451.0
2024-12-16 18:18:00,109.975,109.99,109.76,109.92,89395.0
2024-12-16 18:20:00,109.92,109.9499,109.8,109.87,81172.0
2024-12-16 18:22:00,109.86,109.97,109.85,109.96,47959.0
2024-12-16 18:24:00,109.9335,110.08,109.93,110.069,130164.0
2024-12-16 18:26:00,110.065,110.2499,110.05,110.18,120109.0
2024-12-16 18:28:00,110.18,110.24,110.11,110.19,97829.0
2024-12-16 18:30:00,110.19,110.27,110.0,110.06,203907.0
2024-12-16 18:32:00,110.07,110.08,109.63,109.7075,215556.0
2024-12-16 18:34:00,109.7,109.7224,109.43,109.59,84990.0
2024-12-16 18:36:00,109.59,109.605,109.36,109.4299,63694.0
2024-12-16 18:38:00,109.43,109.44,109.22,109.3,89358.0
2024-12-16 18:40:00,109.3,109.6039,109.3,109.57,78261.0
2024-12-16 18:42:00,109.58,109.75,109.558,109.73,105571.0
2024-12-16 18:44:00,109.72,109.905,109.72,109.835,75869.0
2024-12-16 18:46:00,109.8255,109.91,109.695,109.805,144881.0
2024-12-16 18:48:00,109.805209,109.885,109.79,109.8265,80619.0
2024-12-16 18:50:00,109.835,109.88,109.735,109.7694,173716.0
2024-12-16 18:52:00,109.77,109.89,109.71,109.88,70507.0
2024-12-16 18:54:00,109.88,109.8869,109.74,109.8006,45932.0
2024-12-16 18:56:00,109.8,109.87,109.777,109.7963,53482.0
2024-12-16 18:58:00,109.795,109.87,109.69,109.84,54590.0
2024-12-16 19:00:00,109.8262,109.86,109.75,109.82,54369.0
2024-12-16 19:02:00,109.83,109.89,109.73,109.745,88247.0
2024-12-16 19:04:00,109.74,109.75,109.43,109.53,115521.0
2024-12-16 19:06:00,109.5301,109.578,109.432,109.578,52417.0
2024-12-16 19:08:00,109.5787,109.6,109.5,109.55,61329.0
2024-12-16 19:10:00,109.55,109.67,109.54,109.6,65183.0
2024-12-16 19:12:00,109.605,109.66,109.52,109.55,54628.0
2024-12-16 19:14:00,109.55,109.63,109.5,109.555,54825.0
2024-12-16 19:16:00,109.55,109.64,109.55,109.57,59575.0
2024-12-16 19:18:00,109.57,109.59,109.45,109.5,63743.0
2024-12-16 19:20:00,109.49,109.58,109.44,109.5263,64403.0
2024-12-16 19:22:00,109.52,109.55,109.3388,109.36,176945.0
2024-12-16 19:24:00,109.35,109.36,109.08,109.1,125485.0
2024-12-16 19:26:00,109.1,109.52,108.77,108.78,242751.0
2024-12-16 19:28:00,108.78,108.84,108.55,108.62,151861.0
2024-12-16 19:30:00,108.61,108.8,108.4,108.77,195187.0
2024-12-16 19:32:00,108.775,108.8,108.69,108.71,84454.0
2024-12-16 19:34:00,108.7,108.82,108.69,108.74,107785.0
2024-12-16 19:36:00,108.74,109.08,108.73,109.08,141786.0
2024-12-16 19:38:00,109.09,109.2,109.04,109.075,153266.0
2024-12-16 19:40:00,109.0771,109.135,109.05,109.1,67414.0
2024-12-16 19:42:00,109.0963,109.1599,109.07,109.11,66484.0
2024-12-16 19:44:00,109.1175,109.19,109.02,109.045,76825.0
2024-12-16 19:46:00,109.045,109.09,108.92,108.95,83155.0
2024-12-16 19:48:00,108.96,109.01,108.91,108.99,65029.0
2024-12-16 19:50:00,108.99,109.065,108.935,108.98,66238.0
2024-12-16 19:52:00,109.01,109.18,108.996,109.1624,64817.0
2024-12-16 19:54:00,109.175,109.28,109.13,109.23,86880.0
2024-12-16 19:56:00,109.26,109.38,109.21,109.31,134199.0
2024-12-16 19:58:00,109.31,109.46,109.3,109.3699,85565.0
2024-12-16 20:00:00,109.36,109.44,109.3,109.31,76358.0
2024-12-16 20:02:00,109.3,109.47,109.22,109.445,158928.0
2024-12-16 20:04:00,109.43,109.545,109.32,109.53,332534.0
2024-12-16 20:06:00,109.5475,109.58,109.5,109.54,76456.0
2024-12-16 20:08:00,109.5499,109.69,109.48,109.67,106616.0
2024-12-16 20:10:00,109.66,109.6799,109.54,109.552,60322.0
2024-12-16 20:12:00,109.545,109.62,109.42,109.4634,66753.0
2024-12-16 20:14:00,109.4661,109.48,109.35,109.4332,67875.0
2024-12-16 20:16:00,109.445,109.55,109.36,109.515,83248.0
2024-12-16 20:18:00,109.52,109.55,109.4,109.4,74790.0
2024-12-16 20:20:00,109.405,109.44,109.27,109.29,59007.0
2024-12-16 20:22:00,109.2864,109.38,109.18,109.2169,115583.0
2024-12-16 20:24:00,109.21,109.46,109.14,109.4433,106248.0
2024-12-16 20:26:00,109.459,109.53,109.3779,109.42,95953.0
2024-12-16 20:28:00,109.4357,109.505,109.2001,109.2001,125836.0
2024-12-16 20:30:00,109.215,109.23,109.06,109.22,145665.0
2024-12-16 20:32:00,109.2001,109.4,109.2001,109.3,102844.0
2024-12-16 20:34:00,109.335,109.49,109.28,109.3303,204186.0
2024-12-16 20:36:00,109.36,109.4,109.2378,109.26,71918.0
2024-12-16 20:38:00,109.26,109.4,109.26,109.3,67939.0
2024-12-16 20:40:00,109.31,109.34,109.2061,109.23,102986.0
2024-12-16 20:42:00,109.24,109.27,108.97,109.209,246985.0
2024-12-16 20:44:00,109.21,109.25,108.98,109.0,163962.0
2024-12-16 20:46:00,109.01,109.0598,108.9001,108.955,165458.0
2024-12-16 20:48:00,108.9587,109.07,108.81,109.04,165350.0
2024-12-16 20:50:00,109.03,109.245,108.9426,108.97,354781.0
2024-12-16 20:52:00,108.98,109.035,108.7687,108.85,177721.0
2024-12-16 20:54:00,108.87,108.88,108.61,108.7,284854.0
2024-12-16 20:56:00,108.7,108.74,108.51,108.5205,342331.0
2024-12-16 20:58:00,108.52,108.61,108.16,108.2442,1388399.0
2024-12-16 21:00:00,108.26,108.55,108.26,108.34,874197.0
2024-12-16 21:02:00,108.41,108.41,108.36,108.39,6558.0
2024-12-16 21:04:00,108.3906,108.48,108.26,108.3914,34093.0
2024-12-16 21:06:00,108.42,108.46,108.26,108.44,28963.0
2024-12-16 21:08:00,108.44,108.49,108.42,108.46,4802.0
2024-12-16 21:10:00,108.45,108.52,108.45,108.51,8809.0
2024-12-16 21:12:00,108.51,108.6,108.51,108.57,7699.0
2024-12-16 21:14:00,108.52,108.59,108.52,108.59,4618.0
2024-12-16 21:16:00,108.59,108.59,108.55,108.55,4546.0
2024-12-16 21:18:00,108.5501,108.5899,108.53,108.5863,2945.0
2024-12-16 21:20:00,108.5899,108.5899,108.5,108.5,4353.0
2024-12-16 21:22:00,108.5,108.52,108.5,108.52,58777.0
2024-12-16 21:24:00,108.57,108.57,108.5,108.5699,5432.0
2024-12-16 21:26:00,108.5696,108.57,108.5406,108.56,4068.0
2024-12-16 21:28:00,108.5,108.52,108.49,108.51,11443.0
2024-12-16 21:30:00,108.5,108.5,108.5,108.5,929.0
2024-12-16 21:32:00,108.5592,108.5592,108.3601,108.3601,6068.0
2024-12-16 21:34:00,108.4099,108.53,108.2616,108.53,5016.0
2024-12-16 21:36:00,108.5,108.5152,108.38,108.38,4867.0
2024-12-16 21:38:00,108.52,108.53,108.49,108.49,2435.0
2024-12-16 21:40:00,108.5,108.55,108.26,108.55,4614.0
2024-12-16 21:42:00,108.6,108.63,108.57,108.63,52134.0
2024-12-16 21:44:00,108.63,108.675,108.63,108.65,2205.0
2024-12-16 21:46:00,108.68,108.68,108.6,108.68,2216.0
2024-12-16 21:48:00,108.66,108.68,108.64,108.64,1984.0
2024-12-16 21:50:00,108.68,108.68,108.53,108.665,3415.0
2024-12-16 21:52:00,108.67,108.67,108.51,108.51,1594.0
2024-12-16 21:54:00,108.5037,108.5037,108.5037,108.5037,857.0
2024-12-16 21:56:00,108.53,108.6699,108.53,108.6699,1123.0
2024-12-16 21:58:00,108.67,108.67,108.44,108.44,5862.0
2024-12-16 22:00:00,108.6476,108.6476,108.4553,108.5,810.0
2024-12-16 22:02:00,108.49,108.5,108.45,108.45,3039.0
2024-12-16 22:04:00,108.49,108.5,108.4401,108.48,1971.0
2024-12-16 22:06:00,108.48,108.48,108.44,108.44,2088.0
2024-12-16 22:08:00,108.48,108.48,108.44,108.45,2373.0
2024-12-16 22:10:00,108.4107,108.48,108.4107,108.42,716.0
2024-12-16 22:12:00,108.4792,108.4999,108.4792,108.4999,2287.0
2024-12-16 22:14:00,108.5,108.55,108.5,108.55,588.0
2024-12-16 22:16:00,108.51,108.55,108.51,108.5486,1953.0
2024-12-16 22:18:00,108.54,108.6,108.54,108.6,4703.0
2024-12-16 22:20:00,108.6,108.67,108.6,108.67,3854.0
2024-12-16 22:22:00,108.6691,108.68,108.65,108.68,5560.0
2024-12-16 22:24:00,108.67,108.7192,108.67,108.69,1507.0
2024-12-16 22:26:00,108.7194,108.78,108.7194,108.78,1994.0
2024-12-16 22:28:00,108.74,108.8,108.7,108.8,2824.0
2024-12-16 22:30:00,108.8799,108.91,108.85,108.9099,2451.0
2024-12-16 22:32:00,108.9,108.9995,108.9,108.9995,2889.0
2024-12-16 22:34:00,108.91,109.0,108.88,108.88,3460.0
2024-12-16 22:36:00,108.8,108.89,108.72,108.73,6352.0
2024-12-16 22:38:00,108.7996,108.8,108.75,108.7987,3910.0
2024-12-16 22:40:00,108.8,108.89,108.75,108.75,1759.0
2024-12-16 22:42:00,108.81,108.81,108.75,108.75,993.0
2024-12-16 22:44:00,108.8486,108.87,108.8,108.87,3675.0
2024-12-16 22:46:00,108.8693,108.87,108.79,108.79,982.0
2024-12-16 22:48:00,108.8,109.0,108.76,109.0,13529.0
2024-12-16 22:50:00,109.0,109.0,108.84,108.84,824.0
2024-12-16 22:52:00,108.88,108.95,108.84,108.9,1507.0
2024-12-16 22:54:00,108.9,108.95,108.9,108.9101,1944.0
2024-12-16 22:56:00,108.9931,109.05,108.99,109.05,2643.0
2024-12-16 22:58:00,109.05,109.1982,109.05,109.1982,3205.0
2024-12-16 23:00:00,109.2,109.2,109.03,109.1,2147.0
2024-12-16 23:02:00,109.05,109.1655,108.26,109.1655,2895.0
2024-12-16 23:04:00,109.1572,109.1572,109.0,109.09,2125.0
2024-12-16 23:06:00,109.11,109.19,109.11,109.1624,4186.0
2024-12-16 23:08:00,109.1872,109.19,108.98,109.11,4687.0
2024-12-16 23:10:00,109.0,109.25,108.9,109.1,7328.0
2024-12-16 23:12:00,109.1,109.2499,109.0,109.0,6291.0
2024-12-16 23:16:00,109.0,109.12,109.0,109.12,1682.0
2024-12-16 23:18:00,109.1188,109.12,108.9,108.9,1487.0
2024-12-16 23:20:00,108.9,108.95,108.9,108.95,3511.0
2024-12-16 23:22:00,108.9487,108.95,108.9487,108.95,473.0
2024-12-16 23:24:00,109.0,109.17,108.97,109.17,8010.0
2024-12-16 23:26:00,108.9706,108.9706,108.9706,108.9706,4690.0
2024-12-16 23:28:00,109.0,109.09,108.7516,109.09,4795.0
2024-12-16 23:30:00,109.09,109.09,108.91,108.91,3561.0
2024-12-16 23:32:00,108.75,108.83,108.73,108.83,1896.0
2024-12-16 23:34:00,108.83,108.8422,108.7,108.71,4852.0
2024-12-16 23:36:00,108.7,108.72,108.69,108.72,1378.0
2024-12-16 23:38:00,108.7,108.73,108.7,108.73,552.0
2024-12-16 23:40:00,108.73,108.75,108.72,108.75,3906.0
2024-12-16 23:42:00,108.8829,108.8829,108.878,108.878,389.0
2024-12-16 23:44:00,108.89,108.89,108.76,108.76,5615.0
2024-12-16 23:46:00,108.82,108.82,108.82,108.82,216.0
2024-12-16 23:48:00,108.8,108.86,108.79,108.86,3893.0
2024-12-16 23:50:00,108.8789,108.89,108.8789,108.89,1366.0
2024-12-16 23:52:00,108.8893,108.8893,108.8,108.8,510.0
2024-12-16 23:54:00,108.88,108.89,108.81,108.8499,1959.0
2024-12-16 23:56:00,108.8854,108.95,108.81,108.81,1923.0
2024-12-16 23:58:00,108.94,108.94,108.9385,108.9385,661.0
2024-12-17 00:00:00,108.9376,108.9376,108.82,108.82,778.0
2024-12-17 00:02:00,108.81,108.85,108.81,108.85,1426.0
2024-12-17 00:04:00,108.92,108.92,108.9,108.9,1594.0
2024-12-17 00:06:00,108.9001,108.9001,108.81,108.82,2185.0
2024-12-17 00:08:00,108.81,108.84,108.81,108.84,2457.0
2024-12-17 00:10:00,108.85,108.94,108.81,108.94,1702.0
2024-12-17 00:14:00,108.89,108.9,108.89,108.9,2143.0
2024-12-17 00:16:00,108.83,108.8499,108.83,108.8499,3103.0
2024-12-17 00:18:00,108.84,108.8499,108.81,108.81,2303.0
2024-12-17 00:20:00,108.8,108.8,108.75,108.75,3447.0
2024-12-17 00:22:00,108.72,108.72,108.72,108.72,288.0
2024-12-17 00:24:00,108.74,108.75,108.74,108.75,442.0
2024-12-17 00:26:00,108.78,108.8,108.78,108.79,2799.0
2024-12-17 00:30:00,108.88,108.8991,108.88,108.88,985.0
2024-12-17 00:32:00,108.89,108.94,108.85,108.94,1553.0
2024-12-17 00:34:00,108.9499,108.9499,108.94,108.94,557.0
2024-12-17 00:36:00,108.92,108.92,108.84,108.84,807.0
2024-12-17 00:38:00,108.84,108.84,108.8,108.8364,3054.0
2024-12-17 00:40:00,108.78,108.78,108.63,108.63,8488.0
2024-12-17 00:42:00,108.7295,108.73,108.72,108.73,1259.0
2024-12-17 00:44:00,108.7998,108.8,108.72,108.72,1547.0
2024-12-17 00:46:00,108.8,108.95,108.76,108.9299,1494.0
2024-12-17 00:48:00,108.93,108.93,108.9299,108.93,1287.0
2024-12-17 00:50:00,108.85,108.85,108.62,108.62,2916.0
2024-12-17 00:52:00,108.79,108.79,108.75,108.75,859.0
2024-12-17 00:54:00,108.75,109.09,108.73,108.97,1491.0
2024-12-17 00:56:00,108.9899,108.9899,108.78,108.8,1640.0
2024-12-17 00:58:00,108.8,108.8,108.7,108.7,4928.0
2024-12-17 09:00:00,109.78,109.78,108.3,108.39,23587.0
2024-12-17 09:02:00,108.66,108.66,108.59,108.59,4068.0
2024-12-17 09:04:00,108.59,108.77,108.25,108.25,13356.0
2024-12-17 09:06:00,108.35,108.79,108.35,108.73,6213.0
2024-12-17 09:08:00,108.78,108.79,108.67,108.79,5188.0
2024-12-17 09:10:00,108.79,108.85,108.7,108.7,2216.0
2024-12-17 09:12:00,108.69,108.73,108.69,108.73,1996.0
2024-12-17 09:14:00,108.79,109.0,108.79,109.0,3872.0
2024-12-17 09:16:00,109.01,109.05,108.95,109.05,7701.0
2024-12-17 09:18:00,109.15,109.34,109.15,109.25,3948.0
2024-12-17 09:20:00,109.3,109.44,109.02,109.15,5371.0
2024-12-17 09:22:00,109.02,109.23,109.0,109.16,5353.0
2024-12-17 09:24:00,109.15,109.15,108.7,108.7,6395.0
2024-12-17 09:26:00,108.83,108.83,108.7,108.7,345.0
2024-12-17 09:28:00,108.94,108.94,108.86,108.86,583.0
2024-12-17 09:30:00,108.98,109.26,108.94,109.15,6256.0
2024-12-17 09:32:00,109.21,109.26,109.15,109.26,4077.0
2024-12-17 09:34:00,109.3,109.68,109.3,109.57,28606.0
2024-12-17 09:36:00,109.5,109.58,109.19,109.41,9840.0
2024-12-17 09:38:00,109.41,109.49,109.0,109.3,7331.0
2024-12-17 09:40:00,109.27,109.28,108.8,108.8,19261.0
2024-12-17 09:42:00,108.79,108.93,108.77,108.77,2785.0
2024-12-17 09:44:00,108.7,108.75,108.65,108.65,4970.0
2024-12-17 09:46:00,108.78,108.8,108.78,108.8,3684.0
2024-12-17 09:48:00,108.8,108.81,108.78,108.78,2905.0
2024-12-17 09:50:00,108.8,108.8,108.8,108.8,903.0
2024-12-17 09:52:00,108.79,108.8,108.79,108.8,6602.0
2024-12-17 09:54:00,108.85,108.85,108.75,108.76,1247.0
2024-12-17 09:56:00,108.6,108.6,108.59,108.59,866.0
2024-12-17 10:00:00,108.57,108.57,108.55,108.55,955.0
2024-12-17 10:02:00,108.53,108.53,108.5,108.5,5094.0
2024-12-17 10:04:00,108.43,108.5,108.43,108.5,661.0
2024-12-17 10:06:00,108.44,108.48,108.44,108.48,600.0
2024-12-17 10:08:00,108.42,108.47,108.36,108.47,3105.0
2024-12-17 10:10:00,108.41,108.5,108.41,108.5,3237.0
2024-12-17 10:14:00,108.62,108.62,108.62,108.62,274.0
2024-12-17 10:16:00,108.56,108.56,108.5,108.5,2827.0
2024-12-17 10:18:00,108.47,108.5,108.35,108.35,5411.0
2024-12-17 10:22:00,108.5,108.5,108.49,108.49,411.0
2024-12-17 10:24:00,108.49,108.5,108.49,108.5,7186.0
2024-12-17 10:26:00,108.59,108.79,108.59,108.78,2587.0
2024-12-17 10:28:00,108.75,108.75,108.74,108.74,1003.0
2024-12-17 10:30:00,108.72,108.72,108.65,108.65,922.0
2024-12-17 10:32:00,108.68,108.7,108.65,108.68,3473.0
2024-12-17 10:34:00,108.66,108.72,108.61,108.64,6627.0
2024-12-17 10:36:00,108.66,108.75,108.66,108.74,5749.0
2024-12-17 10:38:00,108.79,108.79,108.79,108.79,848.0
2024-12-17 10:40:00,108.79,108.85,108.79,108.79,10373.0
2024-12-17 10:42:00,108.78,108.8,108.78,108.8,1652.0
2024-12-17 10:44:00,108.79,108.8,108.79,108.8,1996.0
2024-12-17 10:46:00,108.84,108.84,108.78,108.79,1895.0
2024-12-17 10:48:00,108.75,108.8,108.73,108.8,4082.0
2024-12-17 10:50:00,108.77,108.8,108.77,108.8,1885.0
2024-12-17 10:52:00,108.91,108.99,108.91,108.99,1129.0
2024-12-17 10:54:00,109.25,109.25,109.14,109.25,1832.0
2024-12-17 10:56:00,109.09,109.1,109.09,109.1,659.0
2024-12-17 10:58:00,109.08,109.08,108.99,108.99,1407.0
2024-12-17 11:00:00,108.99,108.99,108.97,108.97,1475.0
2024-12-17 11:02:00,108.84,108.88,108.75,108.75,2568.0
2024-12-17 11:06:00,108.84,108.84,108.84,108.84,212.0
2024-12-17 11:08:00,108.86,108.86,108.81,108.81,1148.0
2024-12-17 11:10:00,108.8,108.8,108.8,108.8,574.0
2024-12-17 11:12:00,108.79,108.79,108.79,108.79,107.0
2024-12-17 11:14:00,108.8,108.8,108.8,108.8,668.0
2024-12-17 11:16:00,108.8,108.81,108.8,108.81,1350.0
2024-12-17 11:18:00,108.99,108.99,108.9,108.9,1314.0
2024-12-17 11:22:00,109.09,109.09,109.08,109.08,588.0
2024-12-17 11:24:00,109.11,109.11,109.11,109.11,1219.0
2024-12-17 11:26:00,109.1,109.1,109.1,109.1,670.0
2024-12-17 11:28:00,109.3,109.4,109.3,109.39,1172.0
2024-12-17 11:30:00,109.33,109.33,109.28,109.28,811.0
2024-12-17 11:34:00,109.15,109.15,109.01,109.05,2332.0
2024-12-17 11:36:00,109.05,109.19,109.01,109.01,1875.0
2024-12-17 11:38:00,109.15,109.18,109.04,109.05,1927.0
2024-12-17 11:40:00,109.15,109.15,109.01,109.01,2383.0
2024-12-17 11:42:00,109.01,109.01,108.69,108.69,3470.0
2024-12-17 11:44:00,108.69,108.71,108.69,108.69,4009.0
2024-12-17 11:46:00,108.69,108.69,108.69,108.69,1508.0
2024-12-17 11:48:00,108.7,108.7,108.69,108.69,1491.0
2024-12-17 11:50:00,108.76,108.76,108.74,108.74,925.0
2024-12-17 11:52:00,108.68,108.77,108.68,108.77,950.0
2024-12-17 11:54:00,108.77,108.89,108.77,108.89,2856.0
2024-12-17 11:56:00,108.89,108.89,108.85,108.89,3451.0
2024-12-17 11:58:00,108.88,108.88,108.88,108.88,492.0
2024-12-17 12:00:00,108.97,109.24,108.92,109.1,6819.0
2024-12-17 12:02:00,109.16,109.21,109.11,109.11,4148.0
2024-12-17 12:04:00,109.06,109.08,108.9,109.0,7869.0
2024-12-17 12:06:00,109.0,109.1,108.94,109.08,5526.0
2024-12-17 12:08:00,109.04,109.04,109.01,109.01,2064.0
2024-12-17 12:10:00,109.0,109.07,108.9,109.07,2633.0
2024-12-17 12:12:00,109.03,109.1,108.91,108.91,5598.0
2024-12-17 12:14:00,109.0,109.0,109.0,109.0,247.0
2024-12-17 12:18:00,108.97,108.97,108.85,108.85,3238.0
2024-12-17 12:20:00,108.92,108.92,108.77,108.77,4328.0
2024-12-17 12:22:00,108.81,108.81,108.75,108.75,3771.0
2024-12-17 12:24:00,108.83,108.88,108.83,108.88,452.0
2024-12-17 12:26:00,108.95,109.0,108.95,108.95,5960.0
2024-12-17 12:28:00,108.99,109.01,108.95,108.95,2228.0
2024-12-17 12:30:00,109.0,109.05,109.0,109.02,1501.0
2024-12-17 12:32:00,108.95,108.98,108.87,108.87,2831.0
2024-12-17 12:34:00,108.95,108.95,108.85,108.85,1353.0
2024-12-17 12:36:00,108.81,108.81,108.7,108.7,3569.0
2024-12-17 12:38:00,108.84,109.01,108.84,109.0,18298.0
2024-12-17 12:40:00,108.89,108.9,108.85,108.9,1526.0
2024-12-17 12:42:00,108.9,109.3,108.87,109.3,12004.0
2024-12-17 12:44:00,109.32,109.44,109.32,109.4,4580.0
2024-12-17 12:46:00,109.41,109.52,109.37,109.46,8815.0
2024-12-17 12:48:00,109.49,109.65,109.49,109.64,3816.0
2024-12-17 12:50:00,109.7,109.7,109.5,109.5,6183.0
2024-12-17 12:52:00,109.46,109.5,109.45,109.45,3393.0
2024-12-17 12:54:00,109.37,109.37,109.37,109.37,589.0
2024-12-17 12:56:00,109.33,109.44,109.2,109.44,5682.0
2024-12-17 12:58:00,109.16,109.3,109.16,109.3,3675.0
2024-12-17 13:00:00,108.88,110.01,108.4387,109.44,131820.0
2024-12-17 13:02:00,109.36,109.49,109.29,109.29,8183.0
2024-12-17 13:04:00,109.1,109.33,109.1,109.3,6308.0
2024-12-17 13:06:00,109.25,109.2993,109.11,109.2,10022.0
2024-12-17 13:08:00,109.21,109.23,109.06,109.15,7983.0
2024-12-17 13:10:00,109.1,109.1,109.05,109.06,4686.0
2024-12-17 13:12:00,109.06,109.2,109.06,109.2,4558.0
2024-12-17 13:14:00,109.2,109.4,109.2,109.32,4534.0
2024-12-17 13:16:00,109.35,109.42,109.33,109.39,3872.0
2024-12-17 13:18:00,109.41,109.4885,109.3251,109.4885,15283.0
2024-12-17 13:20:00,109.489,109.489,109.4,109.4,5052.0
2024-12-17 13:22:00,109.4,109.55,109.4,109.55,9543.0
2024-12-17 13:24:00,109.63,109.6385,109.5798,109.6,6022.0
2024-12-17 13:26:00,109.59,109.64,109.55,109.6299,4810.0
2024-12-17 13:28:00,109.5847,109.64,109.55,109.6,4268.0
2024-12-17 13:30:00,109.55,109.65,109.5,109.58,19718.0
2024-12-17 13:32:00,109.5001,109.6,109.5,109.5,5057.0
2024-12-17 13:34:00,109.55,109.68,109.55,109.68,8253.0
2024-12-17 13:36:00,109.67,109.6801,109.5,109.6801,18509.0
2024-12-17 13:38:00,109.74,109.78,109.7,109.7,10182.0
2024-12-17 13:40:00,109.695,109.7,109.64,109.65,10500.0
2024-12-17 13:42:00,109.65,109.7,109.59,109.59,18135.0
2024-12-17 13:44:00,109.6931,109.6999,109.37,109.43,13488.0
2024-12-17 13:46:00,109.45,109.65,109.4217,109.65,5104.0
2024-12-17 13:48:00,109.6,109.68,109.5,109.68,28210.0
2024-12-17 13:50:00,109.6737,109.6799,109.6,109.6799,4612.0
2024-12-17 13:52:00,109.65,109.75,109.5023,109.73,12461.0
2024-12-17 13:54:00,109.73,109.73,109.6,109.63,9660.0
2024-12-17 13:56:00,109.69,109.93,109.66,109.93,17849.0
2024-12-17 13:58:00,109.88,109.97,109.8,109.95,12172.0
2024-12-17 14:00:00,109.9,110.2,109.9,110.15,27261.0
2024-12-17 14:02:00,110.2,110.2,110.08,110.1495,19718.0
2024-12-17 14:04:00,110.15,110.3,110.1,110.18,33945.0
2024-12-17 14:06:00,110.1801,110.74,110.1801,110.52,41744.0
2024-12-17 14:08:00,110.67,110.75,110.5,110.66,31101.0
2024-12-17 14:10:00,110.63,110.72,110.3603,110.5,48328.0
2024-12-17 14:12:00,110.51,110.55,110.44,110.5,19957.0
2024-12-17 14:14:00,110.4987,110.4987,110.23,110.335,16686.0
2024-12-17 14:16:00,110.3,110.35,110.1,110.27,14871.0
2024-12-17 14:18:00,110.22,110.2499,110.04,110.18,6504.0
2024-12-17 14:20:00,110.17,110.3,110.1001,110.27,20865.0
2024-12-17 14:22:00,110.27,110.3,110.06,110.07,19027.0
2024-12-17 14:24:00,110.04,110.44,110.02,110.35,18775.0
2024-12-17 14:26:00,110.26,110.6,110.1,110.6,17008.0
2024-12-17 14:28:00,110.33,110.39,109.9,110.03,33765.0
2024-12-17 14:30:00,109.75,110.05,108.06,108.3596,1381052.0
2024-12-17 14:32:00,108.25,109.07,107.85,108.58,639156.0
2024-12-17 14:34:00,108.6042,108.88,108.12,108.355,357800.0
2024-12-17 14:36:00,108.36,108.7997,108.25,108.635,271486.0
2024-12-17 14:38:00,108.59,108.8,108.3,108.74,249093.0
2024-12-17 14:40:00,108.705,109.77,108.6001,109.755,455792.0
2024-12-17 14:42:00,109.76,109.9599,109.34,109.65,462175.0
2024-12-17 14:44:00,109.66,109.71,109.2,109.34,253388.0
2024-12-17 14:46:00,109.35,109.7899,109.29,109.3147,271571.0
2024-12-17 14:48:00,109.345,109.72,109.31,109.515,206635.0
2024-12-17 14:50:00,109.5297,109.76,109.4,109.525,304302.0
2024-12-17 14:52:00,109.525,109.53,108.91,108.99,277503.0
2024-12-17 14:54:00,108.9714,109.5383,108.85,109.421934,182169.0
2024-12-17 14:56:00,109.38,109.7,109.125,109.14,219348.0
2024-12-17 14:58:00,109.175,109.3,108.71,108.855,203062.0
2024-12-17 15:00:00,108.855,109.19,108.7601,109.0417,166145.0
2024-12-17 15:02:00,109.075,109.6293,109.03,109.2093,205513.0
2024-12-17 15:04:00,109.2535,109.58,109.1367,109.51,132348.0
2024-12-17 15:06:00,109.51,109.68,109.44,109.44,145539.0
2024-12-17 15:08:00,109.47,110.2413,109.46,110.2413,393504.0
2024-12-17 15:10:00,110.22,110.49,109.933,110.06,305922.0
2024-12-17 15:12:00,110.03,110.15,109.59,109.89,208027.0
2024-12-17 15:14:00,109.89,110.11,109.7107,109.79,223892.0
2024-12-17 15:16:00,109.7545,109.81,109.41,109.68,163490.0
2024-12-17 15:18:00,109.68,109.8099,109.27,109.29,124472.0
2024-12-17 15:20:00,109.3,109.41,108.96,109.275,196917.0
2024-12-17 15:22:00,109.275,109.33,109.16,109.3,83994.0
2024-12-17 15:24:00,109.28,109.4299,108.87,108.965,129371.0
2024-12-17 15:26:00,109.0,109.33,108.97,109.0532,114184.0
2024-12-17 15:28:00,109.075,109.3,108.97,109.0313,127748.0
2024-12-17 15:30:00,109.11,109.4,109.08,109.38,109828.0
2024-12-17 15:32:00,109.36,109.4497,109.24,109.24,119957.0
2024-12-17 15:34:00,109.22,109.3699,109.095,109.23,99467.0
2024-12-17 15:36:00,109.27,109.29,109.1,109.24,98535.0
2024-12-17 15:38:00,109.205,109.77,109.19,109.678,150778.0
2024-12-17 15:40:00,109.66,109.82,109.48,109.505,136891.0
2024-12-17 15:42:00,109.48,109.54,109.18,109.23,100344.0
2024-12-17 15:44:00,109.24,109.3772,109.18,109.18,92510.0
2024-12-17 15:46:00,109.19,109.29,109.09,109.24,100176.0
2024-12-17 15:48:00,109.22,109.23,108.93,109.055,122600.0
2024-12-17 15:50:00,109.07,109.23,109.02,109.045,71356.0
2024-12-17 15:52:00,109.045,109.2,108.94,108.995,169590.0
2024-12-17 15:54:00,109.01,109.1599,109.0075,109.105,71718.0
2024-12-17 15:56:00,109.08,109.105,108.85,109.0496,102884.0
2024-12-17 15:58:00,109.05,109.25,108.99,109.17,102464.0
2024-12-17 16:00:00,109.16,109.24,109.0101,109.09,84076.0
2024-12-17 16:02:00,109.08,109.1,108.79,108.94,101789.0
2024-12-17 16:04:00,108.93,108.9399,108.5706,108.5716,121169.0
2024-12-17 16:06:00,108.5831,108.8,108.42,108.74,181410.0
2024-12-17 16:08:00,108.74,108.85,108.68,108.78,115718.0
2024-12-17 16:10:00,108.78,108.8948,108.6817,108.77,134982.0
2024-12-17 16:12:00,108.77,108.82,108.64,108.79,117061.0
2024-12-17 16:14:00,108.78,108.94,108.71,108.735,90224.0
2024-12-17 16:16:00,108.73,108.79,108.57,108.68,141441.0
2024-12-17 16:18:00,108.68,108.76,108.5401,108.555,82017.0
2024-12-17 16:20:00,108.58,108.62,108.26,108.2901,103247.0
2024-12-17 16:22:00,108.31,108.53,108.29,108.46,85120.0
2024-12-17 16:24:00,108.5,108.84,108.48,108.745,100770.0
2024-12-17 16:26:00,108.745,108.94,108.71,108.825,101543.0
2024-12-17 16:28:00,108.82,109.0,108.7601,108.97,141776.0
2024-12-17 16:30:00,108.97,109.12,108.8406,109.1,112384.0
2024-12-17 16:32:00,109.085,109.415,109.08,109.36,148971.0
2024-12-17 16:34:00,109.3798,109.58,109.37,109.49,163745.0
2024-12-17 16:36:00,109.505,109.7697,109.48,109.72,127107.0
2024-12-17 16:38:00,109.735,109.7599,109.53,109.5922,91769.0
2024-12-17 16:40:00,109.61,109.625,109.39,109.48,83884.0
2024-12-17 16:42:00,109.47,109.61,109.43,109.575,77476.0
2024-12-17 16:44:00,109.553,109.6,109.43,109.49,75522.0
2024-12-17 16:46:00,109.46,109.5199,109.2288,109.27,108843.0
2024-12-17 16:48:00,109.22,109.2797,109.06,109.1,61571.0
2024-12-17 16:50:00,109.105,109.13,108.9,108.975,94154.0
2024-12-17 16:52:00,108.95,109.05,108.8,108.8,80855.0
2024-12-17 16:54:00,108.82,108.97,108.8,108.863,76062.0
2024-12-17 16:56:00,108.85,108.8672,108.63,108.71,77061.0
2024-12-17 16:58:00,108.69,108.7481,108.62,108.6904,52914.0
2024-12-17 17:00:00,108.7,108.7066,108.43,108.57,111837.0
2024-12-17 17:02:00,108.575,108.5999,108.32,108.51,302040.0
2024-12-17 17:04:00,108.525,108.57,108.405,108.5063,122395.0
2024-12-17 17:06:00,108.5,108.57,108.3152,108.51,96783.0
2024-12-17 17:08:00,108.51,108.53,108.44,108.48,68989.0
2024-12-17 17:10:00,108.485,108.56,108.43,108.55,102565.0
2024-12-17 17:12:00,108.545,108.64,108.4461,108.6286,82170.0
2024-12-17 17:14:00,108.636,108.67,108.5101,108.57,83537.0
2024-12-17 17:16:00,108.55,108.59,108.41,108.55,55459.0
2024-12-17 17:18:00,108.545,108.5637,108.46,108.48,49746.0
2024-12-17 17:20:00,108.48,108.54,108.4137,108.47,47953.0
2024-12-17 17:22:00,108.47,108.56,108.4161,108.47,57028.0
2024-12-17 17:24:00,108.45,108.58,108.45,108.54,48957.0
2024-12-17 17:26:00,108.5195,108.7199,108.5195,108.69,52996.0
2024-12-17 17:28:00,108.69,108.82,108.675,108.71,127637.0
2024-12-17 17:30:00,108.71,108.7579,108.64,108.7443,67134.0
2024-12-17 17:32:00,108.75,108.93,108.73,108.91,70316.0
2024-12-17 17:34:00,108.93,109.0,108.85,108.96,56690.0
2024-12-17 17:36:00,108.99,109.18,108.9669,109.06,87978.0
2024-12-17 17:38:00,109.08,109.15,109.02,109.1,47477.0
2024-12-17 17:40:00,109.08,109.13,108.9601,109.095,64171.0
2024-12-17 17:42:00,109.095,109.18,109.08,109.1672,66519.0
2024-12-17 17:44:00,109.16,109.18,109.06,109.14,80600.0
2024-12-17 17:46:00,109.155,109.19,109.0701,109.09,45893.0
2024-12-17 17:48:00,109.07,109.25,109.07,109.15,47613.0
2024-12-17 17:50:00,109.11,109.2,109.08,109.09,37516.0
2024-12-17 17:52:00,109.08,109.1299,108.94,109.1252,82754.0
2024-12-17 17:54:00,109.115,109.2,109.06,109.16,45905.0
2024-12-17 17:56:00,109.1367,109.15,109.0592,109.15,34905.0
2024-12-17 17:58:00,109.155,109.23,109.06,109.21,78422.0
2024-12-17 18:00:00,109.2,109.2,108.52,108.55,1614556.0
2024-12-17 18:02:00,108.56,108.77,108.36,108.77,112544.0
2024-12-17 18:04:00,108.77,108.8826,108.76,108.84,39226.0
2024-12-17 18:06:00,108.84,109.0,108.7201,108.9799,94112.0
2024-12-17 18:08:00,108.9401,109.0999,108.88,109.06,45246.0
2024-12-17 18:10:00,109.0603,109.12,108.99,109.1,75517.0
2024-12-17 18:12:00,109.09,109.17,109.01,109.09,55430.0
2024-12-17 18:14:00,109.09,109.11,108.93,109.023,54478.0
2024-12-17 18:16:00,109.01,109.0532,108.95,109.0,52050.0
2024-12-17 18:18:00,108.99,109.05,108.91,109.0,88314.0
2024-12-17 18:20:00,109.0189,109.04,108.91,108.99,65546.0
2024-12-17 18:22:00,108.96,109.03,108.96,108.985,41349.0
2024-12-17 18:24:00,108.985,108.9864,108.88,108.9,138169.0
2024-12-17 18:26:00,108.91,109.09,108.88,109.04,74603.0
2024-12-17 18:28:00,109.0125,109.02,108.74,108.815,65094.0
2024-12-17 18:30:00,108.82,108.87,108.76,108.82,45478.0
2024-12-17 18:32:00,108.83,108.98,108.81,108.9522,55978.0
2024-12-17 18:34:00,108.98,109.02,108.899,108.925,64212.0
2024-12-17 18:36:00,108.925,109.05,108.925,109.03,76838.0
2024-12-17 18:38:00,109.02,109.07,108.93,108.9546,61727.0
2024-12-17 18:40:00,108.94,109.05,108.93,109.0015,80153.0
2024-12-17 18:42:00,109.01,109.11,108.9813,109.02,67501.0
2024-12-17 18:44:00,109.03,109.03,108.88,109.01,57207.0
2024-12-17 18:46:00,109.01,109.02,108.7301,108.785,70170.0
2024-12-17 18:48:00,108.81,108.85,108.7701,108.8,55610.0
2024-12-17 18:50:00,108.7618,108.86,108.73,108.83,107485.0
2024-12-17 18:52:00,108.815,108.83,108.7,108.785,65172.0
2024-12-17 18:54:00,108.785,108.79,108.62,108.7,54154.0
2024-12-17 18:56:00,108.71,108.74,108.48,108.4974,123698.0
2024-12-17 18:58:00,108.5,108.5547,108.39,108.445,65623.0
2024-12-17 19:00:00,108.42,108.54,108.34,108.37,72920.0
2024-12-17 19:02:00,108.37,108.39,108.11,108.16,117994.0
2024-12-17 19:04:00,108.17,108.19,107.89,108.015,295094.0
2024-12-17 19:06:00,108.0,108.34,107.91,108.2923,107948.0
2024-12-17 19:08:00,108.34,108.5477,108.2725,108.2725,91988.0
2024-12-17 19:10:00,108.29,108.38,108.23,108.26,74283.0
2024-12-17 19:12:00,108.275,108.55,108.26,108.53,105033.0
2024-12-17 19:14:00,108.52,108.5236,108.3181,108.515,64183.0
2024-12-17 19:16:00,108.495,108.6,108.44,108.45,54416.0
2024-12-17 19:18:00,108.46,108.54,108.38,108.4,43964.0
2024-12-17 19:20:00,108.4,108.4,108.2149,108.27,53356.0
2024-12-17 19:22:00,108.26,108.26,108.02,108.07,79859.0
2024-12-17 19:24:00,108.07,108.14,107.94,107.98,88202.0
2024-12-17 19:26:00,107.965,108.1,107.96,108.07,75307.0
2024-12-17 19:28:00,108.065,108.11,108.01,108.07,55029.0
2024-12-17 19:30:00,108.07,108.07,107.8201,107.9463,90543.0
2024-12-17 19:32:00,107.92,107.95,107.75,107.76,96622.0
2024-12-17 19:34:00,107.77,107.86,107.71,107.795,100204.0
2024-12-17 19:36:00,107.795,107.81,107.69,107.7,102023.0
2024-12-17 19:38:00,107.705,107.8323,107.695,107.79,85929.0
2024-12-17 19:40:00,107.77,107.85,107.734,107.81,64476.0
2024-12-17 19:42:00,107.81,107.92,107.75,107.92,54707.0
2024-12-17 19:44:00,107.91,107.97,107.8276,107.835,65992.0
2024-12-17 19:46:00,107.835,107.85,107.68,107.7,63015.0
2024-12-17 19:48:00,107.735,107.88,107.7101,107.85,56566.0
2024-12-17 19:50:00,107.84,107.9026,107.82,107.88,62945.0
2024-12-17 19:52:00,107.89,107.98,107.8,107.8408,59202.0
2024-12-17 19:54:00,107.8327,107.9,107.81,107.8878,38715.0
2024-12-17 19:56:00,107.89,107.95,107.82,107.885,40136.0
2024-12-17 19:58:00,107.885,107.92,107.8,107.86,51308.0
2024-12-17 20:00:00,107.85,107.88,107.72,107.74,67393.0
2024-12-17 20:02:00,107.7216,107.9,107.7216,107.84,60938.0
2024-12-17 20:04:00,107.82,107.8398,107.71,107.74,63389.0
2024-12-17 20:06:00,107.74,107.7799,107.7,107.725,71748.0
2024-12-17 20:08:00,107.74,107.84,107.71,107.84,50914.0
2024-12-17 20:10:00,107.84,107.92,107.83,107.87,65912.0
2024-12-17 20:12:00,107.87,107.8709,107.75,107.825,82536.0
2024-12-17 20:14:00,107.84,107.99,107.8205,107.9308,94348.0
2024-12-17 20:16:00,107.949,108.04,107.8895,107.9977,72548.0
2024-12-17 20:18:00,108.01,108.18,108.0,108.1553,88314.0
2024-12-17 20:20:00,108.179,108.27,108.1301,108.255,86815.0
2024-12-17 20:22:00,108.2665,108.2694,108.02,108.07,114323.0
2024-12-17 20:24:00,108.075,108.17,108.0501,108.15,67983.0
2024-12-17 20:26:00,108.17,108.231,108.08,108.165,63165.0
2024-12-17 20:28:00,108.17,108.23,108.12,108.23,66706.0
2024-12-17 20:30:00,108.24,108.28,108.12,108.13,76574.0
2024-12-17 20:32:00,108.145,108.2,107.95,107.99,110750.0
2024-12-17 20:34:00,108.0,108.005,107.86,107.91,90776.0
2024-12-17 20:36:00,107.9,108.01,107.8907,107.995,79686.0
2024-12-17 20:38:00,107.99,108.15,107.96,108.11,83665.0
2024-12-17 20:40:00,108.12,108.46,108.08,108.42,157165.0
2024-12-17 20:42:00,108.42,108.59,108.36,108.52,145106.0
2024-12-17 20:44:00,108.55,108.77,108.5143,108.695,144629.0
2024-12-17 20:46:00,108.695,108.847,108.69,108.78,162029.0
2024-12-17 20:48:00,108.77,109.04,108.76,109.01,259490.0
2024-12-17 20:50:00,109.03,109.13,108.85,108.925,240142.0
2024-12-17 20:52:00,108.925,108.94,108.75,108.865,172128.0
2024-12-17 20:54:00,108.88,109.0678,108.53,108.61,350044.0
2024-12-17 20:56:00,108.59,108.68,108.54,108.65,377171.0
2024-12-17 20:58:00,108.64,108.76,108.58,108.64,620027.0
2024-12-17 21:00:00,108.6,108.83,108.6,108.75,126169.0
2024-12-17 21:02:00,108.8,108.92,108.75,108.75,12992.0
2024-12-17 21:04:00,108.7501,109.0,108.6,108.99,22851.0
2024-12-17 21:06:00,108.93,108.9501,108.81,108.93,21687.0
2024-12-17 21:08:00,108.95,108.99,108.93,108.99,2506.0
2024-12-17 21:10:00,109.0,109.0,108.96,108.99,9673.0
2024-12-17 21:12:00,108.99,109.05,108.95,109.0401,14058.0
2024-12-17 21:14:00,109.0105,109.1,109.01,109.08,14589.0
2024-12-17 21:16:00,109.04,109.1,109.01,109.08,5943.0
2024-12-17 21:18:00,109.02,109.12,109.02,109.12,7642.0
2024-12-17 21:20:00,109.13,109.3699,109.13,109.3687,52722.0
2024-12-17 21:22:00,109.3,109.3,109.26,109.27,4430.0
2024-12-17 21:24:00,109.2703,109.3499,109.26,109.3,9258.0
2024-12-17 21:26:00,109.35,109.4,109.32,109.4,3227.0
2024-12-17 21:28:00,109.4,109.45,109.34,109.45,6806.0
2024-12-17 21:30:00,109.43,109.43,109.21,109.2208,9557.0
2024-12-17 21:32:00,109.3,109.3,108.6,109.24,4312.0
2024-12-17 21:34:00,109.29,109.29,109.16,109.22,6028.0
2024-12-17 21:36:00,109.1632,109.1632,109.09,109.09,2111.0
2024-12-17 21:38:00,109.09,109.2,109.09,109.2,6359.0
2024-12-17 21:40:00,109.2,109.2,108.6,109.2,3813.0
2024-12-17 21:42:00,109.24,109.25,109.23,109.25,3839.0
2024-12-17 21:44:00,109.25,109.25,109.1403,109.1403,5775.0
2024-12-17 21:46:00,109.19,109.19,109.11,109.19,4234.0
2024-12-17 21:48:00,109.1885,109.1885,108.6,109.15,5219.0
2024-12-17 21:50:00,109.13,109.1592,109.08,109.13,14874.0
2024-12-17 21:52:00,109.13,109.13,109.1001,109.1294,8675.0
2024-12-17 21:54:00,109.1003,109.1003,109.04,109.09,5996.0
2024-12-17 21:56:00,109.04,109.13,109.04,109.08,8597.0
2024-12-17 21:58:00,109.05,109.08,109.01,109.05,2150.0
2024-12-17 22:00:00,109.08,109.18,109.08,109.1,3782.0
2024-12-17 22:02:00,109.09,109.1,109.0308,109.0308,1761.0
2024-12-17 22:04:00,109.01,109.1,109.0015,109.0015,5685.0
2024-12-17 22:06:00,109.1,109.1,109.05,109.1,3138.0
2024-12-17 22:08:00,109.0993,109.0993,109.06,109.06,407.0
2024-12-17 22:10:00,109.0742,109.0742,109.0742,109.0742,437.0
2024-12-17 22:12:00,109.0601,109.0601,109.06,109.06,1129.0
2024-12-17 22:14:00,109.0001,109.06,109.0,109.06,1377.0
2024-12-17 22:16:00,109.06,109.06,109.0594,109.06,1698.0
2024-12-17 22:18:00,109.0996,109.1,109.08,109.1,4731.0
2024-12-17 22:20:00,109.1,109.15,109.08,109.08,4904.0
2024-12-17 22:22:00,109.09,109.15,109.08,109.08,837.0
2024-12-17 22:24:00,109.01,109.08,108.98,108.99,7135.0
2024-12-17 22:26:00,109.005,109.08,108.96,109.07,3432.0
2024-12-17 22:28:00,109.07,109.07,109.07,109.07,287.0
2024-12-17 22:30:00,109.0796,109.0796,109.06,109.07,2489.0
2024-12-17 22:32:00,109.07,109.08,109.0,109.08,1262.0
2024-12-17 22:34:00,109.0001,109.25,109.0001,109.01,3997.0
2024-12-17 22:36:00,109.0338,109.2195,109.0338,109.2195,236.0
2024-12-17 22:38:00,109.1999,109.2,109.14,109.2,1458.0
2024-12-17 22:40:00,109.17,109.38,109.17,109.3523,2911.0
2024-12-17 22:42:00,109.35,109.35,109.2898,109.29,2334.0
2024-12-17 22:44:00,109.2899,109.29,109.27,109.27,1444.0
2024-12-17 22:46:00,109.27,109.27,109.27,109.27,454.0
2024-12-17 22:48:00,109.27,109.27,109.2,109.2,602.0
2024-12-17 22:50:00,109.14,109.2,109.14,109.2,1770.0
2024-12-17 22:52:00,109.2,109.2,109.2,109.2,1678.0
2024-12-17 22:54:00,109.1001,109.1001,109.1001,109.1001,946.0
2024-12-17 22:56:00,109.2,109.2,109.16,109.16,3568.0
2024-12-17 23:00:00,109.3,109.3,109.15,109.3,1061.0
2024-12-17 23:02:00,109.29,109.29,108.5338,108.88,23625.0
2024-12-17 23:04:00,108.8,108.8,108.51,108.53,4041.0
2024-12-17 23:06:00,108.53,108.85,108.53,108.62,8967.0
2024-12-17 23:08:00,108.7,108.8501,108.6,108.8501,7230.0
2024-12-17 23:10:00,108.98,108.99,108.95,108.99,3496.0
2024-12-17 23:12:00,108.97,108.99,108.76,108.99,2547.0
2024-12-17 23:14:00,108.98,108.98,108.9,108.9,822.0
2024-12-17 23:16:00,108.73,108.9847,108.73,108.9847,1406.0
2024-12-17 23:18:00,108.9875,108.9875,108.9,108.96,1226.0
2024-12-17 23:20:00,108.9875,108.99,108.9858,108.99,921.0
2024-12-17 23:22:00,108.92,108.92,108.92,108.92,419.0
2024-12-17 23:24:00,108.99,108.99,108.947,108.947,951.0
2024-12-17 23:26:00,108.91,108.95,108.9,108.95,1899.0
2024-12-17 23:28:00,108.95,108.95,108.92,108.92,632.0
2024-12-17 23:30:00,108.9,108.9,108.9,108.9,945.0
2024-12-17 23:32:00,108.9399,108.9399,108.9399,108.9399,600.0
2024-12-17 23:34:00,108.92,108.94,108.92,108.94,828.0
2024-12-17 23:36:00,108.94,108.97,108.94,108.942,4839.0
2024-12-17 23:38:00,108.97,108.97,108.9309,108.97,1065.0
2024-12-17 23:40:00,108.99,108.99,108.93,108.93,2344.0
2024-12-17 23:42:00,108.93,108.99,108.9,108.9,5878.0
2024-12-17 23:44:00,108.9,108.9,108.81,108.83,1280.0
2024-12-17 23:48:00,108.99,108.99,108.92,108.9856,766.0
2024-12-17 23:50:00,108.95,108.95,108.93,108.95,813.0
2024-12-17 23:52:00,108.9898,108.9898,108.9898,108.9898,271.0
2024-12-17 23:54:00,109.0,109.0,109.0,109.0,1190.0
2024-12-17 23:56:00,109.0,109.0,109.0,109.0,102.0
2024-12-17 23:58:00,109.06,109.1415,109.06,109.07,1566.0
2024-12-18 00:00:00,109.05,109.07,109.05,109.07,819.0
2024-12-18 00:02:00,109.07,109.19,109.07,109.19,1633.0
2024-12-18 00:04:00,109.1899,109.1899,109.1899,109.1899,1295.0
2024-12-18 00:06:00,109.16,109.16,109.16,109.16,615.0
2024-12-18 00:10:00,109.1,109.1,109.07,109.07,1224.0
2024-12-18 00:14:00,109.07,109.1,109.0683,109.0683,1786.0
2024-12-18 00:16:00,109.07,109.07,109.07,109.07,416.0
2024-12-18 00:18:00,109.06,109.1,109.06,109.1,3319.0
2024-12-18 00:20:00,109.1,109.1,109.04,109.04,805.0
2024-12-18 00:22:00,109.1,109.1,109.1,109.1,234.0
2024-12-18 00:24:00,109.09,109.1778,109.04,109.1778,3406.0
2024-12-18 00:26:00,109.1,109.16,109.1,109.11,3183.0
2024-12-18 00:28:00,109.1,109.18,109.02,109.04,3309.0
2024-12-18 00:30:00,109.14,109.15,109.14,109.1499,802.0
2024-12-18 00:32:00,109.1499,109.19,109.1499,109.19,960.0
2024-12-18 00:34:00,109.19,109.2,109.19,109.19,3931.0
2024-12-18 00:36:00,109.23,109.2481,109.23,109.2481,1362.0
2024-12-18 00:38:00,109.25,109.25,109.24,109.25,1763.0
2024-12-18 00:40:00,109.23,109.25,109.22,109.25,1530.0
2024-12-18 00:42:00,109.25,109.3372,109.25,109.25,5305.0
2024-12-18 00:44:00,109.3001,109.34,109.3001,109.34,2730.0
2024-12-18 00:46:00,109.2508,109.3498,109.2508,109.3392,2186.0
2024-12-18 00:48:00,109.34,109.38,109.34,109.38,2620.0
2024-12-18 00:50:00,109.3899,109.45,109.2742,109.2742,3249.0
2024-12-18 00:52:00,109.4,109.45,109.4,109.42,4923.0
2024-12-18 00:54:00,109.43,109.49,109.3206,109.48,2984.0
2024-12-18 00:56:00,109.42,109.49,109.4,109.43,5633.0
2024-12-18 00:58:00,109.41,109.5,109.35,109.35,7611.0
2024-12-18 09:00:00,109.82,110.55,109.79,109.99,25337.0
2024-12-18 09:02:00,110.0,110.08,109.75,109.83,7844.0
2024-12-18 09:04:00,109.79,109.91,109.77,109.9,4619.0
2024-12-18 09:06:00,109.9,110.06,109.9,110.06,3553.0
2024-12-18 09:08:00,110.0,110.0,109.88,109.88,3154.0
2024-12-18 09:10:00,109.84,109.87,109.83,109.87,1777.0
2024-12-18 09:12:00,109.88,109.88,109.54,109.67,4609.0
2024-12-18 09:14:00,109.75,109.75,109.7,109.74,2339.0
2024-12-18 09:16:00,109.7,109.7,109.7,109.7,1660.0
2024-12-18 09:18:00,109.75,109.8,109.7,109.73,2130.0
2024-12-18 09:24:00,109.79,109.8,109.7,109.8,4071.0
2024-12-18 09:26:00,109.79,110.0,109.79,109.88,4123.0
2024-12-18 09:28:00,109.97,109.97,109.67,109.67,2690.0
2024-12-18 09:30:00,109.78,109.84,109.78,109.84,410.0
2024-12-18 09:32:00,109.9,109.93,109.9,109.93,338.0
2024-12-18 09:34:00,109.95,109.95,109.93,109.93,210.0
2024-12-18 09:36:00,109.95,109.95,109.95,109.95,593.0
2024-12-18 09:38:00,109.95,109.95,109.93,109.95,1753.0
2024-12-18 09:40:00,109.99,110.02,109.98,110.02,2124.0
2024-12-18 09:42:00,110.07,110.07,109.98,110.0,4868.0
2024-12-18 09:44:00,110.14,110.14,110.14,110.14,666.0
2024-12-18 09:46:00,110.12,110.24,110.08,110.24,5852.0
2024-12-18 09:48:00,110.24,110.38,110.24,110.31,2670.0
2024-12-18 09:50:00,110.37,110.46,110.37,110.45,4052.0
2024-12-18 09:52:00,110.46,110.46,110.43,110.43,2046.0
2024-12-18 09:54:00,110.39,110.39,110.3,110.3,3658.0
2024-12-18 09:56:00,110.39,110.39,110.3,110.3,4626.0
2024-12-18 09:58:00,110.3,110.3,110.25,110.26,801.0
2024-12-18 10:00:00,110.25,110.26,110.25,110.25,450.0
2024-12-18 10:02:00,110.27,110.27,110.27,110.27,1675.0
2024-12-18 10:04:00,110.37,110.37,110.37,110.37,385.0
2024-12-18 10:06:00,110.33,110.43,110.33,110.43,1714.0
2024-12-18 10:08:00,110.4,110.45,110.36,110.45,3316.0
2024-12-18 10:10:00,110.42,110.42,110.27,110.27,6799.0
2024-12-18 10:12:00,110.27,110.27,110.2,110.2,3959.0
2024-12-18 10:14:00,110.29,110.45,110.13,110.3,12896.0
2024-12-18 10:18:00,110.34,110.34,110.34,110.34,691.0
2024-12-18 10:20:00,110.24,110.32,110.23,110.23,1540.0
2024-12-18 10:22:00,110.29,110.29,110.22,110.22,811.0
2024-12-18 10:24:00,110.28,110.28,110.28,110.28,332.0
2024-12-18 10:30:00,110.21,110.21,110.12,110.12,1043.0
2024-12-18 10:32:00,110.02,110.15,110.02,110.15,765.0
2024-12-18 10:34:00,110.1,110.1,110.1,110.1,525.0
2024-12-18 10:36:00,110.13,110.13,110.13,110.13,587.0
2024-12-18 10:38:00,110.22,110.22,110.21,110.22,1034.0
2024-12-18 10:40:00,110.16,110.19,110.05,110.19,2249.0
2024-12-18 10:42:00,110.19,110.19,110.19,110.19,256.0
2024-12-18 10:44:00,110.15,110.15,110.14,110.14,372.0
2024-12-18 10:46:00,110.09,110.09,110.08,110.08,602.0
2024-12-18 10:48:00,110.08,110.08,110.08,110.08,2129.0
2024-12-18 10:52:00,110.09,110.09,110.09,110.09,375.0
2024-12-18 10:54:00,110.13,110.13,110.08,110.08,1343.0
2024-12-18 10:56:00,110.18,110.22,110.18,110.22,1021.0
2024-12-18 10:58:00,110.21,110.29,110.18,110.29,1952.0
2024-12-18 11:00:00,110.25,110.27,110.24,110.27,1839.0
2024-12-18 11:02:00,110.29,110.29,110.27,110.29,1665.0
2024-12-18 11:04:00,110.35,110.37,110.35,110.37,884.0
2024-12-18 11:08:00,110.32,110.32,110.3,110.31,2733.0
2024-12-18 11:10:00,110.29,110.29,110.29,110.29,305.0
2024-12-18 11:12:00,110.26,110.3,110.25,110.3,2456.0
2024-12-18 11:14:00,110.27,110.29,110.17,110.29,2077.0
2024-12-18 11:16:00,110.3,110.32,110.3,110.32,721.0
2024-12-18 11:18:00,110.3,110.4,110.3,110.37,2341.0
2024-12-18 11:20:00,110.37,110.39,110.35,110.35,1562.0
2024-12-18 11:22:00,110.39,110.46,110.39,110.46,4035.0
2024-12-18 11:24:00,110.47,110.47,110.46,110.46,1015.0
2024-12-18 11:26:00,110.47,110.47,110.45,110.45,1179.0
2024-12-18 11:28:00,110.41,110.41,110.31,110.31,2845.0
2024-12-18 11:30:00,110.3,110.3,110.3,110.3,491.0
2024-12-18 11:32:00,110.31,110.31,110.31,110.31,151.0
2024-12-18 11:36:00,110.31,110.31,110.29,110.29,1474.0
2024-12-18 11:38:00,110.26,110.35,110.25,110.35,1353.0
2024-12-18 11:40:00,110.35,110.35,110.21,110.23,2961.0
2024-12-18 11:42:00,110.27,110.27,110.27,110.27,156.0
2024-12-18 11:48:00,110.2,110.2,110.15,110.15,2222.0
2024-12-18 11:50:00,110.14,110.14,110.1,110.1,1912.0
2024-12-18 11:52:00,110.1,110.1,109.88,109.88,15709.0
2024-12-18 11:54:00,109.85,109.9,109.85,109.9,1665.0
2024-12-18 11:58:00,109.97,109.97,109.7,109.8,4706.0
2024-12-18 12:00:00,109.8,110.01,109.7,109.89,9405.0
2024-12-18 12:02:00,109.89,109.99,109.84,109.99,2680.0
2024-12-18 12:04:00,110.14,110.14,110.1,110.1,857.0
2024-12-18 12:06:00,110.02,110.1,110.02,110.1,1562.0
2024-12-18 12:08:00,110.05,110.1,110.05,110.05,3355.0
2024-12-18 12:12:00,110.1,110.2,110.1,110.2,4445.0
2024-12-18 12:14:00,110.27,110.27,110.2,110.2,2461.0
2024-12-18 12:16:00,110.22,110.22,110.15,110.15,3240.0
2024-12-18 12:18:00,110.11,110.115,110.06,110.115,2472.0
2024-12-18 12:20:00,110.12,110.22,110.12,110.22,4282.0
2024-12-18 12:22:00,110.22,110.37,110.22,110.37,8652.0
2024-12-18 12:24:00,110.33,110.5,110.29,110.4,9363.0
2024-12-18 12:26:00,110.35,110.39,110.21,110.27,6945.0
2024-12-18 12:28:00,110.2,110.2,110.0,110.0,10161.0
2024-12-18 12:30:00,110.07,110.07,110.07,110.07,883.0
2024-12-18 12:32:00,110.16,110.16,110.13,110.13,850.0
2024-12-18 12:34:00,110.18,110.25,110.18,110.25,1941.0
2024-12-18 12:36:00,110.24,110.24,110.12,110.13,4354.0
2024-12-18 12:38:00,110.19,110.24,110.19,110.24,633.0
2024-12-18 12:40:00,110.24,110.25,110.24,110.25,1221.0
2024-12-18 12:42:00,110.25,110.25,110.25,110.25,3585.0
2024-12-18 12:44:00,110.23,110.23,110.12,110.18,4698.0
2024-12-18 12:46:00,110.16,110.23,110.16,110.23,5025.0
2024-12-18 12:48:00,110.29,110.4,110.29,110.37,8445.0
2024-12-18 12:50:00,110.38,110.47,110.38,110.47,10800.0
2024-12-18 12:52:00,110.48,110.6,110.48,110.57,10633.0
2024-12-18 12:54:00,110.65,110.72,110.63,110.7,5039.0
2024-12-18 12:56:00,110.73,110.77,110.7,110.75,4620.0
2024-12-18 12:58:00,110.779,110.779,110.65,110.75,4721.0
2024-12-18 13:00:00,109.7,110.7887,109.2,110.7,193879.0
2024-12-18 13:02:00,110.66,110.75,110.6204,110.6999,13966.0
2024-12-18 13:04:00,110.68,110.79,110.55,110.55,22162.0
2024-12-18 13:06:00,110.58,110.5999,110.37,110.46,9200.0
2024-12-18 13:08:00,110.46,110.46,110.35,110.37,6908.0
2024-12-18 13:10:00,110.35,110.4,110.35,110.38,10165.0
2024-12-18 13:12:00,110.39,110.5,110.39,110.48,4764.0
2024-12-18 13:14:00,110.46,110.62,110.46,110.62,891.0
2024-12-18 13:16:00,110.51,110.58,110.45,110.5662,18217.0
2024-12-18 13:18:00,110.54,110.54,110.4,110.53,7152.0
2024-12-18 13:20:00,110.53,110.53,110.4,110.522,4414.0
2024-12-18 13:22:00,110.3501,110.3799,110.3,110.31,9455.0
2024-12-18 13:24:00,110.31,110.44,110.31,110.44,4479.0
2024-12-18 13:26:00,110.44,110.57,110.42,110.5,15428.0
2024-12-18 13:28:00,110.48,110.6,110.34,110.58,31801.0
2024-12-18 13:30:00,110.4,110.6,110.4,110.5,5119.0
2024-12-18 13:32:00,110.53,110.55,110.5,110.55,3173.0
2024-12-18 13:34:00,110.49,110.54,110.45,110.4503,3862.0
2024-12-18 13:36:00,110.47,110.5,110.34,110.49,59870.0
2024-12-18 13:38:00,110.49,110.49,110.34,110.35,7856.0
2024-12-18 13:40:00,110.33,110.4,110.23,110.35,14205.0
2024-12-18 13:42:00,110.3,110.35,110.15,110.3,11998.0
2024-12-18 13:44:00,110.26,110.3,110.05,110.25,16094.0
2024-12-18 13:46:00,110.2,110.2,110.05,110.05,12913.0
2024-12-18 13:48:00,110.05,110.1,109.94,110.0899,41324.0
2024-12-18 13:50:00,110.09,110.29,110.09,110.24,8322.0
2024-12-18 13:52:00,110.24,110.25,110.15,110.23,8868.0
2024-12-18 13:54:00,110.24,110.35,110.19,110.25,11696.0
2024-12-18 13:56:00,110.3,110.42,110.23,110.27,33864.0
2024-12-18 13:58:00,110.31,110.31,110.19,110.2199,9254.0
2024-12-18 14:00:00,110.17,110.38,110.16,110.38,6722.0
2024-12-18 14:02:00,110.37,110.4,110.35,110.36,5342.0
2024-12-18 14:04:00,110.4,110.45,110.38,110.4487,21491.0
2024-12-18 14:06:00,110.41,110.45,110.3004,110.33,6056.0
2024-12-18 14:08:00,110.33,110.34,110.21,110.34,9292.0
2024-12-18 14:10:00,110.35,110.35,110.3,110.3001,4200.0
2024-12-18 14:12:00,110.35,110.4,110.33,110.36,4452.0
2024-12-18 14:14:00,110.4,110.4,110.32,110.39,10878.0
2024-12-18 14:16:00,110.3401,110.54,110.34,110.54,15960.0
2024-12-18 14:18:00,110.55,110.84,110.53,110.57,31449.0
2024-12-18 14:20:00,110.68,110.7,110.5,110.521,18324.0
2024-12-18 14:22:00,110.59,110.63,110.55,110.5987,7081.0
2024-12-18 14:24:00,110.56,110.8,110.5,110.55,17170.0
2024-12-18 14:26:00,110.54,110.67,110.5,110.53,19471.0
2024-12-18 14:28:00,110.53,110.53,110.23,110.25,28927.0
2024-12-18 14:30:00,110.25,110.5,109.4333,109.62,910688.0
2024-12-18 14:32:00,109.6199,110.5,109.35,109.9863,419997.0
2024-12-18 14:34:00,109.91,110.36,109.6101,110.35,229959.0
2024-12-18 14:36:00,110.29,110.969,109.99,110.969,414916.0
2024-12-18 14:38:00,110.95,111.4,110.659,111.3433,508180.0
2024-12-18 14:40:00,111.31,111.95,111.1901,111.8,660137.0
2024-12-18 14:42:00,111.8,112.04,111.59,111.775,542721.0
2024-12-18 14:44:00,111.76,111.88,111.29,111.58,471847.0
2024-12-18 14:46:00,111.545,111.63,110.94,111.0,281645.0
2024-12-18 14:48:00,110.97,111.02,110.09,110.18,406554.0
2024-12-18 14:50:00,110.15,110.49,109.9001,110.16,424852.0
2024-12-18 14:52:00,110.17,110.2199,109.8501,110.1536,207686.0
2024-12-18 14:54:00,110.16,110.5,110.12,110.3,209126.0
2024-12-18 14:56:00,110.3,110.3232,109.84,110.0285,228339.0
2024-12-18 14:58:00,110.0482,110.0499,109.7947,109.94,197685.0
2024-12-18 15:00:00,109.97,110.75,109.955,110.64,344162.0
2024-12-18 15:02:00,110.63,110.89,110.21,110.43,261667.0
2024-12-18 15:04:00,110.425,110.61,110.34,110.495,162028.0
2024-12-18 15:06:00,110.4905,110.835,110.4,110.785,181664.0
2024-12-18 15:08:00,110.77,111.13,110.55,110.6,283294.0
2024-12-18 15:10:00,110.5652,110.9299,110.5,110.9,175918.0
2024-12-18 15:12:00,110.86,111.35,110.75,111.0,272279.0
2024-12-18 15:14:00,111.02,111.33,110.961,111.1,236311.0
2024-12-18 15:16:00,111.12,111.24,110.74,110.74,207080.0
2024-12-18 15:18:00,110.7182,110.88,110.5801,110.7699,164802.0
2024-12-18 15:20:00,110.76,111.03,110.62,111.03,130769.0
2024-12-18 15:22:00,111.04,111.15,110.5601,110.605,165179.0
2024-12-18 15:24:00,110.5948,110.605,110.3871,110.5,156875.0
2024-12-18 15:26:00,110.51,110.57,110.35,110.44,115343.0
2024-12-18 15:28:00,110.45,110.84,110.4,110.77,170530.0
2024-12-18 15:30:00,110.785,110.99,110.63,110.9392,160769.0
2024-12-18 15:32:00,110.9299,111.04,110.8,111.005,153640.0
2024-12-18 15:34:00,111.03,111.06,110.92,110.96,154098.0
2024-12-18 15:36:00,110.96,111.005,110.72,110.855,142021.0
2024-12-18 15:38:00,110.87,110.8994,110.64,110.695,70942.0
2024-12-18 15:40:00,110.69,110.8,110.57,110.78,83724.0
2024-12-18 15:42:00,110.77,110.88,110.57,110.57,109182.0
2024-12-18 15:44:00,110.595,111.05,110.4401,111.02,195155.0
2024-12-18 15:46:00,111.035,111.2,110.79,110.91,112796.0
2024-12-18 15:48:00,110.89,111.08,110.71,111.01,97508.0
2024-12-18 15:50:00,111.0005,111.36,110.8501,110.86,221819.0
2024-12-18 15:52:00,110.86,110.99,110.66,110.74,120479.0
2024-12-18 15:54:00,110.7499,110.88,110.66,110.84,77838.0
2024-12-18 15:56:00,110.85,111.15,110.8443,111.03,89798.0
2024-12-18 15:58:00,111.0202,111.06,110.82,110.87,75931.0
2024-12-18 16:00:00,110.85,110.98,110.7823,110.9,68785.0
2024-12-18 16:02:00,110.91,111.02,110.8876,110.98,63906.0
2024-12-18 16:04:00,110.98,111.2,110.94,111.16,96279.0
2024-12-18 16:06:00,111.13,111.26,111.1,111.19,118454.0
2024-12-18 16:08:00,111.19,111.26,111.13,111.18,151184.0
2024-12-18 16:10:00,111.18,111.5293,111.15,111.51,307116.0
2024-12-18 16:12:00,111.52,111.69,111.48,111.55,255096.0
2024-12-18 16:14:00,111.5587,111.75,111.4101,111.42,200209.0
2024-12-18 16:16:00,111.41,111.4399,111.06,111.0847,149277.0
2024-12-18 16:18:00,111.06,111.1417,110.89,111.035,139952.0
2024-12-18 16:20:00,111.04,111.06,110.9001,110.94,96690.0
2024-12-18 16:22:00,110.948,111.17,110.91,111.13,98921.0
2024-12-18 16:24:00,111.13,111.2,111.01,111.14,97752.0
2024-12-18 16:26:00,111.14,111.36,111.14,111.3569,81242.0
2024-12-18 16:28:00,111.3,111.575,111.3,111.44,163850.0
2024-12-18 16:30:00,111.4299,111.4842,111.24,111.3393,121059.0
2024-12-18 16:32:00,111.32,111.3622,111.18,111.29,93091.0
2024-12-18 16:34:00,111.3,111.3197,111.07,111.08,76084.0
2024-12-18 16:36:00,111.08,111.17,110.95,110.95,176032.0
2024-12-18 16:38:00,110.95,111.04,110.86,111.01,127700.0
2024-12-18 16:40:00,111.01,111.019932,110.77,110.92,146390.0
2024-12-18 16:42:00,110.92,111.07,110.92,110.97,96037.0
2024-12-18 16:44:00,110.96,110.965,110.66,110.665,165848.0
2024-12-18 16:46:00,110.68,110.685,110.42,110.5337,255084.0
2024-12-18 16:48:00,110.54,110.56,110.42,110.49,88967.0
2024-12-18 16:50:00,110.495,110.495,110.21,110.2447,123626.0
2024-12-18 16:52:00,110.22,110.38,110.1,110.315,169736.0
2024-12-18 16:54:00,110.32,110.56,110.21,110.2796,99650.0
2024-12-18 16:56:00,110.24,110.38,110.08,110.1,98454.0
2024-12-18 16:58:00,110.12,110.3971,110.12,110.34,73060.0
2024-12-18 17:00:00,110.3424,110.39,110.28,110.39,75868.0
2024-12-18 17:02:00,110.39,110.43,110.17,110.2536,73561.0
2024-12-18 17:04:00,110.2361,110.29,109.98,110.03,154870.0
2024-12-18 17:06:00,110.035,110.14,110.0,110.0,108175.0
2024-12-18 17:08:00,110.0,110.26,109.98,110.1719,110248.0
2024-12-18 17:10:00,110.15,110.18,109.96,110.09,142557.0
2024-12-18 17:12:00,110.1,110.17,110.03,110.065,63024.0
2024-12-18 17:14:00,110.0504,110.11,109.9,110.065,185549.0
2024-12-18 17:16:00,110.07,110.14,109.92,110.09,70431.0
2024-12-18 17:18:00,110.09,110.35,110.07,110.35,103378.0
2024-12-18 17:20:00,110.321,110.37,110.1,110.1599,90293.0
2024-12-18 17:22:00,110.15,110.525,110.1441,110.46,207082.0
2024-12-18 17:24:00,110.45,110.55,110.41,110.49,74178.0
2024-12-18 17:26:00,110.469,110.4897,110.32,110.325,142601.0
2024-12-18 17:28:00,110.325,110.34,110.13,110.15,58190.0
2024-12-18 17:30:00,110.13,110.317,110.08,110.28,68873.0
2024-12-18 17:32:00,110.31,110.5,110.27,110.5,68524.0
2024-12-18 17:34:00,110.5,110.58,110.35,110.5101,57908.0
2024-12-18 17:36:00,110.5104,110.64,110.33,110.3496,60965.0
2024-12-18 17:38:00,110.34,110.36,110.016,110.148,876876.0
2024-12-18 17:40:00,110.13,110.15,109.96,110.135,195142.0
2024-12-18 17:42:00,110.12,110.18,110.04,110.05,63069.0
2024-12-18 17:44:00,110.06,110.1,109.98,110.05,121350.0
2024-12-18 17:46:00,110.04,110.0694,109.9,109.98,87007.0
2024-12-18 17:48:00,109.9997,110.0399,109.9671,110.01,71216.0
2024-12-18 17:50:00,110.0,110.09,109.98,109.99,85502.0
2024-12-18 17:52:00,109.98,110.135,109.96,110.135,53302.0
2024-12-18 17:54:00,110.13,110.23,110.08,110.19,83544.0
2024-12-18 17:56:00,110.19,110.34,110.12,110.33,146451.0
2024-12-18 17:58:00,110.3227,110.4,110.2501,110.4,84565.0
2024-12-18 18:00:00,110.39,110.4199,110.3,110.4,112929.0
2024-12-18 18:02:00,110.37,110.41,110.26,110.37,56787.0
2024-12-18 18:04:00,110.4,110.41,110.03,110.0738,125103.0
2024-12-18 18:06:00,110.07,110.32,110.0606,110.3198,65749.0
2024-12-18 18:08:00,110.32,110.55,110.31,110.54,91145.0
2024-12-18 18:10:00,110.52,110.6,110.45,110.5386,92432.0
2024-12-18 18:12:00,110.55,110.59,110.2801,110.31,217530.0
2024-12-18 18:14:00,110.3,110.3,110.13,110.22,71440.0
2024-12-18 18:16:00,110.24,110.39,110.22,110.345,59193.0
2024-12-18 18:18:00,110.35,110.4,110.21,110.235,64567.0
2024-12-18 18:20:00,110.235,110.26,110.13,110.2,63477.0
2024-12-18 18:22:00,110.205,110.36,110.16,110.25,104353.0
2024-12-18 18:24:00,110.23,110.32,110.21,110.295,55038.0
2024-12-18 18:26:00,110.295,110.4,110.28,110.3,59979.0
2024-12-18 18:28:00,110.2909,110.36,110.17,110.19,67187.0
2024-12-18 18:30:00,110.2,110.23,110.08,110.19,93669.0
2024-12-18 18:32:00,110.19,110.19,110.02,110.04,70041.0
2024-12-18 18:34:00,110.045,110.15,110.0,110.11,114323.0
2024-12-18 18:36:00,110.13,110.2,110.125,110.1699,62541.0
2024-12-18 18:38:00,110.15,110.18,110.04,110.07,84586.0
2024-12-18 18:40:00,110.07,110.09,109.98,110.0251,106239.0
2024-12-18 18:42:00,110.04,110.16,109.98,110.03,69018.0
2024-12-18 18:44:00,110.04,110.19,110.025,110.155,83719.0
2024-12-18 18:46:00,110.1555,110.19,109.96,110.12,115467.0
2024-12-18 18:48:00,110.12,110.175,110.03,110.075,85571.0
2024-12-18 18:50:00,110.08,110.36,110.06,110.29,150896.0
2024-12-18 18:52:00,110.285,110.43,110.2547,110.39,79701.0
2024-12-18 18:54:00,110.39,110.58,110.37,110.53,140417.0
2024-12-18 18:56:00,110.545,110.5496,110.26,110.4,128636.0
2024-12-18 18:58:00,110.4199,110.55,110.38,110.49,83118.0
2024-12-18 19:00:00,110.48,110.49,109.8,109.97,393704.0
2024-12-18 19:02:00,109.98,109.9896,109.61,109.91,215888.0
2024-12-18 19:04:00,109.9196,110.0,109.31,109.325,271822.0
2024-12-18 19:06:00,109.34,109.37,108.56,108.92,646995.0
2024-12-18 19:08:00,108.96,109.27,108.75,108.94,272219.0
2024-12-18 19:10:00,108.97,109.23,108.89,109.22,180603.0
2024-12-18 19:12:00,109.17,109.31,109.07,109.31,189923.0
2024-12-18 19:14:00,109.295,109.36,109.11,109.2,144675.0
2024-12-18 19:16:00,109.1645,109.23,108.99,109.1392,159155.0
2024-12-18 19:18:00,109.12,109.16,108.91,109.1357,132698.0
2024-12-18 19:20:00,109.13,109.43,109.13,109.43,179582.0
2024-12-18 19:22:00,109.43,109.81,109.38,109.71,242007.0
2024-12-18 19:24:00,109.7266,109.97,109.63,109.65,150095.0
2024-12-18 19:26:00,109.62,109.78,109.6,109.65,112081.0
2024-12-18 19:28:00,109.65,109.695,109.17,109.24,165495.0
2024-12-18 19:30:00,109.23,109.26,108.8302,109.18,181995.0
2024-12-18 19:32:00,109.1775,109.6999,109.1538,109.455,157759.0
2024-12-18 19:34:00,109.4218,109.54,109.21,109.31,91940.0
2024-12-18 19:36:00,109.27,109.3283,109.0,109.1501,160910.0
2024-12-18 19:38:00,109.22,109.22,108.8406,109.0713,152896.0
2024-12-18 19:40:00,109.1,109.3299,109.03,109.14,111111.0
2024-12-18 19:42:00,109.16,109.2099,108.61,108.63,183715.0
2024-12-18 19:44:00,108.6101,108.74,108.2,108.235,237884.0
2024-12-18 19:46:00,108.235,108.259105,107.7,107.74,306202.0
2024-12-18 19:48:00,107.761,108.09,107.4087,108.08,271985.0
2024-12-18 19:50:00,108.11,108.1764,107.76,108.0,274811.0
2024-12-18 19:52:00,108.031,108.05,107.53,107.63,185190.0
2024-12-18 19:54:00,107.63,107.6499,107.0516,107.06,258069.0
2024-12-18 19:56:00,107.0752,107.2293,106.85,106.9,293534.0
2024-12-18 19:58:00,106.94,107.14,106.69,106.86,224868.0
2024-12-18 20:00:00,106.86,107.27,106.82,106.88,198253.0
2024-12-18 20:02:00,106.9,106.945,106.42,106.454,218495.0
2024-12-18 20:04:00,106.5,106.5699,106.1788,106.3164,232829.0
2024-12-18 20:06:00,106.34,106.8599,106.3,106.53,255864.0
2024-12-18 20:08:00,106.53,106.76,106.33,106.545,279827.0
2024-12-18 20:10:00,106.51,106.5794,106.21,106.34,244530.0
2024-12-18 20:12:00,106.32,106.45,105.91,106.045,327746.0
2024-12-18 20:14:00,106.0279,106.47,106.01,106.46,242169.0
2024-12-18 20:16:00,106.49,106.8,106.37,106.49,252925.0
2024-12-18 20:18:00,106.505,106.68,106.2532,106.27,199335.0
2024-12-18 20:20:00,106.27,106.5,106.17,106.35,384923.0
2024-12-18 20:22:00,106.32,106.38,105.93,105.93,291440.0
2024-12-18 20:24:00,105.9301,106.06,105.67,105.73,293692.0
2024-12-18 20:26:00,105.75,105.86,105.45,105.6,373869.0
2024-12-18 20:28:00,105.62,105.74,105.47,105.6,298512.0
2024-12-18 20:30:00,105.6012,105.73,105.515,105.53,331356.0
2024-12-18 20:32:00,105.535,105.63,105.1,105.21,401805.0
2024-12-18 20:34:00,105.1961,105.3512,104.71,104.73,450464.0
2024-12-18 20:36:00,104.73,105.03,103.93,103.9775,609724.0
2024-12-18 20:38:00,104.0192,104.25,103.73,103.86,411265.0
2024-12-18 20:40:00,103.86,104.02,102.8582,103.21,664688.0
2024-12-18 20:42:00,103.25,104.0,102.73,103.915,612037.0
2024-12-18 20:44:00,103.91,104.06,103.22,104.0384,548190.0
2024-12-18 20:46:00,104.055,104.55,103.96,104.3875,617010.0
2024-12-18 20:48:00,104.43,105.2,104.415,105.07,621158.0
2024-12-18 20:50:00,105.08,105.78,105.0,105.72,615225.0
2024-12-18 20:52:00,105.71,105.7599,105.15,105.3512,577691.0
2024-12-18 20:54:00,105.38,105.73,104.3725,104.505,918904.0
2024-12-18 20:56:00,104.49,104.62,104.32,104.3975,742477.0
2024-12-18 20:58:00,104.38,104.4,103.4,103.62,1472386.0
2024-12-18 21:00:00,103.9,105.48,90.06,92.38,803763.0
2024-12-18 21:02:00,92.23,95.87,86.49,86.74,781519.0
2024-12-18 21:04:00,86.7049,87.99,85.57,87.9875,857703.0
2024-12-18 21:06:00,87.83,91.48,87.6464,91.0001,705715.0
2024-12-18 21:08:00,91.0,94.02,90.0,94.02,894745.0
2024-12-18 21:10:00,94.0,95.0,91.8,91.8,687619.0
2024-12-18 21:12:00,91.8,93.88,90.8,92.1492,451228.0
2024-12-18 21:14:00,92.0,93.4,92.0,92.7,299143.0
2024-12-18 21:16:00,92.71,93.99,91.2,91.26,272319.0
2024-12-18 21:18:00,91.249,91.5,90.25,90.76,303299.0
2024-12-18 21:20:00,90.91,90.9699,89.12,89.3767,364564.0
2024-12-18 21:22:00,89.4,90.41,88.05,90.0001,492164.0
2024-12-18 21:24:00,90.02,91.3,90.0,90.29,228560.0
2024-12-18 21:26:00,90.4299,90.5,89.6009,89.84,141183.0
2024-12-18 21:28:00,89.75,90.4,89.7,90.19,153896.0
2024-12-18 21:30:00,90.1901,90.3,90.0,90.1799,99800.0
2024-12-18 21:32:00,90.16,90.22,89.88,90.0984,123592.0
2024-12-18 21:34:00,90.06,90.06,88.88,89.74,246774.0
2024-12-18 21:36:00,89.7,89.9788,89.5,89.77,133439.0
2024-12-18 21:38:00,89.77,89.8537,89.5,89.5,106020.0
2024-12-18 21:40:00,89.53,89.85,89.5,89.79,142194.0
2024-12-18 21:42:00,89.84,92.02,89.76,92.02,267431.0
2024-12-18 21:44:00,92.04,92.04,90.5,90.729,109150.0
2024-12-18 21:46:00,90.6,90.7,90.01,90.31,82699.0
2024-12-18 21:48:00,90.35,91.8,90.18,91.62,133979.0
2024-12-18 21:50:00,91.62,91.99,91.0487,91.529,102528.0
2024-12-18 21:52:00,91.6,91.99,91.12,91.8995,81722.0
2024-12-18 21:54:00,91.72,92.11,91.55,91.83,153177.0
2024-12-18 21:56:00,91.7601,92.0,91.0,91.46,120543.0
2024-12-18 21:58:00,91.4904,92.85,91.0,92.0,175741.0
2024-12-18 22:00:00,92.15,92.9,92.0,92.5,99470.0
2024-12-18 22:02:00,92.4,93.33,92.4,92.5,133509.0
2024-12-18 22:04:00,92.4,92.82,92.2,92.2301,94453.0
2024-12-18 22:06:00,92.2318,92.73,92.1,92.6,98971.0
2024-12-18 22:08:00,92.5,103.9,91.02,91.3,142062.0
2024-12-18 22:10:00,91.3,91.69,90.7,90.985,93074.0
2024-12-18 22:12:00,90.88,91.2,90.6,90.83,64059.0
2024-12-18 22:14:00,90.98,90.98,90.52,90.62,50977.0
2024-12-18 22:16:00,90.6991,90.77,90.6,90.66,45606.0
2024-12-18 22:18:00,90.63,90.95,90.56,90.94,59614.0
2024-12-18 22:20:00,90.95,91.6,90.95,91.5101,62979.0
2024-12-18 22:22:00,91.5,91.6,91.0,91.1,36199.0
2024-12-18 22:24:00,91.09,91.09,90.61,90.645,37715.0
2024-12-18 22:26:00,90.645,90.9,90.61,90.785,33991.0
2024-12-18 22:28:00,90.72,90.72,90.0,90.0,107576.0
2024-12-18 22:30:00,90.01,90.2599,90.0,90.1,64017.0
2024-12-18 22:32:00,90.1,90.25,90.0,90.25,52584.0
2024-12-18 22:34:00,90.35,90.4,90.2,90.22,30666.0
2024-12-18 22:36:00,90.2018,90.3979,90.2,90.2,25339.0
2024-12-18 22:38:00,90.21,90.21,89.25,89.79,102245.0
2024-12-18 22:40:00,89.53,89.7807,89.5099,89.6,33187.0
2024-12-18 22:42:00,89.6,89.84,89.5,89.5751,43234.0
2024-12-18 22:44:00,89.64,89.6859,89.2504,89.26,33508.0
2024-12-18 22:46:00,89.4,89.4,89.01,89.01,45180.0
2024-12-18 22:48:00,89.1,89.1,88.56,88.8,81860.0
2024-12-18 22:50:00,88.8,89.18,88.75,89.0899,28088.0
2024-12-18 22:52:00,89.05,89.18,88.53,88.63,62414.0
2024-12-18 22:54:00,88.55,88.7,88.39,88.4,56341.0
2024-12-18 22:56:00,88.44,88.7954,88.28,88.7954,34884.0
2024-12-18 22:58:00,88.8,89.0,88.6711,88.9495,39563.0
2024-12-18 23:00:00,88.95,88.95,88.75,88.75,19346.0
2024-12-18 23:02:00,88.74,88.8,88.44,88.5999,31177.0
2024-12-18 23:04:00,88.5,88.6,88.5,88.51,17333.0
2024-12-18 23:06:00,88.51,88.53,88.32,88.33,21995.0
2024-12-18 23:08:00,88.32,88.36,88.2,88.36,26079.0
2024-12-18 23:10:00,88.3997,88.65,88.33,88.6,14987.0
2024-12-18 23:12:00,88.6297,88.88,88.5519,88.879,21896.0
2024-12-18 23:14:00,88.87,89.0,88.87,89.0,29783.0
2024-12-18 23:16:00,89.0,89.09,88.8501,89.0,25043.0
2024-12-18 23:18:00,89.08,89.1,89.0492,89.0838,12271.0
2024-12-18 23:20:00,89.0799,89.1499,88.88,88.9,27828.0
2024-12-18 23:22:00,88.8935,88.98,88.75,88.75,30185.0
2024-12-18 23:24:00,88.7545,88.9,88.53,88.5699,16871.0
2024-12-18 23:26:00,88.55,88.55,88.1904,88.1925,30010.0
2024-12-18 23:28:00,88.24,88.3,88.19,88.3,23076.0
2024-12-18 23:30:00,88.3,88.37,88.25,88.2801,23443.0
2024-12-18 23:32:00,88.29,88.3,88.25,88.2997,13476.0
2024-12-18 23:34:00,88.29,88.37,88.1832,88.25,28335.0
2024-12-18 23:36:00,88.26,88.4,88.21,88.21,15034.0
2024-12-18 23:38:00,88.25,88.25,88.2,88.2108,12323.0
2024-12-18 23:40:00,88.25,88.35,88.2218,88.3,15911.0
2024-12-18 23:42:00,88.25,88.25,88.04,88.06,32838.0
2024-12-18 23:44:00,88.04,88.1296,88.0,88.0,27677.0
2024-12-18 23:46:00,88.0,88.17,88.0,88.1,15884.0
2024-12-18 23:48:00,88.1,88.17,88.0,88.0097,19892.0
2024-12-18 23:50:00,88.01,88.0994,88.0,88.0994,27610.0
2024-12-18 23:52:00,88.05,88.1,88.0,88.01,14693.0
2024-12-18 23:54:00,88.08,88.1943,88.0,88.1943,57495.0
2024-12-18 23:56:00,88.19,88.2,88.1,88.15,12630.0
2024-12-18 23:58:00,88.16,88.2,88.1,88.1,16190.0
2024-12-19 00:00:00,88.1,88.11,88.06,88.09,7880.0
2024-12-19 00:02:00,88.0901,88.2,88.0901,88.1999,11563.0
2024-12-19 00:04:00,88.19,88.3,88.09,88.1,31513.0
2024-12-19 00:06:00,88.1,88.1,88.0,88.0,34375.0
2024-12-19 00:08:00,88.0,88.08,87.98,87.98,50970.0
2024-12-19 00:10:00,87.98,87.98,87.6515,87.6515,22772.0
2024-12-19 00:12:00,87.776,87.8,87.56,87.62,32118.0
2024-12-19 00:14:00,87.61,87.7,87.45,87.45,42497.0
2024-12-19 00:16:00,87.4899,87.49,87.25,87.31,35466.0
2024-12-19 00:18:00,87.35,87.4324,87.16,87.2,21991.0
2024-12-19 00:20:00,87.16,87.18,87.05,87.15,41792.0
2024-12-19 00:22:00,87.15,87.41,87.15,87.4,21323.0
2024-12-19 00:24:00,87.4,87.44,87.3,87.4,34247.0
2024-12-19 00:26:00,87.38,87.4,87.33,87.3501,10247.0
2024-12-19 00:28:00,87.32,87.33,87.22,87.33,9670.0
2024-12-19 00:30:00,87.33,87.35,87.2102,87.29,11762.0
2024-12-19 00:32:00,87.2695,87.34,87.13,87.34,21169.0
2024-12-19 00:34:00,87.34,87.6,87.3,87.55,35544.0
2024-12-19 00:36:00,87.55,87.74,87.55,87.69,26048.0
2024-12-19 00:38:00,87.69,87.7,87.33,87.39,19258.0
2024-12-19 00:40:00,87.4,87.42,87.22,87.42,25969.0
2024-12-19 00:42:00,87.35,87.6,87.3,87.5,26080.0
2024-12-19 00:44:00,87.46,87.54,87.45,87.5,30900.0
2024-12-19 00:46:00,87.53,87.53,87.45,87.47,25987.0
2024-12-19 00:48:00,87.5,87.5,87.42,87.45,25866.0
2024-12-19 00:50:00,87.45,87.5,87.3,87.3907,17046.0
2024-12-19 00:52:00,87.39,87.44,87.14,87.2283,38180.0
2024-12-19 00:54:00,87.15,87.23,87.03,87.04,48707.0
2024-12-19 00:56:00,87.04,87.1,87.0,87.0,74624.0
2024-12-19 00:58:00,87.0,87.17,86.95,87.12,42203.0
2024-12-19 09:00:00,88.18,89.23,88.0,88.99,55993.0
2024-12-19 09:02:00,88.86,88.87,88.29,88.65,29866.0
2024-12-19 09:04:00,88.78,89.46,88.78,89.0,22647.0
2024-12-19 09:06:00,89.0,89.27,88.7,88.8,19070.0
2024-12-19 09:08:00,88.72,88.97,88.64,88.75,13425.0
2024-12-19 09:10:00,88.74,88.79,88.5,88.7,13705.0
2024-12-19 09:12:00,88.76,88.76,88.6,88.7,8995.0
2024-12-19 09:14:00,88.87,88.88,88.75,88.88,6132.0
2024-12-19 09:16:00,88.83,88.98,88.78,88.98,4465.0
2024-12-19 09:18:00,88.94,89.25,88.94,89.25,9270.0
2024-12-19 09:20:00,89.25,89.27,88.875,88.91,10779.0
2024-12-19 09:22:00,88.9,88.9,88.7,88.8,8006.0
2024-12-19 09:24:00,88.68,88.71,88.5,88.52,9091.0
2024-12-19 09:26:00,88.53,88.57,88.32,88.32,9569.0
2024-12-19 09:28:00,88.25,88.25,87.77,87.88,19093.0
2024-12-19 09:30:00,87.89,88.05,87.68,88.0,13979.0
2024-12-19 09:32:00,87.75,87.97,87.72,87.75,3970.0
2024-12-19 09:34:00,87.75,88.0,87.7,88.0,4652.0
2024-12-19 09:36:00,88.05,88.41,88.05,88.28,10025.0
2024-12-19 09:38:00,88.26,88.3,88.15,88.15,3171.0
2024-12-19 09:40:00,88.21,88.27,88.1,88.19,6492.0
2024-12-19 09:42:00,88.08,88.36,88.05,88.32,11713.0
2024-12-19 09:44:00,88.3,88.7,88.3,88.7,8407.0
2024-12-19 09:46:00,88.66,88.74,88.5,88.5,6179.0
2024-12-19 09:48:00,88.44,88.44,88.3,88.3,7384.0
2024-12-19 09:50:00,88.31,88.41,88.3,88.3,3969.0
2024-12-19 09:52:00,88.3,88.45,88.3,88.3,9591.0
2024-12-19 09:54:00,88.36,88.36,88.25,88.3,14201.0
2024-12-19 09:56:00,88.3,88.34,88.3,88.3,5792.0
2024-12-19 09:58:00,88.32,88.67,88.3,88.65,9112.0
2024-12-19 10:00:00,88.64,88.8,88.64,88.8,11984.0
2024-12-19 10:02:00,88.79,89.08,88.79,89.08,7948.0
2024-12-19 10:04:00,89.0,89.0,88.84,88.85,5799.0
2024-12-19 10:06:00,88.83,88.85,88.52,88.72,21675.0
2024-12-19 10:08:00,88.74,88.87,88.71,88.72,15934.0
2024-12-19 10:10:00,88.72,89.05,88.72,89.05,30756.0
2024-12-19 10:12:00,89.11,89.37,89.09,89.26,28963.0
2024-12-19 10:14:00,89.22,89.3,89.01,89.01,5764.0
2024-12-19 10:16:00,89.15,89.23,89.15,89.2,2623.0
2024-12-19 10:18:00,89.17,89.26,89.14,89.24,6403.0
2024-12-19 10:20:00,89.2,89.25,89.19,89.22,4950.0
2024-12-19 10:22:00,89.22,89.22,89.14,89.18,3360.0
2024-12-19 10:24:00,89.17,89.17,89.07,89.07,3906.0
2024-12-19 10:26:00,89.02,89.06,89.02,89.06,7755.0
2024-12-19 10:28:00,89.02,89.08,88.7,88.9,23442.0
2024-12-19 10:30:00,88.87,88.87,88.7,88.71,10085.0
2024-12-19 10:32:00,88.7,88.7,88.49,88.52,9239.0
2024-12-19 10:34:00,88.5,88.5,88.3,88.49,6787.0
2024-12-19 10:36:00,88.41,88.41,88.38,88.38,2343.0
2024-12-19 10:38:00,88.32,88.35,88.01,88.01,8993.0
2024-12-19 10:40:00,88.06,88.2,88.06,88.2,3880.0
2024-12-19 10:42:00,88.38,88.54,88.38,88.4,4632.0
2024-12-19 10:44:00,88.3,88.3,88.15,88.19,2229.0
2024-12-19 10:46:00,88.11,88.11,88.09,88.09,1983.0
2024-12-19 10:48:00,88.21,88.28,88.21,88.28,1125.0
2024-12-19 10:50:00,88.3,88.4,88.3,88.4,2408.0
2024-12-19 10:52:00,88.4,88.4,88.3,88.4,3290.0
2024-12-19 10:54:00,88.45,88.45,88.4,88.45,2210.0
2024-12-19 10:56:00,88.45,88.49,88.44,88.49,4060.0
2024-12-19 10:58:00,88.47,88.49,88.44,88.46,3920.0
2024-12-19 11:00:00,88.42,88.49,87.6,87.9,25488.0
2024-12-19 11:02:00,87.82,87.82,87.0,87.09,72259.0
2024-12-19 11:04:00,87.09,87.69,87.09,87.47,20302.0
2024-12-19 11:06:00,87.6,87.9,87.51,87.82,6189.0
2024-12-19 11:08:00,87.78,87.78,87.5,87.5,5770.0
2024-12-19 11:10:00,87.51,87.71,87.5,87.67,5749.0
2024-12-19 11:12:00,87.56,88.1,87.56,88.1,8392.0
2024-12-19 11:14:00,88.07,88.18,88.04,88.15,3480.0
2024-12-19 11:16:00,88.06,88.08,87.77,87.77,5822.0
2024-12-19 11:18:00,87.81,87.9,87.81,87.9,1326.0
2024-12-19 11:20:00,87.88,87.88,87.5,87.7,5631.0
2024-12-19 11:22:00,87.77,87.77,87.53,87.53,1163.0
2024-12-19 11:24:00,87.78,87.8,87.77,87.8,1336.0
2024-12-19 11:26:00,87.79,87.79,87.79,87.79,505.0
2024-12-19 11:28:00,87.91,87.91,87.84,87.85,2295.0
2024-12-19 11:30:00,87.87,87.87,87.74,87.74,2918.0
2024-12-19 11:32:00,87.72,87.72,87.53,87.53,2915.0
2024-12-19 11:34:00,87.59,87.66,87.59,87.66,1445.0
2024-12-19 11:36:00,87.62,87.62,87.6,87.61,1751.0
2024-12-19 11:38:00,87.63,87.67,87.62,87.65,2000.0
2024-12-19 11:40:00,87.67,87.73,87.6,87.66,5059.0
2024-12-19 11:42:00,87.8,87.85,87.8,87.83,2029.0
2024-12-19 11:44:00,87.8,88.38,87.73,88.29,16248.0
2024-12-19 11:46:00,88.29,88.34,88.16,88.24,3762.0
2024-12-19 11:48:00,88.16,88.5,88.15,88.39,12361.0
2024-12-19 11:50:00,88.25,88.31,88.25,88.3,3410.0
2024-12-19 11:52:00,88.33,88.4,88.33,88.4,1231.0
2024-12-19 11:54:00,88.34,88.34,88.2,88.26,4514.0
2024-12-19 11:56:00,88.26,88.4,88.2,88.2,7770.0
2024-12-19 11:58:00,88.31,88.38,88.31,88.33,1208.0
2024-12-19 12:00:00,88.21,88.4,88.12,88.26,31666.0
2024-12-19 12:02:00,88.27,89.27,88.16,89.06,47813.0
2024-12-19 12:04:00,89.05,89.77,89.0,89.65,59204.0
2024-12-19 12:06:00,89.69,90.61,89.64,90.59,74981.0
2024-12-19 12:08:00,90.67,90.77,90.21,90.6,69701.0
2024-12-19 12:10:00,90.54,91.54,90.5,91.45,75053.0
2024-12-19 12:12:00,91.4,91.4,90.7,90.7,23794.0
2024-12-19 12:14:00,90.75,90.88,90.44,90.7,42200.0
2024-12-19 12:16:00,90.72,90.72,90.5,90.51,18279.0
2024-12-19 12:18:00,90.51,91.08,90.25,91.08,28628.0
2024-12-19 12:20:00,91.07,91.25,90.8,90.82,18113.0
2024-12-19 12:22:00,90.9,91.07,90.81,91.0,22455.0
2024-12-19 12:24:00,90.92,90.96,90.48,90.48,25857.0
2024-12-19 12:26:00,90.41,90.6,90.18,90.55,22016.0
2024-12-19 12:28:00,90.51,90.7,90.45,90.7,6259.0
2024-12-19 12:30:00,90.65,90.7,90.4,90.55,13074.0
2024-12-19 12:32:00,90.54,90.7,90.37,90.48,18113.0
2024-12-19 12:34:00,90.5,90.52,90.22,90.29,8666.0
2024-12-19 12:36:00,90.39,90.59,90.29,90.55,10730.0
2024-12-19 12:38:00,90.55,90.71,90.55,90.7,9243.0
2024-12-19 12:40:00,90.7,91.3,90.69,91.1,60004.0
2024-12-19 12:42:00,91.04,91.48,91.03,91.2,33459.0
2024-12-19 12:44:00,91.2,91.33,91.2,91.25,17645.0
2024-12-19 12:46:00,91.21,91.3,91.1,91.13,17199.0
2024-12-19 12:48:00,91.11,91.27,91.11,91.21,9413.0
2024-12-19 12:50:00,91.2,91.24,90.9,90.9,38968.0
2024-12-19 12:52:00,90.82,90.88,90.6,90.84,19137.0
2024-12-19 12:54:00,90.94,91.17,90.89,91.17,10748.0
2024-12-19 12:56:00,91.17,92.02,91.17,92.0,83241.0
2024-12-19 12:58:00,92.02,92.58,92.0,92.2,58605.0
2024-12-19 13:00:00,88.4,92.92,87.09,91.5,635420.0
2024-12-19 13:02:00,91.2,91.85,91.2,91.7,22880.0
2024-12-19 13:04:00,91.51,91.94,91.5,91.9,30919.0
2024-12-19 13:06:00,91.63,91.84,91.5,91.59,20248.0
2024-12-19 13:08:00,91.532,91.69,91.0,91.35,55370.0
2024-12-19 13:10:00,91.2918,91.68,91.2918,91.64,21590.0
2024-12-19 13:12:00,91.595,91.91,91.51,91.7496,22423.0
2024-12-19 13:14:00,91.7,91.8,91.52,91.6,15509.0
2024-12-19 13:16:00,91.6994,91.75,91.3365,91.45,20105.0
2024-12-19 13:18:00,91.3393,91.69,91.3393,91.5001,16690.0
2024-12-19 13:20:00,91.5,91.6,91.5,91.5,45546.0
2024-12-19 13:22:00,91.52,91.879,91.45,91.8255,54491.0
2024-12-19 13:24:00,91.74,91.87,91.6111,91.75,14805.0
2024-12-19 13:26:00,91.8,92.25,91.55,92.1217,52104.0
2024-12-19 13:28:00,92.1,92.46,92.0,92.0092,39452.0
2024-12-19 13:30:00,92.27,92.39,91.8,91.99,34100.0
2024-12-19 13:32:00,91.9998,92.11,91.3,91.43,96673.0
2024-12-19 13:34:00,91.56,91.89,91.09,91.56,48261.0
2024-12-19 13:36:00,91.5002,91.96,91.5002,91.89,25318.0
2024-12-19 13:38:00,91.98,91.99,91.7,91.88,29947.0
2024-12-19 13:40:00,91.89,91.98,91.7,91.76,31800.0
2024-12-19 13:42:00,91.7987,91.82,91.6628,91.77,12633.0
2024-12-19 13:44:00,91.7,91.82,91.5,91.5,37933.0
2024-12-19 13:46:00,91.6926,91.84,91.5,91.81,22843.0
2024-12-19 13:48:00,91.82,92.2,91.7,92.1,120588.0
2024-12-19 13:50:00,92.1,92.45,92.04,92.22,40303.0
2024-12-19 13:52:00,92.2999,92.3,91.91,92.05,70995.0
2024-12-19 13:54:00,92.04,92.07,91.95,92.0,22460.0
2024-12-19 13:56:00,92.0,92.46,92.0,92.35,64822.0
2024-12-19 13:58:00,92.3727,92.3727,92.05,92.1293,27025.0
2024-12-19 14:00:00,92.12,92.2,92.05,92.07,27218.0
2024-12-19 14:02:00,92.06,92.15,92.02,92.15,21796.0
2024-12-19 14:04:00,92.1498,92.2,92.05,92.14,37063.0
2024-12-19 14:06:00,92.1,92.32,92.06,92.21,63346.0
2024-12-19 14:08:00,92.29,92.32,92.1,92.1,33127.0
2024-12-19 14:10:00,92.1,92.29,92.1,92.25,21716.0
2024-12-19 14:12:00,92.24,92.24,91.5,91.65,134642.0
2024-12-19 14:14:00,91.6,91.85,91.5,91.6,100772.0
2024-12-19 14:16:00,91.51,91.79,91.26,91.77,75788.0
2024-12-19 14:18:00,91.72,91.79,91.5001,91.59,35591.0
2024-12-19 14:20:00,91.54,91.59,91.5,91.53,29444.0
2024-12-19 14:22:00,91.53,91.55,91.5,91.5,51248.0
2024-12-19 14:24:00,91.5,91.5,90.25,90.54,197872.0
2024-12-19 14:26:00,90.53,91.04,89.98,90.36,153337.0
2024-12-19 14:28:00,90.17,90.626,89.75,89.96,120483.0
2024-12-19 14:30:00,90.075,91.0,88.15,88.65,3885956.0
2024-12-19 14:32:00,88.6462,89.99,88.35,88.415,1713023.0
2024-12-19 14:34:00,88.37,88.9,87.88,87.97,1770628.0
2024-12-19 14:36:00,87.9799,88.12,86.89,87.07,1804235.0
2024-12-19 14:38:00,87.07,87.28,86.15,86.3801,1560284.0
2024-12-19 14:40:00,86.3998,86.3998,85.57,86.2696,2062268.0
2024-12-19 14:42:00,86.255,87.64,86.19,87.44,1518176.0
2024-12-19 14:44:00,87.43,87.4863,85.99,86.3594,1505801.0
2024-12-19 14:46:00,86.3593,87.0,85.92,86.1,1379140.0
2024-12-19 14:48:00,86.11,87.25,86.0401,86.775,951089.0
2024-12-19 14:50:00,86.7601,87.2594,86.6601,86.81,852661.0
2024-12-19 14:52:00,86.8,87.16,86.615,86.6962,663505.0
2024-12-19 14:54:00,86.695,86.79,86.12,86.61,666226.0
2024-12-19 14:56:00,86.61,87.72,86.61,87.5,783844.0
2024-12-19 14:58:00,87.5595,87.6999,86.77,86.82,773939.0
2024-12-19 15:00:00,86.83,87.09,86.6,86.71,695936.0
2024-12-19 15:02:00,86.7,87.59,86.68,87.26,584960.0
2024-12-19 15:04:00,87.18,87.2586,86.26,86.43,919501.0
2024-12-19 15:06:00,86.47,86.59,85.73,86.06,1033275.0
2024-12-19 15:08:00,86.06,86.34,85.2,85.3104,1013723.0
2024-12-19 15:10:00,85.31,85.73,85.1,85.706,805720.0
2024-12-19 15:12:00,85.7,86.19,85.45,85.965,698272.0
2024-12-19 15:14:00,85.965,86.4,85.95,86.3212,655048.0
2024-12-19 15:16:00,86.32,86.4,85.92,86.13,653029.0
2024-12-19 15:18:00,86.13,86.24,85.7,85.99,663963.0
2024-12-19 15:20:00,85.975,86.14,85.8,86.035,475572.0
2024-12-19 15:22:00,86.0599,86.075,85.23,85.32,726631.0
2024-12-19 15:24:00,85.3235,85.48,85.2,85.47,469836.0
2024-12-19 15:26:00,85.45,85.66,85.35,85.53,446823.0
2024-12-19 15:28:00,85.495,85.5,85.0,85.005,871222.0
2024-12-19 15:30:00,85.0,85.3,85.0,85.17,678229.0
2024-12-19 15:32:00,85.17,85.52,85.14,85.255,549367.0
2024-12-19 15:34:00,85.28,85.75,85.1207,85.7089,482599.0
2024-12-19 15:36:00,85.72,85.88,85.37,85.6875,585589.0
2024-12-19 15:38:00,85.6902,85.88,85.25,85.28,446677.0
2024-12-19 15:40:00,85.285,85.647,85.2,85.44,398314.0
2024-12-19 15:42:00,85.431401,85.94,85.32,85.7394,430376.0
2024-12-19 15:44:00,85.7227,85.97,85.4205,85.53,520059.0
2024-12-19 15:46:00,85.52,85.67,85.3701,85.4722,314423.0
2024-12-19 15:48:00,85.5026,85.735,85.304,85.735,350434.0
2024-12-19 15:50:00,85.73,85.79,85.5108,85.63,381116.0
2024-12-19 15:52:00,85.63,85.75,85.45,85.69,291839.0
2024-12-19 15:54:00,85.67,85.78,85.51,85.65,368084.0
2024-12-19 15:56:00,85.6499,85.78,85.52,85.77,331462.0
2024-12-19 15:58:00,85.7615,86.23,85.74,85.9996,502045.0
2024-12-19 16:00:00,85.985,86.418,85.86,85.915,422637.0
2024-12-19 16:02:00,85.92,85.94,85.405,85.41,351151.0
2024-12-19 16:04:00,85.4051,85.4051,84.885,84.98,782114.0
2024-12-19 16:06:00,84.97,85.05,84.71,84.7275,519861.0
2024-12-19 16:08:00,84.735,84.858,84.61,84.82,371547.0
2024-12-19 16:10:00,84.83,85.36,84.82,85.084,468746.0
2024-12-19 16:12:00,85.1,85.69,85.06,85.55,321303.0
2024-12-19 16:14:00,85.57,85.85,85.33,85.75,323994.0
2024-12-19 16:16:00,85.77,86.3299,85.662,86.32,443165.0
2024-12-19 16:18:00,86.32,86.63,86.3,86.4886,490590.0
2024-12-19 16:20:00,86.53,86.92,86.4521,86.86,518496.0
2024-12-19 16:22:00,86.851783,87.28,86.75,87.18,567187.0
2024-12-19 16:24:00,87.18,87.485,87.03,87.41,418842.0
2024-12-19 16:26:00,87.43,88.35,87.43,88.345,697965.0
2024-12-19 16:28:00,88.3413,88.5294,87.11,87.11,904231.0
2024-12-19 16:30:00,87.1101,87.55,87.0,87.4355,480265.0
2024-12-19 16:32:00,87.43,87.78,87.32,87.42,320953.0
2024-12-19 16:34:00,87.41,87.41,87.1,87.2625,316318.0
2024-12-19 16:36:00,87.28,87.79,87.1,87.7725,350178.0
2024-12-19 16:38:00,87.77,87.77,87.3701,87.59,259911.0
2024-12-19 16:40:00,87.5628,87.86,87.55,87.72,342644.0
2024-12-19 16:42:00,87.6885,87.87,87.34,87.5424,276501.0
2024-12-19 16:44:00,87.52,87.9,87.4,87.73,281761.0
2024-12-19 16:46:00,87.73,87.78,87.46,87.62,1168283.0
2024-12-19 16:48:00,87.6,87.7199,87.3,87.4045,283432.0
2024-12-19 16:50:00,87.43,87.62,87.4001,87.5299,207541.0
2024-12-19 16:52:00,87.53,87.69,87.18,87.41,236459.0
2024-12-19 16:54:00,87.38,87.45,87.09,87.17,256453.0
2024-12-19 16:56:00,87.16,87.5393,87.12,87.18,205726.0
2024-12-19 16:58:00,87.19,87.22,86.81,86.97,465711.0
2024-12-19 17:00:00,86.97,87.075,86.7201,86.7201,223830.0
2024-12-19 17:02:00,86.7401,86.83,86.6501,86.73,237397.0
2024-12-19 17:04:00,86.74,87.26,86.715,86.93,291931.0
2024-12-19 17:06:00,86.94,87.21,86.77,86.89,210917.0
2024-12-19 17:08:00,86.895,86.97,86.81,86.935,125022.0
2024-12-19 17:10:00,86.94,86.97,86.815,86.95,154641.0
2024-12-19 17:12:00,86.94,86.97,86.52,86.5601,260040.0
2024-12-19 17:14:00,86.57,86.64,86.285,86.31,286780.0
2024-12-19 17:16:00,86.325,86.53,86.1,86.25,242686.0
2024-12-19 17:18:00,86.24,86.3,86.11,86.25,190404.0
2024-12-19 17:20:00,86.255,86.43,86.13,86.1358,196964.0
2024-12-19 17:22:00,86.14,86.46,86.11,86.4363,204017.0
2024-12-19 17:24:00,86.4311,86.5799,86.33,86.505,168223.0
2024-12-19 17:26:00,86.5086,86.78,86.49,86.6,199081.0
2024-12-19 17:28:00,86.62,86.73,86.33,86.51,230441.0
2024-12-19 17:30:00,86.5,86.65,86.1801,86.1801,147035.0
2024-12-19 17:32:00,86.19,86.34,86.13,86.295,182501.0
2024-12-19 17:34:00,86.305,86.48,86.2001,86.3588,126259.0
2024-12-19 17:36:00,86.3588,86.4,86.23,86.26,98993.0
2024-12-19 17:38:00,86.265,86.42,86.15,86.4,141230.0
2024-12-19 17:40:00,86.385,86.55,86.2601,86.3,126355.0
2024-12-19 17:42:00,86.3,86.49,86.28,86.4775,132554.0
2024-12-19 17:44:00,86.48,86.69,86.4201,86.57,164346.0
2024-12-19 17:46:00,86.57,86.7799,86.5501,86.71,122119.0
2024-12-19 17:48:00,86.72,86.915,86.7,86.8526,176388.0
2024-12-19 17:50:00,86.89,86.9225,86.67,86.855,214783.0
2024-12-19 17:52:00,86.84,86.8841,86.5401,86.5601,152670.0
2024-12-19 17:54:00,86.5862,87.24,86.5862,87.2101,182077.0
2024-12-19 17:56:00,87.2357,87.37,87.0601,87.225,231128.0
2024-12-19 17:58:00,87.22,87.37,87.07,87.09,224507.0
2024-12-19 18:00:00,87.06,87.23,87.0324,87.1075,148439.0
2024-12-19 18:02:00,87.1,87.105,86.5449,86.5449,191416.0
2024-12-19 18:04:00,86.545,86.74,86.42,86.695,235731.0
2024-12-19 18:06:00,86.69,86.7251,86.5801,86.59,139889.0
2024-12-19 18:08:00,86.6,86.76,86.51,86.61,190837.0
2024-12-19 18:10:00,86.59,86.9259,86.568,86.9,148581.0
2024-12-19 18:12:00,86.895,87.11,86.875,86.925,164240.0
2024-12-19 18:14:00,86.93,87.04,86.8301,86.89,152187.0
2024-12-19 18:16:00,86.89,87.05,86.73,86.765,153832.0
2024-12-19 18:18:00,86.765,86.79,86.5306,86.6308,165274.0
2024-12-19 18:20:00,86.62,86.6608,86.18,86.19,226035.0
2024-12-19 18:22:00,86.185,86.56,86.0101,86.4725,260750.0
2024-12-19 18:24:00,86.4701,86.52,86.41,86.465,132825.0
2024-12-19 18:26:00,86.48,86.7,86.41,86.685,165835.0
2024-12-19 18:28:00,86.67,86.81,86.5801,86.6315,141729.0
2024-12-19 18:30:00,86.63,86.66,86.34,86.4301,145536.0
2024-12-19 18:32:00,86.45,86.65,86.3101,86.46,213410.0
2024-12-19 18:34:00,86.47,86.54,86.405,86.45,116251.0
2024-12-19 18:36:00,86.4409,86.5399,86.42,86.485,134250.0
2024-12-19 18:38:00,86.49,86.52,86.29,86.3,143135.0
2024-12-19 18:40:00,86.32,86.34,85.575,85.765,514581.0
2024-12-19 18:42:00,85.76,85.98,85.73,85.85,279564.0
2024-12-19 18:44:00,85.84,85.86,85.57,85.6397,179121.0
2024-12-19 18:46:00,85.63,86.39,85.61,86.265,309597.0
2024-12-19 18:48:00,86.265,86.4,86.1939,86.3707,165589.0
2024-12-19 18:50:00,86.36,86.44,86.22,86.3901,247848.0
2024-12-19 18:52:00,86.4025,86.6075,86.344,86.585,422355.0
2024-12-19 18:54:00,86.6,86.76,86.541,86.7136,173851.0
2024-12-19 18:56:00,86.72,87.02,86.72,86.83,263490.0
2024-12-19 18:58:00,86.86,87.19,86.86,87.085,142135.0
2024-12-19 19:00:00,87.085,87.1,86.6001,86.7,278206.0
2024-12-19 19:02:00,86.72,86.98,86.69,86.93,216202.0
2024-12-19 19:04:00,86.915,87.0,86.7838,86.99,207586.0
2024-12-19 19:06:00,87.0,87.14,86.89,87.121,169779.0
2024-12-19 19:08:00,87.11,87.26,87.04,87.0604,179080.0
2024-12-19 19:10:00,87.0918,87.18,86.905,87.1425,177931.0
2024-12-19 19:12:00,87.155,87.155,86.8,86.88,167924.0
2024-12-19 19:14:00,86.8797,86.97,86.81,86.81,197313.0
2024-12-19 19:16:00,86.81,87.01,86.81,86.9705,160338.0
2024-12-19 19:18:00,86.96,86.99,86.9,86.9187,114600.0
2024-12-19 19:20:00,86.9004,86.91,86.52,86.56,204749.0
2024-12-19 19:22:00,86.55,86.74,86.49,86.7198,171166.0
2024-12-19 19:24:00,86.74,86.79,86.6096,86.63,116190.0
2024-12-19 19:26:00,86.63,86.73,86.52,86.73,141287.0
2024-12-19 19:28:00,86.715,86.82,86.6113,86.82,138743.0
2024-12-19 19:30:00,86.8,87.04,86.705,87.015,173901.0
2024-12-19 19:32:00,87.0056,87.14,86.8301,86.87,161838.0
2024-12-19 19:34:00,86.8858,87.21,86.84,87.1002,175205.0
2024-12-19 19:36:00,87.0975,87.18,86.9,86.95,150440.0
2024-12-19 19:38:00,86.94,86.99,86.77,86.881,165238.0
2024-12-19 19:40:00,86.9,87.07,86.8601,86.93,194230.0
2024-12-19 19:42:00,86.914,86.96,86.81,86.8972,104677.0
2024-12-19 19:44:00,86.8901,86.9,86.65,86.73,155777.0
2024-12-19 19:46:00,86.7236,86.8925,86.69,86.8024,127197.0
2024-12-19 19:48:00,86.81,86.99,86.76,86.82,118796.0
2024-12-19 19:50:00,86.8399,86.91,86.72,86.9,100463.0
2024-12-19 19:52:00,86.9,86.91,86.71,86.78,104313.0
2024-12-19 19:54:00,86.77,86.81,86.65,86.65,129974.0
2024-12-19 19:56:00,86.65,86.7335,86.6079,86.7096,115930.0
2024-12-19 19:58:00,86.71,86.72,86.51,86.5197,138292.0
2024-12-19 20:00:00,86.515,86.85,86.5,86.755,214521.0
2024-12-19 20:02:00,86.735,86.77,86.551,86.625,207323.0
2024-12-19 20:04:00,86.62,86.7,86.6,86.6,104051.0
2024-12-19 20:06:00,86.605,86.605,86.49,86.505,173753.0
2024-12-19 20:08:00,86.5001,86.68,86.465,86.52,238960.0
2024-12-19 20:10:00,86.5213,86.76,86.42,86.43,405990.0
2024-12-19 20:12:00,86.4214,86.618,86.25,86.57,275540.0
2024-12-19 20:14:00,86.5675,86.76,86.5001,86.72,214005.0
2024-12-19 20:16:00,86.73,86.73,86.52,86.6095,129554.0
2024-12-19 20:18:00,86.6095,86.74,86.565,86.67,135892.0
2024-12-19 20:20:00,86.67,86.9199,86.66,86.8001,205958.0
2024-12-19 20:22:00,86.843031,87.29,86.7204,87.1025,358419.0
2024-12-19 20:24:00,87.1001,87.38,87.03,87.21,226434.0
2024-12-19 20:26:00,87.225,87.54,87.22,87.3686,308727.0
2024-12-19 20:28:00,87.365,87.5499,87.34,87.3601,232978.0
2024-12-19 20:30:00,87.37,87.635,87.36,87.4601,253362.0
2024-12-19 20:32:00,87.4601,87.585,87.41,87.56,257857.0
2024-12-19 20:34:00,87.57,87.59,87.345,87.355,262188.0
2024-12-19 20:36:00,87.35,87.3799,87.0,87.315,318507.0
2024-12-19 20:38:00,87.31,87.39,87.165,87.17,219935.0
2024-12-19 20:40:00,87.16,87.4222,87.125,87.4101,232194.0
2024-12-19 20:42:00,87.43,87.49,87.1101,87.13,218877.0
2024-12-19 20:44:00,87.115,87.115,86.55,86.5901,527913.0
2024-12-19 20:46:00,86.6,86.72,86.52,86.605,572308.0
2024-12-19 20:48:00,86.605,86.64,86.38,86.385,426424.0
2024-12-19 20:50:00,86.38,86.485,86.145,86.3199,584247.0
2024-12-19 20:52:00,86.3199,86.42,86.25,86.25,590985.0
2024-12-19 20:54:00,86.2586,86.66,86.05,86.59,777898.0
2024-12-19 20:56:00,86.585,86.77,86.43,86.49,761817.0
2024-12-19 20:58:00,86.485,87.09,86.48,87.085,1190178.0
2024-12-19 21:00:00,87.09,87.09,86.3,86.9501,154981.0
2024-12-19 21:02:00,87.03,87.1,86.83,87.045,16005.0
2024-12-19 21:04:00,87.09,87.1499,87.085,87.1299,228967.0
2024-12-19 21:06:00,87.13,87.13,87.0513,87.12,94257.0
2024-12-19 21:08:00,87.1,87.12,87.1,87.11,6702.0
2024-12-19 21:10:00,87.1,87.11,87.075,87.1,6794.0
2024-12-19 21:12:00,87.06,87.1,87.05,87.1,11481.0
2024-12-19 21:14:00,87.1,87.11,87.1,87.1,4490.0
2024-12-19 21:16:00,87.1,87.15,87.1,87.11,11618.0
2024-12-19 21:18:00,87.1499,87.2,87.1,87.11,191955.0
2024-12-19 21:20:00,87.13,87.1688,87.1182,87.13,9350.0
2024-12-19 21:22:00,87.12,87.14,87.11,87.14,8113.0
2024-12-19 21:24:00,87.1397,87.14,87.12,87.1298,8538.0
2024-12-19 21:26:00,87.12,87.12,87.1,87.12,5802.0
2024-12-19 21:28:00,87.11,87.11,86.74,86.76,29529.0
2024-12-19 21:30:00,86.7706,86.9899,86.77,86.9899,2937.0
2024-12-19 21:32:00,86.98,87.0899,86.9101,87.06,1999.0
2024-12-19 21:34:00,87.0,87.09,86.9203,87.09,12738.0
2024-12-19 21:36:00,86.99,86.99,86.8239,86.92,5753.0
2024-12-19 21:38:00,86.9101,87.0,86.8025,87.0,13433.0
2024-12-19 21:40:00,86.99,87.0,86.9,86.99,7105.0
2024-12-19 21:42:00,86.99,87.08,86.95,87.055,3687.0
2024-12-19 21:44:00,87.0218,87.09,87.02,87.09,19582.0
2024-12-19 21:46:00,87.05,87.09,87.035,87.07,6149.0
2024-12-19 21:48:00,87.05,87.09,87.04,87.07,4952.0
2024-12-19 21:50:00,87.0895,87.11,87.075,87.11,2934.0
2024-12-19 21:52:00,87.1,87.13,87.1,87.13,4918.0
2024-12-19 21:54:00,87.12,87.12,87.0302,87.07,7496.0
2024-12-19 21:56:00,87.06,87.12,87.0305,87.12,3522.0
2024-12-19 21:58:00,87.1,87.12,87.0334,87.12,2359.0
2024-12-19 22:00:00,87.08,87.1197,87.08,87.1197,2699.0
2024-12-19 22:02:00,87.115,87.115,86.82,86.8242,5099.0
2024-12-19 22:04:00,86.87,86.95,86.87,86.93,9845.0
2024-12-19 22:06:00,86.8609,86.9,86.86,86.9,2004.0
2024-12-19 22:08:00,86.86,86.86,86.8107,86.8209,3860.0
2024-12-19 22:10:00,86.85,86.93,86.85,86.85,1620.0
2024-12-19 22:12:00,86.9555,87.0,86.8713,87.0,952.0
2024-12-19 22:14:00,86.93,86.93,86.82,86.85,2310.0
2024-12-19 22:16:00,86.9,86.9,86.9,86.9,525.0
2024-12-19 22:18:00,86.89,86.92,86.89,86.92,790540.0
2024-12-19 22:20:00,86.87,86.99,86.87,86.99,8819.0
2024-12-19 22:22:00,86.9889,86.9889,86.87,86.87,2367.0
2024-12-19 22:24:00,86.884,86.9,86.88,86.9,663.0
2024-12-19 22:26:00,86.89,86.89,86.87,86.87,2048.0
2024-12-19 22:28:00,86.85,86.85,86.85,86.85,938.0
2024-12-19 22:30:00,86.8399,86.981,86.8399,86.981,2756.0
2024-12-19 22:32:00,86.8617,86.8617,86.8617,86.8617,262.0
2024-12-19 22:34:00,86.9116,86.94,86.85,86.92,1930.0
2024-12-19 22:36:00,86.88,86.88,86.88,86.88,209.0
2024-12-19 22:38:00,86.89,87.0,86.89,87.0,798.0
2024-12-19 22:40:00,86.9699,86.9699,86.93,86.95,465.0
2024-12-19 22:42:00,86.9215,86.9215,86.9215,86.9215,736.0
2024-12-19 22:44:00,86.9896,86.9896,86.9401,86.9401,1471.0
2024-12-19 22:46:00,86.9883,86.9883,86.92,86.97,1209.0
2024-12-19 22:48:00,86.9201,86.9201,86.92,86.92,333.0
2024-12-19 22:50:00,86.92,86.92,86.92,86.92,305.0
2024-12-19 22:52:00,86.9562,86.9562,86.9562,86.9562,173.0
2024-12-19 22:54:00,86.9055,86.9055,86.9055,86.9055,1069.0
2024-12-19 22:56:00,86.8901,86.9,86.8901,86.9,1444.0
2024-12-19 22:58:00,86.9,86.99,86.9,86.99,1358.0
2024-12-19 23:00:00,86.99,86.99,86.99,86.99,385.0
2024-12-19 23:02:00,86.98,86.98,86.98,86.98,352.0
2024-12-19 23:04:00,86.98,87.0,86.98,87.0,1494.0
2024-12-19 23:06:00,87.0,87.09,87.0,87.0045,3148.0
2024-12-19 23:08:00,87.05,87.09,87.05,87.09,661.0
2024-12-19 23:10:00,87.06,87.07,87.0,87.03,3010.0
2024-12-19 23:12:00,87.0301,87.05,87.03,87.05,4326.0
2024-12-19 23:14:00,87.05,87.07,87.05,87.06,2752.0
2024-12-19 23:16:00,87.07,87.08,87.07,87.08,962.0
2024-12-19 23:18:00,87.09,87.1,87.09,87.1,5211.0
2024-12-19 23:20:00,87.12,87.15,87.1,87.15,8676.0
2024-12-19 23:22:00,87.13,87.15,87.08,87.15,2864.0
2024-12-19 23:24:00,87.08,87.1464,87.08,87.1001,4647.0
2024-12-19 23:26:00,87.15,87.15,87.0809,87.13,1657.0
2024-12-19 23:28:00,87.1,87.15,87.1,87.13,2607.0
2024-12-19 23:30:00,87.1168,87.12,87.0697,87.08,1303.0
2024-12-19 23:32:00,87.09,87.09,87.0052,87.0052,1952.0
2024-12-19 23:34:00,87.1,87.1948,87.1,87.1,792.0
2024-12-19 23:36:00,87.17,87.17,87.17,87.17,373.0
2024-12-19 23:38:00,87.1,87.1,87.1,87.1,907.0
2024-12-19 23:40:00,87.15,87.15,87.08,87.08,2201.0
2024-12-19 23:42:00,87.07,87.07,87.0004,87.0004,1825.0
2024-12-19 23:44:00,87.0,87.1,87.0,87.1,442.0
2024-12-19 23:46:00,87.05,87.05,87.0,87.05,5694.0
2024-12-19 23:48:00,87.04,87.04,87.0017,87.0017,544.0
2024-12-19 23:50:00,87.0,87.05,86.9914,87.0325,4981.0
2024-12-19 23:52:00,87.04,87.05,87.04,87.05,2467.0
2024-12-19 23:54:00,87.03,87.03,87.03,87.03,3108.0
2024-12-19 23:56:00,87.03,87.03,87.01,87.01,1070.0
2024-12-19 23:58:00,87.02,87.02,86.96,86.96,653.0
2024-12-20 00:00:00,86.93,86.95,86.93,86.95,2675.0
2024-12-20 00:02:00,86.94,86.94,86.94,86.94,166.0
2024-12-20 00:04:00,86.93,86.93,86.93,86.93,570.0
2024-12-20 00:06:00,86.93,86.93,86.9,86.9,2854.0
2024-12-20 00:08:00,86.91,86.92,86.86,86.89,2521.0
2024-12-20 00:10:00,86.85,86.9,86.85,86.8515,4839.0
2024-12-20 00:12:00,86.9,86.9,86.8001,86.8001,3743.0
2024-12-20 00:14:00,86.81,86.8199,86.8,86.8,1007.0
2024-12-20 00:16:00,86.81,86.82,86.6,86.6,5889.0
2024-12-20 00:18:00,86.54,86.67,86.52,86.5215,3878.0
2024-12-20 00:20:00,86.6683,86.67,86.6683,86.6699,1321.0
2024-12-20 00:22:00,86.67,86.67,86.52,86.52,896.0
2024-12-20 00:24:00,86.67,86.67,86.62,86.62,699.0
2024-12-20 00:26:00,86.67,86.67,86.67,86.67,629.0
2024-12-20 00:28:00,86.56,86.56,86.5501,86.5501,774.0
2024-12-20 00:30:00,86.8689,86.9229,86.8689,86.9229,1087.0
2024-12-20 00:32:00,86.58,86.58,86.56,86.56,1783.0
2024-12-20 00:34:00,86.6001,86.65,86.6001,86.65,379.0
2024-12-20 00:36:00,86.9276,86.9276,86.9276,86.9276,519.0
2024-12-20 00:40:00,86.65,86.65,86.6,86.65,2476.0
2024-12-20 00:42:00,86.61,86.61,86.5,86.5,5680.0
2024-12-20 00:44:00,86.3278,86.36,86.3001,86.36,3075.0
2024-12-20 00:46:00,86.3845,86.4025,86.3845,86.4025,685.0
2024-12-20 00:48:00,86.38,86.45,86.38,86.45,554.0
2024-12-20 00:50:00,86.4201,86.4201,86.4,86.4,1789.0
2024-12-20 00:52:00,86.4,86.4,86.3,86.3,2832.0
2024-12-20 00:54:00,86.3296,86.3296,86.22,86.3,3869.0
2024-12-20 00:56:00,86.2501,86.3,86.2,86.3,4002.0
2024-12-20 00:58:00,86.2,86.22,86.15,86.21,9552.0
2024-12-20 09:00:00,85.2,86.15,85.2,85.4,9016.0
2024-12-20 09:02:00,85.32,85.32,85.03,85.04,5791.0
2024-12-20 09:04:00,85.0,85.06,85.0,85.0,6031.0
2024-12-20 09:06:00,85.01,85.02,85.01,85.02,3577.0
2024-12-20 09:08:00,85.02,85.25,85.02,85.25,4320.0
2024-12-20 09:10:00,85.31,85.31,85.28,85.28,1259.0
2024-12-20 09:14:00,85.32,85.32,85.32,85.32,928.0
2024-12-20 09:16:00,85.33,85.37,85.32,85.37,2578.0
2024-12-20 09:18:00,85.33,85.33,85.31,85.31,4520.0
2024-12-20 09:20:00,85.29,85.29,85.12,85.12,2597.0
2024-12-20 09:22:00,85.03,85.03,85.02,85.02,1861.0
2024-12-20 09:24:00,85.02,85.09,85.0,85.09,10310.0
2024-12-20 09:26:00,85.18,85.2,85.135,85.15,1654.0
2024-12-20 09:28:00,85.18,85.18,85.11,85.11,1684.0
2024-12-20 09:30:00,85.11,85.23,85.11,85.23,2321.0
2024-12-20 09:32:00,85.17,85.27,85.17,85.27,1101.0
2024-12-20 09:34:00,85.28,85.29,85.11,85.11,2782.0
2024-12-20 09:36:00,85.27,85.27,85.25,85.27,1618.0
2024-12-20 09:38:00,85.27,85.4,85.27,85.31,3646.0
2024-12-20 09:40:00,85.25,85.25,85.15,85.15,850.0
2024-12-20 09:42:00,85.11,85.11,85.07,85.07,948.0
2024-12-20 09:44:00,85.06,85.07,85.0,85.07,1446.0
2024-12-20 09:46:00,85.01,85.1,85.0,85.02,2798.0
2024-12-20 09:48:00,85.01,85.02,85.0,85.0,2284.0
2024-12-20 09:50:00,84.9,84.9,84.76,84.87,11823.0
2024-12-20 09:52:00,84.9,84.91,84.9,84.91,2808.0
2024-12-20 09:54:00,84.98,85.0,84.81,84.81,4552.0
2024-12-20 09:56:00,84.78,84.78,84.7,84.72,3979.0
2024-12-20 09:58:00,84.72,84.72,84.67,84.67,6215.0
2024-12-20 10:00:00,84.66,84.71,84.6,84.62,10736.0
2024-12-20 10:02:00,84.6,84.65,84.56,84.65,7962.0
2024-12-20 10:04:00,84.68,84.82,84.68,84.71,2362.0
2024-12-20 10:06:00,84.81,84.89,84.81,84.89,1390.0
2024-12-20 10:08:00,84.95,85.03,84.87,85.03,8248.0
2024-12-20 10:10:00,85.08,85.08,85.0,85.0,1090.0
2024-12-20 10:12:00,84.96,84.97,84.96,84.96,4569.0
2024-12-20 10:14:00,84.91,84.91,84.91,84.91,360.0
2024-12-20 10:18:00,84.76,84.76,84.76,84.76,636.0
2024-12-20 10:20:00,84.76,84.78,84.75,84.78,2683.0
2024-12-20 10:22:00,84.75,84.8,84.75,84.75,1562.0
2024-12-20 10:24:00,84.75,84.79,84.72,84.75,2062.0
2024-12-20 10:26:00,84.83,84.83,84.73,84.73,1312.0
2024-12-20 10:28:00,84.79,84.89,84.79,84.82,3738.0
2024-12-20 10:32:00,84.8,84.83,84.8,84.81,1357.0
2024-12-20 10:36:00,84.8,84.8,84.77,84.77,714.0
2024-12-20 10:38:00,84.76,85.0,84.76,85.0,3395.0
2024-12-20 10:40:00,84.89,84.89,84.89,84.89,706.0
2024-12-20 10:42:00,84.94,84.95,84.89,84.95,1089.0
2024-12-20 10:44:00,84.88,84.89,84.88,84.89,1228.0
2024-12-20 10:46:00,84.95,84.99,84.93,84.99,1316.0
2024-12-20 10:48:00,84.89,84.9,84.89,84.9,957.0
2024-12-20 10:50:00,84.89,84.9,84.89,84.9,2110.0
2024-12-20 10:52:00,84.89,84.89,84.87,84.89,1955.0
2024-12-20 10:54:00,84.88,84.9,84.88,84.89,4604.0
2024-12-20 10:58:00,84.9,84.9,84.9,84.9,431.0
2024-12-20 11:00:00,84.89,84.89,84.89,84.89,487.0
2024-12-20 11:02:00,84.9,84.9,84.86,84.86,505.0
2024-12-20 11:04:00,84.75,84.75,84.75,84.75,2090.0
2024-12-20 11:06:00,84.76,84.76,84.74,84.74,1186.0
2024-12-20 11:08:00,84.73,84.77,84.73,84.74,997.0
2024-12-20 11:10:00,84.81,84.81,84.81,84.81,1654.0
2024-12-20 11:12:00,84.76,84.76,84.71,84.75,2754.0
2024-12-20 11:14:00,84.75,84.75,84.75,84.75,204.0
2024-12-20 11:16:00,84.9,84.91,84.9,84.91,489.0
2024-12-20 11:18:00,84.9,84.9,84.9,84.9,499.0
2024-12-20 11:20:00,84.79,84.79,84.7,84.7,1370.0
2024-12-20 11:22:00,84.75,84.77,84.75,84.77,629.0
2024-12-20 11:24:00,84.75,84.75,84.7,84.7,1789.0
2024-12-20 11:26:00,84.7,84.73,84.7,84.73,543.0
2024-12-20 11:28:00,84.69,84.79,84.69,84.79,1569.0
2024-12-20 11:30:00,84.79,84.79,84.7,84.73,3647.0
2024-12-20 11:32:00,84.76,84.76,84.75,84.75,2661.0
2024-12-20 11:34:00,84.8,84.81,84.8,84.81,548.0
2024-12-20 11:36:00,84.77,84.77,84.77,84.77,608.0
2024-12-20 11:38:00,84.77,84.77,84.77,84.77,669.0
2024-12-20 11:42:00,84.74,84.74,84.74,84.74,810.0
2024-12-20 11:44:00,84.73,84.74,84.73,84.74,668.0
2024-12-20 11:46:00,84.77,84.8,84.61,84.61,4933.0
2024-12-20 11:48:00,84.65,84.69,84.62,84.62,2581.0
2024-12-20 11:50:00,84.7,84.7,84.7,84.7,576.0
2024-12-20 11:52:00,84.56,84.6,84.53,84.6,1568.0
2024-12-20 11:54:00,84.6,84.61,84.6,84.61,1321.0
2024-12-20 11:56:00,84.57,84.61,84.57,84.58,697.0
2024-12-20 12:00:00,84.66,85.0,84.65,84.87,15420.0
2024-12-20 12:02:00,84.88,84.88,84.65,84.65,17087.0
2024-12-20 12:04:00,84.7,84.79,84.7,84.72,1868.0
2024-12-20 12:06:00,84.7,84.71,84.65,84.65,2124.0
2024-12-20 12:08:00,84.64,84.65,84.5,84.5,11911.0
2024-12-20 12:10:00,84.49,84.6,84.45,84.6,7409.0
2024-12-20 12:12:00,84.54,84.59,84.54,84.57,3637.0
2024-12-20 12:14:00,84.48,84.48,84.45,84.45,1648.0
2024-12-20 12:16:00,84.57,84.57,84.44,84.44,6594.0
2024-12-20 12:18:00,84.41,84.45,84.4,84.45,7082.0
2024-12-20 12:20:00,84.5,84.57,84.5,84.57,4613.0
2024-12-20 12:22:00,84.54,84.54,84.44,84.45,3656.0
2024-12-20 12:24:00,84.44,84.44,84.3,84.34,3097.0
2024-12-20 12:26:00,84.4,84.41,84.4,84.41,715.0
2024-12-20 12:28:00,84.43,84.5,84.41,84.5,3137.0
2024-12-20 12:30:00,84.57,84.57,84.57,84.57,731.0
2024-12-20 12:32:00,84.6,84.63,84.25,84.44,10962.0
2024-12-20 12:34:00,84.62,84.62,84.54,84.54,2197.0
2024-12-20 12:36:00,84.6,84.61,84.5,84.61,3825.0
2024-12-20 12:38:00,84.61,84.63,84.61,84.63,1290.0
2024-12-20 12:40:00,84.65,84.65,84.65,84.65,1588.0
2024-12-20 12:42:00,84.7,84.71,84.61,84.61,989.0
2024-12-20 12:44:00,84.68,84.76,84.68,84.76,1780.0
2024-12-20 12:46:00,84.729,84.729,84.7,84.7,1151.0
2024-12-20 12:48:00,84.68,84.89,84.68,84.89,2839.0
2024-12-20 12:50:00,84.88,85.0,84.84,85.0,7158.0
2024-12-20 12:52:00,85.01,85.01,85.01,85.01,985.0
2024-12-20 12:54:00,84.97,84.97,84.56,84.83,4134.0
2024-12-20 12:56:00,84.86,84.95,84.85,84.9,2274.0
2024-12-20 12:58:00,84.9,84.9,84.88,84.88,2367.0
2024-12-20 13:00:00,84.82,86.12,84.25,84.86,146650.0
2024-12-20 13:02:00,84.84,85.0,84.8121,85.0,8219.0
2024-12-20 13:04:00,84.98,85.0,84.81,84.9,2471.0
2024-12-20 13:06:00,84.8903,84.95,84.89,84.95,8006.0
2024-12-20 13:08:00,84.96,85.0,84.95,85.0,10681.0
2024-12-20 13:10:00,85.0,85.0,84.97,84.97,13300.0
2024-12-20 13:12:00,84.98,84.99,84.89,84.9,10152.0
2024-12-20 13:14:00,84.82,84.82,84.76,84.76,9034.0
2024-12-20 13:16:00,84.77,84.8,84.76,84.76,3198.0
2024-12-20 13:18:00,84.76,84.9499,84.75,84.9499,10876.0
2024-12-20 13:20:00,84.9,84.95,84.9,84.9,2079.0
2024-12-20 13:22:00,84.89,84.8999,84.81,84.81,2780.0
2024-12-20 13:24:00,84.76,84.8,84.75,84.76,2423.0
2024-12-20 13:26:00,84.85,84.8501,84.85,84.8501,5012.0
2024-12-20 13:28:00,84.85,85.01,84.84,85.01,11408.0
2024-12-20 13:30:00,85.01,85.4999,84.84,85.49,17420.0
2024-12-20 13:32:00,85.41,85.84,85.41,85.81,28579.0
2024-12-20 13:34:00,85.7059,85.87,85.51,85.51,14367.0
2024-12-20 13:36:00,85.55,85.63,85.4,85.4,16157.0
2024-12-20 13:38:00,85.41,85.5,85.3,85.39,8170.0
2024-12-20 13:40:00,85.36,85.51,85.36,85.41,8741.0
2024-12-20 13:42:00,85.5,85.5,85.38,85.5,8390.0
2024-12-20 13:44:00,85.4816,85.55,85.42,85.45,14005.0
2024-12-20 13:46:00,85.5,85.73,85.5,85.73,11433.0
2024-12-20 13:48:00,85.73,85.8,85.6201,85.79,10293.0
2024-12-20 13:50:00,85.75,85.79,85.62,85.75,23123.0
2024-12-20 13:52:00,85.7,85.86,85.7,85.8011,9176.0
2024-12-20 13:54:00,85.8,85.9199,85.77,85.77,18758.0
2024-12-20 13:56:00,85.8,85.85,85.77,85.77,9450.0
2024-12-20 13:58:00,85.8,85.98,85.7703,85.96,14894.0
2024-12-20 14:00:00,85.93,85.96,85.7,85.75,11194.0
2024-12-20 14:02:00,85.7,85.7,85.61,85.61,10291.0
2024-12-20 14:04:00,85.7,85.8,85.65,85.7,5174.0
2024-12-20 14:06:00,85.6601,85.88,85.6601,85.768,6984.0
2024-12-20 14:08:00,85.87,85.9,85.75,85.75,9859.0
2024-12-20 14:10:00,85.7001,85.9,85.65,85.71,4128.0
2024-12-20 14:12:00,85.75,85.7501,85.6801,85.6811,3256.0
2024-12-20 14:14:00,85.78,85.78,85.6,85.6301,7882.0
2024-12-20 14:16:00,85.68,85.7,85.63,85.7,5083.0
2024-12-20 14:18:00,85.71,85.71,85.6064,85.65,2748.0
2024-12-20 14:20:00,85.6001,85.74,85.6001,85.67,3125.0
2024-12-20 14:22:00,85.68,85.71,85.6,85.6,7248.0
2024-12-20 14:24:00,85.6507,85.6507,85.45,85.46,8300.0
2024-12-20 14:26:00,85.45,85.7,85.14,85.2435,14564.0
2024-12-20 14:28:00,85.32,85.43,85.01,85.23,11460.0
2024-12-20 14:30:00,85.4063,85.6,84.97,85.35,2182066.0
2024-12-20 14:32:00,85.355,85.41,83.54,83.77,1157243.0
2024-12-20 14:34:00,83.7615,84.85,83.73,84.7418,801658.0
2024-12-20 14:36:00,84.74,84.81,83.94,84.5,685370.0
2024-12-20 14:38:00,84.4783,85.1912,84.2901,85.0797,461542.0
2024-12-20 14:40:00,85.05,85.19,84.591,85.045,470810.0
2024-12-20 14:42:00,85.0496,85.17,84.43,84.75,535547.0
2024-12-20 14:44:00,84.75,84.96,84.54,84.625,299954.0
2024-12-20 14:46:00,84.64,84.73,84.17,84.22,338933.0
2024-12-20 14:48:00,84.19,84.44,84.125,84.35,424759.0
2024-12-20 14:50:00,84.35,84.38,84.0,84.16,456042.0
2024-12-20 14:52:00,84.18,84.505,84.06,84.44,453960.0
2024-12-20 14:54:00,84.44,85.19,84.3105,85.105,357265.0
2024-12-20 14:56:00,85.1,85.26,85.0,85.18,319263.0
2024-12-20 14:58:00,85.185,85.28,84.98,85.08,187159.0
2024-12-20 15:00:00,85.1,85.67,85.07,85.66,291946.0
2024-12-20 15:02:00,85.66,86.19,85.5501,86.13,322707.0
2024-12-20 15:04:00,86.12,86.65,86.11,86.3202,319124.0
2024-12-20 15:06:00,86.32,86.4928,85.862,85.93,296474.0
2024-12-20 15:08:00,85.925,86.15,85.86,85.94,213379.0
2024-12-20 15:10:00,85.96,86.15,85.9,86.07,201459.0
2024-12-20 15:12:00,86.06,86.44,86.04,86.305,135824.0
2024-12-20 15:14:00,86.31,86.3399,85.91,85.95,219258.0
2024-12-20 15:16:00,85.92,85.9416,85.65,85.89,223432.0
2024-12-20 15:18:00,85.91,86.25,85.87,86.16,131889.0
2024-12-20 15:20:00,86.14,86.46,86.11,86.45,99447.0
2024-12-20 15:22:00,86.45,86.77,86.3,86.715,304160.0
2024-12-20 15:24:00,86.7153,86.74,86.485,86.56,205340.0
2024-12-20 15:26:00,86.545,86.7,86.4,86.6641,157902.0
2024-12-20 15:28:00,86.66,86.8,86.475,86.535,204626.0
2024-12-20 15:30:00,86.52,86.87,86.5,86.84,229694.0
2024-12-20 15:32:00,86.825,87.1997,86.82,87.16,365854.0
2024-12-20 15:34:00,87.1567,87.21,86.73,86.84,296770.0
2024-12-20 15:36:00,86.84,87.04,86.77,86.81,179657.0
2024-12-20 15:38:00,86.811951,86.91,86.69,86.88,211194.0
2024-12-20 15:40:00,86.8908,87.02,86.56,86.7654,195906.0
2024-12-20 15:42:00,86.81,86.81,86.56,86.61,192761.0
2024-12-20 15:44:00,86.59,86.99,86.56,86.73,168435.0
2024-12-20 15:46:00,86.73,86.85,86.57,86.57,135570.0
2024-12-20 15:48:00,86.57,86.7031,86.5,86.68,170147.0
2024-12-20 15:50:00,86.675,86.81,86.56,86.8,147020.0
2024-12-20 15:52:00,86.7901,86.8,86.53,86.57,146585.0
2024-12-20 15:54:00,86.57,86.8,86.5,86.65,202899.0
2024-12-20 15:56:00,86.65,86.69,86.56,86.575,132396.0
2024-12-20 15:58:00,86.58,86.65,86.531,86.56,202488.0
2024-12-20 16:00:00,86.54,86.59,86.37,86.54,228110.0
2024-12-20 16:02:00,86.52,86.7431,86.47,86.7431,176741.0
2024-12-20 16:04:00,86.73176,86.82,86.6,86.77,218629.0
2024-12-20 16:06:00,86.79,86.79,86.33,86.33,163031.0
2024-12-20 16:08:00,86.3384,86.55,86.2,86.5,189786.0
2024-12-20 16:10:00,86.505,87.07,86.49,86.925,306400.0
2024-12-20 16:12:00,86.94,87.13,86.94,87.054,155675.0
2024-12-20 16:14:00,87.05,87.11,86.9,86.915,171531.0
2024-12-20 16:16:00,86.9,87.16,86.9,87.08,294189.0
2024-12-20 16:18:00,87.1,87.38,86.96,87.3492,272336.0
2024-12-20 16:20:00,87.36,87.5965,87.24,87.5355,214620.0
2024-12-20 16:22:00,87.53,87.7,87.52,87.5897,263352.0
2024-12-20 16:24:00,87.58,87.73,87.575,87.69,151102.0
2024-12-20 16:26:00,87.69,87.695,87.39,87.47,202757.0
2024-12-20 16:28:00,87.46,87.51,87.3126,87.485,150538.0
2024-12-20 16:30:00,87.47,87.51,87.3,87.331,135510.0
2024-12-20 16:32:00,87.34,87.58,87.3,87.5,152176.0
2024-12-20 16:34:00,87.495,87.78,87.49,87.78,143891.0
2024-12-20 16:36:00,87.77,87.93,87.77,87.8986,164246.0
2024-12-20 16:38:00,87.8988,88.01,87.77,87.99,201808.0
2024-12-20 16:40:00,87.99,88.07,87.903,88.0474,129208.0
2024-12-20 16:42:00,88.05,88.26,88.03,88.23,200359.0
2024-12-20 16:44:00,88.24,88.33,88.02,88.09,390192.0
2024-12-20 16:46:00,88.085,88.24,87.88,87.885,159137.0
2024-12-20 16:48:00,87.8849,88.0,87.835,87.875,107778.0
2024-12-20 16:50:00,87.89,88.06,87.88,87.8901,131706.0
2024-12-20 16:52:00,87.89,87.9,87.545,87.56,136848.0
2024-12-20 16:54:00,87.56,87.77,87.5524,87.625,130375.0
2024-12-20 16:56:00,87.625,87.89,87.625,87.89,97043.0
2024-12-20 16:58:00,87.88,87.89,87.74,87.76,94534.0
2024-12-20 17:00:00,87.755,87.77,87.56,87.69,123424.0
2024-12-20 17:02:00,87.7,87.78,87.63,87.73,119312.0
2024-12-20 17:04:00,87.74,87.83,87.68,87.751,88135.0
2024-12-20 17:06:00,87.76,87.92,87.755,87.9,148387.0
2024-12-20 17:08:00,87.9,88.085,87.9,88.07,130431.0
2024-12-20 17:10:00,88.07,88.18,87.79,87.876,139779.0
2024-12-20 17:12:00,87.88,87.9699,87.72,87.735,72141.0
2024-12-20 17:14:00,87.735,87.77,87.58,87.77,150532.0
2024-12-20 17:16:00,87.755,87.77,87.49,87.545,107748.0
2024-12-20 17:18:00,87.54,87.64,87.42,87.48,91198.0
2024-12-20 17:20:00,87.475,87.52,87.26,87.26,94805.0
2024-12-20 17:22:00,87.27,87.36,87.2043,87.35,137271.0
2024-12-20 17:24:00,87.35,87.5,87.31,87.47,109894.0
2024-12-20 17:26:00,87.46,87.69,87.44,87.66,93538.0
2024-12-20 17:28:00,87.66,87.86,87.66,87.78,146667.0
2024-12-20 17:30:00,87.77,87.81,87.65,87.65,88641.0
2024-12-20 17:32:00,87.66,87.76,87.46,87.46,96465.0
2024-12-20 17:34:00,87.47,87.84,87.45,87.81,126648.0
2024-12-20 17:36:00,87.81,88.1002,87.79,88.08,153824.0
2024-12-20 17:38:00,88.06,88.435,88.06,88.38,180850.0
2024-12-20 17:40:00,88.365,88.445,88.23,88.2323,157438.0
2024-12-20 17:42:00,88.24,88.35,88.151,88.29,122117.0
2024-12-20 17:44:00,88.27,88.37,88.26,88.3401,91855.0
2024-12-20 17:46:00,88.36,88.3699,88.2,88.215,102846.0
2024-12-20 17:48:00,88.2001,88.44,88.2001,88.4003,140286.0
2024-12-20 17:50:00,88.41,88.43,88.31,88.35,97521.0
2024-12-20 17:52:00,88.3651,88.51,88.305,88.48,147587.0
2024-12-20 17:54:00,88.48,88.53,88.3519,88.52,137885.0
2024-12-20 17:56:00,88.5101,88.5101,88.38,88.46,89424.0
2024-12-20 17:58:00,88.47,88.53,88.45,88.5,83338.0
2024-12-20 18:00:00,88.5,88.54,88.41,88.515,121764.0
2024-12-20 18:02:00,88.515,88.58,88.46,88.55,139285.0
2024-12-20 18:04:00,88.56,88.56,88.36,88.53,130149.0
2024-12-20 18:06:00,88.53,88.59,88.5,88.5673,154628.0
2024-12-20 18:08:00,88.555,88.628,88.53,88.535,104354.0
2024-12-20 18:10:00,88.535,88.54,88.21,88.2699,195984.0
2024-12-20 18:12:00,88.26,88.43,88.22,88.41,133833.0
2024-12-20 18:14:00,88.41,88.5199,88.24,88.295,175755.0
2024-12-20 18:16:00,88.29,88.31,88.0,88.1135,218118.0
2024-12-20 18:18:00,88.12,88.35,88.105,88.16,133290.0
2024-12-20 18:20:00,88.165,88.165,87.84,87.94,218907.0
2024-12-20 18:22:00,87.92,87.96,87.7901,87.8534,159441.0
2024-12-20 18:24:00,87.8599,87.9999,87.7601,87.97,119098.0
2024-12-20 18:26:00,87.97,88.01,87.69,87.69,84318.0
2024-12-20 18:28:00,87.7,87.7,87.57,87.5972,96107.0
2024-12-20 18:30:00,87.58,87.71,87.5569,87.71,86754.0
2024-12-20 18:32:00,87.72,87.8732,87.65,87.85,67680.0
2024-12-20 18:34:00,87.845,88.0412,87.83,88.0412,71933.0
2024-12-20 18:36:00,88.02,88.25,88.02,88.2,90830.0
2024-12-20 18:38:00,88.19,88.19,87.99,88.08,119467.0
2024-12-20 18:40:00,88.065,88.2,88.0,88.13,86611.0
2024-12-20 18:42:00,88.1267,88.3333,88.05,88.31,58810.0
2024-12-20 18:44:00,88.32,88.34,88.185,88.27,77167.0
2024-12-20 18:46:00,88.28,88.37,88.185,88.2,73749.0
2024-12-20 18:48:00,88.2,88.32,88.1221,88.2,78107.0
2024-12-20 18:50:00,88.19,88.35,88.14,88.1497,76272.0
2024-12-20 18:52:00,88.14,88.3,88.04,88.235,111954.0
2024-12-20 18:54:00,88.21,88.372,88.18,88.31,104664.0
2024-12-20 18:56:00,88.31,88.34,88.1814,88.24,93314.0
2024-12-20 18:58:00,88.24,88.24,87.94,87.9999,91733.0
2024-12-20 19:00:00,87.97,88.09,87.935,88.06,70646.0
2024-12-20 19:02:00,88.04,88.145,87.97,88.14,74380.0
2024-12-20 19:04:00,88.1371,88.2612,88.09,88.2612,58683.0
2024-12-20 19:06:00,88.24,88.4126,88.24,88.35,93005.0
2024-12-20 19:08:00,88.35,88.36,88.17,88.29,70461.0
2024-12-20 19:10:00,88.28,88.42,88.26,88.2701,79814.0
2024-12-20 19:12:00,88.27,88.275,88.01,88.08,85568.0
2024-12-20 19:14:00,88.08,88.26,88.08,88.26,57577.0
2024-12-20 19:16:00,88.25,88.42,88.203,88.4,63967.0
2024-12-20 19:18:00,88.42,88.44,88.33,88.42,61850.0
2024-12-20 19:20:00,88.415,88.5,88.39,88.42,75168.0
2024-12-20 19:22:00,88.43,88.5,88.3311,88.4993,99465.0
2024-12-20 19:24:00,88.49,88.68,88.49,88.645,91260.0
2024-12-20 19:26:00,88.65,88.79,88.65,88.67,119954.0
2024-12-20 19:28:00,88.67,88.975,88.67,88.93,184644.0
2024-12-20 19:30:00,88.93,89.0898,88.865,88.94,247574.0
2024-12-20 19:32:00,88.9355,88.96,88.76,88.91,148043.0
2024-12-20 19:34:00,88.92,89.03,88.88,89.025,96121.0
2024-12-20 19:36:00,89.025,89.0631,88.84,88.8573,119523.0
2024-12-20 19:38:00,88.84,88.9788,88.805,88.922,134165.0
2024-12-20 19:40:00,88.9044,88.9674,88.82,88.89,87320.0
2024-12-20 19:42:00,88.87,89.02,88.825,89.0171,114172.0
2024-12-20 19:44:00,89.01,89.29,88.93,89.1247,161413.0
2024-12-20 19:46:00,89.125,89.31,89.125,89.15,102759.0
2024-12-20 19:48:00,89.145,89.27,89.01,89.06,127194.0
2024-12-20 19:50:00,89.07,89.15,89.0,89.11,138445.0
2024-12-20 19:52:00,89.1188,89.24,89.109,89.17,84866.0
2024-12-20 19:54:00,89.16,89.29,89.11,89.215,106599.0
2024-12-20 19:56:00,89.22,89.2699,88.92,88.94,125762.0
2024-12-20 19:58:00,88.94,89.1,88.9107,88.975,99157.0
2024-12-20 20:00:00,88.97,89.09,88.93,89.0805,60895.0
2024-12-20 20:02:00,89.0702,89.21,89.0601,89.18,93072.0
2024-12-20 20:04:00,89.18,89.23,89.1135,89.2,116210.0
2024-12-20 20:06:00,89.21,89.3,89.17,89.28,98808.0
2024-12-20 20:08:00,89.285,89.37,89.2144,89.23,105440.0
2024-12-20 20:10:00,89.2401,89.32,89.07,89.07,101102.0
2024-12-20 20:12:00,89.07,89.18,89.06,89.1,83957.0
2024-12-20 20:14:00,89.1,89.12,88.94,89.07,133348.0
2024-12-20 20:16:00,89.07,89.19,89.07,89.13,110236.0
2024-12-20 20:18:00,89.13,89.21,89.06,89.0613,96664.0
2024-12-20 20:20:00,89.065,89.12,88.86,88.97,142035.0
2024-12-20 20:22:00,88.92,89.18,88.9,89.18,105601.0
2024-12-20 20:24:00,89.1814,89.23,89.1,89.14,106846.0
2024-12-20 20:26:00,89.13,89.28,89.08,89.14,139949.0
2024-12-20 20:28:00,89.15,89.28,89.1,89.2652,197524.0
2024-12-20 20:30:00,89.27,89.3,89.06,89.09,181138.0
2024-12-20 20:32:00,89.1,89.1,88.8801,88.89,217427.0
2024-12-20 20:34:00,88.8827,89.07,88.75,89.0,362044.0
2024-12-20 20:36:00,88.96,89.23,88.96,89.22,214935.0
2024-12-20 20:38:00,89.23,89.35,89.2101,89.31,192573.0
2024-12-20 20:40:00,89.305,89.47,89.27,89.2801,288290.0
2024-12-20 20:42:00,89.27,89.31,89.16,89.2904,209509.0
2024-12-20 20:44:00,89.3013,89.81,89.3,89.79,441574.0
2024-12-20 20:46:00,89.77,89.8089,89.57,89.575,318955.0
2024-12-20 20:48:00,89.58,89.75,89.58,89.655,290901.0
2024-12-20 20:50:00,89.65,89.69,89.315,89.56,557065.0
2024-12-20 20:52:00,89.56,89.69,89.5101,89.629,432261.0
2024-12-20 20:54:00,89.62,89.85,89.4,89.77,730028.0
2024-12-20 20:56:00,89.77,89.85,89.645,89.735,811799.0
2024-12-20 20:58:00,89.73,90.25,89.71,90.12,1577729.0
2024-12-20 21:00:00,90.12,90.13,89.94,90.03,119307.0
2024-12-20 21:02:00,90.03,90.03,89.4901,89.9,21667.0
2024-12-20 21:04:00,89.94,90.12,89.9,89.97,135870.0
2024-12-20 21:06:00,90.0,90.0,89.7511,89.93,10647.0
2024-12-20 21:08:00,89.86,89.95,89.8,89.8,8488.0
2024-12-20 21:10:00,89.85,90.12,89.76,89.8,15154.0
2024-12-20 21:12:00,89.8,89.8799,89.8,89.8001,3901.0
2024-12-20 21:14:00,89.88,89.89,89.85,89.89,5283.0
2024-12-20 21:16:00,89.87,89.88,89.82,89.86,6346.0
2024-12-20 21:18:00,89.85,89.93,89.85,89.85,16439.0
2024-12-20 21:20:00,89.8501,89.92,89.85,89.92,1430.0
2024-12-20 21:22:00,89.92,89.92,89.85,89.85,3922.0
2024-12-20 21:24:00,89.85,89.95,89.85,89.95,11534.0
2024-12-20 21:26:00,89.99,89.9984,89.9007,89.9984,6590.0
2024-12-20 21:28:00,90.0,90.0,89.91,89.99,1545.0
2024-12-20 21:30:00,89.97,89.98,89.9,89.98,4537.0
2024-12-20 21:32:00,89.97,89.9799,89.85,89.85,6517.0
2024-12-20 21:34:00,89.89,90.12,89.85,89.9,2618.0
2024-12-20 21:36:00,89.9,90.12,89.7836,90.12,155071.0
2024-12-20 21:38:00,89.8,89.8,89.78,89.78,789.0
2024-12-20 21:40:00,89.78,89.78,89.68,89.75,1168.0
2024-12-20 21:42:00,89.84,89.87,89.81,89.81,2821.0
2024-12-20 21:44:00,89.9,89.9,89.89,89.89,446.0
2024-12-20 21:46:00,89.85,89.88,89.81,89.88,3861.0
2024-12-20 21:48:00,89.81,89.88,89.8,89.8,14598.0
2024-12-20 21:50:00,89.89,89.9,89.88,89.9,12453.0
2024-12-20 21:52:00,89.9,89.9,89.88,89.89,8460.0
2024-12-20 21:54:00,89.9,89.9,89.89,89.8999,5623.0
2024-12-20 21:56:00,89.9,89.9,89.88,89.9,8242.0
2024-12-20 21:58:00,89.9,89.9,89.89,89.9,6399.0
2024-12-20 22:00:00,89.9,89.9,89.89,89.89,886.0
2024-12-20 22:02:00,89.86,89.8999,89.86,89.8999,417.0
2024-12-20 22:04:00,89.82,89.82,89.79,89.8,2056.0
2024-12-20 22:06:00,89.76,89.76,89.76,89.76,513.0
2024-12-20 22:08:00,89.79,89.85,89.79,89.85,1479.0
2024-12-20 22:10:00,89.9,89.9,89.87,89.9,22156.0
2024-12-20 22:12:00,89.9,90.12,89.8702,90.12,29086.0
2024-12-20 22:14:00,90.12,90.16,90.11,90.1301,14420.0
2024-12-20 22:16:00,90.16,90.1831,90.1,90.1831,14811.0
2024-12-20 22:18:00,90.12,90.13,90.12,90.12,8247.0
2024-12-20 22:20:00,90.12,90.12,90.1,90.11,94559.0
2024-12-20 22:22:00,90.1,90.1,90.1,90.1,3800.0
2024-12-20 22:24:00,90.05,90.05,90.05,90.05,448.0
2024-12-20 22:26:00,90.1,90.12,90.1,90.11,12113.0
2024-12-20 22:28:00,90.12,90.21,90.12,90.21,2739.0
2024-12-20 22:30:00,90.1448,90.22,90.1214,90.1214,2686.0
2024-12-20 22:32:00,90.2,90.2,90.12,90.12,1761.0
2024-12-20 22:34:00,90.1201,90.19,90.1201,90.14,2626.0
2024-12-20 22:36:00,90.15,90.19,90.15,90.19,777.0
2024-12-20 22:38:00,90.15,90.1505,90.12,90.12,4388.0
2024-12-20 22:40:00,90.15,90.15,90.15,90.15,5721.0
2024-12-20 22:42:00,90.16,90.2,90.15,90.15,1959.0
2024-12-20 22:44:00,90.17,90.17,90.1506,90.1506,361.0
2024-12-20 22:48:00,90.22,90.22,90.21,90.21,1310.0
2024-12-20 22:50:00,90.16,90.25,90.15,90.25,4930.0
2024-12-20 22:52:00,90.26,90.32,90.26,90.32,1143.0
2024-12-20 22:54:00,90.33,90.33,90.2986,90.3,3039.0
2024-12-20 22:58:00,90.35,90.35,90.3,90.3,1335.0
2024-12-20 23:00:00,90.2601,90.39,90.26,90.26,2233.0
2024-12-20 23:02:00,90.3,90.3,90.3,90.3,636.0
2024-12-20 23:04:00,90.28,90.28,90.26,90.26,1074.0
2024-12-20 23:06:00,90.28,90.28,90.28,90.28,527.0
2024-12-20 23:08:00,90.2615,90.3,90.26,90.29,3502.0
2024-12-20 23:10:00,90.28,90.3,90.28,90.3,2240.0
2024-12-20 23:12:00,90.31,90.33,90.31,90.33,454.0
2024-12-20 23:14:00,90.32,90.32,90.32,90.32,1177.0
2024-12-20 23:16:00,90.3,90.39,90.3,90.39,453.0
2024-12-20 23:18:00,90.35,90.38,90.35,90.38,801.0
2024-12-20 23:20:00,90.34,90.4753,90.34,90.4753,1536.0
2024-12-20 23:22:00,90.43,90.43,90.3094,90.3094,898.0
2024-12-20 23:24:00,90.46,90.46,90.46,90.46,114.0
2024-12-20 23:26:00,90.3053,90.3053,90.3053,90.3053,385.0
2024-12-20 23:28:00,90.3295,90.33,90.3001,90.33,1862.0
2024-12-20 23:30:00,90.3501,90.3501,90.35,90.35,555.0
2024-12-20 23:32:00,90.3492,90.3492,90.34,90.34,1040.0
2024-12-20 23:34:00,90.3481,90.3481,90.3,90.3,1367.0
2024-12-20 23:36:00,90.3,90.31,90.3,90.31,622.0
2024-12-20 23:38:00,90.31,90.33,90.3,90.33,837.0
2024-12-20 23:40:00,90.3113,90.37,90.3113,90.37,991.0
2024-12-20 23:42:00,90.35,90.4,90.31,90.37,1698.0
2024-12-20 23:44:00,90.375,90.4,90.375,90.4,1462.0
2024-12-20 23:46:00,90.4198,90.46,90.4198,90.45,2496.0
2024-12-20 23:48:00,90.47,90.49,90.4501,90.4501,13744.0
2024-12-20 23:50:00,90.49,90.5778,90.45,90.5001,7099.0
2024-12-20 23:52:00,90.5,90.5,90.3,90.3,4868.0
2024-12-20 23:54:00,90.35,90.4897,90.35,90.4897,398.0
2024-12-20 23:56:00,90.3613,90.4897,90.3613,90.4897,1680.0
2024-12-20 23:58:00,90.41,90.48,90.41,90.47,2174.0
2024-12-21 00:02:00,90.43,90.45,90.43,90.45,1237.0
2024-12-21 00:04:00,90.4,90.4,90.4,90.4,237.0
2024-12-21 00:06:00,90.42,90.42,90.4001,90.4001,785.0
2024-12-21 00:08:00,90.45,90.49,90.4499,90.489,1680.0
2024-12-21 00:10:00,90.4501,90.4501,90.45,90.45,721.0
2024-12-21 00:12:00,90.48,90.49,90.48,90.49,1917.0
2024-12-21 00:14:00,90.49,90.5,90.49,90.5,1555.0
2024-12-21 00:16:00,90.45,90.45,90.4,90.45,1366.0
2024-12-21 00:18:00,90.5,90.5,90.4396,90.4396,302.0
2024-12-21 00:20:00,90.5,90.55,90.5,90.54,1405.0
2024-12-21 00:24:00,90.52,90.52,90.47,90.47,1092.0
2024-12-21 00:26:00,90.47,90.47,90.47,90.47,529.0
2024-12-21 00:28:00,90.4705,90.4705,90.4705,90.4705,546.0
2024-12-21 00:30:00,90.47,90.47,90.4,90.4,6499.0
2024-12-21 00:32:00,90.4014,90.42,90.4014,90.42,749.0
2024-12-21 00:34:00,90.44,90.44,90.44,90.44,317.0
2024-12-21 00:36:00,90.42,90.4201,90.42,90.42,3346.0
2024-12-21 00:38:00,90.4,90.4609,90.4,90.46,1233.0
2024-12-21 00:40:00,90.45,90.45,90.41,90.41,1292.0
2024-12-21 00:42:00,90.4,90.4,90.4,90.4,1121.0
2024-12-21 00:46:00,90.46,90.46,90.46,90.46,358.0
2024-12-21 00:48:00,90.44,90.5,90.44,90.5,1550.0
2024-12-21 00:50:00,90.4489,90.45,90.12,90.43,92682.0
2024-12-21 00:52:00,90.41,90.45,90.41,90.45,1263.0
2024-12-21 00:54:00,90.41,90.4498,90.4,90.4,3578.0
2024-12-21 00:56:00,90.4113,90.43,90.41,90.43,2026.0
2024-12-21 00:58:00,90.41,90.43,90.4099,90.4099,3358.0
2024-12-23 09:00:00,90.99,91.05,90.56,90.89,4078.0
2024-12-23 09:02:00,90.62,90.62,90.51,90.51,1475.0
2024-12-23 09:04:00,90.69,90.7,90.55,90.65,1506.0
2024-12-23 09:06:00,90.65,90.73,90.65,90.73,623.0
2024-12-23 09:08:00,90.8,90.85,90.79,90.79,519.0
2024-12-23 09:12:00,90.82,90.82,90.52,90.52,3021.0
2024-12-23 09:14:00,90.66,90.67,90.66,90.67,604.0
2024-12-23 09:18:00,90.6,90.6,90.43,90.49,6699.0
2024-12-23 09:20:00,90.3,90.3,90.17,90.17,1586.0
2024-12-23 09:22:00,90.2,90.36,90.17,90.36,2197.0
2024-12-23 09:24:00,90.5,90.5,90.5,90.5,442.0
2024-12-23 09:26:00,90.41,90.42,90.41,90.42,493.0
2024-12-23 09:28:00,90.32,90.4,90.32,90.4,661.0
2024-12-23 09:32:00,90.4,90.4,90.4,90.4,197.0
2024-12-23 09:34:00,90.56,90.56,90.56,90.56,491.0
2024-12-23 09:38:00,90.63,90.63,90.63,90.63,121.0
2024-12-23 09:40:00,90.68,90.71,90.68,90.7,644.0
2024-12-23 09:42:00,90.62,90.62,90.54,90.55,2497.0
2024-12-23 09:52:00,90.45,90.45,90.45,90.45,345.0
2024-12-23 09:54:00,90.4,90.4,90.4,90.4,453.0
2024-12-23 09:56:00,90.45,90.48,90.4,90.4,665.0
2024-12-23 09:58:00,90.47,90.69,90.47,90.6,3598.0
2024-12-23 10:00:00,90.7,90.7,90.7,90.7,322.0
2024-12-23 10:02:00,90.65,90.65,90.63,90.65,706.0
2024-12-23 10:04:00,90.55,90.59,90.55,90.59,970.0
2024-12-23 10:06:00,90.59,90.61,90.59,90.59,2068.0
2024-12-23 10:08:00,90.59,90.59,90.59,90.59,1304.0
2024-12-23 10:10:00,90.64,90.64,90.63,90.63,626.0
2024-12-23 10:14:00,90.72,90.74,90.66,90.66,687.0
2024-12-23 10:16:00,90.7,90.7,90.69,90.7,754.0
2024-12-23 10:18:00,90.75,90.75,90.75,90.75,121.0
2024-12-23 10:20:00,90.73,90.73,90.71,90.71,758.0
2024-12-23 10:22:00,90.7,90.7,90.7,90.7,500.0
2024-12-23 10:24:00,90.6,90.6,90.5,90.5,1131.0
2024-12-23 10:26:00,90.56,90.58,90.48,90.48,1501.0
2024-12-23 10:28:00,90.52,90.52,90.49,90.49,656.0
2024-12-23 10:30:00,90.48,90.48,90.48,90.48,638.0
2024-12-23 10:36:00,90.54,90.54,90.48,90.48,735.0
2024-12-23 10:38:00,90.47,90.47,90.47,90.47,692.0
2024-12-23 10:40:00,90.47,90.47,90.47,90.47,512.0
2024-12-23 10:42:00,90.54,90.54,90.51,90.52,629.0
2024-12-23 10:48:00,90.58,90.58,90.47,90.47,998.0
2024-12-23 10:50:00,90.39,90.4,90.37,90.37,9773.0
2024-12-23 10:52:00,90.4,90.4,90.4,90.4,460.0
2024-12-23 10:54:00,90.4,90.4,90.4,90.4,261.0
2024-12-23 10:56:00,90.36,90.36,90.31,90.31,769.0
2024-12-23 10:58:00,90.34,90.34,90.15,90.18,3993.0
2024-12-23 11:00:00,90.12,90.12,90.12,90.12,580.0
2024-12-23 11:02:00,90.11,90.11,90.11,90.11,253.0
2024-12-23 11:04:00,90.06,90.06,90.06,90.06,320.0
2024-12-23 11:06:00,90.01,90.02,89.89,89.91,5088.0
2024-12-23 11:10:00,89.87,89.87,89.82,89.87,1201.0
2024-12-23 11:12:00,89.95,90.0,89.95,90.0,1192.0
2024-12-23 11:14:00,89.97,89.97,89.95,89.95,506.0
2024-12-23 11:16:00,89.93,89.95,89.92,89.92,677.0
2024-12-23 11:18:00,89.88,89.88,89.87,89.87,418.0
2024-12-23 11:20:00,89.9,89.9,89.84,89.84,545.0
2024-12-23 11:22:00,89.89,89.89,89.89,89.89,397.0
2024-12-23 11:24:00,89.92,89.92,89.91,89.91,1966.0
2024-12-23 11:26:00,89.89,89.89,89.8,89.8,2635.0
2024-12-23 11:30:00,89.75,89.83,89.75,89.83,715.0
2024-12-23 11:32:00,89.8,89.83,89.8,89.83,1398.0
2024-12-23 11:38:00,89.7,89.7,89.66,89.66,1267.0
2024-12-23 11:40:00,89.6,89.6,89.57,89.58,1491.0
2024-12-23 11:42:00,89.63,89.66,89.63,89.66,1380.0
2024-12-23 11:44:00,89.7,89.7,89.66,89.7,721.0
2024-12-23 11:48:00,89.65,89.65,89.58,89.59,1060.0
2024-12-23 11:54:00,89.67,89.7,89.67,89.7,1261.0
2024-12-23 11:56:00,89.84,90.4,89.84,90.4,6583.0
2024-12-23 11:58:00,90.3,90.3,90.24,90.24,1931.0
2024-12-23 12:00:00,90.28,90.45,90.28,90.39,9062.0
2024-12-23 12:02:00,90.37,90.37,90.31,90.31,3273.0
2024-12-23 12:04:00,90.34,90.43,90.34,90.43,1460.0
2024-12-23 12:06:00,90.48,90.48,90.32,90.4,2287.0
2024-12-23 12:08:00,90.4,90.4,90.4,90.4,1140.0
2024-12-23 12:10:00,90.4,90.48,90.4,90.41,1957.0
2024-12-23 12:12:00,90.38,90.61,90.38,90.55,7248.0
2024-12-23 12:14:00,90.55,90.55,90.55,90.55,384.0
2024-12-23 12:16:00,90.49,90.49,90.47,90.47,1039.0
2024-12-23 12:18:00,90.41,90.41,90.4,90.4,2145.0
2024-12-23 12:20:00,90.4,90.59,90.4,90.54,4626.0
2024-12-23 12:24:00,90.62,90.66,90.62,90.62,3006.0
2024-12-23 12:26:00,90.55,90.7,90.51,90.69,10050.0
2024-12-23 12:30:00,90.7,90.89,90.7,90.89,4343.0
2024-12-23 12:32:00,90.89,90.89,90.89,90.89,392.0
2024-12-23 12:34:00,90.86,90.86,90.73,90.73,2714.0
2024-12-23 12:36:00,90.72,90.72,90.68,90.68,2717.0
2024-12-23 12:38:00,90.74,90.75,90.74,90.75,337.0
2024-12-23 12:40:00,90.77,90.85,90.77,90.85,1076.0
2024-12-23 12:42:00,90.87,90.9,90.87,90.9,2720.0
2024-12-23 12:44:00,90.93,90.93,90.93,90.93,333.0
2024-12-23 12:46:00,90.98,90.98,90.98,90.98,778.0
2024-12-23 12:48:00,91.0,91.17,90.98,91.01,7891.0
2024-12-23 12:52:00,91.07,91.07,91.07,91.07,461.0
2024-12-23 12:56:00,91.03,91.03,91.03,91.03,236.0
2024-12-23 12:58:00,91.03,91.05,91.03,91.05,580.0
2024-12-23 13:00:00,90.35,91.5,89.5854,90.9,59326.0
2024-12-23 13:02:00,90.8,90.9385,90.7818,90.7818,3053.0
2024-12-23 13:04:00,90.84,90.9037,90.75,90.8942,3468.0
2024-12-23 13:06:00,90.9,90.9,90.85,90.85,723.0
2024-12-23 13:08:00,90.75,90.889,90.75,90.75,3350.0
2024-12-23 13:10:00,90.7501,90.7501,90.7501,90.7501,1059.0
2024-12-23 13:12:00,90.79,90.79,90.74,90.7501,3635.0
2024-12-23 13:14:00,90.76,90.78,90.6,90.6,6865.0
2024-12-23 13:16:00,90.7,90.7,90.66,90.7,1673.0
2024-12-23 13:18:00,90.65,90.72,90.6,90.72,4585.0
2024-12-23 13:20:00,90.75,90.8687,90.75,90.76,1985.0
2024-12-23 13:22:00,90.8,90.81,90.7227,90.81,1559.0
2024-12-23 13:24:00,90.77,90.82,90.706,90.706,1260.0
2024-12-23 13:26:00,90.8,90.8,90.7163,90.7999,859.0
2024-12-23 13:28:00,90.7999,90.7999,90.71,90.71,2397.0
2024-12-23 13:30:00,90.7017,90.7899,90.7,90.7896,2783.0
2024-12-23 13:32:00,90.73,90.73,90.54,90.54,7947.0
2024-12-23 13:34:00,90.51,90.7,90.39,90.4,9295.0
2024-12-23 13:36:00,90.4,90.4,90.3,90.3,5515.0
2024-12-23 13:38:00,90.3,90.3,90.12,90.12,8788.0
2024-12-23 13:40:00,90.1,90.1421,89.8605,90.0,17797.0
2024-12-23 13:42:00,90.0,90.01,89.8086,89.8086,5776.0
2024-12-23 13:44:00,89.78,90.17,89.77,90.1035,10513.0
2024-12-23 13:46:00,90.3803,90.3803,89.98,90.1,5009.0
2024-12-23 13:48:00,90.0282,90.173,90.0282,90.0552,2136.0
2024-12-23 13:50:00,90.061,90.2,90.061,90.2,2849.0
2024-12-23 13:52:00,90.18,90.24,90.12,90.21,3317.0
2024-12-23 13:54:00,90.19,90.19,90.1,90.1,902.0
2024-12-23 13:56:00,90.15,90.15,90.15,90.15,862.0
2024-12-23 13:58:00,90.0101,90.25,90.0101,90.25,2463.0
2024-12-23 14:00:00,90.01,90.19,90.01,90.19,1308.0
2024-12-23 14:02:00,90.0136,90.19,90.0136,90.18,3024.0
2024-12-23 14:04:00,90.05,90.2,90.05,90.07,4986.0
2024-12-23 14:06:00,90.07,90.18,90.01,90.03,2606.0
2024-12-23 14:08:00,90.02,90.0986,90.02,90.04,4407.0
2024-12-23 14:10:00,90.04,90.07,89.9105,89.9105,5052.0
2024-12-23 14:12:00,89.97,90.0,89.9,89.97,6987.0
2024-12-23 14:14:00,89.9976,90.12,89.8985,89.8985,5627.0
2024-12-23 14:16:00,89.85,89.9,89.8,89.8,6407.0
2024-12-23 14:18:00,89.933,89.94,89.81,89.8999,5131.0
2024-12-23 14:20:00,89.94,90.0999,89.9,90.0999,10159.0
2024-12-23 14:22:00,90.1,90.1898,90.1,90.1517,6608.0
2024-12-23 14:24:00,90.17,90.32,90.15,90.21,9583.0
2024-12-23 14:26:00,90.3083,90.3083,90.16,90.25,2885.0
2024-12-23 14:28:00,90.16,90.2951,90.1,90.24,20691.0
2024-12-23 14:30:00,90.0,91.1,89.7266,90.38,891332.0
2024-12-23 14:32:00,90.39,90.68,89.75,90.5431,264007.0
2024-12-23 14:34:00,90.53,90.69,90.33,90.5744,193856.0
2024-12-23 14:36:00,90.62,90.92,90.2309,90.43,182576.0
2024-12-23 14:38:00,90.48,90.57,90.25,90.25,162521.0
2024-12-23 14:40:00,90.25,90.36,89.97,90.24,222579.0
2024-12-23 14:42:00,90.235,90.35,89.85,89.9391,197778.0
2024-12-23 14:44:00,89.94,90.08,89.4,89.56,362857.0
2024-12-23 14:46:00,89.5,89.58,88.92,89.2925,366353.0
2024-12-23 14:48:00,89.3,89.47,89.15,89.3392,152856.0
2024-12-23 14:50:00,89.3,89.3855,88.96,89.095,182025.0
2024-12-23 14:52:00,89.0866,89.21,88.81,89.05,224581.0
2024-12-23 14:54:00,89.04,89.5,88.99,89.48,146236.0
2024-12-23 14:56:00,89.495,90.05,89.32,89.99,185544.0
2024-12-23 14:58:00,90.0,90.16,89.32,89.8101,212359.0
2024-12-23 15:00:00,89.81,89.9877,89.29,89.91,132864.0
2024-12-23 15:02:00,89.97,89.97,89.32,89.7247,134473.0
2024-12-23 15:04:00,89.74,89.95,89.61,89.8,103150.0
2024-12-23 15:06:00,89.82,89.83,89.4,89.619,124912.0
2024-12-23 15:08:00,89.6191,89.6318,88.8401,88.8601,210565.0
2024-12-23 15:10:00,88.87,89.26,88.41,88.77,292364.0
2024-12-23 15:12:00,88.745,89.26,88.68,88.86,136010.0
2024-12-23 15:14:00,88.86,89.26,88.83,89.14,139263.0
2024-12-23 15:16:00,89.14,89.4199,89.08,89.22,113995.0
2024-12-23 15:18:00,89.23,89.33,88.95,89.13,123972.0
2024-12-23 15:20:00,89.11,89.33,89.06,89.22,189883.0
2024-12-23 15:22:00,89.2091,89.26,89.06,89.1573,82903.0
2024-12-23 15:24:00,89.155,89.2,88.7199,88.7925,135991.0
2024-12-23 15:26:00,88.75,88.77,88.41,88.5494,210989.0
2024-12-23 15:28:00,88.5426,88.64,88.4,88.5,103651.0
2024-12-23 15:30:00,88.52,88.6087,88.4144,88.5,83704.0
2024-12-23 15:32:00,88.48,88.74,88.4,88.61,200683.0
2024-12-23 15:34:00,88.61,88.7099,88.4,88.69,98370.0
2024-12-23 15:36:00,88.6941,88.71,88.5,88.63,101788.0
2024-12-23 15:38:00,88.6515,89.1,88.65,88.9282,141397.0
2024-12-23 15:40:00,88.9529,89.11,88.93,89.035,69683.0
2024-12-23 15:42:00,89.06,89.09,88.7118,88.81,70805.0
2024-12-23 15:44:00,88.815,88.815,88.55,88.65,142416.0
2024-12-23 15:46:00,88.6235,88.64,88.45,88.5501,133389.0
2024-12-23 15:48:00,88.57,88.73,88.5199,88.69,77282.0
2024-12-23 15:50:00,88.69,88.77,88.6302,88.77,54195.0
2024-12-23 15:52:00,88.755,88.88,88.7,88.7698,70231.0
2024-12-23 15:54:00,88.77,89.0245,88.755,89.0,72828.0
2024-12-23 15:56:00,89.01,89.03,88.9,88.95,55210.0
2024-12-23 15:58:00,88.95,88.98,88.6601,88.785,109037.0
2024-12-23 16:00:00,88.77,89.0,88.7,88.96,76160.0
2024-12-23 16:02:00,88.96,89.0,88.86,88.86,129536.0
2024-12-23 16:04:00,88.8977,88.92,88.75,88.77,61051.0
2024-12-23 16:06:00,88.76,88.95,88.76,88.905,144226.0
2024-12-23 16:08:00,88.89,88.9,88.67,88.7,70449.0
2024-12-23 16:10:00,88.7,88.78,88.64,88.64,55649.0
2024-12-23 16:12:00,88.66,88.69,88.56,88.59,76934.0
2024-12-23 16:14:00,88.59,88.7699,88.5301,88.74,95358.0
2024-12-23 16:16:00,88.72,88.85,88.66,88.8,80434.0
2024-12-23 16:18:00,88.795,88.96,88.78,88.92,51081.0
2024-12-23 16:20:00,88.91,88.9103,88.72,88.815,56871.0
2024-12-23 16:22:00,88.815,88.8399,88.68,88.71,60990.0
2024-12-23 16:24:00,88.69,89.04,88.67,89.015,75334.0
2024-12-23 16:26:00,89.015,89.21,89.01,89.165,94803.0
2024-12-23 16:28:00,89.165,89.1992,89.03,89.06,51763.0
2024-12-23 16:30:00,89.06,89.09,88.9,88.935,54301.0
2024-12-23 16:32:00,88.935,89.06,88.91,88.925,62966.0
2024-12-23 16:34:00,88.925,89.0999,88.83,89.04,60217.0
2024-12-23 16:36:00,89.03,89.1697,88.95,89.1697,64640.0
2024-12-23 16:38:00,89.15,89.2799,89.08,89.12,87630.0
2024-12-23 16:40:00,89.11,89.32,89.0101,89.3099,55271.0
2024-12-23 16:42:00,89.2972,89.353,89.26,89.3499,67509.0
2024-12-23 16:44:00,89.34,89.41,89.18,89.2448,112821.0
2024-12-23 16:46:00,89.235,89.3499,89.23,89.2936,44144.0
2024-12-23 16:48:00,89.31,89.33,89.06,89.07,54123.0
2024-12-23 16:50:00,89.06,89.14,88.96,89.03,88810.0
2024-12-23 16:52:00,89.04,89.0514,88.8,88.84,58925.0
2024-12-23 16:54:00,88.84,88.995,88.83,88.94,74482.0
2024-12-23 16:56:00,88.96,88.96,88.76,88.7881,63628.0
2024-12-23 16:58:00,88.7706,88.94,88.77,88.87,61799.0
2024-12-23 17:00:00,88.83,89.02,88.78,89.02,51002.0
2024-12-23 17:02:00,89.02,89.14,88.9,88.92,76158.0
2024-12-23 17:04:00,88.92,89.06,88.86,89.04,77782.0
2024-12-23 17:06:00,89.0762,89.0762,88.87,88.87,57559.0
2024-12-23 17:08:00,88.85,88.91,88.8101,88.82,36680.0
2024-12-23 17:10:00,88.8554,88.8602,88.68,88.76,60114.0
2024-12-23 17:12:00,88.77,88.83,88.7,88.73,67172.0
2024-12-23 17:14:00,88.735,88.75,88.461,88.55,194159.0
2024-12-23 17:16:00,88.56,88.6039,88.4501,88.585,84381.0
2024-12-23 17:18:00,88.585,88.67,88.432,88.66,102992.0
2024-12-23 17:20:00,88.66,88.7,88.59,88.6501,57668.0
2024-12-23 17:22:00,88.664,88.67,88.49,88.56,654307.0
2024-12-23 17:24:00,88.555,88.79,88.53,88.7259,62933.0
2024-12-23 17:26:00,88.74,88.83,88.6801,88.75,57933.0
2024-12-23 17:28:00,88.7346,88.7897,88.57,88.585,74654.0
2024-12-23 17:30:00,88.585,88.85,88.585,88.82,124748.0
2024-12-23 17:32:00,88.83,88.95,88.78,88.8626,68005.0
2024-12-23 17:34:00,88.875,88.95,88.76,88.8508,65778.0
2024-12-23 17:36:00,88.87,89.05,88.75,89.02,102412.0
2024-12-23 17:38:00,89.0108,89.13,88.96,89.035,60067.0
2024-12-23 17:40:00,89.02,89.05,88.84,88.9964,37174.0
2024-12-23 17:42:00,88.93,89.1,88.87,89.09,104980.0
2024-12-23 17:44:00,89.1,89.25,89.0505,89.1,100017.0
2024-12-23 17:46:00,89.1391,89.29,89.04,89.275,66424.0
2024-12-23 17:48:00,89.275,89.4213,89.23,89.4,74367.0
2024-12-23 17:50:00,89.395,89.41,89.1,89.1754,80164.0
2024-12-23 17:52:00,89.19,89.23,89.08,89.13,50622.0
2024-12-23 17:54:00,89.08,89.19,89.05,89.1281,38040.0
2024-12-23 17:56:00,89.16,89.21,89.1108,89.13,60850.0
2024-12-23 17:58:00,89.13,89.17,89.09,89.12,38626.0
2024-12-23 18:00:00,89.13,89.2,89.02,89.155,42825.0
2024-12-23 18:02:00,89.16,89.23,89.02,89.09,40546.0
2024-12-23 18:04:00,89.08,89.1554,89.0,89.14,89369.0
2024-12-23 18:06:00,89.13,89.18,89.07,89.0742,66268.0
2024-12-23 18:08:00,89.109,89.163,88.92,89.03,88068.0
2024-12-23 18:10:00,89.025,89.14,88.9,89.12,58196.0
2024-12-23 18:12:00,89.125,89.14,88.9645,89.11,109612.0
2024-12-23 18:14:00,89.095,89.19,89.02,89.13,50491.0
2024-12-23 18:16:00,89.13,89.27,89.055,89.095,66391.0
2024-12-23 18:18:00,89.1197,89.14,89.04,89.06,36864.0
2024-12-23 18:20:00,89.05,89.12,89.0,89.12,43651.0
2024-12-23 18:22:00,89.13,89.22,89.02,89.22,41971.0
2024-12-23 18:24:00,89.1801,89.36,89.1801,89.36,93071.0
2024-12-23 18:26:00,89.3657,89.3657,89.22,89.23,39986.0
2024-12-23 18:28:00,89.22,89.22,89.1,89.16,68364.0
2024-12-23 18:30:00,89.14,89.17,89.03,89.042,74235.0
2024-12-23 18:32:00,89.04,89.12,89.035,89.07,61247.0
2024-12-23 18:34:00,89.0609,89.14,89.05,89.12,38442.0
2024-12-23 18:36:00,89.11,89.14,89.04,89.075,39289.0
2024-12-23 18:38:00,89.0865,89.2739,89.075,89.2472,72748.0
2024-12-23 18:40:00,89.2577,89.2599,89.16,89.22,44806.0
2024-12-23 18:42:00,89.21,89.31,89.1636,89.19,28496.0
2024-12-23 18:44:00,89.1848,89.35,89.18,89.26,70242.0
2024-12-23 18:46:00,89.26,89.3,89.22,89.29,37528.0
2024-12-23 18:48:00,89.31,89.4151,89.27,89.38,67825.0
2024-12-23 18:50:00,89.38,89.485,89.37,89.4579,44893.0
2024-12-23 18:52:00,89.45,89.48,89.35,89.39,65933.0
2024-12-23 18:54:00,89.4,89.45,89.33,89.405,36314.0
2024-12-23 18:56:00,89.39,89.47,89.3401,89.47,70457.0
2024-12-23 18:58:00,89.4326,89.48,89.36,89.37,32390.0
2024-12-23 19:00:00,89.37,89.43,89.35,89.38,46667.0
2024-12-23 19:02:00,89.38,89.48,89.38,89.405,26032.0
2024-12-23 19:04:00,89.39,89.47,89.39,89.44,34025.0
2024-12-23 19:06:00,89.435,89.5399,89.39,89.5289,72946.0
2024-12-23 19:08:00,89.51,89.67,89.51,89.645,75015.0
2024-12-23 19:10:00,89.65,89.67,89.53,89.56,51079.0
2024-12-23 19:12:00,89.55,89.62,89.47,89.585,64286.0
2024-12-23 19:14:00,89.58,89.7,89.54,89.65,53804.0
2024-12-23 19:16:00,89.645,89.77,89.63,89.75,70897.0
2024-12-23 19:18:00,89.73,89.7663,89.7,89.705,52281.0
2024-12-23 19:20:00,89.71,89.8279,89.68,89.796,68676.0
2024-12-23 19:22:00,89.7901,89.94,89.7701,89.9107,86323.0
2024-12-23 19:24:00,89.9396,90.01,89.88,89.91,186422.0
2024-12-23 19:26:00,89.91,89.94,89.8,89.8,96803.0
2024-12-23 19:28:00,89.8,89.88,89.785,89.79,124996.0
2024-12-23 19:30:00,89.8081,89.89,89.69,89.87,74878.0
2024-12-23 19:32:00,89.86,89.88,89.79,89.835,63503.0
2024-12-23 19:34:00,89.84,89.89,89.75,89.7851,64443.0
2024-12-23 19:36:00,89.785,89.84,89.78,89.81,78732.0
2024-12-23 19:38:00,89.82,89.8799,89.7,89.73,103963.0
2024-12-23 19:40:00,89.73,89.85,89.7075,89.81,76118.0
2024-12-23 19:42:00,89.81,90.03,89.79,90.03,144402.0
2024-12-23 19:44:00,90.024,90.07,89.982,90.03,94537.0
2024-12-23 19:46:00,90.03,90.0599,89.95,89.95,45162.0
2024-12-23 19:48:00,89.96,90.02,89.85,89.88,71539.0
2024-12-23 19:50:00,89.88,90.05,89.865,89.9875,90993.0
2024-12-23 19:52:00,89.995,90.0,89.87,89.97,60774.0
2024-12-23 19:54:00,89.97,90.05,89.92,89.945,46509.0
2024-12-23 19:56:00,89.93,89.99,89.89,89.895,41455.0
2024-12-23 19:58:00,89.8981,89.9,89.73,89.755,62066.0
2024-12-23 20:00:00,89.75,89.8399,89.57,89.6198,90339.0
2024-12-23 20:02:00,89.6,89.6499,89.47,89.505,56290.0
2024-12-23 20:04:00,89.4853,89.6,89.43,89.43,60862.0
2024-12-23 20:06:00,89.445,89.51,89.39,89.43,48362.0
2024-12-23 20:08:00,89.42,89.44,89.33,89.3919,55457.0
2024-12-23 20:10:00,89.38,89.44,89.26,89.3,54133.0
2024-12-23 20:12:00,89.3273,89.4317,89.31,89.39,46111.0
2024-12-23 20:14:00,89.4,89.58,89.39,89.43,53457.0
2024-12-23 20:16:00,89.43,89.46,89.23,89.29,67680.0
2024-12-23 20:18:00,89.285,89.43,89.24,89.35,73380.0
2024-12-23 20:20:00,89.328,89.44,89.32,89.42,45125.0
2024-12-23 20:22:00,89.4223,89.5,89.39,89.4,35095.0
2024-12-23 20:24:00,89.41,89.64,89.41,89.61,95725.0
2024-12-23 20:26:00,89.61,89.87,89.566,89.87,54399.0
2024-12-23 20:28:00,89.8705,89.9,89.83,89.86,60662.0
2024-12-23 20:30:00,89.87,89.99,89.8601,89.895,74450.0
2024-12-23 20:32:00,89.91,89.92,89.7901,89.9,84991.0
2024-12-23 20:34:00,89.88,89.92,89.82,89.84,53695.0
2024-12-23 20:36:00,89.84,89.86,89.79,89.8479,61309.0
2024-12-23 20:38:00,89.84,89.871,89.71,89.73,62060.0
2024-12-23 20:40:00,89.7396,89.95,89.7396,89.93,83893.0
2024-12-23 20:42:00,89.94,90.01,89.91,89.97,98999.0
2024-12-23 20:44:00,89.96,90.01,89.86,89.96,102913.0
2024-12-23 20:46:00,89.97,89.99,89.86,89.87,88654.0
2024-12-23 20:48:00,89.85,89.85,89.68,89.763,116245.0
2024-12-23 20:50:00,89.77,89.78,89.6136,89.72,165225.0
2024-12-23 20:52:00,89.71,89.81,89.64,89.72,129549.0
2024-12-23 20:54:00,89.7,89.71,89.31,89.32,276877.0
2024-12-23 20:56:00,89.315,89.6,89.075,89.55,564247.0
2024-12-23 20:58:00,89.555,89.88,89.51,89.88,1804855.0
2024-12-23 21:00:00,89.72,89.72,89.6,89.72,250390.0
2024-12-23 21:02:00,89.72,89.72,89.66,89.66,1978.0
2024-12-23 21:04:00,89.66,89.66,89.56,89.56,2040.0
2024-12-23 21:06:00,89.55,89.6,89.55,89.5507,4054.0
2024-12-23 21:08:00,89.6,89.6,89.5516,89.5516,3892.0
2024-12-23 21:10:00,89.72,89.86,89.63,89.86,11287.0
2024-12-23 21:12:00,89.81,89.88,89.81,89.87,5874.0
2024-12-23 21:14:00,89.9,89.9,89.9,89.9,684.0
2024-12-23 21:16:00,89.87,89.91,89.81,89.81,2961.0
2024-12-23 21:18:00,89.83,89.83,89.8,89.83,4196.0
2024-12-23 21:20:00,89.8,89.82,89.8,89.81,2763.0
2024-12-23 21:22:00,89.81,89.81,89.8,89.8,9220.0
2024-12-23 21:24:00,89.8,89.8454,89.8,89.8454,3382.0
2024-12-23 21:26:00,89.81,89.81,89.81,89.81,733.0
2024-12-23 21:28:00,89.87,89.87,89.87,89.87,181.0
2024-12-23 21:30:00,89.82,89.82,89.82,89.82,706.0
2024-12-23 21:32:00,89.82,89.82,89.8,89.8,4859.0
2024-12-23 21:34:00,89.81,89.81,89.73,89.73,85514.0
2024-12-23 21:36:00,89.77,89.77,89.77,89.77,310.0
2024-12-23 21:38:00,89.759,89.76,89.66,89.67,3692.0
2024-12-23 21:40:00,89.69,89.72,89.69,89.72,5555.0
2024-12-23 21:42:00,89.72,89.72,89.72,89.72,668.0
2024-12-23 21:46:00,89.6698,89.77,89.6698,89.7002,2071.0
2024-12-23 21:48:00,89.74,89.74,89.7,89.7,96784.0
2024-12-23 21:50:00,89.74,89.74,89.74,89.74,472.0
2024-12-23 21:52:00,89.77,89.77,89.7505,89.7505,452.0
2024-12-23 21:54:00,89.75,89.75,89.75,89.75,255.0
2024-12-23 21:56:00,89.75,89.75,89.6811,89.6811,1293.0
2024-12-23 21:58:00,89.69,89.76,89.69,89.76,1210.0
2024-12-23 22:00:00,89.76,89.76,89.76,89.76,2714.0
2024-12-23 22:02:00,89.76,89.76,89.72,89.75,3446.0
2024-12-23 22:04:00,89.7594,89.7594,89.65,89.65,3672.0
2024-12-23 22:06:00,89.6001,89.71,89.6001,89.71,636.0
2024-12-23 22:08:00,89.71,89.71,89.6012,89.6012,660.0
2024-12-23 22:10:00,89.71,89.71,89.6,89.61,813.0
2024-12-23 22:12:00,89.68,89.68,89.68,89.68,126.0
2024-12-23 22:14:00,89.68,89.68,89.68,89.68,846.0
2024-12-23 22:16:00,89.6801,89.6801,89.6801,89.6801,387.0
2024-12-23 22:18:00,89.68,89.68,89.68,89.68,769.0
2024-12-23 22:20:00,89.6,89.6,89.6,89.6,2543.0
2024-12-23 22:22:00,89.6001,89.6001,89.6001,89.6001,375.0
2024-12-23 22:24:00,89.62,89.65,89.62,89.65,2057.0
2024-12-23 22:26:00,89.6037,89.85,89.6037,89.6722,2275.0
2024-12-23 22:30:00,89.78,89.78,89.78,89.78,383.0
2024-12-23 22:34:00,89.7,89.7,89.7,89.7,158.0
2024-12-23 22:36:00,89.68,89.68,89.68,89.68,995.0
2024-12-23 22:38:00,89.69,89.78,89.65,89.65,3436.0
2024-12-23 22:40:00,89.61,89.61,89.61,89.61,156.0
2024-12-23 22:42:00,89.66,89.66,89.66,89.66,243.0
2024-12-23 22:44:00,89.66,89.76,89.65,89.74,1820.0
2024-12-23 22:46:00,89.62,89.62,89.62,89.62,2008.0
2024-12-23 22:48:00,89.76,89.76,89.67,89.67,943.0
2024-12-23 22:52:00,89.71,89.71,89.71,89.71,508.0
2024-12-23 22:58:00,89.66,89.66,89.505,89.505,2928.0
2024-12-23 23:00:00,89.74,89.74,89.74,89.74,110.0
2024-12-23 23:04:00,89.74,89.74,89.74,89.74,1000.0
2024-12-23 23:06:00,89.62,89.88,89.62,89.88,1585.0
2024-12-23 23:08:00,89.9,89.9302,89.69,89.9302,2854.0
2024-12-23 23:12:00,89.9,89.9,89.9,89.9,3768.0
2024-12-23 23:18:00,89.91,89.91,89.91,89.91,228.0
2024-12-23 23:20:00,89.82,89.88,89.82,89.88,932.0
2024-12-23 23:22:00,89.72,89.87,89.72,89.87,487.0
2024-12-23 23:26:00,89.88,89.88,89.88,89.88,230.0
2024-12-23 23:28:00,89.88,89.88,89.88,89.88,1072.0
2024-12-23 23:34:00,89.88,89.88,89.88,89.88,364.0
2024-12-23 23:36:00,89.8,89.8,89.8,89.8,146.0
2024-12-23 23:38:00,89.71,89.71,89.7,89.7,1096.0
2024-12-23 23:40:00,89.7,89.8791,89.7,89.7,405.0
2024-12-23 23:48:00,89.7,89.7,89.7,89.7,133.0
2024-12-23 23:50:00,89.8,89.8,89.8,89.8,251.0
2024-12-23 23:54:00,89.8,89.8,89.75,89.8,2960.0
2024-12-23 23:56:00,89.8,89.8,89.76,89.76,1484.0
2024-12-24 00:00:00,89.75,89.8061,89.75,89.8061,673.0
2024-12-24 00:02:00,89.77,89.77,89.77,89.77,318.0
2024-12-24 00:04:00,89.75,89.75,89.7007,89.7007,1383.0
2024-12-24 00:06:00,89.75,89.75,89.75,89.75,445.0
2024-12-24 00:08:00,89.7013,89.75,89.7013,89.75,326.0
2024-12-24 00:10:00,89.74,89.74,89.73,89.73,501.0
2024-12-24 00:12:00,89.7478,89.7478,89.73,89.73,1031.0
2024-12-24 00:16:00,89.7,89.7,89.66,89.66,1998.0
2024-12-24 00:20:00,89.65,89.65,89.65,89.65,1046.0
2024-12-24 00:22:00,89.75,89.88,89.61,89.61,1572.0
2024-12-24 00:26:00,89.6578,89.6578,89.6578,89.6578,200.0
2024-12-24 00:28:00,89.6853,89.6853,89.67,89.67,407.0
2024-12-24 00:30:00,89.624,89.624,89.62,89.62,414.0
2024-12-24 00:32:00,89.6395,89.6395,89.6395,89.6395,183.0
2024-12-24 00:34:00,89.74,89.74,89.6138,89.6138,428.0
2024-12-24 00:36:00,89.68,89.74,89.68,89.74,556.0
2024-12-24 00:38:00,89.6983,89.6983,89.61,89.61,360.0
2024-12-24 00:42:00,89.69,89.69,89.67,89.67,526.0
2024-12-24 00:44:00,89.69,89.69,89.69,89.69,133.0
2024-12-24 00:46:00,89.7,89.7,89.7,89.7,787.0
2024-12-24 00:48:00,89.7386,89.7589,89.7386,89.7589,513.0
2024-12-24 00:52:00,89.78,89.78,89.78,89.78,310.0
2024-12-24 00:54:00,89.78,89.78,89.78,89.78,465.0
2024-12-24 00:56:00,89.79,89.79,89.79,89.79,655.0
2024-12-24 00:58:00,89.79,89.8562,89.71,89.71,3092.0
2024-12-24 09:00:00,93.0,93.0,89.7,89.7,1859.0
2024-12-24 09:02:00,89.61,89.65,89.44,89.6,2571.0
2024-12-24 09:04:00,89.79,89.79,89.79,89.79,253.0
2024-12-24 09:06:00,89.8,89.8,89.8,89.8,1297.0
2024-12-24 09:08:00,89.79,89.96,89.61,89.96,1589.0
2024-12-24 09:10:00,89.92,89.92,89.92,89.92,107.0
2024-12-24 09:12:00,89.85,89.85,89.85,89.85,159.0
2024-12-24 09:14:00,89.9,89.9,89.83,89.83,721.0
2024-12-24 09:16:00,89.77,89.77,89.73,89.73,915.0
2024-12-24 09:22:00,89.73,89.73,89.72,89.72,1390.0
2024-12-24 09:26:00,89.79,89.8,89.79,89.8,307.0
2024-12-24 09:30:00,89.72,89.72,89.72,89.72,564.0
2024-12-24 09:36:00,89.73,89.73,89.67,89.67,1335.0
2024-12-24 09:40:00,89.67,89.67,89.6,89.6,996.0
2024-12-24 09:44:00,89.44,89.44,89.39,89.39,1516.0
2024-12-24 09:46:00,89.39,89.39,89.31,89.31,1567.0
2024-12-24 09:54:00,89.51,89.51,89.51,89.51,703.0
2024-12-24 09:56:00,89.59,89.71,89.59,89.71,697.0
2024-12-24 09:58:00,89.67,89.72,89.67,89.72,1136.0
2024-12-24 10:06:00,89.81,89.81,89.81,89.81,208.0
2024-12-24 10:16:00,89.89,90.02,89.89,90.0,2299.0
2024-12-24 10:18:00,90.09,90.09,90.09,90.09,110.0
2024-12-24 10:22:00,90.09,90.1,90.09,90.1,2080.0
2024-12-24 10:24:00,90.13,90.13,90.1,90.1,1150.0
2024-12-24 10:28:00,89.95,89.95,89.85,89.9,5622.0
2024-12-24 10:32:00,89.95,89.95,89.95,89.95,100.0
2024-12-24 10:40:00,89.95,89.95,89.95,89.95,306.0
2024-12-24 10:42:00,89.93,89.93,89.93,89.93,438.0
2024-12-24 10:46:00,89.75,89.75,89.75,89.75,526.0
2024-12-24 11:16:00,89.88,89.99,89.83,89.83,704.0
2024-12-24 11:20:00,89.89,89.89,89.89,89.89,180.0
2024-12-24 11:28:00,89.87,89.87,89.87,89.87,407.0
2024-12-24 11:38:00,89.77,89.77,89.77,89.77,360.0
2024-12-24 11:48:00,89.75,89.75,89.75,89.75,153.0
2024-12-24 11:50:00,89.78,89.78,89.78,89.78,159.0
2024-12-24 11:52:00,89.81,89.88,89.81,89.88,486.0
2024-12-24 12:00:00,89.86,89.86,89.73,89.73,1002.0
2024-12-24 12:04:00,89.74,89.74,89.73,89.73,525.0
2024-12-24 12:08:00,89.86,89.86,89.86,89.86,141.0
2024-12-24 12:10:00,89.89,89.89,89.85,89.85,952.0
2024-12-24 12:12:00,89.87,89.87,89.87,89.87,154.0
2024-12-24 12:14:00,89.84,89.85,89.84,89.85,703.0
2024-12-24 12:16:00,89.85,89.85,89.85,89.85,853.0
2024-12-24 12:18:00,90.0,90.03,90.0,90.0,1864.0
2024-12-24 12:20:00,90.0,90.0,90.0,90.0,192.0
2024-12-24 12:24:00,89.98,89.99,89.97,89.97,781.0
2024-12-24 12:26:00,89.95,89.99,89.93,89.93,1953.0
2024-12-24 12:28:00,89.98,89.98,89.98,89.98,520.0
2024-12-24 12:30:00,89.95,89.98,89.95,89.97,837.0
2024-12-24 12:32:00,90.08,90.12,90.08,90.11,4150.0
2024-12-24 12:34:00,90.15,90.2,90.15,90.2,646.0
2024-12-24 12:36:00,90.25,90.25,90.21,90.21,556.0
2024-12-24 12:38:00,90.2,90.2,90.15,90.15,898.0
2024-12-24 12:40:00,90.13,90.13,90.13,90.13,223.0
2024-12-24 12:42:00,90.15,90.2,90.15,90.19,1116.0
2024-12-24 12:46:00,90.219,90.219,90.219,90.219,302.0
2024-12-24 12:48:00,90.22,90.25,90.22,90.25,913.0
2024-12-24 12:50:00,90.29,90.36,90.29,90.36,3321.0
2024-12-24 12:52:00,90.34,90.34,90.34,90.34,100.0
2024-12-24 12:54:00,90.32,90.32,90.27,90.27,1939.0
2024-12-24 12:56:00,90.25,90.35,90.2,90.2,1471.0
2024-12-24 12:58:00,90.28,90.29,90.28,90.29,1375.0
2024-12-24 13:00:00,89.89,90.3979,89.4999,90.1754,39235.0
2024-12-24 13:02:00,90.2,90.37,90.2,90.37,4648.0
2024-12-24 13:04:00,90.44,90.44,90.345,90.345,4725.0
2024-12-24 13:06:00,90.27,90.4,90.25,90.4,6002.0
2024-12-24 13:10:00,90.3001,90.33,90.3,90.33,610.0
2024-12-24 13:12:00,90.25,90.33,90.201,90.3,1522.0
2024-12-24 13:14:00,90.3,90.3,90.3,90.3,282.0
2024-12-24 13:16:00,90.21,90.28,90.21,90.28,1592.0
2024-12-24 13:18:00,90.24,90.24,90.2,90.2,3776.0
2024-12-24 13:20:00,90.23,90.23,90.23,90.23,232.0
2024-12-24 13:22:00,90.27,90.28,90.2,90.2,1058.0
2024-12-24 13:24:00,90.2012,90.26,90.2,90.2001,1150.0
2024-12-24 13:26:00,90.2499,90.25,90.2499,90.25,851.0
2024-12-24 13:28:00,90.2,90.2,90.1,90.11,5117.0
2024-12-24 13:30:00,90.11,90.2,90.0803,90.12,2586.0
2024-12-24 13:32:00,90.12,90.12,90.08,90.08,868.0
2024-12-24 13:34:00,90.09,90.15,90.08,90.15,1578.0
2024-12-24 13:36:00,90.09,90.09,89.9,89.9,9148.0
2024-12-24 13:38:00,89.9105,90.1,89.9105,90.1,6709.0
2024-12-24 13:40:00,90.15,90.2,90.12,90.15,5067.0
2024-12-24 13:42:00,90.24,90.24,90.24,90.24,279.0
2024-12-24 13:44:00,90.14,90.2,90.14,90.2,700.0
2024-12-24 13:46:00,90.17,90.17,90.17,90.17,257.0
2024-12-24 13:48:00,90.19,90.3,90.19,90.3,3111.0
2024-12-24 13:50:00,90.29,90.29,90.29,90.29,177.0
2024-12-24 13:52:00,90.29,90.29,90.2302,90.2305,2314.0
2024-12-24 13:54:00,90.28,90.31,90.231,90.2917,3322.0
2024-12-24 13:56:00,90.3,90.3,90.23,90.25,1739.0
2024-12-24 13:58:00,90.2201,90.2201,90.12,90.12,1150.0
2024-12-24 14:00:00,90.12,90.15,90.12,90.15,3131.0
2024-12-24 14:02:00,90.2771,90.3,90.21,90.25,2490.0
2024-12-24 14:04:00,90.29,90.29,90.2,90.245,2098.0
2024-12-24 14:06:00,90.2,90.2,90.2,90.2,962.0
2024-12-24 14:08:00,90.24,90.24,90.1016,90.2,1291.0
2024-12-24 14:10:00,90.13,90.2,90.12,90.1235,2715.0
2024-12-24 14:12:00,90.2,90.2,90.15,90.16,2046.0
2024-12-24 14:14:00,90.15,90.19,90.11,90.19,2043.0
2024-12-24 14:16:00,90.1,90.1,90.0601,90.07,2235.0
2024-12-24 14:18:00,90.07,90.08,90.0,90.0,7266.0
2024-12-24 14:20:00,90.0,90.05,89.95,89.99,2351.0
2024-12-24 14:22:00,89.92,89.97,89.92,89.96,2334.0
2024-12-24 14:24:00,89.95,89.95,89.67,89.89,13512.0
2024-12-24 14:26:00,89.7,89.92,89.3814,89.3814,13245.0
2024-12-24 14:28:00,89.36,89.5,89.23,89.5,32469.0
2024-12-24 14:30:00,89.58,89.7,88.9,89.065,485623.0
2024-12-24 14:32:00,89.1,89.3099,88.9,89.12,204862.0
2024-12-24 14:34:00,89.0796,89.41,89.01,89.22,214890.0
2024-12-24 14:36:00,89.185,89.2699,88.55,88.73,238216.0
2024-12-24 14:38:00,88.7,88.8439,88.4,88.44,209821.0
2024-12-24 14:40:00,88.43,89.0,88.35,88.83,239198.0
2024-12-24 14:42:00,88.83,88.8452,88.23,88.31,171377.0
2024-12-24 14:44:00,88.323,88.67,88.25,88.63,285411.0
2024-12-24 14:46:00,88.61,88.89,88.53,88.7375,156370.0
2024-12-24 14:48:00,88.7264,88.92,88.62,88.9,138400.0
2024-12-24 14:50:00,88.9051,88.925,88.62,88.825,136797.0
2024-12-24 14:52:00,88.84,89.07,88.84,88.91,141081.0
2024-12-24 14:54:00,88.91,89.01,88.781,88.9968,87838.0
2024-12-24 14:56:00,89.03,89.2,89.0,89.04,117995.0
2024-12-24 14:58:00,89.035,89.08,88.94,89.04,85441.0
2024-12-24 15:00:00,89.07,89.33,89.04,89.2703,112272.0
2024-12-24 15:02:00,89.265,89.28,89.1274,89.23,101668.0
2024-12-24 15:04:00,89.22,89.3393,89.0702,89.0702,103399.0
2024-12-24 15:06:00,89.05,89.27,89.03,89.25,89229.0
2024-12-24 15:08:00,89.2335,89.27,88.96,89.04,116012.0
2024-12-24 15:10:00,89.03,89.2,88.97,89.05,89322.0
2024-12-24 15:12:00,89.05,89.145,88.96,89.0,97078.0
2024-12-24 15:14:00,88.99,89.2225,88.97,89.205,62082.0
2024-12-24 15:16:00,89.21,89.27,89.0669,89.24,60376.0
2024-12-24 15:18:00,89.24,89.2699,89.04,89.06,71615.0
2024-12-24 15:20:00,89.04,89.14,88.98,89.12,54744.0
2024-12-24 15:22:00,89.1233,89.19,89.12,89.12,44001.0
2024-12-24 15:24:00,89.1348,89.25,89.11,89.14,105107.0
2024-12-24 15:26:00,89.1357,89.1775,89.02,89.065,58482.0
2024-12-24 15:28:00,89.08,89.11,88.98,89.06,72555.0
2024-12-24 15:30:00,89.04,89.23,89.0,89.085,73756.0
2024-12-24 15:32:00,89.085,89.1079,88.975,89.0099,68807.0
2024-12-24 15:34:00,89.01,89.19,88.98,89.18,71485.0
2024-12-24 15:36:00,89.18,89.2243,88.99,89.045,106965.0
2024-12-24 15:38:00,89.04,89.0552,88.8575,88.9999,95542.0
2024-12-24 15:40:00,88.98,89.0799,88.94,89.03,59809.0
2024-12-24 15:42:00,89.0331,89.12,88.9338,88.9338,62609.0
2024-12-24 15:44:00,88.9699,89.04,88.9401,88.995,73899.0
2024-12-24 15:46:00,88.9989,89.04,88.91,88.9743,89540.0
2024-12-24 15:48:00,88.97,89.0055,88.88,88.9801,79257.0
2024-12-24 15:50:00,88.995,89.08,88.9625,89.07,63509.0
2024-12-24 15:52:00,89.0825,89.0825,88.9245,88.97,76504.0
2024-12-24 15:54:00,88.98,88.995,88.88,88.94,53028.0
2024-12-24 15:56:00,88.955,89.02,88.94,88.95,44443.0
2024-12-24 15:58:00,88.9,88.96,88.76,88.85,128713.0
2024-12-24 16:00:00,88.8323,88.97,88.76,88.96,95957.0
2024-12-24 16:02:00,88.97,89.11,88.95,89.0,116260.0
2024-12-24 16:04:00,88.98,89.1,88.91,89.07,103165.0
2024-12-24 16:06:00,89.0601,89.17,89.035,89.1,133807.0
2024-12-24 16:08:00,89.1178,89.2375,89.09,89.21,111432.0
2024-12-24 16:10:00,89.2,89.2,88.97,89.0746,126094.0
2024-12-24 16:12:00,89.06,89.16,89.0319,89.115,52289.0
2024-12-24 16:14:00,89.116,89.13,88.98,89.09,84488.0
2024-12-24 16:16:00,89.07,89.095,88.98,89.0744,44970.0
2024-12-24 16:18:00,89.0764,89.09,88.98,89.01,61984.0
2024-12-24 16:20:00,89.015,89.04,88.98,89.0,56088.0
2024-12-24 16:22:00,88.9999,89.1,88.85,89.01,242431.0
2024-12-24 16:24:00,89.02,89.09,89.0,89.028,79445.0
2024-12-24 16:26:00,89.01,89.1,88.98,89.09,65030.0
2024-12-24 16:28:00,89.08,89.4199,89.08,89.341,169054.0
2024-12-24 16:30:00,89.345,89.56,89.3299,89.3299,189798.0
2024-12-24 16:32:00,89.34,89.46,89.3319,89.39,81041.0
2024-12-24 16:34:00,89.39,89.46,89.28,89.305,111653.0
2024-12-24 16:36:00,89.305,89.39,89.23,89.38,79385.0
2024-12-24 16:38:00,89.365,89.45,89.24,89.29,103236.0
2024-12-24 16:40:00,89.285,89.445,89.28,89.44,67041.0
2024-12-24 16:42:00,89.45,89.58,89.43,89.485,72216.0
2024-12-24 16:44:00,89.485,89.51,89.41,89.48,54926.0
2024-12-24 16:46:00,89.47,89.55,89.45,89.53,58576.0
2024-12-24 16:48:00,89.5386,89.56,89.385,89.39,87817.0
2024-12-24 16:50:00,89.39,89.5,89.3507,89.41,71461.0
2024-12-24 16:52:00,89.41,89.41,89.26,89.293,49114.0
2024-12-24 16:54:00,89.27,89.465,89.17,89.4303,91394.0
2024-12-24 16:56:00,89.44,89.56,89.42,89.55,64525.0
2024-12-24 16:58:00,89.55,89.55,89.28,89.3,83319.0
2024-12-24 17:00:00,89.3,89.32,89.16,89.2614,134489.0
2024-12-24 17:02:00,89.26,89.33,89.21,89.31,74431.0
2024-12-24 17:04:00,89.31,89.32,89.21,89.21,46325.0
2024-12-24 17:06:00,89.21,89.28,89.11,89.1101,77497.0
2024-12-24 17:08:00,89.14,89.2,89.06,89.14,94573.0
2024-12-24 17:10:00,89.15,89.28,89.12,89.28,64635.0
2024-12-24 17:12:00,89.27,89.37,89.25,89.31,60948.0
2024-12-24 17:14:00,89.31,89.44,89.22,89.41,106242.0
2024-12-24 17:16:00,89.4,89.41,89.26,89.35,81989.0
2024-12-24 17:18:00,89.335,89.39,89.31,89.32,50773.0
2024-12-24 17:20:00,89.32,89.375,89.29,89.33,53184.0
2024-12-24 17:22:00,89.32,89.42,89.295,89.37,72966.0
2024-12-24 17:24:00,89.3598,89.3598,89.23,89.34,70652.0
2024-12-24 17:26:00,89.33,89.48,89.31,89.43,92207.0
2024-12-24 17:28:00,89.43,89.54,89.41,89.53,83720.0
2024-12-24 17:30:00,89.53,89.545,89.41,89.43,73185.0
2024-12-24 17:32:00,89.435,89.49,89.1,89.14,86999.0
2024-12-24 17:34:00,89.13,89.138,88.88,88.89,190239.0
2024-12-24 17:36:00,88.89,89.04,88.78,89.023,225437.0
2024-12-24 17:38:00,89.0288,89.12,88.99,89.07,95952.0
2024-12-24 17:40:00,89.07,89.1509,88.92,88.9462,100102.0
2024-12-24 17:42:00,88.945,89.04,88.92,89.0187,126045.0
2024-12-24 17:44:00,89.01,89.03,88.87,88.88,133391.0
2024-12-24 17:46:00,88.8881,88.89,88.8,88.82,104298.0
2024-12-24 17:48:00,88.82,88.875,88.75,88.835,144774.0
2024-12-24 17:50:00,88.84,89.02,88.84,88.975,137501.0
2024-12-24 17:52:00,88.98,88.98,88.9,88.95,102730.0
2024-12-24 17:54:00,88.95,88.99,88.78,88.8,155155.0
2024-12-24 17:56:00,88.795,89.05,88.78,89.02,217722.0
2024-12-24 17:58:00,89.02,89.32,88.94,89.27,501724.0
2024-12-24 18:00:00,89.28,89.28,89.28,89.28,766967.0
2024-12-24 21:02:00,89.108,89.108,89.108,89.108,221.0
2024-12-24 21:08:00,89.1,89.1,89.1,89.1,284.0
2024-12-24 21:24:00,89.02,89.02,89.02,89.02,341.0
2024-12-24 21:28:00,89.01,89.01,89.01,89.01,356.0
2024-12-24 21:30:00,89.01,89.01,89.01,89.01,210.0
2024-12-24 21:40:00,89.05,89.05,89.0499,89.0499,272.0
2024-12-24 21:48:00,89.01,89.01,89.0,89.0,1322.0
2024-12-24 21:54:00,89.05,89.05,89.05,89.05,636.0
2024-12-24 21:56:00,89.04,89.04,89.04,89.04,111.0
2024-12-24 21:58:00,89.05,89.05,89.0,89.0,975.0
2024-12-26 09:00:00,89.31,89.31,88.9,89.0,9617.0
2024-12-26 09:02:00,89.08,89.08,88.72,88.72,4500.0
2024-12-26 09:04:00,88.7,88.7,88.53,88.62,2007.0
2024-12-26 09:06:00,88.54,88.54,88.53,88.54,1210.0
2024-12-26 09:08:00,88.66,88.66,88.29,88.36,5170.0
2024-12-26 09:10:00,88.45,88.67,88.35,88.58,2568.0
2024-12-26 09:12:00,88.53,88.54,88.48,88.54,1427.0
2024-12-26 09:16:00,88.47,88.48,88.47,88.48,2257.0
2024-12-26 09:20:00,88.31,88.4,88.28,88.28,5462.0
2024-12-26 09:22:00,88.32,88.32,88.3,88.31,892.0
2024-12-26 09:24:00,88.28,88.28,88.28,88.28,199.0
2024-12-26 09:26:00,88.35,88.35,88.32,88.32,866.0
2024-12-26 09:28:00,88.45,88.5,88.45,88.5,1199.0
2024-12-26 09:30:00,88.55,88.55,88.55,88.55,530.0
2024-12-26 09:32:00,88.61,88.61,88.61,88.61,238.0
2024-12-26 09:34:00,88.61,88.61,88.55,88.61,4180.0
2024-12-26 09:36:00,88.69,88.69,88.58,88.59,2417.0
2024-12-26 09:38:00,88.6,88.67,88.6,88.61,1012.0
2024-12-26 09:42:00,88.63,88.63,88.63,88.63,467.0
2024-12-26 09:44:00,88.56,88.56,88.56,88.56,307.0
2024-12-26 09:46:00,88.55,88.55,88.55,88.55,224.0
2024-12-26 09:50:00,88.58,88.58,88.5,88.5,1493.0
2024-12-26 09:54:00,88.4,88.4,88.4,88.4,1059.0
2024-12-26 10:00:00,88.32,88.41,88.32,88.4,670.0
2024-12-26 10:04:00,88.31,88.36,88.3,88.36,838.0
2024-12-26 10:06:00,88.36,88.36,88.36,88.36,165.0
2024-12-26 10:08:00,88.39,88.39,88.39,88.39,100.0
2024-12-26 10:10:00,88.4,88.56,88.4,88.56,2048.0
2024-12-26 10:12:00,88.59,88.68,88.59,88.65,2519.0
2024-12-26 10:20:00,88.65,88.65,88.61,88.61,1488.0
2024-12-26 10:28:00,88.57,88.57,88.57,88.57,559.0
2024-12-26 10:30:00,88.65,88.65,88.65,88.65,446.0
2024-12-26 10:34:00,88.7,88.7,88.7,88.7,271.0
2024-12-26 10:36:00,88.7,88.78,88.7,88.78,2742.0
2024-12-26 10:38:00,88.82,88.82,88.82,88.82,416.0
2024-12-26 10:46:00,88.87,88.88,88.87,88.88,1809.0
2024-12-26 10:54:00,88.71,88.71,88.7,88.7,1330.0
2024-12-26 10:56:00,88.7,88.7,88.7,88.7,2072.0
2024-12-26 11:06:00,88.64,88.7,88.64,88.7,582.0
2024-12-26 11:08:00,88.7,88.7,88.7,88.7,602.0
2024-12-26 11:10:00,88.73,88.73,88.73,88.73,261.0
2024-12-26 11:12:00,88.73,88.73,88.73,88.73,621.0
2024-12-26 11:14:00,88.73,88.73,88.7,88.7,2063.0
2024-12-26 11:16:00,88.71,88.73,88.7,88.73,1380.0
2024-12-26 11:18:00,88.71,88.71,88.71,88.71,158.0
2024-12-26 11:22:00,88.78,88.78,88.7,88.7,1089.0
2024-12-26 11:24:00,88.78,88.81,88.78,88.79,7284.0
2024-12-26 11:26:00,88.82,88.83,88.79,88.83,1669.0
2024-12-26 11:28:00,88.75,88.75,88.69,88.69,2142.0
2024-12-26 11:32:00,88.72,88.72,88.72,88.72,503.0
2024-12-26 11:36:00,88.71,88.71,88.69,88.69,765.0
2024-12-26 11:42:00,88.69,88.69,88.69,88.69,211.0
2024-12-26 11:46:00,88.65,88.65,88.61,88.62,1633.0
2024-12-26 11:54:00,88.68,88.69,88.68,88.69,507.0
2024-12-26 11:58:00,88.68,88.69,88.68,88.69,402.0
2024-12-26 12:00:00,88.71,88.83,88.71,88.83,14232.0
2024-12-26 12:02:00,88.82,88.92,88.82,88.92,3992.0
2024-12-26 12:06:00,88.76,88.76,88.76,88.76,391.0
2024-12-26 12:16:00,88.84,88.84,88.84,88.84,268.0
2024-12-26 12:20:00,88.88,88.88,88.88,88.88,369.0
2024-12-26 12:22:00,88.83,88.83,88.72,88.72,2432.0
2024-12-26 12:28:00,88.71,88.71,88.71,88.71,100.0
2024-12-26 12:30:00,88.69,88.69,88.6,88.6,1932.0
2024-12-26 12:34:00,88.55,88.76,88.52,88.76,1521.0
2024-12-26 12:36:00,88.57,88.65,88.52,88.6,1363.0
2024-12-26 12:38:00,88.54,88.54,88.5,88.5,3155.0
2024-12-26 12:40:00,88.5,88.69,88.45,88.69,5018.0
2024-12-26 12:42:00,88.64,88.69,88.59,88.59,2724.0
2024-12-26 12:44:00,88.55,88.55,88.54,88.55,590.0
2024-12-26 12:48:00,88.61,88.61,88.6,88.6,1165.0
2024-12-26 12:52:00,88.6,88.6,88.6,88.6,1427.0
2024-12-26 12:54:00,88.6,88.6,88.6,88.6,404.0
2024-12-26 12:56:00,88.59,88.6,88.59,88.6,626.0
2024-12-26 12:58:00,88.6,88.6,88.49,88.49,2923.0
2024-12-26 13:00:00,88.7397,89.89,88.29,88.5,46291.0
2024-12-26 13:02:00,88.5,88.5,88.4609,88.4609,894.0
2024-12-26 13:04:00,88.5,88.5953,88.44,88.5953,3409.0
2024-12-26 13:06:00,88.625,89.057,88.625,88.7,2585.0
2024-12-26 13:08:00,88.6,88.6,88.5678,88.5678,1619.0
2024-12-26 13:10:00,88.6,88.7,88.6,88.7,399.0
2024-12-26 13:12:00,88.6,88.65,88.6,88.65,1355.0
2024-12-26 13:14:00,88.65,88.65,88.65,88.65,205.0
2024-12-26 13:16:00,88.6013,88.61,88.4688,88.59,4311.0
2024-12-26 13:18:00,88.59,88.59,88.59,88.59,767.0
2024-12-26 13:20:00,88.59,88.59,88.55,88.55,1803.0
2024-12-26 13:22:00,88.61,88.61,88.545,88.545,2700.0
2024-12-26 13:24:00,88.492,88.5945,88.49,88.49,1851.0
2024-12-26 13:28:00,88.59,88.59,88.5,88.5,707.0
2024-12-26 13:30:00,88.5,88.5,88.46,88.48,6863.0
2024-12-26 13:32:00,88.55,88.55,88.5,88.5,1619.0
2024-12-26 13:34:00,88.58,88.58,88.58,88.58,2024.0
2024-12-26 13:36:00,88.6,88.66,88.6,88.61,1689.0
2024-12-26 13:38:00,88.59,88.59,88.5868,88.59,835.0
2024-12-26 13:40:00,88.58,88.6487,88.5001,88.5001,3466.0
2024-12-26 13:42:00,88.5,88.6,88.5,88.5,2898.0
2024-12-26 13:44:00,88.5699,88.64,88.53,88.64,6427.0
2024-12-26 13:46:00,88.633,88.633,88.55,88.55,5304.0
2024-12-26 13:48:00,88.55,88.59,88.39,88.45,18757.0
2024-12-26 13:50:00,88.56,88.56,88.36,88.36,1984.0
2024-12-26 13:52:00,88.41,88.51,88.41,88.45,4042.0
2024-12-26 13:54:00,88.45,88.5,88.45,88.5,516.0
2024-12-26 13:56:00,88.4101,88.46,88.4101,88.46,1447.0
2024-12-26 13:58:00,88.45,88.45,88.4,88.4,2233.0
2024-12-26 14:00:00,88.38,88.44,88.36,88.363,10571.0
2024-12-26 14:02:00,88.44,88.46,88.43,88.46,1790.0
2024-12-26 14:04:00,88.44,88.4752,88.44,88.4752,1594.0
2024-12-26 14:08:00,88.5,88.55,88.48,88.5,4790.0
2024-12-26 14:10:00,88.5184,88.5184,88.45,88.45,1461.0
2024-12-26 14:12:00,88.47,88.48,88.4,88.45,4159.0
2024-12-26 14:14:00,88.41,88.41,88.36,88.36,2948.0
2024-12-26 14:16:00,88.44,88.44,88.43,88.43,2135.0
2024-12-26 14:18:00,88.47,88.47,88.39,88.4001,3334.0
2024-12-26 14:20:00,88.42,88.42,88.28,88.3399,9704.0
2024-12-26 14:22:00,88.3999,88.41,88.3503,88.41,7378.0
2024-12-26 14:24:00,88.45,88.5,88.4037,88.4037,2262.0
2024-12-26 14:26:00,88.4,88.4,88.4,88.4,621.0
2024-12-26 14:28:00,88.5,88.63,88.5,88.6,3887.0
2024-12-26 14:30:00,88.5,88.856,88.1,88.445,400854.0
2024-12-26 14:32:00,88.4643,88.95,88.46,88.86,113289.0
2024-12-26 14:34:00,88.87,89.08,88.7901,88.97,129598.0
2024-12-26 14:36:00,88.96,89.09,88.84,89.035,94170.0
2024-12-26 14:38:00,89.035,89.1,88.84,88.93,105361.0
2024-12-26 14:40:00,88.9,89.27,88.77,89.24,116477.0
2024-12-26 14:42:00,89.22,89.287,89.06,89.11,96229.0
2024-12-26 14:44:00,89.07,89.08,88.865,88.975,94257.0
2024-12-26 14:46:00,88.975,88.975,88.71,88.735,81290.0
2024-12-26 14:48:00,88.72,88.8133,88.6323,88.71,110454.0
2024-12-26 14:50:00,88.76,88.76,88.52,88.75,91206.0
2024-12-26 14:52:00,88.735,88.8,88.372,88.385,100955.0
2024-12-26 14:54:00,88.38,88.43,88.29,88.295,89853.0
2024-12-26 14:56:00,88.3,88.5,88.25,88.48,131393.0
2024-12-26 14:58:00,88.47,88.7095,88.42,88.64,79923.0
2024-12-26 15:00:00,88.64,88.82,88.58,88.749,117512.0
2024-12-26 15:02:00,88.73,88.85,88.68,88.768,208969.0
2024-12-26 15:04:00,88.78,89.07,88.78,88.985,101645.0
2024-12-26 15:06:00,88.985,89.1,88.91,88.9301,90976.0
2024-12-26 15:08:00,88.95,88.9599,88.62,88.6399,97000.0
2024-12-26 15:10:00,88.6316,88.73,88.525,88.55,107760.0
2024-12-26 15:12:00,88.58,88.75,88.517,88.74,74634.0
2024-12-26 15:14:00,88.7603,88.78,88.55,88.7399,99983.0
2024-12-26 15:16:00,88.7,88.715,88.55,88.6,70216.0
2024-12-26 15:18:00,88.5955,88.68,88.57,88.6153,45704.0
2024-12-26 15:20:00,88.6355,88.7498,88.55,88.69,61560.0
2024-12-26 15:22:00,88.66,88.75,88.62,88.685,60977.0
2024-12-26 15:24:00,88.6801,88.69,88.45,88.55,114292.0
2024-12-26 15:26:00,88.5599,88.575,88.46,88.5201,90043.0
2024-12-26 15:28:00,88.552,88.56,88.43,88.535,80485.0
2024-12-26 15:30:00,88.52,88.78,88.51,88.77,92857.0
2024-12-26 15:32:00,88.76,88.9051,88.76,88.88,124690.0
2024-12-26 15:34:00,88.88,89.0,88.82,88.9501,79958.0
2024-12-26 15:36:00,88.95,89.3,88.9499,89.296,108775.0
2024-12-26 15:38:00,89.3,89.3,89.11,89.13,83771.0
2024-12-26 15:40:00,89.12,89.17,88.99,89.0,53991.0
2024-12-26 15:42:00,89.0,89.1,88.98,89.07,43994.0
2024-12-26 15:44:00,89.065,89.12,88.93,89.04,58407.0
2024-12-26 15:46:00,89.04,89.14,89.01,89.12,60189.0
2024-12-26 15:48:00,89.12,89.1888,89.0447,89.05,48649.0
2024-12-26 15:50:00,89.065,89.24,89.03,89.24,60125.0
2024-12-26 15:52:00,89.24,89.3,89.1,89.13,40598.0
2024-12-26 15:54:00,89.12,89.1344,89.0,89.05,32256.0
2024-12-26 15:56:00,89.045,89.19,89.03,89.04,71487.0
2024-12-26 15:58:00,89.04,89.32,89.03,89.24,109845.0
2024-12-26 16:00:00,89.2597,89.34,89.04,89.16,86418.0
2024-12-26 16:02:00,89.185,89.26,89.08,89.08,98850.0
2024-12-26 16:04:00,89.11,89.17,89.08,89.12,34513.0
2024-12-26 16:06:00,89.14,89.21,89.09,89.11,34888.0
2024-12-26 16:08:00,89.09,89.25,89.09,89.19,46302.0
2024-12-26 16:10:00,89.2099,89.374,89.19,89.374,80178.0
2024-12-26 16:12:00,89.36,89.58,89.36,89.51,108806.0
2024-12-26 16:14:00,89.52,89.66,89.5,89.53,59914.0
2024-12-26 16:16:00,89.51,89.5476,89.35,89.395,58469.0
2024-12-26 16:18:00,89.38,89.5,89.345,89.4218,36527.0
2024-12-26 16:20:00,89.43,89.445,89.26,89.28,43558.0
2024-12-26 16:22:00,89.263,89.3973,89.2513,89.29,37563.0
2024-12-26 16:24:00,89.26,89.27,89.1116,89.1302,40028.0
2024-12-26 16:26:00,89.15,89.23,89.1,89.2,41561.0
2024-12-26 16:28:00,89.2,89.21,89.1015,89.19,21138.0
2024-12-26 16:30:00,89.1579,89.32,89.1579,89.2899,41129.0
2024-12-26 16:32:00,89.27,89.3116,89.24,89.265,20887.0
2024-12-26 16:34:00,89.26,89.3187,89.2282,89.2961,25163.0
2024-12-26 16:36:00,89.3,89.3,89.16,89.18,29689.0
2024-12-26 16:38:00,89.17,89.2,89.14,89.19,19006.0
2024-12-26 16:40:00,89.18,89.3,89.16,89.3,34694.0
2024-12-26 16:42:00,89.31,89.38,89.28,89.28,29720.0
2024-12-26 16:44:00,89.295,89.32,89.26,89.27,34365.0
2024-12-26 16:46:00,89.26,89.26,89.17,89.18,22703.0
2024-12-26 16:48:00,89.19,89.21,89.13,89.1908,25592.0
2024-12-26 16:50:00,89.205,89.23,89.12,89.21,35971.0
2024-12-26 16:52:00,89.21,89.29,89.15,89.26,25738.0
2024-12-26 16:54:00,89.242,89.454,89.242,89.377,80162.0
2024-12-26 16:56:00,89.39,89.519,89.37,89.515,45370.0
2024-12-26 16:58:00,89.5099,89.52,89.42,89.435,30604.0
2024-12-26 17:00:00,89.43,89.4999,89.38,89.47,34084.0
2024-12-26 17:02:00,89.48,89.58,89.45,89.51,47150.0
2024-12-26 17:04:00,89.51,89.52,89.32,89.34,43573.0
2024-12-26 17:06:00,89.34,89.47,89.3346,89.4384,33068.0
2024-12-26 17:08:00,89.42,89.47,89.3801,89.4001,22690.0
2024-12-26 17:10:00,89.4,89.48,89.4,89.45,33092.0
2024-12-26 17:12:00,89.4424,89.56,89.41,89.5499,41242.0
2024-12-26 17:14:00,89.53,89.58,89.53,89.545,30559.0
2024-12-26 17:16:00,89.536,89.5899,89.536,89.5899,34163.0
2024-12-26 17:18:00,89.575,89.64,89.47,89.4788,46256.0
2024-12-26 17:20:00,89.475,89.48,89.35,89.405,28428.0
2024-12-26 17:22:00,89.3901,89.47,89.3839,89.47,20822.0
2024-12-26 17:24:00,89.4746,89.63,89.4508,89.61,43691.0
2024-12-26 17:26:00,89.6,89.68,89.515,89.614,100347.0
2024-12-26 17:28:00,89.61,89.6299,89.5,89.56,36677.0
2024-12-26 17:30:00,89.545,89.64,89.5,89.6399,39977.0
2024-12-26 17:32:00,89.65,89.796,89.65,89.7794,66293.0
2024-12-26 17:34:00,89.77,89.87,89.68,89.8301,68583.0
2024-12-26 17:36:00,89.82,89.85,89.73,89.805,37293.0
2024-12-26 17:38:00,89.805,89.96,89.76,89.865,168029.0
2024-12-26 17:40:00,89.86,89.9581,89.82,89.939,47594.0
2024-12-26 17:42:00,89.935,89.97,89.86,89.908,48256.0
2024-12-26 17:44:00,89.88,89.99,89.88,89.9681,41669.0
2024-12-26 17:46:00,89.96,89.975,89.75,89.7783,82069.0
2024-12-26 17:48:00,89.77,89.83,89.6,89.82,105101.0
2024-12-26 17:50:00,89.82,89.85,89.7002,89.7957,45345.0
2024-12-26 17:52:00,89.83,89.94,89.81,89.938,53758.0
2024-12-26 17:54:00,89.93,90.18,89.93,90.14,219651.0
2024-12-26 17:56:00,90.134,90.2,89.92,89.93,85845.0
2024-12-26 17:58:00,89.94,89.99,89.85,89.9861,45644.0
2024-12-26 18:00:00,89.975,90.13,89.96,90.065,28864.0
2024-12-26 18:02:00,90.07,90.136693,90.04,90.06,49719.0
2024-12-26 18:04:00,90.04,90.04,89.79,89.82,56904.0
2024-12-26 18:06:00,89.8499,90.0,89.84,89.9999,33754.0
2024-12-26 18:08:00,89.9604,90.12,89.96,90.09,50437.0
2024-12-26 18:10:00,90.08,90.11,90.03,90.04,48318.0
2024-12-26 18:12:00,90.0489,90.12,89.94,89.9945,47901.0
2024-12-26 18:14:00,89.98,90.11,89.9,90.11,47341.0
2024-12-26 18:16:00,90.11,90.2,90.07,90.19,67430.0
2024-12-26 18:18:00,90.185,90.2,90.0502,90.1,32798.0
2024-12-26 18:20:00,90.095,90.102,90.02,90.0421,38221.0
2024-12-26 18:22:00,90.06,90.13,90.01,90.04,51893.0
2024-12-26 18:24:00,90.04,90.18,90.03,90.135,48759.0
2024-12-26 18:26:00,90.1301,90.155,90.07,90.14,33165.0
2024-12-26 18:28:00,90.14,90.1428,90.07,90.115,24819.0
2024-12-26 18:30:00,90.1182,90.18,90.07,90.175,43854.0
2024-12-26 18:32:00,90.175,90.23,90.13,90.13,36500.0
2024-12-26 18:34:00,90.1303,90.2,89.994,90.1945,63427.0
2024-12-26 18:36:00,90.17,90.217,90.15,90.19,36117.0
2024-12-26 18:38:00,90.1801,90.187775,90.13,90.17,39004.0
2024-12-26 18:40:00,90.17,90.24,90.16,90.2201,42870.0
2024-12-26 18:42:00,90.23,90.24,90.06,90.0951,43922.0
2024-12-26 18:44:00,90.08,90.08,90.0,90.06,28103.0
2024-12-26 18:46:00,90.05,90.1792,90.05,90.12,47287.0
2024-12-26 18:48:00,90.14,90.1599,90.07,90.1306,26473.0
2024-12-26 18:50:00,90.1599,90.16,90.087,90.13,23705.0
2024-12-26 18:52:00,90.13,90.25,90.1103,90.245,50927.0
2024-12-26 18:54:00,90.24,90.32,90.19,90.32,51706.0
2024-12-26 18:56:00,90.3207,90.34,90.1807,90.22,45238.0
2024-12-26 18:58:00,90.195,90.24,90.16,90.2,23153.0
2024-12-26 19:00:00,90.19,90.19,90.12,90.135,33647.0
2024-12-26 19:02:00,90.135,90.21,90.1,90.14,45127.0
2024-12-26 19:04:00,90.14,90.19,90.14,90.16,28117.0
2024-12-26 19:06:00,90.181,90.25,90.13,90.195,57846.0
2024-12-26 19:08:00,90.2,90.23,90.1802,90.2015,31480.0
2024-12-26 19:10:00,90.21,90.2347,90.155,90.205,28019.0
2024-12-26 19:12:00,90.22,90.29,90.2,90.257,30472.0
2024-12-26 19:14:00,90.25,90.2639,90.11,90.125,40003.0
2024-12-26 19:16:00,90.1394,90.15,90.09,90.102,22578.0
2024-12-26 19:18:00,90.11,90.11,89.98,90.005,54660.0
2024-12-26 19:20:00,89.995,90.1,89.995,90.06,35897.0
2024-12-26 19:22:00,90.0401,90.17,90.03,90.145,41301.0
2024-12-26 19:24:00,90.13,90.2599,90.11,90.2599,50123.0
2024-12-26 19:26:00,90.26,90.315,90.23,90.2436,35708.0
2024-12-26 19:28:00,90.25,90.33,90.22,90.32,36383.0
2024-12-26 19:30:00,90.31,90.4,90.25,90.34,93936.0
2024-12-26 19:32:00,90.35,90.41,90.25,90.38,53813.0
2024-12-26 19:34:00,90.36,90.4,90.34,90.3557,42563.0
2024-12-26 19:36:00,90.35,90.45,90.33,90.41,55699.0
2024-12-26 19:38:00,90.425,90.49,90.41,90.46,55070.0
2024-12-26 19:40:00,90.47,90.55,90.47,90.55,73279.0
2024-12-26 19:42:00,90.56,90.63,90.55,90.59,46149.0
2024-12-26 19:44:00,90.58,90.6,90.5207,90.57,58527.0
2024-12-26 19:46:00,90.55,90.6,90.5385,90.55,34060.0
2024-12-26 19:48:00,90.55,90.56,90.455,90.51,40889.0
2024-12-26 19:50:00,90.51,90.59,90.4673,90.47,57844.0
2024-12-26 19:52:00,90.4605,90.5,90.41,90.45,30362.0
2024-12-26 19:54:00,90.46,90.53,90.45,90.51,67221.0
2024-12-26 19:56:00,90.51,90.53,90.45,90.47,42239.0
2024-12-26 19:58:00,90.477,90.52,90.45,90.5,37344.0
2024-12-26 20:00:00,90.49,90.49,90.37,90.408,35981.0
2024-12-26 20:02:00,90.4,90.45,90.36,90.43,42773.0
2024-12-26 20:04:00,90.4387,90.5,90.42,90.48,34853.0
2024-12-26 20:06:00,90.48,90.51,90.445,90.45,33344.0
2024-12-26 20:08:00,90.445,90.5,90.4,90.435,32079.0
2024-12-26 20:10:00,90.4399,90.45,90.32,90.35,39327.0
2024-12-26 20:12:00,90.35,90.38,90.28,90.28,52984.0
2024-12-26 20:14:00,90.28,90.38,90.27,90.3701,67416.0
2024-12-26 20:16:00,90.38,90.43,90.33,90.335,27408.0
2024-12-26 20:18:00,90.34,90.46,90.33,90.455,30431.0
2024-12-26 20:20:00,90.45,90.4952,90.41,90.41,34710.0
2024-12-26 20:22:00,90.42,90.44,90.4,90.43,26493.0
2024-12-26 20:24:00,90.4374,90.46,90.43,90.44,68286.0
2024-12-26 20:26:00,90.44,90.4577,90.39,90.415,30845.0
2024-12-26 20:28:00,90.426,90.46,90.4,90.41,38439.0
2024-12-26 20:30:00,90.4,90.4581,90.3682,90.41,43838.0
2024-12-26 20:32:00,90.42,90.535,90.41,90.535,52969.0
2024-12-26 20:34:00,90.535,90.55,90.36,90.39,52633.0
2024-12-26 20:36:00,90.375,90.39,90.28,90.335,40210.0
2024-12-26 20:38:00,90.33,90.35,90.29,90.3,39676.0
2024-12-26 20:40:00,90.29,90.49,90.28,90.43,71725.0
2024-12-26 20:42:00,90.41,90.53,90.38,90.46,72149.0
2024-12-26 20:44:00,90.45,90.54,90.45,90.485,69797.0
2024-12-26 20:46:00,90.475,90.51,90.44,90.475,89481.0
2024-12-26 20:48:00,90.47,90.47,90.26,90.3495,77060.0
2024-12-26 20:50:00,90.34,90.4,90.155,90.155,156391.0
2024-12-26 20:52:00,90.155,90.1677,90.01,90.13,194010.0
2024-12-26 20:54:00,90.14,90.18,89.99,90.0,238186.0
2024-12-26 20:56:00,90.0,90.12,89.99,89.9975,249638.0
2024-12-26 20:58:00,90.0,90.03,89.77,89.82,495290.0
2024-12-26 21:00:00,89.82,89.86,89.77,89.77,109989.0
2024-12-26 21:02:00,89.76,89.83,89.75,89.75,3642.0
2024-12-26 21:04:00,89.72,89.76,89.71,89.73,2648.0
2024-12-26 21:06:00,89.7,89.82,89.68,89.69,7106.0
2024-12-26 21:08:00,89.7,89.7,89.58,89.61,12071.0
2024-12-26 21:10:00,89.73,89.73,89.73,89.73,307.0
2024-12-26 21:12:00,89.7,89.73,89.7,89.73,2860.0
2024-12-26 21:14:00,89.7385,89.74,89.7008,89.74,3321.0
2024-12-26 21:16:00,89.71,89.71,89.71,89.71,225.0
2024-12-26 21:18:00,89.74,89.7488,89.74,89.7488,822.0
2024-12-26 21:20:00,89.7647,89.7647,89.7647,89.7647,287.0
2024-12-26 21:22:00,89.75,89.75,89.75,89.75,275.0
2024-12-26 21:24:00,89.76,89.76,89.76,89.76,10146.0
2024-12-26 21:26:00,89.7696,89.8,89.7696,89.8,350.0
2024-12-26 21:28:00,89.72,89.72,89.72,89.72,1142.0
2024-12-26 21:30:00,89.72,89.82,89.72,89.8,41269.0
2024-12-26 21:34:00,89.76,89.8,89.75,89.75,3766.0
2024-12-26 21:36:00,89.8,89.8,89.8,89.8,518.0
2024-12-26 21:38:00,89.72,89.74,89.72,89.73,1015.0
2024-12-26 21:40:00,89.74,89.74,89.74,89.74,770.0
2024-12-26 21:42:00,89.72,89.72,89.72,89.72,380.0
2024-12-26 21:44:00,89.7197,89.7197,89.71,89.71,1295.0
2024-12-26 21:48:00,89.73,89.74,89.73,89.74,2373.0
2024-12-26 21:50:00,89.7398,89.7398,89.7398,89.7398,174.0
2024-12-26 21:54:00,89.7999,89.8,89.79,89.8,731.0
2024-12-26 21:56:00,89.77,89.77,89.75,89.75,1684.0
2024-12-26 21:58:00,89.74,89.75,89.74,89.75,702.0
2024-12-26 22:00:00,89.74,89.74,89.74,89.74,232.0
2024-12-26 22:02:00,89.74,89.74,89.74,89.74,1695.0
2024-12-26 22:04:00,89.73,89.75,89.6,89.6,14330.0
2024-12-26 22:06:00,89.66,89.67,89.6399,89.66,6690.0
2024-12-26 22:10:00,89.73,89.73,89.67,89.67,10950.0
2024-12-26 22:12:00,89.66,89.67,89.66,89.67,1246.0
2024-12-26 22:14:00,89.65,89.65,89.65,89.65,150.0
2024-12-26 22:16:00,89.73,89.73,89.6697,89.6697,424.0
2024-12-26 22:22:00,89.73,89.73,89.73,89.73,227.0
2024-12-26 22:28:00,89.7,89.7,89.67,89.67,550.0
2024-12-26 22:30:00,89.66,89.7195,89.66,89.7195,1984.0
2024-12-26 22:32:00,89.71,89.72,89.71,89.72,306.0
2024-12-26 22:34:00,89.6607,89.6607,89.6607,89.6607,1116.0
2024-12-26 22:36:00,89.82,89.82,89.82,89.82,26369.0
2024-12-26 22:38:00,89.67,89.67,89.67,89.67,103.0
2024-12-26 22:40:00,89.67,89.67,89.67,89.67,201.0
2024-12-26 22:42:00,89.67,89.67,89.66,89.67,1213.0
2024-12-26 22:48:00,89.6606,89.6606,89.6606,89.6606,496.0
2024-12-26 22:50:00,89.67,89.67,89.66,89.66,1144.0
2024-12-26 22:56:00,89.69,89.69,89.69,89.69,942.0
2024-12-26 23:02:00,89.67,89.67,89.67,89.67,105.0
2024-12-26 23:06:00,89.64,89.64,89.51,89.51,10079.0
2024-12-26 23:08:00,89.53,89.53,89.53,89.53,1359.0
2024-12-26 23:10:00,89.53,89.53,89.5299,89.5299,574.0
2024-12-26 23:12:00,89.51,89.51,89.5,89.5,1297.0
2024-12-26 23:14:00,89.69,89.69,89.52,89.52,609.0
2024-12-26 23:16:00,89.51,89.51,89.5,89.5,4115.0
2024-12-26 23:20:00,89.52,89.52,89.52,89.52,130.0
2024-12-26 23:22:00,89.6,89.6,89.6,89.6,515.0
2024-12-26 23:24:00,89.54,89.6,89.54,89.6,374.0
2024-12-26 23:26:00,89.55,89.55,89.54,89.54,318.0
2024-12-26 23:28:00,89.5,89.5,89.5,89.5,864.0
2024-12-26 23:30:00,89.51,89.51,89.51,89.51,507.0
2024-12-26 23:32:00,89.52,89.52,89.51,89.51,824.0
2024-12-26 23:40:00,89.5396,89.54,89.5396,89.54,1801.0
2024-12-26 23:42:00,89.51,89.51,89.51,89.51,214.0
2024-12-26 23:46:00,89.51,89.56,89.51,89.56,334.0
2024-12-26 23:48:00,89.5,89.59,89.5,89.59,690.0
2024-12-26 23:52:00,89.62,89.68,89.52,89.52,11606.0
2024-12-26 23:54:00,89.6,89.6,89.6,89.6,271.0
2024-12-26 23:56:00,89.53,89.68,89.53,89.68,1115.0
2024-12-27 00:06:00,89.6,89.6001,89.6,89.6001,257.0
2024-12-27 00:10:00,89.59,89.59,89.59,89.59,165.0
2024-12-27 00:12:00,89.58,89.58,89.58,89.58,244.0
2024-12-27 00:14:00,89.6,89.6,89.6,89.6,605.0
2024-12-27 00:16:00,89.58,89.58,89.54,89.54,1042.0
2024-12-27 00:20:00,89.55,89.55,89.54,89.54,919.0
2024-12-27 00:24:00,89.5,89.5,89.5,89.5,245.0
2024-12-27 00:26:00,89.6394,89.6394,89.6394,89.6394,502.0
2024-12-27 00:28:00,89.5,89.5,89.5,89.5,170.0
2024-12-27 00:34:00,89.5801,89.5801,89.5801,89.5801,325.0
2024-12-27 00:42:00,89.5266,89.5347,89.5266,89.5347,682.0
2024-12-27 00:44:00,89.5501,89.5501,89.5501,89.5501,265.0
2024-12-27 00:48:00,89.62,89.64,89.62,89.64,1602.0
2024-12-27 00:52:00,89.5505,89.62,89.5505,89.62,1093.0
2024-12-27 00:56:00,89.63,89.63,89.56,89.56,567.0
2024-12-27 00:58:00,89.64,89.64,89.63,89.64,2227.0
2024-12-27 09:00:00,89.39,89.39,89.39,89.39,1513.0
2024-12-27 09:02:00,89.54,89.54,89.34,89.34,2468.0
2024-12-27 09:04:00,89.41,89.41,89.29,89.29,668.0
2024-12-27 09:06:00,89.33,89.33,89.31,89.31,905.0
2024-12-27 09:08:00,89.37,89.37,89.36,89.36,1018.0
2024-12-27 09:10:00,89.4,89.4,89.37,89.37,874.0
2024-12-27 09:12:00,89.39,89.39,89.39,89.39,676.0
2024-12-27 09:20:00,89.31,89.31,89.31,89.31,1183.0
2024-12-27 09:22:00,89.34,89.5,89.34,89.5,2417.0
2024-12-27 09:24:00,89.5,89.5,89.5,89.5,103.0
2024-12-27 09:34:00,89.39,89.39,89.38,89.38,309.0
2024-12-27 09:42:00,89.35,89.35,89.35,89.35,629.0
2024-12-27 09:46:00,89.35,89.35,89.35,89.35,366.0
2024-12-27 09:50:00,89.37,89.37,89.37,89.37,277.0
2024-12-27 09:52:00,89.39,89.39,89.39,89.39,211.0
2024-12-27 10:02:00,89.37,89.37,89.37,89.37,100.0
2024-12-27 10:08:00,89.47,89.47,89.47,89.47,118.0
2024-12-27 10:16:00,89.4,89.43,89.4,89.43,952.0
2024-12-27 10:18:00,89.4,89.4,89.4,89.4,626.0
2024-12-27 10:20:00,89.4,89.4,89.4,89.4,145.0
2024-12-27 10:24:00,89.3,89.39,89.3,89.35,1908.0
2024-12-27 10:26:00,89.25,89.25,89.25,89.25,172.0
2024-12-27 10:28:00,89.27,89.27,89.27,89.27,136.0
2024-12-27 10:36:00,89.25,89.27,89.25,89.27,878.0
2024-12-27 10:40:00,89.3,89.3,89.3,89.3,892.0
2024-12-27 10:42:00,89.45,89.45,89.45,89.45,302.0
2024-12-27 10:50:00,89.35,89.35,89.35,89.35,506.0
2024-12-27 10:54:00,89.46,89.48,89.44,89.44,1479.0
2024-12-27 11:14:00,89.41,89.42,89.34,89.34,770.0
2024-12-27 11:16:00,89.4,89.4,89.32,89.32,879.0
2024-12-27 11:18:00,89.35,89.35,89.31,89.31,366.0
2024-12-27 11:20:00,89.31,89.31,89.31,89.31,199.0
2024-12-27 11:28:00,89.35,89.35,89.35,89.35,142.0
2024-12-27 11:30:00,89.34,89.34,89.31,89.31,921.0
2024-12-27 11:34:00,89.39,89.39,89.39,89.39,105.0
2024-12-27 11:44:00,89.41,89.42,89.31,89.32,2113.0
2024-12-27 11:46:00,89.43,89.44,89.37,89.37,1626.0
2024-12-27 11:56:00,89.42,89.42,89.42,89.42,200.0
2024-12-27 12:00:00,89.48,89.5,89.39,89.39,4438.0
2024-12-27 12:02:00,89.47,89.49,89.47,89.47,1088.0
2024-12-27 12:04:00,89.48,89.48,89.48,89.48,573.0
2024-12-27 12:06:00,89.46,89.46,89.46,89.46,488.0
2024-12-27 12:10:00,89.45,89.45,89.4,89.4,2114.0
2024-12-27 12:14:00,89.39,89.39,89.38,89.38,536.0
2024-12-27 12:18:00,89.39,89.39,89.38,89.38,884.0
2024-12-27 12:20:00,89.4,89.4,89.38,89.38,2472.0
2024-12-27 12:22:00,89.36,89.36,89.32,89.32,884.0
2024-12-27 12:24:00,89.35,89.35,89.35,89.35,216.0
2024-12-27 12:28:00,89.33,89.38,89.3,89.38,2355.0
2024-12-27 12:30:00,89.39,89.4,89.39,89.4,607.0
2024-12-27 12:32:00,89.36,89.42,89.36,89.42,345.0
2024-12-27 12:40:00,89.43,89.44,89.43,89.44,624.0
2024-12-27 12:42:00,89.44,89.44,89.44,89.44,312.0
2024-12-27 12:48:00,89.36,89.36,89.36,89.36,914.0
2024-12-27 13:00:00,89.4,89.69,89.1823,89.37,43388.0
2024-12-27 13:04:00,89.3519,89.3519,89.3519,89.3519,349.0
2024-12-27 13:06:00,89.35,89.35,89.28,89.28,2905.0
2024-12-27 13:10:00,89.34,89.34,89.34,89.34,213.0
2024-12-27 13:12:00,89.35,89.35,89.33,89.33,1051.0
2024-12-27 13:14:00,89.33,89.33,89.32,89.32,449.0
2024-12-27 13:16:00,89.32,89.32,89.2018,89.2018,3213.0
2024-12-27 13:18:00,89.27,89.3,89.2301,89.3,1346.0
2024-12-27 13:20:00,89.3,89.3,89.2736,89.2736,538.0
2024-12-27 13:22:00,89.2946,89.3,89.25,89.25,888.0
2024-12-27 13:24:00,89.3283,89.3283,89.3283,89.3283,459.0
2024-12-27 13:26:00,89.26,89.26,89.26,89.26,847.0
2024-12-27 13:28:00,89.25,89.28,89.25,89.25,1538.0
2024-12-27 13:30:00,89.24,89.26,89.23,89.26,1713.0
2024-12-27 13:32:00,89.26,89.26,89.26,89.26,1156.0
2024-12-27 13:34:00,89.24,89.25,89.21,89.21,2762.0
2024-12-27 13:38:00,89.19,89.19,89.15,89.15,1704.0
2024-12-27 13:40:00,89.1201,89.14,89.1201,89.13,8401.0
2024-12-27 13:42:00,89.24,89.24,89.13,89.13,11119.0
2024-12-27 13:44:00,89.2,89.23,89.2,89.23,1258.0
2024-12-27 13:46:00,89.2,89.24,89.19,89.19,1992.0
2024-12-27 13:48:00,89.1301,89.19,89.1301,89.14,4665.0
2024-12-27 13:50:00,89.19,89.19,89.13,89.13,697.0
2024-12-27 13:52:00,89.16,89.19,89.15,89.18,3380.0
2024-12-27 13:54:00,89.1999,89.2,89.1999,89.2,1308.0
2024-12-27 13:56:00,89.1611,89.25,89.1611,89.25,2441.0
2024-12-27 13:58:00,89.24,89.24,89.23,89.23,1267.0
2024-12-27 14:00:00,89.23,89.23,89.13,89.13,3940.0
2024-12-27 14:02:00,89.11,89.15,89.1,89.15,2530.0
2024-12-27 14:04:00,89.1484,89.1484,89.1,89.1,1379.0
2024-12-27 14:08:00,89.12,89.15,89.12,89.15,1210.0
2024-12-27 14:10:00,89.13,89.13,89.06,89.06,3289.0
2024-12-27 14:12:00,89.11,89.15,89.0805,89.0805,1334.0
2024-12-27 14:14:00,89.14,89.1695,89.14,89.1695,1792.0
2024-12-27 14:18:00,89.12,89.12,89.0651,89.0651,1667.0
2024-12-27 14:22:00,89.1,89.1,89.07,89.07,1603.0
2024-12-27 14:24:00,89.1,89.1,89.08,89.1,2042.0
2024-12-27 14:26:00,89.09,89.1,89.01,89.06,18006.0
2024-12-27 14:28:00,89.0,89.01,89.0,89.0,5770.0
2024-12-27 14:30:00,89.0,89.49,88.8386,89.25,303898.0
2024-12-27 14:32:00,89.29,89.3,88.91,89.12,106881.0
2024-12-27 14:34:00,89.12,89.17,88.72,89.03,135601.0
2024-12-27 14:36:00,89.03,89.27,88.94,89.205,154119.0
2024-12-27 14:38:00,89.24,89.24,88.79,88.96,128487.0
2024-12-27 14:40:00,88.955,89.13,88.92,88.9961,99270.0
2024-12-27 14:42:00,88.96,88.9988,88.82,88.95,122965.0
2024-12-27 14:44:00,88.95,89.09,88.7,89.0788,157248.0
2024-12-27 14:46:00,89.03,89.15,88.94,89.05,107840.0
2024-12-27 14:48:00,89.055,89.22,89.025,89.14,100158.0
2024-12-27 14:50:00,89.14,89.165,88.82,88.98,126996.0
2024-12-27 14:52:00,89.0,89.06,88.89,88.94,69461.0
2024-12-27 14:54:00,88.9488,89.0,88.79,88.825,124703.0
2024-12-27 14:56:00,88.845,88.85,88.66,88.74,121814.0
2024-12-27 14:58:00,88.7,88.75,88.4,88.4899,246491.0
2024-12-27 15:00:00,88.5,88.5399,88.09,88.14,241684.0
2024-12-27 15:02:00,88.15,88.21,88.04,88.05,146879.0
2024-12-27 15:04:00,88.06,88.1499,87.89,88.01,205522.0
2024-12-27 15:06:00,87.975,88.12,87.8,87.975,115826.0
2024-12-27 15:08:00,87.99,88.302,87.94,88.22,97118.0
2024-12-27 15:10:00,88.2064,88.24,87.89,87.9,108446.0
2024-12-27 15:12:00,87.91,88.1413,87.9,88.05,74376.0
2024-12-27 15:14:00,88.02,88.1297,87.974,88.01,61233.0
2024-12-27 15:16:00,88.03,88.088,87.6,87.62,144613.0
2024-12-27 15:18:00,87.61,87.77,87.58,87.7187,146278.0
2024-12-27 15:20:00,87.71,88.0,87.63,87.92,78892.0
2024-12-27 15:22:00,87.92,88.28,87.9,88.14,92330.0
2024-12-27 15:24:00,88.13,88.16,87.9601,88.02,74501.0
2024-12-27 15:26:00,88.0732,88.2,88.06,88.14,46052.0
2024-12-27 15:28:00,88.12,88.22,88.05,88.19,84051.0
2024-12-27 15:30:00,88.16,88.24,87.87,87.97,89573.0
2024-12-27 15:32:00,87.95,87.95,87.7201,87.86,62886.0
2024-12-27 15:34:00,87.88,87.9896,87.8,87.9896,68868.0
2024-12-27 15:36:00,87.99,88.25,87.99,88.24,72253.0
2024-12-27 15:38:00,88.24,88.3,88.14,88.278,54041.0
2024-12-27 15:40:00,88.25,88.6,88.19,88.59,190796.0
2024-12-27 15:42:00,88.595,88.6,88.3805,88.5396,75828.0
2024-12-27 15:44:00,88.53,88.5353,88.31,88.405,50569.0
2024-12-27 15:46:00,88.43,88.44,88.27,88.27,45173.0
2024-12-27 15:48:00,88.28,88.43,88.265,88.38,63600.0
2024-12-27 15:50:00,88.39,88.571,88.33,88.5101,67634.0
2024-12-27 15:52:00,88.56,88.57,88.35,88.455,47543.0
2024-12-27 15:54:00,88.4799,88.5,88.42,88.475,35882.0
2024-12-27 15:56:00,88.5,88.55,88.42,88.4519,56965.0
2024-12-27 15:58:00,88.44,88.49,88.38,88.49,33183.0
2024-12-27 16:00:00,88.475,88.58,88.405,88.46,42755.0
2024-12-27 16:02:00,88.45,88.45,88.2,88.3,1791658.0
2024-12-27 16:04:00,88.275,88.38,88.1,88.13,109761.0
2024-12-27 16:06:00,88.13,88.35,88.09,88.29,49297.0
2024-12-27 16:08:00,88.27,88.4,88.19,88.33,67545.0
2024-12-27 16:10:00,88.36,88.5,88.32,88.39,48232.0
2024-12-27 16:12:00,88.38,88.44,88.27,88.31,29481.0
2024-12-27 16:14:00,88.28,88.355,88.21,88.35,35788.0
2024-12-27 16:16:00,88.36,88.4466,88.32,88.4228,37564.0
2024-12-27 16:18:00,88.39,88.39,88.24,88.2844,27433.0
2024-12-27 16:20:00,88.26,88.3684,88.24,88.31,33752.0
2024-12-27 16:22:00,88.31,88.5,88.29,88.4575,38723.0
2024-12-27 16:24:00,88.44,88.5,88.412,88.5,52862.0
2024-12-27 16:26:00,88.48,88.56,88.476,88.51,53353.0
2024-12-27 16:28:00,88.48,88.7,88.43,88.7,67808.0
2024-12-27 16:30:00,88.685,88.7032,88.528,88.68,46858.0
2024-12-27 16:32:00,88.7,88.75,88.64,88.695,50143.0
2024-12-27 16:34:00,88.71,88.71,88.6019,88.66,25896.0
2024-12-27 16:36:00,88.6443,88.76,88.58,88.595,38996.0
2024-12-27 16:38:00,88.5986,88.67,88.59,88.64,28161.0
2024-12-27 16:40:00,88.635,88.67,88.51,88.56,38077.0
2024-12-27 16:42:00,88.5322,88.55,88.3818,88.39,51562.0
2024-12-27 16:44:00,88.39,88.55,88.38,88.55,81646.0
2024-12-27 16:46:00,88.54,88.5852,88.47,88.49,48815.0
2024-12-27 16:48:00,88.49,88.56,88.42,88.4799,24453.0
2024-12-27 16:50:00,88.48,88.5139,88.32,88.32,48667.0
2024-12-27 16:52:00,88.32,88.4,88.3,88.4,40743.0
2024-12-27 16:54:00,88.3918,88.4,88.3,88.35,33168.0
2024-12-27 16:56:00,88.34,88.55,88.34,88.5,50600.0
2024-12-27 16:58:00,88.51,88.51,88.3501,88.42,34168.0
2024-12-27 17:00:00,88.4279,88.4829,88.39,88.4,39362.0
2024-12-27 17:02:00,88.39,88.39,88.16,88.2,47209.0
2024-12-27 17:04:00,88.16,88.2399,88.1,88.11,52433.0
2024-12-27 17:06:00,88.13,88.18,87.99,87.99,73397.0
2024-12-27 17:08:00,87.99,88.13,87.93,88.13,82856.0
2024-12-27 17:10:00,88.125,88.27,88.125,88.185,39737.0
2024-12-27 17:12:00,88.18,88.2557,88.14,88.25,42663.0
2024-12-27 17:14:00,88.24,88.24,88.1401,88.19,31436.0
2024-12-27 17:16:00,88.195,88.2079,87.9801,87.9801,343292.0
2024-12-27 17:18:00,88.02,88.07,87.9811,88.05,40120.0
2024-12-27 17:20:00,88.05,88.1299,88.05,88.102,39315.0
2024-12-27 17:22:00,88.1,88.2,88.09,88.11,32385.0
2024-12-27 17:24:00,88.08,88.15,88.05,88.11,17113.0
2024-12-27 17:26:00,88.1292,88.26,88.12,88.2,42319.0
2024-12-27 17:28:00,88.2,88.2,88.04,88.1,27683.0
2024-12-27 17:30:00,88.09,88.2,88.085,88.16,59846.0
2024-12-27 17:32:00,88.14,88.145,88.073,88.09,32833.0
2024-12-27 17:34:00,88.11,88.1218,87.93,87.97,38679.0
2024-12-27 17:36:00,87.965,87.98,87.86,87.88,44107.0
2024-12-27 17:38:00,87.86,87.9599,87.82,87.94,49880.0
2024-12-27 17:40:00,87.97,88.1,87.94,88.095,44824.0
2024-12-27 17:42:00,88.1,88.1079,87.96,87.9873,32497.0
2024-12-27 17:44:00,87.98,88.05,87.96,88.03,36332.0
2024-12-27 17:46:00,88.03,88.0716,87.94,88.04,34167.0
2024-12-27 17:48:00,88.0475,88.139,88.035,88.115,27655.0
2024-12-27 17:50:00,88.13,88.22,88.13,88.17,25548.0
2024-12-27 17:52:00,88.17,88.26,88.16,88.2547,38663.0
2024-12-27 17:54:00,88.245,88.31,88.21,88.25,53079.0
2024-12-27 17:56:00,88.26,88.3,88.2008,88.24,28163.0
2024-12-27 17:58:00,88.24,88.3,88.22,88.23,25676.0
2024-12-27 18:00:00,88.2499,88.314,88.2301,88.27,36738.0
2024-12-27 18:02:00,88.28,88.33,88.28,88.28,27729.0
2024-12-27 18:04:00,88.2965,88.54,88.2965,88.49,76160.0
2024-12-27 18:06:00,88.48,88.51,88.29,88.32,64826.0
2024-12-27 18:08:00,88.31,88.45,88.2923,88.38,53619.0
2024-12-27 18:10:00,88.375,88.4,88.3,88.32,16672.0
2024-12-27 18:12:00,88.34,88.4,88.34,88.39,21090.0
2024-12-27 18:14:00,88.3825,88.51,88.3825,88.5078,34755.0
2024-12-27 18:16:00,88.49,88.55,88.39,88.42,28971.0
2024-12-27 18:18:00,88.4,88.52,88.39,88.495,26976.0
2024-12-27 18:20:00,88.5,88.5,88.4,88.4744,26392.0
2024-12-27 18:22:00,88.465,88.52,88.44,88.495,22980.0
2024-12-27 18:24:00,88.5099,88.58,88.5035,88.54,37706.0
2024-12-27 18:26:00,88.55,88.55,88.38,88.434,34015.0
2024-12-27 18:28:00,88.4123,88.48,88.4017,88.47,16448.0
2024-12-27 18:30:00,88.47,88.54,88.41,88.525,20511.0
2024-12-27 18:32:00,88.534,88.54,88.4801,88.5301,31539.0
2024-12-27 18:34:00,88.54,88.6,88.5301,88.56,53122.0
2024-12-27 18:36:00,88.57,88.6,88.54,88.545,59762.0
2024-12-27 18:38:00,88.54,88.54,88.45,88.5,77642.0
2024-12-27 18:40:00,88.5,88.56,88.475,88.51,46652.0
2024-12-27 18:42:00,88.5,88.56,88.49,88.5301,40795.0
2024-12-27 18:44:00,88.55,88.67,88.52,88.67,34998.0
2024-12-27 18:46:00,88.67,88.68,88.44,88.4588,31155.0
2024-12-27 18:48:00,88.47,88.54,88.465,88.53,25095.0
2024-12-27 18:50:00,88.54,88.65,88.535,88.65,30793.0
2024-12-27 18:52:00,88.67,88.76,88.67,88.735,48264.0
2024-12-27 18:54:00,88.73,88.925,88.72,88.91,64858.0
2024-12-27 18:56:00,88.919,88.9537,88.85,88.945,36408.0
2024-12-27 18:58:00,88.93,88.96,88.87,88.9,44198.0
2024-12-27 19:00:00,88.92,88.96,88.81,88.91,31903.0
2024-12-27 19:02:00,88.92,88.95,88.86,88.916,26479.0
2024-12-27 19:04:00,88.905,88.98,88.89,88.98,45850.0
2024-12-27 19:06:00,88.984,89.1,88.975,89.03,75437.0
2024-12-27 19:08:00,89.015,89.0374,88.9101,88.9541,55759.0
2024-12-27 19:10:00,88.9442,89.01,88.89,88.93,48227.0
2024-12-27 19:12:00,88.9144,88.95,88.86,88.89,33764.0
2024-12-27 19:14:00,88.885,88.92,88.83,88.88,39042.0
2024-12-27 19:16:00,88.87,88.98,88.83,88.96,31312.0
2024-12-27 19:18:00,88.95,89.0,88.875,88.99,50220.0
2024-12-27 19:20:00,88.97,89.0,88.8752,88.89,20833.0
2024-12-27 19:22:00,88.89,88.9,88.685,88.685,48627.0
2024-12-27 19:24:00,88.7,88.8299,88.7,88.7837,37965.0
2024-12-27 19:26:00,88.78,88.82,88.72,88.78,35836.0
2024-12-27 19:28:00,88.8,88.8566,88.77,88.8,29265.0
2024-12-27 19:30:00,88.79,88.92,88.78,88.865,39685.0
2024-12-27 19:32:00,88.865,89.01,88.865,88.995,50742.0
2024-12-27 19:34:00,88.98,89.05,88.96,89.05,32011.0
2024-12-27 19:36:00,89.04,89.075,89.0,89.05,25549.0
2024-12-27 19:38:00,89.0475,89.05,88.975,89.025,72666.0
2024-12-27 19:40:00,89.04,89.16,89.025,89.16,51043.0
2024-12-27 19:42:00,89.1614,89.17,89.07,89.095,23960.0
2024-12-27 19:44:00,89.08,89.2158,89.08,89.15,38025.0
2024-12-27 19:46:00,89.161,89.184,89.12,89.13,34832.0
2024-12-27 19:48:00,89.12,89.173,89.1,89.155,46442.0
2024-12-27 19:50:00,89.155,89.17,89.08,89.1,32037.0
2024-12-27 19:52:00,89.085,89.09,89.02,89.035,34102.0
2024-12-27 19:54:00,89.0201,89.15,89.0201,89.14,31736.0
2024-12-27 19:56:00,89.13,89.23,89.126,89.15,45758.0
2024-12-27 19:58:00,89.165,89.19,89.1201,89.15,40668.0
2024-12-27 20:00:00,89.15,89.17,89.05,89.0674,40462.0
2024-12-27 20:02:00,89.0799,89.0799,88.97,89.0,44951.0
2024-12-27 20:04:00,88.995,89.09,88.98,89.0358,43955.0
2024-12-27 20:06:00,89.0,89.02,88.89,89.02,43946.0
2024-12-27 20:08:00,89.0157,89.08,88.97,89.03,48024.0
2024-12-27 20:10:00,89.035,89.0481,88.82,88.83,32738.0
2024-12-27 20:12:00,88.82,88.82,88.6335,88.65,76519.0
2024-12-27 20:14:00,88.64,88.7,88.59,88.7,65219.0
2024-12-27 20:16:00,88.691,88.82,88.673,88.775,67803.0
2024-12-27 20:18:00,88.775,88.84,88.75,88.8,48953.0
2024-12-27 20:20:00,88.7642,88.8,88.72,88.765,37313.0
2024-12-27 20:22:00,88.77,88.88,88.75,88.86,92827.0
2024-12-27 20:24:00,88.88,88.96,88.85,88.87,98208.0
2024-12-27 20:26:00,88.86,88.8899,88.8099,88.81,62770.0
2024-12-27 20:28:00,88.82,88.85,88.775,88.825,54883.0
2024-12-27 20:30:00,88.81,88.83,88.68,88.7,62181.0
2024-12-27 20:32:00,88.71,88.7999,88.66,88.7899,79883.0
2024-12-27 20:34:00,88.79,88.8,88.7136,88.72,53241.0
2024-12-27 20:36:00,88.73,88.78,88.6701,88.77,64913.0
2024-12-27 20:38:00,88.75,88.8499,88.74,88.786,65206.0
2024-12-27 20:40:00,88.8,88.81,88.7205,88.755,66962.0
2024-12-27 20:42:00,88.755,88.84,88.63,88.65,93110.0
2024-12-27 20:44:00,88.645,88.71,88.601,88.66,74957.0
2024-12-27 20:46:00,88.67,88.68,88.57,88.65,70762.0
2024-12-27 20:48:00,88.66,88.74,88.64,88.73,71934.0
2024-12-27 20:50:00,88.74,89.07,88.74,89.035,179050.0
2024-12-27 20:52:00,89.03,89.04,88.8713,88.98,139328.0
2024-12-27 20:54:00,88.975,88.98,88.49,88.63,372462.0
2024-12-27 20:56:00,88.63,88.6769,88.52,88.6475,312604.0
2024-12-27 20:58:00,88.65,88.66,88.55,88.63,591917.0
2024-12-27 21:00:00,88.63,88.71,88.63,88.6411,198986.0
2024-12-27 21:02:00,88.67,88.67,88.64,88.65,4487.0
2024-12-27 21:04:00,88.67,88.7,88.6501,88.7,2531.0
2024-12-27 21:06:00,88.7,88.71,88.7,88.7,1382.0
2024-12-27 21:08:00,88.655,88.6899,88.655,88.6899,727.0
2024-12-27 21:10:00,88.65,88.65,88.65,88.65,2131.0
2024-12-27 21:14:00,88.63,88.6509,88.63,88.6509,4083.0
2024-12-27 21:16:00,88.64,88.67,88.63,88.67,3357.0
2024-12-27 21:18:00,88.64,88.67,88.63,88.67,4226.0
2024-12-27 21:20:00,88.63,88.6307,88.63,88.6307,1483.0
2024-12-27 21:22:00,88.6899,88.6899,88.68,88.68,381.0
2024-12-27 21:24:00,88.6317,88.6317,88.63,88.63,1669.0
2024-12-27 21:26:00,88.63,88.67,88.63,88.67,660.0
2024-12-27 21:28:00,88.7,88.7,88.7,88.7,737.0
2024-12-27 21:30:00,88.7,88.73,88.63,88.73,6074.0
2024-12-27 21:32:00,88.73,88.73,88.73,88.73,1031.0
2024-12-27 21:34:00,88.75,88.75,88.75,88.75,1782.0
2024-12-27 21:36:00,88.73,88.84,88.73,88.84,618.0
2024-12-27 21:38:00,88.79,88.8103,88.79,88.8103,2016.0
2024-12-27 21:40:00,88.81,88.82,88.81,88.82,1347.0
2024-12-27 21:42:00,88.83,88.83,88.81,88.81,1553.0
2024-12-27 21:44:00,88.82,88.86,88.81,88.86,2835.0
2024-12-27 21:46:00,88.81,88.8377,88.63,88.8377,1520.0
2024-12-27 21:48:00,88.85,88.85,88.85,88.85,1739.0
2024-12-27 21:50:00,88.81,88.81,88.81,88.81,1090.0
2024-12-27 21:52:00,88.82,88.82,88.82,88.82,373.0
2024-12-27 21:54:00,88.8197,88.8197,88.81,88.81,863.0
2024-12-27 21:56:00,88.82,88.82,88.79,88.79,1787.0
2024-12-27 21:58:00,88.7054,88.7054,88.7054,88.7054,251.0
2024-12-27 22:02:00,88.75,88.82,88.73,88.73,4261.0
2024-12-27 22:04:00,88.82,88.82,88.82,88.82,454.0
2024-12-27 22:06:00,88.82,88.82,88.8181,88.8181,368.0
2024-12-27 22:08:00,88.74,88.74,88.74,88.74,118.0
2024-12-27 22:12:00,88.8,88.8,88.8,88.8,949.0
2024-12-27 22:14:00,88.8,88.8,88.8,88.8,183.0
2024-12-27 22:24:00,88.7993,88.8,88.7993,88.8,2108.0
2024-12-27 22:30:00,88.72,88.72,88.72,88.72,327.0
2024-12-27 22:32:00,88.72,88.72,88.72,88.72,120.0
2024-12-27 22:34:00,88.73,88.73,88.72,88.72,967.0
2024-12-27 22:36:00,88.7,88.7,88.7,88.7,756.0
2024-12-27 22:38:00,88.69,88.69,88.68,88.69,511.0
2024-12-27 22:42:00,88.68,88.72,88.67,88.72,1703.0
2024-12-27 22:44:00,88.72,88.75,88.72,88.75,404.0
2024-12-27 22:46:00,88.75,88.75,88.75,88.75,788.0
2024-12-27 22:50:00,88.7499,88.7499,88.7499,88.7499,277.0
2024-12-27 23:00:00,88.7455,88.7455,88.7455,88.7455,158.0
2024-12-27 23:08:00,88.72,88.72,88.72,88.72,400.0
2024-12-27 23:16:00,88.75,88.75,88.75,88.75,1012.0
2024-12-27 23:20:00,88.72,88.72,88.72,88.72,320.0
2024-12-27 23:26:00,88.69,88.69,88.68,88.68,511.0
2024-12-27 23:28:00,88.7492,88.7499,88.7492,88.7499,1183.0
2024-12-27 23:30:00,88.67,88.7496,88.67,88.7496,850.0
2024-12-27 23:32:00,88.62,88.62,88.62,88.62,606.0
2024-12-27 23:34:00,88.62,88.62,88.62,88.62,150.0
2024-12-27 23:40:00,88.73,88.73,88.73,88.73,206.0
2024-12-27 23:42:00,88.68,88.7,88.68,88.7,220.0
2024-12-27 23:44:00,88.6505,88.6505,88.65,88.65,300.0
2024-12-27 23:46:00,88.62,88.62,88.62,88.62,225.0
2024-12-27 23:54:00,88.65,88.68,88.65,88.68,602.0
2024-12-28 00:12:00,88.62,88.62,88.62,88.62,526.0
2024-12-28 00:16:00,88.62,88.62,88.61,88.61,1367.0
2024-12-28 00:18:00,88.6114,88.6114,88.6114,88.6114,259.0
2024-12-28 00:22:00,88.6699,88.6699,88.6699,88.6699,151.0
2024-12-28 00:38:00,88.6675,88.6675,88.6675,88.6675,248.0
2024-12-28 00:40:00,88.64,88.64,88.64,88.64,320.0
2024-12-28 00:42:00,88.65,88.65,88.65,88.65,100.0
2024-12-28 00:44:00,88.6699,88.6699,88.63,88.63,1143.0
2024-12-28 00:50:00,88.63,88.63,88.61,88.6114,2240.0
2024-12-28 00:54:00,88.65,88.65,88.65,88.65,113.0
2024-12-28 00:56:00,88.6483,88.6483,88.6483,88.6483,1190.0
2024-12-28 00:58:00,88.65,88.65,88.65,88.65,621.0
2024-12-30 09:00:00,89.12,89.12,89.12,89.12,1086.0
2024-12-30 09:04:00,88.7,88.72,88.63,88.63,1798.0
2024-12-30 09:06:00,88.52,88.52,88.52,88.52,450.0
2024-12-30 09:10:00,88.46,88.5,88.46,88.5,1122.0
2024-12-30 09:18:00,88.21,88.23,88.21,88.21,571.0
2024-12-30 09:22:00,88.2,88.2,88.2,88.2,1699.0
2024-12-30 09:24:00,88.17,88.2,88.17,88.2,1350.0
2024-12-30 09:26:00,88.3,88.45,88.3,88.45,1246.0
2024-12-30 09:28:00,88.39,88.39,88.39,88.39,232.0
2024-12-30 09:34:00,88.24,88.25,88.24,88.25,428.0
2024-12-30 09:40:00,88.31,88.31,88.31,88.31,200.0
2024-12-30 09:46:00,88.3,88.3,88.3,88.3,234.0
2024-12-30 09:58:00,88.39,88.44,88.39,88.44,407.0
2024-12-30 10:00:00,88.46,88.53,88.45,88.51,2033.0
2024-12-30 10:28:00,88.28,88.28,88.28,88.28,291.0
2024-12-30 10:44:00,88.32,88.33,88.32,88.33,800.0
2024-12-30 10:58:00,88.3,88.3,88.26,88.26,1478.0
2024-12-30 11:00:00,88.25,88.26,88.25,88.26,600.0
2024-12-30 11:02:00,88.24,88.26,88.24,88.26,2060.0
2024-12-30 11:10:00,88.21,88.26,88.21,88.26,1281.0
2024-12-30 11:12:00,88.26,88.26,88.26,88.26,312.0
2024-12-30 11:14:00,88.26,88.26,88.26,88.26,170.0
2024-12-30 11:16:00,88.23,88.23,88.22,88.22,474.0
2024-12-30 11:18:00,88.23,88.23,88.23,88.23,320.0
2024-12-30 11:20:00,88.23,88.26,88.23,88.23,2021.0
2024-12-30 11:22:00,88.24,88.26,88.22,88.26,1679.0
2024-12-30 11:24:00,88.26,88.26,88.26,88.26,2620.0
2024-12-30 11:26:00,88.26,88.26,88.26,88.26,4038.0
2024-12-30 11:28:00,88.26,88.26,88.26,88.26,1150.0
2024-12-30 11:30:00,88.26,88.26,88.26,88.26,181.0
2024-12-30 11:32:00,88.26,88.26,88.26,88.26,360.0
2024-12-30 11:36:00,88.2,88.2,88.2,88.2,834.0
2024-12-30 11:42:00,88.24,88.24,88.24,88.24,250.0
2024-12-30 11:48:00,88.21,88.21,88.21,88.21,150.0
2024-12-30 11:50:00,88.25,88.25,88.21,88.25,484.0
2024-12-30 11:56:00,88.2,88.23,88.2,88.23,690.0
2024-12-30 12:00:00,88.23,88.23,88.2,88.2,1281.0
2024-12-30 12:02:00,88.22,88.22,88.22,88.22,1723.0
2024-12-30 12:04:00,88.2,88.2,88.13,88.13,2013.0
2024-12-30 12:08:00,88.15,88.15,88.13,88.13,459.0
2024-12-30 12:12:00,88.12,88.12,88.09,88.09,1179.0
2024-12-30 12:14:00,88.08,88.08,88.05,88.07,623.0
2024-12-30 12:16:00,88.09,88.09,88.09,88.09,290.0
2024-12-30 12:20:00,88.09,88.09,88.08,88.08,2228.0
2024-12-30 12:22:00,88.05,88.05,88.05,88.05,207.0
2024-12-30 12:28:00,88.05,88.05,88.02,88.02,692.0
2024-12-30 12:30:00,88.05,88.05,88.05,88.05,588.0
2024-12-30 12:32:00,88.0,88.04,87.93,88.0,6590.0
2024-12-30 12:36:00,87.88,87.88,87.88,87.88,900.0
2024-12-30 12:38:00,87.88,87.88,87.85,87.85,2257.0
2024-12-30 12:40:00,87.8,87.8,87.63,87.63,4980.0
2024-12-30 12:42:00,87.71,87.73,87.64,87.73,1895.0
2024-12-30 12:44:00,87.69,87.7,87.6,87.6,6212.0
2024-12-30 12:46:00,87.65,87.65,87.65,87.65,443.0
2024-12-30 12:48:00,87.63,87.63,87.46,87.46,4259.0
2024-12-30 12:50:00,87.47,87.47,87.4,87.4,5377.0
2024-12-30 12:52:00,87.54,87.54,87.53,87.53,471.0
2024-12-30 12:54:00,87.56,87.56,87.56,87.56,816.0
2024-12-30 12:56:00,87.56,87.6,87.56,87.6,774.0
2024-12-30 12:58:00,87.58,87.59,87.58,87.59,915.0
2024-12-30 13:00:00,88.22,88.99,87.4,87.57,37073.0
2024-12-30 13:02:00,87.619,88.2071,87.5,87.57,5981.0
2024-12-30 13:04:00,87.58,87.58,87.42,87.42,7504.0
2024-12-30 13:06:00,87.45,87.45,87.2,87.2,27460.0
2024-12-30 13:08:00,87.2,87.49,87.16,87.49,44499.0
2024-12-30 13:10:00,87.35,87.4972,87.2607,87.2607,2347.0
2024-12-30 13:12:00,87.267,87.36,87.26,87.3,3519.0
2024-12-30 13:14:00,87.4,87.4,87.2,87.2,4462.0
2024-12-30 13:16:00,87.1734,87.28,87.1734,87.28,1179.0
2024-12-30 13:18:00,87.28,87.28,87.25,87.28,2169.0
2024-12-30 13:20:00,87.48,87.48,87.29,87.34,2207.0
2024-12-30 13:22:00,87.31,87.452,87.23,87.452,935.0
2024-12-30 13:24:00,87.35,87.35,87.29,87.29,1377.0
2024-12-30 13:26:00,87.39,87.39,87.3,87.3,1438.0
2024-12-30 13:28:00,87.25,87.25,87.2,87.2,2272.0
2024-12-30 13:30:00,87.15,87.28,87.14,87.28,12010.0
2024-12-30 13:32:00,87.2,87.2,87.13,87.1534,5202.0
2024-12-30 13:34:00,87.14,87.24,87.09,87.23,6243.0
2024-12-30 13:36:00,87.091,87.14,87.05,87.05,5495.0
2024-12-30 13:38:00,87.05,87.15,86.88,86.88,17552.0
2024-12-30 13:40:00,86.89,87.1,86.89,87.0,2611.0
2024-12-30 13:42:00,87.0,87.1,87.0,87.0986,3279.0
2024-12-30 13:44:00,87.05,87.09,87.0,87.02,4190.0
2024-12-30 13:46:00,86.96,86.99,86.91,86.99,4977.0
2024-12-30 13:48:00,86.94,87.09,86.94,87.01,3315.0
2024-12-30 13:50:00,87.02,87.03,87.0,87.0,16319.0
2024-12-30 13:52:00,87.0,87.07,86.98,87.05,7291.0
2024-12-30 13:54:00,87.09,87.09,86.91,86.91,3407.0
2024-12-30 13:56:00,86.97,87.0,86.91,86.91,1464.0
2024-12-30 13:58:00,86.92,86.99,86.91,86.94,2253.0
2024-12-30 14:00:00,86.91,86.91,86.85,86.85,2692.0
2024-12-30 14:02:00,86.85,86.9499,86.83,86.91,2274.0
2024-12-30 14:04:00,86.95,87.1,86.91,87.1,12415.0
2024-12-30 14:06:00,87.2,87.2,87.0,87.0,1551.0
2024-12-30 14:08:00,87.05,87.0892,87.05,87.0892,5466.0
2024-12-30 14:10:00,87.05,87.1525,87.05,87.1525,712.0
2024-12-30 14:12:00,87.0935,87.0935,87.02,87.08,1167.0
2024-12-30 14:14:00,87.02,87.0263,87.0,87.0,5729.0
2024-12-30 14:16:00,86.94,86.94,86.84,86.8693,12585.0
2024-12-30 14:18:00,86.8999,86.8999,86.8702,86.8702,2642.0
2024-12-30 14:20:00,86.92,86.9716,86.86,86.9716,2630.0
2024-12-30 14:22:00,86.9599,86.9599,86.9,86.94,1830.0
2024-12-30 14:24:00,86.8785,86.91,86.8709,86.91,3272.0
2024-12-30 14:26:00,86.91,87.02,86.85,86.96,8211.0
2024-12-30 14:28:00,87.0,87.05,86.9,86.99,3127.0
2024-12-30 14:30:00,86.985,87.05,85.68,85.805,900793.0
2024-12-30 14:32:00,85.76,86.43,85.56,86.2,251192.0
2024-12-30 14:34:00,86.19,86.3397,85.45,85.852,375927.0
2024-12-30 14:36:00,85.915,86.0,85.39,85.51,307126.0
2024-12-30 14:38:00,85.54,85.72,85.5,85.6099,187826.0
2024-12-30 14:40:00,85.595,85.595,85.28,85.46,263753.0
2024-12-30 14:42:00,85.4561,85.57,85.32,85.32,233170.0
2024-12-30 14:44:00,85.32,85.595,85.26,85.38,226214.0
2024-12-30 14:46:00,85.388,85.39,85.11,85.315,237748.0
2024-12-30 14:48:00,85.32,85.48,85.289,85.38,156040.0
2024-12-30 14:50:00,85.37,85.4799,85.21,85.305,132384.0
2024-12-30 14:52:00,85.3176,85.3176,84.92,85.085,428776.0
2024-12-30 14:54:00,85.085,85.39,85.04,85.39,151179.0
2024-12-30 14:56:00,85.385,85.43,85.0,85.09,171965.0
2024-12-30 14:58:00,85.11,85.18,84.98,85.016,132938.0
2024-12-30 15:00:00,85.03,85.1433,84.8423,85.08,328112.0
2024-12-30 15:02:00,85.1,85.35,84.77,84.78,231282.0
2024-12-30 15:04:00,84.8,85.1398,84.79,85.12,147714.0
2024-12-30 15:06:00,85.116,85.24,84.97,85.11,115822.0
2024-12-30 15:08:00,85.1,85.1,84.9602,84.985,104555.0
2024-12-30 15:10:00,84.98,85.0842,84.875,85.0195,163396.0
2024-12-30 15:12:00,85.005,85.015,84.865,84.89,121459.0
2024-12-30 15:14:00,84.9,85.03,84.85,84.9399,117501.0
2024-12-30 15:16:00,84.9,84.91,84.58,84.59,243897.0
2024-12-30 15:18:00,84.585,84.8,84.585,84.67,174156.0
2024-12-30 15:20:00,84.69,84.8,84.635,84.74,137139.0
2024-12-30 15:22:00,84.7477,84.8,84.64,84.7,90338.0
2024-12-30 15:24:00,84.71,85.11,84.6988,85.095,208540.0
2024-12-30 15:26:00,85.0992,85.0992,84.94,85.0501,363505.0
2024-12-30 15:28:00,85.07,85.18,85.05,85.11,100354.0
2024-12-30 15:30:00,85.13,85.33,85.05,85.3281,136919.0
2024-12-30 15:32:00,85.32,85.41,85.24,85.3199,140230.0
2024-12-30 15:34:00,85.3,85.45,85.27,85.42,110542.0
2024-12-30 15:36:00,85.405,85.52,85.2895,85.51,146546.0
2024-12-30 15:38:00,85.51,85.73,85.4801,85.72,147846.0
2024-12-30 15:40:00,85.7,85.7,85.5395,85.56,142027.0
2024-12-30 15:42:00,85.58,85.74,85.52,85.72,87890.0
2024-12-30 15:44:00,85.74,85.845,85.58,85.8,264080.0
2024-12-30 15:46:00,85.78,85.8,85.51,85.53,119297.0
2024-12-30 15:48:00,85.535,85.61,85.44,85.509,118093.0
2024-12-30 15:50:00,85.53,85.6165,85.48,85.53,114989.0
2024-12-30 15:52:00,85.53,85.63,85.4201,85.625,53487.0
2024-12-30 15:54:00,85.62,85.7575,85.59,85.7507,88462.0
2024-12-30 15:56:00,85.745,85.86,85.7317,85.75,147419.0
2024-12-30 15:58:00,85.75,85.98,85.72,85.9681,107890.0
2024-12-30 16:00:00,85.955,85.96,85.56,85.6301,137697.0
2024-12-30 16:02:00,85.6598,85.715,85.5901,85.605,73095.0
2024-12-30 16:04:00,85.605,85.73,85.6,85.71,71950.0
2024-12-30 16:06:00,85.71,85.74,85.5,85.59,135196.0
2024-12-30 16:08:00,85.61,85.67,85.51,85.6696,63768.0
2024-12-30 16:10:00,85.67,85.74,85.6,85.62,99160.0
2024-12-30 16:12:00,85.62,85.67,85.575,85.58,48796.0
2024-12-30 16:14:00,85.58,85.8,85.56,85.79,63735.0
2024-12-30 16:16:00,85.8,85.86,85.745,85.77,68754.0
2024-12-30 16:18:00,85.76,85.9438,85.74,85.87,72832.0
2024-12-30 16:20:00,85.8575,85.985,85.8575,85.895,100571.0
2024-12-30 16:22:00,85.88,85.88,85.6403,85.7774,83602.0
2024-12-30 16:24:00,85.78,85.7928,85.64,85.68,74244.0
2024-12-30 16:26:00,85.67,85.75,85.62,85.68,60757.0
2024-12-30 16:28:00,85.68,85.8799,85.67,85.8799,63179.0
2024-12-30 16:30:00,85.87,86.13,85.87,86.06,183156.0
2024-12-30 16:32:00,86.05,86.12,86.01,86.1,72877.0
2024-12-30 16:34:00,86.095,86.27,86.0853,86.196,69116.0
2024-12-30 16:36:00,86.19,86.3,86.1701,86.205,92403.0
2024-12-30 16:38:00,86.205,86.265,86.12,86.2314,52091.0
2024-12-30 16:40:00,86.25,86.36,86.23,86.2599,73915.0
2024-12-30 16:42:00,86.24,86.36,86.19,86.36,80559.0
2024-12-30 16:44:00,86.355,86.38,86.12,86.1201,56327.0
2024-12-30 16:46:00,86.12,86.16,86.0115,86.075,62822.0
2024-12-30 16:48:00,86.075,86.075,85.91,85.94,64257.0
2024-12-30 16:50:00,85.95,86.16,85.95,86.095,147668.0
2024-12-30 16:52:00,86.0802,86.1661,86.02,86.1624,36765.0
2024-12-30 16:54:00,86.16,86.22,86.12,86.15,36285.0
2024-12-30 16:56:00,86.1565,86.2975,86.12,86.24,47631.0
2024-12-30 16:58:00,86.24,86.34,86.15,86.19,175330.0
2024-12-30 17:00:00,86.18,86.45,86.15,86.425,77460.0
2024-12-30 17:02:00,86.44,86.505,86.43,86.5,85734.0
2024-12-30 17:04:00,86.5,86.5145,86.33,86.33,48416.0
2024-12-30 17:06:00,86.32,86.325,86.135,86.3,56243.0
2024-12-30 17:08:00,86.29,86.39,86.28,86.35,36370.0
2024-12-30 17:10:00,86.3426,86.4697,86.34,86.435,44861.0
2024-12-30 17:12:00,86.4467,86.4699,86.38,86.45,38176.0
2024-12-30 17:14:00,86.455,86.48,86.38,86.385,40680.0
2024-12-30 17:16:00,86.385,86.385,86.19,86.2001,117522.0
2024-12-30 17:18:00,86.2006,86.22,86.135,86.16,45489.0
2024-12-30 17:20:00,86.15,86.31,86.14,86.27,70530.0
2024-12-30 17:22:00,86.28,86.39,86.25,86.32,39307.0
2024-12-30 17:24:00,86.31,86.4,86.26,86.3,66714.0
2024-12-30 17:26:00,86.3,86.41,86.3,86.35,49885.0
2024-12-30 17:28:00,86.35,86.3797,86.3,86.3,39129.0
2024-12-30 17:30:00,86.31,86.35,86.18,86.33,59209.0
2024-12-30 17:32:00,86.33,86.35,86.2352,86.27,33876.0
2024-12-30 17:34:00,86.2574,86.31,86.2,86.25,31496.0
2024-12-30 17:36:00,86.2565,86.32,86.16,86.3,38138.0
2024-12-30 17:38:00,86.3081,86.31,86.21,86.31,37636.0
2024-12-30 17:40:00,86.32,86.4,86.29,86.4,47162.0
2024-12-30 17:42:00,86.41,86.485,86.37,86.485,50922.0
2024-12-30 17:44:00,86.49,86.55,86.48,86.53,62406.0
2024-12-30 17:46:00,86.52,86.65,86.52,86.585,67775.0
2024-12-30 17:48:00,86.585,86.6547,86.58,86.595,27707.0
2024-12-30 17:50:00,86.57,86.6576,86.55,86.64,58609.0
2024-12-30 17:52:00,86.63,86.65,86.54,86.54,25709.0
2024-12-30 17:54:00,86.5409,86.55,86.3801,86.43,55549.0
2024-12-30 17:56:00,86.4298,86.45,86.27,86.385,41803.0
2024-12-30 17:58:00,86.38,86.65,86.35,86.585,46852.0
2024-12-30 18:00:00,86.59,86.62,86.45,86.54,55405.0
2024-12-30 18:02:00,86.54,86.5554,86.445,86.4946,35910.0
2024-12-30 18:04:00,86.485,86.585,86.47,86.47,29871.0
2024-12-30 18:06:00,86.49,86.59,86.45,86.59,35687.0
2024-12-30 18:08:00,86.575,86.6375,86.56,86.6,39650.0
2024-12-30 18:10:00,86.61,86.78,86.61,86.78,42458.0
2024-12-30 18:12:00,86.79,86.79,86.68,86.77,49588.0
2024-12-30 18:14:00,86.77,86.81,86.73,86.78,42081.0
2024-12-30 18:16:00,86.81,86.81,86.6859,86.7,57343.0
2024-12-30 18:18:00,86.71,86.72,86.625,86.68,31998.0
2024-12-30 18:20:00,86.69,86.73,86.58,86.62,31936.0
2024-12-30 18:22:00,86.63,86.645,86.5,86.53,36918.0
2024-12-30 18:24:00,86.535,86.535,86.4401,86.49,32809.0
2024-12-30 18:26:00,86.5,86.53,86.35,86.5,56091.0
2024-12-30 18:28:00,86.48,86.615,86.48,86.52857,37101.0
2024-12-30 18:30:00,86.51,86.52,86.446,86.52,25229.0
2024-12-30 18:32:00,86.5279,86.62,86.47,86.6092,43731.0
2024-12-30 18:34:00,86.61,86.65,86.575,86.62,27855.0
2024-12-30 18:36:00,86.6194,86.635,86.455,86.49,30470.0
2024-12-30 18:38:00,86.5,86.6,86.5,86.58,32155.0
2024-12-30 18:40:00,86.58,86.595,86.53,86.5401,35796.0
2024-12-30 18:42:00,86.55,86.6705,86.53,86.63,35036.0
2024-12-30 18:44:00,86.6449,86.7,86.6101,86.66,51519.0
2024-12-30 18:46:00,86.66,86.71,86.63,86.66,63348.0
2024-12-30 18:48:00,86.67,86.68,86.57,86.58,54139.0
2024-12-30 18:50:00,86.59,86.64,86.51,86.54,19495.0
2024-12-30 18:52:00,86.535,86.63,86.45,86.45,53882.0
2024-12-30 18:54:00,86.452,86.465,86.29,86.4,126304.0
2024-12-30 18:56:00,86.395,86.475,86.375,86.42,51232.0
2024-12-30 18:58:00,86.425,86.47,86.3551,86.38,43171.0
2024-12-30 19:00:00,86.38,86.4463,86.36,86.39,22701.0
2024-12-30 19:02:00,86.35,86.49,86.35,86.49,35493.0
2024-12-30 19:04:00,86.49,86.52,86.42,86.425,41985.0
2024-12-30 19:06:00,86.42,86.42,86.26,86.26,39743.0
2024-12-30 19:08:00,86.27,86.37,86.23,86.36,35793.0
2024-12-30 19:10:00,86.3424,86.38,86.2952,86.33,37991.0
2024-12-30 19:12:00,86.32,86.32,86.17,86.24,52281.0
2024-12-30 19:14:00,86.2475,86.37,86.2401,86.34,52958.0
2024-12-30 19:16:00,86.36,86.39,86.2139,86.22,39352.0
2024-12-30 19:18:00,86.22,86.22,86.12,86.13,36752.0
2024-12-30 19:20:00,86.1313,86.19,86.07,86.09,79713.0
2024-12-30 19:22:00,86.1,86.17,86.04,86.12,70924.0
2024-12-30 19:24:00,86.14,86.28,86.13,86.2411,46795.0
2024-12-30 19:26:00,86.25,86.3,86.16,86.265,48003.0
2024-12-30 19:28:00,86.26,86.35,86.16,86.1602,53474.0
2024-12-30 19:30:00,86.17,86.395,86.15,86.37,48221.0
2024-12-30 19:32:00,86.37,86.37,86.21,86.25,38857.0
2024-12-30 19:34:00,86.2554,86.2999,86.24,86.26,22177.0
2024-12-30 19:36:00,86.26,86.29,86.18,86.2,33440.0
2024-12-30 19:38:00,86.22,86.2452,86.18,86.18,21602.0
2024-12-30 19:40:00,86.19,86.29,86.19,86.235,30134.0
2024-12-30 19:42:00,86.2499,86.29,86.2,86.21,31155.0
2024-12-30 19:44:00,86.2101,86.26,86.17,86.2,41219.0
2024-12-30 19:46:00,86.18,86.23,86.16,86.2,26776.0
2024-12-30 19:48:00,86.19,86.19,86.1,86.115,35984.0
2024-12-30 19:50:00,86.115,86.15,86.07,86.15,32934.0
2024-12-30 19:52:00,86.144,86.1899,86.07,86.15,32602.0
2024-12-30 19:54:00,86.141,86.166,86.105,86.155,27403.0
2024-12-30 19:56:00,86.152,86.18,86.1,86.165,21144.0
2024-12-30 19:58:00,86.1734,86.1734,86.02,86.0289,42163.0
2024-12-30 20:00:00,86.03,86.05,85.96,86.0,72428.0
2024-12-30 20:02:00,86.0,86.07,85.99,86.02,32755.0
2024-12-30 20:04:00,86.025,86.036,85.91,85.9681,38731.0
2024-12-30 20:06:00,85.94,85.97,85.9,85.9,38059.0
2024-12-30 20:08:00,85.92,86.0,85.91,85.97,41116.0
2024-12-30 20:10:00,85.97,86.0499,85.83,85.83,50891.0
2024-12-30 20:12:00,85.8299,85.98,85.8299,85.96,50419.0
2024-12-30 20:14:00,85.9673,86.06,85.9143,85.995,100591.0
2024-12-30 20:16:00,85.995,86.0,85.91,85.94,66235.0
2024-12-30 20:18:00,85.94,85.96,85.88,85.92,41013.0
2024-12-30 20:20:00,85.91,85.92,85.8001,85.905,46723.0
2024-12-30 20:22:00,85.905,85.97,85.845,85.87,63182.0
2024-12-30 20:24:00,85.88,85.9073,85.83,85.83,45280.0
2024-12-30 20:26:00,85.82,85.86,85.75,85.755,82472.0
2024-12-30 20:28:00,85.76,85.762,85.58,85.63,134916.0
2024-12-30 20:30:00,85.63,85.72,85.55,85.5791,86537.0
2024-12-30 20:32:00,85.558,85.62,85.53,85.5863,62009.0
2024-12-30 20:34:00,85.57,85.63,85.51,85.52,50370.0
2024-12-30 20:36:00,85.53,85.59,85.48,85.54,111597.0
2024-12-30 20:38:00,85.56,85.59,85.5,85.54,120929.0
2024-12-30 20:40:00,85.55,85.69,85.53,85.555,79431.0
2024-12-30 20:42:00,85.56,85.565,85.5001,85.53,68370.0
2024-12-30 20:44:00,85.53,85.68,85.53,85.63,64467.0
2024-12-30 20:46:00,85.62,85.642,85.4731,85.515,113952.0
2024-12-30 20:48:00,85.52,85.6,85.49,85.55,92209.0
2024-12-30 20:50:00,85.55,85.81,85.53,85.7716,196977.0
2024-12-30 20:52:00,85.76,85.84,85.72,85.795,138523.0
2024-12-30 20:54:00,85.795,85.93,85.61,85.7411,278643.0
2024-12-30 20:56:00,85.725,85.74,85.52,85.535,245326.0
2024-12-30 20:58:00,85.52,85.54,85.23,85.32,696477.0
2024-12-30 21:00:00,85.31,85.31,85.26,85.26,111232.0
2024-12-30 21:02:00,85.2694,85.31,85.2,85.2,23161.0
2024-12-30 21:04:00,85.2,85.3053,85.18,85.18,9292.0
2024-12-30 21:06:00,85.31,85.31,85.16,85.2,5527.0
2024-12-30 21:08:00,85.1116,85.1899,85.1116,85.131,2090.0
2024-12-30 21:10:00,85.11,85.15,85.1,85.1177,5442.0
2024-12-30 21:12:00,85.15,85.15,85.15,85.15,1749.0
2024-12-30 21:14:00,85.15,85.15,85.14,85.15,2980.0
2024-12-30 21:16:00,85.14,85.16,85.1106,85.15,5776.0
2024-12-30 21:18:00,85.17,85.18,85.16,85.18,5104.0
2024-12-30 21:20:00,85.15,85.18,85.15,85.17,1515.0
2024-12-30 21:22:00,85.1691,85.17,85.14,85.15,1519.0
2024-12-30 21:24:00,85.15,85.18,85.14,85.18,8013.0
2024-12-30 21:26:00,85.15,85.48,85.15,85.1909,8378.0
2024-12-30 21:30:00,85.29,85.36,85.2522,85.36,1791.0
2024-12-30 21:32:00,85.3001,85.36,85.3001,85.36,3850.0
2024-12-30 21:34:00,85.32,85.35,85.31,85.31,51986.0
2024-12-30 21:38:00,85.3,85.3,85.22,85.26,966.0
2024-12-30 21:40:00,85.2201,85.25,85.2201,85.2399,4263.0
2024-12-30 21:42:00,85.21,85.21,85.2,85.2,1998.0
2024-12-30 21:44:00,85.1992,85.2,85.18,85.19,1973.0
2024-12-30 21:48:00,85.1601,85.1601,85.11,85.11,5070.0
2024-12-30 21:50:00,85.12,85.1599,85.12,85.1599,3743.0
2024-12-30 21:52:00,85.17,85.17,85.17,85.17,268.0
2024-12-30 21:54:00,85.17,85.17,85.15,85.15,1327.0
2024-12-30 21:56:00,85.15,85.15,85.15,85.15,622.0
2024-12-30 21:58:00,85.2,85.2,85.2,85.2,7894.0
2024-12-30 22:00:00,85.2,85.2,85.1409,85.1409,300.0
2024-12-30 22:02:00,85.15,85.2,85.15,85.2,2212.0
2024-12-30 22:04:00,85.1513,85.1513,85.15,85.15,385.0
2024-12-30 22:06:00,85.19,85.19,85.19,85.19,220.0
2024-12-30 22:08:00,85.1896,85.19,85.15,85.15,831.0
2024-12-30 22:10:00,85.19,85.19,85.15,85.15,671.0
2024-12-30 22:12:00,85.19,85.19,85.15,85.15,4703.0
2024-12-30 22:14:00,85.18,85.18,85.15,85.15,4815.0
2024-12-30 22:16:00,85.31,85.31,85.17,85.17,1605.0
2024-12-30 22:18:00,85.18,85.31,85.17,85.31,389.0
2024-12-30 22:20:00,85.1881,85.1881,85.1881,85.1881,222.0
2024-12-30 22:22:00,85.19,85.19,85.19,85.19,459.0
2024-12-30 22:24:00,85.17,85.17,85.17,85.17,136.0
2024-12-30 22:26:00,85.16,85.16,85.15,85.15,1576.0
2024-12-30 22:28:00,85.1699,85.1699,85.1699,85.1699,375.0
2024-12-30 22:32:00,85.2,85.3,85.17,85.17,1922.0
2024-12-30 22:34:00,85.3,85.3,85.3,85.3,985.0
2024-12-30 22:38:00,85.21,85.21,85.2,85.2,1663.0
2024-12-30 22:42:00,85.2896,85.2896,85.2896,85.2896,148.0
2024-12-30 22:44:00,85.17,85.1896,85.17,85.17,1252.0
2024-12-30 22:46:00,85.2,85.3,85.2,85.3,3568.0
2024-12-30 22:50:00,85.3,85.3,85.29,85.29,365.0
2024-12-30 22:52:00,85.3,85.3,85.2995,85.2995,561.0
2024-12-30 22:54:00,85.28,85.28,85.28,85.28,260.0
2024-12-30 22:56:00,85.27,85.27,85.27,85.27,1006.0
2024-12-30 22:58:00,85.23,85.23,85.19,85.19,3285.0
2024-12-30 23:00:00,85.19,85.19,85.19,85.19,667.0
2024-12-30 23:02:00,85.1899,85.19,85.15,85.15,3454.0
2024-12-30 23:06:00,85.199,85.199,85.199,85.199,345.0
2024-12-30 23:08:00,85.15,85.2,85.1497,85.1497,1181.0
2024-12-30 23:10:00,85.13,85.1301,85.1,85.1,6001.0
2024-12-30 23:12:00,85.1,85.1,85.07,85.07,460.0
2024-12-30 23:14:00,85.06,85.06,85.02,85.05,1377.0
2024-12-30 23:16:00,85.04,85.04,85.01,85.01,1368.0
2024-12-30 23:18:00,85.01,85.01,84.95,84.95,12014.0
2024-12-30 23:20:00,84.95,84.99,84.91,84.99,2174.0
2024-12-30 23:22:00,84.96,84.96,84.96,84.96,375.0
2024-12-30 23:24:00,84.92,84.92,84.92,84.92,1071.0
2024-12-30 23:26:00,84.9965,84.9965,84.95,84.95,2039.0
2024-12-30 23:28:00,84.95,84.95,84.92,84.92,3440.0
2024-12-30 23:30:00,84.92,84.997,84.91,84.91,3067.0
2024-12-30 23:32:00,84.911,84.9765,84.911,84.9765,2317.0
2024-12-30 23:34:00,84.9979,84.9979,84.9979,84.9979,215.0
2024-12-30 23:36:00,84.99,84.99,84.98,84.98,1030.0
2024-12-30 23:38:00,84.93,85.0,84.93,85.0,1114.0
2024-12-30 23:40:00,84.95,85.0,84.95,84.9996,1152.0
2024-12-30 23:42:00,85.0,85.2,85.0,85.0506,6551.0
2024-12-30 23:44:00,85.0019,85.1209,85.0019,85.1209,1089.0
2024-12-30 23:48:00,85.08,85.08,85.08,85.08,216.0
2024-12-30 23:50:00,85.0246,85.0246,85.0246,85.0246,328.0
2024-12-30 23:52:00,85.12,85.12,85.08,85.08,2178.0
2024-12-30 23:54:00,85.08,85.08,85.08,85.08,343.0
2024-12-30 23:56:00,85.0,85.0,85.0,85.0,1215.0
2024-12-30 23:58:00,85.02,85.1754,85.0,85.03,1954.0
2024-12-31 00:00:00,85.0,85.1,85.0,85.0,747.0
2024-12-31 00:02:00,85.14,85.15,85.0023,85.0025,805.0
2024-12-31 00:04:00,85.0,85.15,85.0,85.15,2452.0
2024-12-31 00:06:00,85.14,85.14,85.14,85.14,384.0
2024-12-31 00:18:00,85.08,85.11,85.08,85.11,1493.0
2024-12-31 00:22:00,85.13,85.13,85.1296,85.13,1090.0
2024-12-31 00:26:00,85.1279,85.13,85.1279,85.13,210.0
2024-12-31 00:28:00,85.05,85.05,85.0,85.0,1623.0
2024-12-31 00:30:00,85.03,85.0495,85.03,85.0495,221.0
2024-12-31 00:32:00,85.01,85.02,85.01,85.02,976.0
2024-12-31 00:34:00,85.03,85.03,85.0,85.0,1720.0
2024-12-31 00:36:00,85.0,85.0,85.0,85.0,510.0
2024-12-31 00:38:00,85.0,85.0,85.0,85.0,867.0
2024-12-31 00:40:00,85.0,85.0,85.0,85.0,820.0
2024-12-31 00:42:00,85.0,85.0,84.9997,84.9997,817.0
2024-12-31 00:46:00,84.97,84.97,84.96,84.96,756.0
2024-12-31 00:48:00,84.97,84.97,84.97,84.97,327.0
2024-12-31 00:52:00,84.99,84.99,84.97,84.97,1312.0
2024-12-31 00:54:00,84.97,84.97,84.92,84.92,4204.0
2024-12-31 00:56:00,84.92,84.92,84.92,84.92,873.0
2024-12-31 00:58:00,84.96,84.96,84.9,84.9,3319.0
2024-12-31 09:00:00,85.2,85.2,85.2,85.2,272.0
2024-12-31 09:08:00,85.47,85.48,85.47,85.48,334.0
2024-12-31 09:16:00,85.78,85.78,85.78,85.78,312.0
2024-12-31 09:22:00,85.93,86.32,85.9,86.3,2422.0
2024-12-31 09:24:00,86.38,86.38,86.23,86.24,2312.0
2024-12-31 09:28:00,86.01,86.01,86.01,86.01,1015.0
2024-12-31 09:30:00,86.0,86.0,85.98,85.98,811.0
2024-12-31 09:32:00,86.0,86.05,86.0,86.05,1018.0
2024-12-31 09:38:00,86.01,86.01,85.98,85.98,500.0
2024-12-31 09:40:00,85.98,85.98,85.98,85.98,609.0
2024-12-31 09:42:00,85.87,85.98,85.8,85.98,1261.0
2024-12-31 09:44:00,85.98,85.98,85.98,85.98,326.0
2024-12-31 09:50:00,85.95,85.95,85.95,85.95,213.0
2024-12-31 09:52:00,85.94,85.94,85.94,85.94,522.0
2024-12-31 09:54:00,86.0,86.0,85.89,85.89,889.0
2024-12-31 09:56:00,85.87,85.87,85.81,85.81,724.0
2024-12-31 10:04:00,85.77,85.77,85.77,85.77,822.0
2024-12-31 10:06:00,85.76,85.76,85.76,85.76,324.0
2024-12-31 10:12:00,85.72,85.72,85.72,85.72,390.0
2024-12-31 10:14:00,85.79,85.79,85.79,85.79,400.0
2024-12-31 10:18:00,85.8,85.82,85.8,85.82,826.0
2024-12-31 10:20:00,85.82,85.82,85.82,85.82,114.0
2024-12-31 10:30:00,85.83,85.83,85.83,85.83,202.0
2024-12-31 10:40:00,85.89,85.89,85.89,85.89,621.0
2024-12-31 10:54:00,85.93,85.94,85.93,85.94,552.0
2024-12-31 11:00:00,86.01,86.07,85.99,86.07,381.0
2024-12-31 11:10:00,86.01,86.01,86.01,86.01,206.0
2024-12-31 11:40:00,86.0,86.0,86.0,86.0,361.0
2024-12-31 11:58:00,86.15,86.2,86.15,86.2,4165.0
2024-12-31 12:00:00,86.2,86.2,85.94,86.0,11922.0
2024-12-31 12:02:00,86.0,86.0,86.0,86.0,803.0
2024-12-31 12:04:00,85.99,85.99,85.99,85.99,110.0
2024-12-31 12:06:00,86.0,86.0,86.0,86.0,895.0
2024-12-31 12:08:00,86.06,86.06,86.06,86.06,535.0
2024-12-31 12:12:00,86.0,86.01,86.0,86.0,1013.0
2024-12-31 12:14:00,85.95,85.95,85.94,85.94,546.0
2024-12-31 12:16:00,85.9,85.9,85.9,85.9,705.0
2024-12-31 12:18:00,85.86,85.86,85.86,85.86,697.0
2024-12-31 12:22:00,85.8,85.8,85.76,85.76,1762.0
2024-12-31 12:26:00,85.8,85.8,85.8,85.8,752.0
2024-12-31 12:30:00,85.87,85.96,85.87,85.96,1044.0
2024-12-31 12:36:00,85.86,85.86,85.8,85.8,762.0
2024-12-31 12:38:00,85.81,85.82,85.8,85.82,1111.0
2024-12-31 12:40:00,85.85,85.85,85.85,85.85,130.0
2024-12-31 12:44:00,85.87,85.87,85.87,85.87,198.0
2024-12-31 12:46:00,85.88,85.88,85.83,85.83,2559.0
2024-12-31 12:48:00,85.81,85.81,85.74,85.74,2110.0
2024-12-31 12:50:00,85.69,85.7,85.69,85.7,599.0
2024-12-31 12:52:00,85.7,85.7,85.7,85.7,1750.0
2024-12-31 12:56:00,85.65,85.65,85.65,85.65,387.0
2024-12-31 13:00:00,86.05,86.1,85.05,85.61,47643.0
2024-12-31 13:02:00,85.7,85.7,85.51,85.52,4976.0
2024-12-31 13:04:00,85.5984,85.6,85.53,85.53,714.0
2024-12-31 13:06:00,85.5102,85.57,85.5102,85.5698,3140.0
2024-12-31 13:08:00,85.54,85.54,85.51,85.51,225.0
2024-12-31 13:10:00,85.5102,85.5102,85.5102,85.5102,573.0
2024-12-31 13:12:00,85.57,85.57,85.5501,85.57,5913.0
2024-12-31 13:14:00,85.57,85.57,85.56,85.57,3284.0
2024-12-31 13:16:00,85.5699,85.57,85.55,85.57,2910.0
2024-12-31 13:18:00,85.56,85.57,85.55,85.55,4473.0
2024-12-31 13:20:00,85.53,85.56,85.46,85.46,3162.0
2024-12-31 13:22:00,85.5001,85.57,85.5001,85.57,3061.0
2024-12-31 13:24:00,85.57,85.57,85.5501,85.5501,2481.0
2024-12-31 13:26:00,85.55,85.5695,85.55,85.56,4600.0
2024-12-31 13:28:00,85.55,85.57,85.55,85.57,1179.0
2024-12-31 13:30:00,85.57,85.57,85.57,85.57,796.0
2024-12-31 13:32:00,85.57,85.57,85.57,85.57,1614.0
2024-12-31 13:34:00,85.56,85.62,85.56,85.62,6361.0
2024-12-31 13:36:00,85.7,85.7,85.66,85.66,1561.0
2024-12-31 13:38:00,85.7,85.71,85.69,85.7,3215.0
2024-12-31 13:40:00,85.72,85.72,85.69,85.7,1505.0
2024-12-31 13:42:00,85.66,85.67,85.66,85.67,1887.0
2024-12-31 13:44:00,85.7,85.7,85.65,85.65,2535.0
2024-12-31 13:46:00,85.64,85.64,85.6303,85.6303,1430.0
2024-12-31 13:48:00,85.6787,85.68,85.6787,85.68,755.0
2024-12-31 13:50:00,85.68,85.68,85.6018,85.6018,390.0
2024-12-31 13:52:00,85.67,85.68,85.6,85.6,1999.0
2024-12-31 13:54:00,85.65,85.65,85.65,85.65,1384.0
2024-12-31 13:56:00,85.6009,85.61,85.6009,85.61,613.0
2024-12-31 13:58:00,85.6,85.6,85.6,85.6,1298.0
2024-12-31 14:00:00,85.57,85.58,85.5619,85.58,1514.0
2024-12-31 14:02:00,85.6,85.63,85.6,85.63,1601.0
2024-12-31 14:04:00,85.6,85.63,85.55,85.63,2554.0
2024-12-31 14:06:00,85.61,85.679,85.61,85.61,4260.0
2024-12-31 14:08:00,85.68,85.69,85.68,85.69,1025.0
2024-12-31 14:10:00,85.75,85.75,85.7202,85.7202,762.0
2024-12-31 14:12:00,85.6818,85.8,85.6818,85.8,2818.0
2024-12-31 14:14:00,85.8,85.8,85.8,85.8,754.0
2024-12-31 14:16:00,85.8,85.83,85.8,85.83,1651.0
2024-12-31 14:18:00,85.76,85.81,85.75,85.75,2317.0
2024-12-31 14:20:00,85.75,85.85,85.75,85.8499,2577.0
2024-12-31 14:22:00,85.82,85.85,85.82,85.85,3462.0
2024-12-31 14:24:00,85.77,85.77,85.6,85.7099,2822.0
2024-12-31 14:26:00,85.71,85.75,85.5,85.5,5236.0
2024-12-31 14:28:00,85.48,85.52,85.4,85.52,19569.0
2024-12-31 14:30:00,85.44,85.65,85.27,85.415,275496.0
2024-12-31 14:32:00,85.4599,85.99,85.36,85.935,139836.0
2024-12-31 14:34:00,85.9677,86.07,85.81,85.8699,183377.0
2024-12-31 14:36:00,85.8,85.82,85.58,85.635,121492.0
2024-12-31 14:38:00,85.6,85.7,85.52,85.55,73050.0
2024-12-31 14:40:00,85.545,85.9,85.53,85.84,84005.0
2024-12-31 14:42:00,85.84,86.1,85.73,85.96,152064.0
2024-12-31 14:44:00,85.98,86.1899,85.94,86.15,121959.0
2024-12-31 14:46:00,86.12,86.4,86.12,86.35,110736.0
2024-12-31 14:48:00,86.35,86.37,86.23,86.2594,82862.0
2024-12-31 14:50:00,86.24,86.26,86.03,86.045,83449.0
2024-12-31 14:52:00,86.0301,86.05,85.68,85.69,111004.0
2024-12-31 14:54:00,85.7,85.83,85.6264,85.76,112306.0
2024-12-31 14:56:00,85.76,85.8041,85.59,85.6,79357.0
2024-12-31 14:58:00,85.62,85.64,85.43,85.6003,171238.0
2024-12-31 15:00:00,85.57,85.58,85.18,85.27,198132.0
2024-12-31 15:02:00,85.27,85.382,85.18,85.24,117738.0
2024-12-31 15:04:00,85.25,85.25,85.08,85.11,166770.0
2024-12-31 15:06:00,85.115,85.13,84.8,84.85,296033.0
2024-12-31 15:08:00,84.85,84.89,84.77,84.82,159294.0
2024-12-31 15:10:00,84.82,84.99,84.76,84.8136,149341.0
2024-12-31 15:12:00,84.79,84.9,84.76,84.8699,127015.0
2024-12-31 15:14:00,84.86,85.02,84.78,85.0105,125450.0
2024-12-31 15:16:00,85.01,85.17,84.93,85.0659,86312.0
2024-12-31 15:18:00,85.07,85.2199,85.07,85.11,89816.0
2024-12-31 15:20:00,85.1,85.27,85.07,85.18,89116.0
2024-12-31 15:22:00,85.19,85.32,85.19,85.28,94159.0
2024-12-31 15:24:00,85.2708,85.392,85.2708,85.392,86130.0
2024-12-31 15:26:00,85.39,85.46,85.33,85.46,81645.0
2024-12-31 15:28:00,85.44,85.49,85.11,85.18,113584.0
2024-12-31 15:30:00,85.19,85.28,85.06,85.28,60693.0
2024-12-31 15:32:00,85.285,85.39,85.0725,85.08,118021.0
2024-12-31 15:34:00,85.085,85.19,85.03,85.12,92782.0
2024-12-31 15:36:00,85.13,85.31,85.1,85.1851,79639.0
2024-12-31 15:38:00,85.198,85.27,85.12,85.2487,64812.0
2024-12-31 15:40:00,85.235,85.26,84.91,84.93,94065.0
2024-12-31 15:42:00,84.925,85.03,84.91,85.006,59028.0
2024-12-31 15:44:00,85.0,85.035,84.9,84.945,85840.0
2024-12-31 15:46:00,84.95,85.0099,84.91,84.995,59280.0
2024-12-31 15:48:00,85.0,85.09,84.96,84.985,65514.0
2024-12-31 15:50:00,84.98,85.03,84.92,85.0299,47312.0
2024-12-31 15:52:00,85.013,85.05,84.9301,84.96,52442.0
2024-12-31 15:54:00,84.96,85.03,84.93,85.01,43995.0
2024-12-31 15:56:00,85.0,85.03,84.96,85.0,44527.0
2024-12-31 15:58:00,85.0099,85.0099,84.9,84.94,73729.0
2024-12-31 16:00:00,84.94,84.99,84.87,84.9,60523.0
2024-12-31 16:02:00,84.8959,84.95,84.81,84.82,88656.0
2024-12-31 16:04:00,84.83,84.836,84.74,84.78,122900.0
2024-12-31 16:06:00,84.7899,84.8599,84.74,84.84,68766.0
2024-12-31 16:08:00,84.86,84.89,84.78,84.88,55892.0
2024-12-31 16:10:00,84.89,84.94,84.76,84.76,58231.0
2024-12-31 16:12:00,84.77,84.86,84.749,84.85,65923.0
2024-12-31 16:14:00,84.8489,84.88,84.76,84.77,62822.0
2024-12-31 16:16:00,84.775,84.93,84.765,84.8801,59573.0
2024-12-31 16:18:00,84.88,84.947,84.66,84.676,109062.0
2024-12-31 16:20:00,84.68,84.72,84.6,84.62,111705.0
2024-12-31 16:22:00,84.63,84.67,84.49,84.67,124956.0
2024-12-31 16:24:00,84.685,84.69,84.61,84.66,62272.0
2024-12-31 16:26:00,84.655,84.77,84.65,84.76,53349.0
2024-12-31 16:28:00,84.755,84.755,84.595,84.625,56942.0
2024-12-31 16:30:00,84.6,84.675,84.58,84.6524,43151.0
2024-12-31 16:32:00,84.66,84.68,84.57,84.67,39292.0
2024-12-31 16:34:00,84.67,84.75,84.66,84.75,45316.0
2024-12-31 16:36:00,84.74,84.85,84.73,84.77,51573.0
2024-12-31 16:38:00,84.77,84.85,84.76,84.8,103519.0
2024-12-31 16:40:00,84.7988,84.92,84.77,84.85,59327.0
2024-12-31 16:42:00,84.85,85.0,84.85,84.92,51824.0
2024-12-31 16:44:00,84.92,85.0,84.89,84.99,40296.0
2024-12-31 16:46:00,84.99,84.995,84.89,84.9,58711.0
2024-12-31 16:48:00,84.91,85.08,84.8801,85.02,106878.0
2024-12-31 16:50:00,85.02,85.105,84.99,85.0004,94975.0
2024-12-31 16:52:00,85.01,85.01,84.91,84.91,50331.0
2024-12-31 16:54:00,84.89,84.93,84.81,84.82,47098.0
2024-12-31 16:56:00,84.8121,84.895,84.75,84.87,100618.0
2024-12-31 16:58:00,84.875,84.8856,84.76,84.835,39139.0
2024-12-31 17:00:00,84.825,84.8474,84.7286,84.76,46632.0
2024-12-31 17:02:00,84.78,84.85,84.6529,84.84,66838.0
2024-12-31 17:04:00,84.85,84.9,84.8,84.8457,34795.0
2024-12-31 17:06:00,84.83,84.83,84.6793,84.69,99776.0
2024-12-31 17:08:00,84.685,84.83,84.68,84.77,35415.0
2024-12-31 17:10:00,84.77,84.81,84.66,84.68,49701.0
2024-12-31 17:12:00,84.68,84.695,84.59,84.66,74380.0
2024-12-31 17:14:00,84.65,84.69,84.6301,84.68,29488.0
2024-12-31 17:16:00,84.6702,84.6799,84.58,84.59,58137.0
2024-12-31 17:18:00,84.59,84.642822,84.56,84.606,59046.0
2024-12-31 17:20:00,84.6195,84.65,84.54,84.54,63431.0
2024-12-31 17:22:00,84.54,84.55,84.4184,84.4375,120220.0
2024-12-31 17:24:00,84.42,84.4473,84.36,84.425,73333.0
2024-12-31 17:26:00,84.41,84.45,84.34,84.36,50557.0
2024-12-31 17:28:00,84.36,84.39,84.275,84.31,75271.0
2024-12-31 17:30:00,84.31,84.38,84.3,84.33,58469.0
2024-12-31 17:32:00,84.3152,84.33,84.255,84.287,81045.0
2024-12-31 17:34:00,84.29,84.36,84.2501,84.27,84684.0
2024-12-31 17:36:00,84.26,84.27,84.18,84.26,91671.0
2024-12-31 17:38:00,84.261,84.261,84.22,84.255,47734.0
2024-12-31 17:40:00,84.255,84.4,84.255,84.3661,70523.0
2024-12-31 17:42:00,84.3591,84.4275,84.33,84.4275,41782.0
2024-12-31 17:44:00,84.4299,84.46,84.36,84.39,43265.0
2024-12-31 17:46:00,84.396,84.44,84.33,84.42,48825.0
2024-12-31 17:48:00,84.43,84.4398,84.355,84.36,32898.0
2024-12-31 17:50:00,84.365,84.44,84.34,84.34,41998.0
2024-12-31 17:52:00,84.36,84.4299,84.33,84.4077,45922.0
2024-12-31 17:54:00,84.41,84.59,84.4089,84.5598,168512.0
2024-12-31 17:56:00,84.5556,84.6111,84.53,84.6111,35529.0
2024-12-31 17:58:00,84.608,84.82,84.6,84.81,80806.0
2024-12-31 18:00:00,84.81,84.81,84.64,84.7,53592.0
2024-12-31 18:02:00,84.71,84.8,84.4214,84.62,235717.0
2024-12-31 18:04:00,84.63,84.725,84.62,84.71,49997.0
2024-12-31 18:06:00,84.715,84.84,84.63,84.795,62023.0
2024-12-31 18:08:00,84.8,84.83,84.7132,84.75,56891.0
2024-12-31 18:10:00,84.745,84.76,84.63,84.65,40889.0
2024-12-31 18:12:00,84.6393,84.72,84.58,84.6501,214319.0
2024-12-31 18:14:00,84.665,84.745,84.65,84.7,47325.0
2024-12-31 18:16:00,84.71,84.87,84.68,84.78,47975.0
2024-12-31 18:18:00,84.7795,84.8,84.6487,84.65,53607.0
2024-12-31 18:20:00,84.65,84.65,84.425,84.485,76233.0
2024-12-31 18:22:00,84.485,84.4942,84.34,84.3999,47599.0
2024-12-31 18:24:00,84.38,84.43,84.3,84.43,38627.0
2024-12-31 18:26:00,84.39,84.4368,84.25,84.31,50632.0
2024-12-31 18:28:00,84.29,84.33,84.28,84.28,45754.0
2024-12-31 18:30:00,84.2964,84.34,84.23,84.3073,50595.0
2024-12-31 18:32:00,84.31,84.34,84.25,84.339,37948.0
2024-12-31 18:34:00,84.33,84.369,84.23,84.25,41210.0
2024-12-31 18:36:00,84.26,84.28,84.16,84.19,88155.0
2024-12-31 18:38:00,84.18,84.28,84.17,84.26,53331.0
2024-12-31 18:40:00,84.27,84.34,84.25,84.2614,38240.0
2024-12-31 18:42:00,84.25,84.3,84.17,84.2499,50504.0
2024-12-31 18:44:00,84.21,84.2837,84.2,84.2476,29815.0
2024-12-31 18:46:00,84.23,84.28,84.17,84.19,38307.0
2024-12-31 18:48:00,84.18,84.31,84.17,84.245,41317.0
2024-12-31 18:50:00,84.24,84.41,84.24,84.32,82088.0
2024-12-31 18:52:00,84.32,84.33,84.24,84.25,31346.0
2024-12-31 18:54:00,84.24,84.308,84.23,84.27,37777.0
2024-12-31 18:56:00,84.27,84.3176,84.21,84.2397,58058.0
2024-12-31 18:58:00,84.24,84.33,84.24,84.3,52476.0
2024-12-31 19:00:00,84.29,84.39,84.26,84.32,61824.0
2024-12-31 19:02:00,84.32,84.33,84.16,84.2306,64543.0
2024-12-31 19:04:00,84.23,84.35,84.22,84.33,50250.0
2024-12-31 19:06:00,84.33,84.4225,84.33,84.4225,32504.0
2024-12-31 19:08:00,84.42,84.52,84.42,84.508,53919.0
2024-12-31 19:10:00,84.5,84.6,84.47,84.48,48299.0
2024-12-31 19:12:00,84.48,84.53,84.451,84.46,30227.0
2024-12-31 19:14:00,84.46,84.485,84.4,84.4,36057.0
2024-12-31 19:16:00,84.3869,84.395,84.26,84.27,43401.0
2024-12-31 19:18:00,84.27,84.2999,84.2,84.22,63735.0
2024-12-31 19:20:00,84.2356,84.2799,84.17,84.2,52535.0
2024-12-31 19:22:00,84.1984,84.3,84.167,84.23,46922.0
2024-12-31 19:24:00,84.23,84.2561,84.16,84.2045,58410.0
2024-12-31 19:26:00,84.22,84.28,84.205,84.26,46021.0
2024-12-31 19:28:00,84.2678,84.2678,84.16,84.188,91854.0
2024-12-31 19:30:00,84.19,84.22,84.15,84.16,51711.0
2024-12-31 19:32:00,84.15,84.1947,84.09,84.14,85587.0
2024-12-31 19:34:00,84.15,84.23,84.13,84.21,36735.0
2024-12-31 19:36:00,84.22,84.29,84.1689,84.26,49184.0
2024-12-31 19:38:00,84.25,84.3,84.22,84.245,38998.0
2024-12-31 19:40:00,84.25,84.27,84.18,84.19,36198.0
2024-12-31 19:42:00,84.19,84.2299,84.11,84.13,44721.0
2024-12-31 19:44:00,84.13,84.315,84.12,84.3,53124.0
2024-12-31 19:46:00,84.29,84.3,84.25,84.25,38486.0
2024-12-31 19:48:00,84.26,84.38,84.255,84.33,43555.0
2024-12-31 19:50:00,84.33,84.43,84.3,84.33,52335.0
2024-12-31 19:52:00,84.3474,84.54,84.33,84.4978,50735.0
2024-12-31 19:54:00,84.48,84.48,84.39,84.42,37569.0
2024-12-31 19:56:00,84.435,84.54,84.41,84.5201,39889.0
2024-12-31 19:58:00,84.52,84.5888,84.49,84.57,49477.0
2024-12-31 20:00:00,84.575,84.612,84.53,84.5836,65053.0
2024-12-31 20:02:00,84.57,84.585,84.505,84.53,40243.0
2024-12-31 20:04:00,84.5201,84.5899,84.52,84.56,36508.0
2024-12-31 20:06:00,84.55,84.66,84.55,84.6199,70518.0
2024-12-31 20:08:00,84.61,84.63,84.5148,84.53,53453.0
2024-12-31 20:10:00,84.52,84.52,84.31,84.32,81850.0
2024-12-31 20:12:00,84.33,84.35,84.19,84.19,87821.0
2024-12-31 20:14:00,84.195,84.26,84.19,84.2101,59334.0
2024-12-31 20:16:00,84.22,84.27,84.16,84.214,408700.0
2024-12-31 20:18:00,84.22,84.3,84.2108,84.28,69858.0
2024-12-31 20:20:00,84.28,84.419,84.28,84.38,54355.0
2024-12-31 20:22:00,84.36,84.465,84.36,84.39,49538.0
2024-12-31 20:24:00,84.4,84.51,84.31,84.49,83523.0
2024-12-31 20:26:00,84.4801,84.5999,84.4,84.5062,99852.0
2024-12-31 20:28:00,84.5,84.69,84.4508,84.66,132149.0
2024-12-31 20:30:00,84.64,84.67,84.44,84.55,81610.0
2024-12-31 20:32:00,84.56,84.56,84.445,84.45,55994.0
2024-12-31 20:34:00,84.45,84.56,84.4201,84.52,98158.0
2024-12-31 20:36:00,84.515,84.54,84.38,84.38,69172.0
2024-12-31 20:38:00,84.38,84.48,84.36,84.43,56664.0
2024-12-31 20:40:00,84.42,84.48,84.36,84.47,65321.0
2024-12-31 20:42:00,84.48,84.51,84.41,84.45,64544.0
2024-12-31 20:44:00,84.44,84.45,84.31,84.335,72662.0
2024-12-31 20:46:00,84.324,84.44,84.27,84.4373,148679.0
2024-12-31 20:48:00,84.44,84.56,84.435,84.51,88452.0
2024-12-31 20:50:00,84.5,84.5,84.33,84.35,187907.0
2024-12-31 20:52:00,84.35,84.44,84.21,84.265,165833.0
2024-12-31 20:54:00,84.27,84.33,84.11,84.18,327702.0
2024-12-31 20:56:00,84.19,84.285,84.15,84.19,329803.0
2024-12-31 20:58:00,84.19,84.22,84.13,84.17,620655.0
2024-12-31 21:00:00,84.16,84.24,84.16,84.2386,91086.0
2024-12-31 21:02:00,84.2399,84.2399,84.1998,84.1998,3005.0
2024-12-31 21:04:00,84.2,84.24,84.2,84.2,1560.0
2024-12-31 21:06:00,84.24,84.24,84.22,84.23,2998.0
2024-12-31 21:08:00,84.24,84.25,84.22,84.221,2308.0
2024-12-31 21:10:00,84.2399,84.2399,84.16,84.16,10585.0
2024-12-31 21:12:00,84.24,84.24,84.23,84.23,6091.0
2024-12-31 21:14:00,84.24,84.26,84.24,84.26,1230.0
2024-12-31 21:16:00,84.21,84.21,84.21,84.21,1766.0
2024-12-31 21:20:00,84.2593,84.26,84.21,84.26,1429.0
2024-12-31 21:22:00,84.22,84.2599,84.22,84.2599,1528.0
2024-12-31 21:24:00,84.22,84.26,84.22,84.26,861.0
2024-12-31 21:26:00,84.247,84.247,84.2,84.23,1274.0
2024-12-31 21:28:00,84.22,84.22,84.22,84.22,352.0
2024-12-31 21:30:00,84.25,84.26,84.22,84.22,1616.0
2024-12-31 21:32:00,84.24,84.26,84.23,84.23,3320.0
2024-12-31 21:34:00,84.24,84.24,84.2119,84.2399,5048.0
2024-12-31 21:36:00,84.25,84.26,84.2145,84.2484,1467.0
2024-12-31 21:38:00,84.24,84.24,84.21,84.21,1509.0
2024-12-31 21:40:00,84.23,84.23,84.23,84.23,250.0
2024-12-31 21:42:00,84.23,84.24,84.21,84.2399,1440.0
2024-12-31 21:44:00,84.25,84.25,84.21,84.25,2015.0
2024-12-31 21:48:00,84.2455,84.246,84.2,84.2,1340.0
2024-12-31 21:52:00,84.2299,84.23,84.2299,84.23,1356.0
2024-12-31 21:54:00,84.22,84.23,84.22,84.23,1276.0
2024-12-31 21:58:00,84.25,84.25,84.2,84.2,4207.0
2024-12-31 22:00:00,84.2097,84.2097,84.2097,84.2097,136.0
2024-12-31 22:02:00,84.21,84.21,84.21,84.21,138.0
2024-12-31 22:04:00,84.21,84.21,84.2098,84.2098,1223.0
2024-12-31 22:06:00,84.2,84.2,84.19,84.19,2070.0
2024-12-31 22:08:00,84.2,84.2,84.2,84.2,707.0
2024-12-31 22:10:00,84.18,84.18,84.18,84.18,1437.0
2024-12-31 22:12:00,84.18,84.18,84.17,84.18,976.0
2024-12-31 22:14:00,84.1799,84.1799,84.171,84.171,322.0
2024-12-31 22:16:00,84.17,84.1997,84.17,84.1997,7133.0
2024-12-31 22:18:00,84.2,84.2,84.195,84.2,709.0
2024-12-31 22:20:00,84.1997,84.1997,84.1997,84.1997,337.0
2024-12-31 22:22:00,84.19,84.19,84.18,84.18,1022.0
2024-12-31 22:24:00,84.18,84.18,84.18,84.18,232.0
2024-12-31 22:28:00,84.19,84.2,84.19,84.2,819.0
2024-12-31 22:30:00,84.19,84.19,84.19,84.19,1104.0
2024-12-31 22:34:00,84.19,84.19,84.18,84.18,3562.0
2024-12-31 22:36:00,84.18,84.18,84.18,84.18,262.0
2024-12-31 22:38:00,84.17,84.17,84.17,84.17,284.0
2024-12-31 22:40:00,84.17,84.17,84.17,84.17,491.0
2024-12-31 22:42:00,84.16,84.16,84.16,84.16,1395.0
2024-12-31 22:50:00,84.17,84.17,84.17,84.17,213.0
2024-12-31 22:52:00,84.18,84.18,84.18,84.18,157.0
2024-12-31 22:54:00,84.1799,84.1799,84.1799,84.1799,1101.0
2024-12-31 22:56:00,84.16,84.17,84.16,84.17,1079.0
2024-12-31 23:00:00,84.17,84.18,84.17,84.18,919.0
2024-12-31 23:02:00,84.1799,84.18,84.1799,84.18,306.0
2024-12-31 23:04:00,84.17,84.17,84.17,84.17,2208.0
2024-12-31 23:06:00,84.18,84.18,84.18,84.18,179.0
2024-12-31 23:08:00,84.17,84.1701,84.17,84.1701,371.0
2024-12-31 23:10:00,84.18,84.18,84.1799,84.1799,306.0
2024-12-31 23:12:00,84.17,84.1797,84.17,84.1797,545.0
2024-12-31 23:16:00,84.18,84.18,84.18,84.18,109.0
2024-12-31 23:18:00,84.18,84.18,84.18,84.18,623.0
2024-12-31 23:20:00,84.17,84.17,84.17,84.17,214.0
2024-12-31 23:22:00,84.17,84.17,84.17,84.17,551.0
2024-12-31 23:24:00,84.16,84.16,84.16,84.16,905.0
2024-12-31 23:26:00,84.15,84.15,84.13,84.13,1272.0
2024-12-31 23:28:00,84.1109,84.15,84.1109,84.15,1213.0
2024-12-31 23:34:00,84.12,84.12,84.12,84.12,321.0
2024-12-31 23:38:00,84.12,84.12,84.12,84.12,203.0
2024-12-31 23:44:00,84.1499,84.1499,84.11,84.1101,2826.0
2024-12-31 23:46:00,84.1494,84.15,84.1494,84.15,2699.0
2024-12-31 23:48:00,84.15,84.15,84.1301,84.1301,2169.0
2024-12-31 23:50:00,84.15,84.15,84.11,84.15,522.0
2024-12-31 23:52:00,84.15,84.15,84.15,84.15,114.0
2024-12-31 23:54:00,84.15,84.15,84.15,84.15,160.0
2024-12-31 23:58:00,84.11,84.11,84.11,84.11,408.0
2025-01-01 00:02:00,84.14,84.14,84.14,84.14,101.0
2025-01-01 00:04:00,84.13,84.13,84.1,84.11,3186.0
2025-01-01 00:06:00,84.12,84.12,84.12,84.12,1109.0
2025-01-01 00:10:00,84.11,84.11,84.11,84.11,1012.0
2025-01-01 00:12:00,84.12,84.12,84.12,84.12,1769.0
2025-01-01 00:14:00,84.12,84.12,84.11,84.1195,2514.0
2025-01-01 00:18:00,84.1,84.1,84.09,84.09,1786.0
2025-01-01 00:20:00,84.119,84.119,84.119,84.119,180.0
2025-01-01 00:26:00,84.09,84.09,84.09,84.09,369.0
2025-01-01 00:30:00,84.12,84.12,84.12,84.12,150.0
2025-01-01 00:32:00,84.12,84.12,84.12,84.12,433.0
2025-01-01 00:38:00,84.12,84.12,84.11,84.11,1138.0
2025-01-01 00:40:00,84.11,84.12,84.11,84.11,674.0
2025-01-01 00:42:00,84.1198,84.12,84.1198,84.12,363.0
2025-01-01 00:44:00,84.1198,84.1198,84.1198,84.1198,2037.0
2025-01-01 00:46:00,84.11,84.11,84.11,84.11,1097.0
2025-01-01 00:48:00,84.1,84.11,84.1,84.11,329.0
2025-01-01 00:50:00,84.11,84.11,84.1,84.1,796.0
2025-01-01 00:52:00,84.11,84.11,84.05,84.08,2925.0
2025-01-01 00:54:00,84.0999,84.1,84.09,84.09,1087.0
2025-01-01 00:58:00,84.0801,84.09,84.0532,84.09,2597.0
2025-01-02 09:00:00,84.9,84.96,84.82,84.82,8191.0
2025-01-02 09:02:00,84.81,84.85,84.8,84.8,818.0
2025-01-02 09:04:00,84.79,84.9,84.78,84.9,1431.0
2025-01-02 09:06:00,84.9,84.9,84.9,84.9,2163.0
2025-01-02 09:08:00,84.9,84.9,84.9,84.9,406.0
2025-01-02 09:10:00,84.89,84.9,84.89,84.9,1057.0
2025-01-02 09:12:00,84.9,84.9,84.9,84.9,467.0
2025-01-02 09:14:00,84.9,84.9,84.9,84.9,2010.0
2025-01-02 09:16:00,84.9,84.96,84.9,84.9,1062.0
2025-01-02 09:18:00,84.91,84.97,84.9,84.97,4337.0
2025-01-02 09:22:00,84.92,85.02,84.92,85.02,3779.0
2025-01-02 09:30:00,85.13,85.13,85.13,85.13,536.0
2025-01-02 09:32:00,85.15,85.15,85.14,85.15,5342.0
2025-01-02 09:34:00,85.12,85.12,85.12,85.12,276.0
2025-01-02 09:36:00,85.17,85.19,85.16,85.16,1789.0
2025-01-02 09:44:00,85.29,85.32,85.29,85.3,2135.0
2025-01-02 09:48:00,85.31,85.35,85.31,85.31,1296.0
2025-01-02 09:50:00,85.35,85.35,85.35,85.35,175.0
2025-01-02 09:52:00,85.35,85.35,85.35,85.35,168.0
2025-01-02 09:54:00,85.35,85.36,85.35,85.36,986.0
2025-01-02 09:56:00,85.36,85.36,85.36,85.36,373.0
2025-01-02 09:58:00,85.39,85.39,85.39,85.39,216.0
2025-01-02 10:00:00,85.45,85.45,85.43,85.43,370.0
2025-01-02 10:04:00,85.46,85.46,85.36,85.36,1112.0
2025-01-02 10:06:00,85.3,85.3,85.3,85.3,1218.0
2025-01-02 10:12:00,85.34,85.34,85.11,85.11,1179.0
2025-01-02 10:14:00,85.11,85.12,85.11,85.11,776.0
2025-01-02 10:20:00,85.15,85.15,85.15,85.15,200.0
2025-01-02 10:26:00,85.1,85.1,85.1,85.1,450.0
2025-01-02 10:28:00,85.15,85.15,85.15,85.15,100.0
2025-01-02 10:32:00,85.17,85.17,85.15,85.15,482.0
2025-01-02 10:36:00,85.26,85.26,85.26,85.26,650.0
2025-01-02 10:40:00,85.28,85.36,85.23,85.24,14060.0
2025-01-02 10:42:00,85.29,85.29,85.27,85.27,501.0
2025-01-02 10:46:00,85.27,85.27,85.25,85.25,1075.0
2025-01-02 10:48:00,85.25,85.25,85.25,85.25,111.0
2025-01-02 10:50:00,85.28,85.28,85.28,85.28,142.0
2025-01-02 10:52:00,85.21,85.21,85.21,85.21,104.0
2025-01-02 10:54:00,85.27,85.27,85.25,85.25,2237.0
2025-01-02 10:58:00,85.27,85.27,85.27,85.27,1481.0
2025-01-02 11:00:00,85.28,85.29,85.28,85.29,626.0
2025-01-02 11:04:00,85.39,85.45,85.39,85.39,1402.0
2025-01-02 11:06:00,85.42,85.47,85.4,85.47,1398.0
2025-01-02 11:12:00,85.45,85.5,85.45,85.5,968.0
2025-01-02 11:18:00,85.48,85.51,85.48,85.51,1124.0
2025-01-02 11:20:00,85.5,85.5,85.5,85.5,427.0
2025-01-02 11:22:00,85.45,85.45,85.45,85.45,226.0
2025-01-02 11:24:00,85.37,85.37,85.37,85.37,441.0
2025-01-02 11:26:00,85.41,85.45,85.41,85.41,1054.0
2025-01-02 11:28:00,85.41,85.41,85.41,85.41,1636.0
2025-01-02 11:46:00,85.47,85.47,85.46,85.46,724.0
2025-01-02 11:52:00,85.53,85.53,85.53,85.53,308.0
2025-01-02 11:54:00,85.5,85.5,85.48,85.48,1930.0
2025-01-02 11:58:00,85.54,85.6,85.54,85.6,2075.0
2025-01-02 12:00:00,85.51,85.6,85.3,85.4,17045.0
2025-01-02 12:02:00,85.4,85.44,85.3,85.39,4010.0
2025-01-02 12:04:00,85.39,85.4,85.37,85.4,1644.0
2025-01-02 12:06:00,85.36,85.36,85.31,85.31,2767.0
2025-01-02 12:08:00,85.28,85.29,85.25,85.28,3003.0
2025-01-02 12:10:00,85.3,85.32,85.3,85.3,2012.0
2025-01-02 12:12:00,85.35,85.42,85.35,85.4,5644.0
2025-01-02 12:14:00,85.36,85.41,85.36,85.41,3726.0
2025-01-02 12:16:00,85.4,85.5,85.4,85.5,2081.0
2025-01-02 12:18:00,85.46,85.46,85.4,85.4,946.0
2025-01-02 12:20:00,85.46,85.46,85.44,85.44,1352.0
2025-01-02 12:24:00,85.39,85.4,85.34,85.34,774.0
2025-01-02 12:26:00,85.33,85.33,85.31,85.31,1320.0
2025-01-02 12:28:00,85.33,85.35,85.33,85.35,1127.0
2025-01-02 12:30:00,85.35,85.35,85.3,85.3,1801.0
2025-01-02 12:32:00,85.34,85.36,85.34,85.36,1289.0
2025-01-02 12:34:00,85.34,85.34,85.33,85.33,377.0
2025-01-02 12:36:00,85.34,85.34,85.34,85.34,225.0
2025-01-02 12:38:00,85.34,85.35,85.34,85.35,2228.0
2025-01-02 12:40:00,85.37,85.4,85.37,85.4,1050.0
2025-01-02 12:44:00,85.38,85.4,85.35,85.39,544.0
2025-01-02 12:46:00,85.3,85.3,85.29,85.29,2226.0
2025-01-02 12:48:00,85.29,85.36,85.29,85.36,2626.0
2025-01-02 12:50:00,85.32,85.35,85.32,85.35,2997.0
2025-01-02 12:52:00,85.35,85.35,85.28,85.28,2301.0
2025-01-02 12:54:00,85.36,85.36,85.36,85.36,153.0
2025-01-02 12:56:00,85.36,85.4,85.36,85.39,2144.0
2025-01-02 12:58:00,85.35,85.35,85.35,85.35,1301.0
2025-01-02 13:00:00,85.4,85.51,84.82,85.5,52735.0
2025-01-02 13:02:00,85.52,85.52,85.4509,85.4509,703.0
2025-01-02 13:04:00,85.5,85.5,85.48,85.49,1296.0
2025-01-02 13:06:00,85.49,85.4993,85.46,85.4993,2182.0
2025-01-02 13:08:00,85.4801,85.5,85.357,85.43,1841.0
2025-01-02 13:10:00,85.42,85.48,85.42,85.48,3267.0
2025-01-02 13:12:00,85.45,85.45,85.3736,85.3736,10129.0
2025-01-02 13:14:00,85.35,85.46,85.35,85.46,569.0
2025-01-02 13:16:00,85.44,85.48,85.3791,85.48,3532.0
2025-01-02 13:18:00,85.4,85.458,85.4,85.458,343.0
2025-01-02 13:20:00,85.43,85.44,85.36,85.44,2092.0
2025-01-02 13:22:00,85.39,85.39,85.35,85.37,2552.0
2025-01-02 13:24:00,85.39,85.39,85.38,85.38,3943.0
2025-01-02 13:26:00,85.3703,85.38,85.3703,85.38,3023.0
2025-01-02 13:28:00,85.3705,85.3705,85.3705,85.3705,4620.0
2025-01-02 13:30:00,85.47,85.5,85.35,85.5,27551.0
2025-01-02 13:32:00,85.47,85.47,85.45,85.45,3096.0
2025-01-02 13:34:00,85.47,85.4899,85.4001,85.4001,3590.0
2025-01-02 13:36:00,85.42,85.42,85.39,85.39,4195.0
2025-01-02 13:38:00,85.38,85.46,85.38,85.46,4283.0
2025-01-02 13:40:00,85.413,85.413,85.4,85.4,349.0
2025-01-02 13:42:00,85.4,85.41,85.4,85.41,1731.0
2025-01-02 13:44:00,85.4,85.4295,85.38,85.38,2032.0
2025-01-02 13:46:00,85.375,85.38,85.35,85.35,1737.0
2025-01-02 13:48:00,85.35,85.35,85.3,85.3,2722.0
2025-01-02 13:50:00,85.3,85.3,85.11,85.11,5674.0
2025-01-02 13:52:00,85.3,85.3,85.24,85.3,2107.0
2025-01-02 13:54:00,85.2412,85.27,85.2412,85.27,1035.0
2025-01-02 13:56:00,85.2466,85.27,85.2441,85.2441,1214.0
2025-01-02 14:00:00,85.26,85.3,85.05,85.05,6849.0
2025-01-02 14:02:00,85.05,85.0648,84.94,84.94,7882.0
2025-01-02 14:04:00,84.97,84.98,84.9501,84.97,6687.0
2025-01-02 14:06:00,85.1,85.1,85.0,85.0001,1980.0
2025-01-02 14:08:00,85.0,85.08,84.98,85.08,4429.0
2025-01-02 14:10:00,84.98,85.02,84.98,84.98,4415.0
2025-01-02 14:12:00,85.0,85.08,85.0,85.08,1786.0
2025-01-02 14:14:00,85.0365,85.1,85.0365,85.08,3079.0
2025-01-02 14:16:00,85.1882,85.1882,85.1882,85.1882,665.0
2025-01-02 14:18:00,85.14,85.19,85.14,85.15,1484.0
2025-01-02 14:20:00,85.1,85.14,85.1,85.1,2224.0
2025-01-02 14:22:00,85.09,85.09,84.97,84.97,6851.0
2025-01-02 14:24:00,84.98,85.05,84.97,85.01,7276.0
2025-01-02 14:26:00,85.05,85.09,84.9764,85.02,5920.0
2025-01-02 14:28:00,85.02,85.02,84.97,84.98,7358.0
2025-01-02 14:30:00,84.98,85.48,84.74,85.32,392949.0
2025-01-02 14:32:00,85.3,85.39,85.06,85.3025,133020.0
2025-01-02 14:34:00,85.308,85.42,84.88,84.98,232066.0
2025-01-02 14:36:00,85.0,85.33,84.96,85.2,264747.0
2025-01-02 14:38:00,85.195,85.24,84.8,84.8975,151816.0
2025-01-02 14:40:00,84.92,85.36,84.82,85.36,141381.0
2025-01-02 14:42:00,85.35,85.5132,85.2343,85.262736,148272.0
2025-01-02 14:44:00,85.28,85.77,85.28,85.693,198937.0
2025-01-02 14:46:00,85.68,86.0479,85.6284,85.9799,240676.0
2025-01-02 14:48:00,85.9727,86.08,85.87,86.06,137500.0
2025-01-02 14:50:00,86.07,86.25,86.001,86.06,125841.0
2025-01-02 14:52:00,86.065,86.38,86.065,86.37,174722.0
2025-01-02 14:54:00,86.3402,86.58,86.28,86.47,212060.0
2025-01-02 14:56:00,86.49,86.6,86.365,86.49,174615.0
2025-01-02 14:58:00,86.4678,86.52,86.34,86.4412,127297.0
2025-01-02 15:00:00,86.46,86.52,86.2,86.3417,268553.0
2025-01-02 15:02:00,86.35,86.5,86.34,86.43,150023.0
2025-01-02 15:04:00,86.42,86.57,86.38,86.4899,147460.0
2025-01-02 15:06:00,86.49,86.72,86.44,86.695,339390.0
2025-01-02 15:08:00,86.69,86.94,86.59,86.73,285895.0
2025-01-02 15:10:00,86.75,86.9,86.61,86.85,160101.0
2025-01-02 15:12:00,86.8409,87.04,86.82,87.03,197548.0
2025-01-02 15:14:00,87.03,87.04,86.84,87.03,233313.0
2025-01-02 15:16:00,87.03,87.27,86.9545,86.965,173236.0
2025-01-02 15:18:00,86.9601,87.02,86.57,86.58,125761.0
2025-01-02 15:20:00,86.59,86.66,86.2,86.3,161401.0
2025-01-02 15:22:00,86.31,86.389,86.165,86.3,86960.0
2025-01-02 15:24:00,86.29,86.3897,86.11,86.38,186685.0
2025-01-02 15:26:00,86.39,86.57,86.29,86.37,64017.0
2025-01-02 15:28:00,86.39,86.42,86.28,86.39,51861.0
2025-01-02 15:30:00,86.36,86.57,86.16,86.23,124284.0
2025-01-02 15:32:00,86.215,86.47,86.206,86.415,112212.0
2025-01-02 15:34:00,86.445,86.71,86.23,86.34,99629.0
2025-01-02 15:36:00,86.36,86.68,86.345,86.485,77528.0
2025-01-02 15:38:00,86.495,86.59,86.34,86.34,49996.0
2025-01-02 15:40:00,86.36,86.54,86.1801,86.21,84468.0
2025-01-02 15:42:00,86.227,86.4399,86.192,86.38,74476.0
2025-01-02 15:44:00,86.4221,86.5199,86.3063,86.51,95708.0
2025-01-02 15:46:00,86.5115,86.56,86.43,86.54,58653.0
2025-01-02 15:48:00,86.52,86.945,86.51,86.945,97328.0
2025-01-02 15:50:00,86.94,87.22,86.88,87.17,112720.0
2025-01-02 15:52:00,87.17,87.38,86.91,87.03,129009.0
2025-01-02 15:54:00,87.04,87.285,87.02,87.2,83089.0
2025-01-02 15:56:00,87.215,87.28,87.12,87.18,78144.0
2025-01-02 15:58:00,87.18,87.25,86.89,86.95,67602.0
2025-01-02 16:00:00,86.96,87.06,86.8101,86.9,49147.0
2025-01-02 16:02:00,86.88,86.99,86.73,86.77,66443.0
2025-01-02 16:04:00,86.79,86.88,86.61,86.81,75758.0
2025-01-02 16:06:00,86.81,86.985,86.7801,86.835,68685.0
2025-01-02 16:08:00,86.85,86.95,86.78,86.91,70617.0
2025-01-02 16:10:00,86.9,86.9,86.76,86.87,63471.0
2025-01-02 16:12:00,86.9,86.94,86.58,86.64,59135.0
2025-01-02 16:14:00,86.635,86.77,86.5108,86.56,61116.0
2025-01-02 16:16:00,86.57,86.64,86.52,86.61,57120.0
2025-01-02 16:18:00,86.6,86.7,86.53,86.675,92060.0
2025-01-02 16:20:00,86.675,86.75,86.46,86.52,60301.0
2025-01-02 16:22:00,86.52,86.62,86.465,86.62,74915.0
2025-01-02 16:24:00,86.62,86.85,86.61,86.6958,80846.0
2025-01-02 16:26:00,86.7,86.95,86.65,86.81,72968.0
2025-01-02 16:28:00,86.82,86.95,86.82,86.91,45282.0
2025-01-02 16:30:00,86.92,86.92,86.54,86.6399,58461.0
2025-01-02 16:32:00,86.6291,86.75,86.6,86.75,36491.0
2025-01-02 16:34:00,86.76,86.98,86.685,86.97,53986.0
2025-01-02 16:36:00,86.985,87.0,86.83,86.89,36422.0
2025-01-02 16:38:00,86.86,86.95,86.71,86.74,60538.0
2025-01-02 16:40:00,86.735,86.93,86.71,86.8092,65329.0
2025-01-02 16:42:00,86.83,86.92,86.76,86.84,36291.0
2025-01-02 16:44:00,86.82,86.83,86.71,86.8,61172.0
2025-01-02 16:46:00,86.78,86.942,86.75,86.942,43290.0
2025-01-02 16:48:00,86.94,87.13,86.94,87.1,69025.0
2025-01-02 16:50:00,87.08,87.13,87.03,87.11,60074.0
2025-01-02 16:52:00,87.115,87.12,86.9,86.96,44601.0
2025-01-02 16:54:00,86.95,86.955,86.7,86.84,64744.0
2025-01-02 16:56:00,86.8535,86.93,86.824,86.8401,41469.0
2025-01-02 16:58:00,86.85,86.86,86.69,86.73,76729.0
2025-01-02 17:00:00,86.73,86.8137,86.66,86.7676,38352.0
2025-01-02 17:02:00,86.75,86.8,86.5738,86.79,70326.0
2025-01-02 17:04:00,86.81,86.94,86.78,86.78,29335.0
2025-01-02 17:06:00,86.81,86.84,86.5801,86.6116,33455.0
2025-01-02 17:08:00,86.6,86.61,86.47,86.58,57251.0
2025-01-02 17:10:00,86.5816,86.71,86.5816,86.6524,53590.0
2025-01-02 17:12:00,86.65,86.83,86.65,86.81,36084.0
2025-01-02 17:14:00,86.79,86.81,86.71,86.77,39917.0
2025-01-02 17:16:00,86.785,86.81,86.69,86.7,37536.0
2025-01-02 17:18:00,86.7,86.73,86.55,86.63,26773.0
2025-01-02 17:20:00,86.62,86.64,86.38,86.54,38020.0
2025-01-02 17:22:00,86.54,86.57,86.38,86.4177,22296.0
2025-01-02 17:24:00,86.4,86.4,86.28,86.29,56779.0
2025-01-02 17:26:00,86.29,86.3016,86.07,86.12,80765.0
2025-01-02 17:28:00,86.12,86.15,85.81,85.825,119886.0
2025-01-02 17:30:00,85.82,85.83,85.65,85.7598,109122.0
2025-01-02 17:32:00,85.74,85.84,85.64,85.71,71054.0
2025-01-02 17:34:00,85.7,85.775,85.65,85.7,64119.0
2025-01-02 17:36:00,85.68,85.7174,85.55,85.585,94823.0
2025-01-02 17:38:00,85.61,85.77,85.5601,85.6901,65322.0
2025-01-02 17:40:00,85.7,85.88,85.63,85.85,102611.0
2025-01-02 17:42:00,85.8556,85.9399,85.72,85.91,77089.0
2025-01-02 17:44:00,85.942,85.97,85.83,85.9,39300.0
2025-01-02 17:46:00,85.9,85.93,85.75,85.78,44205.0
2025-01-02 17:48:00,85.78,85.78,85.48,85.48,63647.0
2025-01-02 17:50:00,85.495,85.9131,85.435,85.9016,54744.0
2025-01-02 17:52:00,85.9262,86.0647,85.92,86.049,71807.0
2025-01-02 17:54:00,86.055,86.145,85.96,85.985,50186.0
2025-01-02 17:56:00,86.005,86.2608,85.99,86.25,80539.0
2025-01-02 17:58:00,86.245,86.485,86.2325,86.375,218369.0
2025-01-02 18:00:00,86.375,86.3918,86.15,86.19,80863.0
2025-01-02 18:02:00,86.1701,86.22,86.005,86.055,84470.0
2025-01-02 18:04:00,86.055,86.0899,85.885,86.06,68069.0
2025-01-02 18:06:00,86.05,86.373,86.05,86.3501,56795.0
2025-01-02 18:08:00,86.37,86.4689,86.34,86.415,41081.0
2025-01-02 18:10:00,86.4,86.415,86.155,86.155,57239.0
2025-01-02 18:12:00,86.16,86.19,86.07,86.11,32923.0
2025-01-02 18:14:00,86.11,86.23,86.05,86.12,47897.0
2025-01-02 18:16:00,86.12,86.2,86.07,86.07,24789.0
2025-01-02 18:18:00,86.08,86.21,86.0,86.05,34211.0
2025-01-02 18:20:00,86.07,86.311,86.04,86.12,48849.0
2025-01-02 18:22:00,86.105,86.24,86.05,86.16,33436.0
2025-01-02 18:24:00,86.13,86.19,86.1,86.19,20166.0
2025-01-02 18:26:00,86.19,86.19,86.05,86.16,42402.0
2025-01-02 18:28:00,86.16,86.205,86.08,86.188,20243.0
2025-01-02 18:30:00,86.13,86.13,85.93,85.96,68062.0
2025-01-02 18:32:00,85.945,86.04,85.9,86.01,30092.0
2025-01-02 18:34:00,85.99,86.14,85.94,86.13,61479.0
2025-01-02 18:36:00,86.125,86.39,86.125,86.29,78071.0
2025-01-02 18:38:00,86.28,86.305,86.13,86.17,30456.0
2025-01-02 18:40:00,86.15,86.15,86.05,86.0943,16024.0
2025-01-02 18:42:00,86.085,86.33,86.04,86.28,67289.0
2025-01-02 18:44:00,86.27,86.44,86.27,86.365,45614.0
2025-01-02 18:46:00,86.38,86.42,86.31,86.34,35866.0
2025-01-02 18:48:00,86.36,86.37,86.13,86.21,40116.0
2025-01-02 18:50:00,86.22,86.22,86.065,86.1,56622.0
2025-01-02 18:52:00,86.1,86.1487,86.05,86.1,62685.0
2025-01-02 18:54:00,86.06,86.1,85.94,86.09,102427.0
2025-01-02 18:56:00,86.08,86.18,86.075,86.165,44452.0
2025-01-02 18:58:00,86.17,86.3,86.1536,86.26,43188.0
2025-01-02 19:00:00,86.26,86.32,86.19,86.19,27760.0
2025-01-02 19:02:00,86.2,86.3929,86.15,86.275,25504.0
2025-01-02 19:04:00,86.28,86.41,86.28,86.335,19634.0
2025-01-02 19:06:00,86.31,86.476,86.3038,86.3448,44856.0
2025-01-02 19:08:00,86.36,86.4608,86.3348,86.41,64391.0
2025-01-02 19:10:00,86.43,86.62,86.375,86.535,78973.0
2025-01-02 19:12:00,86.535,86.6,86.45,86.505,61904.0
2025-01-02 19:14:00,86.505,86.6075,86.5,86.54,40879.0
2025-01-02 19:16:00,86.52,86.6,86.42,86.54,19511.0
2025-01-02 19:18:00,86.5661,86.715,86.55,86.64,60801.0
2025-01-02 19:20:00,86.65,86.6899,86.58,86.58,26789.0
2025-01-02 19:22:00,86.6,86.7199,86.53,86.66,37538.0
2025-01-02 19:24:00,86.665,86.73,86.615,86.615,64207.0
2025-01-02 19:26:00,86.6,86.75,86.5675,86.725,33186.0
2025-01-02 19:28:00,86.715,86.78,86.715,86.77,54322.0
2025-01-02 19:30:00,86.755,86.76,86.54,86.68,35743.0
2025-01-02 19:32:00,86.665,86.75,86.65,86.69,26933.0
2025-01-02 19:34:00,86.705,86.755,86.53,86.54,74553.0
2025-01-02 19:36:00,86.51,86.66,86.5,86.64,46695.0
2025-01-02 19:38:00,86.64,86.72,86.63,86.7,25215.0
2025-01-02 19:40:00,86.69,86.805,86.68,86.72,50596.0
2025-01-02 19:42:00,86.725,86.8,86.69,86.7,26911.0
2025-01-02 19:44:00,86.68,86.715,86.64,86.685,35071.0
2025-01-02 19:46:00,86.685,86.7799,86.59,86.76,84517.0
2025-01-02 19:48:00,86.755,86.92,86.75,86.85,83982.0
2025-01-02 19:50:00,86.85,86.99,86.83,86.975,68161.0
2025-01-02 19:52:00,86.9831,87.0399,86.9,86.94,61249.0
2025-01-02 19:54:00,86.945,86.98,86.7801,86.82,53381.0
2025-01-02 19:56:00,86.82,86.85,86.67,86.695,42375.0
2025-01-02 19:58:00,86.695,86.73,86.59,86.62,76954.0
2025-01-02 20:00:00,86.62,86.83,86.62,86.75,58361.0
2025-01-02 20:02:00,86.78,86.914,86.77,86.8939,40444.0
2025-01-02 20:04:00,86.87,87.03,86.85,86.875,69158.0
2025-01-02 20:06:00,86.88,87.01,86.8796,86.9516,65387.0
2025-01-02 20:08:00,86.97,87.11,86.923,87.07,69719.0
2025-01-02 20:10:00,87.075,87.16,87.041,87.12,31203.0
2025-01-02 20:12:00,87.1,87.43,87.1,87.35,109665.0
2025-01-02 20:14:00,87.345,87.355,87.18,87.27,59703.0
2025-01-02 20:16:00,87.265,87.29,87.205,87.26,63168.0
2025-01-02 20:18:00,87.25,87.3834,87.25,87.38,66657.0
2025-01-02 20:20:00,87.4,87.44,87.28,87.36,137445.0
2025-01-02 20:22:00,87.36,87.42,87.313,87.4171,95028.0
2025-01-02 20:24:00,87.42,87.44,87.37,87.39,99643.0
2025-01-02 20:26:00,87.39,87.49,87.38,87.44,109389.0
2025-01-02 20:28:00,87.44,87.55,87.44,87.49,125203.0
2025-01-02 20:30:00,87.51,87.6,87.3956,87.58,108510.0
2025-01-02 20:32:00,87.6,87.61,87.34,87.39,80981.0
2025-01-02 20:34:00,87.37,87.41,87.28,87.285,59538.0
2025-01-02 20:36:00,87.2844,87.39,87.26,87.37,98111.0
2025-01-02 20:38:00,87.35,87.37,87.17,87.2,59719.0
2025-01-02 20:40:00,87.21,87.35,87.17,87.325,50708.0
2025-01-02 20:42:00,87.34,87.36,87.21,87.26,45012.0
2025-01-02 20:44:00,87.26,87.32,87.168,87.27,55511.0
2025-01-02 20:46:00,87.27,87.42,87.265,87.41,104306.0
2025-01-02 20:48:00,87.4,87.49,87.38,87.43,78950.0
2025-01-02 20:50:00,87.44,87.62,87.41,87.51,199206.0
2025-01-02 20:52:00,87.5,87.64,87.47,87.61,123608.0
2025-01-02 20:54:00,87.62,87.65,87.215,87.4102,225008.0
2025-01-02 20:56:00,87.42,87.44,87.28,87.31,164846.0
2025-01-02 20:58:00,87.3,87.355,87.17,87.33,352216.0
2025-01-02 21:00:00,87.33,87.6596,87.33,87.55,77979.0
2025-01-02 21:02:00,87.6454,87.65,87.57,87.6468,2441.0
2025-01-02 21:04:00,87.59,87.59,87.52,87.52,1365.0
2025-01-02 21:06:00,87.52,87.52,87.33,87.5,1660.0
2025-01-02 21:08:00,87.39,87.39,87.39,87.39,290.0
2025-01-02 21:10:00,87.45,87.5,87.45,87.5,657.0
2025-01-02 21:12:00,87.45,87.45,87.4,87.4,490.0
2025-01-02 21:14:00,87.4,87.48,87.4,87.47,950.0
2025-01-02 21:18:00,87.45,87.52,87.45,87.49,5093.0
2025-01-02 21:20:00,87.51,87.51,87.51,87.51,459.0
2025-01-02 21:22:00,87.52,87.52,87.49,87.49,824.0
2025-01-02 21:24:00,87.4,87.42,87.4,87.41,624.0
2025-01-02 21:26:00,87.45,87.45,87.45,87.45,383.0
2025-01-02 21:28:00,87.5,87.5,87.5,87.5,1216.0
2025-01-02 21:30:00,87.5099,87.5099,87.5099,87.5099,167.0
2025-01-02 21:32:00,87.45,87.45,87.45,87.45,503.0
2025-01-02 21:34:00,87.45,87.4999,87.44,87.4999,2393.0
2025-01-02 21:36:00,87.4987,87.4987,87.4987,87.4987,880.0
2025-01-02 21:40:00,87.49,87.49,87.45,87.45,487.0
2025-01-02 21:42:00,87.38,87.38,87.38,87.38,1485.0
2025-01-02 21:44:00,87.4,87.4,87.4,87.4,150.0
2025-01-02 21:46:00,87.45,87.49,87.45,87.49,1988.0
2025-01-02 21:48:00,87.4796,87.4796,87.4796,87.4796,503.0
2025-01-02 21:52:00,87.33,87.33,87.33,87.33,208.0
2025-01-02 21:56:00,87.44,87.44,87.44,87.44,609.0
2025-01-02 21:58:00,87.4345,87.4345,87.4345,87.4345,147.0
2025-01-02 22:00:00,87.4,87.4,87.4,87.4,785.0
2025-01-02 22:02:00,87.38,87.38,87.38,87.38,273.0
2025-01-02 22:04:00,87.4,87.4,87.36,87.4,1490.0
2025-01-02 22:08:00,87.3601,87.3799,87.3601,87.37,847.0
2025-01-02 22:10:00,87.35,87.35,87.33,87.35,1890.0
2025-01-02 22:16:00,87.3,87.3,87.3,87.3,230.0
2025-01-02 22:18:00,87.3,87.3,87.3,87.3,739.0
2025-01-02 22:20:00,87.3,87.3,87.25,87.25,962.0
2025-01-02 22:22:00,87.2502,87.35,87.2502,87.35,1723.0
2025-01-02 22:28:00,87.254,87.3,87.254,87.3,710.0
2025-01-02 22:32:00,87.33,87.33,87.33,87.33,311.0
2025-01-02 22:36:00,87.34,87.34,87.34,87.34,100.0
2025-01-02 22:40:00,87.3,87.3,87.3,87.3,364.0
2025-01-02 22:42:00,87.36,87.36,87.36,87.36,219.0
2025-01-02 22:46:00,87.28,87.28,87.28,87.28,473.0
2025-01-02 22:50:00,87.2505,87.28,87.2505,87.28,830.0
2025-01-02 22:52:00,87.28,87.28,87.2504,87.2504,869.0
2025-01-02 22:56:00,87.26,87.26,87.21,87.21,2516.0
2025-01-02 22:58:00,87.21,87.21,87.21,87.21,288.0
2025-01-02 23:00:00,87.21,87.21,87.18,87.18,637.0
2025-01-02 23:02:00,87.18,87.18,87.16,87.18,1846.0
2025-01-02 23:06:00,87.21,87.21,87.1781,87.21,4995.0
2025-01-02 23:10:00,87.3335,87.3335,87.3335,87.3335,257.0
2025-01-02 23:14:00,87.22,87.22,87.22,87.22,262.0
2025-01-02 23:16:00,87.25,87.25,87.25,87.25,136.0
2025-01-02 23:18:00,87.3536,87.3536,87.3536,87.3536,204.0
2025-01-02 23:20:00,87.34,87.34,87.34,87.34,220.0
2025-01-02 23:22:00,87.33,87.33,87.24,87.24,1240.0
2025-01-02 23:24:00,87.36,87.36,87.36,87.36,116.0
2025-01-02 23:32:00,87.3,87.3544,87.3,87.3544,361.0
2025-01-02 23:34:00,87.3,87.3,87.22,87.29,701.0
2025-01-02 23:36:00,87.26,87.26,87.22,87.23,1784.0
2025-01-02 23:38:00,87.22,87.22,87.22,87.22,290.0
2025-01-02 23:42:00,87.3251,87.3251,87.2246,87.2246,1039.0
2025-01-02 23:44:00,87.2992,87.2992,87.2992,87.2992,500.0
2025-01-02 23:48:00,87.29,87.35,87.29,87.35,9287.0
2025-01-02 23:50:00,87.35,87.3599,87.35,87.3599,1547.0
2025-01-02 23:52:00,87.35,87.35,87.35,87.35,216.0
2025-01-02 23:54:00,87.36,87.37,87.35,87.37,1668.0
2025-01-02 23:58:00,87.3866,87.3866,87.35,87.35,1310.0
2025-01-03 00:00:00,87.39,87.45,87.39,87.45,3229.0
2025-01-03 00:02:00,87.44,87.44,87.44,87.44,106.0
2025-01-03 00:04:00,87.45,87.45,87.45,87.45,196.0
2025-01-03 00:06:00,87.5,87.51,87.5,87.51,770.0
2025-01-03 00:08:00,87.52,87.52,87.52,87.52,818.0
2025-01-03 00:10:00,87.56,87.563,87.56,87.563,517.0
2025-01-03 00:14:00,87.51,87.51,87.51,87.51,100.0
2025-01-03 00:16:00,87.4899,87.4899,87.4899,87.4899,200.0
2025-01-03 00:18:00,87.4893,87.4893,87.45,87.45,1032.0
2025-01-03 00:20:00,87.45,87.45,87.45,87.45,263.0
2025-01-03 00:24:00,87.49,87.6,87.49,87.55,4097.0
2025-01-03 00:26:00,87.61,87.69,87.6,87.69,1629.0
2025-01-03 00:28:00,87.78,87.78,87.78,87.78,472.0
2025-01-03 00:30:00,87.766,87.77,87.766,87.77,599.0
2025-01-03 00:34:00,87.789,88.0,87.789,87.79,2837.0
2025-01-03 00:36:00,87.8799,87.88,87.78,87.88,5296.0
2025-01-03 00:38:00,87.78,87.88,87.78,87.88,216.0
2025-01-03 00:44:00,87.7004,87.75,87.7004,87.75,2936.0
2025-01-03 00:46:00,87.7,87.7,87.7,87.7,334.0
2025-01-03 00:50:00,87.65,87.8,87.65,87.7499,1424.0
2025-01-03 00:52:00,87.7293,87.7293,87.72,87.72,861.0
2025-01-03 00:54:00,87.6898,87.6898,87.68,87.68,610.0
2025-01-03 00:56:00,87.65,87.65,87.65,87.65,714.0
2025-01-03 00:58:00,87.6053,87.62,87.6,87.62,1858.0
2025-01-03 09:00:00,87.86,87.86,87.75,87.75,744.0
2025-01-03 09:04:00,87.83,87.97,87.83,87.97,835.0
2025-01-03 09:06:00,88.0,88.09,88.0,88.0,943.0
2025-01-03 09:10:00,88.15,88.19,88.15,88.19,1309.0
2025-01-03 09:12:00,88.24,88.24,88.18,88.18,1117.0
2025-01-03 09:16:00,88.24,88.39,88.24,88.39,2148.0
2025-01-03 09:18:00,88.38,88.38,88.38,88.38,258.0
2025-01-03 09:22:00,88.39,88.39,88.39,88.39,1308.0
2025-01-03 09:24:00,88.41,88.5,88.41,88.5,969.0
2025-01-03 09:26:00,88.45,88.45,88.45,88.45,636.0
2025-01-03 09:32:00,88.28,88.28,88.14,88.14,1142.0
2025-01-03 09:34:00,88.11,88.24,88.11,88.24,719.0
2025-01-03 09:36:00,88.23,88.23,88.23,88.23,151.0
2025-01-03 09:40:00,88.2,88.2,88.06,88.06,2225.0
2025-01-03 09:58:00,88.13,88.13,88.09,88.09,630.0
2025-01-03 10:00:00,88.08,88.08,88.01,88.01,1003.0
2025-01-03 10:02:00,88.01,88.01,88.0,88.0,1839.0
2025-01-03 10:04:00,87.93,87.95,87.93,87.95,825.0
2025-01-03 10:08:00,87.95,87.99,87.95,87.99,1855.0
2025-01-03 10:16:00,87.93,87.93,87.9,87.9,936.0
2025-01-03 10:26:00,87.78,87.78,87.78,87.78,334.0
2025-01-03 10:32:00,87.78,87.78,87.78,87.78,200.0
2025-01-03 10:34:00,87.76,87.76,87.71,87.71,312.0
2025-01-03 10:36:00,87.68,87.72,87.67,87.72,3461.0
2025-01-03 10:42:00,87.8,87.8,87.8,87.8,730.0
2025-01-03 10:52:00,87.79,87.79,87.79,87.79,243.0
2025-01-03 10:58:00,87.78,87.78,87.78,87.78,202.0
2025-01-03 11:06:00,87.79,87.79,87.79,87.79,292.0
2025-01-03 11:16:00,87.8,87.8,87.8,87.8,158.0
2025-01-03 11:52:00,88.01,88.02,88.01,88.02,842.0
2025-01-03 12:00:00,87.91,87.94,87.9,87.94,4010.0
2025-01-03 12:02:00,87.95,87.95,87.94,87.94,1083.0
2025-01-03 12:04:00,87.81,87.81,87.81,87.81,314.0
2025-01-03 12:06:00,87.84,87.9,87.81,87.81,920.0
2025-01-03 12:08:00,87.85,87.85,87.81,87.81,576.0
2025-01-03 12:12:00,87.84,87.88,87.84,87.87,1337.0
2025-01-03 12:16:00,87.79,87.79,87.72,87.72,2758.0
2025-01-03 12:18:00,87.66,87.75,87.66,87.75,777.0
2025-01-03 12:24:00,87.7,87.7,87.7,87.7,770.0
2025-01-03 12:26:00,87.7,87.7,87.7,87.7,102.0
2025-01-03 12:28:00,87.74,87.76,87.74,87.76,974.0
2025-01-03 12:30:00,87.76,87.76,87.73,87.73,290.0
2025-01-03 12:36:00,87.68,87.7,87.67,87.7,869.0
2025-01-03 12:42:00,87.71,87.71,87.71,87.71,1058.0
2025-01-03 12:44:00,87.681,87.69,87.681,87.681,1055.0
2025-01-03 12:46:00,87.7,87.7,87.7,87.7,250.0
2025-01-03 12:48:00,87.7,87.7,87.7,87.7,1868.0
2025-01-03 13:00:00,88.0,88.2943,87.6501,87.75,18643.0
2025-01-03 13:02:00,87.7767,87.98,87.7767,87.9,2528.0
2025-01-03 13:06:00,87.9963,87.9963,87.84,87.84,878.0
2025-01-03 13:10:00,87.92,87.9997,87.92,87.9997,5233.0
2025-01-03 13:12:00,87.9214,87.9214,87.75,87.75,4773.0
2025-01-03 13:14:00,87.82,87.9199,87.8,87.9199,3554.0
2025-01-03 13:16:00,87.85,87.8999,87.81,87.81,3547.0
2025-01-03 13:18:00,87.85,87.85,87.8,87.85,4790.0
2025-01-03 13:22:00,87.82,87.9,87.82,87.9,208.0
2025-01-03 13:24:00,87.9,87.9,87.9,87.9,200.0
2025-01-03 13:30:00,87.75,87.75,87.75,87.75,278.0
2025-01-03 13:32:00,87.9,87.9,87.9,87.9,867.0
2025-01-03 13:34:00,87.97,87.97,87.91,87.91,401.0
2025-01-03 13:36:00,87.9,87.9,87.9,87.9,681.0
2025-01-03 13:38:00,87.83,87.865,87.83,87.83,5669.0
2025-01-03 13:40:00,87.8,87.83,87.8,87.83,3241.0
2025-01-03 13:44:00,87.9,87.9,87.85,87.85,720.0
2025-01-03 13:46:00,87.88,87.895,87.87,87.87,2822.0
2025-01-03 13:48:00,87.87,87.88,87.85,87.88,2082.0
2025-01-03 13:50:00,87.89,87.9,87.82,87.83,7767.0
2025-01-03 13:52:00,87.83,87.85,87.78,87.78,3368.0
2025-01-03 13:54:00,87.82,87.85,87.78,87.85,1234.0
2025-01-03 13:56:00,87.8,87.82,87.8,87.82,1112.0
2025-01-03 13:58:00,87.78,87.805,87.78,87.805,2111.0
2025-01-03 14:00:00,87.82,87.94,87.82,87.94,1301.0
2025-01-03 14:02:00,87.9,87.9,87.9,87.9,714.0
2025-01-03 14:04:00,87.9485,87.95,87.94,87.94,3809.0
2025-01-03 14:06:00,87.95,87.95,87.94,87.94,2411.0
2025-01-03 14:08:00,88.0,88.01,87.9801,88.01,4317.0
2025-01-03 14:10:00,88.015,88.015,88.0,88.0,1718.0
2025-01-03 14:12:00,88.06,88.07,88.03,88.03,1772.0
2025-01-03 14:14:00,88.0001,88.1,88.0001,88.1,4729.0
2025-01-03 14:16:00,88.12,88.29,88.12,88.26,9987.0
2025-01-03 14:18:00,88.2,88.2,88.1,88.1,4336.0
2025-01-03 14:20:00,88.1999,88.2,88.14,88.2,2233.0
2025-01-03 14:22:00,88.2499,88.3,88.21,88.3,2793.0
2025-01-03 14:24:00,88.3,88.3,88.26,88.26,2776.0
2025-01-03 14:26:00,88.21,88.21,87.98,88.0593,5588.0
2025-01-03 14:28:00,87.86,87.95,87.81,87.86,9139.0
2025-01-03 14:30:00,87.95,88.35,87.51,87.88,416637.0
2025-01-03 14:32:00,87.92,88.2887,87.69,88.255,121816.0
2025-01-03 14:34:00,88.2682,88.42,88.11,88.3563,160822.0
2025-01-03 14:36:00,88.39,88.65,88.3,88.43,193402.0
2025-01-03 14:38:00,88.45,88.59,88.29,88.5532,141347.0
2025-01-03 14:40:00,88.5524,88.64,88.17,88.21,180254.0
2025-01-03 14:42:00,88.18,88.21,88.0403,88.17,112712.0
2025-01-03 14:44:00,88.1845,88.55,88.1203,88.43,201587.0
2025-01-03 14:46:00,88.45,88.45,88.03,88.11,100047.0
2025-01-03 14:48:00,88.085,88.18,87.92,88.11,113644.0
2025-01-03 14:50:00,88.118,88.35,87.9,87.94,148691.0
2025-01-03 14:52:00,87.92,88.22,87.91,88.205,141029.0
2025-01-03 14:54:00,88.22,88.485,88.15,88.48,131569.0
2025-01-03 14:56:00,88.48,88.6,88.329,88.5862,126934.0
2025-01-03 14:58:00,88.57,88.8,88.57,88.6799,104805.0
2025-01-03 15:00:00,88.68,88.83,88.52,88.565,148923.0
2025-01-03 15:02:00,88.55,88.65,88.44,88.59,186596.0
2025-01-03 15:04:00,88.585,88.95,88.585,88.62,170926.0
2025-01-03 15:06:00,88.61,88.8799,88.52,88.625,107293.0
2025-01-03 15:08:00,88.6438,88.73,88.4,88.5965,102037.0
2025-01-03 15:10:00,88.66,88.99,88.66,88.82,177919.0
2025-01-03 15:12:00,88.82,88.825,88.47,88.685,90314.0
2025-01-03 15:14:00,88.68,88.84,88.6409,88.67,83927.0
2025-01-03 15:16:00,88.695,88.8,88.26,88.3803,146362.0
2025-01-03 15:18:00,88.39,88.5,88.3775,88.4142,50672.0
2025-01-03 15:20:00,88.445,88.49,88.11,88.19,113164.0
2025-01-03 15:22:00,88.195,88.44,88.17,88.36,116462.0
2025-01-03 15:24:00,88.39,88.635,88.31,88.635,62655.0
2025-01-03 15:26:00,88.635,88.7977,88.58,88.6316,91770.0
2025-01-03 15:28:00,88.6122,88.93,88.6,88.9,93737.0
2025-01-03 15:30:00,88.9,88.9,88.6,88.64,88249.0
2025-01-03 15:32:00,88.645,88.78,88.51,88.76,84613.0
2025-01-03 15:34:00,88.7712,88.94,88.73,88.94,67108.0
2025-01-03 15:36:00,88.932,89.14,88.932,89.0399,215461.0
2025-01-03 15:38:00,89.04,89.06,88.67,88.8129,95967.0
2025-01-03 15:40:00,88.84,88.9299,88.78,88.88,63122.0
2025-01-03 15:42:00,88.8999,89.07,88.88,88.92,64438.0
2025-01-03 15:44:00,88.92,89.01,88.76,88.9,53521.0
2025-01-03 15:46:00,88.9,88.91,88.64,88.72,82741.0
2025-01-03 15:48:00,88.72,88.75,88.58,88.58,53114.0
2025-01-03 15:50:00,88.6,88.7029,88.57,88.578,85026.0
2025-01-03 15:52:00,88.57,88.7,88.53,88.61,40337.0
2025-01-03 15:54:00,88.5901,88.62,88.4588,88.53,55131.0
2025-01-03 15:56:00,88.54,88.65,88.46,88.5,45869.0
2025-01-03 15:58:00,88.49,88.61,88.41,88.52,57330.0
2025-01-03 16:00:00,88.5,88.5725,88.434,88.52,48397.0
2025-01-03 16:02:00,88.52,88.71,88.4089,88.655,62783.0
2025-01-03 16:04:00,88.7,88.84,88.69,88.73,67178.0
2025-01-03 16:06:00,88.725,88.8353,88.68,88.68,51603.0
2025-01-03 16:08:00,88.6571,88.73,88.45,88.485,36580.0
2025-01-03 16:10:00,88.51,88.53,88.325,88.37,69958.0
2025-01-03 16:12:00,88.37,88.46,88.35,88.42,59478.0
2025-01-03 16:14:00,88.4238,88.5838,88.35,88.44,39626.0
2025-01-03 16:16:00,88.46,88.525,88.44,88.45,26187.0
2025-01-03 16:18:00,88.43,88.49,88.37,88.49,40223.0
2025-01-03 16:20:00,88.5,88.5599,88.4,88.485,39576.0
2025-01-03 16:22:00,88.53,88.54,88.3,88.4038,42335.0
2025-01-03 16:24:00,88.41,88.57,88.35,88.5561,49909.0
2025-01-03 16:26:00,88.54,88.585,88.41,88.468,64651.0
2025-01-03 16:28:00,88.48,88.58,88.44,88.56,33780.0
2025-01-03 16:30:00,88.595,88.66,88.47,88.55,58838.0
2025-01-03 16:32:00,88.57,88.6199,88.47,88.54,50182.0
2025-01-03 16:34:00,88.55,88.61,88.48,88.595,26781.0
2025-01-03 16:36:00,88.58,88.7,88.57,88.624721,48462.0
2025-01-03 16:38:00,88.62,88.68,88.54,88.57,41559.0
2025-01-03 16:40:00,88.58,88.67,88.55,88.67,33930.0
2025-01-03 16:42:00,88.68,88.77,88.67,88.72,50931.0
2025-01-03 16:44:00,88.73,88.75,88.68,88.725,48635.0
2025-01-03 16:46:00,88.72,88.84,88.65,88.81,89766.0
2025-01-03 16:48:00,88.81,88.96,88.8,88.96,62970.0
2025-01-03 16:50:00,88.96,89.03,88.8948,88.8948,111196.0
2025-01-03 16:52:00,88.9,88.9799,88.87,88.9655,35932.0
2025-01-03 16:54:00,88.94,89.03,88.91,88.925,36178.0
2025-01-03 16:56:00,88.93,88.97,88.86,88.94,44487.0
2025-01-03 16:58:00,88.92,88.96,88.89,88.91,30745.0
2025-01-03 17:00:00,88.92,88.9788,88.9,88.9135,50750.0
2025-01-03 17:02:00,88.93,89.14,88.93,89.11,115838.0
2025-01-03 17:04:00,89.1124,89.1362,89.06,89.115,37650.0
2025-01-03 17:06:00,89.12,89.25,89.12,89.22,56292.0
2025-01-03 17:08:00,89.2124,89.2699,89.18,89.19,90880.0
2025-01-03 17:10:00,89.19,89.255,89.17,89.2062,45372.0
2025-01-03 17:12:00,89.18,89.205,89.1431,89.195,29678.0
2025-01-03 17:14:00,89.19,89.295,89.1325,89.24,52408.0
2025-01-03 17:16:00,89.25,89.33,89.25,89.305,61818.0
2025-01-03 17:18:00,89.305,89.32,89.2,89.21,32599.0
2025-01-03 17:20:00,89.22,89.25,89.1245,89.1694,34445.0
2025-01-03 17:22:00,89.15,89.21,89.13,89.2,31119.0
2025-01-03 17:24:00,89.2,89.29,89.185,89.27,43111.0
2025-01-03 17:26:00,89.2601,89.29,89.14,89.14,30012.0
2025-01-03 17:28:00,89.14,89.18,89.045,89.05,42135.0
2025-01-03 17:30:00,89.06,89.09,88.99,89.075,35826.0
2025-01-03 17:32:00,89.075,89.25,89.05,89.2197,59429.0
2025-01-03 17:34:00,89.2034,89.26,89.18,89.22,20787.0
2025-01-03 17:36:00,89.225,89.225,89.14,89.16,18877.0
2025-01-03 17:38:00,89.158,89.22,89.12,89.19,20312.0
2025-01-03 17:40:00,89.2,89.3,89.19,89.26,47581.0
2025-01-03 17:42:00,89.255,89.2986,89.245,89.25,14830.0
2025-01-03 17:44:00,89.2589,89.275,89.08,89.09,17951.0
2025-01-03 17:46:00,89.11,89.19,89.08,89.18,34426.0
2025-01-03 17:48:00,89.18,89.27,89.18,89.26,29180.0
2025-01-03 17:50:00,89.25,89.27,89.19,89.195,26004.0
2025-01-03 17:52:00,89.1862,89.23,89.14,89.216,26729.0
2025-01-03 17:54:00,89.24,89.2592,89.1622,89.188,22044.0
2025-01-03 17:56:00,89.19,89.2,89.1621,89.19,40815.0
2025-01-03 17:58:00,89.1997,89.21,89.179,89.21,34408.0
2025-01-03 18:00:00,89.2,89.23,89.13,89.15,42489.0
2025-01-03 18:02:00,89.155,89.2468,89.15,89.2345,28332.0
2025-01-03 18:04:00,89.24,89.3,89.16,89.285,33259.0
2025-01-03 18:06:00,89.28,89.32,89.25,89.3,36067.0
2025-01-03 18:08:00,89.305,89.42,89.305,89.3289,57991.0
2025-01-03 18:10:00,89.33,89.37,89.265,89.27,31946.0
2025-01-03 18:12:00,89.28,89.32,89.2623,89.28,20795.0
2025-01-03 18:14:00,89.2999,89.3,89.24,89.24,25263.0
2025-01-03 18:16:00,89.24,89.27,89.18,89.2099,25463.0
2025-01-03 18:18:00,89.2,89.23,89.16,89.2,23257.0
2025-01-03 18:20:00,89.2,89.3072,89.2,89.29,23870.0
2025-01-03 18:22:00,89.3,89.31,89.25,89.3,33147.0
2025-01-03 18:24:00,89.2865,89.2999,89.245,89.2999,18934.0
2025-01-03 18:26:00,89.28,89.355,89.28,89.31,25322.0
2025-01-03 18:28:00,89.3158,89.37,89.26,89.36,32858.0
2025-01-03 18:30:00,89.36,89.39,89.3,89.36,26903.0
2025-01-03 18:32:00,89.36,89.4,89.2301,89.25,37039.0
2025-01-03 18:34:00,89.25,89.37,89.24,89.36,36440.0
2025-01-03 18:36:00,89.37,89.49,89.3601,89.46,59315.0
2025-01-03 18:38:00,89.464,89.52,89.4,89.48,215834.0
2025-01-03 18:40:00,89.485,89.49,89.4,89.4838,37604.0
2025-01-03 18:42:00,89.485,89.5,89.365,89.365,30043.0
2025-01-03 18:44:00,89.34,89.3795,89.263,89.28,47340.0
2025-01-03 18:46:00,89.28,89.4,89.265,89.2901,55764.0
2025-01-03 18:48:00,89.3,89.3471,89.292,89.305,39236.0
2025-01-03 18:50:00,89.3099,89.35,89.273,89.2995,25309.0
2025-01-03 18:52:00,89.285,89.35,89.24,89.32,35027.0
2025-01-03 18:54:00,89.3289,89.46,89.305,89.46,33369.0
2025-01-03 18:56:00,89.452,89.515,89.42,89.5,38580.0
2025-01-03 18:58:00,89.5079,89.53,89.41,89.45,62657.0
2025-01-03 19:00:00,89.45,89.5,89.37,89.45,45116.0
2025-01-03 19:02:00,89.45,89.482,89.38,89.38,59145.0
2025-01-03 19:04:00,89.36,89.6,89.36,89.575,85209.0
2025-01-03 19:06:00,89.575,89.63,89.53,89.6,56953.0
2025-01-03 19:08:00,89.6079,89.67,89.6079,89.64,99142.0
2025-01-03 19:10:00,89.64,89.68,89.62,89.67,43610.0
2025-01-03 19:12:00,89.67,89.88,89.64,89.87,128954.0
2025-01-03 19:14:00,89.86,89.87,89.73,89.7608,69932.0
2025-01-03 19:16:00,89.76,89.7675,89.7,89.73,27429.0
2025-01-03 19:18:00,89.72,89.78,89.7,89.755,56911.0
2025-01-03 19:20:00,89.77,89.89,89.75,89.88,55422.0
2025-01-03 19:22:00,89.885,89.8974,89.79,89.8281,66821.0
2025-01-03 19:24:00,89.83,89.85,89.76,89.85,47520.0
2025-01-03 19:26:00,89.86,89.925,89.73,89.73,195216.0
2025-01-03 19:28:00,89.733,89.797,89.685,89.71,39939.0
2025-01-03 19:30:00,89.72,89.755,89.67,89.7,49309.0
2025-01-03 19:32:00,89.71,89.76,89.7,89.75,71250.0
2025-01-03 19:34:00,89.74,89.7652,89.64,89.747,44612.0
2025-01-03 19:36:00,89.75,89.91,89.75,89.88,38039.0
2025-01-03 19:38:00,89.89,89.93,89.85,89.88,44587.0
2025-01-03 19:40:00,89.8856,90.02,89.86,89.9509,199885.0
2025-01-03 19:42:00,89.96,89.96,89.87,89.87,37941.0
2025-01-03 19:44:00,89.88,89.88,89.82,89.87,29889.0
2025-01-03 19:46:00,89.875,89.95,89.875,89.9,59070.0
2025-01-03 19:48:00,89.91,89.98,89.88,89.88,35301.0
2025-01-03 19:50:00,89.875,89.885,89.75,89.75,46411.0
2025-01-03 19:52:00,89.75,89.77,89.7,89.72,63970.0
2025-01-03 19:54:00,89.72,89.82,89.72,89.76,62634.0
2025-01-03 19:56:00,89.79,89.8399,89.755,89.78,37778.0
2025-01-03 19:58:00,89.76,89.79,89.74,89.75,34502.0
2025-01-03 20:00:00,89.75,89.755,89.68,89.7,73984.0
2025-01-03 20:02:00,89.7,89.79,89.695,89.7377,42034.0
2025-01-03 20:04:00,89.71,89.75,89.675,89.69,49301.0
2025-01-03 20:06:00,89.69,89.7769,89.68,89.75,45400.0
2025-01-03 20:08:00,89.77,89.81,89.74,89.79,49299.0
2025-01-03 20:10:00,89.79,89.875,89.77,89.78,44873.0
2025-01-03 20:12:00,89.775,89.8,89.71,89.7814,34752.0
2025-01-03 20:14:00,89.79,89.91,89.785,89.91,55101.0
2025-01-03 20:16:00,89.91,89.93,89.87,89.925,59101.0
2025-01-03 20:18:00,89.925,89.9576,89.89,89.92,57992.0
2025-01-03 20:20:00,89.91,89.96,89.89,89.96,50415.0
2025-01-03 20:22:00,89.9587,90.14,89.945,90.0481,142514.0
2025-01-03 20:24:00,90.04,90.04,89.925,90.0387,71340.0
2025-01-03 20:26:00,90.035,90.11,90.0,90.11,71271.0
2025-01-03 20:28:00,90.1054,90.16,90.095,90.14,71242.0
2025-01-03 20:30:00,90.13,90.16,90.01,90.01,159734.0
2025-01-03 20:32:00,90.01,90.06,89.93,89.93,111058.0
2025-01-03 20:34:00,89.94,90.11,89.94,90.065,108609.0
2025-01-03 20:36:00,90.06,90.0799,90.02,90.07,115874.0
2025-01-03 20:38:00,90.07,90.14,90.04,90.11,101288.0
2025-01-03 20:40:00,90.118,90.118,89.98,90.06,90503.0
2025-01-03 20:42:00,90.06,90.12,89.9819,90.0001,100336.0
2025-01-03 20:44:00,90.0,90.15,90.0,90.115,93159.0
2025-01-03 20:46:00,90.12,90.195,89.969,90.0,93194.0
2025-01-03 20:48:00,90.0,90.04,89.94,89.97,123085.0
2025-01-03 20:50:00,89.96,89.97,89.79,89.88,181025.0
2025-01-03 20:52:00,89.88,89.988,89.84,89.84,147729.0
2025-01-03 20:54:00,89.845,89.93,89.8,89.9101,282226.0
2025-01-03 20:56:00,89.915,89.97,89.85,89.865,289105.0
2025-01-03 20:58:00,89.87,89.95,89.815,89.89,519035.0
2025-01-03 21:00:00,89.87,89.91,89.84,89.87,39742.0
2025-01-03 21:02:00,89.87,89.99,89.87,89.99,6630.0
2025-01-03 21:04:00,89.97,89.99,89.87,89.99,9711.0
2025-01-03 21:06:00,89.87,89.87,89.85,89.85,25338.0
2025-01-03 21:10:00,89.85,89.87,89.85,89.87,658.0
2025-01-03 21:12:00,89.89,89.92,89.89,89.9,2619.0
2025-01-03 21:14:00,89.9,89.965,89.85,89.85,2636.0
2025-01-03 21:16:00,89.8501,89.8999,89.8501,89.8999,270.0
2025-01-03 21:20:00,89.85,89.85,89.85,89.85,2022.0
2025-01-03 21:22:00,89.84,89.84,89.84,89.84,453.0
2025-01-03 21:24:00,89.84,89.84,89.83,89.83,767.0
2025-01-03 21:28:00,89.83,90.05,89.8,89.9,7986.0
2025-01-03 21:30:00,89.85,89.85,89.85,89.85,117.0
2025-01-03 21:32:00,89.87,89.87,89.83,89.83,780.0
2025-01-03 21:34:00,89.82,89.82,89.82,89.82,483.0
2025-01-03 21:38:00,89.87,89.87,89.82,89.82,648.0
2025-01-03 21:42:00,89.83,89.83,89.83,89.83,613.0
2025-01-03 21:44:00,89.83,89.83,89.83,89.83,1305.0
2025-01-03 21:48:00,89.86,89.88,89.86,89.88,1098.0
2025-01-03 21:50:00,89.81,89.81,89.81,89.81,487.0
2025-01-03 21:52:00,90.0,90.0,90.0,90.0,243.0
2025-01-03 21:54:00,89.81,89.81,89.81,89.81,546.0
2025-01-03 22:00:00,89.99,89.99,89.99,89.99,263.0
2025-01-03 22:02:00,89.81,89.81,89.81,89.81,149.0
2025-01-03 22:08:00,89.88,89.88,89.8713,89.8713,812.0
2025-01-03 22:16:00,89.9,89.96,89.9,89.94,1010.0
2025-01-03 22:18:00,89.9,89.9,89.9,89.9,122.0
2025-01-03 22:20:00,89.9,89.9,89.9,89.9,1103.0
2025-01-03 22:26:00,89.9,89.9,89.9,89.9,538.0
2025-01-03 22:28:00,89.8906,89.8906,89.8906,89.8906,314.0
2025-01-03 22:30:00,89.93,89.93,89.93,89.93,225.0
2025-01-03 22:34:00,89.93,89.93,89.93,89.93,200.0
2025-01-03 22:38:00,89.9,89.9,89.9,89.9,353.0
2025-01-03 22:42:00,89.95,89.95,89.95,89.95,243.0
2025-01-03 22:44:00,89.89,89.89,89.89,89.89,254.0
2025-01-03 22:48:00,89.9399,89.9399,89.9399,89.9399,350.0
2025-01-03 22:54:00,89.8918,89.8918,89.8918,89.8918,452.0
2025-01-03 22:58:00,89.9,89.94,89.89,89.94,1596.0
2025-01-03 23:00:00,89.94,89.98,89.94,89.98,3238.0
2025-01-03 23:04:00,89.98,89.99,89.98,89.99,2672.0
2025-01-03 23:06:00,89.99,89.99,89.99,89.99,1003.0
2025-01-03 23:08:00,89.9976,89.998,89.9976,89.998,307.0
2025-01-03 23:12:00,89.96,89.96,89.96,89.96,285.0
2025-01-03 23:14:00,89.9984,89.9984,89.99,89.99,381.0
2025-01-03 23:16:00,89.96,89.96,89.96,89.96,290.0
2025-01-03 23:18:00,89.96,89.96,89.96,89.96,204.0
2025-01-03 23:22:00,89.9978,89.9978,89.9003,89.9003,680.0
2025-01-03 23:24:00,89.99,89.99,89.99,89.99,200.0
2025-01-03 23:26:00,89.99,89.99,89.99,89.99,518.0
2025-01-03 23:28:00,89.9001,89.9001,89.9001,89.9001,1004.0
2025-01-03 23:30:00,90.0,90.0,90.0,90.0,560.0
2025-01-03 23:36:00,89.9877,89.9877,89.9877,89.9877,962.0
2025-01-03 23:44:00,89.92,89.94,89.92,89.94,315.0
2025-01-03 23:46:00,89.94,89.94,89.94,89.94,200.0
2025-01-03 23:56:00,89.9983,89.9983,89.95,89.95,200.0
2025-01-04 00:04:00,89.95,89.95,89.95,89.95,315.0
2025-01-04 00:08:00,89.95,89.95,89.95,89.95,450.0
2025-01-04 00:10:00,89.95,89.95,89.95,89.95,330.0
2025-01-04 00:12:00,89.99,89.99,89.92,89.92,570.0
2025-01-04 00:14:00,89.95,89.95,89.95,89.95,110.0
2025-01-04 00:16:00,89.9501,89.99,89.95,89.95,1881.0
2025-01-04 00:18:00,89.9001,89.9001,89.9001,89.9001,568.0
2025-01-04 00:22:00,89.95,89.95,89.95,89.95,343.0
2025-01-04 00:24:00,89.9198,89.9198,89.9198,89.9198,221.0
2025-01-04 00:32:00,89.97,89.97,89.97,89.97,791.0
2025-01-04 00:34:00,89.9,89.9,89.9,89.9,115.0
2025-01-04 00:36:00,89.96,89.96,89.96,89.96,191.0
2025-01-04 00:38:00,89.96,89.96,89.9001,89.9001,1470.0
2025-01-04 00:40:00,89.9007,89.9007,89.9007,89.9007,313.0
2025-01-04 00:46:00,89.94,89.94,89.93,89.93,235.0
2025-01-04 00:48:00,89.93,89.93,89.93,89.93,309.0
2025-01-04 00:52:00,89.93,89.93,89.93,89.93,123.0
2025-01-04 00:56:00,89.95,89.95,89.95,89.95,581.0
2025-01-04 00:58:00,89.94,89.95,89.9334,89.95,1321.0
2025-01-06 09:00:00,91.97,92.01,91.23,92.01,10390.0
2025-01-06 09:02:00,92.12,92.33,92.12,92.32,9293.0
2025-01-06 09:04:00,92.49,92.52,92.06,92.48,22407.0
2025-01-06 09:06:00,92.4,92.45,92.05,92.05,4805.0
2025-01-06 09:08:00,92.28,92.35,92.28,92.35,436.0
2025-01-06 09:10:00,92.25,92.25,92.1,92.17,2564.0
2025-01-06 09:12:00,92.2,92.2,92.2,92.2,1608.0
2025-01-06 09:14:00,92.2,92.3,92.18,92.18,2772.0
2025-01-06 09:16:00,92.18,92.18,92.18,92.18,550.0
2025-01-06 09:18:00,92.15,92.2,92.15,92.2,2461.0
2025-01-06 09:20:00,92.16,92.25,92.15,92.25,2723.0
2025-01-06 09:22:00,92.26,92.38,92.22,92.3,4253.0
2025-01-06 09:24:00,92.2,92.35,92.2,92.3,4247.0
2025-01-06 09:26:00,92.37,92.41,92.37,92.41,1682.0
2025-01-06 09:28:00,92.44,92.45,92.37,92.37,2576.0
2025-01-06 09:30:00,92.43,92.69,92.43,92.6,7351.0
2025-01-06 09:32:00,92.61,92.61,92.61,92.61,404.0
2025-01-06 09:34:00,92.61,92.65,92.61,92.65,743.0
2025-01-06 09:38:00,92.51,92.51,92.48,92.48,1562.0
2025-01-06 09:42:00,92.46,92.46,92.46,92.46,334.0
2025-01-06 09:46:00,92.45,92.48,92.45,92.48,595.0
2025-01-06 09:48:00,92.49,92.5,92.49,92.49,827.0
2025-01-06 09:52:00,92.49,92.5,92.49,92.5,1407.0
2025-01-06 09:54:00,92.58,92.7,92.58,92.7,2086.0
2025-01-06 09:56:00,92.63,92.7,92.63,92.7,931.0
2025-01-06 09:58:00,92.7,92.7,92.7,92.7,1255.0
2025-01-06 10:00:00,92.72,92.73,92.7,92.7,4423.0
2025-01-06 10:02:00,92.66,92.66,92.61,92.66,3287.0
2025-01-06 10:04:00,92.645,92.78,92.645,92.78,2313.0
2025-01-06 10:06:00,92.9,92.9,92.9,92.9,177.0
2025-01-06 10:08:00,92.87,92.87,92.7,92.7,7152.0
2025-01-06 10:12:00,92.75,92.8,92.75,92.8,1806.0
2025-01-06 10:14:00,92.84,92.89,92.79,92.88,3102.0
2025-01-06 10:16:00,92.96,92.96,92.96,92.96,322.0
2025-01-06 10:18:00,92.98,92.99,92.98,92.99,497.0
2025-01-06 10:20:00,92.95,92.95,92.95,92.95,152.0
2025-01-06 10:22:00,92.91,92.91,92.9,92.9,1016.0
2025-01-06 10:24:00,92.88,92.88,92.85,92.86,572.0
2025-01-06 10:26:00,92.8,92.8,92.73,92.73,2511.0
2025-01-06 10:28:00,92.79,92.79,92.79,92.79,306.0
2025-01-06 10:30:00,92.77,92.78,92.74,92.74,1286.0
2025-01-06 10:32:00,92.72,92.72,92.64,92.64,1774.0
2025-01-06 10:34:00,92.56,92.56,92.56,92.56,165.0
2025-01-06 10:36:00,92.59,92.59,92.59,92.59,236.0
2025-01-06 10:40:00,92.84,93.0,92.84,92.95,7138.0
2025-01-06 10:42:00,92.96,92.97,92.96,92.96,524.0
2025-01-06 10:44:00,92.89,92.89,92.8,92.8,550.0
2025-01-06 10:46:00,92.73,92.75,92.73,92.75,970.0
2025-01-06 10:48:00,92.75,92.77,92.75,92.77,1005.0
2025-01-06 10:50:00,92.8,92.83,92.8,92.83,750.0
2025-01-06 10:52:00,92.77,92.84,92.77,92.8,1102.0
2025-01-06 10:54:00,92.85,92.86,92.85,92.86,644.0
2025-01-06 10:56:00,92.87,92.87,92.86,92.86,1053.0
2025-01-06 11:00:00,92.77,92.77,92.77,92.77,824.0
2025-01-06 11:02:00,92.75,92.95,92.65,92.67,13247.0
2025-01-06 11:04:00,92.77,92.77,92.66,92.66,2058.0
2025-01-06 11:06:00,92.79,92.85,92.79,92.8,731.0
2025-01-06 11:08:00,92.93,92.98,92.93,92.98,1255.0
2025-01-06 11:10:00,92.89,93.09,92.89,93.09,5907.0
2025-01-06 11:12:00,93.07,93.18,93.07,93.09,7023.0
2025-01-06 11:14:00,93.18,93.19,93.01,93.08,2667.0
2025-01-06 11:16:00,93.08,93.08,93.08,93.08,114.0
2025-01-06 11:18:00,92.96,93.19,92.96,93.19,2814.0
2025-01-06 11:24:00,93.09,93.42,93.09,93.42,7352.0
2025-01-06 11:26:00,93.39,93.43,93.32,93.43,2095.0
2025-01-06 11:28:00,93.33,93.34,93.33,93.33,989.0
2025-01-06 11:30:00,93.38,93.38,93.38,93.38,275.0
2025-01-06 11:32:00,93.35,93.37,93.35,93.37,2181.0
2025-01-06 11:34:00,93.38,93.38,93.34,93.35,3491.0
2025-01-06 11:36:00,93.35,93.4,93.35,93.4,3552.0
2025-01-06 11:38:00,93.4,93.4,93.4,93.4,421.0
2025-01-06 11:40:00,93.46,93.68,93.46,93.68,26499.0
2025-01-06 11:42:00,93.7,93.75,93.64,93.7,8168.0
2025-01-06 11:44:00,93.65,93.75,93.65,93.74,8779.0
2025-01-06 11:46:00,93.77,93.77,93.65,93.65,9487.0
2025-01-06 11:48:00,93.57,93.61,93.5,93.61,2184.0
2025-01-06 11:50:00,93.61,93.64,93.51,93.51,4363.0
2025-01-06 11:52:00,93.51,93.65,93.51,93.65,4717.0
2025-01-06 11:54:00,93.67,93.68,93.64,93.67,2611.0
2025-01-06 11:56:00,93.65,93.65,93.51,93.51,4111.0
2025-01-06 11:58:00,93.5,93.5,93.5,93.5,625.0
2025-01-06 12:00:00,93.5,93.6,93.5,93.55,23623.0
2025-01-06 12:02:00,93.58,93.63,93.57,93.57,11856.0
2025-01-06 12:04:00,93.57,93.64,93.57,93.63,4770.0
2025-01-06 12:06:00,93.64,93.77,93.63,93.73,9006.0
2025-01-06 12:08:00,93.7,93.75,93.7,93.74,5848.0
2025-01-06 12:10:00,93.67,93.67,93.65,93.66,2495.0
2025-01-06 12:12:00,93.67,93.67,93.64,93.66,4803.0
2025-01-06 12:14:00,93.65,93.69,93.65,93.66,3517.0
2025-01-06 12:16:00,93.77,93.79,93.75,93.75,2850.0
2025-01-06 12:18:00,93.75,93.89,93.71,93.87,8573.0
2025-01-06 12:20:00,93.85,93.86,93.83,93.83,3903.0
2025-01-06 12:22:00,93.84,93.89,93.76,93.89,7995.0
2025-01-06 12:24:00,93.89,93.99,93.89,93.97,11393.0
2025-01-06 12:26:00,93.97,94.25,93.97,94.21,21601.0
2025-01-06 12:28:00,94.23,94.23,94.02,94.08,8276.0
2025-01-06 12:30:00,94.04,94.05,94.0,94.0,9516.0
2025-01-06 12:32:00,94.0,94.07,93.955,93.96,9161.0
2025-01-06 12:34:00,93.97,94.0,93.83,94.0,9054.0
2025-01-06 12:36:00,93.98,94.1,93.98,94.1,20231.0
2025-01-06 12:38:00,94.08,94.08,93.93,94.0,10179.0
2025-01-06 12:40:00,94.01,94.01,94.01,94.01,1008.0
2025-01-06 12:42:00,94.01,94.01,94.0,94.0,1189.0
2025-01-06 12:44:00,94.07,94.21,94.07,94.17,4796.0
2025-01-06 12:46:00,94.2,94.41,94.19,94.4,10166.0
2025-01-06 12:48:00,94.42,94.45,94.37,94.42,7636.0
2025-01-06 12:50:00,94.46,94.46,94.43,94.43,1672.0
2025-01-06 12:52:00,94.445,94.57,94.3,94.3,41919.0
2025-01-06 12:54:00,94.31,94.31,94.25,94.25,2484.0
2025-01-06 12:56:00,94.25,94.26,94.22,94.22,3148.0
2025-01-06 12:58:00,94.22,94.41,94.03,94.4,16158.0
2025-01-06 13:00:00,93.55,94.57,90.96,94.1,151857.0
2025-01-06 13:02:00,94.21,94.51,94.21,94.36,8360.0
2025-01-06 13:04:00,94.38,94.55,94.35,94.3801,18214.0
2025-01-06 13:06:00,94.38,94.44,94.38,94.4,5788.0
2025-01-06 13:08:00,94.4,94.46,94.39,94.42,8578.0
2025-01-06 13:10:00,94.385,94.39,94.06,94.12,9753.0
2025-01-06 13:12:00,94.11,94.22,94.1,94.2,12421.0
2025-01-06 13:14:00,94.24,94.33,94.1401,94.24,3841.0
2025-01-06 13:16:00,94.3,94.3,94.1428,94.2,3764.0
2025-01-06 13:18:00,94.24,94.3,94.2,94.2,10685.0
2025-01-06 13:20:00,94.25,94.35,94.15,94.31,21193.0
2025-01-06 13:22:00,94.31,94.43,94.07,94.37,35493.0
2025-01-06 13:24:00,94.42,94.6,94.42,94.6,14974.0
2025-01-06 13:26:00,94.5604,94.6,94.5,94.54,7696.0
2025-01-06 13:28:00,94.56,94.8,94.56,94.77,15626.0
2025-01-06 13:30:00,94.75,94.75,94.46,94.71,16751.0
2025-01-06 13:32:00,94.7,94.9,94.6,94.9,21571.0
2025-01-06 13:34:00,94.95,94.95,94.78,94.87,24659.0
2025-01-06 13:36:00,94.9,94.97,94.9,94.94,20713.0
2025-01-06 13:38:00,94.95,94.97,94.87,94.87,14075.0
2025-01-06 13:40:00,94.87,94.88,94.67,94.75,18525.0
2025-01-06 13:42:00,94.8,94.84,94.6615,94.76,18376.0
2025-01-06 13:44:00,94.78,94.91,94.75,94.9,8365.0
2025-01-06 13:46:00,94.86,94.87,94.73,94.84,13568.0
2025-01-06 13:48:00,94.84,95.24,94.84,94.94,54261.0
2025-01-06 13:50:00,94.88,95.1,94.88,95.1,7173.0
2025-01-06 13:52:00,95.05,95.19,95.0,95.19,11151.0
2025-01-06 13:54:00,95.14,95.19,95.13,95.139,8983.0
2025-01-06 13:56:00,95.16,95.2,95.0,95.2,9942.0
2025-01-06 13:58:00,95.03,95.2,95.0,95.13,11120.0
2025-01-06 14:00:00,95.13,95.2,95.12,95.2,8808.0
2025-01-06 14:02:00,95.2,95.34,95.05,95.05,18835.0
2025-01-06 14:04:00,95.26,95.26,95.05,95.25,14935.0
2025-01-06 14:06:00,95.14,95.16,95.0,95.03,20818.0
2025-01-06 14:08:00,95.05,95.08,94.7,94.7,33959.0
2025-01-06 14:10:00,94.82,95.0,94.7901,94.89,18172.0
2025-01-06 14:12:00,94.89,94.9,94.8,94.9,9166.0
2025-01-06 14:14:00,94.9,95.0,94.61,94.9,30880.0
2025-01-06 14:16:00,94.72,94.91,94.47,94.51,61379.0
2025-01-06 14:18:00,94.5,94.77,94.44,94.54,27794.0
2025-01-06 14:20:00,94.54,94.74,94.49,94.54,48385.0
2025-01-06 14:22:00,94.58,94.7,94.57,94.66,13077.0
2025-01-06 14:24:00,94.6,94.88,94.59,94.88,19590.0
2025-01-06 14:26:00,94.7,95.75,94.67,95.75,53000.0
2025-01-06 14:28:00,95.75,96.03,95.53,95.65,108427.0
2025-01-06 14:30:00,95.565,97.59,95.48,96.52,2624153.0
2025-01-06 14:32:00,96.53,97.44,96.24,97.43,900219.0
2025-01-06 14:34:00,97.415,98.3445,97.3,97.96,1120282.0
2025-01-06 14:36:00,97.95,98.59,97.85,98.42,1142848.0
2025-01-06 14:38:00,98.4,98.69,98.03,98.63,991351.0
2025-01-06 14:40:00,98.646,99.35,98.49,98.6775,832112.0
2025-01-06 14:42:00,98.67,99.07,98.6001,98.649,607560.0
2025-01-06 14:44:00,98.66,98.82,98.125,98.13,628379.0
2025-01-06 14:46:00,98.14,98.37,97.85,98.02,488876.0
2025-01-06 14:48:00,98.02,98.2428,97.7069,98.2427,409665.0
2025-01-06 14:50:00,98.25,98.49,98.0102,98.03,535896.0
2025-01-06 14:52:00,98.035,98.33,97.7466,98.1675,418855.0
2025-01-06 14:54:00,98.25,98.6794,98.215,98.55,288454.0
2025-01-06 14:56:00,98.55,98.64,98.2,98.27,316998.0
2025-01-06 14:58:00,98.27,98.88,98.27,98.755,318453.0
2025-01-06 15:00:00,98.75,98.89,98.38,98.62,373003.0
2025-01-06 15:02:00,98.62,99.06,98.6,98.9828,357229.0
2025-01-06 15:04:00,99.0,99.4,98.8669,99.07,374195.0
2025-01-06 15:06:00,99.075,99.1352,98.37,98.53,417807.0
2025-01-06 15:08:00,98.54,99.05,98.53,99.01,264267.0
2025-01-06 15:10:00,99.0,99.065,98.61,98.7,234157.0
2025-01-06 15:12:00,98.81,99.09,98.71,99.0613,254802.0
2025-01-06 15:14:00,99.065,99.17,98.8801,99.11,219009.0
2025-01-06 15:16:00,99.115,99.15,98.86,98.8801,196160.0
2025-01-06 15:18:00,98.91,99.17,98.9,99.14,168071.0
2025-01-06 15:20:00,99.1428,99.188,99.03,99.1,108878.0
2025-01-06 15:22:00,99.1,99.58,99.08,99.32,409874.0
2025-01-06 15:24:00,99.3339,99.63,99.24,99.385,208222.0
2025-01-06 15:26:00,99.3835,99.4199,99.05,99.15,160291.0
2025-01-06 15:28:00,99.17,99.245,98.97,99.2251,259748.0
2025-01-06 15:30:00,99.215,99.29,98.9,99.022,193637.0
2025-01-06 15:32:00,99.015,99.29,99.01,99.28,140419.0
2025-01-06 15:34:00,99.28,99.35,99.0601,99.088,145437.0
2025-01-06 15:36:00,99.1,99.25,98.92,99.045,149942.0
2025-01-06 15:38:00,99.045,99.08,98.74,99.08,199294.0
2025-01-06 15:40:00,99.08,99.47,99.08,99.25,219469.0
2025-01-06 15:42:00,99.235,99.5,99.18,99.36,233324.0
2025-01-06 15:44:00,99.35,99.79,99.32,99.77,306713.0
2025-01-06 15:46:00,99.77,99.8499,99.615,99.825,161404.0
2025-01-06 15:48:00,99.81,99.95,99.53,99.585,209865.0
2025-01-06 15:50:00,99.585,99.75,99.43,99.5,149633.0
2025-01-06 15:52:00,99.526,99.89,99.46,99.8201,140654.0
2025-01-06 15:54:00,99.855,100.088,99.8,100.088,294309.0
2025-01-06 15:56:00,100.07,100.21,100.0,100.1036,271146.0
2025-01-06 15:58:00,100.12,100.16,99.73,99.83,197481.0
2025-01-06 16:00:00,99.89,100.02,99.7701,99.97,135547.0
2025-01-06 16:02:00,99.97,100.06,99.72,99.73,134732.0
2025-01-06 16:04:00,99.76,99.9,99.34,99.455,190234.0
2025-01-06 16:06:00,99.4694,99.5456,99.39,99.42,162041.0
2025-01-06 16:08:00,99.435,99.44,99.335,99.4218,156002.0
2025-01-06 16:10:00,99.4,99.8,99.38,99.7,203818.0
2025-01-06 16:12:00,99.69,99.88,99.66,99.88,122936.0
2025-01-06 16:14:00,99.89,100.05,99.74,99.75,193869.0
2025-01-06 16:16:00,99.752,99.8316,99.61,99.674,123159.0
2025-01-06 16:18:00,99.67,99.84,99.6,99.65,98580.0
2025-01-06 16:20:00,99.635,99.79,99.6046,99.622,92566.0
2025-01-06 16:22:00,99.6,99.82,99.52,99.7827,98763.0
2025-01-06 16:24:00,99.78,99.815,99.5,99.61,117372.0
2025-01-06 16:26:00,99.57,99.67,99.31,99.395,159382.0
2025-01-06 16:28:00,99.38,99.52,99.36,99.4299,95909.0
2025-01-06 16:30:00,99.4,99.43,99.04,99.1934,177651.0
2025-01-06 16:32:00,99.18,99.42,99.1167,99.4199,153238.0
2025-01-06 16:34:00,99.4001,99.46,99.17,99.32,118805.0
2025-01-06 16:36:00,99.325,99.43,99.2,99.25,104436.0
2025-01-06 16:38:00,99.2599,99.43,99.2,99.41,94951.0
2025-01-06 16:40:00,99.415,99.64,99.21,99.6,122198.0
2025-01-06 16:42:00,99.6,99.6,99.38,99.52,86666.0
2025-01-06 16:44:00,99.535,99.56,99.4,99.47,102226.0
2025-01-06 16:46:00,99.5,99.7,99.483,99.6,89181.0
2025-01-06 16:48:00,99.59,99.8,99.56,99.7624,98515.0
2025-01-06 16:50:00,99.7601,99.93,99.75,99.895,117553.0
2025-01-06 16:52:00,99.895,100.13,99.7248,100.12,214922.0
2025-01-06 16:54:00,100.1279,100.32,100.09,100.24,206438.0
2025-01-06 16:56:00,100.23,100.3982,100.23,100.39,165181.0
2025-01-06 16:58:00,100.391,100.57,100.35,100.39,237362.0
2025-01-06 17:00:00,100.39,100.45,100.08,100.092,199924.0
2025-01-06 17:02:00,100.0901,100.2377,99.93,100.23,190292.0
2025-01-06 17:04:00,100.23,100.4173,100.2,100.3201,101500.0
2025-01-06 17:06:00,100.34,100.57,100.19,100.55,144285.0
2025-01-06 17:08:00,100.56,100.75,100.56,100.74,230343.0
2025-01-06 17:10:00,100.735,100.74,100.56,100.6303,199428.0
2025-01-06 17:12:00,100.64,100.8464,100.61,100.77,195002.0
2025-01-06 17:14:00,100.77,100.78,100.52,100.52,283085.0
2025-01-06 17:16:00,100.52,100.91,100.52,100.85,193007.0
2025-01-06 17:18:00,100.85,100.9067,100.72,100.88,105607.0
2025-01-06 17:20:00,100.88,100.94,100.76,100.895,160381.0
2025-01-06 17:22:00,100.895,100.9039,100.62,100.7299,108601.0
2025-01-06 17:24:00,100.715,100.88,100.62,100.8,102572.0
2025-01-06 17:26:00,100.83,100.95,100.83,100.885,105579.0
2025-01-06 17:28:00,100.885,101.11,100.88,101.0,213486.0
2025-01-06 17:30:00,101.017,101.017,100.58,100.6499,177216.0
2025-01-06 17:32:00,100.635,100.7165,100.51,100.64,141529.0
2025-01-06 17:34:00,100.6599,100.72,100.31,100.3164,158393.0
2025-01-06 17:36:00,100.32,100.4599,100.08,100.23,176305.0
2025-01-06 17:38:00,100.195,100.4074,99.96,100.07,135735.0
2025-01-06 17:40:00,100.04,100.0769,99.91,99.9326,95301.0
2025-01-06 17:42:00,99.94,100.2899,99.91,100.18,135860.0
2025-01-06 17:44:00,100.21,100.26,100.0101,100.16,79482.0
2025-01-06 17:46:00,100.1501,100.1661,100.015,100.12,89079.0
2025-01-06 17:48:00,100.13,100.37,100.08,100.365,106883.0
2025-01-06 17:50:00,100.38,100.42,100.15,100.29,92748.0
2025-01-06 17:52:00,100.29,100.34,100.21,100.32,70301.0
2025-01-06 17:54:00,100.302,100.6089,100.302,100.573,106252.0
2025-01-06 17:56:00,100.56,100.73,100.525,100.6969,98652.0
2025-01-06 17:58:00,100.69,100.83,100.59,100.63,111541.0
2025-01-06 18:00:00,100.66,100.67,100.36,100.47,105165.0
2025-01-06 18:02:00,100.48,100.54,100.36,100.535,81751.0
2025-01-06 18:04:00,100.53,100.83,100.52,100.815,106644.0
2025-01-06 18:06:00,100.84,100.9252,100.66,100.77,87890.0
2025-01-06 18:08:00,100.785,100.91,100.6801,100.82,83919.0
2025-01-06 18:10:00,100.8111,100.948,100.69,100.895,139894.0
2025-01-06 18:12:00,100.9085,100.93,100.73,100.76,86012.0
2025-01-06 18:14:00,100.77,101.005,100.765,100.92,150767.0
2025-01-06 18:16:00,100.92,101.17,100.88,101.045,157097.0
2025-01-06 18:18:00,101.04,101.31,100.96,101.25,109455.0
2025-01-06 18:20:00,101.23,101.34,101.13,101.195,90236.0
2025-01-06 18:22:00,101.185,101.4099,101.185,101.3401,115222.0
2025-01-06 18:24:00,101.35,101.397,101.25,101.3932,104760.0
2025-01-06 18:26:00,101.381,101.4599,101.25,101.425,76929.0
2025-01-06 18:28:00,101.43,101.52,101.31,101.37,110323.0
2025-01-06 18:30:00,101.365,101.365,101.06,101.125,136745.0
2025-01-06 18:32:00,101.13,101.22,101.07,101.1531,115480.0
2025-01-06 18:34:00,101.16,101.1845,101.01,101.175,134304.0
2025-01-06 18:36:00,101.16,101.23,101.05,101.115,80455.0
2025-01-06 18:38:00,101.115,101.31,101.07,101.3,90836.0
2025-01-06 18:40:00,101.3,101.378,101.178,101.21,59140.0
2025-01-06 18:42:00,101.2,101.32,101.125,101.205,105180.0
2025-01-06 18:44:00,101.2,101.24,100.842,100.91,169283.0
2025-01-06 18:46:00,100.9299,101.025,100.76,100.79,128308.0
2025-01-06 18:48:00,100.795,100.833,100.52,100.5484,96108.0
2025-01-06 18:50:00,100.54,100.64,100.4512,100.5901,98645.0
2025-01-06 18:52:00,100.59,100.64,100.51,100.57,59962.0
2025-01-06 18:54:00,100.57,100.7699,100.53,100.69,80321.0
2025-01-06 18:56:00,100.71,100.82,100.64,100.66,63765.0
2025-01-06 18:58:00,100.65,100.66,100.228,100.24,155073.0
2025-01-06 19:00:00,100.24,100.29,99.9,99.9,239703.0
2025-01-06 19:02:00,99.93,100.17,99.93,100.0499,146416.0
2025-01-06 19:04:00,100.04,100.09,99.93,100.04,151317.0
2025-01-06 19:06:00,100.05,100.27,99.83,100.245,129773.0
2025-01-06 19:08:00,100.2301,100.3413,100.05,100.07,113151.0
2025-01-06 19:10:00,100.09,100.18,100.02,100.07,60079.0
2025-01-06 19:12:00,100.0697,100.1041,99.97,100.06,58837.0
2025-01-06 19:14:00,100.0487,100.07,99.86,99.86,56588.0
2025-01-06 19:16:00,99.85,100.01,99.841,99.95,50682.0
2025-01-06 19:18:00,99.95,100.07,99.92,99.93,70852.0
2025-01-06 19:20:00,99.9287,100.02,99.65,99.66,107770.0
2025-01-06 19:22:00,99.66,99.76,99.6001,99.67,99560.0
2025-01-06 19:24:00,99.65,99.66,99.45,99.5,123918.0
2025-01-06 19:26:00,99.495,99.56,99.38,99.51,123267.0
2025-01-06 19:28:00,99.495,99.7821,99.48,99.67,104546.0
2025-01-06 19:30:00,99.65,99.67,99.51,99.53,72118.0
2025-01-06 19:32:00,99.53,99.55,99.39,99.4473,84829.0
2025-01-06 19:34:00,99.445,99.6389,99.3315,99.5952,97146.0
2025-01-06 19:36:00,99.57,99.73,99.39,99.715,104242.0
2025-01-06 19:38:00,99.73,99.8999,99.7,99.86,160077.0
2025-01-06 19:40:00,99.84,99.95,99.81,99.86,93375.0
2025-01-06 19:42:00,99.87,99.9223,99.645,99.805,77861.0
2025-01-06 19:44:00,99.82,99.93,99.73,99.75,54909.0
2025-01-06 19:46:00,99.758,99.83,99.686,99.825,49979.0
2025-01-06 19:48:00,99.83,99.95,99.8,99.81,64768.0
2025-01-06 19:50:00,99.82,99.85,99.65,99.6686,79953.0
2025-01-06 19:52:00,99.66,99.735,99.5715,99.625,56831.0
2025-01-06 19:54:00,99.635,99.7477,99.635,99.69,53607.0
2025-01-06 19:56:00,99.6802,99.7,99.42,99.455,85266.0
2025-01-06 19:58:00,99.45,99.52,99.3301,99.365,82835.0
2025-01-06 20:00:00,99.365,99.39,99.18,99.25,111113.0
2025-01-06 20:02:00,99.25,99.5299,99.21,99.515,109246.0
2025-01-06 20:04:00,99.525,99.55,99.4,99.5389,71423.0
2025-01-06 20:06:00,99.54,99.62,99.5,99.6,82705.0
2025-01-06 20:08:00,99.6,99.69,99.48,99.6401,71142.0
2025-01-06 20:10:00,99.64,99.66,99.48,99.5,70805.0
2025-01-06 20:12:00,99.49,99.58,99.37,99.46,83291.0
2025-01-06 20:14:00,99.46,99.5,99.295,99.37,75989.0
2025-01-06 20:16:00,99.37,99.55,99.37,99.52,61083.0
2025-01-06 20:18:00,99.51,99.51,99.3718,99.41,55690.0
2025-01-06 20:20:00,99.4,99.475,99.3501,99.41,52096.0
2025-01-06 20:22:00,99.41,99.7,99.36,99.6812,99584.0
2025-01-06 20:24:00,99.685,99.77,99.6,99.63,87761.0
2025-01-06 20:26:00,99.64,99.82,99.63,99.7989,149311.0
2025-01-06 20:28:00,99.75,99.85,99.7,99.8101,122637.0
2025-01-06 20:30:00,99.82,99.86,99.5532,99.57,142483.0
2025-01-06 20:32:00,99.55,99.67,99.53,99.6586,78345.0
2025-01-06 20:34:00,99.65,99.75,99.61,99.745,87392.0
2025-01-06 20:36:00,99.74,99.88,99.7101,99.85,93932.0
2025-01-06 20:38:00,99.8468,99.85,99.73,99.78,99880.0
2025-01-06 20:40:00,99.76,99.9,99.64,99.88,92933.0
2025-01-06 20:42:00,99.87,99.87,99.67,99.82,127777.0
2025-01-06 20:44:00,99.814,99.9,99.71,99.84,102053.0
2025-01-06 20:46:00,99.83,99.885,99.615,99.63,130455.0
2025-01-06 20:48:00,99.625,99.625,99.35,99.395,139499.0
2025-01-06 20:50:00,99.38,99.65,99.35,99.58,209284.0
2025-01-06 20:52:00,99.57,99.63,99.515,99.625,196699.0
2025-01-06 20:54:00,99.63,99.66,99.33,99.34,491784.0
2025-01-06 20:56:00,99.33,99.385,99.17,99.205,380116.0
2025-01-06 20:58:00,99.2,99.345,99.16,99.27,628054.0
2025-01-06 21:00:00,99.26,99.437,99.26,99.437,206751.0
2025-01-06 21:02:00,99.38,99.3896,99.264,99.264,5829.0
2025-01-06 21:04:00,99.26,99.3597,99.26,99.31,9699.0
2025-01-06 21:06:00,99.31,99.4,99.31,99.4,5187.0
2025-01-06 21:08:00,99.38,99.4,99.38,99.38,2366.0
2025-01-06 21:10:00,99.39,99.53,99.39,99.53,3354.0
2025-01-06 21:12:00,99.63,99.99,99.63,99.94,18433.0
2025-01-06 21:14:00,99.93,100.18,99.93,100.1,27471.0
2025-01-06 21:16:00,100.1,100.1789,99.94,99.95,7323.0
2025-01-06 21:18:00,99.96,99.96,99.88,99.89,2714.0
2025-01-06 21:20:00,99.85,99.87,99.85,99.8686,1091.0
2025-01-06 21:24:00,99.77,99.85,99.76,99.85,1340.0
2025-01-06 21:26:00,99.83,99.877,99.83,99.85,1168.0
2025-01-06 21:30:00,99.79,99.85,99.79,99.85,1372.0
2025-01-06 21:32:00,99.8018,99.81,99.58,99.62,6692.0
2025-01-06 21:34:00,99.58,99.58,99.49,99.49,4234.0
2025-01-06 21:36:00,99.48,99.48,99.32,99.32,18149.0
2025-01-06 21:38:00,99.34,99.39,99.25,99.35,14844.0
2025-01-06 21:40:00,99.26,99.57,99.26,99.45,2414.0
2025-01-06 21:44:00,99.5687,99.6,99.5687,99.6,2941.0
2025-01-06 21:48:00,99.76,99.7728,99.66,99.7728,2048.0
2025-01-06 21:50:00,99.6007,99.6007,99.6007,99.6007,579.0
2025-01-06 21:58:00,99.6047,99.68,99.6047,99.63,3209.0
2025-01-06 22:00:00,99.69,99.72,99.69,99.72,1153.0
2025-01-06 22:02:00,99.7,99.7,99.7,99.7,179.0
2025-01-06 22:04:00,99.64,99.7397,99.64,99.7,1475.0
2025-01-06 22:06:00,99.7343,99.7343,99.7343,99.7343,398.0
2025-01-06 22:08:00,99.6302,99.6999,99.6302,99.6999,1215.0
2025-01-06 22:10:00,99.69,99.69,99.69,99.69,472.0
2025-01-06 22:12:00,99.7,99.7,99.26,99.6991,3614.0
2025-01-06 22:14:00,99.68,99.7,99.68,99.7,1282.0
2025-01-06 22:16:00,99.6899,99.6899,99.6899,99.6899,1309.0
2025-01-06 22:18:00,99.64,99.687,99.63,99.65,1061.0
2025-01-06 22:22:00,99.68,99.68,99.68,99.68,554.0
2025-01-06 22:26:00,99.68,99.69,99.68,99.69,3906.0
2025-01-06 22:28:00,99.65,99.65,99.65,99.65,375.0
2025-01-06 22:30:00,99.69,99.69,99.62,99.62,846.0
2025-01-06 22:32:00,99.6899,99.74,99.6899,99.72,5222.0
2025-01-06 22:34:00,99.78,99.78,99.76,99.76,706.0
2025-01-06 22:36:00,99.73,99.78,99.72,99.78,2850.0
2025-01-06 22:38:00,99.72,99.89,99.72,99.89,1603.0
2025-01-06 22:40:00,99.87,99.89,99.85,99.89,955.0
2025-01-06 22:42:00,99.8836,99.8836,99.87,99.87,463.0
2025-01-06 22:46:00,99.84,99.85,99.84,99.85,422.0
2025-01-06 22:48:00,99.87,99.87,99.85,99.85,1308.0
2025-01-06 22:50:00,99.85,99.85,99.85,99.85,126.0
2025-01-06 22:54:00,99.83,99.83,99.26,99.26,4892.0
2025-01-06 22:58:00,99.8499,99.8499,99.8,99.8,797.0
2025-01-06 23:02:00,99.85,99.87,99.85,99.87,731.0
2025-01-06 23:04:00,99.9,99.9,99.9,99.9,420.0
2025-01-06 23:06:00,99.9,100.0,99.9,100.0,6616.0
2025-01-06 23:08:00,99.995,99.995,99.98,99.98,230.0
2025-01-06 23:10:00,99.99,100.0,99.98,99.98,1527.0
2025-01-06 23:14:00,100.0,100.0,100.0,100.0,2202.0
2025-01-06 23:18:00,99.98,99.98,99.98,99.98,1186.0
2025-01-06 23:22:00,99.9786,99.9786,99.96,99.97,604.0
2025-01-06 23:24:00,100.0,100.1,100.0,100.1,1871.0
2025-01-06 23:26:00,100.1,100.15,100.1,100.15,5825.0
2025-01-06 23:28:00,100.18,100.18,100.15,100.18,1564.0
2025-01-06 23:30:00,100.179,100.18,100.179,100.18,1955.0
2025-01-06 23:32:00,100.16,100.16,100.16,100.16,1467.0
2025-01-06 23:34:00,100.1899,100.1899,100.1899,100.1899,433.0
2025-01-06 23:36:00,100.15,100.1501,100.1,100.1,2271.0
2025-01-06 23:38:00,100.0019,100.02,100.0019,100.02,683.0
2025-01-06 23:40:00,99.91,100.1,99.91,100.097,1737.0
2025-01-06 23:42:00,99.9007,99.9007,99.9007,99.9007,356.0
2025-01-06 23:44:00,99.9,99.9,99.9,99.9,355.0
2025-01-06 23:46:00,99.9032,99.9032,99.9014,99.9014,555.0
2025-01-06 23:48:00,99.99,99.99,99.91,99.91,2002.0
2025-01-06 23:50:00,99.9899,99.9899,99.9899,99.9899,215.0
2025-01-06 23:52:00,99.95,99.95,99.95,99.95,282.0
2025-01-06 23:54:00,99.984,99.984,99.95,99.95,2030.0
2025-01-06 23:56:00,99.92,99.92,99.92,99.92,399.0
2025-01-06 23:58:00,99.99,100.0,99.99,100.0,759.0
2025-01-07 00:00:00,100.0479,100.0479,100.0,100.0,576.0
2025-01-07 00:04:00,100.04,100.04,99.95,99.95,3167.0
2025-01-07 00:06:00,99.97,100.0463,99.95,100.0463,747.0
2025-01-07 00:08:00,99.92,99.92,99.92,99.92,626.0
2025-01-07 00:10:00,99.95,99.95,99.95,99.95,462.0
2025-01-07 00:12:00,99.95,99.95,99.95,99.95,331.0
2025-01-07 00:14:00,99.97,99.97,99.9,99.9487,392.0
2025-01-07 00:16:00,99.9486,99.95,99.9486,99.95,1046.0
2025-01-07 00:18:00,99.95,99.9798,99.95,99.95,890.0
2025-01-07 00:20:00,99.9,99.98,99.9,99.98,877.0
2025-01-07 00:22:00,99.93,99.93,99.93,99.93,229.0
2025-01-07 00:26:00,99.9501,99.9501,99.9501,99.9501,298.0
2025-01-07 00:28:00,99.9792,99.9792,99.95,99.95,1157.0
2025-01-07 00:30:00,99.976,99.976,99.976,99.976,120.0
2025-01-07 00:34:00,99.98,99.98,99.9792,99.98,1383.0
2025-01-07 00:36:00,100.02,100.02,100.02,100.02,312.0
2025-01-07 00:38:00,100.0497,100.0497,100.03,100.03,1787.0
2025-01-07 00:40:00,100.0285,100.0285,99.98,99.98,1204.0
2025-01-07 00:42:00,99.98,99.9999,99.98,99.9999,538.0
2025-01-07 00:44:00,99.9995,100.0,99.9995,100.0,2600.0
2025-01-07 00:46:00,100.05,100.05,100.05,100.05,132.0
2025-01-07 00:48:00,100.0995,100.0995,100.0995,100.0995,830.0
2025-01-07 00:50:00,100.0,100.0,100.0,100.0,422.0
2025-01-07 00:54:00,100.08,100.08,100.036,100.036,1029.0
2025-01-07 00:56:00,100.05,100.05,99.96,99.99,2142.0
2025-01-07 00:58:00,99.96,100.06,99.96,100.05,3240.0
2025-01-07 09:00:00,103.75,103.96,102.6,103.96,28641.0
2025-01-07 09:02:00,103.96,104.58,103.96,104.16,17844.0
2025-01-07 09:04:00,104.13,104.13,103.81,103.81,11215.0
2025-01-07 09:06:00,103.69,103.83,103.12,103.83,14133.0
2025-01-07 09:08:00,104.11,104.5,104.11,104.26,11180.0
2025-01-07 09:10:00,104.19,104.3,104.02,104.16,6735.0
2025-01-07 09:12:00,104.16,104.16,103.89,103.89,5287.0
2025-01-07 09:14:00,103.8,103.8,103.8,103.8,1515.0
2025-01-07 09:16:00,103.76,103.76,103.03,103.26,14861.0
2025-01-07 09:18:00,103.26,103.48,103.26,103.48,2862.0
2025-01-07 09:20:00,103.51,103.72,103.51,103.72,2270.0
2025-01-07 09:22:00,103.75,103.79,103.64,103.64,6689.0
2025-01-07 09:24:00,103.66,104.14,103.66,104.11,5103.0
2025-01-07 09:26:00,104.19,104.19,103.65,103.65,7966.0
2025-01-07 09:28:00,103.6,103.8,103.6,103.65,5843.0
2025-01-07 09:30:00,103.77,103.91,103.74,103.87,6446.0
2025-01-07 09:32:00,103.98,104.04,103.88,103.99,3915.0
2025-01-07 09:34:00,104.03,104.46,104.0,104.39,11857.0
2025-01-07 09:36:00,104.45,104.68,104.42,104.67,9460.0
2025-01-07 09:38:00,104.67,104.89,104.67,104.89,8527.0
2025-01-07 09:40:00,104.97,105.36,104.8,104.9,51067.0
2025-01-07 09:42:00,104.87,104.96,104.8,104.81,8546.0
2025-01-07 09:44:00,104.82,104.82,104.26,104.26,10561.0
2025-01-07 09:46:00,104.4,104.54,104.37,104.4,18414.0
2025-01-07 09:48:00,104.5,104.68,104.44,104.5,12630.0
2025-01-07 09:50:00,104.53,104.54,104.45,104.5,8417.0
2025-01-07 09:52:00,104.49,104.62,104.45,104.57,6412.0
2025-01-07 09:54:00,104.56,104.56,104.45,104.5,5965.0
2025-01-07 09:56:00,104.53,104.53,104.23,104.37,49159.0
2025-01-07 09:58:00,104.37,104.46,104.21,104.21,8870.0
2025-01-07 10:00:00,104.25,104.28,104.21,104.28,4889.0
2025-01-07 10:02:00,104.32,104.32,104.21,104.31,12328.0
2025-01-07 10:04:00,104.29,104.32,104.11,104.11,20667.0
2025-01-07 10:06:00,104.11,104.47,103.84,104.41,34170.0
2025-01-07 10:08:00,104.38,104.53,104.35,104.53,4522.0
2025-01-07 10:10:00,104.53,104.72,104.53,104.68,7050.0
2025-01-07 10:12:00,104.7,104.77,104.7,104.77,1547.0
2025-01-07 10:14:00,104.68,104.69,104.43,104.43,4882.0
2025-01-07 10:16:00,104.4,104.5,104.4,104.5,4287.0
2025-01-07 10:18:00,104.69,104.7,104.69,104.7,2136.0
2025-01-07 10:20:00,104.645,104.7,104.645,104.7,1822.0
2025-01-07 10:22:00,104.7,104.8,104.7,104.79,3732.0
2025-01-07 10:24:00,104.71,104.77,104.52,104.53,3621.0
2025-01-07 10:26:00,104.54,104.6,104.54,104.6,1093.0
2025-01-07 10:28:00,104.7,104.7,104.7,104.7,465.0
2025-01-07 10:30:00,104.78,104.9,104.76,104.88,4615.0
2025-01-07 10:32:00,104.86,104.91,104.84,104.9,2460.0
2025-01-07 10:34:00,104.83,104.83,104.66,104.66,3775.0
2025-01-07 10:36:00,104.63,104.7,104.62,104.62,6025.0
2025-01-07 10:38:00,104.61,104.61,104.5,104.6,6575.0
2025-01-07 10:40:00,104.59,104.62,104.53,104.53,3499.0
2025-01-07 10:42:00,104.52,104.52,104.52,104.52,370.0
2025-01-07 10:44:00,104.66,104.72,104.64,104.64,1633.0
2025-01-07 10:46:00,104.6,104.6,104.55,104.58,2281.0
2025-01-07 10:48:00,104.55,104.55,104.48,104.53,8157.0
2025-01-07 10:50:00,104.55,104.55,104.55,104.55,451.0
2025-01-07 10:52:00,104.55,104.6,104.5,104.5,10465.0
2025-01-07 10:54:00,104.5,104.51,104.5,104.5,14435.0
2025-01-07 10:56:00,104.5,104.65,104.5,104.65,8627.0
2025-01-07 10:58:00,104.57,104.69,104.57,104.69,6289.0
2025-01-07 11:00:00,104.69,104.69,104.68,104.68,2148.0
2025-01-07 11:02:00,104.59,104.59,104.5,104.59,2639.0
2025-01-07 11:04:00,104.59,104.6,104.5,104.5,8382.0
2025-01-07 11:06:00,104.58,104.58,104.5,104.5,2848.0
2025-01-07 11:08:00,104.5,104.56,104.25,104.26,13514.0
2025-01-07 11:10:00,104.22,104.27,104.12,104.25,6115.0
2025-01-07 11:12:00,104.25,104.43,104.0,104.41,7111.0
2025-01-07 11:14:00,104.42,104.42,104.01,104.04,4230.0
2025-01-07 11:16:00,104.17,104.35,104.0,104.15,7608.0
2025-01-07 11:18:00,104.08,104.19,104.08,104.19,861.0
2025-01-07 11:20:00,104.33,104.33,104.33,104.33,533.0
2025-01-07 11:22:00,104.3,104.3,104.3,104.3,432.0
2025-01-07 11:24:00,104.31,104.43,104.31,104.42,3819.0
2025-01-07 11:26:00,104.46,104.59,104.46,104.58,6728.0
2025-01-07 11:28:00,104.58,104.59,104.39,104.39,5423.0
2025-01-07 11:30:00,104.34,104.34,104.18,104.18,2419.0
2025-01-07 11:32:00,104.12,104.12,103.6,103.6,7177.0
2025-01-07 11:34:00,103.51,103.77,103.32,103.5,16086.0
2025-01-07 11:36:00,103.49,104.1,103.49,103.96,9368.0
2025-01-07 11:38:00,103.95,104.09,103.95,104.04,3211.0
2025-01-07 11:40:00,104.04,104.04,104.0,104.0,1712.0
2025-01-07 11:42:00,103.62,103.85,103.6,103.85,2120.0
2025-01-07 11:44:00,103.69,103.69,103.19,103.53,12583.0
2025-01-07 11:46:00,103.53,103.72,103.45,103.7,5524.0
2025-01-07 11:48:00,103.68,103.74,103.58,103.58,4359.0
2025-01-07 11:50:00,103.51,103.51,103.2,103.2,6178.0
2025-01-07 11:52:00,103.19,103.32,103.04,103.32,4264.0
2025-01-07 11:54:00,103.29,103.29,103.25,103.25,2223.0
2025-01-07 11:56:00,103.25,103.39,103.25,103.39,2746.0
2025-01-07 11:58:00,103.38,103.6,103.25,103.47,15742.0
2025-01-07 12:00:00,103.54,103.6,102.58,102.58,34254.0
2025-01-07 12:02:00,102.575,102.89,102.55,102.8,14871.0
2025-01-07 12:04:00,102.8,103.14,102.74,103.14,7627.0
2025-01-07 12:06:00,103.01,103.05,102.73,102.98,18400.0
2025-01-07 12:08:00,102.93,103.18,102.93,103.17,15016.0
2025-01-07 12:10:00,103.14,103.52,103.14,103.18,7991.0
2025-01-07 12:12:00,103.3,103.5,103.25,103.5,12232.0
2025-01-07 12:14:00,103.41,103.5,103.4,103.4,5010.0
2025-01-07 12:16:00,103.25,103.33,103.25,103.3,2004.0
2025-01-07 12:18:00,103.39,103.5,103.33,103.33,5396.0
2025-01-07 12:20:00,103.35,103.4,103.25,103.25,5410.0
2025-01-07 12:22:00,103.28,103.38,103.28,103.37,2699.0
2025-01-07 12:24:00,103.32,103.32,103.0,103.0,13773.0
2025-01-07 12:26:00,103.18,103.23,103.15,103.23,3252.0
2025-01-07 12:28:00,103.1,103.15,102.81,102.9,5209.0
2025-01-07 12:30:00,102.9,103.0,102.85,103.0,5706.0
2025-01-07 12:32:00,103.0,103.0,102.8,102.83,10487.0
2025-01-07 12:34:00,102.8,102.81,102.7,102.75,3159.0
2025-01-07 12:36:00,102.88,102.88,102.77,102.77,4864.0
2025-01-07 12:38:00,102.72,102.72,102.61,102.7,7076.0
2025-01-07 12:40:00,102.83,102.88,102.75,102.75,6884.0
2025-01-07 12:42:00,102.86,103.22,102.86,103.22,9233.0
2025-01-07 12:44:00,103.25,103.31,103.18,103.18,3713.0
2025-01-07 12:46:00,103.09,103.09,103.0,103.0,3546.0
2025-01-07 12:48:00,103.14,103.15,103.14,103.15,576.0
2025-01-07 12:50:00,103.26,103.3,103.26,103.29,2937.0
2025-01-07 12:52:00,103.39,103.5,103.24,103.5,11547.0
2025-01-07 12:54:00,103.51,103.65,103.51,103.57,7419.0
2025-01-07 12:56:00,103.53,103.56,103.39,103.48,5965.0
2025-01-07 12:58:00,103.4,103.62,103.4,103.62,3010.0
2025-01-07 13:00:00,102.79,105.8,102.56,103.43,310469.0
2025-01-07 13:02:00,103.4,103.43,103.35,103.38,4897.0
2025-01-07 13:04:00,103.4299,103.4299,103.3,103.305,6668.0
2025-01-07 13:06:00,103.4,103.4,103.1,103.29,9438.0
2025-01-07 13:08:00,103.2,103.2499,103.16,103.2,11381.0
2025-01-07 13:10:00,103.2498,103.31,103.19,103.31,11542.0
2025-01-07 13:12:00,103.26,103.5994,103.26,103.54,15819.0
2025-01-07 13:14:00,103.5,103.54,103.39,103.47,10366.0
2025-01-07 13:16:00,103.48,103.48,103.3,103.3,3017.0
2025-01-07 13:18:00,103.34,103.54,103.3106,103.54,10949.0
2025-01-07 13:20:00,103.3528,103.5499,103.3528,103.47,7323.0
2025-01-07 13:22:00,103.5,103.5,103.25,103.35,7440.0
2025-01-07 13:24:00,103.4,103.4,103.2,103.2,14769.0
2025-01-07 13:26:00,103.2,103.35,103.15,103.35,11167.0
2025-01-07 13:28:00,103.3,103.3,103.08,103.08,22519.0
2025-01-07 13:30:00,103.15,103.15,102.8308,103.0,11654.0
2025-01-07 13:32:00,103.0107,103.24,103.0107,103.24,9049.0
2025-01-07 13:34:00,103.14,103.25,103.14,103.2,8693.0
2025-01-07 13:36:00,103.1599,103.1599,102.95,102.96,22212.0
2025-01-07 13:38:00,102.95,102.95,102.5602,102.92,45164.0
2025-01-07 13:40:00,102.883,103.0,102.883,102.96,11714.0
2025-01-07 13:42:00,102.96,102.9998,102.7,102.9997,22296.0
2025-01-07 13:44:00,103.0,103.17,102.99,103.15,11875.0
2025-01-07 13:46:00,103.1792,103.35,103.08,103.34,17943.0
2025-01-07 13:48:00,103.24,103.4382,103.24,103.4,14893.0
2025-01-07 13:50:00,103.3987,103.5,103.35,103.4601,11926.0
2025-01-07 13:52:00,103.46,103.4897,103.33,103.44,10509.0
2025-01-07 13:54:00,103.45,103.49,103.4,103.4389,6903.0
2025-01-07 13:56:00,103.4,103.56,103.4,103.56,23430.0
2025-01-07 13:58:00,103.6,103.72,103.48,103.5,16004.0
2025-01-07 14:00:00,103.57,103.91,103.5,103.9,17235.0
2025-01-07 14:02:00,103.92,104.1,103.88,104.08,50167.0
2025-01-07 14:04:00,104.0827,104.3953,104.0827,104.26,43434.0
2025-01-07 14:06:00,104.27,104.6,104.18,104.5,81033.0
2025-01-07 14:08:00,104.5,104.5,104.25,104.4788,26320.0
2025-01-07 14:10:00,104.5,104.66,104.38,104.38,32759.0
2025-01-07 14:12:00,104.47,104.7,104.38,104.65,22640.0
2025-01-07 14:14:00,104.66,104.71,104.38,104.7,41569.0
2025-01-07 14:16:00,104.7,104.77,104.51,104.51,30894.0
2025-01-07 14:18:00,104.6513,104.72,104.32,104.5,27991.0
2025-01-07 14:20:00,104.32,104.41,104.0995,104.18,19203.0
2025-01-07 14:22:00,104.2499,104.2899,103.9,104.0,25719.0
2025-01-07 14:24:00,103.96,104.41,103.85,104.35,33314.0
2025-01-07 14:26:00,104.4,104.44,103.93,104.05,35828.0
2025-01-07 14:28:00,104.1,104.1,103.35,103.41,47850.0
2025-01-07 14:30:00,103.41,103.59,102.13,102.75,1806419.0
2025-01-07 14:32:00,102.71,103.799,102.71,103.14,586793.0
2025-01-07 14:34:00,103.14,103.36,102.54,102.685,679665.0
2025-01-07 14:36:00,102.72,102.75,101.83,102.6505,717489.0
2025-01-07 14:38:00,102.65,103.39,102.63,103.015,558919.0
2025-01-07 14:40:00,103.05,104.07,102.95,103.555,985305.0
2025-01-07 14:42:00,103.5,104.48,103.41,104.35,514674.0
2025-01-07 14:44:00,104.3373,104.88,104.31,104.74,548214.0
2025-01-07 14:46:00,104.7736,105.83,104.651,105.745,930695.0
2025-01-07 14:48:00,105.7214,106.5,105.71,105.908,1055314.0
2025-01-07 14:50:00,105.855,106.7399,105.75,106.13,879501.0
2025-01-07 14:52:00,106.13,106.3699,105.7,106.075,654101.0
2025-01-07 14:54:00,106.1,106.2,105.4,105.8897,582526.0
2025-01-07 14:56:00,105.88,105.91,104.65,105.01,731348.0
2025-01-07 14:58:00,105.01,105.2016,104.69,104.91,537392.0
2025-01-07 15:00:00,104.945,105.08,103.895,104.08,822430.0
2025-01-07 15:02:00,104.08,104.69,103.415,104.54,613147.0
2025-01-07 15:04:00,104.5601,104.74,103.84,104.2129,409241.0
2025-01-07 15:06:00,104.21,104.45,103.91,103.975,287993.0
2025-01-07 15:08:00,103.975,104.15,103.172,103.38,412565.0
2025-01-07 15:10:00,103.37,103.66,103.11,103.4075,406017.0
2025-01-07 15:12:00,103.41,104.51,103.31,104.34,429449.0
2025-01-07 15:14:00,104.3789,104.3789,103.53,103.67,194126.0
2025-01-07 15:16:00,103.69,103.826,103.3,103.43,302056.0
2025-01-07 15:18:00,103.4,103.68,103.24,103.565,285080.0
2025-01-07 15:20:00,103.5386,104.79,103.4644,104.55,387133.0
2025-01-07 15:22:00,104.525,104.9,104.43,104.678,349881.0
2025-01-07 15:24:00,104.69,105.16,104.61,105.065,366155.0
2025-01-07 15:26:00,105.088,105.46,104.94,105.22,378868.0
2025-01-07 15:28:00,105.2,105.24,104.49,104.5,333479.0
2025-01-07 15:30:00,104.505,104.75,103.75,103.97,376082.0
2025-01-07 15:32:00,103.96,104.087,103.48,103.78,382720.0
2025-01-07 15:34:00,103.8,103.99,103.4387,103.565,305124.0
2025-01-07 15:36:00,103.56,103.73,103.18,103.2964,371746.0
2025-01-07 15:38:00,103.2758,103.38,102.6201,102.806,530554.0
2025-01-07 15:40:00,102.8,103.1415,102.5,102.81,254347.0
2025-01-07 15:42:00,102.805,102.94,102.38,102.53,342754.0
2025-01-07 15:44:00,102.5001,103.1799,102.5,103.11,292341.0
2025-01-07 15:46:00,103.1399,103.1399,102.3,102.566,334008.0
2025-01-07 15:48:00,102.58,102.7999,102.4,102.63,165508.0
2025-01-07 15:50:00,102.65,103.27,102.63,103.12,246104.0
2025-01-07 15:52:00,103.15,104.17,103.15,104.08,332486.0
2025-01-07 15:54:00,104.094,104.48,104.08,104.0901,299753.0
2025-01-07 15:56:00,104.0918,104.87,104.0918,104.845,423635.0
2025-01-07 15:58:00,104.82,104.86,104.5716,104.7,228434.0
2025-01-07 16:00:00,104.71,105.07,104.66,104.855,361938.0
2025-01-07 16:02:00,104.8696,105.3623,104.84,105.3623,299375.0
2025-01-07 16:04:00,105.37,105.69,105.14,105.2875,478815.0
2025-01-07 16:06:00,105.28,105.79,105.03,105.27,327269.0
2025-01-07 16:08:00,105.27,105.8,105.25,105.5101,286613.0
2025-01-07 16:10:00,105.56,105.88,105.3801,105.455,245532.0
2025-01-07 16:12:00,105.45,105.73,105.23,105.7,226297.0
2025-01-07 16:14:00,105.71,105.83,105.5,105.59,242688.0
2025-01-07 16:16:00,105.605,105.63,105.17,105.575,240694.0
2025-01-07 16:18:00,105.57,105.78,105.51,105.5799,167413.0
2025-01-07 16:20:00,105.58,105.85,105.5745,105.76,176514.0
2025-01-07 16:22:00,105.755,105.9,105.52,105.78,145013.0
2025-01-07 16:24:00,105.81,106.28,105.785,106.18,506715.0
2025-01-07 16:26:00,106.17,106.2793,105.78,105.84,290202.0
2025-01-07 16:28:00,105.82,106.1,105.63,106.0586,271721.0
2025-01-07 16:30:00,106.04,106.05,105.4,105.57,237079.0
2025-01-07 16:32:00,105.57,105.9,105.57,105.81,148833.0
2025-01-07 16:34:00,105.7601,105.8299,105.25,105.37,212885.0
2025-01-07 16:36:00,105.42,105.48,105.17,105.4303,179820.0
2025-01-07 16:38:00,105.425,105.7,105.3802,105.63,146944.0
2025-01-07 16:40:00,105.63,105.8,105.45,105.5,181484.0
2025-01-07 16:42:00,105.505,105.52,105.28,105.28,126430.0
2025-01-07 16:44:00,105.2725,105.42,105.11,105.17,168990.0
2025-01-07 16:46:00,105.17,105.36,104.8305,105.285,234964.0
2025-01-07 16:48:00,105.285,105.354,105.0,105.035,152248.0
2025-01-07 16:50:00,105.038,105.05,104.4804,104.54,220975.0
2025-01-07 16:52:00,104.52,104.91,104.52,104.6911,165773.0
2025-01-07 16:54:00,104.7,104.7299,104.39,104.43,218464.0
2025-01-07 16:56:00,104.43,104.6,104.34,104.37,128669.0
2025-01-07 16:58:00,104.384,104.43,104.2768,104.33,129977.0
2025-01-07 17:00:00,104.35,104.5846,104.32,104.425,192785.0
2025-01-07 17:02:00,104.42,104.4399,104.18,104.31,106153.0
2025-01-07 17:04:00,104.29,104.32,103.94,104.1257,183600.0
2025-01-07 17:06:00,104.1,104.15,103.77,104.09,140804.0
2025-01-07 17:08:00,104.1,104.196,103.9703,104.07,101922.0
2025-01-07 17:10:00,104.025,104.05,103.4801,103.59,160212.0
2025-01-07 17:12:00,103.6133,103.7799,103.5,103.68,203224.0
2025-01-07 17:14:00,103.695,103.81,103.5482,103.56,99303.0
2025-01-07 17:16:00,103.57,103.75,103.55,103.71,86157.0
2025-01-07 17:18:00,103.73,103.788,103.54,103.55,97234.0
2025-01-07 17:20:00,103.56,103.5734,103.33,103.41,108218.0
2025-01-07 17:22:00,103.4,103.49,103.12,103.1696,135686.0
2025-01-07 17:24:00,103.17,103.2118,102.97,103.03,140607.0
2025-01-07 17:26:00,103.01,103.07,102.86,103.0099,145349.0
2025-01-07 17:28:00,103.01,103.1799,102.955,103.087,102702.0
2025-01-07 17:30:00,103.09,103.25,102.96,103.055,113346.0
2025-01-07 17:32:00,103.08,103.28,102.96,103.07,114538.0
2025-01-07 17:34:00,103.035,103.035,102.83,102.94,133431.0
2025-01-07 17:36:00,102.945,103.2199,102.935,102.98,109969.0
2025-01-07 17:38:00,102.9775,102.9783,102.77,102.795,149397.0
2025-01-07 17:40:00,102.77,102.84,102.56,102.63,147437.0
2025-01-07 17:42:00,102.64,102.8216,102.56,102.78,100300.0
2025-01-07 17:44:00,102.78,102.993,102.725,102.84,94923.0
2025-01-07 17:46:00,102.855,102.95,102.7001,102.775,82920.0
2025-01-07 17:48:00,102.785,102.82,102.65,102.75,67816.0
2025-01-07 17:50:00,102.78,102.8871,102.62,102.66,79112.0
2025-01-07 17:52:00,102.66,102.83,102.645,102.75,70384.0
2025-01-07 17:54:00,102.7499,103.11,102.74,103.01,152058.0
2025-01-07 17:56:00,103.0,103.23,103.0,103.2,155665.0
2025-01-07 17:58:00,103.21,103.4899,103.18,103.4499,163835.0
2025-01-07 18:00:00,103.43,103.48,103.2692,103.44,136232.0
2025-01-07 18:02:00,103.425,103.57,103.42,103.57,110739.0
2025-01-07 18:04:00,103.555,103.6099,103.4,103.406,114564.0
2025-01-07 18:06:00,103.44,103.48,103.35,103.45,100769.0
2025-01-07 18:08:00,103.445,103.7299,103.43,103.55,127018.0
2025-01-07 18:10:00,103.565,103.6,103.34,103.42,78426.0
2025-01-07 18:12:00,103.43,103.54,103.3801,103.498,60434.0
2025-01-07 18:14:00,103.48,103.6,103.4,103.46,83068.0
2025-01-07 18:16:00,103.48,103.6099,103.39,103.5891,63364.0
2025-01-07 18:18:00,103.59,103.75,103.5501,103.61,91859.0
2025-01-07 18:20:00,103.6,103.895,103.58,103.88,140386.0
2025-01-07 18:22:00,103.88,104.02,103.7628,103.82,169108.0
2025-01-07 18:24:00,103.83,103.92,103.78,103.905,85782.0
2025-01-07 18:26:00,103.89,103.98,103.82,103.9,104001.0
2025-01-07 18:28:00,103.9,103.95,103.75,103.87,95412.0
2025-01-07 18:30:00,103.8736,103.8736,103.35,103.4401,139205.0
2025-01-07 18:32:00,103.46,103.62,103.4401,103.45,110312.0
2025-01-07 18:34:00,103.46,103.64,103.43,103.62,78083.0
2025-01-07 18:36:00,103.59,103.64,103.38,103.3802,110758.0
2025-01-07 18:38:00,103.383,103.55,103.38,103.5,48382.0
2025-01-07 18:40:00,103.51,103.54,103.37,103.455,80020.0
2025-01-07 18:42:00,103.45,103.585,103.41,103.55,59075.0
2025-01-07 18:44:00,103.54,103.55,103.41,103.49,50034.0
2025-01-07 18:46:00,103.49,103.6,103.37,103.6,75951.0
2025-01-07 18:48:00,103.586,103.63,103.3601,103.39,59619.0
2025-01-07 18:50:00,103.37,103.44,103.33,103.3799,56408.0
2025-01-07 18:52:00,103.365,103.46,103.27,103.33,66217.0
2025-01-07 18:54:00,103.33,103.42,103.2,103.36,91478.0
2025-01-07 18:56:00,103.36,103.365,103.205,103.24,72437.0
2025-01-07 18:58:00,103.25,103.25,103.1,103.21,70130.0
2025-01-07 19:00:00,103.2,103.2499,103.03,103.2113,71455.0
2025-01-07 19:02:00,103.19,103.29,103.01,103.01,66540.0
2025-01-07 19:04:00,103.01,103.05,102.66,102.66,162084.0
2025-01-07 19:06:00,102.645,102.9534,102.645,102.87,104944.0
2025-01-07 19:08:00,102.845,102.92,102.74,102.79,71071.0
2025-01-07 19:10:00,102.79,102.81,102.6401,102.75,84633.0
2025-01-07 19:12:00,102.75,103.065,102.75,103.06,130317.0
2025-01-07 19:14:00,103.07,103.07,102.58,102.619,127609.0
2025-01-07 19:16:00,102.62,102.73,102.54,102.69,76951.0
2025-01-07 19:18:00,102.7,102.87,102.67,102.83,71107.0
2025-01-07 19:20:00,102.83,102.930189,102.61,102.69,76970.0
2025-01-07 19:22:00,102.69,102.73,102.6,102.64,74243.0
2025-01-07 19:24:00,102.66,102.914,102.62,102.815,104070.0
2025-01-07 19:26:00,102.78,102.86,102.65,102.8,82894.0
2025-01-07 19:28:00,102.7852,102.9,102.77,102.805,58444.0
2025-01-07 19:30:00,102.78,102.79,102.59,102.62,79002.0
2025-01-07 19:32:00,102.61,102.6999,102.562,102.6802,101510.0
2025-01-07 19:34:00,102.6948,102.6948,102.5707,102.5875,58785.0
2025-01-07 19:36:00,102.6,102.6199,102.46,102.5481,100842.0
2025-01-07 19:38:00,102.54,102.57,102.36,102.45,64883.0
2025-01-07 19:40:00,102.45,102.4994,102.2103,102.31,180287.0
2025-01-07 19:42:00,102.3,102.48,102.29,102.466543,105526.0
2025-01-07 19:44:00,102.48,102.85,102.48,102.82,186720.0
2025-01-07 19:46:00,102.82,102.89,102.7,102.7346,121716.0
2025-01-07 19:48:00,102.725,102.725,102.45,102.4793,54464.0
2025-01-07 19:50:00,102.4677,102.6999,102.4501,102.565,64713.0
2025-01-07 19:52:00,102.56,102.6,102.31,102.3201,71695.0
2025-01-07 19:54:00,102.32,102.325,102.17,102.2573,74982.0
2025-01-07 19:56:00,102.25,102.25,102.095,102.18,87680.0
2025-01-07 19:58:00,102.19,102.22,102.1001,102.15,55072.0
2025-01-07 20:00:00,102.15,102.205,101.84,101.85,248778.0
2025-01-07 20:02:00,101.85,101.95,101.8,101.89,121086.0
2025-01-07 20:04:00,101.9,102.0,101.87,101.98,140639.0
2025-01-07 20:06:00,101.9701,102.29,101.92,102.045,142229.0
2025-01-07 20:08:00,102.045,102.1264,101.8045,101.905,107693.0
2025-01-07 20:10:00,101.88,101.94,101.81,101.8376,102249.0
2025-01-07 20:12:00,101.85,101.9,101.76,101.8,120324.0
2025-01-07 20:14:00,101.8,101.9174,101.79,101.825,90634.0
2025-01-07 20:16:00,101.829,101.92,101.67,101.71,128669.0
2025-01-07 20:18:00,101.713,101.81,101.69,101.75,66591.0
2025-01-07 20:20:00,101.76,101.9,101.74,101.84,123836.0
2025-01-07 20:22:00,101.8476,101.8476,101.62,101.77,154536.0
2025-01-07 20:24:00,101.76,101.94,101.68,101.85,131193.0
2025-01-07 20:26:00,101.86,101.88,101.76,101.87,88846.0
2025-01-07 20:28:00,101.869,101.97,101.75,101.75,231451.0
2025-01-07 20:30:00,101.76,101.895,101.64,101.655,145722.0
2025-01-07 20:32:00,101.65,101.81,101.625,101.72,135084.0
2025-01-07 20:34:00,101.71,101.71,101.16,101.19,253983.0
2025-01-07 20:36:00,101.19,101.45,101.18,101.38,168088.0
2025-01-07 20:38:00,101.3729,101.73,101.3,101.72,179227.0
2025-01-07 20:40:00,101.7,101.9599,101.68,101.94,171205.0
2025-01-07 20:42:00,101.93,102.045,101.82,102.02,213676.0
2025-01-07 20:44:00,102.02,102.03,101.79,101.79,227708.0
2025-01-07 20:46:00,101.79,102.25,101.78,102.24,255605.0
2025-01-07 20:48:00,102.23,102.31,102.0337,102.135,258087.0
2025-01-07 20:50:00,102.14,102.33,102.01,102.09,305883.0
2025-01-07 20:52:00,102.09,102.39,102.0601,102.38,322902.0
2025-01-07 20:54:00,102.38,102.44,102.16,102.225,499300.0
2025-01-07 20:56:00,102.22,102.38,102.07,102.13,666529.0
2025-01-07 20:58:00,102.12,102.15,101.87,101.91,1034061.0
2025-01-07 21:00:00,101.91,102.0,101.91,101.91,221507.0
2025-01-07 21:02:00,101.9207,101.9491,101.89,101.93,5606.0
2025-01-07 21:04:00,101.94,101.95,101.88,101.88,5054.0
2025-01-07 21:06:00,101.9,102.05,101.9,102.05,8438.0
2025-01-07 21:08:00,102.1,102.23,102.04,102.23,2036.0
2025-01-07 21:10:00,102.16,102.2,102.16,102.17,1669.0
2025-01-07 21:12:00,102.17,102.43,102.17,102.38,5837.0
2025-01-07 21:14:00,102.33,102.4,102.3,102.3,4110.0
2025-01-07 21:16:00,102.32,102.35,102.31,102.32,2712.0
2025-01-07 21:18:00,102.35,102.35,102.32,102.32,2358.0
2025-01-07 21:20:00,102.3101,102.3101,102.22,102.22,3344.0
2025-01-07 21:22:00,102.2,102.2,102.0075,102.14,3480.0
2025-01-07 21:24:00,102.15,102.15,102.1,102.15,2633.0
2025-01-07 21:26:00,101.91,102.17,101.91,102.1311,1698.0
2025-01-07 21:28:00,102.17,102.19,102.01,102.01,53049.0
2025-01-07 21:30:00,102.06,102.06,102.01,102.01,1493.0
2025-01-07 21:32:00,102.05,102.05,102.01,102.01,1901.0
2025-01-07 21:34:00,102.04,102.04,102.01,102.04,740.0
2025-01-07 21:36:00,102.12,102.18,102.12,102.14,2478.0
2025-01-07 21:38:00,102.12,102.14,102.12,102.14,89518.0
2025-01-07 21:40:00,102.09,102.13,102.09,102.1,1372.0
2025-01-07 21:42:00,102.08,102.14,102.08,102.1201,1966.0
2025-01-07 21:44:00,102.15,102.27,102.15,102.27,2690.0
2025-01-07 21:46:00,102.25,102.27,102.21,102.21,748.0
2025-01-07 21:48:00,102.27,102.27,102.22,102.22,1146.0
2025-01-07 21:50:00,102.24,102.39,102.24,102.39,4438.0
2025-01-07 21:52:00,102.4,102.4499,102.39,102.44,6809.0
2025-01-07 21:54:00,102.45,102.55,102.44,102.5,10529.0
2025-01-07 21:56:00,102.5,102.55,102.5,102.55,1307.0
2025-01-07 21:58:00,102.5484,102.62,101.91,101.91,5390.0
2025-01-07 22:00:00,102.6099,102.6099,102.55,102.6,3297.0
2025-01-07 22:02:00,102.61,102.61,102.54,102.54,1822.0
2025-01-07 22:04:00,102.54,102.56,102.5,102.5,4182.0
2025-01-07 22:06:00,102.5,102.63,102.5,102.51,4912.0
2025-01-07 22:08:00,102.5799,102.5799,102.5799,102.5799,283.0
2025-01-07 22:10:00,102.5,102.52,102.5,102.51,1493.0
2025-01-07 22:12:00,102.63,102.63,102.6,102.6,974.0
2025-01-07 22:14:00,102.6,102.6,102.55,102.55,945.0
2025-01-07 22:16:00,102.56,102.56,102.56,102.56,1483.0
2025-01-07 22:18:00,102.56,102.56,102.56,102.56,249.0
2025-01-07 22:20:00,102.51,102.58,102.501,102.58,2160.0
2025-01-07 22:22:00,102.55,102.55,102.5,102.5,2168.0
2025-01-07 22:24:00,102.5,102.51,102.5,102.5,1310.0
2025-01-07 22:26:00,102.5001,102.5001,102.5001,102.5001,714.0
2025-01-07 22:28:00,102.55,102.56,102.5,102.5,1509.0
2025-01-07 22:30:00,102.5,102.51,102.5,102.51,1192.0
2025-01-07 22:32:00,102.6,102.6,102.6,102.6,886.0
2025-01-07 22:34:00,102.5,102.51,102.5,102.51,563.0
2025-01-07 22:36:00,102.6,102.6,102.6,102.6,593.0
2025-01-07 22:38:00,102.54,102.6,102.54,102.5993,3284.0
2025-01-07 22:40:00,102.59,102.6,102.55,102.55,956.0
2025-01-07 22:42:00,102.6,102.6,102.6,102.6,270.0
2025-01-07 22:44:00,102.54,102.5501,102.54,102.55,1480.0
2025-01-07 22:46:00,102.6,102.6,102.55,102.59,1601.0
2025-01-07 22:48:00,102.59,102.62,102.59,102.62,1151.0
2025-01-07 22:50:00,102.62,102.62,102.6,102.6,2203.0
2025-01-07 22:52:00,102.55,102.55,102.55,102.55,250.0
2025-01-07 22:54:00,102.59,102.6,102.53,102.6,890.0
2025-01-07 22:56:00,102.55,102.55,102.53,102.53,1743.0
2025-01-07 22:58:00,102.55,102.58,102.54,102.58,933.0
2025-01-07 23:00:00,102.59,102.5999,102.58,102.58,612.0
2025-01-07 23:02:00,102.5,102.55,102.5,102.55,542.0
2025-01-07 23:04:00,102.57,102.6,102.51,102.6,2229.0
2025-01-07 23:06:00,102.5,102.5,102.5,102.5,1610.0
2025-01-07 23:08:00,102.54,102.54,102.5,102.54,2126.0
2025-01-07 23:10:00,102.51,102.51,102.5,102.5,3899.0
2025-01-07 23:12:00,102.5013,102.5013,102.5013,102.5013,505.0
2025-01-07 23:14:00,102.5,102.55,102.5,102.55,826.0
2025-01-07 23:16:00,102.5871,102.59,102.501,102.501,1305.0
2025-01-07 23:18:00,102.52,102.59,102.5,102.5101,2289.0
2025-01-07 23:20:00,102.51,102.55,102.51,102.55,965.0
2025-01-07 23:22:00,102.58,102.58,102.58,102.58,596.0
2025-01-07 23:28:00,102.53,102.53,102.53,102.53,114.0
2025-01-07 23:30:00,102.5101,102.5101,102.5101,102.5101,173.0
2025-01-07 23:34:00,102.53,102.53,102.53,102.53,1069.0
2025-01-07 23:36:00,102.52,102.52,102.5,102.51,2724.0
2025-01-07 23:38:00,102.5,102.59,102.5,102.59,756.0
2025-01-07 23:40:00,102.5,102.5,102.5,102.5,663.0
2025-01-07 23:44:00,102.52,102.55,102.5,102.55,5577.0
2025-01-07 23:46:00,102.5,102.5,102.5,102.5,346.0
2025-01-07 23:50:00,102.5781,102.58,102.55,102.58,2394.0
2025-01-07 23:52:00,102.5795,102.5795,102.54,102.54,466.0
2025-01-07 23:54:00,102.5,102.51,102.5,102.5,2164.0
2025-01-07 23:56:00,102.5,102.5773,102.5,102.5773,2231.0
2025-01-07 23:58:00,102.57,102.6,102.52,102.6,5147.0
2025-01-08 00:00:00,102.62,102.62,102.6,102.6,416.0
2025-01-08 00:02:00,102.5913,102.6299,102.5913,102.6299,671.0
2025-01-08 00:04:00,102.59,102.62,102.59,102.62,1048.0
2025-01-08 00:08:00,102.6,102.6292,102.57,102.6,6492.0
2025-01-08 00:10:00,102.62,102.63,102.6001,102.6001,2021.0
2025-01-08 00:12:00,102.6,102.6,102.6,102.6,570.0
2025-01-08 00:14:00,102.63,102.63,102.58,102.58,777.0
2025-01-08 00:16:00,102.58,102.64,102.58,102.64,716.0
2025-01-08 00:18:00,102.6,102.638,102.58,102.59,1784.0
2025-01-08 00:20:00,102.6013,102.63,102.6013,102.63,2073.0
2025-01-08 00:22:00,102.6,102.63,102.6,102.6,2403.0
2025-01-08 00:24:00,102.57,102.62,102.5301,102.62,1210.0
2025-01-08 00:26:00,102.6,102.6,102.6,102.6,344.0
2025-01-08 00:28:00,102.6,102.6292,102.5,102.6292,1479.0
2025-01-08 00:30:00,102.55,102.63,102.55,102.5501,2746.0
2025-01-08 00:32:00,102.5491,102.5491,102.5,102.5,716.0
2025-01-08 00:34:00,102.5001,102.5001,102.5001,102.5001,182.0
2025-01-08 00:36:00,102.55,102.55,102.55,102.55,126.0
2025-01-08 00:38:00,102.62,102.62,102.62,102.62,254.0
2025-01-08 00:40:00,102.62,102.62,102.6,102.6,320.0
2025-01-08 00:42:00,102.52,102.52,102.5,102.5,555.0
2025-01-08 00:44:00,102.54,102.6192,102.54,102.58,1788.0
2025-01-08 00:46:00,102.58,102.58,102.54,102.55,1223.0
2025-01-08 00:48:00,102.5401,102.6196,102.5401,102.6196,333.0
2025-01-08 00:50:00,102.62,102.62,102.6,102.62,1707.0
2025-01-08 00:52:00,102.6199,102.6199,102.54,102.54,1594.0
2025-01-08 00:54:00,102.62,102.62,102.54,102.61,829.0
2025-01-08 00:56:00,102.61,102.61,102.55,102.55,325.0
2025-01-08 00:58:00,102.62,102.64,102.6,102.64,8877.0
2025-01-08 09:00:00,102.5,103.23,102.49,103.01,9481.0
2025-01-08 09:02:00,103.16,103.28,103.16,103.28,3073.0
2025-01-08 09:04:00,103.28,103.65,103.28,103.4,10397.0
2025-01-08 09:06:00,103.3,103.4,103.23,103.23,2040.0
2025-01-08 09:08:00,103.42,103.42,103.42,103.42,498.0
2025-01-08 09:10:00,103.47,103.94,103.47,103.9,4859.0
2025-01-08 09:12:00,103.81,103.9,103.53,103.69,3805.0
2025-01-08 09:14:00,103.63,103.76,103.53,103.53,1941.0
2025-01-08 09:16:00,103.64,103.74,103.64,103.71,3789.0
2025-01-08 09:18:00,103.71,103.72,103.58,103.6,7525.0
2025-01-08 09:20:00,103.58,103.69,103.58,103.69,4170.0
2025-01-08 09:22:00,103.72,103.73,103.7,103.7,2015.0
2025-01-08 09:24:00,103.79,103.93,103.78,103.78,5111.0
2025-01-08 09:26:00,103.81,103.81,103.81,103.81,103.0
2025-01-08 09:28:00,103.8,103.8,103.66,103.72,3065.0
2025-01-08 09:30:00,103.73,103.73,103.66,103.66,1216.0
2025-01-08 09:32:00,103.51,103.67,103.45,103.67,2325.0
2025-01-08 09:36:00,103.86,103.87,103.78,103.78,2107.0
2025-01-08 09:38:00,103.81,103.82,103.61,103.61,2346.0
2025-01-08 09:40:00,103.6,103.74,103.6,103.7,4755.0
2025-01-08 09:44:00,103.78,103.94,103.77,103.87,3519.0
2025-01-08 09:46:00,103.84,103.84,103.79,103.79,1059.0
2025-01-08 09:48:00,103.74,103.74,103.68,103.73,1833.0
2025-01-08 09:50:00,103.73,103.73,103.68,103.68,1091.0
2025-01-08 09:52:00,103.65,103.65,103.57,103.57,3756.0
2025-01-08 09:54:00,103.61,103.61,103.53,103.53,647.0
2025-01-08 09:56:00,103.61,103.61,103.58,103.58,2286.0
2025-01-08 09:58:00,103.66,103.7,103.66,103.67,2080.0
2025-01-08 10:00:00,103.7,103.7,103.68,103.68,722.0
2025-01-08 10:02:00,103.67,103.75,103.67,103.75,1681.0
2025-01-08 10:04:00,103.73,103.83,103.7,103.83,3257.0
2025-01-08 10:06:00,103.85,103.85,103.83,103.83,616.0
2025-01-08 10:10:00,103.82,103.9,103.82,103.9,1846.0
2025-01-08 10:12:00,103.9,103.99,103.9,103.99,4421.0
2025-01-08 10:14:00,103.98,104.2,103.94,104.19,12898.0
2025-01-08 10:16:00,104.2,104.29,104.2,104.28,4515.0
2025-01-08 10:18:00,104.21,104.21,104.2,104.2,2991.0
2025-01-08 10:20:00,104.09,104.1,104.05,104.05,1730.0
2025-01-08 10:22:00,104.01,104.13,104.01,104.05,2756.0
2025-01-08 10:24:00,104.05,104.05,104.05,104.05,185.0
2025-01-08 10:26:00,104.01,104.05,104.01,104.02,850.0
2025-01-08 10:28:00,104.01,104.01,104.01,104.01,120.0
2025-01-08 10:30:00,104.02,104.02,104.0,104.0,450.0
2025-01-08 10:32:00,104.0,104.0,103.83,103.86,5618.0
2025-01-08 10:34:00,103.88,103.92,103.83,103.83,5469.0
2025-01-08 10:36:00,103.9,103.91,103.83,103.9,4456.0
2025-01-08 10:38:00,103.93,103.93,103.83,103.83,2517.0
2025-01-08 10:40:00,103.84,103.84,103.83,103.84,1089.0
2025-01-08 10:42:00,103.84,103.85,103.84,103.84,3318.0
2025-01-08 10:44:00,103.92,103.92,103.91,103.91,559.0
2025-01-08 10:46:00,103.95,103.95,103.93,103.93,451.0
2025-01-08 10:48:00,103.9,103.92,103.9,103.92,819.0
2025-01-08 10:50:00,103.91,103.91,103.84,103.84,1932.0
2025-01-08 10:52:00,103.89,103.89,103.85,103.89,764.0
2025-01-08 10:54:00,103.88,103.88,103.85,103.85,873.0
2025-01-08 10:56:00,103.89,103.89,103.84,103.84,1467.0
2025-01-08 10:58:00,103.88,103.88,103.88,103.88,176.0
2025-01-08 11:00:00,103.84,103.84,103.83,103.83,3639.0
2025-01-08 11:04:00,103.89,103.9,103.89,103.89,581.0
2025-01-08 11:06:00,103.91,104.0,103.91,103.96,6648.0
2025-01-08 11:08:00,103.99,104.03,103.99,104.0,5381.0
2025-01-08 11:10:00,103.96,103.96,103.93,103.94,1498.0
2025-01-08 11:12:00,103.95,103.95,103.83,103.83,3303.0
2025-01-08 11:14:00,103.83,103.83,103.75,103.75,6363.0
2025-01-08 11:16:00,103.65,103.65,103.53,103.6,2326.0
2025-01-08 11:18:00,103.59,103.59,103.59,103.59,352.0
2025-01-08 11:20:00,103.72,103.72,103.55,103.55,2100.0
2025-01-08 11:24:00,103.58,103.58,103.56,103.56,942.0
2025-01-08 11:26:00,103.55,103.55,103.2,103.2,4288.0
2025-01-08 11:28:00,103.3,103.3,103.21,103.25,4120.0
2025-01-08 11:30:00,103.32,103.32,103.02,103.03,2643.0
2025-01-08 11:32:00,103.03,103.1,102.59,102.79,22127.0
2025-01-08 11:34:00,102.89,103.35,102.81,103.35,5952.0
2025-01-08 11:36:00,103.3,103.3,102.78,102.82,7412.0
2025-01-08 11:38:00,102.66,102.73,102.6,102.6,7893.0
2025-01-08 11:40:00,102.61,102.63,102.52,102.62,3062.0
2025-01-08 11:42:00,102.55,103.0,102.38,102.81,10592.0
2025-01-08 11:44:00,102.77,103.32,102.77,103.2,6925.0
2025-01-08 11:46:00,103.23,103.23,103.03,103.05,5614.0
2025-01-08 11:48:00,103.11,103.51,103.11,103.51,15105.0
2025-01-08 11:50:00,103.51,103.51,103.4,103.4,3728.0
2025-01-08 11:52:00,103.31,103.4,103.15,103.18,4481.0
2025-01-08 11:54:00,103.24,103.24,103.2,103.24,1590.0
2025-01-08 11:56:00,103.23,103.36,103.22,103.31,1082.0
2025-01-08 11:58:00,103.36,103.36,103.35,103.36,1009.0
2025-01-08 12:00:00,103.25,103.36,103.03,103.03,10534.0
2025-01-08 12:02:00,103.03,103.16,103.01,103.01,1409.0
2025-01-08 12:04:00,103.03,103.03,102.5,102.6,8986.0
2025-01-08 12:06:00,102.62,102.88,102.62,102.7,4108.0
2025-01-08 12:08:00,102.79,102.87,102.78,102.78,3946.0
2025-01-08 12:10:00,102.8,103.0,102.78,102.84,4709.0
2025-01-08 12:12:00,102.71,102.71,102.55,102.61,4238.0
2025-01-08 12:14:00,102.69,102.82,102.66,102.66,10970.0
2025-01-08 12:16:00,102.6,102.6,102.5,102.55,4591.0
2025-01-08 12:18:00,102.62,102.63,102.32,102.36,3281.0
2025-01-08 12:20:00,102.32,102.5,102.15,102.5,16223.0
2025-01-08 12:22:00,102.52,102.53,102.3,102.34,3421.0
2025-01-08 12:24:00,102.4,102.53,102.05,102.06,6142.0
2025-01-08 12:26:00,102.07,102.42,102.07,102.36,2756.0
2025-01-08 12:28:00,102.39,102.55,102.26,102.26,7440.0
2025-01-08 12:30:00,102.34,102.39,102.25,102.25,4189.0
2025-01-08 12:32:00,102.1,102.15,101.98,101.98,14577.0
2025-01-08 12:34:00,101.95,102.25,101.8,102.25,16187.0
2025-01-08 12:36:00,102.3,102.46,102.2,102.2,6829.0
2025-01-08 12:38:00,102.39,102.74,102.39,102.55,6319.0
2025-01-08 12:40:00,102.53,102.6,102.4,102.4,3282.0
2025-01-08 12:42:00,102.41,102.58,102.41,102.58,728.0
2025-01-08 12:44:00,102.65,102.7,102.57,102.57,3707.0
2025-01-08 12:46:00,102.56,102.56,102.25,102.36,4572.0
2025-01-08 12:48:00,102.38,102.38,102.21,102.3,7744.0
2025-01-08 12:50:00,102.31,102.37,102.101,102.37,5659.0
2025-01-08 12:52:00,102.38,102.38,102.3,102.3,1067.0
2025-01-08 12:54:00,102.23,102.23,102.15,102.15,2511.0
2025-01-08 12:56:00,102.06,102.23,102.04,102.2,10912.0
2025-01-08 12:58:00,102.23,102.24,102.2,102.24,2950.0
2025-01-08 13:00:00,103.35,104.1322,101.8201,102.96,120965.0
2025-01-08 13:02:00,103.03,103.03,101.9295,102.9,6830.0
2025-01-08 13:04:00,102.87,102.9828,102.7,102.85,4777.0
2025-01-08 13:06:00,102.85,102.85,102.43,102.43,15662.0
2025-01-08 13:08:00,102.43,102.5,102.4,102.5,6248.0
2025-01-08 13:10:00,102.52,102.7,102.52,102.7,8232.0
2025-01-08 13:12:00,102.57,102.65,102.55,102.65,2617.0
2025-01-08 13:14:00,102.63,102.89,102.57,102.825,5727.0
2025-01-08 13:16:00,102.85,102.89,102.82,102.85,6354.0
2025-01-08 13:18:00,102.85,102.85,102.65,102.65,4940.0
2025-01-08 13:20:00,102.75,102.85,102.71,102.71,3302.0
2025-01-08 13:22:00,102.74,103.09,102.712,103.09,11963.0
2025-01-08 13:24:00,103.1,103.3,103.1,103.3,6933.0
2025-01-08 13:26:00,103.32,103.47,103.3,103.47,16018.0
2025-01-08 13:28:00,103.4,103.588,103.3,103.45,21059.0
2025-01-08 13:30:00,103.49,103.6,103.45,103.45,13202.0
2025-01-08 13:32:00,103.6,103.6,103.39,103.4003,20575.0
2025-01-08 13:34:00,103.4001,103.45,102.89,103.45,22672.0
2025-01-08 13:36:00,103.48,103.48,103.25,103.25,5099.0
2025-01-08 13:38:00,103.25,103.4963,103.25,103.4963,7502.0
2025-01-08 13:40:00,103.405,103.44,103.25,103.25,6052.0
2025-01-08 13:42:00,103.25,103.27,103.12,103.1996,19259.0
2025-01-08 13:44:00,103.1,103.2,102.88,103.1,21728.0
2025-01-08 13:46:00,103.1,103.5,103.1,103.5,12112.0
2025-01-08 13:48:00,103.3,103.5,103.18,103.5,14678.0
2025-01-08 13:50:00,103.27,103.3284,103.25,103.3284,2223.0
2025-01-08 13:52:00,103.29,103.43,103.25,103.4,17377.0
2025-01-08 13:54:00,103.42,103.68,103.3325,103.64,12099.0
2025-01-08 13:56:00,103.64,103.66,103.555,103.66,6271.0
2025-01-08 13:58:00,103.6768,103.6768,103.6008,103.6008,3053.0
2025-01-08 14:00:00,103.66,103.66,103.49,103.5682,38170.0
2025-01-08 14:02:00,103.5699,103.57,103.2123,103.25,5036.0
2025-01-08 14:04:00,103.41,103.41,103.3,103.35,4415.0
2025-01-08 14:06:00,103.3565,103.4986,103.35,103.4,4455.0
2025-01-08 14:08:00,103.4,103.4855,103.35,103.36,3291.0
2025-01-08 14:10:00,103.3607,103.4,103.1639,103.3995,6439.0
2025-01-08 14:12:00,103.265,103.42,103.265,103.42,6419.0
2025-01-08 14:14:00,103.3525,103.36,103.2,103.2,4967.0
2025-01-08 14:16:00,103.061,103.35,103.061,103.35,6239.0
2025-01-08 14:18:00,103.35,103.4458,103.35,103.35,3949.0
2025-01-08 14:20:00,103.35,103.5,103.35,103.36,7623.0
2025-01-08 14:22:00,103.37,103.53,103.35,103.5,16419.0
2025-01-08 14:24:00,103.36,103.5,103.35,103.4,13344.0
2025-01-08 14:26:00,103.521,103.521,102.91,102.91,35355.0
2025-01-08 14:28:00,102.9,102.98,102.8001,102.98,12305.0
2025-01-08 14:30:00,102.82,103.475,102.6,102.9898,587309.0
2025-01-08 14:32:00,102.99,103.34,101.64,101.835,351730.0
2025-01-08 14:34:00,101.83,101.91,101.43,101.6496,360929.0
2025-01-08 14:36:00,101.6899,102.08,100.86,100.86,577520.0
2025-01-08 14:38:00,100.86,100.95,100.13,100.288,460443.0
2025-01-08 14:40:00,100.3,100.35,99.42,99.675,556522.0
2025-01-08 14:42:00,99.67,99.86,98.92,99.38,697361.0
2025-01-08 14:44:00,99.385,99.48,99.01,99.07,405646.0
2025-01-08 14:46:00,99.05,99.465,98.81,99.3499,508426.0
2025-01-08 14:48:00,99.31,100.0,99.215,99.95,511432.0
2025-01-08 14:50:00,99.96,100.33,99.83,100.33,379817.0
2025-01-08 14:52:00,100.3262,100.33,99.2601,99.5,225352.0
2025-01-08 14:54:00,99.5,99.83,99.3575,99.6,166891.0
2025-01-08 14:56:00,99.62,99.62,98.71,98.9552,585798.0
2025-01-08 14:58:00,98.97,99.8603,98.97,99.7364,375787.0
2025-01-08 15:00:00,99.77,99.88,99.39,99.57,227391.0
2025-01-08 15:02:00,99.6,99.73,99.48,99.68,226365.0
2025-01-08 15:04:00,99.69,99.705,99.09,99.125,228125.0
2025-01-08 15:06:00,99.12,99.3,98.73,99.3,518885.0
2025-01-08 15:08:00,99.3041,99.5,99.01,99.27,169678.0
2025-01-08 15:10:00,99.27,99.37,98.3,99.08,594818.0
2025-01-08 15:12:00,99.077,99.11,98.62,98.655,327803.0
2025-01-08 15:14:00,98.62,99.09,98.47,98.925,217877.0
2025-01-08 15:16:00,98.94,99.07,98.85,98.969,216652.0
2025-01-08 15:18:00,99.0,99.43,98.95,99.4,141430.0
2025-01-08 15:20:00,99.4016,99.5699,99.25,99.43,123659.0
2025-01-08 15:22:00,99.39,99.425,99.1,99.165,124996.0
2025-01-08 15:24:00,99.19,99.56,99.15,99.37,89583.0
2025-01-08 15:26:00,99.3502,99.6,99.25,99.38,123716.0
2025-01-08 15:28:00,99.365,99.395,99.17,99.395,75749.0
2025-01-08 15:30:00,99.405,99.68,99.38,99.61,109788.0
2025-01-08 15:32:00,99.58,99.97,99.5282,99.94,159896.0
2025-01-08 15:34:00,99.9519,100.535,99.9046,100.43,216389.0
2025-01-08 15:36:00,100.425,100.8599,100.35,100.84,283674.0
2025-01-08 15:38:00,100.84,100.8716,100.421,100.55,155643.0
2025-01-08 15:40:00,100.57,100.815,100.52,100.74,170992.0
2025-01-08 15:42:00,100.75,100.8986,100.51,100.58,140799.0
2025-01-08 15:44:00,100.57,100.63,100.09,100.215,157226.0
2025-01-08 15:46:00,100.215,100.33,99.8675,99.988,184295.0
2025-01-08 15:48:00,100.0,100.32,99.9708,100.1857,88325.0
2025-01-08 15:50:00,100.21,100.33,100.14,100.22,81489.0
2025-01-08 15:52:00,100.2,100.5253,100.07,100.3652,106892.0
2025-01-08 15:54:00,100.4,100.53,100.36,100.465,77976.0
2025-01-08 15:56:00,100.4805,100.49,99.99,100.18,98091.0
2025-01-08 15:58:00,100.18,100.315,100.0,100.16,125042.0
2025-01-08 16:00:00,100.16,100.176,99.7098,99.72,178180.0
2025-01-08 16:02:00,99.71,99.87,99.55,99.63,177246.0
2025-01-08 16:04:00,99.675,99.695,99.35,99.44,103415.0
2025-01-08 16:06:00,99.45,99.49,99.1636,99.385,137519.0
2025-01-08 16:08:00,99.385,99.46,99.12,99.2,238464.0
2025-01-08 16:10:00,99.225,99.4542,99.225,99.275,146597.0
2025-01-08 16:12:00,99.275,99.4599,99.15,99.36,105959.0
2025-01-08 16:14:00,99.39,99.46,99.2,99.3399,99104.0
2025-01-08 16:16:00,99.335,99.6,99.2479,99.26,97082.0
2025-01-08 16:18:00,99.25,99.27,99.12,99.1728,82058.0
2025-01-08 16:20:00,99.1575,99.375,99.15,99.29,75299.0
2025-01-08 16:22:00,99.29,99.5099,99.29,99.475,69695.0
2025-01-08 16:24:00,99.4601,99.55,99.1862,99.245,67624.0
2025-01-08 16:26:00,99.26,99.44,99.13,99.39,180632.0
2025-01-08 16:28:00,99.395,99.5,99.2902,99.45,63314.0
2025-01-08 16:30:00,99.47,99.77,99.4466,99.7275,116427.0
2025-01-08 16:32:00,99.73,99.87,99.64,99.71,69141.0
2025-01-08 16:34:00,99.71,99.94,99.65,99.87,76473.0
2025-01-08 16:36:00,99.86,100.32,99.84,100.24,180265.0
2025-01-08 16:38:00,100.23,100.38,100.19,100.34,134613.0
2025-01-08 16:40:00,100.34,100.47,100.0501,100.16,195180.0
2025-01-08 16:42:00,100.162,100.32,99.915,99.97,109305.0
2025-01-08 16:44:00,99.97,100.19,99.93,100.03,110666.0
2025-01-08 16:46:00,100.03,100.21,99.9789,100.15,41315.0
2025-01-08 16:48:00,100.16,100.25,100.1,100.1968,47591.0
2025-01-08 16:50:00,100.21,100.31,100.144,100.2473,68406.0
2025-01-08 16:52:00,100.285,100.39,100.2056,100.365,39118.0
2025-01-08 16:54:00,100.365,100.38,99.9701,99.998,98302.0
2025-01-08 16:56:00,99.99,100.2,99.91,100.09,92142.0
2025-01-08 16:58:00,100.13,100.21,100.05,100.05,61133.0
2025-01-08 17:00:00,100.06,100.13,99.85,99.97,60452.0
2025-01-08 17:02:00,99.93,99.94,99.63,99.7,126983.0
2025-01-08 17:04:00,99.64,99.805,99.56,99.63,59132.0
2025-01-08 17:06:00,99.63,99.7,99.545,99.58,48643.0
2025-01-08 17:08:00,99.5968,99.5968,99.3799,99.5048,70381.0
2025-01-08 17:10:00,99.5,99.57,99.32,99.41,69052.0
2025-01-08 17:12:00,99.41,99.52,99.31,99.38,56609.0
2025-01-08 17:14:00,99.3501,99.365,99.24,99.31,61491.0
2025-01-08 17:16:00,99.3,99.42,99.265,99.27,44922.0
2025-01-08 17:18:00,99.26,99.3186,99.18,99.2425,49694.0
2025-01-08 17:20:00,99.26,99.38,99.16,99.18,49258.0
2025-01-08 17:22:00,99.16,99.19,98.8914,98.94,179938.0
2025-01-08 17:24:00,98.95,99.085,98.8939,99.05,77767.0
2025-01-08 17:26:00,99.05,99.08,98.97,99.0,87744.0
2025-01-08 17:28:00,99.01,99.03,98.6842,98.7475,137237.0
2025-01-08 17:30:00,98.77,98.82,98.513,98.81,132718.0
2025-01-08 17:32:00,98.795,99.06,98.75,99.06,78465.0
2025-01-08 17:34:00,99.04,99.08,98.925,98.95,44975.0
2025-01-08 17:36:00,98.9055,99.0,98.77,98.98,43627.0
2025-01-08 17:38:00,98.99,99.07,98.86,98.87,48008.0
2025-01-08 17:40:00,98.88,99.12,98.8541,99.01,67290.0
2025-01-08 17:42:00,98.99,99.265,98.99,99.16,88816.0
2025-01-08 17:44:00,99.17,99.26,99.14,99.175,60079.0
2025-01-08 17:46:00,99.17,99.41,99.13,99.135,63477.0
2025-01-08 17:48:00,99.135,99.44,99.11,99.335,96034.0
2025-01-08 17:50:00,99.34,99.4934,99.32,99.4001,96955.0
2025-01-08 17:52:00,99.41,99.63,99.41,99.55,63257.0
2025-01-08 17:54:00,99.52,99.52,99.2,99.2797,70838.0
2025-01-08 17:56:00,99.28,99.55,99.2705,99.51,76635.0
2025-01-08 17:58:00,99.49,99.66,99.35,99.39,107735.0
2025-01-08 18:00:00,99.35,99.62,99.35,99.45,65166.0
2025-01-08 18:02:00,99.455,99.74,99.43,99.54,82792.0
2025-01-08 18:04:00,99.54,99.66,99.47,99.51,37724.0
2025-01-08 18:06:00,99.495,99.69,99.4327,99.475,41434.0
2025-01-08 18:08:00,99.47,99.56,99.44,99.482,29170.0
2025-01-08 18:10:00,99.4818,99.66,99.4818,99.66,43464.0
2025-01-08 18:12:00,99.67,99.75,99.56,99.71,55200.0
2025-01-08 18:14:00,99.73,99.81,99.6326,99.8084,47553.0
2025-01-08 18:16:00,99.79,99.98,99.78,99.88,52681.0
2025-01-08 18:18:00,99.9,100.03,99.89,99.9428,54298.0
2025-01-08 18:20:00,99.94,100.01,99.89,99.9301,53071.0
2025-01-08 18:22:00,99.93,99.93,99.76,99.88,45582.0
2025-01-08 18:24:00,99.9001,100.17,99.9001,100.168,66992.0
2025-01-08 18:26:00,100.17,100.27,100.1301,100.27,55167.0
2025-01-08 18:28:00,100.28,100.54,100.24,100.24,107566.0
2025-01-08 18:30:00,100.21,100.23,99.915,100.06,88177.0
2025-01-08 18:32:00,100.055,100.06,99.9561,100.04,26807.0
2025-01-08 18:34:00,100.0,100.0658,99.99,100.027,39831.0
2025-01-08 18:36:00,100.03,100.29,100.02,100.175,47043.0
2025-01-08 18:38:00,100.19,100.44,100.15,100.365,30554.0
2025-01-08 18:40:00,100.36,100.365,100.19,100.235,38131.0
2025-01-08 18:42:00,100.235,100.28,100.09,100.1401,38952.0
2025-01-08 18:44:00,100.16,100.23,100.095,100.1091,20382.0
2025-01-08 18:46:00,100.1,100.1502,99.96,100.0,76767.0
2025-01-08 18:48:00,100.03,100.175,100.0,100.07,26398.0
2025-01-08 18:50:00,100.09,100.16,99.9808,100.03,30359.0
2025-01-08 18:52:00,100.03,100.07,99.7,99.76,61058.0
2025-01-08 18:54:00,99.75,99.7537,99.52,99.55,48880.0
2025-01-08 18:56:00,99.56,99.775,99.45,99.72,53673.0
2025-01-08 18:58:00,99.71,99.83,99.61,99.775,47820.0
2025-01-08 19:00:00,99.81,99.84,99.525,99.535,60454.0
2025-01-08 19:02:00,99.58,99.58,99.29,99.445,73745.0
2025-01-08 19:04:00,99.4201,99.7,99.366,99.58,67172.0
2025-01-08 19:06:00,99.574,99.78,99.48,99.73,85689.0
2025-01-08 19:08:00,99.735,100.05,99.72,99.98,86652.0
2025-01-08 19:10:00,99.965,99.9741,99.63,99.64,74842.0
2025-01-08 19:12:00,99.63,99.74,99.59,99.67,84164.0
2025-01-08 19:14:00,99.67,99.76,99.4501,99.7,65913.0
2025-01-08 19:16:00,99.7,99.81,99.61,99.78,59367.0
2025-01-08 19:18:00,99.8,99.89,99.77,99.77,48435.0
2025-01-08 19:20:00,99.75,99.9,99.6801,99.81,50719.0
2025-01-08 19:22:00,99.795,100.0248,99.77,99.97,52447.0
2025-01-08 19:24:00,99.9714,100.109,99.8,99.83,60020.0
2025-01-08 19:26:00,99.839,100.11,99.839,100.1,69995.0
2025-01-08 19:28:00,100.085,100.2,100.035,100.16,74382.0
2025-01-08 19:30:00,100.155,100.155,99.78,99.855,114520.0
2025-01-08 19:32:00,99.85,100.015,99.77,99.965,96846.0
2025-01-08 19:34:00,99.98,100.0831,99.94,100.065,83311.0
2025-01-08 19:36:00,100.0675,100.09,99.88,100.04,66222.0
2025-01-08 19:38:00,100.03,100.03,99.78,99.9,247422.0
2025-01-08 19:40:00,99.9004,100.05,99.82,100.03,56146.0
2025-01-08 19:42:00,100.04,100.14,99.875,99.89,102575.0
2025-01-08 19:44:00,99.9,100.03,99.88,99.885,83591.0
2025-01-08 19:46:00,99.8999,100.07,99.84,99.926,72888.0
2025-01-08 19:48:00,99.905,99.94,99.81,99.91,32447.0
2025-01-08 19:50:00,99.92,100.0,99.87,99.895,43077.0
2025-01-08 19:52:00,99.91,99.95,99.7088,99.7734,32974.0
2025-01-08 19:54:00,99.76,99.805,99.6401,99.75,47581.0
2025-01-08 19:56:00,99.76,99.9,99.74,99.7995,43746.0
2025-01-08 19:58:00,99.785,99.8,99.65,99.795,53979.0
2025-01-08 20:00:00,99.81,99.936,99.75,99.82,46112.0
2025-01-08 20:02:00,99.83,99.9194,99.76,99.882,37365.0
2025-01-08 20:04:00,99.885,99.9,99.7701,99.83,46686.0
2025-01-08 20:06:00,99.8,99.8,99.55,99.55,44413.0
2025-01-08 20:08:00,99.55,99.6483,99.42,99.47,53302.0
2025-01-08 20:10:00,99.47,99.52,99.21,99.26,86611.0
2025-01-08 20:12:00,99.28,99.3,99.16,99.3,69638.0
2025-01-08 20:14:00,99.3,99.49,99.18,99.481,91533.0
2025-01-08 20:16:00,99.49,99.62,99.47,99.56,82632.0
2025-01-08 20:18:00,99.57,99.7162,99.54,99.54,57850.0
2025-01-08 20:20:00,99.555,99.58,99.4221,99.49,77204.0
2025-01-08 20:22:00,99.49,99.51,99.3202,99.46,47887.0
2025-01-08 20:24:00,99.46,99.475,99.32,99.32,47846.0
2025-01-08 20:26:00,99.32,99.3699,99.25,99.26,38151.0
2025-01-08 20:28:00,99.265,99.35,99.25,99.29,66907.0
2025-01-08 20:30:00,99.29,99.337,99.23,99.26,95145.0
2025-01-08 20:32:00,99.2574,99.31,99.22,99.295,77163.0
2025-01-08 20:34:00,99.3,99.375,99.17,99.235,63379.0
2025-01-08 20:36:00,99.23,99.29,99.11,99.1574,69924.0
2025-01-08 20:38:00,99.155,99.335,99.1,99.21,74923.0
2025-01-08 20:40:00,99.21,99.3,99.15,99.155,73575.0
2025-01-08 20:42:00,99.15,99.36,99.12,99.36,100350.0
2025-01-08 20:44:00,99.36,99.62,99.34,99.61,106647.0
2025-01-08 20:46:00,99.61,99.66,99.4724,99.638,85706.0
2025-01-08 20:48:00,99.645,99.645,99.5,99.545,112291.0
2025-01-08 20:50:00,99.55,99.65,99.43,99.46,132801.0
2025-01-08 20:52:00,99.45,99.54,99.4,99.47,124610.0
2025-01-08 20:54:00,99.465,99.79,99.43,99.5825,273406.0
2025-01-08 20:56:00,99.59,99.62,99.42,99.47,3214350.0
2025-01-08 20:58:00,99.48,99.54,99.38,99.42,491330.0
2025-01-08 21:00:00,99.41,99.79,99.41,99.77,121374.0
2025-01-08 21:02:00,99.77,99.78,99.65,99.76,5025.0
2025-01-08 21:04:00,99.76,99.76,99.71,99.72,2085.0
2025-01-08 21:06:00,99.6501,99.73,99.41,99.6015,102072.0
2025-01-08 21:08:00,99.55,99.59,99.5201,99.57,2400.0
2025-01-08 21:10:00,99.57,99.6,99.57,99.58,11145.0
2025-01-08 21:12:00,99.58,99.59,99.56,99.5899,3515.0
2025-01-08 21:14:00,99.56,99.56,99.51,99.51,1091.0
2025-01-08 21:18:00,99.5499,99.5499,99.53,99.53,91372.0
2025-01-08 21:20:00,99.52,99.52,99.501,99.501,758.0
2025-01-08 21:22:00,99.52,99.55,99.52,99.55,974.0
2025-01-08 21:24:00,99.41,99.5209,99.41,99.5209,1780.0
2025-01-08 21:26:00,99.5201,99.56,99.5201,99.56,761.0
2025-01-08 21:28:00,99.56,99.56,99.56,99.56,4462.0
2025-01-08 21:30:00,99.5988,99.65,99.579,99.65,7663.0
2025-01-08 21:32:00,99.7,99.72,99.69,99.72,2119.0
2025-01-08 21:34:00,99.41,99.59,99.36,99.36,6136.0
2025-01-08 21:36:00,99.42,99.63,99.42,99.63,1209.0
2025-01-08 21:38:00,99.37,99.37,99.2101,99.2101,2237.0
2025-01-08 21:40:00,99.2101,99.2101,99.21,99.21,934.0
2025-01-08 21:42:00,99.21,99.34,99.21,99.34,3296.0
2025-01-08 21:44:00,99.46,99.46,99.35,99.35,1812.0
2025-01-08 21:46:00,99.41,99.41,99.2505,99.34,2411.0
2025-01-08 21:48:00,99.44,99.44,99.44,99.44,429.0
2025-01-08 21:50:00,99.4,99.4,99.38,99.4,944.0
2025-01-08 21:52:00,99.3,99.38,99.3,99.38,772.0
2025-01-08 21:54:00,99.335,99.335,99.335,99.335,564.0
2025-01-08 21:56:00,99.37,99.37,99.37,99.37,468.0
2025-01-08 21:58:00,99.27,99.27,99.25,99.25,954.0
2025-01-08 22:00:00,99.32,99.32,99.211,99.211,691.0
2025-01-08 22:02:00,99.2,99.2,99.2,99.2,1924.0
2025-01-08 22:04:00,99.1908,99.1908,99.1908,99.1908,788.0
2025-01-08 22:06:00,99.17,99.1701,99.17,99.1701,1383.0
2025-01-08 22:08:00,99.2,99.35,99.2,99.35,111016.0
2025-01-08 22:10:00,99.35,99.35,99.35,99.35,197.0
2025-01-08 22:12:00,99.38,99.41,99.38,99.41,1868.0
2025-01-08 22:14:00,99.41,99.64,99.41,99.64,3876.0
2025-01-08 22:16:00,99.56,99.57,99.56,99.57,1625.0
2025-01-08 22:18:00,99.53,99.53,99.53,99.53,427.0
2025-01-08 22:20:00,99.63,99.63,99.63,99.63,873.0
2025-01-08 22:22:00,99.6348,99.6399,99.42,99.42,7381.0
2025-01-08 22:24:00,99.4202,99.5916,99.4202,99.5916,2054.0
2025-01-08 22:26:00,99.46,99.46,99.46,99.46,304.0
2025-01-08 22:28:00,99.4962,99.5,99.4962,99.5,425.0
2025-01-08 22:32:00,99.5117,99.5117,99.48,99.48,1562.0
2025-01-08 22:34:00,99.47,99.47,99.47,99.47,219.0
2025-01-08 22:36:00,99.47,99.47,99.45,99.45,1182.0
2025-01-08 22:38:00,99.45,99.45,99.45,99.45,461.0
2025-01-08 22:40:00,99.45,99.48,99.45,99.48,1120.0
2025-01-08 22:42:00,99.52,99.52,99.45,99.45,301.0
2025-01-08 22:44:00,99.4026,99.4026,99.4026,99.4026,389.0
2025-01-08 22:48:00,99.44,99.44,99.3765,99.3765,458.0
2025-01-08 22:50:00,99.46,99.46,99.424,99.424,685.0
2025-01-08 22:54:00,99.5,99.5,99.5,99.5,1611.0
2025-01-08 22:56:00,99.44,99.461,99.36,99.46,2976.0
2025-01-08 22:58:00,99.46,99.5,99.46,99.5,415.0
2025-01-08 23:10:00,99.45,99.45,99.45,99.45,218.0
2025-01-08 23:12:00,99.44,99.44,99.44,99.44,115.0
2025-01-08 23:16:00,99.455,99.455,99.455,99.455,105.0
2025-01-08 23:18:00,99.37,99.4595,99.37,99.4595,462.0
2025-01-08 23:20:00,99.4534,99.46,99.4534,99.46,634.0
2025-01-08 23:24:00,99.5,99.5,99.49,99.49,5942.0
2025-01-08 23:28:00,99.55,99.55,99.55,99.55,212.0
2025-01-08 23:30:00,99.51,99.51,99.51,99.51,1858.0
2025-01-08 23:32:00,99.4,99.4,99.4,99.4,412.0
2025-01-08 23:34:00,99.4012,99.4404,99.4012,99.4404,555.0
2025-01-08 23:36:00,99.37,99.44,99.37,99.44,669.0
2025-01-08 23:38:00,99.45,99.45,99.45,99.45,353.0
2025-01-08 23:40:00,99.36,99.36,99.3523,99.3523,311.0
2025-01-08 23:42:00,99.45,99.45,99.45,99.45,228.0
2025-01-08 23:44:00,99.41,99.41,99.41,99.41,248.0
2025-01-08 23:46:00,99.425,99.425,99.4,99.425,589.0
2025-01-08 23:52:00,99.4,99.44,99.4,99.44,604.0
2025-01-08 23:54:00,99.45,99.45,99.45,99.45,716.0
2025-01-08 23:56:00,99.545,99.545,99.545,99.545,459.0
2025-01-09 00:00:00,99.59,99.59,99.59,99.59,1360.0
2025-01-09 00:02:00,99.4117,99.4117,99.4117,99.4117,334.0
2025-01-09 00:06:00,99.487,99.487,99.41,99.41,226.0
2025-01-09 00:08:00,99.35,99.35,99.3489,99.3489,1921.0
2025-01-09 00:10:00,99.3499,99.3499,99.2,99.2,784.0
2025-01-09 00:12:00,99.2,99.2,99.1,99.2,5083.0
2025-01-09 00:16:00,99.29,99.29,99.1046,99.1046,541.0
2025-01-09 00:18:00,99.14,99.15,99.14,99.15,200.0
2025-01-09 00:20:00,99.14,99.3,99.14,99.3,1550.0
2025-01-09 00:28:00,99.15,99.15,99.15,99.15,100.0
2025-01-09 00:30:00,99.15,99.15,99.15,99.15,826.0
2025-01-09 00:32:00,99.165,99.165,99.15,99.15,1093.0
2025-01-09 00:34:00,99.15,99.15,99.11,99.15,1550.0
2025-01-09 00:36:00,99.1,99.1,99.1,99.1,875.0
2025-01-09 00:38:00,99.19,99.19,99.1799,99.1799,1445.0
2025-01-09 00:40:00,99.13,99.13,99.13,99.13,361.0
2025-01-09 00:42:00,99.0101,99.13,99.01,99.13,9055.0
2025-01-09 00:44:00,99.1301,99.41,99.1301,99.2,1459.0
2025-01-09 00:50:00,99.45,99.45,99.45,99.45,204.0
2025-01-09 00:52:00,99.32,99.32,99.3,99.3,1369.0
2025-01-09 00:54:00,99.35,99.35,99.35,99.35,532.0
2025-01-09 00:56:00,99.3,99.3,99.24,99.24,2151.0
2025-01-09 00:58:00,99.275,99.4801,99.2001,99.4801,4691.0
2025-01-10 09:00:00,99.48,99.495,99.2,99.2,2812.0
2025-01-10 09:02:00,99.1,99.14,98.87,98.87,3175.0
2025-01-10 09:04:00,98.59,98.59,98.39,98.53,3611.0
2025-01-10 09:06:00,98.52,98.52,98.52,98.52,458.0
2025-01-10 09:08:00,98.5,98.75,98.5,98.74,4174.0
2025-01-10 09:10:00,98.7,98.73,98.61,98.7,1666.0
2025-01-10 09:12:00,98.66,98.66,98.56,98.56,664.0
2025-01-10 09:16:00,98.77,98.88,98.77,98.88,1141.0
2025-01-10 09:20:00,98.54,98.54,98.54,98.54,615.0
2025-01-10 09:22:00,98.58,98.75,98.54,98.75,1806.0
2025-01-10 09:24:00,98.76,98.76,98.63,98.63,436.0
2025-01-10 09:26:00,98.61,98.61,98.61,98.61,227.0
2025-01-10 09:30:00,98.76,98.76,98.76,98.76,689.0
2025-01-10 09:34:00,98.87,98.87,98.8,98.8,1579.0
2025-01-10 09:40:00,98.73,98.75,98.73,98.75,3213.0
2025-01-10 09:44:00,98.77,98.77,98.73,98.73,655.0
2025-01-10 09:48:00,98.61,98.61,98.6,98.6,1609.0
2025-01-10 09:50:00,98.7,98.7,98.7,98.7,355.0
2025-01-10 09:52:00,98.63,98.65,98.61,98.61,1130.0
2025-01-10 09:54:00,98.64,98.64,98.61,98.61,397.0
2025-01-10 09:56:00,98.67,98.67,98.67,98.67,105.0
2025-01-10 10:10:00,98.76,98.76,98.69,98.69,1420.0
2025-01-10 10:22:00,98.75,98.83,98.75,98.83,507.0
2025-01-10 10:26:00,98.82,98.82,98.82,98.82,110.0
2025-01-10 10:34:00,98.81,98.83,98.81,98.83,353.0
2025-01-10 10:36:00,98.88,99.0,98.88,99.0,7141.0
2025-01-10 10:40:00,99.05,99.1,99.05,99.1,549.0
2025-01-10 10:42:00,99.12,99.12,99.12,99.12,101.0
2025-01-10 10:46:00,99.13,99.13,99.13,99.13,170.0
2025-01-10 10:52:00,99.19,99.4,99.19,99.4,4711.0
2025-01-10 10:54:00,99.28,99.28,99.28,99.28,106.0
2025-01-10 10:56:00,99.36,99.36,99.36,99.36,210.0
2025-01-10 11:00:00,99.36,99.36,99.2,99.2,806.0
2025-01-10 11:08:00,99.25,99.26,99.25,99.26,200.0
2025-01-10 11:10:00,99.26,99.26,99.26,99.26,206.0
2025-01-10 11:20:00,99.35,99.35,99.33,99.33,312.0
2025-01-10 11:30:00,99.19,99.19,99.19,99.19,176.0
2025-01-10 11:36:00,99.24,99.24,99.24,99.24,200.0
2025-01-10 11:38:00,99.25,99.27,99.25,99.27,610.0
2025-01-10 11:42:00,99.23,99.23,99.2,99.21,2614.0
2025-01-10 12:00:00,99.27,99.42,99.21,99.26,8255.0
2025-01-10 12:02:00,99.13,99.14,99.12,99.12,2416.0
2025-01-10 12:04:00,99.1,99.1,98.69,98.69,3809.0
2025-01-10 12:06:00,98.77,98.99,98.77,98.99,1203.0
2025-01-10 12:10:00,98.9,98.9,98.89,98.89,350.0
2025-01-10 12:12:00,98.89,99.05,98.89,98.94,2278.0
2025-01-10 12:14:00,99.09,99.41,99.02,99.02,5471.0
2025-01-10 12:16:00,99.11,99.11,99.11,99.11,505.0
2025-01-10 12:18:00,99.29,99.29,99.29,99.29,280.0
2025-01-10 12:22:00,99.16,99.16,99.09,99.09,2703.0
2025-01-10 12:28:00,99.02,99.02,98.88,98.88,2923.0
2025-01-10 12:30:00,98.85,98.85,98.85,98.85,430.0
2025-01-10 12:32:00,98.85,98.85,98.85,98.85,222.0
2025-01-10 12:36:00,98.94,98.95,98.94,98.95,1011.0
2025-01-10 12:40:00,98.95,98.95,98.95,98.95,354.0
2025-01-10 12:44:00,98.9,98.94,98.9,98.91,1910.0
2025-01-10 12:48:00,98.92,98.92,98.9,98.91,1608.0
2025-01-10 12:52:00,98.95,98.95,98.95,98.95,133.0
2025-01-10 12:56:00,99.01,99.01,99.01,99.01,109.0
2025-01-10 13:00:00,98.9,99.55,98.6832,99.1431,25530.0
2025-01-10 13:02:00,98.99,99.0,98.95,98.95,2396.0
2025-01-10 13:04:00,98.82,99.0,98.81,99.0,665.0
2025-01-10 13:06:00,98.92,99.1,98.92,99.1,263.0
2025-01-10 13:08:00,98.88,98.88,98.8,98.82,1000.0
2025-01-10 13:10:00,98.85,99.0916,98.85,99.0,2200.0
2025-01-10 13:12:00,98.8855,98.8855,98.8855,98.8855,380.0
2025-01-10 13:16:00,98.801,99.0,98.7569,98.8963,1477.0
2025-01-10 13:18:00,98.81,98.8963,98.8,98.8,691.0
2025-01-10 13:20:00,98.91,98.91,98.91,98.91,385.0
2025-01-10 13:22:00,98.7509,98.7509,98.7509,98.7509,702.0
2025-01-10 13:24:00,98.81,98.81,98.7982,98.8,1539.0
2025-01-10 13:26:00,98.78,98.9,98.75,98.9,2931.0
2025-01-10 13:28:00,98.75,98.88,98.75,98.88,1378.0
2025-01-10 13:30:00,98.75,98.76,97.5279,98.405,20411.0
2025-01-10 13:32:00,98.19,98.47,97.2201,97.27,12650.0
2025-01-10 13:34:00,97.3955,97.69,97.3,97.39,13118.0
2025-01-10 13:36:00,97.75,97.9,97.75,97.89,9635.0
2025-01-10 13:38:00,97.78,97.87,97.5001,97.87,8008.0
2025-01-10 13:40:00,97.82,97.99,97.8001,97.85,12797.0
2025-01-10 13:42:00,97.95,97.9799,97.8,97.82,7675.0
2025-01-10 13:44:00,97.93,98.0,97.85,98.0,8694.0
2025-01-10 13:46:00,98.0,98.0,97.85,97.851,3168.0
2025-01-10 13:48:00,97.88,97.99,97.88,97.883,26141.0
2025-01-10 13:50:00,97.94,97.94,97.81,97.82,3707.0
2025-01-10 13:52:00,97.7011,97.8,97.65,97.75,4010.0
2025-01-10 13:54:00,97.763,98.0,97.763,98.0,3516.0
2025-01-10 13:56:00,97.9,97.9,97.77,97.89,5906.0
2025-01-10 13:58:00,97.81,97.94,97.81,97.94,8603.0
2025-01-10 14:00:00,97.8,97.81,97.5,97.69,8023.0
2025-01-10 14:02:00,97.68,97.8359,97.6501,97.8359,4037.0
2025-01-10 14:04:00,97.81,97.9256,97.6582,97.76,4275.0
2025-01-10 14:06:00,97.82,97.8968,97.7,97.8968,5060.0
2025-01-10 14:08:00,97.78,97.89,97.7,97.89,7528.0
2025-01-10 14:10:00,97.7119,97.8872,97.71,97.71,7062.0
2025-01-10 14:12:00,97.69,97.73,97.59,97.73,4920.0
2025-01-10 14:14:00,97.66,97.81,97.66,97.81,2262.0
2025-01-10 14:16:00,97.7424,98.0,97.7424,97.95,9502.0
2025-01-10 14:18:00,97.89,97.99,97.8,97.8302,6159.0
2025-01-10 14:20:00,97.87,98.0,97.87,97.87,8232.0
2025-01-10 14:22:00,97.84,98.02,97.83,97.9,6093.0
2025-01-10 14:24:00,98.0,98.96,97.94,98.539,8547.0
2025-01-10 14:26:00,98.66,98.74,98.39,98.4,7158.0
2025-01-10 14:28:00,98.1021,98.28,98.1021,98.28,1814.0
2025-01-10 14:30:00,98.115,99.4,98.02,99.215,613338.0
2025-01-10 14:32:00,99.22,99.88,99.16,99.615,244570.0
2025-01-10 14:34:00,99.615,99.75,98.35,98.485,217255.0
2025-01-10 14:36:00,98.46,98.62,97.86,97.95,280321.0
2025-01-10 14:38:00,97.925,97.9799,97.44,97.8,236474.0
2025-01-10 14:40:00,97.76,98.035,97.36,97.525,145157.0
2025-01-10 14:42:00,97.49,97.79,97.3981,97.51,136741.0
2025-01-10 14:44:00,97.49,97.5,96.93,97.12,301631.0
2025-01-10 14:46:00,97.13,97.46,96.88,96.9611,157471.0
2025-01-10 14:48:00,96.96,97.64,96.87,97.39,167721.0
2025-01-10 14:50:00,97.39,97.57,97.25,97.43,80720.0
2025-01-10 14:52:00,97.46,98.04,97.3907,97.8716,144399.0
2025-01-10 14:54:00,97.93,97.94,97.58,97.7352,62212.0
2025-01-10 14:56:00,97.75,98.482,97.74,98.39,118505.0
2025-01-10 14:58:00,98.3501,98.46,98.09,98.1717,74953.0
2025-01-10 15:00:00,98.18,98.18,97.5,97.6162,144481.0
2025-01-10 15:02:00,97.66,97.92,97.5,97.9002,97738.0
2025-01-10 15:04:00,97.8805,97.9499,97.5,97.52,101338.0
2025-01-10 15:06:00,97.53,97.69,97.48,97.5,265181.0
2025-01-10 15:08:00,97.53,97.56,97.23,97.365,97300.0
2025-01-10 15:10:00,97.4,97.57,97.22,97.31,81276.0
2025-01-10 15:12:00,97.31,97.7499,97.31,97.54,150607.0
2025-01-10 15:14:00,97.54,97.975,97.51,97.89,105629.0
2025-01-10 15:16:00,97.878,98.05,97.73,98.02,98921.0
2025-01-10 15:18:00,98.04,98.33,97.7801,97.81,91411.0
2025-01-10 15:20:00,97.815,98.18,97.815,98.095,74595.0
2025-01-10 15:22:00,98.085,98.46,98.05,98.4432,73567.0
2025-01-10 15:24:00,98.46,98.65,98.41,98.55,112977.0
2025-01-10 15:26:00,98.54,98.69,98.35,98.62,101669.0
2025-01-10 15:28:00,98.635,99.15,98.58,98.975,114594.0
2025-01-10 15:30:00,98.96,99.335,98.83,99.24,172309.0
2025-01-10 15:32:00,99.24,99.485,99.13,99.45,144279.0
2025-01-10 15:34:00,99.445,99.48,98.9712,99.05,159180.0
2025-01-10 15:36:00,99.05,99.51,98.97,99.48,105430.0
2025-01-10 15:38:00,99.445,100.03,99.445,99.9225,185432.0
2025-01-10 15:40:00,99.91,100.04,99.77,100.04,230386.0
2025-01-10 15:42:00,100.0198,100.09,99.836,99.97,205306.0
2025-01-10 15:44:00,99.98,100.08,99.835,99.95,145098.0
2025-01-10 15:46:00,99.96,100.53,99.95,100.53,185679.0
2025-01-10 15:48:00,100.53,100.78,100.28,100.33,191709.0
2025-01-10 15:50:00,100.349,100.42,99.78,99.83,143842.0
2025-01-10 15:52:00,99.78,99.8,99.55,99.785,101548.0
2025-01-10 15:54:00,99.755,99.8,99.46,99.485,77612.0
2025-01-10 15:56:00,99.475,99.64,99.36,99.385,118037.0
2025-01-10 15:58:00,99.36,99.42,99.03,99.11,94344.0
2025-01-10 16:00:00,99.135,99.25,98.88,98.94,118639.0
2025-01-10 16:02:00,98.9777,99.31,98.89,99.19,80439.0
2025-01-10 16:04:00,99.2,99.22,99.04,99.11,85058.0
2025-01-10 16:06:00,99.09,99.3,99.09,99.1,58571.0
2025-01-10 16:08:00,99.115,99.34,99.1,99.3382,60096.0
2025-01-10 16:10:00,99.3,99.45,99.275,99.345,67254.0
2025-01-10 16:12:00,99.335,99.47,99.13,99.18,105387.0
2025-01-10 16:14:00,99.22,99.44,99.21,99.43,49610.0
2025-01-10 16:16:00,99.429,99.64,99.4,99.56,84805.0
2025-01-10 16:18:00,99.5593,99.56,99.1,99.13,82950.0
2025-01-10 16:20:00,99.11,99.46,99.02,99.37,86019.0
2025-01-10 16:22:00,99.37,99.6068,99.37,99.595,84377.0
2025-01-10 16:24:00,99.5801,99.6846,99.5013,99.66,73017.0
2025-01-10 16:26:00,99.665,99.75,99.3682,99.48,65521.0
2025-01-10 16:28:00,99.45,99.55,99.25,99.325,52434.0
2025-01-10 16:30:00,99.3,99.5701,99.15,99.49,83075.0
2025-01-10 16:32:00,99.5048,99.5199,99.33,99.47,54169.0
2025-01-10 16:34:00,99.49,99.6,99.46,99.52,81146.0
2025-01-10 16:36:00,99.55,99.55,99.1,99.1673,113240.0
2025-01-10 16:38:00,99.15,99.1999,99.0104,99.035,74612.0
2025-01-10 16:40:00,99.025,99.54,99.01,99.51,66970.0
2025-01-10 16:42:00,99.5344,99.75,99.5,99.715,63085.0
2025-01-10 16:44:00,99.715,99.8999,99.67,99.685,106828.0
2025-01-10 16:46:00,99.66,99.75,99.41,99.41,72888.0
2025-01-10 16:48:00,99.42,99.44,99.22,99.25,63138.0
2025-01-10 16:50:00,99.26,99.38,99.14,99.15,47250.0
2025-01-10 16:52:00,99.15,99.29,99.08,99.28,72683.0
2025-01-10 16:54:00,99.23,99.28,99.06,99.09,36309.0
2025-01-10 16:56:00,99.0699,99.26,99.0,99.0,51645.0
2025-01-10 16:58:00,99.025,99.0599,98.67,98.67,85292.0
2025-01-10 17:00:00,98.7,98.83,98.6203,98.64,73285.0
2025-01-10 17:02:00,98.67,98.72,98.5707,98.655,70608.0
2025-01-10 17:04:00,98.66,98.68,98.54,98.6342,34645.0
2025-01-10 17:06:00,98.65,98.91,98.6,98.91,48317.0
2025-01-10 17:08:00,98.881,98.9,98.7041,98.7268,28481.0
2025-01-10 17:10:00,98.73,98.74,98.56,98.5767,53469.0
2025-01-10 17:12:00,98.57,98.585,98.4363,98.46,60790.0
2025-01-10 17:14:00,98.46,98.58,98.36,98.38,57992.0
2025-01-10 17:16:00,98.39,98.49,98.3,98.43,75448.0
2025-01-10 17:18:00,98.44,98.46,98.3,98.3589,53365.0
2025-01-10 17:20:00,98.35,98.4,98.24,98.36,38750.0
2025-01-10 17:22:00,98.33,98.33,98.1301,98.295,46913.0
2025-01-10 17:24:00,98.278129,98.4651,98.14,98.455,61806.0
2025-01-10 17:26:00,98.4899,98.59,98.3858,98.42,65131.0
2025-01-10 17:28:00,98.415,98.52,98.38,98.505,33051.0
2025-01-10 17:30:00,98.51,98.5661,98.44,98.4555,37340.0
2025-01-10 17:32:00,98.47,98.5515,98.47,98.55,28702.0
2025-01-10 17:34:00,98.53,98.85,98.45,98.7,68181.0
2025-01-10 17:36:00,98.7148,98.99,98.6854,98.99,49969.0
2025-01-10 17:38:00,98.99,99.1299,98.9205,99.02,61543.0
2025-01-10 17:40:00,99.0,99.0,98.89,98.9,36339.0
2025-01-10 17:42:00,98.87,98.92,98.7501,98.775,35195.0
2025-01-10 17:44:00,98.78,98.88,98.72,98.81,48436.0
2025-01-10 17:46:00,98.82,98.9799,98.735,98.95,61356.0
2025-01-10 17:48:00,98.99,99.0558,98.9301,98.97,63987.0
2025-01-10 17:50:00,98.95,99.0,98.91,98.95,33773.0
2025-01-10 17:52:00,98.96,99.0,98.8207,98.9194,30307.0
2025-01-10 17:54:00,98.9,98.92,98.7262,98.77,27274.0
2025-01-10 17:56:00,98.7768,98.87,98.7,98.79,29966.0
2025-01-10 17:58:00,98.805,98.97,98.8,98.955,27883.0
2025-01-10 18:00:00,98.9525,98.9922,98.7512,98.88168,56284.0
2025-01-10 18:02:00,98.84,98.86,98.7104,98.84,28551.0
2025-01-10 18:04:00,98.84,98.84,98.66,98.73,20670.0
2025-01-10 18:06:00,98.72,98.87,98.72,98.8,25700.0
2025-01-10 18:08:00,98.79,98.98,98.79,98.9341,23390.0
2025-01-10 18:10:00,98.9337,99.0414,98.9,99.0414,27093.0
2025-01-10 18:12:00,99.06,99.14,98.925,98.9456,39333.0
2025-01-10 18:14:00,98.94,98.94,98.6601,98.67,44132.0
2025-01-10 18:16:00,98.675,98.69,98.5263,98.55,31110.0
2025-01-10 18:18:00,98.54,98.7164,98.52,98.685,28726.0
2025-01-10 18:20:00,98.69,98.85,98.673,98.77,30973.0
2025-01-10 18:22:00,98.7768,99.06,98.77,99.055,47707.0
2025-01-10 18:24:00,99.055,99.11,98.94,99.08,33128.0
2025-01-10 18:26:00,99.1,99.28,99.08,99.26,64094.0
2025-01-10 18:28:00,99.3,99.4299,99.19,99.24,86570.0
2025-01-10 18:30:00,99.25,99.32,99.19,99.32,43939.0
2025-01-10 18:32:00,99.29,99.4576,99.2561,99.4548,32492.0
2025-01-10 18:34:00,99.45,99.55,99.2501,99.29,43424.0
2025-01-10 18:36:00,99.28,99.3,99.18,99.295,58364.0
2025-01-10 18:38:00,99.295,99.3852,99.2,99.361,26331.0
2025-01-10 18:40:00,99.36,99.475,99.2336,99.275,30328.0
2025-01-10 18:42:00,99.26,99.32,99.2,99.31,28389.0
2025-01-10 18:44:00,99.34,99.3899,99.29,99.295,25338.0
2025-01-10 18:46:00,99.28,99.315,99.19,99.235,35864.0
2025-01-10 18:48:00,99.235,99.48,99.2,99.4775,49466.0
2025-01-10 18:50:00,99.46,99.64,99.42,99.62,59902.0
2025-01-10 18:52:00,99.635,99.635,99.37,99.5125,62517.0
2025-01-10 18:54:00,99.51,99.63,99.43,99.61,42977.0
2025-01-10 18:56:00,99.61,99.8,99.58,99.7401,53591.0
2025-01-10 18:58:00,99.74,99.84,99.71,99.83,64951.0
2025-01-10 19:00:00,99.85,99.93,99.7,99.78,75342.0
2025-01-10 19:02:00,99.7618,99.79,99.56,99.58,51353.0
2025-01-10 19:04:00,99.55,99.65,99.4004,99.43,76858.0
2025-01-10 19:06:00,99.445,99.47,99.26,99.355,61051.0
2025-01-10 19:08:00,99.355,99.36,99.1697,99.22,30124.0
2025-01-10 19:10:00,99.215,99.4299,99.18,99.4,39258.0
2025-01-10 19:12:00,99.38,99.5275,99.38,99.4989,45468.0
2025-01-10 19:14:00,99.48,99.59,99.48,99.585,34438.0
2025-01-10 19:16:00,99.585,99.648,99.4868,99.5898,59073.0
2025-01-10 19:18:00,99.59,99.6899,99.56,99.59,63010.0
2025-01-10 19:20:00,99.58,99.585,99.3426,99.3426,52572.0
2025-01-10 19:22:00,99.36,99.51,99.34,99.48,32722.0
2025-01-10 19:24:00,99.5,99.7517,99.48,99.7517,59704.0
2025-01-10 19:26:00,99.735,99.95,99.71,99.91,109360.0
2025-01-10 19:28:00,99.94,100.0,99.9,99.93,88004.0
2025-01-10 19:30:00,99.91,99.93,99.69,99.8151,62864.0
2025-01-10 19:32:00,99.815,99.9,99.73,99.73,42555.0
2025-01-10 19:34:00,99.745,99.82,99.7,99.7614,30367.0
2025-01-10 19:36:00,99.76,99.82,99.665,99.7,52438.0
2025-01-10 19:38:00,99.6925,99.94,99.6925,99.93,49055.0
2025-01-10 19:40:00,99.93,100.0,99.8039,99.87,61155.0
2025-01-10 19:42:00,99.86,99.87,99.7,99.765,65748.0
2025-01-10 19:44:00,99.8,99.8599,99.74,99.765,47233.0
2025-01-10 19:46:00,99.76,99.855,99.7023,99.85,38353.0
2025-01-10 19:48:00,99.84,99.905,99.71,99.77,45172.0
2025-01-10 19:50:00,99.77,100.01,99.7463,99.905,93387.0
2025-01-10 19:52:00,99.89,99.9564,99.8,99.87,40475.0
2025-01-10 19:54:00,99.87,99.9,99.82,99.88,37481.0
2025-01-10 19:56:00,99.865,99.94,99.79,99.87,38925.0
2025-01-10 19:58:00,99.85,99.9,99.73,99.81,34495.0
2025-01-10 20:00:00,99.81,99.81,99.65,99.71,46273.0
2025-01-10 20:02:00,99.718,99.85,99.68,99.76,32894.0
2025-01-10 20:04:00,99.76,99.76,99.65,99.67,23612.0
2025-01-10 20:06:00,99.67,99.84,99.67,99.745,38937.0
2025-01-10 20:08:00,99.7,99.77,99.67,99.705,28885.0
2025-01-10 20:10:00,99.69,99.7699,99.65,99.69,43917.0
2025-01-10 20:12:00,99.69,99.8299,99.64,99.8,38226.0
2025-01-10 20:14:00,99.79,99.795,99.64,99.755,52295.0
2025-01-10 20:16:00,99.74,99.74,99.47,99.51,90879.0
2025-01-10 20:18:00,99.515,99.581,99.445,99.54,58062.0
2025-01-10 20:20:00,99.55,99.63,99.415,99.54,53580.0
2025-01-10 20:22:00,99.54,99.56,99.46,99.47,39498.0
2025-01-10 20:24:00,99.49,99.5,99.33,99.39,56627.0
2025-01-10 20:26:00,99.375,99.39,99.28,99.365,48409.0
2025-01-10 20:28:00,99.35,99.375,99.21,99.28,55622.0
2025-01-10 20:30:00,99.255,99.32,99.2,99.22,75326.0
2025-01-10 20:32:00,99.25,99.26,99.1,99.16,86269.0
2025-01-10 20:34:00,99.17,99.3299,99.1301,99.195,67240.0
2025-01-10 20:36:00,99.18,99.26,99.0932,99.23,98121.0
2025-01-10 20:38:00,99.22,99.3649,99.22,99.29,115227.0
2025-01-10 20:40:00,99.28,99.33,99.22,99.24,81774.0
2025-01-10 20:42:00,99.24,99.415,99.16,99.3645,89947.0
2025-01-10 20:44:00,99.370246,99.38,99.145,99.17,99463.0
2025-01-10 20:46:00,99.175,99.33,99.12,99.315,82319.0
2025-01-10 20:48:00,99.31,99.31,99.1875,99.235,88818.0
2025-01-10 20:50:00,99.2,99.45,99.17,99.37,149228.0
2025-01-10 20:52:00,99.36,99.63,99.32,99.605,209200.0
2025-01-10 20:54:00,99.6,99.705,99.36,99.38,262183.0
2025-01-10 20:56:00,99.375,99.65,99.375,99.52,305117.0
2025-01-10 20:58:00,99.51,99.53,99.34,99.37,521069.0
2025-01-10 21:00:00,99.34,99.59,99.34,99.5,109718.0
2025-01-10 21:02:00,99.45,99.61,99.45,99.61,4867.0
2025-01-10 21:04:00,99.34,99.66,99.34,99.61,42588.0
2025-01-10 21:06:00,99.52,99.71,99.51,99.71,3993.0
2025-01-10 21:08:00,99.71,99.71,99.4,99.4,13192.0
2025-01-10 21:10:00,99.4,99.4783,99.4,99.4783,395.0
2025-01-10 21:14:00,99.48,99.48,99.47,99.47,353.0
2025-01-10 21:16:00,99.45,99.7053,99.45,99.7053,2153.0
2025-01-10 21:18:00,99.57,99.57,99.57,99.57,853.0
2025-01-10 21:20:00,99.58,99.6,99.53,99.6,1075.0
2025-01-10 21:22:00,99.6494,99.6882,99.34,99.6882,1463.0
2025-01-10 21:24:00,99.6094,99.61,99.6,99.6,2789.0
2025-01-10 21:32:00,99.52,99.52,99.51,99.51,892.0
2025-01-10 21:34:00,99.46,99.5,99.46,99.5,429.0
2025-01-10 21:36:00,99.46,99.46,99.46,99.46,828.0
2025-01-10 21:38:00,99.45,99.47,99.45,99.47,1075.0
2025-01-10 21:40:00,99.4606,99.5,99.4606,99.5,978.0
2025-01-10 21:44:00,99.57,99.57,99.4917,99.4917,1508.0
2025-01-10 21:50:00,99.5,99.5,99.49,99.4901,595897.0
2025-01-10 21:52:00,99.5,99.5,99.5,99.5,321.0
2025-01-10 21:58:00,99.5398,99.54,99.5,99.52,1959.0
2025-01-10 22:02:00,99.54,99.54,99.54,99.54,791.0
2025-01-10 22:04:00,99.53,99.53,99.53,99.53,260.0
2025-01-10 22:06:00,99.53,99.53,99.52,99.52,1110.0
2025-01-10 22:08:00,99.5793,99.5793,99.5793,99.5793,174.0
2025-01-10 22:10:00,99.58,99.58,99.58,99.58,415.0
2025-01-10 22:14:00,99.58,99.58,99.58,99.58,134.0
2025-01-10 22:28:00,99.5981,99.5981,99.52,99.52,607.0
2025-01-10 22:38:00,99.55,99.55,99.525,99.525,800.0
2025-01-10 22:44:00,99.5,99.5,99.5,99.5,171.0
2025-01-10 22:46:00,99.55,99.55,99.55,99.55,121.0
2025-01-10 22:58:00,99.45,99.45,99.45,99.45,306.0
2025-01-10 23:02:00,99.52,99.55,99.52,99.55,1500.0
2025-01-10 23:04:00,99.4502,99.4505,99.45,99.4505,1265.0
2025-01-10 23:06:00,99.52,99.52,99.52,99.52,216.0
2025-01-10 23:12:00,99.47,99.47,99.47,99.47,109.0
2025-01-10 23:14:00,99.4501,99.4501,99.4501,99.4501,400.0
2025-01-10 23:16:00,99.45,99.45,99.45,99.45,1500.0
2025-01-10 23:18:00,99.47,99.47,99.45,99.45,1101.0
2025-01-10 23:20:00,99.455,99.455,99.4501,99.4501,650.0
2025-01-10 23:22:00,99.44,99.44,99.4001,99.425,400.0
2025-01-10 23:24:00,99.4,99.4,99.3349,99.3349,1553.0
2025-01-10 23:26:00,99.365,99.365,99.365,99.365,101.0
2025-01-10 23:32:00,99.3306,99.3306,99.3306,99.3306,195.0
2025-01-10 23:34:00,99.3701,99.3701,99.3701,99.3701,518.0
2025-01-10 23:38:00,99.33,99.33,99.31,99.31,698.0
2025-01-10 23:40:00,99.2013,99.2056,99.2013,99.2056,1203.0
2025-01-10 23:42:00,99.255,99.255,99.255,99.255,1252.0
2025-01-10 23:44:00,99.2,99.2,99.2,99.2,845.0
2025-01-10 23:46:00,99.25,99.25,99.2026,99.2026,753.0
2025-01-10 23:52:00,99.34,99.35,99.34,99.35,2503.0
2025-01-10 23:58:00,99.29,99.29,99.29,99.29,200.0
2025-01-11 00:00:00,99.2501,99.34,99.2501,99.34,599.0
2025-01-11 00:02:00,99.25,99.29,99.25,99.29,684.0
2025-01-11 00:04:00,99.27,99.27,99.27,99.27,1417.0
2025-01-11 00:12:00,99.2718,99.2718,99.2718,99.2718,108.0
2025-01-11 00:14:00,99.3,99.3,99.3,99.3,129.0
2025-01-11 00:20:00,99.35,99.35,99.35,99.35,220.0
2025-01-11 00:24:00,99.35,99.35,99.35,99.35,315.0
2025-01-11 00:30:00,99.3,99.3003,99.3,99.3,557.0
2025-01-11 00:32:00,99.36,99.36,99.36,99.36,588.0
2025-01-11 00:34:00,99.4,99.4,99.4,99.4,100.0
2025-01-11 00:36:00,99.35,99.35,99.35,99.35,100.0
2025-01-11 00:38:00,99.3,99.3015,99.3,99.3015,527.0
2025-01-11 00:44:00,99.35,99.35,99.35,99.35,132.0
2025-01-11 00:46:00,99.33,99.33,99.33,99.33,245.0
2025-01-11 00:48:00,99.29,99.29,99.29,99.29,334.0
2025-01-11 00:54:00,99.33,99.33,99.33,99.33,315.0
2025-01-11 00:56:00,99.27,99.3,99.27,99.3,1365.0
2025-01-11 00:58:00,99.2701,99.2701,99.2701,99.2701,658.0
2025-01-13 09:00:00,97.66,98.0,96.76,97.12,12596.0
2025-01-13 09:02:00,97.03,97.49,96.81,96.81,1999.0
2025-01-13 09:04:00,96.81,96.81,96.33,96.33,11605.0
2025-01-13 09:06:00,96.6,96.61,96.6,96.6,2699.0
2025-01-13 09:08:00,96.72,96.8,96.72,96.8,744.0
2025-01-13 09:10:00,96.75,96.87,96.75,96.85,2381.0
2025-01-13 09:12:00,96.82,96.82,96.8,96.8,1048.0
2025-01-13 09:14:00,96.77,96.77,96.77,96.77,325.0
2025-01-13 09:16:00,96.73,96.73,96.7,96.7,3060.0
2025-01-13 09:18:00,96.77,96.77,96.77,96.77,1006.0
2025-01-13 09:20:00,96.85,96.96,96.85,96.92,1967.0
2025-01-13 09:22:00,96.88,96.88,96.88,96.88,489.0
2025-01-13 09:24:00,96.8,96.8,96.71,96.71,670.0
2025-01-13 09:26:00,96.69,96.7,96.69,96.7,498.0
2025-01-13 09:28:00,96.71,96.87,96.71,96.87,2406.0
2025-01-13 09:32:00,96.87,97.0,96.87,97.0,1238.0
2025-01-13 09:36:00,97.0,97.02,97.0,97.01,1187.0
2025-01-13 09:38:00,97.15,97.31,97.05,97.31,2133.0
2025-01-13 09:40:00,97.31,97.31,97.3,97.3,654.0
2025-01-13 09:42:00,97.12,97.12,97.0,97.0,1438.0
2025-01-13 09:44:00,97.08,97.08,96.9,96.92,2629.0
2025-01-13 09:46:00,96.82,96.82,96.78,96.81,1409.0
2025-01-13 09:48:00,96.85,96.85,96.85,96.85,316.0
2025-01-13 09:56:00,96.69,96.69,96.69,96.69,989.0
2025-01-13 10:00:00,96.73,96.73,96.73,96.73,460.0
2025-01-13 10:02:00,96.82,96.82,96.82,96.82,221.0
2025-01-13 10:04:00,96.84,96.84,96.83,96.83,654.0
2025-01-13 10:06:00,96.74,96.74,96.74,96.74,110.0
2025-01-13 10:12:00,96.79,96.79,96.79,96.79,210.0
2025-01-13 10:14:00,96.75,96.75,96.75,96.75,718.0
2025-01-13 10:18:00,96.75,96.75,96.75,96.75,326.0
2025-01-13 10:20:00,96.75,96.75,96.75,96.75,124.0
2025-01-13 10:22:00,96.72,96.72,96.61,96.62,2773.0
2025-01-13 10:24:00,96.57,96.57,96.57,96.57,250.0
2025-01-13 10:26:00,96.62,96.71,96.61,96.71,8074.0
2025-01-13 10:28:00,96.74,96.74,96.74,96.74,246.0
2025-01-13 10:34:00,96.85,96.93,96.85,96.93,492.0
2025-01-13 10:38:00,96.73,96.73,96.73,96.73,147.0
2025-01-13 10:46:00,96.79,96.79,96.72,96.72,415.0
2025-01-13 10:50:00,96.61,96.64,96.6,96.64,628.0
2025-01-13 10:52:00,96.64,96.64,96.64,96.64,270.0
2025-01-13 10:56:00,96.61,96.61,96.55,96.55,1727.0
2025-01-13 10:58:00,96.69,96.69,96.69,96.69,542.0
2025-01-13 11:00:00,96.6,96.6,96.59,96.59,505.0
2025-01-13 11:02:00,96.61,96.79,96.61,96.79,1143.0
2025-01-13 11:14:00,96.7,96.7,96.7,96.7,819.0
2025-01-13 11:22:00,96.74,96.75,96.74,96.75,613.0
2025-01-13 11:24:00,96.76,96.76,96.66,96.66,1379.0
2025-01-13 11:30:00,96.58,96.58,96.43,96.43,3517.0
2025-01-13 11:32:00,96.45,96.53,96.44,96.53,955.0
2025-01-13 11:34:00,96.57,96.57,96.57,96.57,1223.0
2025-01-13 11:36:00,96.63,96.66,96.58,96.65,2360.0
2025-01-13 11:40:00,96.55,96.55,96.55,96.55,359.0
2025-01-13 11:42:00,96.53,96.53,96.48,96.48,553.0
2025-01-13 11:46:00,96.48,96.48,96.4,96.4,972.0
2025-01-13 11:50:00,96.45,96.45,96.45,96.45,310.0
2025-01-13 11:52:00,96.41,96.41,96.41,96.41,285.0
2025-01-13 11:54:00,96.49,96.51,96.47,96.47,700.0
2025-01-13 11:56:00,96.465,96.59,96.465,96.59,4330.0
2025-01-13 11:58:00,96.5,96.5,96.445,96.445,1149.0
2025-01-13 12:00:00,96.45,96.64,96.42,96.58,9845.0
2025-01-13 12:02:00,96.55,96.55,96.41,96.48,4108.0
2025-01-13 12:04:00,96.49,96.49,96.48,96.48,995.0
2025-01-13 12:06:00,96.5,96.5,96.45,96.45,404.0
2025-01-13 12:08:00,96.49,96.5,96.18,96.18,8606.0
2025-01-13 12:10:00,96.24,96.26,96.15,96.15,5754.0
2025-01-13 12:12:00,96.34,96.34,96.33,96.33,295.0
2025-01-13 12:14:00,96.33,96.35,95.94,95.94,13479.0
2025-01-13 12:16:00,95.97,96.0,95.97,96.0,1969.0
2025-01-13 12:18:00,96.0,96.29,96.0,96.29,5728.0
2025-01-13 12:20:00,96.32,96.32,96.32,96.32,1013.0
2025-01-13 12:22:00,96.4,96.5,96.4,96.5,4845.0
2025-01-13 12:24:00,96.51,96.71,96.49,96.71,5422.0
2025-01-13 12:26:00,96.7,96.7,96.5,96.52,4132.0
2025-01-13 12:28:00,96.52,96.52,96.46,96.52,10771.0
2025-01-13 12:30:00,96.51,96.51,96.4,96.4,2568.0
2025-01-13 12:32:00,96.4,96.5,96.4,96.42,6612.0
2025-01-13 12:34:00,96.5,96.5,96.5,96.5,1310.0
2025-01-13 12:36:00,96.5,96.5,96.5,96.5,4094.0
2025-01-13 12:38:00,96.5,96.62,96.5,96.5,5064.0
2025-01-13 12:40:00,96.5,96.6,96.46,96.6,4022.0
2025-01-13 12:42:00,96.6,96.6,96.6,96.6,667.0
2025-01-13 12:44:00,96.73,96.73,96.73,96.73,1008.0
2025-01-13 12:46:00,96.75,96.79,96.75,96.75,1506.0
2025-01-13 12:48:00,96.72,96.72,96.7,96.7,1440.0
2025-01-13 12:50:00,96.69,96.83,96.6,96.83,4711.0
2025-01-13 12:52:00,96.81,97.02,96.78,97.02,35205.0
2025-01-13 12:54:00,96.97,96.98,96.93,96.93,4219.0
2025-01-13 12:56:00,96.92,96.92,96.71,96.71,1687.0
2025-01-13 13:00:00,96.45,98.53,95.7,96.4893,83713.0
2025-01-13 13:02:00,96.5999,96.5999,96.52,96.52,709.0
2025-01-13 13:04:00,96.57,96.6,96.51,96.51,6532.0
2025-01-13 13:06:00,96.55,96.55,96.5,96.5,4017.0
2025-01-13 13:08:00,96.4,96.4,96.31,96.31,3428.0
2025-01-13 13:10:00,96.34,96.355,96.26,96.3268,2762.0
2025-01-13 13:12:00,96.21,96.42,96.21,96.4,5292.0
2025-01-13 13:14:00,96.33,96.5599,96.33,96.52,3460.0
2025-01-13 13:16:00,96.55,96.55,96.5347,96.5347,502.0
2025-01-13 13:18:00,96.56,96.7,96.56,96.7,3746.0
2025-01-13 13:20:00,96.7,96.76,96.7,96.75,963.0
2025-01-13 13:22:00,96.7436,96.8979,96.7436,96.8027,2581.0
2025-01-13 13:24:00,96.8,96.9098,96.8,96.9098,6211.0
2025-01-13 13:26:00,96.8001,96.86,96.7,96.7,1812.0
2025-01-13 13:28:00,96.72,96.76,96.65,96.7,4529.0
2025-01-13 13:30:00,96.5021,96.53,96.5,96.5,3050.0
2025-01-13 13:32:00,96.5,96.7,96.5,96.7,9267.0
2025-01-13 13:34:00,96.71,96.71,96.7001,96.71,2533.0
2025-01-13 13:36:00,96.7001,96.75,96.5,96.5,12047.0
2025-01-13 13:40:00,96.6,96.75,96.6,96.75,5090.0
2025-01-13 13:42:00,96.82,96.94,96.68,96.9,19245.0
2025-01-13 13:44:00,96.91,96.94,96.75,96.7506,5439.0
2025-01-13 13:46:00,96.76,96.8889,96.75,96.75,7942.0
2025-01-13 13:48:00,96.75,96.87,96.75,96.85,6048.0
2025-01-13 13:50:00,96.76,96.86,96.74,96.8,3746.0
2025-01-13 13:52:00,96.8,96.82,96.7,96.82,1830.0
2025-01-13 13:54:00,96.7101,96.89,96.69,96.69,4885.0
2025-01-13 13:56:00,96.75,96.8,96.68,96.735,5304.0
2025-01-13 13:58:00,96.7,96.78,96.7,96.72,4768.0
2025-01-13 14:00:00,96.76,96.76,96.36,96.41,8410.0
2025-01-13 14:02:00,96.26,96.48,96.25,96.48,8312.0
2025-01-13 14:04:00,96.37,96.535,96.37,96.46,4002.0
2025-01-13 14:06:00,96.4,96.7496,96.4,96.7496,7457.0
2025-01-13 14:08:00,96.62,96.63,96.4688,96.6258,991.0
2025-01-13 14:10:00,96.4622,96.57,96.25,96.3,20802.0
2025-01-13 14:12:00,96.35,96.35,96.25,96.25,3684.0
2025-01-13 14:14:00,96.227,96.25,96.1,96.1116,23205.0
2025-01-13 14:16:00,96.25,96.25,96.07,96.1,9253.0
2025-01-13 14:18:00,96.1,96.25,96.1,96.11,5070.0
2025-01-13 14:20:00,96.21,96.21,96.1,96.15,3770.0
2025-01-13 14:22:00,96.13,96.13,95.97,96.0,11276.0
2025-01-13 14:24:00,96.0,96.0,95.75,95.87,6983.0
2025-01-13 14:26:00,95.927,96.1,95.61,95.81,22031.0
2025-01-13 14:28:00,95.63,95.7,95.25,95.63,29575.0
2025-01-13 14:30:00,95.84,96.0,93.86,93.87,1137574.0
2025-01-13 14:32:00,93.88,94.54,93.75,93.835,470876.0
2025-01-13 14:34:00,93.82,94.16,93.475,93.7,411414.0
2025-01-13 14:36:00,93.69,93.76,93.0,93.18,578252.0
2025-01-13 14:38:00,93.151,93.27,92.9,92.95,318287.0
2025-01-13 14:40:00,92.9,93.6,92.88,93.19,400924.0
2025-01-13 14:42:00,93.21,94.0,93.1,93.97,318350.0
2025-01-13 14:44:00,93.948,94.0399,93.62,93.68,409687.0
2025-01-13 14:46:00,93.66,93.9,93.485,93.55,215801.0
2025-01-13 14:48:00,93.535,93.89,93.45,93.5792,215228.0
2025-01-13 14:50:00,93.6,94.09,93.48,93.975,191594.0
2025-01-13 14:52:00,93.96,94.1,93.66,94.05,230653.0
2025-01-13 14:54:00,94.07,94.33,93.82,94.305,283012.0
2025-01-13 14:56:00,94.305,94.54,94.2,94.425,316452.0
2025-01-13 14:58:00,94.425,94.58,94.2,94.35,299524.0
2025-01-13 15:00:00,94.35,94.365,94.145,94.335,172069.0
2025-01-13 15:02:00,94.345,94.72,94.25,94.61,185222.0
2025-01-13 15:04:00,94.63,94.84,94.51,94.7,183090.0
2025-01-13 15:06:00,94.69,95.07,94.64,94.815,203798.0
2025-01-13 15:08:00,94.8,94.92,94.66,94.674,150697.0
2025-01-13 15:10:00,94.6752,94.69,94.0617,94.28,212953.0
2025-01-13 15:12:00,94.29,94.3099,93.9,93.915,151928.0
2025-01-13 15:14:00,93.915,94.2,93.82,94.11,159633.0
2025-01-13 15:16:00,94.13,94.28,94.0,94.055,272134.0
2025-01-13 15:18:00,94.04,94.19,93.99,94.06,102787.0
2025-01-13 15:20:00,94.05,94.23,94.05,94.16,96633.0
2025-01-13 15:22:00,94.16,94.16,93.635,93.64,225345.0
2025-01-13 15:24:00,93.665,93.79,93.51,93.76,139437.0
2025-01-13 15:26:00,93.76,93.88,93.64,93.84,122390.0
2025-01-13 15:28:00,93.86,94.1074,93.843562,93.8566,110992.0
2025-01-13 15:30:00,93.86,94.0876,93.72,93.96,131819.0
2025-01-13 15:32:00,93.94,94.06,93.91,93.98,153063.0
2025-01-13 15:34:00,94.0,94.24,93.935,94.21,92378.0
2025-01-13 15:36:00,94.23,94.51,94.22,94.39,151343.0
2025-01-13 15:38:00,94.38,94.62,94.29,94.57,126914.0
2025-01-13 15:40:00,94.5612,94.63,94.18,94.24,108826.0
2025-01-13 15:42:00,94.25,94.6878,94.23,94.61,173673.0
2025-01-13 15:44:00,94.618,94.78,94.55,94.7029,146881.0
2025-01-13 15:46:00,94.715,94.99,94.715,94.96,156903.0
2025-01-13 15:48:00,94.9616,95.03,94.68,94.85,148784.0
2025-01-13 15:50:00,94.87,94.87,94.4,94.5,105927.0
2025-01-13 15:52:00,94.515,94.515,94.21,94.28,72819.0
2025-01-13 15:54:00,94.27,94.5399,94.24,94.52,80814.0
2025-01-13 15:56:00,94.54,94.5524,94.375,94.45,45235.0
2025-01-13 15:58:00,94.44,94.48,94.34,94.37,57763.0
2025-01-13 16:00:00,94.42,94.69,94.42,94.642067,58194.0
2025-01-13 16:02:00,94.64,94.82,94.625,94.78,80081.0
2025-01-13 16:04:00,94.78,94.84,94.67,94.67,93027.0
2025-01-13 16:06:00,94.7,94.73,94.52,94.73,91558.0
2025-01-13 16:08:00,94.71,94.7404,94.53,94.56,90129.0
2025-01-13 16:10:00,94.56,94.92,94.56,94.865,73087.0
2025-01-13 16:12:00,94.85,95.0309,94.8,94.81,138427.0
2025-01-13 16:14:00,94.84,95.01,94.81,94.83,81408.0
2025-01-13 16:16:00,94.86,94.88,94.41,94.49,79166.0
2025-01-13 16:18:00,94.49,94.78,94.49,94.78,56440.0
2025-01-13 16:20:00,94.79,94.92,94.7141,94.885,78324.0
2025-01-13 16:22:00,94.89,94.92,94.82,94.86,51470.0
2025-01-13 16:24:00,94.86,95.01,94.7868,94.81,78050.0
2025-01-13 16:26:00,94.83,94.86,94.6,94.6,87546.0
2025-01-13 16:28:00,94.605,94.65,94.46,94.51,54161.0
2025-01-13 16:30:00,94.51,94.61,94.48,94.5384,54093.0
2025-01-13 16:32:00,94.54,94.639,94.4804,94.54,50108.0
2025-01-13 16:34:00,94.55,94.71,94.545,94.68,66773.0
2025-01-13 16:36:00,94.665,94.74,94.52,94.5301,50804.0
2025-01-13 16:38:00,94.535,94.57,94.43,94.47,59509.0
2025-01-13 16:40:00,94.48,94.83,94.48,94.705,91859.0
2025-01-13 16:42:00,94.69,94.75,94.58,94.65,46376.0
2025-01-13 16:44:00,94.63,94.7026,94.5,94.51,43944.0
2025-01-13 16:46:00,94.51,94.57,94.43,94.43,41052.0
2025-01-13 16:48:00,94.425,94.66,94.425,94.61,47879.0
2025-01-13 16:50:00,94.63,94.67,94.51,94.555,35182.0
2025-01-13 16:52:00,94.55,94.65,94.37,94.4204,65760.0
2025-01-13 16:54:00,94.4,94.44,94.17,94.19,80927.0
2025-01-13 16:56:00,94.195,94.25,94.07,94.115,92607.0
2025-01-13 16:58:00,94.12,94.31,94.07,94.19,79878.0
2025-01-13 17:00:00,94.17,94.21,94.05,94.0956,53580.0
2025-01-13 17:02:00,94.05,94.19,93.97,94.0,106143.0
2025-01-13 17:04:00,93.995,94.072,93.865,93.97,115141.0
2025-01-13 17:06:00,93.965,94.11,93.8106,94.0544,62685.0
2025-01-13 17:08:00,94.05,94.35,93.9701,94.2997,63590.0
2025-01-13 17:10:00,94.3,94.36,94.22,94.265,67357.0
2025-01-13 17:12:00,94.2302,94.26,94.13,94.24,72639.0
2025-01-13 17:14:00,94.23,94.4,94.215,94.38,53975.0
2025-01-13 17:16:00,94.385,94.45,94.26,94.35,82158.0
2025-01-13 17:18:00,94.36,94.41,94.255,94.365,68564.0
2025-01-13 17:20:00,94.37,94.5,94.33,94.485,50620.0
2025-01-13 17:22:00,94.49,94.68,94.47,94.599,57028.0
2025-01-13 17:24:00,94.615,94.69,94.52,94.685,33379.0
2025-01-13 17:26:00,94.68,94.81,94.665,94.78,40430.0
2025-01-13 17:28:00,94.805,94.805,94.73,94.74,29743.0
2025-01-13 17:30:00,94.73,94.87,94.635,94.7791,52337.0
2025-01-13 17:32:00,94.8,94.905,94.78,94.9,41357.0
2025-01-13 17:34:00,94.91,94.96,94.8,94.83,46220.0
2025-01-13 17:36:00,94.85,94.87,94.75,94.785,26646.0
2025-01-13 17:38:00,94.76,94.76,94.54,94.62,40687.0
2025-01-13 17:40:00,94.61,94.6516,94.53,94.629,26452.0
2025-01-13 17:42:00,94.67,94.71,94.59,94.5912,26361.0
2025-01-13 17:44:00,94.596,94.63,94.45,94.63,41613.0
2025-01-13 17:46:00,94.639,94.69,94.57,94.645,24557.0
2025-01-13 17:48:00,94.67,94.74,94.57,94.725,32928.0
2025-01-13 17:50:00,94.71,94.85,94.6492,94.8,43014.0
2025-01-13 17:52:00,94.8,94.89,94.56,94.57,124888.0
2025-01-13 17:54:00,94.56,94.775,94.555,94.74,28970.0
2025-01-13 17:56:00,94.73,94.84,94.71,94.79,37409.0
2025-01-13 17:58:00,94.81,95.02,94.78,94.995,63966.0
2025-01-13 18:00:00,94.9801,95.075,94.85,95.0716,75877.0
2025-01-13 18:02:00,95.0774,95.135,95.01,95.11,54524.0
2025-01-13 18:04:00,95.11,95.24,94.98,95.0,109438.0
2025-01-13 18:06:00,94.991,95.28,94.99,95.28,95028.0
2025-01-13 18:08:00,95.275,95.33,95.12,95.19,97326.0
2025-01-13 18:10:00,95.18,95.325,95.135,95.195,73826.0
2025-01-13 18:12:00,95.1892,95.3,95.1207,95.22,38089.0
2025-01-13 18:14:00,95.23,95.2761,95.065,95.15,46491.0
2025-01-13 18:16:00,95.16,95.17,94.845,94.87,59538.0
2025-01-13 18:18:00,94.875,94.95,94.81,94.895,60139.0
2025-01-13 18:20:00,94.9,94.9004,94.79,94.87,40427.0
2025-01-13 18:22:00,94.87,94.935,94.78,94.78,30715.0
2025-01-13 18:24:00,94.77,94.78,94.61,94.71,86254.0
2025-01-13 18:26:00,94.709,94.7727,94.64,94.69,47478.0
2025-01-13 18:28:00,94.68,94.89,94.67,94.88,64519.0
2025-01-13 18:30:00,94.879,95.0272,94.8108,94.845,68743.0
2025-01-13 18:32:00,94.84,95.09,94.84,95.088,52659.0
2025-01-13 18:34:00,95.09,95.15,95.05,95.14,51321.0
2025-01-13 18:36:00,95.14,95.1699,95.0333,95.1099,45918.0
2025-01-13 18:38:00,95.125,95.25,95.09,95.22,38677.0
2025-01-13 18:40:00,95.25,95.37,95.22,95.27,55643.0
2025-01-13 18:42:00,95.27,95.27,95.08,95.09,49221.0
2025-01-13 18:44:00,95.08,95.14,95.0,95.14,49368.0
2025-01-13 18:46:00,95.1499,95.43,95.1046,95.315,68922.0
2025-01-13 18:48:00,95.31,95.52,95.29,95.5,71993.0
2025-01-13 18:50:00,95.5,95.5,95.33,95.38,65876.0
2025-01-13 18:52:00,95.3758,95.4,95.2884,95.4,27668.0
2025-01-13 18:54:00,95.39,95.39,95.1302,95.21,32896.0
2025-01-13 18:56:00,95.21,95.27,95.19,95.21,32039.0
2025-01-13 18:58:00,95.22,95.285,95.1827,95.1827,25335.0
2025-01-13 19:00:00,95.18,95.3299,95.16,95.2209,31910.0
2025-01-13 19:02:00,95.22,95.22,95.03,95.0501,28459.0
2025-01-13 19:04:00,95.0596,95.2,95.03,95.17,39734.0
2025-01-13 19:06:00,95.17,95.179,94.9301,94.9622,44972.0
2025-01-13 19:08:00,94.96,94.9699,94.865,94.88,35398.0
2025-01-13 19:10:00,94.87,94.9899,94.87,94.925,24853.0
2025-01-13 19:12:00,94.92,94.9299,94.77,94.83,71010.0
2025-01-13 19:14:00,94.81,94.81,94.57,94.5825,44522.0
2025-01-13 19:16:00,94.58,94.65,94.51,94.5101,31916.0
2025-01-13 19:18:00,94.51,94.57,94.46,94.5,55787.0
2025-01-13 19:20:00,94.51,94.605,94.43,94.605,50674.0
2025-01-13 19:22:00,94.6,94.64,94.5201,94.5391,45311.0
2025-01-13 19:24:00,94.53,94.71,94.505,94.71,37596.0
2025-01-13 19:26:00,94.72,94.85,94.71,94.75,34216.0
2025-01-13 19:28:00,94.755,94.9399,94.73,94.9,34618.0
2025-01-13 19:30:00,94.895,94.8976,94.82,94.8721,26666.0
2025-01-13 19:32:00,94.8744,95.0191,94.8701,94.9502,43429.0
2025-01-13 19:34:00,94.965,95.02,94.89,94.9826,63081.0
2025-01-13 19:36:00,94.99,95.0,94.8,94.905,47138.0
2025-01-13 19:38:00,94.93,95.07,94.9,95.015962,26188.0
2025-01-13 19:40:00,95.02,95.2,94.9944,95.19,69142.0
2025-01-13 19:42:00,95.1928,95.29,95.14,95.155,65049.0
2025-01-13 19:44:00,95.14,95.22,95.11,95.1601,45870.0
2025-01-13 19:46:00,95.15,95.1652,94.83,94.835,47319.0
2025-01-13 19:48:00,94.83,94.93,94.765,94.81,42552.0
2025-01-13 19:50:00,94.82,94.965,94.79,94.87,82401.0
2025-01-13 19:52:00,94.88,94.96,94.77,94.96,52856.0
2025-01-13 19:54:00,94.9501,95.08,94.93,95.05,54519.0
2025-01-13 19:56:00,95.0804,95.17,94.99,95.0004,61946.0
2025-01-13 19:58:00,95.0054,95.0054,94.86,94.9,67164.0
2025-01-13 20:00:00,94.88,94.89,94.72,94.75,55640.0
2025-01-13 20:02:00,94.74,94.79,94.72,94.78,41924.0
2025-01-13 20:04:00,94.76,94.96,94.76,94.93,67464.0
2025-01-13 20:06:00,94.91,94.92,94.81,94.87,67507.0
2025-01-13 20:08:00,94.855,94.92,94.75,94.7604,44418.0
2025-01-13 20:10:00,94.76,94.779,94.5901,94.62,83108.0
2025-01-13 20:12:00,94.62,94.66,94.54,94.55,69810.0
2025-01-13 20:14:00,94.5522,94.57,94.42,94.545,93905.0
2025-01-13 20:16:00,94.55,94.61,94.48,94.57,60275.0
2025-01-13 20:18:00,94.56,94.63,94.49,94.599,66166.0
2025-01-13 20:20:00,94.595,94.75,94.5601,94.6706,95548.0
2025-01-13 20:22:00,94.66,94.685,94.55,94.6,54546.0
2025-01-13 20:24:00,94.59,94.7,94.525,94.63,84637.0
2025-01-13 20:26:00,94.64,94.73,94.62,94.65,53188.0
2025-01-13 20:28:00,94.65,94.7499,94.61,94.6407,70162.0
2025-01-13 20:30:00,94.66,94.735,94.5307,94.57,70858.0
2025-01-13 20:32:00,94.56,94.76,94.56,94.7418,45033.0
2025-01-13 20:34:00,94.74,94.7972,94.6696,94.725,54291.0
2025-01-13 20:36:00,94.73,94.755,94.6549,94.7411,57773.0
2025-01-13 20:38:00,94.74,94.82,94.6501,94.666,50491.0
2025-01-13 20:40:00,94.65,94.76,94.64,94.76,90695.0
2025-01-13 20:42:00,94.76,94.84,94.73,94.82,85071.0
2025-01-13 20:44:00,94.81,94.91,94.79,94.86,77605.0
2025-01-13 20:46:00,94.861,95.17,94.861,95.14,189699.0
2025-01-13 20:48:00,95.14,95.315,95.125,95.19,219319.0
2025-01-13 20:50:00,95.2,95.3658,95.17,95.2375,210198.0
2025-01-13 20:52:00,95.25,95.27,95.0,95.07,123129.0
2025-01-13 20:54:00,95.07,95.25,94.96,95.225,207371.0
2025-01-13 20:56:00,95.225,95.24,95.07,95.09,180244.0
2025-01-13 20:58:00,95.09,95.23,95.02,95.08,457282.0
2025-01-13 21:00:00,95.06,95.23,95.03,95.23,51650.0
2025-01-13 21:02:00,95.1818,95.22,95.18,95.185,4991.0
2025-01-13 21:04:00,95.1892,95.2316,95.06,95.23,40697.0
2025-01-13 21:06:00,95.22,95.23,95.06,95.06,197710.0
2025-01-13 21:08:00,95.15,95.23,95.15,95.23,4511.0
2025-01-13 21:10:00,95.23,95.29,95.23,95.28,4687.0
2025-01-13 21:12:00,95.28,95.28,95.25,95.28,1285.0
2025-01-13 21:14:00,95.25,95.25,95.15,95.15,4119.0
2025-01-13 21:16:00,95.1,95.19,95.1,95.19,6002.0
2025-01-13 21:18:00,95.1892,95.1892,95.1892,95.1892,515.0
2025-01-13 21:20:00,95.2894,95.2894,95.23,95.2882,1427.0
2025-01-13 21:22:00,95.2101,95.28,95.2101,95.28,697.0
2025-01-13 21:24:00,95.29,95.29,95.28,95.29,1470.0
2025-01-13 21:26:00,95.29,95.29,95.28,95.2899,1267.0
2025-01-13 21:28:00,95.29,95.42,95.29,95.42,25141.0
2025-01-13 21:32:00,95.4,95.47,95.4,95.47,2241.0
2025-01-13 21:34:00,95.48,95.5481,95.48,95.5481,2352.0
2025-01-13 21:36:00,95.48,95.5399,95.48,95.5399,691.0
2025-01-13 21:38:00,95.49,95.55,95.45,95.55,4831.0
2025-01-13 21:40:00,95.6,95.6,95.46,95.5984,6194.0
2025-01-13 21:42:00,95.6,95.6,95.6,95.6,387.0
2025-01-13 21:44:00,95.56,95.56,95.43,95.43,2451.0
2025-01-13 21:46:00,95.44,95.49,95.44,95.49,359.0
2025-01-13 21:48:00,95.46,95.5,95.43,95.43,2114.0
2025-01-13 21:50:00,95.56,95.56,95.4609,95.4609,1126.0
2025-01-13 21:54:00,95.51,95.51,95.51,95.51,485.0
2025-01-13 21:58:00,95.55,95.55,95.53,95.5398,3022.0
2025-01-13 22:00:00,95.53,95.53,95.5,95.5,4595.0
2025-01-13 22:02:00,95.52,95.55,95.52,95.55,937.0
2025-01-13 22:04:00,95.5497,95.55,95.5048,95.55,488.0
2025-01-13 22:06:00,95.54,95.581,95.54,95.581,3465.0
2025-01-13 22:08:00,95.5502,95.6,95.5502,95.5899,3944.0
2025-01-13 22:10:00,95.63,95.7,95.63,95.6995,1485.0
2025-01-13 22:12:00,95.7,95.71,95.6401,95.71,4204.0
2025-01-13 22:14:00,95.71,95.71,95.64,95.71,798.0
2025-01-13 22:16:00,95.6475,95.71,95.6475,95.71,1856.0
2025-01-13 22:18:00,95.75,95.78,95.75,95.75,5082.0
2025-01-13 22:24:00,95.775,95.7997,95.775,95.7997,1222.0
2025-01-13 22:26:00,95.75,95.75,95.7,95.73,858.0
2025-01-13 22:28:00,95.7499,95.76,95.73,95.76,2197.0
2025-01-13 22:32:00,95.71,95.71,95.71,95.71,275.0
2025-01-13 22:34:00,95.74,95.755,95.74,95.755,850.0
2025-01-13 22:36:00,95.8,95.85,95.8,95.85,3014.0
2025-01-13 22:38:00,95.825,95.825,95.825,95.825,436.0
2025-01-13 22:42:00,95.85,95.85,95.85,95.85,282.0
2025-01-13 22:44:00,95.8497,95.8497,95.8497,95.8497,355.0
2025-01-13 22:46:00,95.8101,95.8101,95.8101,95.8101,1507.0
2025-01-13 22:48:00,95.8,95.85,95.8,95.84,938.0
2025-01-13 22:50:00,95.849,95.849,95.825,95.825,1381.0
2025-01-13 22:52:00,95.825,95.8495,95.8,95.8495,1459.0
2025-01-13 22:54:00,95.8,95.8,95.8,95.8,1424.0
2025-01-13 22:56:00,95.8,95.8482,95.8,95.84,1717.0
2025-01-13 23:00:00,95.752,95.752,95.752,95.752,133.0
2025-01-13 23:02:00,95.76,95.85,95.76,95.85,2040.0
2025-01-13 23:04:00,95.8301,95.9,95.8301,95.9,1479.0
2025-01-13 23:06:00,95.9,95.97,95.9,95.97,2708.0
2025-01-13 23:08:00,95.97,96.15,95.96,96.15,2579.0
2025-01-13 23:10:00,96.32,96.32,96.0,96.0,3469.0
2025-01-13 23:12:00,96.17,96.17,96.15,96.15,614.0
2025-01-13 23:14:00,96.0066,96.0066,96.0066,96.0066,1038.0
2025-01-13 23:16:00,96.075,96.075,96.0,96.0,2539.0
2025-01-13 23:18:00,96.0,96.0,95.98,95.9999,3858.0
2025-01-13 23:20:00,95.89,95.97,95.89,95.97,794.0
2025-01-13 23:22:00,95.91,95.92,95.9,95.9,1090.0
2025-01-13 23:24:00,95.9,96.0,95.9,96.0,620.0
2025-01-13 23:26:00,95.95,95.95,95.95,95.95,202.0
2025-01-13 23:28:00,95.96,95.96,95.96,95.96,278.0
2025-01-13 23:30:00,95.98,96.0,95.98,96.0,1732.0
2025-01-13 23:32:00,96.03,96.07,96.03,96.07,756.0
2025-01-13 23:34:00,96.1501,96.24,96.1501,96.2,2665.0
2025-01-13 23:36:00,96.05,96.1999,96.05,96.1,1157.0
2025-01-13 23:38:00,96.1982,96.1982,96.1982,96.1982,226.0
2025-01-13 23:40:00,96.1999,96.21,96.19,96.2098,4560.0
2025-01-13 23:42:00,96.2,96.2,96.1891,96.1891,1014.0
2025-01-13 23:44:00,96.1498,96.1498,96.1,96.1,1546.0
2025-01-13 23:48:00,96.19,96.19,96.1499,96.15,763.0
2025-01-13 23:50:00,96.2,96.205,96.2,96.205,529.0
2025-01-13 23:52:00,96.2,96.2,96.2,96.2,499.0
2025-01-13 23:54:00,96.24,96.24,96.15,96.195,1427.0
2025-01-13 23:56:00,96.2,96.29,96.2,96.29,2617.0
2025-01-13 23:58:00,96.25,96.25,96.25,96.25,2333.0
2025-01-14 00:02:00,96.15,96.15,96.15,96.15,357.0
2025-01-14 00:04:00,96.3601,96.3601,96.3601,96.3601,310.0
2025-01-14 00:06:00,96.2,96.29,96.19,96.19,4332.0
2025-01-14 00:10:00,96.07,96.33,96.07,96.3,1569.0
2025-01-14 00:12:00,96.31,96.31,96.31,96.31,231.0
2025-01-14 00:14:00,96.3922,96.3922,96.2,96.2,522.0
2025-01-14 00:16:00,96.2,96.2,96.2,96.2,1086.0
2025-01-14 00:18:00,96.2,96.2,96.2,96.2,342.0
2025-01-14 00:20:00,96.08,96.08,96.08,96.08,133.0
2025-01-14 00:22:00,96.1999,96.1999,96.0927,96.0927,927.0
2025-01-14 00:26:00,96.1983,96.2,96.1983,96.2,950.0
2025-01-14 00:30:00,96.25,96.25,96.15,96.15,499.0
2025-01-14 00:32:00,96.2,96.2872,96.2,96.2872,375.0
2025-01-14 00:34:00,96.3,96.3,96.3,96.3,295.0
2025-01-14 00:38:00,96.2,96.2,96.2,96.2,516.0
2025-01-14 00:44:00,96.2,96.2,96.17,96.17,457.0
2025-01-14 00:46:00,96.2,96.2,96.2,96.2,710.0
2025-01-14 00:50:00,96.2986,96.2993,96.2986,96.2993,1203.0
2025-01-14 00:52:00,96.3,96.3,96.3,96.3,318.0
2025-01-14 00:56:00,96.21,96.21,96.21,96.21,1034.0
2025-01-14 00:58:00,96.3,96.3,96.3,96.3,330.0
2025-01-14 09:00:00,96.61,97.11,96.61,97.11,8268.0
2025-01-14 09:02:00,97.05,97.05,97.0,97.0,2778.0
2025-01-14 09:06:00,97.01,97.01,97.0,97.0,537.0
2025-01-14 09:08:00,97.02,97.02,97.0,97.0,611.0
2025-01-14 09:10:00,96.93,96.93,96.72,96.72,560.0
2025-01-14 09:14:00,96.75,96.87,96.75,96.87,2823.0
2025-01-14 09:16:00,96.9,96.9,96.69,96.69,1309.0
2025-01-14 09:18:00,96.78,96.85,96.69,96.79,2489.0
2025-01-14 09:22:00,96.74,96.74,96.68,96.68,2447.0
2025-01-14 09:24:00,96.71,96.71,96.7,96.7,1313.0
2025-01-14 09:26:00,96.67,96.67,96.66,96.66,369.0
2025-01-14 09:30:00,96.79,96.8,96.78,96.8,1153.0
2025-01-14 09:32:00,96.8,96.8,96.75,96.76,2748.0
2025-01-14 09:36:00,96.81,96.81,96.8,96.8,556.0
2025-01-14 09:40:00,96.8,96.8,96.76,96.76,389.0
2025-01-14 09:42:00,96.81,96.81,96.81,96.81,110.0
2025-01-14 09:46:00,96.82,96.82,96.76,96.76,993.0
2025-01-14 09:52:00,96.65,96.65,96.65,96.65,680.0
2025-01-14 09:54:00,96.69,96.7,96.69,96.7,300.0
2025-01-14 09:56:00,96.79,96.84,96.79,96.8,2845.0
2025-01-14 09:58:00,96.76,96.76,96.69,96.69,336.0
2025-01-14 10:00:00,96.84,96.84,96.84,96.84,464.0
2025-01-14 10:04:00,96.75,96.75,96.7,96.7,638.0
2025-01-14 10:12:00,96.66,96.66,96.66,96.66,725.0
2025-01-14 10:20:00,96.72,96.72,96.72,96.72,1019.0
2025-01-14 10:24:00,96.81,96.81,96.81,96.81,201.0
2025-01-14 10:32:00,96.78,96.78,96.78,96.78,431.0
2025-01-14 10:34:00,96.83,96.83,96.83,96.83,519.0
2025-01-14 10:36:00,96.85,96.91,96.85,96.91,735.0
2025-01-14 10:38:00,96.85,96.85,96.85,96.85,309.0
2025-01-14 10:42:00,96.87,96.87,96.87,96.87,1180.0
2025-01-14 10:46:00,96.99,96.99,96.99,96.99,175.0
2025-01-14 10:50:00,96.98,96.98,96.98,96.98,202.0
2025-01-14 10:52:00,97.0,97.0,97.0,97.0,247.0
2025-01-14 10:54:00,97.02,97.02,97.02,97.02,931.0
2025-01-14 10:56:00,97.03,97.03,97.03,97.03,221.0
2025-01-14 11:00:00,97.01,97.01,97.01,97.01,317.0
2025-01-14 11:02:00,97.05,97.05,96.94,96.94,389.0
2025-01-14 11:04:00,96.82,96.82,96.81,96.81,1032.0
2025-01-14 11:06:00,96.82,96.82,96.81,96.81,654.0
2025-01-14 11:10:00,96.81,96.81,96.81,96.81,657.0
2025-01-14 11:14:00,96.97,97.0,96.96,97.0,2243.0
2025-01-14 11:18:00,96.83,96.83,96.83,96.83,350.0
2025-01-14 11:20:00,96.8,96.8,96.8,96.8,335.0
2025-01-14 11:22:00,96.68,96.68,96.68,96.68,815.0
2025-01-14 11:24:00,96.62,96.72,96.62,96.72,1463.0
2025-01-14 11:26:00,96.68,96.69,96.68,96.69,587.0
2025-01-14 11:28:00,96.65,96.68,96.63,96.63,890.0
2025-01-14 11:30:00,96.61,96.61,96.61,96.61,1056.0
2025-01-14 11:32:00,96.5,96.52,96.2,96.2,5520.0
2025-01-14 11:34:00,96.42,96.49,96.42,96.49,2274.0
2025-01-14 11:40:00,96.43,96.43,96.42,96.42,1094.0
2025-01-14 11:42:00,96.52,96.54,96.52,96.54,574.0
2025-01-14 11:46:00,96.4,96.4,96.35,96.35,1546.0
2025-01-14 11:54:00,96.55,96.55,96.55,96.55,400.0
2025-01-14 11:58:00,96.55,96.55,96.5,96.5,1140.0
2025-01-14 12:00:00,96.44,96.44,96.33,96.35,2155.0
2025-01-14 12:02:00,96.49,96.49,96.49,96.49,273.0
2025-01-14 12:04:00,96.68,96.89,96.68,96.82,9048.0
2025-01-14 12:06:00,96.8,96.8,96.5,96.5,3057.0
2025-01-14 12:08:00,96.41,96.5,96.4,96.5,3637.0
2025-01-14 12:10:00,96.61,96.61,96.6,96.6,1615.0
2025-01-14 12:12:00,96.53,96.53,96.33,96.4,4847.0
2025-01-14 12:14:00,96.32,96.4,96.3,96.4,3557.0
2025-01-14 12:16:00,96.43,96.43,96.4,96.4,1205.0
2025-01-14 12:18:00,96.38,96.42,96.36,96.42,5806.0
2025-01-14 12:20:00,96.42,96.42,96.23,96.29,2082.0
2025-01-14 12:22:00,96.16,96.16,96.15,96.15,2562.0
2025-01-14 12:24:00,96.15,96.24,96.11,96.24,2006.0
2025-01-14 12:26:00,96.24,96.31,96.24,96.31,964.0
2025-01-14 12:28:00,96.36,96.36,96.36,96.36,525.0
2025-01-14 12:30:00,96.35,96.35,96.35,96.35,169.0
2025-01-14 12:32:00,96.26,96.26,96.26,96.26,735.0
2025-01-14 12:34:00,96.4,96.49,96.4,96.49,1523.0
2025-01-14 12:38:00,96.5,96.5,96.5,96.5,173.0
2025-01-14 12:40:00,96.4,96.4,96.39,96.39,802.0
2025-01-14 12:42:00,96.44,96.44,96.35,96.35,777.0
2025-01-14 12:50:00,96.34,96.34,96.34,96.34,493.0
2025-01-14 12:52:00,96.28,96.31,96.25,96.31,918.0
2025-01-14 12:54:00,96.28,96.28,96.27,96.27,325.0
2025-01-14 12:58:00,96.31,96.31,96.25,96.25,830.0
2025-01-14 13:00:00,96.48,96.89,96.06,96.15,30598.0
2025-01-14 13:04:00,96.17,96.18,96.1,96.11,2174.0
2025-01-14 13:06:00,96.18,96.23,96.18,96.23,2155.0
2025-01-14 13:08:00,96.18,96.18,96.1001,96.1001,995.0
2025-01-14 13:10:00,96.1001,96.25,96.06,96.06,4801.0
2025-01-14 13:12:00,96.25,96.25,96.1,96.1,850.0
2025-01-14 13:14:00,96.0601,96.14,96.0601,96.14,2494.0
2025-01-14 13:16:00,96.15,96.15,96.108,96.108,478.0
2025-01-14 13:18:00,96.1,96.1,96.1,96.1,100.0
2025-01-14 13:20:00,96.2472,96.25,96.07,96.0745,3432.0
2025-01-14 13:22:00,96.07,96.07,96.05,96.07,2269.0
2025-01-14 13:24:00,96.03,96.09,96.01,96.01,4340.0
2025-01-14 13:26:00,96.0137,96.1599,96.0137,96.1499,2753.0
2025-01-14 13:28:00,96.01,96.1499,96.01,96.1496,2961.0
2025-01-14 13:30:00,96.14,97.11,96.14,97.11,22397.0
2025-01-14 13:32:00,97.11,97.66,97.11,97.36,27051.0
2025-01-14 13:34:00,97.487,97.5,97.0,97.2,12915.0
2025-01-14 13:36:00,97.2,97.2,96.91,96.93,15256.0
2025-01-14 13:38:00,96.91,97.06,96.8,97.06,11481.0
2025-01-14 13:40:00,97.03,97.12,96.89,96.89,7041.0
2025-01-14 13:42:00,96.99,97.0,96.8604,96.96,3102.0
2025-01-14 13:44:00,96.9,97.03,96.8722,97.03,7234.0
2025-01-14 13:46:00,97.11,97.11,97.06,97.06,1938.0
2025-01-14 13:48:00,97.2095,97.21,97.14,97.15,4699.0
2025-01-14 13:50:00,97.15,97.2,97.1,97.15,9275.0
2025-01-14 13:52:00,97.095,97.1001,96.9,96.99,2704.0
2025-01-14 13:54:00,97.0,97.1,97.0,97.06,2262.0
2025-01-14 13:56:00,97.0037,97.05,96.772,96.9999,13250.0
2025-01-14 13:58:00,96.93,97.04,96.85,97.0,6990.0
2025-01-14 14:00:00,97.07,97.07,96.75,96.75,8978.0
2025-01-14 14:02:00,96.9994,96.9994,96.82,96.9,1911.0
2025-01-14 14:04:00,96.9,96.95,96.89,96.95,3754.0
2025-01-14 14:06:00,96.98,97.0965,96.9646,97.0965,4300.0
2025-01-14 14:08:00,96.9,97.06,96.9,96.98,4734.0
2025-01-14 14:10:00,97.0208,97.11,96.9,96.95,32425.0
2025-01-14 14:12:00,96.9201,96.94,96.89,96.94,12753.0
2025-01-14 14:14:00,97.05,97.1001,97.0,97.08,3319.0
2025-01-14 14:16:00,97.08,97.13,97.05,97.05,1757.0
2025-01-14 14:18:00,97.1,97.21,97.1,97.15,5804.0
2025-01-14 14:20:00,97.19,97.19,97.0,97.09,2043.0
2025-01-14 14:22:00,97.2,97.41,97.2,97.41,8714.0
2025-01-14 14:24:00,97.41,97.7998,97.33,97.7435,10600.0
2025-01-14 14:26:00,97.5,97.71,97.4901,97.55,15892.0
2025-01-14 14:28:00,97.3,97.43,97.02,97.02,4893.0
2025-01-14 14:30:00,97.05,97.13,96.07,96.15,614528.0
2025-01-14 14:32:00,96.05,96.36,95.85,96.2,252367.0
2025-01-14 14:34:00,96.21,96.62,96.15,96.15,132682.0
2025-01-14 14:36:00,96.1725,96.5499,96.09,96.41,132581.0
2025-01-14 14:38:00,96.45,96.75,96.37,96.62,184546.0
2025-01-14 14:40:00,96.65,96.99,96.5101,96.75,198315.0
2025-01-14 14:42:00,96.73,96.82,96.3448,96.39,164710.0
2025-01-14 14:44:00,96.395,96.7399,96.34,96.465,141816.0
2025-01-14 14:46:00,96.5,96.68,96.16,96.31,140324.0
2025-01-14 14:48:00,96.22,96.39,95.99,96.38,131733.0
2025-01-14 14:50:00,96.43,96.59,96.22,96.54,150160.0
2025-01-14 14:52:00,96.53,96.59,96.21,96.285,97387.0
2025-01-14 14:54:00,96.26,96.3,96.0448,96.27,121763.0
2025-01-14 14:56:00,96.265,96.28,96.0,96.03,95871.0
2025-01-14 14:58:00,96.0,96.04,95.5,95.56,131865.0
2025-01-14 15:00:00,95.61,95.71,95.5,95.66,130185.0
2025-01-14 15:02:00,95.66,95.98,95.66,95.98,105746.0
2025-01-14 15:04:00,95.99,96.0258,95.69,95.78,72566.0
2025-01-14 15:06:00,95.8,95.938,95.65,95.69,72525.0
2025-01-14 15:08:00,95.7,96.12,95.65,96.0891,113037.0
2025-01-14 15:10:00,96.09,96.35,95.96,96.335,70950.0
2025-01-14 15:12:00,96.33,96.4076,96.16,96.3,100369.0
2025-01-14 15:14:00,96.295,96.315,96.1,96.1746,79716.0
2025-01-14 15:16:00,96.22,96.4,96.18,96.21,70432.0
2025-01-14 15:18:00,96.1916,96.4004,96.155,96.2192,88463.0
2025-01-14 15:20:00,96.22,96.3799,96.15,96.255,58050.0
2025-01-14 15:22:00,96.27,96.3599,96.02,96.085,51050.0
2025-01-14 15:24:00,96.085,96.26,96.03,96.26,206143.0
2025-01-14 15:26:00,96.25,96.33,96.07,96.07,46552.0
2025-01-14 15:28:00,96.06,96.12,95.86,95.89,113528.0
2025-01-14 15:30:00,95.93,96.21,95.93,96.2,73163.0
2025-01-14 15:32:00,96.195,96.29,95.97,96.16,71439.0
2025-01-14 15:34:00,96.14,96.155,95.99,96.0275,83907.0
2025-01-14 15:36:00,96.03,96.18,95.98,96.01,66007.0
2025-01-14 15:38:00,95.9904,96.07,95.895,95.895,76066.0
2025-01-14 15:40:00,95.89,96.4209,95.88,96.41,105275.0
2025-01-14 15:42:00,96.4092,96.49,96.37,96.45,45505.0
2025-01-14 15:44:00,96.465,96.52,96.24,96.2562,76580.0
2025-01-14 15:46:00,96.28,96.52,96.24,96.34,50399.0
2025-01-14 15:48:00,96.34,96.34,96.17,96.2,65402.0
2025-01-14 15:50:00,96.19,96.24,95.9539,96.19,64081.0
2025-01-14 15:52:00,96.16,96.16,96.0,96.12,79694.0
2025-01-14 15:54:00,96.12,96.14,95.89,95.905,57488.0
2025-01-14 15:56:00,95.91,95.92,95.79,95.79,112060.0
2025-01-14 15:58:00,95.797,95.88,95.71,95.72,108036.0
2025-01-14 16:00:00,95.72,95.758,95.56,95.62,132644.0
2025-01-14 16:02:00,95.65,95.68,95.38,95.41,115348.0
2025-01-14 16:04:00,95.42,95.69,95.38,95.63,242978.0
2025-01-14 16:06:00,95.65,95.78,95.44,95.465,55869.0
2025-01-14 16:08:00,95.465,95.55,95.39,95.51,56597.0
2025-01-14 16:10:00,95.51,95.64,95.445,95.545,105223.0
2025-01-14 16:12:00,95.54,95.81,95.52,95.77,61101.0
2025-01-14 16:14:00,95.76,95.88,95.75,95.85,102879.0
2025-01-14 16:16:00,95.843,95.92,95.8007,95.89,38129.0
2025-01-14 16:18:00,95.9,95.93,95.79,95.8609,38557.0
2025-01-14 16:20:00,95.85,96.11,95.85,96.03,77488.0
2025-01-14 16:22:00,96.025,96.25,96.025,96.135,69146.0
2025-01-14 16:24:00,96.135,96.26,96.1044,96.26,42598.0
2025-01-14 16:26:00,96.26,96.4699,96.21,96.36,89401.0
2025-01-14 16:28:00,96.37,96.57,96.23,96.25,138752.0
2025-01-14 16:30:00,96.26,96.41,96.245,96.31,58600.0
2025-01-14 16:32:00,96.3,96.47,96.226,96.44,62392.0
2025-01-14 16:34:00,96.455,96.58,96.41,96.53,90653.0
2025-01-14 16:36:00,96.53,96.53,96.2136,96.33,60028.0
2025-01-14 16:38:00,96.33,96.33,96.04,96.255,56840.0
2025-01-14 16:40:00,96.255,96.3898,96.12,96.16,78673.0
2025-01-14 16:42:00,96.17,96.21,96.05,96.0853,71269.0
2025-01-14 16:44:00,96.07,96.185,96.06,96.145,30701.0
2025-01-14 16:46:00,96.16,96.22,96.04,96.2,52915.0
2025-01-14 16:48:00,96.18,96.27,96.16,96.225,44403.0
2025-01-14 16:50:00,96.24,96.36,96.17,96.32,47252.0
2025-01-14 16:52:00,96.35,96.37,96.15,96.2,29508.0
2025-01-14 16:54:00,96.17,96.21,95.992,96.1,58893.0
2025-01-14 16:56:00,96.1,96.12,95.82,95.88,71847.0
2025-01-14 16:58:00,95.875,96.01,95.855,95.93,60750.0
2025-01-14 17:00:00,95.9,95.915,95.79,95.82,68067.0
2025-01-14 17:02:00,95.825,95.85,95.705,95.71,96076.0
2025-01-14 17:04:00,95.72,95.98,95.7,95.86,34823.0
2025-01-14 17:06:00,95.85,95.87,95.67,95.8,138890.0
2025-01-14 17:08:00,95.785,95.9899,95.78,95.93,41303.0
2025-01-14 17:10:00,95.95,96.0,95.78,95.88,43156.0
2025-01-14 17:12:00,95.9,95.98,95.846,95.97,29338.0
2025-01-14 17:14:00,95.98,96.01,95.8775,95.97,53262.0
2025-01-14 17:16:00,95.99,96.11,95.975,96.08,45914.0
2025-01-14 17:18:00,96.08,96.28,96.06,96.14,160449.0
2025-01-14 17:20:00,96.14,96.17,95.62,95.69,152889.0
2025-01-14 17:22:00,95.6875,95.7448,95.58,95.595,50650.0
2025-01-14 17:24:00,95.59,95.94,95.59,95.87,65094.0
2025-01-14 17:26:00,95.85,95.865,95.765,95.835,46692.0
2025-01-14 17:28:00,95.84,96.22,95.83,96.0958,161973.0
2025-01-14 17:30:00,96.09,96.0952,95.75,95.8,43006.0
2025-01-14 17:32:00,95.8,95.8899,95.76,95.86,26802.0
2025-01-14 17:34:00,95.86,95.86,95.7,95.8191,63152.0
2025-01-14 17:36:00,95.81,96.0899,95.81,96.01,41930.0
2025-01-14 17:38:00,96.03,96.08,95.84,95.92,35037.0
2025-01-14 17:40:00,95.94,96.1,95.9,96.1,28144.0
2025-01-14 17:42:00,96.1,96.315,96.08,96.28,44156.0
2025-01-14 17:44:00,96.29,96.35,96.24,96.27,27445.0
2025-01-14 17:46:00,96.255,96.31,96.18,96.21,62809.0
2025-01-14 17:48:00,96.23,96.34,96.2101,96.325,38403.0
2025-01-14 17:50:00,96.34,96.48,96.3201,96.4645,39395.0
2025-01-14 17:52:00,96.47,96.56,96.44,96.52,45721.0
2025-01-14 17:54:00,96.5348,96.5348,96.41,96.5,54926.0
2025-01-14 17:56:00,96.5,96.5,96.33,96.42,39265.0
2025-01-14 17:58:00,96.44,96.54,96.41,96.53,30850.0
2025-01-14 18:00:00,96.51,96.57,96.38,96.5,43992.0
2025-01-14 18:02:00,96.51,96.59,96.5,96.58,490414.0
2025-01-14 18:04:00,96.58,96.69,96.5501,96.61,36058.0
2025-01-14 18:06:00,96.5701,96.62,96.54,96.545,19507.0
2025-01-14 18:08:00,96.55,96.55,96.425,96.46,43251.0
2025-01-14 18:10:00,96.46,96.5352,96.42,96.4221,30213.0
2025-01-14 18:12:00,96.45,96.4976,96.41,96.4856,41586.0
2025-01-14 18:14:00,96.47,96.51,96.385,96.4,35715.0
2025-01-14 18:16:00,96.405,96.51,96.35,96.45,29386.0
2025-01-14 18:18:00,96.47,96.5,96.3,96.34,28926.0
2025-01-14 18:20:00,96.35,96.44,96.29,96.44,23189.0
2025-01-14 18:22:00,96.4296,96.52,96.42,96.5109,27217.0
2025-01-14 18:24:00,96.52,96.66,96.52,96.6,38468.0
2025-01-14 18:26:00,96.62,96.7,96.6,96.7,45285.0
2025-01-14 18:28:00,96.69,96.73,96.66,96.715,31976.0
2025-01-14 18:30:00,96.7,96.74,96.56,96.6101,34497.0
2025-01-14 18:32:00,96.63,96.6704,96.53,96.57,22124.0
2025-01-14 18:34:00,96.58,96.63,96.54,96.62,14680.0
2025-01-14 18:36:00,96.59,96.86,96.59,96.83,47269.0
2025-01-14 18:38:00,96.84,96.85,96.7645,96.8435,30519.0
2025-01-14 18:40:00,96.8373,96.908,96.81,96.86,43706.0
2025-01-14 18:42:00,96.87,96.97,96.87,96.9441,73141.0
2025-01-14 18:44:00,96.96,96.96,96.8606,96.91,32129.0
2025-01-14 18:46:00,96.91,97.02,96.9,96.99,70976.0
2025-01-14 18:48:00,97.0,97.06,96.935,97.02,20232.0
2025-01-14 18:50:00,97.0109,97.0498,96.97,96.99,37556.0
2025-01-14 18:52:00,97.0,97.1186,96.96,97.1186,54087.0
2025-01-14 18:54:00,97.12,97.18,97.1,97.14,53127.0
2025-01-14 18:56:00,97.14,97.2,97.0915,97.0915,41979.0
2025-01-14 18:58:00,97.09,97.1,97.03,97.04,44578.0
2025-01-14 19:00:00,97.04,97.08,96.95,97.05,46243.0
2025-01-14 19:02:00,97.0501,97.21,97.0501,97.16,49380.0
2025-01-14 19:04:00,97.15,97.22,97.13,97.19,41289.0
2025-01-14 19:06:00,97.2,97.33,97.17,97.21,84972.0
2025-01-14 19:08:00,97.21,97.29,97.2,97.26,33844.0
2025-01-14 19:10:00,97.26,97.2699,97.21,97.24,30566.0
2025-01-14 19:12:00,97.25,97.26,96.98,96.98,101977.0
2025-01-14 19:14:00,97.005,97.11,97.005,97.09,35789.0
2025-01-14 19:16:00,97.1,97.15,97.05,97.13,583431.0
2025-01-14 19:18:00,97.13,97.24,97.09,97.11,35204.0
2025-01-14 19:20:00,97.115,97.16,97.0,97.16,39817.0
2025-01-14 19:22:00,97.18,97.19,97.1,97.1498,24595.0
2025-01-14 19:24:00,97.14,97.24,97.131,97.19,32713.0
2025-01-14 19:26:00,97.205,97.2969,97.12,97.1738,39330.0
2025-01-14 19:28:00,97.165,97.165,97.09,97.11,24450.0
2025-01-14 19:30:00,97.1098,97.11,97.0,97.06,48919.0
2025-01-14 19:32:00,97.07,97.13,97.06,97.1,31464.0
2025-01-14 19:34:00,97.1,97.1899,97.06,97.17,39779.0
2025-01-14 19:36:00,97.18,97.2499,97.18,97.2484,34219.0
2025-01-14 19:38:00,97.25,97.29,97.21,97.2505,25256.0
2025-01-14 19:40:00,97.2572,97.32,97.22,97.26,29426.0
2025-01-14 19:42:00,97.26,97.3,97.25,97.28,30563.0
2025-01-14 19:44:00,97.27,97.29,97.22,97.28,35841.0
2025-01-14 19:46:00,97.27,97.305,97.25,97.26,30980.0
2025-01-14 19:48:00,97.25,97.29,97.1201,97.17,60315.0
2025-01-14 19:50:00,97.18,97.195,97.03,97.04,56517.0
2025-01-14 19:52:00,97.04,97.1088,96.98,97.02,52496.0
2025-01-14 19:54:00,97.02,97.07,96.945,96.975,52554.0
2025-01-14 19:56:00,96.975,96.99,96.625,96.69,88447.0
2025-01-14 19:58:00,96.68,96.73,96.52,96.615,55554.0
2025-01-14 20:00:00,96.59,96.64,96.37,96.45,101881.0
2025-01-14 20:02:00,96.45,96.4627,96.19,96.34,102638.0
2025-01-14 20:04:00,96.32,96.32,95.98,96.22,119814.0
2025-01-14 20:06:00,96.205,96.37,96.17,96.32,101908.0
2025-01-14 20:08:00,96.35,96.5,96.3101,96.44,81205.0
2025-01-14 20:10:00,96.41,96.41,96.15,96.25,55147.0
2025-01-14 20:12:00,96.26,96.34,96.19,96.19,30729.0
2025-01-14 20:14:00,96.185,96.46,96.185,96.442,57691.0
2025-01-14 20:16:00,96.43,96.49,96.32,96.35,51806.0
2025-01-14 20:18:00,96.36,96.43,96.33,96.41,39682.0
2025-01-14 20:20:00,96.4195,96.525,96.38,96.44,52588.0
2025-01-14 20:22:00,96.4388,96.45,96.32,96.45,80229.0
2025-01-14 20:24:00,96.445,96.59,96.39,96.46,88399.0
2025-01-14 20:26:00,96.47,96.475,96.32,96.4099,32572.0
2025-01-14 20:28:00,96.41,96.5204,96.33,96.5,34925.0
2025-01-14 20:30:00,96.46,96.57,96.39,96.4174,43304.0
2025-01-14 20:32:00,96.405,96.44,96.34,96.38,38989.0
2025-01-14 20:34:00,96.3799,96.44,96.34,96.395,41536.0
2025-01-14 20:36:00,96.39,96.52,96.365,96.455,49712.0
2025-01-14 20:38:00,96.46,96.515,96.36,96.425,46681.0
2025-01-14 20:40:00,96.44,96.6,96.43,96.59,119357.0
2025-01-14 20:42:00,96.6,96.62,96.54,96.58,66649.0
2025-01-14 20:44:00,96.58,96.775,96.57,96.72,57559.0
2025-01-14 20:46:00,96.73,96.79,96.67,96.69,47898.0
2025-01-14 20:48:00,96.695,96.8899,96.695,96.83,84299.0
2025-01-14 20:50:00,96.81,96.95,96.75,96.88,119941.0
2025-01-14 20:52:00,96.885,96.98,96.85,96.9,167876.0
2025-01-14 20:54:00,96.89,97.22,96.85,97.18,275316.0
2025-01-14 20:56:00,97.18,97.3672,97.18,97.245,283224.0
2025-01-14 20:58:00,97.245,97.41,97.14,97.39,872978.0
2025-01-14 21:00:00,97.36,97.55,97.1,97.51,550430.0
2025-01-14 21:02:00,97.47,97.54,97.42,97.54,3753.0
2025-01-14 21:04:00,97.59,97.59,97.36,97.54,17729.0
2025-01-14 21:06:00,97.54,97.5899,97.422,97.5899,3205.0
2025-01-14 21:08:00,97.59,97.59,97.54,97.58,963.0
2025-01-14 21:10:00,97.5301,97.6,97.52,97.5317,14930.0
2025-01-14 21:12:00,97.58,97.6,97.36,97.36,1182.0
2025-01-14 21:14:00,97.56,97.65,97.53,97.65,2212.0
2025-01-14 21:16:00,97.65,97.66,97.65,97.66,848.0
2025-01-14 21:18:00,97.56,97.65,97.53,97.65,2780.0
2025-01-14 21:20:00,97.66,97.66,97.51,97.56,6551.0
2025-01-14 21:22:00,97.5,97.51,97.5,97.51,1070.0
2025-01-14 21:24:00,97.55,97.55,97.51,97.5109,1632.0
2025-01-14 21:26:00,97.56,97.6,97.51,97.6,1107.0
2025-01-14 21:28:00,97.6,97.6,97.6,97.6,657.0
2025-01-14 21:30:00,97.56,97.56,97.56,97.56,505.0
2025-01-14 21:32:00,97.6298,97.6298,97.5701,97.5701,414.0
2025-01-14 21:34:00,97.65,97.65,97.65,97.65,310.0
2025-01-14 21:36:00,97.68,97.68,97.6,97.6301,4240.0
2025-01-14 21:38:00,97.6799,97.71,97.6799,97.71,983.0
2025-01-14 21:40:00,97.73,97.73,97.69,97.69,556.0
2025-01-14 21:42:00,97.66,97.715,97.66,97.715,986.0
2025-01-14 21:44:00,97.6972,97.6972,97.5701,97.5701,316.0
2025-01-14 21:48:00,97.5707,97.61,97.56,97.61,1822.0
2025-01-14 21:50:00,97.6,97.6,97.6,97.6,458.0
2025-01-14 21:54:00,97.58,97.58,97.58,97.58,345.0
2025-01-14 21:56:00,97.56,97.56,97.56,97.56,548.0
2025-01-14 21:58:00,97.56,97.56,97.56,97.56,109.0
2025-01-14 22:00:00,97.57,97.57,97.56,97.56,1651.0
2025-01-14 22:06:00,97.52,97.52,97.52,97.52,354.0
2025-01-14 22:08:00,97.52,97.52,97.52,97.52,646.0
2025-01-14 22:12:00,97.52,97.52,97.5,97.5,1699.0
2025-01-14 22:14:00,97.5,97.5002,97.5,97.5002,1212.0
2025-01-14 22:16:00,97.5,97.51,97.44,97.44,5922.0
2025-01-14 22:22:00,97.4891,97.4895,97.48,97.48,930.0
2025-01-14 22:26:00,97.519,97.519,97.48,97.48,1203.0
2025-01-14 22:30:00,97.48,97.52,97.48,97.48,1332.0
2025-01-14 22:34:00,97.48,97.48,97.48,97.48,340.0
2025-01-14 22:38:00,97.52,97.52,97.5,97.5,718.0
2025-01-14 22:42:00,97.549,97.549,97.54,97.54,319.0
2025-01-14 22:44:00,97.55,97.55,97.4896,97.4896,445.0
2025-01-14 22:52:00,97.4854,97.4854,97.4854,97.4854,257.0
2025-01-14 22:58:00,97.5598,97.5598,97.5598,97.5598,1000.0
2025-01-14 23:00:00,97.56,97.65,97.56,97.65,1294.0
2025-01-14 23:04:00,97.56,97.56,97.56,97.56,100.0
2025-01-14 23:08:00,97.6,97.6,97.6,97.6,301.0
2025-01-14 23:14:00,97.55,97.55,97.55,97.55,264.0
2025-01-14 23:24:00,97.5869,97.5869,97.49,97.49,338.0
2025-01-14 23:26:00,97.48,97.48,97.48,97.48,231.0
2025-01-14 23:28:00,97.5,97.5,97.4807,97.4807,1080.0
2025-01-14 23:32:00,97.483,97.483,97.483,97.483,198.0
2025-01-14 23:42:00,97.49,97.49,97.49,97.49,245.0
2025-01-14 23:46:00,97.59,97.59,97.59,97.59,185.0
2025-01-14 23:48:00,97.5775,97.5775,97.5775,97.5775,150.0
2025-01-14 23:52:00,97.49,97.49,97.49,97.49,317.0
2025-01-15 00:08:00,97.59,97.6,97.58,97.6,956.0
2025-01-15 00:10:00,97.5,97.5,97.5,97.5,168.0
2025-01-15 00:12:00,97.558,97.558,97.558,97.558,293.0
2025-01-15 00:24:00,97.5,97.5,97.5,97.5,362.0
2025-01-15 00:30:00,97.5683,97.5683,97.5683,97.5683,250.0
2025-01-15 00:32:00,97.5001,97.5001,97.5001,97.5001,375.0
2025-01-15 00:42:00,97.5493,97.5493,97.5493,97.5493,185.0
2025-01-15 00:44:00,97.55,97.55,97.55,97.55,509.0
2025-01-15 00:46:00,97.55,97.55,97.55,97.55,103.0
2025-01-15 00:48:00,97.6,97.6,97.6,97.6,475.0
2025-01-15 00:54:00,97.57,97.57,97.55,97.5501,674.0
2025-01-15 00:58:00,97.597,97.597,97.597,97.597,1066.0
2025-01-15 09:00:00,96.87,96.87,96.87,96.87,1051.0
2025-01-15 09:08:00,97.15,97.15,97.11,97.11,403.0
2025-01-15 09:10:00,97.12,97.12,97.12,97.12,607.0
2025-01-15 09:14:00,97.29,97.34,97.19,97.19,630.0
2025-01-15 09:16:00,97.3,97.3,97.3,97.3,192.0
2025-01-15 09:22:00,97.26,97.26,97.26,97.26,500.0
2025-01-15 09:28:00,97.21,97.21,97.21,97.21,220.0
2025-01-15 09:30:00,97.28,97.3,97.27,97.27,942.0
2025-01-15 09:36:00,97.32,97.32,97.32,97.32,232.0
2025-01-15 09:52:00,97.45,97.45,97.42,97.42,401.0
2025-01-15 09:54:00,97.46,97.46,97.46,97.46,569.0
2025-01-15 09:58:00,97.39,97.4,97.39,97.4,300.0
2025-01-15 10:00:00,97.45,97.45,97.45,97.45,290.0
2025-01-15 10:14:00,97.41,97.59,97.41,97.5,1620.0
2025-01-15 10:16:00,97.42,97.42,97.42,97.42,100.0
2025-01-15 10:38:00,97.42,97.42,97.42,97.42,100.0
2025-01-15 10:42:00,97.46,97.46,97.46,97.46,100.0
2025-01-15 10:50:00,97.39,97.39,97.38,97.39,500.0
2025-01-15 11:00:00,97.5,97.53,97.5,97.5,1090.0
2025-01-15 11:04:00,97.5,97.5,97.5,97.5,110.0
2025-01-15 11:08:00,97.5,97.5,97.5,97.5,140.0
2025-01-15 11:16:00,97.5,97.5,97.5,97.5,100.0
2025-01-15 11:18:00,97.45,97.55,97.45,97.49,1611.0
2025-01-15 11:24:00,97.51,97.51,97.51,97.51,204.0
2025-01-15 11:28:00,97.5,97.5,97.5,97.5,409.0
2025-01-15 11:30:00,97.55,97.58,97.55,97.55,1358.0
2025-01-15 11:40:00,97.65,97.65,97.61,97.63,856.0
2025-01-15 11:46:00,97.64,97.65,97.64,97.65,414.0
2025-01-15 11:48:00,97.75,97.76,97.68,97.68,1106.0
2025-01-15 11:50:00,97.65,97.65,97.58,97.58,632.0
2025-01-15 11:54:00,97.65,97.65,97.65,97.65,590.0
2025-01-15 11:56:00,97.65,97.65,97.65,97.65,433.0
2025-01-15 12:00:00,97.75,97.79,97.75,97.79,921.0
2025-01-15 12:06:00,97.75,97.8,97.75,97.8,2331.0
2025-01-15 12:08:00,97.75,97.75,97.75,97.75,1014.0
2025-01-15 12:10:00,97.68,97.68,97.67,97.68,801.0
2025-01-15 12:12:00,97.68,97.68,97.6,97.6,1561.0
2025-01-15 12:16:00,97.55,97.55,97.55,97.55,100.0
2025-01-15 12:18:00,97.65,97.65,97.65,97.65,151.0
2025-01-15 12:20:00,97.74,97.79,97.74,97.79,500.0
2025-01-15 12:22:00,97.61,97.61,97.6,97.6,1125.0
2025-01-15 12:24:00,97.65,97.65,97.65,97.65,100.0
2025-01-15 12:28:00,97.6,97.6,97.6,97.6,300.0
2025-01-15 12:30:00,97.6,97.6,97.56,97.56,548.0
2025-01-15 12:32:00,97.55,97.55,97.55,97.55,1258.0
2025-01-15 12:44:00,97.6,97.61,97.6,97.61,1402.0
2025-01-15 12:46:00,97.6,97.61,97.6,97.61,1221.0
2025-01-15 12:48:00,97.55,97.55,97.55,97.55,243.0
2025-01-15 12:50:00,97.52,97.52,97.5,97.5,940.0
2025-01-15 12:52:00,97.5,97.5,97.5,97.5,288.0
2025-01-15 12:54:00,97.5,97.5,97.5,97.5,486.0
2025-01-15 13:00:00,97.7995,97.8,97.07,97.66,30089.0
2025-01-15 13:02:00,97.7,97.7,97.7,97.7,359.0
2025-01-15 13:04:00,97.65,97.66,97.65,97.66,376.0
2025-01-15 13:06:00,97.66,97.66,97.65,97.65,302.0
2025-01-15 13:08:00,97.5195,97.62,97.5195,97.61,1705.0
2025-01-15 13:12:00,97.65,97.65,97.65,97.65,196.0
2025-01-15 13:14:00,97.69,97.7,97.69,97.69,1403.0
2025-01-15 13:16:00,97.7,97.75,97.7,97.75,600.0
2025-01-15 13:18:00,97.7,97.72,97.7,97.71,1082.0
2025-01-15 13:20:00,97.7,97.788,97.7,97.788,1113.0
2025-01-15 13:22:00,97.78,97.78,97.78,97.78,590.0
2025-01-15 13:24:00,97.77,97.78,97.77,97.78,3006.0
2025-01-15 13:26:00,97.7801,97.7801,97.7801,97.7801,162.0
2025-01-15 13:28:00,97.82,97.82,97.76,97.76,4440.0
2025-01-15 13:30:00,97.9,99.2983,97.9,99.19,18760.0
2025-01-15 13:32:00,99.0,99.43,99.0,99.3401,29484.0
2025-01-15 13:34:00,99.37,99.99,99.37,99.95,28575.0
2025-01-15 13:36:00,99.91,99.98,99.78,99.8,24014.0
2025-01-15 13:38:00,99.7801,99.7995,99.4,99.6,14405.0
2025-01-15 13:40:00,99.6,99.8,99.49,99.67,11217.0
2025-01-15 13:42:00,99.67,99.84,99.5,99.84,9226.0
2025-01-15 13:44:00,99.7,99.86,99.66,99.85,9533.0
2025-01-15 13:46:00,99.8599,99.8599,99.73,99.73,8198.0
2025-01-15 13:48:00,99.8,99.81,99.6801,99.69,10011.0
2025-01-15 13:50:00,99.75,99.8082,99.67,99.68,23543.0
2025-01-15 13:52:00,99.75,99.86,99.69,99.79,9158.0
2025-01-15 13:54:00,99.7899,99.79,99.68,99.73,4431.0
2025-01-15 13:56:00,99.78,99.85,99.7603,99.85,10043.0
2025-01-15 13:58:00,99.8583,99.95,99.85,99.9395,13286.0
2025-01-15 14:00:00,99.9,99.94,99.89,99.91,5904.0
2025-01-15 14:02:00,99.9001,100.38,99.9,100.38,22974.0
2025-01-15 14:04:00,100.39,100.47,100.07,100.07,13539.0
2025-01-15 14:06:00,100.0891,100.11,100.02,100.02,11690.0
2025-01-15 14:08:00,100.0217,100.05,99.85,99.85,5280.0
2025-01-15 14:10:00,99.9,99.9,99.75,99.75,7987.0
2025-01-15 14:12:00,99.79,99.79,99.68,99.7,2015.0
2025-01-15 14:14:00,99.74,99.7832,99.7001,99.7001,3085.0
2025-01-15 14:16:00,99.76,99.79,99.74,99.77,1730.0
2025-01-15 14:18:00,99.9,99.9,99.8,99.86,5572.0
2025-01-15 14:20:00,99.87,99.88,99.8319,99.86,4349.0
2025-01-15 14:22:00,99.83,99.83,99.5005,99.58,12406.0
2025-01-15 14:24:00,99.6,99.6,99.58,99.6,5242.0
2025-01-15 14:26:00,99.7,99.7,99.4,99.4,10211.0
2025-01-15 14:28:00,99.4018,99.51,99.4,99.4,4817.0
2025-01-15 14:30:00,99.44,100.105,99.35,99.72,517528.0
2025-01-15 14:32:00,99.75,100.345,99.75,100.1242,276486.0
2025-01-15 14:34:00,100.12,100.7,99.98,100.57,190788.0
2025-01-15 14:36:00,100.57,100.6605,100.06,100.22,244184.0
2025-01-15 14:38:00,100.22,100.7,100.11,100.51,302269.0
2025-01-15 14:40:00,100.53,101.1,100.5101,101.01,345057.0
2025-01-15 14:42:00,101.01,101.15,100.88,101.06,206165.0
2025-01-15 14:44:00,101.05,101.175,100.98,101.1147,196652.0
2025-01-15 14:46:00,101.1,101.31,101.0,101.28,223679.0
2025-01-15 14:48:00,101.2801,101.84,101.2801,101.76,265608.0
2025-01-15 14:50:00,101.75,101.7726,101.4676,101.5939,181619.0
2025-01-15 14:52:00,101.59,101.98,101.559,101.94,275112.0
2025-01-15 14:54:00,101.955,102.28,101.9402,102.16,462496.0
2025-01-15 14:56:00,102.19,102.36,102.06,102.1,369257.0
2025-01-15 14:58:00,102.11,102.28,102.06,102.13,205036.0
2025-01-15 15:00:00,102.12,102.42,102.09,102.345,143347.0
2025-01-15 15:02:00,102.37,102.78,102.37,102.7714,238552.0
2025-01-15 15:04:00,102.76,102.83,102.67,102.775,350436.0
2025-01-15 15:06:00,102.79,103.08,102.78,103.06,316433.0
2025-01-15 15:08:00,103.07,103.33,103.04,103.13,273214.0
2025-01-15 15:10:00,103.14,103.59,103.12,103.59,241027.0
2025-01-15 15:12:00,103.6,103.67,103.3,103.425,275313.0
2025-01-15 15:14:00,103.4186,103.64,103.27,103.415,280833.0
2025-01-15 15:16:00,103.43,103.62,103.24,103.535,337859.0
2025-01-15 15:18:00,103.525,103.72,103.3295,103.3295,242000.0
2025-01-15 15:20:00,103.31,103.49,103.2,103.4,250320.0
2025-01-15 15:22:00,103.39,103.469,103.09,103.1786,252706.0
2025-01-15 15:24:00,103.19,103.28,103.02,103.2,213832.0
2025-01-15 15:26:00,103.2,103.36,103.19,103.22,106704.0
2025-01-15 15:28:00,103.24,103.47,103.1304,103.442161,129721.0
2025-01-15 15:30:00,103.455,103.6898,103.352,103.5215,132784.0
2025-01-15 15:32:00,103.53,103.5873,103.2101,103.24,118786.0
2025-01-15 15:34:00,103.26,103.3837,103.18,103.22,156924.0
2025-01-15 15:36:00,103.195,103.22,102.91,103.01,265945.0
2025-01-15 15:38:00,103.02,103.34,103.01,103.3125,153715.0
2025-01-15 15:40:00,103.31,103.5,103.3,103.5,178407.0
2025-01-15 15:42:00,103.5,103.655,103.34,103.395,234715.0
2025-01-15 15:44:00,103.39,103.405,103.22,103.24,101626.0
2025-01-15 15:46:00,103.24,103.29,103.05,103.14,195710.0
2025-01-15 15:48:00,103.15,103.2099,103.0205,103.055,92315.0
2025-01-15 15:50:00,103.07,103.15,102.9,103.02,132413.0
2025-01-15 15:52:00,103.0171,103.39,103.015,103.3665,120194.0
2025-01-15 15:54:00,103.345,103.44,103.25,103.2529,70544.0
2025-01-15 15:56:00,103.255,103.28,103.18,103.2156,67843.0
2025-01-15 15:58:00,103.19,103.23,102.9,102.9,91905.0
2025-01-15 16:00:00,102.92,103.16,102.89,103.08,157649.0
2025-01-15 16:02:00,103.1,103.3,103.08,103.14,88340.0
2025-01-15 16:04:00,103.14,103.18,102.97,103.015,105636.0
2025-01-15 16:06:00,103.045,103.1599,102.9201,102.9201,93045.0
2025-01-15 16:08:00,102.94,102.9595,102.79,102.85,219454.0
2025-01-15 16:10:00,102.8637,102.93,102.81,102.93,71171.0
2025-01-15 16:12:00,102.935,103.0499,102.87,102.97,90267.0
2025-01-15 16:14:00,102.96,103.07,102.95,103.01,211299.0
2025-01-15 16:16:00,103.0,103.005,102.52,102.6596,204779.0
2025-01-15 16:18:00,102.645,102.74,102.55,102.675,177208.0
2025-01-15 16:20:00,102.69,102.76,102.64,102.715,78870.0
2025-01-15 16:22:00,102.74,102.96,102.74,102.88,77437.0
2025-01-15 16:24:00,102.865,102.89,102.54,102.58,101281.0
2025-01-15 16:26:00,102.57,102.83,102.51,102.81,106968.0
2025-01-15 16:28:00,102.8,102.81,102.65,102.74,63983.0
2025-01-15 16:30:00,102.7396,102.79,102.6,102.652,97339.0
2025-01-15 16:32:00,102.6613,102.7,102.56,102.6855,106365.0
2025-01-15 16:34:00,102.68,102.78,102.5829,102.775,92311.0
2025-01-15 16:36:00,102.775,102.99,102.755,102.985,129468.0
2025-01-15 16:38:00,102.97,103.0014,102.76,102.815,83264.0
2025-01-15 16:40:00,102.83,102.92,102.78,102.81,58569.0
2025-01-15 16:42:00,102.81,102.92,102.8,102.88,53421.0
2025-01-15 16:44:00,102.88,102.95,102.76,102.93,52475.0
2025-01-15 16:46:00,102.93,103.1,102.91,103.09,101021.0
2025-01-15 16:48:00,103.1,103.29,103.07,103.275,198725.0
2025-01-15 16:50:00,103.28,103.32,103.18,103.27,57428.0
2025-01-15 16:52:00,103.281,103.29,103.02,103.0378,113076.0
2025-01-15 16:54:00,103.04,103.22,103.01,103.19,74758.0
2025-01-15 16:56:00,103.2,103.28,103.145,103.18,81113.0
2025-01-15 16:58:00,103.18,103.24,103.02,103.0499,69436.0
2025-01-15 17:00:00,103.0599,103.0599,102.79,102.92,83257.0
2025-01-15 17:02:00,102.89,102.9899,102.73,102.77,57818.0
2025-01-15 17:04:00,102.7879,102.8,102.6501,102.73,68257.0
2025-01-15 17:06:00,102.73,102.89,102.72,102.89,55421.0
2025-01-15 17:08:00,102.88,102.88,102.74,102.8,64227.0
2025-01-15 17:10:00,102.775,102.89,102.75,102.77,64204.0
2025-01-15 17:12:00,102.77,102.92,102.77,102.91,43642.0
2025-01-15 17:14:00,102.91,103.0,102.9,102.94,83799.0
2025-01-15 17:16:00,102.94,103.17,102.94,103.05,87150.0
2025-01-15 17:18:00,103.05,103.09,102.76,102.8135,114108.0
2025-01-15 17:20:00,102.818,103.0,102.7676,102.97,112138.0
2025-01-15 17:22:00,102.97,103.04,102.88,102.95,59208.0
2025-01-15 17:24:00,102.97,103.02,102.94,102.94,24254.0
2025-01-15 17:26:00,102.95,103.06,102.9265,103.06,60658.0
2025-01-15 17:28:00,103.07,103.23,103.06,103.205,104214.0
2025-01-15 17:30:00,103.19,103.23,103.15,103.2,59021.0
2025-01-15 17:32:00,103.21,103.325,103.19,103.3086,56293.0
2025-01-15 17:34:00,103.3176,103.41,103.27,103.3,77197.0
2025-01-15 17:36:00,103.28,103.301,103.21,103.24,44368.0
2025-01-15 17:38:00,103.24,103.3,103.23,103.2902,48783.0
2025-01-15 17:40:00,103.3,103.3,103.11,103.27,48635.0
2025-01-15 17:42:00,103.27,103.2824,103.2,103.2091,36668.0
2025-01-15 17:44:00,103.2,103.2,103.02,103.0704,43869.0
2025-01-15 17:46:00,103.075,103.15,102.88,103.09,73811.0
2025-01-15 17:48:00,103.115,103.2937,103.09,103.27,41237.0
2025-01-15 17:50:00,103.2655,103.28,103.18,103.239,29067.0
2025-01-15 17:52:00,103.24,103.3,103.2,103.22,37870.0
2025-01-15 17:54:00,103.225,103.26,103.17,103.2,27586.0
2025-01-15 17:56:00,103.2,103.37,103.19,103.24,50737.0
2025-01-15 17:58:00,103.24,103.27,103.11,103.15,40735.0
2025-01-15 18:00:00,103.15,103.22,103.11,103.17,35813.0
2025-01-15 18:02:00,103.15,103.24,103.15,103.205,28688.0
2025-01-15 18:04:00,103.205,103.27,103.19,103.2399,31797.0
2025-01-15 18:06:00,103.2265,103.24,103.14,103.165,29001.0
2025-01-15 18:08:00,103.16,103.2699,103.16,103.24,32699.0
2025-01-15 18:10:00,103.25,103.3,103.235,103.245,35366.0
2025-01-15 18:12:00,103.235,103.29,103.19,103.22,44196.0
2025-01-15 18:14:00,103.23,103.23,103.06,103.06,47120.0
2025-01-15 18:16:00,103.0838,103.1279,102.98,103.1279,38032.0
2025-01-15 18:18:00,103.12,103.2,103.05,103.17,45638.0
2025-01-15 18:20:00,103.19,103.21,103.06,103.115,52698.0
2025-01-15 18:22:00,103.115,103.27,103.115,103.26,44358.0
2025-01-15 18:24:00,103.26,103.3,103.2,103.24,50500.0
2025-01-15 18:26:00,103.2499,103.2654,103.17,103.23,25457.0
2025-01-15 18:28:00,103.23,103.34,103.225,103.2899,36191.0
2025-01-15 18:30:00,103.28,103.37,103.26,103.32,29219.0
2025-01-15 18:32:00,103.315,103.33,103.22,103.26,164804.0
2025-01-15 18:34:00,103.27,103.3,103.18,103.22,36829.0
2025-01-15 18:36:00,103.215,103.29,103.205,103.225,94884.0
2025-01-15 18:38:00,103.235,103.315,103.22,103.22,33865.0
2025-01-15 18:40:00,103.238,103.238,103.11,103.12,47265.0
2025-01-15 18:42:00,103.11,103.2272,103.11,103.11,41153.0
2025-01-15 18:44:00,103.12,103.13,102.929,102.93,83076.0
2025-01-15 18:46:00,102.94,103.02,102.9,102.905,52451.0
2025-01-15 18:48:00,102.91,102.9474,102.77,102.85,41570.0
2025-01-15 18:50:00,102.86,102.902,102.79,102.8299,34372.0
2025-01-15 18:52:00,102.82,103.0,102.78,102.98,74352.0
2025-01-15 18:54:00,102.97,103.21,102.97,103.1717,81873.0
2025-01-15 18:56:00,103.175,103.2193,103.16,103.19,29416.0
2025-01-15 18:58:00,103.185,103.24,103.11,103.2,40427.0
2025-01-15 19:00:00,103.185,103.251,103.179,103.25,96169.0
2025-01-15 19:02:00,103.25,103.3,103.23,103.285,56171.0
2025-01-15 19:04:00,103.285,103.32,103.22,103.2471,74926.0
2025-01-15 19:06:00,103.25,103.26,103.13,103.215,54537.0
2025-01-15 19:08:00,103.21,103.22,103.12,103.215,28481.0
2025-01-15 19:10:00,103.22,103.3357,103.17,103.175,59900.0
2025-01-15 19:12:00,103.17,103.25,103.11,103.245,29645.0
2025-01-15 19:14:00,103.245,103.27,103.1726,103.2488,33569.0
2025-01-15 19:16:00,103.25,103.3171,103.23,103.2769,39243.0
2025-01-15 19:18:00,103.265,103.32,103.26,103.32,26713.0
2025-01-15 19:20:00,103.33,103.35,103.27,103.2774,39638.0
2025-01-15 19:22:00,103.27,103.27,103.2,103.24,23077.0
2025-01-15 19:24:00,103.254,103.31,103.245,103.28,28558.0
2025-01-15 19:26:00,103.28,103.37,103.28,103.365,23349.0
2025-01-15 19:28:00,103.365,103.54,103.3613,103.492,128473.0
2025-01-15 19:30:00,103.5,103.55,103.49,103.52,42391.0
2025-01-15 19:32:00,103.51,103.57,103.49,103.5599,56199.0
2025-01-15 19:34:00,103.56,103.5799,103.51,103.52,35812.0
2025-01-15 19:36:00,103.51,103.59,103.495,103.58,54253.0
2025-01-15 19:38:00,103.585,103.67,103.56,103.65,57459.0
2025-01-15 19:40:00,103.65,103.65,103.505,103.555,51993.0
2025-01-15 19:42:00,103.555,103.56,103.44,103.53,55164.0
2025-01-15 19:44:00,103.536,103.59,103.525,103.59,39535.0
2025-01-15 19:46:00,103.575,103.63,103.54,103.59,45492.0
2025-01-15 19:48:00,103.58,103.63,103.51,103.5598,30154.0
2025-01-15 19:50:00,103.535,103.56,103.46,103.5399,48016.0
2025-01-15 19:52:00,103.53,103.57,103.5,103.54,33187.0
2025-01-15 19:54:00,103.5474,103.57,103.4301,103.47,37787.0
2025-01-15 19:56:00,103.47,103.54,103.455,103.52,43909.0
2025-01-15 19:58:00,103.5199,103.6,103.485,103.56,45605.0
2025-01-15 20:00:00,103.56,103.58,103.51,103.5499,64024.0
2025-01-15 20:02:00,103.55,103.59,103.5,103.535,45423.0
2025-01-15 20:04:00,103.55,103.5543,103.515,103.535,44471.0
2025-01-15 20:06:00,103.5359,103.55,103.44,103.45,65154.0
2025-01-15 20:08:00,103.45,103.535,103.43,103.5041,73034.0
2025-01-15 20:10:00,103.5001,103.69,103.5001,103.675,69465.0
2025-01-15 20:12:00,103.67,103.71,103.6401,103.7,88582.0
2025-01-15 20:14:00,103.68,103.7995,103.665,103.73,115097.0
2025-01-15 20:16:00,103.73,103.77,103.67,103.68,52590.0
2025-01-15 20:18:00,103.675,103.74,103.64,103.66,39602.0
2025-01-15 20:20:00,103.66,103.71,103.6385,103.675,71140.0
2025-01-15 20:22:00,103.6716,103.77,103.65,103.69,135064.0
2025-01-15 20:24:00,103.7,103.76,103.68,103.714,59036.0
2025-01-15 20:26:00,103.72,103.82,103.7134,103.818,67345.0
2025-01-15 20:28:00,103.82,103.87,103.8,103.8489,90508.0
2025-01-15 20:30:00,103.84,103.9299,103.77,103.87,152803.0
2025-01-15 20:32:00,103.86,103.9299,103.85,103.88,90431.0
2025-01-15 20:34:00,103.8799,103.88,103.6,103.63,135374.0
2025-01-15 20:36:00,103.63,103.645,103.54,103.57,76204.0
2025-01-15 20:38:00,103.58,103.605,103.55,103.58,52884.0
2025-01-15 20:40:00,103.58,103.66,103.5602,103.58,61218.0
2025-01-15 20:42:00,103.57,103.59,103.5,103.539,59116.0
2025-01-15 20:44:00,103.5385,103.59,103.475,103.5,65375.0
2025-01-15 20:46:00,103.5,103.545,103.31,103.405,109230.0
2025-01-15 20:48:00,103.415,103.48,103.3,103.48,110485.0
2025-01-15 20:50:00,103.48,103.48,103.19,103.36,173806.0
2025-01-15 20:52:00,103.35,103.375,103.28,103.355,137204.0
2025-01-15 20:54:00,103.35,103.35,103.1,103.21,302538.0
2025-01-15 20:56:00,103.205,103.24,103.13,103.215,296292.0
2025-01-15 20:58:00,103.215,103.24,103.1,103.13,523609.0
2025-01-15 21:00:00,103.19,103.28,103.15,103.28,43859.0
2025-01-15 21:02:00,103.2683,103.2683,103.18,103.18,2936.0
2025-01-15 21:04:00,103.1,103.19,103.03,103.03,33671.0
2025-01-15 21:06:00,103.09,103.09,103.0,103.03,5343.0
2025-01-15 21:08:00,103.01,103.01,103.01,103.01,866.0
2025-01-15 21:10:00,102.9995,103.07,102.98,103.07,3723.0
2025-01-15 21:12:00,103.08,103.1696,103.08,103.1696,1924.0
2025-01-15 21:14:00,103.1681,103.17,103.08,103.17,3021.0
2025-01-15 21:16:00,103.0801,103.09,103.0801,103.09,644.0
2025-01-15 21:18:00,103.15,103.15,103.15,103.15,421.0
2025-01-15 21:20:00,103.08,103.0846,103.08,103.0846,1044.0
2025-01-15 21:22:00,103.0817,103.0817,103.0817,103.0817,180.0
2025-01-15 21:24:00,103.1,103.1,103.1,103.1,1287.0
2025-01-15 21:26:00,103.1499,103.1499,103.1499,103.1499,533.0
2025-01-15 21:28:00,103.17,103.17,103.1681,103.17,1865.0
2025-01-15 21:30:00,103.12,103.12,103.12,103.12,315.0
2025-01-15 21:32:00,103.14,103.14,103.14,103.14,626.0
2025-01-15 21:34:00,103.18,103.19,103.18,103.19,1238.0
2025-01-15 21:36:00,103.1002,103.1002,103.1002,103.1002,156.0
2025-01-15 21:38:00,103.11,103.11,103.11,103.11,164.0
2025-01-15 21:40:00,103.1002,103.1002,103.1002,103.1002,288.0
2025-01-15 21:44:00,103.11,103.1102,103.11,103.1102,661.0
2025-01-15 21:46:00,103.12,103.19,99.46,99.46,2108.0
2025-01-15 21:48:00,103.1101,103.1101,103.1101,103.1101,679.0
2025-01-15 21:50:00,103.11,103.11,103.11,103.11,485.0
2025-01-15 21:54:00,103.09,103.09,103.07,103.07,3343.0
2025-01-15 21:56:00,103.0016,103.05,103.0016,103.05,1752.0
2025-01-15 21:58:00,103.0041,103.0041,103.0041,103.0041,517.0
2025-01-15 22:00:00,103.07,103.07,103.07,103.07,202.0
2025-01-15 22:02:00,103.0975,103.0975,103.0975,103.0975,1043.0
2025-01-15 22:08:00,103.05,103.06,103.05,103.06,945.0
2025-01-15 22:10:00,103.02,103.05,103.02,103.05,991.0
2025-01-15 22:14:00,103.0064,103.0064,103.0026,103.0026,719.0
2025-01-15 22:16:00,103.01,103.02,103.01,103.02,675.0
2025-01-15 22:18:00,103.04,103.04,103.0015,103.0015,544.0
2025-01-15 22:22:00,103.09,103.09,103.09,103.09,901.0
2025-01-15 22:24:00,103.05,103.08,103.05,103.08,1488.0
2025-01-15 22:26:00,103.0501,103.0501,103.0501,103.0501,343.0
2025-01-15 22:28:00,103.05,103.05,103.05,103.05,439.0
2025-01-15 22:32:00,103.09,103.11,103.09,103.11,2532.0
2025-01-15 22:38:00,103.19,103.25,103.18,103.19,2359.0
2025-01-15 22:42:00,103.25,103.25,103.25,103.25,502.0
2025-01-15 22:44:00,103.205,103.29,103.205,103.29,1759.0
2025-01-15 22:46:00,103.28,103.28,103.28,103.28,133.0
2025-01-15 22:48:00,103.29,103.29,103.29,103.29,529.0
2025-01-15 22:52:00,103.2,103.2,103.2,103.2,106.0
2025-01-15 22:56:00,103.3,103.3,103.3,103.3,105.0
2025-01-15 22:58:00,103.3,103.3,103.3,103.3,921.0
2025-01-15 23:00:00,103.26,103.26,103.25,103.25,3109.0
2025-01-15 23:02:00,103.35,103.35,103.35,103.35,200.0
2025-01-15 23:06:00,103.3423,103.3499,103.34,103.3499,6352.0
2025-01-15 23:08:00,103.35,103.35,103.34,103.35,14509.0
2025-01-15 23:10:00,103.39,103.4,103.39,103.4,854.0
2025-01-15 23:18:00,103.5,103.5,103.5,103.5,326.0
2025-01-15 23:20:00,103.49,103.5,103.49,103.5,2261.0
2025-01-15 23:22:00,103.5,103.5,103.5,103.5,1512.0
2025-01-15 23:24:00,103.4,103.4,103.4,103.4,600.0
2025-01-15 23:26:00,103.4,103.4,103.39,103.39,10626.0
2025-01-15 23:28:00,103.5,103.5,103.5,103.5,104.0
2025-01-15 23:30:00,103.49,103.49,103.49,103.49,5004.0
2025-01-15 23:32:00,103.3982,103.3982,103.3982,103.3982,202.0
2025-01-15 23:34:00,103.4,103.4,103.4,103.4,200.0
2025-01-15 23:38:00,103.3993,103.4,103.3993,103.4,323.0
2025-01-15 23:40:00,103.45,103.45,103.4,103.4,637.0
2025-01-15 23:42:00,103.4,103.4,103.4,103.4,102.0
2025-01-15 23:46:00,103.487,103.487,103.487,103.487,297.0
2025-01-15 23:48:00,103.45,103.45,103.45,103.45,105.0
2025-01-15 23:50:00,103.4,103.4,103.4,103.4,974.0
2025-01-16 00:04:00,103.4001,103.5463,103.4001,103.5463,527.0
2025-01-16 00:06:00,103.4,103.4,103.4,103.4,2005.0
2025-01-16 00:08:00,103.4012,103.4012,103.4012,103.4012,261.0
2025-01-16 00:10:00,103.4025,103.4025,103.4025,103.4025,235.0
2025-01-16 00:12:00,103.496,103.496,103.496,103.496,127.0
2025-01-16 00:14:00,103.5,103.5,103.42,103.42,1355.0
2025-01-16 00:18:00,103.4216,103.4216,103.4216,103.4216,295.0
2025-01-16 00:20:00,103.4499,103.4499,103.4207,103.4207,597.0
2025-01-16 00:22:00,103.42,103.45,103.42,103.45,1108.0
2025-01-16 00:26:00,103.4978,103.4978,103.4978,103.4978,320.0
2025-01-16 00:32:00,103.5,103.5,103.4232,103.4232,1376.0
2025-01-16 00:34:00,103.46,103.5,103.46,103.5,368.0
2025-01-16 00:42:00,103.5,103.52,103.5,103.52,730.0
2025-01-16 00:44:00,103.471,103.52,103.471,103.52,542.0
2025-01-16 00:46:00,103.51,103.51,103.472,103.472,734.0
2025-01-16 00:48:00,103.43,103.44,103.43,103.43,935.0
2025-01-16 00:52:00,103.5499,103.5499,103.5,103.545,1945.0
2025-01-16 00:54:00,103.5,103.5472,103.5,103.5,1534.0
2025-01-16 00:56:00,103.53,103.5455,103.5,103.5,1798.0
2025-01-16 00:58:00,103.5012,103.55,103.5012,103.5498,2664.0
2025-01-16 09:00:00,105.3,105.4,104.33,105.31,10382.0
2025-01-16 09:02:00,105.35,105.35,105.11,105.11,7905.0
2025-01-16 09:04:00,105.17,105.17,104.69,104.86,6823.0
2025-01-16 09:06:00,104.76,104.84,104.76,104.77,1918.0
2025-01-16 09:08:00,104.65,104.85,104.63,104.85,3958.0
2025-01-16 09:10:00,105.0,105.0,104.8,104.8,2349.0
2025-01-16 09:12:00,104.66,104.66,104.62,104.62,2891.0
2025-01-16 09:14:00,104.51,104.66,104.51,104.62,3279.0
2025-01-16 09:16:00,104.58,104.63,104.54,104.63,1758.0
2025-01-16 09:18:00,104.54,104.54,104.53,104.53,799.0
2025-01-16 09:20:00,104.51,104.53,104.51,104.53,3682.0
2025-01-16 09:22:00,104.58,104.65,104.5,104.64,2515.0
2025-01-16 09:24:00,104.61,104.89,104.61,104.89,2167.0
2025-01-16 09:30:00,104.86,104.93,104.74,104.74,2993.0
2025-01-16 09:32:00,104.65,104.65,104.36,104.36,2182.0
2025-01-16 09:34:00,104.43,104.48,104.35,104.35,1730.0
2025-01-16 09:36:00,104.25,104.58,104.23,104.5,6220.0
2025-01-16 09:38:00,104.49,104.59,104.46,104.59,1676.0
2025-01-16 09:40:00,104.58,104.59,104.11,104.11,8336.0
2025-01-16 09:42:00,104.02,104.25,104.02,104.25,3573.0
2025-01-16 09:44:00,104.15,104.15,104.14,104.14,1138.0
2025-01-16 09:46:00,104.15,104.41,104.14,104.41,1082.0
2025-01-16 09:48:00,104.22,104.22,104.1,104.1,1961.0
2025-01-16 09:50:00,104.34,104.34,104.25,104.25,1509.0
2025-01-16 09:52:00,104.33,104.38,104.26,104.26,3272.0
2025-01-16 09:54:00,104.25,104.56,104.25,104.52,3683.0
2025-01-16 09:56:00,104.64,104.64,104.5,104.5,1172.0
2025-01-16 09:58:00,104.4,104.41,104.4,104.41,451.0
2025-01-16 10:00:00,104.39,104.39,104.19,104.2,3561.0
2025-01-16 10:04:00,104.26,104.26,104.2,104.2,617.0
2025-01-16 10:06:00,104.0,104.0,103.99,103.99,831.0
2025-01-16 10:08:00,104.06,104.06,104.06,104.06,433.0
2025-01-16 10:10:00,104.01,104.09,104.01,104.09,1319.0
2025-01-16 10:12:00,104.13,104.2,104.13,104.2,2241.0
2025-01-16 10:14:00,104.2,104.2,104.2,104.2,863.0
2025-01-16 10:16:00,104.2,104.2,104.19,104.19,902.0
2025-01-16 10:18:00,104.18,104.31,104.17,104.31,6128.0
2025-01-16 10:20:00,104.39,104.41,104.39,104.4,1551.0
2025-01-16 10:22:00,104.49,104.89,104.49,104.89,5256.0
2025-01-16 10:24:00,104.52,104.66,104.52,104.66,329.0
2025-01-16 10:26:00,104.71,104.71,104.71,104.71,207.0
2025-01-16 10:30:00,104.62,104.62,104.61,104.62,1019.0
2025-01-16 10:32:00,104.68,104.69,104.66,104.66,772.0
2025-01-16 10:34:00,104.73,104.74,104.73,104.74,1057.0
2025-01-16 10:40:00,104.74,104.79,104.74,104.79,2725.0
2025-01-16 10:42:00,104.61,104.66,104.51,104.66,1243.0
2025-01-16 10:44:00,104.59,104.59,104.37,104.37,1612.0
2025-01-16 10:46:00,104.56,104.56,104.56,104.56,762.0
2025-01-16 10:48:00,104.69,104.69,104.69,104.69,411.0
2025-01-16 10:50:00,104.66,104.66,104.66,104.66,116.0
2025-01-16 10:54:00,104.74,104.84,104.74,104.84,3596.0
2025-01-16 10:56:00,104.8,104.8,104.72,104.72,1332.0
2025-01-16 10:58:00,104.76,104.8,104.7,104.8,3916.0
2025-01-16 11:00:00,104.52,104.58,104.51,104.58,621.0
2025-01-16 11:02:00,104.78,104.84,104.74,104.81,2517.0
2025-01-16 11:04:00,104.84,104.84,104.81,104.81,442.0
2025-01-16 11:06:00,104.8,104.84,104.8,104.84,1164.0
2025-01-16 11:08:00,104.84,104.9,104.84,104.9,1113.0
2025-01-16 11:10:00,104.99,105.0,104.99,104.99,2397.0
2025-01-16 11:12:00,105.04,105.04,105.04,105.04,635.0
2025-01-16 11:16:00,105.04,105.04,105.04,105.04,546.0
2025-01-16 11:18:00,105.0,105.0,104.95,104.95,2454.0
2025-01-16 11:20:00,104.93,105.1,104.93,105.1,3292.0
2025-01-16 11:22:00,104.87,104.87,104.87,104.87,503.0
2025-01-16 11:26:00,104.92,104.93,104.38,104.49,30492.0
2025-01-16 11:28:00,104.45,104.6,104.45,104.59,3003.0
2025-01-16 11:32:00,104.67,104.79,104.67,104.79,580.0
2025-01-16 11:34:00,104.85,104.86,104.85,104.86,538.0
2025-01-16 11:36:00,104.8,104.81,104.8,104.8,1398.0
2025-01-16 11:42:00,104.7,104.7,104.7,104.7,2023.0
2025-01-16 11:44:00,104.7,104.7,104.51,104.51,1088.0
2025-01-16 11:46:00,104.6,104.6,104.6,104.6,125.0
2025-01-16 11:48:00,104.65,104.7,104.6,104.6,3698.0
2025-01-16 11:50:00,104.62,104.7,104.62,104.7,1491.0
2025-01-16 11:54:00,104.7,104.7,104.7,104.7,309.0
2025-01-16 11:56:00,104.69,104.7,104.69,104.7,1630.0
2025-01-16 11:58:00,104.7,104.75,104.66,104.75,1007.0
2025-01-16 12:00:00,104.65,104.75,104.5,104.5,5202.0
2025-01-16 12:02:00,104.49,104.53,104.46,104.52,3038.0
2025-01-16 12:04:00,104.61,104.61,104.38,104.38,6509.0
2025-01-16 12:06:00,104.35,104.35,104.24,104.24,1137.0
2025-01-16 12:08:00,104.24,104.24,104.21,104.24,1371.0
2025-01-16 12:10:00,104.23,104.27,104.2,104.2,2316.0
2025-01-16 12:12:00,104.37,104.55,104.37,104.5,2359.0
2025-01-16 12:14:00,104.5,104.76,104.5,104.76,2982.0
2025-01-16 12:16:00,104.67,104.68,104.67,104.68,523.0
2025-01-16 12:18:00,104.62,104.62,104.55,104.55,6132.0
2025-01-16 12:20:00,104.54,104.55,104.54,104.55,941.0
2025-01-16 12:22:00,104.55,104.55,104.5,104.5,1621.0
2025-01-16 12:30:00,104.26,104.34,104.26,104.34,907.0
2025-01-16 12:32:00,104.38,104.5,104.38,104.5,2830.0
2025-01-16 12:34:00,104.58,104.6,104.58,104.6,1802.0
2025-01-16 12:38:00,104.59,104.6,104.58,104.6,2426.0
2025-01-16 12:40:00,104.57,104.63,104.57,104.63,300.0
2025-01-16 12:42:00,104.58,104.58,104.56,104.56,760.0
2025-01-16 12:44:00,104.52,104.54,104.38,104.38,6788.0
2025-01-16 12:46:00,104.36,104.36,104.15,104.15,1298.0
2025-01-16 12:48:00,104.1,104.1,104.1,104.1,347.0
2025-01-16 12:50:00,104.1,104.1,103.98,104.02,9107.0
2025-01-16 12:52:00,104.09,104.1,104.09,104.09,788.0
2025-01-16 12:56:00,104.1,104.1,104.1,104.1,356.0
2025-01-16 12:58:00,104.13,104.17,104.11,104.17,2137.0
2025-01-16 13:00:00,104.69,105.94,103.24,104.4643,69580.0
2025-01-16 13:02:00,104.19,104.19,104.19,104.19,243.0
2025-01-16 13:04:00,104.1,104.12,104.1,104.12,309.0
2025-01-16 13:06:00,104.17,104.4,102.933,104.21,9677.0
2025-01-16 13:08:00,104.2878,104.315,104.2,104.295,3580.0
2025-01-16 13:10:00,104.24,104.345,104.24,104.345,281.0
2025-01-16 13:12:00,104.38,104.45,104.38,104.4,1335.0
2025-01-16 13:14:00,104.39,104.45,104.3,104.3,3083.0
2025-01-16 13:16:00,104.35,104.4999,104.35,104.4999,2108.0
2025-01-16 13:18:00,104.5,104.5,104.5,104.5,202.0
2025-01-16 13:20:00,104.4925,104.4995,104.46,104.48,1230.0
2025-01-16 13:22:00,104.4512,104.4512,104.45,104.45,598.0
2025-01-16 13:24:00,104.49,104.5,104.4041,104.42,3652.0
2025-01-16 13:26:00,104.41,104.41,104.2144,104.2144,1058.0
2025-01-16 13:28:00,104.26,104.26,104.26,104.26,384.0
2025-01-16 13:30:00,104.41,104.5,104.41,104.5,1389.0
2025-01-16 13:32:00,104.46,104.47,104.46,104.47,2485.0
2025-01-16 13:34:00,104.36,104.36,104.36,104.36,396.0
2025-01-16 13:36:00,104.27,104.4,104.27,104.4,1710.0
2025-01-16 13:38:00,104.44,104.5,104.38,104.49,10421.0
2025-01-16 13:40:00,104.47,104.53,104.44,104.53,6795.0
2025-01-16 13:42:00,104.57,104.7961,104.5,104.7961,8222.0
2025-01-16 13:44:00,104.6001,104.7528,104.6,104.6,2539.0
2025-01-16 13:46:00,104.65,104.77,104.65,104.77,1499.0
2025-01-16 13:48:00,104.81,104.81,104.67,104.77,3869.0
2025-01-16 13:50:00,104.764,104.79,104.764,104.77,1239.0
2025-01-16 13:52:00,104.78,104.99,104.77,104.98,5719.0
2025-01-16 13:54:00,104.98,105.02,104.95,104.99,22737.0
2025-01-16 13:56:00,104.9634,104.9634,104.7603,104.795,2648.0
2025-01-16 13:58:00,104.8823,104.9233,104.8823,104.9233,430.0
2025-01-16 14:00:00,104.89,104.9,104.89,104.9,1901.0
2025-01-16 14:02:00,104.82,104.82,104.7904,104.82,1024.0
2025-01-16 14:04:00,104.81,104.83,104.8,104.83,8992.0
2025-01-16 14:06:00,104.85,104.86,104.83,104.83,1307.0
2025-01-16 14:08:00,104.87,104.8988,104.85,104.8988,5005.0
2025-01-16 14:10:00,104.86,104.86,104.8,104.8,11936.0
2025-01-16 14:12:00,104.79,104.8,104.79,104.8,1043.0
2025-01-16 14:14:00,104.7,104.75,104.7,104.75,975.0
2025-01-16 14:16:00,104.84,104.84,104.7113,104.7113,1691.0
2025-01-16 14:18:00,104.8,104.8,104.73,104.73,3195.0
2025-01-16 14:20:00,104.7971,104.798,104.73,104.75,3055.0
2025-01-16 14:22:00,104.7975,104.7975,104.7012,104.7018,8549.0
2025-01-16 14:24:00,104.7025,104.7988,104.7025,104.77,5365.0
2025-01-16 14:26:00,104.77,104.81,104.75,104.81,11534.0
2025-01-16 14:28:00,104.75,104.75,104.2883,104.37,9326.0
2025-01-16 14:30:00,104.32,104.8,104.09,104.145,500354.0
2025-01-16 14:32:00,104.13,104.34,103.5166,103.53,233427.0
2025-01-16 14:34:00,103.53,103.98,103.45,103.7825,205173.0
2025-01-16 14:36:00,103.73,103.76,103.33,103.34,246776.0
2025-01-16 14:38:00,103.44,103.49,103.22,103.36,198200.0
2025-01-16 14:40:00,103.39,103.64,103.32,103.34,207516.0
2025-01-16 14:42:00,103.35,103.35,102.82,102.825,250367.0
2025-01-16 14:44:00,102.82,102.9829,102.2688,102.485,389517.0
2025-01-16 14:46:00,102.4874,102.57,101.92,101.98,250344.0
2025-01-16 14:48:00,101.9871,102.2968,101.87,101.984,292293.0
2025-01-16 14:50:00,101.99,102.71,101.8901,102.7,207287.0
2025-01-16 14:52:00,102.678,102.78,102.54,102.65,164621.0
2025-01-16 14:54:00,102.63,102.67,102.52,102.628,103185.0
2025-01-16 14:56:00,102.65,102.85,102.58,102.75,75231.0
2025-01-16 14:58:00,102.74,102.76,102.27,102.32,106793.0
2025-01-16 15:00:00,102.32,102.505,102.15,102.4899,110848.0
2025-01-16 15:02:00,102.49,103.08,102.49,102.79,158335.0
2025-01-16 15:04:00,102.77,103.07,102.74,102.935,75993.0
2025-01-16 15:06:00,102.935,102.9901,102.7286,102.88,57301.0
2025-01-16 15:08:00,102.885,102.9999,102.74,102.94,71787.0
2025-01-16 15:10:00,102.922,103.16,102.8804,102.882,89986.0
2025-01-16 15:12:00,102.88,103.115,102.6601,103.1065,98427.0
2025-01-16 15:14:00,103.12,103.27,102.9536,103.23,116408.0
2025-01-16 15:16:00,103.23,103.43,103.0501,103.345,135332.0
2025-01-16 15:18:00,103.38,103.58,103.3545,103.5689,111008.0
2025-01-16 15:20:00,103.55,103.68,103.36,103.41,143182.0
2025-01-16 15:22:00,103.415,103.605,103.4,103.545,89601.0
2025-01-16 15:24:00,103.55,103.73,103.54,103.63,115179.0
2025-01-16 15:26:00,103.64,103.68,103.17,103.18,109265.0
2025-01-16 15:28:00,103.189,103.26,103.0,103.1,107984.0
2025-01-16 15:30:00,103.11,103.28,102.96,103.12,95214.0
2025-01-16 15:32:00,103.14,103.4,103.105,103.155,67587.0
2025-01-16 15:34:00,103.17,103.4861,103.0275,103.3632,55287.0
2025-01-16 15:36:00,103.38,103.43,103.2001,103.31,43922.0
2025-01-16 15:38:00,103.3,103.58,103.28,103.52,46632.0
2025-01-16 15:40:00,103.52,103.5899,103.29,103.29,56980.0
2025-01-16 15:42:00,103.285,103.31,103.11,103.17,67869.0
2025-01-16 15:44:00,103.18,103.39,103.17,103.35,50389.0
2025-01-16 15:46:00,103.36,103.47,103.1504,103.2,46773.0
2025-01-16 15:48:00,103.185,103.48,103.18,103.46,56722.0
2025-01-16 15:50:00,103.455,103.65,103.455,103.64,77858.0
2025-01-16 15:52:00,103.64,103.7,103.49,103.67,59881.0
2025-01-16 15:54:00,103.7,103.7,103.52,103.69,35690.0
2025-01-16 15:56:00,103.68,103.87,103.6701,103.8199,64840.0
2025-01-16 15:58:00,103.81,103.905,103.75,103.75,79480.0
2025-01-16 16:00:00,103.76,104.13,103.73,104.07,162020.0
2025-01-16 16:02:00,104.1,104.2,104.025,104.08,77229.0
2025-01-16 16:04:00,104.07,104.18,103.9352,103.96,79423.0
2025-01-16 16:06:00,103.96,104.25,103.95,104.225,88428.0
2025-01-16 16:08:00,104.23,104.3961,104.21,104.23,127004.0
2025-01-16 16:10:00,104.195,104.23,103.97,104.23,87320.0
2025-01-16 16:12:00,104.22,104.37,104.15,104.29,80031.0
2025-01-16 16:14:00,104.3,104.34,104.13,104.265,75293.0
2025-01-16 16:16:00,104.25,104.38,104.03,104.17,58339.0
2025-01-16 16:18:00,104.17,104.34,104.15,104.31,64088.0
2025-01-16 16:20:00,104.3,104.31,103.95,104.0999,73895.0
2025-01-16 16:22:00,104.1,104.17,104.0,104.17,85900.0
2025-01-16 16:24:00,104.19,104.19,103.9401,103.9717,50080.0
2025-01-16 16:26:00,103.99,104.3277,103.99,104.3277,68012.0
2025-01-16 16:28:00,104.305,104.49,104.105,104.1799,122034.0
2025-01-16 16:30:00,104.1799,104.245,104.12,104.158,43535.0
2025-01-16 16:32:00,104.175,104.175,104.05,104.14,29652.0
2025-01-16 16:34:00,104.12,104.1299,103.82,103.84,44960.0
2025-01-16 16:36:00,103.88,104.03,103.8504,103.9,76570.0
2025-01-16 16:38:00,103.89,103.91,103.685,103.77,65122.0
2025-01-16 16:40:00,103.735,103.83,103.55,103.5876,67921.0
2025-01-16 16:42:00,103.6,103.61,103.3578,103.43,60405.0
2025-01-16 16:44:00,103.4201,103.68,103.42,103.64,38538.0
2025-01-16 16:46:00,103.63,103.805,103.59,103.62,37087.0
2025-01-16 16:48:00,103.63,103.91,103.6225,103.9031,57912.0
2025-01-16 16:50:00,103.92,103.94,103.65,103.735,42579.0
2025-01-16 16:52:00,103.74,103.74,103.6101,103.65,20552.0
2025-01-16 16:54:00,103.63,103.735,103.6,103.6284,20510.0
2025-01-16 16:56:00,103.6,103.7,103.5606,103.62,29645.0
2025-01-16 16:58:00,103.6275,103.79,103.6,103.7105,60184.0
2025-01-16 17:00:00,103.7253,103.75,103.56,103.725,23259.0
2025-01-16 17:02:00,103.71,103.7496,103.55,103.58,25915.0
2025-01-16 17:04:00,103.5743,103.67,103.55,103.62,27145.0
2025-01-16 17:06:00,103.6,103.62,103.5,103.53,28240.0
2025-01-16 17:08:00,103.516,103.55,103.4131,103.53,33921.0
2025-01-16 17:10:00,103.5623,103.58,103.4901,103.5128,21931.0
2025-01-16 17:12:00,103.505,103.6,103.42,103.585,44436.0
2025-01-16 17:14:00,103.59,103.6492,103.5,103.5,29574.0
2025-01-16 17:16:00,103.5,103.68,103.5,103.6133,24122.0
2025-01-16 17:18:00,103.62,103.8,103.56,103.775,34600.0
2025-01-16 17:20:00,103.78,103.84,103.68,103.68,22782.0
2025-01-16 17:22:00,103.695,103.88,103.65,103.88,18695.0
2025-01-16 17:24:00,103.88,103.99,103.8602,103.945,50988.0
2025-01-16 17:26:00,103.945,104.09,103.945,104.0068,26973.0
2025-01-16 17:28:00,104.0,104.0785,103.965,104.055,22812.0
2025-01-16 17:30:00,104.045,104.045,103.95,103.97,15470.0
2025-01-16 17:32:00,103.98,104.03,103.94,104.0145,23439.0
2025-01-16 17:34:00,104.03,104.04,103.89,103.9,26273.0
2025-01-16 17:36:00,103.91,103.93,103.84,103.898,29925.0
2025-01-16 17:38:00,103.92,103.94,103.8,103.815,14814.0
2025-01-16 17:40:00,103.8,103.83,103.76,103.8161,17646.0
2025-01-16 17:42:00,103.82,103.82,103.695,103.755,17483.0
2025-01-16 17:44:00,103.76,103.93,103.75,103.8804,20097.0
2025-01-16 17:46:00,103.88,103.955,103.88,103.93,17766.0
2025-01-16 17:48:00,103.9,103.92,103.75,103.805,17225.0
2025-01-16 17:50:00,103.82,103.89,103.77,103.87,19666.0
2025-01-16 17:52:00,103.87,103.92,103.78,103.84,25251.0
2025-01-16 17:54:00,103.871,103.89,103.82,103.83,20886.0
2025-01-16 17:56:00,103.82,103.96,103.81,103.95,36675.0
2025-01-16 17:58:00,103.95,103.97,103.89,103.905,26268.0
2025-01-16 18:00:00,103.905,103.98,103.89,103.965,34537.0
2025-01-16 18:02:00,103.945,104.041,103.93,104.041,36921.0
2025-01-16 18:04:00,104.04,104.05,103.995,104.005,37733.0
2025-01-16 18:06:00,104.0,104.04,103.96,104.02,21510.0
2025-01-16 18:08:00,104.02,104.1,104.02,104.05,36288.0
2025-01-16 18:10:00,104.05,104.07,103.99,104.05,28897.0
2025-01-16 18:12:00,104.04,104.045,103.8926,103.91,22669.0
2025-01-16 18:14:00,103.89,103.9,103.78,103.805,18601.0
2025-01-16 18:16:00,103.82,103.83,103.7301,103.7752,22454.0
2025-01-16 18:18:00,103.8,103.81,103.76,103.76,16580.0
2025-01-16 18:20:00,103.78,103.85,103.775,103.82,30583.0
2025-01-16 18:22:00,103.82,103.83,103.74,103.75,21606.0
2025-01-16 18:24:00,103.765,103.77,103.67,103.77,25146.0
2025-01-16 18:26:00,103.7899,103.81,103.72,103.8,20426.0
2025-01-16 18:28:00,103.8099,103.83,103.7119,103.755,33559.0
2025-01-16 18:30:00,103.74,103.78,103.64,103.7,43592.0
2025-01-16 18:32:00,103.7,103.705,103.51,103.5315,25652.0
2025-01-16 18:34:00,103.5226,103.5999,103.48,103.585,65233.0
2025-01-16 18:36:00,103.59,103.62,103.45,103.525,79236.0
2025-01-16 18:38:00,103.53,103.6,103.45,103.53,18998.0
2025-01-16 18:40:00,103.55,103.64,103.55,103.57,31137.0
2025-01-16 18:42:00,103.555,103.573,103.31,103.31,31357.0
2025-01-16 18:44:00,103.315,103.365,103.1504,103.195,46631.0
2025-01-16 18:46:00,103.2,103.2696,103.06,103.09,51274.0
2025-01-16 18:48:00,103.08,103.15,102.9326,103.12,67397.0
2025-01-16 18:50:00,103.115,103.148,102.97,103.03,19640.0
2025-01-16 18:52:00,103.04,103.2895,103.04,103.185,45402.0
2025-01-16 18:54:00,103.19,103.31,103.17,103.211,39226.0
2025-01-16 18:56:00,103.21,103.235,103.1399,103.2117,37105.0
2025-01-16 18:58:00,103.21,103.21,103.15,103.195,16702.0
2025-01-16 19:00:00,103.18,103.22,103.11,103.13,29495.0
2025-01-16 19:02:00,103.1201,103.2799,103.1201,103.2674,16627.0
2025-01-16 19:04:00,103.27,103.3602,103.23,103.3,26119.0
2025-01-16 19:06:00,103.32,103.45,103.32,103.45,34236.0
2025-01-16 19:08:00,103.4457,103.52,103.42,103.45,35894.0
2025-01-16 19:10:00,103.45,103.54,103.43,103.5213,29679.0
2025-01-16 19:12:00,103.53,103.615,103.52,103.57,33279.0
2025-01-16 19:14:00,103.56,103.59,103.41,103.56,45138.0
2025-01-16 19:16:00,103.55,103.56,103.44,103.4409,25090.0
2025-01-16 19:18:00,103.46,103.56,103.42,103.55,27105.0
2025-01-16 19:20:00,103.54,103.58,103.49,103.5,27766.0
2025-01-16 19:22:00,103.51,103.51,103.25,103.255,57306.0
2025-01-16 19:24:00,103.25,103.31,103.22,103.31,25447.0
2025-01-16 19:26:00,103.31,103.64,103.31,103.64,57908.0
2025-01-16 19:28:00,103.61,103.62,103.53,103.53,38283.0
2025-01-16 19:30:00,103.52,103.52,103.41,103.44,37022.0
2025-01-16 19:32:00,103.45,103.4522,103.29,103.29,26039.0
2025-01-16 19:34:00,103.29,103.32,103.2333,103.28,22743.0
2025-01-16 19:36:00,103.27,103.3796,103.24,103.24,27488.0
2025-01-16 19:38:00,103.25,103.4,103.24,103.4,28252.0
2025-01-16 19:40:00,103.395,103.395,103.33,103.33,17207.0
2025-01-16 19:42:00,103.32,103.37,103.25,103.37,25271.0
2025-01-16 19:44:00,103.36,103.46,103.34,103.43,30237.0
2025-01-16 19:46:00,103.46,103.55,103.46,103.53,60451.0
2025-01-16 19:48:00,103.5236,103.61,103.5236,103.59,27318.0
2025-01-16 19:50:00,103.6,103.62,103.47,103.481,53689.0
2025-01-16 19:52:00,103.48,103.6699,103.48,103.6699,32986.0
2025-01-16 19:54:00,103.65,103.69,103.59,103.64,31735.0
2025-01-16 19:56:00,103.645,103.8,103.645,103.795,42006.0
2025-01-16 19:58:00,103.795,103.82,103.7,103.72,57687.0
2025-01-16 20:00:00,103.71,103.76,103.68,103.735,30965.0
2025-01-16 20:02:00,103.75,103.84,103.73,103.7937,39893.0
2025-01-16 20:04:00,103.81,103.86,103.78,103.8588,23949.0
2025-01-16 20:06:00,103.85,103.93,103.82,103.9001,35914.0
2025-01-16 20:08:00,103.9074,103.9253,103.88,103.89,26125.0
2025-01-16 20:10:00,103.8943,103.95,103.8408,103.9235,42513.0
2025-01-16 20:12:00,103.9,103.9,103.8126,103.84,17473.0
2025-01-16 20:14:00,103.843749,103.88,103.82,103.82,36458.0
2025-01-16 20:16:00,103.8,103.83,103.51,103.52,62969.0
2025-01-16 20:18:00,103.51,103.54,103.38,103.495,45348.0
2025-01-16 20:20:00,103.4726,103.4726,103.24,103.24,89677.0
2025-01-16 20:22:00,103.23,103.33,103.18,103.2878,109383.0
2025-01-16 20:24:00,103.28,103.33,103.15,103.18,106738.0
2025-01-16 20:26:00,103.19,103.335,103.19,103.31,40867.0
2025-01-16 20:28:00,103.32,103.3999,103.22,103.2491,49263.0
2025-01-16 20:30:00,103.255,103.36,103.2,103.23,66946.0
2025-01-16 20:32:00,103.24,103.315,103.18,103.23,34910.0
2025-01-16 20:34:00,103.235,103.235,103.06,103.1061,40336.0
2025-01-16 20:36:00,103.1,103.175,103.07,103.1,54300.0
2025-01-16 20:38:00,103.115,103.22,103.115,103.15,40538.0
2025-01-16 20:40:00,103.135,103.37,103.1259,103.31,63765.0
2025-01-16 20:42:00,103.31,103.38,103.24,103.255,96500.0
2025-01-16 20:44:00,103.24,103.2799,103.15,103.17,45012.0
2025-01-16 20:46:00,103.175,103.255,103.131,103.25,53903.0
2025-01-16 20:48:00,103.25,103.405,103.24,103.4,78729.0
2025-01-16 20:50:00,103.39,103.4,103.21,103.33,119034.0
2025-01-16 20:52:00,103.32,103.33,103.08,103.0908,110830.0
2025-01-16 20:54:00,103.09,103.16,102.835,102.865,188681.0
2025-01-16 20:56:00,102.865,102.91,102.8,102.84,191905.0
2025-01-16 20:58:00,102.84,102.87,102.58,102.59,440006.0
2025-01-16 21:00:00,102.6,102.65,102.54,102.56,66389.0
2025-01-16 21:02:00,102.5,102.6,102.5,102.6,5191.0
2025-01-16 21:04:00,102.6,102.6,102.4512,102.59,6034.0
2025-01-16 21:06:00,102.45,102.6,102.45,102.57,3277.0
2025-01-16 21:08:00,102.5,102.5793,102.473,102.473,1146.0
2025-01-16 21:10:00,102.478,102.478,102.478,102.478,313.0
2025-01-16 21:12:00,102.46,102.4616,102.46,102.46,1517.0
2025-01-16 21:14:00,102.4,102.4,102.3301,102.3301,1753.0
2025-01-16 21:18:00,102.44,102.44,102.4,102.4,658.0
2025-01-16 21:20:00,102.44,102.44,102.33,102.33,2634.0
2025-01-16 21:22:00,102.31,102.33,102.3,102.33,2258.0
2025-01-16 21:24:00,102.2,102.33,102.2,102.33,1781.0
2025-01-16 21:26:00,102.33,102.4,102.2001,102.4,2335.0
2025-01-16 21:28:00,102.3985,102.4,102.33,102.4,1567.0
2025-01-16 21:30:00,102.34,102.81,102.25,102.51,17910.0
2025-01-16 21:32:00,102.25,102.29,102.01,102.05,16172.0
2025-01-16 21:34:00,102.32,102.5,102.0701,102.5,7992.0
2025-01-16 21:36:00,102.58,102.58,102.0,102.47,8242.0
2025-01-16 21:38:00,102.26,102.47,102.26,102.47,961.0
2025-01-16 21:44:00,102.5,102.5,102.45,102.45,625.0
2025-01-16 21:46:00,102.5,102.5,102.5,102.5,263.0
2025-01-16 21:48:00,102.54,102.58,102.54,102.58,1639.0
2025-01-16 21:50:00,102.59,102.59,102.59,102.59,898.0
2025-01-16 21:58:00,102.59,102.59,102.59,102.59,333.0
2025-01-16 22:04:00,102.68,102.68,102.68,102.68,1309.0
2025-01-16 22:10:00,102.77,102.77,102.71,102.71,1224.0
2025-01-16 22:12:00,102.77,102.77,102.77,102.77,287.0
2025-01-16 22:18:00,102.8,102.8,102.8,102.8,540.0
2025-01-16 22:20:00,102.68,102.69,102.68,102.69,907.0
2025-01-16 22:32:00,102.65,102.65,102.65,102.65,200.0
2025-01-16 22:36:00,102.53,102.53,102.53,102.53,281.0
2025-01-16 22:48:00,102.51,102.51,102.5,102.5,1829.0
2025-01-16 22:50:00,102.45,102.45,102.45,102.45,382.0
2025-01-16 22:56:00,102.41,102.41,102.41,102.41,110.0
2025-01-16 22:58:00,102.4,102.4,102.26,102.26,1056.0
2025-01-16 23:00:00,102.4,102.4,102.4,102.4,213.0
2025-01-16 23:04:00,102.27,102.27,102.27,102.27,547.0
2025-01-16 23:06:00,102.3,102.44,102.3,102.44,459.0
2025-01-16 23:10:00,102.42,102.42,102.42,102.42,110.0
2025-01-16 23:14:00,102.35,102.35,102.35,102.35,222.0
2025-01-16 23:16:00,102.35,102.35,102.35,102.35,150.0
2025-01-16 23:20:00,102.4001,102.4001,102.4001,102.4001,2478.0
2025-01-16 23:28:00,102.4037,102.4037,102.4037,102.4037,403.0
2025-01-16 23:40:00,102.4,102.4037,102.4,102.4037,220.0
2025-01-16 23:46:00,102.4,102.4,102.4,102.4,113.0
2025-01-16 23:48:00,102.4,102.4,102.4,102.4,849.0
2025-01-16 23:50:00,102.35,102.35,102.35,102.35,268.0
2025-01-16 23:54:00,102.3,102.3,102.3,102.3,100.0
2025-01-16 23:58:00,102.34,102.34,102.34,102.34,218.0
2025-01-17 00:06:00,102.3,102.3,102.3,102.3,190.0
2025-01-17 00:08:00,102.306,102.306,102.306,102.306,133.0
2025-01-17 00:24:00,102.4,102.4,102.4,102.4,304.0
2025-01-17 00:28:00,102.4025,102.4025,102.4025,102.4025,275.0
2025-01-17 00:30:00,102.4001,102.4001,102.4,102.4,952.0
2025-01-17 00:34:00,102.4001,102.4001,102.4001,102.4001,218.0
2025-01-17 00:38:00,102.44,102.44,102.44,102.44,113.0
2025-01-17 00:40:00,102.41,102.41,102.4001,102.4001,502.0
2025-01-17 00:46:00,102.4,102.44,102.4,102.44,939.0
2025-01-17 00:48:00,102.4,102.42,102.4,102.42,314.0
2025-01-17 00:50:00,102.4,102.4,102.4,102.4,1515.0
2025-01-17 00:54:00,102.38,102.38,102.37,102.37,357.0
2025-01-17 00:56:00,102.39,102.4078,102.39,102.3901,1276.0
2025-01-17 00:58:00,102.4,102.4,102.4,102.4,330.0
2025-01-17 09:02:00,103.19,103.2,103.19,103.2,776.0
2025-01-17 09:04:00,103.2,103.29,103.2,103.29,1510.0
2025-01-17 09:10:00,103.38,103.38,103.35,103.35,880.0
2025-01-17 09:12:00,103.37,103.37,103.37,103.37,381.0
2025-01-17 09:14:00,103.3,103.33,103.3,103.33,310.0
2025-01-17 09:16:00,103.31,103.31,103.26,103.26,551.0
2025-01-17 09:18:00,103.3,103.31,103.3,103.31,495.0
2025-01-17 09:20:00,103.33,103.33,103.31,103.31,250.0
2025-01-17 09:24:00,103.39,103.39,103.39,103.39,300.0
2025-01-17 09:26:00,103.45,103.5,103.45,103.49,5908.0
2025-01-17 09:28:00,103.4,103.4,103.4,103.4,588.0
2025-01-17 09:32:00,103.43,103.43,103.4,103.4,1152.0
2025-01-17 09:38:00,103.49,103.49,103.49,103.49,388.0
2025-01-17 09:40:00,103.49,103.49,103.49,103.49,208.0
2025-01-17 09:46:00,103.36,103.36,103.36,103.36,156.0
2025-01-17 09:48:00,103.4,103.4,103.4,103.4,124.0
2025-01-17 09:52:00,103.36,103.36,103.36,103.36,200.0
2025-01-17 09:54:00,103.4,103.4,103.4,103.4,238.0
2025-01-17 10:20:00,103.6,103.65,103.6,103.65,767.0
2025-01-17 10:22:00,103.65,103.65,103.65,103.65,1014.0
2025-01-17 10:30:00,103.61,103.7,103.61,103.7,2033.0
2025-01-17 10:34:00,103.61,103.61,103.61,103.61,200.0
2025-01-17 10:36:00,103.57,103.57,103.56,103.56,401.0
2025-01-17 10:38:00,103.69,103.69,103.69,103.69,215.0
2025-01-17 10:42:00,103.61,103.61,103.61,103.61,102.0
2025-01-17 10:52:00,103.76,103.76,103.76,103.76,200.0
2025-01-17 10:54:00,103.76,103.76,103.76,103.76,298.0
2025-01-17 11:16:00,103.76,103.76,103.76,103.76,140.0
2025-01-17 11:26:00,103.85,103.85,103.85,103.85,481.0
2025-01-17 11:32:00,103.92,103.92,103.92,103.92,149.0
2025-01-17 11:34:00,103.88,103.88,103.88,103.88,150.0
2025-01-17 11:38:00,103.8,103.8,103.8,103.8,280.0
2025-01-17 11:48:00,103.79,103.8,103.79,103.79,966.0
2025-01-17 11:50:00,103.71,103.71,103.68,103.68,752.0
2025-01-17 11:52:00,103.62,103.62,103.58,103.58,1365.0
2025-01-17 11:56:00,103.45,103.45,103.45,103.45,364.0
2025-01-17 12:00:00,103.5,103.5,103.37,103.37,1456.0
2025-01-17 12:04:00,103.53,103.53,103.53,103.53,269.0
2025-01-17 12:06:00,103.56,103.61,103.56,103.6,3485.0
2025-01-17 12:08:00,103.6,103.75,103.6,103.65,10903.0
2025-01-17 12:10:00,103.7,103.7,103.65,103.65,1537.0
2025-01-17 12:12:00,103.65,103.65,103.65,103.65,555.0
2025-01-17 12:14:00,103.7,103.7,103.66,103.66,1386.0
2025-01-17 12:18:00,103.64,103.64,103.64,103.64,446.0
2025-01-17 12:20:00,103.57,103.61,103.57,103.61,496.0
2025-01-17 12:26:00,103.56,103.56,103.56,103.56,100.0
2025-01-17 12:28:00,103.55,103.59,103.55,103.59,300.0
2025-01-17 12:30:00,103.51,103.51,103.51,103.51,165.0
2025-01-17 12:40:00,103.51,103.51,103.51,103.51,724.0
2025-01-17 12:52:00,103.58,103.61,103.58,103.61,2023.0
2025-01-17 12:54:00,103.59,103.61,103.59,103.6,684.0
2025-01-17 12:56:00,103.59,103.59,103.59,103.59,250.0
2025-01-17 13:00:00,103.6,103.77,102.0,103.55,30405.0
2025-01-17 13:02:00,103.64,103.76,103.587,103.587,2128.0
2025-01-17 13:04:00,103.5801,103.77,103.5801,103.77,1538.0
2025-01-17 13:08:00,103.81,103.94,103.81,103.9194,1413.0
2025-01-17 13:10:00,103.88,103.88,103.88,103.88,2087.0
2025-01-17 13:14:00,103.91,103.9338,103.91,103.9338,505.0
2025-01-17 13:16:00,103.89,103.89,103.89,103.89,171.0
2025-01-17 13:18:00,103.84,103.84,103.84,103.84,641.0
2025-01-17 13:20:00,103.94,104.0,103.94,104.0,3157.0
2025-01-17 13:22:00,103.991,104.07,103.95,104.07,13215.0
2025-01-17 13:24:00,104.13,104.25,104.13,104.25,6777.0
2025-01-17 13:26:00,103.9853,103.9853,103.9853,103.9853,367.0
2025-01-17 13:28:00,104.15,104.25,104.15,104.2,1895.0
2025-01-17 13:30:00,104.25,104.25,104.2012,104.25,3716.0
2025-01-17 13:32:00,104.211,104.28,104.211,104.28,11602.0
2025-01-17 13:34:00,104.38,104.38,104.28,104.28,885.0
2025-01-17 13:36:00,104.2,104.2,104.2,104.2,2436.0
2025-01-17 13:38:00,104.1536,104.1536,104.009,104.08,2680.0
2025-01-17 13:40:00,104.09,104.1,104.09,104.1,1226.0
2025-01-17 13:42:00,104.0718,104.3,104.0718,104.3,8186.0
2025-01-17 13:44:00,104.34,104.578,104.34,104.578,12859.0
2025-01-17 13:46:00,104.51,104.61,104.5,104.61,1911.0
2025-01-17 13:48:00,104.6,104.6,104.5101,104.5101,1878.0
2025-01-17 13:50:00,104.53,104.58,104.5,104.58,2667.0
2025-01-17 13:52:00,104.58,104.6,104.5,104.5,2926.0
2025-01-17 13:54:00,104.5,104.52,104.3141,104.5,3830.0
2025-01-17 13:56:00,104.3,104.62,104.3,104.6,3316.0
2025-01-17 13:58:00,104.6,104.65,104.5,104.63,2631.0
2025-01-17 14:00:00,104.7,104.93,104.69,104.93,14400.0
2025-01-17 14:02:00,104.8714,104.88,104.73,104.78,2889.0
2025-01-17 14:04:00,104.8,104.99,104.8,104.91,7506.0
2025-01-17 14:06:00,104.88,104.94,104.88,104.94,3783.0
2025-01-17 14:08:00,104.94,105.02,104.94,105.0,20845.0
2025-01-17 14:10:00,105.01,105.24,105.0001,105.19,12737.0
2025-01-17 14:12:00,105.15,105.15,105.0,105.0,11069.0
2025-01-17 14:14:00,104.93,105.0,104.93,105.0,4098.0
2025-01-17 14:16:00,104.9901,105.0997,104.97,105.0997,4183.0
2025-01-17 14:18:00,105.02,105.02,104.92,104.92,3700.0
2025-01-17 14:20:00,104.9555,104.9555,104.7,104.7,6699.0
2025-01-17 14:22:00,104.99,104.99,104.51,104.68,5747.0
2025-01-17 14:24:00,104.53,104.7,104.52,104.63,2501.0
2025-01-17 14:26:00,104.665,104.9,104.56,104.85,10778.0
2025-01-17 14:28:00,104.76,104.94,104.61,104.63,18746.0
2025-01-17 14:30:00,104.64,105.0,103.56,103.92,1451199.0
2025-01-17 14:32:00,103.8932,104.02,103.08,103.2596,231350.0
2025-01-17 14:34:00,103.255,103.39,103.08,103.33,143735.0
2025-01-17 14:36:00,103.35,103.43,102.906,103.11,149836.0
2025-01-17 14:38:00,103.1297,103.1485,102.5,102.6488,203898.0
2025-01-17 14:40:00,102.68,103.1921,102.66,103.16,210139.0
2025-01-17 14:42:00,103.16,103.28,102.72,102.75,201911.0
2025-01-17 14:44:00,102.75,103.2,102.74,103.2,120311.0
2025-01-17 14:46:00,103.16,103.54,103.145,103.5299,153030.0
2025-01-17 14:48:00,103.515,103.52,103.17,103.26,103599.0
2025-01-17 14:50:00,103.26,103.32,103.03,103.205,67791.0
2025-01-17 14:52:00,103.23,103.58,103.193,103.37,91926.0
2025-01-17 14:54:00,103.35,103.5225,103.25,103.505,91205.0
2025-01-17 14:56:00,103.56,103.65,103.4,103.45,82028.0
2025-01-17 14:58:00,103.46,103.5,102.9101,103.22,143494.0
2025-01-17 15:00:00,103.2,103.6796,103.07,103.57,120345.0
2025-01-17 15:02:00,103.61,103.6199,103.35,103.41,46100.0
2025-01-17 15:04:00,103.41,103.74,103.314127,103.6968,93488.0
2025-01-17 15:06:00,103.73,103.8152,103.66,103.76,79981.0
2025-01-17 15:08:00,103.74,103.84,103.5301,103.63,76457.0
2025-01-17 15:10:00,103.63,103.99,103.615,103.97,78411.0
2025-01-17 15:12:00,103.97,103.99,103.71,103.77,53697.0
2025-01-17 15:14:00,103.79,103.86,103.74,103.795,47877.0
2025-01-17 15:16:00,103.795,103.93,103.73,103.89,84634.0
2025-01-17 15:18:00,103.9,104.0,103.81,103.85,91158.0
2025-01-17 15:20:00,103.85,103.88,103.45,103.5,122400.0
2025-01-17 15:22:00,103.48,103.53,103.26,103.49,99987.0
2025-01-17 15:24:00,103.47,103.69,103.44,103.63,86629.0
2025-01-17 15:26:00,103.62,103.75,103.53,103.67,58105.0
2025-01-17 15:28:00,103.685,103.9,103.6,103.885,73017.0
2025-01-17 15:30:00,103.87,103.9499,103.8,103.94,53261.0
2025-01-17 15:32:00,103.94,104.07,103.9,104.054,65879.0
2025-01-17 15:34:00,104.0699,104.0699,103.9501,103.98,56463.0
2025-01-17 15:36:00,104.0,104.027,103.86,104.02,37057.0
2025-01-17 15:38:00,104.0,104.28,103.97,104.2474,97451.0
2025-01-17 15:40:00,104.25,104.43,104.23,104.3,102224.0
2025-01-17 15:42:00,104.28,104.44,104.233215,104.4202,51422.0
2025-01-17 15:44:00,104.42,104.55,104.37,104.49,92785.0
2025-01-17 15:46:00,104.4701,104.73,104.47,104.6,119308.0
2025-01-17 15:48:00,104.6061,104.74,104.5601,104.74,79740.0
2025-01-17 15:50:00,104.735,104.8,104.44,104.47,156519.0
2025-01-17 15:52:00,104.45,104.4655,104.3074,104.355,42797.0
2025-01-17 15:54:00,104.33,104.42,104.28,104.35,50495.0
2025-01-17 15:56:00,104.38,104.4844,104.3091,104.48,44369.0
2025-01-17 15:58:00,104.48,104.52,104.39,104.47,27678.0
2025-01-17 16:00:00,104.45,104.4599,104.36,104.3756,50214.0
2025-01-17 16:02:00,104.36,104.4135,104.25,104.35,47941.0
2025-01-17 16:04:00,104.37,104.45,104.28,104.29,25850.0
2025-01-17 16:06:00,104.29,104.4295,104.175,104.4295,118179.0
2025-01-17 16:08:00,104.42,104.63,104.41,104.5669,97580.0
2025-01-17 16:10:00,104.57,104.62,104.46,104.62,40439.0
2025-01-17 16:12:00,104.6102,104.8,104.6101,104.75,60548.0
2025-01-17 16:14:00,104.74,104.78,104.71,104.7299,56801.0
2025-01-17 16:16:00,104.7207,104.755,104.58,104.6,45956.0
2025-01-17 16:18:00,104.61,104.63,104.48,104.51,67347.0
2025-01-17 16:20:00,104.4901,104.6204,104.4901,104.608,59288.0
2025-01-17 16:22:00,104.6,104.738,104.5922,104.71,68122.0
2025-01-17 16:24:00,104.7,104.84,104.68,104.825,55219.0
2025-01-17 16:26:00,104.83,104.83,104.59,104.63,31518.0
2025-01-17 16:28:00,104.655,104.68,104.55,104.57,38447.0
2025-01-17 16:30:00,104.5787,104.61,104.5,104.55,58488.0
2025-01-17 16:32:00,104.52,104.55,104.48,104.52,91224.0
2025-01-17 16:34:00,104.5,104.64,104.45,104.64,80983.0
2025-01-17 16:36:00,104.6495,104.69,104.55,104.6727,62220.0
2025-01-17 16:38:00,104.68,104.86,104.6541,104.845,165451.0
2025-01-17 16:40:00,104.85,104.86,104.64,104.69,89374.0
2025-01-17 16:42:00,104.7,104.76,104.5501,104.5501,33720.0
2025-01-17 16:44:00,104.56,104.57,104.47,104.48,47799.0
2025-01-17 16:46:00,104.47,104.51,104.37,104.4735,47276.0
2025-01-17 16:48:00,104.47,104.51,104.37,104.392,33289.0
2025-01-17 16:50:00,104.405,104.49,104.37,104.49,30895.0
2025-01-17 16:52:00,104.485,104.5299,104.37,104.495,46920.0
2025-01-17 16:54:00,104.48,104.53,104.45,104.53,32077.0
2025-01-17 16:56:00,104.51,104.53,104.47,104.5,25316.0
2025-01-17 16:58:00,104.505,104.525,104.4791,104.5,30888.0
2025-01-17 17:00:00,104.48,104.49,104.35,104.46,43768.0
2025-01-17 17:02:00,104.45,104.5284,104.45,104.5,33948.0
2025-01-17 17:04:00,104.49,104.52,104.3744,104.5188,35379.0
2025-01-17 17:06:00,104.51,104.655,104.505,104.65,33718.0
2025-01-17 17:08:00,104.64,104.7,104.6368,104.66,21445.0
2025-01-17 17:10:00,104.65,104.74,104.645,104.7075,37249.0
2025-01-17 17:12:00,104.705,104.8,104.69,104.76,51664.0
2025-01-17 17:14:00,104.77,104.78,104.73,104.7715,30939.0
2025-01-17 17:16:00,104.76,104.76,104.64,104.69,31173.0
2025-01-17 17:18:00,104.69,104.8,104.68,104.77,29342.0
2025-01-17 17:20:00,104.77,104.8,104.7601,104.79,29342.0
2025-01-17 17:22:00,104.78,104.99,104.7796,104.98,152117.0
2025-01-17 17:24:00,104.985,105.05,104.92,104.945,194688.0
2025-01-17 17:26:00,104.93,104.9375,104.7188,104.7599,40778.0
2025-01-17 17:28:00,104.74,104.8,104.6991,104.8,28040.0
2025-01-17 17:30:00,104.81,104.87,104.7801,104.83,22852.0
2025-01-17 17:32:00,104.8201,104.86,104.76,104.82,29203.0
2025-01-17 17:34:00,104.8368,104.84,104.77,104.815,22437.0
2025-01-17 17:36:00,104.81,104.81,104.64,104.79,42164.0
2025-01-17 17:38:00,104.82,104.93,104.797,104.93,45190.0
2025-01-17 17:40:00,104.92,104.92,104.83,104.84,26971.0
2025-01-17 17:42:00,104.85,104.935,104.85,104.93,32205.0
2025-01-17 17:44:00,104.94,104.99,104.89,104.89,43683.0
2025-01-17 17:46:00,104.9,104.93,104.83,104.9,24728.0
2025-01-17 17:48:00,104.91,104.91,104.821915,104.8999,33362.0
2025-01-17 17:50:00,104.89,104.96,104.89,104.925,37597.0
2025-01-17 17:52:00,104.93,104.9474,104.89,104.94,32761.0
2025-01-17 17:54:00,104.91,104.99,104.8981,104.96,37171.0
2025-01-17 17:56:00,104.96,105.0,104.93,104.97,48785.0
2025-01-17 17:58:00,104.9787,105.03,104.96,104.98,65530.0
2025-01-17 18:00:00,104.99,105.01,104.95,104.99,43537.0
2025-01-17 18:02:00,104.98,105.21,104.93,105.14,221444.0
2025-01-17 18:04:00,105.135,105.19,105.13,105.19,69269.0
2025-01-17 18:06:00,105.19,105.3,105.18,105.2,222712.0
2025-01-17 18:08:00,105.205,105.225,105.13,105.13,28017.0
2025-01-17 18:10:00,105.13,105.2,105.13,105.19,40888.0
2025-01-17 18:12:00,105.2,105.219,105.12,105.135,49270.0
2025-01-17 18:14:00,105.13,105.23,105.13,105.23,38426.0
2025-01-17 18:16:00,105.22,105.25,105.19,105.23,24219.0
2025-01-17 18:18:00,105.225,105.2499,105.1901,105.21,20890.0
2025-01-17 18:20:00,105.21,105.3399,105.21,105.33,49146.0
2025-01-17 18:22:00,105.325,105.41,105.31,105.39,44848.0
2025-01-17 18:24:00,105.3843,105.44,105.37,105.41,53952.0
2025-01-17 18:26:00,105.42,105.42,105.2201,105.236,63450.0
2025-01-17 18:28:00,105.25,105.28,105.21,105.25,38150.0
2025-01-17 18:30:00,105.245,105.33,105.19,105.33,37590.0
2025-01-17 18:32:00,105.31,105.33,105.13,105.185,38620.0
2025-01-17 18:34:00,105.18,105.2004,105.13,105.1601,46290.0
2025-01-17 18:36:00,105.18,105.31,105.18,105.31,44407.0
2025-01-17 18:38:00,105.32,105.37,105.3,105.33,24790.0
2025-01-17 18:40:00,105.36,105.36,105.28,105.32,32139.0
2025-01-17 18:42:00,105.325,105.37,105.28,105.35,32872.0
2025-01-17 18:44:00,105.36,105.445,105.335,105.435,38167.0
2025-01-17 18:46:00,105.44,105.51,105.43,105.45,78671.0
2025-01-17 18:48:00,105.45,105.5,105.39,105.41,40131.0
2025-01-17 18:50:00,105.41,105.45,105.36,105.37,35192.0
2025-01-17 18:52:00,105.36,105.38,105.275,105.33,46424.0
2025-01-17 18:54:00,105.32,105.4,105.3,105.4,57969.0
2025-01-17 18:56:00,105.39,105.39,105.13,105.13,72497.0
2025-01-17 18:58:00,105.17,105.2,105.13,105.17,57984.0
2025-01-17 19:00:00,105.16,105.24,105.13,105.14,45379.0
2025-01-17 19:02:00,105.14,105.19,105.14,105.165,37779.0
2025-01-17 19:04:00,105.16,105.19,105.09,105.17,75575.0
2025-01-17 19:06:00,105.1752,105.18,105.1,105.125,26367.0
2025-01-17 19:08:00,105.12,105.12,104.97,105.0797,83763.0
2025-01-17 19:10:00,105.085,105.085,104.95,104.98,63875.0
2025-01-17 19:12:00,104.97,105.1,104.97,105.09,38767.0
2025-01-17 19:14:00,105.09,105.18,105.09,105.14,52459.0
2025-01-17 19:16:00,105.135,105.17,105.04,105.06,32998.0
2025-01-17 19:18:00,105.07,105.0705,105.01,105.02,31053.0
2025-01-17 19:20:00,105.0141,105.17,105.0141,105.17,20318.0
2025-01-17 19:22:00,105.1699,105.185,105.12,105.146,19685.0
2025-01-17 19:24:00,105.15,105.16,105.08,105.0875,20423.0
2025-01-17 19:26:00,105.095,105.14,105.07,105.1,17882.0
2025-01-17 19:28:00,105.1,105.1,105.04,105.061,14998.0
2025-01-17 19:30:00,105.05,105.05,104.94,104.98,23294.0
2025-01-17 19:32:00,104.9716,104.99,104.93,104.93,30698.0
2025-01-17 19:34:00,104.93,105.015,104.91,105.01,40327.0
2025-01-17 19:36:00,105.0,105.06,104.955,105.05,41467.0
2025-01-17 19:38:00,105.05,105.12,105.05,105.071,40239.0
2025-01-17 19:40:00,105.07,105.09,104.99,105.0,20073.0
2025-01-17 19:42:00,104.99,105.02,104.98,105.01,17968.0
2025-01-17 19:44:00,105.01,105.05,104.985,105.04,23419.0
2025-01-17 19:46:00,105.035,105.035,104.865,104.87,67104.0
2025-01-17 19:48:00,104.87,104.91,104.82,104.8316,71813.0
2025-01-17 19:50:00,104.82,104.83,104.7,104.758,57261.0
2025-01-17 19:52:00,104.75,104.7571,104.59,104.59,51591.0
2025-01-17 19:54:00,104.59,104.63,104.53,104.5501,49030.0
2025-01-17 19:56:00,104.5778,104.74,104.5101,104.68,88474.0
2025-01-17 19:58:00,104.67,104.72,104.6677,104.71,30045.0
2025-01-17 20:00:00,104.71,104.71,104.5,104.5304,75191.0
2025-01-17 20:02:00,104.5395,104.545,104.46,104.52,98948.0
2025-01-17 20:04:00,104.53,104.54,104.45,104.455,58686.0
2025-01-17 20:06:00,104.4603,104.47,104.21,104.27,89693.0
2025-01-17 20:08:00,104.28,104.486,104.25,104.44,137006.0
2025-01-17 20:10:00,104.45,104.52,104.43,104.4735,60627.0
2025-01-17 20:12:00,104.48,104.52,104.3829,104.405,59097.0
2025-01-17 20:14:00,104.405,104.63,104.37,104.63,139616.0
2025-01-17 20:16:00,104.63,104.75,104.595,104.6,168608.0
2025-01-17 20:18:00,104.6,104.7633,104.58,104.7552,62114.0
2025-01-17 20:20:00,104.76,104.97,104.74,104.94,75975.0
2025-01-17 20:22:00,104.9322,105.0763,104.9,105.015,102605.0
2025-01-17 20:24:00,105.02,105.13,104.98,105.08,75547.0
2025-01-17 20:26:00,105.07,105.19,105.05,105.17,58915.0
2025-01-17 20:28:00,105.17,105.199,105.1,105.195,88123.0
2025-01-17 20:30:00,105.2,105.25,105.1845,105.22,114764.0
2025-01-17 20:32:00,105.225,105.3192,105.21,105.2998,100178.0
2025-01-17 20:34:00,105.3,105.33,105.24,105.265,113540.0
2025-01-17 20:36:00,105.27,105.37,105.225,105.33,89590.0
2025-01-17 20:38:00,105.34,105.44,105.33,105.42,97276.0
2025-01-17 20:40:00,105.425,105.5,105.425,105.4984,110759.0
2025-01-17 20:42:00,105.5,105.5,105.33,105.3557,111793.0
2025-01-17 20:44:00,105.355,105.49,105.35,105.37,129601.0
2025-01-17 20:46:00,105.3718,105.48,105.35,105.48,102370.0
2025-01-17 20:48:00,105.48,105.69,105.47,105.6,219479.0
2025-01-17 20:50:00,105.5825,105.5825,105.39,105.46,197937.0
2025-01-17 20:52:00,105.46,105.57,105.455,105.505,167083.0
2025-01-17 20:54:00,105.51,105.72,105.48,105.635,308030.0
2025-01-17 20:56:00,105.64,105.7,105.53,105.54,314155.0
2025-01-17 20:58:00,105.54,105.88,105.495,105.74,1034784.0
2025-01-17 21:00:00,105.79,105.88,105.55,105.55,63494.0
2025-01-17 21:02:00,105.71,105.71,105.56,105.57,3170.0
2025-01-17 21:04:00,105.5201,105.75,105.5,105.54,11896.0
2025-01-17 21:06:00,105.6,105.6,105.57,105.57,1682.0
2025-01-17 21:08:00,105.66,105.67,105.66,105.67,961.0
2025-01-17 21:10:00,105.6001,105.6001,105.551,105.551,2255.0
2025-01-17 21:12:00,105.56,105.56,105.4801,105.4801,1941.0
2025-01-17 21:14:00,105.52,105.53,105.4802,105.4802,1951.0
2025-01-17 21:16:00,105.55,105.55,105.51,105.5101,5929.0
2025-01-17 21:18:00,105.5101,105.5207,105.5101,105.5207,3358.0
2025-01-17 21:20:00,105.52,105.52,105.52,105.52,399.0
2025-01-17 21:22:00,105.52,105.55,105.5173,105.55,1845.0
2025-01-17 21:24:00,105.55,105.75,105.55,105.75,7297.0
2025-01-17 21:26:00,105.59,105.62,105.59,105.62,4388.0
2025-01-17 21:28:00,105.62,105.62,105.56,105.5601,2218.0
2025-01-17 21:30:00,105.5897,105.59,105.5897,105.59,507.0
2025-01-17 21:32:00,105.56,105.56,105.52,105.52,817.0
2025-01-17 21:34:00,105.55,105.55,105.55,105.55,928.0
2025-01-17 21:36:00,105.46,105.46,105.4506,105.4506,1802.0
2025-01-17 21:38:00,105.45,105.4901,105.45,105.4901,745.0
2025-01-17 21:40:00,105.5,105.5,105.4912,105.4912,722.0
2025-01-17 21:42:00,105.54,105.54,105.5,105.5,467.0
2025-01-17 21:44:00,105.5,105.5,105.5,105.5,630.0
2025-01-17 21:46:00,105.5,105.51,105.5,105.5,1626.0
2025-01-17 21:48:00,105.5001,105.58,105.5001,105.58,2274.0
2025-01-17 21:50:00,105.55,105.57,105.54,105.57,1588.0
2025-01-17 21:54:00,105.57,105.57,105.5209,105.5209,320.0
2025-01-17 21:56:00,105.5694,105.5694,105.5694,105.5694,1010.0
2025-01-17 21:58:00,105.5499,105.55,105.5499,105.55,1666.0
2025-01-17 22:00:00,105.5499,105.5499,105.5107,105.511,2105.0
2025-01-17 22:02:00,105.51,105.51,105.51,105.51,160.0
2025-01-17 22:04:00,105.5041,105.5041,105.5041,105.5041,185.0
2025-01-17 22:06:00,105.53,105.53,105.53,105.53,181.0
2025-01-17 22:08:00,105.53,105.55,105.5,105.55,4030.0
2025-01-17 22:12:00,105.55,105.55,105.49,105.49,795.0
2025-01-17 22:14:00,105.5,105.5012,105.49,105.5,2203.0
2025-01-17 22:18:00,105.5,105.5,105.5,105.5,228.0
2025-01-17 22:20:00,105.4995,105.4995,105.4995,105.4995,109.0
2025-01-17 22:28:00,105.529,105.529,105.49,105.49,585.0
2025-01-17 22:30:00,105.54,105.54,105.49,105.49,3151.0
2025-01-17 22:32:00,105.489,105.489,105.489,105.489,100.0
2025-01-17 22:34:00,105.4509,105.4509,105.4509,105.4509,2526.0
2025-01-17 22:36:00,105.4501,105.4501,105.4501,105.4501,1938.0
2025-01-17 22:40:00,105.49,105.5002,105.45,105.5002,2192.0
2025-01-17 22:42:00,105.51,105.5397,105.45,105.4522,1346.0
2025-01-17 22:44:00,105.53,105.53,105.53,105.53,106.0
2025-01-17 22:48:00,105.5299,105.5299,105.5299,105.5299,1013.0
2025-01-17 22:50:00,105.53,105.53,105.53,105.53,511.0
2025-01-17 22:52:00,105.54,105.54,105.54,105.54,915.0
2025-01-17 23:02:00,105.44,105.44,105.43,105.43,624.0
2025-01-17 23:06:00,105.42,105.48,105.42,105.48,5010.0
2025-01-17 23:08:00,105.45,105.45,105.45,105.45,132.0
2025-01-17 23:20:00,105.5001,105.5001,105.5001,105.5001,102.0
2025-01-17 23:26:00,105.5,105.5,105.5,105.5,235.0
2025-01-17 23:28:00,105.501,105.501,105.501,105.501,210.0
2025-01-17 23:30:00,105.5398,105.5398,105.5398,105.5398,1436.0
2025-01-17 23:34:00,105.54,105.54,105.54,105.54,452.0
2025-01-17 23:42:00,105.5101,105.5108,105.5101,105.5108,228.0
2025-01-17 23:44:00,105.5101,105.5101,105.5101,105.5101,287.0
2025-01-17 23:46:00,105.5105,105.5107,105.5105,105.5107,528.0
2025-01-17 23:48:00,105.5298,105.5298,105.5298,105.5298,916.0
2025-01-17 23:50:00,105.54,105.54,105.54,105.54,276.0
2025-01-17 23:52:00,105.55,105.57,105.55,105.57,1420.0
2025-01-17 23:56:00,105.5801,105.5808,105.5801,105.5808,1497.0
2025-01-17 23:58:00,105.69,105.69,105.69,105.69,201.0
2025-01-18 00:04:00,105.65,105.65,105.65,105.65,146.0
2025-01-18 00:12:00,105.65,105.65,105.65,105.65,138.0
2025-01-18 00:14:00,105.63,105.65,105.63,105.65,600.0
2025-01-18 00:18:00,105.6,105.6,105.6,105.6,103.0
2025-01-18 00:22:00,105.6001,105.6001,105.6001,105.6001,232.0
2025-01-18 00:24:00,105.75,105.75,105.75,105.75,48325.0
2025-01-18 00:28:00,105.63,105.63,105.63,105.63,264.0
2025-01-18 00:30:00,105.6012,105.65,105.6012,105.65,691.0
2025-01-18 00:34:00,105.6488,105.6488,105.6488,105.6488,515.0
2025-01-18 00:38:00,105.6032,105.6032,105.6032,105.6032,136.0
2025-01-18 00:40:00,105.64,105.64,105.64,105.64,405.0
2025-01-18 00:44:00,105.65,105.65,105.65,105.65,524.0
2025-01-18 00:46:00,105.65,105.65,105.65,105.65,180.0
2025-01-18 00:48:00,105.66,105.66,105.66,105.66,131.0
2025-01-18 00:50:00,105.7,105.7,105.7,105.7,342.0
2025-01-18 00:52:00,105.73,105.74,105.73,105.74,1239.0
2025-01-18 00:54:00,105.75,105.75,105.75,105.75,348.0
2025-01-18 00:56:00,105.73,105.75,105.73,105.7499,725.0
2025-01-18 00:58:00,105.75,105.75,105.75,105.75,368.0
2025-01-21 09:00:00,105.55,105.57,105.54,105.57,6309.0
2025-01-21 09:04:00,105.64,105.89,105.64,105.89,1129.0
2025-01-21 09:06:00,105.96,106.18,105.96,106.18,3240.0
2025-01-21 09:08:00,106.08,106.18,106.08,106.18,589.0
2025-01-21 09:10:00,106.08,106.08,106.08,106.08,773.0
2025-01-21 09:12:00,106.15,106.15,106.15,106.15,342.0
2025-01-21 09:16:00,106.18,106.24,106.18,106.24,802.0
2025-01-21 09:18:00,106.22,106.37,106.21,106.37,940.0
2025-01-21 09:20:00,106.3,106.46,106.26,106.4,2838.0
2025-01-21 09:22:00,106.41,106.41,106.41,106.41,326.0
2025-01-21 09:24:00,106.42,106.5,106.39,106.39,2044.0
2025-01-21 09:32:00,106.45,106.45,106.45,106.45,236.0
2025-01-21 09:34:00,106.47,106.47,106.47,106.47,301.0
2025-01-21 09:36:00,106.48,106.54,106.48,106.5,2554.0
2025-01-21 09:38:00,106.46,106.46,106.46,106.46,548.0
2025-01-21 09:40:00,106.43,106.44,106.43,106.44,1048.0
2025-01-21 09:42:00,106.59,106.59,106.59,106.59,564.0
2025-01-21 09:44:00,106.5,106.59,106.5,106.59,683.0
2025-01-21 09:48:00,106.63,106.64,106.63,106.64,550.0
2025-01-21 09:50:00,106.65,106.65,106.65,106.65,673.0
2025-01-21 09:52:00,106.6,106.69,106.6,106.69,225.0
2025-01-21 09:54:00,106.65,106.65,106.65,106.65,656.0
2025-01-21 09:56:00,106.62,106.64,106.62,106.64,261.0
2025-01-21 09:58:00,106.55,106.55,106.5,106.51,1378.0
2025-01-21 10:00:00,106.51,106.64,106.51,106.64,1238.0
2025-01-21 10:08:00,106.52,106.6,106.52,106.6,202.0
2025-01-21 10:10:00,106.5,106.5,106.5,106.5,387.0
2025-01-21 10:12:00,106.49,106.49,106.49,106.49,169.0
2025-01-21 10:16:00,106.41,106.49,106.4,106.49,1902.0
2025-01-21 10:18:00,106.43,106.43,106.43,106.43,150.0
2025-01-21 10:20:00,106.49,106.5,106.49,106.5,553.0
2025-01-21 10:22:00,106.47,106.61,106.47,106.61,1748.0
2025-01-21 10:24:00,106.55,106.55,106.55,106.55,178.0
2025-01-21 10:28:00,106.52,106.52,106.52,106.52,145.0
2025-01-21 10:30:00,106.49,106.49,106.49,106.49,374.0
2025-01-21 10:32:00,106.48,106.48,106.48,106.48,192.0
2025-01-21 10:40:00,106.51,106.51,106.45,106.51,633.0
2025-01-21 10:42:00,106.51,106.69,106.51,106.65,2574.0
2025-01-21 10:48:00,106.63,106.65,106.56,106.56,1693.0
2025-01-21 10:52:00,106.63,106.74,106.63,106.74,1375.0
2025-01-21 11:04:00,106.58,106.59,106.58,106.59,510.0
2025-01-21 11:06:00,106.72,106.73,106.71,106.73,1663.0
2025-01-21 11:08:00,106.73,106.75,106.73,106.75,1073.0
2025-01-21 11:10:00,106.81,106.9,106.81,106.9,1509.0
2025-01-21 11:12:00,106.89,106.89,106.89,106.89,399.0
2025-01-21 11:16:00,106.89,106.89,106.82,106.82,1077.0
2025-01-21 11:18:00,106.8,106.8,106.57,106.57,2055.0
2025-01-21 11:22:00,106.57,106.57,106.5,106.5,2163.0
2025-01-21 11:24:00,106.48,106.49,106.42,106.42,1025.0
2025-01-21 11:30:00,106.45,106.46,106.45,106.46,884.0
2025-01-21 11:32:00,106.45,106.49,106.45,106.49,1273.0
2025-01-21 11:34:00,106.5,106.5,106.5,106.5,1063.0
2025-01-21 11:36:00,106.53,106.7,106.53,106.7,3182.0
2025-01-21 11:40:00,106.66,106.66,106.66,106.66,737.0
2025-01-21 11:42:00,106.68,106.68,106.68,106.68,1137.0
2025-01-21 11:44:00,106.65,106.67,106.65,106.67,892.0
2025-01-21 11:46:00,106.66,106.66,106.66,106.66,182.0
2025-01-21 11:48:00,106.65,106.65,106.65,106.65,411.0
2025-01-21 11:50:00,106.65,106.65,106.65,106.65,300.0
2025-01-21 11:54:00,106.61,106.61,106.61,106.61,207.0
2025-01-21 11:56:00,106.56,106.56,106.56,106.56,203.0
2025-01-21 12:00:00,106.51,106.51,106.28,106.28,4954.0
2025-01-21 12:02:00,106.4,106.4,106.37,106.37,506.0
2025-01-21 12:04:00,106.4,106.41,106.3,106.3,4626.0
2025-01-21 12:06:00,106.29,106.34,106.29,106.34,699.0
2025-01-21 12:08:00,106.34,106.34,106.34,106.34,1457.0
2025-01-21 12:10:00,106.31,106.31,105.97,105.97,11470.0
2025-01-21 12:12:00,105.97,105.97,105.81,105.81,5941.0
2025-01-21 12:14:00,105.9,105.9,105.5,105.5,6841.0
2025-01-21 12:16:00,105.55,105.55,105.5,105.5,1346.0
2025-01-21 12:18:00,105.49,105.5,105.49,105.5,814.0
2025-01-21 12:20:00,105.5,105.59,105.45,105.59,1945.0
2025-01-21 12:22:00,105.75,105.79,105.7,105.7,1565.0
2025-01-21 12:24:00,105.8,106.1,105.8,106.0,3913.0
2025-01-21 12:26:00,106.12,106.15,106.1,106.1,2297.0
2025-01-21 12:30:00,106.08,106.08,106.08,106.08,143.0
2025-01-21 12:34:00,106.01,106.03,106.0,106.03,2209.0
2025-01-21 12:36:00,105.99,106.09,105.99,106.09,1975.0
2025-01-21 12:38:00,106.19,106.2,106.18,106.19,2716.0
2025-01-21 12:40:00,106.15,106.17,106.08,106.08,2940.0
2025-01-21 12:42:00,106.02,106.03,106.02,106.03,532.0
2025-01-21 12:44:00,106.1,106.1,106.1,106.1,212.0
2025-01-21 12:46:00,106.18,106.18,106.16,106.16,481.0
2025-01-21 12:48:00,106.17,106.18,106.17,106.18,421.0
2025-01-21 12:50:00,106.17,106.2,106.17,106.2,6132.0
2025-01-21 12:52:00,106.24,106.24,106.2,106.2,1002.0
2025-01-21 12:54:00,106.19,106.19,106.17,106.17,859.0
2025-01-21 12:58:00,106.17,106.2,106.17,106.2,2683.0
2025-01-21 13:00:00,106.32,106.7202,105.01,106.5262,28772.0
2025-01-21 13:02:00,106.2,106.33,106.16,106.33,3281.0
2025-01-21 13:04:00,106.1645,106.24,106.16,106.16,2405.0
2025-01-21 13:06:00,106.3,106.33,106.3,106.33,696.0
2025-01-21 13:08:00,106.1604,106.22,105.486,106.0,14057.0
2025-01-21 13:10:00,105.93,106.0,105.88,105.88,2590.0
2025-01-21 13:12:00,105.89,105.89,105.56,105.56,8061.0
2025-01-21 13:14:00,105.81,105.88,105.81,105.875,1534.0
2025-01-21 13:16:00,105.84,105.84,105.8058,105.8058,360.0
2025-01-21 13:20:00,105.96,106.0,105.96,106.0,2646.0
2025-01-21 13:22:00,106.0,106.0,106.0,106.0,1656.0
2025-01-21 13:24:00,106.0,106.0,105.95,105.95,2069.0
2025-01-21 13:26:00,105.93,105.93,105.93,105.93,226.0
2025-01-21 13:28:00,105.96,105.96,105.96,105.96,555.0
2025-01-21 13:30:00,105.96,106.0726,105.95,106.0726,1917.0
2025-01-21 13:32:00,106.0985,106.0985,106.0985,106.0985,1094.0
2025-01-21 13:34:00,106.0,106.0,105.95,105.99,2248.0
2025-01-21 13:36:00,106.0,106.0,105.92,105.92,3392.0
2025-01-21 13:38:00,105.99,106.0,105.98,106.0,7775.0
2025-01-21 13:40:00,105.9422,106.0,105.6,105.6,8453.0
2025-01-21 13:42:00,105.5217,105.65,105.5217,105.65,1266.0
2025-01-21 13:44:00,105.61,105.75,105.59,105.75,5312.0
2025-01-21 13:46:00,105.88,105.9992,105.766,105.9992,1628.0
2025-01-21 13:48:00,105.88,106.0,105.8,105.99,4253.0
2025-01-21 13:50:00,106.0,106.0,105.9,105.9,1297.0
2025-01-21 13:52:00,105.914,105.95,105.9,105.95,2552.0
2025-01-21 13:54:00,105.85,106.0,105.77,106.0,5282.0
2025-01-21 13:56:00,106.0177,106.0177,105.8501,106.0,1460.0
2025-01-21 13:58:00,105.8927,106.0,105.8901,105.9512,4350.0
2025-01-21 14:00:00,105.99,106.028,105.95,105.95,2409.0
2025-01-21 14:02:00,105.9894,105.9894,105.93,105.93,1377.0
2025-01-21 14:04:00,105.91,105.93,105.75,105.75,3926.0
2025-01-21 14:06:00,105.64,105.68,105.64,105.68,2136.0
2025-01-21 14:08:00,105.505,105.74,105.505,105.71,3272.0
2025-01-21 14:10:00,105.7,105.7,105.6,105.6,2991.0
2025-01-21 14:12:00,105.7395,105.7395,105.7395,105.7395,344.0
2025-01-21 14:14:00,105.62,105.62,105.62,105.62,494.0
2025-01-21 14:16:00,105.61,105.67,105.6017,105.66,5499.0
2025-01-21 14:18:00,105.65,105.65,105.25,105.25,27572.0
2025-01-21 14:20:00,105.1999,105.295,105.06,105.295,9108.0
2025-01-21 14:22:00,105.2,105.45,105.2,105.3172,3367.0
2025-01-21 14:24:00,105.3026,105.38,105.3,105.32,2301.0
2025-01-21 14:26:00,105.41,105.41,105.25,105.25,2929.0
2025-01-21 14:28:00,105.25,105.35,105.2,105.3,25066.0
2025-01-21 14:30:00,105.425,106.3,105.23,106.095,642974.0
2025-01-21 14:32:00,106.12,106.5,106.05,106.2899,169810.0
2025-01-21 14:34:00,106.32,106.55,106.21,106.47,200429.0
2025-01-21 14:36:00,106.4602,106.47,105.9301,105.966,147526.0
2025-01-21 14:38:00,105.95,106.1593,105.82,105.97,151077.0
2025-01-21 14:40:00,106.0,106.09,105.66,106.03,173047.0
2025-01-21 14:42:00,106.015,106.38,105.9,106.37,188646.0
2025-01-21 14:44:00,106.4,106.48,106.0403,106.185,123915.0
2025-01-21 14:46:00,106.185,106.1975,106.02,106.11,99566.0
2025-01-21 14:48:00,106.12,106.5,106.01,106.35,130457.0
2025-01-21 14:50:00,106.35,106.74,106.3441,106.74,148936.0
2025-01-21 14:52:00,106.736,106.76,106.23,106.4442,206293.0
2025-01-21 14:54:00,106.4,106.44,105.9,106.4299,165957.0
2025-01-21 14:56:00,106.43,106.47,106.22,106.35,110345.0
2025-01-21 14:58:00,106.35,106.455,106.17,106.38,90778.0
2025-01-21 15:00:00,106.38,106.39,105.99,106.1532,92166.0
2025-01-21 15:02:00,106.145,106.4,106.02,106.36,57307.0
2025-01-21 15:04:00,106.36,106.48,106.2301,106.4175,96502.0
2025-01-21 15:06:00,106.405,106.58,106.27,106.525,81274.0
2025-01-21 15:08:00,106.585,106.92,106.575,106.91,112115.0
2025-01-21 15:10:00,106.92,107.17,106.7,106.74,199466.0
2025-01-21 15:12:00,106.76,106.77,106.3109,106.41,155407.0
2025-01-21 15:14:00,106.3806,106.67,106.34,106.615,110532.0
2025-01-21 15:16:00,106.64,106.795,106.4017,106.78,77358.0
2025-01-21 15:18:00,106.78,107.08,106.78,107.0101,122569.0
2025-01-21 15:20:00,107.03,107.23,107.01,107.09,100836.0
2025-01-21 15:22:00,107.09,107.22,107.05,107.14,73521.0
2025-01-21 15:24:00,107.19,107.33,107.15,107.23,141437.0
2025-01-21 15:26:00,107.2424,107.54,107.185,107.51,139833.0
2025-01-21 15:28:00,107.52,107.59,107.455,107.53,82910.0
2025-01-21 15:30:00,107.505,107.505,107.25,107.25,78863.0
2025-01-21 15:32:00,107.25,107.58,107.24,107.555,81993.0
2025-01-21 15:34:00,107.57,107.59,107.36,107.4301,95312.0
2025-01-21 15:36:00,107.445,107.52,107.35,107.49,74003.0
2025-01-21 15:38:00,107.5,107.71,107.46,107.69,122649.0
2025-01-21 15:40:00,107.6871,107.6997,107.5,107.6,61451.0
2025-01-21 15:42:00,107.61,107.75,107.565,107.73,84071.0
2025-01-21 15:44:00,107.72,107.75,107.2593,107.2593,105165.0
2025-01-21 15:46:00,107.2572,107.412,107.16,107.37,79309.0
2025-01-21 15:48:00,107.36,107.49,107.1935,107.21,62841.0
2025-01-21 15:50:00,107.23,107.315,107.13,107.135,41465.0
2025-01-21 15:52:00,107.12,107.33,107.07,107.29,69040.0
2025-01-21 15:54:00,107.31,107.4199,107.18,107.24,55060.0
2025-01-21 15:56:00,107.245,107.26,107.12,107.24,40697.0
2025-01-21 15:58:00,107.235,107.38,107.21,107.2595,78772.0
2025-01-21 16:00:00,107.24,107.24,106.92,107.04,85405.0
2025-01-21 16:02:00,107.04,107.11,106.96,107.11,44280.0
2025-01-21 16:04:00,107.105,107.17,107.07,107.17,46241.0
2025-01-21 16:06:00,107.17,107.22,107.135,107.19,28847.0
2025-01-21 16:08:00,107.1999,107.31,107.16,107.24,52134.0
2025-01-21 16:10:00,107.2472,107.35,107.215,107.3398,61847.0
2025-01-21 16:12:00,107.335,107.38,107.09,107.205,62775.0
2025-01-21 16:14:00,107.18,107.25,107.13,107.14,30155.0
2025-01-21 16:16:00,107.12,107.137,106.92,106.95,53087.0
2025-01-21 16:18:00,106.96,106.98,106.78,106.98,76221.0
2025-01-21 16:20:00,106.97,106.9798,106.86,106.91,42687.0
2025-01-21 16:22:00,106.885,107.36,106.885,107.325,93158.0
2025-01-21 16:24:00,107.33,107.37,107.2,107.27,103587.0
2025-01-21 16:26:00,107.24,107.3,107.24,107.285,72524.0
2025-01-21 16:28:00,107.29,107.4,107.29,107.38,42739.0
2025-01-21 16:30:00,107.375,107.47,107.35,107.41,80958.0
2025-01-21 16:32:00,107.405,107.557,107.4,107.49,61272.0
2025-01-21 16:34:00,107.49,107.57,107.44,107.5,38000.0
2025-01-21 16:36:00,107.54,107.5479,107.34,107.4007,42935.0
2025-01-21 16:38:00,107.3905,107.59,107.3905,107.55,55785.0
2025-01-21 16:40:00,107.54,107.63,107.51,107.61,60529.0
2025-01-21 16:42:00,107.61,107.79,107.5901,107.685,115809.0
2025-01-21 16:44:00,107.6692,107.97,107.6503,107.94,78306.0
2025-01-21 16:46:00,107.94,108.08,107.91,108.07,241809.0
2025-01-21 16:48:00,108.08,108.24,108.03,108.21,88910.0
2025-01-21 16:50:00,108.19,108.51,108.15,108.5014,152026.0
2025-01-21 16:52:00,108.5,108.725,108.43,108.57,158578.0
2025-01-21 16:54:00,108.5603,108.8,108.53,108.79,154182.0
2025-01-21 16:56:00,108.79,108.99,108.75,108.845,164061.0
2025-01-21 16:58:00,108.85,108.97,108.75,108.965,83641.0
2025-01-21 17:00:00,108.96,109.1,108.905,109.047,181710.0
2025-01-21 17:02:00,109.06,109.15,108.91,109.14,89285.0
2025-01-21 17:04:00,109.14,109.28,109.09,109.28,101991.0
2025-01-21 17:06:00,109.28,109.37,109.25,109.2963,95751.0
2025-01-21 17:08:00,109.29,109.31,109.15,109.17,89683.0
2025-01-21 17:10:00,109.1599,109.19,109.0406,109.08,93654.0
2025-01-21 17:12:00,109.073,109.27,109.07,109.26,101985.0
2025-01-21 17:14:00,109.2599,109.35,109.03,109.052,155449.0
2025-01-21 17:16:00,109.06,109.07,108.88,109.06,164126.0
2025-01-21 17:18:00,109.0551,109.21,108.99,109.165,117480.0
2025-01-21 17:20:00,109.17,109.2,109.02,109.052,87145.0
2025-01-21 17:22:00,109.055,109.15,109.04,109.101,90708.0
2025-01-21 17:24:00,109.135,109.27,109.11,109.18,87631.0
2025-01-21 17:26:00,109.17,109.28,109.14,109.24,47330.0
2025-01-21 17:28:00,109.25,109.3497,109.23,109.2526,63864.0
2025-01-21 17:30:00,109.26,109.28,109.05,109.05,97254.0
2025-01-21 17:32:00,109.045,109.1857,109.038871,109.16,44328.0
2025-01-21 17:34:00,109.19,109.2,109.0405,109.11,54232.0
2025-01-21 17:36:00,109.13,109.155,108.95,109.01,75539.0
2025-01-21 17:38:00,109.002459,109.31,109.0,109.3003,115989.0
2025-01-21 17:40:00,109.305,109.37,109.19,109.23,83127.0
2025-01-21 17:42:00,109.25,109.39,109.2,109.23,110497.0
2025-01-21 17:44:00,109.24,109.335,109.24,109.335,51583.0
2025-01-21 17:46:00,109.335,109.44,109.29,109.4,73247.0
2025-01-21 17:48:00,109.4,109.54,109.35,109.495,179889.0
2025-01-21 17:50:00,109.495,109.6,109.48,109.54,89771.0
2025-01-21 17:52:00,109.5491,109.72,109.5301,109.58,120492.0
2025-01-21 17:54:00,109.565,109.66,109.5567,109.57,78855.0
2025-01-21 17:56:00,109.57,109.89,109.51,109.88,135803.0
2025-01-21 17:58:00,109.89,110.0,109.83,109.89,216050.0
2025-01-21 18:00:00,109.89,109.97,109.8,109.8907,76665.0
2025-01-21 18:02:00,109.88,109.97,109.6,109.66,100931.0
2025-01-21 18:04:00,109.67,109.85,109.62,109.7945,60683.0
2025-01-21 18:06:00,109.805,109.85,109.636,109.64,49859.0
2025-01-21 18:08:00,109.645,109.67,109.595,109.64,56697.0
2025-01-21 18:10:00,109.6393,109.7003,109.6393,109.65,25609.0
2025-01-21 18:12:00,109.65,109.77,109.5702,109.73,56914.0
2025-01-21 18:14:00,109.74,109.78,109.63,109.6401,40423.0
2025-01-21 18:16:00,109.655,109.785,109.64,109.71,44507.0
2025-01-21 18:18:00,109.71,109.76,109.61,109.65,31056.0
2025-01-21 18:20:00,109.65,109.87,109.63,109.865,66627.0
2025-01-21 18:22:00,109.86,109.95,109.83,109.89,59214.0
2025-01-21 18:24:00,109.89,109.89,109.71,109.74,58395.0
2025-01-21 18:26:00,109.735,109.92,109.72,109.81,50098.0
2025-01-21 18:28:00,109.82,109.99,109.78,109.975,107889.0
2025-01-21 18:30:00,109.98,110.0,109.77,109.8,321484.0
2025-01-21 18:32:00,109.8007,109.95,109.73,109.91,57831.0
2025-01-21 18:34:00,109.89,109.89,109.59,109.7,103190.0
2025-01-21 18:36:00,109.695,109.77,109.57,109.62,54112.0
2025-01-21 18:38:00,109.63,109.7,109.54,109.6601,49495.0
2025-01-21 18:40:00,109.67,109.77,109.65,109.69,38370.0
2025-01-21 18:42:00,109.69,109.785,109.68,109.73,37285.0
2025-01-21 18:44:00,109.755,109.79,109.72,109.739,36916.0
2025-01-21 18:46:00,109.76,109.7897,109.7,109.73,31218.0
2025-01-21 18:48:00,109.725,109.77,109.68,109.75,54601.0
2025-01-21 18:50:00,109.75,109.9454,109.75,109.85,65653.0
2025-01-21 18:52:00,109.8452,109.985,109.8,109.945,43484.0
2025-01-21 18:54:00,109.92,109.9711,109.91,109.96,33720.0
2025-01-21 18:56:00,109.957,110.0,109.957,109.995,59375.0
2025-01-21 18:58:00,110.0,110.0,109.96,109.99,48344.0
2025-01-21 19:00:00,109.98,110.05,109.9,110.05,86228.0
2025-01-21 19:02:00,110.0636,110.15,110.03,110.11,69614.0
2025-01-21 19:04:00,110.12,110.24,110.1,110.1997,86371.0
2025-01-21 19:06:00,110.195,110.24,110.14,110.15,53280.0
2025-01-21 19:08:00,110.15,110.18,110.075,110.15,70697.0
2025-01-21 19:10:00,110.13,110.2,110.0803,110.14,42835.0
2025-01-21 19:12:00,110.14,110.22,110.138,110.17,58596.0
2025-01-21 19:14:00,110.185,110.2,109.94,109.9712,58331.0
2025-01-21 19:16:00,109.97,109.97,109.879,109.9,87141.0
2025-01-21 19:18:00,109.9,109.9,109.75,109.76,72767.0
2025-01-21 19:20:00,109.7699,109.9,109.75,109.85,63040.0
2025-01-21 19:22:00,109.85,109.8774,109.66,109.7,67271.0
2025-01-21 19:24:00,109.71,109.95,109.71,109.9497,68746.0
2025-01-21 19:26:00,109.95,110.1,109.95,110.0799,73783.0
2025-01-21 19:28:00,110.0899,110.19,110.0802,110.18,46061.0
2025-01-21 19:30:00,110.18,110.18,110.02,110.03,49185.0
2025-01-21 19:32:00,110.02,110.03,109.95,109.95,61113.0
2025-01-21 19:34:00,109.95,110.0,109.87,109.875,37288.0
2025-01-21 19:36:00,109.87,109.9999,109.85,109.99,49540.0
2025-01-21 19:38:00,109.985,110.03,109.92,109.92,64690.0
2025-01-21 19:40:00,109.93,109.955,109.87,109.88,37163.0
2025-01-21 19:42:00,109.8827,109.9534,109.85,109.9534,43160.0
2025-01-21 19:44:00,109.94,110.0,109.94,110.0,53645.0
2025-01-21 19:46:00,109.99,110.0,109.87,109.92,54365.0
2025-01-21 19:48:00,109.925,109.95,109.88,109.88,58463.0
2025-01-21 19:50:00,109.89,109.91,109.84,109.84,43388.0
2025-01-21 19:52:00,109.841,109.915,109.73,109.83,101290.0
2025-01-21 19:54:00,109.83,109.86,109.735,109.81,78580.0
2025-01-21 19:56:00,109.84,109.85,109.74,109.83,44508.0
2025-01-21 19:58:00,109.85,109.885,109.82,109.855,53173.0
2025-01-21 20:00:00,109.84,109.86,109.75,109.76,51551.0
2025-01-21 20:02:00,109.78,109.87,109.69,109.83,112613.0
2025-01-21 20:04:00,109.84,109.8901,109.74,109.79,48927.0
2025-01-21 20:06:00,109.8,109.8501,109.77,109.8501,50920.0
2025-01-21 20:08:00,109.86,109.95,109.85,109.92,55612.0
2025-01-21 20:10:00,109.9278,109.95,109.79,109.88,50050.0
2025-01-21 20:12:00,109.88,109.89,109.795,109.81,58342.0
2025-01-21 20:14:00,109.8,109.94,109.8,109.94,65027.0
2025-01-21 20:16:00,109.95,109.96,109.8503,109.88,81533.0
2025-01-21 20:18:00,109.875,109.97,109.87,109.96,42313.0
2025-01-21 20:20:00,109.965,109.975,109.83,109.9,58652.0
2025-01-21 20:22:00,109.9,109.915,109.69,109.765,89287.0
2025-01-21 20:24:00,109.76,109.85,109.75,109.8226,70134.0
2025-01-21 20:26:00,109.84,109.8587,109.78,109.8178,52607.0
2025-01-21 20:28:00,109.8199,109.86,109.805,109.82,66388.0
2025-01-21 20:30:00,109.81,109.98,109.74,109.975,125585.0
2025-01-21 20:32:00,109.975,110.01,109.935,109.95,111037.0
2025-01-21 20:34:00,109.95,109.9899,109.941,109.954,68518.0
2025-01-21 20:36:00,109.955,109.98,109.86,109.8699,143792.0
2025-01-21 20:38:00,109.865,110.045,109.865,110.025,90379.0
2025-01-21 20:40:00,110.025,110.085,109.93,109.955,73375.0
2025-01-21 20:42:00,109.955,110.0,109.94,109.95,63640.0
2025-01-21 20:44:00,109.96,109.97,109.785,109.785,164210.0
2025-01-21 20:46:00,109.785,109.8399,109.72,109.745,109988.0
2025-01-21 20:48:00,109.74,109.74,109.52,109.585,142721.0
2025-01-21 20:50:00,109.58,109.79,109.56,109.635,154706.0
2025-01-21 20:52:00,109.63,109.65,109.53,109.54,171110.0
2025-01-21 20:54:00,109.55,109.645,109.38,109.565,303925.0
2025-01-21 20:56:00,109.565,109.675,109.48,109.48,286869.0
2025-01-21 20:58:00,109.48,109.5,109.27,109.36,547658.0
2025-01-21 21:00:00,109.38,109.38,109.28,109.38,92508.0
2025-01-21 21:02:00,109.38,109.38,109.23,109.26,10913.0
2025-01-21 21:04:00,109.3799,109.38,109.2,109.38,23399.0
2025-01-21 21:06:00,109.32,109.32,109.27,109.31,27844.0
2025-01-21 21:08:00,109.27,109.31,109.27,109.31,3753.0
2025-01-21 21:10:00,109.38,109.42,109.38,109.39,1948.0
2025-01-21 21:12:00,109.39,109.42,109.39,109.42,2952.0
2025-01-21 21:14:00,109.4,109.5,109.35,109.5,16259.0
2025-01-21 21:20:00,109.47,109.5,109.32,109.32,1164.0
2025-01-21 21:22:00,109.49,109.52,109.49,109.52,1225.0
2025-01-21 21:24:00,109.38,109.4,109.38,109.4,1403.0
2025-01-21 21:26:00,109.45,109.45,109.45,109.45,491.0
2025-01-21 21:28:00,109.39,109.52,109.39,109.51,1173.0
2025-01-21 21:30:00,109.394,109.5,109.394,109.5,379.0
2025-01-21 21:32:00,109.39,109.3917,109.39,109.3917,1035.0
2025-01-21 21:34:00,109.46,109.46,109.46,109.46,473.0
2025-01-21 21:36:00,109.46,109.46,109.39,109.39,559.0
2025-01-21 21:38:00,109.48,109.5,109.48,109.5,976.0
2025-01-21 21:40:00,109.5001,109.54,109.4806,109.49,1031.0
2025-01-21 21:42:00,109.4805,109.51,109.48,109.51,1166.0
2025-01-21 21:44:00,109.48,109.48,109.39,109.44,3358.0
2025-01-21 21:46:00,109.46,109.4702,109.44,109.44,3567.0
2025-01-21 21:48:00,109.46,109.476,109.43,109.43,1263.0
2025-01-21 21:50:00,109.41,109.41,109.38,109.38,1052.0
2025-01-21 21:52:00,109.38,109.38,109.38,109.38,553.0
2025-01-21 21:54:00,109.38,109.38,109.38,109.38,181.0
2025-01-21 21:56:00,109.4,109.4,109.4,109.4,880.0
2025-01-21 21:58:00,109.38,109.42,109.38,109.42,689.0
2025-01-21 22:00:00,109.46,109.47,109.46,109.47,1696.0
2025-01-21 22:04:00,109.451,109.48,109.451,109.48,697.0
2025-01-21 22:06:00,109.4865,109.4865,109.4865,109.4865,1091.0
2025-01-21 22:08:00,109.47,109.48,109.47,109.48,543.0
2025-01-21 22:10:00,109.49,109.49,109.49,109.49,893.0
2025-01-21 22:12:00,109.49,109.55,109.47,109.47,2490.0
2025-01-21 22:16:00,109.49,109.54,109.49,109.54,857.0
2025-01-21 22:24:00,109.6,109.75,109.6,109.62,4365.0
2025-01-21 22:26:00,109.63,109.82,109.63,109.82,4381.0
2025-01-21 22:28:00,109.81,110.09,109.5043,109.5043,11503.0
2025-01-21 22:30:00,109.98,110.08,109.98,110.0,1709.0
2025-01-21 22:32:00,109.98,110.33,109.98,110.26,15182.0
2025-01-21 22:34:00,110.35,110.3599,110.2,110.2,4327.0
2025-01-21 22:36:00,110.1005,110.25,110.1,110.1,1448.0
2025-01-21 22:38:00,109.9901,110.25,109.9901,110.0701,1816.0
2025-01-21 22:40:00,110.2305,110.35,110.0711,110.35,1871.0
2025-01-21 22:42:00,110.3548,110.3548,110.2175,110.2175,2111.0
2025-01-21 22:44:00,110.36,110.59,110.3161,110.59,11369.0
2025-01-21 22:46:00,110.51,110.63,110.5,110.58,6022.0
2025-01-21 22:48:00,110.58,110.7999,110.58,110.64,7102.0
2025-01-21 22:50:00,110.68,110.69,110.5,110.5,17462.0
2025-01-21 22:52:00,110.318,110.318,110.318,110.318,655.0
2025-01-21 22:54:00,110.47,110.53,110.33,110.33,1198.0
2025-01-21 22:56:00,110.25,110.5,110.25,110.5,5895.0
2025-01-21 22:58:00,110.27,110.27,110.25,110.27,1857.0
2025-01-21 23:00:00,110.16,110.2,110.15,110.2,10303.0
2025-01-21 23:02:00,110.35,110.35,110.35,110.35,298.0
2025-01-21 23:04:00,110.44,110.44,110.32,110.33,8453.0
2025-01-21 23:06:00,110.2078,110.35,110.153,110.34,2251.0
2025-01-21 23:08:00,110.156,110.3743,110.156,110.3,1598.0
2025-01-21 23:10:00,110.17,110.365,109.38,110.365,1658.0
2025-01-21 23:12:00,110.3923,110.3923,110.18,110.2,1040.0
2025-01-21 23:14:00,110.1601,110.4,110.1601,110.4,2316.0
2025-01-21 23:16:00,110.18,110.18,110.18,110.18,223.0
2025-01-21 23:18:00,110.18,110.18,110.15,110.15,2633.0
2025-01-21 23:20:00,110.15,110.15,110.1,110.1,1338.0
2025-01-21 23:22:00,110.0152,110.13,110.0,110.0,1812.0
2025-01-21 23:24:00,110.0001,110.16,110.0,110.16,956.0
2025-01-21 23:26:00,110.01,110.09,110.01,110.01,953.0
2025-01-21 23:28:00,110.0,110.0,110.0,110.0,1175.0
2025-01-21 23:30:00,110.0,110.0,110.0,110.0,492.0
2025-01-21 23:32:00,109.72,109.9947,109.72,109.9947,607.0
2025-01-21 23:34:00,109.997,110.12,109.997,110.12,363.0
2025-01-21 23:36:00,110.12,110.12,109.99,109.99,1467.0
2025-01-21 23:38:00,110.0,110.0,110.0,110.0,1524.0
2025-01-21 23:40:00,110.0,110.0,110.0,110.0,146.0
2025-01-21 23:42:00,110.0001,110.11,110.0001,110.08,3548.0
2025-01-21 23:44:00,110.13,110.24,110.13,110.24,1323.0
2025-01-21 23:48:00,110.24,110.29,110.24,110.29,266.0
2025-01-21 23:52:00,110.35,110.35,110.35,110.35,5020.0
2025-01-21 23:54:00,110.39,110.4425,110.39,110.44,2884.0
2025-01-21 23:56:00,110.1572,110.3001,110.1572,110.3001,1470.0
2025-01-21 23:58:00,110.3,110.45,110.3,110.45,495.0
2025-01-22 00:00:00,110.48,110.48,110.4,110.4,708.0
2025-01-22 00:02:00,110.4,110.4,110.25,110.25,596.0
2025-01-22 00:04:00,110.38,110.38,110.38,110.38,155.0
2025-01-22 00:06:00,110.38,110.38,110.38,110.38,137.0
2025-01-22 00:12:00,110.3483,110.3483,110.3483,110.3483,230.0
2025-01-22 00:14:00,110.3,110.3,110.3,110.3,393.0
2025-01-22 00:16:00,110.29,110.3,110.29,110.3,3108.0
2025-01-22 00:22:00,110.29,110.29,110.17,110.17,2879.0
2025-01-22 00:24:00,110.27,110.28,110.0365,110.0365,1661.0
2025-01-22 00:26:00,110.03,110.1,110.03,110.1,903.0
2025-01-22 00:28:00,110.1,110.1,110.05,110.1,707.0
2025-01-22 00:30:00,110.27,110.3478,110.15,110.15,2144.0
2025-01-22 00:34:00,110.1915,110.1915,110.1915,110.1915,177.0
2025-01-22 00:36:00,110.3,110.3,110.3,110.3,1277.0
2025-01-22 00:38:00,110.3499,110.3499,110.3,110.3,470.0
2025-01-22 00:40:00,110.25,110.255,110.25,110.255,450.0
2025-01-22 00:42:00,110.25,110.25,110.25,110.25,515.0
2025-01-22 00:44:00,110.3,110.34,110.3,110.34,669.0
2025-01-22 00:46:00,110.35,110.4,110.35,110.4,1571.0
2025-01-22 00:48:00,110.4,110.4865,110.4,110.4865,653.0
2025-01-22 00:50:00,110.49,110.5393,110.49,110.5393,1608.0
2025-01-22 00:52:00,110.54,110.55,110.5102,110.5102,3067.0
2025-01-22 00:54:00,110.56,110.56,110.5,110.5,1085.0
2025-01-22 00:56:00,110.5,110.52,110.5,110.52,1976.0
2025-01-22 00:58:00,110.49,110.5622,110.49,110.5622,8548.0
2025-01-22 09:00:00,110.91,111.0,110.37,111.0,2607.0
2025-01-22 09:02:00,110.93,110.93,110.82,110.82,1193.0
2025-01-22 09:06:00,110.82,110.82,110.5,110.65,6060.0
2025-01-22 09:08:00,110.65,110.65,110.6,110.6,2675.0
2025-01-22 09:10:00,110.6,110.65,110.6,110.65,649.0
2025-01-22 09:12:00,110.59,110.65,110.45,110.46,1696.0
2025-01-22 09:14:00,110.46,110.65,110.46,110.65,1112.0
2025-01-22 09:16:00,110.64,110.66,110.64,110.66,1054.0
2025-01-22 09:20:00,110.65,110.75,110.65,110.74,1335.0
2025-01-22 09:22:00,110.75,110.75,110.75,110.75,1102.0
2025-01-22 09:24:00,110.78,110.78,110.77,110.77,997.0
2025-01-22 09:26:00,110.78,110.78,110.65,110.65,2425.0
2025-01-22 09:28:00,110.61,110.61,110.56,110.56,1806.0
2025-01-22 09:32:00,110.7,110.7,110.7,110.7,350.0
2025-01-22 09:34:00,110.53,110.53,110.46,110.47,2032.0
2025-01-22 09:38:00,110.47,110.47,110.31,110.38,4195.0
2025-01-22 09:44:00,110.23,110.23,110.22,110.22,1897.0
2025-01-22 09:46:00,110.22,110.22,110.22,110.22,215.0
2025-01-22 09:48:00,110.48,110.49,110.23,110.42,2819.0
2025-01-22 09:50:00,110.44,110.44,110.4,110.41,848.0
2025-01-22 09:52:00,110.48,110.48,110.48,110.48,300.0
2025-01-22 09:54:00,110.47,110.47,110.47,110.47,109.0
2025-01-22 10:00:00,110.48,110.48,110.4,110.4,1272.0
2025-01-22 10:02:00,110.39,110.61,110.39,110.61,4156.0
2025-01-22 10:04:00,110.45,110.45,110.45,110.45,324.0
2025-01-22 10:14:00,110.41,110.41,110.4,110.4,588.0
2025-01-22 10:18:00,110.48,110.48,110.48,110.48,320.0
2025-01-22 10:24:00,110.51,110.54,110.51,110.54,593.0
2025-01-22 10:26:00,110.52,110.53,110.51,110.53,799.0
2025-01-22 10:30:00,110.54,110.54,110.54,110.54,587.0
2025-01-22 10:32:00,110.65,110.69,110.65,110.68,1132.0
2025-01-22 10:34:00,110.67,110.67,110.67,110.67,679.0
2025-01-22 10:38:00,110.7,110.7,110.7,110.7,566.0
2025-01-22 10:40:00,110.73,110.79,110.73,110.79,1108.0
2025-01-22 10:42:00,110.8,110.8,110.66,110.8,1601.0
2025-01-22 10:44:00,110.89,111.1,110.83,111.1,6242.0
2025-01-22 10:46:00,111.1,111.14,111.1,111.14,1713.0
2025-01-22 10:50:00,111.14,111.22,111.1,111.1,5169.0
2025-01-22 10:52:00,111.05,111.1,110.96,111.01,2340.0
2025-01-22 10:54:00,110.78,110.78,110.78,110.78,271.0
2025-01-22 10:56:00,110.74,110.79,110.74,110.79,387.0
2025-01-22 11:02:00,110.82,110.83,110.82,110.83,462.0
2025-01-22 11:04:00,110.95,110.95,110.95,110.95,367.0
2025-01-22 11:06:00,110.95,111.0,110.91,110.91,2359.0
2025-01-22 11:08:00,110.9,110.9,110.9,110.9,436.0
2025-01-22 11:10:00,110.94,110.95,110.83,110.83,1248.0
2025-01-22 11:20:00,110.78,110.8,110.77,110.8,599.0
2025-01-22 11:28:00,110.78,110.79,110.7,110.7,1313.0
2025-01-22 11:30:00,110.69,110.72,110.17,110.19,19682.0
2025-01-22 11:32:00,110.48,110.48,110.39,110.4,550.0
2025-01-22 11:34:00,110.4,110.4,110.4,110.4,150.0
2025-01-22 11:36:00,110.39,110.39,110.39,110.39,200.0
2025-01-22 11:38:00,110.34,110.35,109.93,109.99,10444.0
2025-01-22 11:40:00,109.99,110.0,109.85,110.0,4322.0
2025-01-22 11:42:00,110.0,110.0,109.65,109.8,8086.0
2025-01-22 11:44:00,109.8,109.82,109.59,109.61,9730.0
2025-01-22 11:46:00,109.61,109.63,109.6,109.63,401.0
2025-01-22 11:48:00,109.81,109.89,109.81,109.89,1040.0
2025-01-22 11:50:00,109.8,109.8,109.8,109.8,411.0
2025-01-22 11:52:00,109.79,109.8,109.75,109.75,3621.0
2025-01-22 11:56:00,109.71,109.75,109.7,109.7,817.0
2025-01-22 11:58:00,109.8,109.85,109.79,109.85,5172.0
2025-01-22 12:00:00,109.94,109.95,109.85,109.85,2464.0
2025-01-22 12:02:00,109.89,109.9,109.66,109.66,5330.0
2025-01-22 12:04:00,109.75,109.77,109.75,109.77,848.0
2025-01-22 12:06:00,109.8,109.8,109.75,109.8,7584.0
2025-01-22 12:08:00,109.8,109.8,109.8,109.8,718.0
2025-01-22 12:10:00,109.86,109.86,109.8,109.8,1072.0
2025-01-22 12:12:00,109.8,109.8,109.77,109.77,1655.0
2025-01-22 12:14:00,109.8,109.8,109.8,109.8,1533.0
2025-01-22 12:16:00,109.8,110.0,109.8,109.99,3562.0
2025-01-22 12:18:00,109.99,109.99,109.8,109.82,3189.0
2025-01-22 12:20:00,109.9,109.9,109.9,109.9,537.0
2025-01-22 12:22:00,109.8,109.9,109.8,109.9,3770.0
2025-01-22 12:24:00,109.95,109.99,109.95,109.99,3421.0
2025-01-22 12:26:00,109.97,110.0,109.97,110.0,3408.0
2025-01-22 12:28:00,109.98,110.0,109.95,109.95,4530.0
2025-01-22 12:30:00,109.91,109.91,109.82,109.9,2674.0
2025-01-22 12:32:00,109.89,110.0,109.84,109.92,7818.0
2025-01-22 12:34:00,109.96,110.0,109.91,109.95,3396.0
2025-01-22 12:38:00,109.95,109.95,109.9,109.9,2221.0
2025-01-22 12:40:00,109.91,109.91,109.9,109.9,1491.0
2025-01-22 12:44:00,109.98,110.0,109.96,109.99,1651.0
2025-01-22 12:46:00,109.95,109.96,109.94,109.95,3191.0
2025-01-22 12:48:00,110.0,110.0,109.99,109.99,2781.0
2025-01-22 12:50:00,110.0,110.0,110.0,110.0,1188.0
2025-01-22 12:52:00,110.18,110.18,110.18,110.18,259.0
2025-01-22 12:54:00,110.19,110.19,110.08,110.15,1734.0
2025-01-22 12:56:00,110.16,110.23,110.16,110.16,8624.0
2025-01-22 12:58:00,110.19,110.19,110.19,110.19,227.0
2025-01-22 13:00:00,109.71,111.08,109.6635,110.13,57824.0
2025-01-22 13:02:00,110.1886,110.1897,110.01,110.1897,9468.0
2025-01-22 13:04:00,110.12,110.12,110.09,110.1,2998.0
2025-01-22 13:08:00,110.13,110.15,110.05,110.11,2514.0
2025-01-22 13:10:00,110.03,110.04,109.89,110.0161,14415.0
2025-01-22 13:12:00,110.01,110.02,109.82,109.82,8096.0
2025-01-22 13:14:00,109.84,109.84,109.8002,109.82,8246.0
2025-01-22 13:16:00,109.82,109.87,109.8,109.87,5832.0
2025-01-22 13:18:00,109.87,109.92,109.85,109.92,2815.0
2025-01-22 13:20:00,109.86,109.87,109.85,109.85,1316.0
2025-01-22 13:22:00,109.85,109.88,109.8,109.8,7498.0
2025-01-22 13:24:00,109.9,109.95,109.81,109.9,3828.0
2025-01-22 13:26:00,109.9,109.9,109.8115,109.82,1559.0
2025-01-22 13:28:00,109.83,109.83,109.8,109.8,4858.0
2025-01-22 13:30:00,109.8,109.84,109.8,109.8,4305.0
2025-01-22 13:32:00,109.8,109.8,109.75,109.765,3879.0
2025-01-22 13:34:00,109.75,109.8,109.7,109.798,3245.0
2025-01-22 13:36:00,109.8,109.8,109.66,109.67,6095.0
2025-01-22 13:38:00,109.63,109.66,109.5801,109.5801,3918.0
2025-01-22 13:40:00,109.58,109.58,108.89,109.1,15877.0
2025-01-22 13:42:00,109.09,109.25,109.09,109.25,3719.0
2025-01-22 13:44:00,109.44,109.5987,109.4,109.5975,4500.0
2025-01-22 13:46:00,109.5,109.6,109.5,109.5,3512.0
2025-01-22 13:48:00,109.4,109.46,109.3147,109.46,2777.0
2025-01-22 13:50:00,109.335,109.48,109.33,109.4,2467.0
2025-01-22 13:52:00,109.36,109.36,109.36,109.36,301.0
2025-01-22 13:54:00,109.3347,109.45,109.32,109.4,3761.0
2025-01-22 13:56:00,109.32,109.32,109.3,109.31,13879.0
2025-01-22 13:58:00,109.31,109.32,109.3,109.32,7126.0
2025-01-22 14:00:00,109.33,109.4,109.3,109.31,4313.0
2025-01-22 14:02:00,109.3553,109.3553,109.3,109.3,4207.0
2025-01-22 14:04:00,109.3,109.305,109.3,109.305,2152.0
2025-01-22 14:06:00,109.3,109.33,109.26,109.32,9306.0
2025-01-22 14:08:00,109.31,109.31,109.1,109.1,10508.0
2025-01-22 14:10:00,109.13,109.15,108.97,108.98,7563.0
2025-01-22 14:12:00,108.9,109.1,108.9,109.1,3323.0
2025-01-22 14:14:00,109.08,109.24,109.08,109.24,1764.0
2025-01-22 14:16:00,109.27,109.28,109.24,109.24,1084.0
2025-01-22 14:18:00,109.36,109.38,109.2,109.37,11942.0
2025-01-22 14:20:00,109.36,109.37,109.34,109.35,2886.0
2025-01-22 14:22:00,109.34,109.44,109.34,109.41,4057.0
2025-01-22 14:24:00,109.44,109.4965,109.41,109.4965,3722.0
2025-01-22 14:26:00,109.4975,109.4995,108.9,108.9,14191.0
2025-01-22 14:28:00,108.9,109.14,108.85,109.14,8901.0
2025-01-22 14:30:00,109.165,110.2,109.02,110.11,792844.0
2025-01-22 14:32:00,110.08,110.14,108.65,109.0399,294313.0
2025-01-22 14:34:00,108.995,109.0581,108.305,108.67,267385.0
2025-01-22 14:36:00,108.69,109.2689,108.56,108.94,277423.0
2025-01-22 14:38:00,108.9,108.9992,108.4,108.92,153650.0
2025-01-22 14:40:00,108.87,108.98,108.53,108.6,136892.0
2025-01-22 14:42:00,108.55,108.9085,108.4708,108.62,151332.0
2025-01-22 14:44:00,108.63,108.65,107.93,107.98,371097.0
2025-01-22 14:46:00,107.97,108.22,107.87,107.99,242879.0
2025-01-22 14:48:00,107.99,108.05,107.76,107.98,294866.0
2025-01-22 14:50:00,107.98,108.125,107.85,108.12,222395.0
2025-01-22 14:52:00,108.13,108.32,108.01,108.26,216627.0
2025-01-22 14:54:00,108.305,108.49,108.24,108.44,237051.0
2025-01-22 14:56:00,108.44,108.74,108.39,108.725,175758.0
2025-01-22 14:58:00,108.71,109.16,108.63,108.9699,287166.0
2025-01-22 15:00:00,108.96,109.13,108.86,109.045,195519.0
2025-01-22 15:02:00,109.045,109.048,108.81,108.91,161234.0
2025-01-22 15:04:00,108.9191,109.06,108.59,108.77,135174.0
2025-01-22 15:06:00,108.77,108.993,108.75,108.8123,101455.0
2025-01-22 15:08:00,108.82,108.91,108.56,108.65,100759.0
2025-01-22 15:10:00,108.61,108.92,108.48,108.87,139971.0
2025-01-22 15:12:00,108.87,109.1,108.87,108.975,127533.0
2025-01-22 15:14:00,108.99,109.14,108.89,109.0777,124334.0
2025-01-22 15:16:00,109.06,109.35,109.055,109.28,159014.0
2025-01-22 15:18:00,109.26,109.3299,109.105,109.19,137128.0
2025-01-22 15:20:00,109.18,109.34,108.96,109.17,155245.0
2025-01-22 15:22:00,109.18,109.21,109.055,109.17,74825.0
2025-01-22 15:24:00,109.175,109.4,109.15,109.32,107259.0
2025-01-22 15:26:00,109.295,109.3097,109.03,109.06,68734.0
2025-01-22 15:28:00,109.03,109.08,108.89,108.99,68242.0
2025-01-22 15:30:00,108.9898,109.0799,108.9,109.02,52468.0
2025-01-22 15:32:00,108.99,109.18,108.95,109.175,66260.0
2025-01-22 15:34:00,109.19,109.35,109.12,109.33,84049.0
2025-01-22 15:36:00,109.32,109.32,109.135,109.28,64638.0
2025-01-22 15:38:00,109.27,109.56,109.26,109.54,103093.0
2025-01-22 15:40:00,109.53,109.7899,109.44,109.45,99903.0
2025-01-22 15:42:00,109.44,109.53,109.31,109.4793,74385.0
2025-01-22 15:44:00,109.49,109.73,109.48,109.645,86017.0
2025-01-22 15:46:00,109.67,109.67,109.37,109.44,81395.0
2025-01-22 15:48:00,109.42,109.58,109.36,109.465,62788.0
2025-01-22 15:50:00,109.455,109.6,109.4,109.56,87699.0
2025-01-22 15:52:00,109.56,109.685,109.48,109.585,60848.0
2025-01-22 15:54:00,109.595,109.68,109.51,109.51,43830.0
2025-01-22 15:56:00,109.54,109.5599,109.24,109.39,63195.0
2025-01-22 15:58:00,109.37,109.47,109.24,109.3,71471.0
2025-01-22 16:00:00,109.3,109.3126,109.16,109.19,66753.0
2025-01-22 16:02:00,109.19,109.3799,109.16,109.3,63859.0
2025-01-22 16:04:00,109.31,109.42,109.28,109.302,64990.0
2025-01-22 16:06:00,109.285,109.6,109.285,109.46,69610.0
2025-01-22 16:08:00,109.465,109.68,109.465,109.575,75955.0
2025-01-22 16:10:00,109.56,109.56,109.26,109.275,138659.0
2025-01-22 16:12:00,109.25,109.56,109.24,109.54,55959.0
2025-01-22 16:14:00,109.54,109.565,109.385,109.44,56360.0
2025-01-22 16:16:00,109.44,109.52,109.41,109.435,53735.0
2025-01-22 16:18:00,109.45,109.72,109.45,109.67,76277.0
2025-01-22 16:20:00,109.67,109.675,109.51,109.615,51131.0
2025-01-22 16:22:00,109.615,109.89,109.61,109.88,103235.0
2025-01-22 16:24:00,109.88,109.95,109.83,109.84,87036.0
2025-01-22 16:26:00,109.832,110.1,109.825,109.94,114819.0
2025-01-22 16:28:00,109.95,110.05,109.93,110.05,81979.0
2025-01-22 16:30:00,110.04,110.1,110.02,110.03,61604.0
2025-01-22 16:32:00,110.0242,110.2,110.02,110.08,88675.0
2025-01-22 16:34:00,110.0884,110.19,110.0,110.185,68814.0
2025-01-22 16:36:00,110.2,110.21,110.12,110.21,117569.0
2025-01-22 16:38:00,110.207,110.24,110.14,110.228,49938.0
2025-01-22 16:40:00,110.23,110.32,110.165,110.26,74044.0
2025-01-22 16:42:00,110.2401,110.33,110.21,110.245,52288.0
2025-01-22 16:44:00,110.26,110.34,110.1901,110.23,73238.0
2025-01-22 16:46:00,110.23,110.44,110.2,110.39,125371.0
2025-01-22 16:48:00,110.3895,110.5199,110.3895,110.4,157075.0
2025-01-22 16:50:00,110.4,110.51,110.32,110.34,75013.0
2025-01-22 16:52:00,110.35,110.3999,110.29,110.305,50921.0
2025-01-22 16:54:00,110.31,110.3458,110.26,110.34,51916.0
2025-01-22 16:56:00,110.34,110.43,110.31,110.375,42831.0
2025-01-22 16:58:00,110.372,110.4498,110.37,110.415,37112.0
2025-01-22 17:00:00,110.4,110.64,110.31,110.5501,101502.0
2025-01-22 17:02:00,110.56,110.65,110.48,110.6017,62064.0
2025-01-22 17:04:00,110.62,110.67,110.48,110.525,89428.0
2025-01-22 17:06:00,110.525,110.63,110.41,110.43,52952.0
2025-01-22 17:08:00,110.45,110.56,110.32,110.35,55392.0
2025-01-22 17:10:00,110.33,110.35,110.17,110.197344,58205.0
2025-01-22 17:12:00,110.2,110.22,110.14,110.2,45501.0
2025-01-22 17:14:00,110.21,110.21,109.87,109.9473,79034.0
2025-01-22 17:16:00,109.94,110.1797,109.93,110.14,55327.0
2025-01-22 17:18:00,110.1316,110.26,110.1316,110.2098,60325.0
2025-01-22 17:20:00,110.19,110.205,109.94,110.035,50603.0
2025-01-22 17:22:00,110.035,110.035,109.94,109.96,24419.0
2025-01-22 17:24:00,109.97,110.0399,109.88,109.9,31601.0
2025-01-22 17:26:00,109.89,109.97,109.83,109.84,45015.0
2025-01-22 17:28:00,109.84,110.01,109.79,109.84,57171.0
2025-01-22 17:30:00,109.83,109.99,109.79,109.98,44920.0
2025-01-22 17:32:00,109.9869,109.9869,109.83,109.855,42203.0
2025-01-22 17:34:00,109.84,109.97,109.84,109.93,29114.0
2025-01-22 17:36:00,109.915,109.99,109.88,109.98,61093.0
2025-01-22 17:38:00,109.99,110.0,109.86,109.95,40038.0
2025-01-22 17:40:00,109.97,109.99,109.855,109.885,26827.0
2025-01-22 17:42:00,109.88,109.9,109.575,109.59,81114.0
2025-01-22 17:44:00,109.58,109.58,109.41,109.54,95411.0
2025-01-22 17:46:00,109.535,109.66,109.53,109.53,34944.0
2025-01-22 17:48:00,109.525,109.65,109.51,109.54,39156.0
2025-01-22 17:50:00,109.55,109.675,109.54,109.65,36318.0
2025-01-22 17:52:00,109.65,109.65,109.25,109.315,216572.0
2025-01-22 17:54:00,109.315,109.5,109.315,109.445,182124.0
2025-01-22 17:56:00,109.45,109.46,109.29,109.33,63502.0
2025-01-22 17:58:00,109.3,109.3799,109.1,109.125,106128.0
2025-01-22 18:00:00,109.125,109.18,108.97,109.1437,109192.0
2025-01-22 18:02:00,109.13,109.22,108.96,109.02,130800.0
2025-01-22 18:04:00,109.03,109.19,108.98,109.17,91727.0
2025-01-22 18:06:00,109.17,109.4492,109.0,109.4492,177903.0
2025-01-22 18:08:00,109.44,109.69,109.36,109.645,81010.0
2025-01-22 18:10:00,109.65,109.8044,109.51,109.6,108868.0
2025-01-22 18:12:00,109.59,109.67,109.52,109.53,54928.0
2025-01-22 18:14:00,109.53,109.71,109.52,109.6598,50583.0
2025-01-22 18:16:00,109.66,109.71,109.61,109.6801,49805.0
2025-01-22 18:18:00,109.68,109.7399,109.57,109.615,58085.0
2025-01-22 18:20:00,109.62,109.725,109.59,109.605,41771.0
2025-01-22 18:22:00,109.605,109.8,109.55,109.7699,57529.0
2025-01-22 18:24:00,109.755,109.755,109.63,109.685,29608.0
2025-01-22 18:26:00,109.685,109.685,109.58,109.65,31103.0
2025-01-22 18:28:00,109.64,109.64,109.46,109.47,64755.0
2025-01-22 18:30:00,109.495,109.58,109.47,109.51,32817.0
2025-01-22 18:32:00,109.53,109.69,109.52,109.69,36386.0
2025-01-22 18:34:00,109.69,109.7714,109.66,109.6803,31654.0
2025-01-22 18:36:00,109.71,109.895,109.655,109.8803,29915.0
2025-01-22 18:38:00,109.885,109.93,109.8,109.83,59946.0
2025-01-22 18:40:00,109.81,109.93,109.8,109.917,26165.0
2025-01-22 18:42:00,109.92,109.93,109.8292,109.8801,34091.0
2025-01-22 18:44:00,109.88,109.9,109.85,109.87,22049.0
2025-01-22 18:46:00,109.867,109.89,109.7454,109.75,38182.0
2025-01-22 18:48:00,109.75,109.75,109.61,109.6472,78998.0
2025-01-22 18:50:00,109.63,109.85,109.63,109.7043,62681.0
2025-01-22 18:52:00,109.705,109.745,109.63,109.73,35317.0
2025-01-22 18:54:00,109.75,109.815,109.72,109.7339,39426.0
2025-01-22 18:56:00,109.72,109.76,109.65,109.75,28522.0
2025-01-22 18:58:00,109.76,109.8732,109.76,109.79,39035.0
2025-01-22 19:00:00,109.7704,109.84,109.69,109.69,25242.0
2025-01-22 19:02:00,109.7,109.75,109.67,109.71,28206.0
2025-01-22 19:04:00,109.71,109.8,109.69,109.6901,34594.0
2025-01-22 19:06:00,109.7,109.8,109.65,109.78,42516.0
2025-01-22 19:08:00,109.78,109.81,109.74,109.8,39329.0
2025-01-22 19:10:00,109.8,109.84,109.78,109.82,52559.0
2025-01-22 19:12:00,109.8299,109.97,109.82,109.8785,83474.0
2025-01-22 19:14:00,109.875,109.885,109.71,109.7276,25769.0
2025-01-22 19:16:00,109.72,109.79,109.68,109.77,33579.0
2025-01-22 19:18:00,109.78,109.83,109.7645,109.82,33948.0
2025-01-22 19:20:00,109.82,109.98,109.79,109.96,33508.0
2025-01-22 19:22:00,109.955,109.98,109.8401,109.85,42998.0
2025-01-22 19:24:00,109.85,109.85,109.6005,109.64,42328.0
2025-01-22 19:26:00,109.68,109.7099,109.66,109.66,29055.0
2025-01-22 19:28:00,109.6699,109.69,109.55,109.56,26059.0
2025-01-22 19:30:00,109.55,109.62,109.475,109.6165,39778.0
2025-01-22 19:32:00,109.605,109.67,109.58,109.6105,39039.0
2025-01-22 19:34:00,109.61,109.68,109.6002,109.66,35695.0
2025-01-22 19:36:00,109.65,109.72,109.5488,109.6171,58306.0
2025-01-22 19:38:00,109.61,109.67,109.585,109.635,21574.0
2025-01-22 19:40:00,109.635,109.635,109.39,109.42,67734.0
2025-01-22 19:42:00,109.42,109.54,109.39,109.511,39940.0
2025-01-22 19:44:00,109.525,109.63,109.45,109.625,32589.0
2025-01-22 19:46:00,109.645,109.6473,109.485,109.53,25442.0
2025-01-22 19:48:00,109.54,109.63,109.5,109.63,28746.0
2025-01-22 19:50:00,109.6233,109.7,109.615,109.6665,31697.0
2025-01-22 19:52:00,109.66,109.74,109.64,109.74,46387.0
2025-01-22 19:54:00,109.74,109.74,109.555,109.5895,29660.0
2025-01-22 19:56:00,109.56,109.63,109.52,109.63,23561.0
2025-01-22 19:58:00,109.63,109.66,109.59,109.6198,23311.0
2025-01-22 20:00:00,109.61,109.62,109.5338,109.56,25413.0
2025-01-22 20:02:00,109.56,109.61,109.44,109.44,66172.0
2025-01-22 20:04:00,109.44,109.52,109.41,109.44,29505.0
2025-01-22 20:06:00,109.4471,109.4476,109.315,109.41,42538.0
2025-01-22 20:08:00,109.41,109.44,109.365,109.38,29423.0
2025-01-22 20:10:00,109.375,109.441,109.34,109.35,39141.0
2025-01-22 20:12:00,109.3797,109.4,109.3,109.39,25507.0
2025-01-22 20:14:00,109.4,109.4999,109.3901,109.42,48180.0
2025-01-22 20:16:00,109.4192,109.42,109.19,109.2,50213.0
2025-01-22 20:18:00,109.2,109.305,109.2,109.24,46873.0
2025-01-22 20:20:00,109.23,109.25,109.14,109.25,45054.0
2025-01-22 20:22:00,109.25,109.3,109.18,109.28,50450.0
2025-01-22 20:24:00,109.28,109.41,109.28,109.3268,71625.0
2025-01-22 20:26:00,109.33,109.34,109.14,109.18,85943.0
2025-01-22 20:28:00,109.18,109.27,109.17,109.27,56655.0
2025-01-22 20:30:00,109.26,109.26,109.08,109.14,118937.0
2025-01-22 20:32:00,109.14,109.25,109.11,109.238,75791.0
2025-01-22 20:34:00,109.25,109.25,109.14,109.14,71903.0
2025-01-22 20:36:00,109.14,109.23,109.13,109.22,69613.0
2025-01-22 20:38:00,109.225,109.31,109.18,109.24,58434.0
2025-01-22 20:40:00,109.23,109.305,109.18,109.229,56913.0
2025-01-22 20:42:00,109.21,109.27,109.15,109.25,64105.0
2025-01-22 20:44:00,109.25,109.37,109.235,109.295,60129.0
2025-01-22 20:46:00,109.29,109.345,109.2495,109.28,97038.0
2025-01-22 20:48:00,109.27,109.33,109.1702,109.2,83625.0
2025-01-22 20:50:00,109.2,109.2,109.06,109.11,161678.0
2025-01-22 20:52:00,109.12,109.16,109.03,109.14,150581.0
2025-01-22 20:54:00,109.13,109.4,109.11,109.31,253680.0
2025-01-22 20:56:00,109.31,109.38,109.22,109.23,255078.0
2025-01-22 20:58:00,109.235,109.36,109.175,109.24,548917.0
2025-01-22 21:00:00,109.23,109.44,109.23,109.27,178362.0
2025-01-22 21:02:00,109.2,109.23,109.2,109.23,4384.0
2025-01-22 21:04:00,109.23,109.23,109.15,109.23,9528.0
2025-01-22 21:06:00,109.22,109.45,109.1501,109.1501,5245.0
2025-01-22 21:08:00,109.25,109.45,109.25,109.45,1198.0
2025-01-22 21:12:00,109.45,109.45,109.23,109.26,3077.0
2025-01-22 21:14:00,109.38,109.4,109.23,109.2401,3138.0
2025-01-22 21:18:00,109.2425,109.26,109.2425,109.26,326.0
2025-01-22 21:20:00,109.25,109.26,109.23,109.23,1812.0
2025-01-22 21:22:00,109.23,109.23,109.23,109.23,1101.0
2025-01-22 21:24:00,109.23,109.24,109.2001,109.2001,2037.0
2025-01-22 21:26:00,109.2378,109.2378,109.2378,109.2378,209.0
2025-01-22 21:28:00,109.16,109.185,109.0103,109.0103,2787.0
2025-01-22 21:30:00,109.11,109.2,109.11,109.2,2207.0
2025-01-22 21:32:00,109.2,109.21,109.2,109.21,396.0
2025-01-22 21:34:00,109.22,109.24,109.21,109.21,6538.0
2025-01-22 21:36:00,109.23,109.23,109.23,109.23,726.0
2025-01-22 21:38:00,109.103,109.1074,109.103,109.1074,459.0
2025-01-22 21:44:00,109.15,109.15,109.0007,109.0007,10292.0
2025-01-22 21:48:00,109.09,109.09,109.09,109.09,580.0
2025-01-22 21:50:00,109.09,109.11,109.09,109.09,744.0
2025-01-22 21:58:00,109.05,109.09,109.0315,109.09,1964.0
2025-01-22 22:00:00,109.03,109.03,109.03,109.03,513.0
2025-01-22 22:02:00,109.07,109.07,109.07,109.07,391.0
2025-01-22 22:06:00,109.04,109.133,109.0,109.0,7472.0
2025-01-22 22:08:00,108.94,108.94,108.94,108.94,531.0
2025-01-22 22:10:00,108.96,108.96,108.94,108.94,787.0
2025-01-22 22:12:00,108.96,108.96,108.96,108.96,261.0
2025-01-22 22:14:00,108.9499,108.9499,108.9499,108.9499,156.0
2025-01-22 22:16:00,108.92,108.92,108.78,108.87,6186.0
2025-01-22 22:18:00,108.8,108.8,108.71,108.71,3993.0
2025-01-22 22:20:00,108.7,108.7,108.6458,108.67,644.0
2025-01-22 22:22:00,108.6985,108.6985,108.68,108.68,306.0
2025-01-22 22:24:00,108.67,108.67,108.5137,108.66,1877.0
2025-01-22 22:26:00,108.64,108.71,108.64,108.71,2184.0
2025-01-22 22:28:00,108.7,108.7,108.6,108.6,2312.0
2025-01-22 22:30:00,108.5427,108.6,108.5427,108.6,1105.0
2025-01-22 22:32:00,108.6037,108.6037,108.6037,108.6037,181.0
2025-01-22 22:36:00,108.61,108.61,108.61,108.61,188.0
2025-01-22 22:38:00,108.65,108.65,108.65,108.65,2003.0
2025-01-22 22:40:00,108.68,108.75,108.68,108.75,404.0
2025-01-22 22:42:00,108.7499,108.7499,108.7499,108.7499,140.0
2025-01-22 22:46:00,108.75,108.75,108.75,108.75,262.0
2025-01-22 22:48:00,108.73,108.73,108.7,108.7,500.0
2025-01-22 22:50:00,108.68,108.68,108.68,108.68,794.0
2025-01-22 22:52:00,108.73,108.73,108.73,108.73,536.0
2025-01-22 22:54:00,108.51,108.53,107.49,107.5,55404.0
2025-01-22 22:56:00,108.38,108.38,108.2,108.38,1362.0
2025-01-22 22:58:00,108.15,108.2,107.26,107.26,26849.0
2025-01-22 23:00:00,107.3501,107.49,107.35,107.49,1878.0
2025-01-22 23:02:00,107.3,107.36,107.3,107.305,1772.0
2025-01-22 23:04:00,107.45,107.4999,107.4,107.45,1567.0
2025-01-22 23:06:00,107.44,107.63,107.0,107.01,14199.0
2025-01-22 23:08:00,106.63,107.0,106.6,106.85,6483.0
2025-01-22 23:10:00,106.65,107.0,106.65,106.9999,4917.0
2025-01-22 23:12:00,106.82,106.88,106.65,106.65,3704.0
2025-01-22 23:14:00,106.7,106.7,106.14,106.288,8010.0
2025-01-22 23:16:00,106.299,106.54,106.19,106.2,10528.0
2025-01-22 23:18:00,106.64,106.64,106.17,106.45,2813.0
2025-01-22 23:20:00,106.53,106.53,106.3072,106.44,3997.0
2025-01-22 23:22:00,106.59,106.59,105.69,105.69,16127.0
2025-01-22 23:24:00,105.9,106.0,105.78,105.99,8087.0
2025-01-22 23:26:00,105.8089,105.999,105.8,105.89,4535.0
2025-01-22 23:28:00,105.9,105.9,105.5201,105.78,20259.0
2025-01-22 23:30:00,105.794,105.9,105.79,105.9,5232.0
2025-01-22 23:32:00,105.9,105.9,105.8,105.85,13092.0
2025-01-22 23:34:00,105.85,105.9,105.85,105.8998,6813.0
2025-01-22 23:36:00,105.8975,105.9,105.85,105.89,4159.0
2025-01-22 23:38:00,105.8999,105.8999,105.7,105.8499,5832.0
2025-01-22 23:40:00,105.71,105.86,105.71,105.8,4210.0
2025-01-22 23:42:00,105.7516,105.8899,105.75,105.8,4163.0
2025-01-22 23:44:00,105.75,106.23,105.75,106.22,33330.0
2025-01-22 23:46:00,106.23,106.47,105.81,105.81,10951.0
2025-01-22 23:48:00,105.93,105.9391,105.7,105.81,5453.0
2025-01-22 23:50:00,105.9,105.95,105.85,105.85,3311.0
2025-01-22 23:52:00,105.91,105.95,105.91,105.92,3372.0
2025-01-22 23:54:00,106.28,106.4,106.28,106.39,5882.0
2025-01-22 23:56:00,106.3,106.3,106.15,106.15,3335.0
2025-01-22 23:58:00,106.05,106.23,106.05,106.23,795.0
2025-01-23 00:00:00,106.3,106.6,106.3,106.6,13523.0
2025-01-23 00:02:00,106.5,106.5,106.21,106.21,459.0
2025-01-23 00:04:00,106.45,106.48,106.45,106.48,511.0
2025-01-23 00:06:00,106.4,106.64,106.4,106.4201,5520.0
2025-01-23 00:08:00,106.5981,106.5981,106.5981,106.5981,386.0
2025-01-23 00:10:00,106.597,106.5992,106.5,106.5992,2690.0
2025-01-23 00:12:00,106.5,106.57,106.5,106.57,612.0
2025-01-23 00:14:00,106.45,106.6,106.45,106.6,1568.0
2025-01-23 00:16:00,106.6,106.6,106.48,106.48,1581.0
2025-01-23 00:18:00,106.4,106.4,106.2007,106.2007,1365.0
2025-01-23 00:20:00,106.2,106.2501,106.2,106.25,674.0
2025-01-23 00:22:00,106.21,106.21,106.21,106.21,251.0
2025-01-23 00:24:00,106.25,106.29,106.25,106.29,4158.0
2025-01-23 00:26:00,106.207,106.207,106.2,106.2,1134.0
2025-01-23 00:28:00,106.48,106.48,106.32,106.44,4480.0
2025-01-23 00:30:00,106.35,106.4662,106.35,106.4662,802.0
2025-01-23 00:32:00,106.4,106.4428,106.0,106.11,3037.0
2025-01-23 00:34:00,106.01,106.3892,105.9,105.95,9999.0
2025-01-23 00:36:00,106.0,106.0,105.9,105.9,9352.0
2025-01-23 00:38:00,106.0,106.0,105.85,105.9,5845.0
2025-01-23 00:40:00,105.9,105.9,105.8,105.8,2887.0
2025-01-23 00:42:00,105.76,105.76,105.64,105.75,14393.0
2025-01-23 00:44:00,105.7,105.7,105.61,105.7,2974.0
2025-01-23 00:46:00,105.7,105.9,105.7,105.9,8022.0
2025-01-23 00:48:00,105.899,106.33,105.899,106.33,4925.0
2025-01-23 00:50:00,106.0,106.0,105.75,105.75,21287.0
2025-01-23 00:52:00,105.7499,105.8,105.72,105.72,9586.0
2025-01-23 00:54:00,105.8,105.972,105.8,105.94,1170.0
2025-01-23 00:56:00,105.95,105.99,105.79,105.99,5570.0
2025-01-23 00:58:00,105.9,105.9025,105.8,105.8,2832.0
2025-01-23 09:00:00,105.72,106.0,105.72,105.76,4737.0
2025-01-23 09:02:00,105.61,105.61,105.23,105.49,4818.0
2025-01-23 09:04:00,105.49,105.84,105.49,105.84,2565.0
2025-01-23 09:06:00,105.67,105.79,105.67,105.79,1135.0
2025-01-23 09:08:00,105.68,105.68,105.66,105.66,842.0
2025-01-23 09:10:00,105.42,105.42,105.42,105.42,352.0
2025-01-23 09:12:00,105.42,105.43,105.42,105.43,477.0
2025-01-23 09:14:00,105.42,105.42,105.21,105.24,7480.0
2025-01-23 09:16:00,105.24,105.25,105.09,105.11,9893.0
2025-01-23 09:18:00,105.19,105.19,105.19,105.19,355.0
2025-01-23 09:20:00,105.16,105.18,105.12,105.18,2137.0
2025-01-23 09:22:00,105.19,105.49,105.19,105.49,3126.0
2025-01-23 09:24:00,105.48,105.5,105.48,105.5,1181.0
2025-01-23 09:28:00,105.31,105.31,105.28,105.28,1684.0
2025-01-23 09:30:00,105.33,105.33,105.32,105.32,646.0
2025-01-23 09:32:00,105.28,105.28,105.28,105.28,796.0
2025-01-23 09:34:00,105.31,105.33,105.31,105.32,1207.0
2025-01-23 09:36:00,105.28,105.32,105.17,105.17,2121.0
2025-01-23 09:40:00,105.3,105.3,105.21,105.21,1288.0
2025-01-23 09:42:00,105.37,105.37,105.36,105.36,626.0
2025-01-23 09:48:00,105.31,105.32,105.31,105.32,509.0
2025-01-23 09:52:00,105.31,105.31,105.27,105.27,320.0
2025-01-23 09:54:00,105.29,105.29,105.28,105.28,1560.0
2025-01-23 09:56:00,105.34,105.34,105.34,105.34,535.0
2025-01-23 09:58:00,105.29,105.29,105.29,105.29,210.0
2025-01-23 10:10:00,105.28,105.29,105.25,105.29,1470.0
2025-01-23 10:12:00,105.32,105.32,105.32,105.32,400.0
2025-01-23 10:14:00,105.32,105.32,105.32,105.32,330.0
2025-01-23 10:16:00,105.37,105.37,105.37,105.37,330.0
2025-01-23 10:20:00,105.48,105.49,105.47,105.48,1124.0
2025-01-23 10:22:00,105.47,105.47,105.47,105.47,140.0
2025-01-23 10:26:00,105.47,105.48,105.47,105.48,490.0
2025-01-23 10:28:00,105.46,105.6,105.46,105.57,7247.0
2025-01-23 10:30:00,105.64,105.64,105.6,105.6,1989.0
2025-01-23 10:32:00,105.65,105.79,105.65,105.71,929.0
2025-01-23 10:34:00,105.68,105.68,105.66,105.66,780.0
2025-01-23 10:46:00,105.55,105.55,105.4,105.4,3741.0
2025-01-23 10:48:00,105.41,105.41,105.41,105.41,215.0
2025-01-23 10:50:00,105.52,105.52,105.52,105.52,108.0
2025-01-23 10:58:00,105.41,105.41,105.4,105.4,634.0
2025-01-23 11:02:00,105.31,105.31,105.28,105.28,1287.0
2025-01-23 11:10:00,105.3,105.3,105.3,105.3,109.0
2025-01-23 11:14:00,105.4,105.4,105.4,105.4,579.0
2025-01-23 11:28:00,105.33,105.33,105.32,105.32,379.0
2025-01-23 11:30:00,105.32,105.38,105.11,105.33,13729.0
2025-01-23 11:32:00,105.17,105.17,105.15,105.15,1233.0
2025-01-23 11:34:00,105.31,105.31,105.31,105.31,586.0
2025-01-23 11:48:00,105.38,105.4,105.37,105.4,1520.0
2025-01-23 11:52:00,105.43,105.43,105.43,105.43,242.0
2025-01-23 11:54:00,105.38,105.38,105.31,105.31,371.0
2025-01-23 11:56:00,105.42,105.42,105.39,105.39,1240.0
2025-01-23 11:58:00,105.35,105.38,105.35,105.38,843.0
2025-01-23 12:00:00,105.39,105.45,105.32,105.39,2671.0
2025-01-23 12:02:00,105.38,105.38,105.3,105.34,2298.0
2025-01-23 12:04:00,105.28,105.28,105.28,105.28,297.0
2025-01-23 12:06:00,105.32,105.32,105.27,105.27,1040.0
2025-01-23 12:08:00,105.26,105.26,105.25,105.25,1898.0
2025-01-23 12:10:00,105.24,105.25,105.19,105.25,3032.0
2025-01-23 12:12:00,105.29,105.31,105.29,105.31,1063.0
2025-01-23 12:14:00,105.3,105.5,105.3,105.5,8140.0
2025-01-23 12:18:00,105.44,105.53,105.4,105.4,3610.0
2025-01-23 12:20:00,105.52,105.62,105.44,105.62,1794.0
2025-01-23 12:22:00,105.47,105.6,105.47,105.6,2060.0
2025-01-23 12:24:00,105.6,105.64,105.6,105.63,1936.0
2025-01-23 12:26:00,105.77,105.84,105.77,105.8,2479.0
2025-01-23 12:28:00,105.85,105.99,105.8,105.99,7434.0
2025-01-23 12:30:00,105.99,106.0,105.99,106.0,2291.0
2025-01-23 12:32:00,106.04,106.19,106.04,106.11,2083.0
2025-01-23 12:34:00,106.1,106.12,105.71,105.71,10776.0
2025-01-23 12:36:00,106.05,106.05,106.0,106.0,1821.0
2025-01-23 12:40:00,106.1,106.1,106.1,106.1,2042.0
2025-01-23 12:42:00,106.05,106.07,106.0,106.0,3338.0
2025-01-23 12:44:00,106.03,106.03,105.8,105.8,5084.0
2025-01-23 12:46:00,105.81,105.99,105.81,105.99,2560.0
2025-01-23 12:50:00,105.9,105.95,105.8,105.82,1291.0
2025-01-23 12:52:00,105.8,105.87,105.8,105.87,1014.0
2025-01-23 12:54:00,105.88,105.88,105.88,105.88,123.0
2025-01-23 12:56:00,105.75,105.75,105.75,105.75,305.0
2025-01-23 12:58:00,105.71,105.71,105.7,105.7,596.0
2025-01-23 13:00:00,105.27,106.8,105.2025,105.75,47409.0
2025-01-23 13:02:00,105.8,105.82,105.76,105.79,14237.0
2025-01-23 13:04:00,105.79,105.8,105.75,105.79,1977.0
2025-01-23 13:06:00,105.7865,105.7865,105.7865,105.7865,1027.0
2025-01-23 13:08:00,105.7491,105.7498,105.67,105.7498,3163.0
2025-01-23 13:10:00,105.6,105.75,105.6,105.75,3228.0
2025-01-23 13:12:00,105.68,105.7,105.68,105.69,957.0
2025-01-23 13:14:00,105.69,105.74,105.69,105.74,912.0
2025-01-23 13:16:00,105.7,105.79,105.7,105.79,1323.0
2025-01-23 13:18:00,105.73,105.84,105.73,105.79,5230.0
2025-01-23 13:20:00,105.8485,105.8495,105.73,105.73,3255.0
2025-01-23 13:22:00,105.731,105.74,105.7,105.7,6689.0
2025-01-23 13:24:00,105.78,105.79,105.4,105.5673,12078.0
2025-01-23 13:26:00,105.45,105.78,105.45,105.65,1727.0
2025-01-23 13:28:00,105.57,105.57,105.57,105.57,142.0
2025-01-23 13:30:00,105.64,105.7,105.46,105.64,8148.0
2025-01-23 13:32:00,105.65,105.7992,105.41,105.52,10711.0
2025-01-23 13:34:00,105.41,105.52,105.41,105.41,4865.0
2025-01-23 13:36:00,105.46,105.5,105.41,105.41,8765.0
2025-01-23 13:38:00,105.42,105.45,105.4,105.4,5728.0
2025-01-23 13:40:00,105.42,105.48,105.41,105.48,4023.0
2025-01-23 13:42:00,105.47,105.48,105.43,105.48,3133.0
2025-01-23 13:44:00,105.45,105.5,105.4116,105.424,3496.0
2025-01-23 13:46:00,105.429,105.5,105.42,105.499,3445.0
2025-01-23 13:48:00,105.47,105.47,105.47,105.47,678.0
2025-01-23 13:50:00,105.41,105.45,105.37,105.44,7206.0
2025-01-23 13:52:00,105.46,105.5,105.46,105.5,3280.0
2025-01-23 13:54:00,105.48,105.5,105.45,105.4982,4819.0
2025-01-23 13:56:00,105.5,105.5,105.44,105.46,3192.0
2025-01-23 13:58:00,105.5,105.5,105.47,105.49,1695.0
2025-01-23 14:00:00,105.5,105.5,105.48,105.48,5338.0
2025-01-23 14:02:00,105.45,105.45,105.45,105.45,1245.0
2025-01-23 14:04:00,105.4,105.4,105.37,105.37,4296.0
2025-01-23 14:06:00,105.4663,105.4663,105.4,105.4,339.0
2025-01-23 14:08:00,105.37,105.49,105.37,105.4,11585.0
2025-01-23 14:10:00,105.41,105.41,104.9,104.9,96113.0
2025-01-23 14:12:00,105.0,105.0,104.78,104.87,41461.0
2025-01-23 14:14:00,104.84,104.9999,104.55,104.74,11292.0
2025-01-23 14:16:00,104.8122,104.842,104.622,104.842,7501.0
2025-01-23 14:18:00,104.7027,104.806,104.65,104.7,8563.0
2025-01-23 14:20:00,104.7399,104.7399,104.53,104.53,23150.0
2025-01-23 14:22:00,104.58,104.58,104.25,104.28,23106.0
2025-01-23 14:24:00,104.27,104.79,104.13,104.6,11959.0
2025-01-23 14:26:00,104.6,104.74,104.3,104.71,7728.0
2025-01-23 14:28:00,104.5,104.75,104.5,104.75,8236.0
2025-01-23 14:30:00,104.79,105.76,104.37,104.37,926517.0
2025-01-23 14:32:00,104.395,104.945,104.22,104.8335,304119.0
2025-01-23 14:34:00,104.77,105.21,104.7,105.04,232537.0
2025-01-23 14:36:00,105.0714,105.22,104.76,104.84,272342.0
2025-01-23 14:38:00,104.84,105.2399,104.51,104.8,275397.0
2025-01-23 14:40:00,104.8,105.04,104.55,104.63,217142.0
2025-01-23 14:42:00,104.61,105.04,104.315,105.02,344478.0
2025-01-23 14:44:00,105.034,105.37,104.85,105.245,193344.0
2025-01-23 14:46:00,105.2774,105.3699,104.84,104.94,169019.0
2025-01-23 14:48:00,104.94,105.07,104.74,104.985,130974.0
2025-01-23 14:50:00,104.99,105.04,104.78,104.935,175712.0
2025-01-23 14:52:00,104.93,104.93,104.68,104.78,110377.0
2025-01-23 14:54:00,104.77,105.18,104.7604,105.0503,199815.0
2025-01-23 14:56:00,105.06,105.1,104.77,105.09,104953.0
2025-01-23 14:58:00,105.065,105.065,104.89,105.01,63235.0
2025-01-23 15:00:00,105.03,105.0352,104.54,104.56,143694.0
2025-01-23 15:02:00,104.55,104.6357,104.3201,104.3807,198405.0
2025-01-23 15:04:00,104.385,104.5299,104.06,104.1,209652.0
2025-01-23 15:06:00,104.11,104.29,104.04,104.09,247643.0
2025-01-23 15:08:00,104.09,104.24,104.0602,104.19,135855.0
2025-01-23 15:10:00,104.182,104.4195,104.105,104.28,153564.0
2025-01-23 15:12:00,104.2736,104.44,104.25,104.26,137654.0
2025-01-23 15:14:00,104.27,104.43,104.16,104.265,131253.0
2025-01-23 15:16:00,104.26,104.36,103.96,103.98,240516.0
2025-01-23 15:18:00,103.97,104.1504,103.97,104.04,114466.0
2025-01-23 15:20:00,104.03,104.13,103.95,103.9997,155046.0
2025-01-23 15:22:00,103.98,104.05,103.86,104.05,173903.0
2025-01-23 15:24:00,104.045,104.1199,103.81,103.95,176330.0
2025-01-23 15:26:00,103.95,103.96,103.605,103.62,234366.0
2025-01-23 15:28:00,103.6132,103.64,103.3501,103.45,263214.0
2025-01-23 15:30:00,103.46,103.91,103.45,103.727,231334.0
2025-01-23 15:32:00,103.73,103.84,103.66,103.725,178136.0
2025-01-23 15:34:00,103.72,103.99,103.7,103.9,118941.0
2025-01-23 15:36:00,103.9,104.55,103.89,104.46,293207.0
2025-01-23 15:38:00,104.47,104.5,104.33,104.445,161397.0
2025-01-23 15:40:00,104.45,104.48,104.23,104.23,129914.0
2025-01-23 15:42:00,104.2259,104.48,104.16,104.3101,85811.0
2025-01-23 15:44:00,104.329,104.5001,104.31,104.47,110661.0
2025-01-23 15:46:00,104.48,104.48,104.19,104.455,89129.0
2025-01-23 15:48:00,104.445,104.755,104.43,104.71,194919.0
2025-01-23 15:50:00,104.72,104.72,104.435,104.65,86735.0
2025-01-23 15:52:00,104.645,104.835,104.615,104.8032,87844.0
2025-01-23 15:54:00,104.81,105.0722,104.8,105.07,210255.0
2025-01-23 15:56:00,105.07,105.25,105.0,105.155,143627.0
2025-01-23 15:58:00,105.15,105.286,105.1,105.25,161144.0
2025-01-23 16:00:00,105.25,105.27,105.05,105.225,115405.0
2025-01-23 16:02:00,105.23,105.52,105.18,105.37,190464.0
2025-01-23 16:04:00,105.37,105.5,105.37,105.41,110368.0
2025-01-23 16:06:00,105.375,105.62,105.36,105.445,108096.0
2025-01-23 16:08:00,105.445,105.5853,105.44,105.44,127773.0
2025-01-23 16:10:00,105.45,105.54,105.21,105.3243,167349.0
2025-01-23 16:12:00,105.33,105.34,104.69,104.82,316506.0
2025-01-23 16:14:00,104.83,104.9999,104.77,104.8158,115247.0
2025-01-23 16:16:00,104.8158,104.8158,104.55,104.6232,102036.0
2025-01-23 16:18:00,104.61,104.789,104.574,104.78,62087.0
2025-01-23 16:20:00,104.82,104.92,104.72,104.805,85315.0
2025-01-23 16:22:00,104.805,105.0,104.76,104.96,74103.0
2025-01-23 16:24:00,104.9678,105.0336,104.66,104.76,88290.0
2025-01-23 16:26:00,104.77,104.87,104.64,104.64,47657.0
2025-01-23 16:28:00,104.64,104.9,104.6302,104.875,55165.0
2025-01-23 16:30:00,104.87,105.19,104.87,105.12,94982.0
2025-01-23 16:32:00,105.105,105.196,104.99,105.015,59158.0
2025-01-23 16:34:00,104.99,105.06,104.87,104.87,44030.0
2025-01-23 16:36:00,104.8905,104.8905,104.62,104.6527,71687.0
2025-01-23 16:38:00,104.6,104.78,104.53,104.71,93648.0
2025-01-23 16:40:00,104.7095,104.9,104.6893,104.7199,85059.0
2025-01-23 16:42:00,104.71,104.72,104.6,104.6503,58105.0
2025-01-23 16:44:00,104.66,104.81,104.53,104.8067,81257.0
2025-01-23 16:46:00,104.755,104.86,104.59,104.84,85109.0
2025-01-23 16:48:00,104.835,105.2164,104.81,105.15,91200.0
2025-01-23 16:50:00,105.145,105.2,104.8501,104.87,64520.0
2025-01-23 16:52:00,104.8861,104.99,104.82,104.94,41583.0
2025-01-23 16:54:00,104.935,105.29,104.91,105.19,77558.0
2025-01-23 16:56:00,105.195,105.23,104.94,105.045,55134.0
2025-01-23 16:58:00,105.0142,105.05,104.9103,105.01,35590.0
2025-01-23 17:00:00,104.97,104.97,104.86,104.9,41488.0
2025-01-23 17:02:00,104.9,105.09,104.9,105.02,46262.0
2025-01-23 17:04:00,105.02,105.05,104.97,105.02,40206.0
2025-01-23 17:06:00,105.025,105.14,105.0006,105.1242,72992.0
2025-01-23 17:08:00,105.125,105.215,105.1,105.15,57603.0
2025-01-23 17:10:00,105.14,105.14,105.0,105.08,42951.0
2025-01-23 17:12:00,105.09,105.17,105.08,105.15,24029.0
2025-01-23 17:14:00,105.16,105.24,105.15,105.15,42417.0
2025-01-23 17:16:00,105.15,105.37,105.095,105.37,55688.0
2025-01-23 17:18:00,105.36,105.48,105.32,105.47,42031.0
2025-01-23 17:20:00,105.47,105.54,105.3,105.3143,67842.0
2025-01-23 17:22:00,105.315,105.44,105.3001,105.3278,30297.0
2025-01-23 17:24:00,105.33,105.35,105.24,105.3,26363.0
2025-01-23 17:26:00,105.285,105.32,105.24,105.2601,27783.0
2025-01-23 17:28:00,105.25,105.42,105.25,105.3784,38364.0
2025-01-23 17:30:00,105.38,105.43,105.23,105.28,31223.0
2025-01-23 17:32:00,105.2805,105.3,105.16,105.2543,35087.0
2025-01-23 17:34:00,105.26,105.28,105.17,105.27,40119.0
2025-01-23 17:36:00,105.265,105.275,105.12,105.135,32207.0
2025-01-23 17:38:00,105.13,105.3,105.0501,105.27,49104.0
2025-01-23 17:40:00,105.26,105.39,105.26,105.33,37470.0
2025-01-23 17:42:00,105.33,105.4,105.23,105.295,75006.0
2025-01-23 17:44:00,105.3,105.3,105.2001,105.295,50285.0
2025-01-23 17:46:00,105.29,105.3,105.19,105.24,42654.0
2025-01-23 17:48:00,105.23,105.24,105.095,105.1,28951.0
2025-01-23 17:50:00,105.095,105.22,105.09,105.21,45292.0
2025-01-23 17:52:00,105.2,105.28,105.13,105.14,221543.0
2025-01-23 17:54:00,105.15,105.25,105.115,105.24,72532.0
2025-01-23 17:56:00,105.24,105.56,105.21,105.5265,86882.0
2025-01-23 17:58:00,105.54,105.61,105.49,105.59,69111.0
2025-01-23 18:00:00,105.59,105.72,105.545,105.72,53737.0
2025-01-23 18:02:00,105.7114,105.75,105.64,105.7174,92883.0
2025-01-23 18:04:00,105.72,105.86,105.72,105.8499,57579.0
2025-01-23 18:06:00,105.85,105.85,105.55,105.575,78542.0
2025-01-23 18:08:00,105.598,105.61,105.46,105.4799,32585.0
2025-01-23 18:10:00,105.45,105.6157,105.42,105.565,61609.0
2025-01-23 18:12:00,105.58,105.715,105.5716,105.69,44124.0
2025-01-23 18:14:00,105.685,105.85,105.67,105.83,51565.0
2025-01-23 18:16:00,105.84,105.89,105.79,105.88,66322.0
2025-01-23 18:18:00,105.8795,105.94,105.8004,105.92,44335.0
2025-01-23 18:20:00,105.93,106.09,105.91,106.04,78613.0
2025-01-23 18:22:00,106.05,106.18,106.01,106.012,91902.0
2025-01-23 18:24:00,106.015,106.06,105.94,106.0,64127.0
2025-01-23 18:26:00,105.98,106.13,105.94,106.105,71299.0
2025-01-23 18:28:00,106.105,106.1497,105.985,105.99,44061.0
2025-01-23 18:30:00,105.99,106.02,105.9,105.95,60066.0
2025-01-23 18:32:00,105.94,106.076,105.92,106.03,60597.0
2025-01-23 18:34:00,106.035,106.11,105.98,106.025,41514.0
2025-01-23 18:36:00,106.025,106.04,105.95,106.0,41215.0
2025-01-23 18:38:00,106.0095,106.13,105.94,106.1199,31702.0
2025-01-23 18:40:00,106.0901,106.0901,105.83,105.895,52453.0
2025-01-23 18:42:00,105.9274,105.93,105.7858,105.82,43416.0
2025-01-23 18:44:00,105.82,105.91,105.805,105.91,31297.0
2025-01-23 18:46:00,105.91,105.94,105.82,105.83,19459.0
2025-01-23 18:48:00,105.82,105.82,105.72,105.77,35542.0
2025-01-23 18:50:00,105.765,105.85,105.735,105.8399,35686.0
2025-01-23 18:52:00,105.82,105.8448,105.735,105.735,23814.0
2025-01-23 18:54:00,105.73,105.805,105.7,105.7796,38767.0
2025-01-23 18:56:00,105.7501,105.9,105.71,105.84,39812.0
2025-01-23 18:58:00,105.85,105.87,105.765,105.86,23305.0
2025-01-23 19:00:00,105.83,105.9,105.71,105.71,31421.0
2025-01-23 19:02:00,105.71,105.7193,105.6,105.6143,42901.0
2025-01-23 19:04:00,105.62,105.68,105.51,105.53,53280.0
2025-01-23 19:06:00,105.525,105.545,105.4402,105.4988,77831.0
2025-01-23 19:08:00,105.49,105.495,105.34,105.3767,60773.0
2025-01-23 19:10:00,105.3799,105.3799,105.07,105.1,153034.0
2025-01-23 19:12:00,105.09,105.1205,105.01,105.06,57889.0
2025-01-23 19:14:00,105.07,105.14,105.01,105.11,60055.0
2025-01-23 19:16:00,105.1,105.1,105.02,105.03,59430.0
2025-01-23 19:18:00,105.05,105.06,104.93,104.955,79960.0
2025-01-23 19:20:00,104.955,105.03,104.91,104.92,136711.0
2025-01-23 19:22:00,104.91,104.97,104.82,104.91,179754.0
2025-01-23 19:24:00,104.9,105.02,104.855,104.97,106062.0
2025-01-23 19:26:00,104.97,105.09,104.96,105.075,51645.0
2025-01-23 19:28:00,105.08,105.0899,104.93,104.97,50989.0
2025-01-23 19:30:00,104.975,105.1,104.975,105.08,29510.0
2025-01-23 19:32:00,105.06,105.1,104.88,104.91,82096.0
2025-01-23 19:34:00,104.91,105.0,104.85,104.975,61363.0
2025-01-23 19:36:00,104.98,104.99,104.7801,104.86,61734.0
2025-01-23 19:38:00,104.86,104.89,104.71,104.79,50946.0
2025-01-23 19:40:00,104.79,104.85,104.76,104.81,44799.0
2025-01-23 19:42:00,104.825,104.83,104.65,104.71,50522.0
2025-01-23 19:44:00,104.71,104.72,104.6,104.68,54281.0
2025-01-23 19:46:00,104.69,104.71,104.54,104.5499,57080.0
2025-01-23 19:48:00,104.54,104.619,104.51,104.5148,74765.0
2025-01-23 19:50:00,104.52,104.52,104.41,104.4299,117025.0
2025-01-23 19:52:00,104.42,104.545,104.365,104.4501,87446.0
2025-01-23 19:54:00,104.455,104.551,104.4148,104.53,52324.0
2025-01-23 19:56:00,104.52,104.52,104.45,104.51,46749.0
2025-01-23 19:58:00,104.515,104.515,104.38,104.38,60595.0
2025-01-23 20:00:00,104.365,104.5,104.32,104.5,90275.0
2025-01-23 20:02:00,104.49,104.61,104.48,104.56,69031.0
2025-01-23 20:04:00,104.55,104.55,104.425,104.4527,63454.0
2025-01-23 20:06:00,104.45,104.4505,104.35,104.39,76722.0
2025-01-23 20:08:00,104.3895,104.4997,104.365,104.465,67217.0
2025-01-23 20:10:00,104.47,104.49,104.36,104.45,81933.0
2025-01-23 20:12:00,104.45,104.6599,104.45,104.6252,55361.0
2025-01-23 20:14:00,104.625,104.775,104.625,104.7705,63909.0
2025-01-23 20:16:00,104.77,104.86,104.65,104.72,89004.0
2025-01-23 20:18:00,104.69,104.69,104.54,104.59,96669.0
2025-01-23 20:20:00,104.6,104.74,104.59,104.685,66076.0
2025-01-23 20:22:00,104.7,104.7,104.55,104.56,74884.0
2025-01-23 20:24:00,104.5693,104.64,104.5201,104.5201,75336.0
2025-01-23 20:26:00,104.53,104.53,104.34,104.39,79695.0
2025-01-23 20:28:00,104.385,104.45,104.34,104.42,96324.0
2025-01-23 20:30:00,104.42,104.4299,104.3101,104.32,80121.0
2025-01-23 20:32:00,104.33,104.46,104.28,104.41,101496.0
2025-01-23 20:34:00,104.41,104.58,104.38,104.54,100758.0
2025-01-23 20:36:00,104.53,104.79,104.52,104.775,87552.0
2025-01-23 20:38:00,104.77,104.785,104.67,104.72,73129.0
2025-01-23 20:40:00,104.715,104.715,104.535,104.535,69466.0
2025-01-23 20:42:00,104.535,104.565,104.4906,104.5448,74497.0
2025-01-23 20:44:00,104.55,104.6,104.475,104.5,84940.0
2025-01-23 20:46:00,104.5,104.545,104.35,104.45,117964.0
2025-01-23 20:48:00,104.45,104.4699,104.305,104.32,97818.0
2025-01-23 20:50:00,104.32,104.52,104.31,104.48,222263.0
2025-01-23 20:52:00,104.47,104.66,104.47,104.63,175081.0
2025-01-23 20:54:00,104.65,104.92,104.65,104.915,257633.0
2025-01-23 20:56:00,104.915,104.9286,104.73,104.765,352476.0
2025-01-23 20:58:00,104.7601,104.87,104.76,104.85,559008.0
2025-01-23 21:00:00,104.84,104.85,104.7,104.7,71962.0
2025-01-23 21:02:00,104.7,104.77,104.5766,104.5766,6729.0
2025-01-23 21:04:00,104.7646,104.77,104.7646,104.77,11245.0
2025-01-23 21:06:00,104.7658,104.84,104.56,104.6,16326.0
2025-01-23 21:08:00,104.6,104.6,104.5,104.5,633.0
2025-01-23 21:10:00,104.58,104.7,104.5009,104.5009,1121.0
2025-01-23 21:12:00,104.56,104.64,104.56,104.64,427.0
2025-01-23 21:14:00,104.63,104.64,104.55,104.58,4200.0
2025-01-23 21:18:00,104.56,104.56,104.56,104.56,559.0
2025-01-23 21:20:00,104.551,104.61,104.55,104.56,2127.0
2025-01-23 21:22:00,104.55,104.6494,104.55,104.6,2215.0
2025-01-23 21:24:00,104.63,104.65,104.63,104.65,2466.0
2025-01-23 21:26:00,104.7283,104.7283,104.66,104.66,451.0
2025-01-23 21:28:00,104.6511,104.6511,104.6511,104.6511,335.0
2025-01-23 21:30:00,104.65,104.73,104.65,104.72,1266.0
2025-01-23 21:32:00,104.55,104.72,104.55,104.72,3863.0
2025-01-23 21:36:00,104.7358,104.7358,104.63,104.63,1127.0
2025-01-23 21:40:00,104.6522,104.6522,104.6522,104.6522,205.0
2025-01-23 21:42:00,104.74,104.74,104.74,104.74,124.0
2025-01-23 21:44:00,104.74,104.75,104.73,104.73,812.0
2025-01-23 21:46:00,104.75,104.75,104.75,104.75,605.0
2025-01-23 21:48:00,104.75,104.79,104.75,104.79,1510.0
2025-01-23 21:54:00,104.75,104.84,104.75,104.84,657.0
2025-01-23 21:56:00,104.75,104.84,104.7375,104.7375,5126.0
2025-01-23 21:58:00,104.84,104.84,104.84,104.84,9406.0
2025-01-23 22:00:00,104.74,104.74,104.71,104.71,2962.0
2025-01-23 22:04:00,104.7,104.7,104.7,104.7,122.0
2025-01-23 22:06:00,104.74,104.78,104.74,104.78,1431.0
2025-01-23 22:08:00,104.8,104.8,104.77,104.77,4285.0
2025-01-23 22:12:00,104.79,104.79,104.7882,104.7882,1102.0
2025-01-23 22:14:00,104.76,104.7899,104.76,104.7899,399.0
2025-01-23 22:16:00,104.789,104.789,104.75,104.75,656.0
2025-01-23 22:18:00,104.77,104.77,104.73,104.73,861.0
2025-01-23 22:24:00,104.78,104.78,104.78,104.78,378.0
2025-01-23 22:26:00,104.78,104.78,104.78,104.78,418.0
2025-01-23 22:28:00,104.78,104.78,104.75,104.78,1063.0
2025-01-23 22:30:00,104.72,104.72,104.72,104.72,1173.0
2025-01-23 22:32:00,104.65,104.65,104.65,104.65,364.0
2025-01-23 22:34:00,104.7,104.71,104.7,104.71,367.0
2025-01-23 22:36:00,104.7,104.7,104.69,104.69,641.0
2025-01-23 22:40:00,104.7086,104.7086,104.7082,104.7082,400.0
2025-01-23 22:42:00,104.71,104.71,104.71,104.71,300.0
2025-01-23 22:44:00,104.71,104.71,104.71,104.71,130.0
2025-01-23 22:46:00,104.7,104.7,104.68,104.68,3052.0
2025-01-23 22:48:00,104.7,104.7,104.67,104.67,667.0
2025-01-23 22:50:00,104.6699,104.6699,104.6675,104.6675,451.0
2025-01-23 22:54:00,104.6773,104.6773,104.6773,104.6773,391.0
2025-01-23 22:58:00,104.68,104.68,104.62,104.62,443.0
2025-01-23 23:02:00,104.6013,104.6013,104.6,104.6,2459.0
2025-01-23 23:06:00,104.58,104.58,104.57,104.57,231.0
2025-01-23 23:10:00,104.6175,104.6175,104.5093,104.5093,352.0
2025-01-23 23:12:00,104.55,104.55,104.55,104.55,715.0
2025-01-23 23:14:00,104.55,104.55,104.55,104.55,601.0
2025-01-23 23:18:00,104.55,104.55,104.55,104.55,1011.0
2025-01-23 23:20:00,104.55,104.55,104.5494,104.55,1276.0
2025-01-23 23:22:00,104.55,104.55,104.55,104.55,220.0
2025-01-23 23:24:00,104.5491,104.55,104.54,104.55,1376.0
2025-01-23 23:26:00,104.5001,104.5001,104.5001,104.5001,1036.0
2025-01-23 23:30:00,104.55,104.55,104.55,104.55,1231.0
2025-01-23 23:38:00,104.5783,104.58,104.5783,104.58,599.0
2025-01-23 23:40:00,104.6,104.62,104.5285,104.62,740.0
2025-01-23 23:44:00,104.56,104.68,104.56,104.68,262.0
2025-01-23 23:46:00,104.56,104.56,104.55,104.55,1052.0
2025-01-23 23:48:00,104.67,104.67,104.67,104.67,195.0
2025-01-23 23:52:00,104.61,104.62,104.61,104.62,395.0
2025-01-23 23:58:00,104.56,104.56,104.55,104.55,1002.0
2025-01-24 00:00:00,104.599,104.599,104.599,104.599,577.0
2025-01-24 00:02:00,104.6,104.6,104.55,104.55,297.0
2025-01-24 00:10:00,104.53,104.59,104.52,104.59,1438.0
2025-01-24 00:14:00,104.59,104.59,104.59,104.59,220.0
2025-01-24 00:16:00,104.6,104.62,104.6,104.62,1125.0
2025-01-24 00:18:00,104.68,104.68,104.68,104.68,279.0
2025-01-24 00:26:00,104.55,104.55,104.52,104.52,994.0
2025-01-24 00:30:00,104.55,104.85,104.51,104.85,6430.0
2025-01-24 00:32:00,104.85,104.86,104.81,104.8525,7451.0
2025-01-24 00:34:00,104.86,105.02,104.86,105.0,8999.0
2025-01-24 00:36:00,105.0,105.15,105.0,105.15,2326.0
2025-01-24 00:38:00,105.16,105.25,105.16,105.25,810.0
2025-01-24 00:40:00,105.23,105.23,105.2,105.2,2552.0
2025-01-24 00:42:00,105.2,105.23,105.2,105.23,1051.0
2025-01-24 00:44:00,105.2,105.228,105.2,105.2,1315.0
2025-01-24 00:46:00,105.2,105.39,105.2,105.39,4450.0
2025-01-24 00:48:00,105.3,105.3,105.2142,105.2142,210.0
2025-01-24 00:52:00,105.3,105.3,105.2025,105.25,724.0
2025-01-24 00:54:00,105.3,105.3,105.3,105.3,10795.0
2025-01-24 00:56:00,105.29,105.31,105.29,105.3,3044.0
2025-01-24 00:58:00,105.3,105.31,105.3,105.31,1134.0
2025-01-24 09:00:00,105.39,105.39,104.81,105.14,1965.0
2025-01-24 09:02:00,105.3,105.3,105.3,105.3,1260.0
2025-01-24 09:06:00,105.24,105.24,104.97,105.04,3997.0
2025-01-24 09:10:00,104.99,104.99,104.99,104.99,505.0
2025-01-24 09:12:00,104.94,105.0,104.94,105.0,1250.0
2025-01-24 09:14:00,104.99,105.0,104.99,105.0,706.0
2025-01-24 09:16:00,104.99,104.99,104.99,104.99,110.0
2025-01-24 09:18:00,105.0,105.0,105.0,105.0,732.0
2025-01-24 09:20:00,105.09,105.1,105.0,105.09,2880.0
2025-01-24 09:22:00,105.07,105.09,105.07,105.09,554.0
2025-01-24 09:26:00,104.99,104.99,104.99,104.99,105.0
2025-01-24 09:28:00,105.06,105.06,105.05,105.05,710.0
2025-01-24 09:30:00,105.08,105.09,105.08,105.09,229.0
2025-01-24 09:32:00,105.1,105.1,105.05,105.05,2135.0
2025-01-24 09:34:00,104.97,104.97,104.88,104.88,3322.0
2025-01-24 09:36:00,104.86,104.86,104.86,104.86,388.0
2025-01-24 09:40:00,104.88,104.93,104.88,104.93,886.0
2025-01-24 09:42:00,104.93,105.0,104.93,104.99,2965.0
2025-01-24 09:44:00,105.02,105.05,105.01,105.05,633.0
2025-01-24 09:48:00,105.02,105.02,105.0,105.01,2713.0
2025-01-24 09:50:00,105.0,105.02,104.99,105.0,2885.0
2025-01-24 09:52:00,105.09,105.09,105.09,105.09,275.0
2025-01-24 09:56:00,105.02,105.02,105.0,105.0,879.0
2025-01-24 09:58:00,105.06,105.1,105.06,105.1,2429.0
2025-01-24 10:02:00,105.05,105.05,105.05,105.05,501.0
2025-01-24 10:12:00,105.01,105.01,105.0,105.0,1988.0
2025-01-24 10:18:00,105.0,105.0,105.0,105.0,492.0
2025-01-24 10:22:00,105.07,105.07,105.07,105.07,272.0
2025-01-24 10:24:00,105.03,105.03,104.99,105.0,3531.0
2025-01-24 10:26:00,105.0,105.0,105.0,105.0,794.0
2025-01-24 10:28:00,105.0,105.0,105.0,105.0,1183.0
2025-01-24 10:30:00,105.0,105.0,105.0,105.0,400.0
2025-01-24 10:40:00,105.0,105.0,105.0,105.0,203.0
2025-01-24 10:44:00,104.96,104.96,104.96,104.96,389.0
2025-01-24 10:50:00,104.96,104.96,104.95,104.95,535.0
2025-01-24 10:52:00,104.97,104.97,104.97,104.97,145.0
2025-01-24 10:54:00,105.06,105.07,105.06,105.07,734.0
2025-01-24 11:02:00,105.06,105.07,105.06,105.07,458.0
2025-01-24 11:04:00,105.07,105.07,105.07,105.07,440.0
2025-01-24 11:06:00,105.05,105.05,105.05,105.05,340.0
2025-01-24 11:12:00,105.01,105.01,105.01,105.01,217.0
2025-01-24 11:16:00,104.99,104.99,104.99,104.99,101.0
2025-01-24 11:18:00,104.97,104.97,104.94,104.94,1691.0
2025-01-24 11:22:00,104.93,104.93,104.81,104.81,1451.0
2025-01-24 11:24:00,104.79,104.79,104.79,104.79,387.0
2025-01-24 11:26:00,104.79,104.79,104.78,104.78,790.0
2025-01-24 11:28:00,104.77,104.79,104.68,104.68,1732.0
2025-01-24 11:30:00,104.58,104.58,104.51,104.51,1395.0
2025-01-24 11:32:00,104.51,104.53,104.51,104.52,1305.0
2025-01-24 11:34:00,104.48,104.5,104.38,104.39,1484.0
2025-01-24 11:36:00,104.39,104.39,104.28,104.3,1442.0
2025-01-24 11:38:00,104.25,104.25,104.09,104.09,392.0
2025-01-24 11:40:00,104.2,104.2,104.1,104.1,2236.0
2025-01-24 11:42:00,104.06,104.12,104.05,104.12,2898.0
2025-01-24 11:44:00,104.06,104.1,104.06,104.1,553.0
2025-01-24 11:46:00,104.12,104.12,104.0,104.0,1646.0
2025-01-24 11:52:00,104.1,104.1,103.91,103.91,2310.0
2025-01-24 11:54:00,103.93,103.95,103.9,103.9,2745.0
2025-01-24 11:56:00,104.01,104.01,104.01,104.01,143.0
2025-01-24 11:58:00,104.0,104.0,103.91,103.92,4262.0
2025-01-24 12:00:00,104.03,104.25,104.03,104.25,1562.0
2025-01-24 12:02:00,104.22,104.23,104.09,104.19,1002.0
2025-01-24 12:04:00,104.15,104.2,104.14,104.19,5150.0
2025-01-24 12:08:00,104.3,104.3,104.16,104.19,2023.0
2025-01-24 12:10:00,104.2,104.2,104.2,104.2,1428.0
2025-01-24 12:12:00,104.2,104.2,104.19,104.19,850.0
2025-01-24 12:14:00,104.13,104.14,104.13,104.14,1620.0
2025-01-24 12:16:00,104.14,104.14,104.11,104.14,1400.0
2025-01-24 12:18:00,104.14,104.2,104.14,104.19,1040.0
2025-01-24 12:20:00,104.19,104.2,104.19,104.2,2426.0
2025-01-24 12:24:00,104.34,104.37,104.34,104.37,1132.0
2025-01-24 12:26:00,104.36,104.36,104.36,104.36,155.0
2025-01-24 12:30:00,104.36,104.36,104.36,104.36,380.0
2025-01-24 12:34:00,104.33,104.33,104.33,104.33,130.0
2025-01-24 12:36:00,104.35,104.35,104.3,104.32,1383.0
2025-01-24 12:40:00,104.27,104.32,104.27,104.31,674.0
2025-01-24 12:42:00,104.3,104.31,104.29,104.31,2541.0
2025-01-24 12:44:00,104.3,104.3,104.3,104.3,552.0
2025-01-24 12:48:00,104.3,104.32,104.3,104.32,1378.0
2025-01-24 12:52:00,104.3,104.3,104.3,104.3,406.0
2025-01-24 12:54:00,104.33,104.35,103.98,104.0,12685.0
2025-01-24 12:56:00,103.99,104.0,103.99,104.0,629.0
2025-01-24 12:58:00,104.26,104.26,104.26,104.26,439.0
2025-01-24 13:00:00,104.09,105.32,104.08,104.23,24296.0
2025-01-24 13:02:00,104.2493,104.2493,104.2,104.2,426.0
2025-01-24 13:04:00,104.15,104.15,104.14,104.14,916.0
2025-01-24 13:06:00,104.18,104.18,104.18,104.18,756.0
2025-01-24 13:08:00,104.1,104.1,104.01,104.01,1721.0
2025-01-24 13:10:00,104.16,104.226,104.09,104.226,788.0
2025-01-24 13:12:00,104.09,104.09,104.03,104.0881,1836.0
2025-01-24 13:14:00,104.08,104.2448,104.08,104.2448,1919.0
2025-01-24 13:18:00,104.25,104.25,104.25,104.25,1636.0
2025-01-24 13:20:00,104.15,104.2,104.12,104.2,1277.0
2025-01-24 13:22:00,104.1201,104.19,104.12,104.15,613.0
2025-01-24 13:24:00,104.26,104.34,104.15,104.28,1271.0
2025-01-24 13:26:00,104.15,104.31,104.15,104.31,1607.0
2025-01-24 13:30:00,104.27,104.27,104.27,104.27,475.0
2025-01-24 13:32:00,104.235,104.235,104.15,104.15,2364.0
2025-01-24 13:34:00,104.258,104.258,104.258,104.258,223.0
2025-01-24 13:36:00,104.12,104.19,104.12,104.15,3168.0
2025-01-24 13:38:00,104.13,104.13,104.05,104.06,2472.0
2025-01-24 13:40:00,104.04,104.04,104.01,104.01,2368.0
2025-01-24 13:42:00,104.02,104.03,103.9902,103.9902,8695.0
2025-01-24 13:44:00,104.0,104.03,103.95,103.95,8799.0
2025-01-24 13:46:00,103.96,104.0,103.94,103.94,2389.0
2025-01-24 13:48:00,104.0001,104.0001,104.0001,104.0001,246.0
2025-01-24 13:50:00,104.2026,104.2243,104.2026,104.2145,522.0
2025-01-24 13:54:00,104.09,104.09,104.0,104.0,1793.0
2025-01-24 13:56:00,104.03,104.05,104.03,104.05,787.0
2025-01-24 13:58:00,104.01,104.01,103.92,103.9784,9980.0
2025-01-24 14:00:00,103.9626,104.0,103.9,104.0,1603.0
2025-01-24 14:02:00,104.0,104.136,104.0,104.136,16397.0
2025-01-24 14:04:00,104.04,104.3,104.04,104.3,4819.0
2025-01-24 14:06:00,104.3,104.45,104.23,104.45,7924.0
2025-01-24 14:08:00,104.45,104.75,104.42,104.57,21924.0
2025-01-24 14:10:00,104.74,104.74,104.51,104.55,4277.0
2025-01-24 14:12:00,104.69,104.7,104.52,104.52,12696.0
2025-01-24 14:14:00,104.5115,104.6956,104.32,104.6956,7091.0
2025-01-24 14:16:00,104.67,104.84,104.67,104.84,24640.0
2025-01-24 14:18:00,104.84,105.91,104.83,105.7,38054.0
2025-01-24 14:20:00,105.58,105.6501,105.29,105.46,18000.0
2025-01-24 14:22:00,105.33,105.63,105.261,105.63,10852.0
2025-01-24 14:24:00,105.62,105.8,105.5001,105.55,19265.0
2025-01-24 14:26:00,105.56,105.59,105.53,105.59,10542.0
2025-01-24 14:28:00,105.53,105.9,105.53,105.72,9483.0
2025-01-24 14:30:00,105.5,105.72,104.55,104.55,399190.0
2025-01-24 14:32:00,104.55,104.6,103.9,104.47,245680.0
2025-01-24 14:34:00,104.485,104.72,104.3104,104.44,123519.0
2025-01-24 14:36:00,104.44,104.53,104.03,104.055,90674.0
2025-01-24 14:38:00,104.06,104.1144,103.83,104.075,144011.0
2025-01-24 14:40:00,104.0,104.0532,103.75,103.86,207855.0
2025-01-24 14:42:00,103.86,104.1396,103.77,103.8235,183658.0
2025-01-24 14:44:00,103.815,104.1,103.73,103.767,220335.0
2025-01-24 14:46:00,103.75,104.0399,103.733,103.99,181429.0
2025-01-24 14:48:00,103.962,104.35,103.962,104.225,236348.0
2025-01-24 14:50:00,104.24,104.29,104.08,104.22,117447.0
2025-01-24 14:52:00,104.24,104.3,104.0453,104.145,134370.0
2025-01-24 14:54:00,104.13,104.23,104.0275,104.23,95771.0
2025-01-24 14:56:00,104.21,104.2399,103.84,103.87,142286.0
2025-01-24 14:58:00,103.87,103.98,103.8,103.91,191254.0
2025-01-24 15:00:00,103.91,104.19,103.9,104.07,136065.0
2025-01-24 15:02:00,104.04,104.09,103.6,103.6649,170381.0
2025-01-24 15:04:00,103.66,103.74,103.51,103.595,150504.0
2025-01-24 15:06:00,103.6,104.13,103.55,104.11,142008.0
2025-01-24 15:08:00,104.0901,104.3,104.054,104.12,129539.0
2025-01-24 15:10:00,104.11,104.16,104.01,104.06,87216.0
2025-01-24 15:12:00,104.07,104.0743,103.755,103.86,88177.0
2025-01-24 15:14:00,103.8799,103.8799,103.58,103.605,90472.0
2025-01-24 15:16:00,103.6131,103.79,103.48,103.7,193992.0
2025-01-24 15:18:00,103.674,103.77,103.57,103.63,71715.0
2025-01-24 15:20:00,103.62,103.6696,103.45,103.45,89936.0
2025-01-24 15:22:00,103.47,103.52,103.35,103.5,114780.0
2025-01-24 15:24:00,103.5299,103.595,103.36,103.41,110574.0
2025-01-24 15:26:00,103.424,103.52,103.34,103.488,82503.0
2025-01-24 15:28:00,103.5,103.5218,103.32,103.32,72896.0
2025-01-24 15:30:00,103.325,103.5799,103.25,103.475,380652.0
2025-01-24 15:32:00,103.49,103.59,103.325,103.54,83325.0
2025-01-24 15:34:00,103.6,103.6472,103.5,103.55,102938.0
2025-01-24 15:36:00,103.555,103.6,103.4001,103.41,46435.0
2025-01-24 15:38:00,103.4,103.455,103.27,103.415,68968.0
2025-01-24 15:40:00,103.415,103.65,103.415,103.57,98597.0
2025-01-24 15:42:00,103.5691,103.61,103.28,103.44,411591.0
2025-01-24 15:44:00,103.44,103.72,103.43,103.65,74277.0
2025-01-24 15:46:00,103.66,103.92,103.62,103.87,109426.0
2025-01-24 15:48:00,103.87,103.87,103.76,103.795,67693.0
2025-01-24 15:50:00,103.8,103.805,103.6,103.63,59672.0
2025-01-24 15:52:00,103.62,103.72,103.58,103.69,46621.0
2025-01-24 15:54:00,103.67,103.86,103.64,103.86,65322.0
2025-01-24 15:56:00,103.88,103.9,103.68,103.69,51217.0
2025-01-24 15:58:00,103.7099,103.82,103.66,103.665,41123.0
2025-01-24 16:00:00,103.61,103.69,103.51,103.5802,79560.0
2025-01-24 16:02:00,103.61,103.67,103.53,103.63,65224.0
2025-01-24 16:04:00,103.64,103.77,103.63,103.76,40261.0
2025-01-24 16:06:00,103.76,103.87,103.7,103.8307,65445.0
2025-01-24 16:08:00,103.825,103.982,103.81,103.982,73850.0
2025-01-24 16:10:00,103.98,104.0,103.86,103.9341,87484.0
2025-01-24 16:12:00,103.94,104.07,103.89,104.0,83001.0
2025-01-24 16:14:00,103.97,104.035,103.91,104.03,98508.0
2025-01-24 16:16:00,104.03,104.08,103.825,103.85,48936.0
2025-01-24 16:18:00,103.845,103.99,103.825,103.85,139621.0
2025-01-24 16:20:00,103.86,103.98,103.79,103.905,85381.0
2025-01-24 16:22:00,103.89,103.9,103.72,103.85,111334.0
2025-01-24 16:24:00,103.86,103.94,103.8348,103.87,35633.0
2025-01-24 16:26:00,103.862,104.01,103.835,103.97,124801.0
2025-01-24 16:28:00,103.97,104.12,103.91,104.09,35580.0
2025-01-24 16:30:00,104.07,104.1,103.92,104.06,61519.0
2025-01-24 16:32:00,104.06,104.12,104.055,104.0717,33301.0
2025-01-24 16:34:00,104.07,104.08,103.93,103.9799,36430.0
2025-01-24 16:36:00,103.98,104.04,103.95,103.9801,23372.0
2025-01-24 16:38:00,104.0,104.0357,103.82,103.87,42709.0
2025-01-24 16:40:00,103.87,103.97,103.77,103.78,68396.0
2025-01-24 16:42:00,103.7801,103.85,103.75,103.82,38616.0
2025-01-24 16:44:00,103.83,103.8326,103.65,103.73,49543.0
2025-01-24 16:46:00,103.73,103.88,103.72,103.77,32131.0
2025-01-24 16:48:00,103.77,103.865,103.7129,103.83,32620.0
2025-01-24 16:50:00,103.835,103.8431,103.7,103.73,28937.0
2025-01-24 16:52:00,103.7184,103.73,103.69,103.71,24320.0
2025-01-24 16:54:00,103.7,103.73,103.67,103.67,30633.0
2025-01-24 16:56:00,103.66,103.66,103.42,103.44,64086.0
2025-01-24 16:58:00,103.46,103.545,103.455,103.5,39846.0
2025-01-24 17:00:00,103.51,103.6,103.5,103.6,80460.0
2025-01-24 17:02:00,103.61,103.64,103.5,103.54,85799.0
2025-01-24 17:04:00,103.54,103.68,103.5,103.67,85347.0
2025-01-24 17:06:00,103.66,103.72,103.58,103.7,96469.0
2025-01-24 17:08:00,103.688555,103.7673,103.64,103.76,80869.0
2025-01-24 17:10:00,103.76,103.83,103.73,103.7794,90586.0
2025-01-24 17:12:00,103.79,103.82,103.66,103.7,243751.0
2025-01-24 17:14:00,103.72,103.84,103.62,103.78,46341.0
2025-01-24 17:16:00,103.78,103.82,103.7,103.78,59191.0
2025-01-24 17:18:00,103.775,103.86,103.7064,103.81,67081.0
2025-01-24 17:20:00,103.8155,103.84,103.71,103.79,39786.0
2025-01-24 17:22:00,103.79,103.81,103.73,103.77,28681.0
2025-01-24 17:24:00,103.76,103.8,103.71,103.8,31078.0
2025-01-24 17:26:00,103.8,103.8006,103.725,103.74,33929.0
2025-01-24 17:28:00,103.74,103.79,103.63,103.67,49325.0
2025-01-24 17:30:00,103.67,103.7,103.64,103.6656,39364.0
2025-01-24 17:32:00,103.66,103.71,103.63,103.65,33535.0
2025-01-24 17:34:00,103.64,103.64,103.56,103.625,47407.0
2025-01-24 17:36:00,103.64,103.6595,103.48,103.48,34705.0
2025-01-24 17:38:00,103.47,103.495,103.34,103.34,39335.0
2025-01-24 17:40:00,103.345,103.3501,103.17,103.21,83957.0
2025-01-24 17:42:00,103.21,103.3,103.2,103.28,57185.0
2025-01-24 17:44:00,103.29,103.3799,103.2405,103.3799,40891.0
2025-01-24 17:46:00,103.38,103.42,103.3323,103.36,37388.0
2025-01-24 17:48:00,103.37,103.46,103.28,103.41,54122.0
2025-01-24 17:50:00,103.4199,103.4401,103.27,103.28,30196.0
2025-01-24 17:52:00,103.27,103.2799,103.1215,103.13,57714.0
2025-01-24 17:54:00,103.12,103.23,103.06,103.11,92408.0
2025-01-24 17:56:00,103.1,103.13,102.925,103.1,149888.0
2025-01-24 17:58:00,103.08,103.13,102.93,102.98,69930.0
2025-01-24 18:00:00,102.96,102.9999,102.89,102.995,57220.0
2025-01-24 18:02:00,102.99,103.0,102.835,102.89,68679.0
2025-01-24 18:04:00,102.89,102.98,102.83,102.835,46982.0
2025-01-24 18:06:00,102.85,102.865,102.75,102.76,55073.0
2025-01-24 18:08:00,102.76,102.88,102.72,102.75,51539.0
2025-01-24 18:10:00,102.77,102.88,102.74,102.85,57961.0
2025-01-24 18:12:00,102.86,102.87,102.76,102.87,90210.0
2025-01-24 18:14:00,102.89,103.06,102.89,102.9825,70051.0
2025-01-24 18:16:00,102.98,103.03,102.9,103.03,54521.0
2025-01-24 18:18:00,103.03,103.08,102.94,102.97,42836.0
2025-01-24 18:20:00,102.98,103.03,102.9375,102.99,43037.0
2025-01-24 18:22:00,103.0,103.09,102.9902,103.09,38041.0
2025-01-24 18:24:00,103.085,103.09,102.99,103.01,40239.0
2025-01-24 18:26:00,103.03,103.04,102.9405,102.995,34566.0
2025-01-24 18:28:00,102.985,103.05,102.985,103.04,31383.0
2025-01-24 18:30:00,103.0301,103.13,103.03,103.085,41077.0
2025-01-24 18:32:00,103.075,103.15,103.065,103.1,24450.0
2025-01-24 18:34:00,103.09,103.12,103.0,103.1098,69131.0
2025-01-24 18:36:00,103.1,103.1,102.986,103.0,56476.0
2025-01-24 18:38:00,103.01,103.1,102.98,103.0902,43818.0
2025-01-24 18:40:00,103.105,103.11,102.83,102.85,49266.0
2025-01-24 18:42:00,102.85,103.03,102.84,102.985,46992.0
2025-01-24 18:44:00,102.98,102.99,102.942,102.975,31090.0
2025-01-24 18:46:00,102.9503,102.99,102.91,102.96,38803.0
2025-01-24 18:48:00,102.965,103.145,102.965,103.08,52204.0
2025-01-24 18:50:00,103.07,103.07,102.96,103.0094,30306.0
2025-01-24 18:52:00,103.01,103.015,102.93,102.99,46996.0
2025-01-24 18:54:00,103.0,103.02,102.97,102.99,33528.0
2025-01-24 18:56:00,102.995,102.9999,102.895,102.955,54337.0
2025-01-24 18:58:00,102.93,102.96,102.86,102.915,51643.0
2025-01-24 19:00:00,102.92,103.065,102.915,103.065,37435.0
2025-01-24 19:02:00,103.055,103.1,102.99,103.0022,36396.0
2025-01-24 19:04:00,103.01,103.055,102.99,103.01,49980.0
2025-01-24 19:06:00,103.0,103.05,102.98,103.05,27690.0
2025-01-24 19:08:00,103.05,103.07,102.9916,103.02,32827.0
2025-01-24 19:10:00,103.03,103.04,102.975,103.0,36345.0
2025-01-24 19:12:00,103.0,103.06,102.96,102.97,55599.0
2025-01-24 19:14:00,102.97,102.99,102.94,102.97,45636.0
2025-01-24 19:16:00,102.97,103.115,102.97,103.09,51497.0
2025-01-24 19:18:00,103.095,103.12,103.02,103.0262,21982.0
2025-01-24 19:20:00,103.01,103.08,102.985,103.08,41623.0
2025-01-24 19:22:00,103.08,103.16,103.02,103.11,25663.0
2025-01-24 19:24:00,103.11,103.15,103.032,103.095,34700.0
2025-01-24 19:26:00,103.11,103.1653,103.06,103.07,22139.0
2025-01-24 19:28:00,103.1001,103.18,103.06,103.105,25053.0
2025-01-24 19:30:00,103.0942,103.16,103.08,103.135,25808.0
2025-01-24 19:32:00,103.14,103.15,103.035,103.065,29901.0
2025-01-24 19:34:00,103.065,103.105,103.03,103.1,24542.0
2025-01-24 19:36:00,103.0952,103.17,103.0901,103.1698,25248.0
2025-01-24 19:38:00,103.17,103.18,103.085,103.09,30472.0
2025-01-24 19:40:00,103.08,103.15,103.05,103.07,29352.0
2025-01-24 19:42:00,103.08,103.1074,103.05,103.07,27346.0
2025-01-24 19:44:00,103.07,103.1205,103.05,103.1,43757.0
2025-01-24 19:46:00,103.105,103.105,103.045,103.05,30375.0
2025-01-24 19:48:00,103.055,103.075,103.025,103.04,25510.0
2025-01-24 19:50:00,103.04,103.11,103.035,103.11,24303.0
2025-01-24 19:52:00,103.1,103.1,103.06,103.085,25423.0
2025-01-24 19:54:00,103.08,103.12,103.05,103.05,20231.0
2025-01-24 19:56:00,103.05,103.0691,103.0,103.03,37338.0
2025-01-24 19:58:00,103.025,103.025,102.975,102.986,76893.0
2025-01-24 20:00:00,102.9852,102.9998,102.81,102.91,135018.0
2025-01-24 20:02:00,102.9038,103.11,102.9038,103.09,27426.0
2025-01-24 20:04:00,103.1,103.19,103.05,103.05,45085.0
2025-01-24 20:06:00,103.05,103.13,103.03,103.06,32433.0
2025-01-24 20:08:00,103.065,103.07,102.89,102.91,55547.0
2025-01-24 20:10:00,102.91,103.01,102.865,102.99,52187.0
2025-01-24 20:12:00,103.0,103.04,102.97,103.0,25844.0
2025-01-24 20:14:00,102.99,103.03,102.97,102.99,64350.0
2025-01-24 20:16:00,102.98,103.0,102.885,102.935,39008.0
2025-01-24 20:18:00,102.93,102.957,102.85,102.9028,48796.0
2025-01-24 20:20:00,102.92,102.99,102.91,102.98,62074.0
2025-01-24 20:22:00,102.96,103.04,102.95,103.04,33361.0
2025-01-24 20:24:00,103.05,103.09,102.99,103.002,66709.0
2025-01-24 20:26:00,103.01,103.07,102.98,103.01,56043.0
2025-01-24 20:28:00,102.995,103.06,102.97,103.055,92611.0
2025-01-24 20:30:00,103.055,103.16,103.055,103.0901,128720.0
2025-01-24 20:32:00,103.1076,103.1076,103.0,103.01,70471.0
2025-01-24 20:34:00,103.03,103.08,102.95,103.02,61528.0
2025-01-24 20:36:00,103.02,103.135,103.0,103.1,34252.0
2025-01-24 20:38:00,103.085,103.12,103.05,103.0616,60988.0
2025-01-24 20:40:00,103.05,103.05,102.96,103.016,92781.0
2025-01-24 20:42:00,103.01,103.07,102.995,103.02,54224.0
2025-01-24 20:44:00,103.02,103.105,103.02,103.05,35363.0
2025-01-24 20:46:00,103.06,103.1,103.005,103.01,82424.0
2025-01-24 20:48:00,103.02,103.05,102.97,102.9883,99863.0
2025-01-24 20:50:00,102.99,103.18,102.94,102.94,142886.0
2025-01-24 20:52:00,102.95,103.165,102.93,103.14,95170.0
2025-01-24 20:54:00,103.15,103.34,103.15,103.24,131884.0
2025-01-24 20:56:00,103.235,103.24,103.18,103.19,160843.0
2025-01-24 20:58:00,103.2,103.22,103.08,103.19,356360.0
2025-01-24 21:00:00,103.19,103.2,103.1678,103.1678,82425.0
2025-01-24 21:02:00,103.14,103.14,103.11,103.11,1508.0
2025-01-24 21:06:00,103.16,103.2,103.16,103.18,8493.0
2025-01-24 21:08:00,103.2,103.2,103.15,103.15,2893.0
2025-01-24 21:10:00,103.19,103.19,103.1713,103.1713,5426.0
2025-01-24 21:12:00,103.1899,103.1899,103.0922,103.0922,4729.0
2025-01-24 21:14:00,103.0901,103.0901,102.9091,102.9091,7135.0
2025-01-24 21:16:00,102.97,102.99,102.92,102.92,5358.0
2025-01-24 21:18:00,102.94,103.09,102.87,102.94,14164.0
2025-01-24 21:20:00,102.9386,102.939,102.9386,102.939,606.0
2025-01-24 21:22:00,102.89,102.9,102.85,102.89,3720.0
2025-01-24 21:26:00,102.92,102.9388,102.92,102.9388,739.0
2025-01-24 21:30:00,102.95,102.95,102.94,102.94,11688.0
2025-01-24 21:32:00,103.02,103.06,103.02,103.06,1189.0
2025-01-24 21:34:00,103.07,103.07,103.07,103.07,557.0
2025-01-24 21:36:00,103.08,103.08,103.08,103.08,214.0
2025-01-24 21:38:00,103.06,103.06,103.06,103.06,100.0
2025-01-24 21:40:00,103.02,103.02,103.02,103.02,4000.0
2025-01-24 21:48:00,103.02,103.02,102.96,102.96,2295.0
2025-01-24 21:52:00,103.02,103.02,103.02,103.02,1335.0
2025-01-24 21:56:00,103.02,103.02,102.98,103.0,1209.0
2025-01-24 22:00:00,103.0,103.02,103.0,103.02,301.0
2025-01-24 22:04:00,103.0473,103.0481,103.01,103.01,761.0
2025-01-24 22:10:00,102.9524,102.98,102.9524,102.98,500.0
2025-01-24 22:16:00,103.0188,103.0188,103.0188,103.0188,135.0
2025-01-24 22:18:00,103.02,103.02,103.02,103.02,1412.0
2025-01-24 22:22:00,102.97,102.97,102.97,102.97,1798.0
2025-01-24 22:26:00,103.01,103.05,103.01,103.05,3070.0
2025-01-24 22:28:00,103.1579,103.1579,103.1579,103.1579,1303.0
2025-01-24 22:30:00,103.0495,103.0495,103.0495,103.0495,101.0
2025-01-24 22:32:00,103.05,103.05,103.05,103.05,1188.0
2025-01-24 22:34:00,102.9517,102.96,102.9517,102.96,346.0
2025-01-24 22:40:00,103.0,103.0,103.0,103.0,200.0
2025-01-24 22:42:00,103.03,103.04,103.03,103.04,319.0
2025-01-24 22:44:00,103.039,103.039,103.039,103.039,405.0
2025-01-24 22:46:00,103.0001,103.0001,103.0001,103.0001,421.0
2025-01-24 22:50:00,103.0383,103.0383,103.0383,103.0383,621.0
2025-01-24 22:52:00,103.0,103.0,103.0,103.0,158.0
2025-01-24 23:00:00,103.0,103.0,103.0,103.0,233.0
2025-01-24 23:02:00,103.0284,103.0284,103.0284,103.0284,190.0
2025-01-24 23:16:00,103.0,103.0,103.0,103.0,574.0
2025-01-24 23:18:00,102.9999,102.9999,102.9999,102.9999,522.0
2025-01-24 23:20:00,103.0,103.0,103.0,103.0,524.0
2025-01-24 23:22:00,102.99,102.99,102.99,102.99,273.0
2025-01-24 23:24:00,102.96,102.96,102.95,102.96,796.0
2025-01-24 23:26:00,102.96,102.96,102.95,102.95,646.0
2025-01-24 23:28:00,102.9502,102.9502,102.9501,102.9501,530.0
2025-01-24 23:30:00,102.96,102.96,102.9502,102.9502,405.0
2025-01-24 23:34:00,102.96,102.96,102.96,102.96,198.0
2025-01-24 23:36:00,102.9502,102.9502,102.9502,102.9502,153.0
2025-01-24 23:40:00,102.9501,102.9501,102.9501,102.9501,100.0
2025-01-24 23:42:00,102.9502,102.9502,102.9502,102.9502,102.0
2025-01-24 23:46:00,102.95,102.96,102.95,102.96,449.0
2025-01-24 23:48:00,102.9598,102.9598,102.9598,102.9598,105.0
2025-01-24 23:50:00,102.95,102.9599,102.9042,102.9599,2538.0
2025-01-25 00:00:00,102.9585,102.9585,102.9585,102.9585,150.0
2025-01-25 00:02:00,102.95,103.0,102.95,103.0,2865.0
2025-01-25 00:04:00,102.9,102.9,102.9,102.9,259.0
2025-01-25 00:08:00,103.02,103.02,103.02,103.02,213.0
2025-01-25 00:12:00,103.0284,103.0284,102.9073,102.9073,469.0
2025-01-25 00:16:00,102.9,102.9,102.9,102.9,220.0
2025-01-25 00:22:00,103.01,103.01,103.0,103.0,346.0
2025-01-25 00:24:00,103.0,103.0,103.0,103.0,161.0
2025-01-25 00:26:00,102.9027,102.9027,102.9027,102.9027,753.0
2025-01-25 00:28:00,102.9018,102.9018,102.9018,102.9018,1000.0
2025-01-25 00:30:00,102.9,102.9,102.9,102.9,303.0
2025-01-25 00:38:00,102.9025,102.9025,102.9025,102.9025,528.0
2025-01-25 00:40:00,102.9,102.9,102.88,102.88,1004.0
2025-01-25 00:42:00,102.87,102.87,102.83,102.83,608.0
2025-01-25 00:44:00,102.83,102.83,102.83,102.83,153.0
2025-01-25 00:48:00,102.83,102.83,102.8299,102.83,402.0
2025-01-25 00:50:00,102.82,102.82,102.82,102.82,377.0
2025-01-25 00:52:00,102.8,102.8,102.8,102.8,3037.0
2025-01-25 00:54:00,102.95,102.95,102.805,102.8317,2109.0
2025-01-25 00:56:00,102.8301,102.84,102.8301,102.84,259.0
2025-01-25 00:58:00,102.9,102.9,102.9,102.9,405.0
2025-01-27 09:00:00,98.31,98.86,94.38,96.37,37070.0
2025-01-27 09:02:00,96.6,97.0,95.22,96.03,25354.0
2025-01-27 09:04:00,96.11,97.0,96.01,96.79,39220.0
2025-01-27 09:06:00,96.8,96.8,96.5,96.51,12985.0
2025-01-27 09:08:00,96.6,97.15,96.51,97.15,23638.0
2025-01-27 09:10:00,97.49,97.49,96.9,96.9,8984.0
2025-01-27 09:12:00,96.78,96.79,96.68,96.71,13363.0
2025-01-27 09:14:00,96.79,96.79,96.7,96.79,8461.0
2025-01-27 09:16:00,96.79,96.79,96.58,96.58,2905.0
2025-01-27 09:18:00,96.57,96.57,96.46,96.46,1527.0
2025-01-27 09:20:00,96.3,96.4,96.3,96.32,8317.0
2025-01-27 09:22:00,96.33,96.48,96.32,96.48,4165.0
2025-01-27 09:24:00,96.38,96.4,96.3,96.32,3433.0
2025-01-27 09:26:00,96.23,96.4,96.0,96.27,13024.0
2025-01-27 09:28:00,96.28,96.3,96.0,96.28,4698.0
2025-01-27 09:30:00,96.3,96.34,96.0,96.01,5804.0
2025-01-27 09:32:00,96.24,96.27,96.0,96.27,2705.0
2025-01-27 09:34:00,96.2,96.2,96.2,96.2,472.0
2025-01-27 09:36:00,96.13,96.24,96.12,96.12,2697.0
2025-01-27 09:38:00,96.12,96.41,96.12,96.41,5814.0
2025-01-27 09:40:00,96.5,96.79,96.5,96.67,5849.0
2025-01-27 09:42:00,96.55,96.55,96.4,96.4,1868.0
2025-01-27 09:44:00,96.3,96.52,96.3,96.45,6368.0
2025-01-27 09:46:00,96.42,96.42,96.0,96.0,12863.0
2025-01-27 09:48:00,96.2,96.2,96.02,96.17,1226.0
2025-01-27 09:50:00,96.03,96.03,95.94,96.0,7577.0
2025-01-27 09:52:00,96.22,96.26,96.22,96.26,766.0
2025-01-27 09:54:00,96.23,96.23,96.2,96.21,739.0
2025-01-27 09:56:00,96.06,96.06,95.95,96.0,6057.0
2025-01-27 09:58:00,96.02,96.02,95.81,95.81,5226.0
2025-01-27 10:00:00,95.85,95.87,95.56,95.57,5430.0
2025-01-27 10:02:00,95.5,95.63,95.42,95.48,12075.0
2025-01-27 10:04:00,95.45,95.45,95.23,95.23,6320.0
2025-01-27 10:06:00,95.25,95.28,95.0,95.28,6086.0
2025-01-27 10:08:00,95.3,95.43,95.2,95.25,7378.0
2025-01-27 10:10:00,95.16,95.2,94.63,94.98,42178.0
2025-01-27 10:12:00,95.0,95.0,94.75,95.0,16537.0
2025-01-27 10:14:00,94.95,95.0,94.68,94.74,11709.0
2025-01-27 10:16:00,94.62,95.0,94.59,95.0,10500.0
2025-01-27 10:18:00,94.88,95.0,94.85,94.98,4388.0
2025-01-27 10:20:00,94.81,94.82,94.71,94.71,4602.0
2025-01-27 10:22:00,94.93,95.0,94.81,94.99,13914.0
2025-01-27 10:24:00,94.84,95.0,94.7,94.9,14691.0
2025-01-27 10:26:00,94.86,94.86,94.54,94.6,8447.0
2025-01-27 10:28:00,94.55,94.6,94.5,94.5,7942.0
2025-01-27 10:30:00,94.46,94.5,94.27,94.27,9865.0
2025-01-27 10:32:00,94.21,94.21,94.05,94.05,6246.0
2025-01-27 10:34:00,94.18,94.18,94.02,94.02,5683.0
2025-01-27 10:36:00,94.02,94.45,93.93,94.31,13269.0
2025-01-27 10:38:00,94.3,94.3,94.11,94.11,290.0
2025-01-27 10:40:00,94.27,94.28,94.25,94.25,2309.0
2025-01-27 10:42:00,94.36,94.36,94.36,94.36,634.0
2025-01-27 10:44:00,94.01,94.02,93.92,93.93,2761.0
2025-01-27 10:46:00,94.03,94.12,93.88,94.11,3684.0
2025-01-27 10:48:00,93.9,93.91,93.5,93.5,4228.0
2025-01-27 10:50:00,93.37,93.42,92.68,92.76,20108.0
2025-01-27 10:52:00,92.77,92.84,92.49,92.59,46400.0
2025-01-27 10:54:00,92.76,93.14,92.7,92.7,15422.0
2025-01-27 10:56:00,92.7,93.0,92.7,93.0,3561.0
2025-01-27 10:58:00,92.99,93.2,92.99,93.2,37600.0
2025-01-27 11:00:00,93.14,93.14,92.83,93.0,6887.0
2025-01-27 11:02:00,92.99,93.0,92.95,92.95,4519.0
2025-01-27 11:04:00,93.0,93.0,92.75,92.75,8063.0
2025-01-27 11:06:00,92.75,92.76,92.72,92.75,24252.0
2025-01-27 11:08:00,92.75,92.75,92.61,92.75,14793.0
2025-01-27 11:10:00,92.73,92.75,92.7,92.74,6346.0
2025-01-27 11:12:00,92.75,92.75,92.46,92.75,18056.0
2025-01-27 11:14:00,92.75,93.17,92.71,93.15,16707.0
2025-01-27 11:16:00,93.15,93.79,93.0,93.65,7180.0
2025-01-27 11:18:00,93.75,93.75,93.21,93.21,8029.0
2025-01-27 11:20:00,93.23,93.33,93.0,93.1,10150.0
2025-01-27 11:22:00,93.0,93.26,93.0,93.0,5492.0
2025-01-27 11:24:00,93.0,93.39,92.63,92.64,45845.0
2025-01-27 11:26:00,93.0,93.85,93.0,93.61,29728.0
2025-01-27 11:28:00,93.97,94.5,93.97,94.5,13985.0
2025-01-27 11:30:00,94.37,94.37,94.0,94.22,7124.0
2025-01-27 11:32:00,94.21,94.21,93.87,94.0,8082.0
2025-01-27 11:34:00,94.26,94.3,94.18,94.3,1018.0
2025-01-27 11:36:00,94.33,94.5,94.33,94.36,4397.0
2025-01-27 11:38:00,94.58,95.0,94.58,95.0,5306.0
2025-01-27 11:40:00,95.1,95.4,94.98,94.99,6241.0
2025-01-27 11:42:00,94.9,94.9,94.74,94.74,1953.0
2025-01-27 11:44:00,94.9,94.9,94.39,94.39,8415.0
2025-01-27 11:46:00,94.59,94.87,94.59,94.75,5160.0
2025-01-27 11:48:00,94.8,94.82,94.49,94.49,8211.0
2025-01-27 11:50:00,94.46,94.5,94.45,94.5,9187.0
2025-01-27 11:52:00,94.48,94.52,94.47,94.49,19894.0
2025-01-27 11:54:00,94.5,94.99,94.5,94.99,16773.0
2025-01-27 11:56:00,94.99,96.04,94.59,96.01,35406.0
2025-01-27 11:58:00,96.25,96.49,96.0,96.0,26085.0
2025-01-27 12:00:00,96.24,97.53,96.0,96.91,69043.0
2025-01-27 12:02:00,96.91,96.91,96.34,96.45,13522.0
2025-01-27 12:04:00,96.35,97.0,95.75,96.01,114929.0
2025-01-27 12:06:00,96.0,96.4,95.6,95.69,13264.0
2025-01-27 12:08:00,95.7,96.05,95.7,96.0,11224.0
2025-01-27 12:10:00,96.0,97.3,95.13,96.0,88202.0
2025-01-27 12:12:00,96.0,97.34,96.0,96.65,27581.0
2025-01-27 12:14:00,96.61,96.9,96.49,96.88,33597.0
2025-01-27 12:16:00,96.62,96.99,96.51,96.79,11894.0
2025-01-27 12:18:00,96.7,96.76,96.6,96.68,7552.0
2025-01-27 12:20:00,96.63,96.66,95.95,96.3,45475.0
2025-01-27 12:22:00,96.48,96.49,96.25,96.28,4068.0
2025-01-27 12:24:00,96.45,96.8,96.45,96.79,23289.0
2025-01-27 12:26:00,96.8,97.19,96.8,97.045,15312.0
2025-01-27 12:28:00,97.0,97.0,96.75,96.82,6586.0
2025-01-27 12:30:00,96.76,97.0,96.75,97.0,28678.0
2025-01-27 12:32:00,96.97,97.11,96.96,97.08,19255.0
2025-01-27 12:34:00,97.1,97.1,96.78,96.92,10162.0
2025-01-27 12:36:00,96.9,97.1,96.76,96.76,23036.0
2025-01-27 12:38:00,96.85,97.0,96.85,96.94,1159.0
2025-01-27 12:40:00,96.93,96.99,96.8,96.8,5747.0
2025-01-27 12:42:00,96.87,96.9,96.66,96.66,7596.0
2025-01-27 12:44:00,96.61,96.8,96.61,96.8,2671.0
2025-01-27 12:46:00,96.71,96.82,96.7,96.75,4259.0
2025-01-27 12:48:00,96.75,96.76,96.7,96.7,18833.0
2025-01-27 12:50:00,96.75,96.76,96.67,96.67,9062.0
2025-01-27 12:52:00,96.66,96.72,96.5,96.72,7267.0
2025-01-27 12:54:00,96.79,96.79,96.75,96.75,789.0
2025-01-27 12:56:00,96.75,96.75,95.81,95.94,51317.0
2025-01-27 12:58:00,95.86,96.0,95.86,95.93,5835.0
2025-01-27 13:00:00,96.6985,98.92,93.2,97.69,167399.0
2025-01-27 13:02:00,97.0234,97.0234,95.05,95.05,31319.0
2025-01-27 13:04:00,95.08,95.25,95.01,95.25,30539.0
2025-01-27 13:06:00,95.19,95.25,95.1705,95.25,15160.0
2025-01-27 13:08:00,95.22,95.28,95.2,95.22,20196.0
2025-01-27 13:10:00,95.2488,95.25,95.19,95.24,19561.0
2025-01-27 13:12:00,95.235,95.5,95.23,95.5,10983.0
2025-01-27 13:14:00,95.38,95.5,95.28,95.499,7343.0
2025-01-27 13:16:00,95.3168,95.5,94.9,95.03,47377.0
2025-01-27 13:18:00,95.1,95.2,94.9,95.19,23284.0
2025-01-27 13:20:00,95.02,95.15,95.0,95.14,13071.0
2025-01-27 13:22:00,95.06,95.32,95.02,95.27,49397.0
2025-01-27 13:24:00,95.279,95.5,95.27,95.4,9898.0
2025-01-27 13:26:00,95.35,95.52,95.27,95.5,18271.0
2025-01-27 13:28:00,95.5,95.8,95.5,95.59,7196.0
2025-01-27 13:30:00,95.65,95.65,95.52,95.63,7224.0
2025-01-27 13:32:00,95.58,95.6199,95.5,95.545,9591.0
2025-01-27 13:34:00,95.6099,95.6099,95.24,95.3,19582.0
2025-01-27 13:36:00,95.28,95.3,95.2,95.22,12521.0
2025-01-27 13:38:00,95.26,95.26,95.1,95.15,19742.0
2025-01-27 13:40:00,95.1799,95.33,95.1201,95.25,18755.0
2025-01-27 13:42:00,95.22,95.2899,94.9,95.0,23122.0
2025-01-27 13:44:00,95.0001,95.15,95.0001,95.15,7034.0
2025-01-27 13:46:00,95.15,95.15,95.01,95.12,9410.0
2025-01-27 13:48:00,95.15,95.15,94.8,94.8035,13387.0
2025-01-27 13:50:00,94.81,95.0,94.8,95.0,7555.0
2025-01-27 13:52:00,95.0,95.05,94.9001,95.0001,15451.0
2025-01-27 13:54:00,95.05,95.15,95.0,95.13,13388.0
2025-01-27 13:56:00,95.14,95.51,95.14,95.51,39023.0
2025-01-27 13:58:00,95.51,95.63,95.5,95.63,15044.0
2025-01-27 14:00:00,95.63,95.71,95.61,95.66,29931.0
2025-01-27 14:02:00,95.71,95.8,95.6504,95.7,5871.0
2025-01-27 14:04:00,95.8,96.0,95.7,95.89,16428.0
2025-01-27 14:06:00,95.93,96.75,95.8,95.9005,14954.0
2025-01-27 14:08:00,96.14,96.2048,96.0,96.2048,10684.0
2025-01-27 14:10:00,96.0,96.2,95.82,96.0,20259.0
2025-01-27 14:12:00,95.95,96.0,95.7,95.93,26744.0
2025-01-27 14:14:00,95.83,96.03,95.8,95.8601,26663.0
2025-01-27 14:16:00,95.96,96.1,95.8552,95.97,30035.0
2025-01-27 14:18:00,95.97,96.01,95.86,95.91,33600.0
2025-01-27 14:20:00,95.91,95.97,95.61,95.64,34009.0
2025-01-27 14:22:00,95.63,95.65,95.11,95.22,32187.0
2025-01-27 14:24:00,95.1109,95.23,94.9,94.9,20718.0
2025-01-27 14:26:00,94.98,95.1,94.38,94.42,40774.0
2025-01-27 14:28:00,94.48,94.94,94.23,94.93,71781.0
2025-01-27 14:30:00,94.86,95.3,92.9,94.27,2037295.0
2025-01-27 14:32:00,94.29,94.9,93.81,94.51,781693.0
2025-01-27 14:34:00,94.5225,96.1,94.5,95.37,632980.0
2025-01-27 14:36:00,95.37,95.43,94.16,94.255,444628.0
2025-01-27 14:38:00,94.26,94.87,94.04,94.125,555668.0
2025-01-27 14:40:00,94.12,94.2909,93.825,94.065,644927.0
2025-01-27 14:42:00,94.04,94.27,93.94,94.26,301652.0
2025-01-27 14:44:00,94.255,94.7404,94.0,94.22,307413.0
2025-01-27 14:46:00,94.19,94.41,94.04,94.38,211095.0
2025-01-27 14:48:00,94.35,94.56,94.1558,94.44,328297.0
2025-01-27 14:50:00,94.4,94.605,94.19,94.471933,180933.0
2025-01-27 14:52:00,94.4405,94.76,94.38,94.555,342758.0
2025-01-27 14:54:00,94.56,94.59,94.07,94.12,305116.0
2025-01-27 14:56:00,94.125,94.35,93.94,94.1375,306711.0
2025-01-27 14:58:00,94.13,94.26,93.93,94.0,226551.0
2025-01-27 15:00:00,93.99,94.1939,93.8,94.075,258005.0
2025-01-27 15:02:00,94.07,94.3399,93.29,93.37,443900.0
2025-01-27 15:04:00,93.36,93.49,93.16,93.3387,317112.0
2025-01-27 15:06:00,93.3599,93.735,93.32,93.735,205766.0
2025-01-27 15:08:00,93.74,93.75,93.2,93.31,215168.0
2025-01-27 15:10:00,93.3,93.6611,93.28,93.32,263549.0
2025-01-27 15:12:00,93.32,93.525,93.13,93.155,208215.0
2025-01-27 15:14:00,93.16,93.32,92.96,93.04,407319.0
2025-01-27 15:16:00,93.04,93.12,92.72,92.78,421906.0
2025-01-27 15:18:00,92.78,92.86,92.51,92.5592,329980.0
2025-01-27 15:20:00,92.5737,92.99,92.555,92.87,278781.0
2025-01-27 15:22:00,92.86,93.0992,92.73,93.05,228517.0
2025-01-27 15:24:00,93.045,93.2321,92.98,93.14,183242.0
2025-01-27 15:26:00,93.15,93.56,93.1201,93.54,218980.0
2025-01-27 15:28:00,93.54,93.7725,93.42,93.47,308506.0
2025-01-27 15:30:00,93.47,93.52,93.3618,93.39,153483.0
2025-01-27 15:32:00,93.38,93.51,93.195,93.4352,149568.0
2025-01-27 15:34:00,93.44,93.56,93.42,93.46,119801.0
2025-01-27 15:36:00,93.45,93.59,93.43,93.48,234432.0
2025-01-27 15:38:00,93.48,93.69,93.475,93.59,153670.0
2025-01-27 15:40:00,93.595,93.68,93.575,93.6,202637.0
2025-01-27 15:42:00,93.6098,93.6098,93.15,93.1701,335269.0
2025-01-27 15:44:00,93.18,93.2,92.8,92.99,295315.0
2025-01-27 15:46:00,92.97,93.16,92.94,93.05,185497.0
2025-01-27 15:48:00,93.04,93.0782,92.8501,92.865,172786.0
2025-01-27 15:50:00,92.865,92.96,92.72,92.7217,185616.0
2025-01-27 15:52:00,92.73,93.0,92.671,92.88,198935.0
2025-01-27 15:54:00,92.89,93.1,92.86,92.87,191595.0
2025-01-27 15:56:00,92.875,93.0,92.81,92.8557,179957.0
2025-01-27 15:58:00,92.8501,92.9,92.75,92.755,133442.0
2025-01-27 16:00:00,92.76,92.83,92.66,92.665,151759.0
2025-01-27 16:02:00,92.67,92.73,92.5,92.515,167724.0
2025-01-27 16:04:00,92.5117,92.5272,92.2,92.2099,310614.0
2025-01-27 16:06:00,92.2,92.21,91.75,91.9771,449042.0
2025-01-27 16:08:00,91.97,92.02,91.604,91.6401,207468.0
2025-01-27 16:10:00,91.655,91.73,91.61,91.69,188362.0
2025-01-27 16:12:00,91.68,91.75,91.56,91.5799,237106.0
2025-01-27 16:14:00,91.5601,92.13,91.5601,92.07,242960.0
2025-01-27 16:16:00,92.06,92.505,91.9801,92.1976,223175.0
2025-01-27 16:18:00,92.18,92.21,92.04,92.2,98196.0
2025-01-27 16:20:00,92.2043,92.4,92.17,92.28,185842.0
2025-01-27 16:22:00,92.28,92.39,92.22,92.37,159696.0
2025-01-27 16:24:00,92.4,92.43,92.1,92.18,216174.0
2025-01-27 16:26:00,92.17,92.42,92.09,92.1001,152681.0
2025-01-27 16:28:00,92.1084,92.24,92.04,92.04,146257.0
2025-01-27 16:30:00,92.03,92.03,91.62,91.69,235406.0
2025-01-27 16:32:00,91.69,91.9,91.56,91.85,238772.0
2025-01-27 16:34:00,91.87,92.0675,91.6699,91.82,228265.0
2025-01-27 16:36:00,91.84,92.0999,91.75,92.065,122162.0
2025-01-27 16:38:00,92.066,92.14,91.6001,91.625,126338.0
2025-01-27 16:40:00,91.625,91.71,91.3,91.38,220822.0
2025-01-27 16:42:00,91.385,91.67,91.13,91.65,315688.0
2025-01-27 16:44:00,91.66,92.4399,91.62,92.4399,260685.0
2025-01-27 16:46:00,92.425,92.8,92.3,92.69,313290.0
2025-01-27 16:48:00,92.685,92.75,92.325,92.3938,149248.0
2025-01-27 16:50:00,92.39,92.5198,92.2001,92.445,95515.0
2025-01-27 16:52:00,92.44,92.58,92.16,92.195,119571.0
2025-01-27 16:54:00,92.21,92.4,92.12,92.2313,128325.0
2025-01-27 16:56:00,92.2546,92.4,92.12,92.17,263398.0
2025-01-27 16:58:00,92.18,92.23,91.7901,91.81,182165.0
2025-01-27 17:00:00,91.815,91.95,91.76,91.81,230188.0
2025-01-27 17:02:00,91.8018,92.33,91.7599,92.195,217409.0
2025-01-27 17:04:00,92.19,92.355,91.93,92.3001,120851.0
2025-01-27 17:06:00,92.335,92.561,92.27,92.32,283763.0
2025-01-27 17:08:00,92.3,92.3,92.0,92.22,96969.0
2025-01-27 17:10:00,92.21,92.36,92.195,92.24,198990.0
2025-01-27 17:12:00,92.2326,92.375,92.15,92.29,77093.0
2025-01-27 17:14:00,92.29,92.3474,92.09,92.1528,115723.0
2025-01-27 17:16:00,92.17,92.23,91.76,91.77,90722.0
2025-01-27 17:18:00,91.77,91.82,91.62,91.67,212298.0
2025-01-27 17:20:00,91.6816,91.6816,91.16,91.17,213569.0
2025-01-27 17:22:00,91.155,91.21,91.05,91.09,174328.0
2025-01-27 17:24:00,91.08,91.16178,90.92,90.94,544050.0
2025-01-27 17:26:00,90.9338,91.22,90.89,91.14,271917.0
2025-01-27 17:28:00,91.14,91.3326,91.08,91.2,104246.0
2025-01-27 17:30:00,91.2,91.6299,91.2,91.5501,117371.0
2025-01-27 17:32:00,91.55,91.67,91.51,91.61,140965.0
2025-01-27 17:34:00,91.6001,91.8864,91.52,91.82,158498.0
2025-01-27 17:36:00,91.82,91.855,91.61,91.6842,149321.0
2025-01-27 17:38:00,91.69,91.71,91.37,91.5,105070.0
2025-01-27 17:40:00,91.51,91.56,91.3,91.33,84565.0
2025-01-27 17:42:00,91.33,91.39,91.155,91.185,123112.0
2025-01-27 17:44:00,91.18,91.18,90.92,90.98,203476.0
2025-01-27 17:46:00,90.9734,91.05,90.93,90.995,196472.0
2025-01-27 17:48:00,90.995,91.06,90.88,90.9,210350.0
2025-01-27 17:50:00,90.9,90.9,90.63,90.645,130747.0
2025-01-27 17:52:00,90.66,90.66,90.535,90.568,202721.0
2025-01-27 17:54:00,90.57,90.65,90.435,90.435,138954.0
2025-01-27 17:56:00,90.435,90.44,90.23,90.24,161003.0
2025-01-27 17:58:00,90.25,90.25,90.0,90.0099,474280.0
2025-01-27 18:00:00,90.005,90.23,90.0,90.23,301392.0
2025-01-27 18:02:00,90.225,90.35,90.165,90.26,157648.0
2025-01-27 18:04:00,90.255,90.54,90.21,90.45,176180.0
2025-01-27 18:06:00,90.43,90.44,90.08,90.1,448908.0
2025-01-27 18:08:00,90.1,90.1305,90.0,90.005,141103.0
2025-01-27 18:10:00,90.01,90.09,89.93,90.0201,247542.0
2025-01-27 18:12:00,90.03,90.09,89.96,89.97,141548.0
2025-01-27 18:14:00,89.97,90.14,89.97,90.08,112907.0
2025-01-27 18:16:00,90.08,90.1,89.9,89.9,184809.0
2025-01-27 18:18:00,89.91,89.96,89.74,89.96,214597.0
2025-01-27 18:20:00,89.96,90.09,89.77,89.79,137513.0
2025-01-27 18:22:00,89.79,89.8679,89.52,89.535,276986.0
2025-01-27 18:24:00,89.5401,89.62,89.22,89.24,301050.0
2025-01-27 18:26:00,89.24,89.34,89.05,89.09,402998.0
2025-01-27 18:28:00,89.1,89.32,89.05,89.15,189030.0
2025-01-27 18:30:00,89.1606,89.33,89.055,89.255,219257.0
2025-01-27 18:32:00,89.26,89.39,89.24,89.305,197393.0
2025-01-27 18:34:00,89.305,89.39,89.2803,89.3252,155756.0
2025-01-27 18:36:00,89.329,89.4,89.25,89.35,109404.0
2025-01-27 18:38:00,89.355,89.3585,89.0901,89.105,112683.0
2025-01-27 18:40:00,89.1,89.195,89.055,89.1,133653.0
2025-01-27 18:42:00,89.1,89.11,88.805,88.805,315030.0
2025-01-27 18:44:00,88.805,88.985,88.725,88.982,218780.0
2025-01-27 18:46:00,88.96,89.005,88.69,88.725,169651.0
2025-01-27 18:48:00,88.7299,88.7299,88.37,88.37,203902.0
2025-01-27 18:50:00,88.36,88.64,88.36,88.515,190466.0
2025-01-27 18:52:00,88.52,88.77,88.4803,88.63,175469.0
2025-01-27 18:54:00,88.61,89.17,88.6,88.92,223827.0
2025-01-27 18:56:00,88.9205,89.08,88.78,89.0695,163927.0
2025-01-27 18:58:00,89.065,89.065,88.855,88.92,128395.0
2025-01-27 19:00:00,88.93,88.97,88.8101,88.935,193036.0
2025-01-27 19:02:00,88.9399,88.99,88.79,88.815,141678.0
2025-01-27 19:04:00,88.815,88.87,88.61,88.755,164668.0
2025-01-27 19:06:00,88.75,88.75,88.47,88.67,180812.0
2025-01-27 19:08:00,88.675,88.82,88.52,88.64,179341.0
2025-01-27 19:10:00,88.64,88.965,88.55,88.8086,195521.0
2025-01-27 19:12:00,88.8,88.82,88.61,88.6155,136063.0
2025-01-27 19:14:00,88.63,88.71,88.52,88.71,112574.0
2025-01-27 19:16:00,88.705,88.72,88.42,88.485,122398.0
2025-01-27 19:18:00,88.48,88.75,88.46,88.72,137827.0
2025-01-27 19:20:00,88.71,88.72,88.6,88.7,123230.0
2025-01-27 19:22:00,88.69,88.7172,88.61,88.665,75301.0
2025-01-27 19:24:00,88.65,88.8623,88.625,88.83,121782.0
2025-01-27 19:26:00,88.82,88.99,88.7947,88.842,170235.0
2025-01-27 19:28:00,88.84,89.16,88.82,89.07,193334.0
2025-01-27 19:30:00,89.0662,89.1,88.9,88.985,126236.0
2025-01-27 19:32:00,89.0,89.34,89.0,89.28,189020.0
2025-01-27 19:34:00,89.28,89.28,88.9,88.9,228579.0
2025-01-27 19:36:00,88.9,88.97,88.85,88.862,116789.0
2025-01-27 19:38:00,88.8501,88.91,88.65,88.8274,131516.0
2025-01-27 19:40:00,88.83,88.83,88.6401,88.7,106447.0
2025-01-27 19:42:00,88.7098,88.74,88.67,88.725,114033.0
2025-01-27 19:44:00,88.72,88.73,88.6001,88.615,120722.0
2025-01-27 19:46:00,88.615,88.62,88.51,88.55,93895.0
2025-01-27 19:48:00,88.555,88.57,88.4,88.4101,159856.0
2025-01-27 19:50:00,88.42,88.475,88.39,88.439,147861.0
2025-01-27 19:52:00,88.43,88.63,88.38,88.56,237733.0
2025-01-27 19:54:00,88.555,88.66,88.5,88.505,120177.0
2025-01-27 19:56:00,88.5,88.715,88.47,88.685,155341.0
2025-01-27 19:58:00,88.69,88.8695,88.575,88.8695,115865.0
2025-01-27 20:00:00,88.86,89.11,88.855,89.075,126332.0
2025-01-27 20:02:00,89.08,89.23,89.02,89.07,207851.0
2025-01-27 20:04:00,89.075,89.12,88.99,89.005,125608.0
2025-01-27 20:06:00,89.005,89.1364,88.96,89.07,119677.0
2025-01-27 20:08:00,89.07,89.42,89.055,89.3899,294530.0
2025-01-27 20:10:00,89.3899,89.44,89.16,89.29,105883.0
2025-01-27 20:12:00,89.2838,89.5,89.24,89.24,149225.0
2025-01-27 20:14:00,89.22,89.27,89.035,89.1501,113434.0
2025-01-27 20:16:00,89.16,89.2599,89.03,89.045,117075.0
2025-01-27 20:18:00,89.05,89.31,89.02,89.23,123330.0
2025-01-27 20:20:00,89.23,89.31,89.05,89.1,116747.0
2025-01-27 20:22:00,89.09,89.22,89.06,89.1615,114730.0
2025-01-27 20:24:00,89.1701,89.41,89.1701,89.39,116083.0
2025-01-27 20:26:00,89.39,89.57,89.34,89.5,178446.0
2025-01-27 20:28:00,89.5199,89.6843,89.51,89.62,125207.0
2025-01-27 20:30:00,89.63,89.94,89.625,89.83,309947.0
2025-01-27 20:32:00,89.84,90.146104,89.825,90.125,190644.0
2025-01-27 20:34:00,90.125,90.23,90.06,90.115,140943.0
2025-01-27 20:36:00,90.115,90.47,90.1,90.375,260393.0
2025-01-27 20:38:00,90.39,90.4999,90.33,90.42,178926.0
2025-01-27 20:40:00,90.415,90.54,90.25,90.36,228520.0
2025-01-27 20:42:00,90.37,90.62,90.37,90.61,224854.0
2025-01-27 20:44:00,90.615,90.67,90.46,90.48,258780.0
2025-01-27 20:46:00,90.485,90.58,90.405,90.575,172014.0
2025-01-27 20:48:00,90.575,90.78,90.48,90.685,333760.0
2025-01-27 20:50:00,90.68,90.68,90.31,90.315,414082.0
2025-01-27 20:52:00,90.32,90.37,90.0,90.075,410829.0
2025-01-27 20:54:00,90.075,90.59,90.05,90.575,486667.0
2025-01-27 20:56:00,90.57,91.12,90.5334,90.96,584697.0
2025-01-27 20:58:00,90.96,91.16,90.925,91.12,754804.0
2025-01-27 21:00:00,91.11,91.32,91.01,91.2,99863.0
2025-01-27 21:02:00,91.21,91.3,91.19,91.25,6049.0
2025-01-27 21:04:00,91.29,91.4978,91.25,91.4978,8523.0
2025-01-27 21:06:00,91.4999,91.4999,91.28,91.34,12919.0
2025-01-27 21:08:00,91.301,91.34,91.11,91.34,47899.0
2025-01-27 21:10:00,91.38,91.47,91.36,91.45,11253.0
2025-01-27 21:12:00,91.4309,91.58,91.4309,91.58,13922.0
2025-01-27 21:14:00,91.57,91.7,91.57,91.7,8050.0
2025-01-27 21:16:00,91.75,91.95,91.75,91.94,15386.0
2025-01-27 21:18:00,91.95,91.99,91.7702,91.7702,7981.0
2025-01-27 21:20:00,91.7701,91.9,91.7701,91.9,5228.0
2025-01-27 21:22:00,91.89,92.12,91.85,92.12,19804.0
2025-01-27 21:24:00,92.15,92.15,92.01,92.01,7458.0
2025-01-27 21:26:00,92.04,92.15,92.04,92.1001,7176.0
2025-01-27 21:28:00,92.16,92.16,92.01,92.01,3516.0
2025-01-27 21:30:00,92.03,92.1,92.0101,92.05,5054.0
2025-01-27 21:32:00,92.05,92.12,92.03,92.1,5405.0
2025-01-27 21:34:00,92.11,92.14,92.08,92.13,4124.0
2025-01-27 21:36:00,92.14,92.24,92.09,92.09,14141.0
2025-01-27 21:38:00,92.1899,92.19,92.08,92.19,5313.0
2025-01-27 21:40:00,92.1892,92.1892,92.0,92.0,4997.0
2025-01-27 21:42:00,91.9104,91.9799,91.86,91.9716,1241.0
2025-01-27 21:44:00,91.9785,91.98,91.86,91.9,2337.0
2025-01-27 21:46:00,91.84,91.84,91.71,91.78,3574.0
2025-01-27 21:48:00,91.7,91.779,91.6825,91.69,5420.0
2025-01-27 21:50:00,91.75,91.7585,91.75,91.7585,687.0
2025-01-27 21:52:00,91.77,92.11,91.75,92.11,31338.0
2025-01-27 21:54:00,91.74,91.77,91.11,91.71,2320.0
2025-01-27 21:56:00,91.77,91.77,91.7688,91.7688,1268.0
2025-01-27 21:58:00,91.77,91.87,91.714,91.87,1776.0
2025-01-27 22:00:00,91.8,91.84,91.8,91.81,607.0
2025-01-27 22:02:00,91.87,91.91,91.84,91.84,1014.0
2025-01-27 22:04:00,91.9299,91.93,91.92,91.92,1352.0
2025-01-27 22:06:00,91.86,91.86,91.86,91.86,398.0
2025-01-27 22:08:00,91.9,91.94,91.9,91.94,1036.0
2025-01-27 22:10:00,91.93,91.94,91.89,91.9,4430.0
2025-01-27 22:12:00,91.94,91.94,91.93,91.94,1413.0
2025-01-27 22:14:00,91.89,91.9867,91.89,91.89,1219.0
2025-01-27 22:16:00,91.89,91.89,91.8446,91.89,706.0
2025-01-27 22:18:00,91.89,91.89,91.89,91.89,678.0
2025-01-27 22:20:00,91.89,91.901,91.89,91.901,3276.0
2025-01-27 22:22:00,91.94,91.94,91.9007,91.9007,2211.0
2025-01-27 22:24:00,91.94,91.94,91.94,91.94,2576.0
2025-01-27 22:26:00,91.9354,91.9485,91.93,91.93,2381.0
2025-01-27 22:28:00,91.94,91.9936,91.94,91.9936,1801.0
2025-01-27 22:30:00,91.9986,92.05,91.9986,92.0494,2024.0
2025-01-27 22:32:00,92.05,92.05,92.05,92.05,224.0
2025-01-27 22:34:00,92.05,92.1,92.05,92.0517,1765.0
2025-01-27 22:38:00,92.05,92.1,92.05,92.0512,937.0
2025-01-27 22:40:00,92.1,92.16,92.05,92.16,3139.0
2025-01-27 22:42:00,92.2455,92.25,92.15,92.25,3258.0
2025-01-27 22:44:00,92.3499,92.35,92.3499,92.35,809.0
2025-01-27 22:46:00,92.35,92.44,92.3299,92.44,3714.0
2025-01-27 22:48:00,92.401,92.4699,92.401,92.4699,1069.0
2025-01-27 22:50:00,92.4,92.44,92.3019,92.3019,1080.0
2025-01-27 22:52:00,92.4489,92.47,92.4,92.47,2374.0
2025-01-27 22:54:00,92.48,92.6599,92.48,92.6599,5664.0
2025-01-27 22:56:00,92.6508,92.6544,92.6508,92.6544,828.0
2025-01-27 22:58:00,92.6,92.66,92.578,92.58,3597.0
2025-01-27 23:00:00,92.5001,92.51,92.5,92.51,1806.0
2025-01-27 23:02:00,92.55,92.61,92.5,92.5,2651.0
2025-01-27 23:04:00,92.49,92.49,92.46,92.46,1073.0
2025-01-27 23:06:00,92.46,92.566,92.46,92.55,1586.0
2025-01-27 23:08:00,92.55,92.5862,92.55,92.5862,987.0
2025-01-27 23:10:00,92.47,92.47,92.4099,92.4099,12857.0
2025-01-27 23:12:00,92.37,92.37,92.34,92.34,1013.0
2025-01-27 23:14:00,92.3,92.34,92.3,92.31,7951.0
2025-01-27 23:16:00,92.3099,92.4312,92.3,92.4312,1744.0
2025-01-27 23:18:00,92.3047,92.3047,92.3047,92.3047,509.0
2025-01-27 23:20:00,92.4284,92.4853,92.3,92.3,7954.0
2025-01-27 23:22:00,92.0378,92.1955,92.0,92.18,2225.0
2025-01-27 23:24:00,92.0201,92.1857,92.0201,92.17,1291.0
2025-01-27 23:26:00,92.005,92.1,92.0,92.01,1557.0
2025-01-27 23:28:00,92.0,92.08,91.9098,91.9098,5868.0
2025-01-27 23:30:00,91.9159,91.9159,91.9,91.9,881.0
2025-01-27 23:32:00,91.91,91.92,91.91,91.92,419.0
2025-01-27 23:34:00,92.0,92.0,92.0,92.0,477.0
2025-01-27 23:36:00,92.115,92.15,92.0,92.15,11221.0
2025-01-27 23:38:00,92.1491,92.15,92.01,92.0101,6243.0
2025-01-27 23:42:00,92.0057,92.15,92.0057,92.15,1463.0
2025-01-27 23:44:00,92.0118,92.0118,92.0118,92.0118,553.0
2025-01-27 23:48:00,92.01,92.01,92.0,92.0,2072.0
2025-01-27 23:50:00,92.01,92.0953,92.01,92.0953,1425.0
2025-01-27 23:52:00,91.99,91.99,91.99,91.99,249.0
2025-01-27 23:54:00,92.0,92.0,92.0,92.0,120.0
2025-01-28 00:00:00,92.0,92.0,92.0,92.0,331.0
2025-01-28 00:02:00,92.0032,92.1,92.0032,92.1,604.0
2025-01-28 00:06:00,92.1,92.1,92.05,92.05,847.0
2025-01-28 00:08:00,92.0011,92.1,92.0011,92.0955,5751.0
2025-01-28 00:10:00,92.1,92.1,91.9612,91.9612,765.0
2025-01-28 00:12:00,91.9612,92.0,91.9612,91.98,757.0
2025-01-28 00:14:00,91.98,91.98,91.93,91.93,1663.0
2025-01-28 00:16:00,91.9025,92.0,91.9025,92.0,2833.0
2025-01-28 00:18:00,92.04,92.04,92.0,92.04,1381.0
2025-01-28 00:20:00,92.0001,92.0975,92.0,92.0975,2518.0
2025-01-28 00:22:00,92.0595,92.0595,92.0025,92.0025,1433.0
2025-01-28 00:24:00,92.0122,92.0972,92.0122,92.0972,749.0
2025-01-28 00:26:00,92.0978,92.0978,92.03,92.05,771.0
2025-01-28 00:28:00,92.06,92.06,92.06,92.06,803.0
2025-01-28 00:30:00,92.05,92.05,92.0,92.0,2590.0
2025-01-28 00:32:00,92.0,92.01,91.9702,92.0,2599.0
2025-01-28 00:34:00,91.9993,91.9993,91.97,91.97,814.0
2025-01-28 00:36:00,92.0,92.0,91.98,92.0,879.0
2025-01-28 00:38:00,91.9999,91.9999,91.9992,91.9992,771.0
2025-01-28 00:40:00,91.9,91.97,91.9,91.97,1539.0
2025-01-28 00:42:00,91.86,91.86,91.85,91.85,1004.0
2025-01-28 00:44:00,91.8043,91.8043,91.8,91.8,1665.0
2025-01-28 00:46:00,91.8,91.8,91.7503,91.78,1393.0
2025-01-28 00:48:00,91.75,91.7863,91.75,91.77,1855.0
2025-01-28 00:52:00,91.7502,91.76,91.7033,91.7592,3383.0
2025-01-28 00:54:00,91.76,91.76,91.76,91.76,1658.0
2025-01-28 00:56:00,91.75,91.75,91.7,91.7061,3269.0
2025-01-28 00:58:00,91.75,91.8715,91.7055,91.7055,1219.0
2025-01-28 09:00:00,92.74,93.04,92.57,93.0,8088.0
2025-01-28 09:02:00,93.39,93.39,93.39,93.39,856.0
2025-01-28 09:04:00,93.3,93.6,93.3,93.5,8756.0
2025-01-28 09:06:00,93.5,93.5,93.3,93.3,1549.0
2025-01-28 09:08:00,93.3,93.3,93.29,93.29,1532.0
2025-01-28 09:10:00,93.3,93.36,93.3,93.32,638.0
2025-01-28 09:12:00,93.45,93.64,93.45,93.64,1205.0
2025-01-28 09:14:00,93.55,93.55,93.53,93.53,652.0
2025-01-28 09:16:00,93.52,93.52,93.51,93.51,506.0
2025-01-28 09:20:00,93.45,93.45,93.45,93.45,283.0
2025-01-28 09:24:00,93.47,93.5,93.38,93.5,5999.0
2025-01-28 09:26:00,93.48,93.48,93.37,93.37,1003.0
2025-01-28 09:28:00,93.35,93.39,93.26,93.38,4053.0
2025-01-28 09:30:00,93.38,93.49,93.16,93.34,6237.0
2025-01-28 09:32:00,93.3,93.35,93.3,93.35,1396.0
2025-01-28 09:34:00,93.3,93.3,93.3,93.3,103.0
2025-01-28 09:36:00,93.46,93.5,93.46,93.5,515.0
2025-01-28 09:38:00,93.47,93.47,93.47,93.47,423.0
2025-01-28 09:44:00,93.5,93.5,93.42,93.42,1980.0
2025-01-28 09:46:00,93.49,93.49,93.49,93.49,540.0
2025-01-28 09:48:00,93.5,93.5,93.5,93.5,802.0
2025-01-28 09:50:00,93.47,93.47,93.44,93.45,1169.0
2025-01-28 09:54:00,93.42,93.42,93.42,93.42,324.0
2025-01-28 09:56:00,93.45,93.48,93.45,93.48,646.0
2025-01-28 09:58:00,93.49,93.5,93.49,93.5,1759.0
2025-01-28 10:00:00,93.5,93.5,93.45,93.5,4347.0
2025-01-28 10:02:00,93.49,93.55,93.49,93.55,2030.0
2025-01-28 10:04:00,93.61,93.61,93.61,93.61,474.0
2025-01-28 10:08:00,93.61,93.61,93.61,93.61,133.0
2025-01-28 10:10:00,93.56,93.56,93.56,93.56,111.0
2025-01-28 10:12:00,93.55,93.55,93.55,93.55,342.0
2025-01-28 10:14:00,93.52,93.52,93.3,93.31,8146.0
2025-01-28 10:16:00,93.32,93.32,93.21,93.3,9673.0
2025-01-28 10:20:00,93.44,93.44,93.4,93.4,1074.0
2025-01-28 10:24:00,93.4,93.49,93.4,93.49,655.0
2025-01-28 10:26:00,93.48,93.48,93.4,93.4,642.0
2025-01-28 10:28:00,93.36,93.36,93.27,93.27,982.0
2025-01-28 10:30:00,93.27,93.27,93.0,93.06,4087.0
2025-01-28 10:32:00,93.19,93.19,93.07,93.07,579.0
2025-01-28 10:38:00,93.05,93.05,92.94,92.94,2276.0
2025-01-28 10:40:00,93.0,93.0,92.95,92.98,1293.0
2025-01-28 10:42:00,92.95,92.95,92.95,92.95,1170.0
2025-01-28 10:44:00,92.95,92.95,92.93,92.95,1388.0
2025-01-28 10:46:00,92.97,92.97,92.94,92.94,912.0
2025-01-28 10:48:00,93.0,93.05,93.0,93.05,1108.0
2025-01-28 10:52:00,93.06,93.06,93.05,93.05,2877.0
2025-01-28 10:54:00,93.06,93.06,93.05,93.05,1140.0
2025-01-28 10:56:00,93.08,93.14,93.08,93.12,1460.0
2025-01-28 10:58:00,93.08,93.09,93.05,93.09,2190.0
2025-01-28 11:00:00,93.05,93.11,93.05,93.11,1607.0
2025-01-28 11:02:00,93.03,93.05,93.03,93.05,621.0
2025-01-28 11:06:00,93.09,93.16,93.09,93.09,3500.0
2025-01-28 11:08:00,93.09,93.18,93.09,93.18,3199.0
2025-01-28 11:10:00,93.19,93.19,93.19,93.19,406.0
2025-01-28 11:12:00,93.11,93.15,93.11,93.15,867.0
2025-01-28 11:14:00,93.15,93.23,93.15,93.19,984.0
2025-01-28 11:16:00,93.17,93.17,93.17,93.17,243.0
2025-01-28 11:18:00,93.06,93.07,93.06,93.07,723.0
2025-01-28 11:20:00,93.07,93.07,93.07,93.07,403.0
2025-01-28 11:22:00,93.07,93.12,92.94,92.94,8930.0
2025-01-28 11:24:00,92.93,92.97,92.6,92.6,20744.0
2025-01-28 11:26:00,92.59,92.59,92.34,92.41,3180.0
2025-01-28 11:28:00,92.39,92.39,92.39,92.39,276.0
2025-01-28 11:30:00,92.4,92.51,92.4,92.51,729.0
2025-01-28 11:32:00,92.49,92.49,92.4,92.41,1849.0
2025-01-28 11:34:00,92.41,92.41,92.39,92.39,3300.0
2025-01-28 11:36:00,92.39,92.54,92.39,92.54,1555.0
2025-01-28 11:38:00,92.59,92.59,92.56,92.56,752.0
2025-01-28 11:40:00,92.68,92.72,92.68,92.72,1477.0
2025-01-28 11:42:00,92.65,92.7,92.65,92.7,1007.0
2025-01-28 11:46:00,92.58,92.62,92.5,92.5,2321.0
2025-01-28 11:48:00,92.56,92.76,92.56,92.75,3441.0
2025-01-28 11:50:00,92.75,92.75,92.6,92.6,1614.0
2025-01-28 11:54:00,92.51,92.51,92.51,92.51,722.0
2025-01-28 11:56:00,92.5,92.5,92.32,92.32,2962.0
2025-01-28 12:00:00,92.31,92.8,92.12,92.12,9782.0
2025-01-28 12:02:00,92.17,92.17,91.77,91.78,8594.0
2025-01-28 12:04:00,91.74,91.93,91.74,91.9,3029.0
2025-01-28 12:06:00,91.99,92.13,91.92,92.0,11745.0
2025-01-28 12:08:00,92.11,92.18,92.0,92.0,2857.0
2025-01-28 12:10:00,91.9,91.97,91.86,91.97,5039.0
2025-01-28 12:12:00,91.95,92.05,91.95,92.0,6257.0
2025-01-28 12:14:00,92.02,92.1,92.0,92.0,7195.0
2025-01-28 12:16:00,92.0,92.0,91.86,91.93,6563.0
2025-01-28 12:18:00,91.96,91.96,91.77,91.77,10423.0
2025-01-28 12:20:00,91.79,91.87,91.79,91.87,4527.0
2025-01-28 12:22:00,91.88,91.88,91.88,91.88,626.0
2025-01-28 12:24:00,91.97,92.11,91.93,92.01,5511.0
2025-01-28 12:26:00,92.04,92.04,92.04,92.04,100.0
2025-01-28 12:28:00,92.01,92.01,92.0,92.0,2160.0
2025-01-28 12:30:00,92.0,92.0,91.84,92.0,5567.0
2025-01-28 12:32:00,91.98,92.0,91.91,91.91,1877.0
2025-01-28 12:34:00,92.0,92.0,91.95,91.95,579.0
2025-01-28 12:36:00,92.0,92.1,92.0,92.05,4484.0
2025-01-28 12:38:00,92.06,92.06,91.8,91.9,2856.0
2025-01-28 12:40:00,91.89,91.96,91.89,91.96,1246.0
2025-01-28 12:42:00,91.83,91.83,91.7,91.7,1754.0
2025-01-28 12:44:00,91.79,91.79,91.79,91.79,1066.0
2025-01-28 12:46:00,91.76,91.76,91.75,91.75,669.0
2025-01-28 12:48:00,91.71,91.71,91.63,91.63,2480.0
2025-01-28 12:50:00,91.68,91.85,91.68,91.825,3559.0
2025-01-28 12:52:00,91.77,92.06,91.76,92.06,3287.0
2025-01-28 12:54:00,92.13,92.14,92.01,92.06,2071.0
2025-01-28 12:56:00,92.1,92.125,92.1,92.125,912.0
2025-01-28 12:58:00,92.11,92.11,91.8,91.8,3722.0
2025-01-28 13:00:00,92.01,93.4295,91.7,91.86,97091.0
2025-01-28 13:02:00,91.87,91.9,91.8,91.9,3988.0
2025-01-28 13:04:00,91.9,91.9463,91.9,91.93,2419.0
2025-01-28 13:06:00,91.8014,91.87,91.68,91.69,2213.0
2025-01-28 13:08:00,91.68,91.8,91.68,91.8,1166.0
2025-01-28 13:10:00,91.75,91.795,91.66,91.78,5303.0
2025-01-28 13:12:00,91.77,91.94,91.725,91.87,9253.0
2025-01-28 13:14:00,92.0,92.04,91.92,92.04,4237.0
2025-01-28 13:16:00,92.05,92.08,92.04,92.05,2470.0
2025-01-28 13:18:00,92.07,92.18,92.0,92.18,4753.0
2025-01-28 13:20:00,92.18,92.43,92.045,92.045,6568.0
2025-01-28 13:22:00,92.22,92.5,92.22,92.5,5192.0
2025-01-28 13:24:00,92.5,92.5,92.3,92.4658,1966.0
2025-01-28 13:26:00,92.45,92.45,92.1535,92.1535,10988.0
2025-01-28 13:28:00,92.1515,92.3,92.15,92.15,15720.0
2025-01-28 13:30:00,92.29,92.33,92.15,92.25,4034.0
2025-01-28 13:32:00,92.2,92.2099,92.0,92.0,6356.0
2025-01-28 13:34:00,92.15,92.15,92.0,92.0,7599.0
2025-01-28 13:36:00,92.15,92.15,91.9,91.9,6587.0
2025-01-28 13:38:00,91.8501,92.0,91.8501,92.0,8587.0
2025-01-28 13:40:00,92.0,92.2,92.0,92.0001,10573.0
2025-01-28 13:42:00,92.0029,92.04,92.0,92.0001,3852.0
2025-01-28 13:44:00,91.97,91.97,91.93,91.93,1085.0
2025-01-28 13:46:00,92.0009,92.0009,92.0009,92.0009,351.0
2025-01-28 13:48:00,92.097,92.11,92.0919,92.11,2028.0
2025-01-28 13:50:00,92.11,92.15,92.1,92.15,3466.0
2025-01-28 13:52:00,92.15,92.24,92.15,92.1975,2130.0
2025-01-28 13:54:00,92.16,92.16,91.99,91.99,2318.0
2025-01-28 13:56:00,91.9999,92.1,91.9999,92.1,1616.0
2025-01-28 13:58:00,92.1,92.11,92.0001,92.11,8932.0
2025-01-28 14:00:00,92.09,92.1,92.05,92.05,2014.0
2025-01-28 14:02:00,92.08,92.08,92.05,92.0558,3241.0
2025-01-28 14:04:00,92.1,92.11,91.9099,91.99,9543.0
2025-01-28 14:06:00,92.06,92.06,91.75,91.75,8415.0
2025-01-28 14:08:00,91.7,91.72,91.58,91.63,9250.0
2025-01-28 14:10:00,91.74,91.74,91.61,91.69,2401.0
2025-01-28 14:12:00,91.65,91.65,91.6,91.6,3836.0
2025-01-28 14:14:00,91.65,91.65,91.56,91.56,4018.0
2025-01-28 14:16:00,91.56,91.69,91.5,91.69,13459.0
2025-01-28 14:18:00,91.69,91.69,91.53,91.53,1489.0
2025-01-28 14:20:00,91.52,91.6,91.51,91.57,3145.0
2025-01-28 14:22:00,91.6875,91.6875,91.5,91.55,1966.0
2025-01-28 14:24:00,91.57,91.64,91.28,91.49,15801.0
2025-01-28 14:26:00,91.59,92.1,91.44,91.86,25106.0
2025-01-28 14:28:00,92.01,93.0,92.01,92.71,82655.0
2025-01-28 14:30:00,92.605,93.45,91.58,91.61,1114260.0
2025-01-28 14:32:00,91.57,91.7622,90.61,90.71,454141.0
2025-01-28 14:34:00,90.71,91.08,89.88,89.88,509223.0
2025-01-28 14:36:00,89.875,90.5,89.6,89.8056,616637.0
2025-01-28 14:38:00,89.81,89.95,89.5,89.73,527504.0
2025-01-28 14:40:00,89.73,90.02,89.56,89.585,225755.0
2025-01-28 14:42:00,89.57,89.58,89.13,89.35,245194.0
2025-01-28 14:44:00,89.345,89.43,89.24,89.3888,245301.0
2025-01-28 14:46:00,89.385,89.39,88.8001,88.885,264817.0
2025-01-28 14:48:00,88.88,89.32,88.73,89.28,374547.0
2025-01-28 14:50:00,89.27,89.47,89.115,89.29,209066.0
2025-01-28 14:52:00,89.3,89.38,89.06,89.19,220933.0
2025-01-28 14:54:00,89.22,89.5399,89.21,89.31,243752.0
2025-01-28 14:56:00,89.3253,89.33,89.04,89.18,226134.0
2025-01-28 14:58:00,89.1858,89.37,89.13,89.25,148298.0
2025-01-28 15:00:00,89.23,89.748,89.21,89.74,322841.0
2025-01-28 15:02:00,89.75,89.832,89.45,89.8,289719.0
2025-01-28 15:04:00,89.81,90.115,89.6201,90.115,216845.0
2025-01-28 15:06:00,90.13,90.4,90.055,90.2041,221125.0
2025-01-28 15:08:00,90.195,90.225,89.8101,89.96,193030.0
2025-01-28 15:10:00,89.945,90.06,89.55,89.575,170283.0
2025-01-28 15:12:00,89.5601,89.89,89.5601,89.865,167376.0
2025-01-28 15:14:00,89.9,90.03,89.63,89.7315,108298.0
2025-01-28 15:16:00,89.748,89.77,89.6035,89.695,145994.0
2025-01-28 15:18:00,89.7,90.06,89.65,89.895,182929.0
2025-01-28 15:20:00,89.88,89.88,89.67,89.7,102350.0
2025-01-28 15:22:00,89.689,90.17,89.689,90.145,125564.0
2025-01-28 15:24:00,90.13,90.24,89.81,89.84,217350.0
2025-01-28 15:26:00,89.85,90.05,89.84,90.005,178906.0
2025-01-28 15:28:00,89.99,90.29,89.95,90.2,167022.0
2025-01-28 15:30:00,90.19,90.19,89.9,90.02,106469.0
2025-01-28 15:32:00,90.0396,90.1538,89.67,89.68,100501.0
2025-01-28 15:34:00,89.6899,89.7,89.39,89.48,286147.0
2025-01-28 15:36:00,89.465,89.9,89.3,89.89,271107.0
2025-01-28 15:38:00,89.89,89.8999,89.6725,89.6725,104792.0
2025-01-28 15:40:00,89.68,89.682,89.375,89.48,128893.0
2025-01-28 15:42:00,89.4701,89.479,89.2,89.375,198584.0
2025-01-28 15:44:00,89.38,89.48,89.08,89.09,147565.0
2025-01-28 15:46:00,89.09,89.38,89.09,89.247,106489.0
2025-01-28 15:48:00,89.24,89.43,89.2,89.41,206394.0
2025-01-28 15:50:00,89.415,89.58,89.35,89.54,214439.0
2025-01-28 15:52:00,89.53,89.67,89.47,89.56,237189.0
2025-01-28 15:54:00,89.57,89.72,89.53,89.65,151720.0
2025-01-28 15:56:00,89.655,89.935,89.61,89.89,201909.0
2025-01-28 15:58:00,89.89,89.95,89.765,89.88,146505.0
2025-01-28 16:00:00,89.88,90.1,89.8639,89.8639,141993.0
2025-01-28 16:02:00,89.88,89.8806,89.67,89.81,98178.0
2025-01-28 16:04:00,89.83,89.99,89.83,89.9401,62016.0
2025-01-28 16:06:00,89.955,89.965,89.74,89.7599,89788.0
2025-01-28 16:08:00,89.74,89.78,89.41,89.45,225453.0
2025-01-28 16:10:00,89.4453,89.7,89.4101,89.66,113696.0
2025-01-28 16:12:00,89.65,89.66,89.53,89.536,73597.0
2025-01-28 16:14:00,89.535,89.665,89.53,89.635,87923.0
2025-01-28 16:16:00,89.64,89.68,89.42,89.425,101214.0
2025-01-28 16:18:00,89.425,89.505,89.33,89.33,113692.0
2025-01-28 16:20:00,89.335,89.335,89.12,89.19,122379.0
2025-01-28 16:22:00,89.218,89.24,89.15,89.21,109749.0
2025-01-28 16:24:00,89.21,89.34,89.18,89.18,98950.0
2025-01-28 16:26:00,89.16,89.165,88.9,88.935,226464.0
2025-01-28 16:28:00,88.935,88.975,88.75,88.77,259156.0
2025-01-28 16:30:00,88.765,88.93,88.68,88.875,255999.0
2025-01-28 16:32:00,88.87,88.89,88.6,88.67,217741.0
2025-01-28 16:34:00,88.67,88.74,88.471,88.495,216328.0
2025-01-28 16:36:00,88.49,88.67,88.48,88.51,211972.0
2025-01-28 16:38:00,88.51,88.75,88.51,88.64,188324.0
2025-01-28 16:40:00,88.66,88.6948,88.26,88.265,283979.0
2025-01-28 16:42:00,88.265,88.31,88.085,88.27,316915.0
2025-01-28 16:44:00,88.27,88.41,88.1,88.15,204542.0
2025-01-28 16:46:00,88.146,88.355,88.13,88.255,168032.0
2025-01-28 16:48:00,88.255,88.31,88.145,88.2738,204260.0
2025-01-28 16:50:00,88.275,88.48,88.181,88.276,176236.0
2025-01-28 16:52:00,88.275,88.34,88.2,88.225,154978.0
2025-01-28 16:54:00,88.22,88.225,88.04,88.08,198499.0
2025-01-28 16:56:00,88.08,88.13,88.04,88.0687,160600.0
2025-01-28 16:58:00,88.065,88.53,88.04,88.4,206201.0
2025-01-28 17:00:00,88.395,88.7798,88.385,88.775,180430.0
2025-01-28 17:02:00,88.775,88.9985,88.7647,88.97,214410.0
2025-01-28 17:04:00,88.975,89.16,88.9414,89.14,132768.0
2025-01-28 17:06:00,89.145,89.195,88.88,88.94,115043.0
2025-01-28 17:08:00,88.9499,89.05,88.8675,88.91,168015.0
2025-01-28 17:10:00,88.91,88.96,88.86,88.91,104794.0
2025-01-28 17:12:00,88.905,88.954,88.86,88.91,99860.0
2025-01-28 17:14:00,88.91,88.96,88.86,88.945,114747.0
2025-01-28 17:16:00,88.9497,89.0,88.9,88.945,102183.0
2025-01-28 17:18:00,88.94,89.08,88.88,89.0799,170922.0
2025-01-28 17:20:00,89.075,89.1159,88.955,89.03,154714.0
2025-01-28 17:22:00,89.04,89.28,89.04,89.0802,285740.0
2025-01-28 17:24:00,89.09,89.28,89.08,89.165,121749.0
2025-01-28 17:26:00,89.17,89.21,89.0,89.015,109780.0
2025-01-28 17:28:00,89.02,89.09,88.99,89.0,119425.0
2025-01-28 17:30:00,89.0,89.02,88.85,88.895,132612.0
2025-01-28 17:32:00,88.9,88.92,88.75,88.83,175535.0
2025-01-28 17:34:00,88.83,89.07,88.82,88.89,171568.0
2025-01-28 17:36:00,88.875,89.02,88.87,88.92,74174.0
2025-01-28 17:38:00,88.91,88.91,88.75,88.8196,129812.0
2025-01-28 17:40:00,88.82,88.85,88.6,88.61,98300.0
2025-01-28 17:42:00,88.605,88.6399,88.5,88.5,158842.0
2025-01-28 17:44:00,88.5,88.5095,88.32,88.42,169857.0
2025-01-28 17:46:00,88.41,88.565,88.41,88.46,117517.0
2025-01-28 17:48:00,88.475,88.64,88.465,88.6117,103895.0
2025-01-28 17:50:00,88.61,88.615,88.5,88.51,57324.0
2025-01-28 17:52:00,88.51,88.55,88.49,88.49,77454.0
2025-01-28 17:54:00,88.495,88.645,88.495,88.56,83350.0
2025-01-28 17:56:00,88.565,88.565,88.45,88.51,116163.0
2025-01-28 17:58:00,88.5,88.5398,88.455,88.5,78650.0
2025-01-28 18:00:00,88.51,88.525,88.45,88.47,75908.0
2025-01-28 18:02:00,88.48,88.595,88.48,88.55,71093.0
2025-01-28 18:04:00,88.555,88.7799,88.55,88.5999,121425.0
2025-01-28 18:06:00,88.585,88.68,88.55,88.595,62687.0
2025-01-28 18:08:00,88.595,88.795,88.595,88.73,108780.0
2025-01-28 18:10:00,88.725,88.875,88.725,88.815,89578.0
2025-01-28 18:12:00,88.815,88.815,88.69,88.7,51552.0
2025-01-28 18:14:00,88.7047,88.925,88.7,88.9,74520.0
2025-01-28 18:16:00,88.905,88.995,88.885,88.915,82239.0
2025-01-28 18:18:00,88.915,89.015,88.91,88.985,132953.0
2025-01-28 18:20:00,88.985,89.09,88.985,89.06,72899.0
2025-01-28 18:22:00,89.06,89.065,88.89,88.915,79401.0
2025-01-28 18:24:00,88.915,89.0653,88.915,89.035,67146.0
2025-01-28 18:26:00,89.035,89.0576,88.9,88.98,73106.0
2025-01-28 18:28:00,88.975,89.024,88.91,88.935,95609.0
2025-01-28 18:30:00,88.935,88.96,88.9,88.92,56636.0
2025-01-28 18:32:00,88.92,88.935,88.87,88.875,92331.0
2025-01-28 18:34:00,88.88,88.947,88.82,88.87,109272.0
2025-01-28 18:36:00,88.865,88.99,88.82,88.97,46502.0
2025-01-28 18:38:00,88.98,88.98,88.84,88.88,62960.0
2025-01-28 18:40:00,88.87,88.9,88.7901,88.815,73490.0
2025-01-28 18:42:00,88.82,88.88,88.6328,88.65,66950.0
2025-01-28 18:44:00,88.66,88.67,88.52,88.535,78697.0
2025-01-28 18:46:00,88.54,88.65,88.5,88.6117,80615.0
2025-01-28 18:48:00,88.625,88.98,88.625,88.872,121304.0
2025-01-28 18:50:00,88.86,88.9,88.77,88.83,55666.0
2025-01-28 18:52:00,88.83,88.965,88.78,88.965,65676.0
2025-01-28 18:54:00,88.965,89.125,88.9635,89.0701,105922.0
2025-01-28 18:56:00,89.085,89.25,89.0849,89.2302,82351.0
2025-01-28 18:58:00,89.23,89.23,89.03,89.03,73853.0
2025-01-28 19:00:00,89.03,89.075,88.94,89.0,66524.0
2025-01-28 19:02:00,89.005,89.055,88.91,88.91,195741.0
2025-01-28 19:04:00,88.915,88.96,88.825,88.89,135620.0
2025-01-28 19:06:00,88.895,88.9062,88.79,88.795,147122.0
2025-01-28 19:08:00,88.79,88.8862,88.73,88.77,112769.0
2025-01-28 19:10:00,88.77,88.9,88.74,88.83,119542.0
2025-01-28 19:12:00,88.83,88.86,88.72,88.74,77502.0
2025-01-28 19:14:00,88.74,88.9795,88.735,88.975,142475.0
2025-01-28 19:16:00,88.98,89.05,88.96,89.03,206552.0
2025-01-28 19:18:00,89.02,89.2,88.99,89.0,146626.0
2025-01-28 19:20:00,89.0084,89.105,88.99,89.075,76287.0
2025-01-28 19:22:00,89.09,89.1975,89.025,89.1975,79266.0
2025-01-28 19:24:00,89.199,89.21,89.05,89.085,71262.0
2025-01-28 19:26:00,89.085,89.13,89.035,89.0356,57813.0
2025-01-28 19:28:00,89.035,89.11,89.0,89.04,64080.0
2025-01-28 19:30:00,89.0435,89.06,88.97,88.98,85575.0
2025-01-28 19:32:00,88.9785,89.0283,88.95,88.995,74374.0
2025-01-28 19:34:00,88.995,89.06,88.95,89.01,60519.0
2025-01-28 19:36:00,89.015,89.135,89.01,89.04,113602.0
2025-01-28 19:38:00,89.05,89.0698,88.99,89.055,79863.0
2025-01-28 19:40:00,89.055,89.215,89.045,89.2,79745.0
2025-01-28 19:42:00,89.205,89.28,89.19,89.24,104230.0
2025-01-28 19:44:00,89.23,89.35,89.23,89.298,85661.0
2025-01-28 19:46:00,89.305,89.495,89.3,89.48,132774.0
2025-01-28 19:48:00,89.4701,89.88,89.47,89.875,263527.0
2025-01-28 19:50:00,89.875,89.875,89.61,89.6499,113734.0
2025-01-28 19:52:00,89.645,89.83,89.58,89.58,106711.0
2025-01-28 19:54:00,89.5871,89.6299,89.505,89.605,108508.0
2025-01-28 19:56:00,89.605,89.72,89.48,89.72,126709.0
2025-01-28 19:58:00,89.7101,89.765,89.52,89.5877,100150.0
2025-01-28 20:00:00,89.58,89.65,89.25,89.2601,168922.0
2025-01-28 20:02:00,89.2699,89.285,89.17,89.21,206197.0
2025-01-28 20:04:00,89.205,89.35,89.14,89.31,147380.0
2025-01-28 20:06:00,89.3,89.35,89.175,89.305,83157.0
2025-01-28 20:08:00,89.3,89.435,89.27,89.36,105074.0
2025-01-28 20:10:00,89.36,89.55,89.3201,89.42,108598.0
2025-01-28 20:12:00,89.41,89.455,89.355,89.455,82170.0
2025-01-28 20:14:00,89.45,89.4688,89.405,89.425,67943.0
2025-01-28 20:16:00,89.42,89.42,89.275,89.28,144528.0
2025-01-28 20:18:00,89.28,89.32,89.27,89.295,106356.0
2025-01-28 20:20:00,89.295981,89.35,89.24,89.275,73566.0
2025-01-28 20:22:00,89.275,89.3,89.1401,89.205,76619.0
2025-01-28 20:24:00,89.205,89.28,89.15,89.155,104810.0
2025-01-28 20:26:00,89.1599,89.26,89.15,89.18,92202.0
2025-01-28 20:28:00,89.18,89.31,89.155,89.26,163731.0
2025-01-28 20:30:00,89.255,89.3,89.2,89.2783,77695.0
2025-01-28 20:32:00,89.2783,89.39,89.19,89.195,198106.0
2025-01-28 20:34:00,89.195,89.2788,89.155,89.195,84338.0
2025-01-28 20:36:00,89.195,89.245,89.12,89.126,84043.0
2025-01-28 20:38:00,89.125,89.13,89.04,89.06,152458.0
2025-01-28 20:40:00,89.05,89.14,89.0,89.135,158668.0
2025-01-28 20:42:00,89.125,89.16,89.05,89.085,131566.0
2025-01-28 20:44:00,89.085,89.085,88.76,88.76,284034.0
2025-01-28 20:46:00,88.76,88.76649,88.55,88.565,253902.0
2025-01-28 20:48:00,88.5616,88.73,88.53,88.5966,251672.0
2025-01-28 20:50:00,88.59,88.63,88.5001,88.515,365197.0
2025-01-28 20:52:00,88.515,88.56,88.5,88.515,341842.0
2025-01-28 20:54:00,88.515,88.57,88.28,88.295,475274.0
2025-01-28 20:56:00,88.295,88.295,88.08,88.0899,431331.0
2025-01-28 20:58:00,88.085,88.33,88.06,88.27,655167.0
2025-01-28 21:00:00,88.25,88.26,88.2492,88.2501,105312.0
2025-01-28 21:02:00,88.25,88.25,88.18,88.24,3548.0
2025-01-28 21:04:00,88.25,88.3,88.2012,88.27,13225.0
2025-01-28 21:06:00,88.28,88.35,88.26,88.26,9709.0
2025-01-28 21:08:00,88.28,88.3188,88.25,88.26,12473.0
2025-01-28 21:10:00,88.2806,88.31,88.25,88.25,4083.0
2025-01-28 21:12:00,88.2801,88.29,88.28,88.28,8137.0
2025-01-28 21:14:00,88.29,88.29,88.15,88.15,16235.0
2025-01-28 21:16:00,88.15,88.15,88.03,88.1,11571.0
2025-01-28 21:18:00,88.08,88.16,88.08,88.16,4521.0
2025-01-28 21:20:00,88.25,88.25,88.18,88.21,5791.0
2025-01-28 21:22:00,88.1801,88.2,88.18,88.18,2883.0
2025-01-28 21:24:00,88.1997,88.26,88.16,88.25,6854.0
2025-01-28 21:26:00,88.27,88.2793,88.24,88.2793,4642.0
2025-01-28 21:28:00,88.22,88.2686,88.17,88.1899,5623.0
2025-01-28 21:30:00,88.16,88.2,88.08,88.08,15099.0
2025-01-28 21:32:00,88.05,88.43,88.05,88.1,9852.0
2025-01-28 21:34:00,88.17,88.35,88.17,88.29,8309.0
2025-01-28 21:36:00,88.2517,88.32,88.25,88.26,5951.0
2025-01-28 21:38:00,88.28,88.3,88.25,88.2988,2258.0
2025-01-28 21:40:00,88.3,88.3,88.25,88.3,2964.0
2025-01-28 21:42:00,88.3,88.36,88.3,88.36,3218.0
2025-01-28 21:44:00,88.3993,88.4,88.38,88.4,5954.0
2025-01-28 21:46:00,88.43,88.4966,88.43,88.46,2580.0
2025-01-28 21:48:00,88.46,88.46,88.39,88.39,8247.0
2025-01-28 21:50:00,88.3998,88.49,88.3998,88.49,2280.0
2025-01-28 21:52:00,88.45,88.49,88.45,88.49,1541.0
2025-01-28 21:54:00,88.451,88.451,88.4,88.4,4020.0
2025-01-28 21:56:00,88.3901,88.48,88.3901,88.48,7253.0
2025-01-28 21:58:00,88.4491,88.45,88.36,88.36,2819.0
2025-01-28 22:00:00,88.4478,88.4494,88.36,88.449,1600.0
2025-01-28 22:02:00,88.42,88.45,88.42,88.45,2103.0
2025-01-28 22:04:00,88.45,88.45,88.35,88.35,4083.0
2025-01-28 22:06:00,88.3497,88.4,88.34,88.4,1655.0
2025-01-28 22:10:00,88.4,88.4,88.39,88.39,319.0
2025-01-28 22:12:00,88.3799,88.38,88.3799,88.38,2093.0
2025-01-28 22:14:00,88.39,88.4022,88.39,88.4022,2103.0
2025-01-28 22:16:00,88.44,88.45,88.44,88.45,1801.0
2025-01-28 22:18:00,88.44,88.4996,88.43,88.4996,7495.0
2025-01-28 22:20:00,88.5,88.6,88.5,88.6,8016.0
2025-01-28 22:22:00,88.58,88.6,88.58,88.58,2177.0
2025-01-28 22:24:00,88.56,88.6,88.56,88.6,1474.0
2025-01-28 22:26:00,88.6283,88.6283,88.6,88.6,682.0
2025-01-28 22:28:00,88.56,88.56,88.39,88.51,7814.0
2025-01-28 22:30:00,88.45,88.45,88.44,88.45,1927.0
2025-01-28 22:32:00,88.558,88.558,88.3952,88.45,744.0
2025-01-28 22:34:00,88.5,88.6,88.5,88.6,763.0
2025-01-28 22:36:00,88.58,88.62,88.58,88.62,817.0
2025-01-28 22:38:00,88.6,88.62,88.6,88.6001,1394.0
2025-01-28 22:40:00,88.6001,88.64,88.6,88.64,1333.0
2025-01-28 22:42:00,88.62,88.63,88.6,88.6,1285.0
2025-01-28 22:44:00,88.55,88.59,88.55,88.59,1566.0
2025-01-28 22:46:00,88.6,88.6,88.55,88.5993,1278.0
2025-01-28 22:50:00,88.59,88.6,88.5571,88.6,1047.0
2025-01-28 22:52:00,88.5999,88.6,88.59,88.59,924.0
2025-01-28 22:54:00,88.5991,88.6,88.5991,88.6,509.0
2025-01-28 22:56:00,88.5997,88.5997,88.53,88.57,2003.0
2025-01-28 22:58:00,88.54,88.54,88.5001,88.54,2883.0
2025-01-28 23:02:00,88.5486,88.5486,88.5015,88.511,2073.0
2025-01-28 23:04:00,88.55,88.55,88.5012,88.55,1847.0
2025-01-28 23:08:00,88.59,88.6,88.5116,88.5999,1625.0
2025-01-28 23:10:00,88.59,88.59,88.59,88.59,123.0
2025-01-28 23:12:00,88.5978,88.6,88.55,88.6,2787.0
2025-01-28 23:16:00,88.5997,88.6,88.5997,88.6,649.0
2025-01-28 23:18:00,88.61,88.64,88.601,88.64,1252.0
2025-01-28 23:20:00,88.64,88.64,88.61,88.61,3328.0
2025-01-28 23:22:00,88.54,88.6,88.54,88.6,602.0
2025-01-28 23:24:00,88.54,88.61,88.54,88.6,2876.0
2025-01-28 23:26:00,88.6,88.6,88.58,88.58,1207.0
2025-01-28 23:28:00,88.5801,88.5801,88.58,88.58,1661.0
2025-01-28 23:30:00,88.5999,88.6,88.5999,88.6,265.0
2025-01-28 23:32:00,88.5999,88.5999,88.5999,88.5999,383.0
2025-01-28 23:34:00,88.599,88.6,88.599,88.6,369.0
2025-01-28 23:36:00,88.56,88.56,88.5415,88.5415,320.0
2025-01-28 23:38:00,88.55,88.57,88.55,88.57,1061.0
2025-01-28 23:40:00,88.52,88.52,88.5012,88.5012,1572.0
2025-01-28 23:42:00,88.569,88.57,88.569,88.57,1132.0
2025-01-28 23:44:00,88.55,88.55,88.55,88.55,298.0
2025-01-28 23:46:00,88.54,88.5844,88.54,88.5844,596.0
2025-01-28 23:48:00,88.59,88.6,88.5001,88.5001,3635.0
2025-01-28 23:50:00,88.51,88.51,88.51,88.51,380.0
2025-01-28 23:52:00,88.5,88.5,88.4017,88.4017,3139.0
2025-01-28 23:56:00,88.5,88.5,88.4,88.5,909.0
2025-01-28 23:58:00,88.5,88.5,88.46,88.46,1234.0
2025-01-29 00:02:00,88.5499,88.5499,88.45,88.45,1543.0
2025-01-29 00:04:00,88.45,88.5,88.45,88.5,508.0
2025-01-29 00:06:00,88.46,88.49,88.46,88.49,690.0
2025-01-29 00:08:00,88.5,88.5,88.5,88.5,381.0
2025-01-29 00:12:00,88.5999,88.5999,88.5999,88.5999,1554.0
2025-01-29 00:14:00,88.5391,88.5391,88.5,88.51,500.0
2025-01-29 00:18:00,88.564,88.57,88.564,88.5676,443.0
2025-01-29 00:20:00,88.5001,88.55,88.5001,88.55,1399.0
2025-01-29 00:22:00,88.57,88.57,88.57,88.57,130.0
2025-01-29 00:26:00,88.5805,88.5805,88.58,88.58,845.0
2025-01-29 00:28:00,88.59,88.6364,88.59,88.62,5377.0
2025-01-29 00:30:00,88.63,88.63,88.62,88.62,1977.0
2025-01-29 00:32:00,88.6195,88.6195,88.503,88.503,603.0
2025-01-29 00:36:00,88.619,88.619,88.619,88.619,275.0
2025-01-29 00:38:00,88.5517,88.62,88.5517,88.62,418.0
2025-01-29 00:42:00,88.5301,88.6275,88.53,88.53,1532.0
2025-01-29 00:44:00,88.5,88.52,88.45,88.4501,4745.0
2025-01-29 00:46:00,88.4488,88.4488,88.4488,88.4488,291.0
2025-01-29 00:48:00,88.4,88.45,88.4,88.45,1093.0
2025-01-29 00:50:00,88.4493,88.4493,88.42,88.42,1238.0
2025-01-29 00:52:00,88.5,88.5,88.5,88.5,257.0
2025-01-29 00:54:00,88.4999,88.4999,88.43,88.48,1325.0
2025-01-29 00:56:00,88.44,88.5,88.44,88.5,5299.0
2025-01-29 00:58:00,88.47,88.5,88.47,88.5,2537.0
2025-01-29 09:00:00,90.99,91.5,90.59,91.33,33316.0
2025-01-29 09:02:00,91.25,91.3,91.25,91.25,12867.0
2025-01-29 09:04:00,91.25,91.29,91.25,91.26,33898.0
2025-01-29 09:06:00,91.25,91.58,91.24,91.58,58664.0
2025-01-29 09:08:00,91.47,91.66,91.36,91.66,14591.0
2025-01-29 09:10:00,91.68,91.68,91.55,91.56,14634.0
2025-01-29 09:12:00,91.48,91.48,91.2,91.43,12203.0
2025-01-29 09:14:00,91.29,91.29,91.25,91.26,12703.0
2025-01-29 09:16:00,91.25,91.26,91.25,91.25,8209.0
2025-01-29 09:18:00,91.32,91.33,91.25,91.33,2682.0
2025-01-29 09:20:00,91.35,91.36,91.31,91.34,1818.0
2025-01-29 09:22:00,91.33,91.33,91.25,91.28,2441.0
2025-01-29 09:24:00,91.26,91.27,91.26,91.27,921.0
2025-01-29 09:26:00,91.23,91.23,91.1,91.15,2270.0
2025-01-29 09:28:00,91.11,91.19,91.11,91.18,3651.0
2025-01-29 09:32:00,91.27,91.27,91.15,91.15,3737.0
2025-01-29 09:34:00,91.23,91.41,91.23,91.41,3790.0
2025-01-29 09:36:00,91.27,91.27,91.25,91.25,633.0
2025-01-29 09:38:00,91.27,91.41,91.25,91.25,4104.0
2025-01-29 09:40:00,91.32,91.32,91.32,91.32,330.0
2025-01-29 09:42:00,91.38,91.4,91.34,91.4,1199.0
2025-01-29 09:44:00,91.38,91.4,91.38,91.4,615.0
2025-01-29 09:46:00,91.32,91.32,91.32,91.32,808.0
2025-01-29 09:48:00,91.32,91.36,91.32,91.35,321.0
2025-01-29 09:50:00,91.32,91.38,91.32,91.36,738.0
2025-01-29 09:52:00,91.32,91.33,91.32,91.33,1100.0
2025-01-29 09:54:00,91.31,91.31,91.31,91.31,580.0
2025-01-29 09:58:00,91.31,91.34,91.29,91.29,1091.0
2025-01-29 10:00:00,91.32,91.32,91.31,91.31,1030.0
2025-01-29 10:02:00,91.31,91.31,91.25,91.25,1930.0
2025-01-29 10:04:00,91.25,91.3,91.25,91.3,2235.0
2025-01-29 10:06:00,91.25,91.3,91.25,91.25,3225.0
2025-01-29 10:08:00,91.25,91.25,91.25,91.25,1634.0
2025-01-29 10:10:00,91.25,91.25,91.25,91.25,333.0
2025-01-29 10:12:00,91.25,91.25,91.19,91.19,1996.0
2025-01-29 10:14:00,91.19,91.19,91.16,91.16,713.0
2025-01-29 10:16:00,91.18,91.18,91.18,91.18,482.0
2025-01-29 10:18:00,91.2,91.2,90.82,90.82,7674.0
2025-01-29 10:20:00,90.81,90.9,90.81,90.9,449.0
2025-01-29 10:22:00,90.84,90.89,90.84,90.89,1189.0
2025-01-29 10:24:00,90.89,90.95,90.89,90.92,631.0
2025-01-29 10:26:00,90.91,90.91,90.91,90.91,719.0
2025-01-29 10:28:00,90.9,90.9,90.83,90.83,995.0
2025-01-29 10:30:00,90.72,90.79,90.72,90.79,3253.0
2025-01-29 10:32:00,90.88,90.9,90.88,90.9,666.0
2025-01-29 10:34:00,90.84,90.84,90.84,90.84,210.0
2025-01-29 10:36:00,90.83,90.87,90.82,90.87,982.0
2025-01-29 10:38:00,90.86,90.87,90.86,90.87,440.0
2025-01-29 10:42:00,90.83,90.87,90.83,90.87,537.0
2025-01-29 10:44:00,90.87,90.87,90.87,90.87,384.0
2025-01-29 10:48:00,90.87,90.87,90.87,90.87,100.0
2025-01-29 10:52:00,90.78,90.81,90.75,90.75,1279.0
2025-01-29 10:54:00,90.75,90.75,90.75,90.75,438.0
2025-01-29 10:56:00,90.85,90.85,90.85,90.85,100.0
2025-01-29 10:58:00,90.87,90.87,90.87,90.87,200.0
2025-01-29 11:00:00,90.8,90.8,90.8,90.8,434.0
2025-01-29 11:04:00,90.76,90.88,90.76,90.88,829.0
2025-01-29 11:06:00,90.88,90.88,90.85,90.85,1221.0
2025-01-29 11:08:00,90.81,90.85,90.78,90.85,1564.0
2025-01-29 11:10:00,90.84,90.85,90.84,90.85,528.0
2025-01-29 11:16:00,90.85,90.87,90.85,90.86,615.0
2025-01-29 11:18:00,90.82,90.82,90.75,90.75,1616.0
2025-01-29 11:22:00,90.73,90.73,90.72,90.72,861.0
2025-01-29 11:24:00,90.63,90.63,90.61,90.61,776.0
2025-01-29 11:26:00,90.7,90.7,90.63,90.63,926.0
2025-01-29 11:28:00,90.63,90.65,90.63,90.65,1290.0
2025-01-29 11:30:00,90.67,90.67,90.67,90.67,413.0
2025-01-29 11:34:00,90.63,90.63,90.5,90.5,13904.0
2025-01-29 11:38:00,90.42,90.43,90.27,90.38,6379.0
2025-01-29 11:40:00,90.38,90.38,90.38,90.38,366.0
2025-01-29 11:42:00,90.39,90.5,90.39,90.5,1260.0
2025-01-29 11:46:00,90.41,90.51,90.37,90.51,2573.0
2025-01-29 11:48:00,90.58,90.59,90.54,90.54,1269.0
2025-01-29 11:54:00,90.56,90.56,90.52,90.52,979.0
2025-01-29 11:56:00,90.54,90.54,90.54,90.54,196.0
2025-01-29 12:00:00,90.62,90.71,89.88,89.88,28290.0
2025-01-29 12:02:00,89.88,89.94,89.61,89.79,15642.0
2025-01-29 12:04:00,89.92,89.92,89.83,89.85,1060.0
2025-01-29 12:06:00,89.85,89.85,89.79,89.82,2214.0
2025-01-29 12:08:00,89.77,89.77,89.5,89.51,5985.0
2025-01-29 12:10:00,89.59,89.77,89.59,89.77,2415.0
2025-01-29 12:12:00,89.77,89.84,89.77,89.82,955.0
2025-01-29 12:14:00,89.76,89.83,89.76,89.83,1943.0
2025-01-29 12:16:00,89.9,89.91,89.87,89.88,2778.0
2025-01-29 12:18:00,89.89,89.9,89.88,89.9,2317.0
2025-01-29 12:20:00,89.91,89.95,89.91,89.95,1095.0
2025-01-29 12:22:00,89.97,90.03,89.97,90.03,2669.0
2025-01-29 12:24:00,90.06,90.14,90.05,90.14,2212.0
2025-01-29 12:26:00,90.15,90.19,90.15,90.19,1308.0
2025-01-29 12:28:00,90.17,90.17,90.06,90.06,1158.0
2025-01-29 12:30:00,90.04,90.04,89.78,90.01,10853.0
2025-01-29 12:32:00,89.97,90.09,89.97,90.0,2143.0
2025-01-29 12:34:00,90.05,90.05,90.0,90.01,4147.0
2025-01-29 12:36:00,90.02,90.05,90.01,90.05,4355.0
2025-01-29 12:38:00,90.09,90.1,90.09,90.1,1336.0
2025-01-29 12:40:00,90.14,90.18,90.1,90.15,11381.0
2025-01-29 12:42:00,90.1,90.1,90.09,90.1,5242.0
2025-01-29 12:44:00,90.07,90.1,89.89,90.1,4926.0
2025-01-29 12:50:00,89.94,89.99,89.93,89.93,879.0
2025-01-29 12:52:00,89.98,90.0,89.85,89.88,2883.0
2025-01-29 12:54:00,89.91,89.96,89.86,89.96,2307.0
2025-01-29 12:56:00,89.95,89.95,89.95,89.95,388.0
2025-01-29 12:58:00,89.91,89.91,89.91,89.91,370.0
2025-01-29 13:00:00,89.95,91.51,89.19,89.8104,173605.0
2025-01-29 13:02:00,89.8001,89.87,89.75,89.79,9507.0
2025-01-29 13:04:00,89.8495,89.8495,89.76,89.76,3609.0
2025-01-29 13:06:00,89.76,89.76,89.5,89.5,18759.0
2025-01-29 13:08:00,89.38,89.4,89.2862,89.39,5137.0
2025-01-29 13:10:00,89.495,89.495,89.36,89.37,13890.0
2025-01-29 13:12:00,89.3699,89.45,89.21,89.45,11579.0
2025-01-29 13:14:00,89.44,89.45,89.4399,89.4399,1151.0
2025-01-29 13:16:00,89.42,89.5,89.3501,89.4999,12653.0
2025-01-29 13:18:00,89.4,89.4799,89.27,89.35,6507.0
2025-01-29 13:20:00,89.3201,89.5463,89.32,89.4,3892.0
2025-01-29 13:22:00,89.43,89.451,89.32,89.451,5236.0
2025-01-29 13:24:00,89.45,89.4985,89.4,89.4985,3661.0
2025-01-29 13:26:00,89.5,89.68,89.5,89.6,6496.0
2025-01-29 13:28:00,89.729,89.729,89.5809,89.63,2286.0
2025-01-29 13:30:00,89.6299,89.713,89.6299,89.713,2278.0
2025-01-29 13:32:00,89.66,89.66,89.5404,89.62,2791.0
2025-01-29 13:34:00,89.648,89.67,89.648,89.67,913.0
2025-01-29 13:36:00,89.61,89.6272,89.48,89.48,3413.0
2025-01-29 13:38:00,89.4,89.6484,89.4,89.59,3663.0
2025-01-29 13:40:00,89.48,89.51,89.45,89.5,4095.0
2025-01-29 13:42:00,89.59,89.7,89.59,89.67,2977.0
2025-01-29 13:44:00,89.63,89.63,89.53,89.55,1597.0
2025-01-29 13:46:00,89.55,89.57,89.4804,89.57,4469.0
2025-01-29 13:48:00,89.66,89.66,89.5999,89.5999,1614.0
2025-01-29 13:50:00,89.56,89.6,89.55,89.6,2581.0
2025-01-29 13:52:00,89.6599,89.66,89.6,89.6015,8386.0
2025-01-29 13:54:00,89.6,89.66,89.58,89.66,5651.0
2025-01-29 13:56:00,89.61,89.74,89.61,89.74,5614.0
2025-01-29 13:58:00,89.746,89.75,89.6282,89.75,3172.0
2025-01-29 14:00:00,89.76,89.94,89.76,89.84,5169.0
2025-01-29 14:02:00,89.7601,89.83,89.7601,89.82,2068.0
2025-01-29 14:04:00,89.82,89.98,89.82,89.97,3890.0
2025-01-29 14:06:00,89.98,90.1,89.97,90.1,26241.0
2025-01-29 14:08:00,90.1,90.1168,89.81,89.8499,8041.0
2025-01-29 14:10:00,89.82,89.8987,89.81,89.85,4954.0
2025-01-29 14:12:00,89.812,90.0,89.812,90.0,5522.0
2025-01-29 14:14:00,89.99,90.13,89.9659,90.04,7401.0
2025-01-29 14:16:00,90.0999,90.0999,90.0,90.0,7426.0
2025-01-29 14:18:00,90.02,90.02,89.99,90.0106,2577.0
2025-01-29 14:20:00,90.05,90.05,90.0,90.0,3218.0
2025-01-29 14:22:00,90.0,90.08,89.93,90.0,3466.0
2025-01-29 14:24:00,90.0001,90.19,90.0,90.19,10041.0
2025-01-29 14:26:00,90.02,90.18,89.9,89.99,14292.0
2025-01-29 14:28:00,89.97,90.0,89.86,89.95,9921.0
2025-01-29 14:30:00,89.88,90.45,89.54,89.88,737190.0
2025-01-29 14:32:00,89.885,90.0,89.36,89.53,265264.0
2025-01-29 14:34:00,89.53,89.976,89.08,89.94,289280.0
2025-01-29 14:36:00,89.961,89.961,89.15,89.285,247848.0
2025-01-29 14:38:00,89.29,89.335,88.85,89.2565,306371.0
2025-01-29 14:40:00,89.29,89.53,89.21,89.265,157449.0
2025-01-29 14:42:00,89.3,89.335,89.012,89.2485,147230.0
2025-01-29 14:44:00,89.29,89.39,88.97,89.045,277390.0
2025-01-29 14:46:00,89.06,89.51,89.04,89.245,149742.0
2025-01-29 14:48:00,89.21,89.44,89.11,89.135,149387.0
2025-01-29 14:50:00,89.12,89.51,89.1,89.48,203051.0
2025-01-29 14:52:00,89.51,89.72,89.31,89.4198,249389.0
2025-01-29 14:54:00,89.395,89.79,89.36,89.76,223108.0
2025-01-29 14:56:00,89.735,89.8,89.51,89.54,137429.0
2025-01-29 14:58:00,89.525,89.61,89.35,89.59,135338.0
2025-01-29 15:00:00,89.565,89.79,89.55,89.79,120550.0
2025-01-29 15:02:00,89.8,89.87,89.36,89.37,113979.0
2025-01-29 15:04:00,89.412,89.5199,89.24,89.294,101618.0
2025-01-29 15:06:00,89.3,89.64,89.28,89.3762,76403.0
2025-01-29 15:08:00,89.375,89.43,89.23,89.36,88131.0
2025-01-29 15:10:00,89.35,89.38,88.97,89.005,185648.0
2025-01-29 15:12:00,89.0075,89.02,88.725,88.797,190958.0
2025-01-29 15:14:00,88.81,89.11,88.79,88.98,137789.0
2025-01-29 15:16:00,88.96,89.08,88.75,88.77,90766.0
2025-01-29 15:18:00,88.7621,88.84,88.64,88.798,154541.0
2025-01-29 15:20:00,88.77,89.08,88.7298,89.06,91099.0
2025-01-29 15:22:00,89.08,89.08,88.93,88.95,82992.0
2025-01-29 15:24:00,88.95,89.03,88.8087,88.8087,66523.0
2025-01-29 15:26:00,88.8226,88.9,88.72,88.76,82036.0
2025-01-29 15:28:00,88.755,88.95,88.615,88.94,132881.0
2025-01-29 15:30:00,88.95,88.99,88.6675,88.67,85043.0
2025-01-29 15:32:00,88.685,88.8,88.59,88.775,75936.0
2025-01-29 15:34:00,88.775,88.79,88.53,88.595,183730.0
2025-01-29 15:36:00,88.61,88.65,88.5,88.55,135414.0
2025-01-29 15:38:00,88.62,88.67,88.35,88.36,88678.0
2025-01-29 15:40:00,88.3899,88.57,88.28,88.55,119108.0
2025-01-29 15:42:00,88.57,88.575,88.22,88.23,134776.0
2025-01-29 15:44:00,88.21,88.23,88.055,88.1243,142271.0
2025-01-29 15:46:00,88.13,88.17,87.95,88.0001,230609.0
2025-01-29 15:48:00,88.04,88.28,88.04,88.2275,148927.0
2025-01-29 15:50:00,88.21,88.33,88.2,88.25,101223.0
2025-01-29 15:52:00,88.23,88.315,88.12,88.3096,92617.0
2025-01-29 15:54:00,88.32,88.54,88.3134,88.4276,87639.0
2025-01-29 15:56:00,88.4,88.4,88.24,88.3428,59626.0
2025-01-29 15:58:00,88.37,88.46,88.27,88.397,50444.0
2025-01-29 16:00:00,88.4,88.61,88.37,88.5748,74961.0
2025-01-29 16:02:00,88.56,88.67,88.5101,88.59,79227.0
2025-01-29 16:04:00,88.6,88.63,88.42,88.42,90666.0
2025-01-29 16:06:00,88.42,88.5,88.27,88.28,59524.0
2025-01-29 16:08:00,88.2823,88.44,88.26,88.35,54131.0
2025-01-29 16:10:00,88.36,88.5,88.35,88.47,63746.0
2025-01-29 16:12:00,88.48,88.68,88.43,88.59,74901.0
2025-01-29 16:14:00,88.565,88.61,88.41,88.46,64930.0
2025-01-29 16:16:00,88.46,88.61,88.4491,88.48,54638.0
2025-01-29 16:18:00,88.46,88.68,88.41,88.66,72992.0
2025-01-29 16:20:00,88.675,88.72,88.4,88.5125,61379.0
2025-01-29 16:22:00,88.52,88.6,88.41,88.51,44714.0
2025-01-29 16:24:00,88.51,88.6599,88.49,88.505,84361.0
2025-01-29 16:26:00,88.49,88.51,88.4,88.47,73873.0
2025-01-29 16:28:00,88.4661,88.49,88.2331,88.265,67916.0
2025-01-29 16:30:00,88.26,88.38,88.22,88.27,74723.0
2025-01-29 16:32:00,88.29,88.42,88.29,88.34,35679.0
2025-01-29 16:34:00,88.34,88.45,88.3,88.4234,50842.0
2025-01-29 16:36:00,88.42,88.555,88.39,88.49,41351.0
2025-01-29 16:38:00,88.49,88.49,88.26,88.2806,61848.0
2025-01-29 16:40:00,88.295,88.45,88.2505,88.325,64510.0
2025-01-29 16:42:00,88.32,88.34,88.26,88.305,57138.0
2025-01-29 16:44:00,88.3,88.48,88.3,88.4249,44119.0
2025-01-29 16:46:00,88.405,88.44,88.22,88.3225,54897.0
2025-01-29 16:48:00,88.325,88.425,88.28,88.415,43146.0
2025-01-29 16:50:00,88.41,88.43,88.31,88.3275,47664.0
2025-01-29 16:52:00,88.31,88.4,88.27,88.3995,53984.0
2025-01-29 16:54:00,88.385,88.4,88.14,88.16,84984.0
2025-01-29 16:56:00,88.165,88.2161,88.08,88.195,52323.0
2025-01-29 16:58:00,88.23,88.355,88.22,88.265,48543.0
2025-01-29 17:00:00,88.25,88.47,88.25,88.33,71487.0
2025-01-29 17:02:00,88.34,88.4,88.27,88.38,41211.0
2025-01-29 17:04:00,88.38,88.52,88.353,88.41,50344.0
2025-01-29 17:06:00,88.42,88.45,88.2246,88.29,46539.0
2025-01-29 17:08:00,88.3196,88.325,88.2127,88.24,32735.0
2025-01-29 17:10:00,88.25,88.29,88.175,88.195,44883.0
2025-01-29 17:12:00,88.22,88.255,88.11,88.12,47270.0
2025-01-29 17:14:00,88.13,88.2856,88.125,88.27,55328.0
2025-01-29 17:16:00,88.25,88.28,88.19,88.25,44605.0
2025-01-29 17:18:00,88.23,88.2799,88.15,88.16,68592.0
2025-01-29 17:20:00,88.16,88.21,88.1,88.124,111071.0
2025-01-29 17:22:00,88.1599,88.38,88.1,88.36,87126.0
2025-01-29 17:24:00,88.37,88.44,88.24,88.2536,52110.0
2025-01-29 17:26:00,88.26,88.27,88.13,88.14,103904.0
2025-01-29 17:28:00,88.15,88.2,88.06,88.17,46602.0
2025-01-29 17:30:00,88.2,88.32,88.2,88.21,57414.0
2025-01-29 17:32:00,88.21,88.27,88.2,88.22,31613.0
2025-01-29 17:34:00,88.2,88.33,88.2,88.215,41267.0
2025-01-29 17:36:00,88.22,88.37,88.2104,88.32,63571.0
2025-01-29 17:38:00,88.335,88.4199,88.285,88.29,67004.0
2025-01-29 17:40:00,88.27,88.32,88.22,88.27,36153.0
2025-01-29 17:42:00,88.275,88.48,88.27,88.48,60310.0
2025-01-29 17:44:00,88.49,88.6,88.46,88.6,73017.0
2025-01-29 17:46:00,88.61,88.6464,88.48,88.51,74598.0
2025-01-29 17:48:00,88.4901,88.54,88.455,88.54,32304.0
2025-01-29 17:50:00,88.55,88.61,88.4853,88.61,35715.0
2025-01-29 17:52:00,88.61,88.69,88.61,88.64,43212.0
2025-01-29 17:54:00,88.64,88.7,88.64,88.68,48975.0
2025-01-29 17:56:00,88.69,88.6946,88.42,88.6033,87778.0
2025-01-29 17:58:00,88.61,88.65,88.52,88.6094,36424.0
2025-01-29 18:00:00,88.605,88.68,88.23,88.23,96609.0
2025-01-29 18:02:00,88.26,88.33,87.97,87.9759,209206.0
2025-01-29 18:04:00,87.98,88.0665,87.79,88.06,161528.0
2025-01-29 18:06:00,88.08,88.34,87.99,88.2801,68603.0
2025-01-29 18:08:00,88.33,88.4333,88.28,88.395,49908.0
2025-01-29 18:10:00,88.41,88.46,88.2,88.22,68548.0
2025-01-29 18:12:00,88.2451,88.32,88.2,88.295,50503.0
2025-01-29 18:14:00,88.31,88.44,88.31,88.41,49695.0
2025-01-29 18:16:00,88.42,88.52,88.23,88.23,58942.0
2025-01-29 18:18:00,88.23,88.27,88.18,88.255,31941.0
2025-01-29 18:20:00,88.255,88.2957,88.1501,88.25,43403.0
2025-01-29 18:22:00,88.25,88.28,88.17,88.18,53415.0
2025-01-29 18:24:00,88.17,88.46,88.17,88.365,62571.0
2025-01-29 18:26:00,88.37,88.47,88.339,88.37,52651.0
2025-01-29 18:28:00,88.39,88.5828,88.39,88.48,89777.0
2025-01-29 18:30:00,88.48,88.79,88.44,88.79,68119.0
2025-01-29 18:32:00,88.78,88.81,88.6,88.69,60091.0
2025-01-29 18:34:00,88.71,88.8323,88.685,88.8,59310.0
2025-01-29 18:36:00,88.79,88.8125,88.71,88.76,76764.0
2025-01-29 18:38:00,88.73,88.73,88.57,88.63,75547.0
2025-01-29 18:40:00,88.6,88.61,88.5,88.52,50745.0
2025-01-29 18:42:00,88.51,88.6348,88.41,88.56,54919.0
2025-01-29 18:44:00,88.56,88.62,88.45,88.52,81159.0
2025-01-29 18:46:00,88.505,88.505,88.3939,88.44,27164.0
2025-01-29 18:48:00,88.42,88.5599,88.42,88.49,59071.0
2025-01-29 18:50:00,88.5,88.5005,88.34,88.42,91031.0
2025-01-29 18:52:00,88.4256,88.47,88.3,88.39,80631.0
2025-01-29 18:54:00,88.36,88.44,88.35,88.44,44519.0
2025-01-29 18:56:00,88.4,88.53,88.3501,88.525,65455.0
2025-01-29 18:58:00,88.525,88.5385,88.3073,88.34,115459.0
2025-01-29 19:00:00,88.33,88.33,87.9,88.31,216069.0
2025-01-29 19:02:00,88.2601,88.3999,88.13,88.13,131777.0
2025-01-29 19:04:00,88.1433,88.22,87.99,88.14,162073.0
2025-01-29 19:06:00,88.175,88.33,88.13,88.305,116585.0
2025-01-29 19:08:00,88.32,88.35,88.08,88.21,126809.0
2025-01-29 19:10:00,88.21,88.25,87.93,87.98,87217.0
2025-01-29 19:12:00,87.96,88.15,87.89,87.915,77693.0
2025-01-29 19:14:00,87.91,88.0259,87.87,87.97,56226.0
2025-01-29 19:16:00,87.9797,88.0239,87.76,87.76,68026.0
2025-01-29 19:18:00,87.765,87.95,87.765,87.885,80678.0
2025-01-29 19:20:00,87.885,87.97,87.83,87.91,96236.0
2025-01-29 19:22:00,87.88,88.0799,87.81,88.035,96000.0
2025-01-29 19:24:00,88.035,88.06,87.8902,87.93,128582.0
2025-01-29 19:26:00,87.925,88.02,87.9,87.995,54365.0
2025-01-29 19:28:00,87.98,88.03,87.88,87.9,59961.0
2025-01-29 19:30:00,87.895,88.19,87.82,88.19,106874.0
2025-01-29 19:32:00,88.18,88.4,88.12,88.24,121783.0
2025-01-29 19:34:00,88.21,88.26,88.02,88.0201,146028.0
2025-01-29 19:36:00,88.06,88.39,87.96,88.39,93075.0
2025-01-29 19:38:00,88.39,88.705,88.36,88.475,137841.0
2025-01-29 19:40:00,88.475,89.15,88.43,89.1,242264.0
2025-01-29 19:42:00,89.09,89.19,88.7501,89.03,378408.0
2025-01-29 19:44:00,89.05,89.125,88.87,88.96,193609.0
2025-01-29 19:46:00,88.96,89.12,88.87,89.08,97383.0
2025-01-29 19:48:00,89.07,89.085,88.68,88.84,197841.0
2025-01-29 19:50:00,88.87,88.94,88.65,88.9,60065.0
2025-01-29 19:52:00,88.94,89.03,88.77,88.875,147200.0
2025-01-29 19:54:00,88.87,88.98,88.72,88.7662,97207.0
2025-01-29 19:56:00,88.75,88.89,88.62,88.85,104059.0
2025-01-29 19:58:00,88.84,88.86,88.67,88.7,52061.0
2025-01-29 20:00:00,88.69,88.8,88.51,88.55,81191.0
2025-01-29 20:02:00,88.56,88.6631,88.39,88.45,105401.0
2025-01-29 20:04:00,88.45,88.71,88.43,88.71,118368.0
2025-01-29 20:06:00,88.67,88.866,88.61,88.66,97510.0
2025-01-29 20:08:00,88.68,88.8794,88.67,88.78,72843.0
2025-01-29 20:10:00,88.78,88.9604,88.74,88.88,101250.0
2025-01-29 20:12:00,88.89,88.91,88.69,88.715,114120.0
2025-01-29 20:14:00,88.6971,88.92,88.59,88.765,104144.0
2025-01-29 20:16:00,88.75,88.78,88.44,88.47,98024.0
2025-01-29 20:18:00,88.475,88.72,88.45,88.67,87161.0
2025-01-29 20:20:00,88.675,88.98,88.675,88.93,118795.0
2025-01-29 20:22:00,88.935,89.025,88.89,88.915,149625.0
2025-01-29 20:24:00,88.915,89.07,88.915,89.0405,130939.0
2025-01-29 20:26:00,89.04,89.18,89.02,89.02,124165.0
2025-01-29 20:28:00,89.02,89.22,88.9643,89.2,153923.0
2025-01-29 20:30:00,89.21,89.3,88.89,88.95,140175.0
2025-01-29 20:32:00,88.95,89.14,88.945,89.08,78577.0
2025-01-29 20:34:00,89.07,89.12,88.95,88.965,114673.0
2025-01-29 20:36:00,88.95,88.97,88.87,88.965,74838.0
2025-01-29 20:38:00,88.9538,88.97,88.83,88.87,119062.0
2025-01-29 20:40:00,88.88,89.04,88.835,89.025,121166.0
2025-01-29 20:42:00,89.03,89.115,88.86,89.02,134075.0
2025-01-29 20:44:00,89.015,89.04,88.84,88.93,112338.0
2025-01-29 20:46:00,88.92,88.95,88.79,88.795,537025.0
2025-01-29 20:48:00,88.8,89.015,88.74,88.99,146102.0
2025-01-29 20:50:00,88.98,89.13,88.92,88.96,211164.0
2025-01-29 20:52:00,88.96,89.01,88.87,88.94,202741.0
2025-01-29 20:54:00,88.94,89.09,88.91,89.04,254631.0
2025-01-29 20:56:00,89.04,89.11,89.0,89.07,290273.0
2025-01-29 20:58:00,89.07,89.18,88.88,89.01,600912.0
2025-01-29 21:00:00,89.01,89.2,88.8,88.95,98772.0
2025-01-29 21:02:00,88.66,88.96,88.66,88.6644,9937.0
2025-01-29 21:04:00,88.66,88.95,88.66,88.88,4027.0
2025-01-29 21:06:00,88.74,88.75,88.67,88.67,5477.0
2025-01-29 21:08:00,88.7,88.8265,88.64,88.6945,21709.0
2025-01-29 21:10:00,88.7102,89.01,88.71,88.71,10749.0
2025-01-29 21:12:00,88.73,88.98,88.73,88.98,1233.0
2025-01-29 21:14:00,88.73,88.99,88.73,88.86,6039.0
2025-01-29 21:16:00,88.86,89.27,88.86,88.94,17231.0
2025-01-29 21:18:00,88.88,89.0,88.88,89.0,2310.0
2025-01-29 21:20:00,89.18,89.28,89.0013,89.19,10276.0
2025-01-29 21:22:00,89.2758,89.28,89.1142,89.28,4032.0
2025-01-29 21:24:00,89.29,89.29,89.2199,89.28,4074.0
2025-01-29 21:26:00,89.28,89.496,89.01,89.41,15128.0
2025-01-29 21:28:00,89.4683,89.75,89.33,89.75,15273.0
2025-01-29 21:30:00,89.7,89.89,89.54,89.55,13287.0
2025-01-29 21:32:00,89.55,89.65,89.55,89.58,6724.0
2025-01-29 21:34:00,89.55,89.6,89.53,89.6,8227.0
2025-01-29 21:36:00,89.57,89.62,89.53,89.6,4830.0
2025-01-29 21:38:00,89.61,89.61,89.01,89.54,4832.0
2025-01-29 21:40:00,89.53,89.63,89.31,89.63,9848.0
2025-01-29 21:42:00,89.58,89.58,89.4978,89.4978,2858.0
2025-01-29 21:44:00,89.5,89.51,89.41,89.51,2383.0
2025-01-29 21:46:00,89.45,89.5,89.44,89.5,1767.0
2025-01-29 21:48:00,89.54,89.54,89.44,89.44,1795.0
2025-01-29 21:50:00,89.4697,89.53,89.41,89.502,2297.0
2025-01-29 21:52:00,89.57,89.5785,89.4501,89.4508,4022.0
2025-01-29 21:54:00,89.5117,89.5125,89.5117,89.5125,558.0
2025-01-29 21:56:00,89.5499,89.5499,89.53,89.5499,1741.0
2025-01-29 21:58:00,89.55,89.55,89.4704,89.4704,3334.0
2025-01-29 22:00:00,89.53,89.53,89.49,89.5,3344.0
2025-01-29 22:02:00,89.47,89.55,89.47,89.5475,1508.0
2025-01-29 22:04:00,89.5,89.5,89.4501,89.5,925.0
2025-01-29 22:06:00,89.46,89.55,89.45,89.55,6092.0
2025-01-29 22:08:00,89.6,89.64,89.52,89.55,4853.0
2025-01-29 22:10:00,89.5101,89.6,89.5101,89.6,3285.0
2025-01-29 22:12:00,89.67,89.92,89.67,89.92,10425.0
2025-01-29 22:14:00,89.89,90.1983,89.87,89.87,23835.0
2025-01-29 22:16:00,90.0,90.22,90.0,90.2,22858.0
2025-01-29 22:18:00,90.2199,90.22,90.0,90.22,6905.0
2025-01-29 22:20:00,90.11,90.2091,90.1001,90.1001,2224.0
2025-01-29 22:22:00,90.21,90.21,90.0,90.095,3575.0
2025-01-29 22:24:00,90.0,90.05,89.9,89.9136,5352.0
2025-01-29 22:26:00,90.0,90.0,89.88,90.0,1150.0
2025-01-29 22:28:00,89.9,89.9001,89.89,89.9001,2105.0
2025-01-29 22:30:00,89.988,90.01,89.9139,89.9984,5312.0
2025-01-29 22:32:00,90.0,90.2,89.98,90.1987,13267.0
2025-01-29 22:34:00,90.2,90.2,89.96,89.96,10089.0
2025-01-29 22:36:00,89.96,89.96,89.88,89.88,2279.0
2025-01-29 22:38:00,89.88,89.9483,89.85,89.85,1570.0
2025-01-29 22:40:00,89.85,89.94,89.85,89.85,829.0
2025-01-29 22:42:00,89.812,89.8125,89.812,89.8125,572.0
2025-01-29 22:44:00,89.8235,89.9484,89.8,89.8,3305.0
2025-01-29 22:46:00,89.69,89.81,89.69,89.77,1463.0
2025-01-29 22:48:00,89.78,89.81,89.78,89.78,1730.0
2025-01-29 22:50:00,89.9,90.06,89.9,90.06,4534.0
2025-01-29 22:52:00,90.06,90.14,90.06,90.06,1101.0
2025-01-29 22:54:00,90.0,90.05,89.9003,89.9003,11172.0
2025-01-29 22:56:00,90.0499,90.0499,89.9,89.9,2204.0
2025-01-29 22:58:00,89.95,89.95,89.9,89.9,20388.0
2025-01-29 23:00:00,89.87,89.9997,89.87,89.8999,2804.0
2025-01-29 23:02:00,89.76,89.8,89.76,89.8,6133.0
2025-01-29 23:04:00,89.6803,89.69,89.25,89.25,6757.0
2025-01-29 23:06:00,89.33,89.4,89.24,89.33,8690.0
2025-01-29 23:08:00,89.3325,89.89,89.3325,89.89,738.0
2025-01-29 23:10:00,89.5,89.7236,89.4,89.4,2430.0
2025-01-29 23:12:00,89.33,89.476,89.24,89.476,2639.0
2025-01-29 23:14:00,89.3201,89.5,89.32,89.48,4222.0
2025-01-29 23:16:00,89.33,89.34,89.2417,89.2417,1400.0
2025-01-29 23:18:00,89.29,89.29,89.2401,89.25,2257.0
2025-01-29 23:20:00,89.2415,89.25,89.2415,89.25,1240.0
2025-01-29 23:22:00,89.25,89.25,89.24,89.24,3071.0
2025-01-29 23:24:00,89.24,89.4,89.24,89.25,1215.0
2025-01-29 23:26:00,89.24,89.24,89.24,89.24,878.0
2025-01-29 23:28:00,89.2105,89.35,89.2105,89.35,1736.0
2025-01-29 23:30:00,89.24,89.2401,89.24,89.2401,1370.0
2025-01-29 23:32:00,89.42,89.42,89.42,89.42,369.0
2025-01-29 23:34:00,89.4199,89.42,89.39,89.39,5788.0
2025-01-29 23:36:00,89.39,89.39,89.2495,89.2495,1900.0
2025-01-29 23:38:00,89.24,89.25,89.24,89.24,1296.0
2025-01-29 23:40:00,89.2116,89.377,89.2,89.377,2788.0
2025-01-29 23:42:00,89.35,89.35,89.3399,89.3399,10722.0
2025-01-29 23:44:00,89.32,89.32,89.32,89.32,327.0
2025-01-29 23:46:00,89.2411,89.3,89.24,89.3,623.0
2025-01-29 23:48:00,89.24,89.3,89.24,89.3,702.0
2025-01-29 23:50:00,89.2415,89.3,89.24,89.24,1741.0
2025-01-29 23:54:00,89.24,89.24,89.24,89.24,473.0
2025-01-29 23:56:00,89.26,89.26,89.2,89.24,10326.0
2025-01-29 23:58:00,89.2,89.3,89.2,89.2025,4155.0
2025-01-30 00:00:00,89.2001,89.2001,89.2001,89.2001,256.0
2025-01-30 00:02:00,89.26,89.26,89.26,89.26,323.0
2025-01-30 00:04:00,89.26,89.26,89.2,89.2,370.0
2025-01-30 00:08:00,89.3,89.3,89.3,89.3,140.0
2025-01-30 00:12:00,89.2,89.2,89.1499,89.15,1383.0
2025-01-30 00:14:00,89.15,89.15,89.1482,89.15,1171.0
2025-01-30 00:16:00,89.15,89.15,89.15,89.15,1268.0
2025-01-30 00:18:00,89.14,89.25,89.14,89.25,545.0
2025-01-30 00:20:00,89.3,89.3,89.3,89.3,126.0
2025-01-30 00:22:00,89.299,89.299,89.299,89.299,576.0
2025-01-30 00:24:00,89.29,89.34,89.29,89.34,2121.0
2025-01-30 00:26:00,89.3284,89.33,89.3284,89.33,252.0
2025-01-30 00:28:00,89.32,89.32,89.32,89.32,394.0
2025-01-30 00:30:00,89.31,89.31,89.31,89.31,572.0
2025-01-30 00:32:00,89.32,89.32,89.32,89.32,352.0
2025-01-30 00:34:00,89.28,89.28,89.28,89.28,416.0
2025-01-30 00:36:00,89.28,89.329,89.2799,89.329,2041.0
2025-01-30 00:38:00,89.28,89.28,89.2671,89.2671,356.0
2025-01-30 00:40:00,89.3,89.3,89.3,89.3,626.0
2025-01-30 00:42:00,89.33,89.33,89.329,89.329,1224.0
2025-01-30 00:44:00,89.3401,89.35,89.3401,89.3498,1349.0
2025-01-30 00:46:00,89.34,89.34,89.26,89.26,1312.0
2025-01-30 00:48:00,89.32,89.32,89.28,89.28,431.0
2025-01-30 00:50:00,89.32,89.35,89.31,89.35,1234.0
2025-01-30 00:52:00,89.35,89.4501,89.35,89.44,3538.0
2025-01-30 00:54:00,89.5,89.5,89.46,89.461,4063.0
2025-01-30 00:56:00,89.4701,89.5,89.47,89.5,1937.0
2025-01-30 00:58:00,89.5,89.6,89.5,89.6,1993.0
2025-01-30 09:00:00,89.95,90.01,89.78,90.01,5375.0
2025-01-30 09:02:00,89.99,90.0,89.99,90.0,780.0
2025-01-30 09:04:00,90.03,90.03,90.0,90.0,2909.0
2025-01-30 09:06:00,90.14,90.2,90.13,90.2,1991.0
2025-01-30 09:08:00,90.22,90.3,90.22,90.26,2005.0
2025-01-30 09:10:00,90.3,90.39,90.3,90.39,664.0
2025-01-30 09:12:00,90.4,90.59,90.4,90.44,4985.0
2025-01-30 09:14:00,90.62,90.62,90.56,90.56,1606.0
2025-01-30 09:16:00,90.57,90.57,90.47,90.47,1324.0
2025-01-30 09:18:00,90.5,90.58,90.37,90.44,5204.0
2025-01-30 09:20:00,90.42,90.42,90.41,90.42,423.0
2025-01-30 09:22:00,90.27,90.27,90.12,90.12,2823.0
2025-01-30 09:24:00,90.15,90.15,90.11,90.11,305.0
2025-01-30 09:26:00,90.25,90.3,90.25,90.3,2701.0
2025-01-30 09:28:00,90.37,90.39,90.29,90.39,4575.0
2025-01-30 09:30:00,90.35,90.39,90.35,90.39,1339.0
2025-01-30 09:32:00,90.39,90.39,90.36,90.36,786.0
2025-01-30 09:34:00,90.33,90.38,90.33,90.38,552.0
2025-01-30 09:36:00,90.36,90.36,90.28,90.29,2928.0
2025-01-30 09:40:00,90.32,90.36,90.3,90.3,1789.0
2025-01-30 09:42:00,90.32,90.32,90.32,90.32,138.0
2025-01-30 09:44:00,90.36,90.39,90.36,90.39,1551.0
2025-01-30 09:46:00,90.39,90.39,90.3,90.3,1135.0
2025-01-30 09:48:00,90.3,90.38,90.3,90.38,722.0
2025-01-30 09:54:00,90.29,90.29,90.2,90.2,711.0
2025-01-30 09:56:00,90.28,90.38,90.28,90.38,2490.0
2025-01-30 09:58:00,90.21,90.33,90.21,90.33,894.0
2025-01-30 10:02:00,90.21,90.38,90.21,90.38,4589.0
2025-01-30 10:04:00,90.21,90.21,90.11,90.11,1305.0
2025-01-30 10:06:00,90.23,90.24,90.23,90.24,309.0
2025-01-30 10:10:00,90.3,90.3,90.3,90.3,110.0
2025-01-30 10:12:00,90.33,90.33,90.31,90.31,1061.0
2025-01-30 10:14:00,90.31,90.31,90.31,90.31,105.0
2025-01-30 10:16:00,90.31,90.31,90.31,90.31,777.0
2025-01-30 10:18:00,90.34,90.43,90.34,90.43,2457.0
2025-01-30 10:22:00,90.28,90.34,90.28,90.34,2436.0
2025-01-30 10:24:00,90.34,90.38,90.34,90.38,1000.0
2025-01-30 10:28:00,90.31,90.4,90.31,90.4,1271.0
2025-01-30 10:30:00,90.42,90.44,90.42,90.44,549.0
2025-01-30 10:32:00,90.46,90.46,90.46,90.46,329.0
2025-01-30 10:34:00,90.43,90.43,90.43,90.43,205.0
2025-01-30 10:38:00,90.45,90.45,90.45,90.45,201.0
2025-01-30 10:40:00,90.45,90.52,90.45,90.52,2767.0
2025-01-30 10:42:00,90.5,90.5,90.48,90.48,3630.0
2025-01-30 10:44:00,90.5,90.56,90.46,90.48,3475.0
2025-01-30 10:46:00,90.45,90.45,90.45,90.45,125.0
2025-01-30 10:48:00,90.46,90.46,90.4,90.4,2276.0
2025-01-30 10:52:00,90.44,90.44,90.35,90.35,1610.0
2025-01-30 10:54:00,90.41,90.46,90.4,90.46,731.0
2025-01-30 10:56:00,90.45,90.54,90.44,90.48,4336.0
2025-01-30 10:58:00,90.55,90.58,90.55,90.55,1828.0
2025-01-30 11:00:00,90.48,90.48,90.48,90.48,545.0
2025-01-30 11:02:00,90.55,90.63,90.55,90.57,4447.0
2025-01-30 11:04:00,90.61,90.69,90.6,90.63,5398.0
2025-01-30 11:06:00,90.59,90.68,90.59,90.66,1496.0
2025-01-30 11:08:00,90.68,90.72,90.68,90.71,1440.0
2025-01-30 11:10:00,90.79,90.87,90.79,90.81,2915.0
2025-01-30 11:12:00,90.83,90.85,90.83,90.85,2036.0
2025-01-30 11:14:00,90.86,90.95,90.86,90.88,2455.0
2025-01-30 11:16:00,90.95,90.95,90.94,90.95,1663.0
2025-01-30 11:18:00,90.89,90.9,90.89,90.9,2650.0
2025-01-30 11:20:00,90.85,90.89,90.82,90.89,722.0
2025-01-30 11:24:00,90.84,90.84,90.8,90.81,1269.0
2025-01-30 11:26:00,90.79,90.81,90.78,90.81,809.0
2025-01-30 11:28:00,90.78,90.78,90.76,90.77,748.0
2025-01-30 11:30:00,90.8,90.81,90.8,90.81,382.0
2025-01-30 11:32:00,90.85,90.85,90.8,90.8,1409.0
2025-01-30 11:34:00,90.8,90.8,90.8,90.8,353.0
2025-01-30 11:36:00,90.78,90.85,90.73,90.81,6480.0
2025-01-30 11:42:00,90.84,90.84,90.8,90.81,1770.0
2025-01-30 11:44:00,90.8,90.8,90.7,90.7,1829.0
2025-01-30 11:46:00,90.73,90.74,90.7,90.7,2887.0
2025-01-30 11:48:00,90.71,90.71,90.66,90.66,478.0
2025-01-30 11:50:00,90.61,90.65,90.56,90.56,2024.0
2025-01-30 11:54:00,90.65,90.7,90.61,90.61,4002.0
2025-01-30 11:56:00,90.63,90.63,90.6,90.6,1366.0
2025-01-30 11:58:00,90.61,90.61,90.6,90.6,1246.0
2025-01-30 12:00:00,90.65,90.65,90.55,90.56,7452.0
2025-01-30 12:02:00,90.58,90.58,90.54,90.57,2022.0
2025-01-30 12:04:00,90.61,90.71,90.61,90.71,5773.0
2025-01-30 12:06:00,90.72,90.85,90.71,90.81,3141.0
2025-01-30 12:08:00,90.8,90.8,90.8,90.8,2011.0
2025-01-30 12:12:00,90.67,90.67,90.57,90.57,2422.0
2025-01-30 12:16:00,90.4,90.4,90.22,90.22,4388.0
2025-01-30 12:18:00,90.16,90.16,90.16,90.16,518.0
2025-01-30 12:20:00,90.21,90.21,90.2,90.2,1984.0
2025-01-30 12:22:00,90.23,90.25,90.23,90.25,1819.0
2025-01-30 12:24:00,90.3,90.33,90.27,90.29,2710.0
2025-01-30 12:26:00,90.37,90.4,90.37,90.39,862.0
2025-01-30 12:28:00,90.4,90.4,90.34,90.39,1323.0
2025-01-30 12:30:00,90.32,90.32,90.25,90.25,1037.0
2025-01-30 12:32:00,90.26,90.33,90.25,90.33,2583.0
2025-01-30 12:34:00,90.35,90.4,90.35,90.4,1299.0
2025-01-30 12:36:00,90.44,90.5,90.44,90.5,5004.0
2025-01-30 12:38:00,90.54,90.55,90.54,90.55,1379.0
2025-01-30 12:40:00,90.5,90.5,90.5,90.5,233.0
2025-01-30 12:42:00,90.5,90.5,90.5,90.5,580.0
2025-01-30 12:44:00,90.43,90.53,90.43,90.53,3582.0
2025-01-30 12:46:00,90.54,90.66,90.54,90.66,3451.0
2025-01-30 12:48:00,90.66,90.66,90.62,90.62,1274.0
2025-01-30 12:50:00,90.62,90.66,90.62,90.65,5415.0
2025-01-30 12:52:00,90.62,90.66,90.62,90.66,4068.0
2025-01-30 12:54:00,90.66,90.66,90.64,90.65,3275.0
2025-01-30 12:56:00,90.63,90.63,90.49,90.53,4636.0
2025-01-30 12:58:00,90.46,90.58,90.39,90.58,3471.0
2025-01-30 13:00:00,90.64,90.8001,89.63,90.48,62407.0
2025-01-30 13:02:00,90.5,90.55,90.5,90.55,2420.0
2025-01-30 13:04:00,90.54,90.58,90.5,90.58,3271.0
2025-01-30 13:06:00,90.314,90.42,90.314,90.37,1045.0
2025-01-30 13:08:00,90.3501,90.47,90.3501,90.46,2656.0
2025-01-30 13:10:00,90.47,90.47,90.44,90.4403,4803.0
2025-01-30 13:12:00,90.52,90.52,90.52,90.52,276.0
2025-01-30 13:14:00,90.52,90.52,90.5,90.52,2606.0
2025-01-30 13:16:00,90.49,90.49,90.4,90.45,2118.0
2025-01-30 13:18:00,90.49,90.49,90.4,90.4699,3737.0
2025-01-30 13:20:00,90.46,90.47,90.4001,90.4108,1339.0
2025-01-30 13:22:00,90.4101,90.4101,90.41,90.41,666.0
2025-01-30 13:26:00,90.46,90.71,90.46,90.71,8562.0
2025-01-30 13:28:00,90.63,90.71,90.63,90.71,1382.0
2025-01-30 13:30:00,90.7497,90.8,90.7497,90.8,4615.0
2025-01-30 13:32:00,90.85,90.86,90.78,90.81,4530.0
2025-01-30 13:34:00,90.76,90.78,90.76,90.76,1291.0
2025-01-30 13:36:00,90.71,90.7999,90.65,90.6501,9692.0
2025-01-30 13:38:00,90.72,90.72,90.5517,90.64,5461.0
2025-01-30 13:40:00,90.6025,90.9,90.6,90.8684,16786.0
2025-01-30 13:42:00,90.8627,91.14,90.86,91.02,18575.0
2025-01-30 13:44:00,91.02,91.3,91.02,91.25,21773.0
2025-01-30 13:46:00,91.25,91.2988,91.07,91.07,9187.0
2025-01-30 13:48:00,91.24,91.31,91.11,91.31,7124.0
2025-01-30 13:50:00,91.35,91.55,91.2435,91.4,21751.0
2025-01-30 13:52:00,91.24,91.63,91.24,91.4,13316.0
2025-01-30 13:54:00,91.48,91.5201,91.31,91.31,5593.0
2025-01-30 13:56:00,91.3304,91.3304,91.23,91.25,3165.0
2025-01-30 13:58:00,91.3,91.4,91.28,91.28,7119.0
2025-01-30 14:00:00,91.4183,91.45,91.28,91.35,6382.0
2025-01-30 14:02:00,91.3,91.3,91.06,91.248,3504.0
2025-01-30 14:04:00,91.01,91.1,91.01,91.0999,2924.0
2025-01-30 14:06:00,91.0667,91.18,91.0667,91.1,3976.0
2025-01-30 14:08:00,91.13,91.25,91.13,91.2,4068.0
2025-01-30 14:10:00,91.2425,91.49,91.2425,91.4,20454.0
2025-01-30 14:12:00,91.38,91.5,91.38,91.4601,15806.0
2025-01-30 14:14:00,91.48,91.55,91.45,91.4501,10393.0
2025-01-30 14:16:00,91.45,91.46,91.45,91.46,4128.0
2025-01-30 14:18:00,91.45,91.4853,91.01,91.01,3460.0
2025-01-30 14:20:00,91.4499,91.47,91.2715,91.45,9127.0
2025-01-30 14:22:00,91.37,91.479,91.25,91.44,7908.0
2025-01-30 14:24:00,91.3622,91.39,91.25,91.25,3849.0
2025-01-30 14:26:00,91.26,91.26,90.7,90.9,35567.0
2025-01-30 14:28:00,90.88,90.88,90.65,90.67,33578.0
2025-01-30 14:30:00,90.66,91.05,90.3,90.565,745326.0
2025-01-30 14:32:00,90.61,91.42,90.61,91.24,407154.0
2025-01-30 14:34:00,91.2391,91.49,90.69,91.045,277341.0
2025-01-30 14:36:00,91.1,91.3478,90.71,91.09,216722.0
2025-01-30 14:38:00,91.07,91.2,90.85,91.12,176106.0
2025-01-30 14:40:00,91.14,91.2,90.78,91.01,362285.0
2025-01-30 14:42:00,91.005,91.55,90.95,91.5199,316260.0
2025-01-30 14:44:00,91.5004,91.65,91.37,91.58,200663.0
2025-01-30 14:46:00,91.59,92.02,91.57,91.985,280806.0
2025-01-30 14:48:00,91.98,92.39,91.98,92.38,221754.0
2025-01-30 14:50:00,92.37,92.66,92.0625,92.52,328563.0
2025-01-30 14:52:00,92.51,92.6,92.26,92.39,270442.0
2025-01-30 14:54:00,92.39,92.39,91.96,92.19,213793.0
2025-01-30 14:56:00,92.1975,92.3095,91.98,92.185,245779.0
2025-01-30 14:58:00,92.2,92.43,91.99,92.38,170914.0
2025-01-30 15:00:00,92.375,92.53,92.2,92.475,239554.0
2025-01-30 15:02:00,92.47,92.56,91.98,92.23,281979.0
2025-01-30 15:04:00,92.2508,92.5,92.01,92.34,204627.0
2025-01-30 15:06:00,92.345,92.58,92.15,92.19,166608.0
2025-01-30 15:08:00,92.195,92.6,92.16,92.56,192756.0
2025-01-30 15:10:00,92.57,92.6,92.365,92.365,132875.0
2025-01-30 15:12:00,92.38,92.51,92.01,92.0925,144483.0
2025-01-30 15:14:00,92.08,92.4,92.08,92.322,97244.0
2025-01-30 15:16:00,92.32,92.57,92.16,92.54,115969.0
2025-01-30 15:18:00,92.54,92.6,92.36,92.44,237615.0
2025-01-30 15:20:00,92.45,92.53,92.0805,92.11,169388.0
2025-01-30 15:22:00,92.11,92.26,91.96,92.2,153666.0
2025-01-30 15:24:00,92.24,92.63,92.18,92.53,159173.0
2025-01-30 15:26:00,92.515,92.61,91.98,92.03,208897.0
2025-01-30 15:28:00,92.045,92.15,91.95,92.13,198551.0
2025-01-30 15:30:00,92.12,92.23,91.57,91.665,171184.0
2025-01-30 15:32:00,91.66,91.97,91.5,91.525,174380.0
2025-01-30 15:34:00,91.525,92.03,91.49,91.9838,139995.0
2025-01-30 15:36:00,91.98,92.11,91.93,92.07,95474.0
2025-01-30 15:38:00,92.04,92.12,91.92,92.0836,82449.0
2025-01-30 15:40:00,92.09,92.2298,92.01,92.0895,78246.0
2025-01-30 15:42:00,92.07,92.3,92.03,92.27,64864.0
2025-01-30 15:44:00,92.3,92.34,92.15,92.22,50971.0
2025-01-30 15:46:00,92.23,92.48,92.2101,92.455,126432.0
2025-01-30 15:48:00,92.4597,92.55,91.8604,91.945,117539.0
2025-01-30 15:50:00,91.945,91.98,91.78,91.81,99345.0
2025-01-30 15:52:00,91.79,91.79,91.49,91.595,85030.0
2025-01-30 15:54:00,91.61,91.6399,91.4162,91.53,74223.0
2025-01-30 15:56:00,91.5,91.61,91.41,91.4621,55335.0
2025-01-30 15:58:00,91.49,91.5324,91.31,91.3399,116045.0
2025-01-30 16:00:00,91.3399,91.475,91.28,91.47,95410.0
2025-01-30 16:02:00,91.465,91.715,91.455,91.595,134120.0
2025-01-30 16:04:00,91.59,91.68,91.415,91.56,70834.0
2025-01-30 16:06:00,91.54,91.648,91.49,91.525,42938.0
2025-01-30 16:08:00,91.5172,91.6961,91.5172,91.59,49106.0
2025-01-30 16:10:00,91.59,91.73,91.52,91.675,47047.0
2025-01-30 16:12:00,91.66,91.69,91.46,91.5,50295.0
2025-01-30 16:14:00,91.477,91.5915,91.37,91.5915,77924.0
2025-01-30 16:16:00,91.6,91.6406,91.47,91.545,75480.0
2025-01-30 16:18:00,91.545,91.65,91.52,91.585,41202.0
2025-01-30 16:20:00,91.59,91.71,91.52,91.5902,49823.0
2025-01-30 16:22:00,91.615,91.73,91.57,91.66,24877.0
2025-01-30 16:24:00,91.66,91.9333,91.65,91.84,66964.0
2025-01-30 16:26:00,91.84,91.88,91.66,91.77,49114.0
2025-01-30 16:28:00,91.777969,92.1,91.75,92.1,74502.0
2025-01-30 16:30:00,92.09,92.29,92.09,92.1766,56678.0
2025-01-30 16:32:00,92.1799,92.18,92.0,92.0,42463.0
2025-01-30 16:34:00,92.0,92.0,91.83,91.92,38669.0
2025-01-30 16:36:00,91.94,92.03,91.86,91.8788,23143.0
2025-01-30 16:38:00,91.885,92.0512,91.83,92.0512,46807.0
2025-01-30 16:40:00,92.01,92.01,91.87,92.01,46235.0
2025-01-30 16:42:00,92.01,92.14,92.0099,92.09,167891.0
2025-01-30 16:44:00,92.08,92.13,91.96,92.11,29336.0
2025-01-30 16:46:00,92.1,92.214,92.09,92.13,32392.0
2025-01-30 16:48:00,92.15,92.27,92.06,92.1792,58853.0
2025-01-30 16:50:00,92.18,92.2,92.09,92.2,32109.0
2025-01-30 16:52:00,92.185,92.55,92.18,92.54,90857.0
2025-01-30 16:54:00,92.56,92.6,92.4701,92.536,90048.0
2025-01-30 16:56:00,92.56,92.705,92.56,92.66,102337.0
2025-01-30 16:58:00,92.65,92.72,92.55,92.575,77858.0
2025-01-30 17:00:00,92.56,92.57,92.2,92.2899,78504.0
2025-01-30 17:02:00,92.28,92.285,92.13,92.24,60349.0
2025-01-30 17:04:00,92.225,92.4,92.19,92.19,58610.0
2025-01-30 17:06:00,92.18,92.2244,91.96,92.01,51508.0
2025-01-30 17:08:00,91.995,92.0,91.78,91.83,87016.0
2025-01-30 17:10:00,91.83,91.833,91.62,91.66,82877.0
2025-01-30 17:12:00,91.6647,91.68,91.479,91.4928,70420.0
2025-01-30 17:14:00,91.5,91.525,91.38,91.4422,91123.0
2025-01-30 17:16:00,91.435,91.5594,91.29,91.37,63788.0
2025-01-30 17:18:00,91.36,91.45,91.22,91.27,63748.0
2025-01-30 17:20:00,91.25,91.467,91.25,91.33,49795.0
2025-01-30 17:22:00,91.33,91.3688,91.26,91.2999,88535.0
2025-01-30 17:24:00,91.28,91.33,91.23,91.28,35914.0
2025-01-30 17:26:00,91.26,91.44,91.245,91.355,64329.0
2025-01-30 17:28:00,91.34,91.45,91.3,91.42,31216.0
2025-01-30 17:30:00,91.42,91.45,91.32,91.35,62617.0
2025-01-30 17:32:00,91.34,91.64,91.34,91.61,41332.0
2025-01-30 17:34:00,91.61,91.61,91.47,91.52,26612.0
2025-01-30 17:36:00,91.5,91.6,91.49,91.56,40203.0
2025-01-30 17:38:00,91.57,91.5857,91.45,91.49,58949.0
2025-01-30 17:40:00,91.49,91.56,91.485,91.52,35798.0
2025-01-30 17:42:00,91.52,91.5874,91.48,91.485,32250.0
2025-01-30 17:44:00,91.49,91.6337,91.42,91.6295,81613.0
2025-01-30 17:46:00,91.6108,91.69,91.5956,91.62,42057.0
2025-01-30 17:48:00,91.62,91.655,91.57,91.64,33497.0
2025-01-30 17:50:00,91.64,91.7344,91.64,91.7125,32206.0
2025-01-30 17:52:00,91.74,91.83,91.69,91.74,68791.0
2025-01-30 17:54:00,91.76,91.82,91.72,91.73,52046.0
2025-01-30 17:56:00,91.73,91.8675,91.65,91.7599,39297.0
2025-01-30 17:58:00,91.745,91.83,91.71,91.76,25617.0
2025-01-30 18:00:00,91.75,91.86,91.63,91.635,50711.0
2025-01-30 18:02:00,91.62,91.74,91.6004,91.72,39335.0
2025-01-30 18:04:00,91.73,91.74,91.61,91.71,42009.0
2025-01-30 18:06:00,91.725,91.76,91.59,91.61,49554.0
2025-01-30 18:08:00,91.61,91.77,91.61,91.73,25619.0
2025-01-30 18:10:00,91.71,91.7585,91.61,91.645,20836.0
2025-01-30 18:12:00,91.66,91.66,91.6,91.6035,23742.0
2025-01-30 18:14:00,91.61,91.645,91.5605,91.6,22806.0
2025-01-30 18:16:00,91.61,91.675,91.57,91.61,28283.0
2025-01-30 18:18:00,91.6399,91.6425,91.59,91.605,20874.0
2025-01-30 18:20:00,91.6,91.63,91.55,91.58,21771.0
2025-01-30 18:22:00,91.585,91.67,91.56,91.66,28347.0
2025-01-30 18:24:00,91.67,91.7,91.535,91.57,20651.0
2025-01-30 18:26:00,91.59,91.64,91.52,91.56,23229.0
2025-01-30 18:28:00,91.555,91.58,91.445,91.54,40704.0
2025-01-30 18:30:00,91.55,91.68,91.4914,91.64,35744.0
2025-01-30 18:32:00,91.62,91.77,91.5771,91.77,57273.0
2025-01-30 18:34:00,91.78,91.78,91.68,91.72,30064.0
2025-01-30 18:36:00,91.745,91.91,91.745,91.89,25405.0
2025-01-30 18:38:00,91.89,91.97,91.88,91.95,36883.0
2025-01-30 18:40:00,91.95,92.03,91.92,92.02,65391.0
2025-01-30 18:42:00,92.01,92.2098,92.01,92.09,61181.0
2025-01-30 18:44:00,92.09,92.33,92.08,92.31,48637.0
2025-01-30 18:46:00,92.305,92.3299,92.13,92.17,72882.0
2025-01-30 18:48:00,92.17,92.1704,92.05,92.1607,43744.0
2025-01-30 18:50:00,92.15,92.21,92.15,92.1858,27542.0
2025-01-30 18:52:00,92.19,92.21,92.155,92.2,33701.0
2025-01-30 18:54:00,92.21,92.31,92.18,92.22,48773.0
2025-01-30 18:56:00,92.22,92.2699,92.185,92.2643,35278.0
2025-01-30 18:58:00,92.265,92.395,92.265,92.355,43119.0
2025-01-30 19:00:00,92.355,92.368,92.245,92.3149,28147.0
2025-01-30 19:02:00,92.325,92.37,92.26,92.26,32313.0
2025-01-30 19:04:00,92.27,92.3499,92.24,92.28,38787.0
2025-01-30 19:06:00,92.295,92.32,92.27,92.3,34831.0
2025-01-30 19:08:00,92.31,92.36,92.24,92.35,43756.0
2025-01-30 19:10:00,92.36,92.4,92.335,92.38,38598.0
2025-01-30 19:12:00,92.4,92.41,92.31,92.31,38876.0
2025-01-30 19:14:00,92.3068,92.32,92.18,92.22,49140.0
2025-01-30 19:16:00,92.23,92.295,92.19,92.295,23575.0
2025-01-30 19:18:00,92.3,92.38,92.29,92.36,37518.0
2025-01-30 19:20:00,92.36,92.3875,92.34,92.37,26287.0
2025-01-30 19:22:00,92.3899,92.39,92.27,92.285,40841.0
2025-01-30 19:24:00,92.29,92.3,92.21,92.23,35099.0
2025-01-30 19:26:00,92.2344,92.25,92.12,92.21,45886.0
2025-01-30 19:28:00,92.24,92.3699,92.22,92.265,32280.0
2025-01-30 19:30:00,92.255,92.31,92.18,92.24,35614.0
2025-01-30 19:32:00,92.26,92.32,92.21,92.23,35835.0
2025-01-30 19:34:00,92.22,92.24,92.08,92.1504,57513.0
2025-01-30 19:36:00,92.17,92.46,92.17,92.445,95865.0
2025-01-30 19:38:00,92.4596,92.48,92.37,92.48,46559.0
2025-01-30 19:40:00,92.47,92.47,92.33,92.415,28251.0
2025-01-30 19:42:00,92.4,92.4,92.33,92.35,26703.0
2025-01-30 19:44:00,92.359,92.39,92.34,92.38,70067.0
2025-01-30 19:46:00,92.38,92.561,92.37,92.54,74420.0
2025-01-30 19:48:00,92.56,92.58,92.5026,92.53,41703.0
2025-01-30 19:50:00,92.53,92.53,92.44,92.48,44209.0
2025-01-30 19:52:00,92.4899,92.59,92.4899,92.5656,36517.0
2025-01-30 19:54:00,92.55,92.57,92.47,92.5,44210.0
2025-01-30 19:56:00,92.5,92.5999,92.5,92.57,48166.0
2025-01-30 19:58:00,92.57,92.65,92.56,92.64,73127.0
2025-01-30 20:00:00,92.64,92.8176,92.63,92.78,80851.0
2025-01-30 20:02:00,92.7943,92.885,92.7943,92.865,78843.0
2025-01-30 20:04:00,92.87,92.875,92.745,92.86,52194.0
2025-01-30 20:06:00,92.85,92.93,92.84,92.8772,57655.0
2025-01-30 20:08:00,92.8799,92.97,92.83,92.96,54095.0
2025-01-30 20:10:00,92.9596,93.03,92.85,92.85,151660.0
2025-01-30 20:12:00,92.85,92.88,92.79,92.84,86417.0
2025-01-30 20:14:00,92.84,92.855,92.82,92.825,51612.0
2025-01-30 20:16:00,92.825,93.04,92.82,93.04,46840.0
2025-01-30 20:18:00,93.03,93.08,93.0,93.05,64186.0
2025-01-30 20:20:00,93.05,93.15,93.0201,93.12,70392.0
2025-01-30 20:22:00,93.115,93.16,93.0,93.0357,111844.0
2025-01-30 20:24:00,93.035,93.1,92.9716,92.98,75353.0
2025-01-30 20:26:00,92.9843,93.05,92.9678,93.01,51022.0
2025-01-30 20:28:00,93.02,93.05,92.88,92.93,96437.0
2025-01-30 20:30:00,92.92,92.93,92.69,92.77,159533.0
2025-01-30 20:32:00,92.77,92.77,92.58,92.6257,84974.0
2025-01-30 20:34:00,92.63,92.7904,92.63,92.73,43642.0
2025-01-30 20:36:00,92.74,92.84,92.459,92.52,120290.0
2025-01-30 20:38:00,92.48,92.49,92.15,92.195,102195.0
2025-01-30 20:40:00,92.17,92.25,91.8516,92.195,192556.0
2025-01-30 20:42:00,92.18,92.47,92.09,92.23,135906.0
2025-01-30 20:44:00,92.24,92.3284,92.07,92.26,337252.0
2025-01-30 20:46:00,92.24,92.29,92.04,92.21,139112.0
2025-01-30 20:48:00,92.2,92.48,92.2,92.4,116924.0
2025-01-30 20:50:00,92.44,92.44,92.065,92.225,185010.0
2025-01-30 20:52:00,92.22,92.32,92.16,92.245,156779.0
2025-01-30 20:54:00,92.23,92.53,92.205,92.45,296061.0
2025-01-30 20:56:00,92.45,92.73,92.38,92.5,352754.0
2025-01-30 20:58:00,92.5,92.59,92.405,92.58,665524.0
2025-01-30 21:00:00,92.5,92.7497,92.43,92.5,54968.0
2025-01-30 21:02:00,92.6,92.6,92.5,92.55,10014.0
2025-01-30 21:04:00,92.55,92.55,92.4401,92.4401,4653.0
2025-01-30 21:06:00,92.59,92.6,92.53,92.6,1942.0
2025-01-30 21:08:00,92.5,92.5995,92.5,92.53,11529.0
2025-01-30 21:10:00,92.58,92.58,92.44,92.44,1728.0
2025-01-30 21:12:00,92.5,92.5,92.5,92.5,1040.0
2025-01-30 21:14:00,92.53,92.53,92.53,92.53,429.0
2025-01-30 21:20:00,92.45,92.45,92.45,92.45,174.0
2025-01-30 21:22:00,92.4724,92.4724,92.4724,92.4724,115.0
2025-01-30 21:24:00,92.35,92.35,92.35,92.35,1547.0
2025-01-30 21:26:00,92.3493,92.3493,92.3493,92.3493,732.0
2025-01-30 21:28:00,92.3799,92.38,92.3201,92.3201,1247.0
2025-01-30 21:30:00,92.28,92.5,92.28,92.39,9281.0
2025-01-30 21:34:00,92.33,92.39,92.33,92.36,1048.0
2025-01-30 21:36:00,92.38,92.38,92.33,92.33,430.0
2025-01-30 21:38:00,92.33,92.43,92.33,92.43,2329.0
2025-01-30 21:40:00,92.36,92.5,92.35,92.38,2086.0
2025-01-30 21:42:00,92.35,92.35,92.32,92.32,512.0
2025-01-30 21:46:00,92.39,92.39,92.28,92.28,2157.0
2025-01-30 21:48:00,92.3,92.3,92.28,92.28,453.0
2025-01-30 21:50:00,92.28,92.28,92.27,92.27,834.0
2025-01-30 21:52:00,92.3,92.38,92.3,92.38,1555.0
2025-01-30 21:54:00,92.2704,92.2704,92.2704,92.2704,223.0
2025-01-30 21:56:00,92.5,92.5,92.5,92.5,2228.0
2025-01-30 21:58:00,92.34,92.35,92.34,92.35,786.0
2025-01-30 22:06:00,92.34,92.36,92.3,92.3,1838.0
2025-01-30 22:08:00,92.3668,92.3668,92.3668,92.3668,134.0
2025-01-30 22:10:00,92.3683,92.3683,92.3683,92.3683,182.0
2025-01-30 22:12:00,92.35,92.3693,92.34,92.3401,2097.0
2025-01-30 22:14:00,92.253,92.253,92.253,92.253,318.0
2025-01-30 22:16:00,92.3,92.3,92.3,92.3,470.0
2025-01-30 22:18:00,92.3,92.3,92.3,92.3,232.0
2025-01-30 22:22:00,92.34,92.4,92.34,92.4,1862.0
2025-01-30 22:24:00,92.38,92.5,92.38,92.5,2359.0
2025-01-30 22:26:00,92.41,92.41,92.41,92.41,1201.0
2025-01-30 22:28:00,92.41,92.59,92.41,92.5,2327.0
2025-01-30 22:30:00,92.51,92.6,92.51,92.6,4232.0
2025-01-30 22:32:00,92.61,92.69,92.5,92.69,1282.0
2025-01-30 22:34:00,92.74,92.74,92.74,92.74,565.0
2025-01-30 22:38:00,92.55,92.55,92.55,92.55,1008.0
2025-01-30 22:42:00,92.5047,92.56,92.5047,92.56,617.0
2025-01-30 22:44:00,92.45,92.5,92.45,92.5,1206.0
2025-01-30 22:46:00,92.5088,92.52,92.5088,92.52,912.0
2025-01-30 22:52:00,92.4106,92.52,92.4106,92.52,1146.0
2025-01-30 22:54:00,92.4187,92.4187,92.4187,92.4187,101.0
2025-01-30 23:04:00,92.49,92.5,92.49,92.5,836.0
2025-01-30 23:06:00,92.52,92.52,92.52,92.52,397.0
2025-01-30 23:10:00,92.5002,92.5002,92.5,92.5,644.0
2025-01-30 23:12:00,92.5,92.56,92.5,92.54,1142.0
2025-01-30 23:18:00,92.7,92.7,92.6976,92.6976,1619.0
2025-01-30 23:20:00,92.695,92.695,92.695,92.695,442.0
2025-01-30 23:22:00,92.7,92.7,92.7,92.7,109.0
2025-01-30 23:26:00,92.6865,92.6865,92.5109,92.5109,702.0
2025-01-30 23:28:00,92.52,92.7,92.25,92.25,4319.0
2025-01-30 23:30:00,92.2,92.6107,91.0,91.0,31155.0
2025-01-30 23:32:00,91.02,91.4,90.9608,91.0,6615.0
2025-01-30 23:34:00,90.8,91.0,90.33,90.49,26366.0
2025-01-30 23:36:00,90.5,91.1,90.49,90.6,7407.0
2025-01-30 23:38:00,90.51,90.52,90.0,90.3,34073.0
2025-01-30 23:40:00,90.25,90.51,90.0,90.51,14671.0
2025-01-30 23:42:00,90.79,90.79,90.31,90.4855,18855.0
2025-01-30 23:44:00,90.46,90.49,90.43,90.43,10617.0
2025-01-30 23:46:00,90.4202,91.05,90.4202,91.01,13321.0
2025-01-30 23:48:00,91.0,91.28,91.0,91.28,28443.0
2025-01-30 23:50:00,91.28,91.4,91.0,91.01,9499.0
2025-01-30 23:52:00,90.95,91.0,90.95,90.99,2193.0
2025-01-30 23:54:00,91.0,91.3,91.0,91.29,5929.0
2025-01-30 23:56:00,91.25,91.25,91.0203,91.2,1772.0
2025-01-30 23:58:00,91.24,91.24,90.7,90.7,13456.0
2025-01-31 00:00:00,90.6,90.75,90.59,90.75,8613.0
2025-01-31 00:02:00,90.98,90.9999,90.75,90.7562,3796.0
2025-01-31 00:04:00,90.95,91.0001,90.95,90.96,5700.0
2025-01-31 00:06:00,91.0,91.0,91.0,91.0,160.0
2025-01-31 00:08:00,91.0,91.0,90.68,90.85,7492.0
2025-01-31 00:10:00,90.7111,90.9599,90.7111,90.9,3712.0
2025-01-31 00:12:00,90.9,90.9975,90.9,90.9975,1643.0
2025-01-31 00:14:00,90.9613,91.3,90.75,91.3,14581.0
2025-01-31 00:16:00,91.3355,91.3355,91.3355,91.3355,199.0
2025-01-31 00:20:00,91.0,91.1,91.0,91.03,3007.0
2025-01-31 00:22:00,91.06,91.06,91.06,91.06,275.0
2025-01-31 00:24:00,91.24,91.25,91.2,91.2,551.0
2025-01-31 00:26:00,91.27,91.3,91.19,91.3,23562.0
2025-01-31 00:28:00,91.201,91.3,91.201,91.2163,2873.0
2025-01-31 00:32:00,91.3133,91.5,91.29,91.36,4471.0
2025-01-31 00:34:00,91.38,91.45,91.35,91.45,2378.0
2025-01-31 00:36:00,91.35,91.3502,91.35,91.35,1900.0
2025-01-31 00:38:00,91.35,91.499,91.35,91.35,4956.0
2025-01-31 00:40:00,91.4945,91.4945,91.3519,91.3519,3537.0
2025-01-31 00:42:00,91.3537,91.48,91.3537,91.3606,1946.0
2025-01-31 00:44:00,91.4,91.4001,91.4,91.4001,516.0
2025-01-31 00:46:00,91.42,91.5,91.4,91.5,3760.0
2025-01-31 00:48:00,91.46,91.5975,91.405,91.5975,1871.0
2025-01-31 00:50:00,91.5999,91.6,91.36,91.36,2317.0
2025-01-31 00:52:00,91.4,91.45,91.4,91.4115,1364.0
2025-01-31 00:54:00,91.5,91.5,91.5,91.5,429.0
2025-01-31 00:56:00,91.54,91.6,91.53,91.58,2899.0
2025-01-31 00:58:00,91.6,91.7099,91.6,91.6001,2445.0
2025-01-31 09:00:00,92.15,92.19,91.5,91.82,4218.0
2025-01-31 09:02:00,91.91,91.91,91.91,91.91,262.0
2025-01-31 09:04:00,91.96,91.98,91.95,91.95,1858.0
2025-01-31 09:06:00,91.8,91.8,91.66,91.73,2236.0
2025-01-31 09:08:00,91.86,91.87,91.86,91.87,621.0
2025-01-31 09:10:00,91.89,91.89,91.88,91.88,255.0
2025-01-31 09:12:00,91.94,91.95,91.86,91.86,1252.0
2025-01-31 09:18:00,91.7,91.7,91.7,91.7,304.0
2025-01-31 09:20:00,91.7,91.72,91.7,91.72,469.0
2025-01-31 09:22:00,91.73,91.77,91.64,91.64,1978.0
2025-01-31 09:24:00,91.6,91.6,91.57,91.57,549.0
2025-01-31 09:26:00,91.64,91.64,91.64,91.64,557.0
2025-01-31 09:28:00,91.75,91.75,91.75,91.75,271.0
2025-01-31 09:30:00,91.82,91.83,91.82,91.83,1008.0
2025-01-31 09:34:00,91.86,91.86,91.86,91.86,222.0
2025-01-31 09:36:00,91.85,91.85,91.67,91.67,517.0
2025-01-31 09:46:00,91.82,91.86,91.82,91.86,326.0
2025-01-31 09:48:00,91.85,91.86,91.85,91.86,533.0
2025-01-31 09:52:00,91.86,91.86,91.86,91.86,278.0
2025-01-31 10:00:00,91.84,91.84,91.84,91.84,322.0
2025-01-31 10:02:00,91.8,91.8,91.8,91.8,1311.0
2025-01-31 10:12:00,91.77,91.77,91.77,91.77,281.0
2025-01-31 10:16:00,91.71,91.71,91.7,91.7,653.0
2025-01-31 10:22:00,91.7,91.7,91.7,91.7,115.0
2025-01-31 10:24:00,91.75,91.78,91.75,91.78,1200.0
2025-01-31 10:26:00,91.8,91.8,91.8,91.8,103.0
2025-01-31 10:36:00,91.84,91.84,91.82,91.82,701.0
2025-01-31 10:38:00,91.84,91.84,91.84,91.84,301.0
2025-01-31 10:44:00,91.84,91.84,91.84,91.84,443.0
2025-01-31 10:50:00,91.85,91.85,91.85,91.85,1007.0
2025-01-31 10:54:00,91.84,91.84,91.7,91.7,4444.0
2025-01-31 10:56:00,91.66,91.66,91.55,91.57,3880.0
2025-01-31 11:00:00,91.69,91.8,91.68,91.8,1320.0
2025-01-31 11:10:00,91.65,91.68,91.5,91.5,8200.0
2025-01-31 11:12:00,91.41,91.41,91.14,91.16,2179.0
2025-01-31 11:14:00,91.17,91.17,91.17,91.17,351.0
2025-01-31 11:16:00,91.29,91.32,91.28,91.32,757.0
2025-01-31 11:18:00,91.32,91.32,91.32,91.32,289.0
2025-01-31 11:22:00,91.28,91.28,91.28,91.28,274.0
2025-01-31 11:24:00,91.32,91.32,91.32,91.32,705.0
2025-01-31 11:26:00,91.32,91.32,91.32,91.32,302.0
2025-01-31 11:28:00,91.32,91.32,91.3,91.3,788.0
2025-01-31 11:30:00,91.32,91.32,91.32,91.32,265.0
2025-01-31 11:34:00,91.27,91.27,91.27,91.27,959.0
2025-01-31 11:36:00,91.22,91.25,91.22,91.25,1897.0
2025-01-31 11:40:00,91.32,91.32,91.32,91.32,172.0
2025-01-31 11:42:00,91.32,91.32,91.32,91.32,321.0
2025-01-31 11:44:00,91.3,91.31,91.3,91.3,969.0
2025-01-31 11:46:00,91.32,91.32,91.32,91.32,358.0
2025-01-31 11:48:00,91.34,91.35,91.34,91.35,681.0
2025-01-31 11:50:00,91.38,91.4,91.35,91.35,779.0
2025-01-31 11:52:00,91.49,91.54,91.49,91.54,511.0
2025-01-31 11:56:00,91.53,91.53,91.53,91.53,275.0
2025-01-31 11:58:00,91.54,91.54,91.54,91.54,500.0
2025-01-31 12:00:00,91.5,91.88,91.36,91.6,5388.0
2025-01-31 12:02:00,91.64,91.69,91.64,91.69,288.0
2025-01-31 12:04:00,91.66,91.73,91.64,91.73,1706.0
2025-01-31 12:06:00,91.76,91.76,91.7,91.7,2870.0
2025-01-31 12:08:00,91.66,91.67,91.65,91.67,778.0
2025-01-31 12:10:00,91.65,91.72,91.65,91.72,2181.0
2025-01-31 12:12:00,91.6,91.6,91.6,91.6,514.0
2025-01-31 12:14:00,91.56,91.59,91.55,91.59,1474.0
2025-01-31 12:16:00,91.63,91.63,91.63,91.63,350.0
2025-01-31 12:18:00,91.69,91.69,91.69,91.69,103.0
2025-01-31 12:20:00,91.72,91.72,91.72,91.72,320.0
2025-01-31 12:22:00,91.76,91.79,91.76,91.79,449.0
2025-01-31 12:24:00,91.74,91.74,91.73,91.73,230.0
2025-01-31 12:26:00,91.769,91.769,91.76,91.76,349.0
2025-01-31 12:30:00,91.7,91.7,91.7,91.7,1068.0
2025-01-31 12:36:00,91.68,91.68,91.68,91.68,100.0
2025-01-31 12:38:00,91.63,91.65,91.63,91.65,450.0
2025-01-31 12:40:00,91.64,91.64,91.64,91.64,276.0
2025-01-31 12:42:00,91.6,91.6,91.45,91.45,2868.0
2025-01-31 12:44:00,91.54,91.55,91.54,91.54,593.0
2025-01-31 12:48:00,91.6,91.6,91.6,91.6,112.0
2025-01-31 12:50:00,91.62,91.76,91.6,91.76,3851.0
2025-01-31 12:58:00,91.78,91.8,91.78,91.8,472.0
2025-01-31 13:00:00,91.72,92.2,91.35,91.81,42160.0
2025-01-31 13:02:00,91.7953,91.7953,91.7953,91.7953,312.0
2025-01-31 13:04:00,91.61,91.61,91.5,91.51,8047.0
2025-01-31 13:08:00,91.686,91.75,91.5201,91.75,684.0
2025-01-31 13:10:00,91.58,91.62,91.58,91.62,506.0
2025-01-31 13:12:00,91.62,91.62,91.59,91.6199,2621.0
2025-01-31 13:14:00,91.5537,91.5537,91.5537,91.5537,416.0
2025-01-31 13:16:00,91.6955,91.6955,91.52,91.52,533.0
2025-01-31 13:18:00,91.52,91.6,91.52,91.6,537.0
2025-01-31 13:20:00,91.61,91.61,91.5,91.5,9050.0
2025-01-31 13:22:00,91.65,91.65,91.5,91.6338,2045.0
2025-01-31 13:24:00,91.5999,91.5999,91.5,91.5,1450.0
2025-01-31 13:26:00,91.54,91.55,91.53,91.55,838.0
2025-01-31 13:28:00,91.55,91.56,91.5001,91.5001,1516.0
2025-01-31 13:30:00,91.55,91.5837,91.51,91.55,1564.0
2025-01-31 13:32:00,91.56,91.56,91.5,91.54,705.0
2025-01-31 13:34:00,91.52,91.52,91.35,91.35,4745.0
2025-01-31 13:36:00,91.35,91.42,91.35,91.4,2075.0
2025-01-31 13:38:00,91.46,91.5,91.45,91.5,974.0
2025-01-31 13:40:00,91.49,91.56,91.45,91.56,3961.0
2025-01-31 13:42:00,91.6,91.64,91.45,91.52,6745.0
2025-01-31 13:44:00,91.5,91.53,91.48,91.53,1817.0
2025-01-31 13:46:00,91.51,91.84,91.5,91.74,5859.0
2025-01-31 13:48:00,91.811,91.86,91.81,91.86,3833.0
2025-01-31 13:50:00,91.82,91.919,91.82,91.919,5266.0
2025-01-31 13:52:00,91.9195,92.24,91.85,92.22,16179.0
2025-01-31 13:54:00,92.2202,92.3,92.05,92.15,6380.0
2025-01-31 13:56:00,92.3,92.3,92.15,92.26,2846.0
2025-01-31 13:58:00,92.289,92.289,91.98,91.98,7581.0
2025-01-31 14:00:00,91.84,92.0,91.84,91.8512,2924.0
2025-01-31 14:02:00,91.85,91.87,91.66,91.66,8436.0
2025-01-31 14:04:00,91.7,91.75,91.66,91.71,4656.0
2025-01-31 14:06:00,91.84,91.94,91.84,91.88,2102.0
2025-01-31 14:08:00,91.87,92.09,91.86,92.09,4161.0
2025-01-31 14:10:00,92.09,92.17,92.0,92.0,7692.0
2025-01-31 14:12:00,92.02,92.0488,92.0,92.02,6255.0
2025-01-31 14:14:00,92.01,92.01,92.0,92.0,4676.0
2025-01-31 14:16:00,92.01,92.02,91.8562,91.8562,5840.0
2025-01-31 14:18:00,91.9,91.9573,91.9,91.9573,882.0
2025-01-31 14:20:00,91.9,91.96,91.9,91.93,1089.0
2025-01-31 14:22:00,91.86,91.96,91.79,91.8,1307.0
2025-01-31 14:24:00,91.8,91.8474,91.7661,91.78,3124.0
2025-01-31 14:26:00,91.75,91.75,91.67,91.7,2418.0
2025-01-31 14:28:00,91.59,91.59,91.4,91.46,8816.0
2025-01-31 14:30:00,91.65,92.45,91.22,91.945,398286.0
2025-01-31 14:32:00,91.95,92.26,91.77,92.09,105648.0
2025-01-31 14:34:00,92.0301,92.31,91.91,91.9292,104769.0
2025-01-31 14:36:00,91.95,92.3,91.8805,92.0926,158060.0
2025-01-31 14:38:00,92.115,92.2399,91.58,91.6,140068.0
2025-01-31 14:40:00,91.62,91.88,91.55,91.865,192770.0
2025-01-31 14:42:00,91.85,91.93,91.62,91.79,86437.0
2025-01-31 14:44:00,91.8,91.89,91.53,91.63,109712.0
2025-01-31 14:46:00,91.68,91.81,91.58,91.62,65742.0
2025-01-31 14:48:00,91.6175,91.77,91.6,91.7,52542.0
2025-01-31 14:50:00,91.6902,92.03,91.62,92.0,153444.0
2025-01-31 14:52:00,92.03,92.24,92.0,92.225,86662.0
2025-01-31 14:54:00,92.2288,92.35,92.1327,92.2912,59538.0
2025-01-31 14:56:00,92.33,92.39,92.255,92.35,140894.0
2025-01-31 14:58:00,92.36,92.6,92.32,92.565,119766.0
2025-01-31 15:00:00,92.56,92.75,92.54,92.72,90777.0
2025-01-31 15:02:00,92.72,92.85,92.66,92.66,93664.0
2025-01-31 15:04:00,92.66,92.7828,92.5405,92.6404,84201.0
2025-01-31 15:06:00,92.63,92.69,92.52,92.61,81007.0
2025-01-31 15:08:00,92.58,92.85,92.58,92.84,73223.0
2025-01-31 15:10:00,92.84,93.34,92.8,93.3025,239934.0
2025-01-31 15:12:00,93.34,93.6,93.297976,93.51,202879.0
2025-01-31 15:14:00,93.52,93.53,93.1502,93.36,119724.0
2025-01-31 15:16:00,93.37,93.6,93.2601,93.6,117231.0
2025-01-31 15:18:00,93.6,93.72,93.38,93.47,130556.0
2025-01-31 15:20:00,93.47,93.69,93.4094,93.65,139821.0
2025-01-31 15:22:00,93.63,93.89,93.5325,93.825,120871.0
2025-01-31 15:24:00,93.84,93.92,93.68,93.9,130527.0
2025-01-31 15:26:00,93.895,93.94,93.7201,93.855,90576.0
2025-01-31 15:28:00,93.86,94.15,93.86,94.08,216654.0
2025-01-31 15:30:00,94.08,94.24,93.92,94.1182,151683.0
2025-01-31 15:32:00,94.13,94.25,94.03,94.07,94297.0
2025-01-31 15:34:00,94.06,94.2597,94.06,94.2118,100947.0
2025-01-31 15:36:00,94.18,94.24,94.1,94.1501,130603.0
2025-01-31 15:38:00,94.165,94.26,93.8442,93.95,120769.0
2025-01-31 15:40:00,93.96,93.96,93.46,93.5085,168253.0
2025-01-31 15:42:00,93.51,93.65,93.43,93.64,91533.0
2025-01-31 15:44:00,93.66,93.75,93.47,93.635,128697.0
2025-01-31 15:46:00,93.6401,93.8695,93.605,93.665,63931.0
2025-01-31 15:48:00,93.655,93.7208,93.57,93.67,79311.0
2025-01-31 15:50:00,93.68,93.82,93.61,93.65,74479.0
2025-01-31 15:52:00,93.65,93.8942,93.65,93.8558,61898.0
2025-01-31 15:54:00,93.885,93.97,93.82,93.88,66138.0
2025-01-31 15:56:00,93.88,94.17,93.86,94.15,154090.0
2025-01-31 15:58:00,94.115,94.24,93.955988,93.96,184996.0
2025-01-31 16:00:00,93.97,94.19,93.95,94.19,108749.0
2025-01-31 16:02:00,94.1757,94.27,94.14,94.225,94213.0
2025-01-31 16:04:00,94.225,94.2488,94.09,94.19,90197.0
2025-01-31 16:06:00,94.185,94.185,93.89,93.8904,94533.0
2025-01-31 16:08:00,93.89,93.94,93.72,93.7398,71009.0
2025-01-31 16:10:00,93.74,93.95,93.74,93.878,45680.0
2025-01-31 16:12:00,93.86,93.975,93.8,93.865,54717.0
2025-01-31 16:14:00,93.8498,94.0,93.8498,93.905,50254.0
2025-01-31 16:16:00,93.89,93.9697,93.77,93.82,51816.0
2025-01-31 16:18:00,93.835,93.92,93.81,93.9,32853.0
2025-01-31 16:20:00,93.91,93.95,93.865,93.89,31073.0
2025-01-31 16:22:00,93.88,93.91,93.82,93.86,51185.0
2025-01-31 16:24:00,93.855,93.98,93.83,93.8385,98886.0
2025-01-31 16:26:00,93.83,94.07,93.83,94.065,68928.0
2025-01-31 16:28:00,94.08,94.08,93.63,93.65,74659.0
2025-01-31 16:30:00,93.63,93.68,93.55,93.68,86238.0
2025-01-31 16:32:00,93.68,93.88,93.67,93.845,49325.0
2025-01-31 16:34:00,93.835,93.8396,93.58,93.7,55399.0
2025-01-31 16:36:00,93.715,93.87,93.6994,93.835,27804.0
2025-01-31 16:38:00,93.86,93.86,93.56,93.58,61039.0
2025-01-31 16:40:00,93.57,93.67,93.54,93.555,53871.0
2025-01-31 16:42:00,93.5356,93.65,93.41,93.44,74413.0
2025-01-31 16:44:00,93.4301,93.48,93.28,93.33,58197.0
2025-01-31 16:46:00,93.33,93.3501,93.27,93.316,79796.0
2025-01-31 16:48:00,93.33,93.5844,93.33,93.57,70164.0
2025-01-31 16:50:00,93.57,93.64,93.43,93.53,54893.0
2025-01-31 16:52:00,93.49,93.56,93.37,93.4602,79111.0
2025-01-31 16:54:00,93.49,93.6,93.44,93.5,60859.0
2025-01-31 16:56:00,93.5,93.5,93.35,93.48,46731.0
2025-01-31 16:58:00,93.49,93.54,93.44,93.5,43931.0
2025-01-31 17:00:00,93.4923,93.555,93.4307,93.49,28009.0
2025-01-31 17:02:00,93.505,93.52,93.43,93.48,55898.0
2025-01-31 17:04:00,93.49,93.51,93.2902,93.34,57627.0
2025-01-31 17:06:00,93.35,93.42,93.2107,93.41,39632.0
2025-01-31 17:08:00,93.41,93.49,93.22,93.49,75262.0
2025-01-31 17:10:00,93.5,93.51,93.3075,93.47,33185.0
2025-01-31 17:12:00,93.47,93.51,93.42,93.44,49382.0
2025-01-31 17:14:00,93.455,93.52,93.36,93.39,28567.0
2025-01-31 17:16:00,93.395,93.45,93.31,93.3458,34647.0
2025-01-31 17:18:00,93.38,93.43,93.32,93.345,35376.0
2025-01-31 17:20:00,93.345,93.4625,93.32,93.4625,35616.0
2025-01-31 17:22:00,93.455,93.54,93.42,93.5375,56676.0
2025-01-31 17:24:00,93.535,93.54,93.42,93.465,30680.0
2025-01-31 17:26:00,93.47,93.58,93.465,93.57,28747.0
2025-01-31 17:28:00,93.585,93.61,93.53,93.555,55376.0
2025-01-31 17:30:00,93.57,93.575,93.51,93.535,31056.0
2025-01-31 17:32:00,93.535,93.58,93.46,93.51,48352.0
2025-01-31 17:34:00,93.49,93.54,93.4752,93.53,54217.0
2025-01-31 17:36:00,93.5371,93.67,93.5275,93.61,46893.0
2025-01-31 17:38:00,93.61,93.6316,93.57,93.58,39138.0
2025-01-31 17:40:00,93.58,93.58,93.48,93.5,41148.0
2025-01-31 17:42:00,93.5,93.53,93.45,93.53,31413.0
2025-01-31 17:44:00,93.535,93.54,93.44,93.445,36013.0
2025-01-31 17:46:00,93.45,93.505,93.43,93.48,18795.0
2025-01-31 17:48:00,93.4601,93.56,93.4601,93.53,30057.0
2025-01-31 17:50:00,93.52,93.56,93.46,93.5065,44026.0
2025-01-31 17:52:00,93.505,93.59,93.505,93.55,37781.0
2025-01-31 17:54:00,93.555,93.5799,93.48,93.485,33346.0
2025-01-31 17:56:00,93.485,93.51,93.45,93.5,20254.0
2025-01-31 17:58:00,93.48,93.56,93.4794,93.48,31073.0
2025-01-31 18:00:00,93.485,93.51,93.46,93.5,28598.0
2025-01-31 18:02:00,93.49,93.51,93.4285,93.5,18577.0
2025-01-31 18:04:00,93.505,93.55,93.48,93.52,31033.0
2025-01-31 18:06:00,93.535,93.5595,93.51,93.54,41623.0
2025-01-31 18:08:00,93.56,93.562,93.48,93.5009,118361.0
2025-01-31 18:10:00,93.495,93.505,93.34,93.4,70857.0
2025-01-31 18:12:00,93.41,93.42,93.31,93.31,34850.0
2025-01-31 18:14:00,93.32,93.3798,93.28,93.345,29665.0
2025-01-31 18:16:00,93.33,93.375,93.325,93.37,22371.0
2025-01-31 18:18:00,93.36,93.38,92.97,92.9705,100564.0
2025-01-31 18:20:00,92.98,93.02,92.75,92.82,91092.0
2025-01-31 18:22:00,92.84,93.0399,92.7801,92.89,58354.0
2025-01-31 18:24:00,92.88,92.88,92.62,92.77,86653.0
2025-01-31 18:26:00,92.78,92.82,92.57,92.75,71019.0
2025-01-31 18:28:00,92.77,92.77,92.525,92.5401,54350.0
2025-01-31 18:30:00,92.54,92.67,92.4053,92.6456,97036.0
2025-01-31 18:32:00,92.67,92.76,92.45,92.475,63688.0
2025-01-31 18:34:00,92.44,92.46,92.15,92.42,105235.0
2025-01-31 18:36:00,92.4,92.4299,92.09,92.17,70129.0
2025-01-31 18:38:00,92.2,92.6,92.2,92.545,60658.0
2025-01-31 18:40:00,92.555,92.77,92.53,92.62,52124.0
2025-01-31 18:42:00,92.627,92.73,92.54,92.5405,47926.0
2025-01-31 18:44:00,92.59,92.6294,92.4205,92.6,62734.0
2025-01-31 18:46:00,92.61,92.85,92.51,92.85,36288.0
2025-01-31 18:48:00,92.84,92.84,92.62,92.74,36399.0
2025-01-31 18:50:00,92.755,92.78,92.62,92.67,36381.0
2025-01-31 18:52:00,92.7,92.715,92.45,92.6,44287.0
2025-01-31 18:54:00,92.58,92.735,92.4701,92.7335,25265.0
2025-01-31 18:56:00,92.72,92.785662,92.66,92.7,36866.0
2025-01-31 18:58:00,92.69,92.71,92.5701,92.63,29669.0
2025-01-31 19:00:00,92.635,92.78,92.52,92.75,49278.0
2025-01-31 19:02:00,92.75,92.83,92.56,92.65,47814.0
2025-01-31 19:04:00,92.6304,92.74,92.55,92.55,44966.0
2025-01-31 19:06:00,92.53,92.56,92.13,92.265,97623.0
2025-01-31 19:08:00,92.24,92.3107,92.1229,92.31,49805.0
2025-01-31 19:10:00,92.36,92.49,92.31,92.44,28047.0
2025-01-31 19:12:00,92.5,92.775,92.4606,92.775,37793.0
2025-01-31 19:14:00,92.795,92.86,92.69,92.7,46739.0
2025-01-31 19:16:00,92.715,92.7595,92.51,92.55,40975.0
2025-01-31 19:18:00,92.57,92.5912,92.35,92.48,58704.0
2025-01-31 19:20:00,92.49,92.5,92.34,92.49,38183.0
2025-01-31 19:22:00,92.46,92.6056,92.34,92.59,46860.0
2025-01-31 19:24:00,92.59,92.8,92.51,92.74,43015.0
2025-01-31 19:26:00,92.73,92.78,92.6,92.74,39215.0
2025-01-31 19:28:00,92.75,92.82,92.705,92.795,32390.0
2025-01-31 19:30:00,92.815,92.9725,92.7786,92.7786,42321.0
2025-01-31 19:32:00,92.79,92.91,92.73,92.9,34072.0
2025-01-31 19:34:00,92.895,92.97,92.83,92.84,41016.0
2025-01-31 19:36:00,92.83,92.83,92.52,92.52,41750.0
2025-01-31 19:38:00,92.52,92.63,92.4701,92.485,53350.0
2025-01-31 19:40:00,92.495,92.53,92.36,92.415,83476.0
2025-01-31 19:42:00,92.41,92.435,92.16,92.23,60797.0
2025-01-31 19:44:00,92.22,92.255,92.02,92.04,51572.0
2025-01-31 19:46:00,92.045,92.045,91.87,91.96,100296.0
2025-01-31 19:48:00,91.96,92.1108,91.9105,92.095,56419.0
2025-01-31 19:50:00,92.11,92.3,92.08,92.295,47414.0
2025-01-31 19:52:00,92.32,92.42,92.15,92.195,43332.0
2025-01-31 19:54:00,92.195,92.5,92.176,92.4,83345.0
2025-01-31 19:56:00,92.415,92.44,92.28,92.42,64295.0
2025-01-31 19:58:00,92.41,92.58,92.36,92.44,53280.0
2025-01-31 20:00:00,92.435,92.435,92.12,92.13,49466.0
2025-01-31 20:02:00,92.135,92.18,91.98,92.06,48045.0
2025-01-31 20:04:00,92.06,92.06,91.66,91.72,73723.0
2025-01-31 20:06:00,91.71,91.83,91.63,91.755,30626.0
2025-01-31 20:08:00,91.73,91.83,91.61,91.61,55347.0
2025-01-31 20:10:00,91.66,91.76,91.61,91.715,53917.0
2025-01-31 20:12:00,91.71,91.71,91.53,91.5474,59508.0
2025-01-31 20:14:00,91.54,91.67,91.53,91.625,45019.0
2025-01-31 20:16:00,91.625,91.719,91.48,91.67,89204.0
2025-01-31 20:18:00,91.67,91.74,91.59,91.7,41907.0
2025-01-31 20:20:00,91.695,91.695,91.54,91.605,45846.0
2025-01-31 20:22:00,91.62,91.62,91.37,91.4,67231.0
2025-01-31 20:24:00,91.43,91.59,91.32,91.345,55687.0
2025-01-31 20:26:00,91.37,91.43,91.28,91.3799,63240.0
2025-01-31 20:28:00,91.35,91.37,91.24,91.36,56879.0
2025-01-31 20:30:00,91.35,91.475,91.32,91.38,62816.0
2025-01-31 20:32:00,91.38,91.55,91.365,91.519,59405.0
2025-01-31 20:34:00,91.49,91.613,91.49,91.52,49950.0
2025-01-31 20:36:00,91.53,91.61,91.4447,91.55,59112.0
2025-01-31 20:38:00,91.58,91.65,91.435,91.45,57796.0
2025-01-31 20:40:00,91.47,91.48,91.35,91.43,77024.0
2025-01-31 20:42:00,91.415,91.49,91.25,91.275,95324.0
2025-01-31 20:44:00,91.29,91.43,91.29,91.33,108287.0
2025-01-31 20:46:00,91.32,91.49,91.25,91.46,139301.0
2025-01-31 20:48:00,91.46,91.67,91.45,91.56,89005.0
2025-01-31 20:50:00,91.57,91.81,91.57,91.6,211861.0
2025-01-31 20:52:00,91.6,91.63,91.38,91.495,209727.0
2025-01-31 20:54:00,91.47,91.51,91.14,91.39,284094.0
2025-01-31 20:56:00,91.365,91.455,91.29,91.3926,204879.0
2025-01-31 20:58:00,91.4,91.48,91.24,91.305,576179.0
2025-01-31 21:00:00,91.24,91.65,91.24,91.26,129110.0
2025-01-31 21:02:00,91.26,91.37,91.25,91.26,5026.0
2025-01-31 21:04:00,91.25,91.3,91.1,91.2827,14234.0
2025-01-31 21:06:00,91.32,91.35,91.24,91.35,18707.0
2025-01-31 21:08:00,91.32,91.55,91.24,91.55,24741.0
2025-01-31 21:10:00,91.39,91.41,91.3501,91.3501,3067.0
2025-01-31 21:12:00,91.37,91.4399,91.35,91.36,6551.0
2025-01-31 21:14:00,91.24,91.32,91.24,91.2801,593651.0
2025-01-31 21:16:00,91.29,91.3,91.24,91.26,2483.0
2025-01-31 21:18:00,91.3,91.3,91.3,91.3,860.0
2025-01-31 21:20:00,91.3,91.34,91.27,91.34,1579.0
2025-01-31 21:22:00,91.28,91.28,91.28,91.28,202.0
2025-01-31 21:24:00,91.34,91.34,91.24,91.3092,5438.0
2025-01-31 21:26:00,91.34,91.34,91.2609,91.2609,836.0
2025-01-31 21:28:00,91.27,91.3399,91.27,91.3001,4359.0
2025-01-31 21:30:00,91.3,91.3,91.28,91.28,639.0
2025-01-31 21:32:00,91.25,91.25,91.24,91.24,1481.0
2025-01-31 21:34:00,91.22,91.22,91.22,91.22,241.0
2025-01-31 21:38:00,91.25,91.25,91.2106,91.2106,3600.0
2025-01-31 21:40:00,91.25,91.25,91.211,91.211,1668.0
2025-01-31 21:42:00,91.211,91.22,91.2,91.2,2132.0
2025-01-31 21:44:00,91.16,91.17,91.08,91.08,5540.0
2025-01-31 21:46:00,91.24,91.42,91.19,91.22,5366.0
2025-01-31 21:48:00,91.22,91.24,91.15,91.16,1710.0
2025-01-31 21:54:00,91.13,91.13,91.12,91.12,701.0
2025-01-31 21:56:00,91.12,91.12,91.12,91.12,764.0
2025-01-31 21:58:00,91.13,91.19,91.1,91.19,1776.0
2025-01-31 22:00:00,91.19,91.2,91.19,91.2,3096.0
2025-01-31 22:02:00,91.1986,91.1986,91.1986,91.1986,185.0
2025-01-31 22:04:00,91.15,91.2,91.15,91.2,884.0
2025-01-31 22:06:00,91.1605,91.2,91.1605,91.1892,797.0
2025-01-31 22:08:00,91.29,91.3,91.2562,91.27,1200.0
2025-01-31 22:10:00,91.32,91.35,91.29,91.35,5540.0
2025-01-31 22:12:00,91.32,91.35,91.31,91.33,1039.0
2025-01-31 22:14:00,91.3442,91.38,91.32,91.35,1912.0
2025-01-31 22:16:00,91.32,91.32,91.25,91.26,2959.0
2025-01-31 22:18:00,91.22,91.22,91.22,91.22,185.0
2025-01-31 22:24:00,91.2,91.2,91.2,91.2,1020.0
2025-01-31 22:26:00,91.2,91.2,91.08,91.08,1144.0
2025-01-31 22:28:00,91.1,91.1,91.1,91.1,1129.0
2025-01-31 22:30:00,91.05,91.0988,91.05,91.0988,2192.0
2025-01-31 22:32:00,91.1,91.1,91.0516,91.0516,283.0
2025-01-31 22:34:00,91.0793,91.0793,91.0793,91.0793,1057.0
2025-01-31 22:36:00,91.1,91.1,91.05,91.05,609.0
2025-01-31 22:38:00,91.06,91.06,91.05,91.06,1026.0
2025-01-31 22:40:00,91.05,91.06,91.05,91.06,1024.0
2025-01-31 22:42:00,91.06,91.06,91.06,91.06,5974.0
2025-01-31 22:52:00,91.06,91.06,91.05,91.06,3217.0
2025-01-31 22:54:00,91.04,91.04,91.04,91.04,383.0
2025-01-31 22:58:00,91.1,91.1,91.01,91.01,526.0
2025-01-31 23:02:00,91.24,91.24,91.1,91.1,781.0
2025-01-31 23:08:00,91.0547,91.0547,91.0547,91.0547,301.0
2025-01-31 23:10:00,91.17,91.24,91.17,91.23,1018.0
2025-01-31 23:12:00,91.25,91.25,91.25,91.25,242.0
2025-01-31 23:14:00,91.2,91.2,91.2,91.2,150.0
2025-01-31 23:16:00,91.055,91.055,91.055,91.055,232.0
2025-01-31 23:20:00,91.22,91.22,91.22,91.22,106.0
2025-01-31 23:22:00,91.2483,91.25,91.19,91.19,4332.0
2025-01-31 23:24:00,91.3,91.3,91.3,91.3,1009.0
2025-01-31 23:26:00,91.26,91.26,91.26,91.26,145.0
2025-01-31 23:28:00,91.26,91.3,91.26,91.26,1426.0
2025-01-31 23:40:00,91.41,91.41,91.41,91.41,264.0
2025-01-31 23:42:00,91.11,91.12,91.11,91.12,428.0
2025-01-31 23:44:00,91.12,91.2,91.12,91.2,866.0
2025-01-31 23:46:00,91.2955,91.2955,91.2955,91.2955,502.0
2025-01-31 23:48:00,91.12,91.12,91.12,91.12,154.0
2025-01-31 23:50:00,91.1206,91.1206,91.1206,91.1206,617.0
2025-01-31 23:52:00,91.07,91.07,91.07,91.07,243.0
2025-01-31 23:54:00,91.05,91.05,91.01,91.03,1130.0
2025-01-31 23:56:00,91.03,91.03,91.03,91.03,2575.0
2025-01-31 23:58:00,91.05,91.05,91.03,91.03,1240.0
2025-02-01 00:08:00,91.04,91.04,91.04,91.04,151.0
2025-02-01 00:10:00,91.1,91.13,91.1,91.13,552.0
2025-02-01 00:12:00,91.1484,91.15,91.1484,91.15,455.0
2025-02-01 00:14:00,91.15,91.15,91.15,91.15,321.0
2025-02-01 00:22:00,91.1,91.1,91.0,91.0991,4799.0
2025-02-01 00:24:00,91.0,91.0,91.0,91.0,3329.0
2025-02-01 00:28:00,90.9,90.9,90.9,90.9,151.0
2025-02-01 00:32:00,90.92,90.92,90.92,90.92,299.0
2025-02-01 00:36:00,90.9493,90.9493,90.87,90.87,1661.0
2025-02-01 00:40:00,90.9,90.9,90.87,90.87,422.0
2025-02-01 00:42:00,90.88,90.9,90.88,90.8999,2081.0
2025-02-01 00:44:00,90.8988,90.8988,90.84,90.84,513.0
2025-02-01 00:46:00,90.77,90.78,90.7,90.78,1286.0
2025-02-01 00:48:00,90.7,90.75,90.7,90.75,529.0
2025-02-01 00:50:00,90.6994,90.6994,90.6,90.6,1724.0
2025-02-01 00:52:00,90.6006,90.6006,90.6,90.6,1909.0
2025-02-01 00:54:00,90.649,90.649,90.51,90.51,1910.0
2025-02-01 00:56:00,90.5101,90.52,90.51,90.51,1418.0
2025-02-01 00:58:00,90.5499,90.55,90.45,90.45,5538.0
2025-02-03 09:00:00,88.2,89.2,87.15,88.44,5324.0
2025-02-03 09:02:00,88.5,88.91,88.5,88.9,4911.0
2025-02-03 09:04:00,89.2,89.2,89.09,89.2,4707.0
2025-02-03 09:06:00,89.15,89.15,88.89,88.89,4565.0
2025-02-03 09:08:00,88.82,88.82,88.72,88.79,1294.0
2025-02-03 09:10:00,88.74,88.89,88.73,88.89,2553.0
2025-02-03 09:12:00,88.79,88.82,88.64,88.82,8169.0
2025-02-03 09:14:00,88.85,88.94,88.85,88.91,1616.0
2025-02-03 09:16:00,88.8,88.81,88.65,88.66,860.0
2025-02-03 09:18:00,88.7,88.7,88.51,88.51,1804.0
2025-02-03 09:20:00,88.6,88.6,88.48,88.49,598.0
2025-02-03 09:24:00,88.8,88.8,88.8,88.8,1386.0
2025-02-03 09:26:00,88.8,88.8,88.8,88.8,755.0
2025-02-03 09:28:00,88.75,88.75,88.74,88.74,502.0
2025-02-03 09:30:00,88.89,88.99,88.89,88.92,787.0
2025-02-03 09:32:00,89.02,89.02,89.02,89.02,833.0
2025-02-03 09:34:00,89.06,89.11,89.06,89.08,2096.0
2025-02-03 09:36:00,89.08,89.08,89.07,89.08,952.0
2025-02-03 09:38:00,89.07,89.08,89.02,89.02,1340.0
2025-02-03 09:40:00,89.0,89.0,89.0,89.0,372.0
2025-02-03 09:42:00,88.9,88.9,88.9,88.9,220.0
2025-02-03 09:44:00,88.91,88.97,88.82,88.97,1279.0
2025-02-03 09:46:00,88.8,88.84,88.8,88.84,758.0
2025-02-03 09:48:00,88.89,88.89,88.81,88.81,825.0
2025-02-03 09:52:00,88.87,88.89,88.87,88.89,895.0
2025-02-03 09:54:00,88.88,88.88,88.88,88.88,207.0
2025-02-03 09:56:00,88.89,88.89,88.89,88.89,1457.0
2025-02-03 09:58:00,88.83,88.86,88.82,88.85,1042.0
2025-02-03 10:00:00,88.8,88.8,88.72,88.8,3031.0
2025-02-03 10:02:00,88.72,88.73,88.6,88.69,3728.0
2025-02-03 10:04:00,88.62,88.79,88.62,88.79,1855.0
2025-02-03 10:06:00,88.78,88.8,88.78,88.8,654.0
2025-02-03 10:08:00,88.96,89.0,88.96,89.0,715.0
2025-02-03 10:10:00,89.08,89.14,89.08,89.11,1453.0
2025-02-03 10:12:00,89.01,89.1,89.0,89.1,1389.0
2025-02-03 10:14:00,89.13,89.13,89.13,89.13,362.0
2025-02-03 10:16:00,89.02,89.02,89.01,89.01,216.0
2025-02-03 10:20:00,89.08,89.08,89.01,89.01,866.0
2025-02-03 10:22:00,89.02,89.02,89.02,89.02,200.0
2025-02-03 10:32:00,89.09,89.14,89.09,89.14,983.0
2025-02-03 10:34:00,89.15,89.17,89.15,89.17,1464.0
2025-02-03 10:36:00,89.18,89.19,89.17,89.19,1130.0
2025-02-03 10:38:00,89.13,89.13,89.06,89.13,659.0
2025-02-03 10:42:00,89.1,89.1,89.08,89.08,306.0
2025-02-03 10:44:00,89.11,89.2,89.11,89.2,379.0
2025-02-03 10:46:00,89.2,89.21,89.2,89.21,1841.0
2025-02-03 10:54:00,89.15,89.15,89.12,89.12,356.0
2025-02-03 10:58:00,89.11,89.11,89.11,89.11,125.0
2025-02-03 11:02:00,89.24,89.24,89.24,89.24,790.0
2025-02-03 11:04:00,89.25,89.25,89.25,89.25,100.0
2025-02-03 11:06:00,89.27,89.27,89.27,89.27,143.0
2025-02-03 11:14:00,89.37,89.37,89.37,89.37,223.0
2025-02-03 11:16:00,89.36,89.36,89.36,89.36,440.0
2025-02-03 11:18:00,89.22,89.23,89.22,89.23,318.0
2025-02-03 11:24:00,89.2,89.21,89.2,89.21,237.0
2025-02-03 11:28:00,89.17,89.17,89.15,89.15,570.0
2025-02-03 11:30:00,89.22,89.23,89.22,89.23,623.0
2025-02-03 11:32:00,89.25,89.25,89.1,89.1,2501.0
2025-02-03 11:34:00,89.12,89.12,89.12,89.12,158.0
2025-02-03 11:36:00,89.13,89.13,89.11,89.11,424.0
2025-02-03 11:38:00,89.1,89.1,89.03,89.03,3754.0
2025-02-03 11:40:00,89.03,89.03,88.97,88.99,709.0
2025-02-03 11:42:00,88.98,88.98,88.98,88.98,453.0
2025-02-03 11:44:00,88.99,88.99,88.99,88.99,516.0
2025-02-03 11:46:00,88.99,88.99,88.98,88.98,472.0
2025-02-03 11:48:00,88.82,88.82,88.82,88.82,340.0
2025-02-03 11:52:00,88.7,88.7,88.7,88.7,409.0
2025-02-03 11:54:00,88.69,88.74,88.69,88.74,757.0
2025-02-03 11:56:00,88.78,88.78,88.78,88.78,1457.0
2025-02-03 12:00:00,89.04,89.34,88.77,88.82,10914.0
2025-02-03 12:02:00,88.8,88.8,88.73,88.73,814.0
2025-02-03 12:04:00,88.75,88.75,88.6,88.62,6962.0
2025-02-03 12:06:00,88.71,88.71,88.6,88.7,3394.0
2025-02-03 12:08:00,88.71,88.71,88.71,88.71,274.0
2025-02-03 12:10:00,88.61,88.69,88.6,88.6,1982.0
2025-02-03 12:12:00,88.6,88.75,88.6,88.75,5610.0
2025-02-03 12:14:00,88.85,88.85,88.85,88.85,608.0
2025-02-03 12:16:00,88.76,88.76,88.76,88.76,378.0
2025-02-03 12:18:00,88.71,88.71,88.71,88.71,526.0
2025-02-03 12:20:00,88.78,88.78,88.66,88.66,1194.0
2025-02-03 12:22:00,88.66,88.66,88.66,88.66,605.0
2025-02-03 12:24:00,88.7,88.72,88.7,88.71,1672.0
2025-02-03 12:26:00,88.66,88.78,88.66,88.78,2779.0
2025-02-03 12:28:00,88.78,88.8,88.76,88.8,3540.0
2025-02-03 12:30:00,88.71,88.71,88.64,88.64,1182.0
2025-02-03 12:32:00,88.67,88.7,88.6,88.64,5833.0
2025-02-03 12:34:00,88.61,88.61,88.6,88.6,2431.0
2025-02-03 12:36:00,88.6,88.6,88.6,88.6,234.0
2025-02-03 12:38:00,88.61,88.61,88.6,88.6,4251.0
2025-02-03 12:40:00,88.6,88.65,88.6,88.65,6457.0
2025-02-03 12:42:00,88.6,88.6,88.6,88.6,1014.0
2025-02-03 12:44:00,88.6,88.6,88.6,88.6,1243.0
2025-02-03 12:46:00,88.52,88.79,88.51,88.79,7310.0
2025-02-03 12:48:00,88.65,88.67,88.65,88.67,655.0
2025-02-03 12:50:00,88.6,88.6,88.56,88.57,1465.0
2025-02-03 12:52:00,88.69,88.69,88.69,88.69,362.0
2025-02-03 12:54:00,88.64,88.67,88.64,88.67,800.0
2025-02-03 12:56:00,88.66,88.66,88.66,88.66,997.0
2025-02-03 12:58:00,88.62,88.65,88.62,88.65,1453.0
2025-02-03 13:00:00,88.71,89.0,88.5114,88.6821,54605.0
2025-02-03 13:02:00,88.1,89.08,87.53,88.69,29785.0
2025-02-03 13:04:00,88.6995,88.74,88.6501,88.7,3126.0
2025-02-03 13:06:00,88.84,88.87,88.6887,88.8696,11039.0
2025-02-03 13:08:00,88.8,88.8475,88.67,88.67,3926.0
2025-02-03 13:10:00,88.7,88.7,88.5541,88.5541,922.0
2025-02-03 13:12:00,88.62,88.7,88.5715,88.7,8201.0
2025-02-03 13:14:00,88.6715,88.8699,88.6715,88.8699,2692.0
2025-02-03 13:16:00,88.74,88.87,88.7,88.7,1326.0
2025-02-03 13:18:00,88.6793,88.7873,88.672,88.7,1213.0
2025-02-03 13:20:00,88.7,88.7899,88.7,88.7885,881.0
2025-02-03 13:22:00,88.789,88.79,88.68,88.68,3319.0
2025-02-03 13:24:00,88.67,88.69,88.67,88.69,1009.0
2025-02-03 13:26:00,88.75,88.75,88.75,88.75,232.0
2025-02-03 13:28:00,88.73,88.73,88.73,88.73,189.0
2025-02-03 13:30:00,88.75,88.75,88.74,88.75,2749.0
2025-02-03 13:32:00,88.74,88.74,88.67,88.6715,4042.0
2025-02-03 13:34:00,88.67,88.74,88.65,88.65,1960.0
2025-02-03 13:36:00,88.55,88.5988,88.5005,88.52,4228.0
2025-02-03 13:38:00,88.56,88.57,88.56,88.57,750.0
2025-02-03 13:40:00,88.57,88.57,88.5,88.5,10019.0
2025-02-03 13:42:00,88.55,88.58,88.49,88.5,9300.0
2025-02-03 13:44:00,88.5,88.55,88.49,88.55,4085.0
2025-02-03 13:46:00,88.55,88.65,88.5043,88.53,2687.0
2025-02-03 13:48:00,88.51,88.57,88.5,88.5106,4349.0
2025-02-03 13:50:00,88.5315,88.5315,88.5,88.52,1834.0
2025-02-03 13:52:00,88.51,88.51,88.5,88.5037,2103.0
2025-02-03 13:54:00,88.56,88.56,88.51,88.52,947.0
2025-02-03 13:56:00,88.55,88.55,88.55,88.55,377.0
2025-02-03 13:58:00,88.5501,88.56,88.5501,88.56,1198.0
2025-02-03 14:00:00,88.5019,88.6,88.5019,88.6,3679.0
2025-02-03 14:02:00,88.56,88.62,88.53,88.53,2191.0
2025-02-03 14:04:00,88.5,88.53,88.5,88.53,1647.0
2025-02-03 14:06:00,88.53,88.65,88.53,88.57,3493.0
2025-02-03 14:08:00,88.56,88.6189,88.49,88.5,9193.0
2025-02-03 14:10:00,88.5,88.54,88.48,88.54,11545.0
2025-02-03 14:12:00,88.54,88.55,88.51,88.55,1468.0
2025-02-03 14:14:00,88.55,88.6,88.55,88.58,14947.0
2025-02-03 14:16:00,88.58,88.58,88.51,88.52,4206.0
2025-02-03 14:18:00,88.5101,88.58,88.47,88.47,7002.0
2025-02-03 14:20:00,88.47,88.47,88.33,88.39,5761.0
2025-02-03 14:22:00,88.33,88.5,88.33,88.44,2929.0
2025-02-03 14:24:00,88.42,88.55,88.25,88.42,13573.0
2025-02-03 14:26:00,88.5,88.54,88.36,88.4619,12199.0
2025-02-03 14:28:00,88.62,88.87,88.62,88.78,18938.0
2025-02-03 14:30:00,88.65,88.95,88.05,88.79,681084.0
2025-02-03 14:32:00,88.85,88.9,88.4,88.7737,207802.0
2025-02-03 14:34:00,88.75,88.88,88.09,88.23,343194.0
2025-02-03 14:36:00,88.24,88.73,88.0193,88.726,263952.0
2025-02-03 14:38:00,88.7,88.95,88.37,88.87,178552.0
2025-02-03 14:40:00,88.85,88.9699,88.6841,88.94,187240.0
2025-02-03 14:42:00,88.97,89.2075,88.97,89.07,170154.0
2025-02-03 14:44:00,89.06,89.079,88.63,88.755,190421.0
2025-02-03 14:46:00,88.75,88.95,88.52,88.89,130409.0
2025-02-03 14:48:00,88.89,88.94,88.73,88.85,103304.0
2025-02-03 14:50:00,88.87,89.1997,88.82,89.15,182009.0
2025-02-03 14:52:00,89.1214,89.1883,88.95,89.075,91428.0
2025-02-03 14:54:00,89.07,89.13,88.8004,89.12,146915.0
2025-02-03 14:56:00,89.14,89.65,89.14,89.445,187640.0
2025-02-03 14:58:00,89.445,89.8,89.4091,89.8,100763.0
2025-02-03 15:00:00,89.78,89.935,89.47,89.73,134086.0
2025-02-03 15:02:00,89.7101,89.773,89.53,89.57,122032.0
2025-02-03 15:04:00,89.62,89.81,89.4,89.7,181395.0
2025-02-03 15:06:00,89.71,89.86,89.6501,89.73,83054.0
2025-02-03 15:08:00,89.75,90.045,89.75,89.9471,134965.0
2025-02-03 15:10:00,89.955,89.97,89.67,89.79,126793.0
2025-02-03 15:12:00,89.77,90.035,89.74,89.94,147567.0
2025-02-03 15:14:00,89.94,89.958,89.73,89.745,126972.0
2025-02-03 15:16:00,89.77,89.77,89.48,89.57,114666.0
2025-02-03 15:18:00,89.53,89.6495,89.49,89.51,62096.0
2025-02-03 15:20:00,89.53,90.17,89.485,90.1101,97877.0
2025-02-03 15:22:00,90.105,90.36,89.89,90.23,134826.0
2025-02-03 15:24:00,90.2105,90.94,90.18,90.69,243109.0
2025-02-03 15:26:00,90.73,91.0,90.26,90.8301,175288.0
2025-02-03 15:28:00,90.87,91.25,90.72,91.2093,130600.0
2025-02-03 15:30:00,91.19,91.4,91.01,91.15,151017.0
2025-02-03 15:32:00,91.1893,91.27,91.05,91.09,105717.0
2025-02-03 15:34:00,91.07,91.1078,90.77,90.935,116796.0
2025-02-03 15:36:00,90.96,91.04,90.72,90.72,64107.0
2025-02-03 15:38:00,90.72,90.8099,90.565,90.75,75426.0
2025-02-03 15:40:00,90.74,91.17,90.5671,91.098,85193.0
2025-02-03 15:42:00,91.075,91.39,91.041,91.1306,122837.0
2025-02-03 15:44:00,91.13,91.21,91.0,91.035,79415.0
2025-02-03 15:46:00,91.08,91.2499,90.9171,90.95,64761.0
2025-02-03 15:48:00,90.97,91.11,90.86,91.05,76479.0
2025-02-03 15:50:00,91.07,91.2,90.95,90.995,63831.0
2025-02-03 15:52:00,90.97,91.06,90.8209,90.8209,75565.0
2025-02-03 15:54:00,90.82,90.84,90.57,90.83,82952.0
2025-02-03 15:56:00,90.805,90.91,90.67,90.71,50887.0
2025-02-03 15:58:00,90.6915,90.8708,90.63,90.63,70950.0
2025-02-03 16:00:00,90.61,90.86,90.5175,90.81,60862.0
2025-02-03 16:02:00,90.82,90.85,90.19,90.22,165634.0
2025-02-03 16:04:00,90.19,90.3899,89.99,90.05,112006.0
2025-02-03 16:06:00,90.0306,90.55,90.0306,90.33,61648.0
2025-02-03 16:08:00,90.3,90.53,90.26,90.44,51110.0
2025-02-03 16:10:00,90.47,90.7,90.47,90.52,61220.0
2025-02-03 16:12:00,90.52,90.63,90.49,90.63,49081.0
2025-02-03 16:14:00,90.635,90.81,90.56,90.77,49017.0
2025-02-03 16:16:00,90.76,90.78,90.585,90.745,36447.0
2025-02-03 16:18:00,90.76,90.98,90.745,90.875,52595.0
2025-02-03 16:20:00,90.9,90.9133,90.6709,90.68,42841.0
2025-02-03 16:22:00,90.69,90.74,90.5,90.57,53520.0
2025-02-03 16:24:00,90.59,90.67,90.51,90.62,33205.0
2025-02-03 16:26:00,90.61,90.61,90.41,90.48,62646.0
2025-02-03 16:28:00,90.52,90.55,90.39,90.45,38794.0
2025-02-03 16:30:00,90.43,90.48,90.36,90.475,32008.0
2025-02-03 16:32:00,90.465,90.64,90.44,90.5745,35409.0
2025-02-03 16:34:00,90.579,90.69,90.579,90.64,35183.0
2025-02-03 16:36:00,90.65,90.78,90.61,90.67,57176.0
2025-02-03 16:38:00,90.67,90.81,90.63,90.81,32734.0
2025-02-03 16:40:00,90.83,90.875,90.545,90.57,36688.0
2025-02-03 16:42:00,90.565,90.6,90.5101,90.545,30878.0
2025-02-03 16:44:00,90.58,90.76,90.5104,90.7268,28359.0
2025-02-03 16:46:00,90.7,90.78,90.55,90.55,46802.0
2025-02-03 16:48:00,90.5904,90.68,90.3,90.33,55376.0
2025-02-03 16:50:00,90.33,90.63,90.33,90.615,39947.0
2025-02-03 16:52:00,90.63,90.67,90.48,90.48,31935.0
2025-02-03 16:54:00,90.5,90.52,90.35,90.35,37425.0
2025-02-03 16:56:00,90.36,90.3754,90.0,90.045,94748.0
2025-02-03 16:58:00,90.043,90.1099,89.95,90.0313,51429.0
2025-02-03 17:00:00,90.04,90.19,89.99,90.1158,52742.0
2025-02-03 17:02:00,90.09,90.1214,89.93,89.93,44312.0
2025-02-03 17:04:00,89.93,90.13,89.92,90.120269,42765.0
2025-02-03 17:06:00,90.11,90.19,90.08,90.15,45832.0
2025-02-03 17:08:00,90.155,90.33,90.14,90.33,36084.0
2025-02-03 17:10:00,90.3384,90.41,90.25,90.265,54176.0
2025-02-03 17:12:00,90.26,90.41,90.19,90.35,37598.0
2025-02-03 17:14:00,90.38,90.42,90.24,90.2799,42379.0
2025-02-03 17:16:00,90.255,90.37,90.2,90.21,32502.0
2025-02-03 17:18:00,90.23,90.35,90.19,90.35,44036.0
2025-02-03 17:20:00,90.38,90.48,90.32,90.43,24792.0
2025-02-03 17:22:00,90.46,90.53,90.39,90.46,29034.0
2025-02-03 17:24:00,90.48,90.64,90.48,90.53,36227.0
2025-02-03 17:26:00,90.55,90.57,90.43,90.445,28976.0
2025-02-03 17:28:00,90.46,90.495,90.23,90.25,26524.0
2025-02-03 17:30:00,90.25,90.36,90.19,90.31,37339.0
2025-02-03 17:32:00,90.31,90.3107,90.18,90.25,18843.0
2025-02-03 17:34:00,90.23,90.3,90.15,90.24,34944.0
2025-02-03 17:36:00,90.24,90.29,90.09,90.1,27983.0
2025-02-03 17:38:00,90.1,90.215,90.06,90.13,49486.0
2025-02-03 17:40:00,90.14,90.18,90.0,90.03,38009.0
2025-02-03 17:42:00,90.04,90.1298,89.99,90.07,28685.0
2025-02-03 17:44:00,90.0985,90.17,90.02,90.16,36518.0
2025-02-03 17:46:00,90.16,90.16,90.04,90.06,22408.0
2025-02-03 17:48:00,90.0689,90.1499,89.99,90.0632,61277.0
2025-02-03 17:50:00,90.08,90.23,90.08,90.155,49265.0
2025-02-03 17:52:00,90.155,90.21,90.1,90.205,47923.0
2025-02-03 17:54:00,90.21,90.3753,89.775,89.93,153051.0
2025-02-03 17:56:00,89.91,90.21,89.83,89.96,81313.0
2025-02-03 17:58:00,89.97,90.18,89.93,90.07,64765.0
2025-02-03 18:00:00,90.04,90.04,89.735,89.81,50721.0
2025-02-03 18:02:00,89.8,89.89,89.667,89.89,76649.0
2025-02-03 18:04:00,89.8944,90.1,89.8944,90.1,50202.0
2025-02-03 18:06:00,90.08,90.1413,89.91,90.05,33665.0
2025-02-03 18:08:00,90.03,90.0767,89.83,89.875,27028.0
2025-02-03 18:10:00,89.875,89.93,89.83,89.93,26743.0
2025-02-03 18:12:00,89.93,90.18,89.91,90.14,32190.0
2025-02-03 18:14:00,90.15,90.23,90.105,90.2,41986.0
2025-02-03 18:16:00,90.1878,90.23,90.09,90.13,26347.0
2025-02-03 18:18:00,90.18,90.18,89.98,90.04,23747.0
2025-02-03 18:20:00,90.0731,90.12,90.02,90.08,29835.0
2025-02-03 18:22:00,90.0797,90.13,89.99,90.0,34027.0
2025-02-03 18:24:00,89.99,90.15,89.9001,90.13,70153.0
2025-02-03 18:26:00,90.13,90.19,90.09,90.09,25001.0
2025-02-03 18:28:00,90.1,90.24,90.01,90.05,47035.0
2025-02-03 18:30:00,90.08,90.1799,90.05,90.15,23682.0
2025-02-03 18:32:00,90.155,90.28,90.15,90.26,45242.0
2025-02-03 18:34:00,90.26,90.42,90.25,90.32,28847.0
2025-02-03 18:36:00,90.3628,90.42,90.28,90.35,25866.0
2025-02-03 18:38:00,90.36,90.3644,90.28,90.345,22606.0
2025-02-03 18:40:00,90.345,90.46,90.31,90.43,31655.0
2025-02-03 18:42:00,90.42,90.45,90.19,90.26,59417.0
2025-02-03 18:44:00,90.26,90.5,90.26,90.48,24521.0
2025-02-03 18:46:00,90.4778,90.61,90.47,90.57,60068.0
2025-02-03 18:48:00,90.575,90.62,90.52,90.53,25303.0
2025-02-03 18:50:00,90.54,90.67,90.54,90.6499,34008.0
2025-02-03 18:52:00,90.62,90.67,90.6,90.67,19535.0
2025-02-03 18:54:00,90.67,90.67,90.561,90.665,30472.0
2025-02-03 18:56:00,90.65,90.67,90.53,90.64,28071.0
2025-02-03 18:58:00,90.63,90.66,90.595,90.66,27748.0
2025-02-03 19:00:00,90.64,90.72,90.631,90.71,55752.0
2025-02-03 19:02:00,90.71,90.76,90.66,90.73,27184.0
2025-02-03 19:04:00,90.73,90.79,90.7,90.71,37047.0
2025-02-03 19:06:00,90.7,90.82,90.7,90.81,34730.0
2025-02-03 19:08:00,90.8,90.87,90.71,90.72,37386.0
2025-02-03 19:10:00,90.715,90.865,90.705,90.8216,48632.0
2025-02-03 19:12:00,90.81,90.91,90.79,90.85,32205.0
2025-02-03 19:14:00,90.86,91.04,90.86,91.028,45330.0
2025-02-03 19:16:00,91.02,91.05,90.95,90.98,26262.0
2025-02-03 19:18:00,90.96,91.0,90.905,90.96,37508.0
2025-02-03 19:20:00,90.95,91.0,90.89,90.915,51306.0
2025-02-03 19:22:00,90.89,90.89,90.75,90.792,38587.0
2025-02-03 19:24:00,90.8,90.81,90.735,90.75,31941.0
2025-02-03 19:26:00,90.75,90.86,90.75,90.82,38863.0
2025-02-03 19:28:00,90.825,90.855,90.72,90.72,26798.0
2025-02-03 19:30:00,90.73,90.8,90.69,90.8,42760.0
2025-02-03 19:32:00,90.795,90.88,90.78,90.8599,37329.0
2025-02-03 19:34:00,90.845,90.86,90.74,90.74,25173.0
2025-02-03 19:36:00,90.745,90.79,90.62,90.66,32724.0
2025-02-03 19:38:00,90.655,90.78,90.65,90.7507,33428.0
2025-02-03 19:40:00,90.75,90.88,90.72,90.84,44294.0
2025-02-03 19:42:00,90.82,90.83,90.73,90.76,31847.0
2025-02-03 19:44:00,90.77,90.79,90.69,90.745,40647.0
2025-02-03 19:46:00,90.73,90.8032,90.64,90.7,40912.0
2025-02-03 19:48:00,90.7,90.78,90.69,90.69,43832.0
2025-02-03 19:50:00,90.71,90.74,90.66,90.71,25111.0
2025-02-03 19:52:00,90.71,90.72,90.66,90.7,22519.0
2025-02-03 19:54:00,90.71,90.73,90.58,90.62,37274.0
2025-02-03 19:56:00,90.6152,90.62,90.465,90.465,40350.0
2025-02-03 19:58:00,90.47,90.52,90.43,90.51,68577.0
2025-02-03 20:00:00,90.53,90.61,90.49,90.545,25063.0
2025-02-03 20:02:00,90.545,90.59,90.5001,90.57,44477.0
2025-02-03 20:04:00,90.56,90.63,90.46,90.48,40325.0
2025-02-03 20:06:00,90.48,90.58,90.48,90.55,46562.0
2025-02-03 20:08:00,90.53,90.5499,90.49,90.515,27333.0
2025-02-03 20:10:00,90.515,90.56,90.43,90.4356,42758.0
2025-02-03 20:12:00,90.425,90.48,90.35,90.37,44286.0
2025-02-03 20:14:00,90.3708,90.43,90.29,90.405,33387.0
2025-02-03 20:16:00,90.39,90.47,90.34,90.455,31486.0
2025-02-03 20:18:00,90.47,90.51,90.42,90.46,32707.0
2025-02-03 20:20:00,90.46,90.5169,90.41,90.45,27780.0
2025-02-03 20:22:00,90.46,90.51,90.4285,90.48,42445.0
2025-02-03 20:24:00,90.48,90.52,90.37,90.37,42248.0
2025-02-03 20:26:00,90.36,90.37,90.3,90.3101,45553.0
2025-02-03 20:28:00,90.31,90.35,90.24,90.26,62772.0
2025-02-03 20:30:00,90.28,90.32,90.24,90.2721,31407.0
2025-02-03 20:32:00,90.26,90.41,90.26,90.38,36309.0
2025-02-03 20:34:00,90.3899,90.3951,90.3,90.325,40217.0
2025-02-03 20:36:00,90.325,90.34,90.26,90.29,41845.0
2025-02-03 20:38:00,90.295,90.299,90.18,90.2,51566.0
2025-02-03 20:40:00,90.2,90.23,90.11,90.12,46421.0
2025-02-03 20:42:00,90.12,90.135,89.98,90.0,72333.0
2025-02-03 20:44:00,90.03,90.03,89.93,89.94,52317.0
2025-02-03 20:46:00,89.95,89.95,89.79,89.86,60368.0
2025-02-03 20:48:00,89.87,89.94,89.83,89.89,78420.0
2025-02-03 20:50:00,89.9,89.97,89.8,89.96,137697.0
2025-02-03 20:52:00,89.96,90.185,89.96,90.185,113837.0
2025-02-03 20:54:00,90.18,90.18,89.91,89.9744,195420.0
2025-02-03 20:56:00,89.965,90.05,89.92,89.955,239388.0
2025-02-03 20:58:00,89.95,90.03,89.9,89.91,641102.0
2025-02-03 21:00:00,89.92,89.92,89.81,89.81,130246.0
2025-02-03 21:02:00,89.89,89.92,89.81,89.81,36295.0
2025-02-03 21:04:00,89.82,89.92,89.82,89.92,10738.0
2025-02-03 21:06:00,89.9,89.92,89.8802,89.9,4002.0
2025-02-03 21:08:00,89.93,89.95,89.9,89.94,2397.0
2025-02-03 21:10:00,89.95,89.95,89.85,89.92,3222.0
2025-02-03 21:12:00,89.902,89.96,89.902,89.96,729.0
2025-02-03 21:14:00,89.95,89.9501,89.92,89.9501,1739.0
2025-02-03 21:16:00,89.96,89.97,89.95,89.96,849.0
2025-02-03 21:18:00,90.0,90.0,89.95,90.0,1831.0
2025-02-03 21:20:00,90.1,90.3,89.92,90.26,1993.0
2025-02-03 21:22:00,90.2401,90.2999,90.22,90.22,1735.0
2025-02-03 21:24:00,90.29,90.3,90.21,90.21,2069.0
2025-02-03 21:26:00,90.22,90.34,90.22,90.34,1041.0
2025-02-03 21:28:00,90.34,90.34,90.2175,90.2175,428.0
2025-02-03 21:30:00,90.3,90.34,90.25,90.25,611.0
2025-02-03 21:32:00,90.29,90.29,90.25,90.25,963.0
2025-02-03 21:34:00,90.25,90.3,90.21,90.2981,2918.0
2025-02-03 21:36:00,90.29,90.65,89.92,89.92,23179.0
2025-02-03 21:38:00,90.65,90.8,90.599,90.63,2170.0
2025-02-03 21:40:00,90.6,90.8,90.59,90.8,4447.0
2025-02-03 21:42:00,90.7933,90.7963,90.67,90.7,2572.0
2025-02-03 21:44:00,90.6537,90.6537,90.65,90.65,323.0
2025-02-03 21:46:00,90.65,90.8,90.65,90.6506,2145.0
2025-02-03 21:48:00,90.7001,90.9,90.7,90.83,7259.0
2025-02-03 21:50:00,90.85,90.9,90.85,90.9,5613.0
2025-02-03 21:52:00,90.9,90.9,90.7214,90.7214,4115.0
2025-02-03 21:54:00,90.81,90.81,90.7214,90.7214,610.0
2025-02-03 21:56:00,90.7209,90.8078,90.7209,90.799,3923.0
2025-02-03 21:58:00,90.76,90.8,90.75,90.75,2123.0
2025-02-03 22:00:00,90.77,90.8,90.75,90.8,1823.0
2025-02-03 22:02:00,90.746,90.76,90.746,90.76,608.0
2025-02-03 22:04:00,90.77,90.8,90.76,90.76,6250.0
2025-02-03 22:06:00,90.79,90.88,90.77,90.88,3021.0
2025-02-03 22:08:00,90.77,90.88,90.77,90.88,444.0
2025-02-03 22:10:00,90.89,90.89,90.8,90.8399,1749.0
2025-02-03 22:12:00,90.8003,90.87,90.8003,90.87,11143.0
2025-02-03 22:14:00,90.85,90.89,90.81,90.81,1248.0
2025-02-03 22:18:00,90.8,90.85,90.8,90.8,4932.0
2025-02-03 22:20:00,90.83,90.83,90.8,90.8,285.0
2025-02-03 22:22:00,90.84,90.85,90.84,90.85,1577.0
2025-02-03 22:24:00,90.81,90.81,90.8,90.8,1740.0
2025-02-03 22:26:00,90.8,90.8,90.8,90.8,736.0
2025-02-03 22:28:00,90.84,90.84,90.84,90.84,1269.0
2025-02-03 22:30:00,90.84,90.84,90.8,90.8,280.0
2025-02-03 22:32:00,90.81,90.85,90.8002,90.85,1107.0
2025-02-03 22:34:00,90.89,90.9,90.87,90.89,1397.0
2025-02-03 22:38:00,90.85,90.85,90.82,90.82,699.0
2025-02-03 22:40:00,90.8005,90.8005,90.8,90.8,789.0
2025-02-03 22:42:00,90.87,90.87,90.87,90.87,575.0
2025-02-03 22:44:00,90.89,90.89,90.89,90.89,103.0
2025-02-03 22:46:00,90.89,90.9,90.89,90.9,974.0
2025-02-03 22:48:00,90.9788,90.9788,90.95,90.95,1576.0
2025-02-03 22:50:00,90.99,90.99,90.9887,90.9887,1305.0
2025-02-03 22:52:00,90.9898,90.99,90.95,90.99,7862.0
2025-02-03 22:54:00,90.92,90.95,90.92,90.95,899.0
2025-02-03 22:56:00,90.93,90.98,90.9,90.9,1597.0
2025-02-03 22:58:00,90.97,90.97,90.97,90.97,535.0
2025-02-03 23:00:00,90.945,90.945,90.9,90.9,690.0
2025-02-03 23:04:00,90.9,90.9,90.857,90.857,1194.0
2025-02-03 23:06:00,90.86,90.86,90.86,90.86,204.0
2025-02-03 23:08:00,90.8107,90.8107,90.8107,90.8107,264.0
2025-02-03 23:10:00,90.81,90.81,90.8,90.8,948.0
2025-02-03 23:12:00,90.85,90.85,90.8018,90.8018,427.0
2025-02-03 23:14:00,90.84,90.84,90.84,90.84,371.0
2025-02-03 23:16:00,90.8495,90.85,90.8495,90.85,300.0
2025-02-03 23:22:00,90.88,90.88,90.88,90.88,600.0
2025-02-03 23:24:00,90.9888,90.9888,90.9888,90.9888,354.0
2025-02-03 23:26:00,90.85,90.9,90.85,90.9,944.0
2025-02-03 23:28:00,90.9999,90.9999,90.95,90.95,1005.0
2025-02-03 23:30:00,90.8,90.8,90.8,90.8,524.0
2025-02-03 23:32:00,90.81,90.81,90.81,90.81,192.0
2025-02-03 23:34:00,90.91,90.91,90.85,90.85,773.0
2025-02-03 23:36:00,90.9499,91.0,90.9494,90.9953,4765.0
2025-02-03 23:38:00,91.0,91.0,91.0,91.0,411.0
2025-02-03 23:40:00,91.0,91.0,90.95,90.95,503.0
2025-02-03 23:42:00,90.9991,90.9991,90.9991,90.9991,201.0
2025-02-03 23:46:00,90.95,91.0,90.9018,90.9018,1962.0
2025-02-03 23:48:00,90.997,91.0,90.88,90.8847,1875.0
2025-02-03 23:50:00,90.85,90.86,90.85,90.86,1003.0
2025-02-03 23:52:00,91.0,91.0,91.0,91.0,564.0
2025-02-03 23:54:00,91.0,91.0,91.0,91.0,2030.0
2025-02-03 23:56:00,90.91,90.91,90.91,90.91,147.0
2025-02-03 23:58:00,90.9499,90.95,90.9499,90.95,359.0
2025-02-04 00:00:00,90.98,90.98,90.98,90.98,549.0
2025-02-04 00:02:00,90.91,90.98,90.91,90.98,724.0
2025-02-04 00:04:00,90.9978,90.9978,90.8525,90.97,1688.0
2025-02-04 00:06:00,90.85,90.85,90.85,90.85,932.0
2025-02-04 00:10:00,90.9,91.0,90.85,91.0,1879.0
2025-02-04 00:12:00,91.0,91.0,90.85,90.85,1385.0
2025-02-04 00:14:00,90.85,91.0,90.8,91.0,6025.0
2025-02-04 00:18:00,90.81,90.9,90.81,90.9,987.0
2025-02-04 00:20:00,90.91,90.91,90.9,90.9,296.0
2025-02-04 00:22:00,90.93,90.9951,90.93,90.9951,330.0
2025-02-04 00:24:00,90.95,90.98,90.95,90.98,467.0
2025-02-04 00:26:00,90.9981,90.9996,90.9981,90.9996,350.0
2025-02-04 00:28:00,90.9984,90.9984,90.9984,90.9984,131.0
2025-02-04 00:30:00,90.9995,90.9995,90.9995,90.9995,110.0
2025-02-04 00:36:00,90.9982,91.0,90.97,90.97,1397.0
2025-02-04 00:40:00,90.989,90.989,90.989,90.989,454.0
2025-02-04 00:42:00,90.99,91.0,90.99,91.0,3696.0
2025-02-04 00:44:00,90.9995,91.11,90.99,91.11,10125.0
2025-02-04 00:46:00,91.0079,91.12,91.0079,91.12,1615.0
2025-02-04 00:48:00,91.1195,91.1195,91.1195,91.1195,1151.0
2025-02-04 00:52:00,91.1,91.1,91.0,91.04,931.0
2025-02-04 00:54:00,91.02,91.1,91.01,91.05,3018.0
2025-02-04 00:56:00,91.1,91.1,91.0999,91.0999,574.0
2025-02-04 00:58:00,91.1,91.12,91.1,91.12,634.0
2025-02-04 09:00:00,90.4,90.4,90.4,90.4,138.0
2025-02-04 09:02:00,90.24,90.35,90.24,90.35,455.0
2025-02-04 09:04:00,90.26,90.3,90.17,90.17,930.0
2025-02-04 09:06:00,90.28,90.28,90.28,90.28,297.0
2025-02-04 09:08:00,90.29,90.31,90.28,90.28,1041.0
2025-02-04 09:10:00,90.34,90.34,90.34,90.34,106.0
2025-02-04 09:12:00,90.24,90.24,90.24,90.24,350.0
2025-02-04 09:18:00,90.35,90.35,90.35,90.35,351.0
2025-02-04 09:20:00,90.34,90.34,90.34,90.34,193.0
2025-02-04 09:22:00,90.36,90.36,90.36,90.36,120.0
2025-02-04 09:26:00,90.22,90.22,90.22,90.22,501.0
2025-02-04 09:28:00,90.29,90.29,90.29,90.29,200.0
2025-02-04 09:32:00,90.33,90.36,90.33,90.35,486.0
2025-02-04 09:34:00,90.28,90.28,90.22,90.25,602.0
2025-02-04 09:36:00,90.21,90.21,90.13,90.13,1394.0
2025-02-04 09:46:00,90.01,90.01,90.01,90.01,172.0
2025-02-04 09:50:00,90.07,90.08,90.04,90.04,1145.0
2025-02-04 09:54:00,90.04,90.08,90.0,90.01,1081.0
2025-02-04 09:56:00,90.01,90.01,90.01,90.01,188.0
2025-02-04 09:58:00,90.04,90.04,90.01,90.01,506.0
2025-02-04 10:00:00,90.0,90.0,90.0,90.0,516.0
2025-02-04 10:24:00,90.08,90.08,90.05,90.05,231.0
2025-02-04 10:26:00,90.1,90.1,90.1,90.1,274.0
2025-02-04 10:28:00,90.12,90.12,90.12,90.12,147.0
2025-02-04 10:32:00,90.12,90.12,90.12,90.12,461.0
2025-02-04 10:34:00,90.12,90.12,90.12,90.12,266.0
2025-02-04 10:40:00,90.1,90.1,90.1,90.1,180.0
2025-02-04 10:58:00,90.24,90.24,90.21,90.21,353.0
2025-02-04 11:04:00,90.29,90.29,90.29,90.29,100.0
2025-02-04 11:08:00,90.21,90.25,90.21,90.25,752.0
2025-02-04 11:10:00,90.26,90.26,90.26,90.26,335.0
2025-02-04 11:12:00,90.3,90.3,90.25,90.25,1100.0
2025-02-04 11:26:00,90.16,90.16,90.16,90.16,691.0
2025-02-04 11:30:00,90.18,90.19,90.18,90.19,684.0
2025-02-04 11:34:00,90.17,90.17,90.17,90.17,398.0
2025-02-04 11:42:00,90.03,90.21,90.03,90.18,7350.0
2025-02-04 11:44:00,90.25,90.27,90.25,90.27,1160.0
2025-02-04 11:50:00,90.23,90.23,90.23,90.23,158.0
2025-02-04 11:56:00,90.25,90.25,90.25,90.25,405.0
2025-02-04 12:02:00,90.3,90.3,90.3,90.3,308.0
2025-02-04 12:04:00,90.4,90.4,90.38,90.38,449.0
2025-02-04 12:06:00,90.33,90.35,90.33,90.35,540.0
2025-02-04 12:08:00,90.35,90.35,90.32,90.32,801.0
2025-02-04 12:10:00,90.29,90.29,90.29,90.29,363.0
2025-02-04 12:12:00,90.34,90.37,90.34,90.37,1583.0
2025-02-04 12:16:00,90.37,90.37,90.34,90.35,828.0
2025-02-04 12:18:00,90.35,90.37,90.35,90.35,1120.0
2025-02-04 12:20:00,90.37,90.37,90.36,90.36,351.0
2025-02-04 12:22:00,90.34,90.34,90.3,90.3,2476.0
2025-02-04 12:24:00,90.26,90.26,90.25,90.25,1287.0
2025-02-04 12:26:00,90.34,90.34,90.34,90.34,110.0
2025-02-04 12:28:00,90.34,90.34,90.32,90.32,580.0
2025-02-04 12:30:00,90.35,90.36,90.35,90.36,551.0
2025-02-04 12:32:00,90.36,90.36,90.36,90.36,100.0
2025-02-04 12:34:00,90.37,90.37,90.36,90.36,545.0
2025-02-04 12:36:00,90.36,90.38,90.36,90.38,3174.0
2025-02-04 12:38:00,90.48,90.48,90.48,90.48,125.0
2025-02-04 12:42:00,90.5,90.5,90.43,90.46,2108.0
2025-02-04 12:48:00,90.31,90.31,90.31,90.31,443.0
2025-02-04 12:58:00,90.44,90.46,90.44,90.46,1414.0
2025-02-04 13:00:00,90.35,90.73,89.28,90.26,34297.0
2025-02-04 13:02:00,90.29,90.29,90.29,90.29,984.0
2025-02-04 13:04:00,90.37,90.37,90.35,90.35,591.0
2025-02-04 13:06:00,90.43,90.4892,90.4,90.4,2384.0
2025-02-04 13:08:00,90.4975,90.4975,90.29,90.29,6640.0
2025-02-04 13:10:00,90.3,90.3,90.3,90.3,671.0
2025-02-04 13:12:00,90.3,90.3,90.27,90.28,1867.0
2025-02-04 13:14:00,90.28,90.28,90.27,90.27,1946.0
2025-02-04 13:16:00,90.35,90.49,90.3,90.3,675.0
2025-02-04 13:18:00,90.27,90.3,90.27,90.3,4772.0
2025-02-04 13:20:00,90.28,90.28,90.24,90.24,5055.0
2025-02-04 13:22:00,90.2,90.2,90.18,90.2,4139.0
2025-02-04 13:24:00,90.24,90.3,90.1,90.17,3539.0
2025-02-04 13:26:00,90.1,90.15,90.1,90.15,2056.0
2025-02-04 13:28:00,90.14,90.14,90.07,90.07,2271.0
2025-02-04 13:30:00,90.07,90.1,90.03,90.03,1731.0
2025-02-04 13:32:00,90.03,90.1,90.03,90.04,2000.0
2025-02-04 13:36:00,90.1399,90.1399,90.0022,90.0022,3418.0
2025-02-04 13:38:00,90.0101,90.0101,90.0101,90.0101,386.0
2025-02-04 13:40:00,90.01,90.02,90.01,90.02,968.0
2025-02-04 13:42:00,90.08,90.08,89.81,89.81,10753.0
2025-02-04 13:44:00,89.83,89.83,89.83,89.83,248.0
2025-02-04 13:46:00,89.8288,89.86,89.82,89.82,1164.0
2025-02-04 13:48:00,89.85,89.89,89.85,89.8711,2089.0
2025-02-04 13:50:00,90.09,90.1,89.8,89.8,9383.0
2025-02-04 13:52:00,89.8,89.9,89.8,89.85,844.0
2025-02-04 13:54:00,89.84,89.91,89.84,89.91,2702.0
2025-02-04 13:56:00,89.8796,89.8796,89.79,89.8,947.0
2025-02-04 13:58:00,89.81,89.88,89.8,89.88,2779.0
2025-02-04 14:00:00,89.88,90.09,89.88,90.09,1172.0
2025-02-04 14:02:00,89.92,89.99,89.92,89.99,446.0
2025-02-04 14:04:00,90.05,90.05,89.99,90.01,1148.0
2025-02-04 14:08:00,90.0001,90.0001,90.0,90.0,423.0
2025-02-04 14:10:00,90.0,90.0488,89.93,89.93,1101.0
2025-02-04 14:12:00,89.93,89.93,89.0,89.8,9747.0
2025-02-04 14:14:00,89.8291,89.8291,89.71,89.8,5054.0
2025-02-04 14:16:00,89.74,89.75,89.6022,89.72,7170.0
2025-02-04 14:18:00,89.66,89.71,89.66,89.7,2587.0
2025-02-04 14:20:00,89.6502,89.6502,89.61,89.61,2403.0
2025-02-04 14:22:00,89.67,89.67,89.61,89.64,7309.0
2025-02-04 14:24:00,89.64,89.64,89.51,89.51,8805.0
2025-02-04 14:26:00,89.63,89.7,89.08,89.14,8914.0
2025-02-04 14:28:00,89.14,89.15,88.88,89.07,24533.0
2025-02-04 14:30:00,89.05,89.63,88.8001,89.545,416917.0
2025-02-04 14:32:00,89.5,89.87,89.4636,89.66,134807.0
2025-02-04 14:34:00,89.64,89.74,89.46,89.49,103917.0
2025-02-04 14:36:00,89.49,89.55,89.1,89.5016,176500.0
2025-02-04 14:38:00,89.4858,89.75,89.46,89.6,89390.0
2025-02-04 14:40:00,89.6,89.78,89.5304,89.62,76825.0
2025-02-04 14:42:00,89.62,89.62,89.25,89.3008,228301.0
2025-02-04 14:44:00,89.32,89.465,89.13,89.425,71276.0
2025-02-04 14:46:00,89.43,89.55,89.41,89.43,74702.0
2025-02-04 14:48:00,89.43,89.57,89.385,89.4,61583.0
2025-02-04 14:50:00,89.415,89.6,89.4,89.465,53299.0
2025-02-04 14:52:00,89.485,89.89,89.46,89.87,90447.0
2025-02-04 14:54:00,89.87,90.02,89.81,89.9235,71722.0
2025-02-04 14:56:00,89.92,90.09,89.8208,90.015,98569.0
2025-02-04 14:58:00,89.995,90.19,89.93,89.93,108794.0
2025-02-04 15:00:00,89.9699,90.14,89.94,90.095,82345.0
2025-02-04 15:02:00,90.0856,90.44,90.0565,90.41,113722.0
2025-02-04 15:04:00,90.44,90.79,90.41,90.69,147588.0
2025-02-04 15:06:00,90.7,90.79,90.38,90.7,106007.0
2025-02-04 15:08:00,90.71,90.88,90.67,90.7,95790.0
2025-02-04 15:10:00,90.7,90.9,90.7,90.72,78066.0
2025-02-04 15:12:00,90.715,90.79,90.6,90.74,82957.0
2025-02-04 15:14:00,90.76,90.9644,90.7328,90.81,72415.0
2025-02-04 15:16:00,90.8,91.0,90.77,90.98,58730.0
2025-02-04 15:18:00,90.976,91.17,90.92,91.11,70122.0
2025-02-04 15:20:00,91.1,91.13,90.94,91.06,73917.0
2025-02-04 15:22:00,91.02,91.1099,90.83,90.841,119702.0
2025-02-04 15:24:00,90.845,90.85,90.61,90.68,67500.0
2025-02-04 15:26:00,90.695,90.9,90.685,90.8,34193.0
2025-02-04 15:28:00,90.785,90.98,90.7517,90.86,63329.0
2025-02-04 15:30:00,90.855,90.92,90.72,90.91,464353.0
2025-02-04 15:32:00,90.9,90.9,90.6,90.705,51854.0
2025-02-04 15:34:00,90.705,90.705,90.55,90.6531,33250.0
2025-02-04 15:36:00,90.66,90.66,90.5101,90.5869,30739.0
2025-02-04 15:38:00,90.57,90.67,90.5,90.55,37897.0
2025-02-04 15:40:00,90.53,90.725,90.504,90.6838,37182.0
2025-02-04 15:42:00,90.6756,90.71,90.48,90.51,47651.0
2025-02-04 15:44:00,90.505,90.63,90.5,90.6,22738.0
2025-02-04 15:46:00,90.62,90.62,90.4331,90.44,27474.0
2025-02-04 15:48:00,90.4475,90.6,90.35,90.57,46252.0
2025-02-04 15:50:00,90.52,90.75,90.5,90.75,31874.0
2025-02-04 15:52:00,90.75,90.8088,90.6892,90.6892,23645.0
2025-02-04 15:54:00,90.71,90.9,90.7,90.7276,49019.0
2025-02-04 15:56:00,90.72,90.735,90.56,90.575,29744.0
2025-02-04 15:58:00,90.57,90.62,90.5,90.57,28430.0
2025-02-04 16:00:00,90.58,90.8,90.58,90.68,36162.0
2025-02-04 16:02:00,90.689,90.7008,90.6,90.69,26608.0
2025-02-04 16:04:00,90.6948,90.76,90.67,90.72,26522.0
2025-02-04 16:06:00,90.71,90.725,90.53,90.5942,37040.0
2025-02-04 16:08:00,90.605,90.605,90.52,90.5792,20152.0
2025-02-04 16:10:00,90.565,90.7,90.545,90.67,44386.0
2025-02-04 16:12:00,90.69,90.73,90.61,90.62,20273.0
2025-02-04 16:14:00,90.6,90.77,90.5385,90.768317,49375.0
2025-02-04 16:16:00,90.75,90.83,90.6885,90.82,49572.0
2025-02-04 16:18:00,90.81,90.9455,90.78,90.92,62403.0
2025-02-04 16:20:00,90.9287,90.99,90.8701,90.9874,39418.0
2025-02-04 16:22:00,90.99,91.035,90.95,90.9894,52561.0
2025-02-04 16:24:00,91.0,91.035,90.91,90.9784,58464.0
2025-02-04 16:26:00,90.97,90.99,90.92,90.94,17824.0
2025-02-04 16:28:00,90.9394,91.005,90.9125,90.96,40860.0
2025-02-04 16:30:00,90.96,90.99,90.87,90.95,47843.0
2025-02-04 16:32:00,90.97,91.05,90.91,90.91,36656.0
2025-02-04 16:34:00,90.94,90.96,90.89,90.94,16762.0
2025-02-04 16:36:00,90.93,91.14,90.93,91.14,39274.0
2025-02-04 16:38:00,91.14,91.19,91.06,91.1804,38133.0
2025-02-04 16:40:00,91.19,91.23,91.13,91.14,46788.0
2025-02-04 16:42:00,91.14,91.155,91.01,91.03,36849.0
2025-02-04 16:44:00,91.03,91.105,91.01,91.07,30165.0
2025-02-04 16:46:00,91.06,91.1,90.9501,90.96,28572.0
2025-02-04 16:48:00,90.965,91.005,90.88,90.885,23601.0
2025-02-04 16:50:00,90.8701,90.98,90.8001,90.96,56127.0
2025-02-04 16:52:00,90.95,91.115,90.94,91.095,52009.0
2025-02-04 16:54:00,91.1,91.12,90.96,90.972,26107.0
2025-02-04 16:56:00,90.97,91.03,90.95,91.01,12153.0
2025-02-04 16:58:00,90.96,90.98,90.91,90.96,22248.0
2025-02-04 17:00:00,90.96,90.96,90.8329,90.8523,18227.0
2025-02-04 17:02:00,90.8553,90.95,90.8153,90.94,43889.0
2025-02-04 17:04:00,90.92,90.92,90.84,90.92,20767.0
2025-02-04 17:06:00,90.915,90.9299,90.79,90.925,15868.0
2025-02-04 17:08:00,90.9128,90.9128,90.79,90.79,16572.0
2025-02-04 17:10:00,90.78,90.85,90.77,90.805,26986.0
2025-02-04 17:12:00,90.81,90.92,90.81,90.89,41746.0
2025-02-04 17:14:00,90.89,90.935,90.84,90.9,32725.0
2025-02-04 17:16:00,90.9,90.9,90.52,90.59,115963.0
2025-02-04 17:18:00,90.595,90.635,90.5,90.54,100219.0
2025-02-04 17:20:00,90.545,90.58,90.48,90.58,80682.0
2025-02-04 17:22:00,90.57,90.77,90.56,90.67,42052.0
2025-02-04 17:24:00,90.675,90.69,90.54,90.58,41268.0
2025-02-04 17:26:00,90.57,90.58,90.52,90.55,17919.0
2025-02-04 17:28:00,90.57,90.57,90.29,90.3042,37424.0
2025-02-04 17:30:00,90.31,90.4,90.21,90.24,68217.0
2025-02-04 17:32:00,90.227,90.4199,90.227,90.4199,36501.0
2025-02-04 17:34:00,90.4,90.45,90.34,90.4208,27099.0
2025-02-04 17:36:00,90.42,90.5297,90.4,90.525,30636.0
2025-02-04 17:38:00,90.51,90.51,90.43,90.48,20818.0
2025-02-04 17:40:00,90.48,90.52,90.41,90.45,20107.0
2025-02-04 17:42:00,90.437,90.65,90.437,90.645,25107.0
2025-02-04 17:44:00,90.645,90.68,90.59,90.59,25785.0
2025-02-04 17:46:00,90.6,90.71,90.55,90.69,18259.0
2025-02-04 17:48:00,90.68,90.69,90.6,90.64,20318.0
2025-02-04 17:50:00,90.66,90.675,90.62,90.63,15292.0
2025-02-04 17:52:00,90.62,90.64,90.57,90.59,32452.0
2025-02-04 17:54:00,90.56,90.6,90.52,90.58,13546.0
2025-02-04 17:56:00,90.585,90.59,90.49,90.54,13966.0
2025-02-04 17:58:00,90.55,90.685,90.55,90.68,13530.0
2025-02-04 18:00:00,90.67,90.685,90.58,90.62,13985.0
2025-02-04 18:02:00,90.61,90.62,90.57,90.5934,13904.0
2025-02-04 18:04:00,90.605,90.605,90.41,90.41,22867.0
2025-02-04 18:06:00,90.415,90.53,90.41,90.425,28219.0
2025-02-04 18:08:00,90.425,90.4962,90.41,90.48,6676.0
2025-02-04 18:10:00,90.49,90.557,90.47,90.5,13654.0
2025-02-04 18:12:00,90.52,90.665,90.51,90.6487,23809.0
2025-02-04 18:14:00,90.65,90.66,90.59,90.64,17315.0
2025-02-04 18:16:00,90.66,90.75,90.64,90.64,46962.0
2025-02-04 18:18:00,90.655,90.74,90.63,90.72,26913.0
2025-02-04 18:20:00,90.715,90.9,90.71,90.88,18725.0
2025-02-04 18:22:00,90.86,90.9672,90.86,90.9672,25901.0
2025-02-04 18:24:00,90.97,90.98,90.905,90.955,25593.0
2025-02-04 18:26:00,90.94,90.96,90.89,90.9,32268.0
2025-02-04 18:28:00,90.915,90.92,90.86,90.915,20107.0
2025-02-04 18:30:00,90.91,90.96,90.89,90.955,7643.0
2025-02-04 18:32:00,90.95,90.99,90.92,90.94,18754.0
2025-02-04 18:34:00,90.93,90.9526,90.8654,90.94,16286.0
2025-02-04 18:36:00,90.935,90.96,90.91,90.93,24558.0
2025-02-04 18:38:00,90.9426,90.9999,90.86,90.91,38425.0
2025-02-04 18:40:00,90.93,90.99,90.885,90.885,18547.0
2025-02-04 18:42:00,90.9,90.925,90.88,90.89,14606.0
2025-02-04 18:44:00,90.885,90.96,90.88,90.945,28579.0
2025-02-04 18:46:00,90.9366,91.07,90.9366,91.05,41044.0
2025-02-04 18:48:00,91.06,91.09,91.03,91.06,23004.0
2025-02-04 18:50:00,91.0644,91.1,91.0,91.0,22045.0
2025-02-04 18:52:00,91.005,91.045,90.94,90.955,29346.0
2025-02-04 18:54:00,90.955,91.039169,90.955,91.0,59016.0
2025-02-04 18:56:00,91.0,91.015,90.94,90.9596,41559.0
2025-02-04 18:58:00,90.97,91.04,90.97,91.01,35695.0
2025-02-04 19:00:00,91.0,91.04,90.935,91.0,54172.0
2025-02-04 19:02:00,91.0,91.1347,90.96,91.1,38895.0
2025-02-04 19:04:00,91.1,91.1994,91.1,91.18,66245.0
2025-02-04 19:06:00,91.185,91.21,91.12,91.21,56994.0
2025-02-04 19:08:00,91.195,91.21,91.15,91.19,28319.0
2025-02-04 19:10:00,91.195,91.215,91.17,91.2,39226.0
2025-02-04 19:12:00,91.2,91.225,91.18,91.2,38051.0
2025-02-04 19:14:00,91.19,91.29,91.17,91.25,39741.0
2025-02-04 19:16:00,91.26,91.33,91.26,91.32,32430.0
2025-02-04 19:18:00,91.34,91.38,91.313341,91.378,27724.0
2025-02-04 19:20:00,91.3728,91.44,91.36,91.3602,45376.0
2025-02-04 19:22:00,91.375,91.45,91.375,91.38,47882.0
2025-02-04 19:24:00,91.38,91.38,91.28,91.28,18958.0
2025-02-04 19:26:00,91.295,91.31,91.2502,91.26,30847.0
2025-02-04 19:28:00,91.26,91.298,91.24,91.29,21020.0
2025-02-04 19:30:00,91.29,91.31,91.27,91.29,38108.0
2025-02-04 19:32:00,91.28,91.29,91.13,91.19,40004.0
2025-02-04 19:34:00,91.19,91.1951,91.1,91.17,26134.0
2025-02-04 19:36:00,91.17,91.23,91.12,91.22,23330.0
2025-02-04 19:38:00,91.2,91.215,91.1,91.11,18090.0
2025-02-04 19:40:00,91.0938,91.0938,91.0,91.01,21600.0
2025-02-04 19:42:00,91.01,91.13,91.0,91.12,39135.0
2025-02-04 19:44:00,91.113,91.21,91.113,91.1595,21445.0
2025-02-04 19:46:00,91.15,91.16,90.936947,90.945,39385.0
2025-02-04 19:48:00,90.93,90.96,90.8852,90.93,29105.0
2025-02-04 19:50:00,90.9382,91.02,90.93,90.95,43029.0
2025-02-04 19:52:00,90.98,91.005,90.94,90.985,29733.0
2025-02-04 19:54:00,90.99,91.04,90.99,91.03,17181.0
2025-02-04 19:56:00,91.03,91.09,91.01,91.09,23170.0
2025-02-04 19:58:00,91.08,91.0811,90.76,90.95,111530.0
2025-02-04 20:00:00,90.95,90.98,90.895,90.97,32607.0
2025-02-04 20:02:00,90.96,90.97,90.83,90.835,28169.0
2025-02-04 20:04:00,90.83,90.875,90.75,90.8499,32594.0
2025-02-04 20:06:00,90.835,91.0,90.835,90.9649,37063.0
2025-02-04 20:08:00,90.97,91.0,90.91,90.98,35680.0
2025-02-04 20:10:00,90.96,91.01,90.94,90.99,41510.0
2025-02-04 20:12:00,91.0,91.0099,90.89,90.95,44578.0
2025-02-04 20:14:00,90.975,91.0,90.94,90.98,17197.0
2025-02-04 20:16:00,90.98,91.0113,90.91,90.97,24487.0
2025-02-04 20:18:00,90.95,90.95,90.83,90.88,22953.0
2025-02-04 20:20:00,90.87,90.9099,90.78,90.78,30549.0
2025-02-04 20:22:00,90.79,90.819,90.76,90.76,26993.0
2025-02-04 20:24:00,90.7799,90.8,90.74,90.79,90769.0
2025-02-04 20:26:00,90.78,90.89,90.78,90.88,40889.0
2025-02-04 20:28:00,90.88,90.93,90.86,90.8887,43095.0
2025-02-04 20:30:00,90.885,91.0,90.86,90.9324,48190.0
2025-02-04 20:32:00,90.96,90.99,90.92,90.943,30752.0
2025-02-04 20:34:00,90.96,90.97,90.82,90.92,28398.0
2025-02-04 20:36:00,90.93,90.95,90.83,90.83,28321.0
2025-02-04 20:38:00,90.84,90.87,90.7701,90.82,35252.0
2025-02-04 20:40:00,90.81,90.87,90.791,90.865,27805.0
2025-02-04 20:42:00,90.869,90.8912,90.8,90.83,28247.0
2025-02-04 20:44:00,90.82,90.88,90.76,90.79,33393.0
2025-02-04 20:46:00,90.79,90.81,90.695,90.7,42185.0
2025-02-04 20:48:00,90.71,90.81,90.69,90.72,39425.0
2025-02-04 20:50:00,90.71,90.71,90.5,90.56,112433.0
2025-02-04 20:52:00,90.58,90.65,90.58,90.6353,83110.0
2025-02-04 20:54:00,90.63,90.72,90.52,90.7,149964.0
2025-02-04 20:56:00,90.7,90.74,90.625,90.625,160365.0
2025-02-04 20:58:00,90.62,90.71,90.61,90.642,333912.0
2025-02-04 21:00:00,90.61,90.66,90.54,90.55,126908.0
2025-02-04 21:02:00,90.51,90.87,90.5,90.87,18289.0
2025-02-04 21:04:00,90.9,91.05,90.81,90.94,8507.0
2025-02-04 21:06:00,90.85,90.99,90.85,90.9,7270.0
2025-02-04 21:08:00,90.8,90.99,90.76,90.87,4544.0
2025-02-04 21:12:00,90.86,90.96,90.82,90.83,2028.0
2025-02-04 21:14:00,90.75,90.96,90.75,90.96,1457.0
2025-02-04 21:16:00,90.99,91.4,90.99,91.2,20404.0
2025-02-04 21:18:00,91.2,91.47,91.2,91.34,12991.0
2025-02-04 21:20:00,91.34,91.3982,90.99,91.05,39048.0
2025-02-04 21:22:00,91.11,91.2,91.0025,91.0025,2408.0
2025-02-04 21:24:00,91.004,91.2,90.9592,91.15,6390.0
2025-02-04 21:26:00,91.15,91.47,91.15,91.32,7757.0
2025-02-04 21:28:00,91.34,91.38,91.26,91.26,1555.0
2025-02-04 21:30:00,91.26,91.35,90.66,91.2,4964.0
2025-02-04 21:32:00,91.17,91.2891,91.1,91.2891,5701.0
2025-02-04 21:34:00,91.1,91.11,91.07,91.08,2655.0
2025-02-04 21:36:00,91.1,91.2,91.07,91.19,4409.0
2025-02-04 21:38:00,91.12,91.24,91.01,91.24,9183.0
2025-02-04 21:40:00,91.1,91.17,91.0201,91.0201,3532.0
2025-02-04 21:42:00,91.06,91.115,91.0,91.075,14944.0
2025-02-04 21:44:00,91.075,91.1,91.0,91.03,6702.0
2025-02-04 21:46:00,91.05,91.07,91.03,91.07,3960.0
2025-02-04 21:48:00,91.0994,91.2,91.0994,91.13,2779.0
2025-02-04 21:50:00,91.16,91.1988,90.66,90.66,4168.0
2025-02-04 21:52:00,91.15,91.15,91.15,91.15,780.0
2025-02-04 21:54:00,91.17,91.17,91.17,91.17,196.0
2025-02-04 21:56:00,91.18,91.2,91.18,91.2,5096.0
2025-02-04 21:58:00,91.15,91.15,91.14,91.15,1320.0
2025-02-04 22:00:00,91.12,91.15,91.12,91.15,706.0
2025-02-04 22:02:00,91.12,91.2,91.1,91.1,2285.0
2025-02-04 22:04:00,91.1,91.21,91.05,91.21,7549.0
2025-02-04 22:06:00,91.21,91.21,91.2,91.21,1763.0
2025-02-04 22:08:00,91.12,91.12,91.06,91.06,773.0
2025-02-04 22:10:00,91.12,91.12,90.78,90.78,2818.0
2025-02-04 22:12:00,91.02,91.0988,91.01,91.0988,2039.0
2025-02-04 22:14:00,91.01,91.1,90.99,90.99,2570.0
2025-02-04 22:16:00,90.99,91.0,90.99,91.0,424.0
2025-02-04 22:18:00,90.96,90.96,90.95,90.95,1377.0
2025-02-04 22:20:00,90.91,90.91,90.7,90.77,5183.0
2025-02-04 22:22:00,90.51,90.5482,90.51,90.5482,435.0
2025-02-04 22:24:00,90.8928,90.8928,90.72,90.72,720.0
2025-02-04 22:26:00,90.71,90.71,90.71,90.71,105.0
2025-02-04 22:32:00,90.7,90.72,90.7,90.71,474.0
2025-02-04 22:34:00,90.837,90.837,90.837,90.837,131.0
2025-02-04 22:36:00,90.72,90.7999,90.7,90.7,825.0
2025-02-04 22:38:00,90.66,90.66,90.5001,90.5001,1101.0
2025-02-04 22:40:00,90.5072,90.53,90.5072,90.51,2367.0
2025-02-04 22:42:00,90.53,90.6,90.5,90.53,2619.0
2025-02-04 22:44:00,90.53,90.53,90.53,90.53,206.0
2025-02-04 22:46:00,90.5332,90.5332,90.45,90.46,3553.0
2025-02-04 22:48:00,90.5,90.5,90.5,90.5,208.0
2025-02-04 22:50:00,90.5,90.5,90.5,90.5,411.0
2025-02-04 22:54:00,90.51,90.51,90.51,90.51,197.0
2025-02-04 22:58:00,90.5918,90.5918,90.5918,90.5918,204.0
2025-02-04 23:00:00,90.51,90.51,90.51,90.51,477.0
2025-02-04 23:02:00,90.65,90.65,90.65,90.65,611.0
2025-02-04 23:04:00,90.65,90.65,90.65,90.65,183.0
2025-02-04 23:06:00,90.65,90.65,90.53,90.53,4981.0
2025-02-04 23:08:00,90.6,90.6,90.5,90.5,1040.0
2025-02-04 23:10:00,90.5,90.55,90.45,90.55,1633.0
2025-02-04 23:12:00,90.4449,90.56,90.4449,90.5582,611.0
2025-02-04 23:14:00,90.5,90.5,90.48,90.49,1013.0
2025-02-04 23:16:00,90.48,90.5,90.48,90.5,1196.0
2025-02-04 23:20:00,90.5,90.5,90.5,90.5,1811.0
2025-02-04 23:22:00,90.55,90.55,90.53,90.53,610.0
2025-02-04 23:24:00,90.45,90.45,90.45,90.45,160.0
2025-02-04 23:28:00,90.52,90.52,90.52,90.52,102.0
2025-02-04 23:30:00,90.52,90.52,90.52,90.52,101.0
2025-02-04 23:32:00,90.59,90.59,90.59,90.59,228.0
2025-02-04 23:36:00,90.46,90.46,90.45,90.45,594.0
2025-02-04 23:38:00,90.49,90.49,90.45,90.45,346.0
2025-02-04 23:40:00,90.52,90.52,90.52,90.52,300.0
2025-02-04 23:44:00,90.52,90.52,90.52,90.52,700.0
2025-02-04 23:48:00,90.5854,90.5854,90.5854,90.5854,102.0
2025-02-04 23:52:00,90.47,90.47,90.47,90.47,401.0
2025-02-04 23:54:00,90.47,90.47,90.47,90.47,392.0
2025-02-05 00:00:00,90.65,90.65,90.65,90.65,160.0
2025-02-05 00:04:00,90.6,90.6,90.6,90.6,480.0
2025-02-05 00:10:00,90.61,90.61,90.605,90.605,402.0
2025-02-05 00:14:00,90.62,90.62,90.55,90.55,552.0
2025-02-05 00:18:00,90.52,90.52,90.47,90.5,1253.0
2025-02-05 00:28:00,90.6,90.6,90.6,90.6,239.0
2025-02-05 00:30:00,90.58,90.58,90.58,90.58,449.0
2025-02-05 00:34:00,90.49,90.6,90.49,90.6,1834.0
2025-02-05 00:36:00,90.65,90.65,90.65,90.65,319.0
2025-02-05 00:38:00,90.68,90.68,90.68,90.68,276.0
2025-02-05 00:42:00,90.69,90.7,90.65,90.65,2010.0
2025-02-05 00:46:00,90.5015,90.64,90.5015,90.64,529.0
2025-02-05 00:50:00,90.68,90.69,90.5,90.51,2025.0
2025-02-05 00:54:00,90.47,90.47,90.47,90.47,394.0
2025-02-05 00:58:00,90.57,90.58,90.57,90.58,1370.0
2025-02-05 09:00:00,90.26,90.6,90.26,90.31,6181.0
2025-02-05 09:16:00,90.4,90.4,90.4,90.4,303.0
2025-02-05 09:24:00,90.18,90.18,90.18,90.18,418.0
2025-02-05 09:34:00,90.26,90.26,90.26,90.26,197.0
2025-02-05 09:38:00,90.19,90.28,90.19,90.28,626.0
2025-02-05 09:42:00,90.21,90.35,90.21,90.31,1232.0
2025-02-05 09:44:00,90.39,90.39,90.39,90.39,200.0
2025-02-05 10:08:00,90.43,90.43,90.36,90.42,704.0
2025-02-05 10:10:00,90.31,90.31,90.3,90.3,639.0
2025-02-05 10:24:00,90.36,90.41,90.36,90.41,900.0
2025-02-05 10:30:00,90.4,90.4,90.4,90.4,200.0
2025-02-05 10:34:00,90.4,90.4,90.4,90.4,1050.0
2025-02-05 10:38:00,90.45,90.45,90.45,90.45,173.0
2025-02-05 10:40:00,90.49,90.49,90.49,90.49,100.0
2025-02-05 10:58:00,90.49,90.49,90.49,90.49,217.0
2025-02-05 11:06:00,90.5,90.5,90.5,90.5,109.0
2025-02-05 11:08:00,90.49,90.49,90.49,90.49,153.0
2025-02-05 11:10:00,90.45,90.45,90.45,90.45,300.0
2025-02-05 11:12:00,90.43,90.43,90.4,90.4,716.0
2025-02-05 11:38:00,90.3,90.3,90.3,90.3,326.0
2025-02-05 11:42:00,90.39,90.39,90.39,90.39,236.0
2025-02-05 11:50:00,90.45,90.45,90.45,90.45,1051.0
2025-02-05 11:54:00,90.39,90.39,90.39,90.39,100.0
2025-02-05 11:56:00,90.44,90.45,90.43,90.45,1239.0
2025-02-05 11:58:00,90.43,90.45,90.43,90.45,251.0
2025-02-05 12:00:00,90.41,90.41,90.26,90.26,1282.0
2025-02-05 12:02:00,90.26,90.27,90.25,90.27,711.0
2025-02-05 12:04:00,90.23,90.23,90.2,90.2,752.0
2025-02-05 12:06:00,90.15,90.15,90.15,90.15,591.0
2025-02-05 12:08:00,90.15,90.15,90.15,90.15,479.0
2025-02-05 12:16:00,90.2,90.2,90.11,90.11,604.0
2025-02-05 12:18:00,90.24,90.24,90.24,90.24,100.0
2025-02-05 12:20:00,90.22,90.22,90.22,90.22,430.0
2025-02-05 12:24:00,90.28,90.28,90.28,90.28,202.0
2025-02-05 12:26:00,90.33,90.33,90.33,90.33,101.0
2025-02-05 12:28:00,90.35,90.35,90.35,90.35,169.0
2025-02-05 12:30:00,90.33,90.33,90.33,90.33,106.0
2025-02-05 12:34:00,90.35,90.35,90.2,90.2,3306.0
2025-02-05 12:36:00,90.16,90.16,90.16,90.16,664.0
2025-02-05 12:40:00,90.2,90.24,90.2,90.24,454.0
2025-02-05 12:42:00,90.2,90.2,90.2,90.2,1114.0
2025-02-05 12:46:00,90.25,90.25,90.2,90.2,773.0
2025-02-05 12:48:00,90.16,90.2,90.15,90.18,893.0
2025-02-05 12:50:00,90.18,90.18,90.18,90.18,181.0
2025-02-05 12:54:00,90.16,90.16,90.16,90.16,181.0
2025-02-05 12:56:00,90.15,90.15,90.15,90.15,347.0
2025-02-05 12:58:00,90.23,90.23,90.23,90.23,110.0
2025-02-05 13:00:00,90.29,90.65,90.0,90.23,13668.0
2025-02-05 13:04:00,90.3039,90.32,90.3039,90.32,674.0
2025-02-05 13:06:00,90.23,90.23,90.23,90.23,258.0
2025-02-05 13:08:00,90.28,90.28,90.28,90.28,209.0
2025-02-05 13:10:00,90.28,90.2801,90.2497,90.2497,790.0
2025-02-05 13:12:00,90.2496,90.2496,90.2305,90.2305,303.0
2025-02-05 13:14:00,90.23,90.25,90.23,90.23,525.0
2025-02-05 13:16:00,90.1531,90.25,90.1531,90.2,1317.0
2025-02-05 13:18:00,90.15,90.15,90.15,90.15,1179.0
2025-02-05 13:20:00,90.15,90.15,90.15,90.15,487.0
2025-02-05 13:22:00,90.15,90.33,90.15,90.33,764.0
2025-02-05 13:24:00,90.25,90.3999,90.25,90.38,599.0
2025-02-05 13:28:00,90.36,90.4,90.36,90.4,1415.0
2025-02-05 13:30:00,90.45,90.63,90.45,90.63,2422.0
2025-02-05 13:32:00,90.6,90.7,90.45,90.45,6907.0
2025-02-05 13:36:00,90.34,90.5,90.33,90.45,4123.0
2025-02-05 13:38:00,90.32,90.33,90.32,90.33,444.0
2025-02-05 13:40:00,90.3,90.5,90.3,90.5,1223.0
2025-02-05 13:42:00,90.31,90.31,90.31,90.31,872.0
2025-02-05 13:44:00,90.34,90.3499,90.34,90.3499,501.0
2025-02-05 13:46:00,90.32,90.35,90.16,90.16,4074.0
2025-02-05 13:48:00,90.18,90.18,90.15,90.15,1180.0
2025-02-05 13:52:00,90.22,90.28,90.22,90.28,413.0
2025-02-05 13:54:00,90.2599,90.26,90.25,90.26,4638.0
2025-02-05 13:56:00,90.23,90.23,90.18,90.1895,2216.0
2025-02-05 13:58:00,90.18,90.21,90.18,90.21,1345.0
2025-02-05 14:00:00,90.25,90.25,90.25,90.25,295.0
2025-02-05 14:02:00,90.15,90.17,90.15,90.17,1200.0
2025-02-05 14:04:00,90.22,90.36,90.22,90.36,1927.0
2025-02-05 14:06:00,90.39,90.4,90.39,90.4,1053.0
2025-02-05 14:08:00,90.4,90.58,90.4,90.58,1518.0
2025-02-05 14:10:00,90.6,90.6,90.5009,90.5009,1123.0
2025-02-05 14:12:00,90.5998,90.5998,90.53,90.53,684.0
2025-02-05 14:14:00,90.53,90.6,90.51,90.6,6675.0
2025-02-05 14:16:00,90.6995,90.7,90.53,90.56,2791.0
2025-02-05 14:18:00,90.5,90.51,90.38,90.51,4606.0
2025-02-05 14:20:00,90.38,90.4,90.23,90.4,13245.0
2025-02-05 14:22:00,90.4,90.51,90.4,90.51,1512.0
2025-02-05 14:24:00,90.51,90.51,90.43,90.51,1154.0
2025-02-05 14:26:00,90.4654,90.6938,90.43,90.5958,1913.0
2025-02-05 14:28:00,90.45,90.45,90.39,90.4,1754.0
2025-02-05 14:30:00,90.385,91.39,90.26,91.22,360591.0
2025-02-05 14:32:00,91.15,91.28,90.87,91.1042,120686.0
2025-02-05 14:34:00,91.11,91.3,90.95,91.06,92463.0
2025-02-05 14:36:00,91.04,91.25,90.535,90.54,78661.0
2025-02-05 14:38:00,90.54,90.5869,90.385,90.44,71300.0
2025-02-05 14:40:00,90.415,90.61,90.34,90.55,167566.0
2025-02-05 14:42:00,90.54,91.07,90.53,90.91,92856.0
2025-02-05 14:44:00,90.88,91.0299,90.76,90.805,74019.0
2025-02-05 14:46:00,90.8,90.875,90.68,90.728,73769.0
2025-02-05 14:48:00,90.73,90.85,90.5,90.57,72528.0
2025-02-05 14:50:00,90.56,90.59,90.31,90.335,95948.0
2025-02-05 14:52:00,90.335,90.35,90.22,90.3,91490.0
2025-02-05 14:54:00,90.2804,90.56,90.26,90.39,76264.0
2025-02-05 14:56:00,90.4,90.57,90.3,90.55,53597.0
2025-02-05 14:58:00,90.57,90.71,90.42,90.66,63695.0
2025-02-05 15:00:00,90.71,90.965,90.69,90.93,75329.0
2025-02-05 15:02:00,90.96,90.98,90.3901,90.43,87650.0
2025-02-05 15:04:00,90.43,90.7512,90.36,90.7395,51808.0
2025-02-05 15:06:00,90.695,90.77,90.63,90.6653,57432.0
2025-02-05 15:08:00,90.66,90.67,90.38,90.486,71613.0
2025-02-05 15:10:00,90.5,90.63,90.3,90.38,60955.0
2025-02-05 15:12:00,90.38,90.51,90.31,90.485,66311.0
2025-02-05 15:14:00,90.5,90.77,90.49,90.69,53027.0
2025-02-05 15:16:00,90.66,90.825,90.57,90.7801,65489.0
2025-02-05 15:18:00,90.79,90.84,90.7,90.81,50130.0
2025-02-05 15:20:00,90.81,90.825,90.46,90.55,58389.0
2025-02-05 15:22:00,90.55,90.78,90.45,90.67,76584.0
2025-02-05 15:24:00,90.675,91.035,90.66,90.95,78258.0
2025-02-05 15:26:00,90.9592,91.0599,90.93,91.04,66859.0
2025-02-05 15:28:00,91.03,91.16,90.98,91.1401,50281.0
2025-02-05 15:30:00,91.15,91.18,90.93,90.96,85549.0
2025-02-05 15:32:00,90.97,91.1591,90.92,91.1475,54682.0
2025-02-05 15:34:00,91.17,91.18,91.0052,91.06,59672.0
2025-02-05 15:36:00,91.05,91.14,90.97,91.07,50628.0
2025-02-05 15:38:00,91.05,91.155,91.01,91.155,28958.0
2025-02-05 15:40:00,91.14,91.14,91.05,91.13,30741.0
2025-02-05 15:42:00,91.14,91.26,91.14,91.215,63488.0
2025-02-05 15:44:00,91.215,91.39,91.2069,91.305,103261.0
2025-02-05 15:46:00,91.32,91.33,91.16,91.2168,43039.0
2025-02-05 15:48:00,91.23,91.26,91.17,91.19,45675.0
2025-02-05 15:50:00,91.17,91.1999,91.03,91.04,56134.0
2025-02-05 15:52:00,91.03,91.1394,91.015,91.125,30326.0
2025-02-05 15:54:00,91.12,91.24,91.11,91.1944,31015.0
2025-02-05 15:56:00,91.2,91.23,91.07,91.13,44078.0
2025-02-05 15:58:00,91.13,91.2,91.05,91.15,42672.0
2025-02-05 16:00:00,91.13,91.17,91.03,91.1,32707.0
2025-02-05 16:02:00,91.0803,91.22,91.0803,91.175,29955.0
2025-02-05 16:04:00,91.18,91.1999,91.0275,91.125,23203.0
2025-02-05 16:06:00,91.13,91.145,91.065,91.11,16994.0
2025-02-05 16:08:00,91.12,91.44,91.11,91.4197,49992.0
2025-02-05 16:10:00,91.42,91.46,91.26,91.27,74139.0
2025-02-05 16:12:00,91.275,91.2856,91.11,91.12,46866.0
2025-02-05 16:14:00,91.12,91.23,91.11,91.11,43004.0
2025-02-05 16:16:00,91.125,91.19,91.07,91.1,65735.0
2025-02-05 16:18:00,91.1,91.22,91.08,91.17,43864.0
2025-02-05 16:20:00,91.17,91.245,91.13,91.24,45131.0
2025-02-05 16:22:00,91.24,91.41,91.23,91.4,49284.0
2025-02-05 16:24:00,91.395,91.46,91.35,91.44,45991.0
2025-02-05 16:26:00,91.43,91.59,91.39,91.58,86152.0
2025-02-05 16:28:00,91.58,91.69,91.5,91.6699,57123.0
2025-02-05 16:30:00,91.65,91.67,91.56,91.59,45527.0
2025-02-05 16:32:00,91.58,91.6,91.45,91.49,52084.0
2025-02-05 16:34:00,91.485,91.61,91.465,91.61,66030.0
2025-02-05 16:36:00,91.61,91.78,91.61,91.75,49944.0
2025-02-05 16:38:00,91.76,91.83,91.7501,91.825,54657.0
2025-02-05 16:40:00,91.8271,91.87,91.76,91.835,64690.0
2025-02-05 16:42:00,91.82,91.87,91.77,91.86,66524.0
2025-02-05 16:44:00,91.85,91.89,91.765,91.77,73901.0
2025-02-05 16:46:00,91.775,92.03,91.77,91.95,120681.0
2025-02-05 16:48:00,91.95,91.96,91.84,91.905,52052.0
2025-02-05 16:50:00,91.905,91.95,91.86,91.9001,42990.0
2025-02-05 16:52:00,91.91,92.04,91.9,91.9931,62100.0
2025-02-05 16:54:00,91.99,92.01,91.86,91.95,63542.0
2025-02-05 16:56:00,91.94,91.94,91.77,91.815,62287.0
2025-02-05 16:58:00,91.8072,91.96,91.8,91.9416,42921.0
2025-02-05 17:00:00,91.9212,92.18,91.9212,92.18,96750.0
2025-02-05 17:02:00,92.17,92.2112,92.06,92.12,74294.0
2025-02-05 17:04:00,92.115,92.16,92.05,92.13,58644.0
2025-02-05 17:06:00,92.14,92.22,92.13,92.17,48583.0
2025-02-05 17:08:00,92.18,92.339,92.18,92.3,108697.0
2025-02-05 17:10:00,92.31,92.37,92.22,92.3,92459.0
2025-02-05 17:12:00,92.3,92.39,92.25,92.38,59949.0
2025-02-05 17:14:00,92.38,92.41,92.19,92.1995,128062.0
2025-02-05 17:16:00,92.2,92.2,92.01,92.07,56915.0
2025-02-05 17:18:00,92.065,92.1597,92.01,92.11,41199.0
2025-02-05 17:20:00,92.11,92.115,92.03,92.07,35413.0
2025-02-05 17:22:00,92.08,92.32,92.07,92.29,49466.0
2025-02-05 17:24:00,92.28,92.28,92.16,92.17,21809.0
2025-02-05 17:26:00,92.18,92.24,92.16,92.24,36734.0
2025-02-05 17:28:00,92.24,92.31,92.22,92.23,33240.0
2025-02-05 17:30:00,92.22,92.37,92.22,92.34,66639.0
2025-02-05 17:32:00,92.33,92.35,92.22,92.325,50904.0
2025-02-05 17:34:00,92.35,92.385,92.25,92.315,36874.0
2025-02-05 17:36:00,92.315,92.45,92.305,92.38,88287.0
2025-02-05 17:38:00,92.38,92.4,92.28,92.35,46390.0
2025-02-05 17:40:00,92.34,92.34,92.07,92.0771,35828.0
2025-02-05 17:42:00,92.0907,92.15,92.07,92.145,38310.0
2025-02-05 17:44:00,92.1474,92.205,92.1,92.13,33794.0
2025-02-05 17:46:00,92.14,92.24,92.13,92.2099,28773.0
2025-02-05 17:48:00,92.2,92.21,92.15,92.2,38765.0
2025-02-05 17:50:00,92.19,92.2198,92.02,92.04,38762.0
2025-02-05 17:52:00,92.03,92.14,92.03,92.13,44395.0
2025-02-05 17:54:00,92.131,92.24,92.13,92.14,38677.0
2025-02-05 17:56:00,92.14,92.145,92.05,92.12,50091.0
2025-02-05 17:58:00,92.11,92.17,92.085,92.1403,51004.0
2025-02-05 18:00:00,92.15,92.295,92.15,92.295,51789.0
2025-02-05 18:02:00,92.3,92.36,92.28,92.3153,35494.0
2025-02-05 18:04:00,92.31,92.32,92.25,92.29,30037.0
2025-02-05 18:06:00,92.29,92.38,92.17,92.18,37307.0
2025-02-05 18:08:00,92.17,92.195,92.11,92.19,47883.0
2025-02-05 18:10:00,92.185,92.185,92.11,92.115,32565.0
2025-02-05 18:12:00,92.13,92.14,92.05,92.0899,79768.0
2025-02-05 18:14:00,92.07,92.175,92.03,92.14,56013.0
2025-02-05 18:16:00,92.145,92.22,92.12,92.12,120964.0
2025-02-05 18:18:00,92.11,92.22,92.09,92.22,29773.0
2025-02-05 18:20:00,92.2,92.21,92.14,92.19,52628.0
2025-02-05 18:22:00,92.205,92.205,92.07,92.1,65539.0
2025-02-05 18:24:00,92.095,92.14,92.08,92.1,28312.0
2025-02-05 18:26:00,92.095,92.095,91.96,91.97,113562.0
2025-02-05 18:28:00,91.98,92.16,91.98,92.155,30886.0
2025-02-05 18:30:00,92.1301,92.27,92.1,92.26,60421.0
2025-02-05 18:32:00,92.26,92.27,92.19,92.27,38946.0
2025-02-05 18:34:00,92.27,92.45,92.25,92.45,37688.0
2025-02-05 18:36:00,92.46,92.585,92.42,92.48,96286.0
2025-02-05 18:38:00,92.48,92.5877,92.4147,92.545,40961.0
2025-02-05 18:40:00,92.57,92.6,92.52,92.53,49793.0
2025-02-05 18:42:00,92.52,92.5839,92.52,92.5694,28525.0
2025-02-05 18:44:00,92.565,92.565,92.43,92.47,48920.0
2025-02-05 18:46:00,92.475,92.5,92.43,92.465,34592.0
2025-02-05 18:48:00,92.455,92.5,92.42,92.4816,33209.0
2025-02-05 18:50:00,92.49,92.51,92.44,92.48,33352.0
2025-02-05 18:52:00,92.47,92.48,92.36,92.4516,29504.0
2025-02-05 18:54:00,92.45,92.61,92.445,92.54,48985.0
2025-02-05 18:56:00,92.57,92.73,92.55,92.73,48620.0
2025-02-05 18:58:00,92.73,92.82,92.73,92.7799,83848.0
2025-02-05 19:00:00,92.7748,92.84,92.72,92.79,41481.0
2025-02-05 19:02:00,92.78,92.83,92.72,92.83,39801.0
2025-02-05 19:04:00,92.84,92.845,92.67,92.695,36778.0
2025-02-05 19:06:00,92.7,92.77,92.69,92.74,52920.0
2025-02-05 19:08:00,92.74,92.78,92.58,92.5999,41139.0
2025-02-05 19:10:00,92.6,92.63,92.5,92.51,47526.0
2025-02-05 19:12:00,92.51,92.53,92.44,92.48,44381.0
2025-02-05 19:14:00,92.49,92.525,92.46,92.5,36989.0
2025-02-05 19:16:00,92.51,92.5511,92.49,92.5,37822.0
2025-02-05 19:18:00,92.5,92.58,92.49,92.55,37760.0
2025-02-05 19:20:00,92.56,92.58,92.52,92.52,47680.0
2025-02-05 19:22:00,92.51,92.635,92.5,92.62,41095.0
2025-02-05 19:24:00,92.61,92.61,92.49,92.51,46639.0
2025-02-05 19:26:00,92.53,92.61,92.53,92.55,42146.0
2025-02-05 19:28:00,92.55,92.61,92.505,92.51,33811.0
2025-02-05 19:30:00,92.51,92.53,92.42,92.53,33519.0
2025-02-05 19:32:00,92.52,92.52,92.45,92.4998,30558.0
2025-02-05 19:34:00,92.48,92.54,92.47,92.49,29123.0
2025-02-05 19:36:00,92.49,92.55,92.48,92.5,37987.0
2025-02-05 19:38:00,92.49,92.61,92.49,92.6,34155.0
2025-02-05 19:40:00,92.61,92.64,92.51,92.51,37762.0
2025-02-05 19:42:00,92.51,92.51,92.47,92.49,27459.0
2025-02-05 19:44:00,92.495,92.525,92.43,92.48,29960.0
2025-02-05 19:46:00,92.48,92.66,92.47,92.6501,42598.0
2025-02-05 19:48:00,92.65,92.65,92.55,92.56,24277.0
2025-02-05 19:50:00,92.56,92.6,92.51,92.585,24970.0
2025-02-05 19:52:00,92.58,92.63,92.56,92.595,35460.0
2025-02-05 19:54:00,92.6,92.65,92.56,92.63,20912.0
2025-02-05 19:56:00,92.63,92.67,92.6,92.65,31502.0
2025-02-05 19:58:00,92.66,92.68,92.62,92.64,29184.0
2025-02-05 20:00:00,92.66,92.79,92.66,92.76,28840.0
2025-02-05 20:02:00,92.75,92.8,92.72,92.73,61610.0
2025-02-05 20:04:00,92.74,92.75,92.65,92.68,29217.0
2025-02-05 20:06:00,92.68,92.79,92.68,92.72,36141.0
2025-02-05 20:08:00,92.71,92.79,92.71,92.75,39835.0
2025-02-05 20:10:00,92.74,92.76,92.66,92.72,66459.0
2025-02-05 20:12:00,92.71,92.74,92.6515,92.7182,31675.0
2025-02-05 20:14:00,92.73,92.815,92.68,92.775,36060.0
2025-02-05 20:16:00,92.78,92.87,92.775,92.865,75295.0
2025-02-05 20:18:00,92.865,92.99,92.86,92.98,72086.0
2025-02-05 20:20:00,92.9815,93.09,92.97,92.99,140938.0
2025-02-05 20:22:00,92.99,93.09,92.98,93.09,63697.0
2025-02-05 20:24:00,93.085,93.18,93.05,93.155,84108.0
2025-02-05 20:26:00,93.155,93.19,93.1,93.18,71060.0
2025-02-05 20:28:00,93.19,93.39,93.18,93.3893,124940.0
2025-02-05 20:30:00,93.38,93.39,93.16,93.2099,130989.0
2025-02-05 20:32:00,93.21,93.26,93.1,93.11,51747.0
2025-02-05 20:34:00,93.12,93.2,93.08,93.16,77559.0
2025-02-05 20:36:00,93.15,93.23,93.07,93.22,66600.0
2025-02-05 20:38:00,93.21,93.27,93.1535,93.18,83635.0
2025-02-05 20:40:00,93.18,93.205,93.11,93.17,89818.0
2025-02-05 20:42:00,93.17,93.18,92.99,93.08,137107.0
2025-02-05 20:44:00,93.07,93.12,93.015,93.07,88176.0
2025-02-05 20:46:00,93.07,93.168,93.04,93.1526,105303.0
2025-02-05 20:48:00,93.17,93.19,93.14,93.185,87982.0
2025-02-05 20:50:00,93.18,93.185,92.99,93.03,200610.0
2025-02-05 20:52:00,93.03,93.075,92.955,92.995,175292.0
2025-02-05 20:54:00,93.0,93.4,92.81,93.4,327306.0
2025-02-05 20:56:00,93.39,93.62,93.39,93.53,350480.0
2025-02-05 20:58:00,93.535,93.65,93.5,93.61,612102.0
2025-02-05 21:00:00,93.6,93.65,93.45,93.52,74478.0
2025-02-05 21:02:00,93.41,93.45,93.2,93.32,8252.0
2025-02-05 21:04:00,93.3895,93.41,93.254,93.36,9891.0
2025-02-05 21:06:00,93.3,93.35,93.2401,93.294,3813.0
2025-02-05 21:08:00,93.29,93.39,93.29,93.39,1047.0
2025-02-05 21:10:00,93.29,93.3104,93.29,93.3104,328.0
2025-02-05 21:12:00,93.4498,93.4498,93.372,93.372,1583.0
2025-02-05 21:14:00,93.48,93.6,93.45,93.6,8875.0
2025-02-05 21:16:00,93.5849,93.6,93.55,93.6,2255.0
2025-02-05 21:18:00,93.58,93.58,93.57,93.57,535.0
2025-02-05 21:20:00,93.551,93.5982,93.55,93.5963,1926.0
2025-02-05 21:22:00,93.49,93.49,93.43,93.43,1370.0
2025-02-05 21:24:00,93.4009,93.51,93.4007,93.51,1807.0
2025-02-05 21:26:00,93.5,93.5,93.42,93.42,2878.0
2025-02-05 21:28:00,93.4,93.4,93.26,93.26,6355.0
2025-02-05 21:30:00,93.26,93.29,93.23,93.29,672.0
2025-02-05 21:32:00,93.2899,93.2899,93.24,93.24,1233.0
2025-02-05 21:34:00,93.2014,93.2016,93.2014,93.2016,1315.0
2025-02-05 21:36:00,93.2399,93.2399,93.1001,93.1001,648.0
2025-02-05 21:38:00,93.1032,93.25,93.1032,93.18,1726.0
2025-02-05 21:40:00,93.2399,93.2399,93.2399,93.2399,207.0
2025-02-05 21:42:00,93.18,93.6,93.1,93.6,2515.0
2025-02-05 21:44:00,93.16,93.16,93.101,93.14,540.0
2025-02-05 21:46:00,93.13,93.13,93.12,93.12,538.0
2025-02-05 21:48:00,93.14,93.14,93.11,93.12,1235.0
2025-02-05 21:50:00,93.11,93.16,93.1,93.15,3038.0
2025-02-05 21:52:00,93.11,93.12,93.11,93.12,530.0
2025-02-05 21:54:00,93.101,93.101,93.101,93.101,385.0
2025-02-05 21:58:00,93.17,93.17,93.17,93.17,826.0
2025-02-05 22:00:00,93.18,93.18,93.18,93.18,683.0
2025-02-05 22:02:00,93.2,93.25,93.2,93.25,8894.0
2025-02-05 22:04:00,93.31,93.31,93.31,93.31,506.0
2025-02-05 22:06:00,93.4,93.4,93.294,93.4,642.0
2025-02-05 22:08:00,93.5,93.5,93.5,93.5,3006.0
2025-02-05 22:12:00,93.31,93.31,93.3,93.3,1272.0
2025-02-05 22:14:00,93.33,93.4,93.33,93.39,2384.0
2025-02-05 22:16:00,93.4,93.4,93.4,93.4,147.0
2025-02-05 22:18:00,93.36,93.4,93.36,93.4,438.0
2025-02-05 22:20:00,93.2,93.4,93.2,93.4,1689.0
2025-02-05 22:22:00,93.33,93.33,93.32,93.32,1072.0
2025-02-05 22:24:00,93.3202,93.3202,93.32,93.32,1102.0
2025-02-05 22:28:00,93.32,93.36,93.32,93.36,544.0
2025-02-05 22:30:00,93.4,93.4482,93.4,93.4482,421.0
2025-02-05 22:32:00,93.38,93.38,93.38,93.38,226.0
2025-02-05 22:34:00,93.33,93.33,93.32,93.32,436.0
2025-02-05 22:36:00,93.2151,93.2151,93.2151,93.2151,1030.0
2025-02-05 22:44:00,93.28,93.28,93.28,93.28,221.0
2025-02-05 22:46:00,93.26,93.26,93.26,93.26,113.0
2025-02-05 22:48:00,93.28,93.28,93.25,93.25,499.0
2025-02-05 22:52:00,93.21,93.21,93.21,93.21,763.0
2025-02-05 22:54:00,93.24,93.24,93.24,93.24,153.0
2025-02-05 22:58:00,93.24,93.24,93.24,93.24,391.0
2025-02-05 23:00:00,93.2488,93.2488,93.21,93.21,601.0
2025-02-05 23:02:00,93.22,93.22,93.2012,93.2012,355.0
2025-02-05 23:06:00,93.2,93.2,93.2,93.2,1621.0
2025-02-05 23:08:00,93.25,93.25,93.2007,93.2012,608.0
2025-02-05 23:14:00,93.21,93.21,93.21,93.21,100.0
2025-02-05 23:16:00,93.24,93.25,93.24,93.25,661.0
2025-02-05 23:20:00,93.25,93.25,93.25,93.25,1572.0
2025-02-05 23:22:00,93.31,93.31,93.31,93.31,100.0
2025-02-05 23:24:00,93.31,93.31,93.31,93.31,350.0
2025-02-05 23:30:00,93.3,93.3,93.3,93.3,206.0
2025-02-05 23:38:00,93.33,93.33,93.33,93.33,504.0
2025-02-05 23:40:00,93.33,93.33,93.33,93.33,116.0
2025-02-05 23:42:00,93.36,93.36,93.3499,93.3499,369.0
2025-02-05 23:44:00,93.34,93.35,93.34,93.35,421.0
2025-02-05 23:46:00,93.408,93.408,93.408,93.408,365.0
2025-02-05 23:48:00,93.41,93.41,93.41,93.41,112.0
2025-02-05 23:52:00,93.4099,93.4099,93.4,93.4,795.0
2025-02-05 23:58:00,93.4,93.4,93.4,93.4,201.0
2025-02-06 00:00:00,93.41,93.4476,93.36,93.4476,1645.0
2025-02-06 00:02:00,93.45,93.5,93.45,93.5,1370.0
2025-02-06 00:12:00,93.3421,93.3421,93.3421,93.3421,344.0
2025-02-06 00:14:00,93.51,93.51,93.33,93.33,204.0
2025-02-06 00:16:00,93.58,93.58,93.58,93.58,276.0
2025-02-06 00:18:00,93.4224,93.4224,93.4224,93.4224,210.0
2025-02-06 00:24:00,93.55,93.55,93.55,93.55,241.0
2025-02-06 00:28:00,93.6,93.6,93.6,93.6,391.0
2025-02-06 00:30:00,93.6,93.69,93.6,93.6443,1366.0
2025-02-06 00:34:00,93.58,93.58,93.58,93.58,104.0
2025-02-06 00:36:00,93.684,93.684,93.684,93.684,386.0
2025-02-06 00:40:00,93.6955,93.6955,93.6955,93.6955,116.0
2025-02-06 00:42:00,93.6,93.6,93.5537,93.5537,1560.0
2025-02-06 00:44:00,93.6658,93.6658,93.5503,93.5503,378.0
2025-02-06 00:46:00,93.552,93.552,93.552,93.552,527.0
2025-02-06 00:50:00,93.65,93.65,93.6,93.6,2003.0
2025-02-06 00:52:00,93.67,93.67,93.58,93.58,466.0
2025-02-06 00:54:00,93.63,93.63,93.63,93.63,285.0
2025-02-06 00:56:00,93.67,93.7,93.67,93.7,648.0
2025-02-06 00:58:00,93.7,93.71,93.7,93.71,2439.0
2025-02-06 09:00:00,93.78,94.0,93.78,94.0,2265.0
2025-02-06 09:02:00,93.89,93.93,93.89,93.93,851.0
2025-02-06 09:04:00,93.94,94.0,93.94,94.0,1206.0
2025-02-06 09:08:00,94.03,94.03,94.03,94.03,321.0
2025-02-06 09:18:00,94.0,94.0,94.0,94.0,735.0
2025-02-06 09:26:00,93.96,93.96,93.96,93.96,102.0
2025-02-06 09:34:00,93.96,93.99,93.96,93.99,681.0
2025-02-06 09:38:00,94.09,94.09,94.09,94.09,101.0
2025-02-06 09:44:00,94.09,94.09,94.09,94.09,202.0
2025-02-06 09:46:00,94.08,94.08,94.08,94.08,211.0
2025-02-06 09:52:00,94.07,94.07,94.07,94.07,110.0
2025-02-06 09:54:00,94.08,94.08,94.08,94.08,630.0
2025-02-06 10:00:00,94.03,94.03,94.03,94.03,250.0
2025-02-06 10:04:00,94.06,94.06,94.06,94.06,214.0
2025-02-06 10:08:00,94.06,94.07,94.06,94.07,351.0
2025-02-06 10:10:00,94.06,94.25,94.06,94.25,4697.0
2025-02-06 10:12:00,94.28,94.3,94.28,94.3,715.0
2025-02-06 10:16:00,94.35,94.35,94.35,94.35,132.0
2025-02-06 10:18:00,94.27,94.27,94.27,94.27,208.0
2025-02-06 10:30:00,94.22,94.22,94.18,94.18,1654.0
2025-02-06 10:32:00,94.1,94.1,94.04,94.05,572.0
2025-02-06 10:44:00,94.13,94.13,94.13,94.13,1100.0
2025-02-06 10:52:00,94.16,94.16,94.16,94.16,242.0
2025-02-06 10:56:00,94.1,94.11,94.1,94.11,312.0
2025-02-06 11:00:00,94.12,94.12,94.0,94.0,2778.0
2025-02-06 11:02:00,94.0,94.0,94.0,94.0,459.0
2025-02-06 11:12:00,94.07,94.08,94.04,94.04,772.0
2025-02-06 11:14:00,94.01,94.01,94.01,94.01,200.0
2025-02-06 11:16:00,94.11,94.11,94.11,94.11,222.0
2025-02-06 11:18:00,94.04,94.04,94.04,94.04,110.0
2025-02-06 11:24:00,94.09,94.09,94.09,94.09,121.0
2025-02-06 11:26:00,94.1,94.1,94.1,94.1,106.0
2025-02-06 11:28:00,94.11,94.11,94.11,94.11,210.0
2025-02-06 11:30:00,94.09,94.11,94.09,94.1,1519.0
2025-02-06 11:32:00,94.1,94.1,94.1,94.1,968.0
2025-02-06 11:34:00,94.04,94.04,93.94,93.94,3062.0
2025-02-06 11:38:00,93.95,93.95,93.95,93.95,142.0
2025-02-06 11:40:00,94.0,94.0,93.99,93.99,498.0
2025-02-06 11:44:00,93.93,93.93,93.93,93.93,341.0
2025-02-06 11:46:00,93.92,93.92,93.91,93.91,288.0
2025-02-06 11:52:00,93.85,93.85,93.85,93.85,153.0
2025-02-06 11:54:00,93.88,93.89,93.85,93.85,958.0
2025-02-06 11:58:00,93.8,93.8,93.8,93.8,952.0
2025-02-06 12:00:00,93.75,93.89,93.7,93.7,2286.0
2025-02-06 12:02:00,93.64,93.64,93.58,93.58,1703.0
2025-02-06 12:04:00,93.56,93.57,93.56,93.57,746.0
2025-02-06 12:06:00,93.55,93.55,93.5,93.5,872.0
2025-02-06 12:18:00,93.6,93.6,93.6,93.6,242.0
2025-02-06 12:20:00,93.6,93.6,93.6,93.6,300.0
2025-02-06 12:22:00,93.58,93.58,93.53,93.53,319.0
2025-02-06 12:32:00,93.65,93.65,93.65,93.65,243.0
2025-02-06 12:38:00,93.69,93.72,93.63,93.63,4227.0
2025-02-06 12:40:00,93.67,93.67,93.67,93.67,250.0
2025-02-06 12:42:00,93.73,93.73,93.73,93.73,909.0
2025-02-06 12:44:00,93.77,93.77,93.75,93.75,438.0
2025-02-06 12:48:00,93.77,93.8,93.77,93.8,721.0
2025-02-06 12:50:00,93.82,94.07,93.82,94.07,5763.0
2025-02-06 12:52:00,94.08,94.24,94.08,94.13,14023.0
2025-02-06 12:54:00,94.21,94.24,94.21,94.21,1631.0
2025-02-06 12:56:00,94.24,94.24,94.2,94.2,1246.0
2025-02-06 12:58:00,94.19,94.19,94.19,94.19,592.0
2025-02-06 13:00:00,93.81,94.52,93.3,94.49,39537.0
2025-02-06 13:02:00,94.41,94.5,94.41,94.5,819.0
2025-02-06 13:04:00,94.49,94.56,94.42,94.56,6906.0
2025-02-06 13:06:00,94.4036,94.44,94.4004,94.44,1629.0
2025-02-06 13:08:00,94.4401,94.65,94.4401,94.64,3940.0
2025-02-06 13:10:00,94.51,94.53,94.4,94.43,2902.0
2025-02-06 13:12:00,94.45,94.4994,94.45,94.48,1437.0
2025-02-06 13:14:00,94.4988,94.4988,94.4512,94.49,498.0
2025-02-06 13:16:00,94.46,94.46,94.23,94.39,12515.0
2025-02-06 13:18:00,94.39,94.3999,94.2106,94.3999,1921.0
2025-02-06 13:20:00,94.3,94.32,94.16,94.3,3618.0
2025-02-06 13:22:00,94.29,94.322,94.29,94.322,924.0
2025-02-06 13:24:00,94.32,94.3988,94.32,94.39,834.0
2025-02-06 13:28:00,94.4,94.43,94.4,94.4,3168.0
2025-02-06 13:30:00,94.43,94.43,94.33,94.33,1690.0
2025-02-06 13:32:00,94.4299,94.4299,94.3319,94.3319,2709.0
2025-02-06 13:34:00,94.33,94.33,94.26,94.3,2234.0
2025-02-06 13:36:00,94.37,94.5,94.37,94.49,1884.0
2025-02-06 13:38:00,94.52,94.56,94.52,94.56,1298.0
2025-02-06 13:40:00,94.48,94.53,94.42,94.5271,11890.0
2025-02-06 13:42:00,94.49,94.49,94.33,94.33,4589.0
2025-02-06 13:44:00,94.25,94.4,94.22,94.4,5495.0
2025-02-06 13:46:00,94.4,94.4,94.31,94.35,1862.0
2025-02-06 13:48:00,94.3,94.34,94.3,94.34,2250.0
2025-02-06 13:50:00,94.4398,94.45,94.4398,94.45,488.0
2025-02-06 13:52:00,94.35,94.37,94.35,94.37,550.0
2025-02-06 13:54:00,94.4475,94.4599,94.4,94.4599,2868.0
2025-02-06 13:56:00,94.6,94.7,94.57,94.7,9252.0
2025-02-06 13:58:00,94.6211,94.69,94.62,94.6888,1793.0
2025-02-06 14:00:00,94.6,94.63,94.59,94.62,28360.0
2025-02-06 14:02:00,94.576,94.6276,94.54,94.54,3480.0
2025-02-06 14:04:00,94.6,95.02,94.6,94.9,16133.0
2025-02-06 14:06:00,94.9,95.0,94.7,94.7,3067.0
2025-02-06 14:08:00,94.73,94.73,94.65,94.65,5381.0
2025-02-06 14:10:00,94.69,94.69,94.65,94.65,1289.0
2025-02-06 14:12:00,94.7,94.85,94.7,94.79,3914.0
2025-02-06 14:14:00,94.74,94.79,94.65,94.65,2041.0
2025-02-06 14:16:00,94.61,94.67,94.58,94.6601,2762.0
2025-02-06 14:18:00,94.69,94.69,94.6599,94.6599,1058.0
2025-02-06 14:20:00,94.6499,94.65,94.63,94.63,491.0
2025-02-06 14:22:00,94.72,95.0,94.7,94.984,6058.0
2025-02-06 14:24:00,94.9,94.9,94.63,94.63,419.0
2025-02-06 14:26:00,94.63,95.0,94.63,95.0,6898.0
2025-02-06 14:28:00,95.0097,95.03,95.0,95.0,2911.0
2025-02-06 14:30:00,94.88,95.37,94.74,95.195,524319.0
2025-02-06 14:32:00,95.18,95.96,94.98,95.83,199861.0
2025-02-06 14:34:00,95.81,96.16,95.55,96.1292,229163.0
2025-02-06 14:36:00,96.13,96.1699,95.845,95.93,238437.0
2025-02-06 14:38:00,95.95,96.02,95.69,95.975,221009.0
2025-02-06 14:40:00,95.9858,96.3,95.25,95.25,289558.0
2025-02-06 14:42:00,95.215,95.33,94.99,95.02,239995.0
2025-02-06 14:44:00,95.06,95.58,94.9309,95.215,177770.0
2025-02-06 14:46:00,95.22,95.265,94.75,95.14,306362.0
2025-02-06 14:48:00,95.135,95.2,94.8601,95.03,89186.0
2025-02-06 14:50:00,95.05,95.27,94.91,95.1574,134177.0
2025-02-06 14:52:00,95.2,95.5799,95.195,95.33,139863.0
2025-02-06 14:54:00,95.34,95.35,95.0503,95.295,83395.0
2025-02-06 14:56:00,95.33,95.435,95.12,95.17,100031.0
2025-02-06 14:58:00,95.16,95.26,95.01,95.11,89091.0
2025-02-06 15:00:00,95.105,95.42,95.0,95.33,102614.0
2025-02-06 15:02:00,95.34,95.4899,95.3,95.4499,156006.0
2025-02-06 15:04:00,95.45,95.74,95.38,95.714,93790.0
2025-02-06 15:06:00,95.74,95.86,95.67,95.81,115853.0
2025-02-06 15:08:00,95.82,96.08,95.82,96.0364,177874.0
2025-02-06 15:10:00,96.04,96.0799,95.78,95.92,131476.0
2025-02-06 15:12:00,95.925,96.06,95.86,96.05,89012.0
2025-02-06 15:14:00,96.065,96.35,96.03,96.33,152882.0
2025-02-06 15:16:00,96.32,96.39,96.2,96.32,224693.0
2025-02-06 15:18:00,96.3174,96.57,96.29,96.52,141091.0
2025-02-06 15:20:00,96.52,96.6088,96.31,96.3256,123281.0
2025-02-06 15:22:00,96.32,96.5283,96.27,96.37,69254.0
2025-02-06 15:24:00,96.35,96.35,95.96,96.05,109491.0
2025-02-06 15:26:00,96.045,96.08,95.9201,95.95,64052.0
2025-02-06 15:28:00,95.96,95.985,95.87,95.9512,55561.0
2025-02-06 15:30:00,95.96,96.07,95.7801,95.875,119720.0
2025-02-06 15:32:00,95.87,96.08,95.87,95.98,47609.0
2025-02-06 15:34:00,95.99,96.06,95.81,95.9599,50879.0
2025-02-06 15:36:00,95.9323,96.0296,95.88,95.9726,51244.0
2025-02-06 15:38:00,95.97,95.99,95.38,95.39,104031.0
2025-02-06 15:40:00,95.37,95.73,95.36,95.7,56415.0
2025-02-06 15:42:00,95.725,95.7686,95.6,95.645,46615.0
2025-02-06 15:44:00,95.67,95.67,95.52,95.63,53538.0
2025-02-06 15:46:00,95.61,95.61,95.5,95.54,52656.0
2025-02-06 15:48:00,95.51,95.65,95.44,95.53,90895.0
2025-02-06 15:50:00,95.5201,95.77,95.5201,95.65,40554.0
2025-02-06 15:52:00,95.65,95.8815,95.62,95.865,48500.0
2025-02-06 15:54:00,95.87,95.9,95.71,95.775,53521.0
2025-02-06 15:56:00,95.775,95.898,95.76,95.83,59615.0
2025-02-06 15:58:00,95.81,95.83,95.635,95.645,37850.0
2025-02-06 16:00:00,95.675,95.735,95.58,95.61,64049.0
2025-02-06 16:02:00,95.59,95.615,95.49,95.57,87169.0
2025-02-06 16:04:00,95.5458,95.55,95.22,95.31,97333.0
2025-02-06 16:06:00,95.31,95.48,95.295,95.41,46746.0
2025-02-06 16:08:00,95.38,95.74,95.37,95.71,75005.0
2025-02-06 16:10:00,95.71,95.94,95.7,95.81,92325.0
2025-02-06 16:12:00,95.8161,95.86,95.7403,95.77,45726.0
2025-02-06 16:14:00,95.7885,95.88,95.6801,95.72,64983.0
2025-02-06 16:16:00,95.705,95.78,95.685,95.73,37221.0
2025-02-06 16:18:00,95.77,95.84,95.7572,95.81,42459.0
2025-02-06 16:20:00,95.79,95.81,95.73,95.7463,23578.0
2025-02-06 16:22:00,95.76,95.78,95.71,95.72,24706.0
2025-02-06 16:24:00,95.695,95.8,95.695,95.7,32069.0
2025-02-06 16:26:00,95.69,95.78,95.64,95.73,61543.0
2025-02-06 16:28:00,95.74,95.79,95.71,95.76,30612.0
2025-02-06 16:30:00,95.77,95.8,95.6736,95.76,51056.0
2025-02-06 16:32:00,95.778,95.84,95.76,95.82,35735.0
2025-02-06 16:34:00,95.83,95.84,95.71,95.71,60565.0
2025-02-06 16:36:00,95.7,95.7247,95.5626,95.57,36759.0
2025-02-06 16:38:00,95.56,95.735,95.5301,95.69,39355.0
2025-02-06 16:40:00,95.7,95.7499,95.65,95.725,27748.0
2025-02-06 16:42:00,95.72,95.72,95.58,95.7,38840.0
2025-02-06 16:44:00,95.73,95.78,95.62,95.685,47628.0
2025-02-06 16:46:00,95.68,95.75,95.65,95.74,57181.0
2025-02-06 16:48:00,95.74,95.84,95.62,95.64,29691.0
2025-02-06 16:50:00,95.63,95.73,95.54,95.73,38851.0
2025-02-06 16:52:00,95.74,95.7453,95.63,95.64,25938.0
2025-02-06 16:54:00,95.62,95.675,95.57,95.5834,25510.0
2025-02-06 16:56:00,95.6,95.61,95.4411,95.474,39741.0
2025-02-06 16:58:00,95.4872,95.4872,95.34,95.355,36526.0
2025-02-06 17:00:00,95.37,95.37,95.17,95.335,58647.0
2025-02-06 17:02:00,95.35,95.44,95.29,95.375,44094.0
2025-02-06 17:04:00,95.3856,95.3856,95.2821,95.31,38178.0
2025-02-06 17:06:00,95.3,95.33,95.22,95.29,40445.0
2025-02-06 17:08:00,95.3,95.34,95.25,95.3,35891.0
2025-02-06 17:10:00,95.29,95.31,95.08,95.08,46871.0
2025-02-06 17:12:00,95.0956,95.15,95.07,95.123,29382.0
2025-02-06 17:14:00,95.115,95.12,95.03,95.06,39416.0
2025-02-06 17:16:00,95.0636,95.15,95.06,95.1299,32069.0
2025-02-06 17:18:00,95.115,95.115,94.955,94.965,83588.0
2025-02-06 17:20:00,94.965,95.03,94.84,94.8752,70584.0
2025-02-06 17:22:00,94.85,94.88,94.7607,94.8048,40736.0
2025-02-06 17:24:00,94.8,94.84,94.67,94.68,64275.0
2025-02-06 17:26:00,94.685,94.7999,94.65,94.7691,38953.0
2025-02-06 17:28:00,94.76,94.767,94.4596,94.5188,77907.0
2025-02-06 17:30:00,94.505,94.59,94.45,94.575,102763.0
2025-02-06 17:32:00,94.58,94.58,94.51,94.51,24544.0
2025-02-06 17:34:00,94.5,94.51,94.31,94.375,57739.0
2025-02-06 17:36:00,94.365,94.4799,94.34,94.45,36184.0
2025-02-06 17:38:00,94.46,94.49,94.355,94.355,37122.0
2025-02-06 17:40:00,94.365,94.3674,94.3,94.35,34137.0
2025-02-06 17:42:00,94.35,94.43,94.35,94.42,27802.0
2025-02-06 17:44:00,94.41,94.46,94.33,94.37,33539.0
2025-02-06 17:46:00,94.38,94.38,94.34,94.3667,42560.0
2025-02-06 17:48:00,94.36,94.52,94.36,94.5,40724.0
2025-02-06 17:50:00,94.51,94.74,94.505,94.65,61615.0
2025-02-06 17:52:00,94.645,94.73,94.6205,94.7292,39757.0
2025-02-06 17:54:00,94.71,94.71,94.61,94.6695,42262.0
2025-02-06 17:56:00,94.66,94.7,94.53,94.56,59906.0
2025-02-06 17:58:00,94.57,94.61,94.5,94.5704,28594.0
2025-02-06 18:00:00,94.58,94.695,94.58,94.69,21587.0
2025-02-06 18:02:00,94.6963,94.755,94.66,94.755,33710.0
2025-02-06 18:04:00,94.7401,94.7848,94.64,94.64,26469.0
2025-02-06 18:06:00,94.63,94.68,94.62,94.67,46060.0
2025-02-06 18:08:00,94.67,94.68,94.425,94.5,64465.0
2025-02-06 18:10:00,94.51,94.5489,94.39,94.4109,54085.0
2025-02-06 18:12:00,94.425,94.45,94.3978,94.415,46070.0
2025-02-06 18:14:00,94.415,94.5,94.41,94.41,43338.0
2025-02-06 18:16:00,94.415,94.47,94.365,94.39,68478.0
2025-02-06 18:18:00,94.41,94.635,94.41,94.58,34336.0
2025-02-06 18:20:00,94.61,94.64,94.54,94.56,47909.0
2025-02-06 18:22:00,94.55,94.66,94.55,94.625,52441.0
2025-02-06 18:24:00,94.62,94.63,94.53,94.5442,42214.0
2025-02-06 18:26:00,94.53,94.5399,94.3701,94.3701,38242.0
2025-02-06 18:28:00,94.3672,94.46,94.36,94.45,33147.0
2025-02-06 18:30:00,94.46,94.52,94.4595,94.515,39907.0
2025-02-06 18:32:00,94.5197,94.5411,94.42,94.43,37738.0
2025-02-06 18:34:00,94.42,94.45,94.4005,94.43,33300.0
2025-02-06 18:36:00,94.42,94.42,94.26,94.28,189268.0
2025-02-06 18:38:00,94.27,94.42,94.21,94.365,43352.0
2025-02-06 18:40:00,94.35,94.35,94.1292,94.1844,49261.0
2025-02-06 18:42:00,94.185,94.26,94.16,94.235,28067.0
2025-02-06 18:44:00,94.22,94.22,93.98,93.98,85401.0
2025-02-06 18:46:00,93.99,94.27,93.9816,94.2672,69321.0
2025-02-06 18:48:00,94.2827,94.2827,94.1995,94.22,32774.0
2025-02-06 18:50:00,94.23,94.32,94.15,94.15,45289.0
2025-02-06 18:52:00,94.15,94.22,94.15,94.2,19170.0
2025-02-06 18:54:00,94.19,94.26,94.19,94.21,22741.0
2025-02-06 18:56:00,94.22,94.24,94.1701,94.2177,22052.0
2025-02-06 18:58:00,94.21,94.2553,94.132,94.25,34881.0
2025-02-06 19:00:00,94.25,94.34,94.22,94.33,34485.0
2025-02-06 19:02:00,94.34,94.3799,94.2425,94.33,26015.0
2025-02-06 19:04:00,94.343126,94.37,94.26,94.37,22451.0
2025-02-06 19:06:00,94.375,94.4,94.299,94.299,28575.0
2025-02-06 19:08:00,94.31,94.37,94.31,94.33,13572.0
2025-02-06 19:10:00,94.33,94.36,94.27,94.285,20334.0
2025-02-06 19:12:00,94.2959,94.2997,94.23,94.245,19469.0
2025-02-06 19:14:00,94.25,94.26,94.17,94.18,25736.0
2025-02-06 19:16:00,94.18,94.23,94.15,94.2,20463.0
2025-02-06 19:18:00,94.22,94.2415,94.17,94.17,16205.0
2025-02-06 19:20:00,94.175,94.27,94.16,94.25,28186.0
2025-02-06 19:22:00,94.247,94.247,94.16,94.24,21321.0
2025-02-06 19:24:00,94.24,94.24,94.08,94.13,30261.0
2025-02-06 19:26:00,94.11,94.17,93.9453,94.0229,44053.0
2025-02-06 19:28:00,94.02,94.02,93.93,93.99,37897.0
2025-02-06 19:30:00,93.99,94.0,93.7306,93.74,62099.0
2025-02-06 19:32:00,93.75,93.85,93.58,93.6044,99811.0
2025-02-06 19:34:00,93.61,93.77,93.6,93.7484,66428.0
2025-02-06 19:36:00,93.7589,93.91,93.7415,93.83,62233.0
2025-02-06 19:38:00,93.8201,93.86,93.78,93.81,48992.0
2025-02-06 19:40:00,93.8199,93.8357,93.665,93.7,49234.0
2025-02-06 19:42:00,93.67,93.6818,93.59,93.65,39613.0
2025-02-06 19:44:00,93.66,93.7372,93.64,93.72,21260.0
2025-02-06 19:46:00,93.71,93.75,93.675,93.75,32278.0
2025-02-06 19:48:00,93.75,93.796,93.7101,93.7716,50021.0
2025-02-06 19:50:00,93.78,93.8399,93.725,93.76,33169.0
2025-02-06 19:52:00,93.79,93.79,93.6396,93.7,33318.0
2025-02-06 19:54:00,93.7,93.71,93.65,93.6948,25588.0
2025-02-06 19:56:00,93.69,93.69,93.62,93.69,41250.0
2025-02-06 19:58:00,93.695,93.695,93.6053,93.6704,32061.0
2025-02-06 20:00:00,93.67,93.7492,93.65,93.67,24651.0
2025-02-06 20:02:00,93.68,93.7611,93.66,93.7,20004.0
2025-02-06 20:04:00,93.7,93.84,93.7,93.8,35002.0
2025-02-06 20:06:00,93.83,93.9391,93.75,93.93,25548.0
2025-02-06 20:08:00,93.94,93.9806,93.89,93.9505,18989.0
2025-02-06 20:10:00,93.97,94.04,93.955,94.02,30101.0
2025-02-06 20:12:00,94.03,94.075,94.01,94.075,21667.0
2025-02-06 20:14:00,94.06,94.06,94.0009,94.0103,42214.0
2025-02-06 20:16:00,94.01,94.1216,94.002,94.0336,27383.0
2025-02-06 20:18:00,94.031,94.12,94.03,94.0864,41340.0
2025-02-06 20:20:00,94.08,94.13,94.02,94.12,27649.0
2025-02-06 20:22:00,94.12,94.275,94.12,94.275,43521.0
2025-02-06 20:24:00,94.27,94.29,94.2201,94.27,33207.0
2025-02-06 20:26:00,94.28,94.34,94.2588,94.2588,26520.0
2025-02-06 20:28:00,94.2748,94.29,94.19,94.22,35385.0
2025-02-06 20:30:00,94.221,94.3,94.221,94.3,26933.0
2025-02-06 20:32:00,94.3,94.39,94.3,94.36,37151.0
2025-02-06 20:34:00,94.355,94.43,94.355,94.39,34177.0
2025-02-06 20:36:00,94.39,94.425,94.3336,94.3752,52868.0
2025-02-06 20:38:00,94.38,94.42,94.335,94.41,45943.0
2025-02-06 20:40:00,94.41,94.445,94.32,94.415,66530.0
2025-02-06 20:42:00,94.415,94.415,94.2501,94.31,81532.0
2025-02-06 20:44:00,94.32,94.42,94.301,94.39,55108.0
2025-02-06 20:46:00,94.395,94.6,94.385,94.59,121742.0
2025-02-06 20:48:00,94.59,94.68,94.58,94.62,60205.0
2025-02-06 20:50:00,94.62,94.71,94.44,94.44,91708.0
2025-02-06 20:52:00,94.44,94.5199,94.32,94.35,105660.0
2025-02-06 20:54:00,94.35,94.67,94.32,94.515,184439.0
2025-02-06 20:56:00,94.515,94.53,94.35,94.465,199822.0
2025-02-06 20:58:00,94.47,94.565,94.44,94.52,380459.0
2025-02-06 21:00:00,94.54,94.55,94.3,94.36,105897.0
2025-02-06 21:02:00,94.36,94.46,94.3219,94.46,4293.0
2025-02-06 21:04:00,94.4,94.4,94.38,94.38,2712.0
2025-02-06 21:06:00,94.37,94.54,94.3016,94.54,2591.0
2025-02-06 21:08:00,94.31,94.54,94.31,94.4,3070.0
2025-02-06 21:10:00,94.45,94.4683,94.3122,94.3122,3119.0
2025-02-06 21:12:00,94.35,94.54,94.35,94.54,2565.0
2025-02-06 21:14:00,94.31,94.4,94.305,94.4,1483.0
2025-02-06 21:16:00,94.31,94.47,94.31,94.47,13164.0
2025-02-06 21:18:00,94.4,94.5,94.34,94.5,840.0
2025-02-06 21:20:00,94.4,94.4,94.4,94.4,349.0
2025-02-06 21:22:00,94.3312,94.54,94.3312,94.4242,4261.0
2025-02-06 21:26:00,94.44,94.44,94.44,94.44,291.0
2025-02-06 21:28:00,94.51,94.52,94.51,94.52,718.0
2025-02-06 21:30:00,94.52,94.63,94.4519,94.58,3803.0
2025-02-06 21:34:00,94.64,94.65,94.5704,94.58,1908.0
2025-02-06 21:36:00,94.5722,94.67,94.5722,94.67,3676.0
2025-02-06 21:38:00,94.66,94.78,94.66,94.78,7221.0
2025-02-06 21:40:00,94.68,94.68,94.68,94.68,301.0
2025-02-06 21:42:00,94.68,94.68,94.5,94.5,4568.0
2025-02-06 21:44:00,94.47,94.57,94.47,94.57,1776.0
2025-02-06 21:46:00,94.55,94.55,94.53,94.53,1204.0
2025-02-06 21:48:00,94.4797,94.6,94.4797,94.6,436.0
2025-02-06 21:50:00,94.64,94.64,94.64,94.64,100.0
2025-02-06 21:52:00,94.5108,94.5108,94.5108,94.5108,519.0
2025-02-06 21:54:00,94.53,94.53,94.52,94.52,2708.0
2025-02-06 21:56:00,94.6,94.6,94.53,94.53,357.0
2025-02-06 21:58:00,94.53,94.53,94.53,94.53,352.0
2025-02-06 22:00:00,94.54,94.54,94.462,94.462,4867.0
2025-02-06 22:04:00,94.464,94.464,94.464,94.464,112.0
2025-02-06 22:06:00,94.46,94.46,94.46,94.46,437.0
2025-02-06 22:08:00,94.46,94.46,94.46,94.46,373.0
2025-02-06 22:10:00,94.3358,94.41,94.31,94.41,2727.0
2025-02-06 22:14:00,94.3963,94.3985,94.22,94.3985,1257.0
2025-02-06 22:18:00,94.32,94.32,94.32,94.32,344.0
2025-02-06 22:20:00,94.26,94.26,94.0,94.1999,7836.0
2025-02-06 22:22:00,94.2,94.4,94.2,94.4,5226.0
2025-02-06 22:24:00,94.5306,94.5306,94.5306,94.5306,525.0
2025-02-06 22:26:00,94.48,94.5,94.48,94.4933,575.0
2025-02-06 22:30:00,94.3342,94.3342,94.3342,94.3342,1018.0
2025-02-06 22:36:00,94.4999,94.4999,94.4999,94.4999,1018.0
2025-02-06 22:38:00,94.4999,94.4999,94.4999,94.4999,127.0
2025-02-06 22:46:00,94.38,94.38,94.38,94.38,124.0
2025-02-06 22:50:00,94.32,94.33,94.32,94.33,706.0
2025-02-06 22:52:00,94.322,94.33,94.322,94.33,1049.0
2025-02-06 22:58:00,94.4902,94.4902,94.49,94.49,700.0
2025-02-06 23:00:00,94.5,94.54,94.5,94.54,1529.0
2025-02-06 23:02:00,94.5102,94.5102,94.5102,94.5102,1028.0
2025-02-06 23:04:00,94.59,94.59,94.59,94.59,2000.0
2025-02-06 23:08:00,94.64,94.64,94.63,94.63,354.0
2025-02-06 23:12:00,94.6387,94.6387,94.63,94.63,928.0
2025-02-06 23:14:00,94.59,94.59,94.5499,94.5499,1155.0
2025-02-06 23:20:00,94.51,94.51,94.51,94.51,250.0
2025-02-06 23:22:00,94.54,94.54,94.54,94.54,393.0
2025-02-06 23:26:00,94.55,94.55,94.55,94.55,739.0
2025-02-06 23:28:00,94.6,94.6,94.51,94.58,1382.0
2025-02-06 23:30:00,94.6,94.6,94.6,94.6,115.0
2025-02-06 23:34:00,94.63,94.63,94.6,94.6,536.0
2025-02-06 23:38:00,94.63,94.63,94.63,94.63,107.0
2025-02-06 23:40:00,94.6381,94.6381,94.63,94.63,835.0
2025-02-06 23:42:00,94.64,94.64,94.64,94.64,239.0
2025-02-06 23:50:00,94.523,94.7,94.5215,94.7,4272.0
2025-02-06 23:52:00,94.7,94.7,94.7,94.7,655.0
2025-02-06 23:56:00,94.7,94.7,94.7,94.7,280.0
2025-02-06 23:58:00,94.69,94.6997,94.69,94.6997,896.0
2025-02-07 00:12:00,94.65,94.65,94.65,94.65,453.0
2025-02-07 00:20:00,94.61,94.61,94.5127,94.5127,3164.0
2025-02-07 00:36:00,94.51,94.51,94.51,94.51,482.0
2025-02-07 00:38:00,94.3242,94.3242,94.3242,94.3242,220.0
2025-02-07 00:40:00,94.4,94.4,94.4,94.4,714.0
2025-02-07 00:46:00,94.4,94.4,94.4,94.4,1991.0
2025-02-07 00:50:00,94.35,94.35,94.35,94.35,228.0
2025-02-07 00:52:00,94.3999,94.4,94.3991,94.4,1735.0
2025-02-07 00:54:00,94.4,94.4,94.38,94.38,1576.0
2025-02-07 09:02:00,94.74,94.74,94.74,94.74,369.0
2025-02-07 09:16:00,94.48,94.48,94.48,94.48,251.0
2025-02-07 09:18:00,94.46,94.46,94.46,94.46,145.0
2025-02-07 09:20:00,94.36,94.36,94.36,94.36,299.0
2025-02-07 09:26:00,94.38,94.5,94.38,94.5,1904.0
2025-02-07 09:36:00,94.6,94.7,94.6,94.7,479.0
2025-02-07 09:42:00,94.77,94.77,94.77,94.77,100.0
2025-02-07 09:44:00,94.72,94.72,94.7,94.7,775.0
2025-02-07 09:56:00,94.62,94.62,94.62,94.62,337.0
2025-02-07 10:00:00,94.64,94.65,94.64,94.65,415.0
2025-02-07 10:06:00,94.6,94.6,94.6,94.6,304.0
2025-02-07 10:12:00,94.62,94.62,94.62,94.62,390.0
2025-02-07 10:14:00,94.63,94.63,94.63,94.63,188.0
2025-02-07 10:36:00,94.5,94.5,94.5,94.5,307.0
2025-02-07 10:44:00,94.45,94.45,94.45,94.45,218.0
2025-02-07 10:46:00,94.42,94.43,94.42,94.43,478.0
2025-02-07 10:54:00,94.57,94.57,94.57,94.57,130.0
2025-02-07 11:04:00,94.61,94.64,94.61,94.63,1543.0
2025-02-07 11:18:00,94.66,94.66,94.66,94.66,100.0
2025-02-07 11:20:00,94.69,94.69,94.69,94.69,200.0
2025-02-07 11:24:00,94.58,94.58,94.54,94.54,740.0
2025-02-07 11:50:00,94.69,94.69,94.68,94.68,250.0
2025-02-07 11:54:00,94.64,94.64,94.64,94.64,101.0
2025-02-07 11:56:00,94.69,94.7,94.69,94.7,650.0
2025-02-07 11:58:00,94.74,94.75,94.74,94.75,450.0
2025-02-07 12:02:00,94.75,94.75,94.75,94.75,226.0
2025-02-07 12:06:00,94.77,94.77,94.75,94.75,611.0
2025-02-07 12:08:00,94.74,94.77,94.74,94.77,850.0
2025-02-07 12:12:00,94.89,94.9,94.89,94.89,3137.0
2025-02-07 12:14:00,94.91,94.91,94.91,94.91,100.0
2025-02-07 12:20:00,94.84,94.85,94.82,94.82,1883.0
2025-02-07 12:30:00,94.81,94.81,94.77,94.77,1073.0
2025-02-07 12:32:00,94.8,94.8,94.78,94.78,716.0
2025-02-07 12:46:00,94.87,94.91,94.87,94.91,1709.0
2025-02-07 12:48:00,94.92,94.92,94.92,94.92,319.0
2025-02-07 12:56:00,94.92,94.92,94.92,94.92,662.0
2025-02-07 13:00:00,94.61,95.5,94.304,94.78,26062.0
2025-02-07 13:02:00,94.7354,94.7354,94.7354,94.7354,270.0
2025-02-07 13:04:00,94.95,94.95,94.95,94.95,343.0
2025-02-07 13:06:00,94.77,94.8522,94.75,94.8522,1381.0
2025-02-07 13:08:00,94.85,94.9351,94.85,94.89,1482.0
2025-02-07 13:10:00,94.85,94.9,94.79,94.8973,1542.0
2025-02-07 13:12:00,94.8,94.8,94.79,94.79,1404.0
2025-02-07 13:14:00,94.85,94.85,94.85,94.85,263.0
2025-02-07 13:16:00,94.82,94.8483,94.82,94.8483,402.0
2025-02-07 13:20:00,94.7308,94.7308,94.7308,94.7308,265.0
2025-02-07 13:22:00,94.8497,94.8497,94.8497,94.8497,745.0
2025-02-07 13:24:00,94.81,94.81,94.68,94.68,1517.0
2025-02-07 13:28:00,94.74,94.75,94.74,94.75,1155.0
2025-02-07 13:30:00,94.85,95.02,94.51,94.51,5431.0
2025-02-07 13:32:00,94.79,95.0,94.6,94.74,12553.0
2025-02-07 13:36:00,94.75,94.79,94.75,94.77,1013.0
2025-02-07 13:38:00,94.72,94.72,94.72,94.72,134.0
2025-02-07 13:40:00,94.9,94.91,94.85,94.91,1101.0
2025-02-07 13:42:00,94.99,95.26,94.99,95.25,17075.0
2025-02-07 13:44:00,95.17,95.2,95.1,95.1,858.0
2025-02-07 13:46:00,95.19,95.19,94.95,94.95,2074.0
2025-02-07 13:48:00,94.95,94.95,94.94,94.94,457.0
2025-02-07 13:50:00,94.96,94.96,94.96,94.96,1119.0
2025-02-07 13:52:00,94.99,94.99,94.91,94.9865,1802.0
2025-02-07 13:54:00,94.99,94.99,94.98,94.99,1488.0
2025-02-07 13:56:00,95.1848,95.1848,95.1848,95.1848,401.0
2025-02-07 13:58:00,95.0,95.08,95.0,95.07,1607.0
2025-02-07 14:00:00,95.14,95.2185,95.14,95.217,3755.0
2025-02-07 14:02:00,95.103,95.1684,95.1,95.1,1527.0
2025-02-07 14:06:00,95.08,95.08,95.0725,95.0725,972.0
2025-02-07 14:08:00,95.17,95.25,95.17,95.25,2867.0
2025-02-07 14:10:00,95.26,95.26,95.26,95.26,240.0
2025-02-07 14:12:00,95.24,95.35,95.24,95.35,2775.0
2025-02-07 14:14:00,95.2704,95.37,95.2704,95.3501,1920.0
2025-02-07 14:16:00,95.3717,95.42,95.3717,95.42,1181.0
2025-02-07 14:18:00,95.4205,95.45,95.35,95.35,3895.0
2025-02-07 14:20:00,95.36,95.42,95.3501,95.42,5801.0
2025-02-07 14:22:00,95.35,95.3508,95.35,95.35,713.0
2025-02-07 14:24:00,95.4,95.4,95.4,95.4,1140.0
2025-02-07 14:26:00,95.41,95.5,95.4,95.5,5476.0
2025-02-07 14:28:00,95.54,95.66,95.53,95.66,3310.0
2025-02-07 14:30:00,95.59,95.93,95.29,95.79,322619.0
2025-02-07 14:32:00,95.74,95.79,95.33,95.7,137730.0
2025-02-07 14:34:00,95.695,95.77,95.5201,95.61,124937.0
2025-02-07 14:36:00,95.61,95.8,95.445,95.4993,91283.0
2025-02-07 14:38:00,95.495,95.52,95.28,95.44,75356.0
2025-02-07 14:40:00,95.4499,95.63,95.38,95.63,92882.0
2025-02-07 14:42:00,95.6407,95.645,95.46,95.57,93535.0
2025-02-07 14:44:00,95.565,95.78,95.46,95.685,101227.0
2025-02-07 14:46:00,95.69,95.91,95.67,95.8499,101086.0
2025-02-07 14:48:00,95.86,95.86,95.64,95.7738,47422.0
2025-02-07 14:50:00,95.795,95.795,95.46,95.555,99804.0
2025-02-07 14:52:00,95.54,95.731,95.45,95.67,63245.0
2025-02-07 14:54:00,95.7,95.715,95.368129,95.415,106227.0
2025-02-07 14:56:00,95.41,95.41,95.0,95.12,118420.0
2025-02-07 14:58:00,95.11,95.12,94.72,94.8,108794.0
2025-02-07 15:00:00,94.79,94.79,94.14,94.1675,212294.0
2025-02-07 15:02:00,94.17,94.19,93.835,93.96,140798.0
2025-02-07 15:04:00,93.905,93.94,93.6088,93.8324,131229.0
2025-02-07 15:06:00,93.82,94.14,93.82,93.97,147658.0
2025-02-07 15:08:00,93.975,94.11,93.81,93.84,129453.0
2025-02-07 15:10:00,93.83,93.89,93.53,93.6307,118040.0
2025-02-07 15:12:00,93.64,93.64,93.115,93.22,150565.0
2025-02-07 15:14:00,93.22,93.4612,93.1756,93.4359,104511.0
2025-02-07 15:16:00,93.44,93.5699,93.4085,93.48,66391.0
2025-02-07 15:18:00,93.4875,93.87,93.46,93.81,88103.0
2025-02-07 15:20:00,93.8,93.835,93.6,93.62,79249.0
2025-02-07 15:22:00,93.64,93.817,93.64,93.817,144910.0
2025-02-07 15:24:00,93.81,93.88,93.57,93.59,59328.0
2025-02-07 15:26:00,93.61,93.79,93.61,93.78,95180.0
2025-02-07 15:28:00,93.775,93.88,93.64,93.69,52077.0
2025-02-07 15:30:00,93.66,93.78,93.5818,93.765,46427.0
2025-02-07 15:32:00,93.765,93.79,93.668,93.735,43982.0
2025-02-07 15:34:00,93.75,93.79,93.62,93.78,35305.0
2025-02-07 15:36:00,93.79,93.99,93.72,93.94,163685.0
2025-02-07 15:38:00,93.94,93.94,93.59,93.6692,63321.0
2025-02-07 15:40:00,93.69,93.81,93.67,93.775,39230.0
2025-02-07 15:42:00,93.71,93.89,93.71,93.88,43752.0
2025-02-07 15:44:00,93.8966,93.8966,93.695,93.77,50474.0
2025-02-07 15:46:00,93.73,94.01,93.7,93.94,58339.0
2025-02-07 15:48:00,93.98,94.02,93.7601,93.84,36155.0
2025-02-07 15:50:00,93.86,94.04,93.85,93.97,35628.0
2025-02-07 15:52:00,93.9708,94.14,93.23,93.25,187177.0
2025-02-07 15:54:00,93.27,93.69,92.96,93.52,178835.0
2025-02-07 15:56:00,93.53,93.59,93.2738,93.37,80154.0
2025-02-07 15:58:00,93.355,93.49,93.08,93.31,195594.0
2025-02-07 16:00:00,93.29,93.32,92.8,92.85,98134.0
2025-02-07 16:02:00,92.8557,92.93,92.74,92.83,112501.0
2025-02-07 16:04:00,92.81,92.89,92.62,92.67,138975.0
2025-02-07 16:06:00,92.66,93.2608,92.61,93.16,115780.0
2025-02-07 16:08:00,93.17,93.38,93.17,93.285,46398.0
2025-02-07 16:10:00,93.25,93.25,93.0101,93.1,57680.0
2025-02-07 16:12:00,93.11,93.149,92.94,93.06,72920.0
2025-02-07 16:14:00,93.04,93.06,92.6535,92.68,65374.0
2025-02-07 16:16:00,92.69,92.95,92.68,92.94,60086.0
2025-02-07 16:18:00,92.9277,93.33,92.91,93.075,107711.0
2025-02-07 16:20:00,93.07,93.27,92.85,92.9,47114.0
2025-02-07 16:22:00,92.87,92.9112,92.67,92.71,102973.0
2025-02-07 16:24:00,92.695,92.81,92.69,92.76,69210.0
2025-02-07 16:26:00,92.765,92.85,92.68,92.775,47473.0
2025-02-07 16:28:00,92.79,92.9,92.74,92.85,37924.0
2025-02-07 16:30:00,92.87,93.04,92.87,93.04,39526.0
2025-02-07 16:32:00,93.035,93.1,92.91,92.9799,74132.0
2025-02-07 16:34:00,92.97,93.09,92.735,92.79,76377.0
2025-02-07 16:36:00,92.79,92.88,92.75,92.82,66244.0
2025-02-07 16:38:00,92.83,92.9044,92.78,92.83,29325.0
2025-02-07 16:40:00,92.82,92.89,92.63,92.64,108376.0
2025-02-07 16:42:00,92.645,92.74,92.59,92.69,75224.0
2025-02-07 16:44:00,92.6892,92.75,92.6201,92.73,33016.0
2025-02-07 16:46:00,92.71,92.77,92.573,92.715,36546.0
2025-02-07 16:48:00,92.73,92.75,92.61,92.63,30231.0
2025-02-07 16:50:00,92.62,92.68,92.5,92.53,77702.0
2025-02-07 16:52:00,92.53,92.69,92.46,92.69,54384.0
2025-02-07 16:54:00,92.6805,92.73,92.55,92.63,58003.0
2025-02-07 16:56:00,92.66,92.78,92.63,92.68,43466.0
2025-02-07 16:58:00,92.69,92.8,92.4893,92.51,98169.0
2025-02-07 17:00:00,92.495,92.495,92.27,92.27,75820.0
2025-02-07 17:02:00,92.29,92.395,92.28,92.36,48623.0
2025-02-07 17:04:00,92.39,92.78,92.3663,92.77,79344.0
2025-02-07 17:06:00,92.75,93.07,92.6908,92.92,86031.0
2025-02-07 17:08:00,92.94,93.175,92.93,93.12,74603.0
2025-02-07 17:10:00,93.12,93.17,92.985,93.15,43639.0
2025-02-07 17:12:00,93.16,93.28,93.13,93.24,32378.0
2025-02-07 17:14:00,93.23,93.26,92.9401,93.01,50162.0
2025-02-07 17:16:00,93.02,93.08,92.85,92.93,60868.0
2025-02-07 17:18:00,92.92,92.92,92.71,92.84,71955.0
2025-02-07 17:20:00,92.85,93.08,92.67,93.0,54733.0
2025-02-07 17:22:00,92.985,93.05,92.87,92.98,44016.0
2025-02-07 17:24:00,92.96,93.02,92.87,92.93,31935.0
2025-02-07 17:26:00,92.935,92.95,92.8801,92.935,17046.0
2025-02-07 17:28:00,92.95,93.075,92.94,93.0,22211.0
2025-02-07 17:30:00,92.975,93.12,92.93,93.075,31430.0
2025-02-07 17:32:00,93.075,93.11,92.87,92.9729,22855.0
2025-02-07 17:34:00,92.9684,93.02,92.9,92.98,15835.0
2025-02-07 17:36:00,93.0,93.16,93.0,93.1499,19399.0
2025-02-07 17:38:00,93.15,93.28,93.14,93.1944,29721.0
2025-02-07 17:40:00,93.2,93.2,92.99,92.995,43786.0
2025-02-07 17:42:00,92.9843,93.03,92.8801,92.915,29122.0
2025-02-07 17:44:00,92.9,92.96,92.88,92.96,31451.0
2025-02-07 17:46:00,92.95,93.0,92.86,92.96,48039.0
2025-02-07 17:48:00,92.96,93.02,92.95,92.96,34194.0
2025-02-07 17:50:00,92.99,93.035,92.82,92.85,69845.0
2025-02-07 17:52:00,92.83,92.9,92.82,92.8675,25371.0
2025-02-07 17:54:00,92.88,92.96,92.86,92.93,23679.0
2025-02-07 17:56:00,92.93,92.94,92.77,92.83,82684.0
2025-02-07 17:58:00,92.835,92.84,92.73,92.75,29645.0
2025-02-07 18:00:00,92.76,92.93,92.74,92.9,85629.0
2025-02-07 18:02:00,92.92,93.0528,92.895,93.03,35159.0
2025-02-07 18:04:00,93.02,93.17,93.01,93.16,36243.0
2025-02-07 18:06:00,93.15,93.29,93.15,93.1995,43900.0
2025-02-07 18:08:00,93.18,93.21,93.0644,93.12,27730.0
2025-02-07 18:10:00,93.105,93.16,93.06,93.12,31144.0
2025-02-07 18:12:00,93.13,93.175,93.0314,93.175,19375.0
2025-02-07 18:14:00,93.18,93.19,93.09,93.12,23486.0
2025-02-07 18:16:00,93.13,93.14,93.07,93.11,20583.0
2025-02-07 18:18:00,93.1,93.14,93.03,93.065,20387.0
2025-02-07 18:20:00,93.05,93.05,92.96,92.99,34717.0
2025-02-07 18:22:00,93.0,93.07,92.96,93.0187,24925.0
2025-02-07 18:24:00,93.02,93.05,92.96,93.006,29377.0
2025-02-07 18:26:00,93.0043,93.04,92.9773,93.0144,14118.0
2025-02-07 18:28:00,93.0,93.009,92.9464,92.97,19748.0
2025-02-07 18:30:00,92.965,93.03,92.95,93.02,29545.0
2025-02-07 18:32:00,93.02,93.08,93.02,93.06,13770.0
2025-02-07 18:34:00,93.06,93.1586,93.06,93.11,24570.0
2025-02-07 18:36:00,93.1254,93.14,93.08,93.085,16689.0
2025-02-07 18:38:00,93.09,93.11,93.06,93.1,20292.0
2025-02-07 18:40:00,93.1,93.12,92.87,92.91,53382.0
2025-02-07 18:42:00,92.91,92.93,92.7,92.7,60875.0
2025-02-07 18:44:00,92.69,92.77,92.64,92.69,37773.0
2025-02-07 18:46:00,92.68,92.765,92.6764,92.74,21839.0
2025-02-07 18:48:00,92.74,92.74,92.65,92.68,25504.0
2025-02-07 18:50:00,92.69,92.74,92.6201,92.655,38780.0
2025-02-07 18:52:00,92.66,92.69,92.58,92.62,26226.0
2025-02-07 18:54:00,92.63,92.6599,92.6,92.61,24972.0
2025-02-07 18:56:00,92.61,92.6347,92.51,92.5499,41696.0
2025-02-07 18:58:00,92.55,92.6099,92.515,92.53,22861.0
2025-02-07 19:00:00,92.52,92.5999,92.47,92.5999,50967.0
2025-02-07 19:02:00,92.58,92.617,92.535,92.565,49887.0
2025-02-07 19:04:00,92.57,92.63,92.56,92.565,52398.0
2025-02-07 19:06:00,92.56,92.57,92.435,92.47,40624.0
2025-02-07 19:08:00,92.4804,92.55,92.48,92.5,26060.0
2025-02-07 19:10:00,92.49,92.5,92.4,92.41,52272.0
2025-02-07 19:12:00,92.41,92.44,92.37,92.3948,32222.0
2025-02-07 19:14:00,92.39,92.4598,92.365,92.44,29680.0
2025-02-07 19:16:00,92.43,92.44,92.3,92.32,39639.0
2025-02-07 19:18:00,92.32,92.3299,92.18,92.2318,55442.0
2025-02-07 19:20:00,92.2361,92.25,92.1,92.125,48821.0
2025-02-07 19:22:00,92.1207,92.1896,92.04,92.05,73301.0
2025-02-07 19:24:00,92.065,92.155,92.04,92.13,32487.0
2025-02-07 19:26:00,92.125,92.1786,91.95,91.97,85137.0
2025-02-07 19:28:00,91.97,92.025,91.92,91.9485,55043.0
2025-02-07 19:30:00,91.93,91.94,91.84,91.925,76171.0
2025-02-07 19:32:00,91.93,92.04,91.91,91.975,101073.0
2025-02-07 19:34:00,91.98,92.01,91.93,91.96,45974.0
2025-02-07 19:36:00,91.965,91.97,91.915,91.95,26350.0
2025-02-07 19:38:00,91.96,92.0,91.95,91.97,29514.0
2025-02-07 19:40:00,91.955,92.07,91.92,92.02,63162.0
2025-02-07 19:42:00,92.02,92.11,91.99,92.01,51001.0
2025-02-07 19:44:00,92.03,92.08,92.01,92.06,25698.0
2025-02-07 19:46:00,92.06,92.09,91.93,92.09,30127.0
2025-02-07 19:48:00,92.08,92.1593,92.05,92.11,51919.0
2025-02-07 19:50:00,92.11,92.175,92.08,92.17,25564.0
2025-02-07 19:52:00,92.17,92.18,92.08,92.11,41689.0
2025-02-07 19:54:00,92.11,92.18,92.105,92.15,23661.0
2025-02-07 19:56:00,92.155,92.2,92.09,92.115,63930.0
2025-02-07 19:58:00,92.11,92.11,92.01,92.025,38481.0
2025-02-07 20:00:00,92.02,92.025,91.75,91.78,73272.0
2025-02-07 20:02:00,91.775,91.84,91.7,91.73,66180.0
2025-02-07 20:04:00,91.725,91.8,91.71,91.79,33336.0
2025-02-07 20:06:00,91.81,92.0,91.81,91.95,36899.0
2025-02-07 20:08:00,91.98,92.06,91.95,91.96,40135.0
2025-02-07 20:10:00,91.97,91.97,91.6,91.6,57271.0
2025-02-07 20:12:00,91.59,91.68,91.59,91.65,67616.0
2025-02-07 20:14:00,91.64,91.74,91.64,91.675,64356.0
2025-02-07 20:16:00,91.675,91.71,91.62,91.6941,64946.0
2025-02-07 20:18:00,91.69,91.88,91.68,91.84,95623.0
2025-02-07 20:20:00,91.85,91.89,91.81,91.865,77666.0
2025-02-07 20:22:00,91.87,91.925,91.85,91.91,40699.0
2025-02-07 20:24:00,91.91,91.915,91.82,91.83,62012.0
2025-02-07 20:26:00,91.835,91.89,91.81,91.825,57500.0
2025-02-07 20:28:00,91.83,91.85,91.735,91.755,65548.0
2025-02-07 20:30:00,91.75,91.9,91.74,91.8087,94958.0
2025-02-07 20:32:00,91.8,91.9889,91.8,91.9499,104296.0
2025-02-07 20:34:00,91.94,92.015,91.925,91.9917,52906.0
2025-02-07 20:36:00,91.9901,92.01,91.94,91.97,54122.0
2025-02-07 20:38:00,91.965,92.0,91.8772,91.9,62597.0
2025-02-07 20:40:00,91.895,92.05,91.895,92.03,61097.0
2025-02-07 20:42:00,92.035,92.05,91.96,92.03,62930.0
2025-02-07 20:44:00,92.02,92.07,91.98,92.02,57034.0
2025-02-07 20:46:00,92.0205,92.03,91.95,92.0198,90735.0
2025-02-07 20:48:00,92.02,92.14,92.01,92.14,61837.0
2025-02-07 20:50:00,92.14,92.41,92.14,92.41,126935.0
2025-02-07 20:52:00,92.41,92.53,92.395,92.53,145247.0
2025-02-07 20:54:00,92.52,92.58,92.43,92.45,219426.0
2025-02-07 20:56:00,92.44,92.52,92.435,92.505,188333.0
2025-02-07 20:58:00,92.51,92.51,92.29,92.29,440826.0
2025-02-07 21:00:00,92.3,92.37,92.3,92.37,48086.0
2025-02-07 21:02:00,92.4,92.4,92.3,92.3,11255.0
2025-02-07 21:04:00,92.3,92.3,92.3,92.3,153.0
2025-02-07 21:06:00,92.25,92.29,92.2,92.2,1437.0
2025-02-07 21:08:00,92.21,92.29,92.21,92.28,2235.0
2025-02-07 21:10:00,92.2898,92.2898,92.2799,92.2799,1598.0
2025-02-07 21:12:00,92.2117,92.25,92.15,92.15,5261.0
2025-02-07 21:14:00,92.17,92.17,92.1683,92.1683,1827.0
2025-02-07 21:16:00,92.1699,92.18,92.1699,92.18,2843.0
2025-02-07 21:18:00,92.18,92.18,92.18,92.18,683.0
2025-02-07 21:20:00,92.19,92.23,92.19,92.23,1047.0
2025-02-07 21:22:00,92.18,92.18,92.18,92.18,355.0
2025-02-07 21:24:00,92.1126,92.1126,92.1126,92.1126,508.0
2025-02-07 21:26:00,92.11,92.11,92.11,92.11,359.0
2025-02-07 21:28:00,92.15,92.15,92.08,92.08,1050.0
2025-02-07 21:30:00,92.12,92.15,92.12,92.15,1739.0
2025-02-07 21:32:00,92.15,92.15,92.12,92.15,2187.0
2025-02-07 21:34:00,92.1986,92.1986,92.1986,92.1986,112.0
2025-02-07 21:36:00,92.13,92.13,92.13,92.13,110.0
2025-02-07 21:38:00,92.1994,92.1994,92.19,92.19,1242.0
2025-02-07 21:42:00,92.14,92.19,92.14,92.19,1039.0
2025-02-07 21:48:00,92.14,92.14,92.11,92.11,933.0
2025-02-07 21:50:00,92.11,92.11,92.11,92.11,213.0
2025-02-07 21:52:00,92.1114,92.1114,92.1114,92.1114,4013.0
2025-02-07 21:54:00,92.1398,92.1398,92.13,92.13,733.0
2025-02-07 21:56:00,92.11,92.11,92.11,92.11,215.0
2025-02-07 22:02:00,92.11,92.11,92.1,92.1,1092.0
2025-02-07 22:04:00,92.1,92.1,92.1,92.1,409.0
2025-02-07 22:06:00,92.07,92.07,92.07,92.07,220.0
2025-02-07 22:08:00,92.1499,92.1499,92.08,92.08,612.0
2025-02-07 22:10:00,92.07,92.07,92.0001,92.0001,4345.0
2025-02-07 22:14:00,92.0,92.0486,91.8,91.8,4576.0
2025-02-07 22:20:00,91.92,91.92,91.91,91.91,541.0
2025-02-07 22:22:00,91.99,91.99,91.91,91.91,1221.0
2025-02-07 22:24:00,91.9122,91.9122,91.9122,91.9122,585.0
2025-02-07 22:26:00,92.0,92.0,92.0,92.0,165.0
2025-02-07 22:28:00,91.96,91.96,91.96,91.96,1010.0
2025-02-07 22:36:00,91.96,91.96,91.96,91.96,150.0
2025-02-07 22:38:00,91.98,91.98,91.98,91.98,760.0
2025-02-07 22:42:00,91.95,91.95,91.95,91.95,759.0
2025-02-07 22:46:00,92.09,92.24,92.09,92.24,1422.0
2025-02-07 22:48:00,92.24,92.25,92.24,92.24,1171.0
2025-02-07 22:54:00,92.29,92.3,92.23,92.23,600.0
2025-02-07 23:00:00,92.24,92.24,92.24,92.24,200.0
2025-02-07 23:04:00,92.0,92.0,92.0,92.0,123.0
2025-02-07 23:10:00,92.27,92.27,92.27,92.27,130.0
2025-02-07 23:18:00,92.2,92.24,92.2,92.24,632.0
2025-02-07 23:20:00,92.26,92.26,92.25,92.25,481.0
2025-02-07 23:22:00,92.24,92.24,92.24,92.24,143.0
2025-02-07 23:26:00,92.24,92.24,92.24,92.24,373.0
2025-02-07 23:28:00,92.21,92.2599,92.2,92.24,1920.0
2025-02-07 23:34:00,92.24,92.24,92.2,92.2,1640.0
2025-02-07 23:36:00,92.19,92.2,92.19,92.2,520.0
2025-02-07 23:38:00,92.19,92.19,92.13,92.13,453.0
2025-02-07 23:40:00,92.11,92.11,92.1,92.1,471.0
2025-02-07 23:42:00,92.1,92.1,92.0,92.0,427.0
2025-02-07 23:44:00,92.0096,92.16,92.0096,92.16,287.0
2025-02-07 23:46:00,92.02,92.02,92.02,92.02,942.0
2025-02-07 23:48:00,92.09,92.09,92.09,92.09,174.0
2025-02-07 23:50:00,92.02,92.09,92.02,92.09,1270.0
2025-02-07 23:52:00,92.0001,92.05,92.0001,92.05,1055.0
2025-02-07 23:54:00,92.02,92.02,92.01,92.01,395.0
2025-02-07 23:56:00,92.02,92.02,92.0,92.01,1254.0
2025-02-08 00:00:00,92.03,92.03,92.03,92.03,157.0
2025-02-08 00:12:00,92.03,92.0899,92.012,92.0899,1702.0
2025-02-08 00:14:00,92.01,92.0878,92.01,92.0878,698.0
2025-02-08 00:16:00,92.0,92.0,92.0,92.0,787.0
2025-02-08 00:18:00,92.0,92.0,92.0,92.0,121.0
2025-02-08 00:22:00,92.0,92.0,92.0,92.0,4050.0
2025-02-08 00:24:00,92.01,92.01,91.98,91.98,806.0
2025-02-08 00:26:00,92.0342,92.0342,91.98,91.98,781.0
2025-02-08 00:30:00,92.0,92.0,92.0,92.0,101.0
2025-02-08 00:32:00,92.05,92.1,92.05,92.1,606.0
2025-02-08 00:34:00,92.0983,92.0983,92.0983,92.0983,274.0
2025-02-08 00:42:00,92.0305,92.0305,92.0,92.0,454.0
2025-02-08 00:46:00,91.95,91.95,91.95,91.95,243.0
2025-02-08 00:48:00,91.9987,91.9987,91.9987,91.9987,1032.0
2025-02-08 00:50:00,91.9998,92.0,91.9998,92.0,893.0
2025-02-08 00:52:00,92.0499,92.05,92.0499,92.05,3593.0
2025-02-08 00:54:00,91.9525,91.9525,91.9525,91.9525,117.0
2025-02-08 00:58:00,92.04,92.04,91.95,91.95,443.0
2025-02-10 09:02:00,92.69,92.69,92.69,92.69,353.0
2025-02-10 09:04:00,92.66,92.66,92.65,92.65,581.0
2025-02-10 09:06:00,92.71,92.71,92.68,92.68,351.0
2025-02-10 09:08:00,92.67,92.67,92.67,92.67,280.0
2025-02-10 09:12:00,92.67,92.71,92.67,92.71,1030.0
2025-02-10 09:14:00,92.66,92.67,92.65,92.65,1113.0
2025-02-10 09:20:00,92.73,92.74,92.66,92.66,820.0
2025-02-10 09:24:00,92.75,92.75,92.68,92.68,706.0
2025-02-10 09:36:00,92.71,92.71,92.71,92.71,205.0
2025-02-10 09:38:00,92.71,92.71,92.7,92.7,407.0
2025-02-10 09:40:00,92.71,92.71,92.7,92.7,381.0
2025-02-10 09:46:00,92.61,92.61,92.6,92.6,2602.0
2025-02-10 09:48:00,92.63,92.65,92.63,92.64,1212.0
2025-02-10 09:50:00,92.73,92.75,92.73,92.75,1085.0
2025-02-10 09:54:00,92.7,92.7,92.7,92.7,100.0
2025-02-10 09:56:00,92.68,92.68,92.68,92.68,423.0
2025-02-10 09:58:00,92.71,92.72,92.7,92.7,547.0
2025-02-10 10:00:00,92.73,92.73,92.73,92.73,122.0
2025-02-10 10:02:00,92.71,92.71,92.7,92.7,1038.0
2025-02-10 10:04:00,92.75,92.75,92.69,92.69,613.0
2025-02-10 10:06:00,92.68,92.68,92.68,92.68,287.0
2025-02-10 10:22:00,92.69,92.72,92.68,92.68,712.0
2025-02-10 10:40:00,92.73,92.73,92.73,92.73,200.0
2025-02-10 10:42:00,92.71,92.71,92.71,92.71,200.0
2025-02-10 10:56:00,92.67,92.7,92.67,92.7,492.0
2025-02-10 11:00:00,92.57,92.57,92.32,92.32,3606.0
2025-02-10 11:06:00,92.53,92.7,92.53,92.6,3326.0
2025-02-10 11:08:00,92.55,92.55,92.55,92.55,111.0
2025-02-10 11:10:00,92.56,92.56,92.56,92.56,373.0
2025-02-10 11:28:00,92.68,92.69,92.68,92.69,500.0
2025-02-10 11:36:00,92.7,92.7,92.7,92.7,200.0
2025-02-10 11:50:00,92.7,92.7,92.7,92.7,269.0
2025-02-10 11:52:00,92.7,92.7,92.7,92.7,150.0
2025-02-10 12:00:00,92.61,92.76,92.58,92.76,5751.0
2025-02-10 12:02:00,92.7,92.7,92.7,92.7,227.0
2025-02-10 12:06:00,92.77,92.77,92.73,92.77,1566.0
2025-02-10 12:08:00,92.81,92.83,92.81,92.83,559.0
2025-02-10 12:10:00,92.8,92.86,92.8,92.86,415.0
2025-02-10 12:12:00,92.81,92.81,92.77,92.77,432.0
2025-02-10 12:14:00,92.7,92.7,92.7,92.7,420.0
2025-02-10 12:16:00,92.78,92.78,92.78,92.78,114.0
2025-02-10 12:22:00,92.8,92.8,92.8,92.8,529.0
2025-02-10 12:24:00,92.74,92.75,92.74,92.75,775.0
2025-02-10 12:28:00,92.76,92.8,92.74,92.74,1311.0
2025-02-10 12:30:00,92.7,92.7,92.7,92.7,402.0
2025-02-10 12:38:00,92.76,92.76,92.75,92.75,857.0
2025-02-10 12:58:00,92.73,92.95,92.72,92.93,5459.0
2025-02-10 13:00:00,92.76,93.4,92.07,92.07,32196.0
2025-02-10 13:02:00,92.81,92.88,92.7413,92.75,3876.0
2025-02-10 13:04:00,92.75,92.76,92.74,92.76,5913.0
2025-02-10 13:06:00,92.77,92.83,92.75,92.83,1993.0
2025-02-10 13:08:00,92.79,92.79,92.78,92.78,440.0
2025-02-10 13:10:00,92.75,92.8538,92.75,92.8,2801.0
2025-02-10 13:12:00,92.77,92.86,92.6292,92.86,2107.0
2025-02-10 13:14:00,92.83,92.87,92.83,92.87,452.0
2025-02-10 13:16:00,92.88,92.8989,92.88,92.8989,422.0
2025-02-10 13:18:00,92.75,92.75,92.75,92.75,211.0
2025-02-10 13:20:00,92.88,92.88,92.8746,92.88,568.0
2025-02-10 13:22:00,92.78,92.78,92.78,92.78,285.0
2025-02-10 13:26:00,92.8,92.878,92.8,92.878,340.0
2025-02-10 13:28:00,92.83,92.86,92.83,92.86,202.0
2025-02-10 13:30:00,92.899,92.9,92.899,92.9,1532.0
2025-02-10 13:34:00,92.9996,92.9996,92.9996,92.9996,299.0
2025-02-10 13:36:00,92.9988,92.9988,92.95,92.98,1206.0
2025-02-10 13:38:00,93.06,93.07,93.06,93.07,510.0
2025-02-10 13:40:00,93.01,93.01,92.95,92.95,1562.0
2025-02-10 13:42:00,92.94,92.94,92.94,92.94,319.0
2025-02-10 13:44:00,93.0,93.0,92.99,92.99,1361.0
2025-02-10 13:46:00,93.0882,93.09,93.0882,93.09,1213.0
2025-02-10 13:48:00,93.0899,93.0899,93.07,93.07,482.0
2025-02-10 13:50:00,93.09,93.09,93.0,93.05,929.0
2025-02-10 13:52:00,93.0009,93.05,93.0,93.05,3074.0
2025-02-10 13:54:00,93.05,93.09,93.05,93.09,1326.0
2025-02-10 13:56:00,93.05,93.06,93.03,93.06,2754.0
2025-02-10 13:58:00,93.09,93.09,93.09,93.09,360.0
2025-02-10 14:00:00,93.1,93.1,93.0,93.09,5120.0
2025-02-10 14:02:00,93.1,93.1,93.02,93.1,2965.0
2025-02-10 14:04:00,93.07,93.07,93.0,93.0,4805.0
2025-02-10 14:06:00,93.0,93.02,93.0,93.02,780.0
2025-02-10 14:08:00,93.0,93.0299,93.0,93.01,1118.0
2025-02-10 14:10:00,93.02,93.0993,93.01,93.0993,6756.0
2025-02-10 14:12:00,93.0999,93.1,93.07,93.07,3685.0
2025-02-10 14:14:00,93.07,93.17,93.07,93.1,5001.0
2025-02-10 14:16:00,93.1,93.1,93.03,93.05,1813.0
2025-02-10 14:18:00,93.09,93.17,93.05,93.17,1165.0
2025-02-10 14:20:00,93.1699,93.17,93.1,93.1683,1114.0
2025-02-10 14:22:00,93.1015,93.14,93.1,93.1,3250.0
2025-02-10 14:24:00,93.12,93.13,93.1,93.1,2915.0
2025-02-10 14:26:00,93.1,93.3,93.1,93.3,5316.0
2025-02-10 14:28:00,93.11,93.4,93.1,93.2,4087.0
2025-02-10 14:30:00,93.185,94.44,93.17,94.39,375250.0
2025-02-10 14:32:00,94.3718,94.49,93.903,94.37,133077.0
2025-02-10 14:34:00,94.4,94.56,94.06,94.36,143663.0
2025-02-10 14:36:00,94.3907,94.63,94.32,94.419,114352.0
2025-02-10 14:38:00,94.454,94.7836,94.23,94.68,124842.0
2025-02-10 14:40:00,94.695,94.705,94.3,94.44,77124.0
2025-02-10 14:42:00,94.42,94.97,94.4,94.9501,147444.0
2025-02-10 14:44:00,94.96,95.13,94.8501,94.86,157784.0
2025-02-10 14:46:00,94.85,95.07,94.73,94.87,111935.0
2025-02-10 14:48:00,94.9,94.93,94.66,94.755,102250.0
2025-02-10 14:50:00,94.7717,95.05,94.7717,94.94,103744.0
2025-02-10 14:52:00,94.93,94.96,94.72,94.84,78764.0
2025-02-10 14:54:00,94.86,95.14,94.86,94.97,102267.0
2025-02-10 14:56:00,94.98,95.26,94.8201,95.205,89242.0
2025-02-10 14:58:00,95.19,95.3,95.13,95.245,135062.0
2025-02-10 15:00:00,95.23,95.55,95.12,95.45,181539.0
2025-02-10 15:02:00,95.46,95.57,95.33,95.495,135649.0
2025-02-10 15:04:00,95.525,95.88,95.51,95.85,220674.0
2025-02-10 15:06:00,95.84,95.98,95.69,95.73,136887.0
2025-02-10 15:08:00,95.72,96.02,95.64,95.93,199761.0
2025-02-10 15:10:00,95.94,96.26,95.92,96.09,192793.0
2025-02-10 15:12:00,96.03,96.03,95.48,95.9162,165051.0
2025-02-10 15:14:00,95.91,95.915,95.53,95.68,106737.0
2025-02-10 15:16:00,95.69,95.72,95.46,95.65,121959.0
2025-02-10 15:18:00,95.69,95.98,95.65,95.83,116151.0
2025-02-10 15:20:00,95.81,95.91,95.665,95.76,77749.0
2025-02-10 15:22:00,95.755,95.77,95.6,95.715,95239.0
2025-02-10 15:24:00,95.7011,95.77,95.46,95.65,70149.0
2025-02-10 15:26:00,95.66,95.68,95.53,95.64,54595.0
2025-02-10 15:28:00,95.66,95.73,95.36,95.44,81833.0
2025-02-10 15:30:00,95.47,95.52,95.32,95.515,102999.0
2025-02-10 15:32:00,95.515,95.67,95.47,95.625,60887.0
2025-02-10 15:34:00,95.63,95.6395,95.4525,95.56,65166.0
2025-02-10 15:36:00,95.56,95.62,95.5,95.55,57197.0
2025-02-10 15:38:00,95.54,95.66,95.43,95.6,77340.0
2025-02-10 15:40:00,95.615,95.6712,95.44,95.52,70543.0
2025-02-10 15:42:00,95.525,95.605,95.52,95.575,45559.0
2025-02-10 15:44:00,95.59,95.62,95.49,95.53,54951.0
2025-02-10 15:46:00,95.525,95.77,95.5101,95.755,68158.0
2025-02-10 15:48:00,95.755,95.77,95.57,95.72,72868.0
2025-02-10 15:50:00,95.72,95.75,95.6484,95.6801,49140.0
2025-02-10 15:52:00,95.7099,95.77,95.6701,95.755,52333.0
2025-02-10 15:54:00,95.77,95.77,95.67,95.69,86800.0
2025-02-10 15:56:00,95.685,95.7598,95.655,95.72,39553.0
2025-02-10 15:58:00,95.72,95.92,95.71,95.8201,106862.0
2025-02-10 16:00:00,95.83,96.06,95.83,96.04,93104.0
2025-02-10 16:02:00,96.04,96.105,95.98,96.095,67729.0
2025-02-10 16:04:00,96.095,96.1908,96.04,96.07,60725.0
2025-02-10 16:06:00,96.07,96.15,96.05,96.1,57998.0
2025-02-10 16:08:00,96.11,96.205,95.76,95.855,128893.0
2025-02-10 16:10:00,95.8466,95.95,95.79,95.8168,61771.0
2025-02-10 16:12:00,95.82,95.82,95.52,95.58,78541.0
2025-02-10 16:14:00,95.58,95.61,95.33,95.3401,62893.0
2025-02-10 16:16:00,95.355,95.385,95.14,95.15,113485.0
2025-02-10 16:18:00,95.17,95.26,95.08,95.19,68216.0
2025-02-10 16:20:00,95.2,95.4,95.1701,95.3569,59279.0
2025-02-10 16:22:00,95.35,95.375,95.105,95.105,151593.0
2025-02-10 16:24:00,95.105,95.33,95.05,95.055,58588.0
2025-02-10 16:26:00,95.06,95.14,94.94,95.09,74575.0
2025-02-10 16:28:00,95.09,95.1,94.95,95.02,89184.0
2025-02-10 16:30:00,95.02,95.1099,95.02,95.06,55413.0
2025-02-10 16:32:00,95.06,95.185,95.02,95.09,55347.0
2025-02-10 16:34:00,95.085,95.285,95.08,95.285,33581.0
2025-02-10 16:36:00,95.2811,95.31,95.18,95.25,36016.0
2025-02-10 16:38:00,95.24,95.3283,95.1605,95.301,63501.0
2025-02-10 16:40:00,95.31,95.34,95.23,95.3186,38824.0
2025-02-10 16:42:00,95.32,95.33,95.22,95.2788,33810.0
2025-02-10 16:44:00,95.26,95.33,95.2,95.28,21668.0
2025-02-10 16:46:00,95.28,95.2899,95.1101,95.25,33555.0
2025-02-10 16:48:00,95.24,95.27,95.07,95.07,26004.0
2025-02-10 16:50:00,95.06,95.305,95.06,95.305,38373.0
2025-02-10 16:52:00,95.32,95.33,95.23,95.325,43768.0
2025-02-10 16:54:00,95.32,95.332,95.27,95.325,37790.0
2025-02-10 16:56:00,95.3298,95.37,95.27,95.285,85100.0
2025-02-10 16:58:00,95.29,95.44,95.2694,95.43,38396.0
2025-02-10 17:00:00,95.41,95.55,95.4094,95.5,27110.0
2025-02-10 17:02:00,95.5,95.57,95.43,95.55,24251.0
2025-02-10 17:04:00,95.56,95.7,95.56,95.67,32722.0
2025-02-10 17:06:00,95.67,95.71,95.518,95.54,37728.0
2025-02-10 17:08:00,95.5426,95.59,95.48,95.49,25011.0
2025-02-10 17:10:00,95.5,95.54,95.46,95.5,30833.0
2025-02-10 17:12:00,95.49,95.52,95.43,95.455,33802.0
2025-02-10 17:14:00,95.455,95.55,95.44,95.44,25248.0
2025-02-10 17:16:00,95.44,95.46,95.355,95.42,29193.0
2025-02-10 17:18:00,95.41,95.53,95.41,95.48,26687.0
2025-02-10 17:20:00,95.485,95.61,95.48,95.58,30531.0
2025-02-10 17:22:00,95.59,95.62,95.33,95.3301,32137.0
2025-02-10 17:24:00,95.34,95.54,95.34,95.48,28109.0
2025-02-10 17:26:00,95.485,95.565,95.45,95.47,25227.0
2025-02-10 17:28:00,95.48,95.48,95.38,95.44,27092.0
2025-02-10 17:30:00,95.45,95.54,95.44,95.5,31375.0
2025-02-10 17:32:00,95.52,95.57,95.47,95.55,29287.0
2025-02-10 17:34:00,95.54,95.76,95.539,95.71,38262.0
2025-02-10 17:36:00,95.72,95.86,95.71,95.855,37271.0
2025-02-10 17:38:00,95.855,95.93,95.83,95.8654,33607.0
2025-02-10 17:40:00,95.865,95.9399,95.8401,95.85,32145.0
2025-02-10 17:42:00,95.85,95.865,95.79,95.82,23459.0
2025-02-10 17:44:00,95.82,95.92,95.78,95.84,36021.0
2025-02-10 17:46:00,95.835,95.89,95.685,95.72,27529.0
2025-02-10 17:48:00,95.72,95.82,95.72,95.7808,17233.0
2025-02-10 17:50:00,95.78,95.79,95.72,95.739,22569.0
2025-02-10 17:52:00,95.74,95.825,95.74,95.79,26584.0
2025-02-10 17:54:00,95.78,95.88,95.77,95.8,37926.0
2025-02-10 17:56:00,95.79,95.85,95.76,95.83,31293.0
2025-02-10 17:58:00,95.83,95.88,95.82,95.87,21303.0
2025-02-10 18:00:00,95.86,95.89,95.8306,95.8384,24632.0
2025-02-10 18:02:00,95.83,95.9299,95.8,95.92,25564.0
2025-02-10 18:04:00,95.92,95.955,95.9007,95.94,23286.0
2025-02-10 18:06:00,95.94,95.9799,95.905,95.97,27710.0
2025-02-10 18:08:00,95.97,96.04,95.95,95.95,80187.0
2025-02-10 18:10:00,95.945,95.96,95.9,95.94,34462.0
2025-02-10 18:12:00,95.93,95.98,95.89,95.9,26251.0
2025-02-10 18:14:00,95.92,96.05,95.92,96.01,35830.0
2025-02-10 18:16:00,96.03,96.05,95.985,96.03,29104.0
2025-02-10 18:18:00,96.02,96.02,95.89,95.94,40414.0
2025-02-10 18:20:00,95.934,95.955,95.91,95.92,17628.0
2025-02-10 18:22:00,95.93,95.98,95.87,95.88,34744.0
2025-02-10 18:24:00,95.88,95.99,95.87,95.985,26400.0
2025-02-10 18:26:00,95.98,95.9826,95.81,95.815,33035.0
2025-02-10 18:28:00,95.81,95.81,95.71,95.8,34273.0
2025-02-10 18:30:00,95.81,95.87,95.79,95.86,27801.0
2025-02-10 18:32:00,95.865,95.87,95.69,95.789,28610.0
2025-02-10 18:34:00,95.782,95.82,95.69,95.73,37334.0
2025-02-10 18:36:00,95.735,95.78,95.6829,95.7626,21400.0
2025-02-10 18:38:00,95.77,95.82,95.73,95.8,33899.0
2025-02-10 18:40:00,95.8,95.84,95.72,95.83,24148.0
2025-02-10 18:42:00,95.84,95.95,95.83,95.95,24379.0
2025-02-10 18:44:00,95.93,95.94,95.81,95.875,36291.0
2025-02-10 18:46:00,95.88,95.91,95.86,95.89,19676.0
2025-02-10 18:48:00,95.89,95.915,95.83,95.85,37931.0
2025-02-10 18:50:00,95.855,95.88,95.7826,95.785,20004.0
2025-02-10 18:52:00,95.79,95.9,95.79,95.87,18167.0
2025-02-10 18:54:00,95.865,95.91,95.865,95.89,15242.0
2025-02-10 18:56:00,95.88,95.925,95.8234,95.87,40462.0
2025-02-10 18:58:00,95.86,95.87,95.8,95.8401,22214.0
2025-02-10 19:00:00,95.85,95.9,95.72,95.89,30250.0
2025-02-10 19:02:00,95.9,95.9208,95.77,95.77,44178.0
2025-02-10 19:04:00,95.77,95.83,95.7223,95.8,22252.0
2025-02-10 19:06:00,95.81,95.82,95.725,95.755,21346.0
2025-02-10 19:08:00,95.76,95.855,95.7233,95.835,26051.0
2025-02-10 19:10:00,95.835,95.91,95.83,95.85,16153.0
2025-02-10 19:12:00,95.86,95.9,95.83,95.85,41259.0
2025-02-10 19:14:00,95.84,95.855,95.76,95.795,22792.0
2025-02-10 19:16:00,95.78,95.8699,95.77,95.8699,20530.0
2025-02-10 19:18:00,95.85,95.85,95.731,95.79,18472.0
2025-02-10 19:20:00,95.8,95.9,95.785,95.89,42968.0
2025-02-10 19:22:00,95.9005,96.05,95.9,95.9507,80147.0
2025-02-10 19:24:00,95.97,95.98,95.875,95.89,25872.0
2025-02-10 19:26:00,95.9,95.9197,95.79,95.906,55219.0
2025-02-10 19:28:00,95.9,95.99,95.8932,95.93,54105.0
2025-02-10 19:30:00,95.96,95.97,95.9,95.95,20849.0
2025-02-10 19:32:00,95.96,95.975,95.94,95.94,16100.0
2025-02-10 19:34:00,95.935,95.97,95.93,95.965,23292.0
2025-02-10 19:36:00,95.97,96.05,95.97,96.05,34458.0
2025-02-10 19:38:00,96.04,96.06,95.97,96.02,34533.0
2025-02-10 19:40:00,96.03,96.04,95.98,96.01,28716.0
2025-02-10 19:42:00,96.005,96.01,95.94,95.99,22496.0
2025-02-10 19:44:00,95.985,96.03,95.93,95.93,26078.0
2025-02-10 19:46:00,95.93,95.98,95.91,95.94,26538.0
2025-02-10 19:48:00,95.935,95.96,95.88,95.88,29998.0
2025-02-10 19:50:00,95.88,95.96,95.87,95.875,30448.0
2025-02-10 19:52:00,95.87,95.905,95.83,95.9,28934.0
2025-02-10 19:54:00,95.8998,95.95,95.8626,95.93,26904.0
2025-02-10 19:56:00,95.93,96.0,95.9125,95.97,38296.0
2025-02-10 19:58:00,95.97,96.05,95.96,95.9954,40326.0
2025-02-10 20:00:00,95.99,95.99,95.855,95.96,42593.0
2025-02-10 20:02:00,95.96,95.9614,95.83,95.83,35925.0
2025-02-10 20:04:00,95.835,95.86,95.7833,95.81,37630.0
2025-02-10 20:06:00,95.81,95.945,95.77,95.94,30773.0
2025-02-10 20:08:00,95.935,95.95,95.9,95.925,31580.0
2025-02-10 20:10:00,95.915,95.97,95.888,95.91,34694.0
2025-02-10 20:12:00,95.91,95.94,95.86,95.905,28113.0
2025-02-10 20:14:00,95.9,95.93,95.88,95.885,49320.0
2025-02-10 20:16:00,95.8746,95.9,95.77,95.875,44830.0
2025-02-10 20:18:00,95.88,95.905,95.85,95.9001,28858.0
2025-02-10 20:20:00,95.905,95.965,95.77,95.8,54149.0
2025-02-10 20:22:00,95.8,95.8,95.665,95.68,70200.0
2025-02-10 20:24:00,95.67,95.68,95.57,95.59,57340.0
2025-02-10 20:26:00,95.595,95.72,95.575,95.69,42582.0
2025-02-10 20:28:00,95.69,95.715,95.55,95.64,99990.0
2025-02-10 20:30:00,95.64,95.65,95.45,95.46,54239.0
2025-02-10 20:32:00,95.46,95.57,95.42,95.555,52177.0
2025-02-10 20:34:00,95.555,95.59,95.5024,95.59,48887.0
2025-02-10 20:36:00,95.6,95.71,95.5,95.695,57400.0
2025-02-10 20:38:00,95.7,95.705,95.6,95.65,53700.0
2025-02-10 20:40:00,95.66,95.74,95.61,95.73,62591.0
2025-02-10 20:42:00,95.7392,95.7613,95.65,95.7613,91415.0
2025-02-10 20:44:00,95.77,95.84,95.65,95.7001,51308.0
2025-02-10 20:46:00,95.7,95.77,95.66,95.71,65532.0
2025-02-10 20:48:00,95.7179,95.7179,95.635,95.705,55423.0
2025-02-10 20:50:00,95.7,95.925,95.7,95.91,148931.0
2025-02-10 20:52:00,95.93,96.16,95.93,96.095,182823.0
2025-02-10 20:54:00,96.08,96.21,96.06,96.11,277926.0
2025-02-10 20:56:00,96.11,96.13,95.985,95.985,203507.0
2025-02-10 20:58:00,95.99,96.04,95.9,95.91,501172.0
2025-02-10 21:00:00,95.93,95.93,95.8797,95.88,54431.0
2025-02-10 21:02:00,95.91,95.93,95.91,95.92,3248.0
2025-02-10 21:04:00,95.9,95.9,95.8409,95.8409,1517.0
2025-02-10 21:06:00,95.93,95.95,95.9,95.9,3798.0
2025-02-10 21:08:00,95.92,95.93,95.92,95.93,12076.0
2025-02-10 21:10:00,95.82,95.82,95.8,95.8,1708.0
2025-02-10 21:12:00,95.76,95.76,95.76,95.76,176.0
2025-02-10 21:16:00,95.75,95.75,95.75,95.75,298.0
2025-02-10 21:22:00,95.7816,95.8478,95.7816,95.8478,612.0
2025-02-10 21:26:00,95.8,95.85,95.8,95.85,912.0
2025-02-10 21:30:00,95.79,95.79,95.74,95.74,3295.0
2025-02-10 21:32:00,95.71,95.8,95.71,95.8,926.0
2025-02-10 21:34:00,95.72,95.72,95.72,95.72,1282.0
2025-02-10 21:36:00,95.74,95.74,95.74,95.74,122.0
2025-02-10 21:38:00,95.7105,95.73,95.7105,95.73,339.0
2025-02-10 21:42:00,95.71,95.73,95.71,95.73,1725.0
2025-02-10 21:44:00,95.73,95.73,95.73,95.73,244.0
2025-02-10 21:46:00,95.66,95.66,95.66,95.66,154.0
2025-02-10 21:48:00,95.73,95.8,95.73,95.8,996.0
2025-02-10 21:50:00,95.73,95.73,95.73,95.73,220.0
2025-02-10 21:52:00,95.7117,95.7117,95.7117,95.7117,238.0
2025-02-10 21:54:00,95.78,95.8,95.78,95.8,292.0
2025-02-10 21:56:00,95.8,95.8,95.8,95.8,305.0
2025-02-10 21:58:00,95.93,95.93,95.93,95.93,121.0
2025-02-10 22:00:00,95.8,95.8,95.78,95.78,543.0
2025-02-10 22:02:00,95.7794,95.7794,95.7794,95.7794,100.0
2025-02-10 22:04:00,95.7504,95.7504,95.7504,95.7504,211.0
2025-02-10 22:08:00,95.76,95.76,95.75,95.75,488.0
2025-02-10 22:10:00,95.79,95.79,95.79,95.79,202.0
2025-02-10 22:18:00,95.75,95.75,95.75,95.75,219.0
2025-02-10 22:20:00,95.75,95.75,95.71,95.73,841.0
2025-02-10 22:22:00,95.8373,95.8373,95.8373,95.8373,1002.0
2025-02-10 22:24:00,95.7327,95.7327,95.7327,95.7327,253.0
2025-02-10 22:32:00,95.75,95.75,95.75,95.75,177.0
2025-02-10 22:34:00,95.74,95.74,95.74,95.74,1016.0
2025-02-10 22:36:00,95.71,95.71,95.71,95.71,144.0
2025-02-10 22:52:00,95.77,95.77,95.6,95.6,733.0
2025-02-10 22:56:00,95.71,95.71,95.71,95.71,3139.0
2025-02-10 23:06:00,95.73,95.73,95.73,95.73,100.0
2025-02-10 23:08:00,95.81,95.81,95.81,95.81,366.0
2025-02-10 23:32:00,95.85,95.85,95.85,95.85,706.0
2025-02-10 23:42:00,95.71,95.71,95.71,95.71,191.0
2025-02-10 23:44:00,95.67,95.67,95.67,95.67,1120.0
2025-02-10 23:54:00,95.5978,95.5984,95.5978,95.5984,549.0
2025-02-10 23:58:00,95.534,95.534,95.534,95.534,222.0
2025-02-11 00:08:00,95.65,95.65,95.65,95.65,166.0
2025-02-11 00:10:00,95.67,95.67,95.67,95.67,300.0
2025-02-11 00:12:00,95.53,95.53,95.53,95.53,501.0
2025-02-11 00:14:00,95.52,95.52,95.52,95.52,334.0
2025-02-11 00:16:00,95.67,95.67,95.67,95.67,632.0
2025-02-11 00:24:00,95.7,95.7,95.7,95.7,312.0
2025-02-11 00:26:00,95.7,95.7,95.7,95.7,2110.0
2025-02-11 00:28:00,95.7001,95.7001,95.7001,95.7001,186.0
2025-02-11 00:32:00,95.7,95.7,95.7,95.7,1063.0
2025-02-11 00:40:00,95.71,95.71,95.7,95.7,1209.0
2025-02-11 00:44:00,95.71,95.71,95.71,95.71,220.0
2025-02-11 00:46:00,95.7597,95.7597,95.7597,95.7597,110.0
2025-02-11 00:48:00,95.76,95.76,95.7,95.71,944.0
2025-02-11 00:54:00,95.79,95.79,95.79,95.79,303.0
2025-02-11 00:56:00,95.84,95.84,95.83,95.83,331.0
2025-02-11 00:58:00,95.83,95.85,95.83,95.849,772.0
2025-02-11 09:00:00,95.38,95.38,95.38,95.38,522.0
2025-02-11 09:02:00,95.31,95.31,95.3,95.3,546.0
2025-02-11 09:04:00,95.21,95.21,95.2,95.2,1131.0
2025-02-11 09:06:00,95.14,95.2,95.14,95.2,578.0
2025-02-11 09:10:00,95.1,95.1,95.1,95.1,562.0
2025-02-11 09:14:00,95.06,95.06,94.93,94.93,1302.0
2025-02-11 09:16:00,94.92,94.92,94.92,94.92,179.0
2025-02-11 09:30:00,95.04,95.06,95.04,95.06,867.0
2025-02-11 09:32:00,95.15,95.15,95.09,95.09,472.0
2025-02-11 09:34:00,95.05,95.05,94.9,94.91,1836.0
2025-02-11 09:40:00,94.91,94.91,94.8,94.81,761.0
2025-02-11 09:42:00,94.75,94.75,94.71,94.71,558.0
2025-02-11 09:44:00,94.8,94.8,94.8,94.8,257.0
2025-02-11 09:48:00,94.85,94.93,94.85,94.93,520.0
2025-02-11 10:04:00,94.82,94.83,94.73,94.73,691.0
2025-02-11 10:06:00,94.72,94.72,94.63,94.65,2617.0
2025-02-11 10:10:00,94.72,94.72,94.72,94.72,305.0
2025-02-11 10:12:00,94.84,94.84,94.84,94.84,537.0
2025-02-11 10:18:00,94.8,94.8,94.8,94.8,123.0
2025-02-11 10:30:00,94.86,94.86,94.86,94.86,297.0
2025-02-11 11:10:00,94.97,95.0,94.97,95.0,1337.0
2025-02-11 11:38:00,95.09,95.09,95.07,95.07,319.0
2025-02-11 11:48:00,95.13,95.14,95.13,95.14,848.0
2025-02-11 11:50:00,95.14,95.14,95.14,95.14,497.0
2025-02-11 11:52:00,95.12,95.12,95.12,95.12,346.0
2025-02-11 11:54:00,95.07,95.13,95.07,95.13,592.0
2025-02-11 12:00:00,95.01,95.01,95.0,95.0,4244.0
2025-02-11 12:02:00,94.91,94.98,94.91,94.98,558.0
2025-02-11 12:14:00,95.0,95.0,95.0,95.0,275.0
2025-02-11 12:18:00,95.05,95.05,95.05,95.05,200.0
2025-02-11 12:26:00,95.04,95.04,95.0,95.0,677.0
2025-02-11 12:28:00,94.85,94.85,94.85,94.85,1663.0
2025-02-11 12:32:00,94.89,94.89,94.89,94.89,118.0
2025-02-11 12:40:00,94.87,94.87,94.87,94.87,136.0
2025-02-11 12:56:00,94.87,94.87,94.87,94.87,206.0
2025-02-11 12:58:00,94.88,94.88,94.86,94.86,878.0
2025-02-11 13:00:00,95.0,95.49,94.7204,94.95,14568.0
2025-02-11 13:02:00,94.95,94.9888,94.81,94.81,1062.0
2025-02-11 13:04:00,94.94,94.94,94.94,94.94,660.0
2025-02-11 13:06:00,94.94,94.94,94.94,94.94,178.0
2025-02-11 13:08:00,94.81,94.81,94.81,94.81,5012.0
2025-02-11 13:12:00,94.81,94.81,94.81,94.81,189.0
2025-02-11 13:14:00,94.77,94.86,94.77,94.86,831.0
2025-02-11 13:16:00,94.75,94.96,94.75,94.78,1152.0
2025-02-11 13:18:00,94.8288,94.8288,94.71,94.7114,1185.0
2025-02-11 13:20:00,94.7101,94.77,94.66,94.66,3168.0
2025-02-11 13:22:00,94.57,94.6,94.51,94.51,884.0
2025-02-11 13:24:00,94.68,94.78,94.68,94.75,5048.0
2025-02-11 13:26:00,94.75,94.7599,94.576,94.576,2628.0
2025-02-11 13:32:00,94.6,94.6,94.6,94.6,151.0
2025-02-11 13:34:00,94.9,94.9,94.85,94.9,12518.0
2025-02-11 13:36:00,94.836,94.836,94.76,94.76,1195.0
2025-02-11 13:38:00,94.76,94.76,94.76,94.76,1905.0
2025-02-11 13:40:00,94.84,94.84,94.84,94.84,352.0
2025-02-11 13:42:00,94.7506,94.7506,94.75,94.75,796.0
2025-02-11 13:44:00,94.73,94.73,94.65,94.7,1170.0
2025-02-11 13:46:00,94.62,94.75,94.6,94.61,2435.0
2025-02-11 13:48:00,94.62,94.62,94.4,94.4,5968.0
2025-02-11 13:50:00,94.476,94.5,94.4,94.5,25970.0
2025-02-11 13:52:00,94.57,94.58,94.57,94.58,1052.0
2025-02-11 13:54:00,94.772,94.772,94.772,94.772,128.0
2025-02-11 13:56:00,94.65,94.65,94.501,94.5013,16385.0
2025-02-11 13:58:00,94.5992,94.5992,94.5,94.5,2213.0
2025-02-11 14:00:00,94.4,94.47,94.38,94.4,5302.0
2025-02-11 14:02:00,94.4,94.79,94.4,94.79,34838.0
2025-02-11 14:04:00,94.75,94.75,94.68,94.68,530.0
2025-02-11 14:06:00,94.65,94.65,94.6,94.6,540.0
2025-02-11 14:10:00,94.6224,94.6224,94.5,94.6,2886.0
2025-02-11 14:12:00,94.55,94.55,94.5,94.5,5342.0
2025-02-11 14:14:00,94.6,94.6,94.54,94.54,1197.0
2025-02-11 14:16:00,94.53,94.53,94.53,94.53,525.0
2025-02-11 14:18:00,94.5,94.5,94.47,94.5,4607.0
2025-02-11 14:20:00,94.42,94.538,94.42,94.538,836.0
2025-02-11 14:22:00,94.4975,94.4975,94.4975,94.4975,139.0
2025-02-11 14:24:00,94.4001,94.4999,94.4001,94.4999,969.0
2025-02-11 14:26:00,94.42,94.42,94.23,94.24,4975.0
2025-02-11 14:28:00,94.2,94.21,94.1,94.2,6137.0
2025-02-11 14:30:00,94.245,94.7699,94.21,94.265,292704.0
2025-02-11 14:32:00,94.222,94.39,93.93,94.07,231649.0
2025-02-11 14:34:00,94.1395,94.45,94.04,94.43,158503.0
2025-02-11 14:36:00,94.425,94.47,94.19,94.21,136309.0
2025-02-11 14:38:00,94.17,94.5488,94.08,94.12,164146.0
2025-02-11 14:40:00,94.12,94.7,94.07,94.65,161201.0
2025-02-11 14:42:00,94.63,94.9391,94.41,94.91,108284.0
2025-02-11 14:44:00,94.8801,95.31,94.88,95.27,141685.0
2025-02-11 14:46:00,95.263,95.52,95.21,95.51,126558.0
2025-02-11 14:48:00,95.5,95.51,95.2,95.275,113543.0
2025-02-11 14:50:00,95.3,95.49,95.28,95.48,123115.0
2025-02-11 14:52:00,95.47,95.82,95.45,95.7603,116113.0
2025-02-11 14:54:00,95.78,95.84,95.275,95.28,128600.0
2025-02-11 14:56:00,95.28,95.4,95.125,95.13,101229.0
2025-02-11 14:58:00,95.12,95.12,94.93,94.95,106984.0
2025-02-11 15:00:00,94.98,95.2899,94.87,95.27,186572.0
2025-02-11 15:02:00,95.325,95.34,95.06,95.18,129842.0
2025-02-11 15:04:00,95.18,95.21,95.0001,95.0001,75873.0
2025-02-11 15:06:00,95.015,95.23,95.0,95.015,97759.0
2025-02-11 15:08:00,95.0,95.08,94.79,95.077,113016.0
2025-02-11 15:10:00,95.08,95.26,95.04,95.17,68687.0
2025-02-11 15:12:00,95.17,95.185,95.06,95.08,40206.0
2025-02-11 15:14:00,95.054,95.0922,94.93,94.99,39880.0
2025-02-11 15:16:00,94.99,95.07,94.86,94.9418,70296.0
2025-02-11 15:18:00,95.0,95.03,94.88,94.915,30973.0
2025-02-11 15:20:00,94.91,95.06,94.8,95.0406,48880.0
2025-02-11 15:22:00,95.06,95.1,94.9701,94.99,35746.0
2025-02-11 15:24:00,94.99,95.04,94.87,95.0,46083.0
2025-02-11 15:26:00,94.99,95.08,94.88,94.896,44895.0
2025-02-11 15:28:00,94.89,95.16,94.88,95.105,52318.0
2025-02-11 15:30:00,95.105,95.16,95.055,95.13,37341.0
2025-02-11 15:32:00,95.12,95.205,95.01,95.025,35635.0
2025-02-11 15:34:00,95.02,95.17,94.97,95.01,38425.0
2025-02-11 15:36:00,95.0,95.08,94.98,95.0,38866.0
2025-02-11 15:38:00,94.99,95.12,94.87,95.04,53622.0
2025-02-11 15:40:00,95.03,95.0596,94.9603,94.965,24416.0
2025-02-11 15:42:00,94.97,95.11,94.95,95.1,30573.0
2025-02-11 15:44:00,95.1,95.2,95.0591,95.19,34245.0
2025-02-11 15:46:00,95.2,95.305,95.175,95.22,99125.0
2025-02-11 15:48:00,95.21,95.23,95.14,95.1838,24945.0
2025-02-11 15:50:00,95.185,95.2717,95.16,95.2135,50575.0
2025-02-11 15:52:00,95.2307,95.245,95.1,95.1007,27653.0
2025-02-11 15:54:00,95.09,95.18,95.01,95.04,30746.0
2025-02-11 15:56:00,95.05,95.23,95.02,95.18,51541.0
2025-02-11 15:58:00,95.18,95.28,95.16,95.27,71495.0
2025-02-11 16:00:00,95.27,95.38,95.24,95.275,72208.0
2025-02-11 16:02:00,95.29,95.38,95.25,95.365,44101.0
2025-02-11 16:04:00,95.36,95.36,95.28,95.34,23197.0
2025-02-11 16:06:00,95.365,95.53,95.36,95.505,47640.0
2025-02-11 16:08:00,95.51,95.54,95.34,95.38,60660.0
2025-02-11 16:10:00,95.37,95.4106,95.13,95.1401,29046.0
2025-02-11 16:12:00,95.15,95.2,95.08,95.09,36808.0
2025-02-11 16:14:00,95.09,95.19,95.03,95.07,43705.0
2025-02-11 16:16:00,95.07,95.075,94.95,95.01,62447.0
2025-02-11 16:18:00,95.01,95.12,95.01,95.1192,33660.0
2025-02-11 16:20:00,95.125,95.28,95.11,95.27,27185.0
2025-02-11 16:22:00,95.28,95.35,95.25,95.265,38809.0
2025-02-11 16:24:00,95.2615,95.29,95.2,95.24,35716.0
2025-02-11 16:26:00,95.25,95.25,95.0502,95.09,39777.0
2025-02-11 16:28:00,95.09,95.1,94.98,95.07,52357.0
2025-02-11 16:30:00,95.065,95.15,95.05,95.145,31938.0
2025-02-11 16:32:00,95.1381,95.2102,95.1381,95.19,25261.0
2025-02-11 16:34:00,95.21,95.51,95.19,95.4846,72273.0
2025-02-11 16:36:00,95.49,95.63,95.43,95.63,82660.0
2025-02-11 16:38:00,95.635,95.64,95.44,95.49,52096.0
2025-02-11 16:40:00,95.48,95.5,95.4,95.42,23668.0
2025-02-11 16:42:00,95.45,95.45,95.13,95.3,56259.0
2025-02-11 16:44:00,95.29,95.3597,95.195,95.3,40211.0
2025-02-11 16:46:00,95.27,95.32,95.1123,95.15,27254.0
2025-02-11 16:48:00,95.1408,95.1408,94.83,94.85,69266.0
2025-02-11 16:50:00,94.85,94.91,94.76,94.77,54475.0
2025-02-11 16:52:00,94.78,94.87,94.74,94.845,34495.0
2025-02-11 16:54:00,94.8484,94.86,94.78,94.83,27664.0
2025-02-11 16:56:00,94.84,94.86,94.69,94.76,37999.0
2025-02-11 16:58:00,94.76,94.78,94.66,94.695,40468.0
2025-02-11 17:00:00,94.68,94.68,94.33,94.33,108852.0
2025-02-11 17:02:00,94.33,94.346,93.76,93.78,262246.0
2025-02-11 17:04:00,93.78,93.79,93.56,93.6611,213177.0
2025-02-11 17:06:00,93.67,93.88,93.5864,93.8043,117853.0
2025-02-11 17:08:00,93.815,93.835,93.62,93.745,69676.0
2025-02-11 17:10:00,93.7665,93.91,93.7301,93.8138,48448.0
2025-02-11 17:12:00,93.82,93.8699,93.71,93.835,56678.0
2025-02-11 17:14:00,93.85,93.865,93.67,93.725,48836.0
2025-02-11 17:16:00,93.72,93.9899,93.72,93.9503,41907.0
2025-02-11 17:18:00,93.95,94.03,93.91,93.99,46393.0
2025-02-11 17:20:00,94.002,94.06,93.95,94.05,59900.0
2025-02-11 17:22:00,94.05,94.205,94.03,94.195,51090.0
2025-02-11 17:24:00,94.19,94.23,94.09,94.09,58728.0
2025-02-11 17:26:00,94.08,94.155,93.98,94.135,57261.0
2025-02-11 17:28:00,94.12,94.14,94.02,94.075,24500.0
2025-02-11 17:30:00,94.09,94.105,94.0112,94.02,26253.0
2025-02-11 17:32:00,94.02,94.05,93.95,93.99,24983.0
2025-02-11 17:34:00,93.99,94.07,93.86,93.895,27874.0
2025-02-11 17:36:00,93.8812,93.98,93.87,93.93,41626.0
2025-02-11 17:38:00,93.94,93.9438,93.79,93.8492,38961.0
2025-02-11 17:40:00,93.86,93.8799,93.77,93.79,32779.0
2025-02-11 17:42:00,93.785,93.89,93.72,93.82,44660.0
2025-02-11 17:44:00,93.83,93.9091,93.73,93.8925,196492.0
2025-02-11 17:46:00,93.893,93.9799,93.8,93.955,32007.0
2025-02-11 17:48:00,93.96,94.1134,93.945,94.06,38900.0
2025-02-11 17:50:00,94.05,94.07,93.9613,94.015,63846.0
2025-02-11 17:52:00,94.02,94.02,93.93,93.99,40284.0
2025-02-11 17:54:00,93.9899,94.04,93.975,93.98,26459.0
2025-02-11 17:56:00,93.97,93.97,93.84,93.9,37045.0
2025-02-11 17:58:00,93.9,93.9,93.78,93.7902,32120.0
2025-02-11 18:00:00,93.79,93.925,93.79,93.925,68891.0
2025-02-11 18:02:00,93.93,93.99,93.8533,93.86,38669.0
2025-02-11 18:04:00,93.86,93.92,93.82,93.9049,30147.0
2025-02-11 18:06:00,93.91,93.92,93.845,93.88,14930.0
2025-02-11 18:08:00,93.8801,94.05,93.86,94.045,24504.0
2025-02-11 18:10:00,94.05,94.0799,93.85,93.88,28742.0
2025-02-11 18:12:00,93.89,94.06,93.89,94.0,23942.0
2025-02-11 18:14:00,94.01,94.03,93.95,94.0009,29125.0
2025-02-11 18:16:00,94.0,94.07,93.9981,94.03,26099.0
2025-02-11 18:18:00,94.035,94.065,94.01,94.04,21455.0
2025-02-11 18:20:00,94.03,94.045,93.98,94.04,30060.0
2025-02-11 18:22:00,94.04,94.05,93.96,94.04,28041.0
2025-02-11 18:24:00,94.04,94.06,93.9938,94.045,15272.0
2025-02-11 18:26:00,94.045,94.06,94.01,94.045,24601.0
2025-02-11 18:28:00,94.05,94.15,94.0301,94.15,36040.0
2025-02-11 18:30:00,94.14,94.22,94.1344,94.21,37356.0
2025-02-11 18:32:00,94.2,94.35,94.18,94.32,52988.0
2025-02-11 18:34:00,94.3,94.38,94.28,94.37,52170.0
2025-02-11 18:36:00,94.36,94.395,94.31,94.37,51857.0
2025-02-11 18:38:00,94.375,94.4,94.29,94.305,41131.0
2025-02-11 18:40:00,94.305,94.37,94.29,94.355,17569.0
2025-02-11 18:42:00,94.36,94.36,94.26,94.31,19795.0
2025-02-11 18:44:00,94.3,94.3299,94.22,94.3,17091.0
2025-02-11 18:46:00,94.31,94.34,94.2,94.23,36831.0
2025-02-11 18:48:00,94.23,94.27,94.2,94.2,22640.0
2025-02-11 18:50:00,94.18,94.18,94.11,94.148,18509.0
2025-02-11 18:52:00,94.15,94.172,94.13,94.172,20467.0
2025-02-11 18:54:00,94.155,94.155,94.08,94.13,20777.0
2025-02-11 18:56:00,94.14,94.1699,94.1,94.125,16403.0
2025-02-11 18:58:00,94.125,94.13,94.07,94.0856,15475.0
2025-02-11 19:00:00,94.08,94.22,94.03,94.2,44616.0
2025-02-11 19:02:00,94.2,94.205,94.12,94.12,15589.0
2025-02-11 19:04:00,94.125,94.14,94.06,94.07,16324.0
2025-02-11 19:06:00,94.07,94.14,94.065,94.1156,25371.0
2025-02-11 19:08:00,94.11,94.11,94.0516,94.075,32327.0
2025-02-11 19:10:00,94.08,94.1,94.0271,94.03,26801.0
2025-02-11 19:12:00,94.04,94.07,93.995,94.045,37723.0
2025-02-11 19:14:00,94.05,94.08,94.02,94.08,16528.0
2025-02-11 19:16:00,94.09,94.11,94.01,94.01,31034.0
2025-02-11 19:18:00,94.03,94.07,94.01,94.055,32028.0
2025-02-11 19:20:00,94.055,94.15,94.05,94.0684,32208.0
2025-02-11 19:22:00,94.08,94.11,94.06,94.07,31176.0
2025-02-11 19:24:00,94.06,94.06,93.97,93.97,40046.0
2025-02-11 19:26:00,93.98,94.09,93.975,94.0508,42399.0
2025-02-11 19:28:00,94.06,94.07,93.99,94.02,26927.0
2025-02-11 19:30:00,94.02,94.21,94.02,94.195,27613.0
2025-02-11 19:32:00,94.21,94.21,94.04,94.055,27839.0
2025-02-11 19:34:00,94.06,94.105,94.04,94.05,36882.0
2025-02-11 19:36:00,94.05,94.09,94.01,94.09,49197.0
2025-02-11 19:38:00,94.0816,94.1,94.04,94.065,45092.0
2025-02-11 19:40:00,94.065,94.13,94.0642,94.1,40534.0
2025-02-11 19:42:00,94.105,94.18,94.04,94.06,33502.0
2025-02-11 19:44:00,94.065,94.11,94.0422,94.06,22538.0
2025-02-11 19:46:00,94.07,94.09,93.984,94.06,27211.0
2025-02-11 19:48:00,94.06,94.14,94.05,94.11,33366.0
2025-02-11 19:50:00,94.11,94.2,94.09,94.1808,25082.0
2025-02-11 19:52:00,94.185,94.22,94.165,94.205,25376.0
2025-02-11 19:54:00,94.2,94.2,94.13,94.15,19319.0
2025-02-11 19:56:00,94.14,94.22,94.12,94.205,17667.0
2025-02-11 19:58:00,94.21,94.21,94.11,94.13,32493.0
2025-02-11 20:00:00,94.13,94.21,94.13,94.155,18615.0
2025-02-11 20:02:00,94.1391,94.15,94.05,94.075,26275.0
2025-02-11 20:04:00,94.075,94.14,94.04,94.132,42504.0
2025-02-11 20:06:00,94.14,94.24,94.12,94.24,32138.0
2025-02-11 20:08:00,94.23,94.245,94.1,94.14,29278.0
2025-02-11 20:10:00,94.14,94.18,94.13,94.1438,19610.0
2025-02-11 20:12:00,94.14,94.2067,94.1325,94.2067,23812.0
2025-02-11 20:14:00,94.2,94.2575,94.13,94.14,52455.0
2025-02-11 20:16:00,94.13,94.17,94.09,94.14,32262.0
2025-02-11 20:18:00,94.13,94.16,94.08,94.12,26207.0
2025-02-11 20:20:00,94.122,94.215,94.09,94.2,48244.0
2025-02-11 20:22:00,94.205,94.2598,94.19,94.22,23980.0
2025-02-11 20:24:00,94.21,94.22,94.13,94.15,21359.0
2025-02-11 20:26:00,94.15,94.17,94.1,94.14,42351.0
2025-02-11 20:28:00,94.14,94.22,94.135,94.18,37412.0
2025-02-11 20:30:00,94.17,94.23,94.12,94.215,61010.0
2025-02-11 20:32:00,94.215,94.28,94.2,94.23,63497.0
2025-02-11 20:34:00,94.23,94.23,94.16,94.18,46214.0
2025-02-11 20:36:00,94.1701,94.21,94.05,94.07,69785.0
2025-02-11 20:38:00,94.07,94.0999,93.95,93.96,72594.0
2025-02-11 20:40:00,93.97,94.07,93.9,94.06,54853.0
2025-02-11 20:42:00,94.05,94.055,93.92,94.04,53718.0
2025-02-11 20:44:00,94.03,94.11,94.03,94.075,50825.0
2025-02-11 20:46:00,94.075,94.17,94.05,94.125,68287.0
2025-02-11 20:48:00,94.125,94.13,94.05,94.09,82376.0
2025-02-11 20:50:00,94.1,94.16,93.99,94.05,113828.0
2025-02-11 20:52:00,94.06,94.14,94.0,94.11,85582.0
2025-02-11 20:54:00,94.1,94.2,94.02,94.1703,197611.0
2025-02-11 20:56:00,94.17,94.175,94.06,94.085,166508.0
2025-02-11 20:58:00,94.085,94.135,94.06,94.11,284756.0
2025-02-11 21:00:00,94.08,94.08,94.0416,94.0416,59898.0
2025-02-11 21:02:00,94.08,94.08,94.04,94.05,5934.0
2025-02-11 21:04:00,94.1,94.12,94.0,94.0,10288.0
2025-02-11 21:06:00,93.94,93.97,93.91,93.91,1412.0
2025-02-11 21:08:00,93.91,93.91,93.91,93.91,551.0
2025-02-11 21:10:00,93.91,93.91,93.88,93.88,874.0
2025-02-11 21:12:00,93.8993,93.9,93.8651,93.899,2608.0
2025-02-11 21:14:00,93.8612,93.98,93.8612,93.98,3068.0
2025-02-11 21:16:00,93.98,94.04,93.98,94.001,2646.0
2025-02-11 21:18:00,94.04,94.04,94.04,94.04,621.0
2025-02-11 21:20:00,94.0,94.0,93.93,93.93,1523.0
2025-02-11 21:22:00,93.95,93.95,93.95,93.95,232.0
2025-02-11 21:24:00,94.08,94.08,94.08,94.08,1449.0
2025-02-11 21:26:00,94.0,94.0,94.0,94.0,635.0
2025-02-11 21:28:00,93.9508,93.9508,93.9508,93.9508,4122.0
2025-02-11 21:30:00,94.0378,94.0378,94.0378,94.0378,505.0
2025-02-11 21:34:00,94.0018,94.0397,94.0,94.01,1202.0
2025-02-11 21:36:00,94.01,94.01,94.01,94.01,505.0
2025-02-11 21:38:00,94.01,94.01,93.9,93.9,2906.0
2025-02-11 21:40:00,93.89,93.94,93.89,93.94,2885.0
2025-02-11 21:44:00,93.91,93.91,93.91,93.91,126.0
2025-02-11 21:46:00,93.93,94.05,93.93,94.02,3706.0
2025-02-11 21:48:00,94.0,94.0,94.0,94.0,951.0
2025-02-11 21:56:00,94.03,94.03,94.03,94.03,122.0
2025-02-11 22:00:00,93.933,93.933,93.933,93.933,222.0
2025-02-11 22:02:00,94.05,94.05,94.05,94.05,898.0
2025-02-11 22:04:00,94.03,94.03,94.03,94.03,124.0
2025-02-11 22:08:00,93.9719,93.9719,93.97,93.97,2469.0
2025-02-11 22:10:00,94.0841,94.0841,94.0841,94.0841,1071.0
2025-02-11 22:12:00,94.09,94.09,94.09,94.09,862.0
2025-02-11 22:16:00,94.08,94.09,94.08,94.09,1376.0
2025-02-11 22:18:00,94.14,94.2,94.14,94.1983,5116.0
2025-02-11 22:22:00,94.19,94.23,94.19,94.23,2701.0
2025-02-11 22:24:00,94.297,94.297,94.297,94.297,516.0
2025-02-11 22:32:00,94.2494,94.2494,94.11,94.11,1681.0
2025-02-11 22:38:00,94.11,94.11,94.11,94.11,105.0
2025-02-11 22:40:00,94.12,94.12,94.11,94.11,1222.0
2025-02-11 22:42:00,94.12,94.12,94.12,94.12,107.0
2025-02-11 22:44:00,94.25,94.25,94.25,94.25,585.0
2025-02-11 22:56:00,94.2585,94.2585,94.2585,94.2585,3081.0
2025-02-11 22:58:00,94.26,94.3,94.25,94.25,954.0
2025-02-11 23:08:00,94.15,94.15,94.15,94.15,1120.0
2025-02-11 23:12:00,94.25,94.25,94.25,94.25,144.0
2025-02-11 23:16:00,94.2,94.2,94.2,94.2,130.0
2025-02-11 23:18:00,94.3,94.3,94.25,94.25,701.0
2025-02-11 23:22:00,94.3,94.3,94.3,94.3,132.0
2025-02-11 23:26:00,94.3,94.3,94.3,94.3,632.0
2025-02-11 23:28:00,94.3,94.3,94.3,94.3,141.0
2025-02-11 23:36:00,94.32,94.32,94.32,94.32,105.0
2025-02-11 23:38:00,94.3,94.3,94.3,94.3,500.0
2025-02-11 23:42:00,94.3,94.3,94.29,94.29,662.0
2025-02-11 23:44:00,94.2504,94.2504,94.25,94.25,514.0
2025-02-11 23:46:00,94.32,94.32,94.32,94.32,300.0
2025-02-11 23:50:00,94.3,94.3,94.3,94.3,402.0
2025-02-11 23:52:00,94.32,94.35,94.32,94.35,600.0
2025-02-11 23:56:00,94.3,94.3,94.3,94.3,243.0
2025-02-11 23:58:00,94.29,94.29,94.29,94.29,192.0
2025-02-12 00:04:00,94.21,94.21,94.21,94.21,385.0
2025-02-12 00:08:00,94.3465,94.3465,94.3465,94.3465,125.0
2025-02-12 00:14:00,94.22,94.22,94.21,94.21,456.0
2025-02-12 00:30:00,94.3482,94.3482,94.3482,94.3482,126.0
2025-02-12 00:34:00,94.34,94.34,94.34,94.34,171.0
2025-02-12 00:38:00,94.35,94.35,94.35,94.35,1320.0
2025-02-12 00:44:00,94.36,94.36,94.36,94.36,100.0
2025-02-12 00:48:00,94.3502,94.3502,94.3502,94.3502,101.0
2025-02-12 00:50:00,94.36,94.36,94.36,94.36,508.0
2025-02-12 00:52:00,94.36,94.36,94.35,94.3598,916.0
2025-02-12 00:54:00,94.3599,94.3599,94.35,94.35,301.0
2025-02-12 00:56:00,94.34,94.34,94.3,94.3,589.0
2025-02-12 09:06:00,94.16,94.16,94.1,94.1,963.0
2025-02-12 09:08:00,94.05,94.05,94.05,94.05,649.0
2025-02-12 09:10:00,94.05,94.05,94.05,94.05,378.0
2025-02-12 09:14:00,94.04,94.04,94.04,94.04,326.0
2025-02-12 09:18:00,94.02,94.02,94.02,94.02,289.0
2025-02-12 09:22:00,93.91,93.91,93.91,93.91,417.0
2025-02-12 09:26:00,93.85,93.91,93.85,93.91,434.0
2025-02-12 09:54:00,93.99,94.0,93.99,94.0,1295.0
2025-02-12 09:58:00,93.92,93.92,93.92,93.92,231.0
2025-02-12 10:00:00,93.98,94.13,93.98,94.11,1246.0
2025-02-12 10:10:00,94.09,94.09,94.09,94.09,100.0
2025-02-12 10:12:00,94.09,94.1,94.09,94.09,1343.0
2025-02-12 10:26:00,94.09,94.09,94.09,94.09,140.0
2025-02-12 10:34:00,94.05,94.05,94.05,94.05,344.0
2025-02-12 10:46:00,94.02,94.03,94.0,94.03,3629.0
2025-02-12 10:54:00,93.98,93.98,93.98,93.98,1085.0
2025-02-12 10:58:00,93.98,93.98,93.98,93.98,601.0
2025-02-12 11:06:00,93.95,93.98,93.8,93.81,3807.0
2025-02-12 11:12:00,93.8,93.8,93.8,93.8,315.0
2025-02-12 11:14:00,93.8,93.8,93.78,93.78,5144.0
2025-02-12 11:16:00,93.8,93.8,93.8,93.8,4045.0
2025-02-12 11:18:00,93.8,93.8,93.8,93.8,662.0
2025-02-12 11:20:00,93.98,94.1,93.98,94.1,2665.0
2025-02-12 11:22:00,94.27,94.32,94.27,94.32,1432.0
2025-02-12 11:24:00,94.11,94.28,94.11,94.28,825.0
2025-02-12 12:00:00,94.14,94.14,94.14,94.14,202.0
2025-02-12 12:08:00,94.01,94.01,94.01,94.01,179.0
2025-02-12 12:12:00,94.19,94.24,94.19,94.24,908.0
2025-02-12 12:16:00,94.31,94.41,94.31,94.41,2553.0
2025-02-12 12:20:00,94.41,94.5,94.41,94.5,1227.0
2025-02-12 12:22:00,94.55,94.58,94.55,94.57,670.0
2025-02-12 12:28:00,94.6,94.6,94.6,94.6,165.0
2025-02-12 12:34:00,94.54,94.54,94.54,94.54,271.0
2025-02-12 12:38:00,94.5,94.5,94.5,94.5,664.0
2025-02-12 12:40:00,94.5,94.54,94.5,94.54,653.0
2025-02-12 12:42:00,94.51,94.51,94.51,94.51,242.0
2025-02-12 12:44:00,94.54,94.59,94.52,94.59,1284.0
2025-02-12 12:46:00,94.62,94.69,94.62,94.69,1261.0
2025-02-12 12:48:00,94.71,94.71,94.71,94.71,159.0
2025-02-12 12:50:00,94.71,94.71,94.7,94.7,1053.0
2025-02-12 12:52:00,94.7,94.7,94.7,94.7,286.0
2025-02-12 12:54:00,94.7,94.7,94.61,94.61,808.0
2025-02-12 12:56:00,94.64,94.64,94.64,94.64,118.0
2025-02-12 13:00:00,93.9795,94.7446,93.9795,94.64,13003.0
2025-02-12 13:02:00,94.63,94.63,94.63,94.63,649.0
2025-02-12 13:04:00,94.66,94.83,94.66,94.77,5405.0
2025-02-12 13:06:00,94.8,94.99,94.79,94.99,3455.0
2025-02-12 13:08:00,94.88,95.04,94.88,95.0,7236.0
2025-02-12 13:10:00,95.0,95.06,95.0,95.0015,1004.0
2025-02-12 13:12:00,95.0016,95.0016,95.0,95.0015,317.0
2025-02-12 13:14:00,95.0012,95.02,95.0,95.01,2961.0
2025-02-12 13:16:00,95.07,95.2,95.05,95.2,2040.0
2025-02-12 13:18:00,95.21,95.28,95.21,95.24,1951.0
2025-02-12 13:20:00,95.102,95.1501,95.102,95.11,1425.0
2025-02-12 13:22:00,95.17,95.17,95.15,95.15,830.0
2025-02-12 13:24:00,95.05,95.05,95.05,95.05,602.0
2025-02-12 13:26:00,95.0,95.0,94.86,94.86,1002.0
2025-02-12 13:28:00,94.98,94.98,94.81,94.81,1033.0
2025-02-12 13:30:00,94.9,94.9,92.24,92.56,25753.0
2025-02-12 13:32:00,92.992,93.1,92.6685,93.1,5924.0
2025-02-12 13:34:00,93.3,93.5,92.78,92.9499,14534.0
2025-02-12 13:36:00,92.67,92.85,92.35,92.35,19930.0
2025-02-12 13:38:00,92.37,92.6853,92.37,92.51,11425.0
2025-02-12 13:40:00,92.54,92.98,92.51,92.59,19662.0
2025-02-12 13:42:00,92.6,92.6,92.19,92.43,19551.0
2025-02-12 13:44:00,92.5,92.75,92.49,92.75,5242.0
2025-02-12 13:46:00,92.79,93.19,92.79,93.12,4893.0
2025-02-12 13:48:00,93.12,93.19,92.73,92.73,6090.0
2025-02-12 13:50:00,92.9,92.9,90.6,91.4,111121.0
2025-02-12 13:52:00,91.32,91.32,90.05,90.95,83717.0
2025-02-12 13:54:00,91.0,91.0,90.17,90.3917,63175.0
2025-02-12 13:56:00,90.4,91.39,89.9,91.06,125580.0
2025-02-12 13:58:00,91.36,91.36,90.31,90.37,127711.0
2025-02-12 14:00:00,90.37,90.37,89.71,89.71,179640.0
2025-02-12 14:02:00,89.83,90.0,89.1,89.1,124373.0
2025-02-12 14:04:00,89.24,89.5,88.64,88.99,133519.0
2025-02-12 14:06:00,88.9,89.89,88.713,89.7522,88903.0
2025-02-12 14:08:00,89.75,90.0,89.1,89.49,61383.0
2025-02-12 14:10:00,89.3,89.4,88.77,89.23,114882.0
2025-02-12 14:12:00,89.2599,89.49,89.03,89.49,20352.0
2025-02-12 14:14:00,89.49,89.95,89.47,89.9,23321.0
2025-02-12 14:16:00,89.7,90.0,89.7,90.0,14678.0
2025-02-12 14:18:00,90.0,90.0,89.8,90.0,21751.0
2025-02-12 14:20:00,89.95,89.96,89.18,89.3,50070.0
2025-02-12 14:22:00,89.33,89.33,89.1,89.3116,24090.0
2025-02-12 14:24:00,89.35,89.9,89.35,89.72,25007.0
2025-02-12 14:26:00,89.78,90.0,89.62,90.0,40509.0
2025-02-12 14:28:00,89.84,89.85,89.59,89.59,12401.0
2025-02-12 14:30:00,89.6,89.71,87.35,88.26,1733632.0
2025-02-12 14:32:00,88.26,89.2608,88.06,89.12,587232.0
2025-02-12 14:34:00,89.16,90.29,89.07,90.13,537896.0
2025-02-12 14:36:00,90.1445,90.15,89.48,89.5,503895.0
2025-02-12 14:38:00,89.54,90.385,89.54,90.215,326168.0
2025-02-12 14:40:00,90.215,90.55,89.94,90.385,423890.0
2025-02-12 14:42:00,90.41,90.6,90.1,90.17,265186.0
2025-02-12 14:44:00,90.145,90.47,90.07,90.4,264201.0
2025-02-12 14:46:00,90.4,90.98,90.34,90.97,269104.0
2025-02-12 14:48:00,90.975,91.25,90.72,90.895,290753.0
2025-02-12 14:50:00,90.85,91.0,90.6,90.9529,206764.0
2025-02-12 14:52:00,90.96,91.02,90.7112,90.8501,163601.0
2025-02-12 14:54:00,90.91,91.105,90.81,91.105,146560.0
2025-02-12 14:56:00,91.11,91.1299,90.93,91.01,179355.0
2025-02-12 14:58:00,90.94,91.01,90.85,91.0,150531.0
2025-02-12 15:00:00,91.01,91.04,90.69,90.96,180911.0
2025-02-12 15:02:00,90.96,91.02,90.8,90.87,115761.0
2025-02-12 15:04:00,90.89,91.0,90.86,90.975,83118.0
2025-02-12 15:06:00,90.96,91.1197,90.865,91.07,144266.0
2025-02-12 15:08:00,91.07,91.08,90.75,90.84,115378.0
2025-02-12 15:10:00,90.8,90.83,90.62,90.65,105315.0
2025-02-12 15:12:00,90.68,90.75,90.45,90.62,153603.0
2025-02-12 15:14:00,90.65,90.68,90.3712,90.65,177563.0
2025-02-12 15:16:00,90.68,91.1891,90.6647,91.105,121873.0
2025-02-12 15:18:00,91.09,91.18,90.92,91.1547,99784.0
2025-02-12 15:20:00,91.16,91.24,91.1,91.175,95257.0
2025-02-12 15:22:00,91.175,91.53,91.175,91.53,114281.0
2025-02-12 15:24:00,91.52,92.14,91.52,92.09,230673.0
2025-02-12 15:26:00,92.13,92.13,91.47,91.555,171039.0
2025-02-12 15:28:00,91.555,91.56,91.2,91.3,107244.0
2025-02-12 15:30:00,91.31,91.36,91.19,91.26,127565.0
2025-02-12 15:32:00,91.255,91.48,91.17,91.41,145226.0
2025-02-12 15:34:00,91.43,91.55,91.43,91.49,61579.0
2025-02-12 15:36:00,91.5,91.8,91.5,91.69,92722.0
2025-02-12 15:38:00,91.7,91.9,91.585,91.665,143620.0
2025-02-12 15:40:00,91.69,91.73,91.51,91.66,90610.0
2025-02-12 15:42:00,91.66,91.79,91.5244,91.72,137635.0
2025-02-12 15:44:00,91.7296,91.98,91.67,91.9,121906.0
2025-02-12 15:46:00,91.87,91.99,91.55,91.94,99590.0
2025-02-12 15:48:00,91.92,91.942,91.65,91.74,63697.0
2025-02-12 15:50:00,91.74,91.77,91.49,91.61,69375.0
2025-02-12 15:52:00,91.625,91.65,91.23,91.32,122464.0
2025-02-12 15:54:00,91.32,91.48,91.22,91.445,128743.0
2025-02-12 15:56:00,91.4502,91.4502,91.25,91.3,81881.0
2025-02-12 15:58:00,91.32,91.33,91.1,91.16,77890.0
2025-02-12 16:00:00,91.16,91.31,91.15,91.22,64168.0
2025-02-12 16:02:00,91.227,91.37,91.14,91.1401,92103.0
2025-02-12 16:04:00,91.1498,91.185,90.975,91.165,139130.0
2025-02-12 16:06:00,91.16,91.3,91.04,91.125,110167.0
2025-02-12 16:08:00,91.12,91.26,91.05,91.24,65575.0
2025-02-12 16:10:00,91.26,91.34,91.16,91.2242,66152.0
2025-02-12 16:12:00,91.24,91.24,91.05,91.1136,54452.0
2025-02-12 16:14:00,91.08,91.16,91.06,91.15,51607.0
2025-02-12 16:16:00,91.16,91.2,91.08,91.11,67188.0
2025-02-12 16:18:00,91.1,91.1,90.82,90.84,88277.0
2025-02-12 16:20:00,90.85,90.86,90.79,90.81,55453.0
2025-02-12 16:22:00,90.82,90.82,90.64,90.76,107102.0
2025-02-12 16:24:00,90.76,90.9547,90.63,90.77,75178.0
2025-02-12 16:26:00,90.79,90.94,90.73,90.8,74248.0
2025-02-12 16:28:00,90.8,90.93,90.8,90.88,62964.0
2025-02-12 16:30:00,90.8888,90.99,90.86,90.975,64439.0
2025-02-12 16:32:00,90.98,91.0,90.86,90.86,95249.0
2025-02-12 16:34:00,90.8608,90.95,90.8,90.86,55817.0
2025-02-12 16:36:00,90.87,91.18,90.87,91.12,94582.0
2025-02-12 16:38:00,91.125,91.15,90.895,90.895,72129.0
2025-02-12 16:40:00,90.88,90.9,90.66,90.735,62652.0
2025-02-12 16:42:00,90.73,90.8311,90.68,90.755,79822.0
2025-02-12 16:44:00,90.77,90.94,90.77,90.87,39596.0
2025-02-12 16:46:00,90.885,90.8969,90.72,90.78,49515.0
2025-02-12 16:48:00,90.78,90.9,90.75,90.8,59898.0
2025-02-12 16:50:00,90.8106,90.89,90.79,90.86,41072.0
2025-02-12 16:52:00,90.87,90.96,90.86,90.92,56722.0
2025-02-12 16:54:00,90.91,91.12,90.9,91.105,153671.0
2025-02-12 16:56:00,91.1,91.35,91.06,91.25,70113.0
2025-02-12 16:58:00,91.24,91.55,91.24,91.48,47043.0
2025-02-12 17:00:00,91.47,91.65,91.37,91.6086,68846.0
2025-02-12 17:02:00,91.61,91.76,91.5994,91.74,46330.0
2025-02-12 17:04:00,91.74,91.875,91.68,91.87,68240.0
2025-02-12 17:06:00,91.86,92.045,91.851,91.94,84613.0
2025-02-12 17:08:00,91.96,92.1068,91.9469,92.06,68555.0
2025-02-12 17:10:00,92.08,92.17,92.05,92.09,47867.0
2025-02-12 17:12:00,92.07,92.25,92.015,92.22,66596.0
2025-02-12 17:14:00,92.21,92.27,92.13,92.18,37435.0
2025-02-12 17:16:00,92.195,92.25,92.115,92.21,43353.0
2025-02-12 17:18:00,92.22,92.35,92.05,92.0682,80412.0
2025-02-12 17:20:00,92.04,92.1216,91.96,92.005,143974.0
2025-02-12 17:22:00,92.0,92.03,91.95,92.0,68302.0
2025-02-12 17:24:00,91.9992,92.01,91.78,91.9,87438.0
2025-02-12 17:26:00,91.9,91.92,91.71,91.7901,53567.0
2025-02-12 17:28:00,91.805,91.805,91.7284,91.765,30896.0
2025-02-12 17:30:00,91.76,91.8,91.6901,91.72,51675.0
2025-02-12 17:32:00,91.725,91.725,91.55,91.55,34365.0
2025-02-12 17:34:00,91.53,91.7,91.52,91.685,50167.0
2025-02-12 17:36:00,91.68,91.7406,91.64,91.645,44334.0
2025-02-12 17:38:00,91.6402,91.77,91.62,91.73,51177.0
2025-02-12 17:40:00,91.72,91.76,91.6158,91.67,33297.0
2025-02-12 17:42:00,91.68,91.7092,91.57,91.575,28961.0
2025-02-12 17:44:00,91.5759,91.74,91.5759,91.74,33622.0
2025-02-12 17:46:00,91.7491,91.794,91.74,91.77,33916.0
2025-02-12 17:48:00,91.775,91.87,91.77,91.82,51799.0
2025-02-12 17:50:00,91.83,91.905,91.81,91.89,49567.0
2025-02-12 17:52:00,91.88,91.9,91.86,91.89,24666.0
2025-02-12 17:54:00,91.9,92.0,91.89,91.97,129714.0
2025-02-12 17:56:00,91.96,92.135,91.9493,92.11,44834.0
2025-02-12 17:58:00,92.12,92.12,92.04,92.09,52852.0
2025-02-12 18:00:00,92.09,92.1,92.05,92.075,28838.0
2025-02-12 18:02:00,92.075,92.075,91.8865,91.9,43642.0
2025-02-12 18:04:00,91.91,91.965,91.89,91.89,42037.0
2025-02-12 18:06:00,91.88,92.015,91.86,91.93,38246.0
2025-02-12 18:08:00,91.915,92.18,91.89,92.18,40085.0
2025-02-12 18:10:00,92.17,92.36,92.12,92.36,76526.0
2025-02-12 18:12:00,92.35,92.41,92.18,92.2,43460.0
2025-02-12 18:14:00,92.1803,92.4,92.17,92.385,51129.0
2025-02-12 18:16:00,92.41,92.41,92.31,92.38,36726.0
2025-02-12 18:18:00,92.37,92.42,92.34,92.4178,15837.0
2025-02-12 18:20:00,92.41,92.46,92.38,92.46,42148.0
2025-02-12 18:22:00,92.455,92.51,92.44,92.51,62995.0
2025-02-12 18:24:00,92.51,92.51,92.405,92.4399,33443.0
2025-02-12 18:26:00,92.45,92.5,92.29,92.3316,46090.0
2025-02-12 18:28:00,92.325,92.425,92.28,92.3501,59270.0
2025-02-12 18:30:00,92.375,92.515,92.375,92.428,37498.0
2025-02-12 18:32:00,92.43,92.55,92.41,92.515,42460.0
2025-02-12 18:34:00,92.51,92.55,92.5,92.505,28528.0
2025-02-12 18:36:00,92.51,92.64,92.5,92.585,47431.0
2025-02-12 18:38:00,92.598,92.61,92.37,92.42,83946.0
2025-02-12 18:40:00,92.42,92.42,92.25,92.25,75980.0
2025-02-12 18:42:00,92.27,92.27,92.1501,92.1701,50812.0
2025-02-12 18:44:00,92.18,92.26,92.14,92.2348,37260.0
2025-02-12 18:46:00,92.25,92.2899,92.19,92.21,35893.0
2025-02-12 18:48:00,92.205,92.27,92.19,92.22,30069.0
2025-02-12 18:50:00,92.22,92.2525,92.2,92.22,27364.0
2025-02-12 18:52:00,92.23,92.26,92.18,92.18,37715.0
2025-02-12 18:54:00,92.19,92.22,92.07,92.145,43651.0
2025-02-12 18:56:00,92.15,92.155,91.98,91.98,53540.0
2025-02-12 18:58:00,91.98,92.0,91.9213,91.97,37888.0
2025-02-12 19:00:00,91.975,91.975,91.83,91.9053,68790.0
2025-02-12 19:02:00,91.91,91.91,91.8,91.83,46468.0
2025-02-12 19:04:00,91.84,91.85,91.6,91.65,69362.0
2025-02-12 19:06:00,91.65,91.73,91.56,91.645,70212.0
2025-02-12 19:08:00,91.63,91.77,91.58,91.73,34682.0
2025-02-12 19:10:00,91.725,91.73,91.64,91.65,51437.0
2025-02-12 19:12:00,91.65,91.6882,91.58,91.64,45109.0
2025-02-12 19:14:00,91.65,91.82,91.62,91.685,74365.0
2025-02-12 19:16:00,91.685,91.71,91.61,91.66,33315.0
2025-02-12 19:18:00,91.67,91.69,91.635,91.67,54095.0
2025-02-12 19:20:00,91.67,91.725,91.63,91.72,41779.0
2025-02-12 19:22:00,91.73,91.755,91.65,91.73,62128.0
2025-02-12 19:24:00,91.74,91.79,91.67,91.7099,26580.0
2025-02-12 19:26:00,91.685,91.8,91.65,91.8,34243.0
2025-02-12 19:28:00,91.81,91.82,91.7,91.74,156661.0
2025-02-12 19:30:00,91.73,91.84,91.7106,91.83,58160.0
2025-02-12 19:32:00,91.82,91.8913,91.76,91.8493,49454.0
2025-02-12 19:34:00,91.84,91.89,91.8,91.885,47499.0
2025-02-12 19:36:00,91.885,91.972,91.84,91.91,48061.0
2025-02-12 19:38:00,91.924,92.0038,91.9,91.955,46190.0
2025-02-12 19:40:00,91.965,91.975,91.9,91.93,30160.0
2025-02-12 19:42:00,91.94,91.97,91.91,91.965,30130.0
2025-02-12 19:44:00,91.95,91.95,91.73,91.735,46890.0
2025-02-12 19:46:00,91.735,91.8,91.71,91.74,46557.0
2025-02-12 19:48:00,91.75,91.82,91.73,91.81,70079.0
2025-02-12 19:50:00,91.82,91.88,91.76,91.77,35979.0
2025-02-12 19:52:00,91.78,91.82,91.73,91.7747,35499.0
2025-02-12 19:54:00,91.77,91.79,91.71,91.73,39495.0
2025-02-12 19:56:00,91.75,91.81,91.73,91.76,49741.0
2025-02-12 19:58:00,91.765,91.7916,91.72,91.755,63848.0
2025-02-12 20:00:00,91.755,92.0,91.75,91.975,47383.0
2025-02-12 20:02:00,91.9707,91.98,91.94,91.9401,23703.0
2025-02-12 20:04:00,91.95,92.095,91.95,91.97,66847.0
2025-02-12 20:06:00,91.96,91.96,91.81,91.825,83749.0
2025-02-12 20:08:00,91.83,91.835,91.75,91.785,54920.0
2025-02-12 20:10:00,91.785,91.94,91.785,91.94,37718.0
2025-02-12 20:12:00,91.93,91.94,91.87,91.88,52719.0
2025-02-12 20:14:00,91.88,91.93,91.8,91.8162,40717.0
2025-02-12 20:16:00,91.815,91.835,91.77,91.8,47626.0
2025-02-12 20:18:00,91.805,91.91,91.8,91.85,67008.0
2025-02-12 20:20:00,91.86,91.93,91.77,91.89,82058.0
2025-02-12 20:22:00,91.89,91.94,91.84,91.93,44912.0
2025-02-12 20:24:00,91.9416,91.98,91.905,91.91,65632.0
2025-02-12 20:26:00,91.91,91.95,91.87,91.88,47695.0
2025-02-12 20:28:00,91.88,91.88,91.76,91.77,56810.0
2025-02-12 20:30:00,91.765,91.82,91.695,91.695,69992.0
2025-02-12 20:32:00,91.695,91.79,91.6727,91.75,55676.0
2025-02-12 20:34:00,91.75,91.81,91.7313,91.77,53435.0
2025-02-12 20:36:00,91.77,91.79,91.6749,91.6749,43164.0
2025-02-12 20:38:00,91.69,91.69,91.56,91.6002,75265.0
2025-02-12 20:40:00,91.61,91.6468,91.5,91.56,87478.0
2025-02-12 20:42:00,91.58,91.59,91.49,91.49,71046.0
2025-02-12 20:44:00,91.48,91.52,91.41,91.5099,70607.0
2025-02-12 20:46:00,91.4934,91.65,91.4501,91.65,85855.0
2025-02-12 20:48:00,91.63,91.76,91.61,91.73,96473.0
2025-02-12 20:50:00,91.715,91.915,91.65,91.905,245890.0
2025-02-12 20:52:00,91.91,91.96,91.87,91.89,143990.0
2025-02-12 20:54:00,91.89,91.96,91.67,91.96,374286.0
2025-02-12 20:56:00,91.96,91.98,91.61,91.72,281032.0
2025-02-12 20:58:00,91.725,91.74,91.585,91.67,485017.0
2025-02-12 21:00:00,91.68,91.8,91.68,91.7,52367.0
2025-02-12 21:02:00,91.7,91.8,91.7,91.78,3987.0
2025-02-12 21:04:00,91.7011,91.7011,91.7011,91.7011,2863.0
2025-02-12 21:06:00,91.68,91.77,91.68,91.77,6218.0
2025-02-12 21:08:00,91.85,91.85,91.85,91.85,1412.0
2025-02-12 21:10:00,91.77,91.77,91.7117,91.77,1583.0
2025-02-12 21:12:00,91.7107,91.73,91.68,91.73,7532.0
2025-02-12 21:16:00,91.8,91.83,91.8,91.83,2169.0
2025-02-12 21:18:00,91.82,91.82,91.79,91.79,583.0
2025-02-12 21:20:00,91.75,91.75,91.7,91.7,556.0
2025-02-12 21:24:00,91.7,91.77,91.7,91.77,839.0
2025-02-12 21:26:00,91.68,91.71,91.68,91.7,1081.0
2025-02-12 21:28:00,91.7002,91.7002,91.68,91.68,3252.0
2025-02-12 21:30:00,91.6411,91.68,91.6411,91.68,2474.0
2025-02-12 21:32:00,91.68,91.68,91.65,91.65,867.0
2025-02-12 21:34:00,91.6104,91.6104,91.6104,91.6104,314.0
2025-02-12 21:36:00,91.61,91.61,91.55,91.55,2325.0
2025-02-12 21:38:00,91.6,91.6,91.5411,91.5411,834.0
2025-02-12 21:40:00,91.5712,91.5712,91.5712,91.5712,1486.0
2025-02-12 21:42:00,91.63,91.67,91.63,91.67,1558.0
2025-02-12 21:46:00,91.64,91.7,91.64,91.65,630.0
2025-02-12 21:48:00,91.69,91.69,91.67,91.67,566.0
2025-02-12 21:50:00,91.7,91.7,91.64,91.64,822.0
2025-02-12 21:52:00,91.64,91.64,91.64,91.64,226.0
2025-02-12 21:54:00,91.7,91.7,91.7,91.7,1022.0
2025-02-12 21:56:00,91.6504,91.6504,91.6504,91.6504,1035.0
2025-02-12 22:00:00,91.7,91.72,91.6501,91.6501,3409.0
2025-02-12 22:02:00,91.72,91.72,91.66,91.66,822.0
2025-02-12 22:04:00,91.65,91.65,91.64,91.64,4008.0
2025-02-12 22:08:00,91.62,91.62,91.62,91.62,1892.0
2025-02-12 22:12:00,91.64,91.64,91.63,91.63,1608.0
2025-02-12 22:14:00,91.61,91.61,91.61,91.61,165.0
2025-02-12 22:16:00,91.5042,91.67,91.5042,91.67,1933.0
2025-02-12 22:18:00,91.55,91.55,91.5,91.5,316.0
2025-02-12 22:20:00,91.51,91.5158,91.51,91.5158,623.0
2025-02-12 22:22:00,91.52,91.58,91.52,91.58,551.0
2025-02-12 22:26:00,91.5632,91.6,91.5632,91.6,357.0
2025-02-12 22:28:00,91.5975,91.6,91.5,91.5,1344.0
2025-02-12 22:30:00,91.63,91.63,91.63,91.63,3015.0
2025-02-12 22:34:00,91.51,91.51,91.51,91.51,326.0
2025-02-12 22:38:00,91.51,91.51,91.51,91.51,106.0
2025-02-12 22:40:00,91.6,91.6,91.6,91.6,305.0
2025-02-12 22:44:00,91.63,91.63,91.63,91.63,366.0
2025-02-12 22:52:00,91.52,91.5585,91.51,91.5585,1650.0
2025-02-12 22:58:00,91.51,91.51,91.5,91.51,1692.0
2025-02-12 23:00:00,91.5,91.5,91.5,91.5,142.0
2025-02-12 23:04:00,91.5499,91.55,91.54,91.55,324.0
2025-02-12 23:06:00,91.53,91.53,91.53,91.53,126.0
2025-02-12 23:08:00,91.56,91.56,91.51,91.53,655.0
2025-02-12 23:12:00,91.6,91.6,91.6,91.6,240.0
2025-02-12 23:18:00,91.55,91.56,91.55,91.56,582.0
2025-02-12 23:22:00,91.57,91.57,91.57,91.57,245.0
2025-02-12 23:24:00,91.59,91.6,91.59,91.6,459.0
2025-02-12 23:26:00,91.58,91.58,91.58,91.58,154.0
2025-02-12 23:32:00,91.5301,91.54,91.53,91.5317,1527.0
2025-02-12 23:36:00,91.6,91.62,91.6,91.62,268.0
2025-02-12 23:38:00,91.6,91.6,91.6,91.6,106.0
2025-02-12 23:44:00,91.61,91.63,91.552,91.552,2252.0
2025-02-12 23:50:00,91.63,91.72,91.63,91.72,1977.0
2025-02-12 23:56:00,91.74,91.74,91.74,91.74,270.0
2025-02-13 00:00:00,91.63,91.63,91.63,91.63,1059.0
2025-02-13 00:02:00,91.637,91.637,91.637,91.637,100.0
2025-02-13 00:04:00,91.9225,91.9225,91.63,91.63,506.0
2025-02-13 00:08:00,91.67,91.67,91.67,91.67,184.0
2025-02-13 00:10:00,91.6511,91.7,91.6511,91.7,1390.0
2025-02-13 00:14:00,91.7499,91.7499,91.7499,91.7499,509.0
2025-02-13 00:18:00,91.7,91.7,91.7,91.7,130.0
2025-02-13 00:22:00,91.75,91.75,91.75,91.75,100.0
2025-02-13 00:24:00,91.7,91.74,91.7,91.74,1035.0
2025-02-13 00:26:00,91.72,91.803,91.72,91.803,1784.0
2025-02-13 00:28:00,91.801,91.9006,91.8005,91.9006,995.0
2025-02-13 00:30:00,91.9168,91.9168,91.9168,91.9168,233.0
2025-02-13 00:42:00,91.92,91.92,91.92,91.92,569.0
2025-02-13 00:44:00,91.92,91.92,91.8035,91.8035,1514.0
2025-02-13 00:52:00,91.83,91.83,91.76,91.7601,1106.0
2025-02-13 00:54:00,91.94,91.94,91.94,91.94,642.0
2025-02-13 00:56:00,91.8,91.9358,91.8,91.9358,883.0
2025-02-13 09:00:00,91.34,91.34,91.34,91.34,1552.0
2025-02-13 09:02:00,91.61,91.8,91.61,91.8,2323.0
2025-02-13 09:12:00,91.6,91.6,91.59,91.59,425.0
2025-02-13 09:22:00,91.89,91.89,91.89,91.89,200.0
2025-02-13 09:24:00,91.73,91.73,91.7,91.73,510.0
2025-02-13 09:30:00,91.91,91.91,91.91,91.91,103.0
2025-02-13 09:32:00,91.74,91.74,91.74,91.74,100.0
2025-02-13 09:38:00,91.81,91.82,91.81,91.82,513.0
2025-02-13 09:42:00,91.9,91.9,91.9,91.9,598.0
2025-02-13 09:56:00,91.85,91.85,91.85,91.85,144.0
2025-02-13 10:06:00,91.75,91.75,91.71,91.71,742.0
2025-02-13 10:08:00,91.71,91.71,91.71,91.71,250.0
2025-02-13 10:18:00,91.86,91.86,91.86,91.86,302.0
2025-02-13 10:24:00,91.78,91.83,91.78,91.83,239.0
2025-02-13 10:26:00,91.88,91.88,91.88,91.88,100.0
2025-02-13 10:32:00,91.78,91.78,91.77,91.77,1192.0
2025-02-13 11:12:00,91.87,91.87,91.86,91.86,379.0
2025-02-13 11:16:00,91.8,91.8,91.77,91.77,319.0
2025-02-13 11:20:00,91.8,91.8,91.8,91.8,1068.0
2025-02-13 11:26:00,91.77,91.77,91.77,91.77,222.0
2025-02-13 11:44:00,91.85,91.91,91.85,91.91,616.0
2025-02-13 11:46:00,91.72,91.72,91.72,91.72,525.0
2025-02-13 11:48:00,91.7,91.7,91.69,91.69,1437.0
2025-02-13 11:50:00,91.7,91.7,91.7,91.7,300.0
2025-02-13 11:52:00,91.74,91.74,91.67,91.67,944.0
2025-02-13 11:58:00,91.7,91.7,91.7,91.7,130.0
2025-02-13 12:06:00,91.85,91.85,91.85,91.85,140.0
2025-02-13 12:08:00,91.8,91.8,91.8,91.8,1126.0
2025-02-13 12:10:00,91.76,91.78,91.76,91.78,581.0
2025-02-13 12:12:00,91.75,91.75,91.7,91.7,2062.0
2025-02-13 12:14:00,91.71,91.71,91.71,91.71,201.0
2025-02-13 12:16:00,91.75,91.75,91.75,91.75,209.0
2025-02-13 12:18:00,91.71,91.71,91.7,91.7,1270.0
2025-02-13 12:20:00,91.71,91.75,91.71,91.75,391.0
2025-02-13 12:22:00,91.71,91.71,91.71,91.71,1238.0
2025-02-13 12:28:00,91.78,91.78,91.71,91.71,429.0
2025-02-13 12:48:00,91.75,91.77,91.74,91.77,885.0
2025-02-13 12:50:00,91.77,91.77,91.77,91.77,211.0
2025-02-13 13:00:00,91.8005,92.6,91.39,91.79,25173.0
2025-02-13 13:02:00,91.78,91.91,91.78,91.91,1868.0
2025-02-13 13:04:00,91.94,91.94,91.94,91.94,147.0
2025-02-13 13:06:00,91.8489,91.8489,91.84,91.84,650.0
2025-02-13 13:08:00,91.8,91.8,91.8,91.8,372.0
2025-02-13 13:10:00,91.761,91.761,91.761,91.761,406.0
2025-02-13 13:14:00,91.77,91.77,91.73,91.73,15825.0
2025-02-13 13:16:00,91.73,91.73,91.73,91.73,373.0
2025-02-13 13:18:00,91.9384,91.9384,91.9384,91.9384,120.0
2025-02-13 13:20:00,91.82,91.9,91.82,91.9,1736.0
2025-02-13 13:22:00,91.79,91.79,91.78,91.78,447.0
2025-02-13 13:24:00,91.77,91.77,91.75,91.7501,901.0
2025-02-13 13:26:00,91.77,91.77,91.77,91.77,156.0
2025-02-13 13:28:00,91.81,91.9,91.81,91.9,4635.0
2025-02-13 13:30:00,91.91,92.25,91.91,92.23,4011.0
2025-02-13 13:32:00,91.86,92.25,91.86,92.25,4243.0
2025-02-13 13:34:00,92.34,92.34,92.23,92.25,1854.0
2025-02-13 13:36:00,92.23,92.35,92.23,92.35,5371.0
2025-02-13 13:38:00,92.4499,92.48,92.3881,92.3881,3865.0
2025-02-13 13:40:00,92.32,92.385,92.32,92.33,3924.0
2025-02-13 13:42:00,92.3899,92.3899,92.32,92.38,4295.0
2025-02-13 13:44:00,92.35,92.37,92.19,92.21,5566.0
2025-02-13 13:46:00,92.23,92.27,92.23,92.25,1726.0
2025-02-13 13:48:00,92.28,92.28,92.28,92.28,756.0
2025-02-13 13:50:00,92.29,92.32,92.2402,92.32,2710.0
2025-02-13 13:52:00,92.36,92.3757,92.23,92.31,8101.0
2025-02-13 13:54:00,92.31,92.36,92.27,92.3001,1577.0
2025-02-13 13:56:00,92.33,92.47,92.33,92.4201,2796.0
2025-02-13 13:58:00,92.4601,92.4601,92.43,92.43,2525.0
2025-02-13 14:00:00,92.35,92.35,92.35,92.35,454.0
2025-02-13 14:02:00,92.4,92.4,92.35,92.35,2202.0
2025-02-13 14:04:00,92.4455,92.4455,92.3584,92.3584,1443.0
2025-02-13 14:06:00,92.35,92.4,92.3014,92.4,3509.0
2025-02-13 14:08:00,92.4,92.46,92.37,92.37,1764.0
2025-02-13 14:10:00,92.4499,92.4499,92.3715,92.38,1154.0
2025-02-13 14:12:00,92.4,92.4,92.37,92.3894,1839.0
2025-02-13 14:14:00,92.35,92.42,92.35,92.413,2494.0
2025-02-13 14:16:00,92.38,92.38,92.3,92.37,3047.0
2025-02-13 14:18:00,92.3685,92.3685,92.3,92.33,1766.0
2025-02-13 14:20:00,92.3007,92.3199,92.3007,92.3199,610.0
2025-02-13 14:22:00,92.3,92.3298,92.3,92.31,1836.0
2025-02-13 14:24:00,92.3192,92.3192,91.8512,92.05,10413.0
2025-02-13 14:26:00,92.3,92.3,92.1,92.1,438.0
2025-02-13 14:28:00,92.28,92.37,92.02,92.1,5119.0
2025-02-13 14:30:00,92.06,93.29,92.02,93.14,473848.0
2025-02-13 14:32:00,93.1643,94.0099,93.1378,93.76,351338.0
2025-02-13 14:34:00,93.9099,94.12,93.65,93.755,252871.0
2025-02-13 14:36:00,93.755,93.8917,93.47,93.63,130653.0
2025-02-13 14:38:00,93.64,93.8278,93.2651,93.7712,145176.0
2025-02-13 14:40:00,93.8195,93.9,93.53,93.58,154205.0
2025-02-13 14:42:00,93.57,93.65,93.26,93.37,121661.0
2025-02-13 14:44:00,93.38,93.38,93.1,93.16,101708.0
2025-02-13 14:46:00,93.15,93.24,92.67,92.87,154321.0
2025-02-13 14:48:00,92.8523,93.23,92.79,93.1572,138217.0
2025-02-13 14:50:00,93.1449,93.6004,92.965,93.43,159238.0
2025-02-13 14:52:00,93.43,93.49,93.267,93.37,110637.0
2025-02-13 14:54:00,93.35,93.38,93.1566,93.38,71484.0
2025-02-13 14:56:00,93.35,93.49,93.295,93.48,75358.0
2025-02-13 14:58:00,93.47,93.79,93.35,93.7899,149309.0
2025-02-13 15:00:00,93.78,93.96,93.7,93.87,134935.0
2025-02-13 15:02:00,93.88,94.44,93.88,94.31,204461.0
2025-02-13 15:04:00,94.33,94.41,93.9801,94.1,102453.0
2025-02-13 15:06:00,94.13,94.14,93.6501,93.755,94841.0
2025-02-13 15:08:00,93.77,94.02,93.72,93.94,80397.0
2025-02-13 15:10:00,93.93,94.16,93.92,94.12,90991.0
2025-02-13 15:12:00,94.13,94.21,93.93,94.15,108428.0
2025-02-13 15:14:00,94.12,94.24,93.9801,94.24,64138.0
2025-02-13 15:16:00,94.25,94.43,94.2444,94.41,93919.0
2025-02-13 15:18:00,94.4,94.775,94.37,94.73,224557.0
2025-02-13 15:20:00,94.72,94.81,94.43,94.47,97876.0
2025-02-13 15:22:00,94.48,94.68,94.48,94.51,67938.0
2025-02-13 15:24:00,94.52,94.58,94.415,94.455,109720.0
2025-02-13 15:26:00,94.44,94.45,94.2301,94.35,57346.0
2025-02-13 15:28:00,94.335,94.4151,94.28,94.3302,66655.0
2025-02-13 15:30:00,94.35,94.62,94.34,94.57,64850.0
2025-02-13 15:32:00,94.57,94.61,94.235,94.38,64353.0
2025-02-13 15:34:00,94.39,94.63,94.38,94.605,65153.0
2025-02-13 15:36:00,94.5901,94.8,94.5901,94.67,103228.0
2025-02-13 15:38:00,94.66,94.91,94.6248,94.8829,89597.0
2025-02-13 15:40:00,94.91,94.96,94.7501,94.845,52581.0
2025-02-13 15:42:00,94.85,95.0768,94.76,95.05,180078.0
2025-02-13 15:44:00,95.04,95.12,94.98,95.11,117648.0
2025-02-13 15:46:00,95.112,95.112,94.77,94.8,99245.0
2025-02-13 15:48:00,94.7874,95.04,94.76,95.02,98053.0
2025-02-13 15:50:00,95.0,95.06,94.79,95.025,90235.0
2025-02-13 15:52:00,95.0153,95.0688,94.87,95.055,63082.0
2025-02-13 15:54:00,95.04,95.07,94.78,94.82,66185.0
2025-02-13 15:56:00,94.8,94.96,94.7801,94.96,54871.0
2025-02-13 15:58:00,94.96,94.97,94.74,94.94,63668.0
2025-02-13 16:00:00,94.931,95.09,94.91,95.06,70823.0
2025-02-13 16:02:00,95.05,95.26,95.04,95.26,115661.0
2025-02-13 16:04:00,95.27,95.35,95.03,95.065,73016.0
2025-02-13 16:06:00,95.07,95.15,94.8785,94.98,54634.0
2025-02-13 16:08:00,94.985,95.16,94.92,95.125,58376.0
2025-02-13 16:10:00,95.075,95.12,95.03,95.105,46998.0
2025-02-13 16:12:00,95.1,95.24,95.07,95.205,63574.0
2025-02-13 16:14:00,95.2,95.23,95.04,95.2,57667.0
2025-02-13 16:16:00,95.205,95.2664,95.1512,95.17,49247.0
2025-02-13 16:18:00,95.17,95.27,95.15,95.18,58025.0
2025-02-13 16:20:00,95.17,95.2102,95.09,95.09,45138.0
2025-02-13 16:22:00,95.09,95.2986,95.03,95.23,64413.0
2025-02-13 16:24:00,95.25,95.37,95.17,95.21,57099.0
2025-02-13 16:26:00,95.21,95.325,95.2,95.25,50513.0
2025-02-13 16:28:00,95.25,95.35,95.23,95.27,51419.0
2025-02-13 16:30:00,95.2501,95.3,95.05,95.09,91965.0
2025-02-13 16:32:00,95.09,95.175,94.98,95.15,103743.0
2025-02-13 16:34:00,95.145,95.23,95.08,95.1626,53194.0
2025-02-13 16:36:00,95.16,95.25,95.1,95.185,49433.0
2025-02-13 16:38:00,95.19,95.19,94.8739,94.935,74063.0
2025-02-13 16:40:00,94.95,95.175,94.95,95.15,35919.0
2025-02-13 16:42:00,95.1531,95.16,94.99,95.0825,45695.0
2025-02-13 16:44:00,95.08,95.0846,94.95,94.995,24196.0
2025-02-13 16:46:00,95.0,95.14,94.99,95.12,37257.0
2025-02-13 16:48:00,95.13,95.14,94.98,95.05,38707.0
2025-02-13 16:50:00,95.04,95.04,94.975,95.0,54934.0
2025-02-13 16:52:00,94.995,94.995,94.86,94.9,51240.0
2025-02-13 16:54:00,94.905,94.96,94.8174,94.83,37317.0
2025-02-13 16:56:00,94.82,94.8599,94.69,94.82,73459.0
2025-02-13 16:58:00,94.83,94.86,94.7578,94.86,32706.0
2025-02-13 17:00:00,94.85,94.96,94.7801,94.96,34717.0
2025-02-13 17:02:00,94.96,95.045,94.91,95.04,53881.0
2025-02-13 17:04:00,95.02,95.04,94.92,95.03,44395.0
2025-02-13 17:06:00,95.04,95.11,95.02,95.11,76733.0
2025-02-13 17:08:00,95.11,95.11,94.93,94.93,20069.0
2025-02-13 17:10:00,94.94,95.04,94.87,94.91,34863.0
2025-02-13 17:12:00,94.894,94.98,94.8,94.8799,25841.0
2025-02-13 17:14:00,94.8501,94.87,94.78,94.83,36106.0
2025-02-13 17:16:00,94.85,94.93,94.81,94.87,21048.0
2025-02-13 17:18:00,94.86,94.9,94.77,94.8198,22898.0
2025-02-13 17:20:00,94.82,94.99,94.82,94.99,24338.0
2025-02-13 17:22:00,94.98,94.98,94.88,94.92,38550.0
2025-02-13 17:24:00,94.92,94.96,94.88,94.96,49803.0
2025-02-13 17:26:00,94.9646,95.0466,94.92,95.0224,34003.0
2025-02-13 17:28:00,95.04,95.075,94.88,94.9,49566.0
2025-02-13 17:30:00,94.92,94.92,94.7702,94.91,26599.0
2025-02-13 17:32:00,94.9,94.92,94.82,94.87,31236.0
2025-02-13 17:34:00,94.87,94.905,94.8552,94.87,20279.0
2025-02-13 17:36:00,94.89,94.9,94.8,94.85,20121.0
2025-02-13 17:38:00,94.845,94.91,94.8144,94.91,25483.0
2025-02-13 17:40:00,94.92,94.94,94.8142,94.85,21827.0
2025-02-13 17:42:00,94.83,94.83,94.76,94.78,31830.0
2025-02-13 17:44:00,94.785,94.98,94.785,94.98,43055.0
2025-02-13 17:46:00,94.97,95.045,94.97,95.0076,25431.0
2025-02-13 17:48:00,95.015,95.075,94.98,95.04,53301.0
2025-02-13 17:50:00,95.0326,95.085,95.02,95.04,22437.0
2025-02-13 17:52:00,95.0423,95.13,95.03,95.12,20448.0
2025-02-13 17:54:00,95.1,95.1352,95.0505,95.0505,19878.0
2025-02-13 17:56:00,95.0508,95.08,94.93,94.9302,31435.0
2025-02-13 17:58:00,94.9,94.97,94.86,94.94,26904.0
2025-02-13 18:00:00,94.91,94.91,94.77,94.81,31017.0
2025-02-13 18:02:00,94.81,94.85,94.74,94.85,33481.0
2025-02-13 18:04:00,94.845,94.89,94.82,94.875,14392.0
2025-02-13 18:06:00,94.875,94.92,94.82,94.9,19261.0
2025-02-13 18:08:00,94.9,94.9,94.8131,94.85,17332.0
2025-02-13 18:10:00,94.86,94.88,94.8007,94.84,18507.0
2025-02-13 18:12:00,94.845,94.8802,94.8028,94.86,19088.0
2025-02-13 18:14:00,94.865,94.875,94.73,94.765,23970.0
2025-02-13 18:16:00,94.76,94.82,94.65,94.78,42755.0
2025-02-13 18:18:00,94.78,94.78,94.38,94.52,93083.0
2025-02-13 18:20:00,94.51,94.77,94.47,94.69,47335.0
2025-02-13 18:22:00,94.69,94.74,94.62,94.73,21650.0
2025-02-13 18:24:00,94.73,94.88,94.73,94.87,23187.0
2025-02-13 18:26:00,94.87,95.05,94.87,94.9401,79060.0
2025-02-13 18:28:00,94.935,94.98,94.85,94.97,35085.0
2025-02-13 18:30:00,94.98,95.02,94.91,94.97,16900.0
2025-02-13 18:32:00,94.975,94.975,94.9,94.93,19367.0
2025-02-13 18:34:00,94.925,94.99,94.89,94.93,18627.0
2025-02-13 18:36:00,94.94,95.06,94.94,94.9949,28283.0
2025-02-13 18:38:00,94.99,95.1,94.955,95.1,30828.0
2025-02-13 18:40:00,95.1,95.17,94.7848,94.84,97242.0
2025-02-13 18:42:00,94.83,94.93,94.62,94.67,67266.0
2025-02-13 18:44:00,94.65,94.95,94.63,94.95,44384.0
2025-02-13 18:46:00,94.93,95.08,94.87,95.05,41244.0
2025-02-13 18:48:00,95.07,95.17,95.07,95.145,32163.0
2025-02-13 18:50:00,95.14,95.3,95.08,95.2,100021.0
2025-02-13 18:52:00,95.215,95.3,95.06,95.21,166508.0
2025-02-13 18:54:00,95.22,95.29,95.14,95.18,31630.0
2025-02-13 18:56:00,95.18,95.43,95.18,95.36,75185.0
2025-02-13 18:58:00,95.36,95.38,95.29,95.3,54990.0
2025-02-13 19:00:00,95.29,95.36,95.2,95.355,39699.0
2025-02-13 19:02:00,95.34,95.34,95.24,95.33,23386.0
2025-02-13 19:04:00,95.34,95.4,95.25,95.28,34942.0
2025-02-13 19:06:00,95.29,95.42,95.285,95.4046,42193.0
2025-02-13 19:08:00,95.41,95.41,95.21,95.24,48028.0
2025-02-13 19:10:00,95.24,95.27,95.0338,95.07,64067.0
2025-02-13 19:12:00,95.065,95.14,95.05,95.075,48625.0
2025-02-13 19:14:00,95.0913,95.205,95.08,95.185,41460.0
2025-02-13 19:16:00,95.18,95.285,95.1505,95.27,39611.0
2025-02-13 19:18:00,95.2754,95.31,95.21,95.28,35347.0
2025-02-13 19:20:00,95.2769,95.289,95.19,95.2299,29279.0
2025-02-13 19:22:00,95.2201,95.235,95.1722,95.22,20817.0
2025-02-13 19:24:00,95.21,95.28,95.21,95.27,51110.0
2025-02-13 19:26:00,95.26,95.3,95.2,95.22,43351.0
2025-02-13 19:28:00,95.22,95.25,95.17,95.18,33964.0
2025-02-13 19:30:00,95.17,95.28,95.14,95.18,43679.0
2025-02-13 19:32:00,95.175,95.35,95.155,95.34,57510.0
2025-02-13 19:34:00,95.34,95.36,95.27,95.36,42130.0
2025-02-13 19:36:00,95.37,95.4,95.32,95.395,48865.0
2025-02-13 19:38:00,95.395,95.42,95.3353,95.3962,35924.0
2025-02-13 19:40:00,95.39,95.41,95.2337,95.24,42046.0
2025-02-13 19:42:00,95.25,95.31,95.2051,95.3,30746.0
2025-02-13 19:44:00,95.3,95.34,95.3,95.3015,25477.0
2025-02-13 19:46:00,95.31,95.41,95.29,95.405,39693.0
2025-02-13 19:48:00,95.42,95.435,95.35,95.43,35308.0
2025-02-13 19:50:00,95.43,95.6,95.43,95.5751,97685.0
2025-02-13 19:52:00,95.6,95.63,95.56,95.57,52175.0
2025-02-13 19:54:00,95.5732,95.64,95.5732,95.63,37022.0
2025-02-13 19:56:00,95.63,95.66,95.5625,95.585,38493.0
2025-02-13 19:58:00,95.59,95.6166,95.14,95.27,278854.0
2025-02-13 20:00:00,95.27,95.59,95.215,95.56,76504.0
2025-02-13 20:02:00,95.55,95.64,95.49,95.62,58920.0
2025-02-13 20:04:00,95.625,95.63,95.46,95.55,47070.0
2025-02-13 20:06:00,95.54,95.65,95.5,95.64,41728.0
2025-02-13 20:08:00,95.65,95.74,95.63,95.73,54257.0
2025-02-13 20:10:00,95.73,95.75,95.63,95.67,45090.0
2025-02-13 20:12:00,95.68,95.72,95.63,95.6603,37128.0
2025-02-13 20:14:00,95.69,95.74,95.64,95.665,28176.0
2025-02-13 20:16:00,95.66,95.715,95.65,95.7116,47126.0
2025-02-13 20:18:00,95.71,95.74,95.6401,95.6754,49278.0
2025-02-13 20:20:00,95.675,95.71,95.6117,95.62,62825.0
2025-02-13 20:22:00,95.625,95.645,95.55,95.645,56784.0
2025-02-13 20:24:00,95.64,95.69,95.55,95.5932,50822.0
2025-02-13 20:26:00,95.61,95.61,95.55,95.58,51752.0
2025-02-13 20:28:00,95.58,95.71,95.58,95.71,47777.0
2025-02-13 20:30:00,95.705,95.705,95.58,95.63,62875.0
2025-02-13 20:32:00,95.65,95.68,95.61,95.65,42780.0
2025-02-13 20:34:00,95.67,95.68,95.59,95.63,76115.0
2025-02-13 20:36:00,95.635,95.69,95.574,95.675,74467.0
2025-02-13 20:38:00,95.68,95.74,95.68,95.715,72880.0
2025-02-13 20:40:00,95.715,95.8,95.71,95.7556,82695.0
2025-02-13 20:42:00,95.76,95.8,95.74,95.79,50129.0
2025-02-13 20:44:00,95.79,95.89,95.79,95.85,98043.0
2025-02-13 20:46:00,95.86,95.89,95.8,95.88,87661.0
2025-02-13 20:48:00,95.875,96.03,95.875,96.01,174531.0
2025-02-13 20:50:00,96.05,96.065,95.92,95.94,169999.0
2025-02-13 20:52:00,95.94,96.0,95.68,95.68,164753.0
2025-02-13 20:54:00,95.68,95.83,95.16,95.2399,326016.0
2025-02-13 20:56:00,95.235,95.81,95.235,95.8,353190.0
2025-02-13 20:58:00,95.79,95.81,95.66,95.67,546953.0
2025-02-13 21:00:00,95.66,95.75,95.66,95.75,109046.0
2025-02-13 21:02:00,95.69,95.89,95.66,95.89,7836.0
2025-02-13 21:04:00,95.89,95.89,95.78,95.85,6058.0
2025-02-13 21:06:00,95.66,95.9603,95.66,95.9603,7974.0
2025-02-13 21:08:00,95.8504,95.9,95.85,95.85,1609.0
2025-02-13 21:10:00,95.85,95.8515,95.85,95.8515,371.0
2025-02-13 21:12:00,95.8505,95.8505,95.79,95.79,2414.0
2025-02-13 21:14:00,95.71,95.71,95.71,95.71,1238.0
2025-02-13 21:16:00,95.76,95.76,95.65,95.7,2050.0
2025-02-13 21:18:00,95.65,95.75,95.65,95.66,1218.0
2025-02-13 21:22:00,95.65,95.66,95.63,95.63,3291.0
2025-02-13 21:24:00,95.61,95.61,95.55,95.55,1564.0
2025-02-13 21:26:00,95.5525,95.56,95.55,95.56,1703.0
2025-02-13 21:28:00,95.5001,95.5001,95.5,95.5,296.0
2025-02-13 21:30:00,95.6,95.6,95.55,95.55,627.0
2025-02-13 21:32:00,95.6,95.6,95.52,95.522,1679.0
2025-02-13 21:34:00,95.5201,95.5201,95.5201,95.5201,1584.0
2025-02-13 21:36:00,95.66,95.66,95.66,95.66,599.0
2025-02-13 21:38:00,95.52,95.52,95.46,95.46,1174.0
2025-02-13 21:40:00,95.45,95.5383,95.45,95.5383,625.0
2025-02-13 21:42:00,95.5,95.52,95.5,95.52,235.0
2025-02-13 21:44:00,95.4511,95.51,95.4511,95.4514,726.0
2025-02-13 21:46:00,95.5,95.55,95.49,95.55,3325.0
2025-02-13 21:48:00,95.53,95.59,95.51,95.59,412.0
2025-02-13 21:50:00,95.6,95.65,95.6,95.65,1759.0
2025-02-13 21:52:00,95.71,95.76,95.71,95.76,16446.0
2025-02-13 21:54:00,95.76,95.76,95.75,95.75,4176.0
2025-02-13 21:56:00,95.65,95.65,95.65,95.65,2513.0
2025-02-13 21:58:00,95.659,95.659,95.659,95.659,302.0
2025-02-13 22:00:00,95.6,95.6,95.6,95.6,267.0
2025-02-13 22:02:00,95.58,95.58,95.58,95.58,202.0
2025-02-13 22:04:00,95.6,95.6,95.6,95.6,104.0
2025-02-13 22:06:00,95.58,95.6491,95.58,95.582,1700.0
2025-02-13 22:08:00,95.6019,95.62,95.6015,95.6015,1692.0
2025-02-13 22:10:00,95.61,95.61,95.61,95.61,1454.0
2025-02-13 22:12:00,95.64,95.64,95.64,95.64,429.0
2025-02-13 22:18:00,95.61,95.61,95.61,95.61,315.0
2025-02-13 22:20:00,95.6,95.6,95.6,95.6,120.0
2025-02-13 22:22:00,95.582,95.582,95.582,95.582,167.0
2025-02-13 22:26:00,95.6,95.6,95.55,95.55,1787.0
2025-02-13 22:32:00,95.5457,95.5457,95.5457,95.5457,222.0
2025-02-13 22:40:00,95.5,95.5,95.5,95.5,103.0
2025-02-13 22:46:00,95.4509,95.4509,95.4509,95.4509,2005.0
2025-02-13 22:48:00,95.46,95.46,95.43,95.45,1525.0
2025-02-13 22:50:00,95.4201,95.4201,95.4201,95.4201,1025.0
2025-02-13 22:52:00,95.43,95.43,95.43,95.43,100.0
2025-02-13 22:56:00,95.42,95.4899,95.42,95.4899,1320.0
2025-02-13 22:58:00,95.49,95.49,95.49,95.49,225.0
2025-02-13 23:04:00,95.49,95.5,95.49,95.5,804.0
2025-02-13 23:06:00,95.5488,95.5488,95.5,95.5,702.0
2025-02-13 23:10:00,95.5,95.51,95.5,95.5,561.0
2025-02-13 23:14:00,95.54,95.55,95.3575,95.3575,2214.0
2025-02-13 23:16:00,95.5,95.5,95.5,95.5,351.0
2025-02-13 23:28:00,95.65,95.65,95.65,95.65,111.0
2025-02-13 23:30:00,95.6,95.6,95.6,95.6,305.0
2025-02-13 23:36:00,95.66,95.66,95.66,95.66,516.0
2025-02-13 23:46:00,95.46,95.46,95.46,95.46,150.0
2025-02-13 23:50:00,95.66,95.66,95.66,95.66,1012.0
2025-02-13 23:54:00,95.46,95.5,95.46,95.5,2847.0
2025-02-14 00:00:00,95.66,95.66,95.66,95.66,477.0
2025-02-14 00:02:00,95.6,95.6,95.6,95.6,265.0
2025-02-14 00:14:00,95.4707,95.4707,95.4707,95.4707,449.0
2025-02-14 00:16:00,95.5001,95.5001,95.5001,95.5001,291.0
2025-02-14 00:18:00,95.5003,95.5003,95.5003,95.5003,250.0
2025-02-14 00:20:00,95.52,95.52,95.52,95.52,205.0
2025-02-14 00:22:00,95.64,95.66,95.64,95.66,469.0
2025-02-14 00:38:00,95.6,95.6,95.6,95.6,1000.0
2025-02-14 00:44:00,95.6,95.6,95.6,95.6,1122.0
2025-02-14 00:52:00,95.66,95.66,95.66,95.66,548.0
2025-02-14 00:54:00,95.6501,95.6501,95.6501,95.6501,455.0
2025-02-14 00:58:00,95.7,95.75,95.7,95.75,617.0
2025-02-14 09:00:00,96.0,96.0,96.0,96.0,245.0
2025-02-14 09:04:00,96.09,96.13,96.09,96.13,744.0
2025-02-14 09:06:00,96.24,96.61,96.24,96.61,6489.0
2025-02-14 09:08:00,96.69,97.19,96.69,97.1,4355.0
2025-02-14 09:10:00,97.0,97.0,97.0,97.0,1460.0
2025-02-14 09:12:00,97.0,97.2,97.0,97.2,6399.0
2025-02-14 09:16:00,97.2,97.2,97.2,97.2,1075.0
2025-02-14 09:18:00,97.3,97.3,97.2,97.24,1731.0
2025-02-14 09:20:00,97.3,97.3,97.19,97.21,4925.0
2025-02-14 09:22:00,97.22,97.22,97.2,97.2,2417.0
2025-02-14 09:26:00,97.21,97.21,97.2,97.2,1719.0
2025-02-14 09:28:00,97.14,97.14,97.1,97.1,656.0
2025-02-14 09:30:00,97.14,97.15,97.11,97.11,1712.0
2025-02-14 09:34:00,97.15,97.21,97.15,97.2,1383.0
2025-02-14 09:36:00,97.22,97.22,97.22,97.22,222.0
2025-02-14 09:38:00,97.2,97.2,97.2,97.2,1158.0
2025-02-14 09:40:00,97.2,97.2,97.2,97.2,245.0
2025-02-14 09:42:00,97.25,97.25,97.25,97.25,303.0
2025-02-14 09:48:00,97.24,97.31,97.23,97.31,1974.0
2025-02-14 09:50:00,97.3,97.31,97.3,97.3,3076.0
2025-02-14 09:56:00,97.33,97.4,97.33,97.4,1151.0
2025-02-14 09:58:00,97.5,97.55,97.46,97.55,2199.0
2025-02-14 10:00:00,97.53,97.53,97.5,97.5,569.0
2025-02-14 10:06:00,97.3,97.3,97.3,97.3,813.0
2025-02-14 10:08:00,97.31,97.37,97.31,97.36,824.0
2025-02-14 10:12:00,97.3,97.3,97.3,97.3,1229.0
2025-02-14 10:14:00,97.3,97.3,97.3,97.3,802.0
2025-02-14 10:16:00,97.33,97.33,97.33,97.33,751.0
2025-02-14 10:18:00,97.35,97.35,97.35,97.35,383.0
2025-02-14 10:24:00,97.35,97.4,97.3,97.3,1983.0
2025-02-14 10:28:00,97.34,97.34,97.34,97.34,178.0
2025-02-14 10:36:00,97.3,97.3,97.3,97.3,2049.0
2025-02-14 10:38:00,97.3,97.3,97.3,97.3,3006.0
2025-02-14 10:44:00,97.31,97.31,97.31,97.31,236.0
2025-02-14 11:00:00,97.35,97.5,97.3,97.5,5840.0
2025-02-14 11:02:00,97.45,97.45,97.45,97.45,101.0
2025-02-14 11:04:00,97.31,97.4,97.31,97.4,1008.0
2025-02-14 11:06:00,97.4,97.4,97.35,97.35,532.0
2025-02-14 11:12:00,97.4,97.4,97.39,97.39,214.0
2025-02-14 11:14:00,97.41,97.41,97.4,97.41,830.0
2025-02-14 11:16:00,97.49,97.52,97.49,97.52,704.0
2025-02-14 11:18:00,97.36,97.36,97.36,97.36,231.0
2025-02-14 11:20:00,97.34,97.34,97.31,97.31,1960.0
2025-02-14 11:24:00,97.32,97.32,97.3,97.3,2965.0
2025-02-14 11:26:00,97.3,97.34,97.3,97.34,930.0
2025-02-14 11:28:00,97.3,97.34,97.09,97.13,46021.0
2025-02-14 11:30:00,97.13,97.13,97.08,97.08,794.0
2025-02-14 11:32:00,97.12,97.12,97.12,97.12,575.0
2025-02-14 11:34:00,97.13,97.14,97.13,97.14,296.0
2025-02-14 11:36:00,97.2,97.2,97.2,97.2,682.0
2025-02-14 11:40:00,97.11,97.11,97.0,97.11,1462.0
2025-02-14 11:42:00,97.0,97.05,97.0,97.04,2561.0
2025-02-14 11:44:00,97.03,97.03,97.0,97.0,3577.0
2025-02-14 11:46:00,97.0,97.01,97.0,97.01,2580.0
2025-02-14 11:48:00,96.97,97.0,96.97,97.0,1487.0
2025-02-14 11:50:00,97.0,97.0,97.0,97.0,1590.0
2025-02-14 11:52:00,97.01,97.01,97.0,97.0,802.0
2025-02-14 11:54:00,97.0,97.0,96.65,96.65,5476.0
2025-02-14 11:56:00,96.65,96.65,96.65,96.65,704.0
2025-02-14 12:00:00,96.85,96.89,96.77,96.89,3964.0
2025-02-14 12:02:00,96.75,96.75,96.75,96.75,424.0
2025-02-14 12:04:00,96.74,96.81,96.74,96.81,1327.0
2025-02-14 12:08:00,96.8,96.8,96.8,96.8,700.0
2025-02-14 12:10:00,96.71,96.78,96.71,96.78,563.0
2025-02-14 12:12:00,96.85,96.88,96.85,96.88,1006.0
2025-02-14 12:14:00,96.94,96.98,96.94,96.98,576.0
2025-02-14 12:16:00,97.0,97.2,97.0,97.2,4978.0
2025-02-14 12:18:00,97.2,97.2,97.13,97.13,1059.0
2025-02-14 12:20:00,97.03,97.1,96.85,96.85,3214.0
2025-02-14 12:22:00,96.86,96.91,96.84,96.91,8114.0
2025-02-14 12:24:00,96.89,97.0,96.89,97.0,1265.0
2025-02-14 12:26:00,97.02,97.02,97.02,97.02,537.0
2025-02-14 12:30:00,96.97,96.97,96.9,96.9,413.0
2025-02-14 12:34:00,96.9,96.9,96.85,96.85,1311.0
2025-02-14 12:36:00,96.9,96.9,96.9,96.9,324.0
2025-02-14 12:38:00,96.89,96.89,96.89,96.89,119.0
2025-02-14 12:40:00,96.81,96.86,96.81,96.86,455.0
2025-02-14 12:44:00,96.8,96.8,96.8,96.8,1481.0
2025-02-14 12:48:00,96.84,96.84,96.83,96.83,867.0
2025-02-14 12:54:00,96.75,96.75,96.75,96.75,429.0
2025-02-14 12:56:00,96.76,96.84,96.76,96.84,2837.0
2025-02-14 12:58:00,96.79,96.79,96.79,96.79,419.0
2025-02-14 13:00:00,96.75,97.2491,95.8,97.2205,28496.0
2025-02-14 13:02:00,96.97,96.9996,96.87,96.9119,2969.0
2025-02-14 13:04:00,96.96,97.09,96.96,97.09,2070.0
2025-02-14 13:06:00,97.0989,97.1,97.044,97.0999,4212.0
2025-02-14 13:08:00,97.02,97.02,97.01,97.01,323.0
2025-02-14 13:10:00,97.02,97.1,97.0001,97.1,3557.0
2025-02-14 13:12:00,97.1001,97.1001,97.0635,97.0635,323.0
2025-02-14 13:14:00,97.2,97.21,97.15,97.15,1785.0
2025-02-14 13:16:00,97.2,97.2,97.16,97.17,1023.0
2025-02-14 13:18:00,97.2,97.2,97.0993,97.0993,378.0
2025-02-14 13:20:00,97.1199,97.1199,97.1199,97.1199,611.0
2025-02-14 13:24:00,97.1,97.12,97.1,97.12,313.0
2025-02-14 13:26:00,97.0996,97.12,97.0317,97.0317,8651.0
2025-02-14 13:28:00,97.1957,97.1957,97.04,97.13,1043.0
2025-02-14 13:32:00,97.16,97.2,97.11,97.2,2104.0
2025-02-14 13:34:00,97.2,97.2,97.16,97.18,1455.0
2025-02-14 13:36:00,97.155,97.155,97.12,97.1315,6752.0
2025-02-14 13:38:00,97.19,97.4885,97.1707,97.4885,4876.0
2025-02-14 13:40:00,97.49,97.7001,97.472,97.7,6818.0
2025-02-14 13:42:00,97.71,97.71,97.65,97.65,2679.0
2025-02-14 13:44:00,97.48,97.6,97.39,97.58,3321.0
2025-02-14 13:46:00,97.5,97.6,97.5,97.6,5328.0
2025-02-14 13:48:00,97.57,97.65,97.57,97.65,1139.0
2025-02-14 13:50:00,97.6478,97.6478,97.6,97.6,802.0
2025-02-14 13:52:00,97.61,97.61,97.56,97.56,3334.0
2025-02-14 13:54:00,97.62,97.6302,97.6049,97.6049,1036.0
2025-02-14 13:56:00,97.62,97.65,97.62,97.65,1124.0
2025-02-14 13:58:00,97.6022,97.68,97.6022,97.68,1209.0
2025-02-14 14:00:00,97.6794,97.6794,97.6,97.6,1746.0
2025-02-14 14:02:00,97.6,97.89,97.6,97.82,7059.0
2025-02-14 14:04:00,97.83,97.83,97.645,97.75,6309.0
2025-02-14 14:06:00,97.7,97.75,97.6501,97.7,2793.0
2025-02-14 14:08:00,97.65,97.75,97.65,97.71,2443.0
2025-02-14 14:10:00,97.67,97.75,97.67,97.75,2202.0
2025-02-14 14:12:00,97.75,97.9,97.73,97.77,8948.0
2025-02-14 14:14:00,97.83,97.9585,97.83,97.958,3154.0
2025-02-14 14:16:00,97.9001,98.0046,97.9001,98.0012,13058.0
2025-02-14 14:18:00,98.04,98.05,97.97,97.98,6011.0
2025-02-14 14:20:00,97.98,98.2,97.98,98.2,8428.0
2025-02-14 14:22:00,98.19,98.19,97.985,98.103,4440.0
2025-02-14 14:24:00,98.1,98.18,97.88,98.18,11704.0
2025-02-14 14:26:00,98.05,98.7969,98.05,98.6,14140.0
2025-02-14 14:28:00,98.6,98.78,98.33,98.5,33935.0
2025-02-14 14:30:00,98.41,99.19,98.0,99.14,1092645.0
2025-02-14 14:32:00,99.07,99.76,98.8389,99.105,606892.0
2025-02-14 14:34:00,99.105,99.86,99.04,99.84,420722.0
2025-02-14 14:36:00,99.83,100.5199,99.54,100.465,668695.0
2025-02-14 14:38:00,100.4711,100.5007,100.0,100.1003,378714.0
2025-02-14 14:40:00,100.14,100.59,99.73,100.51,531966.0
2025-02-14 14:42:00,100.4701,100.66,100.11,100.5,312623.0
2025-02-14 14:44:00,100.48,100.52,99.99,100.06,283946.0
2025-02-14 14:46:00,100.015,100.37,99.89,100.2,235515.0
2025-02-14 14:48:00,100.23,100.33,99.92,100.245,199431.0
2025-02-14 14:50:00,100.235,100.6983,100.1745,100.545,258260.0
2025-02-14 14:52:00,100.545,100.6,99.715,99.72,226370.0
2025-02-14 14:54:00,99.735,99.735,98.99,99.46,247981.0
2025-02-14 14:56:00,99.49,99.75,99.02,99.1799,191391.0
2025-02-14 14:58:00,99.1401,99.41,99.14,99.35,137964.0
2025-02-14 15:00:00,99.33,99.4672,98.85,98.91,217694.0
2025-02-14 15:02:00,98.935,99.0104,98.6,98.9396,157015.0
2025-02-14 15:04:00,98.925,98.9599,98.5803,98.8525,115728.0
2025-02-14 15:06:00,98.85,98.9599,98.56,98.64,103544.0
2025-02-14 15:08:00,98.62,98.62,98.2722,98.5245,182393.0
2025-02-14 15:10:00,98.525,98.77,98.33,98.4705,112723.0
2025-02-14 15:12:00,98.52,98.58,98.15,98.175,131453.0
2025-02-14 15:14:00,98.16,98.36,98.1393,98.205,97002.0
2025-02-14 15:16:00,98.21,98.51,98.185,98.475,113287.0
2025-02-14 15:18:00,98.44,98.51,98.2081,98.36,102929.0
2025-02-14 15:20:00,98.48,98.88,98.44,98.77,91589.0
2025-02-14 15:22:00,98.812,99.0,98.74,98.86,88591.0
2025-02-14 15:24:00,98.83,99.0,98.77,98.96,78475.0
2025-02-14 15:26:00,98.93,98.99,98.56,98.71,80446.0
2025-02-14 15:28:00,98.67,98.9299,98.6373,98.885,105948.0
2025-02-14 15:30:00,98.87,98.9,98.68,98.73,80136.0
2025-02-14 15:32:00,98.7499,98.8021,98.5101,98.54,55937.0
2025-02-14 15:34:00,98.55,98.69,98.3241,98.69,73315.0
2025-02-14 15:36:00,98.65,98.89,98.62,98.795,84491.0
2025-02-14 15:38:00,98.77,98.8295,98.58,98.82,52011.0
2025-02-14 15:40:00,98.82,98.95,98.7103,98.82,68754.0
2025-02-14 15:42:00,98.835,98.86,98.5201,98.58,38510.0
2025-02-14 15:44:00,98.58,98.72,98.51,98.64,48988.0
2025-02-14 15:46:00,98.62,98.67,98.42,98.42,51984.0
2025-02-14 15:48:00,98.41,98.52,98.31,98.513,38622.0
2025-02-14 15:50:00,98.53,98.58,98.35,98.4,52965.0
2025-02-14 15:52:00,98.39,98.42,98.1801,98.331,61068.0
2025-02-14 15:54:00,98.325,98.49,98.31,98.31,64896.0
2025-02-14 15:56:00,98.3125,98.66,98.31,98.635,54548.0
2025-02-14 15:58:00,98.65,98.7498,98.4893,98.61,63157.0
2025-02-14 16:00:00,98.66,98.688,98.52,98.52,43215.0
2025-02-14 16:02:00,98.55,98.73,98.54,98.67,42848.0
2025-02-14 16:04:00,98.69,98.86,98.69,98.82,56216.0
2025-02-14 16:06:00,98.82,98.825,98.62,98.72,43693.0
2025-02-14 16:08:00,98.71,98.92,98.64,98.915,66969.0
2025-02-14 16:10:00,98.93,98.95,98.57,98.5875,87956.0
2025-02-14 16:12:00,98.595,98.705,98.4614,98.48,54943.0
2025-02-14 16:14:00,98.49,98.61,98.3401,98.59,66286.0
2025-02-14 16:16:00,98.59,98.59,98.39,98.47,62229.0
2025-02-14 16:18:00,98.48,98.485,98.28,98.305,48737.0
2025-02-14 16:20:00,98.305,98.67,98.18,98.595,75452.0
2025-02-14 16:22:00,98.5952,98.79,98.57,98.71,56185.0
2025-02-14 16:24:00,98.71,98.865,98.64,98.8298,47471.0
2025-02-14 16:26:00,98.82,98.9399,98.79,98.815,52052.0
2025-02-14 16:28:00,98.8,98.9,98.72,98.86,39532.0
2025-02-14 16:30:00,98.855,98.88,98.69,98.8022,53850.0
2025-02-14 16:32:00,98.81,98.81,98.67,98.7,43976.0
2025-02-14 16:34:00,98.695,98.72,98.58,98.6,37953.0
2025-02-14 16:36:00,98.6,98.6,98.46,98.555,37316.0
2025-02-14 16:38:00,98.56,98.615,98.48,98.61,40045.0
2025-02-14 16:40:00,98.6,98.63,98.5242,98.57,34232.0
2025-02-14 16:42:00,98.57,98.5998,98.45,98.455,50873.0
2025-02-14 16:44:00,98.45,98.61,98.41,98.6,55809.0
2025-02-14 16:46:00,98.605,98.605,98.395,98.45,47028.0
2025-02-14 16:48:00,98.42,98.5,98.3523,98.39,51250.0
2025-02-14 16:50:00,98.385,98.47,98.24,98.45,38629.0
2025-02-14 16:52:00,98.45,98.53,98.395,98.5,44737.0
2025-02-14 16:54:00,98.51,98.65,98.5039,98.615,38231.0
2025-02-14 16:56:00,98.64,98.65,98.49,98.57,35992.0
2025-02-14 16:58:00,98.56,98.6499,98.535,98.575,42627.0
2025-02-14 17:00:00,98.575,98.58,98.42,98.445,42028.0
2025-02-14 17:02:00,98.44,98.48,98.365,98.44,39610.0
2025-02-14 17:04:00,98.44,98.5,98.42,98.46,51089.0
2025-02-14 17:06:00,98.48,98.53,98.39,98.5,70185.0
2025-02-14 17:08:00,98.51,98.57,98.41,98.52,55758.0
2025-02-14 17:10:00,98.51,98.725,98.485,98.67,49708.0
2025-02-14 17:12:00,98.66,98.66,98.53,98.58,36083.0
2025-02-14 17:14:00,98.6,98.75,98.56,98.74,41552.0
2025-02-14 17:16:00,98.76,98.8,98.7073,98.795,44865.0
2025-02-14 17:18:00,98.78,98.78,98.63,98.71,52309.0
2025-02-14 17:20:00,98.72,98.9,98.72,98.89,64325.0
2025-02-14 17:22:00,98.88,98.925,98.82,98.83,54795.0
2025-02-14 17:24:00,98.82,98.945,98.78,98.85,50289.0
2025-02-14 17:26:00,98.85,98.875,98.795,98.85,39390.0
2025-02-14 17:28:00,98.88,98.88,98.48,98.5104,42416.0
2025-02-14 17:30:00,98.52,98.53,98.32,98.495,49520.0
2025-02-14 17:32:00,98.51,98.61,98.4448,98.46,30961.0
2025-02-14 17:34:00,98.46,98.47,98.365,98.375,25367.0
2025-02-14 17:36:00,98.365,98.42,98.32,98.32,29199.0
2025-02-14 17:38:00,98.3224,98.35,98.265,98.35,40903.0
2025-02-14 17:40:00,98.35,98.36,98.26,98.28,26739.0
2025-02-14 17:42:00,98.28,98.47,98.28,98.43,45787.0
2025-02-14 17:44:00,98.44,98.62,98.42,98.57,29650.0
2025-02-14 17:46:00,98.56,98.57,98.49,98.55,34964.0
2025-02-14 17:48:00,98.53,98.57,98.5,98.54,23615.0
2025-02-14 17:50:00,98.54,98.69,98.53,98.67,36826.0
2025-02-14 17:52:00,98.69,98.86,98.69,98.83,47689.0
2025-02-14 17:54:00,98.85,98.965,98.8,98.945,67797.0
2025-02-14 17:56:00,98.94,98.95,98.8249,98.925,58873.0
2025-02-14 17:58:00,98.925,98.93,98.79,98.86,41440.0
2025-02-14 18:00:00,98.87,98.9,98.83,98.83,32243.0
2025-02-14 18:02:00,98.83,98.88,98.78,98.81,38861.0
2025-02-14 18:04:00,98.78,98.785,98.67,98.75,42517.0
2025-02-14 18:06:00,98.74,98.86,98.68,98.83,76901.0
2025-02-14 18:08:00,98.825,98.93,98.77,98.83,47330.0
2025-02-14 18:10:00,98.83,98.945,98.7799,98.94,33815.0
2025-02-14 18:12:00,98.94,99.02,98.8201,98.95,82998.0
2025-02-14 18:14:00,98.96,98.96,98.85,98.885,27983.0
2025-02-14 18:16:00,98.885,99.03,98.88,98.9802,52434.0
2025-02-14 18:18:00,98.98,98.98,98.88,98.88,35117.0
2025-02-14 18:20:00,98.87,98.8732,98.7,98.71,47441.0
2025-02-14 18:22:00,98.71,98.74,98.63,98.63,47118.0
2025-02-14 18:24:00,98.62,98.62,98.38,98.44,58961.0
2025-02-14 18:26:00,98.445,98.55,98.43,98.43,43801.0
2025-02-14 18:28:00,98.43,98.4698,98.375,98.41,40824.0
2025-02-14 18:30:00,98.42,98.685,98.41,98.5505,63797.0
2025-02-14 18:32:00,98.555,98.65,98.5,98.56,54108.0
2025-02-14 18:34:00,98.5525,98.74,98.5525,98.68,40357.0
2025-02-14 18:36:00,98.69,98.8,98.69,98.7,36522.0
2025-02-14 18:38:00,98.7,98.7,98.61,98.68,25405.0
2025-02-14 18:40:00,98.67,98.83,98.67,98.75,39501.0
2025-02-14 18:42:00,98.76,98.77,98.61,98.61,35954.0
2025-02-14 18:44:00,98.62,98.66,98.615,98.64,23218.0
2025-02-14 18:46:00,98.63,98.7399,98.63,98.72,24570.0
2025-02-14 18:48:00,98.735,98.79,98.67,98.69,42268.0
2025-02-14 18:50:00,98.69,98.69,98.64,98.69,16768.0
2025-02-14 18:52:00,98.6843,98.77,98.6843,98.76,24497.0
2025-02-14 18:54:00,98.7522,98.87,98.7522,98.87,62294.0
2025-02-14 18:56:00,98.86,98.865,98.72,98.72,33725.0
2025-02-14 18:58:00,98.72,98.825,98.7125,98.795,137628.0
2025-02-14 19:00:00,98.795,98.84,98.7263,98.84,42254.0
2025-02-14 19:02:00,98.84,98.85,98.8,98.83,21919.0
2025-02-14 19:04:00,98.83,99.0,98.8234,98.96,63216.0
2025-02-14 19:06:00,98.94,98.96,98.76,98.765,40923.0
2025-02-14 19:08:00,98.77,98.99,98.77,98.97,47729.0
2025-02-14 19:10:00,98.98,99.005,98.865,98.865,30431.0
2025-02-14 19:12:00,98.87,99.01,98.87,98.95,56935.0
2025-02-14 19:14:00,98.95,98.95,98.77,98.79,38847.0
2025-02-14 19:16:00,98.8,98.86,98.76,98.76,31573.0
2025-02-14 19:18:00,98.75,98.75,98.62,98.69,48516.0
2025-02-14 19:20:00,98.68,98.76,98.64,98.755,29994.0
2025-02-14 19:22:00,98.76,98.85,98.73,98.85,24212.0
2025-02-14 19:24:00,98.85,98.91,98.84,98.91,48493.0
2025-02-14 19:26:00,98.925,98.96,98.8801,98.93,49919.0
2025-02-14 19:28:00,98.94,99.01,98.93,98.96,57782.0
2025-02-14 19:30:00,98.97,98.97,98.825,98.83,46144.0
2025-02-14 19:32:00,98.83,98.965,98.82,98.8641,47516.0
2025-02-14 19:34:00,98.88,98.93,98.83,98.9,28798.0
2025-02-14 19:36:00,98.88,98.95,98.8762,98.9136,29882.0
2025-02-14 19:38:00,98.92,98.94,98.86,98.88,32089.0
2025-02-14 19:40:00,98.875,98.92,98.86,98.89,18646.0
2025-02-14 19:42:00,98.91,98.97,98.892,98.9,38180.0
2025-02-14 19:44:00,98.89,98.9,98.83,98.855,51372.0
2025-02-14 19:46:00,98.8584,98.94,98.85,98.89,58372.0
2025-02-14 19:48:00,98.9,98.99,98.86,98.99,33542.0
2025-02-14 19:50:00,98.98,98.98,98.89,98.9066,31284.0
2025-02-14 19:52:00,98.9,98.96,98.88,98.96,32667.0
2025-02-14 19:54:00,98.955,99.025,98.93,99.025,49133.0
2025-02-14 19:56:00,99.025,99.09,99.01,99.08,35915.0
2025-02-14 19:58:00,99.08,99.1113,99.02,99.03,47128.0
2025-02-14 20:00:00,99.02,99.023818,98.905,98.92,37076.0
2025-02-14 20:02:00,98.915,98.9749,98.91,98.94,33353.0
2025-02-14 20:04:00,98.94,99.04,98.91,99.02,34163.0
2025-02-14 20:06:00,99.02,99.09,99.0,99.06,37581.0
2025-02-14 20:08:00,99.06,99.085,99.03,99.07,44080.0
2025-02-14 20:10:00,99.08,99.105,99.035,99.075,35239.0
2025-02-14 20:12:00,99.07,99.21,99.07,99.2,65701.0
2025-02-14 20:14:00,99.2012,99.3,99.2012,99.275,61941.0
2025-02-14 20:16:00,99.27,99.27,99.2,99.2,41998.0
2025-02-14 20:18:00,99.2,99.2899,99.197,99.2,60634.0
2025-02-14 20:20:00,99.2,99.25,99.1412,99.245,60795.0
2025-02-14 20:22:00,99.23,99.32,99.205,99.25,60988.0
2025-02-14 20:24:00,99.26,99.46,99.2407,99.45,104241.0
2025-02-14 20:26:00,99.45,99.59,99.4301,99.495,171937.0
2025-02-14 20:28:00,99.495,99.53,99.29,99.3101,143277.0
2025-02-14 20:30:00,99.33,99.5,99.3,99.35,145843.0
2025-02-14 20:32:00,99.37,99.5,99.33,99.485,94956.0
2025-02-14 20:34:00,99.49,99.77,99.48,99.76,142590.0
2025-02-14 20:36:00,99.765,99.97,99.72,99.9199,165450.0
2025-02-14 20:38:00,99.92,99.96,99.87,99.945,127271.0
2025-02-14 20:40:00,99.95,99.955,99.8,99.83,167483.0
2025-02-14 20:42:00,99.83,99.8974,99.54,99.54,214793.0
2025-02-14 20:44:00,99.55,99.615,99.5,99.5298,96603.0
2025-02-14 20:46:00,99.52,99.61,99.4525,99.55,76356.0
2025-02-14 20:48:00,99.54,99.68,99.54,99.675,88250.0
2025-02-14 20:50:00,99.68,99.76,99.505,99.62,224171.0
2025-02-14 20:52:00,99.62,99.625,99.43,99.4816,117790.0
2025-02-14 20:54:00,99.48,99.69,99.38,99.67,231421.0
2025-02-14 20:56:00,99.67,99.77,99.59,99.615,230476.0
2025-02-14 20:58:00,99.61,99.66,99.5,99.52,470476.0
2025-02-14 21:00:00,99.52,99.52,99.52,99.52,1479108.0
2025-02-14 21:02:00,99.5008,99.557,99.5,99.557,1835.0
2025-02-14 21:04:00,99.52,99.5201,99.48,99.5201,25194.0
2025-02-14 21:06:00,99.54,99.61,99.52,99.61,19742.0
2025-02-14 21:08:00,99.69,99.85,99.69,99.8,5618.0
2025-02-14 21:10:00,99.52,99.94,99.52,99.85,124037.0
2025-02-14 21:12:00,99.8,99.8,99.8,99.8,574.0
2025-02-14 21:14:00,99.55,99.5548,99.55,99.5548,602.0
2025-02-14 21:16:00,99.6,99.6,99.55,99.5515,2147.0
2025-02-14 21:18:00,99.5501,99.59,99.53,99.53,6424.0
2025-02-14 21:20:00,99.7179,99.7179,99.7179,99.7179,424.0
2025-02-14 21:22:00,99.6,99.6,99.6,99.6,481.0
2025-02-14 21:26:00,99.62,99.62,99.62,99.62,941.0
2025-02-14 21:30:00,99.62,99.62,99.5215,99.554,1946.0
2025-02-14 21:32:00,99.62,99.62,99.6099,99.6099,436.0
2025-02-14 21:38:00,99.589,99.589,99.5201,99.5201,400.0
2025-02-14 21:40:00,99.52,99.53,99.52,99.5201,613.0
2025-02-14 21:42:00,99.52,99.52,99.52,99.52,4337.0
2025-02-14 21:44:00,99.52,99.52,99.3347,99.3347,5006.0
2025-02-14 21:46:00,99.5181,99.5181,99.5181,99.5181,127.0
2025-02-14 21:48:00,99.41,99.44,99.41,99.44,882.0
2025-02-14 21:52:00,99.52,99.52,99.36,99.39,2060.0
2025-02-14 21:56:00,99.438,99.438,99.36,99.36,1662.0
2025-02-14 21:58:00,99.4,99.4,99.4,99.4,519.0
2025-02-14 22:00:00,99.364,99.3701,99.3614,99.37,2918.0
2025-02-14 22:02:00,99.36,99.44,99.36,99.4001,2191.0
2025-02-14 22:04:00,99.4,99.4,99.4,99.4,165.0
2025-02-14 22:06:00,99.4,99.4,99.4,99.4,160.0
2025-02-14 22:08:00,99.37,99.37,99.37,99.37,360.0
2025-02-14 22:14:00,99.3404,99.3404,99.3404,99.3404,588.0
2025-02-14 22:18:00,99.3501,99.3501,99.3436,99.3436,534.0
2025-02-14 22:20:00,99.43,99.43,99.4286,99.4286,1221.0
2025-02-14 22:30:00,99.42,99.42,99.42,99.42,500.0
2025-02-14 22:44:00,99.45,99.45,99.45,99.45,279.0
2025-02-14 22:46:00,99.4208,99.4208,99.42,99.42,1916.0
2025-02-14 22:48:00,99.42,99.42,99.42,99.42,159.0
2025-02-14 22:54:00,99.48,99.48,99.48,99.48,292.0
2025-02-14 22:56:00,99.47,99.4998,99.47,99.4998,1921.0
2025-02-14 23:00:00,99.42,99.5,99.42,99.5,522.0
2025-02-14 23:02:00,99.5,99.5,99.5,99.5,118.0
2025-02-14 23:06:00,99.46,99.4789,99.4208,99.4789,727.0
2025-02-14 23:08:00,99.42,99.42,99.42,99.42,240.0
2025-02-14 23:18:00,99.44,99.44,99.44,99.44,157.0
2025-02-14 23:24:00,99.44,99.48,99.44,99.48,426.0
2025-02-14 23:26:00,99.358,99.358,99.358,99.358,112.0
2025-02-14 23:28:00,99.4,99.4,99.4,99.4,1060.0
2025-02-14 23:42:00,99.36,99.36,99.36,99.36,105.0
2025-02-14 23:44:00,99.36,99.36,99.35,99.35,1000.0
2025-02-14 23:46:00,99.3999,99.3999,99.3999,99.3999,150.0
2025-02-14 23:48:00,99.35,99.35,99.35,99.35,200.0
2025-02-14 23:50:00,99.33,99.33,99.33,99.33,210.0
2025-02-14 23:52:00,99.2001,99.2001,99.2001,99.2001,450.0
2025-02-14 23:54:00,99.2,99.2,99.2,99.2,986.0
2025-02-14 23:58:00,99.31,99.31,99.31,99.31,947.0
2025-02-15 00:00:00,99.2919,99.2919,99.2919,99.2919,551.0
2025-02-15 00:02:00,99.2911,99.4,99.2911,99.4,280.0
2025-02-15 00:10:00,99.3,99.3,99.3,99.3,450.0
2025-02-15 00:20:00,99.3,99.3,99.3,99.3,221.0
2025-02-15 00:24:00,99.32,99.3201,99.32,99.3201,546.0
2025-02-15 00:26:00,99.29,99.29,99.2,99.2,689.0
2025-02-15 00:28:00,99.21,99.3268,99.21,99.3268,677.0
2025-02-15 00:32:00,99.33,99.33,99.3,99.3,510.0
2025-02-15 00:36:00,99.33,99.33,99.33,99.33,145.0
2025-02-15 00:38:00,99.33,99.33,99.33,99.33,437.0
2025-02-15 00:40:00,99.3,99.3,99.3,99.3,273.0
2025-02-15 00:48:00,99.33,99.33,99.3,99.3,1365.0
2025-02-15 00:50:00,99.2032,99.2032,99.2032,99.2032,105.0
2025-02-15 00:52:00,99.27,99.27,99.27,99.27,130.0
2025-02-15 00:54:00,99.2,99.2,99.2,99.2,154.0
2025-02-15 00:58:00,99.33,99.33,99.328,99.33,1838.0
2025-02-18 09:00:00,99.5,100.11,99.33,100.11,6212.0
2025-02-18 09:02:00,99.82,99.82,99.79,99.79,1194.0
2025-02-18 09:04:00,99.79,99.88,99.79,99.88,996.0
2025-02-18 09:06:00,99.96,99.99,99.96,99.99,1070.0
2025-02-18 09:08:00,100.0,100.0,99.95,99.95,2072.0
2025-02-18 09:12:00,100.04,100.09,100.04,100.09,688.0
2025-02-18 09:14:00,100.18,100.39,100.18,100.23,18990.0
2025-02-18 09:16:00,100.26,100.26,100.01,100.01,1612.0
2025-02-18 09:22:00,100.15,100.15,100.12,100.12,848.0
2025-02-18 09:26:00,99.94,99.94,99.75,99.75,3074.0
2025-02-18 09:28:00,99.72,99.72,99.72,99.72,673.0
2025-02-18 09:34:00,99.94,99.95,99.94,99.95,388.0
2025-02-18 09:36:00,99.94,99.95,99.94,99.95,411.0
2025-02-18 09:38:00,99.96,99.97,99.96,99.97,434.0
2025-02-18 09:40:00,99.96,100.0,99.96,100.0,804.0
2025-02-18 09:44:00,99.99,100.02,99.99,100.02,1242.0
2025-02-18 09:52:00,100.03,100.05,100.03,100.05,693.0
2025-02-18 09:54:00,100.2,100.4,100.11,100.4,4476.0
2025-02-18 09:56:00,100.36,100.4,100.36,100.4,853.0
2025-02-18 09:58:00,100.4,101.0,100.4,100.97,8984.0
2025-02-18 10:00:00,101.0,101.18,101.0,101.11,1784.0
2025-02-18 10:02:00,101.18,101.49,101.18,101.49,1873.0
2025-02-18 10:04:00,101.49,101.49,101.4,101.4,1501.0
2025-02-18 10:06:00,101.31,101.31,101.28,101.28,652.0
2025-02-18 10:08:00,101.23,101.23,100.81,101.0,3285.0
2025-02-18 10:16:00,101.28,101.28,101.21,101.21,1139.0
2025-02-18 10:18:00,101.19,101.19,101.19,101.19,134.0
2025-02-18 10:20:00,101.13,101.13,101.0,101.0,1236.0
2025-02-18 10:22:00,101.03,101.05,101.01,101.04,523.0
2025-02-18 10:24:00,101.08,101.08,101.08,101.08,571.0
2025-02-18 10:26:00,101.14,101.19,101.14,101.19,523.0
2025-02-18 10:28:00,101.19,101.19,101.19,101.19,203.0
2025-02-18 10:30:00,101.17,101.17,101.17,101.17,116.0
2025-02-18 10:32:00,101.14,101.14,101.13,101.13,316.0
2025-02-18 10:34:00,101.19,101.2,101.19,101.2,432.0
2025-02-18 10:38:00,101.24,101.24,101.14,101.14,1404.0
2025-02-18 10:40:00,101.2,101.25,101.2,101.25,1540.0
2025-02-18 10:44:00,101.3,101.3,101.3,101.3,490.0
2025-02-18 10:48:00,101.31,101.31,101.25,101.25,1019.0
2025-02-18 10:50:00,101.23,101.27,101.23,101.27,738.0
2025-02-18 10:56:00,101.14,101.14,101.13,101.13,612.0
2025-02-18 11:00:00,101.0,101.29,101.0,101.29,2600.0
2025-02-18 11:24:00,101.05,101.05,101.05,101.05,615.0
2025-02-18 11:28:00,101.1,101.15,101.1,101.15,909.0
2025-02-18 11:30:00,101.25,101.25,101.25,101.25,174.0
2025-02-18 11:34:00,101.27,101.27,101.27,101.27,389.0
2025-02-18 11:36:00,101.29,101.29,101.29,101.29,307.0
2025-02-18 11:38:00,101.27,101.27,101.27,101.27,218.0
2025-02-18 11:42:00,101.23,101.23,101.16,101.16,1274.0
2025-02-18 11:44:00,101.07,101.08,101.07,101.08,210.0
2025-02-18 11:46:00,101.08,101.08,101.08,101.08,214.0
2025-02-18 11:48:00,101.05,101.07,101.0,101.0,3140.0
2025-02-18 11:50:00,101.01,101.08,101.01,101.08,732.0
2025-02-18 11:52:00,101.0,101.03,101.0,101.0,1925.0
2025-02-18 11:54:00,101.0,101.04,101.0,101.0,1439.0
2025-02-18 11:56:00,101.0,101.0,101.0,101.0,2041.0
2025-02-18 12:00:00,101.19,101.19,101.0,101.04,7142.0
2025-02-18 12:02:00,101.01,101.01,101.01,101.01,106.0
2025-02-18 12:04:00,101.07,101.07,101.05,101.07,2733.0
2025-02-18 12:06:00,101.07,101.18,101.07,101.18,1571.0
2025-02-18 12:10:00,101.23,101.23,101.2,101.2,1593.0
2025-02-18 12:14:00,101.22,101.22,101.18,101.18,1302.0
2025-02-18 12:16:00,101.13,101.19,101.13,101.19,881.0
2025-02-18 12:22:00,101.11,101.11,101.11,101.11,211.0
2025-02-18 12:24:00,101.15,101.29,101.15,101.29,2655.0
2025-02-18 12:26:00,101.3,101.35,101.3,101.33,2658.0
2025-02-18 12:28:00,101.21,101.3,101.21,101.3,330.0
2025-02-18 12:32:00,101.35,101.36,101.35,101.36,2598.0
2025-02-18 12:34:00,101.44,101.51,101.44,101.5,4027.0
2025-02-18 12:36:00,101.5,101.51,101.5,101.5,3997.0
2025-02-18 12:38:00,101.68,101.76,101.68,101.75,9586.0
2025-02-18 12:40:00,101.75,101.75,101.75,101.75,2685.0
2025-02-18 12:42:00,101.89,101.89,101.89,101.89,651.0
2025-02-18 12:44:00,101.75,101.75,101.75,101.75,1014.0
2025-02-18 12:46:00,101.76,101.76,101.76,101.76,106.0
2025-02-18 12:48:00,101.8,101.8,101.8,101.8,283.0
2025-02-18 12:50:00,101.83,101.83,101.8,101.8,1271.0
2025-02-18 12:52:00,101.79,101.85,101.79,101.85,1235.0
2025-02-18 12:54:00,101.85,101.85,101.75,101.79,8011.0
2025-02-18 12:56:00,101.77,101.775,101.77,101.775,760.0
2025-02-18 12:58:00,101.8,101.82,101.8,101.82,907.0
2025-02-18 13:00:00,101.7,101.8886,99.45,101.8,43722.0
2025-02-18 13:02:00,99.272,101.83,99.272,101.83,6420.0
2025-02-18 13:04:00,101.8883,101.8883,101.82,101.82,663.0
2025-02-18 13:06:00,101.82,101.8785,101.82,101.8785,2829.0
2025-02-18 13:08:00,101.85,101.88,101.82,101.82,6668.0
2025-02-18 13:10:00,101.82,101.85,101.82,101.85,3813.0
2025-02-18 13:12:00,101.84,101.9,101.84,101.9,2094.0
2025-02-18 13:14:00,101.96,101.96,101.9,101.95,1505.0
2025-02-18 13:16:00,101.93,101.99,101.93,101.99,2167.0
2025-02-18 13:18:00,101.98,102.1,101.98,102.1,6967.0
2025-02-18 13:20:00,102.09,102.1,102.09,102.1,507.0
2025-02-18 13:22:00,102.15,102.2,102.15,102.2,2635.0
2025-02-18 13:24:00,101.9,102.1,101.9,102.1,1001.0
2025-02-18 13:26:00,102.19,102.19,101.99,101.99,2677.0
2025-02-18 13:28:00,102.02,102.08,102.0,102.0,4119.0
2025-02-18 13:30:00,102.0,102.0399,102.0,102.0,7326.0
2025-02-18 13:32:00,101.88,101.89,101.82,101.89,3216.0
2025-02-18 13:34:00,101.91,101.91,101.91,101.91,368.0
2025-02-18 13:36:00,101.92,101.95,101.92,101.95,2143.0
2025-02-18 13:38:00,101.9394,101.94,101.9394,101.94,2533.0
2025-02-18 13:40:00,101.86,101.88,101.86,101.88,1005.0
2025-02-18 13:42:00,101.89,101.89,101.83,101.83,1097.0
2025-02-18 13:44:00,101.83,102.03,101.82,102.0,8952.0
2025-02-18 13:46:00,102.0,102.1382,102.0,102.1382,4176.0
2025-02-18 13:48:00,102.06,102.14,102.05,102.14,4702.0
2025-02-18 13:50:00,102.2,102.27,102.2,102.24,4740.0
2025-02-18 13:52:00,102.2,102.4,102.14,102.4,5556.0
2025-02-18 13:54:00,102.45,102.7,102.45,102.65,12381.0
2025-02-18 13:56:00,102.7,102.7399,102.2021,102.2021,21798.0
2025-02-18 13:58:00,102.36,102.49,102.15,102.445,6518.0
2025-02-18 14:00:00,102.4,102.49,102.4,102.49,4164.0
2025-02-18 14:02:00,102.57,102.57,102.48,102.48,3232.0
2025-02-18 14:04:00,102.52,102.6,102.5,102.51,6577.0
2025-02-18 14:06:00,102.5499,102.5499,102.5,102.5,7947.0
2025-02-18 14:08:00,102.5,102.569,102.5,102.5293,18260.0
2025-02-18 14:10:00,102.53,102.65,102.53,102.56,8430.0
2025-02-18 14:12:00,102.56,102.6498,102.5,102.56,4145.0
2025-02-18 14:14:00,102.51,102.6463,102.51,102.53,2440.0
2025-02-18 14:16:00,102.5191,102.52,102.49,102.49,8977.0
2025-02-18 14:18:00,102.56,102.82,102.54,102.705,16406.0
2025-02-18 14:20:00,102.67,102.7799,102.654,102.74,5998.0
2025-02-18 14:22:00,102.6901,102.7501,102.65,102.75,10736.0
2025-02-18 14:24:00,102.75,102.86,102.5,102.56,25040.0
2025-02-18 14:26:00,102.51,102.76,102.5,102.61,7452.0
2025-02-18 14:28:00,102.6,102.6,102.51,102.52,3959.0
2025-02-18 14:30:00,102.635,103.88,102.045,103.34,1188270.0
2025-02-18 14:32:00,103.34,104.2,102.9688,104.14,530406.0
2025-02-18 14:34:00,104.151,104.69,103.92,104.5981,602161.0
2025-02-18 14:36:00,104.62,104.9699,104.51,104.92,419273.0
2025-02-18 14:38:00,104.9145,105.05,104.6,104.6814,561874.0
2025-02-18 14:40:00,104.7,104.99,104.37,104.51,289778.0
2025-02-18 14:42:00,104.5,104.54,103.62,103.71,363417.0
2025-02-18 14:44:00,103.76,103.8,103.455,103.545,218697.0
2025-02-18 14:46:00,103.58,103.75,103.01,103.11,188177.0
2025-02-18 14:48:00,103.18,103.56,103.125,103.1699,170459.0
2025-02-18 14:50:00,103.2,103.5,102.99,103.44,180407.0
2025-02-18 14:52:00,103.4196,104.28,103.4196,104.14,270941.0
2025-02-18 14:54:00,104.1586,104.2899,103.56,103.67,135139.0
2025-02-18 14:56:00,103.685,103.8296,103.51,103.795,97198.0
2025-02-18 14:58:00,103.795,103.88,103.32,103.56,128101.0
2025-02-18 15:00:00,103.535,103.535,103.1115,103.325,149242.0
2025-02-18 15:02:00,103.3,103.83,103.22,103.76,132121.0
2025-02-18 15:04:00,103.77,104.0,103.65,103.655,124956.0
2025-02-18 15:06:00,103.68,104.15,103.655,104.055,192271.0
2025-02-18 15:08:00,104.07,104.27,104.03,104.24,160033.0
2025-02-18 15:10:00,104.22,104.22,103.97,104.085,117018.0
2025-02-18 15:12:00,104.07,104.48,103.93,104.48,134167.0
2025-02-18 15:14:00,104.48,104.54,104.32,104.48,142686.0
2025-02-18 15:16:00,104.46,104.5583,104.33,104.5,142575.0
2025-02-18 15:18:00,104.49,104.55,104.14,104.215,118435.0
2025-02-18 15:20:00,104.21,104.3506,104.14,104.26,89043.0
2025-02-18 15:22:00,104.2211,104.42,104.215,104.35,112256.0
2025-02-18 15:24:00,104.32,104.478,104.23,104.47,75410.0
2025-02-18 15:26:00,104.4601,104.5,104.165,104.235,89859.0
2025-02-18 15:28:00,104.21,104.22,103.93,104.2,121743.0
2025-02-18 15:30:00,104.2,104.38,104.05,104.1047,74319.0
2025-02-18 15:32:00,104.095,104.33,104.06,104.27,85530.0
2025-02-18 15:34:00,104.27,104.4,103.89,103.96,150361.0
2025-02-18 15:36:00,103.99,104.15,103.98,104.15,97816.0
2025-02-18 15:38:00,104.13,104.44,104.08,104.375,81953.0
2025-02-18 15:40:00,104.37,104.419,104.2299,104.275,51099.0
2025-02-18 15:42:00,104.29,104.34,104.18,104.235,72230.0
2025-02-18 15:44:00,104.23,104.25,104.03,104.045,72448.0
2025-02-18 15:46:00,104.05,104.275,103.91,104.1814,97412.0
2025-02-18 15:48:00,104.22,104.36,104.14,104.19,115808.0
2025-02-18 15:50:00,104.2,104.29,104.11,104.286,62454.0
2025-02-18 15:52:00,104.3,104.32,104.17,104.26,56601.0
2025-02-18 15:54:00,104.24,104.32,104.12,104.21,67913.0
2025-02-18 15:56:00,104.21,104.3,104.06,104.19,69444.0
2025-02-18 15:58:00,104.2,104.25,104.04,104.25,96588.0
2025-02-18 16:00:00,104.25,104.56,104.23,104.52,202128.0
2025-02-18 16:02:00,104.52,104.95,104.52,104.9,205510.0
2025-02-18 16:04:00,104.9,105.21,104.89,105.09,325370.0
2025-02-18 16:06:00,105.08,105.315,105.08,105.225,238536.0
2025-02-18 16:08:00,105.27,105.3399,105.14,105.22,110308.0
2025-02-18 16:10:00,105.22,105.28,105.13,105.16,113727.0
2025-02-18 16:12:00,105.16,105.28,105.16,105.23,81892.0
2025-02-18 16:14:00,105.265,105.38,105.21,105.36,137366.0
2025-02-18 16:16:00,105.35,105.525,105.35,105.52,133154.0
2025-02-18 16:18:00,105.524,105.77,105.33,105.35,159542.0
2025-02-18 16:20:00,105.345,105.419,105.1286,105.32,93502.0
2025-02-18 16:22:00,105.315,105.44,105.145,105.4,68570.0
2025-02-18 16:24:00,105.395,105.7393,105.32,105.7,192566.0
2025-02-18 16:26:00,105.705,105.925,105.63,105.63,214450.0
2025-02-18 16:28:00,105.6416,105.875,105.62,105.8256,134532.0
2025-02-18 16:30:00,105.82,105.8696,105.64,105.64,105453.0
2025-02-18 16:32:00,105.64,105.647,105.42,105.43,65367.0
2025-02-18 16:34:00,105.425,105.56,105.32,105.52,157872.0
2025-02-18 16:36:00,105.485,105.5,104.99,105.0,130815.0
2025-02-18 16:38:00,105.03,105.45,105.0,105.425,110153.0
2025-02-18 16:40:00,105.41,105.58,105.38,105.44,104578.0
2025-02-18 16:42:00,105.45,105.56,105.425,105.47,118923.0
2025-02-18 16:44:00,105.45,105.49,105.23,105.41,46448.0
2025-02-18 16:46:00,105.42,105.46,105.32,105.3801,92701.0
2025-02-18 16:48:00,105.39,105.4,105.24,105.31,60483.0
2025-02-18 16:50:00,105.33,105.36,105.1506,105.16,43192.0
2025-02-18 16:52:00,105.1671,105.29,105.09,105.29,55142.0
2025-02-18 16:54:00,105.2963,105.34,105.2464,105.25,83441.0
2025-02-18 16:56:00,105.28,105.28,105.0523,105.1353,51834.0
2025-02-18 16:58:00,105.135,105.235,105.07,105.1669,224637.0
2025-02-18 17:00:00,105.16,105.35,105.15,105.25,81615.0
2025-02-18 17:02:00,105.26,105.44,105.26,105.39,60052.0
2025-02-18 17:04:00,105.4,105.695,105.395,105.66,76539.0
2025-02-18 17:06:00,105.66,105.66,105.36,105.39,58427.0
2025-02-18 17:08:00,105.4,105.5,105.32,105.335,44945.0
2025-02-18 17:10:00,105.335,105.34,105.2,105.27,53305.0
2025-02-18 17:12:00,105.25,105.48,105.25,105.46,71003.0
2025-02-18 17:14:00,105.46,105.54,105.39,105.485,54326.0
2025-02-18 17:16:00,105.5,105.515,105.2941,105.35,43924.0
2025-02-18 17:18:00,105.3648,105.4699,105.33,105.42,39960.0
2025-02-18 17:20:00,105.43,105.46,105.33,105.44,43082.0
2025-02-18 17:22:00,105.46,105.53,105.4512,105.5002,49371.0
2025-02-18 17:24:00,105.5,105.54,105.39,105.43,28779.0
2025-02-18 17:26:00,105.42,105.46,105.3112,105.38,37080.0
2025-02-18 17:28:00,105.37,105.4101,105.23,105.2592,42408.0
2025-02-18 17:30:00,105.25,105.52,105.25,105.46,141880.0
2025-02-18 17:32:00,105.45,105.48,105.37,105.39,26743.0
2025-02-18 17:34:00,105.385,105.51,105.34,105.38,63949.0
2025-02-18 17:36:00,105.37,105.5499,105.33,105.525,41354.0
2025-02-18 17:38:00,105.53,105.56,105.49,105.515,40581.0
2025-02-18 17:40:00,105.52,105.66,105.515,105.625,55544.0
2025-02-18 17:42:00,105.625,105.68,105.56,105.655,54115.0
2025-02-18 17:44:00,105.655,105.69,105.5101,105.685,39858.0
2025-02-18 17:46:00,105.69,105.745,105.6774,105.6914,37604.0
2025-02-18 17:48:00,105.7,105.83,105.67,105.74,75231.0
2025-02-18 17:50:00,105.75,105.8697,105.75,105.825,57748.0
2025-02-18 17:52:00,105.8228,105.885,105.72,105.88,44591.0
2025-02-18 17:54:00,105.8873,106.12,105.873,106.095,232832.0
2025-02-18 17:56:00,106.09,106.1,105.815,105.8699,162822.0
2025-02-18 17:58:00,105.842,105.89,105.74,105.8,54540.0
2025-02-18 18:00:00,105.79,105.86,105.7,105.82,37107.0
2025-02-18 18:02:00,105.81,106.07,105.8,106.069,60161.0
2025-02-18 18:04:00,106.07,106.2,106.04,106.175,76936.0
2025-02-18 18:06:00,106.1701,106.3,106.1509,106.2951,74859.0
2025-02-18 18:08:00,106.295,106.395,106.29,106.32,99007.0
2025-02-18 18:10:00,106.31,106.315,106.0932,106.175,140118.0
2025-02-18 18:12:00,106.16,106.37,106.15,106.335,84822.0
2025-02-18 18:14:00,106.335,106.35,106.18,106.32,113974.0
2025-02-18 18:16:00,106.32,106.38,106.21,106.235,71292.0
2025-02-18 18:18:00,106.23,106.285,106.16,106.24,58405.0
2025-02-18 18:20:00,106.23,106.31,106.18,106.28,53518.0
2025-02-18 18:22:00,106.2799,106.435,106.27,106.41,104305.0
2025-02-18 18:24:00,106.405,106.5,106.3469,106.465,135056.0
2025-02-18 18:26:00,106.465,106.59,106.41,106.5751,106692.0
2025-02-18 18:28:00,106.575,106.58,106.4389,106.445,63583.0
2025-02-18 18:30:00,106.44,106.44,106.07,106.1,170543.0
2025-02-18 18:32:00,106.0949,106.3,105.96,105.965,81585.0
2025-02-18 18:34:00,105.965,106.08,105.86,106.01,56241.0
2025-02-18 18:36:00,106.01,106.09,105.95,106.04,57265.0
2025-02-18 18:38:00,106.04,106.19,106.04,106.18,38322.0
2025-02-18 18:40:00,106.18,106.21,106.09,106.175,33162.0
2025-02-18 18:42:00,106.17,106.23,106.13,106.21,34255.0
2025-02-18 18:44:00,106.225,106.28,106.175,106.2798,33581.0
2025-02-18 18:46:00,106.28,106.31,106.19,106.3098,56021.0
2025-02-18 18:48:00,106.3,106.42,106.27,106.42,77579.0
2025-02-18 18:50:00,106.42,106.42,106.145,106.18,56825.0
2025-02-18 18:52:00,106.165,106.1678,106.02,106.04,55624.0
2025-02-18 18:54:00,106.045,106.14,105.97,106.12,86675.0
2025-02-18 18:56:00,106.115,106.38,106.11,106.36,103186.0
2025-02-18 18:58:00,106.37,106.5,106.33,106.4765,53524.0
2025-02-18 19:00:00,106.5,106.55,106.46,106.505,63357.0
2025-02-18 19:02:00,106.515,106.592,106.505,106.53,81873.0
2025-02-18 19:04:00,106.525,106.58,106.46,106.57,54694.0
2025-02-18 19:06:00,106.5724,106.5724,106.2,106.22,73276.0
2025-02-18 19:08:00,106.22,106.22,106.025,106.1001,87723.0
2025-02-18 19:10:00,106.14,106.26,106.0615,106.26,46547.0
2025-02-18 19:12:00,106.2528,106.49,106.205,106.44,67302.0
2025-02-18 19:14:00,106.47,106.48,106.23,106.27,76490.0
2025-02-18 19:16:00,106.27,106.31,106.19,106.29,49117.0
2025-02-18 19:18:00,106.28,106.38,106.24,106.33,63280.0
2025-02-18 19:20:00,106.325,106.43,106.24,106.41,60362.0
2025-02-18 19:22:00,106.4001,106.545,106.39,106.47,65529.0
2025-02-18 19:24:00,106.47,106.665,106.47,106.55,98459.0
2025-02-18 19:26:00,106.57,106.67,106.57,106.6417,100020.0
2025-02-18 19:28:00,106.6449,106.69,106.63,106.64,83225.0
2025-02-18 19:30:00,106.645,106.7099,106.62,106.7,90501.0
2025-02-18 19:32:00,106.69,106.71,106.5598,106.56,57892.0
2025-02-18 19:34:00,106.56,106.71,106.53,106.7,61947.0
2025-02-18 19:36:00,106.7,106.7293,106.6221,106.64,53965.0
2025-02-18 19:38:00,106.64,106.66,106.589,106.595,80764.0
2025-02-18 19:40:00,106.59,106.6597,106.36,106.3845,109135.0
2025-02-18 19:42:00,106.4,106.4,106.295,106.315,50793.0
2025-02-18 19:44:00,106.31,106.65,106.31,106.6,56256.0
2025-02-18 19:46:00,106.59,106.59,106.47,106.575,51228.0
2025-02-18 19:48:00,106.565,106.62,106.55,106.585,64493.0
2025-02-18 19:50:00,106.59,106.62,106.5,106.515,57253.0
2025-02-18 19:52:00,106.51,106.59,106.47,106.5599,42971.0
2025-02-18 19:54:00,106.56,106.5853,106.41,106.455,53167.0
2025-02-18 19:56:00,106.46,106.53,106.45,106.51,38907.0
2025-02-18 19:58:00,106.52,106.645,106.49,106.64,124743.0
2025-02-18 20:00:00,106.64,106.74,106.61,106.69,110854.0
2025-02-18 20:02:00,106.69,106.69,106.52,106.58,59412.0
2025-02-18 20:04:00,106.58,106.62,106.54,106.59,45700.0
2025-02-18 20:06:00,106.59,106.64,106.475,106.5669,50286.0
2025-02-18 20:08:00,106.57,106.685,106.55,106.675,49730.0
2025-02-18 20:10:00,106.67,106.71,106.6394,106.71,48304.0
2025-02-18 20:12:00,106.7,106.7,106.58,106.68,51628.0
2025-02-18 20:14:00,106.7,106.83,106.64,106.73,98495.0
2025-02-18 20:16:00,106.74,106.79,106.665,106.725,61715.0
2025-02-18 20:18:00,106.745,106.89,106.74,106.8802,100236.0
2025-02-18 20:20:00,106.89,107.1792,106.89,107.0,226367.0
2025-02-18 20:22:00,107.01,107.3399,107.0,107.33,230560.0
2025-02-18 20:24:00,107.3294,107.62,107.27,107.62,269843.0
2025-02-18 20:26:00,107.62,107.64,107.475,107.63,258184.0
2025-02-18 20:28:00,107.62,107.74,107.6,107.695,133716.0
2025-02-18 20:30:00,107.7,107.84,107.53,107.76,232536.0
2025-02-18 20:32:00,107.75,107.88,107.68,107.82,196563.0
2025-02-18 20:34:00,107.82,107.8499,107.34,107.59,246544.0
2025-02-18 20:36:00,107.585,107.68,107.44,107.4691,156202.0
2025-02-18 20:38:00,107.47,107.53,107.04,107.12,221545.0
2025-02-18 20:40:00,107.1191,107.53,107.1131,107.4941,144832.0
2025-02-18 20:42:00,107.51,107.52,107.3,107.36,133267.0
2025-02-18 20:44:00,107.36,107.5298,107.31,107.5,164121.0
2025-02-18 20:46:00,107.5,107.5066,107.19,107.29,169850.0
2025-02-18 20:48:00,107.29,107.335,107.047,107.245,144980.0
2025-02-18 20:50:00,107.245,107.28,106.76,106.915,242521.0
2025-02-18 20:52:00,106.91,106.97,106.86,106.9,239279.0
2025-02-18 20:54:00,106.9,106.96,106.69,106.79,434243.0
2025-02-18 20:56:00,106.7975,107.05,106.795,106.95,421637.0
2025-02-18 20:58:00,106.945,106.965,106.74,106.79,801130.0
2025-02-18 21:00:00,106.79,106.79,106.53,106.5501,260677.0
2025-02-18 21:02:00,106.62,106.65,106.61,106.62,2170.0
2025-02-18 21:04:00,106.6,106.6,106.511,106.511,2731.0
2025-02-18 21:06:00,106.55,106.6468,106.55,106.5883,5709.0
2025-02-18 21:08:00,106.79,106.79,106.5,106.55,126081.0
2025-02-18 21:10:00,106.57,106.79,106.5201,106.5201,3802.0
2025-02-18 21:12:00,106.5201,106.63,106.5201,106.63,2862.0
2025-02-18 21:14:00,106.6277,106.6277,106.2515,106.2515,16175.0
2025-02-18 21:16:00,106.2504,106.36,106.2503,106.3599,1351.0
2025-02-18 21:18:00,106.36,106.5,106.3008,106.5,2782.0
2025-02-18 21:20:00,106.5,106.55,106.5,106.55,614.0
2025-02-18 21:22:00,106.55,106.55,106.52,106.52,724.0
2025-02-18 21:24:00,106.52,106.52,106.52,106.52,237.0
2025-02-18 21:26:00,106.5,106.52,106.5,106.52,273.0
2025-02-18 21:28:00,106.5575,106.5593,106.47,106.52,1958.0
2025-02-18 21:30:00,106.5,106.5585,106.5,106.5,5241.0
2025-02-18 21:32:00,106.5185,106.5185,106.33,106.33,2331.0
2025-02-18 21:34:00,106.33,106.33,106.3,106.3,2992.0
2025-02-18 21:36:00,106.3,106.4425,106.3,106.38,723.0
2025-02-18 21:38:00,106.38,106.38,106.32,106.32,1400.0
2025-02-18 21:40:00,106.31,106.79,106.31,106.79,5135.0
2025-02-18 21:42:00,106.33,106.3647,106.33,106.3647,24260.0
2025-02-18 21:44:00,106.32,106.32,106.32,106.32,405.0
2025-02-18 21:46:00,106.33,106.33,106.33,106.33,323.0
2025-02-18 21:48:00,106.3101,106.3101,106.31,106.31,470.0
2025-02-18 21:50:00,106.33,106.35,106.31,106.31,3188.0
2025-02-18 21:52:00,106.31,106.31,106.31,106.31,236.0
2025-02-18 21:54:00,106.28,106.28,106.28,106.28,376.0
2025-02-18 21:56:00,106.29,106.39,106.29,106.38,3802.0
2025-02-18 21:58:00,106.44,106.44,106.44,106.44,515.0
2025-02-18 22:02:00,106.3805,106.4,106.3805,106.4,420.0
2025-02-18 22:04:00,106.38,106.38,106.38,106.38,1268.0
2025-02-18 22:08:00,106.38,106.38,106.38,106.38,703.0
2025-02-18 22:12:00,106.4,106.4,106.38,106.38,449.0
2025-02-18 22:14:00,106.2705,106.2705,106.2705,106.2705,3186.0
2025-02-18 22:16:00,106.35,106.35,106.35,106.35,120.0
2025-02-18 22:18:00,106.3,106.3,106.2704,106.2704,707.0
2025-02-18 22:20:00,106.28,106.28,106.28,106.28,185.0
2025-02-18 22:22:00,106.2682,106.2682,106.2682,106.2682,141.0
2025-02-18 22:24:00,106.29,106.29,106.26,106.29,1038.0
2025-02-18 22:26:00,106.2607,106.2607,106.2607,106.2607,1030.0
2025-02-18 22:28:00,106.27,106.27,106.26,106.26,1680.0
2025-02-18 22:30:00,106.2,106.2,106.2,106.2,202.0
2025-02-18 22:32:00,106.2005,106.21,106.2005,106.21,808.0
2025-02-18 22:34:00,106.2,106.2,106.2,106.2,2076.0
2025-02-18 22:38:00,106.2011,106.2011,106.2011,106.2011,246.0
2025-02-18 22:40:00,106.21,106.21,106.21,106.21,119.0
2025-02-18 22:42:00,106.2006,106.2006,106.2006,106.2006,214.0
2025-02-18 22:46:00,106.35,106.35,106.35,106.35,278.0
2025-02-18 22:48:00,106.35,106.36,106.35,106.36,1152.0
2025-02-18 22:50:00,106.31,106.35,106.31,106.35,200.0
2025-02-18 22:52:00,106.36,106.36,106.36,106.36,2416.0
2025-02-18 22:54:00,106.44,106.44,106.44,106.44,500.0
2025-02-18 22:56:00,106.5928,106.5928,106.32,106.32,528.0
2025-02-18 22:58:00,106.42,106.42,106.42,106.42,227.0
2025-02-18 23:00:00,106.5172,106.5172,106.5172,106.5172,704.0
2025-02-18 23:02:00,106.53,106.53,106.53,106.53,472.0
2025-02-18 23:04:00,106.65,106.65,106.65,106.65,473.0
2025-02-18 23:06:00,106.53,106.53,106.53,106.53,217.0
2025-02-18 23:10:00,106.64,106.71,106.64,106.71,1185.0
2025-02-18 23:12:00,106.55,106.8,106.55,106.8,526.0
2025-02-18 23:16:00,106.79,106.8,106.61,106.61,931.0
2025-02-18 23:18:00,106.56,106.6988,106.5,106.6988,883.0
2025-02-18 23:22:00,106.7,106.7,106.52,106.52,1052.0
2025-02-18 23:28:00,106.5075,106.5075,106.5075,106.5075,1159.0
2025-02-18 23:32:00,106.52,106.52,106.52,106.52,101.0
2025-02-18 23:34:00,106.5167,106.5167,106.5167,106.5167,239.0
2025-02-18 23:38:00,106.65,106.65,106.52,106.5201,2258.0
2025-02-18 23:40:00,106.63,106.63,106.63,106.63,295.0
2025-02-18 23:42:00,106.53,106.53,106.53,106.53,133.0
2025-02-18 23:44:00,106.5515,106.62,106.5515,106.62,422.0
2025-02-18 23:46:00,106.7,106.8,106.7,106.75,1957.0
2025-02-18 23:48:00,106.7999,106.8,106.75,106.8,2096.0
2025-02-18 23:52:00,106.8,106.8,106.8,106.8,119.0
2025-02-18 23:54:00,106.75,106.75,106.75,106.75,1072.0
2025-02-18 23:56:00,106.7984,106.7984,106.7984,106.7984,459.0
2025-02-18 23:58:00,106.7507,106.7507,106.7507,106.7507,592.0
2025-02-19 00:00:00,106.75,106.75,106.75,106.75,1557.0
2025-02-19 00:02:00,106.75,106.7506,106.75,106.7506,766.0
2025-02-19 00:04:00,106.7401,106.82,106.62,106.8,2106.0
2025-02-19 00:06:00,106.63,106.63,106.63,106.63,338.0
2025-02-19 00:10:00,106.7032,106.7032,106.7032,106.7032,197.0
2025-02-19 00:14:00,106.95,106.95,106.95,106.95,526.0
2025-02-19 00:16:00,106.85,106.85,106.79,106.79,857.0
2025-02-19 00:18:00,106.95,106.95,106.95,106.95,176.0
2025-02-19 00:20:00,106.95,106.95,106.95,106.95,330.0
2025-02-19 00:26:00,106.9374,106.9374,106.9374,106.9374,325.0
2025-02-19 00:28:00,106.8,106.8,106.8,106.8,138.0
2025-02-19 00:36:00,106.95,106.95,106.95,106.95,245.0
2025-02-19 00:38:00,107.0,107.0,106.97,106.97,4195.0
2025-02-19 00:40:00,106.9768,106.9768,106.9768,106.9768,238.0
2025-02-19 00:42:00,107.0,107.0,106.85,106.85,3343.0
2025-02-19 00:46:00,106.8998,106.8998,106.85,106.85,937.0
2025-02-19 00:52:00,106.9982,106.9982,106.9982,106.9982,353.0
2025-02-19 00:54:00,106.9,106.9,106.9,106.9,1016.0
2025-02-19 00:56:00,106.9,107.0,106.9,107.0,1819.0
2025-02-19 00:58:00,107.0,107.1,107.0,107.1,2517.0
2025-02-19 09:00:00,107.35,107.45,107.0,107.3,5173.0
2025-02-19 09:02:00,107.3,107.46,107.3,107.35,1961.0
2025-02-19 09:04:00,107.33,107.33,107.17,107.29,5120.0
2025-02-19 09:10:00,107.15,107.25,107.05,107.17,3243.0
2025-02-19 09:12:00,107.14,107.14,107.01,107.12,1262.0
2025-02-19 09:14:00,107.1,107.1,107.1,107.1,829.0
2025-02-19 09:16:00,107.1,107.1,107.1,107.1,220.0
2025-02-19 09:18:00,107.18,107.18,107.18,107.18,435.0
2025-02-19 09:20:00,107.18,107.18,107.18,107.18,644.0
2025-02-19 09:26:00,107.2,107.21,107.1,107.1,1864.0
2025-02-19 09:28:00,107.03,107.03,107.03,107.03,444.0
2025-02-19 09:32:00,107.14,107.18,107.1,107.1,1453.0
2025-02-19 09:34:00,107.18,107.18,107.18,107.18,205.0
2025-02-19 09:36:00,107.1,107.1,107.05,107.05,945.0
2025-02-19 09:38:00,107.03,107.1,107.0,107.1,4194.0
2025-02-19 09:40:00,107.1,107.1,107.01,107.05,2787.0
2025-02-19 09:42:00,107.16,107.2,107.1,107.1,3080.0
2025-02-19 09:44:00,107.1,107.1,107.1,107.1,1041.0
2025-02-19 09:52:00,107.12,107.12,107.1,107.1,1017.0
2025-02-19 09:54:00,107.1,107.1,107.06,107.1,1739.0
2025-02-19 09:56:00,107.1,107.1,107.1,107.1,882.0
2025-02-19 10:00:00,107.1,107.1,107.1,107.1,134.0
2025-02-19 10:02:00,107.07,107.1,107.01,107.01,1047.0
2025-02-19 10:04:00,107.14,107.14,107.14,107.14,646.0
2025-02-19 10:08:00,107.04,107.04,107.04,107.04,321.0
2025-02-19 10:10:00,107.17,107.25,107.1,107.23,4565.0
2025-02-19 10:14:00,107.22,107.23,107.22,107.23,584.0
2025-02-19 10:16:00,107.18,107.18,107.18,107.18,404.0
2025-02-19 10:22:00,107.17,107.17,107.04,107.1,730.0
2025-02-19 10:24:00,107.1,107.1,107.01,107.1,2932.0
2025-02-19 10:26:00,107.06,107.06,107.0,107.03,1244.0
2025-02-19 10:28:00,107.06,107.11,107.0,107.0,6711.0
2025-02-19 10:30:00,106.99,106.99,106.99,106.99,455.0
2025-02-19 10:38:00,106.84,106.85,106.81,106.85,1206.0
2025-02-19 10:40:00,106.85,106.97,106.85,106.97,639.0
2025-02-19 10:42:00,106.86,106.86,106.86,106.86,967.0
2025-02-19 10:44:00,106.85,106.85,106.85,106.85,676.0
2025-02-19 10:46:00,106.93,106.93,106.93,106.93,272.0
2025-02-19 10:52:00,107.0,107.0,107.0,107.0,499.0
2025-02-19 10:56:00,107.14,107.17,107.14,107.17,881.0
2025-02-19 10:58:00,107.07,107.07,107.07,107.07,461.0
2025-02-19 11:04:00,106.91,106.91,106.91,106.91,426.0
2025-02-19 11:12:00,106.86,106.86,106.86,106.86,516.0
2025-02-19 11:14:00,106.92,106.92,106.92,106.92,1206.0
2025-02-19 11:16:00,107.0,107.07,106.91,106.91,809.0
2025-02-19 11:18:00,106.95,106.95,106.95,106.95,118.0
2025-02-19 11:20:00,106.95,106.95,106.95,106.95,373.0
2025-02-19 11:24:00,106.95,106.95,106.95,106.95,2268.0
2025-02-19 11:26:00,106.87,106.87,106.79,106.79,1479.0
2025-02-19 11:28:00,106.65,106.65,106.65,106.65,227.0
2025-02-19 11:30:00,106.51,106.51,106.5,106.5,753.0
2025-02-19 11:32:00,106.33,106.44,106.33,106.44,2021.0
2025-02-19 11:34:00,106.26,106.26,106.24,106.24,528.0
2025-02-19 11:38:00,106.34,106.34,106.25,106.25,402.0
2025-02-19 11:40:00,106.34,106.34,106.34,106.34,378.0
2025-02-19 11:42:00,106.38,106.4,106.38,106.4,508.0
2025-02-19 11:44:00,106.33,106.33,106.32,106.32,648.0
2025-02-19 11:46:00,106.44,106.44,106.44,106.44,839.0
2025-02-19 11:48:00,106.48,106.5,106.48,106.5,751.0
2025-02-19 11:50:00,106.48,106.73,106.48,106.73,917.0
2025-02-19 11:52:00,106.55,106.7,106.55,106.7,308.0
2025-02-19 11:54:00,106.62,106.62,106.62,106.62,632.0
2025-02-19 11:56:00,106.61,106.61,106.61,106.61,563.0
2025-02-19 12:00:00,106.64,106.64,106.51,106.51,442.0
2025-02-19 12:02:00,106.85,106.85,106.85,106.85,743.0
2025-02-19 12:04:00,106.87,106.89,106.76,106.89,1555.0
2025-02-19 12:08:00,106.71,106.71,106.71,106.71,538.0
2025-02-19 12:12:00,106.79,106.81,106.75,106.75,1729.0
2025-02-19 12:14:00,106.75,106.75,106.75,106.75,376.0
2025-02-19 12:16:00,106.82,106.83,106.82,106.83,721.0
2025-02-19 12:18:00,106.87,106.87,106.87,106.87,351.0
2025-02-19 12:20:00,106.84,106.84,106.8,106.8,752.0
2025-02-19 12:22:00,106.83,106.83,106.75,106.81,589.0
2025-02-19 12:26:00,106.76,106.76,106.76,106.76,848.0
2025-02-19 12:32:00,106.7,106.7,106.7,106.7,314.0
2025-02-19 12:34:00,106.61,106.61,106.61,106.61,308.0
2025-02-19 12:36:00,106.64,106.7,106.64,106.7,977.0
2025-02-19 12:38:00,106.66,106.66,106.56,106.56,1658.0
2025-02-19 12:40:00,106.62,106.65,106.62,106.65,1223.0
2025-02-19 12:46:00,106.65,106.65,106.6,106.6,787.0
2025-02-19 12:48:00,106.58,106.6,106.53,106.53,795.0
2025-02-19 12:52:00,106.55,106.55,106.55,106.55,237.0
2025-02-19 13:00:00,106.61,107.8,106.44,106.5,42854.0
2025-02-19 13:02:00,106.4179,106.5,106.4179,106.5,961.0
2025-02-19 13:04:00,106.5,106.55,106.5,106.55,600.0
2025-02-19 13:06:00,106.55,106.59,106.55,106.59,1587.0
2025-02-19 13:08:00,106.57,106.6,106.56,106.561,2235.0
2025-02-19 13:10:00,106.599,106.6,106.57,106.6,2395.0
2025-02-19 13:12:00,106.59,106.5997,106.5,106.5,3927.0
2025-02-19 13:14:00,106.43,106.43,106.2407,106.34,3360.0
2025-02-19 13:16:00,106.3999,106.3999,106.3999,106.3999,307.0
2025-02-19 13:18:00,106.31,106.32,106.3,106.3,1308.0
2025-02-19 13:20:00,106.3,106.32,106.24,106.24,1693.0
2025-02-19 13:22:00,106.2418,106.4,106.2418,106.3,1707.0
2025-02-19 13:24:00,106.24,106.24,106.2,106.2,2101.0
2025-02-19 13:26:00,106.25,106.25,106.2,106.2,1573.0
2025-02-19 13:28:00,106.2,106.27,106.01,106.27,7113.0
2025-02-19 13:30:00,106.1,106.2,106.01,106.2,6710.0
2025-02-19 13:32:00,106.1013,106.2658,106.1,106.14,1627.0
2025-02-19 13:34:00,106.11,106.2,106.11,106.2,1282.0
2025-02-19 13:36:00,106.14,106.15,106.14,106.15,1954.0
2025-02-19 13:38:00,106.1042,106.14,106.1042,106.14,339.0
2025-02-19 13:40:00,106.11,106.2653,106.1,106.2653,7374.0
2025-02-19 13:42:00,106.14,106.2,106.0801,106.0914,1130.0
2025-02-19 13:44:00,106.12,106.1998,106.12,106.19,1175.0
2025-02-19 13:48:00,106.08,106.1,106.0,106.01,6303.0
2025-02-19 13:50:00,106.06,106.1,106.05,106.05,1506.0
2025-02-19 13:52:00,106.08,106.08,106.08,106.08,268.0
2025-02-19 13:54:00,106.03,106.0338,106.03,106.0338,649.0
2025-02-19 13:56:00,106.0501,106.1949,106.05,106.05,3438.0
2025-02-19 13:58:00,106.07,106.11,106.06,106.1,1847.0
2025-02-19 14:00:00,106.09,106.09,106.0,106.01,2668.0
2025-02-19 14:02:00,106.02,106.03,106.0,106.0,33683.0
2025-02-19 14:04:00,105.9283,105.9283,105.7,105.7,8122.0
2025-02-19 14:06:00,105.72,106.03,105.72,106.03,1447.0
2025-02-19 14:08:00,105.75,105.92,105.72,105.8,4352.0
2025-02-19 14:10:00,105.72,105.76,105.71,105.73,1462.0
2025-02-19 14:12:00,105.75,105.7999,105.71,105.71,2638.0
2025-02-19 14:14:00,105.75,105.75,105.66,105.6601,2328.0
2025-02-19 14:16:00,105.6602,105.6602,105.261,105.261,5971.0
2025-02-19 14:18:00,105.37,105.43,105.19,105.22,5979.0
2025-02-19 14:20:00,105.3,105.39,105.25,105.27,2612.0
2025-02-19 14:22:00,105.37,105.4,105.31,105.39,1773.0
2025-02-19 14:24:00,105.37,105.43,105.25,105.25,3601.0
2025-02-19 14:26:00,105.3,105.32,105.06,105.15,17721.0
2025-02-19 14:28:00,105.39,105.8,105.15,105.8,48658.0
2025-02-19 14:30:00,105.755,106.57,105.37,106.2575,654192.0
2025-02-19 14:32:00,106.31,106.46,105.98,106.12,173739.0
2025-02-19 14:34:00,106.15,106.45,105.97,106.41,138499.0
2025-02-19 14:36:00,106.414,107.01,106.32,106.915,272374.0
2025-02-19 14:38:00,106.95,107.19,106.6206,106.64,211749.0
2025-02-19 14:40:00,106.64,106.71,105.82,105.854,124415.0
2025-02-19 14:42:00,105.865,106.29,105.74,105.775,170540.0
2025-02-19 14:44:00,105.775,106.2199,105.67,106.1787,115895.0
2025-02-19 14:46:00,106.18,106.233,106.02,106.14,94488.0
2025-02-19 14:48:00,106.12,106.48,105.855,106.02,143046.0
2025-02-19 14:50:00,106.02,106.34,106.0175,106.2,98093.0
2025-02-19 14:52:00,106.185,106.3,106.12,106.13,109212.0
2025-02-19 14:54:00,106.1,106.11,105.9,105.98,67434.0
2025-02-19 14:56:00,105.945,105.96,105.81,105.84,55601.0
2025-02-19 14:58:00,105.82,105.89,105.5625,105.655,127257.0
2025-02-19 15:00:00,105.65,105.76,105.45,105.715,151156.0
2025-02-19 15:02:00,105.69,105.87,105.605,105.87,87756.0
2025-02-19 15:04:00,105.85,105.9,105.61,105.84,141948.0
2025-02-19 15:06:00,105.83,105.91,105.74,105.835,80631.0
2025-02-19 15:08:00,105.85,105.93,105.6,105.75,58838.0
2025-02-19 15:10:00,105.765,106.0,105.765,105.9,78814.0
2025-02-19 15:12:00,105.905,105.92,105.72,105.8,40219.0
2025-02-19 15:14:00,105.81,105.96,105.79,105.9571,42213.0
2025-02-19 15:16:00,105.96,106.24,105.96,106.04,82892.0
2025-02-19 15:18:00,106.05,106.09,105.8288,105.95,47767.0
2025-02-19 15:20:00,105.935,105.95,105.7,105.805,71353.0
2025-02-19 15:22:00,105.805,105.9146,105.7,105.91,163084.0
2025-02-19 15:24:00,105.92,105.93,105.7884,105.865,57164.0
2025-02-19 15:26:00,105.865,105.96,105.7694,105.7694,70830.0
2025-02-19 15:28:00,105.77,105.81,105.63,105.6905,68447.0
2025-02-19 15:30:00,105.71,105.95,105.68,105.9,93879.0
2025-02-19 15:32:00,105.9,106.07,105.78,105.83,125761.0
2025-02-19 15:34:00,105.84,105.87,105.55,105.58,80486.0
2025-02-19 15:36:00,105.57,105.645,105.34,105.34,108011.0
2025-02-19 15:38:00,105.34,105.51,105.27,105.49,91751.0
2025-02-19 15:40:00,105.51,105.54,105.39,105.4184,69190.0
2025-02-19 15:42:00,105.42,105.44,105.22,105.3309,100719.0
2025-02-19 15:44:00,105.34,105.36,105.18,105.215,132404.0
2025-02-19 15:46:00,105.225,105.5,105.2203,105.44,80507.0
2025-02-19 15:48:00,105.435,105.65,105.435,105.645,74422.0
2025-02-19 15:50:00,105.645,105.69,105.49,105.49,71119.0
2025-02-19 15:52:00,105.52,105.59,105.4,105.56,41367.0
2025-02-19 15:54:00,105.57,105.6,105.35,105.3577,46076.0
2025-02-19 15:56:00,105.345,105.345,105.1,105.1475,87519.0
2025-02-19 15:58:00,105.155,105.17,104.88,105.01,249235.0
2025-02-19 16:00:00,105.01,105.22,105.0,105.16,86083.0
2025-02-19 16:02:00,105.16,105.28,105.145,105.23,84935.0
2025-02-19 16:04:00,105.245,105.35,105.217,105.25,72490.0
2025-02-19 16:06:00,105.25,105.26,105.03,105.05,85695.0
2025-02-19 16:08:00,105.05,105.1499,105.025,105.11,59406.0
2025-02-19 16:10:00,105.091,105.57,105.02,105.49,141819.0
2025-02-19 16:12:00,105.5,105.5,105.19,105.22,141317.0
2025-02-19 16:14:00,105.22,105.24,104.99,105.24,87490.0
2025-02-19 16:16:00,105.215,105.2253,104.9101,104.945,82370.0
2025-02-19 16:18:00,104.95,105.0659,104.93,105.01,114357.0
2025-02-19 16:20:00,105.02,105.085,104.91,105.0784,69130.0
2025-02-19 16:22:00,105.0864,105.3,105.01,105.285,92016.0
2025-02-19 16:24:00,105.3,105.35,105.2,105.35,67757.0
2025-02-19 16:26:00,105.35,105.3699,105.24,105.29,45437.0
2025-02-19 16:28:00,105.29,105.335,105.18,105.18,62400.0
2025-02-19 16:30:00,105.2,105.28,105.17,105.25,36490.0
2025-02-19 16:32:00,105.25,105.3,105.16,105.16,45561.0
2025-02-19 16:34:00,105.16,105.242,105.125,105.205,70665.0
2025-02-19 16:36:00,105.214,105.214,105.03,105.07,56050.0
2025-02-19 16:38:00,105.0825,105.1,105.0,105.02,62718.0
2025-02-19 16:40:00,105.0225,105.24,105.0,105.24,76511.0
2025-02-19 16:42:00,105.24,105.37,105.235,105.34,114562.0
2025-02-19 16:44:00,105.335,105.37,105.19,105.26,121625.0
2025-02-19 16:46:00,105.255,105.34,105.19,105.24,57973.0
2025-02-19 16:48:00,105.235,105.25,105.11,105.135,61059.0
2025-02-19 16:50:00,105.115,105.255,105.05,105.16,66274.0
2025-02-19 16:52:00,105.16,105.2,105.12,105.1524,42881.0
2025-02-19 16:54:00,105.15,105.15,105.03,105.0316,51670.0
2025-02-19 16:56:00,105.04,105.05,104.84,104.8649,104178.0
2025-02-19 16:58:00,104.87,104.9268,104.8161,104.91,68987.0
2025-02-19 17:00:00,104.9,104.9,104.72,104.7205,63867.0
2025-02-19 17:02:00,104.72,104.7499,104.52,104.62,82930.0
2025-02-19 17:04:00,104.63,104.66,104.47,104.54,80163.0
2025-02-19 17:06:00,104.56,104.56,104.441,104.49,77533.0
2025-02-19 17:08:00,104.4875,104.53,104.43,104.4301,56531.0
2025-02-19 17:10:00,104.43,104.43,104.135,104.16,116921.0
2025-02-19 17:12:00,104.165,104.217,104.09,104.2,88340.0
2025-02-19 17:14:00,104.17,104.23,104.07,104.1,79514.0
2025-02-19 17:16:00,104.1122,104.2,103.97,103.9956,81117.0
2025-02-19 17:18:00,103.9832,104.0463,103.85,104.03,117984.0
2025-02-19 17:20:00,104.02,104.05,103.89,103.9451,65475.0
2025-02-19 17:22:00,103.945,103.95,103.7602,103.805,71195.0
2025-02-19 17:24:00,103.795,103.83,103.64,103.75,76970.0
2025-02-19 17:26:00,103.74,103.76,103.63,103.73,69048.0
2025-02-19 17:28:00,103.7316,103.83,103.73,103.78,65862.0
2025-02-19 17:30:00,103.7999,103.7999,103.6798,103.68,45837.0
2025-02-19 17:32:00,103.69,103.727,103.62,103.62,60519.0
2025-02-19 17:34:00,103.6287,103.78,103.62,103.775,54862.0
2025-02-19 17:36:00,103.7788,103.965,103.755,103.93,111330.0
2025-02-19 17:38:00,103.93,103.96,103.865,103.9398,50212.0
2025-02-19 17:40:00,103.935,104.01,103.93,103.99,70357.0
2025-02-19 17:42:00,103.99,104.27,103.96,104.27,90966.0
2025-02-19 17:44:00,104.26,104.34,104.11,104.33,92513.0
2025-02-19 17:46:00,104.325,104.34,104.2,104.2801,86498.0
2025-02-19 17:48:00,104.295,104.34,104.155,104.16,56177.0
2025-02-19 17:50:00,104.14,104.14,104.095,104.12,39315.0
2025-02-19 17:52:00,104.12,104.2308,104.11,104.16,51157.0
2025-02-19 17:54:00,104.16,104.1719,103.91,103.97,74406.0
2025-02-19 17:56:00,103.95,103.97,103.78,103.785,39468.0
2025-02-19 17:58:00,103.79,103.8,103.665,103.74,74981.0
2025-02-19 18:00:00,103.74,103.84,103.63,103.84,65476.0
2025-02-19 18:02:00,103.8451,104.05,103.765,104.0388,48780.0
2025-02-19 18:04:00,104.035,104.1962,104.035,104.1962,85870.0
2025-02-19 18:06:00,104.18,104.215,104.0598,104.105,33735.0
2025-02-19 18:08:00,104.106418,104.106418,103.8401,103.86,34596.0
2025-02-19 18:10:00,103.85,104.0975,103.85,104.07,30791.0
2025-02-19 18:12:00,104.06,104.195,103.97,104.195,35633.0
2025-02-19 18:14:00,104.19,104.25,104.15,104.15,29592.0
2025-02-19 18:16:00,104.145,104.24,104.105,104.14,45786.0
2025-02-19 18:18:00,104.15,104.19,104.08,104.11,41720.0
2025-02-19 18:20:00,104.1,104.1,103.92,103.93,45827.0
2025-02-19 18:22:00,103.92,104.024,103.88,103.9899,41863.0
2025-02-19 18:24:00,103.98,103.98,103.81,103.905,62121.0
2025-02-19 18:26:00,103.9,104.1402,103.86,104.04,31156.0
2025-02-19 18:28:00,104.0456,104.08,103.965,104.01,27552.0
2025-02-19 18:30:00,104.04,104.21,104.04,104.19,29200.0
2025-02-19 18:32:00,104.19,104.2049,104.01,104.035,25206.0
2025-02-19 18:34:00,104.035,104.1499,104.01,104.06,19828.0
2025-02-19 18:36:00,104.06,104.12,104.05,104.06,33570.0
2025-02-19 18:38:00,104.07,104.235,104.07,104.13,34670.0
2025-02-19 18:40:00,104.125,104.125,104.0,104.0479,31576.0
2025-02-19 18:42:00,104.035,104.1,103.98,104.06,34469.0
2025-02-19 18:44:00,104.06,104.13,104.03,104.11,21395.0
2025-02-19 18:46:00,104.0942,104.16,104.055,104.085,29377.0
2025-02-19 18:48:00,104.09,104.14,104.05,104.12,19796.0
2025-02-19 18:50:00,104.11,104.12,103.95,104.0,34879.0
2025-02-19 18:52:00,104.01,104.0598,103.98,104.02,24826.0
2025-02-19 18:54:00,104.015,104.07,103.97,104.0384,20138.0
2025-02-19 18:56:00,104.04,104.13,103.965,104.095,42653.0
2025-02-19 18:58:00,104.09,104.11,104.02,104.025,28842.0
2025-02-19 19:00:00,104.03,104.16,104.02,104.075,17641.0
2025-02-19 19:02:00,104.0638,104.2502,104.0638,104.16,63655.0
2025-02-19 19:04:00,104.1506,104.25,104.08,104.21,81353.0
2025-02-19 19:06:00,104.215,104.22,104.14,104.17,21598.0
2025-02-19 19:08:00,104.175,104.21,104.16,104.19,14805.0
2025-02-19 19:10:00,104.19,104.225,104.1502,104.1502,18922.0
2025-02-19 19:12:00,104.14,104.18,104.05,104.11,23404.0
2025-02-19 19:14:00,104.11,104.35,104.1,104.305,41272.0
2025-02-19 19:16:00,104.32,104.38,104.28,104.3297,35232.0
2025-02-19 19:18:00,104.31,104.4284,104.29,104.37,51517.0
2025-02-19 19:20:00,104.37,104.48,104.37,104.42,41064.0
2025-02-19 19:22:00,104.4,104.47,104.395,104.4,22673.0
2025-02-19 19:24:00,104.39,104.39,104.1644,104.19,47257.0
2025-02-19 19:26:00,104.21,104.25,104.18,104.21,28118.0
2025-02-19 19:28:00,104.2139,104.41,104.2139,104.4,31152.0
2025-02-19 19:30:00,104.4,104.42,104.3,104.3632,40275.0
2025-02-19 19:32:00,104.3629,104.43,104.3629,104.405,21785.0
2025-02-19 19:34:00,104.4,104.64,104.395,104.5409,77803.0
2025-02-19 19:36:00,104.55,104.59,104.501,104.58,30899.0
2025-02-19 19:38:00,104.58,104.6484,104.575,104.61,33389.0
2025-02-19 19:40:00,104.6009,104.71,104.6,104.62,53403.0
2025-02-19 19:42:00,104.63,104.635,104.5129,104.54,23278.0
2025-02-19 19:44:00,104.53,104.68,104.49,104.65,51061.0
2025-02-19 19:46:00,104.65,104.65,104.56,104.6,25712.0
2025-02-19 19:48:00,104.6,104.6,104.565,104.5755,24074.0
2025-02-19 19:50:00,104.575,104.65,104.5,104.63,42876.0
2025-02-19 19:52:00,104.6356,104.675,104.6,104.675,29866.0
2025-02-19 19:54:00,104.675,104.79,104.65,104.74,53294.0
2025-02-19 19:56:00,104.75,104.75,104.6549,104.71,40251.0
2025-02-19 19:58:00,104.69,104.69,104.605,104.61,32697.0
2025-02-19 20:00:00,104.6,104.6,104.48,104.51,49103.0
2025-02-19 20:02:00,104.51,104.65,104.463,104.64,36956.0
2025-02-19 20:04:00,104.64,104.67,104.56,104.5801,30195.0
2025-02-19 20:06:00,104.585,104.67,104.585,104.59,30412.0
2025-02-19 20:08:00,104.5902,104.5902,104.52,104.55,21050.0
2025-02-19 20:10:00,104.54,104.58,104.48,104.5,36672.0
2025-02-19 20:12:00,104.48,104.525,104.42,104.445,27544.0
2025-02-19 20:14:00,104.44,104.49,104.38,104.42,34420.0
2025-02-19 20:16:00,104.42,104.47,104.405,104.425,29269.0
2025-02-19 20:18:00,104.425,104.52,104.385,104.385,42293.0
2025-02-19 20:20:00,104.4,104.455,104.34,104.35,33791.0
2025-02-19 20:22:00,104.35,104.38,104.15,104.21,52267.0
2025-02-19 20:24:00,104.23,104.35,104.21,104.21,56572.0
2025-02-19 20:26:00,104.24,104.25,103.93,103.9505,79113.0
2025-02-19 20:28:00,103.96,103.98,103.63,103.725,110919.0
2025-02-19 20:30:00,103.73,104.07,103.725,104.04,75548.0
2025-02-19 20:32:00,104.05,104.21,104.05,104.196446,55699.0
2025-02-19 20:34:00,104.1829,104.25,104.095,104.125,69969.0
2025-02-19 20:36:00,104.13,104.2,103.97,104.0,61070.0
2025-02-19 20:38:00,103.9857,103.99,103.82,103.91,90754.0
2025-02-19 20:40:00,103.91,104.12,103.9,104.09,57944.0
2025-02-19 20:42:00,104.105,104.2174,104.06,104.155,53155.0
2025-02-19 20:44:00,104.15,104.205,103.98,104.12,75316.0
2025-02-19 20:46:00,104.12,104.195,104.06,104.135,75834.0
2025-02-19 20:48:00,104.13,104.2,104.05,104.185,81546.0
2025-02-19 20:50:00,104.19,104.345,104.19,104.29,121502.0
2025-02-19 20:52:00,104.28,104.3,104.15,104.21,123941.0
2025-02-19 20:54:00,104.21,104.53,104.16,104.53,220915.0
2025-02-19 20:56:00,104.53,104.54,104.435,104.45,255179.0
2025-02-19 20:58:00,104.455,104.46,104.31,104.36,444603.0
2025-02-19 21:00:00,104.36,104.38,104.25,104.25,305138.0
2025-02-19 21:04:00,104.17,104.29,104.17,104.29,3928.0
2025-02-19 21:06:00,104.24,104.26,104.24,104.26,1357.0
2025-02-19 21:08:00,104.36,104.36,104.36,104.36,831.0
2025-02-19 21:10:00,104.31,104.31,104.3,104.3,477.0
2025-02-19 21:12:00,104.3,104.35,104.25,104.35,683.0
2025-02-19 21:16:00,104.32,104.36,104.32,104.36,523.0
2025-02-19 21:20:00,104.35,104.35,104.35,104.35,228.0
2025-02-19 21:22:00,104.2507,104.2507,104.2507,104.2507,307.0
2025-02-19 21:24:00,104.26,104.36,104.26,104.3,2040.0
2025-02-19 21:32:00,104.25,104.3493,104.25,104.3493,1440.0
2025-02-19 21:34:00,104.35,104.35,104.35,104.35,1317.0
2025-02-19 21:36:00,104.31,104.31,104.25,104.25,940.0
2025-02-19 21:38:00,104.271,104.271,104.271,104.271,396.0
2025-02-19 21:42:00,104.26,104.26,104.26,104.26,510.0
2025-02-19 21:44:00,104.25,104.36,104.25,104.36,2272.0
2025-02-19 21:46:00,104.27,104.27,104.24,104.24,2752.0
2025-02-19 21:50:00,104.1,104.1,104.0,104.0,1681.0
2025-02-19 21:52:00,104.07,104.07,104.07,104.07,1353.0
2025-02-19 21:54:00,104.01,104.07,104.01,104.0683,517.0
2025-02-19 21:56:00,104.07,104.07,104.01,104.01,3139.0
2025-02-19 22:00:00,104.03,104.03,104.03,104.03,325.0
2025-02-19 22:02:00,104.01,104.01,104.01,104.01,145.0
2025-02-19 22:04:00,104.03,104.03,104.03,104.03,114.0
2025-02-19 22:06:00,104.1,104.1,104.0101,104.0101,412.0
2025-02-19 22:10:00,104.1,104.1,104.01,104.01,1351.0
2025-02-19 22:12:00,104.0113,104.0113,104.0113,104.0113,170.0
2025-02-19 22:20:00,104.04,104.04,104.04,104.04,120.0
2025-02-19 22:22:00,104.12,104.12,104.12,104.12,133.0
2025-02-19 22:24:00,104.15,104.15,104.15,104.15,200.0
2025-02-19 22:26:00,104.1001,104.1001,104.1,104.1,5171.0
2025-02-19 22:30:00,104.1,104.1,103.9889,103.9889,501.0
2025-02-19 22:34:00,104.13,104.13,103.98,103.98,286.0
2025-02-19 22:46:00,104.0,104.0,104.0,104.0,550.0
2025-02-19 22:48:00,104.0,104.06,104.0,104.0014,1039.0
2025-02-19 22:56:00,104.1,104.1,104.1,104.1,103.0
2025-02-19 23:00:00,104.15,104.15,104.15,104.15,1598.0
2025-02-19 23:02:00,104.1,104.1,104.1,104.1,204.0
2025-02-19 23:06:00,104.15,104.15,104.15,104.15,302.0
2025-02-19 23:16:00,104.3382,104.3382,104.3382,104.3382,1256.0
2025-02-19 23:18:00,104.32,104.32,104.32,104.32,281.0
2025-02-19 23:20:00,104.33,104.33,104.33,104.33,181.0
2025-02-19 23:30:00,104.18,104.18,104.18,104.18,388.0
2025-02-19 23:32:00,104.28,104.2985,104.2015,104.2015,308.0
2025-02-19 23:34:00,104.28,104.28,104.2,104.2,2422.0
2025-02-19 23:48:00,104.15,104.15,104.15,104.15,431.0
2025-02-19 23:54:00,104.15,104.1501,104.15,104.15,622.0
2025-02-19 23:56:00,104.1999,104.1999,104.1999,104.1999,1006.0
2025-02-19 23:58:00,104.0546,104.0546,104.0507,104.0507,1528.0
2025-02-20 00:00:00,104.0501,104.0501,104.0501,104.0501,425.0
2025-02-20 00:04:00,104.07,104.07,104.06,104.06,416.0
2025-02-20 00:10:00,104.2,104.2,104.2,104.2,444.0
2025-02-20 00:22:00,104.0477,104.0477,104.0477,104.0477,102.0
2025-02-20 00:24:00,104.195,104.195,104.195,104.195,215.0
2025-02-20 00:30:00,104.1981,104.1981,104.06,104.06,277.0
2025-02-20 00:32:00,104.03,104.03,104.02,104.02,514.0
2025-02-20 00:34:00,104.0213,104.1999,104.0213,104.1999,2840.0
2025-02-20 00:44:00,104.03,104.03,104.03,104.03,300.0
2025-02-20 00:48:00,104.2,104.2,104.2,104.2,275.0
2025-02-20 00:52:00,104.086,104.1992,104.086,104.1992,674.0
2025-02-20 00:54:00,104.02,104.2,104.02,104.2,1190.0
2025-02-20 09:00:00,103.8,103.83,103.8,103.8,856.0
2025-02-20 09:08:00,103.79,103.79,103.79,103.79,261.0
2025-02-20 09:10:00,103.62,103.62,103.5,103.5,1931.0
2025-02-20 09:12:00,103.45,103.45,103.3,103.4,1803.0
2025-02-20 09:16:00,103.4,103.4,103.4,103.4,183.0
2025-02-20 09:18:00,103.48,103.48,103.42,103.42,1246.0
2025-02-20 09:22:00,103.41,103.41,103.41,103.41,171.0
2025-02-20 09:26:00,103.4,103.4,103.4,103.4,109.0
2025-02-20 09:40:00,103.44,103.44,103.44,103.44,233.0
2025-02-20 09:42:00,103.41,103.41,103.41,103.41,400.0
2025-02-20 10:02:00,103.66,103.7,103.66,103.67,815.0
2025-02-20 10:08:00,103.69,103.7,103.69,103.7,2281.0
2025-02-20 10:10:00,103.7,103.7,103.66,103.66,726.0
2025-02-20 10:30:00,103.67,103.67,103.67,103.67,166.0
2025-02-20 10:54:00,103.69,103.7,103.66,103.69,767.0
2025-02-20 11:04:00,103.64,103.64,103.64,103.64,155.0
2025-02-20 11:06:00,103.63,103.64,103.62,103.62,958.0
2025-02-20 11:14:00,103.65,103.65,103.65,103.65,563.0
2025-02-20 11:20:00,103.61,103.61,103.61,103.61,207.0
2025-02-20 11:24:00,103.6,103.6,103.59,103.59,2677.0
2025-02-20 11:30:00,103.52,103.52,103.52,103.52,353.0
2025-02-20 11:32:00,103.57,103.57,103.57,103.57,178.0
2025-02-20 11:36:00,103.36,103.36,103.36,103.36,434.0
2025-02-20 11:38:00,103.33,103.33,103.33,103.33,300.0
2025-02-20 11:58:00,103.42,103.42,103.42,103.42,310.0
2025-02-20 12:00:00,103.45,103.7,103.32,103.65,5873.0
2025-02-20 12:02:00,103.6,103.7,103.6,103.7,1082.0
2025-02-20 12:04:00,103.7,103.7,103.7,103.7,460.0
2025-02-20 12:10:00,103.8,103.8,103.76,103.76,1184.0
2025-02-20 12:12:00,103.8,103.8,103.8,103.8,510.0
2025-02-20 12:14:00,103.8,103.8,103.8,103.8,1304.0
2025-02-20 12:18:00,103.73,103.73,103.72,103.72,942.0
2025-02-20 12:20:00,103.73,103.73,103.71,103.71,510.0
2025-02-20 12:34:00,103.74,103.74,103.74,103.74,214.0
2025-02-20 12:40:00,103.79,103.8,103.79,103.8,3838.0
2025-02-20 12:42:00,103.88,103.97,103.88,103.97,964.0
2025-02-20 12:46:00,103.94,103.94,103.94,103.94,101.0
2025-02-20 12:52:00,103.89,103.93,103.89,103.93,716.0
2025-02-20 12:54:00,103.88,103.88,103.88,103.88,138.0
2025-02-20 13:00:00,103.67,104.0,102.99,103.95,18795.0
2025-02-20 13:02:00,104.0,104.0,104.0,104.0,493.0
2025-02-20 13:04:00,103.93,103.93,103.9,103.92,861.0
2025-02-20 13:06:00,103.95,103.99,103.8,103.99,3625.0
2025-02-20 13:08:00,103.801,103.86,103.801,103.86,232.0
2025-02-20 13:10:00,103.8,103.85,103.8,103.8,1938.0
2025-02-20 13:12:00,103.789,103.789,103.789,103.789,129.0
2025-02-20 13:14:00,103.79,103.79,103.79,103.79,1154.0
2025-02-20 13:18:00,103.8,103.8,103.8,103.8,201.0
2025-02-20 13:22:00,103.8,103.8,103.8,103.8,112.0
2025-02-20 13:24:00,103.8,103.8001,103.8,103.8001,5563.0
2025-02-20 13:26:00,103.8001,103.8001,103.8001,103.8001,1302.0
2025-02-20 13:30:00,103.8503,103.92,103.8503,103.92,271.0
2025-02-20 13:34:00,103.87,103.88,103.87,103.88,865.0
2025-02-20 13:36:00,103.88,103.9,103.88,103.88,1553.0
2025-02-20 13:38:00,103.96,103.97,103.85,103.97,1997.0
2025-02-20 13:40:00,103.97,104.0,103.97,103.97,5344.0
2025-02-20 13:42:00,103.9001,103.9001,103.9001,103.9001,939.0
2025-02-20 13:44:00,103.99,103.99,103.99,103.99,274.0
2025-02-20 13:50:00,103.92,103.95,103.85,103.95,4188.0
2025-02-20 13:54:00,103.97,104.04,103.95,103.99,6215.0
2025-02-20 13:56:00,103.99,103.99,103.85,103.85,4946.0
2025-02-20 13:58:00,103.94,103.99,103.94,103.99,4536.0
2025-02-20 14:00:00,103.98,103.99,103.98,103.99,564.0
2025-02-20 14:04:00,103.96,103.97,103.93,103.9303,3453.0
2025-02-20 14:06:00,103.93,103.9301,103.93,103.93,1043.0
2025-02-20 14:08:00,103.93,103.93,103.93,103.93,233.0
2025-02-20 14:10:00,103.99,103.99,103.89,103.89,358.0
2025-02-20 14:12:00,103.9,103.99,103.9,103.98,888.0
2025-02-20 14:16:00,103.9,103.98,103.9,103.98,601.0
2025-02-20 14:18:00,103.98,103.99,103.98,103.99,1635.0
2025-02-20 14:20:00,103.9,103.99,103.9,103.95,1395.0
2025-02-20 14:22:00,103.95,103.95,103.85,103.85,1486.0
2025-02-20 14:24:00,103.87,103.91,103.85,103.85,5119.0
2025-02-20 14:26:00,103.85,103.99,103.82,103.85,8706.0
2025-02-20 14:28:00,103.89,103.97,103.76,103.97,1752.0
2025-02-20 14:30:00,103.98,104.32,103.55,103.635,376888.0
2025-02-20 14:32:00,103.61,104.03,103.3,103.41,118794.0
2025-02-20 14:34:00,103.38,103.99,103.23,103.73,135198.0
2025-02-20 14:36:00,103.715,104.31,103.59,104.1907,106600.0
2025-02-20 14:38:00,104.18,104.79,104.175,104.71,195197.0
2025-02-20 14:40:00,104.69,104.85,104.47,104.52,139235.0
2025-02-20 14:42:00,104.52,104.72,104.27,104.706,112480.0
2025-02-20 14:44:00,104.67,104.67,104.15,104.25,92267.0
2025-02-20 14:46:00,104.261,104.27,103.68,103.83,86449.0
2025-02-20 14:48:00,103.81,104.13,103.75,103.79,154936.0
2025-02-20 14:50:00,103.82,103.93,103.46,103.5,101969.0
2025-02-20 14:52:00,103.4801,103.54,102.89,103.0607,153796.0
2025-02-20 14:54:00,103.04,103.37,102.9,103.1,186724.0
2025-02-20 14:56:00,103.1,103.44,103.01,103.395,74962.0
2025-02-20 14:58:00,103.4,103.47,102.76,102.93,113919.0
2025-02-20 15:00:00,102.95,103.04,102.5484,102.705,153588.0
2025-02-20 15:02:00,102.665,103.03,102.34,102.97,155173.0
2025-02-20 15:04:00,102.94,103.4,102.94,103.21,142269.0
2025-02-20 15:06:00,103.1701,103.2198,102.73,103.01,120055.0
2025-02-20 15:08:00,103.0,103.0,102.64,102.7105,140895.0
2025-02-20 15:10:00,102.71,102.94,102.64,102.87,64934.0
2025-02-20 15:12:00,102.85,103.16,102.735,103.0697,175557.0
2025-02-20 15:14:00,103.08,103.37,102.84,103.115,173854.0
2025-02-20 15:16:00,103.115,103.5,103.09,103.4,188278.0
2025-02-20 15:18:00,103.4,103.6,103.35,103.39,75112.0
2025-02-20 15:20:00,103.41,103.59,103.3,103.5,75339.0
2025-02-20 15:22:00,103.505,103.505,103.23,103.31,63587.0
2025-02-20 15:24:00,103.3075,103.6,103.29,103.57,74189.0
2025-02-20 15:26:00,103.57,103.61,103.43,103.45,39220.0
2025-02-20 15:28:00,103.4475,103.455,103.175,103.34,49143.0
2025-02-20 15:30:00,103.335,103.475,103.24,103.28,40606.0
2025-02-20 15:32:00,103.28,103.3399,103.06,103.06,98919.0
2025-02-20 15:34:00,103.1,103.18,103.03,103.11,71007.0
2025-02-20 15:36:00,103.115,103.13,102.92,102.965,67074.0
2025-02-20 15:38:00,102.99,103.25,102.95,103.03,41825.0
2025-02-20 15:40:00,103.0552,103.2,102.94,103.2,45602.0
2025-02-20 15:42:00,103.18,103.31,103.01,103.135,48725.0
2025-02-20 15:44:00,103.11,103.255,103.04,103.16,42852.0
2025-02-20 15:46:00,103.16,103.16,102.93,102.965,43014.0
2025-02-20 15:48:00,102.97,103.09,102.94,103.01,34743.0
2025-02-20 15:50:00,103.009,103.04,102.87,102.905,40992.0
2025-02-20 15:52:00,102.9,103.25,102.83,103.2101,55941.0
2025-02-20 15:54:00,103.22,103.23,103.08,103.18,53406.0
2025-02-20 15:56:00,103.19,103.2,102.8359,102.86,96301.0
2025-02-20 15:58:00,102.865,102.9058,102.6,102.72,88621.0
2025-02-20 16:00:00,102.74,103.225,102.7,103.175,73165.0
2025-02-20 16:02:00,103.17,103.18,102.91,103.1,86473.0
2025-02-20 16:04:00,103.1,103.2,102.93,103.09,102941.0
2025-02-20 16:06:00,103.09,103.25,103.0394,103.04,46327.0
2025-02-20 16:08:00,103.06,103.16,103.0,103.1142,41290.0
2025-02-20 16:10:00,103.11,103.19,103.055,103.19,44170.0
2025-02-20 16:12:00,103.19,103.275,103.1,103.235,58671.0
2025-02-20 16:14:00,103.22,103.22,102.83,102.9299,80423.0
2025-02-20 16:16:00,102.9,102.9,102.745,102.78,50033.0
2025-02-20 16:18:00,102.76,102.9791,102.75,102.9791,45191.0
2025-02-20 16:20:00,102.96,103.15,102.94,103.085,30271.0
2025-02-20 16:22:00,103.075,103.1,102.95,103.015,34293.0
2025-02-20 16:24:00,103.05,103.09,103.0,103.0001,35066.0
2025-02-20 16:26:00,103.0,103.22,102.92,103.22,40089.0
2025-02-20 16:28:00,103.225,103.29,103.21,103.24,50262.0
2025-02-20 16:30:00,103.27,103.38,103.24,103.37,30014.0
2025-02-20 16:32:00,103.39,103.4,103.285,103.37,30149.0
2025-02-20 16:34:00,103.4,103.4497,103.33,103.43,22302.0
2025-02-20 16:36:00,103.43,103.43,103.15,103.16,57509.0
2025-02-20 16:38:00,103.15,103.31,103.1,103.23,71472.0
2025-02-20 16:40:00,103.2152,103.34,103.2,103.3,23527.0
2025-02-20 16:42:00,103.29,103.37,103.195,103.36,22347.0
2025-02-20 16:44:00,103.36,103.41,103.25,103.25,36297.0
2025-02-20 16:46:00,103.25,103.41,103.22,103.3,29188.0
2025-02-20 16:48:00,103.31,103.35,103.255,103.291,20897.0
2025-02-20 16:50:00,103.3,103.41,103.22,103.31,28458.0
2025-02-20 16:52:00,103.315,103.48,103.27,103.42,53826.0
2025-02-20 16:54:00,103.46,103.58,103.46,103.565,36163.0
2025-02-20 16:56:00,103.57,103.7246,103.54,103.72,63513.0
2025-02-20 16:58:00,103.715,103.72,103.485,103.58,39250.0
2025-02-20 17:00:00,103.5606,103.665,103.55,103.57,29900.0
2025-02-20 17:02:00,103.56,103.89,103.55,103.88,49445.0
2025-02-20 17:04:00,103.88,103.91,103.81,103.8628,33301.0
2025-02-20 17:06:00,103.8627,103.87,103.73,103.74,33185.0
2025-02-20 17:08:00,103.75,103.8,103.64,103.8,40702.0
2025-02-20 17:10:00,103.81,103.8812,103.8,103.86,23497.0
2025-02-20 17:12:00,103.85,103.85,103.74,103.794,39339.0
2025-02-20 17:14:00,103.795,103.815,103.65,103.6794,28876.0
2025-02-20 17:16:00,103.68,103.79,103.68,103.7625,11312.0
2025-02-20 17:18:00,103.75,103.87,103.73,103.845,18966.0
2025-02-20 17:20:00,103.86,103.91,103.77,103.84,23389.0
2025-02-20 17:22:00,103.85,103.99,103.83,103.96,39649.0
2025-02-20 17:24:00,103.97,103.98,103.88,103.95,24868.0
2025-02-20 17:26:00,103.96,103.965,103.91,103.9499,11536.0
2025-02-20 17:28:00,103.92,103.96,103.88,103.8806,18780.0
2025-02-20 17:30:00,103.89,103.95,103.86,103.915,14281.0
2025-02-20 17:32:00,103.92,103.94,103.88,103.92,17553.0
2025-02-20 17:34:00,103.9202,103.99,103.915,103.96,20499.0
2025-02-20 17:36:00,103.95,104.055,103.925,103.99,45682.0
2025-02-20 17:38:00,103.98,104.05,103.95,103.99,16658.0
2025-02-20 17:40:00,104.01,104.01,103.9712,104.0024,11332.0
2025-02-20 17:42:00,104.02,104.19,104.0,104.15,26042.0
2025-02-20 17:44:00,104.165,104.1779,104.12,104.16,39320.0
2025-02-20 17:46:00,104.16,104.19,104.04,104.15,27581.0
2025-02-20 17:48:00,104.1498,104.1498,103.91,103.92,30046.0
2025-02-20 17:50:00,103.92,103.99,103.9,103.98,21175.0
2025-02-20 17:52:00,103.98,104.05,103.93,104.04,13361.0
2025-02-20 17:54:00,104.04,104.05,103.92,103.92,14007.0
2025-02-20 17:56:00,103.92,103.9394,103.82,103.88,17552.0
2025-02-20 17:58:00,103.88,103.9,103.78,103.79,16808.0
2025-02-20 18:00:00,103.79,103.8269,103.69,103.7601,37508.0
2025-02-20 18:02:00,103.7533,103.82,103.72,103.8,13271.0
2025-02-20 18:04:00,103.79,103.91,103.78,103.86,18977.0
2025-02-20 18:06:00,103.86,103.91,103.73,103.8,46853.0
2025-02-20 18:08:00,103.8,103.89,103.79,103.82,21422.0
2025-02-20 18:10:00,103.81,103.845,103.79,103.845,40638.0
2025-02-20 18:12:00,103.85,103.89,103.796,103.89,27117.0
2025-02-20 18:14:00,103.895,103.895,103.84,103.8502,22051.0
2025-02-20 18:16:00,103.87,103.884459,103.76,103.77,21146.0
2025-02-20 18:18:00,103.7633,103.78,103.69,103.69,30277.0
2025-02-20 18:20:00,103.68,103.72,103.66,103.66,25735.0
2025-02-20 18:22:00,103.6592,103.66,103.52,103.54,33429.0
2025-02-20 18:24:00,103.54,103.63,103.54,103.6,25461.0
2025-02-20 18:26:00,103.61,103.68,103.51,103.68,27337.0
2025-02-20 18:28:00,103.6798,103.68,103.63,103.63,17469.0
2025-02-20 18:30:00,103.62,103.74,103.59,103.7354,30109.0
2025-02-20 18:32:00,103.73,103.75,103.69,103.75,32295.0
2025-02-20 18:34:00,103.75,103.77,103.575,103.59,37108.0
2025-02-20 18:36:00,103.57,103.63,103.53,103.55,31039.0
2025-02-20 18:38:00,103.55,103.6199,103.5215,103.53,40454.0
2025-02-20 18:40:00,103.525,103.68,103.5201,103.6,29796.0
2025-02-20 18:42:00,103.61,103.66,103.5594,103.57,49545.0
2025-02-20 18:44:00,103.57,103.61,103.535,103.575,46451.0
2025-02-20 18:46:00,103.58,103.61,103.52,103.5201,18407.0
2025-02-20 18:48:00,103.52,103.555,103.45,103.45,80678.0
2025-02-20 18:50:00,103.45,103.46,103.3,103.35,34764.0
2025-02-20 18:52:00,103.3362,103.405,103.3,103.34,28489.0
2025-02-20 18:54:00,103.33,103.33,103.08,103.09,71661.0
2025-02-20 18:56:00,103.1,103.24,103.07,103.24,82114.0
2025-02-20 18:58:00,103.24,103.45,103.15,103.4,68058.0
2025-02-20 19:00:00,103.38,103.405,103.3,103.34,21723.0
2025-02-20 19:02:00,103.3201,103.37,103.31,103.3462,28407.0
2025-02-20 19:04:00,103.345,103.455,103.34,103.4,36330.0
2025-02-20 19:06:00,103.4,103.41,103.3,103.33,20559.0
2025-02-20 19:08:00,103.33,103.36,103.2398,103.31,30799.0
2025-02-20 19:10:00,103.32,103.495,103.31,103.455,69012.0
2025-02-20 19:12:00,103.455,103.47,103.36,103.36,31578.0
2025-02-20 19:14:00,103.3609,103.445,103.34,103.385,27837.0
2025-02-20 19:16:00,103.39,103.4,103.28,103.32,21909.0
2025-02-20 19:18:00,103.33,103.37,103.285,103.352,18789.0
2025-02-20 19:20:00,103.36,103.46,103.345,103.38,16694.0
2025-02-20 19:22:00,103.39,103.425,103.35,103.42,17022.0
2025-02-20 19:24:00,103.41,103.46,103.34,103.41,39335.0
2025-02-20 19:26:00,103.4,103.41,103.325,103.37,15301.0
2025-02-20 19:28:00,103.355,103.42,103.3,103.32,27089.0
2025-02-20 19:30:00,103.31,103.31,103.21,103.22,24563.0
2025-02-20 19:32:00,103.22,103.27,103.195,103.24,286870.0
2025-02-20 19:34:00,103.245,103.25,103.15,103.165,27113.0
2025-02-20 19:36:00,103.16,103.23,103.11,103.18,28838.0
2025-02-20 19:38:00,103.18,103.18,103.03,103.03,33165.0
2025-02-20 19:40:00,103.025,103.09,103.02,103.09,22470.0
2025-02-20 19:42:00,103.11,103.17,103.09,103.15,34704.0
2025-02-20 19:44:00,103.15,103.245,103.1301,103.19,27105.0
2025-02-20 19:46:00,103.19,103.33,103.1667,103.33,23932.0
2025-02-20 19:48:00,103.32,103.42,103.3,103.395,20082.0
2025-02-20 19:50:00,103.4,103.44,103.34,103.4,21337.0
2025-02-20 19:52:00,103.4,103.4,103.23,103.27,43588.0
2025-02-20 19:54:00,103.26,103.32,103.24,103.265,16181.0
2025-02-20 19:56:00,103.265,103.31,103.255,103.26,29082.0
2025-02-20 19:58:00,103.28,103.34,103.27,103.29,29397.0
2025-02-20 20:00:00,103.29,103.33,103.26,103.33,22527.0
2025-02-20 20:02:00,103.32,103.37,103.27,103.2999,22312.0
2025-02-20 20:04:00,103.2906,103.2906,103.21,103.22,25489.0
2025-02-20 20:06:00,103.22,103.24,103.12,103.13,27552.0
2025-02-20 20:08:00,103.12,103.15,103.08,103.09,19464.0
2025-02-20 20:10:00,103.1,103.13,103.01,103.02,33215.0
2025-02-20 20:12:00,103.03,103.11,102.94,103.06,54065.0
2025-02-20 20:14:00,103.08,103.11,102.975,103.03,28568.0
2025-02-20 20:16:00,103.03,103.04,102.8448,102.8448,47507.0
2025-02-20 20:18:00,102.86,102.97,102.855,102.93,37913.0
2025-02-20 20:20:00,102.94,102.99,102.92,102.935,36915.0
2025-02-20 20:22:00,102.93,103.03,102.92,102.93,49651.0
2025-02-20 20:24:00,102.95,102.99,102.87,102.88,56184.0
2025-02-20 20:26:00,102.88,102.9,102.812,102.825,35728.0
2025-02-20 20:28:00,102.825,102.86,102.8,102.81,47113.0
2025-02-20 20:30:00,102.83,102.87,102.815,102.855,49628.0
2025-02-20 20:32:00,102.855,102.89,102.815,102.86,41234.0
2025-02-20 20:34:00,102.85,102.9243,102.79,102.79,56198.0
2025-02-20 20:36:00,102.8,102.8,102.65,102.71,83491.0
2025-02-20 20:38:00,102.705,102.96,102.7,102.815,59370.0
2025-02-20 20:40:00,102.82,102.95,102.8,102.88,57839.0
2025-02-20 20:42:00,102.88,102.96,102.84,102.94,76731.0
2025-02-20 20:44:00,102.935,102.96,102.87,102.95,52541.0
2025-02-20 20:46:00,102.95,102.97,102.74,102.74,98920.0
2025-02-20 20:48:00,102.7414,103.09,102.74,103.03,78642.0
2025-02-20 20:50:00,103.04,103.19,102.88,103.19,122890.0
2025-02-20 20:52:00,103.2,103.44,103.1901,103.43,160496.0
2025-02-20 20:54:00,103.42,103.43,103.145,103.365,196058.0
2025-02-20 20:56:00,103.365,103.47,103.29,103.315,199437.0
2025-02-20 20:58:00,103.32,103.33,103.11,103.2,412262.0
2025-02-20 21:00:00,103.18,103.4,103.18,103.4,100776.0
2025-02-20 21:02:00,103.4,103.4,103.4,103.4,297.0
2025-02-20 21:04:00,103.2,103.2,103.2,103.2,626.0
2025-02-20 21:06:00,103.18,103.18,103.15,103.18,6780.0
2025-02-20 21:08:00,103.1214,103.1214,103.1203,103.1203,6749.0
2025-02-20 21:10:00,103.18,103.18,103.18,103.18,115.0
2025-02-20 21:12:00,103.14,103.14,103.14,103.14,314.0
2025-02-20 21:22:00,103.1419,103.19,103.1419,103.19,1136.0
2025-02-20 21:24:00,103.19,103.19,103.19,103.19,127.0
2025-02-20 21:26:00,103.2,103.2,103.1985,103.1985,227.0
2025-02-20 21:28:00,103.25,103.39,103.25,103.39,2317.0
2025-02-20 21:34:00,103.18,103.18,103.18,103.18,761.0
2025-02-20 21:36:00,103.26,103.27,103.26,103.26,1437.0
2025-02-20 21:38:00,103.31,103.31,103.24,103.24,312.0
2025-02-20 21:40:00,103.27,103.31,103.27,103.31,1000.0
2025-02-20 21:42:00,103.3098,103.3098,103.3098,103.3098,174.0
2025-02-20 21:44:00,103.2461,103.2461,103.2461,103.2461,131.0
2025-02-20 21:48:00,103.28,103.3,103.28,103.3,690.0
2025-02-20 21:52:00,103.3,103.3,103.25,103.25,708.0
2025-02-20 21:54:00,103.24,103.3,103.24,103.3,701.0
2025-02-20 21:58:00,103.3091,103.3091,103.3091,103.3091,102.0
2025-02-20 22:00:00,103.2501,103.2501,103.2501,103.2501,155.0
2025-02-20 22:04:00,103.25,103.25,103.24,103.24,534.0
2025-02-20 22:18:00,103.31,103.31,103.31,103.31,339.0
2025-02-20 22:34:00,103.28,103.28,103.28,103.28,105.0
2025-02-20 22:38:00,103.3273,103.3273,103.3,103.3,304.0
2025-02-20 22:42:00,103.31,103.31,103.31,103.31,600.0
2025-02-20 22:48:00,103.28,103.28,103.28,103.28,100.0
2025-02-20 22:56:00,103.21,103.21,103.2,103.2,945.0
2025-02-20 22:58:00,103.2,103.2,103.2,103.2,100.0
2025-02-20 23:08:00,103.2,103.2,103.2,103.2,151.0
2025-02-20 23:14:00,103.21,103.31,103.21,103.31,1054.0
2025-02-20 23:16:00,103.35,103.35,103.35,103.35,100.0
2025-02-20 23:18:00,103.35,103.39,103.35,103.39,1303.0
2025-02-20 23:20:00,103.3801,103.3801,103.38,103.38,699.0
2025-02-20 23:22:00,103.39,103.39,103.39,103.39,101.0
2025-02-20 23:24:00,103.39,103.39,103.39,103.39,520.0
2025-02-20 23:30:00,103.1101,103.1101,103.1101,103.1101,253.0
2025-02-20 23:34:00,103.1121,103.1121,103.1121,103.1121,2000.0
2025-02-20 23:42:00,103.21,103.21,103.17,103.17,359.0
2025-02-20 23:48:00,103.23,103.23,103.23,103.23,286.0
2025-02-20 23:56:00,103.12,103.12,103.12,103.12,154.0
2025-02-21 00:12:00,103.34,103.34,103.34,103.34,163.0
2025-02-21 00:14:00,103.25,103.25,103.25,103.25,215.0
2025-02-21 00:16:00,103.23,103.23,103.15,103.15,740.0
2025-02-21 00:30:00,103.25,103.25,103.25,103.25,100.0
2025-02-21 00:34:00,103.2,103.2,103.2,103.2,100.0
2025-02-21 00:42:00,103.24,103.24,103.24,103.24,102.0
2025-02-21 00:48:00,103.22,103.22,103.22,103.22,438.0
2025-02-21 00:50:00,103.25,103.25,103.172,103.172,1940.0
2025-02-21 00:52:00,103.16,103.16,103.16,103.16,147.0
2025-02-21 00:54:00,103.2499,103.2499,103.13,103.13,779.0
2025-02-21 00:58:00,103.2212,103.2212,103.1101,103.1101,458.0
2025-02-21 09:20:00,103.09,103.09,103.09,103.09,504.0
2025-02-21 09:22:00,103.08,103.09,103.08,103.09,340.0
2025-02-21 09:32:00,103.1,103.21,103.1,103.21,627.0
2025-02-21 09:40:00,103.35,103.38,103.35,103.38,670.0
2025-02-21 09:42:00,103.36,103.36,103.36,103.36,293.0
2025-02-21 09:58:00,103.34,103.4,103.34,103.4,1123.0
2025-02-21 10:02:00,103.5,103.5,103.5,103.5,102.0
2025-02-21 10:10:00,103.49,103.54,103.49,103.54,1360.0
2025-02-21 10:18:00,103.55,103.55,103.51,103.51,555.0
2025-02-21 10:24:00,103.57,103.57,103.5,103.5,3173.0
2025-02-21 10:28:00,103.51,103.51,103.51,103.51,159.0
2025-02-21 10:36:00,103.5,103.5,103.5,103.5,200.0
2025-02-21 10:50:00,103.36,103.36,103.36,103.36,329.0
2025-02-21 10:52:00,103.25,103.25,103.25,103.25,100.0
2025-02-21 11:18:00,103.42,103.44,103.42,103.44,210.0
2025-02-21 11:30:00,103.36,103.36,103.35,103.35,596.0
2025-02-21 11:36:00,103.29,103.29,103.29,103.29,193.0
2025-02-21 11:42:00,103.28,103.35,103.28,103.29,900.0
2025-02-21 11:56:00,103.19,103.24,103.19,103.24,1282.0
2025-02-21 12:00:00,103.2,103.2,103.2,103.2,256.0
2025-02-21 12:02:00,103.24,103.25,103.24,103.25,462.0
2025-02-21 12:06:00,103.35,103.35,103.35,103.35,400.0
2025-02-21 12:12:00,103.28,103.28,103.26,103.26,572.0
2025-02-21 12:16:00,103.27,103.31,103.22,103.3,1101.0
2025-02-21 12:18:00,103.35,103.35,103.35,103.35,601.0
2025-02-21 12:26:00,103.52,103.52,103.5,103.5,626.0
2025-02-21 12:34:00,103.52,103.52,103.52,103.52,100.0
2025-02-21 12:36:00,103.5,103.5,103.48,103.48,700.0
2025-02-21 12:40:00,103.5,103.51,103.5,103.5,798.0
2025-02-21 12:42:00,103.49,103.5,103.49,103.5,451.0
2025-02-21 12:44:00,103.51,103.51,103.5,103.5,210.0
2025-02-21 12:50:00,103.45,103.45,103.45,103.45,500.0
2025-02-21 12:52:00,103.45,103.45,103.4,103.4,1396.0
2025-02-21 13:00:00,103.52,103.6,103.1,103.4127,5465.0
2025-02-21 13:02:00,103.34,103.34,103.29,103.29,441.0
2025-02-21 13:06:00,103.37,103.37,103.3689,103.3689,381.0
2025-02-21 13:14:00,103.3994,103.4,103.3994,103.4,585.0
2025-02-21 13:16:00,103.42,103.44,103.4,103.44,904.0
2025-02-21 13:18:00,103.45,103.47,103.44,103.45,2171.0
2025-02-21 13:22:00,103.61,103.61,103.61,103.61,124.0
2025-02-21 13:24:00,103.6,103.6599,103.6,103.6599,300.0
2025-02-21 13:26:00,103.56,103.57,103.56,103.56,1691.0
2025-02-21 13:28:00,103.18,103.65,103.18,103.65,12141.0
2025-02-21 13:30:00,103.58,103.7,103.58,103.7,1257.0
2025-02-21 13:32:00,103.6984,103.6984,103.6981,103.6981,920.0
2025-02-21 13:34:00,103.69,103.7,103.69,103.7,1421.0
2025-02-21 13:36:00,103.65,103.66,103.61,103.66,4241.0
2025-02-21 13:38:00,103.67,103.98,103.67,103.98,2232.0
2025-02-21 13:40:00,103.94,103.98,103.7075,103.7075,1202.0
2025-02-21 13:42:00,103.86,103.98,103.8,103.97,2091.0
2025-02-21 13:44:00,103.97,104.0,103.97,104.0,3243.0
2025-02-21 13:46:00,104.08,104.2,104.08,104.08,1696.0
2025-02-21 13:50:00,104.0,104.1,104.0,104.1,1997.0
2025-02-21 13:52:00,104.06,104.06,104.0127,104.0127,543.0
2025-02-21 13:54:00,104.095,104.1,104.04,104.1,1113.0
2025-02-21 13:56:00,104.06,104.08,104.0,104.08,1484.0
2025-02-21 13:58:00,104.0005,104.0005,104.0005,104.0005,220.0
2025-02-21 14:00:00,104.0788,104.13,104.06,104.13,2227.0
2025-02-21 14:02:00,104.05,104.05,104.05,104.05,361.0
2025-02-21 14:04:00,104.09,104.1391,104.08,104.08,1676.0
2025-02-21 14:06:00,104.08,104.08,104.08,104.08,235.0
2025-02-21 14:08:00,104.1001,104.14,104.05,104.055,2160.0
2025-02-21 14:10:00,104.06,104.14,104.06,104.14,340.0
2025-02-21 14:12:00,104.08,104.13,104.08,104.1,2075.0
2025-02-21 14:14:00,104.1,104.1399,104.0,104.011,6073.0
2025-02-21 14:16:00,104.0495,104.05,104.0495,104.05,379.0
2025-02-21 14:20:00,104.0101,104.0101,104.0101,104.0101,1059.0
2025-02-21 14:24:00,104.09,104.09,104.0,104.01,3511.0
2025-02-21 14:26:00,104.01,104.07,103.63,103.7,22651.0
2025-02-21 14:28:00,103.64,103.7,103.42,103.5,8376.0
2025-02-21 14:30:00,103.64,103.66,102.57,102.72,509632.0
2025-02-21 14:32:00,102.61,103.166,102.57,102.725,100935.0
2025-02-21 14:34:00,102.74,103.11,102.64,102.97,85738.0
2025-02-21 14:36:00,103.02,103.22,102.605,102.73,135498.0
2025-02-21 14:38:00,102.73,103.24,102.7,103.1504,98345.0
2025-02-21 14:40:00,103.1689,103.36,103.0547,103.355,70223.0
2025-02-21 14:42:00,103.36,103.47,103.15,103.385,59605.0
2025-02-21 14:44:00,103.43,103.5219,103.13,103.36,103137.0
2025-02-21 14:46:00,103.36,103.47,103.17,103.365,114861.0
2025-02-21 14:48:00,103.38,103.51,103.2045,103.2045,58234.0
2025-02-21 14:50:00,103.27,103.32,103.0,103.0,85411.0
2025-02-21 14:52:00,102.98,103.32,102.94,103.1,60604.0
2025-02-21 14:54:00,103.14,103.18,102.9333,102.99,39253.0
2025-02-21 14:56:00,102.99,103.21,102.96,103.1,38304.0
2025-02-21 14:58:00,103.1,103.2099,102.97,103.11,50361.0
2025-02-21 15:00:00,103.16,103.16,102.81,102.98,41669.0
2025-02-21 15:02:00,102.98,103.0,102.6,102.655,88572.0
2025-02-21 15:04:00,102.655,102.96,102.655,102.74,71427.0
2025-02-21 15:06:00,102.74,102.83,102.48,102.52,41756.0
2025-02-21 15:08:00,102.49,102.82,102.4281,102.78,61334.0
2025-02-21 15:10:00,102.79,102.83,102.6,102.615,65466.0
2025-02-21 15:12:00,102.61,102.7165,102.5,102.59,47253.0
2025-02-21 15:14:00,102.57,102.7088,102.41,102.62,74826.0
2025-02-21 15:16:00,102.6,102.875,102.5301,102.59,28342.0
2025-02-21 15:18:00,102.61,102.6982,102.55,102.58,25935.0
2025-02-21 15:20:00,102.565,102.565,102.2178,102.235,70390.0
2025-02-21 15:22:00,102.235,102.24,101.925,101.9725,152711.0
2025-02-21 15:24:00,101.96,102.02,101.77,101.84,86507.0
2025-02-21 15:26:00,101.81,101.8397,101.56,101.5644,83196.0
2025-02-21 15:28:00,101.58,101.81,101.54,101.78,60711.0
2025-02-21 15:30:00,101.78,101.92,101.6404,101.685,48554.0
2025-02-21 15:32:00,101.68,101.72,101.5,101.6,52446.0
2025-02-21 15:34:00,101.61,101.7158,101.5786,101.71,35937.0
2025-02-21 15:36:00,101.675,101.75,101.53,101.55,44441.0
2025-02-21 15:38:00,101.54,101.69,101.38,101.58,131129.0
2025-02-21 15:40:00,101.5968,101.5968,101.14,101.14,135878.0
2025-02-21 15:42:00,101.155,101.24,100.91,100.94,179848.0
2025-02-21 15:44:00,100.935,101.04,100.78,100.89,144880.0
2025-02-21 15:46:00,100.9,101.191,100.8775,101.175,72306.0
2025-02-21 15:48:00,101.165,101.17,100.99,101.1002,63651.0
2025-02-21 15:50:00,101.105,101.14,100.8639,100.87,61588.0
2025-02-21 15:52:00,100.87,100.88,100.62,100.645,74869.0
2025-02-21 15:54:00,100.66,100.72,100.41,100.6588,131812.0
2025-02-21 15:56:00,100.64,100.7199,100.54,100.64,68179.0
2025-02-21 15:58:00,100.67,100.83,100.62,100.79,62843.0
2025-02-21 16:00:00,100.82,101.1692,100.82,101.05,95854.0
2025-02-21 16:02:00,101.07,101.07,100.8,100.99,95741.0
2025-02-21 16:04:00,100.95,101.025,100.74,100.88,103585.0
2025-02-21 16:06:00,100.9,100.91,100.6,100.84,47087.0
2025-02-21 16:08:00,100.83,100.83,100.65,100.67,27616.0
2025-02-21 16:10:00,100.66,100.665,100.5284,100.65,59350.0
2025-02-21 16:12:00,100.67,100.9,100.67,100.885,25837.0
2025-02-21 16:14:00,100.9,101.05,100.87,100.875,49017.0
2025-02-21 16:16:00,100.87,100.98,100.84,100.8916,26748.0
2025-02-21 16:18:00,100.89,100.91,100.62,100.63,63787.0
2025-02-21 16:20:00,100.63,100.82,100.63,100.76,45216.0
2025-02-21 16:22:00,100.785,100.88,100.7,100.85,38989.0
2025-02-21 16:24:00,100.87,100.87,100.6,100.63,38709.0
2025-02-21 16:26:00,100.62,100.64,100.34,100.3965,80927.0
2025-02-21 16:28:00,100.4,100.52,100.35,100.52,47974.0
2025-02-21 16:30:00,100.49,100.57,100.44,100.525,55242.0
2025-02-21 16:32:00,100.51,100.7935,100.51,100.72,31177.0
2025-02-21 16:34:00,100.705,100.88,100.68,100.76,30817.0
2025-02-21 16:36:00,100.775,100.82,100.67,100.79,43943.0
2025-02-21 16:38:00,100.79,100.83,100.73,100.8,44162.0
2025-02-21 16:40:00,100.81,101.0107,100.7901,100.92,46544.0
2025-02-21 16:42:00,100.93,100.95,100.83,100.8662,30574.0
2025-02-21 16:44:00,100.895,100.93,100.75,100.775,18028.0
2025-02-21 16:46:00,100.77,100.77,100.6,100.61,25808.0
2025-02-21 16:48:00,100.62,100.7,100.55,100.655,29131.0
2025-02-21 16:50:00,100.67,100.83,100.5633,100.7513,41754.0
2025-02-21 16:52:00,100.775,101.025,100.74,101.01,37321.0
2025-02-21 16:54:00,100.995,101.1,100.935,101.035,236891.0
2025-02-21 16:56:00,101.035,101.11,100.94,100.965,51079.0
2025-02-21 16:58:00,101.02,101.03,100.825,100.8358,17616.0
2025-02-21 17:00:00,100.825,100.9,100.75,100.835,29593.0
2025-02-21 17:02:00,100.85,100.895,100.755,100.77,32553.0
2025-02-21 17:04:00,100.765,100.8198,100.765,100.8,20893.0
2025-02-21 17:06:00,100.82,100.955,100.81,100.91,15593.0
2025-02-21 17:08:00,100.92,100.95,100.7806,100.8,19629.0
2025-02-21 17:10:00,100.79,100.8,100.65,100.65,35271.0
2025-02-21 17:12:00,100.65,100.76,100.62,100.6401,21040.0
2025-02-21 17:14:00,100.62,100.64,100.47,100.515,39241.0
2025-02-21 17:16:00,100.525,100.55,100.19,100.2,62573.0
2025-02-21 17:18:00,100.21,100.2796,99.9,100.02,198568.0
2025-02-21 17:20:00,99.985,100.01,99.8,99.91,137871.0
2025-02-21 17:22:00,99.91,100.335,99.91,100.29,61254.0
2025-02-21 17:24:00,100.28,100.331,100.05,100.2416,35792.0
2025-02-21 17:26:00,100.27,100.275,100.0402,100.18,23936.0
2025-02-21 17:28:00,100.16,100.175,100.01,100.04,44599.0
2025-02-21 17:30:00,100.05,100.1,99.865,99.88,48949.0
2025-02-21 17:32:00,99.88,100.1,99.88,99.99,40790.0
2025-02-21 17:34:00,99.99,100.025,99.78,99.81,56045.0
2025-02-21 17:36:00,99.805,99.9,99.55,99.64,127657.0
2025-02-21 17:38:00,99.65,99.73,99.6203,99.6795,57430.0
2025-02-21 17:40:00,99.66,99.71,99.58,99.67,54133.0
2025-02-21 17:42:00,99.65,99.79,99.56,99.785,121044.0
2025-02-21 17:44:00,99.785,99.8788,99.635,99.679,69983.0
2025-02-21 17:46:00,99.655,99.69,99.54,99.585,61220.0
2025-02-21 17:48:00,99.59,99.6025,99.18,99.18,97165.0
2025-02-21 17:50:00,99.23,99.3,99.07,99.25,86472.0
2025-02-21 17:52:00,99.2125,99.47,99.16,99.47,59391.0
2025-02-21 17:54:00,99.475,99.615,99.38,99.5237,50972.0
2025-02-21 17:56:00,99.535,99.535,99.3,99.51,64493.0
2025-02-21 17:58:00,99.505,99.555,99.34,99.5,24577.0
2025-02-21 18:00:00,99.51,99.51,99.27,99.27,63395.0
2025-02-21 18:02:00,99.3,99.39,99.21,99.27,45375.0
2025-02-21 18:04:00,99.28,99.45,99.26,99.42,241060.0
2025-02-21 18:06:00,99.38,99.41,99.13,99.24,39082.0
2025-02-21 18:08:00,99.255,99.27,99.09,99.24,34479.0
2025-02-21 18:10:00,99.24,99.25,98.9101,98.97,94392.0
2025-02-21 18:12:00,98.9601,99.0147,98.82,98.85,115532.0
2025-02-21 18:14:00,98.88,99.42,98.82,99.4,131780.0
2025-02-21 18:16:00,99.39,99.39,99.02,99.27,70547.0
2025-02-21 18:18:00,99.3096,99.36,99.01,99.07,54976.0
2025-02-21 18:20:00,99.03,99.13,98.97,99.02,35802.0
2025-02-21 18:22:00,99.02,99.18,98.98,99.1,31196.0
2025-02-21 18:24:00,99.11,99.13,98.89,99.08,118026.0
2025-02-21 18:26:00,99.08,99.19,98.94,98.96,33027.0
2025-02-21 18:28:00,98.96,99.0394,98.86,98.94,38562.0
2025-02-21 18:30:00,98.91,98.98,98.84,98.84,39883.0
2025-02-21 18:32:00,98.83,98.98,98.8,98.91,33497.0
2025-02-21 18:34:00,98.91,99.05,98.87,99.01,81483.0
2025-02-21 18:36:00,98.99,99.225,98.94,99.205,71835.0
2025-02-21 18:38:00,99.25,99.33,99.0664,99.09,69649.0
2025-02-21 18:40:00,99.11,99.17,98.83,98.86,59037.0
2025-02-21 18:42:00,98.8699,99.01,98.8699,98.955,41795.0
2025-02-21 18:44:00,98.94,99.03,98.86,98.96,38137.0
2025-02-21 18:46:00,98.935,98.96,98.81,98.85,62621.0
2025-02-21 18:48:00,98.86,98.885,98.73,98.8,42763.0
2025-02-21 18:50:00,98.793,98.815,98.642,98.6574,50271.0
2025-02-21 18:52:00,98.67,98.765,98.57,98.71,37535.0
2025-02-21 18:54:00,98.715,98.725,98.66,98.7,40644.0
2025-02-21 18:56:00,98.69,98.705,98.53,98.59,32847.0
2025-02-21 18:58:00,98.59,98.63,98.52,98.6,34500.0
2025-02-21 19:00:00,98.6,98.71,98.54,98.61,34950.0
2025-02-21 19:02:00,98.62,98.64,98.5,98.525,38249.0
2025-02-21 19:04:00,98.5,98.6399,98.5,98.58,49115.0
2025-02-21 19:06:00,98.58,98.64,98.5,98.5103,46622.0
2025-02-21 19:08:00,98.53,98.55,98.46,98.5,45653.0
2025-02-21 19:10:00,98.52,98.52,98.24,98.33,98381.0
2025-02-21 19:12:00,98.31,98.54,98.24,98.54,48302.0
2025-02-21 19:14:00,98.53,98.7,98.53,98.68,68165.0
2025-02-21 19:16:00,98.665,98.68,98.5303,98.56,44824.0
2025-02-21 19:18:00,98.57,98.605,98.31,98.32,54715.0
2025-02-21 19:20:00,98.3,98.39,98.27,98.33,69563.0
2025-02-21 19:22:00,98.34,98.358,98.22,98.23,42529.0
2025-02-21 19:24:00,98.2306,98.26,98.11,98.12,104754.0
2025-02-21 19:26:00,98.11,98.13,98.01,98.09,95909.0
2025-02-21 19:28:00,98.1,98.15,97.75,97.83,164628.0
2025-02-21 19:30:00,97.83,98.12,97.8,98.1,102780.0
2025-02-21 19:32:00,98.09,98.4,98.08,98.37,111055.0
2025-02-21 19:34:00,98.385,98.43,98.29,98.32,44717.0
2025-02-21 19:36:00,98.335,98.335,98.08,98.205,47443.0
2025-02-21 19:38:00,98.2,98.22,98.01,98.2,41250.0
2025-02-21 19:40:00,98.225,98.25,98.09,98.17,36719.0
2025-02-21 19:42:00,98.16,98.2,98.04,98.17,43767.0
2025-02-21 19:44:00,98.17,98.315,98.11,98.25,32731.0
2025-02-21 19:46:00,98.25,98.31,98.175,98.25,38120.0
2025-02-21 19:48:00,98.256,98.29,98.1,98.18,42812.0
2025-02-21 19:50:00,98.1575,98.31,98.1512,98.3,36676.0
2025-02-21 19:52:00,98.31,98.47,98.27,98.32,51860.0
2025-02-21 19:54:00,98.3287,98.3287,98.12,98.29,46869.0
2025-02-21 19:56:00,98.27,98.4,98.22,98.225,71366.0
2025-02-21 19:58:00,98.22,98.41,98.15,98.41,58908.0
2025-02-21 20:00:00,98.4,98.48,98.26,98.285,58395.0
2025-02-21 20:02:00,98.295,98.42,98.25,98.41,48718.0
2025-02-21 20:04:00,98.41,98.63,98.383,98.45,96078.0
2025-02-21 20:06:00,98.47,98.67,98.43,98.5,72036.0
2025-02-21 20:08:00,98.51,98.51,98.4,98.43,51372.0
2025-02-21 20:10:00,98.42,98.530169,98.38,98.525,54399.0
2025-02-21 20:12:00,98.53,98.76,98.53,98.685,71931.0
2025-02-21 20:14:00,98.67,98.71,98.61,98.655,52812.0
2025-02-21 20:16:00,98.65,98.66,98.44,98.48,71233.0
2025-02-21 20:18:00,98.47,98.645,98.36,98.58,62038.0
2025-02-21 20:20:00,98.56,98.74,98.5,98.72,62943.0
2025-02-21 20:22:00,98.725,98.73,98.51,98.7,89060.0
2025-02-21 20:24:00,98.715,98.91,98.68,98.77,95484.0
2025-02-21 20:26:00,98.765,98.78,98.67,98.73,81262.0
2025-02-21 20:28:00,98.7314,98.855,98.68,98.855,96756.0
2025-02-21 20:30:00,98.87,99.01,98.77,98.7814,109223.0
2025-02-21 20:32:00,98.79,98.975,98.77,98.85,94388.0
2025-02-21 20:34:00,98.86,99.02,98.8,98.8509,89831.0
2025-02-21 20:36:00,98.85,98.97,98.8,98.885,78005.0
2025-02-21 20:38:00,98.896,98.9,98.75,98.81,91527.0
2025-02-21 20:40:00,98.8167,98.98,98.753,98.78,103156.0
2025-02-21 20:42:00,98.78,98.85,98.64,98.83,123275.0
2025-02-21 20:44:00,98.85,98.92,98.69,98.75,99324.0
2025-02-21 20:46:00,98.755,98.9,98.72,98.82,115993.0
2025-02-21 20:48:00,98.84,98.99,98.78,98.88,102153.0
2025-02-21 20:50:00,98.88,99.15,98.88,99.0765,193535.0
2025-02-21 20:52:00,99.075,99.085,98.9,98.985,196454.0
2025-02-21 20:54:00,98.985,99.23,98.94,99.035,278912.0
2025-02-21 20:56:00,99.03,99.05,98.85,98.9184,298778.0
2025-02-21 20:58:00,98.93,98.95,98.71,98.82,618402.0
2025-02-21 21:00:00,98.84,98.84,98.71,98.81,209308.0
2025-02-21 21:02:00,98.81,98.84,98.8,98.8,12338.0
2025-02-21 21:04:00,98.76,98.84,98.76,98.84,66925.0
2025-02-21 21:08:00,98.81,98.81,98.81,98.81,1195.0
2025-02-21 21:10:00,98.81,98.81,98.76,98.76,1937.0
2025-02-21 21:12:00,98.81,98.81,98.79,98.79,752.0
2025-02-21 21:14:00,98.76,98.78,98.72,98.75,1866.0
2025-02-21 21:16:00,98.76,98.77,98.72,98.77,2430.0
2025-02-21 21:18:00,98.7215,98.7215,98.7215,98.7215,109.0
2025-02-21 21:22:00,98.74,98.75,98.74,98.75,1410.0
2025-02-21 21:24:00,98.75,98.75,98.75,98.75,189.0
2025-02-21 21:26:00,98.7501,98.798,98.7501,98.798,1015.0
2025-02-21 21:28:00,98.8,98.8,98.76,98.76,1307.0
2025-02-21 21:30:00,98.75,98.8,98.75,98.8,1265.0
2025-02-21 21:32:00,98.761,98.77,98.76,98.76,3508.0
2025-02-21 21:42:00,98.7,98.7,98.7,98.7,195.0
2025-02-21 21:48:00,98.61,98.61,98.61,98.61,659.0
2025-02-21 21:52:00,98.64,98.7,98.64,98.6982,668.0
2025-02-21 21:54:00,98.67,98.67,98.67,98.67,305.0
2025-02-21 21:56:00,98.671,98.6825,98.671,98.6825,1132.0
2025-02-21 21:58:00,98.749,98.7799,98.749,98.7799,5035.0
2025-02-21 22:02:00,98.69,98.69,98.69,98.69,270.0
2025-02-21 22:04:00,98.778,98.778,98.7,98.7,559.0
2025-02-21 22:08:00,98.64,98.64,98.51,98.51,3644.0
2025-02-21 22:10:00,98.5897,98.5897,98.5897,98.5897,369.0
2025-02-21 22:12:00,98.5201,98.5201,98.5201,98.5201,3002.0
2025-02-21 22:14:00,98.52,98.62,98.51,98.51,4009.0
2025-02-21 22:16:00,98.51,98.62,98.51,98.55,1949.0
2025-02-21 22:18:00,98.6185,98.6185,98.6185,98.6185,307.0
2025-02-21 22:20:00,98.62,98.62,98.6,98.6,413.0
2025-02-21 22:22:00,98.68,98.68,98.68,98.68,546.0
2025-02-21 22:24:00,98.6894,99.05,98.68,99.04,12908.0
2025-02-21 22:34:00,98.8,98.8,98.8,98.8,1086.0
2025-02-21 22:38:00,98.84,98.84,98.84,98.84,52536.0
2025-02-21 22:40:00,98.87,98.8783,98.87,98.8783,205.0
2025-02-21 22:44:00,98.763,98.78,98.763,98.78,353.0
2025-02-21 22:56:00,98.87,98.88,98.87,98.88,372.0
2025-02-21 22:58:00,98.86,98.86,98.86,98.86,212.0
2025-02-21 23:00:00,98.86,98.87,98.86,98.87,560.0
2025-02-21 23:02:00,98.88,98.88,98.88,98.88,430.0
2025-02-21 23:04:00,98.805,99.0,98.805,99.0,2256.0
2025-02-21 23:06:00,99.0,99.0,99.0,99.0,511.0
2025-02-21 23:16:00,98.89,98.89,98.89,98.89,396.0
2025-02-21 23:20:00,98.88,98.88,98.88,98.88,110.0
2025-02-21 23:22:00,98.8512,98.8512,98.8512,98.8512,589.0
2025-02-21 23:24:00,98.87,98.87,98.87,98.87,189.0
2025-02-21 23:28:00,98.85,98.85,98.8,98.85,600.0
2025-02-21 23:34:00,98.84,98.85,98.84,98.85,571.0
2025-02-21 23:38:00,98.7517,98.7517,98.7517,98.7517,1001.0
2025-02-21 23:46:00,98.8001,98.85,98.8001,98.85,482.0
2025-02-21 23:52:00,98.8405,98.8405,98.84,98.84,318.0
2025-02-21 23:58:00,98.84,98.84,98.83,98.83,248.0
2025-02-22 00:00:00,98.8,98.8,98.8,98.8,286.0
2025-02-22 00:02:00,98.7896,98.7896,98.7896,98.7896,202.0
2025-02-22 00:04:00,98.79,98.79,98.79,98.79,197.0
2025-02-22 00:08:00,98.76,98.79,98.76,98.79,410.0
2025-02-22 00:10:00,98.751,98.79,98.751,98.79,400.0
2025-02-22 00:12:00,98.75,98.75,98.75,98.75,100.0
2025-02-22 00:14:00,98.8774,98.8774,98.8774,98.8774,300.0
2025-02-22 00:18:00,98.8,98.8,98.8,98.8,359.0
2025-02-22 00:20:00,98.75,98.75,98.75,98.75,236.0
2025-02-22 00:22:00,98.88,98.88,98.88,98.88,102.0
2025-02-22 00:30:00,98.8,98.8,98.8,98.8,217.0
2025-02-22 00:38:00,98.87,98.87,98.87,98.87,165.0
2025-02-22 00:50:00,98.84,98.84,98.84,98.84,101.0
2025-02-22 00:52:00,98.87,98.87,98.78,98.78,301.0
2025-02-22 00:54:00,98.75,98.75,98.75,98.75,127.0
2025-02-22 00:58:00,98.87,98.88,98.87,98.88,1790.0
2025-02-24 09:00:00,99.49,99.49,99.49,99.49,476.0
2025-02-24 09:02:00,99.5,99.5,99.48,99.5,2230.0
2025-02-24 09:06:00,99.5,99.5,99.5,99.5,1160.0
2025-02-24 09:10:00,99.62,99.67,99.62,99.67,584.0
2025-02-24 09:20:00,99.92,100.09,99.92,100.04,2599.0
2025-02-24 09:22:00,100.01,100.03,100.0,100.0,3260.0
2025-02-24 09:24:00,100.01,100.03,100.0,100.0,2624.0
2025-02-24 09:26:00,100.0,100.0,99.97,99.97,3628.0
2025-02-24 09:32:00,100.06,100.06,100.06,100.06,120.0
2025-02-24 09:34:00,100.05,100.12,100.05,100.12,1612.0
2025-02-24 09:36:00,100.16,100.19,100.16,100.19,760.0
2025-02-24 09:40:00,100.19,100.19,100.1,100.1,2200.0
2025-02-24 09:42:00,100.17,100.2,100.1,100.15,7187.0
2025-02-24 09:44:00,100.11,100.17,100.11,100.15,721.0
2025-02-24 09:46:00,100.15,100.29,100.15,100.29,1102.0
2025-02-24 09:50:00,100.22,100.3,100.22,100.3,1073.0
2025-02-24 09:56:00,100.2,100.2,100.2,100.2,501.0
2025-02-24 10:00:00,100.11,100.12,100.01,100.01,3587.0
2025-02-24 10:06:00,100.1,100.1,100.06,100.06,634.0
2025-02-24 10:10:00,100.06,100.06,99.99,100.0,2893.0
2025-02-24 10:14:00,100.01,100.01,100.01,100.01,276.0
2025-02-24 10:18:00,100.05,100.05,100.05,100.05,130.0
2025-02-24 10:22:00,99.97,99.97,99.9,99.9,690.0
2025-02-24 10:26:00,99.82,99.82,99.81,99.81,1003.0
2025-02-24 10:34:00,99.87,99.87,99.81,99.81,687.0
2025-02-24 10:48:00,99.81,99.81,99.8,99.8,748.0
2025-02-24 11:06:00,99.99,99.99,99.99,99.99,435.0
2025-02-24 11:10:00,99.96,99.96,99.96,99.96,212.0
2025-02-24 11:12:00,100.0,100.0,100.0,100.0,570.0
2025-02-24 11:14:00,100.01,100.08,100.01,100.08,1230.0
2025-02-24 11:18:00,100.09,100.09,100.08,100.08,481.0
2025-02-24 11:20:00,100.1,100.13,100.04,100.13,713.0
2025-02-24 11:22:00,100.19,100.19,100.19,100.19,110.0
2025-02-24 11:24:00,100.21,100.21,100.21,100.21,156.0
2025-02-24 11:32:00,100.23,100.25,100.23,100.24,520.0
2025-02-24 11:40:00,100.19,100.2,100.19,100.2,479.0
2025-02-24 11:42:00,100.12,100.12,100.07,100.07,485.0
2025-02-24 11:46:00,100.06,100.06,100.06,100.06,129.0
2025-02-24 11:50:00,100.04,100.04,100.04,100.04,332.0
2025-02-24 11:52:00,100.02,100.02,100.01,100.01,664.0
2025-02-24 12:00:00,100.06,100.17,100.04,100.06,5778.0
2025-02-24 12:02:00,100.01,100.2,100.01,100.06,5750.0
2025-02-24 12:04:00,100.15,100.15,100.15,100.15,119.0
2025-02-24 12:06:00,100.14,100.14,100.13,100.13,410.0
2025-02-24 12:08:00,100.13,100.14,100.13,100.14,219.0
2025-02-24 12:10:00,100.16,100.28,100.16,100.26,4861.0
2025-02-24 12:12:00,100.21,100.21,99.98,100.0,10312.0
2025-02-24 12:14:00,100.0,100.0,100.0,100.0,175.0
2025-02-24 12:18:00,100.08,100.08,100.08,100.08,235.0
2025-02-24 12:26:00,100.0,100.0,100.0,100.0,1592.0
2025-02-24 12:28:00,100.0,100.0,99.95,99.95,937.0
2025-02-24 12:32:00,99.99,99.99,99.99,99.99,1925.0
2025-02-24 12:34:00,99.94,99.99,99.93,99.99,909.0
2025-02-24 12:38:00,100.03,100.03,100.03,100.03,134.0
2025-02-24 12:46:00,99.96,100.02,99.96,100.02,784.0
2025-02-24 12:48:00,99.9,99.9,99.9,99.9,2172.0
2025-02-24 12:50:00,99.88,99.89,99.88,99.89,651.0
2025-02-24 13:00:00,100.125,100.2909,99.29,99.991,54108.0
2025-02-24 13:02:00,99.95,100.0,99.89,99.99,2327.0
2025-02-24 13:04:00,100.05,100.05,100.05,100.05,346.0
2025-02-24 13:06:00,100.05,100.05,100.05,100.05,1201.0
2025-02-24 13:08:00,100.11,100.2452,100.11,100.2452,3142.0
2025-02-24 13:10:00,100.225,100.2288,100.11,100.11,1998.0
2025-02-24 13:12:00,100.24,100.24,100.24,100.24,199.0
2025-02-24 13:14:00,100.15,100.25,100.15,100.25,1339.0
2025-02-24 13:16:00,100.15,100.15,100.0,100.14,1099.0
2025-02-24 13:18:00,100.125,100.125,100.125,100.125,571.0
2025-02-24 13:20:00,100.13,100.1882,100.08,100.1882,1538.0
2025-02-24 13:22:00,100.12,100.28,100.12,100.28,2207.0
2025-02-24 13:24:00,100.2,100.2798,100.2,100.2798,833.0
2025-02-24 13:26:00,100.2101,100.22,100.2101,100.22,748.0
2025-02-24 13:28:00,100.25,100.28,100.21,100.28,1964.0
2025-02-24 13:30:00,100.28,100.36,100.28,100.36,4523.0
2025-02-24 13:32:00,100.4,100.4,100.4,100.4,2183.0
2025-02-24 13:34:00,100.29,100.31,100.28,100.28,2170.0
2025-02-24 13:36:00,100.29,100.44,100.2703,100.44,4834.0
2025-02-24 13:38:00,100.5,100.55,100.4101,100.47,11280.0
2025-02-24 13:40:00,100.51,100.64,100.41,100.41,8429.0
2025-02-24 13:42:00,100.34,100.44,100.34,100.44,1036.0
2025-02-24 13:44:00,100.38,100.38,100.38,100.38,302.0
2025-02-24 13:46:00,100.42,100.45,100.29,100.39,6469.0
2025-02-24 13:48:00,100.42,100.42,100.25,100.31,4888.0
2025-02-24 13:50:00,100.33,100.36,100.32,100.32,2205.0
2025-02-24 13:52:00,100.26,100.26,100.2,100.2,1344.0
2025-02-24 13:54:00,100.25,100.25,100.25,100.25,366.0
2025-02-24 13:56:00,100.3,100.3,100.3,100.3,258.0
2025-02-24 13:58:00,100.26,100.32,100.26,100.32,898.0
2025-02-24 14:00:00,100.32,100.32,100.3,100.3,712.0
2025-02-24 14:02:00,100.3,100.3183,100.25,100.2975,5779.0
2025-02-24 14:04:00,100.21,100.245,100.09,100.18,6056.0
2025-02-24 14:06:00,100.09,100.18,99.96,99.98,5814.0
2025-02-24 14:10:00,100.0,100.0,100.0,100.0,1200.0
2025-02-24 14:12:00,100.0001,100.11,100.0,100.11,1199.0
2025-02-24 14:14:00,100.29,100.29,100.0,100.27,7024.0
2025-02-24 14:16:00,100.21,100.41,100.21,100.41,36022.0
2025-02-24 14:18:00,100.33,100.43,100.3,100.3,3698.0
2025-02-24 14:20:00,100.28,100.3,100.25,100.25,1998.0
2025-02-24 14:22:00,100.18,100.18,100.02,100.18,2117.0
2025-02-24 14:24:00,100.178,100.2658,100.1,100.25,2849.0
2025-02-24 14:26:00,100.26,100.2683,100.17,100.17,2969.0
2025-02-24 14:28:00,100.27,100.47,100.27,100.3,4257.0
2025-02-24 14:30:00,100.215,100.49,99.51,100.355,324652.0
2025-02-24 14:32:00,100.38,100.7,99.83,99.92,122497.0
2025-02-24 14:34:00,99.92,100.1,99.45,99.475,112378.0
2025-02-24 14:36:00,99.51,99.55,98.9825,99.065,225083.0
2025-02-24 14:38:00,99.09,99.87,99.08,99.62,119402.0
2025-02-24 14:40:00,99.62,99.7,99.43,99.59,96934.0
2025-02-24 14:42:00,99.59,99.95,99.5801,99.755,95727.0
2025-02-24 14:44:00,99.78,100.13,99.69,100.021,86668.0
2025-02-24 14:46:00,100.04,100.39,100.02,100.23,114169.0
2025-02-24 14:48:00,100.24,100.5,100.0762,100.3,113354.0
2025-02-24 14:50:00,100.33,100.49,99.9595,99.9978,132313.0
2025-02-24 14:52:00,99.97,99.98,99.0,99.12,119086.0
2025-02-24 14:54:00,99.13,99.39,98.6943,98.73,121533.0
2025-02-24 14:56:00,98.75,98.9725,98.58,98.6607,204056.0
2025-02-24 14:58:00,98.65,98.73,98.39,98.46,149714.0
2025-02-24 15:00:00,98.45,98.5699,98.03,98.04,114479.0
2025-02-24 15:02:00,98.04,98.17,97.55,97.655,141103.0
2025-02-24 15:04:00,97.63,97.81,97.41,97.67,133599.0
2025-02-24 15:06:00,97.66,97.67,97.29,97.39,129292.0
2025-02-24 15:08:00,97.39,98.0,97.3166,97.86,127363.0
2025-02-24 15:10:00,97.83,98.35,97.76,98.13,131562.0
2025-02-24 15:12:00,98.1,98.77,98.0706,98.665,122379.0
2025-02-24 15:14:00,98.64,98.89,98.3835,98.42,127989.0
2025-02-24 15:16:00,98.47,98.6294,98.4,98.465,81971.0
2025-02-24 15:18:00,98.44,98.67,98.11,98.29,172630.0
2025-02-24 15:20:00,98.33,98.615,98.23,98.35,64172.0
2025-02-24 15:22:00,98.36,98.6992,98.28,98.515,102109.0
2025-02-24 15:24:00,98.52,98.59,98.34,98.48,86759.0
2025-02-24 15:26:00,98.42,98.445,98.0,98.14,70624.0
2025-02-24 15:28:00,98.145,98.145,97.862,97.95,89272.0
2025-02-24 15:30:00,97.965,98.02,97.6,97.66,64240.0
2025-02-24 15:32:00,97.68,97.84,97.53,97.56,60130.0
2025-02-24 15:34:00,97.55,97.61,97.42,97.48,64238.0
2025-02-24 15:36:00,97.46,97.4894,97.17,97.2906,72058.0
2025-02-24 15:38:00,97.32,97.41,97.1033,97.2,82498.0
2025-02-24 15:40:00,97.185,97.52,97.11,97.17,68227.0
2025-02-24 15:42:00,97.2,97.22,96.77,96.83,126580.0
2025-02-24 15:44:00,96.8,97.16,96.8,97.0,77672.0
2025-02-24 15:46:00,97.0,97.0292,96.64,96.86,80189.0
2025-02-24 15:48:00,96.87,96.94,96.77,96.84,48644.0
2025-02-24 15:50:00,96.85,96.99,96.8246,96.94,42772.0
2025-02-24 15:52:00,96.925,96.925,96.53,96.625,92384.0
2025-02-24 15:54:00,96.63,96.82,96.5976,96.6633,53038.0
2025-02-24 15:56:00,96.66,96.74,96.52,96.71,43314.0
2025-02-24 15:58:00,96.705,97.13,96.67,97.12,77612.0
2025-02-24 16:00:00,97.13,97.37,96.975,97.28,59317.0
2025-02-24 16:02:00,97.205,97.205,96.985,97.09,41754.0
2025-02-24 16:04:00,97.065,97.12,96.885,97.06,70769.0
2025-02-24 16:06:00,97.03,97.38,97.0,97.37,51475.0
2025-02-24 16:08:00,97.38,97.38,97.02,97.12,48553.0
2025-02-24 16:10:00,97.12,97.31,97.12,97.23,42478.0
2025-02-24 16:12:00,97.235,97.3399,97.13,97.3,30383.0
2025-02-24 16:14:00,97.3163,97.39,97.22,97.33,469756.0
2025-02-24 16:16:00,97.33,97.6999,97.33,97.58,49360.0
2025-02-24 16:18:00,97.6,97.65,97.44,97.585,26433.0
2025-02-24 16:20:00,97.64,97.8,97.6,97.73,40857.0
2025-02-24 16:22:00,97.73,97.75,97.6201,97.695,31898.0
2025-02-24 16:24:00,97.69,97.9179,97.59,97.9179,32545.0
2025-02-24 16:26:00,97.95,98.23,97.8606,98.12,54907.0
2025-02-24 16:28:00,98.14,98.14,97.92,97.95,40107.0
2025-02-24 16:30:00,97.95,98.0414,97.83,97.84,56781.0
2025-02-24 16:32:00,97.84,97.85,97.71,97.71,50100.0
2025-02-24 16:34:00,97.7,97.8383,97.636969,97.7,26974.0
2025-02-24 16:36:00,97.71,97.785,97.59,97.61,37360.0
2025-02-24 16:38:00,97.62,97.68,97.555,97.56,24950.0
2025-02-24 16:40:00,97.58,97.97,97.57,97.94,39842.0
2025-02-24 16:42:00,97.94,98.24,97.94,98.035,66166.0
2025-02-24 16:44:00,98.015,98.13,97.895,98.0998,39684.0
2025-02-24 16:46:00,98.1,98.14,98.0006,98.07,28274.0
2025-02-24 16:48:00,98.09,98.12,97.92,97.95,31899.0
2025-02-24 16:50:00,97.935,97.95,97.77,97.905,27934.0
2025-02-24 16:52:00,97.93,98.068,97.8702,97.92,26498.0
2025-02-24 16:54:00,97.9,97.97,97.8472,97.945,32936.0
2025-02-24 16:56:00,97.93,97.93,97.71,97.87,56777.0
2025-02-24 16:58:00,97.82,97.96,97.75,97.96,27125.0
2025-02-24 17:00:00,97.905,97.92,97.805,97.81,33392.0
2025-02-24 17:02:00,97.8,98.1196,97.77,98.02,32202.0
2025-02-24 17:04:00,98.01,98.13,97.98,98.0,19739.0
2025-02-24 17:06:00,98.0,98.03,97.79,97.92,26195.0
2025-02-24 17:08:00,97.92,98.0,97.8456,97.88,21292.0
2025-02-24 17:10:00,97.88,97.95,97.75,97.7556,25855.0
2025-02-24 17:12:00,97.77,97.77,97.66,97.66,45301.0
2025-02-24 17:14:00,97.66,97.93,97.625,97.92,18876.0
2025-02-24 17:16:00,97.93,97.97,97.71,97.725,20002.0
2025-02-24 17:18:00,97.74,97.98,97.725,97.927,38648.0
2025-02-24 17:20:00,97.94,98.03,97.79,97.82,47176.0
2025-02-24 17:22:00,97.83,97.87,97.77,97.785,26741.0
2025-02-24 17:24:00,97.81,97.84,97.685,97.77,25239.0
2025-02-24 17:26:00,97.77,97.92,97.72,97.85,28463.0
2025-02-24 17:28:00,97.855,97.855,97.6409,97.65,27234.0
2025-02-24 17:30:00,97.66,97.685,97.55,97.605,30831.0
2025-02-24 17:32:00,97.6,97.7602,97.59,97.64,26733.0
2025-02-24 17:34:00,97.63,97.7,97.58,97.62,21831.0
2025-02-24 17:36:00,97.63,97.78,97.622,97.65,19491.0
2025-02-24 17:38:00,97.665,97.69,97.615,97.68,16760.0
2025-02-24 17:40:00,97.68,97.92,97.665,97.8,37453.0
2025-02-24 17:42:00,97.805,97.86,97.74,97.795,23408.0
2025-02-24 17:44:00,97.795,97.96,97.77,97.89,43628.0
2025-02-24 17:46:00,97.905,97.9138,97.71,97.79,21831.0
2025-02-24 17:48:00,97.77,97.9,97.77,97.86,38201.0
2025-02-24 17:50:00,97.84,97.87,97.79,97.81,22391.0
2025-02-24 17:52:00,97.8,97.895,97.7312,97.89,27769.0
2025-02-24 17:54:00,97.88,97.95,97.8,97.94,25914.0
2025-02-24 17:56:00,97.94,97.96,97.7535,97.81,49611.0
2025-02-24 17:58:00,97.79,97.82,97.65,97.659,35140.0
2025-02-24 18:00:00,97.665,97.72,97.545,97.68,24423.0
2025-02-24 18:02:00,97.64,97.74,97.62,97.705,32285.0
2025-02-24 18:04:00,97.7,97.73,97.59,97.67,22289.0
2025-02-24 18:06:00,97.665,97.68,97.6,97.61,23544.0
2025-02-24 18:08:00,97.66,97.745,97.65,97.72,19461.0
2025-02-24 18:10:00,97.73,97.79,97.69,97.725,22185.0
2025-02-24 18:12:00,97.71,97.75,97.655,97.69,15140.0
2025-02-24 18:14:00,97.695,97.805,97.695,97.805,17165.0
2025-02-24 18:16:00,97.82,97.97,97.795,97.795,36988.0
2025-02-24 18:18:00,97.83,97.89,97.8,97.86,19030.0
2025-02-24 18:20:00,97.855,97.915,97.7409,97.915,34242.0
2025-02-24 18:22:00,97.9,97.97,97.83,97.83,26224.0
2025-02-24 18:24:00,97.83,97.97,97.74,97.93,21747.0
2025-02-24 18:26:00,97.915,97.93,97.835,97.85,16088.0
2025-02-24 18:28:00,97.84,97.91,97.815,97.84,25708.0
2025-02-24 18:30:00,97.84,97.88,97.815,97.87,29127.0
2025-02-24 18:32:00,97.87,97.8832,97.66,97.77,23208.0
2025-02-24 18:34:00,97.77,97.84,97.745,97.84,19938.0
2025-02-24 18:36:00,97.84,97.89,97.82,97.835,17537.0
2025-02-24 18:38:00,97.8598,97.87,97.71,97.735,19649.0
2025-02-24 18:40:00,97.75,97.805,97.55,97.620498,28764.0
2025-02-24 18:42:00,97.63,97.73,97.55,97.56,16802.0
2025-02-24 18:44:00,97.55,97.69,97.53,97.6434,31850.0
2025-02-24 18:46:00,97.63,97.705,97.6,97.645,28273.0
2025-02-24 18:48:00,97.63,97.63,97.53,97.58,23621.0
2025-02-24 18:50:00,97.57,97.6006,97.45,97.475,35783.0
2025-02-24 18:52:00,97.475,97.57,97.4501,97.54,42366.0
2025-02-24 18:54:00,97.55,97.6286,97.54,97.56,17888.0
2025-02-24 18:56:00,97.55,97.55,97.37,97.38,29138.0
2025-02-24 18:58:00,97.385,97.5176,97.385,97.4312,28440.0
2025-02-24 19:00:00,97.43,97.5329,97.43,97.505,18496.0
2025-02-24 19:02:00,97.5041,97.58,97.5041,97.555,18046.0
2025-02-24 19:04:00,97.54,97.64,97.53,97.6,20840.0
2025-02-24 19:06:00,97.6,97.62,97.5,97.505,38836.0
2025-02-24 19:08:00,97.53,97.63,97.53,97.59,17322.0
2025-02-24 19:10:00,97.59,97.6,97.32,97.4,101142.0
2025-02-24 19:12:00,97.39,97.4,97.18,97.29,58311.0
2025-02-24 19:14:00,97.315,97.39,97.17,97.19,56359.0
2025-02-24 19:16:00,97.19,97.19,97.0602,97.07,36764.0
2025-02-24 19:18:00,97.065,97.065,96.96,96.96,45459.0
2025-02-24 19:20:00,96.94,97.015,96.818,96.83,53350.0
2025-02-24 19:22:00,96.86,97.06,96.83,97.01,47847.0
2025-02-24 19:24:00,97.01,97.05,96.95,96.9663,23579.0
2025-02-24 19:26:00,96.97,97.015,96.875,96.98,23767.0
2025-02-24 19:28:00,96.98,96.98,96.875,96.93,14235.0
2025-02-24 19:30:00,96.9,97.075,96.9,96.96,26171.0
2025-02-24 19:32:00,96.94,97.08,96.9,97.02,24950.0
2025-02-24 19:34:00,97.04,97.09,96.95,96.95,18731.0
2025-02-24 19:36:00,96.95,96.97,96.91,96.93,23280.0
2025-02-24 19:38:00,96.91,96.91,96.73,96.765,41444.0
2025-02-24 19:40:00,96.77,96.81,96.73,96.775,24360.0
2025-02-24 19:42:00,96.73,96.8,96.71,96.77,32937.0
2025-02-24 19:44:00,96.76,96.78,96.69,96.758,30303.0
2025-02-24 19:46:00,96.75,96.8,96.7,96.75,27659.0
2025-02-24 19:48:00,96.76,96.795,96.75,96.76,19480.0
2025-02-24 19:50:00,96.77,96.81,96.71,96.79,26485.0
2025-02-24 19:52:00,96.81,96.8275,96.7,96.77,33631.0
2025-02-24 19:54:00,96.765,96.84,96.68,96.715,30468.0
2025-02-24 19:56:00,96.715,96.715,96.55,96.5988,44057.0
2025-02-24 19:58:00,96.585,96.67,96.585,96.645,38964.0
2025-02-24 20:00:00,96.66,96.71,96.6101,96.64,30412.0
2025-02-24 20:02:00,96.63,96.64,96.55,96.61,37193.0
2025-02-24 20:04:00,96.6001,96.71,96.57,96.58,41778.0
2025-02-24 20:06:00,96.61,96.67,96.55,96.59,32626.0
2025-02-24 20:08:00,96.585,96.62,96.51,96.59,41299.0
2025-02-24 20:10:00,96.57,96.58,96.51,96.57,41586.0
2025-02-24 20:12:00,96.575,96.62,96.52,96.58,35970.0
2025-02-24 20:14:00,96.565,96.67,96.47,96.62,87003.0
2025-02-24 20:16:00,96.61,96.65,96.36,96.41,74527.0
2025-02-24 20:18:00,96.41,96.42,96.15,96.325,110265.0
2025-02-24 20:20:00,96.33,96.49,96.25,96.465,84148.0
2025-02-24 20:22:00,96.465,96.48,96.28,96.355,62725.0
2025-02-24 20:24:00,96.35,96.37,96.12,96.1212,79871.0
2025-02-24 20:26:00,96.12,96.165,96.04,96.08,62980.0
2025-02-24 20:28:00,96.085,96.12,95.96,95.96,96819.0
2025-02-24 20:30:00,95.98,96.26,95.97,96.26,71167.0
2025-02-24 20:32:00,96.26,96.35,96.15,96.25,64144.0
2025-02-24 20:34:00,96.25,96.38,96.21,96.235,39834.0
2025-02-24 20:36:00,96.235,96.33,96.19,96.32,64784.0
2025-02-24 20:38:00,96.34,96.34,96.09,96.09,42539.0
2025-02-24 20:40:00,96.1,96.2,96.09,96.09,55380.0
2025-02-24 20:42:00,96.09,96.15,95.8501,95.88,87955.0
2025-02-24 20:44:00,95.89,96.02,95.8,96.01,82607.0
2025-02-24 20:46:00,96.0,96.08,95.88,95.91,72617.0
2025-02-24 20:48:00,95.91,95.97,95.91,95.95,68915.0
2025-02-24 20:50:00,95.96,96.01,95.8,95.94,181873.0
2025-02-24 20:52:00,95.96,96.05,95.75,95.765,160293.0
2025-02-24 20:54:00,95.78,95.8438,95.63,95.67,274990.0
2025-02-24 20:56:00,95.6604,95.755,95.32,95.33,294165.0
2025-02-24 20:58:00,95.33,95.43,95.28,95.4,576586.0
2025-02-24 21:00:00,95.41,95.41,95.25,95.35,227214.0
2025-02-24 21:02:00,95.34,95.36,95.3095,95.3095,2838.0
2025-02-24 21:04:00,95.3,95.41,95.3,95.41,1743.0
2025-02-24 21:06:00,95.3002,95.41,95.29,95.31,4264.0
2025-02-24 21:08:00,95.36,95.36,95.33,95.33,1426.0
2025-02-24 21:10:00,95.33,95.36,95.3002,95.3002,1732.0
2025-02-24 21:12:00,95.32,95.32,95.32,95.32,271.0
2025-02-24 21:14:00,95.4283,95.4283,95.4283,95.4283,1310.0
2025-02-24 21:16:00,95.38,95.38,95.38,95.38,238.0
2025-02-24 21:18:00,95.41,95.41,95.36,95.36,3316.0
2025-02-24 21:24:00,95.36,95.41,95.28,95.41,566.0
2025-02-24 21:26:00,95.37,95.41,95.37,95.37,1468.0
2025-02-24 21:28:00,95.38,95.4,95.38,95.4,831.0
2025-02-24 21:34:00,95.35,95.35,95.35,95.35,498.0
2025-02-24 21:36:00,95.39,95.4299,95.39,95.4299,2294.0
2025-02-24 21:38:00,95.4,95.4299,95.4,95.4299,2130.0
2025-02-24 21:40:00,95.41,95.41,95.39,95.39,2600.0
2025-02-24 21:46:00,95.4196,95.42,95.4196,95.42,1481.0
2025-02-24 21:48:00,95.34,95.34,95.34,95.34,454.0
2025-02-24 21:50:00,95.41,95.41,95.41,95.41,423.0
2025-02-24 21:52:00,95.4,95.41,95.4,95.41,2024.0
2025-02-24 21:54:00,95.42,95.42,95.42,95.42,1048.0
2025-02-24 21:56:00,95.42,95.42,95.42,95.42,1039.0
2025-02-24 21:58:00,95.42,95.51,95.42,95.45,3443.0
2025-02-24 22:04:00,95.4035,95.41,95.4035,95.41,1849.0
2025-02-24 22:06:00,95.4,95.4,95.4,95.4,571.0
2025-02-24 22:10:00,95.42,95.42,95.42,95.42,286.0
2025-02-24 22:14:00,95.3609,95.4373,95.33,95.33,1080.0
2025-02-24 22:20:00,95.4353,95.4353,95.4353,95.4353,500.0
2025-02-24 22:22:00,95.25,95.25,95.25,95.25,371.0
2025-02-24 22:24:00,95.25,95.25,95.25,95.25,472.0
2025-02-24 22:28:00,95.25,95.25,95.25,95.25,102.0
2025-02-24 22:32:00,95.3,95.3,95.3,95.3,106.0
2025-02-24 22:36:00,95.2537,95.3,95.25,95.3,913.0
2025-02-24 22:38:00,95.4,95.4,95.4,95.4,713.0
2025-02-24 22:40:00,95.41,95.41,95.41,95.41,305.0
2025-02-24 22:42:00,95.497,95.4978,95.497,95.4978,668.0
2025-02-24 22:44:00,95.5,95.5,95.41,95.4117,837.0
2025-02-24 22:50:00,95.41,95.41,95.41,95.41,722.0
2025-02-24 22:56:00,95.3905,95.41,95.3905,95.41,1293.0
2025-02-24 22:58:00,95.4883,95.4883,95.4883,95.4883,622.0
2025-02-24 23:00:00,95.5,95.54,95.5,95.54,1808.0
2025-02-24 23:04:00,95.3936,95.3936,95.3936,95.3936,301.0
2025-02-24 23:08:00,95.35,95.35,95.35,95.35,170.0
2025-02-24 23:12:00,95.5,95.5,95.5,95.5,118.0
2025-02-24 23:14:00,95.5,95.51,95.5,95.5,922.0
2025-02-24 23:20:00,95.66,95.66,95.66,95.66,368.0
2025-02-24 23:22:00,95.66,95.66,95.66,95.66,249.0
2025-02-24 23:28:00,95.8606,95.8606,95.75,95.75,1389.0
2025-02-24 23:30:00,95.75,95.75,95.75,95.75,913.0
2025-02-24 23:32:00,95.76,95.91,95.76,95.9,8440.0
2025-02-24 23:34:00,95.4,95.41,95.4,95.41,857.0
2025-02-24 23:42:00,95.87,95.87,95.75,95.75,925.0
2025-02-24 23:44:00,95.45,95.45,95.284,95.284,2240.0
2025-02-24 23:48:00,95.48,95.48,95.48,95.48,1425.0
2025-02-24 23:50:00,95.3,95.4,95.3,95.4,1287.0
2025-02-24 23:52:00,95.28,95.28,95.28,95.28,1029.0
2025-02-24 23:54:00,95.2804,95.2804,95.14,95.14,1765.0
2025-02-25 00:02:00,95.2224,95.2224,95.2224,95.2224,192.0
2025-02-25 00:04:00,95.3499,95.35,95.3499,95.35,728.0
2025-02-25 00:06:00,95.53,95.6,95.53,95.6,1042.0
2025-02-25 00:16:00,95.44,95.44,95.44,95.44,237.0
2025-02-25 00:20:00,95.46,95.46,95.46,95.46,614.0
2025-02-25 00:22:00,95.54,95.54,95.54,95.54,165.0
2025-02-25 00:24:00,95.41,95.41,95.41,95.41,301.0
2025-02-25 00:26:00,95.54,95.64,95.53,95.64,894.0
2025-02-25 00:28:00,95.45,95.45,95.45,95.45,465.0
2025-02-25 00:38:00,95.5882,95.5882,95.5882,95.5882,337.0
2025-02-25 00:40:00,95.5013,95.5013,95.5013,95.5013,145.0
2025-02-25 00:46:00,95.61,95.61,95.61,95.61,142.0
2025-02-25 00:48:00,95.61,95.61,95.61,95.61,241.0
2025-02-25 00:56:00,95.7938,95.7938,95.7938,95.7938,400.0
2025-02-25 00:58:00,95.7025,95.7025,95.6,95.6,576.0
2025-02-25 09:00:00,95.11,95.11,95.0,95.0,645.0
2025-02-25 09:06:00,95.18,95.18,95.18,95.18,191.0
2025-02-25 09:10:00,95.23,95.24,95.23,95.24,932.0
2025-02-25 09:12:00,95.28,95.28,95.25,95.25,454.0
2025-02-25 09:14:00,95.3,95.38,95.27,95.38,978.0
2025-02-25 09:16:00,95.38,95.38,95.28,95.28,1152.0
2025-02-25 09:20:00,95.38,95.39,95.36,95.38,793.0
2025-02-25 09:22:00,95.38,95.38,95.38,95.38,363.0
2025-02-25 09:26:00,95.25,95.25,95.24,95.24,736.0
2025-02-25 09:28:00,95.29,95.29,95.24,95.24,518.0
2025-02-25 09:30:00,95.24,95.24,95.24,95.24,991.0
2025-02-25 09:32:00,95.3,95.3,95.3,95.3,231.0
2025-02-25 09:34:00,95.32,95.32,95.1,95.1,2061.0
2025-02-25 09:38:00,95.08,95.08,95.02,95.02,516.0
2025-02-25 09:40:00,95.06,95.06,95.06,95.06,271.0
2025-02-25 09:42:00,95.03,95.03,94.99,94.99,779.0
2025-02-25 09:46:00,94.89,94.89,94.75,94.79,1867.0
2025-02-25 09:50:00,94.75,94.75,94.75,94.75,218.0
2025-02-25 09:52:00,94.72,94.72,94.72,94.72,201.0
2025-02-25 09:56:00,94.7,94.7,94.7,94.7,185.0
2025-02-25 10:06:00,94.74,94.88,94.7,94.88,2057.0
2025-02-25 10:16:00,94.74,94.75,94.74,94.75,1734.0
2025-02-25 10:18:00,94.8,94.8,94.8,94.8,308.0
2025-02-25 10:24:00,94.74,94.74,94.74,94.74,101.0
2025-02-25 10:32:00,94.71,94.71,94.7,94.7,667.0
2025-02-25 10:34:00,94.62,94.62,94.62,94.62,298.0
2025-02-25 10:40:00,94.65,94.65,94.65,94.65,698.0
2025-02-25 10:42:00,94.6,94.6,94.45,94.45,1132.0
2025-02-25 10:46:00,94.59,94.6,94.59,94.6,652.0
2025-02-25 10:48:00,94.51,94.51,94.51,94.51,208.0
2025-02-25 10:50:00,94.54,94.54,94.54,94.54,351.0
2025-02-25 10:52:00,94.52,94.52,94.5,94.5,1071.0
2025-02-25 10:54:00,94.49,94.49,94.49,94.49,506.0
2025-02-25 10:58:00,94.4,94.4,94.35,94.35,837.0
2025-02-25 11:00:00,94.3,94.49,94.3,94.49,450.0
2025-02-25 11:02:00,94.5,94.5,94.5,94.5,1028.0
2025-02-25 11:04:00,94.5,94.5,94.4,94.4,1270.0
2025-02-25 11:08:00,94.35,94.39,94.35,94.39,1067.0
2025-02-25 11:10:00,94.4,94.4,94.4,94.4,300.0
2025-02-25 11:12:00,94.38,94.42,94.38,94.42,614.0
2025-02-25 11:14:00,94.5,94.5,94.5,94.5,1023.0
2025-02-25 11:16:00,94.5,94.5,94.47,94.5,1201.0
2025-02-25 11:18:00,94.41,94.41,94.41,94.41,125.0
2025-02-25 11:20:00,94.5,94.5,94.5,94.5,100.0
2025-02-25 11:24:00,94.46,94.46,94.46,94.46,232.0
2025-02-25 11:26:00,94.5,94.5,94.5,94.5,303.0
2025-02-25 11:28:00,94.5,94.5,94.5,94.5,355.0
2025-02-25 11:30:00,94.5,94.5,94.5,94.5,1041.0
2025-02-25 11:32:00,94.5,94.5,94.5,94.5,356.0
2025-02-25 11:34:00,94.5,94.5,94.5,94.5,1251.0
2025-02-25 11:36:00,94.5,94.5,94.5,94.5,704.0
2025-02-25 11:40:00,94.5,94.5,94.5,94.5,732.0
2025-02-25 11:42:00,94.5,94.51,94.47,94.5,7958.0
2025-02-25 11:44:00,94.5,94.66,94.5,94.66,11821.0
2025-02-25 11:48:00,94.6,94.65,94.6,94.64,3868.0
2025-02-25 11:50:00,94.56,94.61,94.56,94.61,360.0
2025-02-25 11:54:00,94.58,94.61,94.58,94.61,1129.0
2025-02-25 11:56:00,94.64,94.65,94.64,94.64,1236.0
2025-02-25 12:00:00,94.68,94.74,94.68,94.69,3224.0
2025-02-25 12:02:00,94.71,94.75,94.7,94.75,1544.0
2025-02-25 12:04:00,94.72,94.72,94.72,94.72,273.0
2025-02-25 12:06:00,94.8,94.8,94.8,94.8,428.0
2025-02-25 12:08:00,94.93,94.93,94.93,94.93,425.0
2025-02-25 12:10:00,94.81,94.81,94.81,94.81,593.0
2025-02-25 12:12:00,94.84,94.84,94.84,94.84,381.0
2025-02-25 12:16:00,94.85,94.85,94.85,94.85,258.0
2025-02-25 12:18:00,94.8,94.9,94.8,94.86,3011.0
2025-02-25 12:24:00,94.83,94.83,94.83,94.83,102.0
2025-02-25 12:30:00,94.88,94.9,94.88,94.9,1216.0
2025-02-25 12:32:00,94.9,94.91,94.88,94.88,501.0
2025-02-25 12:36:00,94.9,94.9,94.89,94.89,322.0
2025-02-25 12:38:00,94.89,94.89,94.89,94.89,321.0
2025-02-25 12:40:00,94.92,94.92,94.9,94.9,250.0
2025-02-25 12:42:00,94.89,94.89,94.82,94.82,497.0
2025-02-25 12:46:00,94.76,94.76,94.75,94.75,1465.0
2025-02-25 12:54:00,94.82,94.91,94.82,94.91,574.0
2025-02-25 12:56:00,94.91,95.08,94.91,95.08,2161.0
2025-02-25 12:58:00,95.08,95.21,95.08,95.21,2517.0
2025-02-25 13:00:00,94.93,95.5,94.61,95.38,33285.0
2025-02-25 13:02:00,95.45,95.6,95.42,95.6,1598.0
2025-02-25 13:04:00,95.5,95.5,95.41,95.41,1230.0
2025-02-25 13:06:00,95.5,95.5,95.35,95.39,524.0
2025-02-25 13:08:00,95.25,95.4803,95.25,95.4803,1827.0
2025-02-25 13:10:00,95.3601,95.42,95.3601,95.42,508.0
2025-02-25 13:12:00,95.36,95.36,95.36,95.36,683.0
2025-02-25 13:14:00,95.4,95.49,95.4,95.49,1186.0
2025-02-25 13:16:00,95.28,95.5,95.28,95.5,11182.0
2025-02-25 13:18:00,95.36,95.36,95.32,95.32,499.0
2025-02-25 13:20:00,95.36,95.39,95.35,95.39,844.0
2025-02-25 13:22:00,95.58,95.71,95.58,95.71,3827.0
2025-02-25 13:24:00,95.71,95.82,95.71,95.82,1254.0
2025-02-25 13:26:00,95.77,95.78,95.73,95.73,527.0
2025-02-25 13:28:00,95.68,95.7793,95.68,95.68,2555.0
2025-02-25 13:30:00,95.67,95.78,95.67,95.7794,1112.0
2025-02-25 13:32:00,95.75,95.76,95.66,95.66,3334.0
2025-02-25 13:34:00,95.6002,95.61,95.6,95.61,2785.0
2025-02-25 13:36:00,95.3,95.3,95.3,95.3,264.0
2025-02-25 13:42:00,95.34,95.34,95.34,95.34,586.0
2025-02-25 13:48:00,95.45,95.49,95.45,95.45,2414.0
2025-02-25 13:50:00,95.6457,95.6457,95.5,95.6308,868.0
2025-02-25 13:52:00,95.5478,95.5478,95.5,95.5,990.0
2025-02-25 13:54:00,95.52,95.61,95.52,95.61,1470.0
2025-02-25 14:00:00,95.58,95.58,95.3517,95.3517,595.0
2025-02-25 14:02:00,95.49,95.49,95.49,95.49,556.0
2025-02-25 14:04:00,95.4,95.44,95.38,95.38,1469.0
2025-02-25 14:06:00,95.42,95.42,95.32,95.32,1375.0
2025-02-25 14:08:00,95.34,95.35,95.34,95.35,667.0
2025-02-25 14:10:00,95.31,95.33,95.31,95.32,857.0
2025-02-25 14:12:00,95.32,95.34,95.32,95.34,423.0
2025-02-25 14:14:00,95.34,95.34,95.33,95.33,263.0
2025-02-25 14:20:00,95.4,95.4,95.4,95.4,371.0
2025-02-25 14:24:00,95.4,95.4,95.27,95.27,1644.0
2025-02-25 14:26:00,95.27,95.4341,95.25,95.4341,1147.0
2025-02-25 14:28:00,95.48,95.7,95.48,95.49,3966.0
2025-02-25 14:30:00,95.5,95.7699,95.2,95.53,398467.0
2025-02-25 14:32:00,95.53,95.695,95.22,95.58,208108.0
2025-02-25 14:34:00,95.553,95.63,95.072,95.5515,162885.0
2025-02-25 14:36:00,95.51,95.675,94.936,95.21,189417.0
2025-02-25 14:38:00,95.22,95.85,95.07,95.77,153482.0
2025-02-25 14:40:00,95.75,95.75,95.365,95.53,117367.0
2025-02-25 14:42:00,95.59,95.93,95.35,95.565,110226.0
2025-02-25 14:44:00,95.54,95.78,95.45,95.68,153594.0
2025-02-25 14:46:00,95.63,95.73,95.08,95.11,89729.0
2025-02-25 14:48:00,95.09,95.23,94.76,94.77,133095.0
2025-02-25 14:50:00,94.785,95.0,94.57,94.72,85430.0
2025-02-25 14:52:00,94.725,94.75,94.45,94.64,104219.0
2025-02-25 14:54:00,94.58,95.0,94.58,94.91,80659.0
2025-02-25 14:56:00,94.91,95.32,94.83,95.2836,100184.0
2025-02-25 14:58:00,95.285,95.33,95.03,95.12,100628.0
2025-02-25 15:00:00,95.105,95.16,94.67,94.925,98824.0
2025-02-25 15:02:00,94.92,95.21,94.74,94.8483,111679.0
2025-02-25 15:04:00,94.865,94.95,94.53,94.59,90379.0
2025-02-25 15:06:00,94.59,94.8995,94.49,94.7,150141.0
2025-02-25 15:08:00,94.65,94.95,94.41,94.9008,76678.0
2025-02-25 15:10:00,94.92,95.015,94.505,94.695,105646.0
2025-02-25 15:12:00,94.68,94.71,94.46,94.54,69508.0
2025-02-25 15:14:00,94.53,94.535,94.19,94.41,104042.0
2025-02-25 15:16:00,94.39,94.55,93.74,93.77,107872.0
2025-02-25 15:18:00,93.78,93.78,93.46,93.57,129698.0
2025-02-25 15:20:00,93.56,93.63,93.12,93.52,163331.0
2025-02-25 15:22:00,93.452,93.73,93.42,93.52,120870.0
2025-02-25 15:24:00,93.53,93.54,93.2,93.35,103145.0
2025-02-25 15:26:00,93.35,93.47,93.26,93.4,140472.0
2025-02-25 15:28:00,93.41,93.48,93.17,93.26,68948.0
2025-02-25 15:30:00,93.3,93.4899,93.29,93.395,128343.0
2025-02-25 15:32:00,93.38,93.7289,93.37,93.6503,68297.0
2025-02-25 15:34:00,93.64,93.685,93.41,93.54,55843.0
2025-02-25 15:36:00,93.53,93.93,93.49,93.7433,104967.0
2025-02-25 15:38:00,93.765,93.98,93.71,93.79,90943.0
2025-02-25 15:40:00,93.77,93.795,93.45,93.58,99685.0
2025-02-25 15:42:00,93.55,93.92,93.51,93.845,69257.0
2025-02-25 15:44:00,93.875,94.005,93.64,93.9452,47874.0
2025-02-25 15:46:00,93.9254,93.96,93.66,93.87,71730.0
2025-02-25 15:48:00,93.9,94.1,93.8295,93.99,32000.0
2025-02-25 15:50:00,94.02,94.24,93.92,94.22,74272.0
2025-02-25 15:52:00,94.26,94.52,94.19,94.48,64147.0
2025-02-25 15:54:00,94.47,94.54,94.38,94.405,83985.0
2025-02-25 15:56:00,94.39,94.5,94.3088,94.31,71840.0
2025-02-25 15:58:00,94.3103,94.49,94.2,94.235,101806.0
2025-02-25 16:00:00,94.23,94.23,93.9,93.985,78331.0
2025-02-25 16:02:00,94.015,94.065,93.81,93.94,52208.0
2025-02-25 16:04:00,93.94,93.99,93.762,93.88,45185.0
2025-02-25 16:06:00,93.885,94.12,93.78,94.07,49573.0
2025-02-25 16:08:00,94.06,94.09,93.88,93.91,42366.0
2025-02-25 16:10:00,93.94,94.02,93.86,93.92,33984.0
2025-02-25 16:12:00,93.92,94.06,93.69,93.75,51845.0
2025-02-25 16:14:00,93.77,93.83,93.6655,93.69,181098.0
2025-02-25 16:16:00,93.64,93.78,93.63,93.735,61251.0
2025-02-25 16:18:00,93.755,93.92,93.69,93.765,44235.0
2025-02-25 16:20:00,93.765,93.83,93.66,93.7,123790.0
2025-02-25 16:22:00,93.6806,93.78,93.4,93.49,136333.0
2025-02-25 16:24:00,93.5,93.72,93.455,93.5133,71235.0
2025-02-25 16:26:00,93.55,93.635,93.4,93.54,55808.0
2025-02-25 16:28:00,93.505,93.61,93.45,93.61,39002.0
2025-02-25 16:30:00,93.59,93.74,93.5203,93.555,57574.0
2025-02-25 16:32:00,93.555,93.59,93.4,93.51,82651.0
2025-02-25 16:34:00,93.53,93.71,93.4,93.4,49000.0
2025-02-25 16:36:00,93.39,93.73,93.37,93.625,47716.0
2025-02-25 16:38:00,93.62,93.66,93.475,93.58,38383.0
2025-02-25 16:40:00,93.58,93.62,93.46,93.545,39875.0
2025-02-25 16:42:00,93.55,93.68,93.44,93.47,58075.0
2025-02-25 16:44:00,93.46,93.65,93.46,93.6052,70144.0
2025-02-25 16:46:00,93.59,93.68,93.525,93.64,47155.0
2025-02-25 16:48:00,93.6425,93.77,93.565,93.725,36363.0
2025-02-25 16:50:00,93.715,93.82,93.64,93.67,47119.0
2025-02-25 16:52:00,93.72,93.76,93.65,93.725,37536.0
2025-02-25 16:54:00,93.73,93.79,93.625,93.635,45035.0
2025-02-25 16:56:00,93.625,94.08,93.625,93.955,114921.0
2025-02-25 16:58:00,93.93,93.93,93.73,93.73,52163.0
2025-02-25 17:00:00,93.71,93.83,93.66,93.8009,33843.0
2025-02-25 17:02:00,93.83,93.92,93.7664,93.79,43421.0
2025-02-25 17:04:00,93.77,93.79,93.62,93.645,34738.0
2025-02-25 17:06:00,93.63,93.82,93.55,93.7769,42175.0
2025-02-25 17:08:00,93.785,93.8,93.635,93.65,39447.0
2025-02-25 17:10:00,93.65,93.74,93.605,93.74,32287.0
2025-02-25 17:12:00,93.73,93.74,93.6,93.73,35494.0
2025-02-25 17:14:00,93.73,93.79,93.62,93.64,44385.0
2025-02-25 17:16:00,93.645,93.72,93.595,93.63,35828.0
2025-02-25 17:18:00,93.645,93.6585,93.4,93.49,36756.0
2025-02-25 17:20:00,93.49,93.49,93.24,93.265,52790.0
2025-02-25 17:22:00,93.26,93.4,93.15,93.345,67558.0
2025-02-25 17:24:00,93.345,93.45,93.325,93.41,35790.0
2025-02-25 17:26:00,93.42,93.44,93.35,93.44,37508.0
2025-02-25 17:28:00,93.44,93.67,93.42,93.665,37056.0
2025-02-25 17:30:00,93.65,93.72,93.575,93.71,28993.0
2025-02-25 17:32:00,93.715,93.715,93.615,93.71,50664.0
2025-02-25 17:34:00,93.7,93.73,93.5376,93.62,73753.0
2025-02-25 17:36:00,93.605,93.73,93.585,93.68,43057.0
2025-02-25 17:38:00,93.69,93.84,93.69,93.825,60762.0
2025-02-25 17:40:00,93.815,93.9755,93.815,93.91,41042.0
2025-02-25 17:42:00,93.9223,93.95,93.79,93.84,47617.0
2025-02-25 17:44:00,93.83,93.85,93.71,93.725,34278.0
2025-02-25 17:46:00,93.71,93.87,93.7,93.817,45116.0
2025-02-25 17:48:00,93.83,93.86,93.72,93.78,38686.0
2025-02-25 17:50:00,93.79,93.93,93.79,93.93,27081.0
2025-02-25 17:52:00,93.915,93.97,93.805,93.825,47588.0
2025-02-25 17:54:00,93.82,93.88,93.8,93.88,46060.0
2025-02-25 17:56:00,93.87,93.99,93.84,93.985,19863.0
2025-02-25 17:58:00,93.985,94.01,93.855,93.9805,34998.0
2025-02-25 18:00:00,93.98,94.19,93.96,94.19,35077.0
2025-02-25 18:02:00,94.16,94.24,94.09,94.2225,30553.0
2025-02-25 18:04:00,94.225,94.225,94.03,94.03,23955.0
2025-02-25 18:06:00,94.04,94.24,94.04,94.21,34991.0
2025-02-25 18:08:00,94.19,94.3,94.13,94.2488,29501.0
2025-02-25 18:10:00,94.21,94.3,94.18,94.21,44372.0
2025-02-25 18:12:00,94.21,94.21,94.115,94.16,27176.0
2025-02-25 18:14:00,94.14,94.14,94.0,94.03,28278.0
2025-02-25 18:16:00,94.02,94.13,93.97,94.0,32869.0
2025-02-25 18:18:00,94.0,94.03,93.81,93.82,27806.0
2025-02-25 18:20:00,93.82,93.95,93.815,93.94,34840.0
2025-02-25 18:22:00,93.95,93.97,93.8202,93.97,40199.0
2025-02-25 18:24:00,93.96,93.98,93.86,93.87,31963.0
2025-02-25 18:26:00,93.86,93.89,93.625,93.66,48462.0
2025-02-25 18:28:00,93.65,93.65,93.525,93.53,109574.0
2025-02-25 18:30:00,93.53,93.69,93.47,93.65,89525.0
2025-02-25 18:32:00,93.655,93.66,93.44,93.44,40397.0
2025-02-25 18:34:00,93.45,93.59,93.45,93.52,40598.0
2025-02-25 18:36:00,93.51,93.62,93.4716,93.58,39615.0
2025-02-25 18:38:00,93.59,93.75,93.55,93.6936,38095.0
2025-02-25 18:40:00,93.65,93.68,93.59,93.6162,21949.0
2025-02-25 18:42:00,93.63,93.77,93.615,93.67,31265.0
2025-02-25 18:44:00,93.68,93.75,93.62,93.68,31180.0
2025-02-25 18:46:00,93.68,93.68,93.6,93.665,23733.0
2025-02-25 18:48:00,93.65,93.67,93.58,93.6097,23496.0
2025-02-25 18:50:00,93.62,93.655,93.475,93.475,31453.0
2025-02-25 18:52:00,93.49,93.67,93.48,93.59,53499.0
2025-02-25 18:54:00,93.57,93.57,93.41,93.415,25195.0
2025-02-25 18:56:00,93.415,93.47,93.34,93.37,32378.0
2025-02-25 18:58:00,93.36,93.475,93.35,93.45,38377.0
2025-02-25 19:00:00,93.44,93.46,93.33,93.34,38144.0
2025-02-25 19:02:00,93.35,93.3999,93.31,93.38,22607.0
2025-02-25 19:04:00,93.36,93.39,93.31,93.335,25677.0
2025-02-25 19:06:00,93.33,93.55,93.32,93.44,41089.0
2025-02-25 19:08:00,93.47,93.5,93.4,93.42,26905.0
2025-02-25 19:10:00,93.42,93.43,93.3,93.3,24056.0
2025-02-25 19:12:00,93.315,93.32,93.1,93.14,296800.0
2025-02-25 19:14:00,93.14,93.14,92.88,92.9,119689.0
2025-02-25 19:16:00,92.905,93.05,92.83,93.01,100626.0
2025-02-25 19:18:00,93.01,93.03,92.9,92.99,119661.0
2025-02-25 19:20:00,92.96,93.035,92.845,93.01,47242.0
2025-02-25 19:22:00,93.02,93.06,92.85,92.885,97048.0
2025-02-25 19:24:00,92.88,92.96,92.86,92.895,44991.0
2025-02-25 19:26:00,92.895,92.91,92.755,92.86,42625.0
2025-02-25 19:28:00,92.88,92.9,92.79,92.89,40964.0
2025-02-25 19:30:00,92.86,93.03,92.85,93.025,40571.0
2025-02-25 19:32:00,93.025,93.06,92.95,93.02,48176.0
2025-02-25 19:34:00,93.0122,93.1367,92.96,92.96,28813.0
2025-02-25 19:36:00,92.95,93.13,92.95,93.08,58781.0
2025-02-25 19:38:00,93.11,93.29,93.055,93.265,40991.0
2025-02-25 19:40:00,93.29,93.31,93.1,93.225,52903.0
2025-02-25 19:42:00,93.21,93.33,93.18,93.195,38506.0
2025-02-25 19:44:00,93.195,93.28,92.9,92.975,40863.0
2025-02-25 19:46:00,93.0,93.01,92.85,92.89,53097.0
2025-02-25 19:48:00,92.88,93.055,92.85,93.0467,41279.0
2025-02-25 19:50:00,93.02,93.195,93.01,93.16,176736.0
2025-02-25 19:52:00,93.1936,93.28,93.08,93.28,41276.0
2025-02-25 19:54:00,93.3,93.31,93.16,93.25,28883.0
2025-02-25 19:56:00,93.24,93.33,93.175,93.21,48984.0
2025-02-25 19:58:00,93.21,93.269,93.1001,93.22,27987.0
2025-02-25 20:00:00,93.2,93.42,93.18,93.42,276827.0
2025-02-25 20:02:00,93.42,93.5,93.23,93.37,36557.0
2025-02-25 20:04:00,93.37,93.57,93.37,93.55,39357.0
2025-02-25 20:06:00,93.52,93.58,93.47,93.575,34080.0
2025-02-25 20:08:00,93.57,93.6,93.4,93.43,28544.0
2025-02-25 20:10:00,93.43,93.45,93.2824,93.38,44293.0
2025-02-25 20:12:00,93.37,93.54,93.35,93.47,32880.0
2025-02-25 20:14:00,93.46,93.58,93.44,93.51,37257.0
2025-02-25 20:16:00,93.515,93.58,93.4,93.43,46117.0
2025-02-25 20:18:00,93.41,93.71,93.41,93.71,41725.0
2025-02-25 20:20:00,93.69,93.83,93.55,93.64,49361.0
2025-02-25 20:22:00,93.635,93.9,93.635,93.87,49943.0
2025-02-25 20:24:00,93.875,94.02,93.81,93.88,48168.0
2025-02-25 20:26:00,93.89,93.96,93.785,93.795,32996.0
2025-02-25 20:28:00,93.78,93.88,93.74,93.88,54753.0
2025-02-25 20:30:00,93.89,93.93,93.7401,93.89,69472.0
2025-02-25 20:32:00,93.885,93.99,93.825,93.89,38623.0
2025-02-25 20:34:00,93.885,93.95,93.85,93.88,42306.0
2025-02-25 20:36:00,93.88,93.88,93.68,93.78,46251.0
2025-02-25 20:38:00,93.8,93.85,93.54,93.59,46301.0
2025-02-25 20:40:00,93.6,93.6,93.385,93.45,76456.0
2025-02-25 20:42:00,93.4217,93.51,93.41,93.45,49784.0
2025-02-25 20:44:00,93.46,93.46,93.16,93.19,90045.0
2025-02-25 20:46:00,93.21,93.32,93.13,93.265,78302.0
2025-02-25 20:48:00,93.265,93.44,93.25,93.325,101331.0
2025-02-25 20:50:00,93.31,93.31,92.955,93.1,174443.0
2025-02-25 20:52:00,93.11,93.172,92.9,92.91,127499.0
2025-02-25 20:54:00,92.92,93.0,92.8,92.98,175022.0
2025-02-25 20:56:00,92.965,93.17,92.965,93.16,204352.0
2025-02-25 20:58:00,93.16,93.31,93.15,93.25,516205.0
2025-02-25 21:00:00,93.22,93.22,93.22,93.22,161291.0
2025-02-25 21:02:00,93.26,93.26,93.26,93.26,435.0
2025-02-25 21:04:00,93.32,93.42,93.32,93.42,1618.0
2025-02-25 21:06:00,93.41,93.48,93.41,93.4799,1323.0
2025-02-25 21:10:00,93.763,93.763,93.763,93.763,245.0
2025-02-25 21:12:00,93.7629,93.7629,93.7629,93.7629,121.0
2025-02-25 21:14:00,93.56,93.56,93.56,93.56,207.0
2025-02-25 21:16:00,93.61,93.65,93.61,93.65,1524.0
2025-02-25 21:18:00,93.53,93.53,93.53,93.53,255.0
2025-02-25 21:20:00,93.22,93.5,93.22,93.5,3345.0
2025-02-25 21:30:00,93.52,93.52,93.22,93.22,624.0
2025-02-25 21:32:00,93.52,93.57,93.52,93.57,886.0
2025-02-25 21:38:00,93.48,93.48,93.41,93.41,1204.0
2025-02-25 21:40:00,93.4,93.4,93.03,93.351,8330.0
2025-02-25 21:42:00,93.01,93.01,93.01,93.01,426.0
2025-02-25 21:44:00,93.3001,93.3001,93.3,93.3,547.0
2025-02-25 21:46:00,93.42,93.42,93.22,93.22,11238.0
2025-02-25 21:48:00,93.42,93.5925,93.3,93.56,3385.0
2025-02-25 21:50:00,93.5996,93.5996,93.47,93.47,2059.0
2025-02-25 21:54:00,93.5,93.5,93.5,93.5,147.0
2025-02-25 21:56:00,93.47,93.53,93.3,93.35,2252.0
2025-02-25 21:58:00,93.32,93.6192,93.32,93.6192,4895.0
2025-02-25 22:04:00,93.47,93.47,93.47,93.47,281.0
2025-02-25 22:06:00,93.47,93.6608,93.47,93.6608,1432.0
2025-02-25 22:12:00,93.45,93.4755,93.45,93.4755,205.0
2025-02-25 22:14:00,93.55,93.55,93.55,93.55,450.0
2025-02-25 22:16:00,93.5494,93.5494,93.4513,93.4513,2205.0
2025-02-25 22:22:00,93.6,93.6,93.6,93.6,258.0
2025-02-25 22:24:00,93.5,93.6,93.5,93.6,1139.0
2025-02-25 22:26:00,93.6,93.6,93.6,93.6,123.0
2025-02-25 22:28:00,93.6,93.6,93.6,93.6,614.0
2025-02-25 22:30:00,93.6963,93.6963,93.6963,93.6963,305.0
2025-02-25 22:34:00,93.65,93.65,93.65,93.65,180.0
2025-02-25 22:38:00,93.5,93.51,93.5,93.51,1188.0
2025-02-25 22:40:00,93.5,93.5,93.5,93.5,253.0
2025-02-25 22:42:00,93.45,93.45,93.45,93.45,973.0
2025-02-25 22:44:00,93.4,93.4,93.39,93.39,385.0
2025-02-25 22:48:00,93.4394,93.4394,93.43,93.43,4063.0
2025-02-25 22:58:00,93.65,93.65,93.65,93.65,400.0
2025-02-25 23:04:00,93.71,93.74,93.65,93.74,1593.0
2025-02-25 23:06:00,93.72,93.72,93.72,93.72,153.0
2025-02-25 23:08:00,93.79,93.79,93.79,93.79,505.0
2025-02-25 23:10:00,93.8663,93.87,93.8663,93.87,357.0
2025-02-25 23:12:00,93.72,93.72,93.72,93.72,561.0
2025-02-25 23:14:00,93.72,93.72,93.72,93.72,105.0
2025-02-25 23:18:00,93.7502,93.7502,93.7502,93.7502,257.0
2025-02-25 23:20:00,93.8675,93.8675,93.8675,93.8675,155.0
2025-02-25 23:22:00,93.8499,93.8499,93.8499,93.8499,214.0
2025-02-25 23:24:00,93.8,93.8,93.76,93.76,600.0
2025-02-25 23:30:00,93.8485,93.8485,93.8485,93.8485,213.0
2025-02-25 23:34:00,93.72,93.72,93.72,93.72,129.0
2025-02-25 23:40:00,93.84,93.9,93.84,93.9,11738.0
2025-02-25 23:42:00,94.1,94.3,94.1,94.3,2291.0
2025-02-25 23:44:00,94.3,94.49,94.26,94.49,3505.0
2025-02-25 23:46:00,93.72,94.6,93.72,94.6,2062.0
2025-02-25 23:48:00,94.56,94.6,94.56,94.6,1643.0
2025-02-25 23:50:00,94.61,94.61,94.61,94.61,127.0
2025-02-25 23:52:00,94.64,95.02,94.64,95.02,4037.0
2025-02-25 23:54:00,95.02,95.02,95.02,95.02,809.0
2025-02-25 23:56:00,95.0,95.0,95.0,95.0,635.0
2025-02-26 00:00:00,95.0,95.0,95.0,95.0,111.0
2025-02-26 00:04:00,95.18,95.18,95.0,95.0,996.0
2025-02-26 00:06:00,95.0,95.55,95.0,95.55,3324.0
2025-02-26 00:08:00,95.51,95.6,95.51,95.54,5639.0
2025-02-26 00:10:00,95.58,95.6,95.54,95.54,785.0
2025-02-26 00:12:00,95.5407,95.5407,95.4,95.54,1774.0
2025-02-26 00:16:00,95.575,95.575,95.49,95.5,7442.0
2025-02-26 00:18:00,95.5001,95.5001,95.46,95.5,8398.0
2025-02-26 00:20:00,95.3,95.3,95.1818,95.1818,561.0
2025-02-26 00:22:00,95.1855,95.1855,95.1855,95.1855,194.0
2025-02-26 00:24:00,95.32,95.35,95.32,95.35,2348.0
2025-02-26 00:26:00,95.3201,95.3201,95.3201,95.3201,447.0
2025-02-26 00:30:00,95.4,95.5,95.4,95.5,2887.0
2025-02-26 00:32:00,95.5,95.58,95.5,95.58,1159.0
2025-02-26 00:34:00,95.55,95.58,95.2214,95.58,3147.0
2025-02-26 00:36:00,95.58,95.5898,95.58,95.58,3520.0
2025-02-26 00:40:00,95.19,95.39,95.19,95.39,520.0
2025-02-26 00:42:00,95.29,95.29,95.29,95.29,545.0
2025-02-26 00:44:00,95.5,95.5,95.18,95.18,200.0
2025-02-26 00:46:00,95.18,95.18,95.18,95.18,214.0
2025-02-26 00:50:00,95.21,95.25,95.21,95.25,492.0
2025-02-26 00:52:00,95.18,95.18,95.18,95.18,528.0
2025-02-26 00:56:00,94.497,94.497,94.497,94.497,196.0
2025-02-26 00:58:00,93.72,94.48,93.24,93.99,6526.0
2025-02-26 09:06:00,95.53,95.58,95.53,95.58,1338.0
2025-02-26 09:08:00,95.91,95.96,95.91,95.92,901.0
2025-02-26 09:12:00,95.98,95.98,95.98,95.98,484.0
2025-02-26 09:16:00,96.09,96.19,96.09,96.19,436.0
2025-02-26 09:20:00,95.97,96.06,95.97,96.06,467.0
2025-02-26 09:22:00,95.98,95.98,95.97,95.97,565.0
2025-02-26 09:24:00,95.96,95.96,95.92,95.92,414.0
2025-02-26 09:28:00,95.84,95.84,95.84,95.84,320.0
2025-02-26 09:30:00,95.83,95.83,95.83,95.83,121.0
2025-02-26 09:34:00,95.85,95.85,95.85,95.85,221.0
2025-02-26 09:36:00,95.84,95.84,95.84,95.84,214.0
2025-02-26 09:38:00,95.9,95.98,95.9,95.96,1651.0
2025-02-26 09:40:00,95.96,95.96,95.68,95.68,2378.0
2025-02-26 09:42:00,95.62,95.62,95.62,95.62,121.0
2025-02-26 09:44:00,95.6,95.6,95.6,95.6,261.0
2025-02-26 09:50:00,95.6,95.65,95.6,95.65,2067.0
2025-02-26 09:52:00,95.6,95.65,95.59,95.65,495.0
2025-02-26 09:54:00,95.57,95.57,95.54,95.54,457.0
2025-02-26 09:56:00,95.54,95.54,95.29,95.29,1697.0
2025-02-26 09:58:00,95.21,95.31,95.19,95.31,767.0
2025-02-26 10:00:00,95.44,95.45,95.44,95.45,240.0
2025-02-26 10:06:00,95.44,95.5,95.44,95.5,1095.0
2025-02-26 10:10:00,95.59,95.59,95.21,95.21,2343.0
2025-02-26 10:30:00,95.31,95.31,95.21,95.21,1000.0
2025-02-26 10:42:00,95.3,95.3,95.3,95.3,187.0
2025-02-26 10:48:00,95.33,95.34,95.33,95.34,508.0
2025-02-26 10:52:00,95.33,95.33,95.31,95.31,540.0
2025-02-26 10:54:00,95.31,95.33,95.31,95.33,543.0
2025-02-26 10:56:00,95.34,95.34,95.34,95.34,1880.0
2025-02-26 11:02:00,95.34,95.34,95.29,95.29,1005.0
2025-02-26 11:20:00,95.46,95.62,95.46,95.61,3251.0
2025-02-26 11:24:00,95.74,95.74,95.74,95.74,134.0
2025-02-26 11:26:00,95.6,95.6,95.6,95.6,150.0
2025-02-26 11:28:00,95.59,95.59,95.59,95.59,140.0
2025-02-26 11:32:00,95.63,95.63,95.63,95.63,400.0
2025-02-26 11:48:00,95.63,95.63,95.63,95.63,360.0
2025-02-26 11:50:00,95.63,95.65,95.49,95.49,2315.0
2025-02-26 11:52:00,95.4,95.4,95.4,95.4,292.0
2025-02-26 11:54:00,95.39,95.4,95.39,95.4,789.0
2025-02-26 11:56:00,95.5,95.5,95.3,95.3,736.0
2025-02-26 12:00:00,95.39,95.39,95.26,95.37,1582.0
2025-02-26 12:02:00,95.31,95.31,95.3,95.31,637.0
2025-02-26 12:04:00,95.2,95.2,95.2,95.2,438.0
2025-02-26 12:10:00,95.26,95.28,95.26,95.28,1082.0
2025-02-26 12:12:00,95.29,95.3,95.26,95.26,1311.0
2025-02-26 12:14:00,95.23,95.23,95.2,95.2,558.0
2025-02-26 12:16:00,95.22,95.22,95.21,95.22,1747.0
2025-02-26 12:18:00,95.28,95.3,95.28,95.29,1316.0
2025-02-26 12:22:00,95.3,95.39,95.3,95.39,1035.0
2025-02-26 12:24:00,95.41,95.41,95.41,95.41,1939.0
2025-02-26 12:28:00,95.48,95.5,95.46,95.48,7995.0
2025-02-26 12:30:00,95.5,95.51,95.5,95.5,4182.0
2025-02-26 12:38:00,95.49,95.66,95.49,95.66,11650.0
2025-02-26 12:40:00,95.58,95.58,95.58,95.58,707.0
2025-02-26 12:44:00,95.58,95.58,95.58,95.58,487.0
2025-02-26 12:46:00,95.59,95.59,95.59,95.59,451.0
2025-02-26 12:48:00,95.64,95.64,95.58,95.58,504.0
2025-02-26 12:50:00,95.58,95.58,95.58,95.58,3194.0
2025-02-26 12:52:00,95.58,95.58,95.42,95.47,3412.0
2025-02-26 12:54:00,95.47,95.55,95.47,95.52,2344.0
2025-02-26 13:00:00,95.41,95.6996,94.7,95.6,295642.0
2025-02-26 13:02:00,95.6,95.75,95.6,95.71,5359.0
2025-02-26 13:04:00,95.65,95.65,95.65,95.65,944.0
2025-02-26 13:06:00,95.76,95.76,95.75,95.75,698.0
2025-02-26 13:08:00,95.7001,95.7001,95.7001,95.7001,550.0
2025-02-26 13:10:00,95.77,95.79,95.77,95.79,911.0
2025-02-26 13:12:00,95.81,95.93,95.8,95.93,2036.0
2025-02-26 13:14:00,95.9,96.02,95.9,96.02,15695.0
2025-02-26 13:16:00,95.99,96.0168,95.8932,96.0,3772.0
2025-02-26 13:18:00,96.0179,96.0179,95.97,95.97,2238.0
2025-02-26 13:20:00,96.0,96.0,96.0,96.0,587.0
2025-02-26 13:22:00,96.0,96.02,96.0,96.02,1396.0
2025-02-26 13:24:00,96.15,96.15,95.95,95.95,1227.0
2025-02-26 13:26:00,96.02,96.13,96.02,96.13,749.0
2025-02-26 13:28:00,96.02,96.02,96.01,96.01,1043.0
2025-02-26 13:30:00,96.01,96.01,96.0,96.0,824.0
2025-02-26 13:34:00,96.0926,96.0982,95.96,96.0982,452.0
2025-02-26 13:36:00,96.0975,96.0975,96.0,96.0,2502.0
2025-02-26 13:38:00,96.0916,96.1,96.04,96.1,2696.0
2025-02-26 13:40:00,96.11,96.48,96.1,96.48,13137.0
2025-02-26 13:42:00,96.45,96.62,96.45,96.6,5299.0
2025-02-26 13:44:00,96.56,96.56,96.5,96.53,8478.0
2025-02-26 13:46:00,96.5,96.52,96.45,96.52,2746.0
2025-02-26 13:48:00,96.4988,96.4988,96.45,96.45,5176.0
2025-02-26 13:50:00,96.4517,96.475,96.43,96.43,8806.0
2025-02-26 13:52:00,96.48,96.48,96.2,96.22,5880.0
2025-02-26 13:54:00,96.26,96.26,96.21,96.23,3771.0
2025-02-26 13:56:00,96.24,96.24,96.0,96.0,7033.0
2025-02-26 13:58:00,96.008,96.01,96.0,96.0,8068.0
2025-02-26 14:00:00,96.05,96.0801,96.02,96.0801,2074.0
2025-02-26 14:02:00,96.2,96.345,96.15,96.15,3609.0
2025-02-26 14:04:00,96.15,96.3,96.15,96.3,1144.0
2025-02-26 14:06:00,96.3,96.3,96.15,96.16,1802.0
2025-02-26 14:08:00,96.13,96.13,96.0,96.0,1158.0
2025-02-26 14:10:00,96.0,96.11,95.99,96.11,9238.0
2025-02-26 14:12:00,96.04,96.09,96.0009,96.02,4628.0
2025-02-26 14:14:00,96.01,96.1,96.0,96.096,5876.0
2025-02-26 14:16:00,96.03,96.03,96.0,96.0,1785.0
2025-02-26 14:18:00,96.01,96.01,95.99,96.005,1559.0
2025-02-26 14:20:00,96.0,96.24,96.0,96.24,2370.0
2025-02-26 14:22:00,96.3319,96.3319,96.2232,96.2232,1029.0
2025-02-26 14:24:00,96.21,96.2899,96.21,96.2899,1393.0
2025-02-26 14:26:00,96.2,96.2,96.0,96.04,29847.0
2025-02-26 14:28:00,96.0,96.24,95.78,96.01,54492.0
2025-02-26 14:30:00,96.0,97.05,95.5,97.04,575101.0
2025-02-26 14:32:00,97.02,97.44,96.16,96.42,245464.0
2025-02-26 14:34:00,96.39,96.8198,96.02,96.1001,213657.0
2025-02-26 14:36:00,96.19,96.88,96.155,96.7,169249.0
2025-02-26 14:38:00,96.7,97.0045,96.5,96.8176,136171.0
2025-02-26 14:40:00,96.855,97.299,96.85,97.255,146869.0
2025-02-26 14:42:00,97.26,97.26,96.76,97.2073,228560.0
2025-02-26 14:44:00,97.22,97.67,97.09,97.42,258776.0
2025-02-26 14:46:00,97.405,97.485,97.09,97.18,111232.0
2025-02-26 14:48:00,97.19,97.36,97.0,97.16,99053.0
2025-02-26 14:50:00,97.19,97.368045,97.07,97.33,138954.0
2025-02-26 14:52:00,97.31,97.58,97.2435,97.477,132970.0
2025-02-26 14:54:00,97.495,97.75,97.46,97.48,128414.0
2025-02-26 14:56:00,97.48,97.51,97.15,97.17,125738.0
2025-02-26 14:58:00,97.164781,97.6,96.99,97.58,126410.0
2025-02-26 15:00:00,97.6,97.65,97.36,97.51,134957.0
2025-02-26 15:02:00,97.51,98.07,97.45,97.9807,200187.0
2025-02-26 15:04:00,97.99,98.14,97.89,97.9262,153841.0
2025-02-26 15:06:00,97.95,98.07,97.63,98.07,210812.0
2025-02-26 15:08:00,98.09,98.22,97.8,97.95,183716.0
2025-02-26 15:10:00,97.945,98.18,97.85,97.96,120922.0
2025-02-26 15:12:00,97.96,98.22,97.74,97.8775,173922.0
2025-02-26 15:14:00,97.89,97.945,97.51,97.8074,166002.0
2025-02-26 15:16:00,97.83,97.83,97.48,97.54,277653.0
2025-02-26 15:18:00,97.51,97.655,97.28,97.59,155513.0
2025-02-26 15:20:00,97.55,97.56,97.31,97.39,567624.0
2025-02-26 15:22:00,97.42,97.515,96.96,96.995,154761.0
2025-02-26 15:24:00,97.01,97.17,96.862,97.15,161756.0
2025-02-26 15:26:00,97.15,97.15,96.9,96.9,122846.0
2025-02-26 15:28:00,96.89,96.89,96.45,96.5,163705.0
2025-02-26 15:30:00,96.51,96.89,96.51,96.565,116275.0
2025-02-26 15:32:00,96.58,96.72,96.495,96.5,138536.0
2025-02-26 15:34:00,96.51,96.52,96.205,96.27,134731.0
2025-02-26 15:36:00,96.265,96.38,96.16,96.2132,123302.0
2025-02-26 15:38:00,96.23,96.31,96.04,96.1,108058.0
2025-02-26 15:40:00,96.11,96.29,96.03,96.115,111616.0
2025-02-26 15:42:00,96.12,96.25,95.95,96.25,130482.0
2025-02-26 15:44:00,96.28,96.6653,96.28,96.56,147710.0
2025-02-26 15:46:00,96.59,96.91,96.58,96.84,95710.0
2025-02-26 15:48:00,96.825,97.0,96.75,96.88,84057.0
2025-02-26 15:50:00,96.87,96.99,96.7301,96.96,53313.0
2025-02-26 15:52:00,96.9788,97.29,96.89,97.142722,260725.0
2025-02-26 15:54:00,97.14,97.22,96.9517,97.135,65293.0
2025-02-26 15:56:00,97.135,97.3,97.13,97.26,59990.0
2025-02-26 15:58:00,97.28,97.46,97.25,97.46,70870.0
2025-02-26 16:00:00,97.47,97.91,97.47,97.855,126393.0
2025-02-26 16:02:00,97.86,97.8749,97.7,97.76,90913.0
2025-02-26 16:04:00,97.7348,98.29,97.7317,98.255,135016.0
2025-02-26 16:06:00,98.255,98.39,98.215,98.345,177099.0
2025-02-26 16:08:00,98.345,98.53,98.33,98.49,106282.0
2025-02-26 16:10:00,98.5,98.75,98.4712,98.48,128923.0
2025-02-26 16:12:00,98.49,98.93,98.44,98.86,118776.0
2025-02-26 16:14:00,98.87,98.92,98.72,98.75,119253.0
2025-02-26 16:16:00,98.755,98.94,98.685,98.795,144232.0
2025-02-26 16:18:00,98.81,99.02,98.78,99.02,128392.0
2025-02-26 16:20:00,99.01,99.04,98.7,98.82,111502.0
2025-02-26 16:22:00,98.8,98.98,98.7001,98.835,93460.0
2025-02-26 16:24:00,98.8599,98.875,98.62,98.67,132107.0
2025-02-26 16:26:00,98.67,98.97,98.67,98.75,67472.0
2025-02-26 16:28:00,98.715,98.82,98.41,98.5199,112225.0
2025-02-26 16:30:00,98.515,98.57,98.3425,98.5436,89292.0
2025-02-26 16:32:00,98.56,98.79,98.54,98.75,67813.0
2025-02-26 16:34:00,98.735,98.81,98.48,98.48,72586.0
2025-02-26 16:36:00,98.46,98.82,98.44,98.65,70923.0
2025-02-26 16:38:00,98.67,98.88,98.61,98.81,66372.0
2025-02-26 16:40:00,98.81,98.91,98.62,98.705,69356.0
2025-02-26 16:42:00,98.7,98.7,98.47,98.52,51113.0
2025-02-26 16:44:00,98.53,98.755,98.52,98.69,52271.0
2025-02-26 16:46:00,98.675,98.75,98.64,98.67,42199.0
2025-02-26 16:48:00,98.675,98.71,98.59,98.67,57813.0
2025-02-26 16:50:00,98.68,98.705,98.56,98.65,59536.0
2025-02-26 16:52:00,98.66,98.76,98.53,98.755,84337.0
2025-02-26 16:54:00,98.765,98.93,98.76,98.91,79511.0
2025-02-26 16:56:00,98.92,99.0,98.72,98.76,143348.0
2025-02-26 16:58:00,98.76,98.76,98.58,98.69,67911.0
2025-02-26 17:00:00,98.7,98.89,98.645,98.8168,77857.0
2025-02-26 17:02:00,98.82,99.18,98.82,99.15,116323.0
2025-02-26 17:04:00,99.15,99.25,99.03,99.07,124422.0
2025-02-26 17:06:00,99.08,99.44,99.05,99.35,116445.0
2025-02-26 17:08:00,99.36,99.47,99.2,99.22,109011.0
2025-02-26 17:10:00,99.22,99.2696,98.95,99.05,80233.0
2025-02-26 17:12:00,99.07,99.25,99.07,99.245,46964.0
2025-02-26 17:14:00,99.245,99.275,99.1,99.18,68785.0
2025-02-26 17:16:00,99.19,99.44,99.18,99.3,107289.0
2025-02-26 17:18:00,99.295,99.42,98.92,99.06,88173.0
2025-02-26 17:20:00,99.07,99.29,99.07,99.24,47493.0
2025-02-26 17:22:00,99.25,99.35,99.11,99.3284,68665.0
2025-02-26 17:24:00,99.33,99.385,99.26,99.3,51349.0
2025-02-26 17:26:00,99.33,99.43,99.32,99.405,41598.0
2025-02-26 17:28:00,99.41,99.66,99.31,99.58,109905.0
2025-02-26 17:30:00,99.6,99.72,99.47,99.48,109451.0
2025-02-26 17:32:00,99.48,99.49,99.3073,99.37,143747.0
2025-02-26 17:34:00,99.385,99.46,99.17,99.26,94021.0
2025-02-26 17:36:00,99.23,99.37,99.19,99.315,64778.0
2025-02-26 17:38:00,99.315,99.49,99.2001,99.26,88603.0
2025-02-26 17:40:00,99.26,99.34,99.165,99.25,71147.0
2025-02-26 17:42:00,99.28,99.42,99.08,99.38,75156.0
2025-02-26 17:44:00,99.36,99.4804,99.315,99.39,68319.0
2025-02-26 17:46:00,99.37,99.37,99.01,99.11,98107.0
2025-02-26 17:48:00,99.12,99.2083,99.0901,99.15,58385.0
2025-02-26 17:50:00,99.165,99.22,99.07,99.075,35634.0
2025-02-26 17:52:00,99.07,99.08,98.88,98.99,65511.0
2025-02-26 17:54:00,98.998,99.015,98.8,98.81,59278.0
2025-02-26 17:56:00,98.8,98.85,98.28,98.31,142226.0
2025-02-26 17:58:00,98.31,98.43,98.18,98.25,113100.0
2025-02-26 18:00:00,98.22,98.33,97.89,98.0,146081.0
2025-02-26 18:02:00,98.01,98.05,97.87,97.97,60600.0
2025-02-26 18:04:00,97.95,98.01,97.8,97.87,58498.0
2025-02-26 18:06:00,97.85,97.86,97.62,97.6901,44375.0
2025-02-26 18:08:00,97.7,97.93,97.62,97.93,68701.0
2025-02-26 18:10:00,97.925,98.02,97.7101,97.75,43706.0
2025-02-26 18:12:00,97.745,97.886,97.63,97.886,34829.0
2025-02-26 18:14:00,97.875,97.8978,97.56,97.5801,67385.0
2025-02-26 18:16:00,97.585,97.71,97.5094,97.57,77421.0
2025-02-26 18:18:00,97.59,97.805,97.55,97.8,31019.0
2025-02-26 18:20:00,97.81,97.87,97.755,97.84,30599.0
2025-02-26 18:22:00,97.85,97.9849,97.765,97.96,41353.0
2025-02-26 18:24:00,97.955,97.96,97.555,97.59,83393.0
2025-02-26 18:26:00,97.585,97.6,97.51,97.5608,84339.0
2025-02-26 18:28:00,97.58,97.62,97.16,97.16,109960.0
2025-02-26 18:30:00,97.11,97.49,97.1,97.29,135583.0
2025-02-26 18:32:00,97.27,97.41,97.25,97.38,28294.0
2025-02-26 18:34:00,97.4,97.55,97.3594,97.5,73777.0
2025-02-26 18:36:00,97.47,97.58,97.38,97.545,34801.0
2025-02-26 18:38:00,97.545,97.63,97.41,97.4312,45853.0
2025-02-26 18:40:00,97.45,97.4888,97.3,97.41,37350.0
2025-02-26 18:42:00,97.41,97.41,97.16,97.29,47090.0
2025-02-26 18:44:00,97.29,97.52,97.26,97.5108,64432.0
2025-02-26 18:46:00,97.54,97.56,97.31,97.425,51506.0
2025-02-26 18:48:00,97.44,97.48,97.26,97.29,41500.0
2025-02-26 18:50:00,97.29,97.37,97.13,97.19,78979.0
2025-02-26 18:52:00,97.18,97.18,96.92,97.08,71389.0
2025-02-26 18:54:00,97.055,97.07,96.845,96.8608,50162.0
2025-02-26 18:56:00,96.85,96.91,96.6,96.755,79159.0
2025-02-26 18:58:00,96.75,96.895,96.68,96.795,60637.0
2025-02-26 19:00:00,96.795,97.02,96.735,96.93,49334.0
2025-02-26 19:02:00,96.93,97.36,96.93,97.3,70296.0
2025-02-26 19:04:00,97.33,97.36,96.925,96.94,86808.0
2025-02-26 19:06:00,96.945,96.96,96.67,96.68,53091.0
2025-02-26 19:08:00,96.66,96.9039,96.66,96.8988,59202.0
2025-02-26 19:10:00,96.9,96.94,96.6692,96.7,36279.0
2025-02-26 19:12:00,96.72,96.9,96.705,96.73,40402.0
2025-02-26 19:14:00,96.69,96.75,96.625,96.685,29595.0
2025-02-26 19:16:00,96.67,96.88,96.5,96.79,47451.0
2025-02-26 19:18:00,96.79,96.99,96.785,96.955,36539.0
2025-02-26 19:20:00,96.95,97.085,96.89,96.9,40341.0
2025-02-26 19:22:00,96.89,97.09,96.89,97.07,38926.0
2025-02-26 19:24:00,97.09,97.09,96.78,96.985,75040.0
2025-02-26 19:26:00,96.985,97.07,96.885,97.07,37520.0
2025-02-26 19:28:00,97.09,97.14,96.9317,96.97,69015.0
2025-02-26 19:30:00,96.96,97.2499,96.92,97.195,61077.0
2025-02-26 19:32:00,97.21,97.23,97.09,97.135,50327.0
2025-02-26 19:34:00,97.14,97.2188,97.1,97.1525,39719.0
2025-02-26 19:36:00,97.13,97.145,96.87,96.895,47232.0
2025-02-26 19:38:00,96.895,97.055,96.88,96.91,48087.0
2025-02-26 19:40:00,96.89,97.01,96.85,96.995,41746.0
2025-02-26 19:42:00,96.99,97.03,96.9,96.99,51543.0
2025-02-26 19:44:00,97.0,97.0,96.86,96.945,44421.0
2025-02-26 19:46:00,96.95,97.0004,96.875,96.89,39598.0
2025-02-26 19:48:00,96.9,96.99,96.83,96.92,27380.0
2025-02-26 19:50:00,96.92,97.06,96.89,96.99,41261.0
2025-02-26 19:52:00,96.98,97.13,96.95,97.12,31597.0
2025-02-26 19:54:00,97.15,97.19,97.12,97.13,32112.0
2025-02-26 19:56:00,97.13,97.16,97.015,97.015,49268.0
2025-02-26 19:58:00,97.0,97.015,96.69,96.735,54403.0
2025-02-26 20:00:00,96.75,97.01,96.6,96.88,90870.0
2025-02-26 20:02:00,96.91,97.04,96.895,96.94,38110.0
2025-02-26 20:04:00,96.94,96.97,96.79,96.97,43705.0
2025-02-26 20:06:00,96.975,97.13,96.97,97.06,45782.0
2025-02-26 20:08:00,97.07,97.19,97.04,97.19,51927.0
2025-02-26 20:10:00,97.19,97.255,97.095,97.13,49893.0
2025-02-26 20:12:00,97.125,97.16,97.031,97.13,42316.0
2025-02-26 20:14:00,97.12,97.12,96.89,96.9,41442.0
2025-02-26 20:16:00,96.91,96.99,96.845,96.85,41254.0
2025-02-26 20:18:00,96.85,97.11,96.8401,97.09,50688.0
2025-02-26 20:20:00,97.09,97.12,96.9,97.11,46706.0
2025-02-26 20:22:00,97.11,97.25,97.065,97.22,45033.0
2025-02-26 20:24:00,97.22,97.28,97.1,97.1892,47660.0
2025-02-26 20:26:00,97.19,97.3099,97.16,97.28,39848.0
2025-02-26 20:28:00,97.3,97.32,97.22,97.23,53437.0
2025-02-26 20:30:00,97.22,97.3,97.13,97.2,56621.0
2025-02-26 20:32:00,97.2,97.3306,97.17,97.33,41104.0
2025-02-26 20:34:00,97.32,97.37,97.25,97.285,37947.0
2025-02-26 20:36:00,97.28,97.33,97.14,97.271,58010.0
2025-02-26 20:38:00,97.28,97.31,97.12,97.15,94236.0
2025-02-26 20:40:00,97.15,97.34,97.14,97.32,66563.0
2025-02-26 20:42:00,97.31,97.49,97.21,97.475,57673.0
2025-02-26 20:44:00,97.48,97.79,97.48,97.76,109964.0
2025-02-26 20:46:00,97.76,97.77,97.57,97.75,76658.0
2025-02-26 20:48:00,97.76,97.94,97.75,97.83,93916.0
2025-02-26 20:50:00,97.84,97.87,97.43,97.48,157232.0
2025-02-26 20:52:00,97.4764,97.77,97.465,97.69,128588.0
2025-02-26 20:54:00,97.7,97.93,97.57,97.845,186146.0
2025-02-26 20:56:00,97.85,97.85,97.55,97.61,251291.0
2025-02-26 20:58:00,97.605,97.76,97.54,97.73,475768.0
2025-02-26 21:00:00,97.71,97.95,97.71,97.77,91773.0
2025-02-26 21:02:00,97.77,97.77,97.57,97.57,5323.0
2025-02-26 21:04:00,97.7,97.71,97.57,97.5701,2314.0
2025-02-26 21:06:00,97.68,97.68,97.58,97.58,1442.0
2025-02-26 21:08:00,97.66,97.66,97.66,97.66,833.0
2025-02-26 21:10:00,97.71,97.84,97.71,97.7906,1057.0
2025-02-26 21:12:00,97.84,97.85,97.71,97.83,1229.0
2025-02-26 21:14:00,97.81,97.81,97.71,97.71,1302.0
2025-02-26 21:16:00,97.71,97.71,97.57,97.57,1133.0
2025-02-26 21:18:00,97.65,97.77,97.65,97.77,2394.0
2025-02-26 21:20:00,97.8,99.51,97.07,97.56,33614.0
2025-02-26 21:22:00,97.44,98.5,97.0581,98.3,6756.0
2025-02-26 21:24:00,98.385,98.4,98.0,98.01,2399.0
2025-02-26 21:26:00,97.81,97.9765,97.51,97.7,2347.0
2025-02-26 21:28:00,97.7,97.9,97.13,97.81,6942.0
2025-02-26 21:30:00,97.9,97.9,97.7,97.75,532.0
2025-02-26 21:32:00,97.2,97.21,97.2,97.21,1197.0
2025-02-26 21:34:00,97.36,97.36,96.7252,96.8,4752.0
2025-02-26 21:36:00,97.0,97.71,96.81,97.0,15458.0
2025-02-26 21:38:00,96.95,97.5,96.95,97.5,7944.0
2025-02-26 21:40:00,97.21,97.39,97.21,97.2535,2635.0
2025-02-26 21:42:00,97.26,97.41,97.169,97.169,4229.0
2025-02-26 21:44:00,97.3,97.5,97.28,97.43,2461.0
2025-02-26 21:46:00,97.5,97.5,97.4,97.48,1504.0
2025-02-26 21:48:00,97.51,97.55,97.33,97.55,4334.0
2025-02-26 21:50:00,97.5,97.55,97.3301,97.3304,1849.0
2025-02-26 21:52:00,97.5,97.76,97.5,97.76,3463.0
2025-02-26 21:54:00,97.94,98.29,97.74,98.29,10636.0
2025-02-26 21:56:00,98.3,98.7,98.3,98.7,7324.0
2025-02-26 21:58:00,98.6,98.7,98.3832,98.4981,2745.0
2025-02-26 22:00:00,98.5,98.9,98.5,98.9,2734.0
2025-02-26 22:02:00,98.88,98.89,98.36,98.6,5851.0
2025-02-26 22:04:00,98.5,98.6,98.5,98.55,2123.0
2025-02-26 22:06:00,98.5,98.9808,98.5,98.73,3079.0
2025-02-26 22:08:00,97.71,98.89,97.71,98.89,2171.0
2025-02-26 22:10:00,98.68,98.88,98.68,98.68,3351.0
2025-02-26 22:12:00,98.7,98.71,98.5,98.5,2977.0
2025-02-26 22:14:00,98.52,98.6,98.5,98.5,3415.0
2025-02-26 22:16:00,98.56,98.87,98.56,98.71,705.0
2025-02-26 22:18:00,98.6,98.6,98.5,98.5,948.0
2025-02-26 22:20:00,98.67,98.96,98.67,98.9587,4211.0
2025-02-26 22:22:00,98.89,99.0,98.6,98.6,3566.0
2025-02-26 22:24:00,98.6,98.6,98.46,98.5,4009.0
2025-02-26 22:26:00,98.6,98.73,98.47,98.73,4128.0
2025-02-26 22:28:00,98.79,98.9875,98.79,98.9875,1643.0
2025-02-26 22:30:00,98.99,98.99,98.99,98.99,237.0
2025-02-26 22:32:00,98.98,99.0,98.98,99.0,1365.0
2025-02-26 22:34:00,98.99,99.0,98.9,98.9,3964.0
2025-02-26 22:36:00,98.99,98.99,98.99,98.99,1062.0
2025-02-26 22:38:00,98.95,99.0,98.81,99.0,3023.0
2025-02-26 22:40:00,99.0,99.5,99.0,99.5,2144.0
2025-02-26 22:42:00,99.1,99.18,99.011,99.05,1622.0
2025-02-26 22:44:00,99.01,99.01,99.01,99.01,409.0
2025-02-26 22:46:00,99.0073,99.0073,99.0073,99.0073,116.0
2025-02-26 22:48:00,99.01,99.01,98.92,98.92,721.0
2025-02-26 22:50:00,98.92,98.92,98.9,98.9,474.0
2025-02-26 22:52:00,98.7289,98.7289,98.7289,98.7289,269.0
2025-02-26 22:54:00,98.8945,98.8945,98.7,98.7,2140.0
2025-02-26 22:56:00,98.7,98.7,98.52,98.52,1072.0
2025-02-26 22:58:00,98.5,98.5,98.047,98.047,2607.0
2025-02-26 23:00:00,98.22,98.22,98.06,98.2,1600.0
2025-02-26 23:02:00,98.2,98.3,98.2,98.3,529.0
2025-02-26 23:04:00,98.3,98.3,98.2052,98.2354,4611.0
2025-02-26 23:06:00,98.3,98.3,98.2,98.2,1175.0
2025-02-26 23:10:00,98.3999,98.3999,98.3999,98.3999,295.0
2025-02-26 23:12:00,98.23,98.23,98.23,98.23,318.0
2025-02-26 23:14:00,98.1,98.13,98.1,98.1,1832.0
2025-02-26 23:16:00,98.19,98.19,98.19,98.19,256.0
2025-02-26 23:18:00,98.3,98.3,98.3,98.3,343.0
2025-02-26 23:20:00,98.39,98.39,98.39,98.39,100.0
2025-02-26 23:22:00,98.19,98.19,98.01,98.19,1376.0
2025-02-26 23:24:00,98.0101,98.03,98.0101,98.03,1131.0
2025-02-26 23:26:00,98.1833,98.1833,98.01,98.1,841.0
2025-02-26 23:28:00,98.19,98.19,98.19,98.19,111.0
2025-02-26 23:32:00,98.19,98.19,98.19,98.19,309.0
2025-02-26 23:34:00,98.1987,98.2,98.13,98.2,1431.0
2025-02-26 23:36:00,98.2,98.3917,98.2,98.3917,3005.0
2025-02-26 23:42:00,98.12,98.12,98.02,98.02,1384.0
2025-02-26 23:44:00,98.0,98.03,98.0,98.03,1834.0
2025-02-26 23:48:00,97.9,97.95,97.9,97.95,4545.0
2025-02-26 23:50:00,97.68,97.95,97.68,97.95,1111.0
2025-02-26 23:54:00,97.7475,97.7475,97.7475,97.7475,155.0
2025-02-26 23:56:00,98.0062,98.0062,98.0062,98.0062,356.0
2025-02-27 00:00:00,98.14,98.14,98.0,98.0,1219.0
2025-02-27 00:02:00,98.1,98.1,98.0,98.0,601.0
2025-02-27 00:06:00,98.18,98.18,98.18,98.18,235.0
2025-02-27 00:08:00,98.2438,98.2438,98.2438,98.2438,150.0
2025-02-27 00:10:00,98.1,98.2,98.1,98.2,1106.0
2025-02-27 00:16:00,98.1,98.2,98.1,98.2,948.0
2025-02-27 00:18:00,98.19,98.19,98.19,98.19,288.0
2025-02-27 00:20:00,98.2,98.2,98.2,98.2,437.0
2025-02-27 00:28:00,97.63,97.63,97.63,97.63,100.0
2025-02-27 00:32:00,97.6205,97.8,97.6205,97.8,325.0
2025-02-27 00:34:00,97.65,97.65,97.6,97.6,1746.0
2025-02-27 00:36:00,97.7889,97.7889,97.7889,97.7889,237.0
2025-02-27 00:38:00,97.605,97.605,97.605,97.605,205.0
2025-02-27 00:40:00,97.61,97.8,97.61,97.8,392.0
2025-02-27 00:42:00,97.605,97.605,97.605,97.605,212.0
2025-02-27 00:46:00,97.61,97.61,97.6,97.6,940.0
2025-02-27 00:48:00,97.6,97.6,97.6,97.6,200.0
2025-02-27 00:50:00,97.6,97.6,97.6,97.6,126.0
2025-02-27 00:54:00,97.601,97.601,97.6,97.6,660.0
2025-02-27 00:56:00,97.7,97.7,97.6,97.6025,845.0
2025-02-27 00:58:00,97.6,97.7,97.6,97.6,8248.0
2025-02-27 09:00:00,98.28,98.7,97.99,98.41,10202.0
2025-02-27 09:02:00,98.4,98.51,98.38,98.38,2958.0
2025-02-27 09:04:00,98.38,98.39,98.38,98.39,1103.0
2025-02-27 09:08:00,98.53,98.58,98.53,98.58,484.0
2025-02-27 09:10:00,98.6,98.6,98.58,98.58,242.0
2025-02-27 09:18:00,98.85,98.85,98.84,98.85,1011.0
2025-02-27 09:20:00,98.77,98.77,98.77,98.77,150.0
2025-02-27 09:24:00,98.93,99.25,98.93,99.25,3905.0
2025-02-27 09:26:00,99.36,99.43,99.36,99.4,10870.0
2025-02-27 09:28:00,99.2,99.2,99.06,99.06,563.0
2025-02-27 09:32:00,99.39,99.46,99.39,99.4,1342.0
2025-02-27 09:36:00,99.34,99.4,99.34,99.4,1120.0
2025-02-27 09:46:00,99.31,99.31,99.2,99.2,926.0
2025-02-27 09:50:00,99.11,99.11,99.11,99.11,733.0
2025-02-27 09:52:00,99.2,99.2,99.2,99.2,492.0
2025-02-27 09:54:00,99.2,99.3,99.2,99.3,1342.0
2025-02-27 09:56:00,99.25,99.27,99.25,99.27,303.0
2025-02-27 10:00:00,99.29,99.3,99.29,99.3,545.0
2025-02-27 10:08:00,99.25,99.25,99.25,99.25,143.0
2025-02-27 10:12:00,99.32,99.32,99.32,99.32,455.0
2025-02-27 10:14:00,99.29,99.29,99.29,99.29,176.0
2025-02-27 10:20:00,99.28,99.3,99.28,99.3,652.0
2025-02-27 10:22:00,99.29,99.31,99.27,99.27,3588.0
2025-02-27 10:24:00,99.4,99.4,99.4,99.4,123.0
2025-02-27 10:28:00,99.43,99.46,99.43,99.46,623.0
2025-02-27 10:36:00,99.42,99.44,99.42,99.44,686.0
2025-02-27 10:44:00,99.33,99.33,99.31,99.31,500.0
2025-02-27 11:00:00,99.3,99.3,99.3,99.3,100.0
2025-02-27 11:04:00,99.32,99.36,99.3,99.36,1583.0
2025-02-27 11:08:00,99.31,99.31,99.31,99.31,102.0
2025-02-27 11:34:00,99.22,99.24,99.19,99.19,2770.0
2025-02-27 11:38:00,99.11,99.11,99.11,99.11,915.0
2025-02-27 11:40:00,99.19,99.19,99.11,99.11,550.0
2025-02-27 11:42:00,99.2,99.34,99.2,99.34,1666.0
2025-02-27 11:44:00,99.34,99.4,99.34,99.4,686.0
2025-02-27 11:50:00,99.47,99.47,99.44,99.44,219.0
2025-02-27 11:54:00,99.42,99.42,99.42,99.42,200.0
2025-02-27 11:56:00,99.42,99.42,99.42,99.42,100.0
2025-02-27 11:58:00,99.46,99.47,99.46,99.47,644.0
2025-02-27 12:00:00,99.47,99.5,99.46,99.5,2276.0
2025-02-27 12:02:00,99.51,99.51,99.5,99.5,647.0
2025-02-27 12:04:00,99.51,99.63,99.51,99.63,947.0
2025-02-27 12:06:00,99.68,99.8,99.68,99.8,2380.0
2025-02-27 12:08:00,99.86,99.87,99.86,99.87,1031.0
2025-02-27 12:10:00,99.81,99.81,99.81,99.81,343.0
2025-02-27 12:12:00,99.8,99.8,99.71,99.71,770.0
2025-02-27 12:14:00,99.71,99.71,99.71,99.71,648.0
2025-02-27 12:16:00,99.7,99.71,99.63,99.7,878.0
2025-02-27 12:18:00,99.81,99.85,99.81,99.85,1692.0
2025-02-27 12:20:00,99.81,99.81,99.81,99.81,810.0
2025-02-27 12:22:00,99.77,99.77,99.77,99.77,151.0
2025-02-27 12:24:00,99.7,99.7,99.69,99.69,489.0
2025-02-27 12:26:00,99.61,99.63,99.53,99.63,2126.0
2025-02-27 12:28:00,99.69,99.77,99.69,99.77,1442.0
2025-02-27 12:30:00,99.8,99.8,99.8,99.8,287.0
2025-02-27 12:32:00,99.83,99.86,99.83,99.83,1132.0
2025-02-27 12:34:00,99.81,99.81,99.8,99.8,792.0
2025-02-27 12:36:00,99.77,99.89,99.77,99.89,11344.0
2025-02-27 12:38:00,99.99,100.19,99.99,100.19,2782.0
2025-02-27 12:40:00,100.26,100.27,100.26,100.27,2347.0
2025-02-27 12:42:00,100.26,100.35,100.25,100.33,3522.0
2025-02-27 12:44:00,100.4,100.4,100.4,100.4,529.0
2025-02-27 12:46:00,100.49,100.5,100.41,100.42,3467.0
2025-02-27 12:48:00,100.42,100.42,100.42,100.42,467.0
2025-02-27 12:50:00,100.46,100.46,100.32,100.32,681.0
2025-02-27 12:52:00,100.42,100.46,100.33,100.33,870.0
2025-02-27 12:54:00,100.3,100.3,100.3,100.3,1995.0
2025-02-27 12:58:00,100.09,100.2,100.09,100.2,1417.0
2025-02-27 13:00:00,99.68,100.55,97.8,100.2,32283.0
2025-02-27 13:02:00,100.21,100.34,100.21,100.34,607.0
2025-02-27 13:04:00,100.2,100.3,100.2,100.3,5196.0
2025-02-27 13:06:00,100.34,100.34,100.34,100.34,814.0
2025-02-27 13:08:00,100.31,100.34,100.3,100.3,2879.0
2025-02-27 13:10:00,100.31,100.32,100.09,100.1,6018.0
2025-02-27 13:12:00,100.2,100.2397,100.01,100.14,4594.0
2025-02-27 13:14:00,100.19,100.19,100.19,100.19,103.0
2025-02-27 13:16:00,100.1599,100.2,100.13,100.2,2075.0
2025-02-27 13:20:00,100.1332,100.2,100.1332,100.2,334.0
2025-02-27 13:22:00,100.13,100.13,100.0,100.0,1948.0
2025-02-27 13:24:00,100.0,100.0,99.7657,99.9595,1354.0
2025-02-27 13:26:00,99.89,99.89,99.89,99.89,1080.0
2025-02-27 13:28:00,99.76,99.76,99.59,99.6,5976.0
2025-02-27 13:30:00,99.55,99.95,99.55,99.95,2133.0
2025-02-27 13:32:00,99.98,100.2,99.94,100.2,5171.0
2025-02-27 13:34:00,100.0,100.1377,99.76,99.8,5665.0
2025-02-27 13:36:00,99.68,99.68,99.4,99.46,8416.0
2025-02-27 13:38:00,99.65,99.67,99.65,99.67,1973.0
2025-02-27 13:40:00,99.5002,99.82,99.5002,99.75,1726.0
2025-02-27 13:42:00,99.86,99.95,99.85,99.95,784.0
2025-02-27 13:44:00,99.87,99.9,99.87,99.9,547.0
2025-02-27 13:46:00,99.8999,99.8999,99.26,99.26,6459.0
2025-02-27 13:48:00,99.26,99.44,98.9358,98.99,5423.0
2025-02-27 13:50:00,98.94,99.006,98.93,98.97,3402.0
2025-02-27 13:52:00,98.9,98.9,98.8,98.8,2835.0
2025-02-27 13:54:00,98.79,98.81,98.6,98.7,2749.0
2025-02-27 13:56:00,99.0,99.1,98.9,99.1,7601.0
2025-02-27 13:58:00,99.0345,99.6,99.0201,99.5,2415.0
2025-02-27 14:00:00,99.4,99.4,99.03,99.1,2759.0
2025-02-27 14:02:00,99.3501,99.355,99.3501,99.355,413.0
2025-02-27 14:06:00,99.357,99.6074,99.357,99.4865,2383.0
2025-02-27 14:08:00,99.49,99.5,99.4899,99.4899,16055.0
2025-02-27 14:10:00,99.35,99.35,99.0022,99.32,2143.0
2025-02-27 14:12:00,99.29,99.43,99.29,99.38,2163.0
2025-02-27 14:14:00,99.38,99.3999,99.1075,99.3999,3975.0
2025-02-27 14:16:00,99.1993,99.3,99.1927,99.3,1861.0
2025-02-27 14:18:00,99.27,99.27,99.17,99.21,2191.0
2025-02-27 14:20:00,99.14,99.2335,98.96,98.96,1651.0
2025-02-27 14:22:00,98.95,98.99,98.95,98.96,8493.0
2025-02-27 14:24:00,98.99,99.02,98.89,98.9,6151.0
2025-02-27 14:26:00,99.05,99.05,97.8955,97.8955,11498.0
2025-02-27 14:28:00,97.95,98.0,97.56,97.78,18741.0
2025-02-27 14:30:00,97.84,99.24,97.71,99.18,526927.0
2025-02-27 14:32:00,99.18,99.885,99.05,99.375,294774.0
2025-02-27 14:34:00,99.34,99.435,98.845,99.125,189120.0
2025-02-27 14:36:00,99.125,99.34,98.61,98.7,74797.0
2025-02-27 14:38:00,98.7,98.89,97.745,97.765,202282.0
2025-02-27 14:40:00,97.77,97.83,97.08,97.125,333743.0
2025-02-27 14:42:00,97.115,97.1493,96.6,96.681,178559.0
2025-02-27 14:44:00,96.71,96.8,96.26,96.77,189734.0
2025-02-27 14:46:00,96.76,96.99,96.44,96.55,106138.0
2025-02-27 14:48:00,96.525,96.95,96.3,96.36,117774.0
2025-02-27 14:50:00,96.37,96.44,96.05,96.065,111290.0
2025-02-27 14:52:00,96.085,96.31,95.7213,95.88,239131.0
2025-02-27 14:54:00,95.9097,95.91,95.135,95.23,156629.0
2025-02-27 14:56:00,95.22,95.24,94.75,94.88,161499.0
2025-02-27 14:58:00,94.85,94.98,94.58,94.7384,128846.0
2025-02-27 15:00:00,94.73,94.73,93.79,94.07,247105.0
2025-02-27 15:02:00,94.08,94.4732,93.89,94.37,130585.0
2025-02-27 15:04:00,94.39,94.39,94.09,94.265,206548.0
2025-02-27 15:06:00,94.245,94.4499,93.88,94.11,223297.0
2025-02-27 15:08:00,94.085,94.29,93.9,94.2119,148600.0
2025-02-27 15:10:00,94.2,94.82,94.15,94.745,185231.0
2025-02-27 15:12:00,94.73,95.18,94.55,94.935,218124.0
2025-02-27 15:14:00,95.02,95.4183,94.97,95.2,124588.0
2025-02-27 15:16:00,95.205,95.53,95.205,95.215,158286.0
2025-02-27 15:18:00,95.25,95.4599,95.1,95.27,74550.0
2025-02-27 15:20:00,95.23,95.36,95.1,95.36,69462.0
2025-02-27 15:22:00,95.36,95.8,95.32,95.55,105940.0
2025-02-27 15:24:00,95.56,95.79,95.43,95.57,148610.0
2025-02-27 15:26:00,95.55,95.76,95.408,95.58,93538.0
2025-02-27 15:28:00,95.6,95.97,95.56,95.865,92862.0
2025-02-27 15:30:00,95.83,95.95,95.485,95.54,83320.0
2025-02-27 15:32:00,95.53,95.545,95.19,95.24,96536.0
2025-02-27 15:34:00,95.25,95.475,95.065,95.3,77673.0
2025-02-27 15:36:00,95.285,95.63,95.21,95.39,56460.0
2025-02-27 15:38:00,95.42,95.9396,95.42,95.92,84860.0
2025-02-27 15:40:00,95.92,95.97,95.69,95.86,74189.0
2025-02-27 15:42:00,95.92,96.0,95.77,95.9007,64165.0
2025-02-27 15:44:00,95.9,96.08,95.69,95.84,72119.0
2025-02-27 15:46:00,95.84,96.22,95.76,96.1,84852.0
2025-02-27 15:48:00,96.07,96.22,95.9904,96.2094,91175.0
2025-02-27 15:50:00,96.155,96.155,95.72,95.875,74303.0
2025-02-27 15:52:00,95.86,95.86,95.42,95.4672,96656.0
2025-02-27 15:54:00,95.45,95.45,95.1858,95.3896,76601.0
2025-02-27 15:56:00,95.34,95.34,95.05,95.15,67166.0
2025-02-27 15:58:00,95.14,95.17,94.72,94.83,103611.0
2025-02-27 16:00:00,94.835,95.2899,94.73,95.08,85994.0
2025-02-27 16:02:00,95.08,95.17,94.905,94.915,52320.0
2025-02-27 16:04:00,94.91,94.98,94.77,94.915,68668.0
2025-02-27 16:06:00,94.93,95.09,94.9,95.015,63534.0
2025-02-27 16:08:00,94.995,95.26,94.97,95.055,61512.0
2025-02-27 16:10:00,95.08,95.46,95.07,95.31,67728.0
2025-02-27 16:12:00,95.325,95.5,95.2901,95.44,51759.0
2025-02-27 16:14:00,95.44,95.5,95.33,95.465,80307.0
2025-02-27 16:16:00,95.47,95.6,95.4048,95.51,78678.0
2025-02-27 16:18:00,95.53,95.64,95.45,95.5097,74204.0
2025-02-27 16:20:00,95.485,95.64,95.46,95.58,35779.0
2025-02-27 16:22:00,95.575,95.66,95.4608,95.6599,38507.0
2025-02-27 16:24:00,95.675,95.675,95.48,95.52,42499.0
2025-02-27 16:26:00,95.54,95.54,95.13,95.1657,48168.0
2025-02-27 16:28:00,95.15,95.22,95.0362,95.17,40441.0
2025-02-27 16:30:00,95.18,95.455,95.09,95.39,42466.0
2025-02-27 16:32:00,95.4,95.6,95.4,95.47,49550.0
2025-02-27 16:34:00,95.47,95.67,95.47,95.61,61824.0
2025-02-27 16:36:00,95.625,95.68,95.42,95.46,49688.0
2025-02-27 16:38:00,95.46,95.53,95.43,95.5,24962.0
2025-02-27 16:40:00,95.51,95.64,95.5,95.53,42110.0
2025-02-27 16:42:00,95.52,95.56,95.36,95.4,38681.0
2025-02-27 16:44:00,95.405,95.6,95.335,95.59,36789.0
2025-02-27 16:46:00,95.62,95.67,95.52,95.5999,43945.0
2025-02-27 16:48:00,95.59,95.69,95.52,95.655,34123.0
2025-02-27 16:50:00,95.66,95.6619,95.38,95.43,54570.0
2025-02-27 16:52:00,95.425,95.44,95.2,95.37,36132.0
2025-02-27 16:54:00,95.39,95.45,95.3,95.3,35571.0
2025-02-27 16:56:00,95.325,95.355,95.09,95.1441,42896.0
2025-02-27 16:58:00,95.16,95.2,95.05,95.16,42893.0
2025-02-27 17:00:00,95.18,95.25,95.07,95.225,48255.0
2025-02-27 17:02:00,95.22,95.505,95.16,95.41,40276.0
2025-02-27 17:04:00,95.41,95.5,95.34,95.35,43891.0
2025-02-27 17:06:00,95.34,95.4,95.28,95.38,24229.0
2025-02-27 17:08:00,95.37,95.45,95.32,95.32,21639.0
2025-02-27 17:10:00,95.32,95.41,95.24,95.4,29680.0
2025-02-27 17:12:00,95.41,95.5,95.37,95.42,34725.0
2025-02-27 17:14:00,95.42,95.45,95.28,95.31,38188.0
2025-02-27 17:16:00,95.2984,95.3,95.1,95.22,46334.0
2025-02-27 17:18:00,95.22,95.25,95.1,95.14,30463.0
2025-02-27 17:20:00,95.1498,95.34,94.99,95.29,55815.0
2025-02-27 17:22:00,95.31,95.41,95.31,95.32,22803.0
2025-02-27 17:24:00,95.31,95.43,95.28,95.41,44616.0
2025-02-27 17:26:00,95.395,95.53,95.36,95.51,41812.0
2025-02-27 17:28:00,95.535,95.59,95.4512,95.52,46316.0
2025-02-27 17:30:00,95.53,95.73,95.505,95.53,50337.0
2025-02-27 17:32:00,95.55,95.6,95.47,95.4702,42270.0
2025-02-27 17:34:00,95.48,95.6375,95.47,95.62,38110.0
2025-02-27 17:36:00,95.61,95.65,95.53,95.56,40292.0
2025-02-27 17:38:00,95.55,95.65,95.55,95.6,34456.0
2025-02-27 17:40:00,95.6,95.6,95.25,95.25,44382.0
2025-02-27 17:42:00,95.255,95.255,95.11,95.165,51737.0
2025-02-27 17:44:00,95.17,95.27,95.12,95.18,59136.0
2025-02-27 17:46:00,95.18,95.31,95.16,95.175,38713.0
2025-02-27 17:48:00,95.175,95.18,95.13,95.155,36025.0
2025-02-27 17:50:00,95.17,95.2,95.01,95.16,31058.0
2025-02-27 17:52:00,95.17,95.32,95.16,95.27,48751.0
2025-02-27 17:54:00,95.26,95.29,95.2,95.23,56762.0
2025-02-27 17:56:00,95.23,95.27,95.19,95.2358,32050.0
2025-02-27 17:58:00,95.23,95.3224,95.2,95.31,28112.0
2025-02-27 18:00:00,95.29,95.495,95.29,95.44,41187.0
2025-02-27 18:02:00,95.43,95.5,95.28,95.38,48319.0
2025-02-27 18:04:00,95.36,95.36,95.23,95.35,25952.0
2025-02-27 18:06:00,95.35,95.36,95.21,95.35,24729.0
2025-02-27 18:08:00,95.34,95.35,95.23,95.35,21971.0
2025-02-27 18:10:00,95.335,95.4,95.25,95.38,31802.0
2025-02-27 18:12:00,95.39,95.46,95.34,95.45,39179.0
2025-02-27 18:14:00,95.45,95.46,95.41,95.45,54303.0
2025-02-27 18:16:00,95.45,95.46,95.34,95.37,39777.0
2025-02-27 18:18:00,95.38,95.65,95.35,95.59,38439.0
2025-02-27 18:20:00,95.6,95.74,95.48,95.7,41208.0
2025-02-27 18:22:00,95.71,95.78,95.66,95.74,38962.0
2025-02-27 18:24:00,95.74,95.7897,95.71,95.74,27865.0
2025-02-27 18:26:00,95.75,95.755,95.46,95.49,49017.0
2025-02-27 18:28:00,95.49,95.495,95.3875,95.41,46766.0
2025-02-27 18:30:00,95.41,95.52,95.36,95.49,53117.0
2025-02-27 18:32:00,95.5,95.55,95.37,95.39,49412.0
2025-02-27 18:34:00,95.4,95.5,95.37,95.49,117482.0
2025-02-27 18:36:00,95.465,95.52,95.37,95.37,29225.0
2025-02-27 18:38:00,95.37,95.46,95.36,95.4,35744.0
2025-02-27 18:40:00,95.4,95.44,95.33,95.42,28907.0
2025-02-27 18:42:00,95.415,95.43,95.29,95.31,32386.0
2025-02-27 18:44:00,95.29,95.36,95.21,95.32,38172.0
2025-02-27 18:46:00,95.31,95.35,95.26,95.345,23359.0
2025-02-27 18:48:00,95.35,95.37,95.31,95.34,25041.0
2025-02-27 18:50:00,95.33,95.33,95.2,95.28,35525.0
2025-02-27 18:52:00,95.28,95.36,95.27,95.31,31754.0
2025-02-27 18:54:00,95.33,95.45,95.31,95.32,34502.0
2025-02-27 18:56:00,95.321,95.44,95.321,95.39,27033.0
2025-02-27 18:58:00,95.41,95.41,95.13,95.13,29658.0
2025-02-27 19:00:00,95.16,95.18,95.005,95.07,49324.0
2025-02-27 19:02:00,95.05,95.105,95.01,95.04,25626.0
2025-02-27 19:04:00,95.0498,95.08,94.96,95.02,51401.0
2025-02-27 19:06:00,95.02,95.06,94.91,95.06,36671.0
2025-02-27 19:08:00,95.07,95.0998,94.92,94.99,31010.0
2025-02-27 19:10:00,95.005,95.04,94.85,94.88,41182.0
2025-02-27 19:12:00,94.86,94.89,94.68,94.69,54029.0
2025-02-27 19:14:00,94.69,94.71,94.54,94.54,79495.0
2025-02-27 19:16:00,94.55,94.55,94.42,94.49,71200.0
2025-02-27 19:18:00,94.52,94.705,94.52,94.655,58136.0
2025-02-27 19:20:00,94.67,94.68,94.475,94.475,49557.0
2025-02-27 19:22:00,94.47,94.47,94.3,94.35,52352.0
2025-02-27 19:24:00,94.355,94.355,94.09,94.12,62500.0
2025-02-27 19:26:00,94.12,94.17,93.99,94.04,68570.0
2025-02-27 19:28:00,94.0398,94.11,93.92,93.94,46764.0
2025-02-27 19:30:00,93.96,93.97,93.77,93.78,76874.0
2025-02-27 19:32:00,93.77,93.78,93.428,93.48,110319.0
2025-02-27 19:34:00,93.48,93.69,93.31,93.67,124015.0
2025-02-27 19:36:00,93.675,93.675,93.45,93.62,86363.0
2025-02-27 19:38:00,93.62,93.7,93.4,93.47,99698.0
2025-02-27 19:40:00,93.47,93.65,93.3301,93.46,46031.0
2025-02-27 19:42:00,93.44,93.5,93.22,93.305,52188.0
2025-02-27 19:44:00,93.32,93.58,93.245,93.58,64801.0
2025-02-27 19:46:00,93.5669,93.76,93.52,93.715,68734.0
2025-02-27 19:48:00,93.7,93.7,93.36,93.405,59555.0
2025-02-27 19:50:00,93.4,93.46,93.32,93.39,54189.0
2025-02-27 19:52:00,93.41,93.57,93.4,93.45,49465.0
2025-02-27 19:54:00,93.4506,93.66,93.45,93.59,42636.0
2025-02-27 19:56:00,93.6,93.72,93.52,93.54,80990.0
2025-02-27 19:58:00,93.53,93.61,93.44,93.48,63739.0
2025-02-27 20:00:00,93.4799,93.53,93.17,93.26,76847.0
2025-02-27 20:02:00,93.265,93.3,92.79,92.79,155600.0
2025-02-27 20:04:00,92.8,93.02,92.76,92.92,144313.0
2025-02-27 20:06:00,92.91,92.995,92.795,92.915,52565.0
2025-02-27 20:08:00,92.91,92.93,92.72,92.8186,110360.0
2025-02-27 20:10:00,92.81,92.945,92.73,92.93,67912.0
2025-02-27 20:12:00,92.95,92.95,92.6,92.64,63591.0
2025-02-27 20:14:00,92.63,92.78,92.461,92.475,121174.0
2025-02-27 20:16:00,92.46,92.58,92.31,92.32,103442.0
2025-02-27 20:18:00,92.33,92.42,92.23,92.24,106870.0
2025-02-27 20:20:00,92.22,92.27,92.1,92.22,188160.0
2025-02-27 20:22:00,92.24,92.55,92.22,92.525,156313.0
2025-02-27 20:24:00,92.52,92.59,92.3,92.36,163052.0
2025-02-27 20:26:00,92.36,92.4,92.16,92.235,83570.0
2025-02-27 20:28:00,92.24,92.31,91.85,91.93,135729.0
2025-02-27 20:30:00,91.92,92.15,91.89,91.995,150711.0
2025-02-27 20:32:00,92.01,92.21,91.91,92.21,99964.0
2025-02-27 20:34:00,92.25,92.2751,92.0,92.095,138675.0
2025-02-27 20:36:00,92.1,92.285,92.06,92.1,153033.0
2025-02-27 20:38:00,92.1103,92.195,92.02,92.06,141956.0
2025-02-27 20:40:00,92.06,92.09,91.85,91.98,181442.0
2025-02-27 20:42:00,91.99,92.11,91.92,91.97,161552.0
2025-02-27 20:44:00,91.96,92.01,91.8,91.85,151968.0
2025-02-27 20:46:00,91.83,91.83,91.49,91.5806,195829.0
2025-02-27 20:48:00,91.59,91.88,91.59,91.67,224965.0
2025-02-27 20:50:00,91.66,92.27,91.59,92.205,347215.0
2025-02-27 20:52:00,92.205,92.295,92.03,92.09,272462.0
2025-02-27 20:54:00,92.1,92.29,91.8,91.84,386675.0
2025-02-27 20:56:00,91.84,91.95,91.73,91.87,436993.0
2025-02-27 20:58:00,91.87,91.97,91.69,91.75,822441.0
2025-02-27 21:00:00,91.82,92.1,91.75,91.82,823913.0
2025-02-27 21:02:00,91.88,92.08,91.82,92.0702,6066.0
2025-02-27 21:04:00,92.07,92.1,91.82,92.0999,13755.0
2025-02-27 21:06:00,92.03,92.0496,91.96,92.0,7340.0
2025-02-27 21:08:00,92.04,92.04,91.82,92.04,4296.0
2025-02-27 21:10:00,91.9919,92.09,91.99,92.09,1546.0
2025-02-27 21:12:00,92.05,92.19,92.05,92.15,5239.0
2025-02-27 21:14:00,92.11,92.18,92.1,92.13,1792.0
2025-02-27 21:16:00,92.06,92.19,91.82,92.19,1533.0
2025-02-27 21:18:00,92.19,92.25,91.82,92.25,2349.0
2025-02-27 21:22:00,92.24,92.3,92.24,92.3,1211.0
2025-02-27 21:24:00,92.25,92.32,92.25,92.3,5282.0
2025-02-27 21:26:00,92.3,92.39,92.3,92.38,2286.0
2025-02-27 21:28:00,92.3793,92.5,92.33,92.5,4235.0
2025-02-27 21:30:00,92.47,92.6,92.36,92.6,3518.0
2025-02-27 21:32:00,92.6,93.1,91.82,93.0,3548.0
2025-02-27 21:34:00,92.9,92.9985,92.63,92.9884,2823.0
2025-02-27 21:36:00,92.75,92.7999,92.63,92.63,1236.0
2025-02-27 21:38:00,92.69,92.7975,92.63,92.69,2140.0
2025-02-27 21:40:00,92.66,92.7999,92.66,92.7999,833.0
2025-02-27 21:42:00,92.75,92.75,92.55,92.56,2772.0
2025-02-27 21:44:00,92.64,92.69,92.64,92.69,482.0
2025-02-27 21:46:00,92.6927,92.8,92.6927,92.7,1188.0
2025-02-27 21:48:00,92.74,92.74,92.63,92.63,969.0
2025-02-27 21:52:00,92.62,92.63,92.52,92.52,3035.0
2025-02-27 21:54:00,92.52,92.54,92.25,92.25,7973.0
2025-02-27 21:56:00,92.3799,92.3799,92.22,92.3,1234.0
2025-02-27 21:58:00,92.2,92.3,92.2,92.3,604.0
2025-02-27 22:00:00,92.3,92.3,92.2337,92.2337,518.0
2025-02-27 22:02:00,92.3,92.3,92.3,92.3,755.0
2025-02-27 22:04:00,92.3791,92.3799,92.3791,92.3799,611.0
2025-02-27 22:06:00,92.38,92.38,92.38,92.38,1190.0
2025-02-27 22:08:00,92.3,92.3,92.29,92.29,678.0
2025-02-27 22:10:00,92.3,92.3,92.2095,92.2095,1119.0
2025-02-27 22:12:00,92.2,92.2,92.123,92.123,740.0
2025-02-27 22:14:00,92.1294,92.18,92.12,92.16,1574.0
2025-02-27 22:16:00,92.13,92.19,92.13,92.19,902.0
2025-02-27 22:18:00,92.2,92.23,92.2,92.23,2001.0
2025-02-27 22:20:00,92.2175,92.22,92.2,92.22,1094.0
2025-02-27 22:24:00,92.16,92.16,92.12,92.12,1789.0
2025-02-27 22:26:00,92.1201,92.2,92.1201,92.2,1279.0
2025-02-27 22:28:00,92.17,92.2295,92.17,92.2295,7209.0
2025-02-27 22:30:00,92.3,92.3075,92.3,92.3075,341.0
2025-02-27 22:32:00,92.48,92.54,92.48,92.54,1462.0
2025-02-27 22:36:00,92.53,92.53,92.23,92.51,2110.0
2025-02-27 22:38:00,92.51,92.52,92.51,92.52,864.0
2025-02-27 22:40:00,92.52,92.52,92.5,92.5,14493.0
2025-02-27 22:44:00,92.56,92.56,92.56,92.56,160.0
2025-02-27 22:50:00,92.3789,92.38,92.2427,92.2427,1497.0
2025-02-27 22:52:00,92.33,92.33,92.33,92.33,100.0
2025-02-27 22:54:00,92.25,92.5,92.24,92.4,1090.0
2025-02-27 22:56:00,92.33,92.33,92.33,92.33,216.0
2025-02-27 22:58:00,92.42,92.42,92.42,92.42,287.0
2025-02-27 23:00:00,92.48,92.48,92.48,92.48,890.0
2025-02-27 23:02:00,92.5,92.5,92.5,92.5,217.0
2025-02-27 23:04:00,92.7,92.8,92.7,92.8,863.0
2025-02-27 23:06:00,92.79,92.79,92.79,92.79,175.0
2025-02-27 23:08:00,92.7,92.7,92.44,92.44,516.0
2025-02-27 23:12:00,92.7,92.7,92.65,92.65,325.0
2025-02-27 23:14:00,92.6,92.78,92.5,92.78,4264.0
2025-02-27 23:28:00,92.6,92.6,92.51,92.51,473.0
2025-02-27 23:30:00,92.45,92.45,92.32,92.32,3450.0
2025-02-27 23:32:00,92.42,92.42,92.42,92.42,141.0
2025-02-27 23:34:00,92.3775,92.3775,92.3775,92.3775,146.0
2025-02-27 23:38:00,92.64,92.64,92.64,92.64,343.0
2025-02-27 23:40:00,92.8,92.8,92.8,92.8,330.0
2025-02-27 23:42:00,92.5001,92.56,92.5001,92.56,730.0
2025-02-27 23:50:00,92.65,92.65,92.56,92.56,597.0
2025-02-27 23:54:00,92.6,92.67,92.6,92.67,841.0
2025-02-27 23:56:00,92.6999,92.7,92.67,92.67,408.0
2025-02-27 23:58:00,92.5,92.5,92.5,92.5,199.0
2025-02-28 00:00:00,92.61,92.61,92.5,92.5,1090.0
2025-02-28 00:02:00,92.6999,92.6999,92.5,92.5,301.0
2025-02-28 00:04:00,92.5002,92.5002,92.5002,92.5002,2540.0
2025-02-28 00:08:00,92.67,92.7,92.67,92.7,1261.0
2025-02-28 00:10:00,92.67,92.67,92.67,92.67,215.0
2025-02-28 00:12:00,92.6,92.75,92.6,92.75,779.0
2025-02-28 00:18:00,92.7,92.7499,92.7,92.7499,395.0
2025-02-28 00:20:00,92.698,92.698,92.698,92.698,693.0
2025-02-28 00:22:00,92.6001,92.6001,92.6001,92.6001,5492.0
2025-02-28 00:24:00,92.6,92.6,92.57,92.57,1270.0
2025-02-28 00:26:00,92.57,92.57,92.51,92.51,571.0
2025-02-28 00:32:00,92.5,92.5,92.5,92.5,1705.0
2025-02-28 00:34:00,92.5,92.5,92.4206,92.4206,720.0
2025-02-28 00:36:00,92.42,92.42,92.4,92.4,866.0
2025-02-28 00:38:00,92.4,92.4,92.4,92.4,183.0
2025-02-28 00:40:00,92.419,92.419,92.3117,92.3117,615.0
2025-02-28 00:42:00,92.303,92.303,92.303,92.303,740.0
2025-02-28 00:44:00,92.4188,92.4188,92.4188,92.4188,229.0
2025-02-28 00:46:00,92.3018,92.3018,92.3,92.3,1040.0
2025-02-28 00:50:00,92.31,92.31,92.31,92.31,594.0
2025-02-28 00:52:00,92.35,92.44,92.35,92.44,611.0
2025-02-28 00:54:00,92.35,92.35,92.35,92.35,229.0
2025-02-28 00:58:00,92.4,92.45,92.35,92.35,1778.0
2025-02-28 09:00:00,91.6,92.23,91.56,91.6,18669.0
2025-02-28 09:02:00,91.87,91.87,91.8,91.8,2012.0
2025-02-28 09:04:00,91.82,91.82,91.82,91.82,1092.0
2025-02-28 09:06:00,91.99,92.15,91.99,91.99,2848.0
2025-02-28 09:08:00,92.15,92.21,91.86,92.13,6033.0
2025-02-28 09:24:00,92.33,92.34,92.33,92.34,306.0
2025-02-28 09:26:00,92.38,92.38,92.3,92.36,664.0
2025-02-28 09:28:00,92.28,92.28,92.28,92.28,236.0
2025-02-28 09:30:00,92.37,92.37,92.37,92.37,107.0
2025-02-28 09:32:00,92.35,92.35,92.35,92.35,330.0
2025-02-28 09:34:00,92.29,92.29,92.29,92.29,121.0
2025-02-28 09:36:00,92.29,92.29,92.28,92.28,650.0
2025-02-28 09:38:00,92.27,92.27,92.27,92.27,190.0
2025-02-28 09:42:00,92.2,92.2,92.1,92.1,1127.0
2025-02-28 09:46:00,92.1,92.1,92.1,92.1,555.0
2025-02-28 09:48:00,92.1,92.1,92.1,92.1,736.0
2025-02-28 09:52:00,92.11,92.15,92.11,92.15,1059.0
2025-02-28 09:56:00,92.04,92.04,92.02,92.02,200.0
2025-02-28 10:06:00,92.08,92.08,92.08,92.08,201.0
2025-02-28 10:08:00,92.06,92.06,92.06,92.06,1042.0
2025-02-28 10:10:00,92.05,92.05,92.05,92.05,363.0
2025-02-28 10:12:00,92.01,92.01,92.0,92.01,938.0
2025-02-28 10:14:00,92.01,92.01,92.01,92.01,112.0
2025-02-28 10:16:00,91.98,92.14,91.98,92.14,2409.0
2025-02-28 10:18:00,92.04,92.04,92.04,92.04,748.0
2025-02-28 10:22:00,92.14,92.15,92.14,92.15,306.0
2025-02-28 10:24:00,92.13,92.15,92.13,92.15,831.0
2025-02-28 10:26:00,92.08,92.08,92.08,92.08,216.0
2025-02-28 10:30:00,92.1,92.1,92.1,92.1,209.0
2025-02-28 10:32:00,92.07,92.07,92.07,92.07,152.0
2025-02-28 10:44:00,92.18,92.2,92.18,92.2,392.0
2025-02-28 10:54:00,92.32,92.4,92.32,92.4,1000.0
2025-02-28 10:56:00,92.36,92.36,92.36,92.36,209.0
2025-02-28 11:00:00,92.35,92.35,92.35,92.35,366.0
2025-02-28 11:02:00,92.35,92.35,92.35,92.35,500.0
2025-02-28 11:12:00,92.31,92.31,92.31,92.31,127.0
2025-02-28 11:22:00,92.38,92.41,92.38,92.41,1218.0
2025-02-28 11:32:00,92.31,92.31,92.3,92.3,437.0
2025-02-28 11:36:00,92.26,92.26,92.22,92.22,1000.0
2025-02-28 11:38:00,92.38,92.38,92.38,92.38,100.0
2025-02-28 11:48:00,92.4,92.4,92.4,92.4,839.0
2025-02-28 11:50:00,92.44,92.44,92.44,92.44,294.0
2025-02-28 11:52:00,92.5,92.8,92.47,92.47,3997.0
2025-02-28 11:54:00,92.46,92.46,92.46,92.46,277.0
2025-02-28 11:56:00,92.36,92.4,92.36,92.4,314.0
2025-02-28 12:00:00,92.57,92.65,92.28,92.28,10611.0
2025-02-28 12:02:00,92.22,92.22,92.22,92.22,341.0
2025-02-28 12:04:00,92.22,92.41,92.17,92.2,4161.0
2025-02-28 12:06:00,92.2,92.2,92.1,92.1,1231.0
2025-02-28 12:08:00,92.0,92.0,91.8,91.81,5003.0
2025-02-28 12:10:00,91.91,91.91,91.91,91.91,1633.0
2025-02-28 12:16:00,92.09,92.09,92.09,92.09,101.0
2025-02-28 12:18:00,92.1,92.26,92.1,92.26,1147.0
2025-02-28 12:20:00,92.25,92.25,92.25,92.25,1066.0
2025-02-28 12:22:00,92.2,92.2,92.2,92.2,222.0
2025-02-28 12:28:00,92.15,92.15,92.15,92.15,205.0
2025-02-28 12:30:00,91.97,91.97,91.97,91.97,1527.0
2025-02-28 12:32:00,91.9,91.9,91.9,91.9,1283.0
2025-02-28 12:34:00,91.74,91.76,91.74,91.76,645.0
2025-02-28 12:36:00,91.695,91.71,91.45,91.45,3424.0
2025-02-28 12:38:00,91.25,91.25,91.15,91.15,2000.0
2025-02-28 12:40:00,91.23,91.25,91.22,91.25,2445.0
2025-02-28 12:42:00,91.18,91.24,91.12,91.24,2080.0
2025-02-28 12:44:00,91.11,91.14,91.01,91.01,2198.0
2025-02-28 12:46:00,91.1,91.22,91.09,91.22,2183.0
2025-02-28 12:48:00,91.25,91.25,91.24,91.24,754.0
2025-02-28 12:50:00,91.23,91.25,91.2,91.25,8582.0
2025-02-28 12:52:00,91.25,91.25,91.25,91.25,8531.0
2025-02-28 12:54:00,91.2,91.2,91.2,91.2,258.0
2025-02-28 12:56:00,91.25,91.25,91.25,91.25,1017.0
2025-02-28 12:58:00,91.25,91.25,91.2,91.2,937.0
2025-02-28 13:00:00,92.1,92.65,91.01,91.2,47971.0
2025-02-28 13:02:00,91.25,91.25,91.25,91.25,1728.0
2025-02-28 13:04:00,91.25,91.25,91.1,91.1,2589.0
2025-02-28 13:06:00,91.2,91.2,91.07,91.07,629.0
2025-02-28 13:08:00,91.125,91.125,91.125,91.125,1762.0
2025-02-28 13:10:00,91.07,91.25,91.07,91.25,3657.0
2025-02-28 13:12:00,91.15,91.225,91.15,91.2,2327.0
2025-02-28 13:14:00,91.23,91.25,91.23,91.25,1774.0
2025-02-28 13:16:00,91.2,91.2,91.01,91.03,11848.0
2025-02-28 13:18:00,91.0,91.05,90.8601,90.96,20350.0
2025-02-28 13:20:00,90.9291,91.0,90.9291,90.9988,4398.0
2025-02-28 13:22:00,90.99,90.99,90.95,90.95,1336.0
2025-02-28 13:24:00,90.92,90.95,90.86,90.86,4413.0
2025-02-28 13:26:00,90.8,90.81,90.74,90.74,1513.0
2025-02-28 13:28:00,90.9199,91.0,90.8,90.803,3399.0
2025-02-28 13:30:00,91.0,91.25,90.98,91.25,10886.0
2025-02-28 13:32:00,91.24,91.51,91.16,91.4987,6423.0
2025-02-28 13:34:00,91.5,91.9699,91.5,91.9699,28091.0
2025-02-28 13:36:00,91.78,91.92,91.0,91.4,11224.0
2025-02-28 13:38:00,91.21,91.6403,91.15,91.35,1887.0
2025-02-28 13:40:00,91.26,91.3499,91.0,91.3499,2620.0
2025-02-28 13:42:00,91.01,91.25,90.95,91.25,4140.0
2025-02-28 13:44:00,91.2,91.22,91.15,91.22,1220.0
2025-02-28 13:46:00,91.15,91.15,91.05,91.05,3487.0
2025-02-28 13:48:00,91.28,91.28,91.25,91.25,1039.0
2025-02-28 13:50:00,91.35,91.35,91.05,91.05,2704.0
2025-02-28 13:52:00,91.02,91.16,91.02,91.1583,934.0
2025-02-28 13:54:00,91.11,91.17,91.02,91.02,1905.0
2025-02-28 13:56:00,91.01,91.4,91.0,91.39,7412.0
2025-02-28 13:58:00,91.36,91.41,91.078,91.39,7728.0
2025-02-28 14:00:00,91.25,91.25,91.2,91.2112,3039.0
2025-02-28 14:02:00,91.36,91.45,91.36,91.43,2895.0
2025-02-28 14:04:00,91.42,91.45,91.25,91.25,1266.0
2025-02-28 14:06:00,91.5004,92.0,91.5004,91.88,7385.0
2025-02-28 14:08:00,91.98,92.44,91.98,92.0001,4381.0
2025-02-28 14:10:00,92.1,92.16,91.88,91.88,12527.0
2025-02-28 14:12:00,92.02,92.1,91.84,91.84,4628.0
2025-02-28 14:14:00,91.61,91.69,91.59,91.69,1698.0
2025-02-28 14:16:00,91.815,91.815,91.8,91.8,452.0
2025-02-28 14:18:00,91.82,91.82,91.82,91.82,156.0
2025-02-28 14:20:00,91.98,91.98,91.55,91.55,2288.0
2025-02-28 14:22:00,91.62,91.9,91.57,91.57,4542.0
2025-02-28 14:24:00,91.56,91.73,91.56,91.71,1462.0
2025-02-28 14:26:00,91.71,91.82,91.2,91.24,7423.0
2025-02-28 14:28:00,90.95,91.2,90.75,91.02,15332.0
2025-02-28 14:30:00,91.0,91.28,89.94,90.105,811803.0
2025-02-28 14:32:00,90.105,90.41,89.87,90.3366,226447.0
2025-02-28 14:34:00,90.3255,90.777,90.01,90.7636,189253.0
2025-02-28 14:36:00,90.77,91.54,90.7652,91.31,334612.0
2025-02-28 14:38:00,91.32,91.5999,91.14,91.192,164749.0
2025-02-28 14:40:00,91.15,91.15,90.5,90.57,145971.0
2025-02-28 14:42:00,90.5,91.28,90.2231,91.01,149907.0
2025-02-28 14:44:00,91.0,91.2,90.84,91.0,174423.0
2025-02-28 14:46:00,90.98,91.18,90.82,91.005,134826.0
2025-02-28 14:48:00,90.97,91.63,90.91,91.295,202179.0
2025-02-28 14:50:00,91.31,91.82,91.275,91.735,138221.0
2025-02-28 14:52:00,91.79,92.27,91.73,91.99,298313.0
2025-02-28 14:54:00,91.99,92.0,91.4301,91.8,98672.0
2025-02-28 14:56:00,91.88,92.023,91.68,91.74,74526.0
2025-02-28 14:58:00,91.785,91.985,91.56,91.955,172254.0
2025-02-28 15:00:00,91.88,92.4376,91.88,92.19,165226.0
2025-02-28 15:02:00,92.19,92.66,91.77,91.93,135877.0
2025-02-28 15:04:00,91.94,92.27,91.875,92.14,74982.0
2025-02-28 15:06:00,92.14,92.59,92.01,92.54,83295.0
2025-02-28 15:08:00,92.54,93.07,92.45,93.03,298628.0
2025-02-28 15:10:00,93.08,93.3,92.83,92.91,181984.0
2025-02-28 15:12:00,92.91,93.34,92.6,93.31,103820.0
2025-02-28 15:14:00,93.335,93.385,92.89,92.94,184045.0
2025-02-28 15:16:00,92.9431,93.39,92.94,93.39,107277.0
2025-02-28 15:18:00,93.35,93.35,93.055,93.0982,229154.0
2025-02-28 15:20:00,93.11,93.4294,92.83,93.285,145295.0
2025-02-28 15:22:00,93.32,93.61,93.185,93.555,87043.0
2025-02-28 15:24:00,93.53,93.96,93.4,93.8,118597.0
2025-02-28 15:26:00,93.81,93.88,93.34,93.57,167280.0
2025-02-28 15:28:00,93.6,93.973,93.5,93.93,156891.0
2025-02-28 15:30:00,93.91,94.46,93.77,94.33,142421.0
2025-02-28 15:32:00,94.26,94.375,93.86,93.86,105833.0
2025-02-28 15:34:00,93.91,93.93,93.525,93.675,150808.0
2025-02-28 15:36:00,93.65,93.89,93.25,93.315,91983.0
2025-02-28 15:38:00,93.33,93.47,93.1,93.19,83895.0
2025-02-28 15:40:00,93.185,93.39,92.96,93.0,94788.0
2025-02-28 15:42:00,93.035,93.325,92.9201,93.13,56367.0
2025-02-28 15:44:00,93.13,93.39,93.1,93.3715,118305.0
2025-02-28 15:46:00,93.4,93.535,93.04,93.055,83945.0
2025-02-28 15:48:00,93.055,93.27,93.04,93.085,74813.0
2025-02-28 15:50:00,93.05,93.23,93.05,93.185,47455.0
2025-02-28 15:52:00,93.21,93.619,93.185,93.61,53008.0
2025-02-28 15:54:00,93.63,93.77,93.4005,93.565,48931.0
2025-02-28 15:56:00,93.54,93.645,93.37,93.43,43422.0
2025-02-28 15:58:00,93.46,93.75,93.43,93.575,40536.0
2025-02-28 16:00:00,93.55,93.77,93.48,93.755,37746.0
2025-02-28 16:02:00,93.76,93.89,93.68,93.69,39258.0
2025-02-28 16:04:00,93.67,93.98,93.555,93.955,46195.0
2025-02-28 16:06:00,93.9496,94.0,93.76,94.0,62033.0
2025-02-28 16:08:00,94.0,94.0,93.675,93.7594,68181.0
2025-02-28 16:10:00,93.735,94.07,93.73,93.8799,60761.0
2025-02-28 16:12:00,93.85,93.905,93.678,93.695,59911.0
2025-02-28 16:14:00,93.69,93.78,93.61,93.7331,40741.0
2025-02-28 16:16:00,93.73,93.78,93.38,93.64,73595.0
2025-02-28 16:18:00,93.62,93.93,93.61,93.815,49432.0
2025-02-28 16:20:00,93.86,94.01,93.835,93.92,48971.0
2025-02-28 16:22:00,93.91,93.93,93.67,93.6922,43972.0
2025-02-28 16:24:00,93.725,93.81,93.57,93.7074,32807.0
2025-02-28 16:26:00,93.7,93.79,93.52,93.58,29700.0
2025-02-28 16:28:00,93.55,93.5678,93.22,93.29,66951.0
2025-02-28 16:30:00,93.27,93.62,93.21,93.62,41040.0
2025-02-28 16:32:00,93.615,93.83,93.575,93.61,40958.0
2025-02-28 16:34:00,93.65,93.77,93.59,93.69,32926.0
2025-02-28 16:36:00,93.69,93.9,93.68,93.75,31098.0
2025-02-28 16:38:00,93.79,94.04,93.78,94.01,115977.0
2025-02-28 16:40:00,94.01,94.2,93.98,94.04,54244.0
2025-02-28 16:42:00,94.055,94.1679,94.0,94.09,26029.0
2025-02-28 16:44:00,94.105,94.265,94.075,94.14,30724.0
2025-02-28 16:46:00,94.14,94.29,94.07,94.25,23637.0
2025-02-28 16:48:00,94.225,94.27,94.13,94.1812,27872.0
2025-02-28 16:50:00,94.155,94.17,93.9796,94.06,34890.0
2025-02-28 16:52:00,94.09,94.34,94.09,94.16,28177.0
2025-02-28 16:54:00,94.21,94.37,94.19,94.243,36927.0
2025-02-28 16:56:00,94.245,94.31,94.11,94.3,28113.0
2025-02-28 16:58:00,94.31,94.41,94.21,94.26,62086.0
2025-02-28 17:00:00,94.28,94.3418,94.075,94.09,35521.0
2025-02-28 17:02:00,94.105,94.21,94.05,94.17,24505.0
2025-02-28 17:04:00,94.15,94.18,94.07,94.095,36410.0
2025-02-28 17:06:00,94.09,94.1,93.87,94.075,36213.0
2025-02-28 17:08:00,94.08,94.08,93.88,94.005,32346.0
2025-02-28 17:10:00,93.99,94.13,93.975,93.98,19921.0
2025-02-28 17:12:00,93.9706,94.13,93.97,94.06,16948.0
2025-02-28 17:14:00,94.055,94.19,94.035,94.11,26813.0
2025-02-28 17:16:00,94.09,94.28,94.02,94.2598,28307.0
2025-02-28 17:18:00,94.23,94.44,94.22,94.435,45755.0
2025-02-28 17:20:00,94.435,94.435,94.2012,94.32,34789.0
2025-02-28 17:22:00,94.31,94.335,93.96,93.975,47791.0
2025-02-28 17:24:00,93.95,94.075,93.85,94.025,50856.0
2025-02-28 17:26:00,94.03,94.1597,94.0,94.06,39802.0
2025-02-28 17:28:00,94.07,94.2,93.92,94.02,52574.0
2025-02-28 17:30:00,94.04,94.06,93.8201,94.05,54817.0
2025-02-28 17:32:00,94.04,94.1,93.95,94.04,26611.0
2025-02-28 17:34:00,94.05,94.095,93.99,93.9901,34086.0
2025-02-28 17:36:00,94.01,94.09,93.98,94.08,31837.0
2025-02-28 17:38:00,94.1,94.25,94.0825,94.23,48846.0
2025-02-28 17:40:00,94.235,94.28,94.02,94.04,36403.0
2025-02-28 17:42:00,94.06,94.0688,93.5006,93.56,61801.0
2025-02-28 17:44:00,93.57,93.67,93.41,93.59,51203.0
2025-02-28 17:46:00,93.62,93.635,93.26,93.37,66548.0
2025-02-28 17:48:00,93.39,93.4,92.96,92.98,75150.0
2025-02-28 17:50:00,92.965,93.27,92.89,93.1,58946.0
2025-02-28 17:52:00,93.095,93.44,93.0,93.44,61098.0
2025-02-28 17:54:00,93.44,93.44,93.13,93.17,44138.0
2025-02-28 17:56:00,93.145,93.21,92.9,92.9,35866.0
2025-02-28 17:58:00,92.9,92.9,92.57,92.595,57390.0
2025-02-28 18:00:00,92.602,92.89,92.56,92.82,39245.0
2025-02-28 18:02:00,92.79,92.99,92.6801,92.72,43537.0
2025-02-28 18:04:00,92.73,92.8202,92.64,92.7801,24946.0
2025-02-28 18:06:00,92.785,92.83,92.6,92.705,35355.0
2025-02-28 18:08:00,92.69,92.77,92.6401,92.73,41516.0
2025-02-28 18:10:00,92.76,92.79,92.59,92.66,49739.0
2025-02-28 18:12:00,92.64,92.83,92.64,92.79,44131.0
2025-02-28 18:14:00,92.78,92.92,92.73,92.89,38970.0
2025-02-28 18:16:00,92.91,92.98,92.32,92.52,96580.0
2025-02-28 18:18:00,92.51,92.515,92.18,92.33,55474.0
2025-02-28 18:20:00,92.3,92.41,92.14,92.18,31525.0
2025-02-28 18:22:00,92.18,92.51,92.1601,92.3,55548.0
2025-02-28 18:24:00,92.29,92.36,92.17,92.34,78910.0
2025-02-28 18:26:00,92.33,92.675,92.31,92.65,36699.0
2025-02-28 18:28:00,92.665,93.02,92.6,93.01,57128.0
2025-02-28 18:30:00,93.05,93.1999,92.84,93.075,73204.0
2025-02-28 18:32:00,93.0892,93.13,92.8,92.875,31970.0
2025-02-28 18:34:00,92.85,93.34,92.85,93.33,65717.0
2025-02-28 18:36:00,93.33,93.55,93.22,93.55,60623.0
2025-02-28 18:38:00,93.56,93.5743,93.26,93.33,60769.0
2025-02-28 18:40:00,93.33,93.52,93.21,93.265,48855.0
2025-02-28 18:42:00,93.27,93.32,93.09,93.1278,30984.0
2025-02-28 18:44:00,93.125,93.52,93.11,93.36,47844.0
2025-02-28 18:46:00,93.38,93.455,93.25,93.31,25612.0
2025-02-28 18:48:00,93.29,93.35,93.21,93.25,27963.0
2025-02-28 18:50:00,93.27,93.41,93.18,93.38,42366.0
2025-02-28 18:52:00,93.37,93.56,93.37,93.39,43211.0
2025-02-28 18:54:00,93.42,93.42,93.13,93.13,24774.0
2025-02-28 18:56:00,93.12,93.21,92.98,92.98,42864.0
2025-02-28 18:58:00,92.97,93.0532,92.66,92.68,53561.0
2025-02-28 19:00:00,92.645,93.06,92.64,92.99,37392.0
2025-02-28 19:02:00,92.99,93.06,92.875,92.9,30752.0
2025-02-28 19:04:00,92.89,92.9581,92.82,92.93,47410.0
2025-02-28 19:06:00,92.93,93.04,92.9,92.915,26668.0
2025-02-28 19:08:00,92.93,92.99,92.7,92.74,69071.0
2025-02-28 19:10:00,92.75,92.83,92.6406,92.815,45805.0
2025-02-28 19:12:00,92.815,92.89,92.65,92.66,34143.0
2025-02-28 19:14:00,92.69,92.91,92.66,92.84,38002.0
2025-02-28 19:16:00,92.84,92.95,92.7801,92.895,27782.0
2025-02-28 19:18:00,92.895,93.09,92.83,93.09,39851.0
2025-02-28 19:20:00,93.0992,93.12,92.86,92.88,38096.0
2025-02-28 19:22:00,92.86,93.055,92.75,92.955,37295.0
2025-02-28 19:24:00,92.93,93.19,92.88,93.13,44123.0
2025-02-28 19:26:00,93.14,93.2,92.99,93.11,46232.0
2025-02-28 19:28:00,93.14,93.14,92.92,92.97,41668.0
2025-02-28 19:30:00,92.97,93.07,92.875,93.0,131921.0
2025-02-28 19:32:00,93.0,93.08,92.96,93.0,83478.0
2025-02-28 19:34:00,92.98,93.06,92.95,93.01,77127.0
2025-02-28 19:36:00,93.0,93.08,92.975,93.05,114462.0
2025-02-28 19:38:00,93.06,93.17,93.005,93.03,100591.0
2025-02-28 19:40:00,93.05,93.2143,93.04,93.175,72140.0
2025-02-28 19:42:00,93.175,93.37,93.16,93.37,73143.0
2025-02-28 19:44:00,93.33,93.39,93.23,93.315,53379.0
2025-02-28 19:46:00,93.33,93.4,93.26,93.35,41941.0
2025-02-28 19:48:00,93.345,93.52,93.34,93.45,32050.0
2025-02-28 19:50:00,93.45,93.51,93.35,93.37,136857.0
2025-02-28 19:52:00,93.35,93.39,93.155,93.17,49468.0
2025-02-28 19:54:00,93.16,93.21,93.08,93.12,74652.0
2025-02-28 19:56:00,93.13,93.27,93.1,93.12,99541.0
2025-02-28 19:58:00,93.125,93.22,93.015,93.18,67315.0
2025-02-28 20:00:00,93.19,93.3,93.14,93.2899,56513.0
2025-02-28 20:02:00,93.28,93.38,93.26,93.29,60877.0
2025-02-28 20:04:00,93.28,93.37,93.22,93.31,81721.0
2025-02-28 20:06:00,93.3,93.38,93.17,93.25,59958.0
2025-02-28 20:08:00,93.23,93.4404,93.23,93.32,50192.0
2025-02-28 20:10:00,93.32,93.345,93.03,93.16,90386.0
2025-02-28 20:12:00,93.16,93.18,93.01,93.14,60086.0
2025-02-28 20:14:00,93.14,93.16,92.94,92.985,70061.0
2025-02-28 20:16:00,92.99,93.05,92.923,92.97,66757.0
2025-02-28 20:18:00,92.96,93.01,92.9104,92.9597,45751.0
2025-02-28 20:20:00,92.94,93.005,92.79,92.86,61474.0
2025-02-28 20:22:00,92.86,92.92,92.7384,92.76,66085.0
2025-02-28 20:24:00,92.74,92.8645,92.65,92.83,157784.0
2025-02-28 20:26:00,92.845,93.05,92.76,93.05,59854.0
2025-02-28 20:28:00,93.05,93.28,93.05,93.2588,56295.0
2025-02-28 20:30:00,93.25,93.25,92.93,93.085,48313.0
2025-02-28 20:32:00,93.1,93.15,92.84,92.85,52388.0
2025-02-28 20:34:00,92.84,92.85,92.35,92.41,76296.0
2025-02-28 20:36:00,92.43,92.61,92.41,92.57,45292.0
2025-02-28 20:38:00,92.57,92.81,92.48,92.705,58633.0
2025-02-28 20:40:00,92.72,92.88,92.66,92.83,85837.0
2025-02-28 20:42:00,92.845,92.85,92.74,92.77,65584.0
2025-02-28 20:44:00,92.765,92.84,92.63,92.72,69555.0
2025-02-28 20:46:00,92.72,92.78,92.635,92.78,118437.0
2025-02-28 20:48:00,92.8,92.96,92.77,92.925,91252.0
2025-02-28 20:50:00,92.9,93.285,92.9,93.19,353796.0
2025-02-28 20:52:00,93.18,93.47,92.91,93.37,197141.0
2025-02-28 20:54:00,93.39,93.92,93.29,93.51,439745.0
2025-02-28 20:56:00,93.52,93.65,93.37,93.63,294550.0
2025-02-28 20:58:00,93.64,93.73,93.58,93.62,676146.0
2025-02-28 21:00:00,93.63,93.83,93.61,93.74,93043.0
2025-02-28 21:02:00,93.8,93.82,93.63,93.78,8169.0
2025-02-28 21:04:00,93.78,93.83,93.63,93.63,135703.0
2025-02-28 21:06:00,93.65,93.78,93.6337,93.78,5064.0
2025-02-28 21:08:00,93.77,93.77,93.63,93.63,3678.0
2025-02-28 21:10:00,93.7,93.73,93.65,93.65,5218.0
2025-02-28 21:12:00,93.63,93.6318,93.63,93.6318,8007.0
2025-02-28 21:14:00,93.63,93.63,93.5,93.5,2828.0
2025-02-28 21:16:00,93.63,93.63,93.4712,93.4725,6181.0
2025-02-28 21:18:00,93.54,93.57,93.54,93.57,132429.0
2025-02-28 21:20:00,93.57,93.57,93.57,93.57,2165.0
2025-02-28 21:22:00,93.55,93.55,93.55,93.55,1467.0
2025-02-28 21:24:00,93.55,93.6,93.55,93.59,1749.0
2025-02-28 21:26:00,93.6,93.6,93.6,93.6,2217.0
2025-02-28 21:28:00,93.6,93.6,93.5609,93.5609,17854.0
2025-02-28 21:30:00,93.6,93.6,93.6,93.6,1357.0
2025-02-28 21:32:00,93.599,93.6,93.53,93.53,1746.0
2025-02-28 21:34:00,93.52,93.55,93.52,93.55,710.0
2025-02-28 21:36:00,93.55,93.55,93.54,93.55,3877.0
2025-02-28 21:38:00,93.55,93.63,93.55,93.63,87904.0
2025-02-28 21:40:00,93.55,93.63,93.55,93.63,8449.0
2025-02-28 21:42:00,93.63,93.63,93.55,93.63,727.0
2025-02-28 21:44:00,93.63,93.63,93.51,93.51,2721.0
2025-02-28 21:48:00,93.66,93.67,93.66,93.67,576.0
2025-02-28 21:54:00,93.63,93.63,93.63,93.63,141.0
2025-02-28 21:56:00,93.63,93.63,93.63,93.63,2842.0
2025-02-28 22:02:00,93.5999,93.5999,93.5999,93.5999,105.0
2025-02-28 22:08:00,93.63,93.6499,93.63,93.6499,779.0
2025-02-28 22:12:00,93.63,93.63,93.63,93.63,349.0
2025-02-28 22:14:00,93.65,93.7,93.63,93.63,1013.0
2025-02-28 22:18:00,93.69,93.69,93.69,93.69,102.0
2025-02-28 22:20:00,93.71,93.71,93.71,93.71,6069.0
2025-02-28 22:28:00,93.75,93.75,93.75,93.75,208.0
2025-02-28 22:32:00,93.6433,93.6433,93.6433,93.6433,118.0
2025-02-28 22:50:00,93.75,93.75,93.75,93.75,100.0
2025-02-28 22:54:00,93.75,93.75,93.7499,93.7499,1092.0
2025-02-28 23:00:00,93.63,93.63,93.63,93.63,185.0
2025-02-28 23:10:00,93.7435,93.7435,93.7435,93.7435,530.0
2025-02-28 23:14:00,93.7435,93.7435,93.7435,93.7435,111.0
2025-02-28 23:24:00,93.82,93.88,93.82,93.88,1784.0
2025-02-28 23:26:00,93.9,93.9,93.9,93.9,237.0
2025-02-28 23:30:00,93.8801,93.8801,93.8801,93.8801,1000.0
2025-02-28 23:32:00,93.89,93.89,93.89,93.89,215.0
2025-02-28 23:40:00,93.88,93.88,93.88,93.88,801.0
2025-02-28 23:58:00,93.97,94.0,93.95,94.0,1000.0
2025-03-01 00:00:00,93.9913,93.9913,93.9913,93.9913,125.0
2025-03-01 00:04:00,94.0,94.0,94.0,94.0,258.0
2025-03-01 00:06:00,94.0,94.0,94.0,94.0,124.0
2025-03-01 00:10:00,93.94,93.94,93.94,93.94,200.0
2025-03-01 00:12:00,93.95,93.95,93.95,93.95,230.0
2025-03-01 00:16:00,93.99,93.99,93.98,93.99,1285.0
2025-03-01 00:22:00,93.9975,93.9975,93.9975,93.9975,314.0
2025-03-01 00:24:00,93.95,93.95,93.9,93.9,1012.0
2025-03-01 00:30:00,93.89,93.9001,93.89,93.9001,419.0
2025-03-01 00:32:00,93.95,93.95,93.9,93.9,571.0
2025-03-01 00:42:00,93.93,93.93,93.93,93.93,503.0
2025-03-01 00:44:00,93.87,93.87,93.85,93.85,1125.0
2025-03-01 00:48:00,93.8798,93.8798,93.8798,93.8798,295.0
2025-03-01 00:50:00,93.88,93.88,93.88,93.88,433.0
2025-03-01 00:54:00,93.8988,93.8988,93.8512,93.8512,310.0
2025-03-01 00:56:00,93.889,93.889,93.85,93.85,407.0
2025-03-01 00:58:00,93.8,93.8,93.72,93.73,631.0
2025-03-03 09:00:00,94.16,94.28,94.16,94.28,1249.0
2025-03-03 09:02:00,94.44,94.44,94.44,94.44,343.0
2025-03-03 09:06:00,94.26,94.3,94.25,94.29,1639.0
2025-03-03 09:10:00,94.28,94.33,94.28,94.33,1012.0
2025-03-03 09:16:00,94.41,94.44,94.41,94.44,460.0
2025-03-03 09:18:00,94.36,94.5,94.36,94.5,1678.0
2025-03-03 09:20:00,94.56,94.56,94.56,94.56,167.0
2025-03-03 09:30:00,94.69,94.69,94.68,94.68,707.0
2025-03-03 09:38:00,94.71,94.71,94.71,94.71,625.0
2025-03-03 09:40:00,94.84,94.89,94.78,94.89,2337.0
2025-03-03 09:42:00,94.9,94.9,94.9,94.9,183.0
2025-03-03 09:44:00,94.94,94.94,94.91,94.91,621.0
2025-03-03 09:46:00,94.9,94.9,94.82,94.82,863.0
2025-03-03 09:48:00,94.84,94.84,94.84,94.84,101.0
2025-03-03 09:56:00,94.88,95.0,94.88,95.0,3157.0
2025-03-03 09:58:00,94.97,94.97,94.97,94.97,201.0
2025-03-03 10:00:00,95.06,95.06,94.92,94.92,905.0
2025-03-03 10:02:00,94.92,94.92,94.81,94.81,4695.0
2025-03-03 10:04:00,94.85,94.86,94.78,94.78,839.0
2025-03-03 10:12:00,94.57,94.57,94.57,94.57,200.0
2025-03-03 10:14:00,94.67,94.67,94.67,94.67,235.0
2025-03-03 10:16:00,94.61,94.61,94.56,94.56,300.0
2025-03-03 10:18:00,94.69,94.7,94.69,94.7,469.0
2025-03-03 10:26:00,94.74,94.74,94.74,94.74,141.0
2025-03-03 10:30:00,94.77,94.77,94.77,94.77,299.0
2025-03-03 10:32:00,94.79,94.79,94.79,94.79,189.0
2025-03-03 10:34:00,94.7,94.78,94.7,94.77,416.0
2025-03-03 10:40:00,94.84,94.87,94.84,94.87,400.0
2025-03-03 11:00:00,94.77,94.77,94.75,94.75,1208.0
2025-03-03 11:02:00,94.78,94.78,94.67,94.71,835.0
2025-03-03 11:12:00,94.81,94.81,94.81,94.81,209.0
2025-03-03 11:22:00,94.9,94.9,94.85,94.85,449.0
2025-03-03 11:28:00,94.97,94.97,94.97,94.97,310.0
2025-03-03 11:30:00,94.95,94.97,94.95,94.97,1263.0
2025-03-03 11:34:00,95.1,95.1,95.1,95.1,564.0
2025-03-03 11:46:00,94.92,94.92,94.92,94.92,101.0
2025-03-03 11:50:00,94.97,94.97,94.95,94.95,706.0
2025-03-03 11:52:00,94.95,94.95,94.95,94.95,350.0
2025-03-03 11:54:00,95.04,95.04,95.04,95.04,306.0
2025-03-03 11:56:00,95.08,95.08,95.04,95.04,365.0
2025-03-03 11:58:00,95.01,95.01,94.95,94.95,1651.0
2025-03-03 12:00:00,94.94,94.94,94.86,94.89,801.0
2025-03-03 12:02:00,94.83,95.0,94.83,95.0,1836.0
2025-03-03 12:04:00,95.01,95.08,95.01,95.08,953.0
2025-03-03 12:06:00,95.01,95.01,95.01,95.01,522.0
2025-03-03 12:08:00,95.05,95.12,95.05,95.12,1101.0
2025-03-03 12:10:00,95.15,95.2,95.15,95.2,1604.0
2025-03-03 12:12:00,95.25,95.27,95.25,95.27,657.0
2025-03-03 12:14:00,95.26,95.26,95.22,95.23,919.0
2025-03-03 12:22:00,95.24,95.3,95.24,95.3,3007.0
2025-03-03 12:24:00,95.25,95.25,95.25,95.25,506.0
2025-03-03 12:28:00,95.05,95.05,95.05,95.05,228.0
2025-03-03 12:30:00,95.08,95.08,95.08,95.08,1398.0
2025-03-03 12:32:00,95.03,95.03,95.03,95.03,100.0
2025-03-03 12:36:00,95.16,95.16,95.16,95.16,124.0
2025-03-03 12:42:00,95.22,95.28,95.22,95.28,634.0
2025-03-03 12:44:00,95.29,95.37,95.29,95.37,4632.0
2025-03-03 12:46:00,95.49,95.55,95.49,95.55,1996.0
2025-03-03 12:48:00,95.45,95.45,95.45,95.45,110.0
2025-03-03 12:50:00,95.5,95.58,95.5,95.58,232.0
2025-03-03 12:52:00,95.6,95.7,95.52,95.7,3336.0
2025-03-03 12:54:00,95.75,96.0,95.75,96.0,3960.0
2025-03-03 12:56:00,95.72,95.98,95.72,95.98,1898.0
2025-03-03 12:58:00,95.98,96.0,95.95,95.95,1930.0
2025-03-03 13:00:00,95.0,96.1,94.2,95.7299,42901.0
2025-03-03 13:02:00,95.72,95.72,95.6,95.6,1827.0
2025-03-03 13:04:00,95.55,95.55,95.45,95.45,1017.0
2025-03-03 13:08:00,95.43,95.5,95.35,95.5,1722.0
2025-03-03 13:10:00,95.33,95.5,95.33,95.5,612.0
2025-03-03 13:12:00,95.4751,95.4751,95.29,95.29,772.0
2025-03-03 13:14:00,95.2555,95.2555,95.2555,95.2555,507.0
2025-03-03 13:16:00,95.1788,95.1788,95.1788,95.1788,571.0
2025-03-03 13:18:00,95.1899,95.4,95.18,95.4,1810.0
2025-03-03 13:20:00,95.3901,95.3901,95.3901,95.3901,375.0
2025-03-03 13:22:00,95.39,95.49,95.39,95.49,1655.0
2025-03-03 13:24:00,95.46,95.46,95.46,95.46,220.0
2025-03-03 13:26:00,95.44,95.49,95.44,95.49,1374.0
2025-03-03 13:28:00,95.4,95.4,95.35,95.3515,1904.0
2025-03-03 13:30:00,95.35,95.35,95.35,95.35,503.0
2025-03-03 13:32:00,95.28,95.28,95.28,95.28,134.0
2025-03-03 13:36:00,95.19,95.34,95.1306,95.34,2867.0
2025-03-03 13:38:00,95.28,95.28,95.28,95.28,174.0
2025-03-03 13:40:00,95.22,95.34,95.22,95.34,2451.0
2025-03-03 13:42:00,95.4,95.4,95.38,95.38,279.0
2025-03-03 13:44:00,95.36,95.4,95.36,95.4,1037.0
2025-03-03 13:46:00,95.4,95.4,95.3416,95.3416,1851.0
2025-03-03 13:50:00,95.5,95.5,95.38,95.38,315.0
2025-03-03 13:52:00,95.34,95.38,95.34,95.38,1646.0
2025-03-03 13:54:00,95.42,95.42,95.42,95.42,440.0
2025-03-03 13:56:00,95.41,95.4101,95.41,95.4101,332.0
2025-03-03 13:58:00,95.43,95.59,95.41,95.59,1776.0
2025-03-03 14:00:00,95.6,95.6,95.4107,95.4978,2761.0
2025-03-03 14:04:00,95.44,95.58,95.4,95.52,5090.0
2025-03-03 14:06:00,95.58,95.59,95.5,95.5,1468.0
2025-03-03 14:08:00,95.5001,95.51,95.5001,95.51,549.0
2025-03-03 14:10:00,95.58,95.5984,95.55,95.5984,1802.0
2025-03-03 14:12:00,95.56,95.56,95.5,95.51,2779.0
2025-03-03 14:14:00,95.5,95.5975,95.5,95.5,4100.0
2025-03-03 14:18:00,95.59,95.6,95.5053,95.5053,2243.0
2025-03-03 14:20:00,95.56,95.56,95.5,95.5,1125.0
2025-03-03 14:24:00,95.6,95.6,95.5,95.5,1536.0
2025-03-03 14:26:00,95.6,95.63,95.6,95.63,1477.0
2025-03-03 14:28:00,95.91,95.99,95.84,95.99,6730.0
2025-03-03 14:30:00,95.805,96.2,95.39,95.51,434424.0
2025-03-03 14:32:00,95.535,95.5561,94.97,95.17,135467.0
2025-03-03 14:34:00,95.195,95.28,94.765,94.765,129438.0
2025-03-03 14:36:00,94.79,94.93,93.985,94.03,161251.0
2025-03-03 14:38:00,94.03,94.06,93.455,93.85,158457.0
2025-03-03 14:40:00,93.85,93.95,93.38,93.615,117083.0
2025-03-03 14:42:00,93.57,93.8,93.38,93.5991,139868.0
2025-03-03 14:44:00,93.5242,93.59,93.04,93.335,136027.0
2025-03-03 14:46:00,93.3888,93.85,93.18,93.85,149798.0
2025-03-03 14:48:00,93.89,93.94,93.31,93.4727,124046.0
2025-03-03 14:50:00,93.43,93.7,93.38,93.53,74696.0
2025-03-03 14:52:00,93.42,93.78,93.3,93.75,73841.0
2025-03-03 14:54:00,93.78,93.8299,93.3,93.545,58303.0
2025-03-03 14:56:00,93.59,93.74,92.9592,92.9592,95380.0
2025-03-03 14:58:00,92.97,93.46,92.97,93.36,93385.0
2025-03-03 15:00:00,93.22,93.4884,92.6,93.24,93018.0
2025-03-03 15:02:00,93.27,93.54,93.1901,93.4,69925.0
2025-03-03 15:04:00,93.32,93.45,93.12,93.315,75249.0
2025-03-03 15:06:00,93.31,93.8,93.05,93.48,73017.0
2025-03-03 15:08:00,93.475,93.6496,93.01,93.04,76096.0
2025-03-03 15:10:00,93.0,93.37,92.87,93.18,46427.0
2025-03-03 15:12:00,93.18,93.2,92.82,93.03,45949.0
2025-03-03 15:14:00,93.0,93.11,92.73,92.73,43951.0
2025-03-03 15:16:00,92.765,93.0,92.7204,92.79,57581.0
2025-03-03 15:18:00,92.79,92.99,92.75,92.94,54516.0
2025-03-03 15:20:00,92.94,93.91,92.91,93.82,167830.0
2025-03-03 15:22:00,93.82,94.3899,93.73,94.15,168009.0
2025-03-03 15:24:00,94.18,94.18,93.875,94.14,109605.0
2025-03-03 15:26:00,94.15,94.69,94.0501,94.66,103121.0
2025-03-03 15:28:00,94.64,94.9799,94.57,94.955,114040.0
2025-03-03 15:30:00,94.9788,95.24,94.89,94.895,152688.0
2025-03-03 15:32:00,94.88,94.975,94.68,94.72,89762.0
2025-03-03 15:34:00,94.72,94.77,94.49,94.63,74649.0
2025-03-03 15:36:00,94.7,94.76,94.21,94.35,67844.0
2025-03-03 15:38:00,94.39,94.8618,94.29,94.715,73647.0
2025-03-03 15:40:00,94.715,94.87,94.57,94.79,46464.0
2025-03-03 15:42:00,94.8,94.975,94.79,94.96,56166.0
2025-03-03 15:44:00,95.0,95.03,94.79,94.86,44910.0
2025-03-03 15:46:00,94.83,94.83,94.5,94.535,58589.0
2025-03-03 15:48:00,94.51,94.51,94.23,94.32,39673.0
2025-03-03 15:50:00,94.3,94.66,94.175,94.66,53040.0
2025-03-03 15:52:00,94.65,94.9,94.46,94.89,66351.0
2025-03-03 15:54:00,94.86,94.86,94.51,94.5741,32910.0
2025-03-03 15:56:00,94.56,94.62,94.2093,94.27,36141.0
2025-03-03 15:58:00,94.275,94.45,94.2,94.28,56969.0
2025-03-03 16:00:00,94.31,94.75,94.3,94.63,45608.0
2025-03-03 16:02:00,94.63,94.72,94.53,94.57,23607.0
2025-03-03 16:04:00,94.54,94.665,94.37,94.665,23163.0
2025-03-03 16:06:00,94.598,94.68,94.4,94.47,21012.0
2025-03-03 16:08:00,94.45,94.45,94.22,94.29,32455.0
2025-03-03 16:10:00,94.3,94.42,94.0406,94.0406,35400.0
2025-03-03 16:12:00,94.07,94.34,93.9296,94.305,33762.0
2025-03-03 16:14:00,94.32,94.34,94.05,94.06,35119.0
2025-03-03 16:16:00,94.09,94.305,94.0057,94.2,40559.0
2025-03-03 16:18:00,94.155,94.332222,94.1017,94.2777,26325.0
2025-03-03 16:20:00,94.305,94.66,94.23,94.64,49900.0
2025-03-03 16:22:00,94.62,94.91,94.62,94.88,73715.0
2025-03-03 16:24:00,94.88,94.9,94.4989,94.545,55161.0
2025-03-03 16:26:00,94.49,94.56,94.365,94.4412,50938.0
2025-03-03 16:28:00,94.43,94.435,94.1481,94.2157,38088.0
2025-03-03 16:30:00,94.26,94.46,94.19,94.46,26385.0
2025-03-03 16:32:00,94.42,94.445,94.2,94.29,36228.0
2025-03-03 16:34:00,94.295,94.3276,94.065,94.28,30895.0
2025-03-03 16:36:00,94.27,94.28,94.0,94.115,41130.0
2025-03-03 16:38:00,94.0918,94.185,93.96,94.12,36649.0
2025-03-03 16:40:00,94.13,94.14,93.95,94.1,28230.0
2025-03-03 16:42:00,94.1,94.15,93.89,93.93,33985.0
2025-03-03 16:44:00,93.89,94.02,93.7,94.0,45190.0
2025-03-03 16:46:00,93.98,93.99,93.86,93.965,40630.0
2025-03-03 16:48:00,93.97,94.25,93.865,94.2,51368.0
2025-03-03 16:50:00,94.2211,94.435,94.16,94.21,38922.0
2025-03-03 16:52:00,94.23,94.44,94.23,94.43,22621.0
2025-03-03 16:54:00,94.45,94.5592,94.33,94.389,44762.0
2025-03-03 16:56:00,94.385,94.6,94.385,94.525,39912.0
2025-03-03 16:58:00,94.5,94.5,94.32,94.42,27267.0
2025-03-03 17:00:00,94.395,94.44,94.25,94.4075,25926.0
2025-03-03 17:02:00,94.38,94.53,94.31,94.3789,26156.0
2025-03-03 17:04:00,94.38,94.575,94.38,94.575,33055.0
2025-03-03 17:06:00,94.5407,94.67,94.4905,94.65,28001.0
2025-03-03 17:08:00,94.68,94.7,94.47,94.485,39996.0
2025-03-03 17:10:00,94.49,94.59,94.46,94.505,15928.0
2025-03-03 17:12:00,94.5,94.53,94.37,94.48,23942.0
2025-03-03 17:14:00,94.47,94.56,94.4,94.485,22480.0
2025-03-03 17:16:00,94.5,94.67,94.5,94.6501,28909.0
2025-03-03 17:18:00,94.66,94.7057,94.47,94.52,36406.0
2025-03-03 17:20:00,94.54,94.555,94.44,94.44,17202.0
2025-03-03 17:22:00,94.465,94.57,94.46,94.515,27529.0
2025-03-03 17:24:00,94.53,94.67,94.52,94.58,23926.0
2025-03-03 17:26:00,94.58,94.6,94.35,94.395,36466.0
2025-03-03 17:28:00,94.39,94.481,94.34,94.425,27713.0
2025-03-03 17:30:00,94.44,94.45,94.34,94.38,30685.0
2025-03-03 17:32:00,94.4,94.41,94.31,94.33,30813.0
2025-03-03 17:34:00,94.325,94.325,94.185,94.25,22763.0
2025-03-03 17:36:00,94.25,94.28,94.115,94.145,22150.0
2025-03-03 17:38:00,94.17,94.32,94.1,94.32,24808.0
2025-03-03 17:40:00,94.32,94.435,94.32,94.4,21795.0
2025-03-03 17:42:00,94.4,94.545,94.3978,94.405,27998.0
2025-03-03 17:44:00,94.36,94.4,94.06,94.09,31389.0
2025-03-03 17:46:00,94.1,94.1,93.8,93.9,23091.0
2025-03-03 17:48:00,93.95,94.1138,93.925,93.965,29448.0
2025-03-03 17:50:00,93.95,94.0,93.87,93.955,23063.0
2025-03-03 17:52:00,93.96,93.98,93.8,93.8,20576.0
2025-03-03 17:54:00,93.815,93.84,93.6,93.63,35426.0
2025-03-03 17:56:00,93.675,93.7,93.305,93.365,35303.0
2025-03-03 17:58:00,93.34,93.4101,93.27,93.39,55068.0
2025-03-03 18:00:00,93.38,93.434,93.17,93.21,41819.0
2025-03-03 18:02:00,93.215,93.27,93.01,93.14,56734.0
2025-03-03 18:04:00,93.155,93.155,92.855,92.865,47618.0
2025-03-03 18:06:00,92.875,92.895,92.585,92.66,55805.0
2025-03-03 18:08:00,92.66,92.68,92.42,92.525,62256.0
2025-03-03 18:10:00,92.5,92.5,92.26,92.4,79052.0
2025-03-03 18:12:00,92.4,92.4,92.07,92.0801,104910.0
2025-03-03 18:14:00,92.09,92.39,91.9522,92.3,148649.0
2025-03-03 18:16:00,92.3,92.39,92.24,92.355,69269.0
2025-03-03 18:18:00,92.34,92.51,92.27,92.39,52594.0
2025-03-03 18:20:00,92.3802,92.4,92.14,92.14,44819.0
2025-03-03 18:22:00,92.22,92.285,92.18,92.2,27256.0
2025-03-03 18:24:00,92.22,92.48,92.19,92.3,36817.0
2025-03-03 18:26:00,92.2801,92.35,92.09,92.18,63899.0
2025-03-03 18:28:00,92.15,92.1812,91.859,91.9542,38437.0
2025-03-03 18:30:00,91.93,92.09,91.93,92.03,41142.0
2025-03-03 18:32:00,92.0256,92.0256,91.7,91.885,39357.0
2025-03-03 18:34:00,91.86,92.3599,91.815,92.3599,58584.0
2025-03-03 18:36:00,92.321,92.321,92.08,92.16,34624.0
2025-03-03 18:38:00,92.145,92.18,91.8405,91.87,49017.0
2025-03-03 18:40:00,91.89,92.13,91.8675,92.05,36054.0
2025-03-03 18:42:00,92.0899,92.21,92.02,92.13,45132.0
2025-03-03 18:44:00,92.12,92.13,91.98,92.08,21419.0
2025-03-03 18:46:00,92.0628,92.11,91.91,92.02,42181.0
2025-03-03 18:48:00,92.01,92.9,92.01,92.45,105541.0
2025-03-03 18:50:00,92.445,92.59,92.305,92.34,104894.0
2025-03-03 18:52:00,92.36,92.53,92.32,92.505,26483.0
2025-03-03 18:54:00,92.465,92.53,92.28,92.45,30420.0
2025-03-03 18:56:00,92.41,92.67,92.33,92.6,65161.0
2025-03-03 18:58:00,92.59,92.8752,92.59,92.79,71833.0
2025-03-03 19:00:00,92.78,93.06,92.7003,92.98,72021.0
2025-03-03 19:02:00,92.99,93.07,92.84,92.99,42950.0
2025-03-03 19:04:00,92.99,92.99,92.7,92.735,42633.0
2025-03-03 19:06:00,92.71,92.9018,92.71,92.9018,26422.0
2025-03-03 19:08:00,92.894,93.035,92.89,92.93,53678.0
2025-03-03 19:10:00,92.92,92.9297,92.8,92.91,27354.0
2025-03-03 19:12:00,92.905,92.955,92.6,92.685,59373.0
2025-03-03 19:14:00,92.685,92.73,92.53,92.54,42012.0
2025-03-03 19:16:00,92.54,92.6,92.32,92.375,34383.0
2025-03-03 19:18:00,92.36,92.4596,92.28,92.31,52661.0
2025-03-03 19:20:00,92.33,92.617,92.33,92.48,54291.0
2025-03-03 19:22:00,92.48,92.57,92.37,92.57,30772.0
2025-03-03 19:24:00,92.59,92.605,92.5,92.5,35765.0
2025-03-03 19:26:00,92.49,92.49,92.205,92.3,26726.0
2025-03-03 19:28:00,92.29,92.43,92.255,92.39,32205.0
2025-03-03 19:30:00,92.4,92.805,92.36,92.775,50804.0
2025-03-03 19:32:00,92.76,92.84,92.7226,92.825,39050.0
2025-03-03 19:34:00,92.83,92.86,92.71,92.725,43603.0
2025-03-03 19:36:00,92.725,92.75,92.6025,92.61,30389.0
2025-03-03 19:38:00,92.575,92.81,92.52,92.785,30342.0
2025-03-03 19:40:00,92.81,93.05,92.81,92.94,71316.0
2025-03-03 19:42:00,92.945,93.0,92.775,92.775,42784.0
2025-03-03 19:44:00,92.78,92.905,92.75,92.78,30415.0
2025-03-03 19:46:00,92.78,92.795,92.4705,92.485,35164.0
2025-03-03 19:48:00,92.47,92.52,92.28,92.305,45363.0
2025-03-03 19:50:00,92.325,92.49,92.02,92.092,71951.0
2025-03-03 19:52:00,92.12,92.19,91.745,91.795,46727.0
2025-03-03 19:54:00,91.75,91.94,91.66,91.74,45742.0
2025-03-03 19:56:00,91.78,91.95,91.5,91.62,65693.0
2025-03-03 19:58:00,91.61,91.6795,91.43,91.46,60521.0
2025-03-03 20:00:00,91.44,91.44,91.06,91.09,71739.0
2025-03-03 20:02:00,91.15,91.18,90.69,90.87,115698.0
2025-03-03 20:04:00,90.87,91.1106,90.87,90.92,94355.0
2025-03-03 20:06:00,90.935,91.17,90.8604,90.99,123423.0
2025-03-03 20:08:00,91.02,91.09,90.67,90.7599,70271.0
2025-03-03 20:10:00,90.74,90.79,90.385,90.3994,92316.0
2025-03-03 20:12:00,90.42,90.6395,90.18,90.5,116461.0
2025-03-03 20:14:00,90.495,90.88,90.47,90.755,91182.0
2025-03-03 20:16:00,90.74,90.97,90.64,90.81,91151.0
2025-03-03 20:18:00,90.81,90.8295,90.48,90.48,120303.0
2025-03-03 20:20:00,90.5,90.57,90.11,90.17,141914.0
2025-03-03 20:22:00,90.17,90.19,89.81,89.86,174504.0
2025-03-03 20:24:00,89.8632,89.98,89.73,89.915,161120.0
2025-03-03 20:26:00,89.91,89.93,89.658,89.78,124214.0
2025-03-03 20:28:00,89.7799,89.8495,89.6,89.7,90538.0
2025-03-03 20:30:00,89.69,90.05,89.68,89.915,142104.0
2025-03-03 20:32:00,89.9,89.95,89.6005,89.65,84759.0
2025-03-03 20:34:00,89.635,89.6697,89.44,89.62,116711.0
2025-03-03 20:36:00,89.605,89.84,89.54,89.695,152403.0
2025-03-03 20:38:00,89.685,89.84,89.65,89.705,152956.0
2025-03-03 20:40:00,89.67,89.83,89.58,89.59,120673.0
2025-03-03 20:42:00,89.595,89.7,89.48,89.53,117723.0
2025-03-03 20:44:00,89.55,89.87,89.39,89.78,131920.0
2025-03-03 20:46:00,89.8,90.03,89.74,89.88,137558.0
2025-03-03 20:48:00,89.8615,90.25,89.86,90.14,149164.0
2025-03-03 20:50:00,90.09,90.44,90.09,90.23,289435.0
2025-03-03 20:52:00,90.23,90.51,90.14,90.39,260590.0
2025-03-03 20:54:00,90.4,90.52,90.1202,90.32,313876.0
2025-03-03 20:56:00,90.325,90.66,90.275,90.41,377719.0
2025-03-03 20:58:00,90.42,90.59,90.32,90.56,742347.0
2025-03-03 21:00:00,90.54,90.57,90.34,90.57,85565.0
2025-03-03 21:02:00,90.78,90.79,90.6018,90.79,7170.0
2025-03-03 21:04:00,90.75,90.9,90.7,90.9,3880.0
2025-03-03 21:06:00,90.8,91.03,90.54,91.0,15106.0
2025-03-03 21:08:00,90.99,90.99,90.9,90.9,2704.0
2025-03-03 21:10:00,90.89,90.96,90.89,90.96,683.0
2025-03-03 21:12:00,91.0,91.05,90.9803,91.05,1183.0
2025-03-03 21:14:00,91.0,91.0,91.0,91.0,279.0
2025-03-03 21:16:00,90.9522,91.04,90.9522,91.04,5593.0
2025-03-03 21:18:00,91.07,91.07,91.07,91.07,285.0
2025-03-03 21:20:00,91.1,91.14,91.07,91.14,1759.0
2025-03-03 21:22:00,91.05,91.1291,91.01,91.01,732.0
2025-03-03 21:24:00,90.9545,91.1175,90.9545,91.1175,559.0
2025-03-03 21:26:00,91.0,91.0399,91.0,91.0399,4088.0
2025-03-03 21:28:00,90.9988,91.0,90.9988,91.0,793.0
2025-03-03 21:30:00,91.0,91.0,91.0,91.0,600.0
2025-03-03 21:32:00,91.0,91.0,91.0,91.0,642.0
2025-03-03 21:34:00,91.01,91.01,91.01,91.01,559.0
2025-03-03 21:36:00,91.02,91.03,90.96,90.96,2788.0
2025-03-03 21:38:00,90.95,90.99,90.54,90.78,5396.0
2025-03-03 21:40:00,90.87,90.87,90.87,90.87,283.0
2025-03-03 21:42:00,90.867,90.867,90.867,90.867,1561.0
2025-03-03 21:44:00,90.76,90.78,90.75,90.75,3513.0
2025-03-03 21:46:00,90.8,90.87,90.8,90.87,534.0
2025-03-03 21:48:00,90.87,90.88,90.87,90.88,1038.0
2025-03-03 21:50:00,90.93,90.93,90.8014,90.8014,273.0
2025-03-03 21:52:00,90.54,90.54,90.54,90.54,1870.0
2025-03-03 21:54:00,90.54,90.8,90.54,90.8,3667.0
2025-03-03 21:58:00,90.8497,90.8497,90.8497,90.8497,271.0
2025-03-03 22:02:00,90.87,90.88,90.87,90.88,577.0
2025-03-03 22:04:00,90.9,91.03,90.9,90.9013,3822.0
2025-03-03 22:06:00,90.91,90.9488,90.91,90.9488,861.0
2025-03-03 22:10:00,90.97,91.0,90.96,91.0,2081.0
2025-03-03 22:12:00,91.03,91.03,91.03,91.03,636.0
2025-03-03 22:14:00,91.01,91.02,91.01,91.02,656.0
2025-03-03 22:18:00,90.99,91.03,90.9,91.0,2412.0
2025-03-03 22:20:00,90.9808,90.9808,90.9808,90.9808,295.0
2025-03-03 22:22:00,91.0,91.0,90.96,90.96,2183.0
2025-03-03 22:32:00,90.81,90.81,90.81,90.81,177.0
2025-03-03 22:36:00,90.79,90.8,90.75,90.75,677.0
2025-03-03 22:40:00,90.8,90.8,90.8,90.8,101.0
2025-03-03 22:42:00,90.9,90.9,90.7,90.7,443.0
2025-03-03 22:46:00,90.75,90.8,90.75,90.8,618.0
2025-03-03 22:48:00,90.76,90.76,90.75,90.75,935.0
2025-03-03 22:50:00,90.72,90.72,90.72,90.72,101.0
2025-03-03 22:52:00,90.61,90.61,90.61,90.61,347.0
2025-03-03 22:54:00,90.7,90.72,90.6127,90.72,541.0
2025-03-03 22:58:00,90.68,90.68,90.68,90.68,191.0
2025-03-03 23:00:00,90.7001,90.7001,90.7001,90.7001,348.0
2025-03-03 23:04:00,90.72,90.75,90.72,90.75,2118.0
2025-03-03 23:06:00,90.85,90.85,90.85,90.85,391.0
2025-03-03 23:14:00,90.7,90.7,90.7,90.7,1003.0
2025-03-03 23:16:00,90.7,90.7025,90.61,90.7025,838.0
2025-03-03 23:18:00,90.7501,90.85,90.75,90.76,972.0
2025-03-03 23:20:00,90.61,90.61,90.61,90.61,259.0
2025-03-03 23:22:00,90.7,90.7,90.7,90.7,364.0
2025-03-03 23:24:00,90.8,90.8,90.8,90.8,203.0
2025-03-03 23:26:00,90.85,90.86,90.85,90.86,345.0
2025-03-03 23:28:00,90.99,90.99,90.99,90.99,541.0
2025-03-03 23:30:00,90.99,91.03,90.99,91.03,1761.0
2025-03-03 23:32:00,91.03,91.03,91.02,91.02,311.0
2025-03-03 23:36:00,91.0,91.0,91.0,91.0,245.0
2025-03-03 23:40:00,90.83,90.83,90.83,90.83,112.0
2025-03-03 23:42:00,90.8001,90.8001,90.8,90.8,347.0
2025-03-03 23:46:00,90.66,90.66,90.66,90.66,133.0
2025-03-03 23:50:00,90.66,90.66,90.66,90.66,178.0
2025-03-03 23:52:00,90.7014,90.7014,90.7,90.7,665.0
2025-03-03 23:54:00,90.7,90.7,90.7,90.7,653.0
2025-03-03 23:56:00,90.71,90.71,90.71,90.71,170.0
2025-03-04 00:10:00,90.8,90.8,90.8,90.8,614.0
2025-03-04 00:14:00,90.7,90.7,90.7,90.7,282.0
2025-03-04 00:20:00,90.8,90.8,90.6342,90.6342,899.0
2025-03-04 00:26:00,90.75,90.75,90.75,90.75,465.0
2025-03-04 00:34:00,90.79,90.79,90.7,90.7,545.0
2025-03-04 00:36:00,90.7,90.7,90.7,90.7,277.0
2025-03-04 00:38:00,90.7017,90.7017,90.7001,90.7001,736.0
2025-03-04 00:42:00,90.65,90.8,90.65,90.8,617.0
2025-03-04 00:46:00,90.7966,90.8,90.7966,90.8,982.0
2025-03-04 00:50:00,90.77,90.8,90.77,90.8,875.0
2025-03-04 00:52:00,90.8,91.0,90.8,90.805,1010.0
2025-03-04 00:56:00,90.95,91.0,90.95,91.0,1295.0
2025-03-04 00:58:00,91.0,91.02,90.9,90.9,2281.0
2025-03-04 09:00:00,90.54,90.54,90.54,90.54,785.0
2025-03-04 09:02:00,90.8,91.05,90.8,91.05,1241.0
2025-03-04 09:04:00,91.09,91.09,91.09,91.09,201.0
2025-03-04 09:06:00,91.02,91.02,91.0,91.0,3456.0
2025-03-04 09:08:00,90.96,91.05,90.96,91.05,1376.0
2025-03-04 09:10:00,91.02,91.08,91.02,91.08,394.0
2025-03-04 09:12:00,90.99,90.99,90.99,90.99,341.0
2025-03-04 09:14:00,90.98,91.05,90.65,90.72,3919.0
2025-03-04 09:16:00,90.81,90.81,90.81,90.81,128.0
2025-03-04 09:18:00,90.72,90.72,90.72,90.72,231.0
2025-03-04 09:20:00,90.8,90.8,90.8,90.8,481.0
2025-03-04 09:22:00,90.82,90.82,90.8,90.8,679.0
2025-03-04 09:24:00,90.75,90.75,90.75,90.75,280.0
2025-03-04 09:32:00,90.83,90.95,90.83,90.95,528.0
2025-03-04 09:36:00,90.72,90.72,90.67,90.67,650.0
2025-03-04 09:40:00,90.66,90.66,90.66,90.66,806.0
2025-03-04 09:42:00,90.61,90.62,90.61,90.62,579.0
2025-03-04 09:46:00,90.83,90.85,90.64,90.64,687.0
2025-03-04 09:48:00,90.85,90.85,90.85,90.85,449.0
2025-03-04 09:50:00,90.84,90.84,90.84,90.84,210.0
2025-03-04 09:52:00,90.85,90.87,90.79,90.87,775.0
2025-03-04 10:02:00,90.51,90.51,90.5,90.5,1134.0
2025-03-04 10:04:00,90.48,90.48,90.48,90.48,225.0
2025-03-04 10:06:00,90.42,90.42,90.42,90.42,267.0
2025-03-04 10:08:00,90.5,90.51,90.29,90.3,1081.0
2025-03-04 10:10:00,90.33,90.33,90.27,90.27,717.0
2025-03-04 10:16:00,90.3,90.3,90.3,90.3,227.0
2025-03-04 10:24:00,90.23,90.23,90.22,90.22,556.0
2025-03-04 10:28:00,90.08,90.08,90.08,90.08,605.0
2025-03-04 10:34:00,90.12,90.12,90.12,90.12,261.0
2025-03-04 10:40:00,90.1,90.1,90.1,90.1,1933.0
2025-03-04 10:48:00,90.13,90.13,90.09,90.09,1006.0
2025-03-04 10:52:00,90.19,90.19,90.19,90.19,376.0
2025-03-04 11:00:00,90.09,90.09,90.09,90.09,411.0
2025-03-04 11:06:00,90.08,90.08,90.08,90.08,330.0
2025-03-04 11:28:00,90.34,90.34,90.34,90.34,105.0
2025-03-04 11:30:00,90.25,90.25,90.12,90.13,3050.0
2025-03-04 11:32:00,90.11,90.11,90.06,90.06,409.0
2025-03-04 11:44:00,90.28,90.34,90.28,90.34,810.0
2025-03-04 11:46:00,90.29,90.29,90.26,90.29,470.0
2025-03-04 11:50:00,90.34,90.36,90.24,90.25,4027.0
2025-03-04 11:52:00,90.24,90.24,90.05,90.05,1658.0
2025-03-04 11:54:00,90.1,90.11,90.1,90.11,408.0
2025-03-04 12:00:00,90.18,90.18,89.99,89.99,1557.0
2025-03-04 12:02:00,89.81,89.81,89.81,89.81,452.0
2025-03-04 12:04:00,89.75,89.79,89.6,89.6,1507.0
2025-03-04 12:06:00,89.72,89.74,89.59,89.59,3376.0
2025-03-04 12:12:00,89.65,89.65,89.65,89.65,577.0
2025-03-04 12:14:00,89.65,89.65,89.65,89.65,303.0
2025-03-04 12:16:00,89.6,89.6,89.6,89.6,415.0
2025-03-04 12:18:00,89.54,89.64,89.42,89.42,2654.0
2025-03-04 12:20:00,89.54,89.54,89.43,89.5,728.0
2025-03-04 12:22:00,89.3,89.3,89.3,89.3,1066.0
2025-03-04 12:24:00,89.28,89.28,89.11,89.14,2484.0
2025-03-04 12:26:00,89.15,89.6,89.15,89.27,9758.0
2025-03-04 12:28:00,89.45,89.45,89.21,89.21,2415.0
2025-03-04 12:30:00,89.41,89.48,89.4,89.47,1855.0
2025-03-04 12:32:00,89.39,89.47,89.39,89.47,1595.0
2025-03-04 12:34:00,89.5,89.54,89.5,89.5,1698.0
2025-03-04 12:36:00,89.45,89.45,89.28,89.28,4542.0
2025-03-04 12:38:00,89.32,89.32,89.32,89.32,295.0
2025-03-04 12:42:00,89.25,89.26,89.15,89.2,3932.0
2025-03-04 12:44:00,89.2,89.21,89.15,89.2,1376.0
2025-03-04 12:50:00,89.35,89.44,89.35,89.44,655.0
2025-03-04 12:54:00,89.31,89.31,89.29,89.31,1046.0
2025-03-04 12:56:00,89.22,89.22,89.12,89.12,2233.0
2025-03-04 12:58:00,89.1,89.23,89.01,89.23,4932.0
2025-03-04 13:00:00,89.48,91.14,89.1,89.22,44110.0
2025-03-04 13:02:00,89.2803,89.2803,89.13,89.18,2700.0
2025-03-04 13:04:00,89.18,89.18,88.89,89.01,6761.0
2025-03-04 13:06:00,88.9,89.1,88.9,89.1,2036.0
2025-03-04 13:08:00,88.94,88.94,88.94,88.94,550.0
2025-03-04 13:10:00,89.0001,89.12,89.0001,89.12,2946.0
2025-03-04 13:12:00,89.04,89.149,88.96,89.149,3089.0
2025-03-04 13:14:00,89.0,89.0,88.9,89.0,2439.0
2025-03-04 13:16:00,89.05,89.05,89.0,89.0,2404.0
2025-03-04 13:18:00,88.92,88.92,88.8,88.83,3194.0
2025-03-04 13:20:00,88.85,88.9,88.75,88.8294,4776.0
2025-03-04 13:22:00,88.7512,89.0,88.7512,88.88,4827.0
2025-03-04 13:24:00,88.86,88.89,88.75,88.75,1669.0
2025-03-04 13:26:00,88.8,88.86,88.8,88.86,852.0
2025-03-04 13:28:00,88.7501,88.92,88.75,88.76,10451.0
2025-03-04 13:30:00,88.88,89.23,88.76,89.23,5004.0
2025-03-04 13:32:00,89.37,89.37,89.17,89.1703,2112.0
2025-03-04 13:34:00,89.3364,89.3488,89.0,89.3488,6154.0
2025-03-04 13:36:00,89.35,89.48,89.3304,89.48,2919.0
2025-03-04 13:38:00,89.38,89.45,89.15,89.28,2383.0
2025-03-04 13:40:00,89.3,89.59,89.3,89.51,7618.0
2025-03-04 13:42:00,89.6106,89.73,89.6106,89.7,1434.0
2025-03-04 13:44:00,89.7986,89.7986,89.63,89.6301,1378.0
2025-03-04 13:46:00,89.7016,89.7998,89.5,89.5,1976.0
2025-03-04 13:48:00,89.7,89.7,89.7,89.7,2333.0
2025-03-04 13:50:00,89.7,89.7,89.46,89.55,8510.0
2025-03-04 13:52:00,89.54,89.7963,89.5,89.79,2602.0
2025-03-04 13:54:00,89.79,89.79,89.5062,89.5062,1457.0
2025-03-04 13:56:00,89.55,89.65,89.55,89.65,820.0
2025-03-04 13:58:00,89.69,89.76,89.6537,89.6537,1494.0
2025-03-04 14:00:00,89.65,89.83,89.65,89.83,3974.0
2025-03-04 14:02:00,89.52,90.45,89.52,90.3922,12167.0
2025-03-04 14:04:00,90.3,90.3,89.84,90.06,5966.0
2025-03-04 14:06:00,90.12,90.3,90.12,90.3,1522.0
2025-03-04 14:08:00,89.96,90.0,89.92,89.99,5523.0
2025-03-04 14:10:00,89.99,90.36,89.99,90.18,15999.0
2025-03-04 14:12:00,90.19,90.405,90.19,90.32,3845.0
2025-03-04 14:14:00,90.37,90.38,90.3499,90.3499,2408.0
2025-03-04 14:16:00,90.0,90.01,90.0,90.006,599.0
2025-03-04 14:18:00,90.002,90.1988,90.0,90.1,22486.0
2025-03-04 14:20:00,90.0,90.03,89.8083,89.86,4419.0
2025-03-04 14:22:00,89.75,89.75,89.6959,89.6959,478.0
2025-03-04 14:24:00,89.9,89.94,89.65,89.65,5198.0
2025-03-04 14:26:00,89.89,90.01,89.75,89.75,5598.0
2025-03-04 14:28:00,90.34,90.44,90.16,90.43,3413.0
2025-03-04 14:30:00,90.2,90.34,88.8901,89.05,631030.0
2025-03-04 14:32:00,89.09,89.34,88.43,88.81,291750.0
2025-03-04 14:34:00,88.785,89.15,88.63,89.085,212869.0
2025-03-04 14:36:00,89.03,90.16,88.945,90.12,391094.0
2025-03-04 14:38:00,90.15,90.27,89.57,89.6,155281.0
2025-03-04 14:40:00,89.57,90.0,89.215,89.38,265655.0
2025-03-04 14:42:00,89.365,89.3698,88.73,88.79,301140.0
2025-03-04 14:44:00,88.82,89.48,88.81,89.2,226635.0
2025-03-04 14:46:00,89.23,90.16,89.21,89.91,116168.0
2025-03-04 14:48:00,89.87,90.28,89.56,89.65,174469.0
2025-03-04 14:50:00,89.64,89.99,89.4875,89.98,110818.0
2025-03-04 14:52:00,90.04,90.24,89.69,89.79,121622.0
2025-03-04 14:54:00,89.83,90.27,89.5604,89.632,108479.0
2025-03-04 14:56:00,89.63,89.905,89.5,89.77,94850.0
2025-03-04 14:58:00,89.75,89.77,89.1,89.145,116186.0
2025-03-04 15:00:00,89.14,89.14,88.47,88.97,513330.0
2025-03-04 15:02:00,88.9278,89.01,87.96,88.28,294192.0
2025-03-04 15:04:00,88.3,88.51,87.97,88.03,170892.0
2025-03-04 15:06:00,88.0,88.04,87.54,87.545,215877.0
2025-03-04 15:08:00,87.61,87.98,87.45,87.735,163313.0
2025-03-04 15:10:00,87.72,87.8599,87.57,87.695,103621.0
2025-03-04 15:12:00,87.72,88.265,87.705,88.02,114806.0
2025-03-04 15:14:00,88.07,88.22,87.59,87.69,102990.0
2025-03-04 15:16:00,87.69,87.81,87.41,87.52,126416.0
2025-03-04 15:18:00,87.51,87.54,86.96,87.105,223418.0
2025-03-04 15:20:00,87.12,87.34,86.92,86.95,187338.0
2025-03-04 15:22:00,86.95,87.32,86.8,87.1124,149538.0
2025-03-04 15:24:00,87.13,87.34,87.01,87.29,108927.0
2025-03-04 15:26:00,87.285,87.75,87.1388,87.4492,185991.0
2025-03-04 15:28:00,87.45,88.09,87.38,87.91,123609.0
2025-03-04 15:30:00,87.91,88.38,87.601164,88.18,97842.0
2025-03-04 15:32:00,88.175,88.3,88.0,88.21,97422.0
2025-03-04 15:34:00,88.19,88.5,88.0,88.4,84524.0
2025-03-04 15:36:00,88.33,88.41,88.14,88.235,97705.0
2025-03-04 15:38:00,88.21,88.26,87.918,88.125,103038.0
2025-03-04 15:40:00,88.15,88.49,87.88,88.39,101831.0
2025-03-04 15:42:00,88.35,88.39,88.03,88.1,60458.0
2025-03-04 15:44:00,88.11,88.67,88.11,88.57,97471.0
2025-03-04 15:46:00,88.565,88.6,88.05,88.5,102478.0
2025-03-04 15:48:00,88.48,88.76,88.46,88.5474,130666.0
2025-03-04 15:50:00,88.6,88.72,88.2603,88.338,125896.0
2025-03-04 15:52:00,88.3508,88.4599,88.1172,88.13,51804.0
2025-03-04 15:54:00,88.13,88.35,88.09,88.18,49282.0
2025-03-04 15:56:00,88.1388,88.32,88.13,88.21,43722.0
2025-03-04 15:58:00,88.2,88.68,88.19,88.53,74467.0
2025-03-04 16:00:00,88.53,88.8792,88.49,88.49,67190.0
2025-03-04 16:02:00,88.5,88.55,88.185,88.47,63496.0
2025-03-04 16:04:00,88.505,88.505,88.24,88.34,47358.0
2025-03-04 16:06:00,88.34,88.5,88.25,88.325,56823.0
2025-03-04 16:08:00,88.335,88.35,87.95,88.12,93355.0
2025-03-04 16:10:00,88.15,88.55,88.08,88.46,58447.0
2025-03-04 16:12:00,88.51,88.656,88.42,88.55,80618.0
2025-03-04 16:14:00,88.54,88.82,88.4443,88.69,75054.0
2025-03-04 16:16:00,88.67,88.735,88.35,88.4176,73349.0
2025-03-04 16:18:00,88.42,88.44,88.08,88.13,54258.0
2025-03-04 16:20:00,88.175,88.49,88.15,88.38,53548.0
2025-03-04 16:22:00,88.42,88.59,88.135,88.188,81641.0
2025-03-04 16:24:00,88.175,88.375,88.175,88.285,69883.0
2025-03-04 16:26:00,88.27,88.48,88.25,88.4,60533.0
2025-03-04 16:28:00,88.4,88.475,88.02,88.21,89102.0
2025-03-04 16:30:00,88.205,88.68,88.205,88.41,84839.0
2025-03-04 16:32:00,88.39,88.625,88.37,88.475,76733.0
2025-03-04 16:34:00,88.48,88.6697,88.39,88.524,56850.0
2025-03-04 16:36:00,88.53,88.79,88.53,88.71,87046.0
2025-03-04 16:38:00,88.7,88.72,88.48,88.5736,65712.0
2025-03-04 16:40:00,88.55,88.88,88.545,88.715,53313.0
2025-03-04 16:42:00,88.7283,89.1099,88.705,88.96,96643.0
2025-03-04 16:44:00,88.96,89.0,88.87,88.96,40949.0
2025-03-04 16:46:00,88.98,89.1197,88.92,89.09,48534.0
2025-03-04 16:48:00,89.1,89.53,88.93,89.48,105425.0
2025-03-04 16:50:00,89.45,89.59,89.35,89.53,47260.0
2025-03-04 16:52:00,89.48,89.805,89.445,89.77,80388.0
2025-03-04 16:54:00,89.784,89.83,89.55,89.8,53970.0
2025-03-04 16:56:00,89.8248,90.0,89.7926,89.9,56034.0
2025-03-04 16:58:00,89.89,90.0236,89.63,89.67,48527.0
2025-03-04 17:00:00,89.74,89.81,89.42,89.55,62401.0
2025-03-04 17:02:00,89.51,89.7,89.5,89.63,41766.0
2025-03-04 17:04:00,89.67,90.115,89.67,89.97,63587.0
2025-03-04 17:06:00,89.93,89.95,89.67,89.73,54543.0
2025-03-04 17:08:00,89.74,90.04,89.65,89.91,70541.0
2025-03-04 17:10:00,89.92,90.3,89.9,90.29,62647.0
2025-03-04 17:12:00,90.28,90.29,90.05,90.095,44852.0
2025-03-04 17:14:00,90.085,90.32,90.05,90.31,49021.0
2025-03-04 17:16:00,90.33,90.37,90.1,90.22,108691.0
2025-03-04 17:18:00,90.22,90.27,89.94,89.99,49803.0
2025-03-04 17:20:00,89.98,90.21,89.86,90.21,67395.0
2025-03-04 17:22:00,90.215,90.46,90.215,90.27,51929.0
2025-03-04 17:24:00,90.27,90.57,90.1,90.5564,85958.0
2025-03-04 17:26:00,90.555,90.95,90.542,90.9486,91235.0
2025-03-04 17:28:00,90.94,91.105,90.67,90.76,90009.0
2025-03-04 17:30:00,90.77,90.82,90.5,90.57,60129.0
2025-03-04 17:32:00,90.57,90.69,90.45,90.515,67104.0
2025-03-04 17:34:00,90.515,90.7999,90.465,90.705,53470.0
2025-03-04 17:36:00,90.73,91.02,90.73,90.93,47066.0
2025-03-04 17:38:00,90.92,91.11,90.88,90.985,64307.0
2025-03-04 17:40:00,90.97,91.0718,90.64,90.86,120097.0
2025-03-04 17:42:00,90.88,90.975,90.68,90.88,56851.0
2025-03-04 17:44:00,90.9,91.305,90.78,91.27,54428.0
2025-03-04 17:46:00,91.27,91.41,91.22,91.305,82537.0
2025-03-04 17:48:00,91.33,91.49,91.105,91.23,53687.0
2025-03-04 17:50:00,91.245,91.27,91.05,91.21,61322.0
2025-03-04 17:52:00,91.18,91.18,90.865,91.075,77801.0
2025-03-04 17:54:00,91.08,91.21,90.9,91.02,45989.0
2025-03-04 17:56:00,91.06,91.08,90.785,90.785,35652.0
2025-03-04 17:58:00,90.78,90.88,90.69,90.735,59581.0
2025-03-04 18:00:00,90.72,90.91,90.62,90.6404,59882.0
2025-03-04 18:02:00,90.655,90.84,90.5755,90.84,56787.0
2025-03-04 18:04:00,90.805,90.98,90.65,90.87,41634.0
2025-03-04 18:06:00,90.88,90.97,90.83,90.925,34880.0
2025-03-04 18:08:00,90.905,91.33,90.905,91.18,56217.0
2025-03-04 18:10:00,91.175,91.43,91.12,91.37,115250.0
2025-03-04 18:12:00,91.39,91.565,91.365,91.445,71002.0
2025-03-04 18:14:00,91.425,91.52,91.33,91.39,39373.0
2025-03-04 18:16:00,91.38,91.425,90.96,91.05,44821.0
2025-03-04 18:18:00,91.04,91.255,90.82,91.1175,42550.0
2025-03-04 18:20:00,91.14,91.26,91.075,91.13,46420.0
2025-03-04 18:22:00,91.1,91.14,90.76,90.79,47530.0
2025-03-04 18:24:00,90.78,91.005,90.74,90.96,30379.0
2025-03-04 18:26:00,90.965,91.0,90.88,90.9,19568.0
2025-03-04 18:28:00,90.88,90.89,90.66,90.77,52272.0
2025-03-04 18:30:00,90.73,90.7399,90.53,90.66,62872.0
2025-03-04 18:32:00,90.61,90.905,90.59,90.9,59461.0
2025-03-04 18:34:00,90.9,91.03,90.77,90.79,42983.0
2025-03-04 18:36:00,90.79,90.98,90.75,90.94,44696.0
2025-03-04 18:38:00,90.95,91.14,90.93,91.1,68350.0
2025-03-04 18:40:00,91.14,91.2552,91.01,91.2552,54001.0
2025-03-04 18:42:00,91.26,91.39,91.25,91.26,68476.0
2025-03-04 18:44:00,91.25,91.335,91.07,91.3,44928.0
2025-03-04 18:46:00,91.315,91.465,91.09,91.416,76862.0
2025-03-04 18:48:00,91.435,91.46,91.15,91.21,49542.0
2025-03-04 18:50:00,91.225,91.29,91.11,91.24,32200.0
2025-03-04 18:52:00,91.21,91.5496,91.21,91.42,48961.0
2025-03-04 18:54:00,91.4,91.56,91.29,91.545,43261.0
2025-03-04 18:56:00,91.545,91.76,91.53,91.72,53984.0
2025-03-04 18:58:00,91.7,91.74,91.37,91.4,86502.0
2025-03-04 19:00:00,91.4,91.66,91.4,91.64,40719.0
2025-03-04 19:02:00,91.65,92.03,91.65,91.98,65269.0
2025-03-04 19:04:00,91.9848,92.09,91.85,92.04,159883.0
2025-03-04 19:06:00,92.04,92.2499,92.03,92.22,48749.0
2025-03-04 19:08:00,92.22,92.32,92.09,92.13,82941.0
2025-03-04 19:10:00,92.13,92.19,91.89,92.03,51723.0
2025-03-04 19:12:00,92.055,92.145,91.84,91.97,60860.0
2025-03-04 19:14:00,92.0091,92.09,91.93,91.98,37815.0
2025-03-04 19:16:00,91.96,92.215,91.94,92.175,54756.0
2025-03-04 19:18:00,92.17,92.3,92.165,92.215,61416.0
2025-03-04 19:20:00,92.23,92.45,92.09,92.45,59324.0
2025-03-04 19:22:00,92.42,92.7355,92.36,92.7,64821.0
2025-03-04 19:24:00,92.7,92.94,92.55,92.94,96216.0
2025-03-04 19:26:00,92.93,93.02,92.66,92.88,154825.0
2025-03-04 19:28:00,92.88,92.97,92.54,92.6197,152524.0
2025-03-04 19:30:00,92.62,92.75,92.405,92.455,85331.0
2025-03-04 19:32:00,92.49,92.575,92.305,92.315,49209.0
2025-03-04 19:34:00,92.305,92.44,92.28,92.32,30751.0
2025-03-04 19:36:00,92.31,92.5761,92.26,92.45,73646.0
2025-03-04 19:38:00,92.465,92.55,92.4001,92.4402,31445.0
2025-03-04 19:40:00,92.445,92.56,92.26,92.35,43338.0
2025-03-04 19:42:00,92.34,92.5,92.32,92.49,39352.0
2025-03-04 19:44:00,92.51,92.565,92.43,92.5,35774.0
2025-03-04 19:46:00,92.53,92.76,92.52,92.52,61026.0
2025-03-04 19:48:00,92.54,92.7199,92.54,92.63,55825.0
2025-03-04 19:50:00,92.64,92.74,92.62,92.69,112576.0
2025-03-04 19:52:00,92.69,92.8,92.64,92.7,40543.0
2025-03-04 19:54:00,92.69,92.7025,92.49,92.61,43055.0
2025-03-04 19:56:00,92.57,92.66,92.56,92.56,60872.0
2025-03-04 19:58:00,92.55,92.88,92.55,92.82,64591.0
2025-03-04 20:00:00,92.795,93.035,92.76,93.035,44343.0
2025-03-04 20:02:00,93.035,93.06,92.82,92.82,69403.0
2025-03-04 20:04:00,92.78,92.795,92.64,92.76,53273.0
2025-03-04 20:06:00,92.74,92.9,92.64,92.9,48893.0
2025-03-04 20:08:00,92.87,92.9969,92.77,92.785,68178.0
2025-03-04 20:10:00,92.785,93.07,92.74,92.955,57054.0
2025-03-04 20:12:00,92.969,93.05,92.84,92.92,49679.0
2025-03-04 20:14:00,92.9239,92.95,92.74,92.79,50122.0
2025-03-04 20:16:00,92.8,92.985,92.665,92.96,58020.0
2025-03-04 20:18:00,92.965,93.08,92.86,93.02,58330.0
2025-03-04 20:20:00,93.05,93.335,93.01,93.29,82730.0
2025-03-04 20:22:00,93.32,93.49,93.22,93.475,105120.0
2025-03-04 20:24:00,93.49,93.59,93.35,93.375,102387.0
2025-03-04 20:26:00,93.36,93.58,93.32,93.435,139750.0
2025-03-04 20:28:00,93.435,93.435,93.0775,93.1,91150.0
2025-03-04 20:30:00,93.095,93.12,92.53,92.68,141390.0
2025-03-04 20:32:00,92.685,92.685,92.33,92.35,128112.0
2025-03-04 20:34:00,92.39,92.61,92.23,92.57,162332.0
2025-03-04 20:36:00,92.565,92.57,92.065,92.14,337953.0
2025-03-04 20:38:00,92.15,92.25,91.8,91.8096,142646.0
2025-03-04 20:40:00,91.8,91.93,91.61,91.635,123802.0
2025-03-04 20:42:00,91.645,91.8,91.5301,91.655,116704.0
2025-03-04 20:44:00,91.66,91.85,91.545,91.63,119802.0
2025-03-04 20:46:00,91.61,91.72,91.455,91.54,98532.0
2025-03-04 20:48:00,91.545,91.58,91.27,91.32,118075.0
2025-03-04 20:50:00,91.29,91.29,90.52,90.57,216672.0
2025-03-04 20:52:00,90.56,90.74,90.41,90.69,196802.0
2025-03-04 20:54:00,90.67,91.18,90.6101,91.14,239532.0
2025-03-04 20:56:00,91.15,91.27,91.0,91.2101,298153.0
2025-03-04 20:58:00,91.215,91.28,91.07,91.26,635472.0
2025-03-04 21:00:00,91.2,91.5,91.2,91.28,135172.0
2025-03-04 21:04:00,91.5,91.5,91.37,91.3701,1733.0
2025-03-04 21:06:00,91.2,91.7893,91.2,91.5,6526.0
2025-03-04 21:10:00,91.66,91.83,91.6505,91.771,5100.0
2025-03-04 21:12:00,91.83,92.0,91.83,92.0,4892.0
2025-03-04 21:14:00,91.9101,91.9101,91.68,91.82,2173.0
2025-03-04 21:16:00,91.8255,91.8255,91.752,91.77,676.0
2025-03-04 21:18:00,91.7,91.7,91.7,91.7,493.0
2025-03-04 21:20:00,91.88,91.97,91.88,91.97,409.0
2025-03-04 21:22:00,91.99,92.2,91.99,92.07,1290.0
2025-03-04 21:24:00,91.2,92.2,91.2,92.03,2360.0
2025-03-04 21:26:00,92.18,92.48,92.18,92.48,3903.0
2025-03-04 21:28:00,92.43,92.43,92.4,92.4,1107.0
2025-03-04 21:30:00,92.35,92.42,92.26,92.35,2779.0
2025-03-04 21:32:00,92.48,92.48,92.34,92.34,373.0
2025-03-04 21:34:00,92.4,92.4,92.34,92.34,654.0
2025-03-04 21:36:00,92.34,92.34,92.34,92.34,528.0
2025-03-04 21:38:00,92.2,92.2,92.15,92.15,1996.0
2025-03-04 21:40:00,92.18,92.21,92.1001,92.1001,2730.0
2025-03-04 21:42:00,92.15,92.15,92.14,92.14,391.0
2025-03-04 21:44:00,92.13,92.14,92.08,92.08,2074.0
2025-03-04 21:48:00,92.14,92.14,91.2,92.12,3538.0
2025-03-04 21:50:00,92.14,92.14,92.14,92.14,956.0
2025-03-04 21:52:00,92.2188,92.2188,92.2188,92.2188,400.0
2025-03-04 21:54:00,92.1801,92.1801,92.1801,92.1801,136.0
2025-03-04 21:58:00,92.28,92.28,92.28,92.28,273.0
2025-03-04 22:04:00,92.2793,92.28,92.25,92.25,789.0
2025-03-04 22:10:00,92.298,92.298,92.298,92.298,217.0
2025-03-04 22:14:00,92.22,92.2221,92.22,92.2221,271.0
2025-03-04 22:16:00,92.2202,92.2202,92.2202,92.2202,2100.0
2025-03-04 22:20:00,92.26,92.26,92.26,92.26,206.0
2025-03-04 22:24:00,92.27,92.28,92.27,92.28,794.0
2025-03-04 22:32:00,92.23,92.23,92.22,92.22,315.0
2025-03-04 22:36:00,92.2785,92.2785,92.22,92.22,1046.0
2025-03-04 22:38:00,92.28,92.28,92.28,92.28,100.0
2025-03-04 22:40:00,92.2786,92.2786,92.27,92.27,301.0
2025-03-04 22:42:00,92.29,92.29,92.29,92.29,150.0
2025-03-04 22:46:00,92.22,92.22,92.2,92.2,354.0
2025-03-04 22:50:00,92.25,92.25,92.25,92.25,203.0
2025-03-04 22:52:00,92.28,92.28,92.28,92.28,201.0
2025-03-04 22:54:00,92.27,92.27,92.27,92.27,120.0
2025-03-04 22:56:00,92.26,92.26,92.25,92.26,440.0
2025-03-04 22:58:00,92.2475,92.2475,92.2475,92.2475,220.0
2025-03-04 23:02:00,92.26,92.26,92.2,92.2,312.0
2025-03-04 23:06:00,92.24,92.24,92.24,92.24,317.0
2025-03-04 23:10:00,92.25,92.29,92.25,92.29,897.0
2025-03-04 23:12:00,92.3,92.3,92.3,92.3,259.0
2025-03-04 23:14:00,92.3,92.3,92.3,92.3,453.0
2025-03-04 23:22:00,92.44,92.44,92.44,92.44,127.0
2025-03-04 23:28:00,92.46,92.46,92.46,92.46,353.0
2025-03-04 23:30:00,92.45,92.45,92.45,92.45,515.0
2025-03-04 23:32:00,92.51,92.54,92.51,92.54,483.0
2025-03-04 23:34:00,92.5,92.5042,92.5,92.5042,773.0
2025-03-04 23:40:00,92.55,92.55,92.55,92.55,200.0
2025-03-04 23:42:00,92.58,92.58,92.58,92.58,212.0
2025-03-04 23:44:00,92.41,92.41,92.41,92.41,154.0
2025-03-04 23:52:00,92.6,92.6,92.6,92.6,619.0
2025-03-05 00:00:00,92.4,92.4,92.4,92.4,1263.0
2025-03-05 00:02:00,92.4,92.4,92.4,92.4,110.0
2025-03-05 00:10:00,92.52,92.55,92.52,92.5496,1353.0
2025-03-05 00:12:00,92.51,92.51,92.51,92.51,100.0
2025-03-05 00:16:00,92.5096,92.5096,92.46,92.46,1445.0
2025-03-05 00:18:00,92.5,92.51,92.5,92.51,877.0
2025-03-05 00:20:00,92.53,92.53,92.5,92.5,1859.0
2025-03-05 00:22:00,92.44,92.44,92.4,92.4,1195.0
2025-03-05 00:24:00,92.4,92.4,92.39,92.4,1803.0
2025-03-05 00:26:00,92.4,92.4,92.4,92.4,300.0
2025-03-05 00:30:00,92.3301,92.3301,92.3301,92.3301,101.0
2025-03-05 00:34:00,92.39,92.3998,92.39,92.3998,345.0
2025-03-05 00:36:00,92.34,92.34,92.34,92.34,110.0
2025-03-05 00:40:00,92.3,92.3,92.3,92.3,325.0
2025-03-05 00:42:00,92.31,92.31,92.28,92.28,505.0
2025-03-05 00:44:00,92.27,92.27,92.27,92.27,371.0
2025-03-05 00:50:00,92.32,92.32,92.32,92.32,200.0
2025-03-05 00:52:00,92.4,92.53,92.3057,92.3057,1828.0
2025-03-05 00:54:00,92.53,92.53,92.53,92.53,105.0
2025-03-05 00:56:00,92.4,92.4,92.3094,92.3094,233.0
2025-03-05 00:58:00,92.52,92.52,92.52,92.52,101.0
2025-03-05 09:00:00,92.72,92.97,92.72,92.97,462.0
2025-03-05 09:02:00,92.95,93.01,92.95,93.01,619.0
2025-03-05 09:04:00,93.17,93.19,93.01,93.01,3261.0
2025-03-05 09:08:00,93.0,93.0,93.0,93.0,214.0
2025-03-05 09:12:00,93.2,93.22,93.2,93.22,369.0
2025-03-05 09:14:00,93.22,93.22,93.22,93.22,343.0
2025-03-05 09:16:00,93.28,93.3,93.28,93.3,875.0
2025-03-05 09:18:00,93.26,93.26,93.06,93.21,3952.0
2025-03-05 09:22:00,93.33,93.35,93.2,93.29,3111.0
2025-03-05 09:24:00,93.4,93.4,93.4,93.4,265.0
2025-03-05 09:26:00,93.34,93.34,93.3,93.3,411.0
2025-03-05 09:30:00,93.35,93.36,93.35,93.35,928.0
2025-03-05 09:36:00,93.37,93.37,93.37,93.37,101.0
2025-03-05 09:38:00,93.36,93.36,93.36,93.36,250.0
2025-03-05 09:40:00,93.25,93.25,93.25,93.25,214.0
2025-03-05 09:42:00,93.23,93.23,93.23,93.23,220.0
2025-03-05 09:44:00,93.35,93.36,93.33,93.33,1453.0
2025-03-05 09:48:00,93.28,93.34,93.16,93.34,2729.0
2025-03-05 09:50:00,93.3,93.4,93.3,93.35,2751.0
2025-03-05 09:54:00,93.18,93.18,93.16,93.16,270.0
2025-03-05 09:56:00,93.31,93.31,93.31,93.31,280.0
2025-03-05 10:02:00,93.1,93.1,93.1,93.1,249.0
2025-03-05 10:04:00,93.08,93.08,93.08,93.08,111.0
2025-03-05 10:10:00,92.92,93.0,92.92,93.0,1072.0
2025-03-05 10:12:00,92.57,92.65,92.57,92.64,2106.0
2025-03-05 10:14:00,92.59,92.59,92.59,92.59,931.0
2025-03-05 10:28:00,92.51,92.54,92.51,92.54,406.0
2025-03-05 10:32:00,92.62,92.64,92.62,92.64,564.0
2025-03-05 10:38:00,92.7,92.7,92.7,92.7,465.0
2025-03-05 10:42:00,92.77,92.77,92.77,92.77,245.0
2025-03-05 10:44:00,92.73,92.73,92.73,92.73,314.0
2025-03-05 11:00:00,92.78,92.78,92.78,92.78,547.0
2025-03-05 11:12:00,92.75,92.75,92.75,92.75,292.0
2025-03-05 11:22:00,92.64,92.69,92.64,92.69,555.0
2025-03-05 11:30:00,92.7,92.8,92.7,92.8,1876.0
2025-03-05 11:34:00,92.81,92.81,92.81,92.81,220.0
2025-03-05 11:36:00,92.83,92.83,92.83,92.83,204.0
2025-03-05 11:42:00,92.84,92.84,92.84,92.84,156.0
2025-03-05 11:52:00,92.9,92.9,92.52,92.52,2502.0
2025-03-05 11:54:00,92.52,92.52,92.5,92.5,571.0
2025-03-05 12:02:00,92.59,92.6,92.59,92.6,515.0
2025-03-05 12:06:00,92.5,92.5,92.5,92.5,328.0
2025-03-05 12:08:00,92.6,92.6,92.6,92.6,252.0
2025-03-05 12:10:00,92.6,92.75,92.6,92.75,1522.0
2025-03-05 12:12:00,92.87,92.89,92.87,92.89,288.0
2025-03-05 12:16:00,92.82,92.82,92.82,92.82,230.0
2025-03-05 12:18:00,92.75,92.76,92.71,92.71,2445.0
2025-03-05 12:20:00,92.56,92.56,92.56,92.56,520.0
2025-03-05 12:24:00,92.5,92.5,92.5,92.5,605.0
2025-03-05 12:30:00,92.55,92.55,92.55,92.55,200.0
2025-03-05 12:32:00,92.51,92.71,92.51,92.71,2392.0
2025-03-05 12:34:00,92.8,93.01,92.74,93.0,8908.0
2025-03-05 12:36:00,93.01,93.02,93.01,93.01,325.0
2025-03-05 12:38:00,93.01,93.01,93.01,93.01,170.0
2025-03-05 12:40:00,93.0,93.03,92.99,93.0,3439.0
2025-03-05 12:42:00,93.02,93.02,93.02,93.02,185.0
2025-03-05 12:44:00,93.07,93.13,93.07,93.13,978.0
2025-03-05 12:46:00,93.16,93.16,93.15,93.15,5348.0
2025-03-05 12:48:00,93.16,93.19,93.15,93.15,918.0
2025-03-05 12:50:00,93.16,93.31,93.16,93.31,5282.0
2025-03-05 12:52:00,93.35,93.35,93.21,93.21,2542.0
2025-03-05 12:56:00,93.17,93.17,93.15,93.15,336.0
2025-03-05 12:58:00,93.15,93.16,93.15,93.15,3142.0
2025-03-05 13:00:00,93.17,93.2839,92.25,93.15,26015.0
2025-03-05 13:02:00,93.28,93.29,93.01,93.01,5468.0
2025-03-05 13:04:00,93.1,93.2,93.1,93.2,2361.0
2025-03-05 13:06:00,93.06,93.06,93.0,93.0,1396.0
2025-03-05 13:10:00,93.1,93.1,93.1,93.1,1031.0
2025-03-05 13:12:00,93.05,93.05,93.05,93.05,126.0
2025-03-05 13:14:00,93.0,93.2,92.5,93.2,2720.0
2025-03-05 13:16:00,93.0,93.13,92.6,92.6575,2266.0
2025-03-05 13:18:00,92.66,92.75,92.61,92.61,2563.0
2025-03-05 13:20:00,92.5587,92.75,92.5587,92.62,970.0
2025-03-05 13:24:00,92.8,92.8,92.8,92.8,150.0
2025-03-05 13:26:00,92.6,92.6,92.51,92.51,1175.0
2025-03-05 13:28:00,92.34,92.34,92.25,92.25,1348.0
2025-03-05 13:30:00,92.49,92.69,92.49,92.69,1546.0
2025-03-05 13:32:00,92.6493,92.6493,92.6493,92.6493,382.0
2025-03-05 13:34:00,92.4999,92.4999,92.4999,92.4999,199.0
2025-03-05 13:36:00,92.38,92.38,92.305,92.305,1324.0
2025-03-05 13:38:00,92.313,92.42,92.313,92.42,1414.0
2025-03-05 13:40:00,92.4,92.63,92.4,92.6,2742.0
2025-03-05 13:42:00,92.44,92.44,92.36,92.4,2248.0
2025-03-05 13:44:00,92.35,92.35,92.31,92.31,1033.0
2025-03-05 13:46:00,92.39,92.42,92.39,92.42,781.0
2025-03-05 13:48:00,92.47,92.65,92.45,92.65,2165.0
2025-03-05 13:52:00,92.3869,92.3869,92.3869,92.3869,133.0
2025-03-05 13:54:00,92.58,92.58,92.5,92.5,4045.0
2025-03-05 13:56:00,92.56,92.56,92.56,92.56,146.0
2025-03-05 13:58:00,92.56,92.59,92.32,92.32,2145.0
2025-03-05 14:00:00,92.23,92.23,92.0,92.04,7811.0
2025-03-05 14:02:00,92.02,92.02,91.9001,91.9001,4788.0
2025-03-05 14:04:00,91.9,92.19,91.79,92.19,3969.0
2025-03-05 14:12:00,92.01,92.1953,92.01,92.1953,1547.0
2025-03-05 14:14:00,92.2,92.4,92.1047,92.39,2305.0
2025-03-05 14:16:00,92.4,92.48,92.35,92.35,2309.0
2025-03-05 14:20:00,92.49,92.49,92.49,92.49,266.0
2025-03-05 14:24:00,92.26,92.26,92.03,92.03,3032.0
2025-03-05 14:26:00,92.35,92.49,92.29,92.49,2891.0
2025-03-05 14:28:00,92.3,92.49,92.01,92.3,3259.0
2025-03-05 14:30:00,92.15,92.28,91.31,91.485,375075.0
2025-03-05 14:32:00,91.485,91.52,90.99,91.155,92055.0
2025-03-05 14:34:00,91.09,91.335,90.91,91.01,83001.0
2025-03-05 14:36:00,91.05,91.055,90.4301,90.79,69516.0
2025-03-05 14:38:00,90.84,91.8258,90.7375,91.8,119130.0
2025-03-05 14:40:00,91.8,92.4035,91.795,92.28,106959.0
2025-03-05 14:42:00,92.3171,92.7,92.18,92.535,104785.0
2025-03-05 14:44:00,92.575,92.575,91.745,92.0,114508.0
2025-03-05 14:46:00,92.01,92.01,91.34,91.49,85302.0
2025-03-05 14:48:00,91.45,91.6402,91.23,91.33,48169.0
2025-03-05 14:50:00,91.34,91.83,91.27,91.74,46356.0
2025-03-05 14:52:00,91.82,91.88,91.2644,91.370511,51332.0
2025-03-05 14:54:00,91.45,91.45,91.11,91.29,62419.0
2025-03-05 14:56:00,91.32,91.36,90.68,90.835,86060.0
2025-03-05 14:58:00,90.81,91.05,90.72,90.73,73517.0
2025-03-05 15:00:00,90.94,92.15,90.79,91.56,116362.0
2025-03-05 15:02:00,91.58,91.9,91.26,91.85,89109.0
2025-03-05 15:04:00,91.855,92.2,91.82,92.0,74240.0
2025-03-05 15:06:00,91.98,92.69,91.97,92.62,101964.0
2025-03-05 15:08:00,92.69,92.75,92.26,92.355,70183.0
2025-03-05 15:10:00,92.31,92.5433,92.2,92.24,50743.0
2025-03-05 15:12:00,92.25,92.6972,92.09,92.1761,78709.0
2025-03-05 15:14:00,92.13,92.2,91.89,91.945,45283.0
2025-03-05 15:16:00,91.93,92.0,91.6406,91.74,34582.0
2025-03-05 15:18:00,91.73,91.77,91.43,91.65,29249.0
2025-03-05 15:20:00,91.62,91.88,91.16,91.26,62831.0
2025-03-05 15:22:00,91.26,91.88,91.26,91.825,43315.0
2025-03-05 15:24:00,91.8,91.82,91.5,91.585,24925.0
2025-03-05 15:26:00,91.575,91.92,91.575,91.65,47592.0
2025-03-05 15:28:00,91.66,92.0,91.6,91.8831,58507.0
2025-03-05 15:30:00,91.9,91.91,91.625,91.84,23413.0
2025-03-05 15:32:00,91.884,91.95,91.625,91.825,122154.0
2025-03-05 15:34:00,91.8472,92.105,91.65,92.105,43856.0
2025-03-05 15:36:00,92.06,92.2,91.96,92.15,30717.0
2025-03-05 15:38:00,92.15,92.59,92.15,92.46,52257.0
2025-03-05 15:40:00,92.49,92.6,92.33,92.525,30349.0
2025-03-05 15:42:00,92.52,92.535,92.12,92.26,35450.0
2025-03-05 15:44:00,92.28,92.41,92.24,92.31,26963.0
2025-03-05 15:46:00,92.315,92.55,92.315,92.425,38534.0
2025-03-05 15:48:00,92.42,92.5,92.11,92.33,24929.0
2025-03-05 15:50:00,92.295,92.385,92.05,92.215,33532.0
2025-03-05 15:52:00,92.2,92.7,92.09,92.5301,29165.0
2025-03-05 15:54:00,92.53,92.66,92.47,92.56,27713.0
2025-03-05 15:56:00,92.55,92.64,92.48,92.605,16631.0
2025-03-05 15:58:00,92.6,92.6699,92.055,92.22,68185.0
2025-03-05 16:00:00,92.14,92.14,91.93,92.05,60718.0
2025-03-05 16:02:00,92.09,92.16,92.0,92.115,21479.0
2025-03-05 16:04:00,92.12,92.155,91.91,91.95,24991.0
2025-03-05 16:06:00,92.0,92.12,91.93,92.025,20071.0
2025-03-05 16:08:00,92.015,92.015,91.78,91.85,29541.0
2025-03-05 16:10:00,91.82,91.85,91.35,91.43,70616.0
2025-03-05 16:12:00,91.415,91.58,91.27,91.55,43055.0
2025-03-05 16:14:00,91.56,91.7699,91.55,91.685,34615.0
2025-03-05 16:16:00,91.65,91.65,91.45,91.49,21285.0
2025-03-05 16:18:00,91.49,91.612,91.405,91.43,19793.0
2025-03-05 16:20:00,91.44,91.54,91.28,91.43,43517.0
2025-03-05 16:22:00,91.44,91.57,91.41,91.45,27395.0
2025-03-05 16:24:00,91.44,91.7694,91.3301,91.51,57886.0
2025-03-05 16:26:00,91.53,91.57,91.425,91.54,25894.0
2025-03-05 16:28:00,91.54,91.71,91.54,91.61,45230.0
2025-03-05 16:30:00,91.6,91.6314,91.51,91.55,28618.0
2025-03-05 16:32:00,91.54,91.59,91.15,91.23,38451.0
2025-03-05 16:34:00,91.22,91.278,91.1,91.24,24224.0
2025-03-05 16:36:00,91.26,91.605,91.24,91.52,31917.0
2025-03-05 16:38:00,91.51,91.54,91.35,91.36,33636.0
2025-03-05 16:40:00,91.375,91.4,91.21,91.22,21442.0
2025-03-05 16:42:00,91.255,91.35,91.16,91.22,29954.0
2025-03-05 16:44:00,91.24,91.29,91.14,91.16,20066.0
2025-03-05 16:46:00,91.13,91.38,91.09,91.345,25542.0
2025-03-05 16:48:00,91.37,91.44,91.255,91.305,36423.0
2025-03-05 16:50:00,91.29,91.29,91.0625,91.16,34548.0
2025-03-05 16:52:00,91.155,91.195,91.09,91.155,15973.0
2025-03-05 16:54:00,91.15,91.325,91.11,91.205,24262.0
2025-03-05 16:56:00,91.212,91.595,91.18,91.54,72624.0
2025-03-05 16:58:00,91.57,92.01,91.53,91.63,105300.0
2025-03-05 17:00:00,91.63,92.25,91.615,91.96,77096.0
2025-03-05 17:02:00,91.954,92.055,91.845,91.905,18504.0
2025-03-05 17:04:00,91.8912,92.15,91.75,92.02,24800.0
2025-03-05 17:06:00,92.05,92.19,91.95,92.1891,17649.0
2025-03-05 17:08:00,92.145,92.23,92.08,92.175,20465.0
2025-03-05 17:10:00,92.18,92.28,92.045,92.065,19512.0
2025-03-05 17:12:00,92.1,92.3,92.1,92.205,16274.0
2025-03-05 17:14:00,92.23,92.23,92.0009,92.1,19209.0
2025-03-05 17:16:00,92.12,92.33,92.0586,92.29,17650.0
2025-03-05 17:18:00,92.25,92.32,92.075,92.075,28347.0
2025-03-05 17:20:00,92.11,92.45,92.03,92.235,40744.0
2025-03-05 17:22:00,92.27,92.64,92.24,92.58,44467.0
2025-03-05 17:24:00,92.595,92.65,92.5,92.55,30804.0
2025-03-05 17:26:00,92.55,92.58,92.38,92.55,91127.0
2025-03-05 17:28:00,92.59,92.81,92.58,92.79,69982.0
2025-03-05 17:30:00,92.805,92.9,92.71,92.855,61698.0
2025-03-05 17:32:00,92.87,92.95,92.84,92.95,29201.0
2025-03-05 17:34:00,92.92,92.94,92.67,92.81,64242.0
2025-03-05 17:36:00,92.79,92.99,92.76,92.87,43320.0
2025-03-05 17:38:00,92.9,93.0955,92.88,93.08,61309.0
2025-03-05 17:40:00,93.0935,93.1499,93.02,93.1,41731.0
2025-03-05 17:42:00,93.105,93.25,93.105,93.11,74488.0
2025-03-05 17:44:00,93.105,93.23,92.99,93.07,63552.0
2025-03-05 17:46:00,93.08,93.095,92.86,92.985,155278.0
2025-03-05 17:48:00,92.985,93.425,92.92,93.4,83235.0
2025-03-05 17:50:00,93.42,93.78,93.32,93.78,135042.0
2025-03-05 17:52:00,93.78,94.04,93.64,94.0005,83411.0
2025-03-05 17:54:00,93.995,94.03,93.82,93.98,70986.0
2025-03-05 17:56:00,94.005,94.07,93.87,93.93,51969.0
2025-03-05 17:58:00,93.93,94.02,93.88,93.88,42437.0
2025-03-05 18:00:00,93.89,94.09,93.8628,93.99,62526.0
2025-03-05 18:02:00,94.01,94.22,93.9,94.18,62700.0
2025-03-05 18:04:00,94.195,94.23,94.1,94.155,64311.0
2025-03-05 18:06:00,94.14,94.27,93.73,94.0,321826.0
2025-03-05 18:08:00,93.97,94.075,93.3402,93.55,264397.0
2025-03-05 18:10:00,93.56,93.9,93.5426,93.72,74202.0
2025-03-05 18:12:00,93.705,93.85,93.58,93.78,80618.0
2025-03-05 18:14:00,93.78,93.78,93.4,93.575,43436.0
2025-03-05 18:16:00,93.575,93.63,93.33,93.34,30123.0
2025-03-05 18:18:00,93.31,93.65,93.23,93.587,38380.0
2025-03-05 18:20:00,93.62,93.77,93.5,93.605,30777.0
2025-03-05 18:22:00,93.515,93.65,93.4887,93.56,19430.0
2025-03-05 18:24:00,93.55,93.63,93.46,93.47,37586.0
2025-03-05 18:26:00,93.49,93.75,93.42,93.67,43939.0
2025-03-05 18:28:00,93.71,93.74,93.5066,93.62,27410.0
2025-03-05 18:30:00,93.6,93.6,93.43,93.57,31358.0
2025-03-05 18:32:00,93.54,93.79,93.2922,93.77,35018.0
2025-03-05 18:34:00,93.78,93.81,93.41,93.59,32650.0
2025-03-05 18:36:00,93.6,93.7199,93.54,93.56,26751.0
2025-03-05 18:38:00,93.54,93.82,93.5,93.8,29793.0
2025-03-05 18:40:00,93.84,93.86,93.58,93.64,29498.0
2025-03-05 18:42:00,93.67,93.74,93.57,93.625,32434.0
2025-03-05 18:44:00,93.62,93.65,93.4957,93.56,24848.0
2025-03-05 18:46:00,93.58,93.83,93.49,93.81,30449.0
2025-03-05 18:48:00,93.79,94.02,93.775,93.87,44167.0
2025-03-05 18:50:00,93.895,94.07,93.895,94.02,31159.0
2025-03-05 18:52:00,94.04,94.16,93.9425,94.0501,55842.0
2025-03-05 18:54:00,94.0279,94.1,93.9997,94.0,17155.0
2025-03-05 18:56:00,93.9919,94.1,93.9919,94.0,24721.0
2025-03-05 18:58:00,94.02,94.19,94.01,94.06,37516.0
2025-03-05 19:00:00,94.06,94.16,93.9,94.07,25950.0
2025-03-05 19:02:00,94.15,94.27,94.06,94.25,67634.0
2025-03-05 19:04:00,94.26,94.33,94.1601,94.28,34279.0
2025-03-05 19:06:00,94.23,94.5673,94.23,94.555,63110.0
2025-03-05 19:08:00,94.555,94.66,94.4501,94.65,57090.0
2025-03-05 19:10:00,94.63,94.65,94.515,94.6199,32089.0
2025-03-05 19:12:00,94.57,94.7199,94.57,94.6121,30607.0
2025-03-05 19:14:00,94.61,95.04,94.6,95.025,111992.0
2025-03-05 19:16:00,95.05,95.05,94.89,94.89,48995.0
2025-03-05 19:18:00,94.89,94.91,94.53,94.54,55720.0
2025-03-05 19:20:00,94.59,94.82,94.46,94.72,30005.0
2025-03-05 19:22:00,94.73,94.8799,94.69,94.85,50567.0
2025-03-05 19:24:00,94.85,95.025,94.7506,94.8,46310.0
2025-03-05 19:26:00,94.84,94.89,94.7,94.75,35134.0
2025-03-05 19:28:00,94.75,94.85,94.51,94.56,42708.0
2025-03-05 19:30:00,94.525,94.74,94.525,94.61,54993.0
2025-03-05 19:32:00,94.6,94.8286,94.5382,94.8286,28559.0
2025-03-05 19:34:00,94.81,94.81,94.62,94.72,20014.0
2025-03-05 19:36:00,94.725,94.74,94.36,94.37,29917.0
2025-03-05 19:38:00,94.4,94.5,94.28,94.32,75078.0
2025-03-05 19:40:00,94.32,94.54,94.32,94.48,57843.0
2025-03-05 19:42:00,94.4794,94.56,94.29,94.4,44361.0
2025-03-05 19:44:00,94.406,94.4599,94.235,94.285,28923.0
2025-03-05 19:46:00,94.28,94.38,94.155,94.34,26853.0
2025-03-05 19:48:00,94.335,94.5,94.335,94.435,15691.0
2025-03-05 19:50:00,94.43,94.58,94.3659,94.39,25401.0
2025-03-05 19:52:00,94.35,94.54,94.29,94.5,25385.0
2025-03-05 19:54:00,94.47,94.59,94.42,94.59,17713.0
2025-03-05 19:56:00,94.59,94.775,94.59,94.742,38642.0
2025-03-05 19:58:00,94.72,94.75,94.48,94.48,23338.0
2025-03-05 20:00:00,94.46,94.805,94.43,94.79,25125.0
2025-03-05 20:02:00,94.82,94.88,94.62,94.71,32280.0
2025-03-05 20:04:00,94.7,94.83,94.52,94.63,43986.0
2025-03-05 20:06:00,94.63,94.8,94.63,94.74,28375.0
2025-03-05 20:08:00,94.73,94.9,94.72,94.735,34806.0
2025-03-05 20:10:00,94.73,94.8,94.62,94.7101,60193.0
2025-03-05 20:12:00,94.715,94.77,94.65,94.76,25265.0
2025-03-05 20:14:00,94.78,94.78,94.57,94.61,49704.0
2025-03-05 20:16:00,94.6,94.65,93.98,94.04,63954.0
2025-03-05 20:18:00,94.02,94.3,94.02,94.22,46672.0
2025-03-05 20:20:00,94.26,94.31,94.04,94.05,45155.0
2025-03-05 20:22:00,94.06,94.08,93.81,94.02,84636.0
2025-03-05 20:24:00,94.01,94.18,93.96,94.165,69687.0
2025-03-05 20:26:00,94.19,94.21,94.065,94.15,69018.0
2025-03-05 20:28:00,94.14,94.21,94.06,94.14,141521.0
2025-03-05 20:30:00,94.11,94.23,93.9575,94.2,173539.0
2025-03-05 20:32:00,94.16,94.18,93.89,93.965,42547.0
2025-03-05 20:34:00,93.97,94.24,93.97,94.01,62506.0
2025-03-05 20:36:00,94.03,94.21,94.005,94.12,43123.0
2025-03-05 20:38:00,94.08,94.2,93.975,94.04,96966.0
2025-03-05 20:40:00,94.04,94.34,94.0,94.34,48841.0
2025-03-05 20:42:00,94.31,94.4467,94.31,94.33,42188.0
2025-03-05 20:44:00,94.33,94.45,94.26,94.31,61506.0
2025-03-05 20:46:00,94.3,94.33,94.16,94.28,51688.0
2025-03-05 20:48:00,94.27,94.34,94.205,94.215,53603.0
2025-03-05 20:50:00,94.2,94.2,93.85,94.03,120855.0
2025-03-05 20:52:00,94.01,94.42,93.97,94.405,94730.0
2025-03-05 20:54:00,94.405,94.57,94.34,94.535,133063.0
2025-03-05 20:56:00,94.52,94.56,94.32,94.34,152263.0
2025-03-05 20:58:00,94.33,94.5,94.26,94.34,428219.0
2025-03-05 21:00:00,94.34,94.34,94.29,94.34,75926.0
2025-03-05 21:02:00,94.34,94.34,94.34,94.34,100829.0
2025-03-05 21:04:00,94.33,94.33,94.14,94.14,1469.0
2025-03-05 21:06:00,93.86,93.95,93.39,93.39,5380.0
2025-03-05 21:08:00,93.4,93.4,92.96,93.0,9091.0
2025-03-05 21:10:00,93.09,93.26,93.09,93.26,3109.0
2025-03-05 21:12:00,93.32,93.32,93.2,93.32,2145.0
2025-03-05 21:14:00,93.28,93.3,93.13,93.2468,4699.0
2025-03-05 21:16:00,93.3,93.35,93.3,93.35,1216.0
2025-03-05 21:18:00,93.45,93.57,93.45,93.57,591.0
2025-03-05 21:20:00,93.57,93.57,93.4497,93.4497,553.0
2025-03-05 21:22:00,93.36,93.36,93.36,93.36,413.0
2025-03-05 21:24:00,93.3525,93.4,93.35,93.4,397.0
2025-03-05 21:26:00,94.34,94.34,93.45,93.52,468.0
2025-03-05 21:28:00,93.41,93.41,93.37,93.37,10130.0
2025-03-05 21:30:00,93.41,93.41,93.32,93.32,4616.0
2025-03-05 21:32:00,93.26,93.26,93.26,93.26,270.0
2025-03-05 21:34:00,93.26,93.26,93.26,93.26,249.0
2025-03-05 21:36:00,93.27,93.36,93.26,93.26,1257.0
2025-03-05 21:38:00,93.49,93.49,93.49,93.49,100.0
2025-03-05 21:40:00,93.37,93.37,93.27,93.3,2126.0
2025-03-05 21:42:00,93.26,94.34,93.26,94.34,1700.0
2025-03-05 21:44:00,93.27,93.27,93.27,93.27,296.0
2025-03-05 21:46:00,93.27,93.28,93.2,93.2,3645.0
2025-03-05 21:48:00,93.2,93.2,93.16,93.2,2750.0
2025-03-05 21:50:00,93.1991,93.1991,93.12,93.12,693.0
2025-03-05 21:52:00,93.13,93.14,93.0,93.09,4714.0
2025-03-05 21:54:00,93.1,93.26,93.1,93.2598,4597.0
2025-03-05 21:56:00,93.26,93.26,93.21,93.25,1133.0
2025-03-05 21:58:00,93.26,93.33,93.1885,93.1885,579.0
2025-03-05 22:04:00,93.35,93.35,93.33,93.33,6635.0
2025-03-05 22:06:00,93.33,93.33,93.26,93.26,1678.0
2025-03-05 22:08:00,93.16,93.16,93.16,93.16,401.0
2025-03-05 22:14:00,93.35,93.6705,93.35,93.6705,611.0
2025-03-05 22:16:00,93.33,93.36,93.32,93.36,1681.0
2025-03-05 22:18:00,93.545,93.545,93.36,93.36,268.0
2025-03-05 22:20:00,93.32,93.32,93.32,93.32,301.0
2025-03-05 22:22:00,93.45,93.45,93.32,93.32,995.0
2025-03-05 22:24:00,93.32,93.33,93.32,93.32,1198.0
2025-03-05 22:26:00,93.31,93.31,93.31,93.31,134.0
2025-03-05 22:28:00,93.3,93.3,93.3,93.3,300.0
2025-03-05 22:30:00,93.26,93.26,93.25,93.25,526.0
2025-03-05 22:32:00,93.31,93.65,93.31,93.65,2508.0
2025-03-05 22:36:00,93.58,93.6,93.58,93.6,506.0
2025-03-05 22:42:00,93.5965,93.5965,93.5965,93.5965,163.0
2025-03-05 22:46:00,93.2739,93.2739,93.263,93.263,346.0
2025-03-05 22:50:00,93.4999,93.4999,93.4999,93.4999,160.0
2025-03-05 22:52:00,93.499,93.499,93.499,93.499,101.0
2025-03-05 22:54:00,93.45,93.45,93.45,93.45,140.0
2025-03-05 23:00:00,93.44,93.44,93.44,93.44,100.0
2025-03-05 23:02:00,93.45,93.5,93.35,93.35,1141.0
2025-03-05 23:12:00,93.49,93.49,93.49,93.49,620.0
2025-03-05 23:14:00,93.6,93.6,93.6,93.6,107.0
2025-03-05 23:16:00,93.55,93.55,93.55,93.55,240.0
2025-03-05 23:26:00,93.46,93.54,93.45,93.54,759.0
2025-03-05 23:30:00,93.48,93.5,93.3245,93.3245,1233.0
2025-03-05 23:32:00,93.4999,93.5,93.36,93.5,744.0
2025-03-05 23:46:00,93.6,93.6,93.6,93.6,150.0
2025-03-05 23:54:00,93.48,93.48,93.48,93.48,110.0
2025-03-06 00:08:00,93.39,93.39,93.39,93.39,145.0
2025-03-06 00:12:00,93.35,93.35,93.35,93.35,211.0
2025-03-06 00:14:00,93.4,93.4,93.4,93.4,959.0
2025-03-06 00:16:00,93.305,93.46,93.305,93.46,705.0
2025-03-06 00:20:00,93.36,93.36,93.36,93.36,367.0
2025-03-06 00:38:00,93.36,93.36,93.35,93.35,477.0
2025-03-06 00:42:00,93.495,93.495,93.36,93.36,455.0
2025-03-06 00:46:00,93.45,93.45,93.45,93.45,210.0
2025-03-06 00:48:00,93.45,93.45,93.45,93.45,200.0
2025-03-06 00:50:00,93.4,93.4,93.4,93.4,270.0
2025-03-06 00:52:00,93.37,93.4999,93.31,93.4999,3042.0
2025-03-06 00:54:00,93.35,93.47,93.35,93.47,1200.0
2025-03-06 00:56:00,93.48,93.48,93.17,93.17,699.0
2025-03-06 00:58:00,93.28,93.28,93.24,93.24,435.0
2025-03-06 09:00:00,92.9,92.9,92.71,92.76,1771.0
2025-03-06 09:02:00,92.72,92.72,92.55,92.66,3919.0
2025-03-06 09:04:00,92.64,92.66,92.54,92.65,1503.0
2025-03-06 09:08:00,92.56,92.65,92.55,92.62,2754.0
2025-03-06 09:10:00,92.51,92.62,92.51,92.62,300.0
2025-03-06 09:12:00,92.6,92.62,92.58,92.58,1186.0
2025-03-06 09:20:00,92.48,92.6,92.48,92.6,1576.0
2025-03-06 09:22:00,92.6,92.7,92.6,92.7,439.0
2025-03-06 09:24:00,92.61,92.61,92.61,92.61,433.0
2025-03-06 09:32:00,92.21,92.21,92.21,92.21,541.0
2025-03-06 09:42:00,92.4,92.45,92.39,92.45,660.0
2025-03-06 09:44:00,92.54,92.54,92.54,92.54,270.0
2025-03-06 09:50:00,92.26,92.26,92.26,92.26,334.0
2025-03-06 09:54:00,92.21,92.21,92.2,92.2,452.0
2025-03-06 10:00:00,92.04,92.04,92.04,92.04,224.0
2025-03-06 10:06:00,92.11,92.11,91.86,91.86,2183.0
2025-03-06 10:14:00,91.99,92.0,91.99,92.0,819.0
2025-03-06 10:18:00,92.26,92.35,92.26,92.35,639.0
2025-03-06 10:20:00,92.39,92.39,92.39,92.39,200.0
2025-03-06 10:40:00,92.16,92.16,92.16,92.16,108.0
2025-03-06 10:58:00,92.08,92.08,92.08,92.08,125.0
2025-03-06 11:02:00,92.05,92.05,92.0,92.0,1875.0
2025-03-06 11:04:00,91.99,92.0,91.99,92.0,2979.0
2025-03-06 11:18:00,92.1,92.1,92.1,92.1,1183.0
2025-03-06 11:20:00,92.1,92.1,92.1,92.1,2353.0
2025-03-06 11:22:00,92.1,92.1,92.1,92.1,380.0
2025-03-06 11:30:00,92.19,92.4,91.27,91.44,20082.0
2025-03-06 11:32:00,91.3,91.3,90.8,91.0,9233.0
2025-03-06 11:34:00,91.21,91.5,91.21,91.5,1155.0
2025-03-06 11:36:00,91.49,91.58,91.49,91.58,4287.0
2025-03-06 11:38:00,91.59,91.6,91.59,91.6,640.0
2025-03-06 11:44:00,91.8,92.44,91.78,91.85,2742.0
2025-03-06 11:56:00,91.96,91.96,91.96,91.96,173.0
2025-03-06 11:58:00,91.97,91.97,91.95,91.95,1787.0
2025-03-06 12:00:00,91.94,91.94,91.94,91.94,471.0
2025-03-06 12:04:00,91.62,91.7,91.62,91.7,1202.0
2025-03-06 12:06:00,91.56,91.56,91.56,91.56,227.0
2025-03-06 12:08:00,91.75,91.8,91.73,91.8,1913.0
2025-03-06 12:10:00,91.8,91.8,91.71,91.71,858.0
2025-03-06 12:14:00,91.85,91.85,91.85,91.85,200.0
2025-03-06 12:16:00,91.9,91.9,91.7,91.7,3241.0
2025-03-06 12:18:00,91.68,91.68,91.68,91.68,110.0
2025-03-06 12:20:00,91.7,91.7,91.7,91.7,272.0
2025-03-06 12:22:00,91.59,91.62,91.0,91.25,10650.0
2025-03-06 12:30:00,91.45,91.45,91.45,91.45,2178.0
2025-03-06 12:36:00,91.4,91.45,91.39,91.4,1081.0
2025-03-06 12:40:00,91.47,91.47,91.44,91.44,1221.0
2025-03-06 12:42:00,91.48,91.5,91.48,91.5,509.0
2025-03-06 12:44:00,91.43,91.43,91.4,91.4,554.0
2025-03-06 12:46:00,91.41,91.6,91.41,91.53,7266.0
2025-03-06 12:48:00,91.61,91.8,91.61,91.75,3047.0
2025-03-06 12:50:00,91.65,91.8,91.65,91.8,4134.0
2025-03-06 12:52:00,91.76,91.76,91.75,91.75,551.0
2025-03-06 12:54:00,91.65,91.65,91.65,91.65,561.0
2025-03-06 12:58:00,91.67,91.67,91.67,91.67,101.0
2025-03-06 13:00:00,91.55,93.88,91.0,91.4812,52396.0
2025-03-06 13:02:00,91.61,91.7499,91.61,91.65,7721.0
2025-03-06 13:04:00,91.71,91.7499,91.65,91.69,10353.0
2025-03-06 13:06:00,91.65,91.66,91.45,91.45,3862.0
2025-03-06 13:08:00,91.3163,91.5,91.3163,91.5,1950.0
2025-03-06 13:10:00,91.5,91.64,91.47,91.64,2932.0
2025-03-06 13:12:00,91.5,91.5,91.5,91.5,587.0
2025-03-06 13:14:00,91.5,91.62,91.5,91.5,1463.0
2025-03-06 13:16:00,91.5,91.6,91.5,91.6,509.0
2025-03-06 13:18:00,91.68,91.68,91.56,91.56,2039.0
2025-03-06 13:20:00,91.51,91.52,91.5,91.5,7237.0
2025-03-06 13:22:00,91.52,91.52,91.4,91.4,1167.0
2025-03-06 13:24:00,91.46,91.46,91.41,91.4499,3759.0
2025-03-06 13:26:00,91.45,91.75,91.45,91.75,953.0
2025-03-06 13:28:00,91.4001,91.4001,91.4001,91.4001,313.0
2025-03-06 13:30:00,91.41,91.75,91.41,91.65,1280.0
2025-03-06 13:32:00,91.72,92.0,91.7,92.0,7567.0
2025-03-06 13:34:00,92.17,92.17,92.06,92.06,1917.0
2025-03-06 13:36:00,92.06,92.19,92.0,92.16,2486.0
2025-03-06 13:38:00,92.14,92.17,92.0,92.0,4592.0
2025-03-06 13:40:00,92.0,92.01,91.75,91.75,3151.0
2025-03-06 13:44:00,91.75,91.77,91.7,91.7,6828.0
2025-03-06 13:46:00,91.5013,91.5013,91.5013,91.5013,342.0
2025-03-06 13:48:00,91.65,91.65,91.65,91.65,1510.0
2025-03-06 13:50:00,91.51,92.0,91.51,92.0,319.0
2025-03-06 13:52:00,91.82,91.83,91.6215,91.74,484.0
2025-03-06 13:54:00,91.66,91.676,91.66,91.676,505.0
2025-03-06 14:00:00,91.75,91.75,91.73,91.73,1038.0
2025-03-06 14:02:00,91.67,91.67,91.5,91.5,3299.0
2025-03-06 14:04:00,91.4006,91.7,91.4006,91.65,2760.0
2025-03-06 14:06:00,91.9,91.9,91.0,91.0,10396.0
2025-03-06 14:08:00,91.0,91.5,91.0,91.5,3516.0
2025-03-06 14:10:00,91.49,91.6,91.28,91.3,6579.0
2025-03-06 14:12:00,91.19,91.19,91.0,91.1,3718.0
2025-03-06 14:14:00,91.1,91.1,91.1,91.1,345.0
2025-03-06 14:16:00,91.3826,91.3826,90.95,91.05,3546.0
2025-03-06 14:18:00,91.03,91.03,90.86,91.0,2446.0
2025-03-06 14:20:00,91.0,91.0,91.0,91.0,247.0
2025-03-06 14:22:00,90.98,91.0,90.85,90.85,3897.0
2025-03-06 14:24:00,90.76,90.9,90.76,90.9,2885.0
2025-03-06 14:26:00,90.93,90.93,90.93,90.93,1229.0
2025-03-06 14:28:00,90.85,91.07,90.77,90.77,3640.0
2025-03-06 14:30:00,90.926,91.0799,90.5,90.87,441240.0
2025-03-06 14:32:00,90.87,91.07,90.58,90.967,126254.0
2025-03-06 14:34:00,91.0,91.26,90.39,90.63,213759.0
2025-03-06 14:36:00,90.63,91.165,90.1,91.02,433605.0
2025-03-06 14:38:00,91.0887,91.35,90.72,90.865,151267.0
2025-03-06 14:40:00,90.82,91.17,90.64,90.87,120135.0
2025-03-06 14:42:00,90.91,91.35,90.82,90.835,291972.0
2025-03-06 14:44:00,90.81,90.8789,90.51,90.665,123451.0
2025-03-06 14:46:00,90.69,91.1,90.61,90.95,78351.0
2025-03-06 14:48:00,90.92,91.415,90.7001,91.2278,74151.0
2025-03-06 14:50:00,91.24,91.77,91.16,91.77,103185.0
2025-03-06 14:52:00,91.76,91.85,91.41,91.4275,137154.0
2025-03-06 14:54:00,91.415,91.95,91.29,91.8315,133768.0
2025-03-06 14:56:00,91.81,91.81,91.29,91.575,73681.0
2025-03-06 14:58:00,91.59,91.91,91.59,91.67,84832.0
2025-03-06 15:00:00,91.64,92.07,91.29,91.93,222396.0
2025-03-06 15:02:00,91.92,92.33,91.835,92.2,210520.0
2025-03-06 15:04:00,92.23,92.66,92.185,92.34,84003.0
2025-03-06 15:06:00,92.37,92.75,92.355,92.6343,63096.0
2025-03-06 15:08:00,92.64,92.7399,92.51,92.64,50015.0
2025-03-06 15:10:00,92.62,92.62,92.315,92.32,83260.0
2025-03-06 15:12:00,92.32,92.52,92.19,92.24,57731.0
2025-03-06 15:14:00,92.22,92.56,92.11,92.49,54963.0
2025-03-06 15:16:00,92.43,92.61,92.36,92.61,30766.0
2025-03-06 15:18:00,92.5801,92.84,92.57,92.74,55072.0
2025-03-06 15:20:00,92.7699,92.98,92.64,92.98,46370.0
2025-03-06 15:22:00,92.96,93.0742,92.83,92.83,47339.0
2025-03-06 15:24:00,92.8,92.9,92.54,92.71,47430.0
2025-03-06 15:26:00,92.7541,92.79,92.41,92.75,39875.0
2025-03-06 15:28:00,92.73,93.04,92.64,92.885,39873.0
2025-03-06 15:30:00,92.935,93.08,92.77,92.77,76093.0
2025-03-06 15:32:00,92.815,92.9497,92.625,92.66,47624.0
2025-03-06 15:34:00,92.66,92.7,92.5,92.635,38744.0
2025-03-06 15:36:00,92.62,92.85,92.55,92.825,25900.0
2025-03-06 15:38:00,92.78,93.035,92.57,93.0005,35926.0
2025-03-06 15:40:00,92.96,93.1299,92.78,92.975,51169.0
2025-03-06 15:42:00,93.0,93.13,92.938,93.075,47462.0
2025-03-06 15:44:00,93.05,93.2896,93.04,93.04,76764.0
2025-03-06 15:46:00,93.07,93.215,92.94,92.995,31871.0
2025-03-06 15:48:00,92.97,93.05,92.79,92.8,34058.0
2025-03-06 15:50:00,92.83,92.89,92.47,92.555,524374.0
2025-03-06 15:52:00,92.545,92.81,92.49,92.8,38315.0
2025-03-06 15:54:00,92.76,92.81,92.26,92.4176,44557.0
2025-03-06 15:56:00,92.42,92.43,92.085,92.25,284863.0
2025-03-06 15:58:00,92.28,92.4,92.24,92.28,25702.0
2025-03-06 16:00:00,92.3,92.53,92.3,92.46,32802.0
2025-03-06 16:02:00,92.46,92.6792,92.43,92.6281,20135.0
2025-03-06 16:04:00,92.625,92.6999,92.23,92.29,45505.0
2025-03-06 16:06:00,92.32,92.3708,92.1103,92.1808,26623.0
2025-03-06 16:08:00,92.21,92.68,92.205,92.65,31234.0
2025-03-06 16:10:00,92.64,92.8,92.46,92.7,25086.0
2025-03-06 16:12:00,92.73,92.75,92.5475,92.57,21430.0
2025-03-06 16:14:00,92.52,92.56,92.325,92.36,26274.0
2025-03-06 16:16:00,92.43,92.52,92.34,92.365,30927.0
2025-03-06 16:18:00,92.4,92.4,92.13,92.22,168780.0
2025-03-06 16:20:00,92.2,92.34,92.0,92.045,146378.0
2025-03-06 16:22:00,92.04,92.105,91.82,92.0,40215.0
2025-03-06 16:24:00,92.005,92.179,91.925,92.11,34012.0
2025-03-06 16:26:00,92.12,92.12,91.83,91.84,44407.0
2025-03-06 16:28:00,91.835,92.205,91.6,92.06,82900.0
2025-03-06 16:30:00,91.99,92.43,91.99,92.17,40302.0
2025-03-06 16:32:00,92.1688,92.1913,91.85,91.85,43112.0
2025-03-06 16:34:00,91.85,92.175,91.78,91.79,21272.0
2025-03-06 16:36:00,91.76,91.8535,91.48,91.54,50401.0
2025-03-06 16:38:00,91.51,91.59,91.41,91.44,27647.0
2025-03-06 16:40:00,91.46,91.525,91.34,91.4,60846.0
2025-03-06 16:42:00,91.39,91.52,91.27,91.33,29860.0
2025-03-06 16:44:00,91.3,91.4,91.25,91.3379,29679.0
2025-03-06 16:46:00,91.33,91.53,91.32,91.44,36501.0
2025-03-06 16:48:00,91.4,91.45,91.245,91.32,37761.0
2025-03-06 16:50:00,91.31,91.31,91.0304,91.1,41227.0
2025-03-06 16:52:00,91.11,91.1656,90.98,91.05,47637.0
2025-03-06 16:54:00,91.045,91.2,91.025,91.0899,42453.0
2025-03-06 16:56:00,91.1,91.22,91.05,91.05,35030.0
2025-03-06 16:58:00,91.07,91.12,90.88,90.95,27567.0
2025-03-06 17:00:00,90.94,91.06,90.87,90.95,48360.0
2025-03-06 17:02:00,90.95,90.9799,90.63,90.66,63060.0
2025-03-06 17:04:00,90.6384,90.6384,90.24,90.435,113534.0
2025-03-06 17:06:00,90.4271,90.4396,90.16,90.34,78118.0
2025-03-06 17:08:00,90.33,90.7,90.29,90.66,82581.0
2025-03-06 17:10:00,90.63,90.6881,90.45,90.47,56794.0
2025-03-06 17:12:00,90.45,90.45,90.345,90.44,38220.0
2025-03-06 17:14:00,90.44,90.46,90.13,90.26,67303.0
2025-03-06 17:16:00,90.25,90.31,90.03,90.06,39032.0
2025-03-06 17:18:00,90.06,90.31,90.03,90.15,38607.0
2025-03-06 17:20:00,90.17,90.38,90.1675,90.325,76022.0
2025-03-06 17:22:00,90.34,90.52,90.32,90.46,118214.0
2025-03-06 17:24:00,90.49,90.49,90.0,90.225,80458.0
2025-03-06 17:26:00,90.21,90.21,89.83,89.885,92923.0
2025-03-06 17:28:00,89.87,90.1,89.81,90.0496,87853.0
2025-03-06 17:30:00,90.01,90.33,90.0,90.13,78097.0
2025-03-06 17:32:00,90.13,90.21,90.09,90.183,26829.0
2025-03-06 17:34:00,90.14,90.23,89.94,89.99,40692.0
2025-03-06 17:36:00,89.985,89.985,89.8,89.87,39193.0
2025-03-06 17:38:00,89.86,89.98,89.8,89.84,42721.0
2025-03-06 17:40:00,89.83,90.07,89.81,89.87,53449.0
2025-03-06 17:42:00,89.87,90.02,89.83,89.91,39438.0
2025-03-06 17:44:00,89.93,89.95,89.81,89.8124,34208.0
2025-03-06 17:46:00,89.83,89.83,89.565,89.64,93925.0
2025-03-06 17:48:00,89.63,89.7,89.45,89.47,85561.0
2025-03-06 17:50:00,89.5,89.68,89.49,89.6493,47719.0
2025-03-06 17:52:00,89.62,89.7025,89.448,89.66,35918.0
2025-03-06 17:54:00,89.69,89.95,89.69,89.91,49033.0
2025-03-06 17:56:00,89.905,90.0354,89.76,89.82,39462.0
2025-03-06 17:58:00,89.85,90.1,89.83,89.89,61291.0
2025-03-06 18:00:00,89.8992,90.13,89.85,89.92,69277.0
2025-03-06 18:02:00,89.91,90.04,89.86,89.86,34450.0
2025-03-06 18:04:00,89.85,90.07,89.79,90.0631,50746.0
2025-03-06 18:06:00,90.04,90.06,89.885,89.97,35924.0
2025-03-06 18:08:00,90.0,90.03,89.9,90.0,30833.0
2025-03-06 18:10:00,90.03,90.08,89.85,90.0,85764.0
2025-03-06 18:12:00,89.98,90.17,89.97,90.1,80020.0
2025-03-06 18:14:00,90.13,90.4652,90.13,90.42,61291.0
2025-03-06 18:16:00,90.39,90.46,90.29,90.43,52774.0
2025-03-06 18:18:00,90.435,90.7,90.395,90.64,73160.0
2025-03-06 18:20:00,90.64,90.77,90.43,90.755,57202.0
2025-03-06 18:22:00,90.75,90.76,90.5701,90.75,46508.0
2025-03-06 18:24:00,90.73,90.75,90.62,90.66,29410.0
2025-03-06 18:26:00,90.6504,90.73,90.55,90.61,24864.0
2025-03-06 18:28:00,90.59,90.6199,90.29,90.35,87655.0
2025-03-06 18:30:00,90.362,90.6,90.27,90.48,29901.0
2025-03-06 18:32:00,90.505,90.56,90.41,90.45,50686.0
2025-03-06 18:34:00,90.43,90.49,90.28,90.285,47689.0
2025-03-06 18:36:00,90.27,90.3199,90.14,90.16,39476.0
2025-03-06 18:38:00,90.12,90.22,89.96,89.97,54312.0
2025-03-06 18:40:00,89.96,89.96,89.7301,89.78,50379.0
2025-03-06 18:42:00,89.73,89.79,89.6,89.68,56949.0
2025-03-06 18:44:00,89.65,89.88,89.58,89.86,91144.0
2025-03-06 18:46:00,89.91,90.07,89.75,89.79,65293.0
2025-03-06 18:48:00,89.76,89.85,89.735,89.745,35131.0
2025-03-06 18:50:00,89.76,90.0195,89.76,89.97,46727.0
2025-03-06 18:52:00,89.99,90.16,89.99,90.12,92081.0
2025-03-06 18:54:00,90.07,90.11,89.945,89.97,33041.0
2025-03-06 18:56:00,89.97,90.085,89.91,90.0072,26613.0
2025-03-06 18:58:00,89.96,90.08,89.87,89.96,74770.0
2025-03-06 19:00:00,89.935,90.025,89.7904,89.8,35142.0
2025-03-06 19:02:00,89.8,89.8,89.56,89.601,52660.0
2025-03-06 19:04:00,89.62,89.68,89.51,89.57,67829.0
2025-03-06 19:06:00,89.58,89.705,89.48,89.61,63782.0
2025-03-06 19:08:00,89.58,89.77,89.545,89.65,57438.0
2025-03-06 19:10:00,89.65,89.92,89.64,89.745,50504.0
2025-03-06 19:12:00,89.755,89.7739,89.63,89.65,38439.0
2025-03-06 19:14:00,89.64,89.78,89.59,89.69,40302.0
2025-03-06 19:16:00,89.64,89.69,89.545,89.69,45831.0
2025-03-06 19:18:00,89.65,89.67,89.34,89.39,56990.0
2025-03-06 19:20:00,89.41,89.4673,89.13,89.1703,148295.0
2025-03-06 19:22:00,89.17,89.29,89.12,89.27,69068.0
2025-03-06 19:24:00,89.28,89.39,89.19,89.3197,77888.0
2025-03-06 19:26:00,89.31,89.31,89.09,89.16,56299.0
2025-03-06 19:28:00,89.14,89.24,89.0301,89.23,83410.0
2025-03-06 19:30:00,89.22,89.2479,89.1,89.125,34469.0
2025-03-06 19:32:00,89.15,89.345,89.1301,89.26,47679.0
2025-03-06 19:34:00,89.24,89.3,89.1,89.215,39606.0
2025-03-06 19:36:00,89.2,89.35,89.12,89.14,54894.0
2025-03-06 19:38:00,89.135,89.345,89.11,89.268,46537.0
2025-03-06 19:40:00,89.26,89.46,89.225,89.435,55782.0
2025-03-06 19:42:00,89.43,89.5736,89.34,89.52,78450.0
2025-03-06 19:44:00,89.47,89.66,89.38,89.66,58327.0
2025-03-06 19:46:00,89.64,89.81,89.6205,89.67,67444.0
2025-03-06 19:48:00,89.65,90.34,89.65,90.26,103680.0
2025-03-06 19:50:00,90.27,90.68,90.21,90.61,132542.0
2025-03-06 19:52:00,90.61,90.7,90.3969,90.42,75856.0
2025-03-06 19:54:00,90.42,90.47,89.92,89.925,49685.0
2025-03-06 19:56:00,89.9442,90.26,89.3449,89.92,57438.0
2025-03-06 19:58:00,89.9396,89.96,89.39,89.47,75195.0
2025-03-06 20:00:00,89.44,89.66,89.295,89.49,70174.0
2025-03-06 20:02:00,89.5,89.75,89.43,89.62,48898.0
2025-03-06 20:04:00,89.66,90.0,89.66,89.9092,74219.0
2025-03-06 20:06:00,89.91,90.28,89.905,90.0,64053.0
2025-03-06 20:08:00,89.985,90.09,89.87,89.915,84346.0
2025-03-06 20:10:00,89.89,90.2,89.89,90.01,88403.0
2025-03-06 20:12:00,89.99,90.05,89.7426,89.9,49728.0
2025-03-06 20:14:00,89.88,90.13,89.84,89.9,66611.0
2025-03-06 20:16:00,89.9131,89.93,89.67,89.81,77004.0
2025-03-06 20:18:00,89.83,89.865,89.7,89.865,53240.0
2025-03-06 20:20:00,89.84,89.94,89.62,89.67,73970.0
2025-03-06 20:22:00,89.66,89.69,89.34,89.34,84270.0
2025-03-06 20:24:00,89.335,89.45,89.17,89.42,110942.0
2025-03-06 20:26:00,89.42,89.565,89.29,89.535,60036.0
2025-03-06 20:28:00,89.52,89.65,89.47,89.605,78204.0
2025-03-06 20:30:00,89.62,89.77,89.49,89.57,84081.0
2025-03-06 20:32:00,89.55,89.76,89.53,89.535,74432.0
2025-03-06 20:34:00,89.55,89.73,89.48,89.7,80063.0
2025-03-06 20:36:00,89.7,89.87,89.6692,89.69,86217.0
2025-03-06 20:38:00,89.66,89.7,89.57,89.62,72799.0
2025-03-06 20:40:00,89.605,89.69,89.54,89.59,89415.0
2025-03-06 20:42:00,89.61,89.62,89.3,89.46,111385.0
2025-03-06 20:44:00,89.47,89.5,89.25,89.42,138693.0
2025-03-06 20:46:00,89.43,89.43,89.1409,89.25,111209.0
2025-03-06 20:48:00,89.255,89.31,89.17,89.305,123502.0
2025-03-06 20:50:00,89.32,89.505,89.25,89.425,243931.0
2025-03-06 20:52:00,89.41,89.43,89.16,89.345,252572.0
2025-03-06 20:54:00,89.34,89.52,89.19,89.42,319762.0
2025-03-06 20:56:00,89.42,89.47,89.175,89.29,353744.0
2025-03-06 20:58:00,89.29,89.36,89.16,89.27,568578.0
2025-03-06 21:00:00,89.27,89.35,89.15,89.3,170120.0
2025-03-06 21:02:00,89.315,89.315,89.27,89.3,3110.0
2025-03-06 21:04:00,89.27,89.33,89.25,89.25,4173.0
2025-03-06 21:06:00,89.27,89.34,89.27,89.34,718.0
2025-03-06 21:08:00,89.427,89.427,89.31,89.31,1292.0
2025-03-06 21:10:00,89.36,89.36,89.25,89.3,2925.0
2025-03-06 21:12:00,89.2346,89.3,89.2346,89.3,1154.0
2025-03-06 21:14:00,89.24,90.0,89.24,90.0,11931.0
2025-03-06 21:16:00,90.09,90.1,89.55,89.92,4004.0
2025-03-06 21:18:00,90.1,90.3,89.95,90.1,9902.0
2025-03-06 21:20:00,90.17,90.45,90.1002,90.3,7299.0
2025-03-06 21:22:00,90.28,90.442,90.18,90.18,1825.0
2025-03-06 21:24:00,90.13,90.16,90.13,90.13,4309.0
2025-03-06 21:26:00,90.2,90.35,90.2,90.2607,1707.0
2025-03-06 21:28:00,90.45,90.45,90.35,90.45,2897.0
2025-03-06 21:30:00,90.4497,90.45,90.3001,90.33,2849.0
2025-03-06 21:32:00,90.33,90.33,90.26,90.29,1527.0
2025-03-06 21:34:00,90.29,90.5,89.27,89.27,12891.0
2025-03-06 21:36:00,90.5,90.68,89.27,90.55,8992.0
2025-03-06 21:38:00,90.55,90.61,90.4,90.4,803.0
2025-03-06 21:40:00,90.55,90.6,90.4,90.6,9049.0
2025-03-06 21:42:00,90.4001,90.4001,90.4001,90.4001,229.0
2025-03-06 21:44:00,90.5498,90.55,90.49,90.55,3323.0
2025-03-06 21:46:00,90.55,90.649,90.55,90.56,1214.0
2025-03-06 21:48:00,90.55,90.65,90.55,90.65,1750.0
2025-03-06 21:50:00,90.49,90.49,90.49,90.49,705.0
2025-03-06 21:52:00,89.27,90.68,89.27,90.6,3045.0
2025-03-06 21:54:00,90.6,90.6,90.5001,90.5001,1716.0
2025-03-06 21:56:00,90.5,90.55,90.5,90.55,446.0
2025-03-06 21:58:00,90.51,90.51,90.2952,90.2952,1771.0
2025-03-06 22:00:00,90.4999,90.5,90.4999,90.5,420.0
2025-03-06 22:02:00,90.49,90.49,90.49,90.49,1008.0
2025-03-06 22:04:00,90.49,90.4975,90.49,90.4975,285.0
2025-03-06 22:06:00,90.31,90.31,90.31,90.31,330.0
2025-03-06 22:08:00,90.44,90.44,90.39,90.39,734.0
2025-03-06 22:10:00,90.47,90.68,90.47,90.6,5899.0
2025-03-06 22:12:00,90.6,90.7,90.5,90.61,5392.0
2025-03-06 22:14:00,90.53,90.6995,90.53,90.6,1995.0
2025-03-06 22:16:00,90.61,90.71,90.6,90.71,8605.0
2025-03-06 22:18:00,90.7881,90.8,90.71,90.75,6804.0
2025-03-06 22:20:00,90.7512,90.8,90.6503,90.8,2022.0
2025-03-06 22:22:00,90.8,90.8,90.66,90.7896,2332.0
2025-03-06 22:24:00,90.7883,90.7883,90.72,90.74,1930.0
2025-03-06 22:26:00,90.7,90.7975,90.65,90.69,3006.0
2025-03-06 22:28:00,90.5057,90.7,90.5057,90.7,953.0
2025-03-06 22:34:00,90.54,90.57,90.54,90.57,303.0
2025-03-06 22:38:00,90.667,90.667,90.667,90.667,361.0
2025-03-06 22:40:00,90.7,90.7,90.7,90.7,110.0
2025-03-06 22:42:00,90.5242,90.5242,90.5242,90.5242,1005.0
2025-03-06 22:44:00,90.6972,90.75,90.6972,90.75,492.0
2025-03-06 22:46:00,90.65,90.65,90.55,90.6,1165.0
2025-03-06 22:50:00,90.5547,90.5547,90.5547,90.5547,606.0
2025-03-06 22:52:00,90.6001,90.6001,90.49,90.49,2657.0
2025-03-06 22:54:00,90.25,90.25,90.25,90.25,384.0
2025-03-06 22:56:00,90.403,90.403,90.4003,90.4003,2011.0
2025-03-06 22:58:00,90.401,90.4499,90.2802,90.2802,3504.0
2025-03-06 23:00:00,90.35,90.35,90.35,90.35,541.0
2025-03-06 23:02:00,90.35,90.35,90.35,90.35,754.0
2025-03-06 23:06:00,90.46,90.46,90.3035,90.3035,350.0
2025-03-06 23:08:00,90.42,90.43,90.42,90.43,1700.0
2025-03-06 23:10:00,90.39,90.45,90.39,90.45,1845.0
2025-03-06 23:12:00,90.45,90.4972,90.35,90.4972,2075.0
2025-03-06 23:16:00,90.3387,90.3387,90.3387,90.3387,413.0
2025-03-06 23:18:00,90.3328,90.4,90.3328,90.4,555.0
2025-03-06 23:22:00,90.3,90.3,90.3,90.3,1162.0
2025-03-06 23:24:00,90.35,90.35,90.35,90.35,102.0
2025-03-06 23:26:00,90.35,90.35,90.2806,90.2806,552.0
2025-03-06 23:28:00,90.2655,90.2655,90.26,90.26,312.0
2025-03-06 23:30:00,90.33,90.33,90.33,90.33,1135.0
2025-03-06 23:32:00,90.41,90.41,90.35,90.38,962.0
2025-03-06 23:36:00,90.38,90.38,90.38,90.38,232.0
2025-03-06 23:38:00,90.4776,90.5,90.38,90.38,501.0
2025-03-06 23:40:00,90.38,90.41,90.38,90.38,1428.0
2025-03-06 23:42:00,90.38,90.38,90.38,90.38,507.0
2025-03-06 23:44:00,90.4776,90.4776,90.38,90.38,800.0
2025-03-06 23:46:00,90.38,90.38,90.38,90.38,525.0
2025-03-06 23:48:00,90.33,90.33,90.33,90.33,1010.0
2025-03-06 23:56:00,90.2562,90.2562,90.2562,90.2562,250.0
2025-03-06 23:58:00,90.486,90.486,90.486,90.486,261.0
2025-03-07 00:00:00,90.35,90.45,90.35,90.45,1634.0
2025-03-07 00:04:00,90.305,90.305,90.305,90.305,603.0
2025-03-07 00:06:00,90.3,90.3,90.23,90.23,1571.0
2025-03-07 00:12:00,90.251,90.251,90.251,90.251,215.0
2025-03-07 00:22:00,90.2794,90.2794,90.2794,90.2794,430.0
2025-03-07 00:26:00,90.25,90.25,90.25,90.25,454.0
2025-03-07 00:30:00,90.2501,90.2501,90.2501,90.2501,120.0
2025-03-07 00:34:00,90.2997,90.2997,90.2997,90.2997,201.0
2025-03-07 00:36:00,90.2512,90.2512,90.2512,90.2512,124.0
2025-03-07 00:38:00,90.25,90.25,90.25,90.25,265.0
2025-03-07 00:40:00,90.29,90.29,90.29,90.29,528.0
2025-03-07 00:42:00,90.25,90.25,90.25,90.25,747.0
2025-03-07 00:44:00,90.2501,90.2501,90.2501,90.2501,104.0
2025-03-07 00:46:00,90.2965,90.2965,90.2965,90.2965,201.0
2025-03-07 00:48:00,90.25,90.297,90.25,90.297,2696.0
2025-03-07 00:50:00,90.25,90.2988,90.25,90.2988,586.0
2025-03-07 00:54:00,90.2996,90.2996,90.25,90.25,1827.0
2025-03-07 00:56:00,90.25,90.2988,90.25,90.25,1924.0
2025-03-07 00:58:00,90.28,90.28,90.25,90.25,608.0
2025-03-07 09:00:00,90.33,90.33,90.33,90.33,1209.0
2025-03-07 09:02:00,90.49,90.49,90.49,90.49,515.0
2025-03-07 09:04:00,90.56,90.75,90.53,90.75,1897.0
2025-03-07 09:06:00,90.68,90.68,90.68,90.68,311.0
2025-03-07 09:08:00,90.76,90.82,90.76,90.82,1038.0
2025-03-07 09:10:00,90.82,90.82,90.78,90.81,932.0
2025-03-07 09:14:00,90.94,90.97,90.94,90.95,4924.0
2025-03-07 09:16:00,90.82,90.82,90.82,90.82,160.0
2025-03-07 09:20:00,90.91,90.91,90.9,90.9,832.0
2025-03-07 09:24:00,90.9,90.9,90.9,90.9,300.0
2025-03-07 09:28:00,90.96,90.96,90.77,90.78,3202.0
2025-03-07 09:30:00,90.78,90.78,90.78,90.78,110.0
2025-03-07 09:32:00,90.79,90.9,90.78,90.9,1543.0
2025-03-07 09:34:00,90.92,90.92,90.92,90.92,279.0
2025-03-07 09:36:00,90.97,90.99,90.97,90.99,3248.0
2025-03-07 09:38:00,91.02,91.02,90.99,91.0,2612.0
2025-03-07 09:42:00,90.91,90.91,90.91,90.91,243.0
2025-03-07 09:56:00,90.8,90.8,90.8,90.8,146.0
2025-03-07 10:04:00,90.79,90.79,90.79,90.79,311.0
2025-03-07 10:06:00,90.76,90.76,90.76,90.76,616.0
2025-03-07 10:08:00,90.57,90.57,90.53,90.53,887.0
2025-03-07 10:10:00,90.52,90.52,90.52,90.52,150.0
2025-03-07 10:18:00,90.69,90.69,90.69,90.69,151.0
2025-03-07 10:24:00,90.59,90.59,90.52,90.52,540.0
2025-03-07 10:42:00,90.69,90.74,90.69,90.72,570.0
2025-03-07 10:48:00,90.66,90.68,90.66,90.68,500.0
2025-03-07 10:52:00,90.66,90.66,90.66,90.66,559.0
2025-03-07 10:58:00,90.61,90.61,90.55,90.55,780.0
2025-03-07 11:00:00,90.43,90.43,90.41,90.41,655.0
2025-03-07 11:16:00,90.58,90.58,90.58,90.58,332.0
2025-03-07 11:18:00,90.59,90.59,90.59,90.59,291.0
2025-03-07 11:30:00,90.6,90.6,90.6,90.6,269.0
2025-03-07 11:32:00,90.65,90.65,90.65,90.65,200.0
2025-03-07 11:34:00,90.67,90.7,90.67,90.7,558.0
2025-03-07 11:36:00,90.71,90.74,90.71,90.74,503.0
2025-03-07 11:38:00,90.75,90.75,90.75,90.75,200.0
2025-03-07 11:40:00,90.84,90.84,90.84,90.84,512.0
2025-03-07 11:42:00,90.72,90.72,90.68,90.68,505.0
2025-03-07 12:00:00,90.76,90.76,90.51,90.52,2919.0
2025-03-07 12:02:00,90.5,90.5,90.45,90.45,1509.0
2025-03-07 12:04:00,90.41,90.41,90.33,90.33,2103.0
2025-03-07 12:06:00,90.37,90.37,90.36,90.36,439.0
2025-03-07 12:12:00,90.32,90.32,90.14,90.2,1193.0
2025-03-07 12:14:00,90.26,90.3,90.26,90.3,1212.0
2025-03-07 12:18:00,90.22,90.22,90.22,90.22,200.0
2025-03-07 12:20:00,90.22,90.22,90.22,90.22,254.0
2025-03-07 12:22:00,90.25,90.25,90.25,90.25,158.0
2025-03-07 12:30:00,90.2,90.2,90.12,90.16,2690.0
2025-03-07 12:32:00,90.22,90.22,90.22,90.22,110.0
2025-03-07 12:36:00,90.24,90.24,90.15,90.15,3096.0
2025-03-07 12:38:00,90.12,90.12,90.11,90.11,373.0
2025-03-07 12:40:00,90.08,90.08,90.0,90.0,4177.0
2025-03-07 12:42:00,89.88,89.88,89.84,89.84,681.0
2025-03-07 12:44:00,89.94,90.0,89.94,90.0,1566.0
2025-03-07 12:46:00,89.93,89.93,89.93,89.93,165.0
2025-03-07 12:48:00,89.89,89.89,89.89,89.89,100.0
2025-03-07 12:50:00,89.96,90.0,89.89,89.89,658.0
2025-03-07 12:56:00,89.99,89.99,89.99,89.99,153.0
2025-03-07 13:00:00,90.35,90.78,89.76,89.99,16184.0
2025-03-07 13:02:00,89.84,89.84,89.83,89.83,999.0
2025-03-07 13:04:00,89.9899,89.9899,89.9899,89.9899,212.0
2025-03-07 13:06:00,89.95,89.98,89.95,89.98,462.0
2025-03-07 13:08:00,89.9891,89.9891,89.8032,89.8032,708.0
2025-03-07 13:10:00,89.92,89.93,89.92,89.93,817.0
2025-03-07 13:12:00,89.9,89.9,89.9,89.9,739.0
2025-03-07 13:14:00,90.0674,90.0674,89.8,89.8,2145.0
2025-03-07 13:16:00,89.77,89.81,89.63,89.63,1846.0
2025-03-07 13:18:00,89.68,89.8,89.68,89.8,1131.0
2025-03-07 13:20:00,89.989,90.15,89.9,90.03,4514.0
2025-03-07 13:22:00,90.0,90.1437,90.0,90.1437,267.0
2025-03-07 13:24:00,90.13,90.1448,90.0,90.0,2914.0
2025-03-07 13:26:00,90.01,90.0799,90.0,90.0,2309.0
2025-03-07 13:28:00,90.0,90.0,89.63,89.63,1780.0
2025-03-07 13:30:00,90.0,91.0,90.0,90.9,14430.0
2025-03-07 13:32:00,90.8,90.8925,90.01,90.14,5843.0
2025-03-07 13:34:00,90.12,90.49,90.1,90.1,1308.0
2025-03-07 13:36:00,90.38,90.48,90.24,90.4199,2915.0
2025-03-07 13:38:00,90.26,90.26,90.07,90.12,3580.0
2025-03-07 13:40:00,90.02,90.15,90.0,90.05,7657.0
2025-03-07 13:42:00,90.06,90.1,90.06,90.1,1129.0
2025-03-07 13:44:00,90.17,90.18,90.14,90.14,484.0
2025-03-07 13:46:00,90.15,90.16,90.06,90.1,4890.0
2025-03-07 13:48:00,90.15,90.17,90.03,90.06,9433.0
2025-03-07 13:50:00,90.06,90.13,90.0,90.0,9690.0
2025-03-07 13:52:00,90.02,90.08,90.0,90.08,3830.0
2025-03-07 13:54:00,90.04,90.05,90.0,90.05,5661.0
2025-03-07 13:56:00,90.15,90.18,90.1,90.13,8600.0
2025-03-07 13:58:00,90.1,90.1,89.94,90.0,42849.0
2025-03-07 14:00:00,89.98,90.2,89.871,90.2,7185.0
2025-03-07 14:02:00,90.22,90.23,90.2,90.22,2959.0
2025-03-07 14:04:00,90.3,90.4999,90.3,90.4999,1025.0
2025-03-07 14:06:00,90.5,90.5,90.3,90.3,1284.0
2025-03-07 14:08:00,90.25,90.27,90.13,90.14,4917.0
2025-03-07 14:10:00,90.1,90.11,90.05,90.1,5989.0
2025-03-07 14:12:00,90.08,90.08,90.05,90.07,6817.0
2025-03-07 14:14:00,90.05,90.2,90.05,90.2,2782.0
2025-03-07 14:16:00,90.39,90.39,90.27,90.27,3267.0
2025-03-07 14:18:00,90.17,90.17,90.17,90.17,453.0
2025-03-07 14:20:00,90.16,90.16,90.1057,90.1057,733.0
2025-03-07 14:22:00,90.17,90.3,90.14,90.3,2422.0
2025-03-07 14:24:00,90.2989,90.4,90.29,90.33,4321.0
2025-03-07 14:26:00,90.4,90.587,90.4,90.55,2742.0
2025-03-07 14:28:00,90.62,90.62,90.2107,90.24,8108.0
2025-03-07 14:30:00,90.29,91.75,90.19,91.045,562321.0
2025-03-07 14:32:00,91.06,91.73,90.5646,91.72,215312.0
2025-03-07 14:34:00,91.77,92.0695,91.61,91.8,281171.0
2025-03-07 14:36:00,91.83,91.88,90.91,91.17,230144.0
2025-03-07 14:38:00,91.13,91.99,91.065,91.81,161661.0
2025-03-07 14:40:00,91.81,92.44,91.5,92.3,220854.0
2025-03-07 14:42:00,92.27,92.8471,91.97,92.575,207159.0
2025-03-07 14:44:00,92.595,92.94,92.355,92.49,249515.0
2025-03-07 14:46:00,92.51,92.8623,92.41,92.66,126456.0
2025-03-07 14:48:00,92.655,92.71,92.26,92.4914,81189.0
2025-03-07 14:50:00,92.495,92.71,92.335,92.665,111933.0
2025-03-07 14:52:00,92.7,93.19,92.69,93.13,242121.0
2025-03-07 14:54:00,93.14,93.34,92.9,92.9714,144494.0
2025-03-07 14:56:00,93.0333,93.0333,92.72,93.03,136721.0
2025-03-07 14:58:00,93.03,93.22,92.54,92.72,104036.0
2025-03-07 15:00:00,92.7475,92.7475,92.26,92.65,161204.0
2025-03-07 15:02:00,92.65,93.0,92.62,92.865,94040.0
2025-03-07 15:04:00,92.86,93.1,92.55,92.68,69722.0
2025-03-07 15:06:00,92.68,92.9399,92.66,92.87,50486.0
2025-03-07 15:08:00,92.89,93.06,92.61,92.8075,208352.0
2025-03-07 15:10:00,92.815,93.0,92.75,92.855,95671.0
2025-03-07 15:12:00,92.85,92.9,92.58,92.7,143287.0
2025-03-07 15:14:00,92.67,92.72,92.39,92.63,154249.0
2025-03-07 15:16:00,92.605,92.605,92.1222,92.17,132142.0
2025-03-07 15:18:00,92.195,92.66,92.0401,92.2883,105467.0
2025-03-07 15:20:00,92.29,92.3962,91.948,92.19,81046.0
2025-03-07 15:22:00,92.15,92.23,91.9601,92.19,54546.0
2025-03-07 15:24:00,92.25,92.605,92.2,92.5973,98309.0
2025-03-07 15:26:00,92.53,92.615,92.26,92.5,52830.0
2025-03-07 15:28:00,92.52,92.52,91.99,92.06,66936.0
2025-03-07 15:30:00,92.04,92.04,91.47,91.545,125442.0
2025-03-07 15:32:00,91.545,91.56,91.06,91.56,198617.0
2025-03-07 15:34:00,91.56,91.56,91.243,91.31,54547.0
2025-03-07 15:36:00,91.37,91.41,91.04,91.1082,72809.0
2025-03-07 15:38:00,91.1,91.26,90.97,91.03,84866.0
2025-03-07 15:40:00,91.055,91.055,90.85,90.94,72907.0
2025-03-07 15:42:00,90.94,91.5,90.91,91.465,60380.0
2025-03-07 15:44:00,91.465,91.81,91.43,91.81,85233.0
2025-03-07 15:46:00,91.85,91.96,91.63,91.79,64974.0
2025-03-07 15:48:00,91.79,92.64,91.545,92.37,141823.0
2025-03-07 15:50:00,92.365,92.46,91.8,91.97,82550.0
2025-03-07 15:52:00,91.985,92.125,91.664,91.785,64564.0
2025-03-07 15:54:00,91.83,92.4598,91.83,92.18,105939.0
2025-03-07 15:56:00,92.16,92.2092,91.59,91.72,52102.0
2025-03-07 15:58:00,91.72,91.82,91.65,91.81,54793.0
2025-03-07 16:00:00,91.77,91.77,91.52,91.69,62727.0
2025-03-07 16:02:00,91.65,91.65,91.43,91.58,41878.0
2025-03-07 16:04:00,91.56,91.92,91.475,91.55,64123.0
2025-03-07 16:06:00,91.525,91.8,91.385,91.7,50176.0
2025-03-07 16:08:00,91.67,91.68,91.41,91.53,48799.0
2025-03-07 16:10:00,91.53,91.6291,91.39,91.5,53358.0
2025-03-07 16:12:00,91.5,91.535,91.33,91.376815,89538.0
2025-03-07 16:14:00,91.41,91.5,91.25,91.3,47582.0
2025-03-07 16:16:00,91.2975,91.3,90.92,91.045,77338.0
2025-03-07 16:18:00,91.065,91.13,90.78,90.79,76825.0
2025-03-07 16:20:00,90.82,91.06,90.74,91.01,61433.0
2025-03-07 16:22:00,90.98,91.03,90.75,90.81,49272.0
2025-03-07 16:24:00,90.78,90.78,90.53,90.6,70432.0
2025-03-07 16:26:00,90.56,90.69,90.35,90.64,76266.0
2025-03-07 16:28:00,90.65,90.7299,90.394,90.485,50422.0
2025-03-07 16:30:00,90.51,90.67,90.428,90.58,50190.0
2025-03-07 16:32:00,90.58,90.83,90.5,90.64,45370.0
2025-03-07 16:34:00,90.64,90.64,90.3744,90.425,62396.0
2025-03-07 16:36:00,90.46,90.46,90.14,90.2,66667.0
2025-03-07 16:38:00,90.22,90.29,90.06,90.14,49856.0
2025-03-07 16:40:00,90.08,90.15,89.8115,89.94,74256.0
2025-03-07 16:42:00,89.93,90.09,89.81,89.9,122047.0
2025-03-07 16:44:00,89.92,90.46,89.89,90.345,123479.0
2025-03-07 16:46:00,90.345,90.515,90.205,90.35,59289.0
2025-03-07 16:48:00,90.315,90.35,89.91,89.96,94067.0
2025-03-07 16:50:00,89.96,90.0,89.71,89.89,94673.0
2025-03-07 16:52:00,89.92,90.0,89.6617,89.7375,56100.0
2025-03-07 16:54:00,89.735,90.04,89.73,89.965,66408.0
2025-03-07 16:56:00,89.97,90.24,89.96,90.165,44716.0
2025-03-07 16:58:00,90.16,90.21,89.835,89.97,89656.0
2025-03-07 17:00:00,89.99,90.2999,89.91,90.23,100692.0
2025-03-07 17:02:00,90.206,90.36,90.16,90.25,68355.0
2025-03-07 17:04:00,90.255,90.4699,90.2,90.22,61364.0
2025-03-07 17:06:00,90.19,90.3,90.02,90.02,44545.0
2025-03-07 17:08:00,90.02,90.35,89.86,90.025,56027.0
2025-03-07 17:10:00,89.99,90.105,89.74,89.765,40301.0
2025-03-07 17:12:00,89.765,89.82,89.53,89.79,133458.0
2025-03-07 17:14:00,89.75,89.9205,89.71,89.855,49762.0
2025-03-07 17:16:00,89.855,89.9,89.605,89.68,66537.0
2025-03-07 17:18:00,89.63,89.68,89.49,89.645,56866.0
2025-03-07 17:20:00,89.64,89.745,89.56,89.695,55117.0
2025-03-07 17:22:00,89.695,89.91,89.6818,89.69,60697.0
2025-03-07 17:24:00,89.69,89.94,89.69,89.85,34977.0
2025-03-07 17:26:00,89.88,90.0,89.77,89.96,75032.0
2025-03-07 17:28:00,89.96,90.18,89.925,90.17,123162.0
2025-03-07 17:30:00,90.14,90.17,89.895,89.93,70693.0
2025-03-07 17:32:00,89.89,90.38,89.88,90.3216,57908.0
2025-03-07 17:34:00,90.34,90.57,90.29,90.57,73920.0
2025-03-07 17:36:00,90.57,90.88,90.48,90.86,83890.0
2025-03-07 17:38:00,90.86,90.87,90.55,90.59,80020.0
2025-03-07 17:40:00,90.57,90.88,90.5,90.84,55987.0
2025-03-07 17:42:00,90.905,91.05,90.68,91.01,50640.0
2025-03-07 17:44:00,91.02,91.56,90.9902,91.535,79724.0
2025-03-07 17:46:00,91.56,91.6,91.309032,91.3216,78665.0
2025-03-07 17:48:00,91.27,91.34,91.12,91.23,44637.0
2025-03-07 17:50:00,91.26,91.375,91.2,91.365,31124.0
2025-03-07 17:52:00,91.34,91.63,91.22,91.44,64828.0
2025-03-07 17:54:00,91.4,91.625,91.32,91.445,60884.0
2025-03-07 17:56:00,91.48,91.52,90.77,90.8635,55198.0
2025-03-07 17:58:00,90.825,90.9,90.25,90.52,112125.0
2025-03-07 18:00:00,90.54,90.89,90.52,90.6498,42840.0
2025-03-07 18:02:00,90.72,91.135,90.68,91.085,37199.0
2025-03-07 18:04:00,91.085,91.57,91.085,91.57,75551.0
2025-03-07 18:06:00,91.59,91.59,91.29,91.42,44356.0
2025-03-07 18:08:00,91.42,91.58,91.08,91.125,44857.0
2025-03-07 18:10:00,91.13,91.23,90.8,90.93,47988.0
2025-03-07 18:12:00,90.925,91.2199,90.925,91.16,94538.0
2025-03-07 18:14:00,91.2,91.26,91.09,91.195,44165.0
2025-03-07 18:16:00,91.19,91.25,91.0658,91.105,25409.0
2025-03-07 18:18:00,91.15,91.25,91.04,91.1831,34191.0
2025-03-07 18:20:00,91.2,91.37,91.0808,91.19,28661.0
2025-03-07 18:22:00,91.15,91.27,91.1001,91.21,28623.0
2025-03-07 18:24:00,91.195,91.22,90.91,90.94,39595.0
2025-03-07 18:26:00,90.935,91.2,90.8801,91.12,26903.0
2025-03-07 18:28:00,91.125,91.2,90.878,90.95,28173.0
2025-03-07 18:30:00,90.87,91.045,90.8,90.845,27849.0
2025-03-07 18:32:00,90.89,91.1,90.89,91.03,24874.0
2025-03-07 18:34:00,91.02,91.0999,90.97,91.01,24255.0
2025-03-07 18:36:00,90.97,91.4292,90.9428,91.38,51570.0
2025-03-07 18:38:00,91.4,91.505,91.31,91.45,66204.0
2025-03-07 18:40:00,91.44,91.6786,91.44,91.5858,57256.0
2025-03-07 18:42:00,91.59,91.615,91.0812,91.0965,60564.0
2025-03-07 18:44:00,91.14,91.4999,91.1,91.41,37056.0
2025-03-07 18:46:00,91.41,91.6,91.39,91.6,36586.0
2025-03-07 18:48:00,91.63,91.65,91.25,91.31,51729.0
2025-03-07 18:50:00,91.32,91.48,91.2701,91.37,31257.0
2025-03-07 18:52:00,91.35,91.81,91.35,91.76,50765.0
2025-03-07 18:54:00,91.78,91.79,91.51,91.545,58213.0
2025-03-07 18:56:00,91.545,91.63,91.4,91.445,30137.0
2025-03-07 18:58:00,91.445,91.64,91.4,91.4174,54855.0
2025-03-07 19:00:00,91.435,91.66,91.38,91.6375,53660.0
2025-03-07 19:02:00,91.65,91.77,91.61,91.685,57151.0
2025-03-07 19:04:00,91.66,91.8,91.6,91.735,182946.0
2025-03-07 19:06:00,91.75,91.7501,91.45,91.47,51520.0
2025-03-07 19:08:00,91.48,91.6211,91.4375,91.475,32905.0
2025-03-07 19:10:00,91.5,91.8,91.5,91.725,39632.0
2025-03-07 19:12:00,91.7,92.045,91.67,91.92,82293.0
2025-03-07 19:14:00,91.93,92.085,91.89,92.04,32285.0
2025-03-07 19:16:00,92.08,92.31,92.08,92.19,56926.0
2025-03-07 19:18:00,92.21,92.48,92.12,92.47,108471.0
2025-03-07 19:20:00,92.5,92.75,92.5,92.64,100478.0
2025-03-07 19:22:00,92.65,93.08,92.64,93.025,268530.0
2025-03-07 19:24:00,93.02,93.11,92.8252,92.875,85808.0
2025-03-07 19:26:00,92.895,92.96,92.67,92.8,54364.0
2025-03-07 19:28:00,92.82,92.9805,92.71,92.965,58952.0
2025-03-07 19:30:00,92.98,93.08,92.85,93.06,93057.0
2025-03-07 19:32:00,93.06,93.125,92.87,92.9012,100406.0
2025-03-07 19:34:00,92.93,93.02,92.7812,92.93,82943.0
2025-03-07 19:36:00,92.94,92.945,92.67,92.77,85809.0
2025-03-07 19:38:00,92.8,93.05,92.8,92.945,49627.0
2025-03-07 19:40:00,92.95,92.99,92.82,92.86,31072.0
2025-03-07 19:42:00,92.85,92.91,92.52,92.58,54488.0
2025-03-07 19:44:00,92.6,92.6,92.315,92.385,55817.0
2025-03-07 19:46:00,92.39,92.52,92.33,92.4635,46917.0
2025-03-07 19:48:00,92.4525,92.47,92.16,92.215,43378.0
2025-03-07 19:50:00,92.215,92.43,92.14,92.385,30489.0
2025-03-07 19:52:00,92.36,92.44,92.26,92.415,35527.0
2025-03-07 19:54:00,92.42,92.57,92.33,92.55,38289.0
2025-03-07 19:56:00,92.55,92.619,92.4,92.54,39911.0
2025-03-07 19:58:00,92.57,92.575,92.34,92.355,38082.0
2025-03-07 20:00:00,92.34,92.49,92.19,92.455,67055.0
2025-03-07 20:02:00,92.4523,92.485,92.21,92.26,28102.0
2025-03-07 20:04:00,92.28,92.3899,92.18,92.2401,53665.0
2025-03-07 20:06:00,92.28,92.42,92.23,92.4,30254.0
2025-03-07 20:08:00,92.4,92.615,92.385,92.485,46388.0
2025-03-07 20:10:00,92.46,92.68,92.37,92.56,64833.0
2025-03-07 20:12:00,92.565,92.6294,92.45,92.495,37102.0
2025-03-07 20:14:00,92.49,92.555,92.15,92.15,61490.0
2025-03-07 20:16:00,92.14,92.37,92.1025,92.315,70732.0
2025-03-07 20:18:00,92.35,92.7895,92.34,92.69,69671.0
2025-03-07 20:20:00,92.71,92.71,92.41,92.55,36491.0
2025-03-07 20:22:00,92.55,92.61,92.37,92.44,41947.0
2025-03-07 20:24:00,92.44,92.56,92.37,92.425,57571.0
2025-03-07 20:26:00,92.42,92.61,92.42,92.57,38206.0
2025-03-07 20:28:00,92.55,92.67,92.5,92.55,49075.0
2025-03-07 20:30:00,92.54,92.56,92.32,92.34,66629.0
2025-03-07 20:32:00,92.3,92.43,92.23,92.41,59039.0
2025-03-07 20:34:00,92.42,92.5202,92.28,92.33,78703.0
2025-03-07 20:36:00,92.34,92.36,91.93,91.93,122551.0
2025-03-07 20:38:00,91.93,92.06,91.68,91.78,98730.0
2025-03-07 20:40:00,91.785,91.83,91.56,91.65,90867.0
2025-03-07 20:42:00,91.66,91.85,91.45,91.79,109198.0
2025-03-07 20:44:00,91.79,92.05,91.78,92.025,78986.0
2025-03-07 20:46:00,92.03,92.23,92.025,92.17,87917.0
2025-03-07 20:48:00,92.16,92.39,92.0164,92.39,183074.0
2025-03-07 20:50:00,92.35,92.375,92.09,92.2813,106762.0
2025-03-07 20:52:00,92.31,92.4,92.16,92.16,98941.0
2025-03-07 20:54:00,92.175,93.25,92.166,93.09,491541.0
2025-03-07 20:56:00,93.1,93.13,92.91,92.9793,293983.0
2025-03-07 20:58:00,92.98,93.03,92.91,92.97,571776.0
2025-03-07 21:00:00,92.96,92.98,92.72,92.72,211447.0
2025-03-07 21:02:00,92.55,92.5999,92.52,92.5999,1382.0
2025-03-07 21:04:00,92.405,92.96,92.405,92.81,12394.0
2025-03-07 21:06:00,92.9,92.91,92.9,92.91,1331.0
2025-03-07 21:08:00,92.82,92.82,92.82,92.82,154.0
2025-03-07 21:10:00,92.82,92.82,92.82,92.82,556.0
2025-03-07 21:16:00,92.92,92.92,92.82,92.92,1176.0
2025-03-07 21:18:00,92.92,92.92,92.8506,92.8506,503.0
2025-03-07 21:20:00,92.8518,92.8518,92.8518,92.8518,171.0
2025-03-07 21:24:00,92.9,92.9,92.9,92.9,161.0
2025-03-07 21:34:00,92.85,92.85,92.85,92.85,265.0
2025-03-07 21:40:00,92.8,92.8,92.8,92.8,273.0
2025-03-07 21:42:00,92.8,92.82,92.8,92.82,889.0
2025-03-07 21:46:00,92.96,92.98,92.9,92.96,2828.0
2025-03-07 21:48:00,92.96,92.96,92.96,92.96,135.0
2025-03-07 21:50:00,92.92,92.92,92.9,92.9,500.0
2025-03-07 21:52:00,92.8434,92.8434,92.8434,92.8434,146.0
2025-03-07 21:56:00,92.9399,92.9399,92.9399,92.9399,1509.0
2025-03-07 21:58:00,92.93,92.93,92.85,92.85,1871.0
2025-03-07 22:02:00,92.88,92.88,92.88,92.88,502.0
2025-03-07 22:04:00,92.8,92.8,92.8,92.8,836.0
2025-03-07 22:10:00,92.82,92.84,92.82,92.84,722.0
2025-03-07 22:18:00,92.9333,92.9333,92.9333,92.9333,330.0
2025-03-07 22:28:00,92.96,92.96,92.79,92.79,1150.0
2025-03-07 22:58:00,92.7,92.7,92.7,92.7,200.0
2025-03-07 23:02:00,92.8255,92.8255,92.8255,92.8255,158.0
2025-03-07 23:16:00,92.71,92.71,92.71,92.71,137.0
2025-03-07 23:34:00,92.652,92.8255,92.652,92.8255,810.0
2025-03-07 23:38:00,92.65,92.65,92.65,92.65,300.0
2025-03-07 23:42:00,92.72,92.72,92.72,92.72,132.0
2025-03-07 23:44:00,92.82,92.82,92.82,92.82,100.0
2025-03-07 23:48:00,92.66,92.66,92.65,92.65,1437.0
2025-03-07 23:54:00,92.7,92.7,92.65,92.66,1020.0
2025-03-07 23:56:00,92.66,92.66,92.66,92.66,200.0
2025-03-07 23:58:00,92.83,92.84,92.79,92.84,532.0
2025-03-08 00:00:00,92.72,92.72,92.72,92.72,200.0
2025-03-08 00:04:00,92.76,92.76,92.76,92.76,304.0
2025-03-08 00:26:00,92.74,92.75,92.74,92.75,601.0
2025-03-08 00:28:00,92.75,92.75,92.6995,92.6995,1005.0
2025-03-08 00:44:00,92.73,92.73,92.73,92.73,205.0
2025-03-08 00:56:00,92.8,92.8,92.8,92.8,100.0
2025-03-08 00:58:00,92.76,92.76,92.75,92.75,303.0
2025-03-10 08:00:00,91.69,91.69,91.68,91.68,595.0
2025-03-10 08:02:00,91.62,91.62,91.5,91.5,811.0
2025-03-10 08:06:00,91.27,91.4,91.27,91.4,1173.0
2025-03-10 08:08:00,91.23,91.23,91.1,91.1,1013.0
2025-03-10 08:10:00,91.16,91.16,91.0,91.0,1386.0
2025-03-10 08:12:00,91.1,91.1,90.94,90.94,381.0
2025-03-10 08:14:00,90.96,90.96,90.72,90.72,1165.0
2025-03-10 08:20:00,90.7,90.76,90.68,90.7,1575.0
2025-03-10 08:22:00,90.81,90.81,90.8,90.8,489.0
2025-03-10 08:24:00,90.79,90.8,90.79,90.8,754.0
2025-03-10 08:26:00,90.71,90.71,90.71,90.71,127.0
2025-03-10 08:28:00,90.8,90.8,90.8,90.8,222.0
2025-03-10 08:30:00,90.77,90.77,90.77,90.77,194.0
2025-03-10 08:32:00,90.76,90.76,90.65,90.65,1263.0
2025-03-10 08:34:00,90.73,90.73,90.69,90.69,353.0
2025-03-10 08:40:00,90.68,90.73,90.68,90.7,1208.0
2025-03-10 08:44:00,90.63,90.63,90.63,90.63,1500.0
2025-03-10 08:46:00,90.69,90.69,90.63,90.66,1356.0
2025-03-10 08:48:00,90.59,90.68,90.58,90.58,3233.0
2025-03-10 08:50:00,90.58,90.59,90.58,90.58,1022.0
2025-03-10 08:52:00,90.42,90.42,90.19,90.19,871.0
2025-03-10 08:54:00,90.15,90.26,90.15,90.26,851.0
2025-03-10 08:56:00,90.08,90.08,90.01,90.01,1148.0
2025-03-10 08:58:00,90.44,90.45,90.44,90.45,515.0
2025-03-10 09:02:00,90.44,90.5,90.44,90.49,1065.0
2025-03-10 09:04:00,90.2,90.21,90.2,90.2,1090.0
2025-03-10 09:06:00,90.42,90.5,90.4,90.41,2338.0
2025-03-10 09:08:00,90.48,90.48,90.48,90.48,215.0
2025-03-10 09:10:00,90.32,90.48,90.32,90.48,900.0
2025-03-10 09:12:00,90.3,90.3,90.29,90.29,353.0
2025-03-10 09:16:00,90.49,90.5,90.49,90.5,305.0
2025-03-10 09:18:00,90.5,90.71,90.5,90.71,4474.0
2025-03-10 09:22:00,90.76,90.77,90.5,90.59,3714.0
2025-03-10 09:28:00,90.62,90.7,90.58,90.7,1116.0
2025-03-10 09:30:00,90.76,90.76,90.76,90.76,444.0
2025-03-10 09:34:00,90.79,90.8,90.79,90.8,552.0
2025-03-10 09:40:00,90.8,90.8,90.8,90.8,215.0
2025-03-10 09:44:00,90.78,90.8,90.78,90.79,1000.0
2025-03-10 09:46:00,90.79,90.8,90.79,90.79,1034.0
2025-03-10 09:50:00,90.71,90.71,90.7,90.7,699.0
2025-03-10 09:52:00,90.61,90.64,90.45,90.45,1661.0
2025-03-10 09:58:00,90.39,90.4,90.3,90.4,2740.0
2025-03-10 10:08:00,90.38,90.38,90.25,90.25,1023.0
2025-03-10 10:12:00,90.32,90.32,90.32,90.32,100.0
2025-03-10 10:24:00,90.23,90.23,90.19,90.2,1499.0
2025-03-10 10:26:00,90.19,90.2,90.19,90.19,2992.0
2025-03-10 10:42:00,90.24,90.24,90.21,90.21,556.0
2025-03-10 10:44:00,90.13,90.13,90.09,90.1,2372.0
2025-03-10 10:46:00,90.1,90.1,90.1,90.1,200.0
2025-03-10 10:52:00,90.12,90.16,90.12,90.13,602.0
2025-03-10 10:54:00,90.3,90.4,90.3,90.4,2265.0
2025-03-10 10:58:00,90.13,90.13,90.07,90.07,400.0
2025-03-10 11:00:00,90.3,90.5,90.3,90.5,4707.0
2025-03-10 11:02:00,90.49,90.5,90.34,90.48,2731.0
2025-03-10 11:04:00,90.4,90.4,90.09,90.39,8386.0
2025-03-10 11:06:00,90.3,90.4,90.3,90.4,529.0
2025-03-10 11:08:00,90.46,90.5,90.46,90.5,3028.0
2025-03-10 11:10:00,90.58,90.61,90.58,90.61,1649.0
2025-03-10 11:12:00,90.71,90.71,90.71,90.71,253.0
2025-03-10 11:14:00,90.69,90.73,90.48,90.6,1859.0
2025-03-10 11:18:00,90.61,90.71,90.61,90.71,410.0
2025-03-10 11:20:00,90.73,90.73,90.73,90.73,473.0
2025-03-10 11:22:00,90.73,90.73,90.73,90.73,110.0
2025-03-10 11:24:00,90.71,90.71,90.71,90.71,100.0
2025-03-10 11:28:00,90.71,90.71,90.7,90.7,410.0
2025-03-10 11:30:00,90.79,90.85,90.79,90.85,2443.0
2025-03-10 11:34:00,90.71,90.71,90.6,90.6,2393.0
2025-03-10 11:36:00,90.6,90.6,90.48,90.5,1763.0
2025-03-10 11:40:00,90.4,90.4,90.26,90.26,424.0
2025-03-10 11:46:00,90.45,90.49,90.44,90.49,1150.0
2025-03-10 11:48:00,90.51,90.51,90.5,90.5,1175.0
2025-03-10 11:50:00,90.49,90.51,90.37,90.41,2214.0
2025-03-10 11:54:00,90.22,90.22,90.21,90.21,1005.0
2025-03-10 11:56:00,90.13,90.44,90.11,90.44,6312.0
2025-03-10 11:58:00,90.45,90.6,90.45,90.6,3548.0
2025-03-10 12:00:00,90.21,91.9,90.2,90.38,48065.0
2025-03-10 12:02:00,90.3999,90.54,90.26,90.54,7318.0
2025-03-10 12:04:00,90.39,90.5,90.39,90.5,5939.0
2025-03-10 12:06:00,90.5,90.5,90.3,90.4,452.0
2025-03-10 12:08:00,90.3,90.3,90.2,90.2,3533.0
2025-03-10 12:10:00,90.26,90.3,90.2,90.2,2006.0
2025-03-10 12:12:00,90.25,90.31,90.2,90.2,2562.0
2025-03-10 12:16:00,90.45,90.45,90.2344,90.2374,409.0
2025-03-10 12:20:00,90.33,90.4,90.26,90.26,1632.0
2025-03-10 12:22:00,90.49,90.55,90.3,90.3,2184.0
2025-03-10 12:24:00,90.31,90.31,90.2,90.2,3928.0
2025-03-10 12:28:00,90.19,90.19,90.06,90.06,2588.0
2025-03-10 12:30:00,90.08,90.29,90.06,90.29,950.0
2025-03-10 12:32:00,90.08,90.08,90.02,90.02,1630.0
2025-03-10 12:34:00,90.0,90.08,89.92,90.08,14034.0
2025-03-10 12:36:00,90.01,90.18,90.0011,90.17,1999.0
2025-03-10 12:38:00,90.17,90.17,90.1,90.101,1207.0
2025-03-10 12:40:00,90.1699,90.1699,90.1,90.13,4061.0
2025-03-10 12:42:00,90.13,90.26,90.13,90.26,3730.0
2025-03-10 12:44:00,90.0783,90.18,90.06,90.06,1179.0
2025-03-10 12:46:00,90.0609,90.0609,90.0609,90.0609,2004.0
2025-03-10 12:48:00,90.1535,90.29,90.15,90.15,3053.0
2025-03-10 12:50:00,90.1999,90.2,90.07,90.07,3552.0
2025-03-10 12:52:00,90.16,90.19,90.16,90.19,1134.0
2025-03-10 12:54:00,90.1,90.11,90.1,90.1,2337.0
2025-03-10 12:56:00,90.09,90.09,90.0,90.0,3639.0
2025-03-10 12:58:00,90.1,90.11,90.01,90.11,1050.0
2025-03-10 13:00:00,90.11,90.11,90.11,90.11,204.0
2025-03-10 13:02:00,90.2491,90.25,90.04,90.04,2733.0
2025-03-10 13:04:00,90.0,90.0,89.885,89.885,4008.0
2025-03-10 13:06:00,89.89,89.89,89.7023,89.7023,6272.0
2025-03-10 13:08:00,89.99,90.0,89.92,89.997,1687.0
2025-03-10 13:10:00,89.98,90.02,89.97,90.0019,4866.0
2025-03-10 13:12:00,90.0,90.05,90.0,90.0,1337.0
2025-03-10 13:14:00,89.99,90.04,89.99,90.04,4266.0
2025-03-10 13:16:00,90.0,90.0,90.0,90.0,1443.0
2025-03-10 13:18:00,89.97,90.19,89.97,90.09,1656.0
2025-03-10 13:20:00,89.9499,89.9499,89.89,89.9,1675.0
2025-03-10 13:22:00,89.8999,89.8999,89.81,89.81,884.0
2025-03-10 13:24:00,89.95,90.0,89.88,89.99,1424.0
2025-03-10 13:26:00,90.0,90.19,89.6,89.6,26217.0
2025-03-10 13:28:00,89.5,89.71,89.38,89.61,23785.0
2025-03-10 13:30:00,89.59,90.11,89.04,89.905,528788.0
2025-03-10 13:32:00,89.745,89.91,89.32,89.45,124981.0
2025-03-10 13:34:00,89.43,90.21,89.27,90.16,209517.0
2025-03-10 13:36:00,90.15,90.42,89.77,90.265,158872.0
2025-03-10 13:38:00,90.28,90.62,90.14,90.36,156242.0
2025-03-10 13:40:00,90.35,90.85,90.17,90.6878,148555.0
2025-03-10 13:42:00,90.73,91.13,90.58,91.03,114637.0
2025-03-10 13:44:00,91.035,91.37,90.8111,90.9001,103255.0
2025-03-10 13:46:00,90.88,91.005,90.27,90.38,68875.0
2025-03-10 13:48:00,90.425,90.6905,90.1327,90.69,71679.0
2025-03-10 13:50:00,90.675,90.88,90.165,90.205,108756.0
2025-03-10 13:52:00,90.19,90.425,90.06,90.245,96153.0
2025-03-10 13:54:00,90.18,90.34,90.08,90.22,61941.0
2025-03-10 13:56:00,90.2535,90.695,90.135,90.695,96161.0
2025-03-10 13:58:00,90.66,90.845,90.42,90.445,56353.0
2025-03-10 14:00:00,90.445,90.445,90.0,90.165,101738.0
2025-03-10 14:02:00,90.13,90.185,89.9316,90.04,95620.0
2025-03-10 14:04:00,90.06,90.25,89.91,90.25,64502.0
2025-03-10 14:06:00,90.2,90.3,90.02,90.215,71832.0
2025-03-10 14:08:00,90.215,90.27,90.03,90.065,65157.0
2025-03-10 14:10:00,90.08,90.32,89.955,90.31,71959.0
2025-03-10 14:12:00,90.34,90.34,90.09,90.235,57507.0
2025-03-10 14:14:00,90.245,90.56,90.212,90.44,77008.0
2025-03-10 14:16:00,90.4,90.52,89.97,90.07,76703.0
2025-03-10 14:18:00,90.09,90.27,90.0,90.1,58406.0
2025-03-10 14:20:00,90.16,90.23,89.878,89.955,101333.0
2025-03-10 14:22:00,89.945,90.33,89.8801,90.05,104156.0
2025-03-10 14:24:00,90.05,90.075,89.72,89.8,79508.0
2025-03-10 14:26:00,89.84,89.88,89.51,89.53,58602.0
2025-03-10 14:28:00,89.52,89.53,89.11,89.125,157693.0
2025-03-10 14:30:00,89.15,89.26,88.86,89.19,149369.0
2025-03-10 14:32:00,89.2,89.21,88.7,88.7858,151287.0
2025-03-10 14:34:00,88.79,88.79,88.51,88.51,109943.0
2025-03-10 14:36:00,88.535,88.96,88.41,88.825,155366.0
2025-03-10 14:38:00,88.81,89.01,88.72,88.94,70959.0
2025-03-10 14:40:00,88.94,88.96,88.64,88.64,189241.0
2025-03-10 14:42:00,88.6006,88.9299,88.58,88.71,68414.0
2025-03-10 14:44:00,88.75,88.76,88.485,88.545,57483.0
2025-03-10 14:46:00,88.52,88.67,88.44,88.625,50005.0
2025-03-10 14:48:00,88.62,88.855,88.59,88.7457,65127.0
2025-03-10 14:50:00,88.73,88.77,88.35,88.52,80187.0
2025-03-10 14:52:00,88.51,88.51,88.01,88.01,175416.0
2025-03-10 14:54:00,88.01,88.2,87.79,87.8,186543.0
2025-03-10 14:56:00,87.8,87.85,87.63,87.7725,124001.0
2025-03-10 14:58:00,87.75,88.0695,87.71,88.0695,99755.0
2025-03-10 15:00:00,88.07,88.4799,88.06,88.36,95757.0
2025-03-10 15:02:00,88.315,88.43,88.1,88.26,76833.0
2025-03-10 15:04:00,88.225,88.33,88.09,88.18,53025.0
2025-03-10 15:06:00,88.2,88.515,88.13,88.515,58127.0
2025-03-10 15:08:00,88.525,88.56,88.26,88.35,104730.0
2025-03-10 15:10:00,88.385,88.49,88.27,88.33,43939.0
2025-03-10 15:12:00,88.33,88.58,88.29,88.53,49945.0
2025-03-10 15:14:00,88.53,88.6499,88.4109,88.586737,45061.0
2025-03-10 15:16:00,88.595,88.63,88.37,88.56,76176.0
2025-03-10 15:18:00,88.535,88.555,88.2004,88.235,49573.0
2025-03-10 15:20:00,88.2135,88.47,88.16,88.3194,49553.0
2025-03-10 15:22:00,88.28,88.6902,88.23,88.6033,59083.0
2025-03-10 15:24:00,88.64,88.81,88.61,88.7,41015.0
2025-03-10 15:26:00,88.77,88.78,88.6339,88.7,42390.0
2025-03-10 15:28:00,88.68,88.865,88.65,88.805,46665.0
2025-03-10 15:30:00,88.77,89.05,88.77,89.0,90636.0
2025-03-10 15:32:00,89.05,89.31,88.9101,89.205,97178.0
2025-03-10 15:34:00,89.205,89.435,89.18,89.4,45524.0
2025-03-10 15:36:00,89.41,89.68,89.385,89.54,50650.0
2025-03-10 15:38:00,89.55,89.6299,89.2201,89.26,44723.0
2025-03-10 15:40:00,89.23,89.29,88.78,88.7901,41739.0
2025-03-10 15:42:00,88.7859,88.85,88.64,88.755,47221.0
2025-03-10 15:44:00,88.745,88.78,88.59,88.7495,63182.0
2025-03-10 15:46:00,88.75,89.11,88.735,89.01,72353.0
2025-03-10 15:48:00,88.95,89.02,88.6764,88.755,66392.0
2025-03-10 15:50:00,88.75,88.82,88.57,88.705,48712.0
2025-03-10 15:52:00,88.7,88.745,88.5,88.53,41436.0
2025-03-10 15:54:00,88.56,88.67,88.535,88.5801,26240.0
2025-03-10 15:56:00,88.575,88.5763,88.28,88.395,72044.0
2025-03-10 15:58:00,88.41,88.49,88.3,88.32,56845.0
2025-03-10 16:00:00,88.32,88.68,88.3,88.665,102575.0
2025-03-10 16:02:00,88.66,88.715,88.3,88.31,37278.0
2025-03-10 16:04:00,88.34,88.44,88.2,88.3883,83808.0
2025-03-10 16:06:00,88.375,88.48,88.28,88.33,56378.0
2025-03-10 16:08:00,88.325,88.49,88.3,88.39,51189.0
2025-03-10 16:10:00,88.4,88.58,88.375,88.56,56192.0
2025-03-10 16:12:00,88.55,88.55,88.33,88.38,63779.0
2025-03-10 16:14:00,88.38,88.43,88.32,88.32,54787.0
2025-03-10 16:16:00,88.32,88.34,88.115,88.15,56120.0
2025-03-10 16:18:00,88.145,88.22,88.0,88.0825,90863.0
2025-03-10 16:20:00,88.1,88.22,88.0,88.15,57974.0
2025-03-10 16:22:00,88.165,88.205,88.05,88.1,46411.0
2025-03-10 16:24:00,88.13,88.47,88.09,88.4693,45039.0
2025-03-10 16:26:00,88.4101,88.44,88.147,88.22,40914.0
2025-03-10 16:28:00,88.22,88.44,88.22,88.4,48952.0
2025-03-10 16:30:00,88.42,88.635,88.33,88.62,51509.0
2025-03-10 16:32:00,88.62,88.71,88.505,88.665,58074.0
2025-03-10 16:34:00,88.655,88.7499,88.3826,88.415,39399.0
2025-03-10 16:36:00,88.4,88.41,88.26,88.275,33205.0
2025-03-10 16:38:00,88.275,88.31,88.01,88.0345,35591.0
2025-03-10 16:40:00,88.05,88.31,88.05,88.19,51079.0
2025-03-10 16:42:00,88.19,88.205,88.075,88.2,39857.0
2025-03-10 16:44:00,88.2,88.31,88.1201,88.27,45999.0
2025-03-10 16:46:00,88.26,88.35,88.12,88.1907,58102.0
2025-03-10 16:48:00,88.14,88.18,88.01,88.18,37525.0
2025-03-10 16:50:00,88.18,88.31,88.14,88.27,32836.0
2025-03-10 16:52:00,88.24,88.255,88.05,88.12,89251.0
2025-03-10 16:54:00,88.13,88.22,88.05,88.05,28980.0
2025-03-10 16:56:00,88.1,88.24,88.0,88.015,51358.0
2025-03-10 16:58:00,88.0,88.02,87.79,87.8,67838.0
2025-03-10 17:00:00,87.8,87.82,87.65,87.67,98672.0
2025-03-10 17:02:00,87.68,87.74,87.45,87.48,178785.0
2025-03-10 17:04:00,87.49,87.625,87.45,87.535,70723.0
2025-03-10 17:06:00,87.53,87.58,87.3,87.37,93253.0
2025-03-10 17:08:00,87.4,87.515,87.22,87.25,66075.0
2025-03-10 17:10:00,87.25,87.34,87.05,87.155,86387.0
2025-03-10 17:12:00,87.15,87.26,87.07,87.15,93697.0
2025-03-10 17:14:00,87.155,87.375,87.155,87.375,54553.0
2025-03-10 17:16:00,87.41,87.54,87.29,87.33,72067.0
2025-03-10 17:18:00,87.31,87.37,87.23,87.33,43175.0
2025-03-10 17:20:00,87.33,87.63,87.33,87.465,82504.0
2025-03-10 17:22:00,87.47,87.67,87.47,87.6,76252.0
2025-03-10 17:24:00,87.58,87.735,87.46,87.5,92348.0
2025-03-10 17:26:00,87.5,87.655,87.47,87.6,67787.0
2025-03-10 17:28:00,87.58,87.62,87.435,87.52,62644.0
2025-03-10 17:30:00,87.54,87.59,87.41,87.51,50778.0
2025-03-10 17:32:00,87.51,87.66,87.49,87.58,36141.0
2025-03-10 17:34:00,87.58,87.64,87.47,87.575,41581.0
2025-03-10 17:36:00,87.6,87.67,87.07,87.15,101488.0
2025-03-10 17:38:00,87.16,87.42,87.11,87.315,67503.0
2025-03-10 17:40:00,87.33,87.395,87.2405,87.26,90316.0
2025-03-10 17:42:00,87.23,87.33,87.14,87.2,105317.0
2025-03-10 17:44:00,87.19,87.25,87.04,87.18,103439.0
2025-03-10 17:46:00,87.18,87.205,86.91,86.99,127319.0
2025-03-10 17:48:00,87.01,87.03,86.93,87.0,46960.0
2025-03-10 17:50:00,87.0,87.03,86.9058,86.9301,78655.0
2025-03-10 17:52:00,86.95,87.15,86.925,87.135,51204.0
2025-03-10 17:54:00,87.1,87.2697,87.0692,87.11,62348.0
2025-03-10 17:56:00,87.11,87.11,86.95,87.03,48023.0
2025-03-10 17:58:00,87.035,87.12,86.9,86.9,41959.0
2025-03-10 18:00:00,86.9003,86.9418,86.71,86.82,105590.0
2025-03-10 18:02:00,86.82,87.0,86.745,86.85,69303.0
2025-03-10 18:04:00,86.8468,86.93,86.81,86.91,88106.0
2025-03-10 18:06:00,86.89,86.89,86.63,86.715,113729.0
2025-03-10 18:08:00,86.7295,86.86,86.64,86.855,41027.0
2025-03-10 18:10:00,86.855,87.35,86.82,87.14,114456.0
2025-03-10 18:12:00,87.095,87.21,86.925,87.01,57800.0
2025-03-10 18:14:00,87.01,87.34,86.965,87.34,59772.0
2025-03-10 18:16:00,87.34,87.3667,87.13,87.25,64826.0
2025-03-10 18:18:00,87.2685,87.3399,86.96,87.0186,33753.0
2025-03-10 18:20:00,87.0,87.19,86.965,87.085,39746.0
2025-03-10 18:22:00,87.08,87.14,86.9607,87.075,54798.0
2025-03-10 18:24:00,87.0899,87.21,86.9401,87.0,75088.0
2025-03-10 18:26:00,86.985,86.99,86.81,86.865,50759.0
2025-03-10 18:28:00,86.871,87.03,86.8562,86.97,39066.0
2025-03-10 18:30:00,87.03,87.2,87.01,87.2,44270.0
2025-03-10 18:32:00,87.1918,87.1918,86.98,87.145,56999.0
2025-03-10 18:34:00,87.13,87.19,87.0505,87.065,40726.0
2025-03-10 18:36:00,87.06,87.09,87.0,87.035,31920.0
2025-03-10 18:38:00,86.97,87.0,86.88,86.915,58558.0
2025-03-10 18:40:00,86.905,86.92,86.73,86.735,60265.0
2025-03-10 18:42:00,86.76,87.085,86.7375,87.05,91596.0
2025-03-10 18:44:00,87.03,87.035,86.93,86.99,94079.0
2025-03-10 18:46:00,87.0,87.06,86.92,87.06,40233.0
2025-03-10 18:48:00,87.038,87.0796,86.92,86.92,63227.0
2025-03-10 18:50:00,86.93,86.95,86.75,86.855,44537.0
2025-03-10 18:52:00,86.855,86.88,86.645,86.73,63816.0
2025-03-10 18:54:00,86.72,86.74,86.4,86.435,141133.0
2025-03-10 18:56:00,86.435,86.435,86.25,86.36,90859.0
2025-03-10 18:58:00,86.31,86.4,86.168,86.23,81637.0
2025-03-10 19:00:00,86.21,86.41,86.17,86.29,54994.0
2025-03-10 19:02:00,86.28,86.32,86.18,86.25,80490.0
2025-03-10 19:04:00,86.245,86.27,85.98,86.0691,177674.0
2025-03-10 19:06:00,86.075,86.11,85.76,85.83,163109.0
2025-03-10 19:08:00,85.83,85.99,85.77,85.915,71348.0
2025-03-10 19:10:00,85.92,86.09,85.92,86.04,127410.0
2025-03-10 19:12:00,86.06,86.3699,86.0501,86.315,133085.0
2025-03-10 19:14:00,86.32,86.46,86.23,86.38,116601.0
2025-03-10 19:16:00,86.39,86.7,86.37,86.4594,117172.0
2025-03-10 19:18:00,86.5,86.795,86.4024,86.775,141521.0
2025-03-10 19:20:00,86.8,86.97,86.71,86.8,95234.0
2025-03-10 19:22:00,86.795,87.15,86.7601,86.98,104460.0
2025-03-10 19:24:00,86.97,87.15,86.9,87.13,102205.0
2025-03-10 19:26:00,87.13,87.45,86.99,87.4,127459.0
2025-03-10 19:28:00,87.42,87.5,86.965,86.985,163075.0
2025-03-10 19:30:00,86.96,87.28,86.95,87.085,121556.0
2025-03-10 19:32:00,87.085,87.47,87.05,87.45,129937.0
2025-03-10 19:34:00,87.41,87.73,87.37,87.455,297943.0
2025-03-10 19:36:00,87.42,87.48,87.06,87.065,136101.0
2025-03-10 19:38:00,87.05,87.21,86.9,87.1,168748.0
2025-03-10 19:40:00,87.12,87.19,86.68,86.83,161389.0
2025-03-10 19:42:00,86.81,86.81,86.5,86.62,135931.0
2025-03-10 19:44:00,86.64,86.72,86.33,86.7,205155.0
2025-03-10 19:46:00,86.69,86.76,86.46,86.72,118833.0
2025-03-10 19:48:00,86.74,86.88,86.63,86.68,149267.0
2025-03-10 19:50:00,86.69,87.22,86.69,86.97,202910.0
2025-03-10 19:52:00,86.97,87.22,86.97,86.97,223135.0
2025-03-10 19:54:00,86.96,87.13,86.84,87.11,367460.0
2025-03-10 19:56:00,87.11,87.34,87.06,87.14,436361.0
2025-03-10 19:58:00,87.145,87.175,87.0,87.1,576187.0
2025-03-10 20:00:00,87.08,87.08,86.83,86.86,134913.0
2025-03-10 20:02:00,87.08,87.08,87.0,87.08,1026.0
2025-03-10 20:04:00,87.17,87.2,87.08,87.08,12362.0
2025-03-10 20:06:00,87.1,87.19,87.1,87.19,1186.0
2025-03-10 20:08:00,87.2,87.2,87.1002,87.11,10891.0
2025-03-10 20:10:00,87.24,87.25,87.24,87.25,928.0
2025-03-10 20:12:00,87.2,87.2,87.1533,87.19,3445.0
2025-03-10 20:14:00,87.16,87.34,87.16,87.34,2646.0
2025-03-10 20:16:00,87.21,87.2322,87.2,87.2322,653.0
2025-03-10 20:18:00,87.3,87.3199,87.24,87.25,1859.0
2025-03-10 20:20:00,87.25,87.25,87.08,87.08,181602.0
2025-03-10 20:22:00,87.28,87.37,87.28,87.37,3796.0
2025-03-10 20:24:00,87.34,87.86,87.34,87.6012,10294.0
2025-03-10 20:26:00,87.6492,87.6492,87.08,87.6,2052.0
2025-03-10 20:28:00,87.3201,87.45,87.3201,87.45,1971.0
2025-03-10 20:30:00,87.3219,87.49,87.3219,87.49,869.0
2025-03-10 20:32:00,87.48,87.62,87.48,87.62,2704.0
2025-03-10 20:34:00,87.4635,87.48,87.46,87.46,1214.0
2025-03-10 20:36:00,87.46,87.46,87.4,87.4,1454.0
2025-03-10 20:38:00,87.33,87.4,87.33,87.4,400.0
2025-03-10 20:40:00,87.36,87.45,87.35,87.45,6961.0
2025-03-10 20:42:00,87.48,87.48,87.45,87.45,1079.0
2025-03-10 20:44:00,87.4701,87.6899,87.4701,87.6899,2568.0
2025-03-10 20:46:00,87.6499,87.6499,87.6499,87.6499,1436.0
2025-03-10 20:48:00,87.68,87.68,87.68,87.68,575.0
2025-03-10 20:50:00,87.68,87.68,87.5,87.5,1464.0
2025-03-10 20:52:00,87.71,87.71,87.7,87.71,1802.0
2025-03-10 20:54:00,87.71,87.7999,87.7,87.7999,6546.0
2025-03-10 20:58:00,87.5601,87.5601,87.5601,87.5601,229.0
2025-03-10 21:02:00,87.6,87.6,87.5738,87.5738,1527.0
2025-03-10 21:04:00,87.57,87.57,87.57,87.57,597.0
2025-03-10 21:06:00,87.65,87.65,87.6,87.6,402.0
2025-03-10 21:08:00,87.58,87.58,87.58,87.58,610.0
2025-03-10 21:10:00,87.52,87.55,87.52,87.55,389.0
2025-03-10 21:12:00,87.6,87.6,87.5942,87.5942,405.0
2025-03-10 21:14:00,87.5101,87.5101,87.51,87.51,582.0
2025-03-10 21:18:00,87.51,87.51,87.49,87.49,1183.0
2025-03-10 21:20:00,87.45,87.45,87.45,87.45,273.0
2025-03-10 21:22:00,87.49,87.49,87.49,87.49,1077.0
2025-03-10 21:24:00,87.4,87.4,87.4,87.4,107.0
2025-03-10 21:26:00,87.5999,87.6,87.33,87.6,1089.0
2025-03-10 21:28:00,87.6,87.6,87.37,87.37,353.0
2025-03-10 21:30:00,87.5423,87.5423,87.5423,87.5423,217.0
2025-03-10 21:34:00,87.33,87.33,87.33,87.33,709.0
2025-03-10 21:36:00,87.5,87.5,87.29,87.29,685.0
2025-03-10 21:38:00,87.29,87.29,87.22,87.22,919.0
2025-03-10 21:40:00,87.25,87.25,87.25,87.25,357.0
2025-03-10 21:42:00,87.22,87.22,87.1998,87.1998,1568.0
2025-03-10 21:44:00,87.19,87.19,87.19,87.19,156.0
2025-03-10 21:46:00,87.1,87.11,87.1,87.11,601.0
2025-03-10 21:48:00,87.1,87.3,87.08,87.08,2381.0
2025-03-10 21:50:00,87.08,87.08,87.08,87.08,2026.0
2025-03-10 21:52:00,87.08,87.08,87.08,87.08,863.0
2025-03-10 21:54:00,87.08,87.3,87.08,87.3,3191.0
2025-03-10 21:56:00,87.31,87.31,87.31,87.31,279.0
2025-03-10 21:58:00,87.08,87.25,87.08,87.25,407.0
2025-03-10 22:00:00,87.25,87.3937,87.24,87.3937,1930.0
2025-03-10 22:02:00,87.4137,87.559,87.409,87.559,2760.0
2025-03-10 22:06:00,87.13,87.25,87.08,87.1076,596.0
2025-03-10 22:08:00,87.25,87.25,87.0,87.0,760.0
2025-03-10 22:10:00,87.0,87.0,86.5,86.5,2302.0
2025-03-10 22:12:00,86.62,86.66,86.62,86.66,685.0
2025-03-10 22:14:00,86.89,86.89,86.77,86.77,1266.0
2025-03-10 22:16:00,86.78,86.9,86.78,86.9,889.0
2025-03-10 22:18:00,86.89,86.9,86.5,86.9,1370.0
2025-03-10 22:20:00,87.05,87.05,87.0,87.0,349.0
2025-03-10 22:24:00,87.1001,87.1001,87.1,87.1,675.0
2025-03-10 22:26:00,87.1,87.2,87.1,87.2,1817.0
2025-03-10 22:34:00,87.15,87.15,87.15,87.15,100.0
2025-03-10 22:36:00,87.15,87.15,87.15,87.15,657.0
2025-03-10 22:40:00,87.15,87.15,87.15,87.15,2586.0
2025-03-10 22:46:00,87.0023,87.0023,87.0,87.0,228.0
2025-03-10 22:50:00,87.2,87.2,87.2,87.2,264.0
2025-03-10 22:56:00,87.0,87.0,87.0,87.0,653.0
2025-03-10 23:00:00,86.95,86.95,86.95,86.95,312.0
2025-03-10 23:04:00,86.78,86.87,86.78,86.87,542.0
2025-03-10 23:06:00,86.68,86.96,86.68,86.96,618.0
2025-03-10 23:08:00,86.6705,86.6705,86.6705,86.6705,201.0
2025-03-10 23:10:00,86.94,86.94,86.94,86.94,388.0
2025-03-10 23:18:00,86.5,86.5,86.5,86.5,1359.0
2025-03-10 23:20:00,86.65,86.65,86.65,86.65,224.0
2025-03-10 23:22:00,86.5,86.5,86.5,86.5,1308.0
2025-03-10 23:24:00,86.45,86.45,86.45,86.45,720.0
2025-03-10 23:28:00,86.5,86.5,86.3945,86.3945,568.0
2025-03-10 23:30:00,86.38,86.38,86.38,86.38,591.0
2025-03-10 23:32:00,86.15,86.16,86.0,86.16,874.0
2025-03-10 23:34:00,86.0526,86.0526,86.0032,86.0032,755.0
2025-03-10 23:36:00,86.014,86.014,86.0,86.0,974.0
2025-03-10 23:38:00,86.0,86.0,85.9975,86.0,2334.0
2025-03-10 23:40:00,85.95,86.1899,85.95,86.1899,548.0
2025-03-10 23:42:00,86.2,86.2,86.2,86.2,4304.0
2025-03-10 23:44:00,86.2,86.4,86.2,86.2107,1799.0
2025-03-10 23:46:00,86.4,86.4001,86.1,86.1,1279.0
2025-03-10 23:48:00,86.4,86.4,86.4,86.4,497.0
2025-03-10 23:50:00,86.6,86.6,86.4,86.6,1961.0
2025-03-10 23:52:00,86.45,86.45,86.4,86.4,691.0
2025-03-10 23:54:00,86.4,86.4,86.4,86.4,101.0
2025-03-10 23:56:00,86.39,86.4,86.19,86.19,1591.0
2025-03-10 23:58:00,86.2562,86.2562,86.25,86.25,1264.0
2025-03-11 08:00:00,87.2,87.66,87.2,87.61,1237.0
2025-03-11 08:04:00,87.68,87.68,87.68,87.68,276.0
2025-03-11 08:06:00,87.78,87.8,87.78,87.8,3076.0
2025-03-11 08:08:00,88.12,88.3,88.08,88.24,1177.0
2025-03-11 08:12:00,88.37,88.37,88.05,88.05,1721.0
2025-03-11 08:14:00,88.15,88.32,88.15,88.32,274.0
2025-03-11 08:18:00,88.32,88.39,88.32,88.39,396.0
2025-03-11 08:20:00,88.42,88.42,88.33,88.36,895.0
2025-03-11 08:22:00,88.44,88.44,88.44,88.44,300.0
2025-03-11 08:24:00,88.45,88.6,88.45,88.6,2012.0
2025-03-11 08:26:00,88.71,88.74,88.7,88.7,1635.0
2025-03-11 08:28:00,88.7,88.79,88.7,88.79,494.0
2025-03-11 08:30:00,88.73,88.73,88.73,88.73,233.0
2025-03-11 08:32:00,88.86,88.86,88.71,88.71,1006.0
2025-03-11 08:34:00,88.61,88.61,88.61,88.61,318.0
2025-03-11 08:38:00,88.65,88.65,88.63,88.63,436.0
2025-03-11 08:40:00,88.83,88.83,88.51,88.51,2553.0
2025-03-11 08:44:00,88.42,88.45,88.42,88.45,601.0
2025-03-11 08:46:00,88.46,88.46,88.45,88.45,757.0
2025-03-11 08:48:00,88.37,88.37,88.37,88.37,102.0
2025-03-11 08:50:00,88.35,88.37,88.34,88.37,1580.0
2025-03-11 08:52:00,88.29,88.29,88.29,88.29,403.0
2025-03-11 08:54:00,88.37,88.37,88.37,88.37,144.0
2025-03-11 09:00:00,88.68,88.81,88.68,88.81,519.0
2025-03-11 09:02:00,88.75,88.75,88.75,88.75,333.0
2025-03-11 09:06:00,88.83,88.83,88.57,88.57,323.0
2025-03-11 09:10:00,88.73,88.76,88.73,88.76,280.0
2025-03-11 09:14:00,88.76,88.76,88.76,88.76,266.0
2025-03-11 09:16:00,88.79,88.83,88.79,88.83,1153.0
2025-03-11 09:18:00,88.72,88.73,88.72,88.73,263.0
2025-03-11 09:20:00,88.76,88.76,88.71,88.72,620.0
2025-03-11 09:22:00,88.58,88.58,88.58,88.58,513.0
2025-03-11 09:34:00,88.64,88.64,88.64,88.64,295.0
2025-03-11 09:36:00,88.68,88.68,88.68,88.68,164.0
2025-03-11 09:42:00,88.75,88.75,88.75,88.75,120.0
2025-03-11 09:44:00,88.67,88.67,88.6,88.6,1152.0
2025-03-11 09:50:00,88.58,88.6,88.58,88.6,1037.0
2025-03-11 09:58:00,88.6,88.6,88.6,88.6,210.0
2025-03-11 10:00:00,88.5,88.5,88.4,88.4,1023.0
2025-03-11 10:02:00,88.38,88.38,88.1,88.1,1633.0
2025-03-11 10:04:00,88.2,88.2,88.2,88.2,460.0
2025-03-11 10:08:00,88.19,88.19,88.11,88.11,485.0
2025-03-11 10:10:00,88.3,88.3,88.3,88.3,526.0
2025-03-11 10:14:00,88.39,88.39,88.39,88.39,157.0
2025-03-11 10:20:00,88.48,88.48,88.48,88.48,242.0
2025-03-11 10:32:00,88.38,88.4,88.38,88.4,371.0
2025-03-11 10:48:00,88.33,88.36,88.33,88.36,320.0
2025-03-11 10:52:00,88.26,88.26,88.26,88.26,220.0
2025-03-11 10:54:00,88.29,88.29,88.29,88.29,121.0
2025-03-11 10:58:00,88.26,88.26,88.26,88.26,300.0
2025-03-11 11:00:00,88.08,88.34,88.0,88.0,8430.0
2025-03-11 11:02:00,88.0,88.0,88.0,88.0,322.0
2025-03-11 11:04:00,87.9,87.9,87.86,87.9,1560.0
2025-03-11 11:06:00,87.97,88.0,87.97,88.0,1326.0
2025-03-11 11:08:00,88.02,88.1,88.01,88.07,1082.0
2025-03-11 11:10:00,88.06,88.07,88.02,88.02,1788.0
2025-03-11 11:12:00,88.1,88.14,88.1,88.14,1134.0
2025-03-11 11:16:00,88.19,88.19,88.19,88.19,140.0
2025-03-11 11:20:00,88.12,88.12,88.02,88.05,1602.0
2025-03-11 11:22:00,88.08,88.1,88.05,88.1,1189.0
2025-03-11 11:24:00,88.11,88.11,88.1,88.1,975.0
2025-03-11 11:26:00,88.1,88.11,88.1,88.1,838.0
2025-03-11 11:28:00,88.19,88.19,88.19,88.19,320.0
2025-03-11 11:30:00,88.25,88.25,88.25,88.25,2106.0
2025-03-11 11:32:00,88.37,88.59,88.36,88.59,3490.0
2025-03-11 11:34:00,88.56,88.56,88.5,88.5,2607.0
2025-03-11 11:36:00,88.5,88.58,88.5,88.58,271.0
2025-03-11 11:38:00,88.5,88.67,88.5,88.65,5435.0
2025-03-11 11:40:00,88.65,88.7,88.65,88.65,2118.0
2025-03-11 11:42:00,88.65,88.65,88.65,88.65,1341.0
2025-03-11 11:44:00,88.65,88.65,88.65,88.65,1005.0
2025-03-11 11:56:00,88.51,88.51,88.49,88.49,537.0
2025-03-11 11:58:00,88.51,88.51,88.46,88.46,1129.0
2025-03-11 12:00:00,88.2,88.699,87.17,88.55,1212989.0
2025-03-11 12:02:00,88.56,88.56,88.5,88.5,2999.0
2025-03-11 12:04:00,88.5,88.5,88.5,88.5,209.0
2025-03-11 12:06:00,88.4983,88.63,88.49,88.52,5789.0
2025-03-11 12:08:00,88.54,88.54,88.5,88.5,3482.0
2025-03-11 12:10:00,88.5,88.5,88.25,88.25,6992.0
2025-03-11 12:12:00,88.23,88.26,88.05,88.05,1971.0
2025-03-11 12:14:00,88.06,88.09,88.01,88.08,2758.0
2025-03-11 12:16:00,88.02,88.14,88.01,88.01,3187.0
2025-03-11 12:18:00,88.01,88.01,88.01,88.01,277.0
2025-03-11 12:20:00,88.27,88.4,88.18,88.4,2041.0
2025-03-11 12:22:00,88.37,88.4,88.37,88.4,2192.0
2025-03-11 12:24:00,88.41,88.5,88.3,88.5,3171.0
2025-03-11 12:26:00,88.5999,88.5999,88.5,88.5,2061.0
2025-03-11 12:28:00,88.5,88.5,88.22,88.22,2145.0
2025-03-11 12:30:00,88.3,88.3,88.0,88.0,4307.0
2025-03-11 12:32:00,87.96,88.0001,87.96,88.0001,2132.0
2025-03-11 12:34:00,88.0,88.0,88.0,88.0,570.0
2025-03-11 12:36:00,88.05,88.15,88.05,88.15,3334.0
2025-03-11 12:38:00,88.02,88.2496,88.02,88.2496,4345.0
2025-03-11 12:42:00,88.0,88.12,88.0,88.0,5152.0
2025-03-11 12:44:00,88.01,88.01,88.0,88.0,1558.0
2025-03-11 12:46:00,88.0,88.0,87.73,87.75,5369.0
2025-03-11 12:48:00,87.72,87.9928,87.6815,87.6815,2035.0
2025-03-11 12:50:00,87.75,87.9,87.75,87.9,1232.0
2025-03-11 12:54:00,87.82,87.82,87.7,87.7,1848.0
2025-03-11 12:56:00,87.69,87.69,87.6,87.68,775.0
2025-03-11 12:58:00,87.68,87.69,87.67,87.69,1872.0
2025-03-11 13:00:00,87.79,87.79,87.6891,87.6891,2163.0
2025-03-11 13:02:00,87.79,88.06,87.79,88.06,5223.0
2025-03-11 13:04:00,88.21,88.21,88.21,88.21,106.0
2025-03-11 13:06:00,88.08,88.12,88.08,88.12,673.0
2025-03-11 13:08:00,88.06,88.06,87.96,87.96,1289.0
2025-03-11 13:10:00,87.958,88.2,87.958,88.2,589.0
2025-03-11 13:12:00,88.0,88.0,88.0,88.0,954.0
2025-03-11 13:14:00,88.0,88.2,87.97,88.14,3109.0
2025-03-11 13:16:00,88.0,88.0,88.0,88.0,401.0
2025-03-11 13:18:00,88.03,88.07,87.9,87.9,5142.0
2025-03-11 13:20:00,88.08,88.09,88.07,88.09,2153.0
2025-03-11 13:22:00,88.08,88.1999,88.06,88.1999,2003.0
2025-03-11 13:24:00,88.2,88.2,87.5,87.91,8565.0
2025-03-11 13:26:00,87.96,88.5,87.96,88.0,8419.0
2025-03-11 13:28:00,87.9,88.02,87.6,88.01,55338.0
2025-03-11 13:30:00,87.9,88.7,87.6,88.235,561629.0
2025-03-11 13:32:00,88.215,88.45,87.6,87.9512,96179.0
2025-03-11 13:34:00,87.9442,88.03,87.32,87.715,119914.0
2025-03-11 13:36:00,87.79,88.2677,87.6,88.19,128843.0
2025-03-11 13:38:00,88.205,88.49,87.91,88.38,194331.0
2025-03-11 13:40:00,88.365,88.45,87.8269,87.93,249820.0
2025-03-11 13:42:00,87.95,88.46,87.9,88.185,135173.0
2025-03-11 13:44:00,88.12,88.36,87.965,88.32,87626.0
2025-03-11 13:46:00,88.35,88.63,88.2249,88.595,186315.0
2025-03-11 13:48:00,88.61,88.87,88.485,88.79,129140.0
2025-03-11 13:50:00,88.82,89.2299,88.755,89.0,149422.0
2025-03-11 13:52:00,89.04,89.21,88.7,88.84,168348.0
2025-03-11 13:54:00,88.8,88.9,88.47,88.7359,84917.0
2025-03-11 13:56:00,88.675235,89.11,88.635,88.995,64214.0
2025-03-11 13:58:00,89.03,89.41,89.0,89.18,106890.0
2025-03-11 14:00:00,89.15,89.915,88.6,89.28,319070.0
2025-03-11 14:02:00,89.255,89.4,88.38,88.59,130547.0
2025-03-11 14:04:00,88.62,88.7,87.94,88.3,134757.0
2025-03-11 14:06:00,88.29,89.0,88.29,88.87,109399.0
2025-03-11 14:08:00,88.94,89.46,88.81,89.27,118936.0
2025-03-11 14:10:00,89.33,89.35,88.8709,88.965,54090.0
2025-03-11 14:12:00,88.99,89.095,88.639,88.72,83380.0
2025-03-11 14:14:00,88.725,88.775,88.355,88.75,73473.0
2025-03-11 14:16:00,88.72,88.8,88.2201,88.255,84120.0
2025-03-11 14:18:00,88.22,88.7119,88.1324,88.535,138144.0
2025-03-11 14:20:00,88.5,88.55,88.2278,88.37,51299.0
2025-03-11 14:22:00,88.37,88.37,88.0,88.02,78353.0
2025-03-11 14:24:00,88.02,88.03,87.5876,87.655,117598.0
2025-03-11 14:26:00,87.62,87.86,87.4,87.475,99341.0
2025-03-11 14:28:00,87.475,87.52,87.2696,87.335,99607.0
2025-03-11 14:30:00,87.33,87.96,87.3,87.71,94091.0
2025-03-11 14:32:00,87.72,87.74,87.32,87.325,55354.0
2025-03-11 14:34:00,87.31,87.31,86.83,87.08,158426.0
2025-03-11 14:36:00,87.07,87.27,86.5,86.5304,140164.0
2025-03-11 14:38:00,86.5,86.56,86.2385,86.36,135029.0
2025-03-11 14:40:00,86.35,86.56,86.0703,86.12,96858.0
2025-03-11 14:42:00,86.1,86.73,86.1,86.67,79808.0
2025-03-11 14:44:00,86.665,87.07,86.665,86.9496,92017.0
2025-03-11 14:46:00,86.9874,87.115,86.8,87.035,42559.0
2025-03-11 14:48:00,87.03,87.05,86.748,86.9,47621.0
2025-03-11 14:50:00,86.91,87.13,86.835,87.035,51012.0
2025-03-11 14:52:00,87.0,87.4599,86.94,87.35,103203.0
2025-03-11 14:54:00,87.34,87.52,87.06,87.155,74267.0
2025-03-11 14:56:00,87.155,87.2783,86.98,87.2299,57582.0
2025-03-11 14:58:00,87.23,87.3,86.84,86.92,56943.0
2025-03-11 15:00:00,86.89,87.45,86.66,87.21,101533.0
2025-03-11 15:02:00,87.21,87.28,87.08,87.11,33749.0
2025-03-11 15:04:00,87.14,87.35,86.93,87.27,52460.0
2025-03-11 15:06:00,87.25,87.86,87.22,87.72,115878.0
2025-03-11 15:08:00,87.7,88.1,87.6,88.03,83598.0
2025-03-11 15:10:00,88.02,88.14,87.74,87.89,68407.0
2025-03-11 15:12:00,87.9066,88.3,87.87,88.195,83335.0
2025-03-11 15:14:00,88.18,88.53,88.08,88.3,71139.0
2025-03-11 15:16:00,88.35,88.36,88.0691,88.25,47516.0
2025-03-11 15:18:00,88.31,88.32,87.94,88.11,44141.0
2025-03-11 15:20:00,88.12,88.21,87.9645,88.115,21115.0
2025-03-11 15:22:00,88.1,88.13,87.64,87.72,42545.0
2025-03-11 15:24:00,87.72,87.955,87.72,87.955,61797.0
2025-03-11 15:26:00,87.93,88.15,87.74,87.7615,45741.0
2025-03-11 15:28:00,87.73,87.9828,87.72,87.72,20497.0
2025-03-11 15:30:00,87.76,88.03,87.65,87.97,43683.0
2025-03-11 15:32:00,87.97,88.25,87.93,88.175,153872.0
2025-03-11 15:34:00,88.21,88.37,88.15,88.201,178866.0
2025-03-11 15:36:00,88.17,88.2396,87.935,88.0131,55394.0
2025-03-11 15:38:00,88.08,88.41,88.01,88.38,51402.0
2025-03-11 15:40:00,88.37,88.742,88.36,88.68,43621.0
2025-03-11 15:42:00,88.6996,88.8053,88.65,88.78,79884.0
2025-03-11 15:44:00,88.76,88.78,88.405,88.405,55620.0
2025-03-11 15:46:00,88.36,88.38,88.1396,88.325,46053.0
2025-03-11 15:48:00,88.325,88.56,88.325,88.51,57991.0
2025-03-11 15:50:00,88.525,88.6599,88.475,88.62,31638.0
2025-03-11 15:52:00,88.62,88.73,88.53,88.7135,84427.0
2025-03-11 15:54:00,88.73,88.98,88.7,88.81,105094.0
2025-03-11 15:56:00,88.86,89.0,88.58,88.67,45706.0
2025-03-11 15:58:00,88.67,88.6798,88.24,88.28,47017.0
2025-03-11 16:00:00,88.2201,88.34,87.97,88.29,52522.0
2025-03-11 16:02:00,88.33,88.59,88.33,88.38,36458.0
2025-03-11 16:04:00,88.36,88.45,88.29,88.43,31497.0
2025-03-11 16:06:00,88.395,88.5,88.0517,88.1628,54635.0
2025-03-11 16:08:00,88.18,88.27,88.03,88.1281,29755.0
2025-03-11 16:10:00,88.1,88.16,87.975,88.06,63098.0
2025-03-11 16:12:00,88.06,88.21,88.01,88.025,36187.0
2025-03-11 16:14:00,88.0,88.1,87.845,88.1,55994.0
2025-03-11 16:16:00,88.16,88.25,88.06,88.13,42736.0
2025-03-11 16:18:00,88.105,88.24,88.03,88.15,61472.0
2025-03-11 16:20:00,88.24,88.24,88.075,88.195,26629.0
2025-03-11 16:22:00,88.23,88.36,88.105,88.215,32362.0
2025-03-11 16:24:00,88.215,88.34,88.03,88.34,44225.0
2025-03-11 16:26:00,88.35,88.49,88.24,88.39,50501.0
2025-03-11 16:28:00,88.43,88.5,88.28,88.36,44264.0
2025-03-11 16:30:00,88.34,88.53,88.29,88.45,138631.0
2025-03-11 16:32:00,88.47,88.74,88.29,88.71,182721.0
2025-03-11 16:34:00,88.715,88.74,88.5029,88.72,98249.0
2025-03-11 16:36:00,88.725,88.8,88.46,88.51,57965.0
2025-03-11 16:38:00,88.48,88.55,88.38,88.55,95373.0
2025-03-11 16:40:00,88.62,88.64,88.28,88.595,161455.0
2025-03-11 16:42:00,88.595,89.03,88.59,88.77,83931.0
2025-03-11 16:44:00,88.77,88.85,88.62,88.76,32680.0
2025-03-11 16:46:00,88.78,88.89,88.7,88.8,40469.0
2025-03-11 16:48:00,88.81,89.0,88.7801,89.0,162506.0
2025-03-11 16:50:00,88.98,89.05,88.89,88.99,71344.0
2025-03-11 16:52:00,89.03,89.07,88.62,88.66,47891.0
2025-03-11 16:54:00,88.66,88.79,88.5615,88.715,96819.0
2025-03-11 16:56:00,88.715,88.72,88.23,88.23,285992.0
2025-03-11 16:58:00,88.26,88.32,88.16,88.25,27270.0
2025-03-11 17:00:00,88.22,88.28,88.0301,88.105,23121.0
2025-03-11 17:02:00,88.08,88.08,87.92,88.01,45899.0
2025-03-11 17:04:00,87.93,88.03,87.87,88.03,28050.0
2025-03-11 17:06:00,87.98,87.98,87.7,87.81,39679.0
2025-03-11 17:08:00,87.7758,87.95,87.755,87.87,25069.0
2025-03-11 17:10:00,87.87,87.9655,87.585,87.585,27079.0
2025-03-11 17:12:00,87.575,87.675,87.54,87.67,32718.0
2025-03-11 17:14:00,87.68,87.68,87.44,87.55,79951.0
2025-03-11 17:16:00,87.5671,87.82,87.54,87.82,38163.0
2025-03-11 17:18:00,87.79,87.83,87.5,87.5225,32217.0
2025-03-11 17:20:00,87.51,87.6345,87.37,87.4,33903.0
2025-03-11 17:22:00,87.36,87.37,87.11,87.11,69215.0
2025-03-11 17:24:00,87.15,87.48,87.14,87.28,39445.0
2025-03-11 17:26:00,87.28,87.28,87.11,87.185,33696.0
2025-03-11 17:28:00,87.17,87.23,87.13,87.18,38357.0
2025-03-11 17:30:00,87.14,87.55,87.13,87.43,69899.0
2025-03-11 17:32:00,87.36,87.375,87.24,87.285,43658.0
2025-03-11 17:34:00,87.285,87.33,87.11,87.1427,42323.0
2025-03-11 17:36:00,87.2,87.28,87.1601,87.19,22790.0
2025-03-11 17:38:00,87.24,87.48,87.16,87.48,33064.0
2025-03-11 17:40:00,87.48,87.5699,87.41,87.53,137797.0
2025-03-11 17:42:00,87.5,87.56,87.4,87.54,60861.0
2025-03-11 17:44:00,87.54,87.775,87.525,87.775,55849.0
2025-03-11 17:46:00,87.785,88.26,87.7,88.2107,45328.0
2025-03-11 17:48:00,88.23,88.24,87.92,87.94,51286.0
2025-03-11 17:50:00,87.9,88.06,87.77,87.99,45507.0
2025-03-11 17:52:00,87.99,88.02,87.69,87.79,47060.0
2025-03-11 17:54:00,87.835,87.98,87.72,87.745,39751.0
2025-03-11 17:56:00,87.78,87.7925,87.3,87.35,45332.0
2025-03-11 17:58:00,87.37,87.77,87.37,87.6027,97114.0
2025-03-11 18:00:00,87.6101,88.3,87.57,88.23,57457.0
2025-03-11 18:02:00,88.23,88.565,88.12,88.45,49414.0
2025-03-11 18:04:00,88.47,88.5497,88.19,88.23,35316.0
2025-03-11 18:06:00,88.17,88.67,88.1387,88.63,34384.0
2025-03-11 18:08:00,88.63,88.85,88.6,88.7,43865.0
2025-03-11 18:10:00,88.695,89.05,88.6792,88.95,139991.0
2025-03-11 18:12:00,88.94,89.22,88.94,89.16,126004.0
2025-03-11 18:14:00,89.2,89.35,89.08,89.15,76094.0
2025-03-11 18:16:00,89.155,89.24,89.02,89.15,38863.0
2025-03-11 18:18:00,89.165,89.49,89.1,89.4,72746.0
2025-03-11 18:20:00,89.4,89.6,89.3,89.56,129245.0
2025-03-11 18:22:00,89.59,89.84,89.59,89.625,100909.0
2025-03-11 18:24:00,89.65,89.65,89.4,89.49,74852.0
2025-03-11 18:26:00,89.4932,89.7199,89.34,89.41,123411.0
2025-03-11 18:28:00,89.42,89.5397,89.22,89.465,132089.0
2025-03-11 18:30:00,89.49,89.65,89.22,89.41,112088.0
2025-03-11 18:32:00,89.46,89.73,89.46,89.67,56753.0
2025-03-11 18:34:00,89.64,89.7,89.32,89.36,69647.0
2025-03-11 18:36:00,89.37,89.66,89.31,89.51,41909.0
2025-03-11 18:38:00,89.52,89.76,89.44,89.7,58932.0
2025-03-11 18:40:00,89.7,90.07,89.63,90.0078,173738.0
2025-03-11 18:42:00,90.0,90.34,89.95,90.2,148503.0
2025-03-11 18:44:00,90.195,90.43,90.15,90.415,105403.0
2025-03-11 18:46:00,90.42,90.58,90.29,90.35,98950.0
2025-03-11 18:48:00,90.33,90.71,90.2394,90.655,86457.0
2025-03-11 18:50:00,90.66,90.76,90.54,90.7011,144416.0
2025-03-11 18:52:00,90.75,90.985,90.7,90.92,85583.0
2025-03-11 18:54:00,90.925,91.1,90.655,90.7085,213719.0
2025-03-11 18:56:00,90.7,90.97,90.6,90.9084,108041.0
2025-03-11 18:58:00,90.915,91.015,90.71,90.73,92127.0
2025-03-11 19:00:00,90.76,90.805,90.31,90.425,69616.0
2025-03-11 19:02:00,90.42,90.46,89.948,90.17,74431.0
2025-03-11 19:04:00,90.155,90.51,90.12,90.12,57037.0
2025-03-11 19:06:00,90.17,90.61,90.05,90.455,88739.0
2025-03-11 19:08:00,90.42,90.56,90.19,90.19,128201.0
2025-03-11 19:10:00,90.185,90.185,89.77,89.96,126384.0
2025-03-11 19:12:00,89.9306,90.17,89.91,90.16,67801.0
2025-03-11 19:14:00,90.16,90.16,89.75,89.82,69755.0
2025-03-11 19:16:00,89.82,89.92,89.6,89.89,74508.0
2025-03-11 19:18:00,89.905,89.905,89.56,89.675,54234.0
2025-03-11 19:20:00,89.69,89.8999,89.61,89.8992,50084.0
2025-03-11 19:22:00,89.92,89.98,89.64,89.64,48971.0
2025-03-11 19:24:00,89.62,89.68,89.33,89.68,86131.0
2025-03-11 19:26:00,89.67,89.91,89.63,89.84,43857.0
2025-03-11 19:28:00,89.865,89.98,89.71,89.71,42957.0
2025-03-11 19:30:00,89.78,89.81,89.59,89.67,39841.0
2025-03-11 19:32:00,89.65,89.69,89.5,89.62,85082.0
2025-03-11 19:34:00,89.58,89.75,89.4555,89.65,50575.0
2025-03-11 19:36:00,89.655,89.71,89.47,89.56,40165.0
2025-03-11 19:38:00,89.53,89.61,89.38,89.41,63416.0
2025-03-11 19:40:00,89.39,89.39,89.2187,89.3,56779.0
2025-03-11 19:42:00,89.28,89.49,89.27,89.33,48346.0
2025-03-11 19:44:00,89.33,89.54,89.32,89.41,55112.0
2025-03-11 19:46:00,89.4,89.7,89.35,89.7,55596.0
2025-03-11 19:48:00,89.685,89.94,89.66,89.9,66464.0
2025-03-11 19:50:00,89.89,89.9,89.31,89.42,109599.0
2025-03-11 19:52:00,89.38,89.41,89.1,89.18,127293.0
2025-03-11 19:54:00,89.18,89.535,89.16,89.41,193301.0
2025-03-11 19:56:00,89.39,89.4,89.21,89.3,206399.0
2025-03-11 19:58:00,89.3,89.33,88.96,88.97,498617.0
2025-03-11 20:00:00,89.05,89.07,88.5,88.73,179150.0
2025-03-11 20:02:00,88.7301,89.0499,88.7301,89.0499,1024.0
2025-03-11 20:04:00,89.05,89.19,89.05,89.05,4076.0
2025-03-11 20:06:00,89.0489,89.05,88.9501,88.9501,846.0
2025-03-11 20:08:00,89.05,89.05,88.82,89.04,16376.0
2025-03-11 20:10:00,89.03,89.03,88.9522,88.9522,331.0
2025-03-11 20:12:00,89.04,89.05,89.04,89.05,43045.0
2025-03-11 20:14:00,89.13,89.15,89.13,89.15,399.0
2025-03-11 20:18:00,89.06,89.07,89.06,89.07,3175.0
2025-03-11 20:20:00,89.07,89.07,89.01,89.01,1062.0
2025-03-11 20:22:00,88.88,88.88,88.88,88.88,166.0
2025-03-11 20:24:00,88.8818,88.8818,88.88,88.88,400.0
2025-03-11 20:28:00,88.8809,88.8809,88.8809,88.8809,1001.0
2025-03-11 20:30:00,89.036,89.036,89.036,89.036,178.0
2025-03-11 20:32:00,89.04,89.04,89.04,89.04,2236.0
2025-03-11 20:34:00,89.0385,89.0385,89.0385,89.0385,394.0
2025-03-11 20:36:00,88.99,89.0,88.79,88.79,2556.0
2025-03-11 20:38:00,88.79,88.79,88.75,88.75,1161.0
2025-03-11 20:40:00,89.05,89.05,89.05,89.05,53357.0
2025-03-11 20:42:00,88.75,88.75,88.72,88.72,565.0
2025-03-11 20:48:00,89.05,89.05,88.84,88.84,1932.0
2025-03-11 20:50:00,88.926,88.926,88.926,88.926,157.0
2025-03-11 20:54:00,88.8596,88.8596,88.8596,88.8596,169.0
2025-03-11 21:08:00,88.92,88.92,88.92,88.92,147.0
2025-03-11 21:16:00,88.92,88.92,88.92,88.92,121.0
2025-03-11 21:24:00,88.9189,88.9189,88.9189,88.9189,536.0
2025-03-11 21:26:00,88.9191,88.9191,88.9191,88.9191,1000.0
2025-03-11 21:30:00,88.92,88.92,88.92,88.92,281.0
2025-03-11 21:34:00,88.82,88.82,88.8,88.8,749.0
2025-03-11 21:38:00,88.79,88.79,88.79,88.79,175.0
2025-03-11 21:40:00,88.7992,88.8,88.7992,88.8,700.0
2025-03-11 21:42:00,88.8,88.8,88.8,88.8,401.0
2025-03-11 21:44:00,88.8,88.8,88.8,88.8,429.0
2025-03-11 21:58:00,88.76,88.76,88.76,88.76,794.0
2025-03-11 22:00:00,89.05,89.05,89.05,89.05,179.0
2025-03-11 22:02:00,89.05,89.05,89.05,89.05,1282.0
2025-03-11 22:06:00,88.9,88.9,88.9,88.9,287.0
2025-03-11 22:08:00,89.05,89.05,89.05,89.05,215.0
2025-03-11 22:10:00,89.05,89.19,89.0001,89.19,3878.0
2025-03-11 22:12:00,89.25,89.25,89.25,89.25,258.0
2025-03-11 22:18:00,89.21,89.21,89.21,89.21,110.0
2025-03-11 22:22:00,89.241,89.241,89.241,89.241,248.0
2025-03-11 22:28:00,89.0,89.0,89.0,89.0,446.0
2025-03-11 22:34:00,89.0,89.0,89.0,89.0,100.0
2025-03-11 22:36:00,89.2,89.2475,89.2,89.2475,470.0
2025-03-11 22:40:00,89.23,89.25,89.0206,89.0206,3870.0
2025-03-11 22:44:00,89.36,89.3613,89.36,89.36,748.0
2025-03-11 22:54:00,89.4999,89.4999,89.4999,89.4999,200.0
2025-03-11 22:56:00,89.5,89.5,89.5,89.5,101.0
2025-03-11 23:08:00,89.65,89.65,89.65,89.65,108.0
2025-03-11 23:14:00,89.5,89.5,89.5,89.5,405.0
2025-03-11 23:16:00,89.0721,89.1013,89.0721,89.1013,574.0
2025-03-11 23:22:00,89.4001,89.4999,89.4001,89.4999,4502.0
2025-03-11 23:24:00,89.4,89.4,89.1304,89.1304,1407.0
2025-03-11 23:26:00,89.14,89.15,89.14,89.15,1002.0
2025-03-11 23:32:00,89.25,89.25,89.25,89.25,243.0
2025-03-11 23:34:00,89.46,89.46,89.1301,89.46,1006.0
2025-03-11 23:36:00,89.1319,89.1319,89.1319,89.1319,132.0
2025-03-11 23:38:00,89.46,89.46,89.46,89.46,120.0
2025-03-11 23:46:00,89.16,89.16,89.15,89.15,1001.0
2025-03-11 23:54:00,89.28,89.28,89.28,89.28,200.0
2025-03-11 23:56:00,89.25,89.25,89.25,89.25,237.0
2025-03-11 23:58:00,89.38,89.38,89.38,89.38,403.0
2025-03-12 08:00:00,89.85,89.85,89.85,89.85,212.0
2025-03-12 08:04:00,89.79,89.92,89.79,89.91,2654.0
2025-03-12 08:08:00,89.92,89.99,89.91,89.91,3815.0
2025-03-12 08:10:00,89.92,89.92,89.91,89.91,623.0
2025-03-12 08:12:00,89.95,89.95,89.91,89.91,1055.0
2025-03-12 08:14:00,89.91,89.91,89.91,89.91,1448.0
2025-03-12 08:20:00,89.87,90.1,89.87,89.93,11406.0
2025-03-12 08:28:00,90.03,90.03,90.03,90.03,210.0
2025-03-12 08:30:00,90.0,90.0,90.0,90.0,258.0
2025-03-12 08:34:00,90.0,90.0,90.0,90.0,258.0
2025-03-12 08:36:00,90.03,90.03,90.03,90.03,170.0
2025-03-12 08:38:00,90.27,90.3,90.26,90.26,749.0
2025-03-12 08:40:00,90.34,90.34,90.34,90.34,140.0
2025-03-12 08:42:00,90.5,90.5,90.5,90.5,501.0
2025-03-12 08:46:00,90.53,90.53,90.53,90.53,221.0
2025-03-12 08:50:00,90.52,90.52,90.52,90.52,332.0
2025-03-12 08:56:00,90.55,90.55,90.55,90.55,236.0
2025-03-12 09:00:00,90.53,90.53,90.53,90.53,100.0
2025-03-12 09:06:00,90.42,90.42,90.42,90.42,292.0
2025-03-12 09:08:00,90.47,90.6,90.47,90.6,1736.0
2025-03-12 09:14:00,90.56,90.57,90.54,90.55,1002.0
2025-03-12 09:18:00,90.39,90.39,90.39,90.39,112.0
2025-03-12 09:22:00,90.4,90.4,90.38,90.38,481.0
2025-03-12 09:26:00,90.55,90.7,90.54,90.7,2203.0
2025-03-12 09:28:00,90.75,90.75,90.75,90.75,369.0
2025-03-12 09:30:00,90.79,90.79,90.72,90.72,599.0
2025-03-12 09:36:00,90.83,90.83,90.83,90.83,172.0
2025-03-12 09:38:00,90.83,90.86,90.8,90.8,1100.0
2025-03-12 09:40:00,90.79,90.8,90.7,90.7,2665.0
2025-03-12 09:42:00,90.73,90.73,90.73,90.73,226.0
2025-03-12 09:44:00,90.75,90.75,90.75,90.75,277.0
2025-03-12 09:46:00,90.8,90.8,90.75,90.75,888.0
2025-03-12 09:50:00,90.81,90.81,90.81,90.81,100.0
2025-03-12 09:52:00,90.8,90.8,90.8,90.8,355.0
2025-03-12 09:56:00,90.75,90.75,90.75,90.75,519.0
2025-03-12 10:00:00,90.73,90.73,90.73,90.73,108.0
2025-03-12 10:02:00,90.75,90.75,90.75,90.75,651.0
2025-03-12 10:04:00,90.71,90.71,90.5,90.5,1254.0
2025-03-12 10:08:00,90.51,90.51,90.51,90.51,105.0
2025-03-12 10:10:00,90.64,90.64,90.63,90.64,541.0
2025-03-12 10:16:00,90.56,90.56,90.56,90.56,206.0
2025-03-12 10:18:00,90.54,90.54,90.5,90.5,1021.0
2025-03-12 10:24:00,90.62,90.94,90.62,90.8,5830.0
2025-03-12 10:26:00,90.77,90.77,90.77,90.77,109.0
2025-03-12 10:28:00,90.79,90.79,90.79,90.79,220.0
2025-03-12 10:48:00,90.7,90.7,90.64,90.64,3635.0
2025-03-12 10:50:00,90.64,90.64,90.64,90.64,313.0
2025-03-12 10:56:00,90.66,90.66,90.6,90.6,2638.0
2025-03-12 10:58:00,90.52,90.52,90.52,90.52,175.0
2025-03-12 11:00:00,90.44,90.58,90.43,90.58,6087.0
2025-03-12 11:02:00,90.7,90.75,90.7,90.75,1366.0
2025-03-12 11:04:00,90.86,90.86,90.83,90.83,1067.0
2025-03-12 11:06:00,90.86,90.86,90.82,90.82,1726.0
2025-03-12 11:08:00,90.74,90.75,90.7,90.72,1608.0
2025-03-12 11:14:00,90.69,90.87,90.69,90.87,3344.0
2025-03-12 11:16:00,90.93,91.0,90.92,91.0,2460.0
2025-03-12 11:18:00,91.01,91.1,91.01,91.1,943.0
2025-03-12 11:20:00,91.0,91.0,91.0,91.0,439.0
2025-03-12 11:24:00,90.9,90.94,90.88,90.94,1842.0
2025-03-12 11:26:00,90.92,90.92,90.89,90.89,3098.0
2025-03-12 11:30:00,90.93,90.94,90.93,90.94,520.0
2025-03-12 11:36:00,91.0,91.06,91.0,91.0,1067.0
2025-03-12 11:40:00,90.91,90.91,90.91,90.91,277.0
2025-03-12 11:44:00,90.9,90.9,90.9,90.9,350.0
2025-03-12 11:46:00,90.92,90.92,90.92,90.92,155.0
2025-03-12 11:48:00,90.95,90.95,90.95,90.95,498.0
2025-03-12 11:50:00,90.94,90.99,90.94,90.99,619.0
2025-03-12 11:54:00,90.95,90.95,90.95,90.95,250.0
2025-03-12 11:56:00,90.94,90.94,90.93,90.94,1710.0
2025-03-12 11:58:00,90.95,91.0,90.95,91.0,1312.0
2025-03-12 12:00:00,90.89,91.1,89.3,90.9,35183.0
2025-03-12 12:02:00,90.9992,90.9992,90.9,90.9,2759.0
2025-03-12 12:04:00,90.96,91.0,90.95,90.95,1984.0
2025-03-12 12:06:00,91.02,91.02,91.02,91.02,272.0
2025-03-12 12:08:00,91.0,91.0,91.0,91.0,1288.0
2025-03-12 12:10:00,90.9001,90.9001,90.9001,90.9001,560.0
2025-03-12 12:12:00,91.0,91.0,91.0,91.0,233.0
2025-03-12 12:14:00,89.05,90.98,89.05,90.98,9132.0
2025-03-12 12:16:00,91.05,91.1,91.0226,91.1,2928.0
2025-03-12 12:18:00,91.161,91.161,91.161,91.161,101.0
2025-03-12 12:20:00,91.06,91.195,91.05,91.195,2665.0
2025-03-12 12:22:00,91.15,91.15,91.02,91.02,217.0
2025-03-12 12:24:00,91.03,91.03,90.89,90.9,6452.0
2025-03-12 12:26:00,90.99,90.99,90.99,90.99,568.0
2025-03-12 12:28:00,90.91,90.91,90.91,90.91,304.0
2025-03-12 12:30:00,91.1,92.5,91.1,92.49,18949.0
2025-03-12 12:32:00,92.01,92.49,92.0,92.18,11497.0
2025-03-12 12:34:00,92.11,92.3588,91.68,91.84,8797.0
2025-03-12 12:36:00,91.85,92.2,91.51,91.82,11139.0
2025-03-12 12:38:00,91.7413,91.7413,91.5,91.64,2199.0
2025-03-12 12:40:00,91.55,91.75,91.55,91.75,3092.0
2025-03-12 12:42:00,91.85,92.1,91.75,92.0,15881.0
2025-03-12 12:44:00,92.05,92.25,92.0,92.11,16820.0
2025-03-12 12:46:00,92.24,92.3,92.11,92.3,4404.0
2025-03-12 12:48:00,92.4,92.48,92.3045,92.4,2365.0
2025-03-12 12:50:00,92.36,92.5,92.36,92.5,10108.0
2025-03-12 12:52:00,92.6,92.7658,92.425,92.45,9342.0
2025-03-12 12:54:00,92.5781,92.771,92.5,92.535,10365.0
2025-03-12 12:56:00,92.35,92.79,92.35,92.6018,6790.0
2025-03-12 12:58:00,92.6,92.65,92.58,92.6001,6899.0
2025-03-12 13:00:00,92.65,92.65,92.6,92.6,9795.0
2025-03-12 13:02:00,92.62,92.65,92.6,92.6,13383.0
2025-03-12 13:04:00,92.61,92.6483,92.55,92.55,35038.0
2025-03-12 13:06:00,92.52,92.52,92.28,92.5,3913.0
2025-03-12 13:08:00,92.5,92.6,92.3,92.3,27648.0
2025-03-12 13:10:00,92.49,92.49,92.3,92.3,955.0
2025-03-12 13:12:00,92.4346,92.4346,92.2,92.2,670.0
2025-03-12 13:14:00,92.2,92.2,91.8999,91.9,4982.0
2025-03-12 13:16:00,92.06,92.21,92.06,92.21,3024.0
2025-03-12 13:18:00,92.1,92.1463,91.8,91.88,6091.0
2025-03-12 13:20:00,91.94,91.94,91.92,91.92,750.0
2025-03-12 13:22:00,91.93,92.15,91.9201,91.9201,3148.0
2025-03-12 13:24:00,92.0,92.0,92.0,92.0,2309.0
2025-03-12 13:26:00,92.11,92.65,92.11,92.16,31053.0
2025-03-12 13:28:00,92.35,92.79,92.35,92.6,5761.0
2025-03-12 13:30:00,92.47,93.95,92.24,93.3651,877462.0
2025-03-12 13:32:00,93.4,94.67,93.2188,94.51,600007.0
2025-03-12 13:34:00,94.51,95.36,94.13,94.955,475344.0
2025-03-12 13:36:00,95.01,95.04,94.31,94.43,306905.0
2025-03-12 13:38:00,94.42,94.87,94.2,94.85,218330.0
2025-03-12 13:40:00,94.88,94.96,94.37,94.915,175908.0
2025-03-12 13:42:00,94.915,95.04,94.265,94.42,325181.0
2025-03-12 13:44:00,94.4,94.7,94.0223,94.57,258600.0
2025-03-12 13:46:00,94.58,94.68,94.33,94.405,291754.0
2025-03-12 13:48:00,94.42,94.48,93.94,94.44,239348.0
2025-03-12 13:50:00,94.45,94.8,94.32,94.5362,195723.0
2025-03-12 13:52:00,94.546482,95.19,94.5,94.97,427437.0
2025-03-12 13:54:00,95.0,95.07,94.47,94.765,378702.0
2025-03-12 13:56:00,94.76,94.8,94.3,94.705,200379.0
2025-03-12 13:58:00,94.7127,95.23,94.65,95.19,202022.0
2025-03-12 14:00:00,95.145,95.5,94.63,95.34,415203.0
2025-03-12 14:02:00,95.31,95.48,95.04,95.395,288707.0
2025-03-12 14:04:00,95.395,96.05,95.31,95.9,422900.0
2025-03-12 14:06:00,95.9,95.92,95.4,95.46,284949.0
2025-03-12 14:08:00,95.48,95.5535,95.15,95.235,109227.0
2025-03-12 14:10:00,95.245,95.34,94.6107,94.64,145620.0
2025-03-12 14:12:00,94.63,94.875,94.53,94.65,99364.0
2025-03-12 14:14:00,94.64,94.7485,94.16,94.245,132090.0
2025-03-12 14:16:00,94.28,94.3327,93.82,93.93,102565.0
2025-03-12 14:18:00,93.87,94.15,93.7,94.14,111024.0
2025-03-12 14:20:00,94.11,94.4887,94.11,94.16,73886.0
2025-03-12 14:22:00,94.16,94.28,93.66,93.77,107505.0
2025-03-12 14:24:00,93.79,94.155,93.79,93.94,45713.0
2025-03-12 14:26:00,93.95,94.4161,93.95,94.34,54731.0
2025-03-12 14:28:00,94.31,94.42,94.04,94.11,57018.0
2025-03-12 14:30:00,94.15,94.2099,93.8,93.96,76299.0
2025-03-12 14:32:00,93.94,93.95,93.584,93.63,69664.0
2025-03-12 14:34:00,93.64,93.7258,93.3301,93.69,109012.0
2025-03-12 14:36:00,93.76,93.905,93.57,93.7,59946.0
2025-03-12 14:38:00,93.74,93.75,93.4,93.4,57286.0
2025-03-12 14:40:00,93.44,93.57,93.0225,93.26,108680.0
2025-03-12 14:42:00,93.28,93.56,93.21,93.39,65241.0
2025-03-12 14:44:00,93.38,93.55,93.24,93.53,39192.0
2025-03-12 14:46:00,93.525,93.7395,93.44,93.7,52482.0
2025-03-12 14:48:00,93.65,93.705,93.45,93.52,71607.0
2025-03-12 14:50:00,93.545,93.865,93.42,93.805,90737.0
2025-03-12 14:52:00,93.805,94.26,93.78,94.12,144331.0
2025-03-12 14:54:00,94.11,94.41,94.06,94.2,96747.0
2025-03-12 14:56:00,94.2283,94.2283,93.865,93.87,59130.0
2025-03-12 14:58:00,93.87,94.07,93.5869,93.62,108226.0
2025-03-12 15:00:00,93.58,93.87,93.5526,93.735,58175.0
2025-03-12 15:02:00,93.76,93.76,93.35,93.635,62764.0
2025-03-12 15:04:00,93.61,93.93,93.6089,93.925,53279.0
2025-03-12 15:06:00,93.905,93.905,93.5,93.519,70886.0
2025-03-12 15:08:00,93.495,93.88,93.355,93.775,74244.0
2025-03-12 15:10:00,93.8,94.085,93.8,94.035,63753.0
2025-03-12 15:12:00,94.01,94.025,93.73,93.98,42566.0
2025-03-12 15:14:00,94.0,94.01,93.72,93.8,36946.0
2025-03-12 15:16:00,93.77,94.11,93.665,94.1,60397.0
2025-03-12 15:18:00,94.12,94.37,94.0717,94.24,95480.0
2025-03-12 15:20:00,94.25,94.32,93.89,93.925,66693.0
2025-03-12 15:22:00,93.91,94.401,93.9,94.36,100246.0
2025-03-12 15:24:00,94.4,94.62,94.3471,94.59,75898.0
2025-03-12 15:26:00,94.585,94.98,94.5717,94.78,116541.0
2025-03-12 15:28:00,94.77,94.78,94.34,94.51,60659.0
2025-03-12 15:30:00,94.51,94.705,94.43,94.675,62700.0
2025-03-12 15:32:00,94.66,94.9,94.6,94.82,103449.0
2025-03-12 15:34:00,94.79,94.96,94.77,94.9,57398.0
2025-03-12 15:36:00,94.9,95.13,94.8749,95.01,188676.0
2025-03-12 15:38:00,95.04,95.215,95.01,95.17,124453.0
2025-03-12 15:40:00,95.14,95.23,95.03,95.06,117479.0
2025-03-12 15:42:00,95.06,95.29,94.95,95.27,126095.0
2025-03-12 15:44:00,95.27,95.3813,95.0758,95.28,128598.0
2025-03-12 15:46:00,95.29,95.48,95.29,95.39,80086.0
2025-03-12 15:48:00,95.3684,95.52,95.3401,95.5193,67413.0
2025-03-12 15:50:00,95.49,95.78,95.44,95.595,167980.0
2025-03-12 15:52:00,95.59,95.76,95.59,95.66,47951.0
2025-03-12 15:54:00,95.68,95.7895,95.52,95.53,64583.0
2025-03-12 15:56:00,95.531,95.531,95.24,95.39,50020.0
2025-03-12 15:58:00,95.395,95.725,95.36,95.68,61671.0
2025-03-12 16:00:00,95.675,95.675,95.42,95.53,89772.0
2025-03-12 16:02:00,95.51,95.555,95.3694,95.395,57493.0
2025-03-12 16:04:00,95.4,95.76,95.31,95.71,68210.0
2025-03-12 16:06:00,95.72,95.96,95.7,95.945,104371.0
2025-03-12 16:08:00,95.94,96.15,95.84,96.07,185042.0
2025-03-12 16:10:00,96.06,96.29,95.87,96.14,213533.0
2025-03-12 16:12:00,96.135,96.5136,96.11,96.495,127341.0
2025-03-12 16:14:00,96.5004,96.6,96.32,96.3469,122021.0
2025-03-12 16:16:00,96.4,96.43,96.2,96.215,109276.0
2025-03-12 16:18:00,96.215,96.3,95.78,95.8757,207624.0
2025-03-12 16:20:00,95.88,96.12,95.86,96.04,67320.0
2025-03-12 16:22:00,96.035,96.07,95.74,95.79,102999.0
2025-03-12 16:24:00,95.7804,95.95,95.6,95.66,64100.0
2025-03-12 16:26:00,95.65,95.78,95.51,95.745,66683.0
2025-03-12 16:28:00,95.745,95.85,95.5,95.66,68153.0
2025-03-12 16:30:00,95.67,95.78,95.62,95.67,44494.0
2025-03-12 16:32:00,95.66,95.86,95.64,95.85,67333.0
2025-03-12 16:34:00,95.83,96.09,95.81,96.09,74098.0
2025-03-12 16:36:00,96.08,96.27,96.08,96.1217,76406.0
2025-03-12 16:38:00,96.16,96.3,95.97,96.01,46237.0
2025-03-12 16:40:00,95.96,96.015,95.63,95.65,82085.0
2025-03-12 16:42:00,95.665,95.7431,95.5,95.67,65231.0
2025-03-12 16:44:00,95.67,95.83,95.57,95.83,44534.0
2025-03-12 16:46:00,95.82,96.13,95.685,96.09,62559.0
2025-03-12 16:48:00,96.09,96.275,96.06,96.215,53634.0
2025-03-12 16:50:00,96.29,96.36,96.1598,96.175,60273.0
2025-03-12 16:52:00,96.2,96.2,95.88,95.9,31407.0
2025-03-12 16:54:00,95.95,96.2493,95.9,96.175,38062.0
2025-03-12 16:56:00,96.18,96.1999,95.97,95.98,24996.0
2025-03-12 16:58:00,95.98,96.0354,95.705,95.705,29227.0
2025-03-12 17:00:00,95.74,95.95,95.6501,95.91,60763.0
2025-03-12 17:02:00,95.87,95.9006,95.58,95.63,58527.0
2025-03-12 17:04:00,95.6485,95.74,95.46,95.65,46349.0
2025-03-12 17:06:00,95.7,95.7626,95.5,95.56,45566.0
2025-03-12 17:08:00,95.58,95.99,95.58,95.9799,44322.0
2025-03-12 17:10:00,95.98,96.0,95.7058,95.785,35962.0
2025-03-12 17:12:00,95.77,95.9711,95.76,95.91,46212.0
2025-03-12 17:14:00,95.92,95.94,95.785,95.875,33828.0
2025-03-12 17:16:00,95.89,95.9335,95.78,95.93,28256.0
2025-03-12 17:18:00,95.95,96.24,95.91,96.17,62496.0
2025-03-12 17:20:00,96.175,96.4087,96.13,96.37,59204.0
2025-03-12 17:22:00,96.3688,96.46,96.36,96.445,58809.0
2025-03-12 17:24:00,96.445,96.55,96.36,96.48,114892.0
2025-03-12 17:26:00,96.52,96.63,96.48,96.6,83635.0
2025-03-12 17:28:00,96.6,96.8,96.55,96.7258,94559.0
2025-03-12 17:30:00,96.7,96.98,96.65,96.97,104770.0
2025-03-12 17:32:00,96.94,96.94,96.66,96.72,116694.0
2025-03-12 17:34:00,96.7,96.76,96.6,96.63,88334.0
2025-03-12 17:36:00,96.65,96.76,96.54,96.55,70889.0
2025-03-12 17:38:00,96.55,96.57,96.39,96.48,73927.0
2025-03-12 17:40:00,96.48,96.6235,96.265,96.32,46332.0
2025-03-12 17:42:00,96.3,96.45,96.27,96.41,31478.0
2025-03-12 17:44:00,96.4,96.42,96.16,96.33,49303.0
2025-03-12 17:46:00,96.32,96.46,96.31,96.37,53821.0
2025-03-12 17:48:00,96.39,96.5,96.21,96.26,55437.0
2025-03-12 17:50:00,96.255,96.305,96.0306,96.21,45360.0
2025-03-12 17:52:00,96.215,96.22,95.955,95.955,44832.0
2025-03-12 17:54:00,95.96,95.9999,95.74,95.74,54808.0
2025-03-12 17:56:00,95.74,95.82,95.56,95.64,79449.0
2025-03-12 17:58:00,95.655,95.7,95.435,95.435,61816.0
2025-03-12 18:00:00,95.43,95.99,95.43,95.97,70656.0
2025-03-12 18:02:00,95.91,96.13,95.9,96.06,58438.0
2025-03-12 18:04:00,96.04,96.05,95.9,96.0,44710.0
2025-03-12 18:06:00,95.97,95.98,95.76,95.82,44795.0
2025-03-12 18:08:00,95.86,95.86,95.5783,95.63,41759.0
2025-03-12 18:10:00,95.67,96.02,95.67,95.925,44628.0
2025-03-12 18:12:00,95.93,96.05,95.87,95.99,35910.0
2025-03-12 18:14:00,96.0,96.23,95.95,96.21,38695.0
2025-03-12 18:16:00,96.21,96.27,96.11,96.21,42682.0
2025-03-12 18:18:00,96.24,96.365,96.2147,96.34,57871.0
2025-03-12 18:20:00,96.35,96.49,96.33,96.36,47586.0
2025-03-12 18:22:00,96.39,96.4511,96.29,96.29,53062.0
2025-03-12 18:24:00,96.29,96.57,96.29,96.48,49265.0
2025-03-12 18:26:00,96.48,96.725,96.45,96.71,57269.0
2025-03-12 18:28:00,96.7,96.835,96.68,96.79,45311.0
2025-03-12 18:30:00,96.82,96.835,96.61,96.6344,48454.0
2025-03-12 18:32:00,96.64,96.765,96.61,96.765,51975.0
2025-03-12 18:34:00,96.745,96.77,96.56,96.56,46597.0
2025-03-12 18:36:00,96.55,96.67,96.51,96.63,27188.0
2025-03-12 18:38:00,96.62,96.67,96.57,96.6,30641.0
2025-03-12 18:40:00,96.6152,96.78,96.59,96.75,31381.0
2025-03-12 18:42:00,96.75,96.83,96.6978,96.815,41974.0
2025-03-12 18:44:00,96.8077,96.8799,96.7,96.7435,43605.0
2025-03-12 18:46:00,96.77,96.86,96.73,96.84,44520.0
2025-03-12 18:48:00,96.86,96.99,96.83,96.85,77441.0
2025-03-12 18:50:00,96.83,96.9025,96.6726,96.7,60972.0
2025-03-12 18:52:00,96.7042,96.78,96.3625,96.3625,65346.0
2025-03-12 18:54:00,96.4,96.52,96.13,96.19,72005.0
2025-03-12 18:56:00,96.17,96.53,96.17,96.46,64803.0
2025-03-12 18:58:00,96.48,96.506,96.38,96.47,40722.0
2025-03-12 19:00:00,96.46,96.46,96.07,96.0905,65153.0
2025-03-12 19:02:00,96.11,96.34,96.08,96.29,68369.0
2025-03-12 19:04:00,96.27,96.27,96.0675,96.22,50251.0
2025-03-12 19:06:00,96.23,96.24,96.09,96.18,41517.0
2025-03-12 19:08:00,96.16,96.39,96.06,96.36,45217.0
2025-03-12 19:10:00,96.365,96.4,96.23,96.37,37259.0
2025-03-12 19:12:00,96.375,96.375,96.155,96.23,37212.0
2025-03-12 19:14:00,96.25,96.34,96.14,96.178,53630.0
2025-03-12 19:16:00,96.18,96.29,96.0365,96.17,62722.0
2025-03-12 19:18:00,96.18,96.22,96.09,96.22,78723.0
2025-03-12 19:20:00,96.2414,96.3396,96.01,96.15,55949.0
2025-03-12 19:22:00,96.18,96.2,95.825,95.9,129325.0
2025-03-12 19:24:00,95.87,96.09,95.87,95.915,48572.0
2025-03-12 19:26:00,95.915,96.04,95.88,95.97,40825.0
2025-03-12 19:28:00,95.97,96.06,95.795,95.86,50834.0
2025-03-12 19:30:00,95.86,95.98,95.86,95.86,41015.0
2025-03-12 19:32:00,95.89,95.99,95.84,95.89,53232.0
2025-03-12 19:34:00,95.88,95.895,95.575,95.575,84450.0
2025-03-12 19:36:00,95.58,95.8346,95.56,95.77,69196.0
2025-03-12 19:38:00,95.77,95.905,95.7205,95.77,56286.0
2025-03-12 19:40:00,95.8,95.86,95.66,95.69,78331.0
2025-03-12 19:42:00,95.71,95.91,95.71,95.76,83323.0
2025-03-12 19:44:00,95.772,96.035,95.75,95.94,100391.0
2025-03-12 19:46:00,95.94,96.0016,95.85,95.85,78762.0
2025-03-12 19:48:00,95.86,95.93,95.78,95.84,111893.0
2025-03-12 19:50:00,95.82,95.82,95.31,95.5,465201.0
2025-03-12 19:52:00,95.49,95.67,95.365,95.62,129368.0
2025-03-12 19:54:00,95.63,95.76,95.44,95.74,241749.0
2025-03-12 19:56:00,95.73,95.77,95.54,95.58,221358.0
2025-03-12 19:58:00,95.59,95.68,95.51,95.65,686060.0
2025-03-12 20:00:00,95.64,95.79,95.61,95.66,118193.0
2025-03-12 20:02:00,95.72,95.72,95.72,95.72,436.0
2025-03-12 20:04:00,95.64,95.64,95.64,95.64,609.0
2025-03-12 20:06:00,95.64,95.64,95.6,95.6199,15773.0
2025-03-12 20:08:00,95.55,95.55,95.55,95.55,371.0
2025-03-12 20:10:00,95.6,95.71,95.57,95.61,3254.0
2025-03-12 20:12:00,95.62,95.62,95.62,95.62,891.0
2025-03-12 20:14:00,95.62,95.62,95.55,95.56,1409.0
2025-03-12 20:16:00,95.56,95.62,95.56,95.62,1831.0
2025-03-12 20:18:00,95.62,95.65,95.56,95.65,2934.0
2025-03-12 20:20:00,95.58,95.58,95.52,95.57,3954.0
2025-03-12 20:22:00,95.55,95.55,95.55,95.55,653.0
2025-03-12 20:24:00,95.55,95.5502,95.55,95.5502,907.0
2025-03-12 20:26:00,95.6,95.6,95.5501,95.5501,344.0
2025-03-12 20:28:00,95.61,95.6395,95.59,95.62,2397.0
2025-03-12 20:30:00,95.53,95.64,95.53,95.62,566.0
2025-03-12 20:32:00,95.54,95.54,95.54,95.54,244.0
2025-03-12 20:36:00,95.6389,95.64,95.53,95.64,1473.0
2025-03-12 20:38:00,95.63,95.64,95.63,95.64,548.0
2025-03-12 20:40:00,95.56,95.64,95.56,95.64,12630.0
2025-03-12 20:42:00,95.58,95.58,95.5,95.5,1928.0
2025-03-12 20:44:00,95.5,95.53,95.46,95.52,1962.0
2025-03-12 20:46:00,95.52,95.6,95.52,95.5995,1549.0
2025-03-12 20:48:00,95.54,95.54,95.54,95.54,350.0
2025-03-12 20:50:00,95.55,95.55,95.506,95.506,2684.0
2025-03-12 20:52:00,95.4915,95.52,95.4915,95.52,1055.0
2025-03-12 20:56:00,95.53,95.53,95.53,95.53,528.0
2025-03-12 20:58:00,95.53,95.53,95.4901,95.4901,1044.0
2025-03-12 21:00:00,95.55,95.6,95.52,95.5971,2652.0
2025-03-12 21:02:00,95.55,95.55,95.5484,95.5484,774.0
2025-03-12 21:04:00,95.55,95.55,95.54,95.54,911.0
2025-03-12 21:06:00,95.55,95.59,95.55,95.58,780.0
2025-03-12 21:08:00,95.61,95.6195,95.61,95.6195,26986.0
2025-03-12 21:14:00,95.64,95.65,95.64,95.65,2006.0
2025-03-12 21:16:00,95.61,95.61,95.61,95.61,279.0
2025-03-12 21:18:00,95.6101,95.64,95.6101,95.64,458.0
2025-03-12 21:20:00,95.62,95.62,95.62,95.62,244.0
2025-03-12 21:22:00,95.62,95.62,95.62,95.62,491.0
2025-03-12 21:28:00,95.63,95.63,95.63,95.63,310.0
2025-03-12 21:30:00,95.4761,95.4761,95.4761,95.4761,381.0
2025-03-12 21:50:00,95.54,95.54,95.54,95.54,100.0
2025-03-12 21:52:00,95.54,95.65,95.54,95.65,1091.0
2025-03-12 21:58:00,95.49,95.49,95.47,95.47,836.0
2025-03-12 22:00:00,95.4001,95.4002,95.4001,95.4002,457.0
2025-03-12 22:08:00,95.6438,95.6438,95.6438,95.6438,273.0
2025-03-12 22:14:00,95.6,95.6,95.6,95.6,579.0
2025-03-12 22:18:00,95.64,95.65,95.64,95.65,1372.0
2025-03-12 22:20:00,95.65,95.65,95.6,95.6,2127.0
2025-03-12 22:22:00,95.6,95.65,95.6,95.65,1468.0
2025-03-12 22:26:00,95.4369,95.6,95.4369,95.6,570.0
2025-03-12 22:28:00,95.61,95.61,95.5,95.5,423.0
2025-03-12 22:32:00,95.63,95.65,95.63,95.65,767.0
2025-03-12 22:36:00,95.4328,95.4328,95.4328,95.4328,161.0
2025-03-12 22:46:00,95.65,95.65,95.65,95.65,3861.0
2025-03-12 22:50:00,95.5171,95.54,95.42,95.42,678.0
2025-03-12 22:54:00,95.4145,95.63,95.4145,95.63,321.0
2025-03-12 23:00:00,95.57,95.57,95.57,95.57,120.0
2025-03-12 23:02:00,95.65,95.72,95.65,95.72,1753.0
2025-03-12 23:06:00,95.8999,95.94,95.89,95.94,1233.0
2025-03-12 23:12:00,96.0,96.0997,96.0,96.0997,618.0
2025-03-12 23:14:00,96.2054,96.2054,95.9,95.9,1265.0
2025-03-12 23:16:00,95.94,96.2265,95.94,96.2265,695.0
2025-03-12 23:18:00,96.133,96.133,96.133,96.133,200.0
2025-03-12 23:26:00,96.1099,96.1099,96.1099,96.1099,1084.0
2025-03-12 23:30:00,96.0025,96.0025,96.0,96.0,865.0
2025-03-12 23:32:00,96.09,96.09,96.09,96.09,100.0
2025-03-12 23:36:00,95.92,95.92,95.92,95.92,105.0
2025-03-12 23:38:00,95.9,95.9,95.88,95.88,606.0
2025-03-12 23:40:00,96.05,96.05,96.05,96.05,210.0
2025-03-12 23:46:00,95.95,95.97,95.95,95.97,327.0
2025-03-12 23:52:00,96.0,96.0,96.0,96.0,304.0
2025-03-12 23:56:00,96.02,96.02,96.02,96.02,322.0
2025-03-12 23:58:00,96.09,96.1,96.09,96.1,1298.0
2025-03-13 08:00:00,94.6,94.6,94.0,94.01,3069.0
2025-03-13 08:02:00,94.11,94.47,94.11,94.47,2612.0
2025-03-13 08:06:00,94.18,94.18,94.02,94.02,1333.0
2025-03-13 08:08:00,94.11,94.11,94.11,94.11,705.0
2025-03-13 08:16:00,94.2,94.2,94.06,94.06,1129.0
2025-03-13 08:18:00,94.06,94.06,94.06,94.06,445.0
2025-03-13 08:20:00,94.02,94.02,94.02,94.02,150.0
2025-03-13 08:22:00,94.1,94.1,94.1,94.1,170.0
2025-03-13 08:28:00,94.28,94.34,94.28,94.34,1039.0
2025-03-13 08:40:00,94.35,94.55,94.35,94.5,10178.0
2025-03-13 08:42:00,94.48,94.5,94.48,94.5,1443.0
2025-03-13 08:44:00,94.53,94.62,94.53,94.62,1610.0
2025-03-13 08:46:00,94.8,94.86,94.8,94.85,1069.0
2025-03-13 08:48:00,94.98,95.11,94.98,95.1,2179.0
2025-03-13 08:50:00,95.15,95.15,95.15,95.15,105.0
2025-03-13 08:56:00,94.95,94.96,94.95,94.96,717.0
2025-03-13 08:58:00,95.01,95.01,95.0,95.0,2305.0
2025-03-13 09:00:00,95.01,95.01,95.01,95.01,291.0
2025-03-13 09:02:00,95.01,95.01,95.0,95.0,749.0
2025-03-13 09:04:00,95.0,95.0,94.62,94.66,1346.0
2025-03-13 09:12:00,95.0,95.05,95.0,95.05,1037.0
2025-03-13 09:18:00,95.06,95.16,95.03,95.16,1200.0
2025-03-13 09:20:00,95.23,96.04,95.23,96.04,10558.0
2025-03-13 09:22:00,95.76,95.76,95.6,95.6,2785.0
2025-03-13 09:28:00,95.4,95.4,95.39,95.39,484.0
2025-03-13 09:30:00,95.28,95.28,95.25,95.25,1037.0
2025-03-13 09:32:00,95.25,95.25,95.25,95.25,333.0
2025-03-13 09:34:00,95.27,95.27,95.27,95.27,100.0
2025-03-13 09:36:00,95.48,95.68,95.48,95.68,6649.0
2025-03-13 09:42:00,95.73,95.94,95.73,95.76,1691.0
2025-03-13 09:48:00,95.93,95.93,95.93,95.93,266.0
2025-03-13 09:50:00,95.86,95.86,95.53,95.53,1096.0
2025-03-13 09:54:00,95.54,95.54,95.5,95.5,1100.0
2025-03-13 10:02:00,95.91,96.04,95.91,96.04,5705.0
2025-03-13 10:04:00,96.02,96.03,96.0,96.01,2208.0
2025-03-13 10:10:00,96.01,96.01,96.0,96.0,1062.0
2025-03-13 10:12:00,96.07,96.07,96.06,96.06,500.0
2025-03-13 10:16:00,96.13,96.28,96.13,96.23,2319.0
2025-03-13 10:18:00,96.21,96.35,96.2,96.22,4961.0
2025-03-13 10:20:00,96.15,96.3,96.0,96.0,1464.0
2025-03-13 10:22:00,96.01,96.01,96.01,96.01,187.0
2025-03-13 10:28:00,96.1,96.1,96.1,96.1,243.0
2025-03-13 10:36:00,96.2,96.27,96.2,96.27,1842.0
2025-03-13 10:38:00,96.13,96.13,96.05,96.05,1685.0
2025-03-13 10:40:00,96.18,96.18,96.08,96.08,1390.0
2025-03-13 10:50:00,96.13,96.16,96.13,96.16,774.0
2025-03-13 10:52:00,96.04,96.25,95.96,96.25,7836.0
2025-03-13 10:54:00,96.25,96.25,96.25,96.25,1451.0
2025-03-13 10:56:00,96.0,96.0,96.0,96.0,734.0
2025-03-13 11:00:00,95.98,96.09,95.98,96.09,1541.0
2025-03-13 11:02:00,96.14,96.19,96.14,96.19,700.0
2025-03-13 11:06:00,95.82,95.82,95.8,95.8,250.0
2025-03-13 11:08:00,95.73,95.73,95.6,95.6,2137.0
2025-03-13 11:10:00,95.68,95.68,95.68,95.68,199.0
2025-03-13 11:18:00,95.92,95.99,95.92,95.99,395.0
2025-03-13 11:20:00,95.68,95.68,95.5,95.5,2456.0
2025-03-13 11:22:00,95.44,95.44,95.44,95.44,306.0
2025-03-13 11:26:00,95.41,95.45,95.33,95.33,990.0
2025-03-13 11:28:00,95.39,95.39,95.39,95.39,208.0
2025-03-13 11:30:00,95.51,95.7,95.51,95.7,1066.0
2025-03-13 11:34:00,95.5,95.5,95.5,95.5,205.0
2025-03-13 11:38:00,95.45,95.5,95.41,95.41,974.0
2025-03-13 11:42:00,95.5,95.5,95.5,95.5,247.0
2025-03-13 11:44:00,95.46,95.46,95.3,95.3,3069.0
2025-03-13 11:48:00,95.16,95.3,95.16,95.3,1212.0
2025-03-13 11:52:00,95.3,95.3,95.3,95.3,2300.0
2025-03-13 11:54:00,95.3,95.3,95.3,95.3,367.0
2025-03-13 11:56:00,95.29,95.29,95.29,95.29,761.0
2025-03-13 11:58:00,95.14,95.14,94.8,94.8,3016.0
2025-03-13 12:00:00,95.33,96.117,94.31,94.39,17569.0
2025-03-13 12:02:00,94.94,94.94,94.91,94.94,710.0
2025-03-13 12:04:00,94.77,94.81,94.71,94.71,2078.0
2025-03-13 12:06:00,94.8799,94.8799,94.74,94.74,1233.0
2025-03-13 12:08:00,94.74,94.75,94.66,94.66,3844.0
2025-03-13 12:10:00,94.7463,94.7463,94.68,94.68,505.0
2025-03-13 12:12:00,94.62,94.62,94.62,94.62,287.0
2025-03-13 12:14:00,94.64,94.66,94.5,94.5,3476.0
2025-03-13 12:16:00,94.7,94.7499,94.7,94.7499,1000.0
2025-03-13 12:18:00,94.6,94.6,94.6,94.6,421.0
2025-03-13 12:20:00,94.65,94.65,94.4035,94.4035,1328.0
2025-03-13 12:24:00,94.45,94.45,94.4044,94.4044,1242.0
2025-03-13 12:26:00,94.62,94.62,94.62,94.62,2281.0
2025-03-13 12:28:00,94.7495,94.7495,94.7495,94.7495,156.0
2025-03-13 12:30:00,94.75,95.25,94.75,95.24,27994.0
2025-03-13 12:32:00,95.1,95.25,95.1,95.25,17629.0
2025-03-13 12:34:00,95.2,95.28,95.0,95.1499,11486.0
2025-03-13 12:36:00,95.04,95.1,94.6,94.6,6326.0
2025-03-13 12:38:00,94.59,94.75,94.59,94.6,3356.0
2025-03-13 12:40:00,94.8,94.91,94.7201,94.7201,2288.0
2025-03-13 12:42:00,94.8989,94.8989,94.86,94.86,469.0
2025-03-13 12:44:00,94.84,95.0295,94.84,95.0295,2080.0
2025-03-13 12:48:00,94.73,94.73,94.72,94.72,1261.0
2025-03-13 12:50:00,94.6261,94.71,94.6261,94.71,2187.0
2025-03-13 12:52:00,94.85,94.87,94.71,94.71,13500.0
2025-03-13 12:54:00,94.8,94.8,94.76,94.76,984.0
2025-03-13 12:56:00,94.7001,94.7001,94.7001,94.7001,561.0
2025-03-13 12:58:00,94.8,94.83,94.7982,94.83,3599.0
2025-03-13 13:00:00,94.97,95.1,94.97,95.09,2061.0
2025-03-13 13:02:00,95.09,95.1999,95.09,95.1,4176.0
2025-03-13 13:04:00,95.13,95.43,95.13,95.41,2938.0
2025-03-13 13:06:00,95.485,95.8,95.26,95.6,12151.0
2025-03-13 13:08:00,95.9524,95.9524,95.55,95.66,1486.0
2025-03-13 13:10:00,95.79,95.79,95.52,95.52,809.0
2025-03-13 13:12:00,95.6,95.62,95.3,95.49,2710.0
2025-03-13 13:14:00,95.4,95.61,95.2,95.61,2251.0
2025-03-13 13:16:00,95.45,95.45,95.3,95.3,2354.0
2025-03-13 13:18:00,95.2017,95.2017,95.2017,95.2017,149.0
2025-03-13 13:20:00,95.245,95.245,95.21,95.21,1429.0
2025-03-13 13:22:00,95.62,95.62,95.62,95.62,101.0
2025-03-13 13:24:00,95.37,95.37,95.29,95.29,2514.0
2025-03-13 13:26:00,95.355,95.355,94.5,94.5,13854.0
2025-03-13 13:28:00,94.4,94.4,94.01,94.1199,19213.0
2025-03-13 13:30:00,94.25,96.46,94.0,96.08,655004.0
2025-03-13 13:32:00,96.195,96.4999,95.81,95.985,352240.0
2025-03-13 13:34:00,95.985,96.5,95.9706,96.22,214972.0
2025-03-13 13:36:00,96.22,96.5,95.94,96.255,156399.0
2025-03-13 13:38:00,96.3,96.98,96.23,96.98,324038.0
2025-03-13 13:40:00,96.96,97.23,96.77,97.05,237743.0
2025-03-13 13:42:00,97.065,97.5,96.95,97.24,507238.0
2025-03-13 13:44:00,97.24,97.5,97.0601,97.295,162197.0
2025-03-13 13:46:00,97.295,97.4381,97.0,97.415,157016.0
2025-03-13 13:48:00,97.4262,97.4262,96.7401,96.95,320792.0
2025-03-13 13:50:00,96.935,97.18,96.33,96.44,128879.0
2025-03-13 13:52:00,96.395,96.48,96.02,96.105,112466.0
2025-03-13 13:54:00,96.105,96.11,95.75,96.005,131291.0
2025-03-13 13:56:00,96.025,96.03,95.27,95.44,186141.0
2025-03-13 13:58:00,95.465,95.9,95.4204,95.8112,136145.0
2025-03-13 14:00:00,95.8,95.96,95.26,95.9,124643.0
2025-03-13 14:02:00,95.92,96.4585,95.7729,96.3,131397.0
2025-03-13 14:04:00,96.32,97.005,96.22,96.96,164298.0
2025-03-13 14:06:00,96.965,97.02,96.7315,96.975,114607.0
2025-03-13 14:08:00,96.965,97.23,96.83,97.135,214984.0
2025-03-13 14:10:00,97.14,97.1555,96.55,96.59,106573.0
2025-03-13 14:12:00,96.575,97.07,96.575,96.9,88529.0
2025-03-13 14:14:00,96.91,97.46,96.82,97.35,114201.0
2025-03-13 14:16:00,97.3599,97.5344,97.235,97.28,133930.0
2025-03-13 14:18:00,97.28,97.6899,97.2331,97.63,112952.0
2025-03-13 14:20:00,97.65,97.92,97.56,97.765,228691.0
2025-03-13 14:22:00,97.745,97.82,97.4705,97.51,136677.0
2025-03-13 14:24:00,97.5,98.12,97.44,97.95,272997.0
2025-03-13 14:26:00,97.955,98.06,97.77,97.8,228130.0
2025-03-13 14:28:00,97.78,97.81,97.21,97.29,100081.0
2025-03-13 14:30:00,97.32,97.78,97.32,97.54,75857.0
2025-03-13 14:32:00,97.525,97.79,97.47,97.5825,95146.0
2025-03-13 14:34:00,97.595,97.75,97.375,97.46,52467.0
2025-03-13 14:36:00,97.38,97.58,97.24,97.51,130829.0
2025-03-13 14:38:00,97.5,97.56,97.35,97.51,80295.0
2025-03-13 14:40:00,97.5299,97.61,97.2,97.235,113436.0
2025-03-13 14:42:00,97.21,97.24,96.94,97.22,78777.0
2025-03-13 14:44:00,97.2,97.4299,97.065,97.26,90943.0
2025-03-13 14:46:00,97.27,97.32,96.92,96.98,55595.0
2025-03-13 14:48:00,96.96,96.96,96.71,96.81,63843.0
2025-03-13 14:50:00,96.795,97.31,96.7701,97.24,64979.0
2025-03-13 14:52:00,97.23,97.37,97.07,97.275,75837.0
2025-03-13 14:54:00,97.28,97.32,96.7,96.83,149280.0
2025-03-13 14:56:00,96.85,96.86,96.63,96.78,63854.0
2025-03-13 14:58:00,96.76,96.88,96.64,96.73,112329.0
2025-03-13 15:00:00,96.76,97.1099,96.76,96.9,199216.0
2025-03-13 15:02:00,96.92,96.94,96.7614,96.8936,45983.0
2025-03-13 15:04:00,96.88,97.0845,96.77,96.9235,50727.0
2025-03-13 15:06:00,96.91,96.93,96.43,96.43,69244.0
2025-03-13 15:08:00,96.43,96.53,96.19,96.28,60168.0
2025-03-13 15:10:00,96.3,96.49,96.3,96.4,48934.0
2025-03-13 15:12:00,96.4,96.41,96.01,96.21,56463.0
2025-03-13 15:14:00,96.16,96.3,96.05,96.24,47637.0
2025-03-13 15:16:00,96.26,96.51,96.21,96.43,89049.0
2025-03-13 15:18:00,96.42,96.6767,96.42,96.6767,49043.0
2025-03-13 15:20:00,96.69,96.7,96.55,96.59,166772.0
2025-03-13 15:22:00,96.62,96.9194,96.57,96.815,60355.0
2025-03-13 15:24:00,96.82,96.87,96.5125,96.535,83763.0
2025-03-13 15:26:00,96.535,96.6795,96.355,96.38,90332.0
2025-03-13 15:28:00,96.405,96.59,96.32,96.37,86971.0
2025-03-13 15:30:00,96.35,96.45,96.2815,96.3,68627.0
2025-03-13 15:32:00,96.32,96.6475,96.3,96.45,93451.0
2025-03-13 15:34:00,96.46,96.5296,96.2,96.22,42167.0
2025-03-13 15:36:00,96.2,96.2,95.9,96.0804,59951.0
2025-03-13 15:38:00,96.07,96.225,95.97,96.14,54166.0
2025-03-13 15:40:00,96.16,96.19,95.94,96.01,43561.0
2025-03-13 15:42:00,95.995,96.47,95.97,96.385,74306.0
2025-03-13 15:44:00,96.39,96.745,96.39,96.49,93118.0
2025-03-13 15:46:00,96.48,96.51,96.24,96.455,75003.0
2025-03-13 15:48:00,96.48,96.78,96.47,96.69,106180.0
2025-03-13 15:50:00,96.7,96.7,96.1,96.23,61147.0
2025-03-13 15:52:00,96.23,96.28,96.09,96.18,34388.0
2025-03-13 15:54:00,96.2,96.21,96.05,96.13,27142.0
2025-03-13 15:56:00,96.13,96.13,95.95,96.05,37343.0
2025-03-13 15:58:00,96.045,96.17,95.976,96.05,39681.0
2025-03-13 16:00:00,96.06,96.15,95.9,95.98,37584.0
2025-03-13 16:02:00,95.97,96.12,95.96,96.07,33599.0
2025-03-13 16:04:00,96.08,96.295,96.06,96.06,39656.0
2025-03-13 16:06:00,96.065,96.18,96.0,96.09,26571.0
2025-03-13 16:08:00,96.115,96.56,96.115,96.53,47403.0
2025-03-13 16:10:00,96.51,96.52,96.16,96.245,51424.0
2025-03-13 16:12:00,96.23,96.39,96.19,96.22,21026.0
2025-03-13 16:14:00,96.255,96.255,96.09,96.11,22865.0
2025-03-13 16:16:00,96.115,96.25,96.06,96.11,26666.0
2025-03-13 16:18:00,96.125,96.15,96.05,96.05,19528.0
2025-03-13 16:20:00,96.065,96.23,96.05,96.16,33881.0
2025-03-13 16:22:00,96.13,96.3227,96.13,96.3,24319.0
2025-03-13 16:24:00,96.25,96.255,96.1,96.1514,21627.0
2025-03-13 16:26:00,96.11,96.22,96.03,96.17,85494.0
2025-03-13 16:28:00,96.19,96.28,96.12,96.18,24208.0
2025-03-13 16:30:00,96.1701,96.25,96.01,96.23,200259.0
2025-03-13 16:32:00,96.1978,96.27,96.03,96.2,24065.0
2025-03-13 16:34:00,96.24,96.41,96.19,96.2101,44094.0
2025-03-13 16:36:00,96.25,96.575,96.25,96.51,120917.0
2025-03-13 16:38:00,96.5,96.55,96.39,96.5,54578.0
2025-03-13 16:40:00,96.54,96.61,96.33,96.36,317670.0
2025-03-13 16:42:00,96.36,96.47,96.25,96.435,50028.0
2025-03-13 16:44:00,96.44,96.47,96.06,96.06,51483.0
2025-03-13 16:46:00,96.07,96.09,95.38,95.41,85424.0
2025-03-13 16:48:00,95.4,95.54,95.33,95.45,81149.0
2025-03-13 16:50:00,95.49,95.5277,95.27,95.305,106830.0
2025-03-13 16:52:00,95.305,95.65,95.2705,95.54,90160.0
2025-03-13 16:54:00,95.57,95.585,95.3,95.4425,63619.0
2025-03-13 16:56:00,95.41,95.4615,95.35,95.45,34971.0
2025-03-13 16:58:00,95.46,95.59,95.36,95.57,33587.0
2025-03-13 17:00:00,95.54,95.6095,95.4,95.43,35247.0
2025-03-13 17:02:00,95.45,95.62,95.43,95.56,26737.0
2025-03-13 17:04:00,95.62,95.86,95.615,95.715,33117.0
2025-03-13 17:06:00,95.7,95.73,95.5,95.61,26950.0
2025-03-13 17:08:00,95.61,95.6332,95.5,95.5,22485.0
2025-03-13 17:10:00,95.5,95.5466,95.3,95.36,44781.0
2025-03-13 17:12:00,95.328,95.38,95.241,95.29,48142.0
2025-03-13 17:14:00,95.31,95.31,95.1,95.16,44325.0
2025-03-13 17:16:00,95.151,95.185,94.91,94.95,55026.0
2025-03-13 17:18:00,94.94,94.95,94.61,94.66,61400.0
2025-03-13 17:20:00,94.675,94.79,94.61,94.7399,61792.0
2025-03-13 17:22:00,94.71,94.94,94.71,94.825,54143.0
2025-03-13 17:24:00,94.8085,94.8599,94.68,94.795,53111.0
2025-03-13 17:26:00,94.78,94.83,94.55,94.64,35493.0
2025-03-13 17:28:00,94.65,94.84,94.65,94.75,41207.0
2025-03-13 17:30:00,94.73,94.7793,94.6,94.73,39085.0
2025-03-13 17:32:00,94.73,94.75,94.56,94.66,34036.0
2025-03-13 17:34:00,94.66,94.66,94.5,94.59,57205.0
2025-03-13 17:36:00,94.56,94.61,94.4401,94.61,33686.0
2025-03-13 17:38:00,94.61,94.615,94.34,94.38,59995.0
2025-03-13 17:40:00,94.41,94.54,94.335,94.3501,41612.0
2025-03-13 17:42:00,94.35,94.45,94.27,94.445,67890.0
2025-03-13 17:44:00,94.4,94.47,94.3,94.41,26293.0
2025-03-13 17:46:00,94.43,94.47,94.35,94.39,21002.0
2025-03-13 17:48:00,94.41,94.46,94.32,94.36,24595.0
2025-03-13 17:50:00,94.35,94.69,94.31,94.6,43755.0
2025-03-13 17:52:00,94.62,94.82,94.62,94.75,36917.0
2025-03-13 17:54:00,94.745,94.77,94.65,94.68,90924.0
2025-03-13 17:56:00,94.6978,94.6978,94.48,94.49,34798.0
2025-03-13 17:58:00,94.49,94.5188,94.38,94.43,30063.0
2025-03-13 18:00:00,94.43,94.93,94.39,94.88,41765.0
2025-03-13 18:02:00,94.88,95.08,94.88,95.045,37105.0
2025-03-13 18:04:00,95.06,95.1402,94.97,95.11,32460.0
2025-03-13 18:06:00,95.1,95.39,95.09,95.3409,50502.0
2025-03-13 18:08:00,95.33,95.4201,95.2526,95.29,49385.0
2025-03-13 18:10:00,95.26,95.41,95.25,95.36,25787.0
2025-03-13 18:12:00,95.37,95.645,95.345,95.645,35474.0
2025-03-13 18:14:00,95.68,95.74,95.57,95.58,41037.0
2025-03-13 18:16:00,95.59,95.61,95.41,95.5396,43478.0
2025-03-13 18:18:00,95.5,95.6,95.37,95.54,26891.0
2025-03-13 18:20:00,95.51,95.64,95.42,95.52,32717.0
2025-03-13 18:22:00,95.54,95.7354,95.5,95.73,28444.0
2025-03-13 18:24:00,95.71,95.9,95.71,95.8699,57991.0
2025-03-13 18:26:00,95.84,95.9999,95.82,95.97,86623.0
2025-03-13 18:28:00,95.95,96.0486,95.8304,96.0295,56860.0
2025-03-13 18:30:00,96.03,96.03,95.79,95.975,28634.0
2025-03-13 18:32:00,95.98,96.12,95.89,96.12,38624.0
2025-03-13 18:34:00,96.12,96.14,95.77,95.86,38662.0
2025-03-13 18:36:00,95.8685,96.0278,95.84,96.0,25731.0
2025-03-13 18:38:00,95.995,96.13,95.91,96.11,43799.0
2025-03-13 18:40:00,96.09,96.1199,95.99,96.04,94834.0
2025-03-13 18:42:00,96.07,96.1785,96.0,96.16,45908.0
2025-03-13 18:44:00,96.16,96.27,96.105,96.13,44825.0
2025-03-13 18:46:00,96.145,96.23,96.04,96.13,23102.0
2025-03-13 18:48:00,96.16,96.215,96.06,96.1,19593.0
2025-03-13 18:50:00,96.1,96.19,96.0,96.04,84494.0
2025-03-13 18:52:00,96.05,96.08,95.775,95.8,36963.0
2025-03-13 18:54:00,95.815,95.99,95.76,95.99,21775.0
2025-03-13 18:56:00,95.985,96.06,95.88,95.96,24405.0
2025-03-13 18:58:00,95.97,96.24,95.95,96.0982,40299.0
2025-03-13 19:00:00,96.06,96.34,95.99,96.34,56477.0
2025-03-13 19:02:00,96.31,96.47,96.31,96.34,24151.0
2025-03-13 19:04:00,96.34,96.38,96.06,96.09,71056.0
2025-03-13 19:06:00,96.13,96.155,95.77,95.815,61470.0
2025-03-13 19:08:00,95.78,95.85,95.61,95.65,55138.0
2025-03-13 19:10:00,95.63,95.76,95.52,95.7596,37892.0
2025-03-13 19:12:00,95.745,95.91,95.74,95.75,30599.0
2025-03-13 19:14:00,95.77,95.875,95.56,95.63,58871.0
2025-03-13 19:16:00,95.645,95.67,95.52,95.5866,29891.0
2025-03-13 19:18:00,95.575,95.6796,95.4715,95.6,69663.0
2025-03-13 19:20:00,95.555,95.61,95.38,95.5196,41875.0
2025-03-13 19:22:00,95.49,95.61,95.49,95.49,38489.0
2025-03-13 19:24:00,95.48,95.605,95.1354,95.185,81196.0
2025-03-13 19:26:00,95.19,95.23,94.95,95.035,71028.0
2025-03-13 19:28:00,95.05,95.12,94.86,95.05,64620.0
2025-03-13 19:30:00,95.07,95.11,94.8581,94.97,51488.0
2025-03-13 19:32:00,94.99,95.23,94.94,95.205,58397.0
2025-03-13 19:34:00,95.22,95.23,94.9,94.9,58645.0
2025-03-13 19:36:00,94.905,94.99,94.8301,94.96,68431.0
2025-03-13 19:38:00,94.95,94.98,94.58,94.58,79722.0
2025-03-13 19:40:00,94.59,94.79,94.59,94.71,90728.0
2025-03-13 19:42:00,94.715,94.74,94.42,94.53,106069.0
2025-03-13 19:44:00,94.53,94.7,94.44,94.46,112497.0
2025-03-13 19:46:00,94.465,94.67,94.45,94.585,77334.0
2025-03-13 19:48:00,94.58,94.78,94.52,94.635,83992.0
2025-03-13 19:50:00,94.62,94.62,94.1864,94.29,156593.0
2025-03-13 19:52:00,94.28,94.64,94.235,94.54,94615.0
2025-03-13 19:54:00,94.55,94.82,94.54,94.75,146616.0
2025-03-13 19:56:00,94.76,94.94,94.76,94.85,187483.0
2025-03-13 19:58:00,94.85,94.935,94.77,94.9,466857.0
2025-03-13 20:00:00,94.88,95.38,94.88,95.37,68678.0
2025-03-13 20:02:00,95.4,95.78,95.38,95.44,6121.0
2025-03-13 20:04:00,95.53,95.53,95.52,95.52,1444.0
2025-03-13 20:06:00,95.53,95.6454,94.88,95.53,12172.0
2025-03-13 20:08:00,95.59,95.59,95.53,95.58,2788.0
2025-03-13 20:10:00,95.59,95.65,94.88,95.65,1353.0
2025-03-13 20:12:00,95.7,95.7,95.62,95.62,979.0
2025-03-13 20:14:00,95.6,95.608,95.6,95.608,930.0
2025-03-13 20:16:00,95.6097,95.6695,95.532,95.63,2042.0
2025-03-13 20:18:00,95.59,95.59,94.88,94.88,2584.0
2025-03-13 20:20:00,94.88,94.88,94.88,94.88,180.0
2025-03-13 20:24:00,95.55,95.55,95.53,95.53,1765.0
2025-03-13 20:26:00,95.53,95.53,95.53,95.53,1159.0
2025-03-13 20:28:00,95.53,95.53,95.5,95.5,733.0
2025-03-13 20:34:00,95.5,95.5,95.47,95.47,1231.0
2025-03-13 20:36:00,95.5,95.52,95.47,95.4999,2457.0
2025-03-13 20:40:00,95.4,95.4,95.4,95.4,303.0
2025-03-13 20:42:00,95.36,95.36,95.36,95.36,801.0
2025-03-13 20:48:00,95.44,95.44,95.44,95.44,800.0
2025-03-13 20:52:00,95.47,95.47,95.47,95.47,1924.0
2025-03-13 20:54:00,95.38,95.38,95.32,95.32,349.0
2025-03-13 20:58:00,95.3785,95.38,95.3785,95.38,499.0
2025-03-13 21:00:00,95.39,95.39,95.38,95.38,820.0
2025-03-13 21:06:00,95.3566,95.3566,95.3566,95.3566,165.0
2025-03-13 21:12:00,95.42,95.48,95.4,95.48,1923.0
2025-03-13 21:14:00,95.5,95.5,95.5,95.5,190.0
2025-03-13 21:18:00,95.44,95.45,95.44,95.45,300.0
2025-03-13 21:22:00,95.49,95.49,95.4401,95.4401,314.0
2025-03-13 21:24:00,95.44,95.44,95.43,95.43,605.0
2025-03-13 21:30:00,95.44,95.44,95.42,95.42,3407.0
2025-03-13 21:34:00,95.41,95.41,95.41,95.41,215.0
2025-03-13 21:42:00,95.3,95.3,95.3,95.3,120.0
2025-03-13 21:46:00,95.38,95.41,95.38,95.41,1238.0
2025-03-13 21:48:00,95.41,95.43,95.41,95.43,636.0
2025-03-13 21:52:00,95.43,95.45,95.43,95.45,1173.0
2025-03-13 21:54:00,95.45,95.45,95.45,95.45,751.0
2025-03-13 21:56:00,95.35,95.35,95.35,95.35,105.0
2025-03-13 22:00:00,95.45,95.5,95.45,95.5,935.0
2025-03-13 22:02:00,95.5,95.5,95.5,95.5,333.0
2025-03-13 22:32:00,95.698,95.698,95.698,95.698,160.0
2025-03-13 22:36:00,95.6998,95.6998,95.6998,95.6998,451.0
2025-03-13 22:38:00,95.6025,95.6025,95.6025,95.6025,255.0
2025-03-13 22:40:00,95.7,95.7,95.7,95.7,1760.0
2025-03-13 22:56:00,95.7115,95.7115,95.7115,95.7115,400.0
2025-03-13 22:58:00,95.82,95.8928,95.82,95.8928,582.0
2025-03-13 23:00:00,95.7,95.7,95.7,95.7,139.0
2025-03-13 23:02:00,95.7,95.8,95.7,95.8,1437.0
2025-03-13 23:04:00,95.8398,95.84,95.8392,95.84,720.0
2025-03-13 23:08:00,95.83,95.84,95.83,95.84,870.0
2025-03-13 23:12:00,95.83,95.83,95.83,95.83,287.0
2025-03-13 23:14:00,95.7,95.7,95.7,95.7,775.0
2025-03-13 23:22:00,95.836,95.836,95.836,95.836,122.0
2025-03-13 23:24:00,95.8392,95.8392,95.8392,95.8392,268.0
2025-03-13 23:26:00,95.75,95.75,95.75,95.75,826.0
2025-03-13 23:30:00,95.84,95.84,95.84,95.84,195.0
2025-03-13 23:36:00,95.83,95.83,95.83,95.83,153.0
2025-03-13 23:38:00,95.71,95.8169,95.71,95.8169,385.0
2025-03-13 23:40:00,95.7,95.7,95.7,95.7,155.0
2025-03-13 23:42:00,95.83,95.84,95.76,95.76,825.0
2025-03-13 23:46:00,95.7,95.7,95.7,95.7,550.0
2025-03-13 23:48:00,95.7,95.7,95.7,95.7,1103.0
2025-03-13 23:52:00,95.72,95.73,95.72,95.73,232.0
2025-03-13 23:54:00,95.75,95.75,95.75,95.75,201.0
2025-03-13 23:56:00,95.76,95.76,95.76,95.76,451.0
2025-03-14 08:00:00,96.32,96.32,96.32,96.32,296.0
2025-03-14 08:06:00,96.51,96.76,96.51,96.76,674.0
2025-03-14 08:16:00,96.84,96.85,96.84,96.85,306.0
2025-03-14 08:18:00,96.89,96.89,96.89,96.89,264.0
2025-03-14 08:22:00,96.88,96.93,96.88,96.91,1007.0
2025-03-14 08:24:00,96.99,96.99,96.99,96.99,306.0
2025-03-14 08:26:00,97.0,97.0,97.0,97.0,2270.0
2025-03-14 08:32:00,97.01,97.01,96.96,97.0,599.0
2025-03-14 08:34:00,96.91,96.91,96.91,96.91,147.0
2025-03-14 08:38:00,97.03,97.03,97.03,97.03,322.0
2025-03-14 08:42:00,96.89,96.89,96.85,96.85,1443.0
2025-03-14 08:48:00,96.87,97.1,96.87,97.09,1814.0
2025-03-14 08:50:00,96.97,96.98,96.97,96.98,1244.0
2025-03-14 08:54:00,96.98,97.18,96.98,97.18,724.0
2025-03-14 09:00:00,97.1,97.1,97.1,97.1,756.0
2025-03-14 09:04:00,97.1,97.1,97.1,97.1,200.0
2025-03-14 09:06:00,97.15,97.15,97.15,97.15,269.0
2025-03-14 09:08:00,97.12,97.13,97.12,97.13,366.0
2025-03-14 09:10:00,97.1,97.1,97.1,97.1,1045.0
2025-03-14 09:12:00,97.16,97.3,97.1,97.3,2838.0
2025-03-14 09:14:00,97.29,97.29,97.29,97.29,739.0
2025-03-14 09:16:00,97.29,97.29,97.23,97.25,645.0
2025-03-14 09:24:00,97.29,97.29,97.29,97.29,509.0
2025-03-14 09:32:00,97.16,97.16,97.16,97.16,200.0
2025-03-14 09:34:00,97.2,97.2,97.2,97.2,691.0
2025-03-14 09:36:00,97.2,97.2,97.2,97.2,101.0
2025-03-14 09:38:00,97.16,97.16,97.16,97.16,206.0
2025-03-14 09:40:00,97.2,97.2,97.16,97.16,715.0
2025-03-14 09:46:00,97.12,97.12,97.1,97.12,1303.0
2025-03-14 09:48:00,97.18,97.18,97.18,97.18,100.0
2025-03-14 09:52:00,97.2,97.2,97.2,97.2,263.0
2025-03-14 09:58:00,97.16,97.16,97.1,97.1,845.0
2025-03-14 10:12:00,97.29,97.29,97.29,97.29,201.0
2025-03-14 10:14:00,97.2,97.2,97.16,97.16,698.0
2025-03-14 10:20:00,97.29,97.29,97.29,97.29,327.0
2025-03-14 10:22:00,97.2,97.2,97.2,97.2,443.0
2025-03-14 10:24:00,97.2,97.2,97.2,97.2,145.0
2025-03-14 10:28:00,97.14,97.14,97.14,97.14,501.0
2025-03-14 10:32:00,97.12,97.12,97.07,97.07,2291.0
2025-03-14 10:34:00,97.0,97.0,97.0,97.0,1096.0
2025-03-14 10:36:00,96.97,97.0,96.97,97.0,1163.0
2025-03-14 10:38:00,97.1,97.1,97.1,97.1,1646.0
2025-03-14 10:40:00,97.17,97.2,97.17,97.2,2050.0
2025-03-14 10:42:00,97.15,97.17,97.02,97.08,1563.0
2025-03-14 10:46:00,97.24,97.24,97.24,97.24,500.0
2025-03-14 10:48:00,97.06,97.06,97.01,97.01,850.0
2025-03-14 10:50:00,97.29,97.29,97.29,97.29,527.0
2025-03-14 10:52:00,97.32,97.32,97.29,97.29,575.0
2025-03-14 10:54:00,97.39,97.73,97.39,97.73,3726.0
2025-03-14 10:56:00,97.57,97.59,97.57,97.59,510.0
2025-03-14 10:58:00,97.5,97.5,97.5,97.5,211.0
2025-03-14 11:00:00,97.32,97.36,97.28,97.36,1869.0
2025-03-14 11:06:00,97.33,97.38,97.33,97.38,316.0
2025-03-14 11:08:00,97.3,97.3,97.3,97.3,360.0
2025-03-14 11:12:00,97.38,97.38,97.38,97.38,117.0
2025-03-14 11:14:00,97.35,97.36,97.35,97.36,1133.0
2025-03-14 11:16:00,97.35,97.35,97.28,97.28,5674.0
2025-03-14 11:20:00,97.1,97.1,97.1,97.1,140.0
2025-03-14 11:30:00,97.3,97.3,97.3,97.3,1234.0
2025-03-14 11:32:00,97.27,97.39,97.27,97.39,1659.0
2025-03-14 11:38:00,97.3,97.3,97.3,97.3,101.0
2025-03-14 11:40:00,97.37,97.37,97.37,97.37,700.0
2025-03-14 11:42:00,97.39,97.45,97.38,97.45,1185.0
2025-03-14 11:46:00,97.46,97.47,97.46,97.47,630.0
2025-03-14 11:48:00,97.47,97.57,97.47,97.57,6511.0
2025-03-14 11:50:00,97.59,97.59,97.59,97.59,265.0
2025-03-14 11:52:00,97.54,97.54,97.54,97.54,1185.0
2025-03-14 11:54:00,97.45,97.45,97.45,97.45,190.0
2025-03-14 11:56:00,97.46,97.46,97.45,97.45,967.0
2025-03-14 11:58:00,97.45,97.48,97.45,97.48,892.0
2025-03-14 12:00:00,97.4,97.59,96.4,97.59,45589.0
2025-03-14 12:02:00,97.5,97.59,97.5,97.5101,1380.0
2025-03-14 12:04:00,97.59,97.59,97.59,97.59,125.0
2025-03-14 12:06:00,97.58,97.69,97.5501,97.69,7325.0
2025-03-14 12:08:00,97.72,97.72,97.72,97.72,191.0
2025-03-14 12:10:00,97.72,97.78,97.65,97.75,2455.0
2025-03-14 12:12:00,97.7501,97.8,97.7501,97.78,2792.0
2025-03-14 12:14:00,97.799,97.8,97.7611,97.8,4093.0
2025-03-14 12:16:00,97.8,97.8,97.8,97.8,1335.0
2025-03-14 12:18:00,97.7066,97.7066,97.7066,97.7066,152.0
2025-03-14 12:20:00,97.8,97.8,97.8,97.8,3045.0
2025-03-14 12:22:00,97.8,97.8,97.8,97.8,3434.0
2025-03-14 12:24:00,97.85,98.29,97.85,98.24,16226.0
2025-03-14 12:26:00,98.1,98.1,98.0,98.0,835.0
2025-03-14 12:28:00,98.0,98.1,98.0,98.1,2239.0
2025-03-14 12:30:00,98.14,98.14,98.14,98.14,2531.0
2025-03-14 12:32:00,98.0301,98.15,98.0,98.15,2772.0
2025-03-14 12:34:00,98.0989,98.0989,98.0968,98.0968,1215.0
2025-03-14 12:36:00,98.02,98.02,98.02,98.02,575.0
2025-03-14 12:38:00,97.9,97.9484,97.88,97.9473,3275.0
2025-03-14 12:40:00,97.95,97.95,97.8001,97.8994,780.0
2025-03-14 12:42:00,97.9,97.9,97.8002,97.8002,1346.0
2025-03-14 12:44:00,97.9,97.937,97.8201,97.8201,3295.0
2025-03-14 12:46:00,97.92,98.1,97.9,98.1,4569.0
2025-03-14 12:48:00,98.11,98.15,98.1,98.1,2734.0
2025-03-14 12:50:00,98.1,98.1,98.0,98.0,332.0
2025-03-14 12:52:00,98.0,98.0599,98.0,98.0599,586.0
2025-03-14 12:54:00,98.0,98.0,97.94,97.94,2160.0
2025-03-14 12:56:00,98.0,98.0,97.94,97.94,1218.0
2025-03-14 12:58:00,97.82,97.85,97.82,97.85,732.0
2025-03-14 13:00:00,97.89,98.04,97.89,98.0,10991.0
2025-03-14 13:02:00,97.99,98.1,97.86,98.01,10170.0
2025-03-14 13:04:00,98.0,98.12,98.0,98.1191,1883.0
2025-03-14 13:06:00,98.11,98.12,98.0,98.04,4177.0
2025-03-14 13:08:00,98.0,98.0499,98.0,98.0,787.0
2025-03-14 13:10:00,98.0,98.0,98.0,98.0,6270.0
2025-03-14 13:12:00,98.0,98.1,98.0,98.0895,11101.0
2025-03-14 13:14:00,98.02,98.06,98.0,98.0,3190.0
2025-03-14 13:16:00,97.86,97.86,97.84,97.84,1307.0
2025-03-14 13:18:00,97.82,97.82,97.7013,97.7013,1965.0
2025-03-14 13:20:00,97.8,97.87,97.61,97.61,2406.0
2025-03-14 13:22:00,97.65,97.8,97.65,97.8,351.0
2025-03-14 13:24:00,97.8,98.5,97.72,98.21,13588.0
2025-03-14 13:26:00,98.19,98.6,98.19,98.55,16109.0
2025-03-14 13:28:00,98.6,98.8,98.6,98.75,11237.0
2025-03-14 13:30:00,98.75,100.99,98.75,100.645,1640092.0
2025-03-14 13:32:00,100.645,102.0,100.48,101.74,916880.0
2025-03-14 13:34:00,101.74,102.7199,101.57,102.705,761949.0
2025-03-14 13:36:00,102.705,102.78,102.03,102.24,543406.0
2025-03-14 13:38:00,102.24,102.4525,101.77,102.1,453798.0
2025-03-14 13:40:00,102.17,102.28,101.16,101.2759,592113.0
2025-03-14 13:42:00,101.275,101.42,100.7501,101.295,371117.0
2025-03-14 13:44:00,101.25,101.32,100.845,100.9,269629.0
2025-03-14 13:46:00,100.9,101.14,100.69,101.01,208789.0
2025-03-14 13:48:00,100.99,101.55,100.94,101.54,275466.0
2025-03-14 13:50:00,101.59,101.8294,101.4493,101.715,212574.0
2025-03-14 13:52:00,101.7005,101.765,101.2905,101.6206,167777.0
2025-03-14 13:54:00,101.61,101.61,101.09,101.1417,180384.0
2025-03-14 13:56:00,101.18,101.43,100.8466,101.065,306491.0
2025-03-14 13:58:00,101.06,101.3,100.59,100.69,279088.0
2025-03-14 14:00:00,100.63,100.71,99.9041,100.305,338609.0
2025-03-14 14:02:00,100.25,100.94,100.174,100.675,194667.0
2025-03-14 14:04:00,100.65,100.84,100.49,100.56,133782.0
2025-03-14 14:06:00,100.57,101.04,100.5504,100.7214,178768.0
2025-03-14 14:08:00,100.71,100.82,100.3,100.3,179352.0
2025-03-14 14:10:00,100.33,100.6,100.3,100.31,114276.0
2025-03-14 14:12:00,100.36,100.37,100.05,100.26,161502.0
2025-03-14 14:14:00,100.265,100.6,100.12,100.43,119684.0
2025-03-14 14:16:00,100.455,100.6799,100.165,100.295,131577.0
2025-03-14 14:18:00,100.295,100.38,100.1611,100.25,111288.0
2025-03-14 14:20:00,100.25,100.37,99.8548,100.355,274850.0
2025-03-14 14:22:00,100.38,100.7,100.14,100.65,278097.0
2025-03-14 14:24:00,100.65,100.76,100.3,100.31,112358.0
2025-03-14 14:26:00,100.29,100.35,100.0601,100.35,120045.0
2025-03-14 14:28:00,100.365,100.54,100.2,100.315,83658.0
2025-03-14 14:30:00,100.28,100.55,100.27,100.35,114815.0
2025-03-14 14:32:00,100.325,100.652,100.16,100.162,107720.0
2025-03-14 14:34:00,100.19,100.345,99.835,99.905,111268.0
2025-03-14 14:36:00,99.92,100.22,99.8,100.22,125547.0
2025-03-14 14:38:00,100.2194,100.42,100.14,100.39,96878.0
2025-03-14 14:40:00,100.37,100.5499,100.115,100.135,117253.0
2025-03-14 14:42:00,100.135,100.165,99.81,100.02,208990.0
2025-03-14 14:44:00,100.02,100.24,100.0,100.13,82474.0
2025-03-14 14:46:00,100.14,100.23,99.99,100.04,213707.0
2025-03-14 14:48:00,100.06,100.12,99.61,99.6339,100070.0
2025-03-14 14:50:00,99.66,99.77,99.57,99.69,110336.0
2025-03-14 14:52:00,99.69,99.7799,99.6,99.63,77389.0
2025-03-14 14:54:00,99.6086,99.75,99.36,99.38,121214.0
2025-03-14 14:56:00,99.395,99.56,99.29,99.515,130298.0
2025-03-14 14:58:00,99.52,99.735,99.445,99.715,90058.0
2025-03-14 15:00:00,99.72,100.0,99.62,99.89,159140.0
2025-03-14 15:02:00,99.8834,99.9621,99.77,99.8,73495.0
2025-03-14 15:04:00,99.82,99.95,99.77,99.79,59475.0
2025-03-14 15:06:00,99.77,99.775,99.5247,99.67,80882.0
2025-03-14 15:08:00,99.685,99.705,99.35,99.35,81559.0
2025-03-14 15:10:00,99.375,99.61,99.31,99.4996,97323.0
2025-03-14 15:12:00,99.5,99.6499,99.29,99.4,84723.0
2025-03-14 15:14:00,99.39,99.68,99.31,99.63,71361.0
2025-03-14 15:16:00,99.62,100.09,99.61,100.03,110496.0
2025-03-14 15:18:00,100.03,100.315,100.01,100.31,104297.0
2025-03-14 15:20:00,100.3179,100.39,100.11,100.28,168799.0
2025-03-14 15:22:00,100.28,100.29,99.98,100.225,122602.0
2025-03-14 15:24:00,100.2425,100.3,99.89,99.9144,123461.0
2025-03-14 15:26:00,99.94,100.175,99.93,100.03,91895.0
2025-03-14 15:28:00,100.035,100.0985,99.98,100.025,51882.0
2025-03-14 15:30:00,100.025,100.35,100.025,100.2,72728.0
2025-03-14 15:32:00,100.22,100.3,100.17,100.25,81669.0
2025-03-14 15:34:00,100.245,100.5585,100.18,100.28,255528.0
2025-03-14 15:36:00,100.29,100.44,100.2301,100.24,95118.0
2025-03-14 15:38:00,100.231,100.41,100.14,100.35,54906.0
2025-03-14 15:40:00,100.33,100.515,100.28,100.47,157698.0
2025-03-14 15:42:00,100.49,100.79,100.4796,100.76,156942.0
2025-03-14 15:44:00,100.76,100.93,100.7,100.745,97395.0
2025-03-14 15:46:00,100.745,100.855,100.6552,100.78,72747.0
2025-03-14 15:48:00,100.765,100.845,100.69,100.75,90709.0
2025-03-14 15:50:00,100.74,100.74,100.46,100.55,103627.0
2025-03-14 15:52:00,100.555,100.6,100.41,100.6,55123.0
2025-03-14 15:54:00,100.5901,100.89,100.59,100.8,96517.0
2025-03-14 15:56:00,100.815,100.84,100.575,100.695,90895.0
2025-03-14 15:58:00,100.68,100.83,100.54,100.72,106681.0
2025-03-14 16:00:00,100.73,100.76,100.6,100.645,68353.0
2025-03-14 16:02:00,100.65,100.81,100.65,100.69,56155.0
2025-03-14 16:04:00,100.73,100.79,100.68,100.7717,41746.0
2025-03-14 16:06:00,100.775,100.84,100.63,100.76,50516.0
2025-03-14 16:08:00,100.77,100.85,100.6604,100.68,91603.0
2025-03-14 16:10:00,100.69,100.71,100.56,100.6,91217.0
2025-03-14 16:12:00,100.605,100.66,100.45,100.57,62125.0
2025-03-14 16:14:00,100.57,100.7,100.52,100.66,58891.0
2025-03-14 16:16:00,100.64,100.64,100.37,100.53,99181.0
2025-03-14 16:18:00,100.51,100.65,100.5,100.63,42609.0
2025-03-14 16:20:00,100.625,100.9027,100.59,100.9027,70393.0
2025-03-14 16:22:00,100.88,100.9,100.63,100.77,79867.0
2025-03-14 16:24:00,100.75,100.83,100.72,100.76,32583.0
2025-03-14 16:26:00,100.77,100.77,100.5,100.51,55807.0
2025-03-14 16:28:00,100.51,100.62,100.4,100.56,102186.0
2025-03-14 16:30:00,100.56,100.71,100.46,100.53,57385.0
2025-03-14 16:32:00,100.53,100.74,100.5,100.6301,34447.0
2025-03-14 16:34:00,100.67,100.86,100.63,100.86,39525.0
2025-03-14 16:36:00,100.85,100.88,100.575,100.6,58877.0
2025-03-14 16:38:00,100.62,100.725,100.445,100.45,31286.0
2025-03-14 16:40:00,100.445,100.8,100.445,100.7804,53299.0
2025-03-14 16:42:00,100.76,101.005,100.74,100.95,79293.0
2025-03-14 16:44:00,100.98,101.01,100.72,100.73,41606.0
2025-03-14 16:46:00,100.725,100.79,100.65,100.7105,51117.0
2025-03-14 16:48:00,100.7,100.73,100.5601,100.73,29865.0
2025-03-14 16:50:00,100.75,100.7604,100.5,100.5968,61522.0
2025-03-14 16:52:00,100.63,100.86,100.62,100.8201,34519.0
2025-03-14 16:54:00,100.84,100.95,100.82,100.94,47505.0
2025-03-14 16:56:00,100.91,100.925,100.8079,100.84,31601.0
2025-03-14 16:58:00,100.825,100.87,100.71,100.775,56171.0
2025-03-14 17:00:00,100.76,100.91,100.65,100.9,34587.0
2025-03-14 17:02:00,100.921,100.9657,100.482,100.65,80806.0
2025-03-14 17:04:00,100.63,100.73,100.615,100.68,25866.0
2025-03-14 17:06:00,100.73,100.77,100.61,100.63,21195.0
2025-03-14 17:08:00,100.61,100.74,100.595,100.74,38996.0
2025-03-14 17:10:00,100.73,100.74,100.52,100.56,43869.0
2025-03-14 17:12:00,100.57,100.65,100.55,100.605,34040.0
2025-03-14 17:14:00,100.605,100.6798,100.46,100.61,32462.0
2025-03-14 17:16:00,100.605,100.675,100.53,100.67,28237.0
2025-03-14 17:18:00,100.63,100.64,100.43,100.46,41596.0
2025-03-14 17:20:00,100.46,100.565,100.44,100.5,40075.0
2025-03-14 17:22:00,100.52,100.55,100.33,100.36,22926.0
2025-03-14 17:24:00,100.35,100.38,100.23,100.3799,58796.0
2025-03-14 17:26:00,100.345,100.5,100.27,100.325,55959.0
2025-03-14 17:28:00,100.295,100.54,100.295,100.445,29732.0
2025-03-14 17:30:00,100.43,100.53,100.375,100.41,48830.0
2025-03-14 17:32:00,100.415,100.6196,100.415,100.48,70806.0
2025-03-14 17:34:00,100.485,100.65,100.4,100.64,41655.0
2025-03-14 17:36:00,100.62,100.63,100.38,100.38,35061.0
2025-03-14 17:38:00,100.34,100.62,100.31,100.6,37160.0
2025-03-14 17:40:00,100.615,100.615,100.5,100.51,25738.0
2025-03-14 17:42:00,100.513,100.52,100.415,100.52,23021.0
2025-03-14 17:44:00,100.54,100.55,100.4201,100.4201,29127.0
2025-03-14 17:46:00,100.425,100.535,100.4,100.49,29958.0
2025-03-14 17:48:00,100.48,100.52,100.35,100.43,65980.0
2025-03-14 17:50:00,100.43,100.54,100.365,100.515,35383.0
2025-03-14 17:52:00,100.53,100.53,100.4104,100.505,21281.0
2025-03-14 17:54:00,100.52,100.64,100.475,100.495,41137.0
2025-03-14 17:56:00,100.495,100.535,100.37,100.46,25818.0
2025-03-14 17:58:00,100.46,100.4796,100.27,100.3,68759.0
2025-03-14 18:00:00,100.32,100.51,100.305,100.4902,41710.0
2025-03-14 18:02:00,100.51,100.52,100.41,100.45,53316.0
2025-03-14 18:04:00,100.455,100.58,100.4,100.415,47782.0
2025-03-14 18:06:00,100.44,100.475,100.165,100.1959,43286.0
2025-03-14 18:08:00,100.21,100.3,100.1,100.18,40141.0
2025-03-14 18:10:00,100.1401,100.28,100.13,100.275,38799.0
2025-03-14 18:12:00,100.26,100.28,100.033,100.04,36042.0
2025-03-14 18:14:00,100.0406,100.19,100.04,100.1386,40188.0
2025-03-14 18:16:00,100.15,100.18,100.03,100.145,47229.0
2025-03-14 18:18:00,100.145,100.145,100.0,100.02,52433.0
2025-03-14 18:20:00,100.015,100.19,99.97,100.12,46575.0
2025-03-14 18:22:00,100.12,100.24,100.09,100.21,42220.0
2025-03-14 18:24:00,100.1819,100.26,100.14,100.2,41785.0
2025-03-14 18:26:00,100.2,100.35,100.2,100.27,38757.0
2025-03-14 18:28:00,100.28,100.2907,100.06,100.095,50746.0
2025-03-14 18:30:00,100.1,100.31,100.065,100.27,34010.0
2025-03-14 18:32:00,100.2797,100.4188,100.265,100.4188,40867.0
2025-03-14 18:34:00,100.41,100.435,100.14,100.18,60939.0
2025-03-14 18:36:00,100.16,100.25,100.12,100.21,41297.0
2025-03-14 18:38:00,100.22,100.43,100.21,100.415,35752.0
2025-03-14 18:40:00,100.43,100.44,100.2,100.3095,42235.0
2025-03-14 18:42:00,100.31,100.36,100.24,100.35,34785.0
2025-03-14 18:44:00,100.33,100.42,100.27,100.335,26060.0
2025-03-14 18:46:00,100.325,100.4,100.315,100.39,32457.0
2025-03-14 18:48:00,100.4,100.46,100.39,100.43,82779.0
2025-03-14 18:50:00,100.43,100.51,100.39,100.43,54387.0
2025-03-14 18:52:00,100.425,100.52,100.395,100.48,58357.0
2025-03-14 18:54:00,100.49,100.51,100.36,100.405,51799.0
2025-03-14 18:56:00,100.42,100.46,100.315,100.34,45368.0
2025-03-14 18:58:00,100.34,100.54,100.34,100.48,57303.0
2025-03-14 19:00:00,100.44,100.51,100.38,100.38,33187.0
2025-03-14 19:02:00,100.37,100.48,100.37,100.45,43352.0
2025-03-14 19:04:00,100.45,100.51,100.42,100.48,45228.0
2025-03-14 19:06:00,100.48,100.63,100.47,100.57,71194.0
2025-03-14 19:08:00,100.57,100.605,100.52,100.555,30106.0
2025-03-14 19:10:00,100.56,100.6191,100.5,100.58,60186.0
2025-03-14 19:12:00,100.58,100.705,100.56,100.685,49875.0
2025-03-14 19:14:00,100.7,100.7056,100.49,100.515,46103.0
2025-03-14 19:16:00,100.52,100.68,100.46,100.525,65354.0
2025-03-14 19:18:00,100.53,100.66,100.46,100.66,50936.0
2025-03-14 19:20:00,100.675,100.675,100.57,100.62,50192.0
2025-03-14 19:22:00,100.61,100.61,100.43,100.535,42655.0
2025-03-14 19:24:00,100.535,100.6126,100.51,100.5501,45796.0
2025-03-14 19:26:00,100.55,100.69,100.55,100.625,56218.0
2025-03-14 19:28:00,100.62,100.62,100.43,100.46,49120.0
2025-03-14 19:30:00,100.47,100.61,100.47,100.58,60522.0
2025-03-14 19:32:00,100.57,100.68,100.54,100.62,54698.0
2025-03-14 19:34:00,100.61,100.67,100.56,100.6,60336.0
2025-03-14 19:36:00,100.59,100.69,100.5,100.66,75066.0
2025-03-14 19:38:00,100.66,100.66,100.47,100.495,64216.0
2025-03-14 19:40:00,100.495,100.5797,100.42,100.51,77859.0
2025-03-14 19:42:00,100.515,100.74,100.48,100.685,96666.0
2025-03-14 19:44:00,100.69,100.73,100.6,100.6133,83217.0
2025-03-14 19:46:00,100.615,100.895,100.58,100.8771,125064.0
2025-03-14 19:48:00,100.86,100.87,100.73,100.84,93674.0
2025-03-14 19:50:00,100.83,100.89,100.5732,100.8601,161409.0
2025-03-14 19:52:00,100.86,100.865,100.7,100.74,143742.0
2025-03-14 19:54:00,100.75,101.19,100.75,101.01,330931.0
2025-03-14 19:56:00,101.01,101.06,100.8,100.835,309984.0
2025-03-14 19:58:00,100.84,100.89,100.72,100.78,665431.0
2025-03-14 20:00:00,100.79,100.79,100.55,100.55,58235.0
2025-03-14 20:02:00,100.5,100.6994,100.49,100.49,4993.0
2025-03-14 20:04:00,100.48,100.5184,100.4,100.5,2792.0
2025-03-14 20:08:00,100.5107,100.5122,100.51,100.51,1717.0
2025-03-14 20:10:00,100.52,100.6,100.46,100.46,1739.0
2025-03-14 20:12:00,100.54,100.54,100.46,100.46,2217.0
2025-03-14 20:16:00,100.5,100.54,100.5,100.54,907.0
2025-03-14 20:18:00,100.59,100.59,100.59,100.59,680.0
2025-03-14 20:20:00,100.5918,100.5918,100.51,100.51,1868.0
2025-03-14 20:24:00,100.5294,100.5294,100.5294,100.5294,512.0
2025-03-14 20:26:00,100.53,100.59,100.53,100.59,652.0
2025-03-14 20:28:00,100.54,100.54,100.16,100.33,5157.0
2025-03-14 20:30:00,100.3693,100.3732,100.3693,100.3732,2183.0
2025-03-14 20:32:00,100.49,100.5,100.4112,100.4112,1036.0
2025-03-14 20:34:00,100.48,100.49,100.48,100.49,247.0
2025-03-14 20:36:00,100.5,100.6,100.49,100.6,1321.0
2025-03-14 20:38:00,100.4927,100.4927,100.4927,100.4927,106.0
2025-03-14 20:48:00,100.54,100.54,100.49,100.49,3979.0
2025-03-14 20:52:00,100.49,100.49,100.45,100.47,1200.0
2025-03-14 20:54:00,100.48,100.54,100.48,100.54,641.0
2025-03-14 20:56:00,100.54,100.54,100.54,100.54,1302.0
2025-03-14 20:58:00,100.54,100.54,100.53,100.53,2409.0
2025-03-14 21:00:00,100.4501,100.4501,100.4501,100.4501,200.0
2025-03-14 21:02:00,100.59,100.59,100.49,100.58,1202.0
2025-03-14 21:10:00,100.49,100.49,100.49,100.49,166.0
2025-03-14 21:12:00,100.53,100.79,100.53,100.79,594.0
2025-03-14 21:20:00,100.6,100.6,100.6,100.6,264.0
2025-03-14 21:22:00,100.61,100.61,100.61,100.61,1001.0
2025-03-14 21:24:00,100.66,100.66,100.66,100.66,117.0
2025-03-14 21:34:00,100.6,100.6,100.55,100.55,491.0
2025-03-14 21:38:00,100.51,100.6,100.41,100.6,424.0
2025-03-14 21:40:00,100.58,100.58,100.58,100.58,282.0
2025-03-14 21:50:00,100.6,100.6,100.6,100.6,348.0
2025-03-14 21:56:00,100.5998,100.5998,100.5998,100.5998,105.0
2025-03-14 21:58:00,100.6,100.7438,100.6,100.61,529.0
2025-03-14 22:00:00,100.63,100.75,100.63,100.75,3478.0
2025-03-14 22:04:00,100.5,100.5,100.5,100.5,135.0
2025-03-14 22:06:00,100.51,100.51,100.51,100.51,178.0
2025-03-14 22:08:00,100.51,100.51,100.51,100.51,130.0
2025-03-14 22:20:00,100.67,100.73,100.67,100.73,435.0
2025-03-14 22:28:00,100.62,100.62,100.62,100.62,202.0
2025-03-14 22:34:00,100.5245,100.5245,100.5245,100.5245,251.0
2025-03-14 22:36:00,100.71,100.71,100.71,100.71,328.0
2025-03-14 22:44:00,100.6,100.6,100.6,100.6,190.0
2025-03-14 22:46:00,100.61,100.61,100.59,100.59,420.0
2025-03-14 22:48:00,100.5996,100.5996,100.5996,100.5996,753.0
2025-03-14 22:50:00,100.57,100.57,100.57,100.57,411.0
2025-03-14 22:54:00,100.57,100.57,100.55,100.55,415.0
2025-03-14 22:58:00,100.55,100.55,100.55,100.55,480.0
2025-03-14 23:14:00,100.55,100.55,100.55,100.55,108.0
2025-03-14 23:26:00,100.59,100.59,100.55,100.55,607.0
2025-03-14 23:38:00,100.69,100.69,100.69,100.69,100.0
2025-03-14 23:40:00,100.68,100.69,100.68,100.69,359.0
2025-03-14 23:42:00,100.6983,100.6983,100.65,100.65,1634.0
2025-03-14 23:44:00,100.74,100.74,100.74,100.74,289.0
2025-03-14 23:46:00,100.6601,100.6601,100.6601,100.6601,1000.0
2025-03-14 23:54:00,100.69,100.72,100.69,100.72,1006.0
2025-03-14 23:56:00,100.7199,100.72,100.7199,100.72,803.0
2025-03-14 23:58:00,100.73,100.73,100.72,100.72,2027.0
2025-03-17 08:00:00,99.0,99.87,98.89,99.79,5899.0
2025-03-17 08:02:00,99.88,100.15,99.88,100.15,11700.0
2025-03-17 08:04:00,100.05,100.14,99.98,100.14,3316.0
2025-03-17 08:06:00,100.14,100.16,99.91,100.16,8521.0
2025-03-17 08:10:00,100.0,100.0,100.0,100.0,342.0
2025-03-17 08:12:00,100.15,100.15,100.11,100.11,731.0
2025-03-17 08:24:00,100.25,100.26,100.2,100.26,1112.0
2025-03-17 08:26:00,100.38,100.4,100.38,100.4,1059.0
2025-03-17 08:28:00,100.41,100.45,100.41,100.45,1129.0
2025-03-17 08:30:00,100.49,100.51,100.39,100.39,2907.0
2025-03-17 08:32:00,100.4,100.41,100.39,100.39,2324.0
2025-03-17 08:42:00,100.52,100.56,100.44,100.44,648.0
2025-03-17 08:44:00,100.55,100.55,100.55,100.55,274.0
2025-03-17 08:46:00,100.64,100.64,100.64,100.64,255.0
2025-03-17 08:48:00,100.64,100.64,100.64,100.64,500.0
2025-03-17 08:52:00,100.62,100.62,100.59,100.59,1106.0
2025-03-17 09:06:00,100.45,100.45,100.4,100.4,1244.0
2025-03-17 09:08:00,100.31,100.31,100.31,100.31,364.0
2025-03-17 09:10:00,100.3,100.3,100.23,100.23,1871.0
2025-03-17 09:14:00,100.28,100.32,100.2,100.2,3683.0
2025-03-17 09:16:00,100.2,100.2,100.2,100.2,201.0
2025-03-17 09:18:00,100.2,100.2,100.2,100.2,217.0
2025-03-17 09:20:00,100.2,100.2,100.2,100.2,267.0
2025-03-17 09:24:00,100.21,100.24,100.21,100.24,390.0
2025-03-17 09:26:00,100.2,100.2,100.2,100.2,484.0
2025-03-17 09:28:00,100.22,100.22,100.22,100.22,205.0
2025-03-17 09:30:00,100.3,100.38,100.23,100.23,1432.0
2025-03-17 09:32:00,100.21,100.21,100.21,100.21,108.0
2025-03-17 09:34:00,100.21,100.21,100.21,100.21,210.0
2025-03-17 09:36:00,100.28,100.28,100.28,100.28,468.0
2025-03-17 09:40:00,100.21,100.25,100.21,100.25,1300.0
2025-03-17 09:44:00,100.01,100.04,100.01,100.01,807.0
2025-03-17 09:48:00,100.29,100.29,100.08,100.08,908.0
2025-03-17 09:50:00,100.05,100.05,100.05,100.05,464.0
2025-03-17 09:52:00,100.02,100.04,100.0,100.04,373.0
2025-03-17 09:54:00,100.05,100.05,100.01,100.01,669.0
2025-03-17 09:56:00,99.91,100.05,99.91,100.05,1857.0
2025-03-17 09:58:00,100.05,100.06,100.04,100.05,5555.0
2025-03-17 10:00:00,100.2,100.21,100.2,100.21,531.0
2025-03-17 10:10:00,100.21,100.21,100.04,100.05,4399.0
2025-03-17 10:12:00,100.04,100.08,100.04,100.08,7994.0
2025-03-17 10:14:00,100.06,100.06,100.05,100.05,1123.0
2025-03-17 10:18:00,100.05,100.05,100.04,100.05,3958.0
2025-03-17 10:20:00,100.05,100.05,100.05,100.05,2841.0
2025-03-17 10:22:00,100.05,100.05,100.0,100.01,2057.0
2025-03-17 10:26:00,100.04,100.04,99.97,99.97,712.0
2025-03-17 10:28:00,99.96,100.02,99.96,99.96,653.0
2025-03-17 10:30:00,100.01,100.03,99.95,99.95,1155.0
2025-03-17 10:32:00,99.9,99.9,99.87,99.87,4921.0
2025-03-17 10:34:00,99.8,99.87,99.8,99.87,2172.0
2025-03-17 10:36:00,99.8,99.8,99.8,99.8,308.0
2025-03-17 10:38:00,99.85,100.04,99.85,100.0,4778.0
2025-03-17 10:40:00,100.04,100.05,100.0,100.0,8155.0
2025-03-17 10:42:00,100.0,100.02,100.0,100.0,1974.0
2025-03-17 10:44:00,99.91,100.01,99.9,100.01,2235.0
2025-03-17 10:46:00,100.01,100.05,100.0,100.05,4492.0
2025-03-17 10:48:00,100.12,100.12,100.0,100.1,10672.0
2025-03-17 10:50:00,100.06,100.12,100.0,100.12,3430.0
2025-03-17 10:52:00,100.13,100.14,100.0,100.0,1919.0
2025-03-17 10:54:00,100.0,100.09,100.0,100.0,2621.0
2025-03-17 10:56:00,100.0,100.0,100.0,100.0,859.0
2025-03-17 11:00:00,100.0,100.05,100.0,100.05,5878.0
2025-03-17 11:02:00,100.04,100.05,100.04,100.05,3249.0
2025-03-17 11:04:00,100.05,100.2,100.05,100.2,1719.0
2025-03-17 11:06:00,100.26,100.28,100.26,100.28,702.0
2025-03-17 11:08:00,100.26,100.26,100.25,100.25,851.0
2025-03-17 11:12:00,100.25,100.25,100.25,100.25,1241.0
2025-03-17 11:14:00,100.25,100.29,100.25,100.29,509.0
2025-03-17 11:16:00,100.25,100.5,100.25,100.5,6300.0
2025-03-17 11:18:00,100.7,100.7,100.7,100.7,625.0
2025-03-17 11:20:00,100.67,100.7,100.6,100.6,3656.0
2025-03-17 11:22:00,100.55,100.55,100.5,100.5,3092.0
2025-03-17 11:24:00,100.5,100.5,100.43,100.43,1001.0
2025-03-17 11:28:00,100.45,100.45,100.44,100.44,1089.0
2025-03-17 11:30:00,100.41,100.41,100.31,100.31,593.0
2025-03-17 11:34:00,100.4,100.4,100.4,100.4,601.0
2025-03-17 11:36:00,100.34,100.34,100.34,100.34,549.0
2025-03-17 11:38:00,100.41,100.41,100.34,100.34,4224.0
2025-03-17 11:40:00,100.34,100.35,100.27,100.35,2058.0
2025-03-17 11:42:00,100.45,100.45,100.45,100.45,269.0
2025-03-17 11:44:00,100.49,100.54,100.42,100.42,2552.0
2025-03-17 11:46:00,100.56,100.61,100.56,100.6,2857.0
2025-03-17 11:48:00,100.51,100.51,100.46,100.5,10702.0
2025-03-17 11:50:00,100.5,100.5,100.5,100.5,1007.0
2025-03-17 11:52:00,100.6,100.6,100.53,100.59,730.0
2025-03-17 11:56:00,100.52,100.52,100.51,100.51,3059.0
2025-03-17 11:58:00,100.51,100.57,100.5,100.51,10299.0
2025-03-17 12:00:00,100.0,100.6999,99.75,100.539,34738.0
2025-03-17 12:02:00,100.48,100.48,100.3,100.3,1148.0
2025-03-17 12:04:00,100.32,100.55,100.3,100.3,1647.0
2025-03-17 12:06:00,100.17,100.27,100.0,100.0,10344.0
2025-03-17 12:08:00,100.15,100.29,100.15,100.29,1055.0
2025-03-17 12:10:00,100.33,100.33,100.33,100.33,436.0
2025-03-17 12:12:00,100.29,100.3,100.16,100.16,1641.0
2025-03-17 12:14:00,100.2,100.2,100.1,100.1,5364.0
2025-03-17 12:16:00,100.22,100.22,100.22,100.22,271.0
2025-03-17 12:18:00,100.2,100.2,100.2,100.2,122.0
2025-03-17 12:22:00,100.28,100.28,100.28,100.28,162.0
2025-03-17 12:24:00,100.27,100.3,100.27,100.3,1385.0
2025-03-17 12:26:00,100.305,100.305,100.305,100.305,752.0
2025-03-17 12:28:00,100.32,100.48,100.3,100.48,2182.0
2025-03-17 12:30:00,100.64,100.64,100.55,100.55,2877.0
2025-03-17 12:32:00,100.54,100.93,100.54,100.92,7815.0
2025-03-17 12:34:00,100.94,101.24,100.94,101.23,8841.0
2025-03-17 12:36:00,101.44,101.4982,101.2,101.3,11432.0
2025-03-17 12:38:00,101.3,101.3,101.2501,101.29,1939.0
2025-03-17 12:40:00,101.38,101.56,101.38,101.56,10989.0
2025-03-17 12:42:00,101.6001,101.64,101.6,101.61,1175.0
2025-03-17 12:44:00,101.51,101.6974,101.4,101.6974,2976.0
2025-03-17 12:46:00,101.57,101.57,101.4042,101.46,792.0
2025-03-17 12:48:00,101.43,101.43,101.34,101.34,2669.0
2025-03-17 12:50:00,101.52,101.52,101.4,101.45,1045.0
2025-03-17 12:52:00,101.42,101.64,101.42,101.64,8018.0
2025-03-17 12:54:00,101.67,101.8,101.6,101.8,6913.0
2025-03-17 12:56:00,101.77,102.0,101.77,101.9699,9020.0
2025-03-17 12:58:00,101.91,102.09,101.9,102.01,11183.0
2025-03-17 13:00:00,102.1492,102.44,101.97,102.24,23676.0
2025-03-17 13:02:00,102.3995,102.3995,101.88,101.88,7027.0
2025-03-17 13:04:00,101.79,101.82,101.2,101.39,15115.0
2025-03-17 13:06:00,101.8,101.88,101.69,101.86,2993.0
2025-03-17 13:08:00,101.85,101.88,101.74,101.88,3672.0
2025-03-17 13:10:00,101.9,101.94,101.7,101.7,1342.0
2025-03-17 13:12:00,101.7797,101.7797,101.31,101.68,4310.0
2025-03-17 13:14:00,101.6399,101.6399,101.46,101.5,1511.0
2025-03-17 13:16:00,101.4983,101.4983,101.39,101.41,1547.0
2025-03-17 13:18:00,101.36,101.75,101.33,101.6,1579.0
2025-03-17 13:20:00,101.6,101.63,101.6,101.63,755.0
2025-03-17 13:22:00,101.6,101.6,101.5,101.6,1584.0
2025-03-17 13:24:00,101.51,101.5899,101.3,101.5,10142.0
2025-03-17 13:26:00,101.3,101.44,101.29,101.3,7200.0
2025-03-17 13:28:00,101.2,101.2,100.99,100.99,23628.0
2025-03-17 13:30:00,101.06,102.78,100.98,102.755,654074.0
2025-03-17 13:32:00,102.72,102.75,102.0,102.15,265931.0
2025-03-17 13:34:00,102.165,103.01,102.13,102.715,384791.0
2025-03-17 13:36:00,102.7141,103.0,102.38,102.505,192439.0
2025-03-17 13:38:00,102.505,102.54,101.91,102.0542,151655.0
2025-03-17 13:40:00,102.08,102.79,102.0435,102.58,183328.0
2025-03-17 13:42:00,102.55,102.73,102.23,102.25,68443.0
2025-03-17 13:44:00,102.245,102.53,102.08,102.25,102025.0
2025-03-17 13:46:00,102.29,102.835,102.29,102.65,102548.0
2025-03-17 13:48:00,102.61,102.7,102.21,102.29,95742.0
2025-03-17 13:50:00,102.32,102.8576,102.04,102.8196,105087.0
2025-03-17 13:52:00,102.815,102.84,102.48,102.52,142831.0
2025-03-17 13:54:00,102.57,102.6799,102.23,102.335,93796.0
2025-03-17 13:56:00,102.345,102.38,102.15,102.26,49111.0
2025-03-17 13:58:00,102.27,102.32,101.88,101.94,80213.0
2025-03-17 14:00:00,101.93,102.1,101.77,101.844,122526.0
2025-03-17 14:02:00,101.81,102.28,101.76,101.815,87654.0
2025-03-17 14:04:00,101.84,102.18,101.8,102.035,92653.0
2025-03-17 14:06:00,102.0,102.14,101.885,102.115,67737.0
2025-03-17 14:08:00,102.19,102.35,101.83,102.14,77811.0
2025-03-17 14:10:00,102.13,102.23,101.9496,102.1,71681.0
2025-03-17 14:12:00,102.1,102.35,102.0,102.3489,94906.0
2025-03-17 14:14:00,102.29,102.36,102.19,102.25,67303.0
2025-03-17 14:16:00,102.25,102.2817,102.05,102.075,87489.0
2025-03-17 14:18:00,102.09,102.35,102.0,102.28,88549.0
2025-03-17 14:20:00,102.27,102.45,102.25,102.35,54712.0
2025-03-17 14:22:00,102.34,102.39,102.17,102.27,80429.0
2025-03-17 14:24:00,102.28,102.36,102.13,102.17,81729.0
2025-03-17 14:26:00,102.17,102.27,102.01,102.04,76818.0
2025-03-17 14:28:00,102.0232,102.05,101.72,101.74,94736.0
2025-03-17 14:30:00,101.745,101.78,101.535,101.625,92695.0
2025-03-17 14:32:00,101.625,101.69,101.4572,101.605,84380.0
2025-03-17 14:34:00,101.6184,101.62,101.2605,101.38,98487.0
2025-03-17 14:36:00,101.39,101.39,100.96,101.155,164209.0
2025-03-17 14:38:00,101.15,101.73,101.09,101.62,95381.0
2025-03-17 14:40:00,101.605,101.75,101.58,101.69,68167.0
2025-03-17 14:42:00,101.7,102.0,101.61,101.98,83991.0
2025-03-17 14:44:00,101.93,102.19,101.925,102.1,74042.0
2025-03-17 14:46:00,102.12,102.45,101.98,102.31,76340.0
2025-03-17 14:48:00,102.31,102.565,102.23,102.48,87475.0
2025-03-17 14:50:00,102.5104,102.5104,101.95,102.13,68974.0
2025-03-17 14:52:00,102.14,102.221851,102.07,102.19,50317.0
2025-03-17 14:54:00,102.21,102.21,101.85,101.9807,51833.0
2025-03-17 14:56:00,101.96,102.14,101.88,102.05,37825.0
2025-03-17 14:58:00,102.03,102.1,101.73,101.825,58911.0
2025-03-17 15:00:00,101.845,102.08,101.74,101.75,96383.0
2025-03-17 15:02:00,101.75,101.75,101.5004,101.59,79844.0
2025-03-17 15:04:00,101.6,101.8036,101.56,101.77,32885.0
2025-03-17 15:06:00,101.79,101.84,101.58,101.84,39356.0
2025-03-17 15:08:00,101.83,101.97,101.65,101.93,56423.0
2025-03-17 15:10:00,101.96,102.13,101.94,102.1041,45695.0
2025-03-17 15:12:00,102.105,102.23,102.07,102.11,51403.0
2025-03-17 15:14:00,102.11,102.28,102.087,102.245,32572.0
2025-03-17 15:16:00,102.23,102.41,102.12,102.38,39059.0
2025-03-17 15:18:00,102.38,102.54,102.29,102.54,47471.0
2025-03-17 15:20:00,102.53,102.56,102.4007,102.51,44012.0
2025-03-17 15:22:00,102.515,102.6102,102.39,102.525,50937.0
2025-03-17 15:24:00,102.51,102.51,102.32,102.37,76333.0
2025-03-17 15:26:00,102.38,102.46,102.2,102.29,47715.0
2025-03-17 15:28:00,102.3,102.59,102.3,102.405,42681.0
2025-03-17 15:30:00,102.39,102.53,102.29,102.48,56572.0
2025-03-17 15:32:00,102.47,102.505,102.32,102.39,36794.0
2025-03-17 15:34:00,102.35,102.51,102.22,102.51,64887.0
2025-03-17 15:36:00,102.52,102.55,102.38,102.46,32027.0
2025-03-17 15:38:00,102.5,102.56,102.17,102.2542,63329.0
2025-03-17 15:40:00,102.27,102.36,102.1,102.27,50152.0
2025-03-17 15:42:00,102.3,102.31,102.12,102.2515,34705.0
2025-03-17 15:44:00,102.25,102.385,102.23,102.385,31381.0
2025-03-17 15:46:00,102.37,102.42,102.29,102.36,43207.0
2025-03-17 15:48:00,102.37,102.47,102.34,102.42,75111.0
2025-03-17 15:50:00,102.4,102.69,102.3201,102.66,116733.0
2025-03-17 15:52:00,102.67,102.76,102.63,102.73,70409.0
2025-03-17 15:54:00,102.74,102.81,102.67,102.7899,67398.0
2025-03-17 15:56:00,102.785,102.83,102.693,102.8,39512.0
2025-03-17 15:58:00,102.79,102.81,102.67,102.71,44643.0
2025-03-17 16:00:00,102.69,102.74,102.59,102.6103,45638.0
2025-03-17 16:02:00,102.61,102.81,102.545,102.695,41925.0
2025-03-17 16:04:00,102.715,102.8999,102.7,102.8986,42383.0
2025-03-17 16:06:00,102.9,102.97,102.82,102.88,124287.0
2025-03-17 16:08:00,102.91,102.98,102.86,102.96,46292.0
2025-03-17 16:10:00,102.97,103.02,102.83,102.86,175693.0
2025-03-17 16:12:00,102.89,103.06,102.87,102.975,89393.0
2025-03-17 16:14:00,102.98,103.02,102.7703,102.81,57967.0
2025-03-17 16:16:00,102.82,102.82,102.605,102.7,73473.0
2025-03-17 16:18:00,102.72,102.7421,102.62,102.69,35904.0
2025-03-17 16:20:00,102.67,102.7,102.5033,102.555,49692.0
2025-03-17 16:22:00,102.54,102.54,102.39,102.48,24938.0
2025-03-17 16:24:00,102.4625,102.53,102.3303,102.5,37707.0
2025-03-17 16:26:00,102.51,102.515,102.32,102.36,37302.0
2025-03-17 16:28:00,102.35,102.35,102.18,102.2402,46989.0
2025-03-17 16:30:00,102.24,102.31,102.11,102.21,48375.0
2025-03-17 16:32:00,102.22,102.26,102.0525,102.08,43542.0
2025-03-17 16:34:00,102.1,102.44,102.1,102.4195,27714.0
2025-03-17 16:36:00,102.43,102.47,102.32,102.4085,22915.0
2025-03-17 16:38:00,102.41,102.5,102.35,102.39,38777.0
2025-03-17 16:40:00,102.385,102.41,102.175,102.225,28743.0
2025-03-17 16:42:00,102.21,102.31,102.09,102.2645,136562.0
2025-03-17 16:44:00,102.27,102.41,102.12,102.12,47946.0
2025-03-17 16:46:00,102.11,102.28,102.07,102.16,46665.0
2025-03-17 16:48:00,102.15,102.41,102.135,102.36,31007.0
2025-03-17 16:50:00,102.425,102.451,102.25,102.451,21732.0
2025-03-17 16:52:00,102.46,102.58,102.45,102.53,42022.0
2025-03-17 16:54:00,102.54,102.6,102.5053,102.57,33522.0
2025-03-17 16:56:00,102.54,102.56,102.4625,102.525,26670.0
2025-03-17 16:58:00,102.53,102.56,102.38,102.55,29741.0
2025-03-17 17:00:00,102.55,102.59,102.41,102.48,40177.0
2025-03-17 17:02:00,102.48,102.58,102.44,102.4737,22942.0
2025-03-17 17:04:00,102.463,102.57,102.425,102.53,16146.0
2025-03-17 17:06:00,102.54,102.775,102.54,102.77,46667.0
2025-03-17 17:08:00,102.75,102.7996,102.645,102.78,26017.0
2025-03-17 17:10:00,102.8,102.94,102.79,102.91,47001.0
2025-03-17 17:12:00,102.89,103.0,102.85,102.97,52945.0
2025-03-17 17:14:00,102.965,103.01,102.92,102.94,26398.0
2025-03-17 17:16:00,102.95,103.0,102.86,102.91,27113.0
2025-03-17 17:18:00,102.93,102.96,102.89,102.91,42884.0
2025-03-17 17:20:00,102.92,102.97,102.8,102.9268,33508.0
2025-03-17 17:22:00,102.95,103.14,102.95,103.14,75845.0
2025-03-17 17:24:00,103.12,103.26,103.12,103.24,54631.0
2025-03-17 17:26:00,103.25,103.39,103.14,103.3094,66786.0
2025-03-17 17:28:00,103.32,103.3398,103.1684,103.29,43200.0
2025-03-17 17:30:00,103.32,103.32,103.2,103.26,30037.0
2025-03-17 17:32:00,103.27,103.4199,103.23,103.38,91403.0
2025-03-17 17:34:00,103.38,103.48,103.38,103.47,55648.0
2025-03-17 17:36:00,103.47,103.65,103.47,103.65,99813.0
2025-03-17 17:38:00,103.65,103.66,103.54,103.5609,33352.0
2025-03-17 17:40:00,103.585,103.61,103.42,103.42,61609.0
2025-03-17 17:42:00,103.43,103.49,103.39,103.46,52764.0
2025-03-17 17:44:00,103.48,103.48,103.23,103.23,38956.0
2025-03-17 17:46:00,103.21,103.25,103.14,103.205,33977.0
2025-03-17 17:48:00,103.1992,103.32,103.1992,103.32,20161.0
2025-03-17 17:50:00,103.33,103.4,103.25,103.25,47361.0
2025-03-17 17:52:00,103.24,103.29,103.18,103.28,23372.0
2025-03-17 17:54:00,103.29,103.38,103.2668,103.33,24945.0
2025-03-17 17:56:00,103.32,103.43,103.307,103.3994,31596.0
2025-03-17 17:58:00,103.4,103.4,103.26,103.36,45645.0
2025-03-17 18:00:00,103.35,103.56,103.33,103.4,97610.0
2025-03-17 18:02:00,103.41,103.4832,103.26,103.31,31046.0
2025-03-17 18:04:00,103.32,103.44,103.265,103.415,67411.0
2025-03-17 18:06:00,103.45,103.47,103.35,103.41,34174.0
2025-03-17 18:08:00,103.4134,103.44,103.36,103.42,27323.0
2025-03-17 18:10:00,103.42,103.52,103.34,103.485,32507.0
2025-03-17 18:12:00,103.4909,103.64,103.48,103.6326,37654.0
2025-03-17 18:14:00,103.65,103.715,103.6,103.63,49714.0
2025-03-17 18:16:00,103.63,103.75,103.61,103.71,48139.0
2025-03-17 18:18:00,103.72,103.76,103.7,103.74,34567.0
2025-03-17 18:20:00,103.73,103.78,103.6582,103.672,55301.0
2025-03-17 18:22:00,103.6906,103.73,103.59,103.6984,51561.0
2025-03-17 18:24:00,103.69,103.6961,103.6,103.64,41740.0
2025-03-17 18:26:00,103.645,103.8,103.64,103.75,46867.0
2025-03-17 18:28:00,103.73,103.7755,103.71,103.73,29876.0
2025-03-17 18:30:00,103.72,103.87,103.65,103.87,50535.0
2025-03-17 18:32:00,103.87,103.94,103.84,103.935,70054.0
2025-03-17 18:34:00,103.94,104.0,103.855,103.855,102817.0
2025-03-17 18:36:00,103.855,103.975,103.83,103.94,36455.0
2025-03-17 18:38:00,103.92,104.03,103.865,103.96,101698.0
2025-03-17 18:40:00,103.955,104.1199,103.88,104.1158,89265.0
2025-03-17 18:42:00,104.12,104.24,104.0,104.22,68568.0
2025-03-17 18:44:00,104.23,104.2829,104.11,104.22,83144.0
2025-03-17 18:46:00,104.232,104.28,104.14,104.2591,72866.0
2025-03-17 18:48:00,104.25,104.43,104.245,104.36,91153.0
2025-03-17 18:50:00,104.33,104.41,104.3,104.32,49966.0
2025-03-17 18:52:00,104.33,104.4,104.29,104.29,37939.0
2025-03-17 18:54:00,104.295,104.325,104.24,104.3099,35454.0
2025-03-17 18:56:00,104.29,104.31,104.18,104.22,32947.0
2025-03-17 18:58:00,104.21,104.28,104.1984,104.2597,32579.0
2025-03-17 19:00:00,104.25,104.3399,104.16,104.3399,58720.0
2025-03-17 19:02:00,104.31,104.31,104.125,104.14,69835.0
2025-03-17 19:04:00,104.13,104.29,104.1,104.29,40583.0
2025-03-17 19:06:00,104.27,104.45,104.255,104.37,80199.0
2025-03-17 19:08:00,104.38,104.38,104.24,104.33,51096.0
2025-03-17 19:10:00,104.33,104.33,104.2,104.23,38581.0
2025-03-17 19:12:00,104.2406,104.3693,104.2406,104.2906,43162.0
2025-03-17 19:14:00,104.29,104.3,104.13,104.1616,51481.0
2025-03-17 19:16:00,104.16,104.17,103.93,103.95,94264.0
2025-03-17 19:18:00,103.97,104.07,103.935,104.0211,45724.0
2025-03-17 19:20:00,104.03,104.065,103.94,104.06,65627.0
2025-03-17 19:22:00,104.05,104.135,103.99,104.0,128221.0
2025-03-17 19:24:00,104.01,104.02,103.84,103.87,52443.0
2025-03-17 19:26:00,103.865,103.8999,103.73,103.73,55471.0
2025-03-17 19:28:00,103.73,103.76,103.64,103.66,69118.0
2025-03-17 19:30:00,103.65,103.65,103.48,103.56,110136.0
2025-03-17 19:32:00,103.54,103.66,103.355,103.6091,178801.0
2025-03-17 19:34:00,103.59,103.62,103.4509,103.49,73487.0
2025-03-17 19:36:00,103.5,103.5426,103.3298,103.38,58874.0
2025-03-17 19:38:00,103.36,103.445,103.3,103.35,78944.0
2025-03-17 19:40:00,103.35,103.51,103.34,103.43,83297.0
2025-03-17 19:42:00,103.44,103.45,103.29,103.42,65781.0
2025-03-17 19:44:00,103.42,103.5,103.32,103.49,73790.0
2025-03-17 19:46:00,103.49,103.61,103.4,103.6,77887.0
2025-03-17 19:48:00,103.62,103.675,103.53,103.59,80373.0
2025-03-17 19:50:00,103.58,103.63,103.34,103.41,151651.0
2025-03-17 19:52:00,103.4,103.71,103.36,103.695,129018.0
2025-03-17 19:54:00,103.69,103.76,103.34,103.39,225291.0
2025-03-17 19:56:00,103.38,103.455,103.15,103.32,217523.0
2025-03-17 19:58:00,103.32,103.32,103.06,103.09,482396.0
2025-03-17 20:00:00,103.11,103.11,103.05,103.05,424176.0
2025-03-17 20:02:00,103.1,103.1,103.01,103.01,2275.0
2025-03-17 20:04:00,103.11,103.11,103.0025,103.11,7431.0
2025-03-17 20:06:00,103.11,103.3,103.11,103.15,3305.0
2025-03-17 20:10:00,103.2289,103.2289,103.15,103.15,933.0
2025-03-17 20:12:00,103.0917,103.0917,103.0917,103.0917,429.0
2025-03-17 20:16:00,103.15,103.15,103.15,103.15,1554.0
2025-03-17 20:20:00,103.13,103.15,103.12,103.15,735.0
2025-03-17 20:22:00,103.15,103.18,103.15,103.18,945.0
2025-03-17 20:24:00,103.21,103.23,102.95,103.08,5072.0
2025-03-17 20:30:00,103.2,103.2,103.2,103.2,101.0
2025-03-17 20:32:00,103.19,103.23,103.1,103.1,2039.0
2025-03-17 20:34:00,103.2082,103.2082,103.0813,103.11,1729.0
2025-03-17 20:36:00,103.15,103.15,103.15,103.15,136.0
2025-03-17 20:38:00,103.15,103.2,103.15,103.2,1054.0
2025-03-17 20:40:00,103.1996,103.1996,103.1996,103.1996,1012.0
2025-03-17 20:42:00,103.15,103.15,103.15,103.15,1103.0
2025-03-17 20:44:00,103.1896,103.1896,103.11,103.11,973.0
2025-03-17 20:46:00,103.11,103.11,103.11,103.11,110.0
2025-03-17 20:48:00,103.09,103.14,103.09,103.14,2154.0
2025-03-17 20:50:00,103.08,103.14,103.08,103.14,704.0
2025-03-17 20:52:00,103.1,103.1,103.1,103.1,113.0
2025-03-17 20:56:00,103.11,103.11,103.1,103.1,249.0
2025-03-17 20:58:00,103.1385,103.1385,103.1385,103.1385,223.0
2025-03-17 21:00:00,103.1,103.1,103.1,103.1,276.0
2025-03-17 21:08:00,103.0706,103.0706,103.0706,103.0706,510.0
2025-03-17 21:10:00,103.1398,103.18,103.11,103.17,3709.0
2025-03-17 21:14:00,103.11,103.1317,103.11,103.1317,331.0
2025-03-17 21:20:00,103.1908,103.1908,103.1908,103.1908,406.0
2025-03-17 21:22:00,103.199,103.199,103.199,103.199,1159.0
2025-03-17 21:26:00,103.14,103.15,103.14,103.15,907.0
2025-03-17 21:28:00,103.15,103.15,103.1497,103.1497,877.0
2025-03-17 21:30:00,103.13,103.15,103.13,103.15,464.0
2025-03-17 21:32:00,103.1497,103.1497,103.1497,103.1497,204.0
2025-03-17 21:36:00,103.17,103.17,103.16,103.16,320.0
2025-03-17 21:38:00,103.13,103.13,103.13,103.13,709.0
2025-03-17 21:44:00,103.15,103.15,103.15,103.15,600.0
2025-03-17 21:50:00,103.15,103.15,103.15,103.15,613.0
2025-03-17 21:54:00,103.09,103.12,103.07,103.07,755.0
2025-03-17 21:58:00,103.194,103.194,103.194,103.194,109.0
2025-03-17 22:04:00,103.19,103.21,103.19,103.21,1124.0
2025-03-17 22:08:00,103.41,103.41,103.41,103.41,119.0
2025-03-17 22:10:00,103.29,103.29,103.29,103.29,638.0
2025-03-17 22:12:00,103.29,103.41,103.29,103.4,6932.0
2025-03-17 22:18:00,103.32,103.32,103.32,103.32,555.0
2025-03-17 22:26:00,103.32,103.32,103.32,103.32,1006.0
2025-03-17 22:28:00,103.1404,103.3998,103.1404,103.3998,661.0
2025-03-17 22:54:00,103.4,103.4,103.4,103.4,130.0
2025-03-17 22:56:00,103.22,103.22,103.22,103.22,191.0
2025-03-17 23:02:00,103.22,103.22,103.22,103.22,107.0
2025-03-17 23:04:00,103.24,103.24,103.24,103.24,125.0
2025-03-17 23:10:00,103.35,103.35,103.35,103.35,303.0
2025-03-17 23:14:00,103.23,103.23,103.23,103.23,181.0
2025-03-17 23:18:00,103.3,103.3,103.3,103.3,152.0
2025-03-17 23:30:00,103.22,103.22,103.22,103.22,301.0
2025-03-17 23:36:00,103.2,103.2,103.2,103.2,286.0
2025-03-17 23:40:00,103.27,103.27,103.27,103.27,203.0
2025-03-17 23:44:00,103.4112,103.4112,103.4112,103.4112,314.0
2025-03-17 23:46:00,103.3,103.3,103.1172,103.1172,1100.0
2025-03-17 23:48:00,103.3,103.3,103.3,103.3,550.0
2025-03-17 23:50:00,103.25,103.25,103.25,103.25,179.0
2025-03-17 23:52:00,103.1127,103.26,103.1127,103.26,1236.0
2025-03-17 23:54:00,103.13,103.13,103.11,103.11,2528.0
2025-03-17 23:56:00,103.11,103.11,103.11,103.11,705.0
2025-03-17 23:58:00,103.1899,103.19,103.13,103.13,2152.0
2025-03-18 08:00:00,103.11,103.12,102.95,102.95,1589.0
2025-03-18 08:02:00,102.98,102.98,102.98,102.98,124.0
2025-03-18 08:04:00,102.98,103.0,102.88,102.88,1704.0
2025-03-18 08:06:00,102.99,103.0,102.99,103.0,801.0
2025-03-18 08:10:00,103.12,103.18,103.09,103.1,940.0
2025-03-18 08:12:00,103.19,103.19,103.19,103.19,102.0
2025-03-18 08:14:00,103.12,103.2,103.11,103.2,1833.0
2025-03-18 08:16:00,103.29,103.29,103.29,103.29,133.0
2025-03-18 08:20:00,103.29,103.3,103.29,103.3,464.0
2025-03-18 08:34:00,103.29,103.44,103.29,103.44,1504.0
2025-03-18 08:36:00,103.42,103.43,103.42,103.43,977.0
2025-03-18 08:40:00,103.58,103.69,103.57,103.57,662.0
2025-03-18 08:44:00,103.44,103.44,103.44,103.44,651.0
2025-03-18 08:46:00,103.44,103.46,103.44,103.45,808.0
2025-03-18 08:58:00,103.47,103.47,103.47,103.47,5319.0
2025-03-18 09:24:00,103.6,103.6,103.6,103.6,667.0
2025-03-18 09:36:00,103.6,103.6,103.6,103.6,353.0
2025-03-18 09:38:00,103.48,103.48,103.48,103.48,530.0
2025-03-18 09:40:00,103.57,103.57,103.44,103.48,2212.0
2025-03-18 09:50:00,103.36,103.36,103.23,103.23,650.0
2025-03-18 09:54:00,103.3,103.3,103.3,103.3,530.0
2025-03-18 09:56:00,103.23,103.23,103.2,103.2,1452.0
2025-03-18 10:02:00,103.05,103.05,103.0,103.0,1725.0
2025-03-18 10:06:00,102.75,102.75,102.5,102.5,1816.0
2025-03-18 10:14:00,102.62,102.62,102.48,102.48,1326.0
2025-03-18 10:16:00,102.3,102.3,102.3,102.3,324.0
2025-03-18 10:18:00,102.59,102.59,102.59,102.59,310.0
2025-03-18 10:22:00,102.63,102.8,102.63,102.8,1466.0
2025-03-18 10:24:00,102.74,102.74,102.74,102.74,207.0
2025-03-18 10:28:00,102.72,102.72,102.71,102.71,270.0
2025-03-18 10:32:00,102.7,102.7,102.7,102.7,370.0
2025-03-18 10:34:00,102.59,102.59,102.54,102.54,874.0
2025-03-18 10:40:00,102.6,102.6,102.6,102.6,248.0
2025-03-18 10:44:00,102.7,102.7,102.7,102.7,261.0
2025-03-18 10:46:00,102.7,102.7,102.7,102.7,351.0
2025-03-18 10:52:00,102.82,102.96,102.82,102.96,747.0
2025-03-18 10:54:00,102.94,102.94,102.94,102.94,100.0
2025-03-18 11:00:00,102.88,102.88,102.88,102.88,100.0
2025-03-18 11:02:00,102.82,102.82,102.82,102.82,600.0
2025-03-18 11:04:00,102.86,102.86,102.85,102.85,682.0
2025-03-18 11:06:00,102.9,102.9,102.9,102.9,600.0
2025-03-18 11:10:00,102.99,102.99,102.99,102.99,651.0
2025-03-18 11:18:00,103.01,103.01,103.0,103.0,842.0
2025-03-18 11:26:00,103.0,103.0,102.85,102.85,1666.0
2025-03-18 11:30:00,102.85,102.85,102.85,102.85,364.0
2025-03-18 11:32:00,102.8,102.8,102.8,102.8,584.0
2025-03-18 11:34:00,102.8,102.8,102.61,102.63,2044.0
2025-03-18 11:36:00,102.7,102.7,102.7,102.7,150.0
2025-03-18 11:40:00,102.6,102.6,102.6,102.6,1996.0
2025-03-18 11:42:00,102.55,102.55,102.55,102.55,430.0
2025-03-18 11:46:00,102.66,102.66,102.66,102.66,300.0
2025-03-18 11:50:00,102.69,102.69,102.69,102.69,406.0
2025-03-18 11:52:00,102.69,102.69,102.69,102.69,301.0
2025-03-18 11:54:00,102.69,102.69,102.69,102.69,331.0
2025-03-18 11:56:00,102.75,102.77,102.75,102.77,1298.0
2025-03-18 11:58:00,102.93,102.95,102.93,102.95,626.0
2025-03-18 12:00:00,102.85,103.15,102.24,102.97,15551.0
2025-03-18 12:06:00,102.9,102.9,102.9,102.9,473.0
2025-03-18 12:08:00,102.79,102.85,102.64,102.67,4163.0
2025-03-18 12:10:00,102.67,102.67,102.54,102.54,1705.0
2025-03-18 12:12:00,102.65,102.65,102.65,102.65,201.0
2025-03-18 12:14:00,102.68,102.68,102.68,102.68,577.0
2025-03-18 12:18:00,102.5908,102.5908,102.5908,102.5908,1042.0
2025-03-18 12:20:00,102.59,102.61,102.37,102.43,6331.0
2025-03-18 12:22:00,102.34,102.38,102.27,102.292,1201.0
2025-03-18 12:26:00,102.55,102.55,102.31,102.3172,1357.0
2025-03-18 12:30:00,102.39,102.39,102.36,102.36,1075.0
2025-03-18 12:32:00,102.56,102.7,102.56,102.7,3939.0
2025-03-18 12:36:00,102.6,102.69,102.51,102.51,2060.0
2025-03-18 12:40:00,102.53,102.6,102.53,102.6,482.0
2025-03-18 12:42:00,102.52,102.52,102.52,102.52,111.0
