timestamp,open,high,low,close,volume
2024-08-01 13:30:00,66.0,66.0,65.95,65.95,1775
2024-08-01 13:42:00,66.11,66.11,66.11,66.11,452
2024-08-01 13:50:00,66.06,66.06,66.06,66.06,163
2024-08-01 13:52:00,66.1659,66.1659,66.1659,66.1659,936
2024-08-01 13:56:00,66.06,66.06,66.06,66.06,175
2024-08-01 13:57:00,66.07,66.09,66.06,66.09,784
2024-08-01 14:02:00,66.17,66.17,66.17,66.17,266
2024-08-01 14:04:00,66.1,66.1,66.1,66.1,249
2024-08-01 14:05:00,66.125,66.125,66.125,66.125,379
2024-08-01 14:07:00,66.07,66.07,66.07,66.07,454
2024-08-01 14:08:00,66.01,66.02,66.0,66.0,688
2024-08-01 14:09:00,66.03,66.03,65.97,65.97,2476
2024-08-01 14:10:00,65.97,65.97,65.97,65.97,250
2024-08-01 14:11:00,66.0966,66.0966,66.0966,66.0966,777
2024-08-01 14:20:00,65.92,65.92,65.92,65.92,307
2024-08-01 14:21:00,65.92,65.945,65.89,65.89,999
2024-08-01 14:22:00,65.981,65.981,65.981,65.981,343
2024-08-01 14:23:00,65.905,65.905,65.905,65.905,100
2024-08-01 14:27:00,65.88,65.88,65.88,65.88,347
2024-08-01 14:29:00,65.86,65.89,65.86,65.89,655
2024-08-01 14:30:00,65.75,65.75,65.75,65.75,295
2024-08-01 14:31:00,65.75,65.75,65.75,65.75,250
2024-08-01 14:32:00,65.74,65.74,65.74,65.74,242
2024-08-01 14:33:00,65.72,65.72,65.72,65.72,275
2024-08-01 14:34:00,65.77,65.77,65.74,65.74,1157
2024-08-01 14:36:00,65.775,65.8,65.775,65.8,496
2024-08-01 14:39:00,65.74,65.74,65.74,65.74,267
2024-08-01 14:40:00,65.7,65.71,65.7,65.71,323
2024-08-01 14:41:00,65.74,65.74,65.74,65.74,205
2024-08-01 14:48:00,65.47,65.47,65.46,65.46,264
2024-08-01 14:52:00,65.5,65.5,65.5,65.5,100
2024-08-01 14:55:00,65.51,65.51,65.51,65.51,242
2024-08-01 14:56:00,65.515,65.515,65.515,65.515,241
2024-08-01 14:57:00,65.51,65.56,65.48,65.5375,7279
2024-08-01 14:58:00,65.47,65.49,65.47,65.49,316
2024-08-01 14:59:00,65.53,65.53,65.53,65.53,231
2024-08-01 15:01:00,65.55,65.59,65.48,65.5,9224
2024-08-01 15:02:00,65.57,65.57,65.5,65.52,779
2024-08-01 15:03:00,65.49,65.49,65.435,65.49,757
2024-08-01 15:04:00,65.49,65.49,65.49,65.49,140
2024-08-01 15:05:00,65.47,65.47,65.46,65.46,675
2024-08-01 15:08:00,65.43,65.45,65.43,65.45,337
2024-08-01 15:09:00,65.47,65.47,65.47,65.47,478
2024-08-01 15:12:00,65.39,65.4,65.37,65.37,1320
2024-08-01 15:13:00,65.37,65.37,65.37,65.37,212
2024-08-01 15:17:00,65.44,65.44,65.44,65.44,154
2024-08-01 15:18:00,65.3803,65.3803,65.3803,65.3803,201
2024-08-01 15:20:00,65.43,65.43,65.43,65.43,491
2024-08-01 15:22:00,65.28,65.28,65.27,65.27,290
2024-08-01 15:34:00,65.35,65.35,65.35,65.35,327
2024-08-01 15:35:00,65.28,65.28,65.28,65.28,124
2024-08-01 15:36:00,65.27,65.27,65.27,65.27,102
2024-08-01 15:37:00,65.27,65.27,65.27,65.27,564
2024-08-01 15:40:00,65.115,65.115,65.115,65.115,208
2024-08-01 15:50:00,65.07,65.07,65.04,65.04,1932
2024-08-01 15:51:00,65.04,65.04,65.04,65.04,269
2024-08-01 15:52:00,65.05,65.1,65.05,65.1,1973
2024-08-01 16:00:00,65.04,65.07,65.0,65.0,1432
2024-08-01 16:01:00,65.0,65.0,65.0,65.0,324
2024-08-01 16:05:00,65.09,65.09,65.09,65.09,289
2024-08-01 16:07:00,65.18,65.18,65.18,65.18,207
2024-08-01 16:11:00,65.11,65.11,65.11,65.11,683
2024-08-01 16:18:00,65.28,65.28,65.28,65.28,199
2024-08-01 16:21:00,65.21,65.21,65.21,65.21,115
2024-08-01 16:27:00,65.12,65.13,65.12,65.13,696
2024-08-01 16:32:00,65.08,65.08,65.08,65.08,176
2024-08-01 16:36:00,65.08,65.08,65.08,65.08,101
2024-08-01 16:39:00,65.08,65.08,65.0,65.01,1077
2024-08-01 16:40:00,64.99,64.99,64.99,64.99,119
2024-08-01 16:43:00,65.0,65.0,64.99,64.99,291
2024-08-01 16:51:00,64.89,64.89,64.89,64.89,109
2024-08-01 16:53:00,64.92,64.92,64.92,64.92,146
2024-08-01 16:54:00,64.97,64.97,64.97,64.97,831
2024-08-01 16:55:00,64.95,64.95,64.95,64.95,201
2024-08-01 16:57:00,64.985,64.985,64.985,64.985,254
2024-08-01 16:58:00,64.98,64.98,64.92,64.945,1098
2024-08-01 16:59:00,64.89,64.89,64.89,64.89,238
2024-08-01 17:01:00,64.91,64.91,64.91,64.91,100
2024-08-01 17:05:00,64.885,64.885,64.885,64.885,115
2024-08-01 17:06:00,64.83,64.83,64.83,64.83,230
2024-08-01 17:09:00,64.77,64.785,64.74,64.785,1047
2024-08-01 17:10:00,64.803,64.803,64.803,64.803,144
2024-08-01 17:17:00,64.7915,64.7915,64.79,64.79,602
2024-08-01 17:18:00,64.83,64.83,64.83,64.83,554
2024-08-01 17:19:00,64.81,64.825,64.81,64.825,364
2024-08-01 17:20:00,64.8,64.8,64.8,64.8,154
2024-08-01 17:23:00,64.76,64.76,64.76,64.76,100
2024-08-01 17:24:00,64.77,64.77,64.77,64.77,203
2024-08-01 17:26:00,64.81,64.81,64.78,64.78,1898
2024-08-01 17:30:00,64.76,64.76,64.7,64.7,658
2024-08-01 17:31:00,64.69,64.69,64.66,64.66,330
2024-08-01 17:32:00,64.715,64.715,64.715,64.715,104
2024-08-01 17:36:00,64.62,64.62,64.62,64.62,402
2024-08-01 17:42:00,64.605,64.605,64.605,64.605,113
2024-08-01 17:51:00,64.595,64.595,64.59,64.59,275
2024-08-01 17:52:00,64.6,64.61,64.6,64.61,1516
2024-08-01 17:54:00,64.655,64.655,64.655,64.655,101
2024-08-01 17:56:00,64.69,64.69,64.69,64.69,216
2024-08-01 17:57:00,64.69,64.7,64.69,64.7,646
2024-08-01 17:58:00,64.72,64.74,64.72,64.74,305
2024-08-01 18:00:00,64.81,64.81,64.81,64.81,356
2024-08-01 18:01:00,64.74,64.74,64.735,64.735,261
2024-08-01 18:02:00,64.69,64.69,64.69,64.69,311
2024-08-01 18:07:00,64.7,64.7,64.7,64.7,132
2024-08-01 18:09:00,64.635,64.635,64.635,64.635,246
2024-08-01 18:12:00,64.625,64.625,64.62,64.62,203
2024-08-01 18:15:00,64.62,64.62,64.62,64.62,102
2024-08-01 18:17:00,64.615,64.615,64.615,64.615,360
2024-08-01 18:20:00,64.6,64.63,64.6,64.63,1010
2024-08-01 18:21:00,64.6985,64.6985,64.6985,64.6985,115
2024-08-01 18:22:00,64.675,64.6795,64.654,64.654,686
2024-08-01 18:24:00,64.675,64.675,64.675,64.675,279
2024-08-01 18:25:00,64.64,64.64,64.64,64.64,601
2024-08-01 18:26:00,64.65,64.65,64.65,64.65,160
2024-08-01 18:28:00,64.555,64.555,64.555,64.555,131
2024-08-01 18:33:00,64.55,64.55,64.53,64.53,371
2024-08-01 18:34:00,64.54,64.54,64.52,64.54,962
2024-08-01 18:40:00,64.58,64.58,64.58,64.58,527
2024-08-01 18:41:00,64.56,64.56,64.56,64.56,319
2024-08-01 18:42:00,64.555,64.555,64.555,64.555,128
2024-08-01 18:43:00,64.555,64.555,64.5,64.5,892
2024-08-01 18:44:00,64.5,64.5,64.5,64.5,264
2024-08-01 18:56:00,64.435,64.435,64.435,64.435,249
2024-08-01 18:57:00,64.46,64.47,64.46,64.47,946
2024-08-01 18:58:00,64.48,64.48,64.46,64.46,466
2024-08-01 18:59:00,64.455,64.455,64.45,64.45,201
2024-08-01 19:01:00,64.44,64.46,64.44,64.45,782
2024-08-01 19:02:00,64.5,64.5,64.5,64.5,273
2024-08-01 19:04:00,64.46,64.46,64.46,64.46,294
2024-08-01 19:08:00,64.41,64.41,64.41,64.41,131
2024-08-01 19:12:00,64.54,64.55,64.54,64.55,423
2024-08-01 19:13:00,64.54,64.54,64.54,64.54,258
2024-08-01 19:14:00,64.535,64.535,64.535,64.535,332
2024-08-01 19:15:00,64.51,64.56,64.51,64.56,1104
2024-08-01 19:16:00,64.56,64.56,64.56,64.56,257
2024-08-01 19:17:00,64.56,64.56,64.56,64.56,307
2024-08-01 19:20:00,64.62,64.62,64.6,64.6,485
2024-08-01 19:22:00,64.63,64.65,64.62,64.65,656
2024-08-01 19:27:00,64.69,64.69,64.69,64.69,267
2024-08-01 19:29:00,64.71,64.71,64.68,64.71,1222
2024-08-01 19:30:00,64.71,64.71,64.71,64.71,181
2024-08-01 19:31:00,64.77,64.77,64.77,64.77,219
2024-08-01 19:32:00,64.785,64.83,64.785,64.81,436
2024-08-01 19:33:00,64.81,64.81,64.81,64.81,293
2024-08-01 19:34:00,64.775,64.775,64.775,64.775,164
2024-08-01 19:36:00,64.75,64.75,64.75,64.75,101
2024-08-01 19:38:00,64.77,64.77,64.77,64.77,428
2024-08-01 19:40:00,64.78,64.79,64.7715,64.7715,762
2024-08-01 19:41:00,64.78,64.78,64.78,64.78,303
2024-08-01 19:42:00,64.79,64.79,64.79,64.79,100
2024-08-01 19:44:00,64.75,64.79,64.75,64.79,993
2024-08-01 19:46:00,64.74,64.74,64.74,64.74,200
2024-08-01 19:47:00,64.78,64.819,64.78,64.819,1175
2024-08-01 19:49:00,64.84,64.865,64.83,64.855,2759
2024-08-01 19:50:00,64.89,64.89,64.89,64.89,1519
2024-08-01 19:52:00,64.95,64.95,64.95,64.95,480
2024-08-01 19:54:00,64.855,64.855,64.855,64.855,327
2024-08-01 19:55:00,64.86,64.87,64.86,64.87,599
2024-08-01 19:56:00,64.88,64.88,64.86,64.88,572
2024-08-01 19:57:00,64.91,64.93,64.91,64.93,356
2024-08-01 19:58:00,64.87,64.91,64.82,64.91,2505
2024-08-01 19:59:00,64.85,64.94,64.85,64.85,3941
2024-08-01 20:12:00,64.5,64.5,64.5,64.5,100
2024-08-02 13:22:00,64.99,64.99,64.99,64.99,218
2024-08-02 13:28:00,65.56,65.56,65.56,65.56,300
2024-08-02 13:29:00,64.81,64.81,64.81,64.81,100
2024-08-02 13:30:00,64.5,64.5,64.5,64.5,793
2024-08-02 13:32:00,64.47,64.75,64.44,64.75,1300
2024-08-02 13:33:00,64.47,64.47,64.47,64.47,130
2024-08-02 13:36:00,64.51,64.56,64.48,64.56,419
2024-08-02 13:37:00,64.84,64.84,64.84,64.84,413
2024-08-02 13:38:00,64.84,64.84,64.84,64.84,191
2024-08-02 13:39:00,64.84,64.84,64.84,64.84,213
2024-08-02 13:40:00,64.9,64.9,64.9,64.9,220
2024-08-02 13:41:00,64.9,64.91,64.9,64.91,303
2024-08-02 13:42:00,64.79,64.79,64.79,64.79,243
2024-08-02 13:43:00,64.69,64.69,64.69,64.69,180
2024-08-02 13:45:00,64.87,64.87,64.87,64.87,173
2024-08-02 13:47:00,64.7548,64.7548,64.7548,64.7548,526
2024-08-02 13:48:00,64.72,64.81,64.72,64.81,559
2024-08-02 13:49:00,64.73,64.8,64.73,64.8,2111
2024-08-02 13:54:00,64.94,64.94,64.94,64.94,226
2024-08-02 13:55:00,64.73,64.73,64.57,64.57,4591
2024-08-02 13:56:00,64.55,64.55,64.55,64.55,119
2024-08-02 14:00:00,64.565,64.565,64.47,64.47,645
2024-08-02 14:01:00,64.565,64.66,64.565,64.66,218
2024-08-02 14:04:00,64.48,64.48,64.48,64.48,141
2024-08-02 14:05:00,64.57,64.57,64.57,64.57,110
2024-08-02 14:07:00,64.46,64.52,64.46,64.52,577
2024-08-02 14:09:00,64.4684,64.4684,64.4684,64.4684,400
2024-08-02 14:11:00,64.49,64.6,64.49,64.53,3809
2024-08-02 14:12:00,64.41,64.445,64.41,64.445,251
2024-08-02 14:13:00,64.46,64.46,64.3001,64.3001,1957
2024-08-02 14:15:00,64.36,64.45,64.34,64.45,1377
2024-08-02 14:16:00,64.44,64.5,64.44,64.48,1510
2024-08-02 14:17:00,64.5,64.55,64.5,64.55,295
2024-08-02 14:18:00,64.565,64.565,64.54,64.54,225
2024-08-02 14:19:00,64.5,64.5,64.5,64.5,167
2024-08-02 14:22:00,64.5,64.5,64.5,64.5,103
2024-08-02 14:24:00,64.47,64.48,64.47,64.48,1096
2024-08-02 14:25:00,64.44,64.52,64.43,64.52,1185
2024-08-02 14:26:00,64.54,64.56,64.54,64.56,519
2024-08-02 14:28:00,64.49,64.52,64.49,64.52,501
2024-08-02 14:31:00,64.3901,64.3901,64.3901,64.3901,564
2024-08-02 14:32:00,64.5,64.5,64.5,64.5,100
2024-08-02 14:35:00,64.25,64.29,64.25,64.29,567
2024-08-02 14:36:00,64.28,64.28,64.2,64.26,1279
2024-08-02 14:38:00,64.23,64.23,64.2,64.2,523
2024-08-02 14:41:00,64.29,64.29,64.29,64.29,238
2024-08-02 14:46:00,64.24,64.24,64.24,64.24,112
2024-08-02 14:48:00,64.33,64.33,64.33,64.33,102
2024-08-02 14:52:00,64.255,64.255,64.23,64.23,317
2024-08-02 14:54:00,64.3,64.3,64.3,64.3,711
2024-08-02 14:56:00,64.225,64.225,64.1868,64.1868,600
2024-08-02 14:57:00,64.22,64.22,64.16,64.16,539
2024-08-02 14:58:00,64.1202,64.19,64.1202,64.19,327
2024-08-02 15:00:00,64.17,64.17,64.15,64.15,679
2024-08-02 15:02:00,64.17,64.17,64.11,64.11,1000
2024-08-02 15:04:00,64.11,64.11,64.1,64.1,546
2024-08-02 15:05:00,64.1,64.12,64.07,64.09,2150
2024-08-02 15:08:00,64.09,64.09,64.09,64.09,218
2024-08-02 15:09:00,64.09,64.09,64.09,64.09,158
2024-08-02 15:13:00,64.155,64.155,64.155,64.155,319
2024-08-02 15:17:00,64.19,64.19,64.19,64.19,480
2024-08-02 15:18:00,64.143,64.143,64.143,64.143,347
2024-08-02 15:19:00,64.17,64.17,64.17,64.17,101
2024-08-02 15:24:00,64.1,64.15,64.1,64.15,387
2024-08-02 15:25:00,64.16,64.23,64.15,64.23,1521
2024-08-02 15:26:00,64.205,64.205,64.15,64.15,645
2024-08-02 15:28:00,64.22,64.22,64.22,64.22,377
2024-08-02 15:32:00,64.24,64.24,64.24,64.24,1702
2024-08-02 15:33:00,64.24,64.24,64.24,64.24,413
2024-08-02 15:34:00,64.23,64.24,64.21,64.24,977
2024-08-02 15:35:00,64.24,64.24,64.215,64.215,802
2024-08-02 15:36:00,64.24,64.24,64.24,64.24,1611
2024-08-02 15:37:00,64.235,64.275,64.23,64.275,1906
2024-08-02 15:38:00,64.31,64.31,64.31,64.31,385
2024-08-02 15:39:00,64.27,64.27,64.27,64.27,334
2024-08-02 15:40:00,64.3,64.3,64.3,64.3,202
2024-08-02 15:46:00,64.6,64.6,64.6,64.6,179
2024-08-02 15:48:00,64.49,64.49,64.49,64.49,108
2024-08-02 15:57:00,64.55,64.55,64.55,64.55,494
2024-08-02 15:58:00,64.56,64.56,64.55,64.56,1158
2024-08-02 15:59:00,64.52,64.52,64.49,64.52,1391
2024-08-02 16:01:00,64.52,64.52,64.52,64.52,117
2024-08-02 16:05:00,64.45,64.45,64.45,64.45,461
2024-08-02 16:08:00,64.385,64.385,64.385,64.385,114
2024-08-02 16:10:00,64.335,64.42,64.335,64.42,1513
2024-08-02 16:13:00,64.41,64.41,64.41,64.41,104
2024-08-02 16:14:00,64.445,64.445,64.445,64.445,259
2024-08-02 16:17:00,64.49,64.49,64.49,64.49,509
2024-08-02 16:19:00,64.54,64.54,64.54,64.54,151
2024-08-02 16:21:00,64.6,64.6,64.6,64.6,275
2024-08-02 16:24:00,64.62,64.62,64.54,64.54,320
2024-08-02 16:26:00,64.57,64.57,64.57,64.57,222
2024-08-02 16:27:00,64.6,64.6,64.6,64.6,260
2024-08-02 16:29:00,64.64,64.64,64.635,64.635,457
2024-08-02 16:30:00,64.63,64.64,64.62,64.63,1114
2024-08-02 16:31:00,64.57,64.57,64.57,64.57,407
2024-08-02 16:33:00,64.58,64.58,64.58,64.58,389
2024-08-02 16:36:00,64.6299,64.6299,64.6299,64.6299,160
2024-08-02 16:40:00,64.61,64.61,64.61,64.61,322
2024-08-02 16:41:00,64.66,64.675,64.66,64.675,277
2024-08-02 16:44:00,64.6104,64.64,64.6104,64.64,748
2024-08-02 16:45:00,64.6,64.62,64.6,64.62,795
2024-08-02 16:51:00,64.56,64.56,64.56,64.56,100
2024-08-02 16:52:00,64.52,64.52,64.52,64.52,207
2024-08-02 16:55:00,64.43,64.46,64.43,64.46,807
2024-08-02 16:56:00,64.47,64.47,64.46,64.46,273
2024-08-02 16:58:00,64.51,64.511,64.51,64.511,1092
2024-08-02 16:59:00,64.47,64.47,64.47,64.47,281
2024-08-02 17:00:00,64.47,64.47,64.47,64.47,160
2024-08-02 17:01:00,64.455,64.455,64.42,64.42,735
2024-08-02 17:03:00,64.38,64.4,64.38,64.38,680
2024-08-02 17:04:00,64.39,64.39,64.39,64.39,549
2024-08-02 17:05:00,64.44,64.44,64.44,64.44,262
2024-08-02 17:07:00,64.4279,64.4279,64.4279,64.4279,160
2024-08-02 17:08:00,64.396,64.425,64.396,64.425,266
2024-08-02 17:09:00,64.46,64.46,64.46,64.46,605
2024-08-02 17:10:00,64.47,64.47,64.47,64.47,118
2024-08-02 17:11:00,64.45,64.45,64.45,64.45,224
2024-08-02 17:13:00,64.49,64.51,64.49,64.51,675
2024-08-02 17:19:00,64.5,64.53,64.5,64.53,835
2024-08-02 17:20:00,64.53,64.54,64.53,64.54,787
2024-08-02 17:21:00,64.535,64.54,64.535,64.535,658
2024-08-02 17:22:00,64.54,64.54,64.54,64.54,347
2024-08-02 17:23:00,64.535,64.55,64.535,64.54,1342
2024-08-02 17:24:00,64.55,64.565,64.55,64.565,913
2024-08-02 17:25:00,64.6,64.6,64.6,64.6,344
2024-08-02 17:30:00,64.56,64.56,64.56,64.56,190
2024-08-02 17:35:00,64.52,64.52,64.52,64.52,175
2024-08-02 17:37:00,64.49,64.49,64.49,64.49,920
2024-08-02 17:38:00,64.515,64.515,64.515,64.515,389
2024-08-02 17:39:00,64.5,64.5,64.5,64.5,445
2024-08-02 17:40:00,64.52,64.54,64.52,64.54,818
2024-08-02 17:41:00,64.55,64.59,64.55,64.59,1335
2024-08-02 17:42:00,64.59,64.59,64.59,64.59,670
2024-08-02 17:43:00,64.61,64.61,64.61,64.61,418
2024-08-02 17:45:00,64.61,64.64,64.61,64.62,602
2024-08-02 17:46:00,64.62,64.62,64.62,64.62,100
2024-08-02 17:47:00,64.61,64.61,64.61,64.61,169
2024-08-02 17:48:00,64.58,64.58,64.58,64.58,100
2024-08-02 17:54:00,64.585,64.585,64.57,64.57,398
2024-08-02 17:57:00,64.57,64.57,64.57,64.57,161
2024-08-02 17:58:00,64.57,64.6,64.57,64.6,1586
2024-08-02 17:59:00,64.59,64.59,64.59,64.59,138
2024-08-02 18:00:00,64.58,64.58,64.58,64.58,249
2024-08-02 18:01:00,64.57,64.57,64.57,64.57,102
2024-08-02 18:02:00,64.56,64.56,64.56,64.56,269
2024-08-02 18:07:00,64.57,64.57,64.57,64.57,192
2024-08-02 18:14:00,64.54,64.54,64.54,64.54,231
2024-08-02 18:20:00,64.6,64.635,64.6,64.635,630
2024-08-02 18:24:00,64.61,64.61,64.61,64.61,3515
2024-08-02 18:26:00,64.66,64.66,64.66,64.66,664
2024-08-02 18:27:00,64.73,64.73,64.73,64.73,191
2024-08-02 18:28:00,64.77,64.78,64.77,64.78,1197
2024-08-02 18:29:00,64.79,64.79,64.79,64.79,286
2024-08-02 18:30:00,64.8,64.8,64.79,64.79,593
2024-08-02 18:31:00,64.8382,64.8382,64.8382,64.8382,145
2024-08-02 18:35:00,64.76,64.765,64.76,64.765,511
2024-08-02 18:36:00,64.77,64.77,64.77,64.77,103
2024-08-02 18:39:00,64.75,64.76,64.74,64.76,667
2024-08-02 18:41:00,64.74,64.76,64.74,64.76,382
2024-08-02 18:42:00,64.775,64.78,64.775,64.78,577
2024-08-02 18:43:00,64.75,64.75,64.75,64.75,172
2024-08-02 18:44:00,64.765,64.765,64.765,64.765,167
2024-08-02 18:45:00,64.74,64.74,64.74,64.74,433
2024-08-02 18:48:00,64.77,64.77,64.77,64.77,205
2024-08-02 18:49:00,64.77,64.77,64.77,64.77,167
2024-08-02 18:55:00,64.785,64.785,64.785,64.785,222
2024-08-02 18:59:00,64.73,64.73,64.73,64.73,211
2024-08-02 19:00:00,64.75,64.77,64.745,64.77,986
2024-08-02 19:05:00,64.73,64.73,64.73,64.73,258
2024-08-02 19:08:00,64.71,64.71,64.71,64.71,432
2024-08-02 19:11:00,64.66,64.66,64.66,64.66,105
2024-08-02 19:14:00,64.71,64.71,64.71,64.71,431
2024-08-02 19:15:00,64.7175,64.7175,64.67,64.67,486
2024-08-02 19:16:00,64.71,64.745,64.71,64.745,892
2024-08-02 19:17:00,64.74,64.74,64.74,64.74,218
2024-08-02 19:19:00,64.73,64.73,64.7,64.7,395
2024-08-02 19:20:00,64.69,64.69,64.69,64.69,192
2024-08-02 19:27:00,64.73,64.74,64.73,64.74,318
2024-08-02 19:30:00,64.78,64.78,64.78,64.78,178
2024-08-02 19:35:00,64.72,64.72,64.72,64.72,260
2024-08-02 19:36:00,64.74,64.74,64.73,64.73,802
2024-08-02 19:37:00,64.72,64.72,64.69,64.69,483
2024-08-02 19:38:00,64.7,64.7,64.7,64.7,600
2024-08-02 19:40:00,64.66,64.67,64.6,64.67,633
2024-08-02 19:42:00,64.66,64.68,64.66,64.68,552
2024-08-02 19:43:00,64.65,64.65,64.65,64.65,311
2024-08-02 19:44:00,64.6759,64.7,64.6759,64.7,642
2024-08-02 19:50:00,64.65,64.65,64.62,64.62,1081
2024-08-02 19:51:00,64.64,64.64,64.62,64.63,763
2024-08-02 19:52:00,64.64,64.64,64.64,64.64,555
2024-08-02 19:53:00,64.64,64.64,64.64,64.64,189
2024-08-02 19:54:00,64.62,64.675,64.62,64.675,1008
2024-08-02 19:55:00,64.69,64.69,64.69,64.69,644
2024-08-02 19:56:00,64.7,64.74,64.69,64.74,2178
2024-08-02 19:57:00,64.8,64.8,64.77,64.77,1130
2024-08-02 19:59:00,64.705,64.705,64.62,64.63,3451
2024-08-05 10:19:00,60.61,60.61,60.61,60.61,213
2024-08-05 11:00:00,60.0,60.0,60.0,60.0,208
2024-08-05 11:03:00,60.01,60.01,60.01,60.01,100
2024-08-05 11:16:00,60.02,60.02,60.02,60.02,100
2024-08-05 12:00:00,60.0,60.0,60.0,60.0,865
2024-08-05 12:06:00,58.86,58.86,58.02,58.02,338
2024-08-05 12:14:00,58.85,58.85,57.75,57.75,1002
2024-08-05 12:33:00,57.51,57.51,57.51,57.51,251
2024-08-05 12:36:00,57.0846,57.0846,57.0846,57.0846,125
2024-08-05 13:17:00,57.96,57.96,57.96,57.96,100
2024-08-05 13:23:00,57.78,57.78,57.78,57.78,165
2024-08-05 13:30:00,58.07,58.07,58.07,58.07,252
2024-08-05 13:33:00,58.33,58.33,58.33,58.33,105
2024-08-05 13:35:00,58.34,58.49,58.34,58.49,631
2024-08-05 13:36:00,58.3,58.48,58.3,58.41,1400
2024-08-05 13:37:00,58.44,58.44,58.44,58.44,210
2024-08-05 13:44:00,58.5,58.66,58.28,58.66,4426
2024-08-05 13:45:00,58.455,58.63,58.445,58.56,1731
2024-08-05 13:46:00,58.59,58.59,58.59,58.59,345
2024-08-05 13:47:00,58.6,58.6,58.53,58.53,1484
2024-08-05 13:48:00,58.59,58.59,58.36,58.49,2954
2024-08-05 13:49:00,58.48,58.48,58.48,58.48,613
2024-08-05 13:50:00,58.5,58.61,58.5,58.6,2167
2024-08-05 13:51:00,58.61,58.61,58.58,58.61,1048
2024-08-05 13:52:00,58.575,58.65,58.56,58.65,1992
2024-08-05 13:53:00,58.605,58.62,58.535,58.535,4384
2024-08-05 13:54:00,58.48,58.53,58.47,58.48,873
2024-08-05 13:55:00,58.475,58.475,58.475,58.475,351
2024-08-05 13:56:00,58.465,58.53,58.209,58.53,1580
2024-08-05 13:57:00,58.3,58.38,58.3,58.38,521
2024-08-05 13:58:00,58.365,58.42,58.345,58.42,812
2024-08-05 13:59:00,58.26,58.27,58.26,58.27,598
2024-08-05 14:00:00,58.49,58.7,58.41,58.57,1608
2024-08-05 14:01:00,58.59,58.75,58.59,58.72,1062
2024-08-05 14:02:00,58.72,58.72,58.67,58.69,1186
2024-08-05 14:03:00,58.68,58.68,58.58,58.58,951
2024-08-05 14:04:00,58.57,58.65,58.54,58.57,1356
2024-08-05 14:06:00,58.42,58.5,58.42,58.5,545
2024-08-05 14:07:00,58.5,58.5,58.5,58.5,362
2024-08-05 14:08:00,58.52,58.52,58.46,58.46,280
2024-08-05 14:09:00,58.48,58.48,58.27,58.27,1409
2024-08-05 14:10:00,58.325,58.325,58.21,58.21,3567
2024-08-05 14:11:00,58.2,58.25,58.2,58.225,894
2024-08-05 14:12:00,58.17,58.23,58.11,58.11,1564
2024-08-05 14:13:00,58.12,58.15,58.105,58.105,739
2024-08-05 14:14:00,58.12,58.15,58.08,58.15,1684
2024-08-05 14:15:00,58.15,58.32,58.13,58.23,5609
2024-08-05 14:16:00,58.23,58.31,58.16,58.31,2809
2024-08-05 14:17:00,58.3,58.36,58.255,58.34,1757
2024-08-05 14:18:00,58.31,58.5,58.31,58.48,1496
2024-08-05 14:19:00,58.4,58.46,58.4,58.435,471
2024-08-05 14:20:00,58.47,58.5,58.47,58.49,1250
2024-08-05 14:21:00,58.44,58.51,58.44,58.51,365
2024-08-05 14:22:00,58.44,58.44,58.44,58.44,207
2024-08-05 14:23:00,58.49,58.5,58.31,58.31,1118
2024-08-05 14:24:00,58.37,58.37,58.265,58.265,737
2024-08-05 14:25:00,58.34,58.4,58.34,58.39,707
2024-08-05 14:26:00,58.23,58.23,58.23,58.23,212
2024-08-05 14:27:00,58.35,58.35,58.26,58.26,524
2024-08-05 14:28:00,58.25,58.25,58.05,58.05,611
2024-08-05 14:29:00,58.15,58.16,58.0,58.0,2118
2024-08-05 14:30:00,58.055,58.055,58.055,58.055,340
2024-08-05 14:31:00,58.06,58.27,58.06,58.27,2407
2024-08-05 14:32:00,58.23,58.23,58.17,58.175,1377
2024-08-05 14:33:00,58.18,58.18,58.18,58.18,338
2024-08-05 14:35:00,58.44,58.5,58.34,58.5,1188
2024-08-05 14:37:00,58.31,58.4,58.31,58.4,353
2024-08-05 14:38:00,58.48,58.48,58.48,58.48,118
2024-08-05 14:41:00,58.305,58.365,58.305,58.365,1029
2024-08-05 14:44:00,58.375,58.375,58.375,58.375,495
2024-08-05 14:45:00,58.34,58.34,58.34,58.34,137
2024-08-05 14:47:00,58.4,58.4,58.345,58.345,234
2024-08-05 14:49:00,58.31,58.31,58.31,58.31,145
2024-08-05 14:50:00,58.32,58.33,58.32,58.33,309
2024-08-05 14:52:00,58.35,58.39,58.35,58.39,788
2024-08-05 14:53:00,58.39,58.5,58.37,58.5,1915
2024-08-05 14:54:00,58.55,58.55,58.55,58.55,343
2024-08-05 14:55:00,58.63,58.63,58.45,58.5,1522
2024-08-05 14:56:00,58.43,58.43,58.43,58.43,128
2024-08-05 14:57:00,58.47,58.47,58.47,58.47,140
2024-08-05 14:58:00,58.37,58.4,58.37,58.4,359
2024-08-05 15:00:00,58.42,58.42,58.38,58.38,763
2024-08-05 15:02:00,58.39,58.39,58.39,58.39,423
2024-08-05 15:04:00,58.53,58.53,58.53,58.53,116
2024-08-05 15:05:00,58.5,58.5,58.5,58.5,289
2024-08-05 15:07:00,58.6,58.6,58.6,58.6,661
2024-08-05 15:08:00,58.62,58.77,58.6,58.77,2167
2024-08-05 15:10:00,58.72,58.755,58.62,58.63,2543
2024-08-05 15:11:00,58.74,58.75,58.72,58.72,1304
2024-08-05 15:12:00,58.79,58.8,58.79,58.8,479
2024-08-05 15:13:00,58.82,58.82,58.82,58.82,135
2024-08-05 15:14:00,58.86,58.87,58.86,58.87,224
2024-08-05 15:15:00,58.87,58.9432,58.84,58.9432,774
2024-08-05 15:18:00,58.91,58.91,58.91,58.91,273
2024-08-05 15:19:00,58.86,58.86,58.795,58.795,1639
2024-08-05 15:20:00,58.795,58.86,58.78,58.86,1246
2024-08-05 15:21:00,58.84,58.84,58.84,58.84,331
2024-08-05 15:22:00,58.845,58.845,58.845,58.845,147
2024-08-05 15:23:00,58.86,58.87,58.83,58.87,919
2024-08-05 15:24:00,58.94,58.94,58.94,58.94,166
2024-08-05 15:25:00,58.93,58.93,58.93,58.93,162
2024-08-05 15:27:00,58.9,58.9,58.9,58.9,221
2024-08-05 15:28:00,58.85,58.85,58.85,58.85,483
2024-08-05 15:29:00,58.835,58.835,58.835,58.835,480
2024-08-05 15:33:00,58.85,58.87,58.85,58.85,926
2024-08-05 15:34:00,58.8001,58.89,58.8001,58.89,951
2024-08-05 15:35:00,58.82,58.82,58.82,58.82,543
2024-08-05 15:36:00,58.83,58.95,58.83,58.94,1743
2024-08-05 15:38:00,59.07,59.07,59.07,59.07,668
2024-08-05 15:41:00,58.97,58.97,58.97,58.97,327
2024-08-05 15:47:00,58.99,58.99,58.99,58.99,227
2024-08-05 15:49:00,58.955,58.955,58.945,58.945,262
2024-08-05 15:50:00,58.89,58.89,58.78,58.78,2806
2024-08-05 15:52:00,58.92,58.92,58.86,58.86,452
2024-08-05 15:56:00,58.885,58.885,58.825,58.825,1068
2024-08-05 15:57:00,58.84,59.01,58.84,58.985,4153
2024-08-05 15:59:00,59.01,59.01,59.01,59.01,112
2024-08-05 16:01:00,58.94,58.94,58.94,58.94,226
2024-08-05 16:02:00,59.0,59.0,58.94,59.0,1490
2024-08-05 16:03:00,59.04,59.04,59.04,59.04,1061
2024-08-05 16:04:00,59.07,59.07,58.96,58.96,1686
2024-08-05 16:05:00,59.01,59.01,58.96,58.96,1162
2024-08-05 16:06:00,58.955,58.955,58.89,58.89,1498
2024-08-05 16:08:00,58.95,58.98,58.95,58.95,1137
2024-08-05 16:09:00,58.9685,58.9685,58.9685,58.9685,565
2024-08-05 16:11:00,58.9,58.92,58.9,58.92,1260
2024-08-05 16:13:00,58.99,58.99,58.99,58.99,336
2024-08-05 16:14:00,59.0,59.0,59.0,59.0,324
2024-08-05 16:16:00,59.03,59.03,59.03,59.03,278
2024-08-05 16:17:00,59.04,59.065,59.04,59.065,556
2024-08-05 16:19:00,59.07,59.07,59.02,59.02,991
2024-08-05 16:21:00,59.095,59.095,59.035,59.035,621
2024-08-05 16:22:00,59.04,59.04,59.04,59.04,469
2024-08-05 16:23:00,59.13,59.13,59.13,59.13,343
2024-08-05 16:24:00,59.16,59.18,59.09,59.18,3753
2024-08-05 16:25:00,59.15,59.18,59.15,59.18,484
2024-08-05 16:26:00,59.12,59.2619,59.12,59.2201,1903
2024-08-05 16:28:00,59.33,59.33,59.33,59.33,205
2024-08-05 16:29:00,59.29,59.33,59.29,59.33,637
2024-08-05 16:30:00,59.28,59.28,59.265,59.265,234
2024-08-05 16:31:00,59.23,59.23,59.22,59.22,885
2024-08-05 16:33:00,59.17,59.17,59.17,59.17,206
2024-08-05 16:34:00,59.125,59.125,59.125,59.125,128
2024-08-05 16:35:00,59.13,59.13,59.07,59.07,977
2024-08-05 16:37:00,59.02,59.02,59.02,59.02,363
2024-08-05 16:38:00,58.925,58.975,58.925,58.93,1399
2024-08-05 16:40:00,58.95,58.95,58.91,58.91,357
2024-08-05 16:41:00,58.95,59.01,58.95,58.98,895
2024-08-05 16:42:00,58.985,59.07,58.98,59.07,1231
2024-08-05 16:43:00,59.06,59.06,59.0,59.01,1796
2024-08-05 16:44:00,58.95,59.0,58.95,58.995,2220
2024-08-05 16:45:00,58.98,59.0,58.98,59.0,688
2024-08-05 16:46:00,58.985,58.985,58.92,58.92,839
2024-08-05 16:47:00,58.91,58.91,58.82,58.83,2005
2024-08-05 16:48:00,58.87,58.925,58.87,58.925,985
2024-08-05 16:50:00,58.88,58.88,58.83,58.88,2602
2024-08-05 16:51:00,58.825,58.825,58.825,58.825,920
2024-08-05 16:52:00,58.75,58.75,58.75,58.75,458
2024-08-05 16:55:00,58.75,58.75,58.6908,58.6908,1018
2024-08-05 16:56:00,58.7,58.72,58.7,58.72,906
2024-08-05 17:04:00,58.66,58.67,58.64,58.67,1084
2024-08-05 17:05:00,58.69,58.69,58.69,58.69,129
2024-08-05 17:07:00,58.76,58.76,58.76,58.76,659
2024-08-05 17:08:00,58.79,58.84,58.79,58.84,756
2024-08-05 17:09:00,58.85,58.85,58.85,58.85,206
2024-08-05 17:10:00,58.85,58.88,58.85,58.88,531
2024-08-05 17:12:00,58.85,58.86,58.8,58.805,3803
2024-08-05 17:14:00,58.775,58.85,58.775,58.85,784
2024-08-05 17:15:00,58.855,58.92,58.855,58.92,677
2024-08-05 17:17:00,58.91,58.91,58.91,58.91,137
2024-08-05 17:19:00,58.91,58.91,58.91,58.91,477
2024-08-05 17:20:00,58.98,58.99,58.955,58.955,1628
2024-08-05 17:22:00,58.99,58.99,58.99,58.99,172
2024-08-05 17:23:00,58.99,58.99,58.99,58.99,190
2024-08-05 17:25:00,58.985,58.985,58.985,58.985,240
2024-08-05 17:26:00,59.01,59.01,59.01,59.01,232
2024-08-05 17:29:00,58.96,58.98,58.92,58.94,937
2024-08-05 17:30:00,58.96,58.965,58.94,58.965,561
2024-08-05 17:31:00,58.94,58.94,58.94,58.94,238
2024-08-05 17:33:00,58.96,58.96,58.935,58.96,1211
2024-08-05 17:36:00,58.975,58.975,58.975,58.975,128
2024-08-05 17:37:00,58.99,59.01,58.99,59.01,433
2024-08-05 17:38:00,59.0289,59.0289,59.0289,59.0289,171
2024-08-05 17:42:00,59.08,59.08,59.08,59.08,307
2024-08-05 17:43:00,59.07,59.07,59.07,59.07,353
2024-08-05 17:54:00,59.05,59.075,59.04,59.05,926
2024-08-05 17:55:00,59.04,59.04,59.04,59.04,407
2024-08-05 17:56:00,59.01,59.01,59.01,59.01,205
2024-08-05 17:58:00,58.93,58.97,58.93,58.97,263
2024-08-05 18:00:00,58.97,58.97,58.93,58.93,535
2024-08-05 18:01:00,58.9,58.9,58.835,58.85,1529
2024-08-05 18:02:00,58.84,58.85,58.83,58.83,397
2024-08-05 18:07:00,58.8138,58.8138,58.8138,58.8138,148
2024-08-05 18:08:00,58.8,58.82,58.8,58.82,955
2024-08-05 18:13:00,58.84,58.84,58.81,58.81,358
2024-08-05 18:14:00,58.835,58.835,58.835,58.835,321
2024-08-05 18:15:00,58.79,58.8,58.79,58.8,359
2024-08-05 18:16:00,58.785,58.8,58.785,58.8,372
2024-08-05 18:17:00,58.825,58.825,58.825,58.825,139
2024-08-05 18:21:00,58.89,58.89,58.89,58.89,201
2024-08-05 18:23:00,58.89,58.91,58.89,58.91,1184
2024-08-05 18:24:00,58.93,58.955,58.9201,58.955,980
2024-08-05 18:25:00,59.0,59.0,58.975,58.975,712
2024-08-05 18:27:00,58.97,58.97,58.97,58.97,377
2024-08-05 18:28:00,58.95,58.95,58.95,58.95,239
2024-08-05 18:32:00,58.985,59.0,58.97,59.0,2771
2024-08-05 18:36:00,58.97,58.99,58.97,58.99,1113
2024-08-05 18:37:00,58.99,58.99,58.85,58.85,1805
2024-08-05 18:38:00,58.8642,58.8799,58.8642,58.8799,388
2024-08-05 18:40:00,58.82,58.85,58.82,58.85,1039
2024-08-05 18:41:00,58.85,58.85,58.85,58.85,323
2024-08-05 18:42:00,58.82,58.82,58.82,58.82,742
2024-08-05 18:43:00,58.82,58.835,58.81,58.835,1087
2024-08-05 18:44:00,58.82,58.82,58.79,58.79,1473
2024-08-05 18:46:00,58.75,58.75,58.715,58.715,275
2024-08-05 18:47:00,58.71,58.71,58.71,58.71,389
2024-08-05 18:48:00,58.74,58.74,58.74,58.74,200
2024-08-05 18:49:00,58.74,58.76,58.725,58.76,1717
2024-08-05 18:51:00,58.8,58.85,58.8,58.85,305
2024-08-05 18:53:00,58.875,58.885,58.87,58.88,889
2024-08-05 18:54:00,58.875,58.88,58.86,58.87,1690
2024-08-05 18:55:00,58.85,58.85,58.85,58.85,260
2024-08-05 18:56:00,58.805,58.81,58.8,58.8,518
2024-08-05 18:58:00,58.775,58.775,58.77,58.775,414
2024-08-05 18:59:00,58.77,58.77,58.77,58.77,336
2024-08-05 19:00:00,58.6735,58.72,58.6735,58.72,853
2024-08-05 19:02:00,58.73,58.755,58.72,58.755,605
2024-08-05 19:11:00,58.71,58.75,58.71,58.745,2690
2024-08-05 19:12:00,58.77,58.785,58.77,58.785,703
2024-08-05 19:13:00,58.79,58.79,58.79,58.79,403
2024-08-05 19:14:00,58.785,58.785,58.77,58.77,806
2024-08-05 19:15:00,58.73,58.75,58.73,58.75,706
2024-08-05 19:20:00,58.8,58.8,58.8,58.8,269
2024-08-05 19:21:00,58.8,58.8,58.8,58.8,351
2024-08-05 19:24:00,58.76,58.76,58.73,58.73,870
2024-08-05 19:25:00,58.75,58.75,58.74,58.74,451
2024-08-05 19:26:00,58.73,58.78,58.73,58.78,1776
2024-08-05 19:27:00,58.79,58.79,58.78,58.78,541
2024-08-05 19:28:00,58.77,58.77,58.77,58.77,175
2024-08-05 19:29:00,58.77,58.8,58.77,58.8,1295
2024-08-05 19:30:00,58.77,58.83,58.75,58.83,2334
2024-08-05 19:31:00,58.75,58.76,58.73,58.74,1574
2024-08-05 19:32:00,58.72,58.72,58.7,58.7,1493
2024-08-05 19:33:00,58.71,58.71,58.68,58.71,870
2024-08-05 19:34:00,58.705,58.72,58.705,58.72,1474
2024-08-05 19:35:00,58.7301,58.7301,58.715,58.73,1166
2024-08-05 19:36:00,58.76,58.76,58.76,58.76,275
2024-08-05 19:37:00,58.74,58.75,58.74,58.75,350
2024-08-05 19:38:00,58.75,58.75,58.75,58.75,386
2024-08-05 19:39:00,58.745,58.75,58.72,58.73,1361
2024-08-05 19:40:00,58.71,58.71,58.71,58.71,245
2024-08-05 19:43:00,58.68,58.68,58.68,58.68,404
2024-08-05 19:44:00,58.66,58.66,58.655,58.66,951
2024-08-05 19:45:00,58.66,58.66,58.65,58.66,942
2024-08-05 19:46:00,58.66,58.66,58.62,58.65,2468
2024-08-05 19:47:00,58.64,58.64,58.635,58.64,825
2024-08-05 19:48:00,58.66,58.66,58.66,58.66,881
2024-08-05 19:49:00,58.66,58.68,58.66,58.67,844
2024-08-05 19:50:00,58.7,58.7,58.66,58.69,3149
2024-08-05 19:51:00,58.68,58.68,58.68,58.68,403
2024-08-05 19:52:00,58.68,58.68,58.655,58.66,1261
2024-08-05 19:53:00,58.67,58.685,58.65,58.66,1801
2024-08-05 19:54:00,58.65,58.72,58.65,58.71,1763
2024-08-05 19:55:00,58.725,58.75,58.725,58.75,1529
2024-08-05 19:56:00,58.74,58.74,58.73,58.735,2086
2024-08-05 19:57:00,58.73,58.73,58.67,58.67,1583
2024-08-05 19:58:00,58.72,58.72,58.68,58.71,1882
2024-08-05 19:59:00,58.69,58.69,58.64,58.66,5505
2024-08-05 20:00:00,58.66,58.66,58.66,58.66,100
2024-08-06 09:02:00,59.31,59.31,59.3,59.3,782
2024-08-06 09:08:00,58.2,58.21,58.2,58.21,1100
2024-08-06 09:12:00,58.95,58.95,58.95,58.95,430
2024-08-06 09:14:00,58.85,58.85,58.85,58.85,200
2024-08-06 09:19:00,58.82,58.82,58.82,58.82,295
2024-08-06 09:20:00,58.82,58.82,58.82,58.82,170
2024-08-06 09:28:00,58.83,58.83,58.82,58.82,600
2024-08-06 11:31:00,59.29,59.29,59.29,59.29,100
2024-08-06 12:00:00,59.2,59.3,59.2,59.3,1258
2024-08-06 13:28:00,59.39,59.39,59.39,59.39,217
2024-08-06 13:30:00,59.54,59.54,59.16,59.36,3461
2024-08-06 13:35:00,59.3817,59.3817,59.3817,59.3817,500
2024-08-06 13:36:00,59.4178,59.4178,59.4178,59.4178,308
2024-08-06 13:38:00,59.5097,59.5097,59.5097,59.5097,907
2024-08-06 13:39:00,59.465,59.53,59.465,59.53,469
2024-08-06 13:40:00,59.48,59.49,59.48,59.49,241
2024-08-06 13:41:00,59.49,59.5,59.42,59.42,387
2024-08-06 13:42:00,59.41,59.42,59.4,59.4,831
2024-08-06 13:47:00,59.43,59.47,59.43,59.47,307
2024-08-06 13:48:00,59.425,59.425,59.425,59.425,168
2024-08-06 13:50:00,59.37,59.37,59.37,59.37,509
2024-08-06 13:51:00,59.35,59.4,59.35,59.4,451
2024-08-06 13:52:00,59.42,59.42,59.42,59.42,193
2024-08-06 13:53:00,59.515,59.515,59.515,59.515,129
2024-08-06 13:54:00,59.463,59.62,59.463,59.58,1505
2024-08-06 13:55:00,59.68,59.69,59.68,59.68,348
2024-08-06 13:56:00,59.5446,59.5446,59.5446,59.5446,265
2024-08-06 13:57:00,59.82,59.82,59.82,59.82,176
2024-08-06 14:00:00,59.7,59.7,59.7,59.7,735
2024-08-06 14:02:00,59.87,59.87,59.87,59.87,461
2024-08-06 14:05:00,59.8,59.8,59.8,59.8,148
2024-08-06 14:07:00,59.87,59.87,59.87,59.87,386
2024-08-06 14:08:00,59.94,59.94,59.94,59.94,1117
2024-08-06 14:11:00,59.99,60.04,59.99,60.02,1280
2024-08-06 14:12:00,59.99,60.06,59.99,60.03,1319
2024-08-06 14:14:00,60.06,60.06,59.96,59.96,519
2024-08-06 14:15:00,59.97,59.97,59.91,59.91,1194
2024-08-06 14:16:00,59.94,59.97,59.94,59.94,1042
2024-08-06 14:18:00,59.965,59.965,59.965,59.965,166
2024-08-06 14:19:00,59.995,59.995,59.995,59.995,101
2024-08-06 14:22:00,60.06,60.06,60.05,60.05,392
2024-08-06 14:25:00,60.08,60.095,60.08,60.095,430
2024-08-06 14:29:00,60.08,60.08,60.02,60.02,1007
2024-08-06 14:30:00,59.99,59.99,59.92,59.92,942
2024-08-06 14:31:00,59.98,59.98,59.98,59.98,115
2024-08-06 14:32:00,59.91,59.91,59.85,59.9,1902
2024-08-06 14:33:00,59.93,59.93,59.93,59.93,201
2024-08-06 14:35:00,60.005,60.005,60.005,60.005,207
2024-08-06 14:37:00,59.95,60.01,59.95,60.0,1809
2024-08-06 14:38:00,60.04,60.06,60.01,60.04,1310
2024-08-06 14:43:00,60.22,60.24,60.22,60.24,301
2024-08-06 14:44:00,60.165,60.17,60.165,60.17,261
2024-08-06 14:46:00,60.225,60.44,60.225,60.325,531
2024-08-06 14:49:00,60.43,60.43,60.405,60.43,512
2024-08-06 14:52:00,60.405,60.405,60.405,60.405,262
2024-08-06 14:55:00,60.37,60.37,60.36,60.36,273
2024-08-06 14:57:00,60.35,60.35,60.34,60.34,1110
2024-08-06 15:01:00,60.3347,60.4399,60.3347,60.4399,341
2024-08-06 15:04:00,60.38,60.38,60.38,60.38,165
2024-08-06 15:05:00,60.385,60.385,60.385,60.385,102
2024-08-06 15:08:00,60.44,60.44,60.44,60.44,176
2024-08-06 15:10:00,60.35,60.36,60.24,60.26,2041
2024-08-06 15:11:00,60.23,60.25,60.22,60.22,1048
2024-08-06 15:12:00,60.22,60.25,60.11,60.11,1936
2024-08-06 15:13:00,60.15,60.16,60.15,60.16,690
2024-08-06 15:19:00,60.155,60.155,60.155,60.155,135
2024-08-06 15:20:00,60.15,60.28,60.15,60.21,2138
2024-08-06 15:23:00,60.3099,60.39,60.3099,60.39,399
2024-08-06 15:27:00,60.265,60.265,60.265,60.265,216
2024-08-06 15:28:00,60.21,60.21,60.21,60.21,1008
2024-08-06 15:29:00,60.14,60.14,60.01,60.03,1961
2024-08-06 15:30:00,60.0,60.0,59.95,59.96,1160
2024-08-06 15:31:00,59.9634,59.9634,59.94,59.94,787
2024-08-06 15:32:00,59.9,59.98,59.9,59.97,1305
2024-08-06 15:33:00,59.98,59.98,59.98,59.98,953
2024-08-06 15:34:00,59.98,59.99,59.98,59.99,805
2024-08-06 15:35:00,60.0,60.0,59.94,59.94,801
2024-08-06 15:36:00,59.95,60.02,59.94,60.01,849
2024-08-06 15:37:00,60.0,60.02,60.0,60.02,423
2024-08-06 15:39:00,60.01,60.01,60.01,60.01,176
2024-08-06 15:46:00,60.04,60.04,60.04,60.04,195
2024-08-06 15:50:00,60.16,60.16,60.16,60.16,377
2024-08-06 15:51:00,60.17,60.17,60.17,60.17,122
2024-08-06 15:52:00,60.24,60.25,60.24,60.25,222
2024-08-06 15:53:00,60.17,60.17,60.13,60.13,623
2024-08-06 15:54:00,60.165,60.165,60.13,60.13,694
2024-08-06 15:56:00,60.18,60.18,60.18,60.18,425
2024-08-06 15:58:00,60.17,60.17,60.17,60.17,299
2024-08-06 15:59:00,60.16,60.19,60.16,60.19,334
2024-08-06 16:00:00,60.22,60.23,60.22,60.23,302
2024-08-06 16:01:00,60.27,60.27,60.27,60.27,123
2024-08-06 16:05:00,60.25,60.25,60.24,60.24,419
2024-08-06 16:15:00,60.285,60.4,60.285,60.4,609
2024-08-06 16:17:00,60.39,60.39,60.39,60.39,200
2024-08-06 16:18:00,60.31,60.38,60.29,60.295,2687
2024-08-06 16:19:00,60.28,60.3,60.28,60.29,1886
2024-08-06 16:20:00,60.29,60.31,60.285,60.31,500
2024-08-06 16:21:00,60.36,60.36,60.31,60.31,461
2024-08-06 16:23:00,60.26,60.26,60.24,60.24,607
2024-08-06 16:24:00,60.265,60.265,60.265,60.265,101
2024-08-06 16:30:00,60.275,60.32,60.275,60.32,200
2024-08-06 16:33:00,60.275,60.275,60.1985,60.1985,2455
2024-08-06 16:34:00,60.2578,60.275,60.2578,60.275,1531
2024-08-06 16:36:00,60.2,60.2,60.13,60.13,1291
2024-08-06 16:39:00,60.125,60.13,60.125,60.125,512
2024-08-06 16:40:00,60.1005,60.18,60.1005,60.16,516
2024-08-06 16:41:00,60.16,60.19,60.16,60.19,535
2024-08-06 16:42:00,60.22,60.22,60.22,60.22,668
2024-08-06 16:43:00,60.21,60.22,60.21,60.21,1111
2024-08-06 16:44:00,60.18,60.18,60.18,60.18,193
2024-08-06 16:45:00,60.15,60.15,60.145,60.145,669
2024-08-06 16:46:00,60.17,60.2,60.15,60.1501,2208
2024-08-06 16:47:00,60.17,60.17,60.17,60.17,381
2024-08-06 16:48:00,60.19,60.19,60.19,60.19,751
2024-08-06 16:52:00,60.175,60.26,60.175,60.23,1258
2024-08-06 16:53:00,60.25,60.28,60.25,60.27,855
2024-08-06 16:55:00,60.28,60.29,60.27,60.29,305
2024-08-06 16:56:00,60.3,60.3,60.3,60.3,201
2024-08-06 16:57:00,60.3,60.3,60.3,60.3,308
2024-08-06 16:58:00,60.3,60.3,60.3,60.3,578
2024-08-06 16:59:00,60.29,60.29,60.29,60.29,402
2024-08-06 17:00:00,60.29,60.29,60.27,60.27,1193
2024-08-06 17:01:00,60.28,60.3,60.28,60.3,859
2024-08-06 17:07:00,60.34,60.34,60.34,60.34,166
2024-08-06 17:13:00,60.3301,60.3301,60.3301,60.3301,234
2024-08-06 17:17:00,60.39,60.39,60.39,60.39,204
2024-08-06 17:20:00,60.38,60.38,60.38,60.38,378
2024-08-06 17:21:00,60.39,60.39,60.28,60.28,1465
2024-08-06 17:22:00,60.295,60.323,60.295,60.323,496
2024-08-06 17:23:00,60.26,60.26,60.26,60.26,261
2024-08-06 17:24:00,60.27,60.27,60.27,60.27,148
2024-08-06 17:25:00,60.28,60.28,60.265,60.28,561
2024-08-06 17:28:00,60.285,60.285,60.285,60.285,472
2024-08-06 17:29:00,60.35,60.35,60.325,60.33,970
2024-08-06 17:30:00,60.35,60.36,60.35,60.36,539
2024-08-06 17:31:00,60.36,60.36,60.36,60.36,216
2024-08-06 17:32:00,60.36,60.36,60.36,60.36,331
2024-08-06 17:34:00,60.4,60.42,60.4,60.42,201
2024-08-06 17:35:00,60.37,60.37,60.37,60.37,335
2024-08-06 17:43:00,60.36,60.36,60.34,60.35,336
2024-08-06 17:45:00,60.35,60.35,60.35,60.35,283
2024-08-06 17:53:00,60.4,60.4,60.4,60.4,178
2024-08-06 17:55:00,60.39,60.39,60.39,60.39,350
2024-08-06 17:56:00,60.4,60.4,60.39,60.39,560
2024-08-06 17:57:00,60.385,60.4,60.385,60.4,647
2024-08-06 17:58:00,60.38,60.38,60.38,60.38,314
2024-08-06 17:59:00,60.33,60.33,60.33,60.33,242
2024-08-06 18:00:00,60.32,60.32,60.31,60.31,711
2024-08-06 18:01:00,60.3,60.3,60.28,60.28,958
2024-08-06 18:08:00,60.28,60.28,60.28,60.28,376
2024-08-06 18:10:00,60.29,60.29,60.29,60.29,101
2024-08-06 18:11:00,60.32,60.32,60.32,60.32,102
2024-08-06 18:16:00,60.39,60.4,60.39,60.4,229
2024-08-06 18:17:00,60.36,60.36,60.36,60.36,100
2024-08-06 18:18:00,60.4,60.4,60.38,60.38,587
2024-08-06 18:19:00,60.41,60.41,60.41,60.41,236
2024-08-06 18:21:00,60.47,60.47,60.47,60.47,198
2024-08-06 18:23:00,60.48,60.48,60.48,60.48,524
2024-08-06 18:25:00,60.47,60.47,60.47,60.47,131
2024-08-06 18:29:00,60.535,60.535,60.535,60.535,1004
2024-08-06 18:30:00,60.51,60.51,60.51,60.51,441
2024-08-06 18:33:00,60.57,60.62,60.57,60.62,561
2024-08-06 18:37:00,60.65,60.65,60.65,60.65,531
2024-08-06 18:38:00,60.66,60.66,60.66,60.66,209
2024-08-06 18:39:00,60.69,60.69,60.69,60.69,292
2024-08-06 18:40:00,60.64,60.64,60.64,60.64,211
2024-08-06 18:50:00,60.66,60.66,60.66,60.66,205
2024-08-06 18:51:00,60.64,60.64,60.63,60.63,357
2024-08-06 18:52:00,60.62,60.65,60.62,60.65,263
2024-08-06 18:53:00,60.64,60.64,60.63,60.63,435
2024-08-06 18:54:00,60.63,60.64,60.63,60.64,449
2024-08-06 18:55:00,60.64,60.64,60.64,60.64,221
2024-08-06 18:56:00,60.61,60.61,60.61,60.61,536
2024-08-06 18:59:00,60.46,60.46,60.46,60.46,238
2024-08-06 19:00:00,60.35,60.35,60.35,60.35,239
2024-08-06 19:02:00,60.36,60.36,60.35,60.35,442
2024-08-06 19:03:00,60.36,60.37,60.34,60.34,607
2024-08-06 19:04:00,60.27,60.27,60.26,60.26,982
2024-08-06 19:05:00,60.27,60.28,60.26,60.28,395
2024-08-06 19:08:00,60.1511,60.1511,60.1511,60.1511,144
2024-08-06 19:09:00,60.26,60.26,60.23,60.23,1300
2024-08-06 19:10:00,60.3,60.3,60.29,60.29,705
2024-08-06 19:11:00,60.325,60.38,60.325,60.38,703
2024-08-06 19:12:00,60.33,60.33,60.33,60.33,183
2024-08-06 19:13:00,60.39,60.39,60.39,60.39,294
2024-08-06 19:15:00,60.35,60.36,60.335,60.34,1104
2024-08-06 19:16:00,60.345,60.345,60.22,60.22,786
2024-08-06 19:18:00,60.28,60.2925,60.28,60.2925,512
2024-08-06 19:19:00,60.241,60.241,60.241,60.241,149
2024-08-06 19:20:00,60.31,60.31,60.31,60.31,130
2024-08-06 19:30:00,60.43,60.46,60.41,60.46,922
2024-08-06 19:33:00,60.45,60.45,60.45,60.45,276
2024-08-06 19:34:00,60.46,60.46,60.46,60.46,346
2024-08-06 19:35:00,60.42,60.42,60.42,60.42,347
2024-08-06 19:37:00,60.48,60.48,60.48,60.48,200
2024-08-06 19:40:00,60.44,60.47,60.44,60.47,1033
2024-08-06 19:41:00,60.45,60.45,60.45,60.45,307
2024-08-06 19:42:00,60.46,60.4699,60.46,60.4699,250
2024-08-06 19:43:00,60.43,60.43,60.415,60.415,1243
2024-08-06 19:44:00,60.3901,60.3901,60.39,60.39,305
2024-08-06 19:45:00,60.38,60.41,60.38,60.41,1196
2024-08-06 19:47:00,60.37,60.37,60.36,60.36,575
2024-08-06 19:48:00,60.35,60.35,60.35,60.35,275
2024-08-06 19:49:00,60.34,60.34,60.31,60.31,1040
2024-08-06 19:50:00,60.26,60.32,60.26,60.32,867
2024-08-06 19:52:00,60.2,60.2,60.2,60.2,456
2024-08-06 19:53:00,60.23,60.23,60.23,60.23,266
2024-08-06 19:54:00,60.18,60.18,60.18,60.18,404
2024-08-06 19:55:00,60.18,60.18,60.17,60.17,480
2024-08-06 19:56:00,60.15,60.15,60.15,60.15,1092
2024-08-06 19:57:00,60.13,60.13,60.13,60.13,851
2024-08-06 19:58:00,60.14,60.14,60.09,60.09,954
2024-08-06 19:59:00,60.13,60.13,60.08,60.08,1936
2024-08-07 11:22:00,60.9,60.9,60.9,60.9,100
2024-08-07 13:27:00,60.05,60.05,60.0,60.0,617
2024-08-07 13:30:00,60.71,60.71,60.06,60.67,1260
2024-08-07 13:31:00,60.7,60.75,60.565,60.75,1082
2024-08-07 13:34:00,60.71,60.71,60.71,60.71,286
2024-08-07 13:36:00,60.59,60.73,60.59,60.73,1312
2024-08-07 13:38:00,60.765,60.785,60.765,60.785,305
2024-08-07 13:53:00,60.82,60.82,60.8,60.82,505
2024-08-07 13:54:00,60.8,60.815,60.8,60.81,354
2024-08-07 13:55:00,60.82,60.84,60.68,60.755,7185
2024-08-07 13:56:00,60.7,60.72,60.67,60.67,2211
2024-08-07 13:57:00,60.56,60.7,60.56,60.7,902
2024-08-07 13:58:00,60.585,60.585,60.585,60.585,361
2024-08-07 13:59:00,60.585,60.59,60.585,60.59,2049
2024-08-07 14:00:00,60.67,60.71,60.67,60.71,924
2024-08-07 14:01:00,60.585,60.585,60.585,60.585,131
2024-08-07 14:03:00,60.58,60.58,60.58,60.58,214
2024-08-07 14:05:00,60.51,60.51,60.5,60.5,715
2024-08-07 14:07:00,60.46,60.46,60.46,60.46,293
2024-08-07 14:10:00,60.51,60.51,60.51,60.51,261
2024-08-07 14:13:00,60.405,60.405,60.32,60.32,1373
2024-08-07 14:15:00,60.195,60.195,60.195,60.195,106
2024-08-07 14:16:00,60.21,60.21,60.21,60.21,103
2024-08-07 14:24:00,60.03,60.03,60.03,60.03,105
2024-08-07 14:28:00,59.96,59.96,59.85,59.85,424
2024-08-07 14:43:00,59.975,59.975,59.975,59.975,172
2024-08-07 14:44:00,60.0,60.01,60.0,60.01,527
2024-08-07 14:45:00,60.04,60.04,60.035,60.035,445
2024-08-07 14:47:00,60.18,60.18,60.18,60.18,117
2024-08-07 14:49:00,60.165,60.165,60.165,60.165,139
2024-08-07 14:53:00,60.16,60.16,60.16,60.16,339
2024-08-07 15:00:00,60.105,60.15,60.105,60.15,311
2024-08-07 15:07:00,60.19,60.23,60.19,60.23,386
2024-08-07 15:08:00,60.24,60.24,60.24,60.24,244
2024-08-07 15:10:00,60.16,60.23,60.16,60.16,703
2024-08-07 15:11:00,60.12,60.17,60.11,60.17,1448
2024-08-07 15:12:00,60.12,60.13,60.12,60.12,707
2024-08-07 15:14:00,60.07,60.07,60.01,60.01,493
2024-08-07 15:18:00,59.95,59.95,59.8942,59.8942,2916
2024-08-07 15:19:00,59.94,59.94,59.9,59.9,704
2024-08-07 15:20:00,59.958,59.958,59.84,59.84,520
2024-08-07 15:21:00,59.955,59.955,59.955,59.955,429
2024-08-07 15:22:00,59.96,59.96,59.955,59.955,351
2024-08-07 15:23:00,59.95,59.98,59.85,59.98,1654
2024-08-07 15:24:00,59.92,59.92,59.91,59.91,632
2024-08-07 15:25:00,59.835,59.9804,59.83,59.9804,898
2024-08-07 15:29:00,59.78,59.79,59.78,59.79,662
2024-08-07 15:30:00,59.81,59.83,59.81,59.83,303
2024-08-07 15:31:00,59.83,59.83,59.83,59.83,304
2024-08-07 15:34:00,59.8,59.8,59.78,59.78,812
2024-08-07 15:35:00,59.81,59.81,59.81,59.81,549
2024-08-07 15:37:00,59.83,59.83,59.76,59.76,239
2024-08-07 15:38:00,59.78,59.78,59.78,59.78,250
2024-08-07 15:39:00,59.77,59.77,59.77,59.77,101
2024-08-07 15:40:00,59.77,59.7718,59.77,59.7718,846
2024-08-07 15:42:00,59.84,59.85,59.84,59.85,561
2024-08-07 15:44:00,59.75,59.75,59.675,59.7075,5436
2024-08-07 15:45:00,59.72,59.72,59.6604,59.6604,561
2024-08-07 15:47:00,59.565,59.63,59.565,59.63,434
2024-08-07 15:48:00,59.49,59.49,59.49,59.49,498
2024-08-07 15:49:00,59.51,59.605,59.51,59.51,789
2024-08-07 15:50:00,59.51,59.59,59.51,59.56,834
2024-08-07 15:51:00,59.59,59.68,59.54,59.68,1112
2024-08-07 15:52:00,59.62,59.62,59.55,59.56,1071
2024-08-07 15:53:00,59.565,59.57,59.555,59.57,410
2024-08-07 15:54:00,59.585,59.585,59.57,59.57,338
2024-08-07 15:55:00,59.7367,59.7367,59.7367,59.7367,275
2024-08-07 16:03:00,59.61,59.61,59.61,59.61,342
2024-08-07 16:04:00,59.53,59.53,59.53,59.53,300
2024-08-07 16:15:00,59.66,59.67,59.58,59.58,829
2024-08-07 16:18:00,59.64,59.64,59.64,59.64,280
2024-08-07 16:22:00,59.705,59.705,59.705,59.705,600
2024-08-07 16:23:00,59.6465,59.705,59.6465,59.705,1664
2024-08-07 16:25:00,59.73,59.73,59.73,59.73,169
2024-08-07 16:26:00,59.7485,59.7485,59.7485,59.7485,151
2024-08-07 16:27:00,59.705,59.705,59.705,59.705,168
2024-08-07 16:30:00,59.72,59.72,59.72,59.72,320
2024-08-07 16:31:00,59.68,59.68,59.65,59.65,494
2024-08-07 16:33:00,59.67,59.7,59.67,59.7,803
2024-08-07 16:36:00,59.705,59.705,59.69,59.69,465
2024-08-07 16:37:00,59.64,59.64,59.64,59.64,677
2024-08-07 16:42:00,59.595,59.595,59.58,59.58,406
2024-08-07 16:47:00,59.49,59.49,59.49,59.49,339
2024-08-07 16:48:00,59.41,59.41,59.41,59.41,328
2024-08-07 16:49:00,59.51,59.51,59.51,59.51,341
2024-08-07 16:50:00,59.41,59.41,59.41,59.41,276
2024-08-07 17:02:00,59.34,59.37,59.31,59.37,1060
2024-08-07 17:03:00,59.29,59.29,59.29,59.29,116
2024-08-07 17:04:00,59.33,59.33,59.33,59.33,261
2024-08-07 17:09:00,59.26,59.26,59.26,59.26,280
2024-08-07 17:10:00,59.25,59.25,59.25,59.25,202
2024-08-07 17:11:00,59.21,59.21,59.21,59.21,163
2024-08-07 17:15:00,59.19,59.19,59.19,59.19,105
2024-08-07 17:17:00,59.17,59.2999,59.1614,59.1614,440
2024-08-07 17:18:00,59.16,59.16,59.15,59.16,504
2024-08-07 17:19:00,59.14,59.14,59.14,59.14,167
2024-08-07 17:20:00,59.205,59.225,59.1555,59.1555,826
2024-08-07 17:22:00,59.23,59.23,59.23,59.23,515
2024-08-07 17:23:00,59.23,59.23,59.23,59.23,671
2024-08-07 17:24:00,59.27,59.27,59.27,59.27,275
2024-08-07 17:25:00,59.31,59.35,59.31,59.35,436
2024-08-07 17:33:00,59.37,59.37,59.37,59.37,100
2024-08-07 17:37:00,59.39,59.39,59.39,59.39,225
2024-08-07 17:38:00,59.39,59.39,59.39,59.39,361
2024-08-07 17:39:00,59.4,59.4,59.4,59.4,105
2024-08-07 17:41:00,59.36,59.36,59.35,59.35,541
2024-08-07 17:46:00,59.245,59.245,59.245,59.245,339
2024-08-07 17:48:00,59.2,59.2,59.2,59.2,242
2024-08-07 17:49:00,59.14,59.14,59.14,59.14,152
2024-08-07 17:52:00,59.09,59.09,59.09,59.09,305
2024-08-07 17:59:00,59.05,59.05,59.05,59.05,283
2024-08-07 18:07:00,58.9,58.92,58.9,58.92,893
2024-08-07 18:11:00,58.935,58.965,58.935,58.965,255
2024-08-07 18:13:00,58.83,58.88,58.83,58.88,1645
2024-08-07 18:14:00,58.9,58.9,58.9,58.9,659
2024-08-07 18:15:00,58.89,58.91,58.89,58.91,1207
2024-08-07 18:16:00,58.91,58.91,58.855,58.89,1974
2024-08-07 18:20:00,58.95,58.95,58.95,58.95,211
2024-08-07 18:21:00,58.95,58.95,58.95,58.95,276
2024-08-07 18:28:00,58.94,58.94,58.94,58.94,220
2024-08-07 18:30:00,58.97,58.97,58.97,58.97,233
2024-08-07 18:31:00,58.95,58.95,58.95,58.95,468
2024-08-07 18:32:00,58.94,58.94,58.94,58.94,121
2024-08-07 18:34:00,58.9305,58.9305,58.9305,58.9305,186
2024-08-07 18:36:00,58.95,58.95,58.95,58.95,228
2024-08-07 18:37:00,58.9,58.91,58.89,58.91,991
2024-08-07 18:43:00,58.89,58.89,58.89,58.89,102
2024-08-07 18:44:00,58.92,58.92,58.92,58.92,387
2024-08-07 18:45:00,58.94,58.94,58.94,58.94,107
2024-08-07 18:47:00,58.89,58.89,58.89,58.89,458
2024-08-07 18:48:00,58.82,58.82,58.82,58.82,377
2024-08-07 18:53:00,58.76,58.76,58.76,58.76,145
2024-08-07 18:55:00,58.87,58.87,58.84,58.84,483
2024-08-07 18:59:00,58.855,58.855,58.855,58.855,287
2024-08-07 19:00:00,58.91,58.91,58.91,58.91,104
2024-08-07 19:02:00,58.91,58.96,58.91,58.96,859
2024-08-07 19:03:00,59.0,59.0,59.0,59.0,190
2024-08-07 19:05:00,59.065,59.065,59.065,59.065,358
2024-08-07 19:07:00,59.09,59.09,59.09,59.09,110
2024-08-07 19:10:00,59.095,59.115,59.095,59.115,733
2024-08-07 19:11:00,59.17,59.17,59.17,59.17,353
2024-08-07 19:12:00,59.16,59.16,59.15,59.15,513
2024-08-07 19:17:00,59.12,59.12,59.12,59.12,311
2024-08-07 19:21:00,59.185,59.185,59.185,59.185,630
2024-08-07 19:22:00,59.11,59.11,59.11,59.11,250
2024-08-07 19:23:00,59.1,59.1,59.1,59.1,120
2024-08-07 19:24:00,59.1099,59.1099,59.1099,59.1099,444
2024-08-07 19:25:00,59.13,59.13,59.13,59.13,315
2024-08-07 19:29:00,59.17,59.18,59.13,59.13,626
2024-08-07 19:31:00,59.09,59.09,59.08,59.08,544
2024-08-07 19:32:00,59.115,59.115,59.115,59.115,743
2024-08-07 19:33:00,59.17,59.17,59.17,59.17,659
2024-08-07 19:34:00,59.18,59.19,59.17,59.17,792
2024-08-07 19:36:00,59.19,59.19,59.19,59.19,287
2024-08-07 19:37:00,59.25,59.25,59.25,59.25,158
2024-08-07 19:38:00,59.26,59.26,59.26,59.26,115
2024-08-07 19:40:00,59.17,59.21,59.17,59.21,452
2024-08-07 19:41:00,59.17,59.17,59.17,59.17,390
2024-08-07 19:43:00,59.1394,59.1394,59.115,59.115,396
2024-08-07 19:45:00,59.09,59.09,59.085,59.085,1404
2024-08-07 19:46:00,59.085,59.085,59.085,59.085,597
2024-08-07 19:47:00,59.125,59.125,59.125,59.125,284
2024-08-07 19:49:00,59.085,59.085,59.085,59.085,258
2024-08-07 19:50:00,58.99,58.99,58.94,58.94,1419
2024-08-07 19:51:00,58.93,58.96,58.9259,58.96,1107
2024-08-07 19:52:00,58.96,58.96,58.96,58.96,237
2024-08-07 19:54:00,58.945,58.945,58.87,58.87,504
2024-08-07 19:55:00,58.86,58.86,58.86,58.86,720
2024-08-07 19:56:00,58.835,58.85,58.835,58.85,632
2024-08-07 19:57:00,58.85,58.85,58.85,58.85,1256
2024-08-07 19:58:00,58.83,58.83,58.83,58.83,1031
2024-08-07 19:59:00,58.81,58.84,58.8,58.8,3179
2024-08-07 20:44:00,61.77,61.77,61.77,61.77,180
2024-08-07 21:45:00,58.8,58.8,58.8,58.8,351
2024-08-07 23:51:00,58.8,58.8,58.8,58.8,44000
2024-08-08 11:00:00,58.53,58.53,58.53,58.53,100
2024-08-08 12:30:00,58.6,58.6,58.6,58.6,400
2024-08-08 13:18:00,58.59,58.59,58.59,58.59,100
2024-08-08 13:28:00,58.24,58.24,58.24,58.24,536
2024-08-08 13:29:00,58.24,58.33,58.24,58.32,660
2024-08-08 13:30:00,58.5,58.5,58.5,58.5,755
2024-08-08 13:31:00,58.59,58.59,58.59,58.59,220
2024-08-08 13:34:00,58.5,58.5,58.475,58.475,360
2024-08-08 13:36:00,58.51,58.51,58.51,58.51,328
2024-08-08 13:37:00,58.42,58.42,58.42,58.42,309
2024-08-08 13:38:00,58.5,58.5,58.5,58.5,117
2024-08-08 13:39:00,58.515,58.515,58.515,58.515,175
2024-08-08 13:40:00,58.42,58.42,58.42,58.42,135
2024-08-08 13:42:00,58.5,58.5,58.5,58.5,196
2024-08-08 13:43:00,58.42,58.42,58.42,58.42,117
2024-08-08 13:46:00,58.42,58.42,58.39,58.39,804
2024-08-08 13:47:00,58.35,58.39,58.34,58.39,801
2024-08-08 13:49:00,58.25,58.27,58.145,58.22,1044
2024-08-08 13:51:00,58.145,58.145,58.145,58.145,208
2024-08-08 13:52:00,58.25,58.25,58.25,58.25,796
2024-08-08 13:53:00,58.26,58.26,58.26,58.26,153
2024-08-08 13:54:00,58.35,58.35,58.35,58.35,634
2024-08-08 13:55:00,58.35,58.35,58.35,58.35,371
2024-08-08 13:59:00,58.4586,58.529,58.391,58.529,4718
2024-08-08 14:00:00,58.46,58.52,58.4,58.43,1338
2024-08-08 14:01:00,58.51,58.51,58.4721,58.48,952
2024-08-08 14:02:00,58.53,58.545,58.495,58.545,2804
2024-08-08 14:04:00,58.56,58.56,58.55,58.55,1755
2024-08-08 14:05:00,58.55,58.55,58.52,58.525,1393
2024-08-08 14:06:00,58.5312,58.5312,58.5312,58.5312,3057
2024-08-08 14:07:00,58.49,58.525,58.49,58.525,539
2024-08-08 14:08:00,58.525,58.525,58.525,58.525,485
2024-08-08 14:09:00,58.51,58.515,58.51,58.515,521
2024-08-08 14:11:00,58.52,58.52,58.52,58.52,375
2024-08-08 14:12:00,58.535,58.535,58.535,58.535,445
2024-08-08 14:13:00,58.5475,58.56,58.54,58.54,1414
2024-08-08 14:16:00,58.6,58.6,58.59,58.59,1368
2024-08-08 14:17:00,58.6188,58.71,58.6188,58.68,1015
2024-08-08 14:18:00,58.71,58.71,58.71,58.71,405
2024-08-08 14:20:00,58.61,58.61,58.61,58.61,523
2024-08-08 14:21:00,58.6,58.6,58.6,58.6,111
2024-08-08 14:24:00,58.56,58.565,58.56,58.565,313
2024-08-08 14:25:00,58.7,58.7,58.7,58.7,369
2024-08-08 14:26:00,58.69,58.71,58.69,58.71,234
2024-08-08 14:27:00,58.66,58.73,58.59,58.66,789
2024-08-08 14:29:00,58.82,58.82,58.75,58.75,338
2024-08-08 14:30:00,58.75,58.75,58.75,58.75,201
2024-08-08 14:31:00,58.64,58.64,58.64,58.64,142
2024-08-08 14:34:00,58.77,58.77,58.77,58.77,317
2024-08-08 14:36:00,58.77,58.83,58.71,58.71,1058
2024-08-08 14:38:00,58.82,58.83,58.82,58.83,339
2024-08-08 14:39:00,58.855,58.855,58.855,58.855,112
2024-08-08 14:42:00,58.81,58.81,58.79,58.79,1149
2024-08-08 14:43:00,58.77,58.77,58.77,58.77,119
2024-08-08 14:44:00,58.73,58.73,58.73,58.73,302
2024-08-08 14:47:00,58.767,58.767,58.767,58.767,164
2024-08-08 14:48:00,58.78,58.79,58.78,58.79,656
2024-08-08 14:49:00,58.82,58.82,58.81,58.81,1417
2024-08-08 14:50:00,58.8,58.8,58.8,58.8,136
2024-08-08 14:56:00,58.73,58.73,58.73,58.73,240
2024-08-08 15:00:00,58.77,58.77,58.77,58.77,134
2024-08-08 15:02:00,58.69,58.69,58.69,58.69,110
2024-08-08 15:04:00,58.765,58.765,58.74,58.745,755
2024-08-08 15:11:00,58.75,58.75,58.72,58.73,420
2024-08-08 15:13:00,58.62,58.62,58.62,58.62,110
2024-08-08 15:16:00,58.61,58.61,58.61,58.61,178
2024-08-08 15:19:00,58.59,58.6,58.56,58.57,460
2024-08-08 15:20:00,58.63,58.655,58.56,58.655,1447
2024-08-08 15:21:00,58.67,58.7,58.67,58.7,571
2024-08-08 15:22:00,58.7,58.7,58.68,58.68,683
2024-08-08 15:23:00,58.76,58.76,58.76,58.76,131
2024-08-08 15:24:00,58.79,58.79,58.79,58.79,128
2024-08-08 15:25:00,58.68,58.68,58.68,58.68,111
2024-08-08 15:26:00,58.79,58.79,58.79,58.79,181
2024-08-08 15:28:00,58.717,58.717,58.717,58.717,111
2024-08-08 15:29:00,58.8,58.8,58.74,58.76,1689
2024-08-08 15:31:00,58.79,58.79,58.77,58.77,1479
2024-08-08 15:34:00,58.77,58.77,58.77,58.77,361
2024-08-08 15:36:00,58.71,58.71,58.71,58.71,151
2024-08-08 15:39:00,58.717,58.717,58.717,58.717,111
2024-08-08 15:40:00,58.73,58.73,58.71,58.71,332
2024-08-08 15:42:00,58.7,58.7,58.7,58.7,111
2024-08-08 15:43:00,58.74,58.74,58.74,58.74,135
2024-08-08 15:45:00,58.7,58.7,58.68,58.68,210
2024-08-08 15:46:00,58.67,58.67,58.67,58.67,202
2024-08-08 15:47:00,58.69,58.69,58.69,58.69,124
2024-08-08 15:51:00,58.69,58.71,58.69,58.71,310
2024-08-08 15:53:00,58.68,58.68,58.68,58.68,124
2024-08-08 15:54:00,58.68,58.71,58.68,58.71,491
2024-08-08 15:56:00,58.7,58.7,58.7,58.7,226
2024-08-08 15:58:00,58.69,58.69,58.69,58.69,113
2024-08-08 15:59:00,58.66,58.66,58.66,58.66,120
2024-08-08 16:00:00,58.7,58.7,58.7,58.7,192
2024-08-08 16:03:00,58.72,58.72,58.72,58.72,136
2024-08-08 16:05:00,58.78,58.79,58.765,58.77,1974
2024-08-08 16:06:00,58.82,58.82,58.82,58.82,728
2024-08-08 16:09:00,58.83,58.83,58.83,58.83,429
2024-08-08 16:12:00,58.83,58.83,58.83,58.83,519
2024-08-08 16:21:00,58.82,58.82,58.8,58.8,212
2024-08-08 16:22:00,58.78,58.7944,58.75,58.7695,4019
2024-08-08 16:23:00,58.81,58.81,58.79,58.79,854
2024-08-08 16:25:00,58.795,58.795,58.795,58.795,447
2024-08-08 16:29:00,58.8082,58.81,58.7561,58.81,422
2024-08-08 16:30:00,58.75,58.75,58.72,58.72,583
2024-08-08 16:31:00,58.67,58.67,58.67,58.67,322
2024-08-08 16:35:00,58.72,58.7266,58.72,58.7266,575
2024-08-08 16:37:00,58.68,58.68,58.65,58.65,397
2024-08-08 16:39:00,58.65,58.65,58.65,58.65,169
2024-08-08 16:40:00,58.655,58.655,58.655,58.655,411
2024-08-08 16:45:00,58.68,58.68,58.655,58.655,527
2024-08-08 16:46:00,58.69,58.69,58.655,58.655,666
2024-08-08 16:47:00,58.655,58.655,58.6226,58.6226,1094
2024-08-08 16:50:00,58.655,58.665,58.6101,58.665,1476
2024-08-08 16:51:00,58.66,58.665,58.64,58.64,2073
2024-08-08 16:53:00,58.65,58.66,58.65,58.65,1620
2024-08-08 16:54:00,58.65,58.66,58.65,58.655,2113
2024-08-08 16:55:00,58.66,58.66,58.655,58.655,3373
2024-08-08 16:56:00,58.66,58.66,58.65,58.655,975
2024-08-08 16:58:00,58.61,58.61,58.55,58.55,716
2024-08-08 16:59:00,58.6,58.61,58.6,58.61,769
2024-08-08 17:00:00,58.63,58.63,58.63,58.63,119
2024-08-08 17:01:00,58.61,58.61,58.61,58.61,110
2024-08-08 17:02:00,58.56,58.56,58.495,58.53,1685
2024-08-08 17:10:00,58.62,58.62,58.62,58.62,540
2024-08-08 17:13:00,58.63,58.68,58.63,58.645,734
2024-08-08 17:18:00,58.7,58.7,58.66,58.66,700
2024-08-08 17:19:00,58.67,58.76,58.67,58.735,2047
2024-08-08 17:20:00,58.735,58.735,58.735,58.735,276
2024-08-08 17:21:00,58.76,58.76,58.74,58.76,734
2024-08-08 17:23:00,58.76,58.76,58.755,58.755,973
2024-08-08 17:24:00,58.78,58.78,58.78,58.78,364
2024-08-08 17:27:00,58.785,58.8,58.78,58.8,488
2024-08-08 17:28:00,58.775,58.78,58.745,58.76,1406
2024-08-08 17:29:00,58.79,58.79,58.78,58.7829,1000
2024-08-08 17:31:00,58.77,58.79,58.77,58.78,740
2024-08-08 17:32:00,58.81,58.82,58.79,58.8,936
2024-08-08 17:33:00,58.81,58.81,58.81,58.81,199
2024-08-08 17:34:00,58.82,58.82,58.82,58.82,438
2024-08-08 17:35:00,58.82,58.82,58.82,58.82,311
2024-08-08 17:43:00,58.83,58.83,58.83,58.83,100
2024-08-08 17:45:00,58.85,58.85,58.85,58.85,210
2024-08-08 17:47:00,58.84,58.84,58.84,58.84,272
2024-08-08 17:51:00,58.89,58.9,58.89,58.9,403
2024-08-08 17:56:00,58.905,58.905,58.87,58.895,1923
2024-08-08 18:00:00,58.87,58.87,58.87,58.87,117
2024-08-08 18:01:00,58.86,58.86,58.86,58.86,143
2024-08-08 18:03:00,58.86,58.92,58.86,58.92,1369
2024-08-08 18:04:00,58.92,58.95,58.92,58.94,1499
2024-08-08 18:10:00,58.9511,58.9511,58.9203,58.9203,558
2024-08-08 18:14:00,58.93,58.93,58.93,58.93,110
2024-08-08 18:15:00,58.965,59.0,58.965,58.965,1011
2024-08-08 18:16:00,58.99,58.99,58.99,58.99,562
2024-08-08 18:19:00,58.985,59.0,58.985,58.985,1423
2024-08-08 18:25:00,59.091,59.1,59.02,59.04,2693
2024-08-08 18:26:00,59.065,59.065,59.05,59.05,1890
2024-08-08 18:27:00,58.97,58.9749,58.94,58.94,1736
2024-08-08 18:28:00,58.98,58.98,58.98,58.98,459
2024-08-08 18:30:00,59.05,59.05,59.03,59.03,247
2024-08-08 18:31:00,59.08,59.08,59.08,59.08,110
2024-08-08 18:32:00,59.08,59.08,59.08,59.08,294
2024-08-08 18:33:00,59.0391,59.0391,59.0102,59.0102,1093
2024-08-08 18:37:00,59.07,59.07,59.07,59.07,139
2024-08-08 18:38:00,59.06,59.06,59.06,59.06,438
2024-08-08 18:39:00,59.04,59.04,59.04,59.04,508
2024-08-08 18:40:00,59.0,59.0,58.99,58.99,430
2024-08-08 18:42:00,59.005,59.005,58.9897,58.9897,719
2024-08-08 18:43:00,58.995,58.995,58.95,58.95,477
2024-08-08 18:44:00,58.95,58.95,58.95,58.95,210
2024-08-08 18:46:00,58.985,58.985,58.985,58.985,358
2024-08-08 18:47:00,58.98,59.01,58.97,58.97,805
2024-08-08 18:48:00,58.98,58.98,58.9742,58.9742,804
2024-08-08 18:49:00,58.99,58.99,58.99,58.99,110
2024-08-08 18:50:00,59.0,59.02,59.0,59.02,825
2024-08-08 18:53:00,59.03,59.04,59.03,59.03,936
2024-08-08 18:54:00,59.015,59.04,58.99,59.0156,686
2024-08-08 18:55:00,59.04,59.04,59.03,59.0314,565
2024-08-08 19:00:00,59.03,59.03,59.02,59.02,817
2024-08-08 19:03:00,58.9,58.9,58.9,58.9,336
2024-08-08 19:04:00,58.87,58.8985,58.87,58.89,929
2024-08-08 19:05:00,58.88,58.9,58.88,58.9,624
2024-08-08 19:06:00,58.9,58.9,58.9,58.9,448
2024-08-08 19:07:00,58.93,58.93,58.9,58.9,310
2024-08-08 19:08:00,58.9,58.93,58.9,58.93,444
2024-08-08 19:10:00,58.97,58.9737,58.96,58.9737,714
2024-08-08 19:11:00,59.01,59.01,59.01,59.01,231
2024-08-08 19:14:00,59.02,59.02,59.02,59.02,391
2024-08-08 19:17:00,59.01,59.01,59.01,59.01,818
2024-08-08 19:18:00,59.02,59.02,58.995,58.995,1112
2024-08-08 19:19:00,59.0,59.0,59.0,59.0,110
2024-08-08 19:20:00,59.0,59.0,58.97,58.97,2425
2024-08-08 19:22:00,58.96,58.96,58.96,58.96,365
2024-08-08 19:23:00,58.99,58.99,58.99,58.99,399
2024-08-08 19:24:00,58.96,58.96,58.94,58.94,461
2024-08-08 19:25:00,58.94,58.94,58.94,58.94,357
2024-08-08 19:28:00,58.93,58.93,58.85,58.86,999
2024-08-08 19:30:00,58.83,58.87,58.8253,58.87,1269
2024-08-08 19:32:00,58.84,58.84,58.68,58.76,3304
2024-08-08 19:33:00,58.77,58.78,58.77,58.78,953
2024-08-08 19:34:00,58.77,58.8,58.77,58.8,612
2024-08-08 19:38:00,58.85,58.85,58.85,58.85,245
2024-08-08 19:39:00,58.857,58.8651,58.857,58.8651,213
2024-08-08 19:41:00,58.87,58.905,58.87,58.905,401
2024-08-08 19:42:00,58.9464,58.9464,58.9464,58.9464,420
2024-08-08 19:43:00,58.92,58.985,58.92,58.985,1997
2024-08-08 19:44:00,58.99,58.995,58.99,58.995,222
2024-08-08 19:45:00,59.0266,59.0266,59.0266,59.0266,335
2024-08-08 19:47:00,59.0399,59.0399,59.015,59.015,870
2024-08-08 19:48:00,58.99,58.99,58.98,58.98,1824
2024-08-08 19:49:00,58.9999,58.9999,58.9999,58.9999,125
2024-08-08 19:50:00,58.95,58.99,58.95,58.99,459
2024-08-08 19:51:00,58.965,58.965,58.965,58.965,435
2024-08-08 19:52:00,58.965,59.05,58.95,59.05,1383
2024-08-08 19:54:00,59.069,59.069,59.04,59.04,649
2024-08-08 19:55:00,59.0,59.0,59.0,59.0,422
2024-08-08 19:56:00,58.9957,59.0,58.99,59.0,902
2024-08-08 19:57:00,58.995,59.02,58.995,59.02,558
2024-08-08 19:58:00,59.04,59.05,59.03,59.04,2153
2024-08-08 19:59:00,59.08,59.14,59.06,59.12,6597
2024-08-09 08:01:00,59.16,59.16,59.16,59.16,103
2024-08-09 13:29:00,59.63,59.64,58.94,59.64,1562
2024-08-09 13:30:00,59.28,59.28,59.28,59.28,2057
2024-08-09 13:31:00,59.365,59.365,59.3176,59.3176,1100
2024-08-09 13:39:00,59.5,59.5,59.5,59.5,105
2024-08-09 13:40:00,59.53,59.53,59.53,59.53,129
2024-08-09 13:46:00,59.53,59.54,59.45,59.5,1018
2024-08-09 13:47:00,59.5,59.5,59.5,59.5,115
2024-08-09 13:48:00,59.54,59.54,59.54,59.54,137
2024-08-09 13:49:00,59.41,59.44,59.41,59.44,302
2024-08-09 13:54:00,59.5,59.5,59.5,59.5,116
2024-08-09 13:55:00,59.52,59.52,59.52,59.52,128
2024-08-09 13:59:00,59.4403,59.4403,59.4403,59.4403,133
2024-08-09 14:00:00,59.42,59.42,59.42,59.42,137
2024-08-09 14:07:00,59.4523,59.4523,59.4523,59.4523,355
2024-08-09 14:10:00,59.52,59.52,59.52,59.52,670
2024-08-09 14:19:00,59.65,59.65,59.65,59.65,102
2024-08-09 14:31:00,59.7,59.7,59.7,59.7,217
2024-08-09 14:32:00,59.62,59.62,59.62,59.62,445
2024-08-09 14:33:00,59.59,59.59,59.59,59.59,278
2024-08-09 14:35:00,59.56,59.56,59.56,59.56,224
2024-08-09 14:40:00,59.59,59.59,59.59,59.59,208
2024-08-09 14:45:00,59.655,59.655,59.655,59.655,312
2024-08-09 14:46:00,59.7,59.7,59.68,59.68,754
2024-08-09 14:48:00,59.695,59.695,59.695,59.695,184
2024-08-09 14:52:00,59.76,59.76,59.74,59.74,384
2024-08-09 14:55:00,59.82,59.82,59.82,59.82,100
2024-08-09 14:59:00,59.76,59.76,59.76,59.76,181
2024-08-09 15:05:00,59.81,59.81,59.81,59.81,100
2024-08-09 15:06:00,59.84,59.84,59.84,59.84,550
2024-08-09 15:07:00,59.84,59.85,59.84,59.85,302
2024-08-09 15:22:00,59.8,59.8,59.8,59.8,347
2024-08-09 15:28:00,59.79,59.79,59.79,59.79,600
2024-08-09 15:30:00,59.71,59.71,59.71,59.71,244
2024-08-09 15:34:00,59.76,59.76,59.76,59.76,538
2024-08-09 15:41:00,59.7,59.7,59.7,59.7,640
2024-08-09 15:53:00,59.76,59.76,59.75,59.75,1183
2024-08-09 15:55:00,59.8,59.8,59.8,59.8,145
2024-08-09 15:56:00,59.74,59.74,59.7,59.7,692
2024-08-09 16:07:00,59.6437,59.6437,59.6437,59.6437,500
2024-08-09 16:10:00,59.66,59.66,59.66,59.66,328
2024-08-09 16:11:00,59.73,59.73,59.73,59.73,123
2024-08-09 16:16:00,59.66,59.66,59.66,59.66,131
2024-08-09 16:19:00,59.66,59.66,59.66,59.66,114
2024-08-09 16:20:00,59.66,59.66,59.66,59.66,378
2024-08-09 16:21:00,59.625,59.7099,59.625,59.6559,970
2024-08-09 16:24:00,59.68,59.68,59.68,59.68,141
2024-08-09 16:30:00,59.71,59.72,59.71,59.72,830
2024-08-09 16:36:00,59.72,59.72,59.72,59.72,141
2024-08-09 16:39:00,59.74,59.74,59.74,59.74,254
2024-08-09 16:48:00,59.73,59.73,59.73,59.73,490
2024-08-09 16:50:00,59.73,59.73,59.73,59.73,104
2024-08-09 16:58:00,59.75,59.75,59.75,59.75,157
2024-08-09 17:00:00,59.77,59.77,59.77,59.77,241
2024-08-09 17:03:00,59.81,59.81,59.81,59.81,119
2024-08-09 17:08:00,59.79,59.79,59.79,59.79,111
2024-08-09 17:11:00,59.82,59.84,59.82,59.84,368
2024-08-09 17:13:00,59.8147,59.85,59.8147,59.84,902
2024-08-09 17:14:00,59.85,59.85,59.85,59.85,181
2024-08-09 17:18:00,59.92,59.92,59.92,59.92,179
2024-08-09 17:20:00,59.8905,59.915,59.8905,59.915,260
2024-08-09 17:22:00,59.9157,59.9157,59.9157,59.9157,143
2024-08-09 17:25:00,59.93,59.93,59.93,59.93,218
2024-08-09 17:29:00,59.975,60.0,59.96,59.96,1044
2024-08-09 17:30:00,60.02,60.04,60.02,60.04,433
2024-08-09 17:31:00,60.01,60.01,60.01,60.01,262
2024-08-09 17:35:00,60.01,60.03,60.01,60.03,509
2024-08-09 17:40:00,60.022,60.022,60.022,60.022,189
2024-08-09 17:41:00,59.98,59.98,59.91,59.91,975
2024-08-09 17:42:00,59.91,59.91,59.9,59.9,302
2024-08-09 17:43:00,59.94,59.94,59.94,59.94,717
2024-08-09 17:45:00,59.94,59.94,59.94,59.94,367
2024-08-09 17:46:00,59.9468,59.9468,59.9468,59.9468,125
2024-08-09 17:47:00,59.9201,59.9201,59.9201,59.9201,204
2024-08-09 17:52:00,59.9,59.9,59.9,59.9,139
2024-08-09 17:54:00,59.88,59.88,59.84,59.84,742
2024-08-09 17:58:00,59.79,59.79,59.79,59.79,221
2024-08-09 17:59:00,59.797,59.797,59.797,59.797,122
2024-08-09 18:01:00,59.83,59.83,59.83,59.83,334
2024-08-09 18:03:00,59.7901,59.7901,59.7901,59.7901,229
2024-08-09 18:06:00,59.792,59.792,59.792,59.792,203
2024-08-09 18:09:00,59.795,59.82,59.795,59.82,240
2024-08-09 18:22:00,59.76,59.76,59.76,59.76,213
2024-08-09 18:24:00,59.735,59.735,59.735,59.735,196
2024-08-09 18:27:00,59.76,59.76,59.76,59.76,147
2024-08-09 18:29:00,59.72,59.73,59.67,59.73,2422
2024-08-09 18:34:00,59.84,59.85,59.81,59.81,583
2024-08-09 18:38:00,59.83,59.835,59.83,59.835,259
2024-08-09 18:47:00,59.9,59.92,59.9,59.92,1765
2024-08-09 18:50:00,59.93,59.93,59.85,59.85,1494
2024-08-09 18:52:00,59.84,59.84,59.78,59.78,1420
2024-08-09 18:58:00,59.8085,59.8085,59.8085,59.8085,108
2024-08-09 19:03:00,59.87,59.87,59.846,59.846,855
2024-08-09 19:16:00,59.9097,59.9097,59.9097,59.9097,121
2024-08-09 19:20:00,59.833,59.833,59.833,59.833,2950
2024-08-09 19:21:00,59.83,59.83,59.82,59.82,473
2024-08-09 19:23:00,59.8,59.8,59.77,59.77,779
2024-08-09 19:25:00,59.81,59.81,59.81,59.81,241
2024-08-09 19:27:00,59.81,59.81,59.81,59.81,329
2024-08-09 19:30:00,59.75,59.75,59.73,59.73,508
2024-08-09 19:31:00,59.76,59.825,59.76,59.825,1817
2024-08-09 19:32:00,59.8,59.8,59.8,59.8,274
2024-08-09 19:33:00,59.74,59.74,59.74,59.74,186
2024-08-09 19:35:00,59.74,59.8,59.74,59.8,1284
2024-08-09 19:40:00,59.765,59.765,59.765,59.765,431
2024-08-09 19:46:00,59.74,59.76,59.74,59.76,788
2024-08-09 19:50:00,59.81,59.81,59.81,59.81,662
2024-08-09 19:52:00,59.79,59.79,59.79,59.79,392
2024-08-09 19:54:00,59.74,59.74,59.71,59.71,893
2024-08-09 19:57:00,59.73,59.73,59.72,59.72,980
2024-08-09 19:58:00,59.75,59.79,59.75,59.79,1819
2024-08-09 19:59:00,59.81,59.83,59.81,59.825,1513
2024-08-12 13:28:00,59.7,59.7,59.7,59.7,100
2024-08-12 13:40:00,59.6,59.6,59.6,59.6,740
2024-08-12 13:41:00,59.62,59.63,59.62,59.63,248
2024-08-12 13:42:00,59.63,59.63,59.63,59.63,195
2024-08-12 13:44:00,59.66,59.83,59.66,59.73,588
2024-08-12 13:45:00,59.72,59.72,59.72,59.72,204
2024-08-12 13:46:00,59.75,59.75,59.75,59.75,242
2024-08-12 13:48:00,59.75,59.75,59.75,59.75,143
2024-08-12 13:49:00,59.69,59.69,59.69,59.69,136
2024-08-12 13:56:00,59.69,59.69,59.64,59.64,355
2024-08-12 13:58:00,59.63,59.63,59.58,59.58,809
2024-08-12 13:59:00,59.61,59.61,59.61,59.61,232
2024-08-12 14:00:00,59.61,59.61,59.605,59.605,321
2024-08-12 14:06:00,59.68,59.69,59.646,59.646,975
2024-08-12 14:12:00,59.76,59.76,59.76,59.76,112
2024-08-12 14:22:00,59.81,59.81,59.81,59.81,113
2024-08-12 14:23:00,59.77,59.78,59.77,59.78,419
2024-08-12 14:28:00,59.78,59.78,59.78,59.78,162
2024-08-12 14:33:00,59.88,59.88,59.88,59.88,130
2024-08-12 14:36:00,59.86,59.86,59.86,59.86,389
2024-08-12 14:37:00,59.88,59.88,59.88,59.88,179
2024-08-12 14:38:00,59.89,59.89,59.89,59.89,330
2024-08-12 14:46:00,59.92,59.92,59.92,59.92,116
2024-08-12 14:48:00,59.92,59.92,59.92,59.92,314
2024-08-12 14:49:00,59.95,59.95,59.95,59.95,382
2024-08-12 14:52:00,60.02,60.02,60.02,60.02,250
2024-08-12 14:53:00,59.965,59.965,59.965,59.965,174
2024-08-12 15:06:00,60.02,60.02,60.02,60.02,496
2024-08-12 15:22:00,59.97,59.97,59.95,59.97,564
2024-08-12 15:23:00,59.92,59.92,59.91,59.91,312
2024-08-12 15:24:00,59.87,59.87,59.79,59.79,226
2024-08-12 15:25:00,59.79,59.79,59.78,59.78,212
2024-08-12 15:26:00,59.84,59.84,59.84,59.84,107
2024-08-12 15:34:00,59.86,59.86,59.86,59.86,314
2024-08-12 15:45:00,59.83,59.83,59.83,59.83,136
2024-08-12 15:50:00,59.88,59.88,59.88,59.88,340
2024-08-12 15:59:00,59.99,60.0,59.99,59.99,1283
2024-08-12 16:00:00,59.94,59.94,59.94,59.94,140
2024-08-12 16:05:00,59.99,59.99,59.99,59.99,407
2024-08-12 16:06:00,59.96,59.96,59.96,59.96,277
2024-08-12 16:07:00,59.95,59.95,59.95,59.95,346
2024-08-12 16:20:00,59.94,59.94,59.93,59.93,628
2024-08-12 16:24:00,59.855,59.855,59.855,59.855,312
2024-08-12 16:26:00,59.92,59.92,59.92,59.92,139
2024-08-12 16:28:00,59.89,59.89,59.89,59.89,222
2024-08-12 16:29:00,59.89,59.89,59.89,59.89,209
2024-08-12 16:30:00,59.9,59.9,59.86,59.86,1974
2024-08-12 16:31:00,59.86,59.86,59.84,59.86,2425
2024-08-12 16:33:00,59.875,59.875,59.875,59.875,636
2024-08-12 16:34:00,59.835,59.835,59.8296,59.8296,1332
2024-08-12 16:35:00,59.82,59.833,59.8,59.833,937
2024-08-12 16:38:00,59.82,59.82,59.82,59.82,278
2024-08-12 16:39:00,59.831,59.85,59.831,59.85,570
2024-08-12 16:40:00,59.86,59.86,59.83,59.83,1316
2024-08-12 16:41:00,59.83,59.83,59.83,59.83,547
2024-08-12 16:45:00,59.84,59.86,59.84,59.86,399
2024-08-12 16:46:00,59.87,59.87,59.87,59.87,330
2024-08-12 16:50:00,59.84,59.84,59.78,59.78,646
2024-08-12 16:56:00,59.71,59.71,59.71,59.71,423
2024-08-12 16:57:00,59.73,59.735,59.73,59.735,455
2024-08-12 16:58:00,59.75,59.75,59.75,59.75,282
2024-08-12 17:00:00,59.68,59.68,59.64,59.64,402
2024-08-12 17:13:00,59.73,59.735,59.71,59.71,677
2024-08-12 17:16:00,59.75,59.75,59.75,59.75,225
2024-08-12 17:18:00,59.745,59.745,59.745,59.745,105
2024-08-12 17:21:00,59.86,59.86,59.86,59.86,289
2024-08-12 17:23:00,59.835,59.835,59.835,59.835,262
2024-08-12 17:25:00,59.8,59.8,59.8,59.8,226
2024-08-12 17:26:00,59.7685,59.7685,59.74,59.75,575
2024-08-12 17:30:00,59.755,59.755,59.755,59.755,513
2024-08-12 17:38:00,59.73,59.73,59.73,59.73,148
2024-08-12 17:42:00,59.71,59.71,59.71,59.71,112
2024-08-12 17:48:00,59.71,59.71,59.71,59.71,265
2024-08-12 17:56:00,59.67,59.67,59.67,59.67,352
2024-08-12 18:04:00,59.63,59.63,59.63,59.63,719
2024-08-12 18:05:00,59.62,59.62,59.62,59.62,134
2024-08-12 18:20:00,59.67,59.67,59.67,59.67,204
2024-08-12 18:28:00,59.65,59.65,59.65,59.65,518
2024-08-12 18:39:00,59.64,59.64,59.64,59.64,292
2024-08-12 18:45:00,59.65,59.65,59.65,59.65,136
2024-08-12 18:52:00,59.66,59.66,59.65,59.65,556
2024-08-12 19:00:00,59.675,59.675,59.675,59.675,315
2024-08-12 19:01:00,59.64,59.65,59.64,59.65,1242
2024-08-12 19:02:00,59.63,59.63,59.63,59.63,129
2024-08-12 19:10:00,59.64,59.64,59.64,59.64,248
2024-08-12 19:11:00,59.6619,59.6619,59.6619,59.6619,109
2024-08-12 19:15:00,59.65,59.65,59.645,59.645,376
2024-08-12 19:16:00,59.63,59.63,59.63,59.63,241
2024-08-12 19:21:00,59.6375,59.6375,59.6375,59.6375,327
2024-08-12 19:26:00,59.68,59.68,59.67,59.67,527
2024-08-12 19:31:00,59.7041,59.715,59.7041,59.715,758
2024-08-12 19:32:00,59.69,59.69,59.69,59.69,454
2024-08-12 19:36:00,59.64,59.64,59.64,59.64,337
2024-08-12 19:38:00,59.64,59.64,59.64,59.64,358
2024-08-12 19:40:00,59.6397,59.6397,59.6175,59.6175,373
2024-08-12 19:41:00,59.62,59.62,59.6,59.605,647
2024-08-12 19:42:00,59.59,59.59,59.573,59.573,987
2024-08-12 19:43:00,59.59,59.65,59.59,59.61,923
2024-08-12 19:44:00,59.571,59.571,59.571,59.571,103
2024-08-12 19:52:00,59.56,59.56,59.56,59.56,246
2024-08-12 19:53:00,59.54,59.54,59.53,59.53,603
2024-08-12 19:54:00,59.55,59.56,59.54,59.54,1329
2024-08-12 19:55:00,59.61,59.61,59.61,59.61,425
2024-08-12 19:58:00,59.58,59.58,59.58,59.58,377
2024-08-12 19:59:00,59.6,59.63,59.59,59.61,2308
2024-08-13 12:11:00,59.61,59.61,59.61,59.61,100
2024-08-13 13:30:00,59.85,59.85,59.2515,59.42,504
2024-08-13 13:35:00,59.61,59.61,59.5,59.5,477
2024-08-13 13:37:00,59.51,59.57,59.51,59.56,667
2024-08-13 13:39:00,59.528,59.528,59.528,59.528,571
2024-08-13 13:41:00,59.54,59.56,59.53,59.56,600
2024-08-13 13:42:00,59.54,59.54,59.48,59.48,451
2024-08-13 13:44:00,59.558,59.558,59.51,59.51,540
2024-08-13 13:45:00,59.58,59.63,59.58,59.61,1116
2024-08-13 13:46:00,59.63,59.63,59.62,59.62,311
2024-08-13 13:48:00,59.57,59.6,59.57,59.6,259
2024-08-13 13:50:00,59.6,59.6,59.6,59.6,142
2024-08-13 13:52:00,59.62,59.62,59.62,59.62,120
2024-08-13 13:54:00,59.6,59.6,59.54,59.56,2884
2024-08-13 13:55:00,59.52,59.52,59.52,59.52,243
2024-08-13 13:56:00,59.515,59.56,59.515,59.56,315
2024-08-13 13:58:00,59.56,59.56,59.56,59.56,192
2024-08-13 13:59:00,59.575,59.575,59.575,59.575,268
2024-08-13 14:03:00,59.5,59.5,59.44,59.44,2246
2024-08-13 14:04:00,59.445,59.445,59.445,59.445,174
2024-08-13 14:05:00,59.37,59.37,59.37,59.37,112
2024-08-13 14:06:00,59.43,59.43,59.42,59.42,333
2024-08-13 14:08:00,59.395,59.43,59.395,59.43,729
2024-08-13 14:12:00,59.44,59.44,59.44,59.44,135
2024-08-13 14:14:00,59.39,59.39,59.39,59.39,115
2024-08-13 14:17:00,59.39,59.39,59.33,59.33,419
2024-08-13 14:20:00,59.33,59.33,59.33,59.33,104
2024-08-13 14:21:00,59.34,59.34,59.33,59.33,310
2024-08-13 14:22:00,59.32,59.32,59.32,59.32,165
2024-08-13 14:23:00,59.3,59.3,59.3,59.3,193
2024-08-13 14:25:00,59.38,59.38,59.35,59.35,225
2024-08-13 14:26:00,59.35,59.35,59.3,59.3,207
2024-08-13 14:27:00,59.39,59.4,59.35,59.35,585
2024-08-13 14:28:00,59.36,59.36,59.36,59.36,100
2024-08-13 14:30:00,59.35,59.35,59.35,59.35,356
2024-08-13 14:32:00,59.25,59.25,59.25,59.25,100
2024-08-13 14:33:00,59.25,59.25,59.25,59.25,465
2024-08-13 14:34:00,59.265,59.265,59.265,59.265,279
2024-08-13 14:39:00,59.34,59.34,59.3,59.305,511
2024-08-13 14:41:00,59.35,59.35,59.35,59.35,286
2024-08-13 14:46:00,59.42,59.42,59.42,59.42,454
2024-08-13 14:47:00,59.445,59.445,59.445,59.445,619
2024-08-13 14:50:00,59.53,59.53,59.53,59.53,288
2024-08-13 14:53:00,59.475,59.475,59.475,59.475,102
2024-08-13 14:55:00,59.48,59.48,59.48,59.48,150
2024-08-13 14:57:00,59.51,59.51,59.51,59.51,355
2024-08-13 14:58:00,59.49,59.49,59.49,59.49,266
2024-08-13 15:04:00,59.52,59.52,59.52,59.52,107
2024-08-13 15:06:00,59.56,59.56,59.56,59.56,226
2024-08-13 15:12:00,59.56,59.56,59.56,59.56,278
2024-08-13 15:14:00,59.56,59.56,59.56,59.56,301
2024-08-13 15:15:00,59.53,59.53,59.53,59.53,101
2024-08-13 15:20:00,59.57,59.6,59.57,59.6,1465
2024-08-13 15:21:00,59.58,59.63,59.56,59.63,561
2024-08-13 15:22:00,59.63,59.63,59.63,59.63,611
2024-08-13 15:23:00,59.62,59.62,59.62,59.62,277
2024-08-13 15:24:00,59.62,59.65,59.62,59.65,409
2024-08-13 15:25:00,59.62,59.62,59.62,59.62,142
2024-08-13 15:29:00,59.56,59.56,59.56,59.56,101
2024-08-13 15:32:00,59.56,59.56,59.56,59.56,129
2024-08-13 15:33:00,59.59,59.59,59.59,59.59,306
2024-08-13 15:35:00,59.56,59.56,59.56,59.56,231
2024-08-13 15:38:00,59.54,59.55,59.54,59.55,255
2024-08-13 15:41:00,59.55,59.55,59.55,59.55,100
2024-08-13 15:42:00,59.6,59.6,59.6,59.6,105
2024-08-13 15:43:00,59.55,59.55,59.55,59.55,106
2024-08-13 15:44:00,59.55,59.55,59.55,59.55,100
2024-08-13 15:46:00,59.55,59.55,59.55,59.55,162
2024-08-13 15:47:00,59.6,59.6,59.6,59.6,322
2024-08-13 15:48:00,59.61,59.61,59.61,59.61,303
2024-08-13 15:49:00,59.625,59.625,59.625,59.625,109
2024-08-13 15:52:00,59.5901,59.5901,59.5901,59.5901,110
2024-08-13 15:54:00,59.59,59.59,59.59,59.59,200
2024-08-13 16:00:00,59.625,59.625,59.625,59.625,102
2024-08-13 16:03:00,59.66,59.66,59.66,59.66,234
2024-08-13 16:06:00,59.69,59.69,59.69,59.69,215
2024-08-13 16:07:00,59.68,59.75,59.68,59.74,649
2024-08-13 16:09:00,59.75,59.75,59.75,59.75,355
2024-08-13 16:11:00,59.77,59.78,59.735,59.735,954
2024-08-13 16:12:00,59.79,59.79,59.79,59.79,112
2024-08-13 16:15:00,59.78,59.78,59.78,59.78,200
2024-08-13 16:21:00,59.77,59.77,59.77,59.77,114
2024-08-13 16:27:00,59.825,59.825,59.825,59.825,125
2024-08-13 16:28:00,59.835,59.835,59.835,59.835,698
2024-08-13 16:29:00,59.8,59.8,59.8,59.8,366
2024-08-13 16:30:00,59.78,59.795,59.78,59.795,449
2024-08-13 16:32:00,59.81,59.81,59.79,59.79,394
2024-08-13 16:34:00,59.78,59.78,59.78,59.78,312
2024-08-13 16:38:00,59.81,59.81,59.81,59.81,209
2024-08-13 16:40:00,59.83,59.83,59.83,59.83,307
2024-08-13 16:42:00,59.88,59.9082,59.88,59.9082,517
2024-08-13 16:44:00,59.88,59.88,59.88,59.88,104
2024-08-13 16:46:00,59.91,59.92,59.91,59.92,419
2024-08-13 16:48:00,59.94,59.94,59.92,59.93,396
2024-08-13 16:49:00,59.94,59.94,59.94,59.94,181
2024-08-13 16:50:00,59.99,59.99,59.99,59.99,301
2024-08-13 16:58:00,59.96,59.96,59.96,59.96,136
2024-08-13 17:02:00,60.0,60.01,60.0,60.01,266
2024-08-13 17:04:00,59.96,59.96,59.96,59.96,296
2024-08-13 17:07:00,59.97,59.97,59.9304,59.9304,386
2024-08-13 17:09:00,59.93,59.93,59.93,59.93,274
2024-08-13 17:11:00,59.93,59.93,59.93,59.93,201
2024-08-13 17:14:00,59.97,60.0,59.97,60.0,398
2024-08-13 17:18:00,59.97,59.97,59.97,59.97,2005
2024-08-13 17:24:00,59.97,59.9799,59.97,59.9799,403
2024-08-13 17:31:00,60.02,60.02,60.02,60.02,120
2024-08-13 17:32:00,59.97,59.97,59.97,59.97,289
2024-08-13 17:37:00,59.93,59.93,59.93,59.93,126
2024-08-13 17:38:00,59.95,59.96,59.95,59.96,229
2024-08-13 17:44:00,59.95,59.95,59.95,59.95,120
2024-08-13 17:46:00,59.95,59.95,59.835,59.835,598
2024-08-13 17:54:00,59.92,59.92,59.92,59.92,341
2024-08-13 17:59:00,60.0,60.0,60.0,60.0,102
2024-08-13 18:01:00,60.01,60.01,59.97,59.97,275
2024-08-13 18:14:00,59.985,59.985,59.985,59.985,131
2024-08-13 18:15:00,59.9715,59.9715,59.9715,59.9715,199
2024-08-13 18:17:00,60.0,60.01,60.0,60.01,359
2024-08-13 18:18:00,59.98,59.98,59.98,59.98,299
2024-08-13 18:19:00,59.95,59.95,59.95,59.95,433
2024-08-13 18:20:00,59.99,59.99,59.99,59.99,378
2024-08-13 18:30:00,60.04,60.04,60.04,60.04,253
2024-08-13 18:34:00,60.07,60.07,60.03,60.03,237
2024-08-13 18:36:00,60.05,60.05,60.05,60.05,477
2024-08-13 18:45:00,60.07,60.07,60.07,60.07,102
2024-08-13 18:48:00,60.07,60.07,60.07,60.07,148
2024-08-13 18:54:00,60.14,60.145,60.14,60.145,418
2024-08-13 18:56:00,60.135,60.135,60.135,60.135,152
2024-08-13 19:00:00,60.155,60.17,60.155,60.17,365
2024-08-13 19:03:00,60.21,60.22,60.21,60.22,305
2024-08-13 19:05:00,60.17,60.17,60.17,60.17,305
2024-08-13 19:06:00,60.185,60.2,60.185,60.2,254
2024-08-13 19:11:00,60.2,60.2,60.2,60.2,109
2024-08-13 19:13:00,60.18,60.18,60.17,60.17,399
2024-08-13 19:16:00,60.175,60.175,60.175,60.175,591
2024-08-13 19:22:00,60.13,60.14,60.13,60.13,804
2024-08-13 19:23:00,60.16,60.16,60.16,60.16,198
2024-08-13 19:25:00,60.19,60.19,60.19,60.19,100
2024-08-13 19:33:00,60.17,60.17,60.16,60.16,519
2024-08-13 19:36:00,60.17,60.17,60.17,60.17,100
2024-08-13 19:38:00,60.155,60.155,60.155,60.155,213
2024-08-13 19:39:00,60.16,60.16,60.16,60.16,395
2024-08-13 19:44:00,60.18,60.195,60.17,60.195,702
2024-08-13 19:45:00,60.2,60.2,60.2,60.2,294
2024-08-13 19:46:00,60.19,60.21,60.19,60.21,231
2024-08-13 19:48:00,60.22,60.23,60.22,60.22,683
2024-08-13 19:49:00,60.25,60.26,60.25,60.26,771
2024-08-13 19:50:00,60.27,60.27,60.23,60.23,1364
2024-08-13 19:51:00,60.15,60.22,60.15,60.21,1940
2024-08-13 19:52:00,60.23,60.23,60.23,60.23,515
2024-08-13 19:53:00,60.16,60.16,60.16,60.16,410
2024-08-13 19:55:00,60.13,60.16,60.13,60.16,1076
2024-08-13 19:56:00,60.17,60.17,60.14,60.14,1259
2024-08-13 19:57:00,60.1488,60.15,60.14,60.14,1814
2024-08-13 19:58:00,60.16,60.18,60.14,60.16,1493
2024-08-13 19:59:00,60.17,60.18,60.14,60.15,5626
2024-08-14 12:00:00,60.7,60.7,60.7,60.7,133
2024-08-14 13:14:00,61.22,61.22,61.22,61.22,110
2024-08-14 13:30:00,61.17,61.17,61.17,61.17,1746
2024-08-14 13:32:00,61.26,61.26,61.21,61.24,510
2024-08-14 13:33:00,61.25,61.25,61.22,61.22,416
2024-08-14 13:35:00,61.12,61.16,61.12,61.16,501
2024-08-14 13:36:00,61.21,61.25,61.21,61.25,604
2024-08-14 13:46:00,61.04,61.04,61.04,61.04,142
2024-08-14 13:47:00,61.04,61.04,61.04,61.04,133
2024-08-14 13:51:00,61.04,61.04,60.92,60.92,288
2024-08-14 13:52:00,61.06,61.06,61.015,61.015,798
2024-08-14 13:55:00,60.92,60.955,60.805,60.81,4744
2024-08-14 14:00:00,60.82,60.9,60.82,60.9,680
2024-08-14 14:02:00,60.83,60.83,60.83,60.83,119
2024-08-14 14:03:00,60.93,60.93,60.93,60.93,214
2024-08-14 14:07:00,61.0,61.0,61.0,61.0,151
2024-08-14 14:08:00,61.03,61.03,61.02,61.02,855
2024-08-14 14:09:00,60.955,60.98,60.94,60.97,2953
2024-08-14 14:10:00,60.95,60.95,60.92,60.92,576
2024-08-14 14:12:00,60.86,60.86,60.86,60.86,257
2024-08-14 14:14:00,60.84,60.84,60.84,60.84,241
2024-08-14 14:15:00,60.85,60.85,60.85,60.85,109
2024-08-14 14:18:00,60.85,60.87,60.85,60.87,259
2024-08-14 14:20:00,60.89,60.89,60.84,60.86,804
2024-08-14 14:24:00,60.91,60.91,60.84,60.84,463
2024-08-14 14:26:00,60.8,60.8,60.8,60.8,100
2024-08-14 14:31:00,60.665,60.69,60.64,60.665,512
2024-08-14 14:33:00,60.64,60.64,60.64,60.64,127
2024-08-14 14:34:00,60.6,60.6,60.58,60.58,508
2024-08-14 14:36:00,60.5498,60.5498,60.5498,60.5498,200
2024-08-14 14:37:00,60.47,60.49,60.47,60.48,353
2024-08-14 14:39:00,60.51,60.51,60.51,60.51,386
2024-08-14 14:42:00,60.62,60.63,60.58,60.58,1717
2024-08-14 14:45:00,60.615,60.615,60.615,60.615,164
2024-08-14 14:49:00,60.65,60.68,60.65,60.65,733
2024-08-14 14:50:00,60.65,60.65,60.62,60.65,344
2024-08-14 14:57:00,60.69,60.69,60.66,60.66,2107
2024-08-14 14:58:00,60.65,60.68,60.35,60.68,8341
2024-08-14 15:01:00,60.73,60.73,60.73,60.73,308
2024-08-14 15:02:00,60.73,60.74,60.73,60.74,551
2024-08-14 15:06:00,60.75,60.75,60.75,60.75,114
2024-08-14 15:07:00,60.74,60.74,60.73,60.73,964
2024-08-14 15:11:00,60.765,60.765,60.765,60.765,100
2024-08-14 15:13:00,60.75,60.75,60.74,60.74,1545
2024-08-14 15:14:00,60.86,60.88,60.85,60.85,1055
2024-08-14 15:17:00,60.935,60.935,60.935,60.935,100
2024-08-14 15:18:00,60.89,60.89,60.89,60.89,351
2024-08-14 15:20:00,60.82,60.82,60.82,60.82,301
2024-08-14 15:25:00,60.805,60.805,60.805,60.805,233
2024-08-14 15:31:00,60.81,60.81,60.81,60.81,100
2024-08-14 15:35:00,60.86,60.86,60.86,60.86,100
2024-08-14 15:42:00,60.81,60.81,60.81,60.81,100
2024-08-14 15:43:00,60.77,60.77,60.77,60.77,103
2024-08-14 15:49:00,60.865,60.87,60.865,60.87,402
2024-08-14 15:50:00,60.91,60.91,60.88,60.88,340
2024-08-14 15:52:00,60.94,60.94,60.94,60.94,176
2024-08-14 15:53:00,60.878,60.92,60.878,60.92,1088
2024-08-14 15:56:00,60.94,60.95,60.94,60.95,212
2024-08-14 15:58:00,60.9,60.95,60.9,60.95,203
2024-08-14 16:05:00,60.95,60.95,60.95,60.95,110
2024-08-14 16:06:00,60.915,60.94,60.91,60.91,436
2024-08-14 16:07:00,60.97,60.97,60.97,60.97,200
2024-08-14 16:09:00,60.89,60.925,60.855,60.925,1113
2024-08-14 16:16:00,60.85,60.85,60.84,60.84,1176
2024-08-14 16:17:00,60.84,60.84,60.84,60.84,358
2024-08-14 16:18:00,60.84,60.84,60.84,60.84,100
2024-08-14 16:21:00,60.82,60.82,60.82,60.82,141
2024-08-14 16:22:00,60.8075,60.8075,60.8075,60.8075,422
2024-08-14 16:23:00,60.78,60.79,60.745,60.745,786
2024-08-14 16:31:00,60.64,60.64,60.64,60.64,571
2024-08-14 16:32:00,60.67,60.67,60.67,60.67,237
2024-08-14 16:36:00,60.63,60.64,60.63,60.64,201
2024-08-14 16:38:00,60.63,60.63,60.63,60.63,147
2024-08-14 16:41:00,60.69,60.71,60.69,60.71,459
2024-08-14 16:43:00,60.71,60.71,60.71,60.71,100
2024-08-14 16:44:00,60.65,60.67,60.65,60.67,947
2024-08-14 16:46:00,60.63,60.66,60.63,60.66,406
2024-08-14 16:47:00,60.68,60.69,60.68,60.69,370
2024-08-14 16:50:00,60.675,60.675,60.675,60.675,203
2024-08-14 16:55:00,60.74,60.74,60.74,60.74,160
2024-08-14 16:59:00,60.85,60.85,60.85,60.85,101
2024-08-14 17:06:00,60.85,60.86,60.85,60.855,552
2024-08-14 17:10:00,60.89,60.89,60.855,60.855,501
2024-08-14 17:11:00,60.85,60.85,60.85,60.85,100
2024-08-14 17:20:00,60.89,60.89,60.89,60.89,102
2024-08-14 17:23:00,60.85,60.85,60.85,60.85,100
2024-08-14 17:25:00,60.8501,60.8501,60.8501,60.8501,200
2024-08-14 17:30:00,60.885,60.885,60.885,60.885,250
2024-08-14 17:31:00,60.8644,60.9325,60.8644,60.9325,977
2024-08-14 17:40:00,60.94,60.94,60.94,60.94,118
2024-08-14 17:41:00,60.93,60.93,60.93,60.93,241
2024-08-14 17:42:00,60.89,60.92,60.89,60.905,400
2024-08-14 17:44:00,60.95,60.95,60.95,60.95,166
2024-08-14 17:47:00,60.95,60.985,60.95,60.985,614
2024-08-14 17:50:00,61.0,61.0,60.97,60.97,544
2024-08-14 17:56:00,61.02,61.02,61.02,61.02,220
2024-08-14 17:59:00,60.995,60.995,60.995,60.995,118
2024-08-14 18:08:00,60.945,60.945,60.945,60.945,101
2024-08-14 18:11:00,60.945,60.945,60.945,60.945,314
2024-08-14 18:16:00,60.91,60.945,60.91,60.945,207
2024-08-14 18:19:00,60.945,60.945,60.945,60.945,483
2024-08-14 18:27:00,60.96,60.96,60.96,60.96,101
2024-08-14 18:28:00,60.96,60.96,60.89,60.89,1017
2024-08-14 18:32:00,60.97,60.97,60.97,60.97,310
2024-08-14 18:37:00,60.96,60.96,60.96,60.96,143
2024-08-14 18:39:00,60.935,60.935,60.935,60.935,286
2024-08-14 18:41:00,60.935,60.96,60.935,60.96,208
2024-08-14 18:46:00,60.935,60.935,60.935,60.935,138
2024-08-14 18:49:00,60.95,60.95,60.95,60.95,229
2024-08-14 18:50:00,60.97,60.98,60.97,60.98,650
2024-08-14 18:52:00,61.02,61.02,61.02,61.02,267
2024-08-14 18:53:00,61.015,61.015,61.015,61.015,225
2024-08-14 18:55:00,61.04,61.04,61.04,61.04,204
2024-08-14 18:57:00,61.04,61.07,61.04,61.07,1417
2024-08-14 18:59:00,61.11,61.11,61.11,61.11,110
2024-08-14 19:03:00,61.11,61.11,61.11,61.11,108
2024-08-14 19:06:00,61.075,61.075,61.075,61.075,298
2024-08-14 19:07:00,61.11,61.11,61.11,61.11,386
2024-08-14 19:10:00,61.095,61.095,61.095,61.095,160
2024-08-14 19:13:00,61.06,61.095,60.99,60.99,1641
2024-08-14 19:14:00,60.985,60.985,60.95,60.95,825
2024-08-14 19:18:00,60.97,60.97,60.97,60.97,218
2024-08-14 19:21:00,60.97,60.97,60.97,60.97,162
2024-08-14 19:22:00,60.975,60.975,60.952,60.952,432
2024-08-14 19:24:00,61.01,61.01,61.01,61.01,270
2024-08-14 19:37:00,61.01,61.01,61.01,61.01,118
2024-08-14 19:45:00,60.99,60.99,60.99,60.99,109
2024-08-14 19:47:00,60.98,60.98,60.98,60.98,497
2024-08-14 19:52:00,60.96,60.96,60.96,60.96,285
2024-08-14 19:54:00,61.0,61.01,61.0,61.01,372
2024-08-14 19:55:00,61.01,61.01,61.01,61.01,414
2024-08-14 19:56:00,60.99,60.99,60.97,60.97,753
2024-08-14 19:57:00,60.94,60.94,60.94,60.94,104
2024-08-14 19:58:00,60.95,60.95,60.95,60.95,133
2024-08-14 19:59:00,60.95,60.97,60.89,60.89,2504
2024-08-15 13:05:00,60.68,60.68,60.68,60.68,330
2024-08-15 13:06:00,61.08,61.08,61.08,61.08,900
2024-08-15 13:29:00,61.1,61.58,61.1,61.58,400
2024-08-15 13:30:00,61.57,61.57,61.15,61.16,3454
2024-08-15 13:31:00,61.19,61.2,61.18,61.19,607
2024-08-15 13:35:00,61.55,61.55,61.54,61.54,412
2024-08-15 13:47:00,61.54,61.54,61.3,61.31,2386
2024-08-15 13:48:00,61.31,61.34,61.09,61.09,3000
2024-08-15 13:49:00,61.07,61.11,61.01,61.01,2279
2024-08-15 13:51:00,61.06,61.06,61.06,61.06,216
2024-08-15 13:55:00,61.08,61.08,61.08,61.08,268
2024-08-15 14:00:00,61.18,61.18,61.18,61.18,132
2024-08-15 14:01:00,61.245,61.245,61.245,61.245,125
2024-08-15 14:02:00,61.25,61.25,61.19,61.19,303
2024-08-15 14:04:00,61.16,61.16,61.16,61.16,130
2024-08-15 14:08:00,61.17,61.17,61.16,61.16,450
2024-08-15 14:09:00,61.03,61.03,60.93,60.93,918
2024-08-15 14:10:00,60.91,60.91,60.91,60.91,385
2024-08-15 14:11:00,60.99,61.04,60.99,60.995,1028
2024-08-15 14:13:00,60.98,60.98,60.98,60.98,213
2024-08-15 14:14:00,61.01,61.04,60.99,61.04,1453
2024-08-15 14:15:00,61.05,61.07,61.05,61.07,617
2024-08-15 14:16:00,61.07,61.07,61.07,61.07,342
2024-08-15 14:19:00,61.11,61.11,61.11,61.11,210
2024-08-15 14:35:00,61.11,61.21,61.11,61.2,1753
2024-08-15 14:37:00,61.22,61.22,61.22,61.22,300
2024-08-15 14:40:00,61.19,61.19,61.19,61.19,212
2024-08-15 14:41:00,61.23,61.23,61.23,61.23,100
2024-08-15 14:45:00,61.26,61.26,61.26,61.26,100
2024-08-15 14:50:00,61.29,61.317,61.25,61.317,869
2024-08-15 14:53:00,61.24,61.24,61.24,61.24,329
2024-08-15 14:59:00,61.21,61.21,61.21,61.21,439
2024-08-15 15:04:00,61.255,61.255,61.255,61.255,294
2024-08-15 15:07:00,61.28,61.29,61.28,61.29,306
2024-08-15 15:12:00,61.31,61.31,61.31,61.31,149
2024-08-15 15:13:00,61.29,61.29,61.29,61.29,144
2024-08-15 15:14:00,61.33,61.33,61.33,61.33,598
2024-08-15 15:15:00,61.33,61.33,61.33,61.33,1160
2024-08-15 15:17:00,61.35,61.35,61.35,61.35,395
2024-08-15 15:18:00,61.34,61.34,61.32,61.32,301
2024-08-15 15:21:00,61.32,61.32,61.32,61.32,353
2024-08-15 15:24:00,61.355,61.364,61.355,61.355,445
2024-08-15 15:25:00,61.38,61.38,61.38,61.38,104
2024-08-15 15:29:00,61.33,61.33,61.33,61.33,162
2024-08-15 15:33:00,61.31,61.31,61.31,61.31,167
2024-08-15 15:39:00,61.32,61.32,61.32,61.32,236
2024-08-15 15:41:00,61.32,61.32,61.32,61.32,187
2024-08-15 15:44:00,61.31,61.31,61.28,61.28,530
2024-08-15 15:48:00,61.28,61.28,61.28,61.28,421
2024-08-15 15:49:00,61.26,61.26,61.26,61.26,324
2024-08-15 15:50:00,61.23,61.23,61.23,61.23,335
2024-08-15 15:57:00,61.285,61.285,61.285,61.285,222
2024-08-15 15:58:00,61.29,61.29,61.28,61.29,601
2024-08-15 16:00:00,61.32,61.33,61.32,61.33,427
2024-08-15 16:03:00,61.35,61.35,61.35,61.35,519
2024-08-15 16:05:00,61.39,61.4,61.37,61.37,1057
2024-08-15 16:07:00,61.4,61.42,61.37,61.38,1241
2024-08-15 16:11:00,61.4,61.4,61.4,61.4,106
2024-08-15 16:15:00,61.39,61.39,61.39,61.39,123
2024-08-15 16:21:00,61.41,61.41,61.41,61.41,144
2024-08-15 16:25:00,61.45,61.45,61.45,61.45,601
2024-08-15 16:26:00,61.474,61.474,61.474,61.474,246
2024-08-15 16:29:00,61.42,61.42,61.42,61.42,216
2024-08-15 16:30:00,61.42,61.42,61.42,61.42,1043
2024-08-15 16:31:00,61.39,61.39,61.39,61.39,550
2024-08-15 16:32:00,61.46,61.46,61.46,61.46,370
2024-08-15 16:33:00,61.39,61.39,61.39,61.39,1466
2024-08-15 16:35:00,61.42,61.42,61.42,61.42,565
2024-08-15 16:36:00,61.45,61.45,61.45,61.45,100
2024-08-15 16:37:00,61.41,61.45,61.41,61.44,1386
2024-08-15 16:38:00,61.42,61.42,61.42,61.42,342
2024-08-15 16:41:00,61.39,61.39,61.38,61.38,496
2024-08-15 16:42:00,61.37,61.37,61.37,61.37,345
2024-08-15 16:43:00,61.37,61.37,61.37,61.37,102
2024-08-15 16:45:00,61.38,61.38,61.38,61.38,148
2024-08-15 16:47:00,61.35,61.35,61.31,61.31,2474
2024-08-15 16:48:00,61.375,61.39,61.36,61.36,1658
2024-08-15 16:53:00,61.345,61.4,61.345,61.4,335
2024-08-15 16:55:00,61.4,61.41,61.38,61.38,566
2024-08-15 16:58:00,61.34,61.34,61.34,61.34,101
2024-08-15 17:03:00,61.36,61.36,61.36,61.36,118
2024-08-15 17:06:00,61.36,61.36,61.345,61.3501,852
2024-08-15 17:07:00,61.39,61.39,61.39,61.39,136
2024-08-15 17:08:00,61.38,61.38,61.38,61.38,300
2024-08-15 17:13:00,61.38,61.38,61.38,61.38,111
2024-08-15 17:16:00,61.41,61.41,61.41,61.41,264
2024-08-15 17:19:00,61.38,61.39,61.38,61.39,327
2024-08-15 17:22:00,61.44,61.44,61.44,61.44,159
2024-08-15 17:24:00,61.42,61.44,61.42,61.44,516
2024-08-15 17:25:00,61.46,61.47,61.46,61.47,891
2024-08-15 17:26:00,61.47,61.48,61.47,61.48,379
2024-08-15 17:27:00,61.48,61.48,61.48,61.48,316
2024-08-15 17:28:00,61.51,61.51,61.49,61.49,390
2024-08-15 17:40:00,61.49,61.49,61.49,61.49,194
2024-08-15 17:41:00,61.5,61.51,61.5,61.5,474
2024-08-15 17:44:00,61.535,61.535,61.535,61.535,234
2024-08-15 17:53:00,61.5,61.5,61.495,61.495,514
2024-08-15 17:54:00,61.48,61.48,61.48,61.48,210
2024-08-15 17:55:00,61.44,61.44,61.44,61.44,149
2024-08-15 17:58:00,61.44,61.44,61.44,61.44,195
2024-08-15 17:59:00,61.46,61.46,61.46,61.46,460
2024-08-15 18:02:00,61.49,61.49,61.49,61.49,620
2024-08-15 18:07:00,61.52,61.54,61.52,61.54,593
2024-08-15 18:10:00,61.5,61.5,61.47,61.47,504
2024-08-15 18:11:00,61.47,61.47,61.47,61.47,100
2024-08-15 18:13:00,61.495,61.495,61.495,61.495,168
2024-08-15 18:14:00,61.516,61.516,61.46,61.46,641
2024-08-15 18:30:00,61.5,61.5,61.45,61.45,402
2024-08-15 18:41:00,61.42,61.42,61.42,61.42,191
2024-08-15 18:47:00,61.4493,61.4493,61.44,61.44,1458
2024-08-15 18:48:00,61.4855,61.4855,61.4855,61.4855,197
2024-08-15 18:51:00,61.41,61.41,61.41,61.41,175
2024-08-15 18:54:00,61.44,61.44,61.44,61.44,101
2024-08-15 18:58:00,61.47,61.48,61.47,61.48,930
2024-08-15 19:00:00,61.44,61.44,61.4325,61.4325,715
2024-08-15 19:01:00,61.44,61.44,61.44,61.44,308
2024-08-15 19:05:00,61.46,61.46,61.46,61.46,142
2024-08-15 19:06:00,61.44,61.44,61.44,61.44,119
2024-08-15 19:07:00,61.455,61.455,61.455,61.455,115
2024-08-15 19:09:00,61.48,61.48,61.48,61.48,112
2024-08-15 19:12:00,61.47,61.47,61.428,61.428,446
2024-08-15 19:16:00,61.44,61.44,61.41,61.41,426
2024-08-15 19:23:00,61.41,61.41,61.41,61.41,140
2024-08-15 19:26:00,61.4,61.4,61.4,61.4,397
2024-08-15 19:27:00,61.41,61.44,61.41,61.44,202
2024-08-15 19:30:00,61.44,61.44,61.44,61.44,175
2024-08-15 19:31:00,61.395,61.395,61.395,61.395,101
2024-08-15 19:33:00,61.395,61.395,61.395,61.395,145
2024-08-15 19:34:00,61.44,61.44,61.36,61.36,330
2024-08-15 19:38:00,61.41,61.41,61.41,61.41,110
2024-08-15 19:40:00,61.3579,61.3579,61.3579,61.3579,144
2024-08-15 19:42:00,61.35,61.35,61.29,61.29,1414
2024-08-15 19:43:00,61.32,61.32,61.32,61.32,741
2024-08-15 19:46:00,61.29,61.29,61.29,61.29,409
2024-08-15 19:47:00,61.27,61.28,61.27,61.28,1856
2024-08-15 19:49:00,61.31,61.35,61.31,61.335,1342
2024-08-15 19:50:00,61.35,61.37,61.35,61.37,897
2024-08-15 19:51:00,61.38,61.38,61.33,61.34,3771
2024-08-15 19:52:00,61.36,61.36,61.36,61.36,421
2024-08-15 19:53:00,61.37,61.38,61.355,61.38,1761
2024-08-15 19:55:00,61.39,61.42,61.385,61.39,1960
2024-08-15 19:56:00,61.4,61.44,61.4,61.44,2009
2024-08-15 19:57:00,61.44,61.44,61.42,61.44,1750
2024-08-15 19:58:00,61.44,61.46,61.43,61.43,1569
2024-08-15 19:59:00,61.47,61.6,61.45,61.52,25996
2024-08-16 10:31:00,61.01,61.01,61.01,61.01,101
2024-08-16 12:40:00,60.9,60.9,60.9,60.9,105
2024-08-16 13:30:00,60.7,60.7,60.7,60.7,1532
2024-08-16 13:35:00,60.825,60.825,60.81,60.81,614
2024-08-16 13:44:00,60.88,60.88,60.88,60.88,146
2024-08-16 13:47:00,60.97,60.97,60.97,60.97,218
2024-08-16 13:49:00,60.92,60.92,60.92,60.92,256
2024-08-16 13:50:00,60.98,60.985,60.98,60.985,489
2024-08-16 13:51:00,60.93,60.93,60.93,60.93,147
2024-08-16 13:53:00,61.05,61.05,60.93,60.93,770
2024-08-16 14:03:00,60.995,60.995,60.995,60.995,178
2024-08-16 14:07:00,61.01,61.01,61.01,61.01,152
2024-08-16 14:08:00,60.99,60.99,60.99,60.99,355
2024-08-16 14:10:00,60.895,60.895,60.895,60.895,404
2024-08-16 14:11:00,61.035,61.04,61.035,61.04,391
2024-08-16 14:25:00,60.93,60.93,60.92,60.92,530
2024-08-16 14:45:00,60.9,60.9,60.9,60.9,108
2024-08-16 14:46:00,60.9,60.9,60.9,60.9,290
2024-08-16 14:48:00,60.91,60.91,60.91,60.91,233
2024-08-16 14:49:00,60.83,60.83,60.83,60.83,261
2024-08-16 14:51:00,60.9,60.9,60.9,60.9,126
2024-08-16 14:52:00,60.93,60.945,60.93,60.945,562
2024-08-16 15:03:00,60.9,60.9,60.89,60.89,331
2024-08-16 15:12:00,60.91,60.91,60.91,60.91,102
2024-08-16 15:14:00,60.96,60.96,60.935,60.935,480
2024-08-16 15:18:00,60.93,60.93,60.91,60.91,562
2024-08-16 15:25:00,60.87,60.87,60.87,60.87,157
2024-08-16 15:27:00,60.9,60.9,60.9,60.9,222
2024-08-16 15:45:00,60.94,60.94,60.94,60.94,102
2024-08-16 15:46:00,60.95,60.96,60.95,60.96,299
2024-08-16 15:48:00,60.98,60.99,60.98,60.99,351
2024-08-16 15:52:00,61.04,61.04,61.04,61.04,207
2024-08-16 15:53:00,61.05,61.06,61.05,61.06,497
2024-08-16 16:00:00,60.99,60.99,60.99,60.99,219
2024-08-16 16:08:00,61.04,61.04,61.04,61.04,458
2024-08-16 16:10:00,61.04,61.11,61.04,61.11,1713
2024-08-16 16:11:00,61.11,61.11,61.11,61.11,385
2024-08-16 16:13:00,61.12,61.14,61.11,61.13,3433
2024-08-16 16:14:00,61.15,61.15,61.15,61.15,108
2024-08-16 16:18:00,61.15,61.15,61.15,61.15,484
2024-08-16 16:19:00,61.16,61.17,61.16,61.17,1161
2024-08-16 16:20:00,61.21,61.21,61.21,61.21,212
2024-08-16 16:25:00,61.19,61.19,61.19,61.19,292
2024-08-16 16:27:00,61.18,61.18,61.18,61.18,200
2024-08-16 16:33:00,61.25,61.255,61.25,61.255,271
2024-08-16 16:41:00,61.31,61.31,61.31,61.31,711
2024-08-16 16:42:00,61.305,61.305,61.305,61.305,754
2024-08-16 16:45:00,61.32,61.32,61.28,61.28,764
2024-08-16 16:46:00,61.28,61.3,61.28,61.3,455
2024-08-16 16:48:00,61.3,61.3,61.3,61.3,1172
2024-08-16 16:54:00,61.36,61.37,61.36,61.37,373
2024-08-16 16:57:00,61.39,61.39,61.39,61.39,124
2024-08-16 17:02:00,61.38,61.38,61.38,61.38,311
2024-08-16 17:09:00,61.36,61.36,61.36,61.36,176
2024-08-16 17:13:00,61.4,61.4,61.4,61.4,134
2024-08-16 17:15:00,61.42,61.42,61.42,61.42,113
2024-08-16 17:25:00,61.43,61.43,61.43,61.43,533
2024-08-16 17:32:00,61.39,61.39,61.39,61.39,125
2024-08-16 17:43:00,61.39,61.39,61.39,61.39,138
2024-08-16 17:47:00,61.38,61.38,61.38,61.38,406
2024-08-16 17:50:00,61.39,61.39,61.32,61.32,1024
2024-08-16 17:53:00,61.34,61.34,61.34,61.34,101
2024-08-16 17:56:00,61.37,61.37,61.37,61.37,159
2024-08-16 18:00:00,61.34,61.34,61.34,61.34,133
2024-08-16 18:13:00,61.34,61.34,61.34,61.34,599
2024-08-16 18:14:00,61.34,61.34,61.34,61.34,317
2024-08-16 18:15:00,61.3415,61.36,61.3415,61.35,1344
2024-08-16 18:20:00,61.35,61.35,61.34,61.34,667
2024-08-16 18:21:00,61.34,61.34,61.325,61.325,205
2024-08-16 18:22:00,61.35,61.35,61.35,61.35,371
2024-08-16 18:25:00,61.35,61.36,61.35,61.36,278
2024-08-16 18:29:00,61.37,61.38,61.37,61.38,353
2024-08-16 18:34:00,61.38,61.38,61.38,61.38,120
2024-08-16 18:35:00,61.38,61.38,61.38,61.38,468
2024-08-16 18:36:00,61.39,61.4,61.39,61.4,231
2024-08-16 18:46:00,61.46,61.46,61.46,61.46,119
2024-08-16 18:48:00,61.45,61.45,61.45,61.45,423
2024-08-16 18:49:00,61.45,61.45,61.45,61.45,102
2024-08-16 18:55:00,61.46,61.46,61.46,61.46,100
2024-08-16 19:02:00,61.46,61.46,61.46,61.46,100
2024-08-16 19:04:00,61.46,61.46,61.46,61.46,527
2024-08-16 19:05:00,61.48,61.48,61.48,61.48,145
2024-08-16 19:06:00,61.47,61.47,61.47,61.47,335
2024-08-16 19:08:00,61.46,61.46,61.46,61.46,100
2024-08-16 19:09:00,61.46,61.46,61.46,61.46,350
2024-08-16 19:10:00,61.46,61.46,61.46,61.46,196
2024-08-16 19:19:00,61.4,61.4,61.4,61.4,280
2024-08-16 19:25:00,61.42,61.42,61.41,61.42,707
2024-08-16 19:33:00,61.44,61.44,61.44,61.44,360
2024-08-16 19:36:00,61.47,61.47,61.47,61.47,183
2024-08-16 19:37:00,61.48,61.48,61.475,61.475,473
2024-08-16 19:40:00,61.5,61.5,61.5,61.5,230
2024-08-16 19:43:00,61.485,61.485,61.485,61.485,251
2024-08-16 19:44:00,61.48,61.48,61.48,61.48,477
2024-08-16 19:45:00,61.42,61.42,61.42,61.42,100
2024-08-16 19:47:00,61.43,61.43,61.43,61.43,125
2024-08-16 19:49:00,61.46,61.46,61.46,61.46,406
2024-08-16 19:50:00,61.49,61.49,61.387,61.41,5792
2024-08-16 19:52:00,61.42,61.42,61.42,61.42,127
2024-08-16 19:55:00,61.46,61.49,61.46,61.46,1209
2024-08-16 19:57:00,61.45,61.48,61.45,61.48,545
2024-08-16 19:58:00,61.49,61.5,61.45,61.45,1203
2024-08-16 19:59:00,61.44,61.44,61.37,61.38,4719
2024-08-19 12:00:00,59.5127,59.5127,59.5127,59.5127,200
2024-08-19 13:11:00,60.47,60.47,60.47,60.47,435
2024-08-19 13:30:00,60.41,60.41,60.36,60.39,1760
2024-08-19 13:33:00,60.37,60.41,60.37,60.39,780
2024-08-19 13:34:00,60.4,60.47,60.4,60.47,832
2024-08-19 13:35:00,60.45,60.45,60.45,60.45,372
2024-08-19 13:36:00,60.46,60.46,60.46,60.46,335
2024-08-19 13:37:00,60.46,60.49,60.45,60.47,2008
2024-08-19 13:38:00,60.46,60.465,60.45,60.465,795
2024-08-19 13:39:00,60.51,60.51,60.51,60.51,106
2024-08-19 13:45:00,60.515,60.515,60.51,60.51,483
2024-08-19 13:46:00,60.5,60.5,60.5,60.5,131
2024-08-19 13:48:00,60.515,60.54,60.515,60.54,319
2024-08-19 13:49:00,60.53,60.54,60.53,60.54,592
2024-08-19 13:50:00,60.54,60.54,60.515,60.52,836
2024-08-19 13:51:00,60.52,60.52,60.505,60.505,529
2024-08-19 13:53:00,60.54,60.54,60.54,60.54,364
2024-08-19 13:54:00,60.49,60.49,60.49,60.49,495
2024-08-19 14:03:00,60.515,60.515,60.515,60.515,442
2024-08-19 14:04:00,60.52,60.52,60.495,60.495,282
2024-08-19 14:05:00,60.48,60.48,60.48,60.48,145
2024-08-19 14:07:00,60.515,60.54,60.515,60.54,451
2024-08-19 14:08:00,60.54,60.55,60.54,60.55,314
2024-08-19 14:10:00,60.5,60.5,60.5,60.5,189
2024-08-19 14:16:00,60.56,60.56,60.56,60.56,122
2024-08-19 14:17:00,60.52,60.52,60.49,60.49,1363
2024-08-19 14:21:00,60.54,60.54,60.54,60.54,283
2024-08-19 14:22:00,60.55,60.59,60.535,60.59,412
2024-08-19 14:23:00,60.535,60.535,60.535,60.535,124
2024-08-19 14:25:00,60.57,60.57,60.57,60.57,230
2024-08-19 14:26:00,60.58,60.61,60.545,60.595,1067
2024-08-19 14:31:00,60.63,60.63,60.63,60.63,111
2024-08-19 14:32:00,60.63,60.63,60.63,60.63,217
2024-08-19 14:33:00,60.63,60.63,60.63,60.63,105
2024-08-19 14:35:00,60.69,60.69,60.63,60.63,983
2024-08-19 14:37:00,60.69,60.71,60.69,60.69,716
2024-08-19 14:39:00,60.67,60.67,60.67,60.67,119
2024-08-19 14:40:00,60.69,60.69,60.69,60.69,105
2024-08-19 14:41:00,60.67,60.7025,60.67,60.7025,363
2024-08-19 14:42:00,60.69,60.69,60.69,60.69,607
2024-08-19 14:43:00,60.67,60.67,60.67,60.67,174
2024-08-19 14:46:00,60.67,60.67,60.67,60.67,121
2024-08-19 14:47:00,60.75,60.75,60.72,60.75,2354
2024-08-19 14:48:00,60.795,60.795,60.795,60.795,104
2024-08-19 14:50:00,60.84,60.84,60.84,60.84,313
2024-08-19 14:52:00,60.86,60.86,60.86,60.86,105
2024-08-19 14:53:00,60.89,60.9,60.89,60.89,622
2024-08-19 14:55:00,60.88,60.89,60.88,60.89,354
2024-08-19 14:57:00,60.87,60.87,60.84,60.84,480
2024-08-19 14:58:00,60.84,60.84,60.83,60.84,1205
2024-08-19 14:59:00,60.84,60.84,60.84,60.84,159
2024-08-19 15:01:00,60.831,60.831,60.831,60.831,119
2024-08-19 15:03:00,60.85,60.85,60.85,60.85,514
2024-08-19 15:04:00,60.83,60.83,60.83,60.83,541
2024-08-19 15:06:00,60.77,60.78,60.77,60.78,336
2024-08-19 15:08:00,60.77,60.77,60.77,60.77,121
2024-08-19 15:11:00,60.77,60.77,60.77,60.77,116
2024-08-19 15:12:00,60.815,60.815,60.815,60.815,130
2024-08-19 15:13:00,60.77,60.77,60.77,60.77,253
2024-08-19 15:15:00,60.78,60.78,60.78,60.78,128
2024-08-19 15:17:00,60.78,60.78,60.78,60.78,129
2024-08-19 15:18:00,60.8,60.8,60.8,60.8,350
2024-08-19 15:20:00,60.86,60.86,60.745,60.745,1729
2024-08-19 15:22:00,60.791,60.791,60.791,60.791,314
2024-08-19 15:24:00,60.79,60.79,60.79,60.79,177
2024-08-19 15:25:00,60.79,60.79,60.78,60.78,626
2024-08-19 15:26:00,60.75,60.75,60.7,60.7,831
2024-08-19 15:27:00,60.7,60.7,60.7,60.7,236
2024-08-19 15:29:00,60.76,60.84,60.74,60.84,3070
2024-08-19 15:33:00,60.77,60.77,60.77,60.77,119
2024-08-19 15:39:00,60.78,60.78,60.78,60.78,109
2024-08-19 15:40:00,60.78,60.78,60.78,60.78,242
2024-08-19 15:41:00,60.78,60.78,60.78,60.78,146
2024-08-19 15:42:00,60.765,60.765,60.765,60.765,277
2024-08-19 15:43:00,60.79,60.79,60.785,60.785,964
2024-08-19 15:44:00,60.7722,60.7722,60.7722,60.7722,200
2024-08-19 15:46:00,60.75,60.75,60.75,60.75,520
2024-08-19 15:47:00,60.75,60.75,60.75,60.75,105
2024-08-19 15:49:00,60.75,60.75,60.72,60.72,567
2024-08-19 15:50:00,60.72,60.72,60.72,60.72,183
2024-08-19 15:51:00,60.75,60.75,60.75,60.75,184
2024-08-19 15:52:00,60.78,60.78,60.75,60.78,1072
2024-08-19 15:55:00,60.75,60.75,60.73,60.73,484
2024-08-19 15:58:00,60.68,60.68,60.645,60.645,483
2024-08-19 16:01:00,60.69,60.69,60.665,60.67,712
2024-08-19 16:02:00,60.68,60.68,60.68,60.68,125
2024-08-19 16:05:00,60.66,60.66,60.66,60.66,278
2024-08-19 16:11:00,60.74,60.74,60.705,60.705,482
2024-08-19 16:12:00,60.77,60.79,60.74,60.765,1038
2024-08-19 16:13:00,60.8,60.8,60.77,60.79,1419
2024-08-19 16:18:00,60.74,60.74,60.74,60.74,127
2024-08-19 16:19:00,60.73,60.73,60.73,60.73,247
2024-08-19 16:26:00,60.73,60.74,60.715,60.74,880
2024-08-19 16:28:00,60.76,60.77,60.76,60.77,318
2024-08-19 16:30:00,60.75,60.75,60.75,60.75,327
2024-08-19 16:38:00,60.76,60.76,60.76,60.76,410
2024-08-19 16:40:00,60.74,60.74,60.74,60.74,517
2024-08-19 16:53:00,60.77,60.77,60.77,60.77,382
2024-08-19 17:00:00,60.81,60.81,60.81,60.81,113
2024-08-19 17:08:00,60.81,60.81,60.81,60.81,122
2024-08-19 17:12:00,60.82,60.82,60.82,60.82,213
2024-08-19 17:17:00,60.8,60.82,60.8,60.8,1566
2024-08-19 17:18:00,60.82,60.82,60.82,60.82,201
2024-08-19 17:25:00,60.78,60.8,60.78,60.8,978
2024-08-19 17:27:00,60.8,60.8,60.8,60.8,290
2024-08-19 17:29:00,60.78,60.78,60.78,60.78,191
2024-08-19 17:31:00,60.77,60.78,60.77,60.78,434
2024-08-19 17:33:00,60.76,60.77,60.75,60.75,1254
2024-08-19 17:37:00,60.8,60.8,60.8,60.8,214
2024-08-19 17:39:00,60.8,60.8,60.8,60.8,107
2024-08-19 17:40:00,60.8,60.8,60.8,60.8,154
2024-08-19 17:42:00,60.85,60.85,60.85,60.85,376
2024-08-19 17:48:00,60.87,60.87,60.85,60.85,617
2024-08-19 17:59:00,60.88,60.88,60.855,60.855,303
2024-08-19 18:01:00,60.88,60.88,60.88,60.88,116
2024-08-19 18:02:00,60.83,60.83,60.83,60.83,1006
2024-08-19 18:03:00,60.87,60.87,60.87,60.87,113
2024-08-19 18:04:00,60.89,60.9,60.88,60.88,1078
2024-08-19 18:05:00,60.88,60.88,60.88,60.88,102
2024-08-19 18:12:00,60.86,60.86,60.84,60.84,1446
2024-08-19 18:13:00,60.85,60.85,60.82,60.82,437
2024-08-19 18:20:00,60.86,60.885,60.85,60.85,1100
2024-08-19 18:21:00,60.91,60.91,60.87,60.87,231
2024-08-19 18:23:00,60.895,60.895,60.895,60.895,105
2024-08-19 18:24:00,60.92,60.92,60.92,60.92,246
2024-08-19 18:25:00,60.94,60.94,60.94,60.94,299
2024-08-19 18:30:00,60.9205,60.9205,60.9205,60.9205,415
2024-08-19 18:32:00,60.95,60.95,60.95,60.95,254
2024-08-19 18:39:00,60.96,60.96,60.93,60.93,708
2024-08-19 18:40:00,60.93,60.93,60.93,60.93,227
2024-08-19 18:42:00,60.93,60.93,60.93,60.93,415
2024-08-19 18:43:00,60.9909,60.9909,60.9909,60.9909,293
2024-08-19 18:47:00,60.89,60.89,60.89,60.89,126
2024-08-19 18:48:00,60.86,60.86,60.86,60.86,361
2024-08-19 18:58:00,60.805,60.805,60.805,60.805,320
2024-08-19 19:00:00,60.825,60.84,60.825,60.825,489
2024-08-19 19:01:00,60.8,60.8,60.8,60.8,229
2024-08-19 19:02:00,60.8,60.8,60.8,60.8,212
2024-08-19 19:03:00,60.78,60.78,60.78,60.78,103
2024-08-19 19:04:00,60.8,60.8,60.8,60.8,227
2024-08-19 19:12:00,60.77,60.77,60.75,60.75,1384
2024-08-19 19:13:00,60.77,60.77,60.77,60.77,216
2024-08-19 19:15:00,60.76,60.76,60.76,60.76,702
2024-08-19 19:20:00,60.77,60.77,60.77,60.77,318
2024-08-19 19:23:00,60.7799,60.7799,60.7799,60.7799,167
2024-08-19 19:25:00,60.765,60.765,60.765,60.765,302
2024-08-19 19:26:00,60.7616,60.7616,60.7616,60.7616,356
2024-08-19 19:28:00,60.75,60.76,60.75,60.76,667
2024-08-19 19:29:00,60.78,60.78,60.765,60.78,1087
2024-08-19 19:35:00,60.73,60.73,60.73,60.73,422
2024-08-19 19:38:00,60.71,60.71,60.71,60.71,980
2024-08-19 19:39:00,60.7,60.71,60.7,60.71,771
2024-08-19 19:40:00,60.71,60.71,60.71,60.71,186
2024-08-19 19:44:00,60.71,60.74,60.71,60.74,1026
2024-08-19 19:45:00,60.73,60.73,60.73,60.73,836
2024-08-19 19:47:00,60.71,60.71,60.71,60.71,351
2024-08-19 19:48:00,60.7,60.7,60.7,60.7,260
2024-08-19 19:50:00,60.7,60.7,60.67,60.67,1725
2024-08-19 19:51:00,60.65,60.65,60.64,60.64,813
2024-08-19 19:53:00,60.67,60.7,60.63,60.7,2569
2024-08-19 19:54:00,60.71,60.795,60.71,60.795,1603
2024-08-19 19:56:00,60.82,60.88,60.82,60.88,1477
2024-08-19 19:57:00,60.875,60.875,60.875,60.875,202
2024-08-19 19:58:00,60.87,60.87,60.87,60.87,640
2024-08-19 19:59:00,60.84,60.9,60.84,60.9,4044
2024-08-20 13:12:00,60.73,60.73,60.73,60.73,200
2024-08-20 13:30:00,60.63,60.63,60.63,60.63,325
2024-08-20 13:38:00,60.62,60.62,60.62,60.62,209
2024-08-20 13:45:00,60.7,60.7,60.7,60.7,129
2024-08-20 13:46:00,60.67,60.67,60.67,60.67,350
2024-08-20 13:53:00,60.74,60.74,60.71,60.71,501
2024-08-20 13:54:00,60.71,60.74,60.71,60.715,1007
2024-08-20 14:00:00,60.73,60.73,60.73,60.73,229
2024-08-20 14:01:00,60.72,60.72,60.72,60.72,333
2024-08-20 14:11:00,60.71,60.71,60.69,60.7,974
2024-08-20 14:12:00,60.68,60.68,60.67,60.67,584
2024-08-20 14:29:00,60.535,60.535,60.535,60.535,100
2024-08-20 14:38:00,60.5,60.5,60.5,60.5,248
2024-08-20 14:44:00,60.46,60.46,60.46,60.46,438
2024-08-20 14:45:00,60.46,60.46,60.46,60.46,107
2024-08-20 14:48:00,60.53,60.53,60.53,60.53,563
2024-08-20 14:55:00,60.54,60.54,60.54,60.54,101
2024-08-20 14:57:00,60.5,60.5,60.5,60.5,221
2024-08-20 14:58:00,60.5,60.5,60.5,60.5,105
2024-08-20 14:59:00,60.49,60.49,60.49,60.49,158
2024-08-20 15:02:00,60.45,60.45,60.45,60.45,310
2024-08-20 15:17:00,60.41,60.41,60.41,60.41,100
2024-08-20 15:20:00,60.425,60.45,60.425,60.45,494
2024-08-20 15:21:00,60.417,60.417,60.417,60.417,808
2024-08-20 15:28:00,60.4,60.415,60.4,60.415,924
2024-08-20 15:29:00,60.353,60.3975,60.353,60.3975,1109
2024-08-20 15:32:00,60.45,60.45,60.45,60.45,377
2024-08-20 15:43:00,60.45,60.45,60.45,60.45,530
2024-08-20 15:51:00,60.49,60.49,60.46,60.46,203
2024-08-20 15:54:00,60.49,60.49,60.49,60.49,348
2024-08-20 15:58:00,60.52,60.52,60.52,60.52,102
2024-08-20 16:01:00,60.51,60.51,60.51,60.51,299
2024-08-20 16:03:00,60.5,60.505,60.5,60.5,530
2024-08-20 16:08:00,60.5,60.5,60.5,60.5,203
2024-08-20 16:10:00,60.54,60.54,60.54,60.54,129
2024-08-20 16:11:00,60.525,60.525,60.525,60.525,273
2024-08-20 16:14:00,60.52,60.52,60.52,60.52,439
2024-08-20 16:16:00,60.515,60.515,60.515,60.515,259
2024-08-20 16:18:00,60.5,60.5,60.5,60.5,160
2024-08-20 16:20:00,60.47,60.475,60.465,60.465,606
2024-08-20 16:22:00,60.485,60.485,60.485,60.485,275
2024-08-20 16:23:00,60.485,60.485,60.48,60.48,552
2024-08-20 16:29:00,60.49,60.49,60.49,60.49,154
2024-08-20 16:30:00,60.4835,60.555,60.4835,60.555,726
2024-08-20 16:46:00,60.52,60.52,60.52,60.52,208
2024-08-20 16:51:00,60.57,60.57,60.57,60.57,348
2024-08-20 16:52:00,60.56,60.56,60.56,60.56,286
2024-08-20 16:53:00,60.57,60.57,60.57,60.57,245
2024-08-20 17:00:00,60.52,60.52,60.46,60.475,1354
2024-08-20 17:02:00,60.51,60.51,60.51,60.51,325
2024-08-20 17:06:00,60.52,60.52,60.52,60.52,968
2024-08-20 17:08:00,60.4997,60.54,60.4997,60.54,632
2024-08-20 17:09:00,60.54,60.54,60.54,60.54,422
2024-08-20 17:17:00,60.51,60.51,60.51,60.51,202
2024-08-20 17:18:00,60.53,60.53,60.53,60.53,103
2024-08-20 17:21:00,60.53,60.53,60.53,60.53,152
2024-08-20 17:26:00,60.54,60.54,60.54,60.54,200
2024-08-20 17:27:00,60.57,60.57,60.57,60.57,508
2024-08-20 17:35:00,60.58,60.58,60.58,60.58,135
2024-08-20 17:38:00,60.555,60.555,60.555,60.555,129
2024-08-20 17:46:00,60.58,60.6,60.58,60.6,609
2024-08-20 17:47:00,60.6,60.6,60.6,60.6,133
2024-08-20 17:59:00,60.58,60.58,60.58,60.58,115
2024-08-20 18:03:00,60.6,60.62,60.6,60.62,1153
2024-08-20 18:08:00,60.605,60.64,60.605,60.64,703
2024-08-20 18:12:00,60.66,60.66,60.66,60.66,100
2024-08-20 18:14:00,60.655,60.655,60.655,60.655,118
2024-08-20 18:16:00,60.67,60.67,60.67,60.67,133
2024-08-20 18:21:00,60.67,60.67,60.67,60.67,258
2024-08-20 18:25:00,60.69,60.69,60.69,60.69,570
2024-08-20 18:29:00,60.67,60.68,60.67,60.68,584
2024-08-20 18:31:00,60.665,60.665,60.665,60.665,110
2024-08-20 18:37:00,60.67,60.67,60.67,60.67,378
2024-08-20 18:53:00,60.66,60.66,60.66,60.66,400
2024-08-20 18:55:00,60.67,60.67,60.67,60.67,167
2024-08-20 18:57:00,60.67,60.67,60.65,60.65,587
2024-08-20 18:59:00,60.65,60.65,60.65,60.65,355
2024-08-20 19:03:00,60.69,60.69,60.69,60.69,106
2024-08-20 19:09:00,60.64,60.67,60.64,60.67,1366
2024-08-20 19:14:00,60.6671,60.6671,60.64,60.64,754
2024-08-20 19:20:00,60.665,60.665,60.665,60.665,398
2024-08-20 19:21:00,60.67,60.68,60.67,60.68,565
2024-08-20 19:22:00,60.68,60.6811,60.68,60.6811,447
2024-08-20 19:23:00,60.67,60.69,60.67,60.69,763
2024-08-20 19:24:00,60.695,60.695,60.695,60.695,214
2024-08-20 19:25:00,60.6882,60.6882,60.6882,60.6882,306
2024-08-20 19:26:00,60.71,60.7111,60.71,60.7111,310
2024-08-20 19:29:00,60.715,60.73,60.7,60.73,2354
2024-08-20 19:31:00,60.73,60.73,60.73,60.73,108
2024-08-20 19:32:00,60.73,60.73,60.7,60.7,1915
2024-08-20 19:33:00,60.72,60.72,60.72,60.72,149
2024-08-20 19:38:00,60.75,60.75,60.75,60.75,190
2024-08-20 19:42:00,60.71,60.735,60.71,60.735,959
2024-08-20 19:43:00,60.745,60.745,60.745,60.745,134
2024-08-20 19:45:00,60.72,60.72,60.72,60.72,112
2024-08-20 19:46:00,60.71,60.73,60.71,60.73,300
2024-08-20 19:50:00,60.71,60.72,60.71,60.72,715
2024-08-20 19:51:00,60.73,60.73,60.71,60.71,2072
2024-08-20 19:53:00,60.725,60.725,60.69,60.72,5657
2024-08-20 19:54:00,60.69,60.69,60.69,60.69,180
2024-08-20 19:55:00,60.705,60.705,60.705,60.705,164
2024-08-20 19:56:00,60.69,60.7,60.68,60.695,1795
2024-08-20 19:57:00,60.68,60.68,60.68,60.68,238
2024-08-20 19:58:00,60.695,60.695,60.64,60.64,4557
2024-08-20 19:59:00,60.64,60.67,60.62,60.62,3999
2024-08-20 21:32:00,60.1168,60.1168,60.1168,60.1168,500
2024-08-20 21:45:00,60.33,60.33,60.33,60.33,181
2024-08-21 09:06:00,61.09,61.09,61.09,61.09,103
2024-08-21 13:29:00,61.58,61.58,61.41,61.58,724
2024-08-21 13:30:00,61.89,61.89,61.89,61.89,2645
2024-08-21 13:37:00,61.81,61.81,61.81,61.81,101
2024-08-21 13:38:00,61.74,61.74,61.74,61.74,100
2024-08-21 13:45:00,61.83,61.83,61.83,61.83,463
2024-08-21 14:04:00,61.89,61.91,61.89,61.91,912
2024-08-21 14:05:00,61.9559,61.9559,61.9559,61.9559,462
2024-08-21 14:06:00,61.95,61.95,61.95,61.95,366
2024-08-21 14:07:00,61.96,61.96,61.95,61.95,789
2024-08-21 14:08:00,61.92,61.92,61.92,61.92,508
2024-08-21 14:09:00,61.87,61.89,61.87,61.88,706
2024-08-21 14:11:00,61.88,61.88,61.88,61.88,247
2024-08-21 14:14:00,61.87,61.87,61.83,61.83,832
2024-08-21 14:16:00,61.86,61.86,61.86,61.86,300
2024-08-21 14:18:00,61.89,61.89,61.89,61.89,105
2024-08-21 14:27:00,61.895,61.895,61.895,61.895,100
2024-08-21 14:35:00,61.9,61.9,61.9,61.9,531
2024-08-21 14:36:00,61.9,61.96,61.9,61.96,1417
2024-08-21 14:40:00,62.03,62.03,62.03,62.03,249
2024-08-21 14:50:00,61.93,61.93,61.93,61.93,349
2024-08-21 14:54:00,61.923,61.923,61.923,61.923,401
2024-08-21 14:58:00,61.915,61.915,61.915,61.915,318
2024-08-21 15:01:00,61.9,61.9,61.9,61.9,544
2024-08-21 15:04:00,61.95,61.95,61.95,61.95,525
2024-08-21 15:11:00,61.95,61.98,61.95,61.98,502
2024-08-21 15:12:00,62.01,62.03,62.01,62.03,248
2024-08-21 15:13:00,62.065,62.065,61.99,61.99,1782
2024-08-21 15:16:00,61.9985,61.9985,61.9985,61.9985,234
2024-08-21 15:18:00,61.99,61.99,61.99,61.99,316
2024-08-21 15:32:00,62.05,62.09,62.05,62.09,908
2024-08-21 15:35:00,62.05,62.05,62.05,62.05,311
2024-08-21 15:38:00,62.03,62.03,62.03,62.03,102
2024-08-21 15:41:00,62.07,62.07,62.07,62.07,120
2024-08-21 15:47:00,62.07,62.07,62.07,62.07,178
2024-08-21 15:49:00,62.06,62.07,62.02,62.02,818
2024-08-21 15:51:00,61.99,61.99,61.99,61.99,284
2024-08-21 15:55:00,62.02,62.02,62.02,62.02,110
2024-08-21 15:56:00,62.0,62.0,62.0,62.0,131
2024-08-21 16:01:00,61.94,61.94,61.94,61.94,208
2024-08-21 16:04:00,61.85,61.85,61.85,61.85,147
2024-08-21 16:08:00,61.915,61.915,61.915,61.915,351
2024-08-21 16:19:00,61.96,61.96,61.93,61.93,707
2024-08-21 16:27:00,61.985,61.985,61.985,61.985,100
2024-08-21 16:30:00,61.975,61.975,61.975,61.975,174
2024-08-21 16:31:00,61.99,61.99,61.99,61.99,115
2024-08-21 16:36:00,62.03,62.03,62.03,62.03,573
2024-08-21 16:38:00,62.04,62.04,62.0212,62.0212,2043
2024-08-21 16:39:00,62.1,62.1,62.1,62.1,247
2024-08-21 16:42:00,62.09,62.09,62.09,62.09,402
2024-08-21 16:44:00,62.07,62.07,62.03,62.03,631
2024-08-21 17:01:00,62.05,62.0667,62.05,62.0667,1308
2024-08-21 17:05:00,62.07,62.07,62.07,62.07,356
2024-08-21 17:10:00,62.09,62.09,62.09,62.09,200
2024-08-21 17:17:00,62.06,62.07,62.06,62.07,605
2024-08-21 17:18:00,62.04,62.0442,62.04,62.0442,1119
2024-08-21 17:19:00,62.07,62.07,62.07,62.07,259
2024-08-21 17:20:00,62.05,62.05,62.05,62.05,314
2024-08-21 17:21:00,62.05,62.05,62.05,62.05,1010
2024-08-21 17:22:00,62.06,62.06,62.06,62.06,1005
2024-08-21 17:23:00,62.07,62.07,62.07,62.07,120
2024-08-21 17:30:00,62.05,62.05,62.05,62.05,748
2024-08-21 17:33:00,62.06,62.08,62.06,62.08,942
2024-08-21 17:34:00,62.09,62.1,62.09,62.095,415
2024-08-21 17:41:00,62.09,62.09,62.07,62.07,224
2024-08-21 17:42:00,62.04,62.06,62.04,62.06,504
2024-08-21 17:45:00,62.09,62.09,62.09,62.09,118
2024-08-21 17:48:00,62.09,62.1,62.09,62.09,688
2024-08-21 17:52:00,62.1,62.1,62.1,62.1,346
2024-08-21 18:02:00,62.16,62.16,62.15,62.15,327
2024-08-21 18:07:00,62.15,62.15,62.15,62.15,279
2024-08-21 18:16:00,62.23,62.28,62.23,62.28,978
2024-08-21 18:25:00,62.33,62.34,62.33,62.34,1230
2024-08-21 18:26:00,62.32,62.33,62.32,62.33,201
2024-08-21 18:32:00,62.42,62.42,62.42,62.42,213
2024-08-21 18:35:00,62.38,62.38,62.33,62.33,952
2024-08-21 18:36:00,62.335,62.335,62.335,62.335,110
2024-08-21 18:38:00,62.29,62.29,62.29,62.29,588
2024-08-21 18:39:00,62.29,62.29,62.265,62.265,588
2024-08-21 18:46:00,62.255,62.255,62.24,62.24,212
2024-08-21 18:48:00,62.29,62.29,62.29,62.29,107
2024-08-21 18:49:00,62.2689,62.2689,62.2689,62.2689,115
2024-08-21 18:51:00,62.31,62.32,62.285,62.32,1383
2024-08-21 18:53:00,62.32,62.32,62.31,62.31,306
2024-08-21 18:59:00,62.34,62.34,62.34,62.34,1173
2024-08-21 19:01:00,62.31,62.31,62.24,62.24,746
2024-08-21 19:02:00,62.24,62.24,62.24,62.24,380
2024-08-21 19:07:00,62.27,62.27,62.27,62.27,513
2024-08-21 19:09:00,62.27,62.27,62.27,62.27,1159
2024-08-21 19:10:00,62.27,62.27,62.27,62.27,111
2024-08-21 19:11:00,62.29,62.29,62.29,62.29,670
2024-08-21 19:13:00,62.28,62.28,62.28,62.28,187
2024-08-21 19:15:00,62.28,62.3,62.28,62.3,596
2024-08-21 19:16:00,62.3,62.3,62.29,62.29,416
2024-08-21 19:17:00,62.29,62.29,62.29,62.29,142
2024-08-21 19:18:00,62.28,62.28,62.27,62.28,1755
2024-08-21 19:19:00,62.27,62.27,62.27,62.27,562
2024-08-21 19:20:00,62.27,62.28,62.25,62.28,3731
2024-08-21 19:22:00,62.28,62.28,62.26,62.26,971
2024-08-21 19:24:00,62.245,62.25,62.245,62.25,200
2024-08-21 19:25:00,62.25,62.25,62.25,62.25,200
2024-08-21 19:26:00,62.27,62.27,62.27,62.27,854
2024-08-21 19:27:00,62.3,62.31,62.285,62.31,1091
2024-08-21 19:29:00,62.31,62.31,62.28,62.28,1124
2024-08-21 19:30:00,62.309,62.309,62.309,62.309,110
2024-08-21 19:31:00,62.29,62.29,62.27,62.27,892
2024-08-21 19:33:00,62.25,62.25,62.25,62.25,244
2024-08-21 19:35:00,62.255,62.27,62.25,62.26,2033
2024-08-21 19:36:00,62.26,62.26,62.26,62.26,140
2024-08-21 19:38:00,62.258,62.258,62.258,62.258,145
2024-08-21 19:39:00,62.24,62.26,62.24,62.26,1090
2024-08-21 19:41:00,62.27,62.27,62.27,62.27,242
2024-08-21 19:42:00,62.28,62.28,62.27,62.27,903
2024-08-21 19:43:00,62.27,62.27,62.26,62.26,888
2024-08-21 19:44:00,62.27,62.27,62.27,62.27,974
2024-08-21 19:45:00,62.27,62.27,62.27,62.27,118
2024-08-21 19:46:00,62.27,62.27,62.27,62.27,1325
2024-08-21 19:47:00,62.26,62.26,62.25,62.25,489
2024-08-21 19:48:00,62.259,62.259,62.259,62.259,155
2024-08-21 19:49:00,62.23,62.24,62.23,62.24,317
2024-08-21 19:50:00,62.22,62.24,62.22,62.22,1633
2024-08-21 19:51:00,62.22,62.22,62.22,62.22,132
2024-08-21 19:52:00,62.219,62.219,62.219,62.219,317
2024-08-21 19:53:00,62.2,62.2096,62.2,62.2096,814
2024-08-21 19:54:00,62.19,62.21,62.19,62.21,1111
2024-08-21 19:55:00,62.24,62.27,62.24,62.24,718
2024-08-21 19:56:00,62.24,62.26,62.24,62.26,1177
2024-08-21 19:57:00,62.28,62.28,62.28,62.28,400
2024-08-21 19:58:00,62.28,62.32,62.28,62.32,1710
2024-08-21 19:59:00,62.3,62.315,62.28,62.29,3758
2024-08-21 20:00:00,62.26,62.26,62.26,62.26,100
2024-08-21 21:02:00,61.4119,61.4119,61.4119,61.4119,200
2024-08-22 08:20:00,64.02,64.02,64.02,64.02,115
2024-08-22 13:21:00,64.77,64.77,64.74,64.74,423
2024-08-22 13:29:00,64.71,64.74,64.58,64.58,1074
2024-08-22 13:30:00,64.92,65.04,64.88,64.88,3182
2024-08-22 13:32:00,64.82,64.82,64.76,64.76,1156
2024-08-22 13:34:00,64.76,64.76,64.73,64.73,552
2024-08-22 13:35:00,64.69,64.69,64.68,64.68,247
2024-08-22 13:36:00,64.69,64.69,64.69,64.69,243
2024-08-22 13:37:00,64.68,64.68,64.68,64.68,147
2024-08-22 13:38:00,64.68,64.68,64.68,64.68,149
2024-08-22 13:40:00,64.69,64.69,64.69,64.69,119
2024-08-22 13:41:00,64.7,64.7,64.68,64.68,670
2024-08-22 13:42:00,64.67,64.67,64.67,64.67,125
2024-08-22 13:43:00,64.68,64.68,64.68,64.68,172
2024-08-22 13:44:00,64.68,64.68,64.67,64.68,794
2024-08-22 13:45:00,64.69,64.69,64.69,64.69,146
2024-08-22 13:46:00,64.67,64.67,64.6,64.6,608
2024-08-22 13:47:00,64.59,64.61,64.59,64.61,460
2024-08-22 13:48:00,64.58,64.58,64.58,64.58,233
2024-08-22 13:49:00,64.59,64.59,64.59,64.59,211
2024-08-22 13:50:00,64.5802,64.595,64.5,64.5,1433
2024-08-22 13:51:00,64.53,64.53,64.51,64.52,859
2024-08-22 13:52:00,64.53,64.615,64.53,64.615,312
2024-08-22 13:53:00,64.53,64.53,64.53,64.53,139
2024-08-22 13:54:00,64.54,64.54,64.54,64.54,259
2024-08-22 13:55:00,64.53,64.53,64.53,64.53,515
2024-08-22 13:56:00,64.54,64.54,64.54,64.54,115
2024-08-22 13:58:00,64.54,64.54,64.54,64.54,231
2024-08-22 14:00:00,64.52,64.52,64.49,64.49,612
2024-08-22 14:03:00,64.49,64.49,64.47,64.47,818
2024-08-22 14:04:00,64.5,64.5,64.5,64.5,333
2024-08-22 14:06:00,64.46,64.46,64.46,64.46,308
2024-08-22 14:07:00,64.44,64.44,64.44,64.44,553
2024-08-22 14:08:00,64.4,64.4,64.37,64.37,465
2024-08-22 14:13:00,64.34,64.34,64.34,64.34,323
2024-08-22 14:14:00,64.31,64.31,64.31,64.31,478
2024-08-22 14:17:00,64.25,64.25,64.25,64.25,100
2024-08-22 14:18:00,64.25,64.28,64.25,64.25,757
2024-08-22 14:19:00,64.29,64.29,64.29,64.29,110
2024-08-22 14:21:00,64.24,64.24,64.23,64.23,427
2024-08-22 14:23:00,64.22,64.22,64.22,64.22,202
2024-08-22 14:24:00,64.19,64.19,64.17,64.185,435
2024-08-22 14:25:00,64.22,64.28,64.22,64.28,719
2024-08-22 14:29:00,64.32,64.32,64.32,64.32,102
2024-08-22 14:31:00,64.2,64.2,64.2,64.2,569
2024-08-22 14:33:00,64.16,64.16,64.16,64.16,123
2024-08-22 14:34:00,64.14,64.14,64.13,64.13,1255
2024-08-22 14:35:00,64.16,64.16,64.16,64.16,121
2024-08-22 14:36:00,64.195,64.205,64.195,64.2,442
2024-08-22 14:37:00,64.21,64.21,64.18,64.18,511
2024-08-22 14:38:00,64.19,64.19,64.19,64.19,429
2024-08-22 14:39:00,64.19,64.19,64.18,64.18,807
2024-08-22 14:40:00,64.19,64.19,64.19,64.19,230
2024-08-22 14:42:00,64.2,64.21,64.2,64.21,818
2024-08-22 14:43:00,64.21,64.23,64.2,64.2,665
2024-08-22 14:48:00,64.2,64.2,64.2,64.2,214
2024-08-22 14:54:00,64.24,64.24,64.24,64.24,118
2024-08-22 14:57:00,64.22,64.24,64.22,64.22,333
2024-08-22 14:59:00,64.17,64.2,64.17,64.2,680
2024-08-22 15:00:00,64.21,64.25,64.21,64.25,909
2024-08-22 15:04:00,64.27,64.27,64.26,64.26,574
2024-08-22 15:05:00,64.25,64.25,64.24,64.245,380
2024-08-22 15:06:00,64.2413,64.2413,64.2413,64.2413,215
2024-08-22 15:07:00,64.25,64.27,64.235,64.235,984
2024-08-22 15:08:00,64.215,64.215,64.215,64.215,217
2024-08-22 15:09:00,64.18,64.18,64.18,64.18,395
2024-08-22 15:12:00,64.115,64.115,64.115,64.115,121
2024-08-22 15:13:00,64.09,64.09,64.09,64.09,203
2024-08-22 15:16:00,64.08,64.08,64.03,64.03,1327
2024-08-22 15:17:00,64.085,64.085,64.085,64.085,506
2024-08-22 15:19:00,64.06,64.06,64.02,64.02,708
2024-08-22 15:20:00,64.02,64.02,63.98,63.98,859
2024-08-22 15:21:00,64.0,64.0,64.0,64.0,202
2024-08-22 15:23:00,64.0,64.01,64.0,64.01,400
2024-08-22 15:24:00,64.03,64.03,64.02,64.02,368
2024-08-22 15:27:00,64.05,64.07,64.05,64.07,353
2024-08-22 15:28:00,64.065,64.065,64.065,64.065,199
2024-08-22 15:32:00,64.03,64.03,64.03,64.03,299
2024-08-22 15:33:00,64.03,64.03,63.99,63.99,606
2024-08-22 15:34:00,63.98,63.98,63.98,63.98,293
2024-08-22 15:36:00,63.99,64.005,63.96,64.005,2014
2024-08-22 15:38:00,63.96,63.96,63.93,63.93,1086
2024-08-22 15:39:00,63.93,63.93,63.93,63.93,109
2024-08-22 15:41:00,63.885,63.885,63.88,63.88,866
2024-08-22 15:44:00,63.85,63.89,63.81,63.84,1101
2024-08-22 15:45:00,63.82,63.82,63.81,63.81,311
2024-08-22 15:46:00,63.835,63.84,63.835,63.84,1230
2024-08-22 15:47:00,63.87,63.87,63.87,63.87,669
2024-08-22 15:48:00,63.84,63.84,63.78,63.78,1293
2024-08-22 15:49:00,63.7602,63.77,63.75,63.77,2600
2024-08-22 15:53:00,63.77,63.77,63.77,63.77,115
2024-08-22 15:54:00,63.79,63.79,63.79,63.79,104
2024-08-22 15:55:00,63.76,63.77,63.76,63.77,411
2024-08-22 15:56:00,63.785,63.785,63.785,63.785,645
2024-08-22 15:57:00,63.785,63.81,63.785,63.81,877
2024-08-22 16:02:00,63.85,63.85,63.85,63.85,162
2024-08-22 16:05:00,63.81,63.81,63.81,63.81,312
2024-08-22 16:06:00,63.84,63.84,63.84,63.84,260
2024-08-22 16:07:00,63.86,63.89,63.85,63.89,2509
2024-08-22 16:09:00,63.87,63.87,63.87,63.87,365
2024-08-22 16:10:00,63.9,63.9,63.9,63.9,135
2024-08-22 16:12:00,63.88,63.88,63.88,63.88,257
2024-08-22 16:15:00,63.87,63.87,63.87,63.87,1046
2024-08-22 16:16:00,63.85,63.85,63.84,63.85,420
2024-08-22 16:17:00,63.88,63.88,63.88,63.88,272
2024-08-22 16:18:00,63.85,63.87,63.81,63.84,3066
2024-08-22 16:19:00,63.86,63.87,63.86,63.87,615
2024-08-22 16:20:00,63.895,63.895,63.895,63.895,611
2024-08-22 16:21:00,63.9,63.9,63.89,63.89,420
2024-08-22 16:22:00,63.89,63.9,63.89,63.9,449
2024-08-22 16:23:00,63.91,63.91,63.9,63.9,287
2024-08-22 16:24:00,63.9088,63.9088,63.9088,63.9088,189
2024-08-22 16:26:00,63.91,63.91,63.91,63.91,299
2024-08-22 16:27:00,63.93,63.95,63.93,63.95,222
2024-08-22 16:31:00,63.93,63.93,63.93,63.93,110
2024-08-22 16:32:00,63.925,63.925,63.925,63.925,100
2024-08-22 16:34:00,63.92,63.92,63.92,63.92,100
2024-08-22 16:37:00,63.91,63.91,63.91,63.91,160
2024-08-22 16:38:00,63.925,63.925,63.925,63.925,281
2024-08-22 16:40:00,63.915,63.915,63.915,63.915,152
2024-08-22 16:43:00,63.925,63.925,63.925,63.925,104
2024-08-22 16:46:00,63.925,63.925,63.925,63.925,343
2024-08-22 16:47:00,63.92,63.92,63.91,63.91,405
2024-08-22 16:49:00,63.9,63.9,63.89,63.89,769
2024-08-22 16:50:00,63.88,63.88,63.88,63.88,101
2024-08-22 16:51:00,63.85,63.85,63.85,63.85,541
2024-08-22 16:54:00,63.73,63.73,63.73,63.73,213
2024-08-22 17:01:00,63.7064,63.7064,63.7064,63.7064,118
2024-08-22 17:05:00,63.69,63.69,63.69,63.69,109
2024-08-22 17:09:00,63.675,63.675,63.675,63.675,140
2024-08-22 17:11:00,63.72,63.73,63.72,63.73,1538
2024-08-22 17:13:00,63.73,63.73,63.73,63.73,172
2024-08-22 17:19:00,63.73,63.73,63.73,63.73,101
2024-08-22 17:22:00,63.73,63.73,63.73,63.73,161
2024-08-22 17:23:00,63.73,63.73,63.73,63.73,159
2024-08-22 17:30:00,63.66,63.665,63.66,63.665,465
2024-08-22 17:31:00,63.64,63.64,63.6,63.6,1224
2024-08-22 17:32:00,63.52,63.52,63.52,63.52,104
2024-08-22 17:42:00,63.58,63.58,63.58,63.58,101
2024-08-22 17:50:00,63.53,63.53,63.53,63.53,319
2024-08-22 17:52:00,63.54,63.54,63.54,63.54,462
2024-08-22 17:53:00,63.51,63.52,63.51,63.52,522
2024-08-22 17:54:00,63.52,63.52,63.5,63.5,428
2024-08-22 17:55:00,63.5,63.5,63.49,63.49,300
2024-08-22 17:57:00,63.48,63.48,63.48,63.48,215
2024-08-22 18:01:00,63.46,63.46,63.44,63.45,1041
2024-08-22 18:02:00,63.48,63.49,63.48,63.49,1035
2024-08-22 18:03:00,63.475,63.5,63.475,63.5,440
2024-08-22 18:04:00,63.48,63.48,63.48,63.48,124
2024-08-22 18:08:00,63.52,63.52,63.52,63.52,357
2024-08-22 18:15:00,63.61,63.61,63.59,63.59,648
2024-08-22 18:24:00,63.62,63.62,63.62,63.62,279
2024-08-22 18:25:00,63.6,63.6,63.6,63.6,104
2024-08-22 18:29:00,63.65,63.65,63.64,63.65,788
2024-08-22 18:32:00,63.635,63.635,63.635,63.635,166
2024-08-22 18:44:00,63.62,63.63,63.62,63.63,320
2024-08-22 18:45:00,63.64,63.66,63.64,63.642,972
2024-08-22 18:46:00,63.67,63.67,63.67,63.67,119
2024-08-22 18:47:00,63.74,63.74,63.71,63.71,330
2024-08-22 18:49:00,63.66,63.69,63.65,63.67,827
2024-08-22 18:54:00,63.7,63.7,63.69,63.69,698
2024-08-22 18:55:00,63.68,63.68,63.68,63.68,213
2024-08-22 18:57:00,63.6895,63.6895,63.68,63.68,282
2024-08-22 18:59:00,63.66,63.68,63.63,63.65,1171
2024-08-22 19:00:00,63.675,63.675,63.675,63.675,445
2024-08-22 19:02:00,63.7,63.72,63.7,63.72,756
2024-08-22 19:03:00,63.75,63.77,63.75,63.77,385
2024-08-22 19:07:00,63.785,63.785,63.785,63.785,224
2024-08-22 19:09:00,63.765,63.765,63.765,63.765,308
2024-08-22 19:11:00,63.79,63.81,63.79,63.81,579
2024-08-22 19:13:00,63.82,63.82,63.805,63.805,641
2024-08-22 19:16:00,63.805,63.83,63.805,63.83,671
2024-08-22 19:17:00,63.81,63.83,63.81,63.83,1527
2024-08-22 19:18:00,63.81,63.81,63.81,63.81,224
2024-08-22 19:20:00,63.81,63.81,63.81,63.81,387
2024-08-22 19:22:00,63.81,63.81,63.77,63.77,4051
2024-08-22 19:23:00,63.765,63.77,63.765,63.77,589
2024-08-22 19:24:00,63.77,63.77,63.77,63.77,173
2024-08-22 19:25:00,63.76,63.77,63.76,63.765,667
2024-08-22 19:26:00,63.78,63.795,63.78,63.795,1192
2024-08-22 19:28:00,63.81,63.81,63.81,63.81,327
2024-08-22 19:30:00,63.83,63.83,63.81,63.81,326
2024-08-22 19:31:00,63.83,63.83,63.83,63.83,364
2024-08-22 19:32:00,63.83,63.83,63.82,63.82,423
2024-08-22 19:33:00,63.81,63.83,63.79,63.79,2052
2024-08-22 19:34:00,63.79,63.79,63.79,63.79,229
2024-08-22 19:35:00,63.78,63.78,63.78,63.78,422
2024-08-22 19:36:00,63.79,63.84,63.79,63.84,1454
2024-08-22 19:37:00,63.85,63.85,63.85,63.85,368
2024-08-22 19:38:00,63.85,63.85,63.85,63.85,280
2024-08-22 19:39:00,63.87,63.87,63.84,63.85,1568
2024-08-22 19:43:00,63.8,63.8,63.8,63.8,487
2024-08-22 19:44:00,63.81,63.82,63.79,63.8,2339
2024-08-22 19:45:00,63.8,63.82,63.8,63.82,798
2024-08-22 19:46:00,63.82,63.82,63.82,63.82,589
2024-08-22 19:48:00,63.83,63.84,63.83,63.83,1314
2024-08-22 19:49:00,63.85,63.87,63.85,63.87,667
2024-08-22 19:50:00,63.86,63.87,63.84,63.87,1479
2024-08-22 19:51:00,63.88,63.88,63.88,63.88,272
2024-08-22 19:53:00,63.84,63.86,63.81,63.82,3060
2024-08-22 19:54:00,63.82,63.86,63.81,63.86,1200
2024-08-22 19:55:00,63.86,63.86,63.86,63.86,373
2024-08-22 19:57:00,63.88,63.88,63.82,63.82,2667
2024-08-22 19:58:00,63.825,63.8599,63.825,63.8599,627
2024-08-22 19:59:00,63.85,63.87,63.8,63.87,3881
2024-08-22 20:00:00,63.81,63.81,63.81,63.81,105
2024-08-23 13:30:00,63.92,63.92,63.92,63.92,387
2024-08-23 13:39:00,63.593,63.593,63.593,63.593,178
2024-08-23 13:48:00,63.64,63.64,63.64,63.64,327
2024-08-23 13:50:00,63.64,63.64,63.64,63.64,363
2024-08-23 13:54:00,63.7544,63.7544,63.7544,63.7544,370
2024-08-23 14:00:00,63.77,63.77,63.67,63.67,672
2024-08-23 14:02:00,64.05,64.05,64.03,64.05,1321
2024-08-23 14:04:00,64.28,64.28,64.18,64.18,400
2024-08-23 14:05:00,64.22,64.22,64.22,64.22,304
2024-08-23 14:06:00,64.25,64.25,64.25,64.25,229
2024-08-23 14:10:00,64.425,64.425,64.425,64.425,279
2024-08-23 14:11:00,64.49,64.49,64.45,64.45,443
2024-08-23 14:14:00,64.61,64.635,64.61,64.635,485
2024-08-23 14:15:00,64.5,64.65,64.5,64.6,4905
2024-08-23 14:17:00,64.43,64.43,64.38,64.38,831
2024-08-23 14:19:00,64.29,64.29,64.27,64.27,312
2024-08-23 14:23:00,64.26,64.26,64.26,64.26,248
2024-08-23 14:24:00,64.4,64.4,64.4,64.4,260
2024-08-23 14:30:00,64.51,64.51,64.51,64.51,454
2024-08-23 14:34:00,64.52,64.52,64.52,64.52,320
2024-08-23 14:35:00,64.51,64.51,64.51,64.51,313
2024-08-23 14:36:00,64.48,64.48,64.48,64.48,101
2024-08-23 14:38:00,64.44,64.44,64.44,64.44,339
2024-08-23 14:40:00,64.41,64.41,64.41,64.41,270
2024-08-23 14:41:00,64.35,64.35,64.35,64.35,123
2024-08-23 14:43:00,64.425,64.425,64.425,64.425,177
2024-08-23 14:44:00,64.445,64.5,64.445,64.5,313
2024-08-23 14:45:00,64.5,64.5,64.5,64.5,1166
2024-08-23 14:46:00,64.42,64.43,64.4,64.43,552
2024-08-23 14:47:00,64.35,64.35,64.35,64.35,414
2024-08-23 14:48:00,64.37,64.37,64.35,64.35,1126
2024-08-23 14:51:00,64.35,64.35,64.35,64.35,1562
2024-08-23 14:54:00,64.38,64.38,64.38,64.38,447
2024-08-23 14:55:00,64.38,64.43,64.38,64.405,971
2024-08-23 14:59:00,64.4101,64.5,64.4101,64.5,690
2024-08-23 15:00:00,64.45,64.45,64.45,64.45,283
2024-08-23 15:03:00,64.5,64.5,64.5,64.5,165
2024-08-23 15:04:00,64.52,64.52,64.5,64.5,200
2024-08-23 15:06:00,64.525,64.525,64.525,64.525,465
2024-08-23 15:10:00,64.58,64.58,64.58,64.58,140
2024-08-23 15:18:00,64.8,64.8,64.8,64.8,115
2024-08-23 15:19:00,64.8,64.8,64.8,64.8,242
2024-08-23 15:24:00,64.895,64.895,64.895,64.895,137
2024-08-23 15:26:00,64.92,64.92,64.92,64.92,409
2024-08-23 15:31:00,64.89,64.89,64.89,64.89,411
2024-08-23 15:34:00,64.8,64.8,64.8,64.8,291
2024-08-23 15:35:00,64.84,64.84,64.84,64.84,100
2024-08-23 15:37:00,64.83,64.83,64.83,64.83,202
2024-08-23 15:38:00,64.825,64.83,64.825,64.83,783
2024-08-23 15:40:00,64.87,64.89,64.87,64.89,398
2024-08-23 15:41:00,64.895,64.895,64.895,64.895,368
2024-08-23 15:43:00,64.84,64.895,64.84,64.895,478
2024-08-23 15:44:00,64.83,64.83,64.83,64.83,419
2024-08-23 15:45:00,64.8,64.8,64.8,64.8,439
2024-08-23 15:51:00,64.73,64.73,64.72,64.72,812
2024-08-23 15:57:00,64.64,64.64,64.64,64.64,100
2024-08-23 16:06:00,64.5,64.5,64.5,64.5,1117
2024-08-23 16:12:00,64.5085,64.5085,64.5085,64.5085,906
2024-08-23 16:15:00,64.47,64.47,64.47,64.47,103
2024-08-23 16:18:00,64.5,64.5,64.5,64.5,218
2024-08-23 16:19:00,64.53,64.54,64.53,64.54,405
2024-08-23 16:22:00,64.51,64.525,64.51,64.525,325
2024-08-23 16:25:00,64.48,64.48,64.48,64.48,121
2024-08-23 16:26:00,64.48,64.48,64.46,64.46,597
2024-08-23 16:30:00,64.49,64.49,64.49,64.49,433
2024-08-23 16:31:00,64.48,64.48,64.48,64.48,326
2024-08-23 16:32:00,64.5213,64.5213,64.5213,64.5213,521
2024-08-23 16:36:00,64.54,64.585,64.54,64.585,754
2024-08-23 16:37:00,64.59,64.59,64.59,64.59,119
2024-08-23 16:41:00,64.57,64.57,64.55,64.55,865
2024-08-23 16:42:00,64.58,64.58,64.5,64.5,706
2024-08-23 16:46:00,64.41,64.41,64.41,64.41,253
2024-08-23 16:51:00,64.41,64.45,64.41,64.41,1986
2024-08-23 16:52:00,64.46,64.46,64.46,64.46,100
2024-08-23 16:55:00,64.47,64.47,64.47,64.47,258
2024-08-23 16:59:00,64.58,64.58,64.58,64.58,250
2024-08-23 17:04:00,64.58,64.58,64.58,64.58,154
2024-08-23 17:05:00,64.58,64.58,64.58,64.58,300
2024-08-23 17:11:00,64.58,64.58,64.58,64.58,447
2024-08-23 17:13:00,64.58,64.58,64.58,64.58,203
2024-08-23 17:19:00,64.56,64.58,64.56,64.58,574
2024-08-23 17:20:00,64.61,64.61,64.61,64.61,296
2024-08-23 17:27:00,64.5785,64.5785,64.5785,64.5785,202
2024-08-23 17:28:00,64.69,64.69,64.69,64.69,198
2024-08-23 17:31:00,64.6878,64.6878,64.67,64.67,625
2024-08-23 17:35:00,64.71,64.71,64.71,64.71,190
2024-08-23 17:36:00,64.7,64.7,64.7,64.7,254
2024-08-23 17:44:00,64.75,64.75,64.75,64.75,608
2024-08-23 17:45:00,64.76,64.76,64.76,64.76,124
2024-08-23 17:50:00,64.75,64.75,64.75,64.75,203
2024-08-23 17:51:00,64.75,64.75,64.75,64.75,439
2024-08-23 17:56:00,64.75,64.75,64.75,64.75,317
2024-08-23 17:58:00,64.76,64.76,64.76,64.76,184
2024-08-23 17:59:00,64.75,64.75,64.75,64.75,107
2024-08-23 18:08:00,64.76,64.76,64.76,64.76,320
2024-08-23 18:11:00,64.76,64.77,64.76,64.77,392
2024-08-23 18:18:00,64.76,64.76,64.745,64.745,725
2024-08-23 18:19:00,64.745,64.745,64.745,64.745,240
2024-08-23 18:21:00,64.72,64.72,64.72,64.72,100
2024-08-23 18:22:00,64.7,64.7,64.66,64.66,1612
2024-08-23 18:23:00,64.6435,64.6435,64.6435,64.6435,619
2024-08-23 18:24:00,64.7,64.7,64.7,64.7,485
2024-08-23 18:26:00,64.72,64.72,64.72,64.72,200
2024-08-23 18:34:00,64.74,64.74,64.73,64.73,271
2024-08-23 18:36:00,64.73,64.73,64.73,64.73,300
2024-08-23 18:58:00,64.71,64.71,64.7,64.7,491
2024-08-23 19:02:00,64.67,64.67,64.67,64.67,569
2024-08-23 19:08:00,64.7,64.7,64.6918,64.6918,696
2024-08-23 19:09:00,64.71,64.71,64.71,64.71,350
2024-08-23 19:10:00,64.73,64.745,64.73,64.745,265
2024-08-23 19:13:00,64.77,64.77,64.77,64.77,349
2024-08-23 19:15:00,64.81,64.81,64.81,64.81,634
2024-08-23 19:16:00,64.81,64.81,64.805,64.81,919
2024-08-23 19:22:00,64.79,64.79,64.79,64.79,623
2024-08-23 19:25:00,64.79,64.79,64.79,64.79,982
2024-08-23 19:26:00,64.79,64.79,64.79,64.79,210
2024-08-23 19:27:00,64.79,64.79,64.79,64.79,1049
2024-08-23 19:29:00,64.81,64.81,64.81,64.81,1172
2024-08-23 19:30:00,64.845,64.88,64.835,64.88,1201
2024-08-23 19:31:00,64.85,64.85,64.85,64.85,1125
2024-08-23 19:33:00,64.855,64.855,64.855,64.855,416
2024-08-23 19:34:00,64.8741,64.8741,64.8741,64.8741,204
2024-08-23 19:35:00,64.855,64.855,64.85,64.85,841
2024-08-23 19:36:00,64.85,64.86,64.85,64.86,500
2024-08-23 19:38:00,64.86,64.86,64.86,64.86,872
2024-08-23 19:39:00,64.85,64.85,64.83,64.83,498
2024-08-23 19:42:00,64.83,64.83,64.83,64.83,543
2024-08-23 19:45:00,64.82,64.83,64.8,64.815,2515
2024-08-23 19:46:00,64.81,64.82,64.81,64.82,248
2024-08-23 19:47:00,64.83,64.83,64.83,64.83,578
2024-08-23 19:48:00,64.84,64.84,64.84,64.84,493
2024-08-23 19:49:00,64.86,64.86,64.86,64.86,279
2024-08-23 19:50:00,65.0,65.0,64.875,64.875,560
2024-08-23 19:51:00,64.88,64.88,64.86,64.86,216
2024-08-23 19:55:00,64.875,64.9,64.86,64.88,1609
2024-08-23 19:56:00,64.86,64.935,64.86,64.935,2781
2024-08-23 19:58:00,64.93,64.93,64.93,64.93,664
2024-08-23 19:59:00,64.94,64.99,64.94,64.97,3256
2024-08-26 12:31:00,65.853,65.853,65.853,65.853,100
2024-08-26 13:29:00,64.98,65.02,64.97,65.02,506
2024-08-26 13:30:00,65.08,65.08,64.99,65.04,1285
2024-08-26 13:33:00,65.0,65.0,65.0,65.0,1023
2024-08-26 13:42:00,65.055,65.055,65.055,65.055,100
2024-08-26 13:49:00,65.25,65.25,65.18,65.18,1783
2024-08-26 13:50:00,65.205,65.205,65.205,65.205,288
2024-08-26 13:51:00,65.205,65.205,65.205,65.205,192
2024-08-26 13:52:00,65.215,65.215,65.215,65.215,118
2024-08-26 13:53:00,65.27,65.27,65.27,65.27,160
2024-08-26 13:54:00,65.16,65.16,65.16,65.16,156
2024-08-26 13:56:00,65.23,65.23,65.23,65.23,429
2024-08-26 14:01:00,65.18,65.18,65.18,65.18,132
2024-08-26 14:07:00,65.21,65.21,65.205,65.205,353
2024-08-26 14:08:00,65.18,65.18,65.18,65.18,648
2024-08-26 14:16:00,65.05,65.05,65.05,65.05,161
2024-08-26 14:19:00,64.95,64.95,64.95,64.95,237
2024-08-26 14:25:00,65.06,65.06,65.03,65.03,784
2024-08-26 14:28:00,65.03,65.03,65.03,65.03,104
2024-08-26 14:30:00,65.0,65.0,65.0,65.0,481
2024-08-26 14:31:00,64.97,64.97,64.937,64.937,710
2024-08-26 14:32:00,64.93,64.93,64.93,64.93,516
2024-08-26 14:38:00,64.86,64.86,64.835,64.835,936
2024-08-26 14:40:00,64.89,64.89,64.89,64.89,464
2024-08-26 14:41:00,64.92,64.92,64.855,64.855,201
2024-08-26 14:50:00,64.8775,64.8775,64.8775,64.8775,106
2024-08-26 14:54:00,64.885,64.885,64.885,64.885,193
2024-08-26 14:58:00,64.901,64.901,64.901,64.901,215
2024-08-26 14:59:00,64.93,64.93,64.93,64.93,432
2024-08-26 15:00:00,64.91,64.91,64.85,64.85,512
2024-08-26 15:01:00,64.875,64.875,64.875,64.875,100
2024-08-26 15:07:00,64.875,64.875,64.875,64.875,115
2024-08-26 15:08:00,64.86,64.86,64.86,64.86,105
2024-08-26 15:10:00,64.83,64.83,64.83,64.83,283
2024-08-26 15:15:00,64.87,64.87,64.87,64.87,105
2024-08-26 15:20:00,64.8,64.87,64.8,64.865,865
2024-08-26 15:27:00,64.8,64.8,64.79,64.79,514
2024-08-26 15:30:00,64.82,64.82,64.82,64.82,467
2024-08-26 15:33:00,64.823,64.823,64.823,64.823,100
2024-08-26 15:34:00,64.83,64.83,64.83,64.83,410
2024-08-26 15:37:00,64.81,64.81,64.81,64.81,101
2024-08-26 15:41:00,64.81,64.83,64.81,64.83,505
2024-08-26 15:43:00,64.81,64.82,64.81,64.82,346
2024-08-26 15:44:00,64.8,64.8,64.8,64.8,388
2024-08-26 15:45:00,64.76,64.76,64.76,64.76,277
2024-08-26 15:53:00,64.75,64.75,64.75,64.75,102
2024-08-26 16:01:00,64.74,64.74,64.74,64.74,137
2024-08-26 16:02:00,64.72,64.72,64.72,64.72,100
2024-08-26 16:09:00,64.73,64.73,64.705,64.705,210
2024-08-26 16:10:00,64.73,64.73,64.73,64.73,186
2024-08-26 16:11:00,64.725,64.725,64.725,64.725,165
2024-08-26 16:16:00,64.75,64.79,64.75,64.79,721
2024-08-26 16:20:00,64.8,64.86,64.8,64.86,689
2024-08-26 16:21:00,64.84,64.84,64.84,64.84,307
2024-08-26 16:23:00,64.86,64.9,64.86,64.9,956
2024-08-26 16:24:00,64.89,64.89,64.87,64.87,375
2024-08-26 16:25:00,64.865,64.865,64.865,64.865,182
2024-08-26 16:28:00,64.88,64.885,64.88,64.885,508
2024-08-26 16:29:00,64.9,64.9,64.895,64.895,383
2024-08-26 16:30:00,64.895,64.92,64.895,64.92,564
2024-08-26 16:31:00,64.895,64.895,64.895,64.895,187
2024-08-26 16:32:00,64.92,64.92,64.92,64.92,101
2024-08-26 16:33:00,64.88,64.88,64.8716,64.8716,660
2024-08-26 16:34:00,64.88,64.895,64.88,64.895,282
2024-08-26 16:35:00,64.88,64.88,64.88,64.88,209
2024-08-26 16:36:00,64.92,64.92,64.92,64.92,161
2024-08-26 16:37:00,64.92,64.92,64.92,64.92,225
2024-08-26 16:41:00,64.93,64.94,64.91,64.91,1133
2024-08-26 16:42:00,64.885,64.885,64.885,64.885,103
2024-08-26 16:43:00,64.87,64.87,64.87,64.87,317
2024-08-26 16:44:00,64.9,64.91,64.9,64.91,351
2024-08-26 16:50:00,64.91,64.92,64.91,64.92,1106
2024-08-26 16:55:00,64.93,64.93,64.93,64.93,362
2024-08-26 16:56:00,64.91,64.91,64.91,64.91,204
2024-08-26 16:58:00,64.91,64.91,64.91,64.91,525
2024-08-26 17:01:00,64.9,64.9,64.9,64.9,105
2024-08-26 17:03:00,64.95,64.95,64.95,64.95,210
2024-08-26 17:05:00,64.96,64.96,64.96,64.96,437
2024-08-26 17:06:00,64.98,64.98,64.98,64.98,114
2024-08-26 17:08:00,64.94,64.965,64.93,64.93,1926
2024-08-26 17:09:00,64.95,64.95,64.95,64.95,261
2024-08-26 17:10:00,64.95,64.96,64.95,64.96,537
2024-08-26 17:11:00,64.93,64.95,64.93,64.95,245
2024-08-26 17:13:00,64.97,64.98,64.965,64.965,970
2024-08-26 17:14:00,64.99,64.995,64.99,64.995,361
2024-08-26 17:17:00,64.98,64.98,64.98,64.98,352
2024-08-26 17:19:00,64.975,64.9875,64.975,64.9875,290
2024-08-26 17:21:00,64.99,65.02,64.99,65.02,869
2024-08-26 17:22:00,65.03,65.04,65.03,65.04,1012
2024-08-26 17:25:00,65.03,65.04,65.03,65.04,317
2024-08-26 17:27:00,65.02,65.02,65.02,65.02,492
2024-08-26 17:28:00,65.0,65.0,64.97,64.97,671
2024-08-26 17:35:00,64.94,64.94,64.93,64.93,354
2024-08-26 17:37:00,64.91,64.91,64.91,64.91,215
2024-08-26 17:39:00,64.88,64.88,64.88,64.88,454
2024-08-26 17:42:00,64.86,64.86,64.86,64.86,107
2024-08-26 17:44:00,64.86,64.86,64.86,64.86,407
2024-08-26 17:45:00,64.79,64.79,64.79,64.79,663
2024-08-26 17:46:00,64.73,64.73,64.73,64.73,251
2024-08-26 17:47:00,64.71,64.75,64.71,64.75,610
2024-08-26 17:49:00,64.8,64.8,64.8,64.8,164
2024-08-26 17:50:00,64.76,64.76,64.73,64.73,655
2024-08-26 17:51:00,64.77,64.77,64.77,64.77,257
2024-08-26 17:52:00,64.76,64.76,64.76,64.76,231
2024-08-26 17:56:00,64.74,64.74,64.74,64.74,546
2024-08-26 17:57:00,64.76,64.77,64.76,64.77,584
2024-08-26 17:59:00,64.79,64.79,64.79,64.79,242
2024-08-26 18:02:00,64.84,64.84,64.83,64.83,222
2024-08-26 18:03:00,64.83,64.83,64.82,64.82,419
2024-08-26 18:04:00,64.8,64.8,64.79,64.79,419
2024-08-26 18:07:00,64.76,64.76,64.76,64.76,100
2024-08-26 18:08:00,64.75,64.75,64.75,64.75,228
2024-08-26 18:09:00,64.75,64.75,64.75,64.75,193
2024-08-26 18:13:00,64.76,64.76,64.751,64.751,359
2024-08-26 18:17:00,64.77,64.77,64.77,64.77,254
2024-08-26 18:20:00,64.79,64.84,64.79,64.84,754
2024-08-26 18:49:00,64.84,64.84,64.81,64.81,389
2024-08-26 18:55:00,64.82,64.82,64.82,64.82,410
2024-08-26 19:05:00,64.85,64.85,64.85,64.85,311
2024-08-26 19:06:00,64.84,64.84,64.84,64.84,307
2024-08-26 19:07:00,64.849,64.849,64.849,64.849,187
2024-08-26 19:10:00,64.8735,64.8735,64.861,64.861,785
2024-08-26 19:11:00,64.86,64.8908,64.86,64.8908,552
2024-08-26 19:12:00,64.8975,64.8975,64.8975,64.8975,267
2024-08-26 19:16:00,64.86,64.86,64.84,64.84,717
2024-08-26 19:20:00,64.88,64.88,64.875,64.875,297
2024-08-26 19:23:00,64.841,64.841,64.84,64.84,225
2024-08-26 19:24:00,64.84,64.84,64.84,64.84,282
2024-08-26 19:25:00,64.89,64.89,64.89,64.89,214
2024-08-26 19:29:00,64.84,64.84,64.84,64.84,161
2024-08-26 19:37:00,64.81,64.81,64.81,64.81,335
2024-08-26 19:39:00,64.82,64.82,64.82,64.82,426
2024-08-26 19:44:00,64.79,64.79,64.79,64.79,225
2024-08-26 19:46:00,64.76,64.76,64.76,64.76,359
2024-08-26 19:47:00,64.73,64.73,64.73,64.73,300
2024-08-26 19:48:00,64.7,64.7,64.69,64.69,539
2024-08-26 19:50:00,64.74,64.74,64.72,64.72,693
2024-08-26 19:51:00,64.72,64.73,64.72,64.73,269
2024-08-26 19:53:00,64.72,64.72,64.72,64.72,302
2024-08-26 19:54:00,64.721,64.721,64.72,64.72,1037
2024-08-26 19:55:00,64.725,64.74,64.7,64.72,1250
2024-08-26 19:57:00,64.703,64.725,64.7,64.725,1386
2024-08-26 19:58:00,64.73,64.73,64.73,64.73,397
2024-08-26 19:59:00,64.75,64.85,64.75,64.85,4062
2024-08-27 13:19:00,64.85,64.85,64.85,64.85,100
2024-08-27 13:21:00,64.81,64.81,64.81,64.81,100
2024-08-27 13:30:00,64.92,64.92,64.92,64.92,416
2024-08-27 13:45:00,64.72,64.72,64.72,64.72,112
2024-08-27 13:47:00,64.725,64.725,64.725,64.725,119
2024-08-27 13:55:00,64.85,64.85,64.85,64.85,115
2024-08-27 13:57:00,64.91,64.91,64.91,64.91,325
2024-08-27 14:08:00,64.89,64.89,64.89,64.89,125
2024-08-27 14:13:00,64.94,64.94,64.94,64.94,205
2024-08-27 14:21:00,64.93,64.93,64.93,64.93,100
2024-08-27 14:22:00,64.97,64.98,64.97,64.98,266
2024-08-27 14:23:00,64.99,64.99,64.99,64.99,311
2024-08-27 14:24:00,65.06,65.06,65.06,65.06,211
2024-08-27 14:26:00,65.04,65.04,65.04,65.04,100
2024-08-27 14:27:00,65.06,65.09,65.06,65.09,380
2024-08-27 14:31:00,65.15,65.15,65.15,65.15,100
2024-08-27 14:32:00,65.15,65.15,65.15,65.15,315
2024-08-27 14:33:00,65.2,65.2,65.2,65.2,102
2024-08-27 14:34:00,65.14,65.14,65.12,65.12,330
2024-08-27 14:38:00,65.1,65.1,65.1,65.1,100
2024-08-27 14:42:00,65.13,65.13,65.13,65.13,134
2024-08-27 14:44:00,65.18,65.18,65.18,65.18,152
2024-08-27 14:45:00,65.15,65.15,65.15,65.15,104
2024-08-27 14:47:00,65.11,65.14,65.11,65.125,473
2024-08-27 14:53:00,65.08,65.08,65.08,65.08,285
2024-08-27 14:59:00,65.15,65.15,65.15,65.15,137
2024-08-27 15:10:00,65.09,65.1,65.09,65.1,447
2024-08-27 15:16:00,65.1,65.1062,65.09,65.1062,1070
2024-08-27 15:17:00,65.07,65.07,65.07,65.07,450
2024-08-27 15:18:00,65.0,65.0,64.93,64.93,327
2024-08-27 15:20:00,64.911,64.911,64.911,64.911,459
2024-08-27 15:40:00,64.85,64.85,64.85,64.85,101
2024-08-27 15:48:00,64.86,64.87,64.86,64.87,201
2024-08-27 15:49:00,64.86,64.86,64.86,64.86,109
2024-08-27 15:51:00,64.86,64.86,64.81,64.81,498
2024-08-27 15:58:00,64.86,64.86,64.86,64.86,260
2024-08-27 16:00:00,64.84,64.84,64.84,64.84,131
2024-08-27 16:07:00,64.86,64.86,64.86,64.86,300
2024-08-27 16:10:00,64.81,64.81,64.81,64.81,105
2024-08-27 16:13:00,64.87,64.895,64.87,64.895,749
2024-08-27 16:21:00,64.915,64.915,64.91,64.91,267
2024-08-27 16:22:00,64.91,64.91,64.89,64.89,440
2024-08-27 16:27:00,64.89,64.89,64.89,64.89,280
2024-08-27 16:28:00,64.89,64.89,64.89,64.89,626
2024-08-27 16:29:00,64.85,64.85,64.85,64.85,109
2024-08-27 16:30:00,64.83,64.83,64.83,64.83,101
2024-08-27 16:35:00,64.79,64.79,64.79,64.79,104
2024-08-27 16:41:00,64.78,64.78,64.78,64.78,116
2024-08-27 16:42:00,64.76,64.79,64.76,64.79,498
2024-08-27 16:47:00,64.785,64.785,64.785,64.785,264
2024-08-27 16:49:00,64.81,64.815,64.81,64.815,680
2024-08-27 16:59:00,64.85,64.85,64.81,64.81,308
2024-08-27 17:07:00,64.89,64.89,64.89,64.89,385
2024-08-27 17:12:00,64.9,64.93,64.9,64.93,657
2024-08-27 17:15:00,64.98,64.98,64.98,64.98,365
2024-08-27 17:17:00,64.98,64.98,64.98,64.98,239
2024-08-27 17:20:00,65.06,65.06,65.06,65.06,143
2024-08-27 17:30:00,65.1,65.1,65.1,65.1,206
2024-08-27 17:38:00,65.11,65.11,65.11,65.11,343
2024-08-27 17:42:00,65.14,65.14,65.14,65.14,332
2024-08-27 17:51:00,65.11,65.11,65.11,65.11,134
2024-08-27 17:52:00,65.13,65.13,65.13,65.13,146
2024-08-27 17:58:00,65.15,65.15,65.15,65.15,159
2024-08-27 18:01:00,65.15,65.16,65.15,65.16,398
2024-08-27 18:10:00,65.15,65.15,65.14,65.14,613
2024-08-27 18:15:00,65.16,65.16,65.16,65.16,398
2024-08-27 18:24:00,65.1,65.1,65.1,65.1,594
2024-08-27 18:27:00,65.13,65.13,65.13,65.13,175
2024-08-27 18:35:00,65.15,65.15,65.15,65.15,334
2024-08-27 18:36:00,65.16,65.18,65.16,65.18,839
2024-08-27 18:41:00,65.13,65.13,65.13,65.13,409
2024-08-27 18:50:00,65.14,65.14,65.13,65.13,521
2024-08-27 18:51:00,65.15,65.16,65.15,65.15,405
2024-08-27 18:56:00,65.15,65.15,65.14,65.14,352
2024-08-27 19:04:00,65.13,65.13,65.11,65.11,349
2024-08-27 19:20:00,65.0601,65.0601,65.0601,65.0601,416
2024-08-27 19:28:00,65.12,65.12,65.12,65.12,223
2024-08-27 19:32:00,65.08,65.08,65.08,65.08,305
2024-08-27 19:34:00,65.06,65.06,65.06,65.06,110
2024-08-27 19:38:00,65.08,65.08,65.08,65.08,114
2024-08-27 19:40:00,65.06,65.06,65.06,65.06,137
2024-08-27 19:41:00,65.08,65.08,65.08,65.08,557
2024-08-27 19:46:00,65.08,65.08,65.07,65.08,539
2024-08-27 19:48:00,65.065,65.065,65.065,65.065,208
2024-08-27 19:49:00,65.08,65.08,65.08,65.08,245
2024-08-27 19:50:00,65.05,65.05,65.0,65.01,1226
2024-08-27 19:51:00,65.03,65.03,65.03,65.03,720
2024-08-27 19:53:00,65.013,65.02,65.01,65.01,1046
2024-08-27 19:54:00,65.0,65.0,65.0,65.0,596
2024-08-27 19:55:00,65.0,65.0,65.0,65.0,549
2024-08-27 19:58:00,65.02,65.02,65.0,65.0,706
2024-08-27 19:59:00,65.02,65.07,65.02,65.07,4938
2024-08-28 12:00:00,63.79,63.79,63.76,63.76,416
2024-08-28 13:27:00,63.29,63.29,63.29,63.29,202
2024-08-28 13:30:00,63.14,63.14,63.14,63.14,1186
2024-08-28 13:31:00,63.11,63.16,63.11,63.16,519
2024-08-28 13:32:00,63.17,63.17,63.17,63.17,303
2024-08-28 13:33:00,63.02,63.02,63.02,63.02,222
2024-08-28 13:36:00,63.02,63.02,63.02,63.02,201
2024-08-28 13:37:00,63.0,63.0,63.0,63.0,108
2024-08-28 13:40:00,63.07,63.07,63.07,63.07,116
2024-08-28 13:42:00,63.1,63.1,63.07,63.07,217
2024-08-28 13:44:00,63.07,63.07,63.07,63.07,115
2024-08-28 13:45:00,63.07,63.07,63.07,63.07,152
2024-08-28 13:50:00,63.07,63.07,63.07,63.07,148
2024-08-28 13:56:00,63.0,63.0,63.0,63.0,165
2024-08-28 14:00:00,63.0,63.0,63.0,63.0,169
2024-08-28 14:03:00,63.0,63.0,63.0,63.0,384
2024-08-28 14:06:00,63.0,63.0,62.94,62.94,813
2024-08-28 14:07:00,62.95,62.96,62.95,62.95,901
2024-08-28 14:08:00,62.95,62.95,62.95,62.95,369
2024-08-28 14:13:00,62.89,62.89,62.88,62.88,234
2024-08-28 14:21:00,62.91,62.91,62.91,62.91,105
2024-08-28 14:25:00,62.94,62.96,62.94,62.96,885
2024-08-28 14:26:00,62.97,63.025,62.96,63.025,2034
2024-08-28 14:27:00,63.04,63.04,63.04,63.04,102
2024-08-28 14:28:00,63.04,63.04,63.02,63.02,844
2024-08-28 14:31:00,63.04,63.04,63.04,63.04,300
2024-08-28 14:32:00,63.0,63.0,62.995,62.995,673
2024-08-28 14:33:00,63.04,63.04,63.04,63.04,130
2024-08-28 14:41:00,63.06,63.06,62.95,62.95,601
2024-08-28 14:55:00,62.9,62.9,62.9,62.9,101
2024-08-28 14:58:00,62.89,62.89,62.87,62.87,503
2024-08-28 15:00:00,62.82,62.82,62.82,62.82,402
2024-08-28 15:14:00,62.635,62.635,62.635,62.635,107
2024-08-28 15:15:00,62.635,62.67,62.635,62.67,1332
2024-08-28 15:16:00,62.68,62.71,62.67,62.71,1592
2024-08-28 15:23:00,62.62,62.62,62.6,62.61,965
2024-08-28 15:35:00,62.61,62.61,62.61,62.61,236
2024-08-28 15:36:00,62.66,62.66,62.66,62.66,358
2024-08-28 15:45:00,62.62,62.62,62.62,62.62,200
2024-08-28 15:48:00,62.605,62.605,62.605,62.605,102
2024-08-28 15:50:00,62.615,62.615,62.615,62.615,117
2024-08-28 15:54:00,62.65,62.65,62.65,62.65,212
2024-08-28 15:55:00,62.64,62.655,62.64,62.655,214
2024-08-28 15:56:00,62.64,62.645,62.62,62.645,539
2024-08-28 16:04:00,62.57,62.57,62.57,62.57,134
2024-08-28 16:05:00,62.57,62.57,62.57,62.57,315
2024-08-28 16:06:00,62.6,62.64,62.6,62.63,784
2024-08-28 16:07:00,62.61,62.64,62.61,62.64,553
2024-08-28 16:10:00,62.61,62.61,62.6,62.6,201
2024-08-28 16:17:00,62.5,62.5,62.5,62.5,381
2024-08-28 16:18:00,62.505,62.505,62.505,62.505,128
2024-08-28 16:19:00,62.49,62.49,62.49,62.49,202
2024-08-28 16:22:00,62.43,62.44,62.43,62.44,204
2024-08-28 16:23:00,62.4,62.4,62.4,62.4,111
2024-08-28 16:25:00,62.41,62.43,62.41,62.42,655
2024-08-28 16:32:00,62.46,62.46,62.448,62.448,499
2024-08-28 16:33:00,62.47,62.47,62.47,62.47,181
2024-08-28 16:34:00,62.5,62.51,62.5,62.51,336
2024-08-28 16:37:00,62.47,62.47,62.47,62.47,272
2024-08-28 16:38:00,62.47,62.47,62.47,62.47,100
2024-08-28 16:40:00,62.5,62.54,62.5,62.53,1131
2024-08-28 16:41:00,62.55,62.56,62.55,62.55,647
2024-08-28 16:42:00,62.56,62.56,62.56,62.56,100
2024-08-28 16:44:00,62.56,62.56,62.56,62.56,230
2024-08-28 16:45:00,62.55,62.55,62.55,62.55,195
2024-08-28 16:46:00,62.55,62.55,62.55,62.55,202
2024-08-28 16:47:00,62.54,62.54,62.53,62.53,537
2024-08-28 16:49:00,62.54,62.54,62.54,62.54,116
2024-08-28 16:51:00,62.59,62.59,62.59,62.59,447
2024-08-28 16:55:00,62.6,62.6,62.6,62.6,824
2024-08-28 16:56:00,62.59,62.59,62.59,62.59,206
2024-08-28 16:57:00,62.605,62.605,62.605,62.605,206
2024-08-28 16:58:00,62.605,62.605,62.605,62.605,156
2024-08-28 17:00:00,62.59,62.59,62.59,62.59,204
2024-08-28 17:01:00,62.59,62.59,62.59,62.59,201
2024-08-28 17:02:00,62.62,62.62,62.62,62.62,237
2024-08-28 17:03:00,62.64,62.64,62.64,62.64,432
2024-08-28 17:06:00,62.625,62.625,62.625,62.625,125
2024-08-28 17:07:00,62.61,62.61,62.61,62.61,100
2024-08-28 17:08:00,62.63,62.63,62.63,62.63,105
2024-08-28 17:10:00,62.63,62.63,62.62,62.62,402
2024-08-28 17:11:00,62.61,62.61,62.61,62.61,113
2024-08-28 17:12:00,62.64,62.64,62.64,62.64,509
2024-08-28 17:13:00,62.62,62.62,62.62,62.62,100
2024-08-28 17:14:00,62.61,62.61,62.55,62.55,1023
2024-08-28 17:16:00,62.57,62.57,62.57,62.57,154
2024-08-28 17:17:00,62.56,62.56,62.515,62.54,1063
2024-08-28 17:20:00,62.57,62.57,62.57,62.57,120
2024-08-28 17:23:00,62.555,62.555,62.555,62.555,450
2024-08-28 17:28:00,62.55,62.55,62.55,62.55,101
2024-08-28 17:29:00,62.5379,62.5379,62.5379,62.5379,150
2024-08-28 17:31:00,62.55,62.55,62.55,62.55,224
2024-08-28 17:32:00,62.56,62.59,62.56,62.59,807
2024-08-28 17:40:00,62.54,62.54,62.54,62.54,101
2024-08-28 17:44:00,62.52,62.52,62.52,62.52,306
2024-08-28 17:45:00,62.5,62.5,62.5,62.5,100
2024-08-28 17:46:00,62.51,62.51,62.51,62.51,242
2024-08-28 17:47:00,62.48,62.48,62.48,62.48,112
2024-08-28 17:49:00,62.47,62.47,62.44,62.46,837
2024-08-28 17:50:00,62.45,62.46,62.45,62.46,327
2024-08-28 17:51:00,62.44,62.45,62.44,62.45,325
2024-08-28 17:52:00,62.465,62.465,62.43,62.43,200
2024-08-28 17:53:00,62.43,62.45,62.42,62.42,1309
2024-08-28 17:54:00,62.42,62.42,62.38,62.4,748
2024-08-28 17:55:00,62.41,62.41,62.4,62.4,1041
2024-08-28 17:56:00,62.41,62.41,62.39,62.39,400
2024-08-28 17:57:00,62.4,62.4,62.34,62.34,1169
2024-08-28 18:00:00,62.31,62.31,62.31,62.31,213
2024-08-28 18:01:00,62.33,62.33,62.33,62.33,448
2024-08-28 18:08:00,62.4,62.4,62.38,62.38,407
2024-08-28 18:12:00,62.365,62.365,62.365,62.365,100
2024-08-28 18:17:00,62.34,62.34,62.32,62.32,378
2024-08-28 18:19:00,62.35,62.35,62.35,62.35,417
2024-08-28 18:21:00,62.4,62.4,62.4,62.4,312
2024-08-28 18:24:00,62.39,62.39,62.39,62.39,119
2024-08-28 18:27:00,62.38,62.38,62.38,62.38,190
2024-08-28 18:28:00,62.39,62.39,62.37,62.37,594
2024-08-28 18:29:00,62.36,62.36,62.36,62.36,227
2024-08-28 18:31:00,62.35,62.35,62.35,62.35,442
2024-08-28 18:32:00,62.34,62.34,62.33,62.335,506
2024-08-28 18:37:00,62.37,62.37,62.37,62.37,304
2024-08-28 18:40:00,62.39,62.39,62.375,62.375,405
2024-08-28 18:43:00,62.36,62.36,62.36,62.36,414
2024-08-28 18:46:00,62.335,62.34,62.335,62.34,407
2024-08-28 18:48:00,62.36,62.36,62.36,62.36,128
2024-08-28 18:49:00,62.365,62.365,62.365,62.365,153
2024-08-28 18:51:00,62.41,62.42,62.41,62.42,522
2024-08-28 18:56:00,62.55,62.55,62.55,62.55,258
2024-08-28 18:58:00,62.56,62.56,62.56,62.56,273
2024-08-28 18:59:00,62.57,62.57,62.57,62.57,146
2024-08-28 19:07:00,62.61,62.61,62.6,62.6,353
2024-08-28 19:14:00,62.54,62.57,62.54,62.57,1054
2024-08-28 19:15:00,62.61,62.61,62.61,62.61,185
2024-08-28 19:23:00,62.61,62.61,62.61,62.61,112
2024-08-28 19:25:00,62.59,62.59,62.59,62.59,210
2024-08-28 19:30:00,62.67,62.69,62.67,62.69,273
2024-08-28 19:35:00,62.65,62.65,62.64,62.64,776
2024-08-28 19:39:00,62.625,62.625,62.625,62.625,105
2024-08-28 19:40:00,62.625,62.625,62.625,62.625,206
2024-08-28 19:43:00,62.63,62.63,62.63,62.63,239
2024-08-28 19:46:00,62.66,62.66,62.66,62.66,230
2024-08-28 19:47:00,62.67,62.69,62.67,62.69,866
2024-08-28 19:48:00,62.66,62.66,62.66,62.66,623
2024-08-28 19:49:00,62.655,62.655,62.655,62.655,214
2024-08-28 19:50:00,62.66,62.67,62.66,62.67,574
2024-08-28 19:52:00,62.69,62.729,62.69,62.729,913
2024-08-28 19:53:00,62.705,62.705,62.7,62.7,660
2024-08-28 19:55:00,62.689,62.69,62.689,62.69,755
2024-08-28 19:56:00,62.71,62.71,62.71,62.71,166
2024-08-28 19:57:00,62.72,62.72,62.72,62.72,325
2024-08-28 19:58:00,62.73,62.73,62.71,62.71,390
2024-08-28 19:59:00,62.72,62.72,62.7,62.7,1785
2024-08-29 11:00:00,64.37,64.37,64.36,64.36,233
2024-08-29 13:29:00,63.89,63.98,63.77,63.82,724
2024-08-29 13:30:00,64.17,64.17,64.17,64.17,3025
2024-08-29 13:36:00,64.11,64.11,64.11,64.11,157
2024-08-29 13:37:00,64.08,64.08,64.07,64.07,367
2024-08-29 13:38:00,64.07,64.07,64.07,64.07,126
2024-08-29 13:39:00,64.07,64.07,64.07,64.07,123
2024-08-29 13:40:00,64.13,64.13,64.12,64.12,315
2024-08-29 13:42:00,64.09,64.09,64.09,64.09,451
2024-08-29 13:43:00,64.04,64.04,64.04,64.04,185
2024-08-29 13:48:00,64.165,64.165,64.165,64.165,166
2024-08-29 13:50:00,64.165,64.165,64.165,64.165,253
2024-08-29 13:55:00,64.23,64.23,64.23,64.23,817
2024-08-29 13:56:00,64.245,64.245,64.245,64.245,196
2024-08-29 14:00:00,64.32,64.32,64.32,64.32,325
2024-08-29 14:01:00,64.26,64.265,64.26,64.265,811
2024-08-29 14:03:00,64.32,64.32,64.31,64.31,224
2024-08-29 14:05:00,64.32,64.32,64.285,64.285,725
2024-08-29 14:06:00,64.315,64.32,64.315,64.32,659
2024-08-29 14:07:00,64.32,64.33,64.32,64.33,1583
2024-08-29 14:08:00,64.44,64.47,64.41,64.47,637
2024-08-29 14:15:00,64.44,64.44,64.44,64.44,314
2024-08-29 14:17:00,64.37,64.42,64.37,64.42,1104
2024-08-29 14:18:00,64.41,64.41,64.37,64.37,600
2024-08-29 14:21:00,64.4159,64.46,64.39,64.42,1231
2024-08-29 14:23:00,64.44,64.45,64.44,64.45,521
2024-08-29 14:24:00,64.46,64.48,64.46,64.48,665
2024-08-29 14:25:00,64.46,64.46,64.46,64.46,699
2024-08-29 14:26:00,64.47,64.5,64.47,64.49,353
2024-08-29 14:27:00,64.49,64.49,64.49,64.49,201
2024-08-29 14:28:00,64.56,64.56,64.56,64.56,121
2024-08-29 14:32:00,64.49,64.49,64.49,64.49,103
2024-08-29 14:38:00,64.54,64.54,64.54,64.54,103
2024-08-29 14:40:00,64.57,64.57,64.57,64.57,135
2024-08-29 14:43:00,64.53,64.54,64.53,64.54,320
2024-08-29 14:44:00,64.535,64.535,64.524,64.524,234
2024-08-29 14:47:00,64.525,64.525,64.525,64.525,101
2024-08-29 14:50:00,64.525,64.525,64.525,64.525,315
2024-08-29 14:54:00,64.52,64.52,64.52,64.52,107
2024-08-29 14:55:00,64.5,64.5,64.475,64.475,865
2024-08-29 14:57:00,64.42,64.42,64.42,64.42,507
2024-08-29 15:05:00,64.415,64.415,64.415,64.415,257
2024-08-29 15:06:00,64.4,64.4,64.4,64.4,301
2024-08-29 15:12:00,64.43,64.43,64.43,64.43,308
2024-08-29 15:17:00,64.465,64.465,64.465,64.465,101
2024-08-29 15:18:00,64.465,64.465,64.465,64.465,101
2024-08-29 15:21:00,64.41,64.4225,64.41,64.4225,474
2024-08-29 15:31:00,64.42,64.42,64.42,64.42,176
2024-08-29 15:38:00,64.485,64.485,64.485,64.485,427
2024-08-29 15:49:00,64.6,64.6,64.6,64.6,141
2024-08-29 15:51:00,64.6,64.6,64.6,64.6,102
2024-08-29 15:54:00,64.6,64.6,64.59,64.59,201
2024-08-29 15:55:00,64.61,64.61,64.61,64.61,144
2024-08-29 16:00:00,64.61,64.61,64.61,64.61,333
2024-08-29 16:02:00,64.67,64.67,64.67,64.67,331
2024-08-29 16:09:00,64.74,64.74,64.74,64.74,104
2024-08-29 16:13:00,64.75,64.75,64.75,64.75,208
2024-08-29 16:15:00,64.755,64.76,64.755,64.76,525
2024-08-29 16:16:00,64.74,64.7525,64.73,64.7525,917
2024-08-29 16:17:00,64.73,64.73,64.72,64.72,358
2024-08-29 16:19:00,64.74,64.74,64.74,64.74,103
2024-08-29 16:23:00,64.77,64.77,64.77,64.77,150
2024-08-29 16:25:00,64.775,64.775,64.775,64.775,561
2024-08-29 16:26:00,64.775,64.775,64.72,64.729,1130
2024-08-29 16:27:00,64.7335,64.7335,64.7323,64.7323,232
2024-08-29 16:35:00,64.76,64.76,64.76,64.76,424
2024-08-29 16:36:00,64.75,64.7567,64.72,64.72,1945
2024-08-29 16:37:00,64.72,64.72,64.72,64.72,100
2024-08-29 16:40:00,64.7,64.7,64.7,64.7,108
2024-08-29 16:43:00,64.7009,64.7009,64.7009,64.7009,102
2024-08-29 16:45:00,64.71,64.71,64.71,64.71,241
2024-08-29 16:48:00,64.72,64.72,64.72,64.72,211
2024-08-29 16:50:00,64.69,64.69,64.69,64.69,331
2024-08-29 16:52:00,64.68,64.68,64.63,64.63,740
2024-08-29 16:57:00,64.67,64.67,64.67,64.67,140
2024-08-29 16:58:00,64.66,64.66,64.66,64.66,101
2024-08-29 17:01:00,64.67,64.67,64.67,64.67,131
2024-08-29 17:02:00,64.65,64.65,64.65,64.65,422
2024-08-29 17:03:00,64.68,64.68,64.68,64.68,511
2024-08-29 17:05:00,64.69,64.69,64.69,64.69,301
2024-08-29 17:07:00,64.685,64.685,64.685,64.685,255
2024-08-29 17:08:00,64.66,64.66,64.66,64.66,425
2024-08-29 17:11:00,64.66,64.68,64.62,64.62,982
2024-08-29 17:18:00,64.64,64.64,64.64,64.64,534
2024-08-29 17:19:00,64.66,64.66,64.65,64.65,527
2024-08-29 17:21:00,64.6899,64.6899,64.66,64.66,502
2024-08-29 17:22:00,64.69,64.69,64.69,64.69,126
2024-08-29 17:26:00,64.66,64.67,64.66,64.67,543
2024-08-29 17:27:00,64.68,64.68,64.68,64.68,111
2024-08-29 17:29:00,64.66,64.66,64.66,64.66,375
2024-08-29 17:30:00,64.67,64.67,64.67,64.67,139
2024-08-29 17:31:00,64.67,64.67,64.67,64.67,354
2024-08-29 17:35:00,64.73,64.73,64.73,64.73,104
2024-08-29 17:39:00,64.74,64.74,64.74,64.74,101
2024-08-29 17:42:00,64.74,64.74,64.73,64.73,1200
2024-08-29 17:43:00,64.75,64.76,64.74,64.74,1982
2024-08-29 17:44:00,64.73,64.75,64.73,64.75,520
2024-08-29 17:45:00,64.74,64.74,64.74,64.74,207
2024-08-29 17:46:00,64.73,64.73,64.73,64.73,200
2024-08-29 17:47:00,64.72,64.72,64.72,64.72,200
2024-08-29 17:54:00,64.74,64.74,64.74,64.74,125
2024-08-29 18:00:00,64.75,64.75,64.75,64.75,506
2024-08-29 18:03:00,64.73,64.73,64.73,64.73,235
2024-08-29 18:04:00,64.75,64.75,64.74,64.74,586
2024-08-29 18:05:00,64.78,64.78,64.78,64.78,218
2024-08-29 18:06:00,64.77,64.77,64.77,64.77,144
2024-08-29 18:07:00,64.751,64.751,64.751,64.751,1270
2024-08-29 18:08:00,64.76,64.77,64.76,64.77,301
2024-08-29 18:09:00,64.76,64.79,64.76,64.78,1307
2024-08-29 18:10:00,64.76,64.765,64.74,64.74,621
2024-08-29 18:12:00,64.745,64.745,64.745,64.745,178
2024-08-29 18:13:00,64.75,64.75,64.75,64.75,106
2024-08-29 18:15:00,64.745,64.76,64.745,64.76,400
2024-08-29 18:21:00,64.76,64.76,64.76,64.76,587
2024-08-29 18:23:00,64.75,64.75,64.75,64.75,131
2024-08-29 18:24:00,64.76,64.76,64.76,64.76,395
2024-08-29 18:26:00,64.74,64.74,64.72,64.72,682
2024-08-29 18:28:00,64.62,64.62,64.5206,64.5206,992
2024-08-29 18:29:00,64.57,64.57,64.57,64.57,283
2024-08-29 18:30:00,64.52,64.52,64.52,64.52,356
2024-08-29 18:32:00,64.53,64.53,64.53,64.53,520
2024-08-29 18:35:00,64.49,64.49,64.47,64.49,551
2024-08-29 18:38:00,64.43,64.445,64.33,64.33,1299
2024-08-29 18:40:00,64.37,64.39,64.37,64.37,881
2024-08-29 18:43:00,64.36,64.36,64.32,64.34,1130
2024-08-29 18:48:00,64.29,64.29,64.29,64.29,740
2024-08-29 18:49:00,64.31,64.34,64.31,64.34,1491
2024-08-29 18:50:00,64.35,64.35,64.31,64.31,988
2024-08-29 18:51:00,64.29,64.31,64.29,64.31,716
2024-08-29 18:52:00,64.3,64.3,64.3,64.3,200
2024-08-29 18:53:00,64.32,64.33,64.32,64.33,612
2024-08-29 18:54:00,64.34,64.39,64.33,64.39,1113
2024-08-29 18:55:00,64.38,64.38,64.38,64.38,463
2024-08-29 18:56:00,64.38,64.38,64.38,64.38,584
2024-08-29 18:57:00,64.36,64.36,64.36,64.36,705
2024-08-29 19:00:00,64.34,64.34,64.34,64.34,267
2024-08-29 19:02:00,64.36,64.36,64.36,64.36,183
2024-08-29 19:03:00,64.345,64.345,64.345,64.345,319
2024-08-29 19:05:00,64.37,64.38,64.37,64.38,338
2024-08-29 19:08:00,64.34,64.34,64.34,64.34,285
2024-08-29 19:11:00,64.375,64.375,64.36,64.36,395
2024-08-29 19:12:00,64.35,64.35,64.33,64.33,223
2024-08-29 19:14:00,64.35,64.35,64.35,64.35,305
2024-08-29 19:15:00,64.36,64.37,64.36,64.37,1135
2024-08-29 19:16:00,64.4,64.42,64.4,64.42,1023
2024-08-29 19:17:00,64.44,64.44,64.44,64.44,301
2024-08-29 19:19:00,64.41,64.41,64.4,64.4,810
2024-08-29 19:22:00,64.36,64.36,64.36,64.36,478
2024-08-29 19:26:00,64.41,64.41,64.41,64.41,852
2024-08-29 19:28:00,64.44,64.46,64.44,64.44,1364
2024-08-29 19:29:00,64.435,64.435,64.435,64.435,131
2024-08-29 19:34:00,64.44,64.44,64.44,64.44,203
2024-08-29 19:35:00,64.43,64.43,64.405,64.41,1087
2024-08-29 19:37:00,64.42,64.43,64.42,64.43,689
2024-08-29 19:38:00,64.46,64.46,64.44,64.44,1107
2024-08-29 19:39:00,64.41,64.41,64.41,64.41,328
2024-08-29 19:40:00,64.41,64.41,64.4,64.4,260
2024-08-29 19:45:00,64.31,64.31,64.31,64.31,155
2024-08-29 19:46:00,64.27,64.27,64.27,64.27,324
2024-08-29 19:47:00,64.25,64.25,64.25,64.25,110
2024-08-29 19:51:00,64.27,64.27,64.27,64.27,385
2024-08-29 19:54:00,64.28,64.29,64.24,64.24,1393
2024-08-29 19:55:00,64.25,64.26,64.25,64.26,536
2024-08-29 19:56:00,64.24,64.24,64.24,64.24,268
2024-08-29 19:57:00,64.26,64.26,64.26,64.26,367
2024-08-29 19:59:00,64.27,64.34,64.27,64.33,3710
2024-08-29 20:00:00,64.27,64.27,64.27,64.27,142
2024-08-30 13:30:00,63.8,63.87,63.8,63.87,1077
2024-08-30 13:31:00,63.65,63.65,63.65,63.65,1050
2024-08-30 13:33:00,63.75,63.75,63.74,63.74,315
2024-08-30 13:40:00,63.77,63.81,63.77,63.78,935
2024-08-30 13:41:00,63.78,63.78,63.78,63.78,271
2024-08-30 13:44:00,63.8499,63.8499,63.8499,63.8499,299
2024-08-30 13:45:00,63.85,63.85,63.75,63.75,954
2024-08-30 13:46:00,63.735,63.78,63.735,63.78,264
2024-08-30 13:51:00,63.75,63.77,63.75,63.77,373
2024-08-30 13:54:00,63.8,63.8,63.8,63.8,251
2024-08-30 13:58:00,63.845,63.845,63.845,63.845,171
2024-08-30 14:02:00,63.92,63.99,63.92,63.97,4749
2024-08-30 14:03:00,63.93,63.93,63.93,63.93,193
2024-08-30 14:05:00,63.89,63.89,63.89,63.89,354
2024-08-30 14:06:00,63.9,63.9,63.9,63.9,149
2024-08-30 14:07:00,63.9,63.94,63.9,63.94,640
2024-08-30 14:12:00,63.93,63.95,63.89,63.9,850
2024-08-30 14:14:00,63.9,63.9,63.9,63.9,149
2024-08-30 14:17:00,63.896,63.896,63.896,63.896,110
2024-08-30 14:19:00,63.91,63.91,63.91,63.91,147
2024-08-30 14:21:00,63.87,63.87,63.87,63.87,206
2024-08-30 14:37:00,63.85,63.86,63.84,63.86,709
2024-08-30 14:44:00,63.88,63.88,63.83,63.85,732
2024-08-30 14:48:00,63.87,63.87,63.84,63.87,788
2024-08-30 14:49:00,63.87,63.89,63.86,63.89,709
2024-08-30 14:50:00,63.89,63.89,63.89,63.89,101
2024-08-30 14:53:00,63.87,63.87,63.86,63.86,532
2024-08-30 14:56:00,63.83,63.83,63.77,63.77,344
2024-08-30 14:57:00,63.81,63.81,63.81,63.81,134
2024-08-30 15:00:00,63.67,63.69,63.67,63.69,301
2024-08-30 15:01:00,63.68,63.68,63.68,63.68,110
2024-08-30 15:05:00,63.75,63.75,63.75,63.75,204
2024-08-30 15:06:00,63.73,63.73,63.7,63.7,368
2024-08-30 15:07:00,63.73,63.73,63.73,63.73,113
2024-08-30 15:12:00,63.68,63.72,63.68,63.72,435
2024-08-30 15:19:00,63.65,63.65,63.62,63.62,521
2024-08-30 15:20:00,63.64,63.64,63.6214,63.6214,566
2024-08-30 15:24:00,63.58,63.58,63.555,63.555,213
2024-08-30 15:31:00,63.54,63.56,63.5,63.5,989
2024-08-30 15:33:00,63.51,63.51,63.51,63.51,279
2024-08-30 15:34:00,63.51,63.57,63.49,63.57,695
2024-08-30 15:45:00,63.5899,63.5899,63.5899,63.5899,901
2024-08-30 15:58:00,63.55,63.56,63.55,63.56,1016
2024-08-30 15:59:00,63.54,63.54,63.54,63.54,121
2024-08-30 16:00:00,63.51,63.51,63.47,63.47,480
2024-08-30 16:01:00,63.47,63.47,63.47,63.47,201
2024-08-30 16:04:00,63.485,63.485,63.485,63.485,104
2024-08-30 16:11:00,63.5,63.5,63.5,63.5,153
2024-08-30 16:16:00,63.51,63.51,63.51,63.51,170
2024-08-30 16:21:00,63.45,63.45,63.45,63.45,350
2024-08-30 16:22:00,63.3601,63.3601,63.3601,63.3601,196
2024-08-30 16:28:00,63.37,63.3925,63.37,63.37,653
2024-08-30 16:31:00,63.36,63.375,63.36,63.375,600
2024-08-30 16:32:00,63.35,63.35,63.31,63.31,419
2024-08-30 16:34:00,63.32,63.32,63.32,63.32,100
2024-08-30 16:36:00,63.31,63.31,63.31,63.31,426
2024-08-30 16:39:00,63.31,63.31,63.31,63.31,109
2024-08-30 16:41:00,63.3,63.32,63.28,63.32,333
2024-08-30 16:44:00,63.29,63.29,63.29,63.29,157
2024-08-30 16:50:00,63.33,63.33,63.33,63.33,185
2024-08-30 16:52:00,63.4,63.4,63.4,63.4,454
2024-08-30 17:03:00,63.44,63.46,63.415,63.46,642
2024-08-30 17:07:00,63.46,63.46,63.46,63.46,300
2024-08-30 17:14:00,63.5073,63.5073,63.5073,63.5073,200
2024-08-30 17:21:00,63.48,63.48,63.48,63.48,301
2024-08-30 17:22:00,63.42,63.42,63.42,63.42,290
2024-08-30 17:27:00,63.42,63.42,63.42,63.42,209
2024-08-30 17:29:00,63.43,63.43,63.43,63.43,163
2024-08-30 17:31:00,63.43,63.44,63.43,63.44,257
2024-08-30 17:34:00,63.425,63.425,63.425,63.425,144
2024-08-30 17:37:00,63.425,63.425,63.425,63.425,777
2024-08-30 17:38:00,63.42,63.45,63.42,63.45,250
2024-08-30 17:42:00,63.43,63.43,63.43,63.43,101
2024-08-30 17:45:00,63.42,63.43,63.42,63.43,268
2024-08-30 17:50:00,63.44,63.44,63.44,63.44,100
2024-08-30 17:51:00,63.43,63.43,63.43,63.43,100
2024-08-30 17:52:00,63.43,63.44,63.43,63.44,714
2024-08-30 17:56:00,63.43,63.43,63.41,63.41,649
2024-08-30 17:59:00,63.41,63.41,63.41,63.41,252
2024-08-30 18:01:00,63.45,63.45,63.45,63.45,111
2024-08-30 18:02:00,63.43,63.43,63.43,63.43,100
2024-08-30 18:08:00,63.46,63.46,63.46,63.46,122
2024-08-30 18:35:00,63.5,63.5,63.5,63.5,113
2024-08-30 18:37:00,63.53,63.53,63.53,63.53,111
2024-08-30 18:38:00,63.53,63.53,63.53,63.53,172
2024-08-30 18:41:00,63.54,63.54,63.54,63.54,112
2024-08-30 18:54:00,63.605,63.61,63.55,63.55,2557
2024-08-30 18:59:00,63.56,63.56,63.56,63.56,214
2024-08-30 19:04:00,63.56,63.56,63.56,63.56,101
2024-08-30 19:06:00,63.59,63.59,63.59,63.59,150
2024-08-30 19:09:00,63.585,63.585,63.585,63.585,101
2024-08-30 19:12:00,63.56,63.56,63.56,63.56,369
2024-08-30 19:13:00,63.57,63.57,63.57,63.57,623
2024-08-30 19:15:00,63.593,63.593,63.593,63.593,164
2024-08-30 19:16:00,63.58,63.58,63.58,63.58,170
2024-08-30 19:17:00,63.58,63.58,63.58,63.58,122
2024-08-30 19:18:00,63.57,63.57,63.57,63.57,263
2024-08-30 19:20:00,63.58,63.61,63.58,63.61,598
2024-08-30 19:22:00,63.6,63.6,63.585,63.585,275
2024-08-30 19:23:00,63.6,63.614,63.6,63.614,877
2024-08-30 19:24:00,63.6,63.62,63.6,63.62,1128
2024-08-30 19:27:00,63.598,63.598,63.598,63.598,226
2024-08-30 19:28:00,63.64,63.65,63.64,63.65,330
2024-08-30 19:30:00,63.63,63.65,63.625,63.65,1737
2024-08-30 19:31:00,63.65,63.65,63.605,63.605,828
2024-08-30 19:32:00,63.6,63.61,63.59,63.61,771
2024-08-30 19:33:00,63.59,63.59,63.59,63.59,241
2024-08-30 19:36:00,63.58,63.58,63.58,63.58,254
2024-08-30 19:37:00,63.6,63.6,63.6,63.6,261
2024-08-30 19:38:00,63.605,63.605,63.605,63.605,108
2024-08-30 19:41:00,63.62,63.63,63.62,63.63,445
2024-08-30 19:45:00,63.63,63.63,63.63,63.63,117
2024-08-30 19:49:00,63.63,63.63,63.63,63.63,150
2024-08-30 19:50:00,63.65,63.68,63.65,63.68,1853
2024-08-30 19:51:00,63.72,63.73,63.72,63.73,544
2024-08-30 19:52:00,63.73,63.735,63.7,63.71,2123
2024-08-30 19:54:00,63.725,63.755,63.725,63.755,5289
2024-08-30 19:55:00,63.755,63.765,63.755,63.76,1857
2024-08-30 19:56:00,63.75,63.77,63.75,63.76,1817
2024-08-30 19:57:00,63.75,63.76,63.75,63.76,1038
2024-08-30 19:58:00,63.75,63.76,63.74,63.76,2981
2024-08-30 19:59:00,63.755,63.81,63.75,63.76,3381
2024-09-03 08:56:00,65.75,65.75,65.75,65.75,199
2024-09-03 11:17:00,65.76,65.76,65.76,65.76,150
2024-09-03 12:02:00,65.8,65.8,65.75,65.75,2900
2024-09-03 13:29:00,65.87,65.87,65.87,65.87,800
2024-09-03 13:30:00,65.83,66.16,65.83,66.16,9799
2024-09-03 13:31:00,66.15,66.15,66.12,66.13,2117
2024-09-03 13:32:00,65.95,65.95,65.95,65.95,407
2024-09-03 13:33:00,66.2,66.2,66.08,66.16,1781
2024-09-03 13:34:00,66.16,66.16,66.13,66.155,405
2024-09-03 13:35:00,66.165,66.2,66.14,66.19,2381
2024-09-03 13:37:00,66.17,66.17,66.15,66.15,312
2024-09-03 13:38:00,66.14,66.17,66.14,66.17,353
2024-09-03 13:39:00,66.15,66.15,66.14,66.14,414
2024-09-03 13:41:00,66.07,66.23,66.06,66.23,459
2024-09-03 13:42:00,66.1,66.1,66.1,66.1,264
2024-09-03 13:43:00,66.1,66.1,66.09,66.09,204
2024-09-03 13:45:00,66.14,66.145,66.075,66.145,1259
2024-09-03 13:46:00,66.08,66.11,66.07,66.07,774
2024-09-03 13:47:00,66.11,66.12,66.1,66.12,651
2024-09-03 13:48:00,66.08,66.08,66.03,66.03,752
2024-09-03 13:49:00,66.0,66.045,65.98,65.98,911
2024-09-03 13:50:00,65.88,65.89,65.88,65.89,580
2024-09-03 13:51:00,65.88,65.88,65.86,65.86,2424
2024-09-03 13:52:00,65.86,65.95,65.815,65.95,1545
2024-09-03 13:55:00,65.95,65.95,65.95,65.95,299
2024-09-03 13:56:00,65.87,65.91,65.87,65.91,353
2024-09-03 13:57:00,65.9048,65.9048,65.9048,65.9048,211
2024-09-03 13:59:00,65.92,65.96,65.91,65.96,754
2024-09-03 14:00:00,65.955,65.955,65.86,65.86,1145
2024-09-03 14:01:00,65.855,65.855,65.855,65.855,571
2024-09-03 14:03:00,65.88,65.88,65.75,65.82,1794
2024-09-03 14:04:00,65.78,65.795,65.73,65.73,1839
2024-09-03 14:05:00,65.72,65.73,65.72,65.73,360
2024-09-03 14:06:00,65.74,65.74,65.71,65.71,1254
2024-09-03 14:08:00,65.72,65.73,65.71,65.73,896
2024-09-03 14:09:00,65.74,65.79,65.55,65.69,9861
2024-09-03 14:10:00,65.71,65.71,65.69,65.69,626
2024-09-03 14:11:00,65.68,65.68,65.65,65.68,612
2024-09-03 14:12:00,65.65,65.678,65.63,65.63,644
2024-09-03 14:13:00,65.62,65.62,65.6,65.6,578
2024-09-03 14:14:00,65.56,65.57,65.56,65.57,936
2024-09-03 14:15:00,65.59,65.59,65.59,65.59,234
2024-09-03 14:16:00,65.56,65.56,65.505,65.505,886
2024-09-03 14:17:00,65.56,65.56,65.46,65.46,1125
2024-09-03 14:20:00,65.42,65.425,65.37,65.415,438
2024-09-03 14:21:00,65.43,65.43,65.4,65.43,614
2024-09-03 14:24:00,65.44,65.44,65.44,65.44,416
2024-09-03 14:25:00,65.44,65.44,65.35,65.35,1195
2024-09-03 14:27:00,65.35,65.35,65.35,65.35,120
2024-09-03 14:30:00,65.26,65.26,65.26,65.26,122
2024-09-03 14:32:00,65.26,65.28,65.26,65.26,436
2024-09-03 14:33:00,65.26,65.26,65.26,65.26,403
2024-09-03 14:34:00,65.295,65.295,65.27,65.295,541
2024-09-03 14:35:00,65.29,65.29,65.29,65.29,349
2024-09-03 14:39:00,65.26,65.27,65.225,65.225,913
2024-09-03 14:40:00,65.25,65.25,65.25,65.25,462
2024-09-03 14:41:00,65.24,65.24,65.24,65.24,105
2024-09-03 14:45:00,65.18,65.18,65.18,65.18,413
2024-09-03 14:46:00,65.15,65.15,65.15,65.15,106
2024-09-03 14:47:00,65.11,65.11,65.11,65.11,143
2024-09-03 14:48:00,65.19,65.2,65.13,65.13,1129
2024-09-03 14:50:00,65.06,65.06,65.06,65.06,101
2024-09-03 14:57:00,65.18,65.18,65.0,65.0,829
2024-09-03 14:58:00,64.98,64.98,64.87,64.96,1016
2024-09-03 14:59:00,65.01,65.01,64.895,64.92,3441
2024-09-03 15:00:00,64.97,64.97,64.96,64.96,473
2024-09-03 15:01:00,65.01,65.03,65.01,65.025,1132
2024-09-03 15:03:00,65.1,65.1,65.1,65.1,166
2024-09-03 15:04:00,65.1,65.1,65.1,65.1,203
2024-09-03 15:07:00,65.18,65.2,65.15,65.19,1083
2024-09-03 15:08:00,65.175,65.175,65.175,65.175,305
2024-09-03 15:12:00,65.18,65.18,65.18,65.18,236
2024-09-03 15:15:00,65.075,65.17,65.075,65.17,325
2024-09-03 15:16:00,65.07,65.08,65.07,65.08,390
2024-09-03 15:17:00,65.12,65.12,65.12,65.12,330
2024-09-03 15:18:00,65.12,65.16,65.11,65.16,2496
2024-09-03 15:19:00,65.16,65.175,65.155,65.175,2292
2024-09-03 15:20:00,65.18,65.25,65.18,65.25,1339
2024-09-03 15:21:00,65.25,65.36,65.25,65.35,689
2024-09-03 15:25:00,65.38,65.38,65.28,65.28,613
2024-09-03 15:28:00,65.23,65.23,65.23,65.23,191
2024-09-03 15:29:00,65.215,65.24,65.215,65.24,345
2024-09-03 15:30:00,65.205,65.205,65.205,65.205,147
2024-09-03 15:33:00,65.195,65.24,65.195,65.24,272
2024-09-03 15:34:00,65.24,65.24,65.24,65.24,498
2024-09-03 15:35:00,65.27,65.27,65.27,65.27,287
2024-09-03 15:36:00,65.27,65.28,65.27,65.28,510
2024-09-03 15:39:00,65.18,65.18,65.18,65.18,247
2024-09-03 15:41:00,65.18,65.19,65.16,65.19,1325
2024-09-03 15:42:00,65.22,65.22,65.22,65.22,107
2024-09-03 15:43:00,65.22,65.22,65.2,65.2,527
2024-09-03 15:44:00,65.195,65.195,65.17,65.17,342
2024-09-03 15:45:00,65.22,65.22,65.205,65.205,236
2024-09-03 15:46:00,65.19,65.19,65.19,65.19,206
2024-09-03 15:47:00,65.22,65.22,65.22,65.22,108
2024-09-03 15:48:00,65.17,65.17,65.16,65.17,526
2024-09-03 15:50:00,65.21,65.21,65.18,65.18,321
2024-09-03 15:52:00,65.22,65.22,65.22,65.22,107
2024-09-03 15:54:00,65.22,65.25,65.205,65.205,893
2024-09-03 15:55:00,65.19,65.19,65.19,65.19,132
2024-09-03 15:56:00,65.19,65.19,65.19,65.19,184
2024-09-03 15:57:00,65.22,65.22,65.22,65.22,171
2024-09-03 15:59:00,65.22,65.22,65.22,65.22,117
2024-09-03 16:01:00,65.18,65.18,65.145,65.18,600
2024-09-03 16:03:00,65.23,65.23,65.23,65.23,125
2024-09-03 16:05:00,65.23,65.23,65.23,65.23,106
2024-09-03 16:07:00,65.195,65.195,65.195,65.195,110
2024-09-03 16:09:00,65.195,65.195,65.18,65.19,408
2024-09-03 16:10:00,65.18,65.21,65.18,65.21,527
2024-09-03 16:11:00,65.2,65.2,65.2,65.2,207
2024-09-03 16:12:00,65.2,65.21,65.18,65.2,526
2024-09-03 16:13:00,65.21,65.21,65.21,65.21,112
2024-09-03 16:14:00,65.23,65.24,65.23,65.23,695
2024-09-03 16:16:00,65.25,65.25,65.25,65.25,941
2024-09-03 16:17:00,65.26,65.26,65.23,65.25,6097
2024-09-03 16:18:00,65.24,65.25,65.23,65.24,1551
2024-09-03 16:19:00,65.24,65.24,65.24,65.24,153
2024-09-03 16:20:00,65.24,65.24,65.18,65.18,4577
2024-09-03 16:21:00,65.19,65.225,65.19,65.225,491
2024-09-03 16:22:00,65.23,65.23,65.23,65.23,221
2024-09-03 16:23:00,65.23,65.23,65.225,65.23,575
2024-09-03 16:24:00,65.19,65.21,65.145,65.145,1306
2024-09-03 16:25:00,65.17,65.18,65.13,65.18,952
2024-09-03 16:26:00,65.18,65.18,65.09,65.14,1531
2024-09-03 16:27:00,65.16,65.16,65.16,65.16,221
2024-09-03 16:29:00,65.11,65.15,65.11,65.15,501
2024-09-03 16:30:00,65.13,65.13,65.13,65.13,241
2024-09-03 16:31:00,65.105,65.105,65.105,65.105,117
2024-09-03 16:34:00,65.15,65.15,65.15,65.15,267
2024-09-03 16:35:00,65.14,65.14,65.12,65.12,405
2024-09-03 16:36:00,65.11,65.11,65.1,65.1,700
2024-09-03 16:37:00,65.105,65.105,65.105,65.105,106
2024-09-03 16:38:00,65.13,65.165,65.13,65.165,1095
2024-09-03 16:43:00,65.16,65.16,65.13,65.13,411
2024-09-03 16:44:00,65.15,65.15,65.12,65.13,469
2024-09-03 16:46:00,65.12,65.12,65.12,65.12,113
2024-09-03 16:53:00,65.16,65.16,65.1481,65.1481,319
2024-09-03 16:56:00,65.15,65.15,65.105,65.105,203
2024-09-03 16:58:00,65.13,65.13,65.1,65.1,443
2024-09-03 16:59:00,65.06,65.07,65.02,65.05,1019
2024-09-03 17:01:00,65.045,65.045,65.045,65.045,106
2024-09-03 17:08:00,65.04,65.04,65.04,65.04,103
2024-09-03 17:09:00,65.04,65.04,65.04,65.04,175
2024-09-03 17:12:00,65.01,65.02,64.935,64.935,778
2024-09-03 17:13:00,64.98,64.98,64.98,64.98,139
2024-09-03 17:15:00,64.975,64.975,64.96,64.96,412
2024-09-03 17:17:00,65.0,65.0,65.0,65.0,127
2024-09-03 17:19:00,65.0,65.02,65.0,65.005,358
2024-09-03 17:20:00,65.03,65.04,65.03,65.04,702
2024-09-03 17:21:00,65.06,65.07,65.04,65.07,419
2024-09-03 17:22:00,65.1,65.1,65.1,65.1,297
2024-09-03 17:23:00,65.09,65.1,65.09,65.1,203
2024-09-03 17:24:00,65.07,65.07,65.028,65.065,2261
2024-09-03 17:25:00,65.075,65.075,65.05,65.075,1135
2024-09-03 17:26:00,65.1,65.1,65.1,65.1,306
2024-09-03 17:27:00,65.11,65.13,65.11,65.13,559
2024-09-03 17:28:00,65.15,65.15,65.15,65.15,129
2024-09-03 17:30:00,65.15,65.15,65.15,65.15,266
2024-09-03 17:31:00,65.175,65.175,65.175,65.175,393
2024-09-03 17:32:00,65.12,65.13,65.09,65.11,1714
2024-09-03 17:33:00,65.12,65.12,65.12,65.12,182
2024-09-03 17:37:00,65.13,65.13,65.13,65.13,116
2024-09-03 17:38:00,65.16,65.17,65.16,65.17,522
2024-09-03 17:43:00,65.13,65.13,65.13,65.13,225
2024-09-03 17:47:00,65.1,65.1,65.09,65.09,824
2024-09-03 17:54:00,65.08,65.08,65.08,65.08,249
2024-09-03 17:55:00,65.055,65.06,65.055,65.06,305
2024-09-03 17:56:00,65.05,65.05,65.05,65.05,113
2024-09-03 17:57:00,65.07,65.07,65.07,65.07,136
2024-09-03 17:58:00,65.01,65.01,64.94,64.98,1138
2024-09-03 17:59:00,64.97,64.97,64.97,64.97,235
2024-09-03 18:01:00,64.9,64.9,64.885,64.885,367
2024-09-03 18:04:00,64.8,64.86,64.8,64.86,894
2024-09-03 18:06:00,64.87,64.87,64.795,64.795,234
2024-09-03 18:09:00,64.84,64.84,64.84,64.84,277
2024-09-03 18:14:00,64.8,64.8,64.8,64.8,105
2024-09-03 18:15:00,64.83,64.83,64.78,64.78,253
2024-09-03 18:16:00,64.8,64.8,64.8,64.8,160
2024-09-03 18:17:00,64.82,64.82,64.82,64.82,346
2024-09-03 18:18:00,64.755,64.755,64.755,64.755,122
2024-09-03 18:19:00,64.77,64.78,64.77,64.78,629
2024-09-03 18:20:00,64.79,64.8,64.79,64.8,825
2024-09-03 18:21:00,64.89,64.92,64.88,64.91,1199
2024-09-03 18:22:00,64.9,64.9,64.89,64.89,392
2024-09-03 18:23:00,64.89,64.89,64.88,64.89,705
2024-09-03 18:25:00,64.88,64.88,64.88,64.88,103
2024-09-03 18:27:00,64.82,64.92,64.82,64.92,311
2024-09-03 18:30:00,64.92,64.92,64.9,64.9,416
2024-09-03 18:33:00,64.95,64.95,64.95,64.95,225
2024-09-03 18:34:00,64.95,64.955,64.95,64.955,440
2024-09-03 18:36:00,64.95,64.95,64.95,64.95,111
2024-09-03 18:41:00,64.87,64.87,64.87,64.87,155
2024-09-03 18:42:00,64.86,64.86,64.86,64.86,150
2024-09-03 18:43:00,64.92,64.92,64.92,64.92,203
2024-09-03 18:46:00,64.91,64.91,64.91,64.91,479
2024-09-03 18:53:00,64.875,64.875,64.875,64.875,153
2024-09-03 18:54:00,64.87,64.87,64.87,64.87,167
2024-09-03 18:55:00,64.85,64.85,64.85,64.85,459
2024-09-03 18:57:00,64.89,64.91,64.89,64.9,1191
2024-09-03 18:58:00,64.91,64.92,64.91,64.92,601
2024-09-03 18:59:00,64.98,64.98,64.98,64.98,288
2024-09-03 19:00:00,64.96,64.96,64.96,64.96,388
2024-09-03 19:01:00,65.01,65.01,65.01,65.01,127
2024-09-03 19:06:00,64.965,65.02,64.965,65.02,207
2024-09-03 19:08:00,65.01,65.01,65.01,65.01,115
2024-09-03 19:11:00,64.9371,64.9371,64.9371,64.9371,311
2024-09-03 19:12:00,64.94,64.95,64.94,64.95,476
2024-09-03 19:13:00,64.99,64.99,64.99,64.99,885
2024-09-03 19:17:00,64.95,64.99,64.95,64.99,756
2024-09-03 19:18:00,64.97,64.97,64.97,64.97,119
2024-09-03 19:20:00,64.975,64.975,64.975,64.975,210
2024-09-03 19:21:00,65.0,65.016,65.0,65.016,774
2024-09-03 19:22:00,65.0,65.03,64.96,65.03,1107
2024-09-03 19:26:00,65.05,65.05,65.01,65.01,617
2024-09-03 19:27:00,65.01,65.01,65.01,65.01,204
2024-09-03 19:30:00,65.02,65.02,65.0,65.0,443
2024-09-03 19:34:00,64.98,64.98,64.98,64.98,227
2024-09-03 19:35:00,64.95,64.95,64.87,64.89,1350
2024-09-03 19:36:00,64.9,64.9,64.82,64.89,1618
2024-09-03 19:37:00,64.79,64.79,64.78,64.78,546
2024-09-03 19:38:00,64.77,64.77,64.76,64.76,527
2024-09-03 19:39:00,64.76,64.76,64.76,64.76,228
2024-09-03 19:40:00,64.73,64.73,64.71,64.71,630
2024-09-03 19:42:00,64.7,64.7,64.7,64.7,240
2024-09-03 19:43:00,64.75,64.75,64.705,64.74,467
2024-09-03 19:44:00,64.73,64.73,64.695,64.695,771
2024-09-03 19:45:00,64.7,64.7,64.685,64.685,759
2024-09-03 19:46:00,64.66,64.66,64.64,64.65,1224
2024-09-03 19:47:00,64.65,64.65,64.62,64.62,1075
2024-09-03 19:48:00,64.67,64.69,64.665,64.69,1354
2024-09-03 19:50:00,64.71,64.78,64.71,64.74,3498
2024-09-03 19:51:00,64.7,64.7,64.7,64.7,582
2024-09-03 19:52:00,64.75,64.75,64.75,64.75,481
2024-09-03 19:53:00,64.7,64.725,64.7,64.71,677
2024-09-03 19:54:00,64.745,64.745,64.74,64.74,830
2024-09-03 19:55:00,64.72,64.77,64.71,64.75,1959
2024-09-03 19:56:00,64.77,64.78,64.745,64.745,2136
2024-09-03 19:57:00,64.76,64.79,64.76,64.77,1595
2024-09-03 19:58:00,64.74,64.78,64.7177,64.765,1931
2024-09-03 19:59:00,64.78,64.81,64.73,64.76,7924
2024-09-03 20:00:00,64.75,64.75,64.75,64.75,142
2024-09-04 13:29:00,64.57,64.57,64.57,64.57,111
2024-09-04 13:30:00,64.45,64.53,64.45,64.53,1340
2024-09-04 13:35:00,64.85,64.85,64.85,64.85,453
2024-09-04 13:41:00,64.78,64.79,64.76,64.76,639
2024-09-04 13:42:00,64.75,64.765,64.75,64.75,987
2024-09-04 13:45:00,64.6808,64.72,64.6808,64.72,248
2024-09-04 13:47:00,64.755,64.755,64.755,64.755,123
2024-09-04 13:48:00,64.755,64.77,64.755,64.76,518
2024-09-04 13:49:00,64.77,64.78,64.77,64.77,749
2024-09-04 13:50:00,64.75,64.75,64.74,64.74,249
2024-09-04 13:55:00,64.7413,64.79,64.7413,64.79,894
2024-09-04 13:56:00,64.74,64.8,64.74,64.8,954
2024-09-04 13:57:00,64.85,64.85,64.85,64.85,125
2024-09-04 14:00:00,64.69,64.69,64.63,64.685,1435
2024-09-04 14:01:00,64.725,64.725,64.725,64.725,260
2024-09-04 14:02:00,64.76,64.8,64.76,64.8,1554
2024-09-04 14:04:00,64.88,64.88,64.835,64.835,407
2024-09-04 14:05:00,64.84,64.84,64.83,64.83,209
2024-09-04 14:06:00,64.81,64.81,64.81,64.81,108
2024-09-04 14:07:00,64.845,64.845,64.845,64.845,288
2024-09-04 14:08:00,64.75,64.95,64.75,64.95,561
2024-09-04 14:13:00,64.82,64.82,64.82,64.82,129
2024-09-04 14:19:00,64.82,64.875,64.82,64.875,563
2024-09-04 14:22:00,64.89,64.95,64.88,64.95,1796
2024-09-04 14:23:00,64.92,65.08,64.92,65.04,2883
2024-09-04 14:24:00,65.01,65.08,64.99,65.08,1233
2024-09-04 14:25:00,65.02,65.02,65.02,65.02,302
2024-09-04 14:27:00,64.89,64.89,64.89,64.89,100
2024-09-04 14:29:00,64.985,64.985,64.89,64.89,500
2024-09-04 14:30:00,65.03,65.03,65.03,65.03,306
2024-09-04 14:32:00,64.96,64.96,64.96,64.96,101
2024-09-04 14:33:00,64.89,65.02,64.89,65.02,431
2024-09-04 14:34:00,65.05,65.05,64.89,64.89,645
2024-09-04 14:35:00,64.975,64.975,64.975,64.975,111
2024-09-04 14:38:00,65.06,65.155,65.0,65.1,1681
2024-09-04 14:39:00,65.09,65.09,65.04,65.04,603
2024-09-04 14:41:00,65.09,65.12,65.08,65.12,1608
2024-09-04 14:42:00,65.12,65.24,65.04,65.04,2481
2024-09-04 14:44:00,65.04,65.04,65.04,65.04,100
2024-09-04 14:45:00,65.04,65.04,65.04,65.04,363
2024-09-04 14:48:00,65.165,65.165,65.05,65.05,466
2024-09-04 14:49:00,64.97,64.97,64.97,64.97,100
2024-09-04 14:50:00,65.13,65.13,65.13,65.13,110
2024-09-04 14:54:00,65.0,65.0,65.0,65.0,100
2024-09-04 14:55:00,65.1,65.17,65.09,65.09,1537
2024-09-04 14:56:00,65.03,65.17,65.03,65.17,304
2024-09-04 14:58:00,65.07,65.19,65.07,65.16,886
2024-09-04 15:00:00,65.23,65.25,65.23,65.25,331
2024-09-04 15:01:00,65.19,65.19,65.19,65.19,102
2024-09-04 15:03:00,65.31,65.32,65.31,65.31,437
2024-09-04 15:09:00,65.21,65.21,65.21,65.21,248
2024-09-04 15:15:00,65.1,65.1,65.1,65.1,139
2024-09-04 15:20:00,65.0881,65.13,65.07,65.1,1140
2024-09-04 15:23:00,65.0,65.0,65.0,65.0,215
2024-09-04 15:26:00,65.03,65.04,65.03,65.04,712
2024-09-04 15:27:00,65.01,65.045,65.01,65.045,579
2024-09-04 15:28:00,65.025,65.025,64.99,64.99,655
2024-09-04 15:30:00,64.93,64.93,64.9,64.9,627
2024-09-04 15:31:00,64.89,64.89,64.89,64.89,175
2024-09-04 15:35:00,64.93,64.93,64.9,64.9,309
2024-09-04 15:44:00,64.89,64.89,64.89,64.89,104
2024-09-04 15:50:00,64.82,64.82,64.82,64.82,347
2024-09-04 15:52:00,64.82,64.82,64.82,64.82,362
2024-09-04 15:54:00,64.85,64.85,64.85,64.85,138
2024-09-04 15:55:00,64.87,64.87,64.85,64.86,1176
2024-09-04 15:56:00,64.82,64.82,64.77,64.79,593
2024-09-04 15:58:00,64.77,64.77,64.77,64.77,736
2024-09-04 15:59:00,64.765,64.77,64.765,64.77,384
2024-09-04 16:00:00,64.76,64.76,64.755,64.755,533
2024-09-04 16:08:00,64.66,64.66,64.66,64.66,108
2024-09-04 16:09:00,64.705,64.74,64.705,64.74,512
2024-09-04 16:10:00,64.73,64.75,64.73,64.73,840
2024-09-04 16:11:00,64.72,64.72,64.705,64.705,501
2024-09-04 16:12:00,64.705,64.705,64.705,64.705,281
2024-09-04 16:14:00,64.685,64.685,64.685,64.685,202
2024-09-04 16:16:00,64.71,64.72,64.71,64.72,202
2024-09-04 16:17:00,64.72,64.72,64.72,64.72,609
2024-09-04 16:19:00,64.71,64.71,64.71,64.71,112
2024-09-04 16:20:00,64.68,64.68,64.68,64.68,196
2024-09-04 16:22:00,64.73,64.73,64.71,64.71,582
2024-09-04 16:23:00,64.7,64.705,64.67,64.7,882
2024-09-04 16:24:00,64.75,64.75,64.73,64.73,788
2024-09-04 16:25:00,64.76,64.76,64.75,64.75,360
2024-09-04 16:26:00,64.79,64.79,64.76,64.77,1725
2024-09-04 16:27:00,64.75,64.805,64.75,64.805,791
2024-09-04 16:28:00,64.78,64.795,64.78,64.792,489
2024-09-04 16:29:00,64.775,64.775,64.775,64.775,339
2024-09-04 16:30:00,64.78,64.78,64.78,64.78,800
2024-09-04 16:31:00,64.79,64.81,64.79,64.81,240
2024-09-04 16:32:00,64.8,64.82,64.8,64.82,988
2024-09-04 16:35:00,64.85,64.85,64.83,64.83,1296
2024-09-04 16:36:00,64.87,64.87,64.87,64.87,181
2024-09-04 16:37:00,64.86,64.86,64.86,64.86,407
2024-09-04 16:38:00,64.89,64.89,64.86,64.86,287
2024-09-04 16:40:00,64.85,64.85,64.85,64.85,194
2024-09-04 16:44:00,64.79,64.79,64.71,64.71,1569
2024-09-04 16:45:00,64.72,64.725,64.72,64.725,337
2024-09-04 16:49:00,64.674,64.674,64.674,64.674,196
2024-09-04 16:52:00,64.71,64.775,64.69,64.775,1852
2024-09-04 17:00:00,64.79,64.81,64.775,64.81,1105
2024-09-04 17:01:00,64.82,64.825,64.79,64.825,815
2024-09-04 17:02:00,64.83,64.83,64.805,64.805,579
2024-09-04 17:03:00,64.82,64.82,64.805,64.82,1219
2024-09-04 17:06:00,64.8,64.8,64.8,64.8,379
2024-09-04 17:13:00,64.785,64.785,64.785,64.785,146
2024-09-04 17:15:00,64.76,64.76,64.76,64.76,283
2024-09-04 17:16:00,64.785,64.785,64.785,64.785,260
2024-09-04 17:17:00,64.755,64.755,64.755,64.755,191
2024-09-04 17:19:00,64.76,64.76,64.755,64.755,345
2024-09-04 17:20:00,64.75,64.775,64.75,64.775,275
2024-09-04 17:21:00,64.76,64.76,64.74,64.74,498
2024-09-04 17:22:00,64.755,64.755,64.755,64.755,100
2024-09-04 17:24:00,64.73,64.73,64.73,64.73,223
2024-09-04 17:26:00,64.67,64.67,64.665,64.665,406
2024-09-04 17:29:00,64.63,64.64,64.595,64.595,1136
2024-09-04 17:32:00,64.6,64.6,64.6,64.6,427
2024-09-04 17:33:00,64.58,64.58,64.58,64.58,165
2024-09-04 17:34:00,64.57,64.59,64.57,64.59,493
2024-09-04 17:35:00,64.59,64.6,64.58,64.58,1014
2024-09-04 17:36:00,64.59,64.64,64.585,64.64,1570
2024-09-04 17:42:00,64.56,64.56,64.55,64.55,699
2024-09-04 17:44:00,64.54,64.54,64.54,64.54,101
2024-09-04 17:49:00,64.55,64.55,64.5,64.53,820
2024-09-04 17:50:00,64.52,64.52,64.5,64.5,856
2024-09-04 17:51:00,64.49,64.49,64.47,64.47,565
2024-09-04 17:53:00,64.41,64.41,64.36,64.36,673
2024-09-04 17:56:00,64.37,64.37,64.37,64.37,402
2024-09-04 17:57:00,64.37,64.37,64.35,64.35,215
2024-09-04 17:58:00,64.37,64.37,64.37,64.37,206
2024-09-04 18:00:00,64.33,64.33,64.33,64.33,606
2024-09-04 18:03:00,64.33,64.33,64.33,64.33,674
2024-09-04 18:07:00,64.27,64.27,64.27,64.27,645
2024-09-04 18:08:00,64.33,64.35,64.33,64.35,486
2024-09-04 18:09:00,64.36,64.44,64.36,64.41,1682
2024-09-04 18:10:00,64.43,64.48,64.405,64.43,2224
2024-09-04 18:11:00,64.455,64.47,64.455,64.47,936
2024-09-04 18:12:00,64.47,64.48,64.47,64.48,446
2024-09-04 18:13:00,64.465,64.5,64.465,64.47,742
2024-09-04 18:14:00,64.46,64.465,64.46,64.465,272
2024-09-04 18:17:00,64.465,64.465,64.465,64.465,102
2024-09-04 18:18:00,64.465,64.465,64.465,64.465,259
2024-09-04 18:19:00,64.43,64.43,64.43,64.43,294
2024-09-04 18:21:00,64.41,64.41,64.39,64.39,484
2024-09-04 18:27:00,64.445,64.445,64.445,64.445,112
2024-09-04 18:28:00,64.445,64.445,64.445,64.445,100
2024-09-04 18:30:00,64.47,64.47,64.47,64.47,100
2024-09-04 18:32:00,64.48,64.48,64.47,64.47,520
2024-09-04 18:33:00,64.42,64.45,64.42,64.45,214
2024-09-04 18:34:00,64.45,64.45,64.45,64.45,111
2024-09-04 18:35:00,64.405,64.405,64.405,64.405,110
2024-09-04 18:37:00,64.39,64.39,64.39,64.39,125
2024-09-04 18:39:00,64.36,64.36,64.36,64.36,190
2024-09-04 18:44:00,64.37,64.42,64.36,64.42,1493
2024-09-04 18:47:00,64.39,64.39,64.39,64.39,537
2024-09-04 18:48:00,64.36,64.36,64.36,64.36,112
2024-09-04 18:50:00,64.4,64.4,64.4,64.4,253
2024-09-04 18:52:00,64.345,64.345,64.345,64.345,252
2024-09-04 18:54:00,64.38,64.38,64.38,64.38,270
2024-09-04 18:55:00,64.41,64.41,64.41,64.41,243
2024-09-04 18:56:00,64.435,64.435,64.435,64.435,114
2024-09-04 18:57:00,64.4,64.4,64.4,64.4,159
2024-09-04 19:00:00,64.4,64.4,64.4,64.4,210
2024-09-04 19:01:00,64.44,64.44,64.44,64.44,100
2024-09-04 19:05:00,64.38,64.38,64.38,64.38,107
2024-09-04 19:06:00,64.35,64.35,64.35,64.35,340
2024-09-04 19:07:00,64.335,64.4,64.335,64.4,1228
2024-09-04 19:08:00,64.38,64.4,64.37,64.39,1274
2024-09-04 19:09:00,64.38,64.38,64.35,64.35,964
2024-09-04 19:10:00,64.34,64.35,64.34,64.35,521
2024-09-04 19:11:00,64.35,64.35,64.35,64.35,361
2024-09-04 19:12:00,64.3332,64.344,64.3332,64.344,595
2024-09-04 19:17:00,64.35,64.35,64.35,64.35,178
2024-09-04 19:18:00,64.3781,64.3781,64.3781,64.3781,500
2024-09-04 19:19:00,64.38,64.38,64.38,64.38,307
2024-09-04 19:20:00,64.365,64.365,64.365,64.365,287
2024-09-04 19:21:00,64.38,64.38,64.38,64.38,188
2024-09-04 19:22:00,64.39,64.39,64.39,64.39,478
2024-09-04 19:23:00,64.41,64.41,64.41,64.41,100
2024-09-04 19:24:00,64.42,64.43,64.42,64.43,484
2024-09-04 19:26:00,64.42,64.44,64.415,64.44,692
2024-09-04 19:27:00,64.43,64.5,64.43,64.5,851
2024-09-04 19:28:00,64.45,64.47,64.45,64.47,724
2024-09-04 19:31:00,64.5,64.5,64.5,64.5,106
2024-09-04 19:32:00,64.48,64.48,64.41,64.42,1338
2024-09-04 19:33:00,64.41,64.42,64.4,64.42,984
2024-09-04 19:34:00,64.45,64.45,64.45,64.45,107
2024-09-04 19:35:00,64.45,64.45,64.45,64.45,111
2024-09-04 19:36:00,64.43,64.43,64.43,64.43,113
2024-09-04 19:37:00,64.41,64.41,64.41,64.41,312
2024-09-04 19:38:00,64.45,64.45,64.45,64.45,124
2024-09-04 19:39:00,64.45,64.45,64.45,64.45,160
2024-09-04 19:40:00,64.45,64.45,64.45,64.45,733
2024-09-04 19:42:00,64.495,64.495,64.495,64.495,423
2024-09-04 19:43:00,64.47,64.52,64.47,64.5141,914
2024-09-04 19:47:00,64.57,64.5725,64.56,64.5725,737
2024-09-04 19:48:00,64.555,64.555,64.555,64.555,207
2024-09-04 19:49:00,64.58,64.58,64.58,64.58,266
2024-09-04 19:50:00,64.62,64.66,64.62,64.66,784
2024-09-04 19:52:00,64.6,64.6,64.6,64.6,3273
2024-09-04 19:55:00,64.495,64.52,64.495,64.5,1341
2024-09-04 19:57:00,64.52,64.53,64.51,64.52,1765
2024-09-04 19:58:00,64.53,64.54,64.52,64.52,946
2024-09-04 19:59:00,64.5175,64.62,64.45,64.45,7153
2024-09-05 13:30:00,64.69,64.74,64.63,64.74,1482
2024-09-05 13:37:00,64.52,64.52,64.52,64.52,803
2024-09-05 13:45:00,64.67,64.67,64.67,64.67,529
2024-09-05 13:46:00,64.58,64.63,64.56,64.63,1358
2024-09-05 13:47:00,64.64,64.64,64.64,64.64,127
2024-09-05 13:50:00,64.3301,64.3301,64.3301,64.3301,163
2024-09-05 13:53:00,64.52,64.52,64.44,64.5,1919
2024-09-05 13:55:00,64.54,64.54,64.54,64.54,404
2024-09-05 13:56:00,64.71,64.71,64.71,64.71,351
2024-09-05 14:00:00,64.62,64.64,64.62,64.64,462
2024-09-05 14:01:00,64.65,64.65,64.65,64.65,391
2024-09-05 14:02:00,64.61,64.61,64.595,64.595,486
2024-09-05 14:03:00,64.49,64.49,64.465,64.465,328
2024-09-05 14:04:00,64.52,64.52,64.51,64.51,268
2024-09-05 14:22:00,64.2001,64.2001,64.2001,64.2001,307
2024-09-05 14:24:00,64.315,64.315,64.315,64.315,460
2024-09-05 14:29:00,64.26,64.26,64.26,64.26,224
2024-09-05 14:30:00,64.28,64.28,64.28,64.28,208
2024-09-05 14:31:00,64.245,64.245,64.245,64.245,131
2024-09-05 14:34:00,64.1432,64.1432,64.1432,64.1432,243
2024-09-05 14:35:00,64.21,64.21,64.21,64.21,349
2024-09-05 14:45:00,64.0,64.0,64.0,64.0,272
2024-09-05 14:51:00,63.83,63.83,63.83,63.83,239
2024-09-05 14:52:00,63.85,63.85,63.83,63.83,301
2024-09-05 14:53:00,63.84,63.84,63.84,63.84,307
2024-09-05 14:54:00,63.84,63.925,63.84,63.925,441
2024-09-05 14:56:00,63.86,63.86,63.86,63.86,100
2024-09-05 15:05:00,63.91,63.91,63.76,63.76,625
2024-09-05 15:14:00,63.76,63.82,63.745,63.82,1145
2024-09-05 15:15:00,63.82,63.825,63.815,63.815,1003
2024-09-05 15:16:00,63.815,63.88,63.815,63.88,1046
2024-09-05 15:20:00,63.88,63.925,63.88,63.91,839
2024-09-05 15:24:00,63.77,63.77,63.77,63.77,481
2024-09-05 15:25:00,63.76,63.76,63.76,63.76,221
2024-09-05 15:26:00,63.73,63.73,63.69,63.72,1080
2024-09-05 15:27:00,63.72,63.73,63.7,63.73,625
2024-09-05 15:28:00,63.75,63.75,63.72,63.72,354
2024-09-05 15:29:00,63.71,63.71,63.67,63.67,652
2024-09-05 15:32:00,63.67,63.7,63.67,63.7,248
2024-09-05 15:33:00,63.66,63.66,63.66,63.66,129
2024-09-05 15:34:00,63.61,63.61,63.61,63.61,112
2024-09-05 15:44:00,63.65,63.65,63.65,63.65,230
2024-09-05 15:46:00,63.68,63.68,63.68,63.68,180
2024-09-05 15:50:00,63.67,63.67,63.67,63.67,107
2024-09-05 15:51:00,63.71,63.725,63.71,63.725,456
2024-09-05 15:54:00,63.65,63.66,63.64,63.66,600
2024-09-05 15:58:00,63.63,63.64,63.63,63.63,696
2024-09-05 16:01:00,63.645,63.65,63.645,63.65,627
2024-09-05 16:04:00,63.67,63.67,63.66,63.66,262
2024-09-05 16:07:00,63.694,63.694,63.694,63.694,107
2024-09-05 16:08:00,63.7,63.7,63.7,63.7,266
2024-09-05 16:09:00,63.69,63.7,63.69,63.7,504
2024-09-05 16:11:00,63.66,63.69,63.66,63.69,392
2024-09-05 16:12:00,63.68,63.68,63.68,63.68,401
2024-09-05 16:13:00,63.67,63.67,63.64,63.64,718
2024-09-05 16:14:00,63.71,63.71,63.71,63.71,355
2024-09-05 16:15:00,63.73,63.73,63.73,63.73,241
2024-09-05 16:16:00,63.69,63.69,63.69,63.69,135
2024-09-05 16:19:00,63.69,63.69,63.69,63.69,206
2024-09-05 16:22:00,63.72,63.73,63.72,63.73,306
2024-09-05 16:25:00,63.78,63.79,63.78,63.79,323
2024-09-05 16:26:00,63.81,63.81,63.81,63.81,100
2024-09-05 16:27:00,63.8,63.8225,63.8,63.8225,1049
2024-09-05 16:29:00,63.825,63.825,63.825,63.825,241
2024-09-05 16:30:00,63.83,63.88,63.83,63.88,844
2024-09-05 16:31:00,63.88,63.89,63.88,63.89,571
2024-09-05 16:34:00,63.84,63.84,63.84,63.84,320
2024-09-05 16:36:00,63.9,63.93,63.87,63.87,1163
2024-09-05 16:37:00,63.88,63.88,63.88,63.88,162
2024-09-05 16:41:00,63.89,63.91,63.89,63.91,428
2024-09-05 16:43:00,63.92,63.92,63.92,63.92,127
2024-09-05 16:45:00,63.92,63.97,63.92,63.955,1214
2024-09-05 16:46:00,63.95,63.97,63.95,63.97,390
2024-09-05 16:47:00,63.97,63.99,63.97,63.99,683
2024-09-05 16:50:00,63.915,63.92,63.915,63.92,667
2024-09-05 16:51:00,63.9,63.9,63.9,63.9,140
2024-09-05 16:52:00,63.885,63.885,63.885,63.885,112
2024-09-05 16:55:00,63.86,63.87,63.86,63.87,984
2024-09-05 16:57:00,63.95,63.95,63.95,63.95,249
2024-09-05 16:58:00,63.94,63.94,63.94,63.94,338
2024-09-05 17:04:00,63.91,63.91,63.91,63.91,201
2024-09-05 17:06:00,63.83,63.83,63.83,63.83,295
2024-09-05 17:09:00,63.9,63.9,63.9,63.9,443
2024-09-05 17:11:00,63.91,63.91,63.91,63.91,178
2024-09-05 17:19:00,63.87,63.88,63.87,63.88,282
2024-09-05 17:22:00,63.85,63.85,63.85,63.85,420
2024-09-05 17:25:00,63.89,63.89,63.89,63.89,331
2024-09-05 17:34:00,63.84,63.84,63.84,63.84,119
2024-09-05 17:35:00,63.89,63.89,63.89,63.89,143
2024-09-05 17:38:00,63.96,63.96,63.96,63.96,125
2024-09-05 17:40:00,63.98,63.98,63.98,63.98,233
2024-09-05 17:44:00,64.06,64.06,64.06,64.06,303
2024-09-05 17:45:00,64.09,64.09,64.05,64.05,919
2024-09-05 17:53:00,64.09,64.09,64.09,64.09,285
2024-09-05 17:55:00,64.06,64.06,64.06,64.06,177
2024-09-05 17:56:00,64.0899,64.0899,64.0899,64.0899,108
2024-09-05 17:58:00,64.095,64.095,64.095,64.095,260
2024-09-05 18:00:00,64.14,64.14,64.14,64.14,196
2024-09-05 18:03:00,64.08,64.08,64.08,64.08,232
2024-09-05 18:24:00,64.13,64.13,64.13,64.13,341
2024-09-05 18:32:00,64.15,64.19,64.14,64.14,969
2024-09-05 18:35:00,64.09,64.09,64.09,64.09,451
2024-09-05 18:36:00,64.15,64.15,64.15,64.15,161
2024-09-05 18:39:00,64.14,64.14,64.14,64.14,266
2024-09-05 18:43:00,64.145,64.16,64.145,64.16,402
2024-09-05 18:45:00,64.17,64.17,64.17,64.17,117
2024-09-05 18:46:00,64.175,64.175,64.175,64.175,245
2024-09-05 18:53:00,64.2,64.2,64.14,64.185,1009
2024-09-05 19:00:00,64.06,64.06,64.04,64.04,356
2024-09-05 19:01:00,64.0628,64.0628,64.0628,64.0628,486
2024-09-05 19:10:00,64.07,64.08,64.07,64.08,387
2024-09-05 19:15:00,64.01,64.02,63.95,63.975,1844
2024-09-05 19:17:00,64.01,64.05,64.01,64.05,453
2024-09-05 19:18:00,64.05,64.05,64.05,64.05,163
2024-09-05 19:22:00,64.03,64.05,64.03,64.05,564
2024-09-05 19:26:00,64.1,64.1,64.1,64.1,213
2024-09-05 19:27:00,64.08,64.08,64.08,64.08,190
2024-09-05 19:29:00,64.1,64.1,64.1,64.1,975
2024-09-05 19:30:00,64.085,64.085,64.085,64.085,359
2024-09-05 19:33:00,64.115,64.115,64.115,64.115,207
2024-09-05 19:35:00,64.0707,64.0707,64.0707,64.0707,115
2024-09-05 19:37:00,64.05,64.05,64.05,64.05,150
2024-09-05 19:38:00,64.05,64.07,64.03,64.07,1413
2024-09-05 19:40:00,64.025,64.025,64.025,64.025,236
2024-09-05 19:41:00,64.01,64.05,63.995,63.995,1032
2024-09-05 19:46:00,63.99,63.99,63.94,63.94,1226
2024-09-05 19:48:00,63.91,63.91,63.91,63.91,231
2024-09-05 19:49:00,63.93,63.93,63.93,63.93,293
2024-09-05 19:50:00,63.94,63.94,63.9,63.9,613
2024-09-05 19:53:00,63.88,63.88,63.88,63.88,242
2024-09-05 19:54:00,63.92,63.93,63.92,63.93,867
2024-09-05 19:55:00,63.96,63.96,63.94,63.94,1521
2024-09-05 19:58:00,63.93,63.94,63.894,63.9,1160
2024-09-05 19:59:00,63.93,63.96,63.88,63.89,3011
2024-09-06 12:00:00,61.3679,62.88,61.3679,62.88,235
2024-09-06 13:30:00,62.77,62.77,62.36,62.36,2897
2024-09-06 13:31:00,62.3441,62.35,62.17,62.245,4243
2024-09-06 13:32:00,62.07,62.09,61.91,61.91,2283
2024-09-06 13:33:00,61.92,61.92,61.92,61.92,469
2024-09-06 13:34:00,61.91,61.92,61.9,61.9001,1531
2024-09-06 13:35:00,62.09,62.09,62.015,62.065,753
2024-09-06 13:38:00,61.7822,61.7822,61.7822,61.7822,511
2024-09-06 13:43:00,61.985,61.985,61.985,61.985,202
2024-09-06 13:45:00,61.88,62.0,61.79,61.83,2136
2024-09-06 13:46:00,61.83,62.0,61.72,62.0,2904
2024-09-06 13:47:00,62.0,62.0,62.0,62.0,180
2024-09-06 13:58:00,62.035,62.035,62.035,62.035,383
2024-09-06 13:59:00,61.9,61.9,61.9,61.9,304
2024-09-06 14:00:00,61.71,61.71,61.71,61.71,551
2024-09-06 14:02:00,61.69,61.865,61.61,61.61,1572
2024-09-06 14:03:00,61.63,61.73,61.57,61.73,1556
2024-09-06 14:04:00,61.61,61.61,61.61,61.61,143
2024-09-06 14:07:00,61.61,61.61,61.61,61.61,739
2024-09-06 14:11:00,61.715,61.715,61.715,61.715,439
2024-09-06 14:15:00,61.604,61.9,61.604,61.9,608
2024-09-06 14:17:00,61.53,61.595,61.52,61.575,2826
2024-09-06 14:18:00,61.52,61.61,61.52,61.61,332
2024-09-06 14:22:00,61.63,61.63,61.63,61.63,247
2024-09-06 14:23:00,61.675,61.675,61.6,61.65,1668
2024-09-06 14:24:00,61.67,61.67,61.67,61.67,327
2024-09-06 14:26:00,61.42,61.42,61.31,61.31,1140
2024-09-06 14:28:00,61.26,61.26,61.24,61.24,1066
2024-09-06 14:29:00,61.275,61.275,61.22,61.22,378
2024-09-06 14:30:00,61.29,61.29,61.29,61.29,120
2024-09-06 14:33:00,61.2,61.2,61.19,61.19,373
2024-09-06 14:39:00,61.12,61.29,61.12,61.29,9319
2024-09-06 14:41:00,61.07,61.07,61.07,61.07,264
2024-09-06 14:43:00,61.09,61.09,61.08,61.08,615
2024-09-06 14:47:00,61.1,61.1,61.1,61.1,142
2024-09-06 14:48:00,61.085,61.085,61.07,61.07,414
2024-09-06 14:49:00,61.075,61.11,61.075,61.08,807
2024-09-06 14:50:00,61.05,61.09,61.02,61.02,652
2024-09-06 14:51:00,60.99,60.99,60.98,60.98,249
2024-09-06 14:52:00,61.02,61.03,61.02,61.03,663
2024-09-06 14:53:00,61.065,61.065,61.065,61.065,128
2024-09-06 14:54:00,61.0,61.0,60.97,60.97,320
2024-09-06 15:00:00,61.0,61.31,60.99,61.31,2255
2024-09-06 15:01:00,61.33,61.38,61.32,61.38,1771
2024-09-06 15:02:00,61.54,61.54,61.54,61.54,103
2024-09-06 15:03:00,61.32,61.32,61.32,61.32,125
2024-09-06 15:05:00,61.11,61.11,61.11,61.11,205
2024-09-06 15:06:00,61.16,61.16,61.16,61.16,122
2024-09-06 15:09:00,61.025,61.025,61.025,61.025,270
2024-09-06 15:11:00,60.94,60.97,60.94,60.97,241
2024-09-06 15:12:00,61.0,61.05,61.0,61.03,506
2024-09-06 15:13:00,61.1,61.12,61.1,61.12,454
2024-09-06 15:17:00,60.96,60.96,60.93,60.93,630
2024-09-06 15:18:00,60.955,60.955,60.955,60.955,330
2024-09-06 15:25:00,60.9,60.9,60.9,60.9,130
2024-09-06 15:27:00,60.84,60.84,60.84,60.84,422
2024-09-06 15:39:00,60.84,60.84,60.84,60.84,142
2024-09-06 15:41:00,60.81,60.81,60.81,60.81,216
2024-09-06 15:45:00,60.755,60.755,60.755,60.755,169
2024-09-06 15:46:00,60.76,60.76,60.76,60.76,118
2024-09-06 15:47:00,60.695,60.695,60.695,60.695,226
2024-09-06 15:51:00,60.66,60.67,60.66,60.67,698
2024-09-06 15:58:00,60.64,60.64,60.64,60.64,218
2024-09-06 16:00:00,60.62,60.68,60.62,60.68,376
2024-09-06 16:01:00,60.63,60.63,60.6,60.6,1145
2024-09-06 16:02:00,60.59,60.59,60.55,60.55,285
2024-09-06 16:10:00,60.58,60.58,60.58,60.58,260
2024-09-06 16:11:00,60.56,60.61,60.56,60.61,545
2024-09-06 16:14:00,60.61,60.61,60.6,60.6,460
2024-09-06 16:16:00,60.55,60.55,60.55,60.55,293
2024-09-06 16:19:00,60.48,60.48,60.48,60.48,520
2024-09-06 16:27:00,60.44,60.44,60.38,60.38,949
2024-09-06 16:28:00,60.37,60.37,60.37,60.37,293
2024-09-06 16:29:00,60.32,60.32,60.32,60.32,203
2024-09-06 16:34:00,60.36,60.36,60.36,60.36,184
2024-09-06 16:35:00,60.43,60.43,60.43,60.43,168
2024-09-06 16:38:00,60.4,60.4,60.4,60.4,144
2024-09-06 16:39:00,60.37,60.37,60.36,60.37,843
2024-09-06 16:42:00,60.34,60.34,60.34,60.34,191
2024-09-06 16:43:00,60.375,60.375,60.375,60.375,217
2024-09-06 16:44:00,60.35,60.35,60.3,60.3,1146
2024-09-06 16:45:00,60.38,60.38,60.38,60.38,234
2024-09-06 16:49:00,60.3,60.3,60.24,60.275,1339
2024-09-06 16:50:00,60.31,60.315,60.31,60.315,581
2024-09-06 17:04:00,60.4,60.44,60.4,60.44,588
2024-09-06 17:09:00,60.475,60.475,60.475,60.475,582
2024-09-06 17:11:00,60.51,60.51,60.495,60.495,697
2024-09-06 17:14:00,60.5072,60.5072,60.5072,60.5072,442
2024-09-06 17:15:00,60.57,60.57,60.57,60.57,296
2024-09-06 17:16:00,60.54,60.54,60.53,60.53,829
2024-09-06 17:21:00,60.58,60.58,60.58,60.58,446
2024-09-06 17:29:00,60.55,60.55,60.55,60.55,236
2024-09-06 17:35:00,60.49,60.49,60.49,60.49,221
2024-09-06 17:42:00,60.39,60.39,60.39,60.39,330
2024-09-06 17:48:00,60.43,60.43,60.43,60.43,100
2024-09-06 17:51:00,60.425,60.425,60.425,60.425,272
2024-09-06 17:52:00,60.42,60.42,60.4,60.4,556
2024-09-06 17:53:00,60.425,60.425,60.4,60.4,1327
2024-09-06 17:54:00,60.435,60.435,60.435,60.435,169
2024-09-06 17:55:00,60.46,60.465,60.46,60.465,383
2024-09-06 17:56:00,60.5,60.5,60.47,60.47,381
2024-09-06 17:59:00,60.448,60.448,60.448,60.448,252
2024-09-06 18:01:00,60.44,60.45,60.39,60.42,1344
2024-09-06 18:04:00,60.38,60.38,60.354,60.354,418
2024-09-06 18:11:00,60.3722,60.41,60.365,60.41,1080
2024-09-06 18:12:00,60.35,60.39,60.35,60.39,487
2024-09-06 18:13:00,60.355,60.355,60.355,60.355,367
2024-09-06 18:18:00,60.34,60.34,60.23,60.255,5894
2024-09-06 18:19:00,60.29,60.29,60.29,60.29,324
2024-09-06 18:20:00,60.32,60.32,60.32,60.32,194
2024-09-06 18:21:00,60.26,60.26,60.26,60.26,242
2024-09-06 18:26:00,60.28,60.28,60.28,60.28,403
2024-09-06 18:27:00,60.28,60.28,60.28,60.28,191
2024-09-06 18:28:00,60.32,60.32,60.32,60.32,458
2024-09-06 18:44:00,60.3,60.36,60.3,60.36,3494
2024-09-06 18:45:00,60.35,60.35,60.35,60.35,110
2024-09-06 18:48:00,60.335,60.335,60.335,60.335,100
2024-09-06 18:49:00,60.37,60.37,60.37,60.37,129
2024-09-06 18:50:00,60.34,60.34,60.34,60.34,380
2024-09-06 18:51:00,60.34,60.34,60.34,60.34,275
2024-09-06 18:56:00,60.42,60.42,60.42,60.42,1026
2024-09-06 19:00:00,60.38,60.38,60.38,60.38,110
2024-09-06 19:04:00,60.44,60.44,60.44,60.44,258
2024-09-06 19:05:00,60.45,60.45,60.45,60.45,199
2024-09-06 19:07:00,60.3695,60.48,60.3695,60.48,514
2024-09-06 19:10:00,60.4519,60.4519,60.4519,60.4519,113
2024-09-06 19:16:00,60.44,60.45,60.44,60.45,565
2024-09-06 19:17:00,60.43,60.43,60.43,60.43,224
2024-09-06 19:19:00,60.4249,60.4249,60.41,60.41,464
2024-09-06 19:21:00,60.43,60.43,60.43,60.43,100
2024-09-06 19:25:00,60.46,60.46,60.46,60.46,242
2024-09-06 19:29:00,60.48,60.48,60.43,60.43,1049
2024-09-06 19:30:00,60.4,60.42,60.4,60.42,710
2024-09-06 19:31:00,60.4492,60.4492,60.406,60.406,213
2024-09-06 19:34:00,60.39,60.39,60.39,60.39,256
2024-09-06 19:35:00,60.38,60.395,60.38,60.395,560
2024-09-06 19:37:00,60.373,60.373,60.37,60.37,376
2024-09-06 19:41:00,60.3815,60.44,60.3815,60.425,519
2024-09-06 19:42:00,60.45,60.45,60.45,60.45,221
2024-09-06 19:45:00,60.455,60.48,60.434,60.48,896
2024-09-06 19:47:00,60.48,60.48,60.455,60.48,449
2024-09-06 19:48:00,60.455,60.49,60.455,60.49,755
2024-09-06 19:49:00,60.505,60.54,60.505,60.54,709
2024-09-06 19:50:00,60.48,60.49,60.45,60.45,1906
2024-09-06 19:51:00,60.455,60.455,60.4,60.4,922
2024-09-06 19:52:00,60.43,60.43,60.38,60.38,754
2024-09-06 19:53:00,60.38,60.38,60.35,60.38,1357
2024-09-06 19:54:00,60.42,60.43,60.42,60.43,645
2024-09-06 19:55:00,60.365,60.38,60.365,60.38,723
2024-09-06 19:56:00,60.4,60.43,60.4,60.43,995
2024-09-06 19:57:00,60.42,60.44,60.42,60.44,1047
2024-09-06 19:58:00,60.43,60.44,60.43,60.44,962
2024-09-06 19:59:00,60.45,60.46,60.37,60.43,3027
2024-09-06 20:00:00,60.44,60.44,60.44,60.44,144
2024-09-09 13:20:00,61.39,61.39,61.39,61.39,104
2024-09-09 13:29:00,61.4,61.4,61.4,61.4,199
2024-09-09 13:30:00,61.4,61.4,61.4,61.4,1103
2024-09-09 13:34:00,61.41,61.49,61.41,61.49,730
2024-09-09 13:36:00,61.43,61.46,61.43,61.43,1409
2024-09-09 13:37:00,61.43,61.48,61.43,61.47,1288
2024-09-09 13:41:00,61.4,61.455,61.4,61.455,458
2024-09-09 13:43:00,61.455,61.455,61.455,61.455,101
2024-09-09 13:47:00,61.44,61.44,61.44,61.44,366
2024-09-09 13:50:00,61.45,61.45,61.445,61.445,465
2024-09-09 13:51:00,61.455,61.455,61.455,61.455,124
2024-09-09 13:54:00,61.49,61.49,61.49,61.49,228
2024-09-09 13:59:00,61.48,61.48,61.48,61.48,141
2024-09-09 14:00:00,61.475,61.475,61.475,61.475,291
2024-09-09 14:03:00,61.5,61.5,61.5,61.5,141
2024-09-09 14:06:00,61.49,61.49,61.49,61.49,558
2024-09-09 14:08:00,61.54,61.55,61.54,61.55,331
2024-09-09 14:09:00,61.565,61.565,61.56,61.56,1354
2024-09-09 14:10:00,61.55,61.615,61.55,61.57,1664
2024-09-09 14:11:00,61.61,61.61,61.57,61.57,413
2024-09-09 14:17:00,61.62,61.62,61.62,61.62,242
2024-09-09 14:18:00,61.615,61.615,61.615,61.615,214
2024-09-09 14:19:00,61.55,61.57,61.54,61.56,658
2024-09-09 14:21:00,61.505,61.505,61.505,61.505,280
2024-09-09 14:30:00,61.4,61.4,61.36,61.36,496
2024-09-09 14:35:00,61.365,61.365,61.365,61.365,205
2024-09-09 14:39:00,61.345,61.345,61.345,61.345,117
2024-09-09 14:43:00,61.34,61.34,61.34,61.34,161
2024-09-09 14:46:00,61.325,61.325,61.31,61.31,1069
2024-09-09 14:47:00,61.28,61.28,61.22,61.22,555
2024-09-09 14:53:00,61.225,61.225,61.15,61.225,954
2024-09-09 14:55:00,61.31,61.325,61.29,61.325,2135
2024-09-09 14:59:00,61.28,61.28,61.28,61.28,210
2024-09-09 15:01:00,61.3228,61.3228,61.3228,61.3228,806
2024-09-09 15:10:00,61.28,61.29,61.28,61.29,373
2024-09-09 15:13:00,61.235,61.235,61.235,61.235,321
2024-09-09 15:15:00,61.22,61.22,61.215,61.215,597
2024-09-09 15:16:00,61.145,61.145,61.145,61.145,114
2024-09-09 15:21:00,61.1776,61.1776,61.1776,61.1776,318
2024-09-09 15:22:00,61.165,61.165,61.1524,61.1524,1176
2024-09-09 15:23:00,61.165,61.165,61.165,61.165,766
2024-09-09 15:25:00,61.22,61.22,61.165,61.22,1330
2024-09-09 15:29:00,61.36,61.36,61.255,61.255,429
2024-09-09 15:31:00,61.255,61.255,61.255,61.255,249
2024-09-09 15:33:00,61.3,61.3,61.28,61.28,296
2024-09-09 15:39:00,61.31,61.36,61.255,61.33,1164
2024-09-09 15:40:00,61.32,61.32,61.32,61.32,115
2024-09-09 15:46:00,61.38,61.45,61.35,61.45,2056
2024-09-09 15:47:00,61.45,61.45,61.45,61.45,366
2024-09-09 15:50:00,61.48,61.48,61.48,61.48,107
2024-09-09 15:53:00,61.52,61.52,61.52,61.52,106
2024-09-09 15:54:00,61.485,61.485,61.485,61.485,107
2024-09-09 16:00:00,61.47,61.47,61.47,61.47,519
2024-09-09 16:01:00,61.46,61.46,61.46,61.46,184
2024-09-09 16:03:00,61.5,61.52,61.5,61.52,518
2024-09-09 16:04:00,61.5,61.53,61.5,61.53,976
2024-09-09 16:06:00,61.5,61.5,61.5,61.5,379
2024-09-09 16:09:00,61.5,61.5,61.5,61.5,148
2024-09-09 16:17:00,61.59,61.59,61.59,61.59,532
2024-09-09 16:18:00,61.59,61.66,61.59,61.66,596
2024-09-09 16:19:00,61.63,61.63,61.63,61.63,114
2024-09-09 16:22:00,61.59,61.59,61.59,61.59,278
2024-09-09 16:23:00,61.59,61.59,61.59,61.59,310
2024-09-09 16:24:00,61.575,61.575,61.575,61.575,151
2024-09-09 16:27:00,61.6,61.6,61.57,61.57,855
2024-09-09 16:28:00,61.59,61.615,61.57,61.6,2294
2024-09-09 16:31:00,61.6,61.6,61.6,61.6,205
2024-09-09 16:32:00,61.6,61.65,61.6,61.62,2967
2024-09-09 16:33:00,61.625,61.625,61.625,61.625,207
2024-09-09 16:35:00,61.6575,61.6575,61.6575,61.6575,220
2024-09-09 16:36:00,61.64,61.64,61.585,61.585,1562
2024-09-09 16:37:00,61.595,61.595,61.595,61.595,189
2024-09-09 16:39:00,61.57,61.57,61.57,61.57,428
2024-09-09 16:40:00,61.61,61.61,61.61,61.61,145
2024-09-09 16:42:00,61.64,61.695,61.64,61.695,687
2024-09-09 16:43:00,61.65,61.65,61.61,61.61,403
2024-09-09 16:46:00,61.635,61.635,61.635,61.635,200
2024-09-09 16:48:00,61.64,61.64,61.64,61.64,223
2024-09-09 16:49:00,61.63,61.63,61.61,61.61,342
2024-09-09 16:50:00,61.62,61.63,61.57,61.6,976
2024-09-09 16:51:00,61.625,61.66,61.625,61.66,215
2024-09-09 17:13:00,61.68,61.68,61.68,61.68,276
2024-09-09 17:14:00,61.64,61.64,61.61,61.61,540
2024-09-09 17:15:00,61.595,61.595,61.585,61.585,733
2024-09-09 17:16:00,61.57,61.59,61.56,61.56,1140
2024-09-09 17:17:00,61.55,61.55,61.55,61.55,884
2024-09-09 17:18:00,61.56,61.56,61.56,61.56,181
2024-09-09 17:19:00,61.5413,61.5413,61.5413,61.5413,109
2024-09-09 17:21:00,61.5512,61.56,61.53,61.56,710
2024-09-09 17:22:00,61.545,61.5575,61.545,61.5575,674
2024-09-09 17:24:00,61.535,61.535,61.535,61.535,265
2024-09-09 17:26:00,61.54,61.54,61.51,61.515,1404
2024-09-09 17:27:00,61.5,61.5,61.5,61.5,225
2024-09-09 17:28:00,61.5,61.5,61.46,61.46,610
2024-09-09 17:30:00,61.44,61.44,61.44,61.44,166
2024-09-09 17:31:00,61.43,61.45,61.4,61.4,634
2024-09-09 17:33:00,61.41,61.41,61.41,61.41,147
2024-09-09 17:34:00,61.36,61.38,61.36,61.38,559
2024-09-09 17:35:00,61.415,61.415,61.39,61.405,1047
2024-09-09 17:37:00,61.3801,61.43,61.3801,61.43,340
2024-09-09 17:38:00,61.43,61.445,61.43,61.445,981
2024-09-09 17:39:00,61.435,61.47,61.435,61.435,947
2024-09-09 17:41:00,61.435,61.435,61.41,61.41,592
2024-09-09 17:42:00,61.43,61.44,61.36,61.36,1124
2024-09-09 17:43:00,61.37,61.395,61.37,61.39,664
2024-09-09 17:46:00,61.4,61.4,61.39,61.39,339
2024-09-09 17:47:00,61.4,61.4,61.4,61.4,100
2024-09-09 17:50:00,61.38,61.38,61.36,61.38,1094
2024-09-09 17:56:00,61.31,61.31,61.3,61.3,228
2024-09-09 17:57:00,61.34,61.34,61.34,61.34,363
2024-09-09 17:59:00,61.31,61.31,61.31,61.31,207
2024-09-09 18:04:00,61.245,61.245,61.245,61.245,100
2024-09-09 18:10:00,61.235,61.235,61.23,61.23,1117
2024-09-09 18:11:00,61.2,61.2,61.19,61.2,892
2024-09-09 18:12:00,61.2,61.22,61.2,61.22,404
2024-09-09 18:13:00,61.21,61.21,61.21,61.21,650
2024-09-09 18:16:00,61.23,61.23,61.23,61.23,220
2024-09-09 18:19:00,61.24,61.24,61.24,61.24,344
2024-09-09 18:22:00,61.26,61.26,61.26,61.26,204
2024-09-09 18:23:00,61.28,61.28,61.28,61.28,322
2024-09-09 18:25:00,61.24,61.24,61.21,61.21,863
2024-09-09 18:26:00,61.2,61.205,61.2,61.205,274
2024-09-09 18:29:00,61.15,61.15,61.15,61.15,559
2024-09-09 18:30:00,61.12,61.18,61.12,61.145,596
2024-09-09 18:31:00,61.15,61.15,61.15,61.15,200
2024-09-09 18:32:00,61.14,61.14,61.11,61.11,210
2024-09-09 18:35:00,61.19,61.212,61.18,61.18,1032
2024-09-09 18:36:00,61.185,61.185,61.185,61.185,441
2024-09-09 18:38:00,61.17,61.17,61.15,61.15,562
2024-09-09 18:41:00,61.14,61.16,61.14,61.16,323
2024-09-09 18:45:00,61.245,61.245,61.22,61.22,1004
2024-09-09 18:46:00,61.215,61.22,61.14,61.14,2911
2024-09-09 18:48:00,61.15,61.15,61.15,61.15,291
2024-09-09 18:54:00,61.1736,61.1736,61.1736,61.1736,384
2024-09-09 18:56:00,61.14,61.14,61.13,61.13,783
2024-09-09 18:57:00,61.18,61.18,61.18,61.18,679
2024-09-09 19:01:00,61.16,61.16,61.145,61.145,322
2024-09-09 19:02:00,61.145,61.145,61.145,61.145,206
2024-09-09 19:03:00,61.145,61.145,61.145,61.145,106
2024-09-09 19:04:00,61.14,61.14,61.14,61.14,106
2024-09-09 19:05:00,61.145,61.145,61.145,61.145,106
2024-09-09 19:06:00,61.15,61.15,61.15,61.15,617
2024-09-09 19:07:00,61.15,61.15,61.15,61.15,117
2024-09-09 19:08:00,61.15,61.16,61.15,61.16,435
2024-09-09 19:09:00,61.12,61.12,61.115,61.12,1813
2024-09-09 19:10:00,61.115,61.115,61.095,61.095,505
2024-09-09 19:11:00,61.11,61.11,61.11,61.11,124
2024-09-09 19:15:00,61.1,61.1,61.07,61.07,1933
2024-09-09 19:17:00,61.11,61.12,61.083,61.083,1541
2024-09-09 19:18:00,61.09,61.1,61.07,61.08,1326
2024-09-09 19:21:00,61.055,61.06,61.05,61.06,1735
2024-09-09 19:22:00,61.1,61.1,61.1,61.1,269
2024-09-09 19:24:00,61.095,61.095,61.095,61.095,400
2024-09-09 19:26:00,61.09,61.09,61.09,61.09,522
2024-09-09 19:27:00,61.09,61.11,61.09,61.09,1899
2024-09-09 19:28:00,61.11,61.12,61.095,61.095,510
2024-09-09 19:29:00,61.12,61.17,61.095,61.17,902
2024-09-09 19:30:00,61.1311,61.1311,61.1311,61.1311,377
2024-09-09 19:32:00,61.17,61.195,61.17,61.195,1046
2024-09-09 19:34:00,61.16,61.16,61.13,61.13,595
2024-09-09 19:35:00,61.14,61.14,61.14,61.14,106
2024-09-09 19:36:00,61.16,61.175,61.14,61.175,847
2024-09-09 19:38:00,61.14,61.14,61.14,61.14,439
2024-09-09 19:39:00,61.136,61.136,61.136,61.136,187
2024-09-09 19:40:00,61.16,61.16,61.16,61.16,508
2024-09-09 19:41:00,61.19,61.19,61.1675,61.1675,756
2024-09-09 19:42:00,61.205,61.205,61.205,61.205,934
2024-09-09 19:44:00,61.19,61.19,61.19,61.19,224
2024-09-09 19:45:00,61.171,61.171,61.135,61.135,891
2024-09-09 19:47:00,61.13,61.16,61.125,61.16,4577
2024-09-09 19:48:00,61.17,61.17,61.17,61.17,198
2024-09-09 19:50:00,61.09,61.15,61.075,61.075,3057
2024-09-09 19:51:00,61.08,61.115,61.07,61.072,2082
2024-09-09 19:52:00,61.06,61.06,61.04,61.05,1234
2024-09-09 19:53:00,61.06,61.06,61.01,61.01,996
2024-09-09 19:54:00,61.03,61.04,61.02,61.025,1068
2024-09-09 19:55:00,61.06,61.06,61.02,61.035,1709
2024-09-09 19:56:00,61.04,61.04,60.99,60.99,2156
2024-09-09 19:57:00,61.005,61.045,61.005,61.045,784
2024-09-09 19:58:00,61.05,61.07,61.04,61.05,1722
2024-09-09 19:59:00,61.06,61.11,61.06,61.06,3583
2024-09-10 13:30:00,61.47,61.47,61.47,61.47,1638
2024-09-10 13:31:00,61.37,61.37,61.28,61.28,521
2024-09-10 13:32:00,61.36,61.36,61.36,61.36,101
2024-09-10 13:34:00,61.29,61.29,61.27,61.27,525
2024-09-10 13:37:00,61.25,61.25,61.24,61.24,784
2024-09-10 13:38:00,61.24,61.25,61.19,61.25,401
2024-09-10 13:45:00,61.32,61.32,61.32,61.32,197
2024-09-10 13:48:00,61.27,61.27,61.27,61.27,116
2024-09-10 13:50:00,61.14,61.14,61.14,61.14,228
2024-09-10 13:56:00,61.21,61.21,61.21,61.21,121
2024-09-10 13:58:00,61.04,61.05,61.04,61.05,569
2024-09-10 14:01:00,61.11,61.11,61.04,61.04,515
2024-09-10 14:03:00,61.015,61.015,60.94,60.94,265
2024-09-10 14:06:00,60.92,60.92,60.825,60.91,647
2024-09-10 14:07:00,60.9,60.97,60.89,60.9,793
2024-09-10 14:08:00,60.945,60.945,60.945,60.945,352
2024-09-10 14:09:00,60.96,60.96,60.96,60.96,286
2024-09-10 14:10:00,60.95,60.96,60.92,60.92,908
2024-09-10 14:11:00,60.925,60.925,60.87,60.87,702
2024-09-10 14:13:00,60.83,60.86,60.83,60.86,414
2024-09-10 14:17:00,60.86,60.9,60.86,60.9,513
2024-09-10 14:20:00,60.905,60.905,60.905,60.905,144
2024-09-10 14:21:00,60.995,60.995,60.995,60.995,176
2024-09-10 14:25:00,60.99,60.99,60.99,60.99,177
2024-09-10 14:26:00,60.94,60.94,60.94,60.94,349
2024-09-10 14:27:00,60.95,60.95,60.91,60.92,819
2024-09-10 14:29:00,60.96,61.04,60.96,61.04,772
2024-09-10 14:32:00,61.12,61.12,60.9,60.93,675
2024-09-10 14:36:00,61.07,61.07,61.07,61.07,108
2024-09-10 14:38:00,60.93,60.94,60.93,60.94,404
2024-09-10 14:40:00,61.075,61.075,61.075,61.075,103
2024-09-10 14:41:00,60.94,60.94,60.94,60.94,205
2024-09-10 14:42:00,60.97,60.97,60.97,60.97,312
2024-09-10 14:48:00,61.015,61.015,61.015,61.015,113
2024-09-10 14:51:00,60.95,60.96,60.94,60.96,526
2024-09-10 14:53:00,60.96,60.96,60.96,60.96,233
2024-09-10 14:56:00,60.92,60.92,60.92,60.92,100
2024-09-10 15:00:00,61.0,61.0,61.0,61.0,125
2024-09-10 15:03:00,60.98,60.98,60.98,60.98,100
2024-09-10 15:05:00,60.91,60.91,60.91,60.91,319
2024-09-10 15:07:00,60.92,61.08,60.92,61.08,674
2024-09-10 15:09:00,60.97,60.97,60.97,60.97,242
2024-09-10 15:11:00,61.08,61.08,61.07,61.07,216
2024-09-10 15:13:00,61.08,61.08,61.08,61.08,765
2024-09-10 15:15:00,61.195,61.195,61.195,61.195,107
2024-09-10 15:18:00,61.1942,61.1942,61.1942,61.1942,145
2024-09-10 15:20:00,61.13,61.17,61.13,61.17,783
2024-09-10 15:21:00,61.165,61.165,61.165,61.165,179
2024-09-10 15:22:00,61.18,61.18,61.18,61.18,129
2024-09-10 15:24:00,61.16,61.215,61.16,61.17,1459
2024-09-10 15:25:00,61.19,61.25,61.19,61.25,1824
2024-09-10 15:30:00,61.28,61.28,61.28,61.28,109
2024-09-10 15:33:00,61.28,61.28,61.28,61.28,107
2024-09-10 15:36:00,61.155,61.155,61.155,61.155,104
2024-09-10 15:38:00,61.06,61.06,61.06,61.06,116
2024-09-10 15:42:00,61.07,61.07,61.07,61.07,101
2024-09-10 15:44:00,61.01,61.01,60.97,60.97,498
2024-09-10 15:45:00,60.96,61.0,60.96,60.98,869
2024-09-10 15:46:00,60.98,60.98,60.97,60.97,516
2024-09-10 15:50:00,60.91,60.91,60.91,60.91,155
2024-09-10 15:53:00,60.91,60.91,60.91,60.91,117
2024-09-10 15:54:00,60.91,60.91,60.91,60.91,101
2024-09-10 15:56:00,60.9,60.9,60.9,60.9,205
2024-09-10 15:58:00,60.89,60.89,60.87,60.87,492
2024-09-10 16:03:00,60.79,60.79,60.79,60.79,111
2024-09-10 16:04:00,60.76,60.76,60.76,60.76,216
2024-09-10 16:06:00,60.77,60.77,60.77,60.77,380
2024-09-10 16:07:00,60.82,60.82,60.82,60.82,295
2024-09-10 16:11:00,60.7,60.71,60.7,60.71,214
2024-09-10 16:13:00,60.72,60.72,60.72,60.72,215
2024-09-10 16:22:00,60.71,60.71,60.7,60.7,318
2024-09-10 16:24:00,60.7,60.7,60.7,60.7,698
2024-09-10 16:26:00,60.65,60.65,60.65,60.65,287
2024-09-10 16:31:00,60.72,60.74,60.71,60.71,925
2024-09-10 16:32:00,60.71,60.75,60.71,60.75,1067
2024-09-10 16:33:00,60.75,60.79,60.75,60.76,1158
2024-09-10 16:34:00,60.75,60.75,60.75,60.75,539
2024-09-10 16:35:00,60.77,60.77,60.77,60.77,232
2024-09-10 16:36:00,60.76,60.76,60.76,60.76,206
2024-09-10 16:45:00,60.765,60.765,60.737,60.737,1927
2024-09-10 16:46:00,60.73,60.76,60.7,60.72,2156
2024-09-10 16:49:00,60.7196,60.7196,60.7196,60.7196,115
2024-09-10 16:52:00,60.71,60.71,60.7,60.7,843
2024-09-10 16:56:00,60.74,60.7425,60.73,60.73,494
2024-09-10 16:59:00,60.68,60.68,60.68,60.68,243
2024-09-10 17:05:00,60.69,60.69,60.69,60.69,191
2024-09-10 17:06:00,60.68,60.7383,60.68,60.7383,1870
2024-09-10 17:08:00,60.72,60.73,60.72,60.73,306
2024-09-10 17:11:00,60.79,60.79,60.79,60.79,306
2024-09-10 17:13:00,60.775,60.8,60.76,60.8,305
2024-09-10 17:14:00,60.77,60.77,60.77,60.77,207
2024-09-10 17:16:00,60.81,60.81,60.76,60.76,467
2024-09-10 17:17:00,60.83,60.85,60.81,60.85,1632
2024-09-10 17:18:00,60.85,60.87,60.85,60.87,1028
2024-09-10 17:19:00,60.85,60.85,60.85,60.85,201
2024-09-10 17:20:00,60.83,60.83,60.83,60.83,192
2024-09-10 17:21:00,60.81,60.82,60.81,60.82,211
2024-09-10 17:22:00,60.85,60.85,60.85,60.85,454
2024-09-10 17:24:00,60.895,60.895,60.895,60.895,155
2024-09-10 17:25:00,60.85,60.85,60.85,60.85,125
2024-09-10 17:27:00,60.89,60.9,60.89,60.9,492
2024-09-10 17:28:00,60.885,60.924,60.885,60.924,1009
2024-09-10 17:32:00,60.9,60.9,60.9,60.9,203
2024-09-10 17:33:00,60.9,60.9,60.89,60.89,457
2024-09-10 17:34:00,60.88,60.88,60.87,60.87,389
2024-09-10 17:36:00,60.885,60.885,60.885,60.885,189
2024-09-10 17:38:00,60.83,60.83,60.83,60.83,146
2024-09-10 17:50:00,60.81,60.83,60.81,60.83,471
2024-09-10 17:53:00,60.81,60.81,60.81,60.81,234
2024-09-10 17:54:00,60.81,60.81,60.78,60.78,843
2024-09-10 17:55:00,60.79,60.79,60.79,60.79,361
2024-09-10 17:56:00,60.79,60.79,60.79,60.79,230
2024-09-10 17:58:00,60.73,60.74,60.73,60.74,333
2024-09-10 18:00:00,60.76,60.76,60.76,60.76,242
2024-09-10 18:02:00,60.84,60.84,60.84,60.84,131
2024-09-10 18:09:00,60.83,60.83,60.79,60.79,215
2024-09-10 18:11:00,60.79,60.79,60.79,60.79,311
2024-09-10 18:12:00,60.8,60.8,60.8,60.8,172
2024-09-10 18:18:00,60.86,60.86,60.86,60.86,106
2024-09-10 18:22:00,60.825,60.825,60.825,60.825,164
2024-09-10 18:24:00,60.86,60.86,60.86,60.86,248
2024-09-10 18:25:00,60.85,60.85,60.85,60.85,123
2024-09-10 18:28:00,60.89,60.89,60.89,60.89,133
2024-09-10 18:30:00,60.89,60.89,60.89,60.89,779
2024-09-10 18:36:00,60.85,60.85,60.85,60.85,256
2024-09-10 18:41:00,60.87,60.9,60.87,60.89,484
2024-09-10 18:51:00,60.94,60.94,60.91,60.91,325
2024-09-10 18:55:00,60.95,60.95,60.95,60.95,152
2024-09-10 18:56:00,60.955,60.955,60.955,60.955,163
2024-09-10 18:58:00,60.93,60.93,60.93,60.93,736
2024-09-10 19:02:00,60.89,60.89,60.89,60.89,125
2024-09-10 19:09:00,60.9694,60.9694,60.9694,60.9694,161
2024-09-10 19:11:00,60.95,60.95,60.95,60.95,391
2024-09-10 19:15:00,60.98,60.98,60.98,60.98,170
2024-09-10 19:16:00,60.93,60.93,60.93,60.93,303
2024-09-10 19:18:00,60.925,60.93,60.925,60.93,268
2024-09-10 19:23:00,60.9502,60.9502,60.9502,60.9502,204
2024-09-10 19:25:00,60.96,60.96,60.95,60.96,502
2024-09-10 19:26:00,60.98,61.0,60.98,61.0,611
2024-09-10 19:28:00,61.01,61.01,61.0,61.0,629
2024-09-10 19:29:00,61.0,61.01,61.0,61.01,374
2024-09-10 19:30:00,60.99,60.99,60.99,60.99,430
2024-09-10 19:32:00,61.04,61.04,61.04,61.04,452
2024-09-10 19:33:00,61.04,61.06,61.04,61.06,551
2024-09-10 19:35:00,61.07,61.08,61.07,61.07,369
2024-09-10 19:36:00,61.02,61.07,61.02,61.06,735
2024-09-10 19:37:00,61.09,61.09,61.09,61.09,116
2024-09-10 19:38:00,61.07,61.08,61.04,61.04,777
2024-09-10 19:43:00,61.12,61.12,61.12,61.12,384
2024-09-10 19:44:00,61.09,61.09,61.09,61.09,183
2024-09-10 19:45:00,61.15,61.15,61.15,61.15,427
2024-09-10 19:51:00,61.1,61.1,61.07,61.07,581
2024-09-10 19:52:00,61.1,61.1,61.09,61.09,459
2024-09-10 19:53:00,61.08,61.08,61.08,61.08,1285
2024-09-10 19:54:00,61.1,61.11,61.1,61.11,633
2024-09-10 19:55:00,61.095,61.1,61.08,61.1,2095
2024-09-10 19:56:00,61.15,61.17,61.15,61.17,1669
2024-09-10 19:57:00,61.2,61.2,61.17,61.19,570
2024-09-10 19:58:00,61.17,61.2,61.165,61.2,2952
2024-09-10 19:59:00,61.2,61.2,61.18,61.18,1890
2024-09-10 20:00:00,61.17,61.17,61.17,61.17,100
2024-09-11 10:53:00,62.71,62.72,62.71,62.72,235
2024-09-11 11:18:00,63.5,63.5,63.5,63.5,290
2024-09-11 12:13:00,63.001,63.001,63.001,63.001,100
2024-09-11 12:46:00,63.2,63.2,63.2,63.2,762
2024-09-11 13:30:00,63.29,63.45,63.29,63.33,2677
2024-09-11 13:32:00,63.18,63.18,63.18,63.18,121
2024-09-11 13:34:00,63.31,63.31,63.295,63.295,214
2024-09-11 13:36:00,63.28,63.28,63.28,63.28,467
2024-09-11 13:40:00,63.37,63.37,63.37,63.37,107
2024-09-11 13:42:00,63.41,63.41,63.41,63.41,133
2024-09-11 13:43:00,63.26,63.26,63.26,63.26,261
2024-09-11 13:44:00,63.4,63.4,63.4,63.4,108
2024-09-11 13:47:00,63.4,63.4,63.34,63.34,328
2024-09-11 13:48:00,63.26,63.26,63.26,63.26,221
2024-09-11 13:49:00,63.38,63.38,63.335,63.335,368
2024-09-11 13:51:00,63.36,63.36,63.16,63.16,395
2024-09-11 13:52:00,63.25,63.25,63.25,63.25,285
2024-09-11 13:53:00,63.24,63.27,63.24,63.27,275
2024-09-11 13:54:00,63.25,63.28,63.25,63.28,243
2024-09-11 13:55:00,63.29,63.29,63.29,63.29,140
2024-09-11 13:56:00,63.24,63.24,63.24,63.24,284
2024-09-11 13:58:00,63.24,63.26,63.24,63.26,319
2024-09-11 13:59:00,63.155,63.155,63.09,63.145,964
2024-09-11 14:00:00,63.09,63.09,63.055,63.055,1395
2024-09-11 14:01:00,63.06,63.13,63.06,63.13,554
2024-09-11 14:04:00,63.05,63.05,63.05,63.05,492
2024-09-11 14:05:00,63.0,63.0,63.0,63.0,115
2024-09-11 14:07:00,63.08,63.08,63.08,63.08,122
2024-09-11 14:09:00,63.14,63.14,63.14,63.14,376
2024-09-11 14:12:00,63.09,63.09,63.09,63.09,632
2024-09-11 14:13:00,63.02,63.12,63.02,63.12,247
2024-09-11 14:14:00,63.09,63.09,62.92,62.92,935
2024-09-11 14:15:00,62.97,62.97,62.89,62.89,420
2024-09-11 14:17:00,62.89,62.89,62.83,62.83,1303
2024-09-11 14:19:00,62.85,62.85,62.85,62.85,110
2024-09-11 14:23:00,62.91,62.91,62.91,62.91,140
2024-09-11 14:24:00,62.88,62.88,62.88,62.88,697
2024-09-11 14:26:00,62.87,62.87,62.87,62.87,214
2024-09-11 14:27:00,62.83,62.83,62.83,62.83,116
2024-09-11 14:28:00,62.93,62.93,62.93,62.93,117
2024-09-11 14:29:00,62.81,62.885,62.81,62.885,278
2024-09-11 14:30:00,62.81,62.85,62.81,62.85,390
2024-09-11 14:31:00,62.76,62.81,62.71,62.71,818
2024-09-11 14:32:00,62.68,62.735,62.66,62.735,510
2024-09-11 14:37:00,62.8,62.8,62.8,62.8,137
2024-09-11 14:38:00,62.78,62.78,62.78,62.78,109
2024-09-11 14:39:00,62.77,62.77,62.74,62.74,325
2024-09-11 14:40:00,62.7,62.74,62.7,62.74,533
2024-09-11 14:41:00,62.7,62.7,62.69,62.7,444
2024-09-11 14:42:00,62.7,62.72,62.7,62.72,305
2024-09-11 14:43:00,62.67,62.67,62.63,62.63,589
2024-09-11 14:45:00,62.64,62.64,62.64,62.64,250
2024-09-11 14:47:00,62.67,62.67,62.63,62.63,434
2024-09-11 14:49:00,62.63,62.63,62.63,62.63,108
2024-09-11 14:50:00,62.635,62.635,62.635,62.635,401
2024-09-11 14:51:00,62.67,62.67,62.64,62.64,319
2024-09-11 14:52:00,62.65,62.66,62.65,62.66,420
2024-09-11 14:53:00,62.685,62.685,62.66,62.66,715
2024-09-11 14:54:00,62.69,62.69,62.69,62.69,291
2024-09-11 14:55:00,62.7,62.705,62.7,62.705,381
2024-09-11 14:56:00,62.71,62.74,62.71,62.74,585
2024-09-11 14:57:00,62.73,62.75,62.72,62.73,411
2024-09-11 14:58:00,62.735,62.735,62.7,62.7,1053
2024-09-11 15:02:00,62.785,62.785,62.785,62.785,110
2024-09-11 15:03:00,62.785,62.84,62.785,62.84,622
2024-09-11 15:04:00,62.93,62.93,62.93,62.93,159
2024-09-11 15:05:00,62.93,62.93,62.93,62.93,572
2024-09-11 15:06:00,62.92,63.08,62.92,63.08,318
2024-09-11 15:08:00,63.08,63.08,63.08,63.08,327
2024-09-11 15:10:00,63.08,63.08,63.08,63.08,113
2024-09-11 15:11:00,62.985,62.985,62.985,62.985,277
2024-09-11 15:12:00,63.08,63.08,63.08,63.08,351
2024-09-11 15:13:00,63.08,63.08,63.08,63.08,371
2024-09-11 15:14:00,63.17,63.17,63.17,63.17,110
2024-09-11 15:16:00,63.16,63.16,63.134,63.134,322
2024-09-11 15:17:00,63.164,63.164,63.164,63.164,116
2024-09-11 15:18:00,63.035,63.035,63.035,63.035,146
2024-09-11 15:19:00,63.16,63.17,63.16,63.17,309
2024-09-11 15:20:00,63.1,63.1,63.1,63.1,300
2024-09-11 15:21:00,63.1,63.1,63.03,63.03,428
2024-09-11 15:24:00,63.01,63.01,63.0,63.005,511
2024-09-11 15:26:00,63.03,63.045,63.0,63.045,750
2024-09-11 15:28:00,63.07,63.07,62.94,62.94,716
2024-09-11 15:29:00,63.07,63.07,63.04,63.04,717
2024-09-11 15:30:00,63.08,63.08,63.0754,63.0754,784
2024-09-11 15:31:00,63.05,63.05,63.05,63.05,620
2024-09-11 15:32:00,63.12,63.12,63.12,63.12,275
2024-09-11 15:33:00,63.07,63.07,63.07,63.07,226
2024-09-11 15:34:00,63.07,63.1,63.07,63.1,228
2024-09-11 15:35:00,63.12,63.12,63.12,63.12,108
2024-09-11 15:36:00,63.12,63.12,63.09,63.09,342
2024-09-11 15:37:00,63.13,63.13,63.13,63.13,216
2024-09-11 15:38:00,63.13,63.15,63.13,63.15,762
2024-09-11 15:39:00,63.2,63.2,63.2,63.2,120
2024-09-11 15:41:00,63.22,63.22,63.22,63.22,257
2024-09-11 15:42:00,63.21,63.25,63.21,63.25,333
2024-09-11 15:43:00,63.27,63.27,63.27,63.27,237
2024-09-11 15:44:00,63.27,63.27,63.23,63.235,1095
2024-09-11 15:46:00,63.28,63.28,63.26,63.26,400
2024-09-11 15:47:00,63.26,63.26,63.25,63.25,488
2024-09-11 15:48:00,63.23,63.255,63.23,63.255,205
2024-09-11 15:50:00,63.27,63.27,63.27,63.27,129
2024-09-11 15:51:00,63.27,63.27,63.27,63.27,108
2024-09-11 15:52:00,63.3,63.3,63.3,63.3,208
2024-09-11 15:54:00,63.3,63.3,63.3,63.3,258
2024-09-11 15:55:00,63.22,63.22,63.22,63.22,263
2024-09-11 15:56:00,63.19,63.2,63.18,63.18,552
2024-09-11 15:58:00,63.16,63.16,63.14,63.15,528
2024-09-11 15:59:00,63.21,63.21,63.21,63.21,236
2024-09-11 16:00:00,63.15,63.15,63.15,63.15,120
2024-09-11 16:01:00,63.24,63.24,63.24,63.24,110
2024-09-11 16:02:00,63.24,63.24,63.24,63.24,123
2024-09-11 16:03:00,63.26,63.26,63.26,63.26,340
2024-09-11 16:04:00,63.3,63.33,63.3,63.33,450
2024-09-11 16:05:00,63.35,63.39,63.35,63.39,579
2024-09-11 16:06:00,63.395,63.395,63.395,63.395,129
2024-09-11 16:08:00,63.39,63.39,63.39,63.39,302
2024-09-11 16:09:00,63.36,63.36,63.36,63.36,110
2024-09-11 16:10:00,63.35,63.35,63.35,63.35,110
2024-09-11 16:11:00,63.345,63.38,63.345,63.38,517
2024-09-11 16:13:00,63.33,63.33,63.33,63.33,140
2024-09-11 16:15:00,63.39,63.39,63.37,63.37,388
2024-09-11 16:16:00,63.33,63.34,63.33,63.34,234
2024-09-11 16:18:00,63.345,63.345,63.345,63.345,208
2024-09-11 16:19:00,63.38,63.38,63.38,63.38,295
2024-09-11 16:20:00,63.41,63.41,63.41,63.41,381
2024-09-11 16:22:00,63.375,63.375,63.375,63.375,139
2024-09-11 16:24:00,63.35,63.42,63.34,63.405,655
2024-09-11 16:26:00,63.42,63.42,63.405,63.405,1313
2024-09-11 16:27:00,63.397,63.42,63.397,63.42,923
2024-09-11 16:29:00,63.4645,63.4645,63.44,63.44,981
2024-09-11 16:30:00,63.48,63.5,63.48,63.5,496
2024-09-11 16:34:00,63.5,63.53,63.5,63.53,235
2024-09-11 16:35:00,63.5,63.5,63.5,63.5,116
2024-09-11 16:39:00,63.51,63.55,63.51,63.55,208
2024-09-11 16:40:00,63.535,63.535,63.535,63.535,315
2024-09-11 16:44:00,63.475,63.475,63.475,63.475,123
2024-09-11 16:49:00,63.48,63.48,63.48,63.48,112
2024-09-11 16:51:00,63.485,63.485,63.485,63.485,321
2024-09-11 16:52:00,63.48,63.485,63.48,63.485,353
2024-09-11 16:54:00,63.46,63.5,63.46,63.5,608
2024-09-11 16:56:00,63.51,63.51,63.47,63.47,459
2024-09-11 16:57:00,63.47,63.47,63.44,63.44,1209
2024-09-11 16:58:00,63.44,63.44,63.44,63.44,132
2024-09-11 16:59:00,63.43,63.43,63.43,63.43,354
2024-09-11 17:01:00,63.46,63.46,63.46,63.46,206
2024-09-11 17:02:00,63.46,63.5,63.46,63.5,1042
2024-09-11 17:03:00,63.51,63.515,63.51,63.515,351
2024-09-11 17:04:00,63.52,63.52,63.52,63.52,109
2024-09-11 17:05:00,63.5,63.5,63.5,63.5,408
2024-09-11 17:06:00,63.53,63.53,63.53,63.53,153
2024-09-11 17:07:00,63.55,63.55,63.55,63.55,708
2024-09-11 17:11:00,63.56,63.56,63.56,63.56,116
2024-09-11 17:12:00,63.565,63.6,63.565,63.6,207
2024-09-11 17:17:00,63.535,63.535,63.535,63.535,325
2024-09-11 17:18:00,63.505,63.505,63.505,63.505,207
2024-09-11 17:20:00,63.36,63.36,63.36,63.36,210
2024-09-11 17:22:00,63.44,63.44,63.4,63.4,514
2024-09-11 17:23:00,63.425,63.425,63.425,63.425,105
2024-09-11 17:25:00,63.44,63.44,63.44,63.44,755
2024-09-11 17:27:00,63.485,63.55,63.485,63.55,509
2024-09-11 17:28:00,63.52,63.52,63.52,63.52,161
2024-09-11 17:29:00,63.51,63.51,63.51,63.51,105
2024-09-11 17:40:00,63.5,63.5,63.5,63.5,221
2024-09-11 17:47:00,63.54,63.54,63.54,63.54,488
2024-09-11 17:48:00,63.58,63.58,63.58,63.58,379
2024-09-11 17:49:00,63.575,63.575,63.555,63.555,308
2024-09-11 17:50:00,63.6,63.6,63.6,63.6,178
2024-09-11 18:06:00,63.53,63.53,63.53,63.53,306
2024-09-11 18:10:00,63.59,63.621,63.59,63.621,438
2024-09-11 18:14:00,63.55,63.55,63.55,63.55,232
2024-09-11 18:19:00,63.4822,63.4822,63.4822,63.4822,840
2024-09-11 18:21:00,63.52,63.52,63.52,63.52,246
2024-09-11 18:22:00,63.485,63.485,63.485,63.485,181
2024-09-11 18:24:00,63.53,63.53,63.53,63.53,127
2024-09-11 18:26:00,63.465,63.465,63.465,63.465,268
2024-09-11 18:27:00,63.58,63.59,63.56,63.56,1318
2024-09-11 18:31:00,63.52,63.52,63.52,63.52,123
2024-09-11 18:33:00,63.57,63.57,63.57,63.57,335
2024-09-11 18:35:00,63.58,63.6,63.55,63.55,818
2024-09-11 18:37:00,63.59,63.59,63.59,63.59,119
2024-09-11 18:38:00,63.61,63.61,63.575,63.61,588
2024-09-11 18:40:00,63.67,63.67,63.67,63.67,182
2024-09-11 18:43:00,63.71,63.71,63.71,63.71,151
2024-09-11 18:53:00,63.62,63.62,63.62,63.62,268
2024-09-11 19:02:00,63.62,63.62,63.62,63.62,115
2024-09-11 19:05:00,63.65,63.66,63.65,63.66,477
2024-09-11 19:12:00,63.64,63.64,63.64,63.64,116
2024-09-11 19:13:00,63.68,63.69,63.665,63.665,540
2024-09-11 19:14:00,63.69,63.69,63.69,63.69,130
2024-09-11 19:15:00,63.71,63.71,63.68,63.68,446
2024-09-11 19:25:00,63.74,63.75,63.73,63.75,951
2024-09-11 19:27:00,63.74,63.76,63.74,63.755,788
2024-09-11 19:29:00,63.77,63.815,63.77,63.815,645
2024-09-11 19:30:00,63.87,63.87,63.85,63.85,660
2024-09-11 19:32:00,63.81,63.81,63.805,63.805,735
2024-09-11 19:33:00,63.82,63.83,63.82,63.82,566
2024-09-11 19:34:00,63.91,63.91,63.91,63.91,648
2024-09-11 19:37:00,63.89,63.89,63.87,63.87,956
2024-09-11 19:39:00,63.9,63.91,63.885,63.885,791
2024-09-11 19:40:00,63.9,63.91,63.9,63.91,433
2024-09-11 19:41:00,63.94,63.94,63.93,63.93,658
2024-09-11 19:43:00,63.885,63.885,63.74,63.81,2149
2024-09-11 19:44:00,63.84,63.84,63.795,63.795,559
2024-09-11 19:45:00,63.84,63.88,63.84,63.88,904
2024-09-11 19:46:00,63.88,63.88,63.88,63.88,376
2024-09-11 19:47:00,63.9,63.94,63.9,63.92,638
2024-09-11 19:48:00,63.93,63.96,63.93,63.95,1480
2024-09-11 19:49:00,63.93,63.97,63.93,63.965,913
2024-09-11 19:50:00,63.95,63.95,63.94,63.95,1498
2024-09-11 19:51:00,63.92,63.98,63.92,63.96,1143
2024-09-11 19:52:00,63.99,64.0,63.965,63.965,851
2024-09-11 19:53:00,63.965,63.965,63.965,63.965,498
2024-09-11 19:54:00,64.0,64.02,64.0,64.02,1334
2024-09-11 19:55:00,64.04,64.05,64.04,64.045,812
2024-09-11 19:57:00,64.03,64.035,64.03,64.03,1744
2024-09-11 19:58:00,64.04,64.06,64.04,64.06,1593
2024-09-11 19:59:00,64.055,64.055,63.96,63.96,3218
2024-09-11 23:39:00,64.2,64.2,64.2,64.2,400
2024-09-12 11:00:00,66.0,66.0,66.0,66.0,195
2024-09-12 12:00:00,66.59,66.59,66.01,66.01,565
2024-09-12 13:04:00,66.4,66.4,66.4,66.4,123
2024-09-12 13:30:00,66.29,66.36,66.21,66.32,5397
2024-09-12 13:31:00,66.27,66.27,66.27,66.27,264
2024-09-12 13:33:00,66.39,66.39,66.39,66.39,103
2024-09-12 13:34:00,66.39,66.39,66.39,66.39,297
2024-09-12 13:35:00,66.3,66.3699,66.295,66.3699,1464
2024-09-12 13:38:00,66.25,66.28,66.25,66.28,282
2024-09-12 13:39:00,66.25,66.276,66.25,66.276,914
2024-09-12 13:40:00,66.28,66.35,66.23,66.34,2119
2024-09-12 13:43:00,66.33,66.37,66.33,66.37,465
2024-09-12 13:46:00,66.4,66.4,66.4,66.4,137
2024-09-12 13:47:00,66.2,66.28,66.19,66.19,767
2024-09-12 13:49:00,66.06,66.06,66.06,66.06,126
2024-09-12 13:50:00,66.07,66.145,66.07,66.145,342
2024-09-12 13:51:00,66.07,66.07,66.06,66.06,517
2024-09-12 13:52:00,66.16,66.18,66.15,66.15,522
2024-09-12 13:54:00,66.19,66.255,66.19,66.255,2320
2024-09-12 13:57:00,66.2,66.2,66.2,66.2,362
2024-09-12 14:00:00,66.18,66.18,66.18,66.18,239
2024-09-12 14:03:00,66.28,66.28,66.28,66.28,371
2024-09-12 14:04:00,66.25,66.25,66.22,66.22,753
2024-09-12 14:07:00,66.24,66.24,66.24,66.24,223
2024-09-12 14:08:00,66.19,66.25,66.19,66.25,373
2024-09-12 14:10:00,66.235,66.28,66.235,66.28,247
2024-09-12 14:11:00,66.28,66.28,66.28,66.28,255
2024-09-12 14:12:00,66.31,66.41,66.31,66.41,564
2024-09-12 14:13:00,66.42,66.42,66.42,66.42,214
2024-09-12 14:14:00,66.26,66.44,66.24,66.44,1212
2024-09-12 14:15:00,66.45,66.45,66.45,66.45,100
2024-09-12 14:17:00,66.47,66.52,66.41,66.52,885
2024-09-12 14:19:00,66.53,66.53,66.53,66.53,150
2024-09-12 14:20:00,66.5,66.5,66.5,66.5,337
2024-09-12 14:21:00,66.49,66.49,66.49,66.49,131
2024-09-12 14:22:00,66.55,66.58,66.55,66.58,203
2024-09-12 14:23:00,66.5,66.55,66.5,66.55,540
2024-09-12 14:24:00,66.53,66.53,66.53,66.53,507
2024-09-12 14:25:00,66.51,66.51,66.51,66.51,276
2024-09-12 14:28:00,66.5,66.5,66.48,66.5,1450
2024-09-12 14:29:00,66.49,66.49,66.49,66.49,164
2024-09-12 14:30:00,66.5,66.5,66.47,66.49,710
2024-09-12 14:35:00,66.48,66.48,66.32,66.355,2091
2024-09-12 14:41:00,66.46,66.46,66.46,66.46,157
2024-09-12 14:42:00,66.49,66.49,66.49,66.49,100
2024-09-12 14:44:00,66.51,66.51,66.51,66.51,101
2024-09-12 14:45:00,66.52,66.52,66.52,66.52,153
2024-09-12 14:46:00,66.54,66.54,66.54,66.54,156
2024-09-12 14:48:00,66.51,66.51,66.51,66.51,113
2024-09-12 14:49:00,66.46,66.55,66.46,66.53,782
2024-09-12 14:52:00,66.435,66.49,66.435,66.47,897
2024-09-12 14:53:00,66.43,66.48,66.41,66.4696,2311
2024-09-12 14:54:00,66.42,66.42,66.41,66.41,1576
2024-09-12 14:55:00,66.41,66.48,66.41,66.44,1970
2024-09-12 14:56:00,66.45,66.45,66.44,66.44,783
2024-09-12 14:57:00,66.44,66.44,66.335,66.35,1372
2024-09-12 14:58:00,66.32,66.32,66.32,66.32,817
2024-09-12 14:59:00,66.31,66.31,66.31,66.31,426
2024-09-12 15:00:00,66.31,66.31,66.23,66.23,341
2024-09-12 15:04:00,66.35,66.35,66.35,66.35,331
2024-09-12 15:06:00,66.44,66.44,66.42,66.42,320
2024-09-12 15:09:00,66.5,66.5,66.5,66.5,202
2024-09-12 15:10:00,66.44,66.44,66.44,66.44,111
2024-09-12 15:12:00,66.57,66.57,66.57,66.57,111
2024-09-12 15:13:00,66.58,66.6,66.57,66.6,332
2024-09-12 15:15:00,66.62,66.62,66.59,66.59,865
2024-09-12 15:18:00,66.56,66.56,66.53,66.53,399
2024-09-12 15:19:00,66.58,66.58,66.58,66.58,114
2024-09-12 15:21:00,66.57,66.59,66.57,66.57,709
2024-09-12 15:22:00,66.545,66.545,66.545,66.545,379
2024-09-12 15:26:00,66.42,66.44,66.42,66.43,871
2024-09-12 15:27:00,66.44,66.46,66.44,66.46,481
2024-09-12 15:29:00,66.44,66.44,66.41,66.41,378
2024-09-12 15:30:00,66.4,66.4,66.4,66.4,973
2024-09-12 15:31:00,66.375,66.375,66.375,66.375,100
2024-09-12 15:34:00,66.4,66.4,66.4,66.4,522
2024-09-12 15:37:00,66.54,66.54,66.44,66.54,523
2024-09-12 15:38:00,66.54,66.54,66.54,66.54,111
2024-09-12 15:42:00,66.51,66.51,66.51,66.51,100
2024-09-12 15:43:00,66.49,66.49,66.49,66.49,100
2024-09-12 15:45:00,66.43,66.43,66.43,66.43,200
2024-09-12 15:48:00,66.41,66.43,66.41,66.43,223
2024-09-12 15:50:00,66.42,66.42,66.42,66.42,500
2024-09-12 15:51:00,66.44,66.44,66.4,66.4,923
2024-09-12 15:52:00,66.4,66.42,66.4,66.4,948
2024-09-12 15:53:00,66.41,66.41,66.4,66.4,560
2024-09-12 15:56:00,66.38,66.39,66.38,66.38,666
2024-09-12 15:59:00,66.37,66.37,66.31,66.31,231
2024-09-12 16:10:00,66.43,66.43,66.42,66.43,498
2024-09-12 16:13:00,66.41,66.41,66.4,66.4,404
2024-09-12 16:17:00,66.395,66.395,66.395,66.395,115
2024-09-12 16:18:00,66.36,66.36,66.36,66.36,590
2024-09-12 16:21:00,66.4,66.4,66.4,66.4,139
2024-09-12 16:27:00,66.34,66.34,66.34,66.34,101
2024-09-12 16:31:00,66.365,66.3865,66.34,66.3865,1420
2024-09-12 16:32:00,66.33,66.33,66.33,66.33,304
2024-09-12 16:33:00,66.3101,66.3625,66.3101,66.3625,815
2024-09-12 16:36:00,66.33,66.33,66.33,66.33,757
2024-09-12 16:37:00,66.31,66.31,66.31,66.31,100
2024-09-12 16:39:00,66.31,66.31,66.31,66.31,104
2024-09-12 16:40:00,66.29,66.29,66.29,66.29,338
2024-09-12 16:41:00,66.31,66.31,66.31,66.31,692
2024-09-12 16:47:00,66.35,66.35,66.35,66.35,228
2024-09-12 16:48:00,66.36,66.365,66.36,66.365,354
2024-09-12 16:50:00,66.39,66.39,66.39,66.39,331
2024-09-12 16:51:00,66.42,66.43,66.42,66.43,563
2024-09-12 16:54:00,66.475,66.475,66.475,66.475,112
2024-09-12 17:01:00,66.55,66.55,66.55,66.55,123
2024-09-12 17:15:00,66.6,66.6,66.6,66.6,418
2024-09-12 17:17:00,66.63,66.63,66.63,66.63,136
2024-09-12 17:21:00,66.61,66.61,66.61,66.61,112
2024-09-12 17:23:00,66.643,66.643,66.643,66.643,387
2024-09-12 17:25:00,66.66,66.66,66.65,66.65,1087
2024-09-12 17:26:00,66.69,66.69,66.69,66.69,227
2024-09-12 17:28:00,66.69,66.69,66.69,66.69,163
2024-09-12 17:29:00,66.67,66.67,66.67,66.67,488
2024-09-12 17:33:00,66.69,66.69,66.69,66.69,186
2024-09-12 17:34:00,66.68,66.69,66.68,66.69,390
2024-09-12 17:35:00,66.685,66.685,66.685,66.685,100
2024-09-12 17:36:00,66.7,66.7,66.7,66.7,178
2024-09-12 17:37:00,66.72,66.72,66.72,66.72,138
2024-09-12 17:40:00,66.74,66.745,66.74,66.745,289
2024-09-12 17:41:00,66.74,66.74,66.72,66.72,614
2024-09-12 17:46:00,66.77,66.77,66.77,66.77,236
2024-09-12 17:50:00,66.82,66.82,66.82,66.82,112
2024-09-12 17:54:00,66.84,66.84,66.825,66.825,296
2024-09-12 17:55:00,66.85,66.85,66.85,66.85,245
2024-09-12 17:57:00,66.83,66.83,66.83,66.83,168
2024-09-12 18:17:00,66.8,66.8,66.8,66.8,449
2024-09-12 18:19:00,66.8,66.8,66.795,66.795,702
2024-09-12 18:22:00,66.82,66.82,66.82,66.82,377
2024-09-12 18:24:00,66.82,66.82,66.82,66.82,106
2024-09-12 18:25:00,66.87,66.9,66.85,66.9,1617
2024-09-12 18:26:00,66.885,66.885,66.855,66.855,585
2024-09-12 18:31:00,66.85,66.85,66.845,66.845,436
2024-09-12 18:32:00,66.845,66.845,66.845,66.845,200
2024-09-12 18:35:00,66.87,66.87,66.87,66.87,107
2024-09-12 18:43:00,66.84,66.84,66.84,66.84,102
2024-09-12 18:50:00,66.83,66.83,66.82,66.82,796
2024-09-12 18:51:00,66.75,66.75,66.73,66.73,679
2024-09-12 18:55:00,66.725,66.8,66.725,66.8,1400
2024-09-12 18:56:00,66.78,66.78,66.755,66.755,404
2024-09-12 19:08:00,66.77,66.77,66.77,66.77,130
2024-09-12 19:09:00,66.775,66.775,66.775,66.775,380
2024-09-12 19:21:00,66.77,66.77,66.74,66.74,339
2024-09-12 19:26:00,66.77,66.77,66.77,66.77,146
2024-09-12 19:27:00,66.77,66.77,66.765,66.765,338
2024-09-12 19:28:00,66.77,66.79,66.77,66.79,1489
2024-09-12 19:29:00,66.8395,66.8395,66.8395,66.8395,289
2024-09-12 19:31:00,66.795,66.795,66.795,66.795,150
2024-09-12 19:35:00,66.85,66.85,66.85,66.85,503
2024-09-12 19:36:00,66.85,66.85,66.83,66.83,513
2024-09-12 19:39:00,66.84,66.84,66.83,66.83,6049
2024-09-12 19:40:00,66.835,66.86,66.83,66.83,2886
2024-09-12 19:41:00,66.825,66.825,66.825,66.825,350
2024-09-12 19:42:00,66.825,66.825,66.825,66.825,229
2024-09-12 19:43:00,66.85,66.86,66.85,66.86,740
2024-09-12 19:44:00,66.85,66.87,66.85,66.8554,1154
2024-09-12 19:45:00,66.845,66.845,66.835,66.835,596
2024-09-12 19:46:00,66.87,66.87,66.87,66.87,139
2024-09-12 19:47:00,66.87,66.87,66.87,66.87,406
2024-09-12 19:48:00,66.885,66.885,66.88,66.88,734
2024-09-12 19:49:00,66.88,66.885,66.88,66.885,1836
2024-09-12 19:50:00,66.885,66.93,66.885,66.93,4107
2024-09-12 19:51:00,66.93,66.93,66.88,66.925,1466
2024-09-12 19:52:00,66.925,66.925,66.925,66.925,635
2024-09-12 19:53:00,66.925,66.925,66.925,66.925,787
2024-09-12 19:54:00,66.925,66.925,66.925,66.925,721
2024-09-12 19:55:00,66.95,66.99,66.925,66.99,3557
2024-09-12 19:56:00,66.975,67.02,66.975,67.02,2840
2024-09-12 19:57:00,67.005,67.03,66.99,67.01,2898
2024-09-12 19:58:00,67.01,67.07,67.01,67.05,4049
2024-09-12 19:59:00,67.045,67.09,67.045,67.09,7989
2024-09-13 08:02:00,68.16,68.16,68.16,68.16,114
2024-09-13 10:41:00,68.33,68.33,68.33,68.33,100
2024-09-13 11:00:00,68.66,68.66,68.66,68.66,160
2024-09-13 12:00:00,68.63,68.63,67.13,67.23,1524
2024-09-13 12:01:00,67.21,67.21,67.21,67.21,101
2024-09-13 13:26:00,69.19,69.19,69.19,69.19,562
2024-09-13 13:30:00,69.23,69.42,69.0,69.42,5625
2024-09-13 13:31:00,69.23,69.23,69.23,69.23,232
2024-09-13 13:32:00,69.2201,69.35,69.2201,69.35,1537
2024-09-13 13:34:00,69.36,69.36,69.36,69.36,128
2024-09-13 13:39:00,69.29,69.3,69.29,69.29,540
2024-09-13 13:41:00,69.17,69.17,69.17,69.17,358
2024-09-13 13:43:00,69.26,69.27,69.23,69.23,495
2024-09-13 13:44:00,69.25,69.25,69.25,69.25,207
2024-09-13 13:45:00,69.21,69.21,69.21,69.21,118
2024-09-13 13:50:00,69.275,69.275,69.275,69.275,363
2024-09-13 13:51:00,69.35,69.35,69.35,69.35,1235
2024-09-13 13:56:00,69.36,69.36,69.36,69.36,110
2024-09-13 14:00:00,69.2,69.2,69.2,69.2,342
2024-09-13 14:05:00,69.34,69.34,69.33,69.335,445
2024-09-13 14:07:00,69.36,69.36,69.36,69.36,255
2024-09-13 14:08:00,69.36,69.38,69.36,69.38,375
2024-09-13 14:10:00,69.39,69.39,69.39,69.39,217
2024-09-13 14:11:00,69.43,69.43,69.38,69.4,1409
2024-09-13 14:12:00,69.43,69.43,69.42,69.42,404
2024-09-13 14:13:00,69.38,69.38,69.38,69.38,513
2024-09-13 14:14:00,69.41,69.56,69.39,69.55,6953
2024-09-13 14:15:00,69.5,69.51,69.5,69.51,468
2024-09-13 14:18:00,69.54,69.56,69.54,69.56,1459
2024-09-13 14:19:00,69.5351,69.5351,69.52,69.52,604
2024-09-13 14:21:00,69.53,69.53,69.53,69.53,194
2024-09-13 14:22:00,69.55,69.55,69.55,69.55,298
2024-09-13 14:23:00,69.61,69.69,69.61,69.62,1408
2024-09-13 14:24:00,69.62,69.68,69.62,69.68,389
2024-09-13 14:30:00,69.57,69.57,69.57,69.57,203
2024-09-13 14:31:00,69.5,69.5,69.5,69.5,367
2024-09-13 14:40:00,69.655,69.655,69.655,69.655,326
2024-09-13 14:54:00,69.51,69.51,69.46,69.46,626
2024-09-13 14:57:00,69.48,69.48,69.41,69.41,503
2024-09-13 14:58:00,69.4,69.4,69.4,69.4,324
2024-09-13 14:59:00,69.36,69.36,69.36,69.36,329
2024-09-13 15:00:00,69.42,69.42,69.42,69.42,122
2024-09-13 15:01:00,69.46,69.46,69.46,69.46,134
2024-09-13 15:06:00,69.39,69.39,69.38,69.38,298
2024-09-13 15:07:00,69.405,69.405,69.38,69.38,306
2024-09-13 15:09:00,69.34,69.34,69.34,69.34,130
2024-09-13 15:13:00,69.3,69.3,69.3,69.3,162
2024-09-13 15:16:00,69.27,69.3585,69.27,69.3585,333
2024-09-13 15:18:00,69.3,69.3,69.3,69.3,126
2024-09-13 15:19:00,69.35,69.35,69.35,69.35,160
2024-09-13 15:20:00,69.3,69.3,69.3,69.3,263
2024-09-13 15:21:00,69.27,69.3,69.27,69.3,418
2024-09-13 15:22:00,69.35,69.36,69.34,69.34,531
2024-09-13 15:32:00,69.34,69.35,69.34,69.35,218
2024-09-13 15:36:00,69.29,69.29,69.29,69.29,101
2024-09-13 15:38:00,69.238,69.29,69.238,69.29,363
2024-09-13 15:42:00,69.37,69.37,69.37,69.37,179
2024-09-13 15:43:00,69.38,69.4,69.38,69.4,370
2024-09-13 15:49:00,69.37,69.37,69.37,69.37,215
2024-09-13 15:58:00,69.46,69.46,69.46,69.46,151
2024-09-13 16:06:00,69.395,69.395,69.395,69.395,109
2024-09-13 16:08:00,69.35,69.35,69.35,69.35,102
2024-09-13 16:13:00,69.4,69.4,69.365,69.365,438
2024-09-13 16:15:00,69.29,69.29,69.29,69.29,112
2024-09-13 16:16:00,69.2601,69.2601,69.2601,69.2601,301
2024-09-13 16:17:00,69.25,69.25,69.25,69.25,120
2024-09-13 16:23:00,69.21,69.36,69.21,69.36,725
2024-09-13 16:27:00,69.27,69.342,69.27,69.342,623
2024-09-13 16:28:00,69.26,69.34,69.26,69.34,547
2024-09-13 16:33:00,69.21,69.21,69.21,69.21,128
2024-09-13 16:34:00,69.24,69.24,69.24,69.24,205
2024-09-13 16:39:00,69.15,69.15,69.15,69.15,100
2024-09-13 16:42:00,69.1,69.1,69.1,69.1,260
2024-09-13 16:45:00,69.1,69.1,69.1,69.1,566
2024-09-13 16:46:00,69.1,69.14,69.1,69.12,810
2024-09-13 16:48:00,69.17,69.18,69.17,69.18,667
2024-09-13 16:49:00,69.18,69.2,69.18,69.2,797
2024-09-13 16:51:00,69.22,69.24,69.22,69.24,252
2024-09-13 16:52:00,69.25,69.25,69.245,69.245,490
2024-09-13 16:58:00,69.255,69.255,69.255,69.255,204
2024-09-13 17:00:00,69.29,69.39,69.29,69.39,4548
2024-09-13 17:04:00,69.315,69.315,69.315,69.315,110
2024-09-13 17:05:00,69.28,69.28,69.28,69.28,250
2024-09-13 17:07:00,69.32,69.32,69.32,69.32,120
2024-09-13 17:10:00,69.345,69.345,69.345,69.345,388
2024-09-13 17:20:00,69.33,69.33,69.33,69.33,100
2024-09-13 17:26:00,69.366,69.366,69.366,69.366,191
2024-09-13 17:29:00,69.36,69.36,69.34,69.355,1504
2024-09-13 17:35:00,69.36,69.36,69.36,69.36,251
2024-09-13 17:53:00,69.37,69.37,69.36,69.36,379
2024-09-13 17:56:00,69.33,69.33,69.33,69.33,105
2024-09-13 17:57:00,69.33,69.33,69.33,69.33,209
2024-09-13 17:58:00,69.35,69.35,69.35,69.35,176
2024-09-13 18:00:00,69.2,69.2,69.15,69.195,376
2024-09-13 18:04:00,69.18,69.18,69.18,69.18,103
2024-09-13 18:05:00,69.25,69.26,69.25,69.26,435
2024-09-13 18:06:00,69.25,69.25,69.25,69.25,108
2024-09-13 18:07:00,69.34,69.34,69.33,69.33,383
2024-09-13 18:10:00,69.32,69.32,69.32,69.32,101
2024-09-13 18:11:00,69.315,69.315,69.315,69.315,172
2024-09-13 18:16:00,69.3355,69.3355,69.3355,69.3355,101
2024-09-13 18:20:00,69.28,69.321,69.28,69.321,876
2024-09-13 18:23:00,69.27,69.27,69.27,69.27,225
2024-09-13 18:24:00,69.27,69.27,69.27,69.27,453
2024-09-13 18:25:00,69.24,69.24,69.24,69.24,268
2024-09-13 18:27:00,69.21,69.21,69.21,69.21,100
2024-09-13 18:30:00,69.195,69.215,69.195,69.215,240
2024-09-13 18:32:00,69.22,69.22,69.22,69.22,126
2024-09-13 18:34:00,69.215,69.215,69.215,69.215,312
2024-09-13 18:35:00,69.26,69.26,69.26,69.26,187
2024-09-13 18:36:00,69.23,69.23,69.23,69.23,136
2024-09-13 18:42:00,69.26,69.26,69.255,69.255,666
2024-09-13 18:45:00,69.25,69.25,69.25,69.25,104
2024-09-13 18:48:00,69.245,69.245,69.245,69.245,245
2024-09-13 18:50:00,69.195,69.22,69.195,69.21,589
2024-09-13 18:57:00,69.205,69.205,69.205,69.205,100
2024-09-13 18:58:00,69.18,69.18,69.18,69.18,108
2024-09-13 19:02:00,69.15,69.15,69.15,69.15,114
2024-09-13 19:10:00,69.16,69.16,69.16,69.16,196
2024-09-13 19:11:00,69.195,69.1985,69.14,69.17,3867
2024-09-13 19:12:00,69.16,69.16,69.16,69.16,312
2024-09-13 19:15:00,69.15,69.15,69.14,69.14,1059
2024-09-13 19:17:00,69.115,69.115,69.11,69.11,731
2024-09-13 19:18:00,69.13,69.14,69.1175,69.1175,1119
2024-09-13 19:20:00,69.13,69.19,69.1175,69.19,1611
2024-09-13 19:22:00,69.21,69.21,69.21,69.21,100
2024-09-13 19:24:00,69.225,69.265,69.225,69.265,505
2024-09-13 19:28:00,69.207,69.27,69.207,69.27,271
2024-09-13 19:30:00,69.27,69.27,69.23,69.23,568
2024-09-13 19:33:00,69.27,69.31,69.27,69.31,445
2024-09-13 19:34:00,69.3,69.3,69.3,69.3,106
2024-09-13 19:36:00,69.305,69.305,69.305,69.305,383
2024-09-13 19:37:00,69.305,69.305,69.305,69.305,335
2024-09-13 19:38:00,69.27,69.27,69.22,69.22,839
2024-09-13 19:40:00,69.23,69.24,69.23,69.24,790
2024-09-13 19:43:00,69.205,69.205,69.205,69.205,104
2024-09-13 19:44:00,69.17,69.17,69.17,69.17,260
2024-09-13 19:45:00,69.17,69.17,69.12,69.145,2875
2024-09-13 19:46:00,69.15,69.15,69.14,69.15,1228
2024-09-13 19:47:00,69.14,69.14,69.065,69.1,3198
2024-09-13 19:48:00,69.11,69.11,69.11,69.11,328
2024-09-13 19:49:00,69.11,69.11,69.11,69.11,115
2024-09-13 19:50:00,69.12,69.12,69.06,69.09,3281
2024-09-13 19:51:00,69.11,69.11,69.09,69.095,1413
2024-09-13 19:52:00,69.08,69.08,69.04,69.07,2518
2024-09-13 19:53:00,69.05,69.06,69.05,69.05,860
2024-09-13 19:54:00,69.02,69.04,69.015,69.03,1245
2024-09-13 19:55:00,69.03,69.04,69.0,69.01,2292
2024-09-13 19:56:00,69.035,69.035,69.035,69.035,296
2024-09-13 19:57:00,69.035,69.04,69.035,69.04,566
2024-09-13 19:58:00,69.035,69.055,69.035,69.055,1127
2024-09-13 19:59:00,69.04,69.06,69.01,69.01,1900
2024-09-16 11:37:00,69.87,69.9,69.87,69.9,200
2024-09-16 13:30:00,69.91,70.01,69.79,69.92,3000
2024-09-16 13:31:00,70.0,70.0,70.0,70.0,274
2024-09-16 13:33:00,69.8,69.8,69.8,69.8,167
2024-09-16 13:35:00,69.8,69.8,69.72,69.72,1086
2024-09-16 13:37:00,69.835,69.835,69.835,69.835,191
2024-09-16 13:47:00,69.68,69.68,69.68,69.68,165
2024-09-16 13:53:00,69.9,69.9,69.9,69.9,320
2024-09-16 13:58:00,69.92,69.94,69.92,69.94,314
2024-09-16 14:03:00,69.69,69.69,69.69,69.69,524
2024-09-16 14:11:00,69.61,69.61,69.61,69.61,244
2024-09-16 14:17:00,69.68,69.68,69.68,69.68,127
2024-09-16 14:20:00,69.65,69.65,69.65,69.65,490
2024-09-16 14:27:00,69.54,69.54,69.51,69.51,963
2024-09-16 14:29:00,69.5,69.5,69.5,69.5,227
2024-09-16 14:30:00,69.4,69.4,69.4,69.4,155
2024-09-16 14:34:00,69.35,69.35,69.3,69.3,529
2024-09-16 14:36:00,69.315,69.315,69.315,69.315,168
2024-09-16 14:40:00,69.29,69.29,69.29,69.29,133
2024-09-16 14:46:00,69.37,69.37,69.37,69.37,124
2024-09-16 14:49:00,69.36,69.36,69.31,69.31,683
2024-09-16 14:50:00,69.41,69.41,69.41,69.41,478
2024-09-16 14:53:00,69.4,69.4,69.4,69.4,127
2024-09-16 14:57:00,69.35,69.35,69.35,69.35,206
2024-09-16 14:58:00,69.4397,69.4397,69.4397,69.4397,135
2024-09-16 15:03:00,69.37,69.37,69.37,69.37,195
2024-09-16 15:07:00,69.335,69.335,69.3269,69.3269,264
2024-09-16 15:08:00,69.4,69.45,69.4,69.45,414
2024-09-16 15:09:00,69.48,69.49,69.46,69.49,653
2024-09-16 15:10:00,69.48,69.48,69.48,69.48,383
2024-09-16 15:11:00,69.48,69.48,69.48,69.48,231
2024-09-16 15:12:00,69.47,69.47,69.47,69.47,401
2024-09-16 15:20:00,69.515,69.515,69.515,69.515,155
2024-09-16 15:23:00,69.4,69.4,69.4,69.4,129
2024-09-16 15:31:00,69.42,69.42,69.36,69.41,889
2024-09-16 15:32:00,69.41,69.41,69.4,69.4,210
2024-09-16 15:33:00,69.32,69.32,69.32,69.32,132
2024-09-16 15:43:00,69.34,69.34,69.34,69.34,174
2024-09-16 15:54:00,69.34,69.34,69.34,69.34,110
2024-09-16 16:02:00,69.34,69.34,69.34,69.34,100
2024-09-16 16:04:00,69.31,69.31,69.31,69.31,141
2024-09-16 16:14:00,69.24,69.24,69.24,69.24,110
2024-09-16 16:20:00,69.37,69.37,69.37,69.37,155
2024-09-16 16:24:00,69.305,69.3905,69.305,69.31,881
2024-09-16 16:25:00,69.31,69.4,69.31,69.4,697
2024-09-16 16:28:00,69.41,69.41,69.41,69.41,450
2024-09-16 16:29:00,69.415,69.415,69.415,69.415,226
2024-09-16 16:44:00,69.31,69.31,69.31,69.31,214
2024-09-16 16:54:00,69.355,69.355,69.355,69.355,106
2024-09-16 16:55:00,69.4,69.4,69.4,69.4,287
2024-09-16 16:57:00,69.45,69.45,69.45,69.45,159
2024-09-16 17:00:00,69.44,69.44,69.44,69.44,100
2024-09-16 17:02:00,69.47,69.47,69.44,69.44,284
2024-09-16 17:03:00,69.47,69.51,69.47,69.51,1365
2024-09-16 17:04:00,69.51,69.51,69.51,69.51,163
2024-09-16 17:07:00,69.49,69.49,69.49,69.49,508
2024-09-16 17:28:00,69.5,69.5,69.5,69.5,306
2024-09-16 17:37:00,69.57,69.57,69.57,69.57,947
2024-09-16 17:38:00,69.63,69.63,69.63,69.63,450
2024-09-16 17:47:00,69.64,69.64,69.64,69.64,689
2024-09-16 17:48:00,69.61,69.64,69.61,69.64,335
2024-09-16 17:51:00,69.64,69.66,69.62,69.66,1135
2024-09-16 17:53:00,69.625,69.625,69.625,69.625,101
2024-09-16 18:04:00,69.67,69.67,69.67,69.67,205
2024-09-16 18:15:00,69.6575,69.6575,69.6575,69.6575,103
2024-09-16 18:25:00,69.64,69.64,69.64,69.64,138
2024-09-16 18:27:00,69.7,69.7,69.7,69.7,111
2024-09-16 18:28:00,69.672,69.672,69.672,69.672,147
2024-09-16 18:29:00,69.67,69.67,69.67,69.67,530
2024-09-16 18:31:00,69.67,69.67,69.67,69.67,117
2024-09-16 18:36:00,69.7,69.7,69.7,69.7,212
2024-09-16 18:42:00,69.63,69.63,69.63,69.63,153
2024-09-16 18:54:00,69.64,69.64,69.64,69.64,100
2024-09-16 18:56:00,69.68,69.68,69.68,69.68,242
2024-09-16 19:01:00,69.67,69.67,69.67,69.67,125
2024-09-16 19:03:00,69.65,69.68,69.65,69.68,444
2024-09-16 19:13:00,69.66,69.684,69.66,69.684,886
2024-09-16 19:18:00,69.67,69.67,69.67,69.67,205
2024-09-16 19:19:00,69.68,69.68,69.66,69.67,1043
2024-09-16 19:21:00,69.715,69.715,69.695,69.695,410
2024-09-16 19:23:00,69.67,69.67,69.67,69.67,156
2024-09-16 19:25:00,69.65,69.65,69.65,69.65,167
2024-09-16 19:28:00,69.66,69.68,69.66,69.68,291
2024-09-16 19:29:00,69.7,69.71,69.7,69.71,502
2024-09-16 19:30:00,69.71,69.71,69.71,69.71,659
2024-09-16 19:33:00,69.72,69.72,69.715,69.715,553
2024-09-16 19:39:00,69.75,69.75,69.75,69.75,340
2024-09-16 19:41:00,69.73,69.73,69.73,69.73,100
2024-09-16 19:44:00,69.73,69.73,69.73,69.73,183
2024-09-16 19:46:00,69.725,69.725,69.725,69.725,196
2024-09-16 19:48:00,69.725,69.725,69.725,69.725,107
2024-09-16 19:52:00,69.67,69.7,69.67,69.7,983
2024-09-16 19:53:00,69.655,69.69,69.655,69.69,1170
2024-09-16 19:54:00,69.67,69.67,69.67,69.67,427
2024-09-16 19:56:00,69.665,69.665,69.665,69.665,717
2024-09-16 19:57:00,69.68,69.7,69.68,69.695,1721
2024-09-16 19:58:00,69.68,69.68,69.68,69.68,642
2024-09-16 19:59:00,69.67,69.7,69.6,69.62,3472
2024-09-17 13:25:00,70.32,70.32,70.31,70.31,600
2024-09-17 13:30:00,69.89,69.92,69.89,69.91,724
2024-09-17 13:35:00,69.84,69.84,69.84,69.84,127
2024-09-17 13:36:00,69.92,69.96,69.92,69.96,213
2024-09-17 13:38:00,69.91,69.91,69.91,69.91,108
2024-09-17 13:43:00,69.95,69.95,69.95,69.95,100
2024-09-17 13:44:00,69.97,69.97,69.97,69.97,102
2024-09-17 13:45:00,69.98,70.01,69.91,69.91,1778
2024-09-17 13:48:00,69.95,69.95,69.95,69.95,258
2024-09-17 13:55:00,69.73,69.79,69.73,69.74,406
2024-09-17 13:56:00,69.74,69.76,69.74,69.76,301
2024-09-17 13:57:00,69.69,69.69,69.69,69.69,285
2024-09-17 14:04:00,69.59,69.59,69.59,69.59,158
2024-09-17 14:13:00,69.9,69.9,69.9,69.9,816
2024-09-17 14:15:00,69.86,69.88,69.86,69.88,511
2024-09-17 14:16:00,69.88,69.88,69.88,69.88,132
2024-09-17 14:21:00,69.83,69.83,69.83,69.83,100
2024-09-17 14:25:00,69.86,69.86,69.86,69.86,103
2024-09-17 14:26:00,69.9,69.9,69.9,69.9,125
2024-09-17 14:27:00,69.89,69.89,69.89,69.89,149
2024-09-17 14:31:00,69.86,69.86,69.86,69.86,220
2024-09-17 14:41:00,69.84,69.84,69.84,69.84,181
2024-09-17 14:42:00,69.86,69.86,69.86,69.86,100
2024-09-17 14:47:00,69.89,69.89,69.89,69.89,167
2024-09-17 14:58:00,69.79,69.79,69.79,69.79,328
2024-09-17 15:02:00,69.765,69.765,69.765,69.765,101
2024-09-17 15:04:00,69.67,69.67,69.67,69.67,200
2024-09-17 15:29:00,69.67,69.67,69.67,69.67,111
2024-09-17 15:30:00,69.66,69.66,69.66,69.66,261
2024-09-17 15:31:00,69.6,69.6,69.6,69.6,288
2024-09-17 15:36:00,69.62,69.62,69.5005,69.5005,1742
2024-09-17 15:40:00,69.54,69.54,69.54,69.54,144
2024-09-17 15:42:00,69.51,69.51,69.51,69.51,153
2024-09-17 15:44:00,69.55,69.55,69.54,69.54,257
2024-09-17 15:46:00,69.5,69.57,69.5,69.57,255
2024-09-17 16:00:00,69.54,69.54,69.54,69.54,200
2024-09-17 16:17:00,69.5,69.5,69.5,69.5,138
2024-09-17 16:19:00,69.44,69.44,69.44,69.44,132
2024-09-17 16:23:00,69.44,69.44,69.42,69.42,1113
2024-09-17 16:25:00,69.47,69.47,69.47,69.47,875
2024-09-17 16:26:00,69.47,69.47,69.47,69.47,100
2024-09-17 16:29:00,69.515,69.515,69.515,69.515,100
2024-09-17 16:42:00,69.44,69.44,69.44,69.44,559
2024-09-17 16:45:00,69.47,69.48,69.47,69.48,789
2024-09-17 16:46:00,69.5,69.5,69.5,69.5,202
2024-09-17 16:48:00,69.405,69.405,69.405,69.405,138
2024-09-17 16:49:00,69.39,69.39,69.315,69.315,700
2024-09-17 16:52:00,69.32,69.32,69.32,69.32,101
2024-09-17 16:53:00,69.32,69.39,69.32,69.39,405
2024-09-17 16:54:00,69.45,69.45,69.45,69.45,100
2024-09-17 16:55:00,69.45,69.45,69.45,69.45,110
2024-09-17 16:56:00,69.45,69.45,69.45,69.45,101
2024-09-17 16:57:00,69.5,69.5,69.5,69.5,240
2024-09-17 16:59:00,69.37,69.38,69.37,69.38,443
2024-09-17 17:00:00,69.42,69.42,69.42,69.42,271
2024-09-17 17:02:00,69.45,69.45,69.45,69.45,173
2024-09-17 17:03:00,69.36,69.36,69.36,69.36,201
2024-09-17 17:05:00,69.31,69.31,69.31,69.31,346
2024-09-17 17:07:00,69.39,69.39,69.39,69.39,232
2024-09-17 17:08:00,69.42,69.42,69.42,69.42,143
2024-09-17 17:09:00,69.42,69.42,69.42,69.42,135
2024-09-17 17:10:00,69.42,69.42,69.42,69.42,103
2024-09-17 17:11:00,69.34,69.34,69.29,69.29,644
2024-09-17 17:12:00,69.28,69.28,69.28,69.28,676
2024-09-17 17:13:00,69.36,69.37,69.36,69.37,335
2024-09-17 17:14:00,69.33,69.33,69.33,69.33,103
2024-09-17 17:15:00,69.41,69.41,69.41,69.41,103
2024-09-17 17:17:00,69.45,69.45,69.45,69.45,106
2024-09-17 17:18:00,69.45,69.45,69.45,69.45,102
2024-09-17 17:19:00,69.47,69.47,69.47,69.47,100
2024-09-17 17:20:00,69.47,69.47,69.47,69.47,236
2024-09-17 17:23:00,69.5,69.5,69.5,69.5,100
2024-09-17 17:31:00,69.52,69.52,69.52,69.52,213
2024-09-17 17:32:00,69.5,69.5,69.5,69.5,242
2024-09-17 17:34:00,69.43,69.43,69.43,69.43,130
2024-09-17 17:40:00,69.41,69.41,69.32,69.32,737
2024-09-17 17:41:00,69.36,69.36,69.36,69.36,101
2024-09-17 17:42:00,69.32,69.32,69.32,69.32,141
2024-09-17 17:43:00,69.26,69.285,69.26,69.285,286
2024-09-17 17:45:00,69.26,69.26,69.26,69.26,121
2024-09-17 17:50:00,69.38,69.38,69.37,69.37,333
2024-09-17 17:52:00,69.42,69.42,69.42,69.42,200
2024-09-17 17:53:00,69.49,69.49,69.49,69.49,102
2024-09-17 17:57:00,69.49,69.49,69.49,69.49,113
2024-09-17 17:59:00,69.48,69.49,69.48,69.49,392
2024-09-17 18:11:00,69.47,69.47,69.47,69.47,103
2024-09-17 18:18:00,69.42,69.42,69.42,69.42,121
2024-09-17 18:21:00,69.49,69.49,69.49,69.49,101
2024-09-17 18:28:00,69.42,69.42,69.42,69.42,359
2024-09-17 18:29:00,69.43,69.445,69.43,69.445,410
2024-09-17 18:33:00,69.505,69.505,69.45,69.46,500
2024-09-17 18:40:00,69.46,69.46,69.46,69.46,100
2024-09-17 18:44:00,69.5,69.5,69.5,69.5,202
2024-09-17 18:47:00,69.46,69.46,69.46,69.46,106
2024-09-17 18:48:00,69.46,69.46,69.46,69.46,291
2024-09-17 18:51:00,69.4,69.4,69.395,69.395,202
2024-09-17 18:54:00,69.4,69.4,69.4,69.4,194
2024-09-17 18:59:00,69.46,69.46,69.46,69.46,116
2024-09-17 19:03:00,69.46,69.46,69.46,69.46,153
2024-09-17 19:05:00,69.39,69.39,69.39,69.39,112
2024-09-17 19:06:00,69.425,69.425,69.425,69.425,202
2024-09-17 19:11:00,69.445,69.445,69.445,69.445,121
2024-09-17 19:14:00,69.48,69.48,69.48,69.48,108
2024-09-17 19:17:00,69.48,69.48,69.48,69.48,110
2024-09-17 19:19:00,69.46,69.47,69.46,69.47,522
2024-09-17 19:20:00,69.47,69.47,69.47,69.47,310
2024-09-17 19:22:00,69.4275,69.44,69.4275,69.44,1142
2024-09-17 19:23:00,69.41,69.41,69.375,69.375,596
2024-09-17 19:24:00,69.4,69.4,69.4,69.4,316
2024-09-17 19:27:00,69.36,69.36,69.36,69.36,334
2024-09-17 19:28:00,69.43,69.43,69.43,69.43,100
2024-09-17 19:31:00,69.4,69.48,69.4,69.48,248
2024-09-17 19:34:00,69.48,69.48,69.48,69.48,440
2024-09-17 19:35:00,69.445,69.445,69.445,69.445,204
2024-09-17 19:37:00,69.48,69.5199,69.47,69.5199,449
2024-09-17 19:38:00,69.465,69.465,69.465,69.465,542
2024-09-17 19:43:00,69.36,69.365,69.36,69.365,408
2024-09-17 19:44:00,69.42,69.42,69.42,69.42,212
2024-09-17 19:47:00,69.42,69.42,69.39,69.39,484
2024-09-17 19:48:00,69.39,69.39,69.39,69.39,137
2024-09-17 19:50:00,69.43,69.43,69.43,69.43,522
2024-09-17 19:53:00,69.46,69.46,69.46,69.46,142
2024-09-17 19:54:00,69.465,69.465,69.465,69.465,507
2024-09-17 19:55:00,69.465,69.52,69.465,69.51,2146
2024-09-17 19:56:00,69.51,69.51,69.51,69.51,617
2024-09-17 19:57:00,69.52,69.52,69.505,69.51,1385
2024-09-17 19:58:00,69.4725,69.485,69.4725,69.485,1028
2024-09-17 19:59:00,69.51,69.6,69.48,69.54,5553
2024-09-18 13:08:00,68.449,68.449,68.449,68.449,100
2024-09-18 13:30:00,69.81,69.81,69.81,69.81,297
2024-09-18 13:31:00,69.62,69.66,69.61,69.66,401
2024-09-18 13:40:00,69.66,69.66,69.66,69.66,100
2024-09-18 13:44:00,69.67,69.67,69.67,69.67,103
2024-09-18 13:45:00,69.58,69.68,69.58,69.67,403
2024-09-18 13:51:00,69.52,69.55,69.52,69.55,941
2024-09-18 13:56:00,69.53,69.53,69.53,69.53,112
2024-09-18 14:01:00,69.56,69.56,69.56,69.56,115
2024-09-18 14:12:00,69.37,69.37,69.37,69.37,245
2024-09-18 14:17:00,69.4,69.4,69.4,69.4,100
2024-09-18 14:22:00,69.23,69.23,69.23,69.23,102
2024-09-18 14:23:00,69.44,69.44,69.44,69.44,100
2024-09-18 14:32:00,69.22,69.22,69.22,69.22,144
2024-09-18 14:34:00,69.2,69.2,69.2,69.2,493
2024-09-18 14:39:00,69.23,69.23,69.23,69.23,109
2024-09-18 14:44:00,69.26,69.26,69.26,69.26,102
2024-09-18 14:45:00,69.3,69.3,69.3,69.3,582
2024-09-18 14:46:00,69.365,69.365,69.365,69.365,169
2024-09-18 14:56:00,69.24,69.24,69.24,69.24,101
2024-09-18 15:04:00,69.325,69.325,69.2972,69.2972,425
2024-09-18 15:06:00,69.35,69.35,69.35,69.35,502
2024-09-18 15:10:00,69.32,69.32,69.32,69.32,240
2024-09-18 15:12:00,69.235,69.235,69.17,69.17,507
2024-09-18 15:14:00,69.17,69.17,69.17,69.17,101
2024-09-18 15:19:00,69.18,69.18,69.18,69.18,120
2024-09-18 15:24:00,69.21,69.21,69.21,69.21,806
2024-09-18 15:25:00,69.205,69.205,69.205,69.205,100
2024-09-18 15:29:00,69.2,69.2,69.2,69.2,149
2024-09-18 15:30:00,69.18,69.2,69.18,69.2,417
2024-09-18 15:35:00,69.185,69.185,69.185,69.185,119
2024-09-18 15:36:00,69.25,69.25,69.25,69.25,339
2024-09-18 15:39:00,69.185,69.185,69.11,69.11,322
2024-09-18 15:42:00,69.165,69.165,69.165,69.165,251
2024-09-18 15:45:00,69.165,69.165,69.165,69.165,114
2024-09-18 15:46:00,69.165,69.165,69.09,69.125,959
2024-09-18 15:49:00,69.02,69.02,69.02,69.02,110
2024-09-18 15:51:00,69.045,69.045,69.045,69.045,341
2024-09-18 15:57:00,69.05,69.05,69.05,69.05,100
2024-09-18 15:59:00,69.01,69.01,69.01,69.01,487
2024-09-18 16:00:00,69.045,69.09,69.045,69.065,1047
2024-09-18 16:03:00,69.06,69.06,69.06,69.06,100
2024-09-18 16:06:00,69.1,69.1,69.1,69.1,407
2024-09-18 16:10:00,69.2,69.2,69.2,69.2,203
2024-09-18 16:13:00,69.225,69.225,69.225,69.225,102
2024-09-18 16:27:00,69.27,69.27,69.27,69.27,100
2024-09-18 16:29:00,69.34,69.34,69.33,69.33,209
2024-09-18 16:30:00,69.25,69.25,69.25,69.25,105
2024-09-18 16:37:00,69.34,69.37,69.32,69.36,781
2024-09-18 17:04:00,69.34,69.44,69.34,69.44,208
2024-09-18 17:14:00,69.38,69.38,69.38,69.38,203
2024-09-18 17:16:00,69.4398,69.4398,69.4398,69.4398,106
2024-09-18 17:17:00,69.428,69.428,69.428,69.428,764
2024-09-18 17:23:00,69.38,69.38,69.38,69.38,306
2024-09-18 17:26:00,69.44,69.53,69.43,69.52,2087
2024-09-18 17:29:00,69.49,69.49,69.49,69.49,105
2024-09-18 17:31:00,69.545,69.545,69.545,69.545,105
2024-09-18 17:35:00,69.64,69.64,69.64,69.64,403
2024-09-18 17:37:00,69.56,69.56,69.535,69.54,1130
2024-09-18 17:39:00,69.54,69.54,69.54,69.54,101
2024-09-18 17:42:00,69.55,69.55,69.55,69.55,295
2024-09-18 17:43:00,69.56,69.56,69.56,69.56,523
2024-09-18 17:44:00,69.57,69.57,69.57,69.57,200
2024-09-18 17:46:00,69.6,69.6,69.6,69.6,250
2024-09-18 17:48:00,69.54,69.54,69.54,69.54,269
2024-09-18 17:52:00,69.52,69.52,69.51,69.51,270
2024-09-18 17:53:00,69.49,69.49,69.49,69.49,382
2024-09-18 17:56:00,69.48,69.48,69.48,69.48,311
2024-09-18 17:58:00,69.45,69.45,69.45,69.45,131
2024-09-18 17:59:00,69.44,69.44,69.44,69.44,119
2024-09-18 18:00:00,69.225,70.01,69.225,70.01,7804
2024-09-18 18:01:00,69.97,70.01,69.905,69.93,20382
2024-09-18 18:02:00,70.01,70.01,69.97,70.01,1201
2024-09-18 18:03:00,70.0,70.01,69.93,69.93,1408
2024-09-18 18:04:00,69.97,69.99,69.97,69.97,960
2024-09-18 18:05:00,69.965,70.08,69.965,70.03,4190
2024-09-18 18:07:00,70.125,70.22,70.125,70.22,582
2024-09-18 18:08:00,70.13,70.145,70.005,70.005,865
2024-09-18 18:12:00,69.72,69.72,69.62,69.62,413
2024-09-18 18:13:00,69.8,69.8,69.8,69.8,251
2024-09-18 18:14:00,70.01,70.01,70.01,70.01,454
2024-09-18 18:15:00,69.99,69.99,69.99,69.99,184
2024-09-18 18:18:00,70.2,70.2,70.2,70.2,226
2024-09-18 18:20:00,70.26,70.28,70.25,70.27,1014
2024-09-18 18:21:00,70.28,70.28,70.14,70.14,456
2024-09-18 18:22:00,70.07,70.07,70.07,70.07,148
2024-09-18 18:25:00,70.28,70.31,70.235,70.235,417
2024-09-18 18:27:00,70.16,70.28,70.08,70.28,589
2024-09-18 18:28:00,70.33,70.33,70.33,70.33,336
2024-09-18 18:29:00,70.34,70.34,70.34,70.34,109
2024-09-18 18:31:00,70.38,70.51,70.38,70.45,1253
2024-09-18 18:32:00,70.445,70.445,70.44,70.44,400
2024-09-18 18:35:00,70.45,70.45,70.4,70.4,687
2024-09-18 18:38:00,70.325,70.44,70.325,70.44,286
2024-09-18 18:41:00,70.29,70.335,70.28,70.28,1162
2024-09-18 18:42:00,70.26,70.26,70.24,70.24,780
2024-09-18 18:43:00,70.11,70.11,70.11,70.11,195
2024-09-18 18:44:00,70.04,70.04,70.04,70.04,106
2024-09-18 18:46:00,69.94,70.03,69.925,69.925,633
2024-09-18 18:47:00,70.01,70.02,70.01,70.02,249
2024-09-18 18:48:00,69.845,69.845,69.845,69.845,172
2024-09-18 18:49:00,69.95,69.95,69.94,69.94,261
2024-09-18 18:51:00,69.94,69.94,69.94,69.94,106
2024-09-18 18:52:00,69.97,69.98,69.935,69.98,615
2024-09-18 18:58:00,70.04,70.04,69.9,69.91,822
2024-09-18 18:59:00,69.75,69.75,69.61,69.69,1087
2024-09-18 19:00:00,69.69,69.69,69.69,69.69,283
2024-09-18 19:02:00,69.575,69.575,69.575,69.575,674
2024-09-18 19:05:00,69.56,69.56,69.56,69.56,258
2024-09-18 19:12:00,69.58,69.58,69.58,69.58,185
2024-09-18 19:14:00,69.785,69.785,69.785,69.785,112
2024-09-18 19:16:00,69.65,69.695,69.65,69.695,555
2024-09-18 19:18:00,69.63,69.63,69.63,69.63,259
2024-09-18 19:20:00,69.68,69.71,69.68,69.71,464
2024-09-18 19:21:00,69.335,69.35,69.335,69.35,257
2024-09-18 19:23:00,69.36,69.41,69.36,69.41,529
2024-09-18 19:24:00,69.51,69.51,69.5,69.5,222
2024-09-18 19:25:00,69.51,69.57,69.51,69.57,325
2024-09-18 19:26:00,69.63,69.633,69.63,69.633,328
2024-09-18 19:27:00,69.72,69.72,69.72,69.72,298
2024-09-18 19:28:00,69.86,69.86,69.825,69.825,350
2024-09-18 19:29:00,69.73,69.73,69.73,69.73,1926
2024-09-18 19:30:00,69.81,69.81,69.81,69.81,101
2024-09-18 19:31:00,69.73,69.81,69.73,69.81,1257
2024-09-18 19:32:00,69.71,69.71,69.71,69.71,512
2024-09-18 19:38:00,69.55,69.58,69.525,69.535,1236
2024-09-18 19:39:00,69.49,69.49,69.49,69.49,516
2024-09-18 19:40:00,69.411,69.411,69.411,69.411,110
2024-09-18 19:41:00,69.48,69.48,69.4725,69.4725,343
2024-09-18 19:42:00,69.42,69.42,69.42,69.42,107
2024-09-18 19:43:00,69.35,69.35,69.35,69.35,270
2024-09-18 19:45:00,69.31,69.31,69.31,69.31,119
2024-09-18 19:46:00,69.23,69.23,69.23,69.23,158
2024-09-18 19:47:00,69.22,69.22,69.22,69.22,105
2024-09-18 19:48:00,69.12,69.12,69.12,69.12,161
2024-09-18 19:49:00,69.16,69.16,69.15,69.15,225
2024-09-18 19:50:00,69.14,69.24,69.13,69.23,2110
2024-09-18 19:51:00,69.28,69.28,69.28,69.28,327
2024-09-18 19:52:00,69.191,69.191,69.18,69.18,823
2024-09-18 19:53:00,69.22,69.22,69.22,69.22,855
2024-09-18 19:56:00,69.145,69.18,69.145,69.18,824
2024-09-18 19:58:00,69.18,69.18,69.18,69.18,750
2024-09-18 19:59:00,69.16,69.16,69.04,69.05,6156
2024-09-19 13:30:00,70.41,70.41,70.41,70.41,532
2024-09-19 13:31:00,70.4176,70.4176,70.4176,70.4176,103
2024-09-19 13:32:00,70.41,70.41,70.41,70.41,406
2024-09-19 13:33:00,70.45,70.45,70.45,70.45,100
2024-09-19 13:34:00,70.23,70.26,70.23,70.26,228
2024-09-19 13:39:00,70.16,70.16,70.15,70.15,261
2024-09-19 13:40:00,70.19,70.19,70.15,70.15,1175
2024-09-19 13:43:00,69.98,69.98,69.98,69.98,308
2024-09-19 13:44:00,69.92,69.92,69.9,69.9,507
2024-09-19 13:45:00,69.91,69.91,69.91,69.91,108
2024-09-19 13:46:00,69.9,69.91,69.9,69.9,621
2024-09-19 13:47:00,69.91,69.91,69.91,69.91,126
2024-09-19 13:48:00,69.93,69.93,69.93,69.93,131
2024-09-19 13:49:00,69.945,69.945,69.9,69.9,467
2024-09-19 13:50:00,69.9,69.9,69.75,69.75,913
2024-09-19 13:51:00,69.79,69.79,69.79,69.79,132
2024-09-19 13:52:00,69.79,69.79,69.79,69.79,412
2024-09-19 13:53:00,69.79,69.79,69.79,69.79,253
2024-09-19 13:54:00,69.75,69.75,69.75,69.75,104
2024-09-19 13:55:00,69.885,69.885,69.885,69.885,199
2024-09-19 13:57:00,69.83,69.83,69.83,69.83,112
2024-09-19 13:59:00,69.98,69.98,69.98,69.98,122
2024-09-19 14:00:00,69.98,70.0,69.98,70.0,304
2024-09-19 14:02:00,70.12,70.12,70.12,70.12,147
2024-09-19 14:04:00,70.04,70.04,70.04,70.04,310
2024-09-19 14:05:00,70.17,70.17,70.17,70.17,128
2024-09-19 14:07:00,70.045,70.045,70.045,70.045,122
2024-09-19 14:08:00,70.09,70.09,70.09,70.09,177
2024-09-19 14:09:00,69.96,69.96,69.84,69.84,490
2024-09-19 14:13:00,70.08,70.08,70.08,70.08,142
2024-09-19 14:16:00,70.06,70.06,70.06,70.06,114
2024-09-19 14:17:00,69.945,69.945,69.945,69.945,119
2024-09-19 14:19:00,70.11,70.11,70.11,70.11,114
2024-09-19 14:22:00,70.15,70.15,70.15,70.15,150
2024-09-19 14:24:00,70.005,70.005,70.005,70.005,101
2024-09-19 14:25:00,70.15,70.15,70.15,70.15,299
2024-09-19 14:28:00,70.24,70.24,70.17,70.17,376
2024-09-19 14:29:00,70.135,70.135,70.135,70.135,105
2024-09-19 14:31:00,70.1,70.1,70.1,70.1,116
2024-09-19 14:32:00,70.09,70.09,70.09,70.09,213
2024-09-19 14:40:00,70.37,70.37,70.37,70.37,407
2024-09-19 14:41:00,70.15,70.15,70.15,70.15,216
2024-09-19 14:45:00,70.07,70.07,70.07,70.07,284
2024-09-19 14:47:00,69.96,69.96,69.96,69.96,101
2024-09-19 14:48:00,69.95,69.95,69.95,69.95,226
2024-09-19 14:51:00,70.06,70.09,70.05,70.05,1056
2024-09-19 14:52:00,70.06,70.06,70.05,70.06,561
2024-09-19 14:53:00,69.96,69.96,69.96,69.96,260
2024-09-19 14:55:00,70.02,70.02,70.02,70.02,198
2024-09-19 14:57:00,70.18,70.18,70.18,70.18,100
2024-09-19 15:00:00,70.18,70.18,70.18,70.18,101
2024-09-19 15:02:00,70.09,70.09,70.09,70.09,108
2024-09-19 15:03:00,70.3,70.3,70.3,70.3,107
2024-09-19 15:06:00,70.35,70.35,70.35,70.35,103
2024-09-19 15:08:00,70.1,70.1,70.09,70.09,539
2024-09-19 15:12:00,70.07,70.07,70.07,70.07,102
2024-09-19 15:15:00,70.29,70.29,70.14,70.145,652
2024-09-19 15:18:00,70.34,70.34,70.34,70.34,107
2024-09-19 15:20:00,70.265,70.265,70.265,70.265,146
2024-09-19 15:21:00,70.34,70.34,70.34,70.34,104
2024-09-19 15:23:00,70.34,70.34,70.34,70.34,101
2024-09-19 15:26:00,70.34,70.34,70.34,70.34,128
2024-09-19 15:27:00,70.34,70.36,70.34,70.36,287
2024-09-19 15:29:00,70.32,70.32,70.31,70.31,206
2024-09-19 15:34:00,70.375,70.375,70.34,70.34,206
2024-09-19 15:36:00,70.34,70.34,70.32,70.32,532
2024-09-19 15:38:00,70.34,70.34,70.33,70.33,208
2024-09-19 15:39:00,70.34,70.36,70.34,70.36,402
2024-09-19 15:42:00,70.46,70.46,70.46,70.46,128
2024-09-19 15:44:00,70.46,70.46,70.46,70.46,100
2024-09-19 15:46:00,70.39,70.41,70.38,70.41,509
2024-09-19 15:47:00,70.415,70.415,70.415,70.415,100
2024-09-19 15:49:00,70.39,70.39,70.39,70.39,105
2024-09-19 15:50:00,70.46,70.46,70.46,70.46,365
2024-09-19 15:54:00,70.41,70.41,70.41,70.41,127
2024-09-19 15:56:00,70.26,70.26,70.26,70.26,229
2024-09-19 16:04:00,70.37,70.37,70.37,70.37,246
2024-09-19 16:06:00,70.36,70.36,70.36,70.36,100
2024-09-19 16:07:00,70.41,70.41,70.41,70.41,237
2024-09-19 16:10:00,70.4,70.4,70.4,70.4,106
2024-09-19 16:11:00,70.42,70.42,70.42,70.42,398
2024-09-19 16:20:00,70.46,70.46,70.46,70.46,104
2024-09-19 16:21:00,70.43,70.43,70.43,70.43,231
2024-09-19 16:22:00,70.47,70.47,70.47,70.47,104
2024-09-19 16:24:00,70.42,70.42,70.42,70.42,323
2024-09-19 16:25:00,70.35,70.35,70.35,70.35,106
2024-09-19 16:33:00,70.38,70.38,70.38,70.38,176
2024-09-19 16:36:00,70.38,70.38,70.38,70.38,101
2024-09-19 16:41:00,70.39,70.39,70.39,70.39,586
2024-09-19 16:44:00,70.34,70.34,70.3,70.3,307
2024-09-19 16:47:00,70.37,70.37,70.37,70.37,100
2024-09-19 16:55:00,70.37,70.37,70.37,70.37,220
2024-09-19 16:57:00,70.41,70.41,70.33,70.33,265
2024-09-19 17:03:00,70.45,70.45,70.45,70.45,207
2024-09-19 17:10:00,70.35,70.35,70.35,70.35,385
2024-09-19 17:12:00,70.37,70.37,70.37,70.37,110
2024-09-19 17:13:00,70.37,70.37,70.37,70.37,339
2024-09-19 17:16:00,70.4,70.4,70.4,70.4,101
2024-09-19 17:17:00,70.4,70.43,70.4,70.43,462
2024-09-19 17:18:00,70.4,70.4,70.39,70.39,303
2024-09-19 17:22:00,70.32,70.32,70.32,70.32,273
2024-09-19 17:31:00,70.27,70.27,70.27,70.27,100
2024-09-19 17:37:00,70.34,70.34,70.34,70.34,326
2024-09-19 17:41:00,70.32,70.32,70.32,70.32,100
2024-09-19 17:45:00,70.37,70.37,70.37,70.37,101
2024-09-19 17:46:00,70.4,70.4,70.375,70.375,200
2024-09-19 17:48:00,70.41,70.42,70.41,70.42,353
2024-09-19 17:51:00,70.4624,70.4624,70.41,70.44,661
2024-09-19 17:52:00,70.44,70.44,70.435,70.435,204
2024-09-19 17:53:00,70.42,70.43,70.42,70.43,501
2024-09-19 17:56:00,70.44,70.44,70.39,70.43,1719
2024-09-19 17:57:00,70.42,70.42,70.41,70.41,374
2024-09-19 17:59:00,70.42,70.42,70.42,70.42,101
2024-09-19 18:00:00,70.41,70.41,70.41,70.41,437
2024-09-19 18:01:00,70.42,70.43,70.42,70.42,665
2024-09-19 18:02:00,70.41,70.41,70.41,70.41,123
2024-09-19 18:03:00,70.41,70.41,70.36,70.39,302
2024-09-19 18:07:00,70.3,70.3,70.3,70.3,169
2024-09-19 18:13:00,70.2,70.2,70.2,70.2,101
2024-09-19 18:15:00,70.18,70.18,70.14,70.14,469
2024-09-19 18:17:00,70.13,70.13,70.125,70.125,241
2024-09-19 18:21:00,70.09,70.09,70.09,70.09,201
2024-09-19 18:28:00,70.18,70.18,70.18,70.18,271
2024-09-19 18:31:00,70.09,70.09,70.09,70.09,117
2024-09-19 18:32:00,70.18,70.22,70.18,70.22,897
2024-09-19 18:33:00,70.22,70.29,70.22,70.28,1384
2024-09-19 18:34:00,70.27,70.27,70.27,70.27,305
2024-09-19 18:39:00,70.285,70.285,70.285,70.285,206
2024-09-19 18:48:00,70.21,70.21,70.21,70.21,224
2024-09-19 18:54:00,70.2,70.2,70.2,70.2,254
2024-09-19 18:59:00,70.24,70.24,70.24,70.24,845
2024-09-19 19:01:00,70.29,70.29,70.28,70.29,466
2024-09-19 19:02:00,70.26,70.26,70.26,70.26,226
2024-09-19 19:03:00,70.26,70.26,70.26,70.26,103
2024-09-19 19:09:00,70.24,70.24,70.22,70.22,455
2024-09-19 19:13:00,70.26,70.26,70.26,70.26,118
2024-09-19 19:14:00,70.26,70.26,70.26,70.26,299
2024-09-19 19:15:00,70.235,70.235,70.235,70.235,208
2024-09-19 19:19:00,70.19,70.19,70.19,70.19,263
2024-09-19 19:20:00,70.2,70.2,70.14,70.14,286
2024-09-19 19:22:00,70.17,70.19,70.16,70.19,605
2024-09-19 19:25:00,70.18,70.18,70.18,70.18,128
2024-09-19 19:26:00,70.14,70.14,70.14,70.14,109
2024-09-19 19:29:00,70.18,70.18,70.18,70.18,431
2024-09-19 19:32:00,70.1,70.1,70.1,70.1,120
2024-09-19 19:36:00,70.18,70.2,70.18,70.2,447
2024-09-19 19:37:00,70.18,70.18,70.14,70.18,343
2024-09-19 19:38:00,70.18,70.18,70.18,70.18,406
2024-09-19 19:39:00,70.2,70.2,70.2,70.2,149
2024-09-19 19:45:00,70.15,70.15,70.15,70.15,199
2024-09-19 19:46:00,70.19,70.19,70.19,70.19,121
2024-09-19 19:50:00,70.2,70.2,70.19,70.19,611
2024-09-19 19:51:00,70.23,70.23,70.21,70.21,1075
2024-09-19 19:52:00,70.245,70.245,70.245,70.245,123
2024-09-19 19:53:00,70.2,70.2,70.2,70.2,283
2024-09-19 19:54:00,70.25,70.25,70.25,70.25,165
2024-09-19 19:55:00,70.22,70.22,70.22,70.22,125
2024-09-19 19:56:00,70.27,70.27,70.27,70.27,311
2024-09-19 19:57:00,70.25,70.25,70.25,70.25,452
2024-09-19 19:58:00,70.24,70.28,70.24,70.24,1418
2024-09-19 19:59:00,70.265,70.3,70.26,70.26,1907
2024-09-19 20:09:00,68.9533,68.9533,68.9533,68.9533,212
2024-09-20 13:30:00,69.78,69.78,69.78,69.78,465
2024-09-20 13:33:00,69.64,69.64,69.64,69.64,154
2024-09-20 13:44:00,69.53,69.65,69.53,69.65,339
2024-09-20 13:45:00,69.51,69.51,69.51,69.51,391
2024-09-20 13:46:00,69.5,69.5,69.5,69.5,208
2024-09-20 13:57:00,69.25,69.25,69.25,69.25,112
2024-09-20 14:11:00,69.245,69.245,69.245,69.245,243
2024-09-20 14:13:00,69.2,69.28,69.19,69.19,1730
2024-09-20 14:14:00,69.25,69.26,69.23,69.25,795
2024-09-20 14:15:00,69.14,69.14,69.14,69.14,369
2024-09-20 14:17:00,69.18,69.18,69.18,69.18,113
2024-09-20 14:18:00,69.19,69.19,69.19,69.19,200
2024-09-20 14:27:00,69.08,69.08,69.08,69.08,200
2024-09-20 14:36:00,69.09,69.18,69.09,69.14,633
2024-09-20 14:38:00,69.19,69.245,69.18,69.23,711
2024-09-20 14:41:00,69.24,69.24,69.24,69.24,205
2024-09-20 14:47:00,69.16,69.16,69.16,69.16,100
2024-09-20 14:59:00,69.01,69.02,69.01,69.02,829
2024-09-20 15:02:00,69.01,69.01,68.99,68.99,319
2024-09-20 15:03:00,69.03,69.03,69.03,69.03,261
2024-09-20 15:13:00,68.88,68.88,68.88,68.88,119
2024-09-20 15:14:00,68.93,68.93,68.93,68.93,116
2024-09-20 15:20:00,68.948,68.948,68.915,68.915,621
2024-09-20 15:22:00,69.01,69.02,68.94,69.0,1088
2024-09-20 15:23:00,68.91,68.91,68.91,68.91,370
2024-09-20 15:25:00,68.9638,68.9638,68.93,68.93,2403
2024-09-20 15:26:00,68.91,68.925,68.91,68.91,352
2024-09-20 15:27:00,68.91,68.91,68.91,68.91,110
2024-09-20 15:30:00,68.91,68.91,68.91,68.91,1237
2024-09-20 15:31:00,68.87,68.87,68.87,68.87,389
2024-09-20 15:32:00,68.82,68.82,68.79,68.79,311
2024-09-20 15:34:00,68.9,69.01,68.87,69.01,1662
2024-09-20 15:35:00,68.98,69.01,68.98,69.01,542
2024-09-20 15:44:00,69.21,69.21,69.21,69.21,100
2024-09-20 15:49:00,69.325,69.325,69.325,69.325,267
2024-09-20 15:51:00,69.29,69.29,69.29,69.29,106
2024-09-20 15:55:00,69.4299,69.4299,69.34,69.34,247
2024-09-20 15:58:00,69.3,69.3,69.28,69.28,497
2024-09-20 16:01:00,69.165,69.165,69.165,69.165,129
2024-09-20 16:02:00,69.21,69.21,69.21,69.21,637
2024-09-20 16:03:00,69.26,69.27,69.25,69.27,890
2024-09-20 16:04:00,69.27,69.27,69.26,69.27,432
2024-09-20 16:05:00,69.28,69.28,69.28,69.28,227
2024-09-20 16:09:00,69.39,69.44,69.39,69.44,478
2024-09-20 16:13:00,69.435,69.435,69.435,69.435,100
2024-09-20 16:17:00,69.37,69.38,69.37,69.38,444
2024-09-20 16:21:00,69.41,69.41,69.41,69.41,224
2024-09-20 16:24:00,69.49,69.49,69.49,69.49,200
2024-09-20 16:33:00,69.45,69.46,69.4302,69.4302,790
2024-09-20 16:34:00,69.405,69.405,69.405,69.405,100
2024-09-20 16:37:00,69.46,69.46,69.46,69.46,442
2024-09-20 16:39:00,69.455,69.47,69.455,69.47,422
2024-09-20 16:41:00,69.44,69.46,69.44,69.45,529
2024-09-20 16:43:00,69.48,69.48,69.48,69.48,302
2024-09-20 16:49:00,69.495,69.495,69.495,69.495,101
2024-09-20 16:58:00,69.52,69.52,69.52,69.52,599
2024-09-20 17:02:00,69.43,69.43,69.4,69.4,633
2024-09-20 17:03:00,69.44,69.48,69.43,69.48,890
2024-09-20 17:06:00,69.4,69.4,69.4,69.4,101
2024-09-20 17:11:00,69.38,69.38,69.38,69.38,415
2024-09-20 17:12:00,69.38,69.39,69.38,69.39,562
2024-09-20 17:13:00,69.39,69.39,69.37,69.37,524
2024-09-20 17:14:00,69.39,69.395,69.39,69.395,424
2024-09-20 17:15:00,69.39,69.39,69.38,69.38,282
2024-09-20 17:18:00,69.35,69.35,69.35,69.35,125
2024-09-20 17:19:00,69.335,69.335,69.335,69.335,100
2024-09-20 17:22:00,69.33,69.33,69.33,69.33,483
2024-09-20 17:23:00,69.31,69.31,69.31,69.31,689
2024-09-20 17:24:00,69.3,69.3,69.3,69.3,206
2024-09-20 17:26:00,69.292676,69.292676,69.292676,69.292676,196
2024-09-20 17:27:00,69.23,69.23,69.23,69.23,171
2024-09-20 17:33:00,69.32,69.32,69.32,69.32,109
2024-09-20 17:42:00,69.18,69.23,69.18,69.18,529
2024-09-20 17:45:00,69.2,69.24,69.2,69.22,613
2024-09-20 17:46:00,69.23,69.24,69.2209,69.24,995
2024-09-20 17:47:00,69.24,69.28,69.24,69.26,928
2024-09-20 17:48:00,69.28,69.28,69.24,69.26,579
2024-09-20 17:50:00,69.26,69.26,69.26,69.26,110
2024-09-20 17:53:00,69.26,69.26,69.24,69.24,360
2024-09-20 17:55:00,69.26,69.26,69.26,69.26,131
2024-09-20 17:58:00,69.25,69.25,69.24,69.25,308
2024-09-20 17:59:00,69.255,69.255,69.225,69.225,200
2024-09-20 18:03:00,69.18,69.18,69.18,69.18,319
2024-09-20 18:05:00,68.96,68.96,68.96,68.96,103
2024-09-20 18:23:00,69.075,69.075,69.075,69.075,194
2024-09-20 18:28:00,69.01,69.01,69.0,69.0,269
2024-09-20 18:29:00,68.94,68.94,68.94,68.94,134
2024-09-20 18:31:00,69.0,69.01,68.99,69.01,1258
2024-09-20 18:32:00,69.055,69.065578,69.01,69.01,1321
2024-09-20 18:33:00,69.05,69.05,69.05,69.05,143
2024-09-20 18:50:00,69.095,69.095,69.095,69.095,357
2024-09-20 18:51:00,69.14,69.15,69.14,69.15,539
2024-09-20 18:52:00,69.15,69.17,69.15,69.17,218
2024-09-20 18:53:00,69.19,69.19,69.19,69.19,125
2024-09-20 18:54:00,69.22,69.25,69.22,69.25,507
2024-09-20 19:04:00,69.23,69.23,69.23,69.23,391
2024-09-20 19:06:00,69.2174,69.2174,69.2174,69.2174,1943
2024-09-20 19:08:00,69.18,69.18,69.18,69.18,461
2024-09-20 19:12:00,69.19,69.19,69.19,69.19,276
2024-09-20 19:13:00,69.18,69.18,69.15,69.15,487
2024-09-20 19:14:00,69.19,69.19,69.18,69.18,869
2024-09-20 19:15:00,69.23,69.23,69.23,69.23,118
2024-09-20 19:16:00,69.2,69.2,69.2,69.2,104
2024-09-20 19:18:00,69.23,69.24,69.21,69.24,883
2024-09-20 19:21:00,69.3299,69.3299,69.3299,69.3299,151
2024-09-20 19:27:00,69.285,69.285,69.285,69.285,401
2024-09-20 19:30:00,69.29,69.29,69.24,69.24,589
2024-09-20 19:31:00,69.24,69.255,69.24,69.255,413
2024-09-20 19:32:00,69.27,69.27,69.27,69.27,109
2024-09-20 19:34:00,69.27,69.27,69.27,69.27,100
2024-09-20 19:36:00,69.25,69.25,69.24,69.25,606
2024-09-20 19:37:00,69.27,69.28,69.27,69.28,401
2024-09-20 19:38:00,69.28,69.32,69.28,69.32,2283
2024-09-20 19:39:00,69.31,69.31,69.26,69.26,1011
2024-09-20 19:43:00,69.29,69.29,69.29,69.29,112
2024-09-20 19:45:00,69.25,69.26,69.2,69.245,3293
2024-09-20 19:46:00,69.21,69.21,69.19,69.19,932
2024-09-20 19:47:00,69.19,69.19,69.19,69.19,158
2024-09-20 19:48:00,69.16,69.16,69.16,69.16,1107
2024-09-20 19:50:00,69.18,69.2,69.1519,69.1519,2550
2024-09-20 19:51:00,69.2,69.2,69.2,69.2,147
2024-09-20 19:52:00,69.175,69.175,69.175,69.175,102
2024-09-20 19:53:00,69.22,69.22,69.22,69.22,110
2024-09-20 19:54:00,69.18,69.2,69.17,69.17,2267
2024-09-20 19:56:00,69.1301,69.1301,69.11,69.11,880
2024-09-20 19:58:00,69.15,69.15,69.13,69.13,674
2024-09-20 19:59:00,69.12,69.15,69.11,69.13,2760
2024-09-23 13:29:00,70.48,70.48,70.48,70.48,200
2024-09-23 13:30:00,70.37,70.43,70.26,70.43,4502
2024-09-23 13:31:00,70.25,70.25,70.25,70.25,101
2024-09-23 13:33:00,70.38,70.38,70.38,70.38,137
2024-09-23 13:34:00,70.5,70.5,70.5,70.5,100
2024-09-23 13:35:00,70.56,70.56,70.56,70.56,100
2024-09-23 13:37:00,70.56,70.56,70.56,70.56,102
2024-09-23 13:39:00,70.56,70.56,70.56,70.56,155
2024-09-23 13:40:00,70.56,70.56,70.56,70.56,153
2024-09-23 13:42:00,70.56,70.56,70.56,70.56,204
2024-09-23 13:43:00,70.52,70.56,70.44,70.44,1647
2024-09-23 13:44:00,70.56,70.56,70.56,70.56,197
2024-09-23 13:45:00,70.38,70.48,70.335,70.335,1399
2024-09-23 13:48:00,70.46,70.54,70.335,70.335,638
2024-09-23 13:50:00,70.53,70.53,70.53,70.53,438
2024-09-23 13:51:00,70.53,70.53,70.52,70.53,678
2024-09-23 13:52:00,70.53,70.53,70.47,70.47,263
2024-09-23 13:54:00,70.53,70.53,70.53,70.53,121
2024-09-23 13:56:00,70.44,70.53,70.44,70.53,362
2024-09-23 13:57:00,70.5,70.555,70.5,70.51,1508
2024-09-23 13:58:00,70.57,70.57,70.57,70.57,251
2024-09-23 13:59:00,70.565,70.565,70.565,70.565,142
2024-09-23 14:00:00,70.62,70.62,70.52,70.52,459
2024-09-23 14:04:00,70.58,70.58,70.58,70.58,140
2024-09-23 14:06:00,70.58,70.58,70.58,70.58,146
2024-09-23 14:07:00,70.54,70.54,70.54,70.54,347
2024-09-23 14:08:00,70.58,70.58,70.5,70.5,235
2024-09-23 14:10:00,70.59,70.59,70.59,70.59,255
2024-09-23 14:12:00,70.7,70.7,70.7,70.7,111
2024-09-23 14:14:00,70.69,70.69,70.69,70.69,120
2024-09-23 14:16:00,70.65,70.65,70.61,70.61,715
2024-09-23 14:17:00,70.61,70.61,70.61,70.61,118
2024-09-23 14:20:00,70.57,70.645,70.57,70.645,274
2024-09-23 14:22:00,70.74,70.74,70.74,70.74,113
2024-09-23 14:24:00,70.82,70.82,70.82,70.82,100
2024-09-23 14:26:00,70.82,70.82,70.82,70.82,100
2024-09-23 14:29:00,70.82,70.82,70.65,70.65,201
2024-09-23 14:30:00,70.73,70.82,70.73,70.82,2031
2024-09-23 14:31:00,70.64,70.715,70.64,70.715,304
2024-09-23 14:33:00,70.64,70.72,70.63,70.63,435
2024-09-23 14:36:00,70.655,70.67,70.655,70.67,744
2024-09-23 14:37:00,70.665,70.665,70.665,70.665,198
2024-09-23 14:38:00,70.62,70.635,70.59,70.59,411
2024-09-23 14:39:00,70.58,70.58,70.58,70.58,268
2024-09-23 14:41:00,70.6,70.6,70.6,70.6,105
2024-09-23 14:42:00,70.52,70.52,70.52,70.52,130
2024-09-23 14:44:00,70.645,70.645,70.645,70.645,117
2024-09-23 14:47:00,70.64,70.655,70.64,70.645,749
2024-09-23 14:49:00,70.645,70.645,70.58,70.58,200
2024-09-23 14:50:00,70.615,70.615,70.615,70.615,103
2024-09-23 14:53:00,70.58,70.58,70.58,70.58,188
2024-09-23 14:55:00,70.635,70.68,70.635,70.68,650
2024-09-23 14:56:00,70.685,70.685,70.685,70.685,206
2024-09-23 14:57:00,70.68,70.68,70.68,70.68,120
2024-09-23 14:58:00,70.72,70.72,70.72,70.72,364
2024-09-23 15:01:00,70.755,70.755,70.7,70.7,605
2024-09-23 15:04:00,70.57,70.72,70.57,70.655,696
2024-09-23 15:16:00,70.56,70.56,70.56,70.56,150
2024-09-23 15:19:00,70.48,70.53,70.48,70.53,310
2024-09-23 15:21:00,70.56,70.56,70.56,70.56,140
2024-09-23 15:27:00,70.6,70.6,70.6,70.6,105
2024-09-23 15:33:00,70.59,70.59,70.59,70.59,100
2024-09-23 15:40:00,70.61,70.61,70.61,70.61,375
2024-09-23 15:45:00,70.63,70.66,70.63,70.66,1031
2024-09-23 15:46:00,70.67,70.735,70.67,70.73,1020
2024-09-23 15:51:00,70.8,70.8,70.77,70.77,218
2024-09-23 15:55:00,70.7,70.715,70.7,70.715,748
2024-09-23 15:58:00,70.695,70.695,70.695,70.695,109
2024-09-23 16:00:00,70.62,70.63,70.62,70.63,213
2024-09-23 16:02:00,70.63,70.63,70.63,70.63,100
2024-09-23 16:04:00,70.63,70.65,70.63,70.65,281
2024-09-23 16:10:00,70.54,70.54,70.47,70.47,908
2024-09-23 16:12:00,70.44,70.51,70.44,70.51,2488
2024-09-23 16:16:00,70.476,70.476,70.476,70.476,250
2024-09-23 16:17:00,70.435,70.435,70.435,70.435,137
2024-09-23 16:23:00,70.5,70.52,70.5,70.52,475
2024-09-23 16:28:00,70.53,70.53,70.53,70.53,105
2024-09-23 16:29:00,70.495,70.495,70.495,70.495,161
2024-09-23 16:31:00,70.52,70.52,70.48,70.48,509
2024-09-23 16:32:00,70.48,70.53,70.48,70.53,911
2024-09-23 16:35:00,70.57,70.57,70.57,70.57,163
2024-09-23 16:45:00,70.53,70.53,70.53,70.53,331
2024-09-23 16:48:00,70.535,70.55,70.535,70.55,384
2024-09-23 16:49:00,70.57,70.57,70.57,70.57,236
2024-09-23 16:51:00,70.61,70.61,70.61,70.61,110
2024-09-23 17:00:00,70.605,70.605,70.605,70.605,329
2024-09-23 17:01:00,70.585,70.585,70.57,70.57,233
2024-09-23 17:02:00,70.55,70.55,70.55,70.55,104
2024-09-23 17:04:00,70.59,70.59,70.59,70.59,102
2024-09-23 17:05:00,70.575,70.575,70.575,70.575,100
2024-09-23 17:06:00,70.595,70.595,70.595,70.595,126
2024-09-23 17:10:00,70.61,70.62,70.61,70.62,403
2024-09-23 17:15:00,70.66,70.66,70.66,70.66,103
2024-09-23 17:21:00,70.625,70.625,70.625,70.625,162
2024-09-23 17:22:00,70.64,70.64,70.64,70.64,123
2024-09-23 17:26:00,70.65,70.698,70.65,70.698,306
2024-09-23 17:30:00,70.71,70.71,70.71,70.71,109
2024-09-23 17:32:00,70.69,70.69,70.69,70.69,165
2024-09-23 17:34:00,70.728,70.728,70.728,70.728,382
2024-09-23 17:37:00,70.68,70.68,70.68,70.68,126
2024-09-23 17:39:00,70.625,70.625,70.625,70.625,100
2024-09-23 17:42:00,70.72,70.72,70.72,70.72,113
2024-09-23 17:45:00,70.7,70.72,70.7,70.72,333
2024-09-23 17:47:00,70.72,70.72,70.72,70.72,129
2024-09-23 17:50:00,70.72,70.72,70.72,70.72,100
2024-09-23 17:52:00,70.725,70.725,70.725,70.725,134
2024-09-23 17:54:00,70.7,70.72,70.7,70.72,549
2024-09-23 17:57:00,70.715,70.715,70.715,70.715,254
2024-09-23 17:59:00,70.715,70.715,70.69,70.71,717
2024-09-23 18:00:00,70.67,70.68,70.65,70.68,1007
2024-09-23 18:01:00,70.69,70.69,70.69,70.69,205
2024-09-23 18:04:00,70.69,70.69,70.69,70.69,357
2024-09-23 18:05:00,70.68,70.68,70.68,70.68,120
2024-09-23 18:10:00,70.695,70.695,70.695,70.695,100
2024-09-23 18:19:00,70.72,70.73,70.72,70.73,672
2024-09-23 18:23:00,70.71,70.725,70.71,70.725,304
2024-09-23 18:24:00,70.74,70.74,70.74,70.74,714
2024-09-23 18:25:00,70.775,70.775,70.775,70.775,307
2024-09-23 18:26:00,70.765,70.765,70.76,70.76,200
2024-09-23 18:27:00,70.791,70.791,70.791,70.791,199
2024-09-23 18:28:00,70.775,70.775,70.75,70.75,482
2024-09-23 18:29:00,70.745,70.745,70.745,70.745,151
2024-09-23 18:37:00,70.725,70.725,70.725,70.725,111
2024-09-23 18:40:00,70.735,70.735,70.735,70.735,230
2024-09-23 18:45:00,70.735,70.735,70.735,70.735,372
2024-09-23 18:46:00,70.72,70.72,70.71,70.71,201
2024-09-23 18:47:00,70.7,70.705,70.68,70.7,513
2024-09-23 18:48:00,70.675,70.675,70.67,70.67,439
2024-09-23 18:49:00,70.67,70.7,70.67,70.69,958
2024-09-23 18:50:00,70.7,70.7,70.7,70.7,376
2024-09-23 18:51:00,70.68,70.68,70.68,70.68,337
2024-09-23 18:55:00,70.71,70.72,70.71,70.72,643
2024-09-23 18:58:00,70.75,70.77,70.75,70.77,401
2024-09-23 19:00:00,70.76,70.77,70.76,70.77,417
2024-09-23 19:03:00,70.76,70.76,70.76,70.76,109
2024-09-23 19:04:00,70.79,70.79,70.78,70.78,409
2024-09-23 19:05:00,70.78,70.78,70.78,70.78,268
2024-09-23 19:06:00,70.78,70.79,70.78,70.78,488
2024-09-23 19:07:00,70.8,70.8,70.8,70.8,104
2024-09-23 19:08:00,70.785,70.83,70.785,70.8,907
2024-09-23 19:10:00,70.78,70.78,70.78,70.78,206
2024-09-23 19:11:00,70.81,70.81,70.81,70.81,323
2024-09-23 19:13:00,70.82,70.83,70.82,70.83,511
2024-09-23 19:15:00,70.84,70.84,70.83,70.83,853
2024-09-23 19:16:00,70.805,70.84,70.805,70.81,748
2024-09-23 19:17:00,70.81,70.81,70.81,70.81,246
2024-09-23 19:18:00,70.83,70.83,70.83,70.83,224
2024-09-23 19:19:00,70.83,70.83,70.83,70.83,340
2024-09-23 19:20:00,70.86,70.87,70.85,70.85,670
2024-09-23 19:21:00,70.84,70.85,70.84,70.85,771
2024-09-23 19:23:00,70.85,70.88,70.85,70.86,661
2024-09-23 19:26:00,70.89,70.89,70.87,70.88,804
2024-09-23 19:27:00,70.89,70.9,70.89,70.9,508
2024-09-23 19:30:00,70.88,70.89,70.86,70.86,607
2024-09-23 19:31:00,70.89,70.9,70.89,70.9,441
2024-09-23 19:32:00,70.91,70.91,70.91,70.91,296
2024-09-23 19:33:00,70.87,70.875,70.86,70.875,693
2024-09-23 19:34:00,70.91,70.91,70.87,70.87,702
2024-09-23 19:35:00,70.87,70.87,70.84,70.84,879
2024-09-23 19:36:00,70.85,70.85,70.835,70.835,471
2024-09-23 19:37:00,70.85,70.89,70.845,70.88,1039
2024-09-23 19:38:00,70.81,70.83,70.79,70.79,1011
2024-09-23 19:39:00,70.77,70.78,70.77,70.78,358
2024-09-23 19:40:00,70.78,70.78,70.765,70.77,1110
2024-09-23 19:41:00,70.78,70.78,70.74,70.74,921
2024-09-23 19:42:00,70.75,70.75,70.695,70.71,966
2024-09-23 19:43:00,70.71,70.71,70.71,70.71,116
2024-09-23 19:44:00,70.72,70.73,70.71,70.71,574
2024-09-23 19:45:00,70.73,70.73,70.7,70.7,404
2024-09-23 19:46:00,70.73,70.73,70.71,70.71,538
2024-09-23 19:47:00,70.73,70.74,70.73,70.73,541
2024-09-23 19:48:00,70.72,70.74,70.71,70.7325,1428
2024-09-23 19:49:00,70.74,70.78,70.71,70.75,2428
2024-09-23 19:50:00,70.765,70.77,70.74,70.74,3262
2024-09-23 19:51:00,70.73,70.73,70.73,70.73,210
2024-09-23 19:52:00,70.81,70.825,70.81,70.825,551
2024-09-23 19:53:00,70.79,70.79,70.79,70.79,101
2024-09-23 19:55:00,70.84,70.87,70.75,70.79,4598
2024-09-23 19:56:00,70.81,70.81,70.81,70.81,376
2024-09-23 19:57:00,70.8,70.84,70.8,70.84,589
2024-09-23 19:58:00,70.84,70.89,70.83,70.87,3763
2024-09-23 19:59:00,70.845,70.94,70.845,70.92,5723
2024-09-24 08:33:00,70.93,70.93,70.93,70.93,214
2024-09-24 10:32:00,71.16,71.16,71.16,71.16,136
2024-09-24 11:02:00,71.8,71.8,71.8,71.8,266
2024-09-24 12:00:00,71.4,71.4,71.4,71.4,328
2024-09-24 12:58:00,72.0,72.0,72.0,72.0,353
2024-09-24 13:13:00,72.21,72.21,72.16,72.16,532
2024-09-24 13:25:00,72.04,72.04,72.04,72.04,200
2024-09-24 13:29:00,72.16,72.16,72.16,72.16,626
2024-09-24 13:30:00,72.16,72.33,71.63,71.78,6575
2024-09-24 13:36:00,72.05,72.13,71.98,72.13,671
2024-09-24 13:39:00,72.07,72.16,72.07,72.16,1864
2024-09-24 13:40:00,72.095,72.095,72.095,72.095,319
2024-09-24 13:41:00,72.13,72.16,72.12,72.12,1745
2024-09-24 13:42:00,72.21,72.21,72.21,72.21,866
2024-09-24 13:44:00,72.19,72.19,72.18,72.18,406
2024-09-24 13:47:00,72.25,72.25,72.25,72.25,108
2024-09-24 13:50:00,72.15,72.15,72.15,72.15,183
2024-09-24 13:53:00,72.13,72.13,72.08,72.08,893
2024-09-24 13:54:00,72.08,72.08,72.08,72.08,160
2024-09-24 13:59:00,72.12,72.12,72.12,72.12,149
2024-09-24 14:00:00,72.01,72.01,72.01,72.01,636
2024-09-24 14:03:00,72.09,72.11,72.0,72.01,3086
2024-09-24 14:04:00,72.05,72.05,72.05,72.05,207
2024-09-24 14:06:00,72.16,72.16,72.075,72.115,1421
2024-09-24 14:07:00,72.16,72.18,72.15,72.18,1031
2024-09-24 14:08:00,72.15,72.19,72.15,72.19,831
2024-09-24 14:09:00,72.18,72.22,72.18,72.22,391
2024-09-24 14:10:00,72.17,72.29,72.17,72.29,324
2024-09-24 14:11:00,72.235,72.235,72.235,72.235,134
2024-09-24 14:14:00,72.22,72.22,72.22,72.22,304
2024-09-24 14:15:00,72.16,72.16,72.16,72.16,283
2024-09-24 14:16:00,72.15,72.15,72.15,72.15,306
2024-09-24 14:18:00,72.12,72.12,72.12,72.12,336
2024-09-24 14:19:00,72.16,72.16,72.14,72.14,1154
2024-09-24 14:20:00,72.19,72.19,72.19,72.19,320
2024-09-24 14:21:00,72.2,72.2,72.2,72.2,262
2024-09-24 14:29:00,72.16,72.175,72.16,72.175,200
2024-09-24 14:31:00,72.2,72.2,72.2,72.2,331
2024-09-24 14:36:00,72.02,72.02,72.02,72.02,103
2024-09-24 14:45:00,72.05,72.05,72.05,72.05,218
2024-09-24 14:46:00,72.09,72.155,72.09,72.155,2132
2024-09-24 14:47:00,72.25,72.28,72.21,72.21,1350
2024-09-24 14:55:00,72.28,72.335,72.27,72.27,1123
2024-09-24 14:57:00,72.32,72.32,72.32,72.32,237
2024-09-24 14:59:00,72.37,72.37,72.37,72.37,100
2024-09-24 15:06:00,72.37,72.37,72.37,72.37,100
2024-09-24 15:10:00,72.42,72.42,72.42,72.42,737
2024-09-24 15:12:00,72.49,72.5,72.49,72.5,338
2024-09-24 15:13:00,72.43,72.43,72.43,72.43,149
2024-09-24 15:18:00,72.39,72.39,72.39,72.39,443
2024-09-24 15:20:00,72.47,72.47,72.47,72.47,181
2024-09-24 15:21:00,72.4,72.4,72.4,72.4,104
2024-09-24 15:25:00,72.38,72.38,72.36,72.36,592
2024-09-24 15:28:00,72.35,72.35,72.35,72.35,104
2024-09-24 15:34:00,72.37,72.37,72.37,72.37,347
2024-09-24 15:35:00,72.37,72.37,72.34,72.34,578
2024-09-24 15:36:00,72.36,72.3725,72.3,72.3,717
2024-09-24 15:37:00,72.365,72.365,72.365,72.365,141
2024-09-24 15:38:00,72.29,72.29,72.29,72.29,474
2024-09-24 15:42:00,72.26,72.26,72.25,72.25,419
2024-09-24 15:43:00,72.255,72.255,72.255,72.255,201
2024-09-24 15:44:00,72.26,72.26,72.21,72.21,605
2024-09-24 15:48:00,72.19,72.19,72.19,72.19,299
2024-09-24 15:50:00,72.09,72.155,71.955,71.995,7790
2024-09-24 15:51:00,72.0,72.0,71.92,71.94,2266
2024-09-24 15:52:00,71.95,71.98,71.66,71.745,12795
2024-09-24 15:53:00,71.745,71.78,71.665,71.78,1584
2024-09-24 15:55:00,71.82,71.82,71.82,71.82,125
2024-09-24 15:57:00,71.79,71.79,71.79,71.79,114
2024-09-24 16:03:00,71.72,71.72,71.72,71.72,211
2024-09-24 16:07:00,71.855,72.05,71.855,72.02,3602
2024-09-24 16:08:00,72.07,72.11,72.03,72.08,1945
2024-09-24 16:09:00,72.07,72.07,72.07,72.07,212
2024-09-24 16:15:00,72.04,72.04,71.99,71.99,212
2024-09-24 16:22:00,72.03,72.03,72.03,72.03,123
2024-09-24 16:24:00,72.03,72.03,72.03,72.03,113
2024-09-24 16:25:00,71.97,71.97,71.94,71.94,831
2024-09-24 16:26:00,71.94,71.98,71.94,71.98,581
2024-09-24 16:27:00,72.03,72.03,72.03,72.03,129
2024-09-24 16:30:00,71.97,71.97,71.97,71.97,102
2024-09-24 16:37:00,71.955,71.955,71.955,71.955,194
2024-09-24 16:38:00,71.99,71.99,71.97,71.97,536
2024-09-24 16:39:00,72.0,72.0,72.0,72.0,398
2024-09-24 16:45:00,72.11,72.11,72.1,72.1,869
2024-09-24 16:50:00,72.04,72.04,72.02,72.02,637
2024-09-24 16:58:00,72.05,72.05,72.05,72.05,102
2024-09-24 17:12:00,72.025,72.025,72.025,72.025,103
2024-09-24 17:13:00,72.0725,72.0725,72.0725,72.0725,246
2024-09-24 17:35:00,72.06,72.06,72.06,72.06,100
2024-09-24 17:41:00,71.98,71.98,71.98,71.98,156
2024-09-24 17:42:00,71.99,71.99,71.98,71.98,389
2024-09-24 17:43:00,71.98,72.01,71.98,72.01,432
2024-09-24 17:56:00,71.99,71.99,71.99,71.99,262
2024-09-24 18:00:00,71.96,71.96,71.96,71.96,269
2024-09-24 18:01:00,71.97,72.01,71.97,72.01,919
2024-09-24 18:02:00,72.045,72.045,72.045,72.045,107
2024-09-24 18:23:00,71.82,71.885,71.82,71.885,305
2024-09-24 18:26:00,71.96,71.96,71.96,71.96,355
2024-09-24 18:29:00,71.8001,71.95,71.8001,71.95,252
2024-09-24 18:30:00,71.96,72.025,71.95,71.95,1089
2024-09-24 18:35:00,72.045,72.08,72.045,72.08,308
2024-09-24 18:36:00,72.07,72.09,72.065,72.065,720
2024-09-24 18:37:00,72.1,72.1,72.1,72.1,412
2024-09-24 18:39:00,72.1,72.1,72.1,72.1,1197
2024-09-24 18:42:00,72.11,72.13,72.1,72.13,655
2024-09-24 18:43:00,72.15,72.15,72.15,72.15,197
2024-09-24 18:45:00,72.13,72.13,72.13,72.13,552
2024-09-24 18:47:00,72.125,72.125,72.125,72.125,119
2024-09-24 18:48:00,72.125,72.125,72.125,72.125,101
2024-09-24 18:50:00,72.12,72.12,72.12,72.12,100
2024-09-24 18:51:00,72.125,72.125,72.125,72.125,106
2024-09-24 18:52:00,72.11,72.11,72.11,72.11,149
2024-09-24 18:53:00,72.1,72.145,72.1,72.145,208
2024-09-24 18:55:00,72.135,72.14,72.11,72.11,653
2024-09-24 18:56:00,72.13,72.13,72.13,72.13,123
2024-09-24 18:57:00,72.11,72.11,72.11,72.11,254
2024-09-24 18:58:00,72.135,72.135,72.11,72.11,255
2024-09-24 19:01:00,72.1,72.1,72.1,72.1,228
2024-09-24 19:02:00,72.1,72.1,72.1,72.1,172
2024-09-24 19:03:00,72.125,72.125,72.125,72.125,196
2024-09-24 19:04:00,72.105,72.12,72.1,72.12,620
2024-09-24 19:05:00,72.13,72.14,72.09,72.09,1407
2024-09-24 19:08:00,72.115,72.115,72.115,72.115,111
2024-09-24 19:10:00,72.11,72.135,72.11,72.13,825
2024-09-24 19:11:00,72.14,72.14,72.08,72.13,1119
2024-09-24 19:14:00,72.1,72.1,72.1,72.1,136
2024-09-24 19:15:00,72.12,72.12,72.1,72.1,205
2024-09-24 19:17:00,72.07,72.07,72.07,72.07,238
2024-09-24 19:18:00,72.095,72.095,72.095,72.095,154
2024-09-24 19:19:00,72.12,72.12,72.12,72.12,108
2024-09-24 19:20:00,72.12,72.14,72.12,72.14,1371
2024-09-24 19:21:00,72.17,72.17,72.17,72.17,176
2024-09-24 19:23:00,72.14,72.14,72.14,72.14,336
2024-09-24 19:24:00,72.17,72.18,72.14,72.16,903
2024-09-24 19:26:00,72.155,72.155,72.155,72.155,124
2024-09-24 19:27:00,72.15,72.15,72.15,72.15,201
2024-09-24 19:30:00,72.155,72.155,72.12,72.14,1803
2024-09-24 19:31:00,72.13,72.13,72.13,72.13,227
2024-09-24 19:32:00,72.15,72.15,72.12,72.13,886
2024-09-24 19:33:00,72.14,72.14,72.14,72.14,159
2024-09-24 19:34:00,72.13,72.13,72.12,72.12,428
2024-09-24 19:35:00,72.145,72.145,72.12,72.12,371
2024-09-24 19:37:00,72.11,72.11,72.11,72.11,511
2024-09-24 19:38:00,72.1,72.1,72.1,72.1,139
2024-09-24 19:39:00,72.1279,72.13,72.1,72.13,763
2024-09-24 19:40:00,72.11,72.11,72.11,72.11,287
2024-09-24 19:41:00,72.12,72.12,72.12,72.12,154
2024-09-24 19:42:00,72.11,72.11,72.11,72.11,136
2024-09-24 19:43:00,72.125,72.125,72.125,72.125,322
2024-09-24 19:45:00,72.105,72.125,72.1,72.12,1045
2024-09-24 19:46:00,72.14,72.17,72.14,72.17,1003
2024-09-24 19:48:00,72.17,72.195,72.17,72.195,725
2024-09-24 19:49:00,72.195,72.195,72.195,72.195,373
2024-09-24 19:50:00,72.19,72.19,72.16,72.19,1907
2024-09-24 19:51:00,72.13,72.14,72.08,72.14,1621
2024-09-24 19:52:00,72.125,72.14,72.08,72.115,3506
2024-09-24 19:53:00,72.1,72.1,72.03,72.05,3205
2024-09-24 19:54:00,72.055,72.055,72.0,72.005,2522
2024-09-24 19:55:00,71.97,72.005,71.97,71.99,1552
2024-09-24 19:56:00,71.98,71.98,71.93,71.97,3743
2024-09-24 19:57:00,71.965,71.965,71.93,71.955,2241
2024-09-24 19:58:00,71.93,71.935,71.92,71.935,1399
2024-09-24 19:59:00,71.935,71.95,71.87,71.915,9705
2024-09-25 11:09:00,70.6,70.6,70.6,70.6,100
2024-09-25 12:00:00,70.39,70.39,70.39,70.39,355
2024-09-25 12:56:00,70.5,70.5,70.5,70.5,119
2024-09-25 13:30:00,70.5,70.5,70.5,70.5,886
2024-09-25 13:32:00,70.6032,70.6032,70.47,70.47,367
2024-09-25 13:43:00,70.115,70.115,70.115,70.115,103
2024-09-25 13:44:00,70.215,70.215,70.215,70.215,216
2024-09-25 13:45:00,70.13,70.13,70.13,70.13,729
2024-09-25 13:46:00,70.13,70.13,70.1,70.1,542
2024-09-25 13:49:00,70.0482,70.0482,70.0482,70.0482,344
2024-09-25 13:50:00,70.02,70.02,70.01,70.01,445
2024-09-25 13:52:00,70.0001,70.0001,70.0001,70.0001,145
2024-09-25 13:54:00,70.08,70.08,70.08,70.08,102
2024-09-25 13:56:00,70.09,70.09,70.09,70.09,310
2024-09-25 13:58:00,70.09,70.09,70.09,70.09,231
2024-09-25 14:01:00,70.08,70.09,69.97,69.97,1452
2024-09-25 14:02:00,70.1,70.1,70.1,70.1,203
2024-09-25 14:03:00,70.1075,70.1075,70.1075,70.1075,179
2024-09-25 14:06:00,70.105,70.105,70.105,70.105,477
2024-09-25 14:07:00,70.095,70.095,70.095,70.095,246
2024-09-25 14:19:00,70.01,70.01,70.0,70.0,454
2024-09-25 14:22:00,69.99,69.99,69.99,69.99,366
2024-09-25 14:37:00,70.02,70.03,70.015,70.02,1037
2024-09-25 14:46:00,70.04,70.04,70.04,70.04,114
2024-09-25 14:51:00,70.0,70.0,69.975,69.975,432
2024-09-25 14:52:00,69.96,69.96,69.94,69.95,506
2024-09-25 15:03:00,69.98,69.98,69.98,69.98,106
2024-09-25 15:21:00,69.91,69.91,69.91,69.91,103
2024-09-25 15:33:00,69.84,69.84,69.84,69.84,197
2024-09-25 15:34:00,69.76,69.76,69.76,69.76,110
2024-09-25 15:45:00,69.9,69.9,69.9,69.9,269
2024-09-25 15:52:00,69.75,69.75,69.75,69.75,340
2024-09-25 16:02:00,69.78,69.78,69.77,69.77,293
2024-09-25 16:03:00,69.79,69.79,69.77,69.78,986
2024-09-25 16:13:00,69.71,69.71,69.71,69.71,111
2024-09-25 16:31:00,69.69,69.69,69.68,69.68,822
2024-09-25 16:32:00,69.69,69.69,69.69,69.69,182
2024-09-25 16:37:00,69.73,69.73,69.73,69.73,164
2024-09-25 16:42:00,69.61,69.61,69.61,69.61,171
2024-09-25 16:51:00,69.68,69.68,69.68,69.68,129
2024-09-25 16:52:00,69.69,69.71,69.69,69.71,986
2024-09-25 16:59:00,69.59,69.59,69.59,69.59,453
2024-09-25 17:08:00,69.575,69.575,69.52,69.52,304
2024-09-25 17:10:00,69.54,69.54,69.54,69.54,156
2024-09-25 17:11:00,69.49,69.49,69.49,69.49,315
2024-09-25 17:16:00,69.5,69.5,69.5,69.5,167
2024-09-25 17:33:00,69.53,69.53,69.53,69.53,100
2024-09-25 17:35:00,69.52,69.52,69.51,69.51,521
2024-09-25 17:38:00,69.495,69.495,69.495,69.495,191
2024-09-25 17:42:00,69.44,69.44,69.44,69.44,117
2024-09-25 17:50:00,69.49,69.49,69.49,69.49,388
2024-09-25 17:55:00,69.515,69.515,69.515,69.515,195
2024-09-25 18:08:00,69.53,69.55,69.53,69.53,906
2024-09-25 18:10:00,69.57,69.57,69.57,69.57,208
2024-09-25 18:15:00,69.49,69.495,69.49,69.495,685
2024-09-25 18:37:00,69.585,69.585,69.585,69.585,818
2024-09-25 18:48:00,69.5,69.5,69.5,69.5,100
2024-09-25 18:50:00,69.54,69.54,69.49,69.49,400
2024-09-25 18:52:00,69.51,69.51,69.51,69.51,116
2024-09-25 18:53:00,69.53,69.53,69.53,69.53,213
2024-09-25 18:54:00,69.57,69.57,69.57,69.57,209
2024-09-25 18:57:00,69.52,69.52,69.52,69.52,456
2024-09-25 18:58:00,69.48,69.48,69.47,69.47,544
2024-09-25 19:00:00,69.455,69.455,69.455,69.455,161
2024-09-25 19:17:00,69.46,69.48,69.46,69.48,418
2024-09-25 19:19:00,69.39,69.39,69.39,69.39,137
2024-09-25 19:24:00,69.37,69.39,69.34,69.39,1409
2024-09-25 19:39:00,69.33,69.33,69.27,69.275,711
2024-09-25 19:42:00,69.29,69.35,69.28,69.35,1230
2024-09-25 19:49:00,69.33,69.33,69.33,69.33,304
2024-09-25 19:50:00,69.36,69.4,69.36,69.4,518
2024-09-25 19:51:00,69.36,69.36,69.36,69.36,157
2024-09-25 19:54:00,69.37,69.37,69.37,69.37,696
2024-09-25 19:57:00,69.38,69.38,69.38,69.38,758
2024-09-25 19:58:00,69.395,69.395,69.395,69.395,732
2024-09-25 19:59:00,69.405,69.405,69.405,69.405,1154
2024-09-25 20:11:00,69.0,69.0,69.0,69.0,371
2024-09-26 10:24:00,71.06,71.06,71.06,71.06,119
2024-09-26 12:00:00,71.49,71.49,71.49,71.49,136
2024-09-26 13:29:00,72.18,72.2,71.98,71.98,897
2024-09-26 13:30:00,72.29,72.4,72.0,72.4,941
2024-09-26 13:32:00,72.06,72.06,72.06,72.06,102
2024-09-26 13:35:00,72.26,72.26,72.26,72.26,102
2024-09-26 13:37:00,72.53,72.53,72.52,72.52,2561
2024-09-26 13:40:00,72.26,72.3,72.2,72.2,903
2024-09-26 13:43:00,72.25,72.25,72.21,72.21,680
2024-09-26 13:44:00,72.3,72.3,72.25,72.25,436
2024-09-26 13:45:00,72.3,72.32,72.27,72.31,1173
2024-09-26 13:46:00,72.41,72.41,72.41,72.41,297
2024-09-26 13:47:00,72.38,72.38,72.38,72.38,213
2024-09-26 13:52:00,72.29,72.29,72.2201,72.2201,610
2024-09-26 14:03:00,72.32,72.32,72.27,72.27,645
2024-09-26 14:06:00,72.18,72.18,72.18,72.18,304
2024-09-26 14:07:00,72.24,72.24,72.24,72.24,107
2024-09-26 14:08:00,72.14,72.14,72.14,72.14,110
2024-09-26 14:09:00,72.215,72.215,72.215,72.215,107
2024-09-26 14:11:00,72.16,72.21,72.16,72.21,742
2024-09-26 14:13:00,72.17,72.2,72.12,72.2,1038
2024-09-26 14:14:00,72.23,72.23,72.23,72.23,321
2024-09-26 14:15:00,72.23,72.23,72.21,72.21,458
2024-09-26 14:19:00,72.2331,72.2331,72.2331,72.2331,159
2024-09-26 14:20:00,72.22,72.22,72.22,72.22,165
2024-09-26 14:21:00,72.23,72.23,72.23,72.23,119
2024-09-26 14:22:00,72.25,72.25,72.25,72.25,188
2024-09-26 14:23:00,72.24,72.24,72.24,72.24,583
2024-09-26 14:25:00,72.15,72.15,72.15,72.15,217
2024-09-26 14:28:00,72.11,72.11,72.11,72.11,245
2024-09-26 14:29:00,72.09,72.09,72.09,72.09,326
2024-09-26 14:30:00,72.06,72.06,71.97,72.03,3127
2024-09-26 14:31:00,71.92,71.92,71.92,71.92,392
2024-09-26 14:32:00,71.93,71.94,71.89,71.91,1854
2024-09-26 14:33:00,72.015,72.015,72.015,72.015,105
2024-09-26 14:34:00,72.02,72.02,72.02,72.02,150
2024-09-26 14:35:00,72.02,72.02,72.02,72.02,340
2024-09-26 14:36:00,72.02,72.02,71.99,71.99,511
2024-09-26 14:37:00,71.985,72.02,71.95,71.95,637
2024-09-26 14:38:00,72.08,72.09,72.08,72.09,551
2024-09-26 14:40:00,72.12,72.12,72.06,72.08,1509
2024-09-26 14:41:00,72.075,72.075,72.075,72.075,105
2024-09-26 14:44:00,72.04,72.04,72.02,72.02,442
2024-09-26 14:46:00,72.1,72.14,72.1,72.1,532
2024-09-26 14:47:00,72.12,72.12,72.11,72.11,219
2024-09-26 14:50:00,72.0,72.0,72.0,72.0,410
2024-09-26 14:53:00,71.82,71.82,71.82,71.82,213
2024-09-26 14:55:00,71.84,71.84,71.84,71.84,335
2024-09-26 14:59:00,71.92,72.0,71.9,72.0,535
2024-09-26 15:01:00,71.73,71.73,71.73,71.73,160
2024-09-26 15:02:00,71.885,71.885,71.885,71.885,151
2024-09-26 15:04:00,71.985,71.985,71.985,71.985,389
2024-09-26 15:05:00,71.935,71.935,71.935,71.935,101
2024-09-26 15:06:00,72.02,72.02,72.02,72.02,117
2024-09-26 15:09:00,72.0,72.0,72.0,72.0,109
2024-09-26 15:10:00,71.97,71.97,71.97,71.97,101
2024-09-26 15:12:00,71.97,72.08,71.97,72.08,361
2024-09-26 15:13:00,71.98,72.0,71.98,72.0,841
2024-09-26 15:14:00,72.03,72.03,72.03,72.03,125
2024-09-26 15:15:00,72.09,72.18,72.09,72.135,1450
2024-09-26 15:16:00,72.18,72.2,72.13,72.2,954
2024-09-26 15:17:00,72.165,72.165,72.165,72.165,104
2024-09-26 15:18:00,72.15,72.15,72.15,72.15,226
2024-09-26 15:20:00,72.14,72.14,72.14,72.14,328
2024-09-26 15:23:00,72.17,72.225,72.17,72.225,958
2024-09-26 15:25:00,72.15,72.3068,72.15,72.23,5757
2024-09-26 15:26:00,72.23,72.23,72.23,72.23,298
2024-09-26 15:29:00,72.235,72.24,72.235,72.24,301
2024-09-26 15:30:00,72.22,72.22,72.22,72.22,204
2024-09-26 15:31:00,72.27,72.27,72.24,72.24,968
2024-09-26 15:32:00,72.27,72.27,72.27,72.27,505
2024-09-26 15:33:00,72.2573,72.34,72.2573,72.34,2555
2024-09-26 15:34:00,72.34,72.42,72.34,72.345,760
2024-09-26 15:35:00,72.35,72.41,72.35,72.365,2135
2024-09-26 15:36:00,72.38,72.4,72.365,72.39,569
2024-09-26 15:37:00,72.3767,72.4,72.3767,72.39,733
2024-09-26 15:38:00,72.42,72.45,72.405,72.435,1443
2024-09-26 15:39:00,72.435,72.435,72.43,72.43,292
2024-09-26 15:40:00,72.44,72.44,72.43,72.44,703
2024-09-26 15:41:00,72.45,72.46,72.43,72.45,1673
2024-09-26 15:42:00,72.455,72.46,72.435,72.44,1494
2024-09-26 15:43:00,72.46,72.46,72.44,72.44,860
2024-09-26 15:44:00,72.38,72.38,72.38,72.38,348
2024-09-26 15:45:00,72.38,72.38,72.38,72.38,530
2024-09-26 15:46:00,72.38,72.38,72.34,72.34,257
2024-09-26 15:48:00,72.33,72.33,72.33,72.33,277
2024-09-26 15:49:00,72.33,72.33,72.33,72.33,244
2024-09-26 15:50:00,72.39,72.395,72.34,72.34,526
2024-09-26 15:52:00,72.34,72.34,72.34,72.34,102
2024-09-26 15:53:00,72.45,72.5,72.45,72.5,1347
2024-09-26 15:55:00,72.595,72.595,72.595,72.595,107
2024-09-26 15:56:00,72.6,72.615,72.6,72.615,305
2024-09-26 15:58:00,72.65,72.65,72.6,72.6,215
2024-09-26 15:59:00,72.6,72.6,72.6,72.6,110
2024-09-26 16:00:00,72.58,72.58,72.58,72.58,306
2024-09-26 16:01:00,72.59,72.59,72.59,72.59,240
2024-09-26 16:02:00,72.5743,72.5743,72.5743,72.5743,300
2024-09-26 16:03:00,72.52,72.52,72.52,72.52,368
2024-09-26 16:06:00,72.41,72.41,72.41,72.41,110
2024-09-26 16:08:00,72.46,72.46,72.46,72.46,345
2024-09-26 16:15:00,72.34,72.34,72.34,72.34,224
2024-09-26 16:16:00,72.3642,72.3642,72.3642,72.3642,247
2024-09-26 16:21:00,72.49,72.49,72.49,72.49,107
2024-09-26 16:22:00,72.46,72.46,72.46,72.46,723
2024-09-26 16:23:00,72.38,72.38,72.37,72.37,560
2024-09-26 16:24:00,72.36,72.36,72.36,72.36,196
2024-09-26 16:27:00,72.33,72.33,72.33,72.33,187
2024-09-26 16:28:00,72.45,72.45,72.45,72.45,240
2024-09-26 16:30:00,72.42,72.42,72.42,72.42,504
2024-09-26 16:34:00,72.4075,72.4075,72.4075,72.4075,106
2024-09-26 16:36:00,72.39,72.43,72.39,72.43,414
2024-09-26 16:38:00,72.43,72.43,72.43,72.43,438
2024-09-26 16:41:00,72.35,72.35,72.35,72.35,185
2024-09-26 16:43:00,72.28,72.28,72.28,72.28,223
2024-09-26 16:46:00,72.355,72.355,72.355,72.355,371
2024-09-26 16:48:00,72.44,72.44,72.44,72.44,107
2024-09-26 16:55:00,72.365,72.365,72.365,72.365,150
2024-09-26 16:57:00,72.33,72.33,72.33,72.33,375
2024-09-26 17:01:00,72.35,72.35,72.34,72.34,811
2024-09-26 17:03:00,72.34,72.34,72.34,72.34,125
2024-09-26 17:04:00,72.37,72.385,72.37,72.385,336
2024-09-26 17:05:00,72.38,72.38,72.33,72.33,713
2024-09-26 17:06:00,72.33,72.33,72.33,72.33,217
2024-09-26 17:07:00,72.35,72.35,72.305,72.34,637
2024-09-26 17:10:00,72.37,72.37,72.37,72.37,124
2024-09-26 17:12:00,72.385,72.385,72.31,72.31,736
2024-09-26 17:16:00,72.32,72.32,72.32,72.32,414
2024-09-26 17:18:00,72.36,72.36,72.36,72.36,219
2024-09-26 17:19:00,72.27,72.27,72.27,72.27,106
2024-09-26 17:21:00,72.24,72.24,72.24,72.24,673
2024-09-26 17:23:00,72.244,72.244,72.244,72.244,108
2024-09-26 17:24:00,72.21,72.21,72.21,72.21,108
2024-09-26 17:27:00,72.37,72.37,72.37,72.37,441
2024-09-26 17:28:00,72.4,72.44,72.4,72.44,263
2024-09-26 17:30:00,72.59,72.59,72.59,72.59,107
2024-09-26 17:31:00,72.55,72.67,72.54,72.67,2391
2024-09-26 17:32:00,72.69,72.69,72.67,72.68,836
2024-09-26 17:33:00,72.67,72.67,72.67,72.67,133
2024-09-26 17:34:00,72.6,72.6,72.6,72.6,113
2024-09-26 17:40:00,72.6,72.6,72.59,72.59,534
2024-09-26 17:46:00,72.62,72.62,72.62,72.62,510
2024-09-26 17:50:00,72.65,72.65,72.63,72.63,455
2024-09-26 17:54:00,72.61,72.61,72.55,72.55,461
2024-09-26 17:56:00,72.64,72.65,72.64,72.65,202
2024-09-26 18:07:00,72.6683,72.6683,72.6683,72.6683,460
2024-09-26 18:12:00,72.63,72.63,72.63,72.63,416
2024-09-26 18:13:00,72.64,72.66,72.64,72.66,209
2024-09-26 18:15:00,72.68,72.68,72.68,72.68,554
2024-09-26 18:16:00,72.71,72.71,72.71,72.71,239
2024-09-26 18:17:00,72.71,72.72,72.7,72.7,634
2024-09-26 18:24:00,72.69,72.69,72.69,72.69,110
2024-09-26 18:25:00,72.7,72.7,72.7,72.7,277
2024-09-26 18:28:00,72.7,72.7,72.7,72.7,230
2024-09-26 18:30:00,72.7,72.71,72.68,72.71,608
2024-09-26 18:35:00,72.7,72.7,72.7,72.7,135
2024-09-26 18:42:00,72.615,72.615,72.615,72.615,148
2024-09-26 18:43:00,72.665,72.665,72.665,72.665,103
2024-09-26 18:44:00,72.66,72.66,72.64,72.64,480
2024-09-26 18:46:00,72.65,72.65,72.65,72.65,205
2024-09-26 18:52:00,72.605,72.605,72.605,72.605,216
2024-09-26 18:53:00,72.56,72.56,72.56,72.56,111
2024-09-26 18:56:00,72.656,72.656,72.656,72.656,281
2024-09-26 18:57:00,72.61,72.61,72.6,72.6,332
2024-09-26 19:01:00,72.61,72.61,72.61,72.61,490
2024-09-26 19:02:00,72.64,72.656,72.64,72.656,501
2024-09-26 19:03:00,72.655,72.655,72.65,72.65,489
2024-09-26 19:04:00,72.66,72.66,72.655,72.655,1192
2024-09-26 19:05:00,72.718,72.718,72.718,72.718,232
2024-09-26 19:11:00,72.7,72.7,72.7,72.7,188
2024-09-26 19:15:00,72.752,72.752,72.752,72.752,147
2024-09-26 19:20:00,72.69,72.69,72.69,72.69,293
2024-09-26 19:22:00,72.65,72.68,72.65,72.68,468
2024-09-26 19:23:00,72.64,72.67,72.63,72.66,1433
2024-09-26 19:28:00,72.59,72.64,72.59,72.64,265
2024-09-26 19:30:00,72.63,72.63,72.63,72.63,312
2024-09-26 19:31:00,72.6,72.6,72.6,72.6,510
2024-09-26 19:34:00,72.58,72.58,72.58,72.58,560
2024-09-26 19:36:00,72.54,72.57,72.54,72.57,228
2024-09-26 19:43:00,72.55,72.55,72.55,72.55,142
2024-09-26 19:44:00,72.57,72.57,72.57,72.57,132
2024-09-26 19:45:00,72.56,72.56,72.56,72.56,176
2024-09-26 19:46:00,72.56,72.59,72.56,72.59,788
2024-09-26 19:47:00,72.58,72.58,72.58,72.58,241
2024-09-26 19:50:00,72.585,72.585,72.585,72.585,497
2024-09-26 19:51:00,72.58,72.58,72.54,72.57,1580
2024-09-26 19:52:00,72.55,72.55,72.55,72.55,250
2024-09-26 19:55:00,72.55,72.59,72.55,72.59,762
2024-09-26 19:56:00,72.62,72.62,72.6,72.61,1126
2024-09-26 19:57:00,72.605,72.65,72.605,72.65,813
2024-09-26 19:58:00,72.62,72.62,72.62,72.62,2162
2024-09-26 19:59:00,72.63,72.72,72.63,72.63,2040
2024-09-27 13:30:00,72.94,72.97,72.94,72.94,3373
2024-09-27 13:31:00,73.0,73.48,73.0,73.46,1037
2024-09-27 13:32:00,73.5,73.72,73.5,73.6,2627
2024-09-27 13:33:00,73.55,73.55,73.55,73.55,431
2024-09-27 13:34:00,73.425,73.65,73.425,73.65,220
2024-09-27 13:46:00,73.335,73.335,73.335,73.335,206
2024-09-27 13:47:00,73.405,73.405,73.38,73.38,399
2024-09-27 13:48:00,73.52,73.52,73.52,73.52,877
2024-09-27 13:50:00,73.375,73.375,73.375,73.375,223
2024-09-27 13:54:00,73.42,73.42,73.42,73.42,244
2024-09-27 13:55:00,73.52,73.54,73.52,73.54,2026
2024-09-27 13:59:00,73.66,73.66,73.52,73.52,257
2024-09-27 14:05:00,73.68,73.72,73.68,73.72,242
2024-09-27 14:06:00,73.67,73.67,73.67,73.67,167
2024-09-27 14:07:00,73.67,73.83,73.6397,73.83,2158
2024-09-27 14:10:00,73.77,73.88,73.77,73.82,2266
2024-09-27 14:11:00,73.98,74.01,73.97,73.98,5646
2024-09-27 14:12:00,73.98,74.01,73.88,73.99,2274
2024-09-27 14:13:00,73.98,74.0,73.91,73.98,2210
2024-09-27 14:20:00,73.93,73.93,73.925,73.925,326
2024-09-27 14:23:00,73.94,73.94,73.9,73.9,458
2024-09-27 14:30:00,73.96,73.96,73.96,73.96,284
2024-09-27 14:31:00,73.94,73.98,73.94,73.98,331
2024-09-27 14:41:00,73.89,73.89,73.89,73.89,106
2024-09-27 14:47:00,73.9981,73.9981,73.9981,73.9981,262
2024-09-27 14:49:00,73.91,73.91,73.89,73.89,330
2024-09-27 14:52:00,73.92,73.92,73.92,73.92,601
2024-09-27 14:55:00,73.91,73.91,73.91,73.91,101
2024-09-27 15:03:00,73.89,73.89,73.89,73.89,209
2024-09-27 15:07:00,73.865,73.865,73.865,73.865,253
2024-09-27 15:28:00,73.84,73.84,73.84,73.84,635
2024-09-27 15:29:00,73.825,73.825,73.825,73.825,121
2024-09-27 15:32:00,73.79,73.82,73.79,73.82,770
2024-09-27 15:44:00,73.695,73.7558,73.695,73.7558,318
2024-09-27 15:50:00,73.715,73.715,73.715,73.715,161
2024-09-27 15:52:00,73.62,73.62,73.6,73.6,402
2024-09-27 15:55:00,73.67,73.68,73.67,73.68,200
2024-09-27 16:03:00,73.58,73.59,73.58,73.59,509
2024-09-27 16:04:00,73.58,73.6,73.58,73.6,839
2024-09-27 16:05:00,73.57,73.57,73.57,73.57,101
2024-09-27 16:07:00,73.58,73.58,73.58,73.58,904
2024-09-27 16:08:00,73.525,73.525,73.525,73.525,118
2024-09-27 16:12:00,73.41,73.41,73.41,73.41,641
2024-09-27 16:13:00,73.41,73.416,73.41,73.416,372
2024-09-27 16:14:00,73.38,73.445,73.38,73.42,840
2024-09-27 16:16:00,73.45,73.45,73.45,73.45,100
2024-09-27 16:17:00,73.46,73.46,73.46,73.46,100
2024-09-27 16:28:00,73.54,73.54,73.53,73.53,444
2024-09-27 16:29:00,73.61,73.61,73.59,73.59,1036
2024-09-27 16:30:00,73.61,73.61,73.6,73.6,626
2024-09-27 16:33:00,73.58,73.58,73.58,73.58,354
2024-09-27 16:34:00,73.66,73.66,73.66,73.66,216
2024-09-27 16:38:00,73.6,73.6,73.58,73.58,497
2024-09-27 16:40:00,73.61,73.61,73.61,73.61,433
2024-09-27 16:41:00,73.61,73.61,73.61,73.61,983
2024-09-27 16:42:00,73.59,73.61,73.57,73.58,1345
2024-09-27 16:43:00,73.6,73.6,73.6,73.6,171
2024-09-27 16:44:00,73.59,73.59,73.59,73.59,218
2024-09-27 16:47:00,73.55,73.55,73.525,73.525,630
2024-09-27 16:50:00,73.485,73.485,73.485,73.485,336
2024-09-27 16:56:00,73.41,73.41,73.41,73.41,144
2024-09-27 16:58:00,73.4,73.4,73.4,73.4,113
2024-09-27 17:00:00,73.41,73.41,73.4,73.4,703
2024-09-27 17:05:00,73.505,73.505,73.505,73.505,129
2024-09-27 17:06:00,73.44,73.44,73.44,73.44,205
2024-09-27 17:08:00,73.43,73.43,73.43,73.43,221
2024-09-27 17:16:00,73.455,73.455,73.455,73.455,528
2024-09-27 17:17:00,73.48,73.49,73.45,73.49,1552
2024-09-27 17:18:00,73.49,73.49,73.44,73.48,1315
2024-09-27 17:19:00,73.435,73.435,73.435,73.435,423
2024-09-27 17:20:00,73.49,73.49,73.45,73.45,314
2024-09-27 17:21:00,73.45,73.45,73.44,73.44,589
2024-09-27 17:22:00,73.35,73.35,73.35,73.35,665
2024-09-27 17:24:00,73.33,73.35,73.33,73.34,1370
2024-09-27 17:28:00,73.27,73.27,73.27,73.27,130
2024-09-27 17:29:00,73.27,73.27,73.27,73.27,163
2024-09-27 17:36:00,73.255,73.255,73.255,73.255,154
2024-09-27 17:37:00,73.255,73.255,73.255,73.255,166
2024-09-27 17:39:00,73.18,73.18,73.17,73.17,426
2024-09-27 17:41:00,73.17,73.39,73.17,73.39,2715
2024-09-27 17:42:00,73.41,73.41,73.4,73.4,654
2024-09-27 17:43:00,73.4,73.41,73.345,73.4,725
2024-09-27 17:44:00,73.4,73.4,73.4,73.4,219
2024-09-27 17:45:00,73.415,73.42,73.41,73.42,554
2024-09-27 17:49:00,73.45,73.45,73.45,73.45,210
2024-09-27 17:50:00,73.47,73.47,73.445,73.445,1099
2024-09-27 17:51:00,73.43,73.43,73.43,73.43,100
2024-09-27 17:56:00,73.445,73.445,73.445,73.445,101
2024-09-27 18:01:00,73.48,73.48,73.48,73.48,165
2024-09-27 18:03:00,73.47,73.47,73.47,73.47,328
2024-09-27 18:04:00,73.53,73.53,73.485,73.485,654
2024-09-27 18:11:00,73.485,73.485,73.485,73.485,124
2024-09-27 18:12:00,73.44,73.44,73.44,73.44,365
2024-09-27 18:19:00,73.4315,73.4315,73.42,73.42,1180
2024-09-27 18:20:00,73.43,73.43,73.43,73.43,179
2024-09-27 18:31:00,73.27,73.27,73.27,73.27,571
2024-09-27 18:32:00,73.26,73.26,73.26,73.26,100
2024-09-27 18:34:00,73.275,73.275,73.275,73.275,118
2024-09-27 18:44:00,73.35,73.35,73.35,73.35,105
2024-09-27 18:45:00,73.34,73.34,73.34,73.34,493
2024-09-27 18:48:00,73.365,73.365,73.365,73.365,102
2024-09-27 18:51:00,73.4,73.4,73.4,73.4,146
2024-09-27 18:55:00,73.37,73.37,73.36,73.36,589
2024-09-27 18:57:00,73.46,73.46,73.46,73.46,248
2024-09-27 19:06:00,73.41,73.41,73.41,73.41,450
2024-09-27 19:08:00,73.39,73.39,73.39,73.39,265
2024-09-27 19:09:00,73.39,73.415,73.39,73.415,972
2024-09-27 19:11:00,73.37,73.37,73.37,73.37,355
2024-09-27 19:13:00,73.4182,73.4182,73.4182,73.4182,564
2024-09-27 19:21:00,73.38,73.38,73.38,73.38,142
2024-09-27 19:22:00,73.38,73.38,73.38,73.38,136
2024-09-27 19:23:00,73.38,73.38,73.38,73.38,197
2024-09-27 19:25:00,73.38,73.38,73.38,73.38,400
2024-09-27 19:26:00,73.36,73.39,73.36,73.39,387
2024-09-27 19:28:00,73.4,73.4,73.4,73.4,107
2024-09-27 19:33:00,73.37,73.38,73.37,73.38,605
2024-09-27 19:35:00,73.35,73.35,73.26,73.29,2240
2024-09-27 19:36:00,73.31,73.31,73.29,73.31,409
2024-09-27 19:37:00,73.295,73.295,73.295,73.295,246
2024-09-27 19:38:00,73.33,73.33,73.265,73.265,933
2024-09-27 19:39:00,73.29,73.29,73.28,73.28,600
2024-09-27 19:40:00,73.29,73.29,73.29,73.29,128
2024-09-27 19:44:00,73.3,73.3,73.28,73.28,1167
2024-09-27 19:45:00,73.26,73.26,73.22,73.22,604
2024-09-27 19:46:00,73.23,73.25,73.23,73.25,828
2024-09-27 19:48:00,73.23,73.255,73.23,73.255,244
2024-09-27 19:49:00,73.245,73.245,73.245,73.245,273
2024-09-27 19:50:00,73.25,73.25,73.25,73.25,178
2024-09-27 19:51:00,73.26,73.26,73.26,73.26,217
2024-09-27 19:52:00,73.23,73.23,73.23,73.23,191
2024-09-27 19:53:00,73.22,73.22,73.22,73.22,1373
2024-09-27 19:54:00,73.265,73.265,73.255,73.255,303
2024-09-27 19:55:00,73.25,73.25,73.245,73.245,276
2024-09-27 19:56:00,73.27,73.27,73.25,73.25,821
2024-09-27 19:57:00,73.24,73.24,73.24,73.24,165
2024-09-27 19:58:00,73.23,73.23,73.19,73.21,782
2024-09-27 19:59:00,73.23,73.23,73.18,73.21,3344
2024-09-27 20:01:00,73.23,73.23,73.23,73.23,4033
2024-09-30 11:54:00,72.06,72.06,72.0,72.01,810
2024-09-30 12:00:00,72.01,72.01,72.0,72.0,1556
2024-09-30 12:11:00,72.02,72.02,72.02,72.02,116
2024-09-30 12:17:00,71.6735,71.6735,71.6735,71.6735,500
2024-09-30 12:22:00,71.65,71.65,71.6,71.6,635
2024-09-30 12:25:00,71.6,71.6,71.6,71.6,100
2024-09-30 12:34:00,71.6,71.6,71.6,71.6,710
2024-09-30 12:40:00,71.32,71.32,71.32,71.32,228
2024-09-30 12:49:00,71.3,71.3,71.3,71.3,100
2024-09-30 12:53:00,71.3,71.3,71.3,71.3,350
2024-09-30 13:04:00,71.0224,71.0224,71.0224,71.0224,500
2024-09-30 13:05:00,71.28,71.28,71.0,71.0,1492
2024-09-30 13:22:00,71.0,71.0,71.0,71.0,500
2024-09-30 13:26:00,71.04,71.04,71.0,71.0,1332
2024-09-30 13:30:00,71.43,71.43,71.36,71.36,303
2024-09-30 13:33:00,71.37,71.98,70.81,71.105,6412
2024-09-30 13:34:00,71.25,71.25,71.25,71.25,124
2024-09-30 13:35:00,71.255,71.255,71.255,71.255,868
2024-09-30 13:39:00,71.25,71.25,71.1,71.125,5184
2024-09-30 13:40:00,71.03,71.12,71.02,71.12,475
2024-09-30 13:41:00,71.01,71.05,71.0,71.0,1286
2024-09-30 13:46:00,70.83,70.83,70.83,70.83,272
2024-09-30 13:47:00,70.84,70.88,70.815,70.88,1135
2024-09-30 13:48:00,70.815,70.815,70.815,70.815,243
2024-09-30 13:49:00,70.92,70.92,70.86,70.91,932
2024-09-30 13:52:00,70.97,71.15,70.915,71.02,14811
2024-09-30 13:53:00,71.15,71.15,71.01,71.015,916
2024-09-30 13:54:00,71.015,71.15,71.015,71.1,655
2024-09-30 13:55:00,71.1,71.2,71.1,71.155,14936
2024-09-30 13:56:00,71.155,71.1999,71.08,71.1,5207
2024-09-30 13:57:00,71.08,71.15,70.73,71.14,9011
2024-09-30 13:58:00,71.06,71.15,70.98,71.0,9758
2024-09-30 13:59:00,71.03,71.11,71.0,71.035,1497
2024-09-30 14:00:00,71.09,71.09,71.035,71.04,527
2024-09-30 14:01:00,71.0,71.07,71.0,71.06,520
2024-09-30 14:02:00,71.04,71.125,71.04,71.1,987
2024-09-30 14:03:00,71.045,71.06,71.045,71.045,323
2024-09-30 14:04:00,71.045,71.045,70.95,70.95,466
2024-09-30 14:05:00,71.05,71.05,71.05,71.05,245
2024-09-30 14:06:00,71.055,71.13,70.99,71.055,2007
2024-09-30 14:07:00,71.055,71.09,71.055,71.09,390
2024-09-30 14:08:00,71.055,71.055,71.055,71.055,346
2024-09-30 14:09:00,71.055,71.15,71.01,71.06,15327
2024-09-30 14:10:00,71.05,71.12,71.0,71.04,6086
2024-09-30 14:11:00,71.045,71.09,71.03,71.09,577
2024-09-30 14:12:00,71.02,71.08,71.02,71.08,1504
2024-09-30 14:13:00,71.035,71.035,70.92,71.02,1078
2024-09-30 14:14:00,70.955,70.955,70.955,70.955,419
2024-09-30 14:15:00,70.91,70.96,70.91,70.94,1275
2024-09-30 14:16:00,70.96,71.16,70.93,71.15,16340
2024-09-30 14:17:00,71.15,71.15,71.0,71.08,161482
2024-09-30 14:18:00,71.08,71.08,71.06,71.07,3474
2024-09-30 14:19:00,70.915,70.915,70.83,70.83,1085
2024-09-30 14:21:00,70.75,70.75,70.75,70.75,460
2024-09-30 14:22:00,70.64,70.64,70.64,70.64,106
2024-09-30 14:23:00,70.59,70.68,70.59,70.675,2099
2024-09-30 14:24:00,70.56,70.56,70.49,70.49,1416
2024-09-30 14:25:00,70.46,70.46,70.34,70.38,3266
2024-09-30 14:26:00,70.35,70.38,70.35,70.38,499
2024-09-30 14:27:00,70.37,70.41,70.36,70.405,1163
2024-09-30 14:28:00,70.41,70.43,70.31,70.31,1373
2024-09-30 14:29:00,70.25,70.315,70.19,70.19,2582
2024-09-30 14:30:00,70.19,70.19,70.19,70.19,103
2024-09-30 14:31:00,70.13,70.26,70.12,70.12,2578
2024-09-30 14:32:00,70.11,70.11,70.03,70.03,412
2024-09-30 14:33:00,70.03,70.155,70.03,70.155,633
2024-09-30 14:34:00,70.04,70.14,70.03,70.14,798
2024-09-30 14:35:00,70.13,70.13,70.05,70.05,692
2024-09-30 14:36:00,70.155,70.155,70.03,70.03,586
2024-09-30 14:37:00,70.01,70.125,70.01,70.125,1117
2024-09-30 14:38:00,70.07,70.07,70.07,70.07,170
2024-09-30 14:39:00,70.09,70.13,69.945,70.0,3981
2024-09-30 14:40:00,70.0,70.0,69.945,69.9675,1571
2024-09-30 14:41:00,69.91,69.91,69.89,69.89,1633
2024-09-30 14:42:00,69.88,69.97,69.835,69.97,3787
2024-09-30 14:43:00,69.915,70.14,69.88,70.14,2304
2024-09-30 14:44:00,69.93,69.965,69.93,69.965,897
2024-09-30 14:45:00,70.105,70.105,70.05,70.05,461
2024-09-30 14:46:00,70.11,70.11,70.085,70.085,1139
2024-09-30 14:47:00,70.085,70.14,70.085,70.1,977
2024-09-30 14:48:00,70.165,70.165,70.165,70.165,274
2024-09-30 14:50:00,70.19,70.19,70.15,70.15,839
2024-09-30 14:52:00,70.19,70.19,70.19,70.19,369
2024-09-30 14:53:00,70.205,70.205,70.205,70.205,278
2024-09-30 14:54:00,70.16,70.16,70.16,70.16,421
2024-09-30 14:56:00,70.22,70.22,70.16,70.175,1438
2024-09-30 14:57:00,70.175,70.175,70.055,70.055,916
2024-09-30 14:59:00,70.01,70.01,70.01,70.01,409
2024-09-30 15:02:00,70.0,70.03,69.99,70.02,664
2024-09-30 15:03:00,69.96,69.96,69.96,69.96,368
2024-09-30 15:07:00,70.04,70.04,70.04,70.04,269
2024-09-30 15:08:00,70.04,70.04,70.0,70.04,562
2024-09-30 15:10:00,69.92,69.92,69.92,69.92,396
2024-09-30 15:13:00,69.955,69.955,69.955,69.955,159
2024-09-30 15:19:00,69.84,69.85,69.84,69.85,347
2024-09-30 15:20:00,69.85,69.85,69.8,69.8,417
2024-09-30 15:21:00,69.82,69.82,69.82,69.82,295
2024-09-30 15:22:00,69.84,69.84,69.84,69.84,391
2024-09-30 15:23:00,69.895,69.895,69.8,69.8,349
2024-09-30 15:24:00,69.895,69.895,69.895,69.895,418
2024-09-30 15:26:00,69.8,69.84,69.8,69.84,202
2024-09-30 15:27:00,69.8,69.8,69.75,69.785,1377
2024-09-30 15:28:00,69.75,69.75,69.68,69.68,555
2024-09-30 15:29:00,69.68,69.68,69.68,69.68,214
2024-09-30 15:30:00,69.68,69.68,69.68,69.68,135
2024-09-30 15:34:00,69.69,69.69,69.65,69.68,1884
2024-09-30 15:35:00,69.69,69.69,69.65,69.65,698
2024-09-30 15:36:00,69.69,69.69,69.69,69.69,333
2024-09-30 15:37:00,69.685,69.685,69.63,69.63,668
2024-09-30 15:38:00,69.625,69.625,69.625,69.625,427
2024-09-30 15:41:00,69.535,69.535,69.46,69.46,267
2024-09-30 15:42:00,69.535,69.545,69.535,69.545,417
2024-09-30 15:43:00,69.545,69.545,69.545,69.545,336
2024-09-30 15:44:00,69.54,69.54,69.54,69.54,205
2024-09-30 15:46:00,69.54,69.54,69.54,69.54,179
2024-09-30 15:47:00,69.54,69.54,69.54,69.54,725
2024-09-30 15:48:00,69.535,69.535,69.49,69.49,1703
2024-09-30 15:49:00,69.52,69.62,69.52,69.58,5260
2024-09-30 15:50:00,69.58,69.6,69.58,69.6,831
2024-09-30 15:51:00,69.595,69.75,69.595,69.74,3770
2024-09-30 15:52:00,69.755,70.11,69.755,70.11,4328
2024-09-30 15:54:00,70.005,70.005,70.005,70.005,110
2024-09-30 15:55:00,70.01,70.01,69.945,70.0,557
2024-09-30 15:56:00,69.99,69.99,69.99,69.99,185
2024-09-30 15:57:00,69.93,69.93,69.93,69.93,276
2024-09-30 15:58:00,70.08,70.08,69.96,70.0,1329
2024-09-30 16:00:00,69.9475,70.0,69.9475,69.9943,1344
2024-09-30 16:01:00,69.965,69.965,69.938697,69.938697,687
2024-09-30 16:02:00,69.89,69.935,69.89,69.935,342
2024-09-30 16:03:00,69.89,69.89,69.77,69.79,2553
2024-09-30 16:04:00,69.775,69.775,69.775,69.775,403
2024-09-30 16:05:00,69.775,69.9,69.775,69.9,1475
2024-09-30 16:06:00,69.98,69.99,69.98,69.98,830
2024-09-30 16:07:00,69.99,70.065,69.99,70.065,506
2024-09-30 16:09:00,70.04,70.095,70.04,70.095,620
2024-09-30 16:10:00,70.05,70.09,70.02,70.02,4001
2024-09-30 16:11:00,69.93,69.93,69.925,69.925,809
2024-09-30 16:12:00,69.925,69.99,69.92,69.98,2063
2024-09-30 16:13:00,69.97,69.97,69.97,69.97,110
2024-09-30 16:14:00,69.925,69.925,69.925,69.925,211
2024-09-30 16:16:00,69.925,69.925,69.925,69.925,213
2024-09-30 16:17:00,69.925,69.925,69.925,69.925,222
2024-09-30 16:18:00,69.9785,69.9785,69.9785,69.9785,154
2024-09-30 16:19:00,69.91,69.91,69.8,69.835,1693
2024-09-30 16:20:00,69.825,69.825,69.825,69.825,481
2024-09-30 16:21:00,69.88,69.9,69.88,69.9,1782
2024-09-30 16:22:00,69.9,69.925,69.89,69.89,1197
2024-09-30 16:24:00,69.915,69.915,69.915,69.915,509
2024-09-30 16:26:00,69.96,69.97,69.96,69.97,425
2024-09-30 16:27:00,70.0,70.165,70.0,70.165,2583
2024-09-30 16:28:00,70.18,70.2,70.09,70.13,3444
2024-09-30 16:30:00,70.06,70.12,70.01,70.01,425
2024-09-30 16:32:00,70.01,70.01,70.01,70.01,340
2024-09-30 16:33:00,70.02,70.02,70.01,70.01,1065
2024-09-30 16:36:00,69.955,69.955,69.955,69.955,165
2024-09-30 16:37:00,69.96,69.96,69.96,69.96,349
2024-09-30 16:40:00,69.9,69.9,69.9,69.9,568
2024-09-30 16:42:00,69.91,69.91,69.85,69.85,1317
2024-09-30 16:43:00,69.85,69.91,69.85,69.91,736
2024-09-30 16:45:00,69.915,69.915,69.915,69.915,201
2024-09-30 16:47:00,69.9,69.9,69.9,69.9,167
2024-09-30 16:50:00,69.91,69.91,69.91,69.91,156
2024-09-30 16:53:00,69.92,69.92,69.92,69.92,586
2024-09-30 16:54:00,69.92,69.92,69.92,69.92,340
2024-09-30 16:57:00,69.98,70.01,69.955,70.01,889
2024-09-30 16:59:00,70.075,70.075,70.075,70.075,135
2024-09-30 17:00:00,70.035,70.035,70.035,70.035,332
2024-09-30 17:01:00,70.035,70.035,70.035,70.035,109
2024-09-30 17:02:00,70.1,70.1,70.1,70.1,748
2024-09-30 17:03:00,70.11,70.11,70.11,70.11,422
2024-09-30 17:06:00,70.09,70.09,70.09,70.09,194
2024-09-30 17:07:00,70.09,70.09,70.09,70.09,214
2024-09-30 17:11:00,70.04,70.04,69.9973,70.02,2395
2024-09-30 17:12:00,70.03,70.03,70.03,70.03,257
2024-09-30 17:14:00,70.03,70.03,70.03,70.03,158
2024-09-30 17:15:00,69.98,69.98,69.98,69.98,287
2024-09-30 17:17:00,69.98,69.98,69.98,69.98,237
2024-09-30 17:19:00,69.97,69.97,69.97,69.97,115
2024-09-30 17:21:00,69.97,69.98,69.97,69.98,323
2024-09-30 17:22:00,69.98,69.98,69.98,69.98,240
2024-09-30 17:25:00,70.01,70.01,69.97,70.01,412
2024-09-30 17:26:00,69.97,70.01,69.97,70.01,351
2024-09-30 17:27:00,69.97,69.97,69.97,69.97,399
2024-09-30 17:28:00,69.97,69.97,69.95,69.95,1562
2024-09-30 17:35:00,69.88,69.88,69.88,69.88,157
2024-09-30 17:36:00,69.85,69.85,69.85,69.85,264
2024-09-30 17:37:00,69.88,69.88,69.88,69.88,224
2024-09-30 17:38:00,69.9,69.95,69.9,69.9,1184
2024-09-30 17:39:00,69.9,69.9,69.9,69.9,122
2024-09-30 17:40:00,69.9,69.9,69.9,69.9,180
2024-09-30 17:43:00,69.89,69.89,69.89,69.89,118
2024-09-30 17:45:00,69.95,69.95,69.95,69.95,167
2024-09-30 17:47:00,69.95,69.95,69.95,69.95,108
2024-09-30 17:49:00,69.9,69.9,69.9,69.9,186
2024-09-30 17:50:00,69.85,69.85,69.85,69.85,259
2024-09-30 17:51:00,69.9,69.9,69.9,69.9,108
2024-09-30 17:52:00,69.95,69.95,69.95,69.95,166
2024-09-30 17:53:00,69.95,69.95,69.95,69.95,201
2024-09-30 17:55:00,69.94,69.95,69.88,69.95,2046
2024-09-30 17:56:00,69.9003,69.9003,69.9003,69.9003,102
2024-09-30 17:57:00,69.95,69.95,69.95,69.95,169
2024-09-30 17:58:00,69.9,69.9,69.9,69.9,183
2024-09-30 17:59:00,69.9,69.95,69.9,69.95,406
2024-09-30 18:02:00,69.9,69.9,69.9,69.9,103
2024-09-30 18:03:00,69.95,69.95,69.95,69.95,188
2024-09-30 18:05:00,69.87,69.9,69.87,69.9,393
2024-09-30 18:06:00,69.95,69.95,69.89,69.89,962
2024-09-30 18:07:00,69.85,69.86,69.84,69.84,2560
2024-09-30 18:08:00,69.84,69.84,69.84,69.84,205
2024-09-30 18:09:00,69.84,69.84,69.84,69.84,133
2024-09-30 18:11:00,69.76,69.76,69.75,69.75,538
2024-09-30 18:13:00,69.74,69.74,69.74,69.74,508
2024-09-30 18:15:00,69.75,69.75,69.7,69.74,965
2024-09-30 18:16:00,69.74,69.74,69.74,69.74,205
2024-09-30 18:17:00,69.69,69.69,69.666,69.682,534
2024-09-30 18:18:00,69.715,69.715,69.715,69.715,392
2024-09-30 18:19:00,69.66,69.66,69.6,69.6,1397
2024-09-30 18:20:00,69.585,69.585,69.565,69.565,727
2024-09-30 18:21:00,69.56,69.61,69.56,69.6,953
2024-09-30 18:22:00,69.52,69.6,69.52,69.6,1060
2024-09-30 18:23:00,69.575,69.575,69.575,69.575,387
2024-09-30 18:24:00,69.57,69.57,69.54,69.54,260
2024-09-30 18:26:00,69.59,69.61,69.59,69.61,2476
2024-09-30 18:27:00,69.63,69.64,69.63,69.64,632
2024-09-30 18:29:00,69.72,69.76,69.72,69.76,342
2024-09-30 18:30:00,69.85,69.85,69.85,69.85,210
2024-09-30 18:32:00,69.75,69.75,69.75,69.75,103
2024-09-30 18:33:00,69.79,69.79,69.79,69.79,332
2024-09-30 18:34:00,69.77,69.83,69.77,69.83,339
2024-09-30 18:36:00,69.83,69.83,69.825,69.825,251
2024-09-30 18:37:00,69.825,69.93,69.825,69.93,594
2024-09-30 18:40:00,69.98,69.98,69.98,69.98,560
2024-09-30 18:41:00,69.99,69.99,69.99,69.99,100
2024-09-30 18:42:00,69.93,69.97,69.93,69.97,323
2024-09-30 18:44:00,69.99,69.99,69.99,69.99,326
2024-09-30 18:45:00,69.935,70.0,69.935,70.0,345
2024-09-30 18:47:00,70.0,70.0,70.0,70.0,175
2024-09-30 18:48:00,70.01,70.01,70.01,70.01,156
2024-09-30 18:49:00,69.95,69.95,69.95,69.95,600
2024-09-30 18:50:00,69.96,69.98,69.96,69.98,433
2024-09-30 18:51:00,69.93,69.93,69.93,69.93,1709
2024-09-30 18:53:00,69.91,69.91,69.9,69.9,491
2024-09-30 18:54:00,69.87,69.895,69.87,69.895,615
2024-09-30 18:59:00,69.81,69.81,69.81,69.81,638
2024-09-30 19:00:00,69.64,69.64,69.64,69.64,220
2024-09-30 19:01:00,69.66,69.66,69.66,69.66,118
2024-09-30 19:02:00,69.65,69.65,69.65,69.65,148
2024-09-30 19:04:00,69.64,69.65,69.64,69.65,543
2024-09-30 19:07:00,69.72,69.72,69.72,69.72,204
2024-09-30 19:08:00,69.68,69.68,69.68,69.68,249
2024-09-30 19:09:00,69.69,69.69,69.69,69.69,620
2024-09-30 19:11:00,69.68,69.68,69.68,69.68,653
2024-09-30 19:12:00,69.68,69.68,69.61,69.61,951
2024-09-30 19:13:00,69.6,69.6,69.6,69.6,353
2024-09-30 19:14:00,69.6,69.6,69.6,69.6,138
2024-09-30 19:15:00,69.6,69.6,69.6,69.6,143
2024-09-30 19:16:00,69.6,69.6,69.6,69.6,141
2024-09-30 19:17:00,69.655,69.706,69.58,69.706,419
2024-09-30 19:18:00,69.6,69.6,69.6,69.6,193
2024-09-30 19:19:00,69.6,69.6,69.6,69.6,443
2024-09-30 19:20:00,69.6,69.6,69.6,69.6,1053
2024-09-30 19:22:00,69.675,69.68,69.675,69.675,921
2024-09-30 19:23:00,69.64,69.64,69.64,69.64,380
2024-09-30 19:25:00,69.675,69.675,69.61,69.61,822
2024-09-30 19:26:00,69.675,69.685,69.64,69.685,750
2024-09-30 19:27:00,69.685,69.685,69.685,69.685,722
2024-09-30 19:28:00,69.73,69.73,69.69,69.69,770
2024-09-30 19:29:00,69.6736,69.69,69.6736,69.69,1188
2024-09-30 19:30:00,69.67,69.695,69.67,69.67,636
2024-09-30 19:31:00,69.67,69.67,69.67,69.67,519
2024-09-30 19:32:00,69.65,69.665,69.635,69.6375,2290
2024-09-30 19:34:00,69.63,69.63,69.595,69.61,5159
2024-09-30 19:35:00,69.63,69.72,69.63,69.72,587
2024-09-30 19:36:00,69.71,69.71,69.71,69.71,127
2024-09-30 19:37:00,69.69,69.69,69.69,69.69,339
2024-09-30 19:38:00,69.685,69.685,69.685,69.685,447
2024-09-30 19:39:00,69.74,69.74,69.74,69.74,798
2024-09-30 19:40:00,69.7282,69.81,69.7282,69.76,1415
2024-09-30 19:42:00,69.73,69.73,69.73,69.73,548
2024-09-30 19:43:00,69.75,69.78,69.75,69.78,1063
2024-09-30 19:44:00,69.77,69.84,69.77,69.84,1145
2024-09-30 19:45:00,69.89,69.93,69.875,69.93,1645
2024-09-30 19:46:00,70.015,70.08,70.015,70.08,1556
2024-09-30 19:47:00,70.08,70.18,70.08,70.18,1204
2024-09-30 19:48:00,70.14,70.18,70.12,70.18,9183
2024-09-30 19:49:00,70.12,70.13,70.05,70.05,6149
2024-09-30 19:50:00,70.085,70.085,70.02,70.03,3612
2024-09-30 19:51:00,70.1,70.19,70.1,70.19,1576
2024-09-30 19:52:00,70.19,70.22,70.185,70.195,1468
2024-09-30 19:53:00,70.21,70.24,70.15,70.16,9876
2024-09-30 19:54:00,70.14,70.16,70.13,70.14,5132
2024-09-30 19:55:00,70.19,70.285,70.19,70.26,7048
2024-09-30 19:56:00,70.26,70.265,70.17,70.17,5018
2024-09-30 19:57:00,70.16,70.21,70.16,70.18,5519
2024-09-30 19:58:00,70.2,70.2,70.13,70.13,6640
2024-09-30 19:59:00,70.13,70.13,69.94,69.98,18025
2024-09-30 20:06:00,70.0,70.0,70.0,70.0,467
2024-09-30 21:29:00,71.34,71.34,71.34,71.34,380
2024-09-30 21:39:00,70.12,70.12,70.12,70.12,335
2024-09-30 21:48:00,69.48,69.49,69.48,69.49,438
2024-10-01 08:03:00,71.0,71.05,71.0,71.05,501
2024-10-01 13:30:00,69.96,69.96,69.96,69.96,596
2024-10-01 13:31:00,69.95,69.95,69.95,69.95,106
2024-10-01 13:32:00,70.315,70.315,70.315,70.315,198
2024-10-01 13:33:00,70.5,70.5,70.5,70.5,127
2024-10-01 13:35:00,69.815,69.9,69.815,69.87,581
2024-10-01 13:36:00,69.82,69.82,69.73,69.805,2444
2024-10-01 13:38:00,69.5,69.57,69.5,69.57,946
2024-10-01 13:41:00,69.34,69.34,69.221,69.221,411
2024-10-01 13:42:00,69.395,69.395,69.26,69.26,635
2024-10-01 13:43:00,69.55,69.55,69.55,69.55,552
2024-10-01 13:46:00,69.51,69.51,69.45,69.465,613
2024-10-01 13:47:00,69.695,69.695,69.44,69.44,2362
2024-10-01 13:49:00,69.44,69.565,69.44,69.565,313
2024-10-01 13:50:00,69.45,69.45,69.45,69.45,363
2024-10-01 13:53:00,69.565,69.565,69.565,69.565,375
2024-10-01 13:55:00,69.67,69.67,69.48,69.48,2865
2024-10-01 13:56:00,69.525,69.525,69.525,69.525,295
2024-10-01 13:57:00,69.53,69.53,69.53,69.53,642
2024-10-01 13:59:00,69.54,69.54,69.54,69.54,261
2024-10-01 14:00:00,69.45,69.62,69.44,69.575,1559
2024-10-01 14:01:00,69.65,69.65,69.65,69.65,326
2024-10-01 14:02:00,69.58,69.58,69.5,69.53,3642
2024-10-01 14:03:00,69.535,69.58,69.47,69.58,949
2024-10-01 14:04:00,69.57,69.59,69.57,69.59,2390
2024-10-01 14:05:00,69.655,69.655,69.655,69.655,513
2024-10-01 14:07:00,69.655,69.655,69.54,69.61,898
2024-10-01 14:08:00,69.61,69.61,69.51,69.51,638
2024-10-01 14:09:00,69.46,69.46,69.46,69.46,309
2024-10-01 14:10:00,69.45,69.57,69.45,69.565,570
2024-10-01 14:11:00,69.45,69.51,69.45,69.51,1390
2024-10-01 14:12:00,69.46,69.47,69.46,69.47,551
2024-10-01 14:15:00,69.505,69.505,69.505,69.505,203
2024-10-01 14:17:00,69.505,69.505,69.505,69.505,213
2024-10-01 14:18:00,69.505,69.505,69.505,69.505,100
2024-10-01 14:20:00,69.69,69.69,69.62,69.65,1238
2024-10-01 14:21:00,69.67,69.81,69.67,69.81,1201
2024-10-01 14:23:00,69.805,69.91,69.805,69.91,907
2024-10-01 14:26:00,69.84,69.84,69.84,69.84,275
2024-10-01 14:27:00,69.93,69.93,69.805,69.805,224
2024-10-01 14:28:00,69.66,69.805,69.63,69.63,549
2024-10-01 14:30:00,69.65,69.815,69.62,69.72,2233
2024-10-01 14:31:00,69.65,69.65,69.65,69.65,200
2024-10-01 14:34:00,69.65,69.65,69.65,69.65,265
2024-10-01 14:36:00,69.78,69.8,69.74,69.8,1286
2024-10-01 14:37:00,69.8,69.88,69.8,69.88,931
2024-10-01 14:40:00,69.955,69.955,69.955,69.955,241
2024-10-01 14:43:00,69.97,70.08,69.97,70.04,724
2024-10-01 14:46:00,70.11,70.11,70.1,70.1,548
2024-10-01 14:47:00,70.02,70.085,70.02,70.085,216
2024-10-01 14:48:00,70.03,70.03,70.03,70.03,248
2024-10-01 14:49:00,70.03,70.03,69.93,69.96,532
2024-10-01 14:51:00,69.915,69.915,69.915,69.915,105
2024-10-01 14:54:00,69.915,69.92,69.89,69.92,301
2024-10-01 14:56:00,69.78,69.9,69.78,69.9,316
2024-10-01 14:59:00,69.875,69.875,69.865,69.865,333
2024-10-01 15:00:00,69.81,69.85,69.81,69.85,505
2024-10-01 15:01:00,69.79,69.805,69.79,69.79,658
2024-10-01 15:02:00,69.745,69.745,69.745,69.745,256
2024-10-01 15:04:00,69.7375,69.7375,69.7275,69.7275,262
2024-10-01 15:06:00,69.57,69.57,69.5525,69.5525,227
2024-10-01 15:07:00,69.51,69.51,69.51,69.51,106
2024-10-01 15:11:00,69.325,69.325,69.325,69.325,129
2024-10-01 15:13:00,69.315,69.315,69.315,69.315,360
2024-10-01 15:14:00,69.28,69.34,69.28,69.34,342
2024-10-01 15:16:00,69.34,69.345,69.34,69.345,228
2024-10-01 15:18:00,69.35,69.355,69.35,69.355,220
2024-10-01 15:19:00,69.36,69.365,69.36,69.365,469
2024-10-01 15:20:00,69.365,69.43,69.365,69.43,1195
2024-10-01 15:21:00,69.4575,69.4575,69.4575,69.4575,127
2024-10-01 15:22:00,69.48,69.48,69.48,69.48,161
2024-10-01 15:26:00,69.455,69.455,69.455,69.455,128
2024-10-01 15:27:00,69.455,69.455,69.455,69.455,100
2024-10-01 15:28:00,69.455,69.455,69.455,69.455,120
2024-10-01 15:29:00,69.485,69.55,69.485,69.495,1571
2024-10-01 15:30:00,69.42,69.45,69.415,69.415,1064
2024-10-01 15:32:00,69.495,69.495,69.495,69.495,103
2024-10-01 15:33:00,69.55,69.55,69.49,69.49,210
2024-10-01 15:34:00,69.56,69.56,69.56,69.56,423
2024-10-01 15:38:00,69.585,69.585,69.564035,69.564035,740
2024-10-01 15:40:00,69.65,69.65,69.65,69.65,400
2024-10-01 15:43:00,69.72,69.72,69.72,69.72,106
2024-10-01 15:45:00,69.72,69.72,69.72,69.72,201
2024-10-01 15:46:00,69.62,69.67,69.59,69.59,492
2024-10-01 15:47:00,69.62,69.62,69.62,69.62,105
2024-10-01 15:51:00,69.75,69.75,69.66,69.66,458
2024-10-01 15:52:00,69.66,69.66,69.66,69.66,108
2024-10-01 15:53:00,69.6335,69.66,69.6,69.6,360
2024-10-01 15:55:00,69.63,69.665,69.63,69.665,210
2024-10-01 15:57:00,69.665,69.665,69.665,69.665,101
2024-10-01 15:58:00,69.665,69.665,69.665,69.665,100
2024-10-01 16:01:00,69.6575,69.665,69.6575,69.665,257
2024-10-01 16:03:00,69.67,69.73,69.67,69.73,462
2024-10-01 16:04:00,69.73,69.73,69.63,69.63,728
2024-10-01 16:06:00,69.75,69.75,69.72,69.75,914
2024-10-01 16:08:00,69.735,69.75,69.735,69.75,215
2024-10-01 16:10:00,69.75,69.77,69.75,69.77,321
2024-10-01 16:11:00,69.745,69.75,69.745,69.75,320
2024-10-01 16:12:00,69.745,69.75,69.745,69.75,242
2024-10-01 16:13:00,69.75,69.75,69.75,69.75,122
2024-10-01 16:14:00,69.7,69.7899,69.68,69.7899,861
2024-10-01 16:18:00,69.71,69.71,69.65,69.65,201
2024-10-01 16:19:00,69.71,69.71,69.71,69.71,111
2024-10-01 16:21:00,69.67,69.68,69.67,69.68,213
2024-10-01 16:22:00,69.63,69.6301,69.63,69.63,626
2024-10-01 16:23:00,69.63,69.63,69.63,69.63,427
2024-10-01 16:25:00,69.62,69.62,69.62,69.62,112
2024-10-01 16:29:00,69.61,69.61,69.61,69.61,128
2024-10-01 16:32:00,69.52,69.52,69.52,69.52,474
2024-10-01 16:34:00,69.485,69.485,69.485,69.485,519
2024-10-01 16:36:00,69.525,69.525,69.525,69.525,259
2024-10-01 16:37:00,69.525,69.525,69.525,69.525,221
2024-10-01 16:38:00,69.53,69.53,69.53,69.53,116
2024-10-01 16:39:00,69.53,69.53,69.53,69.53,132
2024-10-01 16:40:00,69.53,69.53,69.53,69.53,112
2024-10-01 16:42:00,69.58,69.58,69.5,69.5,938
2024-10-01 16:45:00,69.53,69.53,69.53,69.53,281
2024-10-01 16:50:00,69.44,69.44,69.44,69.44,269
2024-10-01 16:51:00,69.53,69.53,69.53,69.53,337
2024-10-01 16:52:00,69.44,69.44,69.44,69.44,110
2024-10-01 16:53:00,69.47,69.54,69.47,69.54,945
2024-10-01 16:54:00,69.66,69.66,69.66,69.66,541
2024-10-01 16:56:00,69.7,69.7,69.7,69.7,173
2024-10-01 16:58:00,69.73,69.73,69.69,69.69,558
2024-10-01 17:00:00,69.61,69.6775,69.61,69.6775,450
2024-10-01 17:01:00,69.66,69.66,69.65,69.65,382
2024-10-01 17:05:00,69.5,69.5,69.5,69.5,132
2024-10-01 17:06:00,69.47,69.47,69.47,69.47,139
2024-10-01 17:07:00,69.55,69.55,69.55,69.55,177
2024-10-01 17:11:00,69.48,69.48,69.47,69.47,556
2024-10-01 17:12:00,69.4,69.485,69.4,69.485,200
2024-10-01 17:13:00,69.53,69.53,69.51,69.51,381
2024-10-01 17:15:00,69.4114,69.4114,69.4114,69.4114,257
2024-10-01 17:17:00,69.37,69.4,69.37,69.4,332
2024-10-01 17:18:00,69.42,69.42,69.42,69.42,324
2024-10-01 17:20:00,69.42,69.42,69.42,69.42,151
2024-10-01 17:21:00,69.42,69.42,69.42,69.42,241
2024-10-01 17:22:00,69.42,69.425,69.42,69.425,269
2024-10-01 17:25:00,69.34,69.435,69.34,69.435,736
2024-10-01 17:28:00,69.385,69.4,69.385,69.4,356
2024-10-01 17:29:00,69.385,69.385,69.385,69.385,112
2024-10-01 17:31:00,69.44,69.44,69.39,69.405,4191
2024-10-01 17:32:00,69.47,69.51,69.455,69.51,1904
2024-10-01 17:34:00,69.51,69.51,69.51,69.51,226
2024-10-01 17:35:00,69.455,69.455,69.455,69.455,198
2024-10-01 17:36:00,69.465,69.465,69.45,69.465,312
2024-10-01 17:37:00,69.47,69.47,69.46,69.47,1577
2024-10-01 17:40:00,69.51,69.51,69.48,69.48,633
2024-10-01 17:41:00,69.51,69.54,69.51,69.51,986
2024-10-01 17:42:00,69.56,69.56,69.56,69.56,100
2024-10-01 17:43:00,69.63,69.71,69.63,69.71,244
2024-10-01 17:45:00,69.69,69.69,69.69,69.69,203
2024-10-01 17:47:00,69.65,69.65,69.65,69.65,100
2024-10-01 17:49:00,69.65,69.735,69.65,69.735,389
2024-10-01 17:50:00,69.765,69.765,69.765,69.765,265
2024-10-01 17:51:00,69.77,69.77,69.77,69.77,150
2024-10-01 17:55:00,69.785,69.82,69.785,69.82,1137
2024-10-01 17:59:00,69.95,69.95,69.95,69.95,530
2024-10-01 18:00:00,70.06,70.06,70.015,70.05,411
2024-10-01 18:02:00,70.06,70.06,70.06,70.06,181
2024-10-01 18:03:00,70.03,70.03,70.03,70.03,139
2024-10-01 18:06:00,70.205,70.29,70.18,70.29,1093
2024-10-01 18:07:00,70.205,70.205,70.205,70.205,128
2024-10-01 18:09:00,70.21,70.21,70.21,70.21,175
2024-10-01 18:11:00,70.215,70.215,70.215,70.215,132
2024-10-01 18:12:00,70.16,70.225,70.16,70.225,312
2024-10-01 18:13:00,70.225,70.225,70.225,70.225,193
2024-10-01 18:15:00,70.15,70.19,69.96,69.96,7228
2024-10-01 18:16:00,70.04,70.08,70.02,70.08,1672
2024-10-01 18:17:00,70.065,70.065,70.065,70.065,387
2024-10-01 18:18:00,70.055,70.055,70.055,70.055,100
2024-10-01 18:19:00,70.0,70.05,70.0,70.05,705
2024-10-01 18:20:00,70.05,70.05,70.05,70.05,2584
2024-10-01 18:22:00,70.0,70.04,69.96,69.99,5609
2024-10-01 18:23:00,69.96,69.975,69.95,69.95,594
2024-10-01 18:25:00,69.96,69.96,69.95,69.95,260
2024-10-01 18:26:00,69.95,69.95,69.95,69.95,330
2024-10-01 18:27:00,69.93,69.98,69.88,69.88,1998
2024-10-01 18:28:00,69.9525,69.955,69.95,69.95,825
2024-10-01 18:29:00,69.955,69.98,69.93,69.95,1638
2024-10-01 18:30:00,69.97,70.1,69.95,70.1,4675
2024-10-01 18:31:00,70.1,70.11,69.99,70.0,17156
2024-10-01 18:32:00,70.0,70.06,69.99,70.06,11161
2024-10-01 18:33:00,70.05,70.05,69.95,69.95,5266
2024-10-01 18:34:00,70.0,70.02,69.99,70.0,1256
2024-10-01 18:35:00,70.0,70.0,69.95,69.95,411
2024-10-01 18:36:00,70.0,70.0,70.0,70.0,360
2024-10-01 18:37:00,69.9405,69.9405,69.9405,69.9405,1048
2024-10-01 18:38:00,69.95,69.95,69.905,69.905,1224
2024-10-01 18:39:00,69.82,69.82,69.82,69.82,320
2024-10-01 18:41:00,69.925,69.925,69.925,69.925,100
2024-10-01 18:42:00,70.0,70.0,69.945,69.945,3404
2024-10-01 18:43:00,70.0,70.0,69.95,70.0,3273
2024-10-01 18:44:00,69.99,70.0,69.99,70.0,1203
2024-10-01 18:46:00,70.015,70.015,70.0,70.0,2209
2024-10-01 18:47:00,70.0,70.02,69.97,70.0,7447
2024-10-01 18:48:00,69.97,69.97,69.96,69.96,715
2024-10-01 18:49:00,69.96,70.0,69.935,69.975,4184
2024-10-01 18:50:00,70.0,70.055,69.96,69.98,4911
2024-10-01 18:51:00,70.02,70.04,69.92,70.0,9787
2024-10-01 18:52:00,70.01,70.035,69.985,69.985,1642
2024-10-01 18:55:00,69.975,69.975,69.975,69.975,436
2024-10-01 18:56:00,70.045,70.08,70.0,70.08,1836
2024-10-01 18:57:00,70.057,70.057,70.057,70.057,514
2024-10-01 19:00:00,70.09,70.09,70.01,70.01,1983
2024-10-01 19:01:00,70.0,70.0,70.0,70.0,264
2024-10-01 19:02:00,70.03,70.03,69.95,69.95,1291
2024-10-01 19:04:00,70.0,70.015,69.98,70.0,1937
2024-10-01 19:05:00,70.0,70.0,70.0,70.0,581
2024-10-01 19:06:00,70.0,70.0,69.92,69.92,1124
2024-10-01 19:07:00,69.945,69.97,69.945,69.97,2269
2024-10-01 19:08:00,70.01,70.01,70.0,70.0,1357
2024-10-01 19:09:00,70.0,70.0,70.0,70.0,100
2024-10-01 19:10:00,70.0,70.0,70.0,70.0,166
2024-10-01 19:11:00,69.98,69.98,69.98,69.98,627
2024-10-01 19:12:00,69.89,69.93,69.84,69.84,793
2024-10-01 19:13:00,69.93,69.93,69.925,69.925,389
2024-10-01 19:14:00,69.8225,69.8225,69.8225,69.8225,300
2024-10-01 19:15:00,69.855,69.855,69.855,69.855,276
2024-10-01 19:17:00,69.8431,69.885,69.8431,69.885,413
2024-10-01 19:18:00,69.885,69.885,69.84,69.84,1854
2024-10-01 19:19:00,69.83,69.84,69.825,69.825,1328
2024-10-01 19:20:00,69.79,69.865,69.79,69.865,406
2024-10-01 19:21:00,69.94,70.02,69.93,70.02,2762
2024-10-01 19:22:00,70.035,70.05,70.035,70.035,656
2024-10-01 19:23:00,70.02,70.025,70.02,70.025,414
2024-10-01 19:25:00,69.99,70.02,69.95,69.98,2099
2024-10-01 19:27:00,70.0176,70.03,69.995,70.03,2684
2024-10-01 19:28:00,70.045,70.065,70.045,70.065,508
2024-10-01 19:29:00,70.055,70.055,70.055,70.055,403
2024-10-01 19:30:00,70.02,70.055,70.02,70.055,907
2024-10-01 19:32:00,70.055,70.055,69.97,70.015,1254
2024-10-01 19:33:00,69.97,69.98,69.97,69.98,1056
2024-10-01 19:35:00,69.89,69.895,69.89,69.895,1045
2024-10-01 19:36:00,69.85,69.875,69.85,69.875,685
2024-10-01 19:37:00,69.84,69.9,69.82,69.82,1067
2024-10-01 19:38:00,69.8403,69.91,69.8403,69.91,738
2024-10-01 19:39:00,69.92,70.01,69.91,70.005,1250
2024-10-01 19:40:00,70.0,70.01,70.0,70.01,425
2024-10-01 19:41:00,70.01,70.07,70.005,70.005,2248
2024-10-01 19:42:00,70.005,70.06,70.005,70.005,1027
2024-10-01 19:43:00,70.005,70.07,69.96,70.005,1818
2024-10-01 19:44:00,70.005,70.03,69.96,69.96,1073
2024-10-01 19:45:00,70.0,70.0,70.0,70.0,1535
2024-10-01 19:46:00,70.0,70.01,69.98,70.0,2144
2024-10-01 19:47:00,70.0,70.025,70.0,70.025,1275
2024-10-01 19:48:00,70.025,70.06,70.02,70.03,1548
2024-10-01 19:49:00,70.06,70.06,69.954677,70.02,2495
2024-10-01 19:50:00,70.02,70.08,69.99,70.025,13024
2024-10-01 19:51:00,70.025,70.04,69.99,70.04,2137
2024-10-01 19:52:00,70.07,70.08,70.045,70.08,2735
2024-10-01 19:53:00,70.045,70.08,70.02,70.08,1839
2024-10-01 19:54:00,70.08,70.1,70.03,70.04,4649
2024-10-01 19:55:00,70.08,70.08,70.015,70.02,4364
2024-10-01 19:56:00,70.02,70.05,70.02,70.03,3317
2024-10-01 19:57:00,70.03,70.06,69.97,69.99,3449
2024-10-01 19:58:00,70.02,70.02,69.97,69.97,6954
2024-10-01 19:59:00,70.0,70.05,69.91,70.01,13091
2024-10-02 10:06:00,69.78,69.78,69.78,69.78,100
2024-10-02 12:20:00,71.2038,71.2038,71.2038,71.2038,80000
2024-10-02 13:27:00,70.32,70.32,70.32,70.32,100
2024-10-02 13:30:00,70.06,70.22,69.96,70.21,2957
2024-10-02 13:31:00,70.19,70.19,70.19,70.19,303
2024-10-02 13:32:00,70.15,70.15,70.055,70.055,2366
2024-10-02 13:34:00,69.92,69.95,69.92,69.95,625
2024-10-02 13:35:00,69.95,70.02,69.95,69.995,1815
2024-10-02 13:36:00,70.04,70.04,70.0,70.02,1300
2024-10-02 13:37:00,70.025,70.025,69.95,69.95,767
2024-10-02 13:38:00,69.95,69.95,69.92,69.935,1134
2024-10-02 13:39:00,69.93,69.95,69.9,69.9,335
2024-10-02 13:41:00,69.88,69.88,69.88,69.88,240
2024-10-02 13:43:00,69.8,69.8,69.8,69.8,424
2024-10-02 13:44:00,69.78,69.78,69.78,69.78,369
2024-10-02 13:46:00,69.815,69.86,69.815,69.815,734
2024-10-02 13:47:00,69.9,69.93,69.9,69.93,1050
2024-10-02 13:48:00,69.905,70.06,69.905,69.94,2790
2024-10-02 13:49:00,69.96,70.02,69.96,69.985,3304
2024-10-02 13:50:00,70.0,70.02,69.94,69.945,5139
2024-10-02 13:51:00,69.96,70.0,69.925,69.925,1740
2024-10-02 13:52:00,69.925,70.0,69.925,69.98,378
2024-10-02 13:53:00,69.96,70.0,69.925,69.96,1236
2024-10-02 13:54:00,70.0,70.0,70.0,70.0,723
2024-10-02 13:55:00,70.0,70.0,70.0,70.0,494
2024-10-02 13:56:00,70.01,70.01,70.01,70.01,188
2024-10-02 13:58:00,70.1423,70.1423,70.1423,70.1423,333
2024-10-02 13:59:00,70.01,70.02,70.01,70.01,961
2024-10-02 14:02:00,70.185,70.185,70.185,70.185,243
2024-10-02 14:03:00,70.205,70.3,70.205,70.3,404
2024-10-02 14:06:00,70.25,70.25,70.25,70.25,113
2024-10-02 14:07:00,70.19,70.19,70.19,70.19,230
2024-10-02 14:08:00,70.13,70.13,70.13,70.13,165
2024-10-02 14:10:00,70.24,70.26,70.24,70.26,260
2024-10-02 14:11:00,70.21,70.21,70.21,70.21,134
2024-10-02 14:12:00,70.22,70.22,70.13,70.13,774
2024-10-02 14:14:00,70.14,70.14,70.13,70.13,348
2024-10-02 14:17:00,70.14,70.14,70.13,70.13,341
2024-10-02 14:19:00,70.25,70.25,70.25,70.25,882
2024-10-02 14:20:00,70.25,70.27,70.25,70.25,1272
2024-10-02 14:22:00,70.19,70.19,70.19,70.19,259
2024-10-02 14:23:00,70.12,70.135,70.1,70.135,1237
2024-10-02 14:26:00,70.06,70.06,70.06,70.06,103
2024-10-02 14:27:00,70.155,70.155,70.155,70.155,119
2024-10-02 14:29:00,70.09,70.09,70.09,70.09,101
2024-10-02 14:30:00,70.155,70.155,70.155,70.155,119
2024-10-02 14:32:00,70.21,70.21,70.1,70.1,346
2024-10-02 14:33:00,70.22,70.22,70.155,70.155,218
2024-10-02 14:34:00,70.155,70.155,70.155,70.155,245
2024-10-02 14:35:00,70.1,70.1,70.1,70.1,111
2024-10-02 14:37:00,70.08,70.08,70.07,70.07,430
2024-10-02 14:39:00,70.04,70.04,70.04,70.04,121
2024-10-02 14:41:00,70.07,70.07,70.07,70.07,205
2024-10-02 14:44:00,70.06,70.14,70.06,70.14,202
2024-10-02 14:47:00,70.05,70.05,70.05,70.05,105
2024-10-02 14:48:00,70.13,70.13,70.13,70.13,102
2024-10-02 14:49:00,70.13,70.21,70.13,70.15,1166
2024-10-02 14:50:00,70.11,70.11,70.11,70.11,190
2024-10-02 14:51:00,70.22,70.22,70.22,70.22,100
2024-10-02 14:53:00,70.1,70.1,70.1,70.1,100
2024-10-02 14:54:00,70.09,70.1,70.035,70.035,1530
2024-10-02 14:55:00,70.035,70.035,69.9,70.0,2588
2024-10-02 14:56:00,69.875,69.875,69.875,69.875,256
2024-10-02 14:58:00,69.9,69.9,69.9,69.9,441
2024-10-02 15:00:00,69.885,69.885,69.885,69.885,226
2024-10-02 15:01:00,69.8629,69.8629,69.81,69.81,822
2024-10-02 15:03:00,69.865,69.89,69.865,69.865,888
2024-10-02 15:04:00,69.89,69.89,69.89,69.89,301
2024-10-02 15:05:00,69.93,69.93,69.93,69.93,105
2024-10-02 15:06:00,69.92,69.92,69.86,69.86,216
2024-10-02 15:07:00,69.82,69.82,69.82,69.82,397
2024-10-02 15:09:00,69.855,69.855,69.855,69.855,100
2024-10-02 15:10:00,69.85,69.85,69.8,69.8,2201
2024-10-02 15:11:00,69.84,69.84,69.78,69.78,1591
2024-10-02 15:12:00,69.8,69.81,69.76,69.79,1799
2024-10-02 15:13:00,69.79,69.79,69.76,69.76,1146
2024-10-02 15:15:00,69.785,69.785,69.785,69.785,109
2024-10-02 15:17:00,69.78,69.78,69.76,69.78,707
2024-10-02 15:18:00,69.77,69.78,69.77,69.78,1071
2024-10-02 15:19:00,69.78,69.805,69.78,69.805,1237
2024-10-02 15:20:00,69.77,69.77,69.705,69.705,974
2024-10-02 15:22:00,69.74,69.74,69.7,69.7,609
2024-10-02 15:27:00,69.755,69.755,69.67,69.67,829
2024-10-02 15:29:00,69.745,69.745,69.745,69.745,436
2024-10-02 15:31:00,69.75,69.75,69.75,69.75,362
2024-10-02 15:33:00,69.8,69.8,69.75,69.75,395
2024-10-02 15:34:00,69.76,69.775,69.76,69.775,400
2024-10-02 15:35:00,69.795,69.8,69.795,69.8,593
2024-10-02 15:36:00,69.83,69.85,69.825,69.825,1881
2024-10-02 15:37:00,69.8,69.83,69.75,69.8,3064
2024-10-02 15:38:00,69.84,69.84,69.78,69.7966,1853
2024-10-02 15:39:00,69.805,69.805,69.805,69.805,103
2024-10-02 15:41:00,69.76,69.85,69.76,69.78,3176
2024-10-02 15:45:00,69.85,69.85,69.8015,69.8015,796
2024-10-02 15:46:00,69.805,69.805,69.79,69.79,410
2024-10-02 15:48:00,69.825,69.825,69.825,69.825,442
2024-10-02 15:49:00,69.844,69.844,69.844,69.844,170
2024-10-02 15:51:00,69.85,69.85,69.825,69.85,597
2024-10-02 15:53:00,69.84,69.84,69.84,69.84,431
2024-10-02 15:54:00,69.85,69.85,69.8,69.83,2004
2024-10-02 15:55:00,69.81,69.82,69.81,69.82,254
2024-10-02 15:56:00,69.8265,69.8265,69.8265,69.8265,306
2024-10-02 16:00:00,69.8134,69.85,69.8134,69.85,552
2024-10-02 16:01:00,69.85,69.85,69.845,69.85,1048
2024-10-02 16:02:00,69.84,69.85,69.84,69.85,1718
2024-10-02 16:03:00,69.85,69.875,69.845,69.875,2125
2024-10-02 16:06:00,69.92,69.97,69.92,69.97,534
2024-10-02 16:08:00,69.96,69.99,69.94,69.94,2651
2024-10-02 16:10:00,69.945,69.945,69.945,69.945,370
2024-10-02 16:15:00,69.9,69.9,69.9,69.9,519
2024-10-02 16:18:00,69.87,69.87,69.87,69.87,601
2024-10-02 16:20:00,69.83,69.83,69.82,69.82,366
2024-10-02 16:24:00,69.86,69.86,69.86,69.86,100
2024-10-02 16:25:00,69.88,69.9,69.88,69.9,374
2024-10-02 16:26:00,69.85,69.85,69.85,69.85,520
2024-10-02 16:28:00,69.84,69.84,69.84,69.84,165
2024-10-02 16:29:00,69.82,69.82,69.82,69.82,514
2024-10-02 16:33:00,69.8094,69.8094,69.77,69.77,481
2024-10-02 16:34:00,69.75,69.75,69.75,69.75,311
2024-10-02 16:37:00,69.73,69.76,69.7,69.76,940
2024-10-02 16:40:00,69.7,69.7,69.7,69.7,627
2024-10-02 16:42:00,69.69,69.69,69.69,69.69,404
2024-10-02 16:45:00,69.64,69.65,69.62,69.62,673
2024-10-02 16:53:00,69.685,69.685,69.685,69.685,118
2024-10-02 16:57:00,69.685,69.685,69.685,69.685,429
2024-10-02 16:58:00,69.63,69.63,69.63,69.63,126
2024-10-02 16:59:00,69.62,69.62,69.62,69.62,155
2024-10-02 17:05:00,69.56,69.56,69.56,69.56,578
2024-10-02 17:08:00,69.5986,69.5986,69.5986,69.5986,237
2024-10-02 17:09:00,69.48,69.51,69.48,69.51,1012
2024-10-02 17:11:00,69.4984,69.4984,69.49,69.49,327
2024-10-02 17:19:00,69.61,69.61,69.61,69.61,135
2024-10-02 17:21:00,69.61,69.61,69.61,69.61,343
2024-10-02 17:24:00,69.59,69.59,69.53,69.53,200
2024-10-02 17:32:00,69.61,69.6744,69.61,69.615,1352
2024-10-02 17:35:00,69.55,69.6089,69.55,69.55,899
2024-10-02 17:37:00,69.635,69.635,69.635,69.635,172
2024-10-02 17:38:00,69.68,69.68,69.68,69.68,157
2024-10-02 17:42:00,69.68,69.68,69.68,69.68,479
2024-10-02 17:44:00,69.68,69.68,69.68,69.68,299
2024-10-02 17:46:00,69.68,69.68,69.68,69.68,630
2024-10-02 17:47:00,69.7,69.7,69.7,69.7,184
2024-10-02 17:49:00,69.73,69.74,69.73,69.73,1150
2024-10-02 17:50:00,69.75,69.75,69.75,69.75,277
2024-10-02 17:56:00,69.77,69.77,69.77,69.77,409
2024-10-02 17:57:00,69.77,69.77,69.77,69.77,415
2024-10-02 17:58:00,69.71,69.72,69.71,69.72,765
2024-10-02 17:59:00,69.72,69.72,69.72,69.72,433
2024-10-02 18:09:00,69.74,69.74,69.74,69.74,134
2024-10-02 18:11:00,69.7,69.7,69.7,69.7,188
2024-10-02 18:12:00,69.68,69.69,69.68,69.69,926
2024-10-02 18:13:00,69.67,69.67,69.67,69.67,1078
2024-10-02 18:14:00,69.68,69.68,69.59,69.59,1311
2024-10-02 18:17:00,69.59,69.59,69.58,69.58,848
2024-10-02 18:18:00,69.59,69.6,69.59,69.6,333
2024-10-02 18:20:00,69.58,69.58,69.58,69.58,186
2024-10-02 18:21:00,69.61,69.61,69.61,69.61,186
2024-10-02 18:26:00,69.6,69.6,69.53,69.53,1190
2024-10-02 18:27:00,69.53,69.53,69.53,69.53,611
2024-10-02 18:28:00,69.5,69.5,69.49,69.49,1611
2024-10-02 18:31:00,69.51,69.51,69.51,69.51,446
2024-10-02 18:34:00,69.5,69.5,69.5,69.5,587
2024-10-02 18:35:00,69.53,69.53,69.53,69.53,276
2024-10-02 18:37:00,69.53,69.53,69.53,69.53,103
2024-10-02 18:40:00,69.53,69.53,69.53,69.53,227
2024-10-02 18:42:00,69.53,69.53,69.53,69.53,126
2024-10-02 18:44:00,69.53,69.54,69.53,69.54,750
2024-10-02 18:45:00,69.53,69.55,69.51,69.53,1427
2024-10-02 18:48:00,69.535,69.535,69.535,69.535,100
2024-10-02 18:49:00,69.51,69.51,69.51,69.51,206
2024-10-02 18:50:00,69.535,69.535,69.47,69.49,1571
2024-10-02 18:51:00,69.505,69.505,69.485,69.5,1251
2024-10-02 18:57:00,69.57,69.57,69.57,69.57,166
2024-10-02 18:59:00,69.54,69.54,69.54,69.54,252
2024-10-02 19:00:00,69.58,69.58,69.54,69.54,211
2024-10-02 19:05:00,69.525,69.525,69.525,69.525,213
2024-10-02 19:10:00,69.51,69.51,69.51,69.51,150
2024-10-02 19:13:00,69.45,69.48,69.363,69.435,5200
2024-10-02 19:14:00,69.44,69.51,69.41,69.49,1754
2024-10-02 19:21:00,69.485,69.485,69.485,69.485,175
2024-10-02 19:22:00,69.43,69.43,69.35,69.35,973
2024-10-02 19:23:00,69.445,69.445,69.445,69.445,312
2024-10-02 19:24:00,69.44,69.44,69.44,69.44,783
2024-10-02 19:27:00,69.415,69.415,69.415,69.415,373
2024-10-02 19:28:00,69.41,69.41,69.41,69.41,251
2024-10-02 19:30:00,69.405,69.405,69.37,69.38,1260
2024-10-02 19:31:00,69.38,69.42,69.38,69.38,3167
2024-10-02 19:32:00,69.45,69.46,69.415,69.43,1242
2024-10-02 19:33:00,69.38,69.38,69.38,69.38,303
2024-10-02 19:36:00,69.371,69.395,69.37,69.395,1198
2024-10-02 19:37:00,69.395,69.42,69.395,69.41,1968
2024-10-02 19:38:00,69.45,69.455,69.45,69.455,444
2024-10-02 19:39:00,69.47,69.49,69.47,69.49,784
2024-10-02 19:41:00,69.5,69.51,69.47,69.51,658
2024-10-02 19:42:00,69.495,69.57,69.495,69.57,1728
2024-10-02 19:44:00,69.585,69.585,69.585,69.585,143
2024-10-02 19:45:00,69.63,69.69,69.63,69.67,1242
2024-10-02 19:47:00,69.66,69.67,69.58,69.58,1422
2024-10-02 19:48:00,69.67,69.68,69.67,69.67,735
2024-10-02 19:49:00,69.74,69.74,69.655,69.655,445
2024-10-02 19:50:00,69.65,69.69,69.62,69.665,1975
2024-10-02 19:51:00,69.72,69.73,69.72,69.73,232
2024-10-02 19:53:00,69.73,69.76,69.69,69.76,2039
2024-10-02 19:54:00,69.78,69.84,69.77,69.81,5456
2024-10-02 19:55:00,69.79,69.8,69.745,69.745,9331
2024-10-02 19:56:00,69.76,69.765,69.76,69.76,807
2024-10-02 19:57:00,69.76,69.76,69.72,69.725,2349
2024-10-02 19:58:00,69.72,69.76,69.72,69.72,3086
2024-10-02 19:59:00,69.73,69.875,69.72,69.81,16181
2024-10-03 13:28:00,69.66,69.66,69.66,69.66,484
2024-10-03 13:29:00,69.37,69.9,68.71,69.9,1238
2024-10-03 13:30:00,70.0,70.0,69.53,69.97,24367
2024-10-03 13:31:00,69.75,69.75,69.75,69.75,300
2024-10-03 13:32:00,69.49,69.75,69.49,69.75,508
2024-10-03 13:33:00,69.75,69.75,69.75,69.75,300
2024-10-03 13:34:00,69.5,69.5,69.5,69.5,101
2024-10-03 13:35:00,69.58,69.58,69.58,69.58,101
2024-10-03 13:37:00,69.75,69.75,69.41,69.75,1174
2024-10-03 13:38:00,69.54,69.75,69.54,69.75,459
2024-10-03 13:40:00,69.8,69.8,69.57,69.77,300
2024-10-03 13:44:00,69.61,69.75,69.6,69.705,620
2024-10-03 13:45:00,69.62,69.75,69.57,69.75,3094
2024-10-03 13:47:00,69.75,69.75,69.75,69.75,403
2024-10-03 13:48:00,69.62,69.76,69.57,69.75,16317
2024-10-03 13:49:00,69.73,69.775,69.73,69.775,1573
2024-10-03 13:50:00,69.75,69.75,69.75,69.75,108
2024-10-03 13:51:00,69.75,69.75,69.75,69.75,171
2024-10-03 13:53:00,69.78,69.78,69.67,69.67,829
2024-10-03 13:54:00,69.675,69.75,69.655,69.75,1461
2024-10-03 13:55:00,69.765,69.82,69.765,69.8,780
2024-10-03 13:56:00,69.73,69.77,69.73,69.77,228
2024-10-03 13:58:00,69.77,69.77,69.77,69.77,214
2024-10-03 14:01:00,69.75,69.75,69.75,69.75,1065
2024-10-03 14:02:00,69.82,69.82,69.78,69.78,516
2024-10-03 14:03:00,69.75,69.78,69.69,69.75,6851
2024-10-03 14:04:00,69.74,69.7595,69.715,69.755,4658
2024-10-03 14:05:00,69.78,69.84,69.76,69.815,1318
2024-10-03 14:06:00,69.82,69.82,69.76,69.76,555
2024-10-03 14:08:00,69.83,69.83,69.82,69.82,939
2024-10-03 14:10:00,69.84,69.91,69.84,69.91,595
2024-10-03 14:12:00,69.91,69.91,69.83,69.91,925
2024-10-03 14:13:00,69.8,69.8,69.76,69.76,933
2024-10-03 14:14:00,69.76,69.76,69.745,69.745,837
2024-10-03 14:15:00,69.78,69.78,69.78,69.78,291
2024-10-03 14:16:00,69.78,69.78,69.78,69.78,595
2024-10-03 14:17:00,69.78,69.78,69.78,69.78,127
2024-10-03 14:21:00,69.7,69.78,69.69,69.73,3647
2024-10-03 14:22:00,69.73,69.75,69.46,69.5,1719
2024-10-03 14:23:00,69.5,69.56,69.5,69.56,224
2024-10-03 14:24:00,69.59,69.59,69.59,69.59,305
2024-10-03 14:27:00,69.48,69.54,69.48,69.48,671
2024-10-03 14:28:00,69.5,69.5,69.5,69.5,166
2024-10-03 14:29:00,69.53,69.53,69.48,69.48,225
2024-10-03 14:30:00,69.48,69.5,69.48,69.5,437
2024-10-03 14:31:00,69.5,69.5,69.48,69.5,1994
2024-10-03 14:32:00,69.5,69.57,69.5,69.5,2223
2024-10-03 14:33:00,69.53,69.53,69.53,69.53,438
2024-10-03 14:35:00,69.57,69.57,69.54,69.54,202
2024-10-03 14:36:00,69.5,69.5,69.5,69.5,700
2024-10-03 14:37:00,69.48,69.515,69.43,69.5,5169
2024-10-03 14:38:00,69.48,69.515,69.41,69.5,13793
2024-10-03 14:39:00,69.485,69.61,69.44,69.57,10907
2024-10-03 14:40:00,69.58,69.58,69.49,69.49,1191
2024-10-03 14:41:00,69.535,69.535,69.41,69.42,2369
2024-10-03 14:42:00,69.33,69.345,69.33,69.345,424
2024-10-03 14:43:00,69.335,69.335,69.335,69.335,201
2024-10-03 14:44:00,69.285,69.315,69.285,69.315,385
2024-10-03 14:45:00,69.315,69.33,69.315,69.33,939
2024-10-03 14:46:00,69.405,69.405,69.405,69.405,570
2024-10-03 14:47:00,69.445,69.445,69.445,69.445,222
2024-10-03 14:48:00,69.445,69.445,69.445,69.445,202
2024-10-03 14:49:00,69.42,69.42,69.42,69.42,107
2024-10-03 14:51:00,69.425,69.52,69.425,69.52,547
2024-10-03 14:54:00,69.57,69.57,69.49,69.49,1609
2024-10-03 14:55:00,69.47,69.47,69.47,69.47,221
2024-10-03 14:56:00,69.47,69.47,69.47,69.47,693
2024-10-03 14:57:00,69.41,69.41,69.405,69.405,579
2024-10-03 15:02:00,69.2,69.27,69.17,69.27,826
2024-10-03 15:05:00,69.27,69.27,69.27,69.27,100
2024-10-03 15:06:00,69.27,69.33,69.27,69.275,549
2024-10-03 15:10:00,69.3,69.3,69.3,69.3,100
2024-10-03 15:14:00,69.295,69.295,69.29,69.29,574
2024-10-03 15:15:00,69.33,69.33,69.33,69.33,347
2024-10-03 15:16:00,69.39,69.39,69.39,69.39,441
2024-10-03 15:19:00,69.385,69.385,69.385,69.385,102
2024-10-03 15:20:00,69.42,69.42,69.42,69.42,108
2024-10-03 15:23:00,69.44,69.45,69.4,69.45,504
2024-10-03 15:24:00,69.45,69.46,69.45,69.46,423
2024-10-03 15:28:00,69.38,69.38,69.38,69.38,631
2024-10-03 15:29:00,69.44,69.44,69.44,69.44,218
2024-10-03 15:30:00,69.45,69.475,69.45,69.46,959
2024-10-03 15:31:00,69.46,69.46,69.46,69.46,402
2024-10-03 15:34:00,69.48,69.48,69.48,69.48,112
2024-10-03 15:35:00,69.52,69.53,69.52,69.53,300
2024-10-03 15:38:00,69.545,69.545,69.5,69.5,824
2024-10-03 15:45:00,69.535,69.535,69.535,69.535,233
2024-10-03 15:47:00,69.57,69.6,69.57,69.57,1170
2024-10-03 15:49:00,69.62,69.62,69.62,69.62,200
2024-10-03 15:52:00,69.62,69.62,69.62,69.62,201
2024-10-03 15:53:00,69.64,69.64,69.64,69.64,100
2024-10-03 15:54:00,69.63,69.655,69.63,69.655,500
2024-10-03 15:56:00,69.62,69.62,69.59,69.59,1257
2024-10-03 15:57:00,69.56,69.56,69.56,69.56,226
2024-10-03 16:01:00,69.5365,69.5365,69.5365,69.5365,271
2024-10-03 16:03:00,69.54,69.54,69.54,69.54,100
2024-10-03 16:04:00,69.52,69.52,69.52,69.52,151
2024-10-03 16:06:00,69.56,69.56,69.56,69.56,108
2024-10-03 16:09:00,69.59,69.59,69.57,69.57,200
2024-10-03 16:11:00,69.61,69.61,69.55,69.55,204
2024-10-03 16:13:00,69.61,69.61,69.61,69.61,131
2024-10-03 16:14:00,69.63,69.63,69.63,69.63,103
2024-10-03 16:15:00,69.61,69.61,69.61,69.61,200
2024-10-03 16:19:00,69.65,69.65,69.65,69.65,243
2024-10-03 16:20:00,69.62,69.62,69.62,69.62,101
2024-10-03 16:21:00,69.655,69.655,69.655,69.655,162
2024-10-03 16:25:00,69.63,69.63,69.63,69.63,106
2024-10-03 16:27:00,69.65,69.65,69.635,69.635,439
2024-10-03 16:28:00,69.635,69.65,69.635,69.65,401
2024-10-03 16:30:00,69.64,69.64,69.61,69.61,1004
2024-10-03 16:36:00,69.625,69.63,69.625,69.63,511
2024-10-03 16:37:00,69.635,69.66,69.635,69.66,564
2024-10-03 16:38:00,69.67,69.67,69.67,69.67,135
2024-10-03 16:39:00,69.66,69.66,69.66,69.66,487
2024-10-03 16:43:00,69.57,69.63,69.57,69.62,440
2024-10-03 16:46:00,69.56,69.56,69.56,69.56,307
2024-10-03 16:49:00,69.51,69.51,69.51,69.51,400
2024-10-03 16:55:00,69.48,69.48,69.45,69.45,253
2024-10-03 16:56:00,69.48,69.48,69.48,69.48,362
2024-10-03 16:57:00,69.51,69.51,69.505,69.505,310
2024-10-03 16:58:00,69.505,69.505,69.505,69.505,101
2024-10-03 17:00:00,69.56,69.56,69.5,69.5,218
2024-10-03 17:01:00,69.45,69.5,69.45,69.475,300
2024-10-03 17:02:00,69.45,69.45,69.445,69.445,522
2024-10-03 17:03:00,69.425,69.425,69.425,69.425,139
2024-10-03 17:07:00,69.445,69.445,69.445,69.445,100
2024-10-03 17:13:00,69.51,69.51,69.51,69.51,100
2024-10-03 17:16:00,69.45,69.45,69.45,69.45,200
2024-10-03 17:20:00,69.45,69.45,69.45,69.45,202
2024-10-03 17:21:00,69.51,69.52,69.51,69.52,302
2024-10-03 17:23:00,69.52,69.545,69.4652,69.4652,645
2024-10-03 17:24:00,69.5741,69.5741,69.5741,69.5741,140
2024-10-03 17:27:00,69.65,69.65,69.65,69.65,101
2024-10-03 17:28:00,69.6428,69.6428,69.565,69.565,694
2024-10-03 17:30:00,69.49,69.52,69.49,69.52,959
2024-10-03 17:32:00,69.525,69.525,69.525,69.525,201
2024-10-03 17:34:00,69.515,69.515,69.51,69.51,224
2024-10-03 17:37:00,69.515,69.515,69.515,69.515,206
2024-10-03 17:38:00,69.45,69.46,69.45,69.46,729
2024-10-03 17:39:00,69.455,69.455,69.455,69.455,107
2024-10-03 17:41:00,69.45,69.45,69.45,69.45,150
2024-10-03 17:46:00,69.48,69.48,69.48,69.48,394
2024-10-03 17:47:00,69.51,69.51,69.51,69.51,317
2024-10-03 17:49:00,69.48,69.48,69.48,69.48,791
2024-10-03 17:54:00,69.48,69.485,69.48,69.485,426
2024-10-03 17:58:00,69.47,69.47,69.47,69.47,131
2024-10-03 17:59:00,69.4566,69.4566,69.4566,69.4566,300
2024-10-03 18:00:00,69.52,69.52,69.5187,69.5187,326
2024-10-03 18:01:00,69.52,69.52,69.52,69.52,128
2024-10-03 18:04:00,69.51,69.51,69.47,69.47,225
2024-10-03 18:05:00,69.51,69.51,69.475,69.475,298
2024-10-03 18:07:00,69.52,69.52,69.52,69.52,106
2024-10-03 18:09:00,69.53,69.53,69.53,69.53,202
2024-10-03 18:10:00,69.53,69.53,69.53,69.53,122
2024-10-03 18:12:00,69.54,69.54,69.53,69.53,348
2024-10-03 18:15:00,69.6,69.6,69.6,69.6,341
2024-10-03 18:16:00,69.59,69.59,69.59,69.59,100
2024-10-03 18:17:00,69.64,69.64,69.605,69.605,248
2024-10-03 18:18:00,69.605,69.605,69.605,69.605,119
2024-10-03 18:20:00,69.65,69.65,69.65,69.65,125
2024-10-03 18:21:00,69.61,69.61,69.61,69.61,145
2024-10-03 18:22:00,69.61,69.61,69.56,69.56,1082
2024-10-03 18:23:00,69.565,69.565,69.565,69.565,254
2024-10-03 18:24:00,69.62,69.62,69.62,69.62,100
2024-10-03 18:26:00,69.59,69.59,69.59,69.59,221
2024-10-03 18:27:00,69.61,69.61,69.605,69.605,440
2024-10-03 18:29:00,69.65,69.65,69.65,69.65,100
2024-10-03 18:32:00,69.575,69.575,69.55,69.55,848
2024-10-03 18:34:00,69.58,69.58,69.58,69.58,138
2024-10-03 18:35:00,69.56,69.56,69.56,69.56,205
2024-10-03 18:42:00,69.6,69.6,69.59,69.59,277
2024-10-03 18:43:00,69.6,69.62,69.59,69.59,1000
2024-10-03 18:44:00,69.575,69.575,69.575,69.575,129
2024-10-03 18:45:00,69.59,69.59,69.575,69.575,218
2024-10-03 18:46:00,69.575,69.575,69.575,69.575,110
2024-10-03 18:49:00,69.58,69.58,69.58,69.58,109
2024-10-03 18:54:00,69.55,69.55,69.5,69.5,854
2024-10-03 18:56:00,69.52,69.52,69.52,69.52,107
2024-10-03 18:58:00,69.49,69.49,69.49,69.49,350
2024-10-03 19:00:00,69.45,69.45,69.45,69.45,491
2024-10-03 19:01:00,69.45,69.45,69.435,69.435,777
2024-10-03 19:02:00,69.435,69.44,69.435,69.44,404
2024-10-03 19:06:00,69.47,69.47,69.47,69.47,326
2024-10-03 19:07:00,69.47,69.48,69.455,69.46,1006
2024-10-03 19:11:00,69.53,69.53,69.52,69.52,217
2024-10-03 19:12:00,69.48,69.48,69.48,69.48,348
2024-10-03 19:13:00,69.5,69.5,69.5,69.5,105
2024-10-03 19:14:00,69.465,69.465,69.465,69.465,252
2024-10-03 19:15:00,69.5,69.5,69.5,69.5,140
2024-10-03 19:16:00,69.49,69.49,69.44,69.44,363
2024-10-03 19:18:00,69.5,69.5,69.5,69.5,120
2024-10-03 19:22:00,69.51,69.51,69.505,69.5075,515
2024-10-03 19:23:00,69.56,69.56,69.56,69.56,252
2024-10-03 19:24:00,69.56,69.56,69.56,69.56,130
2024-10-03 19:27:00,69.56,69.56,69.56,69.56,200
2024-10-03 19:28:00,69.54,69.54,69.54,69.54,417
2024-10-03 19:29:00,69.51,69.51,69.51,69.51,2721
2024-10-03 19:30:00,69.49,69.49,69.47,69.47,1083
2024-10-03 19:32:00,69.48,69.49,69.455,69.49,615
2024-10-03 19:33:00,69.47,69.5,69.47,69.5,319
2024-10-03 19:35:00,69.56,69.56,69.56,69.56,100
2024-10-03 19:37:00,69.56,69.56,69.56,69.56,152
2024-10-03 19:38:00,69.53,69.53,69.53,69.53,302
2024-10-03 19:39:00,69.56,69.56,69.56,69.56,214
2024-10-03 19:40:00,69.54,69.54,69.53,69.54,2682
2024-10-03 19:41:00,69.52,69.52,69.52,69.52,500
2024-10-03 19:42:00,69.535,69.535,69.52,69.52,1226
2024-10-03 19:43:00,69.52,69.52,69.51,69.51,527
2024-10-03 19:45:00,69.525,69.525,69.525,69.525,102
2024-10-03 19:46:00,69.525,69.54,69.525,69.54,659
2024-10-03 19:47:00,69.545,69.55,69.545,69.55,608
2024-10-03 19:48:00,69.58,69.58,69.58,69.58,407
2024-10-03 19:49:00,69.58,69.61,69.58,69.59,948
2024-10-03 19:50:00,69.61,69.63,69.61,69.62,4144
2024-10-03 19:51:00,69.62,69.62,69.51,69.53,3660
2024-10-03 19:53:00,69.54,69.54,69.54,69.54,413
2024-10-03 19:54:00,69.57,69.6,69.565,69.6,1618
2024-10-03 19:55:00,69.6,69.62,69.55,69.55,5981
2024-10-03 19:56:00,69.56,69.57,69.52,69.52,3200
2024-10-03 19:57:00,69.54,69.55,69.53,69.53,1431
2024-10-03 19:58:00,69.53,69.53,69.52,69.525,1295
2024-10-03 19:59:00,69.545,69.7,69.545,69.69,8157
2024-10-04 13:01:00,69.8715,69.8715,69.8715,69.8715,20000
2024-10-04 13:02:00,69.8715,69.8715,69.8715,69.8715,14800
2024-10-04 13:27:00,69.02,69.02,69.02,69.02,389
2024-10-04 13:28:00,69.01,69.02,69.01,69.02,359
2024-10-04 13:30:00,69.2,69.345,69.17,69.29,2920
2024-10-04 13:34:00,69.16,69.16,69.02,69.02,387
2024-10-04 13:37:00,69.155,69.155,69.155,69.155,110
2024-10-04 13:43:00,69.07,69.08,69.07,69.08,300
2024-10-04 13:44:00,69.06,69.15,68.75,68.89,5470
2024-10-04 13:45:00,68.89,68.89,68.89,68.89,101
2024-10-04 13:47:00,68.87,68.87,68.77,68.77,324
2024-10-04 13:49:00,68.84,68.84,68.73,68.73,1473
2024-10-04 13:51:00,68.74,68.74,68.74,68.74,138
2024-10-04 13:52:00,68.9999,68.9999,68.9999,68.9999,207
2024-10-04 13:53:00,68.785,68.785,68.785,68.785,240
2024-10-04 13:54:00,68.61,68.61,68.61,68.61,205
2024-10-04 13:55:00,68.66,68.78,68.66,68.78,230
2024-10-04 13:56:00,68.66,68.78,68.46,68.57,2691
2024-10-04 13:58:00,68.365,68.365,68.365,68.365,196
2024-10-04 13:59:00,68.365,68.365,68.365,68.365,172
2024-10-04 14:00:00,68.365,68.365,68.365,68.365,195
2024-10-04 14:02:00,68.33,68.34,68.25,68.34,622
2024-10-04 14:03:00,68.39,68.39,68.39,68.39,357
2024-10-04 14:04:00,68.39,68.39,68.39,68.39,304
2024-10-04 14:05:00,68.39,68.55,68.39,68.55,2777
2024-10-04 14:06:00,68.61,68.61,68.61,68.61,1539
2024-10-04 14:07:00,68.61,68.61,68.61,68.61,218
2024-10-04 14:08:00,68.69,68.69,68.61,68.61,668
2024-10-04 14:09:00,68.61,68.61,68.61,68.61,294
2024-10-04 14:10:00,68.56,68.61,68.56,68.61,267
2024-10-04 14:12:00,68.51,68.61,68.51,68.61,248
2024-10-04 14:15:00,68.51,68.72,68.51,68.615,1827
2024-10-04 14:16:00,68.7,68.73,68.7,68.73,960
2024-10-04 14:17:00,68.6894,68.6894,68.6894,68.6894,165
2024-10-04 14:18:00,68.77,68.79,68.77,68.79,582
2024-10-04 14:21:00,68.82,68.82,68.73,68.73,248
2024-10-04 14:22:00,68.64,68.67,68.64,68.67,429
2024-10-04 14:23:00,68.63,68.63,68.55,68.55,1066
2024-10-04 14:24:00,68.56,68.6,68.545,68.59,1811
2024-10-04 14:25:00,68.6,68.61,68.56,68.56,724
2024-10-04 14:27:00,68.535,68.535,68.535,68.535,404
2024-10-04 14:29:00,68.51,68.51,68.5,68.5,1203
2024-10-04 14:30:00,68.42,68.42,68.42,68.42,194
2024-10-04 14:31:00,68.415,68.415,68.415,68.415,120
2024-10-04 14:32:00,68.35,68.51,68.35,68.51,270
2024-10-04 14:35:00,68.5,68.5,68.41,68.41,223
2024-10-04 14:37:00,68.47,68.47,68.33,68.33,322
2024-10-04 14:39:00,68.39,68.48,68.39,68.48,262
2024-10-04 14:40:00,68.38,68.41,68.36,68.405,1292
2024-10-04 14:41:00,68.41,68.41,68.3,68.3,888
2024-10-04 14:42:00,68.38,68.4,68.3,68.4,3053
2024-10-04 14:43:00,68.4,68.52,68.4,68.495,2287
2024-10-04 14:44:00,68.505,68.58,68.505,68.515,585
2024-10-04 14:45:00,68.6,68.6,68.57,68.6,462
2024-10-04 14:46:00,68.55,68.55,68.55,68.55,107
2024-10-04 14:49:00,68.59,68.59,68.51,68.51,203
2024-10-04 14:50:00,68.55,68.55,68.55,68.55,610
2024-10-04 14:51:00,68.62,68.62,68.62,68.62,200
2024-10-04 14:52:00,68.62,68.62,68.59,68.59,508
2024-10-04 14:53:00,68.58,68.58,68.58,68.58,283
2024-10-04 14:56:00,68.51,68.6,68.51,68.6,221
2024-10-04 14:59:00,68.55,68.55,68.49,68.525,369
2024-10-04 15:00:00,68.56,68.67,68.56,68.65,2351
2024-10-04 15:01:00,68.64,68.64,68.62,68.63,948
2024-10-04 15:03:00,68.65,68.65,68.625,68.65,505
2024-10-04 15:04:00,68.6,68.6,68.6,68.6,206
2024-10-04 15:06:00,68.63,68.63,68.63,68.63,225
2024-10-04 15:09:00,68.61,68.61,68.585,68.585,340
2024-10-04 15:12:00,68.63,68.63,68.63,68.63,155
2024-10-04 15:14:00,68.575,68.62,68.575,68.62,543
2024-10-04 15:15:00,68.57,68.62,68.57,68.62,3770
2024-10-04 15:18:00,68.595,68.62,68.595,68.62,220
2024-10-04 15:19:00,68.58,68.58,68.58,68.58,141
2024-10-04 15:20:00,68.57,68.57,68.45,68.5,11246
2024-10-04 15:21:00,68.505,68.505,68.505,68.505,225
2024-10-04 15:22:00,68.5,68.5,68.445,68.445,4199
2024-10-04 15:23:00,68.45,68.45,68.45,68.45,237
2024-10-04 15:25:00,68.455,68.455,68.38,68.38,303
2024-10-04 15:27:00,68.455,68.455,68.455,68.455,119
2024-10-04 15:28:00,68.51,68.51,68.45,68.45,213
2024-10-04 15:29:00,68.42,68.42,68.42,68.42,138
2024-10-04 15:30:00,68.37,68.37,68.27,68.34,1367
2024-10-04 15:32:00,68.34,68.34,68.31,68.31,797
2024-10-04 15:33:00,68.28,68.28,68.215,68.215,1252
2024-10-04 15:34:00,68.305,68.305,68.305,68.305,109
2024-10-04 15:37:00,68.3,68.31,68.3,68.3,565
2024-10-04 15:38:00,68.305,68.305,68.305,68.305,108
2024-10-04 15:39:00,68.29,68.29,68.29,68.29,135
2024-10-04 15:40:00,68.36,68.39,68.36,68.39,1340
2024-10-04 15:41:00,68.42,68.43,68.42,68.43,226
2024-10-04 15:42:00,68.44,68.44,68.44,68.44,107
2024-10-04 15:49:00,68.39,68.39,68.36,68.36,801
2024-10-04 15:50:00,68.405,68.405,68.405,68.405,260
2024-10-04 15:52:00,68.405,68.405,68.405,68.405,149
2024-10-04 15:53:00,68.47,68.5,68.47,68.5,538
2024-10-04 15:59:00,68.55,68.56,68.55,68.56,513
2024-10-04 16:00:00,68.6,68.6,68.6,68.6,103
2024-10-04 16:05:00,68.58,68.58,68.555,68.555,453
2024-10-04 16:06:00,68.52,68.52,68.52,68.52,376
2024-10-04 16:08:00,68.47,68.47,68.44,68.44,363
2024-10-04 16:09:00,68.43,68.43,68.43,68.43,213
2024-10-04 16:10:00,68.46,68.48,68.46,68.48,702
2024-10-04 16:11:00,68.55,68.55,68.55,68.55,366
2024-10-04 16:12:00,68.55,68.56,68.49,68.49,612
2024-10-04 16:13:00,68.49,68.49,68.49,68.49,345
2024-10-04 16:14:00,68.48,68.48,68.48,68.48,169
2024-10-04 16:17:00,68.52,68.52,68.52,68.52,225
2024-10-04 16:19:00,68.45,68.45,68.45,68.45,446
2024-10-04 16:25:00,68.41,68.41,68.36,68.38,871
2024-10-04 16:26:00,68.37,68.37,68.37,68.37,234
2024-10-04 16:27:00,68.4,68.4,68.4,68.4,324
2024-10-04 16:29:00,68.354,68.375,68.354,68.375,459
2024-10-04 16:30:00,68.39,68.39,68.37,68.37,291
2024-10-04 16:32:00,68.39,68.4,68.38,68.4,1063
2024-10-04 16:34:00,68.385,68.385,68.385,68.385,105
2024-10-04 16:35:00,68.44,68.45,68.44,68.45,307
2024-10-04 16:36:00,68.496,68.496,68.496,68.496,409
2024-10-04 16:38:00,68.52,68.53,68.51,68.515,503
2024-10-04 16:39:00,68.54,68.54,68.54,68.54,400
2024-10-04 16:40:00,68.515,68.515,68.515,68.515,102
2024-10-04 16:47:00,68.545,68.545,68.545,68.545,114
2024-10-04 16:50:00,68.53,68.58,68.53,68.58,921
2024-10-04 16:51:00,68.51,68.51,68.51,68.51,453
2024-10-04 16:54:00,68.508,68.508,68.508,68.508,153
2024-10-04 16:56:00,68.58,68.58,68.55,68.55,400
2024-10-04 17:02:00,68.49,68.49,68.48,68.48,602
2024-10-04 17:04:00,68.475,68.53,68.475,68.53,950
2024-10-04 17:05:00,68.55,68.55,68.54,68.54,969
2024-10-04 17:10:00,68.48,68.48,68.48,68.48,108
2024-10-04 17:15:00,68.53,68.53,68.53,68.53,529
2024-10-04 17:16:00,68.58,68.58,68.58,68.58,143
2024-10-04 17:26:00,68.64,68.64,68.64,68.64,141
2024-10-04 17:28:00,68.575,68.575,68.575,68.575,509
2024-10-04 17:33:00,68.575,68.575,68.575,68.575,250
2024-10-04 17:36:00,68.51,68.51,68.51,68.51,389
2024-10-04 17:37:00,68.52,68.52,68.36,68.36,700
2024-10-04 17:38:00,68.435,68.435,68.435,68.435,238
2024-10-04 17:39:00,68.435,68.5085,68.435,68.5085,865
2024-10-04 17:40:00,68.435,68.435,68.435,68.435,126
2024-10-04 17:41:00,68.47,68.48,68.42,68.48,956
2024-10-04 17:42:00,68.42,68.42,68.42,68.42,105
2024-10-04 17:43:00,68.48,68.51,68.48,68.51,731
2024-10-04 17:44:00,68.53,68.53,68.53,68.53,202
2024-10-04 17:48:00,68.56,68.56,68.56,68.56,140
2024-10-04 17:49:00,68.5,68.5,68.5,68.5,572
2024-10-04 17:51:00,68.505,68.505,68.505,68.505,204
2024-10-04 17:52:00,68.485,68.485,68.485,68.485,161
2024-10-04 17:59:00,68.495,68.495,68.43,68.43,277
2024-10-04 18:04:00,68.49,68.49,68.49,68.49,202
2024-10-04 18:06:00,68.58,68.58,68.58,68.58,209
2024-10-04 18:12:00,68.465,68.465,68.465,68.465,124
2024-10-04 18:15:00,68.38,68.38,68.35,68.35,468
2024-10-04 18:16:00,68.49,68.49,68.49,68.49,105
2024-10-04 18:21:00,68.415,68.415,68.415,68.415,297
2024-10-04 18:26:00,68.49,68.49,68.49,68.49,591
2024-10-04 18:31:00,68.48,68.48,68.48,68.48,306
2024-10-04 18:34:00,68.47,68.49,68.47,68.49,1037
2024-10-04 18:36:00,68.53,68.53,68.53,68.53,108
2024-10-04 18:40:00,68.505,68.505,68.505,68.505,127
2024-10-04 18:43:00,68.535,68.535,68.535,68.535,239
2024-10-04 18:47:00,68.54,68.55,68.47,68.47,1537
2024-10-04 18:48:00,68.44,68.44,68.44,68.44,122
2024-10-04 18:50:00,68.48,68.48,68.48,68.48,302
2024-10-04 18:51:00,68.49,68.49,68.49,68.49,307
2024-10-04 18:52:00,68.56,68.565,68.55,68.565,769
2024-10-04 18:53:00,68.575,68.575,68.575,68.575,167
2024-10-04 18:59:00,68.585,68.6,68.585,68.6,609
2024-10-04 19:00:00,68.58,68.58,68.56,68.56,580
2024-10-04 19:01:00,68.61,68.61,68.61,68.61,215
2024-10-04 19:02:00,68.565,68.565,68.565,68.565,100
2024-10-04 19:04:00,68.52,68.52,68.45,68.495,536
2024-10-04 19:10:00,68.51,68.51,68.51,68.51,111
2024-10-04 19:11:00,68.54,68.55,68.54,68.55,649
2024-10-04 19:14:00,68.525,68.525,68.525,68.525,159
2024-10-04 19:15:00,68.525,68.525,68.525,68.525,214
2024-10-04 19:19:00,68.54,68.55,68.52,68.55,717
2024-10-04 19:20:00,68.555,68.555,68.55,68.55,647
2024-10-04 19:21:00,68.57,68.59,68.565,68.58,955
2024-10-04 19:22:00,68.57,68.57,68.57,68.57,396
2024-10-04 19:23:00,68.54,68.54,68.54,68.54,145
2024-10-04 19:26:00,68.63,68.63,68.63,68.63,111
2024-10-04 19:28:00,68.58,68.58,68.58,68.58,407
2024-10-04 19:29:00,68.615,68.615,68.59,68.6,554
2024-10-04 19:30:00,68.59,68.6,68.59,68.6,330
2024-10-04 19:31:00,68.62,68.67,68.61,68.67,1123
2024-10-04 19:32:00,68.65,68.65,68.65,68.65,286
2024-10-04 19:34:00,68.67,68.69,68.67,68.69,670
2024-10-04 19:35:00,68.695,68.695,68.695,68.695,545
2024-10-04 19:36:00,68.67,68.68,68.67,68.68,773
2024-10-04 19:39:00,68.67,68.67,68.67,68.67,100
2024-10-04 19:40:00,68.69,68.69,68.685,68.69,622
2024-10-04 19:41:00,68.7,68.7,68.7,68.7,270
2024-10-04 19:42:00,68.68,68.69,68.64,68.64,4258
2024-10-04 19:43:00,68.665,68.665,68.665,68.665,212
2024-10-04 19:44:00,68.665,68.675,68.665,68.67,639
2024-10-04 19:45:00,68.67,68.67,68.65,68.65,239
2024-10-04 19:46:00,68.66,68.66,68.66,68.66,291
2024-10-04 19:47:00,68.635,68.64,68.635,68.64,281
2024-10-04 19:48:00,68.64,68.68,68.64,68.675,1975
2024-10-04 19:49:00,68.68,68.68,68.68,68.68,264
2024-10-04 19:50:00,68.68,68.68,68.68,68.68,729
2024-10-04 19:51:00,68.675,68.7,68.675,68.695,794
2024-10-04 19:52:00,68.7,68.7,68.7,68.7,294
2024-10-04 19:53:00,68.69,68.69,68.69,68.69,997
2024-10-04 19:54:00,68.7,68.745,68.7,68.74,1224
2024-10-04 19:55:00,68.75,68.75,68.75,68.75,655
2024-10-04 19:56:00,68.76,68.78,68.75,68.78,658
2024-10-04 19:57:00,68.78,68.8,68.77,68.8,6689
2024-10-04 19:58:00,68.8,68.8,68.75,68.76,2720
2024-10-04 19:59:00,68.75,68.75,68.57,68.67,12199
2024-10-07 12:26:00,69.88,69.88,69.88,69.88,200
2024-10-07 13:26:00,69.98,69.98,69.92,69.92,627
2024-10-07 13:27:00,69.97,69.98,69.97,69.97,3188
2024-10-07 13:30:00,69.62,69.91,69.62,69.86,3402
2024-10-07 13:32:00,69.7,69.7,69.7,69.7,152
2024-10-07 13:36:00,69.75,69.75,69.75,69.75,189
2024-10-07 13:37:00,69.765,69.79,69.72,69.79,1052
2024-10-07 13:38:00,69.9,69.93,69.9,69.93,1198
2024-10-07 13:39:00,69.96,70.09,69.935,69.97,2286
2024-10-07 13:42:00,70.04,70.04,70.04,70.04,110
2024-10-07 13:43:00,69.935,69.935,69.935,69.935,175
2024-10-07 13:45:00,69.89,69.89,69.79,69.79,2376
2024-10-07 13:46:00,69.8,69.91,69.78,69.91,825
2024-10-07 13:48:00,69.77,69.77,69.77,69.77,240
2024-10-07 13:51:00,69.94,69.94,69.91,69.91,513
2024-10-07 13:52:00,69.82,69.82,69.82,69.82,134
2024-10-07 13:55:00,70.06,70.06,70.06,70.06,143
2024-10-07 13:56:00,69.95,69.95,69.95,69.95,151
2024-10-07 13:59:00,69.88,69.88,69.88,69.88,139
2024-10-07 14:01:00,69.89,69.89,69.75,69.76,3443
2024-10-07 14:03:00,69.98,69.98,69.98,69.98,229
2024-10-07 14:04:00,70.03,70.03,69.925,69.925,837
2024-10-07 14:05:00,69.935,69.94,69.935,69.94,243
2024-10-07 14:06:00,69.94,69.94,69.94,69.94,192
2024-10-07 14:08:00,69.87,69.87,69.87,69.87,264
2024-10-07 14:13:00,69.96,69.96,69.955,69.955,321
2024-10-07 14:20:00,69.955,69.955,69.955,69.955,156
2024-10-07 14:22:00,69.87,69.87,69.87,69.87,290
2024-10-07 14:25:00,69.97,69.97,69.83,69.83,874
2024-10-07 14:27:00,69.925,69.97,69.84,69.84,1029
2024-10-07 14:28:00,69.8799,69.8799,69.75,69.75,2446
2024-10-07 14:30:00,69.76,69.76,69.76,69.76,192
2024-10-07 14:31:00,69.75,69.75,69.75,69.75,224
2024-10-07 14:34:00,69.71,69.71,69.71,69.71,200
2024-10-07 14:35:00,69.73,69.795,69.73,69.795,223
2024-10-07 14:37:00,69.81,69.82,69.74,69.74,1295
2024-10-07 14:42:00,69.73,69.73,69.73,69.73,100
2024-10-07 14:43:00,69.74,69.795,69.74,69.795,310
2024-10-07 14:44:00,69.795,69.795,69.795,69.795,188
2024-10-07 14:45:00,69.8,69.8,69.8,69.8,104
2024-10-07 14:46:00,69.84,69.85,69.805,69.805,408
2024-10-07 14:47:00,69.8,69.8,69.8,69.8,122
2024-10-07 14:48:00,69.805,69.805,69.77,69.77,479
2024-10-07 14:49:00,69.85,69.85,69.81,69.84,696
2024-10-07 14:50:00,69.815,69.85,69.815,69.85,836
2024-10-07 14:54:00,69.905,69.905,69.905,69.905,127
2024-10-07 14:55:00,69.81,69.81,69.81,69.81,110
2024-10-07 14:56:00,69.78,69.78,69.78,69.78,420
2024-10-07 14:57:00,69.7202,69.7202,69.7202,69.7202,191
2024-10-07 14:58:00,69.78,69.79,69.74,69.78,1694
2024-10-07 14:59:00,69.87,69.87,69.87,69.87,133
2024-10-07 15:00:00,69.72,69.72,69.72,69.72,412
2024-10-07 15:08:00,69.76,69.78,69.72,69.78,1151
2024-10-07 15:11:00,69.73,69.77,69.69,69.69,458
2024-10-07 15:14:00,69.69,69.69,69.69,69.69,479
2024-10-07 15:18:00,69.69,69.76,69.69,69.76,731
2024-10-07 15:19:00,69.76,69.76,69.76,69.76,165
2024-10-07 15:20:00,69.77,69.79,69.77,69.79,323
2024-10-07 15:21:00,69.81,69.81,69.78,69.7875,1207
2024-10-07 15:22:00,69.78,69.78,69.78,69.78,241
2024-10-07 15:23:00,69.82,69.82,69.82,69.82,113
2024-10-07 15:24:00,69.795,69.795,69.795,69.795,169
2024-10-07 15:25:00,69.83,69.83,69.795,69.795,224
2024-10-07 15:27:00,69.81,69.83,69.78,69.795,1584
2024-10-07 15:28:00,69.79,69.79,69.74,69.74,308
2024-10-07 15:29:00,69.755,69.755,69.755,69.755,207
2024-10-07 15:31:00,69.76,69.76,69.76,69.76,161
2024-10-07 15:32:00,69.7,69.75,69.69,69.69,647
2024-10-07 15:34:00,69.75,69.75,69.75,69.75,152
2024-10-07 15:36:00,69.73,69.78,69.73,69.76,761
2024-10-07 15:38:00,69.8,69.8,69.8,69.8,240
2024-10-07 15:40:00,69.78,69.78,69.78,69.78,149
2024-10-07 15:41:00,69.83,69.87,69.8,69.87,883
2024-10-07 15:43:00,69.83,69.83,69.83,69.83,654
2024-10-07 15:44:00,69.8,69.82,69.74,69.74,736
2024-10-07 15:46:00,69.87,69.87,69.87,69.87,108
2024-10-07 15:47:00,69.79,69.79,69.79,69.79,118
2024-10-07 15:49:00,69.8,69.8,69.8,69.8,135
2024-10-07 15:51:00,69.87,69.87,69.87,69.87,106
2024-10-07 15:52:00,69.87,69.87,69.84,69.84,404
2024-10-07 15:53:00,69.84,69.84,69.78,69.81,920
2024-10-07 15:56:00,69.84,69.84,69.83,69.84,873
2024-10-07 15:57:00,69.82,69.82,69.82,69.82,265
2024-10-07 15:58:00,69.87,69.87,69.87,69.87,598
2024-10-07 15:59:00,69.87,69.87,69.87,69.87,271
2024-10-07 16:00:00,69.95,69.95,69.87,69.87,1371
2024-10-07 16:08:00,69.8,69.8,69.8,69.8,367
2024-10-07 16:10:00,69.715,69.79,69.715,69.785,447
2024-10-07 16:15:00,69.74,69.74,69.71,69.71,506
2024-10-07 16:17:00,69.785,69.785,69.785,69.785,134
2024-10-07 16:18:00,69.73,69.73,69.73,69.73,167
2024-10-07 16:21:00,69.81,69.81,69.81,69.81,167
2024-10-07 16:24:00,69.77,69.77,69.77,69.77,246
2024-10-07 16:29:00,69.815,69.87,69.815,69.825,697
2024-10-07 16:30:00,69.77,69.77,69.75,69.75,305
2024-10-07 16:31:00,69.805,69.805,69.805,69.805,258
2024-10-07 16:32:00,69.805,69.805,69.805,69.805,208
2024-10-07 16:42:00,69.77,69.77,69.77,69.77,164
2024-10-07 16:43:00,69.8,69.81,69.79,69.79,595
2024-10-07 16:44:00,69.79,69.79,69.79,69.79,606
2024-10-07 16:45:00,69.77,69.82,69.77,69.79,1735
2024-10-07 16:49:00,69.85,69.85,69.85,69.85,181
2024-10-07 16:51:00,69.85,69.85,69.85,69.85,199
2024-10-07 16:55:00,69.82,69.82,69.82,69.82,104
2024-10-07 17:02:00,69.865,69.91,69.865,69.87,1754
2024-10-07 17:03:00,69.88,69.91,69.87,69.87,1516
2024-10-07 17:04:00,69.91,69.91,69.91,69.91,691
2024-10-07 17:14:00,69.85,69.85,69.85,69.85,104
2024-10-07 17:18:00,69.84,69.84,69.84,69.84,217
2024-10-07 17:19:00,69.85,69.85,69.85,69.85,200
2024-10-07 17:27:00,69.9,69.9,69.9,69.9,291
2024-10-07 17:28:00,69.86,69.86,69.86,69.86,223
2024-10-07 17:30:00,69.84,69.84,69.84,69.84,342
2024-10-07 17:40:00,69.84,69.84,69.83,69.83,312
2024-10-07 17:43:00,69.83,69.83,69.83,69.83,162
2024-10-07 17:47:00,69.83,69.83,69.83,69.83,663
2024-10-07 17:48:00,69.83,69.83,69.83,69.83,133
2024-10-07 17:50:00,69.82,69.82,69.82,69.82,275
2024-10-07 18:07:00,69.67,69.67,69.64,69.64,604
2024-10-07 18:09:00,69.64,69.64,69.64,69.64,440
2024-10-07 18:11:00,69.66,69.66,69.66,69.66,320
2024-10-07 18:12:00,69.71,69.72,69.68,69.68,2873
2024-10-07 18:18:00,69.67,69.67,69.67,69.67,118
2024-10-07 18:25:00,69.63,69.63,69.63,69.63,236
2024-10-07 18:27:00,69.695,69.738,69.695,69.738,328
2024-10-07 18:30:00,69.62,69.62,69.48,69.6,2726
2024-10-07 18:35:00,69.54,69.54,69.54,69.54,381
2024-10-07 18:41:00,69.54,69.54,69.52,69.52,486
2024-10-07 18:46:00,69.44,69.44,69.44,69.44,503
2024-10-07 18:47:00,69.455,69.455,69.455,69.455,215
2024-10-07 18:49:00,69.35,69.35,69.35,69.35,331
2024-10-07 18:52:00,69.375,69.375,69.375,69.375,414
2024-10-07 18:55:00,69.375,69.375,69.33,69.33,347
2024-10-07 18:57:00,69.42,69.42,69.36,69.36,210
2024-10-07 18:58:00,69.42,69.42,69.42,69.42,157
2024-10-07 19:01:00,69.34,69.34,69.34,69.34,209
2024-10-07 19:03:00,69.375,69.375,69.375,69.375,223
2024-10-07 19:04:00,69.4,69.4,69.4,69.4,184
2024-10-07 19:05:00,69.37,69.43,69.37,69.4,1277
2024-10-07 19:06:00,69.44,69.44,69.39,69.39,229
2024-10-07 19:07:00,69.39,69.44,69.39,69.44,204
2024-10-07 19:08:00,69.44,69.44,69.44,69.44,509
2024-10-07 19:09:00,69.5,69.5,69.5,69.5,100
2024-10-07 19:11:00,69.5,69.5,69.5,69.5,114
2024-10-07 19:12:00,69.5,69.55,69.5,69.55,1788
2024-10-07 19:19:00,69.545,69.545,69.545,69.545,207
2024-10-07 19:20:00,69.58,69.6,69.56,69.6,1171
2024-10-07 19:22:00,69.6,69.61,69.58,69.58,589
2024-10-07 19:27:00,69.575,69.575,69.575,69.575,130
2024-10-07 19:34:00,69.53,69.53,69.53,69.53,688
2024-10-07 19:35:00,69.51,69.51,69.51,69.51,582
2024-10-07 19:36:00,69.47,69.47,69.47,69.47,254
2024-10-07 19:39:00,69.5,69.5,69.5,69.5,203
2024-10-07 19:40:00,69.475,69.475,69.44,69.44,862
2024-10-07 19:41:00,69.44,69.44,69.44,69.44,143
2024-10-07 19:42:00,69.42,69.49,69.42,69.46,634
2024-10-07 19:43:00,69.49,69.5,69.45,69.46,551
2024-10-07 19:44:00,69.5,69.5,69.46,69.5,2053
2024-10-07 19:45:00,69.46,69.51,69.46,69.51,2690
2024-10-07 19:46:00,69.475,69.475,69.475,69.475,221
2024-10-07 19:47:00,69.485,69.485,69.46,69.46,262
2024-10-07 19:48:00,69.49,69.49,69.49,69.49,329
2024-10-07 19:49:00,69.49,69.54,69.49,69.54,1482
2024-10-07 19:50:00,69.56,69.57,69.56,69.57,261
2024-10-07 19:51:00,69.605,69.605,69.605,69.605,389
2024-10-07 19:52:00,69.605,69.62,69.6,69.61,1801
2024-10-07 19:53:00,69.63,69.63,69.63,69.63,986
2024-10-07 19:54:00,69.63,69.63,69.6,69.6,1905
2024-10-07 19:55:00,69.59,69.59,69.58,69.58,545
2024-10-07 19:56:00,69.52,69.52,69.49,69.515,1089
2024-10-07 19:59:00,69.47,69.6,69.455,69.59,3938
2024-10-08 13:27:00,69.59,69.59,69.59,69.59,553
2024-10-08 13:30:00,69.17,69.33,69.12,69.29,3699
2024-10-08 13:31:00,69.12,69.12,69.09,69.09,221
2024-10-08 13:34:00,69.03,69.03,68.83,68.855,1996
2024-10-08 13:40:00,69.155,69.155,68.77,68.77,1037
2024-10-08 13:41:00,68.865,68.865,68.865,68.865,101
2024-10-08 13:42:00,68.96,69.035,68.96,69.035,714
2024-10-08 13:44:00,68.85,69.0,68.85,69.0,559
2024-10-08 13:46:00,69.1,69.19,69.1,69.19,430
2024-10-08 13:47:00,69.16,69.2,68.82,68.995,2341
2024-10-08 13:50:00,68.86,69.0,68.86,69.0,443
2024-10-08 13:51:00,68.79,68.79,68.67,68.7,685
2024-10-08 13:52:00,68.735,68.735,68.735,68.735,239
2024-10-08 13:53:00,68.53,68.59,68.53,68.59,294
2024-10-08 13:55:00,68.63,68.63,68.45,68.54,552
2024-10-08 13:56:00,68.535,68.535,68.535,68.535,249
2024-10-08 13:57:00,68.535,68.535,68.535,68.535,120
2024-10-08 13:58:00,68.46,68.51,68.39,68.51,2343
2024-10-08 13:59:00,68.47,68.47,68.47,68.47,334
2024-10-08 14:00:00,68.58,68.58,68.58,68.58,197
2024-10-08 14:02:00,68.67,68.72,68.615,68.615,1506
2024-10-08 14:03:00,68.605,68.7,68.605,68.7,226
2024-10-08 14:05:00,68.68,68.68,68.68,68.68,104
2024-10-08 14:06:00,68.56,68.605,68.56,68.56,565
2024-10-08 14:08:00,68.575,68.575,68.52,68.53,431
2024-10-08 14:09:00,68.55,68.55,68.55,68.55,110
2024-10-08 14:10:00,68.53,68.565,68.51,68.565,819
2024-10-08 14:11:00,68.5,68.54,68.43,68.53,2314
2024-10-08 14:13:00,68.525,68.525,68.525,68.525,127
2024-10-08 14:14:00,68.57,68.57,68.57,68.57,361
2024-10-08 14:15:00,68.47,68.475,68.4,68.4,1985
2024-10-08 14:16:00,68.46,68.46,68.46,68.46,209
2024-10-08 14:17:00,68.45,68.45,68.45,68.45,296
2024-10-08 14:18:00,68.41,68.49,68.41,68.49,417
2024-10-08 14:19:00,68.45,68.455,68.45,68.455,252
2024-10-08 14:20:00,68.45,68.5,68.45,68.5,702
2024-10-08 14:21:00,68.47,68.5,68.47,68.5,312
2024-10-08 14:22:00,68.47,68.47,68.46,68.46,419
2024-10-08 14:23:00,68.5,68.5,68.5,68.5,210
2024-10-08 14:27:00,68.51,68.51,68.5,68.5,200
2024-10-08 14:28:00,68.455,68.455,68.455,68.455,231
2024-10-08 14:29:00,68.5,68.5,68.5,68.5,100
2024-10-08 14:30:00,68.51,68.51,68.4,68.465,1116
2024-10-08 14:31:00,68.5,68.56,68.5,68.56,2447
2024-10-08 14:33:00,68.55,68.61,68.55,68.61,314
2024-10-08 14:34:00,68.615,68.615,68.58,68.58,335
2024-10-08 14:35:00,68.595,68.595,68.595,68.595,232
2024-10-08 14:36:00,68.57,68.57,68.57,68.57,151
2024-10-08 14:37:00,68.61,68.61,68.49,68.49,2393
2024-10-08 14:38:00,68.5,68.55,68.5,68.55,692
2024-10-08 14:39:00,68.58,68.58,68.56,68.56,1170
2024-10-08 14:40:00,68.575,68.575,68.575,68.575,215
2024-10-08 14:41:00,68.52,68.52,68.49,68.49,352
2024-10-08 14:42:00,68.59,68.59,68.59,68.59,264
2024-10-08 14:43:00,68.59,68.59,68.48,68.56,1149
2024-10-08 14:45:00,68.56,68.56,68.56,68.56,115
2024-10-08 14:46:00,68.57,68.57,68.57,68.57,500
2024-10-08 14:47:00,68.6,68.6,68.575,68.58,502
2024-10-08 14:49:00,68.51,68.55,68.51,68.55,317
2024-10-08 14:50:00,68.55,68.55,68.55,68.55,807
2024-10-08 14:53:00,68.62,68.62,68.62,68.62,112
2024-10-08 14:54:00,68.58,68.58,68.58,68.58,102
2024-10-08 14:57:00,68.62,68.62,68.62,68.62,591
2024-10-08 14:59:00,68.64,68.64,68.64,68.64,175
2024-10-08 15:00:00,68.66,68.86,68.66,68.86,1020
2024-10-08 15:03:00,68.86,68.86,68.86,68.86,108
2024-10-08 15:07:00,68.86,68.86,68.86,68.86,101
2024-10-08 15:10:00,68.86,68.86,68.86,68.86,107
2024-10-08 15:11:00,68.7,68.7,68.69,68.69,428
2024-10-08 15:12:00,68.755,68.755,68.755,68.755,202
2024-10-08 15:13:00,68.68,68.705,68.655,68.655,513
2024-10-08 15:14:00,68.73,68.77,68.67,68.77,1067
2024-10-08 15:15:00,68.76,68.77,68.69,68.76,1792
2024-10-08 15:16:00,68.76,68.76,68.74,68.75,906
2024-10-08 15:17:00,68.76,68.76,68.75,68.75,456
2024-10-08 15:18:00,68.74,68.75,68.74,68.75,517
2024-10-08 15:19:00,68.73,68.73,68.73,68.73,101
2024-10-08 15:20:00,68.695,68.695,68.65,68.65,661
2024-10-08 15:23:00,68.685,68.72,68.685,68.685,300
2024-10-08 15:26:00,68.64,68.64,68.64,68.64,480
2024-10-08 15:27:00,68.64,68.64,68.64,68.64,100
2024-10-08 15:29:00,68.635,68.635,68.635,68.635,100
2024-10-08 15:30:00,68.69,68.69,68.6,68.6,200
2024-10-08 15:32:00,68.635,68.69,68.62,68.69,1782
2024-10-08 15:33:00,68.69,68.7,68.645,68.67,2553
2024-10-08 15:34:00,68.69,68.6999,68.69,68.6999,518
2024-10-08 15:36:00,68.68,68.68,68.68,68.68,155
2024-10-08 15:37:00,68.7,68.7,68.7,68.7,393
2024-10-08 15:39:00,68.75,68.75,68.75,68.75,169
2024-10-08 15:40:00,68.75,68.75,68.75,68.75,160
2024-10-08 15:43:00,68.75,68.75,68.75,68.75,114
2024-10-08 15:44:00,68.76,68.8,68.74,68.8,706
2024-10-08 15:47:00,68.81,68.81,68.81,68.81,140
2024-10-08 15:48:00,68.73,68.73,68.73,68.73,216
2024-10-08 15:50:00,68.8,68.81,68.755,68.81,353
2024-10-08 15:51:00,68.81,68.82,68.81,68.82,415
2024-10-08 15:52:00,68.82,68.82,68.82,68.82,329
2024-10-08 15:53:00,68.8,68.84,68.8,68.84,382
2024-10-08 16:01:00,68.81,68.81,68.67,68.67,15219
2024-10-08 16:02:00,68.74,68.74,68.74,68.74,673
2024-10-08 16:03:00,68.8,68.8,68.8,68.8,527
2024-10-08 16:04:00,68.79,68.79,68.79,68.79,132
2024-10-08 16:10:00,68.795,68.795,68.795,68.795,129
2024-10-08 16:12:00,68.82,68.82,68.82,68.82,126
2024-10-08 16:14:00,68.81,68.82,68.81,68.82,373
2024-10-08 16:16:00,68.83,68.84,68.83,68.83,1073
2024-10-08 16:17:00,68.84,68.84,68.84,68.84,207
2024-10-08 16:19:00,68.85,68.87,68.835,68.87,1225
2024-10-08 16:24:00,68.885,68.885,68.85,68.88,814
2024-10-08 16:27:00,68.88,68.88,68.84,68.87,5445
2024-10-08 16:28:00,68.87,68.87,68.87,68.87,469
2024-10-08 16:29:00,68.87,68.875,68.84,68.86,7700
2024-10-08 16:30:00,68.83,68.8835,68.79,68.8835,1135
2024-10-08 16:34:00,68.82,68.82,68.78,68.79,893
2024-10-08 16:35:00,68.79,68.79,68.79,68.79,142
2024-10-08 16:38:00,68.8,68.8,68.78,68.78,768
2024-10-08 16:39:00,68.78,68.78,68.73,68.74,1230
2024-10-08 16:40:00,68.77,68.79,68.75,68.79,1113
2024-10-08 16:41:00,68.785,68.79,68.785,68.79,328
2024-10-08 16:47:00,68.81,68.81,68.81,68.81,112
2024-10-08 16:48:00,68.76,68.76,68.76,68.76,336
2024-10-08 16:50:00,68.65,68.65,68.65,68.65,100
2024-10-08 16:51:00,68.64,68.66,68.64,68.66,413
2024-10-08 16:52:00,68.64,68.64,68.64,68.64,135
2024-10-08 17:01:00,68.74,68.74,68.74,68.74,100
2024-10-08 17:05:00,68.63,68.63,68.63,68.63,104
2024-10-08 17:06:00,68.6,68.6,68.6,68.6,100
2024-10-08 17:08:00,68.61,68.695,68.61,68.695,506
2024-10-08 17:12:00,68.68,68.68,68.68,68.68,322
2024-10-08 17:13:00,68.66,68.68,68.66,68.66,310
2024-10-08 17:21:00,68.6835,68.6835,68.6835,68.6835,128
2024-10-08 17:22:00,68.63,68.63,68.63,68.63,119
2024-10-08 17:25:00,68.69,68.69,68.64,68.64,303
2024-10-08 17:29:00,68.64,68.64,68.64,68.64,128
2024-10-08 17:30:00,68.69,68.69,68.69,68.69,100
2024-10-08 17:31:00,68.64,68.64,68.64,68.64,101
2024-10-08 17:36:00,68.69,68.69,68.69,68.69,145
2024-10-08 17:38:00,68.69,68.69,68.69,68.69,1470
2024-10-08 17:41:00,68.7,68.7,68.66,68.66,222
2024-10-08 17:46:00,68.7,68.7,68.7,68.7,153
2024-10-08 17:48:00,68.645,68.645,68.645,68.645,101
2024-10-08 17:50:00,68.645,68.645,68.645,68.645,136
2024-10-08 17:51:00,68.69,68.69,68.69,68.69,101
2024-10-08 17:53:00,68.62,68.62,68.61,68.61,236
2024-10-08 17:57:00,68.65,68.66,68.65,68.66,1261
2024-10-08 17:58:00,68.69,68.7,68.69,68.7,583
2024-10-08 18:01:00,68.74,68.74,68.74,68.74,100
2024-10-08 18:07:00,68.73,68.73,68.73,68.73,100
2024-10-08 18:12:00,68.73,68.73,68.73,68.73,181
2024-10-08 18:17:00,68.76,68.76,68.76,68.76,100
2024-10-08 18:22:00,68.76,68.76,68.76,68.76,180
2024-10-08 18:23:00,68.69,68.72,68.69,68.72,338
2024-10-08 18:26:00,68.712,68.712,68.712,68.712,807
2024-10-08 18:32:00,68.68,68.74,68.68,68.74,251
2024-10-08 18:37:00,68.73,68.79,68.73,68.79,1773
2024-10-08 18:39:00,68.7201,68.7201,68.7201,68.7201,128
2024-10-08 18:42:00,68.785,68.785,68.785,68.785,100
2024-10-08 18:43:00,68.85,68.85,68.85,68.85,138
2024-10-08 18:48:00,68.85,68.85,68.85,68.85,100
2024-10-08 18:53:00,68.83,68.83,68.83,68.83,194
2024-10-08 18:54:00,68.775,68.775,68.775,68.775,103
2024-10-08 18:58:00,68.83,68.83,68.83,68.83,113
2024-10-08 19:02:00,68.765,68.765,68.72,68.72,476
2024-10-08 19:04:00,68.65,68.65,68.62,68.62,326
2024-10-08 19:09:00,68.68,68.68,68.68,68.68,153
2024-10-08 19:10:00,68.615,68.615,68.615,68.615,117
2024-10-08 19:11:00,68.67,68.705,68.67,68.705,224
2024-10-08 19:12:00,68.71,68.71,68.71,68.71,1174
2024-10-08 19:14:00,68.74,68.74,68.74,68.74,103
2024-10-08 19:18:00,68.74,68.74,68.7175,68.7175,643
2024-10-08 19:19:00,68.73,68.75,68.73,68.75,711
2024-10-08 19:21:00,68.72,68.72,68.72,68.72,163
2024-10-08 19:23:00,68.73,68.73,68.73,68.73,519
2024-10-08 19:24:00,68.75,68.75,68.75,68.75,104
2024-10-08 19:25:00,68.701,68.701,68.701,68.701,205
2024-10-08 19:27:00,68.72,68.72,68.72,68.72,177
2024-10-08 19:28:00,68.72,68.72,68.72,68.72,183
2024-10-08 19:29:00,68.72,68.72,68.7,68.7,559
2024-10-08 19:30:00,68.695,68.695,68.695,68.695,141
2024-10-08 19:32:00,68.7025,68.71,68.7,68.71,588
2024-10-08 19:34:00,68.72,68.73,68.71,68.71,1136
2024-10-08 19:36:00,68.69,68.69,68.69,68.69,142
2024-10-08 19:39:00,68.7,68.73,68.7,68.73,714
2024-10-08 19:40:00,68.725,68.725,68.72,68.72,310
2024-10-08 19:41:00,68.73,68.73,68.72,68.72,820
2024-10-08 19:43:00,68.73,68.762,68.73,68.745,1158
2024-10-08 19:45:00,68.71,68.72,68.71,68.72,491
2024-10-08 19:46:00,68.7,68.7,68.7,68.7,148
2024-10-08 19:47:00,68.74,68.74,68.73,68.73,366
2024-10-08 19:49:00,68.74,68.74,68.73,68.73,596
2024-10-08 19:50:00,68.73,68.73,68.73,68.73,266
2024-10-08 19:52:00,68.73,68.77,68.73,68.75,2716
2024-10-08 19:53:00,68.76,68.76,68.76,68.76,829
2024-10-08 19:54:00,68.79,68.79,68.79,68.79,438
2024-10-08 19:55:00,68.81,68.81,68.805,68.805,613
2024-10-08 19:56:00,68.83,68.83,68.794,68.794,665
2024-10-08 19:57:00,68.8,68.85,68.8,68.85,972
2024-10-08 19:58:00,68.85,68.86,68.84,68.84,805
2024-10-08 19:59:00,68.805,68.84,68.78,68.78,2268
2024-10-09 13:30:00,68.78,68.81,68.2,68.63,4323
2024-10-09 13:32:00,68.33,68.34,68.31,68.31,664
2024-10-09 13:33:00,68.26,68.37,68.26,68.37,290
2024-10-09 13:34:00,68.24,68.24,68.24,68.24,639
2024-10-09 13:39:00,68.36,68.36,68.36,68.36,234
2024-10-09 13:45:00,68.43,68.43,68.43,68.43,176
2024-10-09 13:46:00,68.49,68.5,68.43,68.46,3286
2024-10-09 13:48:00,68.4,68.4,68.37,68.37,345
2024-10-09 13:50:00,68.34,68.34,68.34,68.34,211
2024-10-09 13:55:00,68.4246,68.4246,68.36,68.36,315
2024-10-09 13:57:00,68.39,68.39,68.39,68.39,152
2024-10-09 13:59:00,68.4,68.4,68.4,68.4,387
2024-10-09 14:01:00,68.4,68.4,68.4,68.4,127
2024-10-09 14:02:00,68.39,68.43,68.39,68.43,897
2024-10-09 14:03:00,68.42,68.43,68.41,68.41,1320
2024-10-09 14:06:00,68.36,68.41,68.36,68.41,672
2024-10-09 14:08:00,68.37,68.43,68.23,68.43,1731
2024-10-09 14:09:00,68.375,68.375,68.375,68.375,234
2024-10-09 14:15:00,68.44,68.5,68.35,68.5,2390
2024-10-09 14:16:00,68.39,68.45,68.39,68.45,655
2024-10-09 14:20:00,68.385,68.39,68.385,68.39,546
2024-10-09 14:25:00,68.38,68.38,68.38,68.38,135
2024-10-09 14:28:00,68.385,68.39,68.36,68.36,1045
2024-10-09 14:36:00,68.36,68.365,68.36,68.365,215
2024-10-09 14:37:00,68.38,68.4,68.35,68.35,1489
2024-10-09 14:38:00,68.365,68.365,68.365,68.365,136
2024-10-09 14:39:00,68.355,68.355,68.35,68.355,451
2024-10-09 14:44:00,68.295,68.295,68.295,68.295,181
2024-10-09 14:48:00,68.37,68.37,68.25,68.275,338
2024-10-09 14:50:00,68.37,68.37,68.37,68.37,125
2024-10-09 14:51:00,68.305,68.305,68.305,68.305,211
2024-10-09 14:54:00,68.37,68.37,68.27,68.355,1096
2024-10-09 14:55:00,68.355,68.435,68.355,68.435,2295
2024-10-09 15:00:00,68.47,68.47,68.395,68.395,368
2024-10-09 15:02:00,68.47,68.48,68.47,68.47,747
2024-10-09 15:04:00,68.38,68.38,68.38,68.38,108
2024-10-09 15:05:00,68.465,68.465,68.465,68.465,107
2024-10-09 15:07:00,68.55,68.585,68.52,68.585,1316
2024-10-09 15:09:00,68.595,68.595,68.595,68.595,133
2024-10-09 15:10:00,68.605,68.605,68.605,68.605,111
2024-10-09 15:11:00,68.61,68.61,68.61,68.61,125
2024-10-09 15:17:00,68.69,68.69,68.62,68.68,612
2024-10-09 15:18:00,68.68,68.68,68.64,68.645,1303
2024-10-09 15:19:00,68.68,68.68,68.605,68.605,3105
2024-10-09 15:20:00,68.67,68.68,68.565,68.65,3366
2024-10-09 15:21:00,68.65,68.72,68.62,68.7,2082
2024-10-09 15:22:00,68.71,68.77,68.71,68.76,725
2024-10-09 15:23:00,68.8,68.8,68.725,68.725,1098
2024-10-09 15:33:00,68.675,68.675,68.675,68.675,236
2024-10-09 15:36:00,68.61,68.61,68.61,68.61,107
2024-10-09 15:38:00,68.76,68.79,68.66,68.66,1118
2024-10-09 15:39:00,68.77,68.8,68.65,68.65,1792
2024-10-09 15:40:00,68.6692,68.6692,68.6692,68.6692,293
2024-10-09 15:41:00,68.74,68.74,68.74,68.74,175
2024-10-09 15:42:00,68.675,68.675,68.675,68.675,442
2024-10-09 15:43:00,68.675,68.675,68.675,68.675,220
2024-10-09 15:44:00,68.675,68.675,68.675,68.675,152
2024-10-09 15:45:00,68.675,68.675,68.675,68.675,127
2024-10-09 15:52:00,68.7,68.7,68.7,68.7,172
2024-10-09 15:56:00,68.69,68.6906,68.69,68.69,3863
2024-10-09 15:58:00,68.675,68.675,68.675,68.675,145
2024-10-09 16:00:00,68.695,68.695,68.695,68.695,114
2024-10-09 16:01:00,68.73,68.78,68.73,68.77,2684
2024-10-09 16:02:00,68.82,68.9,68.82,68.9,2593
2024-10-09 16:03:00,68.9,68.9,68.9,68.9,335
2024-10-09 16:15:00,68.79,68.79,68.79,68.79,440
2024-10-09 16:17:00,68.79,68.79,68.79,68.79,270
2024-10-09 16:18:00,68.785,68.829,68.78,68.829,825
2024-10-09 16:22:00,68.78,68.78,68.775,68.775,283
2024-10-09 16:25:00,68.84,68.85,68.84,68.84,1167
2024-10-09 16:28:00,68.9,68.9,68.82,68.86,2520
2024-10-09 16:29:00,68.8502,68.8502,68.8502,68.8502,535
2024-10-09 16:30:00,68.85,68.85,68.83,68.83,575
2024-10-09 16:37:00,68.845,68.845,68.845,68.845,120
2024-10-09 16:42:00,68.83,68.83,68.78,68.83,2768
2024-10-09 16:43:00,68.855,68.855,68.855,68.855,108
2024-10-09 16:46:00,68.828,68.828,68.828,68.828,214
2024-10-09 16:48:00,68.83,68.83,68.83,68.83,126
2024-10-09 16:51:00,68.83,68.83,68.83,68.83,254
2024-10-09 16:52:00,68.83,68.83,68.83,68.83,109
2024-10-09 16:53:00,68.83,68.83,68.83,68.83,224
2024-10-09 16:54:00,68.795,68.795,68.795,68.795,132
2024-10-09 16:56:00,68.79,68.79,68.79,68.79,121
2024-10-09 16:57:00,68.78,68.78,68.78,68.78,111
2024-10-09 16:59:00,68.765,68.765,68.765,68.765,424
2024-10-09 17:00:00,68.765,68.765,68.765,68.765,109
2024-10-09 17:02:00,68.755,68.78,68.69,68.73,2070
2024-10-09 17:03:00,68.73,68.73,68.73,68.73,411
2024-10-09 17:04:00,68.76,68.76,68.76,68.76,466
2024-10-09 17:06:00,68.78,68.78,68.77,68.77,533
2024-10-09 17:07:00,68.78,68.79,68.75,68.79,844
2024-10-09 17:18:00,68.775,68.775,68.775,68.775,141
2024-10-09 17:21:00,68.802,68.802,68.775,68.775,385
2024-10-09 17:28:00,68.775,68.776,68.765,68.765,3695
2024-10-09 17:29:00,68.765,68.8,68.765,68.765,474
2024-10-09 17:39:00,68.77,68.77,68.77,68.77,178
2024-10-09 17:40:00,68.78,68.81,68.78,68.81,890
2024-10-09 17:43:00,68.81,68.81,68.81,68.81,107
2024-10-09 17:45:00,68.81,68.81,68.81,68.81,426
2024-10-09 17:48:00,68.82,68.82,68.82,68.82,106
2024-10-09 17:53:00,68.83,68.83,68.73,68.775,433
2024-10-09 17:55:00,68.81,68.81,68.81,68.81,158
2024-10-09 18:06:00,68.825,68.825,68.825,68.825,136
2024-10-09 18:12:00,68.825,68.825,68.825,68.825,350
2024-10-09 18:19:00,68.82,68.82,68.82,68.82,319
2024-10-09 18:20:00,68.8,68.8,68.74,68.74,1549
2024-10-09 18:21:00,68.71,68.71,68.67,68.71,2685
2024-10-09 18:22:00,68.685,68.71,68.685,68.705,391
2024-10-09 18:25:00,68.73,68.74,68.73,68.735,1650
2024-10-09 18:26:00,68.75,68.805,68.75,68.805,868
2024-10-09 18:29:00,68.83,68.83,68.83,68.83,110
2024-10-09 18:30:00,68.82,68.82,68.78,68.78,244
2024-10-09 18:32:00,68.78,68.78,68.78,68.78,393
2024-10-09 18:34:00,68.81,68.81,68.81,68.81,107
2024-10-09 18:36:00,68.785,68.785,68.785,68.785,210
2024-10-09 18:50:00,68.73,68.73,68.73,68.73,112
2024-10-09 18:53:00,68.78,68.78,68.78,68.78,176
2024-10-09 18:55:00,68.745,68.82,68.745,68.82,521
2024-10-09 18:56:00,68.81,68.81,68.81,68.81,122
2024-10-09 18:58:00,68.7,68.705,68.7,68.705,721
2024-10-09 19:00:00,68.705,68.705,68.705,68.705,331
2024-10-09 19:02:00,68.685,68.685,68.685,68.685,118
2024-10-09 19:03:00,68.665,68.69,68.655,68.68,2994
2024-10-09 19:04:00,68.68,68.68,68.61,68.65,1834
2024-10-09 19:05:00,68.64,68.65,68.565,68.565,1272
2024-10-09 19:06:00,68.61,68.61,68.61,68.61,216
2024-10-09 19:07:00,68.63,68.63,68.605,68.605,2579
2024-10-09 19:11:00,68.605,68.605,68.605,68.605,118
2024-10-09 19:14:00,68.64,68.745,68.635,68.745,2164
2024-10-09 19:17:00,68.78,68.78,68.78,68.78,176
2024-10-09 19:18:00,68.825,68.825,68.825,68.825,113
2024-10-09 19:20:00,68.83,68.83,68.75,68.75,1054
2024-10-09 19:26:00,68.79,68.82,68.79,68.82,439
2024-10-09 19:29:00,68.8,68.8,68.8,68.8,203
2024-10-09 19:32:00,68.78,68.78,68.76,68.76,357
2024-10-09 19:33:00,68.76,68.79,68.76,68.79,1263
2024-10-09 19:34:00,68.795,68.8,68.795,68.8,615
2024-10-09 19:35:00,68.79,68.795,68.785,68.795,1710
2024-10-09 19:37:00,68.8,68.815,68.8,68.815,592
2024-10-09 19:38:00,68.815,68.815,68.8,68.815,542
2024-10-09 19:39:00,68.815,68.815,68.815,68.815,388
2024-10-09 19:40:00,68.815,68.83,68.815,68.815,762
2024-10-09 19:41:00,68.815,68.815,68.77,68.785,5512
2024-10-09 19:42:00,68.79,68.8,68.78,68.8,934
2024-10-09 19:43:00,68.79,68.79,68.79,68.79,1594
2024-10-09 19:44:00,68.79,68.81,68.715,68.715,3424
2024-10-09 19:45:00,68.73,68.78,68.73,68.755,2337
2024-10-09 19:46:00,68.76,68.76,68.76,68.76,146
2024-10-09 19:47:00,68.77,68.77,68.77,68.77,212
2024-10-09 19:48:00,68.75,68.76,68.75,68.75,758
2024-10-09 19:50:00,68.79,68.79,68.79,68.79,309
2024-10-09 19:51:00,68.77,68.77,68.76,68.76,334
2024-10-09 19:52:00,68.8,68.8,68.76,68.76,837
2024-10-09 19:53:00,68.81,68.86,68.79,68.86,1487
2024-10-09 19:54:00,68.87,68.87,68.87,68.87,267
2024-10-09 19:57:00,68.84,68.86,68.84,68.86,2037
2024-10-09 19:58:00,68.865,68.865,68.865,68.865,205
2024-10-09 19:59:00,68.87,68.89,68.85,68.88,3630
2024-10-10 12:30:00,68.0,68.0,68.0,68.0,967
2024-10-10 13:29:00,68.23,68.24,68.22,68.22,300
2024-10-10 13:30:00,68.13,68.16,68.13,68.16,1417
2024-10-10 13:32:00,68.13,68.13,68.11,68.13,637
2024-10-10 13:33:00,68.12,68.12,68.09,68.09,372
2024-10-10 13:35:00,68.16,68.16,68.16,68.16,101
2024-10-10 13:37:00,68.01,68.01,67.96,67.96,426
2024-10-10 13:38:00,67.88,67.885,67.88,67.885,475
2024-10-10 13:39:00,67.88,67.92,67.88,67.9,637
2024-10-10 13:40:00,67.89,67.89,67.8,67.8,566
2024-10-10 13:41:00,67.8,67.8,67.8,67.8,583
2024-10-10 13:42:00,67.86,67.86,67.86,67.86,200
2024-10-10 13:43:00,67.84,67.84,67.8,67.8,630
2024-10-10 13:45:00,67.79,67.79,67.79,67.79,450
2024-10-10 13:46:00,67.854,67.854,67.854,67.854,216
2024-10-10 13:48:00,67.73,67.74,67.73,67.74,276
2024-10-10 13:49:00,67.71,67.76,67.71,67.76,814
2024-10-10 13:50:00,67.71,67.71,67.695,67.695,532
2024-10-10 13:53:00,67.765,67.765,67.765,67.765,220
2024-10-10 13:54:00,67.74,67.74,67.74,67.74,297
2024-10-10 13:55:00,67.86,67.87,67.86,67.87,528
2024-10-10 13:57:00,67.89,67.89,67.89,67.89,132
2024-10-10 14:00:00,67.86,68.01,67.86,68.01,797
2024-10-10 14:01:00,67.94,67.94,67.94,67.94,217
2024-10-10 14:03:00,67.92,68.01,67.91,67.94,458
2024-10-10 14:05:00,67.94,67.94,67.94,67.94,159
2024-10-10 14:07:00,67.95,67.965,67.95,67.965,584
2024-10-10 14:09:00,68.02,68.02,67.97,67.97,426
2024-10-10 14:10:00,67.99,67.99,67.99,67.99,504
2024-10-10 14:11:00,68.0,68.04,68.0,68.04,1214
2024-10-10 14:12:00,68.0,68.005,68.0,68.005,1001
2024-10-10 14:13:00,67.98,68.0,67.97,68.0,461
2024-10-10 14:14:00,68.03,68.03,68.015,68.015,327
2024-10-10 14:16:00,68.06,68.08,68.04,68.075,706
2024-10-10 14:18:00,68.085,68.13,68.085,68.13,211
2024-10-10 14:20:00,68.05,68.05,68.05,68.05,229
2024-10-10 14:25:00,67.98,68.06,67.98,68.06,200
2024-10-10 14:26:00,67.98,67.98,67.98,67.98,122
2024-10-10 14:27:00,67.98,67.98,67.97,67.97,339
2024-10-10 14:28:00,67.98,67.99,67.98,67.99,350
2024-10-10 14:29:00,67.98,68.0,67.98,68.0,308
2024-10-10 14:33:00,68.07,68.07,68.07,68.07,134
2024-10-10 14:34:00,67.88,67.88,67.87,67.87,425
2024-10-10 14:36:00,67.88,67.88,67.88,67.88,169
2024-10-10 14:37:00,68.04,68.04,68.04,68.04,265
2024-10-10 14:41:00,67.955,67.955,67.955,67.955,138
2024-10-10 14:43:00,67.9,67.9,67.9,67.9,325
2024-10-10 14:44:00,67.87,67.935,67.87,67.925,634
2024-10-10 14:47:00,67.935,67.935,67.935,67.935,113
2024-10-10 14:48:00,67.91,67.91,67.87,67.87,206
2024-10-10 14:49:00,67.86,67.86,67.86,67.86,294
2024-10-10 14:50:00,67.86,67.905,67.86,67.905,402
2024-10-10 14:52:00,67.86,67.9599,67.86,67.9599,973
2024-10-10 14:54:00,67.845,67.845,67.845,67.845,253
2024-10-10 14:55:00,67.81,67.86,67.81,67.86,1582
2024-10-10 14:56:00,67.89,67.89,67.88,67.88,510
2024-10-10 14:57:00,67.94,67.94,67.94,67.94,101
2024-10-10 15:01:00,67.99,67.99,67.99,67.99,123
2024-10-10 15:02:00,67.99,67.99,67.99,67.99,186
2024-10-10 15:03:00,67.925,67.925,67.925,67.925,123
2024-10-10 15:06:00,67.99,67.99,67.99,67.99,260
2024-10-10 15:07:00,67.92,67.92,67.92,67.92,381
2024-10-10 15:08:00,67.925,67.925,67.925,67.925,111
2024-10-10 15:11:00,67.99,67.99,67.91,67.91,221
2024-10-10 15:12:00,67.86,67.86,67.86,67.86,284
2024-10-10 15:13:00,67.93,67.93,67.93,67.93,101
2024-10-10 15:14:00,67.9,67.92,67.9,67.9,744
2024-10-10 15:15:00,67.92,67.95,67.92,67.93,1296
2024-10-10 15:16:00,67.96,67.96,67.96,67.96,100
2024-10-10 15:19:00,67.96,67.99,67.93,67.99,1157
2024-10-10 15:20:00,67.955,67.955,67.955,67.955,264
2024-10-10 15:21:00,67.92,67.92,67.92,67.92,201
2024-10-10 15:25:00,67.9,67.9,67.86,67.885,810
2024-10-10 15:26:00,67.885,67.885,67.885,67.885,113
2024-10-10 15:28:00,67.885,67.885,67.885,67.885,129
2024-10-10 15:29:00,67.9,67.9,67.9,67.9,203
2024-10-10 15:30:00,67.9,67.91,67.86,67.88,1277
2024-10-10 15:31:00,67.89,67.9,67.88,67.88,1058
2024-10-10 15:32:00,67.87,67.87,67.87,67.87,124
2024-10-10 15:34:00,67.88,67.93,67.88,67.9,1110
2024-10-10 15:35:00,67.9,67.94,67.9,67.94,476
2024-10-10 15:36:00,67.93,67.93,67.93,67.93,100
2024-10-10 15:41:00,67.95,67.965,67.95,67.965,362
2024-10-10 15:42:00,67.99,67.99,67.99,67.99,100
2024-10-10 15:45:00,67.97,67.97,67.96,67.96,297
2024-10-10 15:47:00,67.98,67.98,67.98,67.98,100
2024-10-10 15:49:00,67.98,67.98,67.98,67.98,100
2024-10-10 15:50:00,67.97,68.0,67.97,67.99,1996
2024-10-10 15:51:00,67.99,68.0,67.98,68.0,1617
2024-10-10 15:53:00,68.025,68.025,68.025,68.025,301
2024-10-10 15:55:00,68.07,68.08,68.06,68.07,484
2024-10-10 15:56:00,68.08,68.08,68.08,68.08,103
2024-10-10 15:57:00,68.11,68.11,68.11,68.11,215
2024-10-10 15:59:00,68.12,68.12,68.12,68.12,406
2024-10-10 16:04:00,68.11,68.11,68.11,68.11,223
2024-10-10 16:11:00,68.07,68.07,68.07,68.07,101
2024-10-10 16:22:00,68.06,68.06,68.06,68.06,502
2024-10-10 16:23:00,68.07,68.115,68.07,68.115,211
2024-10-10 16:31:00,68.025,68.025,68.025,68.025,203
2024-10-10 16:34:00,68.0,68.117,68.0,68.117,698
2024-10-10 16:37:00,68.0415,68.0415,68.04,68.04,240
2024-10-10 16:40:00,68.04,68.04,68.03,68.03,300
2024-10-10 16:42:00,68.04,68.04,68.04,68.04,261
2024-10-10 16:44:00,68.0,68.03,68.0,68.03,263
2024-10-10 16:46:00,68.0,68.0,68.0,68.0,104
2024-10-10 16:50:00,67.92,67.92,67.92,67.92,213
2024-10-10 16:53:00,67.91,67.91,67.91,67.91,286
2024-10-10 16:55:00,67.88,67.88,67.88,67.88,100
2024-10-10 17:00:00,67.86,67.86,67.86,67.86,127
2024-10-10 17:02:00,67.88,67.88,67.88,67.88,201
2024-10-10 17:05:00,67.7542,67.84,67.7036,67.7036,4172
2024-10-10 17:06:00,67.68,67.68,67.68,67.68,485
2024-10-10 17:08:00,67.65,67.695,67.65,67.695,528
2024-10-10 17:09:00,67.62,67.62,67.62,67.62,644
2024-10-10 17:11:00,67.68,67.68,67.68,67.68,280
2024-10-10 17:13:00,67.67,67.67,67.67,67.67,113
2024-10-10 17:14:00,67.67,67.67,67.62,67.66,976
2024-10-10 17:16:00,67.68,67.71,67.68,67.695,2471
2024-10-10 17:17:00,67.73,67.73,67.73,67.73,322
2024-10-10 17:18:00,67.78,67.78,67.76,67.78,1275
2024-10-10 17:20:00,67.77,67.79,67.765,67.78,2065
2024-10-10 17:21:00,67.75,67.75,67.75,67.75,376
2024-10-10 17:22:00,67.73,67.73,67.73,67.73,400
2024-10-10 17:23:00,67.71,67.71,67.71,67.71,213
2024-10-10 17:25:00,67.735,67.735,67.735,67.735,394
2024-10-10 17:27:00,67.76,67.79,67.76,67.79,1188
2024-10-10 17:29:00,67.85,67.85,67.85,67.85,101
2024-10-10 17:30:00,67.84,67.84,67.84,67.84,119
2024-10-10 17:32:00,67.87,67.89,67.835,67.89,945
2024-10-10 17:35:00,67.88,67.91,67.88,67.905,1316
2024-10-10 17:37:00,67.88,67.9,67.88,67.88,907
2024-10-10 17:38:00,67.9,67.91,67.875,67.875,965
2024-10-10 17:43:00,67.86,67.86,67.86,67.86,100
2024-10-10 17:47:00,67.86,67.86,67.86,67.86,202
2024-10-10 17:48:00,67.885,67.885,67.885,67.885,200
2024-10-10 17:49:00,67.835,67.835,67.835,67.835,234
2024-10-10 17:51:00,67.82,67.84,67.77,67.77,958
2024-10-10 17:52:00,67.74,67.74,67.74,67.74,117
2024-10-10 17:54:00,67.74,67.74,67.74,67.74,238
2024-10-10 18:00:00,67.83,67.83,67.83,67.83,100
2024-10-10 18:01:00,67.83,67.85,67.83,67.85,1192
2024-10-10 18:04:00,67.83,67.85,67.83,67.85,973
2024-10-10 18:05:00,67.86,67.86,67.86,67.86,454
2024-10-10 18:13:00,67.89,67.89,67.89,67.89,303
2024-10-10 18:16:00,67.86,67.865,67.86,67.86,449
2024-10-10 18:18:00,67.865,67.88,67.865,67.88,369
2024-10-10 18:20:00,67.875,67.875,67.875,67.875,169
2024-10-10 18:21:00,67.89,67.89,67.89,67.89,100
2024-10-10 18:22:00,67.87,67.89,67.87,67.89,566
2024-10-10 18:25:00,67.89,67.89,67.89,67.89,223
2024-10-10 18:26:00,67.84,67.85,67.83,67.85,356
2024-10-10 18:30:00,67.89,67.89,67.89,67.89,118
2024-10-10 18:31:00,67.85,67.86,67.84,67.86,704
2024-10-10 18:33:00,67.86,67.865,67.86,67.865,210
2024-10-10 18:38:00,67.86,67.87,67.83,67.83,2085
2024-10-10 18:39:00,67.795,67.83,67.77,67.83,2000
2024-10-10 18:40:00,67.91,67.91,67.87,67.9,421
2024-10-10 18:42:00,67.885,67.885,67.885,67.885,140
2024-10-10 18:43:00,67.82,67.82,67.82,67.82,253
2024-10-10 18:50:00,67.85,67.85,67.85,67.85,174
2024-10-10 18:55:00,67.82,67.82,67.82,67.82,138
2024-10-10 18:56:00,67.8,67.8,67.8,67.8,145
2024-10-10 18:59:00,67.82,67.836,67.82,67.836,998
2024-10-10 19:00:00,67.81,67.81,67.81,67.81,416
2024-10-10 19:01:00,67.79,67.79,67.79,67.79,698
2024-10-10 19:03:00,67.76,67.76,67.76,67.76,429
2024-10-10 19:04:00,67.75,67.75,67.75,67.75,100
2024-10-10 19:05:00,67.78,67.78,67.78,67.78,934
2024-10-10 19:06:00,67.79,67.825,67.79,67.825,1437
2024-10-10 19:09:00,67.78,67.78,67.78,67.78,177
2024-10-10 19:10:00,67.83,67.83,67.83,67.83,101
2024-10-10 19:11:00,67.83,67.88,67.83,67.88,1375
2024-10-10 19:13:00,67.89,67.89,67.89,67.89,262
2024-10-10 19:14:00,67.89,67.89,67.89,67.89,534
2024-10-10 19:15:00,67.885,67.885,67.885,67.885,193
2024-10-10 19:16:00,67.9008,67.915,67.885,67.885,581
2024-10-10 19:19:00,67.905,67.905,67.905,67.905,234
2024-10-10 19:24:00,67.87,67.9,67.87,67.9,205
2024-10-10 19:26:00,67.9,67.9,67.87,67.9,663
2024-10-10 19:28:00,67.875,67.875,67.875,67.875,229
2024-10-10 19:30:00,67.85,67.87,67.85,67.87,409
2024-10-10 19:31:00,67.86,67.86,67.86,67.86,200
2024-10-10 19:33:00,67.88,67.88,67.88,67.88,115
2024-10-10 19:34:00,67.89,67.91,67.88,67.9,1577
2024-10-10 19:36:00,67.9,67.91,67.9,67.9,1592
2024-10-10 19:38:00,67.92,67.92,67.91,67.91,423
2024-10-10 19:40:00,67.92,67.93,67.92,67.93,1170
2024-10-10 19:41:00,67.905,67.905,67.905,67.905,180
2024-10-10 19:43:00,67.9,67.92,67.88,67.88,571
2024-10-10 19:44:00,67.89,67.89,67.89,67.89,215
2024-10-10 19:45:00,67.9,67.9,67.9,67.9,158
2024-10-10 19:50:00,67.9,67.935,67.9,67.935,2736
2024-10-10 19:51:00,67.94,67.96,67.94,67.9407,2754
2024-10-10 19:52:00,67.95,67.955,67.95,67.955,414
2024-10-10 19:53:00,67.97,67.97,67.97,67.97,1124
2024-10-10 19:54:00,67.97,67.97,67.96,67.97,1288
2024-10-10 19:55:00,67.965,68.02,67.965,68.02,3504
2024-10-10 19:56:00,68.015,68.04,68.0,68.04,2232
2024-10-10 19:58:00,68.08,68.08,68.06,68.07,2106
2024-10-10 19:59:00,68.06,68.09,68.06,68.06,4336
2024-10-11 13:27:00,67.5,67.5,67.5,67.5,201
2024-10-11 13:28:00,67.5,67.5,67.5,67.5,100
2024-10-11 13:30:00,67.76,67.76,67.56,67.56,1982
2024-10-11 13:32:00,67.62,67.65,67.62,67.65,611
2024-10-11 13:35:00,67.74,67.74,67.74,67.74,120
2024-10-11 13:37:00,67.625,67.625,67.54,67.56,993
2024-10-11 13:39:00,67.73,67.73,67.625,67.625,232
2024-10-11 13:40:00,67.635,67.635,67.635,67.635,101
2024-10-11 13:42:00,67.73,67.73,67.73,67.73,100
2024-10-11 13:43:00,67.54,67.54,67.54,67.54,100
2024-10-11 13:44:00,67.57,67.72,67.57,67.72,200
2024-10-11 13:45:00,67.56,67.64,67.56,67.64,203
2024-10-11 13:49:00,67.71,67.71,67.65,67.65,2093
2024-10-11 13:50:00,67.67,67.67,67.67,67.67,116
2024-10-11 13:53:00,67.73,67.73,67.695,67.73,562
2024-10-11 13:59:00,67.73,67.73,67.73,67.73,119
2024-10-11 14:00:00,67.78,67.79,67.78,67.79,346
2024-10-11 14:01:00,67.75,67.775,67.75,67.775,349
2024-10-11 14:02:00,67.8,67.82,67.78,67.795,1055
2024-10-11 14:03:00,67.83,67.83,67.8,67.8,373
2024-10-11 14:05:00,67.76,67.76,67.76,67.76,275
2024-10-11 14:06:00,67.83,67.83,67.81,67.81,781
2024-10-11 14:17:00,67.78,67.78,67.78,67.78,115
2024-10-11 14:19:00,67.78,67.79,67.78,67.79,458
2024-10-11 14:21:00,67.75,67.76,67.75,67.76,608
2024-10-11 14:22:00,67.73,67.73,67.73,67.73,323
2024-10-11 14:23:00,67.8116,67.8116,67.75,67.75,211
2024-10-11 14:27:00,67.82,67.82,67.775,67.775,1331
2024-10-11 14:31:00,67.76,67.76,67.76,67.76,471
2024-10-11 14:36:00,67.71,67.71,67.71,67.71,333
2024-10-11 14:38:00,67.72,67.72,67.72,67.72,312
2024-10-11 14:44:00,67.72,67.72,67.68,67.68,404
2024-10-11 14:47:00,67.69,67.69,67.69,67.69,241
2024-10-11 14:48:00,67.67,67.67,67.67,67.67,267
2024-10-11 14:50:00,67.695,67.695,67.695,67.695,404
2024-10-11 14:53:00,67.625,67.625,67.625,67.625,100
2024-10-11 14:55:00,67.66,67.66,67.66,67.66,108
2024-10-11 14:57:00,67.675,67.675,67.675,67.675,206
2024-10-11 14:58:00,67.75,67.75,67.75,67.75,111
2024-10-11 14:59:00,67.675,67.675,67.675,67.675,375
2024-10-11 15:00:00,67.75,67.75,67.75,67.75,106
2024-10-11 15:01:00,67.75,67.75,67.75,67.75,126
2024-10-11 15:02:00,67.75,67.75,67.75,67.75,232
2024-10-11 15:04:00,67.63,67.74,67.63,67.64,551
2024-10-11 15:05:00,67.74,67.74,67.74,67.74,173
2024-10-11 15:06:00,67.69,67.69,67.69,67.69,118
2024-10-11 15:07:00,67.74,67.75,67.71,67.75,1598
2024-10-11 15:10:00,67.81,67.81,67.81,67.81,100
2024-10-11 15:19:00,67.8,67.81,67.8,67.81,420
2024-10-11 15:28:00,67.79,67.82,67.79,67.82,1151
2024-10-11 15:35:00,67.845,67.845,67.845,67.845,102
2024-10-11 15:38:00,67.89,67.925,67.89,67.925,1043
2024-10-11 15:39:00,67.905,67.905,67.905,67.905,105
2024-10-11 15:53:00,67.81,67.81,67.81,67.81,226
2024-10-11 15:55:00,67.8,67.8,67.8,67.8,101
2024-10-11 16:01:00,67.76,67.76,67.76,67.76,558
2024-10-11 16:02:00,67.745,67.745,67.745,67.745,492
2024-10-11 16:14:00,67.735,67.7735,67.735,67.7735,655
2024-10-11 16:18:00,67.79,67.79,67.79,67.79,202
2024-10-11 16:22:00,67.735,67.735,67.735,67.735,368
2024-10-11 16:24:00,67.78,67.805,67.78,67.805,2032
2024-10-11 16:27:00,67.84,67.84,67.84,67.84,123
2024-10-11 16:30:00,67.84,67.84,67.84,67.84,124
2024-10-11 16:33:00,67.84,67.84,67.84,67.84,104
2024-10-11 16:35:00,67.83,67.83,67.83,67.83,105
2024-10-11 16:36:00,67.82,67.82,67.79,67.79,372
2024-10-11 16:37:00,67.79,67.79,67.79,67.79,188
2024-10-11 16:39:00,67.81,67.81,67.81,67.81,123
2024-10-11 16:40:00,67.8,67.85,67.8,67.85,1453
2024-10-11 16:42:00,67.83,67.83,67.83,67.83,100
2024-10-11 16:45:00,67.8,67.8,67.8,67.8,130
2024-10-11 16:46:00,67.77,67.77,67.76,67.76,660
2024-10-11 16:48:00,67.76,67.76,67.76,67.76,340
2024-10-11 16:53:00,67.745,67.78,67.745,67.78,1076
2024-10-11 16:56:00,67.82,67.82,67.82,67.82,100
2024-10-11 16:58:00,67.82,67.83,67.775,67.8,905
2024-10-11 16:59:00,67.84,67.84,67.84,67.84,112
2024-10-11 17:00:00,67.85,67.85,67.85,67.85,617
2024-10-11 17:02:00,67.87,67.87,67.87,67.87,209
2024-10-11 17:05:00,67.86,67.86,67.86,67.86,348
2024-10-11 17:06:00,67.78,67.78,67.78,67.78,176
2024-10-11 17:11:00,67.85,67.85,67.85,67.85,275
2024-10-11 17:14:00,67.85,67.85,67.85,67.85,108
2024-10-11 17:15:00,67.79,67.79,67.78,67.78,748
2024-10-11 17:19:00,67.735,67.735,67.735,67.735,282
2024-10-11 17:20:00,67.735,67.735,67.735,67.735,360
2024-10-11 17:23:00,67.7,67.7,67.7,67.7,101
2024-10-11 17:26:00,67.735,67.77,67.735,67.77,744
2024-10-11 17:27:00,67.76,67.76,67.71,67.71,216
2024-10-11 17:28:00,67.75,67.77,67.75,67.77,1115
2024-10-11 17:30:00,67.79,67.79,67.79,67.79,156
2024-10-11 17:33:00,67.8,67.8,67.8,67.8,203
2024-10-11 17:34:00,67.72,67.72,67.72,67.72,257
2024-10-11 17:35:00,67.72,67.73,67.72,67.73,471
2024-10-11 17:36:00,67.7999,67.7999,67.7999,67.7999,255
2024-10-11 17:38:00,67.78,67.78,67.78,67.78,156
2024-10-11 17:39:00,67.695,67.695,67.695,67.695,219
2024-10-11 17:40:00,67.72,67.72,67.72,67.72,171
2024-10-11 17:41:00,67.76,67.76,67.76,67.76,1680
2024-10-11 17:42:00,67.76,67.76,67.76,67.76,258
2024-10-11 17:44:00,67.74,67.74,67.74,67.74,161
2024-10-11 17:46:00,67.72,67.72,67.72,67.72,118
2024-10-11 17:47:00,67.69,67.69,67.69,67.69,116
2024-10-11 17:54:00,67.74,67.74,67.74,67.74,122
2024-10-11 17:55:00,67.74,67.74,67.74,67.74,100
2024-10-11 17:56:00,67.69,67.69,67.69,67.69,192
2024-10-11 17:58:00,67.69,67.69,67.69,67.69,276
2024-10-11 17:59:00,67.69,67.69,67.69,67.69,203
2024-10-11 18:01:00,67.675,67.675,67.675,67.675,217
2024-10-11 18:02:00,67.67,67.67,67.67,67.67,158
2024-10-11 18:03:00,67.66,67.66,67.66,67.66,601
2024-10-11 18:04:00,67.71,67.71,67.71,67.71,371
2024-10-11 18:06:00,67.69,67.71,67.69,67.7,2150
2024-10-11 18:11:00,67.67,67.67,67.67,67.67,134
2024-10-11 18:14:00,67.66,67.67,67.66,67.67,604
2024-10-11 18:16:00,67.65,67.675,67.65,67.675,278
2024-10-11 18:17:00,67.65,67.65,67.65,67.65,165
2024-10-11 18:18:00,67.66,67.67,67.64,67.64,837
2024-10-11 18:19:00,67.67,67.68,67.67,67.68,806
2024-10-11 18:22:00,67.62,67.62,67.62,67.62,204
2024-10-11 18:23:00,67.62,67.65,67.62,67.65,637
2024-10-11 18:24:00,67.65,67.65,67.62,67.64,1317
2024-10-11 18:25:00,67.64,67.69,67.64,67.69,2286
2024-10-11 18:26:00,67.65,67.655,67.65,67.655,257
2024-10-11 18:31:00,67.63,67.645,67.61,67.62,1044
2024-10-11 18:32:00,67.65,67.65,67.62,67.635,1091
2024-10-11 18:33:00,67.635,67.635,67.61,67.61,305
2024-10-11 18:34:00,67.61,67.62,67.61,67.61,446
2024-10-11 18:35:00,67.6,67.6,67.6,67.6,123
2024-10-11 18:37:00,67.62,67.625,67.62,67.625,356
2024-10-11 18:38:00,67.6,67.6,67.6,67.6,583
2024-10-11 18:39:00,67.56,67.56,67.56,67.56,101
2024-10-11 18:40:00,67.565,67.565,67.565,67.565,129
2024-10-11 18:45:00,67.61,67.62,67.59,67.59,1630
2024-10-11 18:46:00,67.62,67.63,67.615,67.615,2277
2024-10-11 18:47:00,67.64,67.64,67.64,67.64,590
2024-10-11 18:48:00,67.64,67.64,67.625,67.625,672
2024-10-11 18:49:00,67.65,67.69,67.65,67.69,701
2024-10-11 18:50:00,67.69,67.7,67.66,67.66,1356
2024-10-11 18:51:00,67.65,67.65,67.65,67.65,634
2024-10-11 18:53:00,67.62,67.62,67.62,67.62,190
2024-10-11 18:54:00,67.65,67.67,67.64,67.67,1745
2024-10-11 18:55:00,67.67,67.69,67.66,67.67,1465
2024-10-11 19:03:00,67.685,67.685,67.685,67.685,539
2024-10-11 19:09:00,67.68,67.685,67.67,67.685,510
2024-10-11 19:10:00,67.66,67.66,67.64,67.64,822
2024-10-11 19:13:00,67.68,67.68,67.625,67.66,1398
2024-10-11 19:14:00,67.65,67.66,67.625,67.66,483
2024-10-11 19:15:00,67.67,67.67,67.67,67.67,688
2024-10-11 19:16:00,67.67,67.67,67.6575,67.66,2157
2024-10-11 19:17:00,67.68,67.68,67.68,67.68,437
2024-10-11 19:20:00,67.66,67.68,67.66,67.68,2560
2024-10-11 19:21:00,67.7,67.7,67.7,67.7,174
2024-10-11 19:22:00,67.7,67.725,67.69,67.725,1021
2024-10-11 19:27:00,67.69,67.69,67.69,67.69,215
2024-10-11 19:28:00,67.69,67.71,67.69,67.71,300
2024-10-11 19:30:00,67.69,67.71,67.69,67.71,500
2024-10-11 19:31:00,67.73,67.73,67.71,67.71,486
2024-10-11 19:32:00,67.705,67.7075,67.705,67.7075,519
2024-10-11 19:33:00,67.71,67.71,67.68,67.68,1207
2024-10-11 19:34:00,67.67,67.71,67.67,67.71,3938
2024-10-11 19:35:00,67.7,67.7,67.7,67.7,311
2024-10-11 19:36:00,67.7,67.705,67.7,67.705,551
2024-10-11 19:37:00,67.71,67.81,67.71,67.81,3992
2024-10-11 19:38:00,67.76,67.77,67.76,67.76,1182
2024-10-11 19:39:00,67.76,67.78,67.76,67.78,1642
2024-10-11 19:40:00,67.81,67.81,67.81,67.81,233
2024-10-11 19:42:00,67.79,67.79,67.78,67.78,453
2024-10-11 19:43:00,67.77,67.77,67.72,67.72,2895
2024-10-11 19:44:00,67.71,67.72,67.71,67.71,1293
2024-10-11 19:45:00,67.695,67.73,67.695,67.72,2375
2024-10-11 19:46:00,67.72,67.72,67.71,67.71,961
2024-10-11 19:47:00,67.7,67.7,67.69,67.69,772
2024-10-11 19:48:00,67.69,67.71,67.69,67.71,1255
2024-10-11 19:49:00,67.7,67.7,67.69,67.7,2516
2024-10-11 19:50:00,67.72,67.735,67.705,67.72,3805
2024-10-11 19:51:00,67.715,67.715,67.705,67.705,1113
2024-10-11 19:52:00,67.69,67.74,67.69,67.74,4047
2024-10-11 19:53:00,67.74,67.74,67.71,67.71,1369
2024-10-11 19:54:00,67.71,67.735,67.71,67.725,3614
2024-10-11 19:55:00,67.72,67.72,67.7,67.7,2437
2024-10-11 19:56:00,67.67,67.72,67.67,67.715,4062
2024-10-11 19:57:00,67.715,67.715,67.71,67.71,1455
2024-10-11 19:58:00,67.7,67.77,67.7,67.73,5780
2024-10-11 19:59:00,67.73,67.73,67.67,67.67,10298
2024-10-14 13:20:00,66.8,66.8,66.76,66.76,600
2024-10-14 13:27:00,66.77,66.77,66.75,66.75,500
2024-10-14 13:28:00,66.8,66.87,66.75,66.78,2156
2024-10-14 13:29:00,66.79,67.35,66.79,67.35,2961
2024-10-14 13:30:00,67.41,67.54,66.98,67.11,31324
2024-10-14 13:33:00,67.145,67.145,67.145,67.145,103
2024-10-14 13:34:00,67.15,67.15,67.15,67.15,100
2024-10-14 13:35:00,67.145,67.145,67.145,67.145,117
2024-10-14 13:36:00,67.01,67.01,66.92,66.92,404
2024-10-14 13:37:00,66.835,66.835,66.8,66.8,402
2024-10-14 13:38:00,66.8,66.805,66.8,66.805,301
2024-10-14 13:39:00,66.79,66.79,66.79,66.79,120
2024-10-14 13:40:00,66.795,66.795,66.78,66.78,322
2024-10-14 13:41:00,66.78,66.78,66.78,66.78,101
2024-10-14 13:43:00,66.775,66.82,66.775,66.815,986
2024-10-14 13:45:00,66.96,66.96,66.96,66.96,589
2024-10-14 13:46:00,67.01,67.04,66.915,67.0,1155
2024-10-14 13:47:00,67.07,67.07,67.02,67.02,503
2024-10-14 13:48:00,67.02,67.02,67.02,67.02,239
2024-10-14 13:49:00,67.03,67.03,67.02,67.02,380
2024-10-14 13:51:00,67.11,67.12,67.08,67.11,1080
2024-10-14 13:52:00,67.15,67.15,67.12,67.14,713
2024-10-14 13:54:00,67.07,67.07,67.05,67.05,668
2024-10-14 13:55:00,67.07,67.07,67.07,67.07,165
2024-10-14 13:59:00,67.045,67.045,66.98,66.98,429
2024-10-14 14:00:00,66.98,67.04,66.96,66.96,759
2024-10-14 14:02:00,66.99,66.99,66.99,66.99,795
2024-10-14 14:03:00,66.93,66.93,66.92,66.92,650
2024-10-14 14:05:00,66.86,66.86,66.86,66.86,384
2024-10-14 14:06:00,66.8,66.8,66.8,66.8,465
2024-10-14 14:12:00,66.77,66.77,66.77,66.77,538
2024-10-14 14:13:00,66.71,66.71,66.71,66.71,545
2024-10-14 14:14:00,66.7,66.7,66.7,66.7,332
2024-10-14 14:15:00,66.68,66.68,66.63,66.64,1982
2024-10-14 14:16:00,66.64,66.64,66.55,66.57,1912
2024-10-14 14:17:00,66.54,66.56,66.51,66.51,1956
2024-10-14 14:18:00,66.57,66.57,66.5325,66.5325,1048
2024-10-14 14:19:00,66.47,66.48,66.38,66.48,2073
2024-10-14 14:21:00,66.42,66.42,66.42,66.42,380
2024-10-14 14:23:00,66.46,66.46,66.45,66.45,470
2024-10-14 14:25:00,66.51,66.51,66.485,66.51,1456
2024-10-14 14:28:00,66.55,66.55,66.52,66.54,426
2024-10-14 14:31:00,66.55,66.55,66.55,66.55,470
2024-10-14 14:35:00,66.54,66.595,66.5,66.595,2614
2024-10-14 14:36:00,66.62,66.62,66.545,66.545,1809
2024-10-14 14:37:00,66.61,66.61,66.51,66.56,1117
2024-10-14 14:38:00,66.54,66.57,66.54,66.57,498
2024-10-14 14:45:00,66.5,66.5,66.5,66.5,656
2024-10-14 14:46:00,66.48,66.48,66.48,66.48,159
2024-10-14 14:47:00,66.48,66.585,66.48,66.585,1394
2024-10-14 14:48:00,66.48,66.48,66.43,66.47,3514
2024-10-14 14:49:00,66.45,66.45,66.45,66.45,350
2024-10-14 14:50:00,66.42,66.42,66.42,66.42,310
2024-10-14 14:51:00,66.32,66.34,66.32,66.34,581
2024-10-14 14:52:00,66.3,66.31,66.3,66.31,303
2024-10-14 14:53:00,66.31,66.41,66.31,66.41,501
2024-10-14 14:54:00,66.42,66.465,66.42,66.465,2662
2024-10-14 14:55:00,66.47,66.47,66.47,66.47,131
2024-10-14 14:56:00,66.47,66.47,66.45,66.47,592
2024-10-14 14:57:00,66.4775,66.51,66.475,66.49,1149
2024-10-14 14:59:00,66.48,66.51,66.46,66.49,1228
2024-10-14 15:00:00,66.47,66.47,66.47,66.47,105
2024-10-14 15:03:00,66.525,66.525,66.48,66.48,396
2024-10-14 15:06:00,66.48,66.48,66.48,66.48,100
2024-10-14 15:10:00,66.49,66.49,66.49,66.49,228
2024-10-14 15:14:00,66.54,66.55,66.47,66.47,1522
2024-10-14 15:15:00,66.5,66.5,66.5,66.5,286
2024-10-14 15:16:00,66.49,66.49,66.49,66.49,104
2024-10-14 15:20:00,66.525,66.53,66.49,66.5,1764
2024-10-14 15:21:00,66.5035,66.5035,66.48,66.48,504
2024-10-14 15:22:00,66.48,66.48,66.48,66.48,223
2024-10-14 15:23:00,66.48,66.48,66.48,66.48,374
2024-10-14 15:24:00,66.43,66.455,66.38,66.455,2248
2024-10-14 15:26:00,66.46,66.46,66.44,66.44,610
2024-10-14 15:27:00,66.44,66.44,66.44,66.44,192
2024-10-14 15:30:00,66.39,66.39,66.38,66.38,1002
2024-10-14 15:31:00,66.43,66.435,66.42,66.435,1365
2024-10-14 15:32:00,66.43,66.43,66.4008,66.4008,451
2024-10-14 15:33:00,66.46,66.49,66.46,66.47,789
2024-10-14 15:41:00,66.4435,66.4435,66.43,66.43,600
2024-10-14 15:44:00,66.435,66.47,66.435,66.47,751
2024-10-14 15:45:00,66.47,66.47,66.47,66.47,122
2024-10-14 15:46:00,66.49,66.49,66.49,66.49,262
2024-10-14 15:49:00,66.48,66.48,66.48,66.48,132
2024-10-14 15:50:00,66.495,66.5,66.47,66.5,1119
2024-10-14 15:51:00,66.505,66.505,66.505,66.505,404
2024-10-14 15:52:00,66.505,66.505,66.505,66.505,205
2024-10-14 15:53:00,66.51,66.53,66.505,66.51,812
2024-10-14 15:57:00,66.55,66.57,66.525,66.54,2147
2024-10-14 15:58:00,66.54,66.56,66.53,66.545,3117
2024-10-14 15:59:00,66.58,66.58,66.55,66.55,1199
2024-10-14 16:00:00,66.52,66.52,66.52,66.52,183
2024-10-14 16:01:00,66.52,66.52,66.52,66.52,101
2024-10-14 16:03:00,66.555,66.555,66.555,66.555,249
2024-10-14 16:08:00,66.53,66.53,66.47,66.47,416
2024-10-14 16:10:00,66.52,66.5802,66.52,66.5802,247
2024-10-14 16:11:00,66.56,66.59,66.56,66.565,1151
2024-10-14 16:13:00,66.52,66.52,66.52,66.52,100
2024-10-14 16:16:00,66.52,66.52,66.48,66.48,510
2024-10-14 16:19:00,66.49,66.49,66.49,66.49,100
2024-10-14 16:22:00,66.49,66.49,66.49,66.49,102
2024-10-14 16:25:00,66.52,66.52,66.52,66.52,224
2024-10-14 16:28:00,66.49,66.49,66.49,66.49,362
2024-10-14 16:29:00,66.55,66.56,66.48,66.52,3639
2024-10-14 16:31:00,66.52,66.525,66.52,66.525,200
2024-10-14 16:34:00,66.52,66.52,66.52,66.52,335
2024-10-14 16:36:00,66.525,66.53,66.525,66.53,440
2024-10-14 16:38:00,66.53,66.53,66.53,66.53,101
2024-10-14 16:39:00,66.53,66.53,66.53,66.53,321
2024-10-14 16:40:00,66.5581,66.5581,66.5581,66.5581,103
2024-10-14 16:41:00,66.56,66.56,66.555,66.555,1854
2024-10-14 16:42:00,66.58,66.615,66.58,66.615,623
2024-10-14 16:48:00,66.58,66.58,66.55,66.56,1423
2024-10-14 16:49:00,66.56,66.56,66.56,66.56,406
2024-10-14 16:55:00,66.6,66.6,66.6,66.6,260
2024-10-14 16:59:00,66.64,66.64,66.6,66.6,605
2024-10-14 17:03:00,66.57,66.57,66.57,66.57,109
2024-10-14 17:07:00,66.56,66.56,66.56,66.56,272
2024-10-14 17:10:00,66.6,66.6,66.55,66.55,345
2024-10-14 17:11:00,66.6,66.6,66.6,66.6,102
2024-10-14 17:12:00,66.55,66.55,66.55,66.55,221
2024-10-14 17:15:00,66.6,66.62,66.6,66.62,338
2024-10-14 17:20:00,66.55,66.55,66.55,66.55,226
2024-10-14 17:23:00,66.55,66.55,66.55,66.55,104
2024-10-14 17:26:00,66.57,66.57,66.57,66.57,101
2024-10-14 17:29:00,66.594,66.62,66.594,66.61,1302
2024-10-14 17:30:00,66.615,66.615,66.6149,66.615,8339
2024-10-14 17:33:00,66.6,66.6,66.59,66.59,321
2024-10-14 17:35:00,66.57,66.615,66.57,66.615,692
2024-10-14 17:37:00,66.62,66.62,66.59,66.59,476
2024-10-14 17:38:00,66.59,66.59,66.59,66.59,106
2024-10-14 17:45:00,66.65,66.65,66.62,66.62,1042
2024-10-14 17:49:00,66.59,66.59,66.59,66.59,105
2024-10-14 17:51:00,66.62,66.62,66.62,66.62,123
2024-10-14 17:55:00,66.59,66.615,66.59,66.615,491
2024-10-14 17:56:00,66.58,66.58,66.58,66.58,200
2024-10-14 18:07:00,66.56,66.56,66.56,66.56,100
2024-10-14 18:08:00,66.595,66.595,66.595,66.595,296
2024-10-14 18:09:00,66.59,66.59,66.59,66.59,158
2024-10-14 18:11:00,66.57,66.57,66.57,66.57,102
2024-10-14 18:13:00,66.56,66.56,66.56,66.56,100
2024-10-14 18:14:00,66.57,66.59,66.57,66.59,232
2024-10-14 18:16:00,66.56,66.56,66.56,66.56,105
2024-10-14 18:19:00,66.55,66.55,66.55,66.55,122
2024-10-14 18:21:00,66.55,66.55,66.55,66.55,144
2024-10-14 18:22:00,66.55,66.56,66.55,66.56,313
2024-10-14 18:24:00,66.55,66.565,66.54,66.54,960
2024-10-14 18:26:00,66.56,66.58,66.56,66.56,798
2024-10-14 18:30:00,66.53,66.53,66.53,66.53,240
2024-10-14 18:32:00,66.55,66.58,66.54,66.555,2719
2024-10-14 18:33:00,66.555,66.555,66.555,66.555,1066
2024-10-14 18:35:00,66.58,66.6,66.58,66.6,488
2024-10-14 18:38:00,66.64,66.64,66.64,66.64,205
2024-10-14 18:39:00,66.645,66.65,66.635,66.64,1078
2024-10-14 18:41:00,66.65,66.65,66.64,66.64,524
2024-10-14 18:42:00,66.64,66.64,66.64,66.64,169
2024-10-14 18:43:00,66.64,66.64,66.64,66.64,772
2024-10-14 18:44:00,66.63,66.63,66.62,66.62,477
2024-10-14 18:48:00,66.62,66.62,66.58,66.58,982
2024-10-14 18:50:00,66.58,66.58,66.58,66.58,246
2024-10-14 18:53:00,66.6,66.6,66.57,66.57,627
2024-10-14 18:55:00,66.56,66.56,66.56,66.56,215
2024-10-14 18:57:00,66.54,66.54,66.54,66.54,230
2024-10-14 19:00:00,66.54,66.54,66.54,66.54,453
2024-10-14 19:01:00,66.52,66.55,66.52,66.55,1463
2024-10-14 19:02:00,66.58,66.64,66.545,66.64,1413
2024-10-14 19:03:00,66.65,66.65,66.63,66.63,479
2024-10-14 19:13:00,66.61,66.615,66.6,66.615,1127
2024-10-14 19:16:00,66.6,66.62,66.6,66.62,1302
2024-10-14 19:17:00,66.615,66.615,66.615,66.615,602
2024-10-14 19:19:00,66.625,66.625,66.625,66.625,227
2024-10-14 19:22:00,66.65,66.65,66.645,66.645,443
2024-10-14 19:24:00,66.65,66.66,66.65,66.66,743
2024-10-14 19:26:00,66.67,66.675,66.67,66.675,300
2024-10-14 19:28:00,66.675,66.675,66.675,66.675,202
2024-10-14 19:29:00,66.65,66.65,66.65,66.65,421
2024-10-14 19:30:00,66.64,66.64,66.64,66.64,476
2024-10-14 19:31:00,66.62,66.62,66.62,66.62,206
2024-10-14 19:34:00,66.64,66.64,66.64,66.64,417
2024-10-14 19:35:00,66.65,66.65,66.64,66.64,568
2024-10-14 19:36:00,66.64,66.64,66.64,66.64,308
2024-10-14 19:37:00,66.61,66.61,66.58,66.58,1432
2024-10-14 19:39:00,66.62,66.62,66.62,66.62,108
2024-10-14 19:40:00,66.625,66.625,66.625,66.625,278
2024-10-14 19:44:00,66.625,66.625,66.625,66.625,181
2024-10-14 19:45:00,66.61,66.61,66.605,66.605,783
2024-10-14 19:47:00,66.62,66.62,66.6,66.6,650
2024-10-14 19:48:00,66.605,66.605,66.605,66.605,257
2024-10-14 19:49:00,66.6,66.6,66.6,66.6,221
2024-10-14 19:50:00,66.6,66.63,66.6,66.62,2608
2024-10-14 19:51:00,66.6,66.6,66.58,66.58,696
2024-10-14 19:52:00,66.6,66.6,66.59,66.59,451
2024-10-14 19:53:00,66.59,66.59,66.58,66.59,2502
2024-10-14 19:54:00,66.61,66.65,66.61,66.65,2147
2024-10-14 19:55:00,66.645,66.65,66.64,66.65,1485
2024-10-14 19:58:00,66.65,66.655,66.65,66.65,1225
2024-10-14 19:59:00,66.65,66.67,66.62,66.63,2586
2024-10-14 20:00:00,66.62,66.62,66.62,66.62,100
2024-10-15 08:05:00,64.8,64.8,64.8,64.8,150
2024-10-15 12:00:00,66.33,66.33,66.33,66.33,496
2024-10-15 13:30:00,64.51,64.72,64.4154,64.4154,5420
2024-10-15 13:31:00,64.49,64.49,64.44,64.44,278
2024-10-15 13:37:00,64.4,64.4,64.4,64.4,225
2024-10-15 13:39:00,64.29,64.29,64.29,64.29,778
2024-10-15 13:40:00,64.28,64.28,63.97,64.27,5581
2024-10-15 13:41:00,64.27,64.27,63.93,63.93,554
2024-10-15 13:42:00,64.155,64.155,64.155,64.155,675
2024-10-15 13:45:00,64.235,64.235,64.135,64.135,1252
2024-10-15 13:46:00,64.24,64.24,64.145,64.145,644
2024-10-15 13:47:00,64.145,64.31,64.1388,64.175,1492
2024-10-15 13:48:00,64.175,64.175,64.17,64.175,855
2024-10-15 13:49:00,64.185,64.185,64.185,64.185,289
2024-10-15 13:50:00,64.185,64.22,64.08,64.22,3031
2024-10-15 13:52:00,64.155,64.18,64.095,64.095,836
2024-10-15 13:53:00,64.1,64.13,64.08,64.08,984
2024-10-15 13:55:00,64.105,64.105,64.0823,64.0823,665
2024-10-15 13:56:00,64.105,64.25,64.105,64.25,1583
2024-10-15 13:57:00,64.19,64.255,64.175,64.2,1675
2024-10-15 13:59:00,64.17,64.21,64.17,64.21,385
2024-10-15 14:00:00,64.2,64.225,64.2,64.22,1168
2024-10-15 14:01:00,64.23,64.26,64.155,64.19,3329
2024-10-15 14:02:00,64.2846,64.2846,64.235,64.235,402
2024-10-15 14:03:00,64.2,64.2,64.2,64.2,185
2024-10-15 14:04:00,64.235,64.235,64.235,64.235,156
2024-10-15 14:05:00,64.2,64.2,64.2,64.2,1737
2024-10-15 14:06:00,64.2,64.23,64.182,64.182,839
2024-10-15 14:07:00,64.2,64.2,64.2,64.2,816
2024-10-15 14:08:00,64.22,64.225,64.16,64.225,3539
2024-10-15 14:09:00,64.225,64.225,64.2,64.2,243
2024-10-15 14:10:00,64.2,64.22,64.2,64.22,426
2024-10-15 14:11:00,64.205,64.26,64.205,64.235,689
2024-10-15 14:12:00,64.18,64.18,64.135,64.135,1722
2024-10-15 14:13:00,64.135,64.135,64.135,64.135,447
2024-10-15 14:14:00,64.12,64.13,64.09,64.115,1601
2024-10-15 14:15:00,64.125,64.14,64.125,64.13,1790
2024-10-15 14:16:00,64.16,64.165,64.11,64.11,2416
2024-10-15 14:17:00,64.12,64.13,64.115,64.115,1015
2024-10-15 14:18:00,64.06,64.16,64.06,64.16,3969
2024-10-15 14:19:00,64.16,64.24,64.16,64.24,617
2024-10-15 14:22:00,64.15,64.15,64.15,64.15,425
2024-10-15 14:23:00,64.155,64.155,64.155,64.155,164
2024-10-15 14:25:00,64.155,64.155,64.155,64.155,566
2024-10-15 14:27:00,64.125,64.125,64.125,64.125,116
2024-10-15 14:28:00,64.16,64.16,64.1,64.125,1729
2024-10-15 14:29:00,64.125,64.125,64.05,64.05,3075
2024-10-15 14:30:00,64.025,64.03,63.96,63.962,6221
2024-10-15 14:31:00,63.98,64.08,63.98,64.04,5719
2024-10-15 14:32:00,63.99,63.99,63.965,63.965,494
2024-10-15 14:33:00,63.965,63.965,63.86,63.87,1007
2024-10-15 14:34:00,63.97,63.97,63.78,63.8,817
2024-10-15 14:35:00,63.76,63.76,63.76,63.76,267
2024-10-15 14:37:00,63.71,63.71,63.68,63.68,519
2024-10-15 14:38:00,63.66,63.66,63.66,63.66,200
2024-10-15 14:39:00,63.65,63.65,63.65,63.65,302
2024-10-15 14:40:00,63.64,63.65,63.64,63.65,473
2024-10-15 14:41:00,63.61,63.61,63.53,63.53,1306
2024-10-15 14:42:00,63.53,63.69,63.53,63.69,2169
2024-10-15 14:43:00,63.78,63.78,63.77,63.77,661
2024-10-15 14:52:00,63.96,63.96,63.88,63.9423,1112
2024-10-15 14:53:00,64.0,64.025,64.0,64.01,882
2024-10-15 14:54:00,63.99,63.99,63.955,63.955,347
2024-10-15 14:56:00,63.95,63.95,63.95,63.95,137
2024-10-15 14:57:00,63.91,63.91,63.91,63.91,277
2024-10-15 14:58:00,63.89,63.89,63.84,63.84,720
2024-10-15 14:59:00,63.82,63.82,63.82,63.82,201
2024-10-15 15:01:00,63.78,63.78,63.78,63.78,100
2024-10-15 15:02:00,63.835,63.835,63.82,63.82,327
2024-10-15 15:07:00,63.77,63.77,63.77,63.77,225
2024-10-15 15:08:00,63.775,63.78,63.775,63.78,735
2024-10-15 15:09:00,63.76,63.76,63.73,63.73,401
2024-10-15 15:10:00,63.705,63.77,63.665,63.77,1238
2024-10-15 15:11:00,63.785,63.79,63.785,63.79,252
2024-10-15 15:13:00,63.8,63.8,63.75,63.75,733
2024-10-15 15:20:00,63.79,63.79,63.79,63.79,411
2024-10-15 15:21:00,63.79,63.79,63.79,63.79,243
2024-10-15 15:23:00,63.72,63.72,63.72,63.72,111
2024-10-15 15:26:00,63.73,63.73,63.68,63.68,467
2024-10-15 15:28:00,63.7248,63.7248,63.7248,63.7248,404
2024-10-15 15:29:00,63.66,63.66,63.66,63.66,310
2024-10-15 15:30:00,63.67,63.69,63.67,63.69,293
2024-10-15 15:32:00,63.77,63.77,63.7693,63.77,5547
2024-10-15 15:35:00,63.72,63.72,63.72,63.72,304
2024-10-15 15:37:00,63.69,63.72,63.69,63.69,346
2024-10-15 15:40:00,63.67,63.67,63.61,63.61,840
2024-10-15 15:41:00,63.635,63.635,63.635,63.635,169
2024-10-15 15:42:00,63.645,63.645,63.645,63.645,581
2024-10-15 15:43:00,63.7227,63.7227,63.69,63.69,282
2024-10-15 15:44:00,63.69,63.69,63.69,63.69,103
2024-10-15 15:45:00,63.65,63.65,63.61,63.63,956
2024-10-15 15:47:00,63.59,63.59,63.59,63.59,141
2024-10-15 15:48:00,63.58,63.58,63.56,63.56,634
2024-10-15 15:49:00,63.58,63.58,63.535,63.57,868
2024-10-15 15:50:00,63.605,63.605,63.605,63.605,428
2024-10-15 15:57:00,63.56,63.56,63.56,63.56,226
2024-10-15 15:58:00,63.52,63.52,63.46,63.46,2745
2024-10-15 15:59:00,63.47,63.47,63.45,63.45,318
2024-10-15 16:00:00,63.46,63.46,63.38,63.44,2125
2024-10-15 16:04:00,63.55,63.55,63.55,63.55,146
2024-10-15 16:08:00,63.46,63.46,63.46,63.46,322
2024-10-15 16:09:00,63.505,63.505,63.505,63.505,195
2024-10-15 16:10:00,63.525,63.525,63.525,63.525,145
2024-10-15 16:11:00,63.525,63.525,63.48,63.49,459
2024-10-15 16:12:00,63.48,63.48,63.48,63.48,138
2024-10-15 16:13:00,63.485,63.485,63.485,63.485,434
2024-10-15 16:18:00,63.5296,63.5296,63.51,63.51,876
2024-10-15 16:21:00,63.55,63.55,63.54,63.54,469
2024-10-15 16:24:00,63.48,63.48,63.48,63.48,230
2024-10-15 16:31:00,63.47,63.47,63.47,63.47,168
2024-10-15 16:32:00,63.4574,63.4574,63.4574,63.4574,445
2024-10-15 16:33:00,63.5242,63.5242,63.51,63.51,217
2024-10-15 16:34:00,63.51,63.51,63.51,63.51,102
2024-10-15 16:35:00,63.51,63.53,63.51,63.53,272
2024-10-15 16:36:00,63.52,63.52,63.52,63.52,144
2024-10-15 16:39:00,63.52,63.52,63.5,63.51,341
2024-10-15 16:41:00,63.51,63.53,63.51,63.5205,1003
2024-10-15 16:42:00,63.52,63.52,63.52,63.52,108
2024-10-15 16:45:00,63.495,63.495,63.495,63.495,563
2024-10-15 16:50:00,63.475,63.475,63.42,63.425,1493
2024-10-15 16:51:00,63.45,63.45,63.44,63.44,265
2024-10-15 16:55:00,63.46,63.46,63.46,63.46,352
2024-10-15 16:57:00,63.4735,63.4735,63.4735,63.4735,419
2024-10-15 17:01:00,63.5,63.5,63.5,63.5,118
2024-10-15 17:02:00,63.48,63.48,63.48,63.48,143
2024-10-15 17:03:00,63.4806,63.4806,63.4806,63.4806,270
2024-10-15 17:04:00,63.47,63.47,63.44,63.445,752
2024-10-15 17:05:00,63.445,63.46,63.445,63.46,409
2024-10-15 17:07:00,63.43,63.43,63.41,63.425,856
2024-10-15 17:08:00,63.43,63.4498,63.43,63.43,393
2024-10-15 17:09:00,63.4,63.4,63.4,63.4,298
2024-10-15 17:10:00,63.39,63.39,63.36,63.38,1174
2024-10-15 17:11:00,63.405,63.405,63.405,63.405,272
2024-10-15 17:14:00,63.44,63.44,63.44,63.44,118
2024-10-15 17:19:00,63.4,63.41,63.38,63.41,655
2024-10-15 17:22:00,63.42,63.435,63.42,63.435,324
2024-10-15 17:23:00,63.42,63.42,63.42,63.42,159
2024-10-15 17:24:00,63.435,63.46,63.435,63.46,319
2024-10-15 17:25:00,63.45,63.45,63.435,63.45,979
2024-10-15 17:27:00,63.455,63.455,63.455,63.455,110
2024-10-15 17:29:00,63.43,63.43,63.43,63.43,104
2024-10-15 17:30:00,63.41,63.41,63.41,63.41,488
2024-10-15 17:31:00,63.45,63.45,63.44,63.44,501
2024-10-15 17:34:00,63.48,63.48,63.48,63.48,159
2024-10-15 17:36:00,63.46,63.46,63.42,63.42,1087
2024-10-15 17:37:00,63.43,63.46,63.43,63.46,631
2024-10-15 17:40:00,63.54,63.54,63.535,63.535,477
2024-10-15 17:42:00,63.55,63.55,63.52,63.52,575
2024-10-15 17:43:00,63.54,63.54,63.54,63.54,232
2024-10-15 17:45:00,63.585,63.585,63.46,63.53,610
2024-10-15 17:47:00,63.53,63.58,63.53,63.58,899
2024-10-15 17:52:00,63.54,63.54,63.515,63.515,593
2024-10-15 17:54:00,63.54,63.54,63.54,63.54,131
2024-10-15 17:55:00,63.54,63.54,63.54,63.54,382
2024-10-15 17:59:00,63.5,63.5,63.5,63.5,185
2024-10-15 18:00:00,63.48,63.48,63.48,63.48,264
2024-10-15 18:02:00,63.51,63.51,63.51,63.51,136
2024-10-15 18:04:00,63.54,63.56,63.54,63.54,651
2024-10-15 18:06:00,63.53,63.53,63.53,63.53,100
2024-10-15 18:09:00,63.48,63.48,63.48,63.48,397
2024-10-15 18:11:00,63.51,63.51,63.49,63.49,754
2024-10-15 18:12:00,63.48,63.48,63.48,63.48,144
2024-10-15 18:14:00,63.48,63.48,63.48,63.48,231
2024-10-15 18:15:00,63.45,63.45,63.44,63.44,377
2024-10-15 18:19:00,63.46,63.46,63.455,63.455,357
2024-10-15 18:21:00,63.47,63.47,63.47,63.47,117
2024-10-15 18:22:00,63.48,63.48,63.48,63.48,100
2024-10-15 18:26:00,63.49,63.49,63.49,63.49,294
2024-10-15 18:27:00,63.46,63.46,63.4,63.42,1376
2024-10-15 18:28:00,63.47,63.47,63.47,63.47,161
2024-10-15 18:29:00,63.47,63.485,63.47,63.475,478
2024-10-15 18:30:00,63.4926,63.5,63.4926,63.5,321
2024-10-15 18:31:00,63.47,63.47,63.47,63.47,311
2024-10-15 18:34:00,63.47,63.47,63.47,63.47,230
2024-10-15 18:36:00,63.43,63.43,63.43,63.43,240
2024-10-15 18:38:00,63.43,63.43,63.42,63.42,387
2024-10-15 18:39:00,63.41,63.425,63.41,63.425,658
2024-10-15 18:40:00,63.4,63.4,63.4,63.4,479
2024-10-15 18:43:00,63.395,63.395,63.395,63.395,203
2024-10-15 18:44:00,63.4,63.415,63.395,63.41,812
2024-10-15 18:45:00,63.43,63.43,63.425,63.425,291
2024-10-15 18:46:00,63.425,63.5293,63.425,63.49,7298
2024-10-15 18:47:00,63.48,63.48,63.48,63.48,155
2024-10-15 18:48:00,63.49,63.49,63.49,63.49,421
2024-10-15 18:49:00,63.51,63.51,63.49,63.49,837
2024-10-15 18:50:00,63.53,63.53,63.5,63.5,287
2024-10-15 18:51:00,63.51,63.515,63.51,63.515,437
2024-10-15 18:52:00,63.5369,63.5369,63.5369,63.5369,581
2024-10-15 18:53:00,63.565,63.565,63.565,63.565,297
2024-10-15 18:54:00,63.59,63.59,63.59,63.59,161
2024-10-15 18:55:00,63.57,63.58,63.57,63.58,641
2024-10-15 18:56:00,63.55,63.55,63.55,63.55,618
2024-10-15 18:57:00,63.58,63.58,63.58,63.58,184
2024-10-15 18:59:00,63.56,63.56,63.55,63.56,946
2024-10-15 19:00:00,63.56,63.575,63.56,63.575,1055
2024-10-15 19:01:00,63.55,63.558,63.5,63.5,2443
2024-10-15 19:02:00,63.49,63.57,63.49,63.57,1244
2024-10-15 19:03:00,63.565,63.565,63.55,63.55,441
2024-10-15 19:04:00,63.545,63.545,63.545,63.545,421
2024-10-15 19:05:00,63.52,63.52,63.51,63.52,1226
2024-10-15 19:06:00,63.51,63.51,63.49,63.49,818
2024-10-15 19:07:00,63.46,63.47,63.44,63.47,550
2024-10-15 19:08:00,63.455,63.5,63.455,63.5,903
2024-10-15 19:09:00,63.48,63.48,63.48,63.48,331
2024-10-15 19:10:00,63.51,63.51,63.51,63.51,370
2024-10-15 19:11:00,63.48,63.48,63.48,63.48,236
2024-10-15 19:12:00,63.53,63.535,63.53,63.535,236
2024-10-15 19:14:00,63.5,63.5,63.475,63.4825,970
2024-10-15 19:15:00,63.44,63.45,63.4,63.4,879
2024-10-15 19:16:00,63.44,63.47,63.415,63.47,1035
2024-10-15 19:17:00,63.47,63.47,63.47,63.47,132
2024-10-15 19:18:00,63.455,63.46,63.455,63.46,334
2024-10-15 19:19:00,63.458,63.458,63.458,63.458,205
2024-10-15 19:20:00,63.45,63.45,63.45,63.45,241
2024-10-15 19:22:00,63.445,63.445,63.445,63.445,102
2024-10-15 19:23:00,63.45,63.45,63.45,63.45,153
2024-10-15 19:24:00,63.45,63.47,63.45,63.47,644
2024-10-15 19:25:00,63.5,63.5,63.425,63.47,4071
2024-10-15 19:26:00,63.47,63.55,63.45,63.5,8293
2024-10-15 19:27:00,63.505,63.51,63.48,63.505,3279
2024-10-15 19:28:00,63.525,63.555,63.525,63.53,680
2024-10-15 19:29:00,63.53,63.54,63.53,63.54,873
2024-10-15 19:30:00,63.539,63.539,63.415,63.415,1164
2024-10-15 19:31:00,63.42,63.45,63.42,63.43,1123
2024-10-15 19:32:00,63.4,63.4,63.36,63.37,1203
2024-10-15 19:34:00,63.34,63.36,63.337,63.337,854
2024-10-15 19:35:00,63.285,63.29,63.285,63.285,687
2024-10-15 19:36:00,63.29,63.29,63.265,63.265,313
2024-10-15 19:37:00,63.285,63.285,63.285,63.285,325
2024-10-15 19:38:00,63.305,63.367,63.305,63.367,1114
2024-10-15 19:39:00,63.37,63.375,63.36,63.36,849
2024-10-15 19:40:00,63.369,63.38,63.36,63.37,872
2024-10-15 19:41:00,63.396,63.42,63.375,63.38,2180
2024-10-15 19:42:00,63.4,63.42,63.4,63.42,649
2024-10-15 19:43:00,63.39,63.4086,63.37,63.385,726
2024-10-15 19:44:00,63.39,63.39,63.375,63.375,816
2024-10-15 19:45:00,63.375,63.375,63.37,63.37,323
2024-10-15 19:46:00,63.35,63.37,63.34,63.36,2306
2024-10-15 19:48:00,63.37,63.37,63.35,63.35,838
2024-10-15 19:49:00,63.355,63.355,63.355,63.355,286
2024-10-15 19:50:00,63.36,63.36,63.315,63.36,3732
2024-10-15 19:51:00,63.38,63.41,63.36,63.41,2157
2024-10-15 19:52:00,63.41,63.44,63.41,63.425,2976
2024-10-15 19:53:00,63.44,63.49,63.44,63.465,7462
2024-10-15 19:54:00,63.475,63.49,63.46,63.465,3250
2024-10-15 19:55:00,63.455,63.47,63.38,63.38,5975
2024-10-15 19:56:00,63.365,63.365,63.32,63.33,1201
2024-10-15 19:57:00,63.34,63.36,63.33,63.34,2940
2024-10-15 19:58:00,63.335,63.34,63.295,63.31,1831
2024-10-15 19:59:00,63.34,63.38,63.335,63.34,7283
2024-10-16 12:00:00,63.23,63.23,63.23,63.23,733
2024-10-16 12:15:00,63.33,63.33,63.33,63.33,77166
2024-10-16 13:30:00,63.56,63.675,63.5,63.675,2561
2024-10-16 13:32:00,63.48,63.48,63.44,63.46,1016
2024-10-16 13:37:00,63.54,63.54,63.54,63.54,110
2024-10-16 13:38:00,63.53,63.54,63.53,63.54,714
2024-10-16 13:40:00,63.535,63.535,63.535,63.535,107
2024-10-16 13:42:00,63.54,63.62,63.52,63.6,1683
2024-10-16 13:44:00,63.58,63.62,63.57,63.57,2555
2024-10-16 13:49:00,63.625,63.625,63.625,63.625,366
2024-10-16 13:50:00,63.56,63.59,63.515,63.515,684
2024-10-16 14:00:00,63.515,63.515,63.41,63.41,1211
2024-10-16 14:01:00,63.415,63.425,63.415,63.425,2194
2024-10-16 14:02:00,63.445,63.445,63.445,63.445,376
2024-10-16 14:03:00,63.48,63.48,63.48,63.48,274
2024-10-16 14:04:00,63.53,63.53,63.5,63.5,461
2024-10-16 14:07:00,63.505,63.505,63.505,63.505,118
2024-10-16 14:10:00,63.53,63.53,63.53,63.53,142
2024-10-16 14:16:00,63.57,63.57,63.57,63.57,170
2024-10-16 14:17:00,63.59,63.59,63.59,63.59,280
2024-10-16 14:18:00,63.58,63.58,63.57,63.57,602
2024-10-16 14:23:00,63.575,63.575,63.575,63.575,149
2024-10-16 14:24:00,63.575,63.61,63.575,63.61,746
2024-10-16 14:25:00,63.62,63.63,63.6,63.6,1318
2024-10-16 14:34:00,63.55,63.56,63.54,63.55,583
2024-10-16 14:37:00,63.54,63.54,63.54,63.54,644
2024-10-16 14:38:00,63.53,63.53,63.495,63.495,1434
2024-10-16 14:39:00,63.5,63.5,63.4401,63.4401,368
2024-10-16 14:44:00,63.455,63.455,63.455,63.455,241
2024-10-16 14:45:00,63.46,63.47,63.46,63.47,499
2024-10-16 14:46:00,63.45,63.45,63.45,63.45,103
2024-10-16 14:50:00,63.49,63.49,63.46,63.465,979
2024-10-16 14:51:00,63.5,63.57,63.49,63.57,2173
2024-10-16 15:00:00,63.48,63.495,63.47,63.495,847
2024-10-16 15:05:00,63.495,63.495,63.495,63.495,341
2024-10-16 15:07:00,63.47,63.47,63.42,63.42,260
2024-10-16 15:08:00,63.42,63.42,63.42,63.42,163
2024-10-16 15:10:00,63.49,63.49,63.49,63.49,184
2024-10-16 15:11:00,63.495,63.495,63.495,63.495,308
2024-10-16 15:12:00,63.4741,63.4741,63.47,63.47,310
2024-10-16 15:13:00,63.5,63.5,63.48,63.495,1074
2024-10-16 15:14:00,63.49,63.5,63.49,63.5,325
2024-10-16 15:15:00,63.5,63.535,63.5,63.535,1006
2024-10-16 15:22:00,63.53,63.53,63.53,63.53,474
2024-10-16 15:27:00,63.49,63.5,63.49,63.49,1052
2024-10-16 15:29:00,63.52,63.52,63.52,63.52,131
2024-10-16 15:31:00,63.5,63.5,63.5,63.5,507
2024-10-16 15:32:00,63.48,63.48,63.48,63.48,144
2024-10-16 15:34:00,63.48,63.48,63.47,63.47,361
2024-10-16 15:37:00,63.48,63.48,63.45,63.45,626
2024-10-16 15:38:00,63.44,63.445,63.425,63.425,1021
2024-10-16 15:44:00,63.325,63.325,63.325,63.325,135
2024-10-16 15:52:00,63.24,63.24,63.23,63.23,491
2024-10-16 15:53:00,63.18,63.18,63.18,63.18,165
2024-10-16 15:56:00,63.22,63.22,63.22,63.22,183
2024-10-16 15:58:00,63.18,63.18,63.18,63.18,121
2024-10-16 16:03:00,63.19,63.245,63.19,63.245,498
2024-10-16 16:15:00,63.21,63.23,63.19,63.19,1138
2024-10-16 16:16:00,63.19,63.19,63.19,63.19,296
2024-10-16 16:17:00,63.22,63.25,63.22,63.25,1078
2024-10-16 16:18:00,63.22,63.245,63.22,63.245,253
2024-10-16 16:20:00,63.245,63.245,63.245,63.245,176
2024-10-16 16:23:00,63.24,63.27,63.24,63.27,426
2024-10-16 16:24:00,63.27,63.37,63.27,63.37,902
2024-10-16 16:29:00,63.3,63.3,63.3,63.3,258
2024-10-16 16:33:00,63.28,63.36,63.28,63.35,1956
2024-10-16 16:34:00,63.36,63.36,63.31,63.36,1674
2024-10-16 16:35:00,63.35,63.35,63.34,63.34,705
2024-10-16 16:36:00,63.34,63.34,63.34,63.34,420
2024-10-16 16:39:00,63.32,63.34,63.32,63.33,826
2024-10-16 16:40:00,63.34,63.34,63.33,63.33,714
2024-10-16 16:45:00,63.3115,63.3115,63.3115,63.3115,813
2024-10-16 16:49:00,63.27,63.325,63.27,63.3,978
2024-10-16 16:50:00,63.28,63.28,63.22,63.22,1575
2024-10-16 16:51:00,63.264,63.264,63.264,63.264,121
2024-10-16 16:53:00,63.265,63.265,63.22,63.25,1127
2024-10-16 16:54:00,63.265,63.265,63.265,63.265,223
2024-10-16 16:56:00,63.265,63.265,63.265,63.265,155
2024-10-16 16:57:00,63.265,63.265,63.265,63.265,216
2024-10-16 17:01:00,63.32,63.32,63.32,63.32,214
2024-10-16 17:03:00,63.28,63.33,63.28,63.29,403
2024-10-16 17:04:00,63.28,63.32,63.28,63.32,1260
2024-10-16 17:05:00,63.275,63.2975,63.275,63.2975,356
2024-10-16 17:06:00,63.29,63.3,63.265,63.265,964
2024-10-16 17:08:00,63.3578,63.3578,63.32,63.32,451
2024-10-16 17:11:00,63.3851,63.39,63.345,63.345,1490
2024-10-16 17:12:00,63.38,63.38,63.38,63.38,478
2024-10-16 17:13:00,63.38,63.38,63.345,63.345,307
2024-10-16 17:14:00,63.345,63.345,63.345,63.345,111
2024-10-16 17:15:00,63.39,63.39,63.39,63.39,215
2024-10-16 17:17:00,63.35,63.35,63.35,63.35,215
2024-10-16 17:21:00,63.355,63.39,63.35,63.39,1024
2024-10-16 17:22:00,63.39,63.4,63.375,63.38,1007
2024-10-16 17:24:00,63.39,63.39,63.39,63.39,208
2024-10-16 17:27:00,63.41,63.41,63.4,63.4,462
2024-10-16 17:29:00,63.41,63.41,63.39,63.39,461
2024-10-16 17:30:00,63.385,63.39,63.385,63.39,258
2024-10-16 17:31:00,63.4,63.4,63.4,63.4,636
2024-10-16 17:32:00,63.41,63.41,63.41,63.41,413
2024-10-16 17:34:00,63.41,63.42,63.41,63.42,416
2024-10-16 17:38:00,63.5,63.5,63.5,63.5,455
2024-10-16 17:40:00,63.435,63.435,63.435,63.435,185
2024-10-16 17:43:00,63.5,63.5,63.5,63.5,543
2024-10-16 17:44:00,63.435,63.435,63.435,63.435,172
2024-10-16 17:47:00,63.48,63.48,63.36,63.36,282
2024-10-16 17:48:00,63.5,63.5,63.46,63.46,532
2024-10-16 17:53:00,63.38,63.49,63.38,63.49,597
2024-10-16 17:57:00,63.45,63.49,63.41,63.49,672
2024-10-16 17:58:00,63.49,63.49,63.445,63.445,795
2024-10-16 17:59:00,63.46,63.46,63.46,63.46,227
2024-10-16 18:01:00,63.45,63.45,63.45,63.45,244
2024-10-16 18:03:00,63.44,63.48,63.42,63.48,1611
2024-10-16 18:05:00,63.47,63.47,63.47,63.47,241
2024-10-16 18:06:00,63.48,63.52,63.48,63.52,437
2024-10-16 18:08:00,63.47,63.47,63.47,63.47,206
2024-10-16 18:10:00,63.4319,63.4319,63.4319,63.4319,238
2024-10-16 18:11:00,63.5,63.55,63.485,63.55,955
2024-10-16 18:12:00,63.55,63.55,63.535,63.535,563
2024-10-16 18:16:00,63.54,63.55,63.54,63.55,401
2024-10-16 18:17:00,63.505,63.505,63.505,63.505,545
2024-10-16 18:18:00,63.505,63.505,63.5,63.5,483
2024-10-16 18:19:00,63.54,63.54,63.5,63.52,412
2024-10-16 18:20:00,63.4695,63.4695,63.4695,63.4695,176
2024-10-16 18:21:00,63.505,63.54,63.505,63.54,314
2024-10-16 18:22:00,63.505,63.505,63.505,63.505,198
2024-10-16 18:23:00,63.49,63.545,63.49,63.545,1377
2024-10-16 18:25:00,63.545,63.545,63.545,63.545,387
2024-10-16 18:26:00,63.48,63.48,63.48,63.48,101
2024-10-16 18:27:00,63.6,63.61,63.515,63.5775,2204
2024-10-16 18:28:00,63.545,63.545,63.545,63.545,256
2024-10-16 18:29:00,63.48,63.61,63.48,63.61,512
2024-10-16 18:30:00,63.4943,63.54,63.4943,63.54,651
2024-10-16 18:32:00,63.6,63.6,63.57,63.6,1200
2024-10-16 18:33:00,63.6,63.6,63.6,63.6,540
2024-10-16 18:34:00,63.59,63.6,63.58,63.58,410
2024-10-16 18:35:00,63.59,63.59,63.56,63.56,659
2024-10-16 18:37:00,63.59,63.59,63.58,63.59,828
2024-10-16 18:38:00,63.59,63.6,63.59,63.6,940
2024-10-16 18:39:00,63.66,63.66,63.66,63.66,105
2024-10-16 18:41:00,63.67,63.67,63.67,63.67,401
2024-10-16 18:43:00,63.585,63.63,63.57,63.63,1102
2024-10-16 18:44:00,63.645,63.645,63.645,63.645,173
2024-10-16 18:45:00,63.63,63.63,63.625,63.625,501
2024-10-16 18:46:00,63.62,63.62,63.62,63.62,110
2024-10-16 18:48:00,63.635,63.635,63.635,63.635,244
2024-10-16 18:50:00,63.61,63.61,63.61,63.61,660
2024-10-16 18:51:00,63.63,63.63,63.615,63.63,944
2024-10-16 18:53:00,63.62,63.62,63.62,63.62,227
2024-10-16 18:54:00,63.61,63.61,63.58,63.605,1022
2024-10-16 18:55:00,63.61,63.62,63.6,63.62,1991
2024-10-16 18:56:00,63.63,63.63,63.62,63.62,451
2024-10-16 18:57:00,63.6,63.6,63.6,63.6,105
2024-10-16 18:58:00,63.62,63.62,63.62,63.62,240
2024-10-16 18:59:00,63.61,63.61,63.61,63.61,145
2024-10-16 19:00:00,63.59,63.62,63.59,63.615,1837
2024-10-16 19:01:00,63.62,63.62,63.61,63.61,449
2024-10-16 19:02:00,63.615,63.615,63.615,63.615,302
2024-10-16 19:03:00,63.62,63.62,63.61,63.61,422
2024-10-16 19:05:00,63.62,63.63,63.62,63.63,946
2024-10-16 19:06:00,63.63,63.63,63.63,63.63,500
2024-10-16 19:09:00,63.61,63.61,63.61,63.61,2669
2024-10-16 19:10:00,63.62,63.635,63.62,63.635,1702
2024-10-16 19:11:00,63.635,63.64,63.635,63.64,587
2024-10-16 19:12:00,63.64,63.65,63.64,63.64,1870
2024-10-16 19:15:00,63.645,63.645,63.64,63.64,440
2024-10-16 19:16:00,63.65,63.668,63.65,63.668,1492
2024-10-16 19:17:00,63.66,63.7,63.66,63.7,1854
2024-10-16 19:21:00,63.685,63.699,63.685,63.69,1688
2024-10-16 19:22:00,63.68,63.68,63.6675,63.6675,478
2024-10-16 19:23:00,63.66,63.66,63.66,63.66,143
2024-10-16 19:24:00,63.655,63.6574,63.655,63.655,1836
2024-10-16 19:26:00,63.67,63.71,63.67,63.71,2632
2024-10-16 19:27:00,63.705,63.705,63.7,63.7,1319
2024-10-16 19:28:00,63.708,63.708,63.708,63.708,107
2024-10-16 19:30:00,63.69,63.69,63.69,63.69,349
2024-10-16 19:31:00,63.7,63.7,63.7,63.7,335
2024-10-16 19:32:00,63.7,63.7,63.7,63.7,591
2024-10-16 19:33:00,63.69,63.708,63.69,63.708,675
2024-10-16 19:34:00,63.7,63.7,63.7,63.7,202
2024-10-16 19:35:00,63.7,63.7,63.69,63.69,567
2024-10-16 19:36:00,63.7,63.7,63.69,63.69,307
2024-10-16 19:37:00,63.7,63.7,63.69,63.69,498
2024-10-16 19:38:00,63.69,63.695,63.67,63.67,2835
2024-10-16 19:39:00,63.66,63.66,63.66,63.66,220
2024-10-16 19:40:00,63.655,63.698,63.655,63.698,1784
2024-10-16 19:42:00,63.69,63.69,63.67,63.679,1148
2024-10-16 19:43:00,63.62,63.62,63.61,63.62,1057
2024-10-16 19:46:00,63.62,63.62,63.62,63.62,332
2024-10-16 19:47:00,63.63,63.638,63.62,63.63,2267
2024-10-16 19:48:00,63.62,63.62,63.595,63.595,3203
2024-10-16 19:49:00,63.599,63.599,63.59,63.59,703
2024-10-16 19:50:00,63.6,63.6,63.54,63.6,5623
2024-10-16 19:51:00,63.6,63.6,63.58,63.58,3927
2024-10-16 19:52:00,63.585,63.585,63.58,63.585,597
2024-10-16 19:53:00,63.585,63.599,63.585,63.5974,2392
2024-10-16 19:54:00,63.59,63.64,63.59,63.64,5164
2024-10-16 19:55:00,63.65,63.65,63.645,63.6475,1531
2024-10-16 19:56:00,63.65,63.775,63.65,63.76,19046
2024-10-16 19:57:00,63.745,63.75,63.72,63.75,4117
2024-10-16 19:58:00,63.75,63.75,63.6875,63.69,4576
2024-10-16 19:59:00,63.7,63.7,63.65,63.69,7485
2024-10-17 08:01:00,62.98,62.98,62.98,62.98,241
2024-10-17 09:03:00,62.84,62.84,62.84,62.84,500
2024-10-17 12:00:00,62.7065,62.7065,62.7065,62.7065,303
2024-10-17 13:16:00,62.4,62.4,62.4,62.4,385
2024-10-17 13:30:00,62.44,62.46,62.42,62.42,1726
2024-10-17 13:31:00,62.6395,62.6395,62.355,62.355,781
2024-10-17 13:33:00,62.33,62.33,62.33,62.33,329
2024-10-17 13:35:00,62.31,62.31,62.29,62.29,319
2024-10-17 13:36:00,62.29,62.29,62.23,62.23,1242
2024-10-17 13:37:00,62.25,62.25,62.25,62.25,135
2024-10-17 13:40:00,62.26,62.285,62.26,62.285,265
2024-10-17 13:41:00,62.285,62.285,62.285,62.285,108
2024-10-17 13:45:00,62.32,62.32,62.32,62.32,198
2024-10-17 13:46:00,62.348,62.348,62.348,62.348,210
2024-10-17 13:47:00,62.32,62.32,62.32,62.32,131
2024-10-17 13:48:00,62.325,62.325,62.325,62.325,235
2024-10-17 13:49:00,62.305,62.305,62.305,62.305,313
2024-10-17 13:51:00,62.42,62.42,62.42,62.42,212
2024-10-17 13:52:00,62.46,62.47,62.46,62.47,335
2024-10-17 13:53:00,62.48,62.73,62.46,62.51,1056
2024-10-17 13:57:00,62.43,62.43,62.43,62.43,156
2024-10-17 14:01:00,62.465,62.505,62.465,62.505,304
2024-10-17 14:02:00,62.495,62.495,62.43,62.43,301
2024-10-17 14:08:00,62.5,62.51,62.5,62.51,411
2024-10-17 14:09:00,62.54,62.56,62.5,62.505,1279
2024-10-17 14:10:00,62.49,62.49,62.46,62.46,263
2024-10-17 14:11:00,62.49,62.49,62.49,62.49,147
2024-10-17 14:12:00,62.51,62.56,62.51,62.525,1242
2024-10-17 14:14:00,62.59,62.59,62.545,62.545,844
2024-10-17 14:16:00,62.55,62.55,62.55,62.55,107
2024-10-17 14:22:00,62.6,62.6,62.6,62.6,383
2024-10-17 14:26:00,62.6,62.6,62.6,62.6,130
2024-10-17 14:28:00,62.54,62.54,62.51,62.51,374
2024-10-17 14:29:00,62.535,62.535,62.46,62.47,788
2024-10-17 14:33:00,62.49,62.51,62.485,62.485,742
2024-10-17 14:35:00,62.45,62.45,62.41,62.415,743
2024-10-17 14:36:00,62.395,62.395,62.395,62.395,203
2024-10-17 14:38:00,62.37,62.37,62.37,62.37,320
2024-10-17 14:40:00,62.42,62.42,62.42,62.42,414
2024-10-17 14:41:00,62.4121,62.4121,62.405,62.41,363
2024-10-17 14:44:00,62.345,62.35,62.345,62.35,271
2024-10-17 14:45:00,62.39,62.39,62.39,62.39,154
2024-10-17 14:46:00,62.39,62.39,62.39,62.39,395
2024-10-17 14:50:00,62.36,62.36,62.36,62.36,253
2024-10-17 14:56:00,62.43,62.43,62.43,62.43,152
2024-10-17 14:58:00,62.43,62.43,62.43,62.43,205
2024-10-17 14:59:00,62.44,62.44,62.44,62.44,193
2024-10-17 15:00:00,62.48,62.49,62.48,62.49,348
2024-10-17 15:01:00,62.48,62.48,62.48,62.48,124
2024-10-17 15:02:00,62.47,62.47,62.47,62.47,135
2024-10-17 15:03:00,62.45,62.45,62.45,62.45,223
2024-10-17 15:04:00,62.461,62.461,62.461,62.461,106
2024-10-17 15:05:00,62.43,62.43,62.395,62.395,497
2024-10-17 15:08:00,62.4,62.4,62.4,62.4,100
2024-10-17 15:09:00,62.3501,62.41,62.3501,62.41,7249
2024-10-17 15:11:00,62.415,62.415,62.415,62.415,163
2024-10-17 15:13:00,62.415,62.46,62.415,62.46,389
2024-10-17 15:15:00,62.415,62.415,62.415,62.415,105
2024-10-17 15:16:00,62.45,62.45,62.415,62.415,224
2024-10-17 15:17:00,62.415,62.415,62.415,62.415,150
2024-10-17 15:18:00,62.37,62.37,62.37,62.37,138
2024-10-17 15:19:00,62.345,62.345,62.31,62.31,306
2024-10-17 15:20:00,62.365,62.368,62.35,62.35,888
2024-10-17 15:22:00,62.3531,62.3531,62.32,62.32,229
2024-10-17 15:23:00,62.35,62.35,62.35,62.35,10535
2024-10-17 15:24:00,62.35,62.35,62.35,62.35,249
2024-10-17 15:26:00,62.39,62.4,62.38,62.38,1070
2024-10-17 15:27:00,62.4,62.4,62.4,62.4,1347
2024-10-17 15:29:00,62.4,62.44,62.4,62.44,501
2024-10-17 15:34:00,62.495,62.495,62.495,62.495,608
2024-10-17 15:37:00,62.47,62.47,62.47,62.47,266
2024-10-17 15:39:00,62.465,62.49,62.455,62.46,777
2024-10-17 15:40:00,62.455,62.455,62.455,62.455,455
2024-10-17 15:43:00,62.44,62.4524,62.44,62.4524,243
2024-10-17 15:51:00,62.45,62.45,62.42,62.42,227
2024-10-17 15:52:00,62.425,62.425,62.425,62.425,103
2024-10-17 15:56:00,62.415,62.415,62.415,62.415,411
2024-10-17 15:59:00,62.45,62.45,62.45,62.45,321
2024-10-17 16:00:00,62.46,62.46,62.46,62.46,300
2024-10-17 16:01:00,62.46,62.46,62.46,62.46,113
2024-10-17 16:02:00,62.475,62.475,62.475,62.475,101
2024-10-17 16:03:00,62.465,62.465,62.415,62.415,808
2024-10-17 16:04:00,62.4,62.4,62.4,62.4,111
2024-10-17 16:10:00,62.38,62.38,62.38,62.38,160
2024-10-17 16:12:00,62.35,62.3899,62.35,62.35,723
2024-10-17 16:15:00,62.3856,62.3856,62.35,62.35,643
2024-10-17 16:16:00,62.34,62.345,62.33,62.345,609
2024-10-17 16:17:00,62.3225,62.3225,62.3225,62.3225,446
2024-10-17 16:23:00,62.3199,62.3199,62.3199,62.3199,3005
2024-10-17 16:24:00,62.3452,62.3452,62.3452,62.3452,191
2024-10-17 16:26:00,62.3,62.3,62.2803,62.285,2913
2024-10-17 16:27:00,62.26,62.275,62.26,62.275,803
2024-10-17 16:29:00,62.275,62.275,62.275,62.275,272
2024-10-17 16:30:00,62.25,62.25,62.25,62.25,110
2024-10-17 16:33:00,62.255,62.255,62.255,62.255,165
2024-10-17 16:34:00,62.255,62.255,62.255,62.255,158
2024-10-17 16:35:00,62.27,62.27,62.27,62.27,1360
2024-10-17 16:36:00,62.27,62.3,62.27,62.3,775
2024-10-17 16:45:00,62.32,62.39,62.32,62.365,1161
2024-10-17 16:51:00,62.39,62.39,62.39,62.39,226
2024-10-17 16:52:00,62.39,62.39,62.39,62.39,501
2024-10-17 16:54:00,62.41,62.41,62.41,62.41,203
2024-10-17 16:57:00,62.46,62.46,62.46,62.46,109
2024-10-17 17:00:00,62.46,62.46,62.46,62.46,108
2024-10-17 17:05:00,62.435,62.435,62.435,62.435,205
2024-10-17 17:07:00,62.48,62.48,62.48,62.48,317
2024-10-17 17:17:00,62.43,62.43,62.42,62.42,258
2024-10-17 17:19:00,62.41,62.42,62.4,62.4,852
2024-10-17 17:20:00,62.42,62.42,62.42,62.42,409
2024-10-17 17:24:00,62.39,62.39,62.39,62.39,347
2024-10-17 17:28:00,62.44,62.44,62.44,62.44,755
2024-10-17 17:30:00,62.47,62.47,62.47,62.47,226
2024-10-17 17:40:00,62.45,62.45,62.45,62.45,211
2024-10-17 17:41:00,62.465,62.465,62.465,62.465,344
2024-10-17 17:42:00,62.465,62.465,62.45,62.46,791
2024-10-17 17:43:00,62.446,62.45,62.446,62.45,1115
2024-10-17 17:45:00,62.47,62.47,62.47,62.47,274
2024-10-17 17:47:00,62.455,62.53,62.455,62.53,1589
2024-10-17 17:49:00,62.51,62.51,62.5,62.5,569
2024-10-17 17:51:00,62.5,62.5,62.5,62.5,110
2024-10-17 17:52:00,62.5,62.5,62.5,62.5,295
2024-10-17 17:55:00,62.51,62.51,62.51,62.51,297
2024-10-17 17:58:00,62.505,62.505,62.505,62.505,410
2024-10-17 18:00:00,62.515,62.53,62.515,62.53,923
2024-10-17 18:02:00,62.5,62.5,62.49,62.49,503
2024-10-17 18:03:00,62.46,62.465,62.45,62.465,801
2024-10-17 18:05:00,62.41,62.41,62.41,62.41,326
2024-10-17 18:12:00,62.35,62.35,62.35,62.35,122
2024-10-17 18:13:00,62.37,62.38,62.37,62.38,915
2024-10-17 18:17:00,62.41,62.41,62.41,62.41,303
2024-10-17 18:21:00,62.392,62.392,62.392,62.392,226
2024-10-17 18:23:00,62.37,62.37,62.37,62.37,361
2024-10-17 18:24:00,62.37,62.375,62.37,62.375,581
2024-10-17 18:32:00,62.345,62.345,62.32,62.32,666
2024-10-17 18:34:00,62.35,62.35,62.33,62.33,250
2024-10-17 18:37:00,62.325,62.325,62.325,62.325,150
2024-10-17 18:39:00,62.35,62.35,62.35,62.35,180
2024-10-17 18:41:00,62.35,62.35,62.35,62.35,426
2024-10-17 18:42:00,62.39,62.39,62.39,62.39,216
2024-10-17 18:44:00,62.36,62.36,62.36,62.36,250
2024-10-17 18:47:00,62.43,62.43,62.38,62.38,478
2024-10-17 18:48:00,62.385,62.385,62.385,62.385,107
2024-10-17 18:51:00,62.43,62.43,62.43,62.43,178
2024-10-17 19:00:00,62.385,62.385,62.385,62.385,119
2024-10-17 19:01:00,62.42,62.42,62.42,62.42,241
2024-10-17 19:02:00,62.38,62.38,62.38,62.38,697
2024-10-17 19:07:00,62.37,62.37,62.36,62.365,406
2024-10-17 19:08:00,62.365,62.365,62.365,62.365,108
2024-10-17 19:11:00,62.365,62.4,62.365,62.4,888
2024-10-17 19:14:00,62.4,62.4,62.395,62.395,323
2024-10-17 19:16:00,62.37,62.37,62.36,62.37,1345
2024-10-17 19:17:00,62.35,62.35,62.35,62.35,105
2024-10-17 19:21:00,62.33,62.334,62.33,62.334,357
2024-10-17 19:22:00,62.34,62.34,62.33,62.33,535
2024-10-17 19:30:00,62.32,62.32,62.32,62.32,290
2024-10-17 19:31:00,62.31,62.32,62.31,62.32,445
2024-10-17 19:32:00,62.305,62.305,62.305,62.305,182
2024-10-17 19:41:00,62.32,62.32,62.315,62.315,342
2024-10-17 19:42:00,62.315,62.315,62.2925,62.2925,906
2024-10-17 19:43:00,62.28,62.3,62.28,62.3,432
2024-10-17 19:44:00,62.32,62.34,62.32,62.34,1109
2024-10-17 19:50:00,62.36,62.36,62.34,62.35,1801
2024-10-17 19:51:00,62.345,62.345,62.345,62.345,156
2024-10-17 19:52:00,62.345,62.345,62.31,62.31,1233
2024-10-17 19:54:00,62.32,62.38,62.32,62.38,1690
2024-10-17 19:56:00,62.35,62.35,62.34,62.34,589
2024-10-17 19:57:00,62.33,62.33,62.33,62.33,625
2024-10-17 19:58:00,62.32,62.32,62.32,62.32,861
2024-10-17 19:59:00,62.31,62.35,62.31,62.31,4974
2024-10-18 13:30:00,63.2,63.21,63.2,63.2,2113
2024-10-18 13:31:00,63.11,63.14,63.11,63.14,602
2024-10-18 13:44:00,63.1,63.1,63.1,63.1,149
2024-10-18 13:45:00,63.12,63.12,63.12,63.12,103
2024-10-18 13:51:00,63.06,63.07,63.06,63.07,614
2024-10-18 13:53:00,62.93,62.93,62.93,62.93,110
2024-10-18 13:55:00,62.93,62.93,62.93,62.93,115
2024-10-18 13:56:00,62.97,62.97,62.97,62.97,348
2024-10-18 13:57:00,62.98,62.98,62.98,62.98,150
2024-10-18 13:58:00,62.95,62.95,62.92,62.94,1713
2024-10-18 14:12:00,62.95,62.95,62.95,62.95,329
2024-10-18 14:13:00,62.945,62.945,62.945,62.945,206
2024-10-18 14:14:00,62.95,62.95,62.92,62.92,365
2024-10-18 14:16:00,62.91,62.91,62.91,62.91,125
2024-10-18 14:19:00,62.88,62.88,62.88,62.88,114
2024-10-18 14:30:00,62.95,62.96,62.95,62.96,364
2024-10-18 14:31:00,62.96,62.96,62.96,62.96,102
2024-10-18 14:37:00,62.95,62.95,62.95,62.95,109
2024-10-18 14:43:00,62.98,62.98,62.98,62.98,386
2024-10-18 14:44:00,63.015,63.015,63.015,63.015,359
2024-10-18 14:53:00,63.005,63.005,63.005,63.005,125
2024-10-18 14:55:00,62.97,62.99,62.97,62.99,1822
2024-10-18 14:56:00,63.0,63.0,63.0,63.0,357
2024-10-18 15:02:00,63.0,63.0,63.0,63.0,1245
2024-10-18 15:03:00,63.025,63.025,63.025,63.025,220
2024-10-18 15:05:00,63.0,63.005,63.0,63.005,537
2024-10-18 15:09:00,62.99,62.99,62.99,62.99,9760
2024-10-18 15:10:00,63.05,63.08,63.05,63.08,393
2024-10-18 15:12:00,63.08,63.12,63.08,63.12,293
2024-10-18 15:14:00,63.06,63.06,63.06,63.06,116
2024-10-18 15:16:00,63.08,63.08,63.055,63.065,670
2024-10-18 15:18:00,63.1,63.1,63.1,63.1,109
2024-10-18 15:22:00,63.11,63.12,63.11,63.12,611
2024-10-18 15:23:00,63.08,63.08,63.08,63.08,119
2024-10-18 15:26:00,63.08,63.08,63.075,63.075,817
2024-10-18 15:29:00,63.1,63.1,63.075,63.075,502
2024-10-18 15:31:00,63.11,63.13,63.11,63.13,719
2024-10-18 15:32:00,63.17,63.17,63.17,63.17,734
2024-10-18 15:38:00,63.15,63.15,63.15,63.15,312
2024-10-18 15:45:00,63.12,63.12,63.11,63.11,201
2024-10-18 15:46:00,63.12,63.12,63.12,63.12,205
2024-10-18 15:48:00,63.15,63.15,63.15,63.15,104
2024-10-18 15:50:00,63.11,63.11,63.085,63.085,756
2024-10-18 15:51:00,63.075,63.075,63.075,63.075,116
2024-10-18 15:52:00,63.07,63.07,63.07,63.07,136
2024-10-18 15:59:00,63.065,63.065,63.065,63.065,131
2024-10-18 16:02:00,63.03,63.03,63.03,63.03,509
2024-10-18 16:04:00,63.01,63.01,63.01,63.01,128
2024-10-18 16:17:00,63.06,63.06,63.05,63.05,1257
2024-10-18 16:18:00,63.05,63.05,63.05,63.05,105
2024-10-18 16:19:00,63.1,63.14,63.1,63.13,3776
2024-10-18 16:20:00,63.1394,63.14,63.12,63.12,691
2024-10-18 16:24:00,63.105,63.105,63.105,63.105,103
2024-10-18 16:27:00,63.13,63.13,63.11,63.11,514
2024-10-18 16:34:00,63.125,63.125,63.12,63.12,420
2024-10-18 16:35:00,63.15,63.15,63.15,63.15,147
2024-10-18 16:36:00,63.1372,63.1372,63.1372,63.1372,245
2024-10-18 16:37:00,63.1555,63.1555,63.1555,63.1555,203
2024-10-18 16:48:00,63.18,63.2,63.18,63.2,444
2024-10-18 16:49:00,63.19,63.19,63.19,63.19,249
2024-10-18 16:53:00,63.19,63.19,63.18,63.19,451
2024-10-18 16:55:00,63.16,63.16,63.16,63.16,110
2024-10-18 17:04:00,63.22,63.22,63.22,63.22,445
2024-10-18 17:09:00,63.24,63.24,63.24,63.24,107
2024-10-18 17:10:00,63.22,63.22,63.22,63.22,108
2024-10-18 17:17:00,63.19,63.19,63.19,63.19,871
2024-10-18 17:18:00,63.21,63.22,63.1584,63.1584,1216
2024-10-18 17:19:00,63.17,63.17,63.17,63.17,247
2024-10-18 17:20:00,63.215,63.2346,63.17,63.17,1234
2024-10-18 17:24:00,63.185,63.185,63.185,63.185,320
2024-10-18 17:26:00,63.1885,63.1885,63.15,63.15,405
2024-10-18 17:28:00,63.15,63.155,63.15,63.155,571
2024-10-18 17:30:00,63.13,63.13,63.08,63.08,471
2024-10-18 17:31:00,63.14,63.14,63.105,63.105,305
2024-10-18 17:33:00,63.13,63.14,63.13,63.14,359
2024-10-18 17:34:00,63.15,63.17,63.15,63.17,521
2024-10-18 17:37:00,63.17,63.18,63.17,63.18,309
2024-10-18 17:38:00,63.1575,63.1575,63.1575,63.1575,100
2024-10-18 17:40:00,63.19,63.19,63.19,63.19,100
2024-10-18 17:42:00,63.18,63.18,63.18,63.18,201
2024-10-18 17:43:00,63.18,63.18,63.18,63.18,100
2024-10-18 17:46:00,63.19,63.19,63.17,63.18,1295
2024-10-18 17:49:00,63.22,63.22,63.22,63.22,100
2024-10-18 17:50:00,63.235,63.235,63.235,63.235,148
2024-10-18 17:52:00,63.22,63.24,63.22,63.24,281
2024-10-18 17:54:00,63.25,63.25,63.25,63.25,145
2024-10-18 17:55:00,63.22,63.22,63.17,63.17,1513
2024-10-18 17:56:00,63.18,63.18,63.18,63.18,110
2024-10-18 18:01:00,63.175,63.175,63.13,63.13,1679
2024-10-18 18:05:00,63.2,63.2,63.2,63.2,1206
2024-10-18 18:09:00,63.22,63.22,63.22,63.22,130
2024-10-18 18:11:00,63.23,63.23,63.23,63.23,203
2024-10-18 18:14:00,63.22,63.22,63.205,63.205,334
2024-10-18 18:16:00,63.23,63.23,63.23,63.23,100
2024-10-18 18:17:00,63.23,63.23,63.21,63.21,631
2024-10-18 18:18:00,63.22,63.22,63.21,63.21,384
2024-10-18 18:19:00,63.2,63.2,63.2,63.2,217
2024-10-18 18:20:00,63.22,63.22,63.22,63.22,115
2024-10-18 18:23:00,63.22,63.22,63.22,63.22,286
2024-10-18 18:26:00,63.22,63.23,63.205,63.205,899
2024-10-18 18:28:00,63.22,63.22,63.22,63.22,103
2024-10-18 18:29:00,63.2,63.2,63.2,63.2,288
2024-10-18 18:30:00,63.2,63.21,63.2,63.21,790
2024-10-18 18:31:00,63.2,63.2,63.17,63.17,1122
2024-10-18 18:33:00,63.18,63.18,63.155,63.155,227
2024-10-18 18:34:00,63.155,63.155,63.155,63.155,155
2024-10-18 18:48:00,63.17,63.17,63.16,63.16,976
2024-10-18 18:49:00,63.16,63.18,63.16,63.18,445
2024-10-18 18:50:00,63.18,63.18,63.16,63.16,654
2024-10-18 19:00:00,63.14,63.14,63.13,63.13,1442
2024-10-18 19:08:00,63.097135,63.097135,63.097135,63.097135,213
2024-10-18 19:09:00,63.1,63.1,63.1,63.1,172
2024-10-18 19:14:00,63.1,63.13,63.1,63.12,1260
2024-10-18 19:16:00,63.12,63.12,63.12,63.12,226
2024-10-18 19:17:00,63.12,63.13,63.12,63.13,762
2024-10-18 19:28:00,63.13,63.13,63.13,63.13,203
2024-10-18 19:29:00,63.1201,63.1201,63.1201,63.1201,185
2024-10-18 19:31:00,63.12,63.12,63.1,63.1,908
2024-10-18 19:32:00,63.08,63.1,63.08,63.1,443
2024-10-18 19:35:00,63.12,63.12,63.1,63.1,231
2024-10-18 19:36:00,63.12,63.12,63.1,63.12,1254
2024-10-18 19:39:00,63.092,63.092,63.05,63.09,3813
2024-10-18 19:41:00,63.085,63.085,63.07,63.07,644
2024-10-18 19:47:00,63.04,63.04,63.04,63.04,200
2024-10-18 19:48:00,63.04,63.04,63.02,63.02,1216
2024-10-18 19:49:00,63.02,63.045,63.02,63.02,468
2024-10-18 19:51:00,63.07,63.12,63.07,63.12,1182
2024-10-18 19:52:00,63.12,63.12,63.12,63.12,200
2024-10-18 19:53:00,63.12,63.12,63.12,63.12,322
2024-10-18 19:54:00,63.1,63.12,63.1,63.12,559
2024-10-18 19:57:00,63.12,63.12,63.1,63.1,1660
2024-10-18 19:58:00,63.12,63.12,63.12,63.12,1816
2024-10-18 19:59:00,63.105,63.105,63.05,63.05,2855
2024-10-21 13:16:00,62.31,62.31,62.31,62.31,209
2024-10-21 13:30:00,62.62,62.62,62.62,62.62,974
2024-10-21 13:32:00,62.36,62.36,62.33,62.33,437
2024-10-21 13:33:00,62.39,62.39,62.39,62.39,505
2024-10-21 13:38:00,62.51,62.51,62.51,62.51,108
2024-10-21 13:40:00,62.331,62.37,62.29,62.37,713
2024-10-21 13:49:00,62.34,62.34,62.34,62.34,127
2024-10-21 13:56:00,62.28,62.305,62.28,62.305,841
2024-10-21 13:57:00,62.275,62.275,62.275,62.275,293
2024-10-21 13:58:00,62.275,62.275,62.275,62.275,257
2024-10-21 13:59:00,62.32,62.33,62.28,62.28,1267
2024-10-21 14:06:00,62.335,62.335,62.335,62.335,147
2024-10-21 14:09:00,62.32,62.32,62.32,62.32,197
2024-10-21 14:10:00,62.3499,62.3499,62.3499,62.3499,565
2024-10-21 14:13:00,62.31,62.3199,62.31,62.3199,449
2024-10-21 14:15:00,62.37,62.37,62.335,62.335,341
2024-10-21 14:16:00,62.345,62.345,62.345,62.345,256
2024-10-21 14:21:00,62.345,62.345,62.345,62.345,119
2024-10-21 14:22:00,62.3,62.31,62.295,62.295,945
2024-10-21 14:26:00,62.22,62.22,62.22,62.22,255
2024-10-21 14:27:00,62.21,62.21,62.21,62.21,149
2024-10-21 14:30:00,62.1723,62.1723,62.1723,62.1723,269
2024-10-21 14:34:00,62.1,62.1,62.1,62.1,473
2024-10-21 14:36:00,62.09,62.09,62.09,62.09,100
2024-10-21 14:45:00,62.04,62.04,62.0,62.0,680
2024-10-21 14:46:00,61.955,61.955,61.95,61.95,789
2024-10-21 14:48:00,61.96,61.96,61.96,61.96,187
2024-10-21 14:51:00,61.9512,61.9512,61.9512,61.9512,127
2024-10-21 14:55:00,61.92,61.92,61.92,61.92,524
2024-10-21 15:00:00,61.98,61.98,61.98,61.98,1350
2024-10-21 15:02:00,61.95,61.95,61.91,61.91,915
2024-10-21 15:04:00,61.88,61.88,61.88,61.88,232
2024-10-21 15:07:00,61.835,61.85,61.835,61.85,307
2024-10-21 15:10:00,61.81,61.81,61.81,61.81,111
2024-10-21 15:12:00,61.825,61.825,61.825,61.825,151
2024-10-21 15:13:00,61.84,61.84,61.84,61.84,208
2024-10-21 15:16:00,61.82,61.82,61.82,61.82,110
2024-10-21 15:18:00,61.83,61.83,61.83,61.83,101
2024-10-21 15:22:00,61.79,61.79,61.77,61.77,337
2024-10-21 15:25:00,61.77,61.77,61.77,61.77,202
2024-10-21 15:27:00,61.72,61.72,61.72,61.72,439
2024-10-21 15:30:00,61.7,61.7,61.7,61.7,214
2024-10-21 15:37:00,61.7779,61.7779,61.7779,61.7779,392
2024-10-21 15:39:00,61.78,61.79,61.78,61.79,210
2024-10-21 15:40:00,61.82,61.92,61.79,61.79,3627
2024-10-21 15:47:00,61.98,61.98,61.98,61.98,339
2024-10-21 15:50:00,61.99,61.99,61.99,61.99,102
2024-10-21 15:51:00,61.99,61.99,61.98,61.98,424
2024-10-21 15:53:00,62.005,62.005,62.005,62.005,467
2024-10-21 15:54:00,61.975,61.975,61.97,61.97,282
2024-10-21 15:55:00,62.0,62.03,61.9819,61.9819,490
2024-10-21 15:58:00,62.045,62.045,62.045,62.045,157
2024-10-21 16:03:00,61.99,62.02,61.98,61.98,901
2024-10-21 16:04:00,61.99,61.99,61.99,61.99,870
2024-10-21 16:09:00,62.02,62.02,62.0,62.0,904
2024-10-21 16:11:00,62.01,62.01,62.01,62.01,423
2024-10-21 16:12:00,61.99,61.99,61.975,61.975,474
2024-10-21 16:14:00,61.94,61.94,61.94,61.94,166
2024-10-21 16:23:00,61.9,61.9,61.9,61.9,567
2024-10-21 16:27:00,61.95,61.95,61.95,61.95,104
2024-10-21 16:29:00,61.925,61.925,61.894,61.894,468
2024-10-21 16:31:00,61.915,61.915,61.915,61.915,383
2024-10-21 16:34:00,61.95,61.95,61.94,61.94,322
2024-10-21 16:37:00,61.91,61.92,61.91,61.92,453
2024-10-21 16:39:00,61.9,61.9,61.89,61.89,603
2024-10-21 16:40:00,61.89,61.91,61.89,61.91,996
2024-10-21 16:41:00,61.89,61.89,61.88,61.885,786
2024-10-21 16:44:00,61.86,61.86,61.86,61.86,179
2024-10-21 16:48:00,61.88,61.88,61.88,61.88,187
2024-10-21 16:50:00,61.88,61.88,61.88,61.88,491
2024-10-21 16:51:00,61.905,61.905,61.905,61.905,209
2024-10-21 16:53:00,61.92,61.92,61.92,61.92,549
2024-10-21 16:54:00,61.94,61.95,61.94,61.95,1102
2024-10-21 16:55:00,61.95,61.985,61.95,61.985,650
2024-10-21 16:56:00,61.98,61.98,61.98,61.98,112
2024-10-21 16:58:00,61.98,61.98,61.98,61.98,113
2024-10-21 17:04:00,61.99,61.995,61.9675,61.9675,927
2024-10-21 17:08:00,62.03,62.03,62.02,62.02,416
2024-10-21 17:09:00,62.03,62.03,62.03,62.03,213
2024-10-21 17:15:00,62.0167,62.0167,62.0167,62.0167,203
2024-10-21 17:16:00,62.04,62.04,62.04,62.04,110
2024-10-21 17:17:00,62.05,62.05,62.05,62.05,104
2024-10-21 17:18:00,62.0169,62.0169,62.0169,62.0169,362
2024-10-21 17:23:00,62.05,62.05,62.05,62.05,417
2024-10-21 17:25:00,62.11,62.11,62.08,62.08,1104
2024-10-21 17:26:00,62.09,62.09,62.09,62.09,212
2024-10-21 17:34:00,62.065,62.065,62.065,62.065,207
2024-10-21 17:35:00,62.07,62.07,62.07,62.07,106
2024-10-21 17:36:00,62.065,62.065,62.065,62.065,233
2024-10-21 17:37:00,62.065,62.065,62.065,62.065,210
2024-10-21 17:46:00,62.07,62.07,62.07,62.07,452
2024-10-21 17:53:00,62.09,62.09,62.09,62.09,210
2024-10-21 17:55:00,62.095,62.095,62.095,62.095,252
2024-10-21 17:56:00,62.0948,62.0948,62.0948,62.0948,192
2024-10-21 18:00:00,62.095,62.095,62.095,62.095,159
2024-10-21 18:05:00,62.09,62.09,62.09,62.09,145
2024-10-21 18:11:00,62.04,62.04,62.04,62.04,153
2024-10-21 18:16:00,62.045,62.06,62.045,62.0513,718
2024-10-21 18:23:00,62.045,62.045,62.045,62.045,130
2024-10-21 18:24:00,62.02,62.035,62.02,62.035,809
2024-10-21 18:26:00,62.05,62.05,62.05,62.05,1392
2024-10-21 18:30:00,62.04,62.04,62.04,62.04,188
2024-10-21 18:35:00,61.99,61.99,61.99,61.99,353
2024-10-21 18:38:00,61.97,61.97,61.97,61.97,101
2024-10-21 18:43:00,61.98,61.98,61.98,61.98,143
2024-10-21 18:44:00,61.965,61.965,61.965,61.965,331
2024-10-21 18:48:00,61.98,61.98,61.98,61.98,144
2024-10-21 18:49:00,61.99,61.99,61.99,61.99,105
2024-10-21 18:53:00,62.0,62.0,62.0,62.0,113
2024-10-21 18:54:00,61.96,61.96,61.96,61.96,366
2024-10-21 18:57:00,61.935,61.935,61.935,61.935,276
2024-10-21 18:58:00,61.94,61.95,61.94,61.95,524
2024-10-21 18:59:00,61.93,61.93,61.92,61.92,959
2024-10-21 19:01:00,61.94,61.95,61.94,61.95,503
2024-10-21 19:08:00,61.98,61.98,61.98,61.98,529
2024-10-21 19:11:00,61.99,61.99,61.99,61.99,523
2024-10-21 19:14:00,62.09,62.09,62.09,62.09,312
2024-10-21 19:15:00,62.04,62.04,62.01,62.01,1095
2024-10-21 19:22:00,61.99,61.99,61.99,61.99,327
2024-10-21 19:25:00,62.03,62.03,62.03,62.03,685
2024-10-21 19:28:00,62.04,62.04,62.04,62.04,219
2024-10-21 19:30:00,62.05,62.06,62.05,62.06,3062
2024-10-21 19:31:00,62.02,62.05,62.02,62.05,1011
2024-10-21 19:34:00,62.05,62.06,62.05,62.06,290
2024-10-21 19:39:00,62.065,62.065,62.065,62.065,106
2024-10-21 19:41:00,62.07,62.07,62.07,62.07,146
2024-10-21 19:43:00,62.06,62.06,62.06,62.06,945
2024-10-21 19:45:00,62.07,62.09,62.07,62.09,630
2024-10-21 19:46:00,62.1,62.1,62.1,62.1,239
2024-10-21 19:47:00,62.12,62.12,62.12,62.12,270
2024-10-21 19:49:00,62.11,62.11,62.11,62.11,452
2024-10-21 19:50:00,62.125,62.125,62.11,62.12,1683
2024-10-21 19:54:00,62.1,62.1,62.1,62.1,390
2024-10-21 19:56:00,62.08,62.08,62.08,62.08,617
2024-10-21 19:57:00,62.09,62.09,62.08,62.08,1018
2024-10-21 19:58:00,62.09,62.09,62.04,62.04,3011
2024-10-21 19:59:00,62.06,62.11,62.03,62.04,8462
2024-10-22 08:06:00,60.94,60.94,60.94,60.94,131
2024-10-22 09:44:00,60.12,60.12,60.12,60.12,100
2024-10-22 10:05:00,60.12,60.12,60.12,60.12,100
2024-10-22 11:41:00,60.29,60.29,60.29,60.29,304
2024-10-22 12:43:00,60.29,60.29,60.29,60.29,300
2024-10-22 13:01:00,60.39,60.39,60.39,60.39,150
2024-10-22 13:09:00,60.15,60.15,60.15,60.15,143
2024-10-22 13:20:00,60.14,60.14,60.14,60.14,101
2024-10-22 13:24:00,60.14,60.14,60.14,60.14,100
2024-10-22 13:28:00,60.1,60.1,60.06,60.06,630
2024-10-22 13:29:00,60.06,60.06,60.06,60.06,502
2024-10-22 13:30:00,60.06,60.46,60.06,60.17,6679
2024-10-22 13:31:00,60.14,60.185,60.14,60.185,249
2024-10-22 13:33:00,60.19,60.29,60.19,60.29,1040
2024-10-22 13:36:00,60.19,60.19,60.19,60.19,113
2024-10-22 13:39:00,60.18,60.18,60.18,60.18,141
2024-10-22 13:40:00,60.18,60.18,60.1,60.18,921
2024-10-22 13:42:00,60.1,60.165,60.1,60.165,796
2024-10-22 13:44:00,60.09,60.1,60.09,60.1,412
2024-10-22 13:46:00,60.16,60.16,60.16,60.16,161
2024-10-22 13:47:00,60.23,60.23,60.23,60.23,264
2024-10-22 13:50:00,60.19,60.19,60.16,60.16,794
2024-10-22 13:52:00,60.1,60.1,60.04,60.04,2112
2024-10-22 13:53:00,60.04,60.06,60.04,60.06,334
2024-10-22 13:54:00,60.06,60.09,60.06,60.09,557
2024-10-22 13:58:00,60.18,60.19,60.18,60.19,345
2024-10-22 14:03:00,60.07,60.07,60.06,60.06,838
2024-10-22 14:04:00,60.07,60.07,60.06,60.07,1106
2024-10-22 14:06:00,60.08,60.09,60.055,60.06,3404
2024-10-22 14:07:00,60.065,60.09,60.065,60.09,446
2024-10-22 14:08:00,60.09,60.09,60.09,60.09,137
2024-10-22 14:09:00,60.07,60.07,60.01,60.01,1497
2024-10-22 14:10:00,60.0171,60.07,60.0171,60.0171,315
2024-10-22 14:11:00,60.06,60.09,60.04,60.09,683
2024-10-22 14:17:00,60.06,60.06,60.06,60.06,355
2024-10-22 14:18:00,60.06,60.08,60.06,60.06,991
2024-10-22 14:20:00,60.05,60.05,60.03,60.03,619
2024-10-22 14:23:00,60.0,60.0,59.985,59.985,1027
2024-10-22 14:24:00,60.01,60.01,60.01,60.01,335
2024-10-22 14:25:00,60.05,60.05,60.05,60.05,265
2024-10-22 14:29:00,59.98,60.0,59.98,60.0,1364
2024-10-22 14:32:00,60.05,60.05,60.05,60.05,248
2024-10-22 14:33:00,60.05,60.05,60.045,60.045,879
2024-10-22 14:34:00,60.0201,60.07,60.0201,60.07,670
2024-10-22 14:35:00,60.08,60.09,60.08,60.09,526
2024-10-22 14:36:00,60.13,60.13,60.13,60.13,295
2024-10-22 14:42:00,60.15,60.15,60.15,60.15,105
2024-10-22 14:45:00,60.16,60.16,60.15,60.15,478
2024-10-22 14:46:00,60.15,60.15,60.15,60.15,278
2024-10-22 14:47:00,60.15,60.15,60.14,60.145,471
2024-10-22 14:48:00,60.13,60.13,60.13,60.13,210
2024-10-22 14:49:00,60.14,60.17,60.14,60.17,634
2024-10-22 14:50:00,60.18,60.18,60.161,60.18,689
2024-10-22 14:51:00,60.18,60.2,60.18,60.2,435
2024-10-22 14:52:00,60.23,60.23,60.23,60.23,201
2024-10-22 14:58:00,60.22,60.22,60.22,60.22,118
2024-10-22 15:04:00,60.215,60.215,60.215,60.215,137
2024-10-22 15:09:00,60.21,60.23,60.21,60.23,354
2024-10-22 15:10:00,60.21,60.21,60.21,60.21,167
2024-10-22 15:14:00,60.235,60.235,60.235,60.235,330
2024-10-22 15:15:00,60.23,60.23,60.23,60.23,102
2024-10-22 15:16:00,60.23,60.23,60.23,60.23,109
2024-10-22 15:20:00,60.2199,60.2199,60.2199,60.2199,504
2024-10-22 15:21:00,60.25,60.25,60.25,60.25,103
2024-10-22 15:24:00,60.2347,60.26,60.2347,60.26,258
2024-10-22 15:26:00,60.245,60.245,60.18,60.18,1347
2024-10-22 15:29:00,60.2,60.2,60.2,60.2,100
2024-10-22 15:30:00,60.2,60.2589,60.2,60.2589,1257
2024-10-22 15:32:00,60.24,60.24,60.24,60.24,359
2024-10-22 15:50:00,60.205,60.205,60.205,60.205,179
2024-10-22 15:52:00,60.27,60.27,60.27,60.27,252
2024-10-22 16:00:00,60.19,60.205,60.19,60.205,409
2024-10-22 16:01:00,60.2,60.2,60.2,60.2,203
2024-10-22 16:03:00,60.18,60.2,60.18,60.2,1448
2024-10-22 16:05:00,60.21,60.21,60.21,60.21,203
2024-10-22 16:08:00,60.19,60.19,60.19,60.19,153
2024-10-22 16:11:00,60.2,60.2,60.2,60.2,168
2024-10-22 16:13:00,60.21,60.21,60.21,60.21,109
2024-10-22 16:16:00,60.21,60.21,60.21,60.21,999
2024-10-22 16:17:00,60.19,60.21,60.18,60.18,1980
2024-10-22 16:19:00,60.165,60.165,60.165,60.165,354
2024-10-22 16:23:00,60.165,60.165,60.165,60.165,383
2024-10-22 16:24:00,60.18,60.18,60.18,60.18,229
2024-10-22 16:25:00,60.15,60.15,60.11,60.11,2225
2024-10-22 16:28:00,60.13,60.13,60.1,60.1,1569
2024-10-22 16:30:00,60.1,60.115,60.1,60.11,2004
2024-10-22 16:31:00,60.13,60.13,60.13,60.13,505
2024-10-22 16:34:00,60.11,60.11,60.11,60.11,839
2024-10-22 16:35:00,60.1386,60.1386,60.1386,60.1386,193
2024-10-22 16:36:00,60.105,60.105,60.105,60.105,316
2024-10-22 16:37:00,60.12,60.125,60.12,60.125,273
2024-10-22 16:38:00,60.11,60.13,60.11,60.13,460
2024-10-22 16:40:00,60.08,60.08,60.08,60.08,130
2024-10-22 16:41:00,60.08,60.105,60.08,60.105,370
2024-10-22 16:43:00,60.105,60.105,60.105,60.105,207
2024-10-22 16:44:00,60.11,60.11,60.11,60.11,476
2024-10-22 16:47:00,60.11,60.16,60.11,60.16,1679
2024-10-22 16:48:00,60.17,60.2,60.17,60.2,918
2024-10-22 16:49:00,60.2,60.22,60.2,60.22,238
2024-10-22 16:52:00,60.26,60.26,60.26,60.26,197
2024-10-22 16:54:00,60.25,60.25,60.25,60.25,229
2024-10-22 17:01:00,60.27,60.27,60.27,60.27,183
2024-10-22 17:04:00,60.27,60.27,60.27,60.27,151
2024-10-22 17:06:00,60.26,60.26,60.26,60.26,440
2024-10-22 17:13:00,60.28,60.28,60.28,60.28,267
2024-10-22 17:22:00,60.265,60.265,60.244,60.244,382
2024-10-22 17:26:00,60.27,60.27,60.27,60.27,205
2024-10-22 17:27:00,60.265,60.265,60.265,60.265,101
2024-10-22 17:28:00,60.23,60.23,60.13,60.13,4369
2024-10-22 17:29:00,60.16,60.18,60.13,60.13,1876
2024-10-22 17:30:00,60.13,60.13,60.13,60.13,552
2024-10-22 17:31:00,60.13,60.13,60.13,60.13,434
2024-10-22 17:32:00,60.17,60.17,60.13,60.13,567
2024-10-22 17:34:00,60.13,60.13,60.11,60.11,835
2024-10-22 17:35:00,60.12,60.2,60.12,60.185,2587
2024-10-22 17:36:00,60.17,60.17,60.17,60.17,121
2024-10-22 17:38:00,60.19,60.21,60.17,60.17,1287
2024-10-22 17:39:00,60.21,60.21,60.21,60.21,204
2024-10-22 17:40:00,60.205,60.23,60.2,60.2,480
2024-10-22 17:41:00,60.23,60.23,60.225,60.225,740
2024-10-22 17:43:00,60.27,60.27,60.25,60.25,540
2024-10-22 17:45:00,60.245,60.245,60.245,60.245,110
2024-10-22 17:47:00,60.24,60.24,60.24,60.24,150
2024-10-22 17:51:00,60.245,60.26,60.245,60.26,278
2024-10-22 17:56:00,60.254,60.28,60.254,60.28,799
2024-10-22 17:57:00,60.32,60.34,60.3,60.3,1128
2024-10-22 17:58:00,60.3,60.3,60.3,60.3,206
2024-10-22 17:59:00,60.3,60.3,60.3,60.3,100
2024-10-22 18:01:00,60.3,60.3,60.3,60.3,213
2024-10-22 18:02:00,60.36,60.36,60.325,60.35,1113
2024-10-22 18:03:00,60.34,60.34,60.34,60.34,252
2024-10-22 18:04:00,60.34,60.34,60.34,60.34,101
2024-10-22 18:05:00,60.34,60.34,60.34,60.34,206
2024-10-22 18:06:00,60.3218,60.3218,60.31,60.31,1000
2024-10-22 18:07:00,60.305,60.305,60.305,60.305,130
2024-10-22 18:08:00,60.32,60.33,60.32,60.32,650
2024-10-22 18:09:00,60.34,60.36,60.26,60.2999,2485
2024-10-22 18:10:00,60.3,60.31,60.29,60.29,1310
2024-10-22 18:11:00,60.3,60.3,60.3,60.3,242
2024-10-22 18:15:00,60.31,60.32,60.295,60.295,698
2024-10-22 18:19:00,60.29,60.31,60.29,60.31,222
2024-10-22 18:20:00,60.2925,60.2925,60.2925,60.2925,508
2024-10-22 18:22:00,60.29,60.29,60.29,60.29,1138
2024-10-22 18:23:00,60.29,60.29,60.29,60.29,101
2024-10-22 18:24:00,60.31,60.31,60.31,60.31,100
2024-10-22 18:25:00,60.31,60.31,60.31,60.31,525
2024-10-22 18:26:00,60.3054,60.3054,60.29,60.29,569
2024-10-22 18:28:00,60.31,60.315,60.29,60.315,1479
2024-10-22 18:29:00,60.29,60.29,60.29,60.29,100
2024-10-22 18:35:00,60.29,60.33,60.29,60.33,381
2024-10-22 18:36:00,60.29,60.29,60.29,60.29,273
2024-10-22 18:39:00,60.25,60.28,60.24,60.28,3418
2024-10-22 18:40:00,60.27,60.27,60.27,60.27,312
2024-10-22 18:46:00,60.26,60.26,60.26,60.26,162
2024-10-22 18:50:00,60.24,60.24,60.23,60.23,1719
2024-10-22 18:51:00,60.21,60.22,60.2,60.2,770
2024-10-22 18:55:00,60.21,60.22,60.205,60.205,2449
2024-10-22 18:56:00,60.205,60.205,60.19,60.19,950
2024-10-22 18:57:00,60.18,60.18,60.18,60.18,121
2024-10-22 18:59:00,60.18,60.18,60.17,60.17,756
2024-10-22 19:00:00,60.16,60.16,60.16,60.16,344
2024-10-22 19:01:00,60.165,60.165,60.165,60.165,292
2024-10-22 19:03:00,60.18,60.19,60.18,60.19,639
2024-10-22 19:04:00,60.2,60.22,60.185,60.22,1677
2024-10-22 19:05:00,60.22,60.22,60.21,60.21,1206
2024-10-22 19:09:00,60.22,60.22,60.22,60.22,353
2024-10-22 19:10:00,60.2108,60.2108,60.2108,60.2108,567
2024-10-22 19:11:00,60.26,60.26,60.25,60.26,300
2024-10-22 19:13:00,60.3,60.3,60.3,60.3,132
2024-10-22 19:17:00,60.34,60.34,60.34,60.34,100
2024-10-22 19:22:00,60.33,60.33,60.33,60.33,162
2024-10-22 19:27:00,60.34,60.36,60.34,60.35,970
2024-10-22 19:30:00,60.36,60.37,60.36,60.36,1251
2024-10-22 19:32:00,60.36,60.38,60.36,60.38,367
2024-10-22 19:33:00,60.39,60.41,60.38,60.4,1241
2024-10-22 19:34:00,60.41,60.41,60.385,60.41,1891
2024-10-22 19:35:00,60.415,60.485,60.415,60.47,1503
2024-10-22 19:36:00,60.47,60.48,60.47,60.47,757
2024-10-22 19:37:00,60.49,60.49,60.49,60.49,725
2024-10-22 19:38:00,60.49,60.49,60.48,60.48,368
2024-10-22 19:39:00,60.49,60.49,60.46,60.47,2200
2024-10-22 19:40:00,60.47,60.5,60.47,60.5,1299
2024-10-22 19:41:00,60.485,60.5,60.485,60.5,751
2024-10-22 19:42:00,60.5,60.5,60.5,60.5,228
2024-10-22 19:44:00,60.49,60.5,60.49,60.49,578
2024-10-22 19:45:00,60.49,60.49,60.46,60.46,2554
2024-10-22 19:46:00,60.465,60.465,60.465,60.465,325
2024-10-22 19:47:00,60.49,60.49,60.465,60.475,1322
2024-10-22 19:48:00,60.475,60.49,60.475,60.475,861
2024-10-22 19:49:00,60.48,60.515,60.48,60.515,1370
2024-10-22 19:50:00,60.52,60.52,60.48,60.49,2218
2024-10-22 19:51:00,60.51,60.51,60.495,60.495,640
2024-10-22 19:52:00,60.51,60.52,60.47,60.51,4854
2024-10-22 19:53:00,60.5,60.5,60.48,60.48,2541
2024-10-22 19:54:00,60.475,60.51,60.475,60.5,2616
2024-10-22 19:55:00,60.49,60.495,60.49,60.495,1931
2024-10-22 19:56:00,60.48,60.49,60.47,60.47,1598
2024-10-22 19:57:00,60.49,60.49,60.49,60.49,1036
2024-10-22 19:58:00,60.475,60.49,60.455,60.47,6004
2024-10-22 19:59:00,60.455,60.455,60.39,60.39,2801
2024-10-22 20:30:00,61.24,61.24,61.24,61.24,200
2024-10-23 13:30:00,61.32,61.61,61.3,61.3,4753
2024-10-23 13:31:00,61.33,61.365,61.26,61.365,1811
2024-10-23 13:33:00,61.44,61.44,61.44,61.44,250
2024-10-23 13:34:00,61.42,61.45,61.355,61.355,2621
2024-10-23 13:39:00,61.375,61.47,61.375,61.375,908
2024-10-23 13:41:00,61.375,61.375,61.375,61.375,135
2024-10-23 13:43:00,61.43,61.45,61.37,61.37,1144
2024-10-23 13:44:00,61.37,61.435,61.37,61.435,3198
2024-10-23 13:45:00,61.48,61.57,61.47,61.525,3022
2024-10-23 13:46:00,61.55,61.695,61.54,61.695,1838
2024-10-23 13:47:00,61.6,61.64,61.57,61.6,1537
2024-10-23 13:48:00,61.59,61.67,61.58,61.605,1566
2024-10-23 13:50:00,61.65,61.65,61.61,61.61,566
2024-10-23 13:52:00,61.615,61.62,61.615,61.62,271
2024-10-23 13:54:00,61.66,61.66,61.66,61.66,242
2024-10-23 13:55:00,61.65,61.66,61.65,61.66,471
2024-10-23 13:57:00,61.66,61.66,61.66,61.66,159
2024-10-23 13:58:00,61.66,61.73,61.65,61.73,682
2024-10-23 13:59:00,61.64,61.64,61.64,61.64,357
2024-10-23 14:00:00,61.64,61.64,61.64,61.64,164
2024-10-23 14:01:00,61.66,61.66,61.66,61.66,195
2024-10-23 14:02:00,61.61,61.61,61.61,61.61,515
2024-10-23 14:03:00,61.64,61.64,61.64,61.64,309
2024-10-23 14:04:00,61.6,61.6,61.58,61.58,412
2024-10-23 14:05:00,61.653,61.653,61.5,61.56,2452
2024-10-23 14:06:00,61.48,61.48,61.48,61.48,307
2024-10-23 14:07:00,61.545,61.545,61.545,61.545,307
2024-10-23 14:09:00,61.535,61.55,61.535,61.54,356
2024-10-23 14:10:00,61.54,61.54,61.51,61.54,702
2024-10-23 14:11:00,61.52,61.54,61.52,61.54,369
2024-10-23 14:12:00,61.545,61.57,61.545,61.545,554
2024-10-23 14:14:00,61.545,61.56,61.54,61.54,512
2024-10-23 14:15:00,61.545,61.545,61.52,61.52,1402
2024-10-23 14:16:00,61.44,61.47,61.4,61.4,1038
2024-10-23 14:19:00,61.4,61.4,61.4,61.4,800
2024-10-23 14:21:00,61.43,61.43,61.37,61.4,1324
2024-10-23 14:22:00,61.395,61.395,61.395,61.395,202
2024-10-23 14:23:00,61.395,61.395,61.37,61.39,1232
2024-10-23 14:24:00,61.395,61.43,61.395,61.43,714
2024-10-23 14:25:00,61.475,61.475,61.475,61.475,273
2024-10-23 14:27:00,61.48,61.5,61.48,61.5,472
2024-10-23 14:28:00,61.505,61.505,61.5,61.5,1067
2024-10-23 14:29:00,61.505,61.505,61.5,61.5,1212
2024-10-23 14:30:00,61.51,61.51,61.4801,61.51,861
2024-10-23 14:31:00,61.51,61.51,61.51,61.51,434
2024-10-23 14:32:00,61.51,61.51,61.51,61.51,601
2024-10-23 14:33:00,61.51,61.51,61.51,61.51,562
2024-10-23 14:34:00,61.51,61.51,61.48,61.48,362
2024-10-23 14:36:00,61.45,61.45,61.45,61.45,612
2024-10-23 14:38:00,61.44,61.45,61.42,61.42,667
2024-10-23 14:40:00,61.445,61.445,61.445,61.445,166
2024-10-23 14:41:00,61.445,61.445,61.445,61.445,246
2024-10-23 14:42:00,61.47,61.47,61.43,61.43,306
2024-10-23 14:44:00,61.45,61.45,61.45,61.45,185
2024-10-23 14:47:00,61.47,61.47,61.4681,61.4681,373
2024-10-23 14:48:00,61.48,61.49,61.465,61.48,7390
2024-10-23 14:49:00,61.48,61.48,61.435,61.435,1439
2024-10-23 14:50:00,61.44,61.45,61.44,61.44,2199
2024-10-23 14:51:00,61.41,61.41,61.38,61.4,923
2024-10-23 14:52:00,61.37,61.37,61.36,61.36,1146
2024-10-23 14:54:00,61.345,61.345,61.345,61.345,210
2024-10-23 14:55:00,61.36,61.36,61.34,61.34,473
2024-10-23 14:59:00,61.37,61.4,61.37,61.4,1683
2024-10-23 15:00:00,61.405,61.44,61.405,61.44,229
2024-10-23 15:01:00,61.405,61.405,61.405,61.405,151
2024-10-23 15:03:00,61.44,61.44,61.42,61.42,406
2024-10-23 15:04:00,61.44,61.48,61.44,61.48,1996
2024-10-23 15:07:00,61.48,61.48,61.48,61.48,129
2024-10-23 15:09:00,61.48,61.48,61.48,61.48,135
2024-10-23 15:10:00,61.42,61.43,61.42,61.43,480
2024-10-23 15:11:00,61.41,61.41,61.38,61.41,743
2024-10-23 15:13:00,61.35,61.38,61.35,61.38,519
2024-10-23 15:14:00,61.34,61.34,61.335,61.335,470
2024-10-23 15:19:00,61.355,61.355,61.29,61.29,472
2024-10-23 15:20:00,61.355,61.421,61.29,61.355,3972
2024-10-23 15:21:00,61.43,61.43,61.355,61.355,472
2024-10-23 15:22:00,61.38,61.38,61.38,61.38,439
2024-10-23 15:23:00,61.39,61.39,61.38,61.38,243
2024-10-23 15:25:00,61.33,61.33,61.33,61.33,273
2024-10-23 15:27:00,61.34,61.34,61.34,61.34,148
2024-10-23 15:28:00,61.31,61.31,61.31,61.31,454
2024-10-23 15:29:00,61.3,61.318,61.3,61.318,331
2024-10-23 15:30:00,61.3,61.3,61.3,61.3,593
2024-10-23 15:31:00,61.3,61.3,61.3,61.3,200
2024-10-23 15:35:00,61.37,61.375,61.37,61.375,459
2024-10-23 15:36:00,61.38,61.38,61.38,61.38,134
2024-10-23 15:37:00,61.39,61.41,61.39,61.39,741
2024-10-23 15:38:00,61.38,61.38,61.38,61.38,170
2024-10-23 15:42:00,61.37,61.37,61.37,61.37,170
2024-10-23 15:43:00,61.41,61.41,61.37,61.37,614
2024-10-23 15:45:00,61.42,61.42,61.42,61.42,209
2024-10-23 15:46:00,61.45,61.45,61.45,61.45,428
2024-10-23 15:49:00,61.453,61.47,61.435,61.435,522
2024-10-23 15:53:00,61.48,61.48,61.48,61.48,120
2024-10-23 15:58:00,61.46,61.46,61.46,61.46,267
2024-10-23 16:02:00,61.445,61.445,61.425,61.425,423
2024-10-23 16:03:00,61.34,61.34,61.34,61.34,273
2024-10-23 16:04:00,61.37,61.37,61.35,61.35,260
2024-10-23 16:05:00,61.33,61.33,61.33,61.33,393
2024-10-23 16:08:00,61.33,61.33,61.33,61.33,263
2024-10-23 16:09:00,61.33,61.33,61.33,61.33,147
2024-10-23 16:10:00,61.32,61.32,61.32,61.32,180
2024-10-23 16:12:00,61.31,61.31,61.31,61.31,142
2024-10-23 16:13:00,61.31,61.31,61.31,61.31,728
2024-10-23 16:15:00,61.305,61.305,61.305,61.305,197
2024-10-23 16:17:00,61.315,61.315,61.315,61.315,192
2024-10-23 16:20:00,61.295,61.295,61.295,61.295,130
2024-10-23 16:23:00,61.285,61.285,61.28,61.28,405
2024-10-23 16:24:00,61.27,61.27,61.27,61.27,587
2024-10-23 16:25:00,61.27,61.28,61.27,61.28,402
2024-10-23 16:27:00,61.285,61.285,61.285,61.285,170
2024-10-23 16:28:00,61.28,61.28,61.212,61.25,1594
2024-10-23 16:29:00,61.25,61.25,61.25,61.25,254
2024-10-23 16:30:00,61.235,61.235,61.2344,61.2344,1176
2024-10-23 16:32:00,61.24,61.24,61.22,61.225,683
2024-10-23 16:34:00,61.25,61.26,61.25,61.26,827
2024-10-23 16:37:00,61.25,61.25,61.25,61.25,215
2024-10-23 16:38:00,61.27,61.3,61.27,61.285,772
2024-10-23 16:46:00,61.27,61.29,61.27,61.27,1135
2024-10-23 16:47:00,61.27,61.27,61.25,61.25,544
2024-10-23 16:52:00,61.2799,61.2799,61.24,61.24,1803
2024-10-23 16:55:00,61.23,61.23,61.23,61.23,127
2024-10-23 17:02:00,61.2,61.2,61.19,61.19,653
2024-10-23 17:05:00,61.17,61.17,61.17,61.17,308
2024-10-23 17:07:00,61.165,61.165,61.16,61.16,320
2024-10-23 17:08:00,61.16,61.16,61.16,61.16,414
2024-10-23 17:09:00,61.135,61.135,61.135,61.135,121
2024-10-23 17:11:00,61.14,61.14,61.12,61.14,876
2024-10-23 17:12:00,61.11,61.11,61.11,61.11,297
2024-10-23 17:15:00,61.04,61.045,61.04,61.045,392
2024-10-23 17:16:00,61.04,61.04,61.04,61.04,121
2024-10-23 17:17:00,61.06,61.06,61.06,61.06,199
2024-10-23 17:20:00,61.04,61.04,61.04,61.04,120
2024-10-23 17:22:00,61.035,61.035,61.015,61.03,1053
2024-10-23 17:23:00,61.02,61.02,61.01,61.01,585
2024-10-23 17:27:00,60.995,60.995,60.98,60.99,853
2024-10-23 17:28:00,61.0,61.04,61.0,61.04,1226
2024-10-23 17:30:00,61.045,61.045,61.045,61.045,300
2024-10-23 17:32:00,61.03,61.03,61.03,61.03,352
2024-10-23 17:33:00,61.01,61.01,60.98,60.98,456
2024-10-23 17:35:00,60.97,60.97,60.97,60.97,240
2024-10-23 17:41:00,60.98,60.98,60.98,60.98,291
2024-10-23 17:45:00,60.94,60.94,60.94,60.94,361
2024-10-23 17:46:00,60.955,60.955,60.95,60.95,242
2024-10-23 17:48:00,60.95,60.96,60.95,60.96,798
2024-10-23 17:49:00,60.95,60.95,60.95,60.95,160
2024-10-23 17:50:00,60.97,61.03,60.97,61.03,1181
2024-10-23 17:56:00,60.972,60.972,60.972,60.972,407
2024-10-23 17:58:00,60.965,60.965,60.965,60.965,242
2024-10-23 17:59:00,60.98,60.98,60.98,60.98,230
2024-10-23 18:00:00,60.93,60.935,60.93,60.935,672
2024-10-23 18:02:00,60.91,60.91,60.885,60.885,1437
2024-10-23 18:03:00,60.88,60.89,60.845,60.845,2196
2024-10-23 18:04:00,60.845,60.845,60.8,60.8444,1326
2024-10-23 18:05:00,60.84,60.84,60.84,60.84,288
2024-10-23 18:07:00,60.83,60.84,60.81,60.82,2023
2024-10-23 18:08:00,60.82,60.82,60.82,60.82,195
2024-10-23 18:09:00,60.82,60.845,60.82,60.845,629
2024-10-23 18:12:00,60.8,60.8,60.8,60.8,294
2024-10-23 18:15:00,60.73,60.73,60.73,60.73,230
2024-10-23 18:16:00,60.745,60.745,60.745,60.745,198
2024-10-23 18:17:00,60.74,60.74,60.74,60.74,700
2024-10-23 18:19:00,60.74,60.74,60.74,60.74,145
2024-10-23 18:20:00,60.74,60.755,60.74,60.755,1055
2024-10-23 18:21:00,60.74,60.76,60.74,60.76,629
2024-10-23 18:23:00,60.765,60.785,60.76,60.785,2200
2024-10-23 18:24:00,60.81,60.81,60.8,60.8,1258
2024-10-23 18:25:00,60.81,60.83,60.81,60.818,1899
2024-10-23 18:26:00,60.85,60.85,60.84,60.84,1345
2024-10-23 18:28:00,60.88,60.88,60.88,60.88,142
2024-10-23 18:37:00,60.94,60.94,60.94,60.94,213
2024-10-23 18:40:00,60.98,60.98,60.98,60.98,162
2024-10-23 18:42:00,60.973,60.973,60.973,60.973,538
2024-10-23 18:44:00,61.02,61.02,61.02,61.02,511
2024-10-23 18:47:00,61.03,61.04,61.0183,61.0183,624
2024-10-23 18:48:00,61.01,61.02,61.01,61.02,639
2024-10-23 18:52:00,60.9583,60.99,60.9583,60.99,751
2024-10-23 18:53:00,61.01,61.01,61.01,61.01,318
2024-10-23 18:54:00,60.98,60.98,60.97,60.97,386
2024-10-23 18:58:00,60.96,60.96,60.96,60.96,305
2024-10-23 18:59:00,60.96,60.965,60.96,60.965,397
2024-10-23 19:00:00,60.96,60.96,60.96,60.96,121
2024-10-23 19:04:00,60.97,60.97,60.97,60.97,525
2024-10-23 19:05:00,60.96,60.97,60.96,60.97,418
2024-10-23 19:08:00,60.965,60.965,60.965,60.965,151
2024-10-23 19:10:00,60.99,61.01,60.985,61.01,736
2024-10-23 19:11:00,61.02,61.02,61.02,61.02,265
2024-10-23 19:13:00,61.03,61.05,61.03,61.05,456
2024-10-23 19:14:00,61.05,61.08,61.05,61.08,692
2024-10-23 19:19:00,61.042,61.08,61.042,61.08,1097
2024-10-23 19:20:00,61.0401,61.06,61.0401,61.06,461
2024-10-23 19:21:00,61.06,61.06,61.06,61.06,333
2024-10-23 19:24:00,61.06,61.06,61.056,61.056,368
2024-10-23 19:25:00,61.08,61.08,61.08,61.08,607
2024-10-23 19:26:00,61.09,61.105,61.09,61.105,607
2024-10-23 19:27:00,61.105,61.12,61.1,61.105,1183
2024-10-23 19:28:00,61.085,61.085,61.05,61.085,1786
2024-10-23 19:29:00,61.08,61.08,61.08,61.08,241
2024-10-23 19:30:00,61.06,61.06,61.02,61.02,1235
2024-10-23 19:31:00,61.02,61.029,61.0,61.029,831
2024-10-23 19:32:00,61.03,61.04,61.03,61.04,853
2024-10-23 19:33:00,61.05,61.05,61.05,61.05,340
2024-10-23 19:34:00,61.0101,61.0101,61.0101,61.0101,167
2024-10-23 19:35:00,61.06,61.08,61.06,61.074,523
2024-10-23 19:36:00,61.08,61.08,61.06,61.065,720
2024-10-23 19:37:00,61.09,61.09,61.09,61.09,329
2024-10-23 19:38:00,61.08,61.08,61.04,61.04,914
2024-10-23 19:39:00,61.06,61.06,61.06,61.06,478
2024-10-23 19:40:00,61.04,61.04,61.04,61.04,164
2024-10-23 19:41:00,61.06,61.07,61.06,61.07,425
2024-10-23 19:42:00,61.07,61.07,61.07,61.07,446
2024-10-23 19:43:00,61.07,61.11,61.07,61.1,922
2024-10-23 19:44:00,61.08,61.08,61.06,61.06,723
2024-10-23 19:45:00,61.07,61.09,61.07,61.087,761
2024-10-23 19:46:00,61.06,61.08,61.05,61.07,1093
2024-10-23 19:48:00,61.08,61.08,61.08,61.08,325
2024-10-23 19:49:00,61.08,61.08,61.07,61.07,596
2024-10-23 19:50:00,61.09,61.11,61.09,61.11,775
2024-10-23 19:51:00,61.12,61.12,61.03,61.03,2023
2024-10-23 19:52:00,61.05,61.05,61.05,61.05,578
2024-10-23 19:53:00,61.09,61.099,61.09,61.099,458
2024-10-23 19:54:00,61.1,61.1,61.07,61.07,880
2024-10-23 19:55:00,61.06,61.06,61.05,61.05,969
2024-10-23 19:56:00,61.05,61.06,61.03,61.045,1753
2024-10-23 19:57:00,61.04,61.06,61.03,61.03,2050
2024-10-23 19:58:00,61.04,61.04,61.01,61.03,2662
2024-10-23 19:59:00,61.01,61.02,60.95,60.95,9854
2024-10-24 13:29:00,61.39,61.87,61.39,61.87,2208
2024-10-24 13:30:00,61.6,61.6,61.44,61.44,19482
2024-10-24 13:31:00,61.45,61.48,61.45,61.48,1052
2024-10-24 13:36:00,61.52,61.52,61.52,61.52,103
2024-10-24 13:40:00,61.465,61.465,61.36,61.36,1371
2024-10-24 13:44:00,61.35,61.35,61.35,61.35,406
2024-10-24 13:47:00,61.31,61.31,61.31,61.31,512
2024-10-24 13:49:00,61.24,61.25,61.24,61.24,657
2024-10-24 13:50:00,61.21,61.21,61.21,61.21,110
2024-10-24 13:51:00,61.255,61.255,61.255,61.255,185
2024-10-24 13:53:00,61.29,61.29,61.29,61.29,190
2024-10-24 13:54:00,61.26,61.26,61.26,61.26,437
2024-10-24 13:55:00,61.31,61.31,61.26,61.26,893
2024-10-24 13:58:00,61.275,61.275,61.275,61.275,109
2024-10-24 13:59:00,61.275,61.275,61.275,61.275,121
2024-10-24 14:02:00,61.205,61.205,61.205,61.205,130
2024-10-24 14:03:00,61.265,61.265,61.265,61.265,133
2024-10-24 14:04:00,61.25,61.29,61.25,61.29,410
2024-10-24 14:06:00,61.2,61.2,61.2,61.2,632
2024-10-24 14:07:00,61.22,61.22,61.17,61.18,574
2024-10-24 14:13:00,61.095,61.095,61.095,61.095,143
2024-10-24 14:14:00,61.17,61.17,61.17,61.17,537
2024-10-24 14:16:00,61.17,61.21,61.17,61.21,326
2024-10-24 14:19:00,61.17,61.17,61.17,61.17,104
2024-10-24 14:23:00,61.11,61.11,61.11,61.11,304
2024-10-24 14:25:00,61.15,61.16,61.15,61.16,366
2024-10-24 14:26:00,61.14,61.14,61.14,61.14,102
2024-10-24 14:27:00,61.12,61.13,61.12,61.125,377
2024-10-24 14:28:00,61.11,61.11,61.11,61.11,309
2024-10-24 14:30:00,61.06,61.07,61.0,61.02,1507
2024-10-24 14:31:00,61.03,61.03,61.02,61.025,1203
2024-10-24 14:32:00,61.02,61.03,60.98,61.025,2475
2024-10-24 14:33:00,61.03,61.08,61.03,61.08,1141
2024-10-24 14:34:00,61.09,61.09,61.05,61.09,707
2024-10-24 14:35:00,61.08,61.09,61.08,61.09,899
2024-10-24 14:37:00,61.08,61.08,61.08,61.08,350
2024-10-24 14:38:00,61.1,61.13,61.1,61.13,2046
2024-10-24 14:39:00,61.15,61.15,61.15,61.15,144
2024-10-24 14:40:00,61.15,61.15,61.14,61.14,442
2024-10-24 14:41:00,61.13,61.13,61.13,61.13,101
2024-10-24 14:42:00,61.14,61.16,61.14,61.14,419
2024-10-24 14:43:00,61.125,61.125,61.125,61.125,114
2024-10-24 14:44:00,61.13,61.13,61.09,61.1025,575
2024-10-24 14:45:00,61.08,61.08,61.075,61.075,200
2024-10-24 14:46:00,61.075,61.075,61.06,61.06,681
2024-10-24 14:47:00,61.01,61.01,61.01,61.01,132
2024-10-24 14:48:00,61.01,61.01,61.01,61.01,105
2024-10-24 14:50:00,61.01,61.01,61.01,61.01,521
2024-10-24 14:51:00,60.98,60.99,60.97,60.99,573
2024-10-24 14:52:00,60.97,60.97,60.97,60.97,146
2024-10-24 14:54:00,61.0,61.01,61.0,61.01,206
2024-10-24 14:55:00,61.01,61.01,61.01,61.01,102
2024-10-24 14:56:00,60.97,61.01,60.97,61.01,201
2024-10-24 14:58:00,61.01,61.01,61.01,61.01,106
2024-10-24 15:00:00,61.08,61.08,61.045,61.045,485
2024-10-24 15:01:00,61.045,61.045,61.03,61.03,552
2024-10-24 15:02:00,61.01,61.03,61.0,61.0,596
2024-10-24 15:03:00,61.02,61.02,61.02,61.02,110
2024-10-24 15:05:00,60.98,60.98,60.92,60.92,855
2024-10-24 15:06:00,60.92,60.94,60.92,60.94,576
2024-10-24 15:08:00,60.935,60.935,60.92,60.93,419
2024-10-24 15:09:00,60.94,60.96,60.92,60.96,525
2024-10-24 15:11:00,61.0,61.0,61.0,61.0,158
2024-10-24 15:12:00,60.99,60.99,60.99,60.99,102
2024-10-24 15:15:00,61.04,61.07,60.9581,60.9581,561
2024-10-24 15:16:00,60.92,60.92,60.92,60.92,108
2024-10-24 15:18:00,61.03,61.04,61.03,61.04,304
2024-10-24 15:19:00,60.975,60.975,60.975,60.975,105
2024-10-24 15:20:00,60.975,60.975,60.925,60.925,700
2024-10-24 15:21:00,60.97,60.97,60.97,60.97,473
2024-10-24 15:22:00,60.97,60.97,60.9654,60.97,501
2024-10-24 15:23:00,60.965,60.965,60.965,60.965,193
2024-10-24 15:24:00,60.945,60.945,60.945,60.945,203
2024-10-24 15:25:00,60.975,60.975,60.93,60.93,338
2024-10-24 15:26:00,60.965,60.965,60.965,60.965,101
2024-10-24 15:27:00,60.9497,60.9497,60.9497,60.9497,181
2024-10-24 15:30:00,60.92,60.965,60.92,60.965,323
2024-10-24 15:31:00,61.02,61.02,60.965,60.965,460
2024-10-24 15:32:00,60.965,60.965,60.91,60.91,514
2024-10-24 15:33:00,60.89,60.94,60.89,60.94,721
2024-10-24 15:36:00,60.94,60.94,60.93,60.93,203
2024-10-24 15:38:00,60.93,60.93,60.93,60.93,234
2024-10-24 15:39:00,60.93,60.93,60.93,60.93,104
2024-10-24 15:40:00,60.86,60.86,60.85,60.85,348
2024-10-24 15:41:00,60.925,60.925,60.925,60.925,111
2024-10-24 15:42:00,60.925,60.925,60.91,60.91,200
2024-10-24 15:43:00,60.905,60.905,60.905,60.905,205
2024-10-24 15:44:00,60.9,60.9,60.9,60.9,335
2024-10-24 15:45:00,60.9,60.9,60.9,60.9,301
2024-10-24 15:47:00,60.9,60.9,60.9,60.9,217
2024-10-24 15:48:00,60.85,60.85,60.84,60.84,574
2024-10-24 15:49:00,60.79,60.79,60.79,60.79,360
2024-10-24 15:50:00,60.77,60.775,60.71,60.71,818
2024-10-24 15:51:00,60.77,60.78,60.77,60.78,718
2024-10-24 15:52:00,60.77,60.77,60.77,60.77,326
2024-10-24 15:53:00,60.805,60.805,60.805,60.805,675
2024-10-24 15:54:00,60.81,60.81,60.805,60.805,1137
2024-10-24 15:55:00,60.84,60.87,60.835,60.835,888
2024-10-24 15:56:00,60.89,60.89,60.89,60.89,456
2024-10-24 15:57:00,60.89,60.89,60.88,60.88,555
2024-10-24 15:58:00,60.88,60.88,60.88,60.88,101
2024-10-24 15:59:00,60.93,60.93,60.93,60.93,210
2024-10-24 16:00:00,60.88,60.88,60.88,60.88,158
2024-10-24 16:07:00,60.74,60.78,60.74,60.78,370
2024-10-24 16:16:00,60.72,60.72,60.72,60.72,180
2024-10-24 16:17:00,60.72,60.72,60.72,60.72,203
2024-10-24 16:18:00,60.72,60.72,60.72,60.72,259
2024-10-24 16:23:00,60.74,60.74,60.74,60.74,628
2024-10-24 16:24:00,60.74,60.74,60.74,60.74,329
2024-10-24 16:25:00,60.71,60.76,60.71,60.74,1252
2024-10-24 16:26:00,60.74,60.74,60.74,60.74,246
2024-10-24 16:27:00,60.72,60.73,60.715,60.715,589
2024-10-24 16:28:00,60.725,60.725,60.725,60.725,246
2024-10-24 16:29:00,60.73,60.74,60.73,60.74,598
2024-10-24 16:30:00,60.72,60.72,60.72,60.72,444
2024-10-24 16:31:00,60.7,60.71,60.7,60.71,1767
2024-10-24 16:32:00,60.75,60.77,60.75,60.77,228
2024-10-24 16:33:00,60.74,60.74,60.74,60.74,101
2024-10-24 16:34:00,60.74,60.74,60.74,60.74,100
2024-10-24 16:35:00,60.775,60.775,60.775,60.775,226
2024-10-24 16:36:00,60.74,60.74,60.72,60.72,644
2024-10-24 16:37:00,60.77,60.77,60.72,60.72,1860
2024-10-24 16:38:00,60.73,60.77,60.73,60.75,5255
2024-10-24 16:39:00,60.7375,60.7375,60.7375,60.7375,576
2024-10-24 16:40:00,60.76,60.76,60.76,60.76,100
2024-10-24 16:42:00,60.7526,60.7526,60.7526,60.7526,300
2024-10-24 16:43:00,60.77,60.77,60.75,60.75,702
2024-10-24 16:45:00,60.76,60.76,60.755,60.755,656
2024-10-24 16:46:00,60.77,60.77,60.76,60.76,476
2024-10-24 16:47:00,60.79,60.81,60.76,60.76,2097
2024-10-24 16:48:00,60.75,60.75,60.75,60.75,103
2024-10-24 16:49:00,60.76,60.78,60.76,60.78,400
2024-10-24 16:50:00,60.76,60.76,60.76,60.76,202
2024-10-24 16:51:00,60.76,60.76,60.73,60.74,1544
2024-10-24 16:52:00,60.75,60.79,60.75,60.78,646
2024-10-24 16:53:00,60.76,60.76,60.76,60.76,153
2024-10-24 16:54:00,60.76,60.76,60.75,60.75,708
2024-10-24 16:55:00,60.75,60.76,60.75,60.76,580
2024-10-24 17:01:00,60.76,60.78,60.76,60.78,306
2024-10-24 17:02:00,60.81,60.81,60.79,60.79,1021
2024-10-24 17:04:00,60.8,60.81,60.79,60.79,941
2024-10-24 17:05:00,60.795,60.795,60.795,60.795,104
2024-10-24 17:06:00,60.795,60.85,60.795,60.85,1449
2024-10-24 17:09:00,60.84,60.84,60.84,60.84,202
2024-10-24 17:12:00,60.86,60.86,60.86,60.86,190
2024-10-24 17:15:00,60.86,60.86,60.84,60.84,362
2024-10-24 17:17:00,60.84,60.84,60.8,60.82,1279
2024-10-24 17:19:00,60.82,60.82,60.82,60.82,207
2024-10-24 17:21:00,60.82,60.85,60.82,60.85,491
2024-10-24 17:22:00,60.85,60.85,60.85,60.85,720
2024-10-24 17:27:00,60.86,60.86,60.86,60.86,110
2024-10-24 17:30:00,60.82,60.82,60.82,60.82,251
2024-10-24 17:34:00,60.86,60.86,60.86,60.86,328
2024-10-24 17:36:00,60.9,60.97,60.86,60.97,2299
2024-10-24 17:37:00,60.92,60.92,60.92,60.92,144
2024-10-24 17:39:00,60.94,60.94,60.94,60.94,165
2024-10-24 17:42:00,60.98,60.98,60.98,60.98,504
2024-10-24 17:43:00,60.995,60.995,60.995,60.995,196
2024-10-24 17:45:00,61.01,61.02,61.01,61.02,625
2024-10-24 17:46:00,61.005,61.005,61.005,61.005,140
2024-10-24 17:47:00,60.98,60.98,60.96,60.98,1570
2024-10-24 17:48:00,60.97,60.97,60.94,60.94,677
2024-10-24 17:50:00,60.945,60.945,60.945,60.945,106
2024-10-24 17:52:00,60.95,60.95,60.95,60.95,485
2024-10-24 17:57:00,60.92,60.93,60.92,60.93,484
2024-10-24 17:58:00,60.9,60.9,60.9,60.9,363
2024-10-24 17:59:00,60.89,60.89,60.89,60.89,203
2024-10-24 18:00:00,60.88,60.88,60.8,60.86,1660
2024-10-24 18:01:00,60.865,60.865,60.865,60.865,100
2024-10-24 18:02:00,60.865,60.88,60.865,60.88,802
2024-10-24 18:03:00,60.865,60.88,60.865,60.88,396
2024-10-24 18:05:00,60.875,60.88,60.875,60.88,454
2024-10-24 18:06:00,60.895,60.91,60.895,60.91,429
2024-10-24 18:07:00,60.9,60.9,60.9,60.9,200
2024-10-24 18:08:00,60.89,60.89,60.88,60.88,473
2024-10-24 18:12:00,60.9,60.9,60.9,60.9,438
2024-10-24 18:14:00,60.92,60.93,60.92,60.93,630
2024-10-24 18:15:00,60.93,60.93,60.93,60.93,441
2024-10-24 18:16:00,60.94,60.94,60.94,60.94,307
2024-10-24 18:18:00,60.96,60.96,60.96,60.96,227
2024-10-24 18:20:00,60.955,60.955,60.955,60.955,244
2024-10-24 18:21:00,60.97,60.97,60.96,60.97,1050
2024-10-24 18:26:00,60.94,60.94,60.94,60.94,1039
2024-10-24 18:30:00,60.94,60.94,60.92,60.926,1547
2024-10-24 18:32:00,60.9,60.91,60.88,60.88,696
2024-10-24 18:35:00,60.92,60.93,60.91,60.93,1055
2024-10-24 18:37:00,60.89,60.9,60.89,60.895,607
2024-10-24 18:38:00,60.88,60.9,60.87,60.88,656
2024-10-24 18:39:00,60.87,60.875,60.86,60.86,1014
2024-10-24 18:40:00,60.86,60.86,60.85,60.85,433
2024-10-24 18:41:00,60.85,60.85,60.85,60.85,190
2024-10-24 18:42:00,60.845,60.845,60.845,60.845,200
2024-10-24 18:44:00,60.845,60.845,60.845,60.845,112
2024-10-24 18:45:00,60.84,60.84,60.84,60.84,278
2024-10-24 18:46:00,60.84,60.85,60.81,60.84,1407
2024-10-24 18:47:00,60.84,60.845,60.8,60.8,1402
2024-10-24 18:48:00,60.795,60.795,60.76,60.76,431
2024-10-24 18:49:00,60.76,60.78,60.76,60.765,1143
2024-10-24 18:50:00,60.75,60.785,60.75,60.77,1774
2024-10-24 18:51:00,60.76,60.8099,60.76,60.785,449
2024-10-24 18:53:00,60.81,60.81,60.8,60.8,1096
2024-10-24 18:56:00,60.815,60.815,60.815,60.815,339
2024-10-24 18:58:00,60.79,60.79,60.79,60.79,420
2024-10-24 18:59:00,60.77,60.81,60.77,60.79,1862
2024-10-24 19:00:00,60.77,60.77,60.72,60.73,1054
2024-10-24 19:01:00,60.73,60.73,60.72,60.73,788
2024-10-24 19:02:00,60.73,60.78,60.73,60.76,1503
2024-10-24 19:03:00,60.78,60.8,60.78,60.79,757
2024-10-24 19:04:00,60.79,60.79,60.79,60.79,262
2024-10-24 19:05:00,60.78,60.85,60.78,60.85,1668
2024-10-24 19:06:00,60.835,60.835,60.835,60.835,624
2024-10-24 19:07:00,60.79,60.79,60.79,60.79,221
2024-10-24 19:08:00,60.77,60.77,60.77,60.77,258
2024-10-24 19:09:00,60.79,60.79,60.79,60.79,581
2024-10-24 19:11:00,60.82,60.82,60.82,60.82,253
2024-10-24 19:13:00,60.88,60.88,60.88,60.88,893
2024-10-24 19:19:00,60.86,60.86,60.86,60.86,503
2024-10-24 19:20:00,60.868,60.87,60.86,60.86,1034
2024-10-24 19:21:00,60.86,60.88,60.86,60.88,260
2024-10-24 19:24:00,60.89,60.9,60.89,60.895,724
2024-10-24 19:25:00,60.9,60.925,60.9,60.925,827
2024-10-24 19:26:00,60.925,60.925,60.925,60.925,434
2024-10-24 19:27:00,60.9,60.9,60.9,60.9,385
2024-10-24 19:28:00,60.9,60.92,60.9,60.92,359
2024-10-24 19:29:00,60.89,60.89,60.89,60.89,413
2024-10-24 19:30:00,60.89,60.89,60.89,60.89,359
2024-10-24 19:31:00,60.9,60.9,60.9,60.9,155
2024-10-24 19:32:00,60.92,60.95,60.92,60.92,1024
2024-10-24 19:33:00,60.92,60.92,60.92,60.92,205
2024-10-24 19:34:00,60.9,60.9,60.89,60.89,375
2024-10-24 19:35:00,60.93,60.93,60.915,60.92,1138
2024-10-24 19:36:00,60.93,60.946,60.93,60.93,624
2024-10-24 19:37:00,60.91,60.91,60.91,60.91,695
2024-10-24 19:38:00,60.91,60.91,60.91,60.91,211
2024-10-24 19:39:00,60.91,60.91,60.91,60.91,166
2024-10-24 19:40:00,60.94,60.94,60.94,60.94,686
2024-10-24 19:41:00,60.93,60.94,60.93,60.938,734
2024-10-24 19:43:00,60.92,60.93,60.92,60.93,470
2024-10-24 19:44:00,60.94,60.96,60.94,60.96,1034
2024-10-24 19:45:00,60.967,60.967,60.955,60.955,402
2024-10-24 19:47:00,60.955,60.96,60.955,60.96,606
2024-10-24 19:50:00,60.95,60.96,60.95,60.96,791
2024-10-24 19:51:00,60.945,60.945,60.945,60.945,228
2024-10-24 19:52:00,60.93,60.93,60.93,60.93,578
2024-10-24 19:54:00,60.93,60.95,60.89,60.93,3923
2024-10-24 19:55:00,60.91,60.95,60.91,60.95,723
2024-10-24 19:56:00,60.91,60.96,60.91,60.96,2437
2024-10-24 19:57:00,60.96,60.97,60.94,60.94,1269
2024-10-24 19:58:00,60.99,61.03,60.98,61.03,6661
2024-10-24 19:59:00,61.03,61.08,61.03,61.08,6354
2024-10-24 20:01:00,61.1,61.1,61.1,61.1,100
2024-10-25 13:30:00,60.32,60.32,60.32,60.32,1959
2024-10-25 13:31:00,60.42,60.54,60.3646,60.3646,3481
2024-10-25 13:33:00,60.48,60.52,60.48,60.52,524
2024-10-25 13:38:00,60.455,60.455,60.455,60.455,195
2024-10-25 13:39:00,60.46,60.49,60.46,60.49,222
2024-10-25 13:41:00,60.43,60.43,60.43,60.43,102
2024-10-25 13:42:00,60.41,60.41,60.335,60.335,2063
2024-10-25 13:43:00,60.4,60.4,60.38,60.39,2517
2024-10-25 13:44:00,60.37,60.37,60.37,60.37,211
2024-10-25 13:46:00,60.43,60.45,60.425,60.45,1717
2024-10-25 13:48:00,60.48,60.48,60.46,60.47,975
2024-10-25 13:55:00,60.44,60.44,60.44,60.44,351
2024-10-25 13:56:00,60.41,60.41,60.41,60.41,163
2024-10-25 13:57:00,60.41,60.41,60.41,60.41,138
2024-10-25 13:58:00,60.42,60.42,60.42,60.42,242
2024-10-25 14:01:00,60.43,60.46,60.43,60.46,1136
2024-10-25 14:02:00,60.49,60.51,60.49,60.51,346
2024-10-25 14:08:00,60.54,60.55,60.54,60.55,1774
2024-10-25 14:12:00,60.5,60.5,60.5,60.5,305
2024-10-25 14:13:00,60.55,60.55,60.55,60.55,192
2024-10-25 14:14:00,60.56,60.57,60.542,60.542,1025
2024-10-25 14:15:00,60.56,60.56,60.56,60.56,440
2024-10-25 14:16:00,60.58,60.58,60.58,60.58,118
2024-10-25 14:17:00,60.5797,60.5797,60.54,60.54,621
2024-10-25 14:19:00,60.54,60.54,60.54,60.54,966
2024-10-25 14:22:00,60.56,60.58,60.56,60.58,1118
2024-10-25 14:26:00,60.64,60.66,60.64,60.66,734
2024-10-25 14:27:00,60.65,60.65,60.65,60.65,251
2024-10-25 14:30:00,60.65,60.65,60.65,60.65,151
2024-10-25 14:31:00,60.63,60.63,60.63,60.63,361
2024-10-25 14:36:00,60.59,60.59,60.59,60.59,642
2024-10-25 14:38:00,60.595,60.595,60.595,60.595,124
2024-10-25 14:39:00,60.57,60.57,60.57,60.57,102
2024-10-25 14:44:00,60.55,60.55,60.505,60.505,335
2024-10-25 14:45:00,60.53,60.53,60.51,60.52,509
2024-10-25 14:46:00,60.49,60.49,60.46,60.46,760
2024-10-25 14:47:00,60.465,60.465,60.465,60.465,106
2024-10-25 14:49:00,60.47,60.4984,60.41,60.455,1394
2024-10-25 14:50:00,60.455,60.46,60.455,60.46,1876
2024-10-25 14:52:00,60.52,60.52,60.5,60.5,300
2024-10-25 14:53:00,60.5,60.52,60.5,60.52,304
2024-10-25 14:54:00,60.52,60.52,60.52,60.52,436
2024-10-25 14:57:00,60.49,60.49,60.49,60.49,223
2024-10-25 15:01:00,60.51,60.51,60.51,60.51,134
2024-10-25 15:03:00,60.52,60.52,60.52,60.52,167
2024-10-25 15:04:00,60.51,60.51,60.51,60.51,246
2024-10-25 15:05:00,60.535,60.535,60.535,60.535,276
2024-10-25 15:08:00,60.51,60.51,60.51,60.51,313
2024-10-25 15:11:00,60.5,60.5,60.48,60.48,1166
2024-10-25 15:14:00,60.5,60.5,60.5,60.5,120
2024-10-25 15:15:00,60.49,60.49,60.47,60.47,363
2024-10-25 15:16:00,60.46,60.46,60.455,60.455,351
2024-10-25 15:17:00,60.45,60.45,60.45,60.45,202
2024-10-25 15:18:00,60.46,60.46,60.46,60.46,259
2024-10-25 15:20:00,60.465,60.465,60.465,60.465,217
2024-10-25 15:22:00,60.44,60.44,60.44,60.44,104
2024-10-25 15:23:00,60.44,60.44,60.44,60.44,1187
2024-10-25 15:25:00,60.44,60.44,60.43,60.43,1316
2024-10-25 15:26:00,60.43,60.43,60.41,60.41,2010
2024-10-25 15:27:00,60.41,60.41,60.37,60.37,2160
2024-10-25 15:28:00,60.38,60.38,60.36,60.36,1217
2024-10-25 15:30:00,60.37,60.37,60.365,60.365,217
2024-10-25 15:31:00,60.37,60.37,60.37,60.37,501
2024-10-25 15:32:00,60.37,60.37,60.37,60.37,105
2024-10-25 15:33:00,60.36,60.36,60.36,60.36,144
2024-10-25 15:34:00,60.36,60.36,60.36,60.36,121
2024-10-25 15:35:00,60.36,60.36,60.35,60.35,759
2024-10-25 15:36:00,60.34,60.34,60.32,60.32,573
2024-10-25 15:38:00,60.26,60.26,60.26,60.26,201
2024-10-25 15:39:00,60.26,60.27,60.24,60.24,558
2024-10-25 15:41:00,60.22,60.22,60.19,60.19,309
2024-10-25 15:43:00,60.22,60.23,60.21,60.21,599
2024-10-25 15:44:00,60.21,60.21,60.21,60.21,200
2024-10-25 15:45:00,60.23,60.23,60.23,60.23,1747
2024-10-25 15:47:00,60.25,60.25,60.25,60.25,870
2024-10-25 15:48:00,60.27,60.27,60.27,60.27,327
2024-10-25 15:51:00,60.2491,60.2491,60.2491,60.2491,698
2024-10-25 15:55:00,60.22,60.22,60.22,60.22,218
2024-10-25 15:57:00,60.2,60.2,60.2,60.2,100
2024-10-25 16:01:00,60.2,60.2,60.19,60.19,441
2024-10-25 16:03:00,60.18,60.18,60.18,60.18,105
2024-10-25 16:05:00,60.17,60.17,60.17,60.17,211
2024-10-25 16:06:00,60.22,60.22,60.18,60.195,1346
2024-10-25 16:07:00,60.2,60.22,60.2,60.22,1448
2024-10-25 16:08:00,60.205,60.22,60.205,60.22,2420
2024-10-25 16:09:00,60.25,60.25,60.25,60.25,101
2024-10-25 16:10:00,60.26,60.29,60.26,60.26,1242
2024-10-25 16:11:00,60.31,60.33,60.31,60.33,638
2024-10-25 16:13:00,60.33,60.33,60.33,60.33,169
2024-10-25 16:15:00,60.29,60.3,60.29,60.3,546
2024-10-25 16:17:00,60.32,60.35,60.32,60.35,1589
2024-10-25 16:18:00,60.32,60.32,60.32,60.32,453
2024-10-25 16:23:00,60.36,60.36,60.36,60.36,141
2024-10-25 16:24:00,60.336,60.336,60.3218,60.33,1790
2024-10-25 16:26:00,60.32,60.32,60.3,60.3,1020
2024-10-25 16:27:00,60.29,60.3,60.29,60.3,240
2024-10-25 16:28:00,60.295,60.31,60.295,60.31,878
2024-10-25 16:29:00,60.335,60.34,60.335,60.34,367
2024-10-25 16:31:00,60.32,60.32,60.31,60.31,711
2024-10-25 16:34:00,60.32,60.32,60.32,60.32,100
2024-10-25 16:36:00,60.34,60.36,60.335,60.36,2523
2024-10-25 16:40:00,60.34,60.34,60.32,60.32,740
2024-10-25 16:43:00,60.34,60.4,60.34,60.4,2098
2024-10-25 16:46:00,60.365,60.365,60.365,60.365,200
2024-10-25 16:47:00,60.365,60.365,60.365,60.365,112
2024-10-25 16:48:00,60.35,60.35,60.35,60.35,646
2024-10-25 16:49:00,60.32,60.32,60.32,60.32,277
2024-10-25 16:51:00,60.32,60.32,60.32,60.32,498
2024-10-25 16:52:00,60.31,60.31,60.31,60.31,235
2024-10-25 16:54:00,60.34,60.34,60.33,60.33,304
2024-10-25 16:55:00,60.33,60.33,60.33,60.33,738
2024-10-25 16:56:00,60.31,60.31,60.31,60.31,421
2024-10-25 16:57:00,60.305,60.305,60.305,60.305,298
2024-10-25 16:59:00,60.295,60.295,60.295,60.295,116
2024-10-25 17:01:00,60.295,60.3,60.295,60.3,244
2024-10-25 17:02:00,60.29,60.29,60.29,60.29,165
2024-10-25 17:03:00,60.3,60.3,60.29,60.29,364
2024-10-25 17:04:00,60.3,60.3,60.3,60.3,415
2024-10-25 17:05:00,60.29,60.3,60.29,60.3,404
2024-10-25 17:06:00,60.29,60.29,60.29,60.29,105
2024-10-25 17:07:00,60.29,60.29,60.29,60.29,723
2024-10-25 17:08:00,60.26,60.26,60.26,60.26,105
2024-10-25 17:10:00,60.27,60.27,60.27,60.27,147
2024-10-25 17:11:00,60.27,60.27,60.27,60.27,318
2024-10-25 17:12:00,60.285,60.285,60.285,60.285,100
2024-10-25 17:13:00,60.2775,60.2775,60.26,60.26,1390
2024-10-25 17:14:00,60.22,60.22,60.21,60.21,628
2024-10-25 17:15:00,60.21,60.21,60.21,60.21,552
2024-10-25 17:16:00,60.19,60.19,60.19,60.19,933
2024-10-25 17:17:00,60.18,60.18,60.18,60.18,138
2024-10-25 17:18:00,60.2,60.2,60.2,60.2,108
2024-10-25 17:19:00,60.21,60.22,60.2,60.2,3070
2024-10-25 17:20:00,60.19,60.19,60.19,60.19,656
2024-10-25 17:21:00,60.15,60.15,60.15,60.15,406
2024-10-25 17:23:00,60.14,60.16,60.14,60.16,801
2024-10-25 17:24:00,60.19,60.2,60.19,60.2,445
2024-10-25 17:26:00,60.2,60.2,60.2,60.2,106
2024-10-25 17:27:00,60.2,60.21,60.2,60.21,708
2024-10-25 17:28:00,60.24,60.24,60.24,60.24,100
2024-10-25 17:29:00,60.24,60.24,60.24,60.24,142
2024-10-25 17:30:00,60.21,60.21,60.2,60.2,674
2024-10-25 17:32:00,60.22,60.22,60.22,60.22,100
2024-10-25 17:33:00,60.19,60.195,60.19,60.195,201
2024-10-25 17:34:00,60.17,60.17,60.14,60.14,732
2024-10-25 17:35:00,60.14,60.15,60.14,60.15,253
2024-10-25 17:36:00,60.13,60.13,60.13,60.13,110
2024-10-25 17:39:00,60.12,60.13,60.12,60.13,438
2024-10-25 17:40:00,60.11,60.11,60.11,60.11,390
2024-10-25 17:41:00,60.08,60.08,60.08,60.08,203
2024-10-25 17:43:00,60.06,60.06,60.06,60.06,203
2024-10-25 17:44:00,60.05,60.05,60.05,60.05,101
2024-10-25 17:45:00,60.04,60.04,60.04,60.04,149
2024-10-25 17:46:00,60.06,60.1,60.05,60.1,1228
2024-10-25 17:47:00,60.1,60.12,60.095,60.12,487
2024-10-25 17:48:00,60.12,60.16,60.12,60.15,928
2024-10-25 17:49:00,60.22,60.22,60.22,60.22,109
2024-10-25 17:50:00,60.22,60.22,60.22,60.22,100
2024-10-25 17:51:00,60.22,60.26,60.22,60.26,454
2024-10-25 17:52:00,60.22,60.22,60.22,60.22,535
2024-10-25 17:53:00,60.22,60.22,60.22,60.22,102
2024-10-25 17:55:00,60.2,60.2,60.17,60.17,694
2024-10-25 17:57:00,60.18,60.18,60.18,60.18,201
2024-10-25 17:58:00,60.15,60.15,60.15,60.15,201
2024-10-25 18:00:00,60.145,60.145,60.14,60.14,278
2024-10-25 18:03:00,60.08,60.08,60.06,60.06,746
2024-10-25 18:04:00,60.13,60.13,60.13,60.13,1226
2024-10-25 18:08:00,60.04,60.04,60.04,60.04,186
2024-10-25 18:10:00,60.01,60.01,60.01,60.01,283
2024-10-25 18:13:00,60.04,60.05,60.04,60.05,734
2024-10-25 18:14:00,60.06,60.06,60.06,60.06,488
2024-10-25 18:15:00,60.08,60.08,60.08,60.08,487
2024-10-25 18:20:00,60.1,60.1,60.1,60.1,157
2024-10-25 18:23:00,60.085,60.085,60.0617,60.0617,264
2024-10-25 18:26:00,60.08,60.09,60.08,60.09,274
2024-10-25 18:28:00,60.1,60.11,60.1,60.11,936
2024-10-25 18:29:00,60.12,60.1447,60.12,60.1447,893
2024-10-25 18:30:00,60.12,60.12,60.11,60.11,309
2024-10-25 18:31:00,60.1,60.1,60.1,60.1,158
2024-10-25 18:39:00,60.11,60.11,60.11,60.11,301
2024-10-25 18:42:00,60.105,60.114,60.105,60.114,1188
2024-10-25 18:43:00,60.1,60.1,60.09,60.09,965
2024-10-25 18:44:00,60.11,60.12,60.11,60.11,1276
2024-10-25 18:46:00,60.16,60.16,60.16,60.16,786
2024-10-25 18:47:00,60.16,60.16,60.15,60.16,571
2024-10-25 18:48:00,60.16,60.16,60.16,60.16,930
2024-10-25 18:51:00,60.17,60.17,60.17,60.17,264
2024-10-25 18:53:00,60.15,60.15,60.15,60.15,412
2024-10-25 18:57:00,60.14,60.14,60.13,60.13,476
2024-10-25 19:03:00,60.17,60.17,60.17,60.17,330
2024-10-25 19:05:00,60.15,60.15,60.15,60.15,115
2024-10-25 19:07:00,60.16,60.16,60.16,60.16,263
2024-10-25 19:08:00,60.15,60.15,60.15,60.15,692
2024-10-25 19:10:00,60.14,60.14,60.14,60.14,1054
2024-10-25 19:11:00,60.14,60.14,60.14,60.14,257
2024-10-25 19:12:00,60.13,60.13,60.13,60.13,552
2024-10-25 19:13:00,60.12,60.12,60.12,60.12,373
2024-10-25 19:14:00,60.1,60.1,60.08,60.08,1444
2024-10-25 19:15:00,60.09,60.09,60.09,60.09,1052
2024-10-25 19:16:00,60.0985,60.12,60.0985,60.12,358
2024-10-25 19:21:00,60.12,60.12,60.12,60.12,103
2024-10-25 19:22:00,60.11,60.11,60.11,60.11,686
2024-10-25 19:23:00,60.1,60.1,60.095,60.095,263
2024-10-25 19:24:00,60.095,60.095,60.08,60.08,1002
2024-10-25 19:25:00,60.08,60.08,60.08,60.08,200
2024-10-25 19:26:00,60.085,60.1,60.085,60.1,1886
2024-10-25 19:27:00,60.1,60.1,60.08,60.08,1186
2024-10-25 19:29:00,60.08,60.11,60.08,60.11,1333
2024-10-25 19:30:00,60.09,60.09,60.09,60.09,108
2024-10-25 19:31:00,60.09,60.09,60.09,60.09,817
2024-10-25 19:32:00,60.09,60.09,60.08,60.09,1492
2024-10-25 19:33:00,60.1,60.1,60.1,60.1,329
2024-10-25 19:34:00,60.09,60.09,60.09,60.09,206
2024-10-25 19:36:00,60.09,60.09,60.09,60.09,269
2024-10-25 19:37:00,60.1,60.12,60.1,60.12,2122
2024-10-25 19:38:00,60.13,60.139,60.13,60.139,340
2024-10-25 19:40:00,60.12,60.12,60.12,60.12,666
2024-10-25 19:41:00,60.13,60.14,60.125,60.125,403
2024-10-25 19:45:00,60.12,60.12,60.12,60.12,248
2024-10-25 19:46:00,60.1275,60.14,60.125,60.135,1423
2024-10-25 19:47:00,60.12,60.12,60.11,60.12,922
2024-10-25 19:48:00,60.11,60.11,60.11,60.11,309
2024-10-25 19:49:00,60.13,60.13,60.13,60.13,232
2024-10-25 19:50:00,60.115,60.12,60.11,60.12,1728
2024-10-25 19:51:00,60.11,60.12,60.11,60.11,1240
2024-10-25 19:52:00,60.11,60.11,60.11,60.11,597
2024-10-25 19:53:00,60.11,60.13,60.11,60.12,3716
2024-10-25 19:54:00,60.12,60.14,60.12,60.14,1741
2024-10-25 19:55:00,60.12,60.135,60.12,60.12,1309
2024-10-25 19:56:00,60.14,60.14,60.12,60.12,829
2024-10-25 19:57:00,60.11,60.12,60.11,60.12,1276
2024-10-25 19:58:00,60.12,60.12,60.05,60.05,4202
2024-10-25 19:59:00,60.04,60.05,60.02,60.035,6522
2024-10-28 08:00:00,62.16,62.16,62.16,62.16,216
2024-10-28 09:07:00,62.55,62.55,62.55,62.55,326
2024-10-28 09:10:00,62.55,62.61,62.55,62.61,551
2024-10-28 11:00:00,62.41,62.41,62.41,62.41,366
2024-10-28 11:23:00,62.46,62.46,62.45,62.45,395
2024-10-28 12:12:00,62.31,62.31,62.31,62.31,25960
2024-10-28 12:30:00,62.31,62.31,62.24,62.24,1014
2024-10-28 13:00:00,62.48,62.54,62.48,62.54,798
2024-10-28 13:08:00,62.56,62.56,62.56,62.56,139
2024-10-28 13:29:00,62.57,62.65,62.57,62.65,530
2024-10-28 13:30:00,62.54,62.635,62.32,62.42,6623
2024-10-28 13:31:00,62.38,62.44,62.35,62.44,1328
2024-10-28 13:32:00,62.5,62.54,62.5,62.53,1979
2024-10-28 13:33:00,62.53,62.545,62.53,62.545,664
2024-10-28 13:34:00,62.5,62.52,62.5,62.5,1946
2024-10-28 13:35:00,62.52,62.55,62.52,62.53,2250
2024-10-28 13:36:00,62.5,62.53,62.5,62.53,3182
2024-10-28 13:37:00,62.54,62.56,62.5,62.5,1460
2024-10-28 13:38:00,62.53,62.53,62.53,62.53,503
2024-10-28 13:39:00,62.53,62.53,62.53,62.53,372
2024-10-28 13:41:00,62.53,62.56,62.5,62.54,1655
2024-10-28 13:42:00,62.54,62.54,62.455,62.48,1158
2024-10-28 13:43:00,62.5,62.505,62.5,62.505,813
2024-10-28 13:44:00,62.505,62.505,62.505,62.505,102
2024-10-28 13:45:00,62.47,62.47,62.38,62.455,1008
2024-10-28 13:46:00,62.385,62.385,62.385,62.385,100
2024-10-28 13:48:00,62.455,62.455,62.37,62.37,521
2024-10-28 13:50:00,62.465,62.475,62.31,62.31,2221
2024-10-28 13:51:00,62.45,62.45,62.385,62.385,743
2024-10-28 13:52:00,62.46,62.46,62.385,62.4,1021
2024-10-28 13:55:00,62.47,62.47,62.47,62.47,450
2024-10-28 13:56:00,62.4,62.42,62.4,62.42,558
2024-10-28 13:57:00,62.4,62.49,62.4,62.49,2712
2024-10-28 13:59:00,62.465,62.465,62.465,62.465,420
2024-10-28 14:00:00,62.475,62.475,62.43,62.43,539
2024-10-28 14:01:00,62.46,62.46,62.43,62.43,954
2024-10-28 14:02:00,62.44,62.44,62.43,62.43,766
2024-10-28 14:03:00,62.41,62.42,62.41,62.42,535
2024-10-28 14:04:00,62.385,62.385,62.385,62.385,401
2024-10-28 14:05:00,62.39,62.39,62.39,62.39,277
2024-10-28 14:06:00,62.41,62.42,62.41,62.42,713
2024-10-28 14:07:00,62.43,62.47,62.4,62.47,4209
2024-10-28 14:08:00,62.47,62.51,62.47,62.49,2475
2024-10-28 14:09:00,62.495,62.495,62.44,62.44,1927
2024-10-28 14:10:00,62.52,62.52,62.52,62.52,263
2024-10-28 14:11:00,62.52,62.52,62.475,62.475,1260
2024-10-28 14:12:00,62.48,62.48,62.48,62.48,447
2024-10-28 14:13:00,62.48,62.48,62.48,62.48,464
2024-10-28 14:14:00,62.56,62.56,62.55,62.56,329
2024-10-28 14:16:00,62.554,62.554,62.515,62.515,401
2024-10-28 14:17:00,62.56,62.56,62.52,62.52,215
2024-10-28 14:18:00,62.56,62.56,62.56,62.56,189
2024-10-28 14:19:00,62.56,62.56,62.515,62.515,608
2024-10-28 14:20:00,62.56,62.56,62.515,62.56,1219
2024-10-28 14:21:00,62.48,62.515,62.48,62.515,617
2024-10-28 14:22:00,62.47,62.47,62.47,62.47,230
2024-10-28 14:24:00,62.52,62.52,62.52,62.52,132
2024-10-28 14:25:00,62.52,62.52,62.52,62.52,130
2024-10-28 14:26:00,62.56,62.584,62.52,62.56,1815
2024-10-28 14:27:00,62.535,62.535,62.535,62.535,1163
2024-10-28 14:29:00,62.594,62.594,62.594,62.594,213
2024-10-28 14:31:00,62.6,62.6,62.6,62.6,111
2024-10-28 14:33:00,62.53,62.53,62.49,62.49,294
2024-10-28 14:34:00,62.54,62.54,62.51,62.51,576
2024-10-28 14:35:00,62.47,62.47,62.47,62.47,112
2024-10-28 14:36:00,62.48,62.48,62.48,62.48,424
2024-10-28 14:40:00,62.55,62.57,62.51,62.54,1624
2024-10-28 14:41:00,62.54,62.54,62.495,62.495,355
2024-10-28 14:42:00,62.49,62.49,62.49,62.49,300
2024-10-28 14:44:00,62.56,62.56,62.545,62.55,2144
2024-10-28 14:45:00,62.6,62.6,62.57,62.58,1660
2024-10-28 14:46:00,62.58,62.6,62.52,62.52,5704
2024-10-28 14:47:00,62.525,62.54,62.49,62.505,3832
2024-10-28 14:48:00,62.505,62.505,62.44,62.44,1352
2024-10-28 14:49:00,62.46,62.46,62.45,62.45,526
2024-10-28 14:50:00,62.45,62.5,62.45,62.49,3412
2024-10-28 14:51:00,62.54,62.54,62.5,62.5,602
2024-10-28 14:52:00,62.505,62.505,62.505,62.505,143
2024-10-28 14:54:00,62.54,62.54,62.54,62.54,414
2024-10-28 14:57:00,62.52,62.54,62.5,62.5,414
2024-10-28 14:58:00,62.51,62.51,62.47,62.47,845
2024-10-28 14:59:00,62.47,62.475,62.435,62.435,677
2024-10-28 15:00:00,62.43,62.43,62.43,62.43,183
2024-10-28 15:03:00,62.4,62.4,62.4,62.4,518
2024-10-28 15:04:00,62.4444,62.4444,62.4444,62.4444,207
2024-10-28 15:07:00,62.51,62.51,62.49,62.5,331
2024-10-28 15:08:00,62.49,62.53,62.49,62.53,204
2024-10-28 15:09:00,62.48,62.495,62.48,62.495,756
2024-10-28 15:10:00,62.49,62.53,62.49,62.505,1012
2024-10-28 15:13:00,62.54,62.54,62.54,62.54,253
2024-10-28 15:14:00,62.54,62.54,62.51,62.54,773
2024-10-28 15:16:00,62.54,62.54,62.52,62.52,895
2024-10-28 15:17:00,62.52,62.52,62.52,62.52,125
2024-10-28 15:18:00,62.54,62.54,62.475,62.485,1596
2024-10-28 15:19:00,62.485,62.5299,62.485,62.5299,216
2024-10-28 15:22:00,62.505,62.505,62.505,62.505,180
2024-10-28 15:23:00,62.45,62.49,62.45,62.48,318
2024-10-28 15:24:00,62.53,62.53,62.53,62.53,226
2024-10-28 15:26:00,62.51,62.51,62.51,62.51,157
2024-10-28 15:28:00,62.53,62.53,62.53,62.53,134
2024-10-28 15:29:00,62.51,62.51,62.51,62.51,215
2024-10-28 15:31:00,62.49,62.49,62.49,62.49,488
2024-10-28 15:32:00,62.41,62.41,62.41,62.41,295
2024-10-28 15:33:00,62.385,62.385,62.385,62.385,149
2024-10-28 15:35:00,62.38,62.38,62.38,62.38,139
2024-10-28 15:37:00,62.405,62.405,62.405,62.405,241
2024-10-28 15:38:00,62.41,62.42,62.41,62.42,581
2024-10-28 15:39:00,62.39,62.39,62.39,62.39,244
2024-10-28 15:40:00,62.39,62.42,62.39,62.42,438
2024-10-28 15:43:00,62.375,62.375,62.375,62.375,288
2024-10-28 15:45:00,62.41,62.41,62.37,62.37,336
2024-10-28 15:46:00,62.42,62.42,62.42,62.42,137
2024-10-28 15:47:00,62.45,62.45,62.45,62.45,231
2024-10-28 15:48:00,62.42,62.42,62.39,62.39,257
2024-10-28 15:50:00,62.42,62.42,62.42,62.42,1054
2024-10-28 15:51:00,62.41,62.41,62.41,62.41,600
2024-10-28 15:53:00,62.38,62.38,62.38,62.38,421
2024-10-28 15:54:00,62.37,62.37,62.37,62.37,257
2024-10-28 15:56:00,62.32,62.32,62.32,62.32,207
2024-10-28 16:08:00,62.32,62.32,62.3,62.3,642
2024-10-28 16:10:00,62.32,62.345,62.32,62.345,589
2024-10-28 16:11:00,62.38,62.38,62.35,62.35,423
2024-10-28 16:13:00,62.34,62.34,62.34,62.34,215
2024-10-28 16:14:00,62.35,62.35,62.35,62.35,154
2024-10-28 16:15:00,62.345,62.35,62.34,62.35,578
2024-10-28 16:17:00,62.35,62.38,62.35,62.38,627
2024-10-28 16:18:00,62.3985,62.4,62.379,62.4,580
2024-10-28 16:20:00,62.4,62.43,62.4,62.43,1041
2024-10-28 16:21:00,62.41,62.41,62.41,62.41,253
2024-10-28 16:24:00,62.41,62.43,62.41,62.43,491
2024-10-28 16:25:00,62.43,62.47,62.406,62.47,1237
2024-10-28 16:29:00,62.4,62.4,62.4,62.4,216
2024-10-28 16:31:00,62.37,62.38,62.37,62.38,407
2024-10-28 16:32:00,62.38,62.38,62.36,62.36,881
2024-10-28 16:37:00,62.31,62.33,62.31,62.33,569
2024-10-28 16:38:00,62.29,62.29,62.29,62.29,239
2024-10-28 16:39:00,62.305,62.305,62.305,62.305,114
2024-10-28 16:40:00,62.3,62.3,62.3,62.3,105
2024-10-28 16:42:00,62.275,62.275,62.275,62.275,792
2024-10-28 16:43:00,62.3,62.3,62.3,62.3,750
2024-10-28 16:45:00,62.35,62.37,62.35,62.37,502
2024-10-28 16:46:00,62.34,62.345,62.34,62.345,927
2024-10-28 16:49:00,62.35,62.36,62.35,62.35,514
2024-10-28 16:51:00,62.35,62.35,62.35,62.35,205
2024-10-28 16:54:00,62.35,62.35,62.35,62.35,171
2024-10-28 16:59:00,62.35,62.35,62.35,62.35,105
2024-10-28 17:02:00,62.32,62.33,62.32,62.33,619
2024-10-28 17:05:00,62.34,62.34,62.34,62.34,100
2024-10-28 17:07:00,62.34,62.34,62.34,62.34,143
2024-10-28 17:11:00,62.34,62.34,62.34,62.34,203
2024-10-28 17:12:00,62.33,62.33,62.33,62.33,134
2024-10-28 17:13:00,62.37,62.37,62.37,62.37,240
2024-10-28 17:15:00,62.3112,62.3112,62.3112,62.3112,261
2024-10-28 17:18:00,62.35,62.395,62.35,62.37,1910
2024-10-28 17:25:00,62.46,62.47,62.45,62.47,1193
2024-10-28 17:28:00,62.46,62.465,62.45,62.465,1178
2024-10-28 17:29:00,62.45,62.45,62.45,62.45,384
2024-10-28 17:30:00,62.45,62.45,62.45,62.45,251
2024-10-28 17:31:00,62.46,62.46,62.45,62.45,989
2024-10-28 17:32:00,62.46,62.46,62.455,62.46,1158
2024-10-28 17:35:00,62.48,62.48,62.48,62.48,101
2024-10-28 17:36:00,62.48,62.5,62.48,62.5,712
2024-10-28 17:37:00,62.5,62.5,62.5,62.5,301
2024-10-28 17:45:00,62.49,62.52,62.49,62.515,1005
2024-10-28 17:46:00,62.525,62.525,62.525,62.525,203
2024-10-28 17:47:00,62.5,62.5,62.5,62.5,837
2024-10-28 17:48:00,62.49,62.49,62.49,62.49,100
2024-10-28 17:49:00,62.48,62.48,62.46,62.46,351
2024-10-28 17:50:00,62.46,62.46,62.46,62.46,513
2024-10-28 17:52:00,62.48,62.48,62.48,62.48,451
2024-10-28 17:57:00,62.47,62.47,62.46,62.46,483
2024-10-28 18:00:00,62.44,62.44,62.44,62.44,933
2024-10-28 18:01:00,62.43,62.4525,62.41,62.41,1342
2024-10-28 18:05:00,62.41,62.41,62.41,62.41,121
2024-10-28 18:06:00,62.44,62.44,62.44,62.44,346
2024-10-28 18:07:00,62.4564,62.4564,62.44,62.44,272
2024-10-28 18:09:00,62.44,62.44,62.44,62.44,431
2024-10-28 18:10:00,62.44,62.44,62.42,62.42,480
2024-10-28 18:12:00,62.41,62.41,62.41,62.41,217
2024-10-28 18:13:00,62.41,62.41,62.39,62.39,413
2024-10-28 18:15:00,62.38,62.395,62.38,62.395,674
2024-10-28 18:19:00,62.3971,62.3971,62.3971,62.3971,347
2024-10-28 18:20:00,62.4,62.4,62.38,62.38,1809
2024-10-28 18:21:00,62.38,62.38,62.38,62.38,184
2024-10-28 18:23:00,62.38,62.38,62.37,62.37,604
2024-10-28 18:24:00,62.37,62.37,62.37,62.37,231
2024-10-28 18:25:00,62.37,62.37,62.36,62.36,854
2024-10-28 18:26:00,62.38,62.4,62.38,62.4,833
2024-10-28 18:28:00,62.38,62.38,62.38,62.38,143
2024-10-28 18:30:00,62.39,62.4,62.39,62.4,225
2024-10-28 18:33:00,62.38,62.38,62.38,62.38,236
2024-10-28 18:35:00,62.39,62.39,62.39,62.39,1340
2024-10-28 18:36:00,62.39,62.39,62.39,62.39,610
2024-10-28 18:37:00,62.41,62.41,62.41,62.41,219
2024-10-28 18:38:00,62.41,62.41,62.41,62.41,477
2024-10-28 18:48:00,62.41,62.41,62.41,62.41,138
2024-10-28 18:49:00,62.41,62.42,62.41,62.42,303
2024-10-28 18:50:00,62.4,62.43,62.4,62.43,1363
2024-10-28 18:52:00,62.44,62.44,62.44,62.44,297
2024-10-28 18:54:00,62.46,62.52,62.46,62.5,23211
2024-10-28 18:55:00,62.495,62.517,62.495,62.517,570
2024-10-28 18:57:00,62.52,62.52,62.51,62.51,1826
2024-10-28 18:58:00,62.51,62.55,62.5,62.55,4535
2024-10-28 18:59:00,62.55,62.55,62.515,62.515,5111
2024-10-28 19:00:00,62.515,62.52,62.48,62.52,1871
2024-10-28 19:01:00,62.52,62.52,62.52,62.52,9296
2024-10-28 19:02:00,62.525,62.57,62.525,62.57,1075
2024-10-28 19:06:00,62.599,62.599,62.599,62.599,513
2024-10-28 19:08:00,62.57,62.6,62.57,62.6,257
2024-10-28 19:14:00,62.57,62.57,62.57,62.57,385
2024-10-28 19:15:00,62.59,62.59,62.59,62.59,412
2024-10-28 19:16:00,62.54,62.6,62.54,62.6,535
2024-10-28 19:17:00,62.6,62.6,62.6,62.6,867
2024-10-28 19:20:00,62.62,62.64,62.61,62.625,2654
2024-10-28 19:21:00,62.63,62.64,62.63,62.64,498
2024-10-28 19:23:00,62.64,62.64,62.64,62.64,702
2024-10-28 19:25:00,62.63,62.646,62.63,62.646,241
2024-10-28 19:26:00,62.65,62.7,62.65,62.7,1473
2024-10-28 19:27:00,62.7,62.7,62.7,62.7,108
2024-10-28 19:28:00,62.71,62.71,62.7,62.7,823
2024-10-28 19:29:00,62.71,62.71,62.71,62.71,320
2024-10-28 19:30:00,62.685,62.685,62.685,62.685,126
2024-10-28 19:31:00,62.71,62.71,62.68,62.71,1077
2024-10-28 19:33:00,62.71,62.72,62.71,62.72,528
2024-10-28 19:34:00,62.72,62.72,62.71,62.71,619
2024-10-28 19:35:00,62.73,62.73,62.72,62.73,1203
2024-10-28 19:36:00,62.73,62.73,62.72,62.72,841
2024-10-28 19:37:00,62.72,62.72,62.72,62.72,608
2024-10-28 19:38:00,62.72,62.72,62.71,62.71,3099
2024-10-28 19:39:00,62.715,62.715,62.7,62.7,930
2024-10-28 19:40:00,62.715,62.715,62.715,62.715,689
2024-10-28 19:41:00,62.715,62.715,62.715,62.715,173
2024-10-28 19:42:00,62.7,62.7,62.7,62.7,260
2024-10-28 19:43:00,62.715,62.715,62.715,62.715,121
2024-10-28 19:44:00,62.73,62.73,62.725,62.725,1436
2024-10-28 19:45:00,62.71,62.72,62.71,62.72,2449
2024-10-28 19:46:00,62.72,62.72,62.72,62.72,318
2024-10-28 19:47:00,62.7,62.72,62.68,62.72,1942
2024-10-28 19:48:00,62.695,62.695,62.695,62.695,419
2024-10-28 19:49:00,62.71,62.71,62.7,62.7,1015
2024-10-28 19:50:00,62.68,62.69,62.68,62.69,2362
2024-10-28 19:51:00,62.69,62.69,62.69,62.69,1016
2024-10-28 19:52:00,62.69,62.69,62.69,62.69,421
2024-10-28 19:53:00,62.7,62.71,62.7,62.71,1152
2024-10-28 19:54:00,62.705,62.71,62.705,62.71,1121
2024-10-28 19:55:00,62.705,62.709,62.7,62.7,2165
2024-10-28 19:56:00,62.71,62.71,62.7,62.71,3022
2024-10-28 19:57:00,62.71,62.74,62.71,62.72,3434
2024-10-28 19:58:00,62.74,62.74,62.73,62.74,3383
2024-10-28 19:59:00,62.73,62.74,62.66,62.67,10606
2024-10-29 13:30:00,62.1,62.26,62.1,62.1,3016
2024-10-29 13:33:00,62.06,62.08,62.05,62.05,981
2024-10-29 13:34:00,62.0,62.0,62.0,62.0,336
2024-10-29 13:35:00,61.95,62.06,61.95,62.06,502
2024-10-29 13:36:00,62.03,62.03,62.03,62.03,106
2024-10-29 13:37:00,62.09,62.09,62.09,62.09,159
2024-10-29 13:39:00,62.09,62.09,62.09,62.09,100
2024-10-29 13:40:00,62.06,62.06,62.06,62.06,107
2024-10-29 13:42:00,62.06,62.06,62.06,62.06,125
2024-10-29 13:43:00,61.995,61.995,61.995,61.995,172
2024-10-29 13:44:00,62.06,62.06,61.995,61.995,200
2024-10-29 13:45:00,62.02,62.06,62.02,62.06,240
2024-10-29 13:47:00,62.05,62.05,62.05,62.05,300
2024-10-29 13:49:00,61.995,61.995,61.995,61.995,106
2024-10-29 13:50:00,62.02,62.06,62.02,62.06,273
2024-10-29 13:51:00,62.01,62.01,62.005,62.005,335
2024-10-29 13:52:00,62.02,62.02,62.0,62.0,892
2024-10-29 13:53:00,62.02,62.05,62.02,62.05,1824
2024-10-29 13:54:00,62.06,62.06,62.05,62.06,447
2024-10-29 13:55:00,62.09,62.09,62.09,62.09,580
2024-10-29 13:56:00,62.08,62.08,62.05,62.05,415
2024-10-29 13:58:00,61.99,62.0375,61.99,62.035,458
2024-10-29 14:00:00,62.02,62.02,61.97,61.985,1477
2024-10-29 14:01:00,62.1,62.1,62.09,62.09,935
2024-10-29 14:02:00,62.1,62.11,62.1,62.11,633
2024-10-29 14:03:00,62.145,62.195,62.14,62.195,2333
2024-10-29 14:04:00,62.19,62.19,62.18,62.18,601
2024-10-29 14:07:00,62.15,62.15,62.15,62.15,125
2024-10-29 14:09:00,62.19,62.19,62.19,62.19,114
2024-10-29 14:10:00,62.16,62.16,62.16,62.16,532
2024-10-29 14:12:00,62.18,62.18,62.18,62.18,251
2024-10-29 14:14:00,62.16,62.18,62.16,62.18,531
2024-10-29 14:15:00,62.13,62.13,62.13,62.13,308
2024-10-29 14:16:00,62.13,62.13,62.13,62.13,154
2024-10-29 14:18:00,62.13,62.13,62.13,62.13,306
2024-10-29 14:19:00,62.13,62.13,62.13,62.13,251
2024-10-29 14:23:00,62.17,62.23,62.17,62.22,1021
2024-10-29 14:24:00,62.22,62.25,62.22,62.25,1031
2024-10-29 14:26:00,62.27,62.27,62.27,62.27,175
2024-10-29 14:27:00,62.25,62.25,62.21,62.21,752
2024-10-29 14:28:00,62.18,62.18,62.18,62.18,433
2024-10-29 14:30:00,62.1669,62.1669,62.1669,62.1669,401
2024-10-29 14:33:00,62.21,62.21,62.21,62.21,224
2024-10-29 14:34:00,62.2,62.2,62.2,62.2,368
2024-10-29 14:36:00,62.2,62.22,62.185,62.22,1393
2024-10-29 14:41:00,62.32,62.33,62.32,62.33,377
2024-10-29 14:45:00,62.29,62.29,62.25,62.26,1473
2024-10-29 14:51:00,62.22,62.22,62.22,62.22,107
2024-10-29 14:52:00,62.23,62.23,62.23,62.23,124
2024-10-29 14:54:00,62.23,62.23,62.16,62.16,301
2024-10-29 14:57:00,62.2,62.21,62.2,62.21,889
2024-10-29 14:58:00,62.22,62.22,62.22,62.22,289
2024-10-29 15:00:00,62.26,62.26,62.26,62.26,172
2024-10-29 15:01:00,62.23,62.23,62.17,62.17,2664
2024-10-29 15:02:00,62.17,62.17,62.17,62.17,162
2024-10-29 15:05:00,62.168,62.18,62.16,62.175,1486
2024-10-29 15:07:00,62.17,62.17,62.15,62.155,1164
2024-10-29 15:08:00,62.145,62.145,62.11,62.12,4420
2024-10-29 15:09:00,62.11,62.11,62.08,62.08,1186
2024-10-29 15:10:00,62.085,62.085,62.085,62.085,728
2024-10-29 15:12:00,62.09,62.09,62.09,62.09,403
2024-10-29 15:13:00,62.1,62.12,62.1,62.12,1091
2024-10-29 15:15:00,62.17,62.196,62.17,62.196,286
2024-10-29 15:17:00,62.2,62.23,62.2,62.23,797
2024-10-29 15:18:00,62.22,62.22,62.2,62.2,402
2024-10-29 15:19:00,62.21,62.21,62.21,62.21,190
2024-10-29 15:20:00,62.23,62.24,62.21,62.24,1174
2024-10-29 15:23:00,62.26,62.26,62.26,62.26,106
2024-10-29 15:24:00,62.255,62.255,62.23,62.23,1147
2024-10-29 15:27:00,62.205,62.205,62.17,62.205,566
2024-10-29 15:28:00,62.22,62.22,62.22,62.22,174
2024-10-29 15:30:00,62.24,62.24,62.24,62.24,100
2024-10-29 15:31:00,62.24,62.3,62.24,62.3,1675
2024-10-29 15:34:00,62.2825,62.2825,62.2825,62.2825,496
2024-10-29 15:35:00,62.285,62.285,62.285,62.285,478
2024-10-29 15:36:00,62.25,62.25,62.25,62.25,203
2024-10-29 15:38:00,62.31,62.32,62.31,62.32,737
2024-10-29 15:39:00,62.35,62.35,62.35,62.35,258
2024-10-29 15:48:00,62.4,62.4,62.4,62.4,211
2024-10-29 15:49:00,62.4,62.4,62.4,62.4,766
2024-10-29 15:51:00,62.43,62.43,62.43,62.43,126
2024-10-29 15:53:00,62.395,62.395,62.36,62.37,676
2024-10-29 15:56:00,62.34,62.34,62.34,62.34,705
2024-10-29 15:57:00,62.375,62.375,62.375,62.375,112
2024-10-29 15:59:00,62.41,62.41,62.41,62.41,101
2024-10-29 16:00:00,62.4,62.41,62.4,62.41,1140
2024-10-29 16:01:00,62.39,62.39,62.39,62.39,227
2024-10-29 16:02:00,62.39,62.39,62.39,62.39,202
2024-10-29 16:03:00,62.385,62.385,62.385,62.385,221
2024-10-29 16:07:00,62.41,62.41,62.41,62.41,158
2024-10-29 16:08:00,62.42,62.42,62.42,62.42,616
2024-10-29 16:10:00,62.42,62.42,62.42,62.42,207
2024-10-29 16:11:00,62.39,62.39,62.39,62.39,195
2024-10-29 16:12:00,62.39,62.39,62.39,62.39,315
2024-10-29 16:13:00,62.39,62.39,62.39,62.39,120
2024-10-29 16:15:00,62.4,62.4,62.38,62.395,881
2024-10-29 16:17:00,62.4,62.4,62.38,62.38,727
2024-10-29 16:18:00,62.41,62.41,62.41,62.41,420
2024-10-29 16:19:00,62.4,62.4,62.4,62.4,296
2024-10-29 16:20:00,62.4061,62.4061,62.4,62.4,912
2024-10-29 16:21:00,62.38,62.38,62.37,62.37,699
2024-10-29 16:22:00,62.36,62.36,62.36,62.36,171
2024-10-29 16:23:00,62.355,62.355,62.355,62.355,409
2024-10-29 16:24:00,62.35,62.35,62.34,62.345,590
2024-10-29 16:27:00,62.305,62.31,62.305,62.31,455
2024-10-29 16:28:00,62.32,62.32,62.32,62.32,410
2024-10-29 16:29:00,62.33,62.33,62.3,62.3,410
2024-10-29 16:30:00,62.305,62.305,62.305,62.305,316
2024-10-29 16:31:00,62.28,62.285,62.28,62.285,465
2024-10-29 16:32:00,62.275,62.275,62.23,62.23,622
2024-10-29 16:33:00,62.23,62.23,62.23,62.23,103
2024-10-29 16:35:00,62.27,62.27,62.27,62.27,293
2024-10-29 16:38:00,62.245,62.245,62.21,62.21,235
2024-10-29 16:40:00,62.22,62.22,62.2,62.2,592
2024-10-29 16:41:00,62.205,62.205,62.205,62.205,100
2024-10-29 16:43:00,62.22,62.22,62.22,62.22,133
2024-10-29 16:44:00,62.22,62.225,62.195,62.195,1436
2024-10-29 16:45:00,62.18,62.18,62.18,62.18,178
2024-10-29 16:46:00,62.19,62.19,62.19,62.19,106
2024-10-29 16:48:00,62.21,62.21,62.21,62.21,155
2024-10-29 16:51:00,62.22,62.22,62.22,62.22,1252
2024-10-29 16:52:00,62.22,62.22,62.22,62.22,112
2024-10-29 16:53:00,62.22,62.22,62.22,62.22,432
2024-10-29 16:54:00,62.2,62.23,62.2,62.23,2287
2024-10-29 16:56:00,62.22,62.22,62.22,62.22,122
2024-10-29 16:58:00,62.22,62.22,62.22,62.22,136
2024-10-29 16:59:00,62.24,62.24,62.24,62.24,627
2024-10-29 17:00:00,62.26,62.27,62.25,62.27,773
2024-10-29 17:01:00,62.29,62.29,62.275,62.275,943
2024-10-29 17:02:00,62.29,62.365,62.29,62.365,720
2024-10-29 17:04:00,62.34,62.34,62.335,62.335,738
2024-10-29 17:05:00,62.33,62.33,62.33,62.33,220
2024-10-29 17:08:00,62.32,62.32,62.32,62.32,174
2024-10-29 17:09:00,62.31,62.31,62.3025,62.3025,580
2024-10-29 17:10:00,62.3,62.3,62.295,62.295,576
2024-10-29 17:17:00,62.32,62.32,62.32,62.32,115
2024-10-29 17:20:00,62.3,62.3,62.3,62.3,1459
2024-10-29 17:21:00,62.3,62.3,62.27,62.285,1616
2024-10-29 17:22:00,62.28,62.28,62.28,62.28,228
2024-10-29 17:23:00,62.28,62.28,62.28,62.28,121
2024-10-29 17:24:00,62.28,62.28,62.28,62.28,101
2024-10-29 17:25:00,62.28,62.29,62.25,62.25,3245
2024-10-29 17:26:00,62.25,62.255,62.23,62.25,402
2024-10-29 17:27:00,62.22,62.255,62.22,62.255,300
2024-10-29 17:28:00,62.255,62.255,62.255,62.255,274
2024-10-29 17:31:00,62.255,62.255,62.255,62.255,1090
2024-10-29 17:33:00,62.25,62.25,62.25,62.25,200
2024-10-29 17:34:00,62.255,62.255,62.23,62.23,1951
2024-10-29 17:35:00,62.21,62.21,62.19,62.19,483
2024-10-29 17:36:00,62.22,62.23,62.22,62.23,434
2024-10-29 17:37:00,62.21,62.225,62.2,62.2,1113
2024-10-29 17:38:00,62.22,62.22,62.21,62.22,821
2024-10-29 17:39:00,62.215,62.215,62.215,62.215,192
2024-10-29 17:40:00,62.205,62.205,62.205,62.205,101
2024-10-29 17:41:00,62.19,62.205,62.19,62.2,648
2024-10-29 17:42:00,62.195,62.195,62.18,62.195,588
2024-10-29 17:43:00,62.19,62.19,62.16,62.18,814
2024-10-29 17:44:00,62.165,62.165,62.165,62.165,100
2024-10-29 17:46:00,62.18,62.18,62.16,62.18,3509
2024-10-29 17:47:00,62.2,62.23,62.2,62.22,3571
2024-10-29 17:48:00,62.23,62.23,62.23,62.23,259
2024-10-29 17:51:00,62.24,62.25,62.23,62.235,1496
2024-10-29 17:53:00,62.235,62.235,62.235,62.235,145
2024-10-29 17:59:00,62.28,62.28,62.275,62.275,1070
2024-10-29 18:04:00,62.28,62.28,62.28,62.28,185
2024-10-29 18:05:00,62.3,62.3,62.295,62.295,1315
2024-10-29 18:06:00,62.28,62.3,62.28,62.3,1538
2024-10-29 18:07:00,62.2965,62.2965,62.2965,62.2965,352
2024-10-29 18:12:00,62.295,62.295,62.295,62.295,106
2024-10-29 18:13:00,62.3,62.31,62.3,62.31,603
2024-10-29 18:15:00,62.28,62.295,62.28,62.28,1118
2024-10-29 18:16:00,62.295,62.3,62.295,62.295,2039
2024-10-29 18:19:00,62.3,62.31,62.3,62.31,1737
2024-10-29 18:20:00,62.33,62.34,62.33,62.34,228
2024-10-29 18:21:00,62.32,62.325,62.32,62.325,420
2024-10-29 18:22:00,62.325,62.325,62.325,62.325,284
2024-10-29 18:23:00,62.31,62.31,62.31,62.31,231
2024-10-29 18:24:00,62.3385,62.34,62.3385,62.34,742
2024-10-29 18:25:00,62.37,62.4,62.37,62.4,1577
2024-10-29 18:26:00,62.39,62.39,62.38,62.39,1131
2024-10-29 18:29:00,62.35,62.35,62.35,62.35,209
2024-10-29 18:39:00,62.38,62.38,62.36,62.36,1098
2024-10-29 18:40:00,62.36,62.36,62.36,62.36,192
2024-10-29 18:44:00,62.365,62.365,62.365,62.365,434
2024-10-29 18:50:00,62.36,62.36,62.36,62.36,350
2024-10-29 18:51:00,62.34,62.35,62.34,62.35,227
2024-10-29 18:52:00,62.36,62.36,62.36,62.36,400
2024-10-29 18:53:00,62.36,62.36,62.33,62.33,2290
2024-10-29 18:54:00,62.35,62.35,62.35,62.35,243
2024-10-29 18:56:00,62.35,62.35,62.35,62.35,301
2024-10-29 18:57:00,62.33,62.36,62.33,62.35,3160
2024-10-29 18:59:00,62.33,62.345,62.33,62.33,1617
2024-10-29 19:00:00,62.34,62.34,62.335,62.34,350
2024-10-29 19:05:00,62.325,62.335,62.2984,62.32,1716
2024-10-29 19:06:00,62.3175,62.3175,62.315,62.315,227
2024-10-29 19:07:00,62.315,62.315,62.315,62.315,208
2024-10-29 19:08:00,62.32,62.32,62.28,62.295,1490
2024-10-29 19:09:00,62.29,62.29,62.29,62.29,401
2024-10-29 19:10:00,62.29,62.3,62.29,62.3,688
2024-10-29 19:11:00,62.3,62.3,62.29,62.3,2127
2024-10-29 19:12:00,62.3,62.3,62.3,62.3,756
2024-10-29 19:13:00,62.29,62.3,62.29,62.295,467
2024-10-29 19:14:00,62.28,62.3,62.28,62.3,2323
2024-10-29 19:16:00,62.29,62.3,62.29,62.3,413
2024-10-29 19:17:00,62.29,62.3,62.29,62.3,921
2024-10-29 19:18:00,62.3,62.31,62.3,62.31,958
2024-10-29 19:20:00,62.3296,62.3296,62.3296,62.3296,266
2024-10-29 19:21:00,62.3,62.32,62.3,62.32,722
2024-10-29 19:22:00,62.315,62.315,62.3,62.315,1237
2024-10-29 19:23:00,62.32,62.32,62.32,62.32,778
2024-10-29 19:25:00,62.32,62.32,62.32,62.32,100
2024-10-29 19:26:00,62.32,62.32,62.32,62.32,124
2024-10-29 19:27:00,62.315,62.32,62.315,62.32,201
2024-10-29 19:28:00,62.315,62.315,62.315,62.315,257
2024-10-29 19:29:00,62.32,62.32,62.32,62.32,1501
2024-10-29 19:30:00,62.33,62.34,62.33,62.34,755
2024-10-29 19:31:00,62.31,62.345,62.31,62.345,2161
2024-10-29 19:32:00,62.33,62.34,62.33,62.34,932
2024-10-29 19:33:00,62.325,62.325,62.325,62.325,318
2024-10-29 19:35:00,62.325,62.325,62.325,62.325,245
2024-10-29 19:36:00,62.33,62.33,62.33,62.33,571
2024-10-29 19:37:00,62.32,62.33,62.32,62.33,1796
2024-10-29 19:39:00,62.33,62.33,62.33,62.33,689
2024-10-29 19:40:00,62.33,62.33,62.33,62.33,915
2024-10-29 19:41:00,62.33,62.33,62.32,62.325,1997
2024-10-29 19:42:00,62.31,62.31,62.29,62.29,1391
2024-10-29 19:43:00,62.3,62.3,62.3,62.3,719
2024-10-29 19:45:00,62.3,62.3,62.3,62.3,211
2024-10-29 19:46:00,62.3,62.3,62.3,62.3,989
2024-10-29 19:47:00,62.3,62.3,62.3,62.3,228
2024-10-29 19:48:00,62.3,62.3,62.3,62.3,213
2024-10-29 19:49:00,62.32,62.32,62.29,62.3,1851
2024-10-29 19:50:00,62.295,62.295,62.23,62.25,5499
2024-10-29 19:51:00,62.22,62.235,62.22,62.235,1178
2024-10-29 19:52:00,62.23,62.23,62.23,62.23,222
2024-10-29 19:53:00,62.235,62.24,62.235,62.235,1984
2024-10-29 19:54:00,62.235,62.26,62.235,62.245,3266
2024-10-29 19:55:00,62.235,62.25,62.22,62.24,2537
2024-10-29 19:56:00,62.24,62.24,62.24,62.24,1456
2024-10-29 19:57:00,62.24,62.24,62.22,62.22,1925
2024-10-29 19:58:00,62.22,62.22,62.22,62.22,1524
2024-10-29 19:59:00,62.23,62.31,62.23,62.31,9358
2024-10-30 13:30:00,61.65,61.65,61.48,61.48,2407
2024-10-30 13:31:00,61.37,61.37,61.37,61.37,100
2024-10-30 13:32:00,61.34,61.37,61.34,61.37,1415
2024-10-30 13:40:00,61.43,61.43,61.43,61.43,245
2024-10-30 13:42:00,61.42,61.445,61.4,61.4,2164
2024-10-30 13:47:00,61.37,61.41,61.37,61.4,543
2024-10-30 13:49:00,61.325,61.325,61.325,61.325,139
2024-10-30 13:50:00,61.4,61.42,61.22,61.22,353
2024-10-30 13:56:00,61.5,61.5,61.5,61.5,125
2024-10-30 14:01:00,61.55,61.56,61.55,61.56,362
2024-10-30 14:02:00,61.56,61.57,61.55,61.57,646
2024-10-30 14:03:00,61.56,61.56,61.53,61.53,427
2024-10-30 14:04:00,61.6,61.685,61.58,61.59,1882
2024-10-30 14:10:00,61.685,61.685,61.685,61.685,130
2024-10-30 14:22:00,61.715,61.715,61.715,61.715,469
2024-10-30 14:23:00,61.77,61.77,61.77,61.77,153
2024-10-30 14:26:00,61.82,61.82,61.82,61.82,189
2024-10-30 14:29:00,61.9,61.9,61.9,61.9,258
2024-10-30 14:31:00,61.88,61.88,61.79,61.79,1181
2024-10-30 14:33:00,61.835,61.835,61.78,61.83,1011
2024-10-30 14:43:00,61.8,61.835,61.77,61.79,3268
2024-10-30 14:44:00,61.75,61.78,61.74,61.78,2274
2024-10-30 14:45:00,61.755,61.755,61.755,61.755,173
2024-10-30 14:46:00,61.71,61.71,61.71,61.71,849
2024-10-30 14:52:00,61.62,61.62,61.62,61.62,227
2024-10-30 14:56:00,61.685,61.685,61.65,61.65,1268
2024-10-30 15:01:00,61.52,61.52,61.52,61.52,156
2024-10-30 15:05:00,61.48,61.48,61.48,61.48,650
2024-10-30 15:06:00,61.45,61.45,61.45,61.45,228
2024-10-30 15:07:00,61.43,61.43,61.43,61.43,365
2024-10-30 15:21:00,61.33,61.33,61.33,61.33,229
2024-10-30 15:25:00,61.375,61.375,61.375,61.375,127
2024-10-30 15:29:00,61.41,61.41,61.41,61.41,812
2024-10-30 15:32:00,61.475,61.475,61.475,61.475,101
2024-10-30 15:34:00,61.41,61.41,61.41,61.41,366
2024-10-30 15:35:00,61.3979,61.3979,61.3979,61.3979,202
2024-10-30 15:38:00,61.42,61.42,61.42,61.42,106
2024-10-30 15:40:00,61.43,61.43,61.42,61.42,585
2024-10-30 15:52:00,61.45,61.49,61.45,61.49,488
2024-10-30 16:00:00,61.39,61.39,61.39,61.39,129
2024-10-30 16:07:00,61.35,61.35,61.35,61.35,801
2024-10-30 16:08:00,61.275,61.275,61.24,61.24,811
2024-10-30 16:16:00,61.14,61.14,61.14,61.14,114
2024-10-30 16:20:00,61.15,61.23,61.15,61.23,983
2024-10-30 16:25:00,61.165,61.165,61.165,61.165,177
2024-10-30 16:28:00,61.135,61.135,61.135,61.135,489
2024-10-30 16:34:00,61.1231,61.1231,61.1231,61.1231,170
2024-10-30 16:39:00,61.15,61.16,61.15,61.15,637
2024-10-30 16:41:00,61.13,61.13,61.08,61.08,1148
2024-10-30 16:49:00,61.14,61.17,61.14,61.17,552
2024-10-30 16:52:00,61.15,61.15,61.15,61.15,214
2024-10-30 17:00:00,61.16,61.16,61.16,61.16,500
2024-10-30 17:10:00,61.155,61.155,61.155,61.155,108
2024-10-30 17:17:00,61.137,61.137,61.137,61.137,199
2024-10-30 17:18:00,61.165,61.165,61.165,61.165,102
2024-10-30 17:20:00,61.165,61.165,61.165,61.165,103
2024-10-30 17:25:00,61.15,61.15,61.15,61.15,1746
2024-10-30 17:27:00,61.13,61.13,61.125,61.125,906
2024-10-30 17:29:00,61.07,61.07,61.07,61.07,126
2024-10-30 17:36:00,61.08,61.08,61.08,61.08,135
2024-10-30 17:47:00,61.105,61.14,61.105,61.13,892
2024-10-30 17:51:00,61.15,61.15,61.15,61.15,153
2024-10-30 17:53:00,61.17,61.17,61.17,61.17,164
2024-10-30 17:54:00,61.18,61.18,61.17,61.17,291
2024-10-30 18:02:00,61.19,61.19,61.19,61.19,106
2024-10-30 18:04:00,61.18,61.18,61.18,61.18,254
2024-10-30 18:06:00,61.22,61.22,61.22,61.22,873
2024-10-30 18:07:00,61.24,61.25,61.24,61.25,756
2024-10-30 18:09:00,61.295,61.295,61.27,61.27,386
2024-10-30 18:16:00,61.28,61.28,61.28,61.28,702
2024-10-30 18:23:00,61.315,61.315,61.315,61.315,104
2024-10-30 18:24:00,61.3191,61.3191,61.3191,61.3191,238
2024-10-30 18:34:00,61.3,61.3,61.295,61.295,386
2024-10-30 18:40:00,61.25,61.25,61.245,61.245,646
2024-10-30 18:41:00,61.255,61.255,61.255,61.255,260
2024-10-30 18:46:00,61.26,61.27,61.26,61.27,620
2024-10-30 18:54:00,61.28,61.28,61.28,61.28,135
2024-10-30 18:58:00,61.26,61.28,61.26,61.28,288
2024-10-30 18:59:00,61.28,61.28,61.28,61.28,587
2024-10-30 19:00:00,61.275,61.275,61.275,61.275,106
2024-10-30 19:03:00,61.225,61.225,61.2,61.2,337
2024-10-30 19:10:00,61.195,61.22,61.195,61.22,2265
2024-10-30 19:12:00,61.25,61.25,61.25,61.25,459
2024-10-30 19:13:00,61.28,61.28,61.28,61.28,128
2024-10-30 19:14:00,61.26,61.26,61.26,61.26,409
2024-10-30 19:15:00,61.285,61.285,61.26,61.26,470
2024-10-30 19:17:00,61.265,61.265,61.265,61.265,181
2024-10-30 19:18:00,61.24,61.24,61.22,61.22,589
2024-10-30 19:22:00,61.215,61.215,61.21,61.21,282
2024-10-30 19:23:00,61.215,61.25,61.215,61.25,205
2024-10-30 19:26:00,61.2375,61.26,61.2375,61.26,452
2024-10-30 19:28:00,61.27,61.27,61.25,61.25,1175
2024-10-30 19:30:00,61.265,61.265,61.24,61.24,1183
2024-10-30 19:31:00,61.24,61.26,61.23,61.26,468
2024-10-30 19:35:00,61.2325,61.2325,61.2325,61.2325,121
2024-10-30 19:37:00,61.21,61.21,61.19,61.19,2595
2024-10-30 19:38:00,61.185,61.21,61.185,61.21,678
2024-10-30 19:41:00,61.23,61.23,61.23,61.23,263
2024-10-30 19:44:00,61.2,61.2,61.2,61.2,713
2024-10-30 19:47:00,61.21,61.21,61.21,61.21,357
2024-10-30 19:48:00,61.2,61.2,61.2,61.2,338
2024-10-30 19:49:00,61.19,61.19,61.19,61.19,455
2024-10-30 19:50:00,61.15,61.15,61.11,61.14,3355
2024-10-30 19:51:00,61.14,61.15,61.14,61.15,1108
2024-10-30 19:52:00,61.13,61.13,61.13,61.13,474
2024-10-30 19:53:00,61.125,61.125,61.1,61.1,834
2024-10-30 19:54:00,61.1,61.1,61.06,61.06,1580
2024-10-30 19:55:00,61.05,61.05,61.0,61.01,3699
2024-10-30 19:56:00,61.01,61.025,61.0,61.01,1937
2024-10-30 19:57:00,61.0,61.01,60.99,61.0,1726
2024-10-30 19:59:00,60.965,60.965,60.86,60.86,5481
2024-10-30 20:00:00,60.82,60.82,60.82,60.82,150
2024-10-31 12:11:00,60.31,60.31,60.31,60.31,162
2024-10-31 13:30:00,60.22,60.47,60.22,60.47,628
2024-10-31 13:32:00,60.2,60.21,60.2,60.2,535
2024-10-31 13:34:00,60.22,60.22,60.22,60.22,226
2024-10-31 13:38:00,60.245,60.245,60.245,60.245,233
2024-10-31 13:39:00,60.38,60.38,60.38,60.38,110
2024-10-31 13:40:00,60.265,60.3667,60.265,60.3667,686
2024-10-31 13:48:00,60.13,60.13,60.13,60.13,115
2024-10-31 13:49:00,60.1,60.12,60.1,60.1,826
2024-10-31 13:52:00,60.1,60.1,59.91,59.91,2388
2024-10-31 13:53:00,60.0,60.0,60.0,60.0,411
2024-10-31 13:55:00,59.96,59.96,59.96,59.96,107
2024-10-31 14:06:00,60.07,60.07,59.95,59.95,933
2024-10-31 14:07:00,60.065,60.065,59.96,59.96,388
2024-10-31 14:09:00,60.07,60.15,60.0,60.09,800
2024-10-31 14:10:00,60.13,60.13,60.105,60.105,484
2024-10-31 14:11:00,60.14,60.14,60.14,60.14,268
2024-10-31 14:13:00,60.07,60.07,60.07,60.07,387
2024-10-31 14:15:00,60.14,60.14,60.14,60.14,184
2024-10-31 14:16:00,60.17,60.175,60.16,60.175,1161
2024-10-31 14:17:00,60.25,60.25,60.25,60.25,242
2024-10-31 14:18:00,60.16,60.16,60.16,60.16,171
2024-10-31 14:19:00,60.19,60.19,60.19,60.19,242
2024-10-31 14:21:00,60.19,60.19,60.19,60.19,256
2024-10-31 14:22:00,60.185,60.185,60.185,60.185,190
2024-10-31 14:23:00,60.13,60.13,60.13,60.13,324
2024-10-31 14:24:00,60.195,60.195,60.14,60.185,649
2024-10-31 14:25:00,60.185,60.185,60.18,60.18,327
2024-10-31 14:26:00,60.15,60.15,60.11,60.11,518
2024-10-31 14:28:00,60.13,60.13,60.13,60.13,108
2024-10-31 14:30:00,60.01,60.06,60.01,60.06,439
2024-10-31 14:31:00,60.055,60.055,60.055,60.055,115
2024-10-31 14:32:00,60.06,60.06,60.06,60.06,232
2024-10-31 14:33:00,60.06,60.06,60.06,60.06,255
2024-10-31 14:39:00,59.975,59.975,59.975,59.975,384
2024-10-31 14:40:00,59.99,60.01,59.97,60.01,1414
2024-10-31 14:42:00,59.98,59.98,59.98,59.98,136
2024-10-31 14:43:00,59.975,59.975,59.975,59.975,124
2024-10-31 14:44:00,59.95,59.95,59.9,59.93,1393
2024-10-31 14:47:00,59.93,59.93,59.93,59.93,188
2024-10-31 14:56:00,59.89,59.98,59.89,59.98,1086
2024-10-31 15:02:00,59.925,59.925,59.925,59.925,138
2024-10-31 15:04:00,59.81,59.84,59.81,59.81,824
2024-10-31 15:07:00,59.78,59.81,59.78,59.8,1435
2024-10-31 15:08:00,59.88,59.88,59.88,59.88,241
2024-10-31 15:11:00,59.83,59.83,59.83,59.83,210
2024-10-31 15:18:00,59.92,59.92,59.92,59.92,422
2024-10-31 15:25:00,59.98,59.98,59.98,59.98,155
2024-10-31 15:29:00,59.95,59.95,59.95,59.95,118
2024-10-31 15:30:00,59.98,60.01,59.98,60.01,375
2024-10-31 15:31:00,59.99,59.99,59.99,59.99,123
2024-10-31 15:33:00,60.04,60.04,60.04,60.04,160
2024-10-31 15:37:00,59.9901,60.015,59.9901,60.015,263
2024-10-31 15:39:00,59.97,59.97,59.97,59.97,411
2024-10-31 15:40:00,59.92,59.925,59.92,59.925,445
2024-10-31 15:47:00,59.92,59.92,59.92,59.92,122
2024-10-31 15:50:00,59.88,59.88,59.88,59.88,124
2024-10-31 15:53:00,59.82,59.82,59.82,59.82,117
2024-10-31 15:54:00,59.825,59.825,59.825,59.825,112
2024-10-31 16:00:00,59.89,59.915,59.89,59.915,1062
2024-10-31 16:06:00,59.91,59.91,59.91,59.91,116
2024-10-31 16:10:00,59.95,59.95,59.95,59.95,121
2024-10-31 16:11:00,59.96,59.96,59.955,59.955,384
2024-10-31 16:15:00,60.05,60.05,60.01,60.01,582
2024-10-31 16:17:00,60.02,60.02,60.02,60.02,550
2024-10-31 16:19:00,60.02,60.02,60.02,60.02,111
2024-10-31 16:20:00,60.03,60.05,60.03,60.05,1469
2024-10-31 16:21:00,60.0564,60.0564,60.05,60.05,241
2024-10-31 16:24:00,60.04,60.04,60.02,60.02,459
2024-10-31 16:25:00,60.005,60.005,60.005,60.005,451
2024-10-31 16:26:00,60.0,60.0,59.99,59.995,477
2024-10-31 16:27:00,60.0,60.02,60.0,60.02,658
2024-10-31 16:32:00,60.1,60.1,60.1,60.1,123
2024-10-31 16:38:00,60.01,60.01,60.01,60.01,127
2024-10-31 16:45:00,60.07,60.07,60.07,60.07,179
2024-10-31 16:46:00,60.07,60.07,60.05,60.05,410
2024-10-31 16:47:00,60.08,60.09,60.08,60.09,481
2024-10-31 16:48:00,60.08,60.08,60.08,60.08,204
2024-10-31 16:49:00,60.106,60.106,60.106,60.106,182
2024-10-31 16:55:00,60.105,60.105,60.1,60.1,242
2024-10-31 17:01:00,60.11,60.11,60.11,60.11,336
2024-10-31 17:07:00,60.11,60.11,60.1,60.1,501
2024-10-31 17:16:00,60.12,60.12,60.11,60.11,487
2024-10-31 17:19:00,60.13,60.13,60.1,60.1,1761
2024-10-31 17:23:00,60.11,60.11,60.11,60.11,116
2024-10-31 17:27:00,60.08,60.1,60.08,60.1,647
2024-10-31 17:28:00,60.1,60.1,60.1,60.1,219
2024-10-31 17:29:00,60.08,60.08,60.08,60.08,307
2024-10-31 17:30:00,60.08,60.08,60.08,60.08,215
2024-10-31 17:32:00,60.06,60.06,60.04,60.04,466
2024-10-31 17:38:00,60.04,60.04,60.04,60.04,101
2024-10-31 17:39:00,60.04,60.04,60.04,60.04,287
2024-10-31 17:46:00,60.02,60.02,60.02,60.02,702
2024-10-31 17:49:00,60.01,60.06,60.01,60.06,663
2024-10-31 17:50:00,60.125,60.125,60.125,60.125,250
2024-10-31 17:51:00,60.09,60.09,60.09,60.09,143
2024-10-31 17:52:00,60.085,60.085,60.085,60.085,120
2024-10-31 17:59:00,60.05,60.05,60.05,60.05,204
2024-10-31 18:00:00,60.04,60.06,60.04,60.06,630
2024-10-31 18:01:00,60.04,60.04,60.04,60.04,512
2024-10-31 18:05:00,60.06,60.07,60.06,60.07,644
2024-10-31 18:10:00,60.07,60.07,60.06,60.06,481
2024-10-31 18:14:00,60.08,60.08,60.08,60.08,190
2024-10-31 18:24:00,60.074,60.074,60.074,60.074,471
2024-10-31 18:31:00,60.11,60.1199,60.11,60.1199,1012
2024-10-31 18:32:00,60.09,60.09,60.09,60.09,658
2024-10-31 18:33:00,60.07,60.07,60.06,60.07,732
2024-10-31 18:34:00,60.04,60.06,60.03,60.06,1021
2024-10-31 18:37:00,60.03,60.03,60.03,60.03,250
2024-10-31 18:38:00,60.06,60.06,60.06,60.06,191
2024-10-31 18:40:00,60.09,60.09,60.09,60.09,307
2024-10-31 18:44:00,60.09,60.09,60.09,60.09,176
2024-10-31 18:45:00,60.1,60.1,60.1,60.1,307
2024-10-31 18:52:00,60.12,60.12,60.12,60.12,119
2024-10-31 18:55:00,60.12,60.12,60.12,60.12,379
2024-10-31 18:58:00,60.19,60.19,60.19,60.19,365
2024-10-31 19:01:00,60.18,60.18,60.18,60.18,101
2024-10-31 19:03:00,60.17,60.17,60.17,60.17,270
2024-10-31 19:08:00,60.21,60.21,60.21,60.21,182
2024-10-31 19:11:00,60.19,60.2,60.185,60.185,917
2024-10-31 19:12:00,60.185,60.185,60.185,60.185,229
2024-10-31 19:17:00,60.11,60.11,60.105,60.105,372
2024-10-31 19:22:00,60.14,60.14,60.14,60.14,317
2024-10-31 19:23:00,60.16,60.165,60.153,60.153,808
2024-10-31 19:26:00,60.13,60.13,60.1,60.109,1238
2024-10-31 19:27:00,60.11,60.11,60.09,60.09,1147
2024-10-31 19:28:00,60.08,60.09,60.08,60.09,753
2024-10-31 19:29:00,60.085,60.085,60.085,60.085,165
2024-10-31 19:30:00,60.09,60.1199,60.09,60.1,1377
2024-10-31 19:32:00,60.06,60.07,60.05,60.05,582
2024-10-31 19:35:00,60.03,60.05,60.03,60.05,371
2024-10-31 19:38:00,60.047,60.047,60.047,60.047,218
2024-10-31 19:40:00,60.04,60.05,60.04,60.04,2160
2024-10-31 19:41:00,60.06,60.06,60.06,60.06,639
2024-10-31 19:43:00,60.1,60.11,60.1,60.11,750
2024-10-31 19:45:00,60.13,60.15,60.13,60.15,463
2024-10-31 19:47:00,60.15,60.16,60.15,60.16,267
2024-10-31 19:48:00,60.14,60.15,60.14,60.15,329
2024-10-31 19:49:00,60.16,60.17,60.15,60.17,1297
2024-10-31 19:50:00,60.16,60.16,60.13,60.1442,1921
2024-10-31 19:51:00,60.14,60.14,60.12,60.138,1058
2024-10-31 19:52:00,60.12,60.13,60.1,60.1,842
2024-10-31 19:53:00,60.1,60.11,60.09,60.11,1256
2024-10-31 19:54:00,60.09,60.1,60.08,60.08,1655
2024-10-31 19:55:00,60.07,60.08,60.07,60.08,362
2024-10-31 19:56:00,60.07,60.07,60.07,60.07,551
2024-10-31 19:57:00,60.08,60.12,60.07,60.12,3282
2024-10-31 19:58:00,60.11,60.12,60.1,60.12,951
2024-10-31 19:59:00,60.11,60.12,60.09,60.12,3360
2024-10-31 20:00:00,60.11,60.11,60.11,60.11,100
2024-11-01 10:50:00,60.99,61.0,60.99,61.0,306
2024-11-01 13:30:00,61.06,61.06,60.95,61.0,6441
2024-11-01 13:39:00,61.21,61.29,61.21,61.29,653
2024-11-01 13:41:00,61.35,61.35,61.35,61.35,445
2024-11-01 13:51:00,61.33,61.33,61.33,61.33,314
2024-11-01 13:52:00,61.36,61.41,61.36,61.405,1023
2024-11-01 13:54:00,61.37,61.37,61.36,61.37,484
2024-11-01 14:02:00,61.4191,61.4191,61.3,61.3,1625
2024-11-01 14:08:00,61.35,61.35,61.35,61.35,223
2024-11-01 14:09:00,61.33,61.33,61.32,61.32,1269
2024-11-01 14:12:00,61.37,61.39,61.37,61.39,570
2024-11-01 14:13:00,61.43,61.43,61.43,61.43,238
2024-11-01 14:16:00,61.3899,61.3899,61.3899,61.3899,492
2024-11-01 14:17:00,61.4,61.4,61.4,61.4,141
2024-11-01 14:21:00,61.36,61.36,61.36,61.36,181
2024-11-01 14:22:00,61.38,61.38,61.38,61.38,313
2024-11-01 14:25:00,61.34,61.34,61.33,61.33,594
2024-11-01 14:27:00,61.33,61.336,61.33,61.33,1405
2024-11-01 14:28:00,61.3509,61.3509,61.3509,61.3509,331
2024-11-01 14:29:00,61.365,61.37,61.35,61.365,1947
2024-11-01 14:30:00,61.375,61.375,61.375,61.375,253
2024-11-01 14:31:00,61.365,61.37,61.365,61.37,533
2024-11-01 14:32:00,61.38,61.38,61.38,61.38,455
2024-11-01 14:33:00,61.32,61.32,61.315,61.315,1941
2024-11-01 14:35:00,61.29,61.29,61.28,61.28,418
2024-11-01 14:37:00,61.25,61.25,61.19,61.19,1145
2024-11-01 14:38:00,61.19,61.19,61.19,61.19,108
2024-11-01 14:40:00,61.17,61.17,61.14,61.14,914
2024-11-01 14:41:00,61.15,61.15,61.15,61.15,116
2024-11-01 14:42:00,61.09,61.09,61.08,61.08,906
2024-11-01 14:43:00,61.06,61.06,61.06,61.06,525
2024-11-01 14:44:00,61.05,61.05,61.035,61.035,827
2024-11-01 14:45:00,61.05,61.05,61.035,61.035,756
2024-11-01 14:46:00,61.02,61.03,60.97,60.97,2165
2024-11-01 14:47:00,60.99,60.99,60.99,60.99,196
2024-11-01 14:48:00,61.0,61.0,60.96,61.0,1502
2024-11-01 14:49:00,61.0,61.01,61.0,61.01,1730
2024-11-01 14:50:00,61.0,61.01,61.0,61.0,1323
2024-11-01 14:51:00,60.99,61.01,60.99,61.01,424
2024-11-01 14:56:00,61.01,61.01,61.01,61.01,146
2024-11-01 14:57:00,61.04,61.05,61.04,61.05,439
2024-11-01 14:58:00,61.1041,61.1041,61.1041,61.1041,106
2024-11-01 15:00:00,61.15,61.15,61.15,61.15,387
2024-11-01 15:08:00,61.065,61.065,61.065,61.065,116
2024-11-01 15:09:00,61.06,61.06,61.06,61.06,179
2024-11-01 15:12:00,61.11,61.11,61.09,61.09,1130
2024-11-01 15:13:00,61.11,61.11,61.11,61.11,117
2024-11-01 15:14:00,61.14,61.14,61.14,61.14,254
2024-11-01 15:17:00,61.12,61.12,61.12,61.12,212
2024-11-01 15:19:00,61.08,61.08,61.07,61.07,489
2024-11-01 15:21:00,61.07,61.08,61.05,61.06,839
2024-11-01 15:23:00,61.105,61.12,61.105,61.12,767
2024-11-01 15:26:00,61.13,61.13,61.13,61.13,101
2024-11-01 15:29:00,61.18,61.2,61.18,61.195,898
2024-11-01 15:31:00,61.17,61.17,61.17,61.17,387
2024-11-01 15:36:00,61.14,61.14,61.14,61.14,221
2024-11-01 15:37:00,61.15,61.16,61.15,61.16,349
2024-11-01 15:41:00,61.174,61.174,61.174,61.174,116
2024-11-01 15:42:00,61.18,61.18,61.18,61.18,190
2024-11-01 15:47:00,61.18,61.18,61.18,61.18,300
2024-11-01 15:48:00,61.1,61.1,61.1,61.1,517
2024-11-01 15:49:00,61.04,61.04,61.04,61.04,134
2024-11-01 15:50:00,61.1,61.1,61.1,61.1,194
2024-11-01 15:51:00,61.02,61.03,61.02,61.03,333
2024-11-01 15:53:00,61.06,61.06,61.06,61.06,354
2024-11-01 15:54:00,61.09,61.11,61.09,61.11,475
2024-11-01 15:55:00,61.1,61.1,61.1,61.1,115
2024-11-01 16:01:00,61.12,61.12,61.12,61.12,389
2024-11-01 16:02:00,61.12,61.12,61.12,61.12,104
2024-11-01 16:07:00,61.13,61.13,61.1,61.1,427
2024-11-01 16:08:00,61.11,61.11,61.11,61.11,123
2024-11-01 16:11:00,61.11,61.11,61.08,61.091,938
2024-11-01 16:15:00,61.03,61.03,61.02,61.02,910
2024-11-01 16:16:00,61.015,61.015,61.015,61.015,147
2024-11-01 16:17:00,61.01,61.01,61.0,61.0,475
2024-11-01 16:18:00,61.05,61.05,61.05,61.05,111
2024-11-01 16:24:00,61.03,61.04,61.02,61.02,330
2024-11-01 16:29:00,61.015,61.015,61.015,61.015,165
2024-11-01 16:30:00,60.97,61.0,60.97,61.0,318
2024-11-01 16:32:00,61.02,61.02,61.02,61.02,608
2024-11-01 16:33:00,61.015,61.04,61.015,61.04,928
2024-11-01 16:36:00,61.04,61.04,61.04,61.04,110
2024-11-01 16:37:00,61.03,61.03,61.02,61.02,908
2024-11-01 16:39:00,61.04,61.05,61.04,61.05,865
2024-11-01 16:40:00,61.04,61.04,61.04,61.04,329
2024-11-01 16:41:00,61.02,61.02,61.02,61.02,100
2024-11-01 16:42:00,61.01,61.02,60.99,60.99,1155
2024-11-01 16:43:00,60.98,60.98,60.95,60.95,858
2024-11-01 16:47:00,60.975,60.975,60.975,60.975,101
2024-11-01 16:48:00,60.99,60.99,60.98,60.98,470
2024-11-01 16:49:00,61.01,61.01,61.01,61.01,619
2024-11-01 16:57:00,61.03,61.03,61.03,61.03,411
2024-11-01 17:04:00,61.015,61.015,61.015,61.015,103
2024-11-01 17:06:00,60.98,60.98,60.96,60.96,635
2024-11-01 17:07:00,60.94,60.94,60.94,60.94,104
2024-11-01 17:08:00,60.92,60.92,60.92,60.92,152
2024-11-01 17:09:00,60.9,60.9,60.9,60.9,111
2024-11-01 17:12:00,60.895,60.96,60.895,60.95,1261
2024-11-01 17:14:00,60.99,60.99,60.99,60.99,272
2024-11-01 17:15:00,60.9669,60.9669,60.9669,60.9669,784
2024-11-01 17:16:00,61.0,61.0,61.0,61.0,207
2024-11-01 17:18:00,61.025,61.025,61.025,61.025,112
2024-11-01 17:24:00,61.025,61.067,61.025,61.067,768
2024-11-01 17:30:00,61.05,61.05,61.02,61.03,1097
2024-11-01 17:32:00,60.96,60.985,60.96,60.96,412
2024-11-01 17:33:00,60.92,60.92,60.92,60.92,336
2024-11-01 17:34:00,60.92,60.92,60.92,60.92,143
2024-11-01 17:35:00,60.905,60.905,60.905,60.905,1201
2024-11-01 17:36:00,60.86,60.86,60.86,60.86,359
2024-11-01 17:37:00,60.895,60.895,60.8937,60.8937,518
2024-11-01 17:38:00,60.84,60.95,60.84,60.95,367
2024-11-01 17:40:00,60.895,60.895,60.85,60.85,453
2024-11-01 17:42:00,60.82,60.82,60.82,60.82,256
2024-11-01 17:49:00,60.81,60.81,60.81,60.81,171
2024-11-01 17:50:00,60.89,60.9,60.89,60.9,889
2024-11-01 17:51:00,60.91,60.91,60.91,60.91,316
2024-11-01 17:52:00,60.93,60.93,60.93,60.93,318
2024-11-01 17:55:00,60.95,60.955,60.95,60.955,272
2024-11-01 17:56:00,60.93,60.93,60.9,60.9,757
2024-11-01 18:03:00,60.88,60.88,60.87,60.87,234
2024-11-01 18:08:00,60.88,60.88,60.88,60.88,534
2024-11-01 18:09:00,60.82,60.82,60.82,60.82,129
2024-11-01 18:14:00,60.815,60.82,60.815,60.82,289
2024-11-01 18:15:00,60.78,60.78,60.78,60.78,186
2024-11-01 18:18:00,60.87,60.87,60.87,60.87,115
2024-11-01 18:20:00,60.825,60.825,60.825,60.825,244
2024-11-01 18:21:00,60.87,60.87,60.87,60.87,175
2024-11-01 18:22:00,60.85,60.85,60.85,60.85,207
2024-11-01 18:23:00,60.86,60.88,60.86,60.88,893
2024-11-01 18:24:00,60.89,60.94,60.89,60.915,820
2024-11-01 18:25:00,60.95,60.95,60.95,60.95,137
2024-11-01 18:26:00,60.91,60.91,60.91,60.91,117
2024-11-01 18:30:00,60.88,60.88,60.88,60.88,380
2024-11-01 18:32:00,60.88,60.88,60.88,60.88,399
2024-11-01 18:33:00,60.86,60.86,60.86,60.86,145
2024-11-01 18:36:00,60.87,60.87,60.87,60.87,142
2024-11-01 18:38:00,60.92,60.92,60.916,60.916,304
2024-11-01 18:43:00,60.88,60.88,60.88,60.88,558
2024-11-01 18:46:00,60.88,60.88,60.88,60.88,160
2024-11-01 18:49:00,60.885,60.885,60.885,60.885,201
2024-11-01 18:50:00,60.89,60.89,60.89,60.89,102
2024-11-01 18:51:00,60.89,60.89,60.89,60.89,204
2024-11-01 18:52:00,60.885,60.885,60.885,60.885,101
2024-11-01 18:53:00,60.86,60.86,60.86,60.86,143
2024-11-01 18:59:00,60.86,60.86,60.86,60.86,210
2024-11-01 19:00:00,60.84,60.84,60.84,60.84,418
2024-11-01 19:06:00,60.85,60.86,60.85,60.86,799
2024-11-01 19:09:00,60.92,60.92,60.92,60.92,350
2024-11-01 19:10:00,60.9,60.9,60.9,60.9,629
2024-11-01 19:11:00,60.9,60.9,60.89,60.89,229
2024-11-01 19:15:00,60.855,60.855,60.855,60.855,292
2024-11-01 19:17:00,60.885,60.885,60.885,60.885,366
2024-11-01 19:19:00,60.8701,60.8701,60.8701,60.8701,239
2024-11-01 19:25:00,60.86,60.86,60.86,60.86,758
2024-11-01 19:37:00,60.78,60.78,60.78,60.78,359
2024-11-01 19:40:00,60.78,60.78,60.78,60.78,203
2024-11-01 19:41:00,60.8,60.82,60.785,60.82,1848
2024-11-01 19:42:00,60.84,60.86,60.83,60.86,1045
2024-11-01 19:43:00,60.87,60.87,60.86,60.86,448
2024-11-01 19:44:00,60.84,60.85,60.84,60.85,925
2024-11-01 19:45:00,60.835,60.835,60.835,60.835,230
2024-11-01 19:47:00,60.82,60.82,60.77,60.77,1768
2024-11-01 19:48:00,60.74,60.74,60.74,60.74,146
2024-11-01 19:50:00,60.73,60.73,60.71,60.71,649
2024-11-01 19:51:00,60.72,60.725,60.71,60.71,1250
2024-11-01 19:52:00,60.72,60.72,60.72,60.72,550
2024-11-01 19:53:00,60.71,60.71,60.71,60.71,520
2024-11-01 19:54:00,60.72,60.74,60.71,60.74,1606
2024-11-01 19:55:00,60.72,60.72,60.72,60.72,299
2024-11-01 19:56:00,60.71,60.75,60.71,60.75,3251
2024-11-01 19:57:00,60.75,60.75,60.75,60.75,386
2024-11-01 19:58:00,60.75,60.75,60.72,60.735,932
2024-11-01 19:59:00,60.74,60.81,60.72,60.74,4427
2024-11-04 11:38:00,61.99,61.99,61.99,61.99,262
2024-11-04 13:00:00,62.8724,62.8724,62.8724,62.8724,20121
2024-11-04 14:30:00,62.29,62.405,62.29,62.405,2980
2024-11-04 14:34:00,62.39,62.39,62.39,62.39,620
2024-11-04 14:40:00,62.44,62.44,62.44,62.44,202
2024-11-04 14:41:00,62.45,62.54,62.41,62.54,1115
2024-11-04 14:42:00,62.57,62.57,62.57,62.57,200
2024-11-04 14:43:00,62.58,62.59,62.58,62.59,433
2024-11-04 14:45:00,62.629,62.629,62.629,62.629,106
2024-11-04 14:48:00,62.62,62.62,62.605,62.62,580
2024-11-04 14:49:00,62.61,62.61,62.61,62.61,210
2024-11-04 14:50:00,62.62,62.62,62.58,62.59,569
2024-11-04 14:51:00,62.4819,62.4819,62.4819,62.4819,456
2024-11-04 14:52:00,62.465,62.465,62.465,62.465,301
2024-11-04 14:53:00,62.56,62.56,62.55,62.55,312
2024-11-04 14:54:00,62.55,62.55,62.55,62.55,108
2024-11-04 14:55:00,62.47,62.51,62.44,62.51,3283
2024-11-04 14:56:00,62.53,62.53,62.48,62.48,265
2024-11-04 14:57:00,62.55,62.55,62.49,62.49,391
2024-11-04 14:58:00,62.565,62.57,62.51,62.53,2865
2024-11-04 14:59:00,62.57,62.57,62.54,62.55,869
2024-11-04 15:03:00,62.61,62.61,62.61,62.61,320
2024-11-04 15:04:00,62.55,62.55,62.52,62.52,394
2024-11-04 15:05:00,62.62,62.62,62.62,62.62,274
2024-11-04 15:06:00,62.59,62.62,62.56,62.59,440
2024-11-04 15:07:00,62.61,62.61,62.61,62.61,339
2024-11-04 15:08:00,62.61,62.61,62.54,62.54,219
2024-11-04 15:09:00,62.6,62.6,62.6,62.6,139
2024-11-04 15:10:00,62.56,62.56,62.56,62.56,181
2024-11-04 15:11:00,62.57,62.57,62.57,62.57,398
2024-11-04 15:12:00,62.58,62.58,62.48,62.48,285
2024-11-04 15:13:00,62.58,62.58,62.58,62.58,227
2024-11-04 15:15:00,62.594,62.594,62.594,62.594,246
2024-11-04 15:18:00,62.62,62.62,62.62,62.62,208
2024-11-04 15:20:00,62.63,62.63,62.59,62.59,452
2024-11-04 15:21:00,62.6,62.63,62.6,62.6,465
2024-11-04 15:23:00,62.63,62.7,62.63,62.65,1550
2024-11-04 15:24:00,62.655,62.66,62.655,62.66,726
2024-11-04 15:25:00,62.707,62.71,62.68,62.68,474
2024-11-04 15:26:00,62.66,62.66,62.64,62.64,822
2024-11-04 15:27:00,62.62,62.62,62.62,62.62,507
2024-11-04 15:28:00,62.61,62.625,62.61,62.625,541
2024-11-04 15:29:00,62.61,62.61,62.61,62.61,160
2024-11-04 15:30:00,62.65,62.65,62.595,62.61,2521
2024-11-04 15:31:00,62.615,62.62,62.615,62.62,1000
2024-11-04 15:32:00,62.64,62.65,62.64,62.64,750
2024-11-04 15:33:00,62.63,62.63,62.63,62.63,207
2024-11-04 15:34:00,62.645,62.67,62.645,62.67,304
2024-11-04 15:35:00,62.645,62.67,62.645,62.655,1467
2024-11-04 15:36:00,62.66,62.69,62.66,62.69,1117
2024-11-04 15:37:00,62.67,62.715,62.67,62.71,1512
2024-11-04 15:39:00,62.67,62.67,62.67,62.67,250
2024-11-04 15:40:00,62.64,62.65,62.62,62.63,958
2024-11-04 15:41:00,62.635,62.635,62.635,62.635,101
2024-11-04 15:42:00,62.65,62.65,62.63,62.635,700
2024-11-04 15:44:00,62.63,62.67,62.63,62.65,552
2024-11-04 15:45:00,62.66,62.68,62.62,62.62,894
2024-11-04 15:46:00,62.62,62.62,62.54,62.54,1791
2024-11-04 15:47:00,62.57,62.57,62.565,62.57,1418
2024-11-04 15:49:00,62.56,62.56,62.56,62.56,253
2024-11-04 15:50:00,62.59,62.59,62.56,62.56,610
2024-11-04 15:52:00,62.56,62.56,62.56,62.56,202
2024-11-04 15:53:00,62.56,62.59,62.54,62.54,885
2024-11-04 15:54:00,62.54,62.54,62.54,62.54,101
2024-11-04 15:55:00,62.53,62.53,62.52,62.52,598
2024-11-04 15:57:00,62.51,62.515,62.505,62.505,830
2024-11-04 15:58:00,62.49,62.49,62.49,62.49,229
2024-11-04 16:02:00,62.47,62.47,62.47,62.47,126
2024-11-04 16:03:00,62.46,62.46,62.46,62.46,581
2024-11-04 16:05:00,62.46,62.46,62.42,62.43,883
2024-11-04 16:06:00,62.47,62.5,62.47,62.5,621
2024-11-04 16:07:00,62.5,62.5,62.495,62.5,611
2024-11-04 16:08:00,62.5,62.5,62.495,62.495,361
2024-11-04 16:09:00,62.47,62.495,62.46,62.495,350
2024-11-04 16:11:00,62.574,62.574,62.574,62.574,101
2024-11-04 16:12:00,62.505,62.505,62.505,62.505,181
2024-11-04 16:13:00,62.56,62.56,62.56,62.56,100
2024-11-04 16:14:00,62.56,62.56,62.56,62.56,805
2024-11-04 16:16:00,62.61,62.61,62.61,62.61,210
2024-11-04 16:18:00,62.58,62.58,62.55,62.55,974
2024-11-04 16:20:00,62.54,62.54,62.505,62.505,1573
2024-11-04 16:21:00,62.48,62.48,62.475,62.475,636
2024-11-04 16:23:00,62.46,62.46,62.46,62.46,218
2024-11-04 16:26:00,62.44,62.44,62.426,62.426,331
2024-11-04 16:28:00,62.42,62.42,62.42,62.42,201
2024-11-04 16:29:00,62.42,62.42,62.42,62.42,151
2024-11-04 16:30:00,62.41,62.41,62.39,62.39,376
2024-11-04 16:32:00,62.36,62.36,62.36,62.36,331
2024-11-04 16:33:00,62.346,62.346,62.346,62.346,163
2024-11-04 16:34:00,62.415,62.415,62.35,62.35,467
2024-11-04 16:41:00,62.286,62.286,62.286,62.286,101
2024-11-04 16:42:00,62.4,62.4,62.4,62.4,118
2024-11-04 16:43:00,62.32,62.32,62.32,62.32,443
2024-11-04 16:46:00,62.21,62.21,62.21,62.21,191
2024-11-04 16:47:00,62.25,62.25,62.25,62.25,224
2024-11-04 16:48:00,62.2825,62.2825,62.255,62.255,226
2024-11-04 16:49:00,62.23,62.23,62.2,62.2,327
2024-11-04 16:50:00,62.2,62.205,62.2,62.205,474
2024-11-04 16:51:00,62.156,62.2375,62.156,62.2375,624
2024-11-04 16:52:00,62.26,62.26,62.26,62.26,119
2024-11-04 16:55:00,62.2,62.23,62.15,62.15,498
2024-11-04 16:57:00,62.14,62.14,62.12,62.12,518
2024-11-04 16:58:00,62.115,62.12,62.09,62.09,323
2024-11-04 16:59:00,62.12,62.16,62.12,62.16,1139
2024-11-04 17:00:00,62.18,62.2,62.16,62.2,802
2024-11-04 17:01:00,62.185,62.185,62.11,62.11,2162
2024-11-04 17:02:00,62.12,62.135,62.12,62.135,453
2024-11-04 17:06:00,62.09,62.09,62.09,62.09,203
2024-11-04 17:07:00,62.1,62.1,62.1,62.1,599
2024-11-04 17:12:00,62.075,62.075,62.06,62.06,368
2024-11-04 17:13:00,62.08,62.08,62.08,62.08,439
2024-11-04 17:15:00,62.09,62.09,62.09,62.09,437
2024-11-04 17:17:00,62.11,62.11,62.11,62.11,110
2024-11-04 17:20:00,62.12,62.13,62.11,62.11,1265
2024-11-04 17:24:00,62.175,62.175,62.175,62.175,265
2024-11-04 17:25:00,62.205,62.205,62.205,62.205,543
2024-11-04 17:26:00,62.22,62.22,62.22,62.22,221
2024-11-04 17:28:00,62.3125,62.3125,62.3125,62.3125,110
2024-11-04 17:29:00,62.27,62.285,62.27,62.285,202
2024-11-04 17:31:00,62.285,62.285,62.2333,62.2333,2037
2024-11-04 17:32:00,62.23,62.23,62.23,62.23,764
2024-11-04 17:33:00,62.265,62.266,62.265,62.266,433
2024-11-04 17:34:00,62.21,62.21,62.21,62.21,308
2024-11-04 17:38:00,62.21,62.21,62.21,62.21,210
2024-11-04 17:39:00,62.21,62.21,62.21,62.21,141
2024-11-04 17:40:00,62.2,62.206,62.2,62.206,245
2024-11-04 17:41:00,62.2,62.2,62.2,62.2,494
2024-11-04 17:43:00,62.2,62.22,62.2,62.22,221
2024-11-04 17:45:00,62.22,62.23,62.22,62.22,730
2024-11-04 17:46:00,62.225,62.225,62.225,62.225,113
2024-11-04 17:47:00,62.213,62.213,62.213,62.213,556
2024-11-04 17:49:00,62.21,62.21,62.0401,62.12,10302
2024-11-04 17:50:00,62.17,62.17,62.17,62.17,1699
2024-11-04 17:54:00,62.13,62.15,62.13,62.15,489
2024-11-04 17:56:00,62.15,62.15,62.15,62.15,150
2024-11-04 17:57:00,62.15,62.15,62.13,62.145,1151
2024-11-04 18:00:00,62.165,62.165,62.165,62.165,102
2024-11-04 18:02:00,62.15,62.15,62.09,62.09,949
2024-11-04 18:03:00,62.055,62.055,62.055,62.055,116
2024-11-04 18:06:00,62.07,62.07,62.005,62.005,933
2024-11-04 18:07:00,61.99,61.99,61.99,61.99,409
2024-11-04 18:10:00,62.025,62.025,61.996,61.996,435
2024-11-04 18:12:00,62.035,62.035,62.035,62.035,1494
2024-11-04 18:13:00,62.035,62.035,62.005,62.01,941
2024-11-04 18:14:00,62.0001,62.0001,62.0001,62.0001,132
2024-11-04 18:16:00,62.03,62.03,62.03,62.03,893
2024-11-04 18:17:00,62.02,62.02,62.0,62.01,1125
2024-11-04 18:19:00,62.02,62.02,62.02,62.02,390
2024-11-04 18:20:00,62.02,62.02,62.02,62.02,236
2024-11-04 18:21:00,62.02,62.02,62.02,62.02,117
2024-11-04 18:22:00,62.02,62.02,62.008,62.02,970
2024-11-04 18:23:00,62.03,62.03,62.03,62.03,901
2024-11-04 18:30:00,62.0,62.0,61.96,61.97,1264
2024-11-04 18:35:00,61.98,61.98,61.98,61.98,111
2024-11-04 18:37:00,61.99,61.99,61.99,61.99,480
2024-11-04 18:41:00,62.01,62.03,62.01,62.03,674
2024-11-04 18:45:00,62.035,62.035,62.035,62.035,112
2024-11-04 18:47:00,62.05,62.05,62.05,62.05,155
2024-11-04 18:50:00,62.05,62.05,62.05,62.05,215
2024-11-04 18:52:00,62.05,62.05,62.05,62.05,161
2024-11-04 18:53:00,62.06,62.07,62.06,62.07,730
2024-11-04 18:55:00,62.06,62.1,62.06,62.1,202
2024-11-04 18:56:00,62.065,62.065,62.065,62.065,102
2024-11-04 18:57:00,62.1,62.1,62.1,62.1,140
2024-11-04 18:58:00,62.09,62.09,62.09,62.09,108
2024-11-04 18:59:00,62.08,62.08,62.08,62.08,102
2024-11-04 19:01:00,62.1,62.1,62.1,62.1,114
2024-11-04 19:04:00,62.07,62.07,62.07,62.07,102
2024-11-04 19:05:00,62.06,62.06,62.06,62.06,326
2024-11-04 19:06:00,62.08,62.08,62.08,62.08,106
2024-11-04 19:07:00,62.1,62.11,62.1,62.11,381
2024-11-04 19:10:00,62.13,62.13,62.13,62.13,109
2024-11-04 19:12:00,62.14,62.14,62.12,62.12,462
2024-11-04 19:14:00,62.14,62.14,62.14,62.14,103
2024-11-04 19:16:00,62.14,62.14,62.14,62.14,155
2024-11-04 19:18:00,62.1225,62.16,62.1225,62.13,853
2024-11-04 19:19:00,62.11,62.11,62.11,62.11,149
2024-11-04 19:20:00,62.1,62.1,62.1,62.1,319
2024-11-04 19:23:00,62.13,62.13,62.13,62.13,109
2024-11-04 19:24:00,62.15,62.15,62.15,62.15,145
2024-11-04 19:25:00,62.14,62.14,62.14,62.14,112
2024-11-04 19:26:00,62.14,62.15,62.09,62.12,962
2024-11-04 19:27:00,62.13,62.13,62.13,62.13,106
2024-11-04 19:29:00,62.08,62.085,62.05,62.05,792
2024-11-04 19:30:00,62.01,62.01,62.01,62.01,872
2024-11-04 19:31:00,61.995,62.02,61.995,62.02,415
2024-11-04 19:32:00,62.04,62.04,62.04,62.04,322
2024-11-04 19:42:00,62.04,62.04,62.04,62.04,222
2024-11-04 19:46:00,62.0124,62.0124,62.0124,62.0124,178
2024-11-04 19:49:00,61.98,61.98,61.95,61.96,2053
2024-11-04 19:53:00,61.966,61.966,61.966,61.966,200
2024-11-04 19:56:00,61.995,61.995,61.995,61.995,106
2024-11-04 19:58:00,61.96,61.96,61.96,61.96,345
2024-11-04 20:00:00,61.97,61.97,61.97,61.97,117
2024-11-04 20:02:00,61.92,61.92,61.92,61.92,235
2024-11-04 20:05:00,61.95,61.95,61.95,61.95,112
2024-11-04 20:07:00,61.926,61.97,61.926,61.97,1152
2024-11-04 20:08:00,61.98,61.99,61.9591,61.99,1777
2024-11-04 20:14:00,62.02,62.02,62.02,62.02,814
2024-11-04 20:15:00,62.02,62.03,62.02,62.03,795
2024-11-04 20:17:00,62.04,62.04,62.04,62.04,289
2024-11-04 20:18:00,62.04,62.04,62.033,62.033,567
2024-11-04 20:19:00,62.05,62.05,62.0459,62.0459,485
2024-11-04 20:20:00,62.05,62.05,62.05,62.05,360
2024-11-04 20:21:00,62.05,62.07,62.05,62.07,366
2024-11-04 20:23:00,62.03,62.04,62.03,62.04,1835
2024-11-04 20:24:00,62.05,62.06,62.04,62.06,784
2024-11-04 20:25:00,62.06,62.08,62.06,62.08,470
2024-11-04 20:27:00,62.08,62.08,62.08,62.08,288
2024-11-04 20:31:00,62.06,62.065,62.04,62.065,1214
2024-11-04 20:32:00,62.065,62.065,62.065,62.065,267
2024-11-04 20:33:00,62.065,62.065,62.03,62.04,1958
2024-11-04 20:35:00,62.045,62.045,61.99,61.99,4784
2024-11-04 20:36:00,61.98,61.98,61.96,61.96,907
2024-11-04 20:37:00,61.95,61.98,61.95,61.98,736
2024-11-04 20:39:00,61.975,61.975,61.975,61.975,217
2024-11-04 20:40:00,61.98,62.01,61.96,61.985,2113
2024-11-04 20:41:00,62.01,62.02,62.0,62.015,1475
2024-11-04 20:42:00,62.04,62.04,62.025,62.03,394
2024-11-04 20:43:00,62.05,62.05,62.05,62.05,328
2024-11-04 20:45:00,62.04,62.045,62.02,62.03,2951
2024-11-04 20:46:00,62.02,62.03,62.02,62.03,864
2024-11-04 20:50:00,62.02,62.03,62.02,62.03,2736
2024-11-04 20:51:00,62.03,62.03,62.02,62.02,463
2024-11-04 20:52:00,62.03,62.06,62.03,62.055,3085
2024-11-04 20:53:00,62.055,62.06,62.05,62.06,1022
2024-11-04 20:54:00,62.07,62.07,62.07,62.07,952
2024-11-04 20:55:00,62.07,62.09,62.06,62.09,1961
2024-11-04 20:56:00,62.095,62.095,62.08,62.08,1664
2024-11-04 20:57:00,62.09,62.09,62.05,62.05,1253
2024-11-04 20:59:00,62.06,62.09,62.03,62.03,11876
2024-11-05 14:17:00,61.44,61.44,61.44,61.44,242
2024-11-05 14:30:00,61.22,61.22,61.22,61.22,1368
2024-11-05 14:32:00,61.36,61.36,61.345,61.345,236
2024-11-05 14:45:00,61.31,61.31,61.3,61.3,327
2024-11-05 14:55:00,61.41,61.41,61.41,61.41,329
2024-11-05 14:57:00,61.295,61.39,61.26,61.27,6064
2024-11-05 15:02:00,61.4,61.4,61.27,61.27,315
2024-11-05 15:04:00,61.36,61.41,61.36,61.36,677
2024-11-05 15:10:00,61.3,61.3,61.27,61.29,333
2024-11-05 15:11:00,61.27,61.3,61.145,61.18,3179
2024-11-05 15:13:00,61.225,61.225,61.225,61.225,159
2024-11-05 15:17:00,61.225,61.225,61.225,61.225,164
2024-11-05 15:18:00,61.25,61.28,61.25,61.265,1365
2024-11-05 15:19:00,61.26,61.26,61.26,61.26,113
2024-11-05 15:23:00,61.26,61.3,61.255,61.3,859
2024-11-05 15:34:00,61.28,61.325,61.28,61.325,219
2024-11-05 15:36:00,61.33,61.33,61.33,61.33,628
2024-11-05 15:38:00,61.27,61.27,61.27,61.27,120
2024-11-05 15:39:00,61.33,61.33,61.33,61.33,113
2024-11-05 15:41:00,61.3,61.33,61.275,61.33,2279
2024-11-05 15:42:00,61.27,61.27,61.27,61.27,118
2024-11-05 15:45:00,61.33,61.33,61.33,61.33,112
2024-11-05 15:46:00,61.33,61.33,61.33,61.33,378
2024-11-05 15:47:00,61.33,61.4,61.33,61.36,3640
2024-11-05 15:49:00,61.36,61.4,61.36,61.36,1873
2024-11-05 15:50:00,61.39,61.39,61.39,61.39,400
2024-11-05 15:51:00,61.38,61.38,61.365,61.365,333
2024-11-05 15:52:00,61.33,61.33,61.26,61.33,4810
2024-11-05 15:54:00,61.25,61.25,61.25,61.25,287
2024-11-05 15:57:00,61.335,61.335,61.33,61.33,747
2024-11-05 16:00:00,61.27,61.27,61.27,61.27,346
2024-11-05 16:01:00,61.24,61.25,61.2,61.25,2158
2024-11-05 16:02:00,61.26,61.26,61.26,61.26,323
2024-11-05 16:03:00,61.295,61.295,61.295,61.295,125
2024-11-05 16:04:00,61.285,61.31,61.285,61.2975,1134
2024-11-05 16:11:00,61.32,61.32,61.3025,61.31,723
2024-11-05 16:12:00,61.305,61.305,61.305,61.305,251
2024-11-05 16:14:00,61.32,61.35,61.3075,61.345,1349
2024-11-05 16:15:00,61.345,61.345,61.33,61.33,711
2024-11-05 16:16:00,61.33,61.33,61.32,61.32,498
2024-11-05 16:17:00,61.33,61.33,61.33,61.33,134
2024-11-05 16:18:00,61.335,61.3375,61.335,61.3375,936
2024-11-05 16:19:00,61.34,61.34,61.335,61.34,1040
2024-11-05 16:20:00,61.36,61.4487,61.333,61.333,1870
2024-11-05 16:22:00,61.41,61.41,61.41,61.41,236
2024-11-05 16:24:00,61.37,61.37,61.37,61.37,116
2024-11-05 16:25:00,61.395,61.395,61.395,61.395,824
2024-11-05 16:26:00,61.42,61.445,61.395,61.445,514
2024-11-05 16:32:00,61.405,61.41,61.4,61.41,595
2024-11-05 16:37:00,61.42,61.42,61.42,61.42,214
2024-11-05 16:40:00,61.507663,61.507663,61.507663,61.507663,104
2024-11-05 16:41:00,61.43,61.502,61.33,61.502,1553
2024-11-05 16:49:00,61.335,61.335,61.335,61.335,107
2024-11-05 16:50:00,61.405,61.405,61.405,61.405,186
2024-11-05 16:52:00,61.41,61.41,61.41,61.41,465
2024-11-05 16:54:00,61.345,61.345,61.345,61.345,124
2024-11-05 16:55:00,61.34,61.34,61.34,61.34,115
2024-11-05 16:58:00,61.38,61.38,61.38,61.38,230
2024-11-05 17:03:00,61.37,61.37,61.37,61.37,341
2024-11-05 17:04:00,61.38,61.38,61.38,61.38,669
2024-11-05 17:07:00,61.405,61.405,61.39,61.4,914
2024-11-05 17:08:00,61.4,61.4,61.4,61.4,200
2024-11-05 17:10:00,61.41,61.43,61.4,61.42,3080
2024-11-05 17:14:00,61.45,61.45,61.45,61.45,621
2024-11-05 17:16:00,61.44,61.44,61.42,61.42,790
2024-11-05 17:17:00,61.42,61.43,61.42,61.43,530
2024-11-05 17:19:00,61.465,61.465,61.465,61.465,106
2024-11-05 17:21:00,61.43,61.44,61.43,61.44,448
2024-11-05 17:22:00,61.43,61.458,61.43,61.458,226
2024-11-05 17:24:00,61.4899,61.4899,61.47,61.47,239
2024-11-05 17:28:00,61.48,61.48,61.48,61.48,185
2024-11-05 17:29:00,61.56,61.56,61.56,61.56,233
2024-11-05 17:30:00,61.42,61.42,61.42,61.42,199
2024-11-05 17:32:00,61.44,61.44,61.44,61.44,109
2024-11-05 17:39:00,61.43,61.43,61.4,61.425,770
2024-11-05 17:40:00,61.43,61.43,61.43,61.43,213
2024-11-05 17:44:00,61.435,61.4375,61.435,61.4375,311
2024-11-05 17:46:00,61.41,61.42,61.41,61.42,639
2024-11-05 17:54:00,61.43,61.43,61.43,61.43,380
2024-11-05 17:56:00,61.4138,61.4138,61.4138,61.4138,125
2024-11-05 17:58:00,61.42,61.42,61.42,61.42,318
2024-11-05 17:59:00,61.39,61.39,61.39,61.39,388
2024-11-05 18:03:00,61.41,61.41,61.3634,61.3634,532
2024-11-05 18:05:00,61.42,61.42,61.42,61.42,111
2024-11-05 18:07:00,61.42,61.425,61.415,61.4225,1012
2024-11-05 18:11:00,61.39,61.39,61.39,61.39,374
2024-11-05 18:12:00,61.36,61.36,61.36,61.36,354
2024-11-05 18:14:00,61.36,61.36,61.35,61.36,1562
2024-11-05 18:15:00,61.36,61.37,61.36,61.37,879
2024-11-05 18:16:00,61.365,61.42,61.365,61.42,741
2024-11-05 18:17:00,61.44,61.44,61.44,61.44,657
2024-11-05 18:19:00,61.42,61.42,61.38,61.38,863
2024-11-05 18:34:00,61.355,61.355,61.34,61.34,623
2024-11-05 18:37:00,61.32,61.32,61.3,61.3,1632
2024-11-05 18:45:00,61.27,61.27,61.27,61.27,154
2024-11-05 18:52:00,61.32,61.32,61.32,61.32,436
2024-11-05 19:00:00,61.3,61.3,61.3,61.3,116
2024-11-05 19:01:00,61.315,61.315,61.315,61.315,1711
2024-11-05 19:03:00,61.32,61.32,61.32,61.32,337
2024-11-05 19:07:00,61.3,61.31,61.3,61.31,293
2024-11-05 19:10:00,61.27,61.33,61.27,61.33,325
2024-11-05 19:20:00,61.31,61.31,61.31,61.31,122
2024-11-05 19:26:00,61.35,61.36,61.35,61.36,300
2024-11-05 19:30:00,61.33,61.33,61.33,61.33,474
2024-11-05 19:33:00,61.35,61.35,61.35,61.35,398
2024-11-05 19:38:00,61.33,61.33,61.33,61.33,103
2024-11-05 19:48:00,61.345,61.345,61.345,61.345,210
2024-11-05 19:49:00,61.34,61.34,61.33,61.33,975
2024-11-05 19:50:00,61.32,61.33,61.32,61.33,923
2024-11-05 19:52:00,61.32,61.32,61.32,61.32,586
2024-11-05 19:55:00,61.305,61.305,61.305,61.305,174
2024-11-05 20:03:00,61.28,61.28,61.28,61.28,106
2024-11-05 20:09:00,61.2904,61.2904,61.2904,61.2904,120
2024-11-05 20:13:00,61.32,61.32,61.32,61.32,145
2024-11-05 20:17:00,61.33,61.33,61.33,61.33,348
2024-11-05 20:18:00,61.31,61.33,61.31,61.33,2004
2024-11-05 20:21:00,61.36,61.36,61.33,61.33,769
2024-11-05 20:24:00,61.35,61.37,61.35,61.35,579
2024-11-05 20:31:00,61.3166,61.3166,61.3166,61.3166,406
2024-11-05 20:33:00,61.35,61.39,61.35,61.39,2579
2024-11-05 20:38:00,61.42,61.42,61.42,61.42,401
2024-11-05 20:40:00,61.41,61.41,61.41,61.41,193
2024-11-05 20:42:00,61.41,61.41,61.41,61.41,266
2024-11-05 20:43:00,61.41,61.41,61.41,61.41,193
2024-11-05 20:44:00,61.437,61.437,61.437,61.437,288
2024-11-05 20:49:00,61.43,61.43,61.43,61.43,470
2024-11-05 20:50:00,61.44,61.45,61.4,61.4,2306
2024-11-05 20:53:00,61.42,61.425,61.42,61.42,1128
2024-11-05 20:56:00,61.42,61.42,61.42,61.42,452
2024-11-05 20:57:00,61.45,61.45,61.41,61.41,750
2024-11-05 20:58:00,61.4305,61.4305,61.41,61.41,502
2024-11-05 20:59:00,61.375,61.56,61.375,61.56,3944
2024-11-06 10:56:00,57.89,57.89,57.89,57.89,284
2024-11-06 13:04:00,58.51,58.51,58.51,58.51,100
2024-11-06 14:11:00,58.05,58.05,58.05,58.05,615
2024-11-06 14:12:00,58.03,58.04,58.0,58.0,763
2024-11-06 14:13:00,58.02,58.03,58.0,58.01,1598
2024-11-06 14:23:00,58.0,58.0,58.0,58.0,1803
2024-11-06 14:25:00,57.99,57.99,57.99,57.99,512
2024-11-06 14:27:00,57.93,57.93,57.93,57.93,317
2024-11-06 14:29:00,57.93,58.32,57.91,57.92,2011
2024-11-06 14:30:00,58.51,58.9,58.19,58.195,19278
2024-11-06 14:31:00,58.22,58.22,57.41,57.41,4961
2024-11-06 14:32:00,57.46,57.51,57.41,57.41,1818
2024-11-06 14:36:00,57.4,57.47,57.4,57.4,1700
2024-11-06 14:37:00,57.4,57.47,57.4,57.41,990
2024-11-06 14:39:00,57.2831,57.45,57.2831,57.45,411
2024-11-06 14:40:00,57.32,57.32,57.2637,57.2637,733
2024-11-06 14:41:00,57.34,57.37,57.32,57.37,1840
2024-11-06 14:42:00,57.47,57.47,57.47,57.47,392
2024-11-06 14:43:00,57.47,57.92,57.44,57.45,5766
2024-11-06 14:45:00,57.39,57.39,57.38,57.38,966
2024-11-06 14:46:00,57.34,57.34,57.17,57.175,4223
2024-11-06 14:47:00,57.09,57.26,56.97,57.26,4255
2024-11-06 14:48:00,57.125,57.125,57.125,57.125,407
2024-11-06 14:49:00,57.12,57.13,57.09,57.09,1129
2024-11-06 14:51:00,57.0,57.0,56.89,56.89,1664
2024-11-06 14:52:00,56.92,57.065,56.92,57.065,3472
2024-11-06 14:53:00,57.06,57.06,57.06,57.06,216
2024-11-06 14:54:00,57.065,57.065,57.065,57.065,307
2024-11-06 14:56:00,57.1574,57.1574,56.84,56.86,3283
2024-11-06 14:57:00,57.03,57.03,57.03,57.03,125
2024-11-06 15:00:00,57.19,57.19,57.19,57.19,178
2024-11-06 15:04:00,57.235,57.3,57.235,57.265,580
2024-11-06 15:05:00,57.256,57.256,57.256,57.256,603
2024-11-06 15:06:00,57.29,57.29,57.29,57.29,623
2024-11-06 15:10:00,57.341,57.341,57.341,57.341,274
2024-11-06 15:11:00,57.39,57.46,57.37,57.45,985
2024-11-06 15:12:00,57.49,57.49,57.43,57.43,1070
2024-11-06 15:15:00,57.38,57.38,57.38,57.38,253
2024-11-06 15:17:00,57.43,57.43,57.43,57.43,425
2024-11-06 15:19:00,57.45,57.45,57.425,57.425,580
2024-11-06 15:21:00,57.49,57.49,57.425,57.425,642
2024-11-06 15:22:00,57.455,57.455,57.455,57.455,382
2024-11-06 15:23:00,57.4915,57.4915,57.4915,57.4915,198
2024-11-06 15:24:00,57.44,57.51,57.44,57.47,502
2024-11-06 15:25:00,57.475,57.56,57.44,57.555,1412
2024-11-06 15:26:00,57.54,57.54,57.54,57.54,618
2024-11-06 15:27:00,57.56,57.64,57.56,57.64,707
2024-11-06 15:28:00,57.63,57.64,57.63,57.64,610
2024-11-06 15:31:00,57.65,57.74,57.63,57.74,1777
2024-11-06 15:32:00,57.71,57.8,57.5828,57.5828,2409
2024-11-06 15:36:00,57.66,57.69,57.6,57.6,1122
2024-11-06 15:37:00,57.6,57.6,57.48,57.56,1412
2024-11-06 15:39:00,57.47,57.525,57.45,57.45,768
2024-11-06 15:40:00,57.5134,57.5134,57.5134,57.5134,963
2024-11-06 15:41:00,57.6,57.6,57.6,57.6,407
2024-11-06 15:46:00,57.74,57.7882,57.68,57.72,809
2024-11-06 15:48:00,57.74,57.74,57.74,57.74,140
2024-11-06 15:49:00,57.77,57.77,57.76,57.76,394
2024-11-06 15:50:00,57.765,57.8,57.76,57.76,723
2024-11-06 15:51:00,57.76,57.76,57.73,57.73,1187
2024-11-06 15:53:00,57.765,57.765,57.755,57.755,465
2024-11-06 15:54:00,57.75,57.75,57.75,57.75,163
2024-11-06 15:56:00,57.78,57.78,57.775,57.775,333
2024-11-06 15:57:00,57.79,57.84,57.79,57.84,328
2024-11-06 15:58:00,57.815,57.815,57.815,57.815,113
2024-11-06 16:01:00,57.9599,57.9599,57.84,57.84,762
2024-11-06 16:02:00,57.7871,57.7871,57.7871,57.7871,286
2024-11-06 16:04:00,57.85,57.85,57.85,57.85,690
2024-11-06 16:05:00,57.87,57.87,57.87,57.87,221
2024-11-06 16:09:00,57.89,57.89,57.865,57.865,474
2024-11-06 16:10:00,57.86,57.86,57.82,57.82,364
2024-11-06 16:11:00,57.8,57.81,57.8,57.8,986
2024-11-06 16:12:00,57.76,57.76,57.69,57.69,723
2024-11-06 16:13:00,57.69,57.69,57.69,57.69,229
2024-11-06 16:14:00,57.68,57.74,57.68,57.74,965
2024-11-06 16:15:00,57.735,57.735,57.735,57.735,109
2024-11-06 16:16:00,57.74,57.74,57.74,57.74,212
2024-11-06 16:17:00,57.7,57.7,57.69,57.69,992
2024-11-06 16:18:00,57.6,57.64,57.6,57.64,544
2024-11-06 16:20:00,57.63,57.63,57.63,57.63,185
2024-11-06 16:22:00,57.61,57.61,57.6081,57.6081,315
2024-11-06 16:23:00,57.58,57.58,57.58,57.58,495
2024-11-06 16:25:00,57.64,57.65,57.64,57.65,405
2024-11-06 16:28:00,57.695,57.695,57.695,57.695,105
2024-11-06 16:29:00,57.695,57.695,57.68,57.68,523
2024-11-06 16:30:00,57.7,57.7,57.7,57.7,122
2024-11-06 16:31:00,57.7,57.705,57.68,57.68,443
2024-11-06 16:32:00,57.685,57.685,57.65,57.65,855
2024-11-06 16:34:00,57.68,57.69,57.68,57.69,296
2024-11-06 16:35:00,57.69,57.69,57.69,57.69,336
2024-11-06 16:38:00,57.69,57.69,57.69,57.69,127
2024-11-06 16:39:00,57.72,57.72,57.72,57.72,120
2024-11-06 16:40:00,57.725,57.725,57.725,57.725,178
2024-11-06 16:41:00,57.73,57.73,57.73,57.73,181
2024-11-06 16:49:00,57.815,57.815,57.815,57.815,147
2024-11-06 16:50:00,57.84,57.84,57.825,57.825,227
2024-11-06 16:51:00,57.8221,57.8221,57.8221,57.8221,594
2024-11-06 16:54:00,57.83,57.83,57.81,57.83,581
2024-11-06 16:55:00,57.83,57.83,57.83,57.83,524
2024-11-06 16:56:00,57.835,57.835,57.835,57.835,272
2024-11-06 16:58:00,57.85,57.85,57.81,57.83,637
2024-11-06 17:00:00,57.82,57.82,57.8,57.8,615
2024-11-06 17:01:00,57.7947,57.7947,57.76,57.76,576
2024-11-06 17:03:00,57.76,57.76,57.76,57.76,219
2024-11-06 17:04:00,57.7414,57.7414,57.7414,57.7414,218
2024-11-06 17:06:00,57.76,57.76,57.76,57.76,122
2024-11-06 17:08:00,57.76,57.76,57.76,57.76,248
2024-11-06 17:10:00,57.77,57.77,57.77,57.77,508
2024-11-06 17:11:00,57.85,57.85,57.85,57.85,246
2024-11-06 17:17:00,57.84,57.88,57.79,57.79,898
2024-11-06 17:18:00,57.795,57.795,57.795,57.795,345
2024-11-06 17:20:00,57.82,57.82,57.82,57.82,115
2024-11-06 17:21:00,57.82,57.82,57.82,57.82,104
2024-11-06 17:22:00,57.82,57.82,57.82,57.82,172
2024-11-06 17:24:00,57.84,57.84,57.84,57.84,128
2024-11-06 17:27:00,57.87,57.935,57.87,57.91,1129
2024-11-06 17:28:00,57.91,57.91,57.91,57.91,784
2024-11-06 17:30:00,57.935,57.95,57.91,57.95,842
2024-11-06 17:31:00,57.92,57.92,57.915,57.915,348
2024-11-06 17:32:00,57.91,57.91,57.91,57.91,305
2024-11-06 17:35:00,57.955,57.955,57.955,57.955,371
2024-11-06 17:39:00,57.96,57.99,57.96,57.99,936
2024-11-06 17:44:00,58.005,58.005,58.005,58.005,134
2024-11-06 17:45:00,58.005,58.005,58.005,58.005,108
2024-11-06 17:50:00,58.005,58.01,57.995,57.995,310
2024-11-06 17:51:00,57.97,57.97,57.94,57.94,1105
2024-11-06 17:53:00,57.9985,57.9985,57.9985,57.9985,177
2024-11-06 17:54:00,57.91,57.9879,57.91,57.95,2141
2024-11-06 17:56:00,58.01,58.01,58.01,58.01,167
2024-11-06 17:58:00,58.02,58.03,58.02,58.03,201
2024-11-06 18:02:00,58.07,58.07,58.07,58.07,164
2024-11-06 18:05:00,58.16,58.16,58.085,58.085,1308
2024-11-06 18:08:00,58.11,58.11,58.11,58.11,163
2024-11-06 18:14:00,58.29,58.29,58.29,58.29,405
2024-11-06 18:16:00,58.27,58.27,58.27,58.27,141
2024-11-06 18:17:00,58.29,58.3,58.29,58.3,1095
2024-11-06 18:18:00,58.3,58.3,58.3,58.3,385
2024-11-06 18:19:00,58.305,58.305,58.305,58.305,270
2024-11-06 18:20:00,58.3,58.3,58.3,58.3,123
2024-11-06 18:23:00,58.3,58.3,58.3,58.3,122
2024-11-06 18:24:00,58.32,58.32,58.32,58.32,312
2024-11-06 18:29:00,58.42,58.42,58.38,58.405,1089
2024-11-06 18:31:00,58.37,58.37,58.33,58.33,857
2024-11-06 18:32:00,58.34,58.34,58.33,58.33,660
2024-11-06 18:34:00,58.29,58.29,58.29,58.29,256
2024-11-06 18:35:00,58.3031,58.3031,58.23,58.23,1496
2024-11-06 18:36:00,58.245,58.245,58.245,58.245,219
2024-11-06 18:37:00,58.21,58.21,58.21,58.21,256
2024-11-06 18:38:00,58.16,58.16,58.16,58.16,160
2024-11-06 18:40:00,58.14,58.14,58.14,58.14,168
2024-11-06 18:48:00,58.18,58.18,58.18,58.18,247
2024-11-06 18:49:00,58.175,58.175,58.175,58.175,113
2024-11-06 18:53:00,58.15,58.17,58.15,58.17,753
2024-11-06 18:56:00,58.17,58.17,58.14,58.1667,770
2024-11-06 18:58:00,58.155,58.155,58.1,58.1,812
2024-11-06 19:00:00,58.09,58.09,58.09,58.09,262
2024-11-06 19:07:00,58.135,58.16,58.135,58.16,267
2024-11-06 19:08:00,58.16,58.2,58.16,58.18,549
2024-11-06 19:11:00,58.14,58.14,58.14,58.14,281
2024-11-06 19:13:00,58.21,58.21,58.21,58.21,515
2024-11-06 19:17:00,58.205,58.205,58.18,58.18,318
2024-11-06 19:19:00,58.16,58.18,58.16,58.18,232
2024-11-06 19:25:00,58.2,58.21,58.2,58.21,521
2024-11-06 19:29:00,58.25,58.25,58.23,58.25,914
2024-11-06 19:32:00,58.275,58.275,58.275,58.275,132
2024-11-06 19:35:00,58.31,58.31,58.31,58.31,356
2024-11-06 19:36:00,58.27,58.27,58.27,58.27,1314
2024-11-06 19:38:00,58.33,58.33,58.29,58.3,673
2024-11-06 19:43:00,58.29,58.3,58.26,58.26,930
2024-11-06 19:44:00,58.25,58.2999,58.25,58.266438,643
2024-11-06 19:46:00,58.225,58.225,58.225,58.225,240
2024-11-06 19:47:00,58.2,58.2,58.2,58.2,380
2024-11-06 19:49:00,58.19,58.19,58.19,58.19,108
2024-11-06 19:52:00,58.17,58.17,58.17,58.17,142
2024-11-06 19:53:00,58.18,58.18,58.18,58.18,264
2024-11-06 19:58:00,58.15,58.15,58.15,58.15,562
2024-11-06 20:03:00,58.18,58.21,58.17,58.21,1184
2024-11-06 20:04:00,58.175,58.175,58.15,58.15,442
2024-11-06 20:06:00,58.19,58.19,58.18,58.18,334
2024-11-06 20:11:00,58.16,58.16,58.13,58.13,827
2024-11-06 20:12:00,58.08,58.08,58.065,58.065,372
2024-11-06 20:14:00,58.0999,58.0999,58.0999,58.0999,314
2024-11-06 20:15:00,58.05,58.0637,58.05,58.05,1410
2024-11-06 20:16:00,58.1,58.1,58.1,58.1,173
2024-11-06 20:17:00,58.101,58.101,58.1,58.1,693
2024-11-06 20:18:00,58.1,58.1,58.1,58.1,106
2024-11-06 20:19:00,58.07,58.07,58.07,58.07,216
2024-11-06 20:21:00,58.095,58.095,58.095,58.095,111
2024-11-06 20:23:00,58.07,58.07,58.07,58.07,1059
2024-11-06 20:29:00,58.11,58.11,58.11,58.11,451
2024-11-06 20:30:00,58.08,58.18,58.08,58.13,2152
2024-11-06 20:31:00,58.13,58.13,58.11,58.11,1303
2024-11-06 20:32:00,58.125,58.125,58.11,58.12,1676
2024-11-06 20:33:00,58.11,58.11,58.11,58.11,509
2024-11-06 20:34:00,58.1,58.11,58.1,58.1,1178
2024-11-06 20:36:00,58.09,58.09,58.07,58.07,1652
2024-11-06 20:37:00,58.06,58.06,58.05,58.05,1077
2024-11-06 20:38:00,58.05,58.05,58.05,58.05,571
2024-11-06 20:40:00,58.0709,58.08,58.0709,58.08,1223
2024-11-06 20:41:00,58.1,58.1,58.1,58.1,592
2024-11-06 20:43:00,58.09,58.09,58.08,58.08,489
2024-11-06 20:45:00,58.085,58.085,58.085,58.085,253
2024-11-06 20:47:00,58.09,58.09,58.09,58.09,355
2024-11-06 20:48:00,58.105,58.12,58.0951,58.11,668
2024-11-06 20:49:00,58.11,58.11,58.11,58.11,420
2024-11-06 20:50:00,58.08,58.08,58.03,58.06,2163
2024-11-06 20:51:00,58.055,58.055,58.03,58.03,975
2024-11-06 20:52:00,58.03,58.03,58.02,58.02,1545
2024-11-06 20:53:00,58.0,58.01,58.0,58.01,1060
2024-11-06 20:54:00,58.015,58.015,58.01,58.01,548
2024-11-06 20:55:00,58.01,58.01,57.98,57.985,2064
2024-11-06 20:57:00,57.99,57.99,57.93,57.945,5390
2024-11-06 20:58:00,57.93,57.94,57.92,57.92,2153
2024-11-06 20:59:00,57.92,57.92,57.87,57.87,4872
2024-11-06 21:00:00,57.88,57.88,57.88,57.88,300
2024-11-07 14:30:00,59.27,59.27,59.19,59.26,2283
2024-11-07 14:31:00,59.25,59.25,59.25,59.25,100
2024-11-07 14:33:00,59.21,59.26,59.21,59.25,1685
2024-11-07 14:34:00,59.24,59.32,59.24,59.32,1413
2024-11-07 14:35:00,59.32,59.32,59.26,59.3,1319
2024-11-07 14:36:00,59.31,59.32,59.31,59.32,502
2024-11-07 14:37:00,59.151,59.34,59.151,59.33,358
2024-11-07 14:39:00,59.35,59.36,59.35,59.36,200
2024-11-07 14:40:00,59.36,59.4,59.36,59.4,1356
2024-11-07 14:41:00,59.31,59.31,59.2419,59.2419,356
2024-11-07 14:43:00,59.42,59.45,59.4,59.45,705
2024-11-07 14:44:00,59.46,59.46,59.42,59.42,306
2024-11-07 14:45:00,59.45,59.52,59.32,59.43,1526
2024-11-07 14:46:00,59.49,59.68,59.43,59.44,1512
2024-11-07 14:47:00,59.45,59.54,59.45,59.46,1620
2024-11-07 14:48:00,59.52,59.62,59.48,59.5,2080
2024-11-07 14:49:00,59.52,59.52,59.4892,59.51,1108
2024-11-07 14:50:00,59.52,59.55,59.52,59.55,779
2024-11-07 14:51:00,59.57,59.69,59.57,59.58,1363
2024-11-07 14:52:00,59.58,59.665,59.58,59.61,1069
2024-11-07 14:54:00,59.6,59.66,59.6,59.61,1138
2024-11-07 14:55:00,59.64,59.65,59.535,59.535,1464
2024-11-07 14:57:00,59.6,59.6,59.6,59.6,136
2024-11-07 14:58:00,59.63,59.84,59.63,59.72,5212
2024-11-07 14:59:00,59.69,59.715,59.63,59.66,980
2024-11-07 15:01:00,59.65,59.66,59.65,59.66,530
2024-11-07 15:02:00,59.56,59.56,59.56,59.56,118
2024-11-07 15:04:00,59.4841,59.64,59.4841,59.64,291
2024-11-07 15:05:00,59.66,59.66,59.65,59.66,374
2024-11-07 15:06:00,59.67,59.79,59.66,59.73,1401
2024-11-07 15:07:00,59.68,59.795,59.64,59.64,1095
2024-11-07 15:09:00,59.64,59.64,59.64,59.64,250
2024-11-07 15:12:00,59.665,59.67,59.665,59.67,237
2024-11-07 15:13:00,59.639726,59.639726,59.639726,59.639726,297
2024-11-07 15:18:00,59.7,59.7,59.7,59.7,100
2024-11-07 15:19:00,59.6,59.67,59.6,59.67,356
2024-11-07 15:21:00,59.7,59.7,59.69,59.69,513
2024-11-07 15:23:00,59.73,59.73,59.73,59.73,132
2024-11-07 15:25:00,59.75,59.75,59.75,59.75,339
2024-11-07 15:26:00,59.6676,59.6676,59.6676,59.6676,116
2024-11-07 15:27:00,59.76,59.76,59.76,59.76,203
2024-11-07 15:28:00,59.77,59.77,59.77,59.77,300
2024-11-07 15:29:00,59.77,59.78,59.77,59.77,404
2024-11-07 15:30:00,59.77,59.79,59.77,59.79,967
2024-11-07 15:31:00,59.82,59.82,59.76,59.76,554
2024-11-07 15:33:00,59.77,59.77,59.77,59.77,125
2024-11-07 15:34:00,59.78,59.79,59.78,59.79,200
2024-11-07 15:36:00,59.82,59.82,59.82,59.82,123
2024-11-07 15:37:00,59.8065,59.8065,59.8065,59.8065,542
2024-11-07 15:38:00,59.81,59.82,59.81,59.82,809
2024-11-07 15:41:00,59.77,59.77,59.77,59.77,136
2024-11-07 15:43:00,59.81,59.81,59.81,59.81,287
2024-11-07 15:44:00,59.785,59.785,59.785,59.785,196
2024-11-07 15:45:00,59.785,59.785,59.76,59.76,1513
2024-11-07 15:46:00,59.8,59.8,59.78,59.78,218
2024-11-07 15:48:00,59.78,59.78,59.77,59.77,830
2024-11-07 15:49:00,59.82,59.82,59.82,59.82,187
2024-11-07 15:50:00,59.84,59.84,59.84,59.84,287
2024-11-07 15:52:00,59.85,59.85,59.85,59.85,543
2024-11-07 15:55:00,59.84,59.84,59.81,59.82,1287
2024-11-07 15:56:00,59.85,59.85,59.83,59.83,317
2024-11-07 16:00:00,59.78,59.8,59.77,59.8,589
2024-11-07 16:02:00,59.78,59.8,59.75,59.78,1205
2024-11-07 16:03:00,59.78,59.78,59.73,59.73,688
2024-11-07 16:05:00,59.68,59.68,59.68,59.68,153
2024-11-07 16:07:00,59.63,59.63,59.63,59.63,352
2024-11-07 16:08:00,59.65,59.66,59.65,59.66,1428
2024-11-07 16:11:00,59.67,59.67,59.655,59.655,692
2024-11-07 16:12:00,59.65,59.65,59.64,59.64,287
2024-11-07 16:13:00,59.61,59.61,59.61,59.61,374
2024-11-07 16:16:00,59.595,59.595,59.595,59.595,199
2024-11-07 16:18:00,59.58,59.58,59.57,59.57,501
2024-11-07 16:22:00,59.62,59.62,59.62,59.62,101
2024-11-07 16:26:00,59.635,59.635,59.61,59.61,573
2024-11-07 16:28:00,59.63,59.63,59.6,59.6,678
2024-11-07 16:32:00,59.62,59.62,59.62,59.62,132
2024-11-07 16:33:00,59.62,59.62,59.61,59.61,561
2024-11-07 16:34:00,59.65,59.65,59.65,59.65,104
2024-11-07 16:43:00,59.61,59.73,59.6,59.73,814
2024-11-07 16:49:00,59.65,59.65,59.65,59.65,753
2024-11-07 16:51:00,59.65,59.65,59.65,59.65,351
2024-11-07 16:52:00,59.69,59.69,59.69,59.69,100
2024-11-07 16:57:00,59.76,59.76,59.76,59.76,110
2024-11-07 17:03:00,59.705,59.705,59.705,59.705,104
2024-11-07 17:09:00,59.71,59.71,59.71,59.71,200
2024-11-07 17:10:00,59.77,59.77,59.77,59.77,197
2024-11-07 17:11:00,59.78,59.78,59.78,59.78,252
2024-11-07 17:17:00,59.75,59.75,59.75,59.75,193
2024-11-07 17:18:00,59.75,59.75,59.75,59.75,223
2024-11-07 17:21:00,59.83,59.83,59.83,59.83,637
2024-11-07 17:23:00,59.86,59.86,59.86,59.86,101
2024-11-07 17:25:00,59.88,59.88,59.88,59.88,123
2024-11-07 17:27:00,59.845,59.845,59.83,59.83,313
2024-11-07 17:28:00,59.86,59.87,59.86,59.87,210
2024-11-07 17:33:00,59.82,59.82,59.82,59.82,1381
2024-11-07 17:36:00,59.82,59.82,59.796,59.796,1011
2024-11-07 17:37:00,59.79,59.795,59.78,59.79,1031
2024-11-07 17:38:00,59.75,59.75,59.75,59.75,115
2024-11-07 17:40:00,59.8115,59.8115,59.77,59.79,1329
2024-11-07 17:42:00,59.76,59.76,59.76,59.76,594
2024-11-07 17:45:00,59.79,59.79,59.79,59.79,138
2024-11-07 17:48:00,59.8,59.82,59.8,59.82,1256
2024-11-07 17:51:00,59.8,59.8,59.8,59.8,123
2024-11-07 18:00:00,59.78,59.78,59.78,59.78,392
2024-11-07 18:01:00,59.815,59.815,59.815,59.815,239
2024-11-07 18:02:00,59.8,59.8,59.8,59.8,331
2024-11-07 18:03:00,59.82,59.82,59.82,59.82,197
2024-11-07 18:07:00,59.81,59.81,59.79,59.79,1227
2024-11-07 18:11:00,59.76,59.76,59.74,59.74,920
2024-11-07 18:12:00,59.746,59.746,59.746,59.746,242
2024-11-07 18:18:00,59.71,59.72,59.71,59.72,265
2024-11-07 18:21:00,59.75,59.75,59.75,59.75,334
2024-11-07 18:23:00,59.7442,59.7442,59.7442,59.7442,706
2024-11-07 18:26:00,59.7308,59.7308,59.7308,59.7308,321
2024-11-07 18:28:00,59.75,59.77,59.75,59.77,432
2024-11-07 18:29:00,59.74,59.74,59.74,59.74,428
2024-11-07 18:30:00,59.7,59.715,59.67,59.67,1108
2024-11-07 18:32:00,59.65,59.65,59.65,59.65,499
2024-11-07 18:33:00,59.65,59.65,59.65,59.65,267
2024-11-07 18:36:00,59.65,59.65,59.65,59.65,1209
2024-11-07 18:40:00,59.63,59.63,59.62,59.62,295
2024-11-07 18:42:00,59.62,59.62,59.61,59.61,465
2024-11-07 18:47:00,59.5801,59.5801,59.5801,59.5801,414
2024-11-07 18:48:00,59.58,59.58,59.58,59.58,100
2024-11-07 18:50:00,59.625,59.625,59.625,59.625,204
2024-11-07 18:52:00,59.6447,59.6447,59.625,59.625,655
2024-11-07 18:54:00,59.64,59.64,59.64,59.64,305
2024-11-07 18:55:00,59.63,59.63,59.63,59.63,677
2024-11-07 18:57:00,59.6431,59.6431,59.6431,59.6431,114
2024-11-07 18:58:00,59.62,59.62,59.59,59.59,848
2024-11-07 19:00:00,59.56,59.62,59.47,59.47,5740
2024-11-07 19:02:00,59.45,59.45,59.45,59.45,118
2024-11-07 19:04:00,59.44,59.44,59.4,59.41,859
2024-11-07 19:06:00,59.49,59.49,59.49,59.49,104
2024-11-07 19:07:00,59.52,59.52,59.52,59.52,405
2024-11-07 19:11:00,59.42,59.42,59.42,59.42,110
2024-11-07 19:13:00,59.46,59.46,59.45,59.46,967
2024-11-07 19:14:00,59.47,59.52,59.47,59.48,713
2024-11-07 19:15:00,59.51,59.51,59.51,59.51,176
2024-11-07 19:17:00,59.5,59.5,59.48,59.48,600
2024-11-07 19:18:00,59.48,59.48,59.48,59.48,609
2024-11-07 19:20:00,59.48,59.5,59.47,59.5,684
2024-11-07 19:22:00,59.45,59.455,59.45,59.455,516
2024-11-07 19:23:00,59.43,59.43,59.43,59.43,276
2024-11-07 19:24:00,59.455,59.455,59.4375,59.455,1232
2024-11-07 19:25:00,59.455,59.455,59.455,59.455,147
2024-11-07 19:26:00,59.455,59.455,59.455,59.455,133
2024-11-07 19:29:00,59.455,59.455,59.42,59.42,508
2024-11-07 19:30:00,59.435,59.46,59.435,59.44,575
2024-11-07 19:31:00,59.47,59.5,59.47,59.48,1840
2024-11-07 19:32:00,59.46,59.46,59.46,59.46,149
2024-11-07 19:34:00,59.46,59.495,59.46,59.495,958
2024-11-07 19:38:00,59.46,59.47,59.46,59.47,1297
2024-11-07 19:39:00,59.47,59.5,59.46,59.46,2996
2024-11-07 19:40:00,59.42,59.42,59.39,59.39,875
2024-11-07 19:41:00,59.38,59.38,59.38,59.38,123
2024-11-07 19:42:00,59.37,59.37,59.37,59.37,100
2024-11-07 19:43:00,59.375,59.375,59.375,59.375,201
2024-11-07 19:44:00,59.5,59.5,59.5,59.5,119
2024-11-07 19:46:00,59.5,59.5,59.5,59.5,250
2024-11-07 19:47:00,59.5,59.5,59.4,59.4,346
2024-11-07 19:48:00,59.5,59.515,59.5,59.515,1055
2024-11-07 19:49:00,59.515,59.515,59.5,59.5,490
2024-11-07 19:50:00,59.56,59.56,59.5,59.5,225
2024-11-07 19:51:00,59.56,59.56,59.49,59.49,705
2024-11-07 19:52:00,59.525,59.55,59.525,59.55,302
2024-11-07 19:53:00,59.48,59.48,59.48,59.48,149
2024-11-07 19:55:00,59.5,59.5,59.495,59.5,1025
2024-11-07 19:56:00,59.55,59.55,59.5,59.505,823
2024-11-07 19:57:00,59.55,59.55,59.52,59.52,270
2024-11-07 19:58:00,59.51,59.55,59.5,59.55,5814
2024-11-07 19:59:00,59.67,59.67,59.67,59.67,235
2024-11-07 20:01:00,59.57,59.675,59.57,59.675,416
2024-11-07 20:02:00,59.675,59.68,59.675,59.68,211
2024-11-07 20:03:00,59.68,59.68,59.63,59.63,844
2024-11-07 20:05:00,59.66,59.66,59.61,59.61,715
2024-11-07 20:06:00,59.61,59.61,59.61,59.61,291
2024-11-07 20:07:00,59.6546,59.6566,59.64,59.65,545
2024-11-07 20:08:00,59.62,59.62,59.6,59.6,516
2024-11-07 20:09:00,59.68,59.68,59.68,59.68,185
2024-11-07 20:10:00,59.6,59.69,59.59,59.61,1095
2024-11-07 20:11:00,59.69,59.69,59.61,59.61,870
2024-11-07 20:14:00,59.68,59.69,59.625,59.69,401
2024-11-07 20:15:00,59.625,59.69,59.62,59.64,767
2024-11-07 20:16:00,59.64,59.64,59.64,59.64,206
2024-11-07 20:17:00,59.605,59.655,59.605,59.655,634
2024-11-07 20:18:00,59.69,59.7,59.655,59.7,1551
2024-11-07 20:19:00,59.72,59.75,59.72,59.75,1417
2024-11-07 20:20:00,59.74,59.75,59.7,59.7,2123
2024-11-07 20:21:00,59.73,59.77,59.72,59.72,1425
2024-11-07 20:22:00,59.71,59.72,59.71,59.72,994
2024-11-07 20:23:00,59.6801,59.6801,59.6801,59.6801,337
2024-11-07 20:24:00,59.71,59.72,59.71,59.72,949
2024-11-07 20:25:00,59.72,59.72,59.7,59.7,738
2024-11-07 20:26:00,59.72,59.72,59.72,59.72,420
2024-11-07 20:27:00,59.68,59.685,59.655,59.655,1279
2024-11-07 20:28:00,59.69,59.69,59.69,59.69,186
2024-11-07 20:29:00,59.646,59.65,59.61,59.64,1908
2024-11-07 20:30:00,59.62,59.62,59.62,59.62,249
2024-11-07 20:31:00,59.6,59.6,59.515,59.525,1323
2024-11-07 20:32:00,59.6,59.62,59.57,59.62,1535
2024-11-07 20:34:00,59.65,59.65,59.65,59.65,195
2024-11-07 20:35:00,59.61,59.61,59.585,59.585,1362
2024-11-07 20:36:00,59.57,59.58,59.55,59.58,716
2024-11-07 20:38:00,59.58,59.58,59.58,59.58,201
2024-11-07 20:39:00,59.58,59.58,59.5,59.52,1609
2024-11-07 20:40:00,59.54,59.55,59.53,59.53,707
2024-11-07 20:41:00,59.55,59.58,59.53,59.58,1953
2024-11-07 20:42:00,59.565,59.565,59.565,59.565,235
2024-11-07 20:43:00,59.55,59.55,59.55,59.55,543
2024-11-07 20:44:00,59.53,59.535,59.5,59.535,1129
2024-11-07 20:46:00,59.545,59.58,59.545,59.55,552
2024-11-07 20:47:00,59.545,59.64,59.54,59.64,2463
2024-11-07 20:48:00,59.65,59.65,59.65,59.65,229
2024-11-07 20:49:00,59.61,59.61,59.53,59.53,2440
2024-11-07 20:50:00,59.53,59.53,59.53,59.53,1221
2024-11-07 20:51:00,59.53,59.54,59.51,59.54,1085
2024-11-07 20:52:00,59.54,59.54,59.53,59.53,896
2024-11-07 20:53:00,59.53,59.53,59.47,59.5,1712
2024-11-07 20:54:00,59.52,59.52,59.52,59.52,155
2024-11-07 20:55:00,59.505,59.52,59.49,59.52,2141
2024-11-07 20:56:00,59.51,59.51,59.47,59.47,3081
2024-11-07 20:57:00,59.48,59.48,59.43,59.44,3544
2024-11-07 20:58:00,59.5,59.53,59.47,59.52,2223
2024-11-07 20:59:00,59.53,59.63,59.51,59.63,4796
2024-11-07 21:42:00,58.5892,58.5892,58.5892,58.5892,100
2024-11-08 10:58:00,58.48,58.48,58.48,58.48,200
2024-11-08 14:19:00,57.66,57.66,57.66,57.66,117
2024-11-08 14:29:00,57.74,57.87,57.74,57.87,1120
2024-11-08 14:30:00,57.44,57.52,57.44,57.51,3302
2024-11-08 14:32:00,57.34,57.34,57.34,57.34,888
2024-11-08 14:33:00,57.5699,57.5699,57.45,57.45,751
2024-11-08 14:34:00,57.39,57.39,57.31,57.335,892
2024-11-08 14:35:00,57.33,57.41,57.33,57.36,1082
2024-11-08 14:37:00,57.37,57.41,57.28,57.28,3079
2024-11-08 14:38:00,57.26,57.295,57.23,57.23,931
2024-11-08 14:39:00,57.25,57.26,57.17,57.22,1642
2024-11-08 14:40:00,57.23,57.23,57.15,57.22,1820
2024-11-08 14:41:00,57.21,57.21,57.13,57.13,1024
2024-11-08 14:42:00,57.19,57.19,57.15,57.16,908
2024-11-08 14:44:00,57.14,57.14,57.14,57.14,113
2024-11-08 14:45:00,57.13,57.13,57.12,57.12,442
2024-11-08 14:47:00,57.14,57.19,57.1,57.19,414
2024-11-08 14:49:00,57.16,57.16,57.16,57.16,239
2024-11-08 14:50:00,57.1,57.12,57.08,57.12,1526
2024-11-08 14:52:00,57.16,57.16,57.07,57.1,2947
2024-11-08 14:53:00,57.12,57.12,57.07,57.09,2418
2024-11-08 14:54:00,57.09,57.09,57.03,57.07,2477
2024-11-08 14:55:00,57.07,57.07,56.965,57.035,6436
2024-11-08 14:56:00,57.0851,57.0851,57.035,57.035,895
2024-11-08 15:01:00,57.1,57.26,57.1,57.14,948
2024-11-08 15:02:00,57.13,57.13,56.9701,56.9701,334
2024-11-08 15:03:00,57.05,57.05,57.05,57.05,165
2024-11-08 15:04:00,56.97,56.98,56.89,56.97,2272
2024-11-08 15:05:00,56.99,56.99,56.99,56.99,135
2024-11-08 15:06:00,56.86,56.9,56.82,56.8344,1730
2024-11-08 15:08:00,56.9009,56.91,56.9009,56.91,459
2024-11-08 15:09:00,56.87,56.88,56.87,56.88,684
2024-11-08 15:10:00,56.95,56.955,56.9357,56.955,1043
2024-11-08 15:11:00,56.94,56.94,56.94,56.94,748
2024-11-08 15:12:00,56.93,56.93,56.9,56.9,616
2024-11-08 15:15:00,56.89,56.89,56.89,56.89,234
2024-11-08 15:19:00,56.96,56.995,56.96,56.995,654
2024-11-08 15:24:00,57.03,57.03,57.03,57.03,169
2024-11-08 15:25:00,57.0117,57.0117,57.0117,57.0117,137
2024-11-08 15:26:00,57.0199,57.065,57.0,57.065,804
2024-11-08 15:27:00,57.0499,57.0499,57.0499,57.0499,213
2024-11-08 15:29:00,56.98,57.01,56.89,56.915,2119
2024-11-08 15:30:00,56.89,56.94,56.89,56.94,655
2024-11-08 15:31:00,57.015,57.015,57.015,57.015,142
2024-11-08 15:32:00,57.12,57.12,57.12,57.12,149
2024-11-08 15:33:00,57.04,57.04,57.04,57.04,134
2024-11-08 15:37:00,57.04,57.04,56.9825,56.985,1097
2024-11-08 15:38:00,56.985,56.985,56.985,56.985,263
2024-11-08 15:40:00,56.96,56.96,56.925,56.925,1519
2024-11-08 15:41:00,56.9,56.9,56.9,56.9,305
2024-11-08 15:42:00,56.915,56.915,56.915,56.915,237
2024-11-08 15:47:00,56.85,56.89,56.85,56.89,854
2024-11-08 15:49:00,56.87,56.87,56.87,56.87,145
2024-11-08 15:52:00,56.84,56.86,56.84,56.86,856
2024-11-08 15:53:00,56.88,56.88,56.84,56.86,1097
2024-11-08 15:55:00,56.88,56.88,56.865,56.865,202
2024-11-08 15:59:00,56.93,56.93,56.93,56.93,114
2024-11-08 16:00:00,56.93,56.93,56.93,56.93,205
2024-11-08 16:02:00,56.88,56.88,56.855,56.855,1252
2024-11-08 16:03:00,56.8,56.8,56.8,56.8,147
2024-11-08 16:05:00,56.8,56.8,56.79,56.8,1154
2024-11-08 16:06:00,56.77,56.77,56.75,56.76,942
2024-11-08 16:08:00,56.7949,56.7949,56.7949,56.7949,243
2024-11-08 16:09:00,56.68,56.68,56.67,56.68,1362
2024-11-08 16:10:00,56.705,56.715,56.705,56.715,225
2024-11-08 16:11:00,56.715,56.715,56.67,56.67,852
2024-11-08 16:13:00,56.67,56.67,56.6617,56.6617,596
2024-11-08 16:17:00,56.6999,56.6999,56.6999,56.6999,167
2024-11-08 16:18:00,56.7,56.74,56.7,56.74,842
2024-11-08 16:19:00,56.74,56.77,56.74,56.77,261
2024-11-08 16:20:00,56.77,56.77,56.77,56.77,155
2024-11-08 16:21:00,56.72,56.72,56.72,56.72,238
2024-11-08 16:22:00,56.74,56.74,56.74,56.74,807
2024-11-08 16:27:00,56.76,56.76,56.76,56.76,286
2024-11-08 16:28:00,56.79,56.79,56.79,56.79,315
2024-11-08 16:29:00,56.77,56.77,56.77,56.77,125
2024-11-08 16:30:00,56.77,56.77,56.77,56.77,208
2024-11-08 16:31:00,56.76,56.76,56.7192,56.7245,823
2024-11-08 16:35:00,56.76,56.76,56.76,56.76,260
2024-11-08 16:36:00,56.72,56.72,56.71,56.71,558
2024-11-08 16:42:00,56.6702,56.6702,56.62,56.62,1233
2024-11-08 16:43:00,56.69,56.69,56.69,56.69,204
2024-11-08 16:50:00,56.6796,56.6796,56.6796,56.6796,101
2024-11-08 16:51:00,56.67,56.67,56.67,56.67,103
2024-11-08 16:52:00,56.68,56.68,56.68,56.68,104
2024-11-08 16:55:00,56.68,56.68,56.68,56.68,106
2024-11-08 16:57:00,56.64,56.64,56.6,56.63,1770
2024-11-08 16:58:00,56.6,56.6,56.595,56.595,597
2024-11-08 16:59:00,56.6,56.6,56.58,56.585,1182
2024-11-08 17:00:00,56.555,56.57,56.55,56.55,1173
2024-11-08 17:01:00,56.55,56.55,56.51,56.52,6604
2024-11-08 17:02:00,56.485,56.485,56.44,56.44,661
2024-11-08 17:04:00,56.42,56.465,56.42,56.465,604
2024-11-08 17:05:00,56.42,56.43,56.38,56.38,652
2024-11-08 17:06:00,56.42,56.42,56.42,56.42,856
2024-11-08 17:07:00,56.415,56.415,56.415,56.415,110
2024-11-08 17:08:00,56.405,56.405,56.37,56.37,311
2024-11-08 17:11:00,56.41,56.41,56.41,56.41,115
2024-11-08 17:16:00,56.41,56.43,56.41,56.43,312
2024-11-08 17:18:00,56.46,56.46,56.46,56.46,315
2024-11-08 17:19:00,56.3758,56.3758,56.3758,56.3758,212
2024-11-08 17:20:00,56.41,56.41,56.37,56.41,917
2024-11-08 17:21:00,56.45,56.5,56.44,56.49,7615
2024-11-08 17:22:00,56.465,56.465,56.465,56.465,1669
2024-11-08 17:23:00,56.52,56.53,56.52,56.52,1332
2024-11-08 17:25:00,56.6,56.6,56.6,56.6,371
2024-11-08 17:26:00,56.68,56.68,56.68,56.68,134
2024-11-08 17:30:00,56.59,56.59,56.54,56.59,534
2024-11-08 17:32:00,56.64,56.64,56.64,56.64,908
2024-11-08 17:37:00,56.71,56.71,56.71,56.71,192
2024-11-08 17:38:00,56.7,56.71,56.7,56.71,301
2024-11-08 17:42:00,56.71,56.71,56.64,56.64,1595
2024-11-08 17:45:00,56.7,56.7,56.7,56.7,108
2024-11-08 17:47:00,56.7,56.7,56.7,56.7,108
2024-11-08 17:48:00,56.71,56.71,56.71,56.71,105
2024-11-08 17:49:00,56.6682,56.71,56.6682,56.71,461
2024-11-08 17:50:00,56.72,56.73,56.72,56.73,710
2024-11-08 17:52:00,56.69,56.7,56.64,56.64,1608
2024-11-08 17:54:00,56.69,56.69,56.69,56.69,221
2024-11-08 18:03:00,56.68,56.68,56.68,56.68,102
2024-11-08 18:04:00,56.7,56.7,56.7,56.7,132
2024-11-08 18:05:00,56.69,56.69,56.67,56.67,311
2024-11-08 18:07:00,56.71,56.72,56.71,56.72,609
2024-11-08 18:08:00,56.73,56.74,56.73,56.74,421
2024-11-08 18:09:00,56.76,56.76,56.72,56.72,636
2024-11-08 18:10:00,56.7125,56.7125,56.7,56.7,436
2024-11-08 18:12:00,56.695,56.695,56.695,56.695,104
2024-11-08 18:13:00,56.71,56.71,56.7,56.7,283
2024-11-08 18:16:00,56.69,56.71,56.69,56.71,1250
2024-11-08 18:18:00,56.71,56.71,56.71,56.71,135
2024-11-08 18:19:00,56.7,56.7,56.66,56.66,756
2024-11-08 18:20:00,56.68,56.69,56.66,56.66,1828
2024-11-08 18:23:00,56.6,56.61,56.6,56.61,604
2024-11-08 18:24:00,56.58,56.59,56.58,56.5841,641
2024-11-08 18:26:00,56.605,56.605,56.59,56.6,686
2024-11-08 18:27:00,56.6,56.6,56.6,56.6,111
2024-11-08 18:29:00,56.5998,56.5998,56.5998,56.5998,365
2024-11-08 18:30:00,56.59,56.6,56.59,56.6,829
2024-11-08 18:32:00,56.61,56.63,56.61,56.63,378
2024-11-08 18:33:00,56.65,56.65,56.65,56.65,168
2024-11-08 18:35:00,56.615,56.615,56.615,56.615,142
2024-11-08 18:37:00,56.64,56.64,56.64,56.64,248
2024-11-08 18:38:00,56.65,56.66,56.65,56.66,226
2024-11-08 18:40:00,56.66,56.66,56.66,56.66,144
2024-11-08 18:41:00,56.67,56.67,56.67,56.67,731
2024-11-08 18:43:00,56.66,56.66,56.66,56.66,127
2024-11-08 18:46:00,56.69,56.69,56.69,56.69,209
2024-11-08 18:47:00,56.66,56.66,56.66,56.66,100
2024-11-08 18:52:00,56.66,56.66,56.66,56.66,103
2024-11-08 18:53:00,56.66,56.66,56.66,56.66,213
2024-11-08 18:54:00,56.66,56.66,56.66,56.66,212
2024-11-08 18:55:00,56.65,56.65,56.65,56.65,231
2024-11-08 18:57:00,56.645,56.645,56.63,56.63,992
2024-11-08 18:58:00,56.65,56.66,56.65,56.66,848
2024-11-08 19:00:00,56.68,56.68,56.68,56.68,388
2024-11-08 19:01:00,56.6712,56.6712,56.6712,56.6712,169
2024-11-08 19:02:00,56.705,56.705,56.705,56.705,102
2024-11-08 19:03:00,56.67,56.67,56.67,56.67,487
2024-11-08 19:04:00,56.665,56.665,56.665,56.665,109
2024-11-08 19:05:00,56.665,56.665,56.665,56.665,118
2024-11-08 19:06:00,56.7,56.7,56.7,56.7,611
2024-11-08 19:10:00,56.7,56.7,56.7,56.7,136
2024-11-08 19:12:00,56.7,56.7,56.63,56.63,404
2024-11-08 19:13:00,56.7,56.7,56.685,56.685,494
2024-11-08 19:14:00,56.68,56.72,56.68,56.72,203
2024-11-08 19:18:00,56.69,56.69,56.67,56.67,829
2024-11-08 19:20:00,56.685,56.685,56.66,56.66,423
2024-11-08 19:21:00,56.647,56.71,56.647,56.71,281
2024-11-08 19:23:00,56.68,56.68,56.65,56.665,633
2024-11-08 19:24:00,56.62,56.62,56.62,56.62,653
2024-11-08 19:27:00,56.65,56.655,56.65,56.655,675
2024-11-08 19:31:00,56.67,56.7,56.67,56.7,500
2024-11-08 19:33:00,56.695,56.695,56.695,56.695,224
2024-11-08 19:37:00,56.745,56.745,56.745,56.745,302
2024-11-08 19:38:00,56.73,56.73,56.73,56.73,111
2024-11-08 19:39:00,56.75,56.77,56.75,56.765,1133
2024-11-08 19:41:00,56.78,56.78,56.76,56.76,475
2024-11-08 19:44:00,56.75,56.775,56.735,56.735,1167
2024-11-08 19:47:00,56.71,56.71,56.71,56.71,125
2024-11-08 19:48:00,56.7348,56.7348,56.7348,56.7348,660
2024-11-08 19:50:00,56.74,56.74,56.74,56.74,108
2024-11-08 19:51:00,56.71,56.71,56.71,56.71,165
2024-11-08 19:52:00,56.74,56.74,56.74,56.74,109
2024-11-08 19:54:00,56.69,56.69,56.69,56.69,203
2024-11-08 19:55:00,56.74,56.74,56.74,56.74,377
2024-11-08 19:56:00,56.78,56.78,56.78,56.78,306
2024-11-08 19:59:00,56.78,56.78,56.755,56.755,580
2024-11-08 20:00:00,56.76,56.76,56.76,56.76,183
2024-11-08 20:01:00,56.77,56.77,56.77,56.77,100
2024-11-08 20:03:00,56.755,56.755,56.755,56.755,164
2024-11-08 20:04:00,56.73,56.73,56.72,56.72,449
2024-11-08 20:07:00,56.76,56.76,56.76,56.76,480
2024-11-08 20:08:00,56.76,56.83,56.76,56.83,2113
2024-11-08 20:09:00,56.86,56.87,56.86,56.87,1284
2024-11-08 20:10:00,56.84,56.84,56.84,56.84,427
2024-11-08 20:11:00,56.84,56.845,56.84,56.845,668
2024-11-08 20:12:00,56.815,56.815,56.815,56.815,112
2024-11-08 20:13:00,56.835,56.835,56.835,56.835,214
2024-11-08 20:14:00,56.81,56.81,56.81,56.81,175
2024-11-08 20:15:00,56.785,56.81,56.785,56.81,300
2024-11-08 20:17:00,56.8,56.8,56.8,56.8,339
2024-11-08 20:18:00,56.795,56.795,56.795,56.795,322
2024-11-08 20:19:00,56.795,56.795,56.795,56.795,585
2024-11-08 20:20:00,56.795,56.795,56.795,56.795,119
2024-11-08 20:21:00,56.78,56.795,56.78,56.78,723
2024-11-08 20:24:00,56.77,56.77,56.765,56.765,302
2024-11-08 20:25:00,56.7563,56.7563,56.7563,56.7563,162
2024-11-08 20:26:00,56.7616,56.77,56.7616,56.77,862
2024-11-08 20:27:00,56.77,56.77,56.77,56.77,469
2024-11-08 20:29:00,56.75,56.76,56.75,56.76,315
2024-11-08 20:30:00,56.78,56.78,56.76,56.76,524
2024-11-08 20:31:00,56.76,56.76,56.76,56.76,300
2024-11-08 20:33:00,56.74,56.79,56.74,56.79,1590
2024-11-08 20:35:00,56.81,56.81,56.81,56.81,109
2024-11-08 20:36:00,56.77,56.795,56.77,56.795,326
2024-11-08 20:37:00,56.79,56.79,56.775,56.78,650
2024-11-08 20:39:00,56.78,56.78,56.78,56.78,263
2024-11-08 20:40:00,56.78,56.78,56.78,56.78,131
2024-11-08 20:41:00,56.76,56.77,56.745,56.745,1097
2024-11-08 20:42:00,56.73,56.73,56.72,56.73,943
2024-11-08 20:44:00,56.74,56.77,56.74,56.77,883
2024-11-08 20:45:00,56.755,56.755,56.755,56.755,432
2024-11-08 20:46:00,56.77,56.77,56.77,56.77,497
2024-11-08 20:47:00,56.76,56.76,56.754,56.76,1076
2024-11-08 20:48:00,56.75,56.77,56.75,56.76,3650
2024-11-08 20:49:00,56.76,56.76,56.76,56.76,365
2024-11-08 20:50:00,56.755,56.79,56.75,56.79,3876
2024-11-08 20:51:00,56.795,56.795,56.76,56.76,2666
2024-11-08 20:52:00,56.755,56.755,56.75,56.75,904
2024-11-08 20:53:00,56.79,56.79,56.79,56.79,1312
2024-11-08 20:54:00,56.79,56.81,56.79,56.81,634
2024-11-08 20:55:00,56.79,56.8,56.76,56.78,5811
2024-11-08 20:56:00,56.78,56.8,56.78,56.79,2702
2024-11-08 20:57:00,56.785,56.8,56.785,56.8,1209
2024-11-08 20:58:00,56.795,56.795,56.77,56.779,3252
2024-11-08 20:59:00,56.77,56.8,56.77,56.78,4821
2024-11-09 00:44:00,56.4969,56.4969,56.4969,56.4969,100
2024-11-11 12:00:00,56.5,56.5,56.5,56.5,298
2024-11-11 13:12:00,56.79,56.79,56.79,56.79,525
2024-11-11 14:27:00,56.01,56.01,56.01,56.01,234
2024-11-11 14:30:00,56.2,56.2,56.05,56.05,2418
2024-11-11 14:31:00,56.025,56.025,56.025,56.025,409
2024-11-11 14:32:00,55.85,55.85,55.85,55.85,430
2024-11-11 14:33:00,55.82,55.82,55.82,55.82,720
2024-11-11 14:35:00,55.78,55.78,55.755,55.755,326
2024-11-11 14:36:00,55.76,55.85,55.76,55.85,230
2024-11-11 14:38:00,55.74,55.74,55.74,55.74,393
2024-11-11 14:39:00,55.68,55.68,55.68,55.68,322
2024-11-11 14:40:00,55.64,55.74,55.64,55.74,1185
2024-11-11 14:43:00,55.74,55.74,55.74,55.74,105
2024-11-11 14:45:00,55.61,55.67,55.55,55.59,3775
2024-11-11 14:46:00,55.7,55.73,55.6,55.7,3658
2024-11-11 14:47:00,55.705,55.72,55.705,55.72,2896
2024-11-11 14:48:00,55.75,55.78,55.72,55.78,2523
2024-11-11 14:49:00,55.86,55.88,55.83,55.88,566
2024-11-11 14:50:00,55.95,55.95,55.94,55.94,808
2024-11-11 14:51:00,55.83,55.83,55.83,55.83,119
2024-11-11 14:52:00,55.9,55.9,55.8412,55.8412,223
2024-11-11 14:53:00,55.9,55.9,55.82,55.9,325
2024-11-11 14:54:00,55.86,55.86,55.86,55.86,120
2024-11-11 14:55:00,55.92,55.92,55.915,55.915,274
2024-11-11 14:56:00,55.89,55.89,55.87,55.87,569
2024-11-11 14:57:00,55.815,55.815,55.815,55.815,232
2024-11-11 14:58:00,55.82,55.82,55.78,55.815,933
2024-11-11 15:00:00,55.82,55.82,55.82,55.82,193
2024-11-11 15:01:00,55.82,55.85,55.8,55.85,2723
2024-11-11 15:03:00,55.84,55.84,55.84,55.84,138
2024-11-11 15:05:00,55.835,55.835,55.835,55.835,185
2024-11-11 15:06:00,55.85,55.85,55.85,55.85,106
2024-11-11 15:07:00,55.88,55.88,55.88,55.88,722
2024-11-11 15:08:00,55.8493,55.86,55.8493,55.86,440
2024-11-11 15:09:00,55.89,55.89,55.8177,55.89,328
2024-11-11 15:10:00,55.85,55.885,55.75,55.76,1960
2024-11-11 15:11:00,55.77,55.865,55.77,55.78,2966
2024-11-11 15:13:00,55.805,55.805,55.805,55.805,101
2024-11-11 15:15:00,55.785,55.785,55.785,55.785,252
2024-11-11 15:16:00,55.785,55.785,55.7,55.72,1398
2024-11-11 15:17:00,55.65,55.65,55.65,55.65,203
2024-11-11 15:19:00,55.6845,55.6845,55.6845,55.6845,157
2024-11-11 15:21:00,55.67,55.67,55.67,55.67,409
2024-11-11 15:29:00,55.67,55.67,55.67,55.67,143
2024-11-11 15:31:00,55.65,55.65,55.635,55.635,347
2024-11-11 15:34:00,55.56,55.58,55.56,55.56,631
2024-11-11 15:36:00,55.585,55.585,55.585,55.585,143
2024-11-11 15:37:00,55.58,55.58,55.58,55.58,253
2024-11-11 15:39:00,55.585,55.585,55.585,55.585,154
2024-11-11 15:42:00,55.58,55.58,55.58,55.58,305
2024-11-11 15:43:00,55.59,55.59,55.51,55.51,1434
2024-11-11 15:44:00,55.505,55.505,55.505,55.505,178
2024-11-11 15:46:00,55.46,55.46,55.46,55.46,110
2024-11-11 15:47:00,55.47,55.47,55.47,55.47,111
2024-11-11 15:48:00,55.48,55.51,55.48,55.51,1983
2024-11-11 15:50:00,55.515,55.515,55.515,55.515,114
2024-11-11 15:53:00,55.56,55.56,55.56,55.56,225
2024-11-11 15:54:00,55.55,55.55,55.55,55.55,131
2024-11-11 15:56:00,55.565,55.5899,55.545,55.5899,500
2024-11-11 15:57:00,55.55,55.55,55.55,55.55,217
2024-11-11 15:58:00,55.54,55.54,55.54,55.54,102
2024-11-11 16:02:00,55.535,55.535,55.535,55.535,502
2024-11-11 16:03:00,55.54,55.54,55.5,55.5,517
2024-11-11 16:04:00,55.48,55.515,55.4718,55.505,831
2024-11-11 16:05:00,55.5211,55.5211,55.49,55.49,308
2024-11-11 16:06:00,55.46,55.47,55.46,55.47,308
2024-11-11 16:07:00,55.47,55.5,55.455,55.5,2339
2024-11-11 16:08:00,55.5,55.52,55.45,55.45,1463
2024-11-11 16:11:00,55.5716,55.5716,55.5716,55.5716,364
2024-11-11 16:12:00,55.575,55.575,55.575,55.575,108
2024-11-11 16:15:00,55.54,55.56,55.51,55.54,890
2024-11-11 16:16:00,55.58,55.58,55.58,55.58,102
2024-11-11 16:22:00,55.565,55.565,55.53,55.53,266
2024-11-11 16:23:00,55.565,55.565,55.565,55.565,233
2024-11-11 16:25:00,55.56,55.56,55.56,55.56,125
2024-11-11 16:26:00,55.565,55.565,55.525,55.525,432
2024-11-11 16:27:00,55.55,55.55,55.55,55.55,101
2024-11-11 16:28:00,55.52,55.52,55.52,55.52,261
2024-11-11 16:29:00,55.525,55.525,55.525,55.525,124
2024-11-11 16:30:00,55.485,55.51,55.485,55.4981,549
2024-11-11 16:34:00,55.53,55.53,55.53,55.53,205
2024-11-11 16:35:00,55.53,55.53,55.53,55.53,101
2024-11-11 16:36:00,55.53,55.53,55.53,55.53,557
2024-11-11 16:37:00,55.53,55.55,55.53,55.53,682
2024-11-11 16:38:00,55.53,55.53,55.518,55.518,503
2024-11-11 16:39:00,55.53,55.54,55.4677,55.4677,1127
2024-11-11 16:40:00,55.515,55.515,55.515,55.515,102
2024-11-11 16:42:00,55.51,55.51,55.51,55.51,219
2024-11-11 16:45:00,55.52,55.53,55.4801,55.4801,2124
2024-11-11 16:50:00,55.51,55.51,55.51,55.51,110
2024-11-11 16:53:00,55.52,55.52,55.52,55.52,227
2024-11-11 16:54:00,55.52,55.52,55.52,55.52,106
2024-11-11 16:55:00,55.5,55.51,55.5,55.505,931
2024-11-11 16:58:00,55.5,55.505,55.5,55.505,412
2024-11-11 16:59:00,55.5,55.5,55.5,55.5,444
2024-11-11 17:00:00,55.5,55.5,55.5,55.5,111
2024-11-11 17:02:00,55.5,55.53,55.5,55.53,988
2024-11-11 17:04:00,55.56,55.56,55.56,55.56,108
2024-11-11 17:08:00,55.58,55.6,55.58,55.6,457
2024-11-11 17:09:00,55.58,55.6,55.58,55.6,1090
2024-11-11 17:11:00,55.6,55.605,55.6,55.605,225
2024-11-11 17:13:00,55.61,55.61,55.61,55.61,104
2024-11-11 17:16:00,55.615,55.615,55.615,55.615,111
2024-11-11 17:18:00,55.625,55.625,55.625,55.625,448
2024-11-11 17:20:00,55.625,55.625,55.605,55.605,876
2024-11-11 17:21:00,55.56,55.57,55.555,55.57,723
2024-11-11 17:22:00,55.56,55.56,55.56,55.56,100
2024-11-11 17:23:00,55.55,55.55,55.55,55.55,280
2024-11-11 17:24:00,55.53,55.53,55.53,55.53,291
2024-11-11 17:25:00,55.52,55.52,55.493,55.52,2934
2024-11-11 17:26:00,55.5015,55.5015,55.5015,55.5015,379
2024-11-11 17:27:00,55.465,55.465,55.4204,55.4204,2130
2024-11-11 17:28:00,55.465,55.465,55.415,55.415,618
2024-11-11 17:30:00,55.455,55.455,55.455,55.455,186
2024-11-11 17:31:00,55.45,55.46,55.435,55.44,1806
2024-11-11 17:32:00,55.435,55.46,55.43,55.46,403
2024-11-11 17:33:00,55.445,55.445,55.445,55.445,151
2024-11-11 17:34:00,55.47,55.47,55.42,55.46,1683
2024-11-11 17:35:00,55.48,55.48,55.46,55.46,1195
2024-11-11 17:37:00,55.5,55.5,55.5,55.5,416
2024-11-11 17:39:00,55.4401,55.4401,55.4401,55.4401,301
2024-11-11 17:43:00,55.495,55.495,55.475,55.475,677
2024-11-11 17:44:00,55.49,55.49,55.49,55.49,200
2024-11-11 17:46:00,55.485,55.485,55.485,55.485,106
2024-11-11 17:47:00,55.51,55.51,55.51,55.51,163
2024-11-11 17:48:00,55.485,55.485,55.485,55.485,103
2024-11-11 17:50:00,55.48,55.48,55.48,55.48,202
2024-11-11 17:56:00,55.471,55.48,55.47,55.48,732
2024-11-11 17:59:00,55.49,55.49,55.49,55.49,406
2024-11-11 18:00:00,55.465,55.465,55.44,55.45,918
2024-11-11 18:01:00,55.421,55.421,55.42,55.42,568
2024-11-11 18:02:00,55.48,55.48,55.41,55.41,608
2024-11-11 18:05:00,55.405,55.405,55.405,55.405,477
2024-11-11 18:07:00,55.405,55.405,55.405,55.405,196
2024-11-11 18:10:00,55.425,55.425,55.425,55.425,118
2024-11-11 18:11:00,55.42,55.42,55.42,55.42,286
2024-11-11 18:16:00,55.4425,55.4425,55.4425,55.4425,107
2024-11-11 18:17:00,55.45,55.45,55.44,55.45,1016
2024-11-11 18:21:00,55.425,55.425,55.41,55.41,738
2024-11-11 18:22:00,55.405,55.405,55.38,55.38,771
2024-11-11 18:23:00,55.34,55.355,55.34,55.355,400
2024-11-11 18:25:00,55.356563,55.356563,55.356563,55.356563,136
2024-11-11 18:26:00,55.37,55.37,55.37,55.37,555
2024-11-11 18:30:00,55.39,55.39,55.39,55.39,207
2024-11-11 18:33:00,55.401,55.401,55.401,55.401,100
2024-11-11 18:37:00,55.42,55.42,55.42,55.42,358
2024-11-11 18:38:00,55.44,55.44,55.384,55.384,1344
2024-11-11 18:40:00,55.455,55.455,55.455,55.455,154
2024-11-11 18:42:00,55.44,55.44,55.43,55.435,669
2024-11-11 18:46:00,55.435,55.435,55.435,55.435,169
2024-11-11 18:49:00,55.435,55.435,55.41,55.41,496
2024-11-11 18:51:00,55.47,55.47,55.47,55.47,384
2024-11-11 18:52:00,55.5,55.51,55.47,55.47,1547
2024-11-11 18:53:00,55.47,55.47,55.47,55.47,401
2024-11-11 18:54:00,55.465,55.465,55.465,55.465,135
2024-11-11 19:01:00,55.43,55.43,55.43,55.43,265
2024-11-11 19:04:00,55.48,55.48,55.48,55.48,251
2024-11-11 19:10:00,55.47,55.47,55.47,55.47,100
2024-11-11 19:13:00,55.47,55.47,55.47,55.47,519
2024-11-11 19:14:00,55.4554,55.5,55.4554,55.5,3201
2024-11-11 19:15:00,55.5,55.5,55.486,55.486,553
2024-11-11 19:16:00,55.5,55.5,55.5,55.5,102
2024-11-11 19:18:00,55.51,55.51,55.51,55.51,138
2024-11-11 19:19:00,55.5,55.5,55.5,55.5,101
2024-11-11 19:21:00,55.505,55.505,55.505,55.505,104
2024-11-11 19:22:00,55.49,55.5,55.49,55.49,674
2024-11-11 19:23:00,55.5,55.5,55.5,55.5,128
2024-11-11 19:25:00,55.51,55.51,55.51,55.51,100
2024-11-11 19:27:00,55.505,55.505,55.505,55.505,100
2024-11-11 19:28:00,55.505,55.505,55.505,55.505,134
2024-11-11 19:30:00,55.49,55.49,55.49,55.49,704
2024-11-11 19:31:00,55.46,55.46,55.46,55.46,223
2024-11-11 19:33:00,55.5,55.505,55.5,55.505,747
2024-11-11 19:35:00,55.51,55.51,55.51,55.51,307
2024-11-11 19:38:00,55.5,55.5,55.5,55.5,649
2024-11-11 19:44:00,55.52,55.53,55.505,55.51,1115
2024-11-11 19:46:00,55.5,55.52,55.48,55.51,3163
2024-11-11 19:49:00,55.52,55.53,55.52,55.53,622
2024-11-11 19:50:00,55.53,55.53,55.53,55.53,100
2024-11-11 19:55:00,55.53,55.53,55.51,55.53,334
2024-11-11 19:56:00,55.52,55.52,55.52,55.52,341
2024-11-11 19:58:00,55.52,55.52,55.52,55.52,284
2024-11-11 19:59:00,55.52,55.52,55.48,55.485,2271
2024-11-11 20:01:00,55.46,55.46,55.46,55.46,388
2024-11-11 20:02:00,55.47,55.47,55.47,55.47,103
2024-11-11 20:03:00,55.46,55.46,55.45,55.45,376
2024-11-11 20:08:00,55.45,55.45,55.45,55.45,273
2024-11-11 20:09:00,55.4916,55.4916,55.4916,55.4916,279
2024-11-11 20:12:00,55.47,55.47,55.47,55.47,310
2024-11-11 20:16:00,55.47,55.47,55.47,55.47,301
2024-11-11 20:17:00,55.45,55.45,55.44,55.44,552
2024-11-11 20:19:00,55.44,55.44,55.44,55.44,322
2024-11-11 20:20:00,55.44,55.44,55.44,55.44,173
2024-11-11 20:23:00,55.46,55.46,55.43,55.43,835
2024-11-11 20:24:00,55.43,55.43,55.43,55.43,100
2024-11-11 20:25:00,55.44,55.44,55.435,55.435,313
2024-11-11 20:27:00,55.43,55.43,55.43,55.43,107
2024-11-11 20:29:00,55.42,55.44,55.42,55.44,652
2024-11-11 20:30:00,55.44,55.44,55.415,55.415,1138
2024-11-11 20:32:00,55.4,55.4,55.38,55.38,871
2024-11-11 20:34:00,55.4,55.41,55.4,55.41,826
2024-11-11 20:36:00,55.42,55.42,55.42,55.42,258
2024-11-11 20:37:00,55.405,55.405,55.405,55.405,290
2024-11-11 20:39:00,55.405,55.405,55.405,55.405,180
2024-11-11 20:40:00,55.405,55.405,55.405,55.405,385
2024-11-11 20:42:00,55.41,55.41,55.41,55.41,361
2024-11-11 20:43:00,55.41,55.41,55.41,55.41,169
2024-11-11 20:45:00,55.4,55.405,55.39,55.405,1179
2024-11-11 20:46:00,55.39,55.39,55.39,55.39,842
2024-11-11 20:47:00,55.405,55.405,55.38,55.38,1014
2024-11-11 20:48:00,55.4,55.4,55.395,55.395,1880
2024-11-11 20:49:00,55.38,55.39,55.38,55.38,861
2024-11-11 20:50:00,55.38,55.38,55.37,55.375,651
2024-11-11 20:51:00,55.4,55.42,55.4,55.42,1245
2024-11-11 20:52:00,55.425,55.425,55.41,55.41,1066
2024-11-11 20:53:00,55.44,55.49,55.44,55.49,1529
2024-11-11 20:54:00,55.47,55.495,55.47,55.49,1370
2024-11-11 20:55:00,55.505,55.505,55.41,55.41,2175
2024-11-11 20:56:00,55.41,55.43,55.41,55.43,855
2024-11-11 20:57:00,55.415,55.46,55.415,55.43,3486
2024-11-11 20:58:00,55.46,55.48,55.44,55.44,2702
2024-11-11 20:59:00,55.44,55.48,55.43,55.44,4780
2024-11-11 21:01:00,55.46,55.46,55.46,55.46,197900
2024-11-12 14:29:00,54.21,54.21,54.21,54.21,1258
2024-11-12 14:30:00,54.11,54.11,54.01,54.01,5282
2024-11-12 14:33:00,53.89,53.89,53.89,53.89,251
2024-11-12 14:34:00,53.89,53.89,53.89,53.89,151
2024-11-12 14:35:00,53.99,54.04,53.99,54.04,667
2024-11-12 14:36:00,54.04,54.04,53.98,53.98,520
2024-11-12 14:37:00,53.98,53.985,53.98,53.985,1497
2024-11-12 14:38:00,53.97,53.985,53.95,53.985,1461
2024-11-12 14:42:00,53.96,53.96,53.95,53.95,650
2024-11-12 14:44:00,54.08,54.08,54.0,54.0,323
2024-11-12 14:47:00,53.95,53.95,53.95,53.95,108
2024-11-12 14:48:00,53.995,53.995,53.995,53.995,123
2024-11-12 14:49:00,53.995,53.995,53.995,53.995,122
2024-11-12 14:50:00,53.995,53.995,53.995,53.995,203
2024-11-12 14:51:00,54.041,54.041,54.041,54.041,103
2024-11-12 14:52:00,53.985,53.985,53.86,53.91,5793
2024-11-12 14:53:00,53.9,53.97,53.9,53.92,390
2024-11-12 14:57:00,53.96,53.96,53.96,53.96,235
2024-11-12 14:58:00,53.945,53.945,53.945,53.945,104
2024-11-12 14:59:00,53.945,53.945,53.935,53.935,319
2024-11-12 15:01:00,53.89,53.92,53.86,53.86,747
2024-11-12 15:02:00,53.885,53.9,53.86,53.9,3687
2024-11-12 15:03:00,53.87,53.87,53.87,53.87,176
2024-11-12 15:04:00,53.86,53.86,53.86,53.86,140
2024-11-12 15:05:00,53.855,53.855,53.855,53.855,179
2024-11-12 15:06:00,53.87,53.87,53.83,53.83,973
2024-11-12 15:09:00,53.8166,53.8166,53.75,53.8,1811
2024-11-12 15:11:00,53.75,53.75,53.71,53.71,472
2024-11-12 15:12:00,53.7899,53.7899,53.7475,53.7475,315
2024-11-12 15:14:00,53.745,53.75,53.71,53.75,907
2024-11-12 15:15:00,53.74,53.74,53.74,53.74,101
2024-11-12 15:16:00,53.7,53.7,53.7,53.7,201
2024-11-12 15:17:00,53.7799,53.7799,53.75,53.75,300
2024-11-12 15:18:00,53.745,53.745,53.74,53.74,231
2024-11-12 15:20:00,53.7111,53.7111,53.7111,53.7111,407
2024-11-12 15:21:00,53.75,53.76,53.745,53.745,550
2024-11-12 15:25:00,53.745,53.745,53.73,53.745,459
2024-11-12 15:28:00,53.74,53.74,53.71,53.74,712
2024-11-12 15:29:00,53.74,53.74,53.735,53.735,492
2024-11-12 15:30:00,53.73,53.73,53.71,53.73,857
2024-11-12 15:34:00,53.73,53.73,53.7,53.72,2836
2024-11-12 15:36:00,53.7,53.7,53.7,53.7,153
2024-11-12 15:39:00,53.72,53.72,53.72,53.72,421
2024-11-12 15:40:00,53.695,53.705,53.69,53.705,1905
2024-11-12 15:43:00,53.73,53.76,53.73,53.74,951
2024-11-12 15:44:00,53.735,53.76,53.73,53.73,608
2024-11-12 15:46:00,53.73,53.73,53.73,53.73,607
2024-11-12 15:49:00,53.79,53.79,53.79,53.79,171
2024-11-12 15:51:00,53.85,53.85,53.85,53.85,152
2024-11-12 15:53:00,53.86,53.87,53.86,53.87,441
2024-11-12 15:54:00,53.74,53.89,53.74,53.87,750
2024-11-12 15:55:00,53.8228,53.8228,53.8228,53.8228,201
2024-11-12 15:56:00,53.91,53.91,53.91,53.91,102
2024-11-12 15:59:00,53.845,53.845,53.845,53.845,950
2024-11-12 16:02:00,53.87,53.87,53.87,53.87,549
2024-11-12 16:05:00,53.815,53.815,53.815,53.815,413
2024-11-12 16:06:00,53.9,53.9,53.9,53.9,174
2024-11-12 16:08:00,53.89,53.89,53.89,53.89,208
2024-11-12 16:10:00,53.825,53.825,53.825,53.825,265
2024-11-12 16:15:00,53.85,53.85,53.85,53.85,308
2024-11-12 16:16:00,53.86,53.86,53.86,53.86,216
2024-11-12 16:17:00,53.87,53.87,53.87,53.87,185
2024-11-12 16:18:00,53.88,53.88,53.88,53.88,238
2024-11-12 16:19:00,53.89,53.97,53.89,53.97,4010
2024-11-12 16:20:00,53.98,54.07,53.91,53.97,6332
2024-11-12 16:23:00,53.95,53.95,53.86,53.86,2588
2024-11-12 16:24:00,53.8956,53.8956,53.845,53.845,390
2024-11-12 16:25:00,53.845,53.845,53.845,53.845,197
2024-11-12 16:28:00,53.86,53.865,53.86,53.865,456
2024-11-12 16:32:00,53.8215,53.8215,53.8215,53.8215,185
2024-11-12 16:36:00,53.9,53.9,53.9,53.9,106
2024-11-12 16:37:00,53.855,53.855,53.855,53.855,237
2024-11-12 16:38:00,53.835,53.86,53.835,53.86,552
2024-11-12 16:39:00,53.845,53.87,53.845,53.87,279
2024-11-12 16:43:00,53.85,53.85,53.79,53.81,1808
2024-11-12 16:44:00,53.77,53.77,53.77,53.77,100
2024-11-12 16:46:00,53.755,53.755,53.755,53.755,105
2024-11-12 16:47:00,53.755,53.755,53.74,53.74,364
2024-11-12 16:48:00,53.735,53.735,53.735,53.735,310
2024-11-12 16:50:00,53.74,53.76,53.74,53.74,2098
2024-11-12 16:51:00,53.7277,53.74,53.67,53.695,7149
2024-11-12 16:52:00,53.6326,53.69,53.6326,53.69,634
2024-11-12 16:53:00,53.75,53.795,53.75,53.795,669
2024-11-12 16:54:00,53.795,53.795,53.77,53.77,1060
2024-11-12 16:55:00,53.73,53.73,53.6601,53.73,860
2024-11-12 16:56:00,53.735,53.735,53.735,53.735,103
2024-11-12 16:58:00,53.6601,53.6601,53.6601,53.6601,1998
2024-11-12 16:59:00,53.7,53.7,53.7,53.7,108
2024-11-12 17:00:00,53.69,53.69,53.69,53.69,142
2024-11-12 17:02:00,53.69,53.69,53.69,53.69,516
2024-11-12 17:04:00,53.69,53.691921,53.69,53.691921,341
2024-11-12 17:06:00,53.73,53.73,53.73,53.73,563
2024-11-12 17:10:00,53.74,53.74,53.74,53.74,364
2024-11-12 17:14:00,53.66,53.685,53.66,53.66,1149
2024-11-12 17:15:00,53.69,53.69,53.69,53.69,509
2024-11-12 17:16:00,53.6825,53.6825,53.6825,53.6825,102
2024-11-12 17:17:00,53.69,53.69,53.69,53.69,102
2024-11-12 17:21:00,53.69,53.69,53.69,53.69,100
2024-11-12 17:23:00,53.7019,53.7019,53.7019,53.7019,208
2024-11-12 17:26:00,53.7,53.72,53.7,53.72,1045
2024-11-12 17:28:00,53.7,53.72,53.66,53.675,3152
2024-11-12 17:29:00,53.7004,53.7004,53.672,53.672,332
2024-11-12 17:30:00,53.67,53.69,53.67,53.69,935
2024-11-12 17:32:00,53.675,53.675,53.675,53.675,190
2024-11-12 17:33:00,53.72,53.72,53.72,53.72,336
2024-11-12 17:35:00,53.685,53.685,53.68,53.68,200
2024-11-12 17:36:00,53.68,53.68,53.68,53.68,2124
2024-11-12 17:37:00,53.7,53.71,53.7,53.71,548
2024-11-12 17:38:00,53.73,53.74,53.73,53.74,490
2024-11-12 17:41:00,53.74,53.74,53.71,53.725,1523
2024-11-12 17:42:00,53.725,53.7446,53.725,53.7446,493
2024-11-12 17:43:00,53.725,53.725,53.68,53.68,772
2024-11-12 17:44:00,53.6475,53.6475,53.6475,53.6475,3002
2024-11-12 17:45:00,53.665,53.665,53.665,53.665,205
2024-11-12 17:46:00,53.665,53.665,53.63,53.63,927
2024-11-12 17:47:00,53.665,53.665,53.63,53.63,247
2024-11-12 17:48:00,53.665,53.665,53.665,53.665,250
2024-11-12 17:51:00,53.665,53.7,53.665,53.7,1139
2024-11-12 17:56:00,53.665,53.665,53.665,53.665,267
2024-11-12 17:57:00,53.655,53.655,53.65,53.65,340
2024-11-12 17:58:00,53.645,53.645,53.645,53.645,305
2024-11-12 17:59:00,53.66,53.66,53.66,53.66,430
2024-11-12 18:00:00,53.67,53.67,53.67,53.67,734
2024-11-12 18:01:00,53.68,53.68,53.67,53.67,1213
2024-11-12 18:02:00,53.71,53.71,53.71,53.71,240
2024-11-12 18:05:00,53.74,53.74,53.74,53.74,116
2024-11-12 18:06:00,53.71,53.71,53.71,53.71,313
2024-11-12 18:07:00,53.71,53.71,53.71,53.71,440
2024-11-12 18:08:00,53.71,53.72,53.71,53.72,351
2024-11-12 18:09:00,53.74,53.75,53.73,53.75,547
2024-11-12 18:11:00,53.76,53.76,53.76,53.76,195
2024-11-12 18:12:00,53.77,53.77,53.77,53.77,251
2024-11-12 18:14:00,53.76,53.78,53.76,53.78,213
2024-11-12 18:15:00,53.78,53.78,53.78,53.78,882
2024-11-12 18:17:00,53.79,53.8,53.79,53.8,500
2024-11-12 18:18:00,53.79,53.79,53.79,53.79,342
2024-11-12 18:19:00,53.765,53.765,53.765,53.765,124
2024-11-12 18:21:00,53.765,53.765,53.765,53.765,366
2024-11-12 18:22:00,53.78,53.79,53.77,53.77,913
2024-11-12 18:23:00,53.76,53.76,53.76,53.76,301
2024-11-12 18:25:00,53.8,53.83,53.8,53.805,742
2024-11-12 18:26:00,53.79,53.79,53.79,53.79,411
2024-11-12 18:30:00,53.85,53.85,53.85,53.85,205
2024-11-12 18:34:00,53.85,53.86,53.85,53.86,662
2024-11-12 18:36:00,53.9,53.9,53.9,53.9,137
2024-11-12 18:39:00,53.85,53.85,53.85,53.85,151
2024-11-12 18:40:00,53.86,53.86,53.855,53.855,358
2024-11-12 18:43:00,53.89,53.89,53.89,53.89,555
2024-11-12 18:44:00,53.9,53.9,53.9,53.9,483
2024-11-12 18:48:00,53.89,53.89,53.89,53.89,304
2024-11-12 18:49:00,53.9,53.9,53.88,53.88,386
2024-11-12 18:57:00,53.95,53.95,53.95,53.95,173
2024-11-12 18:58:00,53.95,53.95,53.95,53.95,244
2024-11-12 19:01:00,53.96,53.96,53.96,53.96,226
2024-11-12 19:03:00,53.97,53.97,53.97,53.97,128
2024-11-12 19:04:00,53.94,53.98,53.94,53.9725,819
2024-11-12 19:05:00,53.9825,53.9825,53.9825,53.9825,108
2024-11-12 19:06:00,53.99,54.015,53.98,53.99,1195
2024-11-12 19:09:00,54.03,54.03,54.03,54.03,163
2024-11-12 19:16:00,54.0,54.04,54.0,54.01,604
2024-11-12 19:17:00,54.03,54.03,54.02,54.03,591
2024-11-12 19:18:00,54.005,54.005,54.005,54.005,324
2024-11-12 19:22:00,54.04,54.04,54.04,54.04,151
2024-11-12 19:26:00,54.04,54.04,54.01,54.04,867
2024-11-12 19:27:00,54.01,54.01,54.01,54.01,100
2024-11-12 19:28:00,54.04,54.04,54.04,54.04,104
2024-11-12 19:30:00,54.03,54.03,54.02,54.03,1017
2024-11-12 19:31:00,54.035,54.04,54.035,54.04,351
2024-11-12 19:32:00,54.0439,54.0439,54.0439,54.0439,1276
2024-11-12 19:34:00,54.05,54.08,54.05,54.07,2024
2024-11-12 19:36:00,54.08,54.08,54.07,54.07,301
2024-11-12 19:37:00,54.08,54.08,54.08,54.08,202
2024-11-12 19:38:00,54.06,54.07,54.05,54.05,1281
2024-11-12 19:41:00,54.0301,54.092,54.0301,54.092,503
2024-11-12 19:43:00,54.1,54.1,54.1,54.1,241
2024-11-12 19:44:00,54.08,54.08,54.08,54.08,432
2024-11-12 19:45:00,54.065,54.065,54.065,54.065,246
2024-11-12 19:49:00,54.07,54.08,54.07,54.08,667
2024-11-12 19:52:00,54.06,54.06,54.05,54.05,834
2024-11-12 19:54:00,54.03,54.03,54.03,54.03,309
2024-11-12 19:55:00,54.03,54.03,54.02,54.02,874
2024-11-12 20:00:00,54.0046,54.0046,54.0046,54.0046,294
2024-11-12 20:04:00,54.06,54.06,54.06,54.06,195
2024-11-12 20:09:00,54.0091,54.05,54.0091,54.05,424
2024-11-12 20:12:00,54.0,54.0,54.0,54.0,292
2024-11-12 20:14:00,54.025,54.025,54.025,54.025,346
2024-11-12 20:15:00,54.04,54.04,54.04,54.04,241
2024-11-12 20:16:00,54.025,54.025,54.0,54.0,727
2024-11-12 20:18:00,54.02,54.02,53.944,53.944,1115
2024-11-12 20:19:00,53.98,53.98,53.98,53.98,119
2024-11-12 20:25:00,53.985,53.985,53.985,53.985,457
2024-11-12 20:26:00,53.9558,53.98,53.9558,53.98,1162
2024-11-12 20:31:00,53.965,54.0,53.965,54.0,337
2024-11-12 20:34:00,53.99,53.99,53.99,53.99,155
2024-11-12 20:35:00,53.95,53.95,53.95,53.95,189
2024-11-12 20:37:00,53.9426,53.9426,53.9426,53.9426,409
2024-11-12 20:40:00,53.965,54.01,53.965,53.98,548
2024-11-12 20:41:00,53.99,53.99,53.99,53.99,313
2024-11-12 20:45:00,53.98,53.98,53.98,53.98,220
2024-11-12 20:46:00,54.02,54.02,54.02,54.02,223
2024-11-12 20:48:00,54.05,54.05,54.05,54.05,192
2024-11-12 20:49:00,54.02,54.02,54.02,54.02,313
2024-11-12 20:50:00,54.05,54.0799,54.03,54.03,994
2024-11-12 20:51:00,54.035,54.035,54.0,54.035,1186
2024-11-12 20:52:00,54.035,54.035,54.035,54.035,623
2024-11-12 20:53:00,54.04,54.04,54.04,54.04,666
2024-11-12 20:54:00,54.0,54.04,53.99,53.99,2425
2024-11-12 20:55:00,53.97,53.9875,53.94,53.94,8314
2024-11-12 20:56:00,53.96,53.96,53.91,53.91,1652
2024-11-12 20:57:00,53.93,53.94,53.93,53.93,1439
2024-11-12 20:58:00,53.94,53.95,53.94,53.95,920
2024-11-12 20:59:00,53.96,53.98,53.83,53.83,6303
2024-11-12 21:00:00,53.83,53.83,53.83,53.83,149
2024-11-13 12:09:00,52.2,52.2,52.2,52.2,200
2024-11-13 13:00:00,51.51,51.51,51.4602,51.4602,15092
2024-11-13 14:04:00,52.45,52.45,52.45,52.45,269
2024-11-13 14:30:00,52.35,52.36,52.235,52.235,31285
2024-11-13 14:31:00,52.235,52.235,52.235,52.235,347
2024-11-13 14:33:00,52.235,52.235,52.235,52.235,101
2024-11-13 14:34:00,52.11,52.16,52.06,52.07,2975
2024-11-13 14:35:00,52.07,52.215,52.07,52.1,614
2024-11-13 14:36:00,52.07,52.07,52.07,52.07,1229
2024-11-13 14:37:00,52.215,52.215,52.215,52.215,164
2024-11-13 14:38:00,52.08,52.08,52.08,52.08,111
2024-11-13 14:40:00,52.21,52.21,52.21,52.21,133
2024-11-13 14:41:00,52.21,52.21,52.21,52.21,253
2024-11-13 14:42:00,52.33,52.35,52.225,52.225,920
2024-11-13 14:44:00,52.225,52.225,52.225,52.225,309
2024-11-13 14:45:00,52.2,52.2,52.2,52.2,164
2024-11-13 14:47:00,52.3,52.35,52.255,52.34,1078
2024-11-13 14:49:00,52.26,52.26,52.1819,52.1819,302
2024-11-13 14:50:00,52.17,52.26,52.17,52.26,343
2024-11-13 14:51:00,52.17,52.2,52.16,52.2,1073
2024-11-13 14:53:00,52.08,52.08,51.95,51.985,2163
2024-11-13 14:54:00,52.08,52.08,52.03,52.03,369
2024-11-13 14:56:00,51.95,51.95,51.91,51.93,1207
2024-11-13 14:59:00,51.8693,51.89,51.86,51.86,636
2024-11-13 15:00:00,51.975,51.975,51.975,51.975,123
2024-11-13 15:01:00,51.975,51.975,51.975,51.975,101
2024-11-13 15:05:00,51.86,51.86,51.85,51.85,285
2024-11-13 15:06:00,51.7127,51.7127,51.7127,51.7127,425
2024-11-13 15:07:00,51.75,51.75,51.75,51.75,190
2024-11-13 15:09:00,51.86,51.86,51.86,51.86,163
2024-11-13 15:10:00,51.88,51.91,51.88,51.88,500
2024-11-13 15:13:00,51.825,51.825,51.825,51.825,102
2024-11-13 15:14:00,51.89,51.89,51.89,51.89,108
2024-11-13 15:15:00,51.8,51.8,51.78,51.78,624
2024-11-13 15:16:00,51.81,51.81,51.81,51.81,143
2024-11-13 15:17:00,51.76,51.8,51.75,51.8,729
2024-11-13 15:18:00,51.8,51.8,51.8,51.8,105
2024-11-13 15:19:00,51.78,51.78,51.78,51.78,1167
2024-11-13 15:20:00,51.74,51.74,51.695,51.7,1096
2024-11-13 15:21:00,51.69,51.69,51.69,51.69,325
2024-11-13 15:22:00,51.665,51.665,51.665,51.665,161
2024-11-13 15:23:00,51.655,51.655,51.655,51.655,160
2024-11-13 15:24:00,51.67,51.68,51.65,51.67,2283
2024-11-13 15:25:00,51.7,51.71,51.62,51.62,2389
2024-11-13 15:26:00,51.635,51.635,51.635,51.635,152
2024-11-13 15:27:00,51.65,51.65,51.65,51.65,205
2024-11-13 15:28:00,51.59,51.62,51.59,51.62,997
2024-11-13 15:29:00,51.62,51.67,51.62,51.67,1121
2024-11-13 15:30:00,51.65,51.655,51.63,51.655,1135
2024-11-13 15:31:00,51.705,51.705,51.68,51.7,536
2024-11-13 15:32:00,51.71,51.78,51.71,51.76,1513
2024-11-13 15:33:00,51.74,51.83,51.73,51.8,2227
2024-11-13 15:34:00,51.845,51.845,51.76,51.76,1926
2024-11-13 15:35:00,51.74,51.74,51.74,51.74,214
2024-11-13 15:36:00,51.76,51.76,51.73,51.755,1084
2024-11-13 15:37:00,51.755,51.755,51.755,51.755,228
2024-11-13 15:40:00,51.718,51.76,51.635,51.635,1150
2024-11-13 15:41:00,51.66,51.66,51.66,51.66,277
2024-11-13 15:42:00,51.7,51.75,51.7,51.75,736
2024-11-13 15:43:00,51.76,51.78,51.75,51.78,878
2024-11-13 15:44:00,51.72,51.72,51.713,51.72,544
2024-11-13 15:45:00,51.72,51.72,51.67,51.67,323
2024-11-13 15:46:00,51.67,51.67,51.67,51.67,564
2024-11-13 15:47:00,51.78,51.78,51.78,51.78,118
2024-11-13 15:48:00,51.77,51.77,51.77,51.77,153
2024-11-13 15:50:00,51.8,51.875,51.8,51.875,1170
2024-11-13 15:51:00,51.85,51.9,51.82,51.82,1365
2024-11-13 15:52:00,51.84,51.85,51.81,51.85,1193
2024-11-13 15:53:00,51.83,51.88,51.83,51.87,1570
2024-11-13 15:54:00,51.87,51.92,51.85,51.86,1800
2024-11-13 15:55:00,51.86,51.89,51.86,51.89,1554
2024-11-13 15:56:00,51.89,51.95,51.88,51.88,1096
2024-11-13 15:59:00,51.855,51.855,51.855,51.855,107
2024-11-13 16:02:00,51.855,51.855,51.855,51.855,102
2024-11-13 16:05:00,51.85,51.87,51.85,51.87,432
2024-11-13 16:06:00,51.855,51.855,51.855,51.855,449
2024-11-13 16:08:00,51.88,51.88,51.87,51.87,549
2024-11-13 16:09:00,51.86,51.915,51.86,51.915,873
2024-11-13 16:10:00,51.89,51.93,51.88,51.88,1542
2024-11-13 16:11:00,51.9,51.905,51.9,51.9,1064
2024-11-13 16:12:00,51.9,51.9,51.9,51.9,205
2024-11-13 16:14:00,51.89,51.89,51.88,51.88,708
2024-11-13 16:15:00,51.87,51.87,51.87,51.87,206
2024-11-13 16:16:00,51.88,51.88,51.88,51.88,110
2024-11-13 16:17:00,51.865,51.865,51.83,51.85,934
2024-11-13 16:18:00,51.84,51.84,51.84,51.84,188
2024-11-13 16:20:00,51.85,51.87,51.84,51.84,1664
2024-11-13 16:21:00,51.835,51.835,51.835,51.835,477
2024-11-13 16:22:00,51.82,51.82,51.75,51.75,1755
2024-11-13 16:27:00,51.835,51.89,51.835,51.89,847
2024-11-13 16:28:00,51.92,51.92,51.91,51.91,594
2024-11-13 16:29:00,51.93,51.93,51.93,51.93,218
2024-11-13 16:30:00,51.91,51.91,51.91,51.91,104
2024-11-13 16:34:00,51.89,51.89,51.89,51.89,144
2024-11-13 16:35:00,51.945,51.945,51.91,51.91,1341
2024-11-13 16:37:00,51.91,51.93,51.91,51.93,277
2024-11-13 16:38:00,51.9,51.9,51.9,51.9,377
2024-11-13 16:39:00,51.945,51.945,51.93,51.93,228
2024-11-13 16:40:00,51.89,51.89,51.88,51.89,666
2024-11-13 16:42:00,51.85,51.85,51.85,51.85,164
2024-11-13 16:46:00,51.87,51.87,51.87,51.87,276
2024-11-13 16:48:00,51.895,51.895,51.87,51.88,611
2024-11-13 16:49:00,51.86,51.885,51.86,51.86,900
2024-11-13 16:50:00,51.82,51.82,51.82,51.82,245
2024-11-13 16:51:00,51.825,51.825,51.81,51.81,1227
2024-11-13 16:52:00,51.81,51.81,51.81,51.81,500
2024-11-13 16:53:00,51.82,51.82,51.82,51.82,441
2024-11-13 16:54:00,51.82,51.825,51.8,51.8,3744
2024-11-13 16:55:00,51.78,51.79,51.72,51.72,987
2024-11-13 16:56:00,51.72,51.74,51.71,51.73,701
2024-11-13 16:59:00,51.77,51.78,51.77,51.78,828
2024-11-13 17:00:00,51.79,51.79,51.79,51.79,118
2024-11-13 17:02:00,51.8,51.8,51.8,51.8,552
2024-11-13 17:04:00,51.77,51.77,51.74,51.74,1398
2024-11-13 17:06:00,51.77,51.8,51.75,51.8,849
2024-11-13 17:07:00,51.8,51.8,51.8,51.8,306
2024-11-13 17:10:00,51.86,51.86,51.86,51.86,100
2024-11-13 17:11:00,51.852,51.852,51.81,51.81,372
2024-11-13 17:12:00,51.8373,51.8373,51.8373,51.8373,146
2024-11-13 17:17:00,51.9,51.9,51.858,51.9,550
2024-11-13 17:18:00,51.85,51.85,51.85,51.85,145
2024-11-13 17:19:00,51.85,51.89,51.82,51.82,2233
2024-11-13 17:20:00,51.79,51.79,51.78,51.78,1074
2024-11-13 17:21:00,51.78,51.78,51.76,51.76,503
2024-11-13 17:22:00,51.755,51.76,51.75,51.75,691
2024-11-13 17:23:00,51.74,51.74,51.71,51.735,3617
2024-11-13 17:24:00,51.715,51.715,51.715,51.715,1201
2024-11-13 17:25:00,51.74,51.79,51.74,51.79,2007
2024-11-13 17:29:00,51.7576,51.7576,51.7393,51.7393,498
2024-11-13 17:30:00,51.73,51.73,51.73,51.73,380
2024-11-13 17:33:00,51.78,51.78,51.78,51.78,335
2024-11-13 17:35:00,51.74,51.74,51.73,51.73,549
2024-11-13 17:36:00,51.78,51.79,51.78,51.78,470
2024-11-13 17:37:00,51.83,51.83,51.83,51.83,870
2024-11-13 17:39:00,51.83,51.83,51.83,51.83,156
2024-11-13 17:40:00,51.805,51.805,51.805,51.805,213
2024-11-13 17:41:00,51.81,51.81,51.81,51.81,184
2024-11-13 17:42:00,51.79,51.79,51.75,51.79,1099
2024-11-13 17:43:00,51.765,51.765,51.765,51.765,334
2024-11-13 17:47:00,51.83,51.84,51.83,51.84,414
2024-11-13 17:53:00,51.84,51.84,51.81,51.81,981
2024-11-13 17:54:00,51.835,51.835,51.835,51.835,175
2024-11-13 18:00:00,51.85,51.85,51.82,51.82,528
2024-11-13 18:02:00,51.8038,51.8038,51.8038,51.8038,223
2024-11-13 18:03:00,51.82,51.82,51.82,51.82,121
2024-11-13 18:05:00,51.8,51.8,51.8,51.8,337
2024-11-13 18:07:00,51.8,51.8,51.77,51.78,1071
2024-11-13 18:08:00,51.77,51.77,51.76,51.76,1074
2024-11-13 18:09:00,51.76,51.76,51.75,51.76,832
2024-11-13 18:12:00,51.75,51.75,51.75,51.75,229
2024-11-13 18:13:00,51.756,51.76,51.756,51.76,358
2024-11-13 18:14:00,51.73,51.73,51.73,51.73,696
2024-11-13 18:22:00,51.735,51.735,51.7215,51.7215,687
2024-11-13 18:23:00,51.73,51.73,51.73,51.73,676
2024-11-13 18:28:00,51.7406,51.7406,51.7406,51.7406,130
2024-11-13 18:29:00,51.76,51.76,51.76,51.76,659
2024-11-13 18:31:00,51.7401,51.7401,51.7401,51.7401,233
2024-11-13 18:35:00,51.78,51.78,51.78,51.78,142
2024-11-13 18:37:00,51.73,51.73,51.7006,51.71,2801
2024-11-13 18:38:00,51.725,51.725,51.725,51.725,557
2024-11-13 18:39:00,51.73,51.73,51.73,51.73,1065
2024-11-13 18:40:00,51.72,51.72,51.71,51.71,497
2024-11-13 18:41:00,51.7,51.72,51.7,51.7,1267
2024-11-13 18:45:00,51.72,51.755,51.711,51.74,2324
2024-11-13 18:46:00,51.76,51.76,51.76,51.76,179
2024-11-13 18:47:00,51.74,51.74,51.74,51.74,209
2024-11-13 18:48:00,51.76,51.76,51.7567,51.7567,235
2024-11-13 18:50:00,51.79,51.79,51.79,51.79,539
2024-11-13 18:51:00,51.82,51.82,51.77,51.77,1403
2024-11-13 18:55:00,51.74,51.74,51.74,51.74,101
2024-11-13 18:57:00,51.74,51.74,51.74,51.74,177
2024-11-13 19:00:00,51.77,51.77,51.73,51.73,301
2024-11-13 19:01:00,51.77,51.77,51.77,51.77,128
2024-11-13 19:03:00,51.7691,51.7691,51.7563,51.7563,739
2024-11-13 19:05:00,51.73,51.76,51.73,51.76,1140
2024-11-13 19:06:00,51.765,51.765,51.765,51.765,146
2024-11-13 19:07:00,51.745,51.77,51.72,51.72,1541
2024-11-13 19:08:00,51.71,51.72,51.71,51.72,349
2024-11-13 19:10:00,51.71,51.71,51.7,51.7,662
2024-11-13 19:14:00,51.66,51.685,51.66,51.685,328
2024-11-13 19:16:00,51.71,51.71,51.71,51.71,637
2024-11-13 19:18:00,51.66,51.68,51.66,51.68,660
2024-11-13 19:20:00,51.68,51.68,51.68,51.68,240
2024-11-13 19:21:00,51.675,51.675,51.675,51.675,201
2024-11-13 19:22:00,51.6987,51.6987,51.6987,51.6987,139
2024-11-13 19:27:00,51.68,51.71,51.68,51.71,203
2024-11-13 19:30:00,51.67,51.67,51.67,51.67,411
2024-11-13 19:31:00,51.64,51.64,51.62,51.62,597
2024-11-13 19:32:00,51.6,51.62,51.6,51.62,224
2024-11-13 19:33:00,51.64,51.65,51.64,51.65,488
2024-11-13 19:34:00,51.66,51.66,51.66,51.66,456
2024-11-13 19:36:00,51.65,51.65,51.65,51.65,252
2024-11-13 19:39:00,51.67,51.68,51.67,51.68,241
2024-11-13 19:41:00,51.63,51.63,51.6137,51.6137,784
2024-11-13 19:42:00,51.64,51.64,51.64,51.64,268
2024-11-13 19:45:00,51.65,51.66,51.65,51.66,1072
2024-11-13 19:46:00,51.64,51.64,51.64,51.64,321
2024-11-13 19:50:00,51.65,51.65,51.65,51.65,104
2024-11-13 19:51:00,51.66,51.67,51.65,51.65,998
2024-11-13 19:52:00,51.65,51.65,51.65,51.65,222
2024-11-13 19:53:00,51.67,51.67,51.67,51.67,282
2024-11-13 19:54:00,51.66,51.66,51.66,51.66,682
2024-11-13 19:55:00,51.65,51.65,51.65,51.65,423
2024-11-13 19:59:00,51.68,51.69,51.68,51.69,712
2024-11-13 20:03:00,51.65,51.65,51.64,51.64,1604
2024-11-13 20:04:00,51.65,51.65,51.65,51.65,195
2024-11-13 20:06:00,51.67,51.67,51.67,51.67,101
2024-11-13 20:07:00,51.6645,51.6645,51.6645,51.6645,291
2024-11-13 20:09:00,51.69,51.7,51.67,51.67,1876
2024-11-13 20:12:00,51.7,51.7,51.7,51.7,258
2024-11-13 20:14:00,51.68,51.68,51.68,51.68,359
2024-11-13 20:17:00,51.685,51.685,51.67,51.67,786
2024-11-13 20:21:00,51.69,51.7,51.69,51.7,700
2024-11-13 20:23:00,51.697,51.697,51.6103,51.67,8059
2024-11-13 20:27:00,51.679,51.679,51.679,51.679,105
2024-11-13 20:28:00,51.67,51.67,51.67,51.67,143
2024-11-13 20:29:00,51.67,51.67,51.67,51.67,152
2024-11-13 20:30:00,51.65,51.65,51.65,51.65,829
2024-11-13 20:31:00,51.63,51.63,51.63,51.63,336
2024-11-13 20:33:00,51.655,51.679,51.655,51.679,496
2024-11-13 20:34:00,51.66,51.66,51.66,51.66,328
2024-11-13 20:35:00,51.665,51.665,51.665,51.665,308
2024-11-13 20:39:00,51.68,51.68,51.6706,51.6706,480
2024-11-13 20:40:00,51.68,51.68,51.65,51.65,1340
2024-11-13 20:41:00,51.66,51.66,51.66,51.66,443
2024-11-13 20:42:00,51.645,51.645,51.645,51.645,257
2024-11-13 20:43:00,51.63,51.64,51.625,51.625,1020
2024-11-13 20:44:00,51.639,51.639,51.639,51.639,747
2024-11-13 20:46:00,51.62,51.62,51.6051,51.6051,705
2024-11-13 20:47:00,51.615,51.615,51.615,51.615,230
2024-11-13 20:49:00,51.59,51.6,51.59,51.595,672
2024-11-13 20:50:00,51.58,51.58,51.58,51.58,780
2024-11-13 20:51:00,51.565,51.565,51.565,51.565,319
2024-11-13 20:52:00,51.58,51.58,51.58,51.58,824
2024-11-13 20:53:00,51.6,51.62,51.58,51.62,2118
2024-11-13 20:54:00,51.61,51.61,51.57,51.6,2809
2024-11-13 20:56:00,51.62,51.63,51.61,51.61,2362
2024-11-13 20:57:00,51.61,51.61,51.59,51.59,2167
2024-11-13 20:58:00,51.62,51.62,51.6,51.6,3150
2024-11-13 20:59:00,51.595,51.61,51.56,51.56,4350
2024-11-14 09:03:00,50.84,50.84,50.84,50.84,302
2024-11-14 09:19:00,51.61,51.61,51.61,51.61,100
2024-11-14 10:23:00,52.01,52.01,52.01,52.01,580
2024-11-14 11:19:00,52.28,52.28,52.28,52.28,307
2024-11-14 12:29:00,52.46,52.75,52.46,52.75,378
2024-11-14 13:00:00,52.75,52.75,51.0,51.58,15486
2024-11-14 13:01:00,53.43,53.8,53.14,53.53,992
2024-11-14 13:07:00,53.55,53.55,53.55,53.55,300
2024-11-14 13:15:00,53.64,53.64,53.64,53.64,476
2024-11-14 13:58:00,53.23,53.23,53.23,53.23,309
2024-11-14 14:26:00,53.16,53.16,53.16,53.16,365
2024-11-14 14:29:00,53.29,53.44,53.29,53.44,969
2024-11-14 14:30:00,52.88,53.1,52.88,53.1,6514
2024-11-14 14:31:00,53.1,53.1,53.1,53.1,779
2024-11-14 14:32:00,53.05,53.05,53.05,53.05,179
2024-11-14 14:33:00,53.12,53.12,53.1,53.1,250
2024-11-14 14:34:00,53.11,53.12,53.11,53.12,470
2024-11-14 14:35:00,53.12,53.12,53.12,53.12,106
2024-11-14 14:36:00,53.06,53.06,53.06,53.06,294
2024-11-14 14:37:00,53.14,53.14,53.11,53.12,1627
2024-11-14 14:38:00,53.09,53.12,53.09,53.12,411
2024-11-14 14:39:00,53.04,53.04,53.02,53.02,827
2024-11-14 14:40:00,52.99,53.01,52.94,52.965,1225
2024-11-14 14:41:00,52.94,53.01,52.89,52.89,908
2024-11-14 14:42:00,52.84,52.84,52.84,52.84,200
2024-11-14 14:43:00,52.965,52.965,52.965,52.965,310
2024-11-14 14:45:00,52.925,52.925,52.925,52.925,206
2024-11-14 14:47:00,52.93,52.93,52.82,52.925,955
2024-11-14 14:50:00,52.99,53.06,52.99,53.0068,3495
2024-11-14 14:51:00,53.015,53.015,53.015,53.015,131
2024-11-14 14:52:00,53.015,53.015,52.95,52.97,2243
2024-11-14 14:53:00,52.95,52.96,52.95,52.96,805
2024-11-14 14:55:00,52.93,52.93,52.93,52.93,161
2024-11-14 14:58:00,52.93,52.99,52.93,52.96,2013
2024-11-14 14:59:00,53.03,53.03,52.96,52.96,1895
2024-11-14 15:00:00,52.96,53.03,52.96,52.96,655
2024-11-14 15:01:00,53.0,53.0,53.0,53.0,102
2024-11-14 15:03:00,53.0,53.0,53.0,53.0,169
2024-11-14 15:04:00,53.0,53.07,53.0,53.07,1523
2024-11-14 15:05:00,53.1,53.11,53.1,53.11,2368
2024-11-14 15:06:00,53.1,53.11,53.1,53.11,606
2024-11-14 15:07:00,53.11,53.11,53.05,53.1,5406
2024-11-14 15:08:00,53.12,53.12,53.0777,53.11,2087
2024-11-14 15:09:00,53.11,53.115,53.07,53.07,1779
2024-11-14 15:12:00,53.1,53.1,53.1,53.1,160
2024-11-14 15:13:00,53.07,53.07,53.05,53.05,1149
2024-11-14 15:15:00,53.03,53.04,53.03,53.03,1142
2024-11-14 15:16:00,52.985,52.985,52.985,52.985,448
2024-11-14 15:17:00,52.98,52.98,52.95,52.95,1902
2024-11-14 15:18:00,52.945,52.945,52.945,52.945,141
2024-11-14 15:19:00,52.91,52.91,52.91,52.91,587
2024-11-14 15:20:00,52.945,53.01,52.945,52.98,9381
2024-11-14 15:21:00,52.98,52.98,52.98,52.98,246
2024-11-14 15:22:00,53.004,53.004,53.004,53.004,136
2024-11-14 15:23:00,52.98,52.98,52.98,52.98,648
2024-11-14 15:24:00,53.01,53.01,53.01,53.01,130
2024-11-14 15:25:00,53.01,53.01,53.01,53.01,537
2024-11-14 15:26:00,52.98,53.03,52.98,53.015,632
2024-11-14 15:27:00,53.05,53.05,53.025,53.025,677
2024-11-14 15:28:00,53.025,53.04,53.025,53.04,523
2024-11-14 15:29:00,53.05,53.05,53.05,53.05,125
2024-11-14 15:30:00,53.025,53.025,53.025,53.025,215
2024-11-14 15:31:00,53.05,53.05,53.025,53.025,813
2024-11-14 15:32:00,53.0,53.13,53.0,53.07,4002
2024-11-14 15:34:00,53.11,53.115,53.11,53.115,1041
2024-11-14 15:35:00,53.12,53.14,53.09,53.09,3332
2024-11-14 15:36:00,53.1,53.1,53.1,53.1,318
2024-11-14 15:37:00,53.07,53.08,53.07,53.08,803
2024-11-14 15:38:00,53.03,53.03,53.03,53.03,106
2024-11-14 15:39:00,53.08,53.08,53.08,53.08,117
2024-11-14 15:41:00,53.055,53.06,53.01,53.06,2189
2024-11-14 15:43:00,53.055,53.07,53.0,53.0,2301
2024-11-14 15:46:00,52.9875,53.04,52.985,52.985,324
2024-11-14 15:47:00,53.05,53.05,53.05,53.05,109
2024-11-14 15:49:00,52.97,53.0,52.97,53.0,215
2024-11-14 15:50:00,53.005,53.06,53.005,53.025,1408
2024-11-14 15:51:00,53.05,53.1,53.025,53.1,2954
2024-11-14 15:52:00,53.1,53.13,53.1,53.13,970
2024-11-14 15:53:00,53.105,53.11,53.105,53.11,296
2024-11-14 15:54:00,53.13,53.13,53.09,53.09,794
2024-11-14 15:56:00,53.11,53.11,53.11,53.11,227
2024-11-14 15:57:00,53.08,53.08,53.08,53.08,504
2024-11-14 15:58:00,53.03,53.08,53.03,53.08,2066
2024-11-14 15:59:00,53.07,53.07,53.0,53.04,1806
2024-11-14 16:00:00,53.04,53.08,53.04,53.08,639
2024-11-14 16:02:00,53.05,53.05,53.05,53.05,164
2024-11-14 16:03:00,53.06,53.06,53.06,53.06,101
2024-11-14 16:04:00,53.0558,53.06,53.0558,53.06,962
2024-11-14 16:05:00,53.01,53.04,52.97,52.97,2107
2024-11-14 16:06:00,53.02,53.04,53.02,53.04,615
2024-11-14 16:07:00,53.02,53.0472,53.02,53.035,1548
2024-11-14 16:08:00,53.05,53.05,53.035,53.035,247
2024-11-14 16:09:00,53.05,53.05,53.0479,53.0479,973
2024-11-14 16:10:00,53.035,53.05,53.035,53.05,578
2024-11-14 16:11:00,53.06,53.06,53.02,53.02,505
2024-11-14 16:13:00,53.045,53.045,53.01,53.01,306
2024-11-14 16:14:00,53.05,53.05,53.05,53.05,145
2024-11-14 16:15:00,53.01,53.055,53.0095,53.055,505
2024-11-14 16:16:00,53.06,53.06,53.06,53.06,103
2024-11-14 16:18:00,53.06,53.06,53.06,53.06,122
2024-11-14 16:20:00,53.015,53.07,53.015,53.05,3414
2024-11-14 16:21:00,53.045,53.0517,53.02,53.0517,973
2024-11-14 16:22:00,53.07,53.07,53.07,53.07,102
2024-11-14 16:24:00,53.07,53.07,53.0634,53.0634,250
2024-11-14 16:25:00,53.07,53.11,53.05,53.07,3669
2024-11-14 16:26:00,53.12,53.12,53.12,53.12,208
2024-11-14 16:27:00,53.1,53.1,53.1,53.1,205
2024-11-14 16:28:00,53.1,53.1,53.1,53.1,104
2024-11-14 16:29:00,53.05,53.05,53.03,53.03,762
2024-11-14 16:31:00,53.07,53.07,53.07,53.07,187
2024-11-14 16:33:00,53.07,53.07,53.07,53.07,111
2024-11-14 16:34:00,53.02,53.02,53.02,53.02,293
2024-11-14 16:36:00,53.08,53.08,53.08,53.08,386
2024-11-14 16:37:00,53.08,53.08,52.98,52.98,706
2024-11-14 16:39:00,53.02,53.07,53.01,53.04,734
2024-11-14 16:40:00,53.0,53.0,53.0,53.0,297
2024-11-14 16:41:00,52.99,52.99,52.955,52.99,1051
2024-11-14 16:42:00,52.93,52.93,52.93,52.93,100
2024-11-14 16:43:00,52.95,52.95,52.94,52.94,400
2024-11-14 16:44:00,52.94,52.94,52.94,52.94,340
2024-11-14 16:45:00,52.96,52.96,52.935,52.935,301
2024-11-14 16:46:00,52.935,52.935,52.91,52.918,2474
2024-11-14 16:47:00,52.9,52.9,52.9,52.9,266
2024-11-14 16:48:00,52.93,52.93,52.93,52.93,119
2024-11-14 16:49:00,52.855,52.855,52.855,52.855,138
2024-11-14 16:50:00,52.855,52.855,52.855,52.855,350
2024-11-14 16:51:00,52.855,52.855,52.855,52.855,101
2024-11-14 16:52:00,52.85,52.85,52.82,52.83,542
2024-11-14 16:53:00,52.865,52.865,52.83,52.83,245
2024-11-14 16:54:00,52.82,52.82,52.82,52.82,104
2024-11-14 16:56:00,52.825,52.825,52.825,52.825,651
2024-11-14 16:57:00,52.81,52.81,52.8,52.8,713
2024-11-14 16:58:00,52.79,52.79,52.79,52.79,106
2024-11-14 16:59:00,52.79,52.79,52.79,52.79,384
2024-11-14 17:00:00,52.81,52.81,52.8,52.8,330
2024-11-14 17:01:00,52.775,52.775,52.77,52.775,1833
2024-11-14 17:02:00,52.78,52.8,52.775,52.8,301
2024-11-14 17:03:00,52.8,52.81,52.8,52.81,1607
2024-11-14 17:04:00,52.81,52.81,52.81,52.81,253
2024-11-14 17:05:00,52.81,52.81,52.81,52.81,445
2024-11-14 17:07:00,52.8,52.81,52.8,52.81,927
2024-11-14 17:08:00,52.82,52.86,52.82,52.86,332
2024-11-14 17:09:00,52.87,52.87,52.87,52.87,105
2024-11-14 17:10:00,52.87,52.87,52.87,52.87,531
2024-11-14 17:11:00,52.86,52.885,52.86,52.86,838
2024-11-14 17:14:00,52.89,52.89,52.89,52.89,183
2024-11-14 17:15:00,52.865,52.865,52.83,52.83,1454
2024-11-14 17:16:00,52.825,52.825,52.8,52.8,561
2024-11-14 17:17:00,52.795,52.795,52.795,52.795,109
2024-11-14 17:20:00,52.8,52.81,52.79,52.81,1602
2024-11-14 17:21:00,52.855,52.855,52.85,52.85,447
2024-11-14 17:22:00,52.88,52.88,52.84,52.85,1189
2024-11-14 17:23:00,52.82,52.84,52.82,52.84,295
2024-11-14 17:24:00,52.8593,52.8593,52.8593,52.8593,529
2024-11-14 17:25:00,52.85,52.86,52.845,52.845,598
2024-11-14 17:26:00,52.85,52.85,52.85,52.85,852
2024-11-14 17:27:00,52.85,52.85,52.85,52.85,483
2024-11-14 17:28:00,52.87,52.87,52.855,52.855,385
2024-11-14 17:29:00,52.84,52.87,52.84,52.87,2051
2024-11-14 17:30:00,52.87,52.87,52.815,52.815,2415
2024-11-14 17:31:00,52.81,52.81,52.78,52.78,1446
2024-11-14 17:32:00,52.78,52.78,52.75,52.75,737
2024-11-14 17:33:00,52.75,52.75,52.74,52.74,653
2024-11-14 17:34:00,52.76,52.77,52.76,52.77,820
2024-11-14 17:35:00,52.755,52.81,52.755,52.81,1125
2024-11-14 17:36:00,52.81,52.81,52.81,52.81,223
2024-11-14 17:37:00,52.81,52.82,52.81,52.82,875
2024-11-14 17:39:00,52.83,52.83,52.8,52.8,439
2024-11-14 17:41:00,52.8,52.82,52.8,52.82,433
2024-11-14 17:43:00,52.8,52.8,52.8,52.8,420
2024-11-14 17:44:00,52.78,52.78,52.78,52.78,409
2024-11-14 17:45:00,52.8,52.88,52.8,52.88,1459
2024-11-14 17:46:00,52.84,52.84,52.84,52.84,169
2024-11-14 17:47:00,52.86,52.86,52.86,52.86,136
2024-11-14 17:48:00,52.86,52.86,52.86,52.86,256
2024-11-14 17:49:00,52.77,52.83,52.77,52.83,1257
2024-11-14 17:50:00,52.745,52.745,52.745,52.745,500
2024-11-14 17:52:00,52.82,52.82,52.82,52.82,160
2024-11-14 17:54:00,52.845,52.845,52.845,52.845,205
2024-11-14 17:55:00,52.91,52.91,52.91,52.91,197
2024-11-14 17:57:00,52.79,52.92,52.79,52.92,601
2024-11-14 17:58:00,52.845,52.845,52.845,52.845,312
2024-11-14 18:00:00,52.93,52.93,52.93,52.93,102
2024-11-14 18:01:00,52.93,52.93,52.91,52.91,1749
2024-11-14 18:02:00,52.845,52.91,52.8,52.8,678
2024-11-14 18:03:00,52.87,52.89,52.85,52.89,1685
2024-11-14 18:04:00,52.88,52.88,52.88,52.88,101
2024-11-14 18:05:00,52.88,52.88,52.88,52.88,255
2024-11-14 18:07:00,52.86,52.88,52.86,52.88,211
2024-11-14 18:09:00,52.88,52.88,52.88,52.88,233
2024-11-14 18:10:00,52.88,52.915,52.88,52.915,1319
2024-11-14 18:11:00,52.895,52.895,52.895,52.895,107
2024-11-14 18:12:00,52.87,52.885,52.87,52.88,785
2024-11-14 18:13:00,52.89,52.89,52.89,52.89,191
2024-11-14 18:17:00,52.87,52.87,52.87,52.87,303
2024-11-14 18:18:00,52.87,52.87,52.823,52.823,6184
2024-11-14 18:19:00,52.77,52.775,52.77,52.775,223
2024-11-14 18:21:00,52.8,52.8,52.8,52.8,314
2024-11-14 18:22:00,52.735,52.735,52.735,52.735,158
2024-11-14 18:23:00,52.74,52.74,52.74,52.74,134
2024-11-14 18:24:00,52.765,52.8,52.73,52.8,2938
2024-11-14 18:25:00,52.76,52.76,52.74,52.75,1151
2024-11-14 18:27:00,52.74,52.77,52.73,52.77,1537
2024-11-14 18:28:00,52.71,52.73,52.71,52.73,513
2024-11-14 18:29:00,52.71,52.73,52.7,52.73,979
2024-11-14 18:30:00,52.705,52.705,52.68,52.68,480
2024-11-14 18:31:00,52.69,52.69,52.61,52.61,1275
2024-11-14 18:34:00,52.67,52.73,52.67,52.715,3918
2024-11-14 18:35:00,52.715,52.73,52.7,52.72,1786
2024-11-14 18:36:00,52.73,52.73,52.715,52.715,1716
2024-11-14 18:37:00,52.705,52.74,52.6749,52.705,822
2024-11-14 18:38:00,52.705,52.705,52.7,52.7,426
2024-11-14 18:39:00,52.6919,52.7299,52.6919,52.7299,701
2024-11-14 18:41:00,52.73,52.73,52.73,52.73,102
2024-11-14 18:42:00,52.73,52.76,52.725,52.76,2227
2024-11-14 18:43:00,52.77,52.77,52.77,52.77,256
2024-11-14 18:45:00,52.8,52.82,52.79,52.79,1040
2024-11-14 18:46:00,52.785,52.795,52.785,52.795,613
2024-11-14 18:47:00,52.7925,52.7925,52.7925,52.7925,101
2024-11-14 18:50:00,52.82,52.82,52.795,52.795,324
2024-11-14 18:52:00,52.79,52.79,52.77,52.785,695
2024-11-14 18:53:00,52.785,52.785,52.785,52.785,644
2024-11-14 18:54:00,52.79,52.79,52.79,52.79,229
2024-11-14 18:55:00,52.785,52.8,52.785,52.8,233
2024-11-14 18:56:00,52.785,52.785,52.78,52.78,969
2024-11-14 18:57:00,52.78,52.78,52.78,52.78,311
2024-11-14 18:59:00,52.775,52.775,52.775,52.775,172
2024-11-14 19:00:00,52.79,52.79,52.78,52.78,875
2024-11-14 19:01:00,52.8,52.8,52.8,52.8,420
2024-11-14 19:03:00,52.815,52.815,52.815,52.815,940
2024-11-14 19:09:00,52.86,52.86,52.86,52.86,456
2024-11-14 19:10:00,52.86,52.86,52.86,52.86,105
2024-11-14 19:13:00,52.9199,52.9199,52.9199,52.9199,226
2024-11-14 19:16:00,52.88,52.88,52.88,52.88,288
2024-11-14 19:17:00,52.91,52.91,52.885,52.885,531
2024-11-14 19:18:00,52.8607,52.865,52.83,52.83,3624
2024-11-14 19:19:00,52.845,52.845,52.845,52.845,315
2024-11-14 19:20:00,52.84,52.84,52.84,52.84,144
2024-11-14 19:21:00,52.84,52.84,52.84,52.84,100
2024-11-14 19:22:00,52.86,52.88,52.85,52.85,1432
2024-11-14 19:25:00,52.875,52.9,52.8725,52.9,2306
2024-11-14 19:26:00,52.88,52.89,52.855,52.89,1409
2024-11-14 19:28:00,52.88,52.88,52.87,52.87,205
2024-11-14 19:29:00,52.875,52.875,52.865,52.865,362
2024-11-14 19:30:00,52.89,52.89,52.89,52.89,534
2024-11-14 19:31:00,52.9,52.9,52.9,52.9,343
2024-11-14 19:32:00,52.91,52.92,52.8995,52.8995,783
2024-11-14 19:33:00,52.92,52.92,52.92,52.92,578
2024-11-14 19:36:00,52.9,52.9,52.9,52.9,376
2024-11-14 19:37:00,52.9025,52.905,52.9025,52.905,400
2024-11-14 19:39:00,52.91,52.91,52.91,52.91,218
2024-11-14 19:40:00,52.92,52.92,52.92,52.92,542
2024-11-14 19:41:00,52.92,52.93,52.92,52.93,1354
2024-11-14 19:42:00,52.96,52.96,52.96,52.96,206
2024-11-14 19:43:00,52.94,52.94,52.93,52.93,383
2024-11-14 19:45:00,52.93,52.93,52.93,52.93,221
2024-11-14 19:47:00,52.93,52.95,52.93,52.95,784
2024-11-14 19:50:00,52.95,52.95,52.9447,52.9447,1887
2024-11-14 19:51:00,52.97,52.99,52.96,52.99,1270
2024-11-14 19:52:00,53.0,53.0,53.0,53.0,764
2024-11-14 19:53:00,53.01,53.02,53.01,53.02,975
2024-11-14 19:54:00,53.01,53.01,53.005,53.005,370
2024-11-14 19:55:00,53.0,53.02,52.99,52.99,4344
2024-11-14 19:56:00,52.96,52.96,52.96,52.96,281
2024-11-14 19:57:00,52.93,52.95,52.93,52.95,208
2024-11-14 20:01:00,52.835,52.835,52.835,52.835,100
2024-11-14 20:02:00,52.78,52.78,52.735,52.735,970
2024-11-14 20:06:00,52.64,52.7074,52.64,52.7074,571
2024-11-14 20:07:00,52.64,52.64,52.595,52.595,417
2024-11-14 20:08:00,52.58,52.625,52.58,52.625,313
2024-11-14 20:10:00,52.57,52.57,52.57,52.57,165
2024-11-14 20:12:00,52.62,52.63,52.6,52.615,3123
2024-11-14 20:13:00,52.615,52.615,52.615,52.615,131
2024-11-14 20:15:00,52.5895,52.5895,52.5895,52.5895,729
2024-11-14 20:16:00,52.6,52.72,52.6,52.72,2641
2024-11-14 20:17:00,52.8,52.8,52.8,52.8,186
2024-11-14 20:20:00,52.705,52.78,52.705,52.78,509
2024-11-14 20:21:00,52.705,52.705,52.705,52.705,212
2024-11-14 20:22:00,52.705,52.705,52.705,52.705,103
2024-11-14 20:25:00,52.635,52.635,52.635,52.635,141
2024-11-14 20:27:00,52.78,52.78,52.78,52.78,460
2024-11-14 20:29:00,52.705,52.705,52.635,52.635,247
2024-11-14 20:30:00,52.705,52.705,52.705,52.705,145
2024-11-14 20:31:00,52.71,52.71,52.71,52.71,140
2024-11-14 20:32:00,52.64,52.64,52.6,52.6346,2181
2024-11-14 20:33:00,52.55,52.55,52.55,52.55,133
2024-11-14 20:35:00,52.6145,52.615,52.54,52.615,670
2024-11-14 20:36:00,52.615,52.615,52.615,52.615,173
2024-11-14 20:38:00,52.61,52.61,52.53,52.53,428
2024-11-14 20:39:00,52.61,52.61,52.61,52.61,101
2024-11-14 20:40:00,52.53,52.53,52.53,52.53,150
2024-11-14 20:41:00,52.62,52.62,52.555,52.555,605
2024-11-14 20:42:00,52.555,52.555,52.555,52.555,200
2024-11-14 20:43:00,52.545,52.615,52.54,52.615,320
2024-11-14 20:44:00,52.545,52.545,52.545,52.545,203
2024-11-14 20:45:00,52.615,52.615,52.615,52.615,926
2024-11-14 20:46:00,52.615,52.615,52.54,52.54,400
2024-11-14 20:47:00,52.545,52.545,52.545,52.545,102
2024-11-14 20:48:00,52.545,52.545,52.54,52.54,940
2024-11-14 20:49:00,52.495,52.495,52.495,52.495,233
2024-11-14 20:50:00,52.515,52.56,52.48,52.52,4221
2024-11-14 20:51:00,52.49,52.515,52.48,52.515,681
2024-11-14 20:52:00,52.48,52.49,52.47,52.47,933
2024-11-14 20:53:00,52.47,52.51,52.47,52.49,1479
2024-11-14 20:54:00,52.46,52.49,52.46,52.46,5466
2024-11-14 20:55:00,52.46,52.46,52.46,52.46,878
2024-11-14 20:56:00,52.465,52.465,52.44,52.44,1504
2024-11-14 20:57:00,52.44,52.47,52.44,52.47,2791
2024-11-14 20:58:00,52.45,52.46,52.41,52.41,3100
2024-11-14 20:59:00,52.41,52.45,52.38,52.4,16860
2024-11-15 00:02:00,52.0201,52.07,52.02,52.02,2009
2024-11-15 13:54:00,50.29,50.29,50.29,50.29,200
2024-11-15 13:57:00,50.26,50.26,50.26,50.26,109
2024-11-15 14:24:00,50.02,50.23,50.0,50.06,1688
2024-11-15 14:30:00,50.0,50.1,49.795,49.795,15284
2024-11-15 14:31:00,49.73,49.82,49.73,49.82,440
2024-11-15 14:32:00,49.6986,49.77,49.65,49.65,1585
2024-11-15 14:33:00,49.57,49.65,49.57,49.65,324
2024-11-15 14:34:00,49.65,49.65,49.64,49.64,417
2024-11-15 14:35:00,49.64,49.71,49.545,49.69,10014
2024-11-15 14:36:00,49.73,49.785,49.67,49.67,6179
2024-11-15 14:37:00,49.71,49.77,49.66,49.7,3744
2024-11-15 14:38:00,49.67,49.7,49.67,49.7,1216
2024-11-15 14:39:00,49.7,49.81,49.69,49.73,3774
2024-11-15 14:40:00,49.73,50.0,49.73,50.0,4375
2024-11-15 14:41:00,49.8651,50.005,49.84,49.84,2829
2024-11-15 14:42:00,49.9,49.915,49.8305,49.8305,2353
2024-11-15 14:43:00,49.87,49.88,49.84,49.84,1015
2024-11-15 14:44:00,49.88,49.88,49.88,49.88,130
2024-11-15 14:45:00,49.905,49.9689,49.85,49.96,3334
2024-11-15 14:46:00,49.94,50.0,49.921,49.921,1515
2024-11-15 14:47:00,49.915,49.94,49.87,49.885,2782
2024-11-15 14:48:00,49.91,49.915,49.91,49.915,930
2024-11-15 14:49:00,49.915,50.03,49.915,49.97,6285
2024-11-15 14:50:00,49.975,49.975,49.88,49.9403,4098
2024-11-15 14:51:00,49.95,50.055,49.92,49.98,4793
2024-11-15 14:52:00,49.98,50.06,49.915,49.915,1334
2024-11-15 14:53:00,49.94,49.94,49.94,49.94,438
2024-11-15 14:54:00,49.97,49.97,49.935,49.97,911
2024-11-15 14:55:00,49.91,49.915,49.9,49.9,519
2024-11-15 14:56:00,49.85,49.85,49.85,49.85,119
2024-11-15 14:57:00,49.91,49.91,49.895,49.895,412
2024-11-15 14:58:00,49.861,49.87,49.861,49.87,516
2024-11-15 14:59:00,49.821,49.87,49.78,49.78,1074
2024-11-15 15:00:00,49.84,49.84,49.84,49.84,205
2024-11-15 15:01:00,49.76,49.76,49.69,49.69,725
2024-11-15 15:02:00,49.59,49.6,49.59,49.6,211
2024-11-15 15:03:00,49.67,49.72,49.67,49.68,605
2024-11-15 15:04:00,49.63,49.68,49.63,49.64,2312
2024-11-15 15:05:00,49.67,49.67,49.63,49.63,1613
2024-11-15 15:06:00,49.68,49.68,49.595,49.595,653
2024-11-15 15:07:00,49.62,49.62,49.6,49.6,476
2024-11-15 15:08:00,49.6,49.66,49.59,49.59,1016
2024-11-15 15:09:00,49.585,49.585,49.58,49.58,491
2024-11-15 15:11:00,49.51,49.535,49.45,49.45,3916
2024-11-15 15:12:00,49.515,49.515,49.515,49.515,147
2024-11-15 15:13:00,49.54,49.54,49.54,49.54,107
2024-11-15 15:14:00,49.55,49.55,49.55,49.55,696
2024-11-15 15:15:00,49.56,49.56,49.56,49.56,410
2024-11-15 15:16:00,49.575,49.62,49.575,49.62,356
2024-11-15 15:18:00,49.56,49.56,49.54,49.555,1348
2024-11-15 15:20:00,49.58,49.6,49.58,49.6,2139
2024-11-15 15:21:00,49.585,49.585,49.585,49.585,114
2024-11-15 15:22:00,49.53,49.53,49.52,49.53,1099
2024-11-15 15:24:00,49.53,49.53,49.53,49.53,623
2024-11-15 15:25:00,49.53,49.53,49.53,49.53,275
2024-11-15 15:28:00,49.55,49.55,49.55,49.55,111
2024-11-15 15:29:00,49.62,49.62,49.56,49.56,322
2024-11-15 15:30:00,49.575,49.575,49.56,49.57,910
2024-11-15 15:31:00,49.58,49.58,49.58,49.58,574
2024-11-15 15:33:00,49.53,49.53,49.53,49.53,781
2024-11-15 15:34:00,49.5,49.5,49.47,49.47,1381
2024-11-15 15:35:00,49.46,49.475,49.46,49.475,259
2024-11-15 15:36:00,49.465,49.465,49.41,49.41,1138
2024-11-15 15:37:00,49.43,49.43,49.43,49.43,329
2024-11-15 15:38:00,49.43,49.51,49.4,49.475,2716
2024-11-15 15:40:00,49.4622,49.4622,49.4622,49.4622,403
2024-11-15 15:41:00,49.44,49.44,49.44,49.44,415
2024-11-15 15:42:00,49.41,49.42,49.37,49.37,868
2024-11-15 15:43:00,49.39,49.42,49.39,49.42,1043
2024-11-15 15:45:00,49.45,49.45,49.38,49.3938,2229
2024-11-15 15:46:00,49.38,49.425,49.38,49.425,332
2024-11-15 15:47:00,49.3916,49.4,49.3916,49.4,1832
2024-11-15 15:48:00,49.4,49.445,49.38,49.43,2601
2024-11-15 15:50:00,49.46,49.46,49.46,49.46,1187
2024-11-15 15:51:00,49.46,49.46,49.45,49.46,581
2024-11-15 15:52:00,49.45,49.45,49.44,49.45,828
2024-11-15 15:53:00,49.43,49.44,49.43,49.44,352
2024-11-15 15:56:00,49.47,49.47,49.44,49.47,781
2024-11-15 15:58:00,49.475,49.5,49.475,49.5,424
2024-11-15 16:00:00,49.5,49.5,49.47,49.47,391
2024-11-15 16:02:00,49.51,49.51,49.475,49.475,406
2024-11-15 16:03:00,49.51,49.51,49.51,49.51,739
2024-11-15 16:04:00,49.475,49.475,49.46,49.46,415
2024-11-15 16:05:00,49.47,49.49,49.47,49.49,221
2024-11-15 16:06:00,49.44,49.44,49.44,49.44,121
2024-11-15 16:07:00,49.5,49.5,49.5,49.5,205
2024-11-15 16:10:00,49.49,49.49,49.48,49.48,1398
2024-11-15 16:11:00,49.5,49.55,49.5,49.52,1361
2024-11-15 16:12:00,49.52,49.52,49.51,49.51,665
2024-11-15 16:15:00,49.535,49.555,49.535,49.54,1389
2024-11-15 16:16:00,49.51,49.51,49.51,49.51,954
2024-11-15 16:17:00,49.54,49.54,49.535,49.535,204
2024-11-15 16:20:00,49.535,49.535,49.5,49.5,554
2024-11-15 16:24:00,49.55,49.565,49.55,49.565,888
2024-11-15 16:25:00,49.56,49.56,49.56,49.56,127
2024-11-15 16:26:00,49.565,49.565,49.562,49.562,628
2024-11-15 16:27:00,49.55,49.57,49.5285,49.5285,315
2024-11-15 16:28:00,49.54,49.54,49.54,49.54,318
2024-11-15 16:29:00,49.57,49.57,49.57,49.57,968
2024-11-15 16:30:00,49.615,49.615,49.615,49.615,113
2024-11-15 16:31:00,49.6,49.6,49.59,49.59,1083
2024-11-15 16:32:00,49.59,49.6,49.57,49.6,433
2024-11-15 16:34:00,49.57,49.58,49.54,49.54,319
2024-11-15 16:35:00,49.55,49.57,49.54,49.54,807
2024-11-15 16:37:00,49.55,49.55,49.55,49.55,113
2024-11-15 16:39:00,49.53,49.53,49.53,49.53,224
2024-11-15 16:40:00,49.48,49.49,49.45,49.47,1204
2024-11-15 16:41:00,49.48,49.48,49.48,49.48,208
2024-11-15 16:42:00,49.465,49.465,49.465,49.465,297
2024-11-15 16:43:00,49.44,49.448,49.41,49.448,1606
2024-11-15 16:44:00,49.45,49.45,49.45,49.45,771
2024-11-15 16:46:00,49.48,49.49,49.48,49.49,873
2024-11-15 16:47:00,49.49,49.49,49.49,49.49,300
2024-11-15 16:49:00,49.49,49.49,49.49,49.49,100
2024-11-15 16:51:00,49.47,49.47,49.47,49.47,119
2024-11-15 16:53:00,49.49,49.49,49.49,49.49,125
2024-11-15 16:54:00,49.5,49.52,49.5,49.52,955
2024-11-15 16:56:00,49.49,49.49,49.49,49.49,1006
2024-11-15 16:57:00,49.48,49.505,49.48,49.505,283
2024-11-15 16:58:00,49.48,49.48,49.48,49.48,964
2024-11-15 17:00:00,49.48,49.48,49.48,49.48,178
2024-11-15 17:03:00,49.47,49.47,49.47,49.47,261
2024-11-15 17:04:00,49.48,49.48,49.46,49.4714,873
2024-11-15 17:05:00,49.47,49.47,49.47,49.47,208
2024-11-15 17:06:00,49.47,49.47,49.38,49.45,4000
2024-11-15 17:07:00,49.48,49.48,49.48,49.48,311
2024-11-15 17:08:00,49.47,49.47,49.47,49.47,345
2024-11-15 17:13:00,49.51,49.52,49.5,49.5,1259
2024-11-15 17:14:00,49.52,49.56,49.52,49.56,767
2024-11-15 17:15:00,49.57,49.57,49.57,49.57,115
2024-11-15 17:16:00,49.55,49.55,49.55,49.55,378
2024-11-15 17:17:00,49.57,49.57,49.57,49.57,147
2024-11-15 17:18:00,49.57,49.57,49.55,49.55,331
2024-11-15 17:20:00,49.57,49.57,49.57,49.57,104
2024-11-15 17:23:00,49.57,49.62,49.57,49.59,7541
2024-11-15 17:24:00,49.595,49.595,49.57,49.58,1053
2024-11-15 17:25:00,49.6099,49.6099,49.6099,49.6099,314
2024-11-15 17:26:00,49.57,49.57,49.57,49.57,261
2024-11-15 17:28:00,49.58,49.58,49.58,49.58,319
2024-11-15 17:29:00,49.59,49.59,49.57,49.57,250
2024-11-15 17:30:00,49.585,49.585,49.57,49.58,366
2024-11-15 17:31:00,49.56,49.56,49.54,49.54,782
2024-11-15 17:32:00,49.5394,49.5394,49.53,49.53,338
2024-11-15 17:33:00,49.55,49.565,49.55,49.56,790
2024-11-15 17:35:00,49.57,49.57,49.57,49.57,179
2024-11-15 17:36:00,49.575,49.5855,49.575,49.5855,1287
2024-11-15 17:37:00,49.59,49.61,49.59,49.6,972
2024-11-15 17:38:00,49.62,49.62,49.62,49.62,253
2024-11-15 17:39:00,49.6069,49.6069,49.6069,49.6069,380
2024-11-15 17:40:00,49.61,49.625,49.61,49.62,782
2024-11-15 17:41:00,49.61,49.61,49.61,49.61,144
2024-11-15 17:42:00,49.6,49.61,49.57,49.57,3013
2024-11-15 17:43:00,49.62,49.65,49.62,49.65,1525
2024-11-15 17:47:00,49.64,49.6425,49.63,49.6425,1498
2024-11-15 17:48:00,49.64,49.64,49.62,49.64,393
2024-11-15 17:50:00,49.64,49.64,49.62,49.62,560
2024-11-15 17:52:00,49.6,49.62,49.5725,49.59,1775
2024-11-15 17:56:00,49.615,49.615,49.615,49.615,192
2024-11-15 17:57:00,49.59,49.59,49.59,49.59,228
2024-11-15 17:58:00,49.62,49.62,49.62,49.62,538
2024-11-15 17:59:00,49.63,49.66,49.63,49.66,589
2024-11-15 18:01:00,49.6408,49.6408,49.6408,49.6408,164
2024-11-15 18:03:00,49.64,49.64,49.64,49.64,200
2024-11-15 18:05:00,49.66,49.67,49.66,49.67,312
2024-11-15 18:06:00,49.64,49.64,49.64,49.64,101
2024-11-15 18:07:00,49.6654,49.6654,49.6654,49.6654,246
2024-11-15 18:08:00,49.67,49.68,49.66,49.66,1483
2024-11-15 18:09:00,49.69,49.72,49.69,49.72,632
2024-11-15 18:10:00,49.705,49.705,49.705,49.705,102
2024-11-15 18:11:00,49.6911,49.7163,49.69,49.705,2038
2024-11-15 18:13:00,49.71,49.72,49.71,49.715,326
2024-11-15 18:14:00,49.7,49.7,49.69,49.695,1464
2024-11-15 18:17:00,49.72,49.73,49.71,49.71,1422
2024-11-15 18:20:00,49.72,49.72,49.72,49.72,329
2024-11-15 18:22:00,49.725,49.7392,49.7147,49.7147,629
2024-11-15 18:23:00,49.71,49.71,49.68,49.68,840
2024-11-15 18:24:00,49.67,49.685,49.67,49.685,305
2024-11-15 18:25:00,49.68,49.68,49.68,49.68,243
2024-11-15 18:26:00,49.68,49.68,49.68,49.68,259
2024-11-15 18:28:00,49.69,49.69,49.69,49.69,237
2024-11-15 18:30:00,49.69,49.69,49.69,49.69,170
2024-11-15 18:31:00,49.69,49.69,49.69,49.69,479
2024-11-15 18:32:00,49.665,49.665,49.665,49.665,491
2024-11-15 18:33:00,49.64,49.64,49.64,49.64,103
2024-11-15 18:34:00,49.64,49.64,49.64,49.64,102
2024-11-15 18:35:00,49.64,49.64,49.63,49.63,249
2024-11-15 18:36:00,49.63,49.63,49.63,49.63,477
2024-11-15 18:37:00,49.62,49.62,49.62,49.62,311
2024-11-15 18:39:00,49.62,49.62,49.62,49.62,101
2024-11-15 18:40:00,49.61,49.61,49.61,49.61,117
2024-11-15 18:41:00,49.63,49.63,49.63,49.63,107
2024-11-15 18:42:00,49.63,49.63,49.63,49.63,166
2024-11-15 18:43:00,49.61,49.61,49.61,49.61,250
2024-11-15 18:45:00,49.6485,49.6485,49.625,49.625,420
2024-11-15 18:46:00,49.6,49.6,49.6,49.6,152
2024-11-15 18:47:00,49.605,49.605,49.59,49.59,469
2024-11-15 18:49:00,49.57,49.57,49.57,49.57,189
2024-11-15 18:50:00,49.58,49.58,49.58,49.58,157
2024-11-15 18:51:00,49.58,49.58,49.58,49.58,226
2024-11-15 18:52:00,49.56,49.56,49.56,49.56,100
2024-11-15 18:56:00,49.57,49.57,49.57,49.57,195
2024-11-15 18:57:00,49.57,49.58,49.57,49.58,305
2024-11-15 18:59:00,49.58,49.58,49.57,49.57,650
2024-11-15 19:00:00,49.6,49.625,49.6,49.61,1166
2024-11-15 19:02:00,49.62,49.62,49.62,49.62,279
2024-11-15 19:03:00,49.61,49.61,49.61,49.61,649
2024-11-15 19:04:00,49.61,49.61,49.61,49.61,112
2024-11-15 19:07:00,49.63,49.63,49.63,49.63,296
2024-11-15 19:09:00,49.635,49.635,49.635,49.635,348
2024-11-15 19:13:00,49.6,49.61,49.575,49.61,945
2024-11-15 19:14:00,49.6,49.6,49.6,49.6,118
2024-11-15 19:15:00,49.6,49.6,49.6,49.6,231
2024-11-15 19:17:00,49.57,49.57,49.57,49.57,222
2024-11-15 19:18:00,49.5601,49.585,49.5601,49.585,406
2024-11-15 19:19:00,49.6,49.6,49.6,49.6,517
2024-11-15 19:21:00,49.59,49.59,49.59,49.59,252
2024-11-15 19:23:00,49.57,49.5998,49.57,49.585,749
2024-11-15 19:24:00,49.57,49.57,49.57,49.57,161
2024-11-15 19:25:00,49.57,49.57,49.57,49.57,212
2024-11-15 19:26:00,49.58,49.58,49.57,49.57,897
2024-11-15 19:27:00,49.54,49.58,49.54,49.58,316
2024-11-15 19:29:00,49.56,49.56,49.54,49.54,200
2024-11-15 19:30:00,49.54,49.54,49.54,49.54,101
2024-11-15 19:31:00,49.54,49.54,49.54,49.54,376
2024-11-15 19:32:00,49.52,49.57,49.52,49.565,1161
2024-11-15 19:33:00,49.56,49.5699,49.56,49.5699,425
2024-11-15 19:34:00,49.58,49.58,49.56,49.575,746
2024-11-15 19:35:00,49.57,49.57,49.57,49.57,202
2024-11-15 19:36:00,49.56,49.56,49.56,49.56,201
2024-11-15 19:38:00,49.59,49.6,49.59,49.6,790
2024-11-15 19:39:00,49.58,49.58,49.58,49.58,164
2024-11-15 19:41:00,49.61,49.61,49.61,49.61,530
2024-11-15 19:42:00,49.64,49.66,49.64,49.66,524
2024-11-15 19:43:00,49.685,49.685,49.68,49.685,872
2024-11-15 19:45:00,49.6725,49.6725,49.65,49.65,456
2024-11-15 19:46:00,49.645,49.645,49.62,49.62,370
2024-11-15 19:49:00,49.62,49.645,49.62,49.645,215
2024-11-15 19:50:00,49.64,49.64,49.63,49.63,474
2024-11-15 19:51:00,49.62,49.62,49.62,49.62,501
2024-11-15 19:53:00,49.6,49.6,49.6,49.6,107
2024-11-15 19:54:00,49.6,49.6,49.6,49.6,102
2024-11-15 19:56:00,49.61,49.61,49.61,49.61,250
2024-11-15 19:57:00,49.625,49.625,49.625,49.625,143
2024-11-15 19:58:00,49.63,49.64,49.63,49.64,1215
2024-11-15 19:59:00,49.65,49.65,49.65,49.65,634
2024-11-15 20:01:00,49.655,49.655,49.655,49.655,205
2024-11-15 20:02:00,49.64,49.64,49.64,49.64,226
2024-11-15 20:03:00,49.67,49.67,49.64,49.64,1381
2024-11-15 20:04:00,49.65,49.675,49.65,49.675,336
2024-11-15 20:05:00,49.69,49.71,49.69,49.71,1287
2024-11-15 20:06:00,49.7,49.7,49.7,49.7,822
2024-11-15 20:07:00,49.68,49.68,49.67,49.67,753
2024-11-15 20:08:00,49.685,49.685,49.67,49.67,430
2024-11-15 20:09:00,49.685,49.685,49.685,49.685,122
2024-11-15 20:10:00,49.685,49.685,49.685,49.685,113
2024-11-15 20:11:00,49.67,49.67,49.67,49.67,136
2024-11-15 20:13:00,49.7,49.74,49.7,49.715,1509
2024-11-15 20:14:00,49.7341,49.735,49.7341,49.735,782
2024-11-15 20:18:00,49.73,49.73,49.72,49.72,533
2024-11-15 20:19:00,49.75,49.755,49.745,49.745,836
2024-11-15 20:20:00,49.7435,49.76,49.7435,49.76,350
2024-11-15 20:21:00,49.7699,49.7699,49.75,49.75,436
2024-11-15 20:23:00,49.73,49.73,49.72,49.72,1477
2024-11-15 20:24:00,49.71,49.71,49.705,49.71,1225
2024-11-15 20:25:00,49.69,49.69,49.69,49.69,370
2024-11-15 20:26:00,49.6801,49.71,49.6801,49.7,2967
2024-11-15 20:27:00,49.69,49.69,49.69,49.69,582
2024-11-15 20:28:00,49.67,49.67,49.64,49.645,657
2024-11-15 20:29:00,49.645,49.66,49.645,49.66,406
2024-11-15 20:30:00,49.7,49.7,49.69,49.69,865
2024-11-15 20:32:00,49.69,49.69,49.67,49.68,1148
2024-11-15 20:33:00,49.69,49.69,49.68,49.68,221
2024-11-15 20:36:00,49.685,49.685,49.685,49.685,323
2024-11-15 20:37:00,49.7,49.7,49.67,49.67,747
2024-11-15 20:38:00,49.67,49.67,49.66,49.66,428
2024-11-15 20:39:00,49.67,49.67,49.67,49.67,273
2024-11-15 20:40:00,49.65,49.65,49.65,49.65,250
2024-11-15 20:41:00,49.64,49.65,49.64,49.65,470
2024-11-15 20:43:00,49.64,49.665,49.64,49.665,659
2024-11-15 20:44:00,49.64,49.64,49.6,49.6,1278
2024-11-15 20:46:00,49.6,49.605,49.6,49.605,595
2024-11-15 20:48:00,49.62,49.62,49.603,49.603,1458
2024-11-15 20:49:00,49.5905,49.62,49.59,49.605,1014
2024-11-15 20:50:00,49.605,49.63,49.59,49.61,4792
2024-11-15 20:51:00,49.615,49.615,49.6,49.6017,768
2024-11-15 20:52:00,49.61,49.62,49.61,49.61,1246
2024-11-15 20:53:00,49.62,49.657,49.62,49.657,1225
2024-11-15 20:54:00,49.67,49.67,49.67,49.67,640
2024-11-15 20:55:00,49.67,49.67,49.66,49.67,442
2024-11-15 20:56:00,49.68,49.68,49.65,49.68,1540
2024-11-15 20:57:00,49.68,49.69,49.66,49.66,2626
2024-11-15 20:58:00,49.68,49.69,49.68,49.69,1519
2024-11-15 20:59:00,49.69,49.72,49.65,49.72,5650
2024-11-18 13:00:00,51.7,51.7,51.0218,51.0218,308
2024-11-18 14:18:00,51.77,51.77,51.77,51.77,282
2024-11-18 14:33:00,51.76,51.76,51.68,51.74,5564
2024-11-18 14:37:00,51.8,51.87,51.8,51.87,1390
2024-11-18 14:38:00,51.89,51.93,51.89,51.93,920
2024-11-18 14:39:00,51.847,51.94,51.847,51.93,2746
2024-11-18 14:40:00,51.91,51.91,51.88,51.88,467
2024-11-18 14:46:00,51.85,51.85,51.85,51.85,758
2024-11-18 14:47:00,51.83,51.83,51.82,51.82,727
2024-11-18 14:49:00,51.82,51.835,51.82,51.835,365
2024-11-18 14:52:00,51.79,51.805,51.755,51.805,1316
2024-11-18 14:58:00,51.82,51.84,51.82,51.82,968
2024-11-18 14:59:00,51.82,51.82,51.82,51.82,131
2024-11-18 15:00:00,51.83,51.83,51.83,51.83,310
2024-11-18 15:02:00,51.86,51.93,51.86,51.91,2615
2024-11-18 15:03:00,51.9,51.92,51.9,51.92,426
2024-11-18 15:04:00,51.92,51.92,51.92,51.92,381
2024-11-18 15:05:00,51.925,51.925,51.92,51.92,366
2024-11-18 15:06:00,51.93,51.93,51.92,51.92,585
2024-11-18 15:07:00,51.91,51.92,51.88,51.88,2811
2024-11-18 15:08:00,51.87,51.89,51.87,51.89,437
2024-11-18 15:10:00,51.89,51.89,51.89,51.89,136
2024-11-18 15:12:00,51.91,51.95,51.91,51.95,1902
2024-11-18 15:14:00,51.925,51.925,51.925,51.925,313
2024-11-18 15:16:00,51.95,51.98,51.95,51.98,1015
2024-11-18 15:17:00,51.97,51.97,51.97,51.97,505
2024-11-18 15:18:00,51.93,51.93,51.93,51.93,268
2024-11-18 15:19:00,51.93,51.93,51.925,51.925,226
2024-11-18 15:21:00,51.89,51.89,51.87,51.87,591
2024-11-18 15:22:00,51.875,51.875,51.875,51.875,789
2024-11-18 15:23:00,51.875,51.875,51.85,51.85,619
2024-11-18 15:25:00,51.88,51.88,51.88,51.88,111
2024-11-18 15:26:00,51.895,51.895,51.895,51.895,257
2024-11-18 15:28:00,51.93,51.93,51.93,51.93,920
2024-11-18 15:31:00,51.96,51.96,51.96,51.96,171
2024-11-18 15:38:00,52.06,52.07,52.06,52.07,791
2024-11-18 15:39:00,52.06,52.06,52.04,52.04,481
2024-11-18 15:42:00,52.045,52.045,52.045,52.045,108
2024-11-18 15:46:00,52.06,52.06,52.06,52.06,184
2024-11-18 15:47:00,52.09,52.09,52.09,52.09,500
2024-11-18 15:48:00,52.08,52.085,52.08,52.085,213
2024-11-18 15:51:00,52.06,52.06,52.05,52.06,926
2024-11-18 15:53:00,52.09,52.09,52.09,52.09,208
2024-11-18 15:54:00,52.1061,52.1061,52.1061,52.1061,1180
2024-11-18 15:55:00,52.12,52.12,52.12,52.12,141
2024-11-18 15:57:00,52.115,52.115,52.115,52.115,113
2024-11-18 16:00:00,52.15,52.15,52.15,52.15,355
2024-11-18 16:01:00,52.17,52.17,52.17,52.17,228
2024-11-18 16:04:00,52.12,52.12,52.12,52.12,509
2024-11-18 16:05:00,52.12,52.12,52.12,52.12,398
2024-11-18 16:07:00,52.1,52.11,52.1,52.1,442
2024-11-18 16:09:00,52.13,52.13,52.13,52.13,627
2024-11-18 16:14:00,52.145,52.17,52.145,52.17,814
2024-11-18 16:15:00,52.155,52.155,52.155,52.155,134
2024-11-18 16:16:00,52.155,52.155,52.155,52.155,112
2024-11-18 16:20:00,52.18,52.2,52.18,52.1848,1273
2024-11-18 16:22:00,52.16,52.16,52.14,52.155,1071
2024-11-18 16:25:00,52.15,52.15,52.15,52.15,100
2024-11-18 16:27:00,52.165,52.165,52.165,52.165,217
2024-11-18 16:28:00,52.14,52.15,52.14,52.15,608
2024-11-18 16:29:00,52.11,52.13,52.11,52.13,365
2024-11-18 16:33:00,52.1,52.1,52.1,52.1,176
2024-11-18 16:34:00,52.13,52.13,52.13,52.13,296
2024-11-18 16:35:00,52.12,52.12,52.12,52.12,129
2024-11-18 16:36:00,52.12,52.12,52.12,52.12,112
2024-11-18 16:38:00,52.12,52.14,52.12,52.14,448
2024-11-18 16:40:00,52.13,52.13,52.13,52.13,117
2024-11-18 16:42:00,52.13,52.13,52.13,52.13,231
2024-11-18 16:45:00,52.11,52.11,52.1,52.11,624
2024-11-18 16:46:00,52.08,52.08,52.08,52.08,335
2024-11-18 16:47:00,52.075,52.075,52.075,52.075,245
2024-11-18 16:56:00,51.9689,52.01,51.9689,52.01,771
2024-11-18 17:00:00,52.065,52.065,52.065,52.065,245
2024-11-18 17:02:00,52.08,52.09,52.08,52.09,469
2024-11-18 17:03:00,52.09,52.1,52.09,52.1,880
2024-11-18 17:04:00,52.085,52.085,52.085,52.085,200
2024-11-18 17:05:00,52.06,52.08,52.06,52.08,521
2024-11-18 17:07:00,52.07,52.07,52.07,52.07,147
2024-11-18 17:08:00,52.07,52.07,52.03,52.03,580
2024-11-18 17:14:00,52.0485,52.0485,52.0485,52.0485,203
2024-11-18 17:17:00,52.035,52.035,52.035,52.035,1211
2024-11-18 17:18:00,52.035,52.035,52.035,52.035,101
2024-11-18 17:19:00,52.05,52.05,52.05,52.05,160
2024-11-18 17:21:00,52.05,52.06,52.05,52.06,1069
2024-11-18 17:22:00,52.08,52.115,52.08,52.11,1020
2024-11-18 17:23:00,52.1,52.1,52.1,52.1,697
2024-11-18 17:28:00,52.11,52.11,52.095,52.095,1023
2024-11-18 17:29:00,52.1055,52.1055,52.1055,52.1055,420
2024-11-18 17:30:00,52.09,52.09,52.09,52.09,134
2024-11-18 17:31:00,52.09,52.11,52.0768,52.09,573
2024-11-18 17:34:00,52.11,52.11,52.1,52.1,1162
2024-11-18 17:35:00,52.1,52.1,52.1,52.1,111
2024-11-18 17:36:00,52.09,52.1,52.09,52.1,235
2024-11-18 17:39:00,52.1,52.1,52.1,52.1,107
2024-11-18 17:41:00,52.1,52.11,52.1,52.11,468
2024-11-18 17:42:00,52.12,52.12,52.11,52.11,307
2024-11-18 17:43:00,52.11,52.12,52.11,52.115,476
2024-11-18 17:44:00,52.11,52.11,52.11,52.11,888
2024-11-18 17:45:00,52.1,52.11,52.095,52.11,899
2024-11-18 17:47:00,52.11,52.11,52.11,52.11,319
2024-11-18 17:48:00,52.11,52.11,52.11,52.11,106
2024-11-18 17:49:00,52.12,52.12,52.12,52.12,525
2024-11-18 17:50:00,52.14,52.16,52.14,52.15,2108
2024-11-18 17:53:00,52.16,52.16,52.16,52.16,215
2024-11-18 17:55:00,52.16,52.16,52.16,52.16,295
2024-11-18 17:56:00,52.17,52.17,52.17,52.17,253
2024-11-18 17:57:00,52.19,52.19,52.19,52.19,269
2024-11-18 17:58:00,52.18,52.2,52.18,52.2,886
2024-11-18 18:00:00,52.195,52.195,52.195,52.195,157
2024-11-18 18:03:00,52.2,52.2,52.18,52.18,941
2024-11-18 18:04:00,52.15,52.16,52.15,52.16,349
2024-11-18 18:05:00,52.165,52.165,52.165,52.165,101
2024-11-18 18:08:00,52.16,52.16,52.16,52.16,300
2024-11-18 18:14:00,52.171354,52.171354,52.171354,52.171354,481
2024-11-18 18:17:00,52.17,52.17,52.17,52.17,432
2024-11-18 18:18:00,52.17,52.17,52.17,52.17,285
2024-11-18 18:20:00,52.2,52.2,52.2,52.2,712
2024-11-18 18:26:00,52.19,52.19,52.18,52.18,553
2024-11-18 18:28:00,52.2,52.2,52.2,52.2,114
2024-11-18 18:29:00,52.2099,52.2099,52.1709,52.2,813
2024-11-18 18:30:00,52.19,52.19,52.17,52.17,2173
2024-11-18 18:34:00,52.18,52.18,52.18,52.18,140
2024-11-18 18:37:00,52.19,52.21,52.18,52.21,1349
2024-11-18 18:38:00,52.2,52.2,52.2,52.2,104
2024-11-18 18:39:00,52.2,52.2,52.2,52.2,156
2024-11-18 18:44:00,52.18,52.18,52.16,52.16,1140
2024-11-18 18:46:00,52.14,52.15,52.14,52.15,314
2024-11-18 18:47:00,52.135,52.135,52.135,52.135,230
2024-11-18 18:48:00,52.15,52.16,52.15,52.16,753
2024-11-18 18:49:00,52.18,52.18,52.18,52.18,217
2024-11-18 18:50:00,52.17,52.19,52.17,52.185,709
2024-11-18 18:55:00,52.2,52.2,52.2,52.2,527
2024-11-18 18:58:00,52.21,52.21,52.21,52.21,350
2024-11-18 18:59:00,52.2198,52.2198,52.2198,52.2198,603
2024-11-18 19:01:00,52.22,52.22,52.22,52.22,117
2024-11-18 19:03:00,52.21,52.215,52.21,52.215,340
2024-11-18 19:06:00,52.22,52.23,52.22,52.22,520
2024-11-18 19:08:00,52.21,52.21,52.21,52.21,769
2024-11-18 19:09:00,52.21,52.21,52.21,52.21,119
2024-11-18 19:10:00,52.2,52.2,52.2,52.2,605
2024-11-18 19:14:00,52.19,52.19,52.19,52.19,197
2024-11-18 19:16:00,52.15,52.15,52.15,52.15,559
2024-11-18 19:20:00,52.145,52.145,52.145,52.145,161
2024-11-18 19:21:00,52.12,52.12,52.12,52.12,177
2024-11-18 19:22:00,52.11,52.12,52.11,52.11,511
2024-11-18 19:25:00,52.13,52.13,52.13,52.13,224
2024-11-18 19:26:00,52.095,52.095,52.095,52.095,374
2024-11-18 19:29:00,52.11,52.11,52.11,52.11,623
2024-11-18 19:30:00,52.116,52.116,52.095,52.095,676
2024-11-18 19:34:00,52.0948,52.134,52.0948,52.134,1578
2024-11-18 19:35:00,52.135,52.135,52.135,52.135,180
2024-11-18 19:36:00,52.135,52.135,52.135,52.135,116
2024-11-18 19:38:00,52.1599,52.1599,52.14,52.14,539
2024-11-18 19:41:00,52.13,52.13,52.13,52.13,220
2024-11-18 19:42:00,52.15,52.15,52.15,52.15,130
2024-11-18 19:44:00,52.14,52.14,52.14,52.14,759
2024-11-18 19:47:00,52.16,52.16,52.16,52.16,1092
2024-11-18 19:52:00,52.205,52.205,52.205,52.205,161
2024-11-18 19:54:00,52.22,52.22,52.2119,52.2119,453
2024-11-18 19:55:00,52.21,52.21,52.19,52.19,1035
2024-11-18 20:01:00,52.2,52.21,52.2,52.21,717
2024-11-18 20:02:00,52.22,52.22,52.22,52.22,214
2024-11-18 20:03:00,52.24,52.24,52.24,52.24,373
2024-11-18 20:05:00,52.239,52.239,52.239,52.239,100
2024-11-18 20:06:00,52.24,52.24,52.24,52.24,564
2024-11-18 20:08:00,52.25,52.25,52.25,52.25,111
2024-11-18 20:10:00,52.24,52.24,52.24,52.24,173
2024-11-18 20:11:00,52.23,52.23,52.23,52.23,1161
2024-11-18 20:12:00,52.22,52.22,52.22,52.22,597
2024-11-18 20:14:00,52.235,52.25,52.235,52.25,315
2024-11-18 20:15:00,52.22,52.235,52.22,52.235,373
2024-11-18 20:16:00,52.235,52.235,52.235,52.235,495
2024-11-18 20:17:00,52.24,52.24,52.2365,52.2365,592
2024-11-18 20:18:00,52.245,52.245,52.245,52.245,192
2024-11-18 20:19:00,52.28,52.28,52.28,52.28,363
2024-11-18 20:20:00,52.278,52.28,52.278,52.28,436
2024-11-18 20:21:00,52.27,52.27,52.27,52.27,243
2024-11-18 20:22:00,52.28,52.28,52.28,52.28,192
2024-11-18 20:23:00,52.26,52.26,52.26,52.26,1084
2024-11-18 20:27:00,52.28,52.28,52.28,52.28,223
2024-11-18 20:29:00,52.29,52.29,52.27,52.27,328
2024-11-18 20:30:00,52.28,52.28,52.28,52.28,113
2024-11-18 20:31:00,52.27,52.27,52.27,52.27,1516
2024-11-18 20:32:00,52.2685,52.2685,52.2685,52.2685,265
2024-11-18 20:35:00,52.265,52.265,52.265,52.265,115
2024-11-18 20:36:00,52.28,52.28,52.27,52.27,598
2024-11-18 20:37:00,52.28,52.28,52.28,52.28,280
2024-11-18 20:38:00,52.25,52.25,52.25,52.25,1440
2024-11-18 20:39:00,52.22,52.22,52.21,52.21,539
2024-11-18 20:40:00,52.21,52.21,52.21,52.21,691
2024-11-18 20:41:00,52.205,52.21,52.205,52.21,406
2024-11-18 20:42:00,52.21,52.21,52.21,52.21,244
2024-11-18 20:43:00,52.2,52.2,52.19,52.2,902
2024-11-18 20:44:00,52.1985,52.21,52.1985,52.21,773
2024-11-18 20:45:00,52.2,52.21,52.2,52.21,507
2024-11-18 20:46:00,52.22,52.23,52.22,52.23,465
2024-11-18 20:47:00,52.23,52.23,52.23,52.23,168
2024-11-18 20:48:00,52.22,52.22,52.22,52.22,123
2024-11-18 20:49:00,52.22,52.23,52.22,52.23,545
2024-11-18 20:50:00,52.22,52.22,52.21,52.21,2088
2024-11-18 20:51:00,52.2,52.23,52.2,52.23,703
2024-11-18 20:52:00,52.225,52.225,52.225,52.225,359
2024-11-18 20:53:00,52.23,52.23,52.23,52.23,197
2024-11-18 20:54:00,52.22,52.24,52.22,52.24,1353
2024-11-18 20:55:00,52.25,52.26,52.24,52.2585,1025
2024-11-18 20:56:00,52.25,52.26,52.24,52.25,2194
2024-11-18 20:57:00,52.25,52.25,52.245,52.25,523
2024-11-18 20:58:00,52.25,52.26,52.25,52.26,1071
2024-11-18 20:59:00,52.27,52.29,52.25,52.284,6126
2024-11-19 14:26:00,51.98,51.98,51.88,51.88,509
2024-11-19 14:27:00,51.92,51.92,51.85,51.85,583
2024-11-19 14:28:00,51.76,51.76,51.76,51.76,155
2024-11-19 14:30:00,51.75,51.84,51.75,51.84,3427
2024-11-19 14:32:00,51.83,51.83,51.83,51.83,279
2024-11-19 14:34:00,51.79,51.89,51.79,51.84,825
2024-11-19 14:36:00,51.822,51.855,51.822,51.855,535
2024-11-19 14:37:00,51.84,51.86,51.81,51.86,1370
2024-11-19 14:39:00,51.83,51.85,51.83,51.83,901
2024-11-19 14:40:00,51.83,51.83,51.83,51.83,105
2024-11-19 14:41:00,51.84,51.84,51.84,51.84,425
2024-11-19 14:42:00,51.83,51.85,51.82,51.82,1389
2024-11-19 14:47:00,51.85,51.85,51.85,51.85,350
2024-11-19 14:50:00,51.865,51.865,51.77,51.78,1530
2024-11-19 14:51:00,51.78,51.78,51.74,51.77,800
2024-11-19 15:00:00,51.8,51.8,51.8,51.8,122
2024-11-19 15:02:00,51.87,51.87,51.87,51.87,111
2024-11-19 15:04:00,51.87,51.88,51.87,51.88,432
2024-11-19 15:06:00,51.9,51.9,51.9,51.9,203
2024-11-19 15:08:00,51.93,51.93,51.93,51.93,153
2024-11-19 15:11:00,51.9,51.92,51.9,51.92,381
2024-11-19 15:12:00,51.91,51.945,51.91,51.945,956
2024-11-19 15:13:00,51.95,51.95,51.95,51.95,130
2024-11-19 15:14:00,51.98,52.01,51.98,52.01,1297
2024-11-19 15:15:00,51.95,52.01,51.94,51.985,8576
2024-11-19 15:16:00,52.0,52.03,51.99,52.03,557
2024-11-19 15:19:00,52.06,52.06,52.04,52.04,1113
2024-11-19 15:20:00,52.02,52.02,52.01,52.01,421
2024-11-19 15:21:00,52.01,52.01,52.0,52.0,1640
2024-11-19 15:22:00,52.0,52.0,52.0,52.0,579
2024-11-19 15:23:00,52.0,52.0,52.0,52.0,153
2024-11-19 15:24:00,52.02,52.025,52.02,52.025,520
2024-11-19 15:25:00,52.07,52.07,52.07,52.07,315
2024-11-19 15:28:00,52.08,52.085,52.08,52.085,1222
2024-11-19 15:30:00,52.18,52.19,52.17,52.185,1890
2024-11-19 15:31:00,52.15,52.15,52.15,52.15,305
2024-11-19 15:35:00,52.16,52.16,52.16,52.16,607
2024-11-19 15:36:00,52.19,52.19,52.185,52.185,688
2024-11-19 15:38:00,52.21,52.24,52.21,52.24,535
2024-11-19 15:42:00,52.23,52.23,52.23,52.23,978
2024-11-19 15:43:00,52.275,52.275,52.275,52.275,139
2024-11-19 15:51:00,52.275,52.275,52.275,52.275,141
2024-11-19 15:53:00,52.25,52.25,52.25,52.25,293
2024-11-19 15:58:00,52.27,52.27,52.23,52.23,913
2024-11-19 15:59:00,52.23,52.23,52.23,52.23,115
2024-11-19 16:02:00,52.21,52.21,52.2,52.2,966
2024-11-19 16:03:00,52.25,52.25,52.19,52.19,731
2024-11-19 16:04:00,52.19,52.19,52.19,52.19,136
2024-11-19 16:05:00,52.25,52.25,52.23,52.23,1019
2024-11-19 16:06:00,52.19,52.19,52.19,52.19,101
2024-11-19 16:07:00,52.23,52.24,52.23,52.24,556
2024-11-19 16:13:00,52.27,52.28,52.27,52.28,442
2024-11-19 16:14:00,52.25,52.25,52.25,52.25,174
2024-11-19 16:17:00,52.29,52.31,52.29,52.31,971
2024-11-19 16:18:00,52.31,52.31,52.29,52.29,860
2024-11-19 16:20:00,52.28,52.295,52.26,52.295,2239
2024-11-19 16:21:00,52.295,52.3299,52.295,52.3299,2369
2024-11-19 16:22:00,52.28,52.285,52.26,52.27,1107
2024-11-19 16:23:00,52.26,52.26,52.26,52.26,226
2024-11-19 16:29:00,52.27,52.29,52.27,52.27,1661
2024-11-19 16:31:00,52.23,52.23,52.23,52.23,227
2024-11-19 16:33:00,52.23,52.23,52.23,52.23,312
2024-11-19 16:36:00,52.22,52.2399,52.18,52.18,1453
2024-11-19 16:39:00,52.18,52.18,52.18,52.18,354
2024-11-19 16:43:00,52.195,52.195,52.195,52.195,135
2024-11-19 16:44:00,52.21,52.21,52.17,52.17,652
2024-11-19 16:49:00,52.205,52.205,52.205,52.205,133
2024-11-19 16:50:00,52.14,52.14,52.14,52.14,455
2024-11-19 16:55:00,52.19,52.2,52.19,52.2,530
2024-11-19 16:58:00,52.19,52.19,52.19,52.19,216
2024-11-19 17:00:00,52.195,52.195,52.195,52.195,100
2024-11-19 17:05:00,52.22,52.22,52.22,52.22,132
2024-11-19 17:06:00,52.21,52.21,52.21,52.21,123
2024-11-19 17:08:00,52.23,52.26,52.23,52.26,756
2024-11-19 17:09:00,52.2255,52.2255,52.2255,52.2255,319
2024-11-19 17:10:00,52.26,52.26,52.26,52.26,108
2024-11-19 17:15:00,52.245,52.27,52.245,52.27,685
2024-11-19 17:16:00,52.275,52.275,52.275,52.275,197
2024-11-19 17:20:00,52.24,52.24,52.24,52.24,525
2024-11-19 17:23:00,52.2283,52.26,52.2283,52.23,843
2024-11-19 17:24:00,52.23,52.23,52.206,52.206,768
2024-11-19 17:25:00,52.23,52.23,52.23,52.23,615
2024-11-19 17:26:00,52.245,52.245,52.245,52.245,276
2024-11-19 17:28:00,52.24,52.26,52.23,52.26,929
2024-11-19 17:31:00,52.23,52.24,52.22,52.22,357
2024-11-19 17:32:00,52.26,52.26,52.26,52.26,341
2024-11-19 17:33:00,52.27,52.27,52.27,52.27,246
2024-11-19 17:35:00,52.26,52.26,52.26,52.26,237
2024-11-19 17:36:00,52.26,52.26,52.26,52.26,132
2024-11-19 17:37:00,52.25,52.26,52.24,52.24,436
2024-11-19 17:42:00,52.24,52.24,52.24,52.24,101
2024-11-19 17:43:00,52.24,52.24,52.22,52.22,739
2024-11-19 17:44:00,52.1905,52.1905,52.1905,52.1905,704
2024-11-19 17:46:00,52.22,52.22,52.22,52.22,278
2024-11-19 17:51:00,52.215,52.215,52.215,52.215,101
2024-11-19 17:53:00,52.215,52.215,52.215,52.215,101
2024-11-19 17:58:00,52.2,52.2,52.2,52.2,694
2024-11-19 18:00:00,52.19,52.205,52.18,52.18,1681
2024-11-19 18:01:00,52.17,52.17,52.17,52.17,404
2024-11-19 18:03:00,52.1508,52.1508,52.1508,52.1508,565
2024-11-19 18:04:00,52.15,52.15,52.15,52.15,402
2024-11-19 18:09:00,52.19,52.19,52.19,52.19,101
2024-11-19 18:16:00,52.18,52.18,52.18,52.18,106
2024-11-19 18:20:00,52.2251,52.2251,52.21,52.21,475
2024-11-19 18:21:00,52.220862,52.220862,52.220862,52.220862,202
2024-11-19 18:22:00,52.2,52.2,52.2,52.2,522
2024-11-19 18:26:00,52.21,52.21,52.21,52.21,617
2024-11-19 18:27:00,52.1925,52.1925,52.1925,52.1925,143
2024-11-19 18:28:00,52.21,52.21,52.2098,52.2098,846
2024-11-19 18:32:00,52.19,52.19,52.19,52.19,789
2024-11-19 18:37:00,52.21,52.21,52.21,52.21,411
2024-11-19 18:39:00,52.22,52.23,52.22,52.23,1032
2024-11-19 18:42:00,52.24,52.25,52.225,52.25,1239
2024-11-19 18:44:00,52.27,52.27,52.27,52.27,804
2024-11-19 18:47:00,52.315,52.315,52.315,52.315,101
2024-11-19 18:53:00,52.35,52.35,52.35,52.35,514
2024-11-19 18:54:00,52.35,52.35,52.35,52.35,371
2024-11-19 18:56:00,52.36,52.36,52.35,52.35,482
2024-11-19 18:57:00,52.34,52.34,52.34,52.34,339
2024-11-19 18:58:00,52.35,52.35,52.35,52.35,357
2024-11-19 19:02:00,52.33,52.33,52.33,52.33,489
2024-11-19 19:04:00,52.3,52.3,52.29,52.29,378
2024-11-19 19:07:00,52.28,52.28,52.28,52.28,495
2024-11-19 19:08:00,52.29,52.29,52.29,52.29,642
2024-11-19 19:12:00,52.2823,52.3,52.2823,52.3,436
2024-11-19 19:13:00,52.31,52.31,52.31,52.31,100
2024-11-19 19:17:00,52.3,52.3,52.29,52.3,488
2024-11-19 19:18:00,52.255,52.26,52.253,52.26,503
2024-11-19 19:20:00,52.27,52.27,52.27,52.27,404
2024-11-19 19:21:00,52.27,52.3,52.27,52.3,2011
2024-11-19 19:22:00,52.305,52.305,52.29,52.29,852
2024-11-19 19:25:00,52.29,52.29,52.28,52.28,969
2024-11-19 19:29:00,52.27,52.27,52.25,52.25,365
2024-11-19 19:32:00,52.25,52.25,52.23,52.23,549
2024-11-19 19:33:00,52.19,52.21,52.19,52.21,212
2024-11-19 19:36:00,52.2,52.21,52.2,52.205,493
2024-11-19 19:37:00,52.17,52.17,52.17,52.17,200
2024-11-19 19:39:00,52.19,52.19,52.19,52.19,102
2024-11-19 19:40:00,52.19,52.19,52.19,52.19,252
2024-11-19 19:41:00,52.1825,52.1825,52.1825,52.1825,100
2024-11-19 19:47:00,52.21,52.21,52.21,52.21,296
2024-11-19 19:48:00,52.205,52.205,52.205,52.205,199
2024-11-19 19:49:00,52.22,52.22,52.21,52.21,874
2024-11-19 19:52:00,52.22,52.22,52.22,52.22,280
2024-11-19 19:53:00,52.22,52.22,52.22,52.22,120
2024-11-19 19:57:00,52.21,52.21,52.21,52.21,410
2024-11-19 19:58:00,52.21,52.21,52.21,52.21,125
2024-11-19 20:00:00,52.195,52.195,52.195,52.195,224
2024-11-19 20:01:00,52.21,52.21,52.21,52.21,208
2024-11-19 20:03:00,52.19,52.19,52.18,52.185,500
2024-11-19 20:06:00,52.21,52.21,52.21,52.21,208
2024-11-19 20:08:00,52.24,52.24,52.24,52.24,266
2024-11-19 20:10:00,52.26,52.26,52.26,52.26,152
2024-11-19 20:21:00,52.26,52.26,52.26,52.26,165
2024-11-19 20:22:00,52.26,52.27,52.26,52.27,1292
2024-11-19 20:26:00,52.25,52.25,52.25,52.25,549
2024-11-19 20:28:00,52.24,52.24,52.24,52.24,526
2024-11-19 20:32:00,52.22,52.22,52.22,52.22,662
2024-11-19 20:40:00,52.215,52.215,52.215,52.215,440
2024-11-19 20:43:00,52.24,52.24,52.24,52.24,578
2024-11-19 20:45:00,52.21,52.21,52.21,52.21,582
2024-11-19 20:46:00,52.23,52.23,52.23,52.23,257
2024-11-19 20:49:00,52.23,52.25,52.23,52.25,1901
2024-11-19 20:50:00,52.26,52.26,52.24,52.24,1576
2024-11-19 20:51:00,52.255,52.26,52.25,52.25,822
2024-11-19 20:52:00,52.24,52.24,52.22,52.24,1102
2024-11-19 20:53:00,52.232,52.232,52.232,52.232,202
2024-11-19 20:54:00,52.23,52.23,52.21,52.22,1458
2024-11-19 20:55:00,52.24,52.25,52.23,52.23,1569
2024-11-19 20:56:00,52.211,52.25,52.211,52.25,1527
2024-11-19 20:57:00,52.25,52.26,52.24,52.26,571
2024-11-19 20:58:00,52.26,52.2695,52.2,52.232,2846
2024-11-19 20:59:00,52.23,52.3,52.22,52.22,4360
2024-11-19 21:00:00,52.25,52.25,52.25,52.25,257
2024-11-20 14:12:00,52.9699,52.97,52.9699,52.97,500
2024-11-20 14:30:00,52.59,52.59,52.59,52.59,2344
2024-11-20 14:38:00,52.6,52.6,52.59,52.59,504
2024-11-20 14:39:00,52.59,52.59,52.59,52.59,332
2024-11-20 14:43:00,52.61,52.61,52.61,52.61,424
2024-11-20 14:45:00,52.57,52.57,52.57,52.57,335
2024-11-20 14:46:00,52.59,52.59,52.59,52.59,125
2024-11-20 14:48:00,52.605,52.605,52.605,52.605,233
2024-11-20 14:49:00,52.6,52.6,52.6,52.6,119
2024-11-20 14:50:00,52.57,52.58,52.57,52.58,522
2024-11-20 14:55:00,52.53,52.53,52.53,52.53,282
2024-11-20 14:57:00,52.575,52.575,52.54,52.54,300
2024-11-20 14:58:00,52.52,52.52,52.52,52.52,315
2024-11-20 15:00:00,52.4401,52.48,52.4401,52.4453,1632
2024-11-20 15:01:00,52.52,52.52,52.52,52.52,302
2024-11-20 15:02:00,52.49,52.49,52.485,52.485,403
2024-11-20 15:05:00,52.44,52.44,52.44,52.44,559
2024-11-20 15:06:00,52.42,52.455,52.42,52.455,646
2024-11-20 15:07:00,52.5,52.5,52.5,52.5,156
2024-11-20 15:09:00,52.41,52.4375,52.39,52.41,1326
2024-11-20 15:10:00,52.39,52.39,52.33,52.33,925
2024-11-20 15:11:00,52.34,52.4,52.34,52.4,753
2024-11-20 15:16:00,52.38,52.38,52.38,52.38,208
2024-11-20 15:17:00,52.35,52.35,52.35,52.35,327
2024-11-20 15:20:00,52.33,52.33,52.32,52.32,664
2024-11-20 15:22:00,52.36,52.36,52.36,52.36,107
2024-11-20 15:24:00,52.4,52.42,52.4,52.42,328
2024-11-20 15:31:00,52.51,52.51,52.5094,52.5094,225
2024-11-20 15:35:00,52.58,52.58,52.58,52.58,217
2024-11-20 15:38:00,52.59,52.59,52.59,52.59,140
2024-11-20 15:40:00,52.62,52.65,52.62,52.65,693
2024-11-20 15:42:00,52.63,52.63,52.61,52.61,595
2024-11-20 16:00:00,52.5569,52.5569,52.5569,52.5569,503
2024-11-20 16:01:00,52.58,52.58,52.575,52.575,470
2024-11-20 16:05:00,52.58,52.58,52.58,52.58,660
2024-11-20 16:06:00,52.55,52.55,52.53,52.53,774
2024-11-20 16:08:00,52.49,52.49,52.49,52.49,283
2024-11-20 16:11:00,52.49,52.49,52.49,52.49,100
2024-11-20 16:18:00,52.4775,52.48,52.391,52.391,4836
2024-11-20 16:19:00,52.44,52.44,52.44,52.44,234
2024-11-20 16:20:00,52.47,52.47,52.4,52.44,1091
2024-11-20 16:21:00,52.44,52.44,52.44,52.44,140
2024-11-20 16:22:00,52.44,52.44,52.44,52.44,218
2024-11-20 16:23:00,52.395,52.395,52.395,52.395,100
2024-11-20 16:26:00,52.39,52.39,52.39,52.39,477
2024-11-20 16:30:00,52.305,52.305,52.28,52.28,1600
2024-11-20 16:38:00,52.32,52.32,52.255,52.255,739
2024-11-20 16:39:00,52.42,52.42,52.42,52.42,296
2024-11-20 16:59:00,52.61,52.61,52.61,52.61,100
2024-11-20 17:00:00,52.605,52.63,52.605,52.615,702
2024-11-20 17:01:00,52.64,52.64,52.63,52.63,665
2024-11-20 17:02:00,52.64,52.7,52.64,52.67,2593
2024-11-20 17:03:00,52.67,52.68,52.62,52.63,1485
2024-11-20 17:12:00,52.59,52.59,52.59,52.59,200
2024-11-20 17:19:00,52.6,52.6,52.6,52.6,327
2024-11-20 17:20:00,52.55,52.55,52.55,52.55,421
2024-11-20 17:22:00,52.53,52.53,52.53,52.53,215
2024-11-20 17:24:00,52.52,52.52,52.52,52.52,382
2024-11-20 17:25:00,52.53,52.53,52.53,52.53,278
2024-11-20 17:26:00,52.55,52.55,52.5275,52.5275,1896
2024-11-20 17:27:00,52.555,52.555,52.555,52.555,233
2024-11-20 17:30:00,52.56,52.56,52.56,52.56,331
2024-11-20 17:31:00,52.6,52.67,52.6,52.67,1418
2024-11-20 17:32:00,52.67,52.67,52.67,52.67,2368
2024-11-20 17:35:00,52.6468,52.65,52.6468,52.65,643
2024-11-20 17:37:00,52.67,52.68,52.67,52.67,904
2024-11-20 17:38:00,52.6806,52.6806,52.6806,52.6806,137
2024-11-20 17:42:00,52.66,52.66,52.66,52.66,348
2024-11-20 17:53:00,52.69,52.69,52.69,52.69,172
2024-11-20 17:54:00,52.61,52.61,52.61,52.61,279
2024-11-20 17:55:00,52.59,52.59,52.59,52.59,471
2024-11-20 18:00:00,52.56,52.5725,52.56,52.5725,342
2024-11-20 18:04:00,52.575,52.58,52.575,52.58,354
2024-11-20 18:11:00,52.56,52.56,52.56,52.56,1044
2024-11-20 18:16:00,52.58,52.58,52.58,52.58,195
2024-11-20 18:17:00,52.58,52.58,52.58,52.58,172
2024-11-20 18:18:00,52.58,52.58,52.58,52.58,142
2024-11-20 18:19:00,52.56,52.56,52.55,52.56,630
2024-11-20 18:31:00,52.56,52.56,52.56,52.56,207
2024-11-20 18:38:00,52.48,52.48,52.48,52.48,409
2024-11-20 18:40:00,52.4825,52.4825,52.4825,52.4825,195
2024-11-20 18:42:00,52.43,52.43,52.43,52.43,250
2024-11-20 18:44:00,52.465,52.465,52.3601,52.3601,648
2024-11-20 18:52:00,52.425,52.43,52.425,52.43,697
2024-11-20 18:54:00,52.43,52.43,52.43,52.43,313
2024-11-20 18:58:00,52.445,52.445,52.445,52.445,225
2024-11-20 19:04:00,52.42,52.42,52.42,52.42,111
2024-11-20 19:06:00,52.38,52.38,52.38,52.38,247
2024-11-20 19:11:00,52.43,52.43,52.37,52.37,409
2024-11-20 19:15:00,52.36,52.36,52.35,52.35,789
2024-11-20 19:16:00,52.35,52.385,52.34,52.385,920
2024-11-20 19:17:00,52.38,52.38,52.38,52.38,1027
2024-11-20 19:18:00,52.375,52.375,52.35,52.35,227
2024-11-20 19:20:00,52.34,52.37,52.34,52.37,794
2024-11-20 19:25:00,52.34,52.34,52.34,52.34,191
2024-11-20 19:27:00,52.38,52.38,52.36,52.38,2962
2024-11-20 19:31:00,52.36,52.375,52.36,52.375,2005
2024-11-20 19:32:00,52.375,52.375,52.36,52.36,579
2024-11-20 19:33:00,52.39,52.39,52.375,52.375,1180
2024-11-20 19:36:00,52.38,52.39,52.37,52.38,2198
2024-11-20 19:37:00,52.37,52.38,52.36,52.38,3172
2024-11-20 19:39:00,52.36,52.37,52.36,52.37,879
2024-11-20 19:40:00,52.365,52.365,52.35,52.35,415
2024-11-20 19:41:00,52.36,52.36,52.35,52.35,1093
2024-11-20 19:42:00,52.365,52.365,52.365,52.365,274
2024-11-20 19:43:00,52.365,52.38,52.365,52.38,2541
2024-11-20 19:45:00,52.4,52.4,52.38,52.38,2162
2024-11-20 19:46:00,52.385,52.39,52.38,52.38,858
2024-11-20 19:47:00,52.38,52.38,52.38,52.38,179
2024-11-20 19:49:00,52.385,52.385,52.385,52.385,277
2024-11-20 19:51:00,52.37,52.37,52.37,52.37,302
2024-11-20 19:53:00,52.36,52.36,52.36,52.36,367
2024-11-20 19:55:00,52.35,52.35,52.35,52.35,221
2024-11-20 19:56:00,52.35,52.35,52.35,52.35,378
2024-11-20 19:59:00,52.38,52.38,52.36,52.36,427
2024-11-20 20:01:00,52.33,52.34,52.31,52.34,1561
2024-11-20 20:03:00,52.335,52.335,52.33,52.33,315
2024-11-20 20:04:00,52.36,52.36,52.34,52.345,2652
2024-11-20 20:06:00,52.38,52.38,52.38,52.38,102
2024-11-20 20:07:00,52.37,52.37,52.36,52.36,605
2024-11-20 20:08:00,52.36,52.3643,52.32,52.35,1533
2024-11-20 20:09:00,52.35,52.35,52.35,52.35,371
2024-11-20 20:11:00,52.36,52.38,52.36,52.36,1370
2024-11-20 20:13:00,52.34,52.34,52.34,52.34,182
2024-11-20 20:15:00,52.32,52.32,52.31,52.31,819
2024-11-20 20:16:00,52.32,52.32,52.31,52.32,1109
2024-11-20 20:19:00,52.33,52.33,52.33,52.33,728
2024-11-20 20:20:00,52.31,52.31,52.31,52.31,211
2024-11-20 20:22:00,52.3,52.3,52.3,52.3,1254
2024-11-20 20:24:00,52.305,52.31,52.28,52.29,4900
2024-11-20 20:25:00,52.31,52.33,52.3,52.33,2548
2024-11-20 20:27:00,52.3204,52.3204,52.3204,52.3204,259
2024-11-20 20:28:00,52.34,52.34,52.34,52.34,452
2024-11-20 20:29:00,52.35,52.35,52.35,52.35,516
2024-11-20 20:30:00,52.35,52.37,52.35,52.37,2298
2024-11-20 20:31:00,52.365,52.37,52.36,52.36,1774
2024-11-20 20:32:00,52.36,52.37,52.36,52.37,660
2024-11-20 20:33:00,52.37,52.38,52.36,52.375,1509
2024-11-20 20:34:00,52.375,52.38,52.36,52.375,1203
2024-11-20 20:35:00,52.38,52.38,52.37,52.37,600
2024-11-20 20:36:00,52.36,52.37,52.36,52.36,1478
2024-11-20 20:37:00,52.35,52.35,52.34,52.35,1572
2024-11-20 20:38:00,52.35,52.44,52.35,52.42,23713
2024-11-20 20:40:00,52.45,52.48,52.45,52.465,962
2024-11-20 20:43:00,52.45,52.45,52.45,52.45,424
2024-11-20 20:44:00,52.47,52.475,52.47,52.475,877
2024-11-20 20:46:00,52.48,52.485,52.48,52.485,858
2024-11-20 20:48:00,52.56,52.58,52.545,52.58,3473
2024-11-20 20:49:00,52.575,52.575,52.56,52.56,2162
2024-11-20 20:50:00,52.58,52.58,52.58,52.58,452
2024-11-20 20:51:00,52.58,52.58,52.56,52.56,1007
2024-11-20 20:52:00,52.56,52.56,52.55,52.55,1992
2024-11-20 20:53:00,52.56,52.56,52.56,52.56,498
2024-11-20 20:54:00,52.57,52.58,52.57,52.58,671
2024-11-20 20:55:00,52.59,52.59,52.59,52.59,446
2024-11-20 20:56:00,52.6,52.6,52.6,52.6,613
2024-11-20 20:57:00,52.59,52.59,52.59,52.59,506
2024-11-20 20:58:00,52.59,52.59,52.59,52.59,1695
2024-11-20 20:59:00,52.58,52.61,52.555,52.56,5081
2024-11-20 22:33:00,52.5,52.5,52.5,52.5,104
2024-11-21 00:45:00,52.7,52.7,52.7,52.7,1014
2024-11-21 11:55:00,53.95,53.95,53.95,53.95,118
2024-11-21 12:00:00,54.0,54.0,54.0,54.0,183
2024-11-21 12:04:00,53.97,53.97,53.97,53.97,703
2024-11-21 13:00:00,54.0,54.0,53.97,53.97,436
2024-11-21 13:31:00,54.27,54.27,54.27,54.27,301
2024-11-21 13:32:00,54.26,54.26,54.26,54.26,215
2024-11-21 13:33:00,54.29,54.29,54.29,54.29,380
2024-11-21 14:26:00,54.2813,54.2813,54.2813,54.2813,154
2024-11-21 14:28:00,54.56,54.56,54.56,54.56,184
2024-11-21 14:30:00,54.26,54.51,54.26,54.47,6550
2024-11-21 14:31:00,54.49,54.52,54.49,54.52,557
2024-11-21 14:33:00,54.5,54.51,54.5,54.51,298
2024-11-21 14:34:00,54.48,54.48,54.2954,54.42,1800
2024-11-21 14:35:00,54.42,54.42,54.41,54.41,1237
2024-11-21 14:36:00,54.39,54.41,54.345,54.41,1267
2024-11-21 14:38:00,54.32,54.34,54.32,54.34,363
2024-11-21 14:39:00,54.39,54.42,54.32,54.32,441
2024-11-21 14:40:00,54.41,54.41,54.36,54.38,520
2024-11-21 14:43:00,54.38,54.41,54.38,54.41,639
2024-11-21 14:47:00,54.5,54.51,54.5,54.51,634
2024-11-21 14:50:00,54.5,54.555,54.5,54.555,1037
2024-11-21 14:52:00,54.53,54.55,54.49,54.49,1207
2024-11-21 14:58:00,54.48,54.48,54.48,54.48,221
2024-11-21 15:01:00,54.49,54.49,54.49,54.49,549
2024-11-21 15:03:00,54.5,54.5,54.5,54.5,279
2024-11-21 15:04:00,54.5287,54.5287,54.5287,54.5287,163
2024-11-21 15:07:00,54.49,54.49,54.49,54.49,188
2024-11-21 15:12:00,54.535,54.57,54.535,54.57,431
2024-11-21 15:14:00,54.6351,54.6351,54.6351,54.6351,389
2024-11-21 15:17:00,54.665,54.665,54.665,54.665,109
2024-11-21 15:18:00,54.71,54.71,54.709,54.71,1120
2024-11-21 15:19:00,54.69,54.69,54.69,54.69,294
2024-11-21 15:20:00,54.66,54.66,54.655,54.655,590
2024-11-21 15:22:00,54.62,54.62,54.6,54.6,408
2024-11-21 15:23:00,54.55,54.55,54.55,54.55,318
2024-11-21 15:24:00,54.55,54.55,54.55,54.55,545
2024-11-21 15:37:00,54.45,54.45,54.45,54.45,136
2024-11-21 15:41:00,54.395,54.395,54.341,54.341,650
2024-11-21 15:45:00,54.47,54.47,54.47,54.47,100
2024-11-21 15:47:00,54.47,54.47,54.47,54.47,211
2024-11-21 15:51:00,54.51,54.51,54.51,54.51,100
2024-11-21 15:54:00,54.5,54.5,54.5,54.5,200
2024-11-21 15:55:00,54.52,54.52,54.52,54.52,277
2024-11-21 15:58:00,54.56,54.56,54.56,54.56,141
2024-11-21 16:01:00,54.5486,54.5487,54.5486,54.5487,500
2024-11-21 16:03:00,54.47,54.51,54.46,54.51,554
2024-11-21 16:04:00,54.515,54.515,54.515,54.515,227
2024-11-21 16:05:00,54.55,54.55,54.47,54.51,1846
2024-11-21 16:09:00,54.51,54.51,54.45,54.45,852
2024-11-21 16:10:00,54.475,54.475,54.475,54.475,350
2024-11-21 16:16:00,54.44,54.44,54.43,54.43,1148
2024-11-21 16:18:00,54.44,54.44,54.44,54.44,198
2024-11-21 16:19:00,54.39,54.39,54.39,54.39,295
2024-11-21 16:20:00,54.365,54.365,54.365,54.365,583
2024-11-21 16:21:00,54.38,54.38,54.38,54.38,1025
2024-11-21 16:22:00,54.39,54.41,54.39,54.41,596
2024-11-21 16:25:00,54.44,54.44,54.44,54.44,101
2024-11-21 16:26:00,54.39,54.4,54.39,54.4,710
2024-11-21 16:28:00,54.41,54.455,54.41,54.44,437
2024-11-21 16:29:00,54.395,54.395,54.395,54.395,698
2024-11-21 16:30:00,54.43,54.47,54.43,54.47,898
2024-11-21 16:32:00,54.5,54.5,54.5,54.5,224
2024-11-21 16:36:00,54.41,54.41,54.39,54.39,1746
2024-11-21 16:40:00,54.46,54.46,54.46,54.46,300
2024-11-21 16:45:00,54.4,54.4,54.33,54.36,2253
2024-11-21 16:46:00,54.33,54.33,54.305,54.305,492
2024-11-21 16:47:00,54.29,54.3,54.29,54.3,513
2024-11-21 16:48:00,54.26,54.3,54.26,54.3,390
2024-11-21 16:49:00,54.3,54.3,54.29,54.3,1372
2024-11-21 16:50:00,54.3,54.31,54.29,54.31,866
2024-11-21 16:52:00,54.34,54.37,54.34,54.37,204
2024-11-21 16:58:00,54.31,54.34,54.29,54.34,2033
2024-11-21 16:59:00,54.33,54.33,54.275,54.33,2640
2024-11-21 17:01:00,54.27,54.27,54.27,54.27,128
2024-11-21 17:05:00,54.24,54.3,54.24,54.3,920
2024-11-21 17:10:00,54.34,54.35,54.34,54.35,869
2024-11-21 17:11:00,54.37,54.37,54.37,54.37,205
2024-11-21 17:12:00,54.34,54.34,54.34,54.34,102
2024-11-21 17:15:00,54.2777,54.33,54.2777,54.33,428
2024-11-21 17:17:00,54.34,54.4,54.34,54.37,831
2024-11-21 17:19:00,54.395,54.395,54.395,54.395,269
2024-11-21 17:21:00,54.43,54.43,54.43,54.43,106
2024-11-21 17:22:00,54.43,54.43,54.43,54.43,662
2024-11-21 17:23:00,54.44,54.48,54.44,54.48,725
2024-11-21 17:25:00,54.455,54.49,54.4305,54.4305,1587
2024-11-21 17:28:00,54.49,54.49,54.4301,54.4593,432
2024-11-21 17:29:00,54.49,54.5,54.49,54.5,952
2024-11-21 17:31:00,54.5,54.5,54.5,54.5,400
2024-11-21 17:32:00,54.5,54.5,54.5,54.5,208
2024-11-21 17:33:00,54.46,54.52,54.46,54.52,233
2024-11-21 17:34:00,54.52,54.5679,54.52,54.5679,574
2024-11-21 17:35:00,54.57,54.57,54.57,54.57,120
2024-11-21 17:38:00,54.57,54.57,54.57,54.57,238
2024-11-21 17:39:00,54.51,54.535,54.51,54.535,203
2024-11-21 17:42:00,54.57,54.57,54.57,54.57,145
2024-11-21 17:43:00,54.535,54.535,54.535,54.535,120
2024-11-21 17:46:00,54.58,54.59,54.58,54.59,421
2024-11-21 17:48:00,54.59,54.61,54.59,54.61,451
2024-11-21 17:49:00,54.615,54.615,54.615,54.615,174
2024-11-21 17:50:00,54.59,54.59,54.59,54.59,420
2024-11-21 17:54:00,54.6,54.6,54.6,54.6,275
2024-11-21 17:56:00,54.565,54.565,54.565,54.565,100
2024-11-21 17:58:00,54.585,54.585,54.585,54.585,104
2024-11-21 18:06:00,54.5301,54.5301,54.5301,54.5301,313
2024-11-21 18:12:00,54.62,54.62,54.62,54.62,436
2024-11-21 18:15:00,54.58,54.58,54.58,54.58,328
2024-11-21 18:22:00,54.58,54.58,54.58,54.58,165
2024-11-21 18:28:00,54.571,54.571,54.571,54.571,202
2024-11-21 18:30:00,54.62,54.62,54.62,54.62,188
2024-11-21 18:37:00,54.62,54.62,54.62,54.62,150
2024-11-21 18:38:00,54.585,54.585,54.56,54.56,1020
2024-11-21 18:43:00,54.53,54.53,54.53,54.53,547
2024-11-21 18:46:00,54.555,54.555,54.555,54.555,200
2024-11-21 18:48:00,54.555,54.555,54.555,54.555,397
2024-11-21 18:52:00,54.5276,54.5499,54.5276,54.5499,312
2024-11-21 18:55:00,54.55,54.56,54.55,54.56,655
2024-11-21 18:59:00,54.6,54.6,54.6,54.6,158
2024-11-21 19:02:00,54.57,54.57,54.57,54.57,240
2024-11-21 19:03:00,54.61,54.61,54.61,54.61,103
2024-11-21 19:06:00,54.5626,54.61,54.5626,54.61,235
2024-11-21 19:07:00,54.52,54.52,54.52,54.52,867
2024-11-21 19:10:00,54.49,54.515,54.49,54.515,328
2024-11-21 19:11:00,54.515,54.515,54.515,54.515,382
2024-11-21 19:17:00,54.525,54.525,54.525,54.525,300
2024-11-21 19:20:00,54.515,54.515,54.515,54.515,118
2024-11-21 19:21:00,54.58,54.58,54.58,54.58,654
2024-11-21 19:23:00,54.57,54.57,54.52,54.525,1083
2024-11-21 19:24:00,54.525,54.58,54.525,54.525,925
2024-11-21 19:25:00,54.53,54.53,54.53,54.53,207
2024-11-21 19:28:00,54.525,54.525,54.525,54.525,265
2024-11-21 19:30:00,54.47,54.48,54.46,54.48,1263
2024-11-21 19:31:00,54.47,54.48,54.47,54.48,320
2024-11-21 19:34:00,54.475,54.475,54.44,54.44,1112
2024-11-21 19:35:00,54.45,54.45,54.44,54.44,392
2024-11-21 19:36:00,54.47,54.47,54.47,54.47,144
2024-11-21 19:37:00,54.45,54.47,54.45,54.46,1695
2024-11-21 19:38:00,54.46,54.46,54.46,54.46,802
2024-11-21 19:39:00,54.46,54.48,54.46,54.46,692
2024-11-21 19:40:00,54.455,54.46,54.455,54.46,526
2024-11-21 19:41:00,54.48,54.48,54.46,54.465,4500
2024-11-21 19:42:00,54.48,54.51,54.44,54.475,10856
2024-11-21 19:43:00,54.51,54.51,54.44,54.475,4842
2024-11-21 19:45:00,54.48,54.48,54.46,54.46,3057
2024-11-21 19:47:00,54.46,54.46,54.46,54.46,125
2024-11-21 19:48:00,54.46,54.46,54.46,54.46,565
2024-11-21 19:49:00,54.46,54.46,54.46,54.46,152
2024-11-21 19:50:00,54.49,54.49,54.46,54.46,971
2024-11-21 19:51:00,54.445,54.46,54.43,54.46,2713
2024-11-21 19:53:00,54.47,54.47,54.47,54.47,104
2024-11-21 19:54:00,54.5,54.5,54.5,54.5,1350
2024-11-21 19:55:00,54.53,54.53,54.53,54.53,203
2024-11-21 19:56:00,54.53,54.53,54.5,54.5,1526
2024-11-21 19:57:00,54.52,54.52,54.52,54.52,201
2024-11-21 19:58:00,54.54,54.54,54.5,54.5,305
2024-11-21 19:59:00,54.5,54.5,54.5,54.5,182
2024-11-21 20:00:00,54.5,54.5,54.5,54.5,128
2024-11-21 20:05:00,54.48,54.5,54.47,54.5,1622
2024-11-21 20:07:00,54.51,54.51,54.51,54.51,234
2024-11-21 20:10:00,54.51,54.51,54.49,54.49,1069
2024-11-21 20:13:00,54.49,54.53,54.49,54.505,1598
2024-11-21 20:15:00,54.53,54.53,54.53,54.53,154
2024-11-21 20:16:00,54.52,54.52,54.52,54.52,118
2024-11-21 20:17:00,54.53,54.53,54.5,54.5,752
2024-11-21 20:18:00,54.495,54.52,54.495,54.52,214
2024-11-21 20:19:00,54.495,54.495,54.49,54.49,535
2024-11-21 20:20:00,54.495,54.52,54.495,54.52,281
2024-11-21 20:22:00,54.5,54.5,54.5,54.5,400
2024-11-21 20:23:00,54.5,54.5,54.485,54.485,607
2024-11-21 20:25:00,54.475,54.5,54.475,54.5,418
2024-11-21 20:26:00,54.5,54.5,54.5,54.5,164
2024-11-21 20:27:00,54.475,54.5,54.475,54.475,548
2024-11-21 20:28:00,54.47,54.47,54.47,54.47,336
2024-11-21 20:29:00,54.49,54.49,54.47,54.47,1003
2024-11-21 20:30:00,54.49,54.51,54.485,54.4875,523
2024-11-21 20:31:00,54.5,54.5,54.485,54.485,616
2024-11-21 20:32:00,54.49,54.5,54.49,54.5,272
2024-11-21 20:33:00,54.48,54.49,54.475,54.49,621
2024-11-21 20:34:00,54.47,54.475,54.47,54.475,470
2024-11-21 20:35:00,54.475,54.475,54.46,54.47,1136
2024-11-21 20:36:00,54.475,54.5,54.475,54.49,947
2024-11-21 20:37:00,54.54,54.54,54.46,54.51,1130
2024-11-21 20:38:00,54.5,54.52,54.485,54.485,513
2024-11-21 20:39:00,54.5,54.5,54.5,54.5,344
2024-11-21 20:40:00,54.485,54.51,54.485,54.51,481
2024-11-21 20:41:00,54.54,54.54,54.5,54.5,770
2024-11-21 20:42:00,54.5,54.52,54.5,54.52,829
2024-11-21 20:43:00,54.5,54.5,54.5,54.5,454
2024-11-21 20:44:00,54.53,54.53,54.53,54.53,206
2024-11-21 20:46:00,54.54,54.54,54.52,54.54,373
2024-11-21 20:47:00,54.54,54.54,54.5,54.5,207
2024-11-21 20:49:00,54.54,54.54,54.5,54.5,579
2024-11-21 20:50:00,54.5,54.54,54.5,54.53,1313
2024-11-21 20:51:00,54.505,54.505,54.505,54.505,568
2024-11-21 20:52:00,54.54,54.54,54.495,54.51,2453
2024-11-21 20:53:00,54.515,54.54,54.515,54.54,2982
2024-11-21 20:54:00,54.54,54.54,54.53,54.53,4660
2024-11-21 20:55:00,54.53,54.53,54.5,54.5,3898
2024-11-21 20:56:00,54.5,54.515,54.48,54.49,2927
2024-11-21 20:57:00,54.485,54.485,54.45,54.45,3125
2024-11-21 20:58:00,54.45,54.46,54.42,54.44,4262
2024-11-21 20:59:00,54.46,54.47,54.42,54.44,6094
2024-11-22 14:30:00,53.88,53.88,53.88,53.88,1166
2024-11-22 14:33:00,53.9,53.9,53.9,53.9,126
2024-11-22 14:36:00,53.9292,53.9412,53.9292,53.9412,4559
2024-11-22 14:39:00,53.91,53.91,53.91,53.91,375
2024-11-22 14:40:00,53.97,53.98,53.97,53.98,393
2024-11-22 14:46:00,53.93,53.93,53.93,53.93,281
2024-11-22 14:47:00,53.84,53.84,53.83,53.83,545
2024-11-22 14:48:00,53.8,53.86,53.8,53.85,461
2024-11-22 14:49:00,53.85,53.85,53.85,53.85,101
2024-11-22 14:50:00,53.89,53.89,53.89,53.89,140
2024-11-22 14:51:00,53.895,53.895,53.895,53.895,169
2024-11-22 14:53:00,53.84,53.84,53.84,53.84,320
2024-11-22 14:54:00,53.86,53.86,53.86,53.86,643
2024-11-22 14:57:00,53.91,53.91,53.91,53.91,301
2024-11-22 14:58:00,53.875,53.88,53.875,53.88,235
2024-11-22 15:00:00,53.85,53.85,53.85,53.85,237
2024-11-22 15:02:00,53.86,53.86,53.86,53.86,108
2024-11-22 15:06:00,53.81,53.91,53.81,53.88,1389
2024-11-22 15:07:00,53.9,53.93,53.9,53.93,1033
2024-11-22 15:08:00,53.906,53.906,53.906,53.906,123
2024-11-22 15:09:00,53.9,53.9,53.81,53.81,394
2024-11-22 15:21:00,53.83,53.83,53.83,53.83,100
2024-11-22 15:22:00,53.81,53.81,53.79,53.79,539
2024-11-22 15:23:00,53.86,53.86,53.86,53.86,105
2024-11-22 15:31:00,53.725,53.725,53.725,53.725,109
2024-11-22 15:37:00,53.82,53.82,53.82,53.82,142
2024-11-22 15:39:00,53.91,53.91,53.905,53.905,715
2024-11-22 15:41:00,53.97,53.97,53.97,53.97,101
2024-11-22 15:44:00,53.97,53.97,53.97,53.97,182
2024-11-22 15:52:00,53.97,54.02,53.97,54.02,1045
2024-11-22 15:57:00,54.01,54.0495,54.01,54.03,2162
2024-11-22 15:58:00,54.0499,54.0499,54.0,54.03,2022
2024-11-22 15:59:00,53.98,53.98,53.98,53.98,103
2024-11-22 16:00:00,54.0,54.0,54.0,54.0,110
2024-11-22 16:03:00,53.94,53.94,53.93,53.93,378
2024-11-22 16:06:00,53.9,53.9,53.9,53.9,332
2024-11-22 16:08:00,53.9,53.9,53.9,53.9,543
2024-11-22 16:09:00,53.9,53.9,53.9,53.9,615
2024-11-22 16:10:00,53.9,53.92,53.895,53.92,1033
2024-11-22 16:11:00,53.93,53.94,53.93,53.94,480
2024-11-22 16:13:00,53.92,53.92,53.92,53.92,188
2024-11-22 16:16:00,53.9,53.9,53.9,53.9,821
2024-11-22 16:17:00,53.925,53.925,53.925,53.925,134
2024-11-22 16:18:00,53.9001,53.9001,53.9001,53.9001,160
2024-11-22 16:19:00,53.915,53.92,53.9001,53.92,1187
2024-11-22 16:20:00,53.915,53.915,53.89,53.9052,5222
2024-11-22 16:21:00,53.92,53.945,53.92,53.93,1335
2024-11-22 16:22:00,53.93,53.93,53.91,53.91,215
2024-11-22 16:25:00,53.92,53.92,53.92,53.92,129
2024-11-22 16:27:00,53.9,53.925,53.9,53.925,732
2024-11-22 16:31:00,53.92,53.92,53.9,53.9,311
2024-11-22 16:32:00,53.92,53.92,53.92,53.92,630
2024-11-22 16:34:00,53.94,53.95,53.94,53.95,1081
2024-11-22 16:35:00,53.92,53.92,53.92,53.92,541
2024-11-22 16:37:00,53.93,53.93,53.93,53.93,263
2024-11-22 16:39:00,53.96,53.96,53.95,53.95,551
2024-11-22 16:41:00,53.935,53.935,53.935,53.935,709
2024-11-22 16:43:00,53.935,53.935,53.935,53.935,110
2024-11-22 16:46:00,53.94,53.94,53.94,53.94,124
2024-11-22 16:47:00,53.94,53.94,53.94,53.94,339
2024-11-22 16:50:00,53.96,53.96,53.96,53.96,144
2024-11-22 16:55:00,53.98,53.99,53.98,53.99,382
2024-11-22 16:58:00,53.99,53.99,53.99,53.99,111
2024-11-22 17:01:00,54.01,54.01,54.01,54.01,275
2024-11-22 17:04:00,54.03,54.03,54.03,54.03,330
2024-11-22 17:10:00,54.045,54.045,54.045,54.045,128
2024-11-22 17:11:00,54.06,54.08,54.06,54.065,669
2024-11-22 17:14:00,54.07,54.07,54.07,54.07,198
2024-11-22 17:21:00,54.1,54.11,54.095,54.095,1229
2024-11-22 17:30:00,54.1,54.1,54.095,54.095,442
2024-11-22 17:37:00,54.13,54.13,54.13,54.13,268
2024-11-22 17:38:00,54.09,54.09,54.09,54.09,109
2024-11-22 17:39:00,54.03,54.03,54.03,54.03,364
2024-11-22 17:40:00,54.03,54.03,53.955,53.955,201
2024-11-22 17:42:00,54.03,54.03,54.03,54.03,1014
2024-11-22 17:50:00,54.065,54.065,54.065,54.065,599
2024-11-22 17:52:00,54.075,54.1,54.075,54.1,521
2024-11-22 17:53:00,54.11,54.11,54.09,54.09,1268
2024-11-22 17:54:00,54.09,54.09,54.09,54.09,103
2024-11-22 17:55:00,54.09,54.1,54.09,54.1,244
2024-11-22 17:56:00,54.1,54.12,54.1,54.12,459
2024-11-22 18:01:00,54.12,54.12,54.12,54.12,200
2024-11-22 18:03:00,54.12,54.145,54.12,54.145,1527
2024-11-22 18:04:00,54.13,54.13,54.13,54.13,129
2024-11-22 18:05:00,54.15,54.15,54.15,54.15,572
2024-11-22 18:06:00,54.15,54.15,54.145,54.15,1773
2024-11-22 18:07:00,54.155,54.16,54.15,54.15,2661
2024-11-22 18:11:00,54.18,54.18,54.18,54.18,172
2024-11-22 18:18:00,54.1531,54.1531,54.15,54.15,812
2024-11-22 18:20:00,54.15,54.15,54.15,54.15,424
2024-11-22 18:22:00,54.18,54.18,54.18,54.18,338
2024-11-22 18:25:00,54.15,54.15,54.15,54.15,117
2024-11-22 18:26:00,54.15,54.15,54.15,54.15,375
2024-11-22 18:28:00,54.15,54.15,54.08,54.08,2468
2024-11-22 18:29:00,54.105,54.105,54.105,54.105,130
2024-11-22 18:41:00,54.045,54.045,54.045,54.045,118
2024-11-22 18:52:00,53.96,54.05,53.96,54.05,400
2024-11-22 18:57:00,53.99,53.99,53.99,53.99,129
2024-11-22 19:02:00,54.055,54.055,54.055,54.055,218
2024-11-22 19:03:00,54.06,54.06,54.06,54.06,448
2024-11-22 19:04:00,54.045,54.045,54.045,54.045,509
2024-11-22 19:08:00,54.045,54.045,54.045,54.045,104
2024-11-22 19:12:00,54.045,54.045,54.0081,54.0081,258
2024-11-22 19:14:00,54.0,54.0,54.0,54.0,111
2024-11-22 19:15:00,54.03,54.03,54.03,54.03,221
2024-11-22 19:16:00,54.0,54.025,54.0,54.025,300
2024-11-22 19:17:00,54.06,54.07,54.06,54.06,1347
2024-11-22 19:18:00,54.07,54.07,54.07,54.07,123
2024-11-22 19:20:00,54.08,54.09,54.07,54.09,534
2024-11-22 19:21:00,54.07,54.07,54.07,54.07,568
2024-11-22 19:22:00,54.08,54.09,54.08,54.08,652
2024-11-22 19:23:00,54.08,54.08,54.08,54.08,478
2024-11-22 19:26:00,54.105,54.105,54.105,54.105,318
2024-11-22 19:27:00,54.12,54.12,54.12,54.12,105
2024-11-22 19:28:00,54.105,54.105,54.105,54.105,906
2024-11-22 19:29:00,54.115,54.15,54.115,54.135,1500
2024-11-22 19:30:00,54.135,54.135,54.135,54.135,294
2024-11-22 19:31:00,54.16,54.16,54.135,54.14,546
2024-11-22 19:32:00,54.15,54.15,54.14,54.14,679
2024-11-22 19:33:00,54.13,54.16,54.13,54.16,2254
2024-11-22 19:34:00,54.14,54.14,54.14,54.14,195
2024-11-22 19:40:00,54.155,54.155,54.1475,54.155,422
2024-11-22 19:41:00,54.15,54.15,54.1425,54.15,1176
2024-11-22 19:42:00,54.155,54.155,54.155,54.155,441
2024-11-22 19:43:00,54.155,54.155,54.155,54.155,615
2024-11-22 19:44:00,54.18,54.18,54.18,54.18,187
2024-11-22 19:47:00,54.18,54.18,54.18,54.18,175
2024-11-22 19:49:00,54.13,54.155,54.13,54.155,743
2024-11-22 19:50:00,54.155,54.155,54.155,54.155,275
2024-11-22 19:52:00,54.15,54.155,54.15,54.155,918
2024-11-22 19:59:00,54.15,54.16,54.15,54.15,659
2024-11-22 20:00:00,54.145,54.145,54.145,54.145,235
2024-11-22 20:01:00,54.145,54.145,54.145,54.145,609
2024-11-22 20:02:00,54.16,54.16,54.145,54.145,298
2024-11-22 20:03:00,54.13,54.14,54.1,54.1,3217
2024-11-22 20:04:00,54.1,54.1,54.1,54.1,144
2024-11-22 20:05:00,54.105,54.105,54.105,54.105,236
2024-11-22 20:06:00,54.13,54.13,54.13,54.13,709
2024-11-22 20:08:00,54.115,54.115,54.115,54.115,249
2024-11-22 20:10:00,54.12,54.12,54.12,54.12,729
2024-11-22 20:11:00,54.13,54.13,54.105,54.105,1810
2024-11-22 20:12:00,54.105,54.105,54.09,54.105,1497
2024-11-22 20:14:00,54.105,54.105,54.07,54.07,1712
2024-11-22 20:15:00,54.07,54.075,54.07,54.075,633
2024-11-22 20:16:00,54.05,54.05,54.05,54.05,279
2024-11-22 20:18:00,54.0776,54.0776,54.07,54.075,1574
2024-11-22 20:21:00,54.11,54.11,54.11,54.11,305
2024-11-22 20:23:00,54.13,54.13,54.13,54.13,670
2024-11-22 20:27:00,54.13,54.13,54.13,54.13,230
2024-11-22 20:29:00,54.09,54.11,54.09,54.11,2798
2024-11-22 20:31:00,54.14,54.14,54.12,54.12,480
2024-11-22 20:34:00,54.14,54.14,54.14,54.14,195
2024-11-22 20:36:00,54.15,54.15,54.135,54.135,718
2024-11-22 20:37:00,54.17,54.17,54.17,54.17,460
2024-11-22 20:39:00,54.17,54.17,54.17,54.17,221
2024-11-22 20:43:00,54.17,54.17,54.165,54.165,429
2024-11-22 20:45:00,54.16,54.17,54.16,54.17,998
2024-11-22 20:47:00,54.185,54.185,54.185,54.185,109
2024-11-22 20:49:00,54.2,54.21,54.2,54.21,346
2024-11-22 20:52:00,54.22,54.22,54.22,54.22,535
2024-11-22 20:53:00,54.21,54.23,54.21,54.23,726
2024-11-22 20:54:00,54.25,54.25,54.25,54.25,341
2024-11-22 20:55:00,54.27,54.28,54.25,54.25,3044
2024-11-22 20:56:00,54.26,54.26,54.26,54.26,693
2024-11-22 20:57:00,54.26,54.265,54.26,54.265,884
2024-11-22 20:58:00,54.28,54.28,54.28,54.28,178
2024-11-22 20:59:00,54.26,54.27,54.22,54.25,6595
2024-11-25 14:25:00,54.09,54.09,54.09,54.09,586
2024-11-25 14:30:00,54.33,54.33,54.33,54.33,1681
2024-11-25 14:32:00,54.33,54.33,54.255,54.255,530
2024-11-25 14:33:00,54.22,54.22,54.22,54.22,103
2024-11-25 14:36:00,54.21,54.21,54.21,54.21,100
2024-11-25 14:39:00,54.33,54.35,54.295,54.35,1947
2024-11-25 14:40:00,54.35,54.36,54.35,54.36,430
2024-11-25 14:41:00,54.425,54.425,54.41,54.425,407
2024-11-25 14:45:00,54.3,54.3,54.3,54.3,100
2024-11-25 14:48:00,54.38,54.38,54.31,54.31,238
2024-11-25 14:51:00,54.3,54.3,54.3,54.3,219
2024-11-25 14:52:00,54.27,54.335,54.27,54.335,562
2024-11-25 14:54:00,54.28,54.28,54.28,54.28,204
2024-11-25 14:58:00,54.17,54.17,54.17,54.17,279
2024-11-25 15:00:00,54.245,54.245,54.175,54.175,369
2024-11-25 15:01:00,54.21,54.24,54.21,54.24,304
2024-11-25 15:02:00,54.26,54.26,54.26,54.26,255
2024-11-25 15:03:00,54.22,54.22,54.19,54.19,1276
2024-11-25 15:04:00,54.16,54.27,54.15,54.22,4988
2024-11-25 15:05:00,54.22,54.22,54.19,54.19,642
2024-11-25 15:06:00,54.2088,54.24,54.2088,54.24,3346
2024-11-25 15:08:00,54.245,54.245,54.245,54.245,1031
2024-11-25 15:09:00,54.28,54.34,54.27,54.3,4636
2024-11-25 15:10:00,54.27,54.27,54.23,54.23,478
2024-11-25 15:11:00,54.165,54.165,54.165,54.165,215
2024-11-25 15:12:00,54.14,54.14,54.14,54.14,1067
2024-11-25 15:13:00,54.14,54.17,54.14,54.145,1068
2024-11-25 15:14:00,54.18,54.18,54.15,54.18,560
2024-11-25 15:15:00,54.22,54.22,54.22,54.22,195
2024-11-25 15:17:00,54.275,54.275,54.27,54.275,545
2024-11-25 15:18:00,54.24,54.27,54.2,54.2,527
2024-11-25 15:22:00,54.26,54.26,54.24,54.24,314
2024-11-25 15:25:00,54.31,54.32,54.31,54.32,354
2024-11-25 15:26:00,54.33,54.3557,54.325,54.3557,2280
2024-11-25 15:27:00,54.33,54.35,54.33,54.34,1384
2024-11-25 15:28:00,54.34,54.345,54.34,54.34,931
2024-11-25 15:29:00,54.31,54.35,54.26,54.35,1662
2024-11-25 15:31:00,54.36,54.36,54.34,54.34,382
2024-11-25 15:32:00,54.36,54.36,54.36,54.36,119
2024-11-25 15:33:00,54.33,54.33,54.265,54.27,1130
2024-11-25 15:35:00,54.3,54.3,54.3,54.3,446
2024-11-25 15:40:00,54.28,54.28,54.28,54.28,259
2024-11-25 15:44:00,54.31,54.33,54.31,54.33,525
2024-11-25 15:45:00,54.31,54.31,54.31,54.31,440
2024-11-25 15:46:00,54.27,54.27,54.27,54.27,258
2024-11-25 15:48:00,54.26,54.29,54.26,54.29,202
2024-11-25 15:49:00,54.3,54.3,54.3,54.3,386
2024-11-25 15:51:00,54.25,54.26,54.24,54.26,523
2024-11-25 15:53:00,54.25,54.25,54.25,54.25,170
2024-11-25 15:55:00,54.27,54.27,54.27,54.27,384
2024-11-25 15:56:00,54.24,54.24,54.215,54.22,1566
2024-11-25 15:57:00,54.18,54.18,54.18,54.18,136
2024-11-25 15:59:00,54.14,54.145,54.14,54.145,229
2024-11-25 16:03:00,54.11,54.11,54.11,54.11,166
2024-11-25 16:06:00,54.24,54.24,54.186,54.186,736
2024-11-25 16:07:00,54.215,54.215,54.215,54.215,130
2024-11-25 16:09:00,54.18,54.18,54.16,54.16,439
2024-11-25 16:10:00,54.17,54.19,54.17,54.18,1897
2024-11-25 16:11:00,54.195,54.21,54.195,54.205,415
2024-11-25 16:12:00,54.24,54.24,54.215,54.24,989
2024-11-25 16:14:00,54.22,54.22,54.22,54.22,258
2024-11-25 16:15:00,54.22,54.24,54.22,54.24,556
2024-11-25 16:17:00,54.24,54.24,54.24,54.24,819
2024-11-25 16:18:00,54.24,54.24,54.22,54.24,711
2024-11-25 16:19:00,54.25,54.29,54.24,54.27,2570
2024-11-25 16:20:00,54.27,54.29,54.25,54.257,2448
2024-11-25 16:21:00,54.25,54.26,54.25,54.26,898
2024-11-25 16:22:00,54.26,54.27,54.2513,54.2513,904
2024-11-25 16:23:00,54.285,54.285,54.264,54.264,1202
2024-11-25 16:25:00,54.28,54.28,54.25,54.26,806
2024-11-25 16:28:00,54.23,54.23,54.23,54.23,651
2024-11-25 16:29:00,54.23,54.23,54.18,54.18,481
2024-11-25 16:32:00,54.135,54.135,54.135,54.135,103
2024-11-25 16:36:00,54.13,54.13,54.13,54.13,328
2024-11-25 16:37:00,54.12,54.125,54.12,54.125,264
2024-11-25 16:38:00,54.125,54.155,54.125,54.155,397
2024-11-25 16:40:00,54.09,54.09,54.09,54.09,148
2024-11-25 16:44:00,54.09,54.09,54.08,54.09,336
2024-11-25 16:45:00,54.08,54.08,54.08,54.08,363
2024-11-25 16:50:00,54.08,54.08,54.08,54.08,150
2024-11-25 16:51:00,54.01,54.01,54.01,54.01,201
2024-11-25 16:53:00,54.075,54.075,54.075,54.075,110
2024-11-25 16:54:00,54.01,54.01,54.01,54.01,206
2024-11-25 16:56:00,54.01,54.1387,54.01,54.1387,441
2024-11-25 16:57:00,54.075,54.075,54.02,54.02,205
2024-11-25 17:01:00,54.0119,54.0119,54.0119,54.0119,231
2024-11-25 17:04:00,54.09,54.17,54.09,54.13,3090
2024-11-25 17:06:00,54.18,54.18,54.18,54.18,1366
2024-11-25 17:11:00,54.21,54.23,54.21,54.23,1910
2024-11-25 17:17:00,54.15,54.18,54.15,54.15,799
2024-11-25 17:18:00,54.13,54.16,54.12,54.12,976
2024-11-25 17:19:00,54.14,54.14,54.14,54.14,325
2024-11-25 17:20:00,54.11,54.12,54.11,54.12,637
2024-11-25 17:21:00,54.0946,54.11,54.08,54.08,658
2024-11-25 17:24:00,54.0701,54.0701,54.0701,54.0701,108
2024-11-25 17:25:00,54.07,54.09,54.06,54.09,1373
2024-11-25 17:26:00,54.12,54.13,54.12,54.13,800
2024-11-25 17:27:00,54.0845,54.1,54.08,54.08,621
2024-11-25 17:29:00,54.06,54.08,54.06,54.08,640
2024-11-25 17:30:00,54.1,54.12,54.1,54.12,623
2024-11-25 17:34:00,54.1,54.12,54.1,54.12,468
2024-11-25 17:35:00,54.15,54.15,54.15,54.15,508
2024-11-25 17:36:00,54.14,54.15,54.13,54.13,794
2024-11-25 17:37:00,54.12,54.13,54.12,54.13,265
2024-11-25 17:42:00,54.11,54.12,54.1,54.115,958
2024-11-25 17:43:00,54.09,54.09,54.09,54.09,270
2024-11-25 17:44:00,54.07,54.07,54.04,54.04,682
2024-11-25 17:45:00,54.06,54.07,54.06,54.07,1158
2024-11-25 17:46:00,54.06,54.08,54.06,54.08,1136
2024-11-25 17:47:00,54.065,54.07,54.0459,54.07,750
2024-11-25 17:48:00,54.09,54.09,54.09,54.09,278
2024-11-25 17:52:00,54.14,54.14,54.14,54.14,235
2024-11-25 17:55:00,54.15,54.179,54.15,54.179,450
2024-11-25 17:57:00,54.1666,54.1666,54.1666,54.1666,202
2024-11-25 18:00:00,54.17,54.17,54.17,54.17,403
2024-11-25 18:03:00,54.24,54.25,54.23,54.23,444
2024-11-25 18:15:00,54.15,54.15,54.15,54.15,165
2024-11-25 18:19:00,54.22,54.262,54.22,54.262,1464
2024-11-25 18:24:00,54.27,54.27,54.27,54.27,118
2024-11-25 18:25:00,54.17,54.17,54.17,54.17,387
2024-11-25 18:26:00,54.27,54.33,54.27,54.3,2440
2024-11-25 18:28:00,54.25,54.2574,54.25,54.2574,1183
2024-11-25 18:31:00,54.31,54.335,54.31,54.335,409
2024-11-25 18:33:00,54.32,54.34,54.32,54.33,781
2024-11-25 18:34:00,54.34,54.34,54.34,54.34,539
2024-11-25 18:41:00,54.35,54.35,54.35,54.35,200
2024-11-25 18:43:00,54.33,54.33,54.33,54.33,1330
2024-11-25 18:44:00,54.32,54.325,54.32,54.325,361
2024-11-25 18:45:00,54.325,54.325,54.325,54.325,291
2024-11-25 18:46:00,54.33,54.33,54.33,54.33,200
2024-11-25 18:50:00,54.3394,54.3394,54.3394,54.3394,227
2024-11-25 18:58:00,54.36,54.36,54.35,54.36,1281
2024-11-25 18:59:00,54.35,54.35,54.35,54.35,113
2024-11-25 19:00:00,54.36,54.36,54.36,54.36,201
2024-11-25 19:03:00,54.34,54.34,54.32,54.32,662
2024-11-25 19:05:00,54.32,54.32,54.32,54.32,705
2024-11-25 19:06:00,54.31,54.31,54.31,54.31,895
2024-11-25 19:07:00,54.33,54.33,54.33,54.33,209
2024-11-25 19:12:00,54.33,54.33,54.33,54.33,110
2024-11-25 19:19:00,54.33,54.33,54.31,54.315,1331
2024-11-25 19:20:00,54.3,54.3,54.3,54.3,106
2024-11-25 19:21:00,54.32,54.32,54.31,54.31,1352
2024-11-25 19:22:00,54.31,54.31,54.31,54.31,116
2024-11-25 19:23:00,54.285,54.285,54.285,54.285,521
2024-11-25 19:24:00,54.285,54.285,54.285,54.285,885
2024-11-25 19:25:00,54.285,54.285,54.2675,54.2675,756
2024-11-25 19:26:00,54.285,54.285,54.285,54.285,344
2024-11-25 19:27:00,54.27,54.27,54.27,54.27,104
2024-11-25 19:30:00,54.285,54.285,54.285,54.285,116
2024-11-25 19:33:00,54.29,54.29,54.29,54.29,421
2024-11-25 19:35:00,54.3,54.34,54.29,54.34,1408
2024-11-25 19:37:00,54.34,54.34,54.34,54.34,292
2024-11-25 19:43:00,54.335,54.335,54.335,54.335,185
2024-11-25 19:44:00,54.32,54.32,54.32,54.32,123
2024-11-25 19:45:00,54.32,54.32,54.32,54.32,411
2024-11-25 19:46:00,54.32,54.32,54.32,54.32,255
2024-11-25 19:47:00,54.29,54.29,54.29,54.29,526
2024-11-25 19:48:00,54.31,54.32,54.3,54.32,2680
2024-11-25 19:49:00,54.33,54.33,54.32,54.32,537
2024-11-25 19:50:00,54.32,54.32,54.3,54.3,607
2024-11-25 19:51:00,54.3,54.3,54.28,54.3,393
2024-11-25 19:52:00,54.29,54.29,54.29,54.29,117
2024-11-25 19:53:00,54.3,54.3,54.29,54.29,577
2024-11-25 19:54:00,54.29,54.29,54.29,54.29,224
2024-11-25 19:55:00,54.285,54.29,54.285,54.29,337
2024-11-25 19:56:00,54.29,54.29,54.29,54.29,212
2024-11-25 19:57:00,54.31,54.31,54.31,54.31,185
2024-11-25 19:58:00,54.3,54.3,54.3,54.3,131
2024-11-25 19:59:00,54.29,54.3,54.29,54.29,334
2024-11-25 20:00:00,54.275,54.275,54.26,54.275,302
2024-11-25 20:01:00,54.29,54.29,54.29,54.29,200
2024-11-25 20:02:00,54.28,54.29,54.28,54.29,516
2024-11-25 20:03:00,54.28,54.28,54.27,54.275,776
2024-11-25 20:05:00,54.3,54.3,54.3,54.3,316
2024-11-25 20:06:00,54.31,54.31,54.31,54.31,413
2024-11-25 20:07:00,54.31,54.31,54.31,54.31,1047
2024-11-25 20:10:00,54.35,54.35,54.315,54.315,2608
2024-11-25 20:11:00,54.3241,54.3241,54.31,54.315,1422
2024-11-25 20:13:00,54.335,54.335,54.335,54.335,225
2024-11-25 20:15:00,54.35,54.35,54.35,54.35,869
2024-11-25 20:16:00,54.37,54.37,54.37,54.37,538
2024-11-25 20:17:00,54.355,54.355,54.355,54.355,295
2024-11-25 20:18:00,54.35,54.364,54.34,54.35,1891
2024-11-25 20:19:00,54.35,54.35,54.35,54.35,101
2024-11-25 20:20:00,54.369,54.369,54.369,54.369,127
2024-11-25 20:21:00,54.35,54.3538,54.35,54.3538,258
2024-11-25 20:22:00,54.33,54.33,54.33,54.33,503
2024-11-25 20:23:00,54.33,54.33,54.32,54.32,2102
2024-11-25 20:24:00,54.33,54.349,54.33,54.33,1201
2024-11-25 20:29:00,54.34,54.369,54.34,54.369,1020
2024-11-25 20:32:00,54.3799,54.3799,54.36,54.368,548
2024-11-25 20:34:00,54.365,54.365,54.365,54.365,204
2024-11-25 20:40:00,54.37,54.38,54.34,54.355,2303
2024-11-25 20:41:00,54.365,54.365,54.365,54.365,286
2024-11-25 20:43:00,54.3601,54.3601,54.36,54.36,392
2024-11-25 20:44:00,54.32,54.325,54.305,54.325,5716
2024-11-25 20:45:00,54.3235,54.3235,54.3235,54.3235,487
2024-11-25 20:46:00,54.34,54.35,54.33,54.33,690
2024-11-25 20:47:00,54.33,54.33,54.33,54.33,137
2024-11-25 20:48:00,54.35,54.38,54.35,54.365,3465
2024-11-25 20:49:00,54.355,54.355,54.33,54.33,875
2024-11-25 20:50:00,54.369,54.369,54.369,54.369,217
2024-11-25 20:51:00,54.35,54.36,54.35,54.36,905
2024-11-25 20:52:00,54.38,54.38,54.365,54.38,1282
2024-11-25 20:54:00,54.38,54.38,54.38,54.38,248
2024-11-25 20:55:00,54.375,54.375,54.36,54.37,1540
2024-11-25 20:56:00,54.37,54.41,54.37,54.41,4131
2024-11-25 20:57:00,54.409,54.41,54.39,54.39,1642
2024-11-25 20:58:00,54.3701,54.3701,54.34,54.35,1547
2024-11-25 20:59:00,54.36,54.39,54.35,54.37,2438
2024-11-25 21:43:00,54.0243,54.0243,54.0243,54.0243,110
2024-11-25 21:45:00,54.0231,54.0231,54.0231,54.0231,170
2024-11-26 13:00:00,54.0,54.0,53.7931,53.7967,1098
2024-11-26 14:30:00,54.34,54.34,54.32,54.34,1800
2024-11-26 14:32:00,54.14,54.14,54.14,54.14,288
2024-11-26 14:33:00,54.2486,54.2486,54.235,54.235,309
2024-11-26 14:37:00,54.12,54.12,54.12,54.12,408
2024-11-26 14:40:00,54.09,54.18,54.06,54.15,1657
2024-11-26 14:44:00,54.08,54.08,54.08,54.08,114
2024-11-26 14:56:00,54.27,54.27,54.27,54.27,100
2024-11-26 14:57:00,54.13,54.13,54.1,54.105,566
2024-11-26 14:58:00,54.1,54.1,54.1,54.1,132
2024-11-26 15:02:00,54.154,54.154,54.154,54.154,157
2024-11-26 15:03:00,54.14,54.15,54.08,54.08,1079
2024-11-26 15:05:00,54.11,54.11,54.08,54.08,559
2024-11-26 15:06:00,54.14,54.195,54.14,54.195,287
2024-11-26 15:08:00,54.15,54.15,54.15,54.15,150
2024-11-26 15:09:00,54.11,54.15,54.11,54.12,3754
2024-11-26 15:10:00,54.12,54.12,54.105,54.105,882
2024-11-26 15:11:00,54.105,54.105,54.105,54.105,105
2024-11-26 15:13:00,54.1,54.1,54.1,54.1,105
2024-11-26 15:15:00,54.09,54.1,54.09,54.09,306
2024-11-26 15:16:00,54.1,54.1,54.1,54.1,337
2024-11-26 15:17:00,54.1,54.1,54.08,54.08,1310
2024-11-26 15:20:00,54.09,54.09,54.09,54.09,107
2024-11-26 15:22:00,54.03,54.03,54.03,54.03,366
2024-11-26 15:23:00,54.01,54.01,54.01,54.01,209
2024-11-26 15:25:00,53.99,53.99,53.99,53.99,112
2024-11-26 15:27:00,53.98,54.0,53.98,53.98,495
2024-11-26 15:28:00,54.0,54.01,54.0,54.01,241
2024-11-26 15:30:00,53.97,54.01,53.97,53.98,847
2024-11-26 15:31:00,54.0,54.0,53.98,54.0,1023
2024-11-26 15:32:00,53.98,53.99,53.96,53.96,1739
2024-11-26 15:33:00,53.96,53.97,53.95,53.97,1007
2024-11-26 15:34:00,53.97,53.97,53.94,53.94,461
2024-11-26 15:35:00,53.955,53.96,53.955,53.96,224
2024-11-26 15:36:00,53.99,54.01,53.99,54.01,432
2024-11-26 15:38:00,53.9438,54.02,53.9438,54.02,362
2024-11-26 15:41:00,54.02,54.02,54.02,54.02,1033
2024-11-26 15:43:00,54.03,54.03,54.03,54.03,386
2024-11-26 15:44:00,54.05,54.05,54.05,54.05,213
2024-11-26 15:45:00,54.05,54.05,54.05,54.05,264
2024-11-26 15:46:00,54.03,54.03,54.03,54.03,139
2024-11-26 15:47:00,54.06,54.11,54.06,54.07,935
2024-11-26 15:48:00,54.07,54.07,54.07,54.07,112
2024-11-26 15:49:00,54.065,54.065,54.065,54.065,148
2024-11-26 15:54:00,54.04,54.04,54.04,54.04,103
2024-11-26 15:59:00,54.01,54.03,54.0,54.03,390
2024-11-26 16:01:00,54.025,54.025,54.025,54.025,100
2024-11-26 16:05:00,53.98,54.01,53.98,53.98,753
2024-11-26 16:06:00,54.03,54.03,54.0,54.0,335
2024-11-26 16:07:00,53.97,54.0,53.95,54.0,891
2024-11-26 16:12:00,53.88,53.895,53.87,53.895,561
2024-11-26 16:15:00,53.905,53.905,53.905,53.905,256
2024-11-26 16:16:00,53.9,53.9,53.9,53.9,212
2024-11-26 16:17:00,53.915,53.915,53.915,53.915,121
2024-11-26 16:20:00,53.91,53.95,53.91,53.935,2118
2024-11-26 16:21:00,53.935,53.935,53.935,53.935,101
2024-11-26 16:22:00,53.945,53.945,53.945,53.945,229
2024-11-26 16:24:00,53.935,53.95,53.92,53.94,654
2024-11-26 16:25:00,53.93,53.96,53.93,53.96,754
2024-11-26 16:26:00,53.937,53.955,53.93,53.93,1155
2024-11-26 16:27:00,53.93,53.945,53.92,53.945,336
2024-11-26 16:28:00,53.945,53.95,53.945,53.95,295
2024-11-26 16:29:00,53.965,53.985,53.96,53.985,845
2024-11-26 16:30:00,54.0,54.0,54.0,54.0,124
2024-11-26 16:31:00,54.02,54.02,54.02,54.02,178
2024-11-26 16:32:00,54.0,54.0,54.0,54.0,101
2024-11-26 16:34:00,54.0,54.0,54.0,54.0,177
2024-11-26 16:38:00,54.01,54.01,54.01,54.01,357
2024-11-26 16:39:00,54.01,54.01,54.01,54.01,101
2024-11-26 16:42:00,54.04,54.06,54.04,54.06,304
2024-11-26 16:43:00,54.01,54.01,54.01,54.01,120
2024-11-26 16:49:00,54.01,54.01,54.01,54.01,143
2024-11-26 16:52:00,53.98,54.01,53.97,54.01,844
2024-11-26 16:56:00,54.03,54.03,54.03,54.03,251
2024-11-26 16:57:00,53.97,53.97,53.97,53.97,152
2024-11-26 16:58:00,54.0,54.0,53.97,53.97,1179
2024-11-26 17:00:00,53.97,53.98,53.97,53.97,685
2024-11-26 17:02:00,53.97,53.97,53.97,53.97,107
2024-11-26 17:03:00,53.985,53.985,53.985,53.985,357
2024-11-26 17:04:00,53.985,53.985,53.97,53.97,404
2024-11-26 17:05:00,53.985,53.985,53.97,53.97,849
2024-11-26 17:06:00,53.97,53.97,53.965,53.965,1610
2024-11-26 17:08:00,53.95,53.95,53.945,53.945,1346
2024-11-26 17:09:00,53.945,53.945,53.945,53.945,100
2024-11-26 17:13:00,53.935,53.935,53.9275,53.9275,201
2024-11-26 17:17:00,53.9,53.91,53.9,53.91,203
2024-11-26 17:20:00,53.93,53.96,53.92,53.92,1036
2024-11-26 17:25:00,53.915,53.915,53.915,53.915,311
2024-11-26 17:26:00,53.91,53.91,53.91,53.91,107
2024-11-26 17:27:00,53.91,53.93,53.91,53.93,319
2024-11-26 17:30:00,53.95,53.96,53.95,53.96,556
2024-11-26 17:32:00,54.0699,54.0699,53.995,53.995,477
2024-11-26 17:33:00,53.97,53.97,53.925,53.925,611
2024-11-26 17:38:00,53.99,54.0,53.98,54.0,1283
2024-11-26 17:39:00,53.98,53.995,53.98,53.995,412
2024-11-26 17:40:00,53.97,53.99,53.96,53.98,803
2024-11-26 17:41:00,53.97,53.99,53.94,53.94,1376
2024-11-26 17:42:00,53.97,53.97,53.97,53.97,404
2024-11-26 17:45:00,53.961,53.961,53.961,53.961,206
2024-11-26 17:46:00,53.96,53.97,53.95,53.97,715
2024-11-26 17:47:00,53.96,53.975,53.96,53.96,759
2024-11-26 17:49:00,53.95,53.95,53.95,53.95,263
2024-11-26 17:51:00,53.96,53.96,53.96,53.96,152
2024-11-26 17:57:00,53.97,53.98,53.97,53.98,911
2024-11-26 17:59:00,54.1,54.1,54.045,54.045,1315
2024-11-26 18:08:00,54.045,54.045,54.045,54.045,102
2024-11-26 18:20:00,53.93,53.93,53.93,53.93,105
2024-11-26 18:24:00,53.948,53.948,53.948,53.948,191
2024-11-26 18:28:00,53.96,53.96,53.96,53.96,309
2024-11-26 18:32:00,53.98,53.98,53.98,53.98,153
2024-11-26 18:33:00,53.96,53.96,53.96,53.96,261
2024-11-26 18:34:00,53.92,53.94,53.92,53.92,741
2024-11-26 18:36:00,53.91,53.91,53.91,53.91,109
2024-11-26 18:38:00,53.91,53.91,53.91,53.91,100
2024-11-26 18:39:00,53.91,53.91,53.89,53.91,1147
2024-11-26 18:42:00,53.94,53.95,53.94,53.94,522
2024-11-26 18:43:00,53.93,53.93,53.914,53.914,2685
2024-11-26 18:44:00,53.91,53.91,53.91,53.91,496
2024-11-26 18:46:00,53.91,53.9262,53.91,53.9262,1009
2024-11-26 18:48:00,53.92,53.92,53.91,53.92,444
2024-11-26 18:49:00,53.91,53.91,53.91,53.91,340
2024-11-26 18:50:00,53.92,53.92,53.92,53.92,714
2024-11-26 18:51:00,53.93,53.93,53.93,53.93,100
2024-11-26 18:52:00,53.94,53.94,53.93,53.93,346
2024-11-26 18:53:00,53.92,53.93,53.91,53.93,1201
2024-11-26 18:56:00,53.93,53.95,53.925,53.95,361
2024-11-26 18:58:00,53.935,53.935,53.9275,53.9275,298
2024-11-26 18:59:00,53.9,53.9,53.9,53.9,216
2024-11-26 19:00:00,53.94,53.94,53.94,53.94,212
2024-11-26 19:02:00,53.95,53.95,53.95,53.95,658
2024-11-26 19:03:00,53.96,53.96,53.935,53.935,540
2024-11-26 19:05:00,53.98,53.98,53.92,53.98,2482
2024-11-26 19:09:00,53.95,53.95,53.95,53.95,104
2024-11-26 19:10:00,53.95,53.95,53.95,53.95,404
2024-11-26 19:11:00,53.935,53.935,53.935,53.935,136
2024-11-26 19:14:00,53.91,53.91,53.91,53.91,237
2024-11-26 19:15:00,53.92,53.92,53.92,53.92,105
2024-11-26 19:17:00,53.9,53.9,53.9,53.9,101
2024-11-26 19:18:00,53.87,53.87,53.85,53.85,478
2024-11-26 19:19:00,53.83,53.86,53.83,53.86,478
2024-11-26 19:20:00,53.8613,53.8613,53.8613,53.8613,245
2024-11-26 19:21:00,53.86,53.86,53.83,53.83,377
2024-11-26 19:22:00,53.83,53.83,53.83,53.83,121
2024-11-26 19:23:00,53.83,53.83,53.83,53.83,304
2024-11-26 19:24:00,53.83,53.85,53.83,53.85,980
2024-11-26 19:27:00,53.85,53.878,53.85,53.878,963
2024-11-26 19:30:00,53.845,53.845,53.845,53.845,102
2024-11-26 19:31:00,53.845,53.845,53.845,53.845,104
2024-11-26 19:32:00,53.85,53.85,53.85,53.85,356
2024-11-26 19:33:00,53.885,53.885,53.865,53.865,442
2024-11-26 19:34:00,53.87,53.88,53.87,53.88,578
2024-11-26 19:35:00,53.87,53.87,53.87,53.87,245
2024-11-26 19:38:00,53.88,53.89,53.88,53.89,430
2024-11-26 19:39:00,53.8825,53.8825,53.8825,53.8825,241
2024-11-26 19:40:00,53.89,53.89,53.89,53.89,179
2024-11-26 19:41:00,53.89,53.89,53.89,53.89,270
2024-11-26 19:44:00,53.87,53.88,53.87,53.88,273
2024-11-26 19:47:00,53.88,53.885,53.88,53.885,677
2024-11-26 19:48:00,53.895,53.895,53.895,53.895,303
2024-11-26 19:50:00,53.9517,53.97,53.92,53.97,1175
2024-11-26 19:52:00,53.93,53.93,53.93,53.93,629
2024-11-26 19:56:00,53.93,53.93,53.93,53.93,129
2024-11-26 20:00:00,53.89,53.9,53.87,53.9,1569
2024-11-26 20:08:00,53.9,53.91,53.9,53.91,369
2024-11-26 20:12:00,53.895,53.895,53.87,53.8701,788
2024-11-26 20:13:00,53.87,53.92,53.87,53.92,602
2024-11-26 20:15:00,53.9,53.93,53.9,53.93,1439
2024-11-26 20:16:00,53.97,53.97,53.905,53.905,262
2024-11-26 20:21:00,53.93,53.93,53.9,53.92,609
2024-11-26 20:26:00,53.91,53.935,53.9,53.935,1579
2024-11-26 20:27:00,53.92,53.92,53.92,53.92,109
2024-11-26 20:29:00,53.94,53.94,53.94,53.94,155
2024-11-26 20:32:00,53.88,53.905,53.87,53.9,1527
2024-11-26 20:34:00,53.9,53.9,53.9,53.9,479
2024-11-26 20:35:00,53.895,53.895,53.88,53.88,666
2024-11-26 20:40:00,53.875,53.89,53.875,53.89,913
2024-11-26 20:44:00,53.91,53.925,53.9,53.92,1648
2024-11-26 20:45:00,53.92,53.92,53.92,53.92,672
2024-11-26 20:46:00,53.95,53.95,53.92,53.92,717
2024-11-26 20:47:00,53.95,53.95,53.95,53.95,384
2024-11-26 20:50:00,53.96,53.96,53.9506,53.9506,448
2024-11-26 20:51:00,53.94,53.97,53.94,53.955,2669
2024-11-26 20:52:00,53.95,53.985,53.95,53.985,1466
2024-11-26 20:53:00,54.0,54.0,54.0,54.0,307
2024-11-26 20:54:00,53.995,53.995,53.95,53.97,7218
2024-11-26 20:55:00,53.97,53.97,53.97,53.97,157
2024-11-26 20:56:00,53.975,54.0,53.975,54.0,320
2024-11-26 20:57:00,53.97,53.98,53.95,53.98,1535
2024-11-26 20:58:00,53.965,53.965,53.9475,53.9475,1962
2024-11-26 20:59:00,53.94,53.96,53.91,53.915,3404
2024-11-26 21:00:00,53.93,53.93,53.93,53.93,101
2024-11-27 14:30:00,53.5,53.52,53.5,53.52,3298
2024-11-27 14:33:00,53.54,53.71,53.535,53.535,1598
2024-11-27 14:41:00,53.73,53.73,53.645,53.7,1594
2024-11-27 14:43:00,53.71,53.75,53.635,53.725,2283
2024-11-27 14:45:00,53.635,53.635,53.635,53.635,135
2024-11-27 14:47:00,53.64,53.64,53.64,53.64,138
2024-11-27 14:51:00,53.53,53.53,53.53,53.53,127
2024-11-27 14:57:00,53.54,53.54,53.505,53.53,2567
2024-11-27 14:58:00,53.56,53.56,53.56,53.56,201
2024-11-27 15:00:00,53.595,53.595,53.595,53.595,232
2024-11-27 15:01:00,53.51,53.51,53.51,53.51,575
2024-11-27 15:04:00,53.51,53.51,53.51,53.51,139
2024-11-27 15:05:00,53.5,53.5,53.5,53.5,357
2024-11-27 15:06:00,53.56,53.56,53.56,53.56,165
2024-11-27 15:07:00,53.52,53.52,53.52,53.52,198
2024-11-27 15:16:00,53.435,53.435,53.435,53.435,304
2024-11-27 15:17:00,53.37,53.37,53.37,53.37,121
2024-11-27 15:18:00,53.3723,53.3723,53.3723,53.3723,104
2024-11-27 15:19:00,53.41,53.43,53.41,53.43,1222
2024-11-27 15:20:00,53.41,53.41,53.41,53.41,138
2024-11-27 15:22:00,53.37,53.39,53.37,53.38,538
2024-11-27 15:24:00,53.37,53.37,53.35,53.35,365
2024-11-27 15:27:00,53.29,53.29,53.29,53.29,124
2024-11-27 15:28:00,53.335,53.335,53.335,53.335,270
2024-11-27 15:32:00,53.37,53.37,53.37,53.37,101
2024-11-27 15:35:00,53.36,53.36,53.355,53.355,575
2024-11-27 15:36:00,53.36,53.36,53.31,53.31,226
2024-11-27 15:40:00,53.31,53.31,53.31,53.31,112
2024-11-27 15:41:00,53.33,53.33,53.33,53.33,160
2024-11-27 15:50:00,53.42,53.42,53.415,53.415,222
2024-11-27 15:53:00,53.49,53.49,53.49,53.49,381
2024-11-27 15:54:00,53.5,53.51,53.5,53.51,723
2024-11-27 15:55:00,53.505,53.505,53.505,53.505,307
2024-11-27 15:56:00,53.51,53.51,53.51,53.51,158
2024-11-27 16:01:00,53.455,53.48,53.44,53.44,504
2024-11-27 16:02:00,53.445,53.445,53.445,53.445,114
2024-11-27 16:03:00,53.46,53.46,53.46,53.46,382
2024-11-27 16:04:00,53.48,53.48,53.48,53.48,680
2024-11-27 16:09:00,53.55,53.55,53.55,53.55,207
2024-11-27 16:11:00,53.47,53.485,53.47,53.485,787
2024-11-27 16:12:00,53.49,53.49,53.49,53.49,121
2024-11-27 16:14:00,53.485,53.485,53.485,53.485,106
2024-11-27 16:15:00,53.5255,53.5255,53.5255,53.5255,508
2024-11-27 16:17:00,53.5,53.51,53.48,53.485,971
2024-11-27 16:18:00,53.49,53.49,53.49,53.49,173
2024-11-27 16:20:00,53.47,53.5,53.47,53.5,594
2024-11-27 16:22:00,53.53,53.53,53.52,53.52,696
2024-11-27 16:23:00,53.54,53.54,53.54,53.54,111
2024-11-27 16:25:00,53.53,53.53,53.51,53.5125,795
2024-11-27 16:26:00,53.515,53.515,53.515,53.515,168
2024-11-27 16:27:00,53.5,53.5,53.5,53.5,320
2024-11-27 16:28:00,53.5,53.5,53.48,53.48,604
2024-11-27 16:29:00,53.5,53.5,53.5,53.5,316
2024-11-27 16:30:00,53.5,53.52,53.5,53.5,397
2024-11-27 16:36:00,53.57,53.57,53.57,53.57,184
2024-11-27 16:39:00,53.545,53.6,53.545,53.6,401
2024-11-27 16:46:00,53.57,53.605,53.57,53.59,1143
2024-11-27 16:48:00,53.57,53.57,53.57,53.57,150
2024-11-27 16:51:00,53.54,53.54,53.54,53.54,242
2024-11-27 16:57:00,53.49,53.49,53.46,53.46,606
2024-11-27 17:02:00,53.455,53.455,53.45,53.45,585
2024-11-27 17:04:00,53.48,53.49,53.48,53.48,526
2024-11-27 17:05:00,53.49,53.49,53.4301,53.4301,1256
2024-11-27 17:09:00,53.465,53.465,53.465,53.465,101
2024-11-27 17:10:00,53.5,53.5,53.5,53.5,180
2024-11-27 17:38:00,53.515,53.515,53.444,53.444,1976
2024-11-27 17:39:00,53.4885,53.4885,53.4885,53.4885,189
2024-11-27 17:43:00,53.44,53.505,53.4301,53.4301,792
2024-11-27 17:45:00,53.43,53.43,53.43,53.43,123
2024-11-27 17:49:00,53.435,53.435,53.435,53.435,448
2024-11-27 17:53:00,53.46,53.46,53.46,53.46,273
2024-11-27 17:55:00,53.5,53.5,53.5,53.5,119
2024-11-27 17:58:00,53.46,53.46,53.46,53.46,195
2024-11-27 18:00:00,53.44,53.44,53.44,53.44,273
2024-11-27 18:02:00,53.4275,53.4275,53.4275,53.4275,191
2024-11-27 18:09:00,53.475,53.475,53.475,53.475,188
2024-11-27 18:10:00,53.515,53.515,53.515,53.515,504
2024-11-27 18:17:00,53.52,53.52,53.52,53.52,326
2024-11-27 18:21:00,53.515,53.515,53.515,53.515,551
2024-11-27 18:22:00,53.515,53.515,53.446,53.446,1337
2024-11-27 18:28:00,53.515,53.515,53.515,53.515,104
2024-11-27 18:30:00,53.5,53.5,53.5,53.5,117
2024-11-27 18:34:00,53.4401,53.4401,53.4401,53.4401,146
2024-11-27 18:36:00,53.55,53.55,53.55,53.55,205
2024-11-27 18:45:00,53.56,53.56,53.56,53.56,106
2024-11-27 18:46:00,53.5,53.5,53.5,53.5,271
2024-11-27 18:58:00,53.54,53.54,53.54,53.54,658
2024-11-27 19:06:00,53.575,53.575,53.575,53.575,108
2024-11-27 19:21:00,53.52,53.52,53.52,53.52,355
2024-11-27 19:22:00,53.47,53.578,53.47,53.578,399
2024-11-27 19:42:00,53.56,53.57,53.56,53.57,201
2024-11-27 19:45:00,53.57,53.57,53.57,53.57,213
2024-11-27 19:50:00,53.57,53.59,53.57,53.59,329
2024-11-27 19:58:00,53.56,53.59,53.56,53.59,501
2024-11-27 19:59:00,53.6,53.6,53.6,53.6,253
2024-11-27 20:07:00,53.58,53.58,53.58,53.58,123
2024-11-27 20:08:00,53.56,53.56,53.56,53.56,117
2024-11-27 20:12:00,53.57,53.575,53.57,53.575,489
2024-11-27 20:13:00,53.575,53.575,53.575,53.575,136
2024-11-27 20:14:00,53.59,53.59,53.59,53.59,225
2024-11-27 20:23:00,53.555,53.555,53.555,53.555,147
2024-11-27 20:27:00,53.55,53.55,53.55,53.55,149
2024-11-27 20:29:00,53.565,53.565,53.565,53.565,101
2024-11-27 20:30:00,53.55,53.55,53.55,53.55,105
2024-11-27 20:34:00,53.58,53.58,53.58,53.58,386
2024-11-27 20:36:00,53.575,53.575,53.575,53.575,130
2024-11-27 20:37:00,53.58,53.58,53.58,53.58,228
2024-11-27 20:38:00,53.575,53.59,53.57,53.57,1154
2024-11-27 20:41:00,53.535,53.535,53.535,53.535,101
2024-11-27 20:45:00,53.51,53.51,53.51,53.51,205
2024-11-27 20:46:00,53.535,53.535,53.535,53.535,477
2024-11-27 20:47:00,53.558,53.56,53.558,53.56,749
2024-11-27 20:49:00,53.575,53.575,53.575,53.575,207
2024-11-27 20:50:00,53.58,53.605,53.58,53.59,1158
2024-11-27 20:53:00,53.619,53.619,53.59,53.59,312
2024-11-27 20:54:00,53.62,53.62,53.6,53.6,872
2024-11-27 20:55:00,53.59,53.6,53.58,53.59,1486
2024-11-27 20:56:00,53.6,53.6,53.595,53.595,543
2024-11-27 20:57:00,53.61,53.61,53.595,53.61,1092
2024-11-27 20:58:00,53.6,53.6,53.54,53.57,3116
2024-11-27 20:59:00,53.57,53.65,53.57,53.59,8635
2024-11-29 11:14:00,52.25,52.25,52.25,52.25,169
2024-11-29 11:47:00,51.75,51.75,51.75,51.75,160
2024-11-29 11:48:00,51.75,51.79,51.75,51.79,594
2024-11-29 11:49:00,51.75,51.75,51.75,51.75,299
2024-11-29 11:50:00,51.28,51.28,51.0,51.0,414
2024-11-29 12:08:00,51.14,51.14,51.01,51.01,354
2024-11-29 12:26:00,51.5,51.5,51.5,51.5,200
2024-11-29 13:00:00,51.8,51.8,51.8,51.8,128
2024-11-29 13:25:00,51.4,51.4,51.4,51.4,100
2024-11-29 14:00:00,51.01,51.01,51.01,51.01,305
2024-11-29 14:04:00,51.4,51.4,51.4,51.4,310
2024-11-29 14:05:00,51.01,51.01,51.01,51.01,400
2024-11-29 14:06:00,51.01,51.01,51.0,51.0,617
2024-11-29 14:10:00,51.0,51.02,51.0,51.02,894
2024-11-29 14:11:00,51.04,51.05,51.04,51.05,611
2024-11-29 14:16:00,51.05,51.05,51.05,51.05,200
2024-11-29 14:25:00,51.01,51.01,51.01,51.01,163
2024-11-29 14:27:00,50.84,50.84,50.84,50.84,232
2024-11-29 14:29:00,50.83,50.83,50.82,50.82,467
2024-11-29 14:30:00,51.05,51.05,50.69,50.69,5587
2024-11-29 14:31:00,50.73,50.9,50.73,50.83,3631
2024-11-29 14:33:00,51.01,51.01,51.01,51.01,139
2024-11-29 14:35:00,50.776,50.776,50.776,50.776,189
2024-11-29 14:36:00,51.05,51.05,51.05,51.05,681
2024-11-29 14:37:00,51.0,51.0,50.82,50.94,629
2024-11-29 14:38:00,51.0,51.0,50.925,51.0,783
2024-11-29 14:43:00,51.0,51.07,50.99,51.07,1440
2024-11-29 14:44:00,51.035,51.035,51.035,51.035,139
2024-11-29 14:47:00,51.09,51.12,51.09,51.12,681
2024-11-29 14:49:00,51.05,51.05,51.0,51.0,1166
2024-11-29 14:50:00,51.0,51.0,51.0,51.0,104
2024-11-29 14:54:00,51.07,51.12,51.01,51.12,1040
2024-11-29 14:56:00,51.035,51.035,51.035,51.035,143
2024-11-29 14:57:00,51.035,51.035,51.035,51.035,125
2024-11-29 14:58:00,51.035,51.035,51.035,51.035,156
2024-11-29 14:59:00,51.12,51.13,51.035,51.13,1318
2024-11-29 15:00:00,51.1399,51.1399,51.095,51.095,1463
2024-11-29 15:01:00,51.13,51.15,51.13,51.15,961
2024-11-29 15:02:00,51.15,51.15,51.15,51.15,210
2024-11-29 15:03:00,51.17,51.18,51.17,51.17,629
2024-11-29 15:04:00,51.18,51.23,51.165,51.2,1382
2024-11-29 15:09:00,51.24,51.24,51.23,51.23,336
2024-11-29 15:10:00,51.27,51.31,51.24,51.31,881
2024-11-29 15:11:00,51.34,51.34,51.34,51.34,455
2024-11-29 15:15:00,51.32,51.33,51.32,51.33,511
2024-11-29 15:16:00,51.3,51.3,51.3,51.3,488
2024-11-29 15:19:00,51.26,51.26,51.26,51.26,348
2024-11-29 15:20:00,51.29,51.29,51.29,51.29,176
2024-11-29 15:21:00,51.23,51.23,51.23,51.23,138
2024-11-29 15:24:00,51.255,51.255,51.25,51.25,225
2024-11-29 15:26:00,51.22,51.22,51.2,51.2,325
2024-11-29 15:28:00,51.19,51.19,51.16,51.16,238
2024-11-29 15:30:00,51.166,51.166,51.166,51.166,188
2024-11-29 15:32:00,51.16,51.16,51.16,51.16,230
2024-11-29 15:33:00,51.23,51.23,51.23,51.23,424
2024-11-29 15:34:00,51.225,51.29,51.225,51.29,310
2024-11-29 15:35:00,51.29,51.29,51.235,51.235,402
2024-11-29 15:38:00,51.29,51.29,51.29,51.29,263
2024-11-29 15:40:00,51.26,51.26,51.26,51.26,178
2024-11-29 15:43:00,51.27,51.3,51.27,51.3,407
2024-11-29 15:45:00,51.27,51.27,51.27,51.27,687
2024-11-29 15:47:00,51.256,51.256,51.256,51.256,106
2024-11-29 15:48:00,51.29,51.29,51.25,51.25,746
2024-11-29 15:50:00,51.28,51.28,51.275,51.275,435
2024-11-29 15:52:00,51.3,51.33,51.285,51.29,2339
2024-11-29 15:53:00,51.295,51.295,51.295,51.295,240
2024-11-29 15:55:00,51.31,51.31,51.31,51.31,371
2024-11-29 15:57:00,51.325,51.325,51.325,51.325,344
2024-11-29 15:58:00,51.325,51.36,51.325,51.33,691
2024-11-29 15:59:00,51.34,51.35,51.33,51.33,519
2024-11-29 16:00:00,51.33,51.33,51.33,51.33,359
2024-11-29 16:01:00,51.345,51.42,51.345,51.375,1412
2024-11-29 16:03:00,51.39,51.39,51.39,51.39,206
2024-11-29 16:06:00,51.41,51.42,51.39,51.4,2344
2024-11-29 16:07:00,51.39,51.39,51.39,51.39,603
2024-11-29 16:08:00,51.38,51.38,51.38,51.38,957
2024-11-29 16:11:00,51.39,51.39,51.39,51.39,242
2024-11-29 16:12:00,51.37,51.38,51.37,51.37,685
2024-11-29 16:13:00,51.41,51.41,51.39,51.39,801
2024-11-29 16:14:00,51.42,51.46,51.42,51.43,1616
2024-11-29 16:15:00,51.42,51.445,51.41,51.445,1522
2024-11-29 16:19:00,51.4899,51.4899,51.4899,51.4899,179
2024-11-29 16:20:00,51.4,51.4,51.4,51.4,339
2024-11-29 16:21:00,51.445,51.445,51.445,51.445,132
2024-11-29 16:22:00,51.41,51.41,51.4,51.4,482
2024-11-29 16:23:00,51.41,51.44,51.41,51.44,200
2024-11-29 16:24:00,51.41,51.41,51.41,51.41,277
2024-11-29 16:25:00,51.42,51.43,51.42,51.42,467
2024-11-29 16:26:00,51.43,51.44,51.43,51.44,303
2024-11-29 16:27:00,51.47,51.47,51.45,51.45,856
2024-11-29 16:28:00,51.44,51.49,51.44,51.465,823
2024-11-29 16:29:00,51.465,51.465,51.465,51.465,109
2024-11-29 16:31:00,51.44,51.44,51.44,51.44,164
2024-11-29 16:32:00,51.448,51.448,51.448,51.448,159
2024-11-29 16:33:00,51.44,51.44,51.44,51.44,261
2024-11-29 16:34:00,51.46,51.46,51.46,51.46,410
2024-11-29 16:35:00,51.44,51.44,51.44,51.44,562
2024-11-29 16:36:00,51.44,51.45,51.44,51.45,420
2024-11-29 16:37:00,51.43,51.436,51.43,51.436,279
2024-11-29 16:38:00,51.46,51.46,51.46,51.46,326
2024-11-29 16:39:00,51.46,51.49,51.46,51.46,1195
2024-11-29 16:40:00,51.49,51.495,51.49,51.495,592
2024-11-29 16:43:00,51.515,51.515,51.48,51.48,1425
2024-11-29 16:45:00,51.436,51.46,51.436,51.45,402
2024-11-29 16:46:00,51.44,51.44,51.44,51.44,120
2024-11-29 16:47:00,51.45,51.45,51.44,51.44,356
2024-11-29 16:48:00,51.5171,51.5171,51.44,51.44,340
2024-11-29 16:49:00,51.495,51.495,51.46,51.46,514
2024-11-29 16:51:00,51.46,51.46,51.45,51.45,566
2024-11-29 16:52:00,51.46,51.46,51.4,51.4,605
2024-11-29 16:53:00,51.4,51.48,51.4,51.48,521
2024-11-29 16:54:00,51.44,51.46,51.44,51.44,465
2024-11-29 16:55:00,51.47,51.47,51.47,51.47,274
2024-11-29 16:56:00,51.47,51.47,51.45,51.45,416
2024-11-29 16:57:00,51.47,51.47,51.45,51.45,398
2024-11-29 16:58:00,51.46,51.46,51.45,51.45,408
2024-11-29 17:00:00,51.45,51.45,51.43,51.43,684
2024-11-29 17:01:00,51.42,51.42,51.42,51.42,327
2024-11-29 17:03:00,51.42,51.42,51.41,51.41,390
2024-11-29 17:05:00,51.42,51.42,51.42,51.42,340
2024-11-29 17:07:00,51.45,51.54,51.42,51.42,469
2024-11-29 17:08:00,51.46,51.46,51.46,51.46,466
2024-11-29 17:09:00,51.53,51.53,51.53,51.53,111
2024-11-29 17:10:00,51.55,51.55,51.5,51.5,683
2024-11-29 17:12:00,51.49,51.51,51.49,51.51,418
2024-11-29 17:13:00,51.535,51.535,51.5,51.5,435
2024-11-29 17:15:00,51.5,51.538,51.46,51.46,2770
2024-11-29 17:16:00,51.45,51.45,51.45,51.45,212
2024-11-29 17:17:00,51.43,51.43,51.43,51.43,376
2024-11-29 17:18:00,51.45,51.45,51.45,51.45,481
2024-11-29 17:20:00,51.525,51.55,51.46,51.46,568
2024-11-29 17:22:00,51.48,51.48,51.475,51.475,357
2024-11-29 17:23:00,51.55,51.55,51.5,51.5,707
2024-11-29 17:25:00,51.46,51.46,51.46,51.46,246
2024-11-29 17:26:00,51.47,51.47,51.47,51.47,495
2024-11-29 17:28:00,51.49,51.49,51.49,51.49,472
2024-11-29 17:29:00,51.49,51.52,51.48,51.52,409
2024-11-29 17:30:00,51.53,51.53,51.48,51.49,633
2024-11-29 17:31:00,51.53,51.53,51.53,51.53,270
2024-11-29 17:32:00,51.51,51.545,51.51,51.545,362
2024-11-29 17:33:00,51.49,51.49,51.49,51.49,455
2024-11-29 17:34:00,51.545,51.545,51.52,51.52,207
2024-11-29 17:35:00,51.5,51.5,51.49,51.49,664
2024-11-29 17:37:00,51.5,51.5,51.5,51.5,524
2024-11-29 17:38:00,51.55,51.55,51.55,51.55,176
2024-11-29 17:39:00,51.52,51.52,51.52,51.52,351
2024-11-29 17:40:00,51.51,51.51,51.51,51.51,179
2024-11-29 17:41:00,51.52,51.52,51.52,51.52,166
2024-11-29 17:42:00,51.51,51.57,51.51,51.51,533
2024-11-29 17:43:00,51.5,51.51,51.5,51.51,755
2024-11-29 17:45:00,51.5509,51.58,51.5,51.54,2663
2024-11-29 17:46:00,51.565,51.565,51.565,51.565,144
2024-11-29 17:47:00,51.545,51.545,51.545,51.545,261
2024-11-29 17:48:00,51.555,51.59,51.555,51.59,272
2024-11-29 17:50:00,51.59,51.65,51.55,51.615,6928
2024-11-29 17:53:00,51.645,51.66,51.62,51.645,894
2024-11-29 17:55:00,51.65,51.66,51.63,51.63,2809
2024-11-29 17:56:00,51.62,51.62,51.62,51.62,258
2024-11-29 17:57:00,51.62,51.65,51.62,51.62,2248
2024-11-29 17:58:00,51.64,51.64,51.62,51.62,1045
2024-11-29 17:59:00,51.61,51.63,51.55,51.62,6849
2024-11-29 18:00:00,51.62,51.62,51.62,51.62,19673
2024-11-29 11:14:00,52.25,52.25,52.25,52.25,169
2024-11-29 11:47:00,51.75,51.75,51.75,51.75,160
2024-11-29 11:48:00,51.75,51.79,51.75,51.79,594
2024-11-29 11:49:00,51.75,51.75,51.75,51.75,299
2024-11-29 11:50:00,51.28,51.28,51.0,51.0,414
2024-11-29 12:08:00,51.14,51.14,51.01,51.01,354
2024-11-29 12:26:00,51.5,51.5,51.5,51.5,200
2024-11-29 13:00:00,51.8,51.8,51.8,51.8,128
2024-11-29 13:25:00,51.4,51.4,51.4,51.4,100
2024-11-29 14:00:00,51.01,51.01,51.01,51.01,305
2024-11-29 14:04:00,51.4,51.4,51.4,51.4,310
2024-11-29 14:05:00,51.01,51.01,51.01,51.01,400
2024-11-29 14:06:00,51.01,51.01,51.0,51.0,617
2024-11-29 14:10:00,51.0,51.02,51.0,51.02,894
2024-11-29 14:11:00,51.04,51.05,51.04,51.05,611
2024-11-29 14:16:00,51.05,51.05,51.05,51.05,200
2024-11-29 14:25:00,51.01,51.01,51.01,51.01,163
2024-11-29 14:27:00,50.84,50.84,50.84,50.84,232
2024-11-29 14:29:00,50.83,50.83,50.82,50.82,467
2024-11-29 14:30:00,51.05,51.05,50.69,50.69,5587
2024-11-29 14:31:00,50.73,50.9,50.73,50.83,3631
2024-11-29 14:33:00,51.01,51.01,51.01,51.01,139
2024-11-29 14:35:00,50.776,50.776,50.776,50.776,189
2024-11-29 14:36:00,51.05,51.05,51.05,51.05,681
2024-11-29 14:37:00,51.0,51.0,50.82,50.94,629
2024-11-29 14:38:00,51.0,51.0,50.925,51.0,783
2024-11-29 14:43:00,51.0,51.07,50.99,51.07,1440
2024-11-29 14:44:00,51.035,51.035,51.035,51.035,139
2024-11-29 14:47:00,51.09,51.12,51.09,51.12,681
2024-11-29 14:49:00,51.05,51.05,51.0,51.0,1166
2024-11-29 14:50:00,51.0,51.0,51.0,51.0,104
2024-11-29 14:54:00,51.07,51.12,51.01,51.12,1040
2024-11-29 14:56:00,51.035,51.035,51.035,51.035,143
2024-11-29 14:57:00,51.035,51.035,51.035,51.035,125
2024-11-29 14:58:00,51.035,51.035,51.035,51.035,156
2024-11-29 14:59:00,51.12,51.13,51.035,51.13,1318
2024-11-29 15:00:00,51.1399,51.1399,51.095,51.095,1463
2024-11-29 15:01:00,51.13,51.15,51.13,51.15,961
2024-11-29 15:02:00,51.15,51.15,51.15,51.15,210
2024-11-29 15:03:00,51.17,51.18,51.17,51.17,629
2024-11-29 15:04:00,51.18,51.23,51.165,51.2,1382
2024-11-29 15:09:00,51.24,51.24,51.23,51.23,336
2024-11-29 15:10:00,51.27,51.31,51.24,51.31,881
2024-11-29 15:11:00,51.34,51.34,51.34,51.34,455
2024-11-29 15:15:00,51.32,51.33,51.32,51.33,511
2024-11-29 15:16:00,51.3,51.3,51.3,51.3,488
2024-11-29 15:19:00,51.26,51.26,51.26,51.26,348
2024-11-29 15:20:00,51.29,51.29,51.29,51.29,176
2024-11-29 15:21:00,51.23,51.23,51.23,51.23,138
2024-11-29 15:24:00,51.255,51.255,51.25,51.25,225
2024-11-29 15:26:00,51.22,51.22,51.2,51.2,325
2024-11-29 15:28:00,51.19,51.19,51.16,51.16,238
2024-11-29 15:30:00,51.166,51.166,51.166,51.166,188
2024-11-29 15:32:00,51.16,51.16,51.16,51.16,230
2024-11-29 15:33:00,51.23,51.23,51.23,51.23,424
2024-11-29 15:34:00,51.225,51.29,51.225,51.29,310
2024-11-29 15:35:00,51.29,51.29,51.235,51.235,402
2024-11-29 15:38:00,51.29,51.29,51.29,51.29,263
2024-11-29 15:40:00,51.26,51.26,51.26,51.26,178
2024-11-29 15:43:00,51.27,51.3,51.27,51.3,407
2024-11-29 15:45:00,51.27,51.27,51.27,51.27,687
2024-11-29 15:47:00,51.256,51.256,51.256,51.256,106
2024-11-29 15:48:00,51.29,51.29,51.25,51.25,746
2024-11-29 15:50:00,51.28,51.28,51.275,51.275,435
2024-11-29 15:52:00,51.3,51.33,51.285,51.29,2339
2024-11-29 15:53:00,51.295,51.295,51.295,51.295,240
2024-11-29 15:55:00,51.31,51.31,51.31,51.31,371
2024-11-29 15:57:00,51.325,51.325,51.325,51.325,344
2024-11-29 15:58:00,51.325,51.36,51.325,51.33,691
2024-11-29 15:59:00,51.34,51.35,51.33,51.33,519
2024-11-29 16:00:00,51.33,51.33,51.33,51.33,359
2024-11-29 16:01:00,51.345,51.42,51.345,51.375,1412
2024-11-29 16:03:00,51.39,51.39,51.39,51.39,206
2024-11-29 16:06:00,51.41,51.42,51.39,51.4,2344
2024-11-29 16:07:00,51.39,51.39,51.39,51.39,603
2024-11-29 16:08:00,51.38,51.38,51.38,51.38,957
2024-11-29 16:11:00,51.39,51.39,51.39,51.39,242
2024-11-29 16:12:00,51.37,51.38,51.37,51.37,685
2024-11-29 16:13:00,51.41,51.41,51.39,51.39,801
2024-11-29 16:14:00,51.42,51.46,51.42,51.43,1616
2024-11-29 16:15:00,51.42,51.445,51.41,51.445,1522
2024-11-29 16:19:00,51.4899,51.4899,51.4899,51.4899,179
2024-11-29 16:20:00,51.4,51.4,51.4,51.4,339
2024-11-29 16:21:00,51.445,51.445,51.445,51.445,132
2024-11-29 16:22:00,51.41,51.41,51.4,51.4,482
2024-11-29 16:23:00,51.41,51.44,51.41,51.44,200
2024-11-29 16:24:00,51.41,51.41,51.41,51.41,277
2024-11-29 16:25:00,51.42,51.43,51.42,51.42,467
2024-11-29 16:26:00,51.43,51.44,51.43,51.44,303
2024-11-29 16:27:00,51.47,51.47,51.45,51.45,856
2024-11-29 16:28:00,51.44,51.49,51.44,51.465,823
2024-11-29 16:29:00,51.465,51.465,51.465,51.465,109
2024-11-29 16:31:00,51.44,51.44,51.44,51.44,164
2024-11-29 16:32:00,51.448,51.448,51.448,51.448,159
2024-11-29 16:33:00,51.44,51.44,51.44,51.44,261
2024-11-29 16:34:00,51.46,51.46,51.46,51.46,410
2024-11-29 16:35:00,51.44,51.44,51.44,51.44,562
2024-11-29 16:36:00,51.44,51.45,51.44,51.45,420
2024-11-29 16:37:00,51.43,51.436,51.43,51.436,279
2024-11-29 16:38:00,51.46,51.46,51.46,51.46,326
2024-11-29 16:39:00,51.46,51.49,51.46,51.46,1195
2024-11-29 16:40:00,51.49,51.495,51.49,51.495,592
2024-11-29 16:43:00,51.515,51.515,51.48,51.48,1425
2024-11-29 16:45:00,51.436,51.46,51.436,51.45,402
2024-11-29 16:46:00,51.44,51.44,51.44,51.44,120
2024-11-29 16:47:00,51.45,51.45,51.44,51.44,356
2024-11-29 16:48:00,51.5171,51.5171,51.44,51.44,340
2024-11-29 16:49:00,51.495,51.495,51.46,51.46,514
2024-11-29 16:51:00,51.46,51.46,51.45,51.45,566
2024-11-29 16:52:00,51.46,51.46,51.4,51.4,605
2024-11-29 16:53:00,51.4,51.48,51.4,51.48,521
2024-11-29 16:54:00,51.44,51.46,51.44,51.44,465
2024-11-29 16:55:00,51.47,51.47,51.47,51.47,274
2024-11-29 16:56:00,51.47,51.47,51.45,51.45,416
2024-11-29 16:57:00,51.47,51.47,51.45,51.45,398
2024-11-29 16:58:00,51.46,51.46,51.45,51.45,408
2024-11-29 17:00:00,51.45,51.45,51.43,51.43,684
2024-11-29 17:01:00,51.42,51.42,51.42,51.42,327
2024-11-29 17:03:00,51.42,51.42,51.41,51.41,390
2024-11-29 17:05:00,51.42,51.42,51.42,51.42,340
2024-11-29 17:07:00,51.45,51.54,51.42,51.42,469
2024-11-29 17:08:00,51.46,51.46,51.46,51.46,466
2024-11-29 17:09:00,51.53,51.53,51.53,51.53,111
2024-11-29 17:10:00,51.55,51.55,51.5,51.5,683
2024-11-29 17:12:00,51.49,51.51,51.49,51.51,418
2024-11-29 17:13:00,51.535,51.535,51.5,51.5,435
2024-11-29 17:15:00,51.5,51.538,51.46,51.46,2770
2024-11-29 17:16:00,51.45,51.45,51.45,51.45,212
2024-11-29 17:17:00,51.43,51.43,51.43,51.43,376
2024-11-29 17:18:00,51.45,51.45,51.45,51.45,481
2024-11-29 17:20:00,51.525,51.55,51.46,51.46,568
2024-11-29 17:22:00,51.48,51.48,51.475,51.475,357
2024-11-29 17:23:00,51.55,51.55,51.5,51.5,707
2024-11-29 17:25:00,51.46,51.46,51.46,51.46,246
2024-11-29 17:26:00,51.47,51.47,51.47,51.47,495
2024-11-29 17:28:00,51.49,51.49,51.49,51.49,472
2024-11-29 17:29:00,51.49,51.52,51.48,51.52,409
2024-11-29 17:30:00,51.53,51.53,51.48,51.49,633
2024-11-29 17:31:00,51.53,51.53,51.53,51.53,270
2024-11-29 17:32:00,51.51,51.545,51.51,51.545,362
2024-11-29 17:33:00,51.49,51.49,51.49,51.49,455
2024-11-29 17:34:00,51.545,51.545,51.52,51.52,207
2024-11-29 17:35:00,51.5,51.5,51.49,51.49,664
2024-11-29 17:37:00,51.5,51.5,51.5,51.5,524
2024-11-29 17:38:00,51.55,51.55,51.55,51.55,176
2024-11-29 17:39:00,51.52,51.52,51.52,51.52,351
2024-11-29 17:40:00,51.51,51.51,51.51,51.51,179
2024-11-29 17:41:00,51.52,51.52,51.52,51.52,166
2024-11-29 17:42:00,51.51,51.57,51.51,51.51,533
2024-11-29 17:43:00,51.5,51.51,51.5,51.51,755
2024-11-29 17:45:00,51.5509,51.58,51.5,51.54,2663
2024-11-29 17:46:00,51.565,51.565,51.565,51.565,144
2024-11-29 17:47:00,51.545,51.545,51.545,51.545,261
2024-11-29 17:48:00,51.555,51.59,51.555,51.59,272
2024-11-29 17:50:00,51.59,51.65,51.55,51.615,6928
2024-11-29 17:53:00,51.645,51.66,51.62,51.645,894
2024-11-29 17:55:00,51.65,51.66,51.63,51.63,2809
2024-11-29 17:56:00,51.62,51.62,51.62,51.62,258
2024-11-29 17:57:00,51.62,51.65,51.62,51.62,2248
2024-11-29 17:58:00,51.64,51.64,51.62,51.62,1045
2024-11-29 17:59:00,51.61,51.63,51.55,51.62,6849
2024-11-29 18:00:00,51.62,51.62,51.62,51.62,19673
2024-12-02 11:42:00,50.71,50.71,50.71,50.71,203
2024-12-02 14:03:00,49.9877,49.9877,49.9877,49.9877,960
2024-12-02 14:16:00,50.21,50.22,50.21,50.22,458
2024-12-02 14:17:00,50.2,50.2,50.2,50.2,111
2024-12-02 14:30:00,50.35,50.49,50.2304,50.3,6132
2024-12-02 14:31:00,50.4,50.4,50.4,50.4,581
2024-12-02 14:32:00,50.315,50.4,50.315,50.4,506
2024-12-02 14:33:00,50.23,50.23,50.23,50.23,846
2024-12-02 14:34:00,50.255,50.255,49.91,49.91,6901
2024-12-02 14:35:00,49.976,49.976,49.976,49.976,1118
2024-12-02 14:36:00,49.96,49.99,49.93,49.93,1852
2024-12-02 14:37:00,49.91,49.91,49.91,49.91,361
2024-12-02 14:40:00,49.9,49.9,49.9,49.9,191
2024-12-02 14:42:00,49.9667,49.9667,49.9667,49.9667,619
2024-12-02 14:43:00,49.91,49.91,49.91,49.91,266
2024-12-02 14:44:00,49.9,49.925,49.86,49.86,2690
2024-12-02 14:47:00,49.93,49.93,49.87,49.87,322
2024-12-02 14:48:00,49.88,49.88,49.88,49.88,130
2024-12-02 14:49:00,49.88,49.9,49.88,49.89,421
2024-12-02 14:51:00,49.91,49.93,49.91,49.93,734
2024-12-02 14:52:00,49.91,49.91,49.91,49.91,245
2024-12-02 14:53:00,49.95,49.95,49.945,49.945,503
2024-12-02 14:54:00,49.94,49.9895,49.9,49.9,2100
2024-12-02 14:56:00,49.93,49.93,49.93,49.93,587
2024-12-02 14:57:00,49.91,49.91,49.91,49.91,315
2024-12-02 14:59:00,49.95,49.95,49.95,49.95,445
2024-12-02 15:00:00,49.93,49.93,49.93,49.93,563
2024-12-02 15:01:00,49.97,50.0,49.935,49.99,5560
2024-12-02 15:02:00,49.93,49.93,49.93,49.93,495
2024-12-02 15:03:00,49.93,49.93,49.92,49.92,824
2024-12-02 15:04:00,49.93,49.93,49.92,49.92,492
2024-12-02 15:05:00,49.95,49.95,49.95,49.95,190
2024-12-02 15:06:00,49.95,49.95,49.95,49.95,1608
2024-12-02 15:08:00,49.98,49.98,49.98,49.98,221
2024-12-02 15:11:00,49.95,49.95,49.95,49.95,224
2024-12-02 15:15:00,49.94,49.94,49.94,49.94,248
2024-12-02 15:16:00,49.95,49.95,49.94,49.94,1357
2024-12-02 15:17:00,49.96,49.98,49.95,49.98,1382
2024-12-02 15:18:00,49.97,49.97,49.97,49.97,155
2024-12-02 15:20:00,49.95,50.02,49.95,49.985,11321
2024-12-02 15:21:00,49.99,50.0,49.975,49.99,1877
2024-12-02 15:22:00,49.98,50.0,49.98,49.9857,1198
2024-12-02 15:23:00,49.985,49.99,49.985,49.99,586
2024-12-02 15:24:00,49.97,49.97,49.97,49.97,813
2024-12-02 15:25:00,49.9993,49.9993,49.96,49.975,775
2024-12-02 15:26:00,49.96,49.9872,49.96,49.96,2551
2024-12-02 15:27:00,49.99,49.995,49.99,49.99,1305
2024-12-02 15:29:00,49.97,50.03,49.97,50.015,6613
2024-12-02 15:30:00,49.99,49.99,49.99,49.99,754
2024-12-02 15:31:00,49.99,50.01,49.99,50.0,8909
2024-12-02 15:32:00,50.07,50.11,50.07,50.1,2365
2024-12-02 15:33:00,50.065,50.07,50.065,50.07,220
2024-12-02 15:35:00,50.1,50.1,50.03,50.06,529
2024-12-02 15:36:00,50.08,50.08,50.08,50.08,1364
2024-12-02 15:37:00,50.06,50.06,50.04,50.05,1850
2024-12-02 15:39:00,50.04,50.04,50.04,50.04,228
2024-12-02 15:41:00,50.065,50.065,50.065,50.065,119
2024-12-02 15:42:00,50.04,50.065,50.04,50.065,286
2024-12-02 15:43:00,50.065,50.065,50.04,50.04,651
2024-12-02 15:45:00,50.04,50.04,50.01,50.02,2154
2024-12-02 15:49:00,50.05,50.05,50.05,50.05,153
2024-12-02 15:50:00,50.01,50.05,50.01,50.05,604
2024-12-02 15:53:00,50.05,50.05,50.05,50.05,248
2024-12-02 15:57:00,50.045,50.045,50.045,50.045,198
2024-12-02 15:58:00,50.045,50.045,50.045,50.045,217
2024-12-02 15:59:00,50.01,50.02,49.975,49.975,3061
2024-12-02 16:04:00,49.98,49.98,49.98,49.98,531
2024-12-02 16:05:00,49.99,50.02,49.99,50.02,733
2024-12-02 16:06:00,50.04,50.04,50.04,50.04,466
2024-12-02 16:07:00,50.04,50.07,50.03,50.055,6605
2024-12-02 16:08:00,50.07,50.07,50.07,50.07,660
2024-12-02 16:09:00,50.05,50.05,50.05,50.05,115
2024-12-02 16:10:00,50.09,50.09,50.05,50.07,2245
2024-12-02 16:11:00,50.05,50.05,50.05,50.05,100
2024-12-02 16:12:00,50.04,50.04,50.0,50.0,1422
2024-12-02 16:13:00,50.02,50.04,50.01,50.04,1396
2024-12-02 16:18:00,49.985,49.985,49.985,49.985,114
2024-12-02 16:19:00,50.02,50.02,50.0,50.0,846
2024-12-02 16:20:00,50.04,50.09,49.99,49.99,3705
2024-12-02 16:21:00,50.04,50.04,50.0,50.04,983
2024-12-02 16:22:00,50.01,50.04,50.0,50.02,1647
2024-12-02 16:23:00,50.04,50.08,49.981,50.01,25229
2024-12-02 16:24:00,49.985,50.06,49.94,50.0,7212
2024-12-02 16:25:00,50.005,50.02,50.0,50.0,2060
2024-12-02 16:26:00,50.01,50.02,49.98,49.98,3486
2024-12-02 16:27:00,49.98,49.98,49.96,49.98,721
2024-12-02 16:29:00,49.96,49.96,49.96,49.96,409
2024-12-02 16:31:00,49.97,49.97,49.97,49.97,165
2024-12-02 16:33:00,49.97,49.97,49.97,49.97,226
2024-12-02 16:34:00,49.93,49.96,49.92,49.96,678
2024-12-02 16:35:00,49.98,50.0,49.975,49.975,1876
2024-12-02 16:37:00,49.975,50.0,49.975,50.0,533
2024-12-02 16:39:00,49.98,49.98,49.98,49.98,214
2024-12-02 16:40:00,50.0,50.0,50.0,50.0,120
2024-12-02 16:42:00,49.995,49.995,49.98,49.98,805
2024-12-02 16:45:00,49.97,49.97,49.97,49.97,232
2024-12-02 16:48:00,49.99,50.0,49.99,50.0,885
2024-12-02 16:50:00,50.0,50.0,49.97,49.97,449
2024-12-02 16:52:00,50.0,50.01,49.96,49.96,1820
2024-12-02 16:55:00,49.96,49.96,49.96,49.96,340
2024-12-02 16:56:00,49.95,49.95,49.95,49.95,129
2024-12-02 16:59:00,49.99,50.02,49.98,50.0,6940
2024-12-02 17:00:00,50.0,50.0,49.98,49.9971,1885
2024-12-02 17:01:00,49.99,49.99,49.99,49.99,209
2024-12-02 17:02:00,49.98,49.98,49.98,49.98,602
2024-12-02 17:03:00,49.98,49.98,49.96,49.96,1361
2024-12-02 17:04:00,49.96,49.97,49.96,49.97,406
2024-12-02 17:05:00,49.96,49.96,49.95,49.95,721
2024-12-02 17:07:00,49.98,49.98,49.98,49.98,329
2024-12-02 17:08:00,50.0192,50.0192,50.0192,50.0192,319
2024-12-02 17:10:00,49.974,50.0013,49.974,50.0013,811
2024-12-02 17:11:00,50.02,50.02,50.0,50.0,2993
2024-12-02 17:14:00,49.99,49.99,49.99,49.99,202
2024-12-02 17:15:00,50.0,50.01,49.9925,50.01,2726
2024-12-02 17:16:00,50.0,50.0,50.0,50.0,332
2024-12-02 17:17:00,50.0,50.0,50.0,50.0,277
2024-12-02 17:18:00,50.0,50.0,50.0,50.0,138
2024-12-02 17:19:00,49.99,49.99,49.99,49.99,802
2024-12-02 17:20:00,49.98,49.98,49.98,49.98,223
2024-12-02 17:23:00,50.0,50.0,50.0,50.0,193
2024-12-02 17:24:00,50.0,50.02,49.99,50.02,7999
2024-12-02 17:25:00,50.0,50.01,50.0,50.005,1023
2024-12-02 17:27:00,49.99,49.99,49.99,49.99,780
2024-12-02 17:28:00,49.98,49.98,49.98,49.98,752
2024-12-02 17:29:00,49.95,49.95,49.95,49.95,236
2024-12-02 17:32:00,50.0,50.0,49.98,49.98,720
2024-12-02 17:33:00,49.97,49.9992,49.97,49.9992,713
2024-12-02 17:35:00,49.975,49.975,49.975,49.975,274
2024-12-02 17:36:00,49.99,50.02,49.99,50.02,394
2024-12-02 17:39:00,50.0,50.0,50.0,50.0,117
2024-12-02 17:40:00,49.99,49.99,49.966,49.966,1693
2024-12-02 17:41:00,49.995,49.995,49.995,49.995,241
2024-12-02 17:42:00,50.0145,50.0145,49.99,49.99,1646
2024-12-02 17:43:00,50.0,50.04,50.0,50.02,9561
2024-12-02 17:44:00,50.005,50.02,50.005,50.02,1496
2024-12-02 17:45:00,50.005,50.005,50.005,50.005,149
2024-12-02 17:46:00,50.01,50.01,50.01,50.01,604
2024-12-02 17:48:00,50.0,50.0,50.0,50.0,413
2024-12-02 17:50:00,49.99,49.99,49.99,49.99,962
2024-12-02 17:51:00,49.98,49.98,49.98,49.98,153
2024-12-02 17:53:00,49.98,49.98,49.98,49.98,731
2024-12-02 17:58:00,49.98,49.98,49.98,49.98,696
2024-12-02 17:59:00,49.97,49.97,49.97,49.97,341
2024-12-02 18:02:00,49.9601,49.9601,49.9601,49.9601,226
2024-12-02 18:03:00,49.96,49.96,49.96,49.96,397
2024-12-02 18:14:00,50.0128,50.0128,50.0128,50.0128,299
2024-12-02 18:15:00,49.98,49.98,49.98,49.98,328
2024-12-02 18:18:00,49.995,50.015,49.97,50.015,3164
2024-12-02 18:19:00,49.98,49.98,49.98,49.98,332
2024-12-02 18:20:00,49.995,49.995,49.96,49.96,815
2024-12-02 18:25:00,49.99,49.99,49.97,49.97,219
2024-12-02 18:31:00,49.99,49.99,49.99,49.99,105
2024-12-02 18:32:00,49.97,49.99,49.97,49.97,1314
2024-12-02 18:37:00,50.0111,50.0114,49.995,50.0114,697
2024-12-02 18:38:00,50.0108,50.0108,49.995,49.995,308
2024-12-02 18:39:00,49.995,49.995,49.995,49.995,202
2024-12-02 18:40:00,49.98,49.98,49.9707,49.9707,1264
2024-12-02 18:41:00,49.9999,49.9999,49.9999,49.9999,128
2024-12-02 18:42:00,49.99,50.01,49.99,50.01,204
2024-12-02 18:44:00,50.0114,50.0114,50.0114,50.0114,255
2024-12-02 18:45:00,50.02,50.02,49.995,49.995,6211
2024-12-02 18:46:00,50.0,50.02,49.99,50.0,3265
2024-12-02 18:47:00,49.98,49.98,49.96,49.96,2143
2024-12-02 18:49:00,49.97,49.97,49.97,49.97,110
2024-12-02 18:50:00,49.97,49.97,49.97,49.97,541
2024-12-02 18:51:00,49.97,49.98,49.97,49.98,1026
2024-12-02 18:52:00,50.0,50.0,49.99,49.99,1619
2024-12-02 18:53:00,49.99,50.01,49.99,50.0,1807
2024-12-02 18:55:00,50.02,50.02,50.0,50.0,1374
2024-12-02 18:57:00,49.99,50.02,49.99,50.0,1394
2024-12-02 19:00:00,49.99,49.99,49.98,49.98,1414
2024-12-02 19:01:00,49.98,49.98,49.98,49.98,193
2024-12-02 19:02:00,49.97,49.97,49.97,49.97,321
2024-12-02 19:03:00,49.98,49.98,49.98,49.98,307
2024-12-02 19:04:00,49.97,49.97,49.97,49.97,103
2024-12-02 19:06:00,49.97,49.97,49.97,49.97,541
2024-12-02 19:10:00,49.96,49.96,49.96,49.96,114
2024-12-02 19:11:00,49.97,49.97,49.92,49.96,2742
2024-12-02 19:15:00,49.99,49.99,49.94,49.94,586
2024-12-02 19:16:00,49.9475,49.9475,49.9475,49.9475,471
2024-12-02 19:17:00,49.94,49.965,49.94,49.965,248
2024-12-02 19:19:00,49.9654,49.9654,49.95,49.95,649
2024-12-02 19:20:00,49.94,49.965,49.94,49.965,311
2024-12-02 19:22:00,49.96,49.96,49.96,49.96,197
2024-12-02 19:24:00,49.96,49.96,49.96,49.96,102
2024-12-02 19:25:00,49.9405,49.942,49.94,49.94,1258
2024-12-02 19:26:00,49.94,49.94,49.92,49.92,1659
2024-12-02 19:27:00,49.92,49.92,49.92,49.92,356
2024-12-02 19:29:00,49.92,49.925,49.92,49.925,737
2024-12-02 19:30:00,49.9,49.91,49.9,49.9,1076
2024-12-02 19:31:00,49.9,49.9,49.9,49.9,120
2024-12-02 19:32:00,49.92,49.96,49.88,49.96,4198
2024-12-02 19:33:00,49.965,49.965,49.965,49.965,205
2024-12-02 19:34:00,49.98,49.99,49.98,49.99,1111
2024-12-02 19:36:00,49.99,50.01,49.99,50.01,1726
2024-12-02 19:37:00,50.01,50.02,50.0,50.005,1671
2024-12-02 19:38:00,50.02,50.02,50.0,50.005,1714
2024-12-02 19:39:00,49.9901,50.0,49.9901,50.0,876
2024-12-02 19:40:00,49.99,49.99,49.98,49.985,733
2024-12-02 19:41:00,49.99,49.99,49.98,49.98,364
2024-12-02 19:42:00,49.98,49.98,49.97,49.97,989
2024-12-02 19:44:00,49.96,49.96,49.945,49.95,1047
2024-12-02 19:45:00,49.96,49.96,49.96,49.96,181
2024-12-02 19:46:00,49.96,49.97,49.96,49.965,1365
2024-12-02 19:51:00,49.97,49.97,49.96,49.96,1211
2024-12-02 19:52:00,49.952,49.9737,49.95,49.9737,622
2024-12-02 19:54:00,49.94,49.97,49.94,49.97,294
2024-12-02 19:56:00,49.9403,49.9403,49.9403,49.9403,232
2024-12-02 19:58:00,49.94,49.94,49.94,49.94,263
2024-12-02 20:00:00,49.94,49.94,49.94,49.94,383
2024-12-02 20:01:00,49.94,49.97,49.94,49.94,895
2024-12-02 20:04:00,49.93,49.93,49.93,49.93,482
2024-12-02 20:05:00,49.95,49.95,49.95,49.95,124
2024-12-02 20:06:00,49.93,49.93,49.93,49.93,142
2024-12-02 20:07:00,49.93,49.93,49.93,49.93,214
2024-12-02 20:09:00,49.93,49.94,49.93,49.94,235
2024-12-02 20:14:00,49.93,49.94,49.93,49.94,1354
2024-12-02 20:15:00,49.95,50.02,49.95,50.01,7246
2024-12-02 20:16:00,50.0,50.02,49.99,50.0,1980
2024-12-02 20:17:00,50.0,50.0,50.0,50.0,156
2024-12-02 20:18:00,50.005,50.01,50.0,50.01,950
2024-12-02 20:19:00,50.01,50.01,49.99,50.0,1673
2024-12-02 20:20:00,49.98,49.98,49.98,49.98,784
2024-12-02 20:21:00,49.97,49.99,49.97,49.99,407
2024-12-02 20:23:00,49.99,50.02,49.97,50.0,5533
2024-12-02 20:24:00,50.0,50.005,50.0,50.005,469
2024-12-02 20:25:00,50.0,50.0,49.99,50.0,821
2024-12-02 20:26:00,50.0,50.005,49.98,49.99,1732
2024-12-02 20:27:00,49.98,49.98,49.98,49.98,205
2024-12-02 20:29:00,49.99,49.99,49.98,49.98,1554
2024-12-02 20:30:00,49.98,49.985,49.98,49.985,316
2024-12-02 20:33:00,49.9809,49.99,49.945,49.989,8427
2024-12-02 20:35:00,49.989,49.989,49.989,49.989,301
2024-12-02 20:37:00,49.96,49.975,49.96,49.975,337
2024-12-02 20:38:00,49.98,49.98,49.98,49.98,243
2024-12-02 20:39:00,49.96,49.96,49.95,49.95,1697
2024-12-02 20:40:00,49.94,49.94,49.94,49.94,404
2024-12-02 20:41:00,49.955,49.955,49.955,49.955,203
2024-12-02 20:42:00,49.979,49.979,49.93,49.93,207
2024-12-02 20:43:00,49.93,49.95,49.93,49.95,1377
2024-12-02 20:44:00,49.955,49.955,49.955,49.955,463
2024-12-02 20:45:00,49.93,49.93,49.93,49.93,472
2024-12-02 20:46:00,49.94,49.94,49.93,49.93,426
2024-12-02 20:47:00,49.955,49.955,49.93,49.93,438
2024-12-02 20:48:00,49.93,49.93,49.93,49.93,246
2024-12-02 20:49:00,49.94,49.98,49.94,49.98,1016
2024-12-02 20:50:00,49.98,49.98,49.9557,49.9557,4178
2024-12-02 20:51:00,49.96,49.96,49.96,49.96,691
2024-12-02 20:52:00,49.96,49.98,49.96,49.98,3550
2024-12-02 20:53:00,49.97,49.97,49.96,49.97,3026
2024-12-02 20:54:00,49.94,49.95,49.94,49.94,1693
2024-12-02 20:55:00,49.94,49.94,49.88,49.892,4150
2024-12-02 20:56:00,49.93,49.93,49.91,49.93,1968
2024-12-02 20:57:00,49.93,49.93,49.91,49.91,4003
2024-12-02 20:58:00,49.93,49.94,49.91,49.935,3625
2024-12-02 20:59:00,49.935,49.98,49.92,49.92,8816
2024-12-02 21:00:00,49.95,49.95,49.95,49.95,160
2024-12-03 13:36:00,49.65,49.66,49.55,49.55,1507
2024-12-03 13:43:00,49.0,49.01,49.0,49.01,847
2024-12-03 13:50:00,48.84,48.84,48.84,48.84,471
2024-12-03 13:55:00,48.14,48.14,48.14,48.14,505
2024-12-03 14:06:00,48.04,48.04,48.01,48.01,699
2024-12-03 14:07:00,48.01,48.01,48.0,48.0,357
2024-12-03 14:15:00,47.8,47.8,47.78,47.78,629
2024-12-03 14:17:00,47.54,47.54,47.5,47.5,1454
2024-12-03 14:29:00,47.41,47.44,47.39,47.39,2082
2024-12-03 14:30:00,47.17,47.17,46.94,47.02,1147
2024-12-03 14:31:00,46.89,47.02,46.89,46.94,1002
2024-12-03 14:32:00,46.76,46.98,46.76,46.92,20266
2024-12-03 14:33:00,46.87,47.08,46.87,47.03,5387
2024-12-03 14:34:00,47.03,47.03,46.9441,46.955,1154
2024-12-03 14:35:00,46.93,47.08,46.9,47.08,3693
2024-12-03 14:36:00,47.09,47.12,47.04,47.1,4949
2024-12-03 14:37:00,47.07,47.094,47.01,47.02,2796
2024-12-03 14:38:00,47.005,47.005,46.845,46.89,2059
2024-12-03 14:39:00,46.9,46.9,46.9,46.9,2116
2024-12-03 14:40:00,46.99,47.13,46.99,47.13,3263
2024-12-03 14:41:00,47.14,47.14,46.995,47.01,5931
2024-12-03 14:42:00,46.96,46.96,46.96,46.96,311
2024-12-03 14:43:00,47.062,47.062,46.82,46.905,1631
2024-12-03 14:45:00,46.86,46.9,46.86,46.9,490
2024-12-03 14:46:00,46.915,46.915,46.83,46.83,1332
2024-12-03 14:49:00,46.87,46.87,46.86,46.86,897
2024-12-03 14:50:00,46.9,46.905,46.9,46.905,847
2024-12-03 14:51:00,46.82,46.82,46.82,46.82,738
2024-12-03 14:52:00,46.81,46.81,46.6564,46.75,3262
2024-12-03 14:53:00,46.74,46.76,46.69,46.7,3257
2024-12-03 14:54:00,46.7,46.7527,46.7,46.72,1279
2024-12-03 14:55:00,46.67,46.74,46.53,46.56,9726
2024-12-03 14:56:00,46.56,46.61,46.5,46.57,6575
2024-12-03 14:57:00,46.585,46.645,46.585,46.645,548
2024-12-03 14:58:00,46.61,46.61,46.57,46.575,1339
2024-12-03 14:59:00,46.69,46.69,46.61,46.63,960
2024-12-03 15:00:00,46.57,46.57,46.49,46.49,2044
2024-12-03 15:01:00,46.5227,46.5227,46.27,46.33,19731
2024-12-03 15:02:00,46.33,46.33,46.1471,46.16,1346
2024-12-03 15:03:00,46.15,46.275,46.14,46.25,3513
2024-12-03 15:04:00,46.275,46.46,46.16,46.37,14699
2024-12-03 15:05:00,46.31,46.31,46.04,46.0401,10345
2024-12-03 15:06:00,46.2999,46.2999,46.2999,46.2999,1655
2024-12-03 15:07:00,46.1973,46.24,46.1,46.11,6219
2024-12-03 15:08:00,46.18,46.315,46.18,46.315,1249
2024-12-03 15:09:00,46.32,46.3837,46.2,46.2,6265
2024-12-03 15:10:00,46.27,46.34,46.24,46.28,2649
2024-12-03 15:11:00,46.21,46.26,46.1,46.15,7812
2024-12-03 15:12:00,46.1289,46.1289,46.1289,46.1289,614
2024-12-03 15:13:00,46.15,46.17,46.15,46.17,399
2024-12-03 15:14:00,46.15,46.15,46.05,46.08,3838
2024-12-03 15:15:00,46.0693,46.09,46.0693,46.08,600
2024-12-03 15:16:00,46.12,46.1883,46.085,46.1883,4629
2024-12-03 15:17:00,46.23,46.24,46.16,46.21,2704
2024-12-03 15:18:00,46.23,46.26,46.21,46.26,1042
2024-12-03 15:20:00,46.36,46.36,46.36,46.36,121
2024-12-03 15:21:00,46.3234,46.3234,46.3234,46.3234,1189
2024-12-03 15:22:00,46.47,46.6,46.47,46.6,5578
2024-12-03 15:23:00,46.6,46.79,46.6,46.71,5860
2024-12-03 15:24:00,46.72,46.76,46.72,46.76,682
2024-12-03 15:25:00,46.72,46.77,46.67,46.77,3759
2024-12-03 15:26:00,46.8199,46.8199,46.745,46.745,1249
2024-12-03 15:27:00,46.745,46.75,46.74,46.74,914
2024-12-03 15:28:00,46.7,46.8836,46.7,46.8144,1328
2024-12-03 15:29:00,46.905,46.905,46.81,46.81,1868
2024-12-03 15:30:00,46.76,46.8728,46.76,46.83,1418
2024-12-03 15:31:00,46.83,46.87,46.82,46.87,1998
2024-12-03 15:32:00,46.87,46.93,46.87,46.93,638
2024-12-03 15:33:00,46.98,47.0,46.93,47.0,7366
2024-12-03 15:34:00,47.0,47.07,47.0,47.07,8501
2024-12-03 15:35:00,47.1,47.22,47.1,47.17,3174
2024-12-03 15:36:00,47.13,47.48,47.13,47.25,6156
2024-12-03 15:37:00,47.18,47.18,47.14,47.14,2499
2024-12-03 15:38:00,47.125,47.125,46.9,46.98,6346
2024-12-03 15:39:00,46.98,47.06,46.98,47.06,1370
2024-12-03 15:40:00,47.09,47.09,47.03,47.03,1535
2024-12-03 15:41:00,47.0482,47.09,47.0482,47.07,1362
2024-12-03 15:42:00,47.083,47.083,47.005,47.03,1134
2024-12-03 15:43:00,47.06,47.16,47.06,47.135,2526
2024-12-03 15:44:00,47.21,47.24,47.16,47.174,3093
2024-12-03 15:45:00,47.1913,47.225,47.1719,47.19,3161
2024-12-03 15:46:00,47.26,47.26,47.11,47.11,2793
2024-12-03 15:47:00,47.12,47.12,47.06,47.07,996
2024-12-03 15:48:00,47.1216,47.1216,47.1216,47.1216,426
2024-12-03 15:49:00,47.21,47.4182,47.2,47.4182,2864
2024-12-03 15:50:00,47.35,47.42,47.35,47.42,1291
2024-12-03 15:51:00,47.495,47.495,47.22,47.38,3474
2024-12-03 15:52:00,47.3042,47.35,47.249,47.35,1606
2024-12-03 15:53:00,47.32,47.34,47.32,47.34,901
2024-12-03 15:54:00,47.38,47.46,47.38,47.45,4820
2024-12-03 15:55:00,47.39,47.39,47.37,47.37,347
2024-12-03 15:56:00,47.41,47.46,47.41,47.41,1361
2024-12-03 15:57:00,47.41,47.41,47.41,47.41,931
2024-12-03 15:58:00,47.4,47.4,47.31,47.31,2196
2024-12-03 16:00:00,47.435,47.51,47.435,47.51,1355
2024-12-03 16:01:00,47.68,47.83,47.6,47.83,2560
2024-12-03 16:02:00,47.86,47.95,47.775,47.9,8791
2024-12-03 16:03:00,47.92,47.95,47.89,47.95,3227
2024-12-03 16:04:00,47.92,48.0,47.87,47.91,4255
2024-12-03 16:05:00,47.98,48.01,47.92,47.92,10081
2024-12-03 16:06:00,47.88,47.96,47.84,47.84,4573
2024-12-03 16:07:00,47.9006,47.91,47.79,47.82,1075
2024-12-03 16:08:00,47.93,48.0,47.88,47.91,5141
2024-12-03 16:09:00,47.8716,47.8716,47.8716,47.8716,1183
2024-12-03 16:10:00,47.87,48.0,47.86,48.0,1878
2024-12-03 16:11:00,48.0,48.0,47.94,47.98,2710
2024-12-03 16:12:00,47.9601,48.015,47.92,47.92,1176
2024-12-03 16:13:00,47.88,47.96,47.88,47.96,827
2024-12-03 16:14:00,47.985,48.01,47.97,48.01,1868
2024-12-03 16:15:00,48.0,48.025,47.92,47.92,4141
2024-12-03 16:16:00,47.965,47.965,47.92,47.965,4300
2024-12-03 16:17:00,47.965,47.965,47.92,47.96,1057
2024-12-03 16:18:00,47.92,48.0,47.92,48.0,3434
2024-12-03 16:19:00,47.94,47.94,47.93,47.93,954
2024-12-03 16:20:00,47.925,48.05,47.92,47.95,4938
2024-12-03 16:21:00,47.98,47.98,47.89,47.89,3640
2024-12-03 16:22:00,47.8756,47.89,47.78,47.78,2847
2024-12-03 16:23:00,47.78,47.89,47.72,47.855,3686
2024-12-03 16:24:00,47.87,47.91,47.81,47.85,2415
2024-12-03 16:25:00,47.8,47.82,47.79,47.79,909
2024-12-03 16:26:00,47.8062,47.8062,47.8062,47.8062,1100
2024-12-03 16:27:00,47.88,47.88,47.88,47.88,544
2024-12-03 16:28:00,47.96,47.96,47.82,47.85,4561
2024-12-03 16:29:00,47.85,47.85,47.85,47.85,177
2024-12-03 16:30:00,47.82,47.82,47.82,47.82,418
2024-12-03 16:31:00,47.87,47.87,47.87,47.87,146
2024-12-03 16:32:00,47.82,47.85,47.8,47.81,1456
2024-12-03 16:33:00,47.8799,47.8799,47.81,47.81,347
2024-12-03 16:34:00,47.8,47.8327,47.78,47.78,2113
2024-12-03 16:35:00,47.78,47.79,47.72,47.72,968
2024-12-03 16:36:00,47.76,47.76,47.75,47.75,432
2024-12-03 16:37:00,47.76,47.76,47.75,47.75,452
2024-12-03 16:38:00,47.75,47.75,47.69,47.74,1786
2024-12-03 16:39:00,47.73,47.73,47.73,47.73,575
2024-12-03 16:40:00,47.63,47.72,47.55,47.55,7375
2024-12-03 16:41:00,47.52,47.56,47.52,47.56,561
2024-12-03 16:42:00,47.64,47.64,47.57,47.57,1051
2024-12-03 16:43:00,47.58,47.58,47.36,47.47,3037
2024-12-03 16:44:00,47.39,47.39,47.31,47.365,989
2024-12-03 16:45:00,47.365,47.42,47.365,47.38,1082
2024-12-03 16:46:00,47.45,47.45,47.37,47.41,1989
2024-12-03 16:47:00,47.32,47.37,47.32,47.37,1175
2024-12-03 16:48:00,47.34,47.35,47.33,47.33,376
2024-12-03 16:49:00,47.37,47.41,47.37,47.39,1450
2024-12-03 16:52:00,47.39,47.39,47.39,47.39,305
2024-12-03 16:53:00,47.39,47.39,47.38,47.38,656
2024-12-03 16:55:00,47.39,47.39,47.39,47.39,311
2024-12-03 16:57:00,47.48,47.48,47.43,47.48,1515
2024-12-03 16:58:00,47.4,47.4325,47.4,47.4325,1361
2024-12-03 16:59:00,47.4,47.4,47.4,47.4,262
2024-12-03 17:00:00,47.38,47.42,47.37,47.42,673
2024-12-03 17:01:00,47.47,47.47,47.45,47.47,1548
2024-12-03 17:03:00,47.56,47.63,47.55,47.63,4457
2024-12-03 17:04:00,47.63,47.64,47.63,47.64,750
2024-12-03 17:05:00,47.6,47.6,47.6,47.6,241
2024-12-03 17:06:00,47.595,47.63,47.595,47.605,825
2024-12-03 17:08:00,47.605,47.605,47.605,47.605,276
2024-12-03 17:09:00,47.569,47.64,47.569,47.64,1251
2024-12-03 17:11:00,47.65,47.65,47.615,47.615,809
2024-12-03 17:12:00,47.615,47.615,47.615,47.615,132
2024-12-03 17:16:00,47.615,47.65,47.615,47.65,2028
2024-12-03 17:17:00,47.7,47.7,47.7,47.7,255
2024-12-03 17:19:00,47.71,47.71,47.68,47.68,1260
2024-12-03 17:20:00,47.695,47.695,47.68,47.68,554
2024-12-03 17:21:00,47.69,47.69,47.61,47.61,3255
2024-12-03 17:24:00,47.61,47.61,47.61,47.61,354
2024-12-03 17:26:00,47.67,47.67,47.67,47.67,405
2024-12-03 17:27:00,47.68,47.81,47.68,47.8,4676
2024-12-03 17:28:00,47.79,47.7999,47.79,47.7999,518
2024-12-03 17:29:00,47.8,47.8,47.8,47.8,164
2024-12-03 17:31:00,47.78,47.78,47.78,47.78,266
2024-12-03 17:32:00,47.8,47.85,47.8,47.84,2281
2024-12-03 17:33:00,47.84,47.86,47.84,47.86,404
2024-12-03 17:34:00,47.865,47.865,47.865,47.865,327
2024-12-03 17:35:00,47.92,47.925,47.85,47.85,3087
2024-12-03 17:36:00,47.855,47.855,47.855,47.855,336
2024-12-03 17:37:00,47.83,47.86,47.83,47.86,341
2024-12-03 17:38:00,47.83,47.85,47.82,47.82,1307
2024-12-03 17:39:00,47.89,47.89,47.82,47.82,1299
2024-12-03 17:40:00,47.82,47.82,47.82,47.82,540
2024-12-03 17:41:00,47.81,47.81,47.81,47.81,283
2024-12-03 17:42:00,47.8,47.825,47.78,47.78,1015
2024-12-03 17:43:00,47.775,47.7869,47.775,47.775,986
2024-12-03 17:44:00,47.79,47.8,47.68,47.7,13981
2024-12-03 17:45:00,47.72,47.775,47.72,47.775,513
2024-12-03 17:46:00,47.76,47.76,47.76,47.76,648
2024-12-03 17:47:00,47.742,47.7826,47.71,47.7534,4969
2024-12-03 17:48:00,47.7,47.7,47.7,47.7,362
2024-12-03 17:49:00,47.735,47.735,47.7,47.7,1246
2024-12-03 17:50:00,47.77,47.77,47.77,47.77,160
2024-12-03 17:51:00,47.735,47.735,47.735,47.735,489
2024-12-03 17:52:00,47.7,47.7,47.7,47.7,374
2024-12-03 17:53:00,47.71,47.7327,47.71,47.7327,647
2024-12-03 17:54:00,47.74,47.74,47.74,47.74,126
2024-12-03 17:55:00,47.75,47.75,47.72,47.72,1204
2024-12-03 17:56:00,47.71,47.71,47.71,47.71,377
2024-12-03 17:57:00,47.745,47.835,47.745,47.835,6107
2024-12-03 17:58:00,47.835,47.835,47.835,47.835,371
2024-12-03 17:59:00,47.8,47.8,47.78,47.78,1218
2024-12-03 18:00:00,47.765,47.765,47.765,47.765,251
2024-12-03 18:01:00,47.765,47.765,47.765,47.765,1021
2024-12-03 18:02:00,47.765,47.765,47.765,47.765,631
2024-12-03 18:03:00,47.82,47.82,47.82,47.82,1189
2024-12-03 18:04:00,47.86,47.88,47.85,47.88,2827
2024-12-03 18:05:00,47.85,47.88,47.83,47.84,5032
2024-12-03 18:06:00,47.835,47.835,47.835,47.835,428
2024-12-03 18:09:00,47.83,47.83,47.83,47.83,586
2024-12-03 18:10:00,47.82,47.82,47.77,47.79,8295
2024-12-03 18:11:00,47.84,47.84,47.81,47.815,1980
2024-12-03 18:12:00,47.78,47.82,47.78,47.82,335
2024-12-03 18:13:00,47.85,47.85,47.79,47.79,622
2024-12-03 18:14:00,47.7901,47.835,47.7901,47.835,1046
2024-12-03 18:15:00,47.835,47.84,47.835,47.84,621
2024-12-03 18:16:00,47.83,47.86,47.83,47.86,594
2024-12-03 18:17:00,47.86,47.86,47.85,47.85,4128
2024-12-03 18:18:00,47.8301,47.865,47.8301,47.865,501
2024-12-03 18:19:00,47.875,47.91,47.8734,47.91,1443
2024-12-03 18:20:00,47.91,47.92,47.91,47.92,1301
2024-12-03 18:21:00,47.96,47.96,47.954,47.954,934
2024-12-03 18:22:00,47.96,47.975,47.92,47.95,7119
2024-12-03 18:23:00,47.96,47.97,47.94,47.94,6336
2024-12-03 18:24:00,47.94,47.9688,47.93,47.95,2537
2024-12-03 18:25:00,47.95,47.95,47.95,47.95,956
2024-12-03 18:26:00,47.95,47.95,47.94,47.94,834
2024-12-03 18:27:00,47.95,47.95,47.79,47.89,4118
2024-12-03 18:28:00,47.89,47.89,47.84,47.84,1208
2024-12-03 18:29:00,47.83,47.83,47.83,47.83,306
2024-12-03 18:30:00,47.885,47.885,47.8556,47.8705,616
2024-12-03 18:31:00,47.8678,47.8928,47.8678,47.8928,706
2024-12-03 18:32:00,47.85,47.85,47.85,47.85,364
2024-12-03 18:33:00,47.85,47.85,47.85,47.85,129
2024-12-03 18:34:00,47.85,47.85,47.84,47.84,528
2024-12-03 18:35:00,47.81,47.82,47.81,47.82,810
2024-12-03 18:36:00,47.81,47.85,47.78,47.79,2504
2024-12-03 18:37:00,47.8,47.81,47.8,47.81,691
2024-12-03 18:38:00,47.8,47.85,47.8,47.835,3222
2024-12-03 18:39:00,47.83,47.83,47.83,47.83,263
2024-12-03 18:40:00,47.8501,47.89,47.8501,47.89,258
2024-12-03 18:41:00,47.85,47.85,47.82,47.82,1414
2024-12-03 18:42:00,47.81,47.93,47.81,47.82,1134
2024-12-03 18:44:00,47.82,47.82,47.78,47.8,913
2024-12-03 18:45:00,47.855,47.855,47.78,47.78,843
2024-12-03 18:46:00,47.82,47.82,47.82,47.82,301
2024-12-03 18:47:00,47.82,47.82,47.82,47.82,530
2024-12-03 18:48:00,47.84,47.84,47.84,47.84,284
2024-12-03 18:49:00,47.88,47.88,47.88,47.88,370
2024-12-03 18:50:00,47.89,47.89,47.89,47.89,522
2024-12-03 18:51:00,47.88,47.88,47.88,47.88,418
2024-12-03 18:52:00,47.85,47.85,47.83,47.83,600
2024-12-03 18:53:00,47.85,47.85,47.83,47.83,444
2024-12-03 18:54:00,47.88,47.88,47.83,47.83,599
2024-12-03 18:55:00,47.88,47.88,47.83,47.83,520
2024-12-03 18:56:00,47.83,47.83,47.83,47.83,381
2024-12-03 18:57:00,47.83,47.88,47.83,47.84,559
2024-12-03 18:59:00,47.85,47.86,47.85,47.86,647
2024-12-03 19:00:00,47.85,47.85,47.85,47.85,356
2024-12-03 19:01:00,47.85,47.85,47.85,47.85,304
2024-12-03 19:02:00,47.8501,47.8501,47.82,47.82,1493
2024-12-03 19:04:00,47.81,47.81,47.81,47.81,216
2024-12-03 19:05:00,47.8,47.8,47.8,47.8,603
2024-12-03 19:06:00,47.93,47.93,47.81,47.92,556
2024-12-03 19:07:00,47.81,47.81,47.8,47.8,401
2024-12-03 19:08:00,47.8,47.8,47.8,47.8,640
2024-12-03 19:09:00,47.81,47.81,47.81,47.81,384
2024-12-03 19:10:00,47.8,47.8,47.8,47.8,588
2024-12-03 19:11:00,47.79,47.79,47.78,47.78,727
2024-12-03 19:12:00,47.78,47.78,47.78,47.78,468
2024-12-03 19:13:00,47.79,47.79,47.79,47.79,722
2024-12-03 19:14:00,47.87,47.87,47.79,47.79,489
2024-12-03 19:15:00,47.79,47.79,47.79,47.79,157
2024-12-03 19:16:00,47.79,47.79,47.78,47.78,971
2024-12-03 19:17:00,47.78,47.78,47.78,47.78,435
2024-12-03 19:19:00,47.78,47.87,47.78,47.86,2652
2024-12-03 19:21:00,47.81,47.81,47.81,47.81,613
2024-12-03 19:22:00,47.89,47.89,47.8,47.8,478
2024-12-03 19:23:00,47.8,47.83,47.8,47.8,468
2024-12-03 19:24:00,47.8,47.8799,47.8,47.8,2390
2024-12-03 19:25:00,47.83,47.86,47.78,47.86,652
2024-12-03 19:26:00,47.82,47.82,47.78,47.78,647
2024-12-03 19:27:00,47.8,47.81,47.78,47.79,1311
2024-12-03 19:28:00,47.82,47.87,47.82,47.87,4642
2024-12-03 19:29:00,47.86,48.04,47.84,47.99,24063
2024-12-03 19:30:00,47.98,48.05,47.95,47.95,62807
2024-12-03 19:31:00,47.945,48.0,47.8701,48.0,5057
2024-12-03 19:32:00,47.94,47.99,47.86,47.97,5769
2024-12-03 19:33:00,47.99,47.99,47.87,47.96,4274
2024-12-03 19:34:00,47.94,48.0225,47.94,47.9757,9437
2024-12-03 19:35:00,47.93,47.97076,47.87,47.95,5550
2024-12-03 19:36:00,47.94,48.0,47.93,48.0,914
2024-12-03 19:37:00,47.94,47.94,47.94,47.94,502
2024-12-03 19:38:00,47.94,47.94,47.83,47.86,2533
2024-12-03 19:39:00,47.86,47.885,47.78,47.86,5728
2024-12-03 19:40:00,47.9,47.92,47.86,47.92,2956
2024-12-03 19:41:00,47.89,47.89,47.86,47.86,1032
2024-12-03 19:42:00,47.86,47.89,47.86,47.89,766
2024-12-03 19:43:00,47.84,47.8418,47.79,47.79,1454
2024-12-03 19:44:00,47.86,47.93,47.81,47.82,5621
2024-12-03 19:45:00,47.83,47.83,47.83,47.83,625
2024-12-03 19:46:00,47.82,47.82,47.79,47.79,1688
2024-12-03 19:47:00,47.82,47.82,47.81,47.81,586
2024-12-03 19:48:00,47.85,47.85,47.85,47.85,1201
2024-12-03 19:49:00,47.81,47.81,47.81,47.81,382
2024-12-03 19:50:00,47.845,47.845,47.845,47.845,1045
2024-12-03 19:51:00,47.79,47.79,47.79,47.79,1035
2024-12-03 19:52:00,47.78,47.79,47.77,47.78,2637
2024-12-03 19:53:00,47.76,47.89,47.76,47.89,847
2024-12-03 19:55:00,47.79,47.845,47.76,47.845,3709
2024-12-03 19:56:00,47.8,47.89,47.8,47.84,2556
2024-12-03 19:57:00,47.84,47.85,47.84,47.85,553
2024-12-03 19:58:00,47.84,47.85,47.84,47.84,1209
2024-12-03 19:59:00,47.8899,47.8899,47.8899,47.8899,681
2024-12-03 20:00:00,47.86,47.95,47.85,47.92,5182
2024-12-03 20:01:00,47.95,47.97,47.8901,47.8901,3393
2024-12-03 20:02:00,47.99,47.99,47.99,47.99,614
2024-12-03 20:03:00,47.97,47.97,47.935,47.935,1601
2024-12-03 20:04:00,47.9696,47.9696,47.9696,47.9696,422
2024-12-03 20:05:00,47.96,47.96,47.96,47.96,347
2024-12-03 20:06:00,47.935,47.94,47.935,47.94,547
2024-12-03 20:08:00,47.94,47.94,47.94,47.94,882
2024-12-03 20:09:00,47.95,47.95,47.91,47.925,3522
2024-12-03 20:10:00,47.91,47.95,47.82,47.82,2883
2024-12-03 20:11:00,47.87,47.87,47.82,47.8385,1812
2024-12-03 20:12:00,47.82,47.82,47.78,47.78,4683
2024-12-03 20:13:00,47.78,47.8,47.775,47.79,4475
2024-12-03 20:14:00,47.775,47.81,47.775,47.79,3485
2024-12-03 20:15:00,47.79,47.81,47.77,47.8,8492
2024-12-03 20:16:00,47.79,47.79,47.78,47.78,2295
2024-12-03 20:18:00,47.78,47.78,47.78,47.78,601
2024-12-03 20:19:00,47.78,47.78,47.78,47.78,590
2024-12-03 20:20:00,47.78,47.862465,47.78,47.862465,17652
2024-12-03 20:21:00,47.87,47.87,47.87,47.87,467
2024-12-03 20:22:00,47.86,47.86,47.86,47.86,1877
2024-12-03 20:23:00,47.875,47.95,47.875,47.9,4807
2024-12-03 20:24:00,47.94,47.94,47.94,47.94,591
2024-12-03 20:26:00,47.94,47.99,47.94,47.99,2757
2024-12-03 20:27:00,47.98,47.98,47.98,47.98,437
2024-12-03 20:28:00,48.0,48.0,47.995,47.995,1338
2024-12-03 20:29:00,48.0,48.0225,47.99,48.0,1670
2024-12-03 20:30:00,47.97,47.99,47.9501,47.985,3083
2024-12-03 20:31:00,47.985,47.985,47.985,47.985,602
2024-12-03 20:32:00,47.985,47.985,47.91,47.95,5538
2024-12-03 20:33:00,47.84,47.84,47.84,47.84,587
2024-12-03 20:34:00,47.83,47.85,47.8,47.8,6879
2024-12-03 20:35:00,47.78,47.87,47.77,47.87,1069
2024-12-03 20:36:00,47.78,47.78,47.78,47.78,960
2024-12-03 20:37:00,47.76,47.81,47.755,47.79,5978
2024-12-03 20:38:00,47.79,47.79,47.79,47.79,682
2024-12-03 20:39:00,47.79,47.83,47.7501,47.81,3683
2024-12-03 20:40:00,47.79,47.8098,47.78,47.8098,3306
2024-12-03 20:41:00,47.82,47.82,47.82,47.82,600
2024-12-03 20:42:00,47.79,47.79,47.78,47.79,819
2024-12-03 20:43:00,47.78,47.83,47.78,47.82,6903
2024-12-03 20:44:00,47.8,47.805,47.8,47.805,375
2024-12-03 20:45:00,47.81,47.81,47.81,47.81,854
2024-12-03 20:46:00,47.82,47.845,47.81,47.84,7397
2024-12-03 20:47:00,47.84,47.8585,47.83,47.83,1994
2024-12-03 20:48:00,47.81,47.83,47.81,47.81,792
2024-12-03 20:49:00,47.81,47.83,47.81,47.82,1681
2024-12-03 20:50:00,47.81,47.86,47.8,47.84,1993
2024-12-03 20:51:00,47.845,47.86,47.8,47.84,8637
2024-12-03 20:52:00,47.83,47.85,47.79,47.79,3761
2024-12-03 20:53:00,47.79,47.82,47.78,47.82,4009
2024-12-03 20:54:00,47.82,47.82,47.78,47.818,3452
2024-12-03 20:55:00,47.82,47.82,47.78,47.78,10268
2024-12-03 20:56:00,47.78,47.79,47.77,47.79,5347
2024-12-03 20:57:00,47.79,47.79,47.76,47.79,9392
2024-12-03 20:58:00,47.76,47.785,47.75,47.78,10987
2024-12-03 20:59:00,47.775,47.8,47.73,47.8,14282
2024-12-03 21:13:00,48.4828,48.4828,48.4828,48.4828,100
2024-12-03 21:57:00,48.7009,48.7009,48.7009,48.7009,100
2024-12-03 23:04:00,47.8,47.8,47.8,47.8,185
2024-12-03 23:47:00,48.0,48.0,48.0,48.0,215
2024-12-03 23:57:00,48.0,48.0,48.0,48.0,200
2024-12-04 12:54:00,48.48,48.48,48.48,48.48,1000
2024-12-04 14:30:00,48.27,48.27,48.27,48.27,7280
2024-12-04 14:31:00,48.24,48.24,48.24,48.24,225
2024-12-04 14:32:00,48.22,48.38,48.08,48.38,2757
2024-12-04 14:33:00,48.2,48.2581,48.2,48.25,1065
2024-12-04 14:34:00,48.0351,48.25,48.03,48.24,1146
2024-12-04 14:35:00,48.24,48.26,48.235,48.25,1318
2024-12-04 14:36:00,48.1,48.1,48.1,48.1,1024
2024-12-04 14:38:00,48.2,48.2,48.2,48.2,213
2024-12-04 14:40:00,48.0951,48.23,48.0951,48.23,632
2024-12-04 14:41:00,48.2,48.2,48.2,48.2,524
2024-12-04 14:43:00,48.23,48.24,48.1,48.1,3129
2024-12-04 14:45:00,48.1,48.11,48.1,48.11,650
2024-12-04 14:49:00,48.09,48.13,48.08,48.13,2849
2024-12-04 14:50:00,48.12,48.13,48.08,48.08,2542
2024-12-04 14:51:00,48.08,48.155,48.06,48.095,5303
2024-12-04 14:52:00,48.08,48.09,48.07,48.08,1739
2024-12-04 14:53:00,48.07,48.1,48.0,48.0,9616
2024-12-04 14:54:00,48.0088,48.045,48.0,48.0,1633
2024-12-04 14:56:00,48.09,48.11,48.09,48.11,1306
2024-12-04 14:57:00,48.12,48.12,48.01,48.06,2335
2024-12-04 14:58:00,48.08,48.11,48.08,48.11,757
2024-12-04 14:59:00,48.08,48.13,48.075,48.08,4102
2024-12-04 15:00:00,48.1,48.18,48.08,48.175,5592
2024-12-04 15:01:00,48.11,48.17,48.11,48.135,2906
2024-12-04 15:02:00,48.155,48.2,48.11,48.16,7255
2024-12-04 15:03:00,48.14,48.19,48.14,48.185,4651
2024-12-04 15:04:00,48.185,48.185,48.185,48.185,204
2024-12-04 15:05:00,48.16,48.175,48.16,48.175,1170
2024-12-04 15:06:00,48.16,48.16,48.11,48.13,2794
2024-12-04 15:07:00,48.1216,48.13,48.091,48.13,1856
2024-12-04 15:09:00,48.15,48.16,48.15,48.16,560
2024-12-04 15:10:00,48.17,48.18,48.13,48.15,3053
2024-12-04 15:11:00,48.2,48.25,48.17,48.25,3820
2024-12-04 15:12:00,48.205,48.205,48.17,48.17,1972
2024-12-04 15:13:00,48.195,48.195,48.195,48.195,218
2024-12-04 15:14:00,48.2,48.2,48.2,48.2,485
2024-12-04 15:15:00,48.18,48.18,48.16,48.17,2514
2024-12-04 15:16:00,48.155,48.155,48.155,48.155,889
2024-12-04 15:17:00,48.165,48.165,48.165,48.165,371
2024-12-04 15:18:00,48.14,48.14,48.13,48.13,2505
2024-12-04 15:20:00,48.175,48.1983,48.175,48.175,1176
2024-12-04 15:21:00,48.2,48.23,48.2,48.23,875
2024-12-04 15:22:00,48.23,48.29,48.23,48.275,2673
2024-12-04 15:23:00,48.23,48.245,48.23,48.245,1617
2024-12-04 15:24:00,48.25,48.25,48.24,48.24,476
2024-12-04 15:25:00,48.24,48.265,48.24,48.26,5367
2024-12-04 15:26:00,48.3,48.3,48.3,48.3,751
2024-12-04 15:27:00,48.265,48.265,48.265,48.265,367
2024-12-04 15:28:00,48.23,48.23,48.19,48.19,2068
2024-12-04 15:29:00,48.205,48.205,48.205,48.205,567
2024-12-04 15:30:00,48.1952,48.2,48.16,48.16,2276
2024-12-04 15:31:00,48.17,48.17,48.17,48.17,206
2024-12-04 15:33:00,48.135,48.145,48.135,48.145,601
2024-12-04 15:34:00,48.15,48.18,48.15,48.18,402
2024-12-04 15:35:00,48.18,48.24,48.18,48.215,2670
2024-12-04 15:38:00,48.24,48.2681,48.21,48.21,1551
2024-12-04 15:39:00,48.19,48.21,48.18,48.18,1133
2024-12-04 15:40:00,48.195,48.2399,48.185,48.185,2922
2024-12-04 15:41:00,48.23,48.23,48.225,48.225,514
2024-12-04 15:42:00,48.22,48.22,48.22,48.22,270
2024-12-04 15:43:00,48.215,48.215,48.215,48.215,927
2024-12-04 15:44:00,48.225,48.234,48.225,48.234,838
2024-12-04 15:45:00,48.21,48.21,48.21,48.21,1201
2024-12-04 15:46:00,48.23,48.23,48.205,48.205,716
2024-12-04 15:47:00,48.2,48.2,48.17,48.17,2044
2024-12-04 15:48:00,48.205,48.205,48.205,48.205,444
2024-12-04 15:49:00,48.19,48.19,48.19,48.19,116
2024-12-04 15:50:00,48.19,48.21,48.19,48.205,911
2024-12-04 15:52:00,48.16,48.16,48.15,48.15,1445
2024-12-04 15:53:00,48.15,48.17,48.15,48.17,1675
2024-12-04 15:54:00,48.175,48.175,48.175,48.175,608
2024-12-04 15:55:00,48.1767,48.1767,48.1767,48.1767,208
2024-12-04 15:56:00,48.16,48.16,48.16,48.16,634
2024-12-04 15:57:00,48.17,48.17,48.17,48.17,648
2024-12-04 15:58:00,48.19,48.19,48.19,48.19,422
2024-12-04 15:59:00,48.25,48.25,48.24,48.24,440
2024-12-04 16:01:00,48.24,48.24,48.23,48.23,264
2024-12-04 16:02:00,48.25,48.25,48.24,48.24,515
2024-12-04 16:03:00,48.24,48.24,48.24,48.24,477
2024-12-04 16:04:00,48.255,48.26,48.255,48.26,454
2024-12-04 16:05:00,48.29,48.29,48.29,48.29,233
2024-12-04 16:06:00,48.23,48.23,48.199,48.199,2595
2024-12-04 16:07:00,48.205,48.21,48.205,48.21,332
2024-12-04 16:08:00,48.2,48.2,48.17,48.17,1465
2024-12-04 16:09:00,48.15,48.16,48.15,48.16,691
2024-12-04 16:10:00,48.21,48.21,48.2,48.2,801
2024-12-04 16:11:00,48.17,48.21,48.17,48.21,1043
2024-12-04 16:12:00,48.21,48.21,48.21,48.21,404
2024-12-04 16:13:00,48.2,48.2,48.2,48.2,290
2024-12-04 16:14:00,48.21,48.21,48.18,48.18,1261
2024-12-04 16:15:00,48.185,48.185,48.185,48.185,400
2024-12-04 16:17:00,48.21,48.21,48.16,48.21,975
2024-12-04 16:18:00,48.185,48.21,48.17,48.205,1025
2024-12-04 16:19:00,48.23,48.23,48.23,48.23,724
2024-12-04 16:20:00,48.21,48.27,48.21,48.245,2183
2024-12-04 16:21:00,48.245,48.27,48.245,48.25,5357
2024-12-04 16:22:00,48.28,48.29,48.22,48.29,4067
2024-12-04 16:23:00,48.265,48.28,48.26,48.2775,3918
2024-12-04 16:24:00,48.265,48.2775,48.265,48.2775,475
2024-12-04 16:25:00,48.2775,48.2775,48.2775,48.2775,351
2024-12-04 16:26:00,48.24,48.24,48.24,48.24,968
2024-12-04 16:28:00,48.25,48.25,48.25,48.25,251
2024-12-04 16:29:00,48.24,48.24,48.24,48.24,457
2024-12-04 16:30:00,48.24,48.25,48.24,48.25,1445
2024-12-04 16:32:00,48.265,48.265,48.265,48.265,507
2024-12-04 16:33:00,48.265,48.265,48.265,48.265,405
2024-12-04 16:34:00,48.3,48.3,48.27,48.27,396
2024-12-04 16:37:00,48.3,48.3,48.3,48.3,258
2024-12-04 16:38:00,48.27,48.27,48.27,48.27,457
2024-12-04 16:39:00,48.3,48.3,48.3,48.3,284
2024-12-04 16:40:00,48.2775,48.2775,48.275,48.275,752
2024-12-04 16:41:00,48.25,48.25,48.25,48.25,1597
2024-12-04 16:43:00,48.26,48.26,48.26,48.26,295
2024-12-04 16:44:00,48.23,48.25,48.23,48.25,402
2024-12-04 16:49:00,48.27,48.27,48.27,48.27,105
2024-12-04 16:50:00,48.3,48.3,48.27,48.27,484
2024-12-04 16:51:00,48.26,48.26,48.25,48.25,1446
2024-12-04 16:52:00,48.255,48.27,48.255,48.255,1197
2024-12-04 16:56:00,48.255,48.27,48.255,48.255,585
2024-12-04 16:58:00,48.255,48.255,48.24,48.24,1638
2024-12-04 16:59:00,48.235,48.235,48.235,48.235,469
2024-12-04 17:00:00,48.24,48.26,48.24,48.24,845
2024-12-04 17:01:00,48.22,48.22,48.22,48.22,841
2024-12-04 17:02:00,48.21,48.22,48.2,48.22,1240
2024-12-04 17:04:00,48.225,48.225,48.225,48.225,126
2024-12-04 17:05:00,48.225,48.225,48.22,48.22,791
2024-12-04 17:06:00,48.23,48.23,48.22,48.22,1257
2024-12-04 17:08:00,48.22,48.22,48.22,48.22,119
2024-12-04 17:09:00,48.19,48.19,48.19,48.19,185
2024-12-04 17:10:00,48.22,48.22,48.2143,48.2143,671
2024-12-04 17:12:00,48.25,48.25,48.23,48.23,983
2024-12-04 17:15:00,48.27,48.27,48.245,48.245,212
2024-12-04 17:16:00,48.245,48.245,48.245,48.245,347
2024-12-04 17:17:00,48.26,48.26,48.24,48.26,1061
2024-12-04 17:19:00,48.26,48.26,48.26,48.26,303
2024-12-04 17:21:00,48.28,48.28,48.26,48.26,1763
2024-12-04 17:22:00,48.27,48.27,48.255,48.27,1695
2024-12-04 17:24:00,48.27,48.27,48.26,48.27,510
2024-12-04 17:25:00,48.27,48.27,48.27,48.27,542
2024-12-04 17:26:00,48.285,48.285,48.27,48.27,685
2024-12-04 17:28:00,48.27,48.27,48.245,48.245,1308
2024-12-04 17:30:00,48.24,48.24,48.24,48.24,360
2024-12-04 17:31:00,48.255,48.255,48.22,48.22,1519
2024-12-04 17:32:00,48.22,48.22,48.22,48.22,381
2024-12-04 17:35:00,48.25,48.27,48.25,48.255,1315
2024-12-04 17:36:00,48.255,48.2663,48.255,48.2663,422
2024-12-04 17:38:00,48.26,48.26,48.25,48.26,1616
2024-12-04 17:40:00,48.25,48.25,48.235,48.235,1069
2024-12-04 17:42:00,48.235,48.235,48.235,48.235,391
2024-12-04 17:44:00,48.24,48.24,48.24,48.24,315
2024-12-04 17:48:00,48.26,48.26,48.25,48.25,2186
2024-12-04 17:49:00,48.25,48.29,48.25,48.27,3660
2024-12-04 17:50:00,48.294,48.3,48.28,48.285,920
2024-12-04 17:51:00,48.285,48.285,48.285,48.285,105
2024-12-04 17:53:00,48.285,48.285,48.285,48.285,190
2024-12-04 17:54:00,48.285,48.285,48.285,48.285,536
2024-12-04 17:56:00,48.27,48.27,48.25,48.25,1402
2024-12-04 17:57:00,48.25,48.25,48.23,48.24,2016
2024-12-04 17:58:00,48.2522,48.2522,48.22,48.22,666
2024-12-04 18:01:00,48.21,48.22,48.21,48.21,912
2024-12-04 18:04:00,48.258,48.258,48.21,48.21,3416
2024-12-04 18:06:00,48.235,48.235,48.23,48.23,311
2024-12-04 18:11:00,48.21,48.21,48.16,48.18,2924
2024-12-04 18:12:00,48.2,48.2,48.2,48.2,514
2024-12-04 18:13:00,48.2,48.2,48.2,48.2,127
2024-12-04 18:14:00,48.19,48.2,48.19,48.2,600
2024-12-04 18:15:00,48.195,48.195,48.19,48.19,986
2024-12-04 18:18:00,48.185,48.185,48.185,48.185,201
2024-12-04 18:21:00,48.17,48.185,48.17,48.18,759
2024-12-04 18:22:00,48.17,48.18,48.16,48.1701,1185
2024-12-04 18:23:00,48.15,48.175,48.15,48.175,426
2024-12-04 18:24:00,48.17,48.17,48.17,48.17,350
2024-12-04 18:25:00,48.15,48.1564,48.15,48.1564,411
2024-12-04 18:26:00,48.15,48.155,48.13,48.13,1183
2024-12-04 18:27:00,48.15,48.15,48.15,48.15,300
2024-12-04 18:29:00,48.15,48.15,48.15,48.15,212
2024-12-04 18:30:00,48.15,48.15,48.15,48.15,496
2024-12-04 18:32:00,48.1366,48.155,48.1,48.1,1480
2024-12-04 18:33:00,48.0963,48.0963,48.0963,48.0963,255
2024-12-04 18:36:00,48.13,48.14,48.13,48.14,1015
2024-12-04 18:37:00,48.15,48.18,48.15,48.18,1099
2024-12-04 18:38:00,48.18,48.18,48.18,48.18,107
2024-12-04 18:39:00,48.18,48.19,48.16,48.16,1850
2024-12-04 18:40:00,48.175,48.18,48.15,48.15,7206
2024-12-04 18:41:00,48.15,48.16,48.11,48.14,2605
2024-12-04 18:42:00,48.14,48.18,48.13,48.13,1715
2024-12-04 18:43:00,48.12,48.12,48.11,48.11,849
2024-12-04 18:44:00,48.11,48.11,48.11,48.11,504
2024-12-04 18:46:00,48.13,48.13,48.13,48.13,281
2024-12-04 18:47:00,48.125,48.125,48.125,48.125,110
2024-12-04 18:48:00,48.1714,48.1714,48.12,48.14,1110
2024-12-04 18:49:00,48.15,48.15,48.15,48.15,236
2024-12-04 18:50:00,48.125,48.125,48.125,48.125,240
2024-12-04 18:51:00,48.15,48.15,48.12,48.12,507
2024-12-04 18:52:00,48.13,48.13,48.12,48.12,368
2024-12-04 18:53:00,48.14,48.155,48.12,48.12,1288
2024-12-04 18:55:00,48.1513,48.18,48.15,48.18,2453
2024-12-04 18:56:00,48.18,48.2,48.18,48.185,1574
2024-12-04 18:57:00,48.185,48.185,48.16,48.16,1864
2024-12-04 18:59:00,48.17,48.17,48.14,48.14,993
2024-12-04 19:00:00,48.135,48.135,48.135,48.135,185
2024-12-04 19:02:00,48.155,48.155,48.13,48.13,1929
2024-12-04 19:03:00,48.13,48.15,48.13,48.14,1087
2024-12-04 19:04:00,48.12,48.12,48.12,48.12,433
2024-12-04 19:06:00,48.14,48.14,48.14,48.14,315
2024-12-04 19:11:00,48.18,48.18,48.18,48.18,166
2024-12-04 19:12:00,48.175,48.18,48.175,48.18,362
2024-12-04 19:13:00,48.18,48.18,48.175,48.175,282
2024-12-04 19:14:00,48.18,48.19,48.18,48.18,728
2024-12-04 19:15:00,48.18,48.189,48.17,48.18,3784
2024-12-04 19:16:00,48.17,48.17,48.165,48.165,570
2024-12-04 19:17:00,48.16,48.16,48.16,48.16,844
2024-12-04 19:18:00,48.16,48.16,48.16,48.16,490
2024-12-04 19:19:00,48.16,48.16,48.16,48.16,1322
2024-12-04 19:22:00,48.15,48.15,48.15,48.15,839
2024-12-04 19:23:00,48.17,48.18,48.17,48.18,750
2024-12-04 19:24:00,48.18,48.18,48.17,48.17,969
2024-12-04 19:25:00,48.15,48.16,48.12,48.12,1503
2024-12-04 19:27:00,48.13,48.13,48.13,48.13,364
2024-12-04 19:30:00,48.16,48.17,48.16,48.17,1096
2024-12-04 19:31:00,48.17,48.18,48.16,48.16,688
2024-12-04 19:32:00,48.15,48.16,48.15,48.16,611
2024-12-04 19:33:00,48.16,48.16,48.16,48.16,103
2024-12-04 19:35:00,48.1799,48.1799,48.1799,48.1799,313
2024-12-04 19:36:00,48.15,48.15,48.125,48.125,1428
2024-12-04 19:37:00,48.12,48.12,48.1,48.1,1358
2024-12-04 19:42:00,48.13,48.13,48.11,48.11,1635
2024-12-04 19:43:00,48.1158,48.1158,48.1158,48.1158,277
2024-12-04 19:48:00,48.13,48.13,48.12,48.12,1194
2024-12-04 19:49:00,48.1,48.1,48.08,48.08,612
2024-12-04 19:54:00,48.07,48.07,48.07,48.07,282
2024-12-04 19:57:00,48.09,48.09,48.06,48.06,680
2024-12-04 19:58:00,48.08,48.08,48.05,48.065,1042
2024-12-04 19:59:00,48.08,48.08,48.06,48.06,1549
2024-12-04 20:00:00,48.07,48.07,48.0476,48.05,992
2024-12-04 20:01:00,48.08,48.08,48.065,48.07,1810
2024-12-04 20:03:00,48.09,48.09,48.09,48.09,541
2024-12-04 20:06:00,48.05,48.05,48.05,48.05,253
2024-12-04 20:08:00,48.05,48.05,48.03,48.04,1387
2024-12-04 20:10:00,48.045,48.045,48.045,48.045,340
2024-12-04 20:13:00,48.032,48.04,48.0,48.0,3438
2024-12-04 20:16:00,48.01,48.01,48.01,48.01,204
2024-12-04 20:17:00,48.015,48.015,47.99,48.0,1338
2024-12-04 20:18:00,48.03,48.04,48.03,48.04,1052
2024-12-04 20:19:00,48.0359,48.0359,48.0359,48.0359,464
2024-12-04 20:20:00,48.05,48.05,48.04,48.05,1612
2024-12-04 20:22:00,48.0401,48.06,48.0401,48.06,1527
2024-12-04 20:23:00,48.075,48.075,48.05,48.05,934
2024-12-04 20:24:00,48.05,48.07,48.05,48.07,1019
2024-12-04 20:27:00,48.04,48.045,48.03,48.045,1507
2024-12-04 20:28:00,48.05,48.06,48.05,48.06,327
2024-12-04 20:29:00,48.07,48.07,48.06,48.06,464
2024-12-04 20:31:00,48.07,48.07,48.07,48.07,324
2024-12-04 20:32:00,48.08,48.08,48.07,48.08,1059
2024-12-04 20:33:00,48.07,48.07,48.07,48.07,387
2024-12-04 20:34:00,48.09,48.09,48.09,48.09,394
2024-12-04 20:35:00,48.11,48.11,48.09,48.09,1455
2024-12-04 20:36:00,48.095,48.095,48.08,48.09,1099
2024-12-04 20:38:00,48.09,48.09,48.09,48.09,495
2024-12-04 20:39:00,48.095,48.095,48.095,48.095,875
2024-12-04 20:40:00,48.12,48.12,48.12,48.12,475
2024-12-04 20:41:00,48.115,48.115,48.1,48.105,1634
2024-12-04 20:42:00,48.09,48.09,48.08,48.08,1513
2024-12-04 20:43:00,48.05,48.075,48.05,48.065,947
2024-12-04 20:44:00,48.07,48.08,48.06,48.06,1209
2024-12-04 20:45:00,48.07,48.08,48.06,48.065,2543
2024-12-04 20:46:00,48.06,48.06,48.05,48.05,685
2024-12-04 20:47:00,48.05,48.05,48.05,48.05,217
2024-12-04 20:48:00,48.08,48.08,48.06,48.07,1901
2024-12-04 20:49:00,48.06,48.07,48.05,48.07,3054
2024-12-04 20:50:00,48.055,48.1,48.055,48.08,5604
2024-12-04 20:51:00,48.07,48.09,48.07,48.07,1487
2024-12-04 20:52:00,48.07,48.09,48.07,48.08,1417
2024-12-04 20:53:00,48.09,48.09,48.09,48.09,1151
2024-12-04 20:54:00,48.125,48.125,48.125,48.125,822
2024-12-04 20:55:00,48.14,48.14,48.11,48.11,5280
2024-12-04 20:56:00,48.1133,48.125,48.1133,48.125,1017
2024-12-04 20:57:00,48.11,48.12,48.09,48.11,4896
2024-12-04 20:58:00,48.11,48.11,48.08,48.1,6769
2024-12-04 20:59:00,48.1,48.105,48.06,48.075,17853
2024-12-05 14:30:00,47.7,47.7,47.37,47.49,6526
2024-12-05 14:31:00,47.42,47.42,47.35,47.38,1901
2024-12-05 14:32:00,47.335,47.34,47.27,47.34,3022
2024-12-05 14:33:00,47.34,47.4,47.18,47.28,3903
2024-12-05 14:34:00,47.255,47.255,47.1,47.215,1927
2024-12-05 14:35:00,47.2482,47.29,47.18,47.24,2707
2024-12-05 14:36:00,47.26,47.28,47.19,47.26,2272
2024-12-05 14:37:00,47.23,47.26,47.19,47.251,2861
2024-12-05 14:38:00,47.22,47.22,47.22,47.22,380
2024-12-05 14:39:00,47.245,47.25,47.245,47.25,800
2024-12-05 14:40:00,47.27,47.305,47.22,47.23,2441
2024-12-05 14:41:00,47.23,47.23,47.23,47.23,585
2024-12-05 14:43:00,47.25,47.25,47.25,47.25,556
2024-12-05 14:44:00,47.23,47.23,47.23,47.23,423
2024-12-05 14:45:00,47.3,47.33,47.3,47.33,1353
2024-12-05 14:46:00,47.22,47.29,47.22,47.29,646
2024-12-05 14:47:00,47.28,47.3,47.27,47.3,677
2024-12-05 14:48:00,47.33,47.33,47.29,47.29,632
2024-12-05 14:49:00,47.281,47.281,47.281,47.281,448
2024-12-05 14:50:00,47.305,47.305,47.19,47.23,3311
2024-12-05 14:51:00,47.19,47.19,47.19,47.19,688
2024-12-05 14:52:00,47.19,47.19,47.19,47.19,862
2024-12-05 14:53:00,47.19,47.19,47.16,47.16,706
2024-12-05 14:54:00,47.19,47.19,47.15,47.15,1594
2024-12-05 14:55:00,47.16,47.18,47.15,47.17,2284
2024-12-05 14:56:00,47.225,47.225,47.225,47.225,358
2024-12-05 14:57:00,47.19,47.19,47.165,47.165,848
2024-12-05 14:59:00,47.25,47.25,47.205,47.205,680
2024-12-05 15:00:00,47.23,47.27,47.23,47.27,1530
2024-12-05 15:01:00,47.25,47.275,47.25,47.275,1055
2024-12-05 15:02:00,47.29,47.31,47.265,47.265,699
2024-12-05 15:03:00,47.27,47.27,47.27,47.27,803
2024-12-05 15:04:00,47.26,47.26,47.17,47.2,8340
2024-12-05 15:05:00,47.23,47.23,47.21,47.23,1754
2024-12-05 15:06:00,47.22,47.22,47.17,47.18,1776
2024-12-05 15:07:00,47.17,47.21,47.12,47.21,3958
2024-12-05 15:08:00,47.18,47.24,47.15,47.24,2983
2024-12-05 15:09:00,47.265,47.265,47.265,47.265,691
2024-12-05 15:11:00,47.21,47.21,47.16,47.2,1172
2024-12-05 15:12:00,47.19,47.19,47.07,47.07,5918
2024-12-05 15:13:00,47.07,47.07,47.07,47.07,379
2024-12-05 15:14:00,47.05,47.05,47.03,47.03,2309
2024-12-05 15:15:00,47.03,47.05,46.96,47.04,5003
2024-12-05 15:16:00,47.04,47.06,47.04,47.06,1464
2024-12-05 15:17:00,47.04,47.06,47.03,47.06,890
2024-12-05 15:18:00,47.05,47.05,47.02,47.04,1085
2024-12-05 15:19:00,47.03,47.055,47.03,47.055,998
2024-12-05 15:20:00,47.03,47.0301,46.98,46.98,1481
2024-12-05 15:22:00,46.98,46.98,46.97,46.97,653
2024-12-05 15:23:00,47.0,47.0,47.0,47.0,346
2024-12-05 15:24:00,46.98,46.98,46.95,46.98,1328
2024-12-05 15:25:00,46.97,46.97,46.97,46.97,458
2024-12-05 15:27:00,46.95,46.95,46.91,46.9128,1284
2024-12-05 15:28:00,46.935,46.935,46.935,46.935,266
2024-12-05 15:29:00,46.95,46.95,46.94,46.942,544
2024-12-05 15:30:00,46.93,46.94,46.93,46.94,593
2024-12-05 15:31:00,46.93,46.93,46.88,46.9,2957
2024-12-05 15:32:00,46.89,46.92,46.89,46.9168,814
2024-12-05 15:33:00,46.91,46.91,46.88,46.88,2292
2024-12-05 15:34:00,46.8708,46.8708,46.8708,46.8708,1282
2024-12-05 15:35:00,46.896,46.896,46.85,46.88,1667
2024-12-05 15:36:00,46.89,46.89,46.85,46.8566,942
2024-12-05 15:38:00,46.88,46.88,46.85,46.86,1814
2024-12-05 15:39:00,46.89,46.89,46.89,46.89,169
2024-12-05 15:40:00,46.87,46.87,46.86,46.86,424
2024-12-05 15:41:00,46.85,46.86,46.82,46.82,1897
2024-12-05 15:42:00,46.818,46.818,46.81,46.81,1401
2024-12-05 15:44:00,46.82,46.85,46.82,46.826,588
2024-12-05 15:45:00,46.855,46.855,46.855,46.855,480
2024-12-05 15:46:00,46.885,46.885,46.885,46.885,159
2024-12-05 15:47:00,46.885,46.91,46.885,46.91,778
2024-12-05 15:49:00,46.925,46.96,46.925,46.96,382
2024-12-05 15:50:00,46.89,46.89,46.89,46.89,373
2024-12-05 15:51:00,46.89,46.9,46.86,46.875,2457
2024-12-05 15:52:00,46.9,46.9,46.9,46.9,121
2024-12-05 15:54:00,46.86,46.86,46.85,46.85,872
2024-12-05 15:56:00,46.84,46.86,46.84,46.86,569
2024-12-05 15:57:00,46.885,46.885,46.885,46.885,131
2024-12-05 15:59:00,46.852,46.852,46.852,46.852,114
2024-12-05 16:04:00,46.9,46.9,46.9,46.9,214
2024-12-05 16:05:00,46.93,46.93,46.93,46.93,209
2024-12-05 16:06:00,46.93,46.93,46.93,46.93,428
2024-12-05 16:07:00,46.935,46.935,46.935,46.935,291
2024-12-05 16:08:00,46.98,46.98,46.98,46.98,265
2024-12-05 16:10:00,46.97,46.97,46.955,46.96,1245
2024-12-05 16:11:00,46.96,46.96,46.95,46.95,439
2024-12-05 16:12:00,46.93,46.93,46.91,46.915,1419
2024-12-05 16:13:00,46.915,46.915,46.915,46.915,708
2024-12-05 16:14:00,46.88,46.88,46.82,46.868,2061
2024-12-05 16:15:00,46.86,46.86,46.86,46.86,400
2024-12-05 16:16:00,46.865,46.865,46.865,46.865,106
2024-12-05 16:17:00,46.86,46.91,46.86,46.91,1057
2024-12-05 16:18:00,46.9,46.9,46.89,46.89,580
2024-12-05 16:20:00,46.9046,46.9046,46.9046,46.9046,510
2024-12-05 16:22:00,46.91,46.91,46.9,46.9,1174
2024-12-05 16:23:00,46.92,46.92,46.92,46.92,230
2024-12-05 16:24:00,46.94,46.94,46.94,46.94,369
2024-12-05 16:25:00,46.931,46.97,46.9302,46.97,4053
2024-12-05 16:26:00,46.99,46.99,46.97,46.97,1053
2024-12-05 16:29:00,46.96,46.96,46.96,46.96,776
2024-12-05 16:32:00,46.93,46.93,46.91,46.93,760
2024-12-05 16:34:00,46.92,46.93,46.92,46.92,641
2024-12-05 16:35:00,46.92,46.925,46.92,46.92,810
2024-12-05 16:38:00,46.91,46.91,46.9,46.9,1983
2024-12-05 16:40:00,46.88,46.88,46.88,46.88,320
2024-12-05 16:42:00,46.87,46.87,46.87,46.87,516
2024-12-05 16:43:00,46.89,46.89,46.89,46.89,128
2024-12-05 16:45:00,46.89,46.92,46.89,46.92,289
2024-12-05 16:46:00,46.92,46.92,46.9083,46.9083,2105
2024-12-05 16:47:00,46.88,46.96,46.87,46.87,931
2024-12-05 16:49:00,46.86,46.86,46.86,46.86,121
2024-12-05 16:50:00,46.92,46.95,46.9,46.9,4896
2024-12-05 16:51:00,46.96,46.96,46.945,46.945,266
2024-12-05 16:52:00,46.92,46.95,46.92,46.92,778
2024-12-05 16:53:00,46.92,46.92,46.92,46.92,311
2024-12-05 16:54:00,46.91,46.92,46.91,46.92,323
2024-12-05 16:55:00,46.9,46.9,46.9,46.9,697
2024-12-05 16:57:00,46.88,46.89,46.88,46.89,2430
2024-12-05 16:58:00,46.88,46.88,46.88,46.88,213
2024-12-05 16:59:00,46.925,46.925,46.925,46.925,588
2024-12-05 17:00:00,46.91,46.91,46.9,46.91,486
2024-12-05 17:01:00,46.92,46.92,46.92,46.92,449
2024-12-05 17:02:00,46.88,46.9,46.88,46.9,594
2024-12-05 17:04:00,46.9,46.9,46.9,46.9,190
2024-12-05 17:05:00,46.89,46.905,46.89,46.89,903
2024-12-05 17:07:00,46.92,46.92,46.92,46.92,215
2024-12-05 17:08:00,46.9,46.9,46.88,46.89,1717
2024-12-05 17:09:00,46.9,46.91,46.9,46.91,410
2024-12-05 17:10:00,46.91,46.91,46.9,46.9,521
2024-12-05 17:13:00,46.89,46.89,46.89,46.89,303
2024-12-05 17:14:00,46.89,46.89,46.88,46.88,301
2024-12-05 17:16:00,46.89,46.89,46.89,46.89,109
2024-12-05 17:18:00,46.925,46.925,46.88,46.88,560
2024-12-05 17:19:00,46.87,46.87,46.87,46.87,152
2024-12-05 17:20:00,46.92,46.92,46.92,46.92,180
2024-12-05 17:21:00,46.87,46.87,46.87,46.87,601
2024-12-05 17:22:00,46.87,46.87,46.87,46.87,196
2024-12-05 17:25:00,46.87,46.87,46.86,46.87,869
2024-12-05 17:26:00,46.88,46.88,46.8501,46.856,3442
2024-12-05 17:27:00,46.85,46.85,46.84,46.845,1387
2024-12-05 17:28:00,46.84,46.84,46.83,46.83,1140
2024-12-05 17:29:00,46.83,46.845,46.82,46.82,726
2024-12-05 17:30:00,46.81,46.81,46.8,46.8,598
2024-12-05 17:32:00,46.775,46.775,46.775,46.775,316
2024-12-05 17:33:00,46.76,46.76,46.76,46.76,296
2024-12-05 17:35:00,46.76,46.76,46.75,46.76,1281
2024-12-05 17:38:00,46.82,46.82,46.82,46.82,100
2024-12-05 17:39:00,46.81,46.81,46.81,46.81,186
2024-12-05 17:40:00,46.81,46.81,46.78,46.78,423
2024-12-05 17:41:00,46.78,46.78,46.75,46.75,1841
2024-12-05 17:43:00,46.77,46.78,46.77,46.78,322
2024-12-05 17:44:00,46.77,46.77,46.77,46.77,507
2024-12-05 17:45:00,46.79,46.81,46.79,46.81,2137
2024-12-05 17:46:00,46.78,46.78,46.78,46.78,444
2024-12-05 17:50:00,46.79,46.82,46.78,46.82,3490
2024-12-05 17:52:00,46.84,46.84,46.84,46.84,526
2024-12-05 17:53:00,46.85,46.85,46.83,46.83,257
2024-12-05 17:54:00,46.84,46.85,46.84,46.84,422
2024-12-05 17:55:00,46.85,46.85,46.85,46.85,106
2024-12-05 17:57:00,46.85,46.85,46.85,46.85,226
2024-12-05 17:59:00,46.86,46.86,46.8562,46.8562,435
2024-12-05 18:00:00,46.855,46.855,46.855,46.855,174
2024-12-05 18:01:00,46.86,46.86,46.86,46.86,151
2024-12-05 18:03:00,46.8627,46.8627,46.8627,46.8627,102
2024-12-05 18:04:00,46.8625,46.8625,46.8625,46.8625,108
2024-12-05 18:05:00,46.85,46.87,46.84,46.87,1486
2024-12-05 18:06:00,46.835,46.835,46.835,46.835,131
2024-12-05 18:07:00,46.87,46.87,46.87,46.87,112
2024-12-05 18:08:00,46.835,46.835,46.83,46.83,290
2024-12-05 18:10:00,46.83,46.8484,46.83,46.8484,476
2024-12-05 18:12:00,46.835,46.835,46.8147,46.8147,593
2024-12-05 18:13:00,46.83,46.83,46.83,46.83,521
2024-12-05 18:14:00,46.81,46.81,46.81,46.81,101
2024-12-05 18:16:00,46.82,46.85,46.82,46.85,602
2024-12-05 18:18:00,46.84,46.84,46.81,46.81,1279
2024-12-05 18:19:00,46.81,46.8499,46.81,46.8499,2371
2024-12-05 18:20:00,46.825,46.825,46.825,46.825,265
2024-12-05 18:21:00,46.82,46.82,46.82,46.82,256
2024-12-05 18:23:00,46.8,46.8,46.8,46.8,416
2024-12-05 18:24:00,46.8,46.8,46.8,46.8,201
2024-12-05 18:25:00,46.79,46.79,46.79,46.79,298
2024-12-05 18:26:00,46.82,46.82,46.82,46.82,219
2024-12-05 18:29:00,46.83,46.83,46.83,46.83,207
2024-12-05 18:31:00,46.83,46.83,46.83,46.83,104
2024-12-05 18:34:00,46.85,46.86,46.85,46.86,817
2024-12-05 18:35:00,46.88,46.88,46.88,46.88,430
2024-12-05 18:36:00,46.89,46.89,46.88,46.88,798
2024-12-05 18:38:00,46.89,46.92,46.89,46.92,716
2024-12-05 18:39:00,46.93,46.97,46.93,46.97,719
2024-12-05 18:40:00,46.96,46.96,46.96,46.96,605
2024-12-05 18:41:00,46.97,46.97,46.97,46.97,407
2024-12-05 18:43:00,46.9715,46.9715,46.9715,46.9715,320
2024-12-05 18:44:00,46.99,47.0,46.99,47.0,1062
2024-12-05 18:45:00,46.99,46.99,46.99,46.99,473
2024-12-05 18:46:00,46.99,46.99,46.99,46.99,712
2024-12-05 18:47:00,47.0,47.0,47.0,47.0,1104
2024-12-05 18:50:00,46.975,46.975,46.975,46.975,202
2024-12-05 18:52:00,46.97,46.97,46.97,46.97,105
2024-12-05 18:54:00,46.99,47.0,46.99,47.0,298
2024-12-05 18:55:00,46.98,46.98,46.98,46.98,346
2024-12-05 18:57:00,47.01,47.01,46.97,46.99,523
2024-12-05 18:59:00,47.0,47.0,47.0,47.0,284
2024-12-05 19:00:00,46.995,46.995,46.995,46.995,112
2024-12-05 19:02:00,46.96,46.96,46.96,46.96,448
2024-12-05 19:05:00,46.98,46.98,46.98,46.98,619
2024-12-05 19:06:00,46.97,46.97,46.96,46.96,247
2024-12-05 19:08:00,47.01,47.01,46.9868,46.9868,218
2024-12-05 19:09:00,47.01,47.01,47.01,47.01,530
2024-12-05 19:12:00,47.01,47.01,47.01,47.01,372
2024-12-05 19:13:00,47.03,47.0475,47.03,47.0475,882
2024-12-05 19:15:00,47.02,47.02,47.0,47.0,936
2024-12-05 19:17:00,46.99,46.995,46.99,46.995,416
2024-12-05 19:19:00,46.98,46.98,46.98,46.98,347
2024-12-05 19:20:00,47.0,47.0,47.0,47.0,456
2024-12-05 19:21:00,46.99,46.99,46.99,46.99,384
2024-12-05 19:25:00,47.01,47.01,47.01,47.01,531
2024-12-05 19:26:00,47.01,47.01,47.01,47.01,254
2024-12-05 19:27:00,47.01,47.01,46.995,46.995,1123
2024-12-05 19:28:00,46.985,46.985,46.98,46.98,364
2024-12-05 19:29:00,46.95,46.95,46.92,46.92,912
2024-12-05 19:30:00,46.92,46.92,46.92,46.92,311
2024-12-05 19:33:00,46.935,46.935,46.935,46.935,161
2024-12-05 19:34:00,46.94,46.94,46.94,46.94,388
2024-12-05 19:36:00,46.965,46.97,46.9493,46.97,1137
2024-12-05 19:41:00,46.98,46.98,46.98,46.98,289
2024-12-05 19:43:00,46.96,46.96,46.96,46.96,664
2024-12-05 19:48:00,46.97,46.97,46.97,46.97,311
2024-12-05 19:58:00,46.97,46.97,46.97,46.97,549
2024-12-05 20:00:00,46.9301,46.948,46.93,46.948,665
2024-12-05 20:02:00,46.94,46.94,46.94,46.94,196
2024-12-05 20:03:00,46.95,46.95,46.91,46.91,830
2024-12-05 20:06:00,46.93,46.93,46.92,46.92,605
2024-12-05 20:07:00,46.91,46.91,46.91,46.91,279
2024-12-05 20:13:00,46.94,46.94,46.94,46.94,251
2024-12-05 20:14:00,46.945,46.945,46.93,46.93,711
2024-12-05 20:16:00,46.93,46.93,46.93,46.93,228
2024-12-05 20:17:00,46.94,46.949,46.94,46.949,498
2024-12-05 20:20:00,46.95,46.97,46.95,46.97,896
2024-12-05 20:23:00,46.98,46.99,46.975,46.99,800
2024-12-05 20:24:00,46.99,46.99,46.99,46.99,501
2024-12-05 20:25:00,46.98,46.98,46.97,46.97,1214
2024-12-05 20:26:00,46.9827,46.9827,46.9827,46.9827,127
2024-12-05 20:27:00,46.97,46.97,46.97,46.97,627
2024-12-05 20:28:00,46.96,46.96,46.96,46.96,326
2024-12-05 20:30:00,46.98,47.0,46.98,47.0,610
2024-12-05 20:32:00,47.0,47.03,47.0,47.03,718
2024-12-05 20:33:00,47.04,47.04,47.02,47.02,959
2024-12-05 20:36:00,47.04,47.04,47.04,47.04,509
2024-12-05 20:37:00,47.03,47.045,47.02,47.03,1383
2024-12-05 20:39:00,47.02,47.02,47.01,47.01,927
2024-12-05 20:40:00,47.01,47.01,47.01,47.01,221
2024-12-05 20:41:00,47.01,47.01,47.01,47.01,201
2024-12-05 20:42:00,47.0,47.0136,47.0,47.0136,735
2024-12-05 20:43:00,47.025,47.025,47.02,47.02,391
2024-12-05 20:44:00,47.04,47.06,47.04,47.06,1112
2024-12-05 20:45:00,47.05,47.05,47.03,47.035,1813
2024-12-05 20:46:00,47.035,47.035,47.035,47.035,153
2024-12-05 20:47:00,47.0355,47.0355,47.0,47.0,1804
2024-12-05 20:49:00,47.01,47.01,47.005,47.005,845
2024-12-05 20:50:00,47.02,47.04,47.02,47.04,2472
2024-12-05 20:51:00,47.03,47.04,46.995,47.0,3861
2024-12-05 20:52:00,46.995,47.0,46.99,47.0,1750
2024-12-05 20:53:00,47.0,47.0,46.99,46.995,2752
2024-12-05 20:54:00,46.995,46.995,46.99,46.995,757
2024-12-05 20:55:00,46.99,46.99,46.97,46.975,2533
2024-12-05 20:56:00,46.975,46.975,46.97,46.97,1212
2024-12-05 20:57:00,46.96,46.965,46.95,46.95,1718
2024-12-05 20:58:00,46.94,46.95,46.94,46.95,934
2024-12-05 20:59:00,46.96,47.0,46.96,47.0,9719
2024-12-06 00:03:00,46.9999,47.0,46.9999,47.0,1332
2024-12-06 00:57:00,47.0,47.0,47.0,47.0,536
2024-12-06 14:30:00,47.01,47.01,46.93,46.93,1291
2024-12-06 14:36:00,46.83,46.83,46.83,46.83,394
2024-12-06 14:38:00,46.76,46.76,46.76,46.76,512
2024-12-06 14:39:00,46.75,46.75,46.75,46.75,304
2024-12-06 14:40:00,46.71,46.71,46.71,46.71,350
2024-12-06 14:41:00,46.68,46.68,46.68,46.68,241
2024-12-06 14:42:00,46.675,46.675,46.675,46.675,121
2024-12-06 14:44:00,46.675,46.675,46.675,46.675,327
2024-12-06 14:45:00,46.675,46.675,46.62,46.63,1519
2024-12-06 14:46:00,46.66,46.66,46.58,46.66,5933
2024-12-06 14:47:00,46.68,46.68,46.67,46.675,1040
2024-12-06 14:49:00,46.675,46.675,46.6,46.65,2112
2024-12-06 14:50:00,46.65,46.75,46.63,46.705,3785
2024-12-06 14:51:00,46.72,46.72,46.705,46.705,851
2024-12-06 14:52:00,46.76,46.76,46.67,46.67,652
2024-12-06 14:53:00,46.66,46.66,46.66,46.66,440
2024-12-06 14:54:00,46.69,46.69,46.69,46.69,128
2024-12-06 14:55:00,46.73,46.73,46.67,46.67,1046
2024-12-06 14:56:00,46.78,46.78,46.78,46.78,133
2024-12-06 14:57:00,46.67,46.67,46.67,46.67,157
2024-12-06 14:58:00,46.66,46.725,46.66,46.725,440
2024-12-06 15:00:00,46.67,46.7,46.63,46.7,1436
2024-12-06 15:01:00,46.7,46.71,46.7,46.71,678
2024-12-06 15:02:00,46.7,46.71,46.7,46.71,761
2024-12-06 15:03:00,46.71,46.71,46.63,46.63,883
2024-12-06 15:04:00,46.6938,46.6938,46.6938,46.6938,227
2024-12-06 15:05:00,46.66,46.665,46.66,46.665,628
2024-12-06 15:06:00,46.71,46.71,46.71,46.71,128
2024-12-06 15:07:00,46.71,46.71,46.71,46.71,387
2024-12-06 15:08:00,46.65,46.65,46.65,46.65,546
2024-12-06 15:09:00,46.62,46.72,46.62,46.71,803
2024-12-06 15:11:00,46.71,46.72,46.71,46.715,1349
2024-12-06 15:13:00,46.735,46.735,46.7,46.7,431
2024-12-06 15:14:00,46.715,46.715,46.67,46.67,1577
2024-12-06 15:15:00,46.68,46.68,46.68,46.68,324
2024-12-06 15:16:00,46.72,46.72,46.72,46.72,288
2024-12-06 15:20:00,46.71,46.745,46.71,46.745,666
2024-12-06 15:21:00,46.745,46.745,46.745,46.745,154
2024-12-06 15:22:00,46.74,46.74,46.74,46.74,326
2024-12-06 15:23:00,46.73,46.76,46.73,46.76,819
2024-12-06 15:26:00,46.77,46.77,46.77,46.77,418
2024-12-06 15:28:00,46.79,46.79,46.765,46.765,1022
2024-12-06 15:29:00,46.76,46.76,46.73,46.73,1307
2024-12-06 15:31:00,46.725,46.725,46.725,46.725,120
2024-12-06 15:33:00,46.73,46.73,46.69,46.69,561
2024-12-06 15:34:00,46.67,46.69,46.67,46.69,372
2024-12-06 15:35:00,46.685,46.685,46.685,46.685,440
2024-12-06 15:36:00,46.72,46.725,46.71,46.71,1635
2024-12-06 15:39:00,46.695,46.695,46.66,46.66,739
2024-12-06 15:40:00,46.655,46.66,46.61,46.66,972
2024-12-06 15:42:00,46.63,46.63,46.63,46.63,399
2024-12-06 15:43:00,46.67,46.67,46.67,46.67,135
2024-12-06 15:44:00,46.64,46.64,46.6151,46.635,726
2024-12-06 15:45:00,46.66,46.685,46.66,46.685,1239
2024-12-06 15:46:00,46.67,46.68,46.67,46.68,1177
2024-12-06 15:47:00,46.71,46.71,46.71,46.71,320
2024-12-06 15:50:00,46.71,46.73,46.71,46.73,445
2024-12-06 15:51:00,46.71,46.71,46.71,46.71,134
2024-12-06 15:52:00,46.71,46.71,46.71,46.71,268
2024-12-06 15:53:00,46.71,46.71,46.68,46.68,574
2024-12-06 15:54:00,46.65,46.65,46.65,46.65,157
2024-12-06 15:58:00,46.7,46.7,46.7,46.7,378
2024-12-06 15:59:00,46.73,46.75,46.73,46.74,689
2024-12-06 16:00:00,46.7,46.745,46.7,46.745,222
2024-12-06 16:01:00,46.745,46.745,46.745,46.745,328
2024-12-06 16:02:00,46.73,46.73,46.73,46.73,626
2024-12-06 16:03:00,46.695,46.695,46.695,46.695,220
2024-12-06 16:05:00,46.66,46.66,46.66,46.66,327
2024-12-06 16:06:00,46.66,46.685,46.64,46.64,1543
2024-12-06 16:10:00,46.61,46.65,46.61,46.65,233
2024-12-06 16:11:00,46.63,46.64,46.63,46.64,634
2024-12-06 16:14:00,46.61,46.625,46.61,46.625,561
2024-12-06 16:16:00,46.64,46.64,46.64,46.64,202
2024-12-06 16:19:00,46.66,46.66,46.66,46.66,385
2024-12-06 16:21:00,46.65,46.65,46.62,46.62,558
2024-12-06 16:23:00,46.635,46.66,46.635,46.66,540
2024-12-06 16:26:00,46.67,46.71,46.67,46.71,798
2024-12-06 16:27:00,46.685,46.69,46.685,46.69,471
2024-12-06 16:28:00,46.73,46.73,46.715,46.715,339
2024-12-06 16:30:00,46.73,46.73,46.73,46.73,237
2024-12-06 16:31:00,46.735,46.76,46.73,46.76,1005
2024-12-06 16:32:00,46.74,46.74,46.74,46.74,206
2024-12-06 16:36:00,46.755,46.755,46.755,46.755,281
2024-12-06 16:37:00,46.77,46.78,46.77,46.78,947
2024-12-06 16:39:00,46.765,46.765,46.76,46.765,826
2024-12-06 16:40:00,46.765,46.765,46.75,46.76,2046
2024-12-06 16:42:00,46.72,46.72,46.715,46.715,419
2024-12-06 16:43:00,46.7,46.7,46.69,46.69,325
2024-12-06 16:45:00,46.69,46.69,46.69,46.69,342
2024-12-06 16:46:00,46.66,46.66,46.62,46.65,2979
2024-12-06 16:49:00,46.62,46.62,46.62,46.62,490
2024-12-06 16:50:00,46.65,46.65,46.65,46.65,451
2024-12-06 16:54:00,46.66,46.66,46.66,46.66,269
2024-12-06 16:55:00,46.65,46.65,46.65,46.65,229
2024-12-06 16:56:00,46.63,46.63,46.63,46.63,328
2024-12-06 16:59:00,46.65,46.65,46.65,46.65,234
2024-12-06 17:00:00,46.635,46.635,46.635,46.635,541
2024-12-06 17:01:00,46.62,46.63,46.62,46.63,904
2024-12-06 17:02:00,46.63,46.63,46.61,46.63,1550
2024-12-06 17:03:00,46.63,46.63,46.59,46.61,1251
2024-12-06 17:04:00,46.55,46.55,46.55,46.55,379
2024-12-06 17:07:00,46.56,46.56,46.55,46.55,477
2024-12-06 17:08:00,46.55,46.565,46.55,46.565,807
2024-12-06 17:09:00,46.56,46.59,46.56,46.56,1507
2024-12-06 17:10:00,46.56,46.575,46.56,46.575,352
2024-12-06 17:12:00,46.57,46.57,46.56,46.57,556
2024-12-06 17:13:00,46.575,46.575,46.55,46.55,931
2024-12-06 17:14:00,46.55,46.55,46.55,46.55,123
2024-12-06 17:16:00,46.578,46.58,46.55,46.55,1577
2024-12-06 17:17:00,46.575,46.575,46.575,46.575,166
2024-12-06 17:18:00,46.55,46.55,46.55,46.55,432
2024-12-06 17:22:00,46.58,46.58,46.58,46.58,139
2024-12-06 17:23:00,46.575,46.595,46.56,46.595,2228
2024-12-06 17:24:00,46.55,46.565,46.54,46.54,1131
2024-12-06 17:25:00,46.5599,46.59,46.5599,46.59,895
2024-12-06 17:29:00,46.59,46.6,46.59,46.6,365
2024-12-06 17:30:00,46.6,46.61,46.6,46.61,1233
2024-12-06 17:32:00,46.595,46.595,46.595,46.595,234
2024-12-06 17:33:00,46.64,46.64,46.64,46.64,117
2024-12-06 17:34:00,46.65,46.65,46.65,46.65,128
2024-12-06 17:36:00,46.64,46.64,46.64,46.64,331
2024-12-06 17:37:00,46.6,46.6,46.6,46.6,195
2024-12-06 17:38:00,46.61,46.62,46.61,46.62,559
2024-12-06 17:39:00,46.615,46.615,46.615,46.615,129
2024-12-06 17:40:00,46.61,46.61,46.61,46.61,1110
2024-12-06 17:43:00,46.61,46.61,46.61,46.61,121
2024-12-06 17:44:00,46.58,46.58,46.57,46.57,401
2024-12-06 17:45:00,46.6,46.63,46.6,46.63,445
2024-12-06 17:46:00,46.5935,46.5935,46.5935,46.5935,248
2024-12-06 17:49:00,46.605,46.605,46.57,46.57,1390
2024-12-06 17:50:00,46.5853,46.5853,46.5685,46.5685,395
2024-12-06 17:52:00,46.57,46.57,46.57,46.57,248
2024-12-06 17:53:00,46.55,46.55,46.55,46.55,370
2024-12-06 17:55:00,46.55,46.58,46.55,46.58,254
2024-12-06 17:56:00,46.5953,46.5953,46.5953,46.5953,539
2024-12-06 17:58:00,46.56,46.56,46.56,46.56,356
2024-12-06 18:02:00,46.59,46.61,46.59,46.61,1958
2024-12-06 18:04:00,46.58,46.6,46.57,46.6,432
2024-12-06 18:05:00,46.625,46.625,46.625,46.625,234
2024-12-06 18:06:00,46.625,46.625,46.625,46.625,487
2024-12-06 18:07:00,46.625,46.625,46.625,46.625,196
2024-12-06 18:08:00,46.64,46.66,46.64,46.66,804
2024-12-06 18:09:00,46.67,46.67,46.63,46.63,349
2024-12-06 18:11:00,46.66,46.66,46.63,46.63,1304
2024-12-06 18:13:00,46.63,46.63,46.61,46.625,1315
2024-12-06 18:14:00,46.58,46.58,46.58,46.58,276
2024-12-06 18:16:00,46.59,46.59,46.59,46.59,315
2024-12-06 18:18:00,46.615,46.643,46.59,46.62,1076
2024-12-06 18:20:00,46.59,46.59,46.59,46.59,656
2024-12-06 18:23:00,46.61,46.62,46.61,46.62,693
2024-12-06 18:25:00,46.6,46.6,46.6,46.6,598
2024-12-06 18:27:00,46.63,46.63,46.63,46.63,114
2024-12-06 18:28:00,46.6,46.6135,46.6,46.6135,362
2024-12-06 18:29:00,46.62,46.62,46.58,46.595,1361
2024-12-06 18:31:00,46.5961,46.5961,46.5961,46.5961,123
2024-12-06 18:32:00,46.56,46.58,46.56,46.56,663
2024-12-06 18:33:00,46.56,46.57,46.56,46.57,426
2024-12-06 18:35:00,46.54,46.54,46.54,46.54,170
2024-12-06 18:39:00,46.53,46.53,46.53,46.53,357
2024-12-06 18:40:00,46.55,46.55,46.53,46.53,615
2024-12-06 18:41:00,46.545,46.545,46.545,46.545,128
2024-12-06 18:44:00,46.52,46.52,46.52,46.52,324
2024-12-06 18:45:00,46.545,46.545,46.545,46.545,519
2024-12-06 18:50:00,46.51,46.51,46.51,46.51,277
2024-12-06 18:54:00,46.51,46.51,46.51,46.51,419
2024-12-06 18:58:00,46.54,46.54,46.54,46.54,222
2024-12-06 19:01:00,46.5379,46.5379,46.5379,46.5379,125
2024-12-06 19:05:00,46.51,46.51,46.5,46.51,3743
2024-12-06 19:06:00,46.5,46.5,46.5,46.5,658
2024-12-06 19:07:00,46.47,46.47,46.47,46.47,478
2024-12-06 19:08:00,46.46,46.49,46.46,46.49,233
2024-12-06 19:09:00,46.475,46.475,46.475,46.475,135
2024-12-06 19:12:00,46.495,46.495,46.495,46.495,223
2024-12-06 19:14:00,46.495,46.495,46.495,46.495,149
2024-12-06 19:15:00,46.47,46.475,46.455,46.475,926
2024-12-06 19:16:00,46.475,46.475,46.475,46.475,151
2024-12-06 19:17:00,46.4654,46.4654,46.4654,46.4654,321
2024-12-06 19:20:00,46.5,46.5,46.5,46.5,166
2024-12-06 19:22:00,46.48,46.48,46.48,46.48,235
2024-12-06 19:24:00,46.5,46.5,46.5,46.5,294
2024-12-06 19:26:00,46.48,46.48,46.48,46.48,1530
2024-12-06 19:27:00,46.48,46.48,46.47,46.475,659
2024-12-06 19:34:00,46.485,46.485,46.485,46.485,450
2024-12-06 19:36:00,46.485,46.485,46.485,46.485,184
2024-12-06 19:37:00,46.48,46.48,46.48,46.48,519
2024-12-06 19:40:00,46.48,46.48,46.48,46.48,383
2024-12-06 19:44:00,46.5,46.51,46.5,46.5,1408
2024-12-06 19:45:00,46.51,46.51,46.51,46.51,372
2024-12-06 19:47:00,46.515,46.515,46.515,46.515,230
2024-12-06 19:48:00,46.51,46.515,46.5,46.505,1557
2024-12-06 19:51:00,46.515,46.515,46.515,46.515,476
2024-12-06 19:52:00,46.515,46.53,46.515,46.53,760
2024-12-06 19:56:00,46.525,46.54,46.525,46.54,496
2024-12-06 19:57:00,46.525,46.525,46.525,46.525,239
2024-12-06 19:58:00,46.52,46.54,46.52,46.535,1586
2024-12-06 19:59:00,46.535,46.55,46.535,46.55,707
2024-12-06 20:00:00,46.56,46.56,46.54,46.56,1409
2024-12-06 20:01:00,46.56,46.56,46.56,46.56,137
2024-12-06 20:06:00,46.56,46.56,46.54,46.54,246
2024-12-06 20:08:00,46.54,46.54,46.54,46.54,773
2024-12-06 20:10:00,46.5374,46.5374,46.5374,46.5374,173
2024-12-06 20:14:00,46.58,46.58,46.58,46.58,138
2024-12-06 20:16:00,46.555,46.555,46.555,46.555,527
2024-12-06 20:18:00,46.55,46.555,46.55,46.555,876
2024-12-06 20:19:00,46.5366,46.555,46.5366,46.555,357
2024-12-06 20:20:00,46.555,46.555,46.555,46.555,224
2024-12-06 20:21:00,46.555,46.555,46.5345,46.55,1379
2024-12-06 20:27:00,46.54,46.54,46.51,46.51,1368
2024-12-06 20:29:00,46.525,46.525,46.525,46.525,604
2024-12-06 20:30:00,46.5,46.5,46.5,46.5,152
2024-12-06 20:31:00,46.525,46.525,46.51,46.51,1453
2024-12-06 20:32:00,46.51,46.51,46.49,46.5,1247
2024-12-06 20:33:00,46.4853,46.4853,46.4853,46.4853,539
2024-12-06 20:35:00,46.505,46.505,46.505,46.505,581
2024-12-06 20:36:00,46.505,46.505,46.49,46.505,1101
2024-12-06 20:37:00,46.505,46.505,46.505,46.505,365
2024-12-06 20:38:00,46.51,46.51,46.51,46.51,352
2024-12-06 20:39:00,46.51,46.51,46.5,46.5,1001
2024-12-06 20:40:00,46.52,46.54,46.5165,46.5165,2125
2024-12-06 20:41:00,46.53,46.535,46.51,46.535,1250
2024-12-06 20:42:00,46.52,46.53,46.51,46.51,1247
2024-12-06 20:44:00,46.52,46.52,46.52,46.52,421
2024-12-06 20:45:00,46.53,46.54,46.53,46.535,1134
2024-12-06 20:46:00,46.55,46.55,46.55,46.55,271
2024-12-06 20:47:00,46.56,46.575,46.56,46.575,1952
2024-12-06 20:48:00,46.59,46.59,46.59,46.59,575
2024-12-06 20:49:00,46.58,46.59,46.575,46.575,1472
2024-12-06 20:50:00,46.6,46.63,46.575,46.61,4744
2024-12-06 20:51:00,46.61,46.61,46.61,46.61,665
2024-12-06 20:52:00,46.58,46.58,46.58,46.58,652
2024-12-06 20:54:00,46.58,46.585,46.58,46.585,2643
2024-12-06 20:55:00,46.58,46.59,46.58,46.58,2778
2024-12-06 20:56:00,46.57,46.58,46.57,46.58,1301
2024-12-06 20:57:00,46.58,46.6,46.58,46.6,4095
2024-12-06 20:58:00,46.63,46.63,46.61,46.61,5458
2024-12-06 20:59:00,46.61,46.64,46.59,46.615,8107
2024-12-09 09:00:00,45.0,45.0,45.0,45.0,523
2024-12-09 09:02:00,45.18,45.24,45.18,45.24,326
2024-12-09 09:03:00,45.18,45.27,45.18,45.27,570
2024-12-09 09:07:00,45.27,45.27,45.27,45.27,189
2024-12-09 12:00:00,44.7,44.79,44.7,44.79,1011
2024-12-09 12:53:00,44.78,44.85,44.78,44.85,422
2024-12-09 13:00:00,45.0,45.0,45.0,45.0,572
2024-12-09 13:01:00,44.16,44.16,44.16,44.16,189
2024-12-09 13:05:00,44.78,44.78,44.78,44.78,107
2024-12-09 13:51:00,44.78,44.79,44.78,44.79,960229
2024-12-09 14:28:00,44.79,44.79,44.79,44.79,947
2024-12-09 14:29:00,45.0,45.15,45.0,45.0,2949
2024-12-09 14:30:00,45.34,45.34,45.12,45.22,15840
2024-12-09 14:31:00,45.3,45.54,45.2624,45.54,7253
2024-12-09 14:33:00,45.32,45.32,45.32,45.32,963
2024-12-09 14:34:00,45.3575,45.3575,45.23,45.23,2175
2024-12-09 14:35:00,45.3399,45.3399,45.225,45.225,489
2024-12-09 14:36:00,45.295,45.295,45.16,45.28,2925
2024-12-09 14:37:00,45.22,45.24,45.22,45.24,1556
2024-12-09 14:38:00,45.22,45.22,45.1,45.11,5727
2024-12-09 14:39:00,45.13,45.15,45.1,45.13,4442
2024-12-09 14:40:00,45.105,45.23,45.105,45.23,3469
2024-12-09 14:41:00,45.25,45.52,45.25,45.47,2908
2024-12-09 14:42:00,45.44,45.55,45.4277,45.4277,2707
2024-12-09 14:43:00,45.5,45.7,45.495,45.635,7766
2024-12-09 14:44:00,45.67,45.67,45.43,45.55,1862
2024-12-09 14:46:00,45.5,45.5,45.5,45.5,2201
2024-12-09 14:47:00,45.55,45.605,45.49,45.49,1878
2024-12-09 14:48:00,45.625,45.625,45.52,45.57,3618
2024-12-09 14:49:00,45.54,45.595,45.54,45.595,1134
2024-12-09 14:50:00,45.59,45.62,45.59,45.62,1237
2024-12-09 14:51:00,45.625,45.65,45.56,45.605,3627
2024-12-09 14:52:00,45.58,45.61,45.56,45.605,4869
2024-12-09 14:53:00,45.6,45.63,45.59,45.6,6705
2024-12-09 14:54:00,45.6,45.62,45.56,45.56,6597
2024-12-09 14:55:00,45.8,45.8,45.57,45.6,1230
2024-12-09 14:56:00,45.45,45.58,45.45,45.58,1306
2024-12-09 14:57:00,45.41,45.48,45.41,45.48,578
2024-12-09 14:58:00,45.41,45.435,45.385,45.41,1484
2024-12-09 14:59:00,45.38,45.49,45.38,45.45,1875
2024-12-09 15:00:00,45.47,45.51,45.41,45.475,2762
2024-12-09 15:01:00,45.48,45.48,45.41,45.41,1361
2024-12-09 15:02:00,45.505,45.505,45.505,45.505,150
2024-12-09 15:03:00,45.4,45.44,45.4,45.43,1359
2024-12-09 15:04:00,45.43,45.49,45.395,45.49,2593
2024-12-09 15:05:00,45.485,45.485,45.36,45.42,712
2024-12-09 15:07:00,45.4,45.41,45.38,45.38,642
2024-12-09 15:08:00,45.38,45.4,45.31,45.31,1010
2024-12-09 15:09:00,45.38,45.38,45.28,45.28,1217
2024-12-09 15:10:00,45.28,45.31,45.28,45.31,1093
2024-12-09 15:11:00,45.34,45.35,45.2301,45.34,920
2024-12-09 15:12:00,45.25,45.325,45.25,45.3,1339
2024-12-09 15:13:00,45.305,45.305,45.29,45.2985,1344
2024-12-09 15:14:00,45.325,45.325,45.325,45.325,214
2024-12-09 15:15:00,45.24,45.28,45.22,45.2523,4081
2024-12-09 15:16:00,45.22,45.22,45.17,45.17,788
2024-12-09 15:17:00,45.16,45.175,45.14,45.175,843
2024-12-09 15:18:00,45.11,45.18,45.11,45.14,2053
2024-12-09 15:19:00,45.2,45.235,45.13,45.13,2359
2024-12-09 15:20:00,45.215,45.24,45.195,45.24,1299
2024-12-09 15:21:00,45.345,45.345,45.27,45.325,725
2024-12-09 15:22:00,45.27,45.305,45.27,45.27,539
2024-12-09 15:23:00,45.33,45.34,45.32,45.32,1343
2024-12-09 15:24:00,45.37,45.375,45.3667,45.375,819
2024-12-09 15:25:00,45.31,45.31,45.28,45.31,2032
2024-12-09 15:26:00,45.34,45.45,45.29,45.45,2928
2024-12-09 15:27:00,45.46,45.46,45.4287,45.4287,787
2024-12-09 15:28:00,45.44,45.5199,45.44,45.5199,2632
2024-12-09 15:29:00,45.49,45.52,45.49,45.5,1383
2024-12-09 15:30:00,45.52,45.56,45.52,45.56,670
2024-12-09 15:31:00,45.56,45.5734,45.555,45.5734,611
2024-12-09 15:32:00,45.58,45.6,45.52,45.54,1681
2024-12-09 15:33:00,45.6,45.6,45.53,45.6,1340
2024-12-09 15:34:00,45.61,45.61,45.58,45.58,487
2024-12-09 15:35:00,45.58,45.64,45.58,45.64,14430
2024-12-09 15:36:00,45.64,45.7025,45.635,45.69,13513
2024-12-09 15:37:00,45.715,45.73,45.695,45.73,16561
2024-12-09 15:38:00,45.75,45.83,45.72,45.83,5561
2024-12-09 15:39:00,45.84,45.895,45.83,45.89,1861
2024-12-09 15:40:00,45.93,46.0,45.9,45.98,8080
2024-12-09 15:41:00,45.98,46.04,45.98,45.995,2028
2024-12-09 15:43:00,45.9745,45.9745,45.965,45.97,2701
2024-12-09 15:45:00,45.96,45.99,45.91,45.99,1661
2024-12-09 15:46:00,45.96,45.96,45.91,45.91,1552
2024-12-09 15:47:00,45.95,45.95,45.885,45.885,774
2024-12-09 15:48:00,45.88,45.88,45.8,45.8,1787
2024-12-09 15:49:00,45.9,45.94,45.9,45.94,655
2024-12-09 15:50:00,45.84,45.84,45.84,45.84,1076
2024-12-09 15:51:00,45.85,45.89,45.83,45.83,502
2024-12-09 15:52:00,45.87,45.87,45.69,45.8,2585
2024-12-09 15:54:00,45.76,45.8399,45.76,45.8399,416
2024-12-09 15:55:00,45.78,45.78,45.78,45.78,221
2024-12-09 15:56:00,45.8,45.8,45.8,45.8,206
2024-12-09 15:57:00,45.8,45.8,45.8,45.8,243
2024-12-09 15:58:00,45.92,45.94,45.91,45.94,1357
2024-12-09 15:59:00,46.02,46.05,46.01,46.01,1566
2024-12-09 16:00:00,45.99,45.99,45.99,45.99,145
2024-12-09 16:02:00,45.95,45.95,45.94,45.94,1293
2024-12-09 16:03:00,45.93,45.93,45.91,45.91,217
2024-12-09 16:04:00,45.99,46.015,45.99,46.015,935
2024-12-09 16:05:00,45.96,45.96,45.95,45.95,337
2024-12-09 16:07:00,45.985,45.985,45.96,45.96,471
2024-12-09 16:10:00,45.93,45.93,45.93,45.93,252
2024-12-09 16:11:00,45.93,45.93,45.93,45.93,276
2024-12-09 16:12:00,45.93,45.93,45.93,45.93,687
2024-12-09 16:13:00,45.99,46.02,45.99,46.01,637
2024-12-09 16:15:00,46.01,46.03,46.0,46.02,960
2024-12-09 16:16:00,46.02,46.04,46.0,46.015,1940
2024-12-09 16:18:00,46.04,46.04,46.04,46.04,385
2024-12-09 16:19:00,46.1,46.1,46.045,46.045,929
2024-12-09 16:20:00,46.05,46.09,46.05,46.07,2401
2024-12-09 16:21:00,46.08,46.08,46.08,46.08,270
2024-12-09 16:22:00,46.05,46.1138,46.05,46.1138,682
2024-12-09 16:23:00,46.08,46.11,46.08,46.085,1032
2024-12-09 16:24:00,46.07,46.07,46.07,46.07,363
2024-12-09 16:25:00,46.08,46.08,46.075,46.075,981
2024-12-09 16:26:00,46.08,46.09,46.08,46.08,632
2024-12-09 16:27:00,46.05,46.07,46.05,46.05,924
2024-12-09 16:28:00,46.07,46.07,46.07,46.07,216
2024-12-09 16:29:00,46.07,46.07,46.07,46.07,218
2024-12-09 16:31:00,46.07,46.07,46.06,46.06,418
2024-12-09 16:32:00,46.05,46.05,46.05,46.05,200
2024-12-09 16:33:00,46.04,46.05,46.01,46.04,2613
2024-12-09 16:36:00,45.99,45.99,45.99,45.99,413
2024-12-09 16:39:00,46.0,46.0,46.0,46.0,322
2024-12-09 16:42:00,45.99,46.05,45.99,46.035,752
2024-12-09 16:44:00,46.0,46.0,46.0,46.0,167
2024-12-09 16:45:00,46.02,46.02,46.02,46.02,310
2024-12-09 16:46:00,46.04,46.04,46.04,46.04,502
2024-12-09 16:47:00,46.04,46.04,46.01,46.01,978
2024-12-09 16:48:00,46.01,46.07,46.01,46.06,2226
2024-12-09 16:49:00,46.04,46.07,46.03,46.05,3840
2024-12-09 16:50:00,46.05,46.11,46.05,46.11,2978
2024-12-09 16:52:00,46.1,46.115,46.1,46.115,288
2024-12-09 16:53:00,46.12,46.12,46.08,46.1,3997
2024-12-09 16:54:00,46.11,46.11,46.07,46.09,692
2024-12-09 16:55:00,46.07,46.1023,46.06,46.07,716
2024-12-09 16:56:00,46.07,46.075,46.06,46.075,681
2024-12-09 16:58:00,46.05,46.05,46.05,46.05,428
2024-12-09 16:59:00,46.06,46.06,46.06,46.06,131
2024-12-09 17:00:00,46.01,46.01,46.0,46.0,883
2024-12-09 17:01:00,46.03,46.03,46.03,46.03,293
2024-12-09 17:02:00,46.08,46.08,46.08,46.08,140
2024-12-09 17:03:00,45.99,45.99,45.99,45.99,683
2024-12-09 17:04:00,46.015,46.015,46.015,46.015,261
2024-12-09 17:06:00,45.96,45.96,45.96,45.96,128
2024-12-09 17:09:00,46.015,46.015,45.97,45.97,227
2024-12-09 17:11:00,45.99,45.99,45.99,45.99,102
2024-12-09 17:12:00,46.025,46.025,46.025,46.025,558
2024-12-09 17:13:00,46.04,46.05,46.04,46.05,1007
2024-12-09 17:14:00,46.025,46.025,45.995,45.995,841
2024-12-09 17:15:00,46.05,46.05,45.99,46.03,483
2024-12-09 17:16:00,45.9902,45.9902,45.98,45.98,3236
2024-12-09 17:17:00,45.99,45.99,45.98,45.98,479
2024-12-09 17:19:00,46.01,46.04,45.99,46.03,1717
2024-12-09 17:20:00,46.0,46.05,46.0,46.05,2126
2024-12-09 17:21:00,46.04,46.04,46.02,46.035,1778
2024-12-09 17:24:00,45.99,45.99,45.99,45.99,1690
2024-12-09 17:25:00,45.995,46.05,45.995,46.01,6401
2024-12-09 17:27:00,46.04,46.04,46.04,46.04,574
2024-12-09 17:29:00,46.025,46.03,46.0,46.03,2068
2024-12-09 17:30:00,46.0512,46.0512,46.015,46.02,2727
2024-12-09 17:31:00,46.025,46.025,46.01,46.02,1068
2024-12-09 17:32:00,46.02,46.025,46.02,46.02,436
2024-12-09 17:33:00,46.01,46.01,46.01,46.01,1659
2024-12-09 17:35:00,46.01,46.01,45.95,45.95,2440
2024-12-09 17:36:00,45.94,45.94,45.94,45.94,534
2024-12-09 17:37:00,45.96,46.01,45.96,46.01,1947
2024-12-09 17:39:00,46.03,46.03,46.03,46.03,230
2024-12-09 17:40:00,46.0326,46.0326,46.0,46.025,990
2024-12-09 17:42:00,45.99,46.0,45.99,46.0,528
2024-12-09 17:44:00,45.99,45.99,45.99,45.99,258
2024-12-09 17:46:00,46.055,46.055,46.055,46.055,410
2024-12-09 17:47:00,46.05,46.05,45.992,46.028,514
2024-12-09 17:48:00,45.99,45.99,45.99,45.99,378
2024-12-09 17:49:00,46.02,46.02,46.02,46.02,322
2024-12-09 17:50:00,46.0,46.01,45.995,45.995,698
2024-12-09 17:51:00,46.0,46.0,46.0,46.0,472
2024-12-09 17:52:00,45.985,46.0,45.985,46.0,309
2024-12-09 17:53:00,46.0,46.0,45.96,45.96,1400
2024-12-09 17:54:00,45.955,45.97,45.94,45.95,2751
2024-12-09 17:55:00,45.97,45.97,45.95,45.97,828
2024-12-09 17:57:00,46.0,46.0,46.0,46.0,1357
2024-12-09 17:59:00,46.005,46.005,46.005,46.005,112
2024-12-09 18:00:00,45.96,45.97,45.96,45.96,744
2024-12-09 18:01:00,45.96,45.96,45.96,45.96,348
2024-12-09 18:02:00,45.93,45.93,45.93,45.93,129
2024-12-09 18:03:00,46.0306,46.04,46.0306,46.04,646
2024-12-09 18:04:00,45.98,45.98,45.98,45.98,213
2024-12-09 18:05:00,45.93,45.93,45.93,45.93,123
2024-12-09 18:06:00,45.92,45.92,45.92,45.92,457
2024-12-09 18:09:00,45.95,45.95,45.95,45.95,210
2024-12-09 18:12:00,45.95,45.95,45.935,45.935,278
2024-12-09 18:14:00,45.96,45.96,45.96,45.96,212
2024-12-09 18:16:00,45.92,45.93,45.92,45.92,678
2024-12-09 18:18:00,45.95,45.95,45.95,45.95,136
2024-12-09 18:19:00,45.935,45.935,45.935,45.935,350
2024-12-09 18:20:00,45.94,45.95,45.94,45.95,215
2024-12-09 18:21:00,45.95,45.96,45.95,45.96,370
2024-12-09 18:22:00,45.96,45.96,45.96,45.96,637
2024-12-09 18:23:00,45.935,45.935,45.935,45.935,295
2024-12-09 18:24:00,45.95,45.96,45.94,45.94,576
2024-12-09 18:26:00,45.95,45.97,45.94,45.97,1534
2024-12-09 18:27:00,45.93,45.93,45.93,45.93,812
2024-12-09 18:28:00,45.88,45.88,45.87,45.87,937
2024-12-09 18:29:00,45.9299,45.9299,45.8575,45.89,1239
2024-12-09 18:30:00,45.86,45.86,45.86,45.86,121
2024-12-09 18:34:00,45.86,45.86,45.84,45.84,655
2024-12-09 18:35:00,45.86,45.86,45.86,45.86,113
2024-12-09 18:36:00,45.84,45.84,45.84,45.84,151
2024-12-09 18:37:00,45.84,45.86,45.84,45.86,290
2024-12-09 18:41:00,45.88,45.88,45.88,45.88,465
2024-12-09 18:42:00,45.85,45.855,45.85,45.855,529
2024-12-09 18:43:00,45.8725,45.8725,45.87,45.87,1330
2024-12-09 18:44:00,45.87,45.87,45.87,45.87,152
2024-12-09 18:45:00,45.84,45.84,45.84,45.84,369
2024-12-09 18:46:00,45.83,45.85,45.8,45.85,715
2024-12-09 18:47:00,45.84,45.84,45.84,45.84,226
2024-12-09 18:48:00,45.86,45.88,45.86,45.88,1497
2024-12-09 18:49:00,45.87,45.87,45.86,45.86,492
2024-12-09 18:50:00,45.88,45.88,45.88,45.88,570
2024-12-09 18:51:00,45.85,45.85,45.85,45.85,327
2024-12-09 18:52:00,45.905,45.905,45.905,45.905,106
2024-12-09 18:55:00,45.87,45.87,45.84,45.84,887
2024-12-09 18:57:00,45.905,45.905,45.905,45.905,121
2024-12-09 18:59:00,45.81,45.81,45.81,45.81,326
2024-12-09 19:02:00,45.72,45.72,45.715,45.72,580
2024-12-09 19:04:00,45.72,45.72,45.72,45.72,374
2024-12-09 19:05:00,45.7,45.7,45.7,45.7,103
2024-12-09 19:06:00,45.67,45.6808,45.67,45.68,598
2024-12-09 19:07:00,45.7,45.7,45.68,45.69,1586
2024-12-09 19:10:00,45.71,45.71,45.71,45.71,173
2024-12-09 19:11:00,45.64,45.64,45.64,45.64,461
2024-12-09 19:12:00,45.63,45.63,45.63,45.63,200
2024-12-09 19:15:00,45.62,45.645,45.61,45.645,1485
2024-12-09 19:17:00,45.61,45.62,45.6,45.6,796
2024-12-09 19:18:00,45.675,45.675,45.6,45.6,3805
2024-12-09 19:19:00,45.59,45.59,45.58,45.58,684
2024-12-09 19:20:00,45.655,45.655,45.55,45.555,918
2024-12-09 19:21:00,45.58,45.59,45.56,45.575,2635
2024-12-09 19:22:00,45.55,45.55,45.55,45.55,230
2024-12-09 19:23:00,45.55,45.55,45.55,45.55,495
2024-12-09 19:24:00,45.565,45.565,45.54,45.54,352
2024-12-09 19:25:00,45.53,45.53,45.53,45.53,127
2024-12-09 19:26:00,45.51,45.51,45.47,45.485,2872
2024-12-09 19:27:00,45.475,45.49,45.475,45.49,1495
2024-12-09 19:28:00,45.48,45.49,45.48,45.49,356
2024-12-09 19:29:00,45.475,45.475,45.475,45.475,149
2024-12-09 19:30:00,45.475,45.49,45.475,45.49,525
2024-12-09 19:31:00,45.47,45.545,45.47,45.525,741
2024-12-09 19:32:00,45.525,45.55,45.525,45.53,1391
2024-12-09 19:34:00,45.535,45.535,45.52,45.52,667
2024-12-09 19:36:00,45.51,45.51,45.51,45.51,106
2024-12-09 19:38:00,45.51,45.51,45.51,45.51,402
2024-12-09 19:39:00,45.525,45.525,45.5051,45.5051,292
2024-12-09 19:40:00,45.5,45.5,45.5,45.5,340
2024-12-09 19:41:00,45.45,45.45,45.45,45.45,370
2024-12-09 19:43:00,45.48,45.5,45.48,45.49,1259
2024-12-09 19:44:00,45.495,45.56,45.495,45.56,3241
2024-12-09 19:45:00,45.54,45.58,45.54,45.58,516
2024-12-09 19:46:00,45.52,45.52,45.52,45.52,176
2024-12-09 19:47:00,45.52,45.52,45.52,45.52,171
2024-12-09 19:48:00,45.51,45.51,45.5,45.5,305
2024-12-09 19:49:00,45.5,45.5,45.5,45.5,242
2024-12-09 19:50:00,45.535,45.535,45.535,45.535,839
2024-12-09 19:51:00,45.5,45.5,45.47,45.47,876
2024-12-09 19:52:00,45.47,45.47,45.47,45.47,503
2024-12-09 19:53:00,45.46,45.46,45.46,45.46,186
2024-12-09 19:56:00,45.47,45.47,45.47,45.47,120
2024-12-09 19:57:00,45.47,45.47,45.47,45.47,350
2024-12-09 19:58:00,45.45,45.45,45.45,45.45,252
2024-12-09 20:00:00,45.44,45.44,45.44,45.44,101
2024-12-09 20:01:00,45.495,45.495,45.495,45.495,138
2024-12-09 20:02:00,45.491,45.491,45.491,45.491,335
2024-12-09 20:03:00,45.4451,45.4451,45.4451,45.4451,418
2024-12-09 20:05:00,45.44,45.44,45.44,45.44,566
2024-12-09 20:09:00,45.46,45.47,45.43,45.44,3947
2024-12-09 20:10:00,45.43,45.43,45.38,45.38,1010
2024-12-09 20:12:00,45.39,45.39,45.38,45.38,501
2024-12-09 20:13:00,45.37,45.4289,45.37,45.39,696
2024-12-09 20:14:00,45.36,45.41,45.34,45.41,864
2024-12-09 20:15:00,45.365,45.39,45.35,45.35,684
2024-12-09 20:17:00,45.39,45.39,45.35,45.35,2825
2024-12-09 20:19:00,45.36,45.37,45.345,45.35,821
2024-12-09 20:26:00,45.35,45.37,45.335,45.36,2325
2024-12-09 20:27:00,45.36,45.36,45.36,45.36,707
2024-12-09 20:28:00,45.36,45.36,45.35,45.36,868
2024-12-09 20:29:00,45.34,45.3797,45.34,45.3797,3392
2024-12-09 20:32:00,45.365,45.365,45.34,45.3625,1960
2024-12-09 20:33:00,45.375,45.375,45.33,45.345,1593
2024-12-09 20:34:00,45.3448,45.3448,45.3,45.3,1404
2024-12-09 20:35:00,45.315,45.315,45.28,45.28,645
2024-12-09 20:37:00,45.3,45.3,45.3,45.3,315
2024-12-09 20:39:00,45.33,45.34,45.295,45.31,3876
2024-12-09 20:41:00,45.34,45.34,45.34,45.34,451
2024-12-09 20:42:00,45.36,45.36,45.34,45.34,652
2024-12-09 20:44:00,45.345,45.345,45.33,45.34,1589
2024-12-09 20:45:00,45.35,45.35,45.33,45.33,916
2024-12-09 20:46:00,45.33,45.3425,45.29,45.29,2408
2024-12-09 20:47:00,45.28,45.295,45.28,45.295,1183
2024-12-09 20:48:00,45.3199,45.3199,45.3199,45.3199,2212
2024-12-09 20:49:00,45.31,45.32,45.28,45.28,1682
2024-12-09 20:50:00,45.345,45.345,45.345,45.345,383
2024-12-09 20:51:00,45.32,45.32,45.3,45.3175,981
2024-12-09 20:52:00,45.31,45.32,45.3,45.3,1014
2024-12-09 20:53:00,45.31,45.31,45.29,45.29,1728
2024-12-09 20:54:00,45.305,45.305,45.22,45.26,6374
2024-12-09 20:55:00,45.25,45.28,45.245,45.28,2498
2024-12-09 20:56:00,45.3,45.3,45.25,45.25,6667
2024-12-09 20:57:00,45.289,45.289,45.26,45.289,2080
2024-12-09 20:58:00,45.289,45.36,45.28,45.35,9954
2024-12-09 20:59:00,45.36,45.41,45.32,45.41,18463
2024-12-09 21:00:00,45.41,45.41,45.41,45.41,1874
2024-12-09 21:20:00,45.41,45.41,45.41,45.41,100
2024-12-09 21:29:00,45.41,45.41,45.41,45.41,65013
2024-12-10 09:57:00,47.27,47.27,47.2,47.2,550
2024-12-10 09:58:00,47.09,47.09,47.09,47.09,301
2024-12-10 10:19:00,47.11,47.11,47.0,47.0,963
2024-12-10 12:07:00,47.02,47.02,47.02,47.02,100
2024-12-10 13:00:00,47.42,47.42,47.42,47.42,417
2024-12-10 13:02:00,47.42,47.42,47.42,47.42,489
2024-12-10 13:06:00,47.43,47.43,47.42,47.42,200
2024-12-10 13:48:00,47.06,47.06,47.06,47.06,420
2024-12-10 14:05:00,47.2,47.2,47.2,47.2,157
2024-12-10 14:30:00,47.0,47.05,46.93,46.93,8396
2024-12-10 14:31:00,46.96,47.06,46.86,46.87,5042
2024-12-10 14:32:00,47.015,47.015,47.015,47.015,126
2024-12-10 14:33:00,47.015,47.015,46.82,46.97,678
2024-12-10 14:34:00,46.97,47.02,46.83,46.87,4437
2024-12-10 14:35:00,46.97,47.0,46.97,47.0,931
2024-12-10 14:36:00,46.92,46.93,46.88,46.88,1871
2024-12-10 14:37:00,46.84,46.84,46.84,46.84,213
2024-12-10 14:38:00,46.84,46.95,46.79,46.875,3262
2024-12-10 14:39:00,46.8,46.8,46.78,46.78,217
2024-12-10 14:40:00,46.8521,46.875,46.8521,46.875,355
2024-12-10 14:41:00,46.79,46.91,46.79,46.91,406
2024-12-10 14:42:00,46.84,46.89,46.82,46.83,968
2024-12-10 14:43:00,46.82,46.84,46.79,46.8,1777
2024-12-10 14:44:00,46.81,46.82,46.81,46.82,1106
2024-12-10 14:45:00,46.82,46.875,46.82,46.875,1760
2024-12-10 14:46:00,47.07,47.07,46.9,46.9,1228
2024-12-10 14:47:00,46.81,46.83,46.81,46.81,960
2024-12-10 14:49:00,46.88,46.88,46.78,46.81,2087
2024-12-10 14:50:00,46.76,46.8,46.76,46.8,369
2024-12-10 14:51:00,46.795,46.795,46.795,46.795,102
2024-12-10 14:52:00,46.78,46.796,46.715,46.715,1401
2024-12-10 14:54:00,46.74,46.74,46.65,46.65,2301
2024-12-10 14:56:00,46.665,46.665,46.665,46.665,167
2024-12-10 14:57:00,46.73,46.73,46.73,46.73,201
2024-12-10 14:59:00,46.724,46.724,46.64,46.64,389
2024-12-10 15:00:00,46.665,46.79,46.665,46.79,1280
2024-12-10 15:02:00,46.75,46.8,46.74,46.8,2056
2024-12-10 15:03:00,46.865,46.865,46.865,46.865,973
2024-12-10 15:04:00,46.87,46.87,46.81,46.865,735
2024-12-10 15:05:00,46.88,46.88,46.88,46.88,407
2024-12-10 15:06:00,46.88,46.88,46.88,46.88,829
2024-12-10 15:07:00,46.85,46.885,46.85,46.865,1512
2024-12-10 15:08:00,46.85,46.85,46.795,46.795,1359
2024-12-10 15:09:00,46.795,46.795,46.795,46.795,122
2024-12-10 15:10:00,46.795,46.88,46.79,46.8,864
2024-12-10 15:11:00,46.77,46.8,46.77,46.8,626
2024-12-10 15:12:00,46.8,46.86,46.76,46.78,4847
2024-12-10 15:13:00,46.79,46.81,46.79,46.805,3315
2024-12-10 15:14:00,46.815,46.92,46.815,46.92,3206
2024-12-10 15:15:00,46.86,46.86,46.855,46.855,440
2024-12-10 15:16:00,46.855,46.9,46.855,46.855,1281
2024-12-10 15:18:00,46.91,46.97,46.91,46.97,1147
2024-12-10 15:19:00,46.97,46.97,46.97,46.97,212
2024-12-10 15:20:00,46.98,46.98,46.91,46.92,1591
2024-12-10 15:21:00,47.01,47.015,47.01,47.01,750
2024-12-10 15:22:00,47.03,47.03,46.96,46.98,2205
2024-12-10 15:23:00,46.96,46.995,46.96,46.995,599
2024-12-10 15:24:00,46.98,47.03,46.98,47.03,452
2024-12-10 15:25:00,46.99,46.99,46.975,46.975,1058
2024-12-10 15:26:00,46.99,46.99,46.94,46.945,3146
2024-12-10 15:27:00,46.945,46.97,46.94,46.95,555
2024-12-10 15:28:00,46.95,46.95,46.95,46.95,225
2024-12-10 15:29:00,46.97,46.97,46.945,46.945,1203
2024-12-10 15:30:00,46.93,46.93,46.93,46.93,232
2024-12-10 15:32:00,46.96,46.98,46.96,46.96,1002
2024-12-10 15:33:00,46.99,46.99,46.9794,46.9794,486
2024-12-10 15:35:00,46.995,47.02,46.995,47.02,375
2024-12-10 15:37:00,47.06,47.06,47.05,47.05,984
2024-12-10 15:38:00,47.055,47.055,47.04,47.04,3197
2024-12-10 15:39:00,47.0301,47.0301,47.0301,47.0301,128
2024-12-10 15:41:00,47.05,47.05,47.05,47.05,541
2024-12-10 15:43:00,47.07,47.1,47.07,47.095,1501
2024-12-10 15:44:00,47.2,47.2,47.16,47.16,481
2024-12-10 15:47:00,47.22,47.22,47.22,47.22,346
2024-12-10 15:48:00,47.26,47.26,47.26,47.26,275
2024-12-10 15:49:00,47.27,47.285,47.23,47.25,3840
2024-12-10 15:50:00,47.24,47.24,47.24,47.24,473
2024-12-10 15:51:00,47.22,47.235,47.22,47.22,1351
2024-12-10 15:52:00,47.22,47.22,47.18,47.18,1227
2024-12-10 15:53:00,47.17,47.18,47.15,47.18,1736
2024-12-10 15:54:00,47.195,47.195,47.14,47.15,2267
2024-12-10 15:55:00,47.12,47.12,47.12,47.12,218
2024-12-10 15:57:00,47.1342,47.1342,47.1342,47.1342,240
2024-12-10 15:58:00,47.15,47.17,47.15,47.17,462
2024-12-10 15:59:00,47.17,47.17,47.17,47.17,1808
2024-12-10 16:00:00,47.2086,47.2086,47.1851,47.1851,1084
2024-12-10 16:01:00,47.23,47.255,47.23,47.255,1166
2024-12-10 16:02:00,47.245,47.245,47.245,47.245,191
2024-12-10 16:04:00,47.24,47.24,47.22,47.22,2445
2024-12-10 16:05:00,47.2,47.2,47.2,47.2,758
2024-12-10 16:06:00,47.155,47.155,47.155,47.155,408
2024-12-10 16:07:00,47.155,47.16,47.15,47.16,500
2024-12-10 16:12:00,47.18,47.18,47.18,47.18,616
2024-12-10 16:13:00,47.17,47.17,47.17,47.17,755
2024-12-10 16:17:00,47.16,47.16,47.115,47.13,2196
2024-12-10 16:19:00,47.12,47.125,47.1,47.11,1550
2024-12-10 16:20:00,47.1275,47.1789,47.1,47.1789,6931
2024-12-10 16:21:00,47.16,47.18,47.146,47.17,5434
2024-12-10 16:22:00,47.17,47.17,47.13,47.13,2029
2024-12-10 16:23:00,47.1657,47.1657,47.135,47.135,383
2024-12-10 16:24:00,47.15,47.15,47.1,47.115,1752
2024-12-10 16:25:00,47.1,47.115,47.1,47.115,276
2024-12-10 16:26:00,47.1,47.11,47.04,47.04,3608
2024-12-10 16:28:00,47.08,47.08,47.08,47.08,1000
2024-12-10 16:30:00,47.085,47.085,47.085,47.085,408
2024-12-10 16:31:00,47.085,47.085,47.085,47.085,243
2024-12-10 16:32:00,47.08,47.08,47.06,47.065,1199
2024-12-10 16:33:00,47.04,47.055,47.04,47.04,646
2024-12-10 16:34:00,47.04,47.04,47.04,47.04,472
2024-12-10 16:35:00,47.03,47.062,47.02,47.062,563
2024-12-10 16:36:00,47.045,47.045,47.02,47.03,372
2024-12-10 16:37:00,47.03,47.03,47.03,47.03,206
2024-12-10 16:38:00,47.04,47.05,47.03,47.05,1394
2024-12-10 16:39:00,47.05,47.05,47.02,47.02,726
2024-12-10 16:40:00,47.02,47.06,47.02,47.06,2363
2024-12-10 16:43:00,47.07,47.09,47.07,47.09,1673
2024-12-10 16:44:00,47.12,47.12,47.12,47.12,1195
2024-12-10 16:46:00,47.1015,47.11,47.1015,47.11,582
2024-12-10 16:47:00,47.12,47.12,47.12,47.12,604
2024-12-10 16:49:00,47.11,47.13,47.11,47.11,1763
2024-12-10 16:51:00,47.09,47.09,47.09,47.09,375
2024-12-10 16:52:00,47.11,47.11,47.11,47.11,102
2024-12-10 16:54:00,47.09,47.09,47.06,47.06,1426
2024-12-10 16:55:00,47.04,47.04,47.04,47.04,116
2024-12-10 16:56:00,47.065,47.065,47.065,47.065,200
2024-12-10 16:57:00,47.075,47.075,47.075,47.075,338
2024-12-10 16:58:00,47.0601,47.0601,47.06,47.06,772
2024-12-10 16:59:00,47.05,47.0871,47.05,47.07,1722
2024-12-10 17:00:00,47.05,47.07,47.05,47.07,226
2024-12-10 17:01:00,47.05,47.07,47.05,47.07,307
2024-12-10 17:02:00,47.07,47.07,47.07,47.07,429
2024-12-10 17:03:00,47.07,47.0715,47.05,47.0715,892
2024-12-10 17:04:00,47.0662,47.0662,47.05,47.05,1725
2024-12-10 17:05:00,47.04,47.04,47.04,47.04,404
2024-12-10 17:06:00,47.01,47.01,47.01,47.01,107
2024-12-10 17:07:00,47.03,47.05,47.03,47.045,3944
2024-12-10 17:08:00,47.06,47.06,47.06,47.06,205
2024-12-10 17:09:00,47.06,47.06,47.04,47.04,961
2024-12-10 17:10:00,47.05,47.05,47.05,47.05,330
2024-12-10 17:12:00,47.05,47.05,47.05,47.05,413
2024-12-10 17:13:00,47.06,47.06,47.06,47.06,300
2024-12-10 17:14:00,47.04,47.05,47.01,47.05,3070
2024-12-10 17:15:00,47.03,47.03,47.03,47.03,111
2024-12-10 17:16:00,47.03,47.06,47.03,47.06,400
2024-12-10 17:17:00,47.07,47.08,47.06,47.07,5507
2024-12-10 17:18:00,47.07,47.07,47.07,47.07,200
2024-12-10 17:19:00,47.07,47.07,47.07,47.07,103
2024-12-10 17:20:00,47.075,47.12,47.075,47.105,3350
2024-12-10 17:21:00,47.09,47.105,47.08,47.1,1870
2024-12-10 17:22:00,47.1,47.1,47.1,47.1,1836
2024-12-10 17:23:00,47.08,47.08,47.08,47.08,693
2024-12-10 17:26:00,47.06,47.06,47.06,47.06,208
2024-12-10 17:28:00,47.05,47.05,47.045,47.045,1125
2024-12-10 17:29:00,47.04,47.045,47.03,47.03,505
2024-12-10 17:30:00,47.04,47.04,47.04,47.04,218
2024-12-10 17:31:00,47.06,47.06,47.045,47.045,2484
2024-12-10 17:32:00,47.045,47.08,47.045,47.07,3390
2024-12-10 17:33:00,47.1,47.1,47.1,47.1,797
2024-12-10 17:36:00,47.07,47.08,47.07,47.08,1217
2024-12-10 17:37:00,47.07,47.09,47.07,47.09,1458
2024-12-10 17:38:00,47.07,47.07,47.07,47.07,1268
2024-12-10 17:40:00,47.0722,47.0722,47.0722,47.0722,333
2024-12-10 17:41:00,47.09,47.09,47.08,47.08,288
2024-12-10 17:42:00,47.09,47.11,47.09,47.11,1566
2024-12-10 17:43:00,47.12,47.14,47.12,47.13,643
2024-12-10 17:45:00,47.13,47.17,47.115,47.16,2411
2024-12-10 17:46:00,47.15,47.15,47.11,47.11,1992
2024-12-10 17:48:00,47.13,47.13,47.125,47.125,834
2024-12-10 17:50:00,47.14,47.155,47.14,47.14,2620
2024-12-10 17:51:00,47.14,47.14,47.14,47.14,847
2024-12-10 17:52:00,47.11,47.11,47.11,47.11,620
2024-12-10 17:53:00,47.1,47.1,47.085,47.085,823
2024-12-10 17:54:00,47.09,47.09,47.09,47.09,366
2024-12-10 17:56:00,47.055,47.055,47.055,47.055,147
2024-12-10 17:57:00,47.04,47.04,47.04,47.04,160
2024-12-10 17:58:00,47.07,47.08,47.07,47.08,1572
2024-12-10 18:00:00,47.09,47.09,47.09,47.09,499
2024-12-10 18:01:00,47.08,47.08,47.08,47.08,304
2024-12-10 18:02:00,47.08,47.08,47.08,47.08,208
2024-12-10 18:04:00,47.05,47.06,47.05,47.06,844
2024-12-10 18:07:00,47.06,47.06,47.06,47.06,207
2024-12-10 18:08:00,47.06,47.06,47.06,47.06,1048
2024-12-10 18:12:00,47.055,47.055,47.055,47.055,179
2024-12-10 18:13:00,47.06,47.06,47.06,47.06,193
2024-12-10 18:14:00,47.07,47.09,47.07,47.09,947
2024-12-10 18:17:00,47.11,47.13,47.11,47.13,1329
2024-12-10 18:18:00,47.14,47.165,47.14,47.165,640
2024-12-10 18:19:00,47.165,47.165,47.165,47.165,101
2024-12-10 18:20:00,47.17,47.17,47.17,47.17,240
2024-12-10 18:22:00,47.165,47.165,47.165,47.165,529
2024-12-10 18:24:00,47.165,47.165,47.13,47.13,3669
2024-12-10 18:27:00,47.135,47.135,47.135,47.135,367
2024-12-10 18:29:00,47.12,47.12,47.11,47.11,2395
2024-12-10 18:31:00,47.12,47.12,47.06,47.06,1606
2024-12-10 18:32:00,47.07,47.07,47.06,47.06,419
2024-12-10 18:36:00,47.11,47.11,47.1,47.1,386
2024-12-10 18:37:00,47.1151,47.1151,47.09,47.09,620
2024-12-10 18:40:00,47.09,47.09,47.09,47.09,100
2024-12-10 18:41:00,47.1,47.1153,47.1,47.1153,366
2024-12-10 18:42:00,47.09,47.09,47.09,47.09,673
2024-12-10 18:43:00,47.0997,47.0997,47.08,47.08,400
2024-12-10 18:44:00,47.0753,47.0753,47.0753,47.0753,321
2024-12-10 18:45:00,47.07,47.08,47.06,47.06,1550
2024-12-10 18:46:00,47.05,47.06,47.05,47.06,591
2024-12-10 18:47:00,47.06,47.06,47.06,47.06,517
2024-12-10 18:49:00,47.045,47.045,47.045,47.045,158
2024-12-10 18:50:00,47.05,47.05,47.05,47.05,101
2024-12-10 18:51:00,47.04,47.04,47.04,47.04,209
2024-12-10 18:52:00,47.05,47.05,47.05,47.05,179
2024-12-10 18:53:00,47.06,47.1,47.06,47.1,1057
2024-12-10 18:56:00,47.07,47.07,47.07,47.07,223
2024-12-10 18:57:00,47.1,47.1,47.1,47.1,302
2024-12-10 18:58:00,47.1,47.1,47.1,47.1,128
2024-12-10 19:00:00,47.07,47.07,47.06,47.07,866
2024-12-10 19:01:00,47.0502,47.0502,47.0502,47.0502,128
2024-12-10 19:03:00,47.07,47.07,47.07,47.07,436
2024-12-10 19:04:00,47.06,47.06,47.06,47.06,241
2024-12-10 19:05:00,47.0685,47.0685,47.0685,47.0685,506
2024-12-10 19:08:00,47.05,47.05,47.04,47.05,1668
2024-12-10 19:09:00,47.04,47.07,47.04,47.07,1067
2024-12-10 19:15:00,47.06,47.074,47.06,47.074,532
2024-12-10 19:16:00,47.08,47.08,47.08,47.08,142
2024-12-10 19:18:00,47.08,47.08,47.08,47.08,722
2024-12-10 19:19:00,47.1,47.1,47.1,47.1,618
2024-12-10 19:20:00,47.11,47.11,47.11,47.11,294
2024-12-10 19:21:00,47.11,47.11,47.095,47.095,378
2024-12-10 19:22:00,47.11,47.11,47.11,47.11,445
2024-12-10 19:23:00,47.12,47.12,47.12,47.12,548
2024-12-10 19:24:00,47.12,47.12,47.12,47.12,449
2024-12-10 19:26:00,47.12,47.1383,47.12,47.1383,341
2024-12-10 19:27:00,47.12,47.13,47.12,47.13,2393
2024-12-10 19:28:00,47.13,47.14,47.13,47.13,1260
2024-12-10 19:30:00,47.12,47.15,47.12,47.15,1675
2024-12-10 19:32:00,47.18,47.205,47.18,47.2,3808
2024-12-10 19:33:00,47.2,47.21,47.1903,47.205,3903
2024-12-10 19:34:00,47.2,47.2,47.16,47.16,2104
2024-12-10 19:37:00,47.17,47.205,47.17,47.205,1114
2024-12-10 19:38:00,47.2,47.2,47.2,47.2,780
2024-12-10 19:39:00,47.19,47.19,47.17,47.19,999
2024-12-10 19:40:00,47.19,47.19,47.19,47.19,140
2024-12-10 19:41:00,47.18,47.21,47.175,47.21,2839
2024-12-10 19:42:00,47.2,47.2,47.2,47.2,1162
2024-12-10 19:43:00,47.205,47.205,47.2,47.2,753
2024-12-10 19:44:00,47.2,47.2,47.19,47.2,870
2024-12-10 19:45:00,47.2,47.2075,47.2,47.2075,659
2024-12-10 19:50:00,47.2,47.2,47.2,47.2,300
2024-12-10 19:51:00,47.2,47.2,47.2,47.2,128
2024-12-10 19:52:00,47.18,47.18,47.18,47.18,1203
2024-12-10 19:55:00,47.18,47.18,47.18,47.18,148
2024-12-10 19:56:00,47.18,47.18,47.18,47.18,419
2024-12-10 19:58:00,47.1557,47.1557,47.1557,47.1557,511
2024-12-10 19:59:00,47.16,47.19,47.15,47.19,1570
2024-12-10 20:00:00,47.19,47.19,47.19,47.19,758
2024-12-10 20:01:00,47.21,47.21,47.21,47.21,656
2024-12-10 20:02:00,47.21,47.21,47.2,47.2,1827
2024-12-10 20:03:00,47.195,47.195,47.195,47.195,275
2024-12-10 20:04:00,47.19,47.19,47.17,47.17,956
2024-12-10 20:08:00,47.18,47.18,47.14,47.15,3082
2024-12-10 20:10:00,47.13,47.13,47.1,47.1,1353
2024-12-10 20:11:00,47.09,47.1,47.09,47.1,757
2024-12-10 20:12:00,47.09,47.09,47.09,47.09,226
2024-12-10 20:13:00,47.09,47.095,47.09,47.095,761
2024-12-10 20:14:00,47.08,47.08,47.08,47.08,527
2024-12-10 20:15:00,47.08,47.0942,47.055,47.075,6028
2024-12-10 20:16:00,47.105,47.11,47.105,47.11,1444
2024-12-10 20:17:00,47.1,47.1,47.0998,47.1,761
2024-12-10 20:19:00,47.1,47.13,47.1,47.13,1115
2024-12-10 20:20:00,47.12,47.12,47.11,47.11,2301
2024-12-10 20:22:00,47.11,47.11,47.11,47.11,117
2024-12-10 20:23:00,47.11,47.12,47.11,47.12,624
2024-12-10 20:24:00,47.12,47.12,47.1,47.1,249
2024-12-10 20:26:00,47.11,47.11,47.11,47.11,264
2024-12-10 20:28:00,47.1,47.1,47.08,47.08,2456
2024-12-10 20:29:00,47.07,47.08,47.05,47.079,2819
2024-12-10 20:30:00,47.06,47.06,47.06,47.06,311
2024-12-10 20:31:00,47.05,47.065,47.05,47.065,448
2024-12-10 20:33:00,47.05,47.065,47.05,47.065,415
2024-12-10 20:34:00,47.05,47.055,47.01,47.01,1706
2024-12-10 20:35:00,47.0,47.039,47.0,47.009,728
2024-12-10 20:36:00,47.01,47.01,47.01,47.01,129
2024-12-10 20:37:00,47.02,47.02,47.0,47.0,2267
2024-12-10 20:38:00,47.02,47.067,47.02,47.067,2249
2024-12-10 20:39:00,47.077,47.077,47.07,47.07,422
2024-12-10 20:40:00,47.06,47.06,47.06,47.06,399
2024-12-10 20:41:00,47.06,47.07,47.06,47.07,863
2024-12-10 20:42:00,47.08,47.11,47.08,47.11,1448
2024-12-10 20:43:00,47.1,47.12,47.1,47.12,922
2024-12-10 20:45:00,47.125,47.137,47.11,47.12,2212
2024-12-10 20:46:00,47.12,47.159,47.11,47.14,3927
2024-12-10 20:47:00,47.14,47.15,47.11,47.11,2289
2024-12-10 20:48:00,47.12,47.12,47.09,47.1,3470
2024-12-10 20:49:00,47.1,47.108,47.09,47.1,2570
2024-12-10 20:50:00,47.09,47.09,47.055,47.0693,2097
2024-12-10 20:51:00,47.075,47.079,47.03,47.035,3703
2024-12-10 20:52:00,47.03,47.039,47.0,47.01,2076
2024-12-10 20:53:00,47.005,47.005,47.005,47.005,670
2024-12-10 20:54:00,47.005,47.02,47.0,47.0,2168
2024-12-10 20:55:00,46.99,47.0,46.99,46.99,1553
2024-12-10 20:56:00,46.991,47.01,46.99,47.01,3762
2024-12-10 20:57:00,47.0,47.005,46.995,46.995,2566
2024-12-10 20:58:00,46.99,46.99,46.961,46.97,4491
2024-12-10 20:59:00,46.97,47.0,46.95,46.96,10373
2024-12-10 21:17:00,47.25,47.25,47.25,47.25,1000
2024-12-10 21:30:00,47.4,47.4,47.4,47.4,800
2024-12-10 21:31:00,47.4,47.4,47.4,47.4,100
2024-12-10 21:36:00,47.4,47.4,47.4,47.4,100
2024-12-11 12:00:00,47.4,47.4,47.4,47.4,1300
2024-12-11 12:18:00,47.99,47.99,47.99,47.99,120
2024-12-11 12:34:00,47.85,47.85,47.25,47.25,1150
2024-12-11 14:29:00,47.74,47.74,47.74,47.74,452
2024-12-11 14:30:00,47.44,47.46,47.44,47.46,5261
2024-12-11 14:31:00,47.45,47.565,47.43,47.565,3339
2024-12-11 14:36:00,47.54,47.61,47.52,47.61,823
2024-12-11 14:37:00,47.61,47.61,47.585,47.59,1782
2024-12-11 14:38:00,47.59,47.61,47.53,47.58,3236
2024-12-11 14:39:00,47.61,47.61,47.55,47.58,425
2024-12-11 14:40:00,47.56,47.56,47.56,47.56,188
2024-12-11 14:41:00,47.56,47.58,47.54,47.54,1569
2024-12-11 14:42:00,47.55,47.57,47.36,47.39,10430
2024-12-11 14:43:00,47.445,47.545,47.39,47.545,3421
2024-12-11 14:44:00,47.49,47.54,47.48,47.54,533
2024-12-11 14:46:00,47.53,47.53,47.53,47.53,133
2024-12-11 14:47:00,47.5,47.525,47.45,47.46,3599
2024-12-11 14:48:00,47.49,47.5281,47.45,47.475,955
2024-12-11 14:49:00,47.47,47.475,47.47,47.475,799
2024-12-11 14:50:00,47.475,47.475,47.43,47.43,1269
2024-12-11 14:51:00,47.445,47.45,47.42,47.42,1428
2024-12-11 14:52:00,47.44,47.44,47.44,47.44,250
2024-12-11 14:53:00,47.465,47.47,47.465,47.47,1179
2024-12-11 14:54:00,47.47,47.47,47.465,47.465,441
2024-12-11 14:55:00,47.49,47.5,47.465,47.5,2695
2024-12-11 14:57:00,47.41,47.45,47.37,47.45,1554
2024-12-11 14:58:00,47.465,47.465,47.465,47.465,150
2024-12-11 14:59:00,47.45,47.45,47.45,47.45,115
2024-12-11 15:00:00,47.43,47.455,47.42,47.42,688
2024-12-11 15:01:00,47.45,47.45,47.45,47.45,413
2024-12-11 15:02:00,47.44,47.44,47.44,47.44,229
2024-12-11 15:03:00,47.445,47.445,47.445,47.445,188
2024-12-11 15:04:00,47.38,47.445,47.38,47.445,247
2024-12-11 15:05:00,47.455,47.455,47.4,47.4,746
2024-12-11 15:06:00,47.38,47.43,47.38,47.43,1573
2024-12-11 15:07:00,47.445,47.45,47.445,47.45,1016
2024-12-11 15:08:00,47.445,47.445,47.425,47.425,962
2024-12-11 15:10:00,47.3965,47.425,47.3965,47.425,231
2024-12-11 15:11:00,47.46,47.46,47.46,47.46,111
2024-12-11 15:12:00,47.46,47.465,47.46,47.465,1318
2024-12-11 15:14:00,47.42,47.46,47.41,47.46,700
2024-12-11 15:16:00,47.46,47.46,47.46,47.46,351
2024-12-11 15:17:00,47.5199,47.5199,47.5199,47.5199,185
2024-12-11 15:20:00,47.42,47.42,47.42,47.42,356
2024-12-11 15:22:00,47.42,47.47,47.42,47.47,1054
2024-12-11 15:23:00,47.5135,47.5135,47.41,47.46,551
2024-12-11 15:24:00,47.46,47.46,47.46,47.46,135
2024-12-11 15:25:00,47.404,47.46,47.404,47.46,830
2024-12-11 15:28:00,47.43,47.455,47.4,47.455,366
2024-12-11 15:29:00,47.455,47.455,47.4,47.4,520
2024-12-11 15:32:00,47.43,47.43,47.43,47.43,265
2024-12-11 15:33:00,47.43,47.46,47.43,47.46,354
2024-12-11 15:34:00,47.44,47.445,47.44,47.445,546
2024-12-11 15:35:00,47.44,47.44,47.37,47.39,2323
2024-12-11 15:36:00,47.4,47.42,47.4,47.42,1046
2024-12-11 15:37:00,47.4,47.4,47.4,47.4,239
2024-12-11 15:40:00,47.4,47.43,47.4,47.43,316
2024-12-11 15:41:00,47.405,47.405,47.405,47.405,118
2024-12-11 15:43:00,47.39,47.39,47.39,47.39,814
2024-12-11 15:45:00,47.41,47.4175,47.41,47.4175,350
2024-12-11 15:46:00,47.41,47.41,47.41,47.41,134
2024-12-11 15:47:00,47.41,47.41,47.41,47.41,369
2024-12-11 15:48:00,47.41,47.41,47.405,47.405,696
2024-12-11 15:49:00,47.41,47.41,47.38,47.4,1429
2024-12-11 15:50:00,47.42,47.42,47.42,47.42,156
2024-12-11 15:51:00,47.4,47.42,47.4,47.42,885
2024-12-11 15:52:00,47.4,47.41,47.4,47.41,1850
2024-12-11 15:53:00,47.41,47.41,47.41,47.41,4014
2024-12-11 15:55:00,47.43,47.43,47.42,47.43,640
2024-12-11 15:56:00,47.445,47.445,47.43,47.43,435
2024-12-11 15:57:00,47.42,47.42,47.42,47.42,273
2024-12-11 15:58:00,47.44,47.44,47.4,47.4,445
2024-12-11 16:01:00,47.41,47.41,47.38,47.38,1402
2024-12-11 16:02:00,47.42,47.4346,47.42,47.4346,397
2024-12-11 16:03:00,47.39,47.39,47.39,47.39,146
2024-12-11 16:04:00,47.39,47.39,47.385,47.39,798
2024-12-11 16:06:00,47.425,47.425,47.425,47.425,321
2024-12-11 16:07:00,47.46,47.46,47.37,47.37,717
2024-12-11 16:08:00,47.375,47.38,47.36,47.365,870
2024-12-11 16:10:00,47.34,47.39,47.34,47.38,431
2024-12-11 16:11:00,47.4,47.41,47.4,47.41,1249
2024-12-11 16:12:00,47.39,47.39,47.39,47.39,103
2024-12-11 16:13:00,47.41,47.41,47.41,47.41,234
2024-12-11 16:14:00,47.39,47.39,47.33,47.385,6258
2024-12-11 16:15:00,47.385,47.385,47.385,47.385,107
2024-12-11 16:16:00,47.39,47.39,47.39,47.39,282
2024-12-11 16:17:00,47.39,47.39,47.36,47.385,560
2024-12-11 16:18:00,47.38,47.38,47.37,47.375,396
2024-12-11 16:19:00,47.32,47.345,47.31,47.33,1282
2024-12-11 16:20:00,47.33,47.36,47.33,47.36,1506
2024-12-11 16:21:00,47.405,47.405,47.405,47.405,294
2024-12-11 16:22:00,47.365,47.365,47.365,47.365,135
2024-12-11 16:23:00,47.37,47.37,47.37,47.37,101
2024-12-11 16:24:00,47.35,47.375,47.35,47.375,234
2024-12-11 16:25:00,47.3586,47.39,47.3586,47.37,577
2024-12-11 16:27:00,47.37,47.37,47.37,47.37,596
2024-12-11 16:28:00,47.41,47.41,47.41,47.41,326
2024-12-11 16:29:00,47.3825,47.3825,47.3825,47.3825,201
2024-12-11 16:31:00,47.41,47.41,47.41,47.41,122
2024-12-11 16:32:00,47.4,47.4,47.4,47.4,174
2024-12-11 16:34:00,47.41,47.41,47.41,47.41,263
2024-12-11 16:35:00,47.4,47.42,47.4,47.415,2879
2024-12-11 16:36:00,47.42,47.42,47.42,47.42,448
2024-12-11 16:37:00,47.43,47.43,47.42,47.425,784
2024-12-11 16:39:00,47.42,47.435,47.42,47.435,222
2024-12-11 16:41:00,47.43,47.46,47.43,47.44,1052
2024-12-11 16:42:00,47.46,47.46,47.45,47.455,1627
2024-12-11 16:43:00,47.469,47.47,47.469,47.47,486
2024-12-11 16:45:00,47.4615,47.47,47.4615,47.47,801
2024-12-11 16:46:00,47.47,47.47,47.47,47.47,129
2024-12-11 16:47:00,47.47,47.47,47.455,47.455,1782
2024-12-11 16:49:00,47.46,47.46,47.46,47.46,150
2024-12-11 16:50:00,47.46,47.465,47.45,47.465,465
2024-12-11 16:51:00,47.45,47.48,47.45,47.48,227
2024-12-11 16:54:00,47.4785,47.4785,47.465,47.465,210
2024-12-11 16:55:00,47.45,47.45,47.45,47.45,105
2024-12-11 16:57:00,47.45,47.49,47.45,47.48,1349
2024-12-11 16:58:00,47.5,47.555,47.5,47.555,2694
2024-12-11 17:01:00,47.53,47.55,47.52,47.52,897
2024-12-11 17:02:00,47.53,47.53,47.52,47.525,1433
2024-12-11 17:06:00,47.52,47.52,47.52,47.52,124
2024-12-11 17:07:00,47.52,47.545,47.52,47.545,659
2024-12-11 17:09:00,47.51,47.545,47.51,47.545,215
2024-12-11 17:11:00,47.52,47.52,47.52,47.52,233
2024-12-11 17:12:00,47.52,47.52,47.52,47.52,114
2024-12-11 17:13:00,47.51,47.52,47.505,47.505,817
2024-12-11 17:14:00,47.49,47.49,47.49,47.49,107
2024-12-11 17:15:00,47.515,47.515,47.515,47.515,212
2024-12-11 17:16:00,47.5,47.52,47.5,47.52,259
2024-12-11 17:17:00,47.52,47.52,47.52,47.52,477
2024-12-11 17:18:00,47.52,47.52,47.5,47.52,401
2024-12-11 17:20:00,47.5,47.5,47.47,47.48,1076
2024-12-11 17:21:00,47.44,47.52,47.44,47.5,5109
2024-12-11 17:22:00,47.5,47.5,47.5,47.5,300
2024-12-11 17:26:00,47.495,47.495,47.495,47.495,182
2024-12-11 17:27:00,47.495,47.495,47.495,47.495,189
2024-12-11 17:28:00,47.5,47.5,47.495,47.5,456
2024-12-11 17:29:00,47.48,47.51,47.48,47.5,3205
2024-12-11 17:30:00,47.5,47.5,47.5,47.5,972
2024-12-11 17:31:00,47.51,47.51,47.51,47.51,551
2024-12-11 17:32:00,47.5011,47.518,47.5,47.518,2140
2024-12-11 17:33:00,47.505,47.505,47.505,47.505,1070
2024-12-11 17:34:00,47.505,47.505,47.505,47.505,200
2024-12-11 17:37:00,47.5,47.5,47.5,47.5,122
2024-12-11 17:39:00,47.49,47.49,47.49,47.49,478
2024-12-11 17:40:00,47.51,47.535,47.51,47.535,2113
2024-12-11 17:41:00,47.535,47.535,47.535,47.535,606
2024-12-11 17:42:00,47.535,47.535,47.535,47.535,150
2024-12-11 17:44:00,47.55,47.56,47.55,47.55,2009
2024-12-11 17:45:00,47.56,47.57,47.56,47.57,360
2024-12-11 17:46:00,47.56,47.56,47.56,47.56,172
2024-12-11 17:47:00,47.555,47.555,47.555,47.555,144
2024-12-11 17:49:00,47.56,47.56,47.55,47.555,643
2024-12-11 17:54:00,47.55,47.55,47.55,47.55,213
2024-12-11 17:56:00,47.55,47.57,47.55,47.57,978
2024-12-11 17:57:00,47.58,47.615,47.58,47.605,4661
2024-12-11 17:59:00,47.605,47.62,47.59,47.61,2459
2024-12-11 18:01:00,47.62,47.62,47.62,47.62,125
2024-12-11 18:02:00,47.62,47.62,47.62,47.62,204
2024-12-11 18:04:00,47.6197,47.625,47.6197,47.625,1426
2024-12-11 18:06:00,47.625,47.625,47.604,47.604,822
2024-12-11 18:07:00,47.615,47.615,47.615,47.615,155
2024-12-11 18:09:00,47.6,47.6,47.6,47.6,190
2024-12-11 18:11:00,47.59,47.59,47.58,47.58,474
2024-12-11 18:13:00,47.57,47.57,47.55,47.56,972
2024-12-11 18:14:00,47.55,47.55,47.55,47.55,146
2024-12-11 18:16:00,47.55,47.55,47.55,47.55,113
2024-12-11 18:19:00,47.56,47.56,47.56,47.56,133
2024-12-11 18:20:00,47.56,47.56,47.56,47.56,127
2024-12-11 18:23:00,47.56,47.605,47.56,47.605,1087
2024-12-11 18:24:00,47.61,47.61,47.61,47.61,129
2024-12-11 18:25:00,47.61,47.61,47.61,47.61,337
2024-12-11 18:26:00,47.61,47.62,47.61,47.61,765
2024-12-11 18:27:00,47.63,47.645,47.62,47.62,2793
2024-12-11 18:28:00,47.62,47.64,47.62,47.64,626
2024-12-11 18:29:00,47.64,47.65,47.64,47.65,489
2024-12-11 18:32:00,47.65,47.65,47.65,47.65,500
2024-12-11 18:34:00,47.63,47.63,47.62,47.62,491
2024-12-11 18:37:00,47.62,47.635,47.62,47.635,245
2024-12-11 18:39:00,47.62,47.62,47.62,47.62,100
2024-12-11 18:40:00,47.635,47.635,47.635,47.635,273
2024-12-11 18:41:00,47.62,47.62,47.62,47.62,279
2024-12-11 18:42:00,47.58,47.58,47.58,47.58,224
2024-12-11 18:44:00,47.59,47.59,47.56,47.56,814
2024-12-11 18:47:00,47.57,47.57,47.57,47.57,137
2024-12-11 18:49:00,47.56,47.56,47.56,47.56,154
2024-12-11 18:50:00,47.56,47.56,47.56,47.56,509
2024-12-11 18:52:00,47.54,47.55,47.54,47.54,493
2024-12-11 18:54:00,47.44,47.44,47.44,47.44,240
2024-12-11 18:56:00,47.45,47.45,47.45,47.45,102
2024-12-11 18:59:00,47.45,47.45,47.44,47.44,552
2024-12-11 19:00:00,47.46,47.46,47.46,47.46,150
2024-12-11 19:03:00,47.45,47.45,47.45,47.45,103
2024-12-11 19:06:00,47.45,47.48,47.45,47.475,1030
2024-12-11 19:08:00,47.48,47.48,47.48,47.48,101
2024-12-11 19:09:00,47.48,47.49,47.48,47.49,1299
2024-12-11 19:11:00,47.485,47.485,47.485,47.485,104
2024-12-11 19:13:00,47.5,47.52,47.5,47.52,688
2024-12-11 19:14:00,47.51,47.52,47.51,47.52,1076
2024-12-11 19:15:00,47.51,47.538,47.5,47.51,4007
2024-12-11 19:16:00,47.5,47.5,47.5,47.5,1311
2024-12-11 19:18:00,47.5,47.5,47.5,47.5,405
2024-12-11 19:20:00,47.51,47.51,47.495,47.495,626
2024-12-11 19:21:00,47.51,47.51,47.5,47.5,1146
2024-12-11 19:25:00,47.51,47.51,47.51,47.51,194
2024-12-11 19:28:00,47.51,47.51,47.51,47.51,561
2024-12-11 19:29:00,47.51,47.51,47.51,47.51,210
2024-12-11 19:30:00,47.5,47.51,47.5,47.51,317
2024-12-11 19:31:00,47.51,47.53,47.51,47.53,542
2024-12-11 19:32:00,47.53,47.58,47.53,47.58,1851
2024-12-11 19:33:00,47.615,47.615,47.61,47.61,604
2024-12-11 19:35:00,47.61,47.61,47.61,47.61,369
2024-12-11 19:36:00,47.65,47.66,47.65,47.66,468
2024-12-11 19:37:00,47.6581,47.6581,47.635,47.635,1141
2024-12-11 19:39:00,47.665,47.665,47.665,47.665,116
2024-12-11 19:40:00,47.665,47.665,47.665,47.665,220
2024-12-11 19:41:00,47.72,47.72,47.67,47.67,1008
2024-12-11 19:44:00,47.72,47.72,47.72,47.72,512
2024-12-11 19:45:00,47.7,47.7,47.7,47.7,352
2024-12-11 19:46:00,47.68,47.68,47.63,47.68,414
2024-12-11 19:48:00,47.685,47.685,47.67,47.67,476
2024-12-11 19:49:00,47.64,47.665,47.64,47.665,522
2024-12-11 19:50:00,47.66,47.66,47.66,47.66,284
2024-12-11 19:51:00,47.65,47.65,47.65,47.65,100
2024-12-11 19:53:00,47.68,47.68,47.68,47.68,239
2024-12-11 19:54:00,47.675,47.675,47.67,47.67,673
2024-12-11 19:55:00,47.67,47.67,47.67,47.67,116
2024-12-11 19:56:00,47.69,47.69,47.69,47.69,1840
2024-12-11 19:57:00,47.71,47.73,47.71,47.73,367
2024-12-11 19:58:00,47.725,47.725,47.725,47.725,1398
2024-12-11 20:00:00,47.72,47.72,47.72,47.72,503
2024-12-11 20:01:00,47.71,47.715,47.71,47.715,1030
2024-12-11 20:03:00,47.72,47.72,47.72,47.72,100
2024-12-11 20:05:00,47.715,47.715,47.715,47.715,345
2024-12-11 20:07:00,47.7166,47.7166,47.7,47.715,661
2024-12-11 20:08:00,47.7,47.7,47.69,47.69,1126
2024-12-11 20:09:00,47.67,47.67,47.67,47.67,224
2024-12-11 20:10:00,47.66,47.67,47.66,47.67,637
2024-12-11 20:11:00,47.68,47.685,47.68,47.685,1449
2024-12-11 20:16:00,47.695,47.72,47.695,47.71,1974
2024-12-11 20:20:00,47.6901,47.6901,47.6901,47.6901,186
2024-12-11 20:22:00,47.7194,47.73,47.705,47.73,1802
2024-12-11 20:23:00,47.74,47.76,47.74,47.76,501
2024-12-11 20:25:00,47.74,47.74,47.74,47.74,147
2024-12-11 20:28:00,47.735,47.735,47.735,47.735,1221
2024-12-11 20:29:00,47.735,47.735,47.735,47.735,781
2024-12-11 20:30:00,47.735,47.735,47.71,47.72,1583
2024-12-11 20:31:00,47.7,47.7,47.7,47.7,271
2024-12-11 20:32:00,47.72,47.72,47.72,47.72,380
2024-12-11 20:33:00,47.7,47.715,47.7,47.715,202
2024-12-11 20:34:00,47.71,47.71,47.7,47.7,943
2024-12-11 20:36:00,47.69,47.696,47.69,47.696,663
2024-12-11 20:37:00,47.7,47.7,47.7,47.7,153
2024-12-11 20:38:00,47.69,47.69,47.69,47.69,110
2024-12-11 20:39:00,47.69,47.75,47.69,47.75,3605
2024-12-11 20:40:00,47.74,47.74,47.74,47.74,308
2024-12-11 20:41:00,47.73,47.75,47.73,47.75,651
2024-12-11 20:42:00,47.745,47.745,47.745,47.745,534
2024-12-11 20:43:00,47.745,47.745,47.745,47.745,287
2024-12-11 20:45:00,47.73,47.75,47.73,47.74,699
2024-12-11 20:46:00,47.74,47.74,47.74,47.74,631
2024-12-11 20:47:00,47.74,47.75,47.74,47.75,1105
2024-12-11 20:48:00,47.75,47.75,47.745,47.745,600
2024-12-11 20:49:00,47.745,47.745,47.74,47.74,392
2024-12-11 20:50:00,47.74,47.75,47.73,47.74,2498
2024-12-11 20:51:00,47.725,47.73,47.71,47.715,2069
2024-12-11 20:52:00,47.715,47.72,47.715,47.72,982
2024-12-11 20:53:00,47.71,47.71,47.7,47.7,1191
2024-12-11 20:54:00,47.7,47.71,47.69,47.69,2260
2024-12-11 20:55:00,47.69,47.7,47.67,47.69,7608
2024-12-11 20:56:00,47.68,47.69,47.665,47.665,2971
2024-12-11 20:57:00,47.67,47.67,47.66,47.67,3386
2024-12-11 20:58:00,47.66,47.67,47.6,47.67,12189
2024-12-11 20:59:00,47.68,47.7,47.63,47.7,7338
2024-12-11 21:00:00,47.68,47.68,47.68,47.68,1568
2024-12-12 13:57:00,47.68,47.68,47.68,47.68,150609
2024-12-12 14:05:00,47.68,47.68,47.68,47.68,5000
2024-12-12 14:30:00,47.43,47.43,47.43,47.43,2229
2024-12-12 14:34:00,47.39,47.535,47.37,47.535,323
2024-12-12 14:35:00,47.39,47.39,47.39,47.39,508
2024-12-12 14:36:00,47.483,47.483,47.483,47.483,180
2024-12-12 14:39:00,47.48,47.48,47.48,47.48,263
2024-12-12 14:45:00,47.58,47.62,47.57,47.605,5234
2024-12-12 14:46:00,47.605,47.605,47.53,47.53,349
2024-12-12 14:47:00,47.54,47.54,47.54,47.54,698
2024-12-12 14:50:00,47.61,47.61,47.61,47.61,148
2024-12-12 14:52:00,47.62,47.62,47.62,47.62,113
2024-12-12 14:53:00,47.6,47.685,47.6,47.685,222
2024-12-12 14:56:00,47.62,47.62,47.62,47.62,105
2024-12-12 14:57:00,47.62,47.66,47.62,47.66,500
2024-12-12 14:58:00,47.555,47.555,47.555,47.555,126
2024-12-12 14:59:00,47.62,47.62,47.61,47.61,279
2024-12-12 15:01:00,47.63,47.64,47.63,47.64,349
2024-12-12 15:03:00,47.64,47.66,47.62,47.62,925
2024-12-12 15:04:00,47.62,47.62,47.62,47.62,248
2024-12-12 15:06:00,47.65,47.65,47.65,47.65,135
2024-12-12 15:08:00,47.61,47.615,47.61,47.615,275
2024-12-12 15:09:00,47.65,47.65,47.605,47.605,316
2024-12-12 15:10:00,47.64,47.64,47.64,47.64,143
2024-12-12 15:11:00,47.56,47.56,47.56,47.56,368
2024-12-12 15:18:00,47.625,47.625,47.625,47.625,341
2024-12-12 15:19:00,47.62,47.62,47.62,47.62,118
2024-12-12 15:21:00,47.61,47.61,47.61,47.61,261
2024-12-12 15:25:00,47.58,47.65,47.58,47.64,1229
2024-12-12 15:26:00,47.62,47.65,47.61,47.65,487
2024-12-12 15:30:00,47.63,47.63,47.6,47.6,312
2024-12-12 15:32:00,47.64,47.64,47.62,47.62,312
2024-12-12 15:33:00,47.61,47.62,47.61,47.62,203
2024-12-12 15:34:00,47.59,47.61,47.59,47.61,528
2024-12-12 15:35:00,47.58,47.58,47.58,47.58,618
2024-12-12 15:37:00,47.56,47.56,47.56,47.56,112
2024-12-12 15:38:00,47.57,47.57,47.55,47.55,873
2024-12-12 15:39:00,47.55,47.55,47.51,47.54,1471
2024-12-12 15:41:00,47.54,47.54,47.53,47.54,786
2024-12-12 15:42:00,47.53,47.53,47.53,47.53,302
2024-12-12 15:43:00,47.54,47.54,47.42,47.465,1521
2024-12-12 15:46:00,47.52,47.52,47.52,47.52,550
2024-12-12 15:49:00,47.52,47.52,47.52,47.52,476
2024-12-12 15:50:00,47.5,47.51,47.5,47.5,776
2024-12-12 15:51:00,47.51,47.51,47.51,47.51,105
2024-12-12 15:55:00,47.54,47.54,47.54,47.54,377
2024-12-12 15:56:00,47.56,47.56,47.56,47.56,304
2024-12-12 15:58:00,47.58,47.58,47.58,47.58,259
2024-12-12 16:00:00,47.61,47.61,47.61,47.61,361
2024-12-12 16:02:00,47.6,47.68,47.6,47.68,1203
2024-12-12 16:03:00,47.72,47.73,47.72,47.73,428
2024-12-12 16:04:00,47.755,47.76,47.755,47.76,440
2024-12-12 16:05:00,47.76,47.76,47.76,47.76,212
2024-12-12 16:06:00,47.76,47.76,47.76,47.76,355
2024-12-12 16:07:00,47.78,47.78,47.78,47.78,303
2024-12-12 16:08:00,47.74,47.775,47.74,47.775,815
2024-12-12 16:09:00,47.79,47.8,47.755,47.755,1112
2024-12-12 16:10:00,47.78,47.78,47.765,47.765,2293
2024-12-12 16:11:00,47.785,47.79,47.78,47.79,711
2024-12-12 16:12:00,47.77,47.8,47.77,47.78,632
2024-12-12 16:14:00,47.79,47.79,47.775,47.775,216
2024-12-12 16:15:00,47.765,47.765,47.765,47.765,369
2024-12-12 16:16:00,47.79,47.79,47.7467,47.7467,226
2024-12-12 16:17:00,47.79,47.79,47.78,47.78,512
2024-12-12 16:18:00,47.795,47.795,47.73,47.73,2359
2024-12-12 16:19:00,47.78,47.78,47.78,47.78,218
2024-12-12 16:20:00,47.79,47.79,47.744,47.7726,1015
2024-12-12 16:21:00,47.775,47.775,47.75,47.77,1193
2024-12-12 16:23:00,47.78,47.78,47.78,47.78,136
2024-12-12 16:24:00,47.765,47.765,47.765,47.765,122
2024-12-12 16:25:00,47.78,47.8,47.78,47.8,642
2024-12-12 16:26:00,47.7875,47.7875,47.78,47.78,344
2024-12-12 16:27:00,47.8,47.8,47.78,47.78,707
2024-12-12 16:28:00,47.81,47.81,47.81,47.81,352
2024-12-12 16:29:00,47.82,47.85,47.82,47.85,1139
2024-12-12 16:30:00,47.86,47.86,47.85,47.85,1068
2024-12-12 16:31:00,47.83,47.855,47.83,47.85,657
2024-12-12 16:32:00,47.82,47.86,47.82,47.86,860
2024-12-12 16:34:00,47.86,47.86,47.86,47.86,204
2024-12-12 16:36:00,47.86,47.86,47.85,47.85,331
2024-12-12 16:37:00,47.85,47.85,47.85,47.85,221
2024-12-12 16:38:00,47.85,47.85,47.82,47.84,666
2024-12-12 16:39:00,47.85,47.85,47.85,47.85,101
2024-12-12 16:41:00,47.85,47.85,47.85,47.85,109
2024-12-12 16:42:00,47.85,47.85,47.85,47.85,100
2024-12-12 16:43:00,47.86,47.86,47.86,47.86,123
2024-12-12 16:44:00,47.86,47.86,47.86,47.86,152
2024-12-12 16:45:00,47.86,47.86,47.845,47.845,311
2024-12-12 16:46:00,47.84,47.84,47.82,47.84,1146
2024-12-12 16:47:00,47.83,47.83,47.78,47.78,6755
2024-12-12 16:48:00,47.75,47.77,47.75,47.77,353
2024-12-12 16:49:00,47.76,47.76,47.76,47.76,544
2024-12-12 16:51:00,47.78,47.78,47.78,47.78,410
2024-12-12 16:53:00,47.82,47.82,47.82,47.82,137
2024-12-12 16:54:00,47.82,47.82,47.82,47.82,117
2024-12-12 16:55:00,47.775,47.775,47.775,47.775,237
2024-12-12 16:56:00,47.82,47.82,47.82,47.82,112
2024-12-12 16:57:00,47.82,47.82,47.82,47.82,119
2024-12-12 16:58:00,47.79,47.79,47.79,47.79,462
2024-12-12 16:59:00,47.79,47.79,47.79,47.79,356
2024-12-12 17:01:00,47.745,47.79,47.745,47.79,373
2024-12-12 17:02:00,47.79,47.79,47.79,47.79,235
2024-12-12 17:03:00,47.8,47.8,47.8,47.8,138
2024-12-12 17:05:00,47.8,47.8,47.8,47.8,142
2024-12-12 17:06:00,47.8,47.8,47.8,47.8,125
2024-12-12 17:07:00,47.8,47.8,47.8,47.8,113
2024-12-12 17:09:00,47.8,47.85,47.8,47.85,1074
2024-12-12 17:11:00,47.85,47.85,47.85,47.85,359
2024-12-12 17:12:00,47.86,47.86,47.84,47.86,344
2024-12-12 17:14:00,47.86,47.86,47.86,47.86,389
2024-12-12 17:16:00,47.905,47.92,47.905,47.92,410
2024-12-12 17:17:00,47.93,47.93,47.93,47.93,231
2024-12-12 17:18:00,47.925,47.925,47.9,47.9,1010
2024-12-12 17:19:00,47.92,47.92,47.895,47.895,494
2024-12-12 17:20:00,47.88,47.91,47.88,47.91,225
2024-12-12 17:22:00,47.895,47.895,47.88,47.88,366
2024-12-12 17:23:00,47.89,47.89,47.89,47.89,140
2024-12-12 17:24:00,47.85,47.875,47.85,47.875,1040
2024-12-12 17:27:00,47.89,47.89,47.89,47.89,356
2024-12-12 17:29:00,47.9,47.9,47.885,47.885,265
2024-12-12 17:31:00,47.885,47.885,47.885,47.885,192
2024-12-12 17:34:00,47.865,47.88,47.865,47.88,326
2024-12-12 17:35:00,47.85,47.865,47.85,47.855,914
2024-12-12 17:36:00,47.855,47.855,47.82,47.82,1017
2024-12-12 17:37:00,47.81,47.81,47.79,47.81,713
2024-12-12 17:39:00,47.815,47.815,47.8,47.8075,2212
2024-12-12 17:40:00,47.815,47.827,47.8,47.8,2625
2024-12-12 17:41:00,47.8,47.8,47.8,47.8,363
2024-12-12 17:42:00,47.8,47.82,47.8,47.82,897
2024-12-12 17:43:00,47.83,47.86,47.83,47.85,1513
2024-12-12 17:45:00,47.845,47.86,47.84,47.845,1266
2024-12-12 17:46:00,47.86,47.98,47.86,47.9,3425
2024-12-12 17:47:00,47.84,47.84,47.8319,47.8319,492
2024-12-12 17:48:00,47.87,47.87,47.87,47.87,878
2024-12-12 17:49:00,47.83,47.84,47.82,47.82,1260
2024-12-12 17:51:00,47.79,47.79,47.79,47.79,442
2024-12-12 17:52:00,47.78,47.79,47.78,47.79,335
2024-12-12 17:53:00,47.79,47.79,47.79,47.79,193
2024-12-12 17:55:00,47.825,47.825,47.825,47.825,214
2024-12-12 17:57:00,47.81,47.81,47.81,47.81,219
2024-12-12 18:00:00,47.89,47.9,47.89,47.9,426
2024-12-12 18:01:00,47.88,47.88,47.88,47.88,110
2024-12-12 18:03:00,47.83,47.83,47.83,47.83,129
2024-12-12 18:05:00,47.82,47.82,47.82,47.82,206
2024-12-12 18:06:00,47.77,47.77,47.77,47.77,506
2024-12-12 18:07:00,47.82,47.82,47.82,47.82,206
2024-12-12 18:09:00,47.82,47.84,47.82,47.84,511
2024-12-12 18:11:00,47.79,47.805,47.79,47.805,521
2024-12-12 18:12:00,47.81,47.81,47.81,47.81,212
2024-12-12 18:13:00,47.83,47.83,47.82,47.82,217
2024-12-12 18:16:00,47.83,47.83,47.83,47.83,109
2024-12-12 18:17:00,47.83,47.83,47.83,47.83,116
2024-12-12 18:19:00,47.83,47.83,47.83,47.83,100
2024-12-12 18:20:00,47.805,47.805,47.805,47.805,859
2024-12-12 18:22:00,47.83,47.83,47.83,47.83,109
2024-12-12 18:23:00,47.79,47.8,47.72,47.72,2636
2024-12-12 18:26:00,47.68,47.68,47.67,47.67,567
2024-12-12 18:28:00,47.695,47.695,47.67,47.695,629
2024-12-12 18:30:00,47.7,47.7,47.7,47.7,112
2024-12-12 18:31:00,47.68,47.68,47.68,47.68,104
2024-12-12 18:34:00,47.69,47.69,47.69,47.69,135
2024-12-12 18:35:00,47.63,47.63,47.63,47.63,249
2024-12-12 18:38:00,47.63,47.63,47.61,47.62,702
2024-12-12 18:41:00,47.61,47.62,47.61,47.62,492
2024-12-12 18:43:00,47.6,47.6,47.595,47.595,957
2024-12-12 18:47:00,47.6,47.6,47.6,47.6,165
2024-12-12 18:50:00,47.62,47.62,47.62,47.62,110
2024-12-12 18:53:00,47.59,47.59,47.59,47.59,229
2024-12-12 18:54:00,47.62,47.62,47.61,47.62,600
2024-12-12 18:57:00,47.605,47.61,47.605,47.61,200
2024-12-12 18:58:00,47.59,47.59,47.57,47.57,868
2024-12-12 18:59:00,47.55,47.56,47.55,47.56,773
2024-12-12 19:03:00,47.58,47.58,47.58,47.58,125
2024-12-12 19:04:00,47.58,47.61,47.58,47.61,878
2024-12-12 19:05:00,47.61,47.61,47.61,47.61,240
2024-12-12 19:06:00,47.63,47.65,47.63,47.65,329
2024-12-12 19:07:00,47.63,47.63,47.63,47.63,447
2024-12-12 19:13:00,47.64,47.64,47.6225,47.6225,628
2024-12-12 19:14:00,47.6,47.6,47.6,47.6,318
2024-12-12 19:16:00,47.59,47.59,47.56,47.56,505
2024-12-12 19:18:00,47.6,47.6,47.6,47.6,169
2024-12-12 19:22:00,47.5813,47.5813,47.53,47.53,684
2024-12-12 19:23:00,47.52,47.52,47.52,47.52,237
2024-12-12 19:26:00,47.5517,47.5517,47.53,47.53,481
2024-12-12 19:28:00,47.53,47.53,47.53,47.53,228
2024-12-12 19:29:00,47.51,47.51,47.5,47.5,692
2024-12-12 19:30:00,47.52,47.52,47.52,47.52,112
2024-12-12 19:31:00,47.54,47.54,47.52,47.525,711
2024-12-12 19:32:00,47.5355,47.5355,47.5355,47.5355,321
2024-12-12 19:33:00,47.51,47.54,47.5,47.54,1128
2024-12-12 19:35:00,47.55,47.55,47.545,47.545,344
2024-12-12 19:36:00,47.56,47.56,47.53,47.53,238
2024-12-12 19:37:00,47.55,47.55,47.55,47.55,195
2024-12-12 19:38:00,47.55,47.56,47.5417,47.5417,455
2024-12-12 19:40:00,47.55,47.56,47.5493,47.55,512
2024-12-12 19:43:00,47.52,47.54,47.52,47.54,757
2024-12-12 19:46:00,47.535,47.54,47.535,47.54,459
2024-12-12 19:50:00,47.54,47.54,47.53,47.53,420
2024-12-12 19:51:00,47.52,47.52,47.52,47.52,585
2024-12-12 19:52:00,47.5169,47.5169,47.5169,47.5169,150
2024-12-12 19:53:00,47.52,47.52,47.52,47.52,367
2024-12-12 19:55:00,47.51,47.51,47.51,47.51,212
2024-12-12 19:56:00,47.52,47.52,47.51,47.51,392
2024-12-12 20:00:00,47.54,47.55,47.54,47.55,587
2024-12-12 20:01:00,47.555,47.555,47.555,47.555,241
2024-12-12 20:02:00,47.56,47.56,47.56,47.56,235
2024-12-12 20:04:00,47.55,47.55,47.55,47.55,135
2024-12-12 20:05:00,47.56,47.57,47.55,47.55,866
2024-12-12 20:09:00,47.56,47.56,47.56,47.56,243
2024-12-12 20:13:00,47.53,47.53,47.53,47.53,155
2024-12-12 20:14:00,47.555,47.555,47.555,47.555,224
2024-12-12 20:19:00,47.54,47.54,47.54,47.54,238
2024-12-12 20:23:00,47.545,47.545,47.533,47.533,633
2024-12-12 20:27:00,47.53,47.53,47.53,47.53,428
2024-12-12 20:28:00,47.53,47.56,47.53,47.56,1570
2024-12-12 20:30:00,47.58,47.59,47.58,47.58,681
2024-12-12 20:31:00,47.59,47.59,47.59,47.59,585
2024-12-12 20:32:00,47.585,47.585,47.585,47.585,237
2024-12-12 20:33:00,47.6,47.6,47.6,47.6,147
2024-12-12 20:34:00,47.61,47.61,47.61,47.61,211
2024-12-12 20:35:00,47.58,47.6,47.58,47.6,559
2024-12-12 20:36:00,47.6,47.6,47.6,47.6,101
2024-12-12 20:38:00,47.59,47.59,47.59,47.59,290
2024-12-12 20:39:00,47.59,47.59,47.59,47.59,313
2024-12-12 20:40:00,47.585,47.585,47.585,47.585,119
2024-12-12 20:41:00,47.6,47.6,47.6,47.6,192
2024-12-12 20:42:00,47.58,47.59,47.57,47.57,1104
2024-12-12 20:44:00,47.575,47.575,47.575,47.575,288
2024-12-12 20:45:00,47.57,47.57,47.57,47.57,123
2024-12-12 20:47:00,47.57,47.57,47.53,47.53,2724
2024-12-12 20:50:00,47.54,47.54,47.54,47.54,614
2024-12-12 20:51:00,47.55,47.55,47.535,47.55,1257
2024-12-12 20:53:00,47.55,47.56,47.55,47.56,632
2024-12-12 20:54:00,47.54,47.55,47.52,47.55,3265
2024-12-12 20:55:00,47.53,47.53,47.49,47.505,1476
2024-12-12 20:56:00,47.505,47.505,47.49,47.49,655
2024-12-12 20:57:00,47.5,47.5,47.47,47.47,2090
2024-12-12 20:58:00,47.49,47.5,47.4741,47.5,2963
2024-12-12 20:59:00,47.5,47.52,47.46,47.46,6644
2024-12-13 14:30:00,47.08,47.08,47.08,47.08,2383
2024-12-13 14:34:00,47.46,47.46,47.46,47.46,131
2024-12-13 14:36:00,47.37,47.37,47.37,47.37,130
2024-12-13 14:39:00,47.1466,47.1466,47.1466,47.1466,202
2024-12-13 14:40:00,46.97,46.97,46.97,46.97,452
2024-12-13 14:41:00,47.1,47.1,47.1,47.1,119
2024-12-13 14:42:00,47.13,47.13,47.13,47.13,135
2024-12-13 14:43:00,47.1,47.1,47.07,47.07,286
2024-12-13 14:47:00,47.065,47.065,46.915,46.915,211
2024-12-13 14:50:00,47.04,47.04,47.04,47.04,283
2024-12-13 14:54:00,47.08,47.08,47.08,47.08,177
2024-12-13 14:55:00,46.9,46.9,46.9,46.9,158
2024-12-13 14:58:00,46.9,46.96,46.87,46.96,1435
2024-12-13 15:00:00,46.925,46.925,46.87,46.87,1166
2024-12-13 15:01:00,46.905,46.905,46.905,46.905,219
2024-12-13 15:03:00,46.8695,46.87,46.8695,46.87,808
2024-12-13 15:04:00,46.86,46.91,46.86,46.91,1566
2024-12-13 15:06:00,46.91,46.92,46.9,46.92,603
2024-12-13 15:07:00,46.92,46.92,46.88,46.91,847
2024-12-13 15:12:00,46.91,46.91,46.88,46.88,601
2024-12-13 15:13:00,46.9,46.95,46.9,46.92,559
2024-12-13 15:23:00,46.94,46.94,46.94,46.94,127
2024-12-13 15:24:00,46.91,46.925,46.9,46.925,935
2024-12-13 15:26:00,46.9,46.9,46.855,46.855,996
2024-12-13 15:28:00,46.87,46.9,46.87,46.885,713
2024-12-13 15:32:00,46.87,46.88,46.87,46.87,819
2024-12-13 15:35:00,46.83,46.87,46.83,46.87,336
2024-12-13 15:37:00,46.8143,46.8143,46.8143,46.8143,306
2024-12-13 15:40:00,46.8,46.8,46.8,46.8,683
2024-12-13 15:48:00,46.755,46.755,46.755,46.755,159
2024-12-13 15:49:00,46.77,46.77,46.745,46.745,429
2024-12-13 15:51:00,46.74,46.74,46.73,46.73,518
2024-12-13 15:57:00,46.6901,46.78,46.6901,46.77,4690
2024-12-13 15:58:00,46.765,46.765,46.765,46.765,363
2024-12-13 15:59:00,46.72,46.75,46.715,46.75,461
2024-12-13 16:01:00,46.765,46.765,46.765,46.765,210
2024-12-13 16:02:00,46.7429,46.7429,46.72,46.725,982
2024-12-13 16:04:00,46.72,46.72,46.69,46.72,941
2024-12-13 16:05:00,46.7,46.7,46.7,46.7,870
2024-12-13 16:06:00,46.685,46.685,46.63,46.63,343
2024-12-13 16:08:00,46.65,46.67,46.65,46.67,466
2024-12-13 16:10:00,46.7,46.7,46.68,46.68,855
2024-12-13 16:11:00,46.675,46.69,46.64,46.64,1031
2024-12-13 16:12:00,46.7187,46.72,46.7187,46.72,1716
2024-12-13 16:13:00,46.73,46.74,46.73,46.74,293
2024-12-13 16:14:00,46.73,46.73,46.6675,46.69,322
2024-12-13 16:15:00,46.68,46.7,46.68,46.7,991
2024-12-13 16:16:00,46.67,46.68,46.67,46.68,2833
2024-12-13 16:17:00,46.68,46.7,46.6406,46.7,6537
2024-12-13 16:18:00,46.7,46.72,46.7,46.72,652
2024-12-13 16:19:00,46.72,46.73,46.7,46.7,410
2024-12-13 16:20:00,46.7,46.705,46.67,46.67,2593
2024-12-13 16:21:00,46.68,46.695,46.625,46.625,1138
2024-12-13 16:23:00,46.63,46.63,46.63,46.63,161
2024-12-13 16:25:00,46.645,46.645,46.645,46.645,108
2024-12-13 16:27:00,46.645,46.67,46.645,46.67,327
2024-12-13 16:28:00,46.67,46.7,46.67,46.7,1036
2024-12-13 16:30:00,46.73,46.73,46.73,46.73,310
2024-12-13 16:31:00,46.765,46.78,46.725,46.725,723
2024-12-13 16:33:00,46.76,46.77,46.76,46.77,378
2024-12-13 16:34:00,46.81,46.81,46.81,46.81,263
2024-12-13 16:38:00,46.7226,46.7226,46.7226,46.7226,122
2024-12-13 16:40:00,46.81,46.81,46.77,46.77,1194
2024-12-13 16:41:00,46.77,46.77,46.73,46.74,403
2024-12-13 16:49:00,46.79,46.79,46.79,46.79,261
2024-12-13 16:50:00,46.78,46.78,46.74,46.74,368
2024-12-13 16:51:00,46.81,46.81,46.81,46.81,100
2024-12-13 16:54:00,46.77,46.77,46.77,46.77,196
2024-12-13 16:56:00,46.75,46.76,46.74,46.75,856
2024-12-13 16:57:00,46.74,46.74,46.74,46.74,138
2024-12-13 17:02:00,46.765,46.765,46.765,46.765,490
2024-12-13 17:03:00,46.79,46.79,46.79,46.79,333
2024-12-13 17:04:00,46.78,46.78,46.78,46.78,101
2024-12-13 17:06:00,46.77,46.77,46.77,46.77,433
2024-12-13 17:08:00,46.78,46.84,46.78,46.84,2622
2024-12-13 17:09:00,46.82,46.86,46.82,46.8475,649
2024-12-13 17:11:00,46.86,46.86,46.86,46.86,153
2024-12-13 17:12:00,46.83,46.8993,46.83,46.8993,1257
2024-12-13 17:13:00,46.83,46.85,46.83,46.85,675
2024-12-13 17:15:00,46.83,46.83,46.79,46.8,1361
2024-12-13 17:19:00,46.78,46.78,46.78,46.78,433
2024-12-13 17:24:00,46.77,46.77,46.76,46.76,353
2024-12-13 17:26:00,46.765,46.8,46.765,46.78,2248
2024-12-13 17:27:00,46.785,46.785,46.785,46.785,173
2024-12-13 17:31:00,46.77,46.78,46.76,46.78,2383
2024-12-13 17:32:00,46.77,46.77,46.77,46.77,239
2024-12-13 17:33:00,46.75,46.75,46.75,46.75,1718
2024-12-13 17:34:00,46.75,46.77,46.75,46.77,715
2024-12-13 17:35:00,46.78,46.78,46.78,46.78,417
2024-12-13 17:36:00,46.75,46.75,46.75,46.75,249
2024-12-13 17:37:00,46.75,46.75,46.72,46.72,2204
2024-12-13 17:38:00,46.74,46.74,46.74,46.74,113
2024-12-13 17:41:00,46.74,46.75,46.74,46.75,527
2024-12-13 17:42:00,46.77,46.78,46.77,46.78,956
2024-12-13 17:45:00,46.8,46.8,46.8,46.8,296
2024-12-13 17:47:00,46.795,46.795,46.795,46.795,211
2024-12-13 17:49:00,46.78,46.84,46.78,46.84,772
2024-12-13 17:58:00,46.76,46.8,46.76,46.8,841
2024-12-13 17:59:00,46.78,46.78,46.78,46.78,160
2024-12-13 18:02:00,46.8,46.8,46.8,46.8,308
2024-12-13 18:03:00,46.81,46.81,46.81,46.81,770
2024-12-13 18:05:00,46.83,46.83,46.82,46.83,914
2024-12-13 18:18:00,46.87,46.9,46.87,46.9,775
2024-12-13 18:19:00,46.875,46.875,46.875,46.875,187
2024-12-13 18:20:00,46.9,46.9,46.9,46.9,461
2024-12-13 18:21:00,46.89,46.89,46.89,46.89,289
2024-12-13 18:23:00,46.87,46.87,46.82,46.84,3250
2024-12-13 18:25:00,46.83,46.83,46.83,46.83,202
2024-12-13 18:26:00,46.82,46.82,46.82,46.82,157
2024-12-13 18:27:00,46.84,46.84,46.84,46.84,133
2024-12-13 18:28:00,46.8399,46.9,46.8399,46.9,2218
2024-12-13 18:36:00,46.87,46.87,46.85,46.85,1232
2024-12-13 18:41:00,46.85,46.85,46.85,46.85,567
2024-12-13 18:42:00,46.85,46.85,46.85,46.85,105
2024-12-13 18:46:00,46.85,46.88,46.85,46.86,1132
2024-12-13 18:48:00,46.85,46.85,46.85,46.85,163
2024-12-13 18:50:00,46.82,46.84,46.82,46.84,564
2024-12-13 18:56:00,46.83,46.83,46.83,46.83,102
2024-12-13 19:01:00,46.83,46.84,46.83,46.84,539
2024-12-13 19:02:00,46.82,46.82,46.82,46.82,428
2024-12-13 19:05:00,46.81,46.81,46.81,46.81,181
2024-12-13 19:06:00,46.8,46.81,46.8,46.81,246
2024-12-13 19:11:00,46.82,46.82,46.804,46.804,414
2024-12-13 19:15:00,46.83,46.83,46.83,46.83,107
2024-12-13 19:20:00,46.81,46.81,46.8088,46.8088,995
2024-12-13 19:21:00,46.832,46.832,46.832,46.832,144
2024-12-13 19:25:00,46.79,46.79,46.79,46.79,303
2024-12-13 19:26:00,46.78,46.8295,46.78,46.8295,614
2024-12-13 19:29:00,46.78,46.79,46.78,46.79,653
2024-12-13 19:30:00,46.77,46.81,46.77,46.79,512
2024-12-13 19:32:00,46.8,46.8,46.8,46.8,176
2024-12-13 19:35:00,46.795,46.8,46.795,46.8,293
2024-12-13 19:36:00,46.78,46.78,46.78,46.78,489
2024-12-13 19:37:00,46.775,46.775,46.75,46.77,2186
2024-12-13 19:38:00,46.7602,46.7799,46.7602,46.7799,1083
2024-12-13 19:40:00,46.77,46.77,46.77,46.77,168
2024-12-13 19:44:00,46.77,46.77,46.77,46.77,208
2024-12-13 19:45:00,46.78,46.78,46.775,46.775,505
2024-12-13 19:47:00,46.75,46.75,46.75,46.75,324
2024-12-13 19:49:00,46.76,46.76,46.76,46.76,122
2024-12-13 19:51:00,46.76,46.76,46.76,46.76,302
2024-12-13 19:53:00,46.765,46.765,46.765,46.765,143
2024-12-13 19:54:00,46.7539,46.7539,46.7539,46.7539,167
2024-12-13 19:56:00,46.7501,46.765,46.7501,46.765,1274
2024-12-13 19:59:00,46.78,46.78,46.78,46.78,474
2024-12-13 20:00:00,46.78,46.8,46.78,46.8,514
2024-12-13 20:01:00,46.79,46.79,46.79,46.79,628
2024-12-13 20:02:00,46.81,46.81,46.81,46.81,392
2024-12-13 20:04:00,46.7975,46.7975,46.7975,46.7975,146
2024-12-13 20:05:00,46.77,46.815,46.77,46.815,443
2024-12-13 20:06:00,46.82,46.82,46.82,46.82,412
2024-12-13 20:07:00,46.81,46.85,46.81,46.85,1460
2024-12-13 20:09:00,46.84,46.84,46.84,46.84,608
2024-12-13 20:10:00,46.8325,46.85,46.8325,46.85,273
2024-12-13 20:11:00,46.85,46.86,46.85,46.86,1028
2024-12-13 20:12:00,46.8754,46.8754,46.8754,46.8754,186
2024-12-13 20:14:00,46.89,46.89,46.89,46.89,194
2024-12-13 20:15:00,46.87,46.87,46.86,46.87,907
2024-12-13 20:16:00,46.865,46.865,46.86,46.86,652
2024-12-13 20:17:00,46.86,46.86,46.824,46.835,3433
2024-12-13 20:18:00,46.832,46.832,46.832,46.832,457
2024-12-13 20:19:00,46.84,46.85,46.84,46.85,605
2024-12-13 20:21:00,46.83,46.84,46.83,46.84,324
2024-12-13 20:22:00,46.84,46.86,46.84,46.86,1168
2024-12-13 20:27:00,46.845,46.845,46.8,46.82,3869
2024-12-13 20:28:00,46.82,46.82,46.82,46.82,144
2024-12-13 20:29:00,46.82,46.82,46.82,46.82,281
2024-12-13 20:30:00,46.82,46.82,46.82,46.82,231
2024-12-13 20:32:00,46.82,46.83,46.801,46.83,2271
2024-12-13 20:33:00,46.829,46.83,46.8175,46.83,727
2024-12-13 20:34:00,46.83,46.83,46.83,46.83,399
2024-12-13 20:36:00,46.81,46.8225,46.8,46.82,1877
2024-12-13 20:37:00,46.8,46.8,46.8,46.8,417
2024-12-13 20:38:00,46.811,46.811,46.81,46.81,216
2024-12-13 20:39:00,46.84,46.84,46.84,46.84,998
2024-12-13 20:40:00,46.82,46.83,46.82,46.83,511
2024-12-13 20:41:00,46.81,46.81,46.801,46.801,298
2024-12-13 20:42:00,46.81,46.82,46.8,46.82,999
2024-12-13 20:43:00,46.8076,46.8076,46.78,46.78,319
2024-12-13 20:44:00,46.8,46.8,46.78,46.78,765
2024-12-13 20:45:00,46.78,46.79,46.77,46.77,1873
2024-12-13 20:46:00,46.79,46.8,46.79,46.8,694
2024-12-13 20:47:00,46.79,46.79,46.79,46.79,275
2024-12-13 20:48:00,46.7775,46.7775,46.775,46.775,229
2024-12-13 20:49:00,46.8,46.8,46.79,46.79,1512
2024-12-13 20:50:00,46.78,46.78,46.75,46.77,1416
2024-12-13 20:51:00,46.76,46.78,46.755,46.77,3281
2024-12-13 20:52:00,46.77,46.78,46.765,46.77,2167
2024-12-13 20:53:00,46.753,46.753,46.75,46.75,293
2024-12-13 20:54:00,46.76,46.77,46.73,46.77,2752
2024-12-13 20:55:00,46.745,46.78,46.73,46.78,5644
2024-12-13 20:56:00,46.79,46.79,46.79,46.79,559
2024-12-13 20:57:00,46.79,46.83,46.79,46.805,2198
2024-12-13 20:58:00,46.8,46.8,46.761,46.761,3901
2024-12-13 20:59:00,46.765,46.77,46.7,46.72,15700
2024-12-13 21:00:00,46.7,46.7,46.7,46.7,687
2024-12-16 14:29:00,46.81,46.81,46.77,46.77,691
2024-12-16 14:30:00,46.7,46.7,46.59,46.59,5321
2024-12-16 14:32:00,46.57,46.57,46.57,46.57,410
2024-12-16 14:34:00,46.5863,46.635,46.5863,46.635,541
2024-12-16 14:35:00,46.59,46.59,46.59,46.59,225
2024-12-16 14:37:00,46.59,46.625,46.56,46.61,1253
2024-12-16 14:40:00,46.61,46.61,46.58,46.58,959
2024-12-16 14:42:00,46.615,46.615,46.615,46.615,547
2024-12-16 14:43:00,46.615,46.615,46.53,46.53,1234
2024-12-16 14:44:00,46.585,46.585,46.585,46.585,115
2024-12-16 14:48:00,46.55,46.55,46.55,46.55,199
2024-12-16 14:49:00,46.575,46.62,46.55,46.55,2494
2024-12-16 14:54:00,46.63,46.65,46.63,46.645,844
2024-12-16 14:59:00,46.67,46.67,46.67,46.67,408
2024-12-16 15:00:00,46.75,46.75,46.68,46.68,1323
2024-12-16 15:04:00,46.81,46.81,46.79,46.79,361
2024-12-16 15:07:00,46.83,46.84,46.83,46.84,403
2024-12-16 15:08:00,46.84,46.87,46.84,46.87,404
2024-12-16 15:10:00,46.845,46.845,46.845,46.845,192
2024-12-16 15:12:00,46.845,46.845,46.845,46.845,103
2024-12-16 15:16:00,46.88,46.88,46.835,46.835,791
2024-12-16 15:17:00,46.78,46.795,46.77,46.79,2299
2024-12-16 15:18:00,46.77,46.77,46.77,46.77,107
2024-12-16 15:21:00,46.74,46.76,46.73,46.76,1508
2024-12-16 15:24:00,46.78,46.78,46.78,46.78,196
2024-12-16 15:25:00,46.775,46.775,46.775,46.775,210
2024-12-16 15:26:00,46.8,46.8,46.8,46.8,218
2024-12-16 15:27:00,46.85,46.85,46.85,46.85,381
2024-12-16 15:28:00,46.8185,46.8185,46.8185,46.8185,252
2024-12-16 15:29:00,46.87,46.87,46.87,46.87,661
2024-12-16 15:31:00,46.83,46.83,46.83,46.83,104
2024-12-16 15:35:00,46.845,46.845,46.845,46.845,161
2024-12-16 15:36:00,46.83,46.83,46.83,46.83,349
2024-12-16 15:38:00,46.82,46.83,46.7602,46.7602,2244
2024-12-16 15:39:00,46.765,46.765,46.765,46.765,449
2024-12-16 15:40:00,46.78,46.78,46.74,46.74,900
2024-12-16 15:41:00,46.74,46.74,46.74,46.74,286
2024-12-16 15:45:00,46.73,46.73,46.73,46.73,103
2024-12-16 15:47:00,46.73,46.73,46.73,46.73,309
2024-12-16 15:48:00,46.73,46.73,46.73,46.73,112
2024-12-16 15:49:00,46.6701,46.6701,46.6701,46.6701,284
2024-12-16 15:52:00,46.69,46.7,46.69,46.7,327
2024-12-16 15:54:00,46.69,46.69,46.69,46.69,193
2024-12-16 15:56:00,46.72,46.72,46.72,46.72,253
2024-12-16 16:00:00,46.685,46.685,46.65,46.65,311
2024-12-16 16:01:00,46.65,46.65,46.65,46.65,362
2024-12-16 16:02:00,46.63,46.63,46.625,46.625,726
2024-12-16 16:04:00,46.63,46.63,46.63,46.63,476
2024-12-16 16:11:00,46.6163,46.6163,46.6163,46.6163,181
2024-12-16 16:13:00,46.625,46.625,46.625,46.625,229
2024-12-16 16:14:00,46.61,46.615,46.6,46.6,2219
2024-12-16 16:15:00,46.595,46.595,46.595,46.595,389
2024-12-16 16:16:00,46.595,46.595,46.595,46.595,143
2024-12-16 16:19:00,46.5762,46.6,46.5762,46.6,1551
2024-12-16 16:20:00,46.6,46.6299,46.6,46.6299,1600
2024-12-16 16:24:00,46.61,46.61,46.61,46.61,451
2024-12-16 16:25:00,46.63,46.63,46.63,46.63,418
2024-12-16 16:27:00,46.63,46.63,46.63,46.63,203
2024-12-16 16:28:00,46.64,46.6499,46.64,46.6499,1296
2024-12-16 16:29:00,46.6,46.66,46.6,46.66,522
2024-12-16 16:32:00,46.68,46.68,46.68,46.68,412
2024-12-16 16:34:00,46.61,46.61,46.61,46.61,579
2024-12-16 16:37:00,46.65,46.65,46.65,46.65,267
2024-12-16 16:42:00,46.65,46.65,46.65,46.65,208
2024-12-16 16:44:00,46.63,46.63,46.63,46.63,449
2024-12-16 16:48:00,46.635,46.635,46.635,46.635,108
2024-12-16 16:49:00,46.66,46.67,46.66,46.67,978
2024-12-16 16:52:00,46.69,46.7,46.69,46.7,1117
2024-12-16 16:56:00,46.715,46.715,46.715,46.715,1156
2024-12-16 16:57:00,46.72,46.72,46.69,46.69,1003
2024-12-16 16:58:00,46.71,46.74,46.71,46.74,2140
2024-12-16 16:59:00,46.78,46.78,46.78,46.78,631
2024-12-16 17:00:00,46.83,46.83,46.83,46.83,122
2024-12-16 17:04:00,46.755,46.755,46.755,46.755,517
2024-12-16 17:08:00,46.7513,46.7513,46.7513,46.7513,232
2024-12-16 17:09:00,46.75,46.75,46.75,46.75,314
2024-12-16 17:10:00,46.79,46.81,46.79,46.81,1307
2024-12-16 17:11:00,46.84,46.84,46.84,46.84,115
2024-12-16 17:13:00,46.84,46.84,46.84,46.84,617
2024-12-16 17:14:00,46.84,46.91,46.84,46.91,511
2024-12-16 17:17:00,46.9099,46.9099,46.9099,46.9099,575
2024-12-16 17:18:00,46.905,46.905,46.905,46.905,124
2024-12-16 17:21:00,46.88,46.88,46.88,46.88,280
2024-12-16 17:22:00,46.885,46.885,46.885,46.885,159
2024-12-16 17:23:00,46.885,46.885,46.885,46.885,223
2024-12-16 17:24:00,46.88,46.88,46.86,46.865,1247
2024-12-16 17:25:00,46.87,46.87,46.86,46.86,1287
2024-12-16 17:26:00,46.85,46.85,46.85,46.85,128
2024-12-16 17:28:00,46.845,46.91,46.845,46.8997,6575
2024-12-16 17:29:00,46.905,46.905,46.905,46.905,873
2024-12-16 17:30:00,46.9,46.9,46.9,46.9,246
2024-12-16 17:31:00,46.8962,46.94,46.8962,46.94,781
2024-12-16 17:32:00,46.91,46.9353,46.91,46.9353,1178
2024-12-16 17:33:00,46.92,46.92,46.92,46.92,206
2024-12-16 17:34:00,46.92,46.92,46.92,46.92,611
2024-12-16 17:35:00,46.9,46.9,46.87,46.88,1830
2024-12-16 17:36:00,46.85,46.85,46.85,46.85,146
2024-12-16 17:39:00,46.87,46.87,46.87,46.87,390
2024-12-16 17:40:00,46.87,46.87,46.87,46.87,440
2024-12-16 17:42:00,46.87,46.87,46.86,46.86,559
2024-12-16 17:44:00,46.87,46.87,46.85,46.855,1173
2024-12-16 17:45:00,46.83,46.84,46.81,46.82,2053
2024-12-16 17:46:00,46.8,46.8,46.76,46.78,1008
2024-12-16 17:48:00,46.76,46.76,46.76,46.76,120
2024-12-16 17:49:00,46.76,46.76,46.76,46.76,150
2024-12-16 17:51:00,46.75,46.75,46.75,46.75,138
2024-12-16 17:53:00,46.75,46.75,46.75,46.75,147
2024-12-16 17:54:00,46.755,46.755,46.755,46.755,100
2024-12-16 17:55:00,46.73,46.73,46.73,46.73,273
2024-12-16 17:56:00,46.75,46.75,46.72,46.72,1135
2024-12-16 17:57:00,46.72,46.72,46.7,46.72,19711
2024-12-16 17:59:00,46.715,46.715,46.715,46.715,135
2024-12-16 18:00:00,46.72,46.72,46.72,46.72,439
2024-12-16 18:03:00,46.73,46.73,46.73,46.73,110
2024-12-16 18:04:00,46.7,46.72,46.68,46.69,2643
2024-12-16 18:05:00,46.65,46.65,46.65,46.65,115
2024-12-16 18:06:00,46.66,46.66,46.66,46.66,130
2024-12-16 18:07:00,46.65,46.65,46.65,46.65,254
2024-12-16 18:11:00,46.65,46.65,46.65,46.65,610
2024-12-16 18:13:00,46.64,46.64,46.63,46.63,238
2024-12-16 18:15:00,46.63,46.63,46.63,46.63,262
2024-12-16 18:18:00,46.66,46.701,46.65,46.701,3506
2024-12-16 18:19:00,46.71,46.72,46.6755,46.6755,3492
2024-12-16 18:22:00,46.72,46.76,46.72,46.76,963
2024-12-16 18:23:00,46.75,46.75,46.75,46.75,108
2024-12-16 18:24:00,46.74,46.77,46.74,46.77,200
2024-12-16 18:31:00,46.74,46.74,46.74,46.74,423
2024-12-16 18:32:00,46.72,46.735,46.72,46.73,569
2024-12-16 18:34:00,46.735,46.735,46.735,46.735,250
2024-12-16 18:37:00,46.74,46.74,46.72,46.72,376
2024-12-16 18:42:00,46.74,46.74,46.74,46.74,562
2024-12-16 18:44:00,46.76,46.765,46.76,46.76,406
2024-12-16 18:45:00,46.77,46.77,46.77,46.77,313
2024-12-16 18:47:00,46.75,46.76,46.74,46.75,1021
2024-12-16 18:48:00,46.74,46.74,46.73,46.73,336
2024-12-16 18:49:00,46.73,46.73,46.72,46.72,242
2024-12-16 18:52:00,46.73,46.73,46.73,46.73,154
2024-12-16 18:54:00,46.73,46.73,46.73,46.73,303
2024-12-16 18:55:00,46.74,46.76,46.74,46.76,1084
2024-12-16 18:59:00,46.76,46.76,46.76,46.76,111
2024-12-16 19:00:00,46.78,46.79,46.78,46.79,388
2024-12-16 19:07:00,46.74,46.75,46.74,46.75,1475
2024-12-16 19:08:00,46.74,46.7499,46.73,46.7499,1497
2024-12-16 19:11:00,46.75,46.75,46.75,46.75,869
2024-12-16 19:12:00,46.76,46.76,46.76,46.76,456
2024-12-16 19:13:00,46.74,46.745,46.73,46.73,1167
2024-12-16 19:14:00,46.75,46.75,46.75,46.75,294
2024-12-16 19:17:00,46.7488,46.7488,46.73,46.73,492
2024-12-16 19:20:00,46.72,46.72,46.72,46.72,252
2024-12-16 19:21:00,46.72,46.72,46.72,46.72,1091
2024-12-16 19:22:00,46.72,46.72,46.72,46.72,133
2024-12-16 19:23:00,46.71,46.7298,46.71,46.7298,1999
2024-12-16 19:24:00,46.72,46.74,46.72,46.74,2185
2024-12-16 19:25:00,46.76,46.77,46.75,46.76,2475
2024-12-16 19:26:00,46.76,46.76,46.76,46.76,182
2024-12-16 19:30:00,46.72,46.72,46.71,46.72,1197
2024-12-16 19:32:00,46.7083,46.72,46.7083,46.71,907
2024-12-16 19:33:00,46.73,46.73,46.73,46.73,113
2024-12-16 19:34:00,46.72,46.72,46.7,46.7,3290
2024-12-16 19:35:00,46.705,46.72,46.705,46.72,308
2024-12-16 19:36:00,46.71,46.71,46.7,46.7,353
2024-12-16 19:37:00,46.72,46.72,46.72,46.72,238
2024-12-16 19:40:00,46.73,46.73,46.7268,46.7268,259
2024-12-16 19:41:00,46.72,46.72,46.72,46.72,724
2024-12-16 19:42:00,46.72,46.72,46.715,46.715,624
2024-12-16 19:43:00,46.72,46.72,46.71,46.72,1402
2024-12-16 19:45:00,46.72,46.725,46.72,46.725,577
2024-12-16 19:51:00,46.75,46.76,46.75,46.76,983
2024-12-16 19:52:00,46.74,46.75,46.74,46.74,1088
2024-12-16 19:53:00,46.75,46.75,46.745,46.745,251
2024-12-16 19:56:00,46.75,46.75,46.75,46.75,424
2024-12-16 19:57:00,46.7474,46.75,46.7474,46.75,575
2024-12-16 19:58:00,46.75,46.75,46.74,46.74,866
2024-12-16 20:00:00,46.74,46.74,46.74,46.74,447
2024-12-16 20:04:00,46.745,46.745,46.745,46.745,208
2024-12-16 20:05:00,46.76,46.76,46.75,46.75,1304
2024-12-16 20:06:00,46.77,46.77,46.77,46.77,476
2024-12-16 20:07:00,46.77,46.77,46.77,46.77,433
2024-12-16 20:09:00,46.7453,46.7453,46.7401,46.7401,1095
2024-12-16 20:10:00,46.77,46.77,46.77,46.77,494
2024-12-16 20:11:00,46.77,46.78,46.765,46.78,589
2024-12-16 20:12:00,46.78,46.78,46.78,46.78,404
2024-12-16 20:14:00,46.78,46.78,46.78,46.78,437
2024-12-16 20:15:00,46.775,46.775,46.73,46.745,2390
2024-12-16 20:17:00,46.745,46.745,46.745,46.745,324
2024-12-16 20:18:00,46.7585,46.7585,46.75,46.75,502
2024-12-16 20:19:00,46.7494,46.75,46.7494,46.75,599
2024-12-16 20:20:00,46.745,46.745,46.731,46.74,427
2024-12-16 20:21:00,46.75,46.75,46.75,46.75,150
2024-12-16 20:23:00,46.74,46.74,46.73,46.73,579
2024-12-16 20:24:00,46.73,46.74,46.73,46.74,415
2024-12-16 20:25:00,46.74,46.75,46.74,46.75,1690
2024-12-16 20:26:00,46.73,46.74,46.73,46.74,709
2024-12-16 20:27:00,46.72,46.73,46.715,46.72,1605
2024-12-16 20:28:00,46.712,46.72,46.712,46.72,231
2024-12-16 20:29:00,46.72,46.72,46.72,46.72,278
2024-12-16 20:30:00,46.7,46.715,46.7,46.715,1776
2024-12-16 20:31:00,46.715,46.715,46.715,46.715,289
2024-12-16 20:32:00,46.715,46.715,46.7,46.715,1063
2024-12-16 20:33:00,46.715,46.715,46.715,46.715,427
2024-12-16 20:34:00,46.715,46.74,46.715,46.74,3596
2024-12-16 20:35:00,46.74,46.74,46.74,46.74,251
2024-12-16 20:36:00,46.76,46.8,46.759,46.8,5845
2024-12-16 20:37:00,46.77,46.79,46.77,46.79,1616
2024-12-16 20:38:00,46.77,46.77,46.77,46.77,771
2024-12-16 20:39:00,46.775,46.775,46.77,46.77,551
2024-12-16 20:40:00,46.772,46.772,46.77,46.77,292
2024-12-16 20:41:00,46.8,46.8,46.79,46.79,865
2024-12-16 20:42:00,46.8,46.82,46.8,46.815,2433
2024-12-16 20:43:00,46.82,46.82,46.82,46.82,263
2024-12-16 20:45:00,46.81,46.815,46.81,46.815,918
2024-12-16 20:46:00,46.815,46.82,46.8,46.82,2738
2024-12-16 20:47:00,46.815,46.815,46.81,46.815,1917
2024-12-16 20:48:00,46.81,46.83,46.81,46.82,2424
2024-12-16 20:49:00,46.83,46.83,46.83,46.83,478
2024-12-16 20:50:00,46.825,46.83,46.82,46.82,571
2024-12-16 20:51:00,46.82,46.82,46.81,46.815,4306
2024-12-16 20:52:00,46.815,46.815,46.78,46.78,1703
2024-12-16 20:53:00,46.775,46.775,46.775,46.775,433
2024-12-16 20:54:00,46.79,46.805,46.79,46.805,1869
2024-12-16 20:55:00,46.8,46.8,46.78,46.79,2319
2024-12-16 20:56:00,46.78,46.79,46.76,46.77,2671
2024-12-16 20:57:00,46.76,46.76,46.75,46.75,1221
2024-12-16 20:58:00,46.74,46.76,46.72,46.76,8967
2024-12-16 20:59:00,46.75,46.76,46.71,46.71,4049
2024-12-16 21:00:00,46.95,46.95,46.95,46.95,1000
2024-12-16 23:46:00,46.95,46.95,46.95,46.95,100
2024-12-17 00:31:00,46.5002,46.5002,46.5002,46.5002,1000
2024-12-17 12:00:00,46.43,46.48,45.9,45.9,1352
2024-12-17 12:04:00,45.9,45.9,45.9,45.9,821
2024-12-17 13:00:00,45.8,45.8,45.8,45.8,1737
2024-12-17 14:30:00,46.0,46.0,46.0,46.0,3505
2024-12-17 14:34:00,45.91,45.91,45.91,45.91,100
2024-12-17 14:35:00,45.93,45.93,45.93,45.93,153
2024-12-17 14:36:00,45.9933,45.9933,45.9933,45.9933,256
2024-12-17 14:37:00,45.93,45.93,45.93,45.93,104
2024-12-17 14:38:00,45.93,45.93,45.93,45.93,112
2024-12-17 14:41:00,45.95,45.95,45.88,45.88,440
2024-12-17 14:43:00,45.8868,45.8868,45.8868,45.8868,694
2024-12-17 14:46:00,45.8814,45.8814,45.8814,45.8814,378
2024-12-17 14:49:00,45.88,45.88,45.88,45.88,106
2024-12-17 14:51:00,45.84,45.84,45.7425,45.825,982
2024-12-17 14:54:00,45.825,45.825,45.6701,45.825,531
2024-12-17 14:55:00,45.81,45.81,45.755,45.76,784
2024-12-17 14:56:00,45.84,45.85,45.84,45.84,2499
2024-12-17 15:01:00,45.69,45.69,45.6833,45.6833,420
2024-12-17 15:02:00,45.68,45.7,45.66,45.66,1022
2024-12-17 15:06:00,45.66,45.67,45.6,45.655,1428
2024-12-17 15:09:00,45.655,45.71,45.655,45.655,670
2024-12-17 15:11:00,45.61,45.61,45.61,45.61,308
2024-12-17 15:17:00,45.69,45.7,45.69,45.695,939
2024-12-17 15:20:00,45.78,45.8,45.68,45.68,2234
2024-12-17 15:21:00,45.68,45.68,45.68,45.68,748
2024-12-17 15:22:00,45.68,45.74,45.65,45.72,3715
2024-12-17 15:23:00,45.73,45.73,45.73,45.73,432
2024-12-17 15:24:00,45.69,45.75,45.69,45.75,1691
2024-12-17 15:25:00,45.75,45.75,45.75,45.75,205
2024-12-17 15:26:00,45.75,45.85,45.75,45.75,1404
2024-12-17 15:29:00,45.77,45.77,45.77,45.77,118
2024-12-17 15:30:00,45.765,45.765,45.765,45.765,239
2024-12-17 15:31:00,45.8,45.81,45.785,45.785,1736
2024-12-17 15:34:00,45.815,45.815,45.79,45.81,873
2024-12-17 15:35:00,45.81,45.82,45.795,45.82,1544
2024-12-17 15:36:00,45.82,45.82,45.82,45.82,306
2024-12-17 15:39:00,45.795,45.82,45.795,45.82,554
2024-12-17 15:40:00,45.805,45.805,45.805,45.805,214
2024-12-17 15:41:00,45.805,45.805,45.77,45.8,1118
2024-12-17 15:42:00,45.765,45.765,45.755,45.755,1351
2024-12-17 15:43:00,45.755,45.755,45.755,45.755,512
2024-12-17 15:44:00,45.76,45.79,45.76,45.79,423
2024-12-17 15:45:00,45.76,45.81,45.68,45.76,6766
2024-12-17 15:46:00,45.755,45.81,45.755,45.755,1483
2024-12-17 15:47:00,45.78,45.81,45.78,45.8,660
2024-12-17 15:48:00,45.74,45.8,45.73,45.8,1375
2024-12-17 15:49:00,45.815,45.82,45.81,45.81,1052
2024-12-17 15:50:00,45.775,45.775,45.775,45.775,304
2024-12-17 15:54:00,45.78,45.78,45.78,45.78,115
2024-12-17 15:56:00,45.81,45.825,45.81,45.825,341
2024-12-17 15:57:00,45.755,45.755,45.755,45.755,107
2024-12-17 15:59:00,45.755,45.755,45.755,45.755,619
2024-12-17 16:00:00,45.83,45.83,45.83,45.83,1105
2024-12-17 16:01:00,45.83,45.83,45.83,45.83,115
2024-12-17 16:02:00,45.81,45.81,45.81,45.81,104
2024-12-17 16:05:00,45.81,45.81,45.81,45.81,272
2024-12-17 16:08:00,45.81,45.81,45.81,45.81,100
2024-12-17 16:11:00,45.81,45.81,45.81,45.81,153
2024-12-17 16:15:00,45.81,45.81,45.81,45.81,115
2024-12-17 16:16:00,45.82,45.83,45.82,45.83,278
2024-12-17 16:17:00,45.8,45.8,45.8,45.8,584
2024-12-17 16:19:00,45.795,45.795,45.795,45.795,402
2024-12-17 16:20:00,45.785,45.8599,45.7702,45.81,5684
2024-12-17 16:21:00,45.84,45.84,45.84,45.84,387
2024-12-17 16:22:00,45.785,45.785,45.76,45.785,1408
2024-12-17 16:24:00,45.81,45.83,45.79,45.83,1238
2024-12-17 16:25:00,45.855,45.9135,45.855,45.9135,803
2024-12-17 16:29:00,45.8,45.8,45.795,45.795,312
2024-12-17 16:30:00,45.795,45.855,45.79,45.79,3260
2024-12-17 16:31:00,45.79,45.84,45.77,45.83,7452
2024-12-17 16:32:00,45.83,45.83,45.765,45.765,2652
2024-12-17 16:33:00,45.765,45.765,45.76,45.765,1604
2024-12-17 16:34:00,45.765,45.83,45.76,45.77,9307
2024-12-17 16:35:00,45.835,45.9,45.77,45.89,5947
2024-12-17 16:37:00,45.92,45.92,45.92,45.92,433
2024-12-17 16:41:00,45.9,45.9,45.89,45.89,1326
2024-12-17 16:48:00,45.83,45.83,45.83,45.83,189
2024-12-17 16:53:00,45.82,45.82,45.82,45.82,285
2024-12-17 16:56:00,45.82,45.82,45.82,45.82,244
2024-12-17 16:58:00,45.825,45.825,45.825,45.825,563
2024-12-17 16:59:00,45.82,45.84,45.82,45.84,368
2024-12-17 17:00:00,45.83,45.83,45.83,45.83,149
2024-12-17 17:02:00,45.84,45.84,45.82,45.82,695
2024-12-17 17:03:00,45.82,45.82,45.815,45.815,510
2024-12-17 17:04:00,45.815,45.815,45.815,45.815,192
2024-12-17 17:06:00,45.8025,45.8025,45.8025,45.8025,139
2024-12-17 17:07:00,45.815,45.815,45.815,45.815,202
2024-12-17 17:08:00,45.815,45.815,45.815,45.815,612
2024-12-17 17:09:00,45.8025,45.8025,45.8025,45.8025,216
2024-12-17 17:11:00,45.815,45.815,45.815,45.815,537
2024-12-17 17:12:00,45.815,45.815,45.79,45.81,709
2024-12-17 17:14:00,45.815,45.815,45.815,45.815,526
2024-12-17 17:15:00,45.79,45.8,45.79,45.8,737
2024-12-17 17:21:00,45.77,45.81,45.735,45.735,421
2024-12-17 17:24:00,45.73,45.73,45.73,45.73,664
2024-12-17 17:25:00,45.73,45.73,45.73,45.73,191
2024-12-17 17:27:00,45.73,45.73,45.71,45.71,1019
2024-12-17 17:28:00,45.69,45.73,45.69,45.69,1237
2024-12-17 17:29:00,45.73,45.73,45.705,45.705,317
2024-12-17 17:30:00,45.7,45.72,45.7,45.715,1151
2024-12-17 17:32:00,45.73,45.73,45.72,45.72,1561
2024-12-17 17:33:00,45.6974,45.6974,45.6974,45.6974,358
2024-12-17 17:37:00,45.765,45.89,45.765,45.8216,6667
2024-12-17 17:40:00,45.82,45.82,45.82,45.82,202
2024-12-17 17:42:00,45.875,45.88,45.86,45.88,1014
2024-12-17 17:44:00,45.7991,45.88,45.7991,45.88,596
2024-12-17 17:46:00,45.875,45.875,45.875,45.875,181
2024-12-17 17:48:00,45.845,45.875,45.845,45.875,550
2024-12-17 17:50:00,45.845,45.845,45.845,45.845,220
2024-12-17 17:51:00,45.82,45.82,45.8,45.82,1357
2024-12-17 17:52:00,45.81,45.81,45.81,45.81,211
2024-12-17 17:59:00,45.7881,45.7881,45.7881,45.7881,322
2024-12-17 18:03:00,45.78,45.78,45.78,45.78,163
2024-12-17 18:04:00,45.79,45.79,45.79,45.79,432
2024-12-17 18:05:00,45.78,45.78,45.77,45.77,253
2024-12-17 18:06:00,45.81,45.82,45.81,45.82,2056
2024-12-17 18:07:00,45.86,45.86,45.86,45.86,188
2024-12-17 18:08:00,45.8196,45.845,45.8196,45.845,530
2024-12-17 18:10:00,45.855,45.855,45.855,45.855,100
2024-12-17 18:11:00,45.855,45.855,45.855,45.855,408
2024-12-17 18:12:00,45.855,45.855,45.855,45.855,185
2024-12-17 18:13:00,45.87,45.87,45.84,45.87,861
2024-12-17 18:14:00,45.85,45.87,45.85,45.87,305
2024-12-17 18:15:00,45.87,45.88,45.86,45.88,503
2024-12-17 18:16:00,45.84,45.88,45.84,45.88,553
2024-12-17 18:17:00,45.88,45.88,45.84,45.88,693
2024-12-17 18:18:00,45.87,45.88,45.87,45.88,243
2024-12-17 18:19:00,45.88,45.88,45.84,45.88,1069
2024-12-17 18:20:00,45.86,45.88,45.85,45.88,820
2024-12-17 18:21:00,45.88,45.88,45.85,45.88,1531
2024-12-17 18:25:00,45.86,45.86,45.86,45.86,504
2024-12-17 18:26:00,45.86,45.86,45.86,45.86,274
2024-12-17 18:28:00,45.88,45.88,45.88,45.88,519
2024-12-17 18:29:00,45.855,45.87,45.855,45.86,859
2024-12-17 18:30:00,45.89,45.89,45.89,45.89,269
2024-12-17 18:31:00,45.88,45.88,45.88,45.88,396
2024-12-17 18:34:00,45.86,45.86,45.86,45.86,836
2024-12-17 18:37:00,45.89,45.89,45.89,45.89,480
2024-12-17 18:45:00,45.86,45.875,45.86,45.875,596
2024-12-17 18:46:00,45.871,45.89,45.871,45.89,1420
2024-12-17 18:47:00,45.88,45.88,45.87,45.88,323
2024-12-17 18:49:00,45.88,45.88,45.88,45.88,288
2024-12-17 18:50:00,45.86,45.88,45.8374,45.865,1795
2024-12-17 18:56:00,45.83,45.83,45.83,45.83,107
2024-12-17 19:00:00,45.86,45.905,45.86,45.905,835
2024-12-17 19:02:00,45.92,45.92,45.92,45.92,112
2024-12-17 19:05:00,45.87,45.87,45.87,45.87,632
2024-12-17 19:11:00,45.88,45.88,45.88,45.88,361
2024-12-17 19:21:00,45.83,45.83,45.83,45.83,239
2024-12-17 19:22:00,45.86,45.86,45.8,45.8,7517
2024-12-17 19:23:00,45.77,45.77,45.77,45.77,333
2024-12-17 19:24:00,45.77,45.77,45.77,45.77,284
2024-12-17 19:25:00,45.73,45.73,45.73,45.73,507
2024-12-17 19:26:00,45.73,45.73,45.73,45.73,318
2024-12-17 19:27:00,45.73,45.73,45.72,45.72,2309
2024-12-17 19:28:00,45.69,45.725,45.69,45.725,230
2024-12-17 19:29:00,45.68,45.72,45.68,45.72,525
2024-12-17 19:30:00,45.685,45.72,45.685,45.72,1857
2024-12-17 19:31:00,45.715,45.73,45.71,45.71,1724
2024-12-17 19:32:00,45.685,45.705,45.685,45.705,334
2024-12-17 19:33:00,45.705,45.705,45.705,45.705,605
2024-12-17 19:34:00,45.705,45.705,45.705,45.705,826
2024-12-17 19:35:00,45.685,45.705,45.685,45.705,424
2024-12-17 19:36:00,45.705,45.705,45.705,45.705,522
2024-12-17 19:37:00,45.705,45.705,45.705,45.705,431
2024-12-17 19:38:00,45.705,45.705,45.705,45.705,614
2024-12-17 19:39:00,45.705,45.705,45.705,45.705,291
2024-12-17 19:40:00,45.7,45.71,45.68,45.71,3419
2024-12-17 19:42:00,45.705,45.735,45.705,45.735,515
2024-12-17 19:43:00,45.73,45.73,45.72,45.72,375
2024-12-17 19:46:00,45.72,45.73,45.71,45.73,2666
2024-12-17 19:48:00,45.71,45.72,45.69,45.69,1404
2024-12-17 19:49:00,45.69,45.69,45.69,45.69,156
2024-12-17 19:50:00,45.695,45.695,45.695,45.695,964
2024-12-17 19:51:00,45.72,45.72,45.71,45.71,427
2024-12-17 19:52:00,45.7299,45.7299,45.7,45.7,266
2024-12-17 19:58:00,45.7,45.7,45.7,45.7,401
2024-12-17 19:59:00,45.71,45.73,45.705,45.705,1522
2024-12-17 20:00:00,45.705,45.705,45.705,45.705,293
2024-12-17 20:01:00,45.705,45.705,45.705,45.705,449
2024-12-17 20:02:00,45.705,45.705,45.705,45.705,190
2024-12-17 20:03:00,45.705,45.705,45.705,45.705,372
2024-12-17 20:04:00,45.705,45.71,45.705,45.71,384
2024-12-17 20:05:00,45.69,45.73,45.69,45.72,3103
2024-12-17 20:07:00,45.7599,45.7599,45.7599,45.7599,1001
2024-12-17 20:08:00,45.72,45.72,45.72,45.72,327
2024-12-17 20:09:00,45.74,45.76,45.74,45.76,1109
2024-12-17 20:12:00,45.745,45.745,45.745,45.745,286
2024-12-17 20:17:00,45.7201,45.7201,45.7201,45.7201,646
2024-12-17 20:18:00,45.72,45.72,45.72,45.72,828
2024-12-17 20:19:00,45.72,45.73,45.72,45.73,1509
2024-12-17 20:20:00,45.72,45.72,45.72,45.72,380
2024-12-17 20:21:00,45.715,45.715,45.715,45.715,233
2024-12-17 20:23:00,45.72,45.72,45.7111,45.7111,1177
2024-12-17 20:24:00,45.73,45.73,45.73,45.73,458
2024-12-17 20:26:00,45.72,45.72,45.72,45.72,159
2024-12-17 20:28:00,45.74,45.74,45.74,45.74,283
2024-12-17 20:29:00,45.73,45.73,45.73,45.73,321
2024-12-17 20:30:00,45.74,45.74,45.74,45.74,846
2024-12-17 20:31:00,45.74,45.74,45.74,45.74,279
2024-12-17 20:32:00,45.74,45.74,45.723,45.735,901
2024-12-17 20:34:00,45.75,45.77,45.745,45.77,2360
2024-12-17 20:35:00,45.74,45.74,45.74,45.74,354
2024-12-17 20:36:00,45.75,45.7608,45.75,45.7608,450
2024-12-17 20:37:00,45.75,45.75,45.75,45.75,968
2024-12-17 20:39:00,45.75,45.77,45.75,45.77,872
2024-12-17 20:40:00,45.77,45.77,45.755,45.755,1201
2024-12-17 20:41:00,45.77,45.78,45.743,45.743,686
2024-12-17 20:42:00,45.755,45.7899,45.7369,45.765,2345
2024-12-17 20:43:00,45.765,45.79,45.765,45.79,1894
2024-12-17 20:44:00,45.78,45.7944,45.78,45.785,2036
2024-12-17 20:45:00,45.8,45.8,45.8,45.8,349
2024-12-17 20:46:00,45.785,45.81,45.785,45.81,1672
2024-12-17 20:47:00,45.77,45.79,45.77,45.77,2097
2024-12-17 20:48:00,45.75,45.755,45.75,45.755,294
2024-12-17 20:49:00,45.755,45.755,45.72,45.72,2431
2024-12-17 20:50:00,45.68,45.73,45.59,45.73,3381
2024-12-17 20:51:00,45.715,45.73,45.715,45.73,902
2024-12-17 20:52:00,45.71,45.71,45.71,45.71,459
2024-12-17 20:54:00,45.745,45.745,45.735,45.735,843
2024-12-17 20:55:00,45.735,45.78,45.7271,45.78,3143
2024-12-17 20:56:00,45.775,45.78,45.75,45.765,3130
2024-12-17 20:57:00,45.775,45.775,45.76,45.775,3228
2024-12-17 20:58:00,45.79,45.79,45.74,45.741,5287
2024-12-17 20:59:00,45.73,45.76,45.7,45.75,28913
2024-12-17 21:15:00,45.5681,45.5681,45.5681,45.5681,100
2024-12-17 21:34:00,45.9096,45.9096,45.9096,45.9096,1000
2024-12-17 22:08:00,45.73,45.73,45.73,45.73,568
2024-12-17 22:20:00,45.57,45.57,45.56,45.56,998
2024-12-18 00:10:00,46.0,46.0,46.0,46.0,2000
2024-12-18 00:19:00,46.0,46.0,46.0,46.0,1930
2024-12-18 12:05:00,46.5,46.5,46.5,46.5,363
2024-12-18 12:33:00,46.45,46.45,46.45,46.45,200
2024-12-18 13:00:00,46.5001,46.5001,46.5001,46.5001,1701
2024-12-18 13:52:00,46.48,46.48,46.48,46.48,138
2024-12-18 14:30:00,46.22,46.22,46.22,46.22,3013
2024-12-18 14:31:00,46.4,46.41,46.4,46.4,649
2024-12-18 14:32:00,46.43,46.43,46.43,46.43,232
2024-12-18 14:33:00,46.43,46.43,46.43,46.43,100
2024-12-18 14:34:00,46.56,46.56,46.4579,46.4579,201
2024-12-18 14:35:00,46.41,46.41,46.41,46.41,293
2024-12-18 14:36:00,46.41,46.554,46.41,46.554,281
2024-12-18 14:38:00,46.3825,46.56,46.3825,46.56,204
2024-12-18 14:40:00,46.47,46.47,46.47,46.47,102
2024-12-18 14:41:00,46.45,46.5,46.445,46.445,3397
2024-12-18 14:42:00,46.445,46.56,46.445,46.56,385
2024-12-18 14:44:00,46.48,46.56,46.48,46.56,380
2024-12-18 14:45:00,46.405,46.405,46.4,46.4,216
2024-12-18 14:46:00,46.4216,46.49,46.4216,46.49,471
2024-12-18 14:47:00,46.45,46.45,46.42,46.42,823
2024-12-18 14:50:00,46.4025,46.4025,46.36,46.36,448
2024-12-18 14:51:00,46.39,46.39,46.39,46.39,231
2024-12-18 14:52:00,46.37,46.37,46.37,46.37,506
2024-12-18 14:54:00,46.41,46.41,46.41,46.41,267
2024-12-18 14:55:00,46.38,46.38,46.35,46.35,688
2024-12-18 14:56:00,46.31,46.31,46.3,46.3,695
2024-12-18 14:58:00,46.29,46.29,46.29,46.29,623
2024-12-18 15:00:00,46.27,46.3,46.25,46.26,1281
2024-12-18 15:01:00,46.25,46.25,46.25,46.25,166
2024-12-18 15:02:00,46.29,46.29,46.29,46.29,134
2024-12-18 15:03:00,46.25,46.285,46.25,46.285,408
2024-12-18 15:04:00,46.29,46.33,46.29,46.31,542
2024-12-18 15:06:00,46.345,46.345,46.265,46.265,576
2024-12-18 15:09:00,46.28,46.325,46.28,46.325,205
2024-12-18 15:10:00,46.325,46.325,46.325,46.325,179
2024-12-18 15:12:00,46.32,46.32,46.265,46.265,204
2024-12-18 15:13:00,46.315,46.34,46.315,46.34,219
2024-12-18 15:14:00,46.28,46.28,46.27,46.27,207
2024-12-18 15:16:00,46.31,46.31,46.28,46.28,299
2024-12-18 15:17:00,46.28,46.34,46.28,46.34,304
2024-12-18 15:18:00,46.34,46.34,46.28,46.28,521
2024-12-18 15:19:00,46.27,46.28,46.235,46.27,3269
2024-12-18 15:21:00,46.2677,46.35,46.25,46.335,2841
2024-12-18 15:24:00,46.33,46.33,46.33,46.33,114
2024-12-18 15:25:00,46.29,46.33,46.255,46.33,371
2024-12-18 15:27:00,46.29,46.29,46.205,46.205,967
2024-12-18 15:28:00,46.2,46.24,46.2,46.24,1197
2024-12-18 15:30:00,46.22,46.22,46.22,46.22,109
2024-12-18 15:31:00,46.265,46.265,46.265,46.265,106
2024-12-18 15:33:00,46.21,46.21,46.2,46.2,273
2024-12-18 15:34:00,46.2,46.28,46.2,46.22,303
2024-12-18 15:35:00,46.21,46.21,46.21,46.21,114
2024-12-18 15:36:00,46.23,46.23,46.23,46.23,101
2024-12-18 15:37:00,46.22,46.24,46.1503,46.205,4018
2024-12-18 15:38:00,46.205,46.205,46.2,46.2,596
2024-12-18 15:40:00,46.18,46.18,46.18,46.18,287
2024-12-18 15:42:00,46.21,46.224,46.21,46.224,302
2024-12-18 15:43:00,46.2,46.2,46.2,46.2,207
2024-12-18 15:44:00,46.23,46.23,46.2,46.2,626
2024-12-18 15:45:00,46.2,46.2,46.18,46.19,643
2024-12-18 15:46:00,46.22,46.22,46.195,46.195,315
2024-12-18 15:47:00,46.22,46.23,46.2,46.22,932
2024-12-18 15:48:00,46.2,46.2,46.18,46.18,593
2024-12-18 15:49:00,46.2,46.205,46.13,46.13,1997
2024-12-18 15:51:00,46.12,46.12,46.12,46.12,221
2024-12-18 15:52:00,46.095,46.095,46.07,46.07,475
2024-12-18 15:53:00,46.07,46.07,46.07,46.07,433
2024-12-18 15:54:00,46.12,46.12,46.115,46.115,690
2024-12-18 15:56:00,46.105,46.16,46.105,46.16,409
2024-12-18 15:58:00,46.12,46.12,46.12,46.12,126
2024-12-18 15:59:00,46.12,46.12,46.12,46.12,218
2024-12-18 16:00:00,46.12,46.12,46.11,46.115,830
2024-12-18 16:04:00,46.07,46.07,46.07,46.07,101
2024-12-18 16:05:00,46.14,46.14,46.14,46.14,208
2024-12-18 16:06:00,46.15,46.165,46.15,46.165,386
2024-12-18 16:07:00,46.113,46.113,46.06,46.06,593
2024-12-18 16:09:00,46.065,46.065,46.065,46.065,154
2024-12-18 16:10:00,46.0462,46.11,46.0462,46.11,359
2024-12-18 16:11:00,46.06,46.06,46.04,46.04,327
2024-12-18 16:12:00,46.06,46.06,46.06,46.06,230
2024-12-18 16:14:00,46.06,46.08,46.06,46.08,409
2024-12-18 16:15:00,46.04,46.04,46.04,46.04,340
2024-12-18 16:16:00,46.06,46.06,46.06,46.06,103
2024-12-18 16:18:00,46.06,46.06,46.06,46.06,106
2024-12-18 16:20:00,46.06,46.11,46.015,46.1075,3601
2024-12-18 16:21:00,46.18,46.18,46.18,46.18,133
2024-12-18 16:22:00,46.18,46.18,46.18,46.18,102
2024-12-18 16:23:00,46.18,46.19,46.12,46.145,785
2024-12-18 16:24:00,46.16,46.16,46.16,46.16,208
2024-12-18 16:25:00,46.22,46.25,46.155,46.235,2780
2024-12-18 16:26:00,46.23,46.27,46.23,46.27,274
2024-12-18 16:27:00,46.21,46.21,46.21,46.21,217
2024-12-18 16:28:00,46.27,46.27,46.27,46.27,150
2024-12-18 16:29:00,46.3,46.3,46.21,46.21,622
2024-12-18 16:30:00,46.235,46.235,46.21,46.22,400
2024-12-18 16:31:00,46.24,46.24,46.2297,46.24,408
2024-12-18 16:32:00,46.21,46.23,46.21,46.23,505
2024-12-18 16:33:00,46.26,46.26,46.26,46.26,101
2024-12-18 16:34:00,46.225,46.25,46.21,46.25,461
2024-12-18 16:35:00,46.2339,46.2339,46.2339,46.2339,100
2024-12-18 16:36:00,46.21,46.21,46.2,46.2,463
2024-12-18 16:38:00,46.21,46.21,46.21,46.21,103
2024-12-18 16:39:00,46.19,46.21,46.19,46.2,1203
2024-12-18 16:40:00,46.21,46.21,46.18,46.18,313
2024-12-18 16:41:00,46.17,46.17,46.17,46.17,151
2024-12-18 16:43:00,46.21,46.21,46.17,46.17,237
2024-12-18 16:44:00,46.17,46.18,46.15,46.18,500
2024-12-18 16:45:00,46.17,46.17,46.17,46.17,102
2024-12-18 16:46:00,46.17,46.18,46.17,46.18,303
2024-12-18 16:47:00,46.1524,46.17,46.1524,46.17,1025
2024-12-18 16:48:00,46.18,46.18,46.15,46.16,781
2024-12-18 16:50:00,46.18,46.215,46.18,46.2,2152
2024-12-18 16:52:00,46.27,46.27,46.27,46.27,353
2024-12-18 16:53:00,46.29,46.29,46.26,46.26,334
2024-12-18 16:54:00,46.28,46.28,46.28,46.28,102
2024-12-18 16:55:00,46.165,46.1909,46.165,46.1909,1337
2024-12-18 16:56:00,46.25,46.25,46.25,46.25,223
2024-12-18 16:57:00,46.23,46.23,46.23,46.23,101
2024-12-18 16:58:00,46.23,46.23,46.23,46.23,102
2024-12-18 16:59:00,46.21,46.24,46.19,46.23,1480
2024-12-18 17:00:00,46.235,46.235,46.225,46.225,257
2024-12-18 17:03:00,46.19,46.19,46.19,46.19,212
2024-12-18 17:05:00,46.22,46.22,46.22,46.22,277
2024-12-18 17:08:00,46.21,46.21,46.2,46.21,944
2024-12-18 17:11:00,46.18,46.215,46.18,46.19,503
2024-12-18 17:13:00,46.18,46.18,46.18,46.18,302
2024-12-18 17:17:00,46.19,46.21,46.19,46.21,307
2024-12-18 17:18:00,46.19,46.19,46.19,46.19,210
2024-12-18 17:20:00,46.215,46.215,46.213,46.213,515
2024-12-18 17:23:00,46.215,46.215,46.215,46.215,356
2024-12-18 17:25:00,46.18,46.215,46.18,46.215,825
2024-12-18 17:26:00,46.215,46.2465,46.215,46.215,2073
2024-12-18 17:27:00,46.185,46.215,46.185,46.215,310
2024-12-18 17:29:00,46.2,46.215,46.2,46.215,849
2024-12-18 17:30:00,46.18,46.215,46.18,46.215,359
2024-12-18 17:31:00,46.2283,46.2283,46.215,46.215,710
2024-12-18 17:32:00,46.215,46.215,46.215,46.215,807
2024-12-18 17:33:00,46.21,46.21,46.185,46.185,498
2024-12-18 17:34:00,46.24,46.36,46.24,46.305,3401
2024-12-18 17:35:00,46.305,46.305,46.305,46.305,100
2024-12-18 17:36:00,46.3,46.35,46.3,46.35,289
2024-12-18 17:39:00,46.3,46.3,46.3,46.3,448
2024-12-18 17:42:00,46.32,46.3247,46.21,46.21,1933
2024-12-18 17:44:00,46.21,46.21,46.21,46.21,265
2024-12-18 17:45:00,46.19,46.205,46.185,46.205,401
2024-12-18 17:47:00,46.23,46.23,46.23,46.23,302
2024-12-18 17:49:00,46.23,46.24,46.23,46.24,2331
2024-12-18 17:53:00,46.2,46.22,46.19,46.22,699
2024-12-18 17:54:00,46.22,46.22,46.22,46.22,146
2024-12-18 17:58:00,46.22,46.2464,46.22,46.2464,300
2024-12-18 18:00:00,46.26,46.26,46.26,46.26,410
2024-12-18 18:02:00,46.19,46.2274,46.19,46.2274,441
2024-12-18 18:03:00,46.235,46.235,46.21,46.21,365
2024-12-18 18:04:00,46.21,46.22,46.21,46.21,1167
2024-12-18 18:05:00,46.2,46.2,46.2,46.2,109
2024-12-18 18:17:00,46.21,46.24,46.21,46.23,475
2024-12-18 18:18:00,46.237,46.275,46.237,46.24,3379
2024-12-18 18:19:00,46.305,46.305,46.305,46.305,135
2024-12-18 18:20:00,46.295,46.295,46.295,46.295,200
2024-12-18 18:22:00,46.3,46.3,46.3,46.3,106
2024-12-18 18:25:00,46.2807,46.295,46.2807,46.295,815
2024-12-18 18:27:00,46.295,46.35,46.295,46.35,1667
2024-12-18 18:29:00,46.32,46.32,46.32,46.32,210
2024-12-18 18:30:00,46.3,46.3,46.3,46.3,138
2024-12-18 18:32:00,46.31,46.3285,46.29,46.31,2501
2024-12-18 18:34:00,46.31,46.31,46.31,46.31,172
2024-12-18 18:35:00,46.3092,46.31,46.3092,46.31,598
2024-12-18 18:39:00,46.28,46.295,46.28,46.295,627
2024-12-18 18:41:00,46.27,46.3047,46.26,46.3047,1208
2024-12-18 18:48:00,46.25,46.25,46.25,46.25,233
2024-12-18 18:52:00,46.25,46.281541,46.25,46.281541,284
2024-12-18 18:53:00,46.25,46.25,46.24,46.24,311
2024-12-18 18:56:00,46.26,46.3084,46.26,46.3084,1276
2024-12-18 18:58:00,46.24,46.24,46.24,46.24,133
2024-12-18 19:00:00,46.24,46.24,46.18,46.18,2479
2024-12-18 19:01:00,46.05,46.0996,46.04,46.0996,11273
2024-12-18 19:02:00,46.055,46.11,46.055,46.11,2461
2024-12-18 19:03:00,46.105,46.105,46.105,46.105,237
2024-12-18 19:04:00,46.075,46.075,46.075,46.075,233
2024-12-18 19:05:00,46.0,46.0,46.0,46.0,923
2024-12-18 19:06:00,45.92,45.92,45.915,45.915,314
2024-12-18 19:07:00,45.83,45.83,45.81,45.81,455
2024-12-18 19:09:00,45.83,45.83,45.7,45.7,1892
2024-12-18 19:13:00,45.665,45.7658,45.665,45.7658,441
2024-12-18 19:16:00,45.59,45.59,45.59,45.59,117
2024-12-18 19:17:00,45.595,45.595,45.595,45.595,223
2024-12-18 19:18:00,45.67,45.67,45.67,45.67,146
2024-12-18 19:20:00,45.73,45.74,45.705,45.705,1991
2024-12-18 19:21:00,45.705,45.705,45.705,45.705,535
2024-12-18 19:22:00,45.74,45.77,45.74,45.76,1426
2024-12-18 19:23:00,45.76,45.76,45.71,45.75,1352
2024-12-18 19:24:00,45.745,45.77,45.745,45.77,457
2024-12-18 19:25:00,45.78,45.81,45.77,45.805,1691
2024-12-18 19:26:00,45.805,45.88,45.805,45.805,773
2024-12-18 19:27:00,45.805,45.805,45.805,45.805,612
2024-12-18 19:28:00,45.805,45.805,45.7691,45.785,1979
2024-12-18 19:29:00,45.785,45.785,45.71,45.74,5161
2024-12-18 19:30:00,45.74,45.75,45.68,45.74,4927
2024-12-18 19:31:00,45.77,45.785,45.77,45.78,1030
2024-12-18 19:32:00,45.84,45.85,45.84,45.85,862
2024-12-18 19:33:00,45.845,45.845,45.845,45.845,156
2024-12-18 19:34:00,45.855,45.855,45.855,45.855,308
2024-12-18 19:36:00,45.82,45.82,45.82,45.82,125
2024-12-18 19:37:00,45.82,45.82,45.78,45.82,2335
2024-12-18 19:38:00,45.78,45.82,45.78,45.82,3060
2024-12-18 19:40:00,45.81,45.82,45.76,45.81,3332
2024-12-18 19:41:00,45.79,45.84,45.79,45.84,2031
2024-12-18 19:42:00,45.82,45.82,45.78,45.82,1917
2024-12-18 19:43:00,45.82,45.82,45.715,45.77,4626
2024-12-18 19:44:00,45.76,45.82,45.72,45.735,3957
2024-12-18 19:45:00,45.73,45.78,45.65,45.69,4321
2024-12-18 19:46:00,45.68,45.68,45.68,45.68,827
2024-12-18 19:47:00,45.63,45.68,45.585,45.59,4734
2024-12-18 19:49:00,45.575,45.575,45.505,45.56,469
2024-12-18 19:50:00,45.565,45.565,45.5,45.5,787
2024-12-18 19:51:00,45.5,45.57,45.5,45.56,1424
2024-12-18 19:52:00,45.5,45.5,45.5,45.5,199
2024-12-18 19:54:00,45.435,45.435,45.435,45.435,111
2024-12-18 19:55:00,45.43,45.43,45.38,45.42,650
2024-12-18 19:56:00,45.38,45.38,45.35,45.35,526
2024-12-18 19:57:00,45.34,45.34,45.29,45.31,633
2024-12-18 19:58:00,45.315,45.315,45.315,45.315,231
2024-12-18 19:59:00,45.235,45.235,45.235,45.235,120
2024-12-18 20:01:00,45.31,45.31,45.31,45.31,308
2024-12-18 20:02:00,45.305,45.37,45.305,45.36,5329
2024-12-18 20:03:00,45.335,45.39,45.335,45.39,1989
2024-12-18 20:04:00,45.38,45.38,45.335,45.38,957
2024-12-18 20:05:00,45.335,45.38,45.33,45.33,2361
2024-12-18 20:06:00,45.33,45.41,45.33,45.375,3435
2024-12-18 20:07:00,45.4,45.41,45.39,45.39,1814
2024-12-18 20:08:00,45.42,45.42,45.39,45.39,1857
2024-12-18 20:09:00,45.4,45.46,45.4,45.43,4547
2024-12-18 20:10:00,45.43,45.4592,45.42,45.42,2565
2024-12-18 20:11:00,45.43,45.43,45.43,45.43,2060
2024-12-18 20:12:00,45.43,45.43,45.4,45.4,12242
2024-12-18 20:13:00,45.41,45.41,45.41,45.41,683
2024-12-18 20:14:00,45.41,45.43,45.38,45.4,5040
2024-12-18 20:15:00,45.4,45.42,45.36,45.4,5138
2024-12-18 20:17:00,45.27,45.27,45.24,45.24,292
2024-12-18 20:20:00,45.305,45.38,45.3,45.3,2894
2024-12-18 20:21:00,45.3,45.41,45.3,45.41,2456
2024-12-18 20:22:00,45.345,45.41,45.335,45.335,872
2024-12-18 20:23:00,45.38,45.39,45.28,45.39,2631
2024-12-18 20:24:00,45.37,45.39,45.36,45.38,2696
2024-12-18 20:25:00,45.38,45.38,45.33,45.355,2878
2024-12-18 20:26:00,45.355,45.38,45.33,45.355,3147
2024-12-18 20:27:00,45.355,45.355,45.33,45.35,2976
2024-12-18 20:28:00,45.33,45.345,45.32,45.325,5330
2024-12-18 20:29:00,45.31,45.32,45.28,45.32,844
2024-12-18 20:30:00,45.28,45.32,45.28,45.32,2435
2024-12-18 20:31:00,45.25,45.25,45.19,45.19,1676
2024-12-18 20:32:00,45.1306,45.1306,45.09,45.09,831
2024-12-18 20:33:00,45.1,45.1,45.1,45.1,268
2024-12-18 20:34:00,45.08,45.1,45.0621,45.075,1485
2024-12-18 20:35:00,45.06,45.06,44.99,44.99,8516
2024-12-18 20:36:00,44.96,44.98,44.95,44.98,1202
2024-12-18 20:38:00,44.89,44.89,44.89,44.89,215
2024-12-18 20:39:00,44.92,44.9458,44.89,44.9,644
2024-12-18 20:40:00,44.88,44.88,44.83,44.88,2748
2024-12-18 20:41:00,44.86,44.915,44.84,44.87,4359
2024-12-18 20:42:00,44.89,44.96,44.89,44.96,2065
2024-12-18 20:43:00,44.9,44.96,44.88,44.93,2748
2024-12-18 20:44:00,44.96,44.97,44.91,44.91,9669
2024-12-18 20:45:00,44.91,44.93,44.87,44.93,7305
2024-12-18 20:46:00,44.93,44.98,44.93,44.96,2794
2024-12-18 20:47:00,44.94,44.98,44.94,44.98,6436
2024-12-18 20:48:00,44.97,45.03,44.96,45.03,5472
2024-12-18 20:50:00,45.0,45.03,44.96,45.0,4976
2024-12-18 20:51:00,45.0,45.0,44.964,44.98,4564
2024-12-18 20:52:00,44.94,44.97,44.935,44.95,10548
2024-12-18 20:53:00,44.94,44.975,44.93,44.94,5383
2024-12-18 20:54:00,44.96,44.97,44.92,44.92,2620
2024-12-18 20:55:00,44.88,44.88,44.76,44.76,3674
2024-12-18 20:56:00,44.76,44.85,44.76,44.79,18647
2024-12-18 20:57:00,44.8,44.81,44.79,44.81,1450
2024-12-18 20:58:00,44.8,44.82,44.78,44.82,5024
2024-12-18 20:59:00,44.81,44.81,44.72,44.73,7336
2024-12-19 13:00:00,45.29,45.29,44.74,44.74,750
2024-12-19 14:30:00,45.56,45.57,45.53,45.53,4652
2024-12-19 14:31:00,45.8652,45.93,45.8652,45.93,302
2024-12-19 14:32:00,45.5913,45.5913,45.5913,45.5913,946
2024-12-19 14:34:00,45.92,45.92,45.92,45.92,100
2024-12-19 14:37:00,45.61,45.61,45.56,45.58,1002
2024-12-19 14:38:00,45.58,45.58,45.58,45.58,107
2024-12-19 14:41:00,45.52,45.54,45.52,45.54,511
2024-12-19 14:44:00,45.54,45.54,45.54,45.54,307
2024-12-19 14:48:00,45.5,45.55,45.45,45.45,1166
2024-12-19 14:53:00,45.54,45.58,45.54,45.58,950
2024-12-19 14:55:00,45.595,45.595,45.595,45.595,186
2024-12-19 15:01:00,45.47,45.47,45.46,45.46,352
2024-12-19 15:03:00,45.5328,45.5328,45.5328,45.5328,122
2024-12-19 15:06:00,45.41,45.41,45.405,45.405,435
2024-12-19 15:07:00,45.4,45.4,45.4,45.4,127
2024-12-19 15:10:00,45.45,45.46,45.45,45.46,557
2024-12-19 15:12:00,45.43,45.43,45.42,45.42,721
2024-12-19 15:13:00,45.46,45.46,45.46,45.46,1337
2024-12-19 15:14:00,45.51,45.51,45.51,45.51,222
2024-12-19 15:16:00,45.4423,45.4423,45.4423,45.4423,142
2024-12-19 15:17:00,45.515,45.515,45.515,45.515,103
2024-12-19 15:20:00,45.4,45.4,45.4,45.4,235
2024-12-19 15:22:00,45.41,45.41,45.41,45.41,266
2024-12-19 15:25:00,45.27,45.4,45.27,45.4,339
2024-12-19 15:26:00,45.38,45.38,45.38,45.38,145
2024-12-19 15:29:00,45.325,45.325,45.325,45.325,123
2024-12-19 15:32:00,45.22,45.22,45.22,45.22,319
2024-12-19 15:36:00,45.195,45.195,45.195,45.195,166
2024-12-19 15:41:00,45.245,45.245,45.245,45.245,159
2024-12-19 15:42:00,45.3,45.34,45.3,45.34,1234
2024-12-19 15:43:00,45.48,45.52,45.48,45.52,1205
2024-12-19 15:44:00,45.505,45.52,45.5,45.52,1097
2024-12-19 15:46:00,45.385,45.385,45.385,45.385,440
2024-12-19 15:49:00,45.385,45.385,45.385,45.385,328
2024-12-19 15:51:00,45.4,45.51,45.4,45.49,447
2024-12-19 15:54:00,45.48,45.48,45.48,45.48,153
2024-12-19 15:56:00,45.38,45.38,45.38,45.38,339
2024-12-19 15:58:00,45.41,45.41,45.41,45.41,124
2024-12-19 16:01:00,45.39,45.39,45.39,45.39,158
2024-12-19 16:02:00,45.33,45.33,45.33,45.33,387
2024-12-19 16:03:00,45.35,45.35,45.35,45.35,136
2024-12-19 16:04:00,45.28,45.28,45.245,45.245,649
2024-12-19 16:05:00,45.224,45.224,45.224,45.224,1606
2024-12-19 16:06:00,45.25,45.25,45.25,45.25,650
2024-12-19 16:07:00,45.275,45.275,45.275,45.275,258
2024-12-19 16:09:00,45.28,45.28,45.28,45.28,113
2024-12-19 16:11:00,45.28,45.28,45.28,45.28,488
2024-12-19 16:13:00,45.273,45.273,45.273,45.273,281
2024-12-19 16:15:00,45.35,45.35,45.31,45.33,622
2024-12-19 16:17:00,45.34,45.35,45.34,45.35,490
2024-12-19 16:18:00,45.34,45.34,45.34,45.34,622
2024-12-19 16:20:00,45.325,45.35,45.15,45.25,7932
2024-12-19 16:21:00,45.35,45.35,45.35,45.35,565
2024-12-19 16:22:00,45.36,45.36,45.36,45.36,516
2024-12-19 16:23:00,45.45,45.46,45.39,45.46,1665
2024-12-19 16:24:00,45.45,45.45,45.43,45.43,389
2024-12-19 16:26:00,45.395,45.45,45.385,45.395,5255
2024-12-19 16:27:00,45.44,45.45,45.39,45.45,1020
2024-12-19 16:29:00,45.385,45.395,45.385,45.395,431
2024-12-19 16:30:00,45.395,45.395,45.395,45.395,571
2024-12-19 16:31:00,45.39,45.39,45.39,45.39,404
2024-12-19 16:32:00,45.39,45.42,45.39,45.41,1420
2024-12-19 16:33:00,45.45,45.45,45.39,45.415,2089
2024-12-19 16:34:00,45.38,45.415,45.38,45.415,636
2024-12-19 16:35:00,45.39,45.415,45.38,45.385,1807
2024-12-19 16:36:00,45.43,45.43,45.43,45.43,342
2024-12-19 16:38:00,45.44,45.44,45.415,45.415,329
2024-12-19 16:40:00,45.44,45.44,45.44,45.44,409
2024-12-19 16:41:00,45.3925,45.3925,45.3925,45.3925,302
2024-12-19 16:42:00,45.395,45.395,45.36,45.36,631
2024-12-19 16:43:00,45.44,45.44,45.43,45.43,306
2024-12-19 16:44:00,45.43,45.43,45.43,45.43,136
2024-12-19 16:45:00,45.44,45.44,45.44,45.44,115
2024-12-19 16:46:00,45.43,45.43,45.43,45.43,163
2024-12-19 16:48:00,45.3669,45.3669,45.3669,45.3669,405
2024-12-19 16:51:00,45.43,45.43,45.43,45.43,249
2024-12-19 16:52:00,45.42,45.42,45.42,45.42,111
2024-12-19 16:53:00,45.36,45.36,45.36,45.36,323
2024-12-19 16:55:00,45.395,45.4,45.39,45.4,413
2024-12-19 16:57:00,45.371015,45.4,45.33,45.36,1170
2024-12-19 16:58:00,45.36,45.36,45.36,45.36,304
2024-12-19 16:59:00,45.32,45.335,45.32,45.335,768
2024-12-19 17:00:00,45.335,45.335,45.335,45.335,341
2024-12-19 17:01:00,45.36,45.52,45.34,45.5,6408
2024-12-19 17:05:00,45.41,45.41,45.41,45.41,306
2024-12-19 17:09:00,45.36,45.36,45.36,45.36,307
2024-12-19 17:14:00,45.31,45.31,45.24,45.24,676
2024-12-19 17:15:00,45.28,45.28,45.28,45.28,105
2024-12-19 17:16:00,45.275,45.275,45.275,45.275,106
2024-12-19 17:19:00,45.3,45.3,45.2775,45.2775,409
2024-12-19 17:23:00,45.22,45.22,45.22,45.22,170
2024-12-19 17:25:00,45.23,45.23,45.23,45.23,531
2024-12-19 17:26:00,45.2231,45.2231,45.2231,45.2231,1166
2024-12-19 17:28:00,45.21,45.21,45.21,45.21,180
2024-12-19 17:29:00,45.26,45.26,45.26,45.26,325
2024-12-19 17:30:00,45.2506,45.2506,45.2506,45.2506,237
2024-12-19 17:32:00,45.16,45.185,45.16,45.185,1667
2024-12-19 17:33:00,45.1342,45.2,45.1325,45.2,1881
2024-12-19 17:35:00,45.1417,45.1417,45.1417,45.1417,207
2024-12-19 17:37:00,45.14,45.14,45.135,45.14,476
2024-12-19 17:38:00,45.16,45.16,45.16,45.16,147
2024-12-19 17:39:00,45.17,45.17,45.17,45.17,653
2024-12-19 17:40:00,45.17,45.2,45.16,45.16,1915
2024-12-19 17:42:00,45.13,45.13,45.13,45.13,872
2024-12-19 17:44:00,45.115,45.1159,45.11,45.1159,679
2024-12-19 17:46:00,45.15,45.15,45.15,45.15,710
2024-12-19 17:47:00,45.2026,45.2026,45.2026,45.2026,180
2024-12-19 17:52:00,45.15,45.15,45.15,45.15,831
2024-12-19 17:57:00,45.23,45.23,45.22,45.22,632
2024-12-19 18:00:00,45.2,45.2,45.19,45.19,504
2024-12-19 18:02:00,45.19,45.205,45.15,45.15,1104
2024-12-19 18:03:00,45.15,45.15,45.15,45.15,755
2024-12-19 18:06:00,45.13,45.13,45.085,45.085,289
2024-12-19 18:07:00,45.15,45.15,45.15,45.15,114
2024-12-19 18:10:00,45.23,45.23,45.23,45.23,276
2024-12-19 18:11:00,45.24,45.26,45.24,45.26,722
2024-12-19 18:13:00,45.3,45.3,45.3,45.3,189
2024-12-19 18:22:00,45.25,45.25,45.25,45.25,415
2024-12-19 18:26:00,45.31,45.31,45.31,45.31,250
2024-12-19 18:35:00,45.3,45.31,45.3,45.31,576
2024-12-19 18:36:00,45.27,45.31,45.26,45.31,1254
2024-12-19 18:39:00,45.305,45.305,45.305,45.305,412
2024-12-19 18:40:00,45.3275,45.35,45.3275,45.35,721
2024-12-19 18:41:00,45.34,45.34,45.34,45.34,307
2024-12-19 18:44:00,45.33,45.33,45.31,45.31,563
2024-12-19 18:45:00,45.2801,45.2801,45.2801,45.2801,267
2024-12-19 18:53:00,45.33,45.34,45.33,45.34,389
2024-12-19 18:54:00,45.285,45.36,45.285,45.36,1355
2024-12-19 18:57:00,45.36,45.37,45.36,45.37,493
2024-12-19 18:58:00,45.37,45.37,45.37,45.37,637
2024-12-19 19:07:00,45.35,45.35,45.35,45.35,288
2024-12-19 19:10:00,45.3,45.3,45.3,45.3,341
2024-12-19 19:21:00,45.205,45.205,45.205,45.205,141
2024-12-19 19:24:00,45.31,45.31,45.31,45.31,429
2024-12-19 19:31:00,45.25,45.255,45.25,45.255,762
2024-12-19 19:32:00,45.305,45.305,45.305,45.305,236
2024-12-19 19:33:00,45.31,45.31,45.31,45.31,197
2024-12-19 19:34:00,45.26,45.26,45.25,45.25,338
2024-12-19 19:35:00,45.26,45.31,45.26,45.295,1348
2024-12-19 19:37:00,45.32,45.32,45.31,45.31,283
2024-12-19 19:38:00,45.28,45.28,45.27,45.27,737
2024-12-19 19:46:00,45.27,45.27,45.27,45.27,174
2024-12-19 19:47:00,45.27,45.27,45.27,45.27,240
2024-12-19 19:55:00,45.3,45.3,45.3,45.3,584
2024-12-19 19:57:00,45.2507,45.265,45.25,45.25,1680
2024-12-19 19:58:00,45.3,45.3,45.3,45.3,129
2024-12-19 19:59:00,45.235,45.235,45.235,45.235,253
2024-12-19 20:01:00,45.265,45.2797,45.265,45.2797,273
2024-12-19 20:02:00,45.24,45.24,45.24,45.24,289
2024-12-19 20:03:00,45.23,45.23,45.23,45.23,406
2024-12-19 20:04:00,45.29,45.29,45.29,45.29,138
2024-12-19 20:10:00,45.24,45.24,45.24,45.24,387
2024-12-19 20:15:00,45.26,45.26,45.26,45.26,300
2024-12-19 20:16:00,45.245,45.245,45.245,45.245,123
2024-12-19 20:17:00,45.28,45.29,45.28,45.29,819
2024-12-19 20:18:00,45.2885,45.2885,45.2885,45.2885,208
2024-12-19 20:21:00,45.26,45.26,45.26,45.26,364
2024-12-19 20:23:00,45.32,45.32,45.32,45.32,973
2024-12-19 20:25:00,45.28,45.28,45.28,45.28,701
2024-12-19 20:26:00,45.3,45.3,45.3,45.3,241
2024-12-19 20:27:00,45.25,45.26,45.25,45.25,541
2024-12-19 20:35:00,45.22,45.22,45.138,45.138,736
2024-12-19 20:36:00,45.1968,45.1968,45.18,45.18,593
2024-12-19 20:37:00,45.18,45.2399,45.18,45.2399,1887
2024-12-19 20:38:00,45.28,45.28,45.28,45.28,385
2024-12-19 20:39:00,45.3,45.3,45.3,45.3,378
2024-12-19 20:40:00,45.3,45.3,45.3,45.3,285
2024-12-19 20:48:00,45.28,45.28,45.24,45.24,857
2024-12-19 20:49:00,45.235,45.235,45.235,45.235,1373
2024-12-19 20:50:00,45.24,45.24,45.24,45.24,831
2024-12-19 20:51:00,45.18,45.18,45.18,45.18,416
2024-12-19 20:52:00,45.16,45.165,45.13,45.13,975
2024-12-19 20:53:00,45.17,45.17,45.17,45.17,327
2024-12-19 20:54:00,45.16,45.16,45.16,45.16,427
2024-12-19 20:55:00,45.16,45.19,45.15,45.19,2221
2024-12-19 20:56:00,45.18,45.21,45.17,45.17,1654
2024-12-19 20:57:00,45.19,45.19,45.15,45.15,1428
2024-12-19 20:58:00,45.13,45.13,45.13,45.13,729
2024-12-19 20:59:00,45.13,45.18,45.13,45.15,7188
2024-12-20 09:00:00,45.0,45.0,45.0,45.0,100
2024-12-20 13:00:00,44.2,44.2,44.2,44.2,727
2024-12-20 13:30:00,44.52,44.52,44.52,44.52,280
2024-12-20 14:30:00,44.81,44.81,44.81,44.81,3363
2024-12-20 14:33:00,44.84,44.86,44.84,44.86,1297
2024-12-20 14:34:00,44.71,44.71,44.71,44.71,101
2024-12-20 14:35:00,44.85,44.85,44.85,44.85,601
2024-12-20 14:37:00,44.89,44.89,44.85,44.8785,622
2024-12-20 14:40:00,44.82,44.82,44.82,44.82,202
2024-12-20 14:41:00,44.83,44.83,44.7577,44.7577,232
2024-12-20 14:43:00,44.93,44.93,44.93,44.93,202
2024-12-20 14:47:00,44.76,44.76,44.74,44.74,264
2024-12-20 14:48:00,44.64,44.64,44.64,44.64,206
2024-12-20 14:50:00,44.71,44.71,44.71,44.71,176
2024-12-20 14:51:00,44.73,44.73,44.73,44.73,141
2024-12-20 14:55:00,44.79,44.79,44.79,44.79,469
2024-12-20 15:03:00,44.84,44.84,44.84,44.84,226
2024-12-20 15:04:00,44.82,44.82,44.82,44.82,102
2024-12-20 15:09:00,44.8001,44.8001,44.8001,44.8001,130
2024-12-20 15:12:00,44.875,44.875,44.875,44.875,102
2024-12-20 15:17:00,44.87,44.87,44.87,44.87,243
2024-12-20 15:19:00,44.87,44.87,44.86,44.86,889
2024-12-20 15:23:00,44.875,44.9,44.875,44.9,842
2024-12-20 15:26:00,44.935,44.935,44.935,44.935,195
2024-12-20 15:27:00,44.9,44.91,44.9,44.91,535
2024-12-20 15:29:00,44.92,44.92,44.92,44.92,478
2024-12-20 15:30:00,44.95,45.01,44.95,45.0031,1926
2024-12-20 15:32:00,45.08,45.09,45.08,45.09,731
2024-12-20 15:35:00,45.0,45.0,44.95,45.0,441
2024-12-20 15:37:00,45.03,45.03,45.01,45.01,1078
2024-12-20 15:38:00,44.99,44.99,44.99,44.99,159
2024-12-20 15:39:00,44.98,44.98,44.98,44.98,214
2024-12-20 15:40:00,44.95,44.95,44.95,44.95,109
2024-12-20 15:43:00,44.99,44.99,44.99,44.99,226
2024-12-20 15:45:00,45.01,45.01,45.01,45.01,324
2024-12-20 15:50:00,44.99,45.02,44.99,45.02,1197
2024-12-20 15:52:00,45.06,45.06,45.06,45.06,1872
2024-12-20 15:53:00,45.055,45.055,45.055,45.055,100
2024-12-20 15:54:00,45.07,45.07,45.06,45.06,417
2024-12-20 15:55:00,45.08,45.1,45.06,45.1,1086
2024-12-20 15:58:00,45.01,45.01,45.0,45.0,404
2024-12-20 15:59:00,44.9698,44.9698,44.9698,44.9698,236
2024-12-20 16:01:00,44.96,44.96,44.96,44.96,515
2024-12-20 16:02:00,45.08,45.08,45.07,45.07,797
2024-12-20 16:03:00,45.11,45.12,45.11,45.12,692
2024-12-20 16:05:00,45.17,45.17,45.15,45.15,1352
2024-12-20 16:07:00,45.13,45.13,45.13,45.13,338
2024-12-20 16:09:00,45.09,45.09,45.09,45.09,332
2024-12-20 16:10:00,45.15,45.15,45.14,45.15,500
2024-12-20 16:11:00,45.18,45.18,45.17,45.18,467
2024-12-20 16:12:00,45.17,45.17,45.17,45.17,403
2024-12-20 16:13:00,45.17,45.185,45.17,45.185,1206
2024-12-20 16:14:00,45.16,45.175,45.16,45.175,1369
2024-12-20 16:15:00,45.18,45.21,45.18,45.21,831
2024-12-20 16:16:00,45.22,45.26,45.21,45.26,640
2024-12-20 16:17:00,45.2747,45.2747,45.2747,45.2747,278
2024-12-20 16:18:00,45.3,45.3,45.21,45.29,623
2024-12-20 16:19:00,45.2118,45.2118,45.2118,45.2118,894
2024-12-20 16:20:00,45.255,45.3,45.21,45.215,4583
2024-12-20 16:21:00,45.23,45.28,45.215,45.28,1703
2024-12-20 16:22:00,45.25,45.28,45.23,45.23,1193
2024-12-20 16:25:00,45.32,45.32,45.32,45.32,120
2024-12-20 16:26:00,45.22,45.32,45.22,45.28,947
2024-12-20 16:27:00,45.31,45.31,45.31,45.31,202
2024-12-20 16:29:00,45.28,45.28,45.28,45.28,479
2024-12-20 16:30:00,45.26,45.26,45.26,45.26,555
2024-12-20 16:31:00,45.26,45.32,45.26,45.305,1097
2024-12-20 16:35:00,45.32,45.35,45.32,45.35,881
2024-12-20 16:36:00,45.36,45.37,45.36,45.37,729
2024-12-20 16:39:00,45.425,45.425,45.425,45.425,226
2024-12-20 16:41:00,45.425,45.5,45.425,45.5,928
2024-12-20 16:42:00,45.385,45.555,45.385,45.555,862
2024-12-20 16:43:00,45.51,45.51,45.51,45.51,108
2024-12-20 16:45:00,45.49,45.49,45.49,45.49,312
2024-12-20 16:51:00,45.44,45.44,45.44,45.44,215
2024-12-20 16:52:00,45.42,45.42,45.42,45.42,571
2024-12-20 16:53:00,45.47,45.5,45.47,45.5,544
2024-12-20 16:58:00,45.475,45.475,45.475,45.475,349
2024-12-20 16:59:00,45.47,45.47,45.47,45.47,125
2024-12-20 17:00:00,45.44,45.44,45.44,45.44,204
2024-12-20 17:01:00,45.48,45.5,45.475,45.475,1115
2024-12-20 17:02:00,45.5,45.51,45.4962,45.4962,397
2024-12-20 17:03:00,45.49,45.49,45.49,45.49,561
2024-12-20 17:06:00,45.48,45.48,45.48,45.48,246
2024-12-20 17:08:00,45.49,45.49,45.47,45.47,579
2024-12-20 17:09:00,45.5,45.5,45.5,45.5,615
2024-12-20 17:11:00,45.53,45.53,45.504,45.515,723
2024-12-20 17:12:00,45.53,45.53,45.53,45.53,215
2024-12-20 17:17:00,45.53,45.53,45.53,45.53,590
2024-12-20 17:18:00,45.55,45.55,45.55,45.55,249
2024-12-20 17:20:00,45.535,45.535,45.535,45.535,268
2024-12-20 17:22:00,45.51,45.52,45.51,45.52,444
2024-12-20 17:23:00,45.53,45.53,45.53,45.53,656
2024-12-20 17:25:00,45.54,45.54,45.54,45.54,101
2024-12-20 17:28:00,45.55,45.59,45.55,45.59,1398
2024-12-20 17:29:00,45.55,45.55,45.54,45.54,1001
2024-12-20 17:31:00,45.565,45.565,45.495,45.5175,3015
2024-12-20 17:34:00,45.4,45.41,45.39,45.39,599
2024-12-20 17:36:00,45.33,45.33,45.33,45.33,376
2024-12-20 17:37:00,45.45,45.46,45.45,45.46,543
2024-12-20 17:38:00,45.355,45.355,45.355,45.355,203
2024-12-20 17:44:00,45.42,45.45,45.41,45.41,1286
2024-12-20 17:47:00,45.45,45.45,45.41,45.41,1334
2024-12-20 17:48:00,45.42,45.42,45.42,45.42,527
2024-12-20 17:49:00,45.44,45.44,45.44,45.44,813
2024-12-20 17:54:00,45.46,45.465,45.46,45.46,760
2024-12-20 17:58:00,45.46,45.4607,45.43,45.43,994
2024-12-20 17:59:00,45.43,45.445,45.4,45.4,1334
2024-12-20 18:00:00,45.475,45.475,45.475,45.475,107
2024-12-20 18:06:00,45.275,45.275,45.275,45.275,115
2024-12-20 18:11:00,45.335,45.335,45.335,45.335,112
2024-12-20 18:14:00,45.335,45.335,45.28,45.28,1050
2024-12-20 18:18:00,45.287,45.3,45.26,45.29,1713
2024-12-20 18:19:00,45.33,45.33,45.29,45.3,556
2024-12-20 18:21:00,45.285,45.285,45.285,45.285,912
2024-12-20 18:25:00,45.35,45.35,45.34,45.35,638
2024-12-20 18:26:00,45.35,45.3593,45.335,45.335,1008
2024-12-20 18:28:00,45.31,45.31,45.31,45.31,720
2024-12-20 18:32:00,45.305,45.305,45.27,45.27,300
2024-12-20 18:35:00,45.295,45.295,45.295,45.295,360
2024-12-20 18:36:00,45.33,45.33,45.33,45.33,1382
2024-12-20 18:40:00,45.2801,45.2801,45.2801,45.2801,162
2024-12-20 18:42:00,45.28,45.355,45.28,45.355,444
2024-12-20 18:44:00,45.36,45.36,45.36,45.36,400
2024-12-20 18:45:00,45.37,45.37,45.37,45.37,113
2024-12-20 18:48:00,45.365,45.37,45.365,45.37,298
2024-12-20 18:49:00,45.32,45.32,45.25,45.25,1623
2024-12-20 18:50:00,45.26,45.26,45.26,45.26,125
2024-12-20 18:51:00,45.2538,45.2538,45.2538,45.2538,118
2024-12-20 18:52:00,45.29,45.29,45.29,45.29,242
2024-12-20 18:53:00,45.31,45.31,45.31,45.31,712
2024-12-20 18:55:00,45.33,45.38,45.33,45.38,4032
2024-12-20 18:57:00,45.39,45.39,45.39,45.39,217
2024-12-20 18:58:00,45.36,45.36,45.36,45.36,347
2024-12-20 18:59:00,45.31,45.31,45.31,45.31,528
2024-12-20 19:01:00,45.24,45.24,45.24,45.24,250
2024-12-20 19:02:00,45.2738,45.2738,45.2738,45.2738,100
2024-12-20 19:04:00,45.24,45.24,45.24,45.24,227
2024-12-20 19:11:00,45.29,45.29,45.29,45.29,681
2024-12-20 19:21:00,45.31,45.31,45.31,45.31,414
2024-12-20 19:23:00,45.2856,45.3,45.2856,45.295,2020
2024-12-20 19:24:00,45.33,45.375,45.33,45.37,1372
2024-12-20 19:25:00,45.34,45.34,45.34,45.34,610
2024-12-20 19:29:00,45.3724,45.3724,45.3724,45.3724,165
2024-12-20 19:30:00,45.39,45.39,45.38,45.38,357
2024-12-20 19:33:00,45.393,45.393,45.393,45.393,685
2024-12-20 19:36:00,45.42,45.42,45.42,45.42,795
2024-12-20 19:37:00,45.4125,45.4125,45.4125,45.4125,224
2024-12-20 19:38:00,45.41,45.41,45.41,45.41,325
2024-12-20 19:39:00,45.43,45.43,45.43,45.43,603
2024-12-20 19:40:00,45.39,45.39,45.39,45.39,192
2024-12-20 19:43:00,45.39,45.39,45.39,45.39,102
2024-12-20 19:46:00,45.37,45.37,45.37,45.37,547
2024-12-20 19:50:00,45.335,45.335,45.335,45.335,149
2024-12-20 19:52:00,45.3,45.3,45.3,45.3,432
2024-12-20 19:53:00,45.27,45.2771,45.27,45.2771,560
2024-12-20 19:54:00,45.315,45.315,45.315,45.315,121
2024-12-20 19:55:00,45.29,45.3,45.29,45.3,608
2024-12-20 19:57:00,45.27,45.29,45.27,45.29,578
2024-12-20 19:59:00,45.26,45.275,45.26,45.2685,1873
2024-12-20 20:00:00,45.29,45.29,45.29,45.29,120
2024-12-20 20:01:00,45.28,45.28,45.28,45.28,288
2024-12-20 20:03:00,45.26,45.26,45.26,45.26,134
2024-12-20 20:05:00,45.26,45.26,45.25,45.25,407
2024-12-20 20:06:00,45.26,45.26,45.26,45.26,164
2024-12-20 20:07:00,45.24,45.24,45.24,45.24,217
2024-12-20 20:08:00,45.245,45.29,45.24,45.29,2693
2024-12-20 20:11:00,45.29,45.29,45.29,45.29,141
2024-12-20 20:17:00,45.28,45.28,45.28,45.28,606
2024-12-20 20:18:00,45.29,45.29,45.29,45.29,642
2024-12-20 20:19:00,45.3,45.31,45.3,45.3,1013
2024-12-20 20:20:00,45.312,45.312,45.28,45.28,765
2024-12-20 20:21:00,45.26,45.26,45.26,45.26,142
2024-12-20 20:22:00,45.285,45.285,45.26,45.28,1068
2024-12-20 20:23:00,45.29,45.32,45.29,45.32,1125
2024-12-20 20:24:00,45.3001,45.3044,45.3001,45.3044,581
2024-12-20 20:25:00,45.3,45.33,45.28,45.31,962
2024-12-20 20:27:00,45.31,45.31,45.29,45.305,1731
2024-12-20 20:30:00,45.26,45.26,45.26,45.26,711
2024-12-20 20:31:00,45.23,45.23,45.2,45.2,1377
2024-12-20 20:32:00,45.195,45.195,45.17,45.19,1478
2024-12-20 20:33:00,45.163,45.1725,45.16,45.16,893
2024-12-20 20:34:00,45.15,45.18,45.15,45.17,1342
2024-12-20 20:35:00,45.2,45.25,45.2,45.25,1011
2024-12-20 20:36:00,45.3145,45.3145,45.3145,45.3145,424
2024-12-20 20:37:00,45.31,45.31,45.294,45.294,1023
2024-12-20 20:38:00,45.3,45.3,45.3,45.3,647
2024-12-20 20:40:00,45.315,45.33,45.29,45.29,1906
2024-12-20 20:42:00,45.27,45.27,45.25,45.25,955
2024-12-20 20:43:00,45.226,45.226,45.22,45.22,469
2024-12-20 20:44:00,45.235,45.25,45.23,45.25,853
2024-12-20 20:45:00,45.28,45.29,45.28,45.29,968
2024-12-20 20:46:00,45.29,45.3,45.29,45.3,746
2024-12-20 20:47:00,45.31,45.32,45.28,45.28,2588
2024-12-20 20:48:00,45.27,45.27,45.26,45.26,703
2024-12-20 20:49:00,45.25,45.25,45.25,45.25,635
2024-12-20 20:50:00,45.27,45.27,45.201,45.23,4423
2024-12-20 20:51:00,45.22,45.22,45.21,45.21,1388
2024-12-20 20:52:00,45.18,45.18,45.18,45.18,380
2024-12-20 20:53:00,45.17,45.2,45.17,45.17,1084
2024-12-20 20:54:00,45.17,45.17,45.155,45.155,1684
2024-12-20 20:55:00,45.17,45.21,45.17,45.2,3298
2024-12-20 20:56:00,45.21,45.22,45.21,45.22,1158
2024-12-20 20:57:00,45.24,45.24,45.18,45.19,4407
2024-12-20 20:58:00,45.1909,45.23,45.1909,45.23,2118
2024-12-20 20:59:00,45.21,45.24,45.135,45.14,8940
2024-12-23 09:08:00,44.84,44.84,44.83,44.83,369
2024-12-23 14:26:00,44.82,44.82,44.82,44.82,118
2024-12-23 14:30:00,45.02,45.02,45.0,45.0,1563
2024-12-23 14:31:00,45.0,45.05,45.0,45.05,1141
2024-12-23 14:32:00,44.955,45.08,44.955,45.08,1305
2024-12-23 14:39:00,44.91,44.91,44.91,44.91,132
2024-12-23 14:42:00,45.04,45.04,45.04,45.04,266
2024-12-23 14:43:00,45.04,45.04,45.04,45.04,150
2024-12-23 14:45:00,44.91,44.91,44.91,44.91,164
2024-12-23 14:50:00,44.8,44.85,44.78,44.79,662
2024-12-23 14:54:00,44.89,44.89,44.89,44.89,689
2024-12-23 14:55:00,44.82,44.82,44.82,44.82,185
2024-12-23 15:00:00,44.9075,44.9075,44.9075,44.9075,308
2024-12-23 15:02:00,44.8,44.82,44.78,44.78,2705
2024-12-23 15:06:00,44.81,44.81,44.81,44.81,182
2024-12-23 15:08:00,44.9399,44.9399,44.9399,44.9399,675
2024-12-23 15:10:00,44.72,44.75,44.72,44.73,2264
2024-12-23 15:12:00,44.79,44.8,44.79,44.79,497
2024-12-23 15:32:00,44.82,44.86,44.82,44.86,306
2024-12-23 15:34:00,44.85,44.86,44.7925,44.7925,1158
2024-12-23 15:39:00,44.869,44.89,44.869,44.89,1765
2024-12-23 15:40:00,44.89,44.89,44.89,44.89,198
2024-12-23 15:42:00,44.88,44.88,44.88,44.88,116
2024-12-23 15:44:00,44.83,44.83,44.82,44.82,482
2024-12-23 15:46:00,44.82,44.82,44.82,44.82,318
2024-12-23 15:48:00,44.815,44.815,44.815,44.815,362
2024-12-23 15:50:00,44.815,44.815,44.815,44.815,452
2024-12-23 15:52:00,44.76,44.76,44.74,44.74,409
2024-12-23 15:53:00,44.7205,44.8,44.7205,44.8,457
2024-12-23 15:54:00,44.75,44.7975,44.75,44.7975,375
2024-12-23 15:58:00,44.82,44.82,44.76,44.76,1277
2024-12-23 15:59:00,44.775,44.775,44.775,44.775,197
2024-12-23 16:05:00,44.74,44.74,44.74,44.74,102
2024-12-23 16:06:00,44.805,44.805,44.805,44.805,243
2024-12-23 16:10:00,44.81,44.81,44.81,44.81,123
2024-12-23 16:12:00,44.79,44.79,44.79,44.79,280
2024-12-23 16:13:00,44.835,44.835,44.7906,44.7906,873
2024-12-23 16:14:00,44.79,44.8105,44.79,44.8105,378
2024-12-23 16:18:00,44.8209,44.83,44.8209,44.83,264
2024-12-23 16:19:00,44.835,44.835,44.835,44.835,108
2024-12-23 16:20:00,44.86,44.92,44.86,44.92,1269
2024-12-23 16:22:00,44.8033,44.8033,44.8033,44.8033,328
2024-12-23 16:23:00,44.88,44.99,44.88,44.98,2475
2024-12-23 16:26:00,44.9586,44.9586,44.955,44.955,437
2024-12-23 16:27:00,44.96,44.975,44.96,44.975,638
2024-12-23 16:29:00,44.955,44.955,44.955,44.955,220
2024-12-23 16:31:00,44.9539,44.9539,44.95,44.95,470
2024-12-23 16:34:00,44.95,44.95,44.95,44.95,154
2024-12-23 16:35:00,44.99,45.0,44.99,45.0,1632
2024-12-23 16:38:00,44.9704,44.98,44.9704,44.98,462
2024-12-23 16:41:00,44.92,44.92,44.92,44.92,116
2024-12-23 16:47:00,44.9739,44.9945,44.9739,44.9945,430
2024-12-23 16:48:00,45.06,45.06,45.04,45.04,1274
2024-12-23 16:49:00,45.0635,45.0635,45.0635,45.0635,153
2024-12-23 16:50:00,45.05,45.05,45.05,45.05,378
2024-12-23 16:51:00,45.055,45.055,45.055,45.055,136
2024-12-23 16:53:00,45.1094,45.1094,45.1094,45.1094,365
2024-12-23 16:55:00,45.03,45.03,45.02,45.02,525
2024-12-23 16:56:00,45.0193,45.0193,45.0193,45.0193,255
2024-12-23 17:01:00,45.09,45.1,45.09,45.1,1355
2024-12-23 17:10:00,45.115,45.115,45.115,45.115,112
2024-12-23 17:15:00,45.03,45.03,45.03,45.03,127
2024-12-23 17:18:00,45.07,45.11,45.07,45.09,2095
2024-12-23 17:21:00,45.07,45.07,45.07,45.07,420
2024-12-23 17:23:00,45.075,45.075,45.075,45.075,1272
2024-12-23 17:24:00,45.147,45.147,45.075,45.075,1085
2024-12-23 17:25:00,45.14,45.14,45.14,45.14,524
2024-12-23 17:26:00,45.075,45.075,45.075,45.075,272
2024-12-23 17:28:00,45.115,45.13,45.0343,45.06,1819
2024-12-23 17:30:00,45.1,45.1,45.1,45.1,191
2024-12-23 17:31:00,45.05,45.05,45.05,45.05,723
2024-12-23 17:32:00,45.09,45.09,45.09,45.09,287
2024-12-23 17:40:00,45.07,45.07,45.07,45.07,340
2024-12-23 17:43:00,45.095,45.095,45.095,45.095,308
2024-12-23 17:44:00,45.095,45.1315,45.095,45.1315,340
2024-12-23 17:46:00,45.08,45.08,45.08,45.08,114
2024-12-23 17:48:00,45.09,45.13,45.0737,45.0737,1892
2024-12-23 17:50:00,45.07,45.07,45.07,45.07,236
2024-12-23 17:51:00,45.12,45.12,45.12,45.12,1247
2024-12-23 17:53:00,45.135,45.135,45.135,45.135,208
2024-12-23 17:54:00,45.0932,45.0932,45.0932,45.0932,1071
2024-12-23 18:04:00,45.14,45.14,45.14,45.14,170
2024-12-23 18:08:00,45.1647,45.1647,45.1647,45.1647,676
2024-12-23 18:09:00,45.1997,45.1997,45.1997,45.1997,331
2024-12-23 18:10:00,45.1675,45.1675,45.1675,45.1675,265
2024-12-23 18:11:00,45.1729,45.1729,45.1729,45.1729,400
2024-12-23 18:13:00,45.2,45.205,45.2,45.205,397
2024-12-23 18:21:00,45.2,45.2,45.2,45.2,113
2024-12-23 18:23:00,45.18,45.18,45.15,45.15,333
2024-12-23 18:24:00,45.1494,45.1494,45.1494,45.1494,306
2024-12-23 18:28:00,45.1501,45.21,45.15,45.21,1444
2024-12-23 18:30:00,45.21,45.21,45.19,45.19,642
2024-12-23 18:36:00,45.19,45.19,45.19,45.19,630
2024-12-23 18:37:00,45.195,45.195,45.195,45.195,665
2024-12-23 18:39:00,45.22,45.22,45.22,45.22,1182
2024-12-23 18:43:00,45.24,45.24,45.24,45.24,516
2024-12-23 18:44:00,45.19,45.19,45.19,45.19,312
2024-12-23 18:47:00,45.25,45.25,45.25,45.25,216
2024-12-23 18:50:00,45.2229,45.2229,45.2229,45.2229,371
2024-12-23 18:51:00,45.215,45.215,45.2115,45.215,1457
2024-12-23 18:52:00,45.2222,45.2222,45.1718,45.1718,728
2024-12-23 18:57:00,45.225,45.225,45.225,45.225,122
2024-12-23 19:00:00,45.28,45.28,45.28,45.28,496
2024-12-23 19:02:00,45.24,45.24,45.24,45.24,173
2024-12-23 19:07:00,45.2019,45.21,45.19,45.1901,1279
2024-12-23 19:12:00,45.2,45.2,45.2,45.2,140
2024-12-23 19:15:00,45.2,45.2,45.2,45.2,395
2024-12-23 19:19:00,45.24,45.24,45.24,45.24,1285
2024-12-23 19:20:00,45.24,45.249,45.21,45.21,1105
2024-12-23 19:23:00,45.2239,45.25,45.2239,45.25,1286
2024-12-23 19:32:00,45.25,45.25,45.23,45.23,504
2024-12-23 19:35:00,45.2,45.2,45.2,45.2,376
2024-12-23 19:38:00,45.1873,45.1873,45.1873,45.1873,298
2024-12-23 19:39:00,45.16,45.17,45.16,45.17,1030
2024-12-23 19:40:00,45.17,45.17,45.17,45.17,210
2024-12-23 19:45:00,45.22,45.24,45.2,45.24,1136
2024-12-23 19:46:00,45.24,45.26,45.225,45.26,693
2024-12-23 19:49:00,45.2,45.22,45.2,45.22,407
2024-12-23 19:50:00,45.22,45.25,45.22,45.25,352
2024-12-23 19:52:00,45.2,45.2,45.2,45.2,371
2024-12-23 19:53:00,45.18,45.18,45.18,45.18,236
2024-12-23 19:54:00,45.2,45.23,45.2,45.23,434
2024-12-23 19:57:00,45.185,45.185,45.185,45.185,107
2024-12-23 20:00:00,45.18,45.23,45.18,45.23,954
2024-12-23 20:02:00,45.185,45.185,45.185,45.185,174
2024-12-23 20:04:00,45.19,45.21,45.19,45.21,310
2024-12-23 20:05:00,45.21,45.21,45.19,45.19,834
2024-12-23 20:06:00,45.23,45.23,45.23,45.23,106
2024-12-23 20:07:00,45.21,45.22,45.21,45.22,348
2024-12-23 20:08:00,45.185,45.185,45.185,45.185,286
2024-12-23 20:10:00,45.185,45.185,45.185,45.185,284
2024-12-23 20:11:00,45.185,45.21,45.185,45.21,226
2024-12-23 20:12:00,45.19,45.19,45.1775,45.1775,369
2024-12-23 20:13:00,45.185,45.2,45.185,45.2,843
2024-12-23 20:14:00,45.185,45.22,45.185,45.22,256
2024-12-23 20:15:00,45.23,45.25,45.23,45.25,2009
2024-12-23 20:16:00,45.2,45.23,45.19,45.23,1854
2024-12-23 20:19:00,45.19,45.2,45.19,45.199,1290
2024-12-23 20:20:00,45.195,45.24,45.195,45.195,662
2024-12-23 20:21:00,45.23,45.23,45.205,45.205,732
2024-12-23 20:23:00,45.205,45.205,45.205,45.205,275
2024-12-23 20:24:00,45.225,45.225,45.225,45.225,238
2024-12-23 20:25:00,45.27,45.27,45.27,45.27,219
2024-12-23 20:27:00,45.25,45.25,45.25,45.25,165
2024-12-23 20:31:00,45.275,45.275,45.275,45.275,319
2024-12-23 20:34:00,45.2691,45.27,45.265,45.265,1787
2024-12-23 20:37:00,45.275,45.275,45.275,45.275,160
2024-12-23 20:39:00,45.285,45.3,45.285,45.3,414
2024-12-23 20:41:00,45.3,45.3225,45.3,45.31,5141
2024-12-23 20:42:00,45.31,45.31,45.29,45.31,887
2024-12-23 20:43:00,45.32,45.32,45.32,45.32,156
2024-12-23 20:48:00,45.295,45.295,45.295,45.295,752
2024-12-23 20:49:00,45.27,45.27,45.27,45.27,286
2024-12-23 20:50:00,45.31,45.36,45.305,45.345,3273
2024-12-23 20:51:00,45.36,45.37,45.36,45.37,899
2024-12-23 20:52:00,45.385,45.385,45.37,45.37,647
2024-12-23 20:55:00,45.4,45.4,45.385,45.39,2662
2024-12-23 20:56:00,45.41,45.41,45.395,45.395,1205
2024-12-23 20:57:00,45.395,45.395,45.395,45.395,685
2024-12-23 20:58:00,45.39,45.405,45.39,45.39,1653
2024-12-23 20:59:00,45.37,45.4,45.34,45.34,5932
2024-12-24 14:12:00,44.747,44.747,44.747,44.747,150
2024-12-24 14:30:00,45.11,45.11,45.11,45.11,1870
2024-12-24 14:31:00,45.14,45.24,45.14,45.24,300
2024-12-24 14:32:00,45.135,45.135,45.01,45.01,466
2024-12-24 14:34:00,45.12,45.12,45.12,45.12,285
2024-12-24 14:39:00,45.195,45.195,45.195,45.195,101
2024-12-24 14:41:00,45.16,45.16,45.16,45.16,240
2024-12-24 14:42:00,45.1,45.1,45.1,45.1,545
2024-12-24 14:43:00,45.1,45.1,45.1,45.1,845
2024-12-24 14:46:00,45.13,45.13,45.13,45.13,142
2024-12-24 14:47:00,45.125,45.125,45.125,45.125,100
2024-12-24 14:54:00,45.15,45.15,45.15,45.15,102
2024-12-24 15:00:00,45.0318,45.0318,45.0318,45.0318,212
2024-12-24 15:05:00,45.12,45.12,45.12,45.12,237
2024-12-24 15:08:00,45.12,45.14,45.12,45.14,2695
2024-12-24 15:09:00,45.12,45.12,45.09,45.09,3019
2024-12-24 15:10:00,45.105,45.105,45.105,45.105,193
2024-12-24 15:12:00,45.11,45.11,45.11,45.11,108
2024-12-24 15:13:00,45.13,45.13,45.101,45.101,322
2024-12-24 15:14:00,45.12,45.14,45.12,45.14,320
2024-12-24 15:15:00,45.15,45.15,45.15,45.15,346
2024-12-24 15:18:00,45.135,45.135,45.135,45.135,252
2024-12-24 15:20:00,45.15,45.15,45.15,45.15,109
2024-12-24 15:21:00,45.18,45.22,45.18,45.19,1082
2024-12-24 15:26:00,45.295,45.32,45.295,45.32,580
2024-12-24 15:28:00,45.28,45.3,45.28,45.3,996
2024-12-24 15:31:00,45.28,45.28,45.28,45.28,318
2024-12-24 15:36:00,45.29,45.29,45.29,45.29,351
2024-12-24 15:39:00,45.27,45.27,45.27,45.27,185
2024-12-24 15:43:00,45.29,45.32,45.29,45.305,521
2024-12-24 15:45:00,45.3,45.3,45.3,45.3,311
2024-12-24 15:46:00,45.315,45.315,45.31,45.31,668
2024-12-24 15:50:00,45.29,45.31,45.29,45.31,512
2024-12-24 15:51:00,45.28,45.2999,45.28,45.2999,1110
2024-12-24 15:54:00,45.28,45.28,45.28,45.28,141
2024-12-24 15:57:00,45.2893,45.2893,45.2893,45.2893,188
2024-12-24 15:58:00,45.27,45.27,45.27,45.27,507
2024-12-24 15:59:00,45.255,45.255,45.255,45.255,176
2024-12-24 16:01:00,45.25,45.25,45.25,45.25,101
2024-12-24 16:03:00,45.2913,45.2913,45.2913,45.2913,227
2024-12-24 16:04:00,45.31,45.31,45.31,45.31,154
2024-12-24 16:06:00,45.33,45.35,45.33,45.35,833
2024-12-24 16:13:00,45.32,45.32,45.32,45.32,290
2024-12-24 16:15:00,45.3,45.3,45.3,45.3,239
2024-12-24 16:18:00,45.28,45.29,45.28,45.28,529
2024-12-24 16:19:00,45.275,45.31,45.275,45.31,714
2024-12-24 16:21:00,45.28,45.28,45.28,45.28,162
2024-12-24 16:24:00,45.275,45.275,45.275,45.275,603
2024-12-24 16:27:00,45.29,45.29,45.29,45.29,399
2024-12-24 16:31:00,45.275,45.275,45.275,45.275,205
2024-12-24 16:36:00,45.3238,45.325,45.312,45.312,1435
2024-12-24 16:39:00,45.335,45.335,45.335,45.335,523
2024-12-24 16:40:00,45.3174,45.33,45.3174,45.33,482
2024-12-24 16:41:00,45.34,45.34,45.34,45.34,234
2024-12-24 16:43:00,45.31,45.32,45.31,45.32,1306
2024-12-24 16:45:00,45.32,45.32,45.32,45.32,225
2024-12-24 16:50:00,45.3,45.3,45.3,45.3,219
2024-12-24 16:53:00,45.31,45.31,45.31,45.31,310
2024-12-24 16:54:00,45.3,45.305,45.3,45.305,1128
2024-12-24 16:55:00,45.31,45.32,45.305,45.32,653
2024-12-24 16:57:00,45.32,45.32,45.32,45.32,132
2024-12-24 16:58:00,45.32,45.32,45.32,45.32,100
2024-12-24 16:59:00,45.33,45.33,45.31,45.31,1020
2024-12-24 17:00:00,45.285,45.285,45.285,45.285,304
2024-12-24 17:05:00,45.31,45.31,45.31,45.31,348
2024-12-24 17:08:00,45.32,45.32,45.32,45.32,139
2024-12-24 17:10:00,45.34,45.34,45.34,45.34,272
2024-12-24 17:12:00,45.34,45.34,45.34,45.34,134
2024-12-24 17:14:00,45.35,45.35,45.35,45.35,239
2024-12-24 17:15:00,45.37,45.37,45.37,45.37,697
2024-12-24 17:17:00,45.3437,45.36,45.3437,45.35,609
2024-12-24 17:18:00,45.36,45.36,45.36,45.36,107
2024-12-24 17:19:00,45.3561,45.3561,45.3561,45.3561,279
2024-12-24 17:21:00,45.37,45.37,45.37,45.37,478
2024-12-24 17:24:00,45.365,45.365,45.365,45.365,450
2024-12-24 17:28:00,45.3726,45.39,45.3726,45.39,447
2024-12-24 17:30:00,45.37,45.37,45.36,45.36,778
2024-12-24 17:32:00,45.39,45.39,45.39,45.39,493
2024-12-24 17:34:00,45.38,45.38,45.38,45.38,548
2024-12-24 17:36:00,45.38,45.38,45.36,45.36,1195
2024-12-24 17:38:00,45.38,45.38,45.38,45.38,649
2024-12-24 17:41:00,45.37,45.37,45.36,45.36,719
2024-12-24 17:42:00,45.365,45.365,45.365,45.365,264
2024-12-24 17:43:00,45.35,45.365,45.35,45.365,475
2024-12-24 17:46:00,45.34,45.35,45.33,45.35,1543
2024-12-24 17:48:00,45.365,45.38,45.365,45.37,727
2024-12-24 17:49:00,45.39,45.39,45.39,45.39,587
2024-12-24 17:52:00,45.45,45.46,45.44,45.44,984
2024-12-24 17:54:00,45.44,45.44,45.44,45.44,127
2024-12-24 17:55:00,45.45,45.45,45.45,45.45,212
2024-12-24 17:57:00,45.46,45.46,45.45,45.46,1277
2024-12-24 17:58:00,45.45,45.45,45.44,45.44,2055
2024-12-24 17:59:00,45.45,45.45,45.44,45.45,2002
2024-12-24 18:00:00,45.47,45.47,45.47,45.47,4560
2024-12-26 10:21:00,43.69,43.69,43.69,43.69,300
2024-12-26 10:23:00,43.68,43.68,43.68,43.68,300
2024-12-26 10:26:00,43.68,43.68,43.68,43.68,300
2024-12-26 10:28:00,43.68,43.68,43.68,43.68,605
2024-12-26 10:29:00,43.67,43.67,43.67,43.67,102
2024-12-26 10:34:00,43.7,43.7,43.7,43.7,226
2024-12-26 10:43:00,43.72,43.72,43.7,43.7,327
2024-12-26 12:00:00,43.78,43.78,43.78,43.78,462
2024-12-26 12:02:00,43.99,43.99,43.99,43.99,200
2024-12-26 12:06:00,43.91,43.91,43.91,43.91,100
2024-12-26 12:07:00,43.91,43.91,43.91,43.91,425
2024-12-26 13:01:00,43.89,43.89,43.89,43.89,169
2024-12-26 13:11:00,43.91,43.91,43.91,43.91,100
2024-12-26 13:37:00,43.663,43.663,43.663,43.663,115
2024-12-26 14:30:00,43.76,43.9,43.75,43.82,6163
2024-12-26 14:31:00,43.77,43.88,43.77,43.88,896
2024-12-26 14:32:00,43.77,43.84,43.77,43.84,766
2024-12-26 14:34:00,43.86,43.86,43.8,43.8,653
2024-12-26 14:36:00,43.74,43.74,43.73,43.73,496
2024-12-26 14:37:00,43.7,43.73,43.695,43.695,2375
2024-12-26 14:40:00,43.69,43.72,43.68,43.68,1017
2024-12-26 14:41:00,43.75,43.75,43.75,43.75,2479
2024-12-26 14:42:00,43.755,43.755,43.72,43.72,795
2024-12-26 14:46:00,43.75,43.75,43.7312,43.7312,729
2024-12-26 14:49:00,43.81,43.81,43.81,43.81,1580
2024-12-26 14:50:00,43.825,43.825,43.825,43.825,188
2024-12-26 14:52:00,43.83,43.84,43.79,43.79,2646
2024-12-26 14:53:00,43.84,43.85,43.79,43.8,3918
2024-12-26 14:55:00,43.76,43.76,43.76,43.76,433
2024-12-26 14:56:00,43.76,43.78,43.75,43.76,1981
2024-12-26 14:57:00,43.76,43.775,43.76,43.77,1588
2024-12-26 14:58:00,43.79,43.79,43.79,43.79,181
2024-12-26 14:59:00,43.8,43.8,43.78,43.78,263
2024-12-26 15:01:00,43.8,43.8,43.8,43.8,1153
2024-12-26 15:04:00,43.81,43.81,43.79,43.79,1024
2024-12-26 15:05:00,43.79,43.8,43.79,43.8,241
2024-12-26 15:06:00,43.82,43.82,43.82,43.82,245
2024-12-26 15:07:00,43.8,43.83,43.8,43.825,2327
2024-12-26 15:09:00,43.83,43.84,43.82,43.83,1823
2024-12-26 15:10:00,43.82,43.82,43.82,43.82,199
2024-12-26 15:12:00,43.845,43.845,43.845,43.845,473
2024-12-26 15:13:00,43.8492,43.8492,43.8492,43.8492,284
2024-12-26 15:14:00,43.86,43.87,43.86,43.87,1073
2024-12-26 15:15:00,43.865,43.89,43.865,43.8714,743
2024-12-26 15:16:00,43.85,43.85,43.82,43.84,605
2024-12-26 15:18:00,43.845,43.845,43.845,43.845,168
2024-12-26 15:20:00,43.82,43.82,43.79,43.79,1582
2024-12-26 15:21:00,43.79,43.84,43.79,43.84,1602
2024-12-26 15:22:00,43.855,43.855,43.855,43.855,200
2024-12-26 15:23:00,43.865,43.865,43.865,43.865,345
2024-12-26 15:24:00,43.87,43.87,43.87,43.87,202
2024-12-26 15:25:00,43.87,43.87,43.87,43.87,205
2024-12-26 15:27:00,43.85,43.85,43.85,43.85,188
2024-12-26 15:28:00,43.84,43.84,43.82,43.84,1596
2024-12-26 15:29:00,43.86,43.87,43.84,43.84,1210
2024-12-26 15:30:00,43.84,43.84,43.84,43.84,336
2024-12-26 15:34:00,43.85,43.85,43.8472,43.8472,352
2024-12-26 15:36:00,43.84,43.84,43.84,43.84,470
2024-12-26 15:37:00,43.845,43.87,43.845,43.87,828
2024-12-26 15:42:00,43.84,43.84,43.84,43.84,233
2024-12-26 15:43:00,43.84,43.84,43.81,43.81,480
2024-12-26 15:44:00,43.82,43.82,43.82,43.82,341
2024-12-26 15:45:00,43.8,43.8,43.8,43.8,227
2024-12-26 15:47:00,43.79,43.79,43.79,43.79,385
2024-12-26 15:48:00,43.81,43.83,43.8,43.81,4060
2024-12-26 15:49:00,43.81,43.81,43.79,43.81,1487
2024-12-26 15:50:00,43.79,43.81,43.79,43.81,837
2024-12-26 15:52:00,43.81,43.84,43.81,43.81,2906
2024-12-26 15:53:00,43.81,43.83,43.81,43.83,267
2024-12-26 15:55:00,43.815,43.815,43.815,43.815,311
2024-12-26 15:56:00,43.8,43.8,43.8,43.8,1295
2024-12-26 15:57:00,43.8001,43.82,43.8,43.81,1703
2024-12-26 15:58:00,43.78,43.81,43.78,43.81,1604
2024-12-26 15:59:00,43.82,43.8389,43.8,43.81,5186
2024-12-26 16:00:00,43.81,43.81,43.79,43.79,1358
2024-12-26 16:01:00,43.79,43.79,43.79,43.79,139
2024-12-26 16:02:00,43.8,43.8,43.8,43.8,646
2024-12-26 16:03:00,43.81,43.82,43.79,43.79,1473
2024-12-26 16:04:00,43.79,43.79,43.79,43.79,194
2024-12-26 16:05:00,43.78,43.79,43.78,43.79,617
2024-12-26 16:06:00,43.8,43.8,43.78,43.78,1623
2024-12-26 16:07:00,43.75,43.75,43.75,43.75,155
2024-12-26 16:08:00,43.76,43.76,43.76,43.76,316
2024-12-26 16:09:00,43.784,43.79,43.69,43.71,6227
2024-12-26 16:10:00,43.73,43.74,43.72,43.72,1043
2024-12-26 16:12:00,43.79,43.79,43.79,43.79,302
2024-12-26 16:14:00,43.78,43.81,43.78,43.81,1072
2024-12-26 16:16:00,43.81,43.81,43.805,43.805,563
2024-12-26 16:19:00,43.79,43.79,43.79,43.79,119
2024-12-26 16:20:00,43.8199,43.8199,43.78,43.78,5605
2024-12-26 16:21:00,43.78,43.82,43.78,43.82,288
2024-12-26 16:22:00,43.81,43.81,43.81,43.81,388
2024-12-26 16:24:00,43.78,43.78,43.78,43.78,100
2024-12-26 16:25:00,43.78,43.79,43.78,43.79,664
2024-12-26 16:26:00,43.79,43.79,43.79,43.79,155
2024-12-26 16:28:00,43.78,43.795,43.78,43.795,346
2024-12-26 16:29:00,43.8,43.81,43.8,43.8,1375
2024-12-26 16:32:00,43.7944,43.83,43.7944,43.83,355
2024-12-26 16:33:00,43.79,43.79,43.78,43.78,720
2024-12-26 16:35:00,43.79,43.82,43.79,43.82,1427
2024-12-26 16:37:00,43.8,43.8,43.8,43.8,461
2024-12-26 16:39:00,43.8,43.8,43.8,43.8,103
2024-12-26 16:40:00,43.8,43.8,43.8,43.8,110
2024-12-26 16:41:00,43.8,43.8,43.8,43.8,903
2024-12-26 16:42:00,43.8,43.8,43.8,43.8,450
2024-12-26 16:43:00,43.8,43.8,43.8,43.8,247
2024-12-26 16:46:00,43.79,43.79,43.79,43.79,211
2024-12-26 16:48:00,43.77,43.79,43.77,43.79,477
2024-12-26 16:49:00,43.78,43.78,43.78,43.78,144
2024-12-26 16:50:00,43.795,43.795,43.78,43.78,1197
2024-12-26 16:51:00,43.79,43.79,43.78,43.78,330
2024-12-26 16:52:00,43.8,43.8,43.8,43.8,482
2024-12-26 16:53:00,43.79,43.79,43.79,43.79,487
2024-12-26 16:54:00,43.795,43.795,43.795,43.795,266
2024-12-26 16:55:00,43.795,43.795,43.795,43.795,432
2024-12-26 16:57:00,43.78,43.8,43.78,43.8,420
2024-12-26 16:59:00,43.8099,43.8099,43.8099,43.8099,193
2024-12-26 17:01:00,43.8,43.81,43.8,43.81,429
2024-12-26 17:03:00,43.81,43.81,43.81,43.81,656
2024-12-26 17:04:00,43.8165,43.8165,43.8,43.8,310
2024-12-26 17:05:00,43.8,43.8,43.8,43.8,703
2024-12-26 17:06:00,43.8,43.8,43.79,43.79,685
2024-12-26 17:07:00,43.8,43.8,43.8,43.8,114
2024-12-26 17:08:00,43.805,43.805,43.805,43.805,101
2024-12-26 17:09:00,43.8,43.8,43.8,43.8,444
2024-12-26 17:11:00,43.81,43.82,43.81,43.82,847
2024-12-26 17:13:00,43.79,43.79,43.79,43.79,105
2024-12-26 17:14:00,43.79,43.79,43.78,43.78,1005
2024-12-26 17:17:00,43.78,43.81,43.78,43.81,3238
2024-12-26 17:18:00,43.805,43.828,43.781,43.79,2659
2024-12-26 17:19:00,43.822,43.822,43.822,43.822,239
2024-12-26 17:21:00,43.825,43.825,43.785,43.785,1137
2024-12-26 17:22:00,43.76,43.76,43.72,43.72,2325
2024-12-26 17:23:00,43.73,43.73,43.73,43.73,281
2024-12-26 17:24:00,43.72,43.725,43.72,43.725,520
2024-12-26 17:25:00,43.71,43.72,43.71,43.72,348
2024-12-26 17:26:00,43.74,43.74,43.74,43.74,469
2024-12-26 17:28:00,43.72,43.72,43.72,43.72,109
2024-12-26 17:29:00,43.7,43.7,43.7,43.7,316
2024-12-26 17:30:00,43.7,43.705,43.68,43.68,1759
2024-12-26 17:31:00,43.68,43.74,43.68,43.74,2036
2024-12-26 17:32:00,43.733,43.74,43.733,43.74,358
2024-12-26 17:33:00,43.75,43.755,43.74,43.74,456
2024-12-26 17:34:00,43.76,43.773,43.76,43.77,532
2024-12-26 17:37:00,43.73,43.73,43.73,43.73,175
2024-12-26 17:38:00,43.73,43.73,43.73,43.73,249
2024-12-26 17:40:00,43.7387,43.7387,43.7,43.7,464
2024-12-26 17:41:00,43.705,43.705,43.705,43.705,2323
2024-12-26 17:42:00,43.695,43.695,43.695,43.695,339
2024-12-26 17:43:00,43.69,43.69,43.69,43.69,239
2024-12-26 17:46:00,43.7,43.7,43.7,43.7,217
2024-12-26 17:47:00,43.69,43.69,43.69,43.69,579
2024-12-26 17:48:00,43.68,43.69,43.655,43.655,2981
2024-12-26 17:49:00,43.67,43.67,43.67,43.67,100
2024-12-26 17:53:00,43.69,43.69,43.69,43.69,412
2024-12-26 17:54:00,43.679,43.679,43.679,43.679,299
2024-12-26 17:56:00,43.7,43.7,43.7,43.7,106
2024-12-26 17:57:00,43.67,43.7,43.67,43.7,463
2024-12-26 17:58:00,43.71,43.72,43.7,43.705,748
2024-12-26 17:59:00,43.73,43.75,43.73,43.75,1134
2024-12-26 18:03:00,43.7922,43.7922,43.7922,43.7922,216
2024-12-26 18:07:00,43.75,43.75,43.75,43.75,208
2024-12-26 18:12:00,43.77,43.77,43.77,43.77,288
2024-12-26 18:13:00,43.78,43.78,43.7501,43.7501,752
2024-12-26 18:14:00,43.7684,43.7684,43.7684,43.7684,421
2024-12-26 18:15:00,43.785,43.81,43.785,43.805,888
2024-12-26 18:16:00,43.8275,43.8275,43.8275,43.8275,624
2024-12-26 18:17:00,43.79,43.79,43.79,43.79,265
2024-12-26 18:18:00,43.83,43.85,43.83,43.85,1635
2024-12-26 18:19:00,43.855,43.88,43.855,43.86,1682
2024-12-26 18:21:00,43.86,43.86,43.86,43.86,435
2024-12-26 18:22:00,43.87,43.87,43.87,43.87,209
2024-12-26 18:23:00,43.865,43.8799,43.865,43.8799,1171
2024-12-26 18:24:00,43.865,43.865,43.865,43.865,303
2024-12-26 18:25:00,43.865,43.92,43.86,43.92,1631
2024-12-26 18:26:00,43.9,43.94,43.88,43.915,7595
2024-12-26 18:27:00,43.905,43.905,43.905,43.905,242
2024-12-26 18:28:00,43.9,43.9,43.9,43.9,212
2024-12-26 18:29:00,43.9,43.9,43.9,43.9,481
2024-12-26 18:30:00,43.9,43.9,43.9,43.9,355
2024-12-26 18:31:00,43.9,43.9,43.89,43.89,384
2024-12-26 18:34:00,43.87,43.87,43.87,43.87,229
2024-12-26 18:36:00,43.8501,43.8501,43.8501,43.8501,152
2024-12-26 18:38:00,43.88,43.88,43.88,43.88,289
2024-12-26 18:40:00,43.9,43.9,43.9,43.9,133
2024-12-26 18:42:00,43.88,43.88,43.88,43.88,572
2024-12-26 18:43:00,43.87,43.87,43.87,43.87,136
2024-12-26 18:44:00,43.87,43.87,43.84,43.845,1904
2024-12-26 18:45:00,43.86,43.865,43.86,43.865,1513
2024-12-26 18:46:00,43.8528,43.8528,43.85,43.85,693
2024-12-26 18:47:00,43.855,43.86,43.855,43.86,255
2024-12-26 18:48:00,43.855,43.87,43.855,43.87,502
2024-12-26 18:49:00,43.87,43.87,43.87,43.87,114
2024-12-26 18:55:00,43.89,43.89,43.89,43.89,417
2024-12-26 18:58:00,43.86,43.8918,43.86,43.86,418
2024-12-26 19:01:00,43.86,43.86,43.86,43.86,1612
2024-12-26 19:02:00,43.85,43.85,43.83,43.83,462
2024-12-26 19:03:00,43.835,43.84,43.835,43.84,376
2024-12-26 19:06:00,43.82,43.82,43.82,43.82,266
2024-12-26 19:10:00,43.828,43.828,43.828,43.828,356
2024-12-26 19:11:00,43.79,43.8,43.79,43.79,1344
2024-12-26 19:12:00,43.7774,43.7774,43.7774,43.7774,216
2024-12-26 19:13:00,43.785,43.785,43.785,43.785,377
2024-12-26 19:14:00,43.775,43.79,43.775,43.7896,871
2024-12-26 19:15:00,43.785,43.785,43.77,43.77,776
2024-12-26 19:16:00,43.7715,43.79,43.7715,43.79,742
2024-12-26 19:17:00,43.8,43.8,43.8,43.8,169
2024-12-26 19:19:00,43.77,43.77,43.77,43.77,185
2024-12-26 19:21:00,43.8,43.8,43.78,43.78,1174
2024-12-26 19:28:00,43.76,43.76,43.76,43.76,140
2024-12-26 19:29:00,43.77,43.77,43.77,43.77,323
2024-12-26 19:31:00,43.76,43.76,43.76,43.76,403
2024-12-26 19:32:00,43.75,43.77,43.75,43.76,3159
2024-12-26 19:34:00,43.78,43.78,43.78,43.78,2464
2024-12-26 19:36:00,43.75,43.75,43.75,43.75,129
2024-12-26 19:38:00,43.76,43.76,43.76,43.76,152
2024-12-26 19:39:00,43.76,43.76,43.76,43.76,304
2024-12-26 19:42:00,43.7798,43.7798,43.7798,43.7798,104
2024-12-26 19:43:00,43.79,43.79,43.79,43.79,397
2024-12-26 19:46:00,43.82,43.82,43.82,43.82,193
2024-12-26 19:47:00,43.8,43.8,43.8,43.8,313
2024-12-26 19:49:00,43.81,43.81,43.78,43.78,385
2024-12-26 19:50:00,43.78,43.7996,43.76,43.76,1524
2024-12-26 19:51:00,43.7528,43.7528,43.7528,43.7528,1203
2024-12-26 19:52:00,43.769,43.769,43.769,43.769,140
2024-12-26 19:55:00,43.75,43.75,43.75,43.75,719
2024-12-26 19:59:00,43.73,43.73,43.73,43.73,145
2024-12-26 20:00:00,43.73,43.73,43.73,43.73,207
2024-12-26 20:05:00,43.7699,43.7699,43.7699,43.7699,343
2024-12-26 20:06:00,43.73,43.73,43.73,43.73,115
2024-12-26 20:07:00,43.738,43.738,43.738,43.738,188
2024-12-26 20:14:00,43.73,43.76,43.73,43.75,817
2024-12-26 20:16:00,43.775,43.775,43.775,43.775,152
2024-12-26 20:17:00,43.7615,43.77,43.76,43.77,1524
2024-12-26 20:18:00,43.765,43.765,43.75,43.75,1458
2024-12-26 20:19:00,43.765,43.765,43.765,43.765,196
2024-12-26 20:20:00,43.765,43.78,43.765,43.7793,1033
2024-12-26 20:21:00,43.76,43.76,43.76,43.76,122
2024-12-26 20:22:00,43.76,43.76,43.76,43.76,464
2024-12-26 20:23:00,43.76,43.77,43.76,43.77,1528
2024-12-26 20:24:00,43.7655,43.7655,43.7655,43.7655,230
2024-12-26 20:26:00,43.765,43.765,43.765,43.765,155
2024-12-26 20:27:00,43.76,43.77,43.75,43.77,2073
2024-12-26 20:29:00,43.75,43.75,43.75,43.75,315
2024-12-26 20:30:00,43.75,43.75,43.73,43.73,1046
2024-12-26 20:31:00,43.73,43.73,43.73,43.73,371
2024-12-26 20:33:00,43.734,43.734,43.73,43.73,574
2024-12-26 20:34:00,43.73,43.7477,43.73,43.7322,939
2024-12-26 20:38:00,43.745,43.76,43.745,43.76,878
2024-12-26 20:39:00,43.75,43.75,43.75,43.75,203
2024-12-26 20:40:00,43.75,43.7517,43.75,43.7517,921
2024-12-26 20:41:00,43.74,43.74,43.72,43.72,1763
2024-12-26 20:42:00,43.72,43.72,43.72,43.72,110
2024-12-26 20:43:00,43.7244,43.7244,43.72,43.72,660
2024-12-26 20:44:00,43.7,43.72,43.7,43.72,321
2024-12-26 20:45:00,43.72,43.72,43.72,43.72,257
2024-12-26 20:46:00,43.725,43.725,43.725,43.725,1772
2024-12-26 20:47:00,43.72,43.72,43.72,43.72,575
2024-12-26 20:50:00,43.74,43.785,43.74,43.785,2724
2024-12-26 20:51:00,43.76,43.76,43.76,43.76,422
2024-12-26 20:52:00,43.785,43.785,43.785,43.785,185
2024-12-26 20:53:00,43.77,43.77,43.74,43.74,1400
2024-12-26 20:54:00,43.7558,43.7558,43.7558,43.7558,1230
2024-12-26 20:55:00,43.76,43.786,43.76,43.78,2688
2024-12-26 20:56:00,43.78,43.79,43.77,43.77,3895
2024-12-26 20:57:00,43.75,43.75,43.75,43.75,478
2024-12-26 20:58:00,43.7624,43.7624,43.72,43.72,2053
2024-12-26 20:59:00,43.71,43.74,43.69,43.7,12973
2024-12-26 21:00:00,43.7,43.7,43.7,43.7,1522
2024-12-27 09:09:00,43.23,43.23,43.23,43.23,100
2024-12-27 13:00:00,43.26,43.26,43.26,43.26,544
2024-12-27 14:28:00,43.01,43.01,43.01,43.01,338
2024-12-27 14:29:00,43.01,43.01,43.01,43.01,211
2024-12-27 14:30:00,43.0,43.0,42.8598,42.97,5988
2024-12-27 14:31:00,43.02,43.06,42.7379,42.95,3004
2024-12-27 14:33:00,42.95,42.95,42.95,42.95,103
2024-12-27 14:34:00,43.08,43.08,43.08,43.08,611
2024-12-27 14:35:00,43.0,43.0,43.0,43.0,254
2024-12-27 14:36:00,42.98,42.99,42.955,42.955,1908
2024-12-27 14:41:00,43.08,43.09,43.08,43.09,1460
2024-12-27 14:42:00,43.035,43.0993,43.035,43.0993,1224
2024-12-27 14:43:00,43.1,43.11,43.1,43.11,1206
2024-12-27 14:45:00,43.1275,43.2198,43.12,43.2198,5950
2024-12-27 14:46:00,43.19,43.25,43.19,43.25,3115
2024-12-27 14:47:00,43.27,43.29,43.27,43.27,2584
2024-12-27 14:48:00,43.31,43.31,43.31,43.31,230
2024-12-27 14:50:00,43.3,43.31,43.2706,43.3,1158
2024-12-27 14:51:00,43.28,43.31,43.28,43.305,1817
2024-12-27 14:53:00,43.34,43.34,43.34,43.34,563
2024-12-27 14:55:00,43.35,43.4,43.35,43.4,656
2024-12-27 14:57:00,43.485,43.485,43.485,43.485,137
2024-12-27 14:59:00,43.332,43.332,43.332,43.332,762
2024-12-27 15:00:00,43.33,43.33,43.33,43.33,395
2024-12-27 15:01:00,43.32,43.32,43.28,43.315,1893
2024-12-27 15:05:00,43.26,43.26,43.21,43.21,675
2024-12-27 15:06:00,43.21,43.21,43.21,43.21,351
2024-12-27 15:08:00,43.215,43.215,43.215,43.215,634
2024-12-27 15:09:00,43.215,43.23,43.215,43.22,1154
2024-12-27 15:11:00,43.21,43.21,43.19,43.2,808
2024-12-27 15:12:00,43.18,43.18,43.18,43.18,828
2024-12-27 15:16:00,43.11,43.14,43.11,43.14,1948
2024-12-27 15:17:00,43.1,43.11,43.1,43.11,607
2024-12-27 15:18:00,43.09,43.1,43.09,43.1,407
2024-12-27 15:19:00,43.12,43.12,43.12,43.12,394
2024-12-27 15:20:00,43.08,43.1,43.08,43.08,1017
2024-12-27 15:21:00,43.065,43.065,43.065,43.065,452
2024-12-27 15:22:00,43.085,43.11,43.085,43.11,691
2024-12-27 15:23:00,43.13,43.18,43.11,43.18,988
2024-12-27 15:35:00,43.07,43.07,43.07,43.07,556
2024-12-27 15:36:00,43.13,43.13,43.13,43.13,105
2024-12-27 15:37:00,43.0676,43.0676,43.0676,43.0676,529
2024-12-27 15:41:00,43.14,43.16,43.14,43.16,1738
2024-12-27 15:43:00,43.205,43.205,43.205,43.205,299
2024-12-27 15:44:00,43.22,43.25,43.22,43.25,420
2024-12-27 15:45:00,43.25,43.27,43.25,43.27,502
2024-12-27 15:46:00,43.25,43.255,43.25,43.255,719
2024-12-27 15:47:00,43.255,43.255,43.24,43.24,1405
2024-12-27 15:48:00,43.27,43.295,43.25,43.295,2051
2024-12-27 15:50:00,43.28,43.28,43.28,43.28,332
2024-12-27 15:52:00,43.295,43.295,43.295,43.295,544
2024-12-27 15:55:00,43.3,43.3,43.3,43.3,104
2024-12-27 15:57:00,43.28,43.28,43.27,43.28,866
2024-12-27 15:58:00,43.26,43.26,43.26,43.26,496
2024-12-27 15:59:00,43.2509,43.2509,43.2509,43.2509,451
2024-12-27 16:01:00,43.22,43.22,43.21,43.21,578
2024-12-27 16:02:00,43.15,43.2,43.15,43.19,2360
2024-12-27 16:04:00,43.17,43.17,43.14,43.14,2098
2024-12-27 16:06:00,43.12,43.125,43.12,43.125,428
2024-12-27 16:07:00,43.1,43.1,43.1,43.1,434
2024-12-27 16:08:00,43.1393,43.2,43.1,43.1113,942
2024-12-27 16:11:00,43.2,43.21,43.2,43.21,959
2024-12-27 16:14:00,43.17,43.17,43.14,43.16,1456
2024-12-27 16:15:00,43.135,43.14,43.135,43.14,746
2024-12-27 16:21:00,43.18,43.18,43.18,43.18,197
2024-12-27 16:22:00,43.185,43.185,43.185,43.185,153
2024-12-27 16:26:00,43.26,43.26,43.26,43.26,205
2024-12-27 16:30:00,43.3,43.3,43.3,43.3,201
2024-12-27 16:33:00,43.35,43.37,43.3,43.3,1312
2024-12-27 16:35:00,43.34,43.34,43.34,43.34,270
2024-12-27 16:37:00,43.36,43.37,43.36,43.37,270
2024-12-27 16:42:00,43.3,43.31,43.27,43.27,2154
2024-12-27 16:50:00,43.26,43.26,43.23,43.23,838
2024-12-27 16:51:00,43.22,43.22,43.2,43.2,426
2024-12-27 16:53:00,43.15,43.15,43.15,43.15,168
2024-12-27 16:54:00,43.125,43.125,43.09,43.09,413
2024-12-27 17:00:00,43.135,43.17,43.135,43.17,426
2024-12-27 17:02:00,43.12,43.13,43.12,43.12,417
2024-12-27 17:03:00,43.162,43.162,43.162,43.162,202
2024-12-27 17:05:00,43.09,43.1,43.08,43.08,4323
2024-12-27 17:06:00,43.07,43.07,43.07,43.07,292
2024-12-27 17:07:00,43.07,43.07,43.07,43.07,837
2024-12-27 17:08:00,43.07,43.07,43.03,43.07,820
2024-12-27 17:09:00,43.0601,43.0601,43.0601,43.0601,174
2024-12-27 17:14:00,43.0855,43.0855,43.0855,43.0855,196
2024-12-27 17:17:00,43.085,43.085,43.085,43.085,192
2024-12-27 17:18:00,43.0977,43.117,43.06,43.117,2098
2024-12-27 17:20:00,43.09,43.09,43.0508,43.0508,1284
2024-12-27 17:21:00,43.05,43.05,43.05,43.05,800
2024-12-27 17:22:00,43.04,43.07,43.04,43.06,1594
2024-12-27 17:23:00,43.065,43.065,43.065,43.065,289
2024-12-27 17:25:00,43.065,43.065,43.065,43.065,125
2024-12-27 17:26:00,43.05,43.1,43.05,43.1,665
2024-12-27 17:27:00,43.08,43.08,43.06,43.06,684
2024-12-27 17:28:00,43.05,43.05,43.02,43.02,1572
2024-12-27 17:29:00,43.0,43.0,43.0,43.0,193
2024-12-27 17:30:00,43.05,43.05,43.05,43.05,296
2024-12-27 17:31:00,43.03,43.06,43.03,43.06,815
2024-12-27 17:32:00,43.04,43.04,43.04,43.04,380
2024-12-27 17:33:00,43.04,43.055,43.04,43.05,332
2024-12-27 17:35:00,43.03,43.03,43.03,43.03,469
2024-12-27 17:36:00,43.03,43.03,43.03,43.03,151
2024-12-27 17:37:00,43.02,43.02,43.02,43.02,211
2024-12-27 17:38:00,43.02,43.02,43.02,43.02,654
2024-12-27 17:39:00,43.02,43.08,43.02,43.06,3271
2024-12-27 17:41:00,43.09,43.09,43.09,43.09,271
2024-12-27 17:42:00,43.13,43.15,43.13,43.15,691
2024-12-27 17:44:00,43.1593,43.1593,43.1593,43.1593,105
2024-12-27 17:46:00,43.12,43.155,43.12,43.155,727
2024-12-27 17:47:00,43.12,43.12,43.115,43.115,812
2024-12-27 17:48:00,43.1,43.1,43.1,43.1,276
2024-12-27 17:50:00,43.115,43.115,43.115,43.115,500
2024-12-27 17:52:00,43.12,43.12,43.12,43.12,182
2024-12-27 17:54:00,43.11,43.11,43.11,43.11,112
2024-12-27 18:02:00,43.16,43.17,43.16,43.17,205
2024-12-27 18:03:00,43.18,43.18,43.18,43.18,116
2024-12-27 18:04:00,43.21,43.23,43.21,43.23,475
2024-12-27 18:07:00,43.15,43.16,43.15,43.16,694
2024-12-27 18:10:00,43.2,43.2,43.18,43.18,325
2024-12-27 18:13:00,43.18,43.22,43.18,43.22,532
2024-12-27 18:16:00,43.21,43.21,43.21,43.21,120
2024-12-27 18:17:00,43.2,43.2,43.2,43.2,912
2024-12-27 18:18:00,43.19,43.19,43.19,43.19,191
2024-12-27 18:20:00,43.205,43.205,43.1935,43.1935,649
2024-12-27 18:23:00,43.21,43.2159,43.2,43.2159,614
2024-12-27 18:24:00,43.205,43.205,43.19,43.1915,1376
2024-12-27 18:25:00,43.205,43.205,43.205,43.205,1092
2024-12-27 18:26:00,43.2,43.2,43.2,43.2,629
2024-12-27 18:28:00,43.1912,43.1912,43.1912,43.1912,206
2024-12-27 18:29:00,43.2,43.2,43.2,43.2,225
2024-12-27 18:30:00,43.2,43.22,43.18,43.21,2909
2024-12-27 18:32:00,43.26,43.26,43.26,43.26,603
2024-12-27 18:33:00,43.265,43.265,43.265,43.265,419
2024-12-27 18:35:00,43.28,43.28,43.28,43.28,115
2024-12-27 18:36:00,43.305,43.305,43.305,43.305,165
2024-12-27 18:38:00,43.2945,43.2945,43.28,43.28,616
2024-12-27 18:41:00,43.3251,43.3251,43.31,43.324,956
2024-12-27 18:43:00,43.33,43.33,43.33,43.33,979
2024-12-27 18:45:00,43.335,43.335,43.335,43.335,334
2024-12-27 18:47:00,43.31,43.31,43.31,43.31,923
2024-12-27 18:48:00,43.3,43.3,43.3,43.3,105
2024-12-27 18:52:00,43.35,43.35,43.35,43.35,144
2024-12-27 18:54:00,43.36,43.36,43.36,43.36,334
2024-12-27 18:58:00,43.38,43.38,43.38,43.38,166
2024-12-27 19:00:00,43.37,43.37,43.35,43.35,413
2024-12-27 19:01:00,43.35,43.35,43.33,43.33,1738
2024-12-27 19:04:00,43.36,43.36,43.36,43.36,107
2024-12-27 19:06:00,43.355,43.38,43.355,43.38,280
2024-12-27 19:15:00,43.37,43.37,43.37,43.37,296
2024-12-27 19:17:00,43.39,43.39,43.39,43.39,488
2024-12-27 19:18:00,43.3904,43.4,43.3904,43.4,630
2024-12-27 19:19:00,43.43,43.43,43.43,43.43,269
2024-12-27 19:20:00,43.42,43.42,43.375,43.375,1171
2024-12-27 19:21:00,43.37,43.37,43.37,43.37,428
2024-12-27 19:23:00,43.35,43.37,43.35,43.37,291
2024-12-27 19:25:00,43.38,43.38,43.38,43.38,171
2024-12-27 19:27:00,43.35,43.35,43.35,43.35,277
2024-12-27 19:30:00,43.36,43.36,43.33,43.33,1135
2024-12-27 19:31:00,43.325,43.325,43.31,43.32,1249
2024-12-27 19:33:00,43.315,43.315,43.315,43.315,211
2024-12-27 19:34:00,43.29,43.3,43.29,43.29,791
2024-12-27 19:36:00,43.29,43.32,43.29,43.32,613
2024-12-27 19:37:00,43.285,43.285,43.28,43.28,385
2024-12-27 19:42:00,43.325,43.325,43.325,43.325,222
2024-12-27 19:43:00,43.31,43.31,43.31,43.31,295
2024-12-27 19:44:00,43.33,43.33,43.305,43.305,1454
2024-12-27 19:45:00,43.32,43.33,43.305,43.325,1277
2024-12-27 19:51:00,43.29,43.29,43.29,43.29,165
2024-12-27 19:53:00,43.31,43.31,43.31,43.31,719
2024-12-27 19:56:00,43.34,43.35,43.34,43.35,322
2024-12-27 19:57:00,43.38,43.38,43.35,43.35,282
2024-12-27 19:59:00,43.355,43.355,43.355,43.355,204
2024-12-27 20:02:00,43.33,43.33,43.31,43.31,1220
2024-12-27 20:04:00,43.33,43.33,43.33,43.33,267
2024-12-27 20:06:00,43.315,43.315,43.315,43.315,229
2024-12-27 20:07:00,43.31,43.37,43.31,43.34,2565
2024-12-27 20:08:00,43.345,43.345,43.345,43.345,134
2024-12-27 20:09:00,43.38,43.39,43.38,43.39,543
2024-12-27 20:10:00,43.37,43.382,43.37,43.382,931
2024-12-27 20:11:00,43.37,43.37,43.36,43.365,825
2024-12-27 20:18:00,43.336,43.336,43.2908,43.2908,1817
2024-12-27 20:19:00,43.3,43.335,43.3,43.315,1359
2024-12-27 20:20:00,43.29,43.29,43.29,43.29,1123
2024-12-27 20:21:00,43.28,43.28,43.2786,43.2786,2136
2024-12-27 20:23:00,43.296,43.296,43.296,43.296,306
2024-12-27 20:24:00,43.28,43.28,43.28,43.28,243
2024-12-27 20:25:00,43.25,43.25,43.25,43.25,241
2024-12-27 20:26:00,43.28,43.28,43.28,43.28,338
2024-12-27 20:29:00,43.3,43.31,43.28,43.28,1662
2024-12-27 20:31:00,43.25,43.25,43.25,43.25,346
2024-12-27 20:33:00,43.27,43.27,43.27,43.27,230
2024-12-27 20:34:00,43.27,43.27,43.27,43.27,841
2024-12-27 20:35:00,43.28,43.28,43.26,43.28,766
2024-12-27 20:36:00,43.2718,43.2718,43.25,43.25,1723
2024-12-27 20:38:00,43.26,43.265,43.26,43.265,651
2024-12-27 20:39:00,43.27,43.27,43.26,43.26,864
2024-12-27 20:40:00,43.25,43.25,43.25,43.25,734
2024-12-27 20:41:00,43.25,43.26,43.25,43.25,1410
2024-12-27 20:42:00,43.24,43.24,43.23,43.23,1186
2024-12-27 20:44:00,43.2,43.2,43.17,43.185,2991
2024-12-27 20:45:00,43.199,43.199,43.185,43.185,1000
2024-12-27 20:46:00,43.17,43.17,43.16,43.16,952
2024-12-27 20:47:00,43.165,43.18,43.16,43.18,779
2024-12-27 20:48:00,43.165,43.18,43.165,43.165,970
2024-12-27 20:49:00,43.17,43.17,43.17,43.17,227
2024-12-27 20:50:00,43.19,43.26,43.19,43.25,4131
2024-12-27 20:51:00,43.28,43.33,43.27,43.33,2610
2024-12-27 20:52:00,43.32,43.33,43.29,43.29,1949
2024-12-27 20:54:00,43.3,43.3,43.26,43.27,2100
2024-12-27 20:55:00,43.28,43.319,43.28,43.31,2143
2024-12-27 20:56:00,43.31,43.31,43.29,43.29,2973
2024-12-27 20:57:00,43.305,43.34,43.29,43.34,3817
2024-12-27 20:58:00,43.338,43.36,43.33,43.36,2178
2024-12-27 20:59:00,43.377,43.4,43.3,43.37,23670
2024-12-30 13:07:00,43.35,43.35,43.35,43.35,251
2024-12-30 13:58:00,43.07,43.07,43.07,43.07,100
2024-12-30 14:28:00,43.02,43.02,42.71,42.71,310
2024-12-30 14:29:00,43.08,43.16,42.77,43.07,1067
2024-12-30 14:30:00,43.42,43.46,43.42,43.46,2804
2024-12-30 14:33:00,43.17,43.26,43.17,43.26,733
2024-12-30 14:34:00,43.37,43.37,43.02,43.02,1134
2024-12-30 14:35:00,43.0,43.0909,43.0,43.0909,204
2024-12-30 14:36:00,43.035,43.18,43.0,43.06,1440
2024-12-30 14:37:00,43.0,43.0,42.77,42.8236,3623
2024-12-30 14:38:00,42.78,43.175,42.78,43.0265,2502
2024-12-30 14:39:00,43.01,43.17,43.01,43.17,311
2024-12-30 14:40:00,43.24,43.24,43.03,43.03,230
2024-12-30 14:41:00,43.03,43.17,43.03,43.17,241
2024-12-30 14:42:00,43.18,43.18,43.18,43.18,411
2024-12-30 14:43:00,43.09,43.09,43.08,43.08,348
2024-12-30 14:46:00,43.1726,43.22,43.1726,43.22,609
2024-12-30 14:48:00,43.22,43.22,43.12,43.2,1450
2024-12-30 14:50:00,43.22,43.22,43.13,43.13,1581
2024-12-30 14:51:00,43.2,43.25,43.11,43.25,2146
2024-12-30 14:52:00,43.215,43.22,43.13,43.22,2896
2024-12-30 14:53:00,43.215,43.215,43.14,43.2,418
2024-12-30 14:56:00,43.165,43.205,43.09,43.14,6813
2024-12-30 14:57:00,43.205,43.245,43.08,43.245,7241
2024-12-30 14:58:00,43.245,43.345,43.245,43.345,421
2024-12-30 15:00:00,43.23,43.23,43.23,43.23,173
2024-12-30 15:02:00,43.265,43.265,43.215,43.215,641
2024-12-30 15:03:00,43.22,43.22,43.22,43.22,2175
2024-12-30 15:04:00,43.29,43.3083,43.24,43.3083,864
2024-12-30 15:05:00,43.27,43.27,43.27,43.27,132
2024-12-30 15:06:00,43.22,43.22,43.16,43.16,1471
2024-12-30 15:07:00,43.17,43.17,43.11,43.13,684
2024-12-30 15:08:00,43.13,43.13,43.13,43.13,479
2024-12-30 15:09:00,43.08,43.1,43.02,43.07,1191
2024-12-30 15:10:00,43.01,43.0337,42.96,43.0337,2332
2024-12-30 15:11:00,42.945,42.945,42.945,42.945,532
2024-12-30 15:12:00,42.945,42.945,42.945,42.945,229
2024-12-30 15:13:00,42.95,42.95,42.95,42.95,218
2024-12-30 15:14:00,42.95,42.95,42.94,42.94,466
2024-12-30 15:15:00,42.9,42.9,42.86,42.86,743
2024-12-30 15:16:00,42.88,42.88,42.88,42.88,221
2024-12-30 15:18:00,42.86,42.9,42.81,42.82,1124
2024-12-30 15:19:00,42.84,42.87,42.84,42.87,539
2024-12-30 15:21:00,42.88,42.93,42.88,42.93,1520
2024-12-30 15:22:00,42.85,42.85,42.81,42.81,868
2024-12-30 15:24:00,42.8,42.82,42.8,42.8138,2518
2024-12-30 15:25:00,42.76,42.76,42.75,42.75,890
2024-12-30 15:26:00,42.765,42.83,42.765,42.78,1977
2024-12-30 15:27:00,42.805,42.805,42.805,42.805,143
2024-12-30 15:28:00,42.79,42.79,42.79,42.79,267
2024-12-30 15:29:00,42.8,42.851,42.78,42.851,619
2024-12-30 15:30:00,42.83,42.9,42.83,42.9,742
2024-12-30 15:31:00,42.905,42.91,42.905,42.91,640
2024-12-30 15:33:00,42.88,42.88,42.88,42.88,483
2024-12-30 15:34:00,42.9,42.9,42.87,42.89,1310
2024-12-30 15:35:00,42.87,42.87,42.82,42.84,1345
2024-12-30 15:36:00,42.8,42.8,42.8,42.8,114
2024-12-30 15:39:00,42.85,42.885,42.85,42.885,287
2024-12-30 15:40:00,42.93,42.93,42.93,42.93,295
2024-12-30 15:41:00,42.92,42.925,42.92,42.925,986
2024-12-30 15:42:00,42.9,42.9,42.9,42.9,166
2024-12-30 15:44:00,42.87,42.92,42.87,42.92,380
2024-12-30 15:45:00,42.935,42.935,42.935,42.935,2400
2024-12-30 15:46:00,42.93,42.94,42.93,42.93,315
2024-12-30 15:47:00,42.9,42.93,42.9,42.91,798
2024-12-30 15:48:00,42.94,42.94,42.94,42.94,497
2024-12-30 15:49:00,42.965,42.965,42.965,42.965,258
2024-12-30 15:50:00,42.97,42.97,42.97,42.97,640
2024-12-30 15:51:00,43.0,43.06,43.0,43.0,1766
2024-12-30 15:53:00,43.105,43.105,43.03,43.03,500
2024-12-30 15:54:00,43.02,43.02,43.01,43.02,1667
2024-12-30 15:55:00,43.04,43.04,43.04,43.04,245
2024-12-30 15:56:00,43.11,43.11,43.11,43.11,426
2024-12-30 15:58:00,43.1,43.1,43.1,43.1,600
2024-12-30 16:01:00,43.05,43.05,43.05,43.05,211
2024-12-30 16:03:00,43.0575,43.0575,43.0575,43.0575,400
2024-12-30 16:05:00,43.1,43.1,43.1,43.1,123
2024-12-30 16:06:00,43.1,43.1,43.1,43.1,149
2024-12-30 16:07:00,43.105,43.14,43.105,43.14,333
2024-12-30 16:08:00,43.0698,43.0698,43.0698,43.0698,325
2024-12-30 16:09:00,43.13,43.13,43.08,43.08,2432
2024-12-30 16:10:00,43.09,43.09,43.03,43.03,782
2024-12-30 16:12:00,42.97,42.97,42.97,42.97,290
2024-12-30 16:15:00,42.995,43.0,42.995,43.0,522
2024-12-30 16:18:00,43.015,43.015,43.015,43.015,293
2024-12-30 16:21:00,43.02,43.02,43.02,43.02,329
2024-12-30 16:22:00,42.99,42.99,42.99,42.99,209
2024-12-30 16:23:00,42.99,42.99,42.99,42.99,400
2024-12-30 16:24:00,42.97,42.97,42.97,42.97,301
2024-12-30 16:25:00,42.96,42.96,42.96,42.96,184
2024-12-30 16:26:00,42.94,42.94,42.94,42.94,208
2024-12-30 16:27:00,42.99,43.0,42.975,43.0,820
2024-12-30 16:28:00,43.01,43.01,43.01,43.01,115
2024-12-30 16:32:00,43.02,43.02,43.02,43.02,116
2024-12-30 16:33:00,43.02,43.02,43.02,43.02,157
2024-12-30 16:38:00,43.02,43.02,43.02,43.02,264
2024-12-30 16:40:00,43.025,43.025,43.025,43.025,143
2024-12-30 16:45:00,43.1,43.1,43.1,43.1,208
2024-12-30 16:46:00,43.075,43.075,43.075,43.075,568
2024-12-30 16:47:00,43.075,43.075,43.075,43.075,351
2024-12-30 16:50:00,43.05,43.05,43.05,43.05,147
2024-12-30 16:53:00,43.05,43.07,43.05,43.07,492
2024-12-30 16:56:00,43.06,43.06,43.06,43.06,244
2024-12-30 16:58:00,43.085,43.085,43.085,43.085,176
2024-12-30 17:00:00,43.105,43.105,43.105,43.105,136
2024-12-30 17:01:00,43.12,43.12,43.12,43.12,254
2024-12-30 17:03:00,43.15,43.15,43.15,43.15,202
2024-12-30 17:04:00,43.1596,43.1596,43.12,43.13,1098
2024-12-30 17:05:00,43.1621,43.1621,43.1621,43.1621,244
2024-12-30 17:07:00,43.14,43.14,43.14,43.14,120
2024-12-30 17:09:00,43.15,43.15,43.15,43.15,142
2024-12-30 17:10:00,43.14,43.165,43.14,43.165,530
2024-12-30 17:12:00,43.18,43.18,43.18,43.18,233
2024-12-30 17:13:00,43.18,43.18,43.18,43.18,487
2024-12-30 17:18:00,43.17,43.17,43.165,43.165,1310
2024-12-30 17:21:00,43.18,43.2,43.18,43.2,714
2024-12-30 17:22:00,43.2215,43.2215,43.2215,43.2215,138
2024-12-30 17:23:00,43.22,43.22,43.22,43.22,324
2024-12-30 17:24:00,43.205,43.2275,43.205,43.2275,3198
2024-12-30 17:25:00,43.21,43.21,43.2095,43.2095,602
2024-12-30 17:27:00,43.22,43.22,43.22,43.22,397
2024-12-30 17:29:00,43.22,43.23,43.22,43.23,640
2024-12-30 17:30:00,43.23,43.23,43.2,43.23,1993
2024-12-30 17:31:00,43.2,43.24,43.2,43.24,670
2024-12-30 17:32:00,43.23,43.23,43.23,43.23,396
2024-12-30 17:35:00,43.2378,43.24,43.2378,43.24,596
2024-12-30 17:36:00,43.22,43.22,43.19,43.19,1116
2024-12-30 17:38:00,43.24,43.26,43.225,43.225,1598
2024-12-30 17:39:00,43.24,43.25,43.24,43.25,705
2024-12-30 17:40:00,43.24,43.26,43.225,43.26,1219
2024-12-30 17:43:00,43.26,43.26,43.26,43.26,108
2024-12-30 17:45:00,43.27,43.27,43.27,43.27,236
2024-12-30 17:46:00,43.27,43.2934,43.27,43.2934,611
2024-12-30 17:47:00,43.26,43.26,43.26,43.26,255
2024-12-30 17:50:00,43.29,43.31,43.29,43.31,373
2024-12-30 17:51:00,43.285,43.285,43.285,43.285,110
2024-12-30 17:54:00,43.285,43.285,43.285,43.285,325
2024-12-30 17:55:00,43.285,43.285,43.26,43.26,477
2024-12-30 17:56:00,43.25,43.26,43.25,43.26,417
2024-12-30 17:58:00,43.25,43.3019,43.25,43.3019,523
2024-12-30 17:59:00,43.31,43.35,43.31,43.34,917
2024-12-30 18:00:00,43.33,43.33,43.33,43.33,527
2024-12-30 18:02:00,43.325,43.325,43.325,43.325,287
2024-12-30 18:06:00,43.31,43.34,43.31,43.325,768
2024-12-30 18:09:00,43.335,43.335,43.335,43.335,312
2024-12-30 18:13:00,43.39,43.39,43.39,43.39,320
2024-12-30 18:14:00,43.4,43.4,43.38,43.38,1178
2024-12-30 18:15:00,43.36,43.36,43.354,43.354,328
2024-12-30 18:16:00,43.35,43.35,43.34,43.34,704
2024-12-30 18:17:00,43.34,43.355,43.295,43.355,2036
2024-12-30 18:19:00,43.2201,43.2201,43.2201,43.2201,174
2024-12-30 18:20:00,43.35,43.37,43.35,43.37,446
2024-12-30 18:21:00,43.32,43.32,43.32,43.32,219
2024-12-30 18:22:00,43.31,43.31,43.31,43.31,213
2024-12-30 18:23:00,43.31,43.31,43.31,43.31,231
2024-12-30 18:24:00,43.3,43.3185,43.28,43.29,1253
2024-12-30 18:25:00,43.27,43.27,43.27,43.27,1177
2024-12-30 18:26:00,43.27,43.27,43.26,43.26,714
2024-12-30 18:28:00,43.31,43.31,43.3,43.3,496
2024-12-30 18:29:00,43.29,43.315,43.29,43.315,2075
2024-12-30 18:30:00,43.31,43.31,43.29,43.29,1003
2024-12-30 18:31:00,43.3,43.3,43.3,43.3,255
2024-12-30 18:32:00,43.32,43.32,43.31,43.31,1259
2024-12-30 18:35:00,43.305,43.305,43.28,43.28,479
2024-12-30 18:36:00,43.2738,43.2738,43.22,43.22,1745
2024-12-30 18:38:00,43.21,43.21,43.21,43.21,197
2024-12-30 18:43:00,43.23,43.23,43.23,43.23,365
2024-12-30 18:44:00,43.23,43.23,43.23,43.23,222
2024-12-30 18:46:00,43.2164,43.2164,43.2164,43.2164,431
2024-12-30 18:47:00,43.2175,43.2175,43.2175,43.2175,504
2024-12-30 18:50:00,43.24,43.24,43.22,43.23,630
2024-12-30 18:51:00,43.22,43.22,43.22,43.22,227
2024-12-30 18:55:00,43.26,43.26,43.26,43.26,192
2024-12-30 18:56:00,43.26,43.26,43.26,43.26,239
2024-12-30 18:59:00,43.25,43.25,43.25,43.25,662
2024-12-30 19:01:00,43.2748,43.2748,43.2748,43.2748,100
2024-12-30 19:03:00,43.29,43.29,43.29,43.29,138
2024-12-30 19:06:00,43.3,43.3,43.28,43.28,895
2024-12-30 19:12:00,43.28,43.28,43.27,43.275,428
2024-12-30 19:13:00,43.25,43.25,43.25,43.25,377
2024-12-30 19:16:00,43.242,43.242,43.242,43.242,1229
2024-12-30 19:17:00,43.25,43.25,43.24,43.24,859
2024-12-30 19:18:00,43.22,43.22,43.22,43.22,178
2024-12-30 19:19:00,43.21,43.21,43.2,43.2,1698
2024-12-30 19:21:00,43.16,43.16,43.16,43.16,436
2024-12-30 19:24:00,43.19,43.19,43.19,43.19,214
2024-12-30 19:25:00,43.18,43.2,43.18,43.2,955
2024-12-30 19:26:00,43.22,43.22,43.22,43.22,386
2024-12-30 19:28:00,43.22,43.22,43.22,43.22,597
2024-12-30 19:29:00,43.22,43.24,43.22,43.24,658
2024-12-30 19:31:00,43.24,43.24,43.24,43.24,461
2024-12-30 19:33:00,43.24,43.24,43.23,43.23,1421
2024-12-30 19:35:00,43.235,43.235,43.235,43.235,252
2024-12-30 19:36:00,43.22,43.2407,43.22,43.235,1399
2024-12-30 19:37:00,43.23,43.25,43.23,43.25,732
2024-12-30 19:38:00,43.235,43.24,43.235,43.24,785
2024-12-30 19:43:00,43.26,43.26,43.26,43.26,132
2024-12-30 19:44:00,43.255,43.265,43.255,43.265,601
2024-12-30 19:45:00,43.265,43.265,43.265,43.265,396
2024-12-30 19:47:00,43.2501,43.26,43.2501,43.26,1806
2024-12-30 19:48:00,43.25,43.25,43.25,43.25,557
2024-12-30 19:50:00,43.25,43.25,43.25,43.25,166
2024-12-30 19:51:00,43.25,43.25,43.25,43.25,353
2024-12-30 19:53:00,43.26,43.265,43.26,43.26,1362
2024-12-30 19:54:00,43.27,43.28,43.27,43.28,295
2024-12-30 19:55:00,43.27,43.27,43.27,43.27,156
2024-12-30 19:56:00,43.26,43.26,43.26,43.26,300
2024-12-30 19:59:00,43.27,43.27,43.26,43.26,888
2024-12-30 20:00:00,43.24,43.25,43.24,43.25,606
2024-12-30 20:02:00,43.25,43.25,43.25,43.25,336
2024-12-30 20:03:00,43.24,43.24,43.24,43.24,854
2024-12-30 20:09:00,43.265,43.265,43.265,43.265,185
2024-12-30 20:10:00,43.2796,43.2796,43.279387,43.279387,983
2024-12-30 20:11:00,43.2899,43.2899,43.27,43.28,2011
2024-12-30 20:12:00,43.29,43.305,43.29,43.305,969
2024-12-30 20:13:00,43.31,43.32,43.31,43.32,300
2024-12-30 20:14:00,43.31,43.32,43.31,43.32,502
2024-12-30 20:15:00,43.34,43.34,43.31,43.31,716
2024-12-30 20:16:00,43.31,43.31,43.31,43.31,1196
2024-12-30 20:18:00,43.31,43.33,43.31,43.33,479
2024-12-30 20:20:00,43.34,43.34,43.32,43.32,1150
2024-12-30 20:22:00,43.335,43.335,43.335,43.335,232
2024-12-30 20:23:00,43.35,43.35,43.35,43.35,469
2024-12-30 20:24:00,43.3416,43.3416,43.3416,43.3416,562
2024-12-30 20:25:00,43.35,43.35,43.33,43.33,1603
2024-12-30 20:27:00,43.32,43.32,43.32,43.32,471
2024-12-30 20:28:00,43.34,43.34,43.32,43.32,837
2024-12-30 20:30:00,43.305,43.346,43.305,43.34,2530
2024-12-30 20:31:00,43.32,43.329,43.31,43.32,2075
2024-12-30 20:32:00,43.32,43.32,43.32,43.32,597
2024-12-30 20:33:00,43.32,43.32,43.32,43.32,876
2024-12-30 20:34:00,43.31,43.31,43.28,43.28,1890
2024-12-30 20:35:00,43.27,43.27,43.27,43.27,456
2024-12-30 20:36:00,43.2739,43.2739,43.2739,43.2739,494
2024-12-30 20:38:00,43.28,43.28,43.27,43.27,615
2024-12-30 20:39:00,43.26,43.26,43.26,43.26,858
2024-12-30 20:40:00,43.27,43.3,43.27,43.29,1435
2024-12-30 20:41:00,43.3,43.33,43.29,43.29,1932
2024-12-30 20:42:00,43.28,43.285,43.28,43.285,306
2024-12-30 20:44:00,43.32,43.32,43.318,43.32,1169
2024-12-30 20:45:00,43.33,43.33,43.32,43.33,895
2024-12-30 20:46:00,43.32,43.32,43.32,43.32,755
2024-12-30 20:47:00,43.32,43.32,43.32,43.32,730
2024-12-30 20:48:00,43.33,43.33,43.33,43.33,303
2024-12-30 20:49:00,43.34,43.34,43.31,43.31,2973
2024-12-30 20:50:00,43.32,43.33,43.32,43.33,2027
2024-12-30 20:51:00,43.33,43.33,43.32,43.32,1024
2024-12-30 20:52:00,43.35,43.358,43.35,43.358,699
2024-12-30 20:53:00,43.34,43.34,43.34,43.34,1908
2024-12-30 20:54:00,43.34,43.34,43.32,43.32,1347
2024-12-30 20:55:00,43.325,43.33,43.3075,43.33,2560
2024-12-30 20:56:00,43.33,43.33,43.29,43.31,4409
2024-12-30 20:57:00,43.305,43.31,43.29,43.29,2956
2024-12-30 20:58:00,43.3,43.31,43.3,43.31,1482
2024-12-30 20:59:00,43.3,43.31,43.28,43.31,7786
2024-12-30 21:00:00,43.3,43.3,43.3,43.3,266
2024-12-30 23:48:00,42.5414,42.5414,42.5414,42.5414,216
2024-12-31 14:29:00,43.37,43.39,43.1,43.11,859
2024-12-31 14:30:00,43.29,43.29,43.12,43.12,3592
2024-12-31 14:31:00,43.24,43.25,43.24,43.25,479
2024-12-31 14:34:00,43.305,43.325,43.305,43.325,209
2024-12-31 14:35:00,43.325,43.325,43.325,43.325,797
2024-12-31 14:41:00,43.36,43.36,43.3,43.3,853
2024-12-31 14:42:00,43.2606,43.2606,43.2606,43.2606,345
2024-12-31 14:43:00,43.15,43.15,43.15,43.15,100
2024-12-31 14:45:00,43.18,43.18,43.18,43.18,104
2024-12-31 14:46:00,43.36,43.36,43.36,43.36,239
2024-12-31 14:47:00,43.36,43.38,43.36,43.38,227
2024-12-31 14:49:00,43.36,43.38,43.2547,43.2547,1066
2024-12-31 14:51:00,43.325,43.325,43.325,43.325,222
2024-12-31 14:54:00,43.335,43.335,43.335,43.335,250
2024-12-31 14:55:00,43.395,43.395,43.395,43.395,116
2024-12-31 14:56:00,43.335,43.335,43.335,43.335,326
2024-12-31 14:58:00,43.36,43.43,43.36,43.43,3880
2024-12-31 14:59:00,43.46,43.46,43.4347,43.4347,376
2024-12-31 15:00:00,43.44,43.46,43.43,43.46,985
2024-12-31 15:01:00,43.4291,43.4291,43.4291,43.4291,527
2024-12-31 15:02:00,43.49,43.49,43.49,43.49,1254
2024-12-31 15:03:00,43.52,43.52,43.52,43.52,475
2024-12-31 15:04:00,43.53,43.53,43.53,43.53,881
2024-12-31 15:05:00,43.5,43.5,43.47,43.47,1085
2024-12-31 15:06:00,43.46,43.47,43.46,43.47,257
2024-12-31 15:07:00,43.46,43.46,43.41,43.41,1124
2024-12-31 15:08:00,43.39,43.4,43.39,43.4,462
2024-12-31 15:09:00,43.39,43.42,43.39,43.41,1245
2024-12-31 15:10:00,43.44,43.48,43.39,43.39,2070
2024-12-31 15:12:00,43.495,43.495,43.495,43.495,292
2024-12-31 15:16:00,43.52,43.56,43.52,43.54,1036
2024-12-31 15:17:00,43.55,43.55,43.55,43.55,102
2024-12-31 15:21:00,43.59,43.63,43.58,43.63,1239
2024-12-31 15:22:00,43.66,43.66,43.66,43.66,294
2024-12-31 15:23:00,43.64,43.64,43.64,43.64,102
2024-12-31 15:28:00,43.63,43.63,43.61,43.61,1131
2024-12-31 15:29:00,43.65,43.65,43.615,43.615,910
2024-12-31 15:30:00,43.61,43.66,43.6,43.6,1057
2024-12-31 15:31:00,43.62,43.62,43.62,43.62,426
2024-12-31 15:33:00,43.58,43.58,43.54,43.54,1189
2024-12-31 15:34:00,43.53,43.53,43.53,43.53,396
2024-12-31 15:35:00,43.51,43.51,43.48,43.48,334
2024-12-31 15:38:00,43.56,43.56,43.56,43.56,390
2024-12-31 15:40:00,43.57,43.6,43.55,43.5501,1140
2024-12-31 15:43:00,43.47,43.48,43.47,43.48,559
2024-12-31 15:47:00,43.42,43.42,43.42,43.42,176
2024-12-31 15:49:00,43.39,43.39,43.39,43.39,282
2024-12-31 15:50:00,43.38,43.38,43.38,43.38,208
2024-12-31 15:51:00,43.3933,43.42,43.3933,43.42,2818
2024-12-31 15:52:00,43.4026,43.44,43.2903,43.34,5426
2024-12-31 15:53:00,43.34,43.3738,43.34,43.3738,2004
2024-12-31 15:54:00,43.335,43.3594,43.335,43.3594,239
2024-12-31 15:55:00,43.34,43.34,43.34,43.34,116
2024-12-31 15:56:00,43.39,43.39,43.39,43.39,235
2024-12-31 16:00:00,43.26,43.26,43.26,43.26,518
2024-12-31 16:04:00,43.18,43.18,43.18,43.18,238
2024-12-31 16:07:00,43.19,43.19,43.19,43.19,113
2024-12-31 16:12:00,43.21,43.21,43.21,43.21,329
2024-12-31 16:14:00,43.235,43.235,43.235,43.235,324
2024-12-31 16:19:00,43.22,43.22,43.22,43.22,250
2024-12-31 16:20:00,43.165,43.165,43.165,43.165,449
2024-12-31 16:22:00,43.17,43.17,43.1008,43.17,1172
2024-12-31 16:23:00,43.17,43.24,43.17,43.24,1985
2024-12-31 16:29:00,43.19,43.19,43.19,43.19,439
2024-12-31 16:32:00,43.09,43.095,43.09,43.095,205
2024-12-31 16:33:00,43.16,43.16,43.16,43.16,214
2024-12-31 16:34:00,43.1,43.1,43.1,43.1,156
2024-12-31 16:37:00,43.13,43.13,43.11,43.11,889
2024-12-31 16:38:00,43.12,43.14,43.12,43.14,278
2024-12-31 16:40:00,43.13,43.15,43.12,43.15,1031
2024-12-31 16:42:00,43.17,43.17,43.17,43.17,180
2024-12-31 16:49:00,43.21,43.2113,43.21,43.2113,601
2024-12-31 16:51:00,43.17,43.17,43.17,43.17,159
2024-12-31 16:53:00,43.14,43.14,43.14,43.14,458
2024-12-31 16:56:00,43.12,43.12,43.12,43.12,180
2024-12-31 17:01:00,43.1,43.1,43.1,43.1,628
2024-12-31 17:03:00,43.055,43.055,43.0376,43.0376,210
2024-12-31 17:04:00,43.09,43.09,43.09,43.09,472
2024-12-31 17:07:00,43.125,43.125,43.12,43.12,323
2024-12-31 17:09:00,43.095,43.095,43.095,43.095,100
2024-12-31 17:12:00,43.11,43.11,43.11,43.11,585
2024-12-31 17:17:00,43.0425,43.0425,43.0425,43.0425,297
2024-12-31 17:19:00,43.0501,43.0501,43.0501,43.0501,302
2024-12-31 17:21:00,43.0928,43.0928,43.0928,43.0928,330
2024-12-31 17:23:00,43.02,43.02,43.01,43.01,629
2024-12-31 17:24:00,43.0252,43.0252,43.0252,43.0252,175
2024-12-31 17:26:00,43.0275,43.0275,43.0275,43.0275,214
2024-12-31 17:27:00,43.02,43.02,43.02,43.02,309
2024-12-31 17:29:00,43.0,43.0,43.0,43.0,1454
2024-12-31 17:31:00,42.98,42.98,42.98,42.98,238
2024-12-31 17:32:00,42.96,42.96,42.96,42.96,153
2024-12-31 17:33:00,42.96,42.96,42.96,42.96,145
2024-12-31 17:34:00,42.97,42.97,42.97,42.97,698
2024-12-31 17:36:00,42.97,42.98,42.96,42.96,1395
2024-12-31 17:37:00,42.9473,42.96,42.92,42.96,6401
2024-12-31 17:38:00,42.98,42.98,42.96,42.96,406
2024-12-31 17:39:00,42.9748,42.9748,42.9748,42.9748,271
2024-12-31 17:40:00,42.98,42.98,42.96,42.97,720
2024-12-31 17:41:00,42.99,43.05,42.99,43.05,2409
2024-12-31 17:42:00,43.03,43.03,42.98,42.98,1065
2024-12-31 17:43:00,43.0,43.0,43.0,43.0,258
2024-12-31 17:44:00,43.005,43.005,43.005,43.005,178
2024-12-31 17:47:00,43.02,43.02,43.02,43.02,376
2024-12-31 17:49:00,43.0,43.0,43.0,43.0,489
2024-12-31 17:51:00,43.01,43.03,43.01,43.03,905
2024-12-31 17:56:00,43.09,43.1,43.09,43.1,403
2024-12-31 17:58:00,43.11,43.11,43.11,43.11,133
2024-12-31 17:59:00,43.115,43.135,43.115,43.12,710
2024-12-31 18:00:00,43.11,43.11,43.11,43.11,389
2024-12-31 18:02:00,43.12,43.12,43.12,43.12,503
2024-12-31 18:05:00,43.1,43.1,43.1,43.1,335
2024-12-31 18:07:00,43.12,43.13,43.12,43.12,1900
2024-12-31 18:08:00,43.11,43.11,43.11,43.11,339
2024-12-31 18:09:00,43.1,43.1,43.1,43.1,264
2024-12-31 18:12:00,43.09,43.1,43.09,43.1,550
2024-12-31 18:13:00,43.09,43.09,43.09,43.09,559
2024-12-31 18:14:00,43.09,43.09,43.09,43.09,535
2024-12-31 18:15:00,43.11,43.11,43.11,43.11,430
2024-12-31 18:16:00,43.12,43.13,43.12,43.13,640
2024-12-31 18:17:00,43.14,43.14,43.13,43.13,1091
2024-12-31 18:19:00,43.13,43.14,43.13,43.13,1561
2024-12-31 18:20:00,43.1302,43.1302,43.08,43.08,1248
2024-12-31 18:21:00,43.0205,43.05,43.0205,43.05,1015
2024-12-31 18:22:00,43.03,43.03,43.03,43.03,873
2024-12-31 18:23:00,43.025,43.025,43.01,43.01,346
2024-12-31 18:24:00,43.01,43.01,43.01,43.01,367
2024-12-31 18:25:00,43.01,43.03,43.01,43.02,721
2024-12-31 18:27:00,43.01,43.01,43.01,43.01,666
2024-12-31 18:28:00,43.0,43.005,42.98,43.005,352
2024-12-31 18:29:00,42.99,43.0045,42.99,43.0,409
2024-12-31 18:30:00,43.0,43.0064,43.0,43.0064,468
2024-12-31 18:31:00,43.02,43.02,43.02,43.02,524
2024-12-31 18:33:00,43.05,43.05,43.05,43.05,236
2024-12-31 18:34:00,43.07,43.07,43.07,43.07,274
2024-12-31 18:38:00,43.08,43.08,43.08,43.08,763
2024-12-31 18:43:00,43.09,43.09,43.09,43.09,661
2024-12-31 18:47:00,43.15,43.15,43.15,43.15,984
2024-12-31 18:48:00,43.15,43.15,43.15,43.15,218
2024-12-31 18:49:00,43.15,43.15,43.15,43.15,108
2024-12-31 18:50:00,43.17,43.17,43.17,43.17,340
2024-12-31 18:51:00,43.15,43.15,43.14,43.14,629
2024-12-31 18:53:00,43.12,43.12,43.12,43.12,100
2024-12-31 18:59:00,43.11,43.11,43.11,43.11,483
2024-12-31 19:00:00,43.1,43.11,43.1,43.11,374
2024-12-31 19:02:00,43.1,43.1,43.1,43.1,219
2024-12-31 19:03:00,43.05,43.06,43.05,43.06,751
2024-12-31 19:05:00,43.09,43.11,43.09,43.11,1014
2024-12-31 19:07:00,43.12,43.12,43.12,43.12,253
2024-12-31 19:09:00,43.1637,43.1637,43.1637,43.1637,100
2024-12-31 19:10:00,43.17,43.17,43.17,43.17,278
2024-12-31 19:14:00,43.185,43.185,43.185,43.185,534
2024-12-31 19:15:00,43.19,43.2,43.1705,43.1705,1063
2024-12-31 19:16:00,43.17,43.17,43.17,43.17,288
2024-12-31 19:17:00,43.13,43.13,43.13,43.13,249
2024-12-31 19:18:00,43.0902,43.0903,43.0902,43.0903,1084
2024-12-31 19:19:00,43.106,43.1199,43.106,43.1199,622
2024-12-31 19:20:00,43.1,43.1,43.1,43.1,147
2024-12-31 19:21:00,43.1,43.1,43.09,43.09,821
2024-12-31 19:23:00,43.1,43.15,43.1,43.15,1111
2024-12-31 19:24:00,43.14,43.17,43.13,43.17,1432
2024-12-31 19:25:00,43.16,43.16,43.16,43.16,180
2024-12-31 19:28:00,43.1605,43.1605,43.1605,43.1605,225
2024-12-31 19:29:00,43.14,43.14,43.14,43.14,562
2024-12-31 19:30:00,43.12,43.14,43.11,43.11,1050
2024-12-31 19:32:00,43.12,43.14,43.11,43.12,1239
2024-12-31 19:33:00,43.13,43.13,43.13,43.13,120
2024-12-31 19:34:00,43.14,43.14,43.13,43.13,988
2024-12-31 19:35:00,43.14,43.155,43.14,43.15,763
2024-12-31 19:36:00,43.16,43.16,43.16,43.16,118
2024-12-31 19:37:00,43.1621,43.1621,43.1621,43.1621,269
2024-12-31 19:42:00,43.17,43.17,43.13,43.13,2035
2024-12-31 19:44:00,43.15,43.15,43.145,43.145,701
2024-12-31 19:47:00,43.21,43.21,43.17,43.17,943
2024-12-31 19:48:00,43.18,43.23,43.18,43.205,740
2024-12-31 19:49:00,43.21,43.21,43.21,43.21,158
2024-12-31 19:52:00,43.22,43.255,43.22,43.255,2209
2024-12-31 19:53:00,43.27,43.27,43.26,43.26,636
2024-12-31 19:54:00,43.26,43.26,43.26,43.26,193
2024-12-31 19:56:00,43.2411,43.2411,43.2411,43.2411,783
2024-12-31 19:57:00,43.27,43.29,43.27,43.29,665
2024-12-31 19:58:00,43.305,43.305,43.305,43.305,134
2024-12-31 19:59:00,43.305,43.305,43.305,43.305,241
2024-12-31 20:00:00,43.28,43.28,43.28,43.28,274
2024-12-31 20:01:00,43.28,43.28,43.28,43.28,225
2024-12-31 20:02:00,43.27,43.27,43.27,43.27,264
2024-12-31 20:04:00,43.2609,43.2609,43.2609,43.2609,315
2024-12-31 20:06:00,43.32,43.32,43.32,43.32,567
2024-12-31 20:07:00,43.31,43.31,43.305,43.305,226
2024-12-31 20:08:00,43.3,43.31,43.3,43.31,573
2024-12-31 20:09:00,43.32,43.32,43.32,43.32,411
2024-12-31 20:11:00,43.3,43.3,43.29,43.29,942
2024-12-31 20:12:00,43.29,43.31,43.29,43.305,1773
2024-12-31 20:13:00,43.27,43.27,43.27,43.27,675
2024-12-31 20:14:00,43.26,43.26,43.26,43.26,570
2024-12-31 20:15:00,43.27,43.3,43.27,43.29,2181
2024-12-31 20:16:00,43.27,43.27,43.27,43.27,759
2024-12-31 20:17:00,43.285,43.31,43.285,43.3,1621
2024-12-31 20:18:00,43.2903,43.2903,43.29,43.29,299
2024-12-31 20:19:00,43.315,43.315,43.315,43.315,120
2024-12-31 20:20:00,43.3249,43.335,43.315,43.335,748
2024-12-31 20:21:00,43.32,43.35,43.32,43.35,867
2024-12-31 20:22:00,43.365,43.365,43.365,43.365,158
2024-12-31 20:24:00,43.36,43.36,43.36,43.36,943
2024-12-31 20:26:00,43.41,43.41,43.41,43.41,173
2024-12-31 20:27:00,43.4,43.4,43.39,43.39,921
2024-12-31 20:29:00,43.385,43.39,43.385,43.385,328
2024-12-31 20:30:00,43.37,43.37,43.34,43.34,1502
2024-12-31 20:31:00,43.34,43.38,43.32,43.375,1714
2024-12-31 20:33:00,43.37,43.37,43.36,43.36,432
2024-12-31 20:35:00,43.38,43.43,43.38,43.43,1645
2024-12-31 20:36:00,43.43,43.435,43.39,43.39,1536
2024-12-31 20:38:00,43.325,43.325,43.325,43.325,156
2024-12-31 20:39:00,43.32,43.32,43.27,43.27,689
2024-12-31 20:40:00,43.26,43.275,43.26,43.275,482
2024-12-31 20:42:00,43.275,43.275,43.275,43.275,206
2024-12-31 20:44:00,43.25,43.25,43.23,43.24,2142
2024-12-31 20:45:00,43.25,43.25,43.22,43.22,716
2024-12-31 20:46:00,43.19,43.19,43.19,43.19,692
2024-12-31 20:47:00,43.23,43.235,43.23,43.235,940
2024-12-31 20:48:00,43.25,43.25,43.25,43.25,180
2024-12-31 20:49:00,43.26,43.26,43.26,43.26,196
2024-12-31 20:50:00,43.26,43.31,43.24,43.285,3772
2024-12-31 20:51:00,43.285,43.285,43.27,43.285,1153
2024-12-31 20:52:00,43.27,43.275,43.26,43.27,1941
2024-12-31 20:53:00,43.25,43.25,43.25,43.25,544
2024-12-31 20:54:00,43.26,43.3,43.26,43.28,4374
2024-12-31 20:55:00,43.285,43.285,43.26,43.27,1908
2024-12-31 20:56:00,43.27,43.29,43.27,43.28,6465
2024-12-31 20:57:00,43.28,43.33,43.28,43.33,5342
2024-12-31 20:58:00,43.34,43.34,43.32,43.335,3795
2024-12-31 20:59:00,43.34,43.36,43.3,43.36,15098
2024-12-31 21:00:00,43.36,43.36,43.36,43.36,100
2025-01-02 14:13:00,43.14,43.14,43.14,43.14,114
2025-01-02 14:30:00,43.05,43.05,42.8,42.9,5082
2025-01-02 14:32:00,42.8543,42.8543,42.8543,42.8543,308
2025-01-02 14:33:00,42.93,42.94,42.86,42.86,1985
2025-01-02 14:34:00,42.865,42.865,42.85,42.85,879
2025-01-02 14:35:00,42.79,42.82,42.73,42.73,551
2025-01-02 14:36:00,42.7,42.7,42.7,42.7,1397
2025-01-02 14:39:00,42.7,42.72,42.66,42.67,5097
2025-01-02 14:40:00,42.71,42.76,42.67,42.7437,2219
2025-01-02 14:41:00,42.74,42.83,42.74,42.8,4067
2025-01-02 14:42:00,42.76,42.76,42.76,42.76,395
2025-01-02 14:44:00,42.83,42.83,42.83,42.83,483
2025-01-02 14:45:00,42.82,42.87,42.82,42.865,2238
2025-01-02 14:46:00,42.87,42.87,42.87,42.87,272
2025-01-02 14:47:00,42.91,42.91,42.91,42.91,174
2025-01-02 14:48:00,42.89,42.89,42.87,42.87,1078
2025-01-02 14:55:00,42.9,42.94,42.9,42.94,1360
2025-01-02 14:56:00,43.0,43.0,42.99,42.99,288
2025-01-02 15:00:00,42.93,42.93,42.93,42.93,118
2025-01-02 15:01:00,42.93,42.93,42.9,42.9,2687
2025-01-02 15:02:00,42.93,43.005,42.93,42.99,2140
2025-01-02 15:06:00,42.965,43.01,42.96,42.96,1011
2025-01-02 15:10:00,42.91,42.91,42.91,42.91,220
2025-01-02 15:11:00,42.92,42.92,42.92,42.92,394
2025-01-02 15:13:00,42.97,42.97,42.97,42.97,678
2025-01-02 15:14:00,43.01,43.01,43.01,43.01,103
2025-01-02 15:15:00,43.01,43.01,43.01,43.01,117
2025-01-02 15:16:00,43.03,43.03,43.03,43.03,140
2025-01-02 15:18:00,43.005,43.04,43.005,43.04,1001
2025-01-02 15:20:00,42.96,42.96,42.96,42.96,1198
2025-01-02 15:21:00,42.9,42.9,42.87,42.87,1641
2025-01-02 15:22:00,42.87,42.88,42.86,42.86,1303
2025-01-02 15:23:00,42.8,42.84,42.8,42.84,1239
2025-01-02 15:24:00,42.84,42.84,42.84,42.84,300
2025-01-02 15:26:00,42.89,42.89,42.89,42.89,233
2025-01-02 15:27:00,42.85,42.85,42.84,42.85,1230
2025-01-02 15:28:00,42.81,42.81,42.81,42.81,631
2025-01-02 15:31:00,42.78,42.79,42.76,42.77,3158
2025-01-02 15:32:00,42.79,42.82,42.79,42.8,1414
2025-01-02 15:34:00,42.855,42.89,42.855,42.89,426
2025-01-02 15:35:00,42.86,42.86,42.83,42.83,352
2025-01-02 15:37:00,42.89,42.89,42.885,42.885,414
2025-01-02 15:39:00,42.84,42.84,42.84,42.84,163
2025-01-02 15:40:00,42.83,42.83,42.83,42.83,229
2025-01-02 15:41:00,42.84,42.84,42.84,42.84,675
2025-01-02 15:42:00,42.79,42.81,42.78,42.81,1577
2025-01-02 15:44:00,42.8535,42.8535,42.8535,42.8535,347
2025-01-02 15:45:00,42.845,42.845,42.82,42.84,2176
2025-01-02 15:46:00,42.82,42.82,42.82,42.82,311
2025-01-02 15:47:00,42.83,42.83,42.83,42.83,392
2025-01-02 15:48:00,42.82,42.84,42.82,42.84,566
2025-01-02 15:50:00,42.91,42.91,42.91,42.91,107
2025-01-02 15:51:00,42.95,42.95,42.95,42.95,474
2025-01-02 15:52:00,43.005,43.005,43.005,43.005,105
2025-01-02 15:53:00,42.97,42.97,42.95,42.95,710
2025-01-02 15:54:00,43.0,43.0,43.0,43.0,876
2025-01-02 15:55:00,43.0,43.0,42.9816,42.9816,1350
2025-01-02 15:57:00,43.01,43.01,43.01,43.01,639
2025-01-02 15:58:00,43.03,43.03,42.97,42.97,1096
2025-01-02 15:59:00,42.96,42.96,42.9,42.91,552
2025-01-02 16:00:00,42.94,42.95,42.94,42.95,219
2025-01-02 16:01:00,42.91,42.91,42.91,42.91,161
2025-01-02 16:02:00,42.9,42.9,42.84,42.84,1524
2025-01-02 16:03:00,42.805,42.805,42.8,42.8,748
2025-01-02 16:04:00,42.8193,42.8193,42.75,42.75,454
2025-01-02 16:05:00,42.77,42.82,42.77,42.8,1455
2025-01-02 16:06:00,42.82,42.82,42.82,42.82,806
2025-01-02 16:07:00,42.8,42.8,42.8,42.8,191
2025-01-02 16:08:00,42.78,42.78,42.78,42.78,883
2025-01-02 16:09:00,42.78,42.8,42.78,42.8,1747
2025-01-02 16:10:00,42.76,42.77,42.76,42.77,838
2025-01-02 16:12:00,42.785,42.785,42.785,42.785,229
2025-01-02 16:14:00,42.82,42.82,42.815,42.815,548
2025-01-02 16:15:00,42.85,42.85,42.85,42.85,121
2025-01-02 16:19:00,42.88,42.88,42.88,42.88,474
2025-01-02 16:20:00,42.89,42.89,42.89,42.89,462
2025-01-02 16:22:00,42.8,42.8,42.8,42.8,481
2025-01-02 16:24:00,42.81,42.815,42.81,42.815,777
2025-01-02 16:29:00,42.8,42.8,42.8,42.8,106
2025-01-02 16:31:00,42.81,42.81,42.81,42.81,769
2025-01-02 16:32:00,42.79,42.79,42.79,42.79,128
2025-01-02 16:33:00,42.825,42.825,42.825,42.825,169
2025-01-02 16:34:00,42.83,42.83,42.83,42.83,129
2025-01-02 16:36:00,42.87,42.87,42.87,42.87,499
2025-01-02 16:40:00,42.87,42.87,42.87,42.87,481
2025-01-02 16:41:00,42.91,42.91,42.91,42.91,207
2025-01-02 16:43:00,42.86,42.86,42.86,42.86,133
2025-01-02 16:45:00,42.86,42.86,42.85,42.85,1369
2025-01-02 16:46:00,42.86,42.86,42.86,42.86,452
2025-01-02 16:47:00,42.83,42.83,42.83,42.83,727
2025-01-02 16:48:00,42.86,42.87,42.86,42.87,1003
2025-01-02 16:51:00,42.91,42.91,42.91,42.91,155
2025-01-02 16:52:00,42.9,42.9,42.9,42.9,201
2025-01-02 16:53:00,42.9,42.9,42.9,42.9,634
2025-01-02 16:54:00,42.9,42.9,42.87,42.87,231
2025-01-02 16:55:00,42.83,42.83,42.83,42.83,334
2025-01-02 16:58:00,42.89,42.89,42.89,42.89,431
2025-01-02 17:01:00,42.88,42.88,42.88,42.88,225
2025-01-02 17:02:00,42.87,42.87,42.87,42.87,343
2025-01-02 17:03:00,42.89,42.89,42.88,42.89,563
2025-01-02 17:04:00,42.86,42.86,42.86,42.86,223
2025-01-02 17:06:00,42.92,42.92,42.92,42.92,400
2025-01-02 17:12:00,42.94,42.94,42.94,42.94,511
2025-01-02 17:13:00,42.94,42.95,42.94,42.95,698
2025-01-02 17:14:00,42.93,42.93,42.93,42.93,272
2025-01-02 17:16:00,42.95,42.98,42.95,42.98,491
2025-01-02 17:17:00,42.96,42.96,42.95,42.95,576
2025-01-02 17:18:00,42.945,42.945,42.945,42.945,387
2025-01-02 17:20:00,42.92,42.92,42.89,42.89,975
2025-01-02 17:21:00,42.85,42.85,42.85,42.85,422
2025-01-02 17:23:00,42.86,42.86,42.84,42.84,328
2025-01-02 17:24:00,42.83,42.83,42.81,42.81,420
2025-01-02 17:27:00,42.75,42.77,42.74,42.74,1450
2025-01-02 17:29:00,42.69,42.69,42.665,42.665,847
2025-01-02 17:31:00,42.62,42.62,42.6,42.61,677
2025-01-02 17:32:00,42.6,42.6,42.6,42.6,408
2025-01-02 17:34:00,42.56,42.56,42.56,42.56,335
2025-01-02 17:35:00,42.55,42.577,42.55,42.577,473
2025-01-02 17:36:00,42.55,42.57,42.51,42.54,1363
2025-01-02 17:38:00,42.5,42.5228,42.5,42.5228,3109
2025-01-02 17:39:00,42.53,42.54,42.53,42.54,1025
2025-01-02 17:40:00,42.5081,42.5081,42.5081,42.5081,311
2025-01-02 17:41:00,42.49,42.53,42.49,42.52,2852
2025-01-02 17:42:00,42.52,42.52,42.48,42.48,760
2025-01-02 17:43:00,42.5,42.5,42.5,42.5,2928
2025-01-02 17:45:00,42.47,42.47,42.47,42.47,221
2025-01-02 17:47:00,42.49,42.49,42.49,42.49,132
2025-01-02 17:48:00,42.47,42.48,42.47,42.475,608
2025-01-02 17:50:00,42.46,42.52,42.43,42.52,4365
2025-01-02 17:51:00,42.56,42.57,42.55,42.57,697
2025-01-02 17:52:00,42.625,42.6577,42.62,42.6577,851
2025-01-02 17:54:00,42.635,42.635,42.635,42.635,137
2025-01-02 17:58:00,42.635,42.635,42.635,42.635,256
2025-01-02 18:01:00,42.59,42.59,42.58,42.58,641
2025-01-02 18:02:00,42.58,42.58,42.58,42.58,471
2025-01-02 18:03:00,42.57,42.57,42.57,42.57,251
2025-01-02 18:04:00,42.55,42.55,42.55,42.55,325
2025-01-02 18:06:00,42.557,42.557,42.557,42.557,207
2025-01-02 18:07:00,42.58,42.58,42.57,42.57,666
2025-01-02 18:09:00,42.56,42.56,42.54,42.54,1437
2025-01-02 18:10:00,42.53,42.53,42.51,42.51,717
2025-01-02 18:12:00,42.49,42.49,42.49,42.49,296
2025-01-02 18:13:00,42.49,42.49,42.49,42.49,100
2025-01-02 18:14:00,42.49,42.49,42.49,42.49,100
2025-01-02 18:18:00,42.5283,42.5283,42.5283,42.5283,623
2025-01-02 18:20:00,42.505,42.505,42.505,42.505,189
2025-01-02 18:21:00,42.5294,42.5294,42.5078,42.5078,2005
2025-01-02 18:22:00,42.505,42.505,42.505,42.505,266
2025-01-02 18:23:00,42.505,42.505,42.48,42.48,952
2025-01-02 18:24:00,42.47,42.47,42.47,42.47,248
2025-01-02 18:26:00,42.47,42.47,42.47,42.47,360
2025-01-02 18:28:00,42.44,42.4699,42.44,42.4699,579
2025-01-02 18:30:00,42.45,42.45,42.45,42.45,352
2025-01-02 18:31:00,42.41,42.41,42.385,42.385,1661
2025-01-02 18:34:00,42.42,42.42,42.37,42.37,817
2025-01-02 18:36:00,42.35,42.41,42.35,42.41,3802
2025-01-02 18:40:00,42.4178,42.4178,42.4178,42.4178,103
2025-01-02 18:41:00,42.38,42.38,42.365,42.365,1965
2025-01-02 18:42:00,42.355,42.355,42.355,42.355,239
2025-01-02 18:43:00,42.358,42.37,42.358,42.37,611
2025-01-02 18:44:00,42.405,42.45,42.405,42.45,307
2025-01-02 18:48:00,42.41,42.425,42.385,42.385,882
2025-01-02 18:49:00,42.36,42.36,42.36,42.36,100
2025-01-02 18:54:00,42.36,42.37,42.35,42.355,1405
2025-01-02 18:55:00,42.39,42.4094,42.39,42.4094,421
2025-01-02 18:58:00,42.42,42.42,42.42,42.42,271
2025-01-02 18:59:00,42.4361,42.4361,42.4361,42.4361,345
2025-01-02 19:00:00,42.46,42.46,42.46,42.46,187
2025-01-02 19:03:00,42.435,42.46,42.435,42.46,488
2025-01-02 19:04:00,42.46,42.46,42.46,42.46,277
2025-01-02 19:05:00,42.4855,42.4855,42.4855,42.4855,272
2025-01-02 19:08:00,42.45,42.45,42.44,42.44,427
2025-01-02 19:09:00,42.46,42.46,42.46,42.46,204
2025-01-02 19:11:00,42.44,42.44,42.44,42.44,274
2025-01-02 19:14:00,42.435,42.435,42.4327,42.4327,1406
2025-01-02 19:15:00,42.42,42.42,42.42,42.42,285
2025-01-02 19:16:00,42.4172,42.4172,42.4172,42.4172,678
2025-01-02 19:17:00,42.41,42.41,42.41,42.41,245
2025-01-02 19:18:00,42.44,42.44,42.44,42.44,368
2025-01-02 19:21:00,42.4329,42.44,42.4329,42.44,279
2025-01-02 19:22:00,42.42,42.42,42.42,42.42,330
2025-01-02 19:23:00,42.44,42.44,42.44,42.44,120
2025-01-02 19:25:00,42.5,42.5,42.5,42.5,225
2025-01-02 19:26:00,42.46,42.46,42.46,42.46,115
2025-01-02 19:28:00,42.51,42.51,42.51,42.51,109
2025-01-02 19:29:00,42.52,42.52,42.52,42.52,186
2025-01-02 19:30:00,42.48,42.48,42.48,42.48,860
2025-01-02 19:31:00,42.46,42.46,42.46,42.46,123
2025-01-02 19:33:00,42.48,42.48,42.48,42.48,1029
2025-01-02 19:35:00,42.45,42.45,42.45,42.45,480
2025-01-02 19:36:00,42.44,42.44,42.44,42.44,126
2025-01-02 19:37:00,42.47,42.47,42.46,42.46,459
2025-01-02 19:38:00,42.48,42.48,42.48,42.48,148
2025-01-02 19:40:00,42.46,42.46,42.46,42.46,143
2025-01-02 19:44:00,42.46,42.49,42.44,42.44,956
2025-01-02 19:46:00,42.44,42.44,42.42,42.42,785
2025-01-02 19:48:00,42.48,42.48,42.48,42.48,213
2025-01-02 19:49:00,42.465,42.49,42.465,42.47,554
2025-01-02 19:50:00,42.49,42.49,42.49,42.49,338
2025-01-02 19:53:00,42.49,42.49,42.49,42.49,398
2025-01-02 19:54:00,42.49,42.5008,42.49,42.5008,204
2025-01-02 19:56:00,42.46,42.465,42.46,42.465,1179
2025-01-02 19:57:00,42.44,42.44,42.43,42.43,449
2025-01-02 19:58:00,42.42,42.4284,42.42,42.4284,510
2025-01-02 19:59:00,42.415,42.415,42.4,42.4,424
2025-01-02 20:00:00,42.41,42.41,42.41,42.41,257
2025-01-02 20:01:00,42.44,42.44,42.44,42.44,242
2025-01-02 20:03:00,42.465,42.465,42.465,42.465,233
2025-01-02 20:06:00,42.4655,42.4655,42.465,42.465,345
2025-01-02 20:08:00,42.49,42.5,42.49,42.49,437
2025-01-02 20:11:00,42.47,42.47,42.46,42.46,762
2025-01-02 20:12:00,42.47,42.47,42.47,42.47,185
2025-01-02 20:13:00,42.52,42.52,42.48,42.48,376
2025-01-02 20:15:00,42.48,42.48,42.48,42.48,356
2025-01-02 20:17:00,42.496,42.496,42.496,42.496,121
2025-01-02 20:18:00,42.51,42.51,42.505,42.505,896
2025-01-02 20:19:00,42.52,42.52,42.52,42.52,270
2025-01-02 20:20:00,42.515,42.515,42.49,42.49,279
2025-01-02 20:21:00,42.52,42.54,42.511,42.54,1593
2025-01-02 20:23:00,42.52,42.52,42.52,42.52,200
2025-01-02 20:24:00,42.54,42.54,42.5204,42.5204,560
2025-01-02 20:25:00,42.545,42.545,42.545,42.545,103
2025-01-02 20:26:00,42.55,42.55,42.55,42.55,217
2025-01-02 20:28:00,42.56,42.56,42.56,42.56,179
2025-01-02 20:29:00,42.59,42.59,42.58,42.58,729
2025-01-02 20:30:00,42.58,42.58,42.54,42.5584,2252
2025-01-02 20:31:00,42.55,42.6,42.53,42.6,1419
2025-01-02 20:32:00,42.57,42.57,42.56,42.56,541
2025-01-02 20:33:00,42.555,42.555,42.555,42.555,214
2025-01-02 20:35:00,42.5,42.5,42.5,42.5,406
2025-01-02 20:38:00,42.5,42.5,42.46,42.475,6090
2025-01-02 20:39:00,42.475,42.475,42.475,42.475,305
2025-01-02 20:40:00,42.49,42.51,42.47,42.48,2719
2025-01-02 20:41:00,42.4925,42.4925,42.4925,42.4925,310
2025-01-02 20:42:00,42.495,42.495,42.495,42.495,105
2025-01-02 20:43:00,42.51,42.53,42.4957,42.5,2082
2025-01-02 20:44:00,42.49,42.49,42.49,42.49,428
2025-01-02 20:45:00,42.47,42.48,42.46,42.46,1031
2025-01-02 20:46:00,42.475,42.52,42.475,42.52,652
2025-01-02 20:47:00,42.49,42.49,42.49,42.49,214
2025-01-02 20:49:00,42.53,42.555,42.53,42.555,819
2025-01-02 20:50:00,42.56,42.595,42.56,42.595,986
2025-01-02 20:51:00,42.595,42.62,42.595,42.6,2345
2025-01-02 20:52:00,42.61,42.615,42.6,42.615,1684
2025-01-02 20:53:00,42.64,42.66,42.63,42.63,3628
2025-01-02 20:54:00,42.62,42.62,42.59,42.59,1334
2025-01-02 20:55:00,42.57,42.59,42.56,42.59,2871
2025-01-02 20:56:00,42.59,42.615,42.59,42.61,2338
2025-01-02 20:57:00,42.62,42.62,42.575,42.59,5159
2025-01-02 20:58:00,42.6,42.6,42.58,42.59,2209
2025-01-02 20:59:00,42.6,42.62,42.56,42.57,7968
2025-01-02 21:06:00,42.1539,42.1539,42.1539,42.1539,300
2025-01-03 00:35:00,43.0,43.0,43.0,43.0,1001
2025-01-03 12:00:00,44.0,44.0,43.99,43.99,647
2025-01-03 14:15:00,43.66,43.9,43.66,43.9,356
2025-01-03 14:21:00,44.0,44.0,44.0,44.0,777
2025-01-03 14:30:00,44.0,44.12,44.0,44.07,6789
2025-01-03 14:32:00,43.92,43.99,43.88,43.88,1595
2025-01-03 14:33:00,43.99,44.0,43.89,44.0,1166
2025-01-03 14:34:00,44.0,44.0,43.85,43.86,2163
2025-01-03 14:35:00,43.85,43.85,43.85,43.85,1083
2025-01-03 14:36:00,43.94,43.94,43.94,43.94,108
2025-01-03 14:38:00,43.8613,43.8613,43.8613,43.8613,522
2025-01-03 14:39:00,44.04,44.04,43.9013,43.95,457
2025-01-03 14:40:00,44.04,44.04,44.04,44.04,166
2025-01-03 14:41:00,43.95,43.95,43.95,43.95,376
2025-01-03 14:42:00,43.95,43.98,43.95,43.98,811
2025-01-03 14:43:00,43.9858,44.0077,43.9858,44.0077,333
2025-01-03 14:45:00,43.93,44.018,43.92,43.92,5882
2025-01-03 14:47:00,43.98,43.98,43.885,43.885,2046
2025-01-03 14:48:00,43.885,43.885,43.83,43.83,452
2025-01-03 14:51:00,43.89,43.89,43.89,43.89,195
2025-01-03 14:55:00,43.88,43.89,43.875,43.89,342
2025-01-03 14:56:00,43.92,43.92,43.92,43.92,301
2025-01-03 14:58:00,43.92,43.92,43.92,43.92,133
2025-01-03 14:59:00,43.89,43.89,43.89,43.89,203
2025-01-03 15:00:00,43.905,43.99,43.905,43.905,505
2025-01-03 15:02:00,43.865,43.88,43.81,43.88,2624
2025-01-03 15:04:00,43.91,43.92,43.91,43.92,579
2025-01-03 15:05:00,43.97,43.98,43.95,43.975,1849
2025-01-03 15:07:00,43.95,43.95,43.95,43.95,388
2025-01-03 15:08:00,44.02,44.02,44.02,44.02,285
2025-01-03 15:10:00,43.995,44.02,43.995,44.02,243
2025-01-03 15:11:00,43.97,43.98,43.97,43.98,1014
2025-01-03 15:12:00,43.96,43.97,43.935,43.935,1382
2025-01-03 15:17:00,43.96,43.96,43.96,43.96,117
2025-01-03 15:18:00,43.94,43.96,43.94,43.96,382
2025-01-03 15:19:00,43.93,43.95,43.93,43.95,221
2025-01-03 15:20:00,43.95,43.95,43.95,43.95,161
2025-01-03 15:21:00,43.94,43.94,43.935,43.935,978
2025-01-03 15:22:00,43.93,43.96,43.91,43.96,1363
2025-01-03 15:23:00,43.93,43.93,43.93,43.93,207
2025-01-03 15:24:00,43.99,43.99,43.99,43.99,440
2025-01-03 15:25:00,44.01,44.01,44.01,44.01,172
2025-01-03 15:27:00,44.0,44.05,43.99,44.05,3335
2025-01-03 15:29:00,44.01,44.01,43.99,43.99,716
2025-01-03 15:30:00,44.01,44.085,43.99,44.085,4622
2025-01-03 15:31:00,44.06,44.09,44.0,44.0,4543
2025-01-03 15:32:00,44.025,44.025,44.025,44.025,254
2025-01-03 15:36:00,44.055,44.09,44.055,44.09,419
2025-01-03 15:38:00,44.0486,44.0486,44.0486,44.0486,348
2025-01-03 15:41:00,44.07,44.0981,44.07,44.0981,638
2025-01-03 15:43:00,44.09,44.09,44.07,44.07,403
2025-01-03 15:44:00,44.09,44.1,44.09,44.1,1577
2025-01-03 15:45:00,44.1,44.1,44.045,44.045,5093
2025-01-03 15:47:00,43.98,43.98,43.965,43.965,936
2025-01-03 15:50:00,43.935,43.935,43.935,43.935,166
2025-01-03 15:51:00,44.04,44.04,44.04,44.04,288
2025-01-03 15:52:00,43.97,44.04,43.97,44.04,333
2025-01-03 15:54:00,43.96,43.97,43.96,43.96,710
2025-01-03 15:56:00,44.025,44.025,43.995,43.995,530
2025-01-03 15:57:00,43.995,43.995,43.995,43.995,105
2025-01-03 15:58:00,44.0,44.0,44.0,44.0,180
2025-01-03 15:59:00,43.995,44.03,43.995,44.03,280
2025-01-03 16:01:00,44.028,44.028,43.97,43.97,1539
2025-01-03 16:03:00,44.01,44.015,44.01,44.015,569
2025-01-03 16:04:00,43.99,44.01,43.97,43.98,1286
2025-01-03 16:05:00,43.99,43.99,43.97,43.98,594
2025-01-03 16:06:00,43.98,43.98,43.98,43.98,126
2025-01-03 16:07:00,43.97,43.97,43.92,43.92,842
2025-01-03 16:09:00,43.91,43.94,43.91,43.94,232
2025-01-03 16:11:00,43.905,43.905,43.905,43.905,282
2025-01-03 16:12:00,43.905,43.905,43.905,43.905,336
2025-01-03 16:14:00,43.95,43.95,43.87,43.9499,475
2025-01-03 16:15:00,43.94,43.95,43.88,43.88,820
2025-01-03 16:16:00,43.88,43.88,43.88,43.88,500
2025-01-03 16:18:00,43.9,43.9,43.86,43.87,574
2025-01-03 16:19:00,43.88,43.88,43.88,43.88,316
2025-01-03 16:20:00,43.89,43.9,43.89,43.9,422
2025-01-03 16:21:00,43.865,43.865,43.865,43.865,197
2025-01-03 16:23:00,43.87,43.87,43.87,43.87,461
2025-01-03 16:24:00,43.865,43.88,43.865,43.88,399
2025-01-03 16:25:00,43.9,43.9,43.9,43.9,494
2025-01-03 16:26:00,43.94,43.945,43.94,43.945,753
2025-01-03 16:28:00,43.92,43.92,43.92,43.92,268
2025-01-03 16:29:00,43.91,43.91,43.91,43.91,197
2025-01-03 16:30:00,43.94,43.98,43.94,43.98,616
2025-01-03 16:31:00,43.995,43.995,43.97,43.97,771
2025-01-03 16:32:00,43.97,43.97,43.97,43.97,184
2025-01-03 16:36:00,43.99,44.03,43.99,44.03,631
2025-01-03 16:38:00,44.005,44.005,44.0,44.0,412
2025-01-03 16:39:00,44.0,44.0,43.98,43.98,653
2025-01-03 16:40:00,43.97,43.97,43.97,43.97,155
2025-01-03 16:42:00,44.0,44.0,43.97,44.0,688
2025-01-03 16:43:00,44.0,44.0,44.0,44.0,102
2025-01-03 16:45:00,43.98,43.98,43.98,43.98,208
2025-01-03 16:46:00,43.97,43.99,43.97,43.99,230
2025-01-03 16:49:00,43.985,43.985,43.985,43.985,154
2025-01-03 16:50:00,44.01,44.02,44.0,44.02,2010
2025-01-03 16:51:00,44.01,44.015,44.01,44.015,331
2025-01-03 16:52:00,44.015,44.015,44.015,44.015,255
2025-01-03 16:53:00,44.015,44.015,43.95,43.95,2863
2025-01-03 16:54:00,43.96,43.96,43.94,43.94,563
2025-01-03 16:57:00,44.0,44.0,44.0,44.0,108
2025-01-03 16:58:00,44.0,44.0,44.0,44.0,281
2025-01-03 16:59:00,43.97,43.97,43.97,43.97,146
2025-01-03 17:04:00,44.0,44.0,44.0,44.0,428
2025-01-03 17:05:00,44.01,44.03,44.01,44.03,954
2025-01-03 17:07:00,44.04,44.05,44.04,44.05,787
2025-01-03 17:08:00,44.05,44.05,44.05,44.05,823
2025-01-03 17:13:00,44.03,44.03,44.03,44.03,354
2025-01-03 17:14:00,44.03,44.03,44.03,44.03,226
2025-01-03 17:16:00,44.05,44.05,44.05,44.05,356
2025-01-03 17:18:00,44.02,44.055,44.02,44.055,1642
2025-01-03 17:19:00,44.035,44.035,44.035,44.035,251
2025-01-03 17:20:00,44.0447,44.0447,44.0447,44.0447,446
2025-01-03 17:21:00,44.035,44.035,44.035,44.035,841
2025-01-03 17:23:00,44.06,44.06,44.06,44.06,169
2025-01-03 17:24:00,44.04,44.04,44.04,44.04,180
2025-01-03 17:25:00,44.06,44.11,44.05,44.11,13557
2025-01-03 17:26:00,44.07,44.07,44.07,44.07,345
2025-01-03 17:27:00,44.11,44.11,44.1,44.11,2713
2025-01-03 17:31:00,44.1008,44.1008,44.1008,44.1008,398
2025-01-03 17:32:00,44.13,44.13,44.13,44.13,210
2025-01-03 17:33:00,44.13,44.13,44.065,44.075,1065
2025-01-03 17:41:00,44.09,44.0902,44.075,44.08,1470
2025-01-03 17:44:00,44.07,44.07,44.07,44.07,256
2025-01-03 17:45:00,44.05,44.05,44.05,44.05,396
2025-01-03 17:46:00,44.05,44.05,44.02,44.02,385
2025-01-03 17:48:00,44.0722,44.0722,44.05,44.05,543
2025-01-03 17:51:00,44.02,44.04,43.99,43.99,1634
2025-01-03 17:52:00,43.97,43.97,43.9407,43.97,1611
2025-01-03 17:53:00,43.975,43.98,43.975,43.98,1151
2025-01-03 17:55:00,44.03,44.03,44.03,44.03,303
2025-01-03 17:58:00,43.95,43.95,43.95,43.95,131
2025-01-03 18:00:00,43.995,43.995,43.995,43.995,156
2025-01-03 18:01:00,43.98,43.98,43.975,43.9775,556
2025-01-03 18:04:00,43.95,43.95,43.95,43.95,150
2025-01-03 18:07:00,43.95,43.95,43.95,43.95,135
2025-01-03 18:09:00,43.95,43.95,43.95,43.95,114
2025-01-03 18:11:00,43.925,43.925,43.925,43.925,120
2025-01-03 18:12:00,43.95,43.95,43.95,43.95,311
2025-01-03 18:13:00,43.97,43.98,43.95,43.95,1311
2025-01-03 18:15:00,43.94,43.94,43.94,43.94,620
2025-01-03 18:16:00,43.9454,43.9454,43.9454,43.9454,206
2025-01-03 18:20:00,44.0,44.0,44.0,44.0,274
2025-01-03 18:21:00,43.995,44.085,43.995,44.085,3272
2025-01-03 18:22:00,44.0991,44.15,44.07,44.15,7637
2025-01-03 18:23:00,44.125,44.125,44.125,44.125,1104
2025-01-03 18:25:00,44.06,44.125,44.06,44.125,340
2025-01-03 18:26:00,44.185,44.19,44.18,44.19,1104
2025-01-03 18:28:00,44.205,44.21,44.205,44.21,473
2025-01-03 18:29:00,44.2,44.25,44.2,44.25,1128
2025-01-03 18:30:00,44.25,44.34,44.17,44.2,3870
2025-01-03 18:31:00,44.2106,44.285,44.2106,44.285,295
2025-01-03 18:32:00,44.29,44.29,44.29,44.29,407
2025-01-03 18:33:00,44.25,44.29,44.25,44.29,1049
2025-01-03 18:35:00,44.34,44.34,44.34,44.34,386
2025-01-03 18:36:00,44.34,44.34,44.34,44.34,456
2025-01-03 18:38:00,44.28,44.33,44.28,44.33,1297
2025-01-03 18:41:00,44.25,44.34,44.25,44.32,1121
2025-01-03 18:43:00,44.31,44.31,44.31,44.31,1031
2025-01-03 18:44:00,44.36,44.365,44.36,44.365,309
2025-01-03 18:45:00,44.35,44.35,44.35,44.35,222
2025-01-03 18:46:00,44.33,44.33,44.33,44.33,209
2025-01-03 18:47:00,44.3,44.31,44.28,44.28,789
2025-01-03 18:48:00,44.31,44.31,44.28,44.28,523
2025-01-03 18:50:00,44.27,44.29,44.259,44.259,2417
2025-01-03 18:51:00,44.285,44.285,44.285,44.285,200
2025-01-03 18:52:00,44.285,44.285,44.25,44.25,1208
2025-01-03 18:54:00,44.235,44.235,44.235,44.235,104
2025-01-03 18:57:00,44.24,44.24,44.24,44.24,194
2025-01-03 18:58:00,44.27,44.27,44.27,44.27,307
2025-01-03 18:59:00,44.24,44.24,44.24,44.24,537
2025-01-03 19:00:00,44.235,44.235,44.207,44.207,840
2025-01-03 19:01:00,44.225,44.225,44.2,44.2,775
2025-01-03 19:04:00,44.22,44.228,44.22,44.22,1302
2025-01-03 19:06:00,44.21,44.21,44.21,44.21,183
2025-01-03 19:07:00,44.18,44.19,44.18,44.19,1045
2025-01-03 19:08:00,44.2,44.22,44.2,44.22,492
2025-01-03 19:09:00,44.2,44.2,44.2,44.2,276
2025-01-03 19:10:00,44.21,44.21,44.21,44.21,793
2025-01-03 19:11:00,44.21,44.21,44.21,44.21,194
2025-01-03 19:16:00,44.21,44.27,44.19,44.23,2464
2025-01-03 19:17:00,44.2692,44.2692,44.2692,44.2692,584
2025-01-03 19:23:00,44.23,44.23,44.23,44.23,240
2025-01-03 19:24:00,44.21,44.21,44.21,44.21,375
2025-01-03 19:26:00,44.19,44.19,44.18,44.18,781
2025-01-03 19:27:00,44.18,44.19,44.18,44.18,658
2025-01-03 19:28:00,44.18,44.18,44.18,44.18,220
2025-01-03 19:32:00,44.22,44.22,44.22,44.22,283
2025-01-03 19:33:00,44.205,44.205,44.205,44.205,128
2025-01-03 19:36:00,44.245,44.245,44.245,44.245,744
2025-01-03 19:40:00,44.22,44.22,44.21,44.22,439
2025-01-03 19:41:00,44.24,44.24,44.24,44.24,201
2025-01-03 19:43:00,44.19,44.19,44.19,44.19,492
2025-01-03 19:44:00,44.16,44.16,44.16,44.16,119
2025-01-03 19:50:00,44.15,44.15,44.15,44.15,579
2025-01-03 19:51:00,44.15,44.15,44.15,44.15,1129
2025-01-03 19:54:00,44.1458,44.1458,44.12,44.12,1493
2025-01-03 19:55:00,44.12,44.12,44.12,44.12,489
2025-01-03 19:58:00,44.16,44.16,44.16,44.16,126
2025-01-03 19:59:00,44.13,44.13,44.13,44.13,285
2025-01-03 20:00:00,44.13,44.13,44.13,44.13,243
2025-01-03 20:01:00,44.12,44.12,44.1,44.115,1250
2025-01-03 20:03:00,44.12,44.12,44.12,44.12,340
2025-01-03 20:06:00,44.12,44.12,44.11,44.11,234
2025-01-03 20:07:00,44.12,44.13,44.12,44.13,893
2025-01-03 20:08:00,44.105,44.105,44.105,44.105,135
2025-01-03 20:09:00,44.14,44.14,44.14,44.14,112
2025-01-03 20:12:00,44.13,44.13,44.13,44.13,267
2025-01-03 20:13:00,44.1006,44.1006,44.1006,44.1006,1658
2025-01-03 20:14:00,44.1,44.12,44.1,44.12,329
2025-01-03 20:16:00,44.13,44.14,44.13,44.14,381
2025-01-03 20:17:00,44.15,44.18,44.14,44.18,2707
2025-01-03 20:19:00,44.175,44.175,44.175,44.175,198
2025-01-03 20:21:00,44.2,44.2,44.17,44.17,227
2025-01-03 20:22:00,44.2,44.2,44.14,44.14,1076
2025-01-03 20:25:00,44.15,44.15,44.13,44.13,919
2025-01-03 20:26:00,44.13,44.13,44.12,44.12,298
2025-01-03 20:27:00,44.13,44.13,44.13,44.13,340
2025-01-03 20:28:00,44.17,44.18,44.17,44.18,1521
2025-01-03 20:29:00,44.18,44.18,44.18,44.18,168
2025-01-03 20:30:00,44.16,44.16,44.16,44.16,818
2025-01-03 20:31:00,44.13,44.14,44.12,44.14,743
2025-01-03 20:32:00,44.135,44.135,44.135,44.135,700
2025-01-03 20:33:00,44.14,44.14,44.12,44.12,636
2025-01-03 20:34:00,44.15,44.15,44.135,44.1499,1042
2025-01-03 20:35:00,44.165,44.165,44.165,44.165,189
2025-01-03 20:36:00,44.16,44.165,44.16,44.165,531
2025-01-03 20:38:00,44.125,44.125,44.125,44.125,302
2025-01-03 20:39:00,44.12,44.12,44.11,44.11,214
2025-01-03 20:40:00,44.1,44.11,44.1,44.11,864
2025-01-03 20:41:00,44.095,44.095,44.095,44.095,402
2025-01-03 20:42:00,44.095,44.095,44.08,44.08,585
2025-01-03 20:43:00,44.1,44.11,44.1,44.1,2029
2025-01-03 20:44:00,44.09,44.09,44.08,44.08,929
2025-01-03 20:45:00,44.09,44.09,44.09,44.09,208
2025-01-03 20:46:00,44.07,44.07,44.07,44.07,316
2025-01-03 20:47:00,44.07,44.08,44.07,44.08,573
2025-01-03 20:48:00,44.06,44.06,44.06,44.06,310
2025-01-03 20:49:00,44.065,44.065,44.05,44.05,601
2025-01-03 20:50:00,44.08,44.11,44.065,44.11,3070
2025-01-03 20:51:00,44.1026,44.1026,44.08,44.08,864
2025-01-03 20:52:00,44.08,44.095,44.08,44.085,1620
2025-01-03 20:53:00,44.09,44.13,44.08,44.13,5930
2025-01-03 20:54:00,44.18,44.18,44.18,44.18,893
2025-01-03 20:55:00,44.21,44.21,44.21,44.21,835
2025-01-03 20:56:00,44.2,44.2,44.2,44.2,1837
2025-01-03 20:57:00,44.2,44.2,44.17,44.17,4590
2025-01-03 20:58:00,44.19,44.21,44.19,44.21,3103
2025-01-03 20:59:00,44.19,44.25,44.19,44.25,6162
2025-01-03 21:00:00,44.24,44.24,44.24,44.24,211
2025-01-03 21:46:00,44.6407,44.6407,44.6407,44.6407,150
2025-01-06 12:20:00,44.88,44.88,44.88,44.88,126
2025-01-06 12:46:00,45.09,45.09,45.09,45.09,589
2025-01-06 12:47:00,45.1,45.1,45.1,45.1,1424
2025-01-06 13:00:00,45.1,45.1,45.1,45.1,487
2025-01-06 14:14:00,45.32,45.32,45.3,45.3,830
2025-01-06 14:30:00,44.98,44.98,44.98,44.98,2039
2025-01-06 14:34:00,45.1,45.1,45.1,45.1,532
2025-01-06 14:35:00,45.1,45.1,45.1,45.1,173
2025-01-06 14:36:00,45.2127,45.2127,45.2127,45.2127,138
2025-01-06 14:37:00,45.1,45.1,45.1,45.1,157
2025-01-06 14:39:00,44.95,45.01,44.95,45.01,313
2025-01-06 14:45:00,45.085,45.085,45.085,45.085,203
2025-01-06 14:46:00,45.21,45.21,45.04,45.04,705
2025-01-06 14:50:00,45.14,45.14,45.14,45.14,798
2025-01-06 14:53:00,45.06,45.06,45.06,45.06,156
2025-01-06 14:59:00,45.06,45.06,45.06,45.06,132
2025-01-06 15:02:00,45.21,45.22,45.21,45.22,406
2025-01-06 15:04:00,45.1463,45.15,45.1463,45.15,709
2025-01-06 15:05:00,45.21,45.24,45.18,45.2,2100
2025-01-06 15:12:00,45.18,45.19,45.12,45.12,1268
2025-01-06 15:14:00,45.15,45.17,45.15,45.17,324
2025-01-06 15:16:00,45.1,45.1,45.1,45.1,204
2025-01-06 15:17:00,45.1,45.1,45.1,45.1,140
2025-01-06 15:18:00,45.1899,45.1899,45.15,45.15,397
2025-01-06 15:20:00,45.1,45.1,45.1,45.1,102
2025-01-06 15:24:00,45.1499,45.1792,45.1499,45.1792,554
2025-01-06 15:26:00,45.1,45.139,45.1,45.12,2316
2025-01-06 15:28:00,45.12,45.15,45.1,45.14,2273
2025-01-06 15:31:00,45.08,45.08,45.08,45.08,125
2025-01-06 15:33:00,45.1713,45.1713,45.083,45.083,1170
2025-01-06 15:37:00,45.06,45.06,45.06,45.06,106
2025-01-06 15:42:00,45.06,45.06,45.0,45.0,439
2025-01-06 15:43:00,45.0,45.0,45.0,45.0,153
2025-01-06 15:45:00,45.02,45.02,45.02,45.02,101
2025-01-06 15:49:00,45.04,45.04,45.005,45.005,510
2025-01-06 15:52:00,45.04,45.13,45.04,45.055,1987
2025-01-06 15:53:00,45.14,45.14,45.14,45.14,775
2025-01-06 15:54:00,45.18,45.18,45.18,45.18,619
2025-01-06 15:57:00,45.2,45.2,45.2,45.2,233
2025-01-06 15:59:00,45.1981,45.1981,45.1981,45.1981,145
2025-01-06 16:03:00,45.19,45.19,45.17,45.17,378
2025-01-06 16:05:00,45.19,45.19,45.19,45.19,225
2025-01-06 16:06:00,45.19,45.19,45.19,45.19,417
2025-01-06 16:15:00,45.2099,45.2099,45.12,45.12,1758
2025-01-06 16:16:00,45.165,45.165,45.12,45.12,1249
2025-01-06 16:19:00,45.18,45.21,45.17,45.21,1555
2025-01-06 16:20:00,45.25,45.25,45.25,45.25,328
2025-01-06 16:21:00,45.2512,45.2512,45.2512,45.2512,257
2025-01-06 16:23:00,45.265,45.265,45.265,45.265,331
2025-01-06 16:26:00,45.255,45.255,45.255,45.255,137
2025-01-06 16:27:00,45.2883,45.2883,45.2883,45.2883,2240
2025-01-06 16:28:00,45.29,45.29,45.29,45.29,125
2025-01-06 16:30:00,45.29,45.32,45.28,45.32,1319
2025-01-06 16:31:00,45.27,45.27,45.26,45.26,242
2025-01-06 16:32:00,45.315,45.315,45.315,45.315,214
2025-01-06 16:33:00,45.31,45.315,45.26,45.26,516
2025-01-06 16:34:00,45.305,45.305,45.305,45.305,125
2025-01-06 16:40:00,45.2773,45.2773,45.2773,45.2773,1068
2025-01-06 16:42:00,45.3,45.3,45.3,45.3,282
2025-01-06 16:56:00,45.34,45.34,45.34,45.34,181
2025-01-06 16:58:00,45.36,45.36,45.36,45.36,105
2025-01-06 16:59:00,45.295,45.295,45.295,45.295,207
2025-01-06 17:00:00,45.295,45.295,45.295,45.295,240
2025-01-06 17:01:00,45.31,45.35,45.31,45.35,237
2025-01-06 17:03:00,45.2973,45.2973,45.23,45.24,1001
2025-01-06 17:06:00,45.18,45.2,45.18,45.2,711
2025-01-06 17:07:00,45.165,45.165,45.165,45.165,318
2025-01-06 17:08:00,45.165,45.165,45.165,45.165,111
2025-01-06 17:13:00,45.14,45.14,45.14,45.14,103
2025-01-06 17:15:00,45.17,45.19,45.165,45.19,389
2025-01-06 17:16:00,45.19,45.19,45.19,45.19,588
2025-01-06 17:17:00,45.21,45.21,45.21,45.21,116
2025-01-06 17:18:00,45.15,45.15,45.15,45.15,572
2025-01-06 17:19:00,45.14,45.14,45.14,45.14,203
2025-01-06 17:24:00,45.125,45.125,45.125,45.125,113
2025-01-06 17:25:00,45.165,45.2093,45.165,45.2093,536
2025-01-06 17:26:00,45.1401,45.1401,45.1401,45.1401,100
2025-01-06 17:27:00,45.14,45.14,45.14,45.14,240
2025-01-06 17:28:00,45.13,45.13,45.13,45.13,135
2025-01-06 17:29:00,45.13,45.13,45.13,45.13,271
2025-01-06 17:31:00,45.164,45.164,45.164,45.164,290
2025-01-06 17:33:00,45.12,45.12,45.11,45.11,372
2025-01-06 17:35:00,45.12,45.12,45.09,45.11,917
2025-01-06 17:36:00,45.1,45.1,45.1,45.1,155
2025-01-06 17:37:00,45.08,45.08,45.08,45.08,219
2025-01-06 17:41:00,45.09,45.09,45.05,45.05,477
2025-01-06 17:42:00,45.045,45.045,45.045,45.045,109
2025-01-06 17:44:00,45.055,45.055,45.055,45.055,127
2025-01-06 17:45:00,45.03,45.03,45.03,45.03,195
2025-01-06 17:46:00,45.04,45.04,45.04,45.04,550
2025-01-06 17:49:00,45.06,45.06,45.06,45.06,201
2025-01-06 17:50:00,45.06,45.06,45.02,45.03,963
2025-01-06 17:51:00,45.01,45.01,44.99,44.99,508
2025-01-06 17:52:00,45.025,45.025,45.025,45.025,242
2025-01-06 17:53:00,45.03,45.03,45.03,45.03,100
2025-01-06 17:57:00,44.9784,44.9784,44.9784,44.9784,152
2025-01-06 17:58:00,44.9867,44.9867,44.9867,44.9867,382
2025-01-06 17:59:00,45.02,45.02,45.02,45.02,123
2025-01-06 18:01:00,44.98,44.98,44.96,44.96,449
2025-01-06 18:02:00,44.93,44.93,44.92,44.92,634
2025-01-06 18:05:00,44.94,44.94,44.94,44.94,519
2025-01-06 18:06:00,44.97,44.97,44.955,44.97,619
2025-01-06 18:07:00,44.95,44.95,44.95,44.95,109
2025-01-06 18:08:00,44.925,44.925,44.925,44.925,664
2025-01-06 18:10:00,44.9,44.9,44.9,44.9,320
2025-01-06 18:12:00,44.92,44.92,44.92,44.92,102
2025-01-06 18:16:00,44.969,45.0,44.969,45.0,901
2025-01-06 18:17:00,44.924,44.975,44.924,44.975,1940
2025-01-06 18:21:00,44.94,44.94,44.93,44.93,859
2025-01-06 18:26:00,44.96,44.96,44.96,44.96,140
2025-01-06 18:27:00,44.97,45.04,44.97,45.04,860
2025-01-06 18:28:00,45.0,45.0,45.0,45.0,105
2025-01-06 18:29:00,44.955,44.955,44.955,44.955,100
2025-01-06 18:34:00,44.9301,44.9301,44.9301,44.9301,584
2025-01-06 18:36:00,45.02,45.02,45.02,45.02,184
2025-01-06 18:37:00,44.97,44.97,44.97,44.97,183
2025-01-06 18:38:00,44.9518,44.9518,44.9518,44.9518,249
2025-01-06 18:39:00,44.955,44.955,44.95,44.95,379
2025-01-06 18:46:00,44.91,44.91,44.91,44.91,111
2025-01-06 18:48:00,44.91,44.91,44.91,44.91,235
2025-01-06 18:49:00,44.89,44.89,44.89,44.89,102
2025-01-06 18:52:00,44.88,44.88,44.88,44.88,100
2025-01-06 18:53:00,44.943,44.95,44.943,44.95,586
2025-01-06 18:54:00,44.8896,44.8896,44.8896,44.8896,155
2025-01-06 19:00:00,44.89,44.9,44.89,44.9,519
2025-01-06 19:01:00,44.83,44.88,44.83,44.84,1346
2025-01-06 19:02:00,44.815,44.815,44.815,44.815,108
2025-01-06 19:03:00,44.89,44.89,44.87,44.89,906
2025-01-06 19:10:00,44.8425,44.87,44.8425,44.86,896
2025-01-06 19:17:00,44.9317,44.9317,44.9317,44.9317,344
2025-01-06 19:19:00,44.94,44.94,44.94,44.94,100
2025-01-06 19:24:00,44.9,44.9,44.9,44.9,108
2025-01-06 19:25:00,44.89,44.92,44.89,44.92,649
2025-01-06 19:27:00,44.85,44.85,44.85,44.85,182
2025-01-06 19:32:00,44.91,44.91,44.88,44.89,1181
2025-01-06 19:33:00,44.88,44.88,44.88,44.88,146
2025-01-06 19:36:00,44.85,44.85,44.85,44.85,1005
2025-01-06 19:42:00,44.85,44.85,44.84,44.84,336
2025-01-06 19:43:00,44.88,44.88,44.88,44.88,921
2025-01-06 19:44:00,44.8575,44.8575,44.84,44.84,469
2025-01-06 19:50:00,44.85,44.85,44.85,44.85,552
2025-01-06 19:51:00,44.86,44.86,44.82,44.82,540
2025-01-06 19:52:00,44.7725,44.7725,44.7725,44.7725,173
2025-01-06 19:57:00,44.8384,44.8384,44.8,44.8,725
2025-01-06 19:58:00,44.8,44.81,44.79,44.81,1168
2025-01-06 19:59:00,44.84,44.86,44.81,44.81,1487
2025-01-06 20:03:00,44.7969,44.798,44.7969,44.798,458
2025-01-06 20:06:00,44.8,44.82,44.8,44.82,867
2025-01-06 20:09:00,44.83,44.83,44.81,44.81,616
2025-01-06 20:12:00,44.799,44.799,44.799,44.799,289
2025-01-06 20:14:00,44.84,44.84,44.84,44.84,274
2025-01-06 20:19:00,44.81,44.82,44.81,44.82,1057
2025-01-06 20:20:00,44.79,44.79,44.78,44.78,958
2025-01-06 20:21:00,44.76,44.81,44.76,44.8,1185
2025-01-06 20:22:00,44.785,44.86,44.785,44.8583,4869
2025-01-06 20:23:00,44.86,44.86,44.86,44.86,341
2025-01-06 20:24:00,44.88,44.89,44.88,44.89,557
2025-01-06 20:31:00,44.8476,44.86,44.8476,44.86,909
2025-01-06 20:33:00,44.825,44.825,44.82,44.82,420
2025-01-06 20:34:00,44.8425,44.845,44.8425,44.845,419
2025-01-06 20:36:00,44.87,44.87,44.87,44.87,836
2025-01-06 20:37:00,44.88,44.88,44.84,44.84,204
2025-01-06 20:38:00,44.86,44.87,44.84,44.87,2290
2025-01-06 20:39:00,44.85,44.88,44.85,44.86,1120
2025-01-06 20:40:00,44.86,44.86,44.84,44.84,554
2025-01-06 20:41:00,44.8475,44.8475,44.8475,44.8475,304
2025-01-06 20:42:00,44.85,44.89,44.85,44.89,1941
2025-01-06 20:46:00,44.86,44.86,44.86,44.86,298
2025-01-06 20:47:00,44.87,44.87,44.85,44.85,1699
2025-01-06 20:48:00,44.84,44.84,44.84,44.84,298
2025-01-06 20:49:00,44.84,44.84,44.83,44.84,383
2025-01-06 20:50:00,44.87,44.96,44.86,44.95,3492
2025-01-06 20:51:00,44.92,44.93,44.92,44.93,604
2025-01-06 20:53:00,44.91,44.935,44.91,44.93,983
2025-01-06 20:54:00,44.91,44.91,44.91,44.91,1281
2025-01-06 20:55:00,44.91,44.92,44.9,44.91,4303
2025-01-06 20:56:00,44.91,44.94,44.91,44.93,3227
2025-01-06 20:57:00,44.925,44.925,44.9,44.9,2597
2025-01-06 20:58:00,44.89,44.89,44.89,44.89,308
2025-01-06 20:59:00,44.91,44.91,44.85,44.86,5871
2025-01-06 21:00:00,44.85,44.85,44.85,44.85,167
2025-01-07 14:30:00,45.3,45.3,45.15,45.28,3320
2025-01-07 14:36:00,45.2813,45.2813,45.2813,45.2813,227
2025-01-07 14:37:00,45.18,45.18,45.18,45.18,113
2025-01-07 14:39:00,45.17,45.17,45.17,45.17,128
2025-01-07 14:41:00,45.17,45.17,45.17,45.17,105
2025-01-07 14:44:00,45.19,45.19,45.16,45.16,742
2025-01-07 14:48:00,45.25,45.25,45.25,45.25,482
2025-01-07 14:49:00,45.25,45.29,45.25,45.29,680
2025-01-07 14:55:00,45.285,45.31,45.285,45.31,272
2025-01-07 14:59:00,45.31,45.31,45.28,45.28,325
2025-01-07 15:00:00,45.24,45.24,45.07,45.07,3004
2025-01-07 15:01:00,45.08,45.145,44.99,44.99,1952
2025-01-07 15:02:00,44.99,44.99,44.99,44.99,397
2025-01-07 15:03:00,44.99,44.99,44.99,44.99,267
2025-01-07 15:05:00,44.98,44.98,44.98,44.98,204
2025-01-07 15:11:00,44.975,44.975,44.975,44.975,381
2025-01-07 15:12:00,45.0,45.02,45.0,45.02,774
2025-01-07 15:13:00,45.05,45.05,45.05,45.05,214
2025-01-07 15:14:00,45.0587,45.0587,45.0587,45.0587,189
2025-01-07 15:15:00,45.0,45.0,45.0,45.0,204
2025-01-07 15:16:00,45.0,45.03,45.0,45.03,742
2025-01-07 15:17:00,44.97,44.98,44.97,44.98,454
2025-01-07 15:18:00,45.01,45.01,45.01,45.01,539
2025-01-07 15:19:00,45.05,45.1,45.05,45.1,575
2025-01-07 15:21:00,45.1,45.1,45.1,45.1,501
2025-01-07 15:22:00,45.1,45.18,45.1,45.1,431
2025-01-07 15:24:00,45.19,45.25,45.19,45.25,776
2025-01-07 15:29:00,45.3,45.31,45.3,45.31,257
2025-01-07 15:32:00,45.21,45.3,45.14,45.14,647
2025-01-07 15:37:00,45.225,45.225,45.225,45.225,403
2025-01-07 15:38:00,45.19,45.19,45.17,45.17,1176
2025-01-07 15:39:00,45.12,45.12,45.12,45.12,540
2025-01-07 15:40:00,44.995,44.995,44.995,44.995,100
2025-01-07 15:46:00,44.99,44.99,44.98,44.98,789
2025-01-07 15:49:00,44.97,44.97,44.97,44.97,341
2025-01-07 15:50:00,45.01,45.03,45.01,45.03,1007
2025-01-07 15:51:00,45.01,45.01,45.01,45.01,201
2025-01-07 15:53:00,45.01,45.01,45.01,45.01,100
2025-01-07 15:54:00,45.07,45.07,45.07,45.07,570
2025-01-07 15:56:00,45.07,45.21,45.065,45.21,898
2025-01-07 16:00:00,45.17,45.17,45.16,45.16,213
2025-01-07 16:04:00,45.115,45.115,45.115,45.115,101
2025-01-07 16:05:00,45.07,45.07,45.07,45.07,190
2025-01-07 16:06:00,45.17,45.17,45.17,45.17,508
2025-01-07 16:08:00,45.21,45.21,45.195,45.195,319
2025-01-07 16:09:00,45.195,45.25,45.195,45.25,329
2025-01-07 16:10:00,45.16,45.2,45.16,45.2,294
2025-01-07 16:11:00,45.16,45.16,45.16,45.16,179
2025-01-07 16:12:00,45.16,45.16,45.16,45.16,318
2025-01-07 16:13:00,45.195,45.195,45.195,45.195,128
2025-01-07 16:15:00,45.2011,45.31,45.14,45.31,20565
2025-01-07 16:16:00,45.32,45.33,45.32,45.32,810
2025-01-07 16:18:00,45.27,45.31,45.27,45.3,2008
2025-01-07 16:19:00,45.325,45.37,45.32094,45.37,2717
2025-01-07 16:20:00,45.34,45.38,45.34,45.38,665
2025-01-07 16:21:00,45.39,45.39,45.39,45.39,327
2025-01-07 16:22:00,45.39,45.39,45.39,45.39,259
2025-01-07 16:23:00,45.33,45.37,45.33,45.37,1057
2025-01-07 16:24:00,45.37,45.37,45.336,45.336,328
2025-01-07 16:25:00,45.3494,45.3494,45.3494,45.3494,540
2025-01-07 16:28:00,45.37,45.41,45.37,45.4,722
2025-01-07 16:30:00,45.38,45.38,45.345,45.345,1705
2025-01-07 16:31:00,45.345,45.345,45.27,45.32,1516
2025-01-07 16:36:00,45.29,45.29,45.29,45.29,393
2025-01-07 16:37:00,45.285,45.285,45.285,45.285,129
2025-01-07 16:38:00,45.33,45.33,45.33,45.33,111
2025-01-07 16:39:00,45.36,45.36,45.36,45.36,216
2025-01-07 16:41:00,45.345,45.345,45.345,45.345,136
2025-01-07 16:42:00,45.32,45.32,45.32,45.32,697
2025-01-07 16:43:00,45.355,45.355,45.355,45.355,112
2025-01-07 16:44:00,45.3339,45.3339,45.3339,45.3339,479
2025-01-07 16:46:00,45.33,45.33,45.33,45.33,145
2025-01-07 16:49:00,45.34,45.3547,45.34,45.34,560
2025-01-07 16:50:00,45.32,45.32,45.32,45.32,302
2025-01-07 16:52:00,45.285,45.31,45.285,45.31,1178
2025-01-07 16:57:00,45.2,45.21,45.2,45.21,417
2025-01-07 16:58:00,45.2,45.22,45.2,45.22,787
2025-01-07 17:00:00,45.22,45.25,45.22,45.24,426
2025-01-07 17:02:00,45.22,45.22,45.22,45.22,309
2025-01-07 17:10:00,45.2,45.2,45.19,45.2,933
2025-01-07 17:11:00,45.1282,45.1282,45.1282,45.1282,128
2025-01-07 17:12:00,45.2,45.2,45.2,45.2,939
2025-01-07 17:13:00,45.23,45.23,45.23,45.23,128
2025-01-07 17:15:00,45.23,45.23,45.23,45.23,101
2025-01-07 17:17:00,45.225,45.225,45.225,45.225,153
2025-01-07 17:18:00,45.23,45.23,45.23,45.23,355
2025-01-07 17:20:00,45.275,45.275,45.23,45.23,302
2025-01-07 17:22:00,45.24,45.24,45.24,45.24,129
2025-01-07 17:23:00,45.18,45.18,45.16,45.18,748
2025-01-07 17:28:00,45.08,45.08,45.08,45.08,486
2025-01-07 17:30:00,45.17,45.17,45.17,45.17,249
2025-01-07 17:31:00,45.18,45.18,45.18,45.18,101
2025-01-07 17:38:00,45.13,45.13,45.12,45.12,202
2025-01-07 17:40:00,45.175,45.175,45.175,45.175,226
2025-01-07 17:41:00,45.16,45.16,45.08,45.09,1560
2025-01-07 17:45:00,45.115,45.115,45.08,45.08,474
2025-01-07 17:46:00,45.115,45.115,45.08,45.08,524
2025-01-07 17:47:00,45.06,45.06,45.06,45.06,210
2025-01-07 17:54:00,45.1,45.11,45.1,45.11,268
2025-01-07 17:55:00,45.085,45.15,45.085,45.15,5983
2025-01-07 17:57:00,45.13,45.13,45.13,45.13,175
2025-01-07 17:59:00,45.0818,45.0818,45.0818,45.0818,253
2025-01-07 18:02:00,45.185,45.185,45.185,45.185,100
2025-01-07 18:03:00,45.19,45.19,45.1392,45.175,1769
2025-01-07 18:04:00,45.18,45.18,45.18,45.18,882
2025-01-07 18:05:00,45.155,45.155,45.155,45.155,119
2025-01-07 18:08:00,45.155,45.16,45.155,45.16,551
2025-01-07 18:10:00,45.26,45.26,45.26,45.26,248
2025-01-07 18:11:00,45.24,45.24,45.24,45.24,150
2025-01-07 18:15:00,45.15,45.175,45.15,45.175,393
2025-01-07 18:18:00,45.13,45.17,45.13,45.17,681
2025-01-07 18:19:00,45.235,45.235,45.235,45.235,279
2025-01-07 18:20:00,45.22,45.22,45.22,45.22,116
2025-01-07 18:21:00,45.22,45.22,45.22,45.22,208
2025-01-07 18:22:00,45.23,45.285,45.23,45.285,448
2025-01-07 18:23:00,45.27,45.27,45.27,45.27,100
2025-01-07 18:24:00,45.285,45.285,45.285,45.285,101
2025-01-07 18:26:00,45.285,45.285,45.285,45.285,108
2025-01-07 18:28:00,45.29,45.29,45.29,45.29,302
2025-01-07 18:29:00,45.25,45.27,45.25,45.27,551
2025-01-07 18:30:00,45.26,45.28,45.25,45.28,2030
2025-01-07 18:31:00,45.26,45.28,45.26,45.28,235
2025-01-07 18:32:00,45.26,45.265,45.25,45.265,471
2025-01-07 18:35:00,45.265,45.265,45.265,45.265,182
2025-01-07 18:36:00,45.25,45.25,45.25,45.25,343
2025-01-07 18:37:00,45.195,45.195,45.195,45.195,143
2025-01-07 18:40:00,45.1058,45.1058,45.1058,45.1058,168
2025-01-07 18:45:00,45.1,45.1,45.1,45.1,359
2025-01-07 18:52:00,45.0701,45.0701,45.0701,45.0701,724
2025-01-07 18:53:00,45.125,45.125,45.125,45.125,168
2025-01-07 19:02:00,45.13,45.18,45.13,45.13,3198
2025-01-07 19:03:00,45.1,45.1,45.1,45.1,206
2025-01-07 19:04:00,45.18,45.18,45.145,45.145,201
2025-01-07 19:10:00,45.18,45.18,45.18,45.18,499
2025-01-07 19:14:00,45.165,45.165,45.165,45.165,191
2025-01-07 19:15:00,45.165,45.165,45.165,45.165,371
2025-01-07 19:16:00,45.165,45.165,45.165,45.165,325
2025-01-07 19:18:00,45.1171,45.1171,45.1171,45.1171,401
2025-01-07 19:20:00,45.18,45.18,45.175,45.175,354
2025-01-07 19:36:00,45.1325,45.135,45.1325,45.135,372
2025-01-07 19:44:00,45.14,45.14,45.101,45.101,995
2025-01-07 19:53:00,45.08,45.08,45.06,45.06,1065
2025-01-07 19:56:00,45.06,45.06,45.06,45.06,1361
2025-01-07 19:57:00,45.08,45.08,45.06,45.06,1199
2025-01-07 19:58:00,45.06,45.06,45.06,45.06,262
2025-01-07 20:02:00,45.0,45.0,44.96,44.96,762
2025-01-07 20:03:00,44.95,44.95,44.95,44.95,105
2025-01-07 20:05:00,44.95,44.95,44.95,44.95,242
2025-01-07 20:06:00,44.94,44.94,44.94,44.94,219
2025-01-07 20:10:00,44.925,44.925,44.9,44.9,720
2025-01-07 20:11:00,44.94,44.95,44.9,44.95,1997
2025-01-07 20:12:00,44.95,44.95,44.935,44.935,440
2025-01-07 20:13:00,44.96,44.96,44.93,44.94,2369
2025-01-07 20:14:00,44.97,44.97,44.97,44.97,248
2025-01-07 20:17:00,44.92,44.95,44.92,44.95,740
2025-01-07 20:18:00,44.92,44.95,44.92,44.95,503
2025-01-07 20:19:00,44.95,44.95,44.95,44.95,250
2025-01-07 20:20:00,44.93,44.95,44.92,44.93,3616
2025-01-07 20:21:00,44.94,44.94,44.94,44.94,922
2025-01-07 20:22:00,44.925,44.925,44.89,44.905,2554
2025-01-07 20:23:00,44.92,44.93,44.91,44.93,1681
2025-01-07 20:24:00,44.94,44.94,44.91,44.93,1752
2025-01-07 20:25:00,44.93,44.94,44.91,44.94,904
2025-01-07 20:26:00,44.94,44.94,44.9001,44.9001,1034
2025-01-07 20:27:00,44.93,44.94,44.92,44.93,887
2025-01-07 20:28:00,44.94,44.95,44.86,44.86,2182
2025-01-07 20:29:00,44.84,44.92,44.84,44.86,707
2025-01-07 20:30:00,44.91,44.91,44.85,44.85,740
2025-01-07 20:33:00,44.855,44.855,44.855,44.855,115
2025-01-07 20:34:00,44.81,44.81,44.81,44.81,812
2025-01-07 20:35:00,44.79,44.795,44.78,44.78,2228
2025-01-07 20:36:00,44.8,44.82,44.8,44.82,1796
2025-01-07 20:38:00,44.82,44.82,44.8045,44.8045,451
2025-01-07 20:39:00,44.82,44.85,44.82,44.85,634
2025-01-07 20:40:00,44.865,44.91,44.81,44.91,1827
2025-01-07 20:42:00,44.89,44.89,44.89,44.89,509
2025-01-07 20:43:00,44.855,44.855,44.855,44.855,102
2025-01-07 20:44:00,44.88,44.89,44.86,44.86,555
2025-01-07 20:45:00,44.85,44.85,44.85,44.85,470
2025-01-07 20:46:00,44.88,44.92,44.88,44.91,1946
2025-01-07 20:47:00,44.904,44.925,44.904,44.925,724
2025-01-07 20:48:00,44.925,44.93,44.91,44.93,1960
2025-01-07 20:50:00,44.93,44.97,44.93,44.96,3895
2025-01-07 20:51:00,44.9749,44.9749,44.955,44.955,729
2025-01-07 20:52:00,44.94,44.96,44.91,44.95,2263
2025-01-07 20:53:00,44.95,44.96,44.95,44.96,870
2025-01-07 20:54:00,44.955,44.98,44.955,44.965,818
2025-01-07 20:55:00,44.97,44.99,44.97,44.99,1306
2025-01-07 20:56:00,44.995,44.995,44.98,44.9925,2357
2025-01-07 20:57:00,45.0,45.01,45.0,45.01,1661
2025-01-07 20:58:00,45.01,45.05,44.995,45.01,4914
2025-01-07 20:59:00,45.015,45.03,44.97,44.98,12877
2025-01-07 22:24:00,45.6065,45.6065,45.6065,45.6065,100
2025-01-08 09:22:00,45.02,45.02,45.02,45.02,100
2025-01-08 13:21:00,44.69,44.69,44.69,44.69,100
2025-01-08 14:30:00,44.92,44.92,44.92,44.92,1700
2025-01-08 14:31:00,45.01,45.01,45.01,45.01,328
2025-01-08 14:35:00,44.95,44.95,44.9,44.9,1066
2025-01-08 14:40:00,44.8,44.8,44.8,44.8,104
2025-01-08 14:45:00,44.68,44.68,44.68,44.68,110
2025-01-08 14:47:00,44.65,44.81,44.65,44.81,381
2025-01-08 14:54:00,44.6912,44.6912,44.6912,44.6912,112
2025-01-08 14:56:00,44.66,44.66,44.64,44.64,610
2025-01-08 14:59:00,44.73,44.73,44.73,44.73,521
2025-01-08 15:00:00,44.66,44.67,44.65,44.67,444
2025-01-08 15:01:00,44.68,44.68,44.67,44.67,422
2025-01-08 15:02:00,44.69,44.72,44.68,44.7,1129
2025-01-08 15:09:00,44.62,44.62,44.62,44.62,203
2025-01-08 15:10:00,44.6,44.6,44.59,44.59,1136
2025-01-08 15:12:00,44.57,44.57,44.57,44.57,414
2025-01-08 15:19:00,44.605,44.605,44.595,44.595,389
2025-01-08 15:20:00,44.585,44.585,44.58,44.58,516
2025-01-08 15:21:00,44.65,44.65,44.65,44.65,265
2025-01-08 15:23:00,44.65,44.65,44.65,44.65,115
2025-01-08 15:30:00,44.65,44.66,44.595,44.66,791
2025-01-08 15:34:00,44.69,44.69,44.69,44.69,186
2025-01-08 15:35:00,44.68,44.69,44.68,44.69,573
2025-01-08 15:39:00,44.72,44.8,44.72,44.775,1233
2025-01-08 15:41:00,44.7,44.76,44.69,44.75,1132
2025-01-08 15:45:00,44.72,44.72,44.72,44.72,582
2025-01-08 15:47:00,44.715,44.715,44.715,44.715,106
2025-01-08 15:51:00,44.78,44.78,44.78,44.78,547
2025-01-08 15:53:00,44.79,44.79,44.79,44.79,101
2025-01-08 15:55:00,44.84,44.84,44.84,44.84,508
2025-01-08 15:57:00,44.795,44.795,44.795,44.795,114
2025-01-08 16:04:00,44.75,44.75,44.75,44.75,118
2025-01-08 16:05:00,44.76,44.79,44.76,44.79,330
2025-01-08 16:07:00,44.75,44.75,44.715,44.715,650
2025-01-08 16:08:00,44.7,44.77,44.7,44.77,219
2025-01-08 16:13:00,44.79,44.79,44.725,44.78,929
2025-01-08 16:15:00,44.79,44.91,44.79,44.91,3190
2025-01-08 16:16:00,44.815,44.815,44.815,44.815,163
2025-01-08 16:19:00,44.81,44.815,44.81,44.815,458
2025-01-08 16:20:00,44.87,44.88,44.87,44.88,312
2025-01-08 16:24:00,44.81,44.82,44.81,44.82,739
2025-01-08 16:26:00,44.765,44.765,44.765,44.765,217
2025-01-08 16:27:00,44.765,44.765,44.765,44.765,288
2025-01-08 16:28:00,44.765,44.765,44.765,44.765,138
2025-01-08 16:33:00,44.76,44.76,44.76,44.76,221
2025-01-08 16:37:00,44.77,44.855,44.77,44.85,1915
2025-01-08 16:39:00,44.88,44.88,44.88,44.88,114
2025-01-08 16:40:00,44.91,44.91,44.91,44.91,158
2025-01-08 16:41:00,44.84,44.84,44.84,44.84,116
2025-01-08 16:46:00,44.88,44.88,44.88,44.88,218
2025-01-08 16:48:00,44.835,44.835,44.83,44.83,437
2025-01-08 17:01:00,44.81,44.83,44.79,44.82,1390
2025-01-08 17:02:00,44.81,44.82,44.8,44.82,863
2025-01-08 17:03:00,44.775,44.775,44.68,44.72,1301
2025-01-08 17:06:00,44.65,44.76,44.65,44.73,2553
2025-01-08 17:11:00,44.7,44.7,44.7,44.7,102
2025-01-08 17:14:00,44.65,44.72,44.65,44.72,3140
2025-01-08 17:16:00,44.66,44.66,44.65,44.65,545
2025-01-08 17:17:00,44.65,44.65,44.65,44.65,533
2025-01-08 17:20:00,44.63,44.64,44.63,44.64,624
2025-01-08 17:21:00,44.64,44.6792,44.64,44.6792,1444
2025-01-08 17:22:00,44.68,44.69,44.68,44.69,760
2025-01-08 17:23:00,44.66,44.66,44.63,44.63,329
2025-01-08 17:24:00,44.64,44.64,44.63,44.63,1728
2025-01-08 17:25:00,44.63,44.63,44.63,44.63,132
2025-01-08 17:26:00,44.65,44.65,44.65,44.65,514
2025-01-08 17:27:00,44.63,44.64,44.63,44.64,716
2025-01-08 17:28:00,44.61,44.61,44.6,44.6,441
2025-01-08 17:29:00,44.56,44.57,44.55,44.55,503
2025-01-08 17:30:00,44.55,44.55,44.55,44.55,225
2025-01-08 17:37:00,44.535,44.535,44.535,44.535,393
2025-01-08 17:39:00,44.51,44.53,44.51,44.53,663
2025-01-08 17:40:00,44.56,44.56,44.56,44.56,235
2025-01-08 17:41:00,44.56,44.57,44.55,44.57,944
2025-01-08 17:43:00,44.56,44.56,44.55,44.55,351
2025-01-08 17:45:00,44.54,44.54,44.54,44.54,194
2025-01-08 17:46:00,44.54,44.555,44.54,44.555,241
2025-01-08 17:47:00,44.57,44.59,44.57,44.59,536
2025-01-08 17:48:00,44.58,44.585,44.56,44.585,1449
2025-01-08 17:49:00,44.58,44.58,44.58,44.58,307
2025-01-08 17:50:00,44.6,44.6,44.6,44.6,330
2025-01-08 17:51:00,44.6,44.6,44.6,44.6,735
2025-01-08 17:52:00,44.62,44.62,44.62,44.62,501
2025-01-08 17:56:00,44.5391,44.5391,44.5391,44.5391,212
2025-01-08 17:58:00,44.63,44.63,44.63,44.63,177
2025-01-08 18:02:00,44.64,44.74,44.64,44.65,1132
2025-01-08 18:08:00,44.68,44.68,44.66,44.66,227
2025-01-08 18:11:00,44.72,44.76,44.69,44.725,3313
2025-01-08 18:12:00,44.75,44.76,44.75,44.76,358
2025-01-08 18:13:00,44.7632,44.78,44.76,44.76,1994
2025-01-08 18:15:00,44.78,44.78,44.78,44.78,124
2025-01-08 18:22:00,44.73,44.74,44.71,44.74,1023
2025-01-08 18:23:00,44.74,44.74,44.74,44.74,112
2025-01-08 18:24:00,44.75,44.785,44.75,44.785,1500
2025-01-08 18:25:00,44.8095,44.8095,44.8095,44.8095,212
2025-01-08 18:28:00,44.81,44.84,44.81,44.84,532
2025-01-08 18:33:00,44.76,44.775,44.75,44.77,996
2025-01-08 18:38:00,44.78,44.79,44.78,44.79,820
2025-01-08 18:41:00,44.78,44.78,44.78,44.78,112
2025-01-08 18:46:00,44.75,44.75,44.75,44.75,317
2025-01-08 18:47:00,44.75,44.77,44.75,44.75,500
2025-01-08 18:49:00,44.75,44.75,44.75,44.75,556
2025-01-08 18:50:00,44.75,44.75,44.75,44.75,201
2025-01-08 18:51:00,44.75,44.75,44.75,44.75,228
2025-01-08 18:52:00,44.75,44.75,44.71,44.73,3383
2025-01-08 18:53:00,44.735,44.75,44.71,44.75,2138
2025-01-08 18:54:00,44.73,44.73,44.71,44.73,1910
2025-01-08 18:55:00,44.73,44.73,44.73,44.73,1061
2025-01-08 18:56:00,44.7181,44.74,44.6875,44.74,1235
2025-01-08 19:01:00,44.72,44.72,44.72,44.72,116
2025-01-08 19:02:00,44.73,44.75,44.73,44.75,210
2025-01-08 19:05:00,44.76,44.77,44.76,44.77,646
2025-01-08 19:06:00,44.79,44.79,44.79,44.79,130
2025-01-08 19:07:00,44.82,44.82,44.82,44.82,116
2025-01-08 19:08:00,44.82,44.84,44.82,44.84,663
2025-01-08 19:11:00,44.835,44.835,44.835,44.835,115
2025-01-08 19:12:00,44.8,44.8,44.8,44.8,280
2025-01-08 19:16:00,44.8391,44.8391,44.8391,44.8391,656
2025-01-08 19:17:00,44.84,44.84,44.84,44.84,137
2025-01-08 19:18:00,44.84,44.84,44.835,44.835,697
2025-01-08 19:20:00,44.83,44.83,44.83,44.83,221
2025-01-08 19:21:00,44.83,44.83,44.83,44.83,278
2025-01-08 19:22:00,44.84,44.84,44.84,44.84,115
2025-01-08 19:23:00,44.88,44.9,44.8472,44.8472,1956
2025-01-08 19:28:00,44.92,44.92,44.92,44.92,124
2025-01-08 19:29:00,44.92,44.93,44.92,44.93,461
2025-01-08 19:30:00,44.91,44.93,44.88,44.89,1191
2025-01-08 19:31:00,44.93,44.93,44.905,44.905,644
2025-01-08 19:32:00,44.905,44.93,44.905,44.93,447
2025-01-08 19:33:00,44.93,44.94,44.93,44.94,641
2025-01-08 19:34:00,44.95,44.95,44.95,44.95,205
2025-01-08 19:35:00,44.94,44.94,44.94,44.94,345
2025-01-08 19:36:00,44.93,44.93,44.9,44.9,550
2025-01-08 19:37:00,44.895,44.92,44.895,44.92,602
2025-01-08 19:38:00,44.93,44.93,44.905,44.93,671
2025-01-08 19:39:00,44.91,44.91,44.86,44.88,2436
2025-01-08 19:40:00,44.88,44.91,44.88,44.9,1056
2025-01-08 19:41:00,44.85,44.88,44.835,44.835,1833
2025-01-08 19:42:00,44.88,44.88,44.835,44.835,957
2025-01-08 19:44:00,44.85,44.85,44.85,44.85,416
2025-01-08 19:45:00,44.83,44.87,44.83,44.87,452
2025-01-08 19:46:00,44.88,44.89,44.86,44.86,1173
2025-01-08 19:47:00,44.85,44.9,44.85,44.85,312
2025-01-08 19:48:00,44.83,44.86,44.83,44.8489,885
2025-01-08 19:49:00,44.87,44.88,44.85,44.88,702
2025-01-08 19:50:00,44.9,44.9,44.865,44.865,618
2025-01-08 19:51:00,44.89,44.89,44.855,44.88,519
2025-01-08 19:52:00,44.9,44.9,44.865,44.89,736
2025-01-08 19:53:00,44.91,44.91,44.87,44.89,1180
2025-01-08 19:54:00,44.87,44.89,44.87,44.89,452
2025-01-08 19:55:00,44.88,44.9,44.86,44.86,929
2025-01-08 19:57:00,44.89,44.89,44.89,44.89,302
2025-01-08 19:58:00,44.85,44.89,44.85,44.89,357
2025-01-08 19:59:00,44.89,44.89,44.89,44.89,438
2025-01-08 20:00:00,44.94,44.94,44.9,44.9,1343
2025-01-08 20:02:00,44.9,44.9,44.9,44.9,482
2025-01-08 20:03:00,44.9,44.9,44.9,44.9,301
2025-01-08 20:06:00,44.9,44.9,44.9,44.9,310
2025-01-08 20:07:00,44.9,44.9,44.9,44.9,308
2025-01-08 20:08:00,44.9,44.9,44.83,44.87,1620
2025-01-08 20:14:00,44.79,44.79,44.79,44.79,226
2025-01-08 20:15:00,44.82,44.82,44.805,44.805,405
2025-01-08 20:18:00,44.8,44.8,44.8,44.8,223
2025-01-08 20:23:00,44.8,44.8,44.8,44.8,202
2025-01-08 20:26:00,44.78,44.78,44.72,44.78,9007
2025-01-08 20:27:00,44.75,44.75,44.75,44.75,408
2025-01-08 20:28:00,44.75,44.88,44.75,44.855,5484
2025-01-08 20:29:00,44.855,44.855,44.8531,44.8531,539
2025-01-08 20:30:00,44.86,44.87,44.85,44.87,1136
2025-01-08 20:31:00,44.84,44.87,44.84,44.87,1561
2025-01-08 20:32:00,44.92,44.92,44.92,44.92,397
2025-01-08 20:33:00,44.91,44.91,44.91,44.91,457
2025-01-08 20:34:00,44.91,44.91,44.85,44.85,1272
2025-01-08 20:35:00,44.87,44.87,44.87,44.87,683
2025-01-08 20:36:00,44.905,44.91,44.905,44.91,714
2025-01-08 20:37:00,44.91,44.91,44.91,44.91,782
2025-01-08 20:38:00,44.875,44.91,44.875,44.91,700
2025-01-08 20:40:00,44.9,44.9,44.87,44.87,461
2025-01-08 20:41:00,44.9,44.9,44.9,44.9,528
2025-01-08 20:42:00,44.88,44.91,44.88,44.91,404
2025-01-08 20:43:00,44.88,44.91,44.88,44.91,721
2025-01-08 20:45:00,44.91,44.91,44.91,44.91,376
2025-01-08 20:46:00,44.885,44.885,44.885,44.885,171
2025-01-08 20:47:00,44.9022,44.9022,44.9022,44.9022,478
2025-01-08 20:48:00,44.89,44.92,44.89,44.91,1668
2025-01-08 20:50:00,44.92,44.94,44.92,44.94,3062
2025-01-08 20:51:00,44.94,44.94,44.92,44.92,1510
2025-01-08 20:54:00,44.9,44.9,44.9,44.9,540
2025-01-08 20:55:00,44.9,44.9,44.895,44.895,2016
2025-01-08 20:56:00,44.895,44.895,44.845,44.845,3828
2025-01-08 20:57:00,44.845,44.87,44.83,44.87,8186
2025-01-08 20:58:00,44.86,44.88,44.85,44.88,7544
2025-01-08 20:59:00,44.87,44.93,44.87,44.92,15675
2025-01-10 14:29:00,44.53,44.53,44.53,44.53,102
2025-01-10 14:30:00,44.54,44.54,44.52,44.52,2891
2025-01-10 14:31:00,44.2,44.2,44.2,44.2,300
2025-01-10 14:33:00,44.29,44.32,44.29,44.32,380
2025-01-10 14:34:00,44.4,44.4,44.4,44.4,200
2025-01-10 14:38:00,44.23,44.23,44.2,44.2,2341
2025-01-10 14:39:00,44.1,44.21,44.04,44.06,4600
2025-01-10 14:40:00,44.19,44.19,44.0619,44.0619,390
2025-01-10 14:41:00,44.13,44.13,44.13,44.13,185
2025-01-10 14:42:00,44.21,44.21,44.21,44.21,339
2025-01-10 14:43:00,44.27,44.28,44.27,44.28,560
2025-01-10 14:45:00,44.3,44.3,44.3,44.3,464
2025-01-10 14:46:00,44.34,44.36,44.31,44.36,1054
2025-01-10 14:47:00,44.3,44.3,44.3,44.3,4669
2025-01-10 14:49:00,44.2,44.2,44.2,44.2,2092
2025-01-10 14:50:00,44.13,44.13,44.13,44.13,378
2025-01-10 14:59:00,44.16,44.16,44.105,44.105,408
2025-01-10 15:00:00,44.095,44.095,44.0,44.01,1981
2025-01-10 15:01:00,44.0,44.0,43.98,43.99,1979
2025-01-10 15:04:00,43.95,43.95,43.95,43.95,450
2025-01-10 15:05:00,44.01,44.01,44.01,44.01,473
2025-01-10 15:06:00,43.95,43.95,43.95,43.95,478
2025-01-10 15:09:00,43.86,43.86,43.86,43.86,549
2025-01-10 15:10:00,43.89,43.89,43.89,43.89,482
2025-01-10 15:11:00,43.87,43.87,43.87,43.87,235
2025-01-10 15:12:00,43.895,43.895,43.895,43.895,197
2025-01-10 15:13:00,43.86,43.89,43.86,43.89,557
2025-01-10 15:14:00,43.9,43.94,43.9,43.94,2208
2025-01-10 15:15:00,43.95,43.95,43.95,43.95,128
2025-01-10 15:17:00,43.97,44.05,43.97,44.05,4561
2025-01-10 15:19:00,44.09,44.12,44.09,44.11,559
2025-01-10 15:20:00,44.15,44.15,44.15,44.15,119
2025-01-10 15:22:00,44.18,44.18,44.18,44.18,102
2025-01-10 15:28:00,44.21,44.21,44.21,44.21,102
2025-01-10 15:29:00,44.22,44.22,44.2,44.205,578
2025-01-10 15:30:00,44.205,44.205,44.205,44.205,124
2025-01-10 15:33:00,44.24,44.25,44.2208,44.2208,1199
2025-01-10 15:35:00,44.21,44.21,44.21,44.21,122
2025-01-10 15:36:00,44.2782,44.2782,44.2782,44.2782,1255
2025-01-10 15:37:00,44.25,44.25,44.25,44.25,102
2025-01-10 15:49:00,44.27,44.27,44.27,44.27,365
2025-01-10 15:50:00,44.21,44.21,44.21,44.21,331
2025-01-10 15:53:00,44.16,44.16,44.16,44.16,107
2025-01-10 15:56:00,44.14,44.14,44.14,44.14,111
2025-01-10 15:57:00,44.12,44.12,44.12,44.12,268
2025-01-10 15:58:00,44.1,44.14,44.1,44.14,372
2025-01-10 15:59:00,44.19,44.19,44.15,44.15,2676
2025-01-10 16:00:00,44.11,44.11,44.08,44.09,4316
2025-01-10 16:03:00,44.08,44.08,44.07,44.07,455
2025-01-10 16:04:00,44.03,44.03,44.03,44.03,252
2025-01-10 16:08:00,44.05,44.05,44.05,44.05,127
2025-01-10 16:10:00,44.05,44.05,44.05,44.05,171
2025-01-10 16:13:00,44.02,44.05,44.02,44.05,202
2025-01-10 16:14:00,44.025,44.025,44.025,44.025,363
2025-01-10 16:16:00,44.05,44.05,44.05,44.05,228
2025-01-10 16:18:00,44.02,44.02,44.02,44.02,122
2025-01-10 16:19:00,43.98,43.99,43.97,43.99,2929
2025-01-10 16:21:00,44.0,44.0,44.0,44.0,237
2025-01-10 16:24:00,44.02,44.02,44.02,44.02,589
2025-01-10 16:27:00,43.97,43.98,43.97,43.97,4043
2025-01-10 16:28:00,43.94,43.94,43.94,43.94,103
2025-01-10 16:29:00,43.92,43.92,43.92,43.92,113
2025-01-10 16:30:00,43.92,43.92,43.92,43.92,280
2025-01-10 16:31:00,43.935,43.98,43.935,43.98,913
2025-01-10 16:32:00,43.965,43.99,43.965,43.99,200
2025-01-10 16:33:00,43.97,43.97,43.97,43.97,101
2025-01-10 16:34:00,43.98,43.98,43.97,43.98,738
2025-01-10 16:37:00,43.95,43.95,43.95,43.95,2458
2025-01-10 16:38:00,43.94,43.95,43.94,43.95,709
2025-01-10 16:39:00,43.96,43.96,43.96,43.96,772
2025-01-10 16:40:00,43.98,43.98,43.98,43.98,398
2025-01-10 16:41:00,43.99,44.05,43.99,44.05,494
2025-01-10 16:45:00,44.08,44.08,44.08,44.08,122
2025-01-10 16:48:00,44.045,44.045,44.045,44.045,201
2025-01-10 16:52:00,44.0144,44.0144,44.0144,44.0144,418
2025-01-10 16:53:00,44.045,44.045,44.045,44.045,197
2025-01-10 16:54:00,44.07,44.07,44.07,44.07,113
2025-01-10 16:56:00,44.01,44.01,44.01,44.01,221
2025-01-10 16:57:00,44.01,44.01,44.01,44.01,109
2025-01-10 17:01:00,43.98,43.98,43.98,43.98,133
2025-01-10 17:02:00,43.94,43.94,43.94,43.94,283
2025-01-10 17:03:00,43.9914,43.9914,43.9914,43.9914,439
2025-01-10 17:04:00,43.93,43.99,43.93,43.98,2490
2025-01-10 17:05:00,43.98,43.98,43.98,43.98,243
2025-01-10 17:08:00,43.99,43.99,43.99,43.99,292
2025-01-10 17:11:00,44.01,44.01,44.01,44.01,484
2025-01-10 17:14:00,44.0,44.01,44.0,44.01,463
2025-01-10 17:16:00,43.98,43.98,43.965,43.98,776
2025-01-10 17:17:00,44.0,44.0,43.98,44.0,1063
2025-01-10 17:18:00,44.0,44.0,44.0,44.0,945
2025-01-10 17:22:00,43.98,43.98,43.98,43.98,982
2025-01-10 17:24:00,43.97,43.98,43.97,43.98,600
2025-01-10 17:27:00,44.01,44.01,44.01,44.01,144
2025-01-10 17:29:00,43.99,43.99,43.99,43.99,307
2025-01-10 17:30:00,44.01,44.01,44.01,44.01,237
2025-01-10 17:35:00,44.03,44.0437,44.03,44.0437,274
2025-01-10 17:41:00,44.06,44.06,44.06,44.06,111
2025-01-10 17:43:00,44.06,44.06,44.06,44.06,502
2025-01-10 17:44:00,44.07,44.07,44.07,44.07,102
2025-01-10 17:49:00,44.09,44.09,44.09,44.09,326
2025-01-10 17:51:00,44.08,44.08,44.08,44.08,101
2025-01-10 17:53:00,44.065,44.09,44.065,44.09,510
2025-01-10 17:58:00,44.09,44.12,44.09,44.12,724
2025-01-10 17:59:00,44.1183,44.12,44.1183,44.12,218
2025-01-10 18:02:00,44.12,44.12,44.12,44.12,297
2025-01-10 18:04:00,44.09,44.09,44.09,44.09,254
2025-01-10 18:05:00,44.11,44.11,44.11,44.11,216
2025-01-10 18:07:00,44.105,44.105,44.105,44.105,314
2025-01-10 18:09:00,44.12,44.12,44.12,44.12,240
2025-01-10 18:10:00,44.11,44.13,44.11,44.13,436
2025-01-10 18:12:00,44.125,44.125,44.125,44.125,123
2025-01-10 18:14:00,44.13,44.13,44.13,44.13,145
2025-01-10 18:15:00,44.12,44.12,44.1004,44.1004,1226
2025-01-10 18:16:00,44.1,44.11,44.1,44.11,1359
2025-01-10 18:19:00,44.08,44.08,44.08,44.08,547
2025-01-10 18:20:00,44.09,44.1,44.09,44.1,436
2025-01-10 18:23:00,44.16,44.17,44.16,44.17,963
2025-01-10 18:24:00,44.17,44.2,44.17,44.2,879
2025-01-10 18:27:00,44.22,44.23,44.21,44.21,1144
2025-01-10 18:28:00,44.23,44.24,44.22,44.24,1993
2025-01-10 18:29:00,44.21,44.21,44.21,44.21,556
2025-01-10 18:30:00,44.16,44.16,44.145,44.145,363
2025-01-10 18:33:00,44.16,44.1656,44.16,44.1656,556
2025-01-10 18:37:00,44.21,44.21,44.21,44.21,713
2025-01-10 18:39:00,44.215,44.215,44.215,44.215,235
2025-01-10 18:40:00,44.23,44.23,44.23,44.23,319
2025-01-10 18:42:00,44.24,44.24,44.225,44.24,487
2025-01-10 18:44:00,44.25,44.25,44.25,44.25,127
2025-01-10 18:45:00,44.24,44.28,44.24,44.28,2057
2025-01-10 18:47:00,44.22,44.22,44.22,44.22,737
2025-01-10 18:49:00,44.23,44.23,44.21,44.23,904
2025-01-10 18:53:00,44.22,44.22,44.22,44.22,229
2025-01-10 18:54:00,44.24,44.24,44.24,44.24,102
2025-01-10 18:57:00,44.27,44.27,44.27,44.27,503
2025-01-10 19:01:00,44.27,44.285,44.27,44.285,659
2025-01-10 19:03:00,44.26,44.26,44.26,44.26,503
2025-01-10 19:05:00,44.18,44.18,44.16,44.16,547
2025-01-10 19:07:00,44.15,44.15,44.15,44.15,106
2025-01-10 19:15:00,44.1274,44.162,44.1274,44.162,337
2025-01-10 19:16:00,44.16,44.19,44.16,44.19,853
2025-01-10 19:17:00,44.1684,44.18,44.1684,44.18,310
2025-01-10 19:20:00,44.16,44.165,44.16,44.165,2246
2025-01-10 19:21:00,44.2,44.2,44.175,44.175,3441
2025-01-10 19:24:00,44.18,44.21,44.18,44.19,1013
2025-01-10 19:25:00,44.19,44.25,44.19,44.24,1133
2025-01-10 19:26:00,44.24,44.29,44.24,44.29,867
2025-01-10 19:27:00,44.29,44.29,44.29,44.29,335
2025-01-10 19:28:00,44.31,44.31,44.29,44.3,767
2025-01-10 19:29:00,44.27,44.3,44.27,44.27,1805
2025-01-10 19:30:00,44.28,44.28,44.27,44.27,1209
2025-01-10 19:34:00,44.26,44.26,44.245,44.245,6695
2025-01-10 19:35:00,44.245,44.245,44.245,44.245,227
2025-01-10 19:37:00,44.25,44.25,44.25,44.25,272
2025-01-10 19:41:00,44.28,44.28,44.28,44.28,477
2025-01-10 19:42:00,44.23,44.23,44.23,44.23,244
2025-01-10 19:45:00,44.255,44.255,44.2,44.2,1189
2025-01-10 19:49:00,44.15,44.15,44.15,44.15,287
2025-01-10 19:50:00,44.155,44.155,44.155,44.155,127
2025-01-10 19:51:00,44.175,44.175,44.15,44.15,382
2025-01-10 19:52:00,44.15,44.15,44.15,44.15,171
2025-01-10 19:56:00,44.15,44.15,44.15,44.15,439
2025-01-10 19:57:00,44.1542,44.1542,44.1542,44.1542,696
2025-01-10 20:00:00,44.12,44.12,44.12,44.12,377
2025-01-10 20:04:00,44.125,44.125,44.125,44.125,142
2025-01-10 20:11:00,44.09,44.09,44.09,44.09,192
2025-01-10 20:12:00,44.06,44.06,44.06,44.06,472
2025-01-10 20:14:00,44.03,44.04,44.03,44.04,834
2025-01-10 20:15:00,44.05,44.06,44.05,44.06,947
2025-01-10 20:17:00,44.0,44.0,44.0,44.0,788
2025-01-10 20:18:00,44.01,44.01,44.01,44.01,560
2025-01-10 20:22:00,44.03,44.03,44.03,44.03,430
2025-01-10 20:25:00,44.025,44.025,44.025,44.025,1680
2025-01-10 20:26:00,44.0005,44.0005,44.0005,44.0005,663
2025-01-10 20:27:00,44.0,44.0,43.98,43.98,720
2025-01-10 20:29:00,43.97,43.97,43.97,43.97,514
2025-01-10 20:30:00,44.0,44.01,44.0,44.01,637
2025-01-10 20:31:00,43.98,43.98,43.98,43.98,1042
2025-01-10 20:32:00,43.955,43.955,43.94,43.94,380
2025-01-10 20:35:00,43.97,44.01,43.97,44.01,1015
2025-01-10 20:36:00,43.985,43.985,43.985,43.985,260
2025-01-10 20:38:00,44.035,44.035,44.035,44.035,521
2025-01-10 20:39:00,44.0348,44.0348,44.03,44.03,535
2025-01-10 20:40:00,44.02,44.02,44.0,44.02,842
2025-01-10 20:41:00,44.04,44.05,44.03,44.03,471
2025-01-10 20:42:00,44.01,44.01,43.99,44.01,1543
2025-01-10 20:43:00,44.03,44.04,43.98,43.98,955
2025-01-10 20:44:00,44.06,44.06,44.06,44.06,327
2025-01-10 20:45:00,44.06,44.06,44.01,44.02,1332
2025-01-10 20:46:00,44.02,44.03,44.02,44.03,915
2025-01-10 20:48:00,44.02,44.02,44.02,44.02,821
2025-01-10 20:50:00,44.01,44.01,43.97,43.97,2724
2025-01-10 20:51:00,44.05,44.05,44.02,44.02,2618
2025-01-10 20:52:00,44.025,44.037,44.025,44.037,976
2025-01-10 20:53:00,44.04,44.04,44.0399,44.0399,1487
2025-01-10 20:55:00,44.04,44.07,44.03,44.0612,3771
2025-01-10 20:56:00,44.08,44.09,44.08,44.08,1066
2025-01-10 20:57:00,44.07,44.08,44.06,44.08,4193
2025-01-10 20:58:00,44.085,44.085,44.07,44.08,1156
2025-01-10 20:59:00,44.09,44.12,44.05,44.09,11875
2025-01-13 09:00:00,44.0,44.0,44.0,44.0,159
2025-01-13 13:00:00,43.82,43.82,43.82,43.82,107
2025-01-13 14:30:00,43.65,43.65,43.65,43.65,7007
2025-01-13 14:33:00,43.8,43.8,43.78,43.78,926
2025-01-13 14:35:00,43.8,43.8,43.8,43.8,1503
2025-01-13 14:40:00,43.75,43.75,43.75,43.75,1397
2025-01-13 14:41:00,43.745,43.745,43.745,43.745,182
2025-01-13 14:42:00,43.74,43.75,43.73,43.75,522
2025-01-13 14:43:00,43.71,43.71,43.655,43.655,334
2025-01-13 14:45:00,43.765,43.765,43.765,43.765,201
2025-01-13 14:47:00,43.765,43.765,43.765,43.765,331
2025-01-13 14:48:00,43.765,43.765,43.765,43.765,310
2025-01-13 14:50:00,43.765,43.765,43.765,43.765,100
2025-01-13 14:51:00,43.9,43.95,43.9,43.94,3127
2025-01-13 14:54:00,43.8633,43.8633,43.8633,43.8633,404
2025-01-13 14:55:00,43.95,43.95,43.95,43.95,139
2025-01-13 14:56:00,43.99,43.99,43.99,43.99,340
2025-01-13 14:57:00,43.985,43.985,43.985,43.985,197
2025-01-13 14:58:00,44.065,44.065,44.065,44.065,101
2025-01-13 15:00:00,43.985,43.985,43.985,43.985,405
2025-01-13 15:01:00,43.91,43.925,43.9,43.9,1697
2025-01-13 15:02:00,43.96,43.96,43.96,43.96,263
2025-01-13 15:06:00,43.88,43.885,43.88,43.885,263
2025-01-13 15:07:00,43.96,44.02,43.9243,43.9243,552
2025-01-13 15:15:00,43.93,43.94,43.92,43.93,1236
2025-01-13 15:16:00,43.94,43.96,43.94,43.96,267
2025-01-13 15:17:00,43.955,44.0,43.955,43.98,402
2025-01-13 15:18:00,43.945,43.945,43.945,43.945,133
2025-01-13 15:19:00,43.95,43.95,43.95,43.95,101
2025-01-13 15:20:00,44.02,44.07,44.02,44.07,670
2025-01-13 15:22:00,44.02,44.02,44.02,44.02,187
2025-01-13 15:24:00,43.98,43.98,43.94,43.94,651
2025-01-13 15:25:00,43.93,43.93,43.93,43.93,401
2025-01-13 15:26:00,43.915,43.94,43.91,43.92,1313
2025-01-13 15:27:00,43.94,43.94,43.925,43.925,285
2025-01-13 15:29:00,43.895,43.895,43.895,43.895,113
2025-01-13 15:31:00,43.96,43.96,43.96,43.96,351
2025-01-13 15:32:00,43.9,43.9,43.9,43.9,267
2025-01-13 15:33:00,44.01,44.01,44.01,44.01,288
2025-01-13 15:35:00,43.96,43.96,43.96,43.96,104
2025-01-13 15:36:00,44.07,44.09,44.02,44.09,700
2025-01-13 15:37:00,44.09,44.09,44.09,44.09,232
2025-01-13 15:42:00,44.115,44.115,44.115,44.115,122
2025-01-13 15:45:00,44.115,44.115,44.115,44.115,101
2025-01-13 15:46:00,44.16,44.16,44.16,44.16,203
2025-01-13 15:49:00,44.0656,44.115,44.0656,44.115,260
2025-01-13 15:50:00,44.115,44.115,44.115,44.115,210
2025-01-13 15:53:00,44.13,44.13,44.13,44.13,186
2025-01-13 16:00:00,44.11,44.11,44.11,44.11,248
2025-01-13 16:03:00,44.11,44.11,44.11,44.11,117
2025-01-13 16:04:00,44.05,44.06,44.03,44.03,635
2025-01-13 16:05:00,44.03,44.03,44.03,44.03,125
2025-01-13 16:06:00,44.015,44.015,44.015,44.015,108
2025-01-13 16:08:00,44.01,44.01,44.01,44.01,103
2025-01-13 16:10:00,44.01,44.01,44.01,44.01,101
2025-01-13 16:11:00,44.065,44.13,44.065,44.13,968
2025-01-13 16:13:00,44.04,44.04,44.04,44.04,201
2025-01-13 16:14:00,44.06,44.09,44.06,44.09,526
2025-01-13 16:17:00,44.04,44.04,44.04,44.04,416
2025-01-13 16:18:00,44.07,44.08,44.065,44.08,696
2025-01-13 16:20:00,44.04,44.04,44.04,44.04,105
2025-01-13 16:21:00,44.05,44.05,44.05,44.05,129
2025-01-13 16:22:00,44.08,44.09,44.08,44.09,576
2025-01-13 16:26:00,44.13,44.13,44.13,44.13,432
2025-01-13 16:28:00,44.08,44.08,44.08,44.08,219
2025-01-13 16:32:00,44.12,44.12,44.12,44.12,112
2025-01-13 16:34:00,44.12,44.12,44.11,44.11,314
2025-01-13 16:37:00,44.095,44.095,44.0875,44.0875,752
2025-01-13 16:39:00,44.06,44.06,44.06,44.06,292
2025-01-13 16:40:00,44.1,44.1,44.1,44.1,330
2025-01-13 16:41:00,44.1,44.1,44.1,44.1,310
2025-01-13 16:47:00,44.0368,44.155,44.0368,44.155,596
2025-01-13 16:50:00,44.075,44.075,44.075,44.075,430
2025-01-13 16:55:00,44.055,44.055,44.055,44.055,134
2025-01-13 16:56:00,44.07,44.07,44.02,44.045,1006
2025-01-13 16:57:00,44.06,44.06,44.06,44.06,228
2025-01-13 16:58:00,44.04,44.04,44.02,44.0236,3420
2025-01-13 16:59:00,44.02,44.045,44.02,44.02,1411
2025-01-13 17:00:00,44.03,44.03,44.02,44.02,646
2025-01-13 17:01:00,44.015,44.015,44.0,44.0,627
2025-01-13 17:02:00,44.04,44.05,44.04,44.05,294
2025-01-13 17:07:00,44.04,44.1,44.04,44.1,3395
2025-01-13 17:08:00,44.095,44.095,44.0501,44.0501,389
2025-01-13 17:09:00,44.14,44.14,44.14,44.14,207
2025-01-13 17:10:00,44.14,44.14,44.14,44.14,518
2025-01-13 17:11:00,44.14,44.14,44.14,44.14,1066
2025-01-13 17:12:00,44.14,44.14,44.14,44.14,277
2025-01-13 17:13:00,44.14,44.14,44.14,44.14,150
2025-01-13 17:14:00,44.14,44.14,44.13,44.13,210
2025-01-13 17:15:00,44.14,44.19,44.14,44.155,2742
2025-01-13 17:16:00,44.23,44.23,44.23,44.23,446
2025-01-13 17:17:00,44.24,44.24,44.24,44.24,203
2025-01-13 17:18:00,44.24,44.24,44.24,44.24,536
2025-01-13 17:21:00,44.25,44.275,44.25,44.275,351
2025-01-13 17:22:00,44.24,44.255,44.24,44.255,314
2025-01-13 17:23:00,44.27,44.27,44.2276,44.245,2033
2025-01-13 17:24:00,44.245,44.25,44.21,44.22,3909
2025-01-13 17:27:00,44.23,44.27,44.23,44.27,722
2025-01-13 17:30:00,44.2397,44.24,44.1901,44.24,1597
2025-01-13 17:31:00,44.25,44.25,44.25,44.25,102
2025-01-13 17:32:00,44.27,44.27,44.27,44.27,145
2025-01-13 17:36:00,44.26,44.26,44.26,44.26,113
2025-01-13 17:38:00,44.2,44.225,44.2,44.225,311
2025-01-13 17:41:00,44.23,44.23,44.23,44.23,137
2025-01-13 17:42:00,44.22,44.22,44.22,44.22,100
2025-01-13 17:45:00,44.22,44.22,44.19,44.22,400
2025-01-13 17:47:00,44.22,44.22,44.1902,44.1902,508
2025-01-13 17:48:00,44.25,44.25,44.25,44.25,158
2025-01-13 17:49:00,44.23,44.23,44.22,44.23,1360
2025-01-13 17:51:00,44.225,44.225,44.225,44.225,405
2025-01-13 17:52:00,44.225,44.225,44.225,44.225,163
2025-01-13 17:53:00,44.2,44.2,44.2,44.2,255
2025-01-13 17:54:00,44.2,44.2,44.2,44.2,230
2025-01-13 17:58:00,44.26,44.26,44.24,44.24,1031
2025-01-13 17:59:00,44.2,44.2,44.2,44.2,195
2025-01-13 18:04:00,44.26,44.26,44.26,44.26,100
2025-01-13 18:06:00,44.25,44.25,44.25,44.25,313
2025-01-13 18:08:00,44.27,44.28,44.27,44.27,649
2025-01-13 18:11:00,44.3,44.31,44.3,44.31,248
2025-01-13 18:18:00,44.295,44.295,44.295,44.295,108
2025-01-13 18:21:00,44.33,44.33,44.33,44.33,493
2025-01-13 18:23:00,44.29,44.29,44.29,44.29,101
2025-01-13 18:24:00,44.305,44.33,44.305,44.33,355
2025-01-13 18:25:00,44.3591,44.3591,44.3591,44.3591,236
2025-01-13 18:28:00,44.34,44.34,44.315,44.315,533
2025-01-13 18:30:00,44.33,44.37,44.33,44.35,898
2025-01-13 18:32:00,44.36,44.39,44.36,44.39,749
2025-01-13 18:37:00,44.36,44.37,44.36,44.36,1393
2025-01-13 18:38:00,44.35,44.35,44.35,44.35,424
2025-01-13 18:39:00,44.39,44.39,44.39,44.39,105
2025-01-13 18:44:00,44.35,44.35,44.35,44.35,397
2025-01-13 18:45:00,44.32,44.32,44.32,44.32,137
2025-01-13 18:47:00,44.32,44.32,44.32,44.32,283
2025-01-13 18:59:00,44.32,44.32,44.32,44.32,206
2025-01-13 19:02:00,44.32,44.32,44.295,44.295,663
2025-01-13 19:03:00,44.3,44.3,44.25,44.29,835
2025-01-13 19:06:00,44.265,44.265,44.265,44.265,116
2025-01-13 19:08:00,44.265,44.265,44.265,44.265,240
2025-01-13 19:09:00,44.31,44.31,44.31,44.31,320
2025-01-13 19:21:00,44.275,44.275,44.275,44.275,101
2025-01-13 19:22:00,44.26,44.26,44.26,44.26,165
2025-01-13 19:23:00,44.32,44.32,44.25,44.25,1371
2025-01-13 19:26:00,44.31,44.32,44.3,44.3,1331
2025-01-13 19:29:00,44.31,44.37,44.3,44.37,2640
2025-01-13 19:31:00,44.34,44.34,44.34,44.34,192
2025-01-13 19:33:00,44.34,44.36,44.34,44.36,835
2025-01-13 19:34:00,44.34,44.34,44.34,44.34,444
2025-01-13 19:36:00,44.34,44.345,44.34,44.345,441
2025-01-13 19:40:00,44.355,44.355,44.355,44.355,478
2025-01-13 19:41:00,44.355,44.41,44.355,44.41,832
2025-01-13 19:44:00,44.4,44.4,44.4,44.4,408
2025-01-13 19:46:00,44.33,44.37,44.3,44.31,4423
2025-01-13 19:48:00,44.3,44.3,44.27,44.27,805
2025-01-13 19:52:00,44.235,44.235,44.235,44.235,143
2025-01-13 19:54:00,44.26,44.26,44.26,44.26,276
2025-01-13 19:58:00,44.295,44.295,44.295,44.295,372
2025-01-13 20:00:00,44.296,44.296,44.255,44.27,2124
2025-01-13 20:02:00,44.29,44.31,44.27,44.275,3381
2025-01-13 20:03:00,44.275,44.275,44.275,44.275,343
2025-01-13 20:05:00,44.3,44.31,44.3,44.31,671
2025-01-13 20:09:00,44.29,44.29,44.29,44.29,137
2025-01-13 20:14:00,44.29,44.29,44.285,44.285,576
2025-01-13 20:19:00,44.31,44.31,44.3,44.3,796
2025-01-13 20:20:00,44.2783,44.3,44.2783,44.3,1011
2025-01-13 20:21:00,44.2951,44.2995,44.275,44.2995,624
2025-01-13 20:22:00,44.25,44.25,44.25,44.25,330
2025-01-13 20:23:00,44.274,44.274,44.274,44.274,143
2025-01-13 20:24:00,44.275,44.275,44.275,44.275,291
2025-01-13 20:26:00,44.27,44.27,44.24,44.24,1011
2025-01-13 20:30:00,44.21,44.25,44.21,44.21,3270
2025-01-13 20:33:00,44.23,44.23,44.23,44.23,436
2025-01-13 20:35:00,44.21,44.21,44.21,44.21,1233
2025-01-13 20:36:00,44.25,44.25,44.25,44.25,537
2025-01-13 20:37:00,44.23,44.23,44.23,44.23,122
2025-01-13 20:38:00,44.24,44.24,44.24,44.24,298
2025-01-13 20:39:00,44.23,44.23,44.21,44.21,1246
2025-01-13 20:40:00,44.24,44.25,44.235,44.235,918
2025-01-13 20:41:00,44.25,44.25,44.225,44.225,311
2025-01-13 20:42:00,44.215,44.23,44.215,44.225,1825
2025-01-13 20:44:00,44.21,44.21,44.21,44.21,727
2025-01-13 20:45:00,44.24,44.25,44.22,44.235,2063
2025-01-13 20:46:00,44.23,44.24,44.225,44.225,909
2025-01-13 20:48:00,44.23,44.23,44.23,44.23,789
2025-01-13 20:49:00,44.25,44.25,44.24,44.24,1112
2025-01-13 20:50:00,44.28,44.3,44.27,44.27,2201
2025-01-13 20:51:00,44.29,44.31,44.28,44.3,5006
2025-01-13 20:52:00,44.28,44.33,44.28,44.325,3119
2025-01-13 20:53:00,44.34,44.35,44.33,44.34,1185
2025-01-13 20:54:00,44.34,44.36,44.34,44.36,520
2025-01-13 20:55:00,44.35,44.37,44.34,44.355,2150
2025-01-13 20:56:00,44.37,44.4,44.37,44.38,1193
2025-01-13 20:57:00,44.41,44.41,44.39,44.41,972
2025-01-13 20:58:00,44.39,44.41,44.39,44.41,1434
2025-01-13 20:59:00,44.41,44.43,44.39,44.405,6043
2025-01-13 21:00:00,44.42,44.42,44.42,44.42,240
2025-01-14 00:36:00,44.75,44.75,44.75,44.75,150
2025-01-14 12:01:00,44.04,44.04,44.04,44.04,303
2025-01-14 13:25:00,44.41,44.42,44.41,44.42,474
2025-01-14 14:30:00,44.83,44.83,44.7157,44.7157,1432
2025-01-14 14:32:00,44.83,44.83,44.83,44.83,103
2025-01-14 14:36:00,44.75,44.75,44.75,44.75,219
2025-01-14 14:37:00,44.7,44.74,44.7,44.74,2458
2025-01-14 14:40:00,44.81,44.81,44.81,44.81,256
2025-01-14 14:43:00,44.76,44.76,44.76,44.76,105
2025-01-14 14:47:00,44.75,44.76,44.68,44.6825,3065
2025-01-14 14:51:00,44.68,44.68,44.68,44.68,553
2025-01-14 14:53:00,44.61,44.61,44.58,44.58,1950
2025-01-14 14:54:00,44.56,44.56,44.56,44.56,421
2025-01-14 14:55:00,44.58,44.61,44.55,44.55,1398
2025-01-14 14:57:00,44.55,44.55,44.55,44.55,318
2025-01-14 14:58:00,44.56,44.56,44.54,44.54,502
2025-01-14 15:00:00,44.58,44.59,44.58,44.59,1566
2025-01-14 15:01:00,44.63,44.63,44.63,44.63,245
2025-01-14 15:02:00,44.63,44.63,44.62,44.62,316
2025-01-14 15:03:00,44.63,44.63,44.63,44.63,210
2025-01-14 15:04:00,44.67,44.695,44.67,44.695,284
2025-01-14 15:08:00,44.74,44.77,44.74,44.77,229
2025-01-14 15:12:00,44.76,44.76,44.76,44.76,121
2025-01-14 15:19:00,44.76,44.76,44.7,44.7,1580
2025-01-14 15:21:00,44.72,44.72,44.66,44.66,324
2025-01-14 15:23:00,44.675,44.675,44.65,44.65,559
2025-01-14 15:26:00,44.68,44.68,44.68,44.68,788
2025-01-14 15:34:00,44.73,44.73,44.68,44.68,1688
2025-01-14 15:40:00,44.68,44.68,44.68,44.68,445
2025-01-14 15:41:00,44.7,44.71,44.7,44.71,480
2025-01-14 15:43:00,44.71,44.71,44.71,44.71,183
2025-01-14 15:55:00,44.65,44.65,44.65,44.65,1019
2025-01-14 16:00:00,44.61,44.61,44.61,44.61,660
2025-01-14 16:01:00,44.57,44.6,44.55,44.57,3545
2025-01-14 16:02:00,44.52,44.52,44.52,44.52,928
2025-01-14 16:04:00,44.47,44.48,44.43,44.43,1091
2025-01-14 16:09:00,44.511,44.511,44.511,44.511,314
2025-01-14 16:11:00,44.48,44.53,44.48,44.52,723
2025-01-14 16:15:00,44.475,44.54,44.475,44.53,1209
2025-01-14 16:16:00,44.51,44.54,44.51,44.54,1323
2025-01-14 16:17:00,44.555,44.555,44.555,44.555,248
2025-01-14 16:18:00,44.555,44.555,44.515,44.515,1421
2025-01-14 16:19:00,44.535,44.535,44.535,44.535,131
2025-01-14 16:20:00,44.52,44.53,44.52,44.53,336
2025-01-14 16:21:00,44.55,44.55,44.51,44.53,2546
2025-01-14 16:22:00,44.51,44.51,44.51,44.51,101
2025-01-14 16:23:00,44.53,44.535,44.5054,44.5054,1511
2025-01-14 16:25:00,44.5621,44.58,44.5452,44.5452,1693
2025-01-14 16:26:00,44.61,44.66,44.61,44.66,1525
2025-01-14 16:28:00,44.67,44.69,44.62,44.655,2361
2025-01-14 16:29:00,44.62,44.655,44.62,44.62,1293
2025-01-14 16:30:00,44.58,44.58,44.58,44.58,628
2025-01-14 16:31:00,44.605,44.605,44.605,44.605,101
2025-01-14 16:32:00,44.605,44.605,44.58,44.58,569
2025-01-14 16:34:00,44.585,44.585,44.585,44.585,385
2025-01-14 16:36:00,44.56,44.59,44.56,44.57,891
2025-01-14 16:37:00,44.6,44.6,44.6,44.6,143
2025-01-14 16:38:00,44.6,44.6,44.56,44.57,1017
2025-01-14 16:39:00,44.53,44.53,44.53,44.53,101
2025-01-14 16:40:00,44.56,44.57,44.56,44.56,419
2025-01-14 16:41:00,44.565,44.565,44.5,44.545,1184
2025-01-14 16:42:00,44.5,44.51,44.5,44.51,529
2025-01-14 16:46:00,44.53,44.53,44.485,44.485,1251
2025-01-14 16:47:00,44.53,44.53,44.495,44.495,914
2025-01-14 16:48:00,44.525,44.53,44.48,44.48,911
2025-01-14 16:49:00,44.53,44.53,44.4765,44.5,1111
2025-01-14 16:50:00,44.485,44.485,44.485,44.485,233
2025-01-14 16:51:00,44.46,44.52,44.46,44.49,766
2025-01-14 16:53:00,44.49,44.49,44.49,44.49,250
2025-01-14 16:54:00,44.51,44.51,44.48,44.48,616
2025-01-14 16:55:00,44.465,44.465,44.465,44.465,102
2025-01-14 17:00:00,44.38,44.38,44.38,44.38,597
2025-01-14 17:01:00,44.41,44.41,44.41,44.41,128
2025-01-14 17:02:00,44.38,44.38,44.325,44.325,6765
2025-01-14 17:05:00,44.33,44.33,44.325,44.325,206
2025-01-14 17:16:00,44.3495,44.4,44.3495,44.38,2611
2025-01-14 17:19:00,44.37,44.37,44.37,44.37,510
2025-01-14 17:21:00,44.33,44.33,44.33,44.33,232
2025-01-14 17:28:00,44.37,44.385,44.35,44.385,1373
2025-01-14 17:29:00,44.395,44.4,44.395,44.4,375
2025-01-14 17:30:00,44.36,44.36,44.36,44.36,689
2025-01-14 17:32:00,44.35,44.35,44.35,44.35,1106
2025-01-14 17:34:00,44.3,44.3,44.3,44.3,500
2025-01-14 17:37:00,44.36,44.36,44.36,44.36,199
2025-01-14 17:39:00,44.36,44.36,44.36,44.36,409
2025-01-14 17:41:00,44.31,44.345,44.31,44.345,214
2025-01-14 17:42:00,44.38,44.38,44.38,44.38,101
2025-01-14 17:43:00,44.38,44.38,44.375,44.38,1484
2025-01-14 17:45:00,44.38,44.39,44.38,44.38,592
2025-01-14 17:47:00,44.37,44.37,44.37,44.37,566
2025-01-14 17:50:00,44.38,44.38,44.38,44.38,101
2025-01-14 17:53:00,44.37,44.37,44.37,44.37,101
2025-01-14 17:54:00,44.38,44.38,44.38,44.38,744
2025-01-14 17:56:00,44.29,44.29,44.29,44.29,163
2025-01-14 18:04:00,44.38,44.38,44.38,44.38,293
2025-01-14 18:08:00,44.41,44.41,44.41,44.41,131
2025-01-14 18:11:00,44.4255,44.4255,44.4255,44.4255,310
2025-01-14 18:14:00,44.405,44.405,44.405,44.405,100
2025-01-14 18:16:00,44.445,44.47,44.4,44.445,1849
2025-01-14 18:23:00,44.42,44.47,44.42,44.47,1655
2025-01-14 18:26:00,44.48,44.48,44.48,44.48,595
2025-01-14 18:27:00,44.485,44.485,44.485,44.485,100
2025-01-14 18:28:00,44.51,44.51,44.51,44.51,374
2025-01-14 18:31:00,44.515,44.53,44.515,44.515,1490
2025-01-14 18:32:00,44.515,44.515,44.515,44.515,210
2025-01-14 18:33:00,44.5001,44.5001,44.5001,44.5001,103
2025-01-14 18:34:00,44.5,44.5,44.5,44.5,115
2025-01-14 18:35:00,44.53,44.53,44.515,44.515,1337
2025-01-14 18:36:00,44.53,44.53,44.53,44.53,196
2025-01-14 18:38:00,44.54,44.54,44.54,44.54,100
2025-01-14 18:40:00,44.6,44.6,44.575,44.575,908
2025-01-14 18:42:00,44.6,44.61,44.6,44.61,1043
2025-01-14 18:43:00,44.64,44.65,44.615,44.615,1054
2025-01-14 18:46:00,44.64,44.65,44.625,44.625,1130
2025-01-14 18:47:00,44.625,44.6888,44.625,44.6888,1855
2025-01-14 18:48:00,44.66,44.66,44.66,44.66,529
2025-01-14 18:52:00,44.69,44.69,44.67,44.67,811
2025-01-14 18:53:00,44.65,44.65,44.64,44.64,439
2025-01-14 18:56:00,44.68,44.69,44.65,44.65,3485
2025-01-14 18:59:00,44.62,44.62,44.62,44.62,328
2025-01-14 19:00:00,44.62,44.62,44.62,44.62,1461
2025-01-14 19:01:00,44.6,44.6,44.6,44.6,155
2025-01-14 19:02:00,44.62,44.63,44.61,44.63,1072
2025-01-14 19:04:00,44.6,44.6,44.6,44.6,105
2025-01-14 19:06:00,44.6051,44.6051,44.6051,44.6051,904
2025-01-14 19:07:00,44.61,44.61,44.61,44.61,298
2025-01-14 19:08:00,44.62,44.62,44.6,44.6,484
2025-01-14 19:09:00,44.63,44.63,44.63,44.63,105
2025-01-14 19:12:00,44.58,44.58,44.58,44.58,100
2025-01-14 19:13:00,44.58,44.59,44.58,44.59,1255
2025-01-14 19:14:00,44.585,44.585,44.58,44.58,858
2025-01-14 19:18:00,44.61,44.65,44.6,44.63,2270
2025-01-14 19:21:00,44.635,44.6497,44.635,44.6497,1147
2025-01-14 19:22:00,44.65,44.65,44.635,44.635,306
2025-01-14 19:26:00,44.6242,44.6242,44.6242,44.6242,196
2025-01-14 19:27:00,44.62,44.62,44.59,44.59,690
2025-01-14 19:29:00,44.6101,44.6101,44.6101,44.6101,122
2025-01-14 19:31:00,44.61,44.62,44.61,44.62,833
2025-01-14 19:33:00,44.61,44.61,44.61,44.61,491
2025-01-14 19:36:00,44.63,44.65,44.61,44.64,2611
2025-01-14 19:40:00,44.58,44.58,44.58,44.58,308
2025-01-14 19:45:00,44.6399,44.6399,44.6399,44.6399,132
2025-01-14 19:46:00,44.6,44.63,44.6,44.63,1466
2025-01-14 19:49:00,44.62,44.62,44.62,44.62,101
2025-01-14 19:51:00,44.59,44.59,44.565,44.565,705
2025-01-14 19:52:00,44.53,44.53,44.53,44.53,175
2025-01-14 19:53:00,44.5,44.5,44.5,44.5,104
2025-01-14 19:55:00,44.5,44.5,44.5,44.5,117
2025-01-14 19:56:00,44.52,44.54,44.48,44.48,2146
2025-01-14 19:57:00,44.4551,44.4551,44.4551,44.4551,373
2025-01-14 19:58:00,44.45,44.45,44.45,44.45,524
2025-01-14 19:59:00,44.47,44.48,44.44,44.44,7274
2025-01-14 20:00:00,44.44,44.45,44.44,44.45,275
2025-01-14 20:02:00,44.4,44.4,44.37,44.38,2414
2025-01-14 20:03:00,44.38,44.38,44.38,44.38,529
2025-01-14 20:04:00,44.35,44.36,44.34,44.36,2287
2025-01-14 20:05:00,44.365,44.365,44.365,44.365,238
2025-01-14 20:06:00,44.38,44.38,44.38,44.38,114
2025-01-14 20:07:00,44.35,44.36,44.34,44.36,1774
2025-01-14 20:08:00,44.375,44.375,44.375,44.375,409
2025-01-14 20:13:00,44.375,44.375,44.375,44.375,134
2025-01-14 20:14:00,44.38,44.38,44.38,44.38,273
2025-01-14 20:15:00,44.395,44.395,44.395,44.395,639
2025-01-14 20:16:00,44.395,44.395,44.37,44.37,656
2025-01-14 20:17:00,44.395,44.405,44.395,44.4,1070
2025-01-14 20:22:00,44.415,44.415,44.415,44.415,112
2025-01-14 20:23:00,44.42,44.42,44.42,44.42,200
2025-01-14 20:24:00,44.46,44.46,44.46,44.46,249
2025-01-14 20:27:00,44.47,44.49,44.47,44.47,1354
2025-01-14 20:28:00,44.495,44.495,44.495,44.495,189
2025-01-14 20:30:00,44.5,44.505,44.5,44.505,677
2025-01-14 20:33:00,44.485,44.485,44.47,44.47,1259
2025-01-14 20:36:00,44.4401,44.48,44.4401,44.48,1043
2025-01-14 20:38:00,44.46,44.46,44.45,44.45,751
2025-01-14 20:40:00,44.42,44.42,44.42,44.42,932
2025-01-14 20:41:00,44.44,44.445,44.44,44.44,880
2025-01-14 20:42:00,44.44,44.44,44.44,44.44,127
2025-01-14 20:44:00,44.435,44.45,44.435,44.45,263
2025-01-14 20:46:00,44.45,44.45,44.45,44.45,119
2025-01-14 20:47:00,44.47,44.47,44.47,44.47,959
2025-01-14 20:50:00,44.5,44.5,44.5,44.5,730
2025-01-14 20:51:00,44.52,44.52,44.52,44.52,622
2025-01-14 20:53:00,44.536,44.536,44.536,44.536,216
2025-01-14 20:54:00,44.5008,44.525,44.5008,44.525,293
2025-01-14 20:55:00,44.55,44.56,44.545,44.56,959
2025-01-14 20:57:00,44.54,44.56,44.54,44.56,1186
2025-01-14 20:58:00,44.56,44.59,44.56,44.58,2488
2025-01-14 20:59:00,44.58,44.585,44.54,44.58,5772
2025-01-15 10:55:00,44.48,44.48,44.48,44.48,100
2025-01-15 13:00:00,44.0356,44.0356,44.0356,44.0356,294
2025-01-15 14:30:00,45.0,45.33,45.0,45.33,4005
2025-01-15 14:33:00,45.14,45.14,45.14,45.14,144
2025-01-15 14:34:00,45.14,45.14,45.14,45.14,334
2025-01-15 14:35:00,44.8,44.8,44.8,44.8,190
2025-01-15 14:37:00,44.81,44.81,44.81,44.81,100
2025-01-15 14:39:00,44.81,44.81,44.81,44.81,100
2025-01-15 14:40:00,44.82,44.82,44.82,44.82,139
2025-01-15 14:41:00,44.82,44.82,44.82,44.82,121
2025-01-15 14:43:00,44.84,44.84,44.84,44.84,100
2025-01-15 14:45:00,44.85,44.85,44.85,44.85,101
2025-01-15 14:48:00,44.85,44.85,44.85,44.85,111
2025-01-15 14:50:00,44.9,44.9,44.9,44.9,114
2025-01-15 14:51:00,44.86,44.86,44.86,44.86,345
2025-01-15 14:54:00,44.87,44.87,44.87,44.87,119
2025-01-15 14:59:00,44.87,44.87,44.87,44.87,113
2025-01-15 15:01:00,44.9,44.9,44.87,44.87,388
2025-01-15 15:03:00,45.035,45.035,45.035,45.035,305
2025-01-15 15:04:00,44.87,44.87,44.87,44.87,127
2025-01-15 15:07:00,44.87,45.035,44.87,45.035,549
2025-01-15 15:09:00,44.89,44.9143,44.89,44.9143,324
2025-01-15 15:10:00,44.92,44.92,44.92,44.92,221
2025-01-15 15:12:00,44.89,44.89,44.89,44.89,226
2025-01-15 15:14:00,44.89,44.89,44.89,44.89,299
2025-01-15 15:18:00,44.91,44.91,44.91,44.91,499
2025-01-15 15:20:00,44.92,44.92,44.92,44.92,343
2025-01-15 15:24:00,44.89,44.89,44.89,44.89,106
2025-01-15 15:26:00,45.0341,45.0341,45.0341,45.0341,285
2025-01-15 15:27:00,45.04,45.04,45.04,45.04,202
2025-01-15 15:28:00,44.91,44.91,44.91,44.91,189
2025-01-15 15:30:00,45.065,45.065,45.065,45.065,213
2025-01-15 15:35:00,44.98,44.98,44.98,44.98,111
2025-01-15 15:36:00,44.98,45.05,44.96,44.97,1362
2025-01-15 15:37:00,44.99,44.99,44.99,44.99,127
2025-01-15 15:38:00,45.02,45.02,45.02,45.02,257
2025-01-15 15:39:00,45.005,45.005,44.98,45.005,723
2025-01-15 15:42:00,44.995,44.995,44.995,44.995,148
2025-01-15 15:43:00,45.02,45.02,45.0,45.0,620
2025-01-15 15:44:00,44.98,44.98,44.94,44.94,2375
2025-01-15 15:45:00,44.945,44.945,44.945,44.945,115
2025-01-15 15:46:00,44.96,44.96,44.95,44.95,410
2025-01-15 15:47:00,44.94,44.94,44.94,44.94,355
2025-01-15 15:49:00,44.95,44.95,44.95,44.95,190
2025-01-15 15:50:00,44.91,44.91,44.91,44.91,325
2025-01-15 15:52:00,44.91,44.91,44.91,44.91,157
2025-01-15 15:54:00,44.91,44.91,44.905,44.905,209
2025-01-15 15:55:00,44.905,44.905,44.905,44.905,148
2025-01-15 15:56:00,44.905,44.94,44.905,44.91,764
2025-01-15 15:57:00,44.905,44.905,44.905,44.905,226
2025-01-15 15:58:00,44.93,44.95,44.89,44.89,2142
2025-01-15 15:59:00,44.85,44.85,44.805,44.81,2006
2025-01-15 16:00:00,44.85,44.86,44.85,44.86,402
2025-01-15 16:01:00,44.82,44.85,44.82,44.85,1059
2025-01-15 16:02:00,44.83,44.83,44.83,44.83,235
2025-01-15 16:03:00,44.855,44.86,44.84,44.84,728
2025-01-15 16:04:00,44.83,44.83,44.82,44.83,680
2025-01-15 16:05:00,44.84,44.86,44.84,44.86,416
2025-01-15 16:06:00,44.85,44.85,44.85,44.85,613
2025-01-15 16:07:00,44.8,44.8,44.8,44.8,108
2025-01-15 16:08:00,44.79,44.79,44.79,44.79,299
2025-01-15 16:10:00,44.79,44.79,44.79,44.79,132
2025-01-15 16:13:00,44.805,44.805,44.805,44.805,104
2025-01-15 16:14:00,44.805,44.805,44.78,44.78,255
2025-01-15 16:15:00,44.79,44.82,44.79,44.82,1144
2025-01-15 16:16:00,44.8,44.8,44.8,44.8,342
2025-01-15 16:17:00,44.76,44.78,44.76,44.78,773
2025-01-15 16:18:00,44.78,44.78,44.78,44.78,168
2025-01-15 16:20:00,44.765,44.765,44.765,44.765,128
2025-01-15 16:21:00,44.765,44.765,44.755,44.755,550
2025-01-15 16:22:00,44.78,44.78,44.755,44.755,522
2025-01-15 16:23:00,44.78,44.8,44.755,44.78,1650
2025-01-15 16:24:00,44.825,44.825,44.825,44.825,104
2025-01-15 16:26:00,44.82,44.82,44.82,44.82,116
2025-01-15 16:28:00,44.825,44.825,44.825,44.825,103
2025-01-15 16:32:00,44.735,44.735,44.65,44.65,739
2025-01-15 16:34:00,44.61,44.675,44.61,44.65,318
2025-01-15 16:36:00,44.645,44.645,44.64,44.64,207
2025-01-15 16:38:00,44.65,44.69,44.65,44.665,845
2025-01-15 16:39:00,44.65,44.65,44.65,44.65,157
2025-01-15 16:40:00,44.65,44.65,44.65,44.65,122
2025-01-15 16:41:00,44.64,44.655,44.64,44.655,616
2025-01-15 16:42:00,44.67,44.67,44.67,44.67,173
2025-01-15 16:48:00,44.69,44.7,44.69,44.7,1022
2025-01-15 16:50:00,44.695,44.695,44.69,44.69,205
2025-01-15 16:53:00,44.675,44.675,44.675,44.675,118
2025-01-15 16:57:00,44.685,44.685,44.685,44.685,280
2025-01-15 17:00:00,44.73,44.73,44.73,44.73,710
2025-01-15 17:03:00,44.75,44.75,44.75,44.75,384
2025-01-15 17:06:00,44.745,44.745,44.745,44.745,111
2025-01-15 17:09:00,44.75,44.75,44.75,44.75,316
2025-01-15 17:13:00,44.755,44.755,44.755,44.755,275
2025-01-15 17:14:00,44.755,44.755,44.755,44.755,202
2025-01-15 17:15:00,44.72,44.72,44.72,44.72,309
2025-01-15 17:17:00,44.76,44.76,44.76,44.76,699
2025-01-15 17:19:00,44.7,44.7,44.7,44.7,838
2025-01-15 17:20:00,44.71,44.71,44.71,44.71,101
2025-01-15 17:23:00,44.68,44.68,44.67,44.68,1479
2025-01-15 17:26:00,44.71,44.72,44.7,44.7,523
2025-01-15 17:27:00,44.72,44.72,44.7,44.72,1164
2025-01-15 17:31:00,44.76,44.85,44.76,44.845,6068
2025-01-15 17:40:00,44.825,44.825,44.825,44.825,103
2025-01-15 17:42:00,44.805,44.805,44.805,44.805,110
2025-01-15 17:45:00,44.76,44.76,44.76,44.76,1000
2025-01-15 17:47:00,44.755,44.76,44.75,44.76,303
2025-01-15 17:48:00,44.76,44.77,44.76,44.77,282
2025-01-15 17:49:00,44.77,44.78,44.77,44.78,320
2025-01-15 17:50:00,44.78,44.78,44.78,44.78,380
2025-01-15 17:51:00,44.77,44.77,44.77,44.77,222
2025-01-15 17:53:00,44.74,44.74,44.74,44.74,179
2025-01-15 17:54:00,44.74,44.74,44.74,44.74,212
2025-01-15 17:55:00,44.73,44.75,44.73,44.75,564
2025-01-15 17:57:00,44.745,44.745,44.745,44.745,142
2025-01-15 17:58:00,44.76,44.77,44.75,44.77,964
2025-01-15 17:59:00,44.75,44.75,44.75,44.75,323
2025-01-15 18:02:00,44.735,44.8,44.735,44.8,3775
2025-01-15 18:05:00,44.765,44.765,44.765,44.765,239
2025-01-15 18:07:00,44.79,44.79,44.79,44.79,459
2025-01-15 18:14:00,44.8,44.8,44.8,44.8,242
2025-01-15 18:16:00,44.8,44.82,44.8,44.82,390
2025-01-15 18:19:00,44.84,44.86,44.84,44.85,1247
2025-01-15 18:34:00,44.85,44.89,44.85,44.89,605
2025-01-15 18:36:00,44.865,44.865,44.865,44.865,291
2025-01-15 18:39:00,44.88,44.88,44.88,44.88,407
2025-01-15 18:42:00,44.89,44.89,44.89,44.89,573
2025-01-15 18:45:00,44.8651,44.8651,44.8651,44.8651,102
2025-01-15 18:46:00,44.87,44.87,44.87,44.87,112
2025-01-15 18:47:00,44.86,44.87,44.85,44.87,1323
2025-01-15 18:54:00,44.865,44.865,44.865,44.865,173
2025-01-15 18:58:00,44.85,44.85,44.85,44.85,165
2025-01-15 19:00:00,44.87,44.89,44.85,44.85,2466
2025-01-15 19:03:00,44.88,44.88,44.88,44.88,301
2025-01-15 19:07:00,44.88,44.88,44.88,44.88,204
2025-01-15 19:08:00,44.88,44.91,44.88,44.9099,1782
2025-01-15 19:09:00,44.88,44.88,44.88,44.88,483
2025-01-15 19:10:00,44.8506,44.8506,44.8506,44.8506,253
2025-01-15 19:21:00,44.85,44.86,44.84,44.84,2132
2025-01-15 19:24:00,44.87,44.87,44.85,44.85,896
2025-01-15 19:26:00,44.88,44.88,44.88,44.88,385
2025-01-15 19:28:00,44.88,44.89,44.88,44.89,516
2025-01-15 19:29:00,44.8947,44.8947,44.87,44.87,518
2025-01-15 19:33:00,44.93,44.93,44.92,44.92,1021
2025-01-15 19:34:00,44.92,44.92,44.92,44.92,290
2025-01-15 19:38:00,44.91,44.91,44.91,44.91,362
2025-01-15 19:39:00,44.94,44.95,44.93,44.95,1349
2025-01-15 19:42:00,44.91,44.91,44.91,44.91,429
2025-01-15 19:48:00,44.91,44.91,44.9,44.9,1174
2025-01-15 19:49:00,44.915,44.915,44.915,44.915,141
2025-01-15 19:57:00,44.89,44.89,44.89,44.89,273
2025-01-15 19:58:00,44.8901,44.91,44.86,44.89,3068
2025-01-15 19:59:00,44.87,44.87,44.87,44.87,349
2025-01-15 20:00:00,44.885,44.9,44.885,44.89,895
2025-01-15 20:01:00,44.895,44.895,44.895,44.895,686
2025-01-15 20:02:00,44.91,44.91,44.91,44.91,298
2025-01-15 20:04:00,44.905,44.905,44.905,44.905,111
2025-01-15 20:05:00,44.91,44.91,44.91,44.91,463
2025-01-15 20:06:00,44.915,44.915,44.915,44.915,280
2025-01-15 20:07:00,44.92,44.92,44.92,44.92,460
2025-01-15 20:08:00,44.9,44.9,44.9,44.9,291
2025-01-15 20:11:00,44.94,44.95,44.92,44.95,1745
2025-01-15 20:12:00,44.94,44.94,44.94,44.94,455
2025-01-15 20:14:00,44.92,44.92,44.92,44.92,233
2025-01-15 20:15:00,44.93,44.93,44.91,44.91,700
2025-01-15 20:16:00,44.91,44.91,44.9,44.9,919
2025-01-15 20:20:00,44.89,44.89,44.89,44.89,111
2025-01-15 20:21:00,44.89,44.89,44.89,44.89,370
2025-01-15 20:22:00,44.915,44.915,44.89,44.89,1015
2025-01-15 20:23:00,44.93,44.93,44.93,44.93,710
2025-01-15 20:24:00,44.95,44.95,44.94,44.94,1059
2025-01-15 20:26:00,44.92,44.9497,44.92,44.9497,433
2025-01-15 20:27:00,44.94,44.95,44.935,44.935,1752
2025-01-15 20:28:00,44.935,44.935,44.92,44.92,805
2025-01-15 20:30:00,44.89,44.89,44.89,44.89,244
2025-01-15 20:32:00,44.905,44.905,44.89,44.89,2446
2025-01-15 20:34:00,44.91,44.91,44.91,44.91,493
2025-01-15 20:35:00,44.9,44.9091,44.88,44.88,2065
2025-01-15 20:36:00,44.88,44.88,44.82,44.85,3529
2025-01-15 20:37:00,44.86,44.87,44.85,44.87,1229
2025-01-15 20:40:00,44.86,44.86,44.86,44.86,379
2025-01-15 20:42:00,44.85,44.85,44.81,44.81,841
2025-01-15 20:44:00,44.85,44.85,44.84,44.84,636
2025-01-15 20:46:00,44.84,44.84,44.84,44.84,550
2025-01-15 20:47:00,44.84,44.84,44.84,44.84,318
2025-01-15 20:48:00,44.85,44.865,44.85,44.865,460
2025-01-15 20:49:00,44.85,44.85,44.85,44.85,612
2025-01-15 20:50:00,44.87,44.87,44.85,44.85,877
2025-01-15 20:51:00,44.86,44.89,44.86,44.88,1276
2025-01-15 20:52:00,44.865,44.89,44.865,44.88,4454
2025-01-15 20:54:00,44.86,44.86,44.8,44.8,706
2025-01-15 20:55:00,44.81,44.81,44.81,44.81,670
2025-01-15 20:56:00,44.8,44.82,44.78,44.81,2349
2025-01-15 20:57:00,44.79,44.79,44.79,44.79,984
2025-01-15 20:58:00,44.79,44.81,44.79,44.79,1562
2025-01-15 20:59:00,44.78,44.84,44.78,44.79,3227
2025-01-16 00:38:00,45.3002,45.3002,45.3002,45.3002,100
2025-01-16 13:11:00,45.02,45.02,45.02,45.02,195
2025-01-16 14:30:00,45.05,45.05,45.05,45.05,1001
2025-01-16 14:39:00,44.9,44.9,44.9,44.9,150
2025-01-16 14:43:00,44.87,44.87,44.87,44.87,195
2025-01-16 14:48:00,44.705,44.705,44.705,44.705,156
2025-01-16 14:49:00,44.7,44.7,44.7,44.7,1002
2025-01-16 14:52:00,44.69,44.69,44.69,44.69,130
2025-01-16 14:53:00,44.65,44.65,44.65,44.65,1038
2025-01-16 14:54:00,44.67,44.7299,44.67,44.7299,3778
2025-01-16 14:55:00,44.69,44.69,44.69,44.69,223
2025-01-16 14:56:00,44.7,44.7,44.65,44.65,2081
2025-01-16 14:58:00,44.637,44.637,44.637,44.637,371
2025-01-16 14:59:00,44.64,44.64,44.64,44.64,411
2025-01-16 15:00:00,44.65,44.65,44.6,44.6,941
2025-01-16 15:01:00,44.55,44.55,44.55,44.55,1041
2025-01-16 15:02:00,44.61,44.65,44.605,44.65,473
2025-01-16 15:03:00,44.7,44.7,44.7,44.7,116
2025-01-16 15:08:00,44.73,44.73,44.73,44.73,356
2025-01-16 15:15:00,44.715,44.715,44.715,44.715,129
2025-01-16 15:17:00,44.695,44.695,44.695,44.695,230
2025-01-16 15:18:00,44.625,44.71,44.6,44.71,1465
2025-01-16 15:22:00,44.705,44.78,44.705,44.705,565
2025-01-16 15:25:00,44.72,44.72,44.72,44.72,132
2025-01-16 15:28:00,44.75,44.75,44.75,44.75,117
2025-01-16 15:35:00,44.76,44.76,44.76,44.76,122
2025-01-16 15:41:00,44.87,44.87,44.87,44.87,358
2025-01-16 15:42:00,44.7,44.7,44.69,44.69,764
2025-01-16 15:44:00,44.7,44.75,44.7,44.75,1492
2025-01-16 15:47:00,44.745,44.745,44.745,44.745,100
2025-01-16 15:49:00,44.72,44.72,44.7,44.7,1064
2025-01-16 15:54:00,44.78,44.78,44.78,44.78,110
2025-01-16 15:59:00,44.78,44.8,44.78,44.8,888
2025-01-16 16:00:00,44.82,44.82,44.82,44.82,101
2025-01-16 16:01:00,44.82,44.82,44.82,44.82,158
2025-01-16 16:05:00,44.85,44.86,44.85,44.86,625
2025-01-16 16:07:00,44.92,44.92,44.92,44.92,146
2025-01-16 16:08:00,44.94,44.9414,44.94,44.9414,821
2025-01-16 16:10:00,44.92,44.93,44.92,44.92,1354
2025-01-16 16:13:00,44.935,44.935,44.935,44.935,120
2025-01-16 16:14:00,44.91,44.91,44.85,44.85,1607
2025-01-16 16:15:00,44.856,44.885,44.856,44.885,566
2025-01-16 16:17:00,44.82,44.86,44.8,44.8,948
2025-01-16 16:18:00,44.84,44.84,44.84,44.84,260
2025-01-16 16:25:00,44.865,44.865,44.865,44.865,218
2025-01-16 16:26:00,44.88,44.88,44.88,44.88,185
2025-01-16 16:29:00,44.9598,44.9598,44.9598,44.9598,1114
2025-01-16 16:30:00,44.93,44.93,44.9001,44.9001,879
2025-01-16 16:35:00,44.925,44.925,44.925,44.925,113
2025-01-16 16:38:00,44.92,44.93,44.9014,44.93,2460
2025-01-16 16:39:00,44.9,44.91,44.9,44.91,419
2025-01-16 16:40:00,44.88,44.88,44.86,44.86,574
2025-01-16 16:41:00,44.83,44.83,44.83,44.83,403
2025-01-16 16:42:00,44.855,44.855,44.855,44.855,299
2025-01-16 16:45:00,44.89,44.89,44.87,44.87,346
2025-01-16 16:47:00,44.905,44.905,44.905,44.905,105
2025-01-16 16:48:00,44.94,44.94,44.94,44.94,117
2025-01-16 16:57:00,44.92,44.92,44.92,44.92,201
2025-01-16 16:58:00,44.94,44.94,44.9,44.94,478
2025-01-16 17:00:00,44.93,44.97,44.93,44.97,256
2025-01-16 17:06:00,44.96,44.96,44.96,44.96,121
2025-01-16 17:10:00,44.95,44.95,44.95,44.95,268
2025-01-16 17:12:00,44.95,44.95,44.95,44.95,456
2025-01-16 17:13:00,44.98,44.99,44.98,44.99,756
2025-01-16 17:14:00,45.0,45.0,45.0,45.0,601
2025-01-16 17:15:00,44.98,44.98,44.97,44.97,822
2025-01-16 17:16:00,44.94,44.94,44.94,44.94,371
2025-01-16 17:18:00,44.93,44.93,44.93,44.93,579
2025-01-16 17:21:00,44.96,44.96,44.96,44.96,252
2025-01-16 17:24:00,44.8601,44.935,44.8601,44.935,511
2025-01-16 17:25:00,44.935,44.935,44.8811,44.8811,1265
2025-01-16 17:27:00,44.99,44.99,44.99,44.99,543
2025-01-16 17:29:00,44.98,44.99,44.98,44.99,345
2025-01-16 17:31:00,44.98,44.98,44.98,44.98,107
2025-01-16 17:32:00,44.98,44.98,44.98,44.98,232
2025-01-16 17:33:00,44.96,44.96,44.96,44.96,353
2025-01-16 17:35:00,44.97,44.97,44.97,44.97,205
2025-01-16 17:36:00,44.955,44.955,44.955,44.955,260
2025-01-16 17:37:00,44.95,44.95,44.95,44.95,108
2025-01-16 17:39:00,44.93,44.93,44.93,44.93,216
2025-01-16 17:40:00,44.93,44.93,44.93,44.93,228
2025-01-16 17:44:00,44.92,44.92,44.92,44.92,423
2025-01-16 17:45:00,44.91,44.91,44.91,44.91,451
2025-01-16 17:48:00,44.91,44.91,44.91,44.91,412
2025-01-16 17:54:00,44.9,44.9,44.885,44.885,575
2025-01-16 18:00:00,44.85,44.87,44.85,44.87,804
2025-01-16 18:05:00,44.8712,44.8712,44.8712,44.8712,1719
2025-01-16 18:13:00,44.9,44.91,44.9,44.9,452
2025-01-16 18:16:00,44.92,44.92,44.92,44.92,466
2025-01-16 18:17:00,44.9,44.91,44.9,44.91,377
2025-01-16 18:18:00,44.89,44.89,44.89,44.89,101
2025-01-16 18:19:00,44.895,44.9,44.895,44.9,246
2025-01-16 18:21:00,44.9,44.9,44.9,44.9,488
2025-01-16 18:24:00,44.9,44.9,44.9,44.9,161
2025-01-16 18:25:00,44.905,44.905,44.8704,44.8704,665
2025-01-16 18:27:00,44.8566,44.8566,44.8566,44.8566,497
2025-01-16 18:28:00,44.88,44.88,44.88,44.88,184
2025-01-16 18:29:00,44.85,44.85,44.85,44.85,577
2025-01-16 18:30:00,44.86,44.86,44.84,44.84,390
2025-01-16 18:36:00,44.84,44.84,44.82,44.82,607
2025-01-16 18:41:00,44.805,44.805,44.805,44.805,456
2025-01-16 18:43:00,44.825,44.83,44.825,44.83,738
2025-01-16 18:44:00,44.81,44.81,44.81,44.81,114
2025-01-16 18:45:00,44.82,44.82,44.82,44.82,151
2025-01-16 18:47:00,44.7801,44.7801,44.7801,44.7801,307
2025-01-16 18:48:00,44.79,44.79,44.79,44.79,311
2025-01-16 18:50:00,44.8,44.8,44.8,44.8,146
2025-01-16 18:51:00,44.77,44.77,44.75,44.75,1159
2025-01-16 18:53:00,44.79,44.81,44.78,44.78,3453
2025-01-16 18:54:00,44.7601,44.7601,44.7601,44.7601,770
2025-01-16 18:55:00,44.81,44.81,44.81,44.81,379
2025-01-16 18:56:00,44.805,44.805,44.805,44.805,627
2025-01-16 18:57:00,44.79,44.79,44.79,44.79,1126
2025-01-16 19:06:00,44.84,44.84,44.84,44.84,315
2025-01-16 19:10:00,44.88,44.88,44.88,44.88,100
2025-01-16 19:12:00,44.88,44.88,44.88,44.88,148
2025-01-16 19:13:00,44.92,44.92,44.895,44.905,2218
2025-01-16 19:14:00,44.905,44.93,44.905,44.93,332
2025-01-16 19:16:00,44.92,44.93,44.92,44.93,985
2025-01-16 19:19:00,44.935,44.935,44.935,44.935,225
2025-01-16 19:21:00,44.9595,44.9595,44.935,44.935,917
2025-01-16 19:22:00,44.96,44.96,44.91,44.93,2522
2025-01-16 19:23:00,44.92,44.92,44.88,44.88,1427
2025-01-16 19:26:00,44.9,44.9,44.9,44.9,714
2025-01-16 19:32:00,44.87,44.89,44.87,44.89,1034
2025-01-16 19:33:00,44.89,44.89,44.88,44.88,915
2025-01-16 19:35:00,44.9096,44.9096,44.9096,44.9096,287
2025-01-16 19:36:00,44.8828,44.91,44.8828,44.91,944
2025-01-16 19:38:00,44.9,44.92,44.9,44.92,730
2025-01-16 19:40:00,44.93,44.93,44.93,44.93,478
2025-01-16 19:43:00,44.92,44.92,44.92,44.92,299
2025-01-16 19:44:00,44.92,44.92,44.92,44.92,301
2025-01-16 19:48:00,44.92,44.92,44.92,44.92,118
2025-01-16 19:49:00,44.92,44.92,44.92,44.92,354
2025-01-16 19:50:00,44.9,44.92,44.9,44.92,1595
2025-01-16 19:51:00,44.93,44.97,44.915,44.96,2735
2025-01-16 19:57:00,44.99,44.99,44.99,44.99,251
2025-01-16 19:59:00,44.97,44.97,44.97,44.97,740
2025-01-16 20:00:00,44.951,44.975,44.951,44.96,924
2025-01-16 20:05:00,44.96,44.98,44.96,44.98,1131
2025-01-16 20:07:00,44.99,44.99,44.99,44.99,106
2025-01-16 20:10:00,44.9899,44.9899,44.9899,44.9899,125
2025-01-16 20:11:00,44.97,44.97,44.9504,44.9504,897
2025-01-16 20:12:00,44.95,44.95,44.94,44.94,1105
2025-01-16 20:14:00,44.93,44.95,44.93,44.95,697
2025-01-16 20:15:00,44.92,44.95,44.92,44.95,348
2025-01-16 20:20:00,44.94,44.985,44.935,44.985,1549
2025-01-16 20:22:00,44.95,44.95,44.95,44.95,362
2025-01-16 20:25:00,44.96,44.96,44.96,44.96,114
2025-01-16 20:29:00,44.94,44.94,44.94,44.94,187
2025-01-16 20:31:00,44.98,44.99,44.98,44.99,401
2025-01-16 20:33:00,44.99,44.991,44.985,44.985,1645
2025-01-16 20:35:00,44.97,44.985,44.97,44.985,986
2025-01-16 20:37:00,44.985,44.985,44.985,44.985,503
2025-01-16 20:41:00,45.0,45.0,45.0,45.0,933
2025-01-16 20:42:00,45.03,45.03,45.03,45.03,493
2025-01-16 20:46:00,45.01,45.01,45.01,45.01,776
2025-01-16 20:50:00,45.02,45.03,45.02,45.025,749
2025-01-16 20:51:00,45.025,45.025,45.025,45.025,326
2025-01-16 20:52:00,45.04,45.08,45.03,45.08,2293
2025-01-16 20:53:00,45.07,45.07,45.05,45.05,1271
2025-01-16 20:54:00,45.06,45.06,45.04,45.04,1856
2025-01-16 20:55:00,45.05,45.06,45.025,45.025,2763
2025-01-16 20:56:00,45.01,45.015,44.981,44.995,2383
2025-01-16 20:57:00,45.01,45.02,45.01,45.02,933
2025-01-16 20:58:00,45.01,45.01,45.0,45.0,1963
2025-01-16 20:59:00,45.0,45.0,44.97,44.99,3251
2025-01-17 14:30:00,44.95,44.95,44.94,44.94,1712
2025-01-17 14:40:00,44.92,44.94,44.92,44.94,468
2025-01-17 14:52:00,45.025,45.025,45.025,45.025,311
2025-01-17 14:53:00,45.04,45.04,45.0312,45.0312,653
2025-01-17 14:59:00,45.0,45.02,45.0,45.02,381
2025-01-17 15:01:00,45.02,45.02,44.9143,44.9143,566
2025-01-17 15:04:00,44.98,44.98,44.98,44.98,493
2025-01-17 15:12:00,45.2499,45.2499,45.17,45.17,1568
2025-01-17 15:14:00,45.0001,45.0001,45.0001,45.0001,4832
2025-01-17 15:17:00,45.23,45.23,45.23,45.23,207
2025-01-17 15:19:00,45.18,45.18,45.18,45.18,101
2025-01-17 15:22:00,45.16,45.16,45.16,45.16,254
2025-01-17 15:23:00,45.08,45.1,45.08,45.1,224
2025-01-17 15:24:00,45.0099,45.0099,45.0099,45.0099,122
2025-01-17 15:26:00,45.07,45.07,45.07,45.07,203
2025-01-17 15:27:00,44.965,44.965,44.965,44.965,212
2025-01-17 15:28:00,44.945,45.04,44.945,45.04,304
2025-01-17 15:29:00,44.99,44.99,44.99,44.99,474
2025-01-17 15:30:00,45.05,45.05,45.05,45.05,232
2025-01-17 15:33:00,45.07,45.07,45.07,45.07,295
2025-01-17 15:35:00,45.06,45.06,45.06,45.06,249
2025-01-17 15:36:00,45.005,45.005,45.005,45.005,471
2025-01-17 15:37:00,45.05,45.05,45.05,45.05,201
2025-01-17 15:40:00,45.11,45.17,45.11,45.17,241
2025-01-17 15:42:00,45.16,45.16,45.16,45.16,226
2025-01-17 15:44:00,45.16,45.16,45.16,45.16,206
2025-01-17 15:47:00,45.17,45.17,45.079,45.079,306
2025-01-17 15:50:00,45.08,45.08,45.07,45.07,615
2025-01-17 15:51:00,45.07,45.14,45.04,45.05,1118
2025-01-17 15:52:00,45.05,45.08,45.02,45.04,3092
2025-01-17 15:53:00,45.11,45.11,45.11,45.11,573
2025-01-17 15:54:00,45.1105,45.1105,45.11,45.11,210
2025-01-17 15:55:00,45.135,45.135,45.135,45.135,203
2025-01-17 15:56:00,45.14,45.14,45.14,45.14,250
2025-01-17 15:58:00,45.17,45.17,45.17,45.17,397
2025-01-17 16:00:00,45.11,45.11,45.11,45.11,515
2025-01-17 16:02:00,45.14,45.16,45.14,45.16,236
2025-01-17 16:07:00,45.1076,45.15,45.1076,45.15,404
2025-01-17 16:10:00,45.15,45.15,45.15,45.15,100
2025-01-17 16:12:00,45.16,45.16,45.1,45.1,364
2025-01-17 16:15:00,45.17,45.17,45.09,45.09,323
2025-01-17 16:16:00,45.17,45.17,45.17,45.17,904
2025-01-17 16:21:00,45.195,45.195,45.195,45.195,313
2025-01-17 16:24:00,45.145,45.145,45.145,45.145,430
2025-01-17 16:25:00,45.2,45.21,45.2,45.21,1490
2025-01-17 16:27:00,45.17,45.17,45.17,45.17,336
2025-01-17 16:29:00,45.17,45.17,45.17,45.17,277
2025-01-17 16:36:00,45.06,45.06,45.06,45.06,155
2025-01-17 16:43:00,45.1,45.1,45.1,45.1,151
2025-01-17 16:56:00,45.1,45.1,45.1,45.1,703
2025-01-17 16:58:00,45.0518,45.0518,45.0518,45.0518,111
2025-01-17 17:02:00,45.105,45.105,45.105,45.105,411
2025-01-17 17:11:00,45.0501,45.0501,45.0501,45.0501,273
2025-01-17 17:13:00,45.115,45.115,45.115,45.115,452
2025-01-17 17:19:00,45.12,45.17,45.1,45.17,1502
2025-01-17 17:20:00,45.17,45.17,45.17,45.17,216
2025-01-17 17:24:00,45.15,45.15,45.15,45.15,278
2025-01-17 17:26:00,45.15,45.15,45.15,45.15,287
2025-01-17 17:28:00,45.15,45.16,45.13,45.16,1193
2025-01-17 17:31:00,45.145,45.145,45.1205,45.1205,2809
2025-01-17 17:32:00,45.1473,45.1473,45.1473,45.1473,224
2025-01-17 17:33:00,45.17,45.17,45.17,45.17,113
2025-01-17 17:35:00,45.145,45.19,45.145,45.1487,3544
2025-01-17 17:36:00,45.2,45.215,45.16,45.2,580
2025-01-17 17:37:00,45.254,45.26,45.2,45.25,3545
2025-01-17 17:39:00,45.24,45.24,45.24,45.24,177
2025-01-17 17:41:00,45.23,45.23,45.23,45.23,155
2025-01-17 17:42:00,45.24,45.24,45.24,45.24,110
2025-01-17 17:43:00,45.26,45.26,45.26,45.26,200
2025-01-17 17:44:00,45.24,45.24,45.24,45.24,108
2025-01-17 17:47:00,45.2,45.22,45.2,45.22,890
2025-01-17 17:50:00,45.205,45.205,45.18,45.18,903
2025-01-17 17:52:00,45.18,45.18,45.18,45.18,278
2025-01-17 17:54:00,45.07,45.07,45.07,45.07,477
2025-01-17 17:55:00,45.1075,45.1075,45.1,45.1,917
2025-01-17 17:57:00,45.11,45.11,45.11,45.11,364
2025-01-17 18:01:00,45.08,45.08,45.08,45.08,157
2025-01-17 18:02:00,45.075,45.075,45.07,45.07,200
2025-01-17 18:06:00,45.075,45.075,45.075,45.075,125
2025-01-17 18:09:00,45.07,45.07,45.07,45.07,169
2025-01-17 18:11:00,45.075,45.075,45.075,45.075,278
2025-01-17 18:15:00,45.07,45.07,45.07,45.07,641
2025-01-17 18:20:00,45.13,45.13,45.13,45.13,1023
2025-01-17 18:22:00,45.145,45.145,45.145,45.145,301
2025-01-17 18:25:00,45.11,45.11,45.11,45.11,221
2025-01-17 18:26:00,45.175,45.175,45.175,45.175,104
2025-01-17 18:29:00,45.11,45.11,45.11,45.11,196
2025-01-17 18:32:00,45.14,45.14,45.08,45.09,2631
2025-01-17 18:34:00,45.085,45.085,45.085,45.085,426
2025-01-17 18:35:00,45.085,45.085,45.085,45.085,226
2025-01-17 18:37:00,45.0645,45.1,45.0645,45.1,708
2025-01-17 18:46:00,45.12,45.12,45.12,45.12,364
2025-01-17 18:47:00,45.09,45.09,45.09,45.09,348
2025-01-17 18:48:00,45.085,45.085,45.085,45.085,309
2025-01-17 18:53:00,45.07,45.07,45.07,45.07,229
2025-01-17 18:55:00,45.06,45.06,45.06,45.06,106
2025-01-17 18:56:00,45.06,45.06,45.06,45.06,151
2025-01-17 19:02:00,45.09,45.09,45.09,45.09,354
2025-01-17 19:15:00,45.0735,45.0735,45.0735,45.0735,189
2025-01-17 19:16:00,45.075,45.075,45.075,45.075,279
2025-01-17 19:17:00,45.0897,45.0897,45.075,45.075,353
2025-01-17 19:19:00,45.06,45.06,45.06,45.06,308
2025-01-17 19:20:00,45.0608,45.0608,45.0608,45.0608,269
2025-01-17 19:21:00,45.05,45.05,45.05,45.05,192
2025-01-17 19:23:00,45.055,45.055,45.055,45.055,116
2025-01-17 19:25:00,45.09,45.09,45.08,45.09,2206
2025-01-17 19:32:00,45.0927,45.0927,45.0927,45.0927,147
2025-01-17 19:38:00,45.13,45.135,45.12,45.135,835
2025-01-17 19:47:00,45.09,45.09,45.09,45.09,784
2025-01-17 19:55:00,45.08,45.08,45.08,45.08,161
2025-01-17 19:59:00,45.03,45.03,45.03,45.03,217
2025-01-17 20:00:00,45.03,45.03,45.03,45.03,354
2025-01-17 20:01:00,45.0,45.06,45.0,45.06,1742
2025-01-17 20:07:00,45.0719,45.0719,45.0719,45.0719,252
2025-01-17 20:09:00,45.08,45.08,45.08,45.08,589
2025-01-17 20:10:00,45.06,45.06,45.001,45.001,368
2025-01-17 20:15:00,45.07,45.07,45.07,45.07,196
2025-01-17 20:26:00,45.07,45.07,45.07,45.07,146
2025-01-17 20:27:00,45.0541,45.0541,45.04,45.04,303
2025-01-17 20:30:00,45.04,45.04,45.04,45.04,179
2025-01-17 20:31:00,45.06,45.07,45.06,45.06,3557
2025-01-17 20:32:00,45.08,45.08,45.08,45.08,354
2025-01-17 20:35:00,45.08,45.08,45.08,45.08,704
2025-01-17 20:43:00,45.05,45.05,45.05,45.05,277
2025-01-17 20:44:00,45.06,45.06,45.06,45.06,1364
2025-01-17 20:45:00,45.05,45.05,45.01,45.02,2112
2025-01-17 20:47:00,45.02,45.02,45.0,45.0,217
2025-01-17 20:48:00,45.02,45.02,45.01,45.01,745
2025-01-17 20:49:00,45.01,45.01,45.01,45.01,559
2025-01-17 20:50:00,45.0,45.0,44.94,44.94,1572
2025-01-17 20:51:00,44.97,44.99,44.97,44.98,3672
2025-01-17 20:52:00,44.97,44.98,44.97,44.98,2105
2025-01-17 20:53:00,45.005,45.005,45.0,45.0,538
2025-01-17 20:55:00,44.99,44.9905,44.98,44.99,5633
2025-01-17 20:56:00,44.985,44.985,44.985,44.985,828
2025-01-17 20:57:00,45.0,45.02,45.0,45.02,2274
2025-01-17 20:58:00,45.02,45.02,45.01,45.01,2321
2025-01-17 20:59:00,45.02,45.05,45.02,45.05,3433
2025-01-17 21:00:00,45.04,45.04,45.04,45.04,289
2025-01-21 13:00:00,44.3161,44.3161,44.3161,44.3161,214
2025-01-21 13:32:00,45.05,45.05,45.05,45.05,244
2025-01-21 14:30:00,45.46,45.46,45.15,45.15,9344
2025-01-21 14:32:00,45.1,45.1,45.1,45.1,297
2025-01-21 14:35:00,45.216,45.216,45.13,45.13,666
2025-01-21 14:37:00,45.17,45.17,45.17,45.17,123
2025-01-21 14:39:00,45.22,45.25,45.22,45.25,420
2025-01-21 14:40:00,45.25,45.25,45.25,45.25,115
2025-01-21 14:41:00,45.25,45.25,45.25,45.25,102
2025-01-21 14:42:00,45.25,45.25,45.25,45.25,104
2025-01-21 14:45:00,45.1385,45.1385,45.1385,45.1385,291
2025-01-21 14:51:00,45.299,45.299,45.299,45.299,647
2025-01-21 14:52:00,45.21,45.3899,45.21,45.3899,388
2025-01-21 14:53:00,45.21,45.21,45.2,45.2,987
2025-01-21 14:57:00,45.105,45.105,45.1,45.1,347
2025-01-21 15:01:00,45.07,45.07,45.07,45.07,242
2025-01-21 15:02:00,45.06,45.06,45.01,45.01,769
2025-01-21 15:05:00,45.065,45.065,45.065,45.065,316
2025-01-21 15:06:00,45.055,45.055,45.055,45.055,278
2025-01-21 15:09:00,45.09,45.09,45.09,45.09,516
2025-01-21 15:10:00,45.1,45.1,45.1,45.1,2090
2025-01-21 15:17:00,45.14,45.17,45.14,45.17,308
2025-01-21 15:18:00,45.11,45.11,45.11,45.11,207
2025-01-21 15:23:00,45.11,45.11,45.11,45.11,110
2025-01-21 15:25:00,45.18,45.18,45.18,45.18,399
2025-01-21 15:30:00,45.19,45.19,45.15,45.15,838
2025-01-21 15:34:00,45.165,45.165,45.165,45.165,132
2025-01-21 15:36:00,45.055,45.055,45.055,45.055,116
2025-01-21 15:37:00,45.11,45.11,45.11,45.11,115
2025-01-21 15:38:00,45.115,45.115,45.115,45.115,212
2025-01-21 15:41:00,45.17,45.17,45.17,45.17,168
2025-01-21 15:42:00,45.0601,45.0601,45.0601,45.0601,128
2025-01-21 15:46:00,45.12,45.12,45.12,45.12,300
2025-01-21 15:50:00,45.115,45.115,45.115,45.115,122
2025-01-21 15:53:00,45.125,45.125,45.088,45.088,429
2025-01-21 15:59:00,45.135,45.135,45.135,45.135,134
2025-01-21 16:01:00,45.1,45.1,45.1,45.1,239
2025-01-21 16:06:00,45.18,45.18,45.17,45.17,1658
2025-01-21 16:13:00,45.185,45.26,45.185,45.26,217
2025-01-21 16:17:00,45.23,45.23,45.23,45.23,220
2025-01-21 16:20:00,45.235,45.235,45.235,45.235,118
2025-01-21 16:28:00,45.1801,45.1801,45.1801,45.1801,171
2025-01-21 16:29:00,45.245,45.245,45.245,45.245,163
2025-01-21 16:31:00,45.31,45.31,45.31,45.31,106
2025-01-21 16:33:00,45.33,45.33,45.33,45.33,512
2025-01-21 16:36:00,45.28,45.28,45.28,45.28,235
2025-01-21 16:37:00,45.28,45.28,45.28,45.28,291
2025-01-21 16:40:00,45.265,45.265,45.265,45.265,100
2025-01-21 16:43:00,45.275,45.275,45.275,45.275,108
2025-01-21 16:44:00,45.27,45.27,45.27,45.27,124
2025-01-21 16:53:00,45.31,45.31,45.31,45.31,177
2025-01-21 16:57:00,45.3076,45.3076,45.225,45.225,323
2025-01-21 16:59:00,45.26,45.26,45.26,45.26,126
2025-01-21 17:00:00,45.23,45.23,45.23,45.23,130
2025-01-21 17:05:00,45.225,45.225,45.225,45.225,122
2025-01-21 17:07:00,45.345,45.345,45.31,45.31,496
2025-01-21 17:14:00,45.31,45.31,45.31,45.31,1711
2025-01-21 17:15:00,45.31,45.31,45.31,45.31,318
2025-01-21 17:17:00,45.305,45.305,45.305,45.305,384
2025-01-21 17:21:00,45.305,45.305,45.305,45.305,204
2025-01-21 17:22:00,45.33,45.33,45.33,45.33,329
2025-01-21 17:23:00,45.33,45.33,45.33,45.33,797
2025-01-21 17:26:00,45.39,45.39,45.35,45.35,370
2025-01-21 17:28:00,45.39,45.39,45.39,45.39,108
2025-01-21 17:30:00,45.39,45.39,45.39,45.39,176
2025-01-21 17:32:00,45.365,45.3993,45.365,45.3993,1951
2025-01-21 17:35:00,45.4,45.4,45.4,45.4,1993
2025-01-21 17:36:00,45.46,45.46,45.37,45.425,1013
2025-01-21 17:37:00,45.418,45.418,45.418,45.418,1447
2025-01-21 17:38:00,45.42,45.42,45.42,45.42,231
2025-01-21 17:42:00,45.43,45.43,45.43,45.43,239
2025-01-21 17:43:00,45.43,45.43,45.41,45.41,1022
2025-01-21 17:45:00,45.44,45.44,45.44,45.44,260
2025-01-21 17:48:00,45.46,45.46,45.445,45.445,260
2025-01-21 17:51:00,45.49,45.49,45.49,45.49,121
2025-01-21 17:54:00,45.48,45.48,45.48,45.48,195
2025-01-21 17:57:00,45.48,45.48,45.48,45.48,138
2025-01-21 17:58:00,45.465,45.465,45.465,45.465,130
2025-01-21 17:59:00,45.45,45.45,45.45,45.45,746
2025-01-21 18:00:00,45.465,45.465,45.465,45.465,194
2025-01-21 18:01:00,45.44,45.46,45.44,45.46,752
2025-01-21 18:02:00,45.465,45.465,45.465,45.465,150
2025-01-21 18:04:00,45.44,45.44,45.44,45.44,104
2025-01-21 18:14:00,45.4297,45.4297,45.4297,45.4297,368
2025-01-21 18:16:00,45.415,45.415,45.415,45.415,159
2025-01-21 18:23:00,45.4,45.4491,45.4,45.4491,949
2025-01-21 18:24:00,45.405,45.405,45.405,45.405,158
2025-01-21 18:31:00,45.39,45.425,45.39,45.425,483
2025-01-21 18:35:00,45.43,45.43,45.42,45.42,942
2025-01-21 18:37:00,45.4091,45.4091,45.4,45.4,404
2025-01-21 18:40:00,45.4,45.4,45.4,45.4,171
2025-01-21 18:41:00,45.42,45.42,45.39,45.4,1027
2025-01-21 18:42:00,45.39,45.39,45.39,45.39,285
2025-01-21 18:45:00,45.405,45.405,45.405,45.405,113
2025-01-21 18:47:00,45.43,45.43,45.43,45.43,147
2025-01-21 18:49:00,45.39,45.39,45.39,45.39,118
2025-01-21 18:51:00,45.41,45.41,45.41,45.41,966
2025-01-21 18:53:00,45.43,45.46,45.43,45.46,772
2025-01-21 18:55:00,45.42,45.42,45.42,45.42,108
2025-01-21 18:56:00,45.42,45.42,45.42,45.42,483
2025-01-21 19:00:00,45.38,45.39,45.38,45.39,1489
2025-01-21 19:02:00,45.39,45.39,45.39,45.39,196
2025-01-21 19:07:00,45.38,45.38,45.38,45.38,265
2025-01-21 19:18:00,45.4294,45.4294,45.4294,45.4294,453
2025-01-21 19:20:00,45.35,45.37,45.35,45.35,1211
2025-01-21 19:32:00,45.28,45.28,45.28,45.28,140
2025-01-21 19:46:00,45.305,45.305,45.305,45.305,214
2025-01-21 19:58:00,45.33,45.33,45.32,45.32,485
2025-01-21 19:59:00,45.3356,45.3356,45.3356,45.3356,1469
2025-01-21 20:09:00,45.32,45.32,45.32,45.32,159
2025-01-21 20:14:00,45.32,45.32,45.32,45.32,557
2025-01-21 20:15:00,45.33,45.35,45.29,45.31,5994
2025-01-21 20:16:00,45.31,45.33,45.31,45.33,570
2025-01-21 20:21:00,45.33,45.345,45.33,45.33,1111
2025-01-21 20:22:00,45.35,45.35,45.35,45.35,378
2025-01-21 20:23:00,45.34,45.35,45.34,45.35,838
2025-01-21 20:24:00,45.3598,45.36,45.35,45.355,1634
2025-01-21 20:29:00,45.3674,45.37,45.35,45.35,1180
2025-01-21 20:30:00,45.35,45.35,45.31,45.32,2494
2025-01-21 20:33:00,45.35,45.35,45.33,45.33,776
2025-01-21 20:34:00,45.33,45.33,45.31,45.31,1549
2025-01-21 20:35:00,45.31,45.31,45.28,45.28,1121
2025-01-21 20:36:00,45.28,45.28,45.26,45.27,1049
2025-01-21 20:38:00,45.2477,45.28,45.2477,45.28,756
2025-01-21 20:39:00,45.27,45.27,45.26,45.26,282
2025-01-21 20:41:00,45.285,45.29,45.28,45.28,1199
2025-01-21 20:44:00,45.275,45.275,45.275,45.275,304
2025-01-21 20:47:00,45.25,45.25,45.25,45.25,477
2025-01-21 20:48:00,45.26,45.26,45.26,45.26,595
2025-01-21 20:49:00,45.25,45.28,45.25,45.25,1007
2025-01-21 20:50:00,45.275,45.29,45.27,45.29,965
2025-01-21 20:51:00,45.3,45.31,45.285,45.3,2906
2025-01-21 20:52:00,45.31,45.31,45.31,45.31,620
2025-01-21 20:54:00,45.29,45.29,45.29,45.29,470
2025-01-21 20:55:00,45.305,45.305,45.29,45.29,639
2025-01-21 20:56:00,45.298,45.33,45.29,45.31,5042
2025-01-21 20:57:00,45.31,45.31,45.3,45.3,2117
2025-01-21 20:58:00,45.31,45.34,45.31,45.34,3162
2025-01-21 20:59:00,45.34,45.38,45.33,45.34,3725
2025-01-21 21:00:00,45.38,45.38,45.38,45.38,463
2025-01-22 14:30:00,45.64,45.81,45.64,45.81,1612
2025-01-22 14:31:00,45.82,45.82,45.77,45.77,1158
2025-01-22 14:33:00,45.76,45.76,45.73,45.73,715
2025-01-22 14:35:00,45.74,45.74,45.68,45.68,315
2025-01-22 14:37:00,45.68,45.715,45.66,45.715,1176
2025-01-22 14:38:00,45.63,45.63,45.63,45.63,516
2025-01-22 14:39:00,45.61,45.64,45.61,45.64,331
2025-01-22 14:40:00,45.66,45.68,45.66,45.67,1019
2025-01-22 14:42:00,45.68,45.68,45.68,45.68,100
2025-01-22 14:43:00,45.68,45.68,45.68,45.68,260
2025-01-22 14:45:00,45.66,45.68,45.66,45.68,462
2025-01-22 14:48:00,45.73,45.73,45.73,45.73,117
2025-01-22 14:55:00,45.7,45.7,45.7,45.7,101
2025-01-22 14:56:00,45.72,45.72,45.72,45.72,167
2025-01-22 14:58:00,45.72,45.73,45.72,45.73,320
2025-01-22 15:00:00,45.73,45.73,45.72,45.72,217
2025-01-22 15:03:00,45.72,45.74,45.72,45.74,649
2025-01-22 15:11:00,45.79,45.8,45.71,45.75,3971
2025-01-22 15:12:00,45.75,45.75,45.73,45.73,500
2025-01-22 15:21:00,45.73,45.75,45.72,45.72,1069
2025-01-22 15:25:00,45.67,45.69,45.67,45.69,210
2025-01-22 15:26:00,45.67,45.67,45.66,45.66,367
2025-01-22 15:28:00,45.63,45.63,45.63,45.63,162
2025-01-22 15:30:00,45.63,45.65,45.62,45.62,897
2025-01-22 15:31:00,45.6,45.6,45.59,45.6,401
2025-01-22 15:35:00,45.61,45.61,45.61,45.61,123
2025-01-22 15:36:00,45.65,45.65,45.65,45.65,202
2025-01-22 15:40:00,45.65,45.65,45.64,45.64,790
2025-01-22 15:42:00,45.62,45.63,45.61,45.63,1019
2025-01-22 15:43:00,45.6,45.6,45.59,45.6,838
2025-01-22 15:44:00,45.625,45.625,45.625,45.625,109
2025-01-22 15:47:00,45.57,45.59,45.57,45.57,699
2025-01-22 15:50:00,45.58,45.6,45.58,45.6,615
2025-01-22 15:53:00,45.615,45.615,45.615,45.615,131
2025-01-22 15:54:00,45.615,45.615,45.6,45.605,501
2025-01-22 15:55:00,45.61,45.61,45.61,45.61,164
2025-01-22 15:58:00,45.56,45.58,45.52,45.52,1348
2025-01-22 15:59:00,45.52,45.55,45.52,45.54,1310
2025-01-22 16:00:00,45.51,45.51,45.51,45.51,256
2025-01-22 16:02:00,45.48,45.5,45.45,45.4525,950
2025-01-22 16:03:00,45.49,45.49,45.49,45.49,102
2025-01-22 16:04:00,45.5,45.5,45.5,45.5,354
2025-01-22 16:07:00,45.515,45.515,45.49,45.49,202
2025-01-22 16:10:00,45.49,45.49,45.49,45.49,194
2025-01-22 16:11:00,45.47,45.47,45.47,45.47,141
2025-01-22 16:12:00,45.49,45.49,45.49,45.49,235
2025-01-22 16:13:00,45.495,45.495,45.49,45.495,370
2025-01-22 16:14:00,45.48,45.48,45.48,45.48,115
2025-01-22 16:15:00,45.485,45.5195,45.485,45.5195,1860
2025-01-22 16:16:00,45.485,45.53,45.485,45.52,1799
2025-01-22 16:17:00,45.56,45.595,45.56,45.595,836
2025-01-22 16:18:00,45.585,45.69,45.585,45.69,819
2025-01-22 16:19:00,45.6,45.6,45.58,45.58,547
2025-01-22 16:20:00,45.585,45.585,45.58,45.58,325
2025-01-22 16:22:00,45.6836,45.6836,45.6836,45.6836,185
2025-01-22 16:23:00,45.63,45.63,45.62,45.62,547
2025-01-22 16:24:00,45.67,45.67,45.67,45.67,202
2025-01-22 16:25:00,45.69,45.69,45.69,45.69,253
2025-01-22 16:27:00,45.72,45.72,45.67,45.67,494
2025-01-22 16:29:00,45.72,45.72,45.72,45.72,475
2025-01-22 16:30:00,45.71,45.71,45.71,45.71,322
2025-01-22 16:32:00,45.7143,45.7143,45.7005,45.7005,560
2025-01-22 16:33:00,45.7,45.7,45.7,45.7,227
2025-01-22 16:34:00,45.72,45.72,45.72,45.72,101
2025-01-22 16:36:00,45.745,45.745,45.74,45.74,464
2025-01-22 16:37:00,45.77,45.795,45.77,45.78,753
2025-01-22 16:40:00,45.86,45.86,45.757658,45.757658,557
2025-01-22 16:42:00,45.81,45.81,45.81,45.81,213
2025-01-22 16:45:00,45.84,45.84,45.84,45.84,107
2025-01-22 16:46:00,45.7477,45.7477,45.7477,45.7477,336
2025-01-22 16:52:00,45.81,45.81,45.81,45.81,492
2025-01-22 16:55:00,45.86,45.86,45.84,45.84,483
2025-01-22 16:57:00,45.8439,45.8439,45.8439,45.8439,308
2025-01-22 16:58:00,45.8,45.82,45.8,45.82,405
2025-01-22 16:59:00,45.8428,45.8428,45.81,45.82,305
2025-01-22 17:00:00,45.85,45.85,45.85,45.85,154
2025-01-22 17:01:00,45.825,45.825,45.825,45.825,124
2025-01-22 17:05:00,45.84,45.84,45.84,45.84,671
2025-01-22 17:06:00,45.83,45.85,45.83,45.84,689
2025-01-22 17:07:00,45.84,45.84,45.84,45.84,152
2025-01-22 17:08:00,45.87,45.9,45.87,45.9,713
2025-01-22 17:11:00,45.89,45.9,45.87,45.87,1082
2025-01-22 17:15:00,45.89,45.89,45.89,45.89,103
2025-01-22 17:16:00,45.9099,45.9099,45.9099,45.9099,106
2025-01-22 17:20:00,45.88,45.88,45.88,45.88,174
2025-01-22 17:26:00,45.845,45.845,45.845,45.845,143
2025-01-22 17:29:00,45.845,45.845,45.845,45.845,154
2025-01-22 17:33:00,45.84,45.84,45.84,45.84,108
2025-01-22 17:35:00,45.86,45.86,45.86,45.86,562
2025-01-22 17:36:00,45.87,45.87,45.84,45.84,694
2025-01-22 17:37:00,45.82,45.85,45.82,45.85,2477
2025-01-22 17:38:00,45.83,45.83,45.83,45.83,236
2025-01-22 17:41:00,45.825,45.825,45.825,45.825,210
2025-01-22 17:42:00,45.8489,45.87,45.8489,45.855,3201
2025-01-22 17:44:00,45.8383,45.8445,45.8383,45.8445,709
2025-01-22 17:45:00,45.845,45.8794,45.845,45.8794,1279
2025-01-22 17:48:00,45.87,45.87,45.87,45.87,153
2025-01-22 17:53:00,45.85,45.85,45.85,45.85,155
2025-01-22 17:55:00,45.83,45.855,45.83,45.855,389
2025-01-22 17:56:00,45.84,45.84,45.83,45.83,844
2025-01-22 18:10:00,45.7586,45.7586,45.7586,45.7586,299
2025-01-22 18:12:00,45.7501,45.7501,45.7501,45.7501,107
2025-01-22 18:15:00,45.7923,45.7923,45.7923,45.7923,153
2025-01-22 18:16:00,45.82,45.82,45.82,45.82,376
2025-01-22 18:18:00,45.8,45.8,45.8,45.8,590
2025-01-22 18:19:00,45.7873,45.805,45.7873,45.8,2619
2025-01-22 18:20:00,45.77,45.77,45.77,45.77,376
2025-01-22 18:21:00,45.78,45.78,45.78,45.78,455
2025-01-22 18:22:00,45.78,45.78,45.78,45.78,186
2025-01-22 18:26:00,45.78,45.78,45.765,45.765,488
2025-01-22 18:27:00,45.7312,45.7312,45.7312,45.7312,698
2025-01-22 18:28:00,45.73,45.75,45.73,45.75,260
2025-01-22 18:41:00,45.73,45.73,45.73,45.73,434
2025-01-22 18:44:00,45.72,45.72,45.72,45.72,120
2025-01-22 18:45:00,45.74,45.765,45.74,45.75,1804
2025-01-22 18:46:00,45.73,45.75,45.73,45.75,312
2025-01-22 18:51:00,45.76,45.76,45.76,45.76,193
2025-01-22 18:53:00,45.75,45.75,45.75,45.75,125
2025-01-22 18:55:00,45.73,45.73,45.73,45.73,578
2025-01-22 19:01:00,45.63,45.63,45.63,45.63,301
2025-01-22 19:02:00,45.66,45.66,45.66,45.66,120
2025-01-22 19:05:00,45.655,45.655,45.655,45.655,1239
2025-01-22 19:10:00,45.65,45.65,45.65,45.65,100
2025-01-22 19:18:00,45.6433,45.6433,45.6433,45.6433,149
2025-01-22 19:20:00,45.63,45.64,45.5512,45.5512,618
2025-01-22 19:21:00,45.64,45.67,45.64,45.67,301
2025-01-22 19:27:00,45.627,45.627,45.627,45.627,404
2025-01-22 19:30:00,45.58,45.58,45.55,45.55,940
2025-01-22 19:31:00,45.57,45.57,45.57,45.57,1425
2025-01-22 19:32:00,45.58,45.58,45.58,45.58,131
2025-01-22 19:39:00,45.63,45.63,45.63,45.63,559
2025-01-22 19:40:00,45.65,45.65,45.63,45.63,592
2025-01-22 19:41:00,45.62,45.62,45.62,45.62,209
2025-01-22 19:49:00,45.64,45.64,45.64,45.64,515
2025-01-22 19:50:00,45.65,45.65,45.65,45.65,633
2025-01-22 19:58:00,45.6,45.6,45.6,45.6,155
2025-01-22 19:59:00,45.58,45.58,45.58,45.58,247
2025-01-22 20:00:00,45.57,45.57,45.57,45.57,478
2025-01-22 20:01:00,45.56,45.57,45.54,45.54,1046
2025-01-22 20:02:00,45.57,45.63,45.57,45.63,6539
2025-01-22 20:06:00,45.57,45.59,45.54,45.56,3344
2025-01-22 20:07:00,45.57,45.57,45.54,45.57,3363
2025-01-22 20:08:00,45.555,45.555,45.52,45.55,2409
2025-01-22 20:09:00,45.54,45.63,45.54,45.59,2247
2025-01-22 20:10:00,45.595,45.595,45.56,45.5825,1993
2025-01-22 20:12:00,45.58,45.595,45.58,45.595,516
2025-01-22 20:13:00,45.58,45.61,45.58,45.61,1089
2025-01-22 20:14:00,45.63,45.65,45.63,45.65,643
2025-01-22 20:15:00,45.65,45.675,45.65,45.65,2030
2025-01-22 20:17:00,45.67,45.67,45.651,45.651,226
2025-01-22 20:18:00,45.67,45.67,45.65,45.65,998
2025-01-22 20:22:00,45.62,45.62,45.62,45.62,616
2025-01-22 20:24:00,45.62,45.62,45.62,45.62,930
2025-01-22 20:28:00,45.6,45.605,45.6,45.605,540
2025-01-22 20:30:00,45.585,45.605,45.55,45.55,1036
2025-01-22 20:31:00,45.58,45.59,45.58,45.59,982
2025-01-22 20:34:00,45.6,45.6,45.561,45.561,434
2025-01-22 20:35:00,45.58,45.58,45.58,45.58,116
2025-01-22 20:36:00,45.56,45.56,45.56,45.56,600
2025-01-22 20:38:00,45.56,45.57,45.54,45.541,2180
2025-01-22 20:39:00,45.565,45.565,45.565,45.565,527
2025-01-22 20:40:00,45.55,45.56,45.54,45.55,1306
2025-01-22 20:42:00,45.5249,45.56,45.5249,45.531,1912
2025-01-22 20:43:00,45.53,45.54,45.53,45.54,1173
2025-01-22 20:44:00,45.55,45.55,45.52,45.525,1592
2025-01-22 20:45:00,45.53,45.53,45.53,45.53,512
2025-01-22 20:46:00,45.51,45.52,45.51,45.515,618
2025-01-22 20:47:00,45.53,45.53,45.53,45.53,1140
2025-01-22 20:48:00,45.52,45.52,45.52,45.52,190
2025-01-22 20:49:00,45.54,45.54,45.54,45.54,849
2025-01-22 20:50:00,45.55,45.55,45.52,45.52,2153
2025-01-22 20:51:00,45.53,45.54,45.52,45.54,1322
2025-01-22 20:52:00,45.53,45.53,45.53,45.53,786
2025-01-22 20:53:00,45.51,45.51,45.51,45.51,463
2025-01-22 20:54:00,45.51,45.52,45.5,45.51,1678
2025-01-22 20:55:00,45.505,45.505,45.49,45.5,3281
2025-01-22 20:56:00,45.51,45.51,45.501,45.501,1264
2025-01-22 20:57:00,45.5,45.51,45.5,45.51,2416
2025-01-22 20:58:00,45.51,45.51,45.49,45.51,5667
2025-01-22 20:59:00,45.52,45.57,45.48,45.48,6534
2025-01-23 00:51:00,45.3501,45.3501,45.3501,45.3501,1000
2025-01-23 14:30:00,45.38,45.38,45.1,45.1,2043
2025-01-23 14:31:00,45.1,45.1,45.1,45.1,111
2025-01-23 14:34:00,45.13,45.13,45.13,45.13,210
2025-01-23 14:37:00,45.23,45.23,45.23,45.23,102
2025-01-23 14:43:00,45.115,45.115,45.1,45.1,352
2025-01-23 14:50:00,45.14,45.14,45.14,45.14,879
2025-01-23 15:19:00,45.13,45.15,45.13,45.13,1272
2025-01-23 15:20:00,45.12,45.12,45.12,45.12,678
2025-01-23 15:21:00,45.14,45.17,45.14,45.17,1063
2025-01-23 15:33:00,45.18,45.18,45.18,45.18,267
2025-01-23 15:40:00,45.11,45.11,45.11,45.11,1161
2025-01-23 15:45:00,45.18,45.205,45.18,45.205,1293
2025-01-23 15:47:00,45.16,45.16,45.15,45.15,443
2025-01-23 15:50:00,45.135,45.135,45.135,45.135,127
2025-01-23 15:57:00,45.08,45.08,45.08,45.08,224
2025-01-23 15:59:00,45.09,45.09,45.09,45.09,650
2025-01-23 16:00:00,45.115,45.12,45.115,45.12,225
2025-01-23 16:02:00,45.15,45.15,45.15,45.15,217
2025-01-23 16:03:00,45.12,45.12,45.12,45.12,135
2025-01-23 16:05:00,45.12,45.12,45.12,45.12,130
2025-01-23 16:11:00,45.09,45.09,45.08,45.08,421
2025-01-23 16:23:00,45.2,45.21,45.17,45.2,1653
2025-01-23 16:24:00,45.18,45.18,45.18,45.18,141
2025-01-23 16:25:00,45.17,45.17,45.15,45.15,742
2025-01-23 16:29:00,45.175,45.175,45.175,45.175,145
2025-01-23 16:36:00,45.215,45.215,45.215,45.215,100
2025-01-23 16:38:00,45.15,45.15,45.15,45.15,111
2025-01-23 16:39:00,45.22,45.22,45.22,45.22,108
2025-01-23 16:42:00,45.14,45.14,45.13,45.13,337
2025-01-23 16:45:00,45.25,45.25,45.225,45.225,447
2025-01-23 16:59:00,45.2,45.2,45.2,45.2,405
2025-01-23 17:00:00,45.165,45.165,45.165,45.165,150
2025-01-23 17:05:00,45.22,45.26,45.22,45.22,1394
2025-01-23 17:09:00,45.23,45.23,45.23,45.23,104
2025-01-23 17:12:00,45.26,45.26,45.26,45.26,403
2025-01-23 17:14:00,45.31,45.31,45.31,45.31,434
2025-01-23 17:18:00,45.27,45.27,45.27,45.27,240
2025-01-23 17:19:00,45.26,45.26,45.24,45.24,621
2025-01-23 17:20:00,45.24,45.24,45.23,45.23,881
2025-01-23 17:27:00,45.215,45.215,45.215,45.215,150
2025-01-23 17:32:00,45.225,45.225,45.225,45.225,115
2025-01-23 17:36:00,45.28,45.28,45.255,45.28,364
2025-01-23 17:37:00,45.255,45.255,45.255,45.255,973
2025-01-23 17:38:00,45.2795,45.2795,45.2795,45.2795,566
2025-01-23 17:40:00,45.28,45.28,45.28,45.28,693
2025-01-23 17:42:00,45.289,45.33,45.28,45.33,2117
2025-01-23 17:46:00,45.33,45.33,45.28,45.28,947
2025-01-23 17:57:00,45.33,45.36,45.33,45.36,642
2025-01-23 17:58:00,45.36,45.36,45.36,45.36,307
2025-01-23 18:01:00,45.345,45.345,45.345,45.345,132
2025-01-23 18:03:00,45.35,45.35,45.35,45.35,143
2025-01-23 18:08:00,45.37,45.37,45.37,45.37,536
2025-01-23 18:17:00,45.35,45.35,45.35,45.35,704
2025-01-23 18:21:00,45.3,45.325,45.3,45.325,509
2025-01-23 18:22:00,45.275,45.275,45.275,45.275,395
2025-01-23 18:26:00,45.265,45.265,45.265,45.265,301
2025-01-23 18:28:00,45.27,45.27,45.23,45.23,305
2025-01-23 18:40:00,45.2705,45.2705,45.2705,45.2705,410
2025-01-23 18:42:00,45.265,45.265,45.26,45.26,653
2025-01-23 18:43:00,45.23,45.2863,45.23,45.255,1194
2025-01-23 18:45:00,45.256,45.256,45.25,45.25,1100
2025-01-23 18:46:00,45.28,45.28,45.28,45.28,301
2025-01-23 18:47:00,45.29,45.29,45.29,45.29,469
2025-01-23 18:57:00,45.25,45.26,45.22,45.25,7832
2025-01-23 19:05:00,45.2,45.2,45.2,45.2,107
2025-01-23 19:11:00,45.19,45.19,45.19,45.19,109
2025-01-23 19:15:00,45.2,45.2,45.19,45.19,311
2025-01-23 19:27:00,45.19,45.19,45.18,45.18,312
2025-01-23 19:34:00,45.21,45.2394,45.18,45.18,678
2025-01-23 19:37:00,45.18,45.18,45.18,45.18,109
2025-01-23 19:38:00,45.21,45.21,45.21,45.21,406
2025-01-23 19:40:00,45.22,45.22,45.215,45.215,607
2025-01-23 19:41:00,45.22,45.22,45.22,45.22,307
2025-01-23 19:46:00,45.18,45.18,45.18,45.18,108
2025-01-23 19:59:00,45.18,45.18,45.18,45.18,326
2025-01-23 20:00:00,45.16,45.16,45.16,45.16,380
2025-01-23 20:04:00,45.165,45.165,45.165,45.165,237
2025-01-23 20:06:00,45.19,45.19,45.19,45.19,245
2025-01-23 20:07:00,45.1899,45.19,45.1899,45.19,732
2025-01-23 20:08:00,45.16,45.16,45.16,45.16,256
2025-01-23 20:10:00,45.22,45.22,45.22,45.22,291
2025-01-23 20:13:00,45.2199,45.2199,45.1971,45.1971,718
2025-01-23 20:16:00,45.22,45.22,45.22,45.22,880
2025-01-23 20:18:00,45.235,45.2692,45.235,45.2692,1338
2025-01-23 20:19:00,45.2697,45.2697,45.2697,45.2697,360
2025-01-23 20:21:00,45.23,45.23,45.23,45.23,118
2025-01-23 20:25:00,45.26,45.26,45.26,45.26,179
2025-01-23 20:26:00,45.23,45.24,45.23,45.24,622
2025-01-23 20:27:00,45.22,45.29,45.22,45.29,351
2025-01-23 20:28:00,45.245,45.245,45.245,45.245,216
2025-01-23 20:30:00,45.24,45.24,45.2,45.2,724
2025-01-23 20:31:00,45.24,45.24,45.2,45.2,656
2025-01-23 20:32:00,45.19,45.19,45.19,45.19,591
2025-01-23 20:33:00,45.17,45.17,45.17,45.17,190
2025-01-23 20:34:00,45.16,45.17,45.15,45.17,664
2025-01-23 20:35:00,45.18,45.18,45.18,45.18,730
2025-01-23 20:38:00,45.18,45.18,45.18,45.18,244
2025-01-23 20:39:00,45.17,45.17,45.17,45.17,221
2025-01-23 20:41:00,45.16,45.16,45.16,45.16,385
2025-01-23 20:43:00,45.15,45.175,45.15,45.175,335
2025-01-23 20:44:00,45.19,45.2,45.19,45.2,737
2025-01-23 20:50:00,45.22,45.3,45.2,45.3,1861
2025-01-23 20:51:00,45.28,45.28,45.28,45.28,670
2025-01-23 20:52:00,45.29,45.3,45.29,45.29,1887
2025-01-23 20:53:00,45.28,45.28,45.26,45.26,496
2025-01-23 20:54:00,45.28,45.29,45.28,45.28,837
2025-01-23 20:55:00,45.3,45.315,45.3,45.31,969
2025-01-23 20:56:00,45.29,45.32,45.29,45.31,1397
2025-01-23 20:57:00,45.31,45.32,45.29,45.29,2440
2025-01-23 20:58:00,45.32,45.32,45.32,45.32,882
2025-01-23 20:59:00,45.31,45.31,45.29,45.29,2081
2025-01-23 21:00:00,45.32,45.32,45.32,45.32,238
2025-01-23 22:11:00,45.24,45.24,45.24,45.24,157
2025-01-24 14:30:00,45.72,45.72,45.72,45.72,1958
2025-01-24 14:42:00,45.56,45.56,45.56,45.56,106
2025-01-24 14:54:00,45.71,45.71,45.71,45.71,100
2025-01-24 14:55:00,45.51,45.51,45.51,45.51,324
2025-01-24 14:58:00,45.51,45.511,45.51,45.511,923
2025-01-24 15:01:00,45.645,45.645,45.645,45.645,115
2025-01-24 15:02:00,45.57,45.57,45.57,45.57,130
2025-01-24 15:07:00,45.57,45.57,45.57,45.57,466
2025-01-24 15:08:00,45.73,45.73,45.73,45.73,105
2025-01-24 15:09:00,45.74,45.8134,45.705,45.705,11540
2025-01-24 15:13:00,45.71,45.72,45.62,45.63,2433
2025-01-24 15:14:00,45.715,45.715,45.61,45.61,201
2025-01-24 15:15:00,45.66,45.66,45.66,45.66,155
2025-01-24 15:21:00,45.65,45.65,45.64,45.64,200
2025-01-24 15:24:00,45.715,45.715,45.715,45.715,110
2025-01-24 15:34:00,45.725,45.725,45.725,45.725,100
2025-01-24 15:46:00,45.705,45.705,45.705,45.705,125
2025-01-24 15:48:00,45.67,45.67,45.67,45.67,223
2025-01-24 15:49:00,45.71,45.8,45.68,45.8,13852
2025-01-24 15:50:00,45.73,45.75,45.73,45.75,503
2025-01-24 15:54:00,45.7,45.7,45.7,45.7,300
2025-01-24 15:55:00,45.72,45.72,45.72,45.72,126
2025-01-24 15:56:00,45.7,45.7,45.7,45.7,697
2025-01-24 15:59:00,45.69,45.69,45.68,45.69,1092
2025-01-24 16:03:00,45.72,45.72,45.69,45.7,1290
2025-01-24 16:04:00,45.72,45.72,45.72,45.72,132
2025-01-24 16:05:00,45.72,45.72,45.7017,45.7017,430
2025-01-24 16:07:00,45.705,45.705,45.705,45.705,203
2025-01-24 16:09:00,45.72,45.72,45.72,45.72,8410
2025-01-24 16:10:00,45.765,45.78,45.765,45.78,1134
2025-01-24 16:11:00,45.765,45.765,45.765,45.765,202
2025-01-24 16:14:00,45.79,45.79,45.79,45.79,503
2025-01-24 16:16:00,45.79,45.8,45.79,45.8,552
2025-01-24 16:19:00,45.79,45.81,45.79,45.81,528
2025-01-24 16:20:00,45.8007,45.8007,45.8007,45.8007,128
2025-01-24 16:21:00,45.845,45.845,45.845,45.845,420
2025-01-24 16:24:00,45.88,45.89,45.84,45.89,4333
2025-01-24 16:27:00,45.875,45.875,45.875,45.875,202
2025-01-24 16:30:00,45.9,45.9,45.9,45.9,302
2025-01-24 16:31:00,45.91,45.91,45.91,45.91,162
2025-01-24 16:36:00,45.925,45.925,45.925,45.925,179
2025-01-24 16:39:00,45.9,45.915,45.9,45.915,371
2025-01-24 16:42:00,45.925,45.925,45.925,45.925,120
2025-01-24 16:44:00,45.91,45.91,45.9,45.9,590
2025-01-24 16:45:00,45.87,45.87,45.87,45.87,499
2025-01-24 16:57:00,45.8922,45.8922,45.8922,45.8922,370
2025-01-24 17:00:00,45.84,45.84,45.815,45.815,626
2025-01-24 17:01:00,45.8117,45.86,45.8117,45.86,807
2025-01-24 17:02:00,45.87,45.87,45.87,45.87,128
2025-01-24 17:03:00,45.86,45.86,45.86,45.86,307
2025-01-24 17:04:00,45.86,45.88,45.86,45.88,1158
2025-01-24 17:09:00,45.94,45.96,45.93,45.96,518
2025-01-24 17:10:00,45.97,45.97,45.97,45.97,116
2025-01-24 17:12:00,45.95,45.96,45.95,45.96,772
2025-01-24 17:13:00,45.95,45.95,45.95,45.95,169
2025-01-24 17:14:00,45.95,45.95,45.95,45.95,132
2025-01-24 17:15:00,45.95,45.95,45.95,45.95,100
2025-01-24 17:16:00,45.945,45.945,45.945,45.945,234
2025-01-24 17:18:00,45.93,45.93,45.895,45.895,396
2025-01-24 17:21:00,45.93,45.93,45.93,45.93,336
2025-01-24 17:23:00,45.94,45.95,45.935,45.95,869
2025-01-24 17:24:00,45.9596,45.9596,45.9596,45.9596,510
2025-01-24 17:27:00,45.92,45.94,45.92,45.94,945
2025-01-24 17:29:00,45.9393,45.9393,45.9209,45.9209,1018
2025-01-24 17:31:00,45.92,45.92,45.92,45.92,103
2025-01-24 17:32:00,45.9,45.91,45.855,45.855,582
2025-01-24 17:37:00,45.9143,45.9143,45.9143,45.9143,373
2025-01-24 17:38:00,45.91,45.91,45.91,45.91,131
2025-01-24 17:39:00,45.88,45.9,45.88,45.9,454
2025-01-24 17:42:00,45.88,45.88,45.86,45.87,1027
2025-01-24 17:48:00,45.85,45.85,45.85,45.85,487
2025-01-24 17:49:00,45.82,45.82,45.82,45.82,193
2025-01-24 17:54:00,45.79,45.79,45.79,45.79,421
2025-01-24 17:55:00,45.76,45.76,45.76,45.76,115
2025-01-24 18:02:00,45.6826,45.6826,45.6826,45.6826,282
2025-01-24 18:07:00,45.73,45.74,45.73,45.74,911
2025-01-24 18:08:00,45.73,45.73,45.73,45.73,124
2025-01-24 18:09:00,45.73,45.78,45.73,45.78,748
2025-01-24 18:16:00,45.775,45.775,45.73,45.73,929
2025-01-24 18:24:00,45.76,45.8,45.76,45.8,997
2025-01-24 18:26:00,45.7986,45.7986,45.7986,45.7986,144
2025-01-24 18:27:00,45.79,45.79,45.79,45.79,316
2025-01-24 18:28:00,45.7273,45.7273,45.7273,45.7273,255
2025-01-24 18:30:00,45.72,45.72,45.72,45.72,307
2025-01-24 18:40:00,45.77,45.77,45.77,45.77,210
2025-01-24 18:44:00,45.775,45.79,45.76,45.76,623
2025-01-24 18:46:00,45.74,45.74,45.74,45.74,201
2025-01-24 18:50:00,45.71,45.71,45.695,45.695,336
2025-01-24 18:51:00,45.74,45.74,45.6809,45.6809,236
2025-01-24 18:56:00,45.72,45.72,45.69,45.69,593
2025-01-24 19:01:00,45.69,45.69,45.69,45.69,111
2025-01-24 19:03:00,45.69,45.69,45.68,45.68,308
2025-01-24 19:06:00,45.67,45.67,45.67,45.67,390
2025-01-24 19:09:00,45.64,45.64,45.64,45.64,226
2025-01-24 19:10:00,45.69,45.7,45.69,45.69,540
2025-01-24 19:12:00,45.7,45.7,45.7,45.7,329
2025-01-24 19:23:00,45.7296,45.7296,45.7296,45.7296,445
2025-01-24 19:25:00,45.729,45.75,45.729,45.75,696
2025-01-24 19:26:00,45.73,45.73,45.73,45.73,305
2025-01-24 19:30:00,45.75,45.75,45.75,45.75,104
2025-01-24 19:34:00,45.72,45.72,45.72,45.72,477
2025-01-24 19:40:00,45.71,45.71,45.69,45.69,455
2025-01-24 19:41:00,45.7,45.7,45.7,45.7,374
2025-01-24 19:42:00,45.69,45.69,45.68,45.68,435
2025-01-24 19:43:00,45.68,45.69,45.68,45.69,329
2025-01-24 19:47:00,45.7,45.7,45.7,45.7,359
2025-01-24 19:52:00,45.73,45.73,45.72,45.72,279
2025-01-24 19:53:00,45.71,45.71,45.71,45.71,142
2025-01-24 19:57:00,45.7,45.71,45.7,45.71,788
2025-01-24 20:01:00,45.7,45.7,45.7,45.7,432
2025-01-24 20:03:00,45.72,45.72,45.72,45.72,103
2025-01-24 20:09:00,45.7,45.7,45.69,45.69,437
2025-01-24 20:12:00,45.68,45.6832,45.68,45.6832,638
2025-01-24 20:13:00,45.68,45.68,45.68,45.68,618
2025-01-24 20:14:00,45.69,45.69,45.69,45.69,366
2025-01-24 20:16:00,45.68,45.68,45.68,45.68,133
2025-01-24 20:17:00,45.68,45.68,45.68,45.68,193
2025-01-24 20:19:00,45.67,45.67,45.66,45.66,634
2025-01-24 20:27:00,45.64,45.64,45.64,45.64,640
2025-01-24 20:28:00,45.64,45.64,45.64,45.64,306
2025-01-24 20:31:00,45.64,45.64,45.64,45.64,546
2025-01-24 20:32:00,45.65,45.65,45.65,45.65,378
2025-01-24 20:33:00,45.64,45.64,45.64,45.64,366
2025-01-24 20:34:00,45.63,45.63,45.61,45.61,820
2025-01-24 20:37:00,45.6,45.6,45.6,45.6,720
2025-01-24 20:38:00,45.62,45.62,45.62,45.62,278
2025-01-24 20:39:00,45.6,45.6,45.59,45.59,819
2025-01-24 20:40:00,45.59,45.6,45.59,45.6,545
2025-01-24 20:42:00,45.59,45.61,45.59,45.61,786
2025-01-24 20:43:00,45.595,45.595,45.595,45.595,464
2025-01-24 20:45:00,45.595,45.595,45.595,45.595,225
2025-01-24 20:46:00,45.59,45.59,45.58,45.58,936
2025-01-24 20:48:00,45.57,45.58,45.57,45.58,588
2025-01-24 20:50:00,45.55,45.56,45.55,45.56,641
2025-01-24 20:51:00,45.54,45.54,45.54,45.54,817
2025-01-24 20:53:00,45.53,45.53,45.53,45.53,281
2025-01-24 20:54:00,45.53,45.53,45.51,45.51,845
2025-01-24 20:55:00,45.505,45.53,45.5,45.53,1003
2025-01-24 20:56:00,45.52,45.52,45.51,45.51,1322
2025-01-24 20:57:00,45.51,45.54,45.51,45.54,4542
2025-01-24 20:58:00,45.545,45.545,45.54,45.54,1903
2025-01-24 20:59:00,45.54,45.62,45.52,45.62,5813
2025-01-24 21:00:00,45.61,45.61,45.61,45.61,100
2025-01-27 14:26:00,44.63,44.63,44.63,44.63,274
2025-01-27 14:29:00,44.6,44.75,44.6,44.75,1098
2025-01-27 14:30:00,44.63,44.63,44.58,44.58,4750
2025-01-27 14:32:00,44.49,44.49,44.47,44.47,419
2025-01-27 14:33:00,44.62,44.64,44.62,44.64,936
2025-01-27 14:40:00,44.7087,44.7087,44.7087,44.7087,152
2025-01-27 14:43:00,44.8,44.8,44.8,44.8,151
2025-01-27 14:44:00,44.72,44.72,44.72,44.72,101
2025-01-27 14:49:00,44.760247,44.760247,44.760247,44.760247,343
2025-01-27 14:52:00,44.75,44.75,44.75,44.75,172
2025-01-27 14:59:00,44.98,44.98,44.92,44.92,462
2025-01-27 15:02:00,44.955,44.955,44.94,44.94,573
2025-01-27 15:03:00,44.96,45.045,44.96,45.0,1590
2025-01-27 15:11:00,44.99,44.99,44.99,44.99,182
2025-01-27 15:16:00,45.04,45.04,45.04,45.04,105
2025-01-27 15:17:00,44.9467,44.9467,44.9467,44.9467,100
2025-01-27 15:20:00,45.005,45.005,45.005,45.005,125
2025-01-27 15:21:00,45.08,45.08,45.08,45.08,162
2025-01-27 15:32:00,45.07,45.07,45.07,45.07,156
2025-01-27 15:33:00,45.07,45.07,45.07,45.07,294
2025-01-27 15:35:00,45.05,45.05,45.05,45.05,225
2025-01-27 15:36:00,45.04,45.0772,45.04,45.0772,327
2025-01-27 15:38:00,45.11,45.11,45.11,45.11,108
2025-01-27 15:46:00,45.11,45.11,45.0678,45.0678,1697
2025-01-27 15:48:00,45.015,45.015,45.015,45.015,142
2025-01-27 15:49:00,45.04,45.0499,45.04,45.0499,974
2025-01-27 15:50:00,45.03,45.03,45.03,45.03,455
2025-01-27 15:52:00,44.97,44.97,44.97,44.97,346
2025-01-27 15:56:00,45.005,45.005,45.005,45.005,100
2025-01-27 15:59:00,44.97,44.97,44.97,44.97,231
2025-01-27 16:00:00,44.97,44.97,44.97,44.97,154
2025-01-27 16:01:00,44.99,44.99,44.99,44.99,130
2025-01-27 16:02:00,44.99,44.99,44.99,44.99,530
2025-01-27 16:03:00,45.04,45.04,45.04,45.04,153
2025-01-27 16:07:00,44.97,44.97,44.97,44.97,151
2025-01-27 16:26:00,44.97,44.97,44.97,44.97,136
2025-01-27 16:29:00,44.92,44.92,44.92,44.92,245
2025-01-27 16:31:00,44.915,44.915,44.915,44.915,100
2025-01-27 16:36:00,44.93,44.93,44.91,44.91,358
2025-01-27 16:37:00,44.98,44.98,44.98,44.98,324
2025-01-27 16:40:00,44.94,44.94,44.93,44.93,322
2025-01-27 16:44:00,44.96,44.96,44.96,44.96,140
2025-01-27 16:53:00,44.915,44.915,44.915,44.915,222
2025-01-27 17:01:00,44.845,44.845,44.845,44.845,386
2025-01-27 17:02:00,44.845,44.845,44.845,44.845,101
2025-01-27 17:05:00,44.79,44.79,44.79,44.79,113
2025-01-27 17:11:00,44.8021,44.91,44.8021,44.91,595
2025-01-27 17:15:00,44.85,44.85,44.85,44.85,147
2025-01-27 17:16:00,44.83,44.83,44.83,44.83,136
2025-01-27 17:17:00,44.83,44.83,44.83,44.83,105
2025-01-27 17:18:00,44.85,44.85,44.85,44.85,136
2025-01-27 17:20:00,44.825,44.825,44.79,44.79,260
2025-01-27 17:21:00,44.85,44.85,44.85,44.85,154
2025-01-27 17:26:00,44.86,44.86,44.86,44.86,810
2025-01-27 17:30:00,44.92,44.92,44.92,44.92,381
2025-01-27 17:31:00,44.93,44.93,44.93,44.93,136
2025-01-27 17:33:00,44.87,44.93,44.87,44.93,562
2025-01-27 17:34:00,44.93,44.93,44.93,44.93,184
2025-01-27 17:35:00,44.9,44.9,44.9,44.9,124
2025-01-27 17:36:00,44.93,44.93,44.93,44.93,201
2025-01-27 17:38:00,44.93,44.93,44.93,44.93,243
2025-01-27 17:40:00,44.905,44.93,44.905,44.93,616
2025-01-27 17:44:00,44.91,44.95,44.91,44.91,897
2025-01-27 17:47:00,44.89,44.89,44.89,44.89,277
2025-01-27 17:52:00,44.925,44.93,44.925,44.93,413
2025-01-27 17:56:00,44.84,44.88,44.83,44.88,502
2025-01-27 17:57:00,44.91,44.91,44.91,44.91,154
2025-01-27 17:59:00,44.8771,44.8771,44.8771,44.8771,344
2025-01-27 18:00:00,44.88,44.88,44.88,44.88,266
2025-01-27 18:02:00,44.89,44.94,44.89,44.8902,372
2025-01-27 18:04:00,44.94,44.94,44.94,44.94,425
2025-01-27 18:06:00,44.97,44.97,44.97,44.97,670
2025-01-27 18:08:00,45.0,45.0,44.99,44.99,754
2025-01-27 18:11:00,45.055,45.06,45.05,45.05,317
2025-01-27 18:12:00,44.96,44.96,44.96,44.96,122
2025-01-27 18:13:00,45.03,45.03,45.03,45.03,123
2025-01-27 18:15:00,45.03,45.03,45.03,45.03,142
2025-01-27 18:18:00,45.01,45.02,45.01,45.02,202
2025-01-27 18:19:00,45.0,45.01,45.0,45.01,279
2025-01-27 18:20:00,45.01,45.01,45.01,45.01,100
2025-01-27 18:21:00,45.0,45.01,45.0,45.01,815
2025-01-27 18:23:00,45.07,45.07,45.07,45.07,151
2025-01-27 18:24:00,44.99,44.99,44.98,44.98,1099
2025-01-27 18:25:00,44.94,44.94,44.94,44.94,104
2025-01-27 18:26:00,44.94,44.94,44.94,44.94,2652
2025-01-27 18:27:00,45.0086,45.0086,45.0086,45.0086,318
2025-01-27 18:28:00,44.96,44.99,44.96,44.99,717
2025-01-27 18:29:00,44.94,44.98,44.9058,44.98,2060
2025-01-27 18:30:00,44.98,44.98,44.98,44.98,265
2025-01-27 18:31:00,44.91,44.91,44.91,44.91,230
2025-01-27 18:32:00,44.97,44.99,44.97,44.99,1311
2025-01-27 18:33:00,44.99,44.99,44.99,44.99,150
2025-01-27 18:34:00,44.99,44.99,44.99,44.99,178
2025-01-27 18:36:00,44.99,44.99,44.99,44.99,340
2025-01-27 18:38:00,44.98,44.98,44.94,44.94,992
2025-01-27 18:45:00,44.99,44.99,44.99,44.99,441
2025-01-27 18:49:00,44.96,44.96,44.96,44.96,108
2025-01-27 18:50:00,44.96,45.0,44.96,45.0,1164
2025-01-27 18:54:00,44.99,44.99,44.99,44.99,228
2025-01-27 19:05:00,45.0,45.0,45.0,45.0,213
2025-01-27 19:09:00,44.96,44.96,44.96,44.96,364
2025-01-27 19:16:00,45.01,45.01,45.01,45.01,277
2025-01-27 19:28:00,44.965,45.0091,44.965,45.0091,620
2025-01-27 19:31:00,44.92,44.965,44.92,44.965,344
2025-01-27 19:35:00,44.9875,44.9875,44.9875,44.9875,102
2025-01-27 19:36:00,45.01,45.01,45.01,45.01,485
2025-01-27 19:37:00,45.0,45.0,45.0,45.0,480
2025-01-27 19:38:00,45.01,45.01,45.01,45.01,334
2025-01-27 19:40:00,45.04,45.05,45.04,45.05,1197
2025-01-27 19:42:00,45.04,45.04,45.0,45.0,857
2025-01-27 19:43:00,45.0,45.0,45.0,45.0,153
2025-01-27 19:47:00,44.97,44.97,44.97,44.97,212
2025-01-27 19:48:00,44.97,44.97,44.96,44.97,963
2025-01-27 19:49:00,44.906812,44.906812,44.906812,44.906812,152
2025-01-27 19:56:00,44.93,44.93,44.93,44.93,128
2025-01-27 20:05:00,44.94,44.94,44.94,44.94,210
2025-01-27 20:09:00,44.9443,44.9443,44.9443,44.9443,192
2025-01-27 20:10:00,44.96,44.96,44.96,44.96,431
2025-01-27 20:12:00,44.941,44.941,44.941,44.941,134
2025-01-27 20:15:00,44.97,44.9999,44.97,44.9999,394
2025-01-27 20:17:00,45.02,45.02,44.984,44.984,926
2025-01-27 20:18:00,44.99,45.0,44.99,45.0,364
2025-01-27 20:19:00,44.9901,44.9901,44.9901,44.9901,467
2025-01-27 20:22:00,45.0,45.02,45.0,45.02,206
2025-01-27 20:23:00,45.03,45.03,45.03,45.03,237
2025-01-27 20:28:00,45.0,45.0,45.0,45.0,347
2025-01-27 20:31:00,44.98,44.98,44.9467,44.9467,459
2025-01-27 20:32:00,44.96,44.96,44.96,44.96,333
2025-01-27 20:36:00,44.98,44.98,44.98,44.98,296
2025-01-27 20:42:00,44.97,44.97,44.97,44.97,237
2025-01-27 20:43:00,45.0,45.0,45.0,45.0,295
2025-01-27 20:45:00,44.99,44.99,44.99,44.99,214
2025-01-27 20:46:00,45.01,45.01,44.99,44.99,371
2025-01-27 20:47:00,44.98,44.99,44.97,44.97,672
2025-01-27 20:48:00,44.965,44.985,44.965,44.98,659
2025-01-27 20:49:00,44.95,44.95,44.95,44.95,506
2025-01-27 20:50:00,44.99,45.01,44.98,45.0,1916
2025-01-27 20:51:00,45.0,45.01,45.0,45.01,414
2025-01-27 20:52:00,45.0,45.0,45.0,45.0,378
2025-01-27 20:53:00,44.98,44.98,44.965,44.965,927
2025-01-27 20:54:00,44.96,44.97,44.96,44.97,865
2025-01-27 20:55:00,44.98,45.01,44.98,44.99,1882
2025-01-27 20:56:00,45.01,45.02,45.0,45.02,2031
2025-01-27 20:57:00,45.02,45.07,45.02,45.07,2588
2025-01-27 20:58:00,45.09,45.09,45.09,45.09,1511
2025-01-27 20:59:00,45.09,45.13,45.09,45.13,3563
2025-01-27 21:00:00,45.12,45.12,45.12,45.12,348
2025-01-28 14:01:00,44.65,44.65,44.65,44.65,225
2025-01-28 14:30:00,45.0,45.0,45.0,45.0,1193
2025-01-28 14:32:00,44.82,44.82,44.82,44.82,101
2025-01-28 14:33:00,44.79,44.8,44.65,44.65,2168
2025-01-28 14:40:00,44.75,44.75,44.75,44.75,223
2025-01-28 14:44:00,44.75,44.75,44.75,44.75,445
2025-01-28 14:46:00,44.75,44.75,44.53,44.53,1509
2025-01-28 15:00:00,44.6,44.6,44.6,44.6,3433
2025-01-28 15:01:00,44.77,44.77,44.77,44.77,176
2025-01-28 15:05:00,44.69,44.69,44.69,44.69,376
2025-01-28 15:06:00,44.73,44.73,44.73,44.73,107
2025-01-28 15:08:00,44.67,44.67,44.64,44.64,227
2025-01-28 15:15:00,44.7,44.7,44.7,44.7,455
2025-01-28 15:17:00,44.633,44.633,44.633,44.633,512
2025-01-28 15:19:00,44.7,44.7,44.7,44.7,308
2025-01-28 15:22:00,44.71,44.71,44.71,44.71,275
2025-01-28 15:24:00,44.68,44.68,44.68,44.68,238
2025-01-28 15:27:00,44.71,44.71,44.71,44.71,108
2025-01-28 15:29:00,44.72,44.74,44.72,44.74,1195
2025-01-28 15:40:00,44.73,44.73,44.73,44.73,102
2025-01-28 15:46:00,44.73,44.73,44.71,44.71,1016
2025-01-28 15:57:00,44.76,44.77,44.76,44.77,215
2025-01-28 16:13:00,44.764,44.764,44.764,44.764,103
2025-01-28 16:17:00,44.73,44.73,44.73,44.73,184
2025-01-28 16:20:00,44.72,44.72,44.71,44.71,320
2025-01-28 16:24:00,44.69,44.7,44.69,44.7,481
2025-01-28 16:28:00,44.7,44.7,44.7,44.7,946
2025-01-28 16:29:00,44.7,44.7,44.69,44.69,402
2025-01-28 16:35:00,44.695,44.7,44.66,44.66,1660
2025-01-28 16:36:00,44.67,44.695,44.67,44.68,737
2025-01-28 16:37:00,44.73,44.73,44.73,44.73,139
2025-01-28 16:38:00,44.71,44.71,44.71,44.71,258
2025-01-28 16:41:00,44.7,44.7,44.68,44.68,1858
2025-01-28 16:42:00,44.695,44.695,44.66,44.66,555
2025-01-28 16:43:00,44.68,44.68,44.68,44.68,281
2025-01-28 16:44:00,44.69,44.69,44.69,44.69,290
2025-01-28 16:46:00,44.675,44.675,44.675,44.675,159
2025-01-28 16:49:00,44.68,44.68,44.68,44.68,379
2025-01-28 17:06:00,44.7,44.7,44.7,44.7,236
2025-01-28 17:09:00,44.74,44.74,44.73,44.73,217
2025-01-28 17:10:00,44.75,44.75,44.75,44.75,205
2025-01-28 17:18:00,44.83,44.83,44.83,44.83,317
2025-01-28 17:22:00,44.79,44.79,44.79,44.79,171
2025-01-28 17:30:00,44.76,44.76,44.73,44.73,489
2025-01-28 17:37:00,44.76,44.76,44.76,44.76,352
2025-01-28 17:40:00,44.71,44.71,44.71,44.71,145
2025-01-28 17:49:00,44.735,44.735,44.735,44.735,1046
2025-01-28 17:57:00,44.75,44.75,44.74,44.74,1223
2025-01-28 17:58:00,44.75,44.75,44.735,44.735,2056
2025-01-28 17:59:00,44.75,44.75,44.75,44.75,397
2025-01-28 18:00:00,44.77,44.78,44.75,44.75,2264
2025-01-28 18:01:00,44.8201,44.8201,44.8201,44.8201,264
2025-01-28 18:08:00,44.849,44.849,44.849,44.849,491
2025-01-28 18:09:00,44.86,44.86,44.86,44.86,448
2025-01-28 18:40:00,44.82,44.83,44.81,44.83,591
2025-01-28 18:47:00,44.79,44.8,44.79,44.8,276
2025-01-28 18:48:00,44.8198,44.83,44.7999,44.83,2338
2025-01-28 18:49:00,44.81,44.81,44.81,44.81,327
2025-01-28 18:55:00,44.77,44.77,44.77,44.77,186
2025-01-28 18:58:00,44.79,44.79,44.79,44.79,405
2025-01-28 19:03:00,44.83,44.83,44.83,44.83,121
2025-01-28 19:07:00,44.7876,44.7876,44.7876,44.7876,122
2025-01-28 19:09:00,44.77,44.775,44.76,44.76,886
2025-01-28 19:10:00,44.75,44.75,44.75,44.75,1337
2025-01-28 19:21:00,44.7168,44.7168,44.705,44.705,1495
2025-01-28 19:22:00,44.78,44.79,44.705,44.79,3695
2025-01-28 19:24:00,44.72,44.72,44.72,44.72,129
2025-01-28 19:26:00,44.79,44.79,44.79,44.79,325
2025-01-28 19:27:00,44.8,44.81,44.8,44.81,674
2025-01-28 19:30:00,44.85,44.85,44.85,44.85,220
2025-01-28 19:31:00,44.86,44.86,44.86,44.86,318
2025-01-28 19:32:00,44.86,44.86,44.835,44.835,814
2025-01-28 19:33:00,44.895,44.895,44.895,44.895,191
2025-01-28 19:34:00,44.9,44.9,44.83,44.86,789
2025-01-28 19:35:00,44.9,44.9,44.9,44.9,211
2025-01-28 19:36:00,44.89,44.89,44.89,44.89,155
2025-01-28 19:37:00,44.89,44.89,44.88,44.88,306
2025-01-28 19:38:00,44.82,44.82,44.81,44.82,708
2025-01-28 19:40:00,44.886,44.886,44.886,44.886,175
2025-01-28 19:47:00,44.88,44.88,44.88,44.88,396
2025-01-28 19:57:00,44.88,44.88,44.88,44.88,439
2025-01-28 20:00:00,44.89,44.89,44.89,44.89,213
2025-01-28 20:01:00,44.86,44.86,44.85,44.85,992
2025-01-28 20:02:00,44.92,44.92,44.92,44.92,234
2025-01-28 20:09:00,44.9,44.9,44.9,44.9,145
2025-01-28 20:15:00,44.905,44.905,44.905,44.905,657
2025-01-28 20:16:00,44.91,44.91,44.91,44.91,289
2025-01-28 20:19:00,44.9,44.91,44.9,44.91,386
2025-01-28 20:20:00,44.9,44.9,44.9,44.9,236
2025-01-28 20:22:00,44.93,44.9781,44.921,44.9781,1312
2025-01-28 20:24:00,44.955,44.955,44.955,44.955,170
2025-01-28 20:28:00,44.92,44.92,44.92,44.92,113
2025-01-28 20:30:00,44.91,44.94,44.9,44.94,970
2025-01-28 20:31:00,44.925,44.925,44.92,44.925,637
2025-01-28 20:33:00,44.91,44.91,44.91,44.91,107
2025-01-28 20:34:00,44.9,44.9,44.9,44.9,234
2025-01-28 20:35:00,44.87,44.87,44.87,44.87,230
2025-01-28 20:37:00,44.86,44.86,44.83,44.83,237
2025-01-28 20:43:00,44.85,44.85,44.83,44.84,1433
2025-01-28 20:45:00,44.87,44.88,44.87,44.88,375
2025-01-28 20:46:00,44.85,44.85,44.85,44.85,230
2025-01-28 20:47:00,44.822,44.88,44.822,44.88,633
2025-01-28 20:49:00,44.88,44.88,44.88,44.88,121
2025-01-28 20:50:00,44.9,44.9,44.9,44.9,274
2025-01-28 20:51:00,44.915,44.915,44.915,44.915,329
2025-01-28 20:52:00,44.901,44.901,44.87,44.9,1706
2025-01-28 20:53:00,44.86,44.86,44.86,44.86,397
2025-01-28 20:54:00,44.88,44.88,44.85,44.865,971
2025-01-28 20:55:00,44.855,44.855,44.855,44.855,545
2025-01-28 20:56:00,44.87,44.87,44.81,44.81,3681
2025-01-28 20:57:00,44.81,44.81,44.81,44.81,449
2025-01-28 20:58:00,44.8,44.8,44.79,44.79,695
2025-01-28 20:59:00,44.79,44.8,44.76,44.8,3235
2025-01-29 00:40:00,43.1139,43.1139,43.1139,43.1139,228
2025-01-29 14:30:00,44.83,44.83,44.83,44.83,976
2025-01-29 14:31:00,44.98,44.98,44.98,44.98,202
2025-01-29 14:33:00,45.0,45.0,45.0,45.0,208
2025-01-29 14:41:00,45.0,45.0,45.0,45.0,105
2025-01-29 14:43:00,44.91,44.93,44.91,44.93,203
2025-01-29 14:49:00,45.0667,45.0667,45.0667,45.0667,301
2025-01-29 14:53:00,44.96,44.96,44.96,44.96,205
2025-01-29 15:00:00,45.08,45.08,45.08,45.08,353
2025-01-29 15:02:00,45.12,45.15,45.12,45.15,2980
2025-01-29 15:03:00,45.115,45.115,45.115,45.115,106
2025-01-29 15:04:00,45.11,45.13,45.11,45.13,770
2025-01-29 15:07:00,45.13,45.13,45.13,45.13,166
2025-01-29 15:09:00,45.17,45.19,45.17,45.19,325
2025-01-29 15:12:00,45.14,45.14,45.11,45.1205,1113
2025-01-29 15:15:00,45.14,45.14,45.14,45.14,253
2025-01-29 15:17:00,45.14,45.14,45.14,45.14,133
2025-01-29 15:24:00,45.19,45.19,45.19,45.19,269
2025-01-29 15:25:00,45.18,45.18,45.18,45.18,448
2025-01-29 15:37:00,45.16,45.16,45.16,45.16,282
2025-01-29 15:40:00,45.2,45.2,45.2,45.2,200
2025-01-29 15:41:00,45.22,45.22,45.2,45.2,1410
2025-01-29 15:42:00,45.25,45.25,45.25,45.25,753
2025-01-29 15:47:00,45.24,45.24,45.23,45.23,370
2025-01-29 15:48:00,45.23,45.25,45.23,45.25,297
2025-01-29 15:49:00,45.25,45.27,45.25,45.27,586
2025-01-29 15:50:00,45.31,45.34,45.3,45.325,1190
2025-01-29 15:52:00,45.35,45.35,45.35,45.35,201
2025-01-29 15:54:00,45.34,45.34,45.34,45.34,203
2025-01-29 15:57:00,45.325,45.325,45.325,45.325,261
2025-01-29 16:00:00,45.36,45.37,45.345,45.37,718
2025-01-29 16:05:00,45.39,45.39,45.38,45.38,505
2025-01-29 16:07:00,45.32,45.32,45.32,45.32,351
2025-01-29 16:09:00,45.35,45.35,45.33,45.33,314
2025-01-29 16:15:00,45.3,45.3,45.3,45.3,116
2025-01-29 16:24:00,45.33,45.33,45.33,45.33,319
2025-01-29 16:28:00,45.34,45.34,45.34,45.34,201
2025-01-29 16:29:00,45.32,45.32,45.32,45.32,159
2025-01-29 16:30:00,45.31,45.32,45.31,45.32,302
2025-01-29 16:32:00,45.29,45.29,45.29,45.29,157
2025-01-29 16:36:00,45.33,45.33,45.33,45.33,224
2025-01-29 16:38:00,45.3,45.3,45.28,45.28,380
2025-01-29 16:42:00,45.25,45.25,45.25,45.25,274
2025-01-29 16:44:00,45.28,45.28,45.28,45.28,170
2025-01-29 16:45:00,45.25,45.25,45.25,45.25,231
2025-01-29 16:48:00,45.24,45.24,45.23,45.23,337
2025-01-29 16:50:00,45.2112,45.2112,45.2112,45.2112,456
2025-01-29 16:54:00,45.24,45.24,45.24,45.24,206
2025-01-29 17:00:00,45.24,45.25,45.24,45.25,1139
2025-01-29 17:01:00,45.29,45.38,45.29,45.38,2176
2025-01-29 17:02:00,45.37,45.41,45.37,45.41,550
2025-01-29 17:03:00,45.4,45.4,45.4,45.4,163
2025-01-29 17:05:00,45.5,45.51,45.5,45.51,507
2025-01-29 17:06:00,45.47,45.47,45.47,45.47,780
2025-01-29 17:08:00,45.47,45.47,45.47,45.47,138
2025-01-29 17:10:00,45.47,45.47,45.47,45.47,106
2025-01-29 17:11:00,45.47,45.47,45.47,45.47,311
2025-01-29 17:15:00,45.505,45.505,45.505,45.505,112
2025-01-29 17:16:00,45.505,45.505,45.505,45.505,142
2025-01-29 17:24:00,45.585,45.585,45.56,45.56,226
2025-01-29 17:25:00,45.56,45.56,45.56,45.56,281
2025-01-29 17:27:00,45.54,45.54,45.54,45.54,538
2025-01-29 17:28:00,45.51,45.51,45.51,45.51,576
2025-01-29 17:35:00,45.465,45.465,45.465,45.465,101
2025-01-29 17:37:00,45.45,45.45,45.45,45.45,101
2025-01-29 17:42:00,45.4642,45.4642,45.4642,45.4642,115
2025-01-29 17:44:00,45.46,45.46,45.46,45.46,259
2025-01-29 17:49:00,45.445,45.445,45.445,45.445,147
2025-01-29 17:52:00,45.41,45.46,45.41,45.435,1448
2025-01-29 17:56:00,45.435,45.435,45.435,45.435,200
2025-01-29 17:57:00,45.435,45.435,45.41,45.42,1022
2025-01-29 18:01:00,45.41,45.41,45.375,45.375,1510
2025-01-29 18:03:00,45.3903,45.3903,45.3903,45.3903,285
2025-01-29 18:04:00,45.27,45.295,45.27,45.295,280
2025-01-29 18:06:00,45.3,45.35,45.3,45.34,1259
2025-01-29 18:09:00,45.41,45.41,45.41,45.41,396
2025-01-29 18:10:00,45.435,45.45,45.43,45.43,3010
2025-01-29 18:11:00,45.4594,45.4594,45.41,45.4131,1669
2025-01-29 18:12:00,45.38,45.38,45.37,45.37,578
2025-01-29 18:17:00,45.43,45.43,45.43,45.43,102
2025-01-29 18:20:00,45.4,45.45,45.4,45.435,2149
2025-01-29 18:21:00,45.435,45.435,45.41,45.41,462
2025-01-29 18:23:00,45.43,45.43,45.43,45.43,220
2025-01-29 18:25:00,45.465,45.5094,45.465,45.5094,411
2025-01-29 18:30:00,45.52,45.52,45.52,45.52,273
2025-01-29 18:33:00,45.555,45.555,45.555,45.555,112
2025-01-29 18:34:00,45.54,45.54,45.51,45.51,1007
2025-01-29 18:43:00,45.5261,45.5261,45.5261,45.5261,549
2025-01-29 18:45:00,45.505,45.505,45.505,45.505,215
2025-01-29 18:48:00,45.505,45.53,45.505,45.53,304
2025-01-29 18:50:00,45.5,45.5,45.4825,45.485,824
2025-01-29 18:51:00,45.5095,45.5095,45.49,45.5,1729
2025-01-29 18:52:00,45.5321,45.5321,45.49,45.49,835
2025-01-29 18:55:00,45.55,45.59,45.54,45.54,1895
2025-01-29 18:56:00,45.56,45.56,45.56,45.56,103
2025-01-29 18:59:00,45.54,45.54,45.54,45.54,614
2025-01-29 19:00:00,45.5,45.5,45.46,45.46,911
2025-01-29 19:07:00,45.3,45.3,45.3,45.3,101
2025-01-29 19:10:00,45.29,45.29,45.29,45.29,640
2025-01-29 19:12:00,45.24,45.26,45.24,45.245,694
2025-01-29 19:18:00,45.16,45.16,45.14,45.14,764
2025-01-29 19:19:00,45.16,45.16,45.16,45.16,751
2025-01-29 19:28:00,45.2,45.2,45.2,45.2,241
2025-01-29 19:32:00,45.15,45.15,45.15,45.15,409
2025-01-29 19:33:00,45.21,45.245,45.15,45.15,911
2025-01-29 19:35:00,45.22,45.28,45.19,45.19,3153
2025-01-29 19:36:00,45.14,45.15,45.14,45.15,568
2025-01-29 19:38:00,45.24,45.24,45.24,45.24,1088
2025-01-29 19:40:00,45.33,45.33,45.32,45.33,757
2025-01-29 19:41:00,45.38,45.38,45.38,45.38,187
2025-01-29 19:43:00,45.38,45.38,45.37,45.37,463
2025-01-29 19:49:00,45.28,45.35,45.28,45.35,765
2025-01-29 19:51:00,45.35,45.35,45.35,45.35,238
2025-01-29 19:55:00,45.34,45.35,45.31,45.31,789
2025-01-29 19:57:00,45.27,45.27,45.27,45.27,395
2025-01-29 20:02:00,45.26,45.26,45.26,45.26,394
2025-01-29 20:06:00,45.28,45.28,45.28,45.28,116
2025-01-29 20:08:00,45.245,45.245,45.245,45.245,104
2025-01-29 20:10:00,45.25,45.29,45.25,45.29,321
2025-01-29 20:13:00,45.21,45.21,45.1022,45.21,868
2025-01-29 20:14:00,45.16,45.215,45.16,45.215,336
2025-01-29 20:17:00,45.15,45.15,45.15,45.15,137
2025-01-29 20:19:00,45.22,45.22,45.22,45.22,101
2025-01-29 20:20:00,45.29,45.3,45.225,45.3,1491
2025-01-29 20:23:00,45.355,45.355,45.355,45.355,158
2025-01-29 20:24:00,45.39,45.39,45.39,45.39,360
2025-01-29 20:26:00,45.385,45.385,45.35,45.35,927
2025-01-29 20:30:00,45.33,45.33,45.32,45.32,443
2025-01-29 20:31:00,45.27,45.27,45.27,45.27,101
2025-01-29 20:32:00,45.27,45.27,45.27,45.27,160
2025-01-29 20:36:00,45.3,45.3,45.3,45.3,314
2025-01-29 20:37:00,45.3213,45.325,45.3213,45.325,322
2025-01-29 20:39:00,45.3,45.3,45.3,45.3,245
2025-01-29 20:40:00,45.316,45.316,45.316,45.316,137
2025-01-29 20:41:00,45.33,45.33,45.33,45.33,153
2025-01-29 20:42:00,45.31,45.31,45.31,45.31,538
2025-01-29 20:43:00,45.33,45.35,45.33,45.34,804
2025-01-29 20:44:00,45.345,45.345,45.32,45.32,879
2025-01-29 20:45:00,45.34,45.34,45.325,45.33,1006
2025-01-29 20:46:00,45.32,45.32,45.31,45.31,650
2025-01-29 20:49:00,45.3,45.32,45.3,45.31,1002
2025-01-29 20:50:00,45.34,45.35,45.34,45.345,713
2025-01-29 20:51:00,45.34,45.34,45.34,45.34,449
2025-01-29 20:52:00,45.33,45.33,45.33,45.33,547
2025-01-29 20:53:00,45.32,45.33,45.32,45.33,685
2025-01-29 20:54:00,45.34,45.35,45.34,45.35,1027
2025-01-29 20:55:00,45.35,45.36,45.35,45.36,989
2025-01-29 20:56:00,45.36,45.37,45.36,45.365,1508
2025-01-29 20:57:00,45.37,45.37,45.37,45.37,1084
2025-01-29 20:58:00,45.38,45.41,45.38,45.385,2802
2025-01-29 20:59:00,45.39,45.41,45.35,45.41,4507
2025-01-29 21:14:00,44.7146,44.7146,44.7146,44.7146,150
2025-01-29 21:51:00,44.7369,44.7369,44.7369,44.7369,100
2025-01-30 14:30:00,45.94,45.94,45.94,45.94,1964
2025-01-30 14:31:00,45.92,45.92,45.92,45.92,111
2025-01-30 14:38:00,45.92,45.92,45.79,45.79,209
2025-01-30 14:41:00,45.74,45.74,45.73,45.73,205
2025-01-30 14:43:00,45.89,45.89,45.83,45.83,562
2025-01-30 14:44:00,45.83,45.83,45.83,45.83,615
2025-01-30 14:45:00,45.75,45.75,45.665,45.665,669
2025-01-30 14:46:00,45.715,45.715,45.715,45.715,322
2025-01-30 14:47:00,45.66,45.67,45.66,45.66,705
2025-01-30 14:48:00,45.66,45.66,45.66,45.66,201
2025-01-30 14:50:00,45.65,45.66,45.6,45.66,820
2025-01-30 14:51:00,45.615,45.615,45.58,45.58,300
2025-01-30 14:53:00,45.55,45.55,45.55,45.55,808
2025-01-30 14:55:00,45.4815,45.4815,45.4815,45.4815,202
2025-01-30 14:57:00,45.43,45.43,45.43,45.43,617
2025-01-30 14:58:00,45.39,45.39,45.39,45.39,473
2025-01-30 14:59:00,45.31,45.31,45.31,45.31,265
2025-01-30 15:00:00,45.35,45.35,45.35,45.35,234
2025-01-30 15:01:00,45.37,45.37,45.37,45.37,131
2025-01-30 15:02:00,45.37,45.4,45.37,45.4,1743
2025-01-30 15:05:00,45.44,45.445,45.395,45.44,2308
2025-01-30 15:06:00,45.53,45.53,45.53,45.53,544
2025-01-30 15:07:00,45.5,45.53,45.4601,45.4601,439
2025-01-30 15:08:00,45.56,45.56,45.55,45.56,1018
2025-01-30 15:15:00,45.6,45.6,45.6,45.6,607
2025-01-30 15:28:00,45.57,45.57,45.57,45.57,204
2025-01-30 15:29:00,45.56,45.56,45.52,45.53,1710
2025-01-30 15:30:00,45.505,45.505,45.505,45.505,320
2025-01-30 15:31:00,45.54,45.54,45.52,45.52,2242
2025-01-30 15:33:00,45.51,45.51,45.51,45.51,317
2025-01-30 15:34:00,45.53,45.53,45.52,45.52,203
2025-01-30 15:40:00,45.7048,45.74,45.7048,45.71,1388
2025-01-30 15:41:00,45.69,45.69,45.63,45.63,582
2025-01-30 15:43:00,45.6287,45.635,45.6287,45.635,227
2025-01-30 15:49:00,45.63,45.64,45.63,45.64,221
2025-01-30 15:52:00,45.57,45.575,45.57,45.57,539
2025-01-30 15:53:00,45.56,45.56,45.545,45.545,2292
2025-01-30 15:54:00,45.56,45.56,45.55,45.55,364
2025-01-30 15:55:00,45.52,45.52,45.52,45.52,643
2025-01-30 15:56:00,45.5035,45.5035,45.5035,45.5035,168
2025-01-30 15:58:00,45.5641,45.5641,45.5641,45.5641,286
2025-01-30 15:59:00,45.52,45.53,45.48,45.48,844
2025-01-30 16:01:00,45.54,45.54,45.51,45.51,402
2025-01-30 16:06:00,45.57,45.59,45.57,45.59,567
2025-01-30 16:08:00,45.57,45.57,45.57,45.57,105
2025-01-30 16:09:00,45.62,45.62,45.62,45.62,206
2025-01-30 16:12:00,45.65,45.65,45.65,45.65,121
2025-01-30 16:13:00,45.54,45.54,45.54,45.54,336
2025-01-30 16:14:00,45.54,45.54,45.52,45.52,1185
2025-01-30 16:15:00,45.53,45.5412,45.47,45.47,1586
2025-01-30 16:21:00,45.56,45.56,45.56,45.56,682
2025-01-30 16:24:00,45.6582,45.6582,45.61,45.61,577
2025-01-30 16:27:00,45.6016,45.6016,45.6016,45.6016,913
2025-01-30 16:28:00,45.63,45.65,45.63,45.63,1008
2025-01-30 16:29:00,45.65,45.69,45.65,45.69,771
2025-01-30 16:36:00,45.62,45.62,45.62,45.62,101
2025-01-30 16:44:00,45.69,45.69,45.69,45.69,398
2025-01-30 16:47:00,45.61,45.61,45.61,45.61,599
2025-01-30 16:55:00,45.61,45.61,45.61,45.61,648
2025-01-30 16:57:00,45.59,45.61,45.59,45.6,1050
2025-01-30 17:01:00,45.55,45.55,45.55,45.55,249
2025-01-30 17:02:00,45.54,45.54,45.54,45.54,900
2025-01-30 17:03:00,45.55,45.55,45.55,45.55,301
2025-01-30 17:04:00,45.53,45.53,45.53,45.53,210
2025-01-30 17:08:00,45.48,45.49,45.48,45.49,325
2025-01-30 17:10:00,45.49,45.49,45.49,45.49,300
2025-01-30 17:11:00,45.52,45.52,45.5,45.5,1074
2025-01-30 17:12:00,45.5,45.5,45.48,45.48,581
2025-01-30 17:13:00,45.5085,45.5085,45.5085,45.5085,2241
2025-01-30 17:15:00,45.48,45.48,45.48,45.48,193
2025-01-30 17:16:00,45.48,45.53,45.48,45.5294,618
2025-01-30 17:18:00,45.54,45.54,45.54,45.54,463
2025-01-30 17:25:00,45.53,45.53,45.53,45.53,153
2025-01-30 17:30:00,45.58,45.58,45.57,45.57,751
2025-01-30 17:31:00,45.59,45.61,45.59,45.6,630
2025-01-30 17:35:00,45.61,45.61,45.6,45.6,458
2025-01-30 17:40:00,45.65,45.65,45.65,45.65,633
2025-01-30 17:41:00,45.69,45.693,45.69,45.693,246
2025-01-30 17:42:00,45.69,45.69,45.69,45.69,201
2025-01-30 17:44:00,45.71,45.71,45.71,45.71,202
2025-01-30 17:50:00,45.69,45.69,45.69,45.69,103
2025-01-30 17:53:00,45.725,45.78,45.725,45.78,567
2025-01-30 17:55:00,45.73,45.73,45.73,45.73,103
2025-01-30 17:57:00,45.74,45.74,45.74,45.74,161
2025-01-30 18:04:00,45.785,45.785,45.785,45.785,123
2025-01-30 18:07:00,45.72,45.72,45.72,45.72,204
2025-01-30 18:12:00,45.75,45.75,45.75,45.75,106
2025-01-30 18:18:00,45.795,45.795,45.795,45.795,2062
2025-01-30 18:19:00,45.75,45.75,45.75,45.75,329
2025-01-30 18:21:00,45.805,45.805,45.805,45.805,1433
2025-01-30 18:22:00,45.79,45.79,45.79,45.79,556
2025-01-30 18:23:00,45.79,45.81,45.79,45.81,658
2025-01-30 18:26:00,45.88,45.9,45.88,45.88,1141
2025-01-30 18:27:00,45.91,45.93,45.905,45.905,1253
2025-01-30 18:29:00,45.91,45.91,45.91,45.91,273
2025-01-30 18:37:00,45.96,45.96,45.96,45.96,323
2025-01-30 18:44:00,45.92,45.92,45.92,45.92,116
2025-01-30 18:47:00,45.91,45.91,45.88,45.88,1867
2025-01-30 18:48:00,45.88,45.9,45.87,45.9,1238
2025-01-30 18:49:00,45.91,45.92,45.89,45.92,610
2025-01-30 18:50:00,45.9,45.92,45.9,45.9,532
2025-01-30 18:51:00,45.92,45.92,45.92,45.92,337
2025-01-30 18:56:00,45.9315,45.9315,45.9315,45.9315,126
2025-01-30 18:58:00,45.98,45.98,45.95,45.95,895
2025-01-30 18:59:00,45.98,46.0,45.98,45.99,1049
2025-01-30 19:00:00,45.98,45.98,45.98,45.98,876
2025-01-30 19:01:00,45.98,45.98,45.98,45.98,1256
2025-01-30 19:02:00,45.98,45.98,45.975,45.975,322
2025-01-30 19:04:00,45.97,45.97,45.97,45.97,414
2025-01-30 19:05:00,45.92,45.92,45.92,45.92,293
2025-01-30 19:10:00,45.97,45.97,45.97,45.97,130
2025-01-30 19:14:00,45.97,46.0288,45.97,46.0288,250
2025-01-30 19:17:00,46.0,46.0,45.93,45.93,565
2025-01-30 19:18:00,45.99,46.01,45.99,46.01,1633
2025-01-30 19:19:00,46.01,46.025,45.99,46.025,1165
2025-01-30 19:21:00,46.035,46.035,46.035,46.035,150
2025-01-30 19:23:00,46.04,46.04,46.04,46.04,300
2025-01-30 19:25:00,46.01,46.02,46.0,46.0,2128
2025-01-30 19:27:00,46.02,46.05,46.0,46.05,3098
2025-01-30 19:28:00,46.06,46.06,46.06,46.06,169
2025-01-30 19:29:00,46.06,46.06,46.04,46.04,1843
2025-01-30 19:30:00,46.03,46.03,46.015,46.02,2060
2025-01-30 19:31:00,46.02,46.03,46.02,46.03,856
2025-01-30 19:32:00,46.03,46.05,46.025,46.03,1290
2025-01-30 19:34:00,46.07,46.07,46.03,46.03,2242
2025-01-30 19:37:00,46.02,46.05,46.02,46.05,2168
2025-01-30 19:38:00,46.05,46.05,46.05,46.05,275
2025-01-30 19:39:00,46.07,46.07,46.07,46.07,336
2025-01-30 19:46:00,46.1,46.1,46.1,46.1,449
2025-01-30 19:51:00,46.15,46.15,46.15,46.15,100
2025-01-30 19:56:00,46.14,46.14,46.14,46.14,1036
2025-01-30 19:59:00,46.16,46.1699,46.16,46.1699,329
2025-01-30 20:03:00,46.19,46.19,46.19,46.19,175
2025-01-30 20:08:00,46.16,46.16,46.12,46.12,841
2025-01-30 20:11:00,46.11,46.11,46.11,46.11,193
2025-01-30 20:12:00,46.11,46.11,46.0414,46.0414,2097
2025-01-30 20:17:00,46.11,46.11,46.11,46.11,237
2025-01-30 20:18:00,46.11,46.11,46.11,46.11,269
2025-01-30 20:20:00,46.13,46.13,46.13,46.13,281
2025-01-30 20:22:00,46.13,46.13,46.13,46.13,114
2025-01-30 20:23:00,46.145,46.145,46.14,46.14,867
2025-01-30 20:24:00,46.145,46.145,46.145,46.145,127
2025-01-30 20:25:00,46.12,46.12,46.09,46.09,469
2025-01-30 20:26:00,46.11,46.12,46.1,46.12,1120
2025-01-30 20:27:00,46.11,46.12,46.105,46.12,944
2025-01-30 20:29:00,46.11,46.12,46.11,46.12,1595
2025-01-30 20:31:00,46.1148,46.1148,46.1148,46.1148,265
2025-01-30 20:32:00,46.1191,46.1191,46.06,46.06,909
2025-01-30 20:33:00,46.0904,46.0904,46.0904,46.0904,119
2025-01-30 20:35:00,46.06,46.06,46.06,46.06,366
2025-01-30 20:36:00,46.06,46.07,46.01,46.03,6139
2025-01-30 20:37:00,46.01,46.04,46.0,46.04,2229
2025-01-30 20:38:00,46.04,46.04,45.99,46.0,2706
2025-01-30 20:39:00,46.0,46.0,45.95,45.96,5457
2025-01-30 20:40:00,45.95,45.96,45.93,45.93,3748
2025-01-30 20:41:00,45.93,45.98,45.88,45.97,6949
2025-01-30 20:42:00,45.95,45.99,45.95,45.99,1485
2025-01-30 20:43:00,46.015,46.015,46.0,46.005,427
2025-01-30 20:44:00,46.005,46.005,45.95,45.954,5832
2025-01-30 20:45:00,45.95,46.02,45.95,46.02,1919
2025-01-30 20:46:00,46.03,46.03,46.01,46.015,712
2025-01-30 20:47:00,46.02,46.08,46.02,46.08,2237
2025-01-30 20:48:00,46.1,46.1,46.1,46.1,367
2025-01-30 20:50:00,46.05,46.15,46.05,46.14,3240
2025-01-30 20:51:00,46.15,46.15,46.13,46.14,2132
2025-01-30 20:52:00,46.14,46.14,46.14,46.14,277
2025-01-30 20:53:00,46.131,46.14,46.111,46.111,917
2025-01-30 20:54:00,46.12,46.17,46.12,46.14,2597
2025-01-30 20:55:00,46.18,46.22,46.17,46.21,2949
2025-01-30 20:56:00,46.22,46.23,46.21,46.22,4209
2025-01-30 20:57:00,46.21,46.23,46.2,46.221,3383
2025-01-30 20:58:00,46.23,46.25,46.21,46.24,4317
2025-01-30 20:59:00,46.25,46.3,46.23,46.23,7803
2025-01-31 00:49:00,45.9,45.9,45.9,45.9,2000
2025-01-31 12:03:00,45.6,45.6,45.6,45.6,605
2025-01-31 13:14:00,45.23,45.23,45.23,45.23,100
2025-01-31 13:18:00,45.24,45.24,45.24,45.24,752
2025-01-31 13:46:00,45.3599,45.36,45.3599,45.36,249
2025-01-31 13:48:00,45.38,45.38,45.37,45.37,469
2025-01-31 13:54:00,45.43,45.43,45.43,45.43,150
2025-01-31 14:30:00,45.3,45.38,45.2,45.2,8040
2025-01-31 14:31:00,45.34,45.34,45.3,45.3,823
2025-01-31 14:32:00,45.27,45.3275,45.25,45.255,2249
2025-01-31 14:34:00,45.19,45.33,45.19,45.33,877
2025-01-31 14:35:00,45.34,45.34,45.305,45.305,307
2025-01-31 14:36:00,45.3499,45.3499,45.3499,45.3499,165
2025-01-31 14:37:00,45.26,45.26,45.26,45.26,202
2025-01-31 14:38:00,45.26,45.34,45.26,45.305,900
2025-01-31 14:39:00,45.26,45.4,45.26,45.315,3814
2025-01-31 14:40:00,45.33,45.335,45.31,45.335,687
2025-01-31 14:41:00,45.27,45.28,45.2055,45.247,2263
2025-01-31 14:42:00,45.28,45.28,45.27,45.27,615
2025-01-31 14:43:00,45.3,45.3,45.3,45.3,849
2025-01-31 14:48:00,45.27,45.29,45.27,45.29,216
2025-01-31 14:50:00,45.26,45.26,45.18,45.18,2120
2025-01-31 14:51:00,45.235,45.235,45.235,45.235,520
2025-01-31 14:52:00,45.2,45.2,45.2,45.2,117
2025-01-31 14:53:00,45.16,45.18,45.16,45.18,515
2025-01-31 14:55:00,45.162,45.162,45.162,45.162,153
2025-01-31 14:57:00,45.175,45.175,45.175,45.175,549
2025-01-31 14:58:00,45.21,45.21,45.21,45.21,422
2025-01-31 15:02:00,45.24,45.2695,45.24,45.2695,632
2025-01-31 15:03:00,45.26,45.26,45.24,45.26,3117
2025-01-31 15:04:00,45.345,45.345,45.345,45.345,210
2025-01-31 15:08:00,45.265,45.265,45.265,45.265,102
2025-01-31 15:11:00,45.26,45.26,45.26,45.26,112
2025-01-31 15:13:00,45.26,45.26,45.26,45.26,134
2025-01-31 15:16:00,45.29,45.29,45.29,45.29,104
2025-01-31 15:17:00,45.27,45.295,45.26,45.295,893
2025-01-31 15:18:00,45.295,45.295,45.23,45.23,2323
2025-01-31 15:19:00,45.31,45.31,45.31,45.31,508
2025-01-31 15:20:00,45.31,45.3399,45.31,45.3399,345
2025-01-31 15:23:00,45.34,45.34,45.34,45.34,493
2025-01-31 15:24:00,45.325,45.325,45.325,45.325,222
2025-01-31 15:27:00,45.32,45.32,45.3,45.3,585
2025-01-31 15:28:00,45.285,45.285,45.285,45.285,105
2025-01-31 15:31:00,45.31,45.32,45.31,45.32,1410
2025-01-31 15:33:00,45.34,45.34,45.34,45.34,339
2025-01-31 15:36:00,45.35,45.35,45.35,45.35,100
2025-01-31 15:38:00,45.34,45.34,45.34,45.34,113
2025-01-31 15:40:00,45.3741,45.3741,45.3741,45.3741,673
2025-01-31 15:41:00,45.35,45.4,45.35,45.4,632
2025-01-31 15:43:00,45.38,45.46,45.38,45.46,3202
2025-01-31 15:44:00,45.48,45.48,45.48,45.48,1905
2025-01-31 15:45:00,45.48,45.48,45.37,45.37,1748
2025-01-31 15:46:00,45.45,45.4525,45.45,45.4525,578
2025-01-31 15:48:00,45.48,45.48,45.48,45.48,201
2025-01-31 15:51:00,45.45,45.45,45.35,45.35,873
2025-01-31 15:53:00,45.36,45.36,45.36,45.36,250
2025-01-31 15:56:00,45.38,45.3935,45.38,45.3935,420
2025-01-31 15:58:00,45.37,45.37,45.37,45.37,110
2025-01-31 16:00:00,45.42,45.43,45.42,45.43,398
2025-01-31 16:03:00,45.38,45.38,45.38,45.38,200
2025-01-31 16:06:00,45.36,45.36,45.36,45.36,101
2025-01-31 16:08:00,45.36,45.36,45.36,45.36,107
2025-01-31 16:11:00,45.36,45.36,45.36,45.36,106
2025-01-31 16:13:00,45.41,45.41,45.41,45.41,100
2025-01-31 16:14:00,45.46,45.46,45.4,45.4,1717
2025-01-31 16:15:00,45.36,45.36,45.36,45.36,324
2025-01-31 16:16:00,45.26,45.26,45.26,45.26,161
2025-01-31 16:18:00,45.27,45.27,45.245,45.25,1836
2025-01-31 16:19:00,45.24,45.25,45.2302,45.25,1301
2025-01-31 16:21:00,45.25,45.25,45.25,45.25,777
2025-01-31 16:24:00,45.27,45.27,45.27,45.27,104
2025-01-31 16:26:00,45.24,45.24,45.23,45.23,4567
2025-01-31 16:27:00,45.22,45.22,45.22,45.22,205
2025-01-31 16:28:00,45.22,45.24,45.22,45.22,546
2025-01-31 16:30:00,45.23,45.23,45.23,45.23,325
2025-01-31 16:31:00,45.25,45.28,45.25,45.28,1099
2025-01-31 16:37:00,45.25,45.25,45.25,45.25,152
2025-01-31 16:40:00,45.26,45.26,45.26,45.26,101
2025-01-31 16:44:00,45.31,45.31,45.31,45.31,117
2025-01-31 16:46:00,45.31,45.31,45.3,45.3,267
2025-01-31 16:47:00,45.26,45.26,45.26,45.26,194
2025-01-31 16:51:00,45.31,45.31,45.3,45.3,805
2025-01-31 16:52:00,45.27,45.27,45.27,45.27,458
2025-01-31 16:53:00,45.28,45.28,45.25,45.255,1328
2025-01-31 16:55:00,45.245,45.245,45.245,45.245,181
2025-01-31 16:56:00,45.28,45.28,45.27,45.27,787
2025-01-31 16:57:00,45.2287,45.2287,45.2287,45.2287,134
2025-01-31 16:58:00,45.22,45.22,45.22,45.22,110
2025-01-31 17:01:00,45.22,45.22,45.22,45.22,163
2025-01-31 17:02:00,45.2488,45.2488,45.2488,45.2488,131
2025-01-31 17:03:00,45.2753,45.28,45.2753,45.28,4161
2025-01-31 17:09:00,45.32,45.36,45.28,45.28,1014
2025-01-31 17:11:00,45.31,45.31,45.31,45.31,265
2025-01-31 17:13:00,45.39,45.39,45.39,45.39,159
2025-01-31 17:18:00,45.36,45.36,45.35,45.35,292
2025-01-31 17:19:00,45.38,45.4,45.38,45.4,310
2025-01-31 17:21:00,45.4,45.42,45.4,45.42,1063
2025-01-31 17:24:00,45.44,45.44,45.44,45.44,114
2025-01-31 17:26:00,45.4495,45.46,45.435,45.435,645
2025-01-31 17:30:00,45.48,45.48,45.48,45.48,202
2025-01-31 17:33:00,45.46,45.48,45.46,45.48,356
2025-01-31 17:35:00,45.48,45.4999,45.48,45.4999,1294
2025-01-31 17:37:00,45.515,45.53,45.515,45.53,504
2025-01-31 17:38:00,45.51,45.51,45.51,45.51,332
2025-01-31 17:42:00,45.47,45.47,45.46,45.465,662
2025-01-31 17:46:00,45.46,45.46,45.46,45.46,106
2025-01-31 17:49:00,45.45,45.45,45.45,45.45,114
2025-01-31 17:50:00,45.45,45.45,45.45,45.45,322
2025-01-31 17:52:00,45.48,45.49,45.48,45.49,433
2025-01-31 18:01:00,45.46,45.46,45.46,45.46,528
2025-01-31 18:05:00,45.5,45.5,45.5,45.5,480
2025-01-31 18:06:00,45.48,45.48,45.46,45.46,906
2025-01-31 18:19:00,45.44,45.44,45.3,45.3,2422
2025-01-31 18:20:00,45.3,45.38,45.28,45.33,1981
2025-01-31 18:21:00,45.27,45.27,45.25,45.25,443
2025-01-31 18:22:00,45.26,45.26,45.26,45.26,248
2025-01-31 18:24:00,45.17,45.17,45.17,45.17,402
2025-01-31 18:25:00,45.2176,45.2176,45.145,45.145,1269
2025-01-31 18:28:00,45.08,45.08,45.08,45.08,207
2025-01-31 18:29:00,45.11,45.1292,45.09,45.09,2793
2025-01-31 18:30:00,45.05,45.05,45.04,45.05,1352
2025-01-31 18:31:00,45.04,45.05,45.04,45.05,1676
2025-01-31 18:32:00,45.05,45.05,45.05,45.05,1036
2025-01-31 18:33:00,45.02,45.02,44.93,44.93,7082
2025-01-31 18:34:00,44.88,44.88,44.88,44.88,267
2025-01-31 18:35:00,44.86,44.93,44.845,44.93,2792
2025-01-31 18:36:00,44.8619,44.8851,44.85,44.879476,2259
2025-01-31 18:37:00,44.86,44.86,44.8,44.8,1988
2025-01-31 18:40:00,44.89,44.92,44.89,44.92,464
2025-01-31 18:43:00,44.9,44.93,44.9,44.93,970
2025-01-31 18:44:00,44.89,44.91,44.87,44.91,1603
2025-01-31 18:46:00,44.9,44.9,44.9,44.9,108
2025-01-31 18:48:00,44.99,44.99,44.94,44.94,938
2025-01-31 18:49:00,44.965,44.965,44.965,44.965,268
2025-01-31 18:52:00,44.89,44.9,44.86,44.88,903
2025-01-31 18:53:00,44.81,44.81,44.81,44.81,855
2025-01-31 18:54:00,44.84,44.84,44.84,44.84,453
2025-01-31 18:57:00,44.85,44.85,44.83,44.83,663
2025-01-31 18:58:00,44.84,44.84,44.81,44.81,349
2025-01-31 19:00:00,44.815,44.815,44.815,44.815,304
2025-01-31 19:01:00,44.84,44.84,44.84,44.84,467
2025-01-31 19:02:00,44.84,44.84,44.84,44.84,268
2025-01-31 19:03:00,44.8,44.81,44.8,44.81,872
2025-01-31 19:04:00,44.79,44.79,44.77,44.77,923
2025-01-31 19:05:00,44.79,44.79,44.78,44.78,473
2025-01-31 19:06:00,44.75,44.75,44.69,44.69,1480
2025-01-31 19:07:00,44.69,44.69,44.69,44.69,317
2025-01-31 19:08:00,44.64,44.66,44.64,44.66,431
2025-01-31 19:09:00,44.69,44.69,44.69,44.69,164
2025-01-31 19:13:00,44.715,44.75,44.715,44.75,1406
2025-01-31 19:16:00,44.74,44.74,44.74,44.74,790
2025-01-31 19:17:00,44.73,44.73,44.73,44.73,162
2025-01-31 19:18:00,44.72,44.72,44.7,44.7,523
2025-01-31 19:20:00,44.67,44.68,44.66,44.68,639
2025-01-31 19:21:00,44.64,44.655,44.64,44.655,256
2025-01-31 19:22:00,44.6385,44.6385,44.6385,44.6385,195
2025-01-31 19:24:00,44.66,44.67,44.66,44.66,1130
2025-01-31 19:26:00,44.67,44.69,44.66,44.66,1548
2025-01-31 19:29:00,44.645,44.67,44.645,44.67,710
2025-01-31 19:32:00,44.69,44.69,44.69,44.69,271
2025-01-31 19:33:00,44.74,44.74,44.74,44.74,341
2025-01-31 19:36:00,44.65,44.65,44.65,44.65,411
2025-01-31 19:37:00,44.63,44.63,44.63,44.63,215
2025-01-31 19:40:00,44.58,44.61,44.58,44.6,1304
2025-01-31 19:41:00,44.61,44.61,44.605,44.605,1129
2025-01-31 19:42:00,44.57,44.59,44.57,44.59,325
2025-01-31 19:43:00,44.55,44.55,44.55,44.55,194
2025-01-31 19:44:00,44.54,44.56,44.48,44.495,1776
2025-01-31 19:45:00,44.485,44.485,44.485,44.485,116
2025-01-31 19:46:00,44.45,44.45,44.42,44.44,1650
2025-01-31 19:47:00,44.425,44.43,44.425,44.43,399
2025-01-31 19:48:00,44.43,44.49,44.43,44.49,620
2025-01-31 19:49:00,44.51,44.52,44.51,44.515,1415
2025-01-31 19:50:00,44.53,44.53,44.53,44.53,226
2025-01-31 19:51:00,44.51,44.51,44.51,44.51,124
2025-01-31 19:52:00,44.55,44.55,44.55,44.55,276
2025-01-31 19:53:00,44.51,44.51,44.51,44.51,250
2025-01-31 19:54:00,44.5367,44.5367,44.5367,44.5367,258
2025-01-31 19:55:00,44.57,44.6,44.57,44.6,485
2025-01-31 19:58:00,44.58,44.58,44.5368,44.5368,734
2025-01-31 20:00:00,44.56,44.56,44.54,44.54,508
2025-01-31 20:01:00,44.515,44.515,44.49,44.49,318
2025-01-31 20:02:00,44.44,44.44,44.44,44.44,203
2025-01-31 20:04:00,44.38,44.38,44.37,44.37,317
2025-01-31 20:05:00,44.39,44.4,44.39,44.4,522
2025-01-31 20:06:00,44.39,44.39,44.39,44.39,186
2025-01-31 20:07:00,44.41,44.45,44.41,44.45,1684
2025-01-31 20:08:00,44.43,44.43,44.43,44.43,368
2025-01-31 20:09:00,44.4595,44.46,44.4595,44.46,1098
2025-01-31 20:12:00,44.47,44.51,44.45,44.505,1350
2025-01-31 20:13:00,44.5,44.52,44.49,44.49,987
2025-01-31 20:14:00,44.48,44.49,44.47,44.47,471
2025-01-31 20:15:00,44.51,44.51,44.51,44.51,599
2025-01-31 20:16:00,44.46,44.46,44.46,44.46,684
2025-01-31 20:17:00,44.5,44.51,44.495,44.51,1124
2025-01-31 20:19:00,44.52,44.52,44.51,44.52,794
2025-01-31 20:22:00,44.5,44.5,44.5,44.5,533
2025-01-31 20:23:00,44.48,44.48,44.48,44.48,396
2025-01-31 20:25:00,44.52,44.52,44.47,44.47,649
2025-01-31 20:26:00,44.49,44.49,44.49,44.49,209
2025-01-31 20:27:00,44.49,44.52,44.49,44.515,943
2025-01-31 20:28:00,44.48,44.48,44.48,44.48,420
2025-01-31 20:30:00,44.49,44.49,44.49,44.49,581
2025-01-31 20:32:00,44.53,44.53,44.53,44.53,1021
2025-01-31 20:33:00,44.54,44.565,44.54,44.565,778
2025-01-31 20:35:00,44.56,44.59,44.56,44.59,235
2025-01-31 20:36:00,44.58,44.6,44.58,44.59,1857
2025-01-31 20:37:00,44.56,44.56,44.54,44.54,1109
2025-01-31 20:39:00,44.54,44.54,44.54,44.54,329
2025-01-31 20:40:00,44.53,44.53,44.52,44.52,339
2025-01-31 20:41:00,44.54,44.55,44.54,44.55,1198
2025-01-31 20:43:00,44.55,44.55,44.55,44.55,305
2025-01-31 20:44:00,44.56,44.56,44.56,44.56,437
2025-01-31 20:45:00,44.56,44.56,44.56,44.56,837
2025-01-31 20:47:00,44.58,44.58,44.58,44.58,443
2025-01-31 20:49:00,44.58,44.6,44.58,44.59,2259
2025-01-31 20:50:00,44.6,44.64,44.6,44.6,1865
2025-01-31 20:51:00,44.62,44.62,44.52,44.52,2067
2025-01-31 20:52:00,44.52,44.52,44.5,44.51,1759
2025-01-31 20:53:00,44.5,44.52,44.47,44.49,3016
2025-01-31 20:54:00,44.5,44.5,44.445,44.445,2212
2025-01-31 20:55:00,44.46,44.46,44.43,44.43,2735
2025-01-31 20:56:00,44.44,44.46,44.43,44.45,5803
2025-01-31 20:57:00,44.46,44.52,44.46,44.48,5786
2025-01-31 20:58:00,44.48,44.48,44.45,44.46,2688
2025-01-31 20:59:00,44.46,44.52,44.46,44.52,6029
2025-01-31 21:56:00,44.44,44.44,44.44,44.44,100
2025-02-01 00:59:00,44.44,44.44,44.44,44.44,500
2025-02-03 09:09:00,43.5,43.5,43.5,43.5,200
2025-02-03 10:04:00,43.46,43.46,43.46,43.46,212
2025-02-03 10:58:00,43.46,43.46,43.46,43.46,114
2025-02-03 12:01:00,43.2,43.2,43.2,43.2,196
2025-02-03 12:09:00,43.2,43.2,43.2,43.2,200
2025-02-03 12:21:00,43.2,43.3,43.2,43.3,500
2025-02-03 12:53:00,43.2,43.2,43.2,43.2,200
2025-02-03 13:03:00,43.0,43.0,43.0,43.0,522
2025-02-03 13:36:00,43.0,43.0,43.0,43.0,301
2025-02-03 14:30:00,42.46,42.46,42.46,42.46,217
2025-02-03 14:34:00,42.6,43.103,42.6,42.757,725
2025-02-03 14:35:00,42.605,42.62,42.6,42.61,565
2025-02-03 14:38:00,42.47,42.597,42.36,42.597,8857
2025-02-03 14:39:00,42.4275,42.4275,42.3,42.3,2441
2025-02-03 14:40:00,42.25,42.25,42.06,42.14,1665
2025-02-03 14:42:00,42.16,42.195,42.138,42.138,2871
2025-02-03 14:43:00,42.1317,42.1317,42.1317,42.1317,250
2025-02-03 14:44:00,42.0,42.0,42.0,42.0,2314
2025-02-03 14:45:00,41.93,42.02,41.9,42.01,1680
2025-02-03 14:46:00,42.08,42.08,41.995,42.0,1371
2025-02-03 14:49:00,42.03,42.03,41.83,41.87,5628
2025-02-03 14:51:00,41.87,41.87,41.78,41.79,547
2025-02-03 14:56:00,41.778,41.778,41.778,41.778,533
2025-02-03 14:57:00,41.8474,41.8474,41.757,41.757,1559
2025-02-03 14:58:00,41.8309,41.9199,41.8,41.8,955
2025-02-03 14:59:00,41.8,41.8,41.7652,41.7652,1465
2025-02-03 15:00:00,41.75,41.77,41.75,41.77,1204
2025-02-03 15:02:00,41.55,41.65,41.54,41.65,478
2025-02-03 15:03:00,41.55,41.59,41.53,41.59,456
2025-02-03 15:04:00,41.5229,41.57,41.5,41.57,911
2025-02-03 15:05:00,41.64,41.64,41.44,41.48,3202
2025-02-03 15:06:00,41.5685,41.5685,41.5,41.5,755
2025-02-03 15:09:00,41.54,41.55,41.54,41.55,902
2025-02-03 15:10:00,41.5558,41.5594,41.54,41.5594,868
2025-02-03 15:12:00,41.52,41.52,41.52,41.52,389
2025-02-03 15:13:00,41.5,41.5,41.47,41.49,1511
2025-02-03 15:14:00,41.37,41.37,41.33,41.35,1605
2025-02-03 15:15:00,41.35,41.4057,41.33,41.365,2442
2025-02-03 15:16:00,41.32,41.32,41.25,41.25,1240
2025-02-03 15:17:00,41.1248,41.27,41.1248,41.21,1897
2025-02-03 15:18:00,41.21,41.21,41.21,41.21,1029
2025-02-03 15:19:00,41.26,41.26,41.26,41.26,306
2025-02-03 15:21:00,41.28,41.28,41.28,41.28,960
2025-02-03 15:22:00,41.28,41.28,41.25,41.26,1179
2025-02-03 15:25:00,41.55,41.55,41.4,41.52,923
2025-02-03 15:28:00,41.52,41.535,41.52,41.535,978
2025-02-03 15:29:00,41.535,41.73,41.535,41.73,1143
2025-02-03 15:31:00,41.74,41.83,41.74,41.83,4133
2025-02-03 15:33:00,41.74,41.94,41.74,41.94,2335
2025-02-03 15:34:00,41.95,42.06,41.95,42.06,3716
2025-02-03 15:35:00,42.099,42.1,42.09,42.1,901
2025-02-03 15:36:00,42.09,42.1,42.09,42.1,220
2025-02-03 15:37:00,42.09,42.14,42.08,42.12,3641
2025-02-03 15:38:00,42.0849,42.11,42.0849,42.11,429
2025-02-03 15:39:00,42.08,42.29,41.9711,41.9711,11119
2025-02-03 15:41:00,42.07,42.29,42.07,42.29,679
2025-02-03 15:43:00,42.3,42.3,42.3,42.3,130
2025-02-03 15:44:00,42.17,42.17,42.17,42.17,137
2025-02-03 15:45:00,42.1,42.165,42.1,42.165,855
2025-02-03 15:46:00,42.06,42.11,41.96,41.96,2205
2025-02-03 15:49:00,41.88,41.88,41.7,41.72,3816
2025-02-03 15:50:00,41.775202,41.775202,41.775202,41.775202,430
2025-02-03 15:51:00,41.745,41.745,41.7,41.7,291
2025-02-03 15:54:00,41.61,41.61,41.61,41.61,245
2025-02-03 15:55:00,41.56,41.56,41.43,41.505,2228
2025-02-03 15:56:00,41.475,41.475,41.475,41.475,110
2025-02-03 15:57:00,41.41,41.41,41.41,41.41,128
2025-02-03 15:58:00,41.41,41.43,41.4,41.4,680
2025-02-03 15:59:00,41.38,41.38,41.35,41.35,1371
2025-02-03 16:00:00,41.39,41.51,41.35,41.51,2462
2025-02-03 16:01:00,41.4,41.4,41.4,41.4,304
2025-02-03 16:04:00,41.4,41.4,41.4,41.4,110
2025-02-03 16:05:00,41.49,41.61,41.42,41.42,838
2025-02-03 16:06:00,41.41,41.55,41.4,41.55,3662
2025-02-03 16:08:00,41.48,41.48,41.48,41.48,155
2025-02-03 16:10:00,41.55,41.575,41.55,41.575,657
2025-02-03 16:11:00,41.575,41.575,41.575,41.575,277
2025-02-03 16:13:00,41.605,41.605,41.605,41.605,163
2025-02-03 16:14:00,41.52,41.52,41.52,41.52,116
2025-02-03 16:15:00,41.58,41.74,41.58,41.74,7017
2025-02-03 16:17:00,41.65,41.675,41.62,41.62,4331
2025-02-03 16:18:00,41.73,41.73,41.73,41.73,890
2025-02-03 16:19:00,41.75,41.75,41.75,41.75,218
2025-02-03 16:20:00,41.76,41.76,41.76,41.76,428
2025-02-03 16:21:00,41.75,41.75,41.75,41.75,411
2025-02-03 16:22:00,41.76,41.84,41.76,41.84,299
2025-02-03 16:23:00,41.76,41.76,41.76,41.76,378
2025-02-03 16:26:00,41.77,41.77,41.7,41.7,863
2025-02-03 16:28:00,41.66,41.66,41.66,41.66,118
2025-02-03 16:34:00,41.78,41.8593,41.78,41.79,1024
2025-02-03 16:39:00,41.8106,41.82,41.8,41.8,1423
2025-02-03 16:40:00,41.8074,41.86,41.79,41.8,5150
2025-02-03 16:41:00,41.8,41.81,41.78,41.78,3567
2025-02-03 16:42:00,41.74,41.74,41.74,41.74,189
2025-02-03 16:43:00,41.72,41.72,41.67,41.67,619
2025-02-03 16:44:00,41.72,41.72,41.72,41.72,231
2025-02-03 16:45:00,41.65,41.73,41.65,41.73,607
2025-02-03 16:47:00,41.65,41.65,41.65,41.65,133
2025-02-03 16:49:00,41.65,41.65,41.65,41.65,596
2025-02-03 16:51:00,41.63,41.63,41.555,41.555,2002
2025-02-03 16:54:00,41.57,41.59,41.57,41.59,1153
2025-02-03 16:56:00,41.52,41.52,41.5,41.5,2706
2025-02-03 16:57:00,41.35,41.35,41.35,41.35,724
2025-02-03 16:58:00,41.35,41.43,41.35,41.43,975
2025-02-03 16:59:00,41.44,41.44,41.44,41.44,317
2025-02-03 17:00:00,41.37,41.41,41.37,41.41,254
2025-02-03 17:02:00,41.36,41.36,41.36,41.36,118
2025-02-03 17:04:00,41.36,41.36,41.36,41.36,390
2025-02-03 17:07:00,41.35,41.35,41.35,41.35,350
2025-02-03 17:11:00,41.35,41.35,41.35,41.35,125
2025-02-03 17:13:00,41.4192,41.4192,41.4192,41.4192,457
2025-02-03 17:14:00,41.39,41.39,41.36,41.36,945
2025-02-03 17:15:00,41.33,41.34,41.33,41.33,692
2025-02-03 17:16:00,41.32,41.32,41.32,41.32,640
2025-02-03 17:17:00,41.31,41.31,41.28,41.28,2290
2025-02-03 17:18:00,41.27,41.27,41.2588,41.27,2179
2025-02-03 17:20:00,41.26,41.27,41.26,41.27,564
2025-02-03 17:21:00,41.27,41.3,41.26,41.3,1136
2025-02-03 17:25:00,41.36,41.36,41.29,41.34,943
2025-02-03 17:26:00,41.36,41.37,41.36,41.37,533
2025-02-03 17:27:00,41.4,41.4,41.4,41.4,333
2025-02-03 17:32:00,41.36,41.36,41.33,41.33,1001
2025-02-03 17:35:00,41.3599,41.3599,41.3599,41.3599,217
2025-02-03 17:36:00,41.315,41.315,41.3,41.3,859
2025-02-03 17:39:00,41.38,41.38,41.38,41.38,118
2025-02-03 17:41:00,41.36,41.39,41.36,41.39,3203
2025-02-03 17:42:00,41.4,41.43,41.3869,41.41,1877
2025-02-03 17:43:00,41.4194,41.4194,41.4194,41.4194,203
2025-02-03 17:44:00,41.44,41.44,41.44,41.44,221
2025-02-03 17:45:00,41.42,41.46,41.42,41.46,1148
2025-02-03 17:52:00,41.59,41.59,41.5168,41.5168,1671
2025-02-03 17:55:00,41.47,41.5,41.31,41.35,3846
2025-02-03 17:56:00,41.36,41.39,41.36,41.36,941
2025-02-03 17:57:00,41.2,41.2,41.15,41.2,3550
2025-02-03 17:58:00,41.19,41.19,41.15,41.15,4804
2025-02-03 17:59:00,41.1,41.1,41.1,41.1,1423
2025-02-03 18:00:00,41.09,41.09,41.065,41.065,1027
2025-02-03 18:01:00,41.02,41.055,41.02,41.055,476
2025-02-03 18:02:00,41.06,41.07,41.06,41.06,1877
2025-02-03 18:03:00,41.11,41.11,41.11,41.11,1006
2025-02-03 18:05:00,41.16,41.18,41.16,41.18,476
2025-02-03 18:08:00,41.19,41.2,41.18,41.2,2089
2025-02-03 18:12:00,41.19,41.2,41.19,41.2,447
2025-02-03 18:13:00,41.28,41.28,41.28,41.28,227
2025-02-03 18:14:00,41.26,41.26,41.26,41.26,425
2025-02-03 18:16:00,41.2434,41.2502,41.24,41.24,2517
2025-02-03 18:18:00,41.28,41.28,41.12,41.12,3183
2025-02-03 18:19:00,41.02,41.05,41.0,41.05,2190
2025-02-03 18:20:00,41.0594,41.06,41.0006,41.01,2277
2025-02-03 18:23:00,41.05,41.08,41.02,41.02,653
2025-02-03 18:24:00,41.03,41.03,40.95,40.95,2465
2025-02-03 18:25:00,40.95,41.01,40.95,41.0,1465
2025-02-03 18:28:00,41.06,41.06,41.06,41.06,240
2025-02-03 18:29:00,41.04,41.04,41.04,41.04,251
2025-02-03 18:30:00,41.065,41.065,41.065,41.065,343
2025-02-03 18:33:00,41.055,41.055,41.055,41.055,109
2025-02-03 18:36:00,41.05,41.05,40.99,40.99,2095
2025-02-03 18:37:00,40.97,40.97,40.95,40.95,821
2025-02-03 18:38:00,40.95,40.985,40.91,40.91,2773
2025-02-03 18:39:00,40.9,40.94,40.9,40.93,1874
2025-02-03 18:40:00,40.91,40.91,40.91,40.91,1164
2025-02-03 18:42:00,40.89,40.89,40.83,40.83,2890
2025-02-03 18:43:00,40.82,40.83,40.79,40.79,1563
2025-02-03 18:44:00,40.87,40.87,40.87,40.87,459
2025-02-03 18:48:00,40.895,40.895,40.895,40.895,149
2025-02-03 18:49:00,40.89,40.89,40.86,40.86,2222
2025-02-03 18:50:00,40.9,40.9,40.89,40.9,1233
2025-02-03 18:51:00,40.8665,40.8665,40.8665,40.8665,493
2025-02-03 18:52:00,40.9238,40.93,40.915,40.915,593
2025-02-03 18:53:00,40.94,41.01,40.94,41.01,1071
2025-02-03 18:55:00,41.07,41.12,41.07,41.12,752
2025-02-03 18:59:00,41.0,41.0,41.0,41.0,132
2025-02-03 19:00:00,41.11,41.11,41.11,41.11,376
2025-02-03 19:04:00,41.025,41.025,41.02,41.02,1133
2025-02-03 19:05:00,41.05,41.06,41.05,41.06,672
2025-02-03 19:06:00,41.1325,41.1325,41.1325,41.1325,702
2025-02-03 19:09:00,41.1,41.105,41.1,41.105,245
2025-02-03 19:13:00,41.16,41.16,41.16,41.16,383
2025-02-03 19:14:00,41.16,41.16,41.16,41.16,163
2025-02-03 19:17:00,41.21,41.215,41.21,41.215,1058
2025-02-03 19:19:00,41.2689,41.2689,41.2689,41.2689,665
2025-02-03 19:20:00,41.16,41.16,41.16,41.16,331
2025-02-03 19:21:00,41.2304,41.2572,41.1611,41.1611,779
2025-02-03 19:22:00,41.27,41.28,41.27,41.28,1131
2025-02-03 19:23:00,41.2789,41.35,41.2789,41.35,571
2025-02-03 19:24:00,41.39,41.39,41.39,41.39,703
2025-02-03 19:25:00,41.35,41.35,41.35,41.35,154
2025-02-03 19:26:00,41.39,41.42,41.39,41.41,939
2025-02-03 19:27:00,41.41,41.41,41.39,41.4,665
2025-02-03 19:28:00,41.39,41.39,41.39,41.39,304
2025-02-03 19:29:00,41.375,41.42,41.375,41.42,1440
2025-02-03 19:31:00,41.47,41.47,41.45,41.47,587
2025-02-03 19:32:00,41.52,41.53,41.5,41.5,534
2025-02-03 19:33:00,41.49,41.49,41.49,41.49,169
2025-02-03 19:34:00,41.52,41.53,41.49,41.49,700
2025-02-03 19:35:00,41.455,41.49,41.43,41.49,736
2025-02-03 19:36:00,41.49,41.49,41.49,41.49,592
2025-02-03 19:37:00,41.47,41.47,41.47,41.47,206
2025-02-03 19:39:00,41.46,41.47,41.41,41.44,1038
2025-02-03 19:40:00,41.45,41.46,41.42,41.42,1463
2025-02-03 19:42:00,41.44,41.44,41.43,41.44,740
2025-02-03 19:43:00,41.43,41.44,41.43,41.44,225
2025-02-03 19:44:00,41.44,41.45,41.44,41.44,675
2025-02-03 19:45:00,41.44,41.44,41.44,41.44,571
2025-02-03 19:46:00,41.46,41.46,41.46,41.46,306
2025-02-03 19:47:00,41.47,41.49,41.47,41.49,362
2025-02-03 19:49:00,41.5,41.5,41.5,41.5,232
2025-02-03 19:50:00,41.45,41.49,41.45,41.49,923
2025-02-03 19:51:00,41.4401,41.45,41.4,41.42,3725
2025-02-03 19:52:00,41.42,41.42,41.42,41.42,424
2025-02-03 19:53:00,41.4,41.43,41.4,41.43,1265
2025-02-03 19:54:00,41.4202,41.45,41.41,41.41,836
2025-02-03 19:55:00,41.37,41.37,41.37,41.37,218
2025-02-03 19:56:00,41.38,41.41,41.37,41.37,1625
2025-02-03 19:57:00,41.36,41.37,41.29,41.305,5064
2025-02-03 19:59:00,41.24,41.24,41.22,41.23,703
2025-02-03 20:00:00,41.22,41.27,41.22,41.27,2063
2025-02-03 20:02:00,41.31,41.31,41.31,41.31,287
2025-02-03 20:03:00,41.34,41.34,41.34,41.34,626
2025-02-03 20:04:00,41.41,41.42,41.41,41.42,768
2025-02-03 20:06:00,41.39,41.41,41.34,41.34,3004
2025-02-03 20:09:00,41.32,41.345,41.32,41.345,450
2025-02-03 20:12:00,41.37,41.38,41.37,41.37,912
2025-02-03 20:13:00,41.39,41.48,41.39,41.48,2415
2025-02-03 20:14:00,41.5,41.505,41.5,41.505,886
2025-02-03 20:15:00,41.54,41.57,41.54,41.57,570
2025-02-03 20:16:00,41.54,41.54,41.46,41.47,3283
2025-02-03 20:17:00,41.49,41.51,41.49,41.49,1194
2025-02-03 20:18:00,41.47,41.47,41.47,41.47,620
2025-02-03 20:19:00,41.47,41.47,41.43,41.43,1834
2025-02-03 20:21:00,41.39,41.4005,41.39,41.4005,738
2025-02-03 20:22:00,41.41,41.42,41.41,41.41,1568
2025-02-03 20:23:00,41.42,41.42,41.42,41.42,304
2025-02-03 20:24:00,41.4109,41.4109,41.4109,41.4109,729
2025-02-03 20:25:00,41.47,41.47,41.47,41.47,745
2025-02-03 20:26:00,41.46,41.47,41.46,41.46,602
2025-02-03 20:27:00,41.45,41.46,41.45,41.46,441
2025-02-03 20:28:00,41.45,41.45,41.45,41.45,564
2025-02-03 20:29:00,41.47,41.47,41.43,41.43,3112
2025-02-03 20:30:00,41.43,41.43,41.4,41.41,1788
2025-02-03 20:31:00,41.44,41.44,41.26,41.32,10110
2025-02-03 20:32:00,41.38,41.46,41.38,41.45,4927
2025-02-03 20:33:00,41.48,41.52,41.48,41.51,1291
2025-02-03 20:34:00,41.51,41.51,41.48,41.5,2435
2025-02-03 20:35:00,41.5,41.5,41.5,41.5,101
2025-02-03 20:36:00,41.47,41.475,41.47,41.475,1654
2025-02-03 20:37:00,41.46,41.46,41.43,41.43,1711
2025-02-03 20:39:00,41.44,41.44,41.4,41.4,1895
2025-02-03 20:41:00,41.43,41.48,41.43,41.48,1872
2025-02-03 20:43:00,41.51,41.51,41.4311,41.44,3542
2025-02-03 20:45:00,41.43,41.43,41.42,41.42,1518
2025-02-03 20:46:00,41.45,41.46,41.44,41.46,1090
2025-02-03 20:47:00,41.455,41.47,41.455,41.47,1307
2025-02-03 20:48:00,41.47,41.51,41.47,41.51,794
2025-02-03 20:49:00,41.51,41.54,41.51,41.53,2651
2025-02-03 20:50:00,41.57,41.66,41.55,41.66,2580
2025-02-03 20:51:00,41.57,41.6,41.54,41.6,3362
2025-02-03 20:52:00,41.59,41.6,41.56,41.56,5582
2025-02-03 20:53:00,41.56,41.56,41.52,41.53,3614
2025-02-03 20:54:00,41.52,41.52,41.51,41.51,2057
2025-02-03 20:55:00,41.49,41.5,41.48,41.49,3856
2025-02-03 20:56:00,41.49,41.49,41.46,41.46,5227
2025-02-03 20:57:00,41.47,41.48,41.46,41.46,5054
2025-02-03 20:58:00,41.46,41.54,41.46,41.54,5580
2025-02-03 20:59:00,41.56,41.61,41.55,41.6,13063
2025-02-03 21:00:00,41.54,41.54,41.54,41.54,764
2025-02-03 21:58:00,42.0,42.0,42.0,42.0,500
2025-02-03 22:00:00,42.4232,42.4232,42.4232,42.4232,100
2025-02-04 00:20:00,41.5411,41.5411,41.5411,41.5411,993
2025-02-04 11:01:00,41.13,41.13,41.08,41.08,206
2025-02-04 12:02:00,41.03,41.03,41.0,41.0,500
2025-02-04 13:18:00,41.1,41.1,41.1,41.1,300
2025-02-04 13:35:00,41.43,41.49,41.43,41.49,1000
2025-02-04 14:29:00,41.24,41.24,41.15,41.15,950
2025-02-04 14:30:00,41.01,41.1001,41.01,41.1001,7156
2025-02-04 14:31:00,41.29,41.29,41.29,41.29,511
2025-02-04 14:32:00,41.1,41.1,41.05,41.05,478
2025-02-04 14:36:00,41.2082,41.2082,41.2082,41.2082,110
2025-02-04 14:37:00,41.17,41.17,41.08,41.08,211
2025-02-04 14:43:00,41.25,41.33,41.25,41.33,1440
2025-02-04 14:45:00,41.24,41.24,41.24,41.24,114
2025-02-04 14:53:00,41.44,41.44,41.44,41.44,207
2025-02-04 14:56:00,41.47,41.54,41.47,41.54,729
2025-02-04 14:57:00,41.49,41.54,41.49,41.54,1922
2025-02-04 15:00:00,41.58,41.6,41.58,41.6,657
2025-02-04 15:01:00,41.53,41.53,41.49,41.49,444
2025-02-04 15:06:00,41.49,41.49,41.47,41.49,1107
2025-02-04 15:11:00,41.4913,41.4913,41.4913,41.4913,135
2025-02-04 15:12:00,41.56,41.56,41.525,41.56,1256
2025-02-04 15:13:00,41.58,41.605,41.56,41.605,1335
2025-02-04 15:16:00,41.59,41.59,41.57,41.57,584
2025-02-04 15:17:00,41.62,41.65,41.62,41.65,1377
2025-02-04 15:19:00,41.67,41.75,41.67,41.75,976
2025-02-04 15:21:00,41.7,41.7,41.7,41.7,233
2025-02-04 15:23:00,41.74,41.74,41.74,41.74,144
2025-02-04 15:29:00,41.74,41.81,41.74,41.81,2271
2025-02-04 15:32:00,41.92,41.92,41.92,41.92,111
2025-02-04 15:37:00,41.9,41.9,41.9,41.9,767
2025-02-04 15:38:00,41.88,41.91,41.88,41.91,738
2025-02-04 15:40:00,41.9223,41.9223,41.9206,41.9206,205
2025-02-04 15:41:00,41.885,41.885,41.885,41.885,148
2025-02-04 15:42:00,41.92,41.92,41.92,41.92,110
2025-02-04 15:46:00,41.87,41.885,41.87,41.885,247
2025-02-04 15:51:00,41.86,41.86,41.86,41.86,210
2025-02-04 15:59:00,41.86,41.86,41.82,41.83,1339
2025-02-04 16:00:00,41.8151,41.8151,41.8151,41.8151,312
2025-02-04 16:04:00,41.89,41.92,41.88,41.9,1227
2025-02-04 16:06:00,41.88,41.88,41.88,41.88,301
2025-02-04 16:08:00,41.84,41.84,41.84,41.84,267
2025-02-04 16:15:00,41.84,41.865,41.84,41.865,367
2025-02-04 16:17:00,41.9,41.9,41.9,41.9,497
2025-02-04 16:19:00,41.845,41.845,41.845,41.845,428
2025-02-04 16:20:00,41.84,41.86,41.84,41.86,489
2025-02-04 16:25:00,41.91,41.92,41.89,41.89,919
2025-02-04 16:30:00,41.95,41.95,41.93,41.93,516
2025-02-04 16:31:00,41.93,41.95,41.92,41.92,774
2025-02-04 16:35:00,41.93,41.93,41.91,41.91,698
2025-02-04 16:37:00,41.95,41.98,41.95,41.98,1013
2025-02-04 16:50:00,41.86,41.86,41.85,41.85,555
2025-02-04 16:55:00,41.9,41.9,41.9,41.9,213
2025-02-04 16:56:00,41.88,41.88,41.88,41.88,210
2025-02-04 16:59:00,41.88,41.89,41.88,41.89,411
2025-02-04 17:00:00,41.92,41.94,41.92,41.94,832
2025-02-04 17:01:00,41.955,42.02,41.94,42.02,3375
2025-02-04 17:03:00,41.99,41.99,41.99,41.99,104
2025-02-04 17:04:00,42.01,42.01,42.01,42.01,150
2025-02-04 17:05:00,42.025,42.025,42.025,42.025,103
2025-02-04 17:06:00,42.004,42.004,42.004,42.004,490
2025-02-04 17:10:00,42.0001,42.0001,42.0001,42.0001,275
2025-02-04 17:14:00,42.03,42.03,42.03,42.03,108
2025-02-04 17:16:00,42.0,42.0,41.95,41.95,1145
2025-02-04 17:17:00,41.94,41.94,41.94,41.94,449
2025-02-04 17:21:00,41.87,41.87,41.835,41.835,1104
2025-02-04 17:22:00,41.85,41.86,41.85,41.86,1303
2025-02-04 17:23:00,41.845,41.845,41.845,41.845,145
2025-02-04 17:25:00,41.81,41.86,41.81,41.86,616
2025-02-04 17:26:00,41.84,41.84,41.84,41.84,242
2025-02-04 17:28:00,41.81,41.81,41.8,41.8,758
2025-02-04 17:29:00,41.73,41.73,41.73,41.73,488
2025-02-04 17:33:00,41.68,41.71,41.68,41.71,2268
2025-02-04 17:34:00,41.735,41.74,41.735,41.74,306
2025-02-04 17:36:00,41.8,41.82,41.8,41.82,630
2025-02-04 17:38:00,41.75,41.75,41.73,41.73,880
2025-02-04 17:41:00,41.73,41.73,41.73,41.73,203
2025-02-04 17:47:00,41.77,41.78,41.77,41.78,756
2025-02-04 17:50:00,41.78,41.79,41.78,41.79,255
2025-02-04 17:52:00,41.7616,41.7616,41.7616,41.7616,452
2025-02-04 17:53:00,41.76,41.77,41.76,41.77,245
2025-02-04 17:54:00,41.81,41.81,41.81,41.81,200
2025-02-04 17:56:00,41.82,41.83,41.8,41.83,663
2025-02-04 17:59:00,41.805,41.805,41.805,41.805,223
2025-02-04 18:04:00,41.82,41.82,41.82,41.82,888
2025-02-04 18:05:00,41.78,41.78,41.78,41.78,939
2025-02-04 18:08:00,41.75,41.75,41.75,41.75,204
2025-02-04 18:13:00,41.8,41.81,41.79,41.79,615
2025-02-04 18:16:00,41.8,41.8,41.7706,41.775,3966
2025-02-04 18:17:00,41.803,41.803,41.803,41.803,194
2025-02-04 18:18:00,41.77,41.77,41.75,41.765,911
2025-02-04 18:19:00,41.735,41.74,41.735,41.74,247
2025-02-04 18:20:00,41.715,41.715,41.715,41.715,107
2025-02-04 18:21:00,41.74,41.76,41.74,41.76,524
2025-02-04 18:23:00,41.76,41.784,41.76,41.784,2542
2025-02-04 18:24:00,41.8,41.83,41.8,41.83,1034
2025-02-04 18:27:00,41.8,41.8,41.8,41.8,458
2025-02-04 18:29:00,41.745,41.745,41.74,41.74,300
2025-02-04 18:31:00,41.73,41.775,41.73,41.775,205
2025-02-04 18:33:00,41.76,41.76,41.76,41.76,387
2025-02-04 18:35:00,41.76,41.76,41.76,41.76,103
2025-02-04 18:36:00,41.735,41.735,41.73,41.73,424
2025-02-04 18:39:00,41.755,41.755,41.755,41.755,100
2025-02-04 18:46:00,41.73,41.73,41.73,41.73,100
2025-02-04 18:48:00,41.71,41.73,41.71,41.73,420
2025-02-04 18:55:00,41.76,41.76,41.745,41.745,1644
2025-02-04 18:56:00,41.73,41.73,41.72,41.72,1133
2025-02-04 18:59:00,41.695,41.695,41.695,41.695,137
2025-02-04 19:01:00,41.68,41.68,41.68,41.68,257
2025-02-04 19:03:00,41.69,41.69,41.69,41.69,124
2025-02-04 19:06:00,41.69,41.69,41.69,41.69,394
2025-02-04 19:07:00,41.72,41.76,41.715,41.73,1974
2025-02-04 19:10:00,41.76,41.8,41.76,41.8,563
2025-02-04 19:20:00,41.83,41.91,41.83,41.905,12161
2025-02-04 19:21:00,41.97,41.97,41.905,41.97,1109
2025-02-04 19:22:00,41.97,41.97,41.97,41.97,466
2025-02-04 19:23:00,41.9728,42.04,41.97,42.03,2012
2025-02-04 19:24:00,42.05,42.05,42.01,42.05,747
2025-02-04 19:26:00,42.085,42.135,42.06,42.12,2033
2025-02-04 19:27:00,42.115,42.115,42.115,42.115,243
2025-02-04 19:29:00,42.12,42.12,42.105,42.12,2007
2025-02-04 19:31:00,42.12,42.17,42.12,42.17,1850
2025-02-04 19:32:00,42.15,42.16,42.14,42.14,2360
2025-02-04 19:34:00,42.16,42.16,42.16,42.16,661
2025-02-04 19:35:00,42.19,42.24,42.19,42.23,1808
2025-02-04 19:36:00,42.24,42.3,42.24,42.3,1108
2025-02-04 19:37:00,42.31,42.31,42.265,42.3,1717
2025-02-04 19:39:00,42.26,42.26,42.21,42.23,2425
2025-02-04 19:40:00,42.2548,42.255,42.23,42.255,894
2025-02-04 19:41:00,42.2325,42.2325,42.2325,42.2325,141
2025-02-04 19:46:00,42.2,42.2,42.18,42.18,1139
2025-02-04 19:47:00,42.071,42.12,42.071,42.12,612
2025-02-04 19:48:00,42.12,42.12,42.12,42.12,146
2025-02-04 19:51:00,42.1,42.1,42.1,42.1,356
2025-02-04 19:52:00,42.105,42.105,42.08,42.08,1762
2025-02-04 19:53:00,42.053,42.053,42.04,42.05,941
2025-02-04 19:54:00,41.99,42.04,41.99,42.04,798
2025-02-04 19:57:00,42.05,42.065,42.025,42.065,1393
2025-02-04 19:59:00,42.03,42.03,42.02,42.02,1081
2025-02-04 20:00:00,42.03,42.03,42.03,42.03,239
2025-02-04 20:03:00,41.9745,41.9745,41.905,41.91,3776
2025-02-04 20:05:00,41.8901,41.8901,41.8901,41.8901,1215
2025-02-04 20:08:00,41.9,41.9,41.89,41.89,352
2025-02-04 20:10:00,41.875,41.875,41.875,41.875,123
2025-02-04 20:12:00,41.88,41.89,41.88,41.88,1011
2025-02-04 20:14:00,41.9,41.9,41.9,41.9,133
2025-02-04 20:17:00,41.91,41.91,41.91,41.91,498
2025-02-04 20:18:00,41.89,41.89,41.86,41.86,748
2025-02-04 20:22:00,41.85,41.85,41.84,41.84,1152
2025-02-04 20:23:00,41.845,41.845,41.83,41.83,783
2025-02-04 20:25:00,41.81,41.8496,41.81,41.8496,3010
2025-02-04 20:30:00,41.85,41.88,41.85,41.88,1429
2025-02-04 20:31:00,41.8585,41.8585,41.8585,41.8585,109
2025-02-04 20:32:00,41.88,41.88,41.855,41.8795,802
2025-02-04 20:34:00,41.84,41.84,41.83,41.83,931
2025-02-04 20:36:00,41.86,41.9,41.86,41.87,2023
2025-02-04 20:38:00,41.92,41.92,41.92,41.92,592
2025-02-04 20:39:00,41.9,41.9,41.88,41.88,812
2025-02-04 20:42:00,41.83,41.83,41.82,41.8292,1104
2025-02-04 20:43:00,41.84,41.86,41.84,41.84,997
2025-02-04 20:45:00,41.81,41.84,41.81,41.84,1286
2025-02-04 20:46:00,41.834,41.834,41.834,41.834,123
2025-02-04 20:47:00,41.81,41.82,41.77,41.79,2389
2025-02-04 20:48:00,41.8,41.81,41.7875,41.793,1982
2025-02-04 20:49:00,41.8,41.8,41.8,41.8,420
2025-02-04 20:50:00,41.78,41.78,41.77,41.77,1012
2025-02-04 20:52:00,41.77,41.8,41.765,41.8,2393
2025-02-04 20:53:00,41.785,41.8,41.785,41.79,1034
2025-02-04 20:54:00,41.81,41.81,41.79,41.79,1234
2025-02-04 20:55:00,41.78,41.78,41.78,41.78,1108
2025-02-04 20:56:00,41.79,41.795,41.78,41.78,2274
2025-02-04 20:57:00,41.81,41.81,41.76,41.77,3516
2025-02-04 20:58:00,41.76,41.77,41.74,41.75,4624
2025-02-04 20:59:00,41.75,41.75,41.715,41.7252,7957
2025-02-05 14:30:00,42.06,42.06,42.06,42.06,4585
2025-02-05 14:37:00,42.01,42.01,42.01,42.01,203
2025-02-05 14:40:00,41.84,41.84,41.82,41.82,894
2025-02-05 14:41:00,41.6935,41.6935,41.6935,41.6935,222
2025-02-05 14:43:00,41.825,41.825,41.825,41.825,103
2025-02-05 14:46:00,41.82,41.82,41.72,41.72,353
2025-02-05 14:48:00,41.835,41.835,41.73,41.73,991
2025-02-05 14:49:00,41.745,41.745,41.745,41.745,161
2025-02-05 14:50:00,41.73,41.795,41.72,41.73,939
2025-02-05 14:58:00,41.75,41.76,41.75,41.76,704
2025-02-05 14:59:00,41.77,41.77,41.77,41.77,278
2025-02-05 15:00:00,41.83,41.83,41.83,41.83,194
2025-02-05 15:02:00,41.78,41.78,41.78,41.78,286
2025-02-05 15:03:00,41.75,41.75,41.75,41.75,654
2025-02-05 15:04:00,41.75,41.76,41.74,41.74,792
2025-02-05 15:07:00,41.71,41.71,41.64,41.695,2007
2025-02-05 15:08:00,41.67,41.67,41.59,41.59,1113
2025-02-05 15:09:00,41.58,41.58,41.58,41.58,401
2025-02-05 15:10:00,41.62,41.62,41.62,41.62,362
2025-02-05 15:12:00,41.655,41.69,41.6525,41.67,1137
2025-02-05 15:13:00,41.71,41.71,41.71,41.71,365
2025-02-05 15:14:00,41.74,41.74,41.71,41.74,1018
2025-02-05 15:23:00,41.74,41.74,41.74,41.74,172
2025-02-05 15:24:00,41.78,41.78,41.78,41.78,159
2025-02-05 15:25:00,41.775,41.775,41.775,41.775,226
2025-02-05 15:26:00,41.79,41.79,41.79,41.79,369
2025-02-05 15:27:00,41.81,41.81,41.765,41.765,3255
2025-02-05 15:28:00,41.76,41.76,41.76,41.76,582
2025-02-05 15:31:00,41.73,41.73,41.7,41.72,1081
2025-02-05 15:34:00,41.7,41.7,41.7,41.7,426
2025-02-05 15:36:00,41.695,41.695,41.695,41.695,282
2025-02-05 15:37:00,41.74,41.74,41.74,41.74,200
2025-02-05 15:38:00,41.74,41.77,41.74,41.77,2579
2025-02-05 15:43:00,41.8,41.84,41.8,41.84,1015
2025-02-05 15:55:00,41.83,41.83,41.83,41.83,168
2025-02-05 16:01:00,41.81,41.815,41.81,41.81,550
2025-02-05 16:02:00,41.83,41.83,41.83,41.83,203
2025-02-05 16:03:00,41.83,41.83,41.8,41.8,539
2025-02-05 16:05:00,41.805,41.83,41.805,41.83,436
2025-02-05 16:09:00,41.85,41.86,41.85,41.86,793
2025-02-05 16:10:00,41.88,41.88,41.86,41.86,625
2025-02-05 16:13:00,41.8,41.8,41.71,41.78,4528
2025-02-05 16:15:00,41.79,41.81,41.76,41.76,1929
2025-02-05 16:16:00,41.76,41.76,41.76,41.76,488
2025-02-05 16:17:00,41.73,41.73,41.73,41.73,281
2025-02-05 16:18:00,41.7,41.7125,41.7,41.7,405
2025-02-05 16:19:00,41.72,41.72,41.72,41.72,168
2025-02-05 16:20:00,41.72,41.74,41.71,41.71,407
2025-02-05 16:21:00,41.73,41.74,41.73,41.735,1116
2025-02-05 16:22:00,41.74,41.74,41.71,41.71,331
2025-02-05 16:26:00,41.74,41.76,41.74,41.76,1131
2025-02-05 16:27:00,41.74,41.74,41.74,41.74,613
2025-02-05 16:28:00,41.78,41.78,41.75,41.78,814
2025-02-05 16:29:00,41.78,41.8,41.78,41.8,321
2025-02-05 16:30:00,41.8,41.81,41.8,41.8,1089
2025-02-05 16:32:00,41.81,41.81,41.81,41.81,471
2025-02-05 16:36:00,41.81,41.82,41.77,41.775,2480
2025-02-05 16:37:00,41.79,41.79,41.77,41.77,716
2025-02-05 16:43:00,41.77,41.78,41.755,41.7775,1132
2025-02-05 16:44:00,41.78,41.78,41.78,41.78,296
2025-02-05 16:46:00,41.8,41.8,41.79,41.79,640
2025-02-05 16:47:00,41.79,41.79,41.79,41.79,544
2025-02-05 16:48:00,41.81,41.82,41.81,41.82,553
2025-02-05 16:51:00,41.88,41.89,41.86,41.89,843
2025-02-05 16:54:00,41.9,41.9,41.9,41.9,940
2025-02-05 16:57:00,41.9,41.9,41.86,41.87,2568
2025-02-05 16:58:00,41.875,41.875,41.875,41.875,569
2025-02-05 17:00:00,41.9,41.91,41.9,41.905,689
2025-02-05 17:03:00,41.92,41.94,41.9075,41.9075,1222
2025-02-05 17:06:00,41.96,41.96,41.94,41.94,377
2025-02-05 17:08:00,41.96,41.98,41.96,41.98,495
2025-02-05 17:12:00,41.94,41.94,41.94,41.94,108
2025-02-05 17:13:00,41.96,41.96,41.96,41.96,338
2025-02-05 17:14:00,41.965,41.9749,41.965,41.965,1475
2025-02-05 17:16:00,41.94,41.94,41.89,41.89,4267
2025-02-05 17:17:00,41.89,41.91,41.88,41.91,1997
2025-02-05 17:18:00,41.88,41.88,41.88,41.88,273
2025-02-05 17:19:00,41.87,41.87,41.87,41.87,244
2025-02-05 17:22:00,41.81,41.81,41.81,41.81,484
2025-02-05 17:23:00,41.83,41.83,41.83,41.83,250
2025-02-05 17:24:00,41.82,41.82,41.82,41.82,120
2025-02-05 17:25:00,41.82,41.82,41.82,41.82,886
2025-02-05 17:26:00,41.83,41.83,41.83,41.83,362
2025-02-05 17:27:00,41.8208,41.8208,41.8208,41.8208,172
2025-02-05 17:29:00,41.81,41.81,41.81,41.81,606
2025-02-05 17:31:00,41.79,41.79,41.78,41.78,1227
2025-02-05 17:32:00,41.77,41.77,41.77,41.77,127
2025-02-05 17:34:00,41.77,41.77,41.77,41.77,127
2025-02-05 17:35:00,41.77,41.79,41.77,41.79,443
2025-02-05 17:36:00,41.78,41.8627,41.76,41.8627,2266
2025-02-05 17:37:00,41.8043,41.8043,41.8043,41.8043,865
2025-02-05 17:38:00,41.78,41.78,41.78,41.78,110
2025-02-05 17:41:00,41.75,41.76,41.75,41.76,367
2025-02-05 17:44:00,41.75,41.77,41.75,41.75,361
2025-02-05 17:48:00,41.76,41.76,41.76,41.76,107
2025-02-05 17:49:00,41.75,41.75,41.75,41.75,101
2025-02-05 17:50:00,41.78,41.78,41.78,41.78,133
2025-02-05 17:51:00,41.71,41.71,41.71,41.71,107
2025-02-05 17:53:00,41.72,41.72,41.72,41.72,113
2025-02-05 17:54:00,41.76,41.79,41.75,41.78,1710
2025-02-05 17:55:00,41.77,41.77,41.77,41.77,156
2025-02-05 17:57:00,41.78,41.8042,41.77,41.77,756
2025-02-05 17:58:00,41.76,41.76,41.76,41.76,147
2025-02-05 18:02:00,41.76,41.76,41.76,41.76,121
2025-02-05 18:05:00,41.76,41.76,41.76,41.76,114
2025-02-05 18:06:00,41.7643,41.7643,41.7643,41.7643,603
2025-02-05 18:08:00,41.73,41.73,41.7,41.71,2360
2025-02-05 18:09:00,41.7,41.7,41.7,41.7,215
2025-02-05 18:10:00,41.7152,41.7152,41.69,41.69,366
2025-02-05 18:14:00,41.71,41.72,41.705,41.705,630
2025-02-05 18:19:00,41.735,41.735,41.735,41.735,169
2025-02-05 18:24:00,41.7,41.7,41.7,41.7,234
2025-02-05 18:25:00,41.72,41.72,41.7075,41.715,1778
2025-02-05 18:26:00,41.7493,41.7493,41.715,41.72,898
2025-02-05 18:27:00,41.7,41.7,41.7,41.7,164
2025-02-05 18:28:00,41.71,41.71,41.71,41.71,115
2025-02-05 18:29:00,41.71,41.71,41.71,41.71,188
2025-02-05 18:30:00,41.7022,41.7022,41.7022,41.7022,806
2025-02-05 18:31:00,41.68,41.68,41.68,41.68,532
2025-02-05 18:32:00,41.7156,41.7156,41.7,41.7,2118
2025-02-05 18:33:00,41.71,41.71,41.71,41.71,134
2025-02-05 18:34:00,41.72,41.72,41.72,41.72,895
2025-02-05 18:36:00,41.73,41.75,41.73,41.75,1609
2025-02-05 18:37:00,41.74,41.74,41.74,41.74,106
2025-02-05 18:39:00,41.76,41.8,41.76,41.8,451
2025-02-05 18:40:00,41.76,41.76,41.76,41.76,106
2025-02-05 18:42:00,41.7746,41.7746,41.7746,41.7746,301
2025-02-05 18:47:00,41.72,41.72,41.72,41.72,117
2025-02-05 18:51:00,41.71,41.71,41.71,41.71,122
2025-02-05 18:52:00,41.71,41.71,41.71,41.71,175
2025-02-05 18:54:00,41.71,41.71,41.71,41.71,110
2025-02-05 18:56:00,41.68,41.68,41.68,41.68,465
2025-02-05 18:58:00,41.7,41.72,41.685,41.72,3661
2025-02-05 19:00:00,41.715,41.715,41.715,41.715,161
2025-02-05 19:01:00,41.72,41.73,41.72,41.72,421
2025-02-05 19:02:00,41.75,41.77,41.75,41.77,439
2025-02-05 19:04:00,41.77,41.77,41.77,41.77,102
2025-02-05 19:07:00,41.765,41.765,41.765,41.765,100
2025-02-05 19:10:00,41.8,41.8,41.75,41.75,656
2025-02-05 19:13:00,41.805,41.805,41.7804,41.805,944
2025-02-05 19:14:00,41.8589,41.8589,41.765,41.765,276
2025-02-05 19:15:00,41.76,41.76,41.76,41.76,100
2025-02-05 19:18:00,41.76,41.76,41.76,41.76,140
2025-02-05 19:20:00,41.7985,41.7985,41.7985,41.7985,302
2025-02-05 19:24:00,41.76,41.76,41.76,41.76,246
2025-02-05 19:27:00,41.75,41.77,41.75,41.75,1398
2025-02-05 19:28:00,41.75,41.76,41.75,41.76,211
2025-02-05 19:32:00,41.75,41.75,41.75,41.75,242
2025-02-05 19:33:00,41.75,41.76,41.75,41.76,1380
2025-02-05 19:35:00,41.77,41.78,41.76,41.78,922
2025-02-05 19:36:00,41.77,41.77,41.77,41.77,428
2025-02-05 19:37:00,41.78,41.78,41.78,41.78,485
2025-02-05 19:40:00,41.775,41.775,41.775,41.775,100
2025-02-05 19:44:00,41.75,41.75,41.75,41.75,212
2025-02-05 19:45:00,41.75,41.75,41.745,41.745,773
2025-02-05 19:47:00,41.745,41.76,41.745,41.76,1094
2025-02-05 19:49:00,41.75,41.77,41.75,41.765,664
2025-02-05 19:50:00,41.75,41.75,41.75,41.75,237
2025-02-05 19:51:00,41.75,41.75,41.75,41.75,176
2025-02-05 19:53:00,41.74,41.745,41.74,41.745,267
2025-02-05 19:54:00,41.745,41.745,41.69,41.71,1498
2025-02-05 19:55:00,41.71,41.72,41.71,41.72,224
2025-02-05 19:56:00,41.7044,41.73,41.7044,41.715,1274
2025-02-05 19:57:00,41.715,41.74,41.71,41.72,2009
2025-02-05 19:58:00,41.72,41.75,41.72,41.75,703
2025-02-05 20:00:00,41.735,41.735,41.735,41.735,161
2025-02-05 20:01:00,41.735,41.735,41.735,41.735,102
2025-02-05 20:03:00,41.73,41.73,41.72,41.72,934
2025-02-05 20:04:00,41.72,41.72,41.72,41.72,234
2025-02-05 20:05:00,41.73,41.74,41.73,41.74,529
2025-02-05 20:07:00,41.74,41.74,41.74,41.74,233
2025-02-05 20:09:00,41.75,41.75,41.75,41.75,111
2025-02-05 20:11:00,41.74,41.74,41.74,41.74,257
2025-02-05 20:12:00,41.74,41.74,41.74,41.74,108
2025-02-05 20:14:00,41.74,41.74,41.74,41.74,515
2025-02-05 20:15:00,41.74,41.74,41.7204,41.74,484
2025-02-05 20:17:00,41.74,41.74,41.74,41.74,660
2025-02-05 20:18:00,41.75,41.76,41.75,41.75,1223
2025-02-05 20:19:00,41.75,41.75,41.7304,41.75,910
2025-02-05 20:20:00,41.75,41.75,41.75,41.75,336
2025-02-05 20:22:00,41.745,41.745,41.745,41.745,401
2025-02-05 20:23:00,41.745,41.76,41.745,41.76,871
2025-02-05 20:24:00,41.75,41.77,41.75,41.77,385
2025-02-05 20:25:00,41.74,41.8,41.74,41.8,1882
2025-02-05 20:26:00,41.8,41.8,41.79,41.8,1488
2025-02-05 20:27:00,41.81,41.82,41.81,41.82,665
2025-02-05 20:30:00,41.82,41.825,41.8,41.81,719
2025-02-05 20:32:00,41.82,41.82,41.8,41.81,1754
2025-02-05 20:33:00,41.82,41.82,41.815,41.815,1352
2025-02-05 20:34:00,41.815,41.815,41.815,41.815,318
2025-02-05 20:35:00,41.81,41.81,41.8,41.8,2158
2025-02-05 20:36:00,41.8,41.82,41.786,41.795,3508
2025-02-05 20:37:00,41.795,41.82,41.795,41.81,2093
2025-02-05 20:38:00,41.81,41.81,41.81,41.81,505
2025-02-05 20:39:00,41.82,41.83,41.81,41.82,1649
2025-02-05 20:40:00,41.82,41.82,41.82,41.82,397
2025-02-05 20:41:00,41.82,41.82,41.82,41.82,377
2025-02-05 20:42:00,41.82,41.82,41.8,41.8,3303
2025-02-05 20:43:00,41.795,41.8,41.795,41.8,845
2025-02-05 20:44:00,41.8,41.81,41.8,41.805,1273
2025-02-05 20:45:00,41.805,41.81,41.805,41.81,925
2025-02-05 20:46:00,41.82,41.82,41.82,41.82,546
2025-02-05 20:47:00,41.814,41.82,41.814,41.82,929
2025-02-05 20:48:00,41.82,41.82,41.8049,41.82,3687
2025-02-05 20:49:00,41.82,41.82,41.815,41.82,2322
2025-02-05 20:50:00,41.82,41.845,41.79,41.84,3333
2025-02-05 20:51:00,41.82,41.84,41.815,41.815,1981
2025-02-05 20:52:00,41.84,41.84,41.82,41.82,1928
2025-02-05 20:53:00,41.815,41.82,41.8,41.805,3302
2025-02-05 20:54:00,41.81,41.82,41.805,41.82,3107
2025-02-05 20:55:00,41.81,41.83,41.81,41.82,2722
2025-02-05 20:56:00,41.82,41.82,41.8,41.8,3944
2025-02-05 20:57:00,41.8,41.82,41.8,41.8,3643
2025-02-05 20:58:00,41.79,41.8,41.77,41.78,3880
2025-02-05 20:59:00,41.77,41.77,41.73,41.74,12460
2025-02-05 21:00:00,41.72,41.72,41.72,41.72,100
2025-02-06 14:30:00,41.9,41.9,41.9,41.9,3625
2025-02-06 14:36:00,42.0,42.015,41.83,42.015,416
2025-02-06 14:40:00,41.9144,41.9144,41.9144,41.9144,301
2025-02-06 14:44:00,41.985,41.985,41.985,41.985,130
2025-02-06 14:45:00,41.98,41.98,41.93,41.93,746
2025-02-06 14:50:00,41.97,42.05,41.97,42.05,6304
2025-02-06 14:51:00,42.07,42.07,42.06,42.06,211
2025-02-06 14:52:00,42.05,42.15,42.05,42.15,3621
2025-02-06 14:53:00,42.14,42.14,42.1,42.14,514
2025-02-06 14:54:00,42.1,42.1,42.09,42.1,1376
2025-02-06 14:56:00,42.04,42.04,42.04,42.04,113
2025-02-06 14:57:00,42.02,42.02,42.02,42.02,106
2025-02-06 14:58:00,42.02,42.02,42.02,42.02,301
2025-02-06 14:59:00,42.01,42.02,41.99,41.99,655
2025-02-06 15:01:00,42.02,42.09,42.02,42.09,1619
2025-02-06 15:04:00,42.12,42.12,42.12,42.12,100
2025-02-06 15:07:00,42.0784,42.0784,42.0784,42.0784,104
2025-02-06 15:09:00,42.09,42.09,42.09,42.09,121
2025-02-06 15:10:00,42.1119,42.1119,42.1119,42.1119,106
2025-02-06 15:13:00,42.12,42.12,42.12,42.12,212
2025-02-06 15:15:00,42.12,42.12,42.11,42.12,2464
2025-02-06 15:16:00,42.15,42.15,42.15,42.15,210
2025-02-06 15:17:00,42.185,42.22,42.185,42.2,532
2025-02-06 15:18:00,42.2,42.2,42.2,42.2,736
2025-02-06 15:23:00,42.21,42.27,42.21,42.27,1457
2025-02-06 15:24:00,42.23,42.27,42.22,42.23,573
2025-02-06 15:25:00,42.29,42.29,42.29,42.29,138
2025-02-06 15:29:00,42.24,42.24,42.24,42.24,134
2025-02-06 15:30:00,42.24,42.24,42.23,42.23,446
2025-02-06 15:31:00,42.25,42.25,42.245,42.245,396
2025-02-06 15:32:00,42.25,42.25,42.25,42.25,155
2025-02-06 15:34:00,42.22,42.22,42.21,42.21,570
2025-02-06 15:38:00,42.235,42.235,42.235,42.235,123
2025-02-06 15:39:00,42.19,42.19,42.19,42.19,293
2025-02-06 15:41:00,42.21,42.21,42.21,42.21,127
2025-02-06 15:42:00,42.2101,42.25,42.2101,42.25,420
2025-02-06 15:44:00,42.21,42.215,42.21,42.215,429
2025-02-06 15:47:00,42.2,42.2,42.2,42.2,419
2025-02-06 15:48:00,42.19,42.19,42.19,42.19,110
2025-02-06 15:54:00,42.16,42.16,42.16,42.16,118
2025-02-06 16:00:00,42.09,42.15,42.09,42.12,2241
2025-02-06 16:03:00,42.1177,42.1177,42.1177,42.1177,155
2025-02-06 16:05:00,42.095,42.095,42.095,42.095,198
2025-02-06 16:06:00,42.13,42.16,42.13,42.13,1070
2025-02-06 16:08:00,42.16,42.17,42.16,42.17,454
2025-02-06 16:09:00,42.19,42.2,42.19,42.2,323
2025-02-06 16:14:00,42.15,42.15,42.15,42.15,137
2025-02-06 16:16:00,42.17,42.17,42.17,42.17,766
2025-02-06 16:17:00,42.21,42.21,42.21,42.21,203
2025-02-06 16:18:00,42.175,42.175,42.175,42.175,217
2025-02-06 16:21:00,42.21,42.21,42.21,42.21,632
2025-02-06 16:26:00,42.19,42.19,42.17,42.19,955
2025-02-06 16:30:00,42.15,42.18,42.15,42.18,711
2025-02-06 16:32:00,42.1907,42.1907,42.1907,42.1907,410
2025-02-06 16:34:00,42.12,42.14,42.12,42.14,673
2025-02-06 16:35:00,42.11,42.154,42.11,42.154,430
2025-02-06 16:38:00,42.1555,42.1555,42.1,42.1,316
2025-02-06 16:39:00,42.13,42.13,42.13,42.13,225
2025-02-06 16:40:00,42.15,42.1829,42.15,42.1829,1759
2025-02-06 16:43:00,42.2,42.21,42.18,42.18,3333
2025-02-06 16:45:00,42.16,42.16,42.16,42.16,608
2025-02-06 16:47:00,42.15,42.19,42.15,42.19,581
2025-02-06 16:48:00,42.15,42.15,42.15,42.15,4393
2025-02-06 16:51:00,42.15,42.15,42.15,42.15,155
2025-02-06 16:52:00,42.14,42.165,42.14,42.165,262
2025-02-06 16:54:00,42.14,42.14,42.14,42.14,300
2025-02-06 16:55:00,42.19,42.19,42.15,42.15,2754
2025-02-06 16:57:00,42.13,42.13,42.13,42.13,691
2025-02-06 16:59:00,42.08,42.08,42.07,42.08,609
2025-02-06 17:00:00,42.07,42.07,42.07,42.07,456
2025-02-06 17:02:00,42.02,42.02,42.02,42.02,123
2025-02-06 17:07:00,42.0548,42.0548,42.03,42.03,395
2025-02-06 17:14:00,42.0,42.0,42.0,42.0,372
2025-02-06 17:17:00,42.0,42.0,42.0,42.0,159
2025-02-06 17:19:00,42.02,42.02,42.02,42.02,506
2025-02-06 17:20:00,42.0,42.0,42.0,42.0,250
2025-02-06 17:21:00,42.015,42.015,42.015,42.015,123
2025-02-06 17:23:00,42.015,42.015,41.9905,41.9905,900
2025-02-06 17:26:00,41.99,41.99,41.99,41.99,138
2025-02-06 17:28:00,41.98,41.98,41.95,41.95,803
2025-02-06 17:29:00,41.96,41.9825,41.96,41.9825,1028
2025-02-06 17:30:00,41.975,42.0,41.975,42.0,2610
2025-02-06 17:31:00,41.96,41.96,41.95,41.96,573
2025-02-06 17:32:00,41.96,41.97,41.96,41.96,742
2025-02-06 17:33:00,41.98,41.98,41.98,41.98,372
2025-02-06 17:35:00,41.98,41.98,41.98,41.98,651
2025-02-06 17:36:00,41.95,41.95,41.95,41.95,241
2025-02-06 17:44:00,41.96,41.96,41.96,41.96,220
2025-02-06 17:46:00,41.98,41.98,41.98,41.98,603
2025-02-06 17:49:00,42.0,42.02,42.0,42.02,951
2025-02-06 17:53:00,42.04,42.06,42.03,42.06,482
2025-02-06 17:54:00,42.045,42.045,42.03,42.03,393
2025-02-06 17:56:00,42.03,42.04,42.03,42.04,537
2025-02-06 17:57:00,42.03,42.03,42.03,42.03,172
2025-02-06 17:59:00,42.03,42.03,42.03,42.03,158
2025-02-06 18:05:00,42.06,42.07,42.06,42.07,615
2025-02-06 18:07:00,42.04,42.04,42.04,42.04,189
2025-02-06 18:08:00,42.04,42.04,42.04,42.04,572
2025-02-06 18:09:00,42.03,42.03,41.97,41.97,1372
2025-02-06 18:10:00,41.99,41.99,41.99,41.99,390
2025-02-06 18:11:00,42.0194,42.03,42.0194,42.03,1985
2025-02-06 18:14:00,42.05,42.05,42.03,42.03,688
2025-02-06 18:15:00,42.05,42.05,42.05,42.05,845
2025-02-06 18:17:00,42.06,42.06,42.06,42.06,662
2025-02-06 18:19:00,42.035,42.035,42.035,42.035,485
2025-02-06 18:21:00,42.02,42.04,42.01,42.01,836
2025-02-06 18:22:00,42.0269,42.04,42.0269,42.04,712
2025-02-06 18:24:00,42.04,42.06,42.04,42.06,998
2025-02-06 18:25:00,42.07,42.08,42.07,42.07,917
2025-02-06 18:26:00,42.07,42.07,42.07,42.07,239
2025-02-06 18:28:00,42.075,42.075,42.075,42.075,331
2025-02-06 18:30:00,42.105,42.11,42.105,42.11,335
2025-02-06 18:32:00,42.1,42.16,42.1,42.16,669
2025-02-06 18:37:00,42.16,42.16,42.16,42.16,206
2025-02-06 18:38:00,42.13,42.14,42.13,42.14,855
2025-02-06 18:40:00,42.14,42.14,42.14,42.14,382
2025-02-06 18:47:00,42.16,42.16,42.16,42.16,148
2025-02-06 18:49:00,42.14,42.14,42.14,42.14,119
2025-02-06 18:50:00,42.16,42.16,42.155,42.16,728
2025-02-06 18:51:00,42.16,42.17,42.16,42.16,890
2025-02-06 18:53:00,42.15,42.15,42.15,42.15,381
2025-02-06 18:55:00,42.1,42.12,42.1,42.12,661
2025-02-06 18:56:00,42.075,42.075,42.075,42.075,156
2025-02-06 18:57:00,42.1011,42.1011,42.1011,42.1011,176
2025-02-06 18:58:00,42.06,42.06,42.06,42.06,141
2025-02-06 18:59:00,42.1,42.1,42.09,42.09,772
2025-02-06 19:12:00,42.07,42.07,42.07,42.07,327
2025-02-06 19:15:00,42.04,42.04,42.04,42.04,301
2025-02-06 19:16:00,42.01,42.01,42.01,42.01,888
2025-02-06 19:17:00,42.03,42.03,42.03,42.03,1097
2025-02-06 19:21:00,42.0,42.01,42.0,42.01,1074
2025-02-06 19:24:00,42.03,42.03,42.03,42.03,354
2025-02-06 19:25:00,42.0,42.01,42.0,42.0,797
2025-02-06 19:26:00,41.99,41.99,41.99,41.99,673
2025-02-06 19:27:00,41.97,41.98,41.97,41.98,2162
2025-02-06 19:28:00,42.01,42.02,42.01,42.02,410
2025-02-06 19:32:00,41.94,41.95,41.94,41.95,1001
2025-02-06 19:33:00,41.93,41.93,41.89,41.9,2138
2025-02-06 19:34:00,41.91,41.91,41.9,41.9,620
2025-02-06 19:36:00,41.92,41.93,41.92,41.93,561
2025-02-06 19:37:00,41.9799,41.9799,41.9799,41.9799,222
2025-02-06 19:47:00,41.9175,41.9175,41.9175,41.9175,275
2025-02-06 19:48:00,41.93,41.93,41.91,41.91,313
2025-02-06 19:51:00,41.92,41.92,41.92,41.92,217
2025-02-06 19:53:00,41.94,41.95,41.94,41.95,1223
2025-02-06 19:56:00,41.93,41.93,41.91,41.91,1058
2025-02-06 19:57:00,41.91,41.92,41.91,41.92,324
2025-02-06 20:04:00,41.9029,41.9029,41.9029,41.9029,440
2025-02-06 20:06:00,41.915,41.915,41.915,41.915,254
2025-02-06 20:09:00,41.92,41.92,41.92,41.92,534
2025-02-06 20:12:00,41.93,41.93,41.93,41.93,634
2025-02-06 20:13:00,41.93,41.93,41.9104,41.9104,592
2025-02-06 20:15:00,41.9319,41.9319,41.91,41.91,5023
2025-02-06 20:16:00,41.92,41.93,41.9001,41.915,1327
2025-02-06 20:17:00,41.93,41.93,41.915,41.915,853
2025-02-06 20:18:00,41.9,41.91,41.9,41.91,1097
2025-02-06 20:19:00,41.895,41.895,41.89,41.89,251
2025-02-06 20:20:00,41.89,41.89,41.87,41.87,1281
2025-02-06 20:21:00,41.87,41.87,41.86,41.86,526
2025-02-06 20:22:00,41.87,41.88,41.87,41.88,1008
2025-02-06 20:25:00,41.88,41.88,41.88,41.88,583
2025-02-06 20:26:00,41.88,41.89,41.88,41.89,1030
2025-02-06 20:27:00,41.89,41.89,41.89,41.89,573
2025-02-06 20:28:00,41.89,41.89,41.89,41.89,297
2025-02-06 20:30:00,41.89,41.9,41.89,41.9,1910
2025-02-06 20:31:00,41.91,41.91,41.89,41.89,2982
2025-02-06 20:32:00,41.9,41.91,41.9,41.9,2186
2025-02-06 20:33:00,41.895,41.9,41.895,41.9,407
2025-02-06 20:35:00,41.91,41.93,41.91,41.93,919
2025-02-06 20:42:00,41.91,41.94,41.91,41.94,862
2025-02-06 20:44:00,41.93,41.93,41.93,41.93,188
2025-02-06 20:45:00,41.94,41.94,41.93,41.94,1861
2025-02-06 20:46:00,41.95,41.96,41.94,41.955,2915
2025-02-06 20:47:00,41.95,41.95,41.945,41.945,812
2025-02-06 20:48:00,41.945,41.95,41.94,41.94,828
2025-02-06 20:49:00,41.94,41.94,41.92,41.92,1064
2025-02-06 20:50:00,41.915,41.93,41.915,41.92,3284
2025-02-06 20:51:00,41.91,41.93,41.905,41.92,1806
2025-02-06 20:52:00,41.92,41.92,41.92,41.92,155
2025-02-06 20:53:00,41.91,41.91,41.905,41.905,954
2025-02-06 20:54:00,41.905,41.92,41.895,41.915,3284
2025-02-06 20:55:00,41.915,41.94,41.915,41.94,2014
2025-02-06 20:56:00,41.92,41.92,41.915,41.915,3216
2025-02-06 20:58:00,41.93,41.93,41.93,41.93,1040
2025-02-06 20:59:00,41.93,41.97,41.92,41.97,8093
2025-02-06 21:00:00,41.93,41.93,41.93,41.93,373
2025-02-07 13:00:00,41.6465,41.6465,41.6465,41.6465,104
2025-02-07 14:30:00,41.69,41.79,41.69,41.75,3628
2025-02-07 14:32:00,41.8,41.8,41.8,41.8,157
2025-02-07 14:35:00,41.62,41.62,41.62,41.62,270
2025-02-07 14:37:00,41.62,41.62,41.62,41.62,126
2025-02-07 14:39:00,41.635,41.635,41.635,41.635,101
2025-02-07 14:43:00,41.635,41.7455,41.635,41.7455,528
2025-02-07 14:44:00,41.6283,41.6283,41.6283,41.6283,295
2025-02-07 14:49:00,41.7237,41.7237,41.7237,41.7237,761
2025-02-07 14:55:00,41.61,41.61,41.61,41.61,201
2025-02-07 14:56:00,41.61,41.61,41.61,41.61,257
2025-02-07 14:57:00,41.605,41.605,41.605,41.605,206
2025-02-07 14:58:00,41.685,41.685,41.685,41.685,140
2025-02-07 15:00:00,41.51,41.51,41.3,41.37,4453
2025-02-07 15:01:00,41.35,41.35,41.35,41.35,538
2025-02-07 15:02:00,41.36,41.36,41.31,41.31,264
2025-02-07 15:03:00,41.42,41.42,41.36,41.36,1193
2025-02-07 15:04:00,41.3,41.31,41.27,41.27,5046
2025-02-07 15:05:00,41.27,41.27,41.21,41.265,854
2025-02-07 15:06:00,41.32,41.32,41.295,41.295,534
2025-02-07 15:08:00,41.3515,41.3515,41.3515,41.3515,252
2025-02-07 15:12:00,41.17,41.17,41.17,41.17,282
2025-02-07 15:13:00,41.12,41.12,41.1,41.1,1251
2025-02-07 15:24:00,41.12,41.12,41.12,41.12,125
2025-02-07 15:26:00,41.12,41.12,41.12,41.12,111
2025-02-07 15:28:00,41.12,41.12,41.12,41.12,215
2025-02-07 15:34:00,41.2209,41.2209,41.1598,41.1598,2473
2025-02-07 15:37:00,41.23,41.23,41.23,41.23,256
2025-02-07 15:38:00,41.26,41.26,41.26,41.26,134
2025-02-07 15:44:00,41.13,41.13,41.11,41.11,537
2025-02-07 15:48:00,41.15,41.15,41.13,41.13,3556
2025-02-07 15:49:00,41.18,41.2,41.18,41.2,860
2025-02-07 15:53:00,41.24,41.24,41.02,41.02,5226
2025-02-07 15:54:00,41.0,41.0,41.0,41.0,404
2025-02-07 15:55:00,40.96,41.06,40.94,41.06,5903
2025-02-07 15:57:00,40.94,40.94,40.94,40.94,218
2025-02-07 16:01:00,40.93,40.93,40.92,40.92,1783
2025-02-07 16:02:00,40.92,40.9622,40.92,40.9622,308
2025-02-07 16:03:00,40.92,40.92,40.89,40.89,1073
2025-02-07 16:06:00,40.87,40.89,40.865,40.865,1451
2025-02-07 16:07:00,40.89,40.93,40.86,40.93,1284
2025-02-07 16:10:00,40.9,40.9,40.9,40.9,1164
2025-02-07 16:14:00,40.9,40.9,40.835,40.84,2373
2025-02-07 16:15:00,40.8,40.8,40.78,40.78,811
2025-02-07 16:19:00,40.79,40.9,40.79,40.9,1069
2025-02-07 16:23:00,40.81,40.81,40.795,40.795,392
2025-02-07 16:25:00,40.78,40.78,40.78,40.78,298
2025-02-07 16:29:00,40.7,40.7,40.64,40.64,1980
2025-02-07 16:30:00,40.665,40.665,40.665,40.665,256
2025-02-07 16:31:00,40.67,40.7,40.67,40.7,995
2025-02-07 16:35:00,40.72,40.72,40.668,40.668,322
2025-02-07 16:36:00,40.63,40.63,40.63,40.63,209
2025-02-07 16:40:00,40.63,40.64,40.615,40.64,1482
2025-02-07 16:41:00,40.64,40.66,40.6282,40.63,1363
2025-02-07 16:46:00,40.58,40.58,40.58,40.58,501
2025-02-07 16:48:00,40.58,40.58,40.58,40.58,226
2025-02-07 16:49:00,40.55,40.555,40.54,40.555,1938
2025-02-07 16:50:00,40.555,40.555,40.51,40.52,4755
2025-02-07 16:55:00,40.48,40.48,40.48,40.48,706
2025-02-07 16:57:00,40.5,40.51,40.475,40.49,6156
2025-02-07 16:58:00,40.52,40.52,40.505,40.505,455
2025-02-07 16:59:00,40.515,40.55,40.515,40.55,1500
2025-02-07 17:00:00,40.48,40.48,40.48,40.48,215
2025-02-07 17:01:00,40.5107,40.5107,40.5107,40.5107,223
2025-02-07 17:03:00,40.53,40.53,40.5,40.5,371
2025-02-07 17:05:00,40.47,40.49,40.43,40.49,3135
2025-02-07 17:06:00,40.52,40.53,40.52,40.53,577
2025-02-07 17:07:00,40.52,40.549,40.52,40.5262,1988
2025-02-07 17:15:00,40.53,40.54,40.52,40.52,664
2025-02-07 17:17:00,40.46,40.46,40.46,40.46,360
2025-02-07 17:18:00,40.35,40.39,40.35,40.39,1590
2025-02-07 17:20:00,40.38,40.42,40.3408,40.42,777
2025-02-07 17:21:00,40.46,40.49,40.45,40.45,1081
2025-02-07 17:23:00,40.4301,40.4301,40.43,40.43,426
2025-02-07 17:29:00,40.42,40.48,40.42,40.48,778
2025-02-07 17:32:00,40.45,40.45,40.45,40.45,554
2025-02-07 17:33:00,40.45,40.45,40.45,40.45,210
2025-02-07 17:34:00,40.49,40.5615,40.49,40.5615,715
2025-02-07 17:35:00,40.52,40.52,40.52,40.52,160
2025-02-07 17:37:00,40.535,40.535,40.535,40.535,120
2025-02-07 17:38:00,40.5588,40.57,40.535,40.57,437
2025-02-07 17:39:00,40.64,40.655,40.63,40.655,694
2025-02-07 17:41:00,40.66,40.68,40.63,40.63,2861
2025-02-07 17:43:00,40.635,40.635,40.635,40.635,112
2025-02-07 17:44:00,40.5926,40.5926,40.5926,40.5926,521
2025-02-07 17:48:00,40.635,40.635,40.635,40.635,170
2025-02-07 17:49:00,40.67,40.71,40.67,40.69,752
2025-02-07 17:51:00,40.68,40.68,40.67,40.67,928
2025-02-07 17:55:00,40.6976,40.6976,40.6976,40.6976,149
2025-02-07 17:57:00,40.705,40.705,40.705,40.705,153
2025-02-07 17:58:00,40.67,40.67,40.67,40.67,105
2025-02-07 17:59:00,40.695,40.695,40.695,40.695,507
2025-02-07 18:00:00,40.67,40.67,40.65,40.65,489
2025-02-07 18:01:00,40.645,40.645,40.645,40.645,256
2025-02-07 18:02:00,40.68,40.68,40.68,40.68,113
2025-02-07 18:04:00,40.7,40.7,40.7,40.7,287
2025-02-07 18:05:00,40.69,40.69,40.69,40.69,117
2025-02-07 18:11:00,40.69,40.69,40.69,40.69,221
2025-02-07 18:12:00,40.705,40.74,40.705,40.74,1845
2025-02-07 18:15:00,40.75,40.785,40.75,40.785,1008
2025-02-07 18:17:00,40.78,40.78,40.78,40.78,140
2025-02-07 18:20:00,40.76,40.76,40.76,40.76,134
2025-02-07 18:21:00,40.76,40.76,40.76,40.76,385
2025-02-07 18:25:00,40.74,40.74,40.7,40.7,2114
2025-02-07 18:26:00,40.73,40.74,40.69,40.73,2975
2025-02-07 18:28:00,40.7008,40.7008,40.695,40.695,205
2025-02-07 18:29:00,40.695,40.695,40.67,40.67,1907
2025-02-07 18:30:00,40.655,40.655,40.655,40.655,156
2025-02-07 18:31:00,40.655,40.655,40.655,40.655,114
2025-02-07 18:32:00,40.655,40.655,40.65,40.65,268
2025-02-07 18:34:00,40.6745,40.7,40.6745,40.685,2074
2025-02-07 18:36:00,40.655,40.68,40.655,40.68,620
2025-02-07 18:37:00,40.655,40.68,40.655,40.68,305
2025-02-07 18:38:00,40.68,40.69,40.68,40.68,643
2025-02-07 18:40:00,40.66,40.6637,40.63,40.645,2332
2025-02-07 18:42:00,40.59,40.59,40.59,40.59,505
2025-02-07 18:43:00,40.575,40.575,40.575,40.575,301
2025-02-07 18:44:00,40.545,40.545,40.545,40.545,106
2025-02-07 18:45:00,40.53,40.53,40.53,40.53,139
2025-02-07 18:46:00,40.51,40.51,40.51,40.51,324
2025-02-07 18:49:00,40.52,40.55,40.52,40.55,351
2025-02-07 18:50:00,40.52,40.52,40.51,40.51,221
2025-02-07 18:52:00,40.53,40.53,40.52,40.52,484
2025-02-07 18:53:00,40.51,40.52,40.51,40.52,325
2025-02-07 18:54:00,40.52,40.54,40.52,40.54,1648
2025-02-07 18:57:00,40.555,40.555,40.555,40.555,142
2025-02-07 18:58:00,40.54,40.54,40.54,40.54,107
2025-02-07 19:00:00,40.52,40.53,40.51,40.53,1832
2025-02-07 19:04:00,40.5426,40.549,40.5426,40.549,402
2025-02-07 19:05:00,40.53,40.53,40.53,40.53,256
2025-02-07 19:07:00,40.55,40.55,40.55,40.55,625
2025-02-07 19:08:00,40.569,40.58,40.569,40.57,2602
2025-02-07 19:09:00,40.56,40.56,40.56,40.56,102
2025-02-07 19:11:00,40.56,40.56,40.56,40.56,103
2025-02-07 19:12:00,40.53,40.53,40.53,40.53,361
2025-02-07 19:15:00,40.57,40.57,40.57,40.57,273
2025-02-07 19:16:00,40.57,40.57,40.57,40.57,201
2025-02-07 19:17:00,40.5984,40.5984,40.59,40.59,1483
2025-02-07 19:18:00,40.59,40.59,40.59,40.59,229
2025-02-07 19:22:00,40.58,40.58,40.56,40.56,1198
2025-02-07 19:23:00,40.575,40.575,40.575,40.575,470
2025-02-07 19:24:00,40.57,40.57,40.57,40.57,332
2025-02-07 19:25:00,40.59,40.59,40.59,40.59,293
2025-02-07 19:27:00,40.57,40.57,40.57,40.57,621
2025-02-07 19:28:00,40.52,40.52,40.52,40.52,351
2025-02-07 19:29:00,40.52,40.52,40.52,40.52,756
2025-02-07 19:30:00,40.51,40.52,40.48,40.51,2353
2025-02-07 19:31:00,40.51,40.52,40.505,40.505,1077
2025-02-07 19:32:00,40.52,40.52,40.51,40.51,1522
2025-02-07 19:33:00,40.52,40.54,40.51,40.515,3282
2025-02-07 19:34:00,40.515,40.515,40.515,40.515,137
2025-02-07 19:36:00,40.525,40.54,40.525,40.53,1916
2025-02-07 19:37:00,40.54,40.54,40.54,40.54,760
2025-02-07 19:40:00,40.56,40.56,40.56,40.56,763
2025-02-07 19:42:00,40.56,40.56,40.54,40.55,2175
2025-02-07 19:44:00,40.5258,40.53,40.51,40.52,6713
2025-02-07 19:54:00,40.54,40.54,40.53,40.53,516
2025-02-07 19:55:00,40.52,40.52,40.52,40.52,217
2025-02-07 19:58:00,40.52,40.52,40.52,40.52,242
2025-02-07 20:06:00,40.55,40.56,40.55,40.55,2256
2025-02-07 20:09:00,40.54,40.54,40.54,40.54,154
2025-02-07 20:10:00,40.54,40.54,40.51,40.525,2170
2025-02-07 20:11:00,40.52,40.52,40.52,40.52,197
2025-02-07 20:12:00,40.52,40.52,40.52,40.52,101
2025-02-07 20:13:00,40.53,40.53,40.5,40.505,2750
2025-02-07 20:14:00,40.51,40.51,40.51,40.51,1742
2025-02-07 20:15:00,40.5,40.5,40.5,40.5,180
2025-02-07 20:16:00,40.5099,40.5099,40.49,40.49,2146
2025-02-07 20:17:00,40.45,40.45,40.44,40.44,558
2025-02-07 20:19:00,40.45,40.45,40.45,40.45,286
2025-02-07 20:21:00,40.46,40.46,40.44,40.44,1035
2025-02-07 20:22:00,40.45,40.45,40.44,40.44,1027
2025-02-07 20:24:00,40.4447,40.4447,40.4447,40.4447,161
2025-02-07 20:25:00,40.43,40.45,40.43,40.45,1226
2025-02-07 20:26:00,40.44,40.45,40.435,40.435,2813
2025-02-07 20:27:00,40.45,40.46,40.45,40.46,345
2025-02-07 20:30:00,40.47,40.48,40.47,40.48,786
2025-02-07 20:31:00,40.47,40.47,40.47,40.47,525
2025-02-07 20:32:00,40.46,40.46,40.46,40.46,1137
2025-02-07 20:33:00,40.45,40.46,40.45,40.455,3604
2025-02-07 20:34:00,40.455,40.455,40.455,40.455,653
2025-02-07 20:35:00,40.46,40.46,40.46,40.46,377
2025-02-07 20:36:00,40.46,40.46,40.46,40.46,450
2025-02-07 20:37:00,40.46,40.46,40.45,40.46,2879
2025-02-07 20:38:00,40.46,40.46,40.46,40.46,606
2025-02-07 20:39:00,40.46,40.46,40.455,40.455,1166
2025-02-07 20:41:00,40.46,40.46,40.46,40.46,354
2025-02-07 20:42:00,40.46,40.46,40.46,40.46,366
2025-02-07 20:43:00,40.48,40.48,40.4735,40.4735,2176
2025-02-07 20:44:00,40.46,40.47,40.44,40.44,3710
2025-02-07 20:45:00,40.44,40.46,40.44,40.46,981
2025-02-07 20:46:00,40.47,40.48,40.47,40.48,653
2025-02-07 20:48:00,40.475,40.475,40.475,40.475,157
2025-02-07 20:49:00,40.48,40.48,40.46,40.46,970
2025-02-07 20:50:00,40.48,40.55,40.48,40.55,1466
2025-02-07 20:53:00,40.53,40.53,40.5,40.5,2399
2025-02-07 20:54:00,40.5,40.5,40.4892,40.4892,1513
2025-02-07 20:55:00,40.49,40.49,40.49,40.49,742
2025-02-07 20:56:00,40.47,40.48,40.47,40.47,1594
2025-02-07 20:57:00,40.48,40.49,40.465,40.47,4334
2025-02-07 20:58:00,40.48,40.48,40.46,40.465,5547
2025-02-07 20:59:00,40.46,40.48,40.4,40.4,17354
2025-02-07 23:03:00,40.3501,40.3501,40.3501,40.3501,100
2025-02-10 14:30:00,40.78,40.78,40.78,40.78,3199
2025-02-10 14:32:00,40.82,40.82,40.82,40.82,818
2025-02-10 14:35:00,40.9788,40.9788,40.84,40.84,452
2025-02-10 14:37:00,40.84,40.89,40.84,40.89,479
2025-02-10 14:38:00,40.95,40.95,40.92,40.92,484
2025-02-10 14:39:00,40.95,40.95,40.95,40.95,643
2025-02-10 14:40:00,40.98,40.98,40.945,40.945,432
2025-02-10 14:43:00,40.945,40.99,40.92,40.99,2446
2025-02-10 14:45:00,40.98,40.99,40.91,40.95,2103
2025-02-10 14:47:00,40.955,40.98,40.955,40.98,380
2025-02-10 14:50:00,40.95,41.0,40.95,41.0,5972
2025-02-10 14:52:00,41.04,41.04,41.04,41.04,270
2025-02-10 14:53:00,41.05,41.05,41.05,41.05,432
2025-02-10 14:55:00,41.05,41.05,41.05,41.05,1044
2025-02-10 14:56:00,40.99,41.0,40.985,40.985,496
2025-02-10 15:00:00,40.94,40.94,40.93,40.93,217
2025-02-10 15:04:00,40.92,40.92,40.92,40.92,152
2025-02-10 15:06:00,40.93,40.94,40.93,40.94,488
2025-02-10 15:07:00,40.9,40.9,40.9,40.9,134
2025-02-10 15:09:00,40.93,40.93,40.93,40.93,435
2025-02-10 15:10:00,40.97,40.97,40.97,40.97,211
2025-02-10 15:11:00,40.97,41.005,40.94,41.005,2319
2025-02-10 15:18:00,41.07,41.07,41.03,41.03,208
2025-02-10 15:21:00,41.04,41.04,41.04,41.04,221
2025-02-10 15:23:00,41.07,41.1,41.07,41.1,1338
2025-02-10 15:24:00,41.06,41.06,41.06,41.06,360
2025-02-10 15:25:00,41.01,41.01,40.95,40.95,1696
2025-02-10 15:26:00,40.97,40.97,40.97,40.97,107
2025-02-10 15:27:00,40.97,40.97,40.97,40.97,170
2025-02-10 15:29:00,40.98,40.98,40.98,40.98,316
2025-02-10 15:30:00,41.04,41.04,41.04,41.04,1381
2025-02-10 15:32:00,41.04,41.04,41.04,41.04,114
2025-02-10 15:34:00,41.08,41.08,41.08,41.08,305
2025-02-10 15:35:00,41.09,41.1,41.09,41.1,950
2025-02-10 15:37:00,41.1,41.1399,41.1,41.1399,780
2025-02-10 15:39:00,41.08,41.08,41.08,41.08,252
2025-02-10 15:40:00,41.04,41.04,41.04,41.04,100
2025-02-10 15:42:00,41.04,41.04,41.04,41.04,333
2025-02-10 15:45:00,41.07,41.07,41.07,41.07,514
2025-02-10 15:48:00,41.09,41.09,41.08,41.08,738
2025-02-10 15:52:00,41.07,41.07,41.055,41.07,897
2025-02-10 15:55:00,41.03,41.03,41.03,41.03,469
2025-02-10 15:59:00,41.0,41.0,40.99,40.99,893
2025-02-10 16:05:00,40.96,40.96,40.95,40.95,334
2025-02-10 16:08:00,40.93,40.93,40.93,40.93,104
2025-02-10 16:11:00,40.93,40.93,40.93,40.93,310
2025-02-10 16:13:00,40.92,40.92,40.92,40.92,440
2025-02-10 16:14:00,40.89,40.89,40.89,40.89,196
2025-02-10 16:15:00,40.87,40.89,40.87,40.89,977
2025-02-10 16:16:00,40.89,40.89,40.88,40.88,286
2025-02-10 16:17:00,40.89,40.935,40.89,40.935,821
2025-02-10 16:19:00,40.89,40.89,40.89,40.89,387
2025-02-10 16:21:00,40.89,40.89,40.89,40.89,231
2025-02-10 16:22:00,40.89,40.89,40.89,40.89,248
2025-02-10 16:23:00,40.87,40.87,40.87,40.87,292
2025-02-10 16:24:00,40.905,40.92,40.905,40.92,444
2025-02-10 16:27:00,40.89,40.94,40.89,40.925,1090
2025-02-10 16:31:00,40.9599,40.9599,40.9599,40.9599,341
2025-02-10 16:33:00,40.89,40.89,40.89,40.89,263
2025-02-10 16:36:00,40.89,40.89,40.89,40.89,152
2025-02-10 16:39:00,40.95,40.98,40.9354,40.9354,1512
2025-02-10 16:40:00,40.955,40.955,40.955,40.955,100
2025-02-10 16:41:00,40.955,40.955,40.955,40.955,113
2025-02-10 16:42:00,40.97,40.98,40.97,40.98,1007
2025-02-10 16:46:00,40.96,40.96,40.93,40.93,810
2025-02-10 16:49:00,40.89,40.89,40.89,40.89,366
2025-02-10 16:50:00,40.92,40.92,40.91,40.91,426
2025-02-10 16:52:00,40.9,40.9,40.9,40.9,120
2025-02-10 16:55:00,40.93,41.01,40.93,41.01,2377
2025-02-10 16:58:00,40.99,40.99,40.99,40.99,449
2025-02-10 17:00:00,41.0,41.03,41.0,41.03,1217
2025-02-10 17:05:00,41.01,41.02,41.01,41.02,613
2025-02-10 17:07:00,41.0396,41.0396,41.0396,41.0396,141
2025-02-10 17:08:00,41.0,41.0,41.0,41.0,100
2025-02-10 17:09:00,41.03,41.04,41.03,41.04,989
2025-02-10 17:15:00,41.01,41.01,41.01,41.01,168
2025-02-10 17:16:00,41.01,41.01,41.01,41.01,205
2025-02-10 17:17:00,41.01,41.025,41.01,41.025,643
2025-02-10 17:18:00,41.025,41.025,41.025,41.025,335
2025-02-10 17:19:00,41.03,41.04,41.03,41.03,627
2025-02-10 17:20:00,41.03,41.03,41.03,41.03,266
2025-02-10 17:21:00,41.035,41.09,41.035,41.09,1965
2025-02-10 17:22:00,41.07,41.07,41.07,41.07,342
2025-02-10 17:23:00,41.06,41.06,41.06,41.06,276
2025-02-10 17:24:00,41.06,41.06,41.06,41.06,255
2025-02-10 17:25:00,41.06,41.06,41.05,41.06,1044
2025-02-10 17:26:00,41.05,41.07,41.05,41.07,486
2025-02-10 17:27:00,41.05,41.075,41.05,41.07,1464
2025-02-10 17:28:00,41.06,41.06,41.03,41.03,831
2025-02-10 17:29:00,41.02,41.04,41.01,41.035,1158
2025-02-10 17:30:00,41.03,41.03,41.0,41.0,1246
2025-02-10 17:31:00,41.06,41.06,41.035,41.035,938
2025-02-10 17:35:00,41.08,41.08,41.08,41.08,428
2025-02-10 17:36:00,41.1,41.11,41.1,41.11,1285
2025-02-10 17:38:00,41.1512,41.1512,41.1512,41.1512,256
2025-02-10 17:39:00,41.135,41.135,41.135,41.135,316
2025-02-10 17:40:00,41.14,41.17,41.14,41.16,1935
2025-02-10 17:47:00,41.16,41.16,41.16,41.16,610
2025-02-10 17:50:00,41.17,41.17,41.15,41.15,287
2025-02-10 17:54:00,41.15,41.15,41.15,41.15,102
2025-02-10 17:58:00,41.15,41.15,41.15,41.15,205
2025-02-10 17:59:00,41.1878,41.23,41.18,41.23,1372
2025-02-10 18:00:00,41.205,41.23,41.205,41.205,386
2025-02-10 18:01:00,41.21,41.21,41.21,41.21,203
2025-02-10 18:03:00,41.23,41.27,41.23,41.27,846
2025-02-10 18:04:00,41.23,41.24,41.23,41.24,268
2025-02-10 18:07:00,41.2494,41.2494,41.2406,41.2406,323
2025-02-10 18:08:00,41.23,41.23,41.23,41.23,476
2025-02-10 18:12:00,41.22,41.22,41.22,41.22,241
2025-02-10 18:16:00,41.22,41.22,41.22,41.22,102
2025-02-10 18:19:00,41.23,41.23,41.23,41.23,146
2025-02-10 18:20:00,41.245,41.245,41.23,41.23,634
2025-02-10 18:21:00,41.2465,41.295,41.2465,41.28,3185
2025-02-10 18:22:00,41.2506,41.2506,41.25,41.25,4033
2025-02-10 18:24:00,41.21,41.21,41.21,41.21,101
2025-02-10 18:25:00,41.215,41.25,41.21,41.21,2226
2025-02-10 18:26:00,41.21,41.21,41.21,41.21,192
2025-02-10 18:27:00,41.21,41.21,41.2,41.2,1478
2025-02-10 18:28:00,41.2202,41.2202,41.18,41.18,379
2025-02-10 18:30:00,41.16,41.16,41.16,41.16,504
2025-02-10 18:32:00,41.16,41.16,41.14,41.14,928
2025-02-10 18:36:00,41.1,41.1,41.1,41.1,462
2025-02-10 18:37:00,41.115,41.115,41.115,41.115,202
2025-02-10 18:38:00,41.09,41.09,41.09,41.09,203
2025-02-10 18:41:00,41.11,41.11,41.09,41.105,1201
2025-02-10 18:42:00,41.12,41.16,41.12,41.14,1662
2025-02-10 18:43:00,41.145,41.17,41.145,41.17,709
2025-02-10 18:50:00,41.175,41.175,41.175,41.175,493
2025-02-10 18:56:00,41.15,41.15,41.15,41.15,241
2025-02-10 18:57:00,41.15,41.15,41.14,41.14,702
2025-02-10 18:58:00,41.1479,41.1479,41.1479,41.1479,508
2025-02-10 19:00:00,41.13,41.13,41.13,41.13,460
2025-02-10 19:03:00,41.1,41.1,41.1,41.1,373
2025-02-10 19:06:00,41.09,41.09,41.09,41.09,110
2025-02-10 19:07:00,41.08,41.08,41.08,41.08,175
2025-02-10 19:10:00,41.1,41.1,41.1,41.1,105
2025-02-10 19:12:00,41.09,41.09,41.09,41.09,424
2025-02-10 19:18:00,41.08,41.08,41.08,41.08,120
2025-02-10 19:20:00,41.092,41.092,41.092,41.092,148
2025-02-10 19:21:00,41.11,41.11,41.11,41.11,1436
2025-02-10 19:22:00,41.12,41.15,41.12,41.12,2145
2025-02-10 19:25:00,41.135,41.135,41.13,41.135,2356
2025-02-10 19:27:00,41.12,41.12,41.12,41.12,366
2025-02-10 19:28:00,41.13,41.13,41.12,41.12,536
2025-02-10 19:29:00,41.13,41.13,41.12,41.1202,3152
2025-02-10 19:30:00,41.12,41.12,41.1,41.115,1651
2025-02-10 19:31:00,41.09,41.09,41.09,41.09,383
2025-02-10 19:33:00,41.09,41.09,41.09,41.09,252
2025-02-10 19:35:00,41.085,41.085,41.085,41.085,418
2025-02-10 19:37:00,41.08,41.08,41.08,41.08,151
2025-02-10 19:39:00,41.082,41.0999,41.082,41.0999,611
2025-02-10 19:40:00,41.09,41.09,41.09,41.09,1200
2025-02-10 19:44:00,41.09,41.09,41.05,41.05,2131
2025-02-10 19:45:00,41.09,41.09,41.09,41.09,344
2025-02-10 19:46:00,41.04,41.04,41.04,41.04,271
2025-02-10 19:48:00,41.03,41.03,41.03,41.03,222
2025-02-10 19:50:00,41.045,41.045,41.045,41.045,520
2025-02-10 19:51:00,41.03,41.03,41.03,41.03,119
2025-02-10 19:52:00,41.0485,41.0485,41.0485,41.0485,193
2025-02-10 19:53:00,41.04,41.04,41.04,41.04,337
2025-02-10 19:56:00,41.06,41.06,41.06,41.06,829
2025-02-10 19:57:00,41.07,41.07,41.07,41.07,169
2025-02-10 19:58:00,41.06,41.06,41.05,41.05,960
2025-02-10 19:59:00,41.04,41.0596,41.04,41.0596,623
2025-02-10 20:00:00,41.06,41.06,41.06,41.06,970
2025-02-10 20:01:00,41.06,41.06,41.06,41.06,1407
2025-02-10 20:02:00,41.06,41.07,41.04,41.07,2629
2025-02-10 20:04:00,41.09,41.09,41.09,41.09,373
2025-02-10 20:07:00,41.1,41.1,41.1,41.1,122
2025-02-10 20:09:00,41.1,41.1,41.09,41.09,446
2025-02-10 20:10:00,41.11,41.12,41.11,41.12,960
2025-02-10 20:14:00,41.13,41.13,41.13,41.13,244
2025-02-10 20:15:00,41.12,41.12,41.12,41.12,131
2025-02-10 20:16:00,41.11,41.11,41.1,41.1,589
2025-02-10 20:17:00,41.09,41.09,41.09,41.09,329
2025-02-10 20:19:00,41.09,41.09,41.09,41.09,103
2025-02-10 20:20:00,41.1,41.1,41.1,41.1,808
2025-02-10 20:21:00,41.1,41.118,41.1,41.118,3006
2025-02-10 20:22:00,41.11,41.11,41.1,41.1,626
2025-02-10 20:23:00,41.09,41.09,41.09,41.09,908
2025-02-10 20:26:00,41.07,41.0776,41.05,41.065,1477
2025-02-10 20:27:00,41.065,41.065,41.065,41.065,399
2025-02-10 20:28:00,41.0506,41.0506,41.0506,41.0506,303
2025-02-10 20:29:00,41.05,41.05,41.05,41.05,516
2025-02-10 20:30:00,41.03,41.03,41.0,41.0,759
2025-02-10 20:32:00,40.99,40.99,40.99,40.99,649
2025-02-10 20:35:00,40.99,40.99,40.97,40.97,1225
2025-02-10 20:38:00,40.99,41.0,40.99,41.0,2291
2025-02-10 20:39:00,41.02,41.02,41.0,41.015,1039
2025-02-10 20:40:00,41.03,41.03,41.02,41.02,650
2025-02-10 20:41:00,41.01,41.01,41.01,41.01,177
2025-02-10 20:42:00,41.025,41.18,41.025,41.1,25980
2025-02-10 20:43:00,41.1,41.1,41.1,41.1,203
2025-02-10 20:44:00,41.12,41.2,41.1,41.2,6536
2025-02-10 20:45:00,41.16,41.2,41.1411,41.2,724
2025-02-10 20:46:00,41.17,41.2,41.17,41.2,757
2025-02-10 20:47:00,41.14,41.14,41.13,41.13,1679
2025-02-10 20:50:00,41.17,41.17,41.17,41.17,2030
2025-02-10 20:51:00,41.16,41.16,41.15,41.15,1083
2025-02-10 20:52:00,41.16,41.16,41.16,41.16,1288
2025-02-10 20:53:00,41.15,41.15,41.12,41.12,1217
2025-02-10 20:54:00,41.15,41.21,41.15,41.2,4405
2025-02-10 20:55:00,41.2,41.22,41.2,41.22,2565
2025-02-10 20:56:00,41.27,41.28,41.26,41.28,2263
2025-02-10 20:57:00,41.285,41.29,41.28,41.29,2742
2025-02-10 20:58:00,41.285,41.285,41.26,41.26,4392
2025-02-10 20:59:00,41.255,41.31,41.24,41.31,8246
2025-02-11 09:14:00,40.48,40.48,40.48,40.48,100
2025-02-11 10:13:00,40.7,40.7,40.7,40.7,161
2025-02-11 14:30:00,40.65,40.65,40.65,40.65,1521
2025-02-11 14:32:00,40.73,40.73,40.685,40.685,928
2025-02-11 14:33:00,40.64,40.64,40.63,40.63,517
2025-02-11 14:34:00,40.7,40.7,40.6158,40.6158,313
2025-02-11 14:36:00,40.61,40.67,40.61,40.67,2534
2025-02-11 14:43:00,40.62,40.64,40.62,40.63,401
2025-02-11 14:44:00,40.63,40.63,40.5875,40.5875,925
2025-02-11 14:46:00,40.6154,40.6154,40.55,40.55,411
2025-02-11 14:47:00,40.68,40.68,40.68,40.68,199
2025-02-11 14:48:00,40.53,40.53,40.53,40.53,202
2025-02-11 14:50:00,40.6,40.6,40.6,40.6,299
2025-02-11 14:51:00,40.536,40.536,40.536,40.536,465
2025-02-11 14:56:00,40.54,40.54,40.54,40.54,816
2025-02-11 14:57:00,40.55,40.55,40.5,40.5,1130
2025-02-11 14:59:00,40.43,40.43,40.43,40.43,468
2025-02-11 15:00:00,40.4,40.4,40.4,40.4,299
2025-02-11 15:05:00,40.37,40.39,40.37,40.39,4157
2025-02-11 15:06:00,40.385,40.4,40.385,40.4,565
2025-02-11 15:07:00,40.42,40.42,40.42,40.42,175
2025-02-11 15:11:00,40.39,40.39,40.39,40.39,474
2025-02-11 15:15:00,40.38,40.38,40.38,40.38,130
2025-02-11 15:19:00,40.39,40.4,40.39,40.39,599
2025-02-11 15:21:00,40.385,40.385,40.385,40.385,163
2025-02-11 15:22:00,40.44,40.44,40.44,40.44,354
2025-02-11 15:27:00,40.42,40.42,40.42,40.42,178
2025-02-11 15:30:00,40.49,40.49,40.49,40.49,102
2025-02-11 15:31:00,40.49,40.49,40.49,40.49,108
2025-02-11 15:35:00,40.48,40.48,40.48,40.48,122
2025-02-11 15:37:00,40.46,40.46,40.46,40.46,771
2025-02-11 15:45:00,40.46,40.46,40.4371,40.4371,670
2025-02-11 15:46:00,40.48,40.48,40.48,40.48,295
2025-02-11 15:48:00,40.52,40.52,40.52,40.52,282
2025-02-11 15:49:00,40.49,40.49,40.49,40.49,188
2025-02-11 15:53:00,40.59,40.59,40.59,40.59,330
2025-02-11 15:57:00,40.55,40.65,40.54,40.65,543
2025-02-11 15:58:00,40.58,40.66,40.5775,40.5775,1388
2025-02-11 15:59:00,40.57,40.57,40.57,40.57,192
2025-02-11 16:00:00,40.56,40.56,40.56,40.56,200
2025-02-11 16:01:00,40.61,40.61,40.61,40.61,206
2025-02-11 16:02:00,40.615,40.615,40.56,40.56,722
2025-02-11 16:03:00,40.615,40.615,40.6075,40.6075,1321
2025-02-11 16:04:00,40.625,40.625,40.625,40.625,638
2025-02-11 16:05:00,40.625,40.625,40.625,40.625,107
2025-02-11 16:06:00,40.625,40.625,40.625,40.625,173
2025-02-11 16:07:00,40.625,40.625,40.625,40.625,204
2025-02-11 16:08:00,40.635,40.635,40.635,40.635,309
2025-02-11 16:10:00,40.635,40.635,40.635,40.635,169
2025-02-11 16:11:00,40.635,40.635,40.59,40.59,390
2025-02-11 16:12:00,40.61,40.61,40.6,40.6,213
2025-02-11 16:13:00,40.6,40.64,40.59,40.595,588
2025-02-11 16:14:00,40.6,40.64,40.6,40.64,2116
2025-02-11 16:17:00,40.6125,40.6125,40.6125,40.6125,306
2025-02-11 16:19:00,40.635,40.635,40.61,40.61,479
2025-02-11 16:22:00,40.615,40.615,40.615,40.615,620
2025-02-11 16:25:00,40.58,40.58,40.575,40.575,989
2025-02-11 16:26:00,40.575,40.575,40.575,40.575,182
2025-02-11 16:27:00,40.575,40.575,40.575,40.575,104
2025-02-11 16:28:00,40.5524,40.57,40.5524,40.57,1176
2025-02-11 16:30:00,40.575,40.575,40.575,40.575,1058
2025-02-11 16:31:00,40.55,40.55,40.55,40.55,327
2025-02-11 16:32:00,40.54,40.54,40.54,40.54,369
2025-02-11 16:33:00,40.52,40.52,40.52,40.52,544
2025-02-11 16:36:00,40.53,40.55,40.53,40.55,1841
2025-02-11 16:39:00,40.57,40.57,40.55,40.55,249
2025-02-11 16:40:00,40.56,40.58,40.56,40.58,320
2025-02-11 16:42:00,40.564,40.564,40.564,40.564,510
2025-02-11 16:46:00,40.57,40.57,40.56,40.57,762
2025-02-11 16:48:00,40.56,40.56,40.56,40.56,509
2025-02-11 16:49:00,40.55,40.55,40.55,40.55,129
2025-02-11 16:50:00,40.54,40.54,40.54,40.54,234
2025-02-11 16:51:00,40.52,40.52,40.52,40.52,241
2025-02-11 16:53:00,40.5135,40.5135,40.5135,40.5135,529
2025-02-11 16:54:00,40.51,40.51,40.475,40.475,1256
2025-02-11 16:59:00,40.505,40.51,40.505,40.51,247
2025-02-11 17:02:00,40.51,40.51,40.51,40.51,454
2025-02-11 17:03:00,40.46,40.46,40.46,40.46,317
2025-02-11 17:04:00,40.46,40.46,40.45,40.45,561
2025-02-11 17:05:00,40.43,40.48,40.43,40.465,836
2025-02-11 17:06:00,40.475,40.49,40.46,40.475,838
2025-02-11 17:08:00,40.49,40.49,40.45,40.45,711
2025-02-11 17:09:00,40.46,40.46,40.46,40.46,470
2025-02-11 17:12:00,40.46,40.46,40.46,40.46,269
2025-02-11 17:16:00,40.46,40.46,40.46,40.46,143
2025-02-11 17:17:00,40.48,40.48,40.48,40.48,500
2025-02-11 17:18:00,40.485,40.485,40.4505,40.4505,1986
2025-02-11 17:19:00,40.475,40.475,40.475,40.475,100
2025-02-11 17:20:00,40.48,40.48,40.47,40.47,204
2025-02-11 17:21:00,40.475,40.475,40.475,40.475,134
2025-02-11 17:22:00,40.47,40.47,40.47,40.47,140
2025-02-11 17:23:00,40.47,40.4702,40.46,40.4702,2693
2025-02-11 17:24:00,40.49,40.49,40.47,40.47,642
2025-02-11 17:26:00,40.47,40.47,40.47,40.47,400
2025-02-11 17:28:00,40.45,40.45,40.4108,40.4108,1688
2025-02-11 17:31:00,40.41,40.41,40.39,40.39,1132
2025-02-11 17:35:00,40.36,40.36,40.36,40.36,285
2025-02-11 17:37:00,40.34,40.34,40.32,40.32,552
2025-02-11 17:38:00,40.32,40.32,40.32,40.32,125
2025-02-11 17:39:00,40.3,40.3,40.3,40.3,204
2025-02-11 17:40:00,40.305,40.305,40.305,40.305,207
2025-02-11 17:42:00,40.3,40.3,40.3,40.3,385
2025-02-11 17:44:00,40.37,40.37,40.37,40.37,287
2025-02-11 17:46:00,40.32,40.32,40.32,40.32,115
2025-02-11 17:47:00,40.345,40.37,40.34,40.37,1676
2025-02-11 17:48:00,40.355,40.355,40.355,40.355,107
2025-02-11 17:49:00,40.4069,40.4069,40.4069,40.4069,251
2025-02-11 17:50:00,40.37,40.37,40.37,40.37,200
2025-02-11 17:52:00,40.37,40.37,40.37,40.37,309
2025-02-11 17:55:00,40.37,40.37,40.35,40.35,1540
2025-02-11 17:57:00,40.335,40.36,40.335,40.335,582
2025-02-11 18:00:00,40.3362,40.3362,40.3362,40.3362,256
2025-02-11 18:02:00,40.335,40.335,40.335,40.335,100
2025-02-11 18:05:00,40.33,40.33,40.33,40.33,200
2025-02-11 18:06:00,40.335,40.335,40.335,40.335,126
2025-02-11 18:09:00,40.335,40.36,40.335,40.355,700
2025-02-11 18:10:00,40.37,40.37,40.37,40.37,412
2025-02-11 18:11:00,40.36,40.36,40.33,40.33,873
2025-02-11 18:13:00,40.33,40.33,40.3006,40.3006,264
2025-02-11 18:15:00,40.315,40.325,40.315,40.325,493
2025-02-11 18:20:00,40.36,40.36,40.335,40.3599,487
2025-02-11 18:26:00,40.305,40.305,40.305,40.305,807
2025-02-11 18:29:00,40.24,40.24,40.24,40.24,297
2025-02-11 18:31:00,40.25,40.25,40.25,40.25,887
2025-02-11 18:33:00,40.25,40.25,40.25,40.25,159
2025-02-11 18:34:00,40.25,40.25,40.25,40.25,207
2025-02-11 18:36:00,40.25,40.25,40.25,40.25,510
2025-02-11 18:37:00,40.27,40.27,40.27,40.27,371
2025-02-11 18:40:00,40.275,40.275,40.275,40.275,879
2025-02-11 18:41:00,40.3,40.3,40.3,40.3,348
2025-02-11 18:43:00,40.27,40.27,40.27,40.27,193
2025-02-11 18:46:00,40.27,40.27,40.27,40.27,131
2025-02-11 18:47:00,40.27,40.27,40.27,40.27,207
2025-02-11 18:49:00,40.27,40.27,40.25,40.25,929
2025-02-11 18:52:00,40.225,40.225,40.225,40.225,211
2025-02-11 18:54:00,40.2,40.2,40.2,40.2,136
2025-02-11 19:00:00,40.225,40.225,40.225,40.225,428
2025-02-11 19:01:00,40.225,40.24,40.225,40.24,826
2025-02-11 19:03:00,40.26,40.26,40.26,40.26,135
2025-02-11 19:04:00,40.3,40.3,40.3,40.3,118
2025-02-11 19:08:00,40.245,40.245,40.245,40.245,237
2025-02-11 19:11:00,40.26,40.26,40.25,40.25,532
2025-02-11 19:12:00,40.245,40.25,40.24,40.24,714
2025-02-11 19:13:00,40.26,40.285,40.26,40.285,2013
2025-02-11 19:18:00,40.27,40.27,40.26,40.26,694
2025-02-11 19:19:00,40.29,40.3793,40.29,40.3793,1485
2025-02-11 19:20:00,40.35,40.3548,40.35,40.3548,561
2025-02-11 19:21:00,40.355,40.355,40.33,40.35,832
2025-02-11 19:22:00,40.33,40.35,40.32,40.32,1472
2025-02-11 19:23:00,40.335,40.335,40.32,40.32,426
2025-02-11 19:27:00,40.335,40.335,40.32,40.32,720
2025-02-11 19:29:00,40.32,40.35,40.32,40.32,331
2025-02-11 19:30:00,40.35,40.41,40.35,40.405,1407
2025-02-11 19:31:00,40.42,40.45,40.42,40.45,647
2025-02-11 19:32:00,40.46,40.46,40.44,40.46,1793
2025-02-11 19:33:00,40.458,40.5325,40.458,40.5325,2305
2025-02-11 19:34:00,40.4997,40.51,40.4997,40.5,6882
2025-02-11 19:37:00,40.52,40.555,40.52,40.555,1442
2025-02-11 19:38:00,40.54,40.54,40.52,40.54,865
2025-02-11 19:39:00,40.54,40.575,40.54,40.575,554
2025-02-11 19:40:00,40.58,40.62,40.58,40.62,1127
2025-02-11 19:42:00,40.59,40.6192,40.59,40.6192,223
2025-02-11 19:47:00,40.55,40.55,40.535,40.535,1836
2025-02-11 19:49:00,40.57,40.57,40.57,40.57,320
2025-02-11 19:52:00,40.54,40.54,40.54,40.54,121
2025-02-11 19:54:00,40.545,40.545,40.545,40.545,179
2025-02-11 19:55:00,40.545,40.545,40.545,40.545,106
2025-02-11 19:59:00,40.5124,40.5124,40.5124,40.5124,347
2025-02-11 20:02:00,40.55,40.56,40.55,40.56,611
2025-02-11 20:09:00,40.53,40.53,40.53,40.53,332
2025-02-11 20:12:00,40.53,40.53,40.53,40.53,369
2025-02-11 20:13:00,40.53,40.53,40.5291,40.53,509
2025-02-11 20:14:00,40.54,40.54,40.54,40.54,1085
2025-02-11 20:17:00,40.52,40.52,40.52,40.52,115
2025-02-11 20:18:00,40.52,40.52,40.49,40.49,932
2025-02-11 20:23:00,40.5,40.53,40.485,40.53,1837
2025-02-11 20:26:00,40.5125,40.515,40.5125,40.515,418
2025-02-11 20:27:00,40.48,40.48,40.48,40.48,223
2025-02-11 20:28:00,40.49,40.49,40.49,40.49,116
2025-02-11 20:31:00,40.51,40.52,40.51,40.51,773
2025-02-11 20:37:00,40.505,40.505,40.505,40.505,203
2025-02-11 20:43:00,40.5,40.5,40.5,40.5,251
2025-02-11 20:44:00,40.49,40.49,40.49,40.49,275
2025-02-11 20:46:00,40.5,40.53,40.5,40.53,1307
2025-02-11 20:48:00,40.55,40.55,40.55,40.55,1202
2025-02-11 20:49:00,40.52,40.52,40.51,40.51,460
2025-02-11 20:50:00,40.55,40.55,40.54,40.54,1750
2025-02-11 20:51:00,40.54,40.54,40.51,40.51,1121
2025-02-11 20:53:00,40.51,40.51,40.51,40.51,371
2025-02-11 20:54:00,40.4801,40.4801,40.4801,40.4801,1707
2025-02-11 20:55:00,40.54,40.54,40.53,40.53,868
2025-02-11 20:56:00,40.51,40.51,40.48,40.4914,4496
2025-02-11 20:58:00,40.5,40.5,40.48,40.48,3896
2025-02-11 20:59:00,40.45,40.5,40.4449,40.48,6941
2025-02-11 21:00:00,40.46,40.46,40.46,40.46,187
2025-02-12 00:43:00,40.12,40.12,40.12,40.12,170
2025-02-12 11:43:00,40.29,40.29,40.29,40.29,226
2025-02-12 11:46:00,40.26,40.26,40.26,40.26,308
2025-02-12 11:50:00,40.18,40.23,40.18,40.23,434
2025-02-12 13:00:00,40.34,40.34,40.34,40.34,184
2025-02-12 13:32:00,40.0,40.0,40.0,40.0,1133
2025-02-12 13:37:00,40.0,40.0,40.0,40.0,100
2025-02-12 14:29:00,39.98,39.98,39.98,39.98,248
2025-02-12 14:30:00,40.0,40.0,39.75,39.75,11937
2025-02-12 14:32:00,39.66,39.67,39.46,39.46,4531
2025-02-12 14:33:00,39.46,39.48,39.4,39.48,2699
2025-02-12 14:34:00,39.47,39.51,39.47,39.51,717
2025-02-12 14:35:00,39.58,39.58,39.58,39.58,107
2025-02-12 14:36:00,39.6,39.6,39.5984,39.5984,411
2025-02-12 14:37:00,39.6,39.71,39.6,39.69,1198
2025-02-12 14:39:00,39.57,39.57,39.56,39.56,482
2025-02-12 14:40:00,39.56,39.57,39.56,39.56,313
2025-02-12 14:41:00,39.565,39.565,39.565,39.565,128
2025-02-12 14:46:00,39.585,39.585,39.585,39.585,237
2025-02-12 14:47:00,39.56,39.585,39.54,39.585,310
2025-02-12 14:48:00,39.54,39.575,39.54,39.575,305
2025-02-12 14:49:00,39.58,39.7,39.58,39.675,4283
2025-02-12 14:52:00,39.68,39.68,39.68,39.68,136
2025-02-12 14:53:00,39.66,39.66,39.64,39.64,444
2025-02-12 14:56:00,39.62,39.64,39.62,39.64,627
2025-02-12 14:57:00,39.65,39.65,39.65,39.65,201
2025-02-12 15:00:00,39.71,39.71,39.6434,39.66,1703
2025-02-12 15:01:00,39.66,39.66,39.66,39.66,510
2025-02-12 15:02:00,39.66,39.69,39.66,39.69,495
2025-02-12 15:03:00,39.66,39.66,39.66,39.66,487
2025-02-12 15:05:00,39.615,39.615,39.615,39.615,196
2025-02-12 15:06:00,39.62,39.62,39.6,39.6,473
2025-02-12 15:09:00,39.59,39.59,39.59,39.59,139
2025-02-12 15:10:00,39.6025,39.6025,39.6025,39.6025,111
2025-02-12 15:11:00,39.57,39.58,39.56,39.56,811
2025-02-12 15:13:00,39.58,39.58,39.57,39.57,270
2025-02-12 15:14:00,39.57,39.59,39.57,39.59,311
2025-02-12 15:15:00,39.58,39.58,39.58,39.58,104
2025-02-12 15:17:00,39.59,39.59,39.59,39.59,103
2025-02-12 15:18:00,39.58,39.58,39.58,39.58,213
2025-02-12 15:22:00,39.57,39.59,39.54,39.57,2180
2025-02-12 15:24:00,39.62,39.64,39.62,39.64,1520
2025-02-12 15:26:00,39.675,39.675,39.675,39.675,110
2025-02-12 15:30:00,39.695,39.695,39.695,39.695,224
2025-02-12 15:34:00,39.68,39.68,39.68,39.68,458
2025-02-12 15:35:00,39.67,39.67,39.67,39.67,126
2025-02-12 15:36:00,39.67,39.67,39.67,39.67,120
2025-02-12 15:37:00,39.67,39.67,39.67,39.67,102
2025-02-12 15:38:00,39.73,39.73,39.7025,39.7025,803
2025-02-12 15:39:00,39.74,39.74,39.72,39.72,600
2025-02-12 15:40:00,39.73,39.73,39.72,39.72,688
2025-02-12 15:41:00,39.7821,39.7821,39.7821,39.7821,203
2025-02-12 15:42:00,39.78,39.78,39.78,39.78,280
2025-02-12 15:44:00,39.81,39.835,39.81,39.835,755
2025-02-12 15:48:00,39.88,39.88,39.88,39.88,515
2025-02-12 15:49:00,39.88,39.88,39.88,39.88,235
2025-02-12 15:50:00,39.9,39.9,39.9,39.9,156
2025-02-12 15:51:00,39.87,39.89,39.856,39.856,842
2025-02-12 15:53:00,39.9489,39.9489,39.85,39.85,318
2025-02-12 15:54:00,39.88,39.9,39.86,39.86,584
2025-02-12 15:55:00,39.85,39.85,39.85,39.85,201
2025-02-12 15:57:00,39.88,39.88,39.84,39.84,624
2025-02-12 15:59:00,39.88,39.88,39.88,39.88,156
2025-02-12 16:00:00,39.9,39.9,39.855,39.855,506
2025-02-12 16:01:00,39.85,39.85,39.85,39.85,213
2025-02-12 16:02:00,39.89,39.97,39.87,39.945,5982
2025-02-12 16:03:00,39.92,39.92,39.92,39.92,359
2025-02-12 16:04:00,39.92,39.92,39.92,39.92,140
2025-02-12 16:05:00,39.88,39.88,39.88,39.88,607
2025-02-12 16:07:00,39.84,39.84,39.83,39.84,483
2025-02-12 16:09:00,39.855,39.855,39.855,39.855,145
2025-02-12 16:10:00,39.855,39.855,39.855,39.855,150
2025-02-12 16:11:00,39.855,39.855,39.855,39.855,149
2025-02-12 16:13:00,39.8,39.875,39.8,39.875,485
2025-02-12 16:14:00,39.855,39.855,39.8054,39.85,447
2025-02-12 16:15:00,39.8,39.855,39.76,39.7601,6020
2025-02-12 16:16:00,39.8498,39.8498,39.81,39.81,331
2025-02-12 16:17:00,39.78,39.82,39.78,39.82,1044
2025-02-12 16:20:00,39.78,39.78,39.75,39.7776,1688
2025-02-12 16:21:00,39.78,39.78,39.7607,39.78,1010
2025-02-12 16:22:00,39.76,39.76,39.76,39.76,466
2025-02-12 16:23:00,39.8,39.8,39.775,39.78,719
2025-02-12 16:24:00,39.78,39.78,39.75,39.755,1006
2025-02-12 16:28:00,39.71,39.73,39.71,39.73,244
2025-02-12 16:29:00,39.7391,39.74,39.72,39.74,1128
2025-02-12 16:32:00,39.74,39.74,39.74,39.74,105
2025-02-12 16:35:00,39.73,39.81,39.73,39.81,4565
2025-02-12 16:36:00,39.75,39.7662,39.75,39.7662,725
2025-02-12 16:37:00,39.84,39.84,39.84,39.84,445
2025-02-12 16:38:00,39.83,39.935,39.83,39.935,2743
2025-02-12 16:39:00,39.94,39.94,39.94,39.94,115
2025-02-12 16:40:00,39.94,39.96,39.92,39.96,957
2025-02-12 16:41:00,39.935,39.965,39.935,39.935,408
2025-02-12 16:42:00,39.935,39.935,39.935,39.935,102
2025-02-12 16:43:00,39.935,39.97,39.935,39.95,801
2025-02-12 16:44:00,39.96,39.97,39.96,39.97,1274
2025-02-12 16:45:00,39.985,39.985,39.985,39.985,347
2025-02-12 16:46:00,39.985,39.985,39.98,39.985,490
2025-02-12 16:47:00,39.9625,39.98,39.95,39.95,1108
2025-02-12 16:48:00,39.99,39.99,39.96,39.97,2149
2025-02-12 16:49:00,39.965,39.99,39.965,39.98,978
2025-02-12 16:50:00,39.98,40.01,39.98,40.0,777
2025-02-12 16:51:00,40.01,40.03,40.0,40.03,750
2025-02-12 16:52:00,40.06,40.07,40.05,40.06,675
2025-02-12 16:53:00,40.08,40.08,40.08,40.08,278
2025-02-12 16:54:00,40.085,40.085,40.085,40.085,179
2025-02-12 16:55:00,40.085,40.11,40.085,40.11,753
2025-02-12 16:56:00,40.09,40.09,40.07,40.07,501
2025-02-12 16:57:00,40.07,40.07,40.05,40.06,792
2025-02-12 16:58:00,40.0355,40.09,40.0355,40.09,471
2025-02-12 16:59:00,40.03,40.07,40.03,40.07,451
2025-02-12 17:00:00,40.075,40.075,40.075,40.075,118
2025-02-12 17:01:00,40.13,40.14,40.13,40.14,460
2025-02-12 17:08:00,40.08,40.125,40.08,40.125,244
2025-02-12 17:10:00,40.125,40.125,40.125,40.125,112
2025-02-12 17:11:00,40.18,40.18,40.18,40.18,102
2025-02-12 17:12:00,40.16,40.17,40.16,40.17,406
2025-02-12 17:13:00,40.18,40.18,40.16,40.18,1172
2025-02-12 17:14:00,40.18,40.21,40.18,40.19,767
2025-02-12 17:15:00,40.21,40.21,40.18,40.18,501
2025-02-12 17:16:00,40.21,40.21,40.21,40.21,877
2025-02-12 17:17:00,40.19,40.21,40.19,40.21,570
2025-02-12 17:19:00,40.22,40.255,40.22,40.249,1294
2025-02-12 17:20:00,40.28,40.29,40.275,40.29,637
2025-02-12 17:21:00,40.295,40.3,40.295,40.3,230
2025-02-12 17:22:00,40.35,40.35,40.315,40.315,674
2025-02-12 17:26:00,40.355,40.355,40.355,40.355,284
2025-02-12 17:29:00,40.365,40.365,40.24,40.24,6049
2025-02-12 17:30:00,40.235,40.235,40.235,40.235,151
2025-02-12 17:31:00,40.195,40.21,40.19,40.21,325
2025-02-12 17:32:00,40.215,40.23,40.21,40.23,460
2025-02-12 17:34:00,40.235,40.235,40.235,40.235,336
2025-02-12 17:36:00,40.23,40.25,40.19,40.25,2655
2025-02-12 17:38:00,40.23,40.27,40.23,40.2425,1235
2025-02-12 17:39:00,40.27,40.27,40.235,40.235,546
2025-02-12 17:41:00,40.215,40.215,40.205,40.205,306
2025-02-12 17:42:00,40.2,40.2,40.17,40.17,1255
2025-02-12 17:43:00,40.12,40.12,40.11,40.11,1645
2025-02-12 17:44:00,40.12,40.12,40.12,40.12,338
2025-02-12 17:45:00,40.09,40.09,40.07,40.07,853
2025-02-12 17:46:00,40.1,40.12,40.1,40.12,1164
2025-02-12 17:47:00,40.137,40.137,40.137,40.137,108
2025-02-12 17:52:00,40.16,40.21,40.16,40.21,966
2025-02-12 17:53:00,40.21,40.21,40.21,40.21,124
2025-02-12 17:57:00,40.23,40.26,40.23,40.2594,3251
2025-02-12 17:59:00,40.26,40.26,40.26,40.26,258
2025-02-12 18:00:00,40.305,40.34,40.28,40.31,1246
2025-02-12 18:02:00,40.32,40.32,40.32,40.32,376
2025-02-12 18:03:00,40.31,40.33,40.29,40.33,856
2025-02-12 18:06:00,40.3,40.31,40.29,40.3,689
2025-02-12 18:07:00,40.28,40.28,40.26,40.26,1066
2025-02-12 18:08:00,40.27,40.27,40.27,40.27,129
2025-02-12 18:09:00,40.28,40.3,40.2528,40.2825,5217
2025-02-12 18:13:00,40.285,40.285,40.285,40.285,346
2025-02-12 18:14:00,40.2605,40.285,40.2605,40.285,1010
2025-02-12 18:15:00,40.285,40.285,40.28,40.28,216
2025-02-12 18:16:00,40.28,40.32,40.28,40.295,1410
2025-02-12 18:17:00,40.29,40.29,40.29,40.29,186
2025-02-12 18:18:00,40.295,40.295,40.295,40.295,113
2025-02-12 18:21:00,40.26,40.26,40.26,40.26,222
2025-02-12 18:25:00,40.215,40.215,40.215,40.215,116
2025-02-12 18:26:00,40.21,40.21,40.21,40.21,285
2025-02-12 18:29:00,40.175,40.175,40.175,40.175,120
2025-02-12 18:30:00,40.125,40.125,40.125,40.125,100
2025-02-12 18:33:00,40.115,40.115,40.115,40.115,144
2025-02-12 18:34:00,40.115,40.115,40.115,40.115,169
2025-02-12 18:35:00,40.17,40.17,40.17,40.17,125
2025-02-12 18:39:00,40.17,40.17,40.17,40.17,104
2025-02-12 18:41:00,40.12,40.12,40.11,40.11,318
2025-02-12 18:44:00,40.15,40.15,40.15,40.15,122
2025-02-12 18:47:00,40.11,40.11,40.08,40.085,597
2025-02-12 18:48:00,40.075,40.075,40.075,40.075,552
2025-02-12 18:50:00,40.02,40.04,40.02,40.03,1000
2025-02-12 18:53:00,40.075,40.075,40.075,40.075,130
2025-02-12 18:56:00,40.075,40.075,40.075,40.075,136
2025-02-12 18:58:00,40.075,40.075,40.075,40.075,131
2025-02-12 19:01:00,40.03,40.03,40.03,40.03,171
2025-02-12 19:02:00,40.04,40.04,40.04,40.04,532
2025-02-12 19:03:00,40.075,40.075,40.075,40.075,127
2025-02-12 19:05:00,40.03,40.04,40.03,40.04,359
2025-02-12 19:08:00,40.02,40.02,40.01,40.01,276
2025-02-12 19:09:00,40.01,40.01,40.01,40.01,273
2025-02-12 19:15:00,39.99,39.99,39.99,39.99,252
2025-02-12 19:18:00,39.99,39.99,39.99,39.99,121
2025-02-12 19:20:00,39.99,39.99,39.99,39.99,107
2025-02-12 19:22:00,39.96,39.96,39.96,39.96,162
2025-02-12 19:25:00,39.97,39.97,39.97,39.97,217
2025-02-12 19:26:00,39.96,39.98,39.935,39.935,2614
2025-02-12 19:27:00,39.93,39.93,39.93,39.93,276
2025-02-12 19:28:00,39.915,39.95,39.915,39.95,2911
2025-02-12 19:31:00,39.965,39.965,39.965,39.965,206
2025-02-12 19:34:00,39.97,40.05,39.97,40.05,3008
2025-02-12 19:35:00,40.055,40.055,40.055,40.055,107
2025-02-12 19:37:00,40.0986,40.0986,40.0986,40.0986,1509
2025-02-12 19:39:00,40.055,40.08,40.055,40.08,770
2025-02-12 19:42:00,40.055,40.055,40.05,40.05,260
2025-02-12 19:43:00,40.02,40.02,40.02,40.02,153
2025-02-12 19:44:00,40.055,40.055,40.055,40.055,264
2025-02-12 19:45:00,40.03,40.03,40.03,40.03,155
2025-02-12 19:46:00,40.09,40.11,40.07,40.07,1922
2025-02-12 19:48:00,40.08,40.08,40.08,40.08,384
2025-02-12 19:49:00,40.08,40.08,40.08,40.08,102
2025-02-12 19:54:00,40.08,40.08,40.07,40.07,333
2025-02-12 19:55:00,40.07,40.07,40.05,40.06,1980
2025-02-12 19:56:00,40.07,40.07,40.07,40.07,472
2025-02-12 19:59:00,40.05,40.05,40.04,40.04,532
2025-02-12 20:02:00,40.03,40.03,40.03,40.03,235
2025-02-12 20:03:00,40.03,40.03,40.03,40.03,410
2025-02-12 20:04:00,40.0185,40.0185,40.0185,40.0185,131
2025-02-12 20:05:00,40.0162,40.05,40.0,40.03,720
2025-02-12 20:10:00,40.01,40.01,40.01,40.01,101
2025-02-12 20:12:00,40.01,40.01,40.01,40.01,147
2025-02-12 20:13:00,40.025,40.03,40.025,40.03,917
2025-02-12 20:15:00,40.0,40.0,39.97,39.97,1524
2025-02-12 20:17:00,39.94,39.94,39.94,39.94,134
2025-02-12 20:18:00,39.97,39.98,39.97,39.97,668
2025-02-12 20:19:00,39.95,39.95,39.95,39.95,306
2025-02-12 20:20:00,39.95,39.95,39.95,39.95,161
2025-02-12 20:21:00,39.95,39.97,39.95,39.97,365
2025-02-12 20:23:00,39.99,39.99,39.975,39.975,710
2025-02-12 20:27:00,39.965,39.965,39.95,39.95,219
2025-02-12 20:29:00,39.95,39.95,39.94,39.94,367
2025-02-12 20:30:00,39.97,39.97,39.97,39.97,463
2025-02-12 20:31:00,39.96,39.96,39.96,39.96,488
2025-02-12 20:36:00,39.955,39.955,39.955,39.955,136
2025-02-12 20:37:00,39.955,39.955,39.955,39.955,119
2025-02-12 20:40:00,39.955,39.955,39.955,39.955,518
2025-02-12 20:42:00,39.94,39.94,39.94,39.94,766
2025-02-12 20:43:00,39.91,39.91,39.91,39.91,205
2025-02-12 20:44:00,39.91,39.91,39.91,39.91,1158
2025-02-12 20:45:00,39.905,39.905,39.905,39.905,231
2025-02-12 20:48:00,39.9299,39.9299,39.9299,39.9299,219
2025-02-12 20:49:00,39.91,39.93,39.9,39.9,1574
2025-02-12 20:50:00,39.91,39.9207,39.91,39.91,2152
2025-02-12 20:51:00,39.89,39.89,39.84,39.85,1609
2025-02-12 20:52:00,39.83,39.85,39.83,39.85,1365
2025-02-12 20:53:00,39.83,39.83,39.83,39.83,390
2025-02-12 20:54:00,39.83,39.85,39.83,39.85,805
2025-02-12 20:55:00,39.87,39.87,39.855,39.855,1605
2025-02-12 20:56:00,39.84,39.84,39.82,39.82,2235
2025-02-12 20:57:00,39.81,39.81,39.78,39.79,1905
2025-02-12 20:58:00,39.8,39.82,39.78,39.8,3901
2025-02-12 20:59:00,39.8,39.86,39.77,39.86,10101
2025-02-12 21:00:00,39.82,39.82,39.82,39.82,178
2025-02-13 00:14:00,40.15,40.15,40.15,40.15,200
2025-02-13 00:15:00,40.15,40.15,40.15,40.15,100
2025-02-13 00:19:00,40.15,40.15,40.15,40.15,100
2025-02-13 00:34:00,40.2,40.2,40.2,40.2,1600
2025-02-13 00:48:00,40.41,40.43,40.41,40.43,1392
2025-02-13 09:00:00,42.0,42.0,42.0,42.0,106
2025-02-13 09:07:00,42.0,42.0,42.0,42.0,1300
2025-02-13 11:58:00,42.2,42.2,42.2,42.2,300
2025-02-13 11:59:00,42.15,42.15,42.15,42.15,188
2025-02-13 12:00:00,42.11,42.11,42.11,42.11,279
2025-02-13 12:03:00,42.11,42.15,42.06,42.06,3392
2025-02-13 12:29:00,42.1,42.1,42.1,42.1,100
2025-02-13 13:00:00,42.15,42.15,41.72,41.74,1682
2025-02-13 13:16:00,42.3,42.3,42.3,42.3,300
2025-02-13 13:35:00,42.09,42.09,42.09,42.09,500
2025-02-13 13:45:00,42.09,42.09,42.09,42.09,100
2025-02-13 13:59:00,42.06,42.06,42.06,42.06,120
2025-02-13 14:00:00,42.05,42.05,42.05,42.05,891
2025-02-13 14:06:00,42.06,42.06,42.06,42.06,100
2025-02-13 14:10:00,42.05,42.05,42.05,42.05,112
2025-02-13 14:22:00,42.05,42.05,42.05,42.05,100
2025-02-13 14:29:00,42.05,42.05,42.02,42.05,1600
2025-02-13 14:30:00,42.16,42.16,42.08,42.08,417
2025-02-13 14:33:00,42.06,42.06,42.06,42.06,162
2025-02-13 14:34:00,42.05,42.05,42.05,42.05,150
2025-02-13 14:35:00,42.06,42.11,42.06,42.11,514
2025-02-13 14:36:00,42.1,42.31,42.0,42.29,30533
2025-02-13 14:37:00,42.29,42.35,42.2585,42.3,2924
2025-02-13 14:39:00,42.3847,42.3847,42.3,42.3,495
2025-02-13 14:41:00,42.27,42.33,42.27,42.33,635
2025-02-13 14:42:00,42.36,42.36,42.36,42.36,135
2025-02-13 14:44:00,42.35,42.35,42.35,42.35,123
2025-02-13 14:45:00,42.32,42.32,42.28,42.28,416
2025-02-13 14:46:00,42.34,42.34,42.34,42.34,351
2025-02-13 14:48:00,42.34,42.34,42.34,42.34,779
2025-02-13 14:49:00,42.3449,42.55,42.34,42.55,12998
2025-02-13 14:51:00,42.54,42.54,42.54,42.54,753
2025-02-13 14:52:00,42.54,42.54,42.54,42.54,277
2025-02-13 14:54:00,42.58,42.58,42.58,42.58,151
2025-02-13 14:58:00,42.57,42.57,42.57,42.57,287
2025-02-13 14:59:00,42.61,42.61,42.6,42.6,1412
2025-02-13 15:01:00,42.62,42.62,42.62,42.62,264
2025-02-13 15:02:00,42.66,42.66,42.66,42.66,209
2025-02-13 15:03:00,42.68,42.76,42.68,42.76,1513
2025-02-13 15:04:00,42.78,42.83,42.77,42.77,2213
2025-02-13 15:05:00,42.81,42.85,42.81,42.85,476
2025-02-13 15:06:00,42.86,42.87,42.85,42.85,2430
2025-02-13 15:07:00,42.82,42.82,42.78,42.78,568
2025-02-13 15:10:00,42.83,42.83,42.824,42.824,489
2025-02-13 15:11:00,42.85,42.85,42.76,42.76,715
2025-02-13 15:12:00,42.79,42.79,42.74,42.74,359
2025-02-13 15:13:00,42.7,42.7,42.69,42.69,552
2025-02-13 15:14:00,42.735,42.735,42.6901,42.6901,445
2025-02-13 15:15:00,42.74,42.74,42.74,42.74,209
2025-02-13 15:18:00,42.71,42.71,42.71,42.71,175
2025-02-13 15:19:00,42.76,42.795,42.76,42.795,1229
2025-02-13 15:20:00,42.84,42.84,42.84,42.84,891
2025-02-13 15:29:00,42.82,42.82,42.82,42.82,302
2025-02-13 15:30:00,42.79,42.79,42.78,42.78,1121
2025-02-13 15:31:00,42.77,42.77,42.75,42.76,752
2025-02-13 15:32:00,42.7701,42.8,42.7701,42.8,374
2025-02-13 15:33:00,42.8,42.8,42.7717,42.7717,470
2025-02-13 15:34:00,42.82,42.82,42.82,42.82,291
2025-02-13 15:35:00,42.82,42.82,42.82,42.82,497
2025-02-13 15:43:00,42.82,42.83,42.82,42.83,1407
2025-02-13 15:44:00,42.81,42.81,42.81,42.81,615
2025-02-13 15:47:00,42.77,42.77,42.77,42.77,541
2025-02-13 15:48:00,42.8,42.82,42.7525,42.82,1972
2025-02-13 15:49:00,42.81,42.81,42.81,42.81,108
2025-02-13 15:50:00,42.81,42.81,42.81,42.81,179
2025-02-13 15:51:00,42.81,42.81,42.81,42.81,255
2025-02-13 15:53:00,42.79,42.79,42.77,42.77,614
2025-02-13 15:54:00,42.74,42.74,42.74,42.74,206
2025-02-13 15:55:00,42.75,42.75,42.75,42.75,120
2025-02-13 15:56:00,42.73,42.73,42.73,42.73,368
2025-02-13 15:58:00,42.6855,42.6855,42.6855,42.6855,179
2025-02-13 16:01:00,42.6855,42.6855,42.6855,42.6855,132
2025-02-13 16:06:00,42.6701,42.6701,42.6701,42.6701,140
2025-02-13 16:07:00,42.79,42.79,42.79,42.79,220
2025-02-13 16:10:00,42.73,42.73,42.73,42.73,442
2025-02-13 16:11:00,42.73,42.73,42.73,42.73,1271
2025-02-13 16:12:00,42.78,42.79,42.78,42.79,287
2025-02-13 16:15:00,42.78,42.78,42.73,42.73,1785
2025-02-13 16:17:00,42.72,42.72,42.72,42.72,218
2025-02-13 16:19:00,42.69,42.69,42.68,42.68,468
2025-02-13 16:20:00,42.66,42.66,42.66,42.66,375
2025-02-13 16:24:00,42.69,42.71,42.69,42.71,621
2025-02-13 16:27:00,42.71,42.75,42.71,42.75,3075
2025-02-13 16:28:00,42.76,42.82,42.76,42.8,1249
2025-02-13 16:29:00,42.813,42.83,42.813,42.83,5216
2025-02-13 16:31:00,42.81,42.87,42.81,42.86,2296
2025-02-13 16:32:00,42.88,42.88,42.88,42.88,551
2025-02-13 16:33:00,42.88,42.95,42.87,42.95,3383
2025-02-13 16:34:00,42.98,43.07,42.97,43.065,2352
2025-02-13 16:35:00,43.07,43.07,43.07,43.07,829
2025-02-13 16:37:00,43.0,43.045,43.0,43.045,860
2025-02-13 16:38:00,42.9901,43.045,42.9901,43.045,353
2025-02-13 16:42:00,43.0,43.0,42.93,42.93,4784
2025-02-13 16:43:00,42.92,42.92,42.92,42.92,297
2025-02-13 16:44:00,42.85,42.85,42.84,42.84,757
2025-02-13 16:45:00,42.84,42.84,42.83,42.83,221
2025-02-13 16:51:00,42.8,42.8,42.8,42.8,234
2025-02-13 16:56:00,42.79,42.7949,42.79,42.7949,560
2025-02-13 16:58:00,42.76,42.76,42.76,42.76,342
2025-02-13 17:00:00,42.75,42.75,42.75,42.75,1178
2025-02-13 17:01:00,42.77,42.77,42.77,42.77,190
2025-02-13 17:03:00,42.74,42.74,42.74,42.74,226
2025-02-13 17:06:00,42.8,42.8,42.79,42.8,1012
2025-02-13 17:07:00,42.8044,42.82,42.8044,42.805,580
2025-02-13 17:08:00,42.815,42.815,42.815,42.815,249
2025-02-13 17:11:00,42.8048,42.8048,42.8048,42.8048,125
2025-02-13 17:18:00,42.8,42.8,42.8,42.8,372
2025-02-13 17:19:00,42.77,42.77,42.77,42.77,462
2025-02-13 17:22:00,42.76,42.76,42.76,42.76,227
2025-02-13 17:23:00,42.74,42.74,42.73,42.73,586
2025-02-13 17:28:00,42.74,42.75,42.74,42.75,937
2025-02-13 17:29:00,42.755,42.755,42.755,42.755,127
2025-02-13 17:31:00,42.76,42.76,42.7541,42.7541,325
2025-02-13 17:35:00,42.745,42.745,42.745,42.745,2080
2025-02-13 17:36:00,42.755,42.755,42.6313,42.69,4574
2025-02-13 17:37:00,42.65,42.71,42.64,42.65,4886
2025-02-13 17:39:00,42.605,42.605,42.605,42.605,309
2025-02-13 17:40:00,42.655,42.655,42.6,42.619,2097
2025-02-13 17:41:00,42.59,42.59,42.59,42.59,181
2025-02-13 17:42:00,42.59,42.59,42.575,42.575,215
2025-02-13 17:43:00,42.57,42.57,42.56,42.57,903
2025-02-13 17:45:00,42.57,42.57,42.57,42.57,165
2025-02-13 17:46:00,42.57,42.64,42.57,42.64,2450
2025-02-13 17:47:00,42.65,42.7,42.65,42.665,1446
2025-02-13 17:52:00,42.655,42.7,42.655,42.7,895
2025-02-13 17:54:00,42.65,42.65,42.65,42.65,112
2025-02-13 17:55:00,42.66,42.66,42.66,42.66,402
2025-02-13 17:56:00,42.705,42.705,42.705,42.705,180
2025-02-13 18:02:00,42.69,42.69,42.69,42.69,267
2025-02-13 18:03:00,42.69,42.73,42.69,42.72,1838
2025-02-13 18:04:00,42.68,42.68,42.68,42.68,378
2025-02-13 18:10:00,42.67,42.68,42.67,42.68,418
2025-02-13 18:11:00,42.68,42.68,42.68,42.68,269
2025-02-13 18:12:00,42.68,42.68,42.68,42.68,329
2025-02-13 18:13:00,42.72,42.72,42.71,42.71,699
2025-02-13 18:14:00,42.73,42.73,42.73,42.73,255
2025-02-13 18:16:00,42.7475,42.7475,42.725,42.725,314
2025-02-13 18:19:00,42.7,42.72,42.67,42.67,4436
2025-02-13 18:20:00,42.7,42.7,42.65,42.7,740
2025-02-13 18:24:00,42.6995,42.6995,42.6995,42.6995,712
2025-02-13 18:25:00,42.7065,42.7065,42.7065,42.7065,262
2025-02-13 18:26:00,42.6666,42.71,42.6666,42.71,1302
2025-02-13 18:29:00,42.738,42.74,42.7001,42.74,1071
2025-02-13 18:31:00,42.725,42.725,42.725,42.725,158
2025-02-13 18:32:00,42.7,42.71,42.7,42.71,250
2025-02-13 18:34:00,42.7065,42.7065,42.7065,42.7065,256
2025-02-13 18:36:00,42.69,42.69,42.69,42.69,107
2025-02-13 18:37:00,42.71,42.72,42.7,42.7,556
2025-02-13 18:38:00,42.7,42.7,42.7,42.7,110
2025-02-13 18:39:00,42.71,42.72,42.71,42.72,297
2025-02-13 18:40:00,42.7655,42.7655,42.72,42.73,1057
2025-02-13 18:43:00,42.63,42.63,42.63,42.63,526
2025-02-13 18:44:00,42.66,42.66,42.66,42.66,270
2025-02-13 18:45:00,42.71,42.71,42.71,42.71,316
2025-02-13 18:46:00,42.7086,42.7086,42.67,42.67,874
2025-02-13 18:47:00,42.72,42.72,42.72,42.72,348
2025-02-13 18:49:00,42.78,42.78,42.78,42.78,217
2025-02-13 18:50:00,42.73,42.73,42.73,42.73,151
2025-02-13 18:52:00,42.735,42.735,42.66,42.66,3060
2025-02-13 18:58:00,42.76,42.76,42.76,42.76,167
2025-02-13 19:00:00,42.76,42.76,42.76,42.76,201
2025-02-13 19:01:00,42.79,42.8,42.79,42.795,623
2025-02-13 19:02:00,42.79,42.79,42.79,42.79,230
2025-02-13 19:04:00,42.82,42.85,42.81,42.81,833
2025-02-13 19:05:00,42.85,42.86,42.85,42.86,402
2025-02-13 19:06:00,42.86,42.86,42.86,42.86,218
2025-02-13 19:08:00,42.86,42.9,42.86,42.9,1325
2025-02-13 19:09:00,42.88,42.9,42.88,42.9,2637
2025-02-13 19:14:00,42.88,42.88,42.88,42.88,359
2025-02-13 19:15:00,42.9,42.9,42.9,42.9,700
2025-02-13 19:16:00,42.9,42.9294,42.9,42.9,742
2025-02-13 19:17:00,42.93,42.93,42.93,42.93,321
2025-02-13 19:19:00,42.98,42.98,42.9799,42.9799,222
2025-02-13 19:21:00,42.91,42.91,42.91,42.91,414
2025-02-13 19:23:00,42.925,42.925,42.925,42.925,254
2025-02-13 19:25:00,42.92,42.92,42.92,42.92,213
2025-02-13 19:26:00,42.91,42.914,42.91,42.914,307
2025-02-13 19:29:00,42.8801,42.8801,42.8801,42.8801,215
2025-02-13 19:33:00,42.92,42.93,42.92,42.93,646
2025-02-13 19:34:00,42.93,42.93,42.93,42.93,405
2025-02-13 19:35:00,42.92,42.96,42.92,42.96,1156
2025-02-13 19:37:00,42.94,42.98,42.94,42.98,1162
2025-02-13 19:38:00,42.98,43.01,42.98,43.01,943
2025-02-13 19:39:00,43.044,43.06,43.02,43.04,977
2025-02-13 19:40:00,43.0108,43.0108,43.0108,43.0108,302
2025-02-13 19:41:00,43.01,43.01,42.98,42.98,598
2025-02-13 19:42:00,42.98,42.98,42.98,42.98,124
2025-02-13 19:43:00,42.965,42.965,42.965,42.965,116
2025-02-13 19:44:00,42.95,42.95,42.95,42.95,108
2025-02-13 19:45:00,42.95,42.95,42.93,42.93,537
2025-02-13 19:46:00,42.93,42.93,42.93,42.93,102
2025-02-13 19:48:00,42.95,42.96,42.95,42.96,959
2025-02-13 19:50:00,42.97,42.97,42.97,42.97,203
2025-02-13 19:52:00,42.97,42.98,42.97,42.98,608
2025-02-13 19:53:00,42.9885,42.9885,42.9885,42.9885,256
2025-02-13 19:54:00,42.975,42.975,42.975,42.975,133
2025-02-13 19:56:00,42.975,42.98,42.975,42.98,354
2025-02-13 19:57:00,42.9996,42.9996,42.988,42.988,551
2025-02-13 19:58:00,42.96,42.97,42.96,42.97,634
2025-02-13 19:59:00,42.965,42.98,42.965,42.98,535
2025-02-13 20:02:00,42.99,42.99,42.99,42.99,311
2025-02-13 20:03:00,42.9865,42.9865,42.97,42.97,404
2025-02-13 20:06:00,42.99,42.99,42.99,42.99,117
2025-02-13 20:07:00,42.9985,42.9985,42.9985,42.9985,342
2025-02-13 20:11:00,43.0,43.0,43.0,43.0,365
2025-02-13 20:12:00,42.98,43.0395,42.98,43.0395,1215
2025-02-13 20:15:00,43.028,43.028,43.028,43.028,368
2025-02-13 20:18:00,43.04,43.04,43.04,43.04,280
2025-02-13 20:19:00,43.05,43.05,43.0301,43.0301,4594
2025-02-13 20:20:00,43.0452,43.0452,43.0452,43.0452,143
2025-02-13 20:21:00,43.05,43.05,43.01,43.01,1645
2025-02-13 20:22:00,42.9901,42.9901,42.9901,42.9901,407
2025-02-13 20:24:00,43.01,43.01,43.01,43.01,171
2025-02-13 20:25:00,43.01,43.01,43.01,43.01,199
2025-02-13 20:26:00,42.99,43.01,42.99,43.01,478
2025-02-13 20:28:00,42.99,43.03,42.99,43.03,834
2025-02-13 20:29:00,43.0185,43.02,43.0185,43.02,1130
2025-02-13 20:30:00,43.03,43.04,43.02,43.02,1525
2025-02-13 20:31:00,43.03,43.03,43.03,43.03,889
2025-02-13 20:32:00,43.03,43.03,43.02,43.02,579
2025-02-13 20:34:00,43.0,43.0,43.0,43.0,252
2025-02-13 20:35:00,43.005,43.005,43.005,43.005,260
2025-02-13 20:37:00,43.01,43.01,43.0,43.0,843
2025-02-13 20:38:00,43.01,43.01,42.98,42.98,2750
2025-02-13 20:39:00,43.0028,43.0028,42.98,42.98,655
2025-02-13 20:40:00,42.995,42.995,42.995,42.995,256
2025-02-13 20:41:00,42.995,42.995,42.995,42.995,486
2025-02-13 20:42:00,42.995,42.995,42.995,42.995,1399
2025-02-13 20:43:00,42.995,42.995,42.995,42.995,520
2025-02-13 20:44:00,42.97,42.97,42.97,42.97,506
2025-02-13 20:45:00,42.96,42.97,42.95,42.965,827
2025-02-13 20:46:00,42.97,42.98,42.965,42.98,1773
2025-02-13 20:47:00,42.975,42.975,42.975,42.975,218
2025-02-13 20:48:00,42.975,43.01,42.975,43.01,1349
2025-02-13 20:49:00,43.005,43.01,43.005,43.01,315
2025-02-13 20:50:00,43.025,43.025,43.0,43.0,1895
2025-02-13 20:51:00,43.0192,43.0192,42.99,42.995,1191
2025-02-13 20:52:00,42.995,43.02,42.995,43.02,2893
2025-02-13 20:53:00,43.02,43.02,43.01,43.02,2370
2025-02-13 20:54:00,43.02,43.03,43.02,43.02,1579
2025-02-13 20:55:00,43.01,43.02,42.99,43.01,3828
2025-02-13 20:56:00,43.01,43.04,43.01,43.02,3580
2025-02-13 20:57:00,43.02,43.03,43.02,43.02,1300
2025-02-13 20:58:00,43.02,43.03,43.0,43.0,4305
2025-02-13 20:59:00,43.0,43.0,42.94,42.94,6632
2025-02-14 00:02:00,42.9301,42.9301,42.9301,42.9301,1000
2025-02-14 00:03:00,42.93,42.93,42.93,42.93,460
2025-02-14 00:19:00,42.93,42.93,42.93,42.93,158
2025-02-14 14:30:00,42.95,42.95,42.95,42.95,2945
2025-02-14 14:34:00,42.95,43.0585,42.95,43.0585,501
2025-02-14 14:37:00,42.96,42.96,42.96,42.96,101
2025-02-14 14:39:00,42.965,42.965,42.965,42.965,102
2025-02-14 14:40:00,43.04,43.04,43.025,43.025,390
2025-02-14 14:41:00,43.025,43.1,43.025,43.06,1432
2025-02-14 14:44:00,43.12,43.16,43.12,43.16,530
2025-02-14 14:46:00,43.21,43.21,43.21,43.21,226
2025-02-14 14:53:00,43.115,43.115,43.11,43.11,402
2025-02-14 14:54:00,43.18,43.18,43.07,43.07,835
2025-02-14 14:57:00,43.06,43.075,43.06,43.075,207
2025-02-14 15:01:00,43.02,43.02,43.0,43.005,1603
2025-02-14 15:03:00,42.98,42.98,42.915,42.915,821
2025-02-14 15:08:00,42.91,42.91,42.91,42.91,103
2025-02-14 15:11:00,42.835,42.835,42.83,42.83,430
2025-02-14 15:17:00,42.73,42.73,42.73,42.73,105
2025-02-14 15:19:00,42.73,42.73,42.73,42.73,508
2025-02-14 15:21:00,42.67,42.67,42.67,42.67,251
2025-02-14 15:26:00,42.6,42.655,42.6,42.655,638
2025-02-14 15:29:00,42.56,42.56,42.56,42.56,850
2025-02-14 15:31:00,42.49,42.51,42.49,42.51,330
2025-02-14 15:34:00,42.5599,42.5599,42.5599,42.5599,891
2025-02-14 15:37:00,42.5,42.5,42.5,42.5,357
2025-02-14 15:41:00,42.48,42.48,42.48,42.48,263
2025-02-14 15:43:00,42.42,42.42,42.42,42.42,283
2025-02-14 15:44:00,42.48,42.49,42.48,42.49,253
2025-02-14 15:45:00,42.4756,42.63,42.4756,42.63,2191
2025-02-14 15:50:00,42.58,42.58,42.58,42.58,265
2025-02-14 15:52:00,42.59,42.59,42.59,42.59,100
2025-02-14 15:53:00,42.59,42.59,42.59,42.59,102
2025-02-14 15:54:00,42.59,42.59,42.59,42.59,359
2025-02-14 15:57:00,42.64,42.64,42.64,42.64,734
2025-02-14 16:07:00,42.7,42.705,42.7,42.705,820
2025-02-14 16:09:00,42.71,42.71,42.71,42.71,120
2025-02-14 16:11:00,42.7092,42.7194,42.7092,42.7194,1814
2025-02-14 16:13:00,42.7473,42.7473,42.7473,42.7473,301
2025-02-14 16:15:00,42.71,42.715,42.71,42.715,441
2025-02-14 16:16:00,42.67,42.715,42.67,42.715,225
2025-02-14 16:18:00,42.7,42.7,42.7,42.7,108
2025-02-14 16:20:00,42.76,42.76,42.76,42.76,105
2025-02-14 16:23:00,42.72,42.72,42.72,42.72,109
2025-02-14 16:29:00,42.76,42.76,42.76,42.76,509
2025-02-14 16:33:00,42.775,42.775,42.75,42.75,704
2025-02-14 16:36:00,42.77,42.77,42.77,42.77,180
2025-02-14 16:37:00,42.81,42.81,42.81,42.81,159
2025-02-14 16:38:00,42.775,42.775,42.775,42.775,244
2025-02-14 16:41:00,42.82,42.82,42.81,42.81,656
2025-02-14 16:47:00,42.77,42.77,42.75,42.75,817
2025-02-14 16:55:00,42.83,42.83,42.83,42.83,199
2025-02-14 16:57:00,42.775,42.775,42.775,42.775,396
2025-02-14 17:04:00,42.8142,42.8142,42.8142,42.8142,540
2025-02-14 17:05:00,42.78,42.78,42.74,42.74,633
2025-02-14 17:07:00,42.75,42.76,42.74,42.74,443
2025-02-14 17:11:00,42.7469,42.7469,42.7469,42.7469,140
2025-02-14 17:17:00,42.76,42.76,42.75,42.75,331
2025-02-14 17:24:00,42.73,42.75,42.73,42.75,298
2025-02-14 17:27:00,42.74,42.74,42.72,42.72,219
2025-02-14 17:28:00,42.71,42.71,42.71,42.71,514
2025-02-14 17:29:00,42.68,42.68,42.68,42.68,227
2025-02-14 17:30:00,42.68,42.769,42.68,42.755,9071
2025-02-14 17:31:00,42.7,42.83,42.7,42.83,499
2025-02-14 17:33:00,42.78,42.78,42.73,42.73,463
2025-02-14 17:34:00,42.79,42.79,42.79,42.79,120
2025-02-14 17:35:00,42.7686,42.79,42.7686,42.79,541
2025-02-14 17:36:00,42.8,42.8,42.8,42.8,284
2025-02-14 17:37:00,42.8,42.805,42.8,42.805,675
2025-02-14 17:38:00,42.78,42.78,42.78,42.78,396
2025-02-14 17:39:00,42.79,42.79,42.79,42.79,467
2025-02-14 17:40:00,42.795,42.815,42.795,42.815,324
2025-02-14 17:41:00,42.795,42.815,42.795,42.795,474
2025-02-14 17:42:00,42.815,42.815,42.815,42.815,302
2025-02-14 17:44:00,42.825,42.83,42.825,42.83,458
2025-02-14 17:46:00,42.85,42.85,42.85,42.85,258
2025-02-14 17:47:00,42.8445,42.88,42.8445,42.88,1784
2025-02-14 17:48:00,42.87,42.87,42.85,42.85,732
2025-02-14 17:49:00,42.8543,42.8543,42.8543,42.8543,110
2025-02-14 17:50:00,42.83,42.83,42.76,42.76,518
2025-02-14 17:52:00,42.855,42.855,42.855,42.855,101
2025-02-14 17:56:00,42.88,42.88,42.88,42.88,273
2025-02-14 17:58:00,42.81,42.81,42.81,42.81,122
2025-02-14 18:06:00,42.82,42.83,42.82,42.82,902
2025-02-14 18:08:00,42.74,42.74,42.74,42.74,101
2025-02-14 18:13:00,42.805,42.805,42.805,42.805,261
2025-02-14 18:15:00,42.74,42.7752,42.74,42.7752,874
2025-02-14 18:16:00,42.71,42.8,42.71,42.8,421
2025-02-14 18:23:00,42.76,42.76,42.76,42.76,222
2025-02-14 18:27:00,42.75,42.75,42.73,42.73,411
2025-02-14 18:28:00,42.74,42.74,42.74,42.74,299
2025-02-14 18:29:00,42.7381,42.7381,42.7381,42.7381,615
2025-02-14 18:30:00,42.76,42.76,42.76,42.76,205
2025-02-14 18:33:00,42.73,42.74,42.73,42.74,224
2025-02-14 18:37:00,42.76,42.76,42.76,42.76,767
2025-02-14 18:44:00,42.75,42.75,42.75,42.75,231
2025-02-14 18:53:00,42.78,42.78,42.78,42.78,105
2025-02-14 18:54:00,42.8,42.8,42.78,42.79,1089
2025-02-14 19:15:00,42.818,42.83,42.8006,42.8006,906
2025-02-14 19:16:00,42.82,42.82,42.82,42.82,130
2025-02-14 19:17:00,42.84,42.84,42.84,42.84,104
2025-02-14 19:18:00,42.84,42.84,42.84,42.84,167
2025-02-14 19:20:00,42.8389,42.8599,42.8389,42.8599,485
2025-02-14 19:22:00,42.82,42.835,42.82,42.835,264
2025-02-14 19:24:00,42.83,42.83,42.83,42.83,106
2025-02-14 19:26:00,42.84,42.84,42.84,42.84,350
2025-02-14 19:27:00,42.85,42.875,42.85,42.875,1776
2025-02-14 19:28:00,42.87,42.87,42.87,42.87,101
2025-02-14 19:30:00,42.87,42.87,42.87,42.87,206
2025-02-14 19:31:00,42.8511,42.8511,42.8511,42.8511,216
2025-02-14 19:33:00,42.85,42.85,42.85,42.85,680
2025-02-14 19:35:00,42.83,42.83,42.83,42.83,141
2025-02-14 19:37:00,42.85,42.85,42.85,42.85,129
2025-02-14 19:39:00,42.83,42.83,42.83,42.83,152
2025-02-14 19:41:00,42.84,42.84,42.84,42.84,148
2025-02-14 19:42:00,42.84,42.84,42.84,42.84,378
2025-02-14 19:44:00,42.83,42.83,42.83,42.83,117
2025-02-14 19:50:00,42.85,42.85,42.85,42.85,209
2025-02-14 19:51:00,42.82,42.82,42.82,42.82,296
2025-02-14 19:53:00,42.84,42.84,42.8367,42.8367,528
2025-02-14 19:54:00,42.81,42.81,42.81,42.81,122
2025-02-14 19:55:00,42.82,42.82,42.82,42.82,112
2025-02-14 19:57:00,42.825,42.825,42.81,42.81,508
2025-02-14 19:58:00,42.84,42.84,42.84,42.84,292
2025-02-14 20:04:00,42.82,42.82,42.82,42.82,146
2025-02-14 20:07:00,42.83,42.83,42.83,42.83,102
2025-02-14 20:15:00,42.83,42.83,42.8006,42.8006,725
2025-02-14 20:18:00,42.8499,42.8499,42.83,42.83,393
2025-02-14 20:19:00,42.84,42.84,42.84,42.84,286
2025-02-14 20:20:00,42.835,42.835,42.82,42.82,336
2025-02-14 20:21:00,42.815,42.815,42.79,42.79,780
2025-02-14 20:24:00,42.79,42.79,42.79,42.79,113
2025-02-14 20:26:00,42.82,42.82,42.82,42.82,444
2025-02-14 20:32:00,42.82,42.82,42.82,42.82,415
2025-02-14 20:36:00,42.81,42.81,42.805,42.805,480
2025-02-14 20:39:00,42.815,42.815,42.815,42.815,121
2025-02-14 20:41:00,42.8,42.8,42.79,42.79,529
2025-02-14 20:43:00,42.77,42.77,42.77,42.77,360
2025-02-14 20:49:00,42.765,42.765,42.765,42.765,309
2025-02-14 20:50:00,42.78,42.79,42.76,42.78,2817
2025-02-14 20:51:00,42.74,42.75,42.71,42.73,1173
2025-02-14 20:53:00,42.75,42.75,42.73,42.73,549
2025-02-14 20:55:00,42.73,42.77,42.71,42.77,2804
2025-02-14 20:57:00,42.77,42.77,42.77,42.77,262
2025-02-14 20:58:00,42.76,42.78,42.75,42.76,2122
2025-02-14 20:59:00,42.74,42.77,42.73,42.73,9143
2025-02-14 23:14:00,42.23,42.23,40.62,40.62,1061
2025-02-18 13:00:00,42.7917,42.7917,42.7917,42.7917,133
2025-02-18 14:23:00,42.72,42.72,42.72,42.72,200
2025-02-18 14:30:00,42.9,42.9,42.9,42.9,1829
2025-02-18 14:31:00,43.06,43.06,43.06,43.06,406
2025-02-18 14:34:00,43.06,43.08,43.045,43.045,849
2025-02-18 14:38:00,43.02,43.02,43.02,43.02,387
2025-02-18 14:39:00,42.9922,42.9922,42.9922,42.9922,180
2025-02-18 14:46:00,42.9281,42.98,42.9281,42.98,363
2025-02-18 14:47:00,42.9575,42.9575,42.9575,42.9575,1756
2025-02-18 14:53:00,42.8355,42.8355,42.8355,42.8355,153
2025-02-18 14:54:00,42.95,42.95,42.95,42.95,125
2025-02-18 14:58:00,43.015,43.015,43.015,43.015,122
2025-02-18 15:01:00,43.0,43.0,43.0,43.0,757
2025-02-18 15:02:00,43.03,43.03,43.03,43.03,550
2025-02-18 15:09:00,43.045,43.045,43.045,43.045,151
2025-02-18 15:11:00,43.0208,43.065,43.0208,43.065,280
2025-02-18 15:16:00,43.11,43.13,43.06,43.06,1015
2025-02-18 15:21:00,43.0,43.0,43.0,43.0,170
2025-02-18 15:23:00,43.1,43.11,43.08,43.11,742
2025-02-18 15:43:00,43.13,43.15,43.13,43.15,1367
2025-02-18 15:44:00,43.17,43.17,43.17,43.17,155
2025-02-18 15:46:00,43.13,43.15,43.13,43.13,683
2025-02-18 15:50:00,43.2,43.2,43.2,43.2,426
2025-02-18 15:52:00,43.245,43.245,43.245,43.245,101
2025-02-18 16:10:00,43.243969,43.243969,43.243969,43.243969,140
2025-02-18 16:11:00,43.24,43.24,43.23,43.23,433
2025-02-18 16:12:00,43.225,43.225,43.21,43.21,463
2025-02-18 16:13:00,43.225,43.225,43.17,43.17,1661
2025-02-18 16:14:00,43.13,43.13,43.13,43.13,101
2025-02-18 16:16:00,43.18,43.18,43.18,43.18,183
2025-02-18 16:17:00,43.17,43.23,43.17,43.23,829
2025-02-18 16:22:00,43.17,43.23,43.1583,43.1583,1180
2025-02-18 16:26:00,43.25,43.25,43.23,43.23,975
2025-02-18 16:27:00,43.245,43.245,43.245,43.245,125
2025-02-18 16:30:00,43.25,43.25,43.25,43.25,230
2025-02-18 16:31:00,43.25,43.25,43.25,43.25,204
2025-02-18 16:33:00,43.27,43.27,43.27,43.27,119
2025-02-18 16:34:00,43.27,43.27,43.27,43.27,291
2025-02-18 16:37:00,43.25,43.25,43.25,43.25,399
2025-02-18 16:43:00,43.27,43.27,43.27,43.27,251
2025-02-18 16:48:00,43.27,43.27,43.27,43.27,147
2025-02-18 16:53:00,43.2793,43.2793,43.25,43.265,1233
2025-02-18 16:57:00,43.28,43.29,43.27,43.275,1835
2025-02-18 16:59:00,43.275,43.275,43.275,43.275,111
2025-02-18 17:00:00,43.28,43.28,43.28,43.28,400
2025-02-18 17:04:00,43.28,43.3431,43.28,43.325,1564
2025-02-18 17:06:00,43.38,43.38,43.37,43.37,508
2025-02-18 17:07:00,43.37,43.37,43.37,43.37,326
2025-02-18 17:08:00,43.35,43.35,43.35,43.35,639
2025-02-18 17:11:00,43.3709,43.3709,43.3709,43.3709,100
2025-02-18 17:17:00,43.34,43.34,43.34,43.34,137
2025-02-18 17:18:00,43.33,43.35,43.32,43.32,1271
2025-02-18 17:19:00,43.345,43.345,43.345,43.345,147
2025-02-18 17:21:00,43.32,43.3307,43.285,43.285,1549
2025-02-18 17:22:00,43.25,43.305,43.25,43.305,1507
2025-02-18 17:27:00,43.305,43.33,43.305,43.32,1419
2025-02-18 17:34:00,43.32,43.35,43.32,43.35,1196
2025-02-18 17:35:00,43.35,43.35,43.35,43.35,723
2025-02-18 17:37:00,43.3492,43.3492,43.3492,43.3492,116
2025-02-18 17:41:00,43.38,43.38,43.36,43.36,1267
2025-02-18 17:42:00,43.38,43.38,43.36,43.37,575
2025-02-18 17:43:00,43.32,43.32,43.32,43.32,537
2025-02-18 17:45:00,43.32,43.32,43.32,43.32,355
2025-02-18 17:48:00,43.31,43.31,43.31,43.31,316
2025-02-18 17:52:00,43.33,43.33,43.33,43.33,202
2025-02-18 17:53:00,43.35,43.35,43.35,43.35,158
2025-02-18 17:57:00,43.31,43.31,43.31,43.31,431
2025-02-18 17:59:00,43.29,43.3,43.27,43.3,3442
2025-02-18 18:01:00,43.3,43.3,43.3,43.3,132
2025-02-18 18:02:00,43.295,43.295,43.295,43.295,141
2025-02-18 18:03:00,43.29,43.3,43.29,43.3,1336
2025-02-18 18:06:00,43.31,43.31,43.29,43.31,430
2025-02-18 18:08:00,43.342,43.342,43.342,43.342,230
2025-02-18 18:09:00,43.31,43.31,43.29,43.29,385
2025-02-18 18:14:00,43.32,43.32,43.32,43.32,242
2025-02-18 18:21:00,43.3,43.3,43.28,43.29,1982
2025-02-18 18:23:00,43.29,43.29,43.29,43.29,1384
2025-02-18 18:24:00,43.272,43.272,43.272,43.272,1018
2025-02-18 18:27:00,43.27,43.27,43.27,43.27,301
2025-02-18 18:28:00,43.29,43.29,43.275,43.275,323
2025-02-18 18:29:00,43.26,43.26,43.26,43.26,251
2025-02-18 18:30:00,43.2625,43.2739,43.26,43.27,1351
2025-02-18 18:31:00,43.25,43.25,43.25,43.25,142
2025-02-18 18:32:00,43.23,43.23,43.23,43.23,293
2025-02-18 18:34:00,43.185,43.185,43.18,43.18,481
2025-02-18 18:41:00,43.19,43.2,43.18,43.19,792
2025-02-18 18:45:00,43.16,43.18,43.16,43.18,694
2025-02-18 18:47:00,43.18,43.18,43.18,43.18,132
2025-02-18 18:52:00,43.21,43.21,43.21,43.21,105
2025-02-18 18:53:00,43.19,43.245,43.19,43.245,1261
2025-02-18 18:58:00,43.26,43.26,43.26,43.26,299
2025-02-18 19:00:00,43.26,43.26,43.26,43.26,414
2025-02-18 19:03:00,43.29,43.29,43.29,43.29,566
2025-02-18 19:06:00,43.27,43.27,43.27,43.27,295
2025-02-18 19:07:00,43.26,43.26,43.22,43.22,959
2025-02-18 19:08:00,43.22,43.23,43.19,43.2,2240
2025-02-18 19:10:00,43.21,43.21,43.21,43.21,194
2025-02-18 19:19:00,43.2,43.2,43.19,43.2,387
2025-02-18 19:20:00,43.1903,43.1903,43.1887,43.1887,463
2025-02-18 19:21:00,43.19,43.222,43.19,43.222,617
2025-02-18 19:24:00,43.25,43.26,43.25,43.26,713
2025-02-18 19:26:00,43.2623,43.2623,43.2623,43.2623,166
2025-02-18 19:29:00,43.26,43.26,43.26,43.26,300
2025-02-18 19:30:00,43.25,43.25,43.25,43.25,114
2025-02-18 19:33:00,43.28,43.3,43.28,43.29,898
2025-02-18 19:37:00,43.3,43.3,43.29,43.29,729
2025-02-18 19:38:00,43.27,43.27,43.26,43.26,676
2025-02-18 19:39:00,43.2601,43.2601,43.2601,43.2601,259
2025-02-18 19:47:00,43.34,43.34,43.34,43.34,180
2025-02-18 19:50:00,43.3616,43.3616,43.3616,43.3616,100
2025-02-18 19:55:00,43.3799,43.3799,43.36,43.36,311
2025-02-18 19:58:00,43.34,43.35,43.34,43.35,291
2025-02-18 20:00:00,43.33,43.33,43.33,43.33,216
2025-02-18 20:08:00,43.35,43.35,43.35,43.35,376
2025-02-18 20:15:00,43.35,43.35,43.35,43.35,460
2025-02-18 20:17:00,43.345,43.345,43.345,43.345,191
2025-02-18 20:22:00,43.348,43.348,43.348,43.348,503
2025-02-18 20:23:00,43.33,43.33,43.33,43.33,777
2025-02-18 20:25:00,43.34,43.34,43.34,43.34,298
2025-02-18 20:34:00,43.3589,43.3589,43.3589,43.3589,135
2025-02-18 20:35:00,43.36,43.36,43.33,43.33,886
2025-02-18 20:39:00,43.33,43.33,43.33,43.33,204
2025-02-18 20:40:00,43.3101,43.3101,43.3101,43.3101,221
2025-02-18 20:41:00,43.32,43.32,43.31,43.31,479
2025-02-18 20:43:00,43.285,43.285,43.285,43.285,892
2025-02-18 20:46:00,43.2719,43.2719,43.2719,43.2719,304
2025-02-18 20:49:00,43.31,43.31,43.31,43.31,912
2025-02-18 20:50:00,43.37,43.39,43.36,43.36,2037
2025-02-18 20:51:00,43.37,43.37,43.37,43.37,332
2025-02-18 20:52:00,43.37,43.37,43.37,43.37,218
2025-02-18 20:53:00,43.36,43.36,43.325,43.325,1171
2025-02-18 20:54:00,43.32,43.32,43.305,43.305,1074
2025-02-18 20:55:00,43.32,43.425,43.32,43.425,2248
2025-02-18 20:56:00,43.43,43.448,43.43,43.44,1827
2025-02-18 20:57:00,43.43,43.44,43.42,43.44,3652
2025-02-18 20:58:00,43.43,43.45,43.4,43.4,3371
2025-02-18 20:59:00,43.4,43.47,43.395,43.47,6118
2025-02-18 21:11:00,43.44,43.44,43.44,43.44,183
2025-02-19 00:47:00,43.9864,43.9864,43.9864,43.9864,2000
2025-02-19 00:54:00,43.85,43.85,43.85,43.85,2000
2025-02-19 00:55:00,43.85,43.85,43.85,43.85,645
2025-02-19 00:58:00,43.99,43.99,43.99,43.99,450
2025-02-19 09:41:00,44.5,44.5,44.5,44.5,176
2025-02-19 12:00:00,44.52,44.52,44.52,44.52,292
2025-02-19 13:08:00,44.8181,44.8181,44.8181,44.8181,270
2025-02-19 13:19:00,44.55,44.55,44.5,44.5,910
2025-02-19 14:30:00,44.37,44.5,44.37,44.49,3347
2025-02-19 14:34:00,44.42,44.435,44.4,44.435,344
2025-02-19 14:35:00,44.42,44.435,44.38,44.38,3027
2025-02-19 14:36:00,44.39,44.39,44.35,44.37,3191
2025-02-19 14:41:00,44.45,44.45,44.45,44.45,200
2025-02-19 14:43:00,44.44,44.45,44.415,44.415,968
2025-02-19 14:44:00,44.45,44.45,44.4465,44.4465,2084
2025-02-19 14:45:00,44.42,44.42,44.42,44.42,206
2025-02-19 14:46:00,44.45,44.47,44.45,44.45,844
2025-02-19 14:47:00,44.49,44.49,44.49,44.49,290
2025-02-19 14:49:00,44.48,44.48,44.455,44.455,2790
2025-02-19 14:50:00,44.43,44.43,44.375,44.4,3265
2025-02-19 14:51:00,44.4,44.4258,44.4,44.4,2782
2025-02-19 14:54:00,44.415,44.46,44.415,44.46,766
2025-02-19 14:55:00,44.46,44.5,44.46,44.5,4472
2025-02-19 14:58:00,44.51,44.546,44.51,44.51,1515
2025-02-19 14:59:00,44.4793,44.4793,44.4793,44.4793,127
2025-02-19 15:00:00,44.49,44.49,44.49,44.49,225
2025-02-19 15:01:00,44.4799,44.4799,44.4799,44.4799,263
2025-02-19 15:03:00,44.4811,44.4811,44.4811,44.4811,1211
2025-02-19 15:05:00,44.56,44.56,44.56,44.56,318
2025-02-19 15:08:00,44.547,44.547,44.547,44.547,159
2025-02-19 15:10:00,44.52,44.5813,44.52,44.5813,2190
2025-02-19 15:11:00,44.61,44.61,44.585,44.585,258
2025-02-19 15:12:00,44.62,44.62,44.62,44.62,2511
2025-02-19 15:13:00,44.647,44.65,44.647,44.65,405
2025-02-19 15:15:00,44.64,44.64,44.64,44.64,184
2025-02-19 15:19:00,44.64,44.64,44.64,44.64,166
2025-02-19 15:20:00,44.67,44.67,44.61,44.64,646
2025-02-19 15:21:00,44.64,44.64,44.64,44.64,215
2025-02-19 15:22:00,44.66,44.66,44.66,44.66,224
2025-02-19 15:24:00,44.61,44.64,44.61,44.64,750
2025-02-19 15:25:00,44.635,44.635,44.635,44.635,431
2025-02-19 15:28:00,44.667,44.667,44.667,44.667,266
2025-02-19 15:30:00,44.62,44.64,44.62,44.64,425
2025-02-19 15:31:00,44.65,44.67,44.64,44.65,2332
2025-02-19 15:33:00,44.62,44.62,44.61,44.61,459
2025-02-19 15:35:00,44.64,44.64,44.64,44.64,102
2025-02-19 15:39:00,44.646,44.646,44.646,44.646,200
2025-02-19 15:40:00,44.575,44.61,44.57,44.58,1485
2025-02-19 15:42:00,44.57,44.595,44.56,44.595,3003
2025-02-19 15:46:00,44.6,44.6,44.6,44.6,267
2025-02-19 15:48:00,44.58,44.58,44.49,44.5,2102
2025-02-19 15:50:00,44.425,44.425,44.425,44.425,102
2025-02-19 15:53:00,44.48,44.48,44.44,44.48,475
2025-02-19 15:54:00,44.47,44.47,44.47,44.47,264
2025-02-19 15:55:00,44.47,44.47,44.47,44.47,410
2025-02-19 15:56:00,44.47,44.47,44.42,44.42,1023
2025-02-19 15:58:00,44.385,44.385,44.385,44.385,584
2025-02-19 15:59:00,44.325,44.325,44.325,44.325,130
2025-02-19 16:01:00,44.37,44.37,44.37,44.37,312
2025-02-19 16:02:00,44.365,44.365,44.365,44.365,122
2025-02-19 16:03:00,44.33,44.365,44.33,44.365,308
2025-02-19 16:06:00,44.365,44.365,44.365,44.365,108
2025-02-19 16:08:00,44.4055,44.4055,44.37,44.37,318
2025-02-19 16:10:00,44.37,44.37,44.37,44.37,125
2025-02-19 16:12:00,44.365,44.365,44.365,44.365,291
2025-02-19 16:13:00,44.4055,44.4055,44.365,44.365,312
2025-02-19 16:15:00,44.365,44.41,44.33,44.355,4048
2025-02-19 16:16:00,44.355,44.395,44.355,44.395,299
2025-02-19 16:17:00,44.405,44.405,44.405,44.405,200
2025-02-19 16:18:00,44.41,44.42,44.41,44.42,861
2025-02-19 16:19:00,44.45,44.45,44.405,44.405,302
2025-02-19 16:20:00,44.45,44.45,44.45,44.45,223
2025-02-19 16:21:00,44.41,44.49,44.41,44.49,903
2025-02-19 16:22:00,44.477,44.477,44.477,44.477,101
2025-02-19 16:24:00,44.49,44.49,44.48,44.48,770
2025-02-19 16:25:00,44.4825,44.4825,44.4825,44.4825,103
2025-02-19 16:28:00,44.475,44.475,44.45,44.47,1470
2025-02-19 16:29:00,44.46,44.46,44.44,44.45,1055
2025-02-19 16:31:00,44.415,44.415,44.415,44.415,100
2025-02-19 16:33:00,44.38,44.38,44.38,44.38,183
2025-02-19 16:34:00,44.46,44.46,44.46,44.46,166
2025-02-19 16:35:00,44.4599,44.4599,44.4599,44.4599,134
2025-02-19 16:37:00,44.44,44.44,44.44,44.44,263
2025-02-19 16:38:00,44.43,44.43,44.43,44.43,287
2025-02-19 16:41:00,44.45,44.45,44.45,44.45,220
2025-02-19 16:43:00,44.43,44.43,44.4075,44.4075,220
2025-02-19 16:44:00,44.43,44.43,44.43,44.43,200
2025-02-19 16:47:00,44.4,44.405,44.36,44.36,2483
2025-02-19 16:48:00,44.35,44.35,44.35,44.35,558
2025-02-19 16:49:00,44.33,44.33,44.32,44.32,748
2025-02-19 16:50:00,44.3,44.3,44.3,44.3,100
2025-02-19 16:53:00,44.356,44.356,44.356,44.356,178
2025-02-19 16:54:00,44.35,44.35,44.35,44.35,552
2025-02-19 16:55:00,44.3543,44.3543,44.3543,44.3543,201
2025-02-19 16:56:00,44.36,44.36,44.3425,44.3425,301
2025-02-19 16:59:00,44.34,44.34,44.34,44.34,195
2025-02-19 17:04:00,44.339,44.385,44.32,44.385,5359
2025-02-19 17:05:00,44.385,44.385,44.385,44.385,274
2025-02-19 17:07:00,44.3745,44.3745,44.3745,44.3745,192
2025-02-19 17:09:00,44.382,44.382,44.37,44.37,361
2025-02-19 17:11:00,44.37,44.37,44.37,44.37,183
2025-02-19 17:16:00,44.37,44.37,44.34,44.34,959
2025-02-19 17:17:00,44.315,44.315,44.26,44.26,1315
2025-02-19 17:19:00,44.28,44.28,44.28,44.28,983
2025-02-19 17:20:00,44.2807,44.2807,44.256,44.256,764
2025-02-19 17:22:00,44.26,44.26,44.26,44.26,337
2025-02-19 17:25:00,44.25,44.25,44.22,44.22,1124
2025-02-19 17:26:00,44.21,44.21,44.19,44.19,747
2025-02-19 17:33:00,44.2207,44.2207,44.16,44.16,961
2025-02-19 17:34:00,44.185,44.185,44.185,44.185,125
2025-02-19 17:37:00,44.19,44.19,44.19,44.19,213
2025-02-19 17:39:00,44.18,44.18,44.18,44.18,291
2025-02-19 17:40:00,44.185,44.21,44.185,44.21,1953
2025-02-19 17:41:00,44.22,44.22,44.22,44.22,549
2025-02-19 17:42:00,44.22,44.22,44.22,44.22,171
2025-02-19 17:44:00,44.23,44.25,44.23,44.25,714
2025-02-19 17:45:00,44.25,44.25,44.25,44.25,168
2025-02-19 17:46:00,44.25,44.25,44.25,44.25,202
2025-02-19 17:47:00,44.25,44.25,44.25,44.25,195
2025-02-19 17:49:00,44.28,44.29,44.255,44.29,846
2025-02-19 17:54:00,44.3,44.31,44.3,44.31,1628
2025-02-19 17:56:00,44.34,44.34,44.34,44.34,101
2025-02-19 18:01:00,44.345,44.345,44.345,44.345,165
2025-02-19 18:02:00,44.345,44.345,44.31,44.31,337
2025-02-19 18:07:00,44.34,44.36,44.31,44.34,1069
2025-02-19 18:10:00,44.34,44.35,44.34,44.35,590
2025-02-19 18:11:00,44.3525,44.3525,44.3525,44.3525,101
2025-02-19 18:12:00,44.335,44.335,44.305,44.305,944
2025-02-19 18:14:00,44.31,44.32,44.31,44.32,642
2025-02-19 18:15:00,44.337,44.337,44.337,44.337,200
2025-02-19 18:16:00,44.34,44.36,44.34,44.36,426
2025-02-19 18:19:00,44.4,44.4,44.38,44.38,519
2025-02-19 18:21:00,44.38,44.38,44.38,44.38,205
2025-02-19 18:22:00,44.404,44.404,44.404,44.404,593
2025-02-19 18:24:00,44.38,44.38,44.37,44.37,265
2025-02-19 18:25:00,44.37,44.37,44.31,44.31,2395
2025-02-19 18:30:00,44.33,44.33,44.33,44.33,631
2025-02-19 18:33:00,44.34,44.358,44.34,44.345,789
2025-02-19 18:34:00,44.36,44.36,44.36,44.36,361
2025-02-19 18:36:00,44.4,44.4,44.4,44.4,514
2025-02-19 18:38:00,44.37,44.37,44.36,44.36,750
2025-02-19 18:42:00,44.39,44.4,44.39,44.4,228
2025-02-19 18:43:00,44.395,44.395,44.38,44.38,692
2025-02-19 18:44:00,44.37,44.37,44.37,44.37,122
2025-02-19 18:47:00,44.39,44.39,44.39,44.39,341
2025-02-19 18:49:00,44.38,44.38,44.38,44.38,172
2025-02-19 18:51:00,44.38,44.38,44.38,44.38,953
2025-02-19 18:52:00,44.36,44.37,44.36,44.37,770
2025-02-19 18:53:00,44.35,44.35,44.35,44.35,254
2025-02-19 18:54:00,44.35,44.35,44.35,44.35,600
2025-02-19 18:55:00,44.345,44.345,44.345,44.345,100
2025-02-19 18:58:00,44.3575,44.3575,44.3575,44.3575,340
2025-02-19 18:59:00,44.325,44.325,44.325,44.325,416
2025-02-19 19:00:00,44.3,44.3,44.27,44.27,1157
2025-02-19 19:03:00,44.3,44.33,44.3,44.315,1653
2025-02-19 19:04:00,44.31,44.33,44.31,44.33,476
2025-02-19 19:08:00,44.3575,44.3575,44.3575,44.3575,305
2025-02-19 19:09:00,44.36,44.39,44.36,44.39,2125
2025-02-19 19:14:00,44.43,44.47,44.43,44.46,599
2025-02-19 19:15:00,44.46,44.484,44.46,44.484,719
2025-02-19 19:18:00,44.5,44.52,44.5,44.51,803
2025-02-19 19:21:00,44.54,44.54,44.54,44.54,125
2025-02-19 19:23:00,44.55,44.55,44.52,44.52,1127
2025-02-19 19:24:00,44.57,44.57,44.57,44.57,173
2025-02-19 19:25:00,44.58,44.58,44.58,44.58,338
2025-02-19 19:29:00,44.55,44.56,44.54,44.56,1033
2025-02-19 19:30:00,44.56,44.56,44.56,44.56,159
2025-02-19 19:32:00,44.54,44.54,44.52,44.52,622
2025-02-19 19:35:00,44.535,44.535,44.535,44.535,182
2025-02-19 19:38:00,44.525,44.525,44.515,44.515,442
2025-02-19 19:39:00,44.515,44.515,44.515,44.515,279
2025-02-19 19:42:00,44.49,44.52,44.49,44.52,1485
2025-02-19 19:43:00,44.47,44.47,44.47,44.47,200
2025-02-19 19:49:00,44.505,44.505,44.505,44.505,789
2025-02-19 19:52:00,44.5,44.5,44.465,44.465,349
2025-02-19 19:55:00,44.47,44.47,44.47,44.47,101
2025-02-19 20:02:00,44.465,44.465,44.465,44.465,142
2025-02-19 20:03:00,44.4545,44.4545,44.4545,44.4545,127
2025-02-19 20:07:00,44.49,44.51,44.49,44.51,1537
2025-02-19 20:08:00,44.49,44.49,44.49,44.49,327
2025-02-19 20:14:00,44.485,44.49,44.485,44.49,1036
2025-02-19 20:15:00,44.49,44.49,44.48,44.48,626
2025-02-19 20:17:00,44.5,44.51,44.5,44.51,1204
2025-02-19 20:18:00,44.52,44.52,44.52,44.52,404
2025-02-19 20:19:00,44.53,44.53,44.53,44.53,231
2025-02-19 20:20:00,44.525,44.525,44.525,44.525,165
2025-02-19 20:22:00,44.51,44.52,44.5,44.52,398
2025-02-19 20:23:00,44.495,44.495,44.495,44.495,287
2025-02-19 20:24:00,44.5,44.5,44.5,44.5,326
2025-02-19 20:26:00,44.495,44.53,44.495,44.53,1150
2025-02-19 20:27:00,44.49,44.49,44.49,44.49,399
2025-02-19 20:30:00,44.48,44.5,44.47,44.5,949
2025-02-19 20:31:00,44.52,44.52,44.52,44.52,258
2025-02-19 20:33:00,44.5508,44.5508,44.55,44.55,464
2025-02-19 20:37:00,44.53,44.53,44.53,44.53,310
2025-02-19 20:38:00,44.51,44.515,44.51,44.515,302
2025-02-19 20:41:00,44.5,44.5,44.49,44.49,657
2025-02-19 20:42:00,44.51,44.51,44.5095,44.5095,605
2025-02-19 20:45:00,44.49,44.49,44.49,44.49,216
2025-02-19 20:48:00,44.49,44.49,44.48,44.49,1067
2025-02-19 20:49:00,44.48,44.48,44.48,44.48,471
2025-02-19 20:50:00,44.5,44.5295,44.5,44.505,2456
2025-02-19 20:51:00,44.49,44.49,44.49,44.49,354
2025-02-19 20:52:00,44.49,44.49,44.49,44.49,167
2025-02-19 20:54:00,44.48,44.48,44.47,44.47,417
2025-02-19 20:55:00,44.47,44.47,44.45,44.455,3634
2025-02-19 20:56:00,44.45,44.45,44.43,44.45,2384
2025-02-19 20:57:00,44.44,44.445,44.44,44.44,742
2025-02-19 20:58:00,44.445,44.445,44.42,44.44,4839
2025-02-19 20:59:00,44.43,44.46,44.42,44.42,9053
2025-02-20 00:27:00,44.6,44.6,44.6,44.6,100
2025-02-20 00:28:00,44.6,44.6,44.6,44.6,1900
2025-02-20 00:38:00,44.7,45.0,44.7,45.0,1999
2025-02-20 12:12:00,46.02,46.02,46.0,46.0,325
2025-02-20 13:00:00,46.4524,46.4524,46.4524,46.4524,21037
2025-02-20 13:05:00,46.11,46.11,46.09,46.1,1250
2025-02-20 13:06:00,46.15,46.15,46.15,46.15,135
2025-02-20 13:50:00,46.11,46.11,46.1,46.1,300
2025-02-20 13:54:00,46.1,46.1,46.1,46.1,264
2025-02-20 14:20:00,46.11,46.11,46.1,46.1,2000
2025-02-20 14:30:00,46.36,46.36,46.2374,46.34,4632
2025-02-20 14:31:00,46.365,46.365,46.365,46.365,154
2025-02-20 14:32:00,46.3,46.3727,46.28,46.3,1903
2025-02-20 14:33:00,46.33,46.6277,46.33,46.6277,3768
2025-02-20 14:35:00,46.61,46.89,46.61,46.86,9933
2025-02-20 14:36:00,46.84,46.84,46.84,46.84,301
2025-02-20 14:38:00,46.7995,47.0,46.7995,46.93,2523
2025-02-20 14:40:00,46.9987,47.05,46.98,47.05,2294
2025-02-20 14:41:00,47.08,47.08,47.08,47.08,172
2025-02-20 14:43:00,46.99,46.99,46.99,46.99,278
2025-02-20 14:45:00,47.0,47.0,47.0,47.0,294
2025-02-20 14:47:00,46.78,46.81,46.77,46.77,687
2025-02-20 14:48:00,46.864,46.864,46.76,46.76,452
2025-02-20 14:49:00,46.71,46.71,46.71,46.71,640
2025-02-20 14:50:00,46.765,46.79,46.765,46.79,232
2025-02-20 14:52:00,46.75,46.75,46.75,46.75,329
2025-02-20 14:53:00,46.77,46.77,46.71,46.71,586
2025-02-20 14:56:00,46.8676,46.8676,46.8676,46.8676,1461
2025-02-20 14:57:00,46.65,46.65,46.65,46.65,152
2025-02-20 14:58:00,46.65,46.65,46.4801,46.4801,1080
2025-02-20 15:00:00,46.52,46.52,46.52,46.52,320
2025-02-20 15:01:00,46.49,46.555,46.48,46.555,2431
2025-02-20 15:02:00,46.62,46.63,46.62,46.63,907
2025-02-20 15:03:00,46.68,46.68,46.68,46.68,577
2025-02-20 15:04:00,46.64,46.64,46.64,46.64,447
2025-02-20 15:06:00,46.59,46.59,46.59,46.59,317
2025-02-20 15:08:00,46.56,46.56,46.56,46.56,135
2025-02-20 15:10:00,46.55,46.605,46.54,46.56,1265
2025-02-20 15:11:00,46.55,46.55,46.55,46.55,101
2025-02-20 15:12:00,46.605,46.605,46.54,46.56,1454
2025-02-20 15:14:00,46.49,46.49,46.49,46.49,400
2025-02-20 15:17:00,46.49,46.49,46.45,46.45,514
2025-02-20 15:18:00,46.475,46.475,46.475,46.475,188
2025-02-20 15:20:00,46.5,46.62,46.495,46.62,1638
2025-02-20 15:21:00,46.6,46.6,46.6,46.6,237
2025-02-20 15:22:00,46.6,46.62,46.54,46.61,6120
2025-02-20 15:23:00,46.63,46.64,46.63,46.64,956
2025-02-20 15:26:00,46.6091,46.6091,46.53,46.53,1249
2025-02-20 15:29:00,46.4813,46.545,46.4813,46.545,323
2025-02-20 15:30:00,46.48,46.5,46.48,46.5,445
2025-02-20 15:33:00,46.44,46.44,46.38,46.43,2153
2025-02-20 15:36:00,46.41,46.605,46.41,46.605,5957
2025-02-20 15:37:00,46.6,46.6,46.58,46.58,972
2025-02-20 15:38:00,46.555,46.61,46.555,46.61,620
2025-02-20 15:43:00,46.587,46.587,46.4946,46.555,1092
2025-02-20 15:44:00,46.555,46.555,46.555,46.555,409
2025-02-20 15:48:00,46.555,46.555,46.5355,46.5355,349
2025-02-20 15:51:00,46.555,46.555,46.555,46.555,144
2025-02-20 15:53:00,46.555,46.604,46.55,46.55,641
2025-02-20 15:54:00,46.6,46.61,46.595,46.595,1087
2025-02-20 15:57:00,46.5031,46.5031,46.5031,46.5031,155
2025-02-20 15:59:00,46.57,46.6,46.56,46.56,2218
2025-02-20 16:00:00,46.55,46.55,46.55,46.55,823
2025-02-20 16:01:00,46.56,46.56,46.46,46.48,1179
2025-02-20 16:03:00,46.38,46.4,46.38,46.4,518
2025-02-20 16:04:00,46.41,46.46,46.41,46.46,1217
2025-02-20 16:05:00,46.49,46.49,46.46,46.46,287
2025-02-20 16:07:00,46.51,46.52,46.51,46.52,235
2025-02-20 16:08:00,46.46,46.55,46.46,46.55,368
2025-02-20 16:10:00,46.55,46.55,46.55,46.55,477
2025-02-20 16:12:00,46.54,46.54,46.54,46.54,219
2025-02-20 16:13:00,46.53,46.53,46.53,46.53,569
2025-02-20 16:15:00,46.52,46.58,46.52,46.58,1384
2025-02-20 16:16:00,46.56,46.56,46.56,46.56,230
2025-02-20 16:17:00,46.596,46.6,46.59,46.6,1084
2025-02-20 16:19:00,46.6567,46.67,46.608,46.608,1620
2025-02-20 16:22:00,46.625,46.65,46.625,46.65,338
2025-02-20 16:23:00,46.61,46.61,46.61,46.61,604
2025-02-20 16:25:00,46.585,46.585,46.585,46.585,245
2025-02-20 16:26:00,46.595,46.595,46.595,46.595,550
2025-02-20 16:27:00,46.585,46.585,46.585,46.585,148
2025-02-20 16:28:00,46.53,46.65,46.53,46.58,2634
2025-02-20 16:29:00,46.53,46.61,46.53,46.61,1827
2025-02-20 16:32:00,46.59,46.59,46.59,46.59,105
2025-02-20 16:33:00,46.59,46.59,46.59,46.59,129
2025-02-20 16:35:00,46.575,46.575,46.575,46.575,318
2025-02-20 16:36:00,46.55,46.55,46.535,46.535,1558
2025-02-20 16:37:00,46.52,46.525,46.5,46.5,1062
2025-02-20 16:38:00,46.52,46.52,46.52,46.52,238
2025-02-20 16:39:00,46.56,46.56,46.52,46.52,696
2025-02-20 16:41:00,46.56,46.56,46.56,46.56,514
2025-02-20 16:42:00,46.556,46.556,46.556,46.556,746
2025-02-20 16:43:00,46.549,46.549,46.549,46.549,260
2025-02-20 16:44:00,46.56,46.56,46.56,46.56,974
2025-02-20 16:45:00,46.54,46.54,46.54,46.54,381
2025-02-20 16:47:00,46.59,46.59,46.59,46.59,514
2025-02-20 16:48:00,46.58,46.58,46.555,46.555,361
2025-02-20 16:49:00,46.6,46.6,46.6,46.6,622
2025-02-20 16:51:00,46.6,46.6,46.6,46.6,570
2025-02-20 16:53:00,46.5955,46.61,46.5955,46.61,1818
2025-02-20 16:54:00,46.58,46.58,46.575,46.575,231
2025-02-20 16:55:00,46.56,46.61,46.555,46.61,747
2025-02-20 16:57:00,46.6,46.61,46.6,46.61,549
2025-02-20 16:58:00,46.6,46.6,46.59,46.6,705
2025-02-20 16:59:00,46.6,46.6,46.55,46.55,1015
2025-02-20 17:00:00,46.55,46.55,46.55,46.55,350
2025-02-20 17:04:00,46.48,46.48,46.48,46.48,113
2025-02-20 17:05:00,46.53,46.53,46.53,46.53,225
2025-02-20 17:08:00,46.56,46.5717,46.53,46.5717,1329
2025-02-20 17:09:00,46.535,46.58,46.52,46.52,1066
2025-02-20 17:10:00,46.545,46.545,46.545,46.545,166
2025-02-20 17:11:00,46.5215,46.57,46.5215,46.57,1194
2025-02-20 17:14:00,46.55,46.55,46.55,46.55,526
2025-02-20 17:15:00,46.545,46.58,46.545,46.58,2599
2025-02-20 17:16:00,46.555,46.555,46.5252,46.5252,1743
2025-02-20 17:17:00,46.55,46.59,46.55,46.59,706
2025-02-20 17:18:00,46.59,46.61,46.55,46.61,3557
2025-02-20 17:19:00,46.61,46.61,46.61,46.61,313
2025-02-20 17:23:00,46.67,46.68,46.67,46.68,437
2025-02-20 17:24:00,46.7,46.7,46.7,46.7,429
2025-02-20 17:27:00,46.76,46.76,46.76,46.76,244
2025-02-20 17:28:00,46.765,46.765,46.765,46.765,219
2025-02-20 17:29:00,46.7633,46.7633,46.7633,46.7633,476
2025-02-20 17:30:00,46.78,46.78,46.78,46.78,482
2025-02-20 17:33:00,46.78,46.78,46.78,46.78,188
2025-02-20 17:34:00,46.73,46.73,46.715,46.715,1218
2025-02-20 17:39:00,46.65,46.65,46.65,46.65,128
2025-02-20 17:40:00,46.6729,46.68,46.6729,46.68,700
2025-02-20 17:41:00,46.703,46.703,46.703,46.703,237
2025-02-20 17:44:00,46.665,46.665,46.58,46.58,849
2025-02-20 17:54:00,46.4892,46.4892,46.4892,46.4892,166
2025-02-20 17:55:00,46.5,46.5,46.49,46.49,478
2025-02-20 17:56:00,46.48,46.515,46.48,46.515,1131
2025-02-20 17:57:00,46.515,46.515,46.515,46.515,164
2025-02-20 17:58:00,46.515,46.515,46.515,46.515,161
2025-02-20 18:00:00,46.5,46.5016,46.5,46.5016,899
2025-02-20 18:04:00,46.53,46.53,46.52,46.52,332
2025-02-20 18:10:00,46.54,46.54,46.54,46.54,910
2025-02-20 18:11:00,46.55,46.55,46.55,46.55,114
2025-02-20 18:13:00,46.5731,46.5731,46.55,46.55,1687
2025-02-20 18:15:00,46.56,46.56,46.56,46.56,562
2025-02-20 18:16:00,46.577,46.577,46.577,46.577,527
2025-02-20 18:20:00,46.58,46.58,46.58,46.58,206
2025-02-20 18:21:00,46.5501,46.56,46.53,46.53,2121
2025-02-20 18:22:00,46.475,46.475,46.47,46.47,886
2025-02-20 18:23:00,46.49,46.53,46.49,46.53,1171
2025-02-20 18:35:00,46.58,46.585,46.57,46.585,459
2025-02-20 18:38:00,46.615,46.615,46.6,46.6,274
2025-02-20 18:39:00,46.61,46.61,46.61,46.61,116
2025-02-20 18:41:00,46.615,46.615,46.615,46.615,104
2025-02-20 18:42:00,46.615,46.615,46.615,46.615,184
2025-02-20 18:46:00,46.65,46.65,46.65,46.65,176
2025-02-20 18:51:00,46.6,46.6,46.6,46.6,253
2025-02-20 18:52:00,46.6,46.6,46.6,46.6,470
2025-02-20 18:56:00,46.61,46.63,46.61,46.63,644
2025-02-20 19:00:00,46.625,46.625,46.625,46.625,108
2025-02-20 19:05:00,46.65,46.71,46.6316,46.68,2595
2025-02-20 19:09:00,46.64,46.64,46.63,46.63,314
2025-02-20 19:12:00,46.655,46.655,46.655,46.655,108
2025-02-20 19:18:00,46.645,46.645,46.645,46.645,226
2025-02-20 19:20:00,46.6,46.6,46.6,46.6,372
2025-02-20 19:21:00,46.65,46.65,46.65,46.65,136
2025-02-20 19:22:00,46.6,46.6,46.6,46.6,271
2025-02-20 19:25:00,46.58,46.58,46.57,46.57,476
2025-02-20 19:32:00,46.57,46.57,46.57,46.57,125
2025-02-20 19:34:00,46.59,46.59,46.59,46.59,124
2025-02-20 19:36:00,46.59,46.59,46.58,46.59,868
2025-02-20 19:37:00,46.575,46.575,46.575,46.575,189
2025-02-20 19:38:00,46.58,46.59,46.58,46.58,1030
2025-02-20 19:47:00,46.6,46.61,46.6,46.61,874
2025-02-20 19:48:00,46.6,46.63,46.6,46.63,365
2025-02-20 19:52:00,46.62,46.62,46.62,46.62,406
2025-02-20 19:53:00,46.635,46.635,46.61,46.61,437
2025-02-20 19:59:00,46.61,46.61,46.61,46.61,456
2025-02-20 20:00:00,46.61,46.61,46.61,46.61,187
2025-02-20 20:07:00,46.59,46.61,46.56,46.56,1736
2025-02-20 20:08:00,46.55,46.55,46.55,46.55,416
2025-02-20 20:11:00,46.52,46.52,46.51,46.51,1128
2025-02-20 20:12:00,46.5,46.51,46.5,46.51,2076
2025-02-20 20:13:00,46.5,46.5149,46.5,46.5,1594
2025-02-20 20:14:00,46.47,46.47,46.47,46.47,235
2025-02-20 20:16:00,46.48,46.48,46.46,46.47,1457
2025-02-20 20:18:00,46.475,46.49,46.475,46.49,1292
2025-02-20 20:23:00,46.51,46.51,46.5,46.5,832
2025-02-20 20:25:00,46.5,46.52,46.5,46.52,1218
2025-02-20 20:26:00,46.52,46.52,46.52,46.52,575
2025-02-20 20:28:00,46.49,46.49,46.49,46.49,129
2025-02-20 20:29:00,46.5,46.5,46.485,46.485,890
2025-02-20 20:30:00,46.475,46.475,46.475,46.475,497
2025-02-20 20:31:00,46.46,46.49,46.46,46.49,595
2025-02-20 20:34:00,46.4887,46.5,46.4887,46.5,533
2025-02-20 20:35:00,46.5,46.5,46.5,46.5,114
2025-02-20 20:36:00,46.51,46.51,46.495,46.495,2201
2025-02-20 20:37:00,46.5,46.5,46.485,46.485,200
2025-02-20 20:38:00,46.46,46.48,46.46,46.47,837
2025-02-20 20:39:00,46.49,46.49,46.47,46.47,875
2025-02-20 20:40:00,46.49,46.49,46.49,46.49,434
2025-02-20 20:41:00,46.49,46.49,46.49,46.49,502
2025-02-20 20:42:00,46.5,46.5,46.5,46.5,111
2025-02-20 20:45:00,46.53,46.53,46.51,46.51,365
2025-02-20 20:47:00,46.5,46.5,46.5,46.5,402
2025-02-20 20:48:00,46.52,46.52,46.52,46.52,1211
2025-02-20 20:49:00,46.54,46.56,46.54,46.56,406
2025-02-20 20:50:00,46.59,46.655,46.59,46.655,371
2025-02-20 20:54:00,46.58,46.59,46.58,46.59,1046
2025-02-20 20:55:00,46.58,46.59,46.56,46.565,3570
2025-02-20 20:56:00,46.57,46.58,46.55,46.55,3057
2025-02-20 20:57:00,46.55,46.57,46.545,46.545,1992
2025-02-20 20:58:00,46.54,46.55,46.54,46.54,3630
2025-02-20 20:59:00,46.55,46.56,46.48,46.48,8456
2025-02-20 21:17:00,46.71,46.81,46.71,46.81,341
2025-02-21 00:02:00,46.9999,46.9999,46.9999,46.9999,2050
2025-02-21 00:05:00,46.95,47.0,46.95,47.0,2162
2025-02-21 00:11:00,47.25,47.25,47.25,47.25,200
2025-02-21 00:12:00,47.25,47.5,47.25,47.5,200
2025-02-21 00:13:00,47.5,47.5,47.5,47.5,100
2025-02-21 00:14:00,47.74,47.75,47.74,47.75,200
2025-02-21 00:17:00,47.8,47.8,47.8,47.8,105
2025-02-21 00:20:00,47.89,47.89,47.89,47.89,100
2025-02-21 00:22:00,47.92,47.92,47.91,47.92,3660
2025-02-21 00:27:00,48.0,48.0,48.0,48.0,100
2025-02-21 09:13:00,48.37,48.37,48.37,48.37,100
2025-02-21 12:09:00,48.26,48.26,47.92,47.92,3685
2025-02-21 12:20:00,48.01,48.12,48.0,48.05,3168
2025-02-21 12:28:00,48.0,48.0,48.0,48.0,100
2025-02-21 13:00:00,48.4407,48.4407,48.4407,48.4407,599
2025-02-21 13:30:00,48.06,48.06,48.06,48.06,218
2025-02-21 13:56:00,48.14,48.14,48.14,48.14,160
2025-02-21 13:59:00,48.63,48.63,48.63,48.63,100
2025-02-21 14:30:00,48.43,48.805,48.43,48.805,769
2025-02-21 14:33:00,48.68,48.68,48.67,48.67,1222
2025-02-21 14:34:00,48.67,48.67,48.63,48.63,712
2025-02-21 14:35:00,48.62,48.66,48.46,48.46,513
2025-02-21 14:36:00,48.42,48.42,48.42,48.42,298
2025-02-21 14:38:00,48.49,48.49,48.02,48.15,12169
2025-02-21 14:39:00,48.06,48.09,47.81,47.81,10956
2025-02-21 14:41:00,47.96,48.28,47.96,48.085,3444
2025-02-21 14:42:00,48.065,48.19,48.065,48.1,1348
2025-02-21 14:43:00,48.025,48.025,48.025,48.025,108
2025-02-21 14:44:00,48.07,48.07,48.07,48.07,204
2025-02-21 14:45:00,47.95,47.95,47.88,47.895,1852
2025-02-21 14:46:00,48.01,48.11,47.96,48.11,4307
2025-02-21 14:47:00,47.99,48.11,47.96,48.0,1561
2025-02-21 14:48:00,47.98,48.0,47.98,48.0,434
2025-02-21 14:49:00,48.025,48.025,48.025,48.025,103
2025-02-21 14:51:00,47.98,47.98,47.95,47.95,3377
2025-02-21 14:52:00,47.93,48.0,47.93,48.0,412
2025-02-21 14:55:00,47.92,47.95,47.73,47.79,3975
2025-02-21 14:56:00,47.69,47.69,47.68,47.68,694
2025-02-21 14:57:00,47.56,47.56,47.56,47.56,473
2025-02-21 14:58:00,47.44,47.5,47.36,47.36,1440
2025-02-21 15:00:00,47.49,47.49,47.46,47.47,895
2025-02-21 15:01:00,47.37,47.38,47.36,47.36,1419
2025-02-21 15:03:00,47.36,47.435,47.34,47.34,1644
2025-02-21 15:04:00,47.36,47.36,47.19,47.2116,2051
2025-02-21 15:06:00,47.14,47.16,47.13,47.13,468
2025-02-21 15:07:00,46.94,46.95,46.905,46.905,1674
2025-02-21 15:08:00,46.905,46.92,46.905,46.91,803
2025-02-21 15:09:00,46.92,47.11,46.91,47.11,2511
2025-02-21 15:10:00,47.1,47.17,47.05,47.05,788
2025-02-21 15:11:00,47.07,47.07,47.015,47.015,219
2025-02-21 15:12:00,47.02,47.02,47.015,47.015,271
2025-02-21 15:15:00,47.105,47.11,47.04,47.09,2201
2025-02-21 15:16:00,47.095,47.2,47.095,47.2,2640
2025-02-21 15:17:00,47.16,47.335,47.16,47.335,3904
2025-02-21 15:18:00,47.39,47.395,47.39,47.395,408
2025-02-21 15:19:00,47.3773,47.4,47.3773,47.4,526
2025-02-21 15:20:00,47.395,47.395,47.395,47.395,139
2025-02-21 15:21:00,47.4,47.4,47.4,47.4,351
2025-02-21 15:22:00,47.405,47.405,47.405,47.405,100
2025-02-21 15:23:00,47.4,47.45,47.4,47.45,647
2025-02-21 15:24:00,47.35,47.39,47.33,47.39,2316
2025-02-21 15:25:00,47.34,47.4,47.33,47.4,3673
2025-02-21 15:26:00,47.43,47.43,47.38,47.38,456
2025-02-21 15:28:00,47.38,47.38,47.38,47.38,136
2025-02-21 15:29:00,47.33,47.34,47.32,47.32,2321
2025-02-21 15:30:00,47.32,47.32,47.22,47.22,892
2025-02-21 15:32:00,47.13,47.3,47.13,47.3,1275
2025-02-21 15:34:00,47.16,47.26,47.16,47.26,301
2025-02-21 15:35:00,47.205,47.205,47.205,47.205,202
2025-02-21 15:36:00,47.205,47.205,47.205,47.205,425
2025-02-21 15:37:00,47.165,47.17,47.165,47.17,557
2025-02-21 15:38:00,47.165,47.165,47.165,47.165,218
2025-02-21 15:39:00,47.08,47.165,47.08,47.165,301
2025-02-21 15:40:00,47.03,47.25,47.03,47.175,1164
2025-02-21 15:42:00,47.1,47.1,47.1,47.1,101
2025-02-21 15:44:00,47.09,47.165,47.09,47.165,617
2025-02-21 15:45:00,47.204,47.21,47.155,47.155,1402
2025-02-21 15:46:00,47.1845,47.21,47.1845,47.21,1588
2025-02-21 15:47:00,47.21,47.21,47.21,47.21,215
2025-02-21 15:48:00,47.155,47.155,47.155,47.155,100
2025-02-21 15:49:00,47.23,47.23,47.23,47.23,234
2025-02-21 15:50:00,47.155,47.155,47.155,47.155,222
2025-02-21 15:51:00,47.155,47.23,47.155,47.23,1007
2025-02-21 15:53:00,47.23,47.23,47.23,47.23,612
2025-02-21 15:54:00,47.12,47.12,47.12,47.12,105
2025-02-21 15:57:00,47.08,47.223,47.08,47.223,402
2025-02-21 16:00:00,47.09,47.325,47.09,47.325,3164
2025-02-21 16:01:00,47.39,47.39,47.39,47.39,287
2025-02-21 16:02:00,47.4,47.4,47.29,47.37,3486
2025-02-21 16:04:00,47.325,47.325,47.325,47.325,123
2025-02-21 16:06:00,47.28,47.31,47.25,47.27,3455
2025-02-21 16:07:00,47.25,47.25,47.24,47.24,291
2025-02-21 16:08:00,47.235,47.235,47.235,47.235,216
2025-02-21 16:10:00,47.19,47.245,47.19,47.245,314
2025-02-21 16:13:00,47.3,47.3,47.3,47.3,270
2025-02-21 16:14:00,47.31,47.35,47.27,47.27,1660
2025-02-21 16:15:00,47.32,47.34,47.27,47.34,1078
2025-02-21 16:20:00,47.3655,47.5,47.3655,47.5,2728
2025-02-21 16:24:00,47.63,47.63,47.63,47.63,309
2025-02-21 16:26:00,47.6,47.6,47.5,47.5,1488
2025-02-21 16:28:00,47.58,47.58,47.58,47.58,816
2025-02-21 16:30:00,47.6099,47.6099,47.6099,47.6099,125
2025-02-21 16:31:00,47.61,47.61,47.61,47.61,706
2025-02-21 16:32:00,47.555,47.555,47.5036,47.5036,277
2025-02-21 16:34:00,47.49,47.57,47.49,47.555,900
2025-02-21 16:35:00,47.51,47.51,47.51,47.51,141
2025-02-21 16:36:00,47.51,47.545,47.44,47.51,3679
2025-02-21 16:41:00,47.57,47.63,47.57,47.63,1940
2025-02-21 16:42:00,47.64,47.65,47.64,47.65,532
2025-02-21 16:45:00,47.5506,47.5506,47.5506,47.5506,670
2025-02-21 16:46:00,47.68,47.68,47.68,47.68,202
2025-02-21 16:47:00,47.64,47.64,47.62,47.62,215
2025-02-21 16:48:00,47.605,47.62,47.49,47.49,2426
2025-02-21 16:50:00,47.45,47.45,47.45,47.45,104
2025-02-21 16:51:00,47.525,47.53,47.525,47.53,927
2025-02-21 16:52:00,47.55,47.555,47.52,47.52,1079
2025-02-21 16:55:00,47.52,47.565,47.52,47.565,220
2025-02-21 16:56:00,47.52,47.52,47.47,47.47,325
2025-02-21 16:57:00,47.5,47.5,47.5,47.5,101
2025-02-21 16:58:00,47.49,47.57,47.49,47.57,339
2025-02-21 16:59:00,47.57,47.57,47.57,47.57,452
2025-02-21 17:01:00,47.58,47.62,47.58,47.62,973
2025-02-21 17:05:00,47.64,47.64,47.64,47.64,2002
2025-02-21 17:08:00,47.64,47.67,47.5685,47.67,4021
2025-02-21 17:09:00,47.55,47.55,47.55,47.55,197
2025-02-21 17:11:00,47.595,47.595,47.59,47.59,463
2025-02-21 17:13:00,47.6,47.6,47.6,47.6,102
2025-02-21 17:14:00,47.6,47.67,47.6,47.62,1074
2025-02-21 17:17:00,47.62,47.62,47.62,47.62,651
2025-02-21 17:19:00,47.615,47.615,47.615,47.615,206
2025-02-21 17:20:00,47.615,47.615,47.46,47.505,2243
2025-02-21 17:21:00,47.44,47.44,47.43,47.43,436
2025-02-21 17:22:00,47.38,47.38,47.38,47.38,175
2025-02-21 17:25:00,47.48,47.48,47.465,47.4774,770
2025-02-21 17:26:00,47.465,47.465,47.465,47.465,136
2025-02-21 17:27:00,47.44,47.48,47.44,47.4797,337
2025-02-21 17:31:00,47.48,47.48,47.48,47.48,337
2025-02-21 17:32:00,47.5345,47.54,47.5345,47.54,1245
2025-02-21 17:33:00,47.495,47.495,47.495,47.495,321
2025-02-21 17:35:00,47.495,47.495,47.49,47.49,463
2025-02-21 17:36:00,47.49,47.51,47.49,47.51,545
2025-02-21 17:37:00,47.44,47.47,47.43,47.45,2126
2025-02-21 17:38:00,47.46,47.46,47.42,47.42,409
2025-02-21 17:39:00,47.445,47.46,47.445,47.46,1313
2025-02-21 17:40:00,47.425,47.425,47.425,47.425,196
2025-02-21 17:42:00,47.425,47.425,47.425,47.425,100
2025-02-21 17:44:00,47.4655,47.4655,47.4655,47.4655,727
2025-02-21 17:46:00,47.415,47.46,47.415,47.45,1744
2025-02-21 17:50:00,47.45,47.45,47.45,47.45,508
2025-02-21 17:51:00,47.44,47.44,47.4,47.415,1273
2025-02-21 17:54:00,47.39,47.39,47.3275,47.3275,1796
2025-02-21 17:55:00,47.34,47.34,47.34,47.34,507
2025-02-21 17:57:00,47.36,47.38,47.36,47.38,2049
2025-02-21 17:59:00,47.35,47.35,47.35,47.35,201
2025-02-21 18:01:00,47.35,47.35,47.34,47.34,1319
2025-02-21 18:02:00,47.32,47.335,47.29,47.31,3422
2025-02-21 18:03:00,47.24,47.24,47.23,47.23,424
2025-02-21 18:04:00,47.24,47.245,47.24,47.245,360
2025-02-21 18:06:00,47.23,47.23,47.23,47.23,446
2025-02-21 18:08:00,47.19,47.22,47.19,47.22,222
2025-02-21 18:09:00,47.19,47.22,47.19,47.205,3201
2025-02-21 18:10:00,47.18,47.2,47.18,47.2,1201
2025-02-21 18:11:00,47.15,47.15,47.1,47.1,2109
2025-02-21 18:12:00,47.07,47.075,47.07,47.075,857
2025-02-21 18:13:00,47.07,47.09,47.07,47.09,876
2025-02-21 18:14:00,47.1,47.11,47.08,47.11,665
2025-02-21 18:15:00,47.11,47.12,47.09,47.09,972
2025-02-21 18:16:00,47.085,47.085,47.085,47.085,141
2025-02-21 18:17:00,47.085,47.085,47.085,47.085,236
2025-02-21 18:18:00,47.085,47.113,47.085,47.113,1133
2025-02-21 18:19:00,47.085,47.085,47.085,47.085,989
2025-02-21 18:20:00,47.085,47.085,47.085,47.085,100
2025-02-21 18:21:00,47.085,47.085,47.05,47.05,3776
2025-02-21 18:22:00,47.13,47.2,47.12,47.2,3304
2025-02-21 18:23:00,47.2,47.27,47.2,47.27,2935
2025-02-21 18:24:00,47.235,47.235,47.235,47.235,166
2025-02-21 18:25:00,47.235,47.235,47.235,47.235,101
2025-02-21 18:26:00,47.235,47.235,47.235,47.235,100
2025-02-21 18:27:00,47.235,47.235,47.235,47.235,193
2025-02-21 18:28:00,47.25,47.25,47.24,47.24,550
2025-02-21 18:29:00,47.2,47.2,47.13,47.175,1601
2025-02-21 18:30:00,47.17,47.17,47.16,47.16,351
2025-02-21 18:31:00,47.1,47.1,46.95,46.95,2494
2025-02-21 18:32:00,46.92,46.995,46.91,46.97,1059
2025-02-21 18:33:00,46.97,46.97,46.97,46.97,139
2025-02-21 18:34:00,47.03,47.07,46.97,47.04,2596
2025-02-21 18:35:00,47.04,47.04,47.01,47.01,1164
2025-02-21 18:37:00,47.02,47.02,47.02,47.02,248
2025-02-21 18:38:00,47.07,47.08,47.04,47.04,1071
2025-02-21 18:41:00,47.04,47.04,46.99,46.99,3020
2025-02-21 18:42:00,46.97,46.97,46.93,46.97,414
2025-02-21 18:43:00,46.97,46.97,46.97,46.97,311
2025-02-21 18:44:00,46.97,46.97,46.97,46.97,100
2025-02-21 18:45:00,46.97,46.97,46.97,46.97,220
2025-02-21 18:46:00,46.91,46.91,46.91,46.91,220
2025-02-21 18:47:00,46.94,46.94,46.94,46.94,164
2025-02-21 18:48:00,47.02,47.04,46.97,47.04,3254
2025-02-21 18:49:00,46.985,46.985,46.975,46.975,235
2025-02-21 18:50:00,46.975,46.975,46.975,46.975,153
2025-02-21 18:51:00,47.03,47.03,47.03,47.03,125
2025-02-21 18:52:00,46.98,47.0,46.98,47.0,216
2025-02-21 18:53:00,47.03,47.03,47.025,47.025,707
2025-02-21 18:54:00,46.98,46.98,46.98,46.98,256
2025-02-21 18:55:00,46.985,46.985,46.985,46.985,111
2025-02-21 18:56:00,46.97,46.97,46.96,46.96,200
2025-02-21 18:57:00,46.99,47.02,46.99,46.99,501
2025-02-21 18:58:00,46.99,46.99,46.99,46.99,187
2025-02-21 19:00:00,46.995,46.995,46.995,46.995,301
2025-02-21 19:01:00,47.0,47.0,46.965,46.965,930
2025-02-21 19:02:00,46.98,46.99,46.965,46.99,763
2025-02-21 19:03:00,46.99,46.99,46.99,46.99,542
2025-02-21 19:04:00,46.99,46.99,46.99,46.99,100
2025-02-21 19:06:00,46.99,46.99,46.99,46.99,298
2025-02-21 19:07:00,46.99,46.99,46.99,46.99,300
2025-02-21 19:08:00,46.99,46.99,46.99,46.99,548
2025-02-21 19:09:00,46.985,46.985,46.985,46.985,181
2025-02-21 19:10:00,46.985,46.985,46.985,46.985,170
2025-02-21 19:11:00,46.985,46.985,46.9,46.91,4972
2025-02-21 19:12:00,46.92,46.94,46.92,46.94,432
2025-02-21 19:13:00,46.94,46.95,46.94,46.94,1414
2025-02-21 19:14:00,46.97,47.01,46.97,47.01,2157
2025-02-21 19:16:00,46.99,47.05,46.985,46.985,977
2025-02-21 19:17:00,46.99,46.99,46.99,46.99,101
2025-02-21 19:18:00,46.9418,46.9418,46.9418,46.9418,515
2025-02-21 19:19:00,47.0,47.0,47.0,47.0,151
2025-02-21 19:20:00,47.047,47.047,46.94,46.94,496
2025-02-21 19:21:00,46.99,46.99,46.92,46.985,619
2025-02-21 19:22:00,46.985,46.99,46.985,46.99,319
2025-02-21 19:23:00,46.995,47.0,46.995,47.0,571
2025-02-21 19:24:00,46.95,47.05,46.95,47.05,1813
2025-02-21 19:25:00,47.045,47.045,46.96,46.96,2465
2025-02-21 19:26:00,46.98,46.98,46.94,46.94,473
2025-02-21 19:27:00,46.91,46.91,46.9,46.9,583
2025-02-21 19:28:00,46.93,46.93,46.93,46.93,296
2025-02-21 19:29:00,46.9,46.91,46.86,46.91,1046
2025-02-21 19:30:00,46.86,46.86,46.86,46.86,129
2025-02-21 19:31:00,46.87,46.875,46.87,46.875,251
2025-02-21 19:32:00,46.91,46.97,46.91,46.97,1857
2025-02-21 19:33:00,46.98,47.03,46.98,47.03,420
2025-02-21 19:34:00,46.96,46.99,46.95,46.98,624
2025-02-21 19:35:00,47.02,47.02,47.01,47.01,252
2025-02-21 19:36:00,47.03,47.04,47.03,47.04,1243
2025-02-21 19:39:00,47.005,47.005,47.005,47.005,201
2025-02-21 19:41:00,46.97,46.98,46.96,46.96,619
2025-02-21 19:43:00,46.955,46.9995,46.955,46.9995,708
2025-02-21 19:44:00,47.0,47.0,46.94,46.94,1043
2025-02-21 19:45:00,46.98,46.99,46.97,46.97,765
2025-02-21 19:46:00,46.97,46.97,46.97,46.97,229
2025-02-21 19:48:00,46.97,46.97,46.97,46.97,235
2025-02-21 19:49:00,46.97,46.97,46.91,46.92,1127
2025-02-21 19:50:00,46.94,46.95,46.94,46.95,1431
2025-02-21 19:52:00,46.935,46.98,46.935,46.98,824
2025-02-21 19:53:00,46.99,46.99,46.985,46.985,781
2025-02-21 19:54:00,46.98,46.985,46.96,46.96,536
2025-02-21 19:55:00,46.96,46.96,46.96,46.96,150
2025-02-21 19:56:00,46.96,46.96,46.96,46.96,173
2025-02-21 19:57:00,46.96,47.01,46.96,47.01,1406
2025-02-21 19:59:00,46.96,46.96,46.96,46.96,229
2025-02-21 20:00:00,46.96,46.96,46.955,46.955,387
2025-02-21 20:01:00,46.96,46.96,46.96,46.96,265
2025-02-21 20:02:00,46.96,46.96,46.95,46.95,462
2025-02-21 20:03:00,46.99,47.01,46.99,47.01,2284
2025-02-21 20:04:00,47.06,47.06,47.06,47.06,629
2025-02-21 20:05:00,47.07,47.08,47.07,47.08,658
2025-02-21 20:06:00,47.08,47.11,47.08,47.11,1748
2025-02-21 20:07:00,47.11,47.11,47.11,47.11,581
2025-02-21 20:08:00,47.16,47.16,47.16,47.16,807
2025-02-21 20:09:00,47.18,47.18,47.18,47.18,775
2025-02-21 20:10:00,47.19,47.205,47.13,47.15,3551
2025-02-21 20:11:00,47.18,47.19,47.18,47.19,1020
2025-02-21 20:12:00,47.175,47.19,47.16,47.19,645
2025-02-21 20:13:00,47.2,47.21,47.2,47.21,1156
2025-02-21 20:14:00,47.195,47.195,47.17,47.17,1460
2025-02-21 20:15:00,47.18,47.18,47.18,47.18,452
2025-02-21 20:16:00,47.19,47.22,47.19,47.22,1474
2025-02-21 20:17:00,47.205,47.205,47.205,47.205,701
2025-02-21 20:18:00,47.22,47.25,47.215,47.25,895
2025-02-21 20:19:00,47.215,47.215,47.18,47.195,939
2025-02-21 20:20:00,47.185,47.185,47.14,47.18,835
2025-02-21 20:21:00,47.14,47.17,47.14,47.165,1385
2025-02-21 20:22:00,47.2,47.2,47.2,47.2,1185
2025-02-21 20:23:00,47.23,47.23,47.2,47.2,853
2025-02-21 20:24:00,47.23,47.27,47.22,47.27,2777
2025-02-21 20:25:00,47.27,47.28,47.24,47.277,2489
2025-02-21 20:26:00,47.25,47.29,47.25,47.29,2392
2025-02-21 20:27:00,47.27,47.27,47.265,47.265,442
2025-02-21 20:28:00,47.265,47.29,47.265,47.29,844
2025-02-21 20:30:00,47.3,47.3,47.27,47.3,1427
2025-02-21 20:31:00,47.32,47.32,47.24,47.27,2987
2025-02-21 20:32:00,47.27,47.27,47.27,47.27,552
2025-02-21 20:33:00,47.3,47.31,47.29,47.29,1850
2025-02-21 20:34:00,47.27,47.27,47.24,47.24,1291
2025-02-21 20:35:00,47.265,47.3,47.265,47.29,2245
2025-02-21 20:36:00,47.27,47.28,47.26,47.28,7359
2025-02-21 20:37:00,47.28,47.28,47.27,47.27,734
2025-02-21 20:38:00,47.27,47.29,47.24,47.265,6501
2025-02-21 20:39:00,47.25,47.265,47.145,47.145,3970
2025-02-21 20:40:00,47.19,47.19,47.19,47.19,379
2025-02-21 20:41:00,47.19,47.26,47.19,47.21,2489
2025-02-21 20:42:00,47.21,47.25,47.205,47.25,895
2025-02-21 20:43:00,47.25,47.25,47.205,47.24,849
2025-02-21 20:44:00,47.24,47.24,47.2,47.2,1007
2025-02-21 20:45:00,47.2,47.24,47.16,47.21,2664
2025-02-21 20:46:00,47.22,47.23,47.2,47.23,1893
2025-02-21 20:47:00,47.2,47.23,47.195,47.21,2363
2025-02-21 20:48:00,47.19,47.24,47.16,47.195,1676
2025-02-21 20:49:00,47.23,47.23,47.2,47.22,2582
2025-02-21 20:50:00,47.24,47.31,47.21,47.28,4255
2025-02-21 20:51:00,47.31,47.32,47.28,47.3,2846
2025-02-21 20:52:00,47.3,47.3,47.23,47.23,1999
2025-02-21 20:53:00,47.23,47.25,47.23,47.25,1142
2025-02-21 20:54:00,47.25,47.25,47.1885,47.235,2372
2025-02-21 20:55:00,47.24,47.32,47.21,47.32,4071
2025-02-21 20:56:00,47.31,47.32,47.28,47.31,7207
2025-02-21 20:57:00,47.29,47.31,47.24,47.25,7307
2025-02-21 20:58:00,47.25,47.26,47.22,47.26,5859
2025-02-21 20:59:00,47.24,47.27,47.16,47.17,18553
2025-02-21 21:00:00,47.17,47.17,47.17,47.17,244
2025-02-21 22:15:00,47.0,47.0,47.0,47.0,150
2025-02-21 22:39:00,47.42,47.42,47.42,47.42,300
2025-02-24 14:30:00,48.0,48.14,47.905,47.99,4701
2025-02-24 14:31:00,48.0,48.105,47.98,48.01,4048
2025-02-24 14:32:00,48.01,48.01,47.88,47.88,1488
2025-02-24 14:33:00,47.92,47.92,47.85,47.85,2728
2025-02-24 14:34:00,47.85,47.9,47.85,47.9,2301
2025-02-24 14:35:00,47.93,47.93,47.85,47.85,4389
2025-02-24 14:36:00,47.7,47.73,47.7,47.73,1314
2025-02-24 14:37:00,47.75,47.82,47.75,47.78,2646
2025-02-24 14:38:00,47.85,47.9,47.85,47.9,1443
2025-02-24 14:39:00,47.94,47.95,47.9,47.95,2668
2025-02-24 14:40:00,47.9,47.9,47.9,47.9,200
2025-02-24 14:41:00,47.9,47.95,47.9,47.95,4848
2025-02-24 14:42:00,47.95,47.95,47.95,47.95,1136
2025-02-24 14:43:00,47.95,47.95,47.95,47.95,201
2025-02-24 14:44:00,47.999,48.0,47.98,47.98,1606
2025-02-24 14:45:00,48.04,48.0596,48.015,48.0596,1113
2025-02-24 14:46:00,47.99,48.01,47.99,48.0,1175
2025-02-24 14:48:00,48.0815,48.0815,48.0815,48.0815,268
2025-02-24 14:49:00,48.1,48.1,48.1,48.1,628
2025-02-24 14:50:00,48.0,48.145,48.0,48.145,1165
2025-02-24 14:52:00,48.115,48.115,48.115,48.115,353
2025-02-24 14:53:00,48.0562,48.11,48.0562,48.09,4073
2025-02-24 14:54:00,48.0408,48.11,48.0408,48.11,2124
2025-02-24 14:55:00,48.075,48.11,48.075,48.105,3151
2025-02-24 14:56:00,48.1121,48.1498,48.1121,48.117,1043
2025-02-24 14:57:00,48.12,48.13,48.05,48.13,2189
2025-02-24 14:58:00,48.13,48.31,48.13,48.31,3797
2025-02-24 14:59:00,48.26,48.26,48.22,48.26,969
2025-02-24 15:00:00,48.26,48.26,48.26,48.26,272
2025-02-24 15:01:00,48.23,48.23,48.13,48.15,2009
2025-02-24 15:02:00,48.24,48.24,48.17,48.17,771
2025-02-24 15:03:00,48.205,48.205,48.185,48.185,1140
2025-02-24 15:04:00,48.18,48.2487,48.18,48.22,3100
2025-02-24 15:05:00,48.2,48.29,48.2,48.29,2884
2025-02-24 15:06:00,48.27,48.29,48.13,48.2,3008
2025-02-24 15:07:00,48.23,48.25,48.22,48.24,1939
2025-02-24 15:08:00,48.26,48.26,48.26,48.26,227
2025-02-24 15:09:00,48.235,48.39,48.235,48.39,1213
2025-02-24 15:10:00,48.38,48.5,48.38,48.5,1755
2025-02-24 15:11:00,48.5,48.5,48.3112,48.5,2831
2025-02-24 15:12:00,48.49,48.49,48.49,48.49,318
2025-02-24 15:13:00,48.55,48.55,48.52,48.52,823
2025-02-24 15:15:00,48.54,48.54,48.3916,48.54,2545
2025-02-24 15:16:00,48.53,48.54,48.48,48.48,617
2025-02-24 15:17:00,48.5388,48.5388,48.51,48.51,639
2025-02-24 15:18:00,48.51,48.54,48.51,48.54,762
2025-02-24 15:19:00,48.534,48.534,48.4196,48.4196,3256
2025-02-24 15:20:00,48.51,48.54,48.48,48.48,1084
2025-02-24 15:21:00,48.51,48.51,48.48,48.51,1570
2025-02-24 15:22:00,48.525,48.53,48.525,48.53,360
2025-02-24 15:23:00,48.5,48.51,48.5,48.51,703
2025-02-24 15:24:00,48.465,48.47,48.465,48.47,650
2025-02-24 15:25:00,48.47,48.47,48.41,48.41,1564
2025-02-24 15:26:00,48.42,48.42,48.35,48.35,1590
2025-02-24 15:27:00,48.39,48.4,48.21,48.29,2995
2025-02-24 15:28:00,48.27,48.27,48.265,48.265,407
2025-02-24 15:29:00,48.26,48.26,48.16,48.16,1302
2025-02-24 15:30:00,48.125,48.125,48.125,48.125,235
2025-02-24 15:31:00,48.125,48.125,48.125,48.125,114
2025-02-24 15:32:00,48.12,48.12,48.12,48.12,144
2025-02-24 15:33:00,48.13,48.13,48.09,48.09,846
2025-02-24 15:34:00,48.025,48.1088,48.025,48.1088,1169
2025-02-24 15:35:00,48.09,48.09,48.0575,48.0575,863
2025-02-24 15:37:00,48.08,48.14,47.99,48.06,2512
2025-02-24 15:38:00,48.015,48.015,48.015,48.015,102
2025-02-24 15:39:00,48.06,48.06,48.04,48.04,342
2025-02-24 15:40:00,48.09,48.09,47.995,47.995,540
2025-02-24 15:42:00,48.0,48.0,48.0,48.0,490
2025-02-24 15:43:00,48.05,48.125,48.05,48.125,2361
2025-02-24 15:44:00,48.11,48.11,48.04,48.04,940
2025-02-24 15:46:00,48.12,48.12,48.08,48.08,692
2025-02-24 15:47:00,48.06,48.06,47.9,47.91,3495
2025-02-24 15:48:00,48.0386,48.0386,47.96,47.96,1304
2025-02-24 15:52:00,47.97,47.97,47.97,47.97,256
2025-02-24 15:53:00,47.955,47.955,47.932,47.932,453
2025-02-24 15:54:00,47.9,47.9,47.9,47.9,1163
2025-02-24 15:56:00,47.9,47.93,47.9,47.9063,4003
2025-02-24 15:57:00,47.9,47.9,47.9,47.9,117
2025-02-24 15:58:00,47.93,47.93,47.93,47.93,180
2025-02-24 16:00:00,47.93,48.01,47.93,48.01,2448
2025-02-24 16:01:00,48.01,48.08,48.01,48.08,232
2025-02-24 16:02:00,48.005,48.005,47.93,47.93,677
2025-02-24 16:03:00,48.02,48.02,47.955,47.955,620
2025-02-24 16:04:00,47.955,48.0045,47.955,48.0045,431
2025-02-24 16:05:00,47.975,48.08,47.975,48.07,1935
2025-02-24 16:06:00,48.04,48.1,48.04,48.1,341
2025-02-24 16:07:00,48.1,48.14,48.1,48.14,722
2025-02-24 16:08:00,48.14,48.14,48.14,48.14,301
2025-02-24 16:09:00,48.14,48.14,48.125,48.14,809
2025-02-24 16:10:00,48.15,48.18,48.15,48.18,640
2025-02-24 16:11:00,48.19,48.21,48.1611,48.1611,1244
2025-02-24 16:12:00,48.266,48.266,48.266,48.266,311
2025-02-24 16:15:00,48.27,48.27,48.1901,48.23,1061
2025-02-24 16:16:00,48.25,48.25,48.23,48.23,657
2025-02-24 16:17:00,48.27,48.3,48.27,48.29,2471
2025-02-24 16:20:00,48.29,48.31,48.28,48.31,2280
2025-02-24 16:21:00,48.3,48.37,48.3,48.37,1880
2025-02-24 16:25:00,48.45,48.496,48.45,48.496,501
2025-02-24 16:26:00,48.5,48.515,48.48,48.49,1369
2025-02-24 16:30:00,48.55,48.575,48.55,48.575,704
2025-02-24 16:33:00,48.51,48.53,48.48,48.51,1955
2025-02-24 16:34:00,48.465,48.465,48.465,48.465,419
2025-02-24 16:35:00,48.531,48.531,48.531,48.531,596
2025-02-24 16:38:00,48.415,48.415,48.405,48.405,303
2025-02-24 16:41:00,48.4,48.4,48.4,48.4,467
2025-02-24 16:42:00,48.4,48.42,48.4,48.41,1314
2025-02-24 16:43:00,48.435,48.435,48.38,48.38,1634
2025-02-24 16:44:00,48.33,48.35,48.33,48.35,508
2025-02-24 16:45:00,48.355,48.39,48.355,48.39,1173
2025-02-24 16:47:00,48.39,48.39,48.39,48.39,210
2025-02-24 16:49:00,48.37,48.37,48.36,48.36,571
2025-02-24 16:50:00,48.35,48.35,48.35,48.35,129
2025-02-24 16:53:00,48.36,48.36,48.36,48.36,220
2025-02-24 16:55:00,48.37,48.38,48.31,48.32,1969
2025-02-24 16:56:00,48.3,48.305,48.25,48.25,512
2025-02-24 16:57:00,48.29,48.29,48.22,48.26,3032
2025-02-24 16:59:00,48.24,48.28,48.24,48.26,2002
2025-02-24 17:01:00,48.3792,48.3792,48.3792,48.3792,399
2025-02-24 17:02:00,48.44,48.44,48.43,48.43,854
2025-02-24 17:04:00,48.4,48.4,48.4,48.4,190
2025-02-24 17:05:00,48.46,48.46,48.42,48.42,1330
2025-02-24 17:06:00,48.405,48.405,48.405,48.405,260
2025-02-24 17:07:00,48.39,48.395,48.375,48.375,1008
2025-02-24 17:09:00,48.38,48.38,48.38,48.38,370
2025-02-24 17:11:00,48.335,48.345,48.335,48.345,261
2025-02-24 17:12:00,48.325,48.325,48.325,48.325,360
2025-02-24 17:15:00,48.34,48.35,48.34,48.34,1691
2025-02-24 17:16:00,48.34,48.36,48.34,48.36,1487
2025-02-24 17:17:00,48.37,48.3794,48.35,48.35,956
2025-02-24 17:19:00,48.35,48.4,48.35,48.4,1252
2025-02-24 17:20:00,48.45,48.45,48.41,48.45,2321
2025-02-24 17:23:00,48.425,48.45,48.425,48.45,389
2025-02-24 17:25:00,48.4941,48.4941,48.37,48.375,1337
2025-02-24 17:28:00,48.36,48.36,48.36,48.36,533
2025-02-24 17:29:00,48.33,48.365,48.33,48.365,674
2025-02-24 17:30:00,48.365,48.365,48.365,48.365,127
2025-02-24 17:31:00,48.36,48.36,48.36,48.36,263
2025-02-24 17:34:00,48.32,48.32,48.32,48.32,359
2025-02-24 17:36:00,48.39,48.39,48.39,48.39,715
2025-02-24 17:38:00,48.39,48.39,48.39,48.39,279
2025-02-24 17:40:00,48.39,48.39,48.39,48.39,359
2025-02-24 17:41:00,48.3981,48.3981,48.39,48.39,934
2025-02-24 17:42:00,48.39,48.39,48.39,48.39,221
2025-02-24 17:45:00,48.39,48.4,48.39,48.4,747
2025-02-24 17:46:00,48.4,48.4,48.4,48.4,383
2025-02-24 17:47:00,48.4,48.4,48.4,48.4,407
2025-02-24 17:52:00,48.355,48.355,48.355,48.355,118
2025-02-24 17:54:00,48.345,48.345,48.345,48.345,191
2025-02-24 17:55:00,48.345,48.345,48.345,48.345,303
2025-02-24 17:56:00,48.37,48.38,48.37,48.37,2915
2025-02-24 18:02:00,48.34,48.355,48.34,48.355,516
2025-02-24 18:09:00,48.3865,48.3865,48.3865,48.3865,310
2025-02-24 18:10:00,48.38,48.38,48.38,48.38,107
2025-02-24 18:14:00,48.38,48.38,48.38,48.38,180
2025-02-24 18:16:00,48.39,48.48,48.38,48.48,2324
2025-02-24 18:18:00,48.495,48.495,48.48,48.48,668
2025-02-24 18:19:00,48.49,48.49,48.49,48.49,196
2025-02-24 18:21:00,48.52,48.52,48.49,48.49,519
2025-02-24 18:22:00,48.52,48.57,48.5,48.57,1489
2025-02-24 18:24:00,48.57,48.57,48.57,48.57,416
2025-02-24 18:27:00,48.53,48.545,48.53,48.545,420
2025-02-24 18:28:00,48.545,48.545,48.5,48.5,1915
2025-02-24 18:29:00,48.49,48.49,48.49,48.49,370
2025-02-24 18:30:00,48.49,48.53,48.49,48.52,2120
2025-02-24 18:31:00,48.5595,48.5595,48.52,48.52,1195
2025-02-24 18:33:00,48.56,48.595,48.51,48.595,3193
2025-02-24 18:34:00,48.57,48.58,48.56,48.56,749
2025-02-24 18:35:00,48.55,48.55,48.55,48.55,379
2025-02-24 18:36:00,48.556,48.56,48.54,48.54,1276
2025-02-24 18:40:00,48.577,48.577,48.56,48.56,389
2025-02-24 18:43:00,48.52,48.545,48.52,48.52,1772
2025-02-24 18:44:00,48.5,48.5,48.5,48.5,351
2025-02-24 18:45:00,48.505,48.505,48.505,48.505,155
2025-02-24 18:47:00,48.52,48.52,48.49,48.505,1850
2025-02-24 18:50:00,48.51,48.51,48.475,48.475,1549
2025-02-24 18:51:00,48.445,48.445,48.445,48.445,285
2025-02-24 18:52:00,48.43,48.43,48.43,48.43,210
2025-02-24 18:54:00,48.45,48.47,48.45,48.455,1154
2025-02-24 18:56:00,48.48,48.48,48.48,48.48,275
2025-02-24 18:57:00,48.455,48.455,48.405,48.405,961
2025-02-24 18:58:00,48.43,48.43,48.43,48.43,520
2025-02-24 18:59:00,48.44,48.45,48.44,48.45,1102
2025-02-24 19:00:00,48.477,48.477,48.477,48.477,191
2025-02-24 19:02:00,48.479,48.479,48.479,48.479,254
2025-02-24 19:03:00,48.48,48.48,48.45,48.45,1062
2025-02-24 19:04:00,48.44,48.44,48.44,48.44,207
2025-02-24 19:06:00,48.48,48.48,48.48,48.48,178
2025-02-24 19:07:00,48.475,48.475,48.475,48.475,195
2025-02-24 19:08:00,48.45,48.45,48.42,48.42,1127
2025-02-24 19:14:00,48.4,48.4,48.4,48.4,116
2025-02-24 19:16:00,48.4,48.4,48.4,48.4,228
2025-02-24 19:17:00,48.4,48.4,48.4,48.4,353
2025-02-24 19:18:00,48.37,48.3825,48.35,48.35,873
2025-02-24 19:19:00,48.36,48.3992,48.36,48.3992,1166
2025-02-24 19:20:00,48.365,48.365,48.365,48.365,121
2025-02-24 19:21:00,48.34,48.34,48.34,48.34,456
2025-02-24 19:23:00,48.37,48.37,48.37,48.37,424
2025-02-24 19:24:00,48.4,48.4,48.4,48.4,417
2025-02-24 19:25:00,48.41,48.41,48.37,48.37,1310
2025-02-24 19:26:00,48.39,48.39,48.39,48.39,109
2025-02-24 19:27:00,48.38,48.395,48.37,48.395,1084
2025-02-24 19:28:00,48.37,48.37,48.34,48.34,519
2025-02-24 19:29:00,48.38,48.39,48.38,48.39,370
2025-02-24 19:30:00,48.37,48.41,48.37,48.41,1241
2025-02-24 19:31:00,48.45,48.45,48.4485,48.4485,434
2025-02-24 19:34:00,48.47,48.47,48.46,48.46,853
2025-02-24 19:35:00,48.46,48.47,48.46,48.47,483
2025-02-24 19:36:00,48.46,48.46,48.46,48.46,243
2025-02-24 19:37:00,48.46,48.46,48.44,48.44,707
2025-02-24 19:38:00,48.445,48.445,48.445,48.445,333
2025-02-24 19:39:00,48.445,48.45,48.445,48.45,324
2025-02-24 19:40:00,48.43,48.43,48.42,48.42,829
2025-02-24 19:42:00,48.415,48.415,48.37,48.37,752
2025-02-24 19:43:00,48.35,48.35,48.35,48.35,158
2025-02-24 19:45:00,48.34,48.34,48.34,48.34,143
2025-02-24 19:46:00,48.366,48.366,48.366,48.366,439
2025-02-24 19:47:00,48.345,48.355,48.32,48.32,996
2025-02-24 19:49:00,48.32,48.32,48.32,48.32,286
2025-02-24 19:50:00,48.34,48.34,48.34,48.34,248
2025-02-24 19:52:00,48.34,48.34,48.34,48.34,416
2025-02-24 19:53:00,48.32,48.32,48.32,48.32,990
2025-02-24 19:54:00,48.32,48.32,48.2933,48.2933,357
2025-02-24 19:55:00,48.31,48.31,48.31,48.31,147
2025-02-24 19:56:00,48.3395,48.3395,48.3395,48.3395,376
2025-02-24 19:57:00,48.31,48.31,48.27,48.27,1301
2025-02-24 19:58:00,48.3,48.31,48.3,48.3,1809
2025-02-24 20:00:00,48.32,48.32,48.3,48.31,1346
2025-02-24 20:02:00,48.31,48.31,48.29,48.31,840
2025-02-24 20:04:00,48.32,48.35,48.32,48.35,1142
2025-02-24 20:06:00,48.41,48.435,48.38,48.41,1490
2025-02-24 20:10:00,48.385,48.385,48.385,48.385,415
2025-02-24 20:12:00,48.44,48.44,48.43,48.43,281
2025-02-24 20:13:00,48.42,48.42,48.42,48.42,171
2025-02-24 20:15:00,48.42,48.42,48.42,48.42,748
2025-02-24 20:16:00,48.39,48.44,48.39,48.41,825
2025-02-24 20:17:00,48.41,48.41,48.41,48.41,133
2025-02-24 20:18:00,48.38,48.39,48.345,48.345,1403
2025-02-24 20:19:00,48.31,48.31,48.31,48.31,334
2025-02-24 20:20:00,48.2654,48.2654,48.2654,48.2654,322
2025-02-24 20:21:00,48.2642,48.2642,48.2642,48.2642,374
2025-02-24 20:22:00,48.335,48.335,48.315,48.33,995
2025-02-24 20:24:00,48.34,48.38,48.34,48.38,2762
2025-02-24 20:25:00,48.37,48.385,48.37,48.385,672
2025-02-24 20:26:00,48.365,48.365,48.365,48.365,375
2025-02-24 20:27:00,48.355,48.385,48.355,48.38,1742
2025-02-24 20:28:00,48.39,48.39,48.38,48.38,901
2025-02-24 20:29:00,48.39,48.39,48.39,48.39,389
2025-02-24 20:30:00,48.39,48.43,48.37,48.37,5566
2025-02-24 20:31:00,48.4093,48.45,48.4093,48.45,2102
2025-02-24 20:32:00,48.44,48.46,48.44,48.46,1103
2025-02-24 20:33:00,48.45,48.46,48.45,48.46,891
2025-02-24 20:34:00,48.47,48.495,48.46,48.495,1312
2025-02-24 20:35:00,48.48,48.48,48.47,48.48,1181
2025-02-24 20:36:00,48.5,48.5,48.49,48.5,1066
2025-02-24 20:37:00,48.51,48.52,48.49,48.52,2156
2025-02-24 20:38:00,48.515,48.515,48.5,48.5,1593
2025-02-24 20:39:00,48.5025,48.5025,48.464,48.47,1601
2025-02-24 20:40:00,48.47,48.47,48.445,48.45,1518
2025-02-24 20:41:00,48.44,48.45,48.385,48.43,6248
2025-02-24 20:42:00,48.415,48.43,48.4,48.42,2654
2025-02-24 20:43:00,48.44,48.45,48.421,48.44,1357
2025-02-24 20:44:00,48.435,48.435,48.42,48.4275,1406
2025-02-24 20:45:00,48.43,48.44,48.41,48.415,1620
2025-02-24 20:46:00,48.43,48.45,48.43,48.44,1956
2025-02-24 20:47:00,48.46,48.46,48.46,48.46,422
2025-02-24 20:48:00,48.46,48.48,48.4433,48.45,5243
2025-02-24 20:49:00,48.42,48.43,48.42,48.42,1638
2025-02-24 20:50:00,48.42,48.45,48.405,48.405,2595
2025-02-24 20:51:00,48.42,48.42,48.365,48.365,2682
2025-02-24 20:52:00,48.36,48.36,48.35,48.36,928
2025-02-24 20:53:00,48.35,48.36,48.33,48.35,2915
2025-02-24 20:54:00,48.33,48.35,48.32,48.32,3161
2025-02-24 20:55:00,48.315,48.41,48.28,48.41,13139
2025-02-24 20:56:00,48.395,48.42,48.37,48.375,5917
2025-02-24 20:57:00,48.375,48.39,48.331,48.36,6559
2025-02-24 20:58:00,48.37,48.37,48.335,48.37,6532
2025-02-24 20:59:00,48.37,48.38,48.27,48.31,10984
2025-02-24 22:26:00,48.59,48.59,48.59,48.59,153
2025-02-25 13:00:00,46.86,46.86,46.86,46.86,1106
2025-02-25 14:30:00,47.43,47.43,47.1637,47.4,4288
2025-02-25 14:31:00,47.2537,47.6793,47.2537,47.6793,763
2025-02-25 14:32:00,47.25,47.25,47.1255,47.25,1228
2025-02-25 14:33:00,47.255,47.255,47.255,47.255,235
2025-02-25 14:36:00,47.14,47.24,47.0049,47.165,4842
2025-02-25 14:37:00,47.11,47.19,47.0,47.19,3732
2025-02-25 14:39:00,47.15,47.24,47.15,47.18,579
2025-02-25 14:41:00,47.275,47.42,47.24,47.27,619
2025-02-25 14:44:00,47.4,47.4,47.3,47.3,282
2025-02-25 14:45:00,47.265,47.265,47.265,47.265,169
2025-02-25 14:47:00,47.1574,47.34,47.1574,47.34,830
2025-02-25 14:48:00,47.42,47.5,47.3,47.5,1190
2025-02-25 14:52:00,47.425,47.425,47.425,47.425,145
2025-02-25 14:53:00,47.4,47.48,47.3,47.48,2309
2025-02-25 14:54:00,47.395,47.395,47.395,47.395,150
2025-02-25 14:56:00,47.51,47.51,47.51,47.51,251
2025-02-25 15:00:00,47.37,47.395,47.36,47.395,792
2025-02-25 15:01:00,47.32,47.32,47.21,47.26,1330
2025-02-25 15:02:00,47.15,47.15,47.15,47.15,281
2025-02-25 15:07:00,46.96,46.97,46.95,46.95,1243
2025-02-25 15:09:00,46.89,46.89,46.89,46.89,137
2025-02-25 15:10:00,46.95,46.96,46.94,46.955,1141
2025-02-25 15:14:00,46.965,46.965,46.8526,46.8526,1690
2025-02-25 15:15:00,46.892,46.892,46.892,46.892,333
2025-02-25 15:16:00,46.915,46.915,46.88,46.895,793
2025-02-25 15:17:00,46.895,46.895,46.89,46.89,852
2025-02-25 15:18:00,46.89,46.89,46.84,46.84,2792
2025-02-25 15:19:00,46.83,46.905,46.83,46.875,2818
2025-02-25 15:20:00,46.81,46.81,46.81,46.81,2036
2025-02-25 15:22:00,46.775,46.78,46.775,46.78,426
2025-02-25 15:23:00,46.8499,46.8499,46.8499,46.8499,287
2025-02-25 15:24:00,46.775,46.775,46.775,46.775,148
2025-02-25 15:25:00,46.775,46.775,46.775,46.775,935
2025-02-25 15:26:00,46.89,46.9,46.84,46.9,1278
2025-02-25 15:27:00,46.85,46.85,46.845,46.845,754
2025-02-25 15:28:00,46.8,46.85,46.79,46.83,2783
2025-02-25 15:29:00,46.775,46.775,46.775,46.775,250
2025-02-25 15:32:00,46.785,46.785,46.785,46.785,253
2025-02-25 15:34:00,46.81,46.83,46.81,46.83,342
2025-02-25 15:35:00,46.85,46.85,46.85,46.85,280
2025-02-25 15:36:00,46.9,46.93,46.837,46.837,1126
2025-02-25 15:38:00,46.745,46.745,46.745,46.745,138
2025-02-25 15:41:00,46.875,46.875,46.875,46.875,233
2025-02-25 15:43:00,46.92,46.98,46.855,46.98,1430
2025-02-25 15:44:00,46.92,46.92,46.92,46.92,244
2025-02-25 15:45:00,46.795,46.795,46.795,46.795,119
2025-02-25 15:46:00,47.03,47.03,47.03,47.03,236
2025-02-25 15:47:00,46.85,46.85,46.85,46.85,229
2025-02-25 15:48:00,46.91,46.93,46.89,46.93,662
2025-02-25 15:50:00,46.88,46.88,46.88,46.88,113
2025-02-25 15:52:00,46.88,46.88,46.88,46.88,270
2025-02-25 15:54:00,46.96,46.96,46.96,46.96,284
2025-02-25 15:55:00,46.96,46.96,46.89,46.89,696
2025-02-25 15:56:00,46.89,46.89,46.89,46.89,467
2025-02-25 15:58:00,46.82,46.84,46.82,46.83,1734
2025-02-25 15:59:00,46.825,46.825,46.82,46.82,426
2025-02-25 16:02:00,46.63,46.63,46.61,46.61,308
2025-02-25 16:04:00,46.67,46.67,46.67,46.67,311
2025-02-25 16:06:00,46.685,46.69,46.685,46.69,1357
2025-02-25 16:07:00,46.69,46.7,46.685,46.685,1262
2025-02-25 16:08:00,46.68,46.69,46.68,46.69,765
2025-02-25 16:09:00,46.71,46.73,46.71,46.73,1460
2025-02-25 16:11:00,46.78,46.78,46.78,46.78,340
2025-02-25 16:12:00,46.81,46.825,46.81,46.825,1390
2025-02-25 16:14:00,46.745,46.745,46.745,46.745,171
2025-02-25 16:15:00,46.68,46.7755,46.68,46.7755,774
2025-02-25 16:16:00,46.735,46.735,46.735,46.735,425
2025-02-25 16:17:00,46.735,46.735,46.735,46.735,419
2025-02-25 16:18:00,46.77,46.77,46.765,46.77,1000
2025-02-25 16:19:00,46.806,46.83,46.8,46.83,983
2025-02-25 16:20:00,46.81,46.8489,46.7633,46.795,1364
2025-02-25 16:22:00,46.785,46.785,46.785,46.785,340
2025-02-25 16:24:00,46.785,46.785,46.785,46.785,183
2025-02-25 16:26:00,46.785,46.785,46.73,46.73,591
2025-02-25 16:27:00,46.73,46.735,46.72,46.735,786
2025-02-25 16:29:00,46.71,46.71,46.71,46.71,232
2025-02-25 16:32:00,46.65,46.65,46.64,46.65,1228
2025-02-25 16:33:00,46.65,46.67,46.65,46.66,2114
2025-02-25 16:34:00,46.63,46.8,46.63,46.8,1927
2025-02-25 16:35:00,46.7,46.7,46.69,46.69,821
2025-02-25 16:36:00,46.71,46.79,46.71,46.79,1785
2025-02-25 16:37:00,46.805,46.805,46.72,46.72,1983
2025-02-25 16:39:00,46.735,46.75,46.735,46.74,578
2025-02-25 16:40:00,46.795,46.805,46.795,46.805,247
2025-02-25 16:41:00,46.8,46.85,46.765,46.85,1102
2025-02-25 16:42:00,46.855,46.86,46.855,46.86,200
2025-02-25 16:43:00,46.74,46.79,46.73,46.785,820
2025-02-25 16:44:00,46.795,46.83,46.795,46.83,292
2025-02-25 16:45:00,46.78,46.82,46.754,46.81,1090
2025-02-25 16:47:00,46.82,46.83,46.82,46.82,994
2025-02-25 16:48:00,46.84,46.84,46.84,46.84,136
2025-02-25 16:50:00,46.89,46.89,46.88,46.88,2073
2025-02-25 16:51:00,46.89,46.89,46.84,46.84,673
2025-02-25 16:52:00,46.86,46.86,46.86,46.86,450
2025-02-25 16:53:00,46.8,46.8,46.8,46.8,146
2025-02-25 16:56:00,46.855,46.855,46.82,46.84,1529
2025-02-25 16:57:00,46.87,46.95,46.87,46.945,2168
2025-02-25 16:58:00,46.96,46.96,46.95,46.95,741
2025-02-25 16:59:00,46.93,46.93,46.93,46.93,255
2025-02-25 17:01:00,46.94,46.94,46.89,46.89,493
2025-02-25 17:02:00,46.97,46.97,46.94,46.95,1377
2025-02-25 17:03:00,46.89,46.89,46.89,46.89,722
2025-02-25 17:04:00,46.88,46.89,46.88,46.89,635
2025-02-25 17:08:00,46.885,46.885,46.77,46.77,417
2025-02-25 17:09:00,46.87,46.88,46.86,46.88,1337
2025-02-25 17:13:00,46.905,46.92,46.905,46.92,700
2025-02-25 17:14:00,46.915,46.915,46.915,46.915,211
2025-02-25 17:15:00,46.905,46.905,46.89,46.89,397
2025-02-25 17:17:00,46.915,46.915,46.905,46.905,778
2025-02-25 17:18:00,46.87,46.87,46.85,46.87,955
2025-02-25 17:20:00,46.79,46.79,46.79,46.79,271
2025-02-25 17:21:00,46.78,46.78,46.78,46.78,215
2025-02-25 17:23:00,46.78,46.83,46.78,46.83,1475
2025-02-25 17:24:00,46.86,46.86,46.86,46.86,194
2025-02-25 17:26:00,46.88,46.9,46.85,46.85,1475
2025-02-25 17:27:00,46.83,46.83,46.83,46.83,186
2025-02-25 17:29:00,46.865,46.92,46.865,46.92,2445
2025-02-25 17:30:00,46.99,46.99,46.99,46.99,175
2025-02-25 17:31:00,47.0,47.05,46.99,47.05,1069
2025-02-25 17:33:00,47.015,47.015,47.015,47.015,180
2025-02-25 17:34:00,46.93,46.985,46.93,46.985,412
2025-02-25 17:35:00,47.0199,47.0199,46.975,46.975,302
2025-02-25 17:38:00,46.975,46.985,46.97,46.97,501
2025-02-25 17:40:00,47.01,47.04,46.985,47.01,2981
2025-02-25 17:42:00,47.047,47.047,47.047,47.047,197
2025-02-25 17:43:00,47.02,47.02,47.02,47.02,149
2025-02-25 17:44:00,47.0,47.0,46.96,46.96,1222
2025-02-25 17:46:00,46.975,46.975,46.975,46.975,285
2025-02-25 17:49:00,46.975,46.975,46.975,46.975,326
2025-02-25 17:50:00,46.975,46.975,46.975,46.975,197
2025-02-25 17:51:00,46.99,47.0,46.98,46.98,1113
2025-02-25 17:52:00,47.0,47.005,47.0,47.005,740
2025-02-25 17:53:00,47.01,47.01,46.99,47.0,985
2025-02-25 17:54:00,46.99,46.99,46.99,46.99,121
2025-02-25 17:56:00,46.99,47.005,46.99,47.005,819
2025-02-25 17:57:00,47.04,47.04,47.04,47.04,554
2025-02-25 17:59:00,47.06,47.06,47.06,47.06,161
2025-02-25 18:00:00,47.115,47.14,47.115,47.14,1004
2025-02-25 18:01:00,47.2374,47.2374,47.2374,47.2374,391
2025-02-25 18:04:00,47.23,47.23,47.2,47.2,1060
2025-02-25 18:05:00,47.2,47.2,47.18,47.18,819
2025-02-25 18:06:00,47.2,47.26,47.2,47.24,1174
2025-02-25 18:10:00,47.18,47.22,47.18,47.215,873
2025-02-25 18:14:00,47.04,47.04,47.04,47.04,426
2025-02-25 18:15:00,47.02,47.02,47.02,47.02,235
2025-02-25 18:17:00,47.09,47.09,47.01,47.01,469
2025-02-25 18:18:00,46.955,46.955,46.955,46.955,298
2025-02-25 18:19:00,46.945,47.03,46.945,47.03,1298
2025-02-25 18:22:00,46.98,47.025,46.98,47.025,669
2025-02-25 18:23:00,47.0,47.0,47.0,47.0,438
2025-02-25 18:25:00,47.015,47.015,46.98,46.98,215
2025-02-25 18:27:00,46.995,46.995,46.97,46.97,1212
2025-02-25 18:29:00,46.945,46.945,46.945,46.945,311
2025-02-25 18:30:00,47.035,47.035,47.035,47.035,1082
2025-02-25 18:32:00,47.079,47.079,47.07,47.07,360
2025-02-25 18:33:00,47.08,47.08,47.06,47.06,398
2025-02-25 18:35:00,47.08,47.095,47.06,47.095,1743
2025-02-25 18:38:00,47.14,47.14,47.14,47.14,224
2025-02-25 18:42:00,47.19,47.19,47.19,47.19,238
2025-02-25 18:46:00,47.194,47.194,47.194,47.194,218
2025-02-25 18:47:00,47.125,47.125,47.125,47.125,272
2025-02-25 18:51:00,47.125,47.125,47.1,47.1,489
2025-02-25 18:55:00,47.1,47.1,47.1,47.1,138
2025-02-25 18:57:00,47.07,47.095,47.07,47.095,376
2025-02-25 18:58:00,47.07,47.07,47.07,47.07,281
2025-02-25 19:00:00,47.04,47.04,47.04,47.04,147
2025-02-25 19:01:00,47.065,47.065,47.065,47.065,137
2025-02-25 19:05:00,47.065,47.065,47.065,47.065,102
2025-02-25 19:06:00,47.05,47.05,47.05,47.05,374
2025-02-25 19:07:00,47.03,47.035,47.03,47.035,389
2025-02-25 19:08:00,47.02,47.02,47.02,47.02,155
2025-02-25 19:10:00,47.06,47.06,47.06,47.06,139
2025-02-25 19:11:00,47.035,47.035,47.035,47.035,208
2025-02-25 19:13:00,46.98,46.98,46.98,46.98,232
2025-02-25 19:14:00,46.99,46.99,46.98,46.98,727
2025-02-25 19:16:00,46.985,47.0565,46.985,47.02,3973
2025-02-25 19:18:00,47.02,47.02,47.02,47.02,111
2025-02-25 19:20:00,47.04,47.04,47.01,47.035,1820
2025-02-25 19:21:00,47.04,47.04,47.03,47.03,510
2025-02-25 19:22:00,47.025,47.04,47.02,47.04,1049
2025-02-25 19:27:00,47.04,47.07,47.04,47.07,710
2025-02-25 19:28:00,47.045,47.045,47.045,47.045,296
2025-02-25 19:29:00,47.06,47.06,47.04,47.055,869
2025-02-25 19:32:00,47.08,47.12,47.08,47.11,1209
2025-02-25 19:34:00,47.135,47.135,47.135,47.135,201
2025-02-25 19:35:00,47.14,47.14,47.14,47.14,249
2025-02-25 19:36:00,47.14,47.14,47.14,47.14,247
2025-02-25 19:38:00,47.14,47.187,47.14,47.187,1352
2025-02-25 19:40:00,47.23,47.23,47.23,47.23,232
2025-02-25 19:42:00,47.22,47.22,47.2,47.2,248
2025-02-25 19:44:00,47.2,47.24,47.2,47.22,824
2025-02-25 19:45:00,47.22,47.22,47.205,47.205,1077
2025-02-25 19:46:00,47.195,47.195,47.195,47.195,104
2025-02-25 19:50:00,47.195,47.22,47.195,47.22,485
2025-02-25 19:51:00,47.195,47.195,47.195,47.195,138
2025-02-25 19:53:00,47.23,47.23,47.23,47.23,104
2025-02-25 19:57:00,47.23,47.23,47.23,47.23,170
2025-02-25 19:59:00,47.195,47.195,47.17,47.175,659
2025-02-25 20:00:00,47.198,47.198,47.17,47.17,436
2025-02-25 20:01:00,47.2,47.2,47.18,47.185,963
2025-02-25 20:02:00,47.18,47.25,47.18,47.25,2487
2025-02-25 20:03:00,47.28,47.295,47.23,47.295,2802
2025-02-25 20:07:00,47.34,47.35,47.33,47.35,806
2025-02-25 20:08:00,47.385,47.385,47.31,47.31,2918
2025-02-25 20:10:00,47.32,47.32,47.25,47.25,2052
2025-02-25 20:11:00,47.29,47.29,47.29,47.29,204
2025-02-25 20:12:00,47.31,47.36,47.31,47.36,1273
2025-02-25 20:13:00,47.3555,47.3555,47.3555,47.3555,281
2025-02-25 20:14:00,47.36,47.36,47.36,47.36,516
2025-02-25 20:15:00,47.35,47.36,47.345,47.345,833
2025-02-25 20:16:00,47.365,47.365,47.365,47.365,493
2025-02-25 20:17:00,47.38,47.455,47.38,47.455,3878
2025-02-25 20:18:00,47.4401,47.46,47.43,47.44,1977
2025-02-25 20:19:00,47.45,47.45,47.43,47.45,1224
2025-02-25 20:20:00,47.45,47.5,47.45,47.5,2405
2025-02-25 20:21:00,47.495,47.495,47.495,47.495,377
2025-02-25 20:22:00,47.52,47.52,47.5,47.52,1061
2025-02-25 20:23:00,47.52,47.5499,47.5,47.5,824
2025-02-25 20:24:00,47.525,47.525,47.525,47.525,526
2025-02-25 20:25:00,47.525,47.525,47.44,47.44,1461
2025-02-25 20:26:00,47.46,47.46,47.44,47.44,414
2025-02-25 20:27:00,47.43,47.46,47.43,47.44,1365
2025-02-25 20:28:00,47.43,47.43,47.4,47.4,548
2025-02-25 20:29:00,47.42,47.42,47.41,47.41,909
2025-02-25 20:30:00,47.38,47.4,47.38,47.4,1042
2025-02-25 20:32:00,47.41,47.42,47.4,47.42,2134
2025-02-25 20:33:00,47.41,47.42,47.395,47.395,1426
2025-02-25 20:34:00,47.371,47.42,47.371,47.42,613
2025-02-25 20:35:00,47.395,47.42,47.395,47.42,852
2025-02-25 20:36:00,47.37,47.37,47.31,47.31,906
2025-02-25 20:37:00,47.33,47.35,47.315,47.315,1036
2025-02-25 20:38:00,47.32,47.33,47.27,47.33,2239
2025-02-25 20:39:00,47.315,47.315,47.315,47.315,506
2025-02-25 20:40:00,47.3,47.33,47.3,47.33,1350
2025-02-25 20:41:00,47.33,47.33,47.28,47.295,1811
2025-02-25 20:42:00,47.295,47.295,47.295,47.295,637
2025-02-25 20:43:00,47.32,47.32,47.295,47.3,2003
2025-02-25 20:44:00,47.36,47.36,47.31,47.31,782
2025-02-25 20:45:00,47.31,47.31,47.27,47.29,1275
2025-02-25 20:46:00,47.305,47.32,47.25,47.27,888
2025-02-25 20:47:00,47.28,47.28,47.26,47.26,797
2025-02-25 20:48:00,47.26,47.28,47.26,47.28,1664
2025-02-25 20:49:00,47.28,47.285,47.27,47.285,985
2025-02-25 20:50:00,47.27,47.32,47.25,47.32,4380
2025-02-25 20:51:00,47.32,47.34,47.31,47.31,2823
2025-02-25 20:52:00,47.3,47.3,47.27,47.27,1382
2025-02-25 20:53:00,47.275,47.29,47.25,47.25,3404
2025-02-25 20:54:00,47.25,47.275,47.25,47.26,3662
2025-02-25 20:55:00,47.27,47.3,47.26,47.28,4148
2025-02-25 20:56:00,47.29,47.33,47.27,47.33,3325
2025-02-25 20:57:00,47.33,47.36,47.33,47.35,3024
2025-02-25 20:58:00,47.355,47.38,47.355,47.37,3721
2025-02-25 20:59:00,47.36,47.37,47.29,47.37,8939
2025-02-25 21:00:00,47.36,47.36,47.36,47.36,1017
2025-02-26 00:11:00,47.9299,47.93,47.89,47.93,2000
2025-02-26 00:16:00,48.0,48.0,48.0,48.0,2030
2025-02-26 00:35:00,48.0,48.0,48.0,48.0,2000
2025-02-26 12:06:00,48.47,48.47,48.47,48.47,140
2025-02-26 12:19:00,48.5,48.5,48.5,48.5,300
2025-02-26 14:30:00,48.73,48.87,48.73,48.73,7634
2025-02-26 14:31:00,48.87,48.88,48.77,48.88,855
2025-02-26 14:32:00,48.88,48.88,48.88,48.88,190
2025-02-26 14:33:00,48.8,48.8,48.8,48.8,149
2025-02-26 14:34:00,48.8,48.8,48.8,48.8,272
2025-02-26 14:35:00,48.8,48.86,48.8,48.86,418
2025-02-26 14:36:00,48.795,48.795,48.795,48.795,215
2025-02-26 14:37:00,48.8,48.8,48.62,48.7172,3079
2025-02-26 14:38:00,48.71,48.71,48.7019,48.7019,536
2025-02-26 14:41:00,48.705,48.705,48.6243,48.6243,4413
2025-02-26 14:42:00,48.705,48.705,48.705,48.705,198
2025-02-26 14:44:00,48.6268,48.6268,48.6268,48.6268,210
2025-02-26 14:46:00,48.7,48.78,48.69,48.715,2095
2025-02-26 14:47:00,48.755,48.755,48.755,48.755,101
2025-02-26 14:49:00,48.9,48.9,48.9,48.9,731
2025-02-26 14:50:00,48.855,48.855,48.855,48.855,183
2025-02-26 14:53:00,48.9,48.9,48.9,48.9,1690
2025-02-26 14:55:00,48.92,48.94,48.87,48.87,3912
2025-02-26 14:58:00,48.88,48.925,48.88,48.925,2500
2025-02-26 14:59:00,48.92,48.92,48.88,48.89,1405
2025-02-26 15:02:00,48.8978,49.0,48.8978,48.98,2388
2025-02-26 15:03:00,48.98,48.98,48.945,48.945,2958
2025-02-26 15:05:00,48.945,48.945,48.935,48.935,636
2025-02-26 15:07:00,48.93,48.93,48.93,48.93,466
2025-02-26 15:08:00,48.935,48.935,48.935,48.935,669
2025-02-26 15:10:00,48.93,48.93,48.9,48.9,688
2025-02-26 15:11:00,48.88,48.885,48.88,48.885,432
2025-02-26 15:12:00,48.91,48.95,48.91,48.95,1074
2025-02-26 15:13:00,48.94,48.94,48.94,48.94,100
2025-02-26 15:15:00,48.94,48.94,48.94,48.94,483
2025-02-26 15:17:00,48.98,48.98,48.98,48.98,302
2025-02-26 15:18:00,48.97,49.01,48.94,49.0,3046
2025-02-26 15:20:00,48.98,49.03,48.98,48.98,2552
2025-02-26 15:22:00,48.9,48.93,48.9,48.93,1394
2025-02-26 15:23:00,48.85,48.85,48.85,48.85,308
2025-02-26 15:25:00,48.81,48.81,48.81,48.81,329
2025-02-26 15:28:00,48.81,48.81,48.81,48.81,170
2025-02-26 15:29:00,48.81,48.81,48.71,48.71,1437
2025-02-26 15:30:00,48.755,48.755,48.755,48.755,296
2025-02-26 15:32:00,48.85,48.91,48.85,48.91,1529
2025-02-26 15:33:00,48.905,48.905,48.905,48.905,309
2025-02-26 15:35:00,48.79,48.79,48.79,48.79,258
2025-02-26 15:39:00,48.78,48.81,48.78,48.79,1762
2025-02-26 15:41:00,48.78,48.78,48.78,48.78,127
2025-02-26 15:42:00,48.73,48.78,48.71,48.78,1773
2025-02-26 15:43:00,48.71,48.71,48.7,48.7,523
2025-02-26 15:45:00,48.69,48.735,48.69,48.71,566
2025-02-26 15:47:00,48.735,48.735,48.735,48.735,592
2025-02-26 15:48:00,48.73,48.73,48.73,48.73,744
2025-02-26 15:50:00,48.745,48.745,48.745,48.745,253
2025-02-26 15:53:00,48.78,48.8035,48.78,48.8035,1118
2025-02-26 15:55:00,48.745,48.745,48.74,48.74,793
2025-02-26 15:56:00,48.74,48.74,48.74,48.74,331
2025-02-26 15:59:00,48.79,48.79,48.79,48.79,1111
2025-02-26 16:00:00,48.83,48.83,48.83,48.83,556
2025-02-26 16:01:00,48.895,48.895,48.895,48.895,132
2025-02-26 16:02:00,48.895,48.895,48.885,48.885,213
2025-02-26 16:03:00,48.885,48.885,48.885,48.885,200
2025-02-26 16:05:00,48.84,48.92,48.84,48.8625,943
2025-02-26 16:08:00,48.86,48.86,48.86,48.86,215
2025-02-26 16:09:00,48.86,48.86,48.86,48.86,199
2025-02-26 16:10:00,48.89,48.9,48.82,48.89,996
2025-02-26 16:12:00,48.845,48.845,48.845,48.845,218
2025-02-26 16:13:00,48.845,48.87,48.79,48.84,1896
2025-02-26 16:14:00,48.86,48.86,48.86,48.86,101
2025-02-26 16:15:00,48.8816,48.8816,48.85,48.85,1153
2025-02-26 16:16:00,48.86,48.86,48.86,48.86,382
2025-02-26 16:18:00,48.86,48.88,48.81,48.81,718
2025-02-26 16:19:00,48.8,48.825,48.75,48.75,1853
2025-02-26 16:20:00,48.76,48.79,48.76,48.79,1170
2025-02-26 16:21:00,48.77,48.77,48.77,48.77,104
2025-02-26 16:23:00,48.81,48.865,48.81,48.865,676
2025-02-26 16:24:00,48.865,48.865,48.85,48.85,320
2025-02-26 16:26:00,48.865,48.865,48.76,48.76,200
2025-02-26 16:27:00,48.84,48.84,48.84,48.84,261
2025-02-26 16:28:00,48.77,48.845,48.75,48.83,1117
2025-02-26 16:32:00,48.7,48.7,48.7,48.7,393
2025-02-26 16:35:00,48.76,48.76,48.76,48.76,473
2025-02-26 16:37:00,48.775,48.775,48.775,48.775,506
2025-02-26 16:38:00,48.83,48.83,48.83,48.83,532
2025-02-26 16:39:00,48.8565,48.8565,48.8565,48.8565,461
2025-02-26 16:40:00,48.83,48.83,48.83,48.83,336
2025-02-26 16:41:00,48.815,48.815,48.815,48.815,264
2025-02-26 16:42:00,48.805,48.805,48.805,48.805,240
2025-02-26 16:44:00,48.83,48.86,48.83,48.86,695
2025-02-26 16:45:00,48.83,48.83,48.81,48.83,699
2025-02-26 16:46:00,48.8,48.8,48.8,48.8,270
2025-02-26 16:47:00,48.83,48.83,48.83,48.83,495
2025-02-26 16:48:00,48.83,48.83,48.83,48.83,195
2025-02-26 16:49:00,48.825,48.825,48.8,48.8,433
2025-02-26 16:50:00,48.81,48.81,48.81,48.81,297
2025-02-26 16:51:00,48.81,48.81,48.81,48.81,310
2025-02-26 16:53:00,48.82,48.82,48.795,48.795,779
2025-02-26 16:54:00,48.786,48.82,48.786,48.805,1983
2025-02-26 16:55:00,48.77,48.8,48.77,48.77,1778
2025-02-26 16:57:00,48.755,48.755,48.74,48.74,438
2025-02-26 16:58:00,48.725,48.725,48.725,48.725,178
2025-02-26 16:59:00,48.71,48.71,48.67,48.67,771
2025-02-26 17:01:00,48.72,48.725,48.72,48.725,1105
2025-02-26 17:02:00,48.74,48.74,48.74,48.74,4105
2025-02-26 17:07:00,48.79,48.79,48.79,48.79,866
2025-02-26 17:16:00,48.76,48.76,48.76,48.76,680
2025-02-26 17:17:00,48.78,48.78,48.78,48.78,304
2025-02-26 17:18:00,48.78,48.78,48.66,48.66,1634
2025-02-26 17:19:00,48.68,48.68,48.68,48.68,932
2025-02-26 17:21:00,48.735,48.735,48.735,48.735,296
2025-02-26 17:29:00,48.695,48.76,48.695,48.76,1285
2025-02-26 17:30:00,48.8,48.8,48.8,48.8,714
2025-02-26 17:31:00,48.8,48.8,48.8,48.8,446
2025-02-26 17:32:00,48.74,48.765,48.74,48.765,1083
2025-02-26 17:33:00,48.75,48.8185,48.704117,48.704117,2091
2025-02-26 17:35:00,48.725,48.725,48.725,48.725,223
2025-02-26 17:38:00,48.665,48.665,48.665,48.665,305
2025-02-26 17:40:00,48.64,48.67,48.64,48.67,689
2025-02-26 17:41:00,48.68,48.68,48.68,48.68,549
2025-02-26 17:42:00,48.66,48.66,48.66,48.66,238
2025-02-26 17:44:00,48.69,48.75,48.69,48.75,1207
2025-02-26 17:47:00,48.64,48.64,48.64,48.64,520
2025-02-26 17:52:00,48.635,48.635,48.635,48.635,590
2025-02-26 18:00:00,48.58,48.58,48.58,48.58,498
2025-02-26 18:01:00,48.55,48.55,48.55,48.55,1603
2025-02-26 18:03:00,48.595,48.595,48.595,48.595,483
2025-02-26 18:04:00,48.64,48.64,48.64,48.64,494
2025-02-26 18:05:00,48.64,48.64,48.64,48.64,1210
2025-02-26 18:06:00,48.65,48.68,48.65,48.68,1092
2025-02-26 18:12:00,48.62,48.6525,48.59,48.615,1532
2025-02-26 18:13:00,48.605,48.605,48.605,48.605,491
2025-02-26 18:15:00,48.63,48.63,48.63,48.63,712
2025-02-26 18:16:00,48.605,48.605,48.605,48.605,793
2025-02-26 18:17:00,48.59,48.59,48.59,48.59,451
2025-02-26 18:18:00,48.65,48.66,48.6,48.66,3169
2025-02-26 18:19:00,48.66,48.67,48.66,48.67,601
2025-02-26 18:21:00,48.71,48.71,48.71,48.71,319
2025-02-26 18:23:00,48.71,48.71,48.71,48.71,310
2025-02-26 18:24:00,48.675,48.72,48.675,48.72,473
2025-02-26 18:26:00,48.63,48.66,48.63,48.66,1481
2025-02-26 18:28:00,48.64,48.64,48.595,48.595,2228
2025-02-26 18:29:00,48.595,48.61,48.58,48.61,2089
2025-02-26 18:30:00,48.62,48.62,48.62,48.62,896
2025-02-26 18:32:00,48.67,48.68,48.67,48.68,1199
2025-02-26 18:34:00,48.66,48.66,48.64,48.655,975
2025-02-26 18:35:00,48.68,48.68,48.68,48.68,358
2025-02-26 18:36:00,48.67,48.67,48.67,48.67,513
2025-02-26 18:38:00,48.67,48.705,48.67,48.67,470
2025-02-26 18:39:00,48.63,48.63,48.63,48.63,342
2025-02-26 18:40:00,48.66,48.66,48.66,48.66,307
2025-02-26 18:41:00,48.67,48.67,48.67,48.67,558
2025-02-26 18:42:00,48.63,48.63,48.63,48.63,585
2025-02-26 18:45:00,48.67,48.67,48.67,48.67,449
2025-02-26 18:47:00,48.65,48.65,48.65,48.65,785
2025-02-26 18:48:00,48.68,48.68,48.66,48.66,725
2025-02-26 18:49:00,48.67,48.67,48.67,48.67,186
2025-02-26 18:50:00,48.67,48.67,48.67,48.67,690
2025-02-26 18:53:00,48.65,48.65,48.65,48.65,234
2025-02-26 18:55:00,48.62,48.64,48.62,48.64,1241
2025-02-26 18:57:00,48.64,48.64,48.64,48.64,879
2025-02-26 18:58:00,48.6038,48.6038,48.6038,48.6038,237
2025-02-26 19:00:00,48.63,48.67,48.63,48.67,497
2025-02-26 19:02:00,48.64,48.64,48.64,48.64,149
2025-02-26 19:04:00,48.68,48.68,48.68,48.68,228
2025-02-26 19:05:00,48.66,48.66,48.66,48.66,496
2025-02-26 19:06:00,48.67,48.67,48.67,48.67,549
2025-02-26 19:07:00,48.67,48.67,48.64,48.64,1038
2025-02-26 19:08:00,48.63,48.64,48.63,48.63,740
2025-02-26 19:11:00,48.66,48.6894,48.63,48.63,1326
2025-02-26 19:12:00,48.65,48.65,48.625,48.625,747
2025-02-26 19:13:00,48.66,48.66,48.65,48.65,595
2025-02-26 19:14:00,48.65,48.65,48.645,48.65,1289
2025-02-26 19:15:00,48.63,48.64,48.6,48.62,2530
2025-02-26 19:17:00,48.65,48.65,48.65,48.65,704
2025-02-26 19:19:00,48.66,48.66,48.66,48.66,136
2025-02-26 19:21:00,48.66,48.66,48.66,48.66,353
2025-02-26 19:22:00,48.68,48.68,48.68,48.68,313
2025-02-26 19:23:00,48.66,48.66,48.66,48.66,132
2025-02-26 19:25:00,48.6201,48.6201,48.6201,48.6201,101
2025-02-26 19:26:00,48.68,48.68,48.67,48.67,900
2025-02-26 19:29:00,48.65,48.68,48.65,48.66,2351
2025-02-26 19:30:00,48.63,48.7,48.62,48.67,4659
2025-02-26 19:33:00,48.645,48.645,48.64,48.64,275
2025-02-26 19:36:00,48.645,48.645,48.645,48.645,123
2025-02-26 19:42:00,48.64,48.64,48.64,48.64,535
2025-02-26 19:50:00,48.62,48.62,48.62,48.62,250
2025-02-26 19:51:00,48.63,48.63,48.55,48.55,4335
2025-02-26 19:52:00,48.49,48.49,48.49,48.49,250
2025-02-26 19:54:00,48.47,48.48,48.47,48.48,620
2025-02-26 19:56:00,48.4955,48.4955,48.4955,48.4955,628
2025-02-26 19:58:00,48.43,48.43,48.43,48.43,573
2025-02-26 19:59:00,48.42,48.42,48.35,48.35,690
2025-02-26 20:02:00,48.415,48.415,48.415,48.415,352
2025-02-26 20:04:00,48.34,48.34,48.34,48.34,111
2025-02-26 20:05:00,48.405,48.405,48.405,48.405,356
2025-02-26 20:07:00,48.405,48.405,48.4,48.4,339
2025-02-26 20:08:00,48.4815,48.4815,48.4815,48.4815,638
2025-02-26 20:09:00,48.34,48.405,48.34,48.405,314
2025-02-26 20:10:00,48.405,48.405,48.405,48.405,226
2025-02-26 20:12:00,48.405,48.48,48.39,48.39,1550
2025-02-26 20:13:00,48.43,48.43,48.43,48.43,279
2025-02-26 20:14:00,48.43,48.43,48.43,48.43,302
2025-02-26 20:15:00,48.38,48.43,48.38,48.43,402
2025-02-26 20:16:00,48.425,48.425,48.385,48.385,676
2025-02-26 20:18:00,48.385,48.47,48.385,48.47,3591
2025-02-26 20:19:00,48.49,48.52,48.49,48.52,431
2025-02-26 20:20:00,48.52,48.52,48.52,48.52,302
2025-02-26 20:23:00,48.5885,48.59,48.5885,48.59,807
2025-02-26 20:24:00,48.52,48.54,48.515,48.54,393
2025-02-26 20:25:00,48.44,48.44,48.44,48.44,121
2025-02-26 20:26:00,48.52,48.57,48.52,48.55,667
2025-02-26 20:27:00,48.5,48.5,48.5,48.5,256
2025-02-26 20:28:00,48.54,48.54,48.49,48.49,900
2025-02-26 20:29:00,48.5072,48.55,48.5072,48.54,1806
2025-02-26 20:30:00,48.53,48.53,48.53,48.53,699
2025-02-26 20:31:00,48.53,48.53,48.49,48.49,919
2025-02-26 20:32:00,48.49,48.52,48.49,48.52,1115
2025-02-26 20:35:00,48.52,48.52,48.52,48.52,464
2025-02-26 20:36:00,48.516,48.595,48.516,48.595,1196
2025-02-26 20:37:00,48.56,48.56,48.56,48.56,313
2025-02-26 20:39:00,48.565,48.565,48.565,48.565,773
2025-02-26 20:40:00,48.62,48.62,48.595,48.595,722
2025-02-26 20:42:00,48.58,48.61,48.58,48.61,424
2025-02-26 20:43:00,48.58,48.608,48.58,48.608,1000
2025-02-26 20:44:00,48.59,48.65,48.59,48.61,2320
2025-02-26 20:45:00,48.635,48.635,48.635,48.635,312
2025-02-26 20:47:00,48.61,48.64,48.6,48.6,2660
2025-02-26 20:48:00,48.61,48.61,48.61,48.61,839
2025-02-26 20:49:00,48.595,48.61,48.595,48.595,510
2025-02-26 20:50:00,48.595,48.595,48.57,48.575,1740
2025-02-26 20:51:00,48.58,48.58,48.58,48.58,483
2025-02-26 20:52:00,48.57,48.57,48.57,48.57,1307
2025-02-26 20:53:00,48.57,48.6,48.57,48.585,2715
2025-02-26 20:54:00,48.55,48.55,48.55,48.55,840
2025-02-26 20:55:00,48.56,48.56,48.525,48.525,2910
2025-02-26 20:56:00,48.525,48.525,48.48,48.495,2629
2025-02-26 20:57:00,48.49,48.5,48.46,48.48,5917
2025-02-26 20:58:00,48.485,48.485,48.47,48.48,990
2025-02-26 20:59:00,48.48,48.56,48.43,48.46,14553
2025-02-27 09:10:00,48.47,48.47,48.47,48.47,136
2025-02-27 14:30:00,48.47,48.88,48.47,48.88,3086
2025-02-27 14:31:00,48.83,48.83,48.77,48.77,616
2025-02-27 14:32:00,48.81,48.88,48.74,48.81,4353
2025-02-27 14:33:00,48.75,48.75,48.72,48.72,772
2025-02-27 14:35:00,48.76,48.76,48.7408,48.7408,280
2025-02-27 14:37:00,48.775,48.775,48.775,48.775,200
2025-02-27 14:40:00,48.71,48.71,48.71,48.71,110
2025-02-27 14:42:00,48.71,48.71,48.71,48.71,114
2025-02-27 14:43:00,48.77,48.77,48.77,48.77,300
2025-02-27 14:45:00,48.69,48.76,48.6,48.7,2685
2025-02-27 14:49:00,48.58,48.585,48.56,48.585,989
2025-02-27 14:51:00,48.48,48.48,48.48,48.48,1272
2025-02-27 14:53:00,48.33,48.33,48.31,48.31,600
2025-02-27 14:54:00,48.325,48.325,48.325,48.325,336
2025-02-27 14:56:00,48.305,48.305,48.1601,48.1601,424
2025-02-27 14:57:00,48.325,48.42,48.325,48.325,529
2025-02-27 14:58:00,48.27,48.325,48.27,48.325,320
2025-02-27 14:59:00,48.33,48.33,48.22,48.22,814
2025-02-27 15:00:00,48.145,48.145,48.07,48.09,327
2025-02-27 15:01:00,48.13,48.13,48.08,48.115,1513
2025-02-27 15:02:00,48.07,48.07,48.07,48.07,310
2025-02-27 15:03:00,48.2,48.2,48.115,48.115,822
2025-02-27 15:04:00,48.115,48.23,48.115,48.14,3653
2025-02-27 15:05:00,48.25,48.26,48.23,48.23,1181
2025-02-27 15:06:00,48.25,48.25,48.25,48.25,312
2025-02-27 15:07:00,48.215,48.22,48.215,48.22,422
2025-02-27 15:08:00,48.16,48.16,48.135,48.14,1320
2025-02-27 15:09:00,48.14,48.14,48.14,48.14,179
2025-02-27 15:11:00,48.205,48.205,48.205,48.205,538
2025-02-27 15:12:00,48.275,48.275,48.275,48.275,111
2025-02-27 15:14:00,48.32,48.32,48.32,48.32,396
2025-02-27 15:15:00,48.3,48.35,48.3,48.33,1248
2025-02-27 15:16:00,48.33,48.34,48.33,48.34,313
2025-02-27 15:17:00,48.35,48.35,48.34,48.34,520
2025-02-27 15:18:00,48.37,48.39,48.37,48.39,1525
2025-02-27 15:19:00,48.42,48.42,48.42,48.42,475
2025-02-27 15:20:00,48.465,48.465,48.465,48.465,207
2025-02-27 15:21:00,48.46,48.46,48.46,48.46,273
2025-02-27 15:22:00,48.46,48.54,48.46,48.475,979
2025-02-27 15:24:00,48.515,48.515,48.515,48.515,685
2025-02-27 15:25:00,48.48,48.48,48.394,48.394,811
2025-02-27 15:28:00,48.405,48.405,48.405,48.405,367
2025-02-27 15:30:00,48.405,48.405,48.405,48.405,201
2025-02-27 15:33:00,48.315,48.315,48.31,48.31,574
2025-02-27 15:36:00,48.28,48.28,48.17,48.17,405
2025-02-27 15:37:00,48.12,48.12,48.12,48.12,220
2025-02-27 15:38:00,48.28,48.28,48.28,48.28,403
2025-02-27 15:40:00,48.305,48.305,48.305,48.305,165
2025-02-27 15:41:00,48.305,48.305,48.305,48.305,234
2025-02-27 15:42:00,48.3125,48.3125,48.3125,48.3125,315
2025-02-27 15:43:00,48.34,48.37,48.34,48.37,282
2025-02-27 15:45:00,48.32,48.32,48.32,48.32,415
2025-02-27 15:46:00,48.32,48.34,48.32,48.34,442
2025-02-27 15:47:00,48.34,48.37,48.335,48.335,666
2025-02-27 15:48:00,48.365,48.365,48.365,48.365,378
2025-02-27 15:49:00,48.37,48.37,48.37,48.37,116
2025-02-27 15:50:00,48.315,48.315,48.315,48.315,337
2025-02-27 15:53:00,48.295,48.295,48.27,48.27,377
2025-02-27 15:54:00,48.295,48.295,48.295,48.295,322
2025-02-27 15:55:00,48.34,48.34,48.26,48.26,812
2025-02-27 15:58:00,48.2865,48.2865,48.17,48.18,1557
2025-02-27 16:00:00,48.13,48.2379,48.13,48.15,2238
2025-02-27 16:03:00,48.145,48.145,48.145,48.145,901
2025-02-27 16:05:00,48.145,48.145,48.145,48.145,174
2025-02-27 16:06:00,48.235,48.235,48.155,48.155,325
2025-02-27 16:09:00,48.16,48.23,48.16,48.23,358
2025-02-27 16:10:00,48.2242,48.23,48.17,48.17,522
2025-02-27 16:12:00,48.2335,48.2335,48.23,48.23,703
2025-02-27 16:13:00,48.22,48.26,48.22,48.25,1822
2025-02-27 16:14:00,48.31,48.31,48.23,48.27,959
2025-02-27 16:15:00,48.295,48.32,48.25,48.25,2445
2025-02-27 16:16:00,48.27,48.27,48.27,48.27,212
2025-02-27 16:18:00,48.2416,48.2416,48.2416,48.2416,571
2025-02-27 16:20:00,48.265,48.3,48.255,48.255,490
2025-02-27 16:21:00,48.2,48.225,48.15,48.15,1098
2025-02-27 16:24:00,48.18,48.18,48.18,48.18,117
2025-02-27 16:25:00,48.175,48.175,48.16,48.16,497
2025-02-27 16:26:00,48.07,48.07,48.07,48.07,308
2025-02-27 16:27:00,48.04,48.105,48.04,48.105,335
2025-02-27 16:29:00,48.12,48.12,48.12,48.12,242
2025-02-27 16:30:00,48.08,48.115,48.07,48.115,447
2025-02-27 16:31:00,48.1153,48.1153,48.1153,48.1153,272
2025-02-27 16:33:00,48.1,48.115,48.07,48.07,2074
2025-02-27 16:34:00,48.08,48.12,48.08,48.11,1833
2025-02-27 16:36:00,48.16,48.16,48.15,48.15,608
2025-02-27 16:38:00,48.19,48.2,48.19,48.19,783
2025-02-27 16:39:00,48.17,48.245,48.17,48.245,855
2025-02-27 16:42:00,48.18,48.18,48.17,48.17,845
2025-02-27 16:43:00,48.2075,48.2075,48.195,48.195,377
2025-02-27 16:45:00,48.237,48.237,48.19,48.19,842
2025-02-27 16:46:00,48.21,48.215,48.19,48.19,1544
2025-02-27 16:47:00,48.16,48.16,48.16,48.16,143
2025-02-27 16:48:00,48.17,48.17,48.17,48.17,290
2025-02-27 16:49:00,48.14,48.14,48.14,48.14,237
2025-02-27 16:51:00,48.09,48.09,48.09,48.09,109
2025-02-27 16:52:00,48.09,48.09,48.09,48.09,399
2025-02-27 16:53:00,48.06,48.06,48.06,48.06,103
2025-02-27 16:56:00,48.04,48.05,48.04,48.05,689
2025-02-27 16:57:00,48.04,48.05,48.04,48.04,1924
2025-02-27 16:58:00,48.05,48.08,48.05,48.08,201
2025-02-27 16:59:00,48.04,48.04,48.02,48.02,1595
2025-02-27 17:01:00,47.975,47.975,47.975,47.975,277
2025-02-27 17:02:00,47.98,48.07,47.95,48.055,1868
2025-02-27 17:03:00,48.04,48.04,48.04,48.04,296
2025-02-27 17:06:00,48.025,48.025,48.025,48.025,187
2025-02-27 17:08:00,47.97,47.97,47.97,47.97,373
2025-02-27 17:14:00,47.87,47.87,47.87,47.87,1210
2025-02-27 17:15:00,47.92,47.925,47.91,47.925,1594
2025-02-27 17:16:00,47.955,47.955,47.92,47.92,905
2025-02-27 17:18:00,47.9,47.9,47.9,47.9,287
2025-02-27 17:22:00,47.89,47.89,47.89,47.89,239
2025-02-27 17:23:00,47.92,47.92,47.92,47.92,480
2025-02-27 17:26:00,47.9525,47.96,47.92,47.92,3037
2025-02-27 17:27:00,47.95,47.98,47.95,47.98,1779
2025-02-27 17:28:00,48.0,48.0,48.0,48.0,524
2025-02-27 17:30:00,48.07,48.07,48.03,48.03,557
2025-02-27 17:33:00,48.03,48.03,48.03,48.03,496
2025-02-27 17:34:00,48.065,48.065,48.065,48.065,426
2025-02-27 17:35:00,48.0993,48.17,48.065,48.17,3641
2025-02-27 17:36:00,48.11,48.11,48.11,48.11,265
2025-02-27 17:37:00,48.09,48.153,48.09,48.153,1207
2025-02-27 17:40:00,48.09,48.09,48.09,48.09,276
2025-02-27 17:41:00,48.07,48.07,48.07,48.07,2410
2025-02-27 17:42:00,47.8855,47.8855,47.8855,47.8855,370
2025-02-27 17:43:00,47.83,47.83,47.83,47.83,164
2025-02-27 17:44:00,47.9,47.9,47.9,47.9,123
2025-02-27 17:45:00,47.95,47.95,47.95,47.95,1022
2025-02-27 17:46:00,47.99,47.99,47.99,47.99,427
2025-02-27 17:49:00,47.96,47.96,47.96,47.96,232
2025-02-27 17:52:00,47.97,47.97,47.935,47.935,447
2025-02-27 17:53:00,47.97,47.99,47.97,47.975,907
2025-02-27 17:54:00,47.975,47.995,47.975,47.995,359
2025-02-27 17:55:00,47.975,48.0,47.975,48.0,980
2025-02-27 17:58:00,48.005,48.005,48.005,48.005,185
2025-02-27 17:59:00,48.0,48.0,48.0,48.0,186
2025-02-27 18:00:00,48.0,48.0,48.0,48.0,382
2025-02-27 18:04:00,48.05,48.05,47.95,47.95,4403
2025-02-27 18:05:00,47.93,47.93,47.925,47.925,265
2025-02-27 18:07:00,47.91,47.91,47.91,47.91,118
2025-02-27 18:08:00,47.94,47.94,47.94,47.94,200
2025-02-27 18:09:00,47.98,47.98,47.94,47.94,631
2025-02-27 18:10:00,47.945,47.98,47.945,47.98,426
2025-02-27 18:13:00,48.01,48.01,48.01,48.01,394
2025-02-27 18:17:00,48.05,48.05,48.0,48.02,3228
2025-02-27 18:18:00,47.97,47.97,47.91,47.91,787
2025-02-27 18:19:00,47.97,47.97,47.97,47.97,453
2025-02-27 18:20:00,47.965,47.965,47.965,47.965,299
2025-02-27 18:21:00,47.965,47.965,47.965,47.965,201
2025-02-27 18:22:00,47.98,48.05,47.98,48.05,1493
2025-02-27 18:23:00,48.06,48.06,48.06,48.06,470
2025-02-27 18:26:00,48.065,48.065,48.065,48.065,348
2025-02-27 18:27:00,48.065,48.065,48.065,48.065,280
2025-02-27 18:28:00,48.035,48.035,48.03,48.03,643
2025-02-27 18:29:00,48.031,48.065,48.031,48.065,514
2025-02-27 18:30:00,48.06,48.07,48.06,48.07,503
2025-02-27 18:31:00,48.08,48.08,48.08,48.08,412
2025-02-27 18:34:00,48.09,48.09,48.085,48.085,319
2025-02-27 18:36:00,48.1,48.13,48.1,48.13,874
2025-02-27 18:37:00,48.11,48.11,48.11,48.11,103
2025-02-27 18:38:00,48.105,48.105,48.105,48.105,194
2025-02-27 18:39:00,48.13,48.155,48.115,48.15,1442
2025-02-27 18:42:00,48.135,48.135,48.135,48.135,168
2025-02-27 18:43:00,48.09,48.09,48.09,48.09,446
2025-02-27 18:45:00,48.12,48.12,48.12,48.12,172
2025-02-27 18:46:00,48.12,48.12,48.12,48.12,239
2025-02-27 18:47:00,48.1,48.1,48.1,48.1,383
2025-02-27 18:49:00,48.125,48.125,48.125,48.125,208
2025-02-27 18:50:00,48.125,48.125,48.125,48.125,272
2025-02-27 18:51:00,48.12,48.12,48.12,48.12,172
2025-02-27 18:52:00,48.15,48.19,48.15,48.19,1300
2025-02-27 18:53:00,48.2,48.2,48.2,48.2,181
2025-02-27 18:55:00,48.24,48.24,48.225,48.225,352
2025-02-27 18:59:00,48.215,48.215,48.18,48.18,1742
2025-02-27 19:04:00,48.165,48.165,48.165,48.165,328
2025-02-27 19:07:00,48.1777,48.1777,48.1777,48.1777,312
2025-02-27 19:16:00,48.07,48.08,48.05,48.065,1724
2025-02-27 19:17:00,48.1,48.1,48.1,48.1,557
2025-02-27 19:19:00,48.1,48.1,48.085,48.085,215
2025-02-27 19:21:00,48.127,48.127,48.127,48.127,750
2025-02-27 19:22:00,48.1,48.1,48.1,48.1,241
2025-02-27 19:23:00,48.1,48.1,48.1,48.1,211
2025-02-27 19:24:00,48.07,48.1291,48.07,48.1291,1372
2025-02-27 19:25:00,48.04,48.11,48.04,48.11,361
2025-02-27 19:27:00,48.035,48.035,48.035,48.035,327
2025-02-27 19:29:00,48.015,48.015,47.945,47.945,1662
2025-02-27 19:30:00,47.945,47.97,47.925,47.925,789
2025-02-27 19:31:00,47.95,47.95,47.925,47.925,902
2025-02-27 19:32:00,47.89,47.89,47.89,47.89,434
2025-02-27 19:33:00,47.89,47.89,47.855,47.855,428
2025-02-27 19:34:00,47.8,47.83,47.8,47.82,446
2025-02-27 19:35:00,47.71,47.82,47.71,47.82,251
2025-02-27 19:36:00,47.82,47.82,47.76,47.82,509
2025-02-27 19:37:00,47.82,47.82,47.82,47.82,384
2025-02-27 19:38:00,47.82,47.82,47.82,47.82,292
2025-02-27 19:40:00,47.72,47.82,47.72,47.82,337
2025-02-27 19:41:00,47.7,47.8054,47.7,47.8054,526
2025-02-27 19:42:00,47.765,47.765,47.67,47.67,725
2025-02-27 19:43:00,47.64,47.64,47.64,47.64,203
2025-02-27 19:44:00,47.69,47.69,47.69,47.69,433
2025-02-27 19:45:00,47.69,47.75,47.69,47.75,402
2025-02-27 19:48:00,47.695,47.695,47.695,47.695,148
2025-02-27 19:49:00,47.695,47.695,47.695,47.695,346
2025-02-27 19:50:00,47.69,47.69,47.69,47.69,246
2025-02-27 19:52:00,47.705,47.79,47.705,47.79,2308
2025-02-27 19:55:00,47.775,47.775,47.735,47.7361,765
2025-02-27 19:56:00,47.735,47.735,47.735,47.735,132
2025-02-27 19:57:00,47.735,47.735,47.735,47.735,398
2025-02-27 19:58:00,47.82,47.82,47.65,47.65,329
2025-02-27 20:01:00,47.69,47.69,47.61,47.64,2571
2025-02-27 20:02:00,47.58,47.61,47.58,47.61,2138
2025-02-27 20:03:00,47.585,47.585,47.585,47.585,250
2025-02-27 20:04:00,47.58,47.58,47.55,47.56,813
2025-02-27 20:06:00,47.605,47.66,47.605,47.635,1403
2025-02-27 20:07:00,47.68,47.72,47.68,47.72,1899
2025-02-27 20:08:00,47.71,47.71,47.71,47.71,574
2025-02-27 20:09:00,47.7,47.7,47.7,47.7,177
2025-02-27 20:12:00,47.6894,47.79,47.6894,47.79,3113
2025-02-27 20:13:00,47.83,47.84,47.8,47.835,2629
2025-02-27 20:14:00,47.82,47.845,47.81,47.81,1760
2025-02-27 20:15:00,47.87,47.88,47.86,47.88,1702
2025-02-27 20:18:00,47.83,47.87,47.83,47.87,689
2025-02-27 20:19:00,47.82,47.87,47.82,47.83,1300
2025-02-27 20:20:00,47.87,47.87,47.87,47.87,1772
2025-02-27 20:22:00,47.89,47.955,47.89,47.955,2089
2025-02-27 20:24:00,47.95,47.95,47.95,47.95,533
2025-02-27 20:25:00,47.9799,47.9799,47.9799,47.9799,512
2025-02-27 20:26:00,47.92,47.92,47.89,47.89,1430
2025-02-27 20:28:00,47.88,47.88,47.865,47.865,932
2025-02-27 20:29:00,47.78,47.78,47.78,47.78,485
2025-02-27 20:30:00,47.75,47.79,47.75,47.775,1208
2025-02-27 20:31:00,47.85,47.85,47.85,47.85,584
2025-02-27 20:32:00,47.82,47.82,47.82,47.82,533
2025-02-27 20:34:00,47.825,47.86,47.825,47.86,422
2025-02-27 20:35:00,47.845,47.845,47.845,47.845,649
2025-02-27 20:36:00,47.87,47.88,47.83,47.83,2075
2025-02-27 20:37:00,47.84,47.84,47.825,47.825,689
2025-02-27 20:38:00,47.83,47.86,47.83,47.86,449
2025-02-27 20:39:00,47.82,47.82,47.8,47.81,835
2025-02-27 20:40:00,47.785,47.785,47.785,47.785,1648
2025-02-27 20:41:00,47.78,47.79,47.765,47.79,1993
2025-02-27 20:42:00,47.81,47.81,47.78,47.78,1486
2025-02-27 20:43:00,47.8,47.81,47.8,47.8,1243
2025-02-27 20:44:00,47.795,47.82,47.795,47.81,1397
2025-02-27 20:45:00,47.78,47.79,47.76,47.79,1821
2025-02-27 20:46:00,47.79,47.795,47.75,47.78,5249
2025-02-27 20:47:00,47.78,47.82,47.78,47.81,3138
2025-02-27 20:48:00,47.81,47.855,47.81,47.855,2747
2025-02-27 20:49:00,47.88,47.89,47.865,47.865,2388
2025-02-27 20:50:00,47.86,47.88,47.85,47.86,1848
2025-02-27 20:51:00,47.88,47.88,47.84,47.84,2332
2025-02-27 20:52:00,47.855,47.87,47.845,47.855,2237
2025-02-27 20:53:00,47.88,47.88,47.845,47.845,1099
2025-02-27 20:54:00,47.83,47.865,47.83,47.85,2468
2025-02-27 20:55:00,47.84,47.84,47.79,47.8,6798
2025-02-27 20:56:00,47.77,47.79,47.765,47.78,3980
2025-02-27 20:57:00,47.78,47.81,47.775,47.785,5717
2025-02-27 20:58:00,47.79,47.82,47.78,47.78,5351
2025-02-27 20:59:00,47.79,47.83,47.79,47.795,7616
2025-02-27 22:05:00,47.79,47.79,47.79,47.79,204
2025-02-28 14:30:00,46.77,46.77,46.77,46.77,1604
2025-02-28 14:38:00,46.53,46.53,46.53,46.53,116
2025-02-28 14:39:00,46.86,46.86,46.86,46.86,437
2025-02-28 14:53:00,46.435,46.435,46.435,46.435,105
2025-02-28 14:54:00,46.35,46.35,46.35,46.35,326
2025-02-28 15:03:00,46.415,46.415,46.24,46.24,301
2025-02-28 15:13:00,46.425,46.425,46.425,46.425,176
2025-02-28 15:22:00,46.31,46.31,46.31,46.31,642
2025-02-28 15:24:00,46.33,46.33,46.33,46.33,130
2025-02-28 15:26:00,46.28,46.28,46.28,46.28,104
2025-02-28 15:27:00,46.28,46.345,46.28,46.31,484
2025-02-28 15:28:00,46.345,46.345,46.345,46.345,812
2025-02-28 15:29:00,46.35,46.35,46.35,46.35,231
2025-02-28 15:30:00,46.335,46.335,46.335,46.335,155
2025-02-28 15:31:00,46.41,46.41,46.38,46.41,687
2025-02-28 15:34:00,46.38,46.38,46.38,46.38,170
2025-02-28 15:37:00,46.38,46.38,46.31,46.365,572
2025-02-28 15:38:00,46.418,46.43,46.365,46.43,1097
2025-02-28 15:39:00,46.455,46.455,46.455,46.455,513
2025-02-28 15:42:00,46.46,46.46,46.46,46.46,116
2025-02-28 15:45:00,46.45,46.45,46.45,46.45,291
2025-02-28 15:47:00,46.6078,46.6078,46.6078,46.6078,200
2025-02-28 15:55:00,46.43,46.43,46.4,46.4,725
2025-02-28 15:56:00,46.32,46.3981,46.32,46.33,444
2025-02-28 15:58:00,46.31,46.31,46.31,46.31,208
2025-02-28 16:00:00,46.38,46.45,46.38,46.45,754
2025-02-28 16:01:00,46.48,46.48,46.44,46.44,638
2025-02-28 16:03:00,46.47,46.47,46.445,46.445,744
2025-02-28 16:04:00,46.49,46.49,46.49,46.49,428
2025-02-28 16:06:00,46.53,46.56,46.53,46.56,976
2025-02-28 16:07:00,46.53,46.55,46.51,46.55,1453
2025-02-28 16:09:00,46.48,46.48,46.41,46.41,411
2025-02-28 16:15:00,46.6,46.6,46.6,46.6,769
2025-02-28 16:16:00,46.41,46.42,46.41,46.42,872
2025-02-28 16:19:00,46.435,46.435,46.34,46.34,2154
2025-02-28 16:20:00,46.39,46.395,46.31,46.32,826
2025-02-28 16:24:00,46.31,46.355,46.3,46.33,872
2025-02-28 16:25:00,46.257,46.257,46.257,46.257,834
2025-02-28 16:26:00,46.24,46.25,46.24,46.24,468
2025-02-28 16:28:00,46.27,46.27,46.27,46.27,271
2025-02-28 16:29:00,46.27,46.27,46.07,46.075,5669
2025-02-28 16:30:00,46.13,46.13,46.075,46.075,762
2025-02-28 16:31:00,46.08,46.08,46.08,46.08,735
2025-02-28 16:32:00,46.14,46.14,46.1,46.1,707
2025-02-28 16:34:00,46.16,46.16,46.16,46.16,284
2025-02-28 16:35:00,46.1,46.11,46.07,46.08,925
2025-02-28 16:36:00,46.095,46.095,46.095,46.095,318
2025-02-28 16:37:00,46.105,46.105,46.105,46.105,145
2025-02-28 16:38:00,46.03,46.03,46.03,46.03,145
2025-02-28 16:39:00,46.02,46.02,46.02,46.02,177
2025-02-28 16:40:00,46.05,46.085,46.05,46.085,603
2025-02-28 16:41:00,46.07,46.07,46.07,46.07,229
2025-02-28 16:44:00,46.0,46.035,45.975,45.975,2026
2025-02-28 16:45:00,45.9619,45.9619,45.9619,45.9619,321
2025-02-28 16:47:00,45.965,45.965,45.965,45.965,449
2025-02-28 16:48:00,46.0092,46.0092,46.0092,46.0092,372
2025-02-28 16:50:00,46.02,46.05,45.97,45.97,1665
2025-02-28 16:53:00,46.0,46.0,46.0,46.0,174
2025-02-28 16:54:00,45.95,45.95,45.95,45.95,514
2025-02-28 16:56:00,45.86,45.86,45.86,45.86,302
2025-02-28 16:57:00,45.86,45.86,45.86,45.86,159
2025-02-28 16:59:00,45.89,45.935,45.89,45.935,392
2025-02-28 17:02:00,45.925,45.925,45.925,45.925,118
2025-02-28 17:03:00,45.92,45.92,45.915,45.915,393
2025-02-28 17:05:00,45.95,45.95,45.95,45.95,350
2025-02-28 17:06:00,45.95,45.95,45.95,45.95,1075
2025-02-28 17:07:00,45.98,46.0,45.98,46.0,1035
2025-02-28 17:08:00,45.975,45.975,45.975,45.975,334
2025-02-28 17:10:00,45.975,45.975,45.975,45.975,202
2025-02-28 17:13:00,45.98,45.98,45.98,45.98,100
2025-02-28 17:16:00,45.98,45.98,45.98,45.98,395
2025-02-28 17:19:00,46.01,46.01,46.01,46.01,300
2025-02-28 17:21:00,46.0,46.06,46.0,46.06,857
2025-02-28 17:23:00,46.005,46.005,45.97,45.97,664
2025-02-28 17:25:00,46.06,46.085,46.05,46.085,1906
2025-02-28 17:27:00,46.03,46.03,46.03,46.03,219
2025-02-28 17:28:00,46.06,46.06,46.03,46.03,382
2025-02-28 17:29:00,46.06,46.085,46.06,46.085,638
2025-02-28 17:30:00,46.1487,46.1487,46.085,46.085,1886
2025-02-28 17:31:00,46.1,46.105,46.1,46.105,316
2025-02-28 17:33:00,46.07,46.07,46.07,46.07,285
2025-02-28 17:34:00,46.105,46.105,46.105,46.105,195
2025-02-28 17:35:00,46.1291,46.1291,46.1291,46.1291,101
2025-02-28 17:38:00,46.11,46.14,46.11,46.14,1861
2025-02-28 17:40:00,46.13,46.13,46.13,46.13,451
2025-02-28 17:42:00,46.11,46.11,46.1,46.1,542
2025-02-28 17:43:00,46.1,46.1,46.05,46.05,1592
2025-02-28 17:44:00,46.06,46.075,46.05,46.05,991
2025-02-28 17:45:00,46.04,46.05,46.04,46.05,302
2025-02-28 17:46:00,46.055,46.055,46.03,46.04,496
2025-02-28 17:49:00,45.99,45.99,45.98,45.98,481
2025-02-28 17:52:00,45.99,45.99,45.99,45.99,228
2025-02-28 17:54:00,45.99,45.99,45.99,45.99,243
2025-02-28 17:57:00,45.99,45.99,45.96,45.96,426
2025-02-28 18:00:00,45.93,45.93,45.93,45.93,639
2025-02-28 18:02:00,45.99,45.99,45.99,45.99,324
2025-02-28 18:03:00,45.91,45.91,45.91,45.91,392
2025-02-28 18:07:00,45.885,45.885,45.885,45.885,671
2025-02-28 18:09:00,45.885,45.885,45.885,45.885,447
2025-02-28 18:10:00,45.84,45.84,45.84,45.84,370
2025-02-28 18:11:00,45.847,45.847,45.847,45.847,335
2025-02-28 18:12:00,45.85,45.85,45.85,45.85,1713
2025-02-28 18:15:00,45.8224,45.87,45.8224,45.87,322
2025-02-28 18:16:00,45.82,45.82,45.77,45.77,1690
2025-02-28 18:18:00,45.73,45.73,45.6809,45.6809,1025
2025-02-28 18:19:00,45.705,45.705,45.65,45.68,1510
2025-02-28 18:23:00,45.7,45.7,45.69,45.69,212
2025-02-28 18:29:00,45.73,45.7655,45.73,45.7655,2189
2025-02-28 18:33:00,45.81,45.81,45.81,45.81,204
2025-02-28 18:34:00,45.83,45.83,45.75,45.81,1375
2025-02-28 18:37:00,45.89,45.9,45.89,45.9,657
2025-02-28 18:41:00,45.94,45.94,45.94,45.94,133
2025-02-28 18:42:00,46.01,46.01,45.86,45.89,1219
2025-02-28 18:45:00,45.94,45.98,45.94,45.98,761
2025-02-28 18:47:00,45.955,45.955,45.955,45.955,102
2025-02-28 18:48:00,45.955,45.955,45.955,45.955,163
2025-02-28 18:49:00,45.93,45.95,45.91,45.91,1915
2025-02-28 18:50:00,45.935,45.935,45.935,45.935,252
2025-02-28 18:53:00,45.96,45.97,45.96,45.97,246
2025-02-28 18:56:00,45.9,45.925,45.88,45.89,1370
2025-02-28 19:00:00,45.79,45.79,45.79,45.79,182
2025-02-28 19:04:00,45.735,45.735,45.735,45.735,388
2025-02-28 19:06:00,45.74,45.74,45.74,45.74,289
2025-02-28 19:08:00,45.77,45.77,45.72,45.72,913
2025-02-28 19:12:00,45.69,45.7,45.69,45.7,221
2025-02-28 19:15:00,45.7,45.7,45.7,45.7,145
2025-02-28 19:16:00,45.7,45.7,45.7,45.7,150
2025-02-28 19:17:00,45.67,45.69,45.67,45.69,221
2025-02-28 19:18:00,45.7,45.705,45.695,45.695,482
2025-02-28 19:19:00,45.72,45.78,45.71,45.745,2605
2025-02-28 19:20:00,45.78,45.78,45.78,45.78,163
2025-02-28 19:21:00,45.78,45.78,45.78,45.78,396
2025-02-28 19:22:00,45.71,45.775,45.71,45.72,1920
2025-02-28 19:23:00,45.71,45.71,45.71,45.71,828
2025-02-28 19:25:00,45.76,45.78,45.76,45.78,1040
2025-02-28 19:26:00,45.76,45.78,45.76,45.78,303
2025-02-28 19:29:00,45.73,45.735,45.68,45.735,837
2025-02-28 19:30:00,45.74,45.74,45.74,45.74,247
2025-02-28 19:31:00,45.78,45.78,45.78,45.78,435
2025-02-28 19:32:00,45.78,45.78,45.78,45.78,305
2025-02-28 19:33:00,45.7948,45.7948,45.7087,45.7087,376
2025-02-28 19:34:00,45.76,45.76,45.76,45.76,108
2025-02-28 19:35:00,45.7845,45.7845,45.7845,45.7845,421
2025-02-28 19:36:00,45.76,45.76,45.76,45.76,248
2025-02-28 19:37:00,45.74,45.74,45.74,45.74,320
2025-02-28 19:38:00,45.79,45.82,45.79,45.8,1347
2025-02-28 19:39:00,45.86,45.885,45.86,45.885,764
2025-02-28 19:42:00,45.855,45.855,45.855,45.855,172
2025-02-28 19:45:00,45.8933,45.9,45.8933,45.9,1223
2025-02-28 19:47:00,45.84,45.84,45.84,45.84,217
2025-02-28 19:49:00,45.91,45.91,45.91,45.91,385
2025-02-28 19:50:00,45.92,45.92,45.92,45.92,385
2025-02-28 19:53:00,45.93,45.93,45.92,45.93,942
2025-02-28 19:54:00,45.95,46.0,45.92,45.92,1507
2025-02-28 19:56:00,45.93,45.93,45.93,45.93,195
2025-02-28 19:57:00,45.9,45.925,45.9,45.925,550
2025-02-28 19:58:00,45.925,45.925,45.925,45.925,300
2025-02-28 20:00:00,45.98,45.98,45.98,45.98,294
2025-02-28 20:01:00,45.9405,45.9875,45.9405,45.9875,1008
2025-02-28 20:04:00,45.96,45.96,45.96,45.96,210
2025-02-28 20:06:00,46.014,46.014,46.014,46.014,633
2025-02-28 20:07:00,45.96,45.96,45.96,45.96,284
2025-02-28 20:08:00,45.97,45.97,45.97,45.97,266
2025-02-28 20:10:00,46.01,46.11,46.01,46.11,3332
2025-02-28 20:11:00,46.04,46.06,46.03,46.05,1930
2025-02-28 20:12:00,46.06,46.08,46.06,46.06,1008
2025-02-28 20:14:00,46.06,46.06,46.06,46.06,290
2025-02-28 20:15:00,46.09,46.11,46.09,46.11,593
2025-02-28 20:16:00,46.09,46.09,46.09,46.09,552
2025-02-28 20:17:00,46.09,46.1389,46.08,46.08,1135
2025-02-28 20:19:00,46.11,46.12,46.07,46.0825,1029
2025-02-28 20:20:00,46.08,46.1,46.07,46.1,696
2025-02-28 20:21:00,46.07,46.1,46.07,46.1,1143
2025-02-28 20:23:00,46.13,46.18,46.13,46.18,1296
2025-02-28 20:24:00,46.16,46.18,46.16,46.18,668
2025-02-28 20:27:00,46.2,46.2,46.2,46.2,899
2025-02-28 20:28:00,46.205,46.25,46.18,46.18,1984
2025-02-28 20:30:00,46.17,46.17,46.17,46.17,387
2025-02-28 20:33:00,46.131,46.131,46.131,46.131,303
2025-02-28 20:34:00,46.1,46.12,46.1,46.1,1292
2025-02-28 20:35:00,46.06,46.095,46.06,46.085,2410
2025-02-28 20:36:00,46.0625,46.13,46.0625,46.1,2297
2025-02-28 20:39:00,46.14,46.145,46.1125,46.145,983
2025-02-28 20:41:00,46.1525,46.1525,46.1525,46.1525,432
2025-02-28 20:43:00,46.16,46.16,46.16,46.16,415
2025-02-28 20:44:00,46.13,46.13,46.1125,46.1125,722
2025-02-28 20:45:00,46.12,46.12,46.12,46.12,804
2025-02-28 20:46:00,46.1,46.1,46.1,46.1,600
2025-02-28 20:47:00,46.075,46.075,46.075,46.075,670
2025-02-28 20:48:00,46.075,46.1,46.06,46.06,2959
2025-02-28 20:49:00,46.08,46.08,46.06,46.08,908
2025-02-28 20:50:00,46.08,46.18,46.06,46.18,8988
2025-02-28 20:51:00,46.18,46.18,46.17,46.18,1317
2025-02-28 20:52:00,46.2,46.225,46.2,46.225,874
2025-02-28 20:54:00,46.21,46.227,46.174,46.21,7722
2025-02-28 20:55:00,46.25,46.27,46.22,46.27,5643
2025-02-28 20:56:00,46.27,46.32,46.27,46.32,3471
2025-02-28 20:57:00,46.33,46.355,46.305,46.305,5474
2025-02-28 20:58:00,46.3,46.31,46.26,46.28,6661
2025-02-28 20:59:00,46.28,46.4,46.24,46.24,38285
2025-03-03 13:04:00,45.7724,45.7724,45.7724,45.7724,200
2025-03-03 13:07:00,47.6365,47.6365,47.6365,47.6365,150
2025-03-03 14:13:00,46.9,46.9,46.9,46.9,145
2025-03-03 14:30:00,46.79,46.79,46.79,46.79,2129
2025-03-03 14:31:00,46.74,46.74,46.74,46.74,101
2025-03-03 14:33:00,46.52,46.52,46.52,46.52,329
2025-03-03 14:35:00,46.67,46.92,46.67,46.845,5687
2025-03-03 14:36:00,46.845,46.845,46.845,46.845,230
2025-03-03 14:37:00,46.755,46.755,46.66,46.66,359
2025-03-03 14:38:00,46.68,46.76,46.67,46.72,2319
2025-03-03 14:40:00,46.71,46.71,46.71,46.71,319
2025-03-03 14:45:00,46.62,46.62,46.62,46.62,444
2025-03-03 14:49:00,46.65,46.65,46.65,46.65,101
2025-03-03 14:51:00,46.61,46.62,46.51,46.51,1009
2025-03-03 14:53:00,46.49,46.49,46.49,46.49,224
2025-03-03 14:54:00,46.58,46.61,46.56,46.61,4260
2025-03-03 14:55:00,46.68,46.68,46.66,46.66,1064
2025-03-03 14:57:00,46.65,46.65,46.65,46.65,1075
2025-03-03 14:58:00,46.6188,46.6188,46.6188,46.6188,324
2025-03-03 15:00:00,46.635,46.635,46.59,46.635,3128
2025-03-03 15:01:00,46.6,46.65,46.58,46.65,3876
2025-03-03 15:03:00,46.59,46.59,46.59,46.59,217
2025-03-03 15:06:00,46.585,46.585,46.585,46.585,102
2025-03-03 15:07:00,46.58,46.58,46.58,46.58,140
2025-03-03 15:09:00,46.64,46.66,46.64,46.64,1481
2025-03-03 15:14:00,46.635,46.635,46.635,46.635,554
2025-03-03 15:18:00,46.635,46.635,46.635,46.635,133
2025-03-03 15:20:00,46.635,46.635,46.635,46.635,353
2025-03-03 15:22:00,46.59,46.59,46.59,46.59,149
2025-03-03 15:23:00,46.635,46.635,46.635,46.635,112
2025-03-03 15:24:00,46.635,46.635,46.635,46.635,111
2025-03-03 15:28:00,46.68,46.68,46.665,46.665,502
2025-03-03 15:29:00,46.665,46.73,46.665,46.73,318
2025-03-03 15:30:00,46.75,46.75,46.75,46.75,1380
2025-03-03 15:31:00,46.8,46.8,46.79,46.79,247
2025-03-03 15:32:00,46.81,46.81,46.81,46.81,214
2025-03-03 15:34:00,46.8,46.8,46.79,46.79,252
2025-03-03 15:35:00,46.765,46.8,46.765,46.8,439
2025-03-03 15:37:00,46.8,46.8,46.69,46.69,1213
2025-03-03 15:41:00,46.81,46.81,46.81,46.81,418
2025-03-03 15:42:00,46.71,46.915,46.71,46.915,2575
2025-03-03 15:44:00,46.95,46.95,46.915,46.915,357
2025-03-03 15:47:00,46.89,46.945,46.89,46.91,1143
2025-03-03 15:48:00,46.89,46.955,46.86,46.955,1160
2025-03-03 15:50:00,46.955,46.955,46.955,46.955,102
2025-03-03 15:56:00,46.955,46.955,46.955,46.955,335
2025-03-03 15:57:00,46.88,46.88,46.88,46.88,474
2025-03-03 16:00:00,46.93,46.93,46.88,46.88,275
2025-03-03 16:01:00,46.95,46.95,46.86,46.86,472
2025-03-03 16:02:00,46.92,46.92,46.91,46.91,220
2025-03-03 16:05:00,46.94,46.95,46.91,46.95,586
2025-03-03 16:06:00,46.96,46.965,46.96,46.965,747
2025-03-03 16:08:00,46.98,46.98,46.98,46.98,181
2025-03-03 16:15:00,46.935,46.935,46.935,46.935,415
2025-03-03 16:16:00,46.9,46.9,46.9,46.9,149
2025-03-03 16:17:00,46.9,46.97,46.9,46.97,1173
2025-03-03 16:21:00,46.95,46.97,46.95,46.97,1459
2025-03-03 16:22:00,46.96,46.99,46.96,46.99,838
2025-03-03 16:25:00,46.97,46.97,46.79,46.85,4310
2025-03-03 16:26:00,46.835,46.835,46.835,46.835,106
2025-03-03 16:29:00,46.68,46.68,46.68,46.68,1025
2025-03-03 16:33:00,46.69,46.69,46.69,46.69,788
2025-03-03 16:41:00,46.58,46.58,46.465,46.465,788
2025-03-03 16:43:00,46.47,46.47,46.47,46.47,133
2025-03-03 16:44:00,46.57,46.57,46.565,46.565,297
2025-03-03 16:49:00,46.6,46.6,46.6,46.6,390
2025-03-03 16:50:00,46.6,46.61,46.6,46.61,1120
2025-03-03 16:51:00,46.67,46.67,46.67,46.67,320
2025-03-03 16:54:00,46.66,46.675,46.66,46.675,458
2025-03-03 16:55:00,46.645,46.645,46.645,46.645,327
2025-03-03 16:56:00,46.67,46.67,46.67,46.67,221
2025-03-03 17:07:00,46.66,46.66,46.66,46.66,597
2025-03-03 17:13:00,46.66,46.66,46.66,46.66,295
2025-03-03 17:14:00,46.67,46.762,46.67,46.762,1191
2025-03-03 17:15:00,46.7786,46.7786,46.705,46.705,445
2025-03-03 17:21:00,46.705,46.71,46.705,46.705,316
2025-03-03 17:22:00,46.76,46.76,46.76,46.76,117
2025-03-03 17:23:00,46.78,46.78,46.78,46.78,431
2025-03-03 17:26:00,46.72,46.75,46.72,46.75,357
2025-03-03 17:34:00,46.74,46.74,46.74,46.74,142
2025-03-03 17:37:00,46.74,46.74,46.74,46.74,116
2025-03-03 17:41:00,46.74,46.74,46.74,46.74,617
2025-03-03 17:42:00,46.8,46.8,46.8,46.8,1026
2025-03-03 17:51:00,46.79,46.79,46.79,46.79,308
2025-03-03 17:54:00,46.71,46.71,46.695,46.695,290
2025-03-03 17:56:00,46.63,46.63,46.59,46.59,1409
2025-03-03 18:03:00,46.545,46.6127,46.545,46.6127,470
2025-03-03 18:04:00,46.545,46.545,46.545,46.545,180
2025-03-03 18:05:00,46.63,46.63,46.63,46.63,488
2025-03-03 18:06:00,46.53,46.53,46.53,46.53,195
2025-03-03 18:10:00,46.46,46.46,46.46,46.46,346
2025-03-03 18:15:00,46.43,46.435,46.43,46.435,1181
2025-03-03 18:16:00,46.47,46.48,46.47,46.48,558
2025-03-03 18:20:00,46.41,46.41,46.41,46.41,252
2025-03-03 18:22:00,46.42,46.42,46.42,46.42,219
2025-03-03 18:23:00,46.42,46.42,46.42,46.42,134
2025-03-03 18:24:00,46.47,46.48,46.47,46.48,562
2025-03-03 18:27:00,46.385,46.385,46.385,46.385,472
2025-03-03 18:28:00,46.3,46.3,46.3,46.3,353
2025-03-03 18:29:00,46.29,46.429,46.28,46.429,5341
2025-03-03 18:30:00,46.38,46.38,46.38,46.38,268
2025-03-03 18:31:00,46.3784,46.3784,46.3784,46.3784,775
2025-03-03 18:32:00,46.3753,46.425,46.3753,46.425,773
2025-03-03 18:33:00,46.31,46.31,46.31,46.31,214
2025-03-03 18:34:00,46.31,46.31,46.31,46.31,113
2025-03-03 18:36:00,46.37,46.37,46.2576,46.2576,707
2025-03-03 18:37:00,46.295,46.295,46.26,46.26,1160
2025-03-03 18:38:00,46.335,46.335,46.33,46.33,665
2025-03-03 18:40:00,46.28,46.3299,46.26,46.26,4383
2025-03-03 18:41:00,46.23,46.24,46.23,46.23,1282
2025-03-03 18:42:00,46.25,46.25,46.25,46.25,739
2025-03-03 18:45:00,46.225,46.225,46.225,46.225,388
2025-03-03 18:47:00,46.23,46.23,46.2,46.23,1741
2025-03-03 18:48:00,46.26,46.38,46.26,46.38,1758
2025-03-03 18:49:00,46.25,46.37,46.25,46.31,1511
2025-03-03 18:50:00,46.32,46.32,46.32,46.32,156
2025-03-03 18:51:00,46.315,46.315,46.26,46.26,1874
2025-03-03 18:55:00,46.23,46.23,46.23,46.23,106
2025-03-03 18:56:00,46.195,46.195,46.195,46.195,192
2025-03-03 18:57:00,46.165,46.17,46.16,46.16,768
2025-03-03 18:58:00,46.21,46.21,46.21,46.21,375
2025-03-03 19:00:00,46.23,46.23,46.23,46.23,1876
2025-03-03 19:02:00,46.2163,46.2163,46.2163,46.2163,487
2025-03-03 19:03:00,46.27,46.31,46.26,46.31,1182
2025-03-03 19:05:00,46.295,46.295,46.26,46.26,505
2025-03-03 19:06:00,46.28,46.28,46.27,46.27,334
2025-03-03 19:09:00,46.26,46.3,46.26,46.27,1046
2025-03-03 19:10:00,46.26,46.26,46.26,46.26,223
2025-03-03 19:12:00,46.3077,46.3077,46.3077,46.3077,327
2025-03-03 19:17:00,46.21,46.21,46.2,46.2,717
2025-03-03 19:22:00,46.145,46.145,46.13,46.13,506
2025-03-03 19:23:00,46.1783,46.1783,46.16,46.16,1434
2025-03-03 19:28:00,46.12,46.12,46.12,46.12,195
2025-03-03 19:29:00,46.1479,46.17,46.1479,46.17,3734
2025-03-03 19:30:00,46.2,46.2,46.19,46.19,852
2025-03-03 19:31:00,46.21,46.21,46.21,46.21,417
2025-03-03 19:33:00,46.21,46.23,46.21,46.23,883
2025-03-03 19:35:00,46.17,46.17,46.16,46.16,821
2025-03-03 19:36:00,46.17,46.17,46.17,46.17,293
2025-03-03 19:38:00,46.16,46.16,46.16,46.16,247
2025-03-03 19:40:00,46.22,46.22,46.22,46.22,737
2025-03-03 19:41:00,46.23,46.29,46.23,46.29,1746
2025-03-03 19:46:00,46.24,46.24,46.24,46.24,400
2025-03-03 19:49:00,46.21,46.22,46.21,46.22,603
2025-03-03 19:50:00,46.24,46.25,46.2128,46.2128,478
2025-03-03 19:51:00,46.13,46.13,46.13,46.13,410
2025-03-03 19:57:00,45.95,46.01,45.95,45.96,1200
2025-03-03 19:59:00,45.95,45.95,45.865,45.95,1440
2025-03-03 20:00:00,45.9,45.91,45.9,45.91,315
2025-03-03 20:01:00,45.87,45.92,45.87,45.91,1795
2025-03-03 20:03:00,45.89,45.89,45.89,45.89,177
2025-03-03 20:04:00,45.92,45.92,45.8619,45.8619,796
2025-03-03 20:08:00,45.86,45.86,45.86,45.86,397
2025-03-03 20:09:00,45.86,45.87,45.86,45.87,444
2025-03-03 20:11:00,45.81,45.85,45.81,45.85,858
2025-03-03 20:13:00,45.8,45.8,45.8,45.8,326
2025-03-03 20:15:00,45.84,45.85,45.83,45.84,1459
2025-03-03 20:16:00,45.86,45.86,45.86,45.86,462
2025-03-03 20:20:00,45.815,45.8689,45.8,45.8,1793
2025-03-03 20:22:00,45.75,45.75,45.75,45.75,291
2025-03-03 20:24:00,45.79,45.79,45.575,45.61,7425
2025-03-03 20:25:00,45.62,45.62,45.52,45.6,3597
2025-03-03 20:26:00,45.7,45.7,45.6058,45.6058,421
2025-03-03 20:27:00,45.605,45.605,45.605,45.605,130
2025-03-03 20:30:00,45.67,45.68,45.67,45.68,1056
2025-03-03 20:31:00,45.7,45.7,45.7,45.7,547
2025-03-03 20:33:00,45.65,45.65,45.605,45.605,1078
2025-03-03 20:34:00,45.58,45.58,45.57,45.57,721
2025-03-03 20:36:00,45.5833,45.64,45.5833,45.64,850
2025-03-03 20:37:00,45.58,45.6,45.58,45.6,615
2025-03-03 20:39:00,45.56,45.58,45.56,45.565,730
2025-03-03 20:41:00,45.54,45.59,45.32,45.375,14422
2025-03-03 20:42:00,45.47,45.51,45.42,45.51,2387
2025-03-03 20:43:00,45.55,45.55,45.43,45.45,2130
2025-03-03 20:44:00,45.44,45.44,45.425,45.43,932
2025-03-03 20:45:00,45.49,45.545,45.44,45.52,2989
2025-03-03 20:48:00,45.505,45.64,45.505,45.59,1278
2025-03-03 20:49:00,45.6306,45.6306,45.6306,45.6306,261
2025-03-03 20:50:00,45.6,45.68,45.6,45.6,888
2025-03-03 20:52:00,45.67,45.69,45.67,45.69,579
2025-03-03 20:53:00,45.625,45.625,45.62,45.62,331
2025-03-03 20:54:00,45.65,45.68,45.65,45.68,655
2025-03-03 20:55:00,45.69,45.69,45.68,45.69,1538
2025-03-03 20:56:00,45.7,45.7,45.65,45.685,3081
2025-03-03 20:57:00,45.66,45.7,45.66,45.67,2324
2025-03-03 20:58:00,45.67,45.68,45.665,45.675,2105
2025-03-03 20:59:00,45.69,45.72,45.64,45.64,4157
2025-03-03 21:00:00,45.74,45.74,45.74,45.74,181
2025-03-03 22:55:00,45.85,45.85,45.85,45.85,110
2025-03-03 22:57:00,45.85,45.85,45.85,45.85,110
2025-03-04 14:30:00,45.28,45.355,45.28,45.355,2408
2025-03-04 14:32:00,45.0,45.0,45.0,45.0,720
2025-03-04 14:33:00,45.32,45.32,45.32,45.32,223
2025-03-04 14:34:00,45.04,45.04,45.04,45.04,155
2025-03-04 14:36:00,44.86,45.2,44.85,45.2,3978
2025-03-04 14:38:00,45.34,45.35,45.27,45.35,2908
2025-03-04 14:40:00,45.28,45.28,45.13,45.13,1131
2025-03-04 14:41:00,44.9501,44.9501,44.9501,44.9501,318
2025-03-04 14:42:00,45.215,45.215,45.215,45.215,830
2025-03-04 14:44:00,45.1,45.1,45.06,45.06,469
2025-03-04 14:46:00,45.11,45.11,45.1,45.1,355
2025-03-04 14:50:00,45.07,45.07,44.96,45.0,925
2025-03-04 14:51:00,44.985,44.985,44.854,44.854,1384
2025-03-04 14:53:00,44.965,44.965,44.965,44.965,494
2025-03-04 14:54:00,44.88,44.88,44.88,44.88,222
2025-03-04 14:55:00,44.965,44.965,44.965,44.965,134
2025-03-04 14:56:00,44.86,44.86,44.86,44.86,326
2025-03-04 14:58:00,44.97,44.97,44.97,44.97,333
2025-03-04 15:00:00,44.81,44.89,44.76,44.815,3876
2025-03-04 15:04:00,44.795,44.795,44.795,44.795,140
2025-03-04 15:06:00,44.71,44.71,44.71,44.71,720
2025-03-04 15:07:00,44.71,44.71,44.71,44.71,335
2025-03-04 15:08:00,44.685,44.685,44.685,44.685,115
2025-03-04 15:09:00,44.64,44.64,44.64,44.64,1309
2025-03-04 15:10:00,44.67,44.68,44.64,44.64,1023
2025-03-04 15:12:00,44.72,44.73,44.72,44.73,290
2025-03-04 15:16:00,44.7,44.7,44.7,44.7,136
2025-03-04 15:17:00,44.7,44.7,44.7,44.7,413
2025-03-04 15:18:00,44.67,44.7,44.67,44.7,429
2025-03-04 15:19:00,44.64,44.7,44.64,44.7,486
2025-03-04 15:27:00,44.62,44.715,44.62,44.715,1552
2025-03-04 15:30:00,44.76,44.77,44.76,44.77,1105
2025-03-04 15:31:00,44.773,44.773,44.773,44.773,132
2025-03-04 15:32:00,44.71,44.71,44.71,44.71,122
2025-03-04 15:33:00,44.79,44.865,44.78,44.865,950
2025-03-04 15:35:00,44.77,44.77,44.77,44.77,300
2025-03-04 15:39:00,44.71,44.785,44.71,44.785,412
2025-03-04 15:41:00,44.85,44.85,44.85,44.85,151
2025-03-04 15:43:00,44.78,44.78,44.78,44.78,509
2025-03-04 15:46:00,44.71,44.71,44.71,44.71,154
2025-03-04 15:47:00,44.71,44.71,44.71,44.71,132
2025-03-04 15:50:00,44.8358,44.8358,44.8358,44.8358,173
2025-03-04 15:51:00,44.725,44.725,44.725,44.725,289
2025-03-04 15:52:00,44.725,44.725,44.725,44.725,107
2025-03-04 15:53:00,44.6584,44.6584,44.6584,44.6584,240
2025-03-04 15:54:00,44.725,44.725,44.725,44.725,234
2025-03-04 15:57:00,44.65,44.65,44.65,44.65,105
2025-03-04 15:58:00,44.71,44.755,44.71,44.72,1084
2025-03-04 15:59:00,44.66,44.66,44.66,44.66,206
2025-03-04 16:00:00,44.86,44.86,44.86,44.86,141
2025-03-04 16:01:00,44.775,44.775,44.775,44.775,178
2025-03-04 16:07:00,44.775,44.775,44.775,44.775,102
2025-03-04 16:12:00,44.64,44.64,44.64,44.64,259
2025-03-04 16:14:00,44.8,44.8,44.8,44.8,232
2025-03-04 16:15:00,44.82,44.91,44.7,44.91,2983
2025-03-04 16:17:00,44.735,44.735,44.735,44.735,1478
2025-03-04 16:19:00,44.6137,44.6137,44.6137,44.6137,449
2025-03-04 16:23:00,44.8786,44.8786,44.775,44.775,569
2025-03-04 16:24:00,44.72,44.775,44.72,44.775,538
2025-03-04 16:25:00,44.69,44.785,44.68,44.785,703
2025-03-04 16:26:00,44.795,44.795,44.795,44.795,297
2025-03-04 16:28:00,44.73,44.73,44.69,44.69,693
2025-03-04 16:29:00,44.73,44.73,44.6,44.6,673
2025-03-04 16:30:00,44.8,44.81,44.765,44.765,392
2025-03-04 16:37:00,44.89,44.89,44.89,44.89,209
2025-03-04 16:40:00,44.7877,44.7877,44.7877,44.7877,196
2025-03-04 16:42:00,44.86,44.89,44.86,44.89,202
2025-03-04 16:43:00,44.9,45.15,44.9,45.15,3162
2025-03-04 16:47:00,45.0264,45.16,45.0264,45.16,248
2025-03-04 16:48:00,45.025,45.025,45.025,45.025,113
2025-03-04 16:51:00,45.025,45.025,45.025,45.025,109
2025-03-04 16:53:00,45.14,45.14,45.14,45.14,328
2025-03-04 16:59:00,45.0,45.085,45.0,45.085,214
2025-03-04 17:01:00,45.17,45.17,45.17,45.17,341
2025-03-04 17:04:00,45.05,45.05,45.05,45.05,100
2025-03-04 17:05:00,45.08,45.11,45.08,45.11,865
2025-03-04 17:15:00,45.26,45.26,45.26,45.26,242
2025-03-04 17:17:00,45.2083,45.2083,45.2,45.2,843
2025-03-04 17:20:00,45.2,45.21,45.18,45.18,630
2025-03-04 17:21:00,45.18,45.26,45.18,45.26,306
2025-03-04 17:27:00,45.18,45.18,45.18,45.18,167
2025-03-04 17:28:00,45.27,45.27,45.27,45.27,215
2025-03-04 17:29:00,45.28,45.285,45.28,45.285,490
2025-03-04 17:30:00,45.3,45.3,45.3,45.3,264
2025-03-04 17:31:00,45.3,45.3,45.3,45.3,153
2025-03-04 17:34:00,45.295,45.295,45.295,45.295,101
2025-03-04 17:36:00,45.29,45.38,45.29,45.38,1183
2025-03-04 17:39:00,45.34,45.38,45.3382,45.3382,1548
2025-03-04 17:41:00,45.295,45.295,45.295,45.295,215
2025-03-04 17:45:00,45.3,45.425,45.3,45.425,1095
2025-03-04 17:48:00,45.44,45.44,45.44,45.44,101
2025-03-04 17:55:00,45.33,45.33,45.33,45.33,154
2025-03-04 18:00:00,45.395,45.395,45.395,45.395,105
2025-03-04 18:04:00,45.39,45.39,45.39,45.39,111
2025-03-04 18:08:00,45.38,45.39,45.38,45.39,969
2025-03-04 18:10:00,45.47,45.53,45.47,45.53,557
2025-03-04 18:12:00,45.53,45.69,45.53,45.69,2051
2025-03-04 18:16:00,45.669,45.669,45.669,45.669,208
2025-03-04 18:17:00,45.53,45.53,45.53,45.53,560
2025-03-04 18:23:00,45.45,45.47,45.43,45.43,569
2025-03-04 18:31:00,45.47,45.47,45.47,45.47,225
2025-03-04 18:34:00,45.44,45.5582,45.44,45.5582,1178
2025-03-04 18:36:00,45.4763,45.56,45.4763,45.56,847
2025-03-04 18:41:00,45.525,45.525,45.525,45.525,410
2025-03-04 18:42:00,45.53,45.605,45.53,45.605,3387
2025-03-04 18:44:00,45.54,45.59,45.54,45.59,611
2025-03-04 18:45:00,45.5,45.61,45.41,45.52,9756
2025-03-04 18:50:00,45.4552,45.47,45.4552,45.47,512
2025-03-04 18:52:00,45.51,45.575,45.495,45.575,1506
2025-03-04 18:55:00,45.575,45.64,45.575,45.575,1559
2025-03-04 18:56:00,45.63,45.64,45.63,45.64,233
2025-03-04 18:57:00,45.64,45.66,45.62,45.66,1583
2025-03-04 18:58:00,45.62,45.62,45.62,45.62,172
2025-03-04 19:00:00,45.61,45.61,45.61,45.61,103
2025-03-04 19:01:00,45.61,45.7,45.61,45.7,1901
2025-03-04 19:02:00,45.7,45.78,45.7,45.78,515
2025-03-04 19:03:00,45.66,45.66,45.66,45.66,155
2025-03-04 19:07:00,45.75,45.75,45.75,45.75,1478
2025-03-04 19:08:00,45.74,45.74,45.74,45.74,117
2025-03-04 19:10:00,45.705,45.705,45.705,45.705,140
2025-03-04 19:13:00,45.59,45.6,45.59,45.6,254
2025-03-04 19:16:00,45.61,45.61,45.6,45.6,355
2025-03-04 19:17:00,45.61,45.61,45.61,45.61,547
2025-03-04 19:18:00,45.65,45.7476,45.65,45.7476,450
2025-03-04 19:19:00,45.73,45.73,45.73,45.73,107
2025-03-04 19:20:00,45.6676,45.6676,45.6155,45.6155,775
2025-03-04 19:21:00,45.67,45.67,45.67,45.67,227
2025-03-04 19:25:00,45.73,45.76,45.73,45.76,436
2025-03-04 19:26:00,45.76,45.76,45.75,45.75,311
2025-03-04 19:27:00,45.7,45.7,45.7,45.7,228
2025-03-04 19:33:00,45.6575,45.6575,45.64,45.64,885
2025-03-04 19:34:00,45.61,45.61,45.6,45.6,1497
2025-03-04 19:35:00,45.6368,45.66,45.6368,45.66,753
2025-03-04 19:38:00,45.6112,45.7,45.6112,45.7,301
2025-03-04 19:39:00,45.7,45.7,45.7,45.7,235
2025-03-04 19:40:00,45.675,45.675,45.675,45.675,124
2025-03-04 19:41:00,45.68,45.68,45.68,45.68,211
2025-03-04 19:42:00,45.68,45.71,45.68,45.71,2832
2025-03-04 19:43:00,45.68,45.73,45.68,45.73,1027
2025-03-04 19:46:00,45.73,45.73,45.6514,45.685,2055
2025-03-04 19:47:00,45.685,45.7011,45.685,45.7011,486
2025-03-04 19:51:00,45.73,45.77,45.73,45.77,1925
2025-03-04 19:53:00,45.77,45.8,45.77,45.8,1240
2025-03-04 19:54:00,45.8,45.805,45.8,45.805,410
2025-03-04 19:55:00,45.76,45.8,45.74,45.74,1895
2025-03-04 19:56:00,45.74,45.81,45.74,45.81,643
2025-03-04 19:58:00,45.815,45.815,45.815,45.815,134
2025-03-04 20:03:00,45.73,45.8,45.7029,45.8,656
2025-03-04 20:06:00,45.73,45.74,45.72,45.74,2300
2025-03-04 20:07:00,45.79,45.8,45.79,45.8,840
2025-03-04 20:08:00,45.8,45.88,45.8,45.88,1632
2025-03-04 20:10:00,45.9,45.9,45.9,45.9,440
2025-03-04 20:13:00,45.92,45.92,45.9,45.9,1296
2025-03-04 20:15:00,45.79,45.895,45.79,45.895,360
2025-03-04 20:17:00,45.91,45.92,45.85,45.85,794
2025-03-04 20:18:00,45.85,45.93,45.85,45.93,2091
2025-03-04 20:19:00,45.91,45.92,45.85,45.85,508
2025-03-04 20:20:00,45.9284,45.9284,45.9284,45.9284,524
2025-03-04 20:21:00,45.86,45.86,45.86,45.86,727
2025-03-04 20:22:00,45.92,45.92,45.92,45.92,614
2025-03-04 20:23:00,45.99,46.04,45.99,46.04,508
2025-03-04 20:24:00,46.025,46.025,46.025,46.025,103
2025-03-04 20:27:00,46.1258,46.1258,46.0643,46.0643,399
2025-03-04 20:28:00,46.0,46.0,45.98,45.98,525
2025-03-04 20:30:00,45.92,45.9568,45.81,45.81,1066
2025-03-04 20:31:00,45.8,45.8811,45.8,45.8811,504
2025-03-04 20:32:00,45.8,45.84,45.8,45.84,1581
2025-03-04 20:33:00,45.8,45.8,45.8,45.8,395
2025-03-04 20:34:00,45.8,45.8,45.8,45.8,449
2025-03-04 20:35:00,45.75,45.81,45.74,45.77,5043
2025-03-04 20:38:00,45.745,45.745,45.745,45.745,178
2025-03-04 20:39:00,45.7,45.73,45.69,45.73,1421
2025-03-04 20:40:00,45.685,45.685,45.64,45.67,2999
2025-03-04 20:41:00,45.63,45.63,45.575,45.575,1597
2025-03-04 20:42:00,45.59,45.61,45.59,45.61,403
2025-03-04 20:45:00,45.62,45.63,45.57,45.575,1388
2025-03-04 20:46:00,45.54,45.62,45.54,45.62,599
2025-03-04 20:47:00,45.515,45.515,45.515,45.515,475
2025-03-04 20:48:00,45.51,45.564,45.455,45.455,1057
2025-03-04 20:49:00,45.53,45.55,45.47,45.51,1728
2025-03-04 20:50:00,45.54,45.54,45.455,45.46,2384
2025-03-04 20:51:00,45.39,45.39,45.345,45.345,2131
2025-03-04 20:52:00,45.35,45.35,45.34,45.345,867
2025-03-04 20:53:00,45.42,45.42,45.305,45.37,1912
2025-03-04 20:54:00,45.38,45.42,45.37,45.41,2170
2025-03-04 20:55:00,45.42,45.48,45.42,45.48,1356
2025-03-04 20:56:00,45.48,45.48,45.44,45.44,1064
2025-03-04 20:57:00,45.44,45.49,45.44,45.465,2280
2025-03-04 20:58:00,45.49,45.5,45.49,45.5,1415
2025-03-04 20:59:00,45.4965,45.52,45.46,45.51,6192
2025-03-04 21:31:00,45.5,45.5,45.5,45.5,700
2025-03-05 12:26:00,46.94,46.95,46.94,46.95,365
2025-03-05 12:35:00,46.6,46.6,46.6,46.6,201
2025-03-05 13:18:00,47.0658,47.0658,47.0658,47.0658,60000
2025-03-05 14:11:00,45.51,45.51,45.51,45.51,43000
2025-03-05 14:29:00,47.61,47.61,47.61,47.61,200
2025-03-05 14:30:00,47.59,47.61,47.11,47.11,402
2025-03-05 14:35:00,47.29,47.5771,47.29,47.41,4709
2025-03-05 14:37:00,47.355,47.355,47.355,47.355,111
2025-03-05 14:39:00,47.52,47.87,47.52,47.87,4168
2025-03-05 14:40:00,47.8905,47.8905,47.8905,47.8905,176
2025-03-05 14:43:00,47.71,47.71,47.71,47.71,266
2025-03-05 14:46:00,47.8056,47.8056,47.8056,47.8056,121
2025-03-05 14:49:00,47.78,47.78,47.78,47.78,686
2025-03-05 14:51:00,47.77,47.895,47.77,47.895,4572
2025-03-05 14:53:00,47.76,47.875,47.75,47.86,1127
2025-03-05 14:55:00,47.76,47.76,47.73,47.74,1410
2025-03-05 14:56:00,47.79,47.79,47.79,47.79,278
2025-03-05 14:57:00,47.63,47.63,47.61,47.61,705
2025-03-05 14:58:00,47.68,47.735,47.68,47.735,463
2025-03-05 15:00:00,47.86,48.0,47.84,47.89,1104
2025-03-05 15:01:00,47.89,47.91,47.89,47.91,647
2025-03-05 15:02:00,47.79,47.89,47.735,47.89,2485
2025-03-05 15:03:00,47.89,47.9,47.87,47.9,1775
2025-03-05 15:04:00,47.9,47.93,47.9,47.93,2410
2025-03-05 15:05:00,47.92,48.0,47.92,48.0,1879
2025-03-05 15:06:00,48.04,48.08,48.04,48.08,1087
2025-03-05 15:07:00,48.16,48.16,48.15,48.15,305
2025-03-05 15:09:00,48.105,48.15,48.105,48.15,407
2025-03-05 15:12:00,48.09,48.09,48.09,48.09,1119
2025-03-05 15:19:00,47.96,48.0,47.96,48.0,640
2025-03-05 15:20:00,48.02,48.02,47.97,47.995,1251
2025-03-05 15:21:00,47.995,48.0,47.98,47.99,3669
2025-03-05 15:22:00,48.07,48.15,48.06,48.15,2882
2025-03-05 15:23:00,48.19,48.19,48.17,48.17,651
2025-03-05 15:26:00,48.0636,48.255,48.0636,48.255,5934
2025-03-05 15:29:00,48.2,48.26,48.195,48.21,3444
2025-03-05 15:31:00,48.23,48.23,48.23,48.23,790
2025-03-05 15:33:00,48.26,48.26,48.26,48.26,585
2025-03-05 15:37:00,48.29,48.29,48.29,48.29,658
2025-03-05 15:42:00,48.19,48.19,48.19,48.19,325
2025-03-05 15:44:00,48.22,48.22,48.22,48.22,342
2025-03-05 15:45:00,48.26,48.27,48.26,48.27,467
2025-03-05 15:47:00,48.21,48.21,48.1701,48.1701,7272
2025-03-05 15:48:00,48.18,48.2,48.11,48.15,1859
2025-03-05 15:49:00,48.13,48.13,48.085,48.085,1968
2025-03-05 15:50:00,48.01,48.01,48.01,48.01,719
2025-03-05 15:51:00,48.0,48.02,48.0,48.02,551
2025-03-05 15:52:00,48.02,48.1,48.02,48.03,1219
2025-03-05 15:54:00,48.01,48.01,48.01,48.01,128
2025-03-05 15:55:00,48.05,48.06,48.05,48.06,1075
2025-03-05 15:56:00,48.05,48.05,48.015,48.03,833
2025-03-05 15:58:00,48.07,48.17,48.07,48.17,989
2025-03-05 16:05:00,48.1,48.1,48.1,48.1,225
2025-03-05 16:09:00,48.075,48.1,48.075,48.1,1289
2025-03-05 16:10:00,47.94,47.99,47.94,47.99,1123
2025-03-05 16:11:00,47.995,47.995,47.995,47.995,490
2025-03-05 16:12:00,47.88,47.925,47.88,47.925,1319
2025-03-05 16:13:00,47.93,47.96,47.92,47.92,1825
2025-03-05 16:14:00,47.98,48.02,47.98,47.995,1091
2025-03-05 16:15:00,48.1153,48.29,48.025,48.21,1586
2025-03-05 16:16:00,48.19,48.235,48.1,48.12,992
2025-03-05 16:17:00,48.12,48.12,48.12,48.12,776
2025-03-05 16:18:00,48.19,48.27,48.19,48.27,530
2025-03-05 16:19:00,48.08,48.08,48.07,48.07,542
2025-03-05 16:20:00,48.07,48.07,48.06,48.07,640
2025-03-05 16:21:00,48.06,48.06,48.06,48.06,127
2025-03-05 16:22:00,48.04,48.06,48.04,48.06,248
2025-03-05 16:23:00,48.13,48.29,48.13,48.29,9270
2025-03-05 16:24:00,48.205,48.205,48.205,48.205,333
2025-03-05 16:25:00,48.26,48.26,48.26,48.26,205
2025-03-05 16:26:00,48.26,48.26,48.26,48.26,138
2025-03-05 16:27:00,48.33,48.33,48.26,48.265,528
2025-03-05 16:28:00,48.355,48.355,48.355,48.355,158
2025-03-05 16:29:00,48.34,48.345,48.27,48.27,1172
2025-03-05 16:30:00,48.26,48.365,48.26,48.33,618
2025-03-05 16:31:00,48.33,48.37,48.33,48.37,214
2025-03-05 16:33:00,48.25,48.25,48.16,48.18,514
2025-03-05 16:34:00,48.22,48.25,48.22,48.24,501
2025-03-05 16:35:00,48.24,48.24,48.14,48.14,1197
2025-03-05 16:36:00,48.32,48.32,48.32,48.32,497
2025-03-05 16:37:00,48.235,48.3222,48.235,48.3222,1649
2025-03-05 16:38:00,48.31,48.315,48.235,48.235,433
2025-03-05 16:39:00,48.32,48.35,48.305,48.34,3049
2025-03-05 16:40:00,48.3029,48.305,48.26,48.29,1944
2025-03-05 16:41:00,48.29,48.29,48.29,48.29,267
2025-03-05 16:43:00,48.28,48.28,48.28,48.28,388
2025-03-05 16:44:00,48.25,48.25,48.23,48.23,1027
2025-03-05 16:47:00,48.28,48.29,48.28,48.29,728
2025-03-05 16:49:00,48.2601,48.2601,48.2601,48.2601,545
2025-03-05 16:51:00,48.25,48.29,48.25,48.29,368
2025-03-05 16:52:00,48.25,48.29,48.25,48.29,540
2025-03-05 16:54:00,48.35,48.35,48.3,48.3,2289
2025-03-05 16:55:00,48.315,48.315,48.315,48.315,354
2025-03-05 16:57:00,48.3545,48.385,48.33,48.385,2755
2025-03-05 16:58:00,48.47,48.47,48.47,48.47,363
2025-03-05 17:00:00,48.46,48.5,48.41,48.41,1372
2025-03-05 17:01:00,48.45,48.45,48.45,48.45,259
2025-03-05 17:03:00,48.435,48.435,48.435,48.435,117
2025-03-05 17:04:00,48.42,48.42,48.42,48.42,158
2025-03-05 17:06:00,48.41,48.5145,48.41,48.5145,427
2025-03-05 17:10:00,48.385,48.385,48.385,48.385,220
2025-03-05 17:11:00,48.38,48.39,48.31,48.34,2907
2025-03-05 17:13:00,48.37,48.39,48.34,48.39,4218
2025-03-05 17:14:00,48.4,48.4,48.39,48.39,582
2025-03-05 17:15:00,48.395,48.46,48.395,48.42,1306
2025-03-05 17:16:00,48.3804,48.455,48.3804,48.455,457
2025-03-05 17:17:00,48.5149,48.5149,48.5149,48.5149,1195
2025-03-05 17:19:00,48.5,48.5,48.42,48.47,620
2025-03-05 17:21:00,48.41,48.41,48.4,48.4,393
2025-03-05 17:23:00,48.46,48.46,48.46,48.46,229
2025-03-05 17:25:00,48.41,48.41,48.41,48.41,120
2025-03-05 17:28:00,48.415,48.415,48.415,48.415,136
2025-03-05 17:29:00,48.45,48.47,48.415,48.4645,1359
2025-03-05 17:32:00,48.47,48.48,48.45,48.47,1383
2025-03-05 17:34:00,48.51,48.51,48.5,48.5,1061
2025-03-05 17:37:00,48.57,48.57,48.535,48.535,416
2025-03-05 17:39:00,48.535,48.535,48.535,48.535,239
2025-03-05 17:41:00,48.57,48.57,48.57,48.57,112
2025-03-05 17:46:00,48.5899,48.5899,48.48,48.48,1757
2025-03-05 17:47:00,48.47,48.47,48.415,48.415,976
2025-03-05 17:49:00,48.5099,48.5099,48.5099,48.5099,283
2025-03-05 17:50:00,48.415,48.415,48.415,48.415,584
2025-03-05 17:51:00,48.44,48.525,48.44,48.5,1397
2025-03-05 17:52:00,48.51,48.52,48.5,48.52,435
2025-03-05 17:54:00,48.545,48.545,48.53,48.53,311
2025-03-05 17:55:00,48.52,48.59,48.52,48.59,1162
2025-03-05 17:57:00,48.59,48.6,48.56,48.56,1166
2025-03-05 17:58:00,48.53,48.55,48.53,48.55,442
2025-03-05 18:01:00,48.57,48.58,48.53,48.54,1990
2025-03-05 18:03:00,48.6,48.6,48.6,48.6,131
2025-03-05 18:05:00,48.575,48.575,48.575,48.575,199
2025-03-05 18:07:00,48.51,48.51,48.43,48.43,2027
2025-03-05 18:08:00,48.43,48.43,48.43,48.43,169
2025-03-05 18:09:00,48.38,48.38,48.27,48.28,1565
2025-03-05 18:10:00,48.28,48.32,48.28,48.32,3525
2025-03-05 18:12:00,48.38,48.38,48.36,48.36,704
2025-03-05 18:13:00,48.385,48.39,48.385,48.39,312
2025-03-05 18:14:00,48.39,48.39,48.39,48.39,417
2025-03-05 18:18:00,48.39,48.42,48.39,48.395,520
2025-03-05 18:19:00,48.395,48.395,48.3414,48.3414,772
2025-03-05 18:20:00,48.4535,48.47,48.45,48.47,1278
2025-03-05 18:25:00,48.41,48.42,48.41,48.42,457
2025-03-05 18:27:00,48.45,48.45,48.45,48.45,118
2025-03-05 18:28:00,48.45,48.45,48.445,48.445,387
2025-03-05 18:29:00,48.44,48.5,48.44,48.5,1647
2025-03-05 18:30:00,48.52,48.52,48.52,48.52,792
2025-03-05 18:31:00,48.52,48.5984,48.52,48.5984,3871
2025-03-05 18:33:00,48.5,48.5,48.5,48.5,166
2025-03-05 18:38:00,48.525,48.525,48.525,48.525,345
2025-03-05 18:41:00,48.45,48.51,48.44,48.51,1416
2025-03-05 18:44:00,48.485,48.485,48.47,48.47,277
2025-03-05 18:45:00,48.49,48.493,48.49,48.493,382
2025-03-05 18:46:00,48.53,48.53,48.51,48.53,1607
2025-03-05 18:47:00,48.56,48.62,48.55,48.62,2507
2025-03-05 18:48:00,48.67,48.7,48.67,48.69,1190
2025-03-05 18:50:00,48.7,48.7,48.7,48.7,1167
2025-03-05 18:51:00,48.74,48.74,48.73,48.73,443
2025-03-05 18:53:00,48.68,48.71,48.68,48.71,318
2025-03-05 18:58:00,48.65,48.71,48.635,48.71,1262
2025-03-05 18:59:00,48.71,48.71,48.71,48.71,226
2025-03-05 19:02:00,48.77,48.81,48.77,48.795,1218
2025-03-05 19:06:00,48.79,48.955,48.79,48.955,1250
2025-03-05 19:08:00,48.955,48.98,48.955,48.98,332
2025-03-05 19:10:00,49.005,49.005,49.005,49.005,185
2025-03-05 19:11:00,49.0825,49.0825,49.08,49.08,213
2025-03-05 19:12:00,48.9401,49.08,48.9401,49.05,4938
2025-03-05 19:13:00,49.05,49.06,49.015,49.015,1981
2025-03-05 19:14:00,49.07,49.15,49.05,49.05,3873
2025-03-05 19:15:00,49.08,49.095,49.08,49.095,697
2025-03-05 19:16:00,49.07,49.085,49.05,49.085,2392
2025-03-05 19:17:00,49.0925,49.0925,49.06,49.06,911
2025-03-05 19:18:00,49.07,49.07,48.8915,48.8915,2859
2025-03-05 19:20:00,48.965,48.965,48.965,48.965,152
2025-03-05 19:23:00,48.94,48.94,48.94,48.94,602
2025-03-05 19:24:00,49.0,49.02,49.0,49.0,1194
2025-03-05 19:26:00,48.93,48.95,48.93,48.95,1266
2025-03-05 19:28:00,48.94,48.95,48.92,48.92,1201
2025-03-05 19:29:00,48.92,48.92,48.8501,48.91,627
2025-03-05 19:32:00,48.92,48.92,48.92,48.92,118
2025-03-05 19:36:00,48.87,48.92,48.85,48.86,1789
2025-03-05 19:38:00,48.85,48.85,48.85,48.85,427
2025-03-05 19:39:00,48.88,48.88,48.88,48.88,429
2025-03-05 19:41:00,48.88,48.88,48.88,48.88,166
2025-03-05 19:42:00,48.88,48.88,48.88,48.88,384
2025-03-05 19:43:00,48.86,48.86,48.86,48.86,531
2025-03-05 19:44:00,48.905,48.955,48.89,48.955,9918
2025-03-05 19:45:00,49.025,49.045,49.025,49.045,803
2025-03-05 19:46:00,48.955,49.05,48.955,49.05,898
2025-03-05 19:47:00,49.04,49.05,48.9725,48.98,2321
2025-03-05 19:48:00,48.985,48.985,48.985,48.985,333
2025-03-05 19:49:00,49.03,49.05,49.01,49.05,1398
2025-03-05 19:50:00,49.06,49.13,49.06,49.08,992
2025-03-05 19:51:00,49.09,49.11,49.08,49.11,1079
2025-03-05 19:52:00,49.11,49.16,49.11,49.155,2859
2025-03-05 19:53:00,49.155,49.22,49.155,49.185,1217
2025-03-05 19:54:00,49.23,49.31,49.19,49.23,2950
2025-03-05 19:55:00,49.2,49.24,49.15,49.21,3857
2025-03-05 19:56:00,49.14,49.16,49.14,49.16,815
2025-03-05 19:58:00,49.1441,49.1441,49.055,49.055,1123
2025-03-05 19:59:00,48.99,49.03,48.96,49.03,1209
2025-03-05 20:01:00,49.055,49.055,49.055,49.055,622
2025-03-05 20:02:00,49.15,49.15,49.15,49.15,101
2025-03-05 20:04:00,49.08,49.12,49.01,49.12,1342
2025-03-05 20:07:00,49.09,49.09,49.09,49.09,154
2025-03-05 20:09:00,49.09,49.16,49.075,49.16,1932
2025-03-05 20:10:00,49.165,49.165,49.165,49.165,258
2025-03-05 20:11:00,49.09,49.1,49.09,49.1,594
2025-03-05 20:13:00,49.125,49.125,49.125,49.125,143
2025-03-05 20:15:00,49.17,49.21,49.1275,49.2,4394
2025-03-05 20:16:00,49.17,49.17,49.16,49.16,3085
2025-03-05 20:17:00,49.13,49.13,49.02,49.03,1847
2025-03-05 20:18:00,49.085,49.085,49.085,49.085,287
2025-03-05 20:19:00,49.085,49.085,49.085,49.085,546
2025-03-05 20:20:00,49.09,49.13,49.09,49.13,1192
2025-03-05 20:22:00,49.06,49.06,49.05,49.05,1404
2025-03-05 20:24:00,49.18,49.18,49.13,49.15,1905
2025-03-05 20:25:00,49.19,49.21,49.18,49.205,1531
2025-03-05 20:26:00,49.21,49.225,49.2,49.2,2363
2025-03-05 20:27:00,49.16,49.17,49.15,49.17,1235
2025-03-05 20:28:00,49.18,49.19,49.145,49.145,1691
2025-03-05 20:29:00,49.225,49.24,49.225,49.24,997
2025-03-05 20:30:00,49.225,49.25,49.2,49.225,6503
2025-03-05 20:31:00,49.23,49.23,49.215,49.215,1138
2025-03-05 20:32:00,49.21,49.23,49.15,49.15,4593
2025-03-05 20:33:00,49.17,49.2,49.15,49.19,1114
2025-03-05 20:34:00,49.19,49.19,49.16,49.16,1240
2025-03-05 20:35:00,49.15,49.16,49.13,49.13,979
2025-03-05 20:36:00,49.13,49.15,49.12,49.15,3294
2025-03-05 20:37:00,49.18,49.215,49.16,49.215,1230
2025-03-05 20:38:00,49.16,49.16,49.16,49.16,356
2025-03-05 20:39:00,49.17,49.215,49.17,49.215,897
2025-03-05 20:40:00,49.16,49.16,49.14,49.15,1462
2025-03-05 20:41:00,49.2,49.2,49.2,49.2,384
2025-03-05 20:42:00,49.15,49.25,49.15,49.25,1810
2025-03-05 20:43:00,49.25,49.25,49.25,49.25,197
2025-03-05 20:44:00,49.265,49.29,49.24,49.26,1902
2025-03-05 20:45:00,49.265,49.265,49.22,49.24,2653
2025-03-05 20:46:00,49.235,49.25,49.22,49.22,2468
2025-03-05 20:47:00,49.24,49.24,49.22,49.23,1841
2025-03-05 20:48:00,49.235,49.25,49.22,49.24,2175
2025-03-05 20:49:00,49.24,49.245,49.24,49.24,801
2025-03-05 20:50:00,49.26,49.27,49.15,49.15,16215
2025-03-05 20:51:00,49.125,49.18,49.125,49.16,3699
2025-03-05 20:52:00,49.145,49.21,49.145,49.2,3831
2025-03-05 20:53:00,49.16,49.24,49.16,49.24,2372
2025-03-05 20:54:00,49.23,49.24,49.22,49.24,2021
2025-03-05 20:55:00,49.22,49.28,49.22,49.28,3315
2025-03-05 20:56:00,49.26,49.29,49.23,49.26,6036
2025-03-05 20:57:00,49.24,49.26,49.24,49.25,2839
2025-03-05 20:58:00,49.26,49.27,49.24,49.26,11932
2025-03-05 20:59:00,49.245,49.27,49.19,49.24,14862
2025-03-05 21:23:00,47.8013,47.8013,47.8013,47.8013,100
2025-03-06 00:17:00,49.39,49.39,49.39,49.39,100
2025-03-06 00:20:00,49.45,49.45,49.45,49.45,835
2025-03-06 09:26:00,50.97,50.97,50.97,50.97,216
2025-03-06 12:00:00,50.56,50.56,50.56,50.56,429
2025-03-06 12:10:00,50.06,50.06,50.06,50.06,174
2025-03-06 12:11:00,50.06,50.06,50.06,50.06,204
2025-03-06 12:12:00,50.06,50.06,50.06,50.06,205
2025-03-06 12:42:00,50.08,50.08,50.08,50.08,100
2025-03-06 12:51:00,50.27,50.27,50.27,50.27,100
2025-03-06 12:54:00,50.28,50.28,50.28,50.28,100
2025-03-06 12:55:00,50.29,50.29,50.29,50.29,157
2025-03-06 12:56:00,50.27,50.27,50.27,50.27,1002
2025-03-06 13:53:00,50.4,50.4,50.4,50.4,139
2025-03-06 14:20:00,50.41,50.41,50.41,50.41,208
2025-03-06 14:22:00,50.4,50.4,50.4,50.4,242
2025-03-06 14:29:00,50.53,50.53,50.53,50.53,186
2025-03-06 14:30:00,50.61,50.68,50.495,50.68,16695
2025-03-06 14:31:00,50.57,50.62,50.445,50.62,980
2025-03-06 14:32:00,50.67,50.67,50.52,50.52,1174
2025-03-06 14:34:00,50.41,50.41,50.31,50.31,2985
2025-03-06 14:36:00,50.35,50.35,50.32,50.32,2318
2025-03-06 14:37:00,50.2505,50.365,50.2505,50.365,1515
2025-03-06 14:38:00,50.365,50.67,50.365,50.67,1475
2025-03-06 14:39:00,50.67,50.69,50.67,50.69,759
2025-03-06 14:40:00,50.7,50.82,50.675,50.675,1244
2025-03-06 14:41:00,50.67,50.69,50.67,50.69,739
2025-03-06 14:42:00,50.775,50.86,50.775,50.83,3966
2025-03-06 14:43:00,50.92,50.92,50.9125,50.9125,1180
2025-03-06 14:44:00,50.915,50.915,50.915,50.915,741
2025-03-06 14:45:00,50.96,50.96,50.96,50.96,303
2025-03-06 14:46:00,50.94,50.94,50.94,50.94,904
2025-03-06 14:48:00,51.04,51.15,50.96,51.135,7814
2025-03-06 14:49:00,51.145,51.155,51.145,51.155,751
2025-03-06 14:50:00,51.16,51.2877,51.16,51.28,1323
2025-03-06 14:51:00,51.29,51.45,51.29,51.45,3326
2025-03-06 14:52:00,51.39,51.44,51.34,51.35,3438
2025-03-06 14:53:00,51.27,51.27,51.235,51.235,451
2025-03-06 14:55:00,51.15,51.15,51.15,51.15,195
2025-03-06 14:56:00,51.145,51.145,51.03,51.085,1086
2025-03-06 14:59:00,51.065,51.065,51.065,51.065,180
2025-03-06 15:00:00,51.09,51.09,51.09,51.09,6904
2025-03-06 15:01:00,51.065,51.065,51.065,51.065,375
2025-03-06 15:03:00,51.14,51.305,51.14,51.305,2356
2025-03-06 15:04:00,51.32,51.43,51.32,51.3718,1686
2025-03-06 15:05:00,51.49,51.49,51.34,51.34,4419
2025-03-06 15:06:00,51.34,51.34,51.33,51.33,772
2025-03-06 15:08:00,51.3,51.3,51.3,51.3,273
2025-03-06 15:09:00,51.315,51.315,51.315,51.315,423
2025-03-06 15:12:00,51.1501,51.1501,51.1501,51.1501,215
2025-03-06 15:15:00,51.32,51.48,51.32,51.48,3200
2025-03-06 15:16:00,51.32,51.32,51.32,51.32,500
2025-03-06 15:17:00,51.24,51.24,51.24,51.24,219
2025-03-06 15:18:00,51.3,51.33,51.23,51.33,522
2025-03-06 15:19:00,51.19,51.29,51.19,51.29,250
2025-03-06 15:21:00,51.47,51.51,51.33,51.43,9188
2025-03-06 15:22:00,51.41,51.415,51.41,51.415,1296
2025-03-06 15:23:00,51.425,51.425,51.425,51.425,1600
2025-03-06 15:24:00,51.33,51.34,51.17,51.17,4300
2025-03-06 15:25:00,51.105,51.105,51.08,51.08,715
2025-03-06 15:26:00,51.08,51.14,51.055,51.055,2066
2025-03-06 15:27:00,51.06,51.225,50.94,51.225,1452
2025-03-06 15:28:00,51.13,51.13,51.13,51.13,370
2025-03-06 15:29:00,51.27,51.27,51.24,51.27,774
2025-03-06 15:31:00,51.19,51.19,51.19,51.19,246
2025-03-06 15:34:00,51.205,51.205,51.205,51.205,464
2025-03-06 15:35:00,51.105,51.105,51.095,51.095,342
2025-03-06 15:37:00,51.21,51.21,51.21,51.21,175
2025-03-06 15:38:00,51.205,51.205,51.205,51.205,406
2025-03-06 15:39:00,51.1,51.1,51.1,51.1,197
2025-03-06 15:40:00,51.3,51.3,51.3,51.3,164
2025-03-06 15:42:00,51.225,51.225,51.225,51.225,351
2025-03-06 15:43:00,51.23,51.23,51.23,51.23,481
2025-03-06 15:45:00,51.24,51.24,51.24,51.24,260
2025-03-06 15:48:00,51.2,51.2,51.16,51.16,720
2025-03-06 15:50:00,51.15,51.215,51.08,51.08,4507
2025-03-06 15:52:00,51.11,51.1624,51.11,51.1624,999
2025-03-06 15:54:00,51.06,51.08,51.05,51.06,2693
2025-03-06 15:57:00,51.085,51.18,51.04,51.14,3579
2025-03-06 15:59:00,51.14,51.205,51.14,51.205,680
2025-03-06 16:04:00,51.364,51.364,51.364,51.364,276
2025-03-06 16:07:00,51.37,51.37,51.37,51.37,392
2025-03-06 16:09:00,51.34,51.4,51.34,51.4,1865
2025-03-06 16:10:00,51.41,51.42,51.41,51.42,1446
2025-03-06 16:12:00,51.35,51.35,51.35,51.35,121
2025-03-06 16:13:00,51.413,51.413,51.413,51.413,426
2025-03-06 16:15:00,51.42,51.42,51.35,51.35,907
2025-03-06 16:16:00,51.42,51.42,51.42,51.42,179
2025-03-06 16:18:00,51.41,51.42,51.41,51.42,1158
2025-03-06 16:19:00,51.42,51.42,51.42,51.42,200
2025-03-06 16:20:00,51.42,51.42,51.42,51.42,243
2025-03-06 16:21:00,51.42,51.42,51.42,51.42,188
2025-03-06 16:22:00,51.35,51.38,51.35,51.38,259
2025-03-06 16:23:00,51.42,51.42,51.42,51.42,129
2025-03-06 16:24:00,51.38,51.38,51.38,51.38,158
2025-03-06 16:26:00,51.38,51.38,51.38,51.38,345
2025-03-06 16:27:00,51.29,51.38,51.27,51.28,2877
2025-03-06 16:29:00,51.18,51.32,51.18,51.29,1820
2025-03-06 16:30:00,51.385,51.385,51.385,51.385,381
2025-03-06 16:31:00,51.33,51.33,51.29,51.29,276
2025-03-06 16:32:00,51.3,51.375,51.23,51.23,1734
2025-03-06 16:33:00,51.3559,51.3559,51.3559,51.3559,425
2025-03-06 16:36:00,51.225,51.225,51.225,51.225,301
2025-03-06 16:37:00,51.13,51.13,51.13,51.13,152
2025-03-06 16:38:00,51.19,51.2,51.19,51.2,264
2025-03-06 16:39:00,51.15,51.225,51.12,51.13,1516
2025-03-06 16:40:00,51.195,51.195,51.195,51.195,243
2025-03-06 16:41:00,51.1308,51.1308,51.1308,51.1308,188
2025-03-06 16:42:00,51.14,51.14,51.07,51.07,1055
2025-03-06 16:43:00,51.07,51.125,51.07,51.125,1225
2025-03-06 16:45:00,51.13,51.14,51.1173,51.1173,1886
2025-03-06 16:46:00,51.1523,51.1523,51.13,51.13,920
2025-03-06 16:47:00,51.14,51.14,51.14,51.14,113
2025-03-06 16:49:00,51.125,51.125,51.065,51.065,226
2025-03-06 16:50:00,51.125,51.125,51.125,51.125,157
2025-03-06 16:51:00,51.067,51.067,51.067,51.067,179
2025-03-06 16:52:00,51.06,51.06,51.04,51.04,1021
2025-03-06 16:53:00,51.04,51.04,51.04,51.04,251
2025-03-06 16:54:00,51.04,51.13,51.04,51.13,566
2025-03-06 16:55:00,51.075,51.075,51.02,51.02,280
2025-03-06 16:57:00,51.03,51.03,51.03,51.03,230
2025-03-06 17:01:00,51.035,51.035,51.035,51.035,137
2025-03-06 17:03:00,50.96,50.98,50.96,50.98,244
2025-03-06 17:04:00,50.95,50.99,50.92,50.92,2296
2025-03-06 17:06:00,50.91,50.91,50.79,50.875,938
2025-03-06 17:07:00,50.82,50.82,50.8,50.8,268
2025-03-06 17:08:00,50.8,50.8,50.8,50.8,200
2025-03-06 17:09:00,50.855,50.94,50.855,50.94,3638
2025-03-06 17:11:00,50.875,50.875,50.875,50.875,169
2025-03-06 17:12:00,50.875,50.92,50.875,50.92,279
2025-03-06 17:14:00,50.89,50.89,50.89,50.89,160
2025-03-06 17:16:00,50.9435,50.9435,50.9435,50.9435,567
2025-03-06 17:17:00,50.88,50.88,50.88,50.88,291
2025-03-06 17:20:00,50.95,50.95,50.93,50.93,920
2025-03-06 17:22:00,50.96,50.96,50.96,50.96,1009
2025-03-06 17:23:00,50.905,50.905,50.905,50.905,130
2025-03-06 17:24:00,50.905,50.905,50.905,50.905,229
2025-03-06 17:25:00,50.905,50.905,50.77,50.77,3720
2025-03-06 17:26:00,50.785,50.8788,50.785,50.8788,2845
2025-03-06 17:27:00,50.82,50.825,50.81,50.81,747
2025-03-06 17:28:00,50.785,50.835,50.785,50.835,373
2025-03-06 17:29:00,50.87,50.87,50.8665,50.8665,532
2025-03-06 17:30:00,50.89,50.96,50.88,50.96,2086
2025-03-06 17:31:00,50.9,50.9599,50.875,50.875,1604
2025-03-06 17:33:00,50.875,50.875,50.875,50.875,100
2025-03-06 17:35:00,50.855,50.92,50.75,50.835,2379
2025-03-06 17:36:00,50.765,50.765,50.765,50.765,175
2025-03-06 17:38:00,50.765,50.765,50.765,50.765,162
2025-03-06 17:40:00,50.72,50.75,50.71,50.75,406
2025-03-06 17:41:00,50.765,50.765,50.765,50.765,131
2025-03-06 17:42:00,50.765,50.765,50.765,50.765,323
2025-03-06 17:43:00,50.76,50.76,50.76,50.76,134
2025-03-06 17:44:00,50.76,50.76,50.76,50.76,252
2025-03-06 17:45:00,50.765,50.765,50.765,50.765,372
2025-03-06 17:46:00,50.765,50.765,50.68,50.71,2195
2025-03-06 17:47:00,50.7,50.7,50.7,50.7,154
2025-03-06 17:48:00,50.58,50.58,50.58,50.58,482
2025-03-06 17:49:00,50.59,50.64,50.59,50.64,866
2025-03-06 17:50:00,50.64,50.68,50.64,50.68,642
2025-03-06 17:52:00,50.64,50.64,50.64,50.64,337
2025-03-06 17:53:00,50.645,50.645,50.57,50.57,1809
2025-03-06 17:55:00,50.66,50.68,50.65,50.68,1825
2025-03-06 17:56:00,50.65,50.686,50.65,50.686,542
2025-03-06 17:57:00,50.69,50.69,50.69,50.69,272
2025-03-06 17:58:00,50.65,50.71,50.65,50.71,2280
2025-03-06 18:00:00,50.7523,50.7523,50.7523,50.7523,100
2025-03-06 18:01:00,50.735,50.735,50.69,50.69,678
2025-03-06 18:02:00,50.74,50.74,50.74,50.74,170
2025-03-06 18:03:00,50.74,50.74,50.69,50.7,1063
2025-03-06 18:05:00,50.75,50.75,50.75,50.75,140
2025-03-06 18:07:00,50.72,50.72,50.72,50.72,160
2025-03-06 18:11:00,50.75,50.77,50.75,50.77,716
2025-03-06 18:12:00,50.799,50.799,50.799,50.799,411
2025-03-06 18:14:00,50.75,50.75,50.75,50.75,263
2025-03-06 18:15:00,50.8,50.82,50.8,50.82,939
2025-03-06 18:17:00,50.83,50.83,50.82,50.82,714
2025-03-06 18:23:00,50.89,50.89,50.83,50.83,484
2025-03-06 18:24:00,50.835,50.835,50.835,50.835,231
2025-03-06 18:25:00,50.8,50.8,50.8,50.8,147
2025-03-06 18:26:00,50.78,50.78,50.77,50.77,421
2025-03-06 18:27:00,50.77,50.815,50.75,50.815,1882
2025-03-06 18:28:00,50.74,50.74,50.74,50.74,154
2025-03-06 18:29:00,50.69,50.69,50.69,50.69,534
2025-03-06 18:30:00,50.7,50.7,50.54,50.595,1258
2025-03-06 18:32:00,50.595,50.595,50.595,50.595,114
2025-03-06 18:34:00,50.51,50.51,50.51,50.51,148
2025-03-06 18:37:00,50.52,50.58,50.49,50.49,608
2025-03-06 18:38:00,50.49,50.49,50.49,50.49,189
2025-03-06 18:40:00,50.49,50.52,50.47,50.52,724
2025-03-06 18:41:00,50.47,50.58,50.46,50.58,4490
2025-03-06 18:43:00,50.57,50.6,50.54,50.54,3374
2025-03-06 18:44:00,50.53,50.53,50.53,50.53,405
2025-03-06 18:45:00,50.57,50.57,50.57,50.57,145
2025-03-06 18:46:00,50.59,50.63,50.59,50.63,1862
2025-03-06 18:48:00,50.59,50.59,50.59,50.59,103
2025-03-06 18:49:00,50.6,50.6,50.6,50.6,137
2025-03-06 18:52:00,50.5179,50.65,50.5179,50.65,574
2025-03-06 18:53:00,50.65,50.67,50.64,50.67,469
2025-03-06 18:54:00,50.6564,50.67,50.6564,50.67,489
2025-03-06 18:55:00,50.69,50.69,50.69,50.69,908
2025-03-06 18:57:00,50.72,50.72,50.72,50.72,100
2025-03-06 18:58:00,50.75,51.0,50.74,51.0,5682
2025-03-06 18:59:00,51.0,51.0,50.95,50.95,1267
2025-03-06 19:00:00,50.8001,50.8001,50.8001,50.8001,168
2025-03-06 19:01:00,50.81,50.81,50.81,50.81,378
2025-03-06 19:02:00,50.81,50.81,50.75,50.79,2816
2025-03-06 19:05:00,50.72,50.72,50.72,50.72,1113
2025-03-06 19:06:00,50.76,50.76,50.72,50.72,317
2025-03-06 19:08:00,50.73,50.73,50.73,50.73,237
2025-03-06 19:10:00,50.775,50.775,50.74,50.74,519
2025-03-06 19:12:00,50.75,50.75,50.71,50.725,1282
2025-03-06 19:13:00,50.725,50.74,50.725,50.73,735
2025-03-06 19:14:00,50.72,50.735,50.71,50.735,429
2025-03-06 19:15:00,50.71,50.71,50.71,50.71,247
2025-03-06 19:16:00,50.7,50.725,50.7,50.725,1007
2025-03-06 19:17:00,50.69,50.69,50.69,50.69,228
2025-03-06 19:18:00,50.69,50.72,50.68,50.68,2808
2025-03-06 19:19:00,50.68,50.705,50.68,50.705,891
2025-03-06 19:20:00,50.65,50.65,50.59,50.59,511
2025-03-06 19:21:00,50.645,50.645,50.5701,50.5701,478
2025-03-06 19:22:00,50.58,50.58,50.58,50.58,103
2025-03-06 19:23:00,50.57,50.57,50.57,50.57,238
2025-03-06 19:24:00,50.58,50.62,50.57,50.57,978
2025-03-06 19:25:00,50.58,50.61,50.57,50.61,730
2025-03-06 19:26:00,50.57,50.61,50.57,50.61,401
2025-03-06 19:27:00,50.57,50.57,50.57,50.57,104
2025-03-06 19:28:00,50.57,50.57,50.54,50.54,1677
2025-03-06 19:29:00,50.54,50.54,50.54,50.54,246
2025-03-06 19:30:00,50.53,50.53,50.53,50.53,201
2025-03-06 19:32:00,50.47,50.535,50.47,50.535,1025
2025-03-06 19:33:00,50.535,50.57,50.535,50.545,316
2025-03-06 19:36:00,50.55,50.55,50.5,50.5,396
2025-03-06 19:37:00,50.56,50.56,50.56,50.56,160
2025-03-06 19:38:00,50.495,50.5,50.49,50.5,379
2025-03-06 19:39:00,50.62,50.62,50.555,50.61,732
2025-03-06 19:40:00,50.53,50.53,50.5,50.505,555
2025-03-06 19:41:00,50.5,50.56,50.5,50.56,590
2025-03-06 19:42:00,50.6,50.63,50.57,50.6,3067
2025-03-06 19:45:00,50.61,50.61,50.6,50.6,241
2025-03-06 19:46:00,50.65,50.74,50.64,50.74,3822
2025-03-06 19:47:00,50.74,50.74,50.74,50.74,439
2025-03-06 19:48:00,50.84,50.86,50.84,50.86,758
2025-03-06 19:49:00,50.94,51.01,50.94,51.0,2270
2025-03-06 19:50:00,51.0,51.0,51.0,51.0,776
2025-03-06 19:52:00,51.12,51.14,51.12,51.14,1206
2025-03-06 19:53:00,51.14,51.22,51.135,51.14,1169
2025-03-06 19:54:00,51.15,51.155,51.15,51.155,772
2025-03-06 19:55:00,51.1565,51.1565,50.95,50.95,6606
2025-03-06 19:56:00,50.895,51.01,50.895,51.01,313
2025-03-06 19:57:00,50.8,50.8,50.8,50.8,108
2025-03-06 19:58:00,50.7801,50.7801,50.7801,50.7801,145
2025-03-06 19:59:00,50.77,50.785,50.62,50.665,2163
2025-03-06 20:00:00,50.67,50.675,50.67,50.675,926
2025-03-06 20:02:00,50.74,50.74,50.685,50.685,1447
2025-03-06 20:04:00,50.74,50.74,50.705,50.72,1147
2025-03-06 20:05:00,50.755,50.755,50.755,50.755,145
2025-03-06 20:06:00,50.79,50.79,50.755,50.755,736
2025-03-06 20:07:00,50.75,50.75,50.75,50.75,247
2025-03-06 20:08:00,50.81,50.81,50.81,50.81,102
2025-03-06 20:09:00,50.8187,50.8187,50.755,50.755,1271
2025-03-06 20:10:00,50.755,50.835,50.755,50.835,2211
2025-03-06 20:11:00,50.835,50.835,50.73,50.765,4831
2025-03-06 20:13:00,50.7,50.7,50.69,50.69,413
2025-03-06 20:14:00,50.72,50.72,50.72,50.72,101
2025-03-06 20:15:00,50.76,50.76,50.76,50.76,508
2025-03-06 20:16:00,50.765,50.77,50.73,50.77,852
2025-03-06 20:17:00,50.76,50.78,50.75,50.75,548
2025-03-06 20:19:00,50.77,50.875,50.77,50.875,4244
2025-03-06 20:20:00,50.89,50.91,50.86,50.885,1530
2025-03-06 20:21:00,50.88,50.88,50.88,50.88,213
2025-03-06 20:22:00,50.85,50.85,50.78,50.78,3492
2025-03-06 20:23:00,50.64,50.64,50.64,50.64,153
2025-03-06 20:27:00,50.71,50.71,50.64,50.64,254
2025-03-06 20:29:00,50.62,50.67,50.62,50.67,300
2025-03-06 20:30:00,50.72,50.72,50.72,50.72,507
2025-03-06 20:31:00,50.75,50.79,50.75,50.79,2730
2025-03-06 20:32:00,50.79,50.81,50.76,50.78,1343
2025-03-06 20:33:00,50.78,50.78,50.76,50.76,1316
2025-03-06 20:34:00,50.75,50.75,50.75,50.75,137
2025-03-06 20:35:00,50.71,50.73,50.69,50.73,3565
2025-03-06 20:36:00,50.77,50.83,50.735,50.755,3614
2025-03-06 20:38:00,50.74,50.74,50.74,50.74,161
2025-03-06 20:39:00,50.73,50.73,50.69,50.69,1694
2025-03-06 20:40:00,50.71,50.71,50.67,50.67,667
2025-03-06 20:41:00,50.67,50.7085,50.67,50.7085,1021
2025-03-06 20:42:00,50.69,50.69,50.65,50.65,1537
2025-03-06 20:43:00,50.6,50.63,50.6,50.63,1264
2025-03-06 20:44:00,50.61,50.71,50.6,50.7,8615
2025-03-06 20:45:00,50.73,50.77,50.71,50.77,1951
2025-03-06 20:46:00,50.76,50.79,50.76,50.765,846
2025-03-06 20:47:00,50.8,50.84,50.765,50.8,1439
2025-03-06 20:48:00,50.8,50.8,50.8,50.8,338
2025-03-06 20:49:00,50.8,50.83,50.77,50.77,875
2025-03-06 20:50:00,50.84,50.84,50.77,50.84,7094
2025-03-06 20:51:00,50.84,50.84,50.84,50.84,962
2025-03-06 20:52:00,50.81,50.82,50.78,50.79,2868
2025-03-06 20:53:00,50.8,50.81,50.74,50.76,6113
2025-03-06 20:54:00,50.74,50.74,50.69,50.7,5989
2025-03-06 20:55:00,50.71,50.755,50.69,50.755,8979
2025-03-06 20:56:00,50.735,50.735,50.72,50.735,2181
2025-03-06 20:57:00,50.72,50.73,50.67,50.68,6670
2025-03-06 20:58:00,50.67,50.695,50.65,50.695,9725
2025-03-06 20:59:00,50.69,50.69,50.64,50.69,18754
2025-03-06 21:00:00,50.66,50.66,50.66,50.66,1000
2025-03-07 00:06:00,51.6,51.6,51.6,51.6,500
2025-03-07 00:21:00,51.0,51.0,51.0,51.0,2029
2025-03-07 00:24:00,51.11,51.11,51.11,51.11,2000
2025-03-07 00:27:00,51.44,51.44,51.44,51.44,1000
2025-03-07 00:31:00,51.54,51.54,51.54,51.54,1000
2025-03-07 00:44:00,51.6,51.6,51.6,51.6,500
2025-03-07 00:49:00,51.59,51.6,51.31,51.6,2000
2025-03-07 00:51:00,51.59,51.6,51.59,51.6,1025
2025-03-07 00:55:00,51.6,51.6,51.6,51.6,2000
2025-03-07 00:58:00,51.6,51.6,51.6,51.6,2000
2025-03-07 00:59:00,51.61,51.61,51.61,51.61,125
2025-03-07 09:01:00,53.5,53.5,53.5,53.5,105
2025-03-07 09:02:00,53.5,53.5,53.5,53.5,111
2025-03-07 09:03:00,53.36,53.36,53.36,53.36,301
2025-03-07 09:04:00,53.25,53.25,53.25,53.25,392
2025-03-07 11:45:00,53.65,53.65,53.65,53.65,500
2025-03-07 11:52:00,53.69,53.69,53.69,53.69,401
2025-03-07 11:53:00,53.7,53.7,53.69,53.69,906
2025-03-07 11:54:00,53.69,53.69,53.69,53.69,316
2025-03-07 11:55:00,53.66,53.71,53.66,53.71,560
2025-03-07 11:59:00,53.76,53.76,53.76,53.76,150
2025-03-07 12:00:00,53.97,53.97,53.94,53.94,1033
2025-03-07 12:16:00,53.84,53.84,53.84,53.84,111
2025-03-07 12:50:00,53.8,53.8,53.8,53.8,100
2025-03-07 13:00:00,53.79,53.79,53.79,53.79,919
2025-03-07 13:15:00,53.86,53.86,53.86,53.86,1000
2025-03-07 13:54:00,53.86,53.86,53.86,53.86,341
2025-03-07 14:12:00,54.1,54.1,54.1,54.1,500
2025-03-07 14:13:00,54.2,54.2,54.2,54.2,160
2025-03-07 14:15:00,54.1,54.1,53.99,54.0,2340
2025-03-07 14:25:00,54.32,54.32,54.32,54.32,520
2025-03-07 14:30:00,54.1,54.14,53.94,53.94,888
2025-03-07 14:31:00,54.06,54.11,54.06,54.11,1095
2025-03-07 14:32:00,54.1,54.1,54.1,54.1,604
2025-03-07 14:36:00,54.04,54.05,53.49,53.585,20632
2025-03-07 14:37:00,53.29,53.29,53.0,53.13,7237
2025-03-07 14:38:00,53.35,53.35,53.35,53.35,1364
2025-03-07 14:39:00,53.37,53.605,53.36,53.595,3624
2025-03-07 14:40:00,53.41,53.41,53.38,53.41,661
2025-03-07 14:44:00,53.0601,53.0601,53.0601,53.0601,267
2025-03-07 14:45:00,53.275,53.49,53.275,53.33,1631
2025-03-07 14:46:00,53.51,53.54,53.51,53.54,3076
2025-03-07 14:47:00,53.6,53.64,53.6,53.64,1037
2025-03-07 14:49:00,53.63,53.786,53.63,53.786,796
2025-03-07 14:50:00,53.78,53.78,53.55,53.665,1609
2025-03-07 14:52:00,53.54,53.54,53.54,53.54,702
2025-03-07 14:56:00,53.41,53.475,53.41,53.475,243
2025-03-07 14:58:00,53.48,53.48,53.48,53.48,648
2025-03-07 14:59:00,53.37,53.37,53.37,53.37,287
2025-03-07 15:02:00,53.38,53.38,53.38,53.38,271
2025-03-07 15:03:00,53.46,53.46,53.4,53.4,1528
2025-03-07 15:04:00,53.41,53.41,53.365,53.365,1847
2025-03-07 15:05:00,53.43,53.43,53.43,53.43,467
2025-03-07 15:06:00,53.425,53.425,53.37,53.39,1901
2025-03-07 15:08:00,53.35,53.35,53.35,53.35,152
2025-03-07 15:09:00,53.35,53.3557,53.35,53.3557,1229
2025-03-07 15:10:00,53.42,53.42,53.37,53.415,2155
2025-03-07 15:12:00,53.375,53.375,53.27,53.36,2089
2025-03-07 15:13:00,53.3,53.3,53.28,53.28,287
2025-03-07 15:15:00,53.21,53.21,53.21,53.21,543
2025-03-07 15:16:00,53.155,53.155,53.155,53.155,366
2025-03-07 15:17:00,53.17,53.17,53.17,53.17,259
2025-03-07 15:18:00,53.1052,53.1052,53.1052,53.1052,784
2025-03-07 15:19:00,53.16,53.16,53.16,53.16,467
2025-03-07 15:20:00,53.165,53.165,53.11,53.11,2513
2025-03-07 15:22:00,53.13,53.13,53.13,53.13,422
2025-03-07 15:23:00,53.215,53.23,53.16,53.16,1429
2025-03-07 15:24:00,53.195,53.195,53.13,53.16,788
2025-03-07 15:27:00,53.155,53.155,53.155,53.155,431
2025-03-07 15:28:00,53.155,53.155,53.085,53.085,1241
2025-03-07 15:31:00,53.08,53.08,52.96,52.97,4823
2025-03-07 15:32:00,52.84,52.87,52.84,52.87,611
2025-03-07 15:33:00,52.905,53.01,52.905,53.01,1239
2025-03-07 15:34:00,53.03,53.03,52.965,52.965,466
2025-03-07 15:35:00,52.92,53.09,52.92,53.085,3932
2025-03-07 15:37:00,52.975,52.975,52.975,52.975,115
2025-03-07 15:38:00,52.97,52.97,52.97,52.97,247
2025-03-07 15:39:00,52.96,53.01,52.96,53.01,238
2025-03-07 15:41:00,52.96,52.96,52.84,52.91,2295
2025-03-07 15:43:00,52.91,52.91,52.91,52.91,115
2025-03-07 15:45:00,52.91,53.06,52.91,52.91,662
2025-03-07 15:47:00,52.895,52.895,52.88,52.88,221
2025-03-07 15:48:00,53.0,53.0,52.83,52.93,1790
2025-03-07 15:49:00,53.02,53.18,53.0,53.18,2713
2025-03-07 15:52:00,53.14,53.15,53.14,53.15,390
2025-03-07 15:53:00,53.01,53.01,53.01,53.01,157
2025-03-07 15:54:00,53.005,53.005,53.005,53.005,132
2025-03-07 15:55:00,53.17,53.28,53.17,53.28,1352
2025-03-07 15:57:00,53.19,53.19,53.19,53.19,350
2025-03-07 15:58:00,53.22,53.22,53.22,53.22,304
2025-03-07 16:00:00,53.125,53.125,53.125,53.125,132
2025-03-07 16:01:00,53.07,53.075,53.07,53.075,208
2025-03-07 16:02:00,53.08,53.08,53.08,53.08,140
2025-03-07 16:03:00,53.08,53.21,53.08,53.21,550
2025-03-07 16:04:00,53.08,53.08,53.08,53.08,279
2025-03-07 16:06:00,53.055,53.06,53.05,53.06,934
2025-03-07 16:07:00,53.16,53.16,53.16,53.16,404
2025-03-07 16:10:00,53.045,53.14,53.045,53.14,516
2025-03-07 16:11:00,53.045,53.045,53.045,53.045,363
2025-03-07 16:12:00,53.04,53.04,52.96,53.04,4572
2025-03-07 16:13:00,53.025,53.11,52.92,53.08,1194
2025-03-07 16:14:00,52.96,52.96,52.925,52.925,867
2025-03-07 16:15:00,52.885,52.885,52.885,52.885,229
2025-03-07 16:16:00,52.9777,52.9777,52.97,52.97,945
2025-03-07 16:17:00,52.97,52.99,52.97,52.99,1060
2025-03-07 16:18:00,53.05,53.05,53.03,53.05,1596
2025-03-07 16:19:00,52.95,53.0541,52.95,52.955,547
2025-03-07 16:20:00,53.08,53.09,53.08,53.09,1004
2025-03-07 16:23:00,52.95,53.1,52.95,53.1,487
2025-03-07 16:24:00,53.09,53.09,52.955,52.96,423
2025-03-07 16:25:00,53.09,53.09,53.06,53.06,310
2025-03-07 16:26:00,52.955,53.0705,52.955,52.96,1957
2025-03-07 16:27:00,53.02,53.02,53.02,53.02,284
2025-03-07 16:28:00,53.04,53.04,53.04,53.04,275
2025-03-07 16:29:00,52.955,53.06,52.955,53.06,377
2025-03-07 16:30:00,52.945,53.0255,52.945,53.0,558
2025-03-07 16:31:00,52.945,53.04,52.945,53.04,611
2025-03-07 16:33:00,53.002,53.002,52.93,52.98,881
2025-03-07 16:34:00,52.88,53.08,52.88,53.07,3060
2025-03-07 16:35:00,53.09,53.09,53.07,53.07,740
2025-03-07 16:36:00,53.04,53.1,53.02,53.1,2228
2025-03-07 16:38:00,53.09,53.09,53.09,53.09,296
2025-03-07 16:40:00,52.97,52.97,52.97,52.97,128
2025-03-07 16:41:00,52.97,52.97,52.75,52.85,2517
2025-03-07 16:42:00,52.86,52.86,52.765,52.85,562
2025-03-07 16:43:00,52.77,52.77,52.77,52.77,223
2025-03-07 16:44:00,52.78,52.78,52.78,52.78,146
2025-03-07 16:45:00,52.79,52.89,52.79,52.88,1073
2025-03-07 16:46:00,52.785,52.89,52.785,52.84,514
2025-03-07 16:47:00,52.86,52.86,52.86,52.86,605
2025-03-07 16:48:00,52.86,52.86,52.86,52.86,133
2025-03-07 16:50:00,52.86,52.86,52.86,52.86,331
2025-03-07 16:52:00,52.6428,52.6428,52.6428,52.6428,164
2025-03-07 16:53:00,52.84,52.87,52.84,52.85,931
2025-03-07 16:54:00,52.6724,52.73,52.6724,52.73,725
2025-03-07 16:56:00,52.84,52.9,52.84,52.9,2102
2025-03-07 16:57:00,52.93,52.93,52.93,52.93,395
2025-03-07 16:58:00,52.92,52.92,52.92,52.92,201
2025-03-07 16:59:00,52.93,52.93,52.93,52.93,467
2025-03-07 17:00:00,52.83,52.83,52.83,52.83,376
2025-03-07 17:02:00,52.795,52.795,52.795,52.795,216
2025-03-07 17:03:00,52.91,52.92,52.9,52.92,1333
2025-03-07 17:06:00,52.89,52.89,52.78,52.78,622
2025-03-07 17:07:00,52.785,52.89,52.785,52.89,405
2025-03-07 17:08:00,52.785,52.945,52.77,52.77,416
2025-03-07 17:09:00,52.77,52.77,52.67,52.67,225
2025-03-07 17:11:00,52.72,52.72,52.715,52.715,606
2025-03-07 17:12:00,52.8471,52.8471,52.685,52.685,372
2025-03-07 17:13:00,52.645,52.72,52.62,52.62,794
2025-03-07 17:14:00,52.58,52.58,52.58,52.58,155
2025-03-07 17:15:00,52.66,52.66,52.66,52.66,1122
2025-03-07 17:16:00,52.67,52.7,52.53,52.7,703
2025-03-07 17:19:00,52.67,52.69,52.62,52.69,1223
2025-03-07 17:20:00,52.71,52.75,52.71,52.75,469
2025-03-07 17:22:00,52.68,52.785,52.68,52.785,969
2025-03-07 17:25:00,52.85,52.85,52.85,52.85,121
2025-03-07 17:26:00,52.87,53.06,52.87,52.93,1627
2025-03-07 17:28:00,52.895,52.895,52.895,52.895,253
2025-03-07 17:29:00,52.89,52.89,52.89,52.89,375
2025-03-07 17:30:00,52.96,52.96,52.79,52.79,1479
2025-03-07 17:31:00,52.8,52.86,52.75,52.75,1205
2025-03-07 17:33:00,52.87,52.9,52.8,52.9,1478
2025-03-07 17:35:00,52.94,52.94,52.94,52.94,256
2025-03-07 17:38:00,52.73,52.93,52.73,52.9271,2301
2025-03-07 17:39:00,52.74,52.74,52.74,52.74,103
2025-03-07 17:40:00,52.72,52.79,52.72,52.79,302
2025-03-07 17:41:00,52.68,52.86,52.68,52.795,485
2025-03-07 17:42:00,52.91,53.07,52.6601,52.91,3101
2025-03-07 17:43:00,52.89,52.965,52.89,52.965,558
2025-03-07 17:44:00,52.97,53.03,52.94,53.03,956
2025-03-07 17:45:00,52.955,52.955,52.955,52.955,224
2025-03-07 17:46:00,52.9603,53.04,52.89,52.965,2025
2025-03-07 17:47:00,52.965,52.965,52.965,52.965,1046
2025-03-07 17:48:00,53.03,53.03,53.03,53.03,806
2025-03-07 17:49:00,53.0,53.0,53.0,53.0,488
2025-03-07 17:50:00,53.04,53.1,53.01,53.1,1845
2025-03-07 17:51:00,53.085,53.085,53.085,53.085,214
2025-03-07 17:53:00,53.01,53.16,53.01,53.16,2403
2025-03-07 17:54:00,53.13,53.16,53.13,53.16,456
2025-03-07 17:55:00,53.1525,53.16,53.1525,53.16,824
2025-03-07 17:56:00,53.0601,53.18,53.0601,53.125,2033
2025-03-07 17:57:00,53.07,53.15,53.07,53.15,276
2025-03-07 17:58:00,53.07,53.095,53.07,53.095,1921
2025-03-07 17:59:00,53.005,53.07,52.97,52.97,601
2025-03-07 18:00:00,53.07,53.07,52.94,53.04,2878
2025-03-07 18:01:00,52.925,52.925,52.925,52.925,158
2025-03-07 18:02:00,52.99,53.07,52.99,53.07,2355
2025-03-07 18:03:00,53.0,53.07,53.0,53.07,771
2025-03-07 18:04:00,53.07,53.09,53.07,53.075,1473
2025-03-07 18:05:00,53.13,53.135,53.13,53.135,555
2025-03-07 18:06:00,53.17,53.17,53.17,53.17,130
2025-03-07 18:07:00,53.08,53.165,53.08,53.165,365
2025-03-07 18:08:00,53.08,53.08,53.08,53.08,221
2025-03-07 18:09:00,53.15,53.15,53.085,53.085,530
2025-03-07 18:10:00,53.085,53.16,53.01,53.01,502
2025-03-07 18:11:00,53.09,53.09,52.98,53.01,1797
2025-03-07 18:12:00,53.01,53.06,53.01,53.06,2184
2025-03-07 18:13:00,53.13,53.13,53.13,53.13,252
2025-03-07 18:15:00,53.21,53.21,53.21,53.21,478
2025-03-07 18:16:00,53.09,53.171,53.09,53.171,380
2025-03-07 18:17:00,53.18,53.18,53.07,53.07,521
2025-03-07 18:18:00,53.13,53.13,53.13,53.13,254
2025-03-07 18:19:00,53.1342,53.15,53.07,53.15,723
2025-03-07 18:20:00,53.1,53.135,53.08,53.135,1469
2025-03-07 18:21:00,53.1124,53.17,52.99,53.045,2617
2025-03-07 18:23:00,53.01,53.01,53.01,53.01,506
2025-03-07 18:24:00,53.06,53.06,53.06,53.06,149
2025-03-07 18:25:00,53.01,53.11,53.01,53.11,619
2025-03-07 18:26:00,53.09,53.11,53.0,53.045,2376
2025-03-07 18:27:00,53.045,53.12,53.045,53.12,902
2025-03-07 18:28:00,53.09,53.12,53.09,53.11,710
2025-03-07 18:29:00,53.12,53.17,53.09,53.17,3098
2025-03-07 18:30:00,53.175,53.175,53.13,53.13,581
2025-03-07 18:31:00,53.12,53.15,53.12,53.15,916
2025-03-07 18:32:00,53.14,53.1799,53.14,53.14,538
2025-03-07 18:33:00,53.14,53.14,53.125,53.125,652
2025-03-07 18:36:00,53.09,53.12,53.08,53.12,2050
2025-03-07 18:37:00,53.13,53.19,53.13,53.19,2242
2025-03-07 18:38:00,53.18,53.18,53.18,53.18,321
2025-03-07 18:39:00,53.22,53.355,53.21,53.35,2501
2025-03-07 18:40:00,53.27,53.28,53.27,53.28,968
2025-03-07 18:42:00,53.1653,53.215,53.1653,53.215,294
2025-03-07 18:43:00,53.17,53.17,53.15,53.15,451
2025-03-07 18:44:00,53.15,53.19,53.15,53.18,1025
2025-03-07 18:45:00,53.15,53.15,53.12,53.12,345
2025-03-07 18:46:00,53.15,53.19,53.12,53.12,2534
2025-03-07 18:47:00,53.19,53.19,53.13,53.13,651
2025-03-07 18:48:00,53.09,53.09,53.09,53.09,743
2025-03-07 18:49:00,53.11,53.125,53.08,53.125,1143
2025-03-07 18:50:00,53.15,53.15,53.09,53.09,370
2025-03-07 18:51:00,53.16,53.27,53.15,53.27,3167
2025-03-07 18:53:00,53.29,53.31,53.29,53.3,929
2025-03-07 18:54:00,53.325,53.325,53.295,53.295,730
2025-03-07 18:55:00,53.295,53.295,53.24,53.24,863
2025-03-07 18:56:00,53.295,53.295,53.24,53.295,420
2025-03-07 18:59:00,53.23,53.275,53.23,53.23,1097
2025-03-07 19:00:00,53.24,53.27,53.24,53.24,576
2025-03-07 19:01:00,53.31,53.37,53.31,53.36,2916
2025-03-07 19:03:00,53.3765,53.3765,53.31,53.31,574
2025-03-07 19:04:00,53.35,53.35,53.34,53.34,786
2025-03-07 19:05:00,53.38,53.38,53.34,53.34,570
2025-03-07 19:06:00,53.3001,53.35,53.3,53.34,4562
2025-03-07 19:07:00,53.34,53.34,53.31,53.31,494
2025-03-07 19:08:00,53.295,53.295,53.295,53.295,107
2025-03-07 19:09:00,53.35,53.37,53.25,53.37,2351
2025-03-07 19:10:00,53.335,53.335,53.3,53.3,375
2025-03-07 19:11:00,53.37,53.43,53.37,53.43,2990
2025-03-07 19:12:00,53.39,53.415,53.33,53.34,2249
2025-03-07 19:13:00,53.335,53.335,53.335,53.335,428
2025-03-07 19:14:00,53.34,53.35,53.34,53.35,759
2025-03-07 19:15:00,53.39,53.39,53.39,53.39,118
2025-03-07 19:17:00,53.33,53.39,53.33,53.39,515
2025-03-07 19:18:00,53.34,53.34,53.34,53.34,387
2025-03-07 19:19:00,53.38,53.47,53.38,53.45,2161
2025-03-07 19:20:00,53.415,53.47,53.368,53.415,2403
2025-03-07 19:21:00,53.4201,53.48,53.4201,53.48,1349
2025-03-07 19:22:00,53.48,53.49,53.48,53.49,1473
2025-03-07 19:23:00,53.5,53.53,53.5,53.53,1522
2025-03-07 19:24:00,53.515,53.56,53.515,53.56,506
2025-03-07 19:25:00,53.51,53.51,53.51,53.51,414
2025-03-07 19:26:00,53.5,53.5,53.45,53.45,793
2025-03-07 19:27:00,53.415,53.415,53.415,53.415,299
2025-03-07 19:30:00,53.47,53.47,53.47,53.47,542
2025-03-07 19:31:00,53.51,53.52,53.455,53.5,841
2025-03-07 19:32:00,53.445,53.5,53.445,53.5,453
2025-03-07 19:33:00,53.48,53.51,53.43,53.48,2600
2025-03-07 19:34:00,53.3978,53.48,53.3978,53.48,427
2025-03-07 19:35:00,53.49,53.49,53.49,53.49,601
2025-03-07 19:36:00,53.45,53.45,53.36,53.36,1716
2025-03-07 19:37:00,53.43,53.43,53.43,53.43,353
2025-03-07 19:38:00,53.43,53.5,53.43,53.43,934
2025-03-07 19:39:00,53.5,53.5,53.43,53.43,1415
2025-03-07 19:40:00,53.49,53.49,53.49,53.49,722
2025-03-07 19:41:00,53.49,53.5,53.43,53.48,1188
2025-03-07 19:42:00,53.4,53.49,53.4,53.49,655
2025-03-07 19:43:00,53.49,53.5,53.49,53.5,1311
2025-03-07 19:45:00,53.48,53.48,53.41,53.41,1666
2025-03-07 19:46:00,53.49,53.49,53.435,53.435,668
2025-03-07 19:47:00,53.445,53.51,53.445,53.5,800
2025-03-07 19:48:00,53.5,53.5,53.5,53.5,719
2025-03-07 19:49:00,53.48,53.48,53.38,53.47,3738
2025-03-07 19:50:00,53.425,53.46,53.36,53.375,2138
2025-03-07 19:51:00,53.365,53.365,53.345,53.345,311
2025-03-07 19:52:00,53.43,53.43,53.3,53.3,236
2025-03-07 19:53:00,53.42,53.43,53.32,53.43,3495
2025-03-07 19:54:00,53.42,53.45,53.42,53.45,2024
2025-03-07 19:55:00,53.445,53.445,53.42,53.42,1575
2025-03-07 19:56:00,53.3389,53.3389,53.3389,53.3389,677
2025-03-07 19:57:00,53.4096,53.4096,53.4096,53.4096,177
2025-03-07 19:58:00,53.37,53.37,53.33,53.33,371
2025-03-07 19:59:00,53.2875,53.2875,53.2875,53.2875,488
2025-03-07 20:00:00,53.39,53.39,53.39,53.39,340
2025-03-07 20:01:00,53.3,53.3,53.3,53.3,221
2025-03-07 20:02:00,53.38,53.47,53.38,53.47,2984
2025-03-07 20:04:00,53.46,53.475,53.42,53.42,2184
2025-03-07 20:05:00,53.42,53.475,53.42,53.475,621
2025-03-07 20:06:00,53.46,53.46,53.45,53.45,510
2025-03-07 20:07:00,53.5,53.51,53.5,53.51,700
2025-03-07 20:08:00,53.52,53.57,53.505,53.505,3931
2025-03-07 20:10:00,53.47,53.5711,53.47,53.5711,1070
2025-03-07 20:13:00,53.465,53.465,53.42,53.43,2075
2025-03-07 20:14:00,53.46,53.46,53.41,53.41,2746
2025-03-07 20:15:00,53.37,53.37,53.37,53.37,144
2025-03-07 20:16:00,53.38,53.48,53.38,53.4793,1830
2025-03-07 20:17:00,53.43,53.45,53.4205,53.4205,1276
2025-03-07 20:18:00,53.48,53.52,53.48,53.505,2962
2025-03-07 20:19:00,53.5,53.5,53.5,53.5,399
2025-03-07 20:20:00,53.46,53.505,53.46,53.47,401
2025-03-07 20:21:00,53.55,53.55,53.55,53.55,394
2025-03-07 20:22:00,53.53,53.545,53.53,53.54,909
2025-03-07 20:23:00,53.51,53.51,53.51,53.51,145
2025-03-07 20:24:00,53.54,53.54,53.475,53.475,1622
2025-03-07 20:25:00,53.47,53.47,53.47,53.47,404
2025-03-07 20:26:00,53.48,53.48,53.48,53.48,132
2025-03-07 20:27:00,53.49,53.49,53.48,53.48,421
2025-03-07 20:28:00,53.495,53.52,53.495,53.51,1712
2025-03-07 20:29:00,53.54,53.54,53.52,53.52,747
2025-03-07 20:30:00,53.54,53.56,53.53,53.55,2690
2025-03-07 20:31:00,53.54,53.54,53.49,53.5,5823
2025-03-07 20:34:00,53.495,53.52,53.495,53.52,1265
2025-03-07 20:35:00,53.52,53.53,53.52,53.53,338
2025-03-07 20:36:00,53.5,53.505,53.465,53.465,3790
2025-03-07 20:37:00,53.39,53.42,53.39,53.39,1036
2025-03-07 20:38:00,53.39,53.43,53.39,53.43,2201
2025-03-07 20:39:00,53.415,53.45,53.415,53.45,2901
2025-03-07 20:40:00,53.45,53.45,53.435,53.435,2938
2025-03-07 20:41:00,53.42,53.435,53.42,53.42,1378
2025-03-07 20:42:00,53.4,53.47,53.37,53.47,5745
2025-03-07 20:43:00,53.5,53.5,53.49,53.49,540
2025-03-07 20:44:00,53.57,53.57,53.57,53.57,1243
2025-03-07 20:45:00,53.62,53.63,53.54,53.565,2370
2025-03-07 20:46:00,53.57,53.58,53.57,53.57,1916
2025-03-07 20:47:00,53.57,53.57,53.57,53.57,120
2025-03-07 20:48:00,53.6,53.6,53.57,53.6,1485
2025-03-07 20:49:00,53.6,53.6,53.57,53.6,2737
2025-03-07 20:50:00,53.57,53.59,53.52,53.55,4084
2025-03-07 20:51:00,53.54,53.55,53.51,53.51,5337
2025-03-07 20:52:00,53.505,53.54,53.505,53.51,1996
2025-03-07 20:53:00,53.505,53.55,53.49,53.5,6634
2025-03-07 20:54:00,53.49,53.55,53.47,53.55,6839
2025-03-07 20:55:00,53.55,53.62,53.55,53.6,3456
2025-03-07 20:56:00,53.58,53.63,53.525,53.525,9996
2025-03-07 20:57:00,53.54,53.565,53.515,53.53,6250
2025-03-07 20:58:00,53.53,53.56,53.495,53.495,5910
2025-03-07 20:59:00,53.475,53.55,53.47,53.5,6607
2025-03-07 21:00:00,53.43,53.43,53.43,53.43,505
2025-03-10 13:30:00,51.78,51.78,51.78,51.78,2779
2025-03-10 13:32:00,52.05,52.05,52.05,52.05,369
2025-03-10 13:34:00,51.8,51.8,51.8,51.8,210
2025-03-10 13:35:00,51.56,51.56,51.56,51.56,549
2025-03-10 13:37:00,51.83,51.83,51.83,51.83,498
2025-03-10 13:40:00,51.805,51.955,51.805,51.955,2341
2025-03-10 13:42:00,51.84,51.84,51.84,51.84,158
2025-03-10 13:43:00,51.955,51.955,51.955,51.955,223
2025-03-10 13:45:00,51.8893,51.99,51.8893,51.97,2897
2025-03-10 13:46:00,51.9797,52.02,51.9797,52.02,332
2025-03-10 13:47:00,51.98,52.03,51.89,51.93,3386
2025-03-10 13:48:00,51.74,51.89,51.73,51.89,793
2025-03-10 13:50:00,51.82,51.82,51.82,51.82,707
2025-03-10 13:51:00,51.69,51.785,51.69,51.785,1378
2025-03-10 13:52:00,51.52,51.52,51.51,51.51,808
2025-03-10 13:53:00,51.5137,51.5137,51.5137,51.5137,896
2025-03-10 13:56:00,51.6212,51.63,51.6212,51.63,405
2025-03-10 13:57:00,51.54,51.63,51.53,51.53,667
2025-03-10 13:58:00,51.56,51.63,51.56,51.63,347
2025-03-10 13:59:00,51.63,51.63,51.63,51.63,165
2025-03-10 14:00:00,51.63,51.63,51.63,51.63,548
2025-03-10 14:03:00,51.55,51.63,51.45,51.45,2357
2025-03-10 14:04:00,51.43,51.43,51.42,51.42,786
2025-03-10 14:05:00,51.4336,51.4336,51.255,51.255,625
2025-03-10 14:06:00,51.425,51.425,51.425,51.425,219
2025-03-10 14:07:00,51.2725,51.42,51.2725,51.42,725
2025-03-10 14:08:00,51.42,51.42,51.42,51.42,233
2025-03-10 14:11:00,51.5825,51.5825,51.425,51.425,909
2025-03-10 14:15:00,51.265,51.265,51.265,51.265,180
2025-03-10 14:17:00,51.6,51.6,51.6,51.6,600
2025-03-10 14:18:00,51.425,51.425,51.425,51.425,135
2025-03-10 14:20:00,51.415,51.415,51.28,51.28,407
2025-03-10 14:23:00,51.31,51.31,51.31,51.31,935
2025-03-10 14:24:00,51.42,51.42,51.42,51.42,337
2025-03-10 14:25:00,51.38,51.38,51.32,51.32,1416
2025-03-10 14:28:00,51.315,51.315,51.28,51.28,786
2025-03-10 14:29:00,51.315,51.315,51.315,51.315,422
2025-03-10 14:30:00,51.21,51.21,51.21,51.21,102
2025-03-10 14:31:00,51.315,51.315,51.28,51.28,1402
2025-03-10 14:32:00,51.31,51.315,51.31,51.315,1006
2025-03-10 14:33:00,51.21,51.245,51.09,51.1,2469
2025-03-10 14:34:00,51.11,51.11,51.055,51.055,1127
2025-03-10 14:35:00,51.055,51.055,51.0,51.0,866
2025-03-10 14:36:00,50.95,50.995,50.95,50.995,462
2025-03-10 14:37:00,51.06,51.2,51.055,51.2,7666
2025-03-10 14:38:00,51.14,51.14,51.14,51.14,379
2025-03-10 14:39:00,51.2,51.2,51.19,51.19,807
2025-03-10 14:40:00,51.17,51.2,51.09,51.12,14295
2025-03-10 14:41:00,51.145,51.145,51.12,51.12,557
2025-03-10 14:43:00,51.1,51.1,51.1,51.1,335
2025-03-10 14:44:00,51.1,51.13,51.1,51.13,237
2025-03-10 14:45:00,51.13,51.15,51.11,51.11,734
2025-03-10 14:46:00,51.11,51.11,51.06,51.06,946
2025-03-10 14:48:00,51.06,51.06,51.06,51.06,453
2025-03-10 14:49:00,50.99,50.99,50.96,50.96,266
2025-03-10 14:50:00,51.015,51.015,51.015,51.015,360
2025-03-10 14:51:00,51.015,51.015,51.015,51.015,250
2025-03-10 14:53:00,51.02,51.095,51.02,51.095,627
2025-03-10 14:54:00,51.095,51.095,51.095,51.095,124
2025-03-10 14:55:00,51.105,51.105,51.105,51.105,211
2025-03-10 14:56:00,51.12,51.17,51.11,51.17,1072
2025-03-10 14:57:00,51.11,51.155,51.11,51.155,1450
2025-03-10 14:58:00,51.12,51.12,51.1,51.12,1110
2025-03-10 14:59:00,51.045,51.06,51.045,51.06,474
2025-03-10 15:00:00,51.2,51.2,51.055,51.055,3855
2025-03-10 15:01:00,51.055,51.06,51.055,51.06,1529
2025-03-10 15:03:00,51.15,51.255,51.15,51.2,9611
2025-03-10 15:05:00,51.23,51.23,51.23,51.23,243
2025-03-10 15:06:00,51.23,51.23,51.1,51.145,2486
2025-03-10 15:07:00,51.19,51.2,51.15,51.15,497
2025-03-10 15:09:00,51.135444,51.155,51.135444,51.155,597
2025-03-10 15:11:00,51.16,51.165,51.16,51.165,1044
2025-03-10 15:13:00,51.2,51.21,51.175,51.175,13556
2025-03-10 15:14:00,51.2,51.22,51.2,51.215,5064
2025-03-10 15:15:00,51.245,51.245,51.245,51.245,276
2025-03-10 15:16:00,51.255,51.255,51.255,51.255,567
2025-03-10 15:17:00,51.23,51.265,51.21,51.21,700
2025-03-10 15:18:00,51.27,51.27,51.24,51.24,541
2025-03-10 15:19:00,51.26,51.26,51.26,51.26,529
2025-03-10 15:20:00,51.275,51.275,51.22,51.22,333
2025-03-10 15:21:00,51.22,51.22,51.22,51.22,446
2025-03-10 15:22:00,51.31,51.31,51.31,51.31,117
2025-03-10 15:23:00,51.235,51.235,51.235,51.235,425
2025-03-10 15:24:00,51.235,51.235,51.235,51.235,5029
2025-03-10 15:25:00,51.34,51.445,51.32,51.445,1562
2025-03-10 15:26:00,51.34,51.36,51.34,51.36,532
2025-03-10 15:28:00,51.365,51.365,51.365,51.365,294
2025-03-10 15:29:00,51.3,51.3,51.28,51.28,325
2025-03-10 15:30:00,51.38,51.38,51.25,51.34,689
2025-03-10 15:31:00,51.38,51.38,51.38,51.38,388
2025-03-10 15:32:00,51.355,51.355,51.355,51.355,290
2025-03-10 15:33:00,51.36,51.36,51.36,51.36,383
2025-03-10 15:34:00,51.45,51.45,51.45,51.45,202
2025-03-10 15:35:00,51.365,51.365,51.365,51.365,468
2025-03-10 15:36:00,51.4555,51.4555,51.4555,51.4555,269
2025-03-10 15:37:00,51.46,51.46,51.46,51.46,400
2025-03-10 15:38:00,51.415,51.415,51.415,51.415,335
2025-03-10 15:39:00,51.3713,51.3713,51.3713,51.3713,669
2025-03-10 15:40:00,51.41,51.41,51.41,51.41,275
2025-03-10 15:41:00,51.41,51.42,51.35,51.35,2333
2025-03-10 15:42:00,51.285,51.285,51.285,51.285,190
2025-03-10 15:43:00,51.2,51.2,51.2,51.2,323
2025-03-10 15:44:00,51.25,51.25,51.14,51.19,1392
2025-03-10 15:45:00,51.12,51.12,51.12,51.12,523
2025-03-10 15:47:00,51.215,51.32,51.215,51.26,951
2025-03-10 15:48:00,51.265,51.265,51.265,51.265,667
2025-03-10 15:51:00,51.27,51.27,51.27,51.27,324
2025-03-10 15:52:00,51.3988,51.3988,51.3988,51.3988,509
2025-03-10 15:53:00,51.4,51.41,51.27,51.27,1020
2025-03-10 15:55:00,51.43,51.43,51.43,51.43,382
2025-03-10 15:56:00,51.305,51.305,51.305,51.305,345
2025-03-10 15:57:00,51.43,51.43,51.43,51.43,184
2025-03-10 15:58:00,51.31,51.32,51.31,51.32,828
2025-03-10 16:01:00,51.26,51.41,51.25,51.33,2078
2025-03-10 16:03:00,51.325,51.325,51.325,51.325,447
2025-03-10 16:06:00,51.305,51.35,51.27,51.34,1756
2025-03-10 16:07:00,51.42,51.505,51.42,51.46,1398
2025-03-10 16:11:00,51.485,51.485,51.485,51.485,445
2025-03-10 16:13:00,51.49,51.49,51.49,51.49,235
2025-03-10 16:16:00,51.49,51.49,51.49,51.49,904
2025-03-10 16:18:00,51.4,51.46,51.33,51.46,1629
2025-03-10 16:19:00,51.46,51.46,51.46,51.46,493
2025-03-10 16:20:00,51.45,51.5483,51.45,51.465,1365
2025-03-10 16:23:00,51.39,51.5329,51.37,51.47,1569
2025-03-10 16:24:00,51.41,51.41,51.38,51.38,563
2025-03-10 16:25:00,51.37,51.4724,51.37,51.4724,879
2025-03-10 16:26:00,51.41,51.41,51.38,51.38,481
2025-03-10 16:27:00,51.41,51.41,51.41,51.41,328
2025-03-10 16:28:00,51.47,51.47,51.47,51.47,588
2025-03-10 16:30:00,51.45,51.475,51.45,51.45,446
2025-03-10 16:31:00,51.475,51.475,51.475,51.475,217
2025-03-10 16:32:00,51.55,51.55,51.55,51.55,100
2025-03-10 16:33:00,51.475,51.475,51.475,51.475,608
2025-03-10 16:34:00,51.555,51.6,51.555,51.6,918
2025-03-10 16:35:00,51.58,51.58,51.58,51.58,355
2025-03-10 16:37:00,51.58,51.6,51.58,51.6,1009
2025-03-10 16:38:00,51.4149,51.55,51.4149,51.55,2490
2025-03-10 16:39:00,51.51,51.51,51.51,51.51,189
2025-03-10 16:40:00,51.4,51.4,51.4,51.4,227
2025-03-10 16:41:00,51.42,51.42,51.42,51.42,160
2025-03-10 16:42:00,51.41,51.475,51.4,51.435,1003
2025-03-10 16:45:00,51.435,51.435,51.36,51.36,520
2025-03-10 16:47:00,51.36,51.36,51.36,51.36,257
2025-03-10 16:48:00,51.4,51.43,51.4,51.43,496
2025-03-10 16:49:00,51.43,51.465,51.405,51.465,1063
2025-03-10 16:50:00,51.44,51.44,51.44,51.44,315
2025-03-10 16:52:00,51.44,51.44,51.44,51.44,104
2025-03-10 16:55:00,51.41,51.41,51.41,51.41,425
2025-03-10 16:56:00,51.425,51.425,51.425,51.425,441
2025-03-10 16:57:00,51.5,51.5,51.425,51.425,212
2025-03-10 16:58:00,51.435,51.435,51.435,51.435,494
2025-03-10 16:59:00,51.42,51.43,51.42,51.43,668
2025-03-10 17:00:00,51.43,51.43,51.43,51.43,386
2025-03-10 17:01:00,51.455,51.455,51.42,51.42,655
2025-03-10 17:02:00,51.38,51.38,51.33,51.33,810
2025-03-10 17:03:00,51.4799,51.4799,51.4799,51.4799,190
2025-03-10 17:04:00,51.35,51.35,51.32,51.32,623
2025-03-10 17:05:00,51.39,51.39,51.39,51.39,246
2025-03-10 17:07:00,51.31,51.31,51.28,51.28,1071
2025-03-10 17:10:00,51.31,51.36,51.23,51.36,1511
2025-03-10 17:12:00,51.22,51.22,51.22,51.22,126
2025-03-10 17:13:00,51.27,51.27,51.27,51.27,729
2025-03-10 17:14:00,51.28,51.28,51.28,51.28,324
2025-03-10 17:15:00,51.28,51.28,51.28,51.28,123
2025-03-10 17:16:00,51.28,51.29,51.28,51.29,456
2025-03-10 17:17:00,51.34,51.38,51.34,51.38,949
2025-03-10 17:18:00,51.35,51.35,51.35,51.35,639
2025-03-10 17:19:00,51.4377,51.4377,51.315,51.315,666
2025-03-10 17:21:00,51.381,51.46,51.381,51.46,1317
2025-03-10 17:22:00,51.35,51.4,51.35,51.4,1027
2025-03-10 17:23:00,51.415,51.415,51.415,51.415,328
2025-03-10 17:25:00,51.45,51.46,51.45,51.46,1218
2025-03-10 17:26:00,51.42,51.455,51.39,51.455,866
2025-03-10 17:27:00,51.4,51.4343,51.4,51.4343,685
2025-03-10 17:28:00,51.455,51.455,51.455,51.455,1089
2025-03-10 17:29:00,51.455,51.455,51.45,51.45,1129
2025-03-10 17:30:00,51.46,51.46,51.43,51.45,1211
2025-03-10 17:31:00,51.43,51.45,51.4,51.4,1191
2025-03-10 17:33:00,51.36,51.36,51.36,51.36,202
2025-03-10 17:35:00,51.4,51.4,51.365,51.365,474
2025-03-10 17:36:00,51.4,51.4,51.37,51.37,380
2025-03-10 17:37:00,51.37,51.37,51.24,51.24,834
2025-03-10 17:38:00,51.26,51.26,51.26,51.26,223
2025-03-10 17:41:00,51.34,51.34,51.34,51.34,181
2025-03-10 17:42:00,51.31,51.32,51.24,51.24,1162
2025-03-10 17:46:00,51.25,51.25,51.25,51.25,453
2025-03-10 17:49:00,51.27,51.27,51.245,51.245,510
2025-03-10 17:50:00,51.245,51.33,51.245,51.33,1455
2025-03-10 17:51:00,51.29,51.29,51.29,51.29,100
2025-03-10 17:52:00,51.29,51.335,51.29,51.335,1356
2025-03-10 17:53:00,51.339,51.339,51.339,51.339,271
2025-03-10 17:55:00,51.34,51.34,51.285,51.285,529
2025-03-10 17:56:00,51.285,51.285,51.24,51.24,1325
2025-03-10 17:57:00,51.3,51.3,51.3,51.3,218
2025-03-10 17:59:00,51.285,51.285,51.285,51.285,220
2025-03-10 18:00:00,51.27,51.27,51.24,51.24,742
2025-03-10 18:01:00,51.26,51.27,51.26,51.27,321
2025-03-10 18:02:00,51.23,51.235,51.23,51.235,492
2025-03-10 18:03:00,51.23,51.23,51.23,51.23,309
2025-03-10 18:04:00,51.29,51.29,51.23,51.29,914
2025-03-10 18:05:00,51.3,51.3,51.23,51.23,752
2025-03-10 18:06:00,51.23,51.25,51.2,51.25,1425
2025-03-10 18:07:00,51.18,51.18,51.16,51.16,543
2025-03-10 18:08:00,51.205,51.25,51.205,51.25,684
2025-03-10 18:09:00,51.2164,51.26,51.2164,51.26,368
2025-03-10 18:10:00,51.26,51.33,51.26,51.33,2421
2025-03-10 18:11:00,51.35,51.35,51.35,51.35,999
2025-03-10 18:12:00,51.395,51.395,51.35,51.39,1326
2025-03-10 18:13:00,51.39,51.39,51.35,51.35,788
2025-03-10 18:16:00,51.385,51.385,51.385,51.385,125
2025-03-10 18:17:00,51.38,51.38,51.3,51.3,747
2025-03-10 18:18:00,51.295,51.295,51.285,51.285,262
2025-03-10 18:19:00,51.39,51.39,51.275,51.275,228
2025-03-10 18:20:00,51.275,51.3877,51.275,51.3877,373
2025-03-10 18:21:00,51.265,51.265,51.265,51.265,195
2025-03-10 18:22:00,51.25,51.25,51.25,51.25,249
2025-03-10 18:23:00,51.25,51.25,51.25,51.25,656
2025-03-10 18:24:00,51.1786,51.33,51.16,51.33,574
2025-03-10 18:25:00,51.25,51.33,51.25,51.33,561
2025-03-10 18:27:00,51.26,51.31,51.26,51.26,925
2025-03-10 18:28:00,51.3,51.32,51.3,51.32,658
2025-03-10 18:29:00,51.28,51.28,51.28,51.28,363
2025-03-10 18:30:00,51.29,51.29,51.29,51.29,237
2025-03-10 18:31:00,51.3435,51.3435,51.295,51.295,1109
2025-03-10 18:32:00,51.295,51.295,51.295,51.295,283
2025-03-10 18:34:00,51.29,51.3,51.29,51.3,391
2025-03-10 18:35:00,51.25,51.3,51.24,51.3,2209
2025-03-10 18:37:00,51.33,51.33,51.33,51.33,688
2025-03-10 18:38:00,51.32,51.325,51.295,51.325,1229
2025-03-10 18:39:00,51.32,51.32,51.32,51.32,385
2025-03-10 18:40:00,51.3,51.32,51.3,51.32,677
2025-03-10 18:41:00,51.32,51.32,51.32,51.32,971
2025-03-10 18:42:00,51.28,51.315,51.28,51.306,1197
2025-03-10 18:43:00,51.325,51.35,51.325,51.35,607
2025-03-10 18:44:00,51.29,51.29,51.29,51.29,427
2025-03-10 18:45:00,51.27,51.28,51.255,51.255,503
2025-03-10 18:47:00,51.33,51.33,51.33,51.33,231
2025-03-10 18:48:00,51.3365,51.3365,51.295,51.295,346
2025-03-10 18:50:00,51.27,51.27,51.27,51.27,563
2025-03-10 18:51:00,51.275,51.34,51.275,51.325,1572
2025-03-10 18:52:00,51.34,51.34,51.34,51.34,619
2025-03-10 18:53:00,51.305,51.305,51.305,51.305,870
2025-03-10 18:55:00,51.235,51.28,51.21,51.23,1003
2025-03-10 18:56:00,51.28,51.28,51.22,51.28,946
2025-03-10 18:57:00,51.28,51.28,51.225,51.24,742
2025-03-10 18:58:00,51.23,51.28,51.225,51.27,761
2025-03-10 18:59:00,51.3,51.3,51.2405,51.2405,675
2025-03-10 19:00:00,51.2755,51.29,51.245,51.29,956
2025-03-10 19:01:00,51.29,51.3,51.27,51.29,2008
2025-03-10 19:03:00,51.29,51.29,51.24,51.24,431
2025-03-10 19:04:00,51.3,51.3,51.175,51.24,2577
2025-03-10 19:05:00,51.29,51.29,51.29,51.29,395
2025-03-10 19:06:00,51.27,51.27,51.27,51.27,143
2025-03-10 19:07:00,51.25,51.25,51.16,51.25,1141
2025-03-10 19:08:00,51.125,51.14,51.125,51.14,823
2025-03-10 19:10:00,51.18,51.18,51.18,51.18,296
2025-03-10 19:11:00,51.17,51.22,51.15,51.155,3210
2025-03-10 19:12:00,51.24,51.26,51.24,51.26,764
2025-03-10 19:13:00,51.29,51.3482,51.29,51.3482,797
2025-03-10 19:14:00,51.25,51.25,51.25,51.25,335
2025-03-10 19:15:00,51.28,51.28,51.28,51.28,387
2025-03-10 19:16:00,51.35,51.405,51.35,51.405,1374
2025-03-10 19:17:00,51.38,51.38,51.3644,51.3644,983
2025-03-10 19:19:00,51.375,51.375,51.375,51.375,470
2025-03-10 19:20:00,51.4,51.48,51.4,51.48,868
2025-03-10 19:21:00,51.47,51.47,51.47,51.47,561
2025-03-10 19:22:00,51.48,51.48,51.48,51.48,444
2025-03-10 19:23:00,51.415,51.42,51.415,51.415,1069
2025-03-10 19:25:00,51.49,51.58,51.48,51.48,4550
2025-03-10 19:28:00,51.51,51.65,51.51,51.65,3192
2025-03-10 19:29:00,51.53,51.53,51.43,51.43,524
2025-03-10 19:30:00,51.55,51.55,51.495,51.495,637
2025-03-10 19:31:00,51.495,51.495,51.495,51.495,701
2025-03-10 19:32:00,51.54,51.54,51.54,51.54,898
2025-03-10 19:33:00,51.54,51.745,51.475,51.745,2187
2025-03-10 19:35:00,51.62,51.7045,51.62,51.655,752
2025-03-10 19:36:00,51.62,51.65,51.59,51.59,2319
2025-03-10 19:37:00,51.59,51.63,51.475,51.62,1948
2025-03-10 19:39:00,51.45,51.6322,51.45,51.6322,1467
2025-03-10 19:40:00,51.545,51.545,51.545,51.545,458
2025-03-10 19:41:00,51.575,51.5951,51.575,51.59,2131
2025-03-10 19:42:00,51.59,51.65,51.59,51.65,1228
2025-03-10 19:43:00,51.59,51.63,51.59,51.595,892
2025-03-10 19:44:00,51.595,51.65,51.59,51.63,2447
2025-03-10 19:45:00,51.555,51.61,51.555,51.555,554
2025-03-10 19:46:00,51.555,51.555,51.555,51.555,790
2025-03-10 19:47:00,51.65,51.66,51.65,51.66,913
2025-03-10 19:48:00,51.6,51.69,51.6,51.69,1529
2025-03-10 19:49:00,51.645,51.645,51.645,51.645,498
2025-03-10 19:50:00,51.59,51.69,51.55,51.65,7290
2025-03-10 19:51:00,51.66,51.66,51.61,51.61,3972
2025-03-10 19:52:00,51.63,51.68,51.61,51.68,1600
2025-03-10 19:53:00,51.645,51.645,51.554,51.59,2175
2025-03-10 19:54:00,51.585,51.585,51.53,51.55,6314
2025-03-10 19:55:00,51.55,51.66,51.55,51.66,9357
2025-03-10 19:56:00,51.65,51.89,51.64,51.845,21972
2025-03-10 19:57:00,51.845,51.845,51.785,51.785,6025
2025-03-10 19:58:00,51.8,51.83,51.76,51.765,3728
2025-03-10 19:59:00,51.79,51.81,51.72,51.74,8570
2025-03-11 11:57:00,51.34,51.34,51.34,51.34,100
2025-03-11 12:24:00,50.7474,50.7474,50.7474,50.7474,90000
2025-03-11 13:30:00,50.84,51.125,50.84,51.125,5491
2025-03-11 13:32:00,50.7701,50.7701,50.7701,50.7701,530
2025-03-11 13:34:00,51.03,51.03,51.03,51.03,101
2025-03-11 13:37:00,51.07,51.09,51.07,51.09,742
2025-03-11 13:38:00,51.07,51.07,50.95,50.95,273
2025-03-11 13:43:00,50.95,50.95,50.95,50.95,100
2025-03-11 13:44:00,51.0,51.07,50.99,51.07,2172
2025-03-11 13:45:00,51.06,51.06,51.06,51.06,103
2025-03-11 13:46:00,50.99,50.99,50.99,50.99,948
2025-03-11 13:53:00,50.9187,50.9187,50.9187,50.9187,326
2025-03-11 13:59:00,50.84,50.85,50.78,50.85,1134
2025-03-11 14:00:00,50.73,50.73,50.635,50.635,935
2025-03-11 14:01:00,50.85,50.93,50.85,50.85,1135
2025-03-11 14:05:00,50.69,50.69,50.69,50.69,108
2025-03-11 14:07:00,50.84,50.84,50.84,50.84,100
2025-03-11 14:09:00,50.82,50.82,50.82,50.82,411
2025-03-11 14:13:00,50.99,50.99,50.785,50.785,275
2025-03-11 14:16:00,50.58,50.58,50.49,50.49,718
2025-03-11 14:18:00,50.43,50.43,50.43,50.43,319
2025-03-11 14:20:00,50.4747,50.4747,50.4747,50.4747,320
2025-03-11 14:24:00,50.4,50.41,50.395,50.395,1512
2025-03-11 14:25:00,50.31,50.31,50.305,50.305,409
2025-03-11 14:28:00,50.27,50.27,50.245,50.245,302
2025-03-11 14:29:00,50.31,50.31,50.175,50.175,1214
2025-03-11 14:30:00,50.22,50.3,50.22,50.3,1278
2025-03-11 14:31:00,50.235,50.31,50.235,50.31,1789
2025-03-11 14:32:00,50.25,50.25,50.25,50.25,285
2025-03-11 14:33:00,50.25,50.25,50.25,50.25,200
2025-03-11 14:35:00,50.25,50.25,50.25,50.25,431
2025-03-11 14:36:00,50.25,50.25,50.24224,50.24224,845
2025-03-11 14:38:00,50.14,50.19,50.14,50.19,728
2025-03-11 14:39:00,50.09,50.09,50.09,50.09,100
2025-03-11 14:40:00,50.185,50.185,50.185,50.185,149
2025-03-11 14:42:00,50.165,50.18,50.165,50.165,869
2025-03-11 14:43:00,50.165,50.17,50.165,50.17,756
2025-03-11 14:44:00,50.26,50.31,50.215,50.29,1379
2025-03-11 14:45:00,50.13,50.195,50.13,50.195,402
2025-03-11 14:46:00,50.19,50.19,50.19,50.19,288
2025-03-11 14:48:00,50.19,50.19,50.19,50.19,143
2025-03-11 14:49:00,50.19,50.19,50.19,50.19,164
2025-03-11 14:50:00,50.19,50.19,50.19,50.19,150
2025-03-11 14:51:00,50.2,50.2,50.185,50.185,318
2025-03-11 14:52:00,50.28,50.29,50.28,50.28,858
2025-03-11 14:54:00,50.235,50.3,50.235,50.25,1339
2025-03-11 14:55:00,50.25,50.25,50.25,50.25,361
2025-03-11 14:56:00,50.255,50.255,50.255,50.255,395
2025-03-11 14:58:00,50.18,50.18,50.18,50.18,452
2025-03-11 15:00:00,50.18,50.18,50.18,50.18,397
2025-03-11 15:01:00,50.1,50.18,50.1,50.18,358
2025-03-11 15:03:00,50.18,50.18,50.18,50.18,204
2025-03-11 15:04:00,50.18,50.18,50.18,50.18,101
2025-03-11 15:05:00,50.18,50.18,50.18,50.18,159
2025-03-11 15:07:00,50.28,50.365,50.28,50.365,3492
2025-03-11 15:08:00,50.36,50.36,50.36,50.36,530
2025-03-11 15:09:00,50.41,50.44,50.41,50.44,821
2025-03-11 15:12:00,50.48,50.49,50.42,50.49,1303
2025-03-11 15:14:00,50.49,50.49,50.49,50.49,291
2025-03-11 15:15:00,50.5,50.57,50.5,50.57,1969
2025-03-11 15:16:00,50.59,50.59,50.59,50.59,405
2025-03-11 15:17:00,50.62,50.62,50.605,50.605,314
2025-03-11 15:18:00,50.65,50.65,50.65,50.65,202
2025-03-11 15:21:00,50.57,50.6455,50.56,50.6455,1792
2025-03-11 15:22:00,50.56,50.605,50.56,50.605,730
2025-03-11 15:24:00,50.56,50.56,50.5,50.5,2410
2025-03-11 15:26:00,50.445,50.445,50.42,50.42,237
2025-03-11 15:28:00,50.42,50.42,50.42,50.42,106
2025-03-11 15:30:00,50.42,50.42,50.42,50.42,216
2025-03-11 15:32:00,50.39,50.431,50.37,50.3725,730
2025-03-11 15:34:00,50.35,50.35,50.35,50.35,399
2025-03-11 15:36:00,50.431,50.431,50.35,50.35,653
2025-03-11 15:37:00,50.345,50.345,50.285,50.285,329
2025-03-11 15:41:00,50.33,50.33,50.3025,50.31,645
2025-03-11 15:42:00,50.36,50.41,50.33,50.36,1255
2025-03-11 15:43:00,50.4,50.485,50.4,50.485,3645
2025-03-11 15:44:00,50.41,50.435,50.38,50.435,785
2025-03-11 15:45:00,50.425,50.425,50.425,50.425,207
2025-03-11 15:46:00,50.395,50.395,50.395,50.395,543
2025-03-11 15:50:00,50.405,50.405,50.405,50.405,450
2025-03-11 15:51:00,50.5,50.5,50.5,50.5,307
2025-03-11 15:53:00,50.49,50.49,50.49,50.49,200
2025-03-11 15:56:00,50.4905,50.4905,50.41,50.41,753
2025-03-11 15:57:00,50.41,50.415,50.41,50.415,322
2025-03-11 15:58:00,50.405,50.405,50.32,50.32,1022
2025-03-11 15:59:00,50.36,50.36,50.25,50.29,2097
2025-03-11 16:01:00,50.18,50.18,50.18,50.18,125
2025-03-11 16:02:00,50.18,50.18,50.18,50.18,125
2025-03-11 16:07:00,50.16,50.16,50.16,50.16,126
2025-03-11 16:10:00,50.16,50.16,50.08,50.11,857
2025-03-11 16:11:00,50.07,50.07,50.07,50.07,105
2025-03-11 16:13:00,50.105,50.105,50.105,50.105,135
2025-03-11 16:14:00,50.105,50.105,50.1,50.1,1123
2025-03-11 16:15:00,50.105,50.1725,50.075,50.075,922
2025-03-11 16:16:00,50.08,50.08,50.08,50.08,374
2025-03-11 16:17:00,50.16,50.39,50.16,50.35,4813
2025-03-11 16:23:00,50.36,50.36,50.36,50.36,283
2025-03-11 16:24:00,50.25,50.25,50.25,50.25,124
2025-03-11 16:27:00,50.245,50.245,50.245,50.245,146
2025-03-11 16:31:00,50.245,50.245,50.245,50.245,327
2025-03-11 16:33:00,50.35,50.35,50.2582,50.3482,3772
2025-03-11 16:34:00,50.255,50.34,50.255,50.34,285
2025-03-11 16:35:00,50.32,50.33,50.2727,50.2727,1697
2025-03-11 16:36:00,50.26,50.26,50.26,50.26,159
2025-03-11 16:37:00,50.2575,50.34,50.2575,50.34,904
2025-03-11 16:38:00,50.26,50.26,50.26,50.26,202
2025-03-11 16:39:00,50.26,50.26,50.26,50.26,323
2025-03-11 16:40:00,50.27,50.27,50.17,50.18,1999
2025-03-11 16:42:00,50.11,50.11,50.11,50.11,195
2025-03-11 16:43:00,50.22,50.27,50.22,50.27,1344
2025-03-11 16:46:00,50.27,50.27,50.27,50.27,534
2025-03-11 16:49:00,50.21,50.24,50.18,50.2,2709
2025-03-11 16:53:00,50.18,50.2,50.12,50.12,729
2025-03-11 16:55:00,50.22,50.22,50.22,50.22,268
2025-03-11 16:57:00,50.125,50.125,50.125,50.125,107
2025-03-11 17:02:00,50.08,50.08,50.08,50.08,600
2025-03-11 17:09:00,50.16,50.16,50.16,50.16,300
2025-03-11 17:10:00,50.08,50.08,50.08,50.08,366
2025-03-11 17:15:00,50.075,50.075,50.075,50.075,267
2025-03-11 17:17:00,50.07,50.17,50.07,50.17,1401
2025-03-11 17:20:00,50.21,50.22,50.115,50.115,406
2025-03-11 17:24:00,50.195,50.2081,50.195,50.2081,3610
2025-03-11 17:25:00,50.21,50.21,50.21,50.21,200
2025-03-11 17:26:00,50.16,50.19,50.16,50.175,1254
2025-03-11 17:27:00,50.16,50.16,50.16,50.16,485
2025-03-11 17:29:00,50.215,50.22,50.19,50.195,1056
2025-03-11 17:30:00,50.255,50.29,50.255,50.29,1019
2025-03-11 17:31:00,50.245,50.355,50.245,50.355,871
2025-03-11 17:32:00,50.1565,50.1565,50.1565,50.1565,146
2025-03-11 17:33:00,50.355,50.36,50.355,50.36,362
2025-03-11 17:34:00,50.36,50.36,50.36,50.36,146
2025-03-11 17:35:00,50.35,50.35,50.35,50.35,249
2025-03-11 17:38:00,50.3125,50.33,50.3125,50.33,1016
2025-03-11 17:40:00,50.43,50.43,50.43,50.43,467
2025-03-11 17:41:00,50.47,50.47,50.47,50.47,102
2025-03-11 17:42:00,50.47,50.47,50.44,50.44,321
2025-03-11 17:43:00,50.52,50.52,50.37,50.37,1239
2025-03-11 17:46:00,50.505,50.51,50.505,50.51,362
2025-03-11 17:47:00,50.5,50.52,50.5,50.52,478
2025-03-11 17:48:00,50.551,50.551,50.551,50.551,202
2025-03-11 17:50:00,50.5483,50.5483,50.465,50.465,901
2025-03-11 17:52:00,50.46,50.46,50.46,50.46,297
2025-03-11 17:55:00,50.44,50.44,50.43,50.43,221
2025-03-11 17:56:00,50.45,50.45,50.41,50.41,261
2025-03-11 17:57:00,50.37,50.37,50.35,50.35,761
2025-03-11 17:58:00,50.335,50.335,50.335,50.335,119
2025-03-11 18:00:00,50.325,50.325,50.325,50.325,449
2025-03-11 18:01:00,50.44,50.54,50.44,50.54,1600
2025-03-11 18:02:00,50.5515,50.5515,50.55,50.55,424
2025-03-11 18:03:00,50.56,50.56,50.56,50.56,480
2025-03-11 18:10:00,50.6385,50.6385,50.6385,50.6385,448
2025-03-11 18:11:00,50.65,50.65,50.65,50.65,592
2025-03-11 18:12:00,50.6,50.6,50.595,50.595,221
2025-03-11 18:14:00,50.66,50.66,50.66,50.66,240
2025-03-11 18:15:00,50.67,50.69,50.635,50.635,971
2025-03-11 18:16:00,50.57,50.57,50.565,50.565,460
2025-03-11 18:17:00,50.655,50.7135,50.655,50.7135,1285
2025-03-11 18:20:00,50.73,50.81,50.72,50.81,1273
2025-03-11 18:21:00,50.78,50.78,50.78,50.78,104
2025-03-11 18:22:00,50.87,50.87,50.87,50.87,102
2025-03-11 18:24:00,50.74,50.92,50.74,50.91,2387
2025-03-11 18:26:00,50.87,50.91,50.87,50.9,1842
2025-03-11 18:28:00,50.84,50.84,50.83,50.83,1566
2025-03-11 18:29:00,50.83,50.83,50.83,50.83,114
2025-03-11 18:31:00,50.84,50.84,50.84,50.84,261
2025-03-11 18:33:00,50.87,50.87,50.87,50.87,378
2025-03-11 18:34:00,50.9,50.9,50.9,50.9,329
2025-03-11 18:35:00,50.86,50.925,50.85,50.925,914
2025-03-11 18:36:00,50.8055,50.8055,50.8055,50.8055,110
2025-03-11 18:41:00,50.91,50.94,50.91,50.94,2188
2025-03-11 18:42:00,50.94,50.9475,50.93,50.94,1204
2025-03-11 18:43:00,50.935,51.0,50.935,50.96,4202
2025-03-11 18:44:00,51.01,51.03,50.9875,51.0,1087
2025-03-11 18:47:00,50.92,50.935,50.91,50.935,868
2025-03-11 18:50:00,51.01,51.01,51.01,51.01,456
2025-03-11 18:52:00,50.985,51.04,50.985,51.015,1702
2025-03-11 18:53:00,51.01,51.01,51.01,51.01,552
2025-03-11 18:54:00,51.07,51.1,51.07,51.1,1291
2025-03-11 18:55:00,51.1,51.11,51.09,51.09,856
2025-03-11 18:56:00,51.09,51.12,51.05,51.05,2832
2025-03-11 18:58:00,51.045,51.045,51.045,51.045,631
2025-03-11 19:02:00,50.95,50.95,50.95,50.95,909
2025-03-11 19:03:00,50.91,50.91,50.91,50.91,232
2025-03-11 19:04:00,50.885,50.94,50.885,50.94,622
2025-03-11 19:05:00,50.94,50.98,50.92,50.97,1888
2025-03-11 19:06:00,50.97,51.029,50.95,51.029,1182
2025-03-11 19:07:00,51.0,51.01,50.955,50.955,2472
2025-03-11 19:09:00,50.88,50.89,50.86,50.88,1835
2025-03-11 19:15:00,50.86,50.86,50.86,50.86,1046
2025-03-11 19:16:00,50.79,50.81,50.79,50.81,858
2025-03-11 19:17:00,50.81,50.84,50.81,50.815,1483
2025-03-11 19:19:00,50.78,50.8381,50.745,50.8381,760
2025-03-11 19:20:00,50.82,50.82,50.7775,50.7775,711
2025-03-11 19:21:00,50.78,50.78,50.7016,50.77,2434
2025-03-11 19:23:00,50.83,50.84,50.7875,50.7875,1217
2025-03-11 19:24:00,50.73,50.76,50.71,50.74,1131
2025-03-11 19:25:00,50.67,50.67,50.67,50.67,200
2025-03-11 19:27:00,50.67,50.78,50.67,50.705,1696
2025-03-11 19:29:00,50.7494,50.7494,50.7494,50.7494,269
2025-03-11 19:32:00,50.67,50.79,50.67,50.79,3103
2025-03-11 19:36:00,50.81,50.81,50.78,50.81,1676
2025-03-11 19:37:00,50.8,50.81,50.8,50.8,550
2025-03-11 19:38:00,50.83,50.86,50.83,50.86,1375
2025-03-11 19:39:00,50.81,50.81,50.81,50.81,898
2025-03-11 19:40:00,50.81,50.8822,50.81,50.8822,293
2025-03-11 19:41:00,50.81,50.81,50.78,50.79,978
2025-03-11 19:42:00,50.75,50.755,50.75,50.755,206
2025-03-11 19:43:00,50.75,50.78,50.75,50.78,233
2025-03-11 19:44:00,50.751,50.751,50.751,50.751,117
2025-03-11 19:46:00,50.76,50.76,50.73,50.74,953
2025-03-11 19:47:00,50.72,50.72,50.72,50.72,291
2025-03-11 19:48:00,50.72,50.78,50.68,50.78,2338
2025-03-11 19:49:00,50.79,50.82,50.79,50.81,865
2025-03-11 19:50:00,50.87,50.87,50.78,50.78,1503
2025-03-11 19:51:00,50.78,50.78,50.7,50.74,3801
2025-03-11 19:52:00,50.715,50.745,50.71,50.745,2104
2025-03-11 19:53:00,50.745,50.75,50.721,50.75,2730
2025-03-11 19:54:00,50.76,50.79,50.74,50.77,3074
2025-03-11 19:55:00,50.78,50.8,50.77,50.77,2876
2025-03-11 19:56:00,50.76,50.78,50.725,50.74,3986
2025-03-11 19:57:00,50.74,50.76,50.72,50.72,3198
2025-03-11 19:58:00,50.74,50.76,50.715,50.76,2526
2025-03-11 19:59:00,50.755,50.79,50.69,50.77,10612
2025-03-11 20:00:00,50.81,50.81,50.81,50.81,270
2025-03-12 08:21:00,53.11,53.11,53.11,53.11,100
2025-03-12 10:54:00,53.3,53.3,53.3,53.3,130
2025-03-12 11:02:00,53.3,53.3,53.3,53.3,336
2025-03-12 12:00:00,54.1454,54.1454,54.1454,54.1454,30132
2025-03-12 12:48:00,53.15,53.15,53.15,53.15,732
2025-03-12 13:08:00,53.29,53.29,53.29,53.29,120
2025-03-12 13:12:00,53.29,53.29,53.29,53.29,120
2025-03-12 13:24:00,53.49,53.49,53.49,53.49,136
2025-03-12 13:30:00,53.5,53.53,53.32,53.32,10049
2025-03-12 13:31:00,53.405,53.49,53.4,53.405,1606
2025-03-12 13:32:00,53.36,53.38,53.35,53.38,1183
2025-03-12 13:33:00,53.36,53.4,53.28,53.28,8674
2025-03-12 13:34:00,53.16,53.18,53.16,53.18,701
2025-03-12 13:35:00,53.25,53.25,53.2,53.2,678
2025-03-12 13:36:00,53.31,53.44,53.31,53.4,4213
2025-03-12 13:37:00,53.445,53.6,53.445,53.6,4458
2025-03-12 13:38:00,53.51,53.51,53.33,53.33,2531
2025-03-12 13:39:00,53.37,53.37,53.37,53.37,1058
2025-03-12 13:40:00,53.325,53.325,53.325,53.325,518
2025-03-12 13:41:00,53.3902,53.65,53.38,53.64,2578
2025-03-12 13:42:00,53.66,53.755,53.64,53.755,4770
2025-03-12 13:43:00,53.755,53.755,53.755,53.755,251
2025-03-12 13:44:00,53.75,53.75,53.75,53.75,366
2025-03-12 13:45:00,53.74,53.74,53.74,53.74,644
2025-03-12 13:46:00,53.67,53.72,53.66,53.72,1973
2025-03-12 13:48:00,53.8,53.8,53.63,53.63,3559
2025-03-12 13:50:00,53.63,53.67,53.625,53.625,855
2025-03-12 13:51:00,53.595,53.595,53.57,53.57,586
2025-03-12 13:52:00,53.57,53.57,53.56,53.56,788
2025-03-12 13:53:00,53.56,53.56,53.4,53.56,1234
2025-03-12 13:55:00,53.48,53.48,53.3301,53.3301,279
2025-03-12 13:56:00,53.525,53.525,53.525,53.525,276
2025-03-12 13:58:00,53.61,53.61,53.61,53.61,350
2025-03-12 14:01:00,53.72,53.72,53.505,53.625,4836
2025-03-12 14:02:00,53.53,53.53,53.46,53.46,2896
2025-03-12 14:03:00,53.43,53.43,53.43,53.43,504
2025-03-12 14:04:00,53.45,53.45,53.42,53.42,465
2025-03-12 14:05:00,53.475,53.54,53.475,53.54,1419
2025-03-12 14:06:00,53.53,53.53,53.53,53.53,579
2025-03-12 14:07:00,53.53,53.54,53.45,53.47,1689
2025-03-12 14:08:00,53.5,53.5,53.45,53.47,991
2025-03-12 14:09:00,53.47,53.47,53.47,53.47,504
2025-03-12 14:11:00,53.46,53.47,53.27,53.27,3125
2025-03-12 14:13:00,53.3,53.43,53.3,53.43,2339
2025-03-12 14:15:00,53.48,53.5,53.465,53.465,722
2025-03-12 14:16:00,53.5,53.5046,53.465,53.5046,4580
2025-03-12 14:17:00,53.43,53.54,53.38,53.485,8793
2025-03-12 14:18:00,53.47,53.49,53.46,53.49,1660
2025-03-12 14:19:00,53.47,53.485,53.45,53.45,1257
2025-03-12 14:20:00,53.51,53.6,53.49,53.59,2605
2025-03-12 14:22:00,53.59,53.655,53.59,53.655,324
2025-03-12 14:23:00,53.48,53.525,53.44,53.525,958
2025-03-12 14:26:00,53.445,53.445,53.445,53.445,467
2025-03-12 14:27:00,53.445,53.52,53.445,53.52,772
2025-03-12 14:28:00,53.53,53.53,53.53,53.53,413
2025-03-12 14:29:00,53.535,53.535,53.535,53.535,738
2025-03-12 14:30:00,53.505,53.505,53.46,53.475,1722
2025-03-12 14:31:00,53.54,53.54,53.475,53.475,397
2025-03-12 14:32:00,53.39,53.39,53.36,53.36,871
2025-03-12 14:34:00,53.26,53.26,53.26,53.26,106
2025-03-12 14:35:00,53.4928,53.4928,53.4928,53.4928,428
2025-03-12 14:36:00,53.33,53.39,53.33,53.39,933
2025-03-12 14:38:00,53.3775,53.39,53.27,53.39,521
2025-03-12 14:39:00,53.355,53.355,53.33,53.355,488
2025-03-12 14:41:00,53.34,53.34,53.32,53.32,1402
2025-03-12 14:42:00,53.305,53.305,53.305,53.305,622
2025-03-12 14:43:00,53.305,53.305,53.305,53.305,344
2025-03-12 14:44:00,53.33,53.345,53.305,53.305,804
2025-03-12 14:45:00,53.36,53.36,53.31,53.31,1210
2025-03-12 14:47:00,53.39,53.425,53.37,53.425,1652
2025-03-12 14:49:00,53.405,53.405,53.405,53.405,528
2025-03-12 14:50:00,53.405,53.42,53.405,53.42,308
2025-03-12 14:52:00,53.44,53.47,53.44,53.47,318
2025-03-12 14:53:00,53.47,53.48,53.43,53.48,2023
2025-03-12 14:54:00,53.485,53.51,53.46,53.51,712
2025-03-12 14:55:00,53.49,53.49,53.49,53.49,448
2025-03-12 14:56:00,53.37,53.405,53.33,53.33,2257
2025-03-12 14:57:00,53.25,53.25,53.25,53.25,323
2025-03-12 15:00:00,53.345,53.345,53.345,53.345,362
2025-03-12 15:02:00,53.32,53.32,53.32,53.32,296
2025-03-12 15:03:00,53.26,53.26,53.235,53.2538,1209
2025-03-12 15:05:00,53.18,53.18,53.18,53.18,246
2025-03-12 15:06:00,53.225,53.225,53.06,53.07,3435
2025-03-12 15:08:00,53.02,53.02,53.02,53.02,162
2025-03-12 15:09:00,53.095,53.095,53.095,53.095,350
2025-03-12 15:10:00,53.18,53.25,53.17,53.17,2156
2025-03-12 15:11:00,53.21,53.21,53.21,53.21,336
2025-03-12 15:12:00,53.21,53.2448,53.11,53.2448,1302
2025-03-12 15:13:00,53.165,53.165,53.13,53.13,554
2025-03-12 15:14:00,53.165,53.1675,53.165,53.1675,446
2025-03-12 15:15:00,53.25,53.28,53.1675,53.24,4779
2025-03-12 15:16:00,53.225,53.25,53.225,53.225,1390
2025-03-12 15:17:00,53.235,53.36,53.235,53.36,1154
2025-03-12 15:18:00,53.36,53.4571,53.315,53.355,1291
2025-03-12 15:21:00,53.36,53.36,53.36,53.36,175
2025-03-12 15:22:00,53.32,53.36,53.32,53.36,832
2025-03-12 15:23:00,53.39,53.39,53.39,53.39,1149
2025-03-12 15:25:00,53.48,53.48,53.42,53.42,978
2025-03-12 15:26:00,53.47,53.47,53.405,53.42,886
2025-03-12 15:29:00,53.39,53.39,53.38,53.39,904
2025-03-12 15:31:00,53.3564,53.38,53.3,53.3,3214
2025-03-12 15:34:00,53.37,53.37,53.37,53.37,358
2025-03-12 15:35:00,53.47,53.47,53.445,53.445,747
2025-03-12 15:36:00,53.53,53.53,53.49,53.49,896
2025-03-12 15:37:00,53.55,53.55,53.47,53.47,762
2025-03-12 15:38:00,53.535,53.535,53.46,53.505,1072
2025-03-12 15:39:00,53.5,53.535,53.42,53.42,1984
2025-03-12 15:41:00,53.425,53.46,53.425,53.46,529
2025-03-12 15:42:00,53.4,53.42,53.4,53.4,944
2025-03-12 15:43:00,53.475,53.475,53.41,53.43,1596
2025-03-12 15:44:00,53.47,53.47,53.39,53.43,916
2025-03-12 15:45:00,53.37,53.39,53.29,53.325,2955
2025-03-12 15:47:00,53.36,53.36,53.36,53.36,448
2025-03-12 15:49:00,53.36,53.4,53.21,53.3,5512
2025-03-12 15:50:00,53.3,53.3,53.2,53.25,1173
2025-03-12 15:52:00,53.28,53.28,53.25,53.25,583
2025-03-12 15:53:00,53.275,53.275,53.275,53.275,307
2025-03-12 15:54:00,53.25,53.3377,53.21,53.21,744
2025-03-12 15:56:00,53.25,53.25,53.18,53.18,2446
2025-03-12 15:58:00,53.24,53.3,53.24,53.3,1049
2025-03-12 15:59:00,53.3,53.3,53.285,53.285,1851
2025-03-12 16:00:00,53.275,53.275,53.275,53.275,331
2025-03-12 16:03:00,53.2,53.265,53.2,53.2,422
2025-03-12 16:04:00,53.14,53.165,53.14,53.165,761
2025-03-12 16:05:00,53.02,53.06,52.95,52.95,1286
2025-03-12 16:08:00,53.0107,53.0107,53.0107,53.0107,614
2025-03-12 16:09:00,53.01,53.02,53.01,53.02,480
2025-03-12 16:10:00,53.04,53.105,52.98,52.995,12096
2025-03-12 16:11:00,52.98,53.0,52.9,52.9,1360
2025-03-12 16:12:00,52.78,52.78,52.78,52.78,100
2025-03-12 16:13:00,52.78,52.78,52.78,52.78,116
2025-03-12 16:14:00,52.81,52.81,52.81,52.81,664
2025-03-12 16:15:00,52.82,52.92,52.78,52.81,828
2025-03-12 16:16:00,52.79,52.91,52.79,52.91,465
2025-03-12 16:17:00,52.9,53.0176,52.8,52.895,1742
2025-03-12 16:18:00,52.96,52.96,52.89,52.89,1374
2025-03-12 16:19:00,52.82,52.82,52.82,52.82,324
2025-03-12 16:20:00,52.98,52.98,52.88,52.9,745
2025-03-12 16:21:00,52.88,52.88,52.88,52.88,170
2025-03-12 16:22:00,52.978,52.978,52.88,52.88,1453
2025-03-12 16:23:00,52.925,52.925,52.89,52.91,815
2025-03-12 16:24:00,52.91,52.92,52.85,52.87,2036
2025-03-12 16:25:00,52.82,52.85,52.82,52.85,1904
2025-03-12 16:26:00,52.81,52.81,52.78,52.78,530
2025-03-12 16:27:00,52.78,52.84,52.78,52.84,661
2025-03-12 16:28:00,52.78,52.78,52.78,52.78,353
2025-03-12 16:30:00,52.78,52.78,52.78,52.78,365
2025-03-12 16:32:00,52.84,52.86,52.825,52.825,903
2025-03-12 16:33:00,52.825,52.825,52.7513,52.7513,1027
2025-03-12 16:36:00,52.88,52.92,52.88,52.92,922
2025-03-12 16:37:00,52.98,53.02,52.87,53.02,2497
2025-03-12 16:38:00,52.99,52.99,52.99,52.99,336
2025-03-12 16:39:00,53.01,53.02,52.96,52.99,914
2025-03-12 16:40:00,53.01,53.01,52.91,53.005,1740
2025-03-12 16:41:00,52.9,52.9,52.9,52.9,1144
2025-03-12 16:43:00,52.84,52.84,52.835,52.835,660
2025-03-12 16:44:00,52.78,52.78,52.78,52.78,317
2025-03-12 16:46:00,52.79,52.8,52.79,52.8,1087
2025-03-12 16:49:00,52.81,52.93,52.76,52.93,1332
2025-03-12 16:50:00,52.835,52.8377,52.835,52.8377,476
2025-03-12 16:51:00,52.8645,52.9486,52.83,52.88,1931
2025-03-12 16:52:00,52.92,52.92,52.92,52.92,137
2025-03-12 16:53:00,52.92,52.93,52.9,52.9,1297
2025-03-12 16:54:00,52.9,52.9,52.9,52.9,309
2025-03-12 16:55:00,53.02,53.04,53.02,53.04,327
2025-03-12 16:56:00,52.975,53.06,52.975,53.005,682
2025-03-12 16:57:00,53.005,53.005,53.005,53.005,727
2025-03-12 16:58:00,53.08,53.08,52.94,52.94,1908
2025-03-12 16:59:00,53.005,53.02,52.96,52.96,816
2025-03-12 17:00:00,53.005,53.005,52.99,52.99,499
2025-03-12 17:01:00,53.005,53.005,53.0,53.0,353
2025-03-12 17:03:00,53.07,53.07,53.0,53.0,1040
2025-03-12 17:04:00,53.015,53.06,53.015,53.06,390
2025-03-12 17:05:00,53.01,53.06,53.01,53.06,859
2025-03-12 17:06:00,53.06,53.07,53.045,53.045,1067
2025-03-12 17:07:00,53.08,53.13,53.04,53.07,3857
2025-03-12 17:09:00,53.06,53.1,53.06,53.095,1180
2025-03-12 17:10:00,53.05,53.05,53.05,53.05,173
2025-03-12 17:14:00,53.09,53.09,53.09,53.09,308
2025-03-12 17:15:00,53.13,53.205,53.12,53.14,1923
2025-03-12 17:17:00,53.12,53.12,53.12,53.12,287
2025-03-12 17:19:00,53.19,53.2,53.19,53.2,309
2025-03-12 17:20:00,53.185,53.185,53.14,53.14,244
2025-03-12 17:21:00,53.185,53.2465,53.185,53.185,338
2025-03-12 17:23:00,53.17,53.17,53.17,53.17,168
2025-03-12 17:24:00,53.155,53.155,53.155,53.155,240
2025-03-12 17:25:00,53.155,53.155,53.155,53.155,152
2025-03-12 17:26:00,53.16,53.16,53.09,53.11,1668
2025-03-12 17:27:00,53.13,53.13,53.09,53.11,821
2025-03-12 17:28:00,53.14,53.16,53.13,53.16,860
2025-03-12 17:29:00,53.0815,53.2174,53.0815,53.2174,902
2025-03-12 17:30:00,53.22,53.22,53.11,53.11,424
2025-03-12 17:31:00,53.15,53.15,53.15,53.15,103
2025-03-12 17:32:00,53.15,53.15,53.15,53.15,184
2025-03-12 17:34:00,53.125,53.125,53.125,53.125,216
2025-03-12 17:35:00,53.08,53.08,53.08,53.08,160
2025-03-12 17:36:00,53.125,53.14,53.125,53.14,444
2025-03-12 17:37:00,53.16,53.16,53.125,53.125,553
2025-03-12 17:38:00,53.12,53.12,53.03,53.03,2660
2025-03-12 17:39:00,53.01,53.05,53.01,53.05,353
2025-03-12 17:40:00,53.07,53.07,53.07,53.07,454
2025-03-12 17:41:00,52.99,52.99,52.99,52.99,353
2025-03-12 17:42:00,53.06,53.06,53.01,53.01,242
2025-03-12 17:43:00,53.02,53.08,53.02,53.045,829
2025-03-12 17:44:00,53.08,53.09,53.08,53.09,261
2025-03-12 17:45:00,53.09,53.1,53.09,53.1,862
2025-03-12 17:46:00,53.143,53.1458,53.08,53.08,849
2025-03-12 17:49:00,53.14,53.14,53.02,53.02,643
2025-03-12 17:50:00,53.0,53.0,53.0,53.0,362
2025-03-12 17:54:00,53.0,53.0,53.0,53.0,437
2025-03-12 17:57:00,52.92,52.955,52.89,52.955,1118
2025-03-12 18:00:00,52.84,52.84,52.84,52.84,205
2025-03-12 18:02:00,53.0,53.0,53.0,53.0,107
2025-03-12 18:05:00,52.98,52.98,52.98,52.98,173
2025-03-12 18:07:00,53.0,53.0,53.0,53.0,307
2025-03-12 18:09:00,53.04,53.04,53.04,53.04,468
2025-03-12 18:10:00,53.045,53.13,53.045,53.07,1613
2025-03-12 18:11:00,53.16,53.19,53.08,53.19,2258
2025-03-12 18:21:00,53.31,53.31,53.31,53.31,910
2025-03-12 18:23:00,53.23,53.29,53.21,53.29,2048
2025-03-12 18:25:00,53.175,53.175,53.175,53.175,286
2025-03-12 18:26:00,53.21,53.21,53.21,53.21,473
2025-03-12 18:28:00,53.27,53.27,53.27,53.27,227
2025-03-12 18:29:00,53.2686,53.2686,53.23,53.23,560
2025-03-12 18:31:00,53.2,53.305,53.2,53.305,2239
2025-03-12 18:32:00,53.4161,53.4161,53.325,53.325,1937
2025-03-12 18:33:00,53.39,53.41,53.385,53.385,1317
2025-03-12 18:35:00,53.4,53.42,53.375,53.375,1604
2025-03-12 18:40:00,53.34,53.34,53.34,53.34,220
2025-03-12 18:41:00,53.38,53.39,53.38,53.39,611
2025-03-12 18:43:00,53.44,53.44,53.44,53.44,109
2025-03-12 18:48:00,53.405,53.405,53.37,53.37,411
2025-03-12 18:52:00,53.4252,53.44,53.4252,53.44,376
2025-03-12 18:53:00,53.355,53.355,53.355,53.355,174
2025-03-12 19:00:00,53.37,53.37,53.33,53.33,618
2025-03-12 19:02:00,53.35,53.35,53.27,53.3275,502
2025-03-12 19:07:00,53.275,53.2821,53.275,53.2821,1921
2025-03-12 19:10:00,53.34,53.36,53.34,53.36,1119
2025-03-12 19:11:00,53.43,53.43,53.3925,53.3925,777
2025-03-12 19:13:00,53.385,53.385,53.385,53.385,244
2025-03-12 19:15:00,53.33,53.33,53.2599,53.33,3261
2025-03-12 19:17:00,53.32,53.32,53.32,53.32,424
2025-03-12 19:18:00,53.3131,53.3131,53.3131,53.3131,238
2025-03-12 19:19:00,53.42,53.42,53.42,53.42,463
2025-03-12 19:22:00,53.23,53.23,53.2,53.2,535
2025-03-12 19:23:00,53.23,53.3,53.19,53.3,677
2025-03-12 19:25:00,53.24,53.24,53.21,53.235,584
2025-03-12 19:26:00,53.25,53.33,53.25,53.33,2002
2025-03-12 19:28:00,53.345,53.345,53.345,53.345,224
2025-03-12 19:30:00,53.3,53.3,53.3,53.3,244
2025-03-12 19:34:00,53.31,53.31,53.23,53.23,1551
2025-03-12 19:39:00,53.165,53.165,53.165,53.165,100
2025-03-12 19:40:00,53.165,53.165,53.165,53.165,287
2025-03-12 19:41:00,53.2751,53.2751,53.165,53.165,4874
2025-03-12 19:42:00,53.21,53.22,53.16,53.175,3283
2025-03-12 19:43:00,53.175,53.175,53.175,53.175,203
2025-03-12 19:44:00,53.22,53.23,53.21,53.225,2039
2025-03-12 19:45:00,53.26,53.315,53.25,53.315,2339
2025-03-12 19:46:00,53.3,53.315,53.3,53.315,310
2025-03-12 19:47:00,53.25,53.25,53.25,53.25,1135
2025-03-12 19:49:00,53.215,53.23,53.21,53.23,589
2025-03-12 19:50:00,53.195,53.195,53.17,53.17,1022
2025-03-12 19:51:00,53.17,53.17,53.13,53.15,1157
2025-03-12 19:52:00,53.18,53.18,53.17,53.18,2254
2025-03-12 19:53:00,53.18,53.31,53.15,53.31,4701
2025-03-12 19:54:00,53.31,53.31,53.31,53.31,261
2025-03-12 19:55:00,53.31,53.31,53.23,53.24,1473
2025-03-12 19:56:00,53.23,53.25,53.22,53.225,3030
2025-03-12 19:57:00,53.28,53.28,53.22,53.22,5551
2025-03-12 19:58:00,53.26,53.3,53.25,53.275,4786
2025-03-12 19:59:00,53.25,53.3,53.23,53.23,8472
2025-03-13 08:29:00,53.26,53.26,53.26,53.26,158
2025-03-13 13:01:00,53.23,53.23,53.23,53.23,8881
2025-03-13 13:30:00,52.77,52.84,52.44,52.84,6157
2025-03-13 13:31:00,52.835,52.835,52.53,52.53,1086
2025-03-13 13:33:00,52.66,52.66,52.66,52.66,836
2025-03-13 13:34:00,52.99,52.99,52.96,52.96,429
2025-03-13 13:42:00,53.125,53.19,52.95,53.19,2431
2025-03-13 13:43:00,53.14,53.14,53.14,53.14,202
2025-03-13 13:45:00,53.14,53.2,53.14,53.2,718
2025-03-13 13:46:00,53.2,53.2,53.2,53.2,200
2025-03-13 13:48:00,53.14,53.14,53.14,53.14,206
2025-03-13 13:49:00,53.05,53.05,53.05,53.05,1134
2025-03-13 13:50:00,52.98,52.98,52.98,52.98,509
2025-03-13 13:56:00,53.015,53.015,53.015,53.015,116
2025-03-13 14:00:00,52.92,52.92,52.92,52.92,106
2025-03-13 14:02:00,52.93,52.93,52.88,52.88,504
2025-03-13 14:05:00,52.945,52.945,52.945,52.945,317
2025-03-13 14:06:00,52.86,52.86,52.86,52.86,130
2025-03-13 14:07:00,52.86,52.86,52.86,52.86,115
2025-03-13 14:08:00,52.88,52.88,52.86,52.86,216
2025-03-13 14:10:00,52.9,52.9,52.9,52.9,313
2025-03-13 14:11:00,52.9,52.9,52.9,52.9,240
2025-03-13 14:13:00,52.99,53.01,52.99,53.01,946
2025-03-13 14:15:00,53.05,53.05,53.05,53.05,151
2025-03-13 14:16:00,53.05,53.05,53.05,53.05,106
2025-03-13 14:17:00,53.09,53.09,53.09,53.09,200
2025-03-13 14:18:00,53.05,53.05,53.05,53.05,264
2025-03-13 14:19:00,53.1245,53.1245,53.1,53.1,833
2025-03-13 14:20:00,53.11,53.13,53.11,53.13,675
2025-03-13 14:21:00,53.08,53.09,52.99,52.99,2901
2025-03-13 14:26:00,52.83,52.83,52.83,52.83,260
2025-03-13 14:28:00,52.92,52.92,52.92,52.92,292
2025-03-13 14:29:00,52.875,52.88,52.875,52.88,235
2025-03-13 14:30:00,52.88,52.88,52.88,52.88,113
2025-03-13 14:33:00,52.96,52.96,52.89,52.89,903
2025-03-13 14:34:00,52.88,52.88,52.83,52.83,916
2025-03-13 14:36:00,52.79,52.79,52.79,52.79,467
2025-03-13 14:38:00,52.75,52.75,52.75,52.75,110
2025-03-13 14:39:00,52.75,52.75,52.6989,52.75,4385
2025-03-13 14:42:00,52.71,52.71,52.71,52.71,107
2025-03-13 14:43:00,52.71,52.71,52.71,52.71,298
2025-03-13 14:44:00,52.71,52.71,52.71,52.71,286
2025-03-13 14:45:00,52.77,52.77,52.77,52.77,1241
2025-03-13 14:46:00,52.7411,52.7411,52.7411,52.7411,121
2025-03-13 14:47:00,52.79,52.79,52.73,52.73,306
2025-03-13 14:48:00,52.73,52.73,52.72,52.72,714
2025-03-13 14:52:00,52.77,52.8415,52.76,52.765,711
2025-03-13 14:53:00,52.86,52.86,52.85,52.85,786
2025-03-13 14:54:00,52.84,52.845,52.84,52.845,513
2025-03-13 14:55:00,52.79,52.79,52.79,52.79,103
2025-03-13 14:57:00,52.845,52.845,52.845,52.845,289
2025-03-13 14:59:00,52.84,52.84,52.84,52.84,365
2025-03-13 15:00:00,52.85,52.85,52.85,52.85,116
2025-03-13 15:02:00,52.904,52.904,52.85,52.85,304
2025-03-13 15:04:00,52.88,52.88,52.88,52.88,288
2025-03-13 15:05:00,52.89,52.91,52.89,52.895,1102
2025-03-13 15:06:00,52.9,52.9,52.9,52.9,100
2025-03-13 15:09:00,52.8,52.8,52.68,52.68,1131
2025-03-13 15:13:00,52.775,52.775,52.775,52.775,103
2025-03-13 15:14:00,52.775,52.775,52.775,52.775,100
2025-03-13 15:16:00,52.725,52.725,52.725,52.725,314
2025-03-13 15:19:00,52.7745,52.78,52.77,52.78,1487
2025-03-13 15:20:00,52.84,52.85,52.84,52.85,633
2025-03-13 15:22:00,52.785,52.89,52.785,52.89,1471
2025-03-13 15:26:00,52.8495,52.8495,52.8495,52.8495,126
2025-03-13 15:27:00,52.96,52.96,52.85,52.85,583
2025-03-13 15:29:00,52.91,52.96,52.91,52.96,502
2025-03-13 15:32:00,52.9,52.92,52.88,52.88,492
2025-03-13 15:33:00,52.952,52.952,52.952,52.952,404
2025-03-13 15:35:00,52.82,52.82,52.79,52.79,1476
2025-03-13 15:36:00,52.795,52.795,52.74,52.74,1154
2025-03-13 15:37:00,52.69,52.69,52.62,52.62,1806
2025-03-13 15:42:00,52.63,52.71,52.63,52.64,1550
2025-03-13 15:44:00,52.65,52.65,52.65,52.65,677
2025-03-13 15:46:00,52.66,52.66,52.66,52.66,472
2025-03-13 15:47:00,52.68,52.68,52.68,52.68,314
2025-03-13 15:49:00,52.72,52.72,52.72,52.72,184
2025-03-13 15:51:00,52.625,52.625,52.625,52.625,431
2025-03-13 15:54:00,52.625,52.625,52.625,52.625,103
2025-03-13 15:55:00,52.625,52.625,52.625,52.625,153
2025-03-13 15:56:00,52.56,52.6049,52.44,52.44,2267
2025-03-13 15:58:00,52.54,52.606,52.54,52.606,1318
2025-03-13 15:59:00,52.56,52.6,52.54,52.6,422
2025-03-13 16:04:00,52.62,52.62,52.62,52.62,415
2025-03-13 16:07:00,52.63,52.66,52.63,52.66,490
2025-03-13 16:08:00,52.66,52.71,52.66,52.71,908
2025-03-13 16:15:00,52.71,52.7642,52.71,52.7642,680
2025-03-13 16:17:00,52.67,52.7,52.67,52.7,658
2025-03-13 16:20:00,52.75,52.76,52.75,52.76,850
2025-03-13 16:26:00,52.7,52.7,52.68,52.69,4220
2025-03-13 16:27:00,52.7,52.79,52.7,52.745,3002
2025-03-13 16:29:00,52.79,52.79,52.79,52.79,204
2025-03-13 16:30:00,52.829,52.829,52.829,52.829,160
2025-03-13 16:31:00,52.83,52.86,52.83,52.86,767
2025-03-13 16:37:00,52.9,52.9,52.9,52.9,746
2025-03-13 16:42:00,52.93,52.94,52.85,52.85,1313
2025-03-13 16:44:00,52.93,53.0,52.93,53.0,5317
2025-03-13 16:45:00,53.08,53.08,53.08,53.08,495
2025-03-13 16:46:00,53.01,53.01,52.95,52.95,1231
2025-03-13 16:47:00,53.0,53.0,52.94,52.94,1680
2025-03-13 16:48:00,53.0036,53.0036,52.85,52.85,500
2025-03-13 16:49:00,52.93,53.0,52.93,53.0,488
2025-03-13 16:50:00,53.0,53.0,53.0,53.0,273
2025-03-13 16:51:00,53.01,53.01,52.93,52.93,588
2025-03-13 16:52:00,52.8422,52.8422,52.8422,52.8422,1334
2025-03-13 17:03:00,52.83,52.84,52.83,52.84,200
2025-03-13 17:05:00,52.84,52.84,52.84,52.84,1061
2025-03-13 17:06:00,52.79,52.79,52.79,52.79,317
2025-03-13 17:11:00,52.79,52.79,52.79,52.79,1775
2025-03-13 17:16:00,52.79,52.79,52.72,52.72,2595
2025-03-13 17:17:00,52.655,52.655,52.64,52.64,497
2025-03-13 17:22:00,52.7,52.7,52.694,52.7,636
2025-03-13 17:24:00,52.635,52.6889,52.635,52.6889,307
2025-03-13 17:25:00,52.58,52.63,52.58,52.63,1339
2025-03-13 17:28:00,52.6526,52.6526,52.6526,52.6526,219
2025-03-13 17:29:00,52.68,52.73,52.67,52.73,2241
2025-03-13 17:31:00,52.7499,52.7499,52.7499,52.7499,347
2025-03-13 17:32:00,52.69,52.69,52.69,52.69,160
2025-03-13 17:33:00,52.7,52.7,52.7,52.7,259
2025-03-13 17:35:00,52.725,52.725,52.725,52.725,202
2025-03-13 17:37:00,52.69,52.69,52.69,52.69,683
2025-03-13 17:38:00,52.69,52.69,52.69,52.69,158
2025-03-13 17:41:00,52.68,52.68,52.68,52.68,200
2025-03-13 17:45:00,52.63,52.646,52.63,52.646,703
2025-03-13 17:48:00,52.65,52.65,52.65,52.65,239
2025-03-13 17:50:00,52.61,52.61,52.61,52.61,458
2025-03-13 17:52:00,52.64,52.68,52.64,52.68,1497
2025-03-13 17:55:00,52.5801,52.5801,52.5801,52.5801,406
2025-03-13 17:57:00,52.6369,52.6369,52.63,52.63,513
2025-03-13 17:59:00,52.59,52.63,52.57,52.57,2196
2025-03-13 18:00:00,52.53,52.53,52.53,52.53,221
2025-03-13 18:01:00,52.55,52.65,52.55,52.65,1602
2025-03-13 18:04:00,52.625,52.625,52.625,52.625,138
2025-03-13 18:05:00,52.67,52.68,52.665,52.68,1105
2025-03-13 18:06:00,52.72,52.73,52.72,52.73,705
2025-03-13 18:07:00,52.75,52.75,52.75,52.75,209
2025-03-13 18:12:00,52.82,52.95,52.82,52.93,3350
2025-03-13 18:17:00,52.94,52.94,52.905,52.94,1374
2025-03-13 18:19:00,52.9889,52.9889,52.9889,52.9889,463
2025-03-13 18:25:00,52.944,52.944,52.944,52.944,214
2025-03-13 18:29:00,53.0,53.0,53.0,53.0,701
2025-03-13 18:31:00,52.945,52.945,52.945,52.945,409
2025-03-13 18:37:00,53.01,53.06,53.01,53.06,1434
2025-03-13 18:42:00,53.0,53.0,53.0,53.0,101
2025-03-13 18:43:00,53.03,53.03,53.03,53.03,100
2025-03-13 18:45:00,52.98,52.98,52.98,52.98,414
2025-03-13 18:46:00,53.01,53.02,53.01,53.02,997
2025-03-13 18:47:00,53.0449,53.0449,53.0449,53.0449,386
2025-03-13 18:49:00,53.01,53.01,53.01,53.01,100
2025-03-13 18:51:00,52.99,53.01,52.98,53.01,947
2025-03-13 18:53:00,52.97,52.97,52.97,52.97,343
2025-03-13 18:54:00,52.935,52.98,52.935,52.955,672
2025-03-13 18:58:00,52.98,52.98,52.98,52.98,603
2025-03-13 19:00:00,53.01,53.01,53.01,53.01,346
2025-03-13 19:01:00,53.0,53.0,53.0,53.0,100
2025-03-13 19:02:00,53.05,53.05,53.05,53.05,265
2025-03-13 19:04:00,52.98,53.0,52.97,53.0,1248
2025-03-13 19:06:00,52.96,52.96,52.96,52.96,251
2025-03-13 19:07:00,52.96,52.97,52.96,52.96,821
2025-03-13 19:08:00,52.96,52.96,52.96,52.96,148
2025-03-13 19:09:00,52.97,52.97,52.97,52.97,488
2025-03-13 19:10:00,52.98,52.98,52.98,52.98,191
2025-03-13 19:11:00,52.92,52.97,52.92,52.97,1084
2025-03-13 19:12:00,52.97,52.99,52.97,52.99,521
2025-03-13 19:14:00,53.03,53.03,53.01,53.02,958
2025-03-13 19:16:00,53.04,53.04,53.03,53.03,938
2025-03-13 19:18:00,53.08,53.08,53.0,53.0,1072
2025-03-13 19:19:00,53.045,53.045,53.045,53.045,210
2025-03-13 19:23:00,52.99,52.99,52.99,52.99,380
2025-03-13 19:25:00,53.0,53.0,53.0,53.0,686
2025-03-13 19:26:00,52.96,52.96,52.94,52.95,1478
2025-03-13 19:28:00,52.96,52.97,52.94,52.97,1822
2025-03-13 19:29:00,52.967,53.01,52.967,53.01,1588
2025-03-13 19:30:00,52.93,52.93,52.93,52.93,207
2025-03-13 19:31:00,52.95,53.02,52.95,53.01,906
2025-03-13 19:33:00,53.01,53.08,53.01,53.07,1169
2025-03-13 19:36:00,53.02,53.02,53.02,53.02,781
2025-03-13 19:38:00,52.99,53.01,52.9775,52.9775,1463
2025-03-13 19:41:00,53.05,53.05,53.04,53.05,1318
2025-03-13 19:44:00,53.06,53.06,53.06,53.06,556
2025-03-13 19:45:00,53.05,53.05,53.05,53.05,102
2025-03-13 19:46:00,53.01,53.07,53.0,53.06,3131
2025-03-13 19:47:00,53.02,53.02,53.01,53.01,781
2025-03-13 19:48:00,53.03,53.03,53.005,53.005,408
2025-03-13 19:49:00,53.01,53.03,53.01,53.01,1262
2025-03-13 19:50:00,53.0,53.07,53.0,53.01,3491
2025-03-13 19:51:00,53.0,53.02,52.94,52.99,6255
2025-03-13 19:52:00,52.99,53.03,52.99,53.03,3186
2025-03-13 19:53:00,53.02,53.04,53.02,53.04,517
2025-03-13 19:54:00,53.04,53.05,53.01,53.02,3914
2025-03-13 19:55:00,53.03,53.06,53.03,53.06,2139
2025-03-13 19:56:00,53.05,53.07,53.03,53.05,6355
2025-03-13 19:57:00,53.03,53.03,52.98,53.005,9275
2025-03-13 19:58:00,53.01,53.05,53.0,53.05,3766
2025-03-13 19:59:00,53.03,53.06,53.0,53.06,9186
2025-03-13 20:00:00,53.03,53.03,53.03,53.03,186
2025-03-14 08:16:00,52.81,52.81,52.7,52.7,459
2025-03-14 09:25:00,52.88,52.88,52.88,52.88,152
2025-03-14 11:05:00,52.6,52.6,52.6,52.6,103
2025-03-14 11:06:00,52.41,52.41,52.41,52.41,172
2025-03-14 13:30:00,53.05,53.05,53.05,53.05,2649
2025-03-14 13:32:00,53.0,53.0,53.0,53.0,970
2025-03-14 13:33:00,52.655,52.68,52.655,52.68,1472
2025-03-14 13:37:00,52.82,52.82,52.82,52.82,851
2025-03-14 13:43:00,53.07,53.07,53.07,53.07,432
2025-03-14 13:49:00,53.15,53.15,53.15,53.15,219
2025-03-14 13:53:00,53.1072,53.1072,53.1072,53.1072,2066
2025-03-14 13:55:00,53.11,53.12,53.11,53.12,555
2025-03-14 14:00:00,53.0,53.0,52.94,52.94,386
2025-03-14 14:04:00,52.87,52.87,52.87,52.87,327
2025-03-14 14:05:00,52.87,52.87,52.87,52.87,277
2025-03-14 14:06:00,53.19,53.19,53.19,53.19,167
2025-03-14 14:21:00,52.5501,52.5501,52.5501,52.5501,200
2025-03-14 14:23:00,52.580095,52.580095,52.580095,52.580095,529
2025-03-14 14:25:00,52.775,52.7975,52.775,52.7975,200
2025-03-14 14:30:00,52.775,52.775,52.775,52.775,103
2025-03-14 14:31:00,52.78,52.78,52.78,52.78,750
2025-03-14 14:42:00,52.645,52.645,52.63,52.63,1442
2025-03-14 14:43:00,52.645,52.645,52.645,52.645,319
2025-03-14 14:44:00,52.645,52.67,52.645,52.67,453
2025-03-14 14:45:00,52.73,52.73,52.6323,52.6323,2530
2025-03-14 14:49:00,52.705,52.705,52.705,52.705,114
2025-03-14 14:58:00,52.705,52.705,52.705,52.705,104
2025-03-14 15:00:00,52.72,52.77,52.72,52.77,307
2025-03-14 15:01:00,52.64,52.67,52.63,52.63,1979
2025-03-14 15:02:00,52.64,52.66,52.64,52.66,738
2025-03-14 15:03:00,52.66,52.68,52.635,52.66,1277
2025-03-14 15:04:00,52.68,52.68,52.67,52.67,1800
2025-03-14 15:05:00,52.7,52.71,52.67,52.71,848
2025-03-14 15:17:00,52.75,52.75,52.71,52.71,523
2025-03-14 15:19:00,52.725,52.725,52.725,52.725,115
2025-03-14 15:20:00,52.76,52.76,52.68,52.7,2560
2025-03-14 15:21:00,52.66,52.67,52.64,52.6571,2960
2025-03-14 15:22:00,52.6596,52.6596,52.59,52.59,1735
2025-03-14 15:23:00,52.6,52.6,52.575,52.575,957
2025-03-14 15:24:00,52.56,52.56,52.485,52.49,2997
2025-03-14 15:25:00,52.53,52.5493,52.5,52.5,3209
2025-03-14 15:27:00,52.5,52.5,52.42,52.4238,1848
2025-03-14 15:29:00,52.435,52.435,52.435,52.435,480
2025-03-14 15:30:00,52.47,52.48,52.44,52.48,957
2025-03-14 15:32:00,52.48,52.48,52.48,52.48,683
2025-03-14 15:35:00,52.4607,52.4607,52.4607,52.4607,531
2025-03-14 15:36:00,52.46,52.46,52.46,52.46,117
2025-03-14 15:37:00,52.49,52.53,52.49,52.51,1694
2025-03-14 15:38:00,52.49,52.49,52.49,52.49,312
2025-03-14 15:39:00,52.52,52.52,52.48,52.48,762
2025-03-14 15:42:00,52.48,52.48,52.48,52.48,557
2025-03-14 15:43:00,52.52,52.52,52.49,52.51,1924
2025-03-14 15:45:00,52.52,52.53,52.52,52.53,428
2025-03-14 15:48:00,52.47,52.47,52.46,52.46,867
2025-03-14 15:52:00,52.4,52.4,52.4,52.4,128
2025-03-14 15:54:00,52.46,52.52,52.445,52.52,2718
2025-03-14 15:55:00,52.5,52.5,52.5,52.5,412
2025-03-14 15:57:00,52.52,52.52,52.515,52.515,346
2025-03-14 15:59:00,52.47,52.47,52.44,52.47,1253
2025-03-14 16:02:00,52.445,52.445,52.445,52.445,529
2025-03-14 16:03:00,52.4303,52.4303,52.4,52.415,1444
2025-03-14 16:04:00,52.42,52.475,52.42,52.438,1759
2025-03-14 16:08:00,52.475,52.53,52.475,52.5,1311
2025-03-14 16:14:00,52.43,52.43,52.4,52.4,942
2025-03-14 16:19:00,52.38,52.38,52.37,52.37,1385
2025-03-14 16:20:00,52.41,52.46,52.3725,52.46,1762
2025-03-14 16:21:00,52.5,52.51,52.46,52.46,846
2025-03-14 16:32:00,52.38,52.38,52.38,52.38,661
2025-03-14 16:33:00,52.38,52.38,52.36,52.36,346
2025-03-14 16:34:00,52.4188,52.44,52.375,52.4026,2918
2025-03-14 16:35:00,52.425,52.425,52.425,52.425,268
2025-03-14 16:40:00,52.45,52.51,52.45,52.51,941
2025-03-14 16:41:00,52.4624,52.4624,52.4624,52.4624,197
2025-03-14 16:42:00,52.48,52.56,52.48,52.56,2046
2025-03-14 16:44:00,52.53,52.55,52.53,52.55,229
2025-03-14 16:50:00,52.56,52.58,52.56,52.58,1517
2025-03-14 16:51:00,52.64,52.64,52.565,52.565,1493
2025-03-14 16:53:00,52.645,52.65,52.64,52.64,805
2025-03-14 16:56:00,52.665,52.665,52.665,52.665,361
2025-03-14 17:02:00,52.72,52.72,52.72,52.72,334
2025-03-14 17:12:00,52.65,52.65,52.615,52.615,1195
2025-03-14 17:18:00,52.62,52.62,52.62,52.62,447
2025-03-14 17:25:00,52.5756,52.5756,52.5756,52.5756,448
2025-03-14 17:26:00,52.57,52.57,52.57,52.57,632
2025-03-14 17:27:00,52.57,52.58,52.57,52.58,657
2025-03-14 17:28:00,52.545,52.545,52.545,52.545,514
2025-03-14 17:30:00,52.57,52.57,52.56,52.56,843
2025-03-14 17:32:00,52.56,52.56,52.56,52.56,108
2025-03-14 17:33:00,52.52,52.52,52.52,52.52,500
2025-03-14 17:35:00,52.52,52.569,52.52,52.569,609
2025-03-14 17:37:00,52.51,52.53,52.51,52.53,1187
2025-03-14 17:39:00,52.52,52.52,52.52,52.52,176
2025-03-14 17:41:00,52.51,52.51,52.51,52.51,808
2025-03-14 17:42:00,52.5,52.51,52.5,52.51,662
2025-03-14 17:44:00,52.51,52.51,52.46,52.46,1202
2025-03-14 17:45:00,52.43,52.43,52.42,52.42,447
2025-03-14 17:50:00,52.415,52.415,52.415,52.415,340
2025-03-14 17:53:00,52.39,52.39,52.39,52.39,403
2025-03-14 17:54:00,52.42,52.43,52.42,52.43,1153
2025-03-14 17:56:00,52.37,52.37,52.37,52.37,397
2025-03-14 17:57:00,52.38,52.38,52.3498,52.3498,1756
2025-03-14 17:58:00,52.32,52.33,52.32,52.33,625
2025-03-14 17:59:00,52.35,52.35,52.35,52.35,508
2025-03-14 18:00:00,52.36,52.36,52.36,52.36,340
2025-03-14 18:03:00,52.39,52.43,52.38,52.39,1077
2025-03-14 18:09:00,52.335,52.35,52.32,52.35,567
2025-03-14 18:12:00,52.3,52.3,52.27,52.27,1398
2025-03-14 18:13:00,52.26,52.26,52.23,52.23,386
2025-03-14 18:15:00,52.2,52.21,52.19,52.21,697
2025-03-14 18:16:00,52.25,52.26,52.25,52.25,805
2025-03-14 18:18:00,52.27,52.27,52.27,52.27,231
2025-03-14 18:23:00,52.2993,52.2993,52.2993,52.2993,695
2025-03-14 18:25:00,52.3,52.31,52.3,52.31,413
2025-03-14 18:31:00,52.33,52.35,52.33,52.35,493
2025-03-14 18:33:00,52.345,52.345,52.345,52.345,598
2025-03-14 18:34:00,52.34,52.34,52.34,52.34,431
2025-03-14 18:38:00,52.365,52.37,52.365,52.37,469
2025-03-14 18:40:00,52.36,52.36,52.36,52.36,244
2025-03-14 18:41:00,52.33,52.33,52.32,52.32,694
2025-03-14 18:45:00,52.35,52.36,52.35,52.36,1125
2025-03-14 18:47:00,52.375,52.375,52.375,52.375,183
2025-03-14 18:50:00,52.375,52.375,52.375,52.375,587
2025-03-14 18:52:00,52.34,52.34,52.33,52.34,1179
2025-03-14 18:56:00,52.34,52.34,52.34,52.34,154
2025-03-14 18:57:00,52.355,52.355,52.355,52.355,317
2025-03-14 18:59:00,52.37,52.37,52.355,52.355,664
2025-03-14 19:00:00,52.365,52.3991,52.365,52.3991,774
2025-03-14 19:02:00,52.39,52.39,52.39,52.39,161
2025-03-14 19:03:00,52.34,52.34,52.34,52.34,297
2025-03-14 19:05:00,52.38,52.39,52.38,52.39,1091
2025-03-14 19:07:00,52.42,52.42,52.42,52.42,348
2025-03-14 19:10:00,52.43,52.43,52.43,52.43,328
2025-03-14 19:11:00,52.45,52.46,52.45,52.46,811
2025-03-14 19:13:00,52.465,52.465,52.465,52.465,205
2025-03-14 19:14:00,52.44,52.45,52.44,52.44,522
2025-03-14 19:18:00,52.4453,52.45,52.44,52.45,1182
2025-03-14 19:20:00,52.43,52.43,52.39,52.39,861
2025-03-14 19:21:00,52.42,52.42,52.42,52.42,1383
2025-03-14 19:23:00,52.41,52.41,52.41,52.41,568
2025-03-14 19:24:00,52.42,52.42,52.415,52.415,572
2025-03-14 19:25:00,52.4225,52.4225,52.4225,52.4225,251
2025-03-14 19:26:00,52.44,52.44,52.425,52.425,593
2025-03-14 19:28:00,52.4,52.4,52.355,52.355,1271
2025-03-14 19:29:00,52.36,52.36,52.34,52.34,975
2025-03-14 19:30:00,52.32,52.37,52.32,52.37,2334
2025-03-14 19:31:00,52.37,52.37,52.37,52.37,453
2025-03-14 19:32:00,52.33,52.33,52.315,52.315,369
2025-03-14 19:34:00,52.37,52.38,52.35,52.37,1043
2025-03-14 19:36:00,52.36,52.36,52.34,52.34,465
2025-03-14 19:38:00,52.37,52.37,52.36,52.37,1104
2025-03-14 19:40:00,52.33,52.33,52.2815,52.2815,690
2025-03-14 19:41:00,52.31,52.31,52.31,52.31,311
2025-03-14 19:42:00,52.34,52.35,52.34,52.35,1174
2025-03-14 19:43:00,52.4,52.42,52.39,52.42,1203
2025-03-14 19:44:00,52.43,52.43,52.43,52.43,331
2025-03-14 19:45:00,52.46,52.48,52.46,52.48,1102
2025-03-14 19:46:00,52.49,52.49,52.49,52.49,258
2025-03-14 19:47:00,52.46,52.46,52.46,52.46,375
2025-03-14 19:49:00,52.45,52.45,52.43,52.44,562
2025-03-14 19:50:00,52.47,52.48,52.44,52.44,3686
2025-03-14 19:51:00,52.37,52.37,52.32,52.36,2837
2025-03-14 19:52:00,52.35,52.38,52.35,52.36,1635
2025-03-14 19:54:00,52.37,52.4,52.37,52.4,2608
2025-03-14 19:55:00,52.4,52.43,52.385,52.41,3088
2025-03-14 19:56:00,52.42,52.42,52.395,52.42,2761
2025-03-14 19:57:00,52.41,52.42,52.39,52.39,2869
2025-03-14 19:58:00,52.39,52.4,52.37,52.37,3745
2025-03-14 19:59:00,52.36,52.38,52.33,52.36,11297
2025-03-14 20:58:00,52.34,52.34,52.34,52.34,100
2025-03-14 21:03:00,52.35,52.35,52.35,52.35,100
2025-03-14 21:39:00,52.3413,52.3413,52.3413,52.3413,100
2025-03-17 13:30:00,52.5,52.5,52.5,52.5,1741
2025-03-17 13:36:00,52.89,52.89,52.52,52.52,742
2025-03-17 13:38:00,52.86,52.86,52.86,52.86,201
2025-03-17 13:40:00,52.84,52.85,52.84,52.85,400
2025-03-17 13:41:00,52.69,52.72,52.69,52.69,1378
2025-03-17 13:45:00,52.76,52.76,52.76,52.76,275
2025-03-17 13:46:00,52.6975,52.6975,52.6975,52.6975,636
2025-03-17 13:48:00,52.78,52.78,52.76,52.76,300
2025-03-17 13:50:00,52.76,52.76,52.76,52.76,1074
2025-03-17 13:52:00,52.85,52.87,52.81,52.86,1047
2025-03-17 13:53:00,52.81,52.81,52.81,52.81,705
2025-03-17 13:56:00,52.82,52.82,52.78,52.78,200
2025-03-17 13:57:00,52.59,52.59,52.59,52.59,100
2025-03-17 14:00:00,52.705,52.74,52.705,52.73,696
2025-03-17 14:02:00,52.705,52.705,52.705,52.705,239
2025-03-17 14:06:00,52.665,52.665,52.665,52.665,315
2025-03-17 14:11:00,52.58,52.58,52.58,52.58,106
2025-03-17 14:12:00,52.62,52.62,52.62,52.62,290
2025-03-17 14:14:00,52.66,52.68,52.63,52.63,372
2025-03-17 14:19:00,52.63,52.63,52.63,52.63,419
2025-03-17 14:20:00,52.57,52.595,52.51,52.51,978
2025-03-17 14:21:00,52.48,52.48,52.48,52.48,247
2025-03-17 14:24:00,52.435,52.435,52.435,52.435,105
2025-03-17 14:25:00,52.57,52.57,52.57,52.57,112
2025-03-17 14:27:00,52.57,52.57,52.52,52.52,560
2025-03-17 14:29:00,52.45,52.45,52.45,52.45,389
2025-03-17 14:30:00,52.33,52.33,52.33,52.33,140
2025-03-17 14:31:00,52.325,52.325,52.325,52.325,217
2025-03-17 14:34:00,52.46,52.49,52.46,52.49,220
2025-03-17 14:36:00,52.47,52.47,52.47,52.47,103
2025-03-17 14:37:00,52.34,52.35,52.34,52.35,588
2025-03-17 14:41:00,52.45,52.46,52.45,52.46,209
2025-03-17 14:49:00,52.48,52.48,52.48,52.48,329
2025-03-17 14:53:00,52.425,52.425,52.425,52.425,212
2025-03-17 14:58:00,52.36,52.37,52.36,52.37,815
2025-03-17 14:59:00,52.31,52.31,52.31,52.31,170
2025-03-17 15:07:00,52.35,52.35,52.35,52.35,318
2025-03-17 15:18:00,52.46,52.46,52.405,52.41,1007
2025-03-17 15:19:00,52.47,52.52,52.47,52.5,6405
2025-03-17 15:20:00,52.6,52.6,52.5,52.5,1406
2025-03-17 15:21:00,52.56,52.56,52.56,52.56,329
2025-03-17 15:26:00,52.5,52.53,52.5,52.53,322
2025-03-17 15:27:00,52.51,52.53,52.51,52.53,528
2025-03-17 15:30:00,52.52,52.595,52.51,52.51,921
2025-03-17 15:34:00,52.5,52.5,52.43,52.43,880
2025-03-17 15:40:00,52.6,52.6,52.6,52.6,139
2025-03-17 15:53:00,52.49,52.49,52.49,52.49,164
2025-03-17 15:55:00,52.49,52.49,52.49,52.49,428
2025-03-17 15:58:00,52.49,52.49,52.49,52.49,536
2025-03-17 15:59:00,52.5,52.5,52.5,52.5,321
2025-03-17 16:00:00,52.5,52.5,52.5,52.5,120
2025-03-17 16:01:00,52.5,52.58,52.45,52.58,2647
2025-03-17 16:02:00,52.585,52.67,52.56,52.66,1472
2025-03-17 16:03:00,52.76,52.8,52.73,52.8,1517
2025-03-17 16:05:00,52.81,52.81,52.73,52.8,704
2025-03-17 16:06:00,52.81,52.88,52.81,52.87,1376
2025-03-17 16:07:00,52.89,52.92,52.89,52.92,1252
2025-03-17 16:08:00,52.87,52.89,52.82,52.82,1387
2025-03-17 16:09:00,52.94,52.94,52.94,52.94,682
2025-03-17 16:10:00,52.97,52.97,52.97,52.97,585
2025-03-17 16:11:00,52.97,52.97,52.94,52.94,772
2025-03-17 16:15:00,52.835,52.94,52.77,52.77,968
2025-03-17 16:16:00,52.74,52.74,52.705,52.705,747
2025-03-17 16:22:00,52.66,52.66,52.66,52.66,112
2025-03-17 16:23:00,52.765,52.765,52.765,52.765,187
2025-03-17 16:26:00,52.66,52.66,52.66,52.66,132
2025-03-17 16:28:00,52.655,52.655,52.655,52.655,120
2025-03-17 16:33:00,52.75,52.76,52.75,52.76,1113
2025-03-17 16:34:00,52.68,52.68,52.68,52.68,115
2025-03-17 16:36:00,52.76,52.76,52.76,52.76,587
2025-03-17 16:37:00,52.69,52.69,52.69,52.69,103
2025-03-17 16:40:00,52.7505,52.7505,52.665,52.665,499
2025-03-17 16:41:00,52.75,52.7581,52.75,52.7581,3419
2025-03-17 16:42:00,52.665,52.665,52.665,52.665,195
2025-03-17 16:43:00,52.665,52.9072,52.665,52.9072,2137
2025-03-17 16:44:00,52.81,52.81,52.81,52.81,889
2025-03-17 16:45:00,52.81,52.925,52.81,52.925,313
2025-03-17 16:46:00,52.925,52.925,52.925,52.925,131
2025-03-17 16:47:00,52.925,52.93,52.925,52.93,322
2025-03-17 16:49:00,52.81,52.81,52.81,52.81,226
2025-03-17 16:50:00,52.82,52.82,52.82,52.82,207
2025-03-17 16:51:00,52.93,52.93,52.93,52.93,187
2025-03-17 16:52:00,52.81,52.81,52.81,52.81,365
2025-03-17 16:53:00,52.935,52.94,52.935,52.94,411
2025-03-17 16:55:00,52.84,52.94,52.84,52.94,468
2025-03-17 16:56:00,52.935,52.935,52.935,52.935,153
2025-03-17 16:57:00,52.935,52.935,52.935,52.935,165
2025-03-17 16:58:00,52.82,52.82,52.82,52.82,158
2025-03-17 17:00:00,52.91,52.91,52.91,52.91,503
2025-03-17 17:01:00,52.82,52.82,52.82,52.82,104
2025-03-17 17:03:00,52.905,52.91,52.905,52.91,319
2025-03-17 17:08:00,52.83,52.83,52.83,52.83,120
2025-03-17 17:14:00,52.76,52.76,52.76,52.76,131
2025-03-17 17:15:00,52.88,52.88,52.88,52.88,104
2025-03-17 17:16:00,52.82,52.82,52.82,52.82,111
2025-03-17 17:19:00,52.8,52.8,52.8,52.8,114
2025-03-17 17:21:00,52.81,52.82,52.81,52.815,821
2025-03-17 17:22:00,52.87,52.87,52.8533,52.8533,301
2025-03-17 17:24:00,52.81,52.81,52.81,52.81,176
2025-03-17 17:26:00,52.86,52.86,52.86,52.86,191
2025-03-17 17:27:00,52.86,52.86,52.86,52.86,293
2025-03-17 17:29:00,52.9,52.9,52.83,52.83,357
2025-03-17 17:30:00,52.875,52.9387,52.875,52.9387,645
2025-03-17 17:32:00,52.84,52.84,52.84,52.84,116
2025-03-17 17:34:00,52.82,52.82,52.82,52.82,118
2025-03-17 17:35:00,52.89,52.89,52.89,52.89,166
2025-03-17 17:36:00,52.93,52.97,52.93,52.97,1109
2025-03-17 17:38:00,52.93,52.93,52.93,52.93,163
2025-03-17 17:39:00,52.93,52.95,52.93,52.95,724
2025-03-17 17:41:00,52.96,52.96,52.96,52.96,358
2025-03-17 17:42:00,52.96,52.96,52.96,52.96,321
2025-03-17 17:43:00,52.97,53.03,52.97,53.03,1853
2025-03-17 17:44:00,53.065,53.065,53.065,53.065,118
2025-03-17 17:45:00,52.975,52.975,52.975,52.975,255
2025-03-17 17:46:00,52.975,52.975,52.975,52.975,280
2025-03-17 17:47:00,52.97,52.97,52.97,52.97,434
2025-03-17 17:48:00,52.98,52.98,52.98,52.98,350
2025-03-17 17:49:00,53.035,53.035,53.035,53.035,349
2025-03-17 17:54:00,53.05,53.05,53.05,53.05,122
2025-03-17 17:56:00,53.03,53.03,53.03,53.03,849
2025-03-17 17:57:00,53.06,53.07,53.06,53.06,2032
2025-03-17 17:59:00,52.99,52.99,52.99,52.99,137
2025-03-17 18:00:00,53.07,53.07,53.04,53.04,326
2025-03-17 18:05:00,53.0,53.07,53.0,53.07,200
2025-03-17 18:07:00,53.08,53.1,53.07,53.1,1408
2025-03-17 18:11:00,53.17,53.17,53.17,53.17,111
2025-03-17 18:12:00,53.075,53.075,53.075,53.075,368
2025-03-17 18:13:00,53.15,53.15,53.14,53.14,319
2025-03-17 18:14:00,53.16,53.16,53.16,53.16,338
2025-03-17 18:15:00,53.09,53.09,53.09,53.09,124
2025-03-17 18:17:00,53.18,53.18,53.17,53.18,300
2025-03-17 18:18:00,53.15,53.15,53.15,53.15,244
2025-03-17 18:22:00,53.21,53.21,53.21,53.21,177
2025-03-17 18:23:00,53.2181,53.2181,53.2181,53.2181,228
2025-03-17 18:25:00,53.21,53.21,53.12,53.12,273
2025-03-17 18:26:00,53.16,53.17,53.16,53.17,333
2025-03-17 18:27:00,53.11,53.11,53.11,53.11,259
2025-03-17 18:28:00,53.12,53.12,53.12,53.12,151
2025-03-17 18:29:00,53.12,53.12,53.12,53.12,707
2025-03-17 18:30:00,53.075,53.1,53.075,53.1,271
2025-03-17 18:31:00,53.12,53.13,53.11,53.11,1576
2025-03-17 18:32:00,53.18,53.18,53.18,53.18,164
2025-03-17 18:34:00,53.19,53.19,53.19,53.19,127
2025-03-17 18:35:00,53.12,53.12,53.07,53.08,2677
2025-03-17 18:36:00,53.06,53.1,53.05,53.05,657
2025-03-17 18:40:00,53.04,53.04,53.04,53.04,132
2025-03-17 18:42:00,53.1015,53.1015,53.1015,53.1015,216
2025-03-17 18:43:00,53.04,53.04,53.0,53.0,1265
2025-03-17 18:44:00,53.035,53.035,53.035,53.035,268
2025-03-17 18:45:00,53.03,53.03,53.01,53.01,253
2025-03-17 18:47:00,53.05,53.05,53.05,53.05,374
2025-03-17 18:49:00,53.06,53.06,53.02,53.02,640
2025-03-17 18:55:00,53.06,53.06,53.06,53.06,126
2025-03-17 18:57:00,53.06,53.1,53.06,53.1,786
2025-03-17 18:58:00,53.11,53.15,53.07,53.07,2514
2025-03-17 18:59:00,53.06,53.06,53.04,53.04,643
2025-03-17 19:02:00,53.04,53.04,53.04,53.04,295
2025-03-17 19:05:00,53.11,53.11,53.11,53.11,298
2025-03-17 19:06:00,53.041,53.1,53.041,53.0825,1130
2025-03-17 19:08:00,53.11,53.11,53.11,53.11,201
2025-03-17 19:10:00,53.075,53.075,53.01,53.01,1723
2025-03-17 19:11:00,53.0,53.0,53.0,53.0,213
2025-03-17 19:12:00,52.975,53.045,52.975,53.045,1615
2025-03-17 19:13:00,53.04,53.04,53.04,53.04,454
2025-03-17 19:15:00,53.04,53.04,53.0,53.0,1033
2025-03-17 19:16:00,53.01,53.04,53.01,53.04,736
2025-03-17 19:18:00,53.04,53.04,53.04,53.04,823
2025-03-17 19:19:00,53.04,53.04,53.04,53.04,667
2025-03-17 19:20:00,53.05,53.05,53.01,53.015,1578
2025-03-17 19:21:00,52.9764,52.9764,52.9764,52.9764,544
2025-03-17 19:22:00,53.04,53.04,53.0125,53.0125,1061
2025-03-17 19:23:00,53.03,53.04,53.01,53.01,2417
2025-03-17 19:24:00,53.01,53.01,53.01,53.01,212
2025-03-17 19:25:00,52.98,52.98,52.98,52.98,471
2025-03-17 19:26:00,52.98,53.01,52.98,53.01,734
2025-03-17 19:27:00,53.04,53.05,53.035,53.035,1334
2025-03-17 19:28:00,53.06,53.06,53.06,53.06,604
2025-03-17 19:29:00,53.08,53.08,53.08,53.08,293
2025-03-17 19:30:00,53.05,53.055,53.05,53.055,707
2025-03-17 19:31:00,53.0795,53.0795,53.055,53.055,754
2025-03-17 19:32:00,53.03,53.04,53.01,53.01,1360
2025-03-17 19:33:00,52.98,52.99,52.98,52.98,552
2025-03-17 19:35:00,53.03,53.04,53.01,53.01,602
2025-03-17 19:37:00,53.05,53.14,53.05,53.09,2098
2025-03-17 19:38:00,53.13,53.13,53.11,53.11,1549
2025-03-17 19:39:00,53.11,53.135,53.11,53.135,650
2025-03-17 19:40:00,53.11,53.11,53.08,53.08,1161
2025-03-17 19:41:00,53.12,53.18,53.0875,53.18,918
2025-03-17 19:42:00,53.18,53.2,53.16,53.2,1388
2025-03-17 19:43:00,53.26,53.26,53.22,53.22,770
2025-03-17 19:44:00,53.25,53.25,53.22,53.22,1167
2025-03-17 19:45:00,53.21,53.22,53.19,53.19,1502
2025-03-17 19:46:00,53.185,53.2,53.17,53.19,1128
2025-03-17 19:47:00,53.185,53.185,53.16,53.16,861
2025-03-17 19:48:00,53.155,53.155,53.07,53.09,3009
2025-03-17 19:49:00,53.11,53.11,53.025,53.025,610
2025-03-17 19:50:00,53.02,53.08,53.01,53.03,3070
2025-03-17 19:51:00,53.03,53.04,53.001,53.015,2581
2025-03-17 19:52:00,53.03,53.09,53.02,53.02,3542
2025-03-17 19:53:00,53.04,53.04,53.02,53.025,1305
2025-03-17 19:54:00,53.04,53.06,53.03,53.06,3657
2025-03-17 19:55:00,53.04,53.04,52.99,53.01,4863
2025-03-17 19:56:00,52.97,53.06,52.92,52.98,5510
2025-03-17 19:57:00,52.939,53.06,52.939,53.03,4183
2025-03-17 19:58:00,53.0,53.03,52.9,52.95,5625
2025-03-17 19:59:00,52.95,53.14,52.93,53.1,29625
2025-03-17 20:00:00,52.96,52.96,52.96,52.96,420
2025-03-18 13:30:00,52.58,52.58,52.58,52.58,2412
2025-03-18 13:32:00,52.27,52.5,52.27,52.47,3811
2025-03-18 13:37:00,52.25,52.25,52.25,52.25,235
2025-03-18 13:39:00,52.245,52.245,52.245,52.245,236
2025-03-18 13:40:00,52.29,52.29,52.29,52.29,139
2025-03-18 13:43:00,52.415,52.44,52.26,52.44,1362
2025-03-18 13:44:00,52.11,52.11,52.1,52.1,396
2025-03-18 13:45:00,52.02,52.28,52.0,52.28,1107
2025-03-18 13:48:00,52.03,52.03,52.03,52.03,1542
2025-03-18 13:50:00,52.22,52.22,52.22,52.22,115
2025-03-18 13:59:00,52.16,52.16,52.16,52.16,165
2025-03-18 14:03:00,51.91,51.91,51.9,51.9,434
2025-03-18 14:10:00,52.0,52.0,52.0,52.0,178
2025-03-18 14:12:00,52.08,52.14,52.08,52.14,736
2025-03-18 14:18:00,52.0,52.05,52.0,52.05,242
2025-03-18 14:25:00,52.0,52.08,52.0,52.08,657
2025-03-18 14:32:00,52.04,52.04,52.04,52.04,219
2025-03-18 14:38:00,52.105,52.105,52.105,52.105,318
2025-03-18 14:40:00,52.105,52.105,52.105,52.105,126
2025-03-18 14:43:00,52.16,52.16,52.105,52.105,677
2025-03-18 14:44:00,52.105,52.105,52.105,52.105,311
2025-03-18 14:45:00,52.08,52.105,52.05,52.05,1966
2025-03-18 14:46:00,52.05,52.07,52.04,52.07,623
2025-03-18 14:49:00,51.89,51.89,51.89,51.89,155
2025-03-18 14:58:00,51.88,51.88,51.88,51.88,382
2025-03-18 15:01:00,51.88,51.88,51.88,51.88,369
2025-03-18 15:02:00,51.85,51.85,51.85,51.85,295
2025-03-18 15:03:00,51.82,51.82,51.82,51.82,253
2025-03-18 15:06:00,51.79,51.8,51.78,51.78,348
2025-03-18 15:11:00,51.63,51.63,51.63,51.63,202
2025-03-18 15:13:00,51.735,51.735,51.735,51.735,1165
2025-03-18 15:15:00,51.735,51.735,51.735,51.735,149
2025-03-18 15:18:00,51.735,51.735,51.735,51.735,148
2025-03-18 15:19:00,51.81,51.93,51.81,51.93,658
2025-03-18 15:20:00,51.78,51.78,51.77,51.77,359
2025-03-18 15:28:00,51.82,51.82,51.8,51.8,251
2025-03-18 15:31:00,51.89,51.92,51.89,51.92,258
2025-03-18 15:33:00,51.93,51.935,51.89,51.935,1379
2025-03-18 15:34:00,51.94,51.94,51.9007,51.9007,670
2025-03-18 15:38:00,51.91,51.91,51.91,51.91,255
2025-03-18 15:47:00,51.94,51.94,51.94,51.94,135
2025-03-18 15:48:00,51.945,51.945,51.83,51.83,341
2025-03-18 15:58:00,51.83,51.83,51.83,51.83,204
2025-03-18 16:07:00,51.87,51.87,51.84,51.84,630
2025-03-18 16:08:00,51.87,51.87,51.87,51.87,100
2025-03-18 16:15:00,51.93,51.93,51.8675,51.8675,793
2025-03-18 16:17:00,51.93,51.93,51.93,51.93,152
2025-03-18 16:25:00,52.01,52.07,51.96,52.04,1942
2025-03-18 16:26:00,52.115,52.115,52.115,52.115,325
2025-03-18 16:29:00,52.13,52.13,52.11,52.11,428
2025-03-18 16:35:00,52.2288,52.2288,52.17,52.17,750
2025-03-18 16:36:00,52.17,52.17,52.17,52.17,229
2025-03-18 16:40:00,52.12,52.12,52.12,52.12,177
2025-03-18 16:42:00,52.1201,52.18,52.1201,52.18,1145
2025-03-18 16:43:00,52.16,52.16,52.16,52.16,166
2025-03-18 16:44:00,52.15,52.16,52.15,52.16,844
2025-03-18 16:47:00,52.18,52.18,52.18,52.18,596
2025-03-18 16:48:00,52.18,52.18,52.14,52.14,1211
2025-03-18 16:50:00,52.16,52.16,52.16,52.16,128
2025-03-18 16:51:00,52.12,52.12,52.11,52.11,866
2025-03-18 16:55:00,52.16,52.16,52.16,52.16,922
2025-03-18 16:57:00,52.22,52.22,52.22,52.22,141
2025-03-18 16:58:00,52.19,52.19,52.19,52.19,400
2025-03-18 16:59:00,52.23,52.23,52.23,52.23,1183
2025-03-18 17:00:00,52.245,52.245,52.245,52.245,125
2025-03-18 17:01:00,52.27,52.3,52.27,52.3,530
2025-03-18 17:02:00,52.35,52.35,52.35,52.35,109
2025-03-18 17:05:00,52.29,52.29,52.24,52.24,1216
2025-03-18 17:06:00,52.26,52.28,52.26,52.28,251
2025-03-18 17:14:00,52.28,52.28,52.27,52.27,552
2025-03-18 17:16:00,52.275,52.275,52.275,52.275,238
2025-03-18 17:19:00,52.21,52.21,52.16,52.16,1743
2025-03-18 17:21:00,52.155,52.155,52.155,52.155,427
2025-03-18 17:22:00,52.23,52.3,52.23,52.285,716
2025-03-18 17:24:00,52.26,52.26,52.26,52.26,121
2025-03-18 17:25:00,52.25,52.25,52.25,52.25,137
2025-03-18 17:28:00,52.24,52.24,52.165,52.165,335
2025-03-18 17:29:00,52.2973,52.2973,52.2,52.2,734
2025-03-18 17:32:00,52.03,52.03,52.03,52.03,464
2025-03-18 17:35:00,52.3,52.3,52.3,52.3,153
2025-03-18 17:37:00,52.175,52.175,52.175,52.175,107
2025-03-18 17:44:00,52.18,52.18,52.18,52.18,213
2025-03-18 17:50:00,52.175,52.175,52.175,52.175,111
2025-03-18 17:51:00,52.285,52.285,52.285,52.285,129
2025-03-18 17:52:00,52.23,52.325,52.23,52.325,2558
2025-03-18 17:54:00,52.345,52.345,52.345,52.345,118
2025-03-18 17:55:00,52.355,52.355,52.355,52.355,103
2025-03-18 17:56:00,52.29,52.29,52.29,52.29,344
2025-03-18 18:03:00,52.28,52.295,52.26,52.295,911
2025-03-18 18:05:00,52.19,52.22,52.18,52.22,422
2025-03-18 18:20:00,52.18,52.18,52.18,52.18,164
2025-03-18 18:21:00,52.25,52.28,52.25,52.28,1862
2025-03-18 18:24:00,52.31,52.31,52.31,52.31,231
2025-03-18 18:28:00,52.23,52.2766,52.22,52.2766,1333
2025-03-18 18:32:00,52.28,52.3682,52.28,52.3682,2849
2025-03-18 18:33:00,52.36,52.41,52.36,52.4,2144
2025-03-18 18:37:00,52.42,52.42,52.42,52.42,235
2025-03-18 18:41:00,52.425,52.425,52.425,52.425,266
2025-03-18 18:42:00,52.435,52.435,52.435,52.435,159
2025-03-18 18:43:00,52.375,52.43,52.375,52.43,457
2025-03-18 18:44:00,52.35,52.35,52.35,52.35,212
2025-03-18 18:45:00,52.42,52.42,52.42,52.42,106
2025-03-18 18:46:00,52.43,52.44,52.43,52.44,581
2025-03-18 18:48:00,52.395,52.395,52.395,52.395,254
2025-03-18 18:49:00,52.42,52.44,52.42,52.43,1910
2025-03-18 18:50:00,52.44,52.44,52.36,52.36,686
2025-03-18 18:52:00,52.52,52.52,52.52,52.52,423
2025-03-18 18:54:00,52.52,52.52,52.46,52.46,325
2025-03-18 18:58:00,52.4,52.4,52.4,52.4,1171
2025-03-18 19:05:00,52.425,52.425,52.425,52.425,197
2025-03-18 19:07:00,52.4886,52.4886,52.4886,52.4886,2156
2025-03-18 19:10:00,52.37,52.37,52.37,52.37,159
2025-03-18 19:11:00,52.425,52.425,52.425,52.425,428
2025-03-18 19:13:00,52.39,52.39,52.39,52.39,187
2025-03-18 19:15:00,52.39,52.39,52.39,52.39,412
2025-03-18 19:17:00,52.4292,52.4292,52.4292,52.4292,516
2025-03-18 19:18:00,52.35,52.35,52.35,52.35,477
2025-03-18 19:19:00,52.42,52.43,52.3917,52.3917,1171
2025-03-18 19:22:00,52.4225,52.4225,52.33,52.33,1051
2025-03-18 19:25:00,52.34,52.37,52.34,52.35,2312
2025-03-18 19:27:00,52.345,52.345,52.345,52.345,537
2025-03-18 19:29:00,52.355,52.355,52.35,52.35,777
2025-03-18 19:30:00,52.37,52.37,52.36,52.36,1105
2025-03-18 19:32:00,52.38,52.38,52.38,52.38,298
2025-03-18 19:35:00,52.38,52.38,52.34,52.34,618
2025-03-18 19:36:00,52.34,52.34,52.33,52.33,1562
2025-03-18 19:38:00,52.32,52.32,52.32,52.32,139
2025-03-18 19:41:00,52.31,52.335,52.31,52.335,679
2025-03-18 19:43:00,52.33,52.33,52.33,52.33,601
2025-03-18 19:44:00,52.32,52.32,52.32,52.32,212
2025-03-18 19:46:00,52.32,52.32,52.32,52.32,429
2025-03-18 19:47:00,52.28,52.295,52.28,52.295,778
2025-03-18 19:48:00,52.27,52.28,52.27,52.28,914
2025-03-18 19:49:00,52.26,52.32,52.26,52.265,3009
2025-03-18 19:50:00,52.33,52.38,52.33,52.35,1927
2025-03-18 19:52:00,52.36,52.36,52.36,52.36,345
2025-03-18 19:53:00,52.35,52.35,52.35,52.35,342
2025-03-18 19:54:00,52.4,52.44,52.4,52.435,2846
2025-03-18 19:55:00,52.47,52.48,52.44,52.47,3165
2025-03-18 19:56:00,52.48,52.49,52.47,52.47,2537
2025-03-18 19:57:00,52.49,52.49,52.48,52.49,1129
2025-03-18 19:58:00,52.48,52.49,52.42,52.44,5451
2025-03-18 19:59:00,52.49,52.52,52.41,52.5,9286
2025-03-19 13:30:00,52.94,53.26,52.9,53.16,4499
2025-03-19 13:31:00,53.26,53.26,53.26,53.26,424
2025-03-19 13:32:00,53.315,53.315,53.315,53.315,100
2025-03-19 13:33:00,53.315,53.58,53.315,53.41,3775
2025-03-19 13:34:00,53.37,53.37,53.37,53.37,198
2025-03-19 13:36:00,53.36,53.36,53.36,53.36,515
2025-03-19 13:37:00,53.36,53.36,53.36,53.36,304
2025-03-19 13:38:00,53.36,53.36,53.36,53.36,101
2025-03-19 13:39:00,53.41,53.47,53.41,53.44,691
2025-03-19 13:40:00,53.47,53.48,53.47,53.47,1709
2025-03-19 13:42:00,53.61,53.61,53.61,53.61,200
2025-03-19 13:44:00,53.48,53.48,53.47,53.47,401
2025-03-19 13:47:00,53.475,53.535,53.45,53.45,906
2025-03-19 13:48:00,53.46,53.46,53.46,53.46,402
2025-03-19 13:51:00,53.535,53.535,53.535,53.535,220
2025-03-19 13:53:00,53.535,53.535,53.535,53.535,321
2025-03-19 13:55:00,53.56,53.605,53.535,53.59,3952
2025-03-19 13:56:00,53.535,53.535,53.535,53.535,259
2025-03-19 13:58:00,53.46,53.46,53.46,53.46,119
2025-03-19 14:00:00,53.58,53.58,53.55,53.55,595
2025-03-19 14:01:00,53.445,53.445,53.445,53.445,100
2025-03-19 14:03:00,53.58,53.58,53.445,53.445,504
2025-03-19 14:04:00,53.445,53.445,53.445,53.445,100
2025-03-19 14:05:00,53.445,53.445,53.44,53.44,630
2025-03-19 14:07:00,53.445,53.445,53.445,53.445,275
2025-03-19 14:08:00,53.34,53.45,53.34,53.45,322
2025-03-19 14:10:00,53.49,53.49,53.49,53.49,104
2025-03-19 14:13:00,53.495,53.495,53.495,53.495,1014
2025-03-19 14:14:00,53.495,53.495,53.495,53.495,490
2025-03-19 14:15:00,53.43,53.48,53.31,53.475,2036
2025-03-19 14:17:00,53.285,53.285,53.285,53.285,113
2025-03-19 14:20:00,53.27,53.27,53.27,53.27,143
2025-03-19 14:21:00,53.27,53.27,53.265,53.265,555
2025-03-19 14:22:00,53.265,53.265,53.265,53.265,103
2025-03-19 14:23:00,53.15,53.265,53.15,53.265,301
2025-03-19 14:24:00,53.265,53.265,53.265,53.265,692
2025-03-19 14:26:00,53.14,53.265,53.14,53.265,271
2025-03-19 14:27:00,53.27,53.27,53.27,53.27,102
2025-03-19 14:28:00,53.27,53.31,53.27,53.31,207
2025-03-19 14:31:00,53.25,53.255,53.25,53.255,203
2025-03-19 14:35:00,53.28,53.28,53.28,53.28,444
2025-03-19 14:36:00,53.28,53.28,53.27,53.27,422
2025-03-19 14:37:00,53.33,53.335,53.24,53.24,1757
2025-03-19 14:39:00,53.08,53.2,53.08,53.2,352
2025-03-19 14:43:00,53.12,53.195,53.06,53.195,824
2025-03-19 14:48:00,53.195,53.195,53.195,53.195,419
2025-03-19 14:49:00,53.07,53.13,53.06,53.065,806
2025-03-19 14:50:00,53.09,53.09,53.09,53.09,283
2025-03-19 14:52:00,53.0,53.09,53.0,53.005,869
2025-03-19 14:54:00,52.995,52.995,52.995,52.995,102
2025-03-19 14:55:00,53.02,53.02,53.015,53.015,321
2025-03-19 14:57:00,53.015,53.08,53.015,53.045,1902
2025-03-19 14:58:00,53.01,53.01,52.95,52.95,1865
2025-03-19 14:59:00,52.89,52.89,52.89,52.89,106
2025-03-19 15:00:00,52.93,52.93,52.93,52.93,240
2025-03-19 15:01:00,52.93,52.93,52.93,52.93,117
2025-03-19 15:02:00,53.02,53.02,52.95,52.95,323
2025-03-19 15:04:00,53.01,53.01,53.01,53.01,236
2025-03-19 15:05:00,53.01,53.01,52.95,52.95,401
2025-03-19 15:07:00,53.0621,53.0621,53.0621,53.0621,188
2025-03-19 15:09:00,52.975,52.975,52.975,52.975,329
2025-03-19 15:11:00,53.005,53.005,52.975,52.975,476
2025-03-19 15:13:00,52.96,52.96,52.96,52.96,1373
2025-03-19 15:14:00,52.96,53.01,52.96,53.01,1438
2025-03-19 15:15:00,52.975,52.975,52.975,52.975,138
2025-03-19 15:18:00,52.975,52.99,52.93,52.975,1054
2025-03-19 15:20:00,52.93,52.98,52.93,52.98,274
2025-03-19 15:22:00,52.98,52.985,52.98,52.985,321
2025-03-19 15:23:00,52.96,52.96,52.94,52.94,465
2025-03-19 15:25:00,52.99,52.99,52.99,52.99,201
2025-03-19 15:27:00,52.96,52.99,52.945,52.945,1052
2025-03-19 15:30:00,52.985,52.985,52.955,52.955,429
2025-03-19 15:33:00,52.99,53.0,52.95,52.96,1453
2025-03-19 15:34:00,52.925,52.925,52.925,52.925,103
2025-03-19 15:36:00,52.925,52.925,52.925,52.925,424
2025-03-19 15:38:00,52.96,52.99,52.96,52.99,215
2025-03-19 15:39:00,52.98,52.9835,52.98,52.9835,445
2025-03-19 15:40:00,52.97,52.99,52.97,52.99,517
2025-03-19 15:41:00,53.01,53.01,52.95,52.95,361
2025-03-19 15:42:00,53.02,53.02,53.02,53.02,395
2025-03-19 15:44:00,53.09,53.09,53.08,53.09,446
2025-03-19 15:48:00,53.11,53.11,53.11,53.11,611
2025-03-19 15:49:00,53.11,53.11,53.09,53.11,975
2025-03-19 15:50:00,53.115,53.115,53.11,53.11,366
2025-03-19 15:51:00,53.12,53.12,53.12,53.12,126
2025-03-19 15:53:00,53.12,53.12,53.12,53.12,249
2025-03-19 15:54:00,53.125,53.125,53.125,53.125,196
2025-03-19 15:55:00,53.125,53.125,53.125,53.125,128
2025-03-19 15:56:00,53.1755,53.1755,53.1755,53.1755,636
2025-03-19 15:57:00,53.09,53.09,53.08,53.08,662
2025-03-19 15:58:00,53.07,53.08,53.07,53.08,566
2025-03-19 15:59:00,53.18,53.18,53.085,53.09,479
2025-03-19 16:04:00,53.065,53.065,53.065,53.065,806
2025-03-19 16:05:00,53.0,53.065,53.0,53.065,339
2025-03-19 16:07:00,53.13,53.13,53.07,53.07,469
2025-03-19 16:08:00,53.12,53.13,53.12,53.13,331
2025-03-19 16:09:00,53.12,53.12,53.12,53.12,203
2025-03-19 16:10:00,53.12,53.12,53.01,53.075,597
2025-03-19 16:11:00,53.11,53.11,53.11,53.11,202
2025-03-19 16:12:00,53.11,53.11,53.03,53.08,451
2025-03-19 16:13:00,53.11,53.11,53.0,53.0,659
2025-03-19 16:14:00,53.07,53.07,53.07,53.07,542
2025-03-19 16:15:00,53.06,53.09,53.045,53.08,1307
2025-03-19 16:16:00,53.08,53.08,53.08,53.08,413
2025-03-19 16:17:00,53.08,53.08,53.0,53.04,1322
2025-03-19 16:18:00,52.99,52.99,52.971,52.971,400
2025-03-19 16:19:00,53.01,53.01,52.995,52.995,911
2025-03-19 16:20:00,53.05,53.05,53.04,53.05,529
2025-03-19 16:21:00,53.05,53.05,53.05,53.05,415
2025-03-19 16:22:00,53.0111,53.0111,53.0111,53.0111,458
2025-03-19 16:23:00,53.09,53.09,53.06,53.06,600
2025-03-19 16:24:00,53.13,53.13,53.13,53.13,200
2025-03-19 16:25:00,53.13,53.13,53.085,53.085,1011
2025-03-19 16:26:00,53.1389,53.14,53.13,53.14,1002
2025-03-19 16:27:00,53.14,53.14,53.03,53.03,1515
2025-03-19 16:28:00,53.0,53.02,53.0,53.02,357
2025-03-19 16:29:00,53.02,53.02,53.02,53.02,105
2025-03-19 16:30:00,52.96,53.07,52.96,53.03,1966
2025-03-19 16:31:00,53.03,53.03,53.03,53.03,133
2025-03-19 16:32:00,53.035,53.07,53.035,53.07,359
2025-03-19 16:33:00,53.09,53.1,53.08,53.1,1387
2025-03-19 16:38:00,53.14,53.14,53.07,53.07,417
2025-03-19 16:39:00,53.06,53.1,53.06,53.1,744
2025-03-19 16:43:00,53.125,53.125,53.125,53.125,213
2025-03-19 16:45:00,53.05,53.13,53.04,53.13,2827
2025-03-19 16:47:00,53.14,53.19,53.14,53.19,1348
2025-03-19 16:48:00,53.215,53.215,53.215,53.215,105
2025-03-19 16:50:00,53.19,53.19,53.12,53.12,663
2025-03-19 16:54:00,53.1,53.145,53.09,53.13,1067
2025-03-19 16:55:00,53.08,53.08,53.08,53.08,226
2025-03-19 16:57:00,53.04,53.13,53.04,53.12,3485
2025-03-19 16:59:00,53.0169,53.0169,53.0169,53.0169,155
2025-03-19 17:00:00,53.07,53.07,53.07,53.07,388
2025-03-19 17:02:00,53.07,53.07,53.0678,53.0678,544
2025-03-19 17:03:00,53.025,53.06,53.025,53.03,431
2025-03-19 17:04:00,53.03,53.03,53.025,53.025,2211
2025-03-19 17:05:00,53.025,53.06,52.96,53.01,684
2025-03-19 17:06:00,52.92,52.92,52.92,52.92,153
2025-03-19 17:07:00,52.895,52.895,52.895,52.895,123
2025-03-19 17:11:00,52.935,52.935,52.935,52.935,196
2025-03-19 17:12:00,52.88,52.88,52.88,52.88,178
2025-03-19 17:13:00,52.88,52.88,52.88,52.88,233
2025-03-19 17:14:00,52.855,52.855,52.855,52.855,277
2025-03-19 17:15:00,52.855,52.9,52.855,52.9,1338
2025-03-19 17:16:00,52.855,52.855,52.855,52.855,393
2025-03-19 17:17:00,52.85,52.85,52.85,52.85,385
2025-03-19 17:19:00,52.86,52.86,52.86,52.86,276
2025-03-19 17:20:00,52.835,52.835,52.835,52.835,204
2025-03-19 17:21:00,52.84,52.84,52.84,52.84,294
2025-03-19 17:27:00,52.91,52.91,52.84,52.91,412
2025-03-19 17:30:00,52.835,52.835,52.835,52.835,226
2025-03-19 17:32:00,52.835,52.91,52.83,52.83,425
2025-03-19 17:34:00,52.91,52.92,52.91,52.92,3055
2025-03-19 17:35:00,52.91,52.94,52.91,52.94,752
2025-03-19 17:36:00,52.94,52.94,52.94,52.94,488
2025-03-19 17:37:00,52.94,52.94,52.94,52.94,109
2025-03-19 17:38:00,52.94,52.94,52.94,52.94,101
2025-03-19 17:39:00,52.94,53.09,52.93,53.02,6227
2025-03-19 17:40:00,53.07,53.08,53.01,53.08,2410
2025-03-19 17:41:00,53.07,53.07,53.07,53.07,295
2025-03-19 17:42:00,53.03,53.06,53.03,53.06,301
2025-03-19 17:43:00,53.03,53.08,53.03,53.045,935
2025-03-19 17:47:00,52.88,52.88,52.88,52.88,115
2025-03-19 17:48:00,52.81,52.9274,52.81,52.9274,225
2025-03-19 17:52:00,52.895,52.895,52.895,52.895,124
2025-03-19 17:55:00,52.78,52.78,52.78,52.78,236
2025-03-19 17:56:00,52.8013,52.89,52.79,52.79,473
2025-03-19 17:57:00,52.78,52.78,52.65,52.66,4150
2025-03-19 17:58:00,52.645,52.79,52.63,52.79,2134
2025-03-19 17:59:00,52.64,52.77,52.635,52.64,1938
2025-03-19 18:00:00,52.47,52.77,52.47,52.77,1651
2025-03-19 18:01:00,52.93,52.93,52.93,52.93,323
2025-03-19 18:05:00,52.785,52.91,52.785,52.91,407
2025-03-19 18:08:00,52.98,52.98,52.98,52.98,138
2025-03-19 18:11:00,53.01,53.01,53.01,53.01,101
2025-03-19 18:15:00,53.04,53.04,53.04,53.04,128
2025-03-19 18:16:00,53.01,53.01,53.0,53.0,346
2025-03-19 18:17:00,53.0,53.0,53.0,53.0,107
2025-03-19 18:18:00,53.01,53.02,53.01,53.02,733
2025-03-19 18:19:00,52.99,52.99,52.7801,52.7801,256
2025-03-19 18:22:00,52.97,52.97,52.97,52.97,124
2025-03-19 18:25:00,52.99,52.99,52.98,52.99,807
2025-03-19 18:28:00,52.975,52.975,52.975,52.975,128
2025-03-19 18:29:00,52.975,52.975,52.975,52.975,176
2025-03-19 18:32:00,53.15,53.15,53.15,53.15,635
2025-03-19 18:33:00,53.03,53.03,53.03,53.03,241
2025-03-19 18:35:00,53.08,53.1,53.08,53.1,672
2025-03-19 18:37:00,53.15,53.15,53.12,53.12,201
2025-03-19 18:39:00,53.07,53.07,53.07,53.07,113
2025-03-19 18:42:00,53.15,53.2,53.15,53.2,785
2025-03-19 18:43:00,53.13,53.18,53.07,53.18,1036
2025-03-19 18:44:00,53.2,53.24,53.2,53.24,828
2025-03-19 18:45:00,53.31,53.31,53.31,53.31,401
2025-03-19 18:46:00,53.34,53.34,53.23,53.27,1187
2025-03-19 18:49:00,53.23,53.23,53.23,53.23,818
2025-03-19 18:50:00,53.28,53.28,53.28,53.28,402
2025-03-19 18:51:00,53.235,53.235,53.235,53.235,316
2025-03-19 18:52:00,53.13,53.35,53.13,53.35,1150
2025-03-19 18:53:00,53.39,53.39,53.385,53.385,222
2025-03-19 18:54:00,53.445,53.445,53.39,53.39,950
2025-03-19 18:56:00,53.5,53.5,53.5,53.5,627
2025-03-19 18:57:00,53.395,53.395,53.395,53.395,107
2025-03-19 18:59:00,53.465,53.465,53.465,53.465,448
2025-03-19 19:00:00,53.5,53.5,53.49,53.49,853
2025-03-19 19:02:00,53.54,53.54,53.54,53.54,239
2025-03-19 19:03:00,53.55,53.55,53.54,53.54,345
2025-03-19 19:04:00,53.55,53.56,53.55,53.56,879
2025-03-19 19:05:00,53.4701,53.59,53.4701,53.59,229
2025-03-19 19:06:00,53.555,53.555,53.555,53.555,173
2025-03-19 19:07:00,53.59,53.59,53.57,53.57,308
2025-03-19 19:08:00,53.57,53.57,53.57,53.57,481
2025-03-19 19:09:00,53.57,53.57,53.56,53.56,350
2025-03-19 19:10:00,53.61,53.62,53.57,53.595,1058
2025-03-19 19:11:00,53.58,53.58,53.5,53.505,1933
2025-03-19 19:12:00,53.49,53.49,53.49,53.49,132
2025-03-19 19:15:00,53.44,53.5,53.44,53.5,831
2025-03-19 19:16:00,53.5,53.5,53.48,53.48,427
2025-03-19 19:17:00,53.41,53.49,53.375,53.48,1096
2025-03-19 19:18:00,53.445,53.5,53.445,53.5,505
2025-03-19 19:19:00,53.5,53.5,53.5,53.5,634
2025-03-19 19:20:00,53.445,53.5,53.37,53.37,895
2025-03-19 19:21:00,53.43,53.43,53.36,53.4,965
2025-03-19 19:22:00,53.43,53.43,53.42,53.42,560
2025-03-19 19:23:00,53.36,53.36,53.25,53.32,607
2025-03-19 19:24:00,53.38,53.43,53.38,53.43,1444
2025-03-19 19:25:00,53.43,53.43,53.39,53.39,905
2025-03-19 19:26:00,53.36,53.36,53.35,53.35,485
2025-03-19 19:27:00,53.36,53.36,53.25,53.25,1295
2025-03-19 19:29:00,53.32,53.32,53.31,53.32,1046
2025-03-19 19:30:00,53.32,53.34,53.32,53.32,731
2025-03-19 19:31:00,53.35,53.4,53.34,53.36,1190
2025-03-19 19:32:00,53.36,53.37,53.36,53.37,1063
2025-03-19 19:33:00,53.365,53.43,53.365,53.42,1672
2025-03-19 19:34:00,53.39,53.43,53.35,53.43,1369
2025-03-19 19:36:00,53.34,53.34,53.33,53.34,1296
2025-03-19 19:37:00,53.35,53.43,53.35,53.43,1075
2025-03-19 19:38:00,53.43,53.43,53.43,53.43,405
2025-03-19 19:39:00,53.43,53.44,53.37,53.42,1985
2025-03-19 19:40:00,53.39,53.42,53.375,53.42,1050
2025-03-19 19:42:00,53.48,53.48,53.47,53.47,1585
2025-03-19 19:43:00,53.45,53.46,53.45,53.46,954
2025-03-19 19:44:00,53.45,53.47,53.45,53.47,770
2025-03-19 19:45:00,53.48,53.48,53.44,53.48,908
2025-03-19 19:46:00,53.45,53.47,53.44,53.465,1182
2025-03-19 19:47:00,53.46,53.46,53.39,53.395,2293
2025-03-19 19:48:00,53.36,53.42,53.36,53.42,1853
2025-03-19 19:50:00,53.25,53.33,53.25,53.32,2553
2025-03-19 19:51:00,53.28,53.28,53.16,53.23,2835
2025-03-19 19:52:00,53.26,53.31,53.26,53.31,2487
2025-03-19 19:53:00,53.36,53.36,53.26,53.35,1855
2025-03-19 19:54:00,53.34,53.36,53.295,53.36,2165
2025-03-19 19:55:00,53.34,53.41,53.34,53.4,3613
2025-03-19 19:56:00,53.38,53.4,53.34,53.4,4266
2025-03-19 19:57:00,53.4,53.48,53.33,53.4,6485
2025-03-19 19:58:00,53.38,53.41,53.36,53.4,5632
2025-03-19 19:59:00,53.4,53.45,53.35,53.41,10415
2025-03-20 08:29:00,56.01,56.01,56.01,56.01,124
2025-03-20 10:41:00,56.11,56.11,56.11,56.11,314
2025-03-20 11:19:00,56.15,56.15,56.15,56.15,250
2025-03-20 11:21:00,56.15,56.15,56.15,56.15,250
2025-03-20 13:27:00,56.5,56.5,56.5,56.5,266
2025-03-20 13:28:00,56.5,56.5,56.5,56.5,543
2025-03-20 13:30:00,55.9,56.2307,55.63,55.84,9841
2025-03-20 13:31:00,55.7,55.7,55.6825,55.6825,1128
2025-03-20 13:32:00,55.72,55.76,55.6,55.68,3838
2025-03-20 13:34:00,55.74,55.74,55.65,55.65,310
2025-03-20 13:35:00,55.74,55.745,55.5508,55.5508,1809
2025-03-20 13:36:00,55.58,55.69,55.58,55.64,1247
2025-03-20 13:37:00,55.62,55.64,55.53,55.61,2166
2025-03-20 13:38:00,55.61,55.6286,55.43,55.6286,1640
2025-03-20 13:39:00,55.5,55.57,55.43,55.475,6763
2025-03-20 13:42:00,55.35,55.45,55.35,55.45,447
2025-03-20 13:43:00,55.52,55.56,55.47,55.47,2053
2025-03-20 13:44:00,55.48,55.526,55.48,55.51,1405
2025-03-20 13:45:00,55.55,55.64,55.55,55.64,1922
2025-03-20 13:46:00,55.64,55.7025,55.62,55.62,1720
2025-03-20 13:47:00,55.73,55.83,55.73,55.83,2816
2025-03-20 13:49:00,55.748,55.748,55.748,55.748,403
2025-03-20 13:51:00,55.77,55.82,55.765,55.82,2542
2025-03-20 13:52:00,55.82,55.82,55.82,55.82,386
2025-03-20 13:53:00,55.8404,55.88,55.83,55.84,3074
2025-03-20 13:54:00,55.8999,55.9,55.8571,55.9,2282
2025-03-20 13:55:00,55.865,55.872,55.865,55.865,1083
2025-03-20 13:56:00,55.865,55.95,55.865,55.95,1524
2025-03-20 13:57:00,55.945,55.9938,55.94,55.9938,1491
2025-03-20 13:58:00,56.01,56.045,55.99,56.045,1527
2025-03-20 13:59:00,56.09,56.095,56.04,56.095,1127
2025-03-20 14:00:00,56.095,56.275,56.095,56.275,2279
2025-03-20 14:01:00,56.15,56.15,56.15,56.15,919
2025-03-20 14:02:00,56.09,56.11,56.05,56.05,584
2025-03-20 14:03:00,56.13,56.13,56.06,56.1,918
2025-03-20 14:04:00,56.172,56.172,55.99,55.99,2525
2025-03-20 14:05:00,56.02,56.13,55.987,56.13,4356
2025-03-20 14:06:00,56.01,56.01,56.01,56.01,228
2025-03-20 14:07:00,56.02,56.02,55.9425,56.0,1156
2025-03-20 14:08:00,56.0,56.0,55.995,56.0,597
2025-03-20 14:11:00,56.075,56.11,56.0699,56.085,1036
2025-03-20 14:12:00,56.13,56.14,56.12,56.13,532
2025-03-20 14:13:00,56.085,56.085,56.085,56.085,453
2025-03-20 14:14:00,56.08,56.08,56.08,56.08,236
2025-03-20 14:15:00,56.08,56.13,56.08,56.13,1231
2025-03-20 14:16:00,56.13,56.145,56.13,56.145,1166
2025-03-20 14:17:00,56.15,56.15,56.15,56.15,1043
2025-03-20 14:18:00,56.12,56.3,56.11,56.24,5201
2025-03-20 14:19:00,56.24,56.24,56.24,56.24,151
2025-03-20 14:20:00,56.3,56.3,56.17,56.17,877
2025-03-20 14:21:00,56.175,56.175,56.175,56.175,1056
2025-03-20 14:23:00,56.04,56.04,55.965,55.9791,3623
2025-03-20 14:25:00,55.94,55.94,55.94,55.94,175
2025-03-20 14:26:00,55.89,55.92,55.825,55.87,1847
2025-03-20 14:28:00,55.94,55.94,55.94,55.94,152
2025-03-20 14:29:00,55.91,55.94,55.91,55.94,708
2025-03-20 14:30:00,55.95,55.95,55.95,55.95,372
2025-03-20 14:31:00,55.94,55.94,55.825,55.83,2251
2025-03-20 14:33:00,55.83,55.83,55.825,55.825,334
2025-03-20 14:35:00,55.825,55.825,55.825,55.825,1100
2025-03-20 14:36:00,55.825,55.89,55.8233,55.89,1409
2025-03-20 14:37:00,55.88,55.94,55.8307,55.88,1007
2025-03-20 14:38:00,55.88,55.88,55.88,55.88,210
2025-03-20 14:39:00,55.8458,55.88,55.81,55.81,2647
2025-03-20 14:41:00,55.83,55.88,55.82,55.88,1462
2025-03-20 14:42:00,55.81,55.85,55.81,55.85,228
2025-03-20 14:43:00,55.8,55.84,55.7617,55.835,1316
2025-03-20 14:44:00,55.89,55.89,55.83,55.83,1467
2025-03-20 14:45:00,55.83,55.88,55.83,55.88,339
2025-03-20 14:46:00,55.89,55.89,55.76,55.76,1247
2025-03-20 14:47:00,55.84,55.85,55.79,55.79,1129
2025-03-20 14:48:00,55.775,55.775,55.775,55.775,169
2025-03-20 14:49:00,55.84,55.84,55.76,55.775,1838
2025-03-20 14:50:00,55.775,55.775,55.68,55.68,1537
2025-03-20 14:51:00,55.7,55.7,55.7,55.7,184
2025-03-20 14:53:00,55.72,55.73,55.72,55.73,306
2025-03-20 14:54:00,55.71,55.71,55.7,55.7,593
2025-03-20 14:55:00,55.78,55.79,55.695,55.695,967
2025-03-20 14:57:00,55.803,55.803,55.6921,55.6921,572
2025-03-20 14:58:00,55.8,55.8,55.8,55.8,358
2025-03-20 14:59:00,55.745,55.77,55.745,55.745,2382
2025-03-20 15:00:00,55.76,55.81,55.74,55.765,3547
2025-03-20 15:01:00,55.7699,55.7699,55.7699,55.7699,528
2025-03-20 15:02:00,55.73,55.73,55.7,55.725,613
2025-03-20 15:04:00,55.77,55.77,55.75,55.75,671
2025-03-20 15:05:00,55.8,55.8,55.8,55.8,257
2025-03-20 15:06:00,55.735,55.79,55.735,55.79,924
2025-03-20 15:08:00,55.81,55.81,55.81,55.81,559
2025-03-20 15:10:00,55.83,55.83,55.79,55.79,841
2025-03-20 15:11:00,55.84,55.87,55.82,55.83,1556
2025-03-20 15:12:00,55.86,55.86,55.86,55.86,675
2025-03-20 15:13:00,55.84,55.91,55.84,55.88,4475
2025-03-20 15:14:00,55.87,55.89,55.77,55.77,2437
2025-03-20 15:15:00,55.7,55.775,55.7,55.76,596
2025-03-20 15:16:00,55.755,55.76,55.75,55.75,1214
2025-03-20 15:17:00,55.745,55.745,55.745,55.745,422
2025-03-20 15:18:00,55.8,55.8,55.74,55.75,661
2025-03-20 15:19:00,55.75,55.75,55.75,55.75,549
2025-03-20 15:20:00,55.7425,55.77,55.7425,55.77,651
2025-03-20 15:21:00,55.78,55.81,55.78,55.81,1677
2025-03-20 15:22:00,55.82,55.88,55.82,55.87,1025
2025-03-20 15:23:00,55.93,55.93,55.93,55.93,161
2025-03-20 15:24:00,55.94,55.94,55.88,55.88,333
2025-03-20 15:25:00,55.93,55.93,55.875,55.915,544
2025-03-20 15:26:00,55.82,55.885,55.82,55.885,1453
2025-03-20 15:29:00,55.88,55.88,55.88,55.88,294
2025-03-20 15:30:00,55.87,55.88,55.76,55.77,1759
2025-03-20 15:31:00,55.76,55.77,55.68,55.68,950
2025-03-20 15:33:00,55.625,55.635,55.625,55.635,438
2025-03-20 15:35:00,55.67,55.71,55.635,55.635,449
2025-03-20 15:36:00,55.67,55.695,55.63,55.63,817
2025-03-20 15:37:00,55.695,55.695,55.63,55.63,246
2025-03-20 15:38:00,55.72,55.72,55.67,55.685,2256
2025-03-20 15:39:00,55.72,55.72,55.71,55.71,333
2025-03-20 15:40:00,55.74,55.74,55.74,55.74,496
2025-03-20 15:41:00,55.68,55.72,55.68,55.72,1024
2025-03-20 15:42:00,55.715,55.76,55.715,55.76,377
2025-03-20 15:43:00,55.76,55.78,55.745,55.78,2037
2025-03-20 15:44:00,55.7706,55.8,55.7706,55.8,396
2025-03-20 15:46:00,55.79,55.79,55.66,55.73,2919
2025-03-20 15:47:00,55.73,55.75,55.73,55.75,536
2025-03-20 15:49:00,55.76,55.76,55.76,55.76,400
2025-03-20 15:50:00,55.79,55.79,55.79,55.79,156
2025-03-20 15:51:00,55.83,55.83,55.83,55.83,482
2025-03-20 15:52:00,55.79,55.79,55.79,55.79,157
2025-03-20 15:54:00,55.825,55.8315,55.75,55.83,1400
2025-03-20 15:55:00,55.84,55.84,55.83,55.83,398
2025-03-20 15:56:00,55.84,55.84,55.84,55.84,636
2025-03-20 15:58:00,55.795,55.795,55.73,55.73,1108
2025-03-20 15:59:00,55.74,55.74,55.635,55.7,579
2025-03-20 16:00:00,55.69,55.7,55.69,55.7,488
2025-03-20 16:01:00,55.73,55.73,55.7,55.7,708
2025-03-20 16:02:00,55.74,55.74,55.74,55.74,590
2025-03-20 16:03:00,55.69,55.725,55.67,55.69,1892
2025-03-20 16:04:00,55.65,55.65,55.65,55.65,266
2025-03-20 16:05:00,55.53,55.53,55.53,55.53,734
2025-03-20 16:06:00,55.49,55.49,55.49,55.49,174
2025-03-20 16:08:00,55.46,55.46,55.46,55.46,155
2025-03-20 16:09:00,55.46,55.46,55.46,55.46,301
2025-03-20 16:11:00,55.455,55.48,55.455,55.48,420
2025-03-20 16:12:00,55.49,55.515,55.49,55.515,744
2025-03-20 16:15:00,55.59,55.59,55.54,55.54,388
2025-03-20 16:16:00,55.56,55.58,55.53,55.53,709
2025-03-20 16:17:00,55.58,55.58,55.5045,55.5045,923
2025-03-20 16:18:00,55.51,55.51,55.51,55.51,296
2025-03-20 16:20:00,55.46,55.46,55.43,55.45,3764
2025-03-20 16:21:00,55.37,55.37,55.37,55.37,378
2025-03-20 16:24:00,55.35,55.38,55.32,55.38,978
2025-03-20 16:25:00,55.35,55.35,55.265,55.265,912
2025-03-20 16:26:00,55.33,55.39,55.33,55.39,776
2025-03-20 16:28:00,55.38,55.38,55.32,55.32,236
2025-03-20 16:29:00,55.36,55.36,55.32,55.34,348
2025-03-20 16:30:00,55.37,55.37,55.37,55.37,335
2025-03-20 16:31:00,55.32,55.37,55.32,55.36,1025
2025-03-20 16:33:00,55.35,55.35,55.3155,55.3155,359
2025-03-20 16:35:00,55.36,55.36,55.36,55.36,406
2025-03-20 16:36:00,55.36,55.36,55.315,55.32,363
2025-03-20 16:37:00,55.35,55.43,55.31,55.43,1478
2025-03-20 16:38:00,55.42,55.43,55.42,55.43,631
2025-03-20 16:39:00,55.43,55.43,55.43,55.43,379
2025-03-20 16:40:00,55.44,55.44,55.44,55.44,466
2025-03-20 16:42:00,55.465,55.48,55.43,55.48,1237
2025-03-20 16:47:00,55.49,55.49,55.49,55.49,436
2025-03-20 16:48:00,55.5,55.54,55.43,55.54,1291
2025-03-20 16:49:00,55.4029,55.41,55.37,55.38,1099
2025-03-20 16:50:00,55.38,55.38,55.38,55.38,130
2025-03-20 16:51:00,55.375,55.375,55.375,55.375,327
2025-03-20 16:56:00,55.395,55.5,55.395,55.5,604
2025-03-20 16:57:00,55.395,55.395,55.395,55.395,689
2025-03-20 16:58:00,55.43,55.43,55.43,55.43,124
2025-03-20 16:59:00,55.46,55.49,55.46,55.49,966
2025-03-20 17:00:00,55.49,55.54,55.49,55.54,1574
2025-03-20 17:01:00,55.46,55.46,55.39,55.39,1143
2025-03-20 17:06:00,55.46,55.53,55.46,55.53,353
2025-03-20 17:07:00,55.48,55.49,55.46,55.49,590
2025-03-20 17:08:00,55.52,55.52,55.52,55.52,440
2025-03-20 17:10:00,55.49,55.49,55.49,55.49,206
2025-03-20 17:15:00,55.45,55.47,55.43,55.43,1897
2025-03-20 17:16:00,55.48,55.4888,55.43,55.4888,710
2025-03-20 17:17:00,55.42,55.42,55.37,55.37,559
2025-03-20 17:18:00,55.4899,55.4899,55.4899,55.4899,217
2025-03-20 17:20:00,55.46,55.54,55.46,55.54,1555
2025-03-20 17:21:00,55.54,55.54,55.54,55.54,439
2025-03-20 17:24:00,55.45,55.5,55.43,55.5,2825
2025-03-20 17:26:00,55.43,55.43,55.43,55.43,740
2025-03-20 17:27:00,55.49,55.49,55.43,55.43,255
2025-03-20 17:28:00,55.4,55.4,55.39,55.39,385
2025-03-20 17:29:00,55.39,55.43,55.39,55.43,251
2025-03-20 17:30:00,55.43,55.43,55.43,55.43,111
2025-03-20 17:31:00,55.4,55.4,55.4,55.4,398
2025-03-20 17:32:00,55.44,55.44,55.42,55.42,804
2025-03-20 17:33:00,55.5,55.5,55.465,55.465,311
2025-03-20 17:34:00,55.43,55.43,55.39,55.39,631
2025-03-20 17:36:00,55.38,55.38,55.38,55.38,244
2025-03-20 17:37:00,55.32,55.365,55.32,55.365,1349
2025-03-20 17:38:00,55.46,55.48,55.44,55.47,2626
2025-03-20 17:39:00,55.47,55.5,55.47,55.5,1263
2025-03-20 17:40:00,55.45,55.45,55.45,55.45,409
2025-03-20 17:41:00,55.45,55.46,55.43,55.46,688
2025-03-20 17:42:00,55.43,55.43,55.41,55.41,348
2025-03-20 17:43:00,55.37,55.37,55.37,55.37,111
2025-03-20 17:44:00,55.4,55.4,55.4,55.4,251
2025-03-20 17:45:00,55.44,55.46,55.42,55.42,955
2025-03-20 17:48:00,55.43,55.47,55.43,55.47,718
2025-03-20 17:51:00,55.44,55.44,55.44,55.44,649
2025-03-20 17:52:00,55.45,55.45,55.45,55.45,186
2025-03-20 17:53:00,55.48,55.48,55.48,55.48,203
2025-03-20 17:54:00,55.445,55.445,55.4,55.4,675
2025-03-20 17:57:00,55.43,55.44,55.43,55.44,484
2025-03-20 18:00:00,55.44,55.44,55.44,55.44,108
2025-03-20 18:01:00,55.39,55.39,55.39,55.39,159
2025-03-20 18:05:00,55.35,55.35,55.35,55.35,248
2025-03-20 18:06:00,55.41,55.42,55.41,55.42,353
2025-03-20 18:09:00,55.43,55.43,55.43,55.43,104
2025-03-20 18:16:00,55.36,55.36,55.36,55.36,594
2025-03-20 18:17:00,55.41,55.41,55.41,55.41,121
2025-03-20 18:18:00,55.39,55.4,55.38,55.38,1792
2025-03-20 18:19:00,55.3828,55.4,55.3828,55.4,317
2025-03-20 18:20:00,55.33,55.33,55.33,55.33,1045
2025-03-20 18:21:00,55.34,55.34,55.25,55.25,1656
2025-03-20 18:23:00,55.22,55.26,55.22,55.26,1068
2025-03-20 18:24:00,55.32,55.32,55.32,55.32,261
2025-03-20 18:30:00,55.15,55.15,55.14,55.14,485
2025-03-20 18:31:00,55.12,55.12,55.12,55.12,128
2025-03-20 18:32:00,55.09,55.09,55.07,55.07,737
2025-03-20 18:33:00,55.06,55.1,55.06,55.1,485
2025-03-20 18:36:00,55.04,55.04,55.04,55.04,389
2025-03-20 18:37:00,55.04,55.04,55.04,55.04,579
2025-03-20 18:41:00,54.97,55.0,54.97,55.0,326
2025-03-20 18:43:00,54.98,54.98,54.98,54.98,153
2025-03-20 18:44:00,54.99,55.09,54.98,55.09,2138
2025-03-20 18:46:00,55.035,55.035,55.035,55.035,332
2025-03-20 18:47:00,55.09,55.09,55.09,55.09,668
2025-03-20 18:49:00,55.09,55.11,55.09,55.1,635
2025-03-20 18:52:00,55.13,55.13,55.13,55.13,329
2025-03-20 18:53:00,55.14,55.14,55.14,55.14,215
2025-03-20 18:54:00,55.145,55.145,55.145,55.145,372
2025-03-20 18:57:00,55.17,55.17,55.13,55.13,306
2025-03-20 19:00:00,55.12,55.13,55.12,55.13,466
2025-03-20 19:04:00,55.14,55.14,55.14,55.14,202
2025-03-20 19:06:00,55.13,55.15,55.12,55.15,1103
2025-03-20 19:07:00,55.156,55.16,55.156,55.16,464
2025-03-20 19:08:00,55.23,55.24,55.23,55.24,761
2025-03-20 19:09:00,55.31,55.31,55.27,55.27,685
2025-03-20 19:10:00,55.3,55.3,55.19,55.19,317
2025-03-20 19:11:00,55.31,55.33,55.31,55.33,854
2025-03-20 19:12:00,55.36,55.37,55.36,55.37,658
2025-03-20 19:14:00,55.35,55.36,55.35,55.36,766
2025-03-20 19:15:00,55.35,55.38,55.34,55.375,1248
2025-03-20 19:16:00,55.45,55.4895,55.45,55.4895,364
2025-03-20 19:17:00,55.5,55.5,55.5,55.5,129
2025-03-20 19:18:00,55.49,55.49,55.49,55.49,610
2025-03-20 19:19:00,55.46,55.48,55.3415,55.3415,1695
2025-03-20 19:20:00,55.34,55.5,55.34,55.445,8203
2025-03-20 19:21:00,55.44,55.44,55.44,55.44,186
2025-03-20 19:22:00,55.44,55.44,55.44,55.44,335
2025-03-20 19:23:00,55.48,55.48,55.44,55.44,497
2025-03-20 19:24:00,55.46,55.46,55.46,55.46,802
2025-03-20 19:25:00,55.48,55.48,55.48,55.48,705
2025-03-20 19:26:00,55.45,55.45,55.45,55.45,303
2025-03-20 19:27:00,55.45,55.45,55.29,55.29,5984
2025-03-20 19:28:00,55.29,55.32,55.18,55.18,1467
2025-03-20 19:29:00,55.265,55.3,55.245,55.245,1796
2025-03-20 19:30:00,55.294,55.294,55.28,55.29,833
2025-03-20 19:31:00,55.29,55.29,55.24,55.24,449
2025-03-20 19:32:00,55.28,55.3,55.28,55.3,1080
2025-03-20 19:34:00,55.2543,55.37,55.2543,55.37,580
2025-03-20 19:35:00,55.36,55.37,55.36,55.36,953
2025-03-20 19:36:00,55.39,55.4,55.39,55.4,966
2025-03-20 19:37:00,55.47,55.47,55.45,55.45,1198
2025-03-20 19:38:00,55.44,55.46,55.44,55.46,933
2025-03-20 19:39:00,55.41,55.46,55.41,55.46,1295
2025-03-20 19:40:00,55.41,55.47,55.41,55.44,1581
2025-03-20 19:42:00,55.46,55.47,55.45,55.47,2212
2025-03-20 19:43:00,55.475,55.48,55.47,55.48,887
2025-03-20 19:44:00,55.47,55.47,55.47,55.47,309
2025-03-20 19:45:00,55.47,55.53,55.47,55.53,2480
2025-03-20 19:46:00,55.485,55.54,55.485,55.54,1767
2025-03-20 19:47:00,55.52,55.57,55.52,55.57,1674
2025-03-20 19:48:00,55.57,55.6,55.57,55.6,840
2025-03-20 19:49:00,55.59,55.62,55.57,55.57,1752
2025-03-20 19:50:00,55.52,55.52,55.43,55.43,6320
2025-03-20 19:51:00,55.42,55.42,55.395,55.4,1160
2025-03-20 19:52:00,55.395,55.46,55.39,55.39,1525
2025-03-20 19:53:00,55.41,55.41,55.36,55.39,1254
2025-03-20 19:54:00,55.33,55.385,55.33,55.385,626
2025-03-20 19:55:00,55.38,55.46,55.35,55.4,9121
2025-03-20 19:56:00,55.4,55.45,55.39,55.42,7654
2025-03-20 19:57:00,55.4,55.42,55.34,55.37,11559
2025-03-20 19:58:00,55.35,55.37,55.34,55.36,4974
2025-03-20 19:59:00,55.35,55.37,55.28,55.335,18047
2025-03-20 20:00:00,55.32,55.32,55.32,55.32,418
2025-03-21 08:21:00,54.44,54.5,54.44,54.5,350
2025-03-21 09:33:00,54.6,54.6,54.6,54.6,101
2025-03-21 12:00:00,54.8554,54.8554,54.8554,54.8554,72109
2025-03-21 12:54:00,54.16,54.16,54.0,54.0,2800
2025-03-21 12:57:00,53.52,53.52,53.52,53.52,826
2025-03-21 12:58:00,53.44,53.44,53.0,53.01,3237
2025-03-21 13:00:00,53.25,53.25,52.78,52.78,8054
2025-03-21 13:01:00,52.69,52.75,52.69,52.75,500
2025-03-21 13:02:00,53.38,53.44,53.01,53.44,4548
2025-03-21 13:03:00,53.25,53.25,53.25,53.25,2000
2025-03-21 13:04:00,53.25,53.25,53.25,53.25,6136
2025-03-21 13:05:00,53.05,53.1,53.01,53.1,7151
2025-03-21 13:09:00,53.0,53.0,53.0,53.0,2004
2025-03-21 13:14:00,53.0,53.0,53.0,53.0,842
2025-03-21 13:15:00,53.0,53.0,53.0,53.0,250
2025-03-21 13:24:00,53.24,53.24,53.24,53.24,493
2025-03-21 13:28:00,52.65,52.65,52.65,52.65,194
2025-03-21 13:29:00,52.65,52.65,52.65,52.65,2089
2025-03-21 13:30:00,53.05,53.075,52.82,53.02,11108
2025-03-21 13:31:00,53.0,53.33,52.9,53.33,4187
2025-03-21 13:32:00,53.39,53.615,52.855,52.875,11987
2025-03-21 13:33:00,52.88,53.02,52.58,52.655,38567
2025-03-21 13:34:00,52.655,52.73,52.56,52.6,10070
2025-03-21 13:35:00,52.68,52.86,52.25,52.25,25054
2025-03-21 13:36:00,52.47,52.47,52.11,52.1583,4246
2025-03-21 13:37:00,52.415,52.415,52.145,52.145,1689
2025-03-21 13:38:00,52.435,52.435,52.435,52.435,157
2025-03-21 13:39:00,52.435,52.435,52.435,52.435,397
2025-03-21 13:40:00,52.5,52.52,52.16,52.16,2851
2025-03-21 13:41:00,52.35,52.39,52.0,52.215,27107
2025-03-21 13:42:00,52.22,52.22,52.15,52.22,1337
2025-03-21 13:43:00,52.37,52.38,52.06,52.16,7046
2025-03-21 13:44:00,52.26,52.37,52.24,52.31,2562
2025-03-21 13:45:00,52.2,52.2,52.2,52.2,202
2025-03-21 13:48:00,52.16,52.255,52.16,52.19,3120
2025-03-21 13:49:00,52.04,52.17,52.0,52.015,29943
2025-03-21 13:50:00,52.0,52.06,51.71,51.715,13396
2025-03-21 13:51:00,51.69,51.76,51.57,51.615,5703
2025-03-21 13:52:00,51.615,51.62,51.575,51.62,908
2025-03-21 13:53:00,51.57,51.615,51.5,51.56,6637
2025-03-21 13:54:00,51.57,51.75,51.51,51.725,15190
2025-03-21 13:55:00,51.725,51.77,51.6,51.77,9822
2025-03-21 13:56:00,51.94,52.0,51.85,52.0,6064
2025-03-21 13:57:00,51.865,51.865,51.865,51.865,620
2025-03-21 13:58:00,52.0,52.0,51.845,51.845,712
2025-03-21 13:59:00,51.96,52.08,51.845,51.94,68197
2025-03-21 14:00:00,51.955,51.96,51.955,51.955,463
2025-03-21 14:01:00,52.0,52.01,52.0,52.01,299
2025-03-21 14:02:00,51.98,52.01,51.98,52.01,837
2025-03-21 14:03:00,52.04,52.04,51.98,52.01,5108
2025-03-21 14:04:00,52.0,52.0,52.0,52.0,656
2025-03-21 14:05:00,51.88,52.07,51.88,52.05,2551
2025-03-21 14:06:00,51.98,51.98,51.98,51.98,557
2025-03-21 14:07:00,52.0,52.01,52.0,52.0,5417
2025-03-21 14:08:00,52.01,52.01,52.0,52.01,1096
2025-03-21 14:09:00,52.0,52.0,52.0,52.0,247
2025-03-21 14:10:00,52.067,52.067,51.98,52.0,6541
2025-03-21 14:11:00,52.0,52.02,52.0,52.0,3019
2025-03-21 14:12:00,52.015,52.07,51.91,51.995,16648
2025-03-21 14:13:00,52.01,52.01,51.97,52.0,3118
2025-03-21 14:14:00,52.0,52.05,52.0,52.0,6572
2025-03-21 14:15:00,52.0,52.0,51.905,51.905,8284
2025-03-21 14:16:00,51.905,51.98,51.89,51.94,2455
2025-03-21 14:18:00,52.0,52.0,51.98,51.98,2223
2025-03-21 14:19:00,51.98,52.03,51.98,51.99,1502
2025-03-21 14:20:00,51.95,51.97,51.83,51.9,6878
2025-03-21 14:21:00,51.94,51.94,51.935,51.935,1182
2025-03-21 14:22:00,51.89,51.99,51.87,51.935,2517
2025-03-21 14:23:00,52.02,52.04,52.0,52.005,10687
2025-03-21 14:24:00,52.005,52.05,51.955,51.955,3878
2025-03-21 14:25:00,51.99,52.02,51.975,52.01,1457
2025-03-21 14:26:00,52.05,52.175,51.995,52.07,12601
2025-03-21 14:27:00,52.05,52.105,51.97,51.97,20086
2025-03-21 14:28:00,52.03,52.03,52.03,52.03,702
2025-03-21 14:29:00,52.04,52.27,52.01,52.27,10808
2025-03-21 14:30:00,52.19,52.19,52.18,52.19,1659
2025-03-21 14:31:00,52.16,52.23,52.145,52.16,2192
2025-03-21 14:32:00,52.25,52.46,52.2323,52.2323,8066
2025-03-21 14:34:00,52.36,52.46,52.36,52.385,4768
2025-03-21 14:35:00,52.385,52.47,52.34,52.34,4282
2025-03-21 14:36:00,52.36,52.36,52.24,52.29,5095
2025-03-21 14:37:00,52.279,52.279,52.279,52.279,264
2025-03-21 14:38:00,52.18,52.235,52.18,52.195,3609
2025-03-21 14:39:00,52.23,52.23,52.21,52.21,882
2025-03-21 14:40:00,52.21,52.21,52.155,52.155,3566
2025-03-21 14:41:00,52.11,52.11,52.11,52.11,431
2025-03-21 14:42:00,52.1,52.21,52.06,52.155,7705
2025-03-21 14:43:00,52.16,52.21,52.16,52.21,2154
2025-03-21 14:44:00,52.21,52.27,52.205,52.22,1754
2025-03-21 14:45:00,52.225,52.225,52.11,52.11,2100
2025-03-21 14:46:00,52.195,52.195,52.12,52.12,817
2025-03-21 14:47:00,52.19,52.19,52.19,52.19,136
2025-03-21 14:48:00,52.11,52.13,52.0,52.04,7484
2025-03-21 14:49:00,51.98,52.02,51.98,52.02,660
2025-03-21 14:50:00,51.98,51.98,51.98,51.98,1534
2025-03-21 14:54:00,51.98,51.98,51.98,51.98,389
2025-03-21 14:55:00,52.07,52.07,52.07,52.07,213
2025-03-21 14:56:00,52.01,52.04,51.98,51.98,2875
2025-03-21 14:58:00,52.012,52.012,51.9,51.9,456
2025-03-21 14:59:00,51.91,51.91,51.89,51.89,940
2025-03-21 15:00:00,51.86,52.08,51.86,52.08,612
2025-03-21 15:01:00,51.965,52.08,51.965,52.04,3085
2025-03-21 15:02:00,51.965,51.98,51.91,51.98,723
2025-03-21 15:03:00,51.98,52.0,51.925,52.0,1209
2025-03-21 15:04:00,52.0,52.0,52.0,52.0,2251
2025-03-21 15:05:00,51.98,51.98,51.98,51.98,717
2025-03-21 15:07:00,52.0,52.0,52.0,52.0,506
2025-03-21 15:08:00,52.0,52.0,51.995,52.0,625
2025-03-21 15:09:00,51.97,51.97,51.94,51.955,2103
2025-03-21 15:10:00,51.99,52.0,51.965,51.965,2318
2025-03-21 15:11:00,51.95,51.95,51.95,51.95,430
2025-03-21 15:12:00,51.96,51.965,51.79,51.83,2824
2025-03-21 15:13:00,51.825,51.825,51.825,51.825,652
2025-03-21 15:14:00,51.79,51.79,51.79,51.79,832
2025-03-21 15:15:00,51.8,51.84,51.8,51.84,691
2025-03-21 15:16:00,51.85,51.85,51.81,51.81,1152
2025-03-21 15:17:00,51.8,51.8,51.8,51.8,382
2025-03-21 15:18:00,51.78,51.78,51.78,51.78,968
2025-03-21 15:19:00,51.81,51.81,51.78,51.78,897
2025-03-21 15:20:00,51.77,51.77,51.63,51.63,2933
2025-03-21 15:21:00,51.65,51.66,51.63,51.63,792
2025-03-21 15:22:00,51.68,51.77,51.67,51.67,585
2025-03-21 15:23:00,51.65,51.65,51.65,51.65,113
2025-03-21 15:24:00,51.64,51.64,51.64,51.64,149
2025-03-21 15:27:00,51.65,51.67,51.63,51.66,1509
2025-03-21 15:28:00,51.645,51.68,51.645,51.68,2805
2025-03-21 15:30:00,51.675,51.675,51.675,51.675,266
2025-03-21 15:32:00,51.69,51.69,51.69,51.69,433
2025-03-21 15:33:00,51.68,51.7,51.65,51.67,3487
2025-03-21 15:34:00,51.67,51.67,51.543,51.57,3119
2025-03-21 15:36:00,51.55,51.55,51.55,51.55,251
2025-03-21 15:37:00,51.555,51.58,51.545,51.57,2988
2025-03-21 15:38:00,51.64,51.64,51.57,51.58,711
2025-03-21 15:39:00,51.6,51.66,51.6,51.66,1950
2025-03-21 15:41:00,51.59,51.61,51.58,51.595,2612
2025-03-21 15:42:00,51.58,51.58,51.57,51.57,325
2025-03-21 15:43:00,51.58,51.58,51.55,51.57,931
2025-03-21 15:45:00,51.58,51.595,51.44,51.47,19985
2025-03-21 15:46:00,51.41,51.53,51.41,51.42,3725
2025-03-21 15:47:00,51.52,51.52,51.52,51.52,206
2025-03-21 15:48:00,51.52,51.52,51.52,51.52,562
2025-03-21 15:49:00,51.47,51.53,51.47,51.53,1965
2025-03-21 15:50:00,51.495,51.53,51.495,51.53,363
2025-03-21 15:51:00,51.53,51.54,51.53,51.535,2225
2025-03-21 15:52:00,51.58,51.58,51.55,51.58,1749
2025-03-21 15:53:00,51.58,51.58,51.37,51.44,21949
2025-03-21 15:56:00,51.395,51.395,51.36,51.36,417
2025-03-21 15:57:00,51.35,51.39,51.35,51.39,341
2025-03-21 15:59:00,51.34,51.34,51.32,51.32,707
2025-03-21 16:00:00,51.3,51.3,51.3,51.3,139
2025-03-21 16:01:00,51.325,51.37,51.3,51.345,5537
2025-03-21 16:04:00,51.38,51.38,51.38,51.38,434
2025-03-21 16:05:00,51.345,51.345,51.345,51.345,247
2025-03-21 16:06:00,51.345,51.38,51.345,51.345,561
2025-03-21 16:07:00,51.35,51.35,51.35,51.35,453
2025-03-21 16:08:00,51.41,51.44,51.395,51.4,4480
2025-03-21 16:09:00,51.43,51.43,51.43,51.43,658
2025-03-21 16:11:00,51.43,51.43,51.43,51.43,257
2025-03-21 16:12:00,51.43,51.435,51.43,51.435,1281
2025-03-21 16:13:00,51.41,51.41,51.3,51.32,3894
2025-03-21 16:14:00,51.35,51.35,51.35,51.35,557
2025-03-21 16:15:00,51.3,51.36,51.26,51.36,3438
2025-03-21 16:17:00,51.33,51.33,51.33,51.33,360
2025-03-21 16:18:00,51.33,51.42,51.33,51.42,3541
2025-03-21 16:19:00,51.435,51.55,51.43,51.55,11115
2025-03-21 16:20:00,51.55,51.555,51.43,51.52,16446
2025-03-21 16:21:00,51.49,51.64,51.46,51.64,9919
2025-03-21 16:22:00,51.66,51.67,51.625,51.625,1150
2025-03-21 16:23:00,51.7,51.88,51.7,51.88,3323
2025-03-21 16:26:00,51.785,51.785,51.785,51.785,218
2025-03-21 16:27:00,51.785,51.83,51.71,51.83,943
2025-03-21 16:28:00,51.785,51.785,51.785,51.785,993
2025-03-21 16:30:00,51.7,51.7,51.7,51.7,430
2025-03-21 16:31:00,51.67,51.785,51.67,51.785,460
2025-03-21 16:33:00,51.78,51.84,51.78,51.84,6193
2025-03-21 16:34:00,51.785,51.79,51.67,51.75,8557
2025-03-21 16:35:00,51.7681,51.78,51.7681,51.78,612
2025-03-21 16:37:00,51.795,51.8988,51.795,51.84,4247
2025-03-21 16:38:00,51.83,51.83,51.83,51.83,336
2025-03-21 16:39:00,51.84,51.84,51.84,51.84,640
2025-03-21 16:40:00,51.84,51.84,51.84,51.84,228
2025-03-21 16:41:00,51.835,51.835,51.835,51.835,423
2025-03-21 16:42:00,51.82,51.835,51.78,51.78,981
2025-03-21 16:44:00,51.835,51.835,51.835,51.835,474
2025-03-21 16:45:00,51.85,51.97,51.85,51.945,22613
2025-03-21 16:46:00,51.95,51.95,51.87,51.92,22267
2025-03-21 16:47:00,51.915,51.915,51.91,51.91,392
2025-03-21 16:48:00,51.86,51.89,51.78,51.82,4649
2025-03-21 16:49:00,51.85,51.87,51.85,51.87,1745
2025-03-21 16:50:00,51.89,51.9,51.865,51.865,922
2025-03-21 16:51:00,51.83,51.86,51.81,51.81,1347
2025-03-21 16:54:00,51.845,51.845,51.78,51.795,2696
2025-03-21 16:55:00,51.795,51.81,51.625,51.625,18112
2025-03-21 16:56:00,51.625,51.625,51.605,51.605,521
2025-03-21 16:57:00,51.6,51.6,51.57,51.6,1330
2025-03-21 16:58:00,51.6,51.6,51.6,51.6,855
2025-03-21 16:59:00,51.6,51.6,51.6,51.6,675
2025-03-21 17:00:00,51.625,51.68,51.58,51.625,2863
2025-03-21 17:01:00,51.58,51.59,51.535,51.57,8046
2025-03-21 17:02:00,51.56,51.57,51.53,51.53,703
2025-03-21 17:03:00,51.52,51.57,51.52,51.57,1994
2025-03-21 17:04:00,51.57,51.57,51.57,51.57,262
2025-03-21 17:05:00,51.59,51.59,51.4,51.5,7656
2025-03-21 17:06:00,51.485,51.58,51.485,51.58,1713
2025-03-21 17:12:00,51.64,51.64,51.64,51.64,251
2025-03-21 17:13:00,51.63,51.63,51.605,51.605,974
2025-03-21 17:14:00,51.65,51.65,51.61,51.61,1183
2025-03-21 17:15:00,51.605,51.62,51.57,51.58,1881
2025-03-21 17:16:00,51.57,51.595,51.5,51.51,5630
2025-03-21 17:19:00,51.549,51.549,51.549,51.549,316
2025-03-21 17:20:00,51.495,51.495,51.495,51.495,354
2025-03-21 17:21:00,51.53,51.565,51.53,51.56,6757
2025-03-21 17:22:00,51.56,51.56,51.55,51.56,2597
2025-03-21 17:23:00,51.56,51.56,51.56,51.56,278
2025-03-21 17:24:00,51.56,51.56,51.56,51.56,450
2025-03-21 17:25:00,51.53,51.58,51.53,51.55,549
2025-03-21 17:26:00,51.55,51.55,51.55,51.55,1064
2025-03-21 17:27:00,51.49,51.58,51.49,51.562,744
2025-03-21 17:28:00,51.57,51.58,51.55,51.58,3703
2025-03-21 17:29:00,51.58,51.58,51.575,51.575,993
2025-03-21 17:30:00,51.575,51.575,51.565,51.565,411
2025-03-21 17:31:00,51.56,51.73,51.56,51.72,7459
2025-03-21 17:32:00,51.76,51.765,51.7,51.7,2263
2025-03-21 17:33:00,51.705,51.705,51.69,51.69,1621
2025-03-21 17:34:00,51.7,51.71,51.7,51.71,1227
2025-03-21 17:35:00,51.72,51.79,51.72,51.75,1964
2025-03-21 17:36:00,51.77,51.77,51.77,51.77,497
2025-03-21 17:37:00,51.755,51.755,51.755,51.755,182
2025-03-21 17:38:00,51.79,51.85,51.79,51.82,3385
2025-03-21 17:39:00,51.79,51.79,51.73,51.73,3209
2025-03-21 17:43:00,51.71,51.71,51.71,51.71,211
2025-03-21 17:45:00,51.71,51.71,51.71,51.71,135
2025-03-21 17:46:00,51.71,51.77,51.71,51.77,512
2025-03-21 17:47:00,51.78,51.78,51.78,51.78,466
2025-03-21 17:48:00,51.71,51.78,51.71,51.78,360
2025-03-21 17:49:00,51.78,51.78,51.76,51.78,2465
2025-03-21 17:50:00,51.78,51.78,51.78,51.78,860
2025-03-21 17:51:00,51.78,51.78,51.71,51.77,1789
2025-03-21 17:52:00,51.77,51.82,51.77,51.82,378
2025-03-21 17:53:00,51.775,51.775,51.775,51.775,451
2025-03-21 17:54:00,51.775,51.775,51.67,51.67,4313
2025-03-21 17:55:00,51.67,51.67,51.67,51.67,371
2025-03-21 17:56:00,51.69,51.69,51.69,51.69,674
2025-03-21 17:57:00,51.675,51.675,51.67,51.67,374
2025-03-21 17:58:00,51.67,51.68,51.67,51.68,958
2025-03-21 17:59:00,51.69,51.705,51.59,51.59,6371
2025-03-21 18:02:00,51.6,51.6,51.6,51.6,378
2025-03-21 18:03:00,51.59,51.605,51.59,51.605,444
2025-03-21 18:05:00,51.56,51.56,51.56,51.56,249
2025-03-21 18:06:00,51.59,51.61,51.59,51.61,978
2025-03-21 18:08:00,51.6,51.6,51.6,51.6,170
2025-03-21 18:09:00,51.61,51.61,51.56,51.56,4644
2025-03-21 18:12:00,51.53,51.58,51.53,51.58,271
2025-03-21 18:13:00,51.585,51.585,51.53,51.56,1077
2025-03-21 18:14:00,51.575,51.575,51.575,51.575,811
2025-03-21 18:15:00,51.53,51.56,51.53,51.53,560
2025-03-21 18:16:00,51.5675,51.6,51.545,51.595,2610
2025-03-21 18:18:00,51.5352,51.5352,51.5352,51.5352,251
2025-03-21 18:19:00,51.58,51.58,51.58,51.58,634
2025-03-21 18:20:00,51.58,51.58,51.58,51.58,296
2025-03-21 18:21:00,51.575,51.575,51.56,51.56,1111
2025-03-21 18:22:00,51.56,51.6,51.54,51.6,634
2025-03-21 18:23:00,51.56,51.59,51.56,51.59,496
2025-03-21 18:24:00,51.56,51.56,51.53,51.56,2279
2025-03-21 18:25:00,51.56,51.56,51.51,51.51,3487
2025-03-21 18:27:00,51.51,51.53,51.51,51.53,878
2025-03-21 18:28:00,51.51,51.51,51.45,51.45,2239
2025-03-21 18:29:00,51.47,51.47,51.44,51.44,665
2025-03-21 18:31:00,51.45,51.51,51.45,51.45,795
2025-03-21 18:32:00,51.5,51.54,51.5,51.51,5080
2025-03-21 18:33:00,51.51,51.52,51.48,51.51,1911
2025-03-21 18:34:00,51.51,51.51,51.51,51.51,722
2025-03-21 18:35:00,51.51,51.51,51.51,51.51,1338
2025-03-21 18:36:00,51.51,51.51,51.48,51.51,986
2025-03-21 18:37:00,51.51,51.51,51.51,51.51,893
2025-03-21 18:38:00,51.51,51.51,51.48,51.51,633
2025-03-21 18:39:00,51.51,51.745,51.51,51.745,10908
2025-03-21 18:40:00,51.76,51.765,51.72,51.75,3101
2025-03-21 18:41:00,51.73,51.75,51.68,51.715,4639
2025-03-21 18:42:00,51.645,51.645,51.645,51.645,239
2025-03-21 18:43:00,51.645,51.645,51.645,51.645,832
2025-03-21 18:44:00,51.645,51.645,51.645,51.645,339
2025-03-21 18:45:00,51.645,51.69,51.645,51.69,304
2025-03-21 18:46:00,51.645,51.71,51.645,51.71,921
2025-03-21 18:47:00,51.645,51.69,51.6,51.6,697
2025-03-21 18:48:00,51.645,51.71,51.525,51.525,2734
2025-03-21 18:49:00,51.535,51.535,51.535,51.535,762
2025-03-21 18:53:00,51.62,51.65,51.56,51.645,1485
2025-03-21 18:54:00,51.65,51.65,51.58,51.58,1402
2025-03-21 18:55:00,51.64,51.64,51.59,51.59,1074
2025-03-21 18:56:00,51.61,51.61,51.61,51.61,704
2025-03-21 18:57:00,51.65,51.65,51.64,51.65,2442
2025-03-21 18:58:00,51.65,51.65,51.65,51.65,336
2025-03-21 18:59:00,51.65,51.74,51.62,51.72,5391
2025-03-21 19:00:00,51.73,51.73,51.69,51.69,2307
2025-03-21 19:01:00,51.71,51.85,51.71,51.84,3839
2025-03-21 19:02:00,51.81,51.81,51.73,51.73,2171
2025-03-21 19:03:00,51.7,51.7,51.7,51.7,195
2025-03-21 19:04:00,51.7,51.7,51.7,51.7,198
2025-03-21 19:05:00,51.61,51.61,51.61,51.61,442
2025-03-21 19:06:00,51.78,51.78,51.65,51.66,2604
2025-03-21 19:07:00,51.725,51.8,51.725,51.755,2541
2025-03-21 19:08:00,51.755,51.82,51.755,51.82,4072
2025-03-21 19:09:00,51.83,51.84,51.83,51.84,684
2025-03-21 19:10:00,51.815,51.84,51.815,51.84,986
2025-03-21 19:11:00,51.84,51.91,51.8,51.91,8056
2025-03-21 19:12:00,51.95,52.045,51.95,52.03,7788
2025-03-21 19:13:00,51.98,51.98,51.98,51.98,870
2025-03-21 19:14:00,52.001,52.001,52.001,52.001,285
2025-03-21 19:15:00,51.965,52.01,51.965,52.01,3270
2025-03-21 19:16:00,52.02,52.04,51.98,51.98,7659
2025-03-21 19:18:00,52.0,52.07,52.0,52.06,6101
2025-03-21 19:19:00,52.1,52.135,52.07,52.11,6260
2025-03-21 19:20:00,52.13,52.15,51.965,52.045,13831
2025-03-21 19:21:00,51.95,52.01,51.95,52.01,1201
2025-03-21 19:22:00,52.02,52.02,52.02,52.02,190
2025-03-21 19:23:00,51.99,52.11,51.99,52.11,4384
2025-03-21 19:24:00,52.11,52.11,52.07,52.08,4068
2025-03-21 19:25:00,52.08,52.08,51.96,51.96,4959
2025-03-21 19:27:00,51.895,51.94,51.895,51.94,1083
2025-03-21 19:28:00,51.9,51.91,51.895,51.895,3120
2025-03-21 19:29:00,51.895,51.91,51.89,51.89,932
2025-03-21 19:30:00,51.89,51.89,51.745,51.745,4329
2025-03-21 19:31:00,51.77,51.8,51.72,51.775,10218
2025-03-21 19:32:00,51.8,51.8,51.67,51.67,1738
2025-03-21 19:33:00,51.67,51.77,51.645,51.76,4684
2025-03-21 19:34:00,51.765,51.79,51.765,51.79,1056
2025-03-21 19:35:00,51.79,51.8,51.765,51.79,4005
2025-03-21 19:36:00,51.8,51.8,51.77,51.8,685
2025-03-21 19:37:00,51.78,51.81,51.77,51.77,8421
2025-03-21 19:38:00,51.77,51.775,51.77,51.77,1627
2025-03-21 19:39:00,51.77,51.77,51.59,51.63,12735
2025-03-21 19:40:00,51.63,51.67,51.62,51.66,4828
2025-03-21 19:41:00,51.645,51.71,51.6425,51.71,5162
2025-03-21 19:42:00,51.7,51.76,51.7,51.75,2340
2025-03-21 19:43:00,51.78,51.81,51.78,51.785,4311
2025-03-21 19:44:00,51.81,51.86,51.79,51.86,11035
2025-03-21 19:45:00,51.83,51.84,51.75,51.75,8030
2025-03-21 19:46:00,51.775,51.82,51.775,51.82,2313
2025-03-21 19:47:00,51.82,51.82,51.67,51.67,3554
2025-03-21 19:48:00,51.745,51.88,51.745,51.87,7398
2025-03-21 19:49:00,51.92,51.92,51.83,51.87,2555
2025-03-21 19:50:00,51.87,51.87,51.69,51.69,11633
2025-03-21 19:51:00,51.7,51.76,51.7,51.76,9241
2025-03-21 19:52:00,51.76,51.76,51.71,51.735,8725
2025-03-21 19:53:00,51.72,51.75,51.7,51.7,8143
2025-03-21 19:54:00,51.73,51.84,51.72,51.835,11336
2025-03-21 19:55:00,51.84,51.9,51.8,51.87,18117
2025-03-21 19:56:00,51.88,51.96,51.83,51.85,26301
2025-03-21 19:57:00,51.87,51.91,51.87,51.89,12074
2025-03-21 19:58:00,51.91,51.91,51.86,51.86,15302
2025-03-21 19:59:00,51.87,52.1,51.84,52.02,35288
2025-03-24 12:00:00,52.4684,52.4684,52.4684,52.4684,546060
2025-03-24 12:16:00,52.05,52.05,52.05,52.05,152
2025-03-24 12:27:00,52.3456,52.3456,52.3456,52.3456,147
2025-03-24 13:00:00,52.14,52.14,52.14,52.14,308
2025-03-24 13:14:00,52.13,52.13,52.01,52.01,1101
2025-03-24 13:15:00,52.0,52.0,52.0,52.0,1105
2025-03-24 13:30:00,51.2,51.89,51.2,51.83,10062
2025-03-24 13:31:00,51.97,51.97,51.97,51.97,242
2025-03-24 13:32:00,51.97,51.97,51.95,51.95,672
2025-03-24 13:33:00,51.96,51.96,51.96,51.96,230
2025-03-24 13:35:00,51.91,51.91,51.91,51.91,920
2025-03-24 13:36:00,52.01,52.08,51.96,52.08,1848
2025-03-24 13:37:00,52.05,52.05,52.05,52.05,409
2025-03-24 13:39:00,52.17,52.17,52.17,52.17,121
2025-03-24 13:42:00,52.18,52.27,52.175,52.27,1587
2025-03-24 13:43:00,52.17,52.17,52.17,52.17,112
2025-03-24 13:45:00,52.17,52.17,52.03,52.06,1447
2025-03-24 13:49:00,52.035,52.035,52.035,52.035,117
2025-03-24 13:52:00,51.88,51.88,51.88,51.88,104
2025-03-24 13:53:00,52.055,52.125,52.055,52.125,316
2025-03-24 13:56:00,52.2,52.2,52.2,52.2,141
2025-03-24 13:57:00,52.125,52.125,52.125,52.125,221
2025-03-24 13:58:00,52.0,52.0,51.725,51.725,4179
2025-03-24 13:59:00,51.735,51.735,51.735,51.735,1096
2025-03-24 14:00:00,51.79,51.845,51.765,51.8,1366
2025-03-24 14:03:00,51.74,51.765,51.71,51.765,1601
2025-03-24 14:04:00,51.72,51.72,51.71,51.72,397
2025-03-24 14:06:00,51.79,51.865,51.77,51.865,1764
2025-03-24 14:07:00,51.92,51.92,51.92,51.92,154
2025-03-24 14:08:00,51.855,51.855,51.855,51.855,164
2025-03-24 14:09:00,51.92,51.92,51.88,51.88,345
2025-03-24 14:10:00,51.95,51.97,51.95,51.97,532
2025-03-24 14:11:00,51.945,51.945,51.945,51.945,147
2025-03-24 14:14:00,52.029,52.029,51.935,52.02,648
2025-03-24 14:16:00,51.935,51.935,51.935,51.935,110
2025-03-24 14:17:00,52.06,52.06,52.05,52.05,404
2025-03-24 14:18:00,51.975,51.975,51.96,51.96,469
2025-03-24 14:19:00,52.0286,52.0286,52.0286,52.0286,213
2025-03-24 14:21:00,52.01,52.04,51.97,51.97,665
2025-03-24 14:22:00,51.97,51.97,51.97,51.97,417
2025-03-24 14:23:00,51.97,51.97,51.97,51.97,314
2025-03-24 14:24:00,51.97,51.97,51.97,51.97,324
2025-03-24 14:25:00,52.01,52.01,51.91,51.91,3363
2025-03-24 14:26:00,51.95,51.95,51.95,51.95,534
2025-03-24 14:27:00,52.03,52.03,52.02,52.02,232
2025-03-24 14:28:00,51.88,51.95,51.88,51.95,495
2025-03-24 14:29:00,51.94,51.94,51.94,51.94,474
2025-03-24 14:30:00,51.94,51.955,51.92,51.955,1115
2025-03-24 14:31:00,51.96,51.96,51.91,51.91,300
2025-03-24 14:33:00,51.955,51.955,51.955,51.955,245
2025-03-24 14:34:00,51.955,51.955,51.88,51.905,1708
2025-03-24 14:35:00,51.905,51.905,51.905,51.905,564
2025-03-24 14:36:00,51.965,51.965,51.965,51.965,316
2025-03-24 14:37:00,52.05,52.05,51.95,51.95,607
2025-03-24 14:39:00,51.99,52.01,51.99,52.01,338
2025-03-24 14:40:00,52.02,52.06,52.02,52.06,746
2025-03-24 14:41:00,52.06,52.12,51.99,52.12,1211
2025-03-24 14:42:00,52.135,52.135,52.135,52.135,184
2025-03-24 14:43:00,52.155,52.155,52.13,52.13,479
2025-03-24 14:44:00,52.13,52.13,52.03,52.06,1300
2025-03-24 14:46:00,52.05,52.1,52.03,52.1,957
2025-03-24 14:49:00,52.105,52.105,52.05,52.05,262
2025-03-24 14:50:00,52.105,52.105,52.09,52.09,739
2025-03-24 14:51:00,52.105,52.105,52.105,52.105,174
2025-03-24 14:53:00,52.115,52.115,52.115,52.115,314
2025-03-24 14:54:00,52.13,52.13,52.13,52.13,355
2025-03-24 14:55:00,52.13,52.15,52.13,52.15,381
2025-03-24 14:56:00,52.025,52.025,52.025,52.025,128
2025-03-24 14:58:00,52.1815,52.1815,52.08,52.105,889
2025-03-24 15:00:00,52.01,52.02,51.98,51.98,3286
2025-03-24 15:02:00,52.0,52.0,52.0,52.0,117
2025-03-24 15:03:00,52.04,52.06,52.03,52.03,2060
2025-03-24 15:07:00,51.88,51.88,51.88,51.88,134
2025-03-24 15:09:00,52.055,52.11,52.03,52.055,1733
2025-03-24 15:11:00,52.06,52.16,52.06,52.15,1263
2025-03-24 15:13:00,52.06,52.06,52.06,52.06,250
2025-03-24 15:15:00,51.99,52.03,51.875,52.03,4052
2025-03-24 15:16:00,52.035,52.035,52.035,52.035,499
2025-03-24 15:17:00,52.035,52.035,52.01,52.01,1418
2025-03-24 15:19:00,52.04,52.045,51.99,52.0,4205
2025-03-24 15:20:00,52.04,52.04,51.89,51.89,5000
2025-03-24 15:24:00,51.975,51.975,51.91,51.975,483
2025-03-24 15:25:00,51.91,51.92,51.84,51.885,7747
2025-03-24 15:26:00,51.885,51.885,51.885,51.885,474
2025-03-24 15:27:00,51.885,51.885,51.885,51.885,242
2025-03-24 15:28:00,51.885,51.885,51.885,51.885,205
2025-03-24 15:29:00,51.885,51.885,51.845,51.8825,577
2025-03-24 15:30:00,51.885,51.93,51.885,51.89,2531
2025-03-24 15:31:00,51.935,51.935,51.935,51.935,415
2025-03-24 15:33:00,51.92,51.93,51.92,51.93,725
2025-03-24 15:34:00,51.94,51.94,51.92,51.92,2242
2025-03-24 15:35:00,51.95,51.99,51.95,51.96,599
2025-03-24 15:37:00,51.99,51.995,51.91,51.91,840
2025-03-24 15:38:00,51.97,51.99,51.97,51.99,261
2025-03-24 15:39:00,51.93,52.005,51.93,52.005,568
2025-03-24 15:41:00,52.005,52.005,51.98,51.98,9187
2025-03-24 15:42:00,51.97,51.975,51.97,51.975,424
2025-03-24 15:43:00,51.93,51.93,51.93,51.93,343
2025-03-24 15:45:00,51.95,51.975,51.95,51.975,233
2025-03-24 15:46:00,51.92,51.945,51.9,51.945,2055
2025-03-24 15:47:00,51.93,51.93,51.93,51.93,891
2025-03-24 15:48:00,51.935,51.935,51.885,51.9,878
2025-03-24 15:49:00,51.9,51.9,51.885,51.885,224
2025-03-24 15:50:00,51.9,51.91,51.885,51.885,1933
2025-03-24 15:51:00,51.92,51.92,51.9,51.9,1316
2025-03-24 15:52:00,51.92,51.983,51.92,51.983,907
2025-03-24 15:53:00,51.96,51.985,51.96,51.985,803
2025-03-24 15:55:00,52.05,52.05,52.05,52.05,562
2025-03-24 15:56:00,52.04,52.05,52.02,52.025,809
2025-03-24 15:57:00,52.01,52.05,52.01,52.04,2154
2025-03-24 15:58:00,52.02,52.03,52.02,52.02,434
2025-03-24 15:59:00,52.06,52.1,52.06,52.1,329
2025-03-24 16:06:00,52.06,52.06,52.06,52.06,254
2025-03-24 16:07:00,52.09,52.11,52.09,52.11,1331
2025-03-24 16:10:00,52.11,52.11,52.11,52.11,508
2025-03-24 16:11:00,52.115,52.115,52.115,52.115,604
2025-03-24 16:13:00,52.05,52.1,52.05,52.1,277
2025-03-24 16:14:00,52.115,52.115,52.115,52.115,325
2025-03-24 16:17:00,52.05,52.06,52.05,52.06,435
2025-03-24 16:23:00,52.08,52.08,52.08,52.08,281
2025-03-24 16:24:00,52.08,52.09,52.0554,52.0554,986
2025-03-24 16:25:00,52.075,52.1,52.05,52.05,1902
2025-03-24 16:29:00,52.01,52.01,51.995,51.995,1571
2025-03-24 16:32:00,51.93,51.93,51.93,51.93,215
2025-03-24 16:33:00,51.93,51.93,51.93,51.93,143
2025-03-24 16:34:00,52.0,52.0,52.0,52.0,312
2025-03-24 16:35:00,52.0,52.0,52.0,52.0,184
2025-03-24 16:36:00,51.99,52.0,51.99,52.0,201
2025-03-24 16:37:00,51.99,51.99,51.99,51.99,166
2025-03-24 16:38:00,51.97,51.99,51.97,51.99,265
2025-03-24 16:39:00,51.99,52.039,51.97,51.99,3449
2025-03-24 16:40:00,52.01,52.01,52.01,52.01,310
2025-03-24 16:41:00,51.97,51.99,51.97,51.99,631
2025-03-24 16:42:00,51.95,51.95,51.9,51.92,5474
2025-03-24 16:43:00,51.97,51.98,51.95,51.96,1740
2025-03-24 16:44:00,51.97,52.0,51.97,52.0,759
2025-03-24 16:46:00,52.01,52.01,52.01,52.01,987
2025-03-24 16:47:00,52.01,52.01,52.01,52.01,202
2025-03-24 16:48:00,51.97,51.97,51.97,51.97,163
2025-03-24 16:49:00,52.005,52.005,52.0,52.0,393
2025-03-24 16:50:00,52.005,52.0219,52.005,52.0219,1848
2025-03-24 16:52:00,52.05,52.07,52.04,52.06,1812
2025-03-24 16:53:00,52.08,52.08,52.08,52.08,520
2025-03-24 16:57:00,52.05,52.05,52.05,52.05,381
2025-03-24 16:58:00,52.035,52.035,52.035,52.035,386
2025-03-24 16:59:00,52.035,52.04,52.03,52.03,829
2025-03-24 17:00:00,52.01,52.015,52.01,52.015,2192
2025-03-24 17:02:00,51.99,51.99,51.97,51.98,1073
2025-03-24 17:03:00,51.97,51.98,51.97,51.98,2041
2025-03-24 17:04:00,51.98,52.01,51.94,51.94,6970
2025-03-24 17:06:00,51.94,51.94,51.94,51.94,449
2025-03-24 17:08:00,51.93,51.93,51.93,51.93,105
2025-03-24 17:10:00,51.93,51.95,51.93,51.95,968
2025-03-24 17:12:00,51.92,51.92,51.89,51.89,4048
2025-03-24 17:13:00,51.89,51.89,51.89,51.89,553
2025-03-24 17:14:00,51.89,51.89,51.89,51.89,257
2025-03-24 17:15:00,51.895,51.895,51.895,51.895,301
2025-03-24 17:16:00,51.895,51.895,51.895,51.895,283
2025-03-24 17:17:00,51.895,51.9,51.895,51.9,294
2025-03-24 17:18:00,51.895,51.895,51.895,51.895,175
2025-03-24 17:19:00,51.905,51.905,51.905,51.905,939
2025-03-24 17:20:00,51.905,51.905,51.79,51.79,2697
2025-03-24 17:21:00,51.785,51.86,51.785,51.835,2138
2025-03-24 17:22:00,51.815,51.815,51.815,51.815,874
2025-03-24 17:26:00,51.84,51.85,51.805,51.825,2513
2025-03-24 17:27:00,51.82,51.87,51.82,51.8425,749
2025-03-24 17:28:00,51.83,51.83,51.83,51.83,126
2025-03-24 17:29:00,51.825,51.88,51.825,51.87,1256
2025-03-24 17:30:00,51.915,51.925,51.91,51.925,784
2025-03-24 17:31:00,51.94,51.94,51.94,51.94,427
2025-03-24 17:32:00,51.945,51.97,51.945,51.97,385
2025-03-24 17:33:00,51.93,51.96,51.93,51.96,1471
2025-03-24 17:35:00,51.96,51.96,51.96,51.96,479
2025-03-24 17:36:00,51.96,51.98,51.96,51.96,510
2025-03-24 17:37:00,51.99,51.99,51.99,51.99,596
2025-03-24 17:38:00,51.975,51.99,51.975,51.99,696
2025-03-24 17:39:00,51.97,52.0,51.96,51.99,906
2025-03-24 17:40:00,51.99,52.0,51.98,51.99,2141
2025-03-24 17:41:00,52.0,52.0,51.99,51.99,733
2025-03-24 17:42:00,51.99,51.99,51.93,51.94,3684
2025-03-24 17:43:00,51.92,51.92,51.91,51.91,754
2025-03-24 17:47:00,51.93,51.93,51.92,51.92,580
2025-03-24 17:48:00,51.935,51.97,51.93,51.94,2053
2025-03-24 17:49:00,51.97,51.97,51.97,51.97,421
2025-03-24 17:50:00,51.97,51.97,51.97,51.97,229
2025-03-24 17:51:00,51.97,51.97,51.97,51.97,195
2025-03-24 17:52:00,52.01,52.01,52.01,52.01,1144
2025-03-24 17:55:00,52.005,52.03,52.005,52.03,1666
2025-03-24 17:56:00,51.98,51.985,51.96,51.985,804
2025-03-24 17:57:00,51.95,51.95,51.94,51.95,863
2025-03-24 17:58:00,51.94,51.95,51.94,51.95,451
2025-03-24 17:59:00,51.93,51.93,51.91,51.925,932
2025-03-24 18:00:00,51.925,51.925,51.925,51.925,402
2025-03-24 18:01:00,51.9,51.9,51.9,51.9,804
2025-03-24 18:04:00,51.845,51.845,51.845,51.845,427
2025-03-24 18:05:00,51.875,51.875,51.865,51.865,611
2025-03-24 18:07:00,51.86,51.86,51.86,51.86,204
2025-03-24 18:10:00,51.87,51.88,51.82,51.83,3119
2025-03-24 18:14:00,51.82,51.82,51.82,51.82,689
2025-03-24 18:15:00,51.79,51.79,51.79,51.79,1176
2025-03-24 18:16:00,51.785,51.8193,51.785,51.8193,1193
2025-03-24 18:18:00,51.76,51.76,51.76,51.76,293
2025-03-24 18:19:00,51.75,51.75,51.75,51.75,325
2025-03-24 18:21:00,51.79,51.79,51.79,51.79,304
2025-03-24 18:23:00,51.78,51.79,51.76,51.79,729
2025-03-24 18:24:00,51.78,51.81,51.77,51.77,2602
2025-03-24 18:25:00,51.75,51.75,51.75,51.75,1986
2025-03-24 18:26:00,51.7475,51.78,51.7475,51.7575,1771
2025-03-24 18:27:00,51.775,51.775,51.775,51.775,344
2025-03-24 18:29:00,51.8,51.81,51.76,51.81,3392
2025-03-24 18:30:00,51.78,51.78,51.78,51.78,205
2025-03-24 18:31:00,51.78,51.78,51.78,51.78,747
2025-03-24 18:32:00,51.77,51.78,51.77,51.78,766
2025-03-24 18:33:00,51.765,51.765,51.765,51.765,634
2025-03-24 18:34:00,51.76,51.76,51.745,51.745,999
2025-03-24 18:35:00,51.74,51.77,51.73,51.77,2970
2025-03-24 18:36:00,51.77,51.85,51.77,51.85,1131
2025-03-24 18:39:00,51.88,51.93,51.88,51.92,967
2025-03-24 18:41:00,51.93,51.93,51.93,51.93,299
2025-03-24 18:42:00,51.93,51.99,51.91,51.975,2682
2025-03-24 18:43:00,52.015,52.015,52.015,52.015,635
2025-03-24 18:44:00,52.03,52.03,52.02,52.02,462
2025-03-24 18:45:00,52.025,52.025,52.025,52.025,356
2025-03-24 18:46:00,51.99,52.015,51.97,52.015,2851
2025-03-24 18:48:00,52.015,52.015,52.015,52.015,375
2025-03-24 18:49:00,51.98,51.985,51.96,51.985,1915
2025-03-24 18:50:00,51.98,51.98,51.98,51.98,313
2025-03-24 18:51:00,51.98,51.98,51.98,51.98,350
2025-03-24 18:52:00,51.99,52.015,51.985,52.015,1190
2025-03-24 18:53:00,52.0,52.02,52.0,52.0,2831
2025-03-24 18:54:00,52.0,52.025,52.0,52.025,2833
2025-03-24 18:55:00,52.0,52.0,52.0,52.0,1103
2025-03-24 18:56:00,52.015,52.015,51.97,51.97,1536
2025-03-24 18:57:00,51.96,51.96,51.92,51.92,499
2025-03-24 18:58:00,51.95,51.95,51.95,51.95,387
2025-03-24 18:59:00,51.9,51.9,51.9,51.9,213
2025-03-24 19:00:00,51.94,51.94,51.91,51.93,1725
2025-03-24 19:01:00,51.9,51.93,51.9,51.93,889
2025-03-24 19:02:00,51.93,51.93,51.93,51.93,920
2025-03-24 19:03:00,51.96,51.96,51.94,51.94,2378
2025-03-24 19:04:00,51.94,51.94,51.94,51.94,407
2025-03-24 19:05:00,51.91,51.97,51.91,51.96,2092
2025-03-24 19:06:00,51.98,51.98,51.95,51.97,1706
2025-03-24 19:07:00,51.98,51.98,51.97,51.97,469
2025-03-24 19:08:00,51.97,51.97,51.97,51.97,313
2025-03-24 19:09:00,51.97,51.97,51.97,51.97,1151
2025-03-24 19:10:00,51.975,51.975,51.975,51.975,517
2025-03-24 19:11:00,51.975,52.02,51.975,52.015,3576
2025-03-24 19:12:00,52.02,52.02,51.97,51.97,1276
2025-03-24 19:13:00,51.9825,52.02,51.915,51.915,13734
2025-03-24 19:14:00,51.925,51.95,51.91,51.92,5881
2025-03-24 19:15:00,51.95,51.96,51.925,51.945,3224
2025-03-24 19:16:00,51.955,51.955,51.955,51.955,462
2025-03-24 19:17:00,51.955,51.96,51.915,51.915,3627
2025-03-24 19:18:00,51.915,51.94,51.915,51.93,611
2025-03-24 19:19:00,51.925,51.9495,51.9037,51.9037,1992
2025-03-24 19:21:00,51.925,51.94,51.925,51.94,861
2025-03-24 19:23:00,51.925,51.925,51.925,51.925,528
2025-03-24 19:24:00,51.92,51.94,51.92,51.925,1326
2025-03-24 19:25:00,51.9,51.925,51.9,51.925,1356
2025-03-24 19:26:00,51.925,51.93,51.9,51.91,2717
2025-03-24 19:27:00,51.91,51.91,51.91,51.91,1679
2025-03-24 19:28:00,51.92,51.95,51.92,51.945,2860
2025-03-24 19:29:00,51.96,51.97,51.94,51.94,7555
2025-03-24 19:30:00,51.95,51.96,51.945,51.95,3163
2025-03-24 19:31:00,51.965,51.97,51.96,51.97,4380
2025-03-24 19:32:00,51.97,51.97,51.97,51.97,939
2025-03-24 19:33:00,51.98,51.9825,51.97,51.975,2600
2025-03-24 19:34:00,51.98,51.99,51.975,51.98,3530
2025-03-24 19:35:00,51.98,51.9925,51.98,51.9925,1720
2025-03-24 19:36:00,51.985,51.9925,51.97,51.97,1754
2025-03-24 19:37:00,51.985,52.0,51.95,51.965,10443
2025-03-24 19:38:00,51.96,51.965,51.96,51.965,1539
2025-03-24 19:39:00,51.965,51.965,51.965,51.965,415
2025-03-24 19:40:00,51.95,51.965,51.95,51.96,2397
2025-03-24 19:41:00,51.96,51.96,51.94,51.94,3352
2025-03-24 19:42:00,51.96,51.96,51.96,51.96,1903
2025-03-24 19:43:00,51.95,51.98,51.95,51.97,5812
2025-03-24 19:44:00,51.97,51.97,51.96,51.97,2989
2025-03-24 19:45:00,51.97,51.97,51.97,51.97,4492
2025-03-24 19:46:00,51.97,52.04,51.97,52.04,13882
2025-03-24 19:47:00,52.065,52.09,52.04,52.055,4669
2025-03-24 19:48:00,52.055,52.12,52.055,52.08,5395
2025-03-24 19:49:00,52.1,52.11,52.09,52.11,2395
2025-03-24 19:50:00,52.11,52.11,52.045,52.05,6911
2025-03-24 19:51:00,52.03,52.17,52.03,52.17,4550
2025-03-24 19:52:00,52.14,52.14,52.09,52.13,4988
2025-03-24 19:53:00,52.11,52.12,52.11,52.11,1476
2025-03-24 19:54:00,52.09,52.09,52.07,52.09,3600
2025-03-24 19:55:00,52.05,52.07,51.97,51.975,12909
2025-03-24 19:56:00,52.0,52.055,51.98,52.01,9793
2025-03-24 19:57:00,52.01,52.03,51.99,52.005,6492
2025-03-24 19:58:00,52.005,52.075,52.0,52.05,10360
2025-03-24 19:59:00,52.05,52.105,52.03,52.03,13320
2025-03-24 20:00:00,51.95,51.95,51.51,51.51,1264
2025-03-24 20:30:00,52.04,52.04,52.04,52.04,92000
2025-03-25 13:30:00,51.4,51.52,51.23,51.52,3477
2025-03-25 13:34:00,51.66,51.66,51.66,51.66,300
2025-03-25 13:36:00,51.62,51.66,51.605,51.605,1129
2025-03-25 13:37:00,51.67,51.67,51.67,51.67,110
2025-03-25 13:39:00,51.67,51.67,51.56,51.56,4605
2025-03-25 13:40:00,51.55,51.6,51.48,51.48,1549
2025-03-25 13:41:00,51.48,51.48,51.48,51.48,211
2025-03-25 13:42:00,51.535,51.535,51.535,51.535,569
2025-03-25 13:45:00,51.535,51.535,51.535,51.535,278
2025-03-25 13:46:00,51.54,51.56,51.54,51.56,1035
2025-03-25 13:47:00,51.565,51.64,51.565,51.6,1414
2025-03-25 13:48:00,51.61,51.63,51.54,51.54,4102
2025-03-25 13:49:00,51.515,51.515,51.415,51.43,1117
2025-03-25 13:50:00,51.46,51.51,51.44,51.51,1544
2025-03-25 13:51:00,51.49,51.49,51.48,51.48,429
2025-03-25 13:52:00,51.47,51.47,51.47,51.47,385
2025-03-25 13:53:00,51.45,51.45,51.27,51.29,4847
2025-03-25 13:54:00,51.285,51.285,51.28,51.28,211
2025-03-25 13:56:00,51.3,51.3,51.3,51.3,124
2025-03-25 13:58:00,51.345,51.36,51.345,51.35,1294
2025-03-25 13:59:00,51.35,51.42,51.345,51.355,2382
2025-03-25 14:00:00,51.36,51.36,51.35,51.355,465
2025-03-25 14:01:00,51.36,51.36,51.2,51.2,4219
2025-03-25 14:02:00,51.22,51.3,51.22,51.3,1675
2025-03-25 14:04:00,51.335,51.335,51.335,51.335,102
2025-03-25 14:05:00,51.36,51.36,51.36,51.36,148
2025-03-25 14:06:00,51.38,51.39,51.38,51.39,884
2025-03-25 14:07:00,51.35,51.405,51.34,51.4,815
2025-03-25 14:09:00,51.34,51.39,51.34,51.39,300
2025-03-25 14:10:00,51.42,51.465,51.42,51.45,6949
2025-03-25 14:11:00,51.45,51.46,51.45,51.46,497
2025-03-25 14:12:00,51.45,51.48,51.45,51.46,751
2025-03-25 14:13:00,51.46,51.48,51.46,51.475,1668
2025-03-25 14:14:00,51.44,51.44,51.39,51.39,1395
2025-03-25 14:17:00,51.38,51.38,51.36,51.36,523
2025-03-25 14:18:00,51.35,51.35,51.35,51.35,204
2025-03-25 14:19:00,51.36,51.45,51.36,51.45,2184
2025-03-25 14:20:00,51.45,51.45,51.45,51.45,720
2025-03-25 14:22:00,51.445,51.465,51.445,51.45,1009
2025-03-25 14:23:00,51.47,51.52,51.46,51.52,2894
2025-03-25 14:24:00,51.52,51.52,51.52,51.52,341
2025-03-25 14:25:00,51.48,51.48,51.48,51.48,130
2025-03-25 14:26:00,51.52,51.52,51.48,51.48,644
2025-03-25 14:27:00,51.45,51.45,51.45,51.45,1041
2025-03-25 14:28:00,51.47,51.47,51.47,51.47,196
2025-03-25 14:29:00,51.45,51.47,51.45,51.47,443
2025-03-25 14:30:00,51.43,51.47,51.43,51.47,241
2025-03-25 14:31:00,51.47,51.47,51.47,51.47,132
2025-03-25 14:32:00,51.45,51.475,51.45,51.475,302
2025-03-25 14:33:00,51.475,51.475,51.45,51.45,658
2025-03-25 14:35:00,51.475,51.53,51.475,51.49,1963
2025-03-25 14:36:00,51.49,51.525,51.49,51.525,874
2025-03-25 14:37:00,51.52,51.53,51.48,51.48,1931
2025-03-25 14:38:00,51.47,51.47,51.47,51.47,104
2025-03-25 14:39:00,51.47,51.47,51.47,51.47,227
2025-03-25 14:40:00,51.51,51.51,51.51,51.51,202
2025-03-25 14:41:00,51.51,51.54,51.47,51.54,463
2025-03-25 14:42:00,51.47,51.47,51.47,51.47,116
2025-03-25 14:43:00,51.51,51.51,51.51,51.51,100
2025-03-25 14:44:00,51.49,51.53,51.49,51.53,426
2025-03-25 14:45:00,51.51,51.525,51.51,51.525,483
2025-03-25 14:46:00,51.505,51.505,51.505,51.505,117
2025-03-25 14:47:00,51.46,51.505,51.46,51.505,314
2025-03-25 14:48:00,51.505,51.505,51.505,51.505,297
2025-03-25 14:49:00,51.46,51.505,51.46,51.505,295
2025-03-25 14:50:00,51.46,51.505,51.46,51.49,1298
2025-03-25 14:51:00,51.505,51.5075,51.46,51.46,2104
2025-03-25 14:52:00,51.46,51.47,51.445,51.445,1752
2025-03-25 14:53:00,51.42,51.42,51.42,51.42,748
2025-03-25 14:55:00,51.39,51.39,51.38,51.38,383
2025-03-25 14:56:00,51.37,51.37,51.35,51.35,235
2025-03-25 14:57:00,51.395,51.395,51.395,51.395,480
2025-03-25 14:58:00,51.395,51.395,51.34,51.34,1282
2025-03-25 14:59:00,51.35,51.35,51.34,51.34,1074
2025-03-25 15:00:00,51.34,51.39,51.34,51.38,1289
2025-03-25 15:01:00,51.4,51.445,51.395,51.425,3481
2025-03-25 15:05:00,51.39,51.42,51.39,51.395,834
2025-03-25 15:06:00,51.395,51.395,51.395,51.395,1740
2025-03-25 15:07:00,51.4,51.4,51.4,51.4,823
2025-03-25 15:08:00,51.4,51.41,51.4,51.41,446
2025-03-25 15:10:00,51.41,51.45,51.41,51.425,2759
2025-03-25 15:11:00,51.445,51.45,51.42,51.45,1220
2025-03-25 15:12:00,51.47,51.47,51.46,51.465,1056
2025-03-25 15:14:00,51.495,51.495,51.48,51.48,1009
2025-03-25 15:15:00,51.48,51.48,51.48,51.48,376
2025-03-25 15:16:00,51.48,51.505,51.48,51.495,2490
2025-03-25 15:17:00,51.46,51.5,51.46,51.5,366
2025-03-25 15:18:00,51.5,51.54,51.495,51.51,6016
2025-03-25 15:19:00,51.51,51.54,51.51,51.51,973
2025-03-25 15:20:00,51.55,51.63,51.51,51.63,5533
2025-03-25 15:21:00,51.63,51.63,51.63,51.63,213
2025-03-25 15:22:00,51.63,51.63,51.63,51.63,416
2025-03-25 15:24:00,51.63,51.63,51.63,51.63,205
2025-03-25 15:25:00,51.63,51.63,51.63,51.63,331
2025-03-25 15:26:00,51.635,51.635,51.57,51.635,700
2025-03-25 15:27:00,51.635,51.635,51.635,51.635,309
2025-03-25 15:28:00,51.58,51.615,51.57,51.615,1212
2025-03-25 15:29:00,51.615,51.615,51.57,51.57,405
2025-03-25 15:30:00,51.58,51.615,51.57,51.58,1376
2025-03-25 15:31:00,51.615,51.615,51.55,51.55,2600
2025-03-25 15:32:00,51.54,51.54,51.54,51.54,100
2025-03-25 15:33:00,51.55,51.55,51.54,51.55,1371
2025-03-25 15:34:00,51.51,51.54,51.51,51.54,545
2025-03-25 15:35:00,51.54,51.54,51.54,51.54,227
2025-03-25 15:36:00,51.51,51.51,51.51,51.51,103
2025-03-25 15:37:00,51.55,51.55,51.51,51.51,815
2025-03-25 15:39:00,51.52,51.55,51.52,51.55,302
2025-03-25 15:40:00,51.58,51.58,51.51,51.51,822
2025-03-25 15:41:00,51.55,51.55,51.54,51.55,1213
2025-03-25 15:42:00,51.55,51.55,51.52,51.52,309
2025-03-25 15:43:00,51.55,51.56,51.53,51.56,794
2025-03-25 15:44:00,51.54,51.54,51.51,51.51,1139
2025-03-25 15:45:00,51.535,51.57,51.535,51.55,6557
2025-03-25 15:46:00,51.55,51.68,51.55,51.68,4094
2025-03-25 15:48:00,51.615,51.615,51.6,51.6075,427
2025-03-25 15:49:00,51.615,51.615,51.615,51.615,321
2025-03-25 15:50:00,51.57,51.615,51.57,51.59,1036
2025-03-25 15:51:00,51.61,51.61,51.61,51.61,243
2025-03-25 15:52:00,51.61,51.61,51.54,51.54,3354
2025-03-25 15:53:00,51.545,51.545,51.545,51.545,502
2025-03-25 15:54:00,51.52,51.55,51.4983,51.4983,598
2025-03-25 15:56:00,51.52,51.52,51.52,51.52,200
2025-03-25 15:57:00,51.53,51.53,51.53,51.53,228
2025-03-25 15:58:00,51.53,51.57,51.53,51.54,4747
2025-03-25 15:59:00,51.555,51.555,51.555,51.555,331
2025-03-25 16:02:00,51.52,51.53,51.505,51.51,1705
2025-03-25 16:03:00,51.51,51.51,51.46,51.46,453
2025-03-25 16:04:00,51.515,51.515,51.515,51.515,114
2025-03-25 16:05:00,51.46,51.47,51.45,51.45,2687
2025-03-25 16:06:00,51.45,51.45,51.45,51.45,332
2025-03-25 16:07:00,51.45,51.45,51.45,51.45,1122
2025-03-25 16:08:00,51.45,51.45,51.45,51.45,325
2025-03-25 16:09:00,51.45,51.52,51.45,51.52,4475
2025-03-25 16:13:00,51.51,51.51,51.51,51.51,301
2025-03-25 16:14:00,51.49,51.51,51.49,51.51,482
2025-03-25 16:15:00,51.4649,51.49,51.445,51.49,4745
2025-03-25 16:16:00,51.44,51.44,51.44,51.44,1134
2025-03-25 16:17:00,51.445,51.4542,51.41,51.445,772
2025-03-25 16:19:00,51.41,51.41,51.41,51.41,195
2025-03-25 16:20:00,51.445,51.4793,51.445,51.445,2174
2025-03-25 16:21:00,51.445,51.46,51.445,51.445,961
2025-03-25 16:22:00,51.445,51.51,51.445,51.49,4715
2025-03-25 16:23:00,51.51,51.51,51.51,51.51,196
2025-03-25 16:24:00,51.52,51.52,51.52,51.52,263
2025-03-25 16:25:00,51.52,51.52,51.49,51.49,400
2025-03-25 16:26:00,51.52,51.52,51.46,51.47,4625
2025-03-25 16:28:00,51.47,51.47,51.47,51.47,359
2025-03-25 16:29:00,51.47,51.47,51.47,51.47,206
2025-03-25 16:30:00,51.5,51.5,51.5,51.5,215
2025-03-25 16:31:00,51.47,51.47,51.47,51.47,173
2025-03-25 16:33:00,51.46,51.49,51.46,51.49,250
2025-03-25 16:34:00,51.49,51.5,51.49,51.5,295
2025-03-25 16:35:00,51.5,51.51,51.47,51.47,3920
2025-03-25 16:36:00,51.48,51.48,51.48,51.48,304
2025-03-25 16:37:00,51.46,51.475,51.46,51.475,230
2025-03-25 16:38:00,51.475,51.48,51.475,51.48,1779
2025-03-25 16:39:00,51.475,51.475,51.46,51.46,246
2025-03-25 16:40:00,51.475,51.475,51.475,51.475,485
2025-03-25 16:41:00,51.4775,51.5,51.475,51.49,4866
2025-03-25 16:42:00,51.51,51.51,51.485,51.49,1892
2025-03-25 16:43:00,51.49,51.52,51.49,51.495,2092
2025-03-25 16:44:00,51.53,51.53,51.495,51.495,411
2025-03-25 16:45:00,51.495,51.495,51.495,51.495,425
2025-03-25 16:46:00,51.495,51.495,51.495,51.495,190
2025-03-25 16:47:00,51.52,51.52,51.52,51.52,335
2025-03-25 16:48:00,51.495,51.54,51.495,51.54,2433
2025-03-25 16:49:00,51.54,51.54,51.5,51.54,578
2025-03-25 16:50:00,51.5,51.56,51.5,51.52,4969
2025-03-25 16:51:00,51.53,51.53,51.5,51.525,2817
2025-03-25 16:52:00,51.525,51.525,51.525,51.525,296
2025-03-25 16:56:00,51.52,51.52,51.52,51.52,109
2025-03-25 16:57:00,51.53,51.53,51.53,51.53,172
2025-03-25 16:58:00,51.52,51.55,51.51,51.52,1633
2025-03-25 16:59:00,51.51,51.51,51.51,51.51,375
2025-03-25 17:00:00,51.54,51.54,51.5,51.5,2896
2025-03-25 17:01:00,51.51,51.51,51.46,51.46,630
2025-03-25 17:02:00,51.5075,51.51,51.505,51.51,329
2025-03-25 17:03:00,51.5027,51.59,51.5027,51.57,4826
2025-03-25 17:04:00,51.58,51.62,51.52,51.52,1696
2025-03-25 17:06:00,51.59,51.59,51.59,51.59,130
2025-03-25 17:07:00,51.63,51.65,51.62,51.65,1179
2025-03-25 17:09:00,51.65,51.65,51.65,51.65,118
2025-03-25 17:10:00,51.65,51.65,51.65,51.65,203
2025-03-25 17:11:00,51.65,51.65,51.625,51.65,427
2025-03-25 17:12:00,51.65,51.65,51.65,51.65,349
2025-03-25 17:13:00,51.65,51.65,51.65,51.65,419
2025-03-25 17:14:00,51.65,51.65,51.58,51.58,543
2025-03-25 17:15:00,51.63,51.63,51.59,51.59,363
2025-03-25 17:16:00,51.62,51.62,51.62,51.62,1198
2025-03-25 17:17:00,51.65,51.65,51.63,51.63,385
2025-03-25 17:18:00,51.63,51.63,51.61,51.63,314
2025-03-25 17:19:00,51.63,51.63,51.63,51.63,115
2025-03-25 17:20:00,51.63,51.63,51.56,51.565,3587
2025-03-25 17:21:00,51.51,51.51,51.51,51.51,283
2025-03-25 17:22:00,51.5,51.535,51.5,51.535,592
2025-03-25 17:23:00,51.535,51.535,51.535,51.535,259
2025-03-25 17:24:00,51.48,51.48,51.48,51.48,153
2025-03-25 17:25:00,51.49,51.49,51.49,51.49,100
2025-03-25 17:26:00,51.48,51.48,51.48,51.48,101
2025-03-25 17:27:00,51.47,51.47,51.47,51.47,396
2025-03-25 17:28:00,51.52,51.52,51.47,51.47,303
2025-03-25 17:29:00,51.45,51.47,51.44,51.44,1448
2025-03-25 17:30:00,51.43,51.43,51.43,51.43,588
2025-03-25 17:31:00,51.43,51.45,51.43,51.44,972
2025-03-25 17:32:00,51.41,51.47,51.41,51.455,2549
2025-03-25 17:33:00,51.46,51.48,51.46,51.48,263
2025-03-25 17:34:00,51.445,51.49,51.445,51.49,756
2025-03-25 17:36:00,51.53,51.53,51.53,51.53,101
2025-03-25 17:37:00,51.52,51.54,51.52,51.54,680
2025-03-25 17:38:00,51.54,51.59,51.54,51.57,1056
2025-03-25 17:39:00,51.59,51.59,51.59,51.59,242
2025-03-25 17:40:00,51.59,51.59,51.59,51.59,108
2025-03-25 17:41:00,51.6,51.6,51.57,51.57,330
2025-03-25 17:42:00,51.5994,51.6,51.5994,51.6,381
2025-03-25 17:43:00,51.6,51.6,51.59,51.59,200
2025-03-25 17:44:00,51.6,51.6,51.6,51.6,343
2025-03-25 17:45:00,51.54,51.59,51.54,51.59,353
2025-03-25 17:47:00,51.59,51.6,51.54,51.59,401
2025-03-25 17:48:00,51.6,51.6,51.59,51.59,288
2025-03-25 17:49:00,51.59,51.59,51.59,51.59,197
2025-03-25 17:50:00,51.59,51.59,51.54,51.56,1518
2025-03-25 17:51:00,51.54,51.54,51.54,51.54,220
2025-03-25 17:52:00,51.56,51.56,51.56,51.56,117
2025-03-25 17:54:00,51.54,51.54,51.54,51.54,141
2025-03-25 17:56:00,51.54,51.54,51.53,51.54,1311
2025-03-25 17:57:00,51.52,51.55,51.52,51.55,214
2025-03-25 17:58:00,51.55,51.55,51.52,51.52,2269
2025-03-25 17:59:00,51.52,51.54,51.52,51.54,323
2025-03-25 18:00:00,51.525,51.56,51.525,51.55,3031
2025-03-25 18:01:00,51.58,51.58,51.58,51.58,538
2025-03-25 18:03:00,51.59,51.615,51.53,51.53,1042
2025-03-25 18:04:00,51.6,51.615,51.6,51.615,398
2025-03-25 18:06:00,51.63,51.63,51.63,51.63,293
2025-03-25 18:09:00,51.58,51.58,51.58,51.58,465
2025-03-25 18:11:00,51.61,51.61,51.61,51.61,481
2025-03-25 18:12:00,51.62,51.65,51.62,51.65,1557
2025-03-25 18:13:00,51.65,51.65,51.65,51.65,387
2025-03-25 18:14:00,51.65,51.65,51.64,51.64,498
2025-03-25 18:15:00,51.65,51.65,51.65,51.65,308
2025-03-25 18:16:00,51.64,51.65,51.64,51.64,514
2025-03-25 18:17:00,51.61,51.61,51.59,51.59,2399
2025-03-25 18:20:00,51.57,51.57,51.555,51.555,1533
2025-03-25 18:21:00,51.52,51.52,51.475,51.475,2918
2025-03-25 18:23:00,51.475,51.475,51.475,51.475,111
2025-03-25 18:24:00,51.475,51.475,51.47,51.47,317
2025-03-25 18:25:00,51.42,51.42,51.42,51.42,312
2025-03-25 18:26:00,51.47,51.49,51.47,51.49,412
2025-03-25 18:27:00,51.46,51.46,51.46,51.46,410
2025-03-25 18:28:00,51.49,51.53,51.49,51.51,3294
2025-03-25 18:29:00,51.505,51.51,51.5,51.51,2083
2025-03-25 18:30:00,51.51,51.53,51.51,51.53,1903
2025-03-25 18:32:00,51.51,51.51,51.49,51.49,1178
2025-03-25 18:33:00,51.51,51.53,51.51,51.52,1255
2025-03-25 18:34:00,51.53,51.53,51.505,51.505,558
2025-03-25 18:35:00,51.54,51.54,51.54,51.54,388
2025-03-25 18:36:00,51.52,51.535,51.51,51.52,2703
2025-03-25 18:40:00,51.49,51.52,51.49,51.52,956
2025-03-25 18:41:00,51.495,51.52,51.49,51.49,1137
2025-03-25 18:43:00,51.52,51.52,51.52,51.52,519
2025-03-25 18:44:00,51.52,51.53,51.51,51.53,1376
2025-03-25 18:45:00,51.53,51.53,51.53,51.53,274
2025-03-25 18:46:00,51.53,51.53,51.5,51.5,335
2025-03-25 18:47:00,51.52,51.52,51.52,51.52,530
2025-03-25 18:48:00,51.53,51.53,51.53,51.53,591
2025-03-25 18:49:00,51.5,51.52,51.5,51.52,595
2025-03-25 18:50:00,51.5,51.5,51.44,51.44,3161
2025-03-25 18:51:00,51.44,51.44,51.44,51.44,294
2025-03-25 18:52:00,51.46,51.48,51.45,51.48,1751
2025-03-25 18:53:00,51.49,51.5,51.48,51.5,818
2025-03-25 18:54:00,51.52,51.52,51.52,51.52,301
2025-03-25 18:55:00,51.52,51.53,51.5,51.53,621
2025-03-25 18:56:00,51.53,51.53,51.52,51.53,986
2025-03-25 18:57:00,51.53,51.53,51.52,51.52,979
2025-03-25 18:58:00,51.52,51.53,51.52,51.53,672
2025-03-25 18:59:00,51.55,51.55,51.5,51.5,2795
2025-03-25 19:00:00,51.5,51.51,51.5,51.51,634
2025-03-25 19:01:00,51.52,51.52,51.52,51.52,105
2025-03-25 19:02:00,51.52,51.52,51.52,51.52,371
2025-03-25 19:03:00,51.55,51.55,51.55,51.55,778
2025-03-25 19:04:00,51.55,51.6,51.55,51.595,1235
2025-03-25 19:05:00,51.595,51.63,51.595,51.63,329
2025-03-25 19:06:00,51.63,51.64,51.61,51.63,1047
2025-03-25 19:07:00,51.595,51.64,51.595,51.62,900
2025-03-25 19:08:00,51.63,51.64,51.61,51.64,1507
2025-03-25 19:09:00,51.6,51.63,51.6,51.6,736
2025-03-25 19:10:00,51.64,51.65,51.64,51.65,2765
2025-03-25 19:11:00,51.65,51.65,51.635,51.65,602
2025-03-25 19:12:00,51.635,51.65,51.63,51.65,1131
2025-03-25 19:13:00,51.65,51.66,51.635,51.64,1238
2025-03-25 19:14:00,51.65,51.68,51.635,51.65,4571
2025-03-25 19:15:00,51.68,51.775,51.66,51.7572,2557
2025-03-25 19:16:00,51.74,51.75,51.72,51.75,3624
2025-03-25 19:17:00,51.75,51.785,51.75,51.785,1392
2025-03-25 19:18:00,51.785,51.785,51.77,51.78,1281
2025-03-25 19:19:00,51.75,51.8,51.75,51.8,2313
2025-03-25 19:20:00,51.7985,51.7985,51.77,51.79,1037
2025-03-25 19:21:00,51.77,51.77,51.746,51.746,439
2025-03-25 19:22:00,51.77,51.77,51.74,51.77,1370
2025-03-25 19:23:00,51.79,51.79,51.79,51.79,526
2025-03-25 19:24:00,51.79,51.79,51.76,51.77,1518
2025-03-25 19:25:00,51.76,51.76,51.704,51.72,4710
2025-03-25 19:26:00,51.68,51.68,51.68,51.68,594
2025-03-25 19:27:00,51.71,51.71,51.64,51.64,1649
2025-03-25 19:28:00,51.665,51.665,51.61,51.61,1379
2025-03-25 19:29:00,51.635,51.635,51.61,51.62,1701
2025-03-25 19:30:00,51.61,51.64,51.5,51.56,3789
2025-03-25 19:31:00,51.55,51.6,51.54,51.6,3911
2025-03-25 19:32:00,51.64,51.66,51.64,51.66,817
2025-03-25 19:33:00,51.67,51.7,51.66,51.7,3002
2025-03-25 19:34:00,51.69,51.77,51.69,51.73,4769
2025-03-25 19:35:00,51.71,51.71,51.62,51.62,2675
2025-03-25 19:36:00,51.62,51.62,51.62,51.62,253
2025-03-25 19:37:00,51.66,51.72,51.655,51.71,5728
2025-03-25 19:38:00,51.72,51.77,51.69,51.72,3511
2025-03-25 19:39:00,51.75,51.78,51.73,51.73,1026
2025-03-25 19:40:00,51.7465,51.78,51.74,51.77,2470
2025-03-25 19:41:00,51.755,51.78,51.73,51.78,3155
2025-03-25 19:42:00,51.8,51.81,51.78,51.81,1903
2025-03-25 19:43:00,51.82,51.82,51.82,51.82,1642
2025-03-25 19:44:00,51.815,51.84,51.815,51.84,1427
2025-03-25 19:45:00,51.84,51.84,51.79,51.81,4767
2025-03-25 19:46:00,51.78,51.8,51.77,51.785,906
2025-03-25 19:47:00,51.79,51.855,51.79,51.84,3121
2025-03-25 19:48:00,51.82,51.82,51.79,51.81,1498
2025-03-25 19:49:00,51.81,51.83,51.79,51.79,1734
2025-03-25 19:50:00,51.77,51.83,51.77,51.81,3226
2025-03-25 19:51:00,51.795,51.82,51.77,51.81,3887
2025-03-25 19:52:00,51.81,51.81,51.77,51.795,3118
2025-03-25 19:53:00,51.8,51.8,51.77,51.79,4533
2025-03-25 19:54:00,51.78,51.8,51.73,51.74,5169
2025-03-25 19:55:00,51.77,51.77,51.73,51.735,13422
2025-03-25 19:56:00,51.74,51.75,51.73,51.735,12123
2025-03-25 19:57:00,51.735,51.76,51.73,51.75,8365
2025-03-25 19:58:00,51.76,51.76,51.711,51.73,12040
2025-03-25 19:59:00,51.73,51.75,51.72,51.74,11254
2025-03-25 20:00:00,51.73,51.73,51.73,51.73,1178
2025-03-25 20:09:00,51.73,51.73,51.73,51.73,99000
2025-03-26 09:17:00,51.29,51.29,51.29,51.29,115
2025-03-26 11:15:00,51.73,51.73,51.73,51.73,299
2025-03-26 13:30:00,51.59,51.845,51.52,51.785,8521
2025-03-26 13:31:00,51.83,51.83,51.5,51.5,2179
2025-03-26 13:32:00,51.73,51.73,51.515,51.515,1279
2025-03-26 13:33:00,51.68,51.72,51.62,51.705,4708
2025-03-26 13:36:00,51.72,51.835,51.72,51.835,2237
2025-03-26 13:41:00,52.02,52.02,52.02,52.02,342
2025-03-26 13:42:00,51.895,51.895,51.895,51.895,194
2025-03-26 13:43:00,51.885,51.885,51.885,51.885,183
2025-03-26 13:46:00,51.82,51.82,51.72,51.815,687
2025-03-26 13:47:00,51.65,51.65,51.65,51.65,144
2025-03-26 13:49:00,51.66,51.66,51.66,51.66,146
2025-03-26 13:50:00,51.66,51.66,51.66,51.66,112
2025-03-26 13:51:00,51.66,51.66,51.66,51.66,206
2025-03-26 13:53:00,51.745,51.75,51.65,51.65,379
2025-03-26 13:55:00,51.63,51.63,51.6,51.6,632
2025-03-26 13:56:00,51.6,51.6,51.6,51.6,176
2025-03-26 13:57:00,51.6,51.6,51.6,51.6,248
2025-03-26 13:59:00,51.63,51.63,51.63,51.63,262
2025-03-26 14:00:00,51.64,51.7,51.61,51.62,1990
2025-03-26 14:01:00,51.61,51.61,51.61,51.61,121
2025-03-26 14:02:00,51.66,51.66,51.62,51.62,548
2025-03-26 14:03:00,51.6,51.6,51.53,51.6,1818
2025-03-26 14:04:00,51.565,51.565,51.54,51.56,524
2025-03-26 14:05:00,51.56,51.635,51.51,51.51,378
2025-03-26 14:07:00,51.54,51.54,51.54,51.54,100
2025-03-26 14:08:00,51.53,51.53,51.53,51.53,176
2025-03-26 14:09:00,51.6,51.65,51.54,51.54,1758
2025-03-26 14:11:00,51.54,51.54,51.54,51.54,100
2025-03-26 14:12:00,51.57,51.57,51.57,51.57,195
2025-03-26 14:13:00,51.595,51.595,51.595,51.595,149
2025-03-26 14:14:00,51.55,51.595,51.55,51.595,243
2025-03-26 14:15:00,51.595,51.595,51.58,51.58,497
2025-03-26 14:16:00,51.6,51.6,51.56,51.56,520
2025-03-26 14:17:00,51.62,51.755,51.62,51.755,2191
2025-03-26 14:19:00,51.72,51.72,51.69,51.69,797
2025-03-26 14:23:00,51.63,51.645,51.62,51.645,932
2025-03-26 14:25:00,51.63,51.63,51.63,51.63,225
2025-03-26 14:26:00,51.58,51.58,51.58,51.58,424
2025-03-26 14:28:00,51.61,51.61,51.61,51.61,107
2025-03-26 14:29:00,51.56,51.56,51.56,51.56,169
2025-03-26 14:31:00,51.56,51.56,51.56,51.56,434
2025-03-26 14:32:00,51.52,51.52,51.52,51.52,352
2025-03-26 14:33:00,51.61,51.61,51.61,51.61,380
2025-03-26 14:34:00,51.58,51.615,51.58,51.615,608
2025-03-26 14:35:00,51.6,51.62,51.6,51.62,1115
2025-03-26 14:36:00,51.64,51.76,51.63,51.705,3022
2025-03-26 14:37:00,51.71,51.71,51.71,51.71,368
2025-03-26 14:38:00,51.75,51.81,51.6903,51.77,2143
2025-03-26 14:41:00,51.775,51.775,51.775,51.775,209
2025-03-26 14:44:00,51.78,51.78,51.78,51.78,325
2025-03-26 14:47:00,51.71,51.74,51.71,51.74,524
2025-03-26 14:49:00,51.704,51.704,51.704,51.704,214
2025-03-26 14:50:00,51.68,51.68,51.68,51.68,140
2025-03-26 14:51:00,51.75,51.755,51.75,51.755,342
2025-03-26 14:52:00,51.69,51.75,51.69,51.75,1296
2025-03-26 14:53:00,51.66,51.66,51.66,51.66,123
2025-03-26 14:55:00,51.63,51.725,51.63,51.725,330
2025-03-26 14:56:00,51.72,51.72,51.64,51.64,298
2025-03-26 14:57:00,51.65,51.71,51.65,51.71,471
2025-03-26 14:58:00,51.715,51.75,51.66,51.75,642
2025-03-26 14:59:00,51.7,51.7,51.7,51.7,204
2025-03-26 15:00:00,51.67,51.72,51.67,51.72,410
2025-03-26 15:01:00,51.73,51.76,51.73,51.73,3511
2025-03-26 15:02:00,51.74,51.78,51.74,51.77,1927
2025-03-26 15:03:00,51.8,51.8,51.8,51.8,245
2025-03-26 15:05:00,51.79,51.79,51.72,51.72,1097
2025-03-26 15:08:00,51.73,51.73,51.73,51.73,328
2025-03-26 15:09:00,51.75,51.75,51.69,51.72,1199
2025-03-26 15:10:00,51.7,51.7,51.64,51.695,4275
2025-03-26 15:11:00,51.64,51.68,51.55,51.645,8591
2025-03-26 15:12:00,51.62,51.62,51.62,51.62,765
2025-03-26 15:14:00,51.615,51.615,51.615,51.615,245
2025-03-26 15:16:00,51.6735,51.6735,51.63,51.65,789
2025-03-26 15:17:00,51.63,51.67,51.63,51.64,442
2025-03-26 15:18:00,51.66,51.66,51.66,51.66,384
2025-03-26 15:19:00,51.67,51.67,51.63,51.63,976
2025-03-26 15:20:00,51.64,51.67,51.6,51.6,778
2025-03-26 15:21:00,51.66,51.66,51.6,51.6,480
2025-03-26 15:22:00,51.65,51.65,51.63,51.64,599
2025-03-26 15:23:00,51.6,51.61,51.58,51.58,1604
2025-03-26 15:24:00,51.61,51.61,51.61,51.61,308
2025-03-26 15:25:00,51.58,51.58,51.56,51.56,2571
2025-03-26 15:26:00,51.53,51.53,51.53,51.53,350
2025-03-26 15:27:00,51.57,51.585,51.54,51.54,942
2025-03-26 15:28:00,51.53,51.53,51.49,51.505,1269
2025-03-26 15:29:00,51.5,51.5,51.5,51.5,584
2025-03-26 15:30:00,51.5,51.5,51.5,51.5,290
2025-03-26 15:31:00,51.51,51.52,51.51,51.52,536
2025-03-26 15:32:00,51.51,51.52,51.47,51.47,641
2025-03-26 15:34:00,51.5,51.5,51.5,51.5,809
2025-03-26 15:36:00,51.52,51.6,51.52,51.6,2938
2025-03-26 15:37:00,51.58,51.58,51.58,51.58,134
2025-03-26 15:38:00,51.58,51.61,51.58,51.61,684
2025-03-26 15:39:00,51.59,51.62,51.59,51.62,987
2025-03-26 15:40:00,51.655,51.655,51.61,51.61,1850
2025-03-26 15:41:00,51.57,51.57,51.57,51.57,104
2025-03-26 15:42:00,51.565,51.565,51.565,51.565,130
2025-03-26 15:43:00,51.565,51.565,51.565,51.565,485
2025-03-26 15:46:00,51.51,51.555,51.51,51.555,447
2025-03-26 15:47:00,51.535,51.535,51.535,51.535,400
2025-03-26 15:48:00,51.52,51.52,51.51,51.52,924
2025-03-26 15:49:00,51.5,51.5,51.47,51.47,1427
2025-03-26 15:51:00,51.42,51.42,51.42,51.42,217
2025-03-26 15:52:00,51.44,51.445,51.44,51.445,431
2025-03-26 15:53:00,51.45,51.45,51.45,51.45,133
2025-03-26 15:55:00,51.415,51.45,51.41,51.45,1178
2025-03-26 15:56:00,51.41,51.41,51.33,51.33,1260
2025-03-26 15:57:00,51.33,51.34,51.33,51.34,648
2025-03-26 15:58:00,51.376,51.376,51.34,51.34,563
2025-03-26 15:59:00,51.34,51.39,51.34,51.38,2580
2025-03-26 16:00:00,51.41,51.41,51.41,51.41,286
2025-03-26 16:01:00,51.43,51.45,51.43,51.45,1297
2025-03-26 16:03:00,51.42,51.42,51.41,51.41,1078
2025-03-26 16:09:00,51.32,51.32,51.31,51.31,458
2025-03-26 16:12:00,51.38,51.38,51.32,51.355,468
2025-03-26 16:13:00,51.35,51.35,51.35,51.35,303
2025-03-26 16:14:00,51.31,51.335,51.31,51.31,1716
2025-03-26 16:17:00,51.335,51.335,51.335,51.335,461
2025-03-26 16:18:00,51.34,51.34,51.3,51.3,1534
2025-03-26 16:19:00,51.3,51.31,51.281,51.31,1410
2025-03-26 16:20:00,51.32,51.32,51.23,51.24,6828
2025-03-26 16:22:00,51.2375,51.248,51.2375,51.248,252
2025-03-26 16:23:00,51.235,51.235,51.23,51.23,392
2025-03-26 16:24:00,51.3,51.31,51.255,51.255,1633
2025-03-26 16:25:00,51.24,51.25,51.23,51.23,1295
2025-03-26 16:26:00,51.31,51.31,51.31,51.31,315
2025-03-26 16:27:00,51.32,51.32,51.275,51.275,645
2025-03-26 16:28:00,51.26,51.26,51.26,51.26,421
2025-03-26 16:29:00,51.31,51.34,51.3,51.3,3066
2025-03-26 16:30:00,51.34,51.34,51.34,51.34,311
2025-03-26 16:31:00,51.36,51.395,51.335,51.395,1182
2025-03-26 16:32:00,51.4,51.4,51.4,51.4,823
2025-03-26 16:33:00,51.4,51.4,51.4,51.4,257
2025-03-26 16:34:00,51.4,51.41,51.36,51.41,661
2025-03-26 16:37:00,51.41,51.41,51.4,51.4,578
2025-03-26 16:38:00,51.36,51.36,51.36,51.36,201
2025-03-26 16:41:00,51.39,51.39,51.39,51.39,367
2025-03-26 16:42:00,51.35,51.3501,51.33,51.33,2114
2025-03-26 16:43:00,51.34,51.34,51.34,51.34,410
2025-03-26 16:44:00,51.33,51.33,51.3,51.31,1724
2025-03-26 16:45:00,51.295,51.33,51.295,51.33,619
2025-03-26 16:46:00,51.3001,51.3001,51.3001,51.3001,519
2025-03-26 16:47:00,51.3,51.3,51.3,51.3,182
2025-03-26 16:48:00,51.29,51.29,51.27,51.28,1057
2025-03-26 16:49:00,51.3,51.3,51.275,51.28,668
2025-03-26 16:51:00,51.26,51.26,51.25,51.25,809
2025-03-26 16:52:00,51.21,51.21,51.21,51.21,655
2025-03-26 16:53:00,51.19,51.215,51.19,51.215,305
2025-03-26 16:55:00,51.16,51.16,51.125,51.135,1692
2025-03-26 16:56:00,51.12,51.16,51.11,51.13,3048
2025-03-26 16:57:00,51.13,51.13,51.13,51.13,359
2025-03-26 16:59:00,51.12,51.12,51.12,51.12,353
2025-03-26 17:00:00,51.1,51.1,51.1,51.1,554
2025-03-26 17:01:00,51.105,51.105,51.1,51.1,475
2025-03-26 17:02:00,51.105,51.15,51.105,51.15,2284
2025-03-26 17:03:00,51.17,51.18,51.17,51.18,401
2025-03-26 17:04:00,51.15,51.15,51.14,51.14,799
2025-03-26 17:06:00,51.16,51.16,51.11,51.13,515
2025-03-26 17:07:00,51.1,51.12,51.07,51.07,1572
2025-03-26 17:09:00,51.065,51.065,51.065,51.065,305
2025-03-26 17:10:00,51.11,51.15,51.11,51.15,1843
2025-03-26 17:12:00,51.13,51.13,51.13,51.13,301
2025-03-26 17:13:00,51.155,51.16,51.12,51.12,1960
2025-03-26 17:15:00,51.09,51.12,51.09,51.12,401
2025-03-26 17:16:00,51.12,51.12,51.12,51.12,184
2025-03-26 17:18:00,51.095,51.095,51.054,51.06,1234
2025-03-26 17:19:00,51.04,51.04,51.04,51.04,165
2025-03-26 17:20:00,51.08,51.08,51.065,51.065,655
2025-03-26 17:21:00,51.07,51.07,51.055,51.055,1134
2025-03-26 17:22:00,51.055,51.075,51.055,51.07,2703
2025-03-26 17:23:00,51.04,51.04,51.04,51.04,441
2025-03-26 17:24:00,51.04,51.06,51.04,51.06,342
2025-03-26 17:25:00,51.02,51.02,50.96,50.96,2362
2025-03-26 17:26:00,50.98,51.0,50.97,50.97,1807
2025-03-26 17:27:00,50.99,51.04,50.99,51.01,1867
2025-03-26 17:28:00,51.045,51.045,51.045,51.045,491
2025-03-26 17:29:00,51.045,51.045,51.045,51.045,186
2025-03-26 17:30:00,51.02,51.02,51.02,51.02,375
2025-03-26 17:31:00,51.0,51.07,50.97,50.98,6961
2025-03-26 17:32:00,50.975,50.975,50.96,50.96,528
2025-03-26 17:33:00,50.897,50.897,50.897,50.897,650
2025-03-26 17:34:00,50.92,50.92,50.885,50.885,691
2025-03-26 17:35:00,50.895,50.895,50.895,50.895,307
2025-03-26 17:36:00,50.885,50.885,50.885,50.885,182
2025-03-26 17:38:00,50.89,50.89,50.87,50.875,683
2025-03-26 17:39:00,50.89,50.89,50.87,50.87,930
2025-03-26 17:40:00,50.87,50.9,50.865,50.9,2340
2025-03-26 17:41:00,50.9,50.91,50.9,50.91,1090
2025-03-26 17:42:00,50.89,50.96,50.89,50.96,921
2025-03-26 17:43:00,50.96,50.96,50.96,50.96,425
2025-03-26 17:44:00,50.89,50.9,50.83,50.9,1516
2025-03-26 17:45:00,50.85,50.85,50.85,50.85,189
2025-03-26 17:46:00,50.905,50.905,50.905,50.905,715
2025-03-26 17:47:00,50.9,50.9,50.9,50.9,395
2025-03-26 17:48:00,50.9,50.9,50.9,50.9,140
2025-03-26 17:49:00,50.9,50.9,50.9,50.9,515
2025-03-26 17:50:00,50.905,50.905,50.905,50.905,310
2025-03-26 17:51:00,50.905,50.905,50.905,50.905,465
2025-03-26 17:52:00,50.871,50.871,50.871,50.871,348
2025-03-26 17:53:00,50.8778,50.9,50.8778,50.9,418
2025-03-26 17:54:00,50.8778,50.9,50.8778,50.9,430
2025-03-26 17:55:00,50.881,50.881,50.881,50.881,408
2025-03-26 17:56:00,50.905,50.905,50.905,50.905,372
2025-03-26 17:57:00,50.9,50.9,50.873,50.885,634
2025-03-26 17:58:00,50.89,50.92,50.89,50.92,3490
2025-03-26 17:59:00,50.91,50.91,50.91,50.91,229
2025-03-26 18:00:00,50.91,50.98,50.91,50.98,1036
2025-03-26 18:01:00,50.935,50.935,50.9,50.935,372
2025-03-26 18:02:00,50.94,50.94,50.91,50.935,448
2025-03-26 18:05:00,50.95,51.015,50.95,51.015,1972
2025-03-26 18:07:00,50.99,50.995,50.9644,50.995,1001
2025-03-26 18:09:00,50.995,50.995,50.995,50.995,270
2025-03-26 18:10:00,50.995,51.05,50.995,51.05,2075
2025-03-26 18:11:00,51.05,51.085,51.04,51.08,1023
2025-03-26 18:12:00,51.09,51.09,51.09,51.09,537
2025-03-26 18:13:00,51.08,51.08,51.08,51.08,109
2025-03-26 18:14:00,51.08,51.08,51.08,51.08,134
2025-03-26 18:15:00,51.08,51.11,51.08,51.11,227
2025-03-26 18:16:00,51.08,51.08,51.05,51.05,895
2025-03-26 18:17:00,51.03,51.03,50.997,51.02,1147
2025-03-26 18:19:00,51.03,51.05,51.02,51.05,491
2025-03-26 18:21:00,51.02,51.02,51.02,51.02,153
2025-03-26 18:22:00,51.0,51.02,50.991,51.02,468
2025-03-26 18:23:00,51.05,51.05,51.02,51.02,671
2025-03-26 18:25:00,51.02,51.03,51.0,51.02,557
2025-03-26 18:26:00,51.05,51.05,51.02,51.047,550
2025-03-26 18:27:00,51.02,51.04,51.02,51.02,528
2025-03-26 18:28:00,51.03,51.06,51.02,51.03,3242
2025-03-26 18:29:00,51.035,51.035,51.03,51.03,401
2025-03-26 18:31:00,51.01,51.06,51.01,51.05,707
2025-03-26 18:32:00,51.05,51.06,51.05,51.06,824
2025-03-26 18:33:00,51.06,51.0698,51.04,51.045,1843
2025-03-26 18:35:00,51.03,51.03,51.03,51.03,618
2025-03-26 18:36:00,51.03,51.06,51.01,51.01,423
2025-03-26 18:37:00,51.06,51.1,51.06,51.1,3994
2025-03-26 18:38:00,51.095,51.095,51.09,51.09,402
2025-03-26 18:39:00,51.06,51.08,51.055,51.08,1334
2025-03-26 18:40:00,51.055,51.055,51.055,51.055,139
2025-03-26 18:41:00,51.0575,51.08,51.0575,51.08,762
2025-03-26 18:42:00,51.09,51.09,51.09,51.09,252
2025-03-26 18:43:00,51.065,51.065,51.065,51.065,100
2025-03-26 18:44:00,51.04,51.04,51.005,51.005,3182
2025-03-26 18:46:00,51.025,51.025,51.025,51.025,214
2025-03-26 18:47:00,51.01,51.01,50.98,50.98,1574
2025-03-26 18:49:00,50.99,50.99,50.96,50.98,1442
2025-03-26 18:50:00,50.97,50.98,50.97,50.98,250
2025-03-26 18:51:00,50.93,50.94,50.93,50.94,875
2025-03-26 18:52:00,50.95,50.97,50.95,50.96,2665
2025-03-26 18:53:00,50.95,50.95,50.95,50.95,244
2025-03-26 18:54:00,50.93,50.93,50.93,50.93,161
2025-03-26 18:55:00,50.93,50.93,50.88,50.9,1851
2025-03-26 18:56:00,50.91,50.97,50.904,50.945,3036
2025-03-26 18:57:00,50.9252,50.95,50.9252,50.95,332
2025-03-26 19:00:00,50.98,50.98,50.98,50.98,760
2025-03-26 19:01:00,50.965,50.965,50.965,50.965,252
2025-03-26 19:02:00,50.99,50.99,50.985,50.985,1592
2025-03-26 19:03:00,50.99,50.99,50.96,50.96,1537
2025-03-26 19:06:00,50.92,50.95,50.88,50.91,462
2025-03-26 19:07:00,50.8708,50.91,50.8708,50.91,729
2025-03-26 19:08:00,50.94,50.99,50.94,50.99,2434
2025-03-26 19:09:00,51.02,51.02,51.02,51.02,651
2025-03-26 19:10:00,51.015,51.015,51.015,51.015,126
2025-03-26 19:12:00,51.02,51.04,50.993,51.025,1449
2025-03-26 19:13:00,51.01,51.02,51.01,51.02,948
2025-03-26 19:14:00,51.02,51.02,51.004,51.004,471
2025-03-26 19:15:00,51.0,51.01,50.99,51.01,954
2025-03-26 19:16:00,50.9808,50.9808,50.9801,50.9801,1386
2025-03-26 19:17:00,50.995,51.01,50.995,51.0,2385
2025-03-26 19:18:00,50.99,51.0,50.94,51.0,5334
2025-03-26 19:19:00,50.98,51.01,50.98,51.01,695
2025-03-26 19:20:00,51.03,51.06,51.03,51.06,1363
2025-03-26 19:21:00,51.05,51.06,51.045,51.06,1767
2025-03-26 19:22:00,51.06,51.06,51.0,51.02,5556
2025-03-26 19:23:00,51.05,51.06,51.025,51.06,1124
2025-03-26 19:24:00,51.05,51.06,50.97,50.99,3396
2025-03-26 19:25:00,50.97,50.97,50.95,50.95,1487
2025-03-26 19:26:00,50.97,51.0,50.97,51.0,1859
2025-03-26 19:27:00,51.0,51.0,51.0,51.0,1057
2025-03-26 19:28:00,51.04,51.04,51.01,51.01,1066
2025-03-26 19:29:00,50.98,51.01,50.98,51.01,1292
2025-03-26 19:30:00,51.01,51.08,51.005,51.08,4303
2025-03-26 19:31:00,51.05,51.09,51.05,51.09,1682
2025-03-26 19:32:00,51.09,51.09,51.07,51.09,4416
2025-03-26 19:33:00,51.09,51.1,51.04,51.04,4263
2025-03-26 19:34:00,51.06,51.09,51.04,51.07,1847
2025-03-26 19:35:00,51.07,51.07,51.033,51.06,1368
2025-03-26 19:36:00,51.045,51.05,51.02,51.025,1809
2025-03-26 19:37:00,51.04,51.07,51.025,51.07,5931
2025-03-26 19:38:00,51.08,51.09,51.08,51.09,1196
2025-03-26 19:39:00,51.08,51.098,51.063,51.063,2241
2025-03-26 19:40:00,51.075,51.09,51.075,51.075,1083
2025-03-26 19:41:00,51.075,51.12,51.075,51.12,4268
2025-03-26 19:42:00,51.12,51.12,51.1,51.12,1264
2025-03-26 19:43:00,51.12,51.18,51.1,51.17,4075
2025-03-26 19:44:00,51.18,51.22,51.18,51.185,2875
2025-03-26 19:45:00,51.2,51.22,51.18,51.18,2236
2025-03-26 19:46:00,51.2,51.21,51.185,51.21,2122
2025-03-26 19:47:00,51.185,51.24,51.18,51.2,6696
2025-03-26 19:48:00,51.21,51.24,51.21,51.24,1987
2025-03-26 19:49:00,51.24,51.26,51.235,51.25,1672
2025-03-26 19:50:00,51.25,51.345,51.18,51.2,6869
2025-03-26 19:51:00,51.18,51.22,51.18,51.21,4689
2025-03-26 19:52:00,51.185,51.2,51.1676,51.17,2713
2025-03-26 19:53:00,51.17,51.27,51.15,51.26,7214
2025-03-26 19:54:00,51.24,51.28,51.22,51.255,3716
2025-03-26 19:55:00,51.255,51.28,51.23,51.255,6396
2025-03-26 19:56:00,51.255,51.28,51.255,51.28,11152
2025-03-26 19:57:00,51.28,51.28,51.26,51.28,14650
2025-03-26 19:58:00,51.28,51.32,51.26,51.28,23845
2025-03-26 19:59:00,51.25,51.32,51.24,51.31,20537
2025-03-26 20:37:00,51.28,51.28,51.28,51.28,7099
2025-03-27 12:17:00,51.01,51.01,51.01,51.01,282
2025-03-27 13:30:00,50.75,50.75,50.75,50.75,1850
2025-03-27 13:31:00,50.62,50.62,50.61,50.61,388
2025-03-27 13:32:00,50.6,50.61,50.6,50.6,870
2025-03-27 13:35:00,50.5,50.5,50.5,50.5,400
2025-03-27 13:38:00,50.5,50.5,50.5,50.5,128
2025-03-27 13:39:00,50.55,50.58,50.55,50.55,558
2025-03-27 13:41:00,50.62,50.62,50.62,50.62,394
2025-03-27 13:43:00,50.61,50.62,50.52,50.52,302
2025-03-27 13:45:00,50.614,50.614,50.565,50.565,543
2025-03-27 13:47:00,50.63,50.63,50.63,50.63,112
2025-03-27 13:48:00,50.63,50.69,50.63,50.69,786
2025-03-27 13:51:00,50.72,50.72,50.72,50.72,120
2025-03-27 13:52:00,50.72,50.72,50.71,50.72,642
2025-03-27 13:53:00,50.69,50.74,50.69,50.74,747
2025-03-27 13:55:00,50.85,50.85,50.85,50.85,142
2025-03-27 13:56:00,50.72,50.72,50.72,50.72,203
2025-03-27 13:57:00,50.72,50.72,50.59,50.5901,1043
2025-03-27 14:00:00,50.725,50.82,50.725,50.82,236
2025-03-27 14:02:00,50.72,50.72,50.72,50.72,225
2025-03-27 14:04:00,50.83,50.83,50.76,50.76,760
2025-03-27 14:05:00,50.77,50.77,50.76,50.76,804
2025-03-27 14:06:00,50.71,50.71,50.71,50.71,380
2025-03-27 14:07:00,50.79,50.8,50.79,50.8,949
2025-03-27 14:08:00,50.77,50.775,50.77,50.775,1146
2025-03-27 14:11:00,50.79,50.79,50.79,50.79,118
2025-03-27 14:12:00,50.74,50.74,50.65,50.65,1303
2025-03-27 14:13:00,50.65,50.65,50.65,50.65,111
2025-03-27 14:14:00,50.65,50.69,50.65,50.67,311
2025-03-27 14:16:00,50.77,50.77,50.64,50.64,377
2025-03-27 14:17:00,50.71,50.71,50.71,50.71,104
2025-03-27 14:18:00,50.77,50.77,50.77,50.77,268
2025-03-27 14:19:00,50.74,50.74,50.71,50.71,1547
2025-03-27 14:20:00,50.75,50.78,50.71,50.74,2853
2025-03-27 14:21:00,50.74,50.78,50.74,50.78,234
2025-03-27 14:22:00,50.78,50.78,50.78,50.78,212
2025-03-27 14:23:00,50.745,50.745,50.7,50.74,662
2025-03-27 14:24:00,50.76,50.76,50.76,50.76,115
2025-03-27 14:25:00,50.73,50.78,50.73,50.75,603
2025-03-27 14:26:00,50.735,50.78,50.735,50.78,227
2025-03-27 14:27:00,50.78,50.9,50.78,50.9,2016
2025-03-27 14:28:00,50.86,50.86,50.86,50.86,954
2025-03-27 14:30:00,50.805,50.805,50.805,50.805,128
2025-03-27 14:34:00,50.805,50.805,50.805,50.805,201
2025-03-27 14:36:00,50.92,50.92,50.82,50.82,1038
2025-03-27 14:39:00,50.815,50.815,50.815,50.815,116
2025-03-27 14:41:00,50.92,50.92,50.88,50.88,645
2025-03-27 14:42:00,50.825,50.83,50.825,50.83,352
2025-03-27 14:43:00,50.8,50.8,50.79,50.795,413
2025-03-27 14:45:00,50.79,50.79,50.79,50.79,201
2025-03-27 14:48:00,50.82,50.92,50.79,50.88,1448
2025-03-27 14:49:00,50.8,50.845,50.8,50.845,204
2025-03-27 14:50:00,50.85,50.85,50.845,50.845,370
2025-03-27 14:51:00,50.845,50.845,50.83,50.845,721
2025-03-27 14:52:00,50.845,50.845,50.845,50.845,153
2025-03-27 14:53:00,50.845,50.845,50.845,50.845,147
2025-03-27 14:54:00,50.845,50.845,50.845,50.845,105
2025-03-27 14:56:00,50.9035,50.9035,50.771,50.84,1941
2025-03-27 15:01:00,50.78,50.78,50.78,50.78,190
2025-03-27 15:03:00,50.755,50.755,50.755,50.755,187
2025-03-27 15:04:00,50.755,50.755,50.755,50.755,310
2025-03-27 15:05:00,50.755,50.755,50.755,50.755,225
2025-03-27 15:06:00,50.755,50.755,50.755,50.755,205
2025-03-27 15:08:00,50.755,50.755,50.755,50.755,223
2025-03-27 15:10:00,50.74,50.755,50.73,50.73,1089
2025-03-27 15:11:00,50.755,50.755,50.755,50.755,373
2025-03-27 15:12:00,50.68,50.68,50.68,50.68,188
2025-03-27 15:15:00,50.755,50.755,50.755,50.755,249
2025-03-27 15:16:00,50.7,50.75,50.7,50.745,775
2025-03-27 15:17:00,50.68,50.68,50.67,50.67,257
2025-03-27 15:19:00,50.66,50.68,50.66,50.68,262
2025-03-27 15:20:00,50.73,50.755,50.73,50.755,583
2025-03-27 15:21:00,50.75,50.755,50.68,50.68,784
2025-03-27 15:22:00,50.67,50.7,50.665,50.67,2049
2025-03-27 15:23:00,50.6,50.6,50.6,50.6,190
2025-03-27 15:24:00,50.605,50.605,50.605,50.605,436
2025-03-27 15:25:00,50.61,50.61,50.61,50.61,209
2025-03-27 15:27:00,50.61,50.61,50.61,50.61,204
2025-03-27 15:28:00,50.655,50.655,50.655,50.655,103
2025-03-27 15:29:00,50.61,50.69,50.61,50.625,2070
2025-03-27 15:32:00,50.625,50.625,50.625,50.625,402
2025-03-27 15:34:00,50.6243,50.625,50.62,50.625,412
2025-03-27 15:35:00,50.625,50.6275,50.625,50.6275,220
2025-03-27 15:36:00,50.625,50.67,50.625,50.625,321
2025-03-27 15:37:00,50.67,50.68,50.625,50.68,432
2025-03-27 15:38:00,50.6745,50.68,50.6745,50.68,503
2025-03-27 15:39:00,50.625,50.67,50.625,50.67,209
2025-03-27 15:40:00,50.68,50.68,50.68,50.68,107
2025-03-27 15:41:00,50.625,50.67,50.625,50.67,457
2025-03-27 15:42:00,50.625,50.68,50.625,50.68,308
2025-03-27 15:43:00,50.68,50.75,50.68,50.75,3612
2025-03-27 15:44:00,50.74,50.74,50.74,50.74,141
2025-03-27 15:45:00,50.78,50.78,50.77,50.78,1338
2025-03-27 15:47:00,50.71,50.72,50.7,50.7,2465
2025-03-27 15:48:00,50.6382,50.665,50.6382,50.665,445
2025-03-27 15:53:00,50.655,50.655,50.62,50.62,320
2025-03-27 15:54:00,50.655,50.655,50.655,50.655,129
2025-03-27 15:55:00,50.75,50.75,50.655,50.655,1706
2025-03-27 15:56:00,50.75,50.75,50.75,50.75,403
2025-03-27 15:57:00,50.69,50.69,50.69,50.69,231
2025-03-27 15:58:00,50.655,50.71,50.655,50.71,422
2025-03-27 15:59:00,50.69,50.7,50.64,50.68,450
2025-03-27 16:00:00,50.68,50.68,50.63,50.63,220
2025-03-27 16:01:00,50.61,50.67,50.61,50.67,209
2025-03-27 16:02:00,50.69,50.69,50.63,50.69,417
2025-03-27 16:03:00,50.66,50.66,50.66,50.66,124
2025-03-27 16:04:00,50.66,50.73,50.6175,50.695,3102
2025-03-27 16:05:00,50.701,50.79,50.701,50.785,2408
2025-03-27 16:06:00,50.79,50.79,50.79,50.79,106
2025-03-27 16:07:00,50.75,50.855,50.72,50.855,1861
2025-03-27 16:08:00,50.8683,50.8683,50.785,50.785,5285
2025-03-27 16:09:00,50.78,50.81,50.77,50.77,1132
2025-03-27 16:10:00,50.77,50.77,50.77,50.77,272
2025-03-27 16:11:00,50.77,50.77,50.77,50.77,250
2025-03-27 16:14:00,50.76,50.76,50.76,50.76,496
2025-03-27 16:15:00,50.82,50.82,50.82,50.82,518
2025-03-27 16:16:00,50.7,50.91,50.7,50.91,2680
2025-03-27 16:17:00,50.91,50.94,50.83,50.83,811
2025-03-27 16:18:00,50.905,50.98,50.83,50.98,4683
2025-03-27 16:21:00,50.895,50.895,50.895,50.895,100
2025-03-27 16:22:00,50.88,50.88,50.88,50.88,401
2025-03-27 16:23:00,50.87,50.87,50.87,50.87,231
2025-03-27 16:25:00,50.9,50.9,50.83,50.83,1254
2025-03-27 16:30:00,50.83,50.83,50.83,50.83,198
2025-03-27 16:32:00,50.84,50.84,50.84,50.84,276
2025-03-27 16:33:00,50.84,50.84,50.84,50.84,106
2025-03-27 16:34:00,50.83,50.83,50.83,50.83,148
2025-03-27 16:35:00,50.81,50.83,50.781,50.8225,1736
2025-03-27 16:36:00,50.78,50.78,50.78,50.78,248
2025-03-27 16:37:00,50.76,50.76,50.76,50.76,171
2025-03-27 16:39:00,50.69,50.72,50.68,50.68,1038
2025-03-27 16:40:00,50.69,50.69,50.69,50.69,248
2025-03-27 16:42:00,50.715,50.715,50.71,50.71,453
2025-03-27 16:43:00,50.69,50.69,50.69,50.69,230
2025-03-27 16:44:00,50.69,50.71,50.69,50.71,428
2025-03-27 16:45:00,50.69,50.69,50.69,50.69,101
2025-03-27 16:46:00,50.67,50.6894,50.66,50.6894,1408
2025-03-27 16:47:00,50.635,50.635,50.635,50.635,101
2025-03-27 16:49:00,50.58,50.6491,50.58,50.6491,824
2025-03-27 16:50:00,50.6,50.6,50.56,50.56,693
2025-03-27 16:51:00,50.59,50.61,50.585,50.585,2067
2025-03-27 16:53:00,50.585,50.6099,50.585,50.585,817
2025-03-27 16:54:00,50.61,50.61,50.575,50.575,1501
2025-03-27 16:55:00,50.575,50.575,50.575,50.575,106
2025-03-27 16:56:00,50.54,50.55,50.53,50.55,817
2025-03-27 16:59:00,50.55,50.55,50.55,50.55,487
2025-03-27 17:00:00,50.53,50.53,50.53,50.53,236
2025-03-27 17:01:00,50.58,50.6,50.58,50.6,208
2025-03-27 17:02:00,50.6,50.6,50.6,50.6,119
2025-03-27 17:03:00,50.57,50.7,50.57,50.7,1991
2025-03-27 17:04:00,50.63,50.63,50.63,50.63,121
2025-03-27 17:05:00,50.7,50.7,50.63,50.63,233
2025-03-27 17:06:00,50.71,50.74,50.67,50.74,343
2025-03-27 17:07:00,50.665,50.74,50.665,50.74,268
2025-03-27 17:08:00,50.74,50.74,50.74,50.74,103
2025-03-27 17:09:00,50.74,50.74,50.74,50.74,114
2025-03-27 17:10:00,50.74,50.74,50.74,50.74,103
2025-03-27 17:11:00,50.705,50.71,50.705,50.71,356
2025-03-27 17:12:00,50.705,50.705,50.705,50.705,317
2025-03-27 17:13:00,50.73,50.73,50.73,50.73,186
2025-03-27 17:14:00,50.677,50.73,50.677,50.73,355
2025-03-27 17:15:00,50.71,50.74,50.7,50.7,1341
2025-03-27 17:17:00,50.661,50.661,50.661,50.661,111
2025-03-27 17:18:00,50.75,50.75,50.75,50.75,105
2025-03-27 17:19:00,50.73,50.73,50.73,50.73,103
2025-03-27 17:20:00,50.67,50.67,50.66,50.66,437
2025-03-27 17:23:00,50.69,50.69,50.69,50.69,364
2025-03-27 17:24:00,50.7,50.759,50.7,50.71,1715
2025-03-27 17:25:00,50.705,50.705,50.695,50.7,1177
2025-03-27 17:26:00,50.7,50.7,50.7,50.7,304
2025-03-27 17:28:00,50.7,50.7,50.67,50.695,1013
2025-03-27 17:29:00,50.64,50.64,50.625,50.625,709
2025-03-27 17:30:00,50.635,50.635,50.635,50.635,288
2025-03-27 17:31:00,50.66,50.67,50.66,50.67,2121
2025-03-27 17:32:00,50.67,50.67,50.67,50.67,160
2025-03-27 17:33:00,50.67,50.675,50.67,50.675,282
2025-03-27 17:35:00,50.72,50.72,50.67,50.67,457
2025-03-27 17:36:00,50.72,50.72,50.72,50.72,305
2025-03-27 17:38:00,50.68,50.68,50.68,50.68,362
2025-03-27 17:40:00,50.695,50.695,50.695,50.695,174
2025-03-27 17:41:00,50.646,50.69,50.646,50.67,409
2025-03-27 17:43:00,50.7,50.7,50.641,50.665,458
2025-03-27 17:44:00,50.69,50.69,50.69,50.69,175
2025-03-27 17:45:00,50.66,50.69,50.66,50.69,1850
2025-03-27 17:46:00,50.75,50.75,50.7,50.7,360
2025-03-27 17:47:00,50.75,50.75,50.75,50.75,241
2025-03-27 17:49:00,50.75,50.75,50.75,50.75,206
2025-03-27 17:50:00,50.705,50.81,50.705,50.78,817
2025-03-27 17:51:00,50.79,50.79,50.79,50.79,205
2025-03-27 17:52:00,50.79,50.79,50.711,50.711,247
2025-03-27 17:53:00,50.76,50.76,50.705,50.73,609
2025-03-27 17:54:00,50.7,50.73,50.7,50.73,353
2025-03-27 17:55:00,50.72,50.72,50.72,50.72,213
2025-03-27 17:56:00,50.7,50.72,50.68,50.72,625
2025-03-27 17:57:00,50.69,50.72,50.67,50.72,709
2025-03-27 17:58:00,50.71,50.71,50.67,50.67,482
2025-03-27 18:00:00,50.7,50.72,50.7,50.72,294
2025-03-27 18:01:00,50.67,50.72,50.67,50.675,306
2025-03-27 18:02:00,50.72,50.72,50.675,50.675,1710
2025-03-27 18:04:00,50.71,50.71,50.61,50.65,4249
2025-03-27 18:05:00,50.625,50.625,50.625,50.625,217
2025-03-27 18:07:00,50.62,50.62,50.62,50.62,274
2025-03-27 18:08:00,50.62,50.62,50.62,50.62,222
2025-03-27 18:10:00,50.581,50.581,50.581,50.581,196
2025-03-27 18:11:00,50.58,50.68,50.58,50.68,308
2025-03-27 18:12:00,50.67,50.68,50.63,50.68,1148
2025-03-27 18:13:00,50.68,50.68,50.68,50.68,434
2025-03-27 18:14:00,50.68,50.68,50.68,50.68,370
2025-03-27 18:15:00,50.68,50.74,50.655,50.74,5308
2025-03-27 18:18:00,50.69,50.69,50.675,50.675,569
2025-03-27 18:22:00,50.7,50.7,50.64,50.64,219
2025-03-27 18:23:00,50.64,50.64,50.64,50.64,204
2025-03-27 18:24:00,50.64,50.64,50.6,50.6,685
2025-03-27 18:25:00,50.61,50.61,50.61,50.61,328
2025-03-27 18:27:00,50.595,50.595,50.56,50.56,260
2025-03-27 18:29:00,50.59,50.59,50.59,50.59,123
2025-03-27 18:31:00,50.64,50.64,50.64,50.64,122
2025-03-27 18:33:00,50.59,50.59,50.59,50.59,255
2025-03-27 18:35:00,50.63,50.63,50.5668,50.5668,516
2025-03-27 18:36:00,50.5833,50.5833,50.5833,50.5833,126
2025-03-27 18:39:00,50.557,50.63,50.557,50.591,1312
2025-03-27 18:40:00,50.64,50.7,50.64,50.7,1697
2025-03-27 18:41:00,50.69,50.75,50.69,50.74,1156
2025-03-27 18:42:00,50.75,50.75,50.75,50.75,318
2025-03-27 18:43:00,50.76,50.76,50.76,50.76,169
2025-03-27 18:44:00,50.75,50.79,50.71,50.79,3669
2025-03-27 18:45:00,50.8,50.85,50.8,50.85,1697
2025-03-27 18:47:00,50.88,50.88,50.8375,50.8375,396
2025-03-27 18:48:00,50.87,50.87,50.87,50.87,233
2025-03-27 18:49:00,50.85,50.85,50.85,50.85,246
2025-03-27 18:50:00,50.88,50.88,50.88,50.88,267
2025-03-27 18:51:00,50.87,50.88,50.86,50.86,1035
2025-03-27 18:53:00,50.85,50.85,50.8,50.8,1476
2025-03-27 18:55:00,50.816,50.84,50.816,50.82,615
2025-03-27 18:56:00,50.84,50.84,50.84,50.84,173
2025-03-27 18:57:00,50.81,50.81,50.8,50.8,498
2025-03-27 18:58:00,50.8,50.82,50.8,50.82,231
2025-03-27 18:59:00,50.82,50.82,50.8,50.8,658
2025-03-27 19:01:00,50.805,50.805,50.805,50.805,200
2025-03-27 19:02:00,50.8,50.8,50.8,50.8,459
2025-03-27 19:03:00,50.8,50.8,50.8,50.8,157
2025-03-27 19:04:00,50.8,50.8,50.8,50.8,255
2025-03-27 19:06:00,50.83,50.83,50.8,50.8,201
2025-03-27 19:07:00,50.805,50.805,50.805,50.805,345
2025-03-27 19:09:00,50.83,50.86,50.83,50.855,1768
2025-03-27 19:11:00,50.86,50.86,50.86,50.86,220
2025-03-27 19:13:00,50.836,50.86,50.836,50.86,230
2025-03-27 19:14:00,50.86,50.86,50.86,50.86,428
2025-03-27 19:15:00,50.8875,50.89,50.85,50.89,463
2025-03-27 19:16:00,50.86,50.88,50.86,50.865,333
2025-03-27 19:17:00,50.88,50.9,50.865,50.9,2279
2025-03-27 19:18:00,50.89,50.935,50.86,50.92,12703
2025-03-27 19:19:00,50.94,50.96,50.925,50.925,1941
2025-03-27 19:20:00,50.97,50.97,50.94,50.97,1206
2025-03-27 19:21:00,50.9375,51.005,50.9375,51.0,4860
2025-03-27 19:22:00,50.97,51.04,50.96,51.04,2747
2025-03-27 19:23:00,51.03,51.05,51.01,51.01,499
2025-03-27 19:24:00,51.01,51.01,51.01,51.01,520
2025-03-27 19:25:00,51.01,51.02,50.97,51.01,1896
2025-03-27 19:26:00,50.971,51.01,50.971,50.99,398
2025-03-27 19:27:00,51.02,51.02,50.98,50.985,1637
2025-03-27 19:28:00,50.95,50.99,50.95,50.98,874
2025-03-27 19:29:00,51.0,51.0,50.9775,50.98,1183
2025-03-27 19:30:00,50.98,50.98,50.96,50.98,1479
2025-03-27 19:31:00,50.98,50.98,50.91,50.91,1225
2025-03-27 19:32:00,50.96,51.01,50.95,50.98,2770
2025-03-27 19:33:00,51.01,51.01,50.951,50.951,841
2025-03-27 19:34:00,50.95,50.965,50.925,50.93,1091
2025-03-27 19:35:00,50.945,50.97,50.92,50.93,1511
2025-03-27 19:36:00,50.91,50.93,50.905,50.93,1751
2025-03-27 19:37:00,50.89,50.93,50.89,50.93,865
2025-03-27 19:38:00,50.92,50.93,50.905,50.93,634
2025-03-27 19:39:00,50.93,50.93,50.905,50.92,424
2025-03-27 19:40:00,50.905,50.92,50.88,50.88,759
2025-03-27 19:41:00,50.92,50.96,50.92,50.94,2505
2025-03-27 19:42:00,50.8901,50.925,50.8901,50.91,1415
2025-03-27 19:43:00,50.95,50.95,50.95,50.95,333
2025-03-27 19:44:00,50.89,50.89,50.83,50.83,619
2025-03-27 19:45:00,50.875,50.88,50.875,50.88,429
2025-03-27 19:46:00,50.83,50.84,50.83,50.831,919
2025-03-27 19:47:00,50.83,50.83,50.795,50.805,1818
2025-03-27 19:48:00,50.805,50.805,50.805,50.805,1619
2025-03-27 19:49:00,50.76,50.86,50.76,50.83,4696
2025-03-27 19:50:00,50.89,50.89,50.89,50.89,1164
2025-03-27 19:51:00,50.84,50.85,50.83,50.85,2549
2025-03-27 19:52:00,50.83,50.83,50.83,50.83,247
2025-03-27 19:53:00,50.82,50.82,50.82,50.82,530
2025-03-27 19:54:00,50.82,50.9,50.81,50.9,2620
2025-03-27 19:55:00,50.91,50.95,50.91,50.95,987
2025-03-27 19:56:00,50.95,50.95,50.85,50.88,3934
2025-03-27 19:57:00,50.83,50.86,50.79,50.79,6355
2025-03-27 19:58:00,50.79,50.79,50.76,50.78,14344
2025-03-27 19:59:00,50.77,50.79,50.73,50.73,16008
2025-03-27 20:00:00,50.72,50.72,50.72,50.72,2976
2025-03-28 10:58:00,49.89,49.89,49.89,49.89,234
2025-03-28 11:01:00,50.01,50.01,50.01,50.01,101
2025-03-28 11:38:00,49.7,49.7,49.7,49.7,357
2025-03-28 11:49:00,49.8,49.8,49.8,49.8,350
2025-03-28 12:36:00,49.97,49.97,49.97,49.97,119
2025-03-28 13:30:00,49.58,49.79,49.58,49.79,3935
2025-03-28 13:31:00,49.57,49.812,49.57,49.812,1382
2025-03-28 13:32:00,49.79,49.79,49.79,49.79,252
2025-03-28 13:34:00,49.79,49.79,49.68,49.68,284
2025-03-28 13:35:00,49.68,49.68,49.68,49.68,434
2025-03-28 13:36:00,49.67,49.67,49.67,49.67,840
2025-03-28 13:38:00,49.7,49.7,49.7,49.7,1040
2025-03-28 13:40:00,49.81,49.81,49.81,49.81,127
2025-03-28 13:47:00,49.56,49.56,49.56,49.56,644
2025-03-28 13:52:00,49.59,49.59,49.59,49.59,100
2025-03-28 13:53:00,49.6,49.6,49.6,49.6,620
2025-03-28 13:58:00,49.53,49.53,49.53,49.53,352
2025-03-28 13:59:00,49.4,49.4,49.325,49.325,1322
2025-03-28 14:00:00,49.28,49.28,49.28,49.28,296
2025-03-28 14:01:00,49.26,49.26,49.24,49.24,328
2025-03-28 14:05:00,49.245,49.245,49.245,49.245,601
2025-03-28 14:06:00,49.15,49.15,49.15,49.15,201
2025-03-28 14:07:00,49.13,49.13,49.03,49.03,881
2025-03-28 14:08:00,49.025,49.025,49.025,49.025,112
2025-03-28 14:10:00,49.14,49.14,48.95,48.955,5572
2025-03-28 14:14:00,48.73,48.73,48.73,48.73,338
2025-03-28 14:15:00,48.8,48.8,48.755,48.755,1438
2025-03-28 14:16:00,48.75,48.75,48.63,48.63,428
2025-03-28 14:17:00,48.7,48.7,48.631,48.631,401
2025-03-28 14:23:00,48.671,48.671,48.671,48.671,103
2025-03-28 14:24:00,48.69,48.69,48.68,48.69,570
2025-03-28 14:25:00,48.68,48.68,48.68,48.68,250
2025-03-28 14:26:00,48.73,48.73,48.73,48.73,423
2025-03-28 14:27:00,48.745,48.78,48.745,48.75,599
2025-03-28 14:28:00,48.745,48.745,48.745,48.745,156
2025-03-28 14:29:00,48.81,48.88,48.745,48.85,4992
2025-03-28 14:30:00,48.9789,48.9789,48.9789,48.9789,422
2025-03-28 14:33:00,48.83,48.845,48.83,48.845,1277
2025-03-28 14:34:00,48.81,48.81,48.81,48.81,315
2025-03-28 14:35:00,48.845,48.845,48.845,48.845,240
2025-03-28 14:40:00,48.91,48.91,48.91,48.91,138
2025-03-28 14:41:00,48.85,48.85,48.79,48.79,1883
2025-03-28 14:42:00,48.8,48.8,48.8,48.8,265
2025-03-28 14:45:00,48.87,48.87,48.78,48.8,1062
2025-03-28 14:47:00,48.74,48.76,48.73,48.76,840
2025-03-28 14:48:00,48.745,48.745,48.745,48.745,192
2025-03-28 14:49:00,48.72,48.72,48.72,48.72,224
2025-03-28 14:51:00,48.79,48.82,48.79,48.8,2080
2025-03-28 14:52:00,48.81,48.81,48.81,48.81,118
2025-03-28 14:55:00,48.77,48.77,48.73,48.77,1793
2025-03-28 14:56:00,48.72,48.72,48.72,48.72,489
2025-03-28 15:00:00,48.67,48.67,48.67,48.67,173
2025-03-28 15:01:00,48.6,48.64,48.6,48.64,512
2025-03-28 15:03:00,48.63,48.63,48.62,48.62,252
2025-03-28 15:06:00,48.665,48.665,48.665,48.665,158
2025-03-28 15:07:00,48.66,48.66,48.66,48.66,101
2025-03-28 15:09:00,48.68,48.68,48.68,48.68,221
2025-03-28 15:10:00,48.69,48.74,48.69,48.74,1511
2025-03-28 15:14:00,48.765,48.765,48.765,48.765,178
2025-03-28 15:15:00,48.7,48.71,48.7,48.71,200
2025-03-28 15:18:00,48.765,48.765,48.765,48.765,118
2025-03-28 15:20:00,48.68,48.81,48.68,48.81,645
2025-03-28 15:23:00,48.854,48.854,48.854,48.854,126
2025-03-28 15:24:00,48.69,48.69,48.69,48.69,117
2025-03-28 15:25:00,48.77,48.77,48.77,48.77,197
2025-03-28 15:26:00,48.85,48.85,48.85,48.85,185
2025-03-28 15:27:00,48.84,48.87,48.84,48.8499,2545
2025-03-28 15:28:00,48.79,48.79,48.76,48.76,2030
2025-03-28 15:30:00,48.76,48.805,48.76,48.76,5558
2025-03-28 15:32:00,48.805,48.805,48.805,48.805,453
2025-03-28 15:36:00,48.8157,48.8157,48.8157,48.8157,232
2025-03-28 15:37:00,48.89,48.89,48.89,48.89,107
2025-03-28 15:38:00,48.85,48.94,48.85,48.89,2450
2025-03-28 15:40:00,48.97,48.97,48.9,48.9,744
2025-03-28 15:41:00,48.9,48.9,48.87,48.87,1725
2025-03-28 15:43:00,48.83,48.85,48.82,48.85,1059
2025-03-28 15:44:00,48.8,48.8,48.8,48.8,300
2025-03-28 15:45:00,48.82,48.82,48.82,48.82,771
2025-03-28 15:46:00,48.789,48.789,48.789,48.789,101
2025-03-28 15:47:00,48.78,48.78,48.78,48.78,143
2025-03-28 15:48:00,48.77,48.8246,48.75,48.75,1083
2025-03-28 15:50:00,48.775,48.775,48.775,48.775,209
2025-03-28 15:52:00,48.75,48.93,48.75,48.83,13864
2025-03-28 15:54:00,48.77,48.78,48.76,48.78,1818
2025-03-28 16:01:00,48.795,48.81,48.795,48.81,457
2025-03-28 16:02:00,48.79,48.79,48.79,48.79,259
2025-03-28 16:03:00,48.77,48.83,48.77,48.83,207
2025-03-28 16:04:00,48.8,48.8,48.8,48.8,746
2025-03-28 16:05:00,48.81,48.84,48.81,48.81,1486
2025-03-28 16:06:00,48.85,48.86,48.82,48.82,845
2025-03-28 16:07:00,48.89,48.89,48.83,48.83,354
2025-03-28 16:08:00,48.86,48.86,48.82,48.82,408
2025-03-28 16:09:00,48.82,48.82,48.78,48.78,1506
2025-03-28 16:10:00,48.78,48.78,48.78,48.78,412
2025-03-28 16:11:00,48.77,48.77,48.735,48.74,929
2025-03-28 16:12:00,48.75,48.75,48.75,48.75,691
2025-03-28 16:13:00,48.73,48.73,48.73,48.73,502
2025-03-28 16:15:00,48.7,48.7,48.67,48.67,536
2025-03-28 16:16:00,48.6702,48.6702,48.59,48.59,1420
2025-03-28 16:17:00,48.56,48.56,48.56,48.56,200
2025-03-28 16:18:00,48.56,48.56,48.56,48.56,361
2025-03-28 16:21:00,48.53,48.53,48.5113,48.5113,2125
2025-03-28 16:23:00,48.52,48.52,48.51,48.51,727
2025-03-28 16:25:00,48.535,48.535,48.535,48.535,392
2025-03-28 16:27:00,48.535,48.5791,48.531,48.531,2872
2025-03-28 16:28:00,48.54,48.55,48.54,48.55,365
2025-03-28 16:29:00,48.57,48.62,48.57,48.595,2576
2025-03-28 16:30:00,48.63,48.685,48.63,48.68,1196
2025-03-28 16:31:00,48.63,48.63,48.6,48.6,1133
2025-03-28 16:32:00,48.59,48.59,48.59,48.59,262
2025-03-28 16:33:00,48.57,48.57,48.57,48.57,326
2025-03-28 16:34:00,48.57,48.57,48.57,48.57,225
2025-03-28 16:35:00,48.561,48.561,48.561,48.561,223
2025-03-28 16:36:00,48.57,48.57,48.57,48.57,373
2025-03-28 16:37:00,48.57,48.57,48.57,48.57,234
2025-03-28 16:38:00,48.59,48.62,48.59,48.62,476
2025-03-28 16:39:00,48.57,48.6,48.57,48.6,529
2025-03-28 16:40:00,48.56,48.56,48.54,48.54,1364
2025-03-28 16:41:00,48.51,48.51,48.51,48.51,203
2025-03-28 16:43:00,48.5,48.5,48.485,48.485,433
2025-03-28 16:44:00,48.52,48.52,48.52,48.52,228
2025-03-28 16:45:00,48.51,48.51,48.5,48.5,1293
2025-03-28 16:47:00,48.51,48.51,48.51,48.51,506
2025-03-28 16:48:00,48.56,48.56,48.56,48.56,253
2025-03-28 16:49:00,48.53,48.54,48.5,48.5,843
2025-03-28 16:50:00,48.54,48.615,48.54,48.6,2358
2025-03-28 16:51:00,48.61,48.61,48.61,48.61,154
2025-03-28 16:52:00,48.64,48.64,48.64,48.64,174
2025-03-28 16:53:00,48.66,48.66,48.58,48.59,769
2025-03-28 16:54:00,48.61,48.65,48.61,48.61,469
2025-03-28 16:55:00,48.56,48.56,48.55,48.55,1557
2025-03-28 16:56:00,48.59,48.59,48.55,48.55,1022
2025-03-28 16:57:00,48.54,48.55,48.53,48.53,583
2025-03-28 16:59:00,48.5,48.5,48.5,48.5,392
2025-03-28 17:03:00,48.46,48.46,48.46,48.46,115
2025-03-28 17:05:00,48.4644,48.48,48.4644,48.48,439
2025-03-28 17:06:00,48.44,48.44,48.44,48.44,306
2025-03-28 17:08:00,48.44,48.46,48.44,48.46,210
2025-03-28 17:10:00,48.48,48.48,48.48,48.48,347
2025-03-28 17:11:00,48.455,48.455,48.455,48.455,100
2025-03-28 17:12:00,48.47,48.47,48.47,48.47,101
2025-03-28 17:13:00,48.48,48.48,48.48,48.48,384
2025-03-28 17:14:00,48.46,48.46,48.46,48.46,118
2025-03-28 17:15:00,48.44,48.44,48.42,48.435,2511
2025-03-28 17:16:00,48.45,48.45,48.3,48.3536,18518
2025-03-28 17:17:00,48.39,48.4,48.3,48.3,9567
2025-03-28 17:18:00,48.3,48.37,48.3,48.37,3009
2025-03-28 17:19:00,48.37,48.4387,48.35,48.4387,774
2025-03-28 17:23:00,48.365,48.365,48.32,48.33,1258
2025-03-28 17:24:00,48.36,48.45,48.36,48.45,4625
2025-03-28 17:26:00,48.44,48.48,48.44,48.48,652
2025-03-28 17:27:00,48.48,48.5,48.48,48.48,331
2025-03-28 17:28:00,48.45,48.46,48.45,48.46,291
2025-03-28 17:29:00,48.46,48.47,48.43,48.46,1770
2025-03-28 17:30:00,48.47,48.5,48.47,48.5,360
2025-03-28 17:31:00,48.5,48.5,48.5,48.5,257
2025-03-28 17:32:00,48.5,48.54,48.5,48.52,1343
2025-03-28 17:33:00,48.56,48.56,48.56,48.56,329
2025-03-28 17:34:00,48.515,48.53,48.51,48.53,388
2025-03-28 17:35:00,48.54,48.54,48.54,48.54,271
2025-03-28 17:36:00,48.53,48.53,48.495,48.52,309
2025-03-28 17:37:00,48.53,48.56,48.53,48.56,1027
2025-03-28 17:38:00,48.535,48.535,48.535,48.535,266
2025-03-28 17:39:00,48.55,48.56,48.55,48.56,893
2025-03-28 17:40:00,48.58,48.58,48.58,48.58,276
2025-03-28 17:41:00,48.58,48.58,48.575,48.575,806
2025-03-28 17:42:00,48.59,48.59,48.59,48.59,703
2025-03-28 17:44:00,48.61,48.61,48.61,48.61,245
2025-03-28 17:45:00,48.56,48.57,48.56,48.57,201
2025-03-28 17:46:00,48.541,48.541,48.541,48.541,230
2025-03-28 17:47:00,48.5899,48.59,48.5899,48.59,669
2025-03-28 17:48:00,48.63,48.66,48.63,48.655,1225
2025-03-28 17:49:00,48.645,48.645,48.645,48.645,106
2025-03-28 17:50:00,48.6,48.6,48.56,48.56,1146
2025-03-28 17:51:00,48.55,48.55,48.55,48.55,107
2025-03-28 17:57:00,48.62,48.64,48.61,48.64,1293
2025-03-28 17:58:00,48.63,48.63,48.5,48.57,13582
2025-03-28 17:59:00,48.55,48.6,48.55,48.6,516
2025-03-28 18:00:00,48.62,48.62,48.62,48.62,369
2025-03-28 18:02:00,48.675,48.675,48.67,48.67,500
2025-03-28 18:04:00,48.656,48.656,48.63,48.63,1824
2025-03-28 18:06:00,48.665,48.665,48.665,48.665,420
2025-03-28 18:07:00,48.63,48.63,48.6,48.6,2166
2025-03-28 18:09:00,48.65,48.66,48.65,48.66,801
2025-03-28 18:12:00,48.65,48.66,48.65,48.655,361
2025-03-28 18:15:00,48.67,48.67,48.65,48.65,248
2025-03-28 18:16:00,48.645,48.68,48.61,48.611,2671
2025-03-28 18:17:00,48.64,48.64,48.64,48.64,290
2025-03-28 18:19:00,48.63,48.63,48.63,48.63,610
2025-03-28 18:20:00,48.655,48.655,48.655,48.655,308
2025-03-28 18:21:00,48.69,48.69,48.68,48.68,237
2025-03-28 18:22:00,48.655,48.68,48.64,48.64,416
2025-03-28 18:23:00,48.67,48.67,48.67,48.67,113
2025-03-28 18:24:00,48.62,48.62,48.61,48.61,1919
2025-03-28 18:25:00,48.61,48.61,48.59,48.59,1246
2025-03-28 18:27:00,48.55,48.55,48.55,48.55,107
2025-03-28 18:29:00,48.595,48.595,48.595,48.595,225
2025-03-28 18:30:00,48.561,48.63,48.561,48.62,1463
2025-03-28 18:31:00,48.6,48.6,48.6,48.6,518
2025-03-28 18:32:00,48.63,48.66,48.63,48.66,1354
2025-03-28 18:33:00,48.66,48.66,48.66,48.66,124
2025-03-28 18:34:00,48.67,48.67,48.67,48.67,582
2025-03-28 18:35:00,48.65,48.65,48.65,48.65,1210
2025-03-28 18:36:00,48.62,48.62,48.62,48.62,543
2025-03-28 18:38:00,48.59,48.59,48.575,48.575,783
2025-03-28 18:44:00,48.53,48.53,48.53,48.53,251
2025-03-28 18:45:00,48.58,48.59,48.56,48.59,1436
2025-03-28 18:46:00,48.56,48.56,48.56,48.56,830
2025-03-28 18:48:00,48.53,48.57,48.53,48.57,941
2025-03-28 18:50:00,48.575,48.575,48.575,48.575,101
2025-03-28 18:51:00,48.6,48.62,48.57,48.57,2157
2025-03-28 18:55:00,48.61,48.61,48.61,48.61,426
2025-03-28 18:56:00,48.61,48.61,48.595,48.595,1074
2025-03-28 18:58:00,48.615,48.615,48.61,48.61,361
2025-03-28 19:00:00,48.61,48.64,48.61,48.64,214
2025-03-28 19:01:00,48.6,48.61,48.6,48.6,1358
2025-03-28 19:04:00,48.61,48.64,48.61,48.64,384
2025-03-28 19:05:00,48.65,48.69,48.65,48.69,1833
2025-03-28 19:06:00,48.67,48.67,48.65,48.67,2800
2025-03-28 19:07:00,48.67,48.68,48.67,48.68,696
2025-03-28 19:08:00,48.7,48.7,48.7,48.7,139
2025-03-28 19:10:00,48.63,48.63,48.59,48.6,1721
2025-03-28 19:11:00,48.61,48.61,48.61,48.61,375
2025-03-28 19:12:00,48.665,48.665,48.5,48.565,14943
2025-03-28 19:13:00,48.575,48.575,48.575,48.575,178
2025-03-28 19:15:00,48.54,48.57,48.525,48.565,1062
2025-03-28 19:16:00,48.565,48.565,48.565,48.565,231
2025-03-28 19:17:00,48.52,48.5303,48.52,48.5303,1002
2025-03-28 19:21:00,48.49,48.49,48.45,48.45,1382
2025-03-28 19:22:00,48.45,48.51,48.45,48.5,1122
2025-03-28 19:23:00,48.53,48.54,48.53,48.54,908
2025-03-28 19:24:00,48.55,48.58,48.55,48.58,1397
2025-03-28 19:25:00,48.61,48.61,48.5925,48.61,1181
2025-03-28 19:26:00,48.62,48.62,48.61,48.62,1119
2025-03-28 19:27:00,48.63,48.65,48.57,48.57,4755
2025-03-28 19:28:00,48.555,48.58,48.5,48.58,5819
2025-03-28 19:29:00,48.565,48.585,48.565,48.585,780
2025-03-28 19:31:00,48.57,48.57,48.545,48.545,855
2025-03-28 19:32:00,48.58,48.59,48.545,48.56,1592
2025-03-28 19:33:00,48.56,48.57,48.56,48.56,1048
2025-03-28 19:34:00,48.52,48.57,48.52,48.57,1364
2025-03-28 19:35:00,48.57,48.61,48.53,48.61,4706
2025-03-28 19:36:00,48.64,48.64,48.6,48.63,1026
2025-03-28 19:37:00,48.62,48.65,48.62,48.65,1266
2025-03-28 19:38:00,48.63,48.67,48.63,48.65,2295
2025-03-28 19:39:00,48.69,48.7,48.675,48.7,1066
2025-03-28 19:40:00,48.7,48.71,48.68,48.71,1690
2025-03-28 19:41:00,48.685,48.71,48.67,48.68,2214
2025-03-28 19:42:00,48.72,48.72,48.6606,48.72,2211
2025-03-28 19:43:00,48.72,48.72,48.6,48.62,6459
2025-03-28 19:44:00,48.61,48.67,48.605,48.66,2984
2025-03-28 19:45:00,48.65,48.66,48.62,48.62,1659
2025-03-28 19:46:00,48.64,48.66,48.62,48.655,2578
2025-03-28 19:47:00,48.65,48.68,48.65,48.68,1763
2025-03-28 19:48:00,48.7,48.7,48.65,48.65,3104
2025-03-28 19:49:00,48.67,48.7,48.67,48.7,2454
2025-03-28 19:50:00,48.7,48.7,48.65,48.66,4449
2025-03-28 19:51:00,48.63,48.67,48.6,48.66,3786
2025-03-28 19:52:00,48.65,48.66,48.59,48.62,3802
2025-03-28 19:53:00,48.62,48.67,48.605,48.66,4187
2025-03-28 19:54:00,48.67,48.73,48.63,48.73,3431
2025-03-28 19:55:00,48.69,48.79,48.69,48.78,7800
2025-03-28 19:56:00,48.78,48.79,48.72,48.76,10048
2025-03-28 19:57:00,48.745,48.76,48.71,48.73,6848
2025-03-28 19:58:00,48.72,48.73,48.685,48.685,12942
2025-03-28 19:59:00,48.7,48.76,48.66,48.76,17557
